{
"type": "FeatureCollection",
"name": "weinzierl_am_walde",
"crs": { "type": "name", "properties": { "name": "urn:ogc:def:crs:OGC:1.3:CRS84" } },
"features": [
{ "type": "Feature", "properties": { "name": "Weinzierl am Walde", "metric_roundness": 33.57, "metric_rectangularity": 59.41, "metric_mobile_fit": 63.11, "metric_aspect_ratio": 0.931, "metric_area_km2": 100.84 }, "geometry": { "type": "Polygon", "coordinates": [ [ [ 15.419761825675762, 48.409866921622395 ], [ 15.419736868274883, 48.409858009988241 ], [ 15.419909982202283, 48.40966667445862 ], [ 15.419938718703415, 48.409625219309731 ], [ 15.419974093402073, 48.409574107475741 ], [ 15.420084054625903, 48.409415394402892 ], [ 15.420221473257788, 48.409217048462068 ], [ 15.420212019885261, 48.409123457759968 ], [ 15.420184191340132, 48.408849154725885 ], [ 15.420203546715896, 48.408776194112967 ], [ 15.420272170540699, 48.40851753187949 ], [ 15.420373402119059, 48.408340168610927 ], [ 15.420384506423702, 48.408320624109571 ], [ 15.420390461403676, 48.408297392542401 ], [ 15.420392894667513, 48.40828736115661 ], [ 15.42042505917953, 48.408160092935461 ], [ 15.420413244421953, 48.408158684657309 ], [ 15.42039124277836, 48.408156018935479 ], [ 15.42031342310907, 48.408146613456893 ], [ 15.420144885076658, 48.408126323449579 ], [ 15.41979518075185, 48.408084258940399 ], [ 15.419257395270884, 48.408016492829809 ], [ 15.418892255364156, 48.408020591759389 ], [ 15.418800125405021, 48.408021608923619 ], [ 15.418508033449546, 48.408077669285277 ], [ 15.418299756820954, 48.4081175641046 ], [ 15.417846462517799, 48.40818109277464 ], [ 15.41761474561671, 48.40817929428303 ], [ 15.417552151692597, 48.408178792957386 ], [ 15.417506862439112, 48.408178432342467 ], [ 15.417426663073021, 48.408170327190838 ], [ 15.417068268304661, 48.408133898615006 ], [ 15.416719534981656, 48.408075611089359 ], [ 15.416033947568353, 48.407868030499365 ], [ 15.41574772877148, 48.407781359911596 ], [ 15.415554685611566, 48.407722989088413 ], [ 15.415344789808456, 48.407679045671763 ], [ 15.414868163050901, 48.407555729750101 ], [ 15.414820093541595, 48.40754336032154 ], [ 15.414107880270537, 48.407385732988701 ], [ 15.413892458551953, 48.407368969695028 ], [ 15.413779355993988, 48.407050206330652 ], [ 15.413752441571765, 48.4070496965372 ], [ 15.41374523215654, 48.407051894660619 ], [ 15.413693959559298, 48.407067385878356 ], [ 15.41349943643104, 48.407126642631781 ], [ 15.413362851325077, 48.407168129630101 ], [ 15.41321859892996, 48.407156754659759 ], [ 15.412975914342702, 48.407137506413157 ], [ 15.412817551827102, 48.407067625241496 ], [ 15.41271357381833, 48.407026018124064 ], [ 15.412574981749538, 48.40697054101976 ], [ 15.412278895693731, 48.406849935355794 ], [ 15.41206552291918, 48.406763037438083 ], [ 15.412048838780716, 48.406754786596075 ], [ 15.411661244241799, 48.406563105777657 ], [ 15.411625763375492, 48.406554559897067 ], [ 15.411307136632546, 48.406478263869708 ], [ 15.411235063736665, 48.406430148421897 ], [ 15.411152580670922, 48.406375199880181 ], [ 15.411073148283705, 48.4063221765158 ], [ 15.41089193466798, 48.406201410940987 ], [ 15.410757233755078, 48.406111489898379 ], [ 15.41070828304025, 48.406073760014877 ], [ 15.410561274608204, 48.405960033145277 ], [ 15.410533800194436, 48.405938837087497 ], [ 15.410292065163896, 48.40584884182816 ], [ 15.410167764054966, 48.40580246545818 ], [ 15.41005903091917, 48.405753382336115 ], [ 15.410027925762513, 48.405739359255051 ], [ 15.409732971404736, 48.405606219867977 ], [ 15.409608547976655, 48.4055500372259 ], [ 15.409557208848989, 48.405526836236433 ], [ 15.409548264892575, 48.405522856324517 ], [ 15.409531343302964, 48.405508670649489 ], [ 15.409507850819072, 48.405489023134102 ], [ 15.409467447627739, 48.405455459677739 ], [ 15.40942144057219, 48.40541695703714 ], [ 15.409345096652453, 48.405353259872989 ], [ 15.409259383735371, 48.405281721132191 ], [ 15.409235463172033, 48.40526487057538 ], [ 15.409225618788577, 48.405258657152316 ], [ 15.409166986542838, 48.405222088716414 ], [ 15.408969358536751, 48.405106291324444 ], [ 15.408937110274536, 48.405087339376536 ], [ 15.408900984902083, 48.405062697657407 ], [ 15.408883752337205, 48.405050856915935 ], [ 15.408849155796446, 48.405027267744245 ], [ 15.408844704497573, 48.405024107648401 ], [ 15.408838870288097, 48.405020162333862 ], [ 15.408795901662003, 48.405003470639535 ], [ 15.408775856964878, 48.404995639055599 ], [ 15.408728415441143, 48.404975247740126 ], [ 15.408647413617221, 48.40494024678371 ], [ 15.40863528853188, 48.404917607468207 ], [ 15.408609120463851, 48.4048683138341 ], [ 15.40857653428213, 48.404807256956396 ], [ 15.408469452068102, 48.404731868737144 ], [ 15.408390599146362, 48.404676313840966 ], [ 15.408201560164274, 48.404612820993847 ], [ 15.407883992072192, 48.404495106028861 ], [ 15.40786907205811, 48.404402781508757 ], [ 15.407850021788077, 48.404284975993363 ], [ 15.407819594352585, 48.404230539071463 ], [ 15.407725971443567, 48.404062770858495 ], [ 15.40777839213929, 48.40394117485635 ], [ 15.407822012215808, 48.403745051552598 ], [ 15.407875487986077, 48.403575657088652 ], [ 15.407819252387288, 48.403524648500429 ], [ 15.407753192659982, 48.403464546607701 ], [ 15.407874934579864, 48.403342887451153 ], [ 15.407835549439374, 48.403024697075509 ], [ 15.407907739679834, 48.402840122914327 ], [ 15.40792894426319, 48.402785937444783 ], [ 15.407939738273633, 48.402758571356436 ], [ 15.407939701759629, 48.402750923663184 ], [ 15.407940190373587, 48.402651936418394 ], [ 15.407940409801407, 48.402566451033294 ], [ 15.408046225678339, 48.402260074905811 ], [ 15.408062168463303, 48.402226318580126 ], [ 15.408131700136147, 48.402079943214844 ], [ 15.408135068343718, 48.402072954801767 ], [ 15.408153133469952, 48.402034841641772 ], [ 15.408280865861236, 48.401877353073012 ], [ 15.408420830505499, 48.401704799935395 ], [ 15.408509389514766, 48.401628540563813 ], [ 15.408515395453938, 48.401623304820696 ], [ 15.408566202878589, 48.401579480168841 ], [ 15.408655330919345, 48.401487104027808 ], [ 15.408686078372908, 48.401455243719745 ], [ 15.408700447535081, 48.401429433572339 ], [ 15.40875138940072, 48.401338456612201 ], [ 15.408670558170893, 48.401159393762107 ], [ 15.408644596554851, 48.401101728217853 ], [ 15.408603665329093, 48.401011126167035 ], [ 15.408551159028104, 48.400894725646623 ], [ 15.408614957626035, 48.400827814740623 ], [ 15.408628445364736, 48.400813717752932 ], [ 15.40885316845568, 48.400578109129214 ], [ 15.40860356787379, 48.400116270725405 ], [ 15.408598945318879, 48.400081890389586 ], [ 15.408566200029629, 48.399834936269848 ], [ 15.408560494658614, 48.399766832454127 ], [ 15.408348377509745, 48.39957561819233 ], [ 15.408387725069682, 48.399310195114531 ], [ 15.408420999021748, 48.399085371339986 ], [ 15.408438193948125, 48.399079486622789 ], [ 15.408465783952801, 48.399069997695385 ], [ 15.4083088544125, 48.397960628324107 ], [ 15.408356576997923, 48.397732218086958 ], [ 15.40840375030127, 48.39750696689746 ], [ 15.40841101946504, 48.397475974178725 ], [ 15.408423034566612, 48.397425191241162 ], [ 15.408460223311273, 48.397254196054526 ], [ 15.408546292008678, 48.397038600494746 ], [ 15.408549576857537, 48.397029543972963 ], [ 15.408580492207939, 48.396944681931124 ], [ 15.408585212169786, 48.396870363823226 ], [ 15.408592773152625, 48.396752354491241 ], [ 15.408694621436315, 48.396532698783538 ], [ 15.408745690574547, 48.396471952818416 ], [ 15.408784394569878, 48.39635896806849 ], [ 15.408802037875146, 48.396344077216035 ], [ 15.408819812582891, 48.396329094041484 ], [ 15.408828845339116, 48.396294920561552 ], [ 15.408837392122052, 48.396262105440208 ], [ 15.408843141796428, 48.396257234139519 ], [ 15.40886274180292, 48.396240598820505 ], [ 15.408887994254446, 48.396112286719145 ], [ 15.409007558467819, 48.396041233592754 ], [ 15.409033166681782, 48.395972302443681 ], [ 15.409099317961472, 48.39591704664052 ], [ 15.409102325982619, 48.395914563622021 ], [ 15.4091747487477, 48.39585397726475 ], [ 15.409284567360443, 48.395647856103153 ], [ 15.409299775087867, 48.395619421410593 ], [ 15.409328005747673, 48.395454253979331 ], [ 15.409373389322957, 48.395447147482137 ], [ 15.409386548939773, 48.395445113617676 ], [ 15.409397577351699, 48.395427011117832 ], [ 15.409403661242788, 48.395417004927786 ], [ 15.409411906909121, 48.395403630964836 ], [ 15.409443483731646, 48.395352139709871 ], [ 15.409425568567583, 48.395323214842364 ], [ 15.409406059957702, 48.395291618911216 ], [ 15.409329925337687, 48.395168800570723 ], [ 15.409341416348578, 48.395111728129841 ], [ 15.409348057932615, 48.395078586934176 ], [ 15.409352900116421, 48.395054475853108 ], [ 15.409381400742095, 48.394912878539337 ], [ 15.409408289491644, 48.394899442653603 ], [ 15.409413191284127, 48.394897015894585 ], [ 15.409457566602438, 48.394874900497271 ], [ 15.409537031531606, 48.394737344827888 ], [ 15.409574802821437, 48.394671886182685 ], [ 15.409590834946053, 48.394610143829802 ], [ 15.40961738346922, 48.394507452910027 ], [ 15.409632355550313, 48.394449598595116 ], [ 15.409653703539979, 48.394405847745624 ], [ 15.409695161148511, 48.394321157485642 ], [ 15.40970454018505, 48.39419465732292 ], [ 15.409706096980649, 48.394172854227911 ], [ 15.409669125047973, 48.394106746631003 ], [ 15.409610021270623, 48.394000901552701 ], [ 15.409618075288181, 48.393908707697847 ], [ 15.409620741908167, 48.393877526828646 ], [ 15.409624086540527, 48.39383967530059 ], [ 15.409641959923, 48.393631951081211 ], [ 15.40946607134749, 48.393369998563593 ], [ 15.409483609268813, 48.39324479282196 ], [ 15.409505752322032, 48.393086212139515 ], [ 15.409592023921039, 48.393054352688281 ], [ 15.40963355938697, 48.393038946324623 ], [ 15.409669050278451, 48.39293690592757 ], [ 15.409694245289661, 48.392864472594226 ], [ 15.409703934549253, 48.392836585951109 ], [ 15.409722717385664, 48.392782802847755 ], [ 15.409641951490917, 48.392635412299327 ], [ 15.409636121560629, 48.392624808359216 ], [ 15.409675742847469, 48.392588650447848 ], [ 15.409766852535618, 48.392505685495998 ], [ 15.409774951310943, 48.392451642695853 ], [ 15.40977849347744, 48.392428814441338 ], [ 15.409783386521596, 48.392395884264772 ], [ 15.409788520704701, 48.392362229946066 ], [ 15.40980431165754, 48.392257480868004 ], [ 15.409992107943905, 48.392042051757421 ], [ 15.41001505530166, 48.391950672342851 ], [ 15.410039735317055, 48.391851973603032 ], [ 15.410152025670646, 48.391707713967918 ], [ 15.410169882127642, 48.391684720755087 ], [ 15.410204073890867, 48.391671514500494 ], [ 15.410288682888835, 48.391638694282207 ], [ 15.410290990290871, 48.391635593833463 ], [ 15.410304053529655, 48.391617724900591 ], [ 15.410290410713356, 48.39150675132818 ], [ 15.410452406526806, 48.391399218177781 ], [ 15.41043945613275, 48.391332412965056 ], [ 15.410560981876456, 48.391199505944556 ], [ 15.410620773485604, 48.391134104462616 ], [ 15.410710256839504, 48.391108305588467 ], [ 15.41079412759289, 48.391084046324629 ], [ 15.410960659213801, 48.39084730876607 ], [ 15.410964397072856, 48.390738545032839 ], [ 15.41096638932895, 48.390677142442591 ], [ 15.410779862821968, 48.390019014424247 ], [ 15.410758301574237, 48.389943004566796 ], [ 15.410580179156621, 48.389699269399443 ], [ 15.410419865055703, 48.389350568734443 ], [ 15.410231583070281, 48.388941178780421 ], [ 15.410001767027437, 48.388752352065609 ], [ 15.40998290664321, 48.388736851254627 ], [ 15.409961497920946, 48.388691522086255 ], [ 15.409896802010126, 48.388553923260531 ], [ 15.409774882812084, 48.388205707709268 ], [ 15.409833191482939, 48.387938505182056 ], [ 15.409884328811817, 48.387866239508256 ], [ 15.40998838834134, 48.387719066839182 ], [ 15.409737354253672, 48.387664509448861 ], [ 15.409726605933251, 48.387514522269122 ], [ 15.409703725006903, 48.387193516932406 ], [ 15.409693045031528, 48.387203425068975 ], [ 15.409685098936837, 48.387210765051918 ], [ 15.409678193117076, 48.38721709671821 ], [ 15.409631180648327, 48.387260854831915 ], [ 15.40954991968033, 48.387336536165421 ], [ 15.409521011240544, 48.387363505334825 ], [ 15.409490034508536, 48.387389431546637 ], [ 15.409281671525831, 48.387539720417251 ], [ 15.40799021407865, 48.388470523615304 ], [ 15.407831846125511, 48.388584197714565 ], [ 15.4077820763326, 48.388619905762461 ], [ 15.407624101651653, 48.388733302616799 ], [ 15.406592386209402, 48.389461960072374 ], [ 15.40584259155753, 48.389991508794488 ], [ 15.405670557457446, 48.390118379846001 ], [ 15.40556557939604, 48.390195829301909 ], [ 15.405515419289451, 48.390316305272584 ], [ 15.405507774423606, 48.390317700848051 ], [ 15.405350322858979, 48.390346592978624 ], [ 15.404963265232491, 48.39041762585461 ], [ 15.404904264561535, 48.390459075375418 ], [ 15.404899665396133, 48.390462306405809 ], [ 15.404548564674084, 48.390709331617067 ], [ 15.404192750814493, 48.390794833747371 ], [ 15.404060406443891, 48.390826607537186 ], [ 15.40362458809498, 48.391100598639014 ], [ 15.403539455448517, 48.391137292444412 ], [ 15.403490049548273, 48.391158595131778 ], [ 15.403434406205374, 48.391182707943109 ], [ 15.403162539565507, 48.391299919569853 ], [ 15.403112128844704, 48.391323129521361 ], [ 15.402818948673097, 48.391458084881705 ], [ 15.402362814107429, 48.391579104259435 ], [ 15.4014288207139, 48.390399286744383 ], [ 15.401168930593261, 48.39041730250063 ], [ 15.401126509643058, 48.390424083406764 ], [ 15.40105481559733, 48.390435342492239 ], [ 15.400656890362185, 48.390498275422274 ], [ 15.400390925536842, 48.390702387344895 ], [ 15.400204518680823, 48.390845251403235 ], [ 15.400196918219192, 48.390851144876542 ], [ 15.400017928963992, 48.390905786007011 ], [ 15.399971302762216, 48.390868190524195 ], [ 15.399841198301877, 48.390763329032886 ], [ 15.399835550191284, 48.390757220448442 ], [ 15.399823258640776, 48.390743761185846 ], [ 15.399653886386368, 48.39055888259837 ], [ 15.39957464266015, 48.390472465475845 ], [ 15.399483766964567, 48.390443212196111 ], [ 15.399245916672513, 48.390366983261529 ], [ 15.398907338801463, 48.390258345354681 ], [ 15.398475185324433, 48.390140745911587 ], [ 15.398226271625006, 48.390030968091196 ], [ 15.397962917952267, 48.389914786833984 ], [ 15.397714555330175, 48.389737512661419 ], [ 15.397492658437635, 48.389641112080426 ], [ 15.397298073091699, 48.389463964915883 ], [ 15.397024905368303, 48.389321770913376 ], [ 15.39634116827167, 48.388965937730362 ], [ 15.396246221718823, 48.388925956322005 ], [ 15.39620609838525, 48.388909029885546 ], [ 15.395589292650699, 48.388649277523498 ], [ 15.395566109453171, 48.388643838761872 ], [ 15.395530242111143, 48.388635384999183 ], [ 15.394880148265194, 48.38848257479961 ], [ 15.394782578957882, 48.388444528187762 ], [ 15.394068998518357, 48.388166323017032 ], [ 15.393784274221639, 48.387886205533896 ], [ 15.393778087142735, 48.387880106189812 ], [ 15.393768954060855, 48.387871269498525 ], [ 15.393616001285272, 48.387338047094552 ], [ 15.393460064209497, 48.386794259420888 ], [ 15.393436458392284, 48.386649267652743 ], [ 15.393390906096084, 48.386370412374639 ], [ 15.393389638882608, 48.386362336497847 ], [ 15.392940204092074, 48.386254020515594 ], [ 15.392830443949304, 48.386320205342599 ], [ 15.392689949022747, 48.386405018973896 ], [ 15.39258029460253, 48.38647048183725 ], [ 15.392421680196811, 48.386565063075857 ], [ 15.39214127688798, 48.38668500942795 ], [ 15.392050555816017, 48.386723863128474 ], [ 15.39173214826004, 48.386815595625833 ], [ 15.391506301500831, 48.386880768917742 ], [ 15.390906584178614, 48.387049448428748 ], [ 15.390123428275533, 48.387388544352312 ], [ 15.390038119709024, 48.38735972555439 ], [ 15.390026619004123, 48.387355879271027 ], [ 15.38973838405702, 48.387258654709385 ], [ 15.389496782575366, 48.38743738736526 ], [ 15.389213664528482, 48.387604884021457 ], [ 15.38911387796999, 48.387663870858972 ], [ 15.388432326024521, 48.387796368105036 ], [ 15.388428034621873, 48.38779716357849 ], [ 15.388408774120061, 48.388053677486525 ], [ 15.386138697556833, 48.387615775330772 ], [ 15.38607164713072, 48.38760444837866 ], [ 15.386035743392323, 48.387598421845588 ], [ 15.385668347667341, 48.387453451475309 ], [ 15.385138459274513, 48.387244303799015 ], [ 15.385098611390081, 48.387230788026265 ], [ 15.385091353077295, 48.387228306304515 ], [ 15.385074629611756, 48.387218792687271 ], [ 15.384922200203141, 48.387132483932191 ], [ 15.384731810912703, 48.38676682369983 ], [ 15.384633266649104, 48.38671753835721 ], [ 15.384608734533982, 48.386705282665609 ], [ 15.384299429885294, 48.38669299711443 ], [ 15.384275070683696, 48.386671470329624 ], [ 15.384246934704176, 48.38664668069034 ], [ 15.384031348350371, 48.386456294482358 ], [ 15.383994387081113, 48.386423561749183 ], [ 15.383441499496424, 48.386097206632542 ], [ 15.383404984249299, 48.38607571342898 ], [ 15.383461514866738, 48.385893229040178 ], [ 15.383400034692984, 48.385797401019957 ], [ 15.383375127171922, 48.385758607450427 ], [ 15.383360296373427, 48.385735473275673 ], [ 15.383338696866989, 48.385701750425568 ], [ 15.383315946177408, 48.385666248201019 ], [ 15.383204964891856, 48.385650743034979 ], [ 15.382918886423242, 48.385610781562328 ], [ 15.382824751570713, 48.385133920216568 ], [ 15.382000985912349, 48.385017744512481 ], [ 15.381658433325413, 48.384912636612398 ], [ 15.381635736274504, 48.384905746902319 ], [ 15.381626027236273, 48.384902768138502 ], [ 15.381612623573544, 48.384898594548012 ], [ 15.381591020711056, 48.38489204553052 ], [ 15.381490508520557, 48.384850890412388 ], [ 15.381189946323326, 48.384728127281662 ], [ 15.381138591018752, 48.384707073976585 ], [ 15.380832838088608, 48.384705694680179 ], [ 15.380643547583723, 48.384704789272469 ], [ 15.380439631319963, 48.384696132074659 ], [ 15.380111902550443, 48.384682179522549 ], [ 15.379990931939206, 48.384677014471947 ], [ 15.379937482211192, 48.384674713325168 ], [ 15.379610950547089, 48.384653449950086 ], [ 15.378749351941279, 48.384519559454333 ], [ 15.376453820997481, 48.384104773814386 ], [ 15.376395952906632, 48.38410002902814 ], [ 15.376346486177345, 48.384095946835039 ], [ 15.376245790768236, 48.384087633295522 ], [ 15.376117177349897, 48.384077019384186 ], [ 15.375857105228675, 48.384055571038587 ], [ 15.375831219164553, 48.384053415052215 ], [ 15.375799372237688, 48.384050823591693 ], [ 15.37578423224174, 48.384043710407624 ], [ 15.375774598346441, 48.384039200183665 ], [ 15.375707157576722, 48.384007538675277 ], [ 15.375671648632066, 48.3839908844216 ], [ 15.37563793007461, 48.383975098601269 ], [ 15.375576269077749, 48.38394612517407 ], [ 15.375447252878269, 48.383887648087949 ], [ 15.375370921060938, 48.383853172754236 ], [ 15.375144980728601, 48.38376211023855 ], [ 15.375121635085375, 48.383752441251062 ], [ 15.374664448013599, 48.383535045509305 ], [ 15.374548719703389, 48.383474355258848 ], [ 15.374423428239398, 48.383359574207766 ], [ 15.374407255223092, 48.38334681017669 ], [ 15.374395263114907, 48.383337302227595 ], [ 15.37423799240641, 48.38319599670816 ], [ 15.37420269853023, 48.383164221572592 ], [ 15.374124503400573, 48.383075609947099 ], [ 15.374117576886125, 48.383067812915215 ], [ 15.373983422281984, 48.382930331545886 ], [ 15.373970897711034, 48.382917593584018 ], [ 15.373964720434799, 48.382915092265826 ], [ 15.373930274744097, 48.382901388237258 ], [ 15.373656190706194, 48.382798478246002 ], [ 15.373603256483074, 48.382771510625076 ], [ 15.373173751752928, 48.382570631084242 ], [ 15.373148073524364, 48.382556593487763 ], [ 15.37301568291474, 48.382484315860246 ], [ 15.372899275640638, 48.382396011962776 ], [ 15.372862792778806, 48.382368306343345 ], [ 15.372737585706416, 48.382255501626794 ], [ 15.372658947399517, 48.382121276817955 ], [ 15.372499995492054, 48.381851416653681 ], [ 15.372660372347601, 48.381797592923782 ], [ 15.372648772614474, 48.38177746026706 ], [ 15.372380883983302, 48.381310558831963 ], [ 15.372374935066803, 48.381300135175088 ], [ 15.37230953706616, 48.381028818566477 ], [ 15.372282576291109, 48.380917084630262 ], [ 15.372273572888474, 48.380866853116395 ], [ 15.372262458286231, 48.380756191766501 ], [ 15.372254605098876, 48.380676876500146 ], [ 15.37223769205346, 48.380508189266578 ], [ 15.372228277534878, 48.380413244721822 ], [ 15.372229563024952, 48.380380739353178 ], [ 15.371718372327983, 48.3804303485513 ], [ 15.37164597931994, 48.380437372890221 ], [ 15.371589019946555, 48.380479579611361 ], [ 15.369330538710029, 48.382150110130645 ], [ 15.369165784159797, 48.382092790177055 ], [ 15.369127848359469, 48.38207959559584 ], [ 15.369103197743161, 48.382067608730587 ], [ 15.368854358550118, 48.381946790746667 ], [ 15.3687652934718, 48.381904345286557 ], [ 15.368739307324107, 48.381892741581112 ], [ 15.368707062073035, 48.381924617556535 ], [ 15.368562760789308, 48.382067865356248 ], [ 15.368473874020273, 48.38214670976739 ], [ 15.368335511452628, 48.382265828904984 ], [ 15.368309923655595, 48.382291829837271 ], [ 15.368302135726767, 48.382299884007573 ], [ 15.368240962206537, 48.38236213810675 ], [ 15.368095236608401, 48.382510448999049 ], [ 15.367986177860303, 48.3826328354548 ], [ 15.367838789948955, 48.382811048374442 ], [ 15.367676476581295, 48.38301507582036 ], [ 15.367665018389069, 48.383025983359147 ], [ 15.367434253579271, 48.38325154016232 ], [ 15.367263063525074, 48.383418829981075 ], [ 15.367255655486131, 48.383426247584879 ], [ 15.367114586354099, 48.383421689776192 ], [ 15.367101220606317, 48.383449366810595 ], [ 15.367005869084519, 48.383645656674595 ], [ 15.36699426936819, 48.383670153589939 ], [ 15.366965845673226, 48.383730576012304 ], [ 15.366952753280103, 48.383758338235637 ], [ 15.366919094635456, 48.383829919483794 ], [ 15.366866398751396, 48.383901742746517 ], [ 15.366690618003419, 48.384141365597351 ], [ 15.366618047436793, 48.384240259358506 ], [ 15.366426507929949, 48.384673613441493 ], [ 15.366331846564163, 48.384825710377143 ], [ 15.366218707414879, 48.384999184663009 ], [ 15.366024283379081, 48.385142672820763 ], [ 15.365884415096708, 48.38542323886626 ], [ 15.36586162306487, 48.385468896043427 ], [ 15.365854822383602, 48.385474593338017 ], [ 15.365793474125326, 48.38552569148721 ], [ 15.365530410091839, 48.385744518538075 ], [ 15.365312804831291, 48.385934209128976 ], [ 15.365265127753592, 48.385975710832632 ], [ 15.365214885338224, 48.38600349029609 ], [ 15.365102238514247, 48.386065829594997 ], [ 15.364899983622081, 48.386154564423002 ], [ 15.364859747141926, 48.386172271615742 ], [ 15.364497725420415, 48.386269007877907 ], [ 15.364450804129127, 48.386281612535115 ], [ 15.364011511835892, 48.386550474833157 ], [ 15.363838903950903, 48.386716613952402 ], [ 15.363814566384406, 48.386740162544989 ], [ 15.363553227866738, 48.386948247126618 ], [ 15.363478867808469, 48.387032773030825 ], [ 15.363411103105946, 48.387109805720257 ], [ 15.363219736205254, 48.38727995956112 ], [ 15.363210854270758, 48.387360016192723 ], [ 15.362840730659794, 48.387677518397126 ], [ 15.363305675875182, 48.387796926845056 ], [ 15.363361031464546, 48.387947579057766 ], [ 15.363444356433886, 48.388194742468379 ], [ 15.363553923425926, 48.388370454939924 ], [ 15.363610585741425, 48.388461427716123 ], [ 15.363635263735368, 48.388470625890989 ], [ 15.363641846182091, 48.388473120698578 ], [ 15.363897958559699, 48.388568808777698 ], [ 15.364212206112805, 48.388686248743113 ], [ 15.364320505913007, 48.388716035470118 ], [ 15.364705911517389, 48.388822157066883 ], [ 15.364786597318208, 48.388864301716794 ], [ 15.364925078500587, 48.388936752395772 ], [ 15.365222316658024, 48.389267648031741 ], [ 15.36524575193509, 48.389307100718469 ], [ 15.365532585474288, 48.389775395956391 ], [ 15.365401186209938, 48.390024320097893 ], [ 15.365398413872844, 48.390029407270106 ], [ 15.365059663067958, 48.390120790273592 ], [ 15.36498092470185, 48.390142047555663 ], [ 15.364644927909099, 48.390152219672999 ], [ 15.364537309470085, 48.39025685098207 ], [ 15.364513357924148, 48.39027994303796 ], [ 15.364360966338921, 48.390427914374968 ], [ 15.364265256822062, 48.390712027359363 ], [ 15.364268192008723, 48.390893465187517 ], [ 15.364270476610429, 48.391034243536062 ], [ 15.364302356690207, 48.391202760068253 ], [ 15.363923735774843, 48.391490179638083 ], [ 15.364654418653449, 48.391704743234925 ], [ 15.364737324531639, 48.391737941290138 ], [ 15.364875270328062, 48.391793125306414 ], [ 15.364932097111163, 48.391815889988202 ], [ 15.364965178585598, 48.39182917054903 ], [ 15.365033233651884, 48.391862627111124 ], [ 15.365096471592999, 48.391893828087888 ], [ 15.365351151010691, 48.392017881721415 ], [ 15.365802335726285, 48.392195107499489 ], [ 15.36587575064847, 48.392223971189736 ], [ 15.366106422903114, 48.392314609277584 ], [ 15.366118419839943, 48.392320788719687 ], [ 15.366176610538069, 48.392350727407148 ], [ 15.366488940834589, 48.392511475161839 ], [ 15.366821388017923, 48.392699315130038 ], [ 15.366822429396867, 48.392732679420853 ], [ 15.366827573376106, 48.392894463104987 ], [ 15.366833589799599, 48.393081875760707 ], [ 15.366967676124665, 48.393224314930045 ], [ 15.367145044074515, 48.393412608617702 ], [ 15.36717402738685, 48.393441886432242 ], [ 15.367182467692835, 48.393450377284076 ], [ 15.367241032621013, 48.393465732232315 ], [ 15.367257414746755, 48.393470035491831 ], [ 15.367282941885353, 48.393476698688914 ], [ 15.367460285644713, 48.393578431929797 ], [ 15.36747549093354, 48.393587164687268 ], [ 15.367547011150632, 48.393636485782025 ], [ 15.367568397612875, 48.393651229328391 ], [ 15.36758284235427, 48.39366123505296 ], [ 15.367695611761402, 48.393739079938086 ], [ 15.367860912607808, 48.394073889935441 ], [ 15.368007978364503, 48.394127111667814 ], [ 15.368059515745419, 48.39414582808795 ], [ 15.368227238853121, 48.394222713709283 ], [ 15.367994293429978, 48.39510848803404 ], [ 15.367958616548073, 48.395403703576129 ], [ 15.368169127332344, 48.395479392959921 ], [ 15.368436652784851, 48.395575592239837 ], [ 15.369109106950845, 48.395819218544055 ], [ 15.369928339558374, 48.395960850648976 ], [ 15.369941262190066, 48.395963054443392 ], [ 15.369988333672719, 48.395971230429879 ], [ 15.370095559779921, 48.396062486848116 ], [ 15.370120443427176, 48.396083647400353 ], [ 15.36999203514458, 48.396154454254663 ], [ 15.369853124188593, 48.396243350288977 ], [ 15.369763137219183, 48.396257068780699 ], [ 15.369576848945746, 48.396285425610564 ], [ 15.369501945399714, 48.396297890782868 ], [ 15.369231183735012, 48.396342748364191 ], [ 15.369021708811923, 48.396379337258338 ], [ 15.369000104646833, 48.396383133559603 ], [ 15.368838555386448, 48.396418705663116 ], [ 15.368010269546145, 48.396727121449807 ], [ 15.368001751080108, 48.396754443871323 ], [ 15.368021551122911, 48.3967666056081 ], [ 15.368116241932146, 48.396824340142373 ], [ 15.368155007229463, 48.396848048282379 ], [ 15.368615937007295, 48.397003768535868 ], [ 15.368792726726106, 48.397063579054915 ], [ 15.368839066196637, 48.39720763738022 ], [ 15.368903717466175, 48.397408423110676 ], [ 15.368917873780038, 48.397452266009431 ], [ 15.368899519831603, 48.397459694717277 ], [ 15.368873188204219, 48.397470411934961 ], [ 15.368444418292938, 48.39764453623787 ], [ 15.368257028666536, 48.397720599189761 ], [ 15.367852152117541, 48.397399597178087 ], [ 15.367610592865663, 48.397208015241695 ], [ 15.367191910464429, 48.396972102460282 ], [ 15.367174820293092, 48.396967001710571 ], [ 15.366785273432138, 48.396843143773587 ], [ 15.366545263848423, 48.396783622552604 ], [ 15.366349059664685, 48.396738543813136 ], [ 15.366264116473925, 48.396719059209779 ], [ 15.366054595666318, 48.396672052586972 ], [ 15.365620458536855, 48.396589278760317 ], [ 15.365487352978302, 48.396564784144395 ], [ 15.365451424225526, 48.396558211793092 ], [ 15.365152821807584, 48.396496379380601 ], [ 15.365054781930114, 48.396463355209185 ], [ 15.364836337717723, 48.39637142217736 ], [ 15.364818164156455, 48.396514176172474 ], [ 15.364792296859966, 48.396660573358687 ], [ 15.364750595958233, 48.396895786052696 ], [ 15.364734601684514, 48.397032113498874 ], [ 15.364700470786222, 48.397171096279116 ], [ 15.364637804037953, 48.397350706834693 ], [ 15.364634206307482, 48.397372634485649 ], [ 15.364924790605833, 48.398145265124157 ], [ 15.364963866802048, 48.398249140504731 ], [ 15.364829119219062, 48.398372149862325 ], [ 15.364811252553167, 48.398388567356662 ], [ 15.364594328510984, 48.398586700759502 ], [ 15.364440824212926, 48.398882436666682 ], [ 15.364364187015422, 48.39902980763047 ], [ 15.364172094840702, 48.399502574428148 ], [ 15.364116519932569, 48.399639230817129 ], [ 15.364104896832462, 48.39969423056872 ], [ 15.364014264914763, 48.400115021929182 ], [ 15.363986938166001, 48.400241558622795 ], [ 15.363873900927654, 48.400766305897811 ], [ 15.363804498246182, 48.400912200663548 ], [ 15.363645112245534, 48.401247718233918 ], [ 15.363639190056441, 48.401255199611754 ], [ 15.363287768113656, 48.401703923617589 ], [ 15.363280427471686, 48.401713139263592 ], [ 15.36325971001899, 48.401739593767687 ], [ 15.363585774033147, 48.401815260076383 ], [ 15.363694599640221, 48.40184053957087 ], [ 15.363752828824131, 48.401854012640982 ], [ 15.363786788433293, 48.401861969525193 ], [ 15.363841880037924, 48.401874687355452 ], [ 15.363846790799958, 48.401875861578823 ], [ 15.363852450883423, 48.401878912320889 ], [ 15.36400280388032, 48.401960335472126 ], [ 15.364126508989512, 48.402027285834841 ], [ 15.364157300279215, 48.402044025755785 ], [ 15.36420065189227, 48.402067475382772 ], [ 15.364316247015223, 48.402096505552102 ], [ 15.364397584061239, 48.40211686427201 ], [ 15.364639806634024, 48.402183999850408 ], [ 15.364707981686587, 48.402202967940248 ], [ 15.364927158068125, 48.402336998911935 ], [ 15.365110362446025, 48.402515026038387 ], [ 15.365138877471136, 48.402542602860031 ], [ 15.365504777549978, 48.402607042453447 ], [ 15.3658249411534, 48.402583918264199 ], [ 15.365876582663832, 48.4026807358577 ], [ 15.36590620075796, 48.402736366792965 ], [ 15.365929375361517, 48.402779332952008 ], [ 15.365970325340365, 48.402855101710713 ], [ 15.366065184311289, 48.403030347824888 ], [ 15.366068447789166, 48.403041178438386 ], [ 15.366139336179423, 48.403273529103686 ], [ 15.36615916451548, 48.403361993024618 ], [ 15.366172758624383, 48.403422492076054 ], [ 15.36617946519655, 48.403452158312888 ], [ 15.366183881810096, 48.40347169680787 ], [ 15.365990622844315, 48.403543448801472 ], [ 15.366020280062225, 48.403569115946858 ], [ 15.366034968339427, 48.403581816993423 ], [ 15.366085276197786, 48.403624040351048 ], [ 15.36624262426818, 48.403755997084886 ], [ 15.366310399479469, 48.40381285247657 ], [ 15.366480468827829, 48.403955564649621 ], [ 15.36647775240961, 48.403962090496933 ], [ 15.366427242602922, 48.404083183034814 ], [ 15.366423537735105, 48.404092065566616 ], [ 15.366417991035579, 48.404105659116738 ], [ 15.36647192094153, 48.404233119439802 ], [ 15.366542585922895, 48.404342832084978 ], [ 15.366513265844956, 48.404401379693979 ], [ 15.366451510976892, 48.404525187626511 ], [ 15.366558208330245, 48.404736758493947 ], [ 15.366553953254881, 48.404913821648698 ], [ 15.366553198117677, 48.404939298909063 ], [ 15.366635916447791, 48.404991214740996 ], [ 15.366708799245698, 48.405037003421313 ], [ 15.366840924586088, 48.405204400913384 ], [ 15.366833640944474, 48.405424706836939 ], [ 15.366829814940223, 48.405540486696289 ], [ 15.366835525100077, 48.40554479613359 ], [ 15.366918232018662, 48.405606699655422 ], [ 15.367008731603658, 48.405674315910154 ], [ 15.367059689913848, 48.405712388477696 ], [ 15.367123319184339, 48.405797749092464 ], [ 15.367361752250305, 48.405867644714128 ], [ 15.36736526727919, 48.40588485941764 ], [ 15.367366950197479, 48.405893288111734 ], [ 15.367393071521825, 48.406021412819626 ], [ 15.367625812710182, 48.406300428679636 ], [ 15.367701689363626, 48.406391334071223 ], [ 15.367729915321886, 48.406425213852671 ], [ 15.367838199549107, 48.406618490093777 ], [ 15.367887658030694, 48.406645880953079 ], [ 15.367980075696705, 48.406696906866351 ], [ 15.368025529442582, 48.406722118039561 ], [ 15.368043610722271, 48.406728281162465 ], [ 15.368250607475884, 48.406799353198728 ], [ 15.368522482587721, 48.407097300114359 ], [ 15.368668471023151, 48.407080986295391 ], [ 15.368877840379835, 48.407109275766373 ], [ 15.368918886367714, 48.40716668606089 ], [ 15.368989428582404, 48.407190649274497 ], [ 15.369304331970927, 48.407297537718669 ], [ 15.369335562598089, 48.407308150068829 ], [ 15.369368022859186, 48.407319100866289 ], [ 15.369376654989098, 48.407322099477199 ], [ 15.369400610062472, 48.407336707895304 ], [ 15.369508626569134, 48.40740284680701 ], [ 15.369608135624366, 48.40744169048476 ], [ 15.369617880066196, 48.407445479474809 ], [ 15.369696802257737, 48.407476314367521 ], [ 15.369739074436515, 48.407492762472771 ], [ 15.369969039857034, 48.407707667141807 ], [ 15.370235659681885, 48.407844369356177 ], [ 15.370251523643875, 48.40785255040187 ], [ 15.370257561582079, 48.407854874412372 ], [ 15.370425692871912, 48.407920322756063 ], [ 15.370523963340363, 48.4079585574476 ], [ 15.370693879332679, 48.408024694080765 ], [ 15.370879513991616, 48.408215357009091 ], [ 15.370895995482723, 48.40823234514 ], [ 15.370901485772558, 48.40823791793251 ], [ 15.370905995259722, 48.408242608064114 ], [ 15.37159691702302, 48.408401678678899 ], [ 15.371621136616994, 48.408412682865801 ], [ 15.37186717489911, 48.408524186968847 ], [ 15.371888093047604, 48.40853371914617 ], [ 15.371912032022742, 48.408544458240328 ], [ 15.371931436232943, 48.408553297032235 ], [ 15.371999962310223, 48.4085843120749 ], [ 15.372071107678293, 48.408616630991226 ], [ 15.372192946854927, 48.408663000442878 ], [ 15.372234797906865, 48.408679005130381 ], [ 15.372444998938347, 48.408759011816556 ], [ 15.37246791119882, 48.408767699224605 ], [ 15.372501940194049, 48.408780691271332 ], [ 15.372822451856418, 48.408878564473454 ], [ 15.373151721771402, 48.40897916300753 ], [ 15.373556366474675, 48.409250032771034 ], [ 15.374029101084091, 48.40941740379634 ], [ 15.374110378312199, 48.409446125058736 ], [ 15.374168352503748, 48.409572701387248 ], [ 15.374424765774286, 48.410131665175207 ], [ 15.374498340911373, 48.410321313715066 ], [ 15.374637244561526, 48.410679969743114 ], [ 15.374679967604449, 48.410789896563976 ], [ 15.374693073806952, 48.410824039273862 ], [ 15.374693794910799, 48.410832034800983 ], [ 15.374696444876328, 48.410861501595129 ], [ 15.374703986230784, 48.410946399936961 ], [ 15.374718827460089, 48.411113501461728 ], [ 15.374729411902198, 48.411186469299686 ], [ 15.374478545125614, 48.411155136944409 ], [ 15.374295599283398, 48.411074297061418 ], [ 15.374090592633832, 48.410941294986152 ], [ 15.374086434362543, 48.410938668350539 ], [ 15.373973350571257, 48.410816385226788 ], [ 15.373638570240679, 48.410446307750973 ], [ 15.373403768107142, 48.410664474253728 ], [ 15.373012206519661, 48.410482274587366 ], [ 15.372662912162237, 48.410319670077982 ], [ 15.372431228205242, 48.410260554451519 ], [ 15.37233878964757, 48.410315527708718 ], [ 15.371697555061319, 48.410227936189408 ], [ 15.371290476421612, 48.410306761356765 ], [ 15.371239419324773, 48.41037954652159 ], [ 15.370903028524172, 48.410914678932855 ], [ 15.370857490053774, 48.410986917611872 ], [ 15.370836508873964, 48.411020396323615 ], [ 15.370788866035543, 48.411008361372964 ], [ 15.370426871655717, 48.410931542115314 ], [ 15.370313025936557, 48.410909775465534 ], [ 15.370151516022588, 48.410878853200664 ], [ 15.370012343898704, 48.410852309642316 ], [ 15.369527747001644, 48.410768090131299 ], [ 15.369423096208596, 48.41074985128045 ], [ 15.368526418418142, 48.410593457314732 ], [ 15.367844299388443, 48.410486852514644 ], [ 15.367470490476764, 48.410435874244762 ], [ 15.367430133787241, 48.41043036934461 ], [ 15.367416180229206, 48.410429532884116 ], [ 15.366984402219598, 48.410402868317362 ], [ 15.36697925935723, 48.410402688029365 ], [ 15.366920388329282, 48.410400654951545 ], [ 15.366838909362565, 48.410397666229422 ], [ 15.366615999979592, 48.410389674214834 ], [ 15.366453525125197, 48.410368481433494 ], [ 15.366184683984516, 48.410333485565552 ], [ 15.365756684349558, 48.410248174375553 ], [ 15.365421436161002, 48.410191299044357 ], [ 15.365335959636822, 48.410186309396344 ], [ 15.365283131233166, 48.410183270460394 ], [ 15.36498351886816, 48.4101974863758 ], [ 15.364786566290208, 48.41022062144166 ], [ 15.36433548010424, 48.410242512008828 ], [ 15.363673263636127, 48.410243151257895 ], [ 15.363655972548717, 48.410243362201264 ], [ 15.362941398073099, 48.410249497404322 ], [ 15.362888670187772, 48.410255903413272 ], [ 15.362904967815869, 48.410275145291692 ], [ 15.362926523808582, 48.410300954120984 ], [ 15.363135280850905, 48.410550972488167 ], [ 15.363242635819407, 48.410679483908645 ], [ 15.363278989756083, 48.410765500957048 ], [ 15.363285983562307, 48.410781845388108 ], [ 15.363294025163231, 48.410800780972593 ], [ 15.363315187573427, 48.410850980836585 ], [ 15.36332769049085, 48.410880276332762 ], [ 15.363417288232929, 48.411372340975674 ], [ 15.363467040152502, 48.411506983297414 ], [ 15.363578190871376, 48.411807827695817 ], [ 15.36360661190818, 48.411884534898661 ], [ 15.36429966800468, 48.412919735064328 ], [ 15.364518301646697, 48.413128278785116 ], [ 15.364755614556858, 48.413354672580518 ], [ 15.36476735110644, 48.413398827751294 ], [ 15.364807511034483, 48.413550642467939 ], [ 15.364847191805682, 48.41370057595411 ], [ 15.364891787699269, 48.413868959454859 ], [ 15.364899266440453, 48.413897622424848 ], [ 15.36470390018863, 48.413975256551176 ], [ 15.364711034311542, 48.413988269232739 ], [ 15.364693840887581, 48.413990998011606 ], [ 15.364649511930466, 48.413997978339594 ], [ 15.364604916356136, 48.414005053271062 ], [ 15.364600615348238, 48.414005668024203 ], [ 15.364595514524421, 48.414006566638101 ], [ 15.364304589483194, 48.413888090508117 ], [ 15.364259396137314, 48.413869621759851 ], [ 15.364255550648037, 48.413868069082021 ], [ 15.364238519617839, 48.413861167245088 ], [ 15.36394361214216, 48.413741049962844 ], [ 15.363886196717951, 48.413717665005585 ], [ 15.363552921838822, 48.413608292113835 ], [ 15.363195871281293, 48.413492313607051 ], [ 15.362882359862173, 48.413376746374603 ], [ 15.362687203104405, 48.413325434024237 ], [ 15.362578628463211, 48.413296819732722 ], [ 15.362370642921073, 48.413238891611776 ], [ 15.362317758088516, 48.413224155039394 ], [ 15.361604387707098, 48.413038065964138 ], [ 15.361469062638989, 48.41300280738816 ], [ 15.361369187781703, 48.413109818555533 ], [ 15.361330531964315, 48.413151160841728 ], [ 15.361255694727063, 48.413231462916293 ], [ 15.361240907176654, 48.413247286253245 ], [ 15.361316667426241, 48.413262885388022 ], [ 15.361430450007012, 48.413286461484553 ], [ 15.361497488482671, 48.413300232584504 ], [ 15.361676025367547, 48.413393046067796 ], [ 15.361749928371792, 48.413392301099272 ], [ 15.361930832926383, 48.413390415487214 ], [ 15.361969163795505, 48.413413143460595 ], [ 15.361983140741822, 48.413421448406005 ], [ 15.362075511768927, 48.413471130079174 ], [ 15.362262052576094, 48.413571541675616 ], [ 15.362806300909295, 48.413956182442334 ], [ 15.362867606211868, 48.413999475523312 ], [ 15.362946843079571, 48.414045066020918 ], [ 15.363075625287742, 48.414116698161301 ], [ 15.363365715889467, 48.414516915038192 ], [ 15.363377164349437, 48.414584739709206 ], [ 15.363387079476206, 48.414644492977629 ], [ 15.363397158857278, 48.414701544026435 ], [ 15.363747401662073, 48.414908968816746 ], [ 15.363862249931774, 48.415076579889586 ], [ 15.363942369514309, 48.415182440067795 ], [ 15.363969476604618, 48.415194655282853 ], [ 15.364021490825436, 48.415218134218961 ], [ 15.363991111258818, 48.415353181039912 ], [ 15.363987435190056, 48.415369711111474 ], [ 15.363986506461133, 48.415373596357071 ], [ 15.363978795005997, 48.415407832475218 ], [ 15.363977424864604, 48.415414244805078 ], [ 15.363967517812174, 48.415457966891495 ], [ 15.363966944858864, 48.415460586243789 ], [ 15.363964870219794, 48.415469710193655 ], [ 15.363971698090575, 48.415567848033312 ], [ 15.363956409298794, 48.415667270574296 ], [ 15.363968430833012, 48.41569459481272 ], [ 15.363986708145353, 48.415736656647127 ], [ 15.364009724552316, 48.415789253475694 ], [ 15.36404255287572, 48.415864534098091 ], [ 15.364064916928486, 48.415897077035332 ], [ 15.364091299696449, 48.415935578590371 ], [ 15.364103920780424, 48.415954074473518 ], [ 15.364131305631865, 48.415993998236175 ], [ 15.364216540317281, 48.416051090751665 ], [ 15.364227511386154, 48.41605854797124 ], [ 15.364257773434765, 48.416078806284162 ], [ 15.364161769347167, 48.416115748948265 ], [ 15.364148591232032, 48.416120927143943 ], [ 15.364157499137088, 48.416134358869066 ], [ 15.36419616515099, 48.416193071749156 ], [ 15.364269887461429, 48.416304621714566 ], [ 15.364367768547883, 48.416453092223058 ], [ 15.364583279589706, 48.416788200031021 ], [ 15.364703851995561, 48.417066924150781 ], [ 15.36474680358052, 48.417165872646045 ], [ 15.364930754991834, 48.417588628520242 ], [ 15.365042820002786, 48.417977544174512 ], [ 15.365046876208657, 48.417991330245712 ], [ 15.365048758632891, 48.417997955882129 ], [ 15.365052839576004, 48.418012371372285 ], [ 15.365063768877523, 48.418063468848864 ], [ 15.36506558336294, 48.418071805260652 ], [ 15.365085332651457, 48.41816503908035 ], [ 15.365095285462878, 48.418211924562506 ], [ 15.365193703213457, 48.418508039819962 ], [ 15.365268348626042, 48.418632619947999 ], [ 15.365292358770024, 48.418672602197773 ], [ 15.36535514343961, 48.41877741357812 ], [ 15.365276090382661, 48.418894952547731 ], [ 15.36525885091984, 48.418920626704939 ], [ 15.365228288171224, 48.418961559283275 ], [ 15.365140713774815, 48.419078976593369 ], [ 15.364978359122928, 48.419291993369683 ], [ 15.364933501348869, 48.419350990497627 ], [ 15.364849957983941, 48.419478145018161 ], [ 15.364816530630193, 48.419528755040012 ], [ 15.364805944082663, 48.419544865545589 ], [ 15.364792949934625, 48.41956506699821 ], [ 15.36473724660026, 48.419650796509153 ], [ 15.364715586059175, 48.419684375664573 ], [ 15.364708953867577, 48.419694478737114 ], [ 15.364482730982852, 48.419771749296686 ], [ 15.364392292140874, 48.419802566539509 ], [ 15.364309539609696, 48.419815704123657 ], [ 15.364196562665981, 48.419833686661732 ], [ 15.364090571166575, 48.419850557753769 ], [ 15.364034683443412, 48.419859358517392 ], [ 15.363933391531962, 48.41987542784922 ], [ 15.363732917638915, 48.419913108195573 ], [ 15.363474599877613, 48.419961422286875 ], [ 15.363459572815318, 48.419964293106617 ], [ 15.363390733488812, 48.41997718796425 ], [ 15.363268618625492, 48.420000007447385 ], [ 15.363161001003583, 48.420020235173745 ], [ 15.363285416340531, 48.420035346683449 ], [ 15.363450170802391, 48.420055334907772 ], [ 15.363741374327512, 48.420090578500613 ], [ 15.363758756989826, 48.42009261547048 ], [ 15.363912644995988, 48.420111262497954 ], [ 15.364044394202372, 48.420127235344246 ], [ 15.364138790295732, 48.420138639391169 ], [ 15.3641991629157, 48.420192385531514 ], [ 15.364337408819505, 48.420315229363574 ], [ 15.364480417856367, 48.420442309091399 ], [ 15.364537848403238, 48.420493406919931 ], [ 15.364582127431284, 48.42049533548817 ], [ 15.364710225934026, 48.420500933649933 ], [ 15.364805228446725, 48.420507107862811 ], [ 15.364886395076418, 48.420573988411292 ], [ 15.365065213330052, 48.420721318995639 ], [ 15.365211198780949, 48.420841507668278 ], [ 15.365359551228913, 48.421028778872973 ], [ 15.365012431909756, 48.421493713154973 ], [ 15.364930624313688, 48.421603201561133 ], [ 15.364704780180812, 48.421683435037707 ], [ 15.364679825667935, 48.421794902802802 ], [ 15.364637873777619, 48.421982968120119 ], [ 15.364475068116011, 48.421933614598053 ], [ 15.364429921651366, 48.421926842234512 ], [ 15.364153611277853, 48.421885582392015 ], [ 15.363847196705079, 48.421862571485981 ], [ 15.363714300481941, 48.421879460417138 ], [ 15.36329004313068, 48.421933090484536 ], [ 15.363274709999956, 48.421935066808587 ], [ 15.363269462689665, 48.421935697960485 ], [ 15.363202970172807, 48.421949901499765 ], [ 15.36316430162714, 48.421966950205068 ], [ 15.3630831033406, 48.422002554391817 ], [ 15.362780509096448, 48.422135406685932 ], [ 15.362607747252897, 48.422211203634483 ], [ 15.362558045812426, 48.422233032887391 ], [ 15.362546071203653, 48.422237919994302 ], [ 15.362492452087819, 48.42225981734483 ], [ 15.36254364939828, 48.422365641341393 ], [ 15.362626034529658, 48.42253588729708 ], [ 15.362757073406531, 48.422709246097504 ], [ 15.362791576382634, 48.422754804914639 ], [ 15.362808481220858, 48.422803189176264 ], [ 15.362841218269956, 48.422896737126749 ], [ 15.362726771183647, 48.423097849488975 ], [ 15.362716776571206, 48.423115299135041 ], [ 15.362711807278227, 48.423377852209619 ], [ 15.362727782319848, 48.423509302589551 ], [ 15.362814376107671, 48.423690272566894 ], [ 15.362753488791292, 48.423788777927562 ], [ 15.362773722294241, 48.423935720461223 ], [ 15.362857615231203, 48.423937680626118 ], [ 15.363017544441645, 48.42394119755734 ], [ 15.363266646108301, 48.423933085566198 ], [ 15.363329022716922, 48.424017119942995 ], [ 15.363382246231454, 48.424136584996837 ], [ 15.363392358663347, 48.424249511759797 ], [ 15.363370263803386, 48.424340954123608 ], [ 15.363365608527175, 48.424360110497254 ], [ 15.363303035581533, 48.424408797489583 ], [ 15.363224067756093, 48.424425557415695 ], [ 15.36319149008002, 48.424432512544264 ], [ 15.362997815937664, 48.424395930882561 ], [ 15.362959373324811, 48.424411895799487 ], [ 15.362885940516149, 48.424442235920168 ], [ 15.362864999091803, 48.424473552640549 ], [ 15.362857338105348, 48.424485023134814 ], [ 15.362859626827056, 48.424526103384835 ], [ 15.36291458961583, 48.424717430972876 ], [ 15.362951822429652, 48.424860028756974 ], [ 15.362954848210753, 48.424871673301311 ], [ 15.36297830539119, 48.424935419801116 ], [ 15.363053662714227, 48.425071145967252 ], [ 15.363061814246445, 48.425085940572075 ], [ 15.363105238252793, 48.425238148258671 ], [ 15.363105908398511, 48.425296532463015 ], [ 15.363107701324779, 48.425435157698551 ], [ 15.363169172517049, 48.425768087578994 ], [ 15.363288566780538, 48.426140410058927 ], [ 15.363393093001063, 48.42631998783466 ], [ 15.363411067307522, 48.426350807611968 ], [ 15.363507822500452, 48.426477073427677 ], [ 15.36362665962848, 48.426632017949082 ], [ 15.363753433417916, 48.426717091182944 ], [ 15.36382938627812, 48.42676804701938 ], [ 15.364193517460972, 48.426920792344987 ], [ 15.364314346346012, 48.426971506797976 ], [ 15.364623388105842, 48.426974586047123 ], [ 15.364976670440411, 48.426940633097331 ], [ 15.365162717582381, 48.426875759017165 ], [ 15.365193395295673, 48.426865147341474 ], [ 15.365538821108995, 48.42674486038289 ], [ 15.365853234825686, 48.426678289631504 ], [ 15.366100614030024, 48.426605417486208 ], [ 15.366168371553032, 48.426585431773638 ], [ 15.3661746796313, 48.42658082297951 ], [ 15.366450648830526, 48.426375543915526 ], [ 15.366552683374264, 48.426350551867735 ], [ 15.366618427316522, 48.426334380052019 ], [ 15.367057229912254, 48.42622694800415 ], [ 15.367065528326123, 48.426224823865866 ], [ 15.367163187809004, 48.42617111446085 ], [ 15.36736577040786, 48.425966572169258 ], [ 15.367516454226806, 48.425807113495374 ], [ 15.36765519631135, 48.425660279780935 ], [ 15.36781304477835, 48.425583295895045 ], [ 15.368044484744283, 48.425352965273973 ], [ 15.368484021368728, 48.425085893173211 ], [ 15.368792028289946, 48.424915320940009 ], [ 15.369126689852608, 48.424834621183763 ], [ 15.369182606337558, 48.424829866607851 ], [ 15.369292014615864, 48.424820579634556 ], [ 15.369327921521009, 48.424822652530807 ], [ 15.369631733064871, 48.424840835955109 ], [ 15.369830312169556, 48.424929688565449 ], [ 15.369943018383625, 48.424980089111358 ], [ 15.37002379770612, 48.425016200325423 ], [ 15.370027100265593, 48.425017672320031 ], [ 15.370028489727355, 48.425022057013344 ], [ 15.370039559376339, 48.425055965642855 ], [ 15.370090750049132, 48.425212624440228 ], [ 15.370111981802928, 48.425391220961465 ], [ 15.370039610751791, 48.425475894049242 ], [ 15.369957541177746, 48.425558036991262 ], [ 15.369927127281462, 48.425650795636415 ], [ 15.369968963322863, 48.425865113898624 ], [ 15.369998406522081, 48.425950169507736 ], [ 15.370001754230934, 48.425959648792634 ], [ 15.370130293832268, 48.426219692435168 ], [ 15.370136321862892, 48.42623200424385 ], [ 15.370299269099194, 48.42653148754296 ], [ 15.370322428288658, 48.426583990593919 ], [ 15.370356410158189, 48.426660688870292 ], [ 15.370403898214413, 48.426767923984563 ], [ 15.370415919921195, 48.426812253434818 ], [ 15.370437895247681, 48.426893030333318 ], [ 15.370450717828428, 48.42695768090968 ], [ 15.370476412694918, 48.42708824088357 ], [ 15.370423481273829, 48.427354061114158 ], [ 15.370338365395327, 48.427599118182194 ], [ 15.370290042037849, 48.42766969484282 ], [ 15.370206428011301, 48.427791635200713 ], [ 15.370113439604456, 48.427953599485988 ], [ 15.370022349656855, 48.428112291324787 ], [ 15.369960510621706, 48.428237900471245 ], [ 15.36992606899239, 48.42836573081955 ], [ 15.369915205061492, 48.428405690807601 ], [ 15.369906206488185, 48.428578786105845 ], [ 15.369945374649781, 48.428642976937851 ], [ 15.369984258523704, 48.428706812804556 ], [ 15.370164587641328, 48.428829635317456 ], [ 15.370273986919893, 48.42889538963081 ], [ 15.37031358743145, 48.428922501744353 ], [ 15.370395921972344, 48.428915575983851 ], [ 15.370603175084335, 48.428898191606173 ], [ 15.370767168452092, 48.42888435141186 ], [ 15.371484947346898, 48.428589466400815 ], [ 15.371668173760108, 48.428319390623741 ], [ 15.371687592965712, 48.428290708272442 ], [ 15.371703310371327, 48.428267579252349 ], [ 15.371706880589754, 48.428262118193764 ], [ 15.371769057166853, 48.428165745120701 ], [ 15.371823586490667, 48.42802973514511 ], [ 15.371850298034799, 48.427963134468961 ], [ 15.372004000545738, 48.427897554705723 ], [ 15.372174459857952, 48.427824933609251 ], [ 15.372200282562918, 48.427824932370591 ], [ 15.372244219919438, 48.42782488458549 ], [ 15.372485731173542, 48.427884369643536 ], [ 15.372572387551617, 48.427911648563693 ], [ 15.372635084963644, 48.427931338007745 ], [ 15.372843593748733, 48.428058972797636 ], [ 15.373102946856818, 48.428217660908921 ], [ 15.373341824223854, 48.428631705138663 ], [ 15.37335895203938, 48.428661458525369 ], [ 15.373378807287059, 48.42892132892888 ], [ 15.373395963144951, 48.429147054708608 ], [ 15.373385382851295, 48.429183860848482 ], [ 15.373382171421655, 48.429194984323374 ], [ 15.373356966966577, 48.429238074640026 ], [ 15.373305430668522, 48.429326524417235 ], [ 15.373077606381766, 48.429716873416162 ], [ 15.372865949674539, 48.430143560480175 ], [ 15.372310040648202, 48.430706910202574 ], [ 15.371955441871377, 48.431167404809358 ], [ 15.372202562336698, 48.431361849992918 ], [ 15.372426486871907, 48.431413814482511 ], [ 15.37272632972523, 48.43144690624375 ], [ 15.372744392128922, 48.43144893006037 ], [ 15.372754984237938, 48.431450094649009 ], [ 15.373154483292543, 48.431455980043268 ], [ 15.373173008105756, 48.43145601619041 ], [ 15.373660210678507, 48.431457307723456 ], [ 15.373962022914945, 48.431458059695593 ], [ 15.374263628885334, 48.431398798969383 ], [ 15.374442322601446, 48.431356443498153 ], [ 15.374530332416718, 48.431335648954786 ], [ 15.374664686636546, 48.431303786245898 ], [ 15.37487014289237, 48.431107189055936 ], [ 15.374912225299502, 48.431066952447985 ], [ 15.374975566980394, 48.431017256122388 ], [ 15.374983567351629, 48.431010997643867 ], [ 15.374987236857825, 48.4310080541457 ], [ 15.375042371744692, 48.430966239480341 ], [ 15.375096450504616, 48.430925073111069 ], [ 15.375331943237821, 48.430766730223198 ], [ 15.375549232610734, 48.430637048537193 ], [ 15.375649648002964, 48.430557280159377 ], [ 15.37583291658088, 48.430411817164725 ], [ 15.376217453084305, 48.430083773998192 ], [ 15.376303856595962, 48.430056617704686 ], [ 15.376531152046152, 48.429985244877386 ], [ 15.377094177037337, 48.429883608743395 ], [ 15.37715284667069, 48.429876552770445 ], [ 15.377227896542689, 48.429883696435979 ], [ 15.377243366603711, 48.429885135101564 ], [ 15.377255444700667, 48.429886273254922 ], [ 15.377385911078722, 48.429971627336236 ], [ 15.377501526395141, 48.430047253786043 ], [ 15.377639041618632, 48.430273210430414 ], [ 15.37768666900676, 48.430383499554424 ], [ 15.377725251196287, 48.430487288695915 ], [ 15.377751384881149, 48.430522462376658 ], [ 15.378017787805119, 48.430691183944035 ], [ 15.378036369406731, 48.430702915517692 ], [ 15.378043295628338, 48.430700274777529 ], [ 15.378123345347156, 48.430669719302209 ], [ 15.37817542703702, 48.430649911334697 ], [ 15.3781909243143, 48.4305665896999 ], [ 15.378191926888903, 48.430561173426725 ], [ 15.378218231962556, 48.430419536336764 ], [ 15.378337468774824, 48.430306413688037 ], [ 15.378339943387537, 48.43030403088725 ], [ 15.378388674880483, 48.430264486252305 ], [ 15.378938987845039, 48.429817726487478 ], [ 15.378994417179852, 48.429783462888913 ], [ 15.379063709905928, 48.429764702497458 ], [ 15.37909327013872, 48.42975662614986 ], [ 15.379141425497272, 48.429743544954761 ], [ 15.379176447016153, 48.429736812509567 ], [ 15.379399852084461, 48.429693665468832 ], [ 15.37984338745645, 48.429698845705552 ], [ 15.379946593190823, 48.42970000521084 ], [ 15.379971076421258, 48.429700295694815 ], [ 15.380473767808111, 48.429983819550181 ], [ 15.380841305500663, 48.430234350896676 ], [ 15.380959753581747, 48.430316492749057 ], [ 15.381040212024818, 48.430364569310434 ], [ 15.381177882065588, 48.430399494866187 ], [ 15.381384862048876, 48.430405850534555 ], [ 15.381413427450131, 48.430406788915455 ], [ 15.381438491206726, 48.430414897044962 ], [ 15.382505416629964, 48.430759952431998 ], [ 15.382758648354624, 48.430892723323694 ], [ 15.382835144030288, 48.43093286017244 ], [ 15.383410884839128, 48.431577972519236 ], [ 15.384021455218139, 48.432262240656442 ], [ 15.38423172235334, 48.432726074626245 ], [ 15.384158468235924, 48.433507205741797 ], [ 15.384153397614241, 48.433560022246354 ], [ 15.384221783881822, 48.433678492041516 ], [ 15.385491148285377, 48.434199021124854 ], [ 15.38591458217436, 48.43445629234369 ], [ 15.386027447567807, 48.434601692309869 ], [ 15.386048684156382, 48.434629122194124 ], [ 15.386063396623577, 48.434703365668007 ], [ 15.386112527766466, 48.434953091775256 ], [ 15.386068828663488, 48.435177186970805 ], [ 15.386032898732928, 48.435232615762963 ], [ 15.385992563909653, 48.435272465747303 ], [ 15.385666643855361, 48.435526717503862 ], [ 15.38548286908299, 48.435648990214723 ], [ 15.385252246007111, 48.435783333501057 ], [ 15.385175513125333, 48.435972467424222 ], [ 15.385108391407332, 48.436138037931492 ], [ 15.385362923141754, 48.436323148026865 ], [ 15.385458721092157, 48.436392816733914 ], [ 15.385556187233636, 48.436463625754449 ], [ 15.385660465940065, 48.436484646815295 ], [ 15.386669741555233, 48.436395813595887 ], [ 15.387285279580023, 48.436341704110767 ], [ 15.387741387926614, 48.436671906383353 ], [ 15.388081125613731, 48.43692173519716 ], [ 15.388235601082892, 48.437035268025184 ], [ 15.388338509697277, 48.437140800655051 ], [ 15.388750692448744, 48.437563010614099 ], [ 15.388886760484812, 48.43770323043568 ], [ 15.388917922321045, 48.437735343862592 ], [ 15.38897490992821, 48.437821799371356 ], [ 15.389091322418219, 48.437998176541647 ], [ 15.389100987304916, 48.438026979397399 ], [ 15.389111958241665, 48.438044421961912 ], [ 15.389267509146274, 48.438293622067704 ], [ 15.389293506777754, 48.438335274093006 ], [ 15.389320657042614, 48.438378705380011 ], [ 15.389390434252968, 48.438467094898442 ], [ 15.389611107512899, 48.438701200801347 ], [ 15.389972404299867, 48.439084442469998 ], [ 15.390261901707895, 48.439318234339602 ], [ 15.390494803738786, 48.439546814400003 ], [ 15.390977846928308, 48.440015636423979 ], [ 15.391097549597017, 48.440070572693358 ], [ 15.39133750698349, 48.440180705075988 ], [ 15.391695604307611, 48.440306479615302 ], [ 15.39172413167306, 48.440316504064931 ], [ 15.391938013546914, 48.440376257206054 ], [ 15.392092818410442, 48.440419506087757 ], [ 15.392190504955435, 48.44044450680358 ], [ 15.392345170519432, 48.440484248652979 ], [ 15.392540274126343, 48.440486745704234 ], [ 15.392627135804188, 48.440487822779588 ], [ 15.392887432557501, 48.440443100166767 ], [ 15.393396211569387, 48.440355841200649 ], [ 15.393775835871516, 48.440153077864736 ], [ 15.393837388883117, 48.440136695022964 ], [ 15.394150779164363, 48.440141600284626 ], [ 15.394493878578908, 48.440243786820339 ], [ 15.39466338567288, 48.440421650580383 ], [ 15.39504812851953, 48.440825248137095 ], [ 15.395084116737344, 48.44086294337945 ], [ 15.395097944942979, 48.440877365647985 ], [ 15.395102463059061, 48.440882144689922 ], [ 15.395104693211479, 48.440924485195339 ], [ 15.395107115901801, 48.440968261955973 ], [ 15.395108336806045, 48.440992084705769 ], [ 15.395123910747328, 48.441077379227046 ], [ 15.395089546276678, 48.441283767081224 ], [ 15.395082764006421, 48.441323927313618 ], [ 15.395011780737082, 48.441429376114826 ], [ 15.394990926850884, 48.441513424438803 ], [ 15.394748695295794, 48.442492529173869 ], [ 15.394736115720029, 48.442543319208561 ], [ 15.394714969774672, 48.442575994879398 ], [ 15.39470809174524, 48.442586643813222 ], [ 15.394636382348899, 48.442697683767094 ], [ 15.39456480420076, 48.442808631369935 ], [ 15.394275653594034, 48.442937186920666 ], [ 15.394111155440202, 48.442905449215246 ], [ 15.393953333271268, 48.442874943115989 ], [ 15.393862122063455, 48.44285306873504 ], [ 15.393654159320995, 48.442803022146876 ], [ 15.393319988926757, 48.442735227142151 ], [ 15.393216914365331, 48.442714281435137 ], [ 15.392932335748664, 48.442659017045422 ], [ 15.39288947769526, 48.442659323287046 ], [ 15.392500789224492, 48.442662311028123 ], [ 15.392306986805908, 48.442723225580067 ], [ 15.39222016868669, 48.442750490623148 ], [ 15.39168798459108, 48.44290267108709 ], [ 15.391645586268201, 48.443009593111441 ], [ 15.391605654274645, 48.443110533056384 ], [ 15.391578273798819, 48.443292322167103 ], [ 15.391585744819023, 48.443507058704526 ], [ 15.391594552693808, 48.443758752740386 ], [ 15.391630654519346, 48.443823080566553 ], [ 15.391875829978408, 48.444260641038504 ], [ 15.391997980188496, 48.444417478729875 ], [ 15.392044308238283, 48.444507629822255 ], [ 15.392074498526144, 48.444566123188054 ], [ 15.392081641173272, 48.444619804250685 ], [ 15.392354740635167, 48.444926402731035 ], [ 15.392515682437313, 48.445218332945615 ], [ 15.392732025140324, 48.445610781158962 ], [ 15.392906373061708, 48.445869092393892 ], [ 15.393013600097575, 48.446027991860802 ], [ 15.393196727513905, 48.446224872572984 ], [ 15.393343987223576, 48.446787427677862 ], [ 15.393360889873763, 48.446814482816109 ], [ 15.393380966656233, 48.446846520725096 ], [ 15.393311404038919, 48.446981095910161 ], [ 15.393174260520773, 48.447059097395382 ], [ 15.393154154416512, 48.447070429478913 ], [ 15.392964373126066, 48.447178332382563 ], [ 15.392908563742205, 48.447210089487228 ], [ 15.392585685620983, 48.447402579722429 ], [ 15.39244846032198, 48.447682222858369 ], [ 15.39258054479077, 48.447782648292289 ], [ 15.392666039913911, 48.44784754418653 ], [ 15.392731876188963, 48.447897670457024 ], [ 15.393060922920496, 48.447992191494563 ], [ 15.393191855414692, 48.448029741827035 ], [ 15.393207318065448, 48.448034237858309 ], [ 15.393236096684486, 48.448036879338673 ], [ 15.393470555027449, 48.448058926057691 ], [ 15.394036539565201, 48.448112102225032 ], [ 15.394661778570176, 48.447840127890082 ], [ 15.394838892708462, 48.447468989571306 ], [ 15.395021875804362, 48.447085690143652 ], [ 15.395025365932677, 48.447078250290978 ], [ 15.395444283699421, 48.446750798903459 ], [ 15.395550126122876, 48.446668038851122 ], [ 15.395697763151293, 48.446666690600416 ], [ 15.39581065515557, 48.446665686045236 ], [ 15.395865783598401, 48.446715189964856 ], [ 15.396071846403494, 48.446900143923692 ], [ 15.396252772250179, 48.447095709248245 ], [ 15.397019202479695, 48.447924721121353 ], [ 15.397294102308861, 48.448011099655474 ], [ 15.397489559920034, 48.448072518478732 ], [ 15.398716617253015, 48.448141515736616 ], [ 15.398903554415991, 48.448141987653244 ], [ 15.398912002408721, 48.448143547778479 ], [ 15.399167426637792, 48.448189236401099 ], [ 15.399446437081004, 48.448435788687696 ], [ 15.399302910433864, 48.44874641443662 ], [ 15.399150582564474, 48.448847096250475 ], [ 15.398787018634188, 48.449087292281682 ], [ 15.398243998266272, 48.449233484560942 ], [ 15.397873612705471, 48.449340360446527 ], [ 15.397767513112758, 48.449460737935979 ], [ 15.398046343112119, 48.449868627646985 ], [ 15.398216583410404, 48.450141580286655 ], [ 15.398292349376007, 48.450247044487625 ], [ 15.398395604882337, 48.450390533126395 ], [ 15.398467863017974, 48.45057065122483 ], [ 15.398530486589232, 48.450865032096061 ], [ 15.398534324917977, 48.450883229785461 ], [ 15.398583254204667, 48.450960195485408 ], [ 15.398669329998238, 48.451039293405735 ], [ 15.398718057796483, 48.451084140385099 ], [ 15.398855885620442, 48.451097628339475 ], [ 15.39890721132444, 48.451102568924703 ], [ 15.398996968241367, 48.451111328483542 ], [ 15.399352222785538, 48.450980962791895 ], [ 15.399388082095959, 48.450967821277338 ], [ 15.399805925048593, 48.450907609413782 ], [ 15.39994899049737, 48.45089311010944 ], [ 15.400096226236579, 48.450885483131842 ], [ 15.400192473382914, 48.450883032560611 ], [ 15.400364874946803, 48.450878639860782 ], [ 15.400889479938492, 48.45083711198761 ], [ 15.401186878677155, 48.450686827138149 ], [ 15.401213079051894, 48.45068042453503 ], [ 15.401250454470167, 48.450665977890672 ], [ 15.401385237459317, 48.450613877589163 ], [ 15.402072651600946, 48.45055313837652 ], [ 15.402193590970116, 48.45054244750817 ], [ 15.402377044798106, 48.450512455079746 ], [ 15.40249859196723, 48.450504110555109 ], [ 15.40278595609287, 48.450484378010444 ], [ 15.403611938560374, 48.450543121257638 ], [ 15.403853151003503, 48.450674567344997 ], [ 15.404110805539432, 48.450896968439103 ], [ 15.404389638147547, 48.451255886466861 ], [ 15.404531045078802, 48.45165924364747 ], [ 15.404948456140341, 48.45262054563495 ], [ 15.404831608205891, 48.45296516631619 ], [ 15.404802815896881, 48.45304998682937 ], [ 15.404860931915863, 48.453136504702641 ], [ 15.404925092977065, 48.453232093086307 ], [ 15.404990072384694, 48.453314350121907 ], [ 15.405204382977486, 48.45358543133063 ], [ 15.405353572664053, 48.45377407790555 ], [ 15.405382810461129, 48.453848780943332 ], [ 15.405311002965146, 48.454021283931255 ], [ 15.405299411069041, 48.454049292927444 ], [ 15.405275278111205, 48.454152476390639 ], [ 15.405295733830714, 48.454254418742643 ], [ 15.405307674812629, 48.454305944375854 ], [ 15.405413195454146, 48.454501844183 ], [ 15.405434539034598, 48.454541595744374 ], [ 15.405435995342698, 48.454544179271466 ], [ 15.405853854876485, 48.454770436890399 ], [ 15.406405757735987, 48.454925569895373 ], [ 15.406922094147346, 48.454905604285941 ], [ 15.407281703233272, 48.454832993559634 ], [ 15.407464290907857, 48.454714398125105 ], [ 15.407777527093687, 48.454511061180121 ], [ 15.407964094344678, 48.454346775165767 ], [ 15.408155883126479, 48.454177807138812 ], [ 15.408237640617372, 48.454128665784253 ], [ 15.40834052705109, 48.45406673186956 ], [ 15.408506811152517, 48.453966690019548 ], [ 15.408549872957453, 48.453940910700332 ], [ 15.408651250706868, 48.453908786164575 ], [ 15.409049156861364, 48.453782941703068 ], [ 15.410090237839528, 48.453932599406734 ], [ 15.410511979248517, 48.454069962908392 ], [ 15.410888629503717, 48.454192650922991 ], [ 15.41157426425589, 48.454648967602296 ], [ 15.412187214358291, 48.455056816341063 ], [ 15.412820693683541, 48.455621578746246 ], [ 15.412967739440047, 48.455752757950968 ], [ 15.413205499624878, 48.456127872466489 ], [ 15.413227597015275, 48.456162660449877 ], [ 15.413296122681441, 48.456214977035998 ], [ 15.413310914791241, 48.456226230792723 ], [ 15.413313847626592, 48.456228517991001 ], [ 15.413413495399482, 48.456304574321727 ], [ 15.413473290569332, 48.456334911624921 ], [ 15.413674223999587, 48.45643696673033 ], [ 15.413760036321369, 48.456465040802073 ], [ 15.414040841330168, 48.456518163595291 ], [ 15.414070559928573, 48.456523842553793 ], [ 15.414321353125484, 48.456523692328361 ], [ 15.414515135988362, 48.456498553886696 ], [ 15.414652799589195, 48.456480623928755 ], [ 15.41491993322165, 48.456419355686307 ], [ 15.415270162249923, 48.456338879531508 ], [ 15.415671122100282, 48.456245080595757 ], [ 15.415916762771639, 48.456187612490623 ], [ 15.416509032830806, 48.456168499832593 ], [ 15.416752141566516, 48.45617909892178 ], [ 15.417112194344387, 48.456194718968696 ], [ 15.41712669088591, 48.456195270079554 ], [ 15.417162742830104, 48.456207043756088 ], [ 15.417319561131562, 48.456258232265284 ], [ 15.417769860258753, 48.456405048046534 ], [ 15.417950441127779, 48.456445014108162 ], [ 15.41859806837034, 48.456540525156761 ], [ 15.419485749002897, 48.456671334827938 ], [ 15.41995352455576, 48.456744857425612 ], [ 15.420247586482313, 48.456791070117653 ], [ 15.420396589268202, 48.456819449687622 ], [ 15.420516691055932, 48.456842317086945 ], [ 15.420831399472529, 48.456954203630346 ], [ 15.420903319331968, 48.456979821526105 ], [ 15.42134983345748, 48.45723673534328 ], [ 15.421420347785457, 48.457294500449379 ], [ 15.421472393484017, 48.457337119444354 ], [ 15.421651463109264, 48.457660809660965 ], [ 15.421660891198712, 48.457790300308865 ], [ 15.421676198961665, 48.458001656354156 ], [ 15.421549083567312, 48.45823373505069 ], [ 15.421362753551564, 48.458483518436857 ], [ 15.421300127853879, 48.458567418557045 ], [ 15.421289196970639, 48.458581470711948 ], [ 15.421242896910176, 48.458640874638853 ], [ 15.421194986895612, 48.458710654869087 ], [ 15.421104659595493, 48.458842198937788 ], [ 15.421092010451719, 48.458860600763344 ], [ 15.421092487940919, 48.458865721006774 ], [ 15.421096024426616, 48.458899669690432 ], [ 15.421099145200033, 48.458930026661875 ], [ 15.421131092044144, 48.458980743296117 ], [ 15.42114035065161, 48.458995604188885 ], [ 15.421288519518493, 48.459143759136857 ], [ 15.421362116588364, 48.459217485342251 ], [ 15.421580360148225, 48.4593287554043 ], [ 15.421607434247603, 48.45934257784559 ], [ 15.421666828552972, 48.459372828250601 ], [ 15.421675063220437, 48.459375740260263 ], [ 15.421795989386323, 48.459418836875791 ], [ 15.421919670805121, 48.459443078562572 ], [ 15.421928260159744, 48.459444724510611 ], [ 15.422098564075442, 48.459440958598172 ], [ 15.422749361561131, 48.459356163411698 ], [ 15.422942658164644, 48.459308795116954 ], [ 15.42301807236317, 48.459290259697404 ], [ 15.423552063685127, 48.459143935228234 ], [ 15.4236720241471, 48.459092929522519 ], [ 15.423735590582517, 48.459065787797883 ], [ 15.424139185911958, 48.458819668892389 ], [ 15.42420473124049, 48.458774585705839 ], [ 15.424259087959681, 48.458737171051915 ], [ 15.424449536811231, 48.458606170970825 ], [ 15.424544128662637, 48.458553459111037 ], [ 15.424642819976487, 48.458498424284471 ], [ 15.424738726855001, 48.458444788919188 ], [ 15.424792307155007, 48.458414946117529 ], [ 15.424909807902125, 48.458350036420775 ], [ 15.425004620401662, 48.458306138130006 ], [ 15.425164674850478, 48.458283205833119 ], [ 15.425181620370315, 48.458280742787103 ], [ 15.425368846636331, 48.45825399424173 ], [ 15.425552064709459, 48.458281934317263 ], [ 15.425626117023397, 48.458293294512792 ], [ 15.426026185618102, 48.458518180847541 ], [ 15.426229258174917, 48.45860874921047 ], [ 15.426473388239588, 48.458717656796075 ], [ 15.426859631734619, 48.458871614951356 ], [ 15.426922781269763, 48.458897656389027 ], [ 15.427155439517271, 48.458993811310968 ], [ 15.427280282732045, 48.459033322916454 ], [ 15.427343806092063, 48.459051889189368 ], [ 15.427364068397184, 48.459057824359867 ], [ 15.427434301985226, 48.459091746607285 ], [ 15.42782812177634, 48.459282277119534 ], [ 15.428197764526876, 48.459693868054345 ], [ 15.428208110700098, 48.459705469674496 ], [ 15.428230526827111, 48.459737819824909 ], [ 15.428417883091901, 48.460007724206498 ], [ 15.428570860105404, 48.460277165382323 ], [ 15.428799807386707, 48.460638461178121 ], [ 15.429053153146555, 48.460847434520772 ], [ 15.429281726172237, 48.461035976877014 ], [ 15.429823118637575, 48.461271990826205 ], [ 15.430162602472031, 48.461393125774137 ], [ 15.430199625886047, 48.461398669538433 ], [ 15.430243014317892, 48.461401039722752 ], [ 15.430279756561005, 48.461402989359343 ], [ 15.430466247870793, 48.461424564644858 ], [ 15.430666331322996, 48.461447695102848 ], [ 15.430733355548639, 48.461465746818931 ], [ 15.430861105085452, 48.461499983740659 ], [ 15.430865621115396, 48.461501252309063 ], [ 15.430898093181021, 48.461471335977812 ], [ 15.430932779460841, 48.461439310352702 ], [ 15.431221284350123, 48.461324443742505 ], [ 15.431295573420954, 48.461294855814437 ], [ 15.43140362699468, 48.461257192988505 ], [ 15.432470942161171, 48.460885025691063 ], [ 15.432505959559917, 48.460874498564159 ], [ 15.432794651600425, 48.460787697966936 ], [ 15.432982565983187, 48.460731141958945 ], [ 15.433537853460694, 48.460636396618597 ], [ 15.433522274584364, 48.460665829963155 ], [ 15.43347414582334, 48.460756494467482 ], [ 15.433493326618185, 48.46088220996775 ], [ 15.433506649831514, 48.46097032964375 ], [ 15.433566134277493, 48.461045831900044 ], [ 15.43358124656574, 48.461064815595591 ], [ 15.433597798487089, 48.461085932891244 ], [ 15.433594252702472, 48.461181734206271 ], [ 15.433593087807774, 48.461212977832403 ], [ 15.433623509920436, 48.461255800521208 ], [ 15.433746672845325, 48.461336905830301 ], [ 15.433977327045742, 48.46156616230882 ], [ 15.434071671139343, 48.461800209904709 ], [ 15.43404701181711, 48.461929053349394 ], [ 15.434030922894419, 48.462012483241125 ], [ 15.433889302462923, 48.462751777492187 ], [ 15.433824671851415, 48.462855875750812 ], [ 15.433609089679688, 48.463203742052862 ], [ 15.43452990881598, 48.463110966191707 ], [ 15.434595833991123, 48.463151800162365 ], [ 15.434633813087489, 48.463164163744949 ], [ 15.434699627976839, 48.463185654191719 ], [ 15.435206865605521, 48.463043267414022 ], [ 15.435263719253566, 48.463027397641085 ], [ 15.435758587196183, 48.462797231680021 ], [ 15.435848495514703, 48.462872185091697 ], [ 15.435900178767062, 48.46291543424028 ], [ 15.435975298599772, 48.462966089568717 ], [ 15.43615511493107, 48.463142539780158 ], [ 15.436436579098102, 48.463300063269386 ], [ 15.43654667359545, 48.463236085137964 ], [ 15.436582092891845, 48.463215471939762 ], [ 15.43703383445361, 48.462952964964337 ], [ 15.437166897234993, 48.462864997986983 ], [ 15.437248048530614, 48.462811258275629 ], [ 15.438103149493919, 48.46304833107186 ], [ 15.438164861876395, 48.463065394581356 ], [ 15.438323335581989, 48.463073155784642 ], [ 15.438410745452938, 48.462990419197972 ], [ 15.438597277978866, 48.462850108730414 ], [ 15.438718872629098, 48.462706559691199 ], [ 15.438803075475631, 48.462342696209049 ], [ 15.438803740946865, 48.4621665053062 ], [ 15.438786588659594, 48.461825344154803 ], [ 15.438816790675913, 48.461822820100373 ], [ 15.43884726306999, 48.46182029116332 ], [ 15.438757320186207, 48.461661570120057 ], [ 15.438692383618859, 48.461435903675536 ], [ 15.438574349817111, 48.461042663633741 ], [ 15.438497022483457, 48.460921236211959 ], [ 15.438447012062351, 48.460842686222293 ], [ 15.43825487432273, 48.460556417049361 ], [ 15.438427894532698, 48.460512987626579 ], [ 15.438607721429218, 48.46047060495912 ], [ 15.438963811124388, 48.460583857040383 ], [ 15.43901706908381, 48.460566160625973 ], [ 15.439074733201169, 48.460547035048705 ], [ 15.439399575382442, 48.460806345468505 ], [ 15.439668032053564, 48.460930263737893 ], [ 15.43971105394359, 48.460950182942113 ], [ 15.43982081907723, 48.461256561381319 ], [ 15.440141764810358, 48.461771750606559 ], [ 15.440238119872873, 48.462021233830889 ], [ 15.440279146203238, 48.462078440172164 ], [ 15.44042574313784, 48.462282657097056 ], [ 15.440501410645787, 48.462993386007895 ], [ 15.440606239870464, 48.463128802506503 ], [ 15.440491822021356, 48.463295618612555 ], [ 15.440415961906549, 48.463406041905031 ], [ 15.440395785832116, 48.463435469148827 ], [ 15.440414969185714, 48.463461306929943 ], [ 15.440470520269553, 48.463536246930481 ], [ 15.440770144249797, 48.463939525159013 ], [ 15.440982858407864, 48.464069575252516 ], [ 15.441040165597252, 48.464104622596636 ], [ 15.441909014117096, 48.464316225860408 ], [ 15.441937267198067, 48.464299069632602 ], [ 15.441960237188706, 48.464285068072229 ], [ 15.442264293532713, 48.464100609540594 ], [ 15.44274024539723, 48.463811909021437 ], [ 15.443850683613199, 48.463469271722985 ], [ 15.444573819180782, 48.463561656689016 ], [ 15.444777144305146, 48.463587583951131 ], [ 15.445443433483945, 48.463672713255356 ], [ 15.446100047546031, 48.463848712838178 ], [ 15.447287579289728, 48.464167164704207 ], [ 15.447693403534952, 48.464403571857403 ], [ 15.448153978064793, 48.464671828634764 ], [ 15.448464500635653, 48.46494972970082 ], [ 15.448626853962637, 48.465094984994813 ], [ 15.448666079844919, 48.465117849075945 ], [ 15.449275830700019, 48.465473558687073 ], [ 15.44934403967147, 48.465480600976427 ], [ 15.44944300729405, 48.465439216975128 ], [ 15.449506458583238, 48.465412693147115 ], [ 15.4496042120767, 48.465391216410382 ], [ 15.449782286621842, 48.465352087786748 ], [ 15.449986264341037, 48.465453126968491 ], [ 15.44999648279094, 48.465458160568069 ], [ 15.450005736424893, 48.465462761756747 ], [ 15.450038254215452, 48.465506802104763 ], [ 15.450160890210109, 48.465673200455399 ], [ 15.450221994162749, 48.465728060006875 ], [ 15.450231263746314, 48.465736350037481 ], [ 15.450384088159664, 48.465873407619782 ], [ 15.450847351100432, 48.466289081302548 ], [ 15.450821349514753, 48.466364415436516 ], [ 15.450769025285432, 48.466517159017535 ], [ 15.450739040956771, 48.466604262624308 ], [ 15.450735917734535, 48.466607288560951 ], [ 15.450589864545339, 48.466751023739334 ], [ 15.450563250941444, 48.466791636915872 ], [ 15.450618504336008, 48.46687206643287 ], [ 15.450370093064862, 48.466941534466045 ], [ 15.450365547749191, 48.466942876564552 ], [ 15.449974808463534, 48.46705226488924 ], [ 15.449983536710462, 48.467123280223163 ], [ 15.450033941859594, 48.467531142006749 ], [ 15.450051643710468, 48.467576800531759 ], [ 15.450081744185121, 48.467654266919858 ], [ 15.449951879615519, 48.468008258898813 ], [ 15.449944756336162, 48.468058956254517 ], [ 15.449933353389298, 48.468140594001909 ], [ 15.450027744652115, 48.468178924093252 ], [ 15.450066956494075, 48.468194769608111 ], [ 15.450088837549609, 48.468203730876738 ], [ 15.449948756855285, 48.468457041316768 ], [ 15.44990320625525, 48.468586986790314 ], [ 15.44986361562588, 48.468717094168461 ], [ 15.449859273364822, 48.468779528363008 ], [ 15.449858524421085, 48.468790969278643 ], [ 15.449847311548988, 48.468949895568699 ], [ 15.449867919294009, 48.468964098740983 ], [ 15.449913173773936, 48.46899531121209 ], [ 15.44995639649372, 48.469026470506869 ], [ 15.450327223940512, 48.469150579345708 ], [ 15.450340666058681, 48.469155014616106 ], [ 15.450369202293288, 48.469164575041653 ], [ 15.451311240015103, 48.469389270142223 ], [ 15.451321352447559, 48.469391696161516 ], [ 15.451342983504398, 48.469394543157598 ], [ 15.451627699223733, 48.469431400072452 ], [ 15.452035749587557, 48.469420399691742 ], [ 15.452090626245695, 48.469418954334557 ], [ 15.452114552231233, 48.469421669579084 ], [ 15.452191512431739, 48.469430801021744 ], [ 15.452527375477105, 48.469487423082427 ], [ 15.452168980809043, 48.470019493240919 ], [ 15.452100740718151, 48.470120697923491 ], [ 15.452094360057927, 48.470130081515997 ], [ 15.452085017448491, 48.47018270880411 ], [ 15.452037811215671, 48.470447023882947 ], [ 15.451978082136101, 48.47065676879658 ], [ 15.451966199772526, 48.470710161958884 ], [ 15.451947451226385, 48.470794092585173 ], [ 15.452071282236938, 48.47082423887619 ], [ 15.452275620930445, 48.470874069635371 ], [ 15.452568241729892, 48.470964858411193 ], [ 15.452628960423326, 48.470983732086324 ], [ 15.453498798042141, 48.47106044480158 ], [ 15.453721632318777, 48.471132252160217 ], [ 15.453878739167902, 48.471251051761541 ], [ 15.454206075073943, 48.471498399763966 ], [ 15.454324974361668, 48.471517115933217 ], [ 15.454546421248565, 48.471627547992973 ], [ 15.454574738625409, 48.471641610349529 ], [ 15.454722215438476, 48.471759773927388 ], [ 15.454900696093626, 48.471848670856502 ], [ 15.455039193901216, 48.47186352115213 ], [ 15.455213498612036, 48.471936387207137 ], [ 15.455327770825777, 48.471984069731185 ], [ 15.455563997896034, 48.471989765634476 ], [ 15.455602736223351, 48.471990681414312 ], [ 15.455856737854944, 48.471977788007806 ], [ 15.45627885099279, 48.471893634513449 ], [ 15.456300322913371, 48.471889285172246 ], [ 15.456326764553351, 48.471884035687033 ], [ 15.456339382443989, 48.471881556869569 ], [ 15.456533968519899, 48.471884858382509 ], [ 15.456673951929764, 48.471863418141027 ], [ 15.456728525623447, 48.471880871785721 ], [ 15.456762671239307, 48.471891858359101 ], [ 15.45700449883609, 48.471678350219271 ], [ 15.456903699671257, 48.471645720826125 ], [ 15.456786306709809, 48.471607724329658 ], [ 15.456714309602555, 48.471584468872244 ], [ 15.45668002528854, 48.471573394829221 ], [ 15.456634459967464, 48.471570983890153 ], [ 15.456573841427662, 48.471567766819135 ], [ 15.456477915169829, 48.471584537034033 ], [ 15.456445275663661, 48.471573972900401 ], [ 15.456423882733866, 48.471567073438919 ], [ 15.456397038093307, 48.471546056356182 ], [ 15.456315813445036, 48.471482657709906 ], [ 15.456170234217199, 48.471420608593057 ], [ 15.456035120106177, 48.471362958051877 ], [ 15.455887681808155, 48.471301752189746 ], [ 15.455754148052261, 48.471246322092711 ], [ 15.455641949624551, 48.471199682060906 ], [ 15.455384795942324, 48.470671407642364 ], [ 15.455274804606839, 48.470405087990386 ], [ 15.45514830111992, 48.470099117422578 ], [ 15.455159502540099, 48.470042406998928 ], [ 15.455222316489788, 48.469723639282584 ], [ 15.455285667915453, 48.469523364348795 ], [ 15.455295006339162, 48.469493771485283 ], [ 15.45533300408864, 48.469427306333358 ], [ 15.45541796743567, 48.469278826596629 ], [ 15.455705378700046, 48.469055224687054 ], [ 15.455752834695867, 48.468935769672413 ], [ 15.455916890176802, 48.468522392890961 ], [ 15.456044915628592, 48.468381408081946 ], [ 15.455816394560687, 48.468240154566722 ], [ 15.455880364245489, 48.467985880276125 ], [ 15.455784035572956, 48.467508670937391 ], [ 15.455581635242897, 48.46721928622582 ], [ 15.455530347748734, 48.46707751093259 ], [ 15.455660713829644, 48.466848664028809 ], [ 15.455546349068253, 48.466716133070832 ], [ 15.455514380677799, 48.466679012608935 ], [ 15.455497051125411, 48.466658992161108 ], [ 15.455470221222264, 48.466615209826109 ], [ 15.455493740465958, 48.46660146553058 ], [ 15.455529015613866, 48.466580759166 ], [ 15.455614105544029, 48.466530984055169 ], [ 15.455853641573899, 48.46639391152209 ], [ 15.45586637186508, 48.466384322311953 ], [ 15.455882700863846, 48.466373407986886 ], [ 15.455923477484001, 48.466341714007683 ], [ 15.45595467995304, 48.466317392368509 ], [ 15.455972155519641, 48.466304747583393 ], [ 15.45599475243184, 48.466288320561489 ], [ 15.456188776661351, 48.466140197167114 ], [ 15.456220523382251, 48.466115955536971 ], [ 15.456448793566738, 48.465938595734151 ], [ 15.456936797486179, 48.465559458007448 ], [ 15.457206352721135, 48.465349763097322 ], [ 15.457385465722471, 48.465164927127233 ], [ 15.457780894353329, 48.464857743123083 ], [ 15.458539038133599, 48.464359499752852 ], [ 15.458748110490403, 48.464126966984487 ], [ 15.458868011022258, 48.463989545543576 ], [ 15.458886748544504, 48.463968149294978 ], [ 15.458909097615782, 48.463942458270594 ], [ 15.458966418860383, 48.463931517222633 ], [ 15.459214768041869, 48.463884166450924 ], [ 15.459386766590425, 48.463848912680461 ], [ 15.459487392815609, 48.463828365009064 ], [ 15.459576667634192, 48.463824580164349 ], [ 15.459601250846442, 48.463823592713595 ], [ 15.459814245442608, 48.463814675762137 ], [ 15.459866919503266, 48.463812456925972 ], [ 15.460132931554069, 48.463760373551075 ], [ 15.461176437892577, 48.463556007348672 ], [ 15.461182341975441, 48.46355482001929 ], [ 15.461237904789421, 48.463543909877266 ], [ 15.461279833385444, 48.463543595800552 ], [ 15.461690316904164, 48.46354025470751 ], [ 15.461724806132798, 48.463539986070252 ], [ 15.461902068218809, 48.464200535410136 ], [ 15.461975094227626, 48.464472202681762 ], [ 15.462369463428567, 48.465246307253558 ], [ 15.462300892662556, 48.465279769968305 ], [ 15.462134172266422, 48.465361091290404 ], [ 15.461654034002754, 48.465595241010114 ], [ 15.461637054529843, 48.465603468638449 ], [ 15.461630161248344, 48.465606923501838 ], [ 15.461341544528683, 48.465744362694153 ], [ 15.460801323734458, 48.466001468497126 ], [ 15.460792116770236, 48.466044016578117 ], [ 15.46093324184333, 48.466044145150825 ], [ 15.461298308680425, 48.466044692461132 ], [ 15.461376293356672, 48.466049210182661 ], [ 15.461570241104218, 48.466060522736505 ], [ 15.461942540638391, 48.466082261398093 ], [ 15.462355241565247, 48.46620116019136 ], [ 15.462442739251021, 48.466226379056231 ], [ 15.46248175683068, 48.466230886574415 ], [ 15.463062976436602, 48.46629884148151 ], [ 15.463432861290487, 48.466494909981364 ], [ 15.463444203654991, 48.4665009117073 ], [ 15.463620659041094, 48.466557169816909 ], [ 15.463753925496716, 48.466599638790136 ], [ 15.463788339519803, 48.466610618405277 ], [ 15.463955746232882, 48.466663981772612 ], [ 15.464136739992956, 48.466813825112787 ], [ 15.464528393639483, 48.466992936830408 ], [ 15.46493545752022, 48.467040485733079 ], [ 15.464988478009586, 48.467125268632607 ], [ 15.465111506138529, 48.467158924994052 ], [ 15.465331562514249, 48.467219153661127 ], [ 15.465434875279962, 48.4673881390394 ], [ 15.465748147981866, 48.46713020678466 ], [ 15.465892221336574, 48.467011592413982 ], [ 15.465906223985417, 48.467000089276148 ], [ 15.465974095536632, 48.466530235784582 ], [ 15.46596989435324, 48.466340005445062 ], [ 15.465967798563176, 48.466246644785613 ], [ 15.46596751679048, 48.466121848080085 ], [ 15.465967117422197, 48.466007311201857 ], [ 15.46596709862227, 48.465983916819788 ], [ 15.465966547894336, 48.465793619774033 ], [ 15.465998898989911, 48.465767744724474 ], [ 15.466010034550685, 48.465758903327803 ], [ 15.466050121052961, 48.465727038325944 ], [ 15.466237720111298, 48.465876218030083 ], [ 15.466397012580236, 48.465942773168734 ], [ 15.466476011315722, 48.46602753088991 ], [ 15.466503754460479, 48.466057167376746 ], [ 15.466719051686216, 48.466257758727849 ], [ 15.466743070401208, 48.466285663597702 ], [ 15.466869139922604, 48.466432277084756 ], [ 15.466999860728667, 48.466462191743041 ], [ 15.467020758213307, 48.466466938809958 ], [ 15.467062279077471, 48.466476347960736 ], [ 15.467201652450527, 48.466614169972132 ], [ 15.467273452878143, 48.466685111830294 ], [ 15.467286148513983, 48.46669765698563 ], [ 15.467378404148207, 48.466788830392353 ], [ 15.467453809578007, 48.466986307739397 ], [ 15.467466416780621, 48.467294707784703 ], [ 15.467467957278773, 48.467368013094678 ], [ 15.467471529462344, 48.467533060569778 ], [ 15.467489155795418, 48.467638734568851 ], [ 15.467503542341818, 48.467724942169056 ], [ 15.467535145878765, 48.467975677937652 ], [ 15.467560088511275, 48.468173267424625 ], [ 15.467543692039069, 48.468238172441673 ], [ 15.467537758781495, 48.468261585593844 ], [ 15.467512539225396, 48.468361833874113 ], [ 15.46750916066182, 48.468375032640111 ], [ 15.467668836020399, 48.468362217076269 ], [ 15.467747230573464, 48.468383099424457 ], [ 15.467881447015873, 48.468418887945305 ], [ 15.467972419365779, 48.468423253953915 ], [ 15.467987332928152, 48.468423971160249 ], [ 15.46799963298009, 48.468423656375265 ], [ 15.468629496913529, 48.468407373836065 ], [ 15.469129173638203, 48.46834478961204 ], [ 15.469359697584283, 48.46825545308225 ], [ 15.469472495140225, 48.46821172951028 ], [ 15.470017325793215, 48.467919317096879 ], [ 15.470102838043546, 48.467873482635333 ], [ 15.470113245257345, 48.46786339446021 ], [ 15.470131072716123, 48.467846242086658 ], [ 15.470341838241129, 48.467642450811354 ], [ 15.470433818934231, 48.467553487394561 ], [ 15.470790723292493, 48.467323806297117 ], [ 15.471199470411648, 48.467114320331852 ], [ 15.471396709822526, 48.467087314996824 ], [ 15.471523947243554, 48.467023169513531 ], [ 15.472115162278797, 48.466946389090836 ], [ 15.472192812782348, 48.466936239033856 ], [ 15.472211485571609, 48.466936256991801 ], [ 15.472453679853636, 48.466936230343627 ], [ 15.472774650020336, 48.466940158975852 ], [ 15.473122288577708, 48.466944407951431 ], [ 15.473529213255672, 48.466958996956016 ], [ 15.473512242266109, 48.467035970827652 ], [ 15.473380783257618, 48.467631707092366 ], [ 15.473319489412525, 48.467759071941167 ], [ 15.473386372225651, 48.468220522919736 ], [ 15.473304217536846, 48.46862819723102 ], [ 15.473230866252326, 48.468921795642146 ], [ 15.473164727364596, 48.469187008155586 ], [ 15.473180017549609, 48.469317648643084 ], [ 15.473196963152169, 48.469462115681914 ], [ 15.473368726397156, 48.469972843277795 ], [ 15.473460955744509, 48.470180536339036 ], [ 15.473469910378926, 48.470200707692371 ], [ 15.473527127606118, 48.470343896861777 ], [ 15.47377361221103, 48.470593932925333 ], [ 15.473785722626362, 48.47070330634994 ], [ 15.473802555390529, 48.470854793735228 ], [ 15.47383012223832, 48.471075908685009 ], [ 15.473835239046196, 48.471117745477983 ], [ 15.473831580881539, 48.471323326249681 ], [ 15.473830309139581, 48.471387325148378 ], [ 15.474095653623698, 48.471351149274781 ], [ 15.474165681145619, 48.471297317617534 ], [ 15.47456578565402, 48.470989901046124 ], [ 15.474586895092378, 48.470973587642661 ], [ 15.474608225119155, 48.47093648486203 ], [ 15.474740579173764, 48.470705149821235 ], [ 15.474745608268536, 48.470535985579595 ], [ 15.475207011062416, 48.470336498225073 ], [ 15.475415395219004, 48.470339785125795 ], [ 15.475436788373711, 48.470340112619574 ], [ 15.475663448407531, 48.47034360377959 ], [ 15.475689040562282, 48.47034403416982 ], [ 15.475719909672028, 48.470344457743145 ], [ 15.476636388765131, 48.470898746013603 ], [ 15.477279128729609, 48.471156079795584 ], [ 15.477813284663783, 48.471366184774176 ], [ 15.478437291498425, 48.471634833821682 ], [ 15.479009444736851, 48.472075303961205 ], [ 15.479045927546872, 48.472103337353246 ], [ 15.479344270320487, 48.472294642379303 ], [ 15.479536423725108, 48.47239233922965 ], [ 15.479546810619425, 48.47238503996816 ], [ 15.479902964860999, 48.472134199935667 ], [ 15.480127638303401, 48.471975755256132 ], [ 15.480938597892509, 48.471328108457513 ], [ 15.48195689355625, 48.47037925757747 ], [ 15.482100682288404, 48.470244701653684 ], [ 15.482314147718975, 48.470044887758377 ], [ 15.482578262974451, 48.469816877454143 ], [ 15.482746504127691, 48.469671702933709 ], [ 15.483099677686607, 48.469307802052839 ], [ 15.483104805322359, 48.469300959165267 ], [ 15.483108389053028, 48.469296034276965 ], [ 15.483065372944395, 48.469280089717422 ], [ 15.483039534753511, 48.469270487507252 ], [ 15.482835991732125, 48.469194871145142 ], [ 15.482589995329368, 48.469042022893504 ], [ 15.48222622688645, 48.468738284856222 ], [ 15.482148249954871, 48.468630033731877 ], [ 15.482141074438758, 48.468620177953163 ], [ 15.482105320883512, 48.468570626830981 ], [ 15.482052471715626, 48.468497185557382 ], [ 15.481871464728551, 48.468110991477928 ], [ 15.481838857151994, 48.467639375537615 ], [ 15.481712778721676, 48.467477391010078 ], [ 15.481655822511684, 48.467425530354554 ], [ 15.481643366288131, 48.467418831003791 ], [ 15.481418159786967, 48.467297091018025 ], [ 15.481314818645147, 48.467203522700558 ], [ 15.481184081889328, 48.467144200665849 ], [ 15.480859310462575, 48.466996846667115 ], [ 15.480493036100285, 48.466821011257828 ], [ 15.480308279636811, 48.466731548249001 ], [ 15.480231072741097, 48.466693736167279 ], [ 15.480066576617759, 48.466613168309358 ], [ 15.479843827575055, 48.46650154796108 ], [ 15.47976368500632, 48.466461450050225 ], [ 15.479642202277089, 48.466400066680372 ], [ 15.479530122664414, 48.46634354928058 ], [ 15.479340618177869, 48.466256961418971 ], [ 15.479115530557811, 48.466154110763753 ], [ 15.479035117955977, 48.466117256612705 ], [ 15.478709604691062, 48.465968020845885 ], [ 15.478663412934656, 48.465947184145094 ], [ 15.478436983489891, 48.465844536825699 ], [ 15.478155067890576, 48.465816511814076 ], [ 15.47791361065709, 48.465788553030663 ], [ 15.477824097324694, 48.465776879647805 ], [ 15.477714038365489, 48.465762434133673 ], [ 15.477434339797369, 48.465761720637552 ], [ 15.477281975294492, 48.465761368434528 ], [ 15.477192104215856, 48.465754110162081 ], [ 15.477102503560081, 48.465746846857101 ], [ 15.477109115091546, 48.465739887011203 ], [ 15.477134859084044, 48.465711430651119 ], [ 15.477572434605074, 48.465229292494584 ], [ 15.477726523081106, 48.465059370241477 ], [ 15.477754858350089, 48.465028166739927 ], [ 15.477764092335779, 48.46501593985122 ], [ 15.477772052737141, 48.465005625929685 ], [ 15.477823485680194, 48.464937646318425 ], [ 15.477830022353599, 48.464928888197235 ], [ 15.477861349178099, 48.46488827179919 ], [ 15.477866348038365, 48.464871803621733 ], [ 15.477861820496852, 48.464850741426282 ], [ 15.477830831653167, 48.464801731400314 ], [ 15.477552955718073, 48.46436242160344 ], [ 15.477633886231231, 48.464046814940502 ], [ 15.477803134041451, 48.463642485642005 ], [ 15.477830215087728, 48.463577832485534 ], [ 15.477844982466815, 48.463542469038536 ], [ 15.477784023253784, 48.46353737977892 ], [ 15.477719673030597, 48.463532082812456 ], [ 15.47753299890207, 48.463516614507995 ], [ 15.476717973575713, 48.463350265712933 ], [ 15.476245341850934, 48.463300272068693 ], [ 15.476173590982974, 48.463292680590811 ], [ 15.47610713874829, 48.463285621710369 ], [ 15.476062435371666, 48.463140764059467 ], [ 15.475913303659112, 48.463064857551203 ], [ 15.475814617457102, 48.463014569553792 ], [ 15.475803146687948, 48.463008751322668 ], [ 15.475787117637156, 48.463000677230504 ], [ 15.475481249228965, 48.46284486375697 ], [ 15.475265225257477, 48.462734911208095 ], [ 15.474859225477781, 48.462591730245741 ], [ 15.474549062931757, 48.462482332912145 ], [ 15.474529185238911, 48.462449944600671 ], [ 15.474499886634694, 48.462402432392523 ], [ 15.474098290621583, 48.46206832024567 ], [ 15.473885140498091, 48.461916561753839 ], [ 15.473827026812096, 48.461852751261709 ], [ 15.473787044496556, 48.461808584007215 ], [ 15.473657095244782, 48.461627316287149 ], [ 15.473628944315902, 48.461587881044068 ], [ 15.473606516123775, 48.461526565717037 ], [ 15.47356119473333, 48.461402503887463 ], [ 15.473433010573233, 48.461293187688192 ], [ 15.473419255168281, 48.461271394631872 ], [ 15.473365697279922, 48.461186894971362 ], [ 15.473250317698511, 48.461004549983443 ], [ 15.473244233879768, 48.460994853629302 ], [ 15.473238401228105, 48.460942232137803 ], [ 15.473228357512152, 48.460850006559468 ], [ 15.473213720669799, 48.460715484485021 ], [ 15.473213331113035, 48.460712612258057 ], [ 15.473362220611762, 48.460662104398381 ], [ 15.473452406694296, 48.460631478034671 ], [ 15.47346739227517, 48.460601329983398 ], [ 15.473489987174093, 48.460555655864972 ], [ 15.47349210388548, 48.460547968757162 ], [ 15.473504131939317, 48.460501948408364 ], [ 15.473514193353015, 48.460463972336072 ], [ 15.473512626196127, 48.460422880111871 ], [ 15.47363025746353, 48.460404887716095 ], [ 15.473723419104148, 48.46039058298809 ], [ 15.473776182858103, 48.46026328368032 ], [ 15.474019009123779, 48.460151936106683 ], [ 15.474064036355109, 48.460082815700709 ], [ 15.474391369810473, 48.459934465901007 ], [ 15.474435986594665, 48.459914212127558 ], [ 15.474440508683156, 48.45989928247532 ], [ 15.474456195198831, 48.459846896301052 ], [ 15.474559073253836, 48.459786342840552 ], [ 15.474565146341028, 48.459782722253678 ], [ 15.474686620235095, 48.459779145116904 ], [ 15.474928874713571, 48.459608419058796 ], [ 15.475130264573071, 48.459600676407362 ], [ 15.475171728418612, 48.459599016104377 ], [ 15.475188776925311, 48.45955992190931 ], [ 15.47525698933414, 48.459403994656512 ], [ 15.475480085919896, 48.459384695676725 ], [ 15.475567704558143, 48.459377059671517 ], [ 15.475654249170365, 48.459369623264479 ], [ 15.475674261823739, 48.459349820371898 ], [ 15.475719354099963, 48.459305172698436 ], [ 15.475816804446136, 48.459319311322673 ], [ 15.47584923322119, 48.459318356423218 ], [ 15.476005710621326, 48.459313955704197 ], [ 15.476030115118204, 48.459285883953761 ], [ 15.476129539605296, 48.459171494196092 ], [ 15.476126657777225, 48.459137894435749 ], [ 15.476258003687565, 48.459101651584881 ], [ 15.476411148985907, 48.459059339754752 ], [ 15.476415327025181, 48.459010043832855 ], [ 15.476471948890017, 48.458969413325192 ], [ 15.476510828531172, 48.458941345742311 ], [ 15.476566419558425, 48.458934566714987 ], [ 15.476615551726377, 48.458928626050302 ], [ 15.476868029327353, 48.458698051093457 ], [ 15.477083957927601, 48.458480023917083 ], [ 15.477224849172806, 48.458491294294731 ], [ 15.477238828664305, 48.458492387343888 ], [ 15.477308987485054, 48.458474812786029 ], [ 15.477360670573061, 48.458461896471483 ], [ 15.477604660755912, 48.458317046972965 ], [ 15.477636481369084, 48.458298196631056 ], [ 15.477765932968698, 48.458301128277263 ], [ 15.477926261449781, 48.458304842420254 ], [ 15.477961722039366, 48.458204222914652 ], [ 15.477951434603492, 48.4581845261784 ], [ 15.477945399564225, 48.4581727596006 ], [ 15.478182597186494, 48.458138079643149 ], [ 15.478244721298399, 48.458129020265808 ], [ 15.478373884101551, 48.45814455379756 ], [ 15.478454136446805, 48.458122474059429 ], [ 15.478492386891963, 48.458111873539117 ], [ 15.478630263117726, 48.458135254978131 ], [ 15.478728727181505, 48.458095654202261 ], [ 15.478734908062517, 48.458094640839477 ], [ 15.478890988670921, 48.458067748356328 ], [ 15.478936334761801, 48.458078162721264 ], [ 15.478971573086667, 48.458086243342258 ], [ 15.479039504375038, 48.458050892519005 ], [ 15.479071197211475, 48.457996411854538 ], [ 15.479084318395607, 48.45797358564861 ], [ 15.479162737343964, 48.457936692323266 ], [ 15.479220325359522, 48.457909629699543 ], [ 15.479497487910468, 48.45786008566045 ], [ 15.479502187649988, 48.457849471566156 ], [ 15.479543046822577, 48.4577551408901 ], [ 15.47980740313878, 48.457674158326753 ], [ 15.479905099188938, 48.457635650401791 ], [ 15.480136563430547, 48.457544474047424 ], [ 15.480157856308557, 48.457477407014316 ], [ 15.480162201451581, 48.457419199709747 ], [ 15.480287945163008, 48.457365508959306 ], [ 15.480359594715749, 48.457335037887582 ], [ 15.480493449253133, 48.457277958474734 ], [ 15.480518706767334, 48.457267236257437 ], [ 15.480683033582498, 48.457201228095307 ], [ 15.480728272205493, 48.457183029921708 ], [ 15.480803721127534, 48.457152848617518 ], [ 15.48081251943521, 48.457130191671325 ], [ 15.480820818143679, 48.457108533698253 ], [ 15.480849527185837, 48.457034401613022 ], [ 15.480877797602464, 48.456956228457955 ], [ 15.481161581928834, 48.45677977590131 ], [ 15.48112969413264, 48.456748149385426 ], [ 15.48112504271676, 48.456743645931475 ], [ 15.481151592881748, 48.456705455711912 ], [ 15.48117559277229, 48.456671001598778 ], [ 15.48118458774892, 48.456659588571334 ], [ 15.481211452432834, 48.456625711618244 ], [ 15.481310877578517, 48.456560536380486 ], [ 15.481365002511593, 48.456525078160631 ], [ 15.481377077116525, 48.456509649318022 ], [ 15.481432680375159, 48.456438171626253 ], [ 15.481510881481823, 48.456337574357654 ], [ 15.481588018128718, 48.456266690214889 ], [ 15.481675770329073, 48.456233132626771 ], [ 15.481714383676886, 48.456218295238017 ], [ 15.481740575986231, 48.456204046293486 ], [ 15.481579290649863, 48.456105605502451 ], [ 15.481346109603592, 48.455963316813623 ], [ 15.480987115805387, 48.455794817915532 ], [ 15.480747608923007, 48.455682517981742 ], [ 15.480651074990321, 48.455618697395039 ], [ 15.480611724502246, 48.45558324883006 ], [ 15.480484824964325, 48.455469057485999 ], [ 15.480262235182586, 48.455249458551158 ], [ 15.479909801259197, 48.455066079006798 ], [ 15.479696628702625, 48.454968859505172 ], [ 15.479613345951757, 48.454930888882913 ], [ 15.479625213165461, 48.454920232997353 ], [ 15.479604027141727, 48.454911714341769 ], [ 15.479628509081659, 48.454836760383323 ], [ 15.479669447326879, 48.454711834617349 ], [ 15.480024664041535, 48.454408818348632 ], [ 15.480155590361532, 48.454369339175294 ], [ 15.480350916799129, 48.45431058958215 ], [ 15.48106168310991, 48.453996082699057 ], [ 15.481221613192174, 48.453951479775434 ], [ 15.481240545698691, 48.453821199360334 ], [ 15.481351672443473, 48.453735023098652 ], [ 15.481590571358927, 48.453507565707667 ], [ 15.48179726741934, 48.453309224217442 ], [ 15.48189325222878, 48.453187513659849 ], [ 15.481980366360361, 48.453076943901749 ], [ 15.482152489129479, 48.452844235381207 ], [ 15.482157611517824, 48.452837302570657 ], [ 15.48217797548967, 48.452819561503823 ], [ 15.482409259477837, 48.452617346985278 ], [ 15.482343359485895, 48.452434639165375 ], [ 15.482516307749368, 48.452345434179371 ], [ 15.482537673650654, 48.452329024309634 ], [ 15.482623921917666, 48.452262740478076 ], [ 15.48264541917349, 48.452246238187961 ], [ 15.482697846155885, 48.452205861490164 ], [ 15.48287400772997, 48.452037863554779 ], [ 15.482933915618872, 48.451982232233071 ], [ 15.48296205205799, 48.451956249638258 ], [ 15.482994949144986, 48.451781351060632 ], [ 15.483121112947028, 48.451744655461042 ], [ 15.483192531574661, 48.451637342992186 ], [ 15.483207851158989, 48.451628422747341 ], [ 15.48327653012425, 48.451588556333867 ], [ 15.483435288576903, 48.451506269743561 ], [ 15.483400622117696, 48.451359069541709 ], [ 15.483457074509454, 48.451171679537538 ], [ 15.483521914069051, 48.451169585656743 ], [ 15.483632272726707, 48.451165933575552 ], [ 15.483658016935816, 48.451111740843224 ], [ 15.483692834457196, 48.451038305042736 ], [ 15.483837299482976, 48.450940894355249 ], [ 15.483837828645049, 48.450914610181329 ], [ 15.483839575050643, 48.450826576676619 ], [ 15.484154915795077, 48.450596895449138 ], [ 15.484292513196111, 48.450549010193207 ], [ 15.484296611985624, 48.450527249273414 ], [ 15.484307706065353, 48.45046882721352 ], [ 15.48430970097577, 48.450458262690013 ], [ 15.484423349656444, 48.45028025610354 ], [ 15.484451032273927, 48.450236915133935 ], [ 15.484611342705183, 48.450123824695488 ], [ 15.484734991820401, 48.450036604252837 ], [ 15.484943714179954, 48.449751117452543 ], [ 15.4849706099749, 48.449753861109038 ], [ 15.485053880329835, 48.449762404362389 ], [ 15.485138863490539, 48.449695151981025 ], [ 15.485245326781493, 48.449611037098975 ], [ 15.485275180004265, 48.449587361736889 ], [ 15.485386191866237, 48.449550762837632 ], [ 15.485379665543928, 48.449420050724036 ], [ 15.48537669415906, 48.449400669592315 ], [ 15.485366920742436, 48.449338132963767 ], [ 15.485346728846732, 48.449207312803892 ], [ 15.485343731272817, 48.449187302285338 ], [ 15.485402639807408, 48.449153283384284 ], [ 15.485541466881893, 48.449073340613658 ], [ 15.485727581443184, 48.448966161445988 ], [ 15.485782397070855, 48.448934557304057 ], [ 15.485814773267602, 48.448903276861365 ], [ 15.486027757568262, 48.448697612403208 ], [ 15.486177156452131, 48.448553317375243 ], [ 15.486247498406755, 48.448485344273955 ], [ 15.486285336928045, 48.448448834033691 ], [ 15.486625607162985, 48.448120156365462 ], [ 15.486858866664084, 48.447797500685347 ], [ 15.486950681343838, 48.447670373324137 ], [ 15.486954387117033, 48.447665176039067 ], [ 15.487207077928542, 48.447179295141481 ], [ 15.487355480984384, 48.446878269495407 ], [ 15.487628168031506, 48.44672620867248 ], [ 15.487777662054141, 48.446642826809764 ], [ 15.488029326759138, 48.446502400591768 ], [ 15.488505198139064, 48.446059457174393 ], [ 15.488713553665804, 48.445856841966922 ], [ 15.488876418153611, 48.445698527258486 ], [ 15.48878604189273, 48.445636219226252 ], [ 15.489060374118955, 48.445471976921247 ], [ 15.489280732120482, 48.445339954231031 ], [ 15.489623730526441, 48.445132691059428 ], [ 15.489737185653825, 48.445057710532751 ], [ 15.48978548901273, 48.445025774718076 ], [ 15.489878078876497, 48.444956398382466 ], [ 15.48998351854816, 48.444877336540159 ], [ 15.490394409274549, 48.444657209103397 ], [ 15.490384251450037, 48.444605027624625 ], [ 15.490365016948346, 48.444507123345531 ], [ 15.490346060310547, 48.444409393888868 ], [ 15.490340092253881, 48.444327981014347 ], [ 15.490320468161364, 48.44416241790141 ], [ 15.490320723523176, 48.44415233526567 ], [ 15.490321395780697, 48.444119839556635 ], [ 15.490321455890619, 48.444114799487167 ], [ 15.49032147099363, 48.444105441141694 ], [ 15.49032076722761, 48.443894177789012 ], [ 15.490194224780945, 48.443399548444788 ], [ 15.4901546072588, 48.443325235899131 ], [ 15.490061881528254, 48.443151485242097 ], [ 15.490034148766515, 48.443099448442041 ], [ 15.489972958960713, 48.4429845928193 ], [ 15.489930598576771, 48.442876947751458 ], [ 15.489906999208049, 48.442817006173271 ], [ 15.489870438422725, 48.442728419988221 ], [ 15.489536761426159, 48.442529875925459 ], [ 15.489241221193748, 48.442353931817941 ], [ 15.489241124347167, 48.442353879617663 ], [ 15.488939948900242, 48.442067757583693 ], [ 15.488347701906884, 48.441967817287185 ], [ 15.487171724463101, 48.441833547065556 ], [ 15.486696462530675, 48.441575466225089 ], [ 15.48638705044975, 48.44077146681645 ], [ 15.486014104734389, 48.440440572752685 ], [ 15.484937714237279, 48.440313406276729 ], [ 15.484873878359442, 48.440304199040227 ], [ 15.484852565325975, 48.440302252355927 ], [ 15.484712067492445, 48.440289545013023 ], [ 15.484616774488165, 48.440280953387941 ], [ 15.484457137103696, 48.440266528898107 ], [ 15.484455844382415, 48.44018673923604 ], [ 15.484453281407358, 48.44002769937758 ], [ 15.484450929784833, 48.439889981203414 ], [ 15.484450459016193, 48.439872173562684 ], [ 15.484448863724475, 48.439811105593009 ], [ 15.484435752501886, 48.439687802746413 ], [ 15.484429683367717, 48.439623217959912 ], [ 15.484315334226658, 48.439647370580147 ], [ 15.484146158255955, 48.439683151121535 ], [ 15.483987972942213, 48.439716569365665 ], [ 15.483881940523252, 48.439635110140948 ], [ 15.48379183331228, 48.439565864852796 ], [ 15.483784956849007, 48.439426610363313 ], [ 15.48378015027934, 48.439330598784153 ], [ 15.483777874207565, 48.439285650016949 ], [ 15.483757122624931, 48.439271185382673 ], [ 15.483398278394828, 48.439022428424757 ], [ 15.483079429388056, 48.43896459418805 ], [ 15.483038738960975, 48.438951936338917 ], [ 15.482589524040797, 48.438812728914684 ], [ 15.482359520430542, 48.438774312479381 ], [ 15.482341410067583, 48.438771316590405 ], [ 15.482321798343531, 48.438767988413709 ], [ 15.482221029724617, 48.438751217408353 ], [ 15.481820740618049, 48.438513656558456 ], [ 15.481021706781833, 48.438325992881005 ], [ 15.480937958577007, 48.438305488331935 ], [ 15.480359830454448, 48.437920925629435 ], [ 15.480286736788814, 48.437802055000802 ], [ 15.480231192577358, 48.43771174555728 ], [ 15.480138666854371, 48.43756128886438 ], [ 15.480143557769365, 48.437542302826259 ], [ 15.480192714910654, 48.437277033476533 ], [ 15.480228945538132, 48.437081467445481 ], [ 15.480264398107858, 48.43688996485394 ], [ 15.480238848429828, 48.43685435226066 ], [ 15.479994489971512, 48.436515657530371 ], [ 15.479698396339426, 48.436204278201487 ], [ 15.479549223220285, 48.436047484205893 ], [ 15.479443313242662, 48.435936055024385 ], [ 15.479381104810999, 48.435870792543305 ], [ 15.47936399733315, 48.435852840859226 ], [ 15.479607242747086, 48.435803467566984 ], [ 15.479657663414203, 48.435793272329178 ], [ 15.479799964616308, 48.43575205350033 ], [ 15.479844857155939, 48.435738990454112 ], [ 15.48020845974569, 48.435357800422601 ], [ 15.480257180454313, 48.435306694622696 ], [ 15.480436130845947, 48.435096355555302 ], [ 15.480473422846954, 48.435024044297428 ], [ 15.480511980011267, 48.434949640175311 ], [ 15.480612071137262, 48.434745250525921 ], [ 15.480509948957378, 48.434575264601193 ], [ 15.480490194699332, 48.434542424836089 ], [ 15.480450021231182, 48.434480266806183 ], [ 15.480316718124106, 48.434366912777108 ], [ 15.480255183416697, 48.434314595670799 ], [ 15.480189723655679, 48.434258931432723 ], [ 15.480186500202885, 48.434256201297636 ], [ 15.480140673910459, 48.434217452346232 ], [ 15.480150719328682, 48.434208629354472 ], [ 15.480137686689519, 48.434197621381493 ], [ 15.479960251334115, 48.43404719647841 ], [ 15.479924586902033, 48.43401869840266 ], [ 15.479847112800149, 48.433950477567869 ], [ 15.479825776140659, 48.43393161392617 ], [ 15.479740024312495, 48.433856166772991 ], [ 15.47959719423158, 48.433711943533922 ], [ 15.479326712608501, 48.433430775912171 ], [ 15.479167070197061, 48.433272374261534 ], [ 15.479125888664473, 48.433231469954656 ], [ 15.479093235815737, 48.433200576746316 ], [ 15.479073937642315, 48.433181945439053 ], [ 15.479042943544536, 48.433151921536741 ], [ 15.478993278444278, 48.43311837166825 ], [ 15.478751914827436, 48.432955443029364 ], [ 15.478625827851568, 48.432895223531887 ], [ 15.478621688632071, 48.432893230039433 ], [ 15.478616037048369, 48.43289063447471 ], [ 15.478483882285484, 48.432827556968782 ], [ 15.47839516068432, 48.432787976077442 ], [ 15.478305992836447, 48.432747413525227 ], [ 15.477786778018453, 48.432578251327357 ], [ 15.477406085289489, 48.432322499530571 ], [ 15.47738062887575, 48.432305330805384 ], [ 15.477355000430485, 48.432300312734974 ], [ 15.477349952825074, 48.43229923570064 ], [ 15.477229491465474, 48.432123555134446 ], [ 15.477222869855016, 48.432113868785478 ], [ 15.477168413238159, 48.431941924672799 ], [ 15.477213099403276, 48.431604483057846 ], [ 15.477383196845633, 48.431275265373358 ], [ 15.477549802442363, 48.431148749929044 ], [ 15.477609449002415, 48.431103563122804 ], [ 15.478307624259978, 48.430717760054854 ], [ 15.478828444025211, 48.430333143515256 ], [ 15.4790989708591, 48.430231529726846 ], [ 15.479354353477618, 48.430198309856287 ], [ 15.479765173496981, 48.430238715189041 ], [ 15.479679192512208, 48.430001305229375 ], [ 15.479673390207326, 48.429985305223305 ], [ 15.479346227736068, 48.429947230544769 ], [ 15.479272479016563, 48.429949036522828 ], [ 15.478817425544163, 48.42996019231115 ], [ 15.477761978504638, 48.43014893567387 ], [ 15.477366176380652, 48.430151078667706 ], [ 15.477218459039237, 48.430146143853179 ], [ 15.477034151035454, 48.430126134187347 ], [ 15.476583367831878, 48.430077275083605 ], [ 15.476482417255482, 48.430107833038456 ], [ 15.476339801907107, 48.430150943548412 ], [ 15.476208265918226, 48.430190611115812 ], [ 15.475949992884605, 48.430323756619416 ], [ 15.475448499909879, 48.430728251034502 ], [ 15.475352436613786, 48.430824584707111 ], [ 15.475214432124673, 48.430962719562267 ], [ 15.4751138968149, 48.43108819909488 ], [ 15.475051415850237, 48.431166189849783 ], [ 15.474972278400772, 48.431380628139991 ], [ 15.474912217854488, 48.431543156934097 ], [ 15.474904292095781, 48.431541142812669 ], [ 15.474899781328052, 48.431539965842262 ], [ 15.47446333630679, 48.431429467968421 ], [ 15.474329150695839, 48.43139548713593 ], [ 15.474186542932186, 48.431386675476226 ], [ 15.473501032493102, 48.431344539279429 ], [ 15.472819554853924, 48.431180940269627 ], [ 15.472789921066946, 48.43117059575448 ], [ 15.472704723530224, 48.431140843992246 ], [ 15.472697728792829, 48.431138452731588 ], [ 15.472678110555497, 48.431131613833799 ], [ 15.472616100002341, 48.431109985209453 ], [ 15.472330747016089, 48.431010567022156 ], [ 15.472114534993382, 48.430935165882616 ], [ 15.471966399167769, 48.430848259037504 ], [ 15.471914574244673, 48.430817895173064 ], [ 15.471686491190736, 48.430716976114603 ], [ 15.47144352637272, 48.430641973945541 ], [ 15.47121763026689, 48.430538314488381 ], [ 15.471101305498216, 48.43048492678777 ], [ 15.471058443128456, 48.430465286129277 ], [ 15.470379413223917, 48.430082433775532 ], [ 15.470215746970743, 48.430067794229309 ], [ 15.469874296843184, 48.430037153238736 ], [ 15.469587807612809, 48.429880521178667 ], [ 15.46958367641508, 48.429878707189772 ], [ 15.469567571807062, 48.429871803466817 ], [ 15.469546033045839, 48.429828286825369 ], [ 15.469474296541854, 48.429682480392565 ], [ 15.469252635884928, 48.429232851438712 ], [ 15.468906593412013, 48.428380761992628 ], [ 15.468888110021958, 48.428152637506578 ], [ 15.468870538507717, 48.428146210443458 ], [ 15.468821523493702, 48.427987390399814 ], [ 15.468792094719694, 48.427968852845609 ], [ 15.468702420378044, 48.427912365723373 ], [ 15.468686456699988, 48.427902309958952 ], [ 15.468677294939743, 48.42789653882356 ], [ 15.468914892222687, 48.427694772003733 ], [ 15.468923511627599, 48.427687415761149 ], [ 15.468924762327591, 48.427684963376116 ], [ 15.468987889965131, 48.427553785021935 ], [ 15.469495602807642, 48.426838048433289 ], [ 15.469062706803717, 48.426691113605159 ], [ 15.468946019292705, 48.426651587643718 ], [ 15.468362220353599, 48.426592444159297 ], [ 15.467956102670524, 48.426501253779506 ], [ 15.467354163173285, 48.426366132891197 ], [ 15.467216609065616, 48.426335265097876 ], [ 15.467241897239806, 48.426312487303527 ], [ 15.46737197198539, 48.426194932531722 ], [ 15.46555866610454, 48.426095805302701 ], [ 15.465269174178513, 48.426049085099073 ], [ 15.464729523624634, 48.42596194272452 ], [ 15.464693730325797, 48.425956207779386 ], [ 15.46469311743542, 48.425951180018224 ], [ 15.464676330210064, 48.42583586059537 ], [ 15.464595402496602, 48.425833919321668 ], [ 15.46445722578992, 48.425830504003734 ], [ 15.464270479554566, 48.425826265781403 ], [ 15.46374379277497, 48.425814106570591 ], [ 15.463712663323376, 48.425809995830797 ], [ 15.463715014897543, 48.425798165349583 ], [ 15.463718946537144, 48.425778747592886 ], [ 15.463744235580737, 48.425670668268758 ], [ 15.46386758755405, 48.425143825132587 ], [ 15.463868730966171, 48.425138765301888 ], [ 15.463791858863964, 48.425133510118947 ], [ 15.46369709255387, 48.425110675270417 ], [ 15.463635235782233, 48.425095787810633 ], [ 15.463480405907289, 48.425052363738736 ], [ 15.463181542254846, 48.424987993243626 ], [ 15.462863855051291, 48.424919556414686 ], [ 15.462225260638727, 48.424747106348157 ], [ 15.461961026620239, 48.424692988758359 ], [ 15.461782550902786, 48.424656382466253 ], [ 15.461151150955684, 48.424487754582017 ], [ 15.461164129113312, 48.424431909501749 ], [ 15.461168252213005, 48.424413838062648 ], [ 15.46125026576572, 48.424061235553381 ], [ 15.461329282462307, 48.423921583359359 ], [ 15.461459447468977, 48.42369110697323 ], [ 15.461451258430897, 48.423587417861832 ], [ 15.461028271017989, 48.423275967331833 ], [ 15.460898893876841, 48.423180696506641 ], [ 15.460882825769769, 48.423181169427551 ], [ 15.45983123849337, 48.423212035015545 ], [ 15.459567127531036, 48.423219817042273 ], [ 15.459263724223415, 48.42322876422341 ], [ 15.459137742104149, 48.42323240905651 ], [ 15.458962905944441, 48.423530732493411 ], [ 15.458953680320528, 48.423546377319362 ], [ 15.458716946064763, 48.42393400939882 ], [ 15.458709087995565, 48.423946749892743 ], [ 15.458375041979618, 48.423733279309531 ], [ 15.458250506830421, 48.423653754158103 ], [ 15.458229583100577, 48.423647926461754 ], [ 15.457881286098811, 48.423551419653975 ], [ 15.456451467949792, 48.42315534092733 ], [ 15.455855236092427, 48.42353286062874 ], [ 15.455822557137985, 48.423553520818857 ], [ 15.455714643101281, 48.423621889673612 ], [ 15.455025819264561, 48.423430158628861 ], [ 15.454219833248468, 48.423315237411899 ], [ 15.45407378497165, 48.423294406685173 ], [ 15.454031902279755, 48.423212655167298 ], [ 15.454002808868811, 48.423155955904647 ], [ 15.45395340105185, 48.423134628459771 ], [ 15.453884730510183, 48.423105102837518 ], [ 15.453960474945371, 48.423191727893979 ], [ 15.45393387296444, 48.423288041205026 ], [ 15.453922119705046, 48.423331085797528 ], [ 15.453920344174222, 48.423337236778373 ], [ 15.45387320084834, 48.42334475208115 ], [ 15.453815448169083, 48.423353989832364 ], [ 15.453740762752206, 48.423365694785602 ], [ 15.453670242938195, 48.423376784113628 ], [ 15.4536269913115, 48.423383598734418 ], [ 15.453580614183338, 48.423390020222492 ], [ 15.453556419821245, 48.423393429196388 ], [ 15.453411658849522, 48.423413875571441 ], [ 15.453082784528849, 48.423480857290834 ], [ 15.452794074755841, 48.42352839251442 ], [ 15.45266838286293, 48.423549031492257 ], [ 15.45256110656956, 48.423596780113698 ], [ 15.452083542721544, 48.423809439037491 ], [ 15.451957281977526, 48.423931676128376 ], [ 15.451923981097512, 48.423963594108734 ], [ 15.451886639752374, 48.42399918467278 ], [ 15.451625767122128, 48.424198279430527 ], [ 15.451599102539516, 48.424217299540956 ], [ 15.451556541344971, 48.424247585880323 ], [ 15.451468260119864, 48.424306956111124 ], [ 15.451282491118922, 48.424431982157266 ], [ 15.451259465201241, 48.424447426885784 ], [ 15.451238019854195, 48.424461853132833 ], [ 15.451099612215051, 48.424554975854157 ], [ 15.451016856492467, 48.424610646201835 ], [ 15.451001722336098, 48.424620728766776 ], [ 15.45096304749163, 48.424646895203217 ], [ 15.450835823428292, 48.424732526184563 ], [ 15.450066598110928, 48.424759528881374 ], [ 15.449735108606721, 48.424686987935665 ], [ 15.449059717540152, 48.424539158930152 ], [ 15.449016211978329, 48.424533199126728 ], [ 15.448951495863772, 48.424524294551631 ], [ 15.4484727152063, 48.424466567707285 ], [ 15.448166886325392, 48.424429639593882 ], [ 15.447769387962015, 48.424379254930059 ], [ 15.447587964735169, 48.424376063441684 ], [ 15.447532225907642, 48.424375093715355 ], [ 15.447504221402609, 48.4243746112897 ], [ 15.447468235435354, 48.424374003513471 ], [ 15.44740708557598, 48.424372951796158 ], [ 15.447383141188952, 48.424372575748961 ], [ 15.447097519790619, 48.424376849925729 ], [ 15.446751292562574, 48.424340469921709 ], [ 15.446137863576222, 48.424276084004248 ], [ 15.445676009027451, 48.424165940438705 ], [ 15.445641879753024, 48.424157830086457 ], [ 15.445566384234203, 48.424139850749164 ], [ 15.444996545641956, 48.424027160020124 ], [ 15.444738820336379, 48.423999430379503 ], [ 15.444585790377849, 48.42398303322453 ], [ 15.444543560372654, 48.42397848838548 ], [ 15.44452373424682, 48.423976327613481 ], [ 15.444513686093376, 48.423975249670256 ], [ 15.444467385007004, 48.423970328552315 ], [ 15.443772602268648, 48.423724381214967 ], [ 15.443749280825113, 48.423716074854632 ], [ 15.44373099227667, 48.42369858941251 ], [ 15.443677675097994, 48.423647634739183 ], [ 15.443259127781635, 48.423246870531962 ], [ 15.443097013997972, 48.423110511387762 ], [ 15.442893284760308, 48.422948180071288 ], [ 15.442685904443323, 48.422779165850848 ], [ 15.442385818699154, 48.422534713334308 ], [ 15.4423712707293, 48.422522738886698 ], [ 15.442357697723329, 48.422511466662357 ], [ 15.442182903239177, 48.422365707531597 ], [ 15.442150159525839, 48.422338495219414 ], [ 15.441987574733796, 48.422210331345021 ], [ 15.441925252805751, 48.42215395980859 ], [ 15.441684949309938, 48.421936589244261 ], [ 15.44118944515607, 48.421610452632841 ], [ 15.441080671155097, 48.421538723219953 ], [ 15.440808423125441, 48.421379875536822 ], [ 15.440735722427876, 48.421337457891511 ], [ 15.440642381173319, 48.421282815652191 ], [ 15.440603714095715, 48.421259489084356 ], [ 15.440576544906801, 48.421242973366134 ], [ 15.440554648200141, 48.42122978169715 ], [ 15.440543694353655, 48.421223050989198 ], [ 15.440491032050661, 48.421191338964277 ], [ 15.440454300262727, 48.421169057169948 ], [ 15.44038388924913, 48.42112641800378 ], [ 15.440170319684457, 48.420994223368346 ], [ 15.440042730527983, 48.420915184367104 ], [ 15.439879399676476, 48.420838140192522 ], [ 15.439864787764398, 48.420831205519505 ], [ 15.439843472518231, 48.420822322300637 ], [ 15.439554800910297, 48.420701470206694 ], [ 15.439353444826363, 48.420659934226556 ], [ 15.439236748186454, 48.420635855975924 ], [ 15.438947966889224, 48.42058195006986 ], [ 15.438752661174473, 48.420539584042643 ], [ 15.43826819856756, 48.420463922492495 ], [ 15.438225150882745, 48.420462449517565 ], [ 15.437912298562797, 48.420451446194669 ], [ 15.437849214802199, 48.420449254687433 ], [ 15.437589667519914, 48.420459244387168 ], [ 15.437361568705745, 48.420468036582676 ], [ 15.437175341386864, 48.420472654131139 ], [ 15.436865990674299, 48.420464644216473 ], [ 15.436376068127752, 48.420464027199692 ], [ 15.436320501972085, 48.42046718819708 ], [ 15.436312678166699, 48.420467599144359 ], [ 15.436239175304395, 48.420471803212173 ], [ 15.436127772788019, 48.420478129918799 ], [ 15.436124785183303, 48.420461177413536 ], [ 15.43612319275466, 48.420451938102573 ], [ 15.436104634116921, 48.420434366393728 ], [ 15.436102724447933, 48.420430621619694 ], [ 15.436075339299832, 48.420378836353834 ], [ 15.436050163288005, 48.420331510305097 ], [ 15.436032881491672, 48.420298798824412 ], [ 15.436027904722328, 48.420289440537047 ], [ 15.436014719743843, 48.420264393565247 ], [ 15.435688881445781, 48.420050352010549 ], [ 15.435466570989622, 48.419872326370708 ], [ 15.435451342654554, 48.4198601833845 ], [ 15.435219127356477, 48.419647963113455 ], [ 15.435213230997688, 48.419642580506647 ], [ 15.435185713454377, 48.41961743169918 ], [ 15.435129835069251, 48.419566339429515 ], [ 15.435120006617819, 48.419557338438523 ], [ 15.435095139757079, 48.419534211419808 ], [ 15.434755947138472, 48.41921755998424 ], [ 15.434380952181669, 48.418907940902322 ], [ 15.434315002486143, 48.418845152155249 ], [ 15.434310920792115, 48.418841176520075 ], [ 15.434263112482762, 48.418795697301043 ], [ 15.43401954147431, 48.418563253569133 ], [ 15.433833079864643, 48.418428849992551 ], [ 15.433669173923004, 48.418317255125601 ], [ 15.433649346549242, 48.418305014735914 ], [ 15.433637010578247, 48.41829749845121 ], [ 15.433237173961476, 48.41817467292806 ], [ 15.433079619389694, 48.418126219357241 ], [ 15.432762539756206, 48.418030696755196 ], [ 15.432631811579432, 48.418040337305854 ], [ 15.432102845499838, 48.418079636783901 ], [ 15.431990878126099, 48.41808524994839 ], [ 15.431915439936573, 48.418074999281608 ], [ 15.431735197401654, 48.418050346940866 ], [ 15.430933099745742, 48.41794113590749 ], [ 15.430361820572383, 48.417920361287578 ], [ 15.43034165048434, 48.417919644024799 ], [ 15.430297652317323, 48.417918005288129 ], [ 15.430271119071802, 48.417917042448714 ], [ 15.430265420352191, 48.417916515000044 ], [ 15.430197864415256, 48.417910620604843 ], [ 15.430167205963306, 48.417907932264583 ], [ 15.430149281122185, 48.417905914891705 ], [ 15.430112756064291, 48.417901892274479 ], [ 15.430088727283577, 48.417899354717946 ], [ 15.430044736593409, 48.417894566431919 ], [ 15.429895518775945, 48.417878261841857 ], [ 15.429751736900894, 48.417862669218927 ], [ 15.429544375060042, 48.417839220625531 ], [ 15.429273188798277, 48.417808549980869 ], [ 15.429218503457085, 48.417776689387566 ], [ 15.428822832562402, 48.417546157411948 ], [ 15.428775076687945, 48.417515161953894 ], [ 15.428619040001214, 48.417413946597904 ], [ 15.428434135728139, 48.41729750279768 ], [ 15.428370055331825, 48.417257262365155 ], [ 15.428210672508246, 48.41715682640605 ], [ 15.428021747290797, 48.417037844729471 ], [ 15.427685380714342, 48.416886237029274 ], [ 15.427676568472549, 48.416882256102639 ], [ 15.427580232468429, 48.416839894810266 ], [ 15.42757252268129, 48.416836433971255 ], [ 15.427395121056227, 48.416758275599364 ], [ 15.427347091979845, 48.416737182336895 ], [ 15.427074605961964, 48.416497325279572 ], [ 15.427042786649293, 48.416469282454372 ], [ 15.426846260009716, 48.416272602168675 ], [ 15.426669638330026, 48.416200277469166 ], [ 15.426129876437493, 48.415979160259482 ], [ 15.426113346049998, 48.415954802096152 ], [ 15.426048779581834, 48.41585905115744 ], [ 15.426039716945503, 48.415845536665373 ], [ 15.42603669849397, 48.415841091778013 ], [ 15.425921829364206, 48.415761539684858 ], [ 15.42574618457906, 48.415639796793194 ], [ 15.4254912973341, 48.41555393715489 ], [ 15.425412547006715, 48.415455020954376 ], [ 15.42536829006799, 48.415440247881122 ], [ 15.425324033154528, 48.415425474791007 ], [ 15.425159745473717, 48.415370562900783 ], [ 15.425159874687321, 48.415360392784777 ], [ 15.425160151597895, 48.415287053690449 ], [ 15.425132050054732, 48.415260653335849 ], [ 15.42503299952795, 48.415167769612118 ], [ 15.424997282338579, 48.415096785433541 ], [ 15.424915040757742, 48.415018447057072 ], [ 15.424876942244961, 48.414982148036309 ], [ 15.424884750360141, 48.41493458832295 ], [ 15.424925532273059, 48.414719793531638 ], [ 15.424797352828282, 48.414722091331832 ], [ 15.424685242818361, 48.414724010968278 ], [ 15.424565380172936, 48.414838365156854 ], [ 15.423950313048632, 48.414689762478211 ], [ 15.423587365362796, 48.41466567206772 ], [ 15.423577615034899, 48.414665216886057 ], [ 15.423537792413455, 48.414663140923665 ], [ 15.423540601280543, 48.414485199139783 ], [ 15.423619742301755, 48.414426733640084 ], [ 15.423727754530814, 48.414346875323758 ], [ 15.423851661529207, 48.414282388710312 ], [ 15.423898654116785, 48.414257881811295 ], [ 15.424082896154706, 48.414164599814789 ], [ 15.424255834617497, 48.414055863473124 ], [ 15.424645748438609, 48.413811056348614 ], [ 15.424859304395676, 48.413640584142854 ], [ 15.424914886289294, 48.413584519603631 ], [ 15.424969863542611, 48.413543582614018 ], [ 15.425523049693897, 48.413419118580322 ], [ 15.425785844766732, 48.41335996741531 ], [ 15.425862554871653, 48.413351753078679 ], [ 15.4259649676119, 48.413340738185255 ], [ 15.42599726658243, 48.413337279473744 ], [ 15.426038720803346, 48.413332936690608 ], [ 15.426244002254284, 48.413372265119094 ], [ 15.426417342294682, 48.41335709807737 ], [ 15.426482531406949, 48.413351429517299 ], [ 15.426572769651971, 48.413343511888876 ], [ 15.42657722025532, 48.413336593508291 ], [ 15.426600626949583, 48.41330045123204 ], [ 15.42646013370336, 48.413061913681311 ], [ 15.426252748365833, 48.412710120551417 ], [ 15.426100712627937, 48.412440116427035 ], [ 15.42606240015634, 48.412371788487732 ], [ 15.42605060497362, 48.412350854605229 ], [ 15.426039692951239, 48.412331704493447 ], [ 15.426020161755229, 48.412289943873688 ], [ 15.425984945835022, 48.412214631852272 ], [ 15.425883298289058, 48.411997352098012 ], [ 15.425823077981134, 48.411868590073908 ], [ 15.425753238570106, 48.411719214997134 ], [ 15.42573840131563, 48.411683218885372 ], [ 15.425685504059645, 48.411555045290932 ], [ 15.425683701425228, 48.411550578585626 ], [ 15.425678304438948, 48.411537448215853 ], [ 15.425642466188961, 48.411373246312131 ], [ 15.425643117784603, 48.411359287617202 ], [ 15.425652758383986, 48.411136592427347 ], [ 15.42565377237235, 48.411114888890054 ], [ 15.42542521707859, 48.411091363615128 ], [ 15.425347446644965, 48.411083310237643 ], [ 15.425321388114101, 48.411080628188792 ], [ 15.425261671415532, 48.411074500537254 ], [ 15.425214938051283, 48.411071919244556 ], [ 15.424968813198561, 48.411058426031744 ], [ 15.424901627862763, 48.411054771597541 ], [ 15.424547541695299, 48.411035294688375 ], [ 15.424401861069347, 48.411015680702135 ], [ 15.424333055130145, 48.411012054989641 ], [ 15.424310573649334, 48.411010928256459 ], [ 15.424304612906706, 48.411010585187476 ], [ 15.424291881072216, 48.411009913572371 ], [ 15.424068668847491, 48.41099816734436 ], [ 15.423902614871633, 48.410989445585784 ], [ 15.423878505441126, 48.410988167980463 ], [ 15.423482468486533, 48.410967370022227 ], [ 15.423262154035401, 48.410960429296608 ], [ 15.42310673902379, 48.410960783828678 ], [ 15.423081333551862, 48.410960878984504 ], [ 15.423017072517629, 48.410956001340061 ], [ 15.422801793537108, 48.410939881508376 ], [ 15.422779396437692, 48.410917427560378 ], [ 15.422316401089649, 48.410915281103549 ], [ 15.422175678481993, 48.410914651470698 ], [ 15.422038690438423, 48.410875982988841 ], [ 15.4218317031466, 48.410817512023144 ], [ 15.421480678396874, 48.410696382956566 ], [ 15.421131794487421, 48.410541201879695 ], [ 15.421047963294813, 48.410513548374816 ], [ 15.420757715580447, 48.410418053785072 ], [ 15.420546346735081, 48.410348051489116 ], [ 15.420384291962796, 48.410294352910128 ], [ 15.420273128566206, 48.41026925737296 ], [ 15.420195519377575, 48.410251749750898 ], [ 15.42002667578145, 48.410214008704692 ], [ 15.419762910929096, 48.410158439276174 ], [ 15.4197588229622, 48.410157612580967 ], [ 15.41973673705936, 48.410152878677415 ], [ 15.41968984600252, 48.410143009585447 ], [ 15.419777731558527, 48.409872575872036 ], [ 15.419761825675762, 48.409866921622395 ] ] ] } }
]
}
