category,name,slug,prefix,roundness,rectangularity,mobile_fit
europe_lau,Vidlatá Seč,vidlata_sec,vi,49.62,65.74,16.86
europe_lau,Víska u Jevíčka,viska_u_jevicka,vi,35.05,68.65,7.71
europe_lau,Vítějeves,vitejeves,vi,51.91,65.51,23.3
europe_lau,Vísky,visky,vi,39.79,65.51,21.75
europe_lau,Vilantice,vilantice,vi,45.06,62.38,77.21
europe_lau,Vilémovice,vilemovice,vi,58.19,63.41,45.93
europe_lau,Vísky,visky,vi,41.33,64.35,66.92
europe_lau,Víchová nad Jizerou,vichova_nad_jizerou,vi,55.62,59.88,38.88
europe_lau,Vítkovice,vitkovice,vi,37.32,68.14,91.59
europe_lau,Viničné Šumice,vinicne_sumice,vi,43.58,51.63,47.21
europe_lau,Vizovice,vizovice,vi,42.86,63.15,98.79
europe_lau,Vítězná,vitezna,vi,39.6,54.04,10.46
europe_lau,Vílanec,vilanec,vi,47.31,65.39,65.81
europe_lau,Vícenice,vicenice,vi,38.69,76.38,-55.25
europe_lau,Vítonice,vitonice,vi,71.2,71.5,49.32
europe_lau,Víceměřice,vicemerice,vi,25.24,47.13,87.28
europe_lau,Vícov,vicov,vi,55.5,68.33,26.73
europe_lau,Vitčice,vitcice,vi,54.8,67.2,72.99
europe_lau,Vídeň,viden,vi,48.55,69.37,49.5
europe_lau,Vidonín,vidonin,vi,63.11,75.55,34.36
europe_lau,Vír,vir,vi,33.77,47.89,51.66
europe_lau,Višňové,visnove,vi,67.81,71.83,44.7
europe_lau,Vítonice,vitonice,vi,47.18,64.86,25.64
europe_lau,Viöl,viol,vi,34.66,54.29,8.79
europe_lau,Vichtenstein,vichtenstein,vi,33.83,57.12,97.13
europe_lau,Vierden,vierden,vi,58.73,75.79,51.89
europe_lau,"Visselhövede, Stadt",visselhovede_stadt,vi,56.6,64.79,55.08
europe_lau,"Viernheim, Stadt",viernheim_stadt,vi,66.04,71.5,46.28
europe_lau,Vierhöfen,vierhofen,vi,40.61,61.97,57.93
europe_lau,"Viersen, Stadt",viersen_stadt,vi,61.45,73.32,41.55
europe_lau,Visbek,visbek,vi,70.19,71.08,61.69
europe_lau,"Villmar, Marktflecken",villmar_marktflecken,vi,51.59,58.22,45.02
europe_lau,Viehhofen,viehhofen,vi,56.18,67.02,58.65
europe_lau,Virneburg,virneburg,vi,46.31,67.74,45.17
europe_lau,Vielbach,vielbach,vi,51.2,58.46,46.63
europe_lau,Vierherrenborn,vierherrenborn,vi,25.01,41.99,95.37
europe_lau,Vinningen,vinningen,vi,43.57,67.98,37.27
europe_lau,Villingendorf,villingendorf,vi,46.68,72.19,35.75
europe_lau,"Villingen-Schwenningen, Stadt",villingen_schwenningen_stadt,vi,39.07,51.17,15.86
europe_lau,"Viechtach, St",viechtach_st,vi,55.88,61.38,47.82
europe_lau,Vilgertshofen,vilgertshofen,vi,45.72,56.9,8.9
europe_lau,"Vilsbiburg, St",vilsbiburg_st,vi,59.12,66.9,63.97
europe_lau,Vilsheim,vilsheim,vi,53.86,56.86,49.76
europe_lau,"Vilshofen an der Donau, St",vilshofen_an_der_donau_st,vi,31.98,43.85,19.27
europe_lau,Viktorsberg,viktorsberg,vi,24.01,44.84,-67.21
europe_lau,Vierkirchen,vierkirchen,vi,37.2,54.83,-9.46
europe_lau,Villenbach,villenbach,vi,39.06,53.89,67.65
europe_lau,"Vilseck, St",vilseck_st,vi,62.17,67.54,42.94
europe_lau,Vilvoorde,vilvoorde,vi,24.27,54.73,22.39
europe_lau,Virgen,virgen,vi,57.98,65.65,56.21
europe_lau,Vierlinden,vierlinden,vi,32.61,45.56,9.55
europe_lau,Viborg,viborg,vi,59.73,59.8,58.09
europe_lau,Видин,vidin,vi,41.15,48.42,50.23
europe_lau,Viator,viator,vi,41.94,72.53,67.14
europe_lau,Vícar,vicar,vi,29.44,39.66,65.87
europe_lau,Vilafranca de Bonany,vilafranca_de_bonany,vi,60.61,66.85,40.54
europe_lau,"Vid de Ojeda, La",vid_de_ojeda_la,vi,29.08,52.28,-54.63
europe_lau,Viandar de la Vera,viandar_de_la_vera,vi,25.9,59.73,82.37
europe_lau,Villa del Campo,villa_del_campo,vi,56.13,66.5,51.42
europe_lau,Villa del Rey,villa_del_rey,vi,34.06,57.87,74.56
europe_lau,Villamesías,villamesias,vi,40.15,56.16,24.3
europe_lau,Villamiel,villamiel,vi,64.28,79.92,50.35
europe_lau,Villanueva de la Sierra,villanueva_de_la_sierra,vi,39.13,54.36,82.38
europe_lau,Villanueva de la Vera,villanueva_de_la_vera,vi,36.88,68.07,96.66
europe_lau,Villar del Pedroso,villar_del_pedroso,vi,18.97,46.37,93.2
europe_lau,Villar de Plasencia,villar_de_plasencia,vi,50.57,68.35,84.79
europe_lau,Villasbuenas de Gata,villasbuenas_de_gata,vi,47.66,69.25,75.32
europe_lau,Villaluenga del Rosario,villaluenga_del_rosario,vi,47.9,63.27,85.5
europe_lau,Villamartín,villamartin,vi,45.45,64.97,76.09
europe_lau,Villabuena de Álava,villabuena_de_alava,vi,46.36,57.17,74.03
europe_lau,Vitoria-Gasteiz,vitoria_gasteiz,vi,51.42,59.27,22.16
europe_lau,Villablino,villablino,vi,50.2,64.18,45.79
europe_lau,Villabraz,villabraz,vi,33.69,53.74,56.66
europe_lau,Villadangos del Páramo,villadangos_del_paramo,vi,48.01,60.91,49.8
europe_lau,Villademor de la Vega,villademor_de_la_vega,vi,29.39,67.65,-104.35
europe_lau,Villafranca del Bierzo,villafranca_del_bierzo,vi,32.6,60.61,98.6
europe_lau,Villagatón,villagaton,vi,40.63,58.03,56.44
europe_lau,Villamandos,villamandos,vi,58.9,85.97,52.67
europe_lau,Villamañán,villamanan,vi,67.53,75.99,64.68
europe_lau,Villamartín de Don Sancho,villamartin_de_don_sancho,vi,53.06,72.17,68.74
europe_lau,Villamejil,villamejil,vi,53.06,69.17,82.94
europe_lau,Villamol,villamol,vi,33.86,56.46,49.7
europe_lau,Villamontán de la Valduerna,villamontan_de_la_valduerna,vi,50.37,57.65,46.25
europe_lau,Villamoratiel de las Matas,villamoratiel_de_las_matas,vi,52.16,70,19.61
europe_lau,Villanueva de las Manzanas,villanueva_de_las_manzanas,vi,61.32,72.53,50.99
europe_lau,Villaobispo de Otero,villaobispo_de_otero,vi,49.62,60.11,23.24
europe_lau,Villaquejida,villaquejida,vi,37.72,42.59,62.88
europe_lau,Villaquilambre,villaquilambre,vi,44.07,54.98,76.28
europe_lau,Villarejo de Órbigo,villarejo_de_orbigo,vi,38.37,57.39,46.24
europe_lau,Villares de Órbigo,villares_de_orbigo,vi,59.46,64.06,32.05
europe_lau,Villasabariego,villasabariego,vi,48.6,64.9,36.13
europe_lau,Villaselán,villaselan,vi,29.45,45.92,74.52
europe_lau,Villaturiel,villaturiel,vi,50.98,61.67,77.29
europe_lau,Villazala,villazala,vi,27.74,55.65,83.62
europe_lau,Villazanzo de Valderaduey,villazanzo_de_valderaduey,vi,34.82,54.08,94.92
europe_lau,Villamanín,villamanin,vi,50.11,59.17,44.98
europe_lau,Villaornate y Castro,villaornate_y_castro,vi,40.21,68.76,89.45
europe_lau,Vilassar de Dalt,vilassar_de_dalt,vi,33.55,62.14,46.97
europe_lau,Vilassar de Mar,vilassar_de_mar,vi,48.71,82.87,28.85
europe_lau,"Vid y Barrios, La",vid_y_barrios_la,vi,50.45,66.39,16.84
europe_lau,"Vid de Bureba, La",vid_de_bureba_la,vi,56.36,67.87,81.35
europe_lau,Vileña,vilena,vi,65.87,81.89,50.13
europe_lau,Viloria de Rioja,viloria_de_rioja,vi,19.72,40.79,83.7
europe_lau,Vilviestre del Pinar,vilviestre_del_pinar,vi,23.65,60.2,76.96
europe_lau,Villadiego,villadiego,vi,54.7,65.56,22.56
europe_lau,Villaescusa de Roa,villaescusa_de_roa,vi,43.62,66.15,-28.65
europe_lau,Villaescusa la Sombría,villaescusa_la_sombria,vi,29.08,48.23,94.76
europe_lau,Villaespasa,villaespasa,vi,38.83,71.36,96.34
europe_lau,Villafranca Montes de Oca,villafranca_montes_de_oca,vi,44.69,57.09,58.62
europe_lau,Villafruela,villafruela,vi,62.02,75.21,43.38
europe_lau,Villagalijo,villagalijo,vi,30.78,55.31,73.47
europe_lau,Villagonzalo Pedernales,villagonzalo_pedernales,vi,51.79,69.59,2.53
europe_lau,Villahoz,villahoz,vi,49.41,59.83,76.87
europe_lau,Villalba de Duero,villalba_de_duero,vi,74.35,75.45,44.88
europe_lau,Villalbilla de Burgos,villalbilla_de_burgos,vi,40.15,62.68,86.78
europe_lau,Villalbilla de Gumiel,villalbilla_de_gumiel,vi,57.74,64.74,63.9
europe_lau,Villaldemiro,villaldemiro,vi,40.52,51.28,9.95
europe_lau,Villalmanzo,villalmanzo,vi,65.64,70.73,59.23
europe_lau,Villamayor de los Montes,villamayor_de_los_montes,vi,47.76,64.69,-7.73
europe_lau,Villaflor,villaflor,vi,51.06,71.97,57.15
europe_lau,Villafranca de la Sierra,villafranca_de_la_sierra,vi,44.36,46.59,49.24
europe_lau,Villanueva de Gómez,villanueva_de_gomez,vi,50.14,63.31,56.48
europe_lau,Villanueva del Aceral,villanueva_del_aceral,vi,62.68,75.25,38.08
europe_lau,Villanueva del Campillo,villanueva_del_campillo,vi,56.97,69.39,43.27
europe_lau,Villar de Corneja,villar_de_corneja,vi,38.02,76.68,-17.65
europe_lau,Villarejo del Valle,villarejo_del_valle,vi,39.59,63.99,92.6
europe_lau,Villatoro,villatoro,vi,42.25,53.85,52.38
europe_lau,Viñegra de Moraña,vinegra_de_morana,vi,73.3,71.32,55.59
europe_lau,Vita,vita,vi,45.48,64.94,82.23
europe_lau,Villanueva de Ávila,villanueva_de_avila,vi,40.8,62.08,80.27
europe_lau,Vianos,vianos,vi,42.81,52.05,51.62
europe_lau,Villa de Ves,villa_de_ves,vi,62.47,64.13,63.86
europe_lau,Villalgordo del Júcar,villalgordo_del_jucar,vi,43.46,69.86,55.31
europe_lau,Villamalea,villamalea,vi,41.57,73.13,11.09
europe_lau,Villapalacios,villapalacios,vi,46.41,68.93,-0.98
europe_lau,Villarrobledo,villarrobledo,vi,55.26,60.36,26.37
europe_lau,Villatoya,villatoya,vi,57.49,64.46,56.83
europe_lau,Villavaliente,villavaliente,vi,42.63,66.28,31.16
europe_lau,Villaverde de Guadalimar,villaverde_de_guadalimar,vi,62.74,64.25,50.54
europe_lau,Viveros,viveros,vi,45.08,53.38,83.42
europe_lau,Villers-Le-Bouillet,villers_le_bouillet,vi,42.94,60.94,69.55
europe_lau,Vic,vic,vi,31.49,50.02,40.32
europe_lau,Vilada,vilada,vi,57.19,64.71,54.11
europe_lau,Viladecavalls,viladecavalls,vi,64.22,73.66,60.55
europe_lau,Viladecans,viladecans,vi,34.28,69.41,59.56
europe_lau,Vilanova del Camí,vilanova_del_cami,vi,17.43,42.12,5.46
europe_lau,Vilanova de Sau,vilanova_de_sau,vi,48.72,59.02,76.81
europe_lau,Vilobí del Penedès,vilobi_del_penedes,vi,38.13,60.08,39.96
europe_lau,Vilafranca del Penedès,vilafranca_del_penedes,vi,55.09,65.49,43.01
europe_lau,Vilalba Sasserra,vilalba_sasserra,vi,30.97,53.37,19.95
europe_lau,Vilanova i la Geltrú,vilanova_i_la_geltru,vi,59.72,77.05,67.03
europe_lau,Viver i Serrateix,viver_i_serrateix,vi,50.04,56.54,49.73
europe_lau,Villamayor de Treviño,villamayor_de_trevino,vi,48.18,63.21,78.3
europe_lau,Villambistia,villambistia,vi,32.43,68.48,84.29
europe_lau,Villamedianilla,villamedianilla,vi,23.35,55.33,-12.83
europe_lau,Villamiel de la Sierra,villamiel_de_la_sierra,vi,42.48,63.13,3.79
europe_lau,Villaconejos de Trabaque,villaconejos_de_trabaque,vi,56.9,80.95,34.07
europe_lau,Villaescusa de Haro,villaescusa_de_haro,vi,41.09,64.82,37.18
europe_lau,Villagarcía del Llano,villagarcia_del_llano,vi,46.87,58.19,80.87
europe_lau,Villalba de la Sierra,villalba_de_la_sierra,vi,59.1,68.35,69
europe_lau,Villalba del Rey,villalba_del_rey,vi,44.12,57.22,67.38
europe_lau,Villalgordo del Marquesado,villalgordo_del_marquesado,vi,43.07,69.31,-23.14
europe_lau,Villalpardo,villalpardo,vi,32.15,62.43,-11.51
europe_lau,Villamayor de Santiago,villamayor_de_santiago,vi,57.55,63.31,71.37
europe_lau,Villanueva de Guadamejud,villanueva_de_guadamejud,vi,39.28,62.58,98.64
europe_lau,Villanueva de la Jara,villanueva_de_la_jara,vi,39.65,55.34,-5.03
europe_lau,Villar de Cañas,villar_de_canas,vi,52.26,62.04,73.18
europe_lau,Villar de Domingo García,villar_de_domingo_garcia,vi,38.69,54.89,88.08
europe_lau,Villar de la Encina,villar_de_la_encina,vi,48.75,60.05,79.43
europe_lau,Villar del Humo,villar_del_humo,vi,52.4,61.73,70.37
europe_lau,Villar del Infantado,villar_del_infantado,vi,52.31,61.39,52.34
europe_lau,Villar de Olalla,villar_de_olalla,vi,31.08,50.95,-36.15
europe_lau,Villarejo de Fuentes,villarejo_de_fuentes,vi,61.46,67.93,33.11
europe_lau,Villarejo de la Peñuela,villarejo_de_la_penuela,vi,60.48,78.01,36.53
europe_lau,Villarejo-Periesteban,villarejo_periesteban,vi,39.58,63.3,98.94
europe_lau,Villares del Saz,villares_del_saz,vi,49.19,57.79,58.57
europe_lau,Villarrubio,villarrubio,vi,32.35,58.36,-25.79
europe_lau,Villarta,villarta,vi,32.81,57.91,-52.67
europe_lau,Villas de la Ventosa,villas_de_la_ventosa,vi,60.91,72.95,33.4
europe_lau,Villaverde y Pasaconsol,villaverde_y_pasaconsol,vi,40.61,69.02,17.94
europe_lau,Víllora,villora,vi,53.44,63.41,23.64
europe_lau,Vindel,vindel,vi,56.42,73.29,83.4
europe_lau,Villar y Velasco,villar_y_velasco,vi,59.31,69.78,60.31
europe_lau,Villangómez,villangomez,vi,60.17,64.29,75.27
europe_lau,Villanueva de Argaño,villanueva_de_argano,vi,46.4,77.71,-8.14
europe_lau,Villanueva de Carazo,villanueva_de_carazo,vi,29.78,46.36,80.53
europe_lau,Villanueva de Gumiel,villanueva_de_gumiel,vi,70,76.7,60.98
europe_lau,Villanueva de Teba,villanueva_de_teba,vi,20.44,61.62,69.83
europe_lau,Villaquirán de la Puebla,villaquiran_de_la_puebla,vi,59.61,66.87,39.23
europe_lau,Villaquirán de los Infantes,villaquiran_de_los_infantes,vi,41.4,62.73,76.92
europe_lau,Villariezo,villariezo,vi,49.62,60.55,84.61
europe_lau,Villasandino,villasandino,vi,63.33,70.44,38.38
europe_lau,Villasur de Herreros,villasur_de_herreros,vi,43.74,52.77,6.07
europe_lau,Villatuelda,villatuelda,vi,44.91,61.7,94.45
europe_lau,Villaverde del Monte,villaverde_del_monte,vi,38.85,45.2,39.44
europe_lau,Villaverde-Mogina,villaverde_mogina,vi,54.03,74.84,78.9
europe_lau,Villayerno Morquillas,villayerno_morquillas,vi,62.91,76.89,42
europe_lau,Villazopeque,villazopeque,vi,54.64,81.47,82.84
europe_lau,Villegas,villegas,vi,58.91,76.9,38.26
europe_lau,Villoruebo,villoruebo,vi,40.36,68.89,34.67
europe_lau,Vizcaínos,vizcainos,vi,49.8,56.48,61.8
europe_lau,Villarcayo de Merindad de Castilla la Vieja,villarcayo_de_merindad_de_castilla_la_vieja,vi,61.21,68.52,66.37
europe_lau,Vidrà,vidra,vi,36.98,48.67,34
europe_lau,Vidreres,vidreres,vi,47.51,61.7,12.82
europe_lau,Vilabertran,vilabertran,vi,59.32,74.53,51.73
europe_lau,Vilablareix,vilablareix,vi,46.48,66.61,-4.84
europe_lau,Viladasens,viladasens,vi,65.77,77.4,51.12
europe_lau,Vilafamés,vilafames,vi,38.57,59.47,17.27
europe_lau,Vilafranca,vilafranca,vi,48.73,67.08,29.31
europe_lau,Villahermosa del Río,villahermosa_del_rio,vi,61.33,71.56,27.48
europe_lau,Villamalur,villamalur,vi,46.69,60.55,1.39
europe_lau,Vilanova d'Alcolea,vilanova_d_alcolea,vi,59.84,66.63,35.25
europe_lau,Villanueva de Viver,villanueva_de_viver,vi,41.69,52.07,40.04
europe_lau,Vilar de Canes,vilar_de_canes,vi,56.29,75.02,51.15
europe_lau,Vila-real,vila_real,vi,51.59,59.66,54.85
europe_lau,"Vilavella, la",vilavella_la,vi,50.3,72.62,29.76
europe_lau,Villores,villores,vi,43.39,71.4,-30.41
europe_lau,Vinaròs,vinaros,vi,48.58,73.2,69.31
europe_lau,Vistabella del Maestrat,vistabella_del_maestrat,vi,49.65,70.09,55.87
europe_lau,Viver,viver,vi,46.57,70.17,77.22
europe_lau,Viladamat,viladamat,vi,54.6,63.77,20.03
europe_lau,Vilademuls,vilademuls,vi,35.18,55.29,97.37
europe_lau,Viladrau,viladrau,vi,48.33,65.78,71.12
europe_lau,Vilafant,vilafant,vi,39.41,53.38,83.03
europe_lau,Vilaür,vilaur,vi,54.23,68.63,71.62
europe_lau,Vilajuïga,vilajuiga,vi,60.57,67.16,61.24
europe_lau,Vilallonga de Ter,vilallonga_de_ter,vi,52.08,69.95,70.46
europe_lau,Vilamacolum,vilamacolum,vi,62.77,69.64,78.27
europe_lau,Vilamalla,vilamalla,vi,31.85,54.78,-8.62
europe_lau,Vilamaniscle,vilamaniscle,vi,49.3,70.2,42.5
europe_lau,Vilanant,vilanant,vi,48.96,70.96,91.18
europe_lau,Vila-sacra,vila_sacra,vi,48.34,77.02,9.01
europe_lau,Vilopriu,vilopriu,vi,40.15,63.75,70.71
europe_lau,Vilobí d'Onyar,vilobi_d_onyar,vi,52.02,67.68,78.18
europe_lau,Viroinval,viroinval,vi,56.26,63.14,58.8
europe_lau,Villa de Otura,villa_de_otura,vi,27,64.81,58.84
europe_lau,Villahermosa,villahermosa,vi,61.49,69.96,67.51
europe_lau,Villamanrique,villamanrique,vi,41.58,58.28,-10.67
europe_lau,Villamayor de Calatrava,villamayor_de_calatrava,vi,33.57,63.82,-81.52
europe_lau,Villanueva de la Fuente,villanueva_de_la_fuente,vi,46.7,73.36,93.26
europe_lau,Villanueva de los Infantes,villanueva_de_los_infantes,vi,60.45,65.57,63.36
europe_lau,Villanueva de San Carlos,villanueva_de_san_carlos,vi,56.83,65.3,51.33
europe_lau,Villar del Pozo,villar_del_pozo,vi,38.6,57.79,60.03
europe_lau,Villarrubia de los Ojos,villarrubia_de_los_ojos,vi,53.16,63.59,45.54
europe_lau,Villarta de San Juan,villarta_de_san_juan,vi,30.09,60.08,94.38
europe_lau,Viso del Marqués,viso_del_marques,vi,50.3,54.37,47.99
europe_lau,Villafranca de los Barros,villafranca_de_los_barros,vi,44.41,76.81,98.47
europe_lau,Villagarcía de la Torre,villagarcia_de_la_torre,vi,55.8,72.72,67.71
europe_lau,Villagonzalo,villagonzalo,vi,38.41,66.4,93.51
europe_lau,Villalba de los Barros,villalba_de_los_barros,vi,32.41,59.5,94.57
europe_lau,Villanueva de la Serena,villanueva_de_la_serena,vi,61.24,66.19,57.75
europe_lau,Villanueva del Fresno,villanueva_del_fresno,vi,49.08,67.94,19.45
europe_lau,Villar del Rey,villar_del_rey,vi,60.31,68.29,76.33
europe_lau,Villar de Rena,villar_de_rena,vi,48.06,64.82,11.99
europe_lau,Villarta de los Montes,villarta_de_los_montes,vi,36.1,51.26,19.83
europe_lau,Villanueva de las Torres,villanueva_de_las_torres,vi,39.78,47.92,64.75
europe_lau,Villanueva Mesía,villanueva_mesia,vi,46.74,65.62,63.33
europe_lau,Víznar,viznar,vi,23.06,50.62,51.31
europe_lau,Villamena,villamena,vi,62.91,67.59,48.34
europe_lau,Villajoyosa,villajoyosa,vi,36.85,61.77,-2.62
europe_lau,Villena,villena,vi,40.12,55,94.03
europe_lau,"Victoria, La",victoria_la,vi,42.74,61.05,94.23
europe_lau,Villa del Río,villa_del_rio,vi,40.83,55.54,61.42
europe_lau,Villafranca de Córdoba,villafranca_de_cordoba,vi,41.46,63.83,92.06
europe_lau,Villaharta,villaharta,vi,59.39,74.76,66.92
europe_lau,Villanueva de Córdoba,villanueva_de_cordoba,vi,38.28,66.85,91.63
europe_lau,Villanueva del Duque,villanueva_del_duque,vi,39.73,45.16,67.7
europe_lau,Villanueva del Rey,villanueva_del_rey,vi,44.57,65.2,82.28
europe_lau,Villaralto,villaralto,vi,42.56,60.63,77.28
europe_lau,Villaviciosa de Córdoba,villaviciosa_de_cordoba,vi,39.32,60.43,-28.66
europe_lau,"Viso, El",viso_el,vi,22.72,40.1,45.71
europe_lau,Vilasantar,vilasantar,vi,44.48,58.76,43.77
europe_lau,Vilarmaior,vilarmaior,vi,42.71,57.23,84.07
europe_lau,Vimianzo,vimianzo,vi,55.39,65.67,74.26
europe_lau,Virton,virton,vi,53.54,67.18,87.31
europe_lau,Vielitzsee,vielitzsee,vi,56.5,69.9,85.01
europe_lau,Vielsalm,vielsalm,vi,33.06,46.22,2.74
europe_lau,Villers-la-Ville,villers_la_ville,vi,47.51,63.14,43.11
europe_lau,Viimsi vald,viimsi_vald,vi,30.18,52.52,75.85
europe_lau,Viljandi linn,viljandi_linn,vi,53.34,73.68,67.87
europe_lau,Viljandi vald,viljandi_vald,vi,48.71,57.21,70.25
europe_lau,Vinni vald,vinni_vald,vi,53.19,64.04,78.59
europe_lau,Viru-Nigula vald,viru_nigula_vald,vi,34.33,59.3,-8.34
europe_lau,Viereck,viereck,vi,34.04,54.67,-22
europe_lau,Villach,villach,vi,36.34,55.91,-21.6
europe_lau,Vielank,vielank,vi,59.39,71.02,61.87
europe_lau,Viereth-Trunstadt,viereth_trunstadt,vi,50.57,72.64,4.23
europe_lau,Vils,vils,vi,46.29,66.23,22.92
europe_lau,Vieremä,vierema,vi,54.56,66.84,73.99
europe_lau,Vihti,vihti,vi,45.09,59.79,81.11
europe_lau,Viitasaari,viitasaari,vi,51.66,66.73,46.16
europe_lau,Vimpeli,vimpeli,vi,53.51,63.43,36.52
europe_lau,Virolahti,virolahti,vi,50.29,58.13,25.01
europe_lau,Virrat,virrat,vi,56.52,67.19,43.32
europe_lau,Vichy,vichy,vi,26.42,56.84,92.78
europe_lau,Vicq,vicq,vi,53.72,68.54,75.02
europe_lau,Vieure,vieure,vi,55.28,63.54,27.42
europe_lau,Villebret,villebret,vi,34.91,60.82,86.51
europe_lau,Villefranche-d'Allier,villefranche_d_allier,vi,49.67,67.41,86.94
europe_lau,Villeneuve-sur-Allier,villeneuve_sur_allier,vi,38.05,53.2,83.07
europe_lau,Viplaix,viplaix,vi,58.04,72.36,27.28
europe_lau,Vibrac,vibrac,vi,40.54,58.49,90.15
europe_lau,Villebois-les-Pins,villebois_les_pins,vi,36.52,57.77,15.52
europe_lau,Villefranche-le-Château,villefranche_le_chateau,vi,34,62.38,44.6
europe_lau,Villeperdrix,villeperdrix,vi,56.58,66.98,47.35
europe_lau,Vinsobres,vinsobres,vi,51.37,70.46,73.75
europe_lau,Vignevieille,vignevieille,vi,61.36,69.71,57.48
europe_lau,Villalier,villalier,vi,57.22,72.69,48.65
europe_lau,Villanière,villaniere,vi,18.92,55.04,14.47
europe_lau,Villardebelle,villardebelle,vi,59.53,72.29,66.81
europe_lau,Villardonnel,villardonnel,vi,34.62,49.41,69.05
europe_lau,Villar-en-Val,villar_en_val,vi,61.88,78.64,60.03
europe_lau,Villar-Saint-Anselme,villar_saint_anselme,vi,51.95,81.58,28.01
europe_lau,Villarzel-Cabardès,villarzel_cabardes,vi,74.51,79.84,57.09
europe_lau,Villarzel-du-Razès,villarzel_du_razes,vi,41,60.99,29.82
europe_lau,Villasavary,villasavary,vi,58.47,76.19,34.05
europe_lau,Villautou,villautou,vi,42.19,72.08,96.07
europe_lau,Villebazy,villebazy,vi,44,61.09,37.44
europe_lau,Villedaigne,villedaigne,vi,44.63,65.56,56.43
europe_lau,Villedubert,villedubert,vi,54.2,63.04,73.86
europe_lau,Villefloure,villefloure,vi,54.88,63.59,47.77
europe_lau,Villefort,villefort,vi,51.5,74.69,-24.71
europe_lau,Villegailhenc,villegailhenc,vi,52.5,73.79,63.97
europe_lau,Villegly,villegly,vi,54.61,57.79,60.33
europe_lau,Villelongue-d'Aude,villelongue_d_aude,vi,50.53,57.14,56.9
europe_lau,Villemagne,villemagne,vi,31.21,59.54,89.22
europe_lau,Villemoustaussou,villemoustaussou,vi,45.81,61.01,22.76
europe_lau,Villeneuve-la-Comptal,villeneuve_la_comptal,vi,58.86,68.72,62.03
europe_lau,Villeneuve-les-Corbières,villeneuve_les_corbieres,vi,51.83,69.73,71.65
europe_lau,Villeneuve-lès-Montréal,villeneuve_les_montreal,vi,59.22,70.65,55.41
europe_lau,Villeneuve-Minervois,villeneuve_minervois,vi,42.64,56.7,81.15
europe_lau,Villepinte,villepinte,vi,50.61,61.29,73.05
europe_lau,Villerouge-Termenès,villerouge_termenes,vi,46.66,72.47,34.22
europe_lau,Villesèque-des-Corbières,villeseque_des_corbieres,vi,57.79,69.27,79.12
europe_lau,Villesèquelande,villesequelande,vi,55.01,72.14,84.81
europe_lau,Villesiscle,villesiscle,vi,50.81,76.77,1.28
europe_lau,Villespy,villespy,vi,54.07,70.32,80.15
europe_lau,Villetritouls,villetritouls,vi,22,49.15,80.16
europe_lau,Vinassan,vinassan,vi,38.46,67.22,-48.87
europe_lau,Villars-le-Terroir,villars_le_terroir,vi,43.32,52.88,62.49
europe_lau,Villars-sur-Glâne,villars_sur_glane,vi,63.46,73.05,47.69
europe_lau,Vierlas,vierlas,vi,48.85,72.05,68.47
europe_lau,"Vilueña, La",viluena_la,vi,31.7,59.67,25.24
europe_lau,Villadoz,villadoz,vi,32.26,59.57,13.49
europe_lau,Villafeliche,villafeliche,vi,45.24,67.57,9.39
europe_lau,Villafranca de Ebro,villafranca_de_ebro,vi,33.67,49.54,7.34
europe_lau,Villalba de Perejil,villalba_de_perejil,vi,37.62,58.49,36.15
europe_lau,Villalengua,villalengua,vi,33.62,63.45,26.42
europe_lau,Villanueva de Gállego,villanueva_de_gallego,vi,47.75,73.21,67.96
europe_lau,Villanueva de Jiloca,villanueva_de_jiloca,vi,39.44,78.29,40.42
europe_lau,Villanueva de Huerva,villanueva_de_huerva,vi,48.72,58.3,15.31
europe_lau,Villar de los Navarros,villar_de_los_navarros,vi,48.59,67.21,16.62
europe_lau,Villarreal de Huerva,villarreal_de_huerva,vi,32.37,41.06,72.1
europe_lau,Villarroya de la Sierra,villarroya_de_la_sierra,vi,65.47,68.43,73.51
europe_lau,Villarroya del Campo,villarroya_del_campo,vi,72.44,76.5,67.88
europe_lau,Vistabella,vistabella,vi,57.17,69.35,41.11
europe_lau,Villars-en-Pons,villars_en_pons,vi,54.88,66.5,46.13
europe_lau,Villars-les-Bois,villars_les_bois,vi,49.32,61.81,54.68
europe_lau,Villedoux,villedoux,vi,52.63,61.31,50.64
europe_lau,Villemorin,villemorin,vi,50.92,63.35,19.74
europe_lau,Villeneuve-la-Comtesse,villeneuve_la_comtesse,vi,30.06,64.27,-67.73
europe_lau,Villexavier,villexavier,vi,48.82,64.27,80.92
europe_lau,Villiers-Couture,villiers_couture,vi,49.4,75.29,86.1
europe_lau,Vinax,vinax,vi,51.83,58.7,62.23
europe_lau,Virollet,virollet,vi,52.68,70.25,83.15
europe_lau,Virson,virson,vi,37.43,64.25,52.32
europe_lau,Vieu-d'Izenave,vieu_d_izenave,vi,34.99,53.11,1.21
europe_lau,Villars-les-Dombes,villars_les_dombes,vi,45.69,58.87,83.65
europe_lau,Villebois,villebois,vi,51.82,62.02,52.85
europe_lau,Villemotier,villemotier,vi,33.26,44.01,76.2
europe_lau,Villeneuve,villeneuve,vi,44.28,51.09,38.57
europe_lau,Villereversure,villereversure,vi,53.71,82.41,86.3
europe_lau,Villes,villes,vi,24.11,67.7,-92.15
europe_lau,Villette-sur-Ain,villette_sur_ain,vi,37.05,53.84,93.23
europe_lau,Villieu-Loyes-Mollon,villieu_loyes_mollon,vi,38.02,53.82,97.03
europe_lau,Viriat,viriat,vi,54.77,65.31,49.2
europe_lau,Vicques,vicques,vi,46.23,81.17,78.56
europe_lau,Victot-Pontfol,victot_pontfol,vi,51.83,65.36,43.22
europe_lau,Vienne-en-Bessin,vienne_en_bessin,vi,35.86,58.41,-45.82
europe_lau,Vierville-sur-Mer,vierville_sur_mer,vi,49.01,66.71,84
europe_lau,Vieux,vieux,vi,63.1,80.99,49.14
europe_lau,Vieux-Bourg,vieux_bourg,vi,23.09,41.69,-4.34
europe_lau,Vignats,vignats,vi,54.91,62.59,44.8
europe_lau,Villers-Bocage,villers_bocage,vi,40.91,54.96,51.86
europe_lau,Villers-Canivet,villers_canivet,vi,45.72,74.91,76.36
europe_lau,Villers-sur-Mer,villers_sur_mer,vi,53.61,60.33,70.86
europe_lau,Villerville,villerville,vi,44.03,60.58,82.21
europe_lau,Villons-les-Buissons,villons_les_buissons,vi,62.6,70.52,46.97
europe_lau,Villy-lez-Falaise,villy_lez_falaise,vi,36.82,63.13,47.63
europe_lau,Villy-Bocage,villy_bocage,vi,49.41,70.3,60.77
europe_lau,Vimont,vimont,vi,45.95,58.44,63.97
europe_lau,Villeneuve,villeneuve,vi,52.55,71.99,86.16
europe_lau,Villeneuve-d'Olmes,villeneuve_d_olmes,vi,50.07,60.86,18.38
europe_lau,Villeneuve-du-Latou,villeneuve_du_latou,vi,66.01,68.98,66.78
europe_lau,Virieu-le-Grand,virieu_le_grand,vi,63.88,64.25,55.8
europe_lau,Virignin,virignin,vi,45.21,74.42,98.68
europe_lau,Villamayor de Gállego,villamayor_de_gallego,vi,60.87,70.14,26.81
europe_lau,Villeneuve-du-Paréage,villeneuve_du_pareage,vi,58.03,76.74,40.5
europe_lau,Vira,vira,vi,59.77,76.78,75.87
europe_lau,Viviès,vivies,vi,54.36,65.51,45.42
europe_lau,Ville-Savoye,ville_savoye,vi,51.25,62.74,55.99
europe_lau,Villiers-Saint-Denis,villiers_saint_denis,vi,66.85,78.08,45.15
europe_lau,Vincy-Reuil-et-Magny,vincy_reuil_et_magny,vi,57.45,74.24,60.01
europe_lau,Viry-Noureuil,viry_noureuil,vi,39.4,62.99,98.57
europe_lau,Vivaise,vivaise,vi,58.53,68.89,74.44
europe_lau,Vivières,vivieres,vi,50.63,65.99,93.02
europe_lau,Vidaillat,vidaillat,vi,43.61,54.27,43.82
europe_lau,Viersat,viersat,vi,64.48,70.53,69.19
europe_lau,Vigeville,vigeville,vi,48.33,62.81,83.05
europe_lau,Villard,villard,vi,44.13,66.76,88.67
europe_lau,Vic-sur-Cère,vic_sur_cere,vi,46.36,55.78,74.89
europe_lau,Vieillespesse,vieillespesse,vi,49.48,70.82,40.8
europe_lau,Vieillevie,vieillevie,vi,32.75,60.34,-62.67
europe_lau,Villedieu,villedieu,vi,43.19,65.77,70.03
europe_lau,Virargues,virargues,vi,38.77,59.13,12.96
europe_lau,Vitrac,vitrac,vi,51.59,63.01,68.59
europe_lau,Villars-Colmars,villars_colmars,vi,47.47,66.44,80.93
europe_lau,Villemus,villemus,vi,59.62,69.29,68.18
europe_lau,Villeneuve,villeneuve,vi,40.81,51.63,82.1
europe_lau,Viehdorf,viehdorf,vi,56.56,61.3,64.53
europe_lau,Vico Morcote,vico_morcote,vi,49.07,67.04,58.39
europe_lau,Villeneuve-de-Berg,villeneuve_de_berg,vi,54.07,64.03,61.56
europe_lau,Villevocance,villevocance,vi,60.79,75.69,63.37
europe_lau,Vinezac,vinezac,vi,36.69,56.91,94.63
europe_lau,Vinzieux,vinzieux,vi,33.69,50.22,61.63
europe_lau,Viviers,viviers,vi,41.85,53.55,89.02
europe_lau,Villers-le-Lac,villers_le_lac,vi,29.19,50.48,72.23
europe_lau,Viala-du-Pas-de-Jaux,viala_du_pas_de_jaux,vi,58.22,69.14,51.11
europe_lau,Viala-du-Tarn,viala_du_tarn,vi,43.32,58.87,34.19
europe_lau,Villecomtal,villecomtal,vi,33.41,52.16,54.98
europe_lau,Vire Normandie,vire_normandie,vi,65.66,64.88,55.65
europe_lau,Villefranche-de-Panat,villefranche_de_panat,vi,22.52,31.9,88.38
europe_lau,Villefranche-de-Rouergue,villefranche_de_rouergue,vi,58.11,66.12,64.58
europe_lau,Villeneuve,villeneuve,vi,50.07,59.29,80.53
europe_lau,Vimenet,vimenet,vi,57.87,64.87,24.37
europe_lau,Viviez,viviez,vi,57.72,61.02,72.51
europe_lau,Vierzon,vierzon,vi,68.77,68.63,56.62
europe_lau,Vignoux-sous-les-Aix,vignoux_sous_les_aix,vi,49.53,67.75,96.96
europe_lau,Vignoux-sur-Barangeon,vignoux_sur_barangeon,vi,31.17,45.61,25.04
europe_lau,Villabon,villabon,vi,46.54,57.09,81.16
europe_lau,Villecelin,villecelin,vi,17.46,40.7,-28.93
europe_lau,Villegenon,villegenon,vi,56.4,70.29,43.21
europe_lau,Villeneuve-sur-Cher,villeneuve_sur_cher,vi,59.89,75.87,71.04
europe_lau,Villequiers,villequiers,vi,45.01,62.36,17.55
europe_lau,Vinon,vinon,vi,35.98,53.97,72.52
europe_lau,Villar-d'Arêne,villar_d_arene,vi,53.01,75.26,99.51
europe_lau,Villar-Loubière,villar_loubiere,vi,70.64,74.16,64
europe_lau,Villar-Saint-Pancrace,villar_saint_pancrace,vi,52.4,75.98,81.44
europe_lau,Vitrolles,vitrolles,vi,30.08,44.33,96.27
europe_lau,Villac,villac,vi,53.41,62.07,57.96
europe_lau,Villamblard,villamblard,vi,54.99,63.34,38.68
europe_lau,Villars,villars,vi,65.73,70.63,37.56
europe_lau,Villefranche-de-Lonchat,villefranche_de_lonchat,vi,45.33,61.33,86.44
europe_lau,Villefranche-du-Périgord,villefranche_du_perigord,vi,57.56,66.31,25.74
europe_lau,Villetoureix,villetoureix,vi,66.7,76.28,27.14
europe_lau,Vitrac,vitrac,vi,51.87,56.61,49.19
europe_lau,Vianges,vianges,vi,66.36,81.69,38.82
europe_lau,Vic-de-Chassenay,vic_de_chassenay,vi,61.91,74.39,58.97
europe_lau,Vic-des-Prés,vic_des_pres,vi,35.14,58.94,93.57
europe_lau,Vic-sous-Thil,vic_sous_thil,vi,52.9,64.41,67.98
europe_lau,Vieilmoulin,vieilmoulin,vi,44.2,77.2,96.34
europe_lau,Vielverge,vielverge,vi,45.19,58.19,61.4
europe_lau,Vieux-Château,vieux_chateau,vi,24.73,39.67,92.34
europe_lau,Viévigne,vievigne,vi,55.31,71.04,83.62
europe_lau,Viévy,vievy,vi,53.96,65.88,43.11
europe_lau,Vignoles,vignoles,vi,54.97,61.82,56.21
europe_lau,Villaines-en-Duesmois,villaines_en_duesmois,vi,56.84,67.99,42.36
europe_lau,Villaines-les-Prévôtes,villaines_les_prevotes,vi,50.34,59.56,55.24
europe_lau,Villargoix,villargoix,vi,45.42,57.51,39.02
europe_lau,Villars-Fontaine,villars_fontaine,vi,56.34,79.28,-9.16
europe_lau,Villars-et-Villenotte,villars_et_villenotte,vi,36.51,64.03,91.81
europe_lau,Villeberny,villeberny,vi,45.5,59.76,65.31
europe_lau,Villebichot,villebichot,vi,69.59,72.15,50.58
europe_lau,Villecomte,villecomte,vi,59.8,71.45,54.31
europe_lau,Villedieu,villedieu,vi,55.42,67.32,70.55
europe_lau,Villeferry,villeferry,vi,41.3,65.28,31.54
europe_lau,Villeneuve-sous-Charigny,villeneuve_sous_charigny,vi,65.79,76.98,75.67
europe_lau,Villers-la-Faye,villers_la_faye,vi,54.27,73.03,38.92
europe_lau,Villers-les-Pots,villers_les_pots,vi,41.52,73.43,21.96
europe_lau,Villers-Patras,villers_patras,vi,43.39,70.63,50.09
europe_lau,Villers-Rotin,villers_rotin,vi,52.71,75.45,78.16
europe_lau,Villey-sur-Tille,villey_sur_tille,vi,34.91,54.78,75.56
europe_lau,Villiers-en-Morvan,villiers_en_morvan,vi,73.7,79.04,52.2
europe_lau,Villiers-le-Duc,villiers_le_duc,vi,42.88,65.79,18.71
europe_lau,Villotte-Saint-Seine,villotte_saint_seine,vi,53.5,66.11,44.73
europe_lau,Villotte-sur-Ource,villotte_sur_ource,vi,38.47,55.4,3.72
europe_lau,Villy-en-Auxois,villy_en_auxois,vi,45.73,66.57,87.71
europe_lau,Villy-le-Moutier,villy_le_moutier,vi,37.54,53.78,34.06
europe_lau,Viserny,viserny,vi,40.73,71.71,57.28
europe_lau,Vitteaux,vitteaux,vi,40.47,54.72,28.1
europe_lau,Vix,vix,vi,44.63,61.36,92.52
europe_lau,Vitrolles,vitrolles,vi,60.24,73.34,61.36
europe_lau,Viguera,viguera,vi,67.43,68.26,59.96
europe_lau,Villalba de Rioja,villalba_de_rioja,vi,57.4,67.87,84.55
europe_lau,Villalobar de Rioja,villalobar_de_rioja,vi,54.47,71.82,51.02
europe_lau,Villamediana de Iregua,villamediana_de_iregua,vi,49.74,71.68,3.18
europe_lau,Villanueva de Cameros,villanueva_de_cameros,vi,54.63,68.39,49.06
europe_lau,"Villar de Arnedo, El",villar_de_arnedo_el,vi,40.02,73.75,31.47
europe_lau,Villar de Torre,villar_de_torre,vi,28.65,54.76,47.38
europe_lau,Villarejo,villarejo,vi,19.31,65.12,91.44
europe_lau,Villarroya,villarroya,vi,36.75,59.86,77.59
europe_lau,Villarta-Quintana,villarta_quintana,vi,29.81,67.29,79.29
europe_lau,Villavelayo,villavelayo,vi,30.06,61.52,91.17
europe_lau,Villaverde de Rioja,villaverde_de_rioja,vi,24.36,64.88,18.05
europe_lau,Villoslada de Cameros,villoslada_de_cameros,vi,45.81,67.23,97.24
europe_lau,Viniegra de Abajo,viniegra_de_abajo,vi,14.46,59.96,69.4
europe_lau,Viniegra de Arriba,viniegra_de_arriba,vi,52.16,72.55,94.77
europe_lau,Vilters-Wangs,vilters_wangs,vi,40.42,61.73,43.85
europe_lau,Vic-sur-Aisne,vic_sur_aisne,vi,50.26,71.19,79.17
europe_lau,Vichel-Nanteuil,vichel_nanteuil,vi,48.48,74.06,-17.13
europe_lau,Viel-Arcy,viel_arcy,vi,38.2,62.75,-9.61
europe_lau,Viels-Maisons,viels_maisons,vi,51.06,66.83,93.53
europe_lau,Vierzy,vierzy,vi,48.8,69.58,7.96
europe_lau,Viffort,viffort,vi,48.18,77.81,92.55
europe_lau,Vigneux-Hocquet,vigneux_hocquet,vi,56.21,72.81,48.16
europe_lau,Villemontoire,villemontoire,vi,61.06,71.48,32.45
europe_lau,Villeneuve-Saint-Germain,villeneuve_saint_germain,vi,49.74,65.42,65
europe_lau,Villeneuve-sur-Fère,villeneuve_sur_fere,vi,46.9,69.71,73.65
europe_lau,Villequier-Aumont,villequier_aumont,vi,66.6,73.26,71.77
europe_lau,Villeret,villeret,vi,47.46,61.11,36.23
europe_lau,Villers-Agron-Aiguizy,villers_agron_aiguizy,vi,51.59,65.03,30.01
europe_lau,Villers-Cotterêts,villers_cotterets,vi,27.05,51.02,99.64
europe_lau,Villers-Hélon,villers_helon,vi,52.04,66.48,68.79
europe_lau,Villers-le-Sec,villers_le_sec,vi,63.22,71.92,75.89
europe_lau,Villers-lès-Guise,villers_les_guise,vi,55.04,71.27,36.85
europe_lau,Villers-Saint-Christophe,villers_saint_christophe,vi,56.3,68.18,15.7
europe_lau,Villers-sur-Fère,villers_sur_fere,vi,36.63,56.8,95.62
europe_lau,Vinets,vinets,vi,58.18,77.62,56.16
europe_lau,Virey-sous-Bar,virey_sous_bar,vi,61.92,76.83,7.74
europe_lau,Vitry-le-Croisé,vitry_le_croise,vi,49.72,71.78,65.64
europe_lau,Viviers-sur-Artaut,viviers_sur_artaut,vi,52.42,68.72,47.77
europe_lau,Villars-sur-Var,villars_sur_var,vi,46.52,64.08,96.08
europe_lau,Villefranche-sur-Mer,villefranche_sur_mer,vi,36.08,57.31,45.46
europe_lau,Villeneuve-d'Entraunes,villeneuve_d_entraunes,vi,30.17,50.55,75.89
europe_lau,Villeneuve-Loubet,villeneuve_loubet,vi,46.16,57.01,38.26
europe_lau,Viana de Duero,viana_de_duero,vi,57.2,67.4,84.72
europe_lau,Villaciervos,villaciervos,vi,39.98,58.99,-16.06
europe_lau,Villorsonnens,villorsonnens,vi,36.74,68.52,74.71
europe_lau,Villaz,villaz,vi,48.83,58.52,64.61
europe_lau,Vitznau,vitznau,vi,39.82,50.91,91.31
europe_lau,"Vicedo, O",vicedo_o,vi,32.84,57.08,92.61
europe_lau,Vilalba,vilalba,vi,62.83,61.72,61.92
europe_lau,Viveiro,viveiro,vi,46.7,56.66,59.23
europe_lau,Villanueva de Gormaz,villanueva_de_gormaz,vi,52.28,59.4,37.56
europe_lau,Villar del Ala,villar_del_ala,vi,41.23,56.52,-6.72
europe_lau,Villar del Campo,villar_del_campo,vi,46.75,68.73,75.18
europe_lau,Villar del Río,villar_del_rio,vi,31.04,41.3,34.84
europe_lau,"Villares de Soria, Los",villares_de_soria_los,vi,49.45,57.09,75.25
europe_lau,Villasayas,villasayas,vi,62.01,72.76,24.41
europe_lau,Villaseca de Arciel,villaseca_de_arciel,vi,45.7,69.55,21.89
europe_lau,Vinuesa,vinuesa,vi,34.56,62.09,88.14
europe_lau,Vizmanos,vizmanos,vi,46.76,65.05,57.85
europe_lau,Villafranca del Campo,villafranca_del_campo,vi,46.3,59.37,50.56
europe_lau,Villahermosa del Campo,villahermosa_del_campo,vi,34.5,66.87,19.8
europe_lau,Villanueva del Rebollar de la Sierra,villanueva_del_rebollar_de_la_sierra,vi,52.3,66.91,38.03
europe_lau,Villar del Cobo,villar_del_cobo,vi,37.93,55.2,84.4
europe_lau,Villar del Salz,villar_del_salz,vi,48.88,68.06,13.45
europe_lau,Villarluengo,villarluengo,vi,40.39,51.33,48.23
europe_lau,Villarquemado,villarquemado,vi,65.14,82.91,47.08
europe_lau,Villarroya de los Pinares,villarroya_de_los_pinares,vi,50.64,64.33,73.84
europe_lau,Villastar,villastar,vi,35.28,66.23,27.82
europe_lau,Villel,villel,vi,36.24,56.47,68.06
europe_lau,Vinaceite,vinaceite,vi,41.46,62.47,78.25
europe_lau,Visiedo,visiedo,vi,56.71,67.1,76.02
europe_lau,Vivel del Río Martín,vivel_del_rio_martin,vi,49.39,66.38,44.64
europe_lau,Vilallonga,vilallonga,vi,38.01,64.2,-31.89
europe_lau,Vilamarxant,vilamarxant,vi,60.93,80.31,43.56
europe_lau,Villar del Arzobispo,villar_del_arzobispo,vi,37.05,63.78,95.59
europe_lau,Villabasta de Valdavia,villabasta_de_valdavia,vi,35.92,51.04,1.26
europe_lau,Villacidaler,villacidaler,vi,39.9,70.32,-35.21
europe_lau,Villaconancio,villaconancio,vi,28.64,37.9,29.88
europe_lau,Villada,villada,vi,49.75,65.64,65.54
europe_lau,Villaeles de Valdavia,villaeles_de_valdavia,vi,40.19,78.42,68.14
europe_lau,Villahán,villahan,vi,41.69,57.22,14.01
europe_lau,Villaherreros,villaherreros,vi,43.82,56.07,88.87
europe_lau,Villalaco,villalaco,vi,49.47,63.56,84.22
europe_lau,Villalba de Guardo,villalba_de_guardo,vi,33.94,59.74,-33.71
europe_lau,Villalcázar de Sirga,villalcazar_de_sirga,vi,53.2,75.15,62.77
europe_lau,Villalcón,villalcon,vi,48.14,58.33,18.61
europe_lau,Villalobón,villalobon,vi,44.51,73.4,7.06
europe_lau,Villaluenga de la Vega,villaluenga_de_la_vega,vi,30.41,64.3,88.45
europe_lau,Villamartín de Campos,villamartin_de_campos,vi,41.61,63.2,38.42
europe_lau,Villamediana,villamediana,vi,34.25,56.64,88.1
europe_lau,Villameriel,villameriel,vi,26.57,44.84,91.13
europe_lau,Villamoronta,villamoronta,vi,46.34,66.06,23.2
europe_lau,Villamuera de la Cueza,villamuera_de_la_cueza,vi,48.29,62.86,79.6
europe_lau,Villamuriel de Cerrato,villamuriel_de_cerrato,vi,57.93,68.11,57.91
europe_lau,Villanueva del Rebollar,villanueva_del_rebollar,vi,66.51,76.57,81.36
europe_lau,Villanuño de Valdavia,villanuno_de_valdavia,vi,36.88,63.35,96.2
europe_lau,Viacamp y Litera,viacamp_y_litera,vi,38.02,61.71,99.76
europe_lau,Vicién,vicien,vi,45.07,73.88,16.9
europe_lau,Villanova,villanova,vi,18.43,40.8,53.57
europe_lau,Villanúa,villanua,vi,58.74,66.35,54.92
europe_lau,Villanueva de Sigena,villanueva_de_sigena,vi,21.08,47.26,80.14
europe_lau,Villacastín,villacastin,vi,21.43,52.93,80.98
europe_lau,Villaverde de Íscar,villaverde_de_iscar,vi,45.52,56.81,3.83
europe_lau,Villaverde de Montejo,villaverde_de_montejo,vi,46.52,73.08,98.98
europe_lau,Villeguillo,villeguillo,vi,62.03,66.76,41.22
europe_lau,Viana de Jadraque,viana_de_jadraque,vi,25.32,32.06,30.11
europe_lau,Villanueva de Alcorón,villanueva_de_alcoron,vi,51.5,76.44,14.5
europe_lau,Villargordo del Cabriel,villargordo_del_cabriel,vi,63.43,72.68,39.84
europe_lau,Vinalesa,vinalesa,vi,36.78,61.64,94.65
europe_lau,Viel-Saint-Remy,viel_saint_remy,vi,59.58,70.62,53.9
europe_lau,Vieux-lès-Asfeld,vieux_les_asfeld,vi,43.35,51,57.14
europe_lau,Villers-devant-le-Thour,villers_devant_le_thour,vi,52.45,66.98,33.81
europe_lau,Villers-devant-Mouzon,villers_devant_mouzon,vi,41.6,62.21,51.03
europe_lau,Villers-le-Tilleul,villers_le_tilleul,vi,44.59,63.08,66.69
europe_lau,Villers-le-Tourneur,villers_le_tourneur,vi,35.06,56.8,65.57
europe_lau,Villers-Semeuse,villers_semeuse,vi,52.03,59.97,57.94
europe_lau,Villers-sur-Bar,villers_sur_bar,vi,46.43,66.89,95.56
europe_lau,Villers-sur-le-Mont,villers_sur_le_mont,vi,61.07,73.69,61.54
europe_lau,Ville-sur-Lumes,ville_sur_lumes,vi,57.4,66.16,67.38
europe_lau,Ville-sur-Retourne,ville_sur_retourne,vi,39.78,65.89,95
europe_lau,Villy,villy,vi,64.56,73.57,44.84
europe_lau,Vireux-Molhain,vireux_molhain,vi,47.21,63.4,80.09
europe_lau,Vireux-Wallerand,vireux_wallerand,vi,37.71,63.85,92.48
europe_lau,Vivier-au-Court,vivier_au_court,vi,60.78,68.19,80.93
europe_lau,Villaprovedo,villaprovedo,vi,50.1,64.32,55.56
europe_lau,Villarmentero de Campos,villarmentero_de_campos,vi,50.74,73.28,76.22
europe_lau,"Vídola, La",vidola_la,vi,64.64,79.25,75.35
europe_lau,Vilvestre,vilvestre,vi,59.73,69.66,41.62
europe_lau,Villaflores,villaflores,vi,51.08,69.51,59
europe_lau,Villagonzalo de Tormes,villagonzalo_de_tormes,vi,37.9,63.53,42.69
europe_lau,Villalba de los Llanos,villalba_de_los_llanos,vi,31.96,53.23,22.15
europe_lau,Villamayor,villamayor,vi,37.89,57.75,98.89
europe_lau,Villanueva del Conde,villanueva_del_conde,vi,35.68,46.3,84.19
europe_lau,Villar de Argañán,villar_de_arganan,vi,43.03,61.68,-3.14
europe_lau,Villar de Ciervo,villar_de_ciervo,vi,56.9,65.06,31.29
europe_lau,Villar de Gallimazo,villar_de_gallimazo,vi,55.49,67.52,70.59
europe_lau,Villar de la Yegua,villar_de_la_yegua,vi,32.58,50.8,82.13
europe_lau,Villar de Peralonso,villar_de_peralonso,vi,40.62,76.55,27.7
europe_lau,Villar de Samaniego,villar_de_samaniego,vi,62.36,72.62,74.74
europe_lau,Villares de la Reina,villares_de_la_reina,vi,41.1,57.22,8.68
europe_lau,Villares de Yeltes,villares_de_yeltes,vi,33.95,60.47,67.53
europe_lau,Villarino de los Aires,villarino_de_los_aires,vi,47.66,67.47,93.95
europe_lau,Villarmayor,villarmayor,vi,38.49,59.86,67.64
europe_lau,Villarmuerto,villarmuerto,vi,64.48,69.43,56.44
europe_lau,Villasbuenas,villasbuenas,vi,46.85,56.77,78.63
europe_lau,Villasdardo,villasdardo,vi,65.23,79.39,81.73
europe_lau,Villaseco de los Gamitos,villaseco_de_los_gamitos,vi,38.2,64.87,-23.32
europe_lau,Villaseco de los Reyes,villaseco_de_los_reyes,vi,50.28,65.49,35.25
europe_lau,Villasrubias,villasrubias,vi,37.2,63.86,62.54
europe_lau,Villaverde de Guareña,villaverde_de_guarena,vi,44.32,59.86,45.11
europe_lau,Villavieja de Yeltes,villavieja_de_yeltes,vi,50.1,61.55,76.97
europe_lau,Villoria,villoria,vi,60.01,70.4,83.11
europe_lau,Villoruela,villoruela,vi,42.72,54.18,67.16
europe_lau,Vitigudino,vitigudino,vi,55.69,68.37,69.34
europe_lau,Villarrabé,villarrabe,vi,46.74,60.36,51.42
europe_lau,Villarramiel,villarramiel,vi,74.39,78.74,59.53
europe_lau,Villasarracino,villasarracino,vi,53.4,64.96,76.81
europe_lau,Villasila de Valdavia,villasila_de_valdavia,vi,33.31,61.31,77.25
europe_lau,Villaturde,villaturde,vi,54.13,67.68,37.93
europe_lau,Villaumbrales,villaumbrales,vi,38.61,63.45,51.06
europe_lau,Villaviudas,villaviudas,vi,51.99,61.73,78.61
europe_lau,Villerías de Campos,villerias_de_campos,vi,59.36,72.42,79.07
europe_lau,Villodre,villodre,vi,55.6,66.91,39.64
europe_lau,Villodrigo,villodrigo,vi,43.94,55.32,52.26
europe_lau,Villoldo,villoldo,vi,51.04,57.32,43.19
europe_lau,Villota del Páramo,villota_del_paramo,vi,40.71,60.3,94.43
europe_lau,Villovieco,villovieco,vi,36.32,51.34,66.88
europe_lau,Villanueva de Argecilla,villanueva_de_argecilla,vi,50.96,77.67,82.45
europe_lau,Villanueva de la Torre,villanueva_de_la_torre,vi,48.21,80.83,47.04
europe_lau,Villares de Jadraque,villares_de_jadraque,vi,31.41,52.28,7.71
europe_lau,Villaseca de Henares,villaseca_de_henares,vi,51.21,59.91,62.73
europe_lau,Villaseca de Uceda,villaseca_de_uceda,vi,27.38,41.62,90.91
europe_lau,Villel de Mesa,villel_de_mesa,vi,39.29,59.32,33.21
europe_lau,Viñuelas,vinuelas,vi,57.26,73.49,67.84
europe_lau,Vilches,vilches,vi,33.24,54.62,96.74
europe_lau,Villacarrillo,villacarrillo,vi,31.58,55.54,-28.97
europe_lau,Villanueva de la Reina,villanueva_de_la_reina,vi,12.02,50.04,70.39
europe_lau,Villanueva del Arzobispo,villanueva_del_arzobispo,vi,28.99,47.51,-41.51
europe_lau,Villardompardo,villardompardo,vi,47.07,75.65,71.6
europe_lau,"Villares, Los",villares_los,vi,51.19,76.01,67.37
europe_lau,Villarrodrigo,villarrodrigo,vi,33.55,60.91,-62.07
europe_lau,Villatorres,villatorres,vi,34.53,56.68,10.03
europe_lau,Villeret,villeret,vi,29.52,63.77,89.75
europe_lau,Villaconejos,villaconejos,vi,57.11,81.28,17.1
europe_lau,Villa del Prado,villa_del_prado,vi,67.33,70.59,64.54
europe_lau,Villalbilla,villalbilla,vi,29.66,52.94,-43.52
europe_lau,Villamanrique de Tajo,villamanrique_de_tajo,vi,45.19,55.88,36
europe_lau,Villamanta,villamanta,vi,51.4,65.34,76.66
europe_lau,Villamantilla,villamantilla,vi,58.32,71.89,30.32
europe_lau,Villanueva de la Cañada,villanueva_de_la_canada,vi,37.69,45.81,51.03
europe_lau,Villanueva del Pardillo,villanueva_del_pardillo,vi,63.71,73.03,75.55
europe_lau,Villanueva de Perales,villanueva_de_perales,vi,53.24,61.3,43.42
europe_lau,Villar del Olmo,villar_del_olmo,vi,63.32,73.71,33.37
europe_lau,Villarejo de Salvanés,villarejo_de_salvanes,vi,45.89,53.08,84.93
europe_lau,Villaviciosa de Odón,villaviciosa_de_odon,vi,54.02,63.67,63.16
europe_lau,Villavieja del Lozoya,villavieja_del_lozoya,vi,30.63,60.47,57.49
europe_lau,Viana,viana,vi,36.21,48.63,82.52
europe_lau,Vidángoz,vidangoz,vi,36.85,68.49,90.29
europe_lau,Villafranca,villafranca,vi,50.47,71.77,29.22
europe_lau,Villamayor de Monjardín,villamayor_de_monjardin,vi,41.46,46.91,48.06
europe_lau,Villatuerta,villatuerta,vi,18.01,39.82,52.28
europe_lau,Villava,villava,vi,54.12,72.84,80.41
europe_lau,Villamanrique de la Condesa,villamanrique_de_la_condesa,vi,45.56,62.36,83.32
europe_lau,Villanueva del Ariscal,villanueva_del_ariscal,vi,47.19,73.61,-12.75
europe_lau,Villanueva del Río y Minas,villanueva_del_rio_y_minas,vi,39.7,51.04,71.75
europe_lau,Villanueva de San Juan,villanueva_de_san_juan,vi,34.19,51.95,81.21
europe_lau,Villaverde del Río,villaverde_del_rio,vi,60.27,77.01,82.08
europe_lau,"Viso del Alcor, El",viso_del_alcor_el,vi,41.34,79.64,20.58
europe_lau,Vielha e Mijaran,vielha_e_mijaran,vi,44.28,60.17,64.92
europe_lau,Vilagrassa,vilagrassa,vi,32.08,51.76,77.43
europe_lau,Vilaller,vilaller,vi,17.71,57.76,97.83
europe_lau,Vilamòs,vilamos,vi,18.52,44.72,40.68
europe_lau,Vilanova de Bellpuig,vilanova_de_bellpuig,vi,46.63,62.49,75.55
europe_lau,Vilanova de l'Aguda,vilanova_de_l_aguda,vi,21.83,56.73,99.82
europe_lau,Vilanova de Meià,vilanova_de_meia,vi,35.72,48.77,-8.51
europe_lau,Vilanova de Segrià,vilanova_de_segria,vi,27.83,51.43,-71.69
europe_lau,Vila-sana,vila_sana,vi,53.81,60.84,42.73
europe_lau,"Vilosell, El",vilosell_el,vi,46.93,59.2,65.18
europe_lau,Vilanova de la Barca,vilanova_de_la_barca,vi,57.65,63.27,59.98
europe_lau,Vinaixa,vinaixa,vi,44.05,69.44,84.62
europe_lau,Villacañas,villacanas,vi,57.5,62.91,30.67
europe_lau,"Villa de Don Fadrique, La",villa_de_don_fadrique_la,vi,42.76,70.87,99.13
europe_lau,Villafranca de los Caballeros,villafranca_de_los_caballeros,vi,55.42,72.35,59.75
europe_lau,Villaluenga de la Sagra,villaluenga_de_la_sagra,vi,46.43,57.02,14.82
europe_lau,Villamiel de Toledo,villamiel_de_toledo,vi,58.83,72.57,60.95
europe_lau,Villaminaya,villaminaya,vi,45.72,68.48,73
europe_lau,Villamuelas,villamuelas,vi,60.36,65.77,59.56
europe_lau,Villanueva de Alcardete,villanueva_de_alcardete,vi,45.88,54.06,33.32
europe_lau,Villanueva de Bogas,villanueva_de_bogas,vi,52.07,67.08,83.9
europe_lau,Villarejo de Montalbán,villarejo_de_montalban,vi,36.38,59.13,92.5
europe_lau,Villarrubia de Santiago,villarrubia_de_santiago,vi,64.34,76.11,77.9
europe_lau,Villaseca de la Sagra,villaseca_de_la_sagra,vi,45.86,60.46,70.02
europe_lau,Villasequilla,villasequilla,vi,51.32,70.47,33.72
europe_lau,Villatobas,villatobas,vi,68.72,73.4,58.39
europe_lau,"Viso de San Juan, El",viso_de_san_juan_el,vi,42.04,60.34,-8.22
europe_lau,"Victoria de Acentejo, La",victoria_de_acentejo_la,vi,39.86,63.1,39.74
europe_lau,Vilaflor de Chasna,vilaflor_de_chasna,vi,45.74,71.53,94.79
europe_lau,Villa de Mazo,villa_de_mazo,vi,49.23,65.34,86.53
europe_lau,Vilabella,vilabella,vi,47.23,57.76,76.96
europe_lau,Vilallonga del Camp,vilallonga_del_camp,vi,58.81,57.83,64.54
europe_lau,Vilanova d'Escornalbou,vilanova_d_escornalbou,vi,47.03,57.79,32.14
europe_lau,Vilanova de Prades,vilanova_de_prades,vi,44.24,65.88,-3.46
europe_lau,Vilaplana,vilaplana,vi,41.65,58.73,18.92
europe_lau,Vila-rodona,vila_rodona,vi,49.31,72.39,-7.67
europe_lau,Vila-seca,vila_seca,vi,35.32,47.29,35.09
europe_lau,Vilaverd,vilaverd,vi,56.07,67.45,82.22
europe_lau,"Vilella Alta, La",vilella_alta_la,vi,38.03,57.39,92.96
europe_lau,"Vilella Baixa, La",vilella_baixa_la,vi,46.53,65.15,72.2
europe_lau,Vilalba dels Arcs,vilalba_dels_arcs,vi,51.55,56.6,71.44
europe_lau,Vimbodí i Poblet,vimbodi_i_poblet,vi,45.78,61.94,90.21
europe_lau,Vinebre,vinebre,vi,28.31,47.06,45.81
europe_lau,Vinyols i els Arcs,vinyols_i_els_arcs,vi,28.55,47.98,83.18
europe_lau,Vigo,vigo,vi,44.2,57.75,48.93
europe_lau,Vilaboa,vilaboa,vi,32.59,60.26,98.26
europe_lau,Vila de Cruces,vila_de_cruces,vi,48.08,53.08,23.61
europe_lau,Vilagarcía de Arousa,vilagarcia_de_arousa,vi,41.04,68.08,76.11
europe_lau,Vilanova de Arousa,vilanova_de_arousa,vi,28.78,44.84,-34.46
europe_lau,Villabona,villabona,vi,55.98,71.6,26.04
europe_lau,Villmergen,villmergen,vi,37.15,54.49,91.23
europe_lau,Viana do Bolo,viana_do_bolo,vi,62.41,68.56,42.93
europe_lau,Vilamarín,vilamarin,vi,53.96,66.92,81.14
europe_lau,Vilamartín de Valdeorras,vilamartin_de_valdeorras,vi,48.2,63.89,88.27
europe_lau,Vilar de Barrio,vilar_de_barrio,vi,42.39,63.51,4.8
europe_lau,Vilar de Santos,vilar_de_santos,vi,32.87,68.95,84.5
europe_lau,Vilardevós,vilardevos,vi,52.5,55.71,45.36
europe_lau,Vilariño de Conso,vilarino_de_conso,vi,61.4,64.68,54.66
europe_lau,Viana de Cega,viana_de_cega,vi,38.03,60.48,26.97
europe_lau,Viloria,viloria,vi,47.93,61,51.48
europe_lau,Villabáñez,villabanez,vi,36.35,54.7,-21.56
europe_lau,Villabaruz de Campos,villabaruz_de_campos,vi,49.48,70.33,10.14
europe_lau,Villabrágima,villabragima,vi,35.01,72.68,98.62
europe_lau,Villacarralón,villacarralon,vi,67.92,74.31,49.26
europe_lau,Villacid de Campos,villacid_de_campos,vi,68.87,78.09,41.58
europe_lau,Villaco,villaco,vi,25.95,57.55,80.65
europe_lau,Villanueva de Algaidas,villanueva_de_algaidas,vi,50.56,67.03,41.84
europe_lau,Villanueva del Rosario,villanueva_del_rosario,vi,36.59,70.6,19.13
europe_lau,Villanueva del Trabuco,villanueva_del_trabuco,vi,64.4,72.51,41.98
europe_lau,Villanueva de Tapia,villanueva_de_tapia,vi,36.69,58.15,77.94
europe_lau,Viñuela,vinuela,vi,34.8,54.79,49.47
europe_lau,Villanueva de la Concepción,villanueva_de_la_concepcion,vi,41.04,67.42,16.84
europe_lau,Villafrades de Campos,villafrades_de_campos,vi,40.78,59.73,-2.14
europe_lau,Villafranca de Duero,villafranca_de_duero,vi,57.44,65.1,64.4
europe_lau,Villafrechós,villafrechos,vi,48.61,56.66,65.18
europe_lau,Villafuerte,villafuerte,vi,37.01,58.75,84.54
europe_lau,Villagarcía de Campos,villagarcia_de_campos,vi,31.87,67.42,27.24
europe_lau,Villagómez la Nueva,villagomez_la_nueva,vi,34.57,49.91,14.21
europe_lau,Villalán de Campos,villalan_de_campos,vi,34.1,55.87,-25.94
europe_lau,Villalar de los Comuneros,villalar_de_los_comuneros,vi,45.06,62.68,95.33
europe_lau,Villalba de la Loma,villalba_de_la_loma,vi,50.16,68.84,85.58
europe_lau,Villalba de los Alcores,villalba_de_los_alcores,vi,52.92,65,73.98
europe_lau,Villalbarba,villalbarba,vi,42.17,66.55,48.09
europe_lau,Villalón de Campos,villalon_de_campos,vi,58.6,65.71,53.08
europe_lau,Villamuriel de Campos,villamuriel_de_campos,vi,52.27,76.03,8.98
europe_lau,Villán de Tordesillas,villan_de_tordesillas,vi,38.45,69.56,76.28
europe_lau,Villanubla,villanubla,vi,49.4,67.65,27.83
europe_lau,Villanueva de Duero,villanueva_de_duero,vi,53.59,75.08,66.42
europe_lau,Villanueva de la Condesa,villanueva_de_la_condesa,vi,61.03,79.86,31.8
europe_lau,Villanueva de los Caballeros,villanueva_de_los_caballeros,vi,35.09,62.16,-65.06
europe_lau,Villanueva de los Infantes,villanueva_de_los_infantes,vi,57.21,80.5,74.82
europe_lau,Villanueva de San Mancio,villanueva_de_san_mancio,vi,42.53,61.14,53.73
europe_lau,Villardefrades,villardefrades,vi,40.95,59.85,52.43
europe_lau,Villarmentero de Esgueva,villarmentero_de_esgueva,vi,34.72,65.34,87.18
europe_lau,Villasexmir,villasexmir,vi,28.43,61.89,51.65
europe_lau,Villavaquerín,villavaquerin,vi,64.28,68.04,55.18
europe_lau,Villavellid,villavellid,vi,40.47,65.39,9.19
europe_lau,Villaverde de Medina,villaverde_de_medina,vi,49.98,68.56,62.72
europe_lau,Villavicencio de los Caballeros,villavicencio_de_los_caballeros,vi,61.45,75.9,22.47
europe_lau,Villacarriedo,villacarriedo,vi,42.86,54.96,19.45
europe_lau,Villaescusa,villaescusa,vi,40.83,66.21,43.33
europe_lau,Vidayanes,vidayanes,vi,53.85,76.22,36.17
europe_lau,Videmala,videmala,vi,37.52,63.48,49.42
europe_lau,Villabrázaro,villabrazaro,vi,61.89,74.24,34.11
europe_lau,Villabuena del Puente,villabuena_del_puente,vi,39.71,61.79,-27.14
europe_lau,Villadepera,villadepera,vi,43.23,59.25,72.41
europe_lau,Villaescusa,villaescusa,vi,40.24,61.47,62.31
europe_lau,Villafáfila,villafafila,vi,41.42,65.55,68.47
europe_lau,Villaferrueña,villaferruena,vi,32.66,49.12,-1.56
europe_lau,Villageriz,villageriz,vi,43.98,83.9,16.18
europe_lau,Villalazán,villalazan,vi,33.52,46.25,35.97
europe_lau,Villalba de la Lampreana,villalba_de_la_lampreana,vi,45.35,68.62,64.03
europe_lau,Villalcampo,villalcampo,vi,61.04,67.57,67.8
europe_lau,Villalobos,villalobos,vi,69.1,70.79,49.18
europe_lau,Villalonso,villalonso,vi,54.58,65.14,52.72
europe_lau,Villalpando,villalpando,vi,43.26,59.62,92.63
europe_lau,Villalube,villalube,vi,43.68,67.12,89.65
europe_lau,Villamayor de Campos,villamayor_de_campos,vi,31.75,41.49,59.18
europe_lau,Villamor de los Escuderos,villamor_de_los_escuderos,vi,37.24,71.63,45.03
europe_lau,Villanázar,villanazar,vi,36.98,60.86,99.71
europe_lau,Villanueva de Azoague,villanueva_de_azoague,vi,36.62,61.59,55.39
europe_lau,Villanueva de Campeán,villanueva_de_campean,vi,59.51,78.6,23.21
europe_lau,Villanueva de las Peras,villanueva_de_las_peras,vi,45.65,60.16,73.76
europe_lau,Villanueva del Campo,villanueva_del_campo,vi,40.69,70.5,95.68
europe_lau,Villaralbo,villaralbo,vi,57.09,62.8,25.82
europe_lau,Villardeciervos,villardeciervos,vi,65.85,65.72,59.16
europe_lau,Villablanca,villablanca,vi,69.28,73.62,32.74
europe_lau,Villalba del Alcor,villalba_del_alcor,vi,27.55,58.38,96.55
europe_lau,Villafufre,villafufre,vi,60.53,70.38,46.23
europe_lau,Viâpres-le-Petit,viapres_le_petit,vi,26.94,74.49,83.16
europe_lau,Villacerf,villacerf,vi,44.07,60.86,24.42
europe_lau,Villadin,villadin,vi,49.15,61.51,60.37
europe_lau,Villechétif,villechetif,vi,38.18,57,76.09
europe_lau,Villeloup,villeloup,vi,62.67,66.67,55.77
europe_lau,Villemereuil,villemereuil,vi,47.54,67.38,37.89
europe_lau,Villemoiron-en-Othe,villemoiron_en_othe,vi,52.01,62.1,33.79
europe_lau,Villemorien,villemorien,vi,41.18,64.53,-30.77
europe_lau,Villemoyenne,villemoyenne,vi,51.43,71.64,37.07
europe_lau,Villenauxe-la-Grande,villenauxe_la_grande,vi,61.04,72.12,53.74
europe_lau,Villeneuve-au-Chemin,villeneuve_au_chemin,vi,41.52,57.24,22.42
europe_lau,Villeret,villeret,vi,52.85,74.25,68.98
europe_lau,Villery,villery,vi,48.55,65.12,84.19
europe_lau,Ville-sous-la-Ferté,ville_sous_la_ferte,vi,44.73,61.95,86.57
europe_lau,Ville-sur-Arce,ville_sur_arce,vi,50.48,64.67,71.48
europe_lau,Ville-sur-Terre,ville_sur_terre,vi,43.05,64.19,67.18
europe_lau,Villette-sur-Aube,villette_sur_aube,vi,47.39,68.2,74.41
europe_lau,Villiers-Herbisse,villiers_herbisse,vi,38.31,55.8,-15.65
europe_lau,Villiers-le-Bois,villiers_le_bois,vi,48,60.53,65.23
europe_lau,Villiers-sous-Praslin,villiers_sous_praslin,vi,48.19,62.07,66.05
europe_lau,Villy-en-Trodes,villy_en_trodes,vi,55.88,73.31,63.44
europe_lau,Villy-le-Bois,villy_le_bois,vi,46.75,69.15,86.01
europe_lau,Villy-le-Maréchal,villy_le_marechal,vi,37.98,82.46,65
europe_lau,Villar de Fallaves,villar_de_fallaves,vi,37.61,63.43,-1.3
europe_lau,Villar del Buey,villar_del_buey,vi,33.39,42.82,13.84
europe_lau,Villardiegua de la Ribera,villardiegua_de_la_ribera,vi,54.19,69.39,66.87
europe_lau,Villárdiga,villardiga,vi,27.19,51.46,-63.88
europe_lau,Villardondiego,villardondiego,vi,31.66,57.57,29.14
europe_lau,Villarrín de Campos,villarrin_de_campos,vi,44.55,65.72,76.95
europe_lau,Villaseco del Pan,villaseco_del_pan,vi,40.37,70.43,-38.84
europe_lau,Villavendimio,villavendimio,vi,50.05,66.29,83.25
europe_lau,Villaveza del Agua,villaveza_del_agua,vi,51.25,66.59,65.46
europe_lau,Villaveza de Valverde,villaveza_de_valverde,vi,35.83,54.03,87.75
europe_lau,Viñas,vinas,vi,50.93,60.43,68.2
europe_lau,Villanueva de las Cruces,villanueva_de_las_cruces,vi,37.69,52.73,83.69
europe_lau,Villanueva de los Castillejos,villanueva_de_los_castillejos,vi,44.54,60.4,15.8
europe_lau,Villarrasa,villarrasa,vi,45.91,69.35,89.88
europe_lau,Vinelz,vinelz,vi,34.24,61.42,3.95
europe_lau,Villanueva del Río Segura,villanueva_del_rio_segura,vi,21.56,59.34,73.6
europe_lau,Villanueva de Oscos,villanueva_de_oscos,vi,48.17,65.75,75.71
europe_lau,Villaviciosa,villaviciosa,vi,57.83,74.78,19.98
europe_lau,Villayón,villayon,vi,39.25,65.36,95.35
europe_lau,Vimartin-sur-Orthe,vimartin_sur_orthe,vi,54.77,69.35,74.41
europe_lau,Vieuvy,vieuvy,vi,64.48,68.53,53.6
europe_lau,Villaines-la-Juhel,villaines_la_juhel,vi,38.62,62.04,71.14
europe_lau,Villepail,villepail,vi,31.26,65.76,-6.8
europe_lau,Villiers-Charlemagne,villiers_charlemagne,vi,49.04,61.62,42.71
europe_lau,Vidai,vidai,vi,36.87,50.77,18.39
europe_lau,Vieux-Pont,vieux_pont,vi,60.15,73.85,65.11
europe_lau,Villedieu-lès-Bailleul,villedieu_les_bailleul,vi,35.28,56.98,98.08
europe_lau,Villiers-sous-Mortagne,villiers_sous_mortagne,vi,51.85,65.41,44.6
europe_lau,Vimoutiers,vimoutiers,vi,46.86,63.08,18.75
europe_lau,Vitrai-sous-Laigle,vitrai_sous_laigle,vi,56.61,75.24,26.85
europe_lau,Vieille-Brioude,vieille_brioude,vi,50.45,64.39,31.34
europe_lau,Vielprat,vielprat,vi,52.88,76,54.86
europe_lau,Villeneuve-d'Allier,villeneuve_d_allier,vi,29.18,51.49,90.92
europe_lau,Viéville-en-Haye,vieville_en_haye,vi,42.49,51.96,44.11
europe_lau,Vigneulles,vigneulles,vi,31.91,58.95,15.29
europe_lau,Vilcey-sur-Trey,vilcey_sur_trey,vi,51.74,68.77,81.24
europe_lau,Villacourt,villacourt,vi,35.37,57.71,73.07
europe_lau,Ville-au-Montois,ville_au_montois,vi,51.94,62.44,39.5
europe_lau,Ville-au-Val,ville_au_val,vi,55.8,72.82,37.64
europe_lau,Villecey-sur-Mad,villecey_sur_mad,vi,44.83,66.75,74.76
europe_lau,Ville-en-Vermois,ville_en_vermois,vi,43.13,54.53,33.83
europe_lau,Ville-Houdlémont,ville_houdlemont,vi,48.79,63.34,71.25
europe_lau,Villers-en-Haye,villers_en_haye,vi,58.7,67.14,82.16
europe_lau,Villers-la-Chèvre,villers_la_chevre,vi,43.07,61.71,20.89
europe_lau,Villers-la-Montagne,villers_la_montagne,vi,58.01,74.8,40.36
europe_lau,Villers-le-Rond,villers_le_rond,vi,34.28,53.94,29.93
europe_lau,Villers-lès-Moivrons,villers_les_moivrons,vi,37.49,68.66,-18.71
europe_lau,Villers-lès-Nancy,villers_les_nancy,vi,39.12,53.42,30.56
europe_lau,Villers-sous-Prény,villers_sous_preny,vi,60.84,65.52,42.28
europe_lau,Villerupt,villerupt,vi,43.84,70.9,92.52
europe_lau,Ville-sur-Yron,ville_sur_yron,vi,58.3,72.17,33.26
europe_lau,Villette,villette,vi,44.13,67.48,14.27
europe_lau,Villey-le-Sec,villey_le_sec,vi,51.16,70.12,21.37
europe_lau,Vialas,vialas,vi,63.49,69.11,55.09
europe_lau,Villefort,villefort,vi,63.15,72.39,69.18
europe_lau,Vieux-Port,vieux_port,vi,33.25,50.54,-21.59
europe_lau,Villegats,villegats,vi,53.92,72.47,54.93
europe_lau,Villers-en-Vexin,villers_en_vexin,vi,58.75,68.32,36.51
europe_lau,Villers-sur-le-Roule,villers_sur_le_roule,vi,40.53,68.15,57.28
europe_lau,Villettes,villettes,vi,63.83,71.35,42.5
europe_lau,Villez-sous-Bailleul,villez_sous_bailleul,vi,40.62,54.49,55.75
europe_lau,Villez-sur-le-Neubourg,villez_sur_le_neubourg,vi,64.43,66.22,42.8
europe_lau,Villiers-en-Désœuvre,villiers_en_desoeuvre,vi,45.05,55.99,54.28
europe_lau,Vironvay,vironvay,vi,52.24,68.79,33.32
europe_lau,Vitot,vitot,vi,34.51,63.26,-36.38
europe_lau,Villeneuve-en-Retz,villeneuve_en_retz,vi,59.71,64.91,25.7
europe_lau,Vicq-d'Auribat,vicq_d_auribat,vi,29.57,60.79,90.19
europe_lau,Vielle-Tursan,vielle_tursan,vi,36.53,51.74,96.36
europe_lau,Vielle-Saint-Girons,vielle_saint_girons,vi,47.02,70.04,80.62
europe_lau,Vielle-Soubiran,vielle_soubiran,vi,59.41,77.24,74.38
europe_lau,Vieux-Boucau-les-Bains,vieux_boucau_les_bains,vi,50.84,76.83,13.21
europe_lau,Villenave,villenave,vi,49.3,62.06,2.31
europe_lau,Villeneuve-de-Marsan,villeneuve_de_marsan,vi,54.01,64.87,79.65
europe_lau,Viazac,viazac,vi,64.3,70.84,63.96
europe_lau,Vidaillac,vidaillac,vi,30.81,50.68,71.99
europe_lau,Villesèque,villeseque,vi,44.21,68.68,-2.77
europe_lau,Vire-sur-Lot,vire_sur_lot,vi,46.36,61.11,47.04
europe_lau,Vienne-la-Ville,vienne_la_ville,vi,44.54,54.36,60.15
europe_lau,Vienne-le-Château,vienne_le_chateau,vi,56.98,66.83,53.21
europe_lau,Ville-Dommange,ville_dommange,vi,41.57,81.51,69.36
europe_lau,Ville-en-Selve,ville_en_selve,vi,60.89,74.68,63.14
europe_lau,Ville-en-Tardenois,ville_en_tardenois,vi,35.69,70.54,88.5
europe_lau,Villeneuve-la-Lionne,villeneuve_la_lionne,vi,51.34,69.84,8.57
europe_lau,Villeneuve-Renneville-Chevigny,villeneuve_renneville_chevigny,vi,40.21,56.26,85.9
europe_lau,Villeneuve-Saint-Vistre-et-Villevotte,villeneuve_saint_vistre_et_villevotte,vi,41.53,55.32,12.81
europe_lau,Villers-Allerand,villers_allerand,vi,39.43,74.38,92.61
europe_lau,Villers-aux-Bois,villers_aux_bois,vi,40.27,64.72,38.74
europe_lau,Villers-aux-Nœuds,villers_aux_noeuds,vi,39.04,63.62,85.9
europe_lau,Villers-en-Argonne,villers_en_argonne,vi,58.17,64.72,26.88
europe_lau,Villers-Franqueux,villers_franqueux,vi,51.33,65.36,58.8
europe_lau,Villers-le-Château,villers_le_chateau,vi,34.44,49.84,86.39
europe_lau,Villers-le-Sec,villers_le_sec,vi,42.11,58.92,91.76
europe_lau,Villers-Marmery,villers_marmery,vi,62.73,68.91,39.65
europe_lau,Villers-sous-Châtillon,villers_sous_chatillon,vi,43.51,56.74,34.98
europe_lau,Villeseneux,villeseneux,vi,44.89,57.05,45.08
europe_lau,Ville-sur-Tourbe,ville_sur_tourbe,vi,59.36,83.91,20.17
europe_lau,Villevenard,villevenard,vi,49.8,69.13,29.18
europe_lau,Villiers-aux-Corneilles,villiers_aux_corneilles,vi,54.11,73.68,71.47
europe_lau,Vinay,vinay,vi,58.99,72.67,18.5
europe_lau,Vincelles,vincelles,vi,41.13,55.15,69.18
europe_lau,Vindey,vindey,vi,31.77,70.77,-60.83
europe_lau,Virginy,virginy,vi,46.21,67.08,55.2
europe_lau,Vitry-en-Perthois,vitry_en_perthois,vi,53.35,63.53,23.3
europe_lau,Vitry-la-Ville,vitry_la_ville,vi,23.25,76.59,18.33
europe_lau,Vitry-le-François,vitry_le_francois,vi,57.31,66.65,75.12
europe_lau,Villey-Saint-Étienne,villey_saint_etienne,vi,41.44,68.11,57.67
europe_lau,Virecourt,virecourt,vi,46.85,72.28,72.02
europe_lau,Viterne,viterne,vi,51.27,65.52,79.71
europe_lau,Vitrey,vitrey,vi,47.05,69.05,95.16
europe_lau,Vitrimont,vitrimont,vi,56.75,71.89,73.21
europe_lau,Vittonville,vittonville,vi,57.67,75.22,43.21
europe_lau,Viviers-sur-Chiers,viviers_sur_chiers,vi,44.34,70.65,79.08
europe_lau,Vicq,vicq,vi,66.05,70.16,37.72
europe_lau,Viéville,vieville,vi,31.27,54.69,-37.99
europe_lau,Vignes-la-Côte,vignes_la_cote,vi,42.58,68.07,71.37
europe_lau,Vignory,vignory,vi,36.81,45.26,46.43
europe_lau,Villars-en-Azois,villars_en_azois,vi,37.61,56.21,11.58
europe_lau,Villars-Santenoge,villars_santenoge,vi,49.21,68.51,26.93
europe_lau,Ville-en-Blaisois,ville_en_blaisois,vi,27.92,52.97,-74.48
europe_lau,Villegusien-le-Lac,villegusien_le_lac,vi,39.97,46.85,48.31
europe_lau,Villiers-en-Lieu,villiers_en_lieu,vi,56.95,72.48,37.64
europe_lau,Villiers-le-Sec,villiers_le_sec,vi,68.8,68.39,70.23
europe_lau,Villiers-lès-Aprey,villiers_les_aprey,vi,36.5,47.92,69.91
europe_lau,Villiers-sur-Suize,villiers_sur_suize,vi,37.9,59.87,79.26
europe_lau,Violot,violot,vi,47.74,62.89,74.05
europe_lau,Vitry-en-Montagne,vitry_en_montagne,vi,31.24,56,89.85
europe_lau,Vitry-lès-Nogent,vitry_les_nogent,vi,52.52,86.59,75.51
europe_lau,Vivey,vivey,vi,52.85,69.29,58.83
europe_lau,Videcosville,videcosville,vi,54.7,73.37,87.51
europe_lau,Villars,villars,vi,63.78,76.76,66.29
europe_lau,Villemontais,villemontais,vi,42.08,53.39,40.49
europe_lau,Villerest,villerest,vi,52.41,70.2,64.58
europe_lau,Villers,villers,vi,56.16,72.96,14.37
europe_lau,Violay,violay,vi,51.08,70.55,25.44
europe_lau,Viricelles,viricelles,vi,34.7,71.9,10.04
europe_lau,Virigneux,virigneux,vi,63.28,70.66,53.24
europe_lau,Vivans,vivans,vi,47.84,59.78,23.75
europe_lau,Vieilles-Maisons-sur-Joudry,vieilles_maisons_sur_joudry,vi,51.26,68.35,74.64
europe_lau,Vienne-en-Val,vienne_en_val,vi,44.7,61.17,88.54
europe_lau,Viglain,viglain,vi,73.86,74.48,66.85
europe_lau,Villamblain,villamblain,vi,55.56,64.36,61.15
europe_lau,Villemandeur,villemandeur,vi,49.41,58.71,77.89
europe_lau,Villemoutiers,villemoutiers,vi,47.86,57.88,38.28
europe_lau,Villemurlin,villemurlin,vi,43.13,58.5,66.05
europe_lau,Villeneuve-sur-Conie,villeneuve_sur_conie,vi,50.9,64,80.56
europe_lau,Villereau,villereau,vi,62.15,78.76,71.4
europe_lau,Villevoques,villevoques,vi,51.1,58.1,56.3
europe_lau,Villorceau,villorceau,vi,50.3,66.41,35.55
europe_lau,Vimory,vimory,vi,57.62,72.09,68.27
europe_lau,Vitry-aux-Loges,vitry_aux_loges,vi,46.86,62.98,-4.13
europe_lau,Vissac-Auteyrac,vissac_auteyrac,vi,33.61,47.28,10.56
europe_lau,Villebernier,villebernier,vi,68.46,78.42,61.05
europe_lau,Vivy,vivy,vi,50.92,72.91,46.66
europe_lau,Villebaudon,villebaudon,vi,47.77,54.9,67.03
europe_lau,Villedieu-les-Poêles-Rouffigny,villedieu_les_poeles_rouffigny,vi,33.4,50.33,71.44
europe_lau,Villiers-Fossard,villiers_fossard,vi,65.85,82.16,49.42
europe_lau,Virandeville,virandeville,vi,51.28,64.99,33.6
europe_lau,Villars-Sainte-Croix,villars_sainte_croix,vi,41.65,68.89,43.45
europe_lau,Villars-sous-Yens,villars_sous_yens,vi,54.73,65.22,68.85
europe_lau,Vieillevigne,vieillevigne,vi,49.39,66.88,65.36
europe_lau,Vigneux-de-Bretagne,vigneux_de_bretagne,vi,59.77,70.2,39.81
europe_lau,Villepot,villepot,vi,32.03,64.2,25.56
europe_lau,Vianne,vianne,vi,38.1,52.47,89.34
europe_lau,Villebramar,villebramar,vi,41.03,67.1,87.69
europe_lau,Villefranche-du-Queyran,villefranche_du_queyran,vi,31.38,52.77,99.6
europe_lau,Villeneuve-de-Duras,villeneuve_de_duras,vi,57.47,62.98,52.35
europe_lau,Villeneuve-sur-Lot,villeneuve_sur_lot,vi,50.25,57.08,62.18
europe_lau,Villeréal,villereal,vi,33.17,53.88,-29.62
europe_lau,Villeton,villeton,vi,63.63,71.56,56.46
europe_lau,Virazeil,virazeil,vi,66.3,68.29,58.26
europe_lau,Vicq-sur-Mer,vicq_sur_mer,vi,26.82,56.93,-67.34
europe_lau,Vievy-le-Rayé,vievy_le_raye,vi,60.91,65.55,57.04
europe_lau,Villavard,villavard,vi,55.63,74.47,91.12
europe_lau,Villebarou,villebarou,vi,50.96,64.68,50.8
europe_lau,Villebout,villebout,vi,61,68.68,62.77
europe_lau,Villechauve,villechauve,vi,46.47,61.28,67.69
europe_lau,Villedieu-le-Château,villedieu_le_chateau,vi,51.43,62.58,21.89
europe_lau,Villefranche-sur-Cher,villefranche_sur_cher,vi,46.93,64.19,30.63
europe_lau,Villefrancœur,villefrancoeur,vi,44.37,66.36,75.76
europe_lau,Villeherviers,villeherviers,vi,50.77,58.36,83.12
europe_lau,Villemardy,villemardy,vi,52.88,64.06,77.03
europe_lau,Villeneuve-Frouville,villeneuve_frouville,vi,45.68,68.98,-5.73
europe_lau,Villeny,villeny,vi,58.79,65.57,73.85
europe_lau,Villeporcher,villeporcher,vi,51.05,55.1,69.13
europe_lau,Villerable,villerable,vi,48.58,72.39,59.87
europe_lau,Villerbon,villerbon,vi,52.28,62.33,64.34
europe_lau,Villermain,villermain,vi,42.34,69.38,27.49
europe_lau,Villeromain,villeromain,vi,44.56,63.64,93.7
europe_lau,Villetrun,villetrun,vi,55.92,70.71,32.08
europe_lau,Villexanton,villexanton,vi,48.98,60.41,2.55
europe_lau,Villiersfaux,villiersfaux,vi,44.23,65.09,97.41
europe_lau,Villiers-sur-Loir,villiers_sur_loir,vi,61.09,68.62,64.02
europe_lau,Vineuil,vineuil,vi,45.63,60.94,88.92
europe_lau,Villars-Epeney,villars_epeney,vi,43.39,70.45,86.68
europe_lau,Villaines-les-Rochers,villaines_les_rochers,vi,54.75,67.9,74.21
europe_lau,Villandry,villandry,vi,42.84,59.43,5.4
europe_lau,Villebourg,villebourg,vi,25.25,42.62,85.87
europe_lau,Villedômain,villedomain,vi,31.06,70.53,62.73
europe_lau,Villedômer,villedomer,vi,54.17,70.37,68.16
europe_lau,Villeloin-Coulangé,villeloin_coulange,vi,47.24,53.48,64.55
europe_lau,Villeperdue,villeperdue,vi,47.22,57.46,80.05
europe_lau,Villiers-au-Bouin,villiers_au_bouin,vi,47.75,62.8,44.38
europe_lau,Vibrac,vibrac,vi,66.67,76.54,79.27
europe_lau,Vieux-Ruffec,vieux_ruffec,vi,47.15,63.02,68.36
europe_lau,Vignolles,vignolles,vi,64.03,68.08,42.12
europe_lau,Villebois-Lavalette,villebois_lavalette,vi,39.26,58.74,90.17
europe_lau,Villefagnan,villefagnan,vi,46.82,73.09,72.13
europe_lau,Villejoubert,villejoubert,vi,49.97,71.7,92.59
europe_lau,Villiers-le-Roux,villiers_le_roux,vi,67.54,73.17,38.94
europe_lau,Villognon,villognon,vi,59.4,66.35,61
europe_lau,Vindelle,vindelle,vi,43.57,67.83,15.69
europe_lau,Vitrac-Saint-Vincent,vitrac_saint_vincent,vi,53.49,64.36,69.47
europe_lau,Vinzel,vinzel,vi,19.01,68.99,90.95
europe_lau,Vionnaz,vionnaz,vi,45.2,72.29,-32
europe_lau,Vieilley,vieilley,vi,39.93,56.35,81.74
europe_lau,Viéthorey,viethorey,vi,70.75,72.64,53.99
europe_lau,Vieux-Charmont,vieux_charmont,vi,43.11,65.35,70.14
europe_lau,Villars-lès-Blamont,villars_les_blamont,vi,44.95,62.92,56.53
europe_lau,Villars-Saint-Georges,villars_saint_georges,vi,52.19,79.06,77.34
europe_lau,Villars-sous-Dampjoux,villars_sous_dampjoux,vi,22.51,48.8,88.11
europe_lau,Villars-sous-Écot,villars_sous_ecot,vi,58.36,68.3,71.06
europe_lau,Ville-du-Pont,ville_du_pont,vi,44.31,66.29,93.97
europe_lau,Villeneuve-d'Amont,villeneuve_d_amont,vi,47.52,73.42,-16.64
europe_lau,Villers-Buzon,villers_buzon,vi,48.18,59.2,83.51
europe_lau,Villers-Chief,villers_chief,vi,43.33,60.43,50.49
europe_lau,Villers-Grélot,villers_grelot,vi,56.92,79.33,42.46
europe_lau,Villers-la-Combe,villers_la_combe,vi,27.49,73.19,-60.26
europe_lau,Villers-Saint-Martin,villers_saint_martin,vi,37.47,62.45,64.35
europe_lau,Villers-sous-Chalamont,villers_sous_chalamont,vi,36.13,61.55,43.84
europe_lau,Villers-sous-Montrond,villers_sous_montrond,vi,32.97,44.15,91.84
europe_lau,Vic-le-Fesq,vic_le_fesq,vi,57.44,69.95,49.51
europe_lau,Villeneuve-lès-Avignon,villeneuve_les_avignon,vi,28.57,50.04,4.13
europe_lau,Villevieille,villevieille,vi,31.76,45.19,44.97
europe_lau,Vissec,vissec,vi,44.12,51.09,83.7
europe_lau,Vic-Fezensac,vic_fezensac,vi,36.62,47.73,26.27
europe_lau,Viella,viella,vi,46.6,65.78,8.73
europe_lau,Villecomtal-sur-Arros,villecomtal_sur_arros,vi,41.51,51.26,38.27
europe_lau,Villefranche,villefranche,vi,28.52,45.63,-41.07
europe_lau,Viozan,viozan,vi,50.85,74.57,0.87
europe_lau,Villard-Saint-Sauveur,villard_saint_sauveur,vi,33.37,50.4,5.9
europe_lau,Villards-d'Héria,villards_d_heria,vi,23.92,61.14,89.34
europe_lau,Villeneuve-d'Aval,villeneuve_d_aval,vi,41.52,57.17,58.37
europe_lau,Villeneuve-sous-Pymont,villeneuve_sous_pymont,vi,55.39,69.62,53.06
europe_lau,Villerserine,villerserine,vi,65.68,77.68,27.16
europe_lau,Villers-Farlay,villers_farlay,vi,37.95,68.85,94
europe_lau,Villers-les-Bois,villers_les_bois,vi,47.62,58.15,31.42
europe_lau,Villers-Robert,villers_robert,vi,51.5,66.83,82.99
europe_lau,Villette-lès-Arbois,villette_les_arbois,vi,51.82,66.31,74.28
europe_lau,Villette-lès-Dole,villette_les_dole,vi,47,74.09,44.3
europe_lau,Villevieux,villevieux,vi,32.49,59.1,30.82
europe_lau,Vienne,vienne,vi,43.99,45.57,69.95
europe_lau,Vif,vif,vi,49.15,56.91,76.41
europe_lau,Vignieu,vignieu,vi,65.88,81.63,60.71
europe_lau,Villard-Bonnot,villard_bonnot,vi,28.06,43.79,51.93
europe_lau,Villard-de-Lans,villard_de_lans,vi,51.04,67.87,53.28
europe_lau,Villard-Notre-Dame,villard_notre_dame,vi,39.89,76.52,94.53
europe_lau,Villard-Reculas,villard_reculas,vi,61.21,82.13,64.76
europe_lau,Villard-Reymond,villard_reymond,vi,35.18,60.86,94.06
europe_lau,Villard-Saint-Christophe,villard_saint_christophe,vi,41.72,69.06,42.75
europe_lau,Villefontaine,villefontaine,vi,34.97,39.07,69.01
europe_lau,Villemoirieu,villemoirieu,vi,28.89,61.34,-54.65
europe_lau,Villeneuve-de-Marc,villeneuve_de_marc,vi,65.28,60.84,61.96
europe_lau,Ville-sous-Anjou,ville_sous_anjou,vi,47.4,54.18,51.41
europe_lau,Villette-d'Anthon,villette_d_anthon,vi,53.61,62.72,42.63
europe_lau,Villette-de-Vienne,villette_de_vienne,vi,55.29,73.14,72.92
europe_lau,Vinay,vinay,vi,44.91,56.25,32.93
europe_lau,Viriville,viriville,vi,56.45,69.78,90.05
europe_lau,Vizille,vizille,vi,45.74,57.85,79.5
europe_lau,Vincent-Froideville,vincent_froideville,vi,31.45,52.04,92.94
europe_lau,Viry,viry,vi,35.25,56.55,78.94
europe_lau,Vitreux,vitreux,vi,37.54,49.87,81.34
europe_lau,Vias,vias,vi,55.6,67.55,44.48
europe_lau,Vic-la-Gardiole,vic_la_gardiole,vi,47.71,67.05,-2.44
europe_lau,Vieussan,vieussan,vi,34.14,59.19,-28.96
europe_lau,Villemagne-l'Argentière,villemagne_l_argentiere,vi,29.76,49.62,99.03
europe_lau,Villeneuve-lès-Béziers,villeneuve_les_beziers,vi,55.31,58.79,48.39
europe_lau,Villeneuve-lès-Maguelone,villeneuve_les_maguelone,vi,36.9,44.12,77.93
europe_lau,Villeneuvette,villeneuvette,vi,28.42,53.59,-54.56
europe_lau,Villespassans,villespassans,vi,27.84,57.35,17.13
europe_lau,Villetelle,villetelle,vi,51.96,70.51,85.88
europe_lau,Villeveyrac,villeveyrac,vi,65.17,77.49,69.61
europe_lau,Viols-en-Laval,viols_en_laval,vi,54.87,70.97,43.24
europe_lau,Viols-le-Fort,viols_le_fort,vi,53.61,68.01,83.46
europe_lau,Villigen,villigen,vi,49.78,61.33,49.99
europe_lau,Viam,viam,vi,40.05,60.98,97.7
europe_lau,Vigeois,vigeois,vi,59.23,64.78,54.64
europe_lau,Vignols,vignols,vi,43.24,56.11,83.43
europe_lau,Vitrac-sur-Montane,vitrac_sur_montane,vi,48.59,56.95,48.5
europe_lau,Vignale,vignale,vi,39.06,65.74,53.21
europe_lau,Ville-di-Paraso,ville_di_paraso,vi,18.2,60.7,77.7
europe_lau,Vivario,vivario,vi,52.33,62,62.18
europe_lau,Vicq-Exemplet,vicq_exemplet,vi,64.15,67.29,71.16
europe_lau,Vicq-sur-Nahon,vicq_sur_nahon,vi,39.18,54.41,7.36
europe_lau,Vigoulant,vigoulant,vi,30.56,59.19,99.74
europe_lau,Vigoux,vigoux,vi,31.97,54.63,98.01
europe_lau,Vijon,vijon,vi,52.69,65.68,39.55
europe_lau,Villedieu-sur-Indre,villedieu_sur_indre,vi,45.6,52.82,38.43
europe_lau,Villegongis,villegongis,vi,54.37,74.99,19.39
europe_lau,Villegouin,villegouin,vi,38.39,76.03,78.02
europe_lau,Villentrois-Faverolles-en-Berry,villentrois_faverolles_en_berry,vi,44.98,66.78,0.58
europe_lau,Villiers,villiers,vi,64.12,82.03,70.81
europe_lau,Vineuil,vineuil,vi,59.37,70.25,54.08
europe_lau,Vich,vich,vi,12.75,38.87,99.22
europe_lau,Vieille-Toulouse,vieille_toulouse,vi,40.11,64.06,90.33
europe_lau,Vieillevigne,vieillevigne,vi,43.88,63.27,91.83
europe_lau,Vignaux,vignaux,vi,44.66,64.25,80.55
europe_lau,Vigoulet-Auzil,vigoulet_auzil,vi,57.33,81.06,13.85
europe_lau,Villariès,villaries,vi,52.23,68.37,92.03
europe_lau,Villate,villate,vi,41.28,72.56,78.02
europe_lau,Villaudric,villaudric,vi,72.31,73.94,62.01
europe_lau,Villefranche-de-Lauragais,villefranche_de_lauragais,vi,52.78,59.06,56.69
europe_lau,Villematier,villematier,vi,42.62,64.73,66.83
europe_lau,Villemur-sur-Tarn,villemur_sur_tarn,vi,42.92,53.3,63.58
europe_lau,Villeneuve-de-Rivière,villeneuve_de_riviere,vi,50.93,71.33,56.07
europe_lau,Villeneuve-Lécussan,villeneuve_lecussan,vi,34.61,60.41,22.4
europe_lau,Villeneuve-lès-Bouloc,villeneuve_les_bouloc,vi,21.18,40.72,27.73
europe_lau,Villeneuve-Tolosane,villeneuve_tolosane,vi,21.51,43.1,-63.26
europe_lau,Visp,visp,vi,28.6,50.01,-61.99
europe_lau,Vignonet,vignonet,vi,60.59,74.45,36.52
europe_lau,Villandraut,villandraut,vi,60.62,66.19,42.13
europe_lau,Villegouge,villegouge,vi,61.8,73.52,46.46
europe_lau,Villenave-de-Rions,villenave_de_rions,vi,51.75,79.49,-13.03
europe_lau,Villenave-d'Ornon,villenave_d_ornon,vi,49.98,52.44,65.64
europe_lau,Villeneuve,villeneuve,vi,53.42,71.69,53.65
europe_lau,Virelade,virelade,vi,39.81,68.51,75.73
europe_lau,Virsac,virsac,vi,61.94,76.24,31.62
europe_lau,Visperterminen,visperterminen,vi,34.73,53.62,75.38
europe_lau,Villarzel,villarzel,vi,59.26,67.77,54.66
europe_lau,Vico,vico,vi,25.5,44.78,15.96
europe_lau,Viggianello,viggianello,vi,64.15,68.22,70.96
europe_lau,Villanova,villanova,vi,32.36,51.78,-5.88
europe_lau,Villenouvelle,villenouvelle,vi,45.22,63.56,9.76
europe_lau,Villemaury,villemaury,vi,41.48,48.82,77.02
europe_lau,Villages du Lac de Paladru,villages_du_lac_de_paladru,vi,27.83,54.81,40.68
europe_lau,Vildé-Guingalan,vilde_guingalan,vi,45.25,61.69,63.27
europe_lau,Villars-le-Comte,villars_le_comte,vi,44.34,74.74,68.43
europe_lau,Vichères,vicheres,vi,50.52,57.7,70.86
europe_lau,Vierville,vierville,vi,41.16,65.56,-11.29
europe_lau,Vieuvicq,vieuvicq,vi,56.31,60.21,75.53
europe_lau,Villampuy,villampuy,vi,51.72,55.3,69.89
europe_lau,Villars,villars,vi,55.33,71.98,18.94
europe_lau,Villebon,villebon,vi,32.6,54.02,23.89
europe_lau,Villemeux-sur-Eure,villemeux_sur_eure,vi,60.52,64.54,59.72
europe_lau,Villiers-le-Morhier,villiers_le_morhier,vi,45.24,60.39,48.66
europe_lau,Villiers-Saint-Orien,villiers_saint_orien,vi,24.33,53.18,2.07
europe_lau,Vitray-en-Beauce,vitray_en_beauce,vi,49.88,55,51.65
europe_lau,Vierwaldstättersee (LU),vierwaldstattersee_lu,vi,25.73,37.59,-0.44
europe_lau,Vierwaldstättersee (UR),vierwaldstattersee_ur,vi,17.09,48.29,78.62
europe_lau,Vieux-Viel,vieux_viel,vi,48.13,58.14,87.06
europe_lau,Vieux-Vy-sur-Couesnon,vieux_vy_sur_couesnon,vi,50.3,75.07,66.54
europe_lau,Vignoc,vignoc,vi,65.37,73.44,70.29
europe_lau,Villamée,villamee,vi,47.34,72.7,36.64
europe_lau,Visseiche,visseiche,vi,50.08,63.8,80.41
europe_lau,Vitré,vitre,vi,57.06,65.72,58.82
europe_lau,Vierwaldstättersee (SZ),vierwaldstattersee_sz,vi,12.05,25.35,-60.51
europe_lau,Vierwaldstättersee (OW),vierwaldstattersee_ow,vi,38.36,64.23,46.82
europe_lau,Vierwaldstättersee (NW),vierwaldstattersee_nw,vi,20.16,42.39,-37.43
europe_lau,Villars-le-Sec,villars_le_sec,vi,37.81,61.55,51.17
europe_lau,Vindry-sur-Turdine,vindry_sur_turdine,vi,53.38,64.56,34.18
europe_lau,Viens,viens,vi,49.46,65.81,75.44
europe_lau,Villars,villars,vi,23.84,53.09,95.99
europe_lau,Villedieu,villedieu,vi,60.63,75.09,39.9
europe_lau,Villelaure,villelaure,vi,53.64,64.87,50.69
europe_lau,Villes-sur-Auzon,villes_sur_auzon,vi,44.95,76.05,7.5
europe_lau,Violès,violes,vi,50.36,65.97,74.9
europe_lau,Visan,visan,vi,48.6,56.89,25.38
europe_lau,Vitrolles-en-Lubéron,vitrolles_en_luberon,vi,32.66,47,12.07
europe_lau,Vic-en-Bigorre,vic_en_bigorre,vi,46.64,55.52,64.27
europe_lau,Vidou,vidou,vi,43.19,77.01,13.34
europe_lau,Vidouze,vidouze,vi,45.08,61.88,87.41
europe_lau,Viarmes,viarmes,vi,48.5,61.8,41.53
europe_lau,Vienne-en-Arthies,vienne_en_arthies,vi,46.49,57.76,65.07
europe_lau,Vigny,vigny,vi,65.43,74.61,37.85
europe_lau,Villaines-sous-Bois,villaines_sous_bois,vi,45.49,69.8,-12.09
europe_lau,Villeron,villeron,vi,33.85,53.82,98.24
europe_lau,Villers-en-Arthies,villers_en_arthies,vi,56.7,72.76,22.05
europe_lau,Villiers-Adam,villiers_adam,vi,43.45,59.81,44.51
europe_lau,Villiers-le-Bel,villiers_le_bel,vi,67.81,72.86,62.48
europe_lau,Villiers-le-Sec,villiers_le_sec,vi,39.37,68.75,48.87
europe_lau,Vidnava,vidnava,vi,34.2,42.11,75.97
europe_lau,Viella,viella,vi,44.97,65.75,71.71
europe_lau,Vielle-Adour,vielle_adour,vi,44.32,73.67,-28.89
europe_lau,Vielle-Aure,vielle_aure,vi,14.39,36.34,-108.5
europe_lau,Vielle-Louron,vielle_louron,vi,60.39,76.13,40.85
europe_lau,Vier-Bordes,vier_bordes,vi,38.7,62.26,10.13
europe_lau,Vieuzos,vieuzos,vi,59.99,74.42,30.88
europe_lau,Viey,viey,vi,47.33,65.93,90.95
europe_lau,Viger,viger,vi,41.94,68.46,51.09
europe_lau,Vignec,vignec,vi,17.65,44.07,-14.95
europe_lau,Villefranque,villefranque,vi,37.34,48.37,86.27
europe_lau,Villelongue,villelongue,vi,32.5,50.14,26.04
europe_lau,Villembits,villembits,vi,52.12,83.2,57.23
europe_lau,Villemur,villemur,vi,33.71,39.34,58.32
europe_lau,Villenave-près-Béarn,villenave_pres_bearn,vi,67.06,78.54,27.49
europe_lau,Villenave-près-Marsac,villenave_pres_marsac,vi,33.65,69.09,97.52
europe_lau,Viscos,viscos,vi,54.16,71.05,71.18
europe_lau,Visker,visker,vi,50.14,60.09,63.7
europe_lau,Vieux-Fort,vieux_fort,vi,54.38,80.03,33.96
europe_lau,Vieux-Habitants,vieux_habitants,vi,50.55,67.06,54.96
europe_lau,Vicq-sur-Gartempe,vicq_sur_gartempe,vi,47.63,63.05,-4.99
europe_lau,Villemort,villemort,vi,56.33,69.05,17.13
europe_lau,Villiers,villiers,vi,59.11,67.47,68.13
europe_lau,Vivonne,vivonne,vi,35.41,48.83,83.99
europe_lau,Vinařice,vinarice,vi,53.43,70.32,87.71
europe_lau,Villechenève,villecheneve,vi,52.51,58.12,54.6
europe_lau,Villefranche-sur-Saône,villefranche_sur_saone,vi,44.4,52.56,53.67
europe_lau,Ville-sur-Jarnioux,ville_sur_jarnioux,vi,38.55,57.13,61.45
europe_lau,Villeurbanne,villeurbanne,vi,50.79,66.45,64.08
europe_lau,Villié-Morgon,villie_morgon,vi,34.44,53.39,51.24
europe_lau,Villard,villard,vi,49.4,62.65,17.72
europe_lau,Villaz,villaz,vi,37.59,66.11,-18.86
europe_lau,Ville-en-Sallaz,ville_en_sallaz,vi,22.45,41.53,12.95
europe_lau,Ville-la-Grand,ville_la_grand,vi,29.95,61.95,-60.05
europe_lau,Villy-le-Bouveret,villy_le_bouveret,vi,45.79,66.83,93.03
europe_lau,Villy-le-Pelloux,villy_le_pelloux,vi,65.51,71.09,71.62
europe_lau,Vinzier,vinzier,vi,45.1,58.1,77.25
europe_lau,Viry,viry,vi,48.8,62.76,55.88
europe_lau,Viuz-la-Chiésaz,viuz_la_chiesaz,vi,49.02,63.31,27.39
europe_lau,Viuz-en-Sallaz,viuz_en_sallaz,vi,57.03,64.95,51.51
europe_lau,Vižina,vizina,vi,54.22,73.23,72.59
europe_lau,Vieux-Champagne,vieux_champagne,vi,49.18,66.53,12.22
europe_lau,Vignely,vignely,vi,37.39,68.69,83.1
europe_lau,Villebéon,villebeon,vi,60.65,73.12,54.68
europe_lau,Villecerf,villecerf,vi,45.62,62.74,21.49
europe_lau,Villemaréchal,villemarechal,vi,50.14,62.09,25.2
europe_lau,Villemareuil,villemareuil,vi,51.24,67.91,66.72
europe_lau,Villemer,villemer,vi,38.47,66.04,0.68
europe_lau,Villenauxe-la-Petite,villenauxe_la_petite,vi,55.47,73.5,91.38
europe_lau,Villeneuve-le-Comte,villeneuve_le_comte,vi,59.18,72.76,49.99
europe_lau,Villeneuve-les-Bordes,villeneuve_les_bordes,vi,60.41,68.23,65.13
europe_lau,Villeneuve-Saint-Denis,villeneuve_saint_denis,vi,52.19,68.91,75.06
europe_lau,Villeneuve-sous-Dammartin,villeneuve_sous_dammartin,vi,67.48,81.07,55.76
europe_lau,Villeneuve-sur-Bellot,villeneuve_sur_bellot,vi,46.62,55.8,79.83
europe_lau,Villenoy,villenoy,vi,56.2,65.79,51.61
europe_lau,Villeparisis,villeparisis,vi,59.32,67.81,48.25
europe_lau,Villeroy,villeroy,vi,27.38,45.39,59.33
europe_lau,Ville-Saint-Jacques,ville_saint_jacques,vi,51.31,67.86,34.35
europe_lau,Villevaudé,villevaude,vi,52.8,65.64,47.74
europe_lau,Villiers-en-Bière,villiers_en_biere,vi,56.3,64.53,54.44
europe_lau,Villiers-Saint-Georges,villiers_saint_georges,vi,63.35,70.53,38.83
europe_lau,Villiers-sous-Grez,villiers_sous_grez,vi,51.43,74.01,45.46
europe_lau,Villiers-sur-Morin,villiers_sur_morin,vi,35.22,65.37,99.8
europe_lau,Villiers-sur-Seine,villiers_sur_seine,vi,54.81,74.96,86.85
europe_lau,Villuis,villuis,vi,25.01,48.8,88.01
europe_lau,Vimpelles,vimpelles,vi,44.02,65.57,81.49
europe_lau,Vinantes,vinantes,vi,59.3,76.64,66.71
europe_lau,Vincy-Manœuvre,vincy_manoeuvre,vi,47.69,52.55,79.69
europe_lau,Villafans,villafans,vi,60.18,71.83,59.09
europe_lau,Villargent,villargent,vi,47.63,65.1,80.23
europe_lau,Villars-le-Pautel,villars_le_pautel,vi,64.76,66.27,57.97
europe_lau,Villefrancon,villefrancon,vi,41.49,63.84,86.77
europe_lau,Villeparois,villeparois,vi,32.05,52.06,96.17
europe_lau,Villers-Bouton,villers_bouton,vi,45.82,53.63,45.51
europe_lau,Villersexel,villersexel,vi,44.9,57.22,68.04
europe_lau,Villers-la-Ville,villers_la_ville,vi,32.78,52.2,94.34
europe_lau,Villers-le-Sec,villers_le_sec,vi,47.53,65.28,70.96
europe_lau,Villers-lès-Luxeuil,villers_les_luxeuil,vi,34.5,57.89,58.62
europe_lau,Villers-Pater,villers_pater,vi,25.85,53.59,81.92
europe_lau,Villers-sur-Port,villers_sur_port,vi,69.31,74.58,53.03
europe_lau,Villers-sur-Saulnot,villers_sur_saulnot,vi,41.66,66.64,91.21
europe_lau,Villers-Vaudey,villers_vaudey,vi,59.53,76.39,84.65
europe_lau,Vilory,vilory,vi,27.83,45.67,84.48
europe_lau,Visoncourt,visoncourt,vi,28.36,68.81,-21.27
europe_lau,Vitrey-sur-Mance,vitrey_sur_mance,vi,40.9,62,-29.62
europe_lau,Ville-d'Avray,ville_d_avray,vi,32.44,67.53,-28.04
europe_lau,Villeneuve-la-Garenne,villeneuve_la_garenne,vi,43.36,62.02,86.52
europe_lau,Villemomble,villemomble,vi,40,58.13,39.43
europe_lau,Villepinte,villepinte,vi,30.51,55.28,37.96
europe_lau,Villetaneuse,villetaneuse,vi,51.04,69.37,92.38
europe_lau,Vix,vix,vi,55.89,69.59,84.54
europe_lau,Vignacourt,vignacourt,vi,62.86,68.05,49.75
europe_lau,Villecourt,villecourt,vi,26.63,54.55,61.67
europe_lau,Ville-le-Marclet,ville_le_marclet,vi,56.5,77.22,75.49
europe_lau,Villeroy,villeroy,vi,47.25,73.91,81.47
europe_lau,Villers-aux-Érables,villers_aux_erables,vi,64.76,72.71,64.15
europe_lau,Villers-Bocage,villers_bocage,vi,52.41,64.59,61.04
europe_lau,Villers-Bretonneux,villers_bretonneux,vi,62.72,67.39,63.8
europe_lau,Villers-Campsart,villers_campsart,vi,48.54,63.27,47.94
europe_lau,Villers-Carbonnel,villers_carbonnel,vi,44.77,67.76,-18.42
europe_lau,Villers-Faucon,villers_faucon,vi,58.76,69.03,31.37
europe_lau,Villers-lès-Roye,villers_les_roye,vi,58.65,71.41,50.27
europe_lau,Villers-sous-Ailly,villers_sous_ailly,vi,70.32,74.53,50.38
europe_lau,Villers-Tournelle,villers_tournelle,vi,59.04,66.38,59.8
europe_lau,Villers-sur-Authie,villers_sur_authie,vi,40.68,57.28,58.35
europe_lau,Ville-sur-Ancre,ville_sur_ancre,vi,37.37,49.94,62.73
europe_lau,Vironchaux,vironchaux,vi,71.12,68.9,59.12
europe_lau,Vismes,vismes,vi,55.33,66.21,80.39
europe_lau,Vitz-sur-Authie,vitz_sur_authie,vi,39.19,48.34,75
europe_lau,Vieux-Ferrette,vieux_ferrette,vi,52.25,63.94,87.68
europe_lau,Vieux-Thann,vieux_thann,vi,38.35,50.98,81.28
europe_lau,Village-Neuf,village_neuf,vi,42.26,61.44,82.15
europe_lau,Viennay,viennay,vi,62.88,63.64,58.24
europe_lau,Villefollet,villefollet,vi,35.57,63.99,-13.4
europe_lau,Villemain,villemain,vi,48.59,70.99,61.19
europe_lau,Villiers-en-Bois,villiers_en_bois,vi,54.42,65.13,43.87
europe_lau,Villiers-en-Plaine,villiers_en_plaine,vi,63.71,68.78,71.27
europe_lau,Villeblevin,villeblevin,vi,43.71,59.81,68.89
europe_lau,Villebougis,villebougis,vi,44.86,59.19,17.05
europe_lau,Villechétive,villechetive,vi,23.92,48.52,-73.8
europe_lau,Villecien,villecien,vi,28.11,62.54,-39.01
europe_lau,Villefargeau,villefargeau,vi,40.95,59.67,0.71
europe_lau,Villemanoche,villemanoche,vi,35.34,68.17,64.14
europe_lau,Villenavotte,villenavotte,vi,43.85,58.98,19.68
europe_lau,Villeneuve-la-Dondagre,villeneuve_la_dondagre,vi,59.92,68.48,18.26
europe_lau,Villeneuve-la-Guyard,villeneuve_la_guyard,vi,31.08,58.59,63.2
europe_lau,Villeneuve-l'Archevêque,villeneuve_l_archeveque,vi,28.94,58.93,85.87
europe_lau,Villeneuve-les-Genêts,villeneuve_les_genets,vi,61.43,65.91,45.09
europe_lau,Villeneuve-Saint-Salves,villeneuve_saint_salves,vi,34.86,56.98,78.91
europe_lau,Villeneuve-sur-Yonne,villeneuve_sur_yonne,vi,47.28,61.6,2.56
europe_lau,Villeperrot,villeperrot,vi,48.34,65.28,12.56
europe_lau,Villeroy,villeroy,vi,50.14,67.55,64.01
europe_lau,Villethierry,villethierry,vi,51.7,62.72,18.26
europe_lau,Villevallier,villevallier,vi,19.83,54.22,-55.25
europe_lau,Villiers-les-Hauts,villiers_les_hauts,vi,29.04,57.63,25.62
europe_lau,Villiers-Louis,villiers_louis,vi,40.36,47.93,77.6
europe_lau,Villiers-Saint-Benoît,villiers_saint_benoit,vi,44.53,49.28,44.55
europe_lau,Villiers-Vineux,villiers_vineux,vi,40.04,56.07,-7.51
europe_lau,Villon,villon,vi,42.65,68.49,71.14
europe_lau,Villy,villy,vi,42.07,60.62,79.11
europe_lau,Vincelles,vincelles,vi,38.35,52.24,94.92
europe_lau,Vincelottes,vincelottes,vi,25.89,53.91,89.72
europe_lau,Vinneuf,vinneuf,vi,38.75,57.51,46.01
europe_lau,Vireaux,vireaux,vi,60.78,70.57,62.77
europe_lau,Viviers,viviers,vi,68.97,79.82,58.22
europe_lau,Vigueron,vigueron,vi,52.22,80.04,35.31
europe_lau,Villebrumier,villebrumier,vi,44.62,60.72,82.76
europe_lau,Villemade,villemade,vi,52.57,61.09,68.77
europe_lau,Villecresnes,villecresnes,vi,43.41,57.33,60.4
europe_lau,Villejuif,villejuif,vi,61.01,76.91,83.74
europe_lau,Villeneuve-le-Roi,villeneuve_le_roi,vi,34.84,67.41,-35.25
europe_lau,Villeneuve-Saint-Georges,villeneuve_saint_georges,vi,34.94,56.84,92.57
europe_lau,Villiers-sur-Marne,villiers_sur_marne,vi,48.97,68.37,11.31
europe_lau,Vincennes,vincennes,vi,34.43,57.13,-35.14
europe_lau,Vitry-sur-Seine,vitry_sur_seine,vi,56.81,71.36,56.42
europe_lau,Vicherey,vicherey,vi,29.69,53.03,86.71
europe_lau,Vienville,vienville,vi,44.2,67.4,-15.26
europe_lau,Vieux-Moulin,vieux_moulin,vi,55.6,82.45,7.34
europe_lau,Villers,villers,vi,70.35,72.77,29.52
europe_lau,Ville-sur-Illon,ville_sur_illon,vi,40.1,59.73,92.54
europe_lau,Villoncourt,villoncourt,vi,43.12,64.19,86.14
europe_lau,Villotte,villotte,vi,56.74,65.15,67.41
europe_lau,Villouxel,villouxel,vi,47.4,72.87,-2.07
europe_lau,Viménil,vimenil,vi,40.55,67.02,89.6
europe_lau,Vincey,vincey,vi,44.62,64.39,82.01
europe_lau,Viocourt,viocourt,vi,39.53,66.3,97.09
europe_lau,Vioménil,viomenil,vi,35.05,57.74,-34.82
europe_lau,Vittel,vittel,vi,54.33,57.19,74.13
europe_lau,Viviers-le-Gras,viviers_le_gras,vi,29.24,48.12,93.59
europe_lau,Viviers-lès-Offroicourt,viviers_les_offroicourt,vi,37.59,61.91,24.38
europe_lau,Vidauban,vidauban,vi,42.63,56.33,38.27
europe_lau,Villecroze,villecroze,vi,46.68,69.87,56.18
europe_lau,Vinon-sur-Verdon,vinon_sur_verdon,vi,60.16,67.23,54.17
europe_lau,Vins-sur-Caramy,vins_sur_caramy,vi,43.54,67.44,-34.88
europe_lau,Villiers-sur-Chizé,villiers_sur_chize,vi,45.75,61.08,38.8
europe_lau,Vicq-sur-Breuilh,vicq_sur_breuilh,vi,60.16,67,64.98
europe_lau,Videix,videix,vi,48.9,56.01,73.09
europe_lau,Villefavard,villefavard,vi,59.03,72.38,32.84
europe_lau,Višňová,visnova,vi,31.93,53.36,-7.16
europe_lau,Vitice,vitice,vi,48.55,73.16,93.13
europe_lau,Vicq,vicq,vi,45.84,71.98,36.01
europe_lau,Vieille-Église-en-Yvelines,vieille_eglise_en_yvelines,vi,42.25,57.41,30.03
europe_lau,Villennes-sur-Seine,villennes_sur_seine,vi,42.11,62.1,80.7
europe_lau,Villepreux,villepreux,vi,63,65.33,57.13
europe_lau,Villette,villette,vi,55.83,64.22,55.95
europe_lau,Villiers-le-Mahieu,villiers_le_mahieu,vi,41.55,63.99,96.52
europe_lau,Villiers-Saint-Frédéric,villiers_saint_frederic,vi,58.23,70.54,75.98
europe_lau,Viroflay,viroflay,vi,48.02,76.93,96.09
europe_lau,Vitín,vitin,vi,46.87,58.59,61.17
europe_lau,Vítkov,vitkov,vi,44.85,60.59,89.04
europe_lau,Vícenice u Náměště nad Oslavou,vicenice_u_nameste_nad_oslavou,vi,59.6,68.61,70.48
europe_lau,Vichel,vichel,vi,57.21,75,46.81
europe_lau,Vic-le-Comte,vic_le_comte,vi,37.21,59.89,12.28
europe_lau,Villeneuve,villeneuve,vi,48.39,71.56,25.77
europe_lau,Villeneuve-les-Cerfs,villeneuve_les_cerfs,vi,52.88,76.59,66.96
europe_lau,Villossanges,villossanges,vi,55.06,59.32,29.93
europe_lau,Vinzelles,vinzelles,vi,47,65.53,11.06
europe_lau,Viefvillers,viefvillers,vi,57.54,68.62,59.03
europe_lau,Vieux-Moulin,vieux_moulin,vi,53.6,61.72,33.42
europe_lau,Vignemont,vignemont,vi,47.31,62.07,82.63
europe_lau,Ville,ville,vi,48.56,70.64,77.2
europe_lau,Villembray,villembray,vi,56.79,79.16,83.04
europe_lau,Villeneuve-les-Sablons,villeneuve_les_sablons,vi,50.97,63.78,75.29
europe_lau,Villeneuve-sur-Verberie,villeneuve_sur_verberie,vi,27.68,50.69,-12.5
europe_lau,Villers-Saint-Barthélemy,villers_saint_barthelemy,vi,55.5,70.81,38.88
europe_lau,Villers-Saint-Frambourg-Ognon,villers_saint_frambourg_ognon,vi,47.66,62.98,80.74
europe_lau,Villers-Saint-Genest,villers_saint_genest,vi,38.29,60.15,-35.42
europe_lau,Villers-Saint-Paul,villers_saint_paul,vi,64.81,74.41,67.69
europe_lau,Villers-Saint-Sépulcre,villers_saint_sepulcre,vi,58.02,73.64,23.18
europe_lau,Villers-sous-Saint-Leu,villers_sous_saint_leu,vi,34.97,68.54,59.69
europe_lau,Villers-sur-Auchy,villers_sur_auchy,vi,55.92,71.56,73.94
europe_lau,Villers-sur-Bonnières,villers_sur_bonnieres,vi,56.77,72.8,31.79
europe_lau,Villers-sur-Coudun,villers_sur_coudun,vi,67.77,74,60.27
europe_lau,Villers-Vermont,villers_vermont,vi,40.86,57.99,27.48
europe_lau,Villers-Vicomte,villers_vicomte,vi,51.52,70.35,31.64
europe_lau,Villeselve,villeselve,vi,30.74,59.57,93.33
europe_lau,Vineuil-Saint-Firmin,vineuil_saint_firmin,vi,49.71,83.7,-27.93
europe_lau,Villard-d'Héry,villard_d_hery,vi,46.82,79.38,64.88
europe_lau,Villard-Léger,villard_leger,vi,40.95,78.86,73.86
europe_lau,Villard-Sallet,villard_sallet,vi,61.09,83.38,49.42
europe_lau,Villard-sur-Doron,villard_sur_doron,vi,47.05,60.22,85.59
europe_lau,Villarembert,villarembert,vi,41.66,58.55,12.43
europe_lau,Villargondran,villargondran,vi,44.17,65.29,71.4
europe_lau,Villarodin-Bourget,villarodin_bourget,vi,26.17,59.16,88.39
europe_lau,Villaroger,villaroger,vi,34.26,66.05,89.91
europe_lau,Villaroux,villaroux,vi,42.62,72.74,18.7
europe_lau,Vimines,vimines,vi,40.22,60.88,40.69
europe_lau,Vions,vions,vi,42.91,77.57,99.78
europe_lau,Viviers-du-Lac,viviers_du_lac,vi,46.54,59.39,62.01
europe_lau,Villefranche-de-Conflent,villefranche_de_conflent,vi,36.15,54.48,-6.19
europe_lau,Vigneulles-lès-Hattonchâtel,vigneulles_les_hattonchatel,vi,40.52,60.79,-13.19
europe_lau,Vigneul-sous-Montmédy,vigneul_sous_montmedy,vi,48.42,54.96,77.26
europe_lau,Vignot,vignot,vi,46,69.62,-5.74
europe_lau,Villécloye,villecloye,vi,56.89,67.2,58.14
europe_lau,Ville-devant-Belrain,ville_devant_belrain,vi,24.16,65.3,15.69
europe_lau,Ville-devant-Chaumont,ville_devant_chaumont,vi,44.06,68.28,76.21
europe_lau,Ville-en-Woëvre,ville_en_woevre,vi,31.42,58.58,52.02
europe_lau,Villeroy-sur-Méholle,villeroy_sur_meholle,vi,45.72,55.59,24.75
europe_lau,Villers-aux-Vents,villers_aux_vents,vi,61.53,65.61,57.44
europe_lau,Villers-devant-Dun,villers_devant_dun,vi,61.12,77.97,58.8
europe_lau,Villers-le-Sec,villers_le_sec,vi,50.72,66.24,50.7
europe_lau,Villers-lès-Mangiennes,villers_les_mangiennes,vi,33.3,73.17,77.11
europe_lau,Villers-sous-Pareid,villers_sous_pareid,vi,40.94,51.27,43.88
europe_lau,Villers-sur-Meuse,villers_sur_meuse,vi,50.2,63.76,14.32
europe_lau,Ville-sur-Cousances,ville_sur_cousances,vi,39.22,59.6,-20.53
europe_lau,Ville-sur-Saulx,ville_sur_saulx,vi,60.77,68.09,43.02
europe_lau,Villotte-devant-Louppy,villotte_devant_louppy,vi,35.92,68.77,-56
europe_lau,Villotte-sur-Aire,villotte_sur_aire,vi,23.74,58.06,2.86
europe_lau,Vilosnes-Haraumont,vilosnes_haraumont,vi,21.21,40.9,12.98
europe_lau,Vittarville,vittarville,vi,26.74,49.33,63.99
europe_lau,Villé,ville,vi,42.28,58.95,42.87
europe_lau,Višňová,visnova,vi,56.33,69.16,3.31
europe_lau,Villegaudin,villegaudin,vi,46.18,53.92,56.37
europe_lau,Villeneuve-en-Montagne,villeneuve_en_montagne,vi,51.39,63.45,58.59
europe_lau,Vincelles,vincelles,vi,45.3,61.05,15.07
europe_lau,Vindecy,vindecy,vi,39.3,65.16,90.14
europe_lau,Vinzelles,vinzelles,vi,38.34,70.75,10.24
europe_lau,Viré,vire,vi,73.55,77.4,55.4
europe_lau,Virey-le-Grand,virey_le_grand,vi,46.44,62.42,92.5
europe_lau,Viry,viry,vi,43.66,57.3,22.55
europe_lau,Vitry-en-Charollais,vitry_en_charollais,vi,49.85,70.63,63.8
europe_lau,Vitry-sur-Loire,vitry_sur_loire,vi,42.28,59.55,-8.44
europe_lau,Villelongue-de-la-Salanque,villelongue_de_la_salanque,vi,69.18,82.66,49.69
europe_lau,Villelongue-dels-Monts,villelongue_dels_monts,vi,22.46,67.99,78.36
europe_lau,Villemolaque,villemolaque,vi,27.69,51.31,83.04
europe_lau,Villeneuve-de-la-Raho,villeneuve_de_la_raho,vi,55.39,77.24,53.44
europe_lau,Villeneuve-la-Rivière,villeneuve_la_riviere,vi,30.76,62.39,85.64
europe_lau,Vinça,vinca,vi,44.18,74.17,28.78
europe_lau,Vingrau,vingrau,vi,52.31,68.58,89.47
europe_lau,Vira,vira,vi,36.08,61.85,-6.83
europe_lau,Vivès,vives,vi,58.41,70.6,41.73
europe_lau,Vidim,vidim,vi,46.59,61.64,91.08
europe_lau,Vicq,vicq,vi,56.37,66.22,74.24
europe_lau,Viesly,viesly,vi,36.26,59.9,96.64
europe_lau,Vieux-Berquin,vieux_berquin,vi,52.08,68.83,23.71
europe_lau,Vieux-Condé,vieux_conde,vi,37.9,58.24,98.95
europe_lau,Vieux-Mesnil,vieux_mesnil,vi,53.35,74.65,40.43
europe_lau,Vieux-Reng,vieux_reng,vi,53.76,64.99,43.2
europe_lau,Villereau,villereau,vi,27.29,57.33,36.88
europe_lau,Villers-au-Tertre,villers_au_tertre,vi,56.39,66.82,34.98
europe_lau,Villers-en-Cauchies,villers_en_cauchies,vi,57.91,69.87,40.32
europe_lau,Villers-Guislain,villers_guislain,vi,53.71,65.23,34.63
europe_lau,Villers-Outréaux,villers_outreaux,vi,63.54,72.48,70.7
europe_lau,Villers-Plouich,villers_plouich,vi,26.24,55.9,-92.88
europe_lau,Villers-Pol,villers_pol,vi,54.39,60.99,62.25
europe_lau,Villers-Sire-Nicole,villers_sire_nicole,vi,62.71,67.67,64.76
europe_lau,Vidov,vidov,vi,29.23,52.95,74.39
europe_lau,Vielmanay,vielmanay,vi,57.32,71.52,61.97
europe_lau,Vignol,vignol,vi,38.88,60.99,83.67
europe_lau,Villapourçon,villapourcon,vi,42.35,55.21,70.76
europe_lau,Villiers-le-Sec,villiers_le_sec,vi,53.68,75.54,11.06
europe_lau,Ville-Langy,ville_langy,vi,44.79,70.44,-21.4
europe_lau,Villiers-sur-Yonne,villiers_sur_yonne,vi,39.86,54.42,5.17
europe_lau,Vitry-Laché,vitry_lache,vi,47.87,69.9,-17.93
europe_lau,Villeneuve-d'Ascq,villeneuve_d_ascq,vi,50.35,61.5,78.18
europe_lau,Vibeuf,vibeuf,vi,57.28,73.75,54.94
europe_lau,Vinařice,vinarice,vi,58.71,65.9,48.48
europe_lau,Vibersviller,vibersviller,vi,34.59,51.82,69.72
europe_lau,Vic-sur-Seille,vic_sur_seille,vi,55.13,64.3,70.54
europe_lau,Vieux-Lixheim,vieux_lixheim,vi,38.3,69.64,98.55
europe_lau,Vigny,vigny,vi,66.69,84.76,53.53
europe_lau,Vigy,vigy,vi,56.11,67.5,36.3
europe_lau,Viller,viller,vi,62.22,71.8,55.49
europe_lau,Villers-Stoncourt,villers_stoncourt,vi,24.01,52.19,-54.58
europe_lau,Villers-sur-Nied,villers_sur_nied,vi,67.51,71.21,63.52
europe_lau,Villing,villing,vi,46.46,63.15,53.77
europe_lau,Vilsberg,vilsberg,vi,36.71,75.22,11.48
europe_lau,Virming,virming,vi,63.13,73.91,36.81
europe_lau,Vitry-sur-Orne,vitry_sur_orne,vi,45.77,62.37,18.65
europe_lau,Vittersbourg,vittersbourg,vi,58.21,63.99,32.15
europe_lau,Vittoncourt,vittoncourt,vi,40.64,50.64,72.91
europe_lau,Viviers,viviers,vi,40.86,61.82,36.95
europe_lau,Vidice,vidice,vi,45.94,64.91,20.72
europe_lau,Vinaře,vinare,vi,53.74,65.9,52.21
europe_lau,Vibraye,vibraye,vi,69.3,74.79,40.42
europe_lau,Villaines-la-Carelle,villaines_la_carelle,vi,27.17,45.54,82.72
europe_lau,Villaines-la-Gonais,villaines_la_gonais,vi,41.4,57.54,60.3
europe_lau,Villaines-sous-Lucé,villaines_sous_luce,vi,52.38,63.86,65.89
europe_lau,Villaines-sous-Malicorne,villaines_sous_malicorne,vi,56.52,72.43,82.98
europe_lau,Vion,vion,vi,72.27,72.11,50.6
europe_lau,Viré-en-Champagne,vire_en_champagne,vi,46.26,66.92,99.23
europe_lau,Villers-Chemin-et-Mont-lès-Étrelles,villers_chemin_et_mont_les_etrelles,vi,26.25,60.75,75.46
europe_lau,Virlet,virlet,vi,48.78,56.02,28.34
europe_lau,Viscomtat,viscomtat,vi,61.82,64.74,58.11
europe_lau,Vitrac,vitrac,vi,54.59,63.15,42.78
europe_lau,Viverols,viverols,vi,37.69,65.3,36.75
europe_lau,Vivoin,vivoin,vi,41.95,56.46,88.61
europe_lau,Vieux-Manoir,vieux_manoir,vi,52.86,68.26,37.58
europe_lau,Vieux-Rouen-sur-Bresle,vieux_rouen_sur_bresle,vi,47.64,60.22,80.83
europe_lau,Villainville,villainville,vi,32.25,57.91,99.89
europe_lau,Villers-Écalles,villers_ecalles,vi,61,74.41,78.76
europe_lau,Villers-sous-Foucarmont,villers_sous_foucarmont,vi,25.41,37.04,99.87
europe_lau,Villy-sur-Yères,villy_sur_yeres,vi,37.76,57.8,8.62
europe_lau,Vinnemerville,vinnemerville,vi,62.94,73.38,58.37
europe_lau,Virville,virville,vi,67.97,76.48,61.97
europe_lau,Vittefleur,vittefleur,vi,50.38,63.61,83.33
europe_lau,Vialer,vialer,vi,64.34,70.76,71.16
europe_lau,Viellenave-d'Arthez,viellenave_d_arthez,vi,55.84,76.55,48.52
europe_lau,Viellenave-de-Navarrenx,viellenave_de_navarrenx,vi,23.31,51.48,67.11
europe_lau,Vielleségure,viellesegure,vi,54.34,66.1,73.34
europe_lau,Vignes,vignes,vi,37.65,68.04,30.12
europe_lau,Villefranque,villefranque,vi,41.28,69.01,45.61
europe_lau,Viodos-Abense-de-Bas,viodos_abense_de_bas,vi,57.97,79.35,31.6
europe_lau,Viven,viven,vi,53.24,76.83,6.06
europe_lau,Villeneuve-en-Perseigne,villeneuve_en_perseigne,vi,39.6,62.11,27.84
europe_lau,Vieil-Hesdin,vieil_hesdin,vi,26.79,41.84,97.71
europe_lau,Vieille-Chapelle,vieille_chapelle,vi,59.72,67.53,24.56
europe_lau,Vieille-Église,vieille_eglise,vi,35.88,69.25,96.3
europe_lau,Vieil-Moutier,vieil_moutier,vi,47.95,72.72,89.73
europe_lau,Villers-au-Bois,villers_au_bois,vi,45.18,62.55,61.23
europe_lau,Villers-au-Flos,villers_au_flos,vi,45.35,59.95,88.23
europe_lau,Villers-Brûlin,villers_brulin,vi,58.67,81.75,59.47
europe_lau,Villers-Châtel,villers_chatel,vi,53.62,71.1,79.4
europe_lau,Villers-lès-Cagnicourt,villers_les_cagnicourt,vi,45.91,78.79,3.37
europe_lau,Villers-l'Hôpital,villers_l_hopital,vi,65.95,71.9,44.08
europe_lau,Villers-Sir-Simon,villers_sir_simon,vi,68.53,80.25,52.26
europe_lau,Vimy,vimy,vi,41.8,65.74,-17.81
europe_lau,Vincly,vincly,vi,45.68,80.55,-54.35
europe_lau,Violaines,violaines,vi,25.9,46.72,91.8
europe_lau,Vis-en-Artois,vis_en_artois,vi,47.09,63.92,88.47
europe_lau,Vitry-en-Artois,vitry_en_artois,vi,62.95,77.9,68.93
europe_lau,Vibo Valentia,vibo_valentia,vi,32.7,45.7,50.41
europe_lau,Vicenza,vicenza,vi,51.57,60.17,85.24
europe_lau,Villaga,villaga,vi,34.06,64.15,68.31
europe_lau,Villaverla,villaverla,vi,34.43,51.38,50.84
europe_lau,Villadose,villadose,vi,51.85,78.51,9.51
europe_lau,Villamarzana,villamarzana,vi,45.13,70.82,80.57
europe_lau,Villanova del Ghebbo,villanova_del_ghebbo,vi,52.39,64.56,33.04
europe_lau,Villanova Marchesana,villanova_marchesana,vi,33.75,54.74,58.85
europe_lau,Vik,vik,vi,43.82,57.93,11.53
europe_lau,Vignate,vignate,vi,48.44,60.33,41.23
europe_lau,Vimodrone,vimodrone,vi,58.34,75.97,22.62
europe_lau,Vittuone,vittuone,vi,30.87,60.85,96.62
europe_lau,Vizzolo Predabissi,vizzolo_predabissi,vi,43.49,68.77,98.95
europe_lau,Villa Cortese,villa_cortese,vi,53.91,69.49,83.48
europe_lau,Vico del Gargano,vico_del_gargano,vi,51.26,59.04,76.25
europe_lau,Vieste,vieste,vi,53.38,68.59,87.04
europe_lau,Vichten,vichten,vi,47.59,59.44,46.63
europe_lau,Vianden,vianden,vi,46.82,55.67,26.39
europe_lau,Viļakas novads,vilakas_novads,vi,48,69.97,90.08
europe_lau,Vicari,vicari,vi,57.81,64.18,60.79
europe_lau,Villabate,villabate,vi,57.58,70.19,86.26
europe_lau,Villafrati,villafrati,vi,37.31,61.31,63.63
europe_lau,Visso,visso,vi,45.31,59.58,35.39
europe_lau,Villafranca in Lunigiana,villafranca_in_lunigiana,vi,27.43,58.52,83.74
europe_lau,Vignone,vignone,vi,33.59,51.06,89.03
europe_lau,Villadossola,villadossola,vi,63.95,75.5,62.42
europe_lau,Villette,villette,vi,25.14,45.9,92.21
europe_lau,Vintířov,vintirov,vi,59.81,73.37,18.43
europe_lau,Vigo di Cadore,vigo_di_cadore,vi,33.97,53.44,-34.89
europe_lau,Villabassa/Niederdorf,villabassa_niederdorf,vi,37.28,61.65,75.43
europe_lau,Villandro/Villanders,villandro_villanders,vi,42.36,61.04,-6.53
europe_lau,Vipiteno/Sterzing,vipiteno_sterzing,vi,28.97,47.06,-19.92
europe_lau,Villalago,villalago,vi,48.44,66.53,66.21
europe_lau,Villa Santa Lucia degli Abruzzi,villa_santa_lucia_degli_abruzzi,vi,40.5,55.25,63.53
europe_lau,Villa Sant'Angelo,villa_sant_angelo,vi,60.04,80.06,33.7
europe_lau,Villavallelonga,villavallelonga,vi,46.9,65.85,63.04
europe_lau,Villetta Barrea,villetta_barrea,vi,52.34,77.76,99.86
europe_lau,Vittorito,vittorito,vi,59.39,74.84,30.04
europe_lau,Vikantice,vikantice,vi,48.05,68.27,79.05
europe_lau,Villafranca Tirrena,villafranca_tirrena,vi,31.53,64.36,84.36
europe_lau,Villa Santina,villa_santina,vi,41.75,50.39,44.01
europe_lau,Visco,visco,vi,51.19,85.63,11.19
europe_lau,Villa Castelli,villa_castelli,vi,45.54,69.23,96.39
europe_lau,Vico Equense,vico_equense,vi,55.08,69.7,44.07
europe_lau,Villaricca,villaricca,vi,32.77,77.42,-87.29
europe_lau,Visciano,visciano,vi,18.61,45.39,-101.59
europe_lau,Villafranca Sicula,villafranca_sicula,vi,48.53,72.6,96.08
europe_lau,Villalba,villalba,vi,61.25,69.24,55.95
europe_lau,Viadanica,viadanica,vi,40.41,71.98,28.66
europe_lau,Vigolo,vigolo,vi,56.12,63.17,65.96
europe_lau,Villa d'Adda,villa_d_adda,vi,47.5,61.44,86.23
europe_lau,Villa d'Almè,villa_d_alme,vi,66.81,71.51,59
europe_lau,Villa di Serio,villa_di_serio,vi,56.26,79.26,24.4
europe_lau,Villa d'Ogna,villa_d_ogna,vi,32.04,54.97,3.03
europe_lau,Viareggio,viareggio,vi,49.7,78.77,82.12
europe_lau,Villa Basilica,villa_basilica,vi,58.17,67.8,74.83
europe_lau,Villa Collemandina,villa_collemandina,vi,43.61,65.86,90.64
europe_lau,Vicchio,vicchio,vi,51.19,69.44,72.76
europe_lau,Villasanta,villasanta,vi,53.59,70.91,83.92
europe_lau,Vimercate,vimercate,vi,65.13,62.06,55.52
europe_lau,Villongo,villongo,vi,61.34,62.8,47.39
europe_lau,Vilminore di Scalve,vilminore_di_scalve,vi,46.32,64.36,69.29
europe_lau,Vinci,vinci,vi,48.6,57.29,66.58
europe_lau,Vidigulfo,vidigulfo,vi,35.26,49.81,82.88
europe_lau,Vigevano,vigevano,vi,35.99,55.19,10.51
europe_lau,Villa Biscossi,villa_biscossi,vi,65,73.51,49.83
europe_lau,Villanova d'Ardenghi,villanova_d_ardenghi,vi,45.38,72.79,87.68
europe_lau,Villanterio,villanterio,vi,36.54,54.32,30.64
europe_lau,Vistarino,vistarino,vi,43.64,62.29,78.81
europe_lau,Vignola-Falesina,vignola_falesina,vi,52.72,68.71,83.41
europe_lau,Villa Lagarina,villa_lagarina,vi,43.15,60.56,77.57
europe_lau,Vidor,vidor,vi,53.85,69.34,87.48
europe_lau,Villorba,villorba,vi,45.75,56.25,86.69
europe_lau,Vittorio Veneto,vittorio_veneto,vi,28.51,55.23,91.91
europe_lau,Vicoli,vicoli,vi,41.35,64.15,58.1
europe_lau,Villa Celiera,villa_celiera,vi,44.08,54.5,42.2
europe_lau,Villesse,villesse,vi,53.8,73.15,61.86
europe_lau,Vigolzone,vigolzone,vi,21.73,63.45,65.81
europe_lau,Villanova sull'Arda,villanova_sull_arda,vi,49.9,60.55,54.22
europe_lau,Villamaina,villamaina,vi,35.31,64.13,-40.78
europe_lau,Villanova del Battista,villanova_del_battista,vi,38.81,68.38,42.24
europe_lau,Villa San Giovanni,villa_san_giovanni,vi,24.37,50.04,11.04
europe_lau,Vigarano Mainarda,vigarano_mainarda,vi,33.78,51.4,90.68
europe_lau,Vicopisano,vicopisano,vi,36.97,56.72,-30.38
europe_lau,Vita,vita,vi,33.37,51.85,54.8
europe_lau,Vicovaro,vicovaro,vi,47.15,65.07,30
europe_lau,Vivaro Romano,vivaro_romano,vi,49.84,70.05,30.66
europe_lau,Vigonovo,vigonovo,vi,48.17,59.71,43.38
europe_lau,Ville d'Anaunia,ville_d_anaunia,vi,23.01,46.3,84.01
europe_lau,Ville di Fiemme,ville_di_fiemme,vi,28.55,47.76,18.54
europe_lau,Vilice,vilice,vi,47.56,66.33,70.8
europe_lau,Villalfonsina,villalfonsina,vi,31.96,55.8,97.71
europe_lau,Villamagna,villamagna,vi,60.87,71.61,56.4
europe_lau,Villa Santa Maria,villa_santa_maria,vi,20.03,55.05,72.57
europe_lau,Villa di Chiavenna,villa_di_chiavenna,vi,47.05,69.25,80.34
europe_lau,Villa di Tirano,villa_di_tirano,vi,39.01,50.9,75.13
europe_lau,Villanova del Sillaro,villanova_del_sillaro,vi,41.97,59.09,-11.11
europe_lau,Villacidro,villacidro,vi,52.16,74.65,37.32
europe_lau,Villamar,villamar,vi,56.58,68.26,44.12
europe_lau,Villamassargia,villamassargia,vi,57.99,75.2,14.94
europe_lau,Villanova Tulo,villanova_tulo,vi,49.04,75.27,86.52
europe_lau,Villanovaforru,villanovaforru,vi,52.99,74.08,62.09
europe_lau,Villanovafranca,villanovafranca,vi,62.21,68.55,34.58
europe_lau,Villaperuccio,villaperuccio,vi,50.32,70.94,24.43
europe_lau,Villaputzu,villaputzu,vi,26.2,44.26,77.05
europe_lau,Villasalto,villasalto,vi,28.76,57.07,31.8
europe_lau,Villasimius,villasimius,vi,44.81,65.67,68.33
europe_lau,Villasor,villasor,vi,29.1,47.02,-44.16
europe_lau,Villaspeciosa,villaspeciosa,vi,21.02,44.03,72.1
europe_lau,Vilniaus miesto savivaldybė,vilniaus_miesto_savivaldybe,vi,47.03,65.53,58.02
europe_lau,Visagino savivaldybė,visagino_savivaldybe,vi,32.51,53.77,-39.75
europe_lau,Vilkaviškio rajono savivaldybė,vilkaviskio_rajono_savivaldybe,vi,55.34,64.85,66.23
europe_lau,Vilniaus rajono savivaldybė,vilniaus_rajono_savivaldybe,vi,55.73,57.36,66.25
europe_lau,Vidice,vidice,vi,37.46,70.27,92.17
europe_lau,Villa Carcina,villa_carcina,vi,59.6,66.48,31.56
europe_lau,Villachiara,villachiara,vi,53.42,65.28,77.08
europe_lau,Villanuova sul Clisi,villanuova_sul_clisi,vi,49.19,61.07,65.69
europe_lau,Vinje,vinje,vi,70.38,71.06,59.95
europe_lau,Vicalvi,vicalvi,vi,32.15,48.84,21.36
europe_lau,Vico nel Lazio,vico_nel_lazio,vi,28.7,54.57,13.45
europe_lau,Villa Latina,villa_latina,vi,66.83,69.61,29.55
europe_lau,Villa Santa Lucia,villa_santa_lucia,vi,25.12,50.97,88.86
europe_lau,Villa Santo Stefano,villa_santo_stefano,vi,53.19,63.96,33.83
europe_lau,Viticuso,viticuso,vi,49.42,76.06,28.72
europe_lau,Vigasio,vigasio,vi,55.48,66.61,79.86
europe_lau,Villa Bartolomea,villa_bartolomea,vi,45.23,60.84,85.73
europe_lau,Villafranca di Verona,villafranca_di_verona,vi,32.29,62.79,13.1
europe_lau,Vimperk,vimperk,vi,64.65,70.11,75.8
europe_lau,Vighizzolo d'Este,vighizzolo_d_este,vi,35.62,57.42,52.56
europe_lau,Vigodarzere,vigodarzere,vi,44.93,64.26,98.73
europe_lau,Vigonza,vigonza,vi,45.62,56.22,73.34
europe_lau,Villa del Conte,villa_del_conte,vi,35.44,65.19,91.88
europe_lau,Villa Estense,villa_estense,vi,46.31,54.96,85.22
europe_lau,Villafranca Padovana,villafranca_padovana,vi,31.94,50.88,91.25
europe_lau,Villanova di Camposampiero,villanova_di_camposampiero,vi,51.66,72.11,82.84
europe_lau,Vitějovice,vitejovice,vi,46.5,59.92,68.48
europe_lau,Vinchiaturo,vinchiaturo,vi,52.4,67.68,50.65
europe_lau,Vibonati,vibonati,vi,45.32,61.57,73.08
europe_lau,Vietri sul Mare,vietri_sul_mare,vi,44.14,58.66,7.06
europe_lau,Villarosa,villarosa,vi,35.75,50,83.91
europe_lau,Vione,vione,vi,28.54,61.93,81.87
europe_lau,Visano,visano,vi,68.24,70.74,49.01
europe_lau,Viagrande,viagrande,vi,22.14,57.12,75.4
europe_lau,Vizzini,vizzini,vi,55.18,55.44,44.82
europe_lau,Villapiana,villapiana,vi,46.21,61.93,92.61
europe_lau,Vindornyaszőlős,vindornyaszolos,vi,54.72,70.48,84.43
europe_lau,Viszák,viszak,vi,37.47,49.8,13.04
europe_lau,Vizsoly,vizsoly,vi,56.46,74.23,61.68
europe_lau,Vignale Monferrato,vignale_monferrato,vi,43.35,57.12,47.88
europe_lau,Vignole Borbera,vignole_borbera,vi,40.96,68.27,-27.98
europe_lau,Viguzzolo,viguzzolo,vi,48.72,65.11,81.6
europe_lau,Villadeati,villadeati,vi,40.15,62.31,98.64
europe_lau,Villalvernia,villalvernia,vi,45.6,73.88,81.32
europe_lau,Villamiroglio,villamiroglio,vi,68.02,69.82,46.19
europe_lau,Villanova Monferrato,villanova_monferrato,vi,63.92,70.63,41.8
europe_lau,Villaromagnano,villaromagnano,vi,64.63,73.97,56.62
europe_lau,Visone,visone,vi,54.75,68.22,83.17
europe_lau,Viane,viane,vi,53.77,55.07,41.92
europe_lau,Vielmur-sur-Agout,vielmur_sur_agout,vi,31.52,56.1,-56.55
europe_lau,Vieux,vieux,vi,38.05,58.28,96.72
europe_lau,Villefranche-d'Albigeois,villefranche_d_albigeois,vi,37.08,52.3,74.82
europe_lau,Villeneuve-lès-Lavaur,villeneuve_les_lavaur,vi,50.19,71.97,78.76
europe_lau,Villeneuve-sur-Vère,villeneuve_sur_vere,vi,38.19,53.37,87.3
europe_lau,Vindrac-Alayrac,vindrac_alayrac,vi,50.8,73.46,15.84
europe_lau,Virac,virac,vi,60.17,76.47,78.56
europe_lau,Viterbe,viterbe,vi,41.67,64.66,35.92
europe_lau,Viviers-lès-Lavaur,viviers_les_lavaur,vi,62.25,65.39,67.84
europe_lau,Viviers-lès-Montagnes,viviers_les_montagnes,vi,52.26,68.65,67.03
europe_lau,Visznek,visznek,vi,62.31,75.25,56.84
europe_lau,Viszló,viszlo,vi,24.91,52.68,67.63
europe_lau,Visonta,visonta,vi,45.69,52.68,25.83
europe_lau,Videlles,videlles,vi,45.3,65.51,14.51
europe_lau,Vigneux-sur-Seine,vigneux_sur_seine,vi,40.63,49.69,79.58
europe_lau,Villabé,villabe,vi,67.49,78.52,32.37
europe_lau,Villebon-sur-Yvette,villebon_sur_yvette,vi,36.4,63.22,-24.85
europe_lau,Villeconin,villeconin,vi,38.86,57.72,97.48
europe_lau,Villejust,villejust,vi,44.05,59.22,21.07
europe_lau,Villemoisson-sur-Orge,villemoisson_sur_orge,vi,52.19,68.67,75.43
europe_lau,Villeneuve-sur-Auvers,villeneuve_sur_auvers,vi,58.38,60.04,70.03
europe_lau,Villiers-le-Bâcle,villiers_le_bacle,vi,59.88,69.52,40.66
europe_lau,Villiers-sur-Orge,villiers_sur_orge,vi,42.89,64.93,94.31
europe_lau,Viry-Châtillon,viry_chatillon,vi,40.4,63.17,87.91
europe_lau,Vilyvitány,vilyvitany,vi,43.89,64.82,94.44
europe_lau,Vidče,vidce,vi,59.65,79.1,23.35
europe_lau,Viggiù,viggiu,vi,30.68,65.24,88.56
europe_lau,Vizzola Ticino,vizzola_ticino,vi,45.23,55.52,53.19
europe_lau,Vigantice,vigantice,vi,55.16,75.94,64.74
europe_lau,Vincencov,vincencov,vi,30.74,58.25,23.21
europe_lau,Villeneuve,villeneuve,vi,24.29,38.73,97.38
europe_lau,Vindornyafok,vindornyafok,vi,30.24,65.8,96.75
europe_lau,Vicoforte,vicoforte,vi,48.34,64.99,82.9
europe_lau,Vignolo,vignolo,vi,40.49,60.55,26.7
europe_lau,Villafalletto,villafalletto,vi,57.92,64.15,78.97
europe_lau,Villanova Mondovì,villanova_mondovi,vi,52.01,61.62,77.69
europe_lau,Villanova Solaro,villanova_solaro,vi,54.69,67.05,68.36
europe_lau,Villar San Costanzo,villar_san_costanzo,vi,45.74,65.29,14.89
europe_lau,Vinadio,vinadio,vi,61.53,61.39,51.86
europe_lau,Viola,viola,vi,56.82,65.08,79.25
europe_lau,Vietri di Potenza,vietri_di_potenza,vi,45.01,60.55,-1.59
europe_lau,Viggianello,viggianello,vi,52.86,63.86,75.13
europe_lau,Viggiano,viggiano,vi,67.55,72.11,61.25
europe_lau,Vid,vid,vi,37.12,68.72,-26.04
europe_lau,Vigántpetend,vigantpetend,vi,53.5,70.94,95.16
europe_lau,Vialfrè,vialfre,vi,25.91,52.67,62.59
europe_lau,Vidracco,vidracco,vi,49.02,66.72,65.49
europe_lau,Vigone,vigone,vi,43.56,69.08,-27.98
europe_lau,Villanova Canavese,villanova_canavese,vi,48.35,71.52,90.7
europe_lau,Villarbasse,villarbasse,vi,55.73,70.81,16.68
europe_lau,Villar Dora,villar_dora,vi,25.36,54.65,85.82
europe_lau,Villareggia,villareggia,vi,35.54,53.41,97.22
europe_lau,Villar Focchiardo,villar_focchiardo,vi,34.32,51.29,70.65
europe_lau,Villar Pellice,villar_pellice,vi,32.05,54.88,89.73
europe_lau,Villar Perosa,villar_perosa,vi,38.08,65.76,99.27
europe_lau,Villastellone,villastellone,vi,46.14,56.49,43.72
europe_lau,Vinovo,vinovo,vi,51.7,73.65,84.71
europe_lau,Virle Piemonte,virle_piemonte,vi,62.76,73.93,34.88
europe_lau,Vische,vische,vi,50.5,64.09,89.85
europe_lau,Vistrorio,vistrorio,vi,32.72,45.84,75.46
europe_lau,Viù,viu,vi,50.62,62.85,31.4
europe_lau,Villány,villany,vi,32.64,46.83,80.83
europe_lau,Visegrád,visegrad,vi,39.51,61.95,83.09
europe_lau,Viano,viano,vi,44.83,48.1,55.36
europe_lau,Villa Minozzo,villa_minozzo,vi,51.55,65.4,80.75
europe_lau,Villa Faraldi,villa_faraldi,vi,38.69,68.41,-0.72
europe_lau,Villa Guardia,villa_guardia,vi,56.26,69.67,44.77
europe_lau,Vidovec,vidovec,vi,51.85,70.73,82.38
europe_lau,Viljevo,viljevo,vi,61.53,70.34,43.17
europe_lau,Vinica,vinica,vi,59.09,65.09,69.55
europe_lau,Vinkovci,vinkovci,vi,61.57,65.24,75.09
europe_lau,Vinodolska Općina,vinodolska_opcina,vi,53.47,65.29,43.12
europe_lau,Vir,vir,vi,27.55,52.39,-22.86
europe_lau,Virje,virje,vi,36.58,55.63,75.2
europe_lau,Virovitica,virovitica,vi,52.96,58.88,79.48
europe_lau,Vis,vis,vi,56.51,71.02,16.4
europe_lau,Visoko,visoko,vi,51.87,63.29,74.31
europe_lau,Viškovci,viskovci,vi,57.61,64.86,78.39
europe_lau,Viškovo,viskovo,vi,50.15,61.55,85.67
europe_lau,Višnjan - Visignano,visnjan_visignano,vi,61.51,71.52,52.95
europe_lau,Vižinada - Visinada,vizinada_visinada,vi,51.94,66.36,38.66
europe_lau,Viss,viss,vi,47.32,64.69,44.25
europe_lau,Villánykövesd,villanykovesd,vi,48.21,63.13,16.97
europe_lau,Vignola,vignola,vi,48.58,66.86,32.83
europe_lau,Visnye,visnye,vi,37.3,57.03,98.25
europe_lau,Vizslás,vizslas,vi,42.33,49.39,43.59
europe_lau,Villata,villata,vi,67.28,72.94,71.33
europe_lau,Viadana,viadana,vi,24.27,48.92,36.85
europe_lau,Villimpenta,villimpenta,vi,42.12,51.39,52.58
europe_lau,Villa di Briano,villa_di_briano,vi,35.34,62.77,96.78
europe_lau,Villa Literno,villa_literno,vi,74.07,78.81,47.01
europe_lau,Vitulazio,vitulazio,vi,30.73,47.14,14
europe_lau,Villanova d'Albenga,villanova_d_albenga,vi,37.83,47.73,23.59
europe_lau,Vinár,vinar,vi,39.52,66.03,97.29
europe_lau,Vindornyalak,vindornyalak,vi,49.96,63.82,82.28
europe_lau,Viale,viale,vi,50.74,71.95,31.97
europe_lau,Vigliano d'Asti,vigliano_d_asti,vi,16.6,50.63,54.24
europe_lau,Villafranca d'Asti,villafranca_d_asti,vi,34.6,59.15,26.68
europe_lau,Villanova d'Asti,villanova_d_asti,vi,44.36,65.5,62.24
europe_lau,Villa San Secondo,villa_san_secondo,vi,17.79,30.51,99.49
europe_lau,Vinchio,vinchio,vi,36.84,67.07,86.51
europe_lau,Villa San Giovanni in Tuscia,villa_san_giovanni_in_tuscia,vi,50.47,75.36,47.15
europe_lau,Vignanello,vignanello,vi,45.53,63.44,86.6
europe_lau,Viterbo,viterbo,vi,35.8,51.79,73.11
europe_lau,Vitorchiano,vitorchiano,vi,32.81,45.74,91.39
europe_lau,Vilmány,vilmany,vi,55.81,79.55,41.11
europe_lau,Vilonya,vilonya,vi,48.9,70.31,86.16
europe_lau,Vicolungo,vicolungo,vi,31.13,56.53,-6.19
europe_lau,Vízvár,vizvar,vi,42.14,57.84,84.3
europe_lau,Vitulano,vitulano,vi,27.34,41.03,64.78
europe_lau,Vitnyéd,vitnyed,vi,32.48,56.87,93.23
europe_lau,Visz,visz,vi,38.64,64.04,94.24
europe_lau,Vilémovice,vilemovice,vi,68.07,70.68,72.88
europe_lau,Víska,viska,vi,49.82,72.82,37.03
europe_lau,Vislanka,vislanka,vi,40.24,49.15,48.5
europe_lau,Viničky,vinicky,vi,37.75,51.29,94.07
europe_lau,Višňov,visnov,vi,43.1,71.18,57.35
europe_lau,Vieska (okres Dunajská Streda),vieska_okres_dunajska_streda,vi,47.52,62.52,14.3
europe_lau,Viişoara,viisoara,vi,35.18,54.72,73.29
europe_lau,Vidochov,vidochov,vi,54.76,67.64,78.79
europe_lau,Vitiněves,vitineves,vi,43.34,67.62,-18.75
europe_lau,Virt,virt,vi,48.65,67.32,77.01
europe_lau,Viişoara,viisoara,vi,39.38,55.68,48.92
europe_lau,Vidiná,vidina,vi,45.14,66.54,80.99
europe_lau,Visolaje,visolaje,vi,53.29,66.19,74.31
europe_lau,Višňové (okres Žilina),visnove_okres_zilina,vi,43.3,71.25,77.99
europe_lau,Vinary,vinary,vi,48.81,53.97,45.64
europe_lau,Vinohrady nad Váhom,vinohrady_nad_vahom,vi,49.42,71.55,89.39
europe_lau,Vinary,vinary,vi,66.92,80.33,49.05
europe_lau,Vítanov,vitanov,vi,49.13,61.8,89.94
europe_lau,Vislava,vislava,vi,57.04,76.37,55.74
europe_lau,Videm,videm,vi,42.19,50.21,44.25
europe_lau,Vipava,vipava,vi,61.8,71.36,52.46
europe_lau,Vitanje,vitanje,vi,67.5,64.34,54.61
europe_lau,Vikýřovice,vikyrovice,vi,41.89,58.91,-4.03
europe_lau,Vidais,vidais,vi,19.21,45.28,48.35
europe_lau,Vişina,visina,vi,39.78,55.68,78.22
europe_lau,Vitomireşti,vitomiresti,vi,31.26,55.03,84.88
europe_lau,Vişina Nouă,visina_noua,vi,28.79,51.22,61.44
europe_lau,Vitanová,vitanova,vi,36.25,43.71,52.1
europe_lau,Vila Nova de Monsarros,vila_nova_de_monsarros,vi,35.41,60.28,-50.56
europe_lau,Vilarinho do Bairro,vilarinho_do_bairro,vi,46.37,59.98,82.45
europe_lau,Vilémov,vilemov,vi,54.34,72,57.63
europe_lau,Vila Chã de Ourique,vila_cha_de_ourique,vi,45.63,55.34,60.65
europe_lau,Vidra,vidra,vi,48.1,65.49,-1.3
europe_lau,Vígľaš,viglas,vi,58.94,66.74,44.53
europe_lau,Vígľašská Huta-Kalinka,viglasska_huta_kalinka,vi,53.67,68.06,25.85
europe_lau,Vinné,vinne,vi,41.49,66.3,97.27
europe_lau,Vilela,vilela,vi,54.19,67.87,38.86
europe_lau,Vilar da Veiga,vilar_da_veiga,vi,39.46,63.42,71.5
europe_lau,Vieira de Leiria,vieira_de_leiria,vi,57.6,74.43,55.99
europe_lau,Vila Facaia,vila_facaia,vi,47.7,55.54,59.36
europe_lau,Viişoara,viisoara,vi,53.39,73.19,39.56
europe_lau,Vila Cã,vila_ca,vi,22.83,38.59,96.16
europe_lau,Vila Verde dos Francos,vila_verde_dos_francos,vi,42.52,51.9,55.29
europe_lau,Vieska nad Žitavou,vieska_nad_zitavou,vi,31.79,47.71,-5.58
europe_lau,Vinodol,vinodol,vi,66.81,83.08,54.37
europe_lau,Viştea,vistea,vi,17.36,46.61,74.4
europe_lau,Vingåker,vingaker,vi,56.52,60.77,40.03
europe_lau,Vila Nova da Barquinha,vila_nova_da_barquinha,vi,32.17,55.53,6.08
europe_lau,Vinec,vinec,vi,25.66,65.16,75.87
europe_lau,Vinţu de Jos,vintu_de_jos,vi,49.45,59.45,44.93
europe_lau,Vikartovce,vikartovce,vi,40.44,63.48,96.1
europe_lau,Vieira do Minho,vieira_do_minho,vi,38.9,65.43,48.1
europe_lau,Vilarinho das Cambas,vilarinho_das_cambas,vi,51.85,76.88,63.34
europe_lau,Vila de Prado,vila_de_prado,vi,65.99,76.43,48.85
europe_lau,Vila Nova da Rainha,vila_nova_da_rainha,vi,41.36,62.45,65.12
europe_lau,Vilar,vilar,vi,38.42,59.93,-11.18
europe_lau,Vieska nad Blhom,vieska_nad_blhom,vi,21.58,46.2,-74.55
europe_lau,Višňové (okres Revúca),visnove_okres_revuca,vi,45.54,58.09,82.23
europe_lau,Victoria,victoria,vi,47.62,60.21,36.15
europe_lau,Vişani,visani,vi,52.55,62.14,44.05
europe_lau,Viziru,viziru,vi,65.18,67.8,73
europe_lau,Vimeiro,vimeiro,vi,42.07,72.04,45.01
europe_lau,Vişina,visina,vi,41.08,56.92,89.13
europe_lau,Vişineşti,visinesti,vi,62.93,68.55,62.05
europe_lau,Vinařice,vinarice,vi,33.82,48.75,82.87
europe_lau,Vimmerby,vimmerby,vi,45.88,54.08,34.98
europe_lau,Vieska (okres Veľký Krtíš),vieska_okres_velky_krtis,vi,32.77,68.78,85.27
europe_lau,Víťaz,vitaz,vi,37.27,55.09,-9.78
europe_lau,Višňové (okres Nové Mesto nad Váhom),visnove_okres_nove_mesto_nad_vahom,vi,37.41,61.67,92.58
europe_lau,Vindeln,vindeln,vi,48.88,66.2,91.25
europe_lau,Vilhelmina,vilhelmina,vi,33.02,68.47,24.82
europe_lau,Vinica,vinica,vi,64.51,75.14,63.26
europe_lau,Vítkovce,vitkovce,vi,36.61,59.19,99.93
europe_lau,Víťazovce,vitazovce,vi,46.85,63.06,72.48
europe_lau,Vintilă Vodă,vintila_voda,vi,47.46,60.77,54.37
europe_lau,Vipereşti,viperesti,vi,51.58,65.13,61.92
europe_lau,Viničné,vinicne,vi,47.37,57.11,34.94
europe_lau,Vilémov,vilemov,vi,41.73,56.92,93.1
europe_lau,Vinosady,vinosady,vi,35.63,61.17,33.54
europe_lau,Vištuk,vistuk,vi,43.14,62.93,34.37
europe_lau,Vidra,vidra,vi,58.58,65.81,46.6
europe_lau,Vidra,vidra,vi,50.8,56.25,37.06
europe_lau,Vintileasca,vintileasca,vi,40.93,58.8,-5.85
europe_lau,Vizantea-Livezi,vizantea_livezi,vi,39.71,76.05,-0.32
europe_lau,Vilarinho,vilarinho,vi,41.93,62.42,85.76
europe_lau,Vila Nova do Campo,vila_nova_do_campo,vi,43.71,68.8,44.04
europe_lau,Vila Chã,vila_cha,vi,57.3,74.95,29.43
europe_lau,Vila do Conde,vila_do_conde,vi,50,57.23,59.87
europe_lau,Vilar de Pinheiro,vilar_de_pinheiro,vi,60.29,71.63,42.99
europe_lau,Vilar de Andorinho,vilar_de_andorinho,vi,58.5,67.51,41.07
europe_lau,Vila Chã,vila_cha,vi,59.7,67.67,59.04
europe_lau,Vila da Ponte,vila_da_ponte,vi,38.74,65.57,57.73
europe_lau,Vila Cova à Coelheira,vila_cova_a_coelheira,vi,32.66,44.85,89.55
europe_lau,Vila Maior,vila_maior,vi,58.58,67.42,66.39
europe_lau,Vimieiro,vimieiro,vi,43.35,63.05,1.59
europe_lau,Vinhós,vinhos,vi,61.69,77.13,67.7
europe_lau,Vilémov,vilemov,vi,45.32,66.61,55.55
europe_lau,Vila Nova de Foz Côa,vila_nova_de_foz_coa,vi,44.33,51.3,83.08
europe_lau,Vimeiro,vimeiro,vi,42.85,53.4,31.6
europe_lau,Vila Franca,vila_franca,vi,53.35,77.7,70.41
europe_lau,Vila de Punhe,vila_de_punhe,vi,39.15,58.7,97.21
europe_lau,Villa Sant'Antonio,villa_sant_antonio,vi,59.4,78.65,81.9
europe_lau,Villanova Truschedu,villanova_truschedu,vi,43.27,59.84,78.76
europe_lau,Villaurbana,villaurbana,vi,48.31,70.85,46.11
europe_lau,Villa Verde,villa_verde,vi,30.56,56.75,28.95
europe_lau,Vila Chã,vila_cha,vi,59.08,66.13,59.32
europe_lau,Vila Verde,vila_verde,vi,62.96,68.64,63.08
europe_lau,Vilar de Maçada,vilar_de_macada,vi,43.49,55.76,54.94
europe_lau,Vila de Ala,vila_de_ala,vi,62.44,71.39,66.24
europe_lau,Vilar Seco,vilar_seco,vi,61.82,71.72,70.44
europe_lau,Vimioso,vimioso,vi,68.44,68.15,66.72
europe_lau,Vima Mică,vima_mica,vi,56.96,61.82,67.72
europe_lau,Vişeu de Jos,viseu_de_jos,vi,48.82,54.16,76.15
europe_lau,Viesītes novads,viesites_novads,vi,54.18,65,82.35
europe_lau,Viļānu novads,vilanu_novads,vi,40.84,58.66,73.15
europe_lau,Viseu,viseu,vi,59,82.82,44.2
europe_lau,Vicovu de Jos,vicovu_de_jos,vi,34.63,48.97,11.45
europe_lau,Vila de Cucujães,vila_de_cucujaes,vi,62.14,67.12,56.01
europe_lau,Viana do Alentejo,viana_do_alentejo,vi,37.86,62.33,-33.16
europe_lau,Vilar e Viveiro,vilar_e_viveiro,vi,39.75,65.26,-16.83
europe_lau,Vila Verde da Raia,vila_verde_da_raia,vi,53.29,65.39,75.62
europe_lau,Vilar de Nantes,vilar_de_nantes,vi,41.07,75.84,77.17
europe_lau,Vilarelho da Raia,vilarelho_da_raia,vi,26.96,38.64,43.73
europe_lau,Vilas Boas,vilas_boas,vi,46.99,61.55,33.06
europe_lau,Vilela Seca,vilela_seca,vi,43.81,71.62,58.68
europe_lau,Vilela do Tâmega,vilela_do_tamega,vi,44.96,58.69,65.3
europe_lau,Vila do Bispo e Raposeira,vila_do_bispo_e_raposeira,vi,46.9,61.83,81.18
europe_lau,Vila Nova de Cacela,vila_nova_de_cacela,vi,32.46,57.91,90
europe_lau,Vila Real de Santo António,vila_real_de_santo_antonio,vi,39.64,53.01,76.77
europe_lau,Vittoria,vittoria,vi,48.86,67.77,62.8
europe_lau,Vigliano Biellese,vigliano_biellese,vi,41.97,62.1,19.48
europe_lau,Villa del Bosco,villa_del_bosco,vi,46.05,70.75,51.17
europe_lau,Villanova Biellese,villanova_biellese,vi,45.41,65.23,71.24
europe_lau,Viverone,viverone,vi,53.25,70.6,84.38
europe_lau,"Vidago (União das freguesias de Vidago, Arcossó, Selhariz e Vilarinho das Paranheiras)",vidago_uniao_das_freguesias_de_vidago_arcosso_selhariz_e_vilarinho_das_paranheiras,vi,42.71,53.06,32.91
europe_lau,Vila Marim,vila_marim,vi,25.05,41.95,78.67
europe_lau,Višňová,visnova,vi,44.63,58.91,70.75
europe_lau,Vilar de Ferreiros,vilar_de_ferreiros,vi,50.47,67.66,78.39
europe_lau,Vila Boa de Ousilhão,vila_boa_de_ousilhao,vi,50.76,69.19,48.86
europe_lau,Vila Verde,vila_verde,vi,48.88,61.47,74.89
europe_lau,Vilar de Ossos,vilar_de_ossos,vi,39.64,56.97,98.24
europe_lau,Vilar de Peregrinos,vilar_de_peregrinos,vi,63.96,75.24,47.76
europe_lau,Vilar Seco de Lomba,vilar_seco_de_lomba,vi,68.41,68.78,60.58
europe_lau,Vinhais,vinhais,vi,26.6,46.45,85.41
europe_lau,Vila do Porto,vila_do_porto,vi,54.91,73.72,84.14
europe_lau,Vila Franca do Campo (São Miguel),vila_franca_do_campo_sao_miguel,vi,26.23,37.17,97.99
europe_lau,Vila Franca do Campo (São Pedro),vila_franca_do_campo_sao_pedro,vi,18.07,50.95,72.65
europe_lau,Vila Nova da Baronia,vila_nova_da_baronia,vi,50.96,56.86,61.31
europe_lau,Vila Alva,vila_alva,vi,64.05,66.2,42.39
europe_lau,Vila Ruiva,vila_ruiva,vi,46.12,82.76,83.99
europe_lau,Vităneşti,vitanesti,vi,47.16,56.82,27.77
europe_lau,Viişoara,viisoara,vi,29.69,44.96,12.2
europe_lau,Vila da Ponte,vila_da_ponte,vi,50.89,61.72,84.79
europe_lau,Vilarinho dos Freires,vilarinho_dos_freires,vi,20.77,50.6,94.01
europe_lau,Vilar Formoso,vilar_formoso,vi,39.68,62.92,61.72
europe_lau,Vila Cortês da Serra,vila_cortes_da_serra,vi,54,66.9,7.65
europe_lau,Villanova Monteleone,villanova_monteleone,vi,62.08,69.32,56.92
europe_lau,Viddalba,viddalba,vi,61.72,73,35.36
europe_lau,Viganò,vigano,vi,63.99,74.3,54.95
europe_lau,Vilarinho de São Romão,vilarinho_de_sao_romao,vi,31.35,54.27,-26.99
europe_lau,Vilarandelo,vilarandelo,vi,68.57,69.99,66.59
europe_lau,Vila Meã,vila_mea,vi,37.69,62.5,-36.43
europe_lau,Viariz,viariz,vi,53.92,66.14,45.84
europe_lau,Vijfheerenlanden,vijfheerenlanden,vi,59.28,66.57,47.94
europe_lau,Vindafjord,vindafjord,vi,45.13,57.92,24.25
europe_lau,Vila de Rei,vila_de_rei,vi,46.99,64.38,45.56
europe_lau,Vila Velha de Ródão,vila_velha_de_rodao,vi,36.77,58.73,42.99
europe_lau,Vila de São Sebastião,vila_de_sao_sebastiao,vi,20.98,43.37,61.68
europe_lau,Vila Nova,vila_nova,vi,41.68,61.66,22.54
europe_lau,Vilar do Torno e Alentém,vilar_do_torno_e_alentem,vi,48.27,74.48,-18.2
europe_lau,Vila Nova da Telha,vila_nova_da_telha,vi,57.03,73.67,62.48
europe_lau,Vila Nova de Milfontes,vila_nova_de_milfontes,vi,60.42,67.28,59.64
europe_lau,Vila Verde de Ficalho,vila_verde_de_ficalho,vi,33.34,54.67,93.24
europe_lau,Vidigueira,vidigueira,vi,45.7,65.38,54.13
europe_lau,Vila de Frades,vila_de_frades,vi,37.96,55.79,32.61
europe_lau,Vícemil,vicemil,vi,61.78,64.75,61.72
europe_lau,Vitis,vitis,vi,53.48,56.86,70.44
europe_lau,Vialonga,vialonga,vi,34.23,48.48,74.1
europe_lau,Vila Franca de Xira,vila_franca_de_xira,vi,28.38,46.5,93.87
europe_lau,Viile Satu Mare,viile_satu_mare,vi,33.42,43.06,69.68
europe_lau,Victor Vlad Delamarina,victor_vlad_delamarina,vi,49.44,65.17,70.1
europe_lau,Vila Pouca de Aguiar,vila_pouca_de_aguiar,vi,62.96,72.06,67.37
europe_lau,Vila Franca da Serra,vila_franca_da_serra,vi,48.61,68.74,68.59
europe_lau,Vila Nova de Tazem,vila_nova_de_tazem,vi,56.28,69.43,32.44
europe_lau,Videmonte,videmonte,vi,44.63,55.21,73.74
europe_lau,Vila Cortês do Mondego,vila_cortes_do_mondego,vi,56.7,78.4,77.65
europe_lau,Vila Fernando,vila_fernando,vi,39.36,65.53,-11.53
europe_lau,Vila Franca do Deão,vila_franca_do_deao,vi,47.12,62.71,86.52
europe_lau,Vila Garcia,vila_garcia,vi,45.95,52.18,46.39
europe_lau,Villagrande Strisaili,villagrande_strisaili,vi,29.48,54.63,4.41
europe_lau,Vila Praia de Âncora,vila_praia_de_ancora,vi,54.14,65.72,52.49
europe_lau,Vilar de Mouros,vilar_de_mouros,vi,39.8,53.69,-7.87
europe_lau,Vile,vile,vi,32.18,75.99,99.77
europe_lau,Vila Marim,vila_marim,vi,41.27,51.28,61.61
europe_lau,Vila Real,vila_real,vi,66.95,84.05,58.34
europe_lau,Viişoara,viisoara,vi,46.85,61.07,67.81
europe_lau,Vila Boa do Bispo,vila_boa_do_bispo,vi,65.78,78.01,46.1
europe_lau,Vila Boa de Quires e Maureles,vila_boa_de_quires_e_maureles,vi,62.32,65.36,72.93
europe_lau,Villa San Pietro,villa_san_pietro,vi,17.56,63.47,-1.33
europe_lau,Vila Verde e Barbudo,vila_verde_e_barbudo,vi,55.76,74.06,-0.68
europe_lau,Vizela (Santo Adrião),vizela_santo_adriao,vi,42.52,62.83,77.58
europe_lau,Vilar Chão,vilar_chao,vi,53.4,67.26,26.59
europe_lau,Vilarelhos,vilarelhos,vi,30.17,57.05,94.22
europe_lau,Vilares de Vilariça,vilares_de_vilarica,vi,54.46,66.14,62.61
europe_lau,Vilémov,vilemov,vi,60.01,67.65,36.01
europe_lau,Vila Verde,vila_verde,vi,47.93,58.17,41.19
europe_lau,Vila Nova do Ceira,vila_nova_do_ceira,vi,57.25,66.72,83.4
europe_lau,Victoria,victoria,vi,39.89,51.74,87.31
europe_lau,Vilela,vilela,vi,45.67,65.39,60.67
europe_lau,Vila Seca,vila_seca,vi,55.7,74.74,46.28
europe_lau,Vila Caiz,vila_caiz,vi,44.67,64.57,42.25
europe_lau,Vila Chã do Marão,vila_cha_do_marao,vi,51.26,66.76,75.72
europe_lau,Viişoara,viisoara,vi,38.91,64.5,-49.43
europe_lau,Vinderei,vinderei,vi,54.04,58.8,69.43
europe_lau,Vila Boa,vila_boa,vi,40.74,60.24,85.17
europe_lau,Vila do Touro,vila_do_touro,vi,42.54,63.9,44.94
europe_lau,Vila Cova à Coelheira,vila_cova_a_coelheira,vi,54.98,68.79,77.79
europe_lau,Vito d'Asio,vito_d_asio,vi,29.52,54.86,86.69
europe_lau,Vivaro,vivaro,vi,38.22,60.69,94.66
europe_lau,Vila Nova de Souto d'El-Rei,vila_nova_de_souto_d_el_rei,vi,33.33,72.9,63.38
europe_lau,Vila da Rua,vila_da_rua,vi,58.16,66.32,66.75
europe_lau,Vilar,vilar,vi,54.45,85.09,89.28
europe_lau,Vilar Seco,vilar_seco,vi,46.32,65.74,28.43
europe_lau,Vila Nova,vila_nova,vi,36.67,59,-32.8
europe_lau,Vinařice,vinarice,vi,28.16,54.53,88.53
europe_lau,Vinga,vinga,vi,51.79,62.06,23.5
europe_lau,Vitorino das Donas,vitorino_das_donas,vi,39.48,75.75,31.96
europe_lau,Vilarinho da Castanheira,vilarinho_da_castanheira,vi,29.98,55.72,88.6
europe_lau,Vilarinho de Agrochão,vilarinho_de_agrochao,vi,42.17,51.1,28.55
europe_lau,Vinhas,vinhas,vi,51.07,78.59,88.82
europe_lau,Vila Chã de Braciosa,vila_cha_de_braciosa,vi,42.93,62.48,47.76
europe_lau,Vila Nova de Anços,vila_nova_de_ancos,vi,33.23,41.47,36.99
europe_lau,Vinha da Rainha,vinha_da_rainha,vi,35.19,59.65,57.86
europe_lau,Villafranca Piemonte,villafranca_piemonte,vi,42.31,59.39,-7.63
europe_lau,Villarboit,villarboit,vi,47.96,68.62,99.19
europe_lau,Vinzaglio,vinzaglio,vi,53.18,66.88,7.47
europe_lau,Viarigi,viarigi,vi,30.93,60.89,92.19
europe_lau,Виница,vinica,vi,62.29,68.85,76.05
europe_lau,Vierkirchen,vierkirchen,vi,43.94,57.86,-2.76
europe_lau,Vilanova del Vallès,vilanova_del_valles,vi,63.4,71.94,51.09
europe_lau,Villarsel-sur-Marly,villarsel_sur_marly,vi,28.26,53.66,-14.22
europe_lau,Villeneuve (VD),villeneuve_vd,vi,34.86,73.85,42.11
europe_lau,Vion,vion,vi,41.03,49.69,41.98
europe_lau,Villeneuve-sur-Aisne,villeneuve_sur_aisne,vi,36.62,54.85,27.99
europe_lau,Villnachern,villnachern,vi,37.33,55.34,-26.39
europe_lau,Ville-di-Pietrabugno,ville_di_pietrabugno,vi,34.65,60.29,-37.66
europe_lau,Vigano San Martino,vigano_san_martino,vi,46.43,67.65,-12.88
