category,name,slug,prefix,roundness,rectangularity,mobile_fit
europe_lau,Sádek,sadek,sa,43.95,67.75,86.78
europe_lau,Sázava,sazava,sa,63.7,76.05,14.55
europe_lau,Sandl,sandl,sa,62.94,64.87,59.05
europe_lau,Salaš,salas,sa,35.2,47.79,80.52
europe_lau,Šakvice,sakvice,sa,52.68,67.74,79.72
europe_lau,Sazovice,sazovice,sa,48.27,65.16,16.72
europe_lau,Šanov,sanov,sa,36.62,66.37,61.77
europe_lau,Šarovy,sarovy,sa,46.22,70.01,14.85
europe_lau,Šardice,sardice,sa,69.44,69.53,66.84
europe_lau,Sazomín,sazomin,sa,60.55,69.31,35
europe_lau,Saxen,saxen,sa,46.53,61.25,53.91
europe_lau,Sázava,sazava,sa,48.23,68.25,53
europe_lau,Sarleinsbach,sarleinsbach,sa,50.75,67.24,45.97
europe_lau,Sankt Annen,sankt_annen,sa,52.91,59.38,65.43
europe_lau,Sankt Michaelisdonn,sankt_michaelisdonn,sa,64.83,71.89,64.07
europe_lau,Sarzbüttel,sarzbuttel,sa,45.12,70.84,-5.12
europe_lau,Šaratice,saratice,sa,48.74,61.61,40.79
europe_lau,Sankt Margarethen,sankt_margarethen,sa,54.54,63.05,27.17
europe_lau,Sarlhusen,sarlhusen,sa,70.9,75.22,66.14
europe_lau,Šafov,safov,sa,48.16,78.83,-6.23
europe_lau,Šanov,sanov,sa,36.71,54.89,50.41
europe_lau,Šatov,satov,sa,48.35,69.8,58.05
europe_lau,Sankt Martin an der Raab,sankt_martin_an_der_raab,sa,38.7,47.17,32.57
europe_lau,"Sachsenwald (Forstgutsbez.),gemfr.Geb.",sachsenwald_forstgutsbez_gemfr_geb,sa,46.2,55.97,28.48
europe_lau,Sahms,sahms,sa,43.69,50.55,68.62
europe_lau,Salem,salem,sa,28.3,66.14,6.94
europe_lau,Sandesneben,sandesneben,sa,59.62,65.31,69.6
europe_lau,Sankt Peter-Ording,sankt_peter_ording,sa,39.49,66.76,58.05
europe_lau,"Salzhemmendorf, Flecken",salzhemmendorf_flecken,sa,28.77,45.67,98.28
europe_lau,Saustrup,saustrup,sa,45.31,62.7,41.43
europe_lau,"Sarstedt, Stadt",sarstedt_stadt,sa,45.31,60.06,24.35
europe_lau,"Sachsenhagen, Stadt",sachsenhagen_stadt,sa,41.77,51.14,44.69
europe_lau,Sandbostel,sandbostel,sa,52.93,67.81,20.52
europe_lau,"Salzgitter, Stadt",salzgitter_stadt,sa,48.46,54.97,75.2
europe_lau,Sassenburg,sassenburg,sa,41.39,61.58,82.64
europe_lau,Sankt Andrä im Lungau,sankt_andra_im_lungau,sa,59.84,73.77,61.76
europe_lau,Sankt Margarethen im Lungau,sankt_margarethen_im_lungau,sa,43.75,69.91,50.92
europe_lau,Sankt Michael im Lungau,sankt_michael_im_lungau,sa,41.15,56.4,65.01
europe_lau,Sankt Koloman,sankt_koloman,sa,55.06,72.55,24.41
europe_lau,Sauensiek,sauensiek,sa,37.1,55.34,84.1
europe_lau,Saterland,saterland,sa,42.4,61.16,93.98
europe_lau,Salzbergen,salzbergen,sa,44.09,60.62,-1.36
europe_lau,Sattledt,sattledt,sa,66.61,79.55,42.11
europe_lau,Salzhausen,salzhausen,sa,46.98,50.05,77.86
europe_lau,Salzburg,salzburg,sa,53.65,57.91,64.67
europe_lau,"Sankt Augustin, Stadt",sankt_augustin_stadt,sa,54.72,66.04,32.19
europe_lau,"Saerbeck, NRW-Klimakommune",saerbeck_nrw_klimakommune,sa,47.31,70.48,48.23
europe_lau,"Sassenberg, Stadt",sassenberg_stadt,sa,53.78,68.51,81.72
europe_lau,Sankt Johann im Pongau,sankt_johann_im_pongau,sa,70.26,70.31,55.24
europe_lau,Sankt Martin am Tennengebirge,sankt_martin_am_tennengebirge,sa,45.81,68.23,52.6
europe_lau,Sankt Veit im Pongau,sankt_veit_im_pongau,sa,44.36,51.1,64.36
europe_lau,"Salzkotten, Stadt",salzkotten_stadt,sa,30.86,48.53,26.94
europe_lau,Sankt Georgen bei Salzburg,sankt_georgen_bei_salzburg,sa,33.54,43.86,88.75
europe_lau,Sankt Gilgen,sankt_gilgen,sa,31.38,42.85,50.84
europe_lau,Sankt Josef (Weststeiermark),sankt_josef_weststeiermark,sa,47.75,53.16,30.33
europe_lau,Sankt Peter im Sulmtal,sankt_peter_im_sulmtal,sa,47.7,53.2,58.08
europe_lau,Sankt Martin im Sulmtal,sankt_martin_im_sulmtal,sa,42.4,54.86,83.86
europe_lau,Sankt Stefan ob Stainz,sankt_stefan_ob_stainz,sa,35.14,61.23,-54.7
europe_lau,Saalbach-Hinterglemm,saalbach_hinterglemm,sa,50.93,66.42,-0.5
europe_lau,Saalfelden am Steinernen Meer,saalfelden_am_steinernen_meer,sa,51.31,60.75,74.42
europe_lau,Sankt Martin bei Lofer,sankt_martin_bei_lofer,sa,48.17,66.04,72.19
europe_lau,Sande,sande,sa,65.25,70.19,29.29
europe_lau,Samern,samern,sa,42.31,58.38,74.94
europe_lau,Salz,salz,sa,46.1,68.79,32.06
europe_lau,Salzburg,salzburg,sa,51.36,64.85,14.22
europe_lau,Sankt Gallen,sankt_gallen,sa,43.88,60.15,8.08
europe_lau,Sankt Marein bei Graz,sankt_marein_bei_graz,sa,48.01,60.81,55.06
europe_lau,Sankt Aldegund,sankt_aldegund,sa,43.58,58.14,25.47
europe_lau,Saffig,saffig,sa,60.43,79.24,55.22
europe_lau,Sankt Johann,sankt_johann,sa,25.59,57.69,-40.18
europe_lau,Sankt Andrä-Höch,sankt_andra_hoch,sa,46.85,56.84,31.68
europe_lau,Sankt Johann im Saggautal,sankt_johann_im_saggautal,sa,51.2,63.49,38.69
europe_lau,Sankt Nikolai im Sausal,sankt_nikolai_im_sausal,sa,69.5,71.14,62.3
europe_lau,Sankt Katharinen (Landkreis Neuwied),sankt_katharinen_landkreis_neuwied,sa,63.38,71.64,41.62
europe_lau,Sankt Georgen an der Stiefing,sankt_georgen_an_der_stiefing,sa,47.07,62.54,13.28
europe_lau,Sankt Veit in der Südsteiermark,sankt_veit_in_der_sudsteiermark,sa,57.82,59.35,59.75
europe_lau,"Sankt Goar, Stadt",sankt_goar_stadt,sa,59.16,66.06,48.54
europe_lau,Sargenroth,sargenroth,sa,34.03,56.9,37.89
europe_lau,Sankt Bartholomä,sankt_bartholoma,sa,26.89,48.51,99.06
europe_lau,Sankt Oswald bei Plankenwarth,sankt_oswald_bei_plankenwarth,sa,48.7,69.33,17.06
europe_lau,Sankt Radegund bei Graz,sankt_radegund_bei_graz,sa,54.93,67.73,67.02
europe_lau,Sankt Katharinen,sankt_katharinen,sa,49.88,67.91,22.12
europe_lau,Sankt Michael in Obersteiermark,sankt_michael_in_obersteiermark,sa,27.04,58.72,38.89
europe_lau,Sankt Peter-Freienstein,sankt_peter_freienstein,sa,42.02,53.04,59.22
europe_lau,Sankt Stefan ob Leoben,sankt_stefan_ob_leoben,sa,28.6,69.48,58.38
europe_lau,Sankt Georgen am Kreischberg,sankt_georgen_am_kreischberg,sa,56.68,68.66,53.78
europe_lau,Sankt Lambrecht,sankt_lambrecht,sa,46.7,70.64,73.13
europe_lau,Sankt Thomas,sankt_thomas,sa,41.65,55.2,88.84
europe_lau,Sankt Georgen ob Judenburg,sankt_georgen_ob_judenburg,sa,58.09,67.34,53.14
europe_lau,Sankt Peter ob Judenburg,sankt_peter_ob_judenburg,sa,55.74,67.81,71.41
europe_lau,Sankt Alban,sankt_alban,sa,61.62,73.92,26.52
europe_lau,"Sankt Goarshausen, Loreleystadt, Stadt",sankt_goarshausen_loreleystadt_stadt,sa,13.87,23.59,85.4
europe_lau,Sauerthal,sauerthal,sa,39.27,55.68,36.85
europe_lau,Sassen,sassen,sa,41.94,54.18,67.99
europe_lau,Sankt Kathrein am Offenegg,sankt_kathrein_am_offenegg,sa,26.13,47.81,41.57
europe_lau,"Saarburg, Stadt",saarburg_stadt,sa,29.31,44.94,-26.47
europe_lau,Saulheim,saulheim,sa,45.82,64.78,40.39
europe_lau,Sankt Ruprecht an der Raab,sankt_ruprecht_an_der_raab,sa,41.96,63.42,85.26
europe_lau,Salmtal,salmtal,sa,39.45,60.6,-5.58
europe_lau,Salach,salach,sa,53.51,61.13,49.92
europe_lau,"Sachsenheim, Stadt",sachsenheim_stadt,sa,21.59,53.33,17.51
europe_lau,Sankt Marein-Feistritz,sankt_marein_feistritz,sa,35.05,62.69,52.42
europe_lau,Sankt Margarethen bei Knittelfeld,sankt_margarethen_bei_knittelfeld,sa,66,75.43,57.56
europe_lau,Sankt Martin am Wöllmißberg,sankt_martin_am_wollmissberg,sa,44.71,63.28,85.44
europe_lau,Sankt Andrä am Zicksee,sankt_andra_am_zicksee,sa,45.44,66.08,69.05
europe_lau,Salm,salm,sa,33.32,51.05,46.3
europe_lau,Sarmersbach,sarmersbach,sa,49.02,61.38,56.73
europe_lau,Saxler,saxler,sa,57.37,81.36,67.59
europe_lau,Sankt Lorenzen im Mürztal,sankt_lorenzen_im_murztal,sa,50.68,64.23,85.15
europe_lau,Sankt Julian,sankt_julian,sa,31.87,48.05,84.62
europe_lau,Sankt Martin,sankt_martin,sa,17.29,51.62,-153.7
europe_lau,Sankt Barbara im Mürztal,sankt_barbara_im_murztal,sa,32.62,52.52,93.52
europe_lau,Sankt Marein im Mürztal,sankt_marein_im_murztal,sa,51.93,62.69,75.32
europe_lau,Sankt Johann,sankt_johann,sa,41.42,67.98,96.94
europe_lau,Saalstadt,saalstadt,sa,46.81,68.64,30.05
europe_lau,Sankt Jakob im Walde,sankt_jakob_im_walde,sa,55.42,65.39,25.57
europe_lau,Sankt Johann in der Haide,sankt_johann_in_der_haide,sa,45.08,54.32,75.96
europe_lau,Sankt Lorenzen am Wechsel,sankt_lorenzen_am_wechsel,sa,28.95,64.06,84.63
europe_lau,Sasbach am Kaiserstuhl,sasbach_am_kaiserstuhl,sa,50.48,64.03,84.57
europe_lau,Sasbach,sasbach,sa,42.38,67.65,31.68
europe_lau,Sasbachwalden,sasbachwalden,sa,26.5,49.91,-80.86
europe_lau,Sautens,sautens,sa,37.17,62.59,92.71
europe_lau,Satteldorf,satteldorf,sa,42.94,60.83,-16.38
europe_lau,Sankt Anna am Aigen,sankt_anna_am_aigen,sa,62.13,72.28,75.12
europe_lau,Sankt Peter am Ottersbach,sankt_peter_am_ottersbach,sa,63.7,69.57,66.48
europe_lau,Sandhausen,sandhausen,sa,41.64,56.56,84.98
europe_lau,Sankt Stefan im Rosental,sankt_stefan_im_rosental,sa,37.66,55.15,98.04
europe_lau,Salching,salching,sa,59.08,64.46,46.41
europe_lau,Saulgrub,saulgrub,sa,19.74,40.55,70.84
europe_lau,Salem,salem,sa,62.33,62.79,54.12
europe_lau,Sauldorf,sauldorf,sa,52.45,64.94,42.44
europe_lau,Saaldorf-Surheim,saaldorf_surheim,sa,62.66,70.53,50.68
europe_lau,Sachsenkam,sachsenkam,sa,61.73,69.41,52.01
europe_lau,Sankt Wolfgang,sankt_wolfgang,sa,43.75,58.31,27.02
europe_lau,Saldenburg,saldenburg,sa,64.98,67.44,54.64
europe_lau,Sankt Oswald-Riedlhütte,sankt_oswald_riedlhutte,sa,32.63,53.97,99.78
europe_lau,Sankt Oswald,sankt_oswald,sa,25.67,56.46,86.9
europe_lau,Saal a.d.Donau,saal_a_d_donau,sa,47.53,61.01,75.28
europe_lau,Salzweg,salzweg,sa,66.69,80.54,51.16
europe_lau,Sauerlach,sauerlach,sa,63.49,67.74,48.86
europe_lau,Samerberg,samerberg,sa,50.34,59.72,55.96
europe_lau,Satteins,satteins,sa,54.74,77.64,47.45
europe_lau,Salgen,salgen,sa,34.97,68.63,82.35
europe_lau,"Salzwedel, Hansestadt",salzwedel_hansestadt,sa,43.4,72.16,-17.12
europe_lau,"Sandersdorf-Brehna, Stadt",sandersdorf_brehna_stadt,sa,57.33,64.24,56.08
europe_lau,"Saalfeld/Saale, Stadt",saalfeld_saale_stadt,sa,40.47,54.93,60.57
europe_lau,"Sangerhausen, Stadt",sangerhausen_stadt,sa,47.22,60.28,48.57
europe_lau,Salzatal,salzatal,sa,48.28,59.53,72.57
europe_lau,"Saarbrücken, Landeshauptstadt",saarbrucken_landeshauptstadt,sa,42.79,53.48,20.79
europe_lau,"Saarlouis, Kreisstadt",saarlouis_kreisstadt,sa,44.86,55.45,69.07
europe_lau,Saarwellingen,saarwellingen,sa,39.76,54.53,0.75
europe_lau,"Sandau (Elbe), Stadt",sandau_elbe_stadt,sa,39.8,49.88,81.84
europe_lau,"Saalburg-Ebersdorf, Stadt",saalburg_ebersdorf_stadt,sa,43.09,56.39,8.84
europe_lau,Sallgast,sallgast,sa,36.88,66.37,90.9
europe_lau,Saara,saara,sa,41.27,62.82,-8.24
europe_lau,Samsø,samso,sa,20.84,42.2,83.73
europe_lau,Santa Cruz de Marchena,santa_cruz_de_marchena,sa,24.67,55.26,9
europe_lau,Santa Fe de Mondújar,santa_fe_de_mondujar,sa,19.64,37.45,98.84
europe_lau,Sant Martí de Llémena,sant_marti_de_llemena,sa,39.47,63.87,92.22
europe_lau,Sant Martí Vell,sant_marti_vell,sa,33.17,62.14,93.54
europe_lau,Sant Miquel de Campmajor,sant_miquel_de_campmajor,sa,34.66,71.23,99.61
europe_lau,Sant Miquel de Fluvià,sant_miquel_de_fluvia,sa,57.04,66.28,54.9
europe_lau,Sant Mori,sant_mori,sa,59.45,73.72,82.35
europe_lau,Sant Pau de Segúries,sant_pau_de_seguries,sa,44.78,74.87,84.75
europe_lau,Sant Pere Pescador,sant_pere_pescador,sa,29.94,49.65,99.41
europe_lau,Santa Coloma de Farners,santa_coloma_de_farners,sa,53.47,66.54,17.9
europe_lau,Santa Cristina d'Aro,santa_cristina_d_aro,sa,39.97,55.98,97.86
europe_lau,Santa Llogaia d'Àlguema,santa_llogaia_d_alguema,sa,38.34,58.49,-16.28
europe_lau,Sant Aniol de Finestres,sant_aniol_de_finestres,sa,26.38,62.33,79.94
europe_lau,Santa Pau,santa_pau,sa,47.32,56.9,27.03
europe_lau,Sant Joan les Fonts,sant_joan_les_fonts,sa,47.84,65.13,28.37
europe_lau,Sarrià de Ter,sarria_de_ter,sa,54.44,75.02,72.15
europe_lau,"Saus, Camallera i Llampaies",saus_camallera_i_llampaies,sa,40.59,60.02,-6.32
europe_lau,Sant Antoni de Portmany,sant_antoni_de_portmany,sa,56.15,65.76,81.83
europe_lau,Sant Josep de sa Talaia,sant_josep_de_sa_talaia,sa,42.15,61.07,48
europe_lau,Sant Joan,sant_joan,sa,48.5,59.1,35.8
europe_lau,Sant Joan de Labritja,sant_joan_de_labritja,sa,43.04,57.12,19.59
europe_lau,Sant Llorenç des Cardassar,sant_llorenc_des_cardassar,sa,34.27,59.1,50.6
europe_lau,Sant Lluís,sant_lluis,sa,59.4,72.23,17.15
europe_lau,Santa Eugènia,santa_eugenia,sa,50.99,65.75,86.14
europe_lau,Santa Eulària des Riu,santa_eularia_des_riu,sa,37.67,49.85,38.37
europe_lau,Santa Margalida,santa_margalida,sa,51.46,70.4,24.14
europe_lau,Santa María del Camí,santa_maria_del_cami,sa,29.33,62.97,89.58
europe_lau,Santanyí,santanyi,sa,36.59,57.79,45.01
europe_lau,"Salines, Ses",salines_ses,sa,43.05,61.55,68.97
europe_lau,Sachsenburg,sachsenburg,sa,35.22,67.76,-63.31
europe_lau,Santurtzi,santurtzi,sa,43.71,52.46,43.43
europe_lau,Salas de Bureba,salas_de_bureba,sa,41.47,64.39,83.13
europe_lau,Salas de los Infantes,salas_de_los_infantes,sa,46.08,64.6,14.12
europe_lau,Saldaña de Burgos,saldana_de_burgos,sa,56.79,73.01,83.3
europe_lau,Salinillas de Bureba,salinillas_de_bureba,sa,46.25,61.97,28.88
europe_lau,San Adrián de Juarros,san_adrian_de_juarros,sa,32.21,63.22,-13.87
europe_lau,San Juan del Monte,san_juan_del_monte,sa,27.37,69.15,79.86
europe_lau,San Mamés de Burgos,san_mames_de_burgos,sa,62.24,71.25,34.36
europe_lau,San Martín de Rubiales,san_martin_de_rubiales,sa,55.25,71.79,26.65
europe_lau,San Millán de Lara,san_millan_de_lara,sa,41.69,58.87,56.86
europe_lau,San Fernando,san_fernando,sa,21.03,43.95,92.71
europe_lau,Sanlúcar de Barrameda,sanlucar_de_barrameda,sa,41.89,60.86,80.32
europe_lau,San Roque,san_roque,sa,39.86,69.54,66.71
europe_lau,San José del Valle,san_jose_del_valle,sa,27.5,50.39,-33.81
europe_lau,San Martín del Tesorillo,san_martin_del_tesorillo,sa,50.43,62.85,66.68
europe_lau,Samaniego,samaniego,sa,38.25,58.44,99.62
europe_lau,San Millán,san_millan,sa,28.45,38.88,84.29
europe_lau,Sambreville,sambreville,sa,41.69,61.25,88.67
europe_lau,Sagàs,sagas,sa,28.15,60.4,66.69
europe_lau,Sant Pere Sallavinera,sant_pere_sallavinera,sa,60.71,66.2,54.93
europe_lau,Saldes,saldes,sa,55.04,67.88,69.5
europe_lau,Sallent,sallent,sa,32.74,46.8,91.42
europe_lau,Santpedor,santpedor,sa,64.46,67.1,51.3
europe_lau,Sant Iscle de Vallalta,sant_iscle_de_vallalta,sa,59.64,69.76,69.59
europe_lau,Sant Adrià de Besòs,sant_adria_de_besos,sa,57.81,71.26,54.42
europe_lau,Sant Agustí de Lluçanès,sant_agusti_de_llucanes,sa,62.41,68.5,63.49
europe_lau,Sant Andreu de la Barca,sant_andreu_de_la_barca,sa,53.03,67.01,42.48
europe_lau,Sant Andreu de Llavaneres,sant_andreu_de_llavaneres,sa,42.24,54.94,82.27
europe_lau,Sant Antoni de Vilamajor,sant_antoni_de_vilamajor,sa,52.99,72.94,45.86
europe_lau,Sant Bartomeu del Grau,sant_bartomeu_del_grau,sa,34.04,56.97,92.06
europe_lau,Sant Boi de Llobregat,sant_boi_de_llobregat,sa,28.8,49.38,79.12
europe_lau,Sant Boi de Lluçanès,sant_boi_de_llucanes,sa,39.54,60.53,59.6
europe_lau,Sant Celoni,sant_celoni,sa,53.38,62.51,24.62
europe_lau,Sant Cebrià de Vallalta,sant_cebria_de_vallalta,sa,45.06,65.65,94.58
europe_lau,Sant Climent de Llobregat,sant_climent_de_llobregat,sa,49.82,65.2,56.78
europe_lau,Sant Cugat del Vallès,sant_cugat_del_valles,sa,43.11,55.33,62.61
europe_lau,Sant Cugat Sesgarrigues,sant_cugat_sesgarrigues,sa,50.1,62.34,65.25
europe_lau,Sant Esteve de Palautordera,sant_esteve_de_palautordera,sa,63.32,80.54,61.09
europe_lau,Sant Esteve Sesrovires,sant_esteve_sesrovires,sa,48.09,56.1,57.5
europe_lau,Sant Fost de Campsentelles,sant_fost_de_campsentelles,sa,62.7,81.54,51.71
europe_lau,Sant Feliu de Codines,sant_feliu_de_codines,sa,63.64,75.47,53.06
europe_lau,Sant Feliu de Llobregat,sant_feliu_de_llobregat,sa,40.64,67.8,67.97
europe_lau,Sant Feliu Sasserra,sant_feliu_sasserra,sa,38.49,53.44,74.12
europe_lau,Sant Fruitós de Bages,sant_fruitos_de_bages,sa,53.4,61.53,65.63
europe_lau,Sant Hipòlit de Voltregà,sant_hipolit_de_voltrega,sa,58.57,72.26,25.79
europe_lau,Sant Jaume de Frontanyà,sant_jaume_de_frontanya,sa,48.72,64.78,72.46
europe_lau,Sant Joan Despí,sant_joan_despi,sa,49.09,61.49,55.1
europe_lau,Sant Joan de Vilatorrada,sant_joan_de_vilatorrada,sa,51.79,59.56,73.22
europe_lau,Sant Julià de Vilatorta,sant_julia_de_vilatorta,sa,42.9,57.31,73.29
europe_lau,Sant Just Desvern,sant_just_desvern,sa,38.07,65.89,50.66
europe_lau,Sant Llorenç d'Hortons,sant_llorenc_d_hortons,sa,49.63,60.94,44.33
europe_lau,Sant Llorenç Savall,sant_llorenc_savall,sa,60.64,66.78,30.22
europe_lau,Sant Martí de Centelles,sant_marti_de_centelles,sa,46.44,65.52,51.29
europe_lau,Sant Martí d'Albars,sant_marti_d_albars,sa,59.08,64.76,71.9
europe_lau,Sant Martí de Tous,sant_marti_de_tous,sa,55.17,69.62,39.28
europe_lau,Sant Martí Sarroca,sant_marti_sarroca,sa,48.19,53.49,59.4
europe_lau,Sant Martí Sesgueioles,sant_marti_sesgueioles,sa,53.06,78.78,26.26
europe_lau,Sant Mateu de Bages,sant_mateu_de_bages,sa,46.72,57.17,22.58
europe_lau,Sant Pere de Ribes,sant_pere_de_ribes,sa,55.9,76.64,45.39
europe_lau,Sant Pere de Riudebitlles,sant_pere_de_riudebitlles,sa,52.37,66.21,71.71
europe_lau,Sant Pere de Torelló,sant_pere_de_torello,sa,53.31,72.76,18.24
europe_lau,Sant Pere de Vilamajor,sant_pere_de_vilamajor,sa,40.2,62.45,91.39
europe_lau,Sant Pol de Mar,sant_pol_de_mar,sa,37.72,59.27,57.74
europe_lau,Sant Quintí de Mediona,sant_quinti_de_mediona,sa,52.61,69.94,50.42
europe_lau,Sant Quirze de Besora,sant_quirze_de_besora,sa,31.5,42.03,20.17
europe_lau,Sant Quirze del Vallès,sant_quirze_del_valles,sa,53.76,65.81,18.19
europe_lau,Sant Quirze Safaja,sant_quirze_safaja,sa,34.59,47.88,0.09
europe_lau,Sant Sadurní d'Anoia,sant_sadurni_d_anoia,sa,54.8,73,71.09
europe_lau,Sant Sadurní d'Osormort,sant_sadurni_d_osormort,sa,62.81,64.05,50.68
europe_lau,Santa Cecília de Voltregà,santa_cecilia_de_voltrega,sa,42.42,65.89,40.16
europe_lau,Santa Coloma de Cervelló,santa_coloma_de_cervello,sa,51.29,65.77,21.12
europe_lau,Santa Coloma de Gramenet,santa_coloma_de_gramenet,sa,44.45,64.02,89.13
europe_lau,Santa Eugènia de Berga,santa_eugenia_de_berga,sa,56.76,60.49,51.72
europe_lau,Santa Eulàlia de Riuprimer,santa_eulalia_de_riuprimer,sa,39.22,59.81,-5.1
europe_lau,Santa Eulàlia de Ronçana,santa_eulalia_de_roncana,sa,51.89,65.02,17.64
europe_lau,Santa Cecilia,santa_cecilia,sa,53.55,82.15,65.17
europe_lau,Santa Cruz de la Salceda,santa_cruz_de_la_salceda,sa,52.71,59.76,55.83
europe_lau,Santa Cruz del Valle Urbión,santa_cruz_del_valle_urbion,sa,43.46,63.2,94.35
europe_lau,Santa Gadea del Cid,santa_gadea_del_cid,sa,27.98,31.6,70.23
europe_lau,Santa Inés,santa_ines,sa,36.33,64.54,86.74
europe_lau,Santa María del Campo,santa_maria_del_campo,sa,49.98,67.26,91.88
europe_lau,Santa María del Invierno,santa_maria_del_invierno,sa,45.18,56.38,62.46
europe_lau,Santa María del Mercadillo,santa_maria_del_mercadillo,sa,50.84,66.98,51.17
europe_lau,Santa María Rivarredonda,santa_maria_rivarredonda,sa,31.33,54.25,96.76
europe_lau,Santa Olalla de Bureba,santa_olalla_de_bureba,sa,40.18,63.02,90.17
europe_lau,Santibáñez de Esgueva,santibanez_de_esgueva,sa,45.56,73.83,96.84
europe_lau,Santibáñez del Val,santibanez_del_val,sa,26.86,67.78,98.13
europe_lau,Santo Domingo de Silos,santo_domingo_de_silos,sa,62.28,74.38,72.15
europe_lau,San Vicente del Valle,san_vicente_del_valle,sa,33.06,54.88,71.58
europe_lau,Sargentes de la Lora,sargentes_de_la_lora,sa,40.42,53.37,89.83
europe_lau,Самоков,samokov,sa,48.17,57.52,70.89
europe_lau,Saint-Georges-sur-Meuse,saint_georges_sur_meuse,sa,40.93,61.46,96.64
europe_lau,Santa Fe del Penedès,santa_fe_del_penedes,sa,38.18,58.95,-37.08
europe_lau,Santa Margarida de Montbui,santa_margarida_de_montbui,sa,40.93,56.88,28.63
europe_lau,Santa Margarida i els Monjos,santa_margarida_i_els_monjos,sa,49.86,64.09,91.07
europe_lau,Saceda-Trasierra,saceda_trasierra,sa,58.3,73.71,89.46
europe_lau,Saelices,saelices,sa,53.17,70.62,76.5
europe_lau,Salinas del Manzano,salinas_del_manzano,sa,55.02,80.13,80.63
europe_lau,Salmeroncillos,salmeroncillos,sa,30.17,53.09,89.15
europe_lau,Salvacañete,salvacanete,sa,58.13,68.93,76.06
europe_lau,San Clemente,san_clemente,sa,44.11,55.36,73.77
europe_lau,San Lorenzo de la Parrilla,san_lorenzo_de_la_parrilla,sa,35,46.31,24.29
europe_lau,San Martín de Boniches,san_martin_de_boniches,sa,30.25,55.51,88.04
europe_lau,San Pedro Palmiches,san_pedro_palmiches,sa,53.83,63.15,53.55
europe_lau,Santa Cruz de Moya,santa_cruz_de_moya,sa,38.28,49.77,82.43
europe_lau,Santa María del Campo Rus,santa_maria_del_campo_rus,sa,55.51,65.15,35.06
europe_lau,Santa María de los Llanos,santa_maria_de_los_llanos,sa,24,64.69,76.24
europe_lau,Santa María del Val,santa_maria_del_val,sa,42.24,67.7,-7.28
europe_lau,Salobral,salobral,sa,58.19,64.9,69.84
europe_lau,Salvadiós,salvadios,sa,53.56,68.05,53.13
europe_lau,San Bartolomé de Béjar,san_bartolome_de_bejar,sa,29.22,61.8,82.11
europe_lau,San Bartolomé de Corneja,san_bartolome_de_corneja,sa,44.77,65.51,63.53
europe_lau,San Bartolomé de Pinares,san_bartolome_de_pinares,sa,21.26,36.07,-37.35
europe_lau,Sanchidrián,sanchidrian,sa,56.08,65.87,65.91
europe_lau,Sanchorreja,sanchorreja,sa,38.27,60.61,43.45
europe_lau,San Esteban de los Patos,san_esteban_de_los_patos,sa,51.68,63.92,77.28
europe_lau,San Esteban del Valle,san_esteban_del_valle,sa,20.56,51.5,89.79
europe_lau,San Esteban de Zapardiel,san_esteban_de_zapardiel,sa,49.93,88.48,42.94
europe_lau,San García de Ingelmos,san_garcia_de_ingelmos,sa,33.64,57.2,-17.48
europe_lau,San Juan de la Encinilla,san_juan_de_la_encinilla,sa,37.69,52.54,80.72
europe_lau,San Juan de la Nava,san_juan_de_la_nava,sa,25.63,60.46,97.17
europe_lau,San Juan del Molinillo,san_juan_del_molinillo,sa,37.04,61.17,2.88
europe_lau,Sarracín,sarracin,sa,63.41,68.39,74.15
europe_lau,Sasamón,sasamon,sa,56.45,64.27,84.26
europe_lau,Sacañet,sacanet,sa,34.76,50.4,38.32
europe_lau,"Salzadella, la",salzadella_la,sa,34.33,55.38,68.42
europe_lau,Sant Jordi,sant_jordi,sa,23.7,73.73,66.29
europe_lau,Sant Mateu,sant_mateu,sa,51.66,65.18,27.74
europe_lau,San Rafael del Río,san_rafael_del_rio,sa,42.99,56.46,17.87
europe_lau,Santa Magdalena de Pulpis,santa_magdalena_de_pulpis,sa,44.47,72.82,25.56
europe_lau,Salobre,salobre,sa,29.58,64.05,97.22
europe_lau,San Juan del Olmo,san_juan_del_olmo,sa,41.02,61.75,-3.57
europe_lau,San Lorenzo de Tormes,san_lorenzo_de_tormes,sa,40.86,64.12,71.58
europe_lau,San Martín de la Vega del Alberche,san_martin_de_la_vega_del_alberche,sa,68.81,76.39,38.49
europe_lau,San Martín del Pimpollar,san_martin_del_pimpollar,sa,33.84,63.66,88.52
europe_lau,San Miguel de Corneja,san_miguel_de_corneja,sa,40.41,68.07,-20.71
europe_lau,San Miguel de Serrezuela,san_miguel_de_serrezuela,sa,48.86,66.81,85.91
europe_lau,San Pascual,san_pascual,sa,18.38,37.53,-5.07
europe_lau,San Pedro del Arroyo,san_pedro_del_arroyo,sa,44.87,59.47,81.11
europe_lau,Santa Cruz del Valle,santa_cruz_del_valle,sa,26.37,51.7,89.38
europe_lau,Santa Cruz de Pinares,santa_cruz_de_pinares,sa,71.56,76.49,62.28
europe_lau,Santa María del Arroyo,santa_maria_del_arroyo,sa,55.95,63.09,67.44
europe_lau,Santa María del Berrocal,santa_maria_del_berrocal,sa,40.63,63.63,24.42
europe_lau,Santa María de los Caballeros,santa_maria_de_los_caballeros,sa,45.18,61.84,90.41
europe_lau,Santa María del Tiétar,santa_maria_del_tietar,sa,41.8,79.76,99.77
europe_lau,Santiago del Collado,santiago_del_collado,sa,54.38,67.36,16.95
europe_lau,Santo Domingo de las Posadas,santo_domingo_de_las_posadas,sa,42.54,60.23,89.52
europe_lau,Santo Tomé de Zabarcos,santo_tome_de_zabarcos,sa,38.14,64.82,89.46
europe_lau,San Vicente de Arévalo,san_vicente_de_arevalo,sa,30.38,46.23,-2.27
europe_lau,San Juan de Gredos,san_juan_de_gredos,sa,26.21,60.01,85.14
europe_lau,Santa María del Cubillo,santa_maria_del_cubillo,sa,22.23,53.15,94.79
europe_lau,Santiago del Tormes,santiago_del_tormes,sa,39.45,47.28,70.09
europe_lau,Sant Salvador de Guardiola,sant_salvador_de_guardiola,sa,48.73,64.14,43.44
europe_lau,San Pedro,san_pedro,sa,52.89,70.83,91.39
europe_lau,Santa Maria de Besora,santa_maria_de_besora,sa,46.34,63.97,-4.66
europe_lau,Santa Maria de Merlès,santa_maria_de_merles,sa,27.34,45.94,90.51
europe_lau,Santa Maria de Martorelles,santa_maria_de_martorelles,sa,49.8,77.1,49.87
europe_lau,Santa Maria de Miralles,santa_maria_de_miralles,sa,48.28,66.11,62.79
europe_lau,Santa Maria d'Oló,santa_maria_d_olo,sa,34.56,47.14,30.31
europe_lau,Santa Maria de Palautordera,santa_maria_de_palautordera,sa,53.96,73.87,66.67
europe_lau,Santa Perpètua de Mogoda,santa_perpetua_de_mogoda,sa,59.28,64.97,33.43
europe_lau,Santa Susanna,santa_susanna,sa,38.07,73.73,48.08
europe_lau,Sant Vicenç de Castellet,sant_vicenc_de_castellet,sa,20.9,43.96,-110.63
europe_lau,Sant Vicenç dels Horts,sant_vicenc_dels_horts,sa,56.89,59.33,66.03
europe_lau,Sant Vicenç de Montalt,sant_vicenc_de_montalt,sa,37.86,62.98,92.51
europe_lau,Sant Julià de Cerdanyola,sant_julia_de_cerdanyola,sa,52.27,75.88,14.43
europe_lau,Самуил,samuil,sa,38.25,59.3,47.72
europe_lau,Sant Joan de Moró,sant_joan_de_moro,sa,40.35,53.68,40.29
europe_lau,Садово,sadovo,sa,36.78,62.81,-21.08
europe_lau,Sant Julià del Llor i Bonmatí,sant_julia_del_llor_i_bonmati,sa,69.99,73.25,44.19
europe_lau,Saceruela,saceruela,sa,56.88,63.92,57.44
europe_lau,San Carlos del Valle,san_carlos_del_valle,sa,83.84,79.89,61.56
europe_lau,San Lorenzo de Calatrava,san_lorenzo_de_calatrava,sa,39.75,62.66,29.38
europe_lau,Santa Cruz de los Cáñamos,santa_cruz_de_los_canamos,sa,69.99,77.43,60.16
europe_lau,Santa Cruz de Mudela,santa_cruz_de_mudela,sa,45.34,60.48,64.92
europe_lau,Sagra,sagra,sa,42.68,54.65,53.07
europe_lau,Salvaleón,salvaleon,sa,37.64,64.47,71.18
europe_lau,Salvatierra de los Barros,salvatierra_de_los_barros,sa,39.16,52.42,48.18
europe_lau,Sancti-Spíritus,sancti_spiritus,sa,55.26,73.05,63.32
europe_lau,San Pedro de Mérida,san_pedro_de_merida,sa,50.95,65.1,74.9
europe_lau,Santa Amalia,santa_amalia,sa,20.46,28.38,42.66
europe_lau,Santa Marta,santa_marta,sa,61.06,76.48,79.48
europe_lau,"Santos de Maimona, Los",santos_de_maimona_los,sa,44.71,58.25,-0.67
europe_lau,San Vicente de Alcántara,san_vicente_de_alcantara,sa,50.07,65.79,58.19
europe_lau,Salar,salar,sa,68.85,69.28,37.2
europe_lau,Salobreña,salobrena,sa,33.42,48.62,71.1
europe_lau,Santa Cruz del Comercio,santa_cruz_del_comercio,sa,59.35,69.74,38.3
europe_lau,Santa Fe,santa_fe,sa,54.48,71.68,81.08
europe_lau,Salinas,salinas,sa,55.88,69.83,21.64
europe_lau,Sanet y Negrals,sanet_y_negrals,sa,62.87,78.83,69.75
europe_lau,San Fulgencio,san_fulgencio,sa,36.28,65.7,-69.29
europe_lau,Sant Joan d'Alacant,sant_joan_d_alacant,sa,49.53,64.31,69.84
europe_lau,San Miguel de Salinas,san_miguel_de_salinas,sa,67.3,76.4,80.34
europe_lau,Santa Pola,santa_pola,sa,32.54,59.6,19.59
europe_lau,San Vicente del Raspeig,san_vicente_del_raspeig,sa,28.81,57.93,70.45
europe_lau,Sax,sax,sa,64.74,83.06,54.7
europe_lau,San Isidro,san_isidro,sa,42.84,54.32,50.9
europe_lau,Сапарева баня,sapareva_bana,sa,54.41,70.72,60.57
europe_lau,Sales de Llierca,sales_de_llierca,sa,45.73,54.88,68.47
europe_lau,Salt,salt,sa,48.09,61.71,18.22
europe_lau,Sant Andreu Salou,sant_andreu_salou,sa,44.04,67.87,96.41
europe_lau,Sant Climent Sescebes,sant_climent_sescebes,sa,36.16,62.06,95.24
europe_lau,Sant Feliu de Buixalleu,sant_feliu_de_buixalleu,sa,50.11,65.63,89.31
europe_lau,Sant Feliu de Guíxols,sant_feliu_de_guixols,sa,43.68,72.89,12.72
europe_lau,Sant Feliu de Pallerols,sant_feliu_de_pallerols,sa,50.71,74.2,80.62
europe_lau,Sant Ferriol,sant_ferriol,sa,28.34,44.85,13.29
europe_lau,Sant Gregori,sant_gregori,sa,40.53,59.6,14.02
europe_lau,Sant Hilari Sacalm,sant_hilari_sacalm,sa,39.19,47.12,64.35
europe_lau,Sant Jaume de Llierca,sant_jaume_de_llierca,sa,42.92,61.53,99.66
europe_lau,Sant Jordi Desvalls,sant_jordi_desvalls,sa,59.9,71.62,81.26
europe_lau,Sant Joan de les Abadesses,sant_joan_de_les_abadesses,sa,46.48,65.8,2.52
europe_lau,Sant Joan de Mollet,sant_joan_de_mollet,sa,43.14,68.8,97.91
europe_lau,Sant Julià de Ramis,sant_julia_de_ramis,sa,36,55.69,35.66
europe_lau,Sant Llorenç de la Muga,sant_llorenc_de_la_muga,sa,40.45,65.36,-8.55
europe_lau,Salorino,salorino,sa,50.53,60.94,51.47
europe_lau,Salvatierra de Santiago,salvatierra_de_santiago,sa,46.32,59.23,73.98
europe_lau,San Martín de Trevejo,san_martin_de_trevejo,sa,21.34,47.06,20.61
europe_lau,Santa Ana,santa_ana,sa,17.47,45.8,94.76
europe_lau,Santa Cruz de la Sierra,santa_cruz_de_la_sierra,sa,46.79,50.27,47.4
europe_lau,Santa Cruz de Paniagua,santa_cruz_de_paniagua,sa,42.82,57.63,86.88
europe_lau,Santa Marta de Magasca,santa_marta_de_magasca,sa,39.97,59.65,44.68
europe_lau,Santiago de Alcántara,santiago_de_alcantara,sa,55.67,63.05,59.58
europe_lau,Santiago del Campo,santiago_del_campo,sa,45.27,68.59,44.57
europe_lau,Santibáñez el Alto,santibanez_el_alto,sa,28.75,52.7,91.57
europe_lau,Santibáñez el Bajo,santibanez_el_bajo,sa,57.61,70.66,82.74
europe_lau,Saucedilla,saucedilla,sa,37.1,54.4,11.78
europe_lau,San Sebastián de los Ballesteros,san_sebastian_de_los_ballesteros,sa,56.91,69.74,24.91
europe_lau,Santaella,santaella,sa,59.33,65.98,74.32
europe_lau,Santa Eufemia,santa_eufemia,sa,33.89,49.71,20.16
europe_lau,Sada,sada,sa,44.84,60.59,94.13
europe_lau,San Sadurniño,san_sadurnino,sa,50.71,63.16,69.01
europe_lau,Santa Comba,santa_comba,sa,54.35,63.17,49.96
europe_lau,Santiago de Compostela,santiago_de_compostela,sa,55.77,64.95,48.34
europe_lau,Santiso,santiso,sa,32.35,55.17,-27.91
europe_lau,Saint-Léger (Virton),saint_leger_virton,sa,52.23,62.74,20.92
europe_lau,Sanitz,sanitz,sa,42.81,59.98,80.96
europe_lau,Sarmstorf,sarmstorf,sa,40.5,47.3,54.33
europe_lau,Satow,satow,sa,43.12,59.93,52.47
europe_lau,Сандански,sandanski,sa,54.88,68.66,52.86
europe_lau,Saarde vald,saarde_vald,sa,53.42,61.28,68.28
europe_lau,Saaremaa vald,saaremaa_vald,sa,35.45,48.22,48.51
europe_lau,Saku vald,saku_vald,sa,41.5,50.58,38.05
europe_lau,Saue vald,saue_vald,sa,34.63,50.59,82.7
europe_lau,"Sayda, Stadt",sayda_stadt,sa,60.01,63.36,57.59
europe_lau,Sainte-Ode,sainte_ode,sa,50.17,69.54,43.81
europe_lau,Saal,saal,sa,61.1,61.78,61.3
europe_lau,Sagard,sagard,sa,50.97,64.06,53.87
europe_lau,Samtens,samtens,sa,49.89,63.68,57.32
europe_lau,"Sassnitz, Stadt",sassnitz_stadt,sa,31.41,60.87,73.08
europe_lau,Sarnow,sarnow,sa,44.86,59.06,36.65
europe_lau,Sassen-Trantow,sassen_trantow,sa,43.42,59.44,92.37
europe_lau,Sauzin,sauzin,sa,63.52,71.08,71.2
europe_lau,Sailauf,sailauf,sa,36.12,49.44,96.44
europe_lau,Sailaufer Forst,sailaufer_forst,sa,35.3,59.05,14.11
europe_lau,Saint-Nicolas (Luik),saint_nicolas_luik,sa,46.15,72.49,88
europe_lau,Sankt Vith,sankt_vith,sa,34.04,54.57,-16.18
europe_lau,Sachsen b.Ansbach,sachsen_b_ansbach,sa,60.63,77.68,68.61
europe_lau,Saint-Ghislain,saint_ghislain,sa,63.35,62.32,66.12
europe_lau,"Saal a.d.Saale, M",saal_a_d_saale_m,sa,39.04,61.7,61.44
europe_lau,Salz,salz,sa,57.84,69.26,38.7
europe_lau,Sandberg,sandberg,sa,49.98,61.46,28.9
europe_lau,Sand a.Main,sand_a_main,sa,50.44,70.72,98.16
europe_lau,Sarow,sarow,sa,58.08,62.9,58.72
europe_lau,Sankt Anton am Arlberg,sankt_anton_am_arlberg,sa,40.7,63.12,82.23
europe_lau,Saint-Hubert,saint_hubert,sa,53.38,69.43,28.72
europe_lau,Sastamala,sastamala,sa,47.86,60.49,80.88
europe_lau,Saint-Amans,saint_amans,sa,31.34,52.38,56.47
europe_lau,Saint-André-de-Roquelongue,saint_andre_de_roquelongue,sa,44.02,56.42,83.36
europe_lau,Saint-Benoît,saint_benoit,sa,47.87,63.01,67.89
europe_lau,Sainte-Camelle,sainte_camelle,sa,34.59,54.86,2.97
europe_lau,Sainte-Colombe-sur-Guette,sainte_colombe_sur_guette,sa,38.24,49.41,78.39
europe_lau,Sainte-Colombe-sur-l'Hers,sainte_colombe_sur_l_hers,sa,63.89,82.73,39.17
europe_lau,Samnaun,samnaun,sa,53.77,68.76,72.76
europe_lau,Saint-Couat-d'Aude,saint_couat_d_aude,sa,48.85,63.29,61.83
europe_lau,Saint-Couat-du-Razès,saint_couat_du_razes,sa,55.57,70.74,21.49
europe_lau,Saint-Denis,saint_denis,sa,32.41,60.38,89.23
europe_lau,Sainte-Eulalie,sainte_eulalie,sa,49.01,58.65,73.8
europe_lau,Saint-Ferriol,saint_ferriol,sa,61.32,71.99,68.32
europe_lau,Saint-Frichoux,saint_frichoux,sa,48.19,58.25,54.91
europe_lau,Saint-Gaudéric,saint_gauderic,sa,52.04,66.89,31.95
europe_lau,Saint-Hilaire,saint_hilaire,sa,25.04,45.47,47.62
europe_lau,Saint-Jean-de-Barrou,saint_jean_de_barrou,sa,40.45,57.53,-20.61
europe_lau,Saint-Jean-de-Paracol,saint_jean_de_paracol,sa,41.12,62.44,-17.52
europe_lau,Saint-Julia-de-Bec,saint_julia_de_bec,sa,52.4,67.52,40.01
europe_lau,Saint-Julien-de-Briola,saint_julien_de_briola,sa,56.4,65.21,72.52
europe_lau,Saint-Just-et-le-Bézu,saint_just_et_le_bezu,sa,43.22,60.9,21.41
europe_lau,Saint-Laurent-de-la-Cabrerisse,saint_laurent_de_la_cabrerisse,sa,55.19,67.07,29.68
europe_lau,Saint-Louis-et-Parahou,saint_louis_et_parahou,sa,37.55,65.62,-53.76
europe_lau,Saint-Marcel-sur-Aude,saint_marcel_sur_aude,sa,51.52,67.85,78.78
europe_lau,Saint-Martin-des-Puits,saint_martin_des_puits,sa,60.2,64.52,30.51
europe_lau,Saint-Martin-de-Villereglan,saint_martin_de_villereglan,sa,39.65,57.01,99.78
europe_lau,Saint-Martin-Lalande,saint_martin_lalande,sa,59.42,64.26,77.06
europe_lau,Saint-Martin-le-Vieil,saint_martin_le_vieil,sa,33.08,56.36,63.61
europe_lau,Saint-Martin-Lys,saint_martin_lys,sa,41.34,65.23,-15.82
europe_lau,Saint-Michel-de-Lanès,saint_michel_de_lanes,sa,59.4,59.61,61.14
europe_lau,Saint-Nazaire-d'Aude,saint_nazaire_d_aude,sa,49.61,61.24,57.59
europe_lau,Saint-Papoul,saint_papoul,sa,48.87,60.79,71.71
europe_lau,Saint-Paulet,saint_paulet,sa,67.72,71.35,36.21
europe_lau,Saint-Pierre-des-Champs,saint_pierre_des_champs,sa,64.76,73.29,51.24
europe_lau,Saint-Polycarpe,saint_polycarpe,sa,24.09,49.25,33.31
europe_lau,Saint-Sernin,saint_sernin,sa,46.35,63.25,32.92
europe_lau,Sainte-Valière,sainte_valiere,sa,45.95,55.09,66.5
europe_lau,Saissac,saissac,sa,52.94,64.76,84.35
europe_lau,Sallèles-Cabardès,salleles_cabardes,sa,33.37,62.44,97.8
europe_lau,Sallèles-d'Aude,salleles_d_aude,sa,33.71,54.79,59.32
europe_lau,Salles-d'Aude,salles_d_aude,sa,47.29,72.3,63.16
europe_lau,Salles-sur-l'Hers,salles_sur_l_hers,sa,44.93,65.69,-1.99
europe_lau,Salsigne,salsigne,sa,31.46,65.03,72.12
europe_lau,Salvezines,salvezines,sa,39.17,54.21,-12.18
europe_lau,Salza,salza,sa,49.37,76.92,17.09
europe_lau,Saint-Pierre-de-Mézoargues,saint_pierre_de_mezoargues,sa,52.99,55.99,72.29
europe_lau,Savosa,savosa,sa,30.46,61.34,-7.23
europe_lau,Sanilhac,sanilhac,sa,31.39,50.48,88.46
europe_lau,Saint-Pierre-d'Oléron,saint_pierre_d_oleron,sa,39.09,52.3,6.59
europe_lau,Saint-Pierre-du-Palais,saint_pierre_du_palais,sa,63.29,69.31,76.6
europe_lau,Saint-Porchaire,saint_porchaire,sa,40.47,58.65,72.45
europe_lau,Saint-Quantin-de-Rançanne,saint_quantin_de_rancanne,sa,45.14,58.26,5.92
europe_lau,Sainte-Radegonde,sainte_radegonde,sa,50.51,62.1,23.84
europe_lau,Sainte-Ramée,sainte_ramee,sa,61.21,79.31,42.26
europe_lau,Saint-Rogatien,saint_rogatien,sa,30.02,44.28,46.81
europe_lau,Saint-Romain-de-Benet,saint_romain_de_benet,sa,54.14,61.18,58.11
europe_lau,Saint-Saturnin-du-Bois,saint_saturnin_du_bois,sa,37.66,63.82,26.7
europe_lau,Saint-Sauvant,saint_sauvant,sa,41.33,47.03,64.65
europe_lau,Saint-Sauveur-d'Aunis,saint_sauveur_d_aunis,sa,56.26,66.27,42.88
europe_lau,Saint-Savinien,saint_savinien,sa,60.53,63.27,55.95
europe_lau,Saint-Seurin-de-Palenne,saint_seurin_de_palenne,sa,51.17,69.93,-2.62
europe_lau,Saint-Sever-de-Saintonge,saint_sever_de_saintonge,sa,49.01,57.08,61.23
europe_lau,Saint-Séverin-sur-Boutonne,saint_severin_sur_boutonne,sa,49.54,56.91,65.76
europe_lau,Saint-Sigismond-de-Clermont,saint_sigismond_de_clermont,sa,39.31,53,70.03
europe_lau,Saint-Simon-de-Bordes,saint_simon_de_bordes,sa,62.68,75.92,66.27
europe_lau,Saint-Simon-de-Pellouaille,saint_simon_de_pellouaille,sa,65.21,86.76,45.14
europe_lau,Saint-Sorlin-de-Conac,saint_sorlin_de_conac,sa,42.37,66.78,69.29
europe_lau,Saint-Sornin,saint_sornin,sa,57.14,74.74,43.15
europe_lau,Sainte-Soulle,sainte_soulle,sa,44.72,58.18,25.19
europe_lau,Saint-Sulpice-d'Arnoult,saint_sulpice_d_arnoult,sa,36.62,58.52,88.89
europe_lau,Saint-Sulpice-de-Royan,saint_sulpice_de_royan,sa,53.67,70.26,26.76
europe_lau,Saint-Thomas-de-Conac,saint_thomas_de_conac,sa,56.25,72.97,36.62
europe_lau,Saint-Trojan-les-Bains,saint_trojan_les_bains,sa,46.77,68.12,91.89
europe_lau,Saint-Vaize,saint_vaize,sa,49.05,77.08,-28.12
europe_lau,Saint-Vivien,saint_vivien,sa,55.84,72.12,7.57
europe_lau,Saint-Xandre,saint_xandre,sa,33.06,49.88,-23.34
europe_lau,Saintes,saintes,sa,53.58,59.75,57.59
europe_lau,Saleignes,saleignes,sa,49.59,58.83,70.24
europe_lau,Salignac-de-Mirambeau,salignac_de_mirambeau,sa,48.12,64.62,80.26
europe_lau,Salignac-sur-Charente,salignac_sur_charente,sa,42.66,66.99,19.75
europe_lau,Salles-sur-Mer,salles_sur_mer,sa,45.66,65.65,39.67
europe_lau,Saujon,saujon,sa,56.76,68.92,60.16
europe_lau,Sainte-Anne,sainte_anne,sa,47.88,57.8,56.67
europe_lau,Saint-Antoine,saint_antoine,sa,61.77,68.94,75.55
europe_lau,Sainte-Colombe,sainte_colombe,sa,65.62,72.18,63.59
europe_lau,Saint-Georges-Armont,saint_georges_armont,sa,55.12,71.95,38.07
europe_lau,Saint-Gorgon-Main,saint_gorgon_main,sa,30.72,61.29,-63.4
europe_lau,Saint-Hilaire,saint_hilaire,sa,45.31,69.11,9.84
europe_lau,Saint-Hippolyte,saint_hippolyte,sa,29.63,45.76,78.25
europe_lau,Saint-Juan,saint_juan,sa,45.46,69.16,69.1
europe_lau,Saint-Julien-lès-Montbéliard,saint_julien_les_montbeliard,sa,40.36,68.26,-36.14
europe_lau,Saint-Julien-lès-Russey,saint_julien_les_russey,sa,39.75,59.09,21.82
europe_lau,Sainte-Marie,sainte_marie,sa,67.62,72.35,69.14
europe_lau,Saint-Maurice-Colombier,saint_maurice_colombier,sa,55.27,68.59,72.89
europe_lau,Saint-Point-Lac,saint_point_lac,sa,39.88,66.76,68.91
europe_lau,Sainte-Suzanne,sainte_suzanne,sa,51.69,67.26,71.78
europe_lau,Saint-Vit,saint_vit,sa,42.83,55.59,34.62
europe_lau,Samson,samson,sa,46.83,75.52,47.41
europe_lau,Sancey,sancey,sa,48.94,61.91,21.99
europe_lau,Saône,saone,sa,68.62,73.13,67.78
europe_lau,Saraz,saraz,sa,33.12,64.71,-27.57
europe_lau,Sarrageois,sarrageois,sa,23.66,61.15,78.58
europe_lau,Saules,saules,sa,50.04,68.54,45.98
europe_lau,Sauvagney,sauvagney,sa,50.88,66.34,66.76
europe_lau,Saint-Julien-d'Intres,saint_julien_d_intres,sa,45.1,67.04,29.92
europe_lau,Saint-Alban,saint_alban,sa,44.32,62.59,61.5
europe_lau,Saint-André-de-Bâgé,saint_andre_de_bage,sa,49.56,62.35,80.04
europe_lau,Saint-André-de-Corcy,saint_andre_de_corcy,sa,46.64,60.66,4.44
europe_lau,Saint-André-d'Huiriat,saint_andre_d_huiriat,sa,49.27,64.26,64.93
europe_lau,Saint-André-sur-Vieux-Jonc,saint_andre_sur_vieux_jonc,sa,46.44,63.73,62.89
europe_lau,Saint-Bénigne,saint_benigne,sa,30.79,50.3,68.75
europe_lau,Saint-Bernard,saint_bernard,sa,49.27,70.23,82.04
europe_lau,Sainte-Croix,sainte_croix,sa,57.61,64.15,37.22
europe_lau,Saint-Cyr-sur-Menthon,saint_cyr_sur_menthon,sa,68.51,74.35,58.27
europe_lau,Saint-Denis-lès-Bourg,saint_denis_les_bourg,sa,48.31,69,63.09
europe_lau,Saint-Denis-en-Bugey,saint_denis_en_bugey,sa,45.59,69.11,-11.31
europe_lau,Saint-Didier-d'Aussiat,saint_didier_d_aussiat,sa,34.92,51.91,6.39
europe_lau,Saint-Didier-de-Formans,saint_didier_de_formans,sa,55.99,72.19,46.29
europe_lau,Saint-Didier-sur-Chalaronne,saint_didier_sur_chalaronne,sa,53.97,64.91,68.07
europe_lau,Saint-Éloi,saint_eloi,sa,45.31,62.78,69.07
europe_lau,Saint-Étienne-du-Bois,saint_etienne_du_bois,sa,45.39,52.25,82.48
europe_lau,Saint-Étienne-sur-Chalaronne,saint_etienne_sur_chalaronne,sa,66.72,69.96,64.19
europe_lau,Saint-Étienne-sur-Reyssouze,saint_etienne_sur_reyssouze,sa,43.11,53.72,68.04
europe_lau,Sainte-Euphémie,sainte_euphemie,sa,33.17,60.56,95.4
europe_lau,Saint-Genis-Pouilly,saint_genis_pouilly,sa,40.95,68.54,88.78
europe_lau,Saint-Genis-sur-Menthon,saint_genis_sur_menthon,sa,46.1,60.88,84.86
europe_lau,Saint-Georges-sur-Renon,saint_georges_sur_renon,sa,39.05,63.89,-21.74
europe_lau,Saint-Germain-de-Joux,saint_germain_de_joux,sa,48.66,65.7,48.39
europe_lau,Saint-Germain-les-Paroisses,saint_germain_les_paroisses,sa,45.32,64.76,79.47
europe_lau,Saint-Germain-sur-Renon,saint_germain_sur_renon,sa,45.35,61.41,53.94
europe_lau,Saint-Jean-de-Gonville,saint_jean_de_gonville,sa,45.72,69.71,39.3
europe_lau,Saint-Jean-de-Niost,saint_jean_de_niost,sa,44.41,63.38,16.32
europe_lau,Saint-Jean-de-Thurigneux,saint_jean_de_thurigneux,sa,51.53,65.66,53.27
europe_lau,Saint-Jean-le-Vieux,saint_jean_le_vieux,sa,39.62,73.49,1.42
europe_lau,Saint-Jean-sur-Reyssouze,saint_jean_sur_reyssouze,sa,44.93,62.35,88.79
europe_lau,Saint-Jean-sur-Veyle,saint_jean_sur_veyle,sa,62.7,67.04,63.31
europe_lau,Sainte-Julie,sainte_julie,sa,41.78,69.37,97.69
europe_lau,Saint-Julien-sur-Veyle,saint_julien_sur_veyle,sa,35.62,48.48,83.15
europe_lau,Saint-Just,saint_just,sa,34.14,62.2,93.59
europe_lau,Saint-Laurent-sur-Saône,saint_laurent_sur_saone,sa,25.4,71.21,92.5
europe_lau,Saint-Marcel,saint_marcel,sa,54.89,75.68,70.81
europe_lau,Saint-Martin-de-Bavel,saint_martin_de_bavel,sa,63.37,75.39,75.25
europe_lau,Saint-Martin-du-Frêne,saint_martin_du_frene,sa,39.27,61.63,30.09
europe_lau,Saint-Martin-du-Mont,saint_martin_du_mont,sa,60.33,68.45,63.32
europe_lau,Saint-Martin-le-Châtel,saint_martin_le_chatel,sa,53.2,66.77,42.3
europe_lau,Saint-Maurice-de-Beynost,saint_maurice_de_beynost,sa,22.32,72.25,89.04
europe_lau,Saint-Maurice-de-Gourdans,saint_maurice_de_gourdans,sa,52.96,72.95,19.99
europe_lau,Saint-Maurice-de-Rémens,saint_maurice_de_remens,sa,41.34,66.07,93.6
europe_lau,Saint-Nizier-le-Bouchoux,saint_nizier_le_bouchoux,sa,48.5,63.2,58.56
europe_lau,Saint-Nizier-le-Désert,saint_nizier_le_desert,sa,49.95,60.86,69.44
europe_lau,Sainte-Olive,sainte_olive,sa,54.12,71.2,30.47
europe_lau,Saint-Paul-de-Varax,saint_paul_de_varax,sa,64.43,70.88,51.68
europe_lau,Saint-Rambert-en-Bugey,saint_rambert_en_bugey,sa,46.18,68.73,96.6
europe_lau,Saint-Rémy,saint_remy,sa,55.39,65.85,65.84
europe_lau,Saint-Sorlin-en-Bugey,saint_sorlin_en_bugey,sa,39.22,56.05,16.65
europe_lau,Saint-Sulpice,saint_sulpice,sa,55.69,72.17,86.09
europe_lau,Saint-Trivier-de-Courtes,saint_trivier_de_courtes,sa,50.45,60.79,71.41
europe_lau,Saint-Trivier-sur-Moignans,saint_trivier_sur_moignans,sa,58.65,68.37,80.67
europe_lau,Saint-Vulbas,saint_vulbas,sa,33.94,60.89,92.9
europe_lau,Salavre,salavre,sa,44.01,67.19,-3.95
europe_lau,Samognat,samognat,sa,25.32,51.16,98.48
europe_lau,Sandrans,sandrans,sa,46.54,56.92,70.36
europe_lau,Sault-Brénaz,sault_brenaz,sa,41.28,61.79,58.92
europe_lau,Sauverny,sauverny,sa,47.09,61.4,8.37
europe_lau,Savigneux,savigneux,sa,51.75,68.55,50.52
europe_lau,Saint-Vincent-la-Commanderie,saint_vincent_la_commanderie,sa,49.83,66.19,64.78
europe_lau,Sacquenville,sacquenville,sa,56.05,62.85,36.35
europe_lau,Saint-Agnan-de-Cernières,saint_agnan_de_cernieres,sa,40.68,61.05,41.02
europe_lau,Saint-André-de-l'Eure,saint_andre_de_l_eure,sa,55.52,65.42,80.14
europe_lau,Saint-Saphorin (Lavaux),saint_saphorin_lavaux,sa,28.57,55,91.95
europe_lau,Saint-Antonin-de-Sommaire,saint_antonin_de_sommaire,sa,30.96,54.45,29.11
europe_lau,Saint-Aubin-d'Écrosville,saint_aubin_d_ecrosville,sa,41.64,52.27,37.3
europe_lau,Saint-Aubin-de-Scellon,saint_aubin_de_scellon,sa,46.48,63,12.5
europe_lau,Saint-Aubin-du-Thenney,saint_aubin_du_thenney,sa,55.54,77.12,83.8
europe_lau,Saint-Aubin-sur-Gaillon,saint_aubin_sur_gaillon,sa,52.81,62.32,62.96
europe_lau,Saint-Aubin-sur-Quillebeuf,saint_aubin_sur_quillebeuf,sa,55.58,71.25,11.79
europe_lau,Saint-Benoît-des-Ombres,saint_benoit_des_ombres,sa,79.42,75.59,53.86
europe_lau,Saint-Christophe-sur-Avre,saint_christophe_sur_avre,sa,39.42,70.1,7.34
europe_lau,Saint-Christophe-sur-Condé,saint_christophe_sur_conde,sa,52.5,79.44,15.81
europe_lau,Savigny,savigny,sa,48.37,66.08,86.73
europe_lau,Sainte-Colombe-la-Commanderie,sainte_colombe_la_commanderie,sa,52.62,64.56,67.36
europe_lau,Sainte-Colombe-près-Vernon,sainte_colombe_pres_vernon,sa,55.47,64.22,49.76
europe_lau,Saint-Cyr-de-Salerne,saint_cyr_de_salerne,sa,40.58,55.33,37.27
europe_lau,Saint-Cyr-la-Campagne,saint_cyr_la_campagne,sa,38.41,52.44,24.58
europe_lau,Saint-Denis-d'Augerons,saint_denis_d_augerons,sa,39.29,78.89,89.55
europe_lau,Saint-Denis-des-Monts,saint_denis_des_monts,sa,40.72,50.74,75.26
europe_lau,Saint-Denis-le-Ferment,saint_denis_le_ferment,sa,64.25,75.74,78.89
europe_lau,Saint-Didier-des-Bois,saint_didier_des_bois,sa,31.06,52.48,90.94
europe_lau,Saint-Élier,saint_elier,sa,19.76,50.39,79.89
europe_lau,Saint-Éloi-de-Fourques,saint_eloi_de_fourques,sa,44.61,65.68,38.91
europe_lau,Saint-Étienne-du-Vauvray,saint_etienne_du_vauvray,sa,38.79,60.24,95.77
europe_lau,Saint-Étienne-l'Allier,saint_etienne_l_allier,sa,58.74,68.76,55.65
europe_lau,Saint-Étienne-sous-Bailleul,saint_etienne_sous_bailleul,sa,45.61,69.85,98.04
europe_lau,Sainte-Geneviève-lès-Gasny,sainte_genevieve_les_gasny,sa,39.58,57.89,17.52
europe_lau,Saint-Georges-du-Vièvre,saint_georges_du_vievre,sa,54.19,59.73,30.92
europe_lau,Saint-Georges-Motel,saint_georges_motel,sa,57.74,61.38,47.85
europe_lau,Saint-Germain-de-Fresney,saint_germain_de_fresney,sa,56.61,77.35,77.37
europe_lau,Saint-Germain-de-Pasquier,saint_germain_de_pasquier,sa,24.62,50.58,-88.86
europe_lau,Saint-Germain-des-Angles,saint_germain_des_angles,sa,35.04,62.39,41.85
europe_lau,Saint-Germain-la-Campagne,saint_germain_la_campagne,sa,49.65,66.35,62.86
europe_lau,Saint-Germain-sur-Avre,saint_germain_sur_avre,sa,49.73,60.56,84.78
europe_lau,Saint-Grégoire-du-Vièvre,saint_gregoire_du_vievre,sa,49.4,67.29,4.03
europe_lau,Saint-Jean-du-Thenney,saint_jean_du_thenney,sa,54.07,66.21,76.93
europe_lau,Saint-Julien-de-la-Liègue,saint_julien_de_la_liegue,sa,57.03,66.47,57.45
europe_lau,Saint-Laurent-des-Bois,saint_laurent_des_bois,sa,44.5,68.83,-9.48
europe_lau,Saint-Laurent-du-Tencement,saint_laurent_du_tencement,sa,33.51,51.1,46.08
europe_lau,Saint-Léger-de-Rôtes,saint_leger_de_rotes,sa,55.35,64.41,42.17
europe_lau,Sádaba,sadaba,sa,50.74,60.81,57.44
europe_lau,Salillas de Jalón,salillas_de_jalon,sa,29.46,68.59,60.68
europe_lau,Salvatierra de Esca,salvatierra_de_esca,sa,45.69,60.81,43.53
europe_lau,Samper del Salz,samper_del_salz,sa,30.17,71.96,79.43
europe_lau,San Martín de la Virgen de Moncayo,san_martin_de_la_virgen_de_moncayo,sa,22.42,50.13,56.25
europe_lau,San Mateo de Gállego,san_mateo_de_gallego,sa,30.94,51.11,69.78
europe_lau,Santa Cruz de Grío,santa_cruz_de_grio,sa,47.49,57.63,80.74
europe_lau,Santa Cruz de Moncayo,santa_cruz_de_moncayo,sa,60.22,68.59,35.71
europe_lau,Santa Eulalia de Gállego,santa_eulalia_de_gallego,sa,52.8,68.11,78.66
europe_lau,Savennes,savennes,sa,52.04,69.8,87.93
europe_lau,Saint-Agnant-de-Versillat,saint_agnant_de_versillat,sa,64.96,64.6,40.73
europe_lau,Saint-Agnant-près-Crocq,saint_agnant_pres_crocq,sa,67.92,68.99,74.88
europe_lau,Saint-Alpinien,saint_alpinien,sa,48.47,63.72,7.25
europe_lau,Saint-Amand,saint_amand,sa,49.61,64.42,56.87
europe_lau,Saint-Amand-Jartoudeix,saint_amand_jartoudeix,sa,42.84,50.43,22.03
europe_lau,Saint-Avit-de-Tardes,saint_avit_de_tardes,sa,51.38,66.77,91.34
europe_lau,Saint-Avit-le-Pauvre,saint_avit_le_pauvre,sa,54.07,68.84,88.43
europe_lau,Saint-Bard,saint_bard,sa,52.91,55.64,32.23
europe_lau,Saint-Chabrais,saint_chabrais,sa,42.89,57.11,92.57
europe_lau,Saint-Christophe,saint_christophe,sa,45.36,62.77,89.72
europe_lau,Saint-Dizier-la-Tour,saint_dizier_la_tour,sa,54.58,63.43,75.48
europe_lau,Saint-Dizier-les-Domaines,saint_dizier_les_domaines,sa,49.38,63.92,21.33
europe_lau,Saint-Dizier-Masbaraud,saint_dizier_masbaraud,sa,41.2,52.96,83.07
europe_lau,Saint-Domet,saint_domet,sa,55.98,66.85,58.05
europe_lau,Saint-Éloi,saint_eloi,sa,37.42,46.76,31.89
europe_lau,Sainte-Feyre,sainte_feyre,sa,39.92,66.52,94.76
europe_lau,Sainte-Feyre-la-Montagne,sainte_feyre_la_montagne,sa,60.71,68.64,74.44
europe_lau,Saint-Fiel,saint_fiel,sa,52.45,57.82,71.19
europe_lau,Saint-Frion,saint_frion,sa,48.27,60.48,39.29
europe_lau,Saint-Georges-la-Pouge,saint_georges_la_pouge,sa,58.51,68.12,66.14
europe_lau,Saint-Georges-Nigremont,saint_georges_nigremont,sa,52.54,64.9,20.11
europe_lau,Saint-Germain-Beaupré,saint_germain_beaupre,sa,68.47,75.55,44.98
europe_lau,Saint-Goussaud,saint_goussaud,sa,49.2,71.8,97.07
europe_lau,Saint-Hilaire-la-Plaine,saint_hilaire_la_plaine,sa,65.67,74.11,79.98
europe_lau,Saint-Hilaire-le-Château,saint_hilaire_le_chateau,sa,43.42,66.18,58.98
europe_lau,Saint-Julien-la-Genête,saint_julien_la_genete,sa,50.09,59.48,48.32
europe_lau,Saint-Julien-le-Châtel,saint_julien_le_chatel,sa,37.84,55.68,3.35
europe_lau,Saint-Junien-la-Bregère,saint_junien_la_bregere,sa,56.52,62.23,72.82
europe_lau,Saint-Laurent,saint_laurent,sa,51.54,58.12,74.53
europe_lau,Saint-Léger-Bridereix,saint_leger_bridereix,sa,47.53,63.47,88.2
europe_lau,Saint-Léger-le-Guérétois,saint_leger_le_gueretois,sa,55.07,59.35,60.22
europe_lau,Saint-Loup,saint_loup,sa,64.73,72.46,36.28
europe_lau,Saint-Maixant,saint_maixant,sa,22.76,41.05,58.41
europe_lau,Saint-Marc-à-Frongier,saint_marc_a_frongier,sa,49.21,66.08,85.72
europe_lau,Saint-Marc-à-Loubaud,saint_marc_a_loubaud,sa,61.76,68.73,63.02
europe_lau,Saint-Marien,saint_marien,sa,51.28,70.06,8.24
europe_lau,Saint-Martial-le-Mont,saint_martial_le_mont,sa,35.51,44.76,85.9
europe_lau,Saint-Martial-le-Vieux,saint_martial_le_vieux,sa,45.14,64.88,47.25
europe_lau,Saint-Martin-Château,saint_martin_chateau,sa,56.72,65.34,80.41
europe_lau,Saint-Martin-Sainte-Catherine,saint_martin_sainte_catherine,sa,58.63,69.34,46.77
europe_lau,Saint-Maurice-près-Crocq,saint_maurice_pres_crocq,sa,34.62,51.84,61.58
europe_lau,Saint-Maurice-la-Souterraine,saint_maurice_la_souterraine,sa,77.24,75.12,60.94
europe_lau,Saint-Médard-la-Rochette,saint_medard_la_rochette,sa,50.06,70.45,60.63
europe_lau,Saint-Merd-la-Breuille,saint_merd_la_breuille,sa,56.22,69.89,38.96
europe_lau,Saint-Michel-de-Veisse,saint_michel_de_veisse,sa,39.97,62.19,50.55
europe_lau,Saint-Moreil,saint_moreil,sa,54.21,61.69,53.06
europe_lau,Saint-Oradoux-de-Chirouze,saint_oradoux_de_chirouze,sa,51.81,68.9,17.26
europe_lau,Santed,santed,sa,40.44,53.54,43.79
europe_lau,Sástago,sastago,sa,49.23,57.52,39.35
europe_lau,Sabiñán,sabinan,sa,42.36,70.28,-48.74
europe_lau,Saint-Pierre-du-Jonquet,saint_pierre_du_jonquet,sa,46.27,60.58,69.45
europe_lau,Saint-Pierre-du-Mont,saint_pierre_du_mont,sa,33.53,71.64,98.76
europe_lau,Saint-Pierre-en-Auge,saint_pierre_en_auge,sa,52.23,61.2,82.32
europe_lau,Saint-Rémy,saint_remy,sa,63.37,67.65,58.82
europe_lau,Saint-Samson,saint_samson,sa,48.56,63.51,30.09
europe_lau,Saint-Sylvain,saint_sylvain,sa,46.74,67.99,31.16
europe_lau,Saint-Vaast-en-Auge,saint_vaast_en_auge,sa,58.31,72.7,61.66
europe_lau,Saint-Vaast-sur-Seulles,saint_vaast_sur_seulles,sa,41.46,69.75,65.27
europe_lau,Saint-Vigor-le-Grand,saint_vigor_le_grand,sa,49.92,66.04,87.04
europe_lau,Sallen,sallen,sa,42.59,47.74,60.82
europe_lau,Sallenelles,sallenelles,sa,47.18,57.65,26.88
europe_lau,Sannerville,sannerville,sa,29.6,57.1,-0.71
europe_lau,Saon,saon,sa,20.53,48.11,98.3
europe_lau,Saonnet,saonnet,sa,27.17,58.6,68.69
europe_lau,Sassy,sassy,sa,52.7,74.45,19.83
europe_lau,Sablières,sablieres,sa,50.1,71.02,72.8
europe_lau,Sagnes-et-Goudoulet,sagnes_et_goudoulet,sa,66.11,68.94,63.15
europe_lau,Saint-Agrève,saint_agreve,sa,66.43,70.24,39.15
europe_lau,Saint-Alban-d'Ay,saint_alban_d_ay,sa,59.37,75.4,34.47
europe_lau,Saint-Alban-en-Montagne,saint_alban_en_montagne,sa,37.09,59.3,94.61
europe_lau,Saint-Alban-Auriolles,saint_alban_auriolles,sa,56.03,69.02,20.15
europe_lau,Saint-Andéol-de-Berg,saint_andeol_de_berg,sa,55.13,73.16,66.38
europe_lau,Saint-Andéol-de-Fourchades,saint_andeol_de_fourchades,sa,26.2,57.74,37.23
europe_lau,Saint-Andéol-de-Vals,saint_andeol_de_vals,sa,35.36,48.95,80.92
europe_lau,Saint-André-de-Cruzières,saint_andre_de_cruzieres,sa,69.13,82.37,57.91
europe_lau,Saint-André-en-Vivarais,saint_andre_en_vivarais,sa,43.33,55.95,82.87
europe_lau,Saint-André-Lachamp,saint_andre_lachamp,sa,33.72,58.04,7.47
europe_lau,Saint-Apollinaire-de-Rias,saint_apollinaire_de_rias,sa,24.42,48.34,50.39
europe_lau,Saint-Barthélemy-le-Meil,saint_barthelemy_le_meil,sa,47.73,56.54,19.72
europe_lau,Saint-Barthélemy-Grozon,saint_barthelemy_grozon,sa,51.9,60.15,15.15
europe_lau,Saint-Barthélemy-le-Plain,saint_barthelemy_le_plain,sa,57.53,65.92,53.77
europe_lau,Saint-Basile,saint_basile,sa,54.78,74.8,6.46
europe_lau,Saint-Bauzile,saint_bauzile,sa,58.26,69.2,54.01
europe_lau,Saint-Christol,saint_christol,sa,43.91,65.44,-17.8
europe_lau,Saint-Cierge-la-Serre,saint_cierge_la_serre,sa,51.67,71.93,48.15
europe_lau,Saint-Cierge-sous-le-Cheylard,saint_cierge_sous_le_cheylard,sa,58.9,67.12,54.92
europe_lau,Saint-Cirgues-de-Prades,saint_cirgues_de_prades,sa,34.64,59.19,60.11
europe_lau,Saint-Cirgues-en-Montagne,saint_cirgues_en_montagne,sa,28.1,52.26,45.11
europe_lau,Saint-Clair,saint_clair,sa,52.09,71.91,47.79
europe_lau,Saint-Clément,saint_clement,sa,45.93,67.44,-13.07
europe_lau,Saint-Cyr,saint_cyr,sa,58.27,72.25,70.15
europe_lau,Saint-Oradoux-près-Crocq,saint_oradoux_pres_crocq,sa,57.22,64.15,67.41
europe_lau,Saint-Pardoux-d'Arnet,saint_pardoux_d_arnet,sa,44.2,59.57,69.14
europe_lau,Saint-Pardoux-Morterolles,saint_pardoux_morterolles,sa,43.48,53.65,73.41
europe_lau,Saint-Pardoux-le-Neuf,saint_pardoux_le_neuf,sa,56.95,66.4,36.89
europe_lau,Saint-Pardoux-les-Cards,saint_pardoux_les_cards,sa,52.62,64.25,60.42
europe_lau,Saint-Pierre-Chérignat,saint_pierre_cherignat,sa,40.07,64.4,70.2
europe_lau,Saint-Pierre-Bellevue,saint_pierre_bellevue,sa,62.93,64.63,49.54
europe_lau,Saint-Pierre-le-Bost,saint_pierre_le_bost,sa,49.39,67.35,96.69
europe_lau,Saint-Priest,saint_priest,sa,43.7,61.36,59.51
europe_lau,Saint-Priest-la-Feuille,saint_priest_la_feuille,sa,49.13,61.12,75.97
europe_lau,Saint-Priest-la-Plaine,saint_priest_la_plaine,sa,48.16,67.73,16.02
europe_lau,Saint-Priest-Palus,saint_priest_palus,sa,44.59,53,23.87
europe_lau,Saint-Quentin-la-Chabanne,saint_quentin_la_chabanne,sa,32.29,47.85,89.94
europe_lau,Saint-Sébastien,saint_sebastien,sa,61.74,62.12,61.38
europe_lau,Saint-Silvain-Bas-le-Roc,saint_silvain_bas_le_roc,sa,33.58,58.57,-50.42
europe_lau,Saint-Silvain-Bellegarde,saint_silvain_bellegarde,sa,60.11,64.09,64.07
europe_lau,Saint-Silvain-Montaigut,saint_silvain_montaigut,sa,33.85,46.95,91.54
europe_lau,Saint-Silvain-sous-Toulx,saint_silvain_sous_toulx,sa,38.91,69.69,89.48
europe_lau,Saint-Sulpice-le-Dunois,saint_sulpice_le_dunois,sa,52.41,59.19,51.81
europe_lau,Saint-Sulpice-le-Guérétois,saint_sulpice_le_gueretois,sa,58.47,71.17,80.59
europe_lau,Saint-Michel,saint_michel,sa,43.56,65.22,37.81
europe_lau,Saint-Paul-de-Jarrat,saint_paul_de_jarrat,sa,36.99,66.76,79.67
europe_lau,Saint-Pierre-de-Rivière,saint_pierre_de_riviere,sa,32.05,68.86,26.65
europe_lau,Saint-Quirc,saint_quirc,sa,33.79,57.5,87.93
europe_lau,Saint-Victor-Rouzaud,saint_victor_rouzaud,sa,45.3,61.17,75.62
europe_lau,Saint-Ybars,saint_ybars,sa,47.94,61.96,74.4
europe_lau,Salsein,salsein,sa,40.76,65.83,16.6
europe_lau,Saurat,saurat,sa,50.52,76.75,-6.64
europe_lau,Sautel,sautel,sa,67.71,70.13,64.25
europe_lau,Saverdun,saverdun,sa,58.07,69.28,63.59
europe_lau,Savignac-les-Ormeaux,savignac_les_ormeaux,sa,18.26,57.6,90.72
europe_lau,Saint-André-les-Alpes,saint_andre_les_alpes,sa,25.58,42.18,97.64
europe_lau,Saint-Benoît,saint_benoit,sa,52.79,69.13,72.74
europe_lau,Saint-Léger-du-Gennetey,saint_leger_du_gennetey,sa,44.04,58.01,93.42
europe_lau,Saint-Luc,saint_luc,sa,47.32,66.46,32.46
europe_lau,Saint-Maclou,saint_maclou,sa,43.42,51.44,78.04
europe_lau,Saint-Marcel,saint_marcel,sa,38.54,62.81,55.22
europe_lau,Saint-Mards-de-Blacarville,saint_mards_de_blacarville,sa,47.2,77.15,11.23
europe_lau,Saint-Mards-de-Fresne,saint_mards_de_fresne,sa,55.43,71.87,17.88
europe_lau,Sainte-Marie-de-Vatimesnil,sainte_marie_de_vatimesnil,sa,32.63,65.85,37.65
europe_lau,Sainte-Marthe,sainte_marthe,sa,39.98,66.01,95.12
europe_lau,Saint-Martin-du-Tilleul,saint_martin_du_tilleul,sa,36.01,57.54,77.53
europe_lau,Saint-Martin-la-Campagne,saint_martin_la_campagne,sa,44.94,71.9,-23.53
europe_lau,Saint-Martin-Saint-Firmin,saint_martin_saint_firmin,sa,54.74,72.58,38.82
europe_lau,Saint-Meslin-du-Bosc,saint_meslin_du_bosc,sa,40.32,57.21,84.28
europe_lau,Sainte-Opportune-du-Bosc,sainte_opportune_du_bosc,sa,54.32,68.72,33.18
europe_lau,Sainte-Opportune-la-Mare,sainte_opportune_la_mare,sa,33.16,57.58,-12.06
europe_lau,Sainte-Marie-d'Attez,sainte_marie_d_attez,sa,33.3,58.48,-57.31
europe_lau,Saint-Ouen-de-Pontcheuil,saint_ouen_de_pontcheuil,sa,41.55,60.18,96.8
europe_lau,Saint-Ouen-de-Thouberville,saint_ouen_de_thouberville,sa,30.83,56.01,-47.02
europe_lau,Saint-Ouen-du-Tilleul,saint_ouen_du_tilleul,sa,22.64,62.74,98.42
europe_lau,Saint-Paul-de-Fourques,saint_paul_de_fourques,sa,59.19,64.94,49.32
europe_lau,Saint-Philbert-sur-Boissey,saint_philbert_sur_boissey,sa,47.11,65.1,50.98
europe_lau,Saint-Philbert-sur-Risle,saint_philbert_sur_risle,sa,50.89,62.56,75.43
europe_lau,Saint-Pierre-de-Bailleul,saint_pierre_de_bailleul,sa,24.09,46.71,16.9
europe_lau,Saint-Pierre-de-Cernières,saint_pierre_de_cernieres,sa,57.94,76.94,-1.57
europe_lau,Saint-Pierre-de-Cormeilles,saint_pierre_de_cormeilles,sa,45.09,61.57,35.4
europe_lau,Saint-Pierre-de-Salerne,saint_pierre_de_salerne,sa,16.53,35.03,31.54
europe_lau,Saint-Pierre-des-Fleurs,saint_pierre_des_fleurs,sa,51.22,70.62,31.32
europe_lau,Saint-Pierre-des-Ifs,saint_pierre_des_ifs,sa,50.06,71.34,-13.07
europe_lau,Saint-Pierre-du-Bosguérard,saint_pierre_du_bosguerard,sa,45.88,69.82,46.41
europe_lau,Saint-Pierre-du-Val,saint_pierre_du_val,sa,49.3,71.02,80.96
europe_lau,Saint-Pierre-du-Vauvray,saint_pierre_du_vauvray,sa,43.78,56.31,71.08
europe_lau,Saint-Pierre-la-Garenne,saint_pierre_la_garenne,sa,42.04,53.52,63.71
europe_lau,Saint-Samson-de-la-Roque,saint_samson_de_la_roque,sa,27.17,47.83,56.2
europe_lau,Saint-Sébastien-de-Morsent,saint_sebastien_de_morsent,sa,61.94,69.24,22.59
europe_lau,Saint-Siméon,saint_simeon,sa,26.69,44.25,78.06
europe_lau,Saint-Sulpice-de-Grimbouville,saint_sulpice_de_grimbouville,sa,38.98,81.95,0.96
europe_lau,Saint-Sylvestre-de-Cormeilles,saint_sylvestre_de_cormeilles,sa,40.35,62.88,-30.11
europe_lau,Saint-Symphorien,saint_symphorien,sa,53.75,80.07,87.01
europe_lau,Saint-Victor-de-Chrétienville,saint_victor_de_chretienville,sa,43.52,73.91,12.78
europe_lau,Saint-Victor-d'Épine,saint_victor_d_epine,sa,64.51,65.67,61.52
europe_lau,Saint-Victor-sur-Avre,saint_victor_sur_avre,sa,32.41,60.73,71.07
europe_lau,Saint-Vigor,saint_vigor,sa,62.94,68.25,45.05
europe_lau,Saint-Vincent-des-Bois,saint_vincent_des_bois,sa,41.26,61.99,80.75
europe_lau,Saint-Vincent-du-Boulay,saint_vincent_du_boulay,sa,36.98,66.18,-61.21
europe_lau,Sancourt,sancourt,sa,60.26,81.7,20.59
europe_lau,Sassey,sassey,sa,35.76,60.09,-29.06
europe_lau,Saussay-la-Campagne,saussay_la_campagne,sa,58.37,70.61,45.72
europe_lau,Sainte-Suzanne,sainte_suzanne,sa,24.68,42.37,-47.97
europe_lau,Sainte-Croix-à-Lauze,sainte_croix_a_lauze,sa,45.86,71.87,57.31
europe_lau,Sainte-Croix-du-Verdon,sainte_croix_du_verdon,sa,58.78,74.81,54.11
europe_lau,Saint-Étienne-les-Orgues,saint_etienne_les_orgues,sa,33.82,73.52,83.23
europe_lau,Saint-Geniez,saint_geniez,sa,41.83,61.57,24.46
europe_lau,Saint-Jacques,saint_jacques,sa,60.99,69.13,66.44
europe_lau,Saint-Jeannet,saint_jeannet,sa,59.14,61.26,56.63
europe_lau,Saint-Julien-d'Asse,saint_julien_d_asse,sa,31.34,43.64,88.64
europe_lau,Saint-Julien-du-Verdon,saint_julien_du_verdon,sa,30.84,68.89,89.28
europe_lau,Saint-Jurs,saint_jurs,sa,52.89,66.68,8.97
europe_lau,Saint-Laurent-du-Verdon,saint_laurent_du_verdon,sa,54.27,70.86,83.51
europe_lau,Saint-Lions,saint_lions,sa,63.97,68.75,57.94
europe_lau,Saint-Maime,saint_maime,sa,48.54,66.64,87.27
europe_lau,Saint-Martin-de-Brômes,saint_martin_de_bromes,sa,37.5,58.49,35.22
europe_lau,Saint-Martin-les-Eaux,saint_martin_les_eaux,sa,47.74,63.67,92.47
europe_lau,Saint-Martin-lès-Seyne,saint_martin_les_seyne,sa,43.62,58.43,88.3
europe_lau,Saint-Michel-l'Observatoire,saint_michel_l_observatoire,sa,49.16,57.72,82.54
europe_lau,Saint-Paul-sur-Ubaye,saint_paul_sur_ubaye,sa,33.39,61.39,43.63
europe_lau,Saint-Pierre,saint_pierre,sa,30.95,58.98,67.63
europe_lau,Saint-Pons,saint_pons,sa,70.21,77.07,76.55
europe_lau,Sainte-Tulle,sainte_tulle,sa,46.44,62.28,33.25
europe_lau,Saint-Vincent-sur-Jabron,saint_vincent_sur_jabron,sa,34.69,52.94,78.06
europe_lau,Salignac,salignac,sa,54.46,74.92,48.37
europe_lau,Santa Maria in Calanca,santa_maria_in_calanca,sa,25.67,57.62,91.74
europe_lau,Saint-Désirat,saint_desirat,sa,40.02,63.64,8.42
europe_lau,Saint-Sulpice-les-Champs,saint_sulpice_les_champs,sa,39.17,44.76,60.99
europe_lau,Saint-Vaury,saint_vaury,sa,57.14,69.43,68.09
europe_lau,Saint-Victor-en-Marche,saint_victor_en_marche,sa,58.22,67.02,55.22
europe_lau,Saint-Yrieix-la-Montagne,saint_yrieix_la_montagne,sa,41.83,61.73,-24.99
europe_lau,Saint-Yrieix-les-Bois,saint_yrieix_les_bois,sa,43.43,67.32,84.94
europe_lau,Safiental,safiental,sa,26.58,58.55,88.1
europe_lau,Saint-Étienne-Cantalès,saint_etienne_cantales,sa,53.09,66.76,75.91
europe_lau,Saint-Étienne-de-Carlat,saint_etienne_de_carlat,sa,49.58,68.01,29.77
europe_lau,Saint-Étienne-de-Maurs,saint_etienne_de_maurs,sa,33.81,44.81,10.21
europe_lau,Saint-Étienne-de-Chomeil,saint_etienne_de_chomeil,sa,57.92,69.61,50.41
europe_lau,Sainte-Eulalie,sainte_eulalie,sa,60.22,69.67,66.7
europe_lau,Saint-Flour,saint_flour,sa,36.44,44.53,70.43
europe_lau,Saint-Georges,saint_georges,sa,50.18,55.49,72.92
europe_lau,Saint-Gérons,saint_gerons,sa,47.53,53.54,37.35
europe_lau,Saint-Hippolyte,saint_hippolyte,sa,38.92,52.87,50.44
europe_lau,Saint-Illide,saint_illide,sa,54.44,62.17,44.76
europe_lau,Saint-Jacques-des-Blats,saint_jacques_des_blats,sa,64.08,68.75,59.96
europe_lau,Saint-Julien-de-Toursac,saint_julien_de_toursac,sa,25.76,46.45,83.76
europe_lau,Saint-Mamet-la-Salvetat,saint_mamet_la_salvetat,sa,51.42,53.22,53.17
europe_lau,Sainte-Marie,sainte_marie,sa,49.16,58.83,73.42
europe_lau,Saint-Martial,saint_martial,sa,50.29,56.66,62.79
europe_lau,Saint-Martin-Cantalès,saint_martin_cantales,sa,34.14,66.71,-14.71
europe_lau,Saint-Martin-sous-Vigouroux,saint_martin_sous_vigouroux,sa,16.2,42.98,73.4
europe_lau,Saint-Martin-Valmeroux,saint_martin_valmeroux,sa,49.17,64.8,29.23
europe_lau,Saint-Mary-le-Plain,saint_mary_le_plain,sa,46.83,56.05,64.64
europe_lau,Saint-Paul-des-Landes,saint_paul_des_landes,sa,40.41,57.98,62.21
europe_lau,Saint-Paul-de-Salers,saint_paul_de_salers,sa,30.14,63.3,-93.98
europe_lau,Saint-Pierre,saint_pierre,sa,49.18,57.32,34.62
europe_lau,Saint-Poncy,saint_poncy,sa,38.87,56.12,99.53
europe_lau,Saint-Projet-de-Salers,saint_projet_de_salers,sa,23.45,61.11,-97.51
europe_lau,Saint-Rémy-de-Chaudes-Aigues,saint_remy_de_chaudes_aigues,sa,30.84,52.43,95.13
europe_lau,Saint-Santin-Cantalès,saint_santin_cantales,sa,54.32,66.47,61.64
europe_lau,Saint-Didier-sous-Aubenas,saint_didier_sous_aubenas,sa,61.11,76.08,75.53
europe_lau,Saint-Étienne-de-Boulogne,saint_etienne_de_boulogne,sa,72.95,76.45,62.58
europe_lau,Saint-Étienne-de-Fontbellon,saint_etienne_de_fontbellon,sa,38.06,57.45,56.43
europe_lau,Saint-Étienne-de-Lugdarès,saint_etienne_de_lugdares,sa,42.62,63.51,-29
europe_lau,Saint-Étienne-de-Serre,saint_etienne_de_serre,sa,44.73,74.01,34.45
europe_lau,Saint-Étienne-de-Valoux,saint_etienne_de_valoux,sa,33.96,48.05,7.4
europe_lau,Sainte-Eulalie,sainte_eulalie,sa,37.18,54.88,90.73
europe_lau,Saint-Félicien,saint_felicien,sa,31.36,61.44,37.36
europe_lau,Saint-Fortunat-sur-Eyrieux,saint_fortunat_sur_eyrieux,sa,45.01,58.14,78.93
europe_lau,Saint-Genest-de-Beauzon,saint_genest_de_beauzon,sa,33.34,47.93,30.83
europe_lau,Saint-Genest-Lachamp,saint_genest_lachamp,sa,40.31,67.07,-22.2
europe_lau,Saint-Georges-les-Bains,saint_georges_les_bains,sa,48.19,70.54,80.45
europe_lau,Saint-Germain,saint_germain,sa,39.94,59.04,68.9
europe_lau,Saint-Gineys-en-Coiron,saint_gineys_en_coiron,sa,39.37,60.79,99.66
europe_lau,Saint-Jacques-d'Atticieux,saint_jacques_d_atticieux,sa,25.16,61.14,3.47
europe_lau,Saint-Jean-Chambre,saint_jean_chambre,sa,51.7,55.71,41.46
europe_lau,Saint-Jean-de-Muzols,saint_jean_de_muzols,sa,33.15,62.86,45.97
europe_lau,Saint-Jean-le-Centenier,saint_jean_le_centenier,sa,44.85,63.42,94.34
europe_lau,Saint-Jean-Roure,saint_jean_roure,sa,49.06,63.93,61.13
europe_lau,Saint-Jeure-d'Andaure,saint_jeure_d_andaure,sa,54.72,73.47,41.09
europe_lau,Saint-Jeure-d'Ay,saint_jeure_d_ay,sa,53.09,62.74,28.17
europe_lau,Saint-Joseph-des-Bancs,saint_joseph_des_bancs,sa,42.29,57.63,84.13
europe_lau,Saint-Julien-du-Gua,saint_julien_du_gua,sa,28.33,56.59,-80.76
europe_lau,Saint-Julien-du-Serre,saint_julien_du_serre,sa,48.13,53.93,81.62
europe_lau,Saint-Julien-en-Saint-Alban,saint_julien_en_saint_alban,sa,22.13,50.25,46.22
europe_lau,Saint-Julien-le-Roux,saint_julien_le_roux,sa,47.04,69.5,57.32
europe_lau,Saint-Julien-Vocance,saint_julien_vocance,sa,49.01,64.72,38.59
europe_lau,Saint-Just-d'Ardèche,saint_just_d_ardeche,sa,37.83,55.48,62.23
europe_lau,Saint-Lager-Bressac,saint_lager_bressac,sa,58.97,73.37,48.37
europe_lau,Saint-Laurent-du-Pape,saint_laurent_du_pape,sa,53.08,75.83,47.91
europe_lau,Saint-Laurent-les-Bains-Laval-d'Aurelle,saint_laurent_les_bains_laval_d_aurelle,sa,52.47,59.51,55.47
europe_lau,Saint-Laurent-sous-Coiron,saint_laurent_sous_coiron,sa,28.62,57.68,94.25
europe_lau,Saint-Marcel-d'Ardèche,saint_marcel_d_ardeche,sa,41.63,64.22,60.72
europe_lau,Saint-Marcel-lès-Annonay,saint_marcel_les_annonay,sa,41.77,63.73,40.73
europe_lau,Sainte-Marguerite-Lafigère,sainte_marguerite_lafigere,sa,20.28,58.52,86.86
europe_lau,Saint-Martial,saint_martial,sa,52.08,64.9,50.64
europe_lau,Saint-Martin-d'Ardèche,saint_martin_d_ardeche,sa,25.15,68.23,33.11
europe_lau,Saint-Martin-de-Valamas,saint_martin_de_valamas,sa,52.4,67.11,53.36
europe_lau,Saint-Maurice-d'Ardèche,saint_maurice_d_ardeche,sa,32.67,49.53,98.11
europe_lau,Saint-Maurice-d'Ibie,saint_maurice_d_ibie,sa,37.07,59.7,91.57
europe_lau,Saint-Maurice-en-Chalencon,saint_maurice_en_chalencon,sa,63.3,74.92,73.39
europe_lau,Saint-Mélany,saint_melany,sa,54.31,66.97,58.32
europe_lau,Saint-Michel-d'Aurance,saint_michel_d_aurance,sa,39.39,52.8,11.63
europe_lau,Saint-Michel-de-Boulogne,saint_michel_de_boulogne,sa,57.34,65.22,72.37
europe_lau,Saint-Michel-de-Chabrillanoux,saint_michel_de_chabrillanoux,sa,58.41,65.63,34.67
europe_lau,Saint-Montan,saint_montan,sa,41.77,53.9,26.62
europe_lau,Saint-Paul-le-Jeune,saint_paul_le_jeune,sa,60.49,66.14,44.74
europe_lau,Saint-Péray,saint_peray,sa,45.86,62.83,0.23
europe_lau,Saint-Pierre-de-Colombier,saint_pierre_de_colombier,sa,64.57,67.81,44.59
europe_lau,Saint-Pierre-la-Roche,saint_pierre_la_roche,sa,48.79,67.25,15.31
europe_lau,Saint-Pierre-Saint-Jean,saint_pierre_saint_jean,sa,39.7,63.29,94.15
europe_lau,Saint-Pierre-sur-Doux,saint_pierre_sur_doux,sa,56.12,64.74,51.98
europe_lau,Saint-Pierreville,saint_pierreville,sa,58.64,60.71,43.59
europe_lau,Saint-Pons,saint_pons,sa,44.65,71.24,95.73
europe_lau,Saint-Priest,saint_priest,sa,49.09,64.69,8.3
europe_lau,Saint-Privat,saint_privat,sa,54.59,69.46,42.32
europe_lau,Saint-Prix,saint_prix,sa,38.56,54.81,44.9
europe_lau,Saint-Remèze,saint_remeze,sa,58.32,66.71,60.27
europe_lau,Saint-Romain-d'Ay,saint_romain_d_ay,sa,28.25,51.45,-69.26
europe_lau,Saint-Romain-de-Lerps,saint_romain_de_lerps,sa,41.52,64.07,18.87
europe_lau,Saint-Sauveur-de-Cruzières,saint_sauveur_de_cruzieres,sa,68.57,82.21,69.67
europe_lau,Saint-Sauveur-de-Montagut,saint_sauveur_de_montagut,sa,40.79,53.36,-0.84
europe_lau,Saint-Sernin,saint_sernin,sa,27.13,45.86,41.84
europe_lau,Saint-Sylvestre,saint_sylvestre,sa,57.71,68.62,37.99
europe_lau,Saint-Symphorien-sous-Chomérac,saint_symphorien_sous_chomerac,sa,54.13,73.03,90.74
europe_lau,Saint-Symphorien-de-Mahun,saint_symphorien_de_mahun,sa,62.11,75.75,46.47
europe_lau,Saint-Thomé,saint_thome,sa,49.44,65.07,89.33
europe_lau,Saint-Victor,saint_victor,sa,53.35,59.69,56.87
europe_lau,Saint-Vincent-de-Barrès,saint_vincent_de_barres,sa,65.74,70.18,48.5
europe_lau,Saint-Vincent-de-Durfort,saint_vincent_de_durfort,sa,40.45,58.6,95.56
europe_lau,Salavas,salavas,sa,47.49,71.82,-4.83
europe_lau,Sampzon,sampzon,sa,41.55,54.27,74.93
europe_lau,Saint-Santin-de-Maurs,saint_santin_de_maurs,sa,26.42,58.08,-47.29
europe_lau,Saint-Saturnin,saint_saturnin,sa,35.83,51.79,69.29
europe_lau,Saint-Saury,saint_saury,sa,57.72,76.17,79.18
europe_lau,Saint-Simon,saint_simon,sa,41.17,55.27,0.43
europe_lau,Saint-Urcize,saint_urcize,sa,42.68,63.17,88.72
europe_lau,Saint-Victor,saint_victor,sa,35.71,64.33,99.2
europe_lau,Saint-Vincent-de-Salers,saint_vincent_de_salers,sa,36.98,54.6,-14.3
europe_lau,Salers,salers,sa,26.7,42.55,-19.75
europe_lau,Salins,salins,sa,33.31,41.67,50.4
europe_lau,Sansac-de-Marmiesse,sansac_de_marmiesse,sa,59.96,68.04,46.71
europe_lau,Sansac-Veinazès,sansac_veinazes,sa,48.08,66.27,76.61
europe_lau,Sauvat,sauvat,sa,54.45,73.97,35.04
europe_lau,Saumane,saumane,sa,23.51,60.92,99.59
europe_lau,Sausses,sausses,sa,20.02,58.05,31.01
europe_lau,Sadillac,sadillac,sa,53.78,66.54,31.77
europe_lau,Sagelat,sagelat,sa,34.37,59.45,93.19
europe_lau,Saint-Agne,saint_agne,sa,63.76,70.09,68.95
europe_lau,Saint-Amand-de-Vergt,saint_amand_de_vergt,sa,36.73,59.68,97.71
europe_lau,Saint-André-d'Allas,saint_andre_d_allas,sa,43.86,58.04,58.38
europe_lau,Saint-André-de-Double,saint_andre_de_double,sa,53.31,67.15,37.79
europe_lau,Saint-Antoine-de-Breuilh,saint_antoine_de_breuilh,sa,43.57,56.5,21.64
europe_lau,Saint-Aquilin,saint_aquilin,sa,58.23,65.1,57.97
europe_lau,Saint-Astier,saint_astier,sa,57.18,60.84,47.16
europe_lau,Saint-Aubin-de-Cadelech,saint_aubin_de_cadelech,sa,62.51,72.23,53.71
europe_lau,Saint-Aubin-de-Lanquais,saint_aubin_de_lanquais,sa,45.8,60.68,95.41
europe_lau,Saint-Aubin-de-Nabirat,saint_aubin_de_nabirat,sa,55.86,74.11,79.57
europe_lau,Saint Aulaye-Puymangou,saint_aulaye_puymangou,sa,59.5,61.87,31.03
europe_lau,Saint-Avit-de-Vialard,saint_avit_de_vialard,sa,23.55,55.11,97.49
europe_lau,Saint-Avit-Rivière,saint_avit_riviere,sa,42.21,56.64,-1.6
europe_lau,Saint-Avit-Sénieur,saint_avit_senieur,sa,42.15,64.22,20.91
europe_lau,Saint-Barthélemy-de-Bellegarde,saint_barthelemy_de_bellegarde,sa,59.6,63.61,40
europe_lau,Saint-Barthélemy-de-Bussière,saint_barthelemy_de_bussiere,sa,44.02,63.36,78.27
europe_lau,Saint-Capraise-de-Lalinde,saint_capraise_de_lalinde,sa,41.14,75.67,-30.39
europe_lau,Saint-Capraise-d'Eymet,saint_capraise_d_eymet,sa,49.18,56.7,68.12
europe_lau,Saint-Cassien,saint_cassien,sa,55.79,70.8,25.86
europe_lau,Saint-Cernin-de-Labarde,saint_cernin_de_labarde,sa,50.67,53.5,33.97
europe_lau,Saint-Cernin-de-l'Herm,saint_cernin_de_l_herm,sa,64.77,70.86,64.05
europe_lau,Saint-Chamassy,saint_chamassy,sa,38.56,45.58,19.73
europe_lau,Saint-Crépin-d'Auberoche,saint_crepin_d_auberoche,sa,43.8,71,96.04
europe_lau,Saint-Crépin-et-Carlucet,saint_crepin_et_carlucet,sa,60.95,71.93,23.09
europe_lau,Sainte-Croix,sainte_croix,sa,60.46,61.51,74.05
europe_lau,Sainte-Croix-de-Mareuil,sainte_croix_de_mareuil,sa,35.85,64.79,83.69
europe_lau,Saint-Cybranet,saint_cybranet,sa,55.92,67.09,81.72
europe_lau,Saint-Cyprien,saint_cyprien,sa,44.79,61.39,74.08
europe_lau,Saint-Cyr-les-Champagnes,saint_cyr_les_champagnes,sa,56.03,62.99,73.85
europe_lau,Saint-Estèphe,saint_estephe,sa,43.38,64.18,89.11
europe_lau,Saint-Étienne-de-Puycorbier,saint_etienne_de_puycorbier,sa,48.22,65.69,86.47
europe_lau,Sainte-Eulalie-d'Ans,sainte_eulalie_d_ans,sa,42.61,64.29,86.16
europe_lau,Saint-Félix-de-Bourdeilles,saint_felix_de_bourdeilles,sa,48.66,63.73,84.12
europe_lau,Saint-Félix-de-Reillac-et-Mortemart,saint_felix_de_reillac_et_mortemart,sa,57.26,65.24,48.43
europe_lau,Saint-Félix-de-Villadeix,saint_felix_de_villadeix,sa,67.25,72.18,68.26
europe_lau,Sainte-Foy-de-Belvès,sainte_foy_de_belves,sa,39.36,59.92,88.47
europe_lau,Sainte-Foy-de-Longas,sainte_foy_de_longas,sa,53.64,67.21,38.3
europe_lau,Saint-Front-d'Alemps,saint_front_d_alemps,sa,50.9,57.26,64.66
europe_lau,Saint-Front-de-Pradoux,saint_front_de_pradoux,sa,38.28,60.76,93.35
europe_lau,Saint-Front-la-Rivière,saint_front_la_riviere,sa,70.36,71.53,50.83
europe_lau,Saint-Front-sur-Nizonne,saint_front_sur_nizonne,sa,33.59,58.9,86.97
europe_lau,Saint-Geniès,saint_genies,sa,50.21,55.65,56.28
europe_lau,Saint-Georges-Blancaneix,saint_georges_blancaneix,sa,54.56,59.96,66.3
europe_lau,Saint-Georges-de-Montclard,saint_georges_de_montclard,sa,36.99,49.3,23.34
europe_lau,Saint-Géraud-de-Corps,saint_geraud_de_corps,sa,27.68,62.01,-63.66
europe_lau,Saint-Germain-de-Belvès,saint_germain_de_belves,sa,51.99,73.25,5.51
europe_lau,Saint-Germain-des-Prés,saint_germain_des_pres,sa,51.97,67.75,65.21
europe_lau,Saint-Germain-du-Salembre,saint_germain_du_salembre,sa,44.69,64.22,47.27
europe_lau,Saint-Germain-et-Mons,saint_germain_et_mons,sa,42.37,59.02,95.62
europe_lau,Saint-Géry,saint_gery,sa,63.71,66.59,57.78
europe_lau,Saint-Geyrac,saint_geyrac,sa,41.61,56.25,90.86
europe_lau,Saint-Hilaire-d'Estissac,saint_hilaire_d_estissac,sa,53.15,62.22,38.19
europe_lau,Saint-Julien-Innocence-Eulalie,saint_julien_innocence_eulalie,sa,28.28,47.83,-6.08
europe_lau,Saint-Jean-d'Ataux,saint_jean_d_ataux,sa,51.43,59.42,39.72
europe_lau,Saint-Jean-de-Côle,saint_jean_de_cole,sa,53.59,63.35,64.09
europe_lau,Saint-Jean-d'Estissac,saint_jean_d_estissac,sa,64.42,71.75,41.53
europe_lau,Saint-Jory-de-Chalais,saint_jory_de_chalais,sa,45.72,56,88.19
europe_lau,Saint-Jory-las-Bloux,saint_jory_las_bloux,sa,24.45,51.02,56.85
europe_lau,Saint-Julien-de-Lampon,saint_julien_de_lampon,sa,61.75,67.98,43.95
europe_lau,Saint-Just,saint_just,sa,57.73,64.62,68.27
europe_lau,Saint-Laurent-des-Hommes,saint_laurent_des_hommes,sa,47.05,68.79,10.96
europe_lau,Saint-Laurent-des-Vignes,saint_laurent_des_vignes,sa,32.93,53.61,35.05
europe_lau,Saint-Laurent-la-Vallée,saint_laurent_la_vallee,sa,53.04,61.97,29.69
europe_lau,Saint-Léon-d'Issigeac,saint_leon_d_issigeac,sa,51.62,74.53,35.79
europe_lau,Saint-Léon-sur-l'Isle,saint_leon_sur_l_isle,sa,49.92,67.13,20.52
europe_lau,Saint-Léon-sur-Vézère,saint_leon_sur_vezere,sa,33.24,46.47,97.45
europe_lau,Saint-Louis-en-l'Isle,saint_louis_en_l_isle,sa,37.09,58.42,93.35
europe_lau,Saint-Marcel-du-Périgord,saint_marcel_du_perigord,sa,38.31,53.69,48.92
europe_lau,Saint-Marcory,saint_marcory,sa,57.61,67.87,72.73
europe_lau,Saint-Martial-d'Albarède,saint_martial_d_albarede,sa,41.5,69.2,94.05
europe_lau,Saint-Martial-d'Artenset,saint_martial_d_artenset,sa,63.11,71.14,71.1
europe_lau,Sacquenay,sacquenay,sa,57.15,70.34,70.27
europe_lau,Saffres,saffres,sa,34.29,65.4,30.13
europe_lau,Saint-Andeux,saint_andeux,sa,50.73,69.19,81.13
europe_lau,Saint-Anthot,saint_anthot,sa,67.95,75.63,46.68
europe_lau,Saint-Apollinaire,saint_apollinaire,sa,63.15,70.06,65.54
europe_lau,Saint-Aubin,saint_aubin,sa,52.32,66.11,61.62
europe_lau,Saint-Bernard,saint_bernard,sa,43.77,54.87,66.84
europe_lau,Saint-Broing-les-Moines,saint_broing_les_moines,sa,37.84,50.17,18.38
europe_lau,Sainte-Colombe-en-Auxois,sainte_colombe_en_auxois,sa,57.86,76.26,72.69
europe_lau,Sainte-Colombe-sur-Seine,sainte_colombe_sur_seine,sa,33.16,49.49,67.45
europe_lau,Saint-Didier,saint_didier,sa,36.6,55.28,-19.72
europe_lau,Saint-Euphrône,saint_euphrone,sa,52.96,65.49,86.85
europe_lau,Saint-Germain-de-Modéon,saint_germain_de_modeon,sa,32.19,60.56,93.35
europe_lau,Saint-Germain-le-Rocheux,saint_germain_le_rocheux,sa,43.01,53.45,54.49
europe_lau,Saint-Germain-lès-Senailly,saint_germain_les_senailly,sa,49.37,67.1,9.07
europe_lau,Saint-Hélier,saint_helier,sa,32.18,47.47,8.93
europe_lau,Saint-Jean-de-Bœuf,saint_jean_de_boeuf,sa,59.18,74.37,35.69
europe_lau,Saint-Jean-de-Losne,saint_jean_de_losne,sa,36.97,60.55,-23.87
europe_lau,Saint-Julien,saint_julien,sa,48.4,61.15,85.07
europe_lau,Saint-Léger-Triey,saint_leger_triey,sa,54.26,60.26,69.09
europe_lau,Saint-Marc-sur-Seine,saint_marc_sur_seine,sa,42.58,50.72,59.24
europe_lau,Sainte-Marie-la-Blanche,sainte_marie_la_blanche,sa,68.76,67.05,60.68
europe_lau,Sainte-Marie-sur-Ouche,sainte_marie_sur_ouche,sa,57.84,63.64,75.76
europe_lau,Saint-Martin-de-la-Mer,saint_martin_de_la_mer,sa,62.86,68.71,60.49
europe_lau,Saint-Martin-du-Mont,saint_martin_du_mont,sa,62.28,70.28,28.11
europe_lau,Saint-Maurice-sur-Vingeanne,saint_maurice_sur_vingeanne,sa,33.24,60.82,6.98
europe_lau,Saint-Mesmin,saint_mesmin,sa,42.13,48.86,36.48
europe_lau,Saint-Affrique,saint_affrique,sa,46.2,61.71,22.76
europe_lau,Saint-Amans-des-Cots,saint_amans_des_cots,sa,43.18,54.78,39.75
europe_lau,Saint-André-de-Najac,saint_andre_de_najac,sa,46.92,66.58,42.52
europe_lau,Saint-André-de-Vézines,saint_andre_de_vezines,sa,59.04,73.52,16.34
europe_lau,Saint-Beaulize,saint_beaulize,sa,31.85,49.02,-6.46
europe_lau,Saint-Beauzély,saint_beauzely,sa,42.97,59.42,16.47
europe_lau,Saint-Chély-d'Aubrac,saint_chely_d_aubrac,sa,48.14,72.41,46.21
europe_lau,Saint-Christophe-Vallon,saint_christophe_vallon,sa,46.88,56.98,48.74
europe_lau,Saint-Côme-d'Olt,saint_come_d_olt,sa,53.11,66.3,83.29
europe_lau,Sainte-Croix,sainte_croix,sa,39.54,61.12,88.17
europe_lau,Sainte-Eulalie-d'Olt,sainte_eulalie_d_olt,sa,57.46,70.96,54.24
europe_lau,Sainte-Eulalie-de-Cernon,sainte_eulalie_de_cernon,sa,51.34,60.21,56.06
europe_lau,Saint-Félix-de-Lunel,saint_felix_de_lunel,sa,42.04,52.93,30.1
europe_lau,Saint-André-d'Hébertot,saint_andre_d_hebertot,sa,44.77,64.49,18.04
europe_lau,Saint-André-sur-Orne,saint_andre_sur_orne,sa,28.54,51.64,94.52
europe_lau,Saint-Arnoult,saint_arnoult,sa,48.17,71.09,87.69
europe_lau,Saint-Aubin-d'Arquenay,saint_aubin_d_arquenay,sa,58.71,73.63,37.55
europe_lau,Saint-Aubin-des-Bois,saint_aubin_des_bois,sa,70.71,70.48,51.88
europe_lau,Saint-Aubin-sur-Mer,saint_aubin_sur_mer,sa,54.62,74.01,61.98
europe_lau,Saint-Benoît-d'Hébertot,saint_benoit_d_hebertot,sa,46.39,57.04,21.2
europe_lau,Saint-Félix-de-Sorgues,saint_felix_de_sorgues,sa,46.98,70.34,83.98
europe_lau,Saint Geniez d'Olt et d'Aubrac,saint_geniez_d_olt_et_d_aubrac,sa,30.98,67.11,91.85
europe_lau,Saint-Georges-de-Luzençon,saint_georges_de_luzencon,sa,47.87,62.49,20.88
europe_lau,Sanilhac,sanilhac,sa,51.2,65.64,18.99
europe_lau,Sarras,sarras,sa,40.11,47.18,30.93
europe_lau,Satillieu,satillieu,sa,35.14,48.09,76.03
europe_lau,Sagonne,sagonne,sa,52.48,65.9,14.32
europe_lau,Saint-Aignan-des-Noyers,saint_aignan_des_noyers,sa,32.35,71.56,85.29
europe_lau,Saint-Amand-Montrond,saint_amand_montrond,sa,38.77,57.47,-6.58
europe_lau,Saint-Ambroix,saint_ambroix,sa,42.64,66.03,1.17
europe_lau,Saint-Baudel,saint_baudel,sa,45.31,61.65,62.64
europe_lau,Saint-Bouize,saint_bouize,sa,59.61,67.38,61.26
europe_lau,Saint-Caprais,saint_caprais,sa,47.26,54.09,56.74
europe_lau,Saint-Céols,saint_ceols,sa,34.5,53.88,78.87
europe_lau,Saint-Christophe-le-Chaudry,saint_christophe_le_chaudry,sa,46.7,58.43,73.57
europe_lau,Saint-Denis-de-Palin,saint_denis_de_palin,sa,48.81,53.67,68.97
europe_lau,Saint-Doulchard,saint_doulchard,sa,67.61,77.94,62.3
europe_lau,Saint-Éloy-de-Gy,saint_eloy_de_gy,sa,44.86,55.44,46.97
europe_lau,Saint-Florent-sur-Cher,saint_florent_sur_cher,sa,57.26,72.13,56.08
europe_lau,Sainte-Gemme-en-Sancerrois,sainte_gemme_en_sancerrois,sa,51.66,70.65,40.3
europe_lau,Saint-Georges-de-Poisieux,saint_georges_de_poisieux,sa,52.12,61.94,71.36
europe_lau,Saint-Georges-sur-la-Prée,saint_georges_sur_la_pree,sa,52.9,65.24,50.49
europe_lau,Saint-Georges-sur-Moulon,saint_georges_sur_moulon,sa,44.27,50.22,45.45
europe_lau,Saint-Germain-des-Bois,saint_germain_des_bois,sa,56.14,62.81,67.17
europe_lau,Saint-Germain-du-Puy,saint_germain_du_puy,sa,48.27,59.79,23.75
europe_lau,Saint-Hilaire-de-Court,saint_hilaire_de_court,sa,55.34,61.98,47.53
europe_lau,Saint-Hilaire-de-Gondilly,saint_hilaire_de_gondilly,sa,31.56,58.8,99.21
europe_lau,Saint-Hilaire-en-Lignières,saint_hilaire_en_lignieres,sa,48.18,59.1,77.93
europe_lau,Saint-Jeanvrin,saint_jeanvrin,sa,51.57,63.03,75.15
europe_lau,Saint-Just,saint_just,sa,48.03,72.4,76.48
europe_lau,Saint-Laurent,saint_laurent,sa,28.85,59.56,25.62
europe_lau,Saint-Léger-le-Petit,saint_leger_le_petit,sa,48.79,74.88,23.85
europe_lau,Saint-Loup-des-Chaumes,saint_loup_des_chaumes,sa,56.39,65.38,23.21
europe_lau,Saint-Martin-d'Auxigny,saint_martin_d_auxigny,sa,55.91,66.62,63.85
europe_lau,Saint-Martin-des-Champs,saint_martin_des_champs,sa,55.08,70.06,65.94
europe_lau,Saint-Maur,saint_maur,sa,48.11,67.19,86.77
europe_lau,Saint-Michel-de-Volangis,saint_michel_de_volangis,sa,52.61,68.89,74.64
europe_lau,Sainte-Montaine,sainte_montaine,sa,34.72,47.43,15.59
europe_lau,Saint-Outrille,saint_outrille,sa,55.02,77.61,50.28
europe_lau,Saint-Palais,saint_palais,sa,59.46,67.87,80.96
europe_lau,Saint-Côme-de-Fresné,saint_come_de_fresne,sa,34.79,64.39,89.57
europe_lau,Saint-Contest,saint_contest,sa,62.34,79.11,41.4
europe_lau,Sainte-Croix-sur-Mer,sainte_croix_sur_mer,sa,51.03,63.93,31.94
europe_lau,Saint-Denis-de-Mailloc,saint_denis_de_mailloc,sa,55.37,67.31,55.72
europe_lau,Saint-Denis-de-Méré,saint_denis_de_mere,sa,49.23,66.03,13.13
europe_lau,Saint-Désir,saint_desir,sa,46.51,67.69,94.47
europe_lau,Saint-Étienne-la-Thillaye,saint_etienne_la_thillaye,sa,59.85,70.58,33.29
europe_lau,Saint-Gatien-des-Bois,saint_gatien_des_bois,sa,48.97,61.03,65.39
europe_lau,Saint-Germain-de-Livet,saint_germain_de_livet,sa,53.96,74.41,49.32
europe_lau,Saint-Germain-du-Pert,saint_germain_du_pert,sa,68.78,80.75,65.58
europe_lau,Saint-Germain-la-Blanche-Herbe,saint_germain_la_blanche_herbe,sa,34.36,56.46,-17.9
europe_lau,Saint-Germain-Langot,saint_germain_langot,sa,44.3,65.42,94.88
europe_lau,Saint-Germain-le-Vasson,saint_germain_le_vasson,sa,46.95,59.41,24.47
europe_lau,Sainte-Honorine-de-Ducy,sainte_honorine_de_ducy,sa,47.48,69.93,85.77
europe_lau,Sainte-Honorine-du-Fay,sainte_honorine_du_fay,sa,34.76,59.68,-57.91
europe_lau,Saint-Hymer,saint_hymer,sa,32.57,53.75,94.69
europe_lau,Saint-Jean-de-Livet,saint_jean_de_livet,sa,40.29,71.61,-3.91
europe_lau,Saint-Jouin,saint_jouin,sa,37.43,61.37,24.81
europe_lau,Saint-Julien-sur-Calonne,saint_julien_sur_calonne,sa,51.85,74.02,28.84
europe_lau,Saint-Lambert,saint_lambert,sa,37.7,59.74,-12.97
europe_lau,Saint-Laurent-de-Condel,saint_laurent_de_condel,sa,46.36,52.82,55.74
europe_lau,Saint-Laurent-sur-Mer,saint_laurent_sur_mer,sa,50.86,82.56,81.06
europe_lau,Saint-Léger-Dubosq,saint_leger_dubosq,sa,49.5,59.16,9.33
europe_lau,Saint-Louet-sur-Seulles,saint_louet_sur_seulles,sa,32.79,65.84,69.72
europe_lau,Saint-Loup-Hors,saint_loup_hors,sa,46.12,55.48,53.72
europe_lau,Saint-Manvieu-Norrey,saint_manvieu_norrey,sa,37.46,60.38,39.14
europe_lau,Saint-Marcouf,saint_marcouf,sa,49.75,67.22,19.1
europe_lau,Sainte-Marguerite-d'Elle,sainte_marguerite_d_elle,sa,36.34,50.04,15.18
europe_lau,Sainte-Marie-Outre-l'Eau,sainte_marie_outre_l_eau,sa,24.69,53.16,-79.63
europe_lau,Saint-Martin-aux-Chartrains,saint_martin_aux_chartrains,sa,41.41,59.9,41.39
europe_lau,Saint-Martin-de-Bienfaite-la-Cressonnière,saint_martin_de_bienfaite_la_cressonniere,sa,44.22,64.55,94.18
europe_lau,Saint-Martin-de-Blagny,saint_martin_de_blagny,sa,27.78,49.42,53.62
europe_lau,Saint-Martin-de-Fontenay,saint_martin_de_fontenay,sa,59.35,83.23,44.37
europe_lau,Saint-Martin-de-la-Lieue,saint_martin_de_la_lieue,sa,61.46,67.92,44.62
europe_lau,Saint-Martin-de-Mailloc,saint_martin_de_mailloc,sa,58.41,64.68,50.59
europe_lau,Saint-Martin-de-Mieux,saint_martin_de_mieux,sa,41.27,50.01,53.75
europe_lau,Saint-Martin-des-Entrées,saint_martin_des_entrees,sa,59.56,74.93,70.17
europe_lau,Saint-Omer,saint_omer,sa,38.18,73.54,-13.4
europe_lau,Saint-Ouen-du-Mesnil-Oger,saint_ouen_du_mesnil_oger,sa,46.51,68.83,78
europe_lau,Saint-Ouen-le-Pin,saint_ouen_le_pin,sa,65.42,73.22,40.79
europe_lau,Saint-Pair,saint_pair,sa,57.39,70.38,63.29
europe_lau,Saint-Paul-du-Vernay,saint_paul_du_vernay,sa,41.97,65.02,94.66
europe_lau,Saint-Philbert-des-Champs,saint_philbert_des_champs,sa,32.9,58.58,60.85
europe_lau,Saint-Pierre-Azif,saint_pierre_azif,sa,59.13,79.02,56.35
europe_lau,Saint-Pierre-Canivet,saint_pierre_canivet,sa,20.96,49.96,-8.77
europe_lau,Saint-Pierre-des-Ifs,saint_pierre_des_ifs,sa,56.15,66.51,64.41
europe_lau,Saint-Pierre-du-Bû,saint_pierre_du_bu,sa,52.5,68.85,74.57
europe_lau,Saint-Pierre-du-Fresne,saint_pierre_du_fresne,sa,48.14,61.24,56.63
europe_lau,Saint-Martin (FR),saint_martin_fr,sa,57.92,70.69,57.84
europe_lau,Saint-Martial-de-Nabirat,saint_martial_de_nabirat,sa,65.41,71.37,64.21
europe_lau,Saint-Martial-de-Valette,saint_martial_de_valette,sa,63.01,67.34,48.01
europe_lau,Saint-Martial-Viveyrol,saint_martial_viveyrol,sa,56.11,69.21,69.88
europe_lau,Saint-Martin-de-Fressengeas,saint_martin_de_fressengeas,sa,48.06,60.01,69.85
europe_lau,Saint-Martin-de-Gurson,saint_martin_de_gurson,sa,49.46,66.53,61.66
europe_lau,Saint-Martin-de-Ribérac,saint_martin_de_riberac,sa,49.66,62.55,17.25
europe_lau,Saint-Martin-des-Combes,saint_martin_des_combes,sa,51.36,65.7,27.72
europe_lau,Saint-Martin-l'Astier,saint_martin_l_astier,sa,44.48,66.07,60.28
europe_lau,Saint-Martin-le-Pin,saint_martin_le_pin,sa,47.51,60.96,18.07
europe_lau,Saint-Mayme-de-Péreyrol,saint_mayme_de_pereyrol,sa,44.24,52.66,73.8
europe_lau,Saint-Méard-de-Drône,saint_meard_de_drone,sa,36.71,46.41,35.42
europe_lau,Saint-Méard-de-Gurçon,saint_meard_de_gurcon,sa,52.98,60.8,42.4
europe_lau,Saint-Médard-de-Mussidan,saint_medard_de_mussidan,sa,47.96,54.67,74.89
europe_lau,Saint-Médard-d'Excideuil,saint_medard_d_excideuil,sa,48.25,58.53,75.83
europe_lau,Saint-Mesmin,saint_mesmin,sa,64.28,69.99,41.62
europe_lau,Saint-Michel-de-Double,saint_michel_de_double,sa,53.45,65.3,78.89
europe_lau,Saint-Michel-de-Montaigne,saint_michel_de_montaigne,sa,56.06,66.47,25.88
europe_lau,Saint-Michel-de-Villadeix,saint_michel_de_villadeix,sa,47.28,65.99,95.06
europe_lau,Sainte-Mondane,sainte_mondane,sa,39.44,57.84,82.74
europe_lau,Sainte-Nathalène,sainte_nathalene,sa,50.19,80.09,44.31
europe_lau,Saint-Nexans,saint_nexans,sa,50.18,62.07,49.71
europe_lau,Sainte-Orse,sainte_orse,sa,40.18,59.47,98.31
europe_lau,Saint-Pancrace,saint_pancrace,sa,29.88,46.95,97.19
europe_lau,Saint-Pantaly-d'Excideuil,saint_pantaly_d_excideuil,sa,47.52,71.09,67.45
europe_lau,Saint-Pardoux-de-Drône,saint_pardoux_de_drone,sa,41.85,60.15,82.35
europe_lau,Saint-Pardoux-et-Vielvic,saint_pardoux_et_vielvic,sa,43.82,66.4,79.78
europe_lau,Saint-Pardoux-la-Rivière,saint_pardoux_la_riviere,sa,39.18,55.03,14.13
europe_lau,Saint-Paul-de-Serre,saint_paul_de_serre,sa,43.6,66.78,90.6
europe_lau,Saint-Paul-la-Roche,saint_paul_la_roche,sa,61.46,66.88,66.96
europe_lau,Saint-Paul-Lizonne,saint_paul_lizonne,sa,55.96,74.97,84.25
europe_lau,Saint-Perdoux,saint_perdoux,sa,54.46,64.34,11.22
europe_lau,Saint-Pierre-de-Chignac,saint_pierre_de_chignac,sa,55.4,66.55,83.36
europe_lau,Saint-Pierre-de-Côle,saint_pierre_de_cole,sa,44.48,52.76,65.88
europe_lau,Saint-Pierre-de-Frugie,saint_pierre_de_frugie,sa,67.61,73.38,65.59
europe_lau,Saint-Pierre-d'Eyraud,saint_pierre_d_eyraud,sa,45.96,62.07,94.63
europe_lau,Saint-Pompont,saint_pompont,sa,43.62,66.15,92.83
europe_lau,Saint-Priest-les-Fougères,saint_priest_les_fougeres,sa,56.64,71.27,63.06
europe_lau,Saint Privat en Périgord,saint_privat_en_perigord,sa,59.41,71.64,41.05
europe_lau,Saint-Rabier,saint_rabier,sa,47.17,63.22,40.39
europe_lau,Sainte-Radegonde,sainte_radegonde,sa,52.82,70.33,15.82
europe_lau,Saint-Raphaël,saint_raphael,sa,55.88,69.77,44.14
europe_lau,Saint-Rémy,saint_remy,sa,48.55,60.06,17.48
europe_lau,Saint-Romain-de-Monpazier,saint_romain_de_monpazier,sa,35.35,65.22,-46.99
europe_lau,Saint-Romain-et-Saint-Clément,saint_romain_et_saint_clement,sa,34.4,62.13,93.59
europe_lau,Saint-Saud-Lacoussière,saint_saud_lacoussiere,sa,43.79,60.89,96.27
europe_lau,Saint-Sauveur,saint_sauveur,sa,44.55,54.84,20.82
europe_lau,Saint-Sauveur-Lalande,saint_sauveur_lalande,sa,47.29,64.02,90.63
europe_lau,Saint-Seurin-de-Prats,saint_seurin_de_prats,sa,43.31,59.14,16.08
europe_lau,Saint-Séverin-d'Estissac,saint_severin_d_estissac,sa,54.61,61.24,45.39
europe_lau,Saint-Sulpice-de-Roumagnac,saint_sulpice_de_roumagnac,sa,43.76,65.21,89.86
europe_lau,Saint-Sulpice-d'Excideuil,saint_sulpice_d_excideuil,sa,51.65,67.18,82.26
europe_lau,Sainte-Trie,sainte_trie,sa,44.36,60.15,24.7
europe_lau,Saint-Victor,saint_victor,sa,57.14,68.19,78.99
europe_lau,Saint-Vincent-de-Connezac,saint_vincent_de_connezac,sa,25.17,56,73.68
europe_lau,Saint-Vincent-de-Cosse,saint_vincent_de_cosse,sa,57.66,64.64,53.07
europe_lau,Saint-Vincent-Jalmoutiers,saint_vincent_jalmoutiers,sa,55.53,63.56,71.1
europe_lau,Saint-Vincent-le-Paluel,saint_vincent_le_paluel,sa,46.77,58.61,61.44
europe_lau,Saint-Vincent-sur-l'Isle,saint_vincent_sur_l_isle,sa,61.81,75.11,73.35
europe_lau,Saint-Vivien,saint_vivien,sa,41.26,67.98,99.52
europe_lau,Salagnac,salagnac,sa,49.88,64.76,10.14
europe_lau,Salignac-Eyvigues,salignac_eyvigues,sa,33.31,49.86,25
europe_lau,Salles-de-Belvès,salles_de_belves,sa,52.41,60.15,57.29
europe_lau,Salon,salon,sa,44.08,53.91,58.26
europe_lau,Sarlande,sarlande,sa,46.06,53.62,63.48
europe_lau,Sarlat-la-Canéda,sarlat_la_caneda,sa,29.23,48.7,74.74
europe_lau,Sarliac-sur-l'Isle,sarliac_sur_l_isle,sa,32.39,55.69,69.12
europe_lau,Sarrazac,sarrazac,sa,43.05,61.68,-17.35
europe_lau,Saussignac,saussignac,sa,43.73,55.56,74.85
europe_lau,Savignac-de-Miremont,savignac_de_miremont,sa,52.69,60.35,47.78
europe_lau,Savignac-de-Nontron,savignac_de_nontron,sa,52.55,78.23,23.24
europe_lau,Savignac-Lédrier,savignac_ledrier,sa,43.26,61.71,25.66
europe_lau,Savignac-les-Églises,savignac_les_eglises,sa,44.88,51.59,57.11
europe_lau,Sainte-Croix,sainte_croix,sa,52.14,63.18,30.54
europe_lau,Saint-Nicolas-lès-Cîteaux,saint_nicolas_les_citeaux,sa,41.2,51.93,60.81
europe_lau,Saint-Philibert,saint_philibert,sa,56.36,67.52,83.59
europe_lau,Saint-Pierre-en-Vaux,saint_pierre_en_vaux,sa,58.25,68.52,43.39
europe_lau,Saint-Prix-lès-Arnay,saint_prix_les_arnay,sa,51.86,62.6,53.26
europe_lau,Saint-Rémy,saint_remy,sa,43.2,57.14,73.37
europe_lau,Saint-Romain,saint_romain,sa,52.13,63.18,51.67
europe_lau,Sainte-Sabine,sainte_sabine,sa,40.33,46.34,53.41
europe_lau,Saint-Sauveur,saint_sauveur,sa,49.24,59.17,86.47
europe_lau,Saint-Seine-en-Bâche,saint_seine_en_bache,sa,34.67,62.28,84.38
europe_lau,Saint-Seine-l'Abbaye,saint_seine_l_abbaye,sa,41.93,62.97,41.34
europe_lau,Saint-Seine-sur-Vingeanne,saint_seine_sur_vingeanne,sa,59.37,74.04,51.68
europe_lau,Saint-Symphorien-sur-Saône,saint_symphorien_sur_saone,sa,24.62,52.03,-12.93
europe_lau,Saint-Thibault,saint_thibault,sa,65.82,73.16,31.26
europe_lau,Saint-Usage,saint_usage,sa,33.35,46.92,89.59
europe_lau,Saint-Victor-sur-Ouche,saint_victor_sur_ouche,sa,32.9,52.76,-33.51
europe_lau,Salives,salives,sa,45.09,59.72,86.72
europe_lau,Salmaise,salmaise,sa,38.68,60.48,-0.24
europe_lau,Samerey,samerey,sa,48.23,70.2,-15.98
europe_lau,Santenay,santenay,sa,72.34,77.01,54.33
europe_lau,Santosse,santosse,sa,61.99,80.61,17.6
europe_lau,Saulieu,saulieu,sa,50.99,60.18,48.7
europe_lau,Saulon-la-Chapelle,saulon_la_chapelle,sa,56.48,67.19,74.43
europe_lau,Saulon-la-Rue,saulon_la_rue,sa,42.66,66.88,5.46
europe_lau,Saulx-le-Duc,saulx_le_duc,sa,44.67,55.82,79
europe_lau,Saussey,saussey,sa,65.52,71.34,37.54
europe_lau,Saussy,saussy,sa,43.98,52.29,45.05
europe_lau,Savigny-lès-Beaune,savigny_les_beaune,sa,49.05,66.91,67.95
europe_lau,Savigny-le-Sec,savigny_le_sec,sa,35.94,58.63,36.02
europe_lau,Savigny-sous-Mâlain,savigny_sous_malain,sa,58.93,73.21,49.47
europe_lau,Savilly,savilly,sa,59.98,65.12,44.36
europe_lau,Savoisy,savoisy,sa,40.71,48.48,72.22
europe_lau,Savolles,savolles,sa,48.25,65.56,28.9
europe_lau,Savouges,savouges,sa,45.63,64.95,90.5
europe_lau,Saint-Angel,saint_angel,sa,40.96,54.34,2.7
europe_lau,Saint-Aubin-le-Monial,saint_aubin_le_monial,sa,42.09,59.99,38.6
europe_lau,Saint-Bonnet-de-Four,saint_bonnet_de_four,sa,35.63,54.39,58.77
europe_lau,Saint-Bonnet-de-Rochefort,saint_bonnet_de_rochefort,sa,48.77,62.74,76.13
europe_lau,Saint-Bonnet-Tronçais,saint_bonnet_troncais,sa,43.86,69.36,63.08
europe_lau,Saint-Caprais,saint_caprais,sa,46.24,56.04,31.53
europe_lau,Saint-Christophe,saint_christophe,sa,33.09,54.24,85.91
europe_lau,Saint-Clément,saint_clement,sa,57.81,65.15,70.56
europe_lau,Saint-Désiré,saint_desire,sa,32.24,66.44,-53.91
europe_lau,Saint-Didier-en-Donjon,saint_didier_en_donjon,sa,50.31,62.94,11.79
europe_lau,Saint-Didier-la-Forêt,saint_didier_la_foret,sa,69.21,72.64,67.6
europe_lau,Saint-Éloy-d'Allier,saint_eloy_d_allier,sa,48.14,54.67,29.12
europe_lau,Saint-Ennemond,saint_ennemond,sa,70.4,69.6,46.25
europe_lau,Saint-André-d'Embrun,saint_andre_d_embrun,sa,41.12,47.25,26.2
europe_lau,Saint-André-de-Rosans,saint_andre_de_rosans,sa,50.94,58.97,46.41
europe_lau,Saint-Apollinaire,saint_apollinaire,sa,39.39,64.73,81.3
europe_lau,Saint-Auban-d'Oze,saint_auban_d_oze,sa,38.64,58.77,78.23
europe_lau,Saint-Bonnet-en-Champsaur,saint_bonnet_en_champsaur,sa,63.38,67.18,64.56
europe_lau,Saint-Chaffrey,saint_chaffrey,sa,45.43,58.97,55.87
europe_lau,Saint-Clément-sur-Durance,saint_clement_sur_durance,sa,17.09,41.12,84.21
europe_lau,Sainte-Colombe,sainte_colombe,sa,46.4,65.09,12.58
europe_lau,Saint-Crépin,saint_crepin,sa,37.75,70.79,59.95
europe_lau,Saint-Étienne-le-Laus,saint_etienne_le_laus,sa,40.24,58.22,80.31
europe_lau,Saint-Firmin,saint_firmin,sa,53.35,71.11,15.82
europe_lau,Saint-Jacques-en-Valgodemard,saint_jacques_en_valgodemard,sa,50.96,79.05,12.43
europe_lau,Saint-Jean-Saint-Nicolas,saint_jean_saint_nicolas,sa,56.8,67.55,55.13
europe_lau,Saint-Julien-en-Beauchêne,saint_julien_en_beauchene,sa,44.24,53.12,15.99
europe_lau,Saint-Julien-en-Champsaur,saint_julien_en_champsaur,sa,42.14,63.23,82.89
europe_lau,Saint-Laurent-du-Cros,saint_laurent_du_cros,sa,41.26,68.83,86.52
europe_lau,Saint-Léger-les-Mélèzes,saint_leger_les_melezes,sa,42.82,63.08,-19.39
europe_lau,Saint-Hippolyte,saint_hippolyte,sa,34.84,65.66,49.03
europe_lau,Saint-Igest,saint_igest,sa,54.82,63.54,47.13
europe_lau,Saint-Izaire,saint_izaire,sa,45.95,55.1,36.04
europe_lau,Saint-Jean-d'Alcapiès,saint_jean_d_alcapies,sa,52.17,71.01,17.77
europe_lau,Saint-Jean-Delnous,saint_jean_delnous,sa,61.49,75.12,80.73
europe_lau,Saint-Jean-du-Bruel,saint_jean_du_bruel,sa,52.53,66.33,32.06
europe_lau,Saint-Jean-et-Saint-Paul,saint_jean_et_saint_paul,sa,30.06,55.51,-51.29
europe_lau,Saint-Juéry,saint_juery,sa,49.71,57.35,55.48
europe_lau,Sainte-Juliette-sur-Viaur,sainte_juliette_sur_viaur,sa,31.8,52.52,-20.87
europe_lau,Saint-Just-sur-Viaur,saint_just_sur_viaur,sa,42.01,56.1,9.93
europe_lau,Saint-Laurent-de-Lévézou,saint_laurent_de_levezou,sa,35.49,47.69,69.9
europe_lau,Saint-Laurent-d'Olt,saint_laurent_d_olt,sa,46.66,57.97,55.06
europe_lau,Saint-Léons,saint_leons,sa,47.84,71.02,52.73
europe_lau,Saint-Martin-de-Lenne,saint_martin_de_lenne,sa,39.59,56.42,85.09
europe_lau,Saint-Parthem,saint_parthem,sa,41.21,61.79,18.49
europe_lau,Sainte-Radegonde,sainte_radegonde,sa,49.56,63.83,80.47
europe_lau,Saint-Rémy,saint_remy,sa,47.74,72.42,-29.14
europe_lau,Saint-Rome-de-Cernon,saint_rome_de_cernon,sa,51.5,68.17,4.27
europe_lau,Saint-Rome-de-Tarn,saint_rome_de_tarn,sa,63.53,66.54,40.12
europe_lau,Saint-Santin,saint_santin,sa,27.86,46.01,11.24
europe_lau,Saint-Saturnin-de-Lenne,saint_saturnin_de_lenne,sa,59.1,65.5,69.86
europe_lau,Saint-Sernin-sur-Rance,saint_sernin_sur_rance,sa,42.04,57.78,44.32
europe_lau,Saint-Sever-du-Moustier,saint_sever_du_moustier,sa,62.36,68.14,76.16
europe_lau,Saint-Symphorien-de-Thénières,saint_symphorien_de_thenieres,sa,51.3,65.27,1.84
europe_lau,Saint-Victor-et-Melvieu,saint_victor_et_melvieu,sa,48.28,66.05,6.13
europe_lau,Salles-Courbatiès,salles_courbaties,sa,39.45,58.94,96.69
europe_lau,Salles-Curan,salles_curan,sa,46.5,59.3,25.3
europe_lau,Salles-la-Source,salles_la_source,sa,68.16,71.3,61.27
europe_lau,Salmiech,salmiech,sa,35.7,52.69,44.89
europe_lau,Salvagnac-Cajarc,salvagnac_cajarc,sa,50.03,76.14,85.16
europe_lau,Sanvensa,sanvensa,sa,52.91,65.22,57.72
europe_lau,Sauclières,sauclieres,sa,25.95,46.47,42.92
europe_lau,Saujac,saujac,sa,32.2,57.56,95.82
europe_lau,Sauveterre-de-Rouergue,sauveterre_de_rouergue,sa,38.2,65.47,94.97
europe_lau,Savignac,savignac,sa,62.01,68.26,82.61
europe_lau,Saarijärvi,saarijarvi,sa,47.91,56.86,15.64
europe_lau,Salla,salla,sa,26.68,45.26,96.79
europe_lau,Salo,salo,sa,66.43,68.18,61.17
europe_lau,Saltvik,saltvik,sa,63.88,66.9,55.45
europe_lau,Sauvo,sauvo,sa,55.05,65.5,38.86
europe_lau,Savitaipale,savitaipale,sa,36.95,56.16,50.68
europe_lau,Savonlinna,savonlinna,sa,46.33,62.3,86.25
europe_lau,Savukoski,savukoski,sa,55.44,78.02,71.1
europe_lau,Saint-Pierre-les-Bois,saint_pierre_les_bois,sa,72.38,70.49,49.37
europe_lau,Saint-Pierre-les-Étieux,saint_pierre_les_etieux,sa,59.11,68.45,77.64
europe_lau,Saint-Priest-la-Marche,saint_priest_la_marche,sa,56.28,68.53,79.06
europe_lau,Saint-Satur,saint_satur,sa,36.06,56.8,75.21
europe_lau,Saint-Saturnin,saint_saturnin,sa,61.74,69.42,65.21
europe_lau,Sainte-Solange,sainte_solange,sa,64.96,71.81,65.02
europe_lau,Saint-Symphorien,saint_symphorien,sa,50.39,70.8,11.99
europe_lau,Sainte-Thorette,sainte_thorette,sa,41.85,54.67,74.36
europe_lau,Saint-Vitte,saint_vitte,sa,41.91,61.65,-8.35
europe_lau,Sancergues,sancergues,sa,34.1,73.32,93.11
europe_lau,Sancerre,sancerre,sa,54.02,62.4,37.3
europe_lau,Sancoins,sancoins,sa,58.73,59.54,44.93
europe_lau,Santranges,santranges,sa,48.95,66.77,66.54
europe_lau,Saugy,saugy,sa,49.26,82.47,4.57
europe_lau,Saulzais-le-Potier,saulzais_le_potier,sa,58.3,70,32.16
europe_lau,Savigny-en-Sancerre,savigny_en_sancerre,sa,54.65,64.66,75.1
europe_lau,Savigny-en-Septaine,savigny_en_septaine,sa,47.69,66.16,23.2
europe_lau,Saint-Étienne-de-Vicq,saint_etienne_de_vicq,sa,29.43,64.8,80.16
europe_lau,Saint-Fargeol,saint_fargeol,sa,51.91,69.19,3.3
europe_lau,Saint-Félix,saint_felix,sa,43.69,55.9,0.44
europe_lau,Saint-Genest,saint_genest,sa,43.69,69.23,81.81
europe_lau,Saint-Gérand-de-Vaux,saint_gerand_de_vaux,sa,40.7,65.42,44.95
europe_lau,Saint-Gérand-le-Puy,saint_gerand_le_puy,sa,37.18,44.35,61.4
europe_lau,Sablonceaux,sablonceaux,sa,52.49,62.77,57.17
europe_lau,Saint-Agnant,saint_agnant,sa,52.9,62.6,72.83
europe_lau,Saint-Aigulin,saint_aigulin,sa,45.07,61.04,17.89
europe_lau,Saint-André-de-Lidon,saint_andre_de_lidon,sa,48.08,61.25,88.42
europe_lau,Saint-Augustin,saint_augustin,sa,49.12,59.39,45.87
europe_lau,Saint-Bonnet-sur-Gironde,saint_bonnet_sur_gironde,sa,44.98,58.86,13.35
europe_lau,Saint-Bris-des-Bois,saint_bris_des_bois,sa,66.51,72.7,63.02
europe_lau,Saint-Césaire,saint_cesaire,sa,34.57,54.85,70.46
europe_lau,Saint-Christophe,saint_christophe,sa,23.55,37.01,25.43
europe_lau,Saint-Ciers-Champagne,saint_ciers_champagne,sa,46.57,62.93,17.9
europe_lau,Saint-Ciers-du-Taillon,saint_ciers_du_taillon,sa,58.85,59.82,72.21
europe_lau,Saint-Clément-des-Baleines,saint_clement_des_baleines,sa,57.09,69.09,54.62
europe_lau,Sainte-Colombe,sainte_colombe,sa,66.37,79.93,67.01
europe_lau,Saint-Coutant-le-Grand,saint_coutant_le_grand,sa,42.64,61.5,91.26
europe_lau,Saint-Crépin,saint_crepin,sa,61.49,71.56,23.14
europe_lau,Saint-Cyr-du-Doret,saint_cyr_du_doret,sa,42.32,64.28,62.35
europe_lau,Saint-Denis-d'Oléron,saint_denis_d_oleron,sa,43.18,61.18,80.56
europe_lau,Saint-Dizant-du-Bois,saint_dizant_du_bois,sa,44.39,57.74,68.2
europe_lau,Saint-Dizant-du-Gua,saint_dizant_du_gua,sa,49.84,68.3,28.47
europe_lau,Saint-Eugène,saint_eugene,sa,56.4,67.44,73.79
europe_lau,Saint-Félix,saint_felix,sa,43.99,58.7,9.14
europe_lau,Saint-Fort-sur-Gironde,saint_fort_sur_gironde,sa,31.75,71.02,73.3
europe_lau,Saint-Froult,saint_froult,sa,51.79,62.13,64.85
europe_lau,Sainte-Gemme,sainte_gemme,sa,45.26,63.18,56.15
europe_lau,Saint-Genis-de-Saintonge,saint_genis_de_saintonge,sa,34.3,42.45,38.11
europe_lau,Saint-Georges-Antignac,saint_georges_antignac,sa,50.29,55.02,32.55
europe_lau,Saint-Georges-de-Didonne,saint_georges_de_didonne,sa,54.44,58.36,56.23
europe_lau,Saint-Georges-de-Longuepierre,saint_georges_de_longuepierre,sa,54.63,66.99,24.03
europe_lau,Saint-Georges-des-Agoûts,saint_georges_des_agouts,sa,42.26,54.05,83.08
europe_lau,Saint-Georges-des-Coteaux,saint_georges_des_coteaux,sa,45.58,68.18,31.32
europe_lau,Saint-Georges-d'Oléron,saint_georges_d_oleron,sa,38.29,61.54,-37.16
europe_lau,Saint-Georges-du-Bois,saint_georges_du_bois,sa,59.64,66.98,68.13
europe_lau,Saint-Germain-de-Lusignan,saint_germain_de_lusignan,sa,28.81,43.63,70.25
europe_lau,Saint-Pierre-La-Noue,saint_pierre_la_noue,sa,49.95,56.04,75.84
europe_lau,Saint-Germain-de-Vibrac,saint_germain_de_vibrac,sa,55.95,72.45,44.36
europe_lau,Saint-Germain-du-Seudre,saint_germain_du_seudre,sa,65.82,72.53,64.6
europe_lau,Saint-Grégoire-d'Ardennes,saint_gregoire_d_ardennes,sa,39.66,59.94,-1.7
europe_lau,Saint-Hilaire-de-Villefranche,saint_hilaire_de_villefranche,sa,44.23,52.62,18.77
europe_lau,Saint-Hilaire-du-Bois,saint_hilaire_du_bois,sa,34.44,46.06,82.75
europe_lau,Saint-Hippolyte,saint_hippolyte,sa,37.11,56.24,68.32
europe_lau,Saint-Jean-d'Angély,saint_jean_d_angely,sa,33.05,51.24,98.61
europe_lau,Saint-Jean-d'Angle,saint_jean_d_angle,sa,40.88,60.73,27.89
europe_lau,Saint-Jean-de-Liversay,saint_jean_de_liversay,sa,50.5,71.74,97.82
europe_lau,Saint-Julien-de-l'Escap,saint_julien_de_l_escap,sa,50.49,67.85,61.67
europe_lau,Saint-Just-Luzac,saint_just_luzac,sa,49.51,60.18,6.82
europe_lau,Saint-Laurent-de-la-Prée,saint_laurent_de_la_pree,sa,41.9,69.46,80.46
europe_lau,Saint-Léger,saint_leger,sa,47.1,62.46,-2.54
europe_lau,Sainte-Lheurine,sainte_lheurine,sa,57.71,64.98,52.79
europe_lau,Saint-Loup,saint_loup,sa,53.21,63.36,29.22
europe_lau,Saint-Maigrin,saint_maigrin,sa,59,65.83,45.23
europe_lau,Saint-Mandé-sur-Brédoire,saint_mande_sur_bredoire,sa,47.97,68.32,-2.37
europe_lau,Saint-Mard,saint_mard,sa,52.12,73.14,-5.21
europe_lau,Sainte-Marie-de-Ré,sainte_marie_de_re,sa,31.13,60.93,-62.36
europe_lau,Saint-Martial,saint_martial,sa,60.93,68.8,63.24
europe_lau,Safenwil,safenwil,sa,56.49,75.2,40.48
europe_lau,Saint-George,saint_george,sa,53.5,68.79,69.04
europe_lau,Saint-Livres,saint_livres,sa,45.57,77.93,78.58
europe_lau,Sarmenstorf,sarmenstorf,sa,42.2,65.81,41.35
europe_lau,Saint-Martin-de-Queyrières,saint_martin_de_queyrieres,sa,36.03,73.23,74.26
europe_lau,Saint-Maurice-en-Valgodemard,saint_maurice_en_valgodemard,sa,45.33,59.38,33.98
europe_lau,Saint-Pierre-d'Argençon,saint_pierre_d_argencon,sa,58.93,74.49,40.73
europe_lau,Saint-Pierre-Avez,saint_pierre_avez,sa,72.46,74.39,67.3
europe_lau,Saint-Sauveur,saint_sauveur,sa,51.49,58.94,81.59
europe_lau,Saint-Véran,saint_veran,sa,40.36,78.18,0.04
europe_lau,Saléon,saleon,sa,53.91,67.79,64.16
europe_lau,Salérans,salerans,sa,49.79,69.92,43.91
europe_lau,Savines-le-Lac,savines_le_lac,sa,36.17,63.51,91.37
europe_lau,Savournon,savournon,sa,62.83,65.36,54.73
europe_lau,Saint-Martial-de-Mirambeau,saint_martial_de_mirambeau,sa,32.81,53.73,58.46
europe_lau,Saint-Martial-de-Vitaterne,saint_martial_de_vitaterne,sa,47.32,62.82,29.23
europe_lau,Saint-Martial-sur-Né,saint_martial_sur_ne,sa,55.09,68.79,56.85
europe_lau,Saint-Martin-d'Ary,saint_martin_d_ary,sa,40.98,65.95,97.46
europe_lau,Saint-Martin-de-Coux,saint_martin_de_coux,sa,45.96,63.4,92.97
europe_lau,Saint-Martin-de-Juillers,saint_martin_de_juillers,sa,59.55,74.31,87.14
europe_lau,Saint-Martin-de-Ré,saint_martin_de_re,sa,29.74,57.44,-72.94
europe_lau,Saint-Médard,saint_medard,sa,51.91,62.87,44.86
europe_lau,Saint-Médard-d'Aunis,saint_medard_d_aunis,sa,44.84,77.53,4.74
europe_lau,Sainte-Même,sainte_meme,sa,53.27,64.1,38.97
europe_lau,Saint-Nazaire-sur-Charente,saint_nazaire_sur_charente,sa,44.55,66.58,69.58
europe_lau,Saint-Ouen-d'Aunis,saint_ouen_d_aunis,sa,49.21,55.68,51.94
europe_lau,Saint-Ouen-la-Thène,saint_ouen_la_thene,sa,49.6,64.71,83.46
europe_lau,Saint-Palais-de-Négrignac,saint_palais_de_negrignac,sa,38.88,62.65,6.85
europe_lau,Saint-Palais-de-Phiolin,saint_palais_de_phiolin,sa,35.69,53.96,14.65
europe_lau,Saint-Palais-sur-Mer,saint_palais_sur_mer,sa,40.91,61.93,0.63
europe_lau,Saint-Pardoult,saint_pardoult,sa,64.7,79.94,65.02
europe_lau,Saint-Pierre-d'Amilly,saint_pierre_d_amilly,sa,50.1,67.47,53.58
europe_lau,Saint-Pierre-de-Juillers,saint_pierre_de_juillers,sa,60.67,67.56,80.32
europe_lau,Saint-Pierre-de-l'Isle,saint_pierre_de_l_isle,sa,51.62,69.75,65.43
europe_lau,Saint-Oyens,saint_oyens,sa,35.71,54.61,13.8
europe_lau,Saubraz,saubraz,sa,34.38,64.02,56.77
europe_lau,Säkylä,sakyla,sa,39.09,53.99,76.1
europe_lau,Saint-Germain-des-Fossés,saint_germain_des_fosses,sa,41.91,62.16,92.01
europe_lau,Saint-Germain-de-Salles,saint_germain_de_salles,sa,40.1,63.69,12.78
europe_lau,Saint-Hilaire,saint_hilaire,sa,45.33,59.45,79.62
europe_lau,Saint-Léger-sur-Vouzance,saint_leger_sur_vouzance,sa,54.42,70.35,90.36
europe_lau,Saint-Léon,saint_leon,sa,58.44,66.85,78.39
europe_lau,Saint-Léopardin-d'Augy,saint_leopardin_d_augy,sa,60.13,65.95,77.57
europe_lau,Saint-Loup,saint_loup,sa,44.62,64.27,0.42
europe_lau,Saint-Marcel-en-Murat,saint_marcel_en_murat,sa,64.89,73.47,58.51
europe_lau,Saint-Marcel-en-Marcillat,saint_marcel_en_marcillat,sa,40.15,72.58,95.48
europe_lau,Saint-Martin-des-Lais,saint_martin_des_lais,sa,31.8,60.53,73.4
europe_lau,Saint-Martinien,saint_martinien,sa,46.97,68.16,-8.53
europe_lau,Saint-Menoux,saint_menoux,sa,47.23,65.7,16.44
europe_lau,Saint-Nicolas-des-Biefs,saint_nicolas_des_biefs,sa,24.23,46.96,86.5
europe_lau,Saint-Palais,saint_palais,sa,44.85,62.53,93.29
europe_lau,Saint-Pierre-Laval,saint_pierre_laval,sa,39.5,64.61,85.32
europe_lau,Saint-Plaisir,saint_plaisir,sa,65.53,70.77,57.93
europe_lau,Saint-Pont,saint_pont,sa,49.56,54.42,55.26
europe_lau,Saint-Pourçain-sur-Besbre,saint_pourcain_sur_besbre,sa,40.47,55.67,2.47
europe_lau,Saint-Pourçain-sur-Sioule,saint_pourcain_sur_sioule,sa,46.76,58.28,52.78
europe_lau,Saint-Priest-d'Andelot,saint_priest_d_andelot,sa,40.86,64.75,-20.83
europe_lau,Saint-Priest-en-Murat,saint_priest_en_murat,sa,41.06,60.7,8.09
europe_lau,Saint-Rémy-en-Rollat,saint_remy_en_rollat,sa,45.76,67.31,15.67
europe_lau,Saint-Sauvier,saint_sauvier,sa,56.57,71.67,12.74
europe_lau,Saint-Sornin,saint_sornin,sa,61.25,65.23,32.72
europe_lau,Sainte-Thérence,sainte_therence,sa,54.59,65.26,27.69
europe_lau,Saint-Victor,saint_victor,sa,62,74.42,24.12
europe_lau,Saint-Voir,saint_voir,sa,63.4,74.26,59.09
europe_lau,Saint-Yorre,saint_yorre,sa,36.99,53.95,98.83
europe_lau,Saligny-sur-Roudon,saligny_sur_roudon,sa,60.98,66.81,49.64
europe_lau,Sanssat,sanssat,sa,41.25,58.46,37.88
europe_lau,Saulcet,saulcet,sa,66.48,75.35,63.3
europe_lau,Saulzet,saulzet,sa,64.08,77.23,22.05
europe_lau,Sauvagny,sauvagny,sa,41.54,65.07,25.07
europe_lau,Sazeret,sazeret,sa,38.89,56.76,-17.16
europe_lau,Sainte-Agnès,sainte_agnes,sa,41.63,65.95,95.68
europe_lau,Saint-André-de-la-Roche,saint_andre_de_la_roche,sa,56.15,80.98,85.68
europe_lau,Saint-Antonin,saint_antonin,sa,56.45,67.91,50.78
europe_lau,Saint-Auban,saint_auban,sa,43.24,72.14,-33.86
europe_lau,Saint-Blaise,saint_blaise,sa,39.53,66.27,39.89
europe_lau,Saint-Cézaire-sur-Siagne,saint_cezaire_sur_siagne,sa,49.33,69.07,66.4
europe_lau,Saint-Dalmas-le-Selvage,saint_dalmas_le_selvage,sa,46.07,65.07,93.21
europe_lau,Saint-Étienne-de-Tinée,saint_etienne_de_tinee,sa,39.57,53.51,85.15
europe_lau,Saint-Jean-Cap-Ferrat,saint_jean_cap_ferrat,sa,40.21,51.65,80.39
europe_lau,Saint-Jeannet,saint_jeannet,sa,36.35,54.19,61.45
europe_lau,Saint-Laurent-du-Var,saint_laurent_du_var,sa,22.72,59.45,85.18
europe_lau,Saint-Léger,saint_leger,sa,34.86,56.09,7.33
europe_lau,Saint-Martin-d'Entraunes,saint_martin_d_entraunes,sa,44.46,53.16,27.39
europe_lau,Saint-Martin-du-Var,saint_martin_du_var,sa,42,60.8,86.88
europe_lau,Saint-Martin-Vésubie,saint_martin_vesubie,sa,62.54,64.08,46.77
europe_lau,Saint-Sauveur-sur-Tinée,saint_sauveur_sur_tinee,sa,28.4,57.16,98.44
europe_lau,Saint-Vallier-de-Thiey,saint_vallier_de_thiey,sa,60.96,72.41,32.95
europe_lau,Sallagriffon,sallagriffon,sa,51.34,70.98,39.67
europe_lau,Saorge,saorge,sa,24.79,45.31,-26.08
europe_lau,Sauze,sauze,sa,54.51,69.02,4.8
europe_lau,Saint-Andiol,saint_andiol,sa,38.86,53.56,8.91
europe_lau,Saint-Antonin-sur-Bayon,saint_antonin_sur_bayon,sa,51.29,71.46,-8.77
europe_lau,Saint-Cannat,saint_cannat,sa,49.99,71,0.1
europe_lau,Saint-Chamas,saint_chamas,sa,41.02,54.59,26.35
europe_lau,Saint-Estève-Janson,saint_esteve_janson,sa,46.61,74.4,55.25
europe_lau,Saint-Étienne-du-Grès,saint_etienne_du_gres,sa,62.73,69.21,74.65
europe_lau,Saint-Marc-Jaumegarde,saint_marc_jaumegarde,sa,46.38,66.9,38.05
europe_lau,Saintes-Maries-de-la-Mer,saintes_maries_de_la_mer,sa,40.36,62.02,-11.76
europe_lau,Saint-Martin-de-Crau,saint_martin_de_crau,sa,39.13,46.17,79.69
europe_lau,Saint-Mitre-les-Remparts,saint_mitre_les_remparts,sa,51.43,68.94,33.14
europe_lau,Saint-Paul-lès-Durance,saint_paul_les_durance,sa,52.79,65.03,30.13
europe_lau,Saint-Rémy-de-Provence,saint_remy_de_provence,sa,57.3,65.39,35.51
europe_lau,Saint-Savournin,saint_savournin,sa,29.4,55.54,15.85
europe_lau,Saint-Victoret,saint_victoret,sa,39.29,59.85,0.42
europe_lau,Salon-de-Provence,salon_de_provence,sa,37.36,48.54,2.47
europe_lau,Sausset-les-Pins,sausset_les_pins,sa,56.06,67.03,51.85
europe_lau,Sargans,sargans,sa,57.17,71.92,13.45
europe_lau,Sabarat,sabarat,sa,64.31,72.49,46.97
europe_lau,Saint-Amadou,saint_amadou,sa,27.07,57.54,-14.04
europe_lau,Saint-Amans,saint_amans,sa,31.15,62.44,87.04
europe_lau,San Millán de Yécora,san_millan_de_yecora,sa,46.44,66.03,50.07
europe_lau,San Román de Cameros,san_roman_de_cameros,sa,27.63,42,69.23
europe_lau,Santa Coloma,santa_coloma,sa,50.34,66.95,84.05
europe_lau,Santa Engracia del Jubera,santa_engracia_del_jubera,sa,31.21,48.04,73.61
europe_lau,Santa Eulalia Bajera,santa_eulalia_bajera,sa,27.76,75.72,99.99
europe_lau,Santo Domingo de la Calzada,santo_domingo_de_la_calzada,sa,44.43,53.22,80.56
europe_lau,San Torcuato,san_torcuato,sa,22.39,55.59,-39.66
europe_lau,Santurde de Rioja,santurde_de_rioja,sa,44.28,55.53,34.56
europe_lau,Santurdejo,santurdejo,sa,31.71,64.59,92.46
europe_lau,San Vicente de la Sonsierra,san_vicente_de_la_sonsierra,sa,39.41,49.36,83.53
europe_lau,Saint-Bauzeil,saint_bauzeil,sa,57.11,87,9.55
europe_lau,Sainte-Croix-Volvestre,sainte_croix_volvestre,sa,29.83,51.63,37.51
europe_lau,Saint-Félix-de-Rieutord,saint_felix_de_rieutord,sa,67.17,74.31,70.32
europe_lau,Saint-Félix-de-Tournegat,saint_felix_de_tournegat,sa,41.56,67.09,18.45
europe_lau,Sainte-Foi,sainte_foi,sa,52.9,69.38,51.25
europe_lau,Saint-Girons,saint_girons,sa,45.74,52.32,61.74
europe_lau,Saint-Jean-d'Aigues-Vives,saint_jean_d_aigues_vives,sa,60.99,77.06,38.72
europe_lau,Saint-Jean-du-Castillonnais,saint_jean_du_castillonnais,sa,36.11,57.08,99.53
europe_lau,Saint-Jean-de-Verges,saint_jean_de_verges,sa,39.57,68.5,74.02
europe_lau,Saint-Jean-du-Falga,saint_jean_du_falga,sa,41.69,57.24,85.22
europe_lau,Saint-Julien-de-Gras-Capou,saint_julien_de_gras_capou,sa,52.56,68.01,81.76
europe_lau,Saint-Lary,saint_lary,sa,54.05,66.53,73.13
europe_lau,Saint-Lizier,saint_lizier,sa,46.54,61.98,69.64
europe_lau,Saint-Martin-de-Caralp,saint_martin_de_caralp,sa,50.18,62.48,58.48
europe_lau,Saint-Martin-d'Oydes,saint_martin_d_oydes,sa,48.05,53.98,46.4
europe_lau,Saules (BE),saules_be,sa,57.16,64.44,68.54
europe_lau,Salcedillo,salcedillo,sa,50.17,72.76,85.54
europe_lau,Saldón,saldon,sa,71.98,80.57,34.38
europe_lau,Samper de Calanda,samper_de_calanda,sa,56.08,67.04,24.12
europe_lau,San Agustín,san_agustin,sa,42.94,56.95,68.35
europe_lau,San Martín del Río,san_martin_del_rio,sa,27.52,55.75,75.15
europe_lau,Santa Cruz de Nogueras,santa_cruz_de_nogueras,sa,48.28,73.83,51.08
europe_lau,Santa Eulalia,santa_eulalia,sa,32.09,60.2,-18.33
europe_lau,Sarrión,sarrion,sa,52.57,71.45,21.85
europe_lau,Salduero,salduero,sa,36.24,53.76,80.42
europe_lau,San Esteban de Gormaz,san_esteban_de_gormaz,sa,48.18,67.68,89.23
europe_lau,San Felices,san_felices,sa,46.3,64.43,85.68
europe_lau,San Leonardo de Yagüe,san_leonardo_de_yague,sa,45.7,62.67,88.58
europe_lau,San Pedro Manrique,san_pedro_manrique,sa,55.44,61.56,44.14
europe_lau,Santa Cruz de Yanguas,santa_cruz_de_yanguas,sa,50.7,65.3,61.38
europe_lau,Santa María de Huerta,santa_maria_de_huerta,sa,18.01,46.29,93.32
europe_lau,Santa María de las Hoyas,santa_maria_de_las_hoyas,sa,63.51,79.99,67.67
europe_lau,Sacramenia,sacramenia,sa,44.34,59.96,26.51
europe_lau,Samboal,samboal,sa,53.11,60.26,79.08
europe_lau,San Cristóbal de Cuéllar,san_cristobal_de_cuellar,sa,51.06,57.84,37.69
europe_lau,San Cristóbal de la Vega,san_cristobal_de_la_vega,sa,40.24,56.95,5.24
europe_lau,Sanchonuño,sanchonuno,sa,43.08,70.82,3.34
europe_lau,Sangarcía,sangarcia,sa,49.7,65.86,11.81
europe_lau,San Martín y Mudrián,san_martin_y_mudrian,sa,54.15,80.47,21.41
europe_lau,Samos,samos,sa,40.75,49.03,66.45
europe_lau,Sarria,sarria,sa,57.8,67.04,46.53
europe_lau,"Saviñao, O",savinao_o,sa,55.02,63.69,85.46
europe_lau,Sagunto,sagunto,sa,36.39,47.8,77.85
europe_lau,Salem,salem,sa,47.7,70.19,8.02
europe_lau,Sant Joanet,sant_joanet,sa,54.74,84.67,78.46
europe_lau,Sachy,sachy,sa,63.87,72.06,50.51
europe_lau,Sailly,sailly,sa,60.2,66.54,58.04
europe_lau,Saint-Aignan,saint_aignan,sa,51.55,67.31,28.49
europe_lau,Saint-Clément-à-Arnes,saint_clement_a_arnes,sa,45.87,57.55,91.62
europe_lau,Saint-Étienne-à-Arnes,saint_etienne_a_arnes,sa,70.9,79.87,43.58
europe_lau,Saint-Fergeux,saint_fergeux,sa,54.25,64.06,35.1
europe_lau,Saint-Germainmont,saint_germainmont,sa,32.28,53.16,93.98
europe_lau,Saint-Juvin,saint_juvin,sa,41.16,55.8,21.87
europe_lau,Saint-Lambert-et-Mont-de-Jeux,saint_lambert_et_mont_de_jeux,sa,33.97,54.66,32.34
europe_lau,Saint-Laurent,saint_laurent,sa,43.77,53.42,39.89
europe_lau,Saint-Loup-en-Champagne,saint_loup_en_champagne,sa,67.09,76.2,48.99
europe_lau,Saint-Loup-Terrier,saint_loup_terrier,sa,49.97,58.84,39.96
europe_lau,Saint-Marceau,saint_marceau,sa,61.79,81.49,62.64
europe_lau,Saint-Marcel,saint_marcel,sa,46.64,57.26,24.1
europe_lau,Sainte-Marie,sainte_marie,sa,49.84,71.47,0.19
europe_lau,Saint-Menges,saint_menges,sa,32.71,64.34,93.04
europe_lau,Saint-Morel,saint_morel,sa,51.02,59.06,33.35
europe_lau,Saint-Pierre-à-Arnes,saint_pierre_a_arnes,sa,43.22,79.25,96.2
europe_lau,Saint-Pierremont,saint_pierremont,sa,36.5,51.2,75.5
europe_lau,Saint-Pierre-sur-Vence,saint_pierre_sur_vence,sa,26.34,72.54,50.78
europe_lau,Saint-Quentin-le-Petit,saint_quentin_le_petit,sa,58.01,74.19,76.6
europe_lau,Saint-Remy-le-Petit,saint_remy_le_petit,sa,55.41,85.56,90.73
europe_lau,Sainte-Vaubourg,sainte_vaubourg,sa,44.55,70.73,-37.96
europe_lau,Sapogne-sur-Marche,sapogne_sur_marche,sa,51.97,63.61,58.76
europe_lau,Sapogne-et-Feuchères,sapogne_et_feucheres,sa,52.47,66.23,61.19
europe_lau,Saulces-Champenoises,saulces_champenoises,sa,51.65,70.63,80.62
europe_lau,Saulces-Monclin,saulces_monclin,sa,54.16,56.33,64.69
europe_lau,Sault-lès-Rethel,sault_les_rethel,sa,32.1,56.96,35.62
europe_lau,Sault-Saint-Remy,sault_saint_remy,sa,48.61,88.22,90.03
europe_lau,Sauville,sauville,sa,64.45,71.93,30.25
europe_lau,Savigny-sur-Aisne,savigny_sur_aisne,sa,48.17,65.58,60.36
europe_lau,San Miguel de Bernuy,san_miguel_de_bernuy,sa,42.63,59.38,90.77
europe_lau,San Pedro de Gaíllos,san_pedro_de_gaillos,sa,62.8,72.08,56.9
europe_lau,Santa María la Real de Nieva,santa_maria_la_real_de_nieva,sa,32.68,56.56,40.37
europe_lau,Santa Marta del Cerro,santa_marta_del_cerro,sa,47.43,67.66,28.44
europe_lau,Santiuste de Pedraza,santiuste_de_pedraza,sa,34.08,49.9,81.03
europe_lau,Santiuste de San Juan Bautista,santiuste_de_san_juan_bautista,sa,48.71,59.27,43.59
europe_lau,Santo Domingo de Pirón,santo_domingo_de_piron,sa,16.81,59.05,56.94
europe_lau,Saelices el Chico,saelices_el_chico,sa,53.93,61.18,73.21
europe_lau,"Sagrada, La",sagrada_la,sa,41.8,64.16,98.76
europe_lau,Salamanca,salamanca,sa,48.15,56.52,51.93
europe_lau,Saldeana,saldeana,sa,59.28,67.99,57.01
europe_lau,Salmoral,salmoral,sa,52.4,65.07,76.39
europe_lau,Salvatierra de Tormes,salvatierra_de_tormes,sa,47.25,61.84,40.46
europe_lau,San Cristóbal de la Cuesta,san_cristobal_de_la_cuesta,sa,58.71,83.22,83.66
europe_lau,Sancti-Spíritus,sancti_spiritus,sa,30.25,46.04,45.13
europe_lau,Sanchón de la Ribera,sanchon_de_la_ribera,sa,50.17,62.81,77.58
europe_lau,Sanchón de la Sagrada,sanchon_de_la_sagrada,sa,24.6,38.45,96.33
europe_lau,Sanchotello,sanchotello,sa,67.73,70.13,57.49
europe_lau,Sando,sando,sa,43.58,48.54,66.55
europe_lau,San Esteban de la Sierra,san_esteban_de_la_sierra,sa,46.52,65.64,4.9
europe_lau,San Felices de los Gallegos,san_felices_de_los_gallegos,sa,45.11,57.13,83.63
europe_lau,San Martín del Castañar,san_martin_del_castanar,sa,43.43,56.85,7
europe_lau,San Miguel de Valero,san_miguel_de_valero,sa,23.17,41.18,37.53
europe_lau,San Morales,san_morales,sa,47.02,67.66,85.67
europe_lau,San Muñoz,san_munoz,sa,40.17,46.8,74.16
europe_lau,San Pedro del Valle,san_pedro_del_valle,sa,39.13,53.54,88.97
europe_lau,San Pedro de Rozados,san_pedro_de_rozados,sa,52.09,62.52,79.89
europe_lau,San Pelayo de Guareña,san_pelayo_de_guarena,sa,62.43,64.96,42.39
europe_lau,Santa María de Sando,santa_maria_de_sando,sa,37.45,65.79,-3.55
europe_lau,Santa Marta de Tormes,santa_marta_de_tormes,sa,48.62,58.66,67.61
europe_lau,Santiago de la Puebla,santiago_de_la_puebla,sa,43.19,61.39,40.27
europe_lau,Santibáñez de Béjar,santibanez_de_bejar,sa,53.27,67.87,28.93
europe_lau,Santibáñez de la Sierra,santibanez_de_la_sierra,sa,36.73,51.29,3.75
europe_lau,Santiz,santiz,sa,57.06,66.39,57.8
europe_lau,"Santos, Los",santos_los,sa,53.63,75.75,64.35
europe_lau,Sardón de los Frailes,sardon_de_los_frailes,sa,68.29,75.93,68.04
europe_lau,Sabiñánigo,sabinanigo,sa,25.75,43.54,82.61
europe_lau,Sahún,sahun,sa,49.81,56.46,77.67
europe_lau,Salas Altas,salas_altas,sa,36.22,55.94,79.75
europe_lau,Salas Bajas,salas_bajas,sa,63.61,74.91,48.88
europe_lau,Saldaña,saldana,sa,39.87,58.28,56.78
europe_lau,Salinas de Pisuerga,salinas_de_pisuerga,sa,39.88,50.7,82.99
europe_lau,San Cebrián de Campos,san_cebrian_de_campos,sa,38.18,50.17,76.41
europe_lau,San Cebrián de Mudá,san_cebrian_de_muda,sa,42.42,50.65,28.42
europe_lau,San Cristóbal de Boedo,san_cristobal_de_boedo,sa,56.23,63.65,77.23
europe_lau,San Mamés de Campos,san_mames_de_campos,sa,61.59,76.43,35.41
europe_lau,San Román de la Cuba,san_roman_de_la_cuba,sa,43.08,61.47,-12.45
europe_lau,Santa Cecilia del Alcor,santa_cecilia_del_alcor,sa,69.68,80.05,80.56
europe_lau,Santa Cruz de Boedo,santa_cruz_de_boedo,sa,23.7,46.45,26.39
europe_lau,Santervás de la Vega,santervas_de_la_vega,sa,50.28,62.14,68.12
europe_lau,Santibáñez de Ecla,santibanez_de_ecla,sa,37.73,52.3,79.74
europe_lau,Santibáñez de la Peña,santibanez_de_la_pena,sa,37.7,61.67,74.31
europe_lau,Santoyo,santoyo,sa,55.37,60.53,41.37
europe_lau,Sacecorbo,sacecorbo,sa,43.26,52.07,33.75
europe_lau,Sacedón,sacedon,sa,55.33,64.21,75.38
europe_lau,Saelices de la Sal,saelices_de_la_sal,sa,51.33,70.72,62.47
europe_lau,Salmerón,salmeron,sa,63.85,72.17,54.89
europe_lau,San Andrés del Congosto,san_andres_del_congosto,sa,51.6,67.25,80.01
europe_lau,San Andrés del Rey,san_andres_del_rey,sa,30.39,60.42,90.82
europe_lau,Santiuste,santiuste,sa,50.81,75.24,91.24
europe_lau,Saúca,sauca,sa,57.44,73.2,60.86
europe_lau,Sayatón,sayaton,sa,66.91,80.14,69.62
europe_lau,Salillas,salillas,sa,36.65,57.67,26.88
europe_lau,Sallent de Gállego,sallent_de_gallego,sa,55.12,64.24,46.56
europe_lau,San Esteban de Litera,san_esteban_de_litera,sa,49.29,66.9,97.45
europe_lau,Sangarrén,sangarren,sa,53.57,72.8,19.97
europe_lau,San Juan de Plan,san_juan_de_plan,sa,38.69,61.38,96.22
europe_lau,Santa Cilia,santa_cilia,sa,37.14,57.21,76.29
europe_lau,Santa Cruz de la Serós,santa_cruz_de_la_seros,sa,57.45,75.66,59.35
europe_lau,Santaliestra y San Quílez,santaliestra_y_san_quilez,sa,55.43,57.21,70.3
europe_lau,Sariñena,sarinena,sa,43.55,71.21,68.57
europe_lau,San Miguel del Cinca,san_miguel_del_cinca,sa,59.19,75.53,80.51
europe_lau,Santa María de Dulcis,santa_maria_de_dulcis,sa,38.04,68.4,36.52
europe_lau,Santo Tomé del Puerto,santo_tome_del_puerto,sa,42.19,63.59,1.46
europe_lau,Sauquillo de Cabezas,sauquillo_de_cabezas,sa,31.96,59.92,97.99
europe_lau,San Cristóbal de Segovia,san_cristobal_de_segovia,sa,41.61,65.65,28.45
europe_lau,Saanen,saanen,sa,37.22,44.66,76.59
europe_lau,San Antonio de Benagéber,san_antonio_de_benageber,sa,37.87,61.78,64.43
europe_lau,Salàs de Pallars,salas_de_pallars,sa,23.32,48.26,28.76
europe_lau,Sanaüja,sanauja,sa,55,71.58,71.02
europe_lau,Sant Guim de Freixenet,sant_guim_de_freixenet,sa,59.56,65.56,53.49
europe_lau,Sant Llorenç de Morunys,sant_llorenc_de_morunys,sa,72.89,76.3,66.22
europe_lau,Sant Ramon,sant_ramon,sa,49.83,63.81,35.03
europe_lau,Sant Esteve de la Sarga,sant_esteve_de_la_sarga,sa,51.42,72.9,1.43
europe_lau,Sant Guim de la Plana,sant_guim_de_la_plana,sa,43.01,54.36,49.6
europe_lau,Sarroca de Lleida,sarroca_de_lleida,sa,43.45,62.13,92.77
europe_lau,Sarroca de Bellera,sarroca_de_bellera,sa,41.27,57.96,99.76
europe_lau,San Agustín del Guadalix,san_agustin_del_guadalix,sa,41,61.92,79.13
europe_lau,San Fernando de Henares,san_fernando_de_henares,sa,38.28,50.71,9.27
europe_lau,San Lorenzo de El Escorial,san_lorenzo_de_el_escorial,sa,27.93,43.08,19.19
europe_lau,Sattel,sattel,sa,44.5,57.98,27.15
europe_lau,Saucelle,saucelle,sa,49,68.89,-7.47
europe_lau,"Sahugo, El",sahugo_el,sa,45.56,69.56,78.53
europe_lau,Sankt Andrä,sankt_andra,sa,30.13,48.79,-46.13
europe_lau,Salomó,salomo,sa,34.81,59.58,-18.23
europe_lau,Sant Carles de la Ràpita,sant_carles_de_la_rapita,sa,28.87,49.63,-42.51
europe_lau,Sant Jaume dels Domenys,sant_jaume_dels_domenys,sa,50.64,54.59,60.51
europe_lau,Santa Bàrbara,santa_barbara,sa,36.07,63.08,-33.35
europe_lau,Santa Coloma de Queralt,santa_coloma_de_queralt,sa,28.22,47.33,-5.27
europe_lau,Santa Oliva,santa_oliva,sa,45.83,62.37,63.65
europe_lau,Sarral,sarral,sa,56.05,65.35,44.31
europe_lau,Savallà del Comtat,savalla_del_comtat,sa,37.94,66.88,-33.05
europe_lau,Salce,salce,sa,52.97,68.65,85.31
europe_lau,Samir de los Caños,samir_de_los_canos,sa,42.14,67.03,26.7
europe_lau,San Bartolomé,san_bartolome,sa,47.9,67.96,79.11
europe_lau,San Bartolomé de Tirajana,san_bartolome_de_tirajana,sa,51.59,58.25,59.53
europe_lau,Santa Brígida,santa_brigida,sa,40.24,73.5,-5.08
europe_lau,Santa Lucía de Tirajana,santa_lucia_de_tirajana,sa,20.8,45.09,66.27
europe_lau,Santa María de Guía de Gran Canaria,santa_maria_de_guia_de_gran_canaria,sa,24.97,51.62,85.31
europe_lau,Saint-Imier,saint_imier,sa,28.11,56.64,61.7
europe_lau,Sabiote,sabiote,sa,53.88,65.55,21.29
europe_lau,Santa Elena,santa_elena,sa,46.39,63.32,69.76
europe_lau,Santiago de Calatrava,santiago_de_calatrava,sa,65.43,80.8,40.68
europe_lau,Santisteban del Puerto,santisteban_del_puerto,sa,28.23,59.01,98.22
europe_lau,Santo Tomé,santo_tome,sa,14.86,48.43,-184.12
europe_lau,Santiago-Pontones,santiago_pontones,sa,41.2,59.5,54.87
europe_lau,Sada,sada,sa,42.02,71.91,86.26
europe_lau,Saldías,saldias,sa,31.65,50.81,95.87
europe_lau,Salinas de Oro,salinas_de_oro,sa,48.62,57.18,84.56
europe_lau,San Adrián,san_adrian,sa,43.51,70.92,7.01
europe_lau,Sangüesa,sanguesa,sa,32.72,41.92,30.32
europe_lau,San Martín de Unx,san_martin_de_unx,sa,58.15,74.16,56.31
europe_lau,Sansol,sansol,sa,25.43,52.26,87.34
europe_lau,Santacara,santacara,sa,53.76,63.39,19.51
europe_lau,Sarriés,sarries,sa,16.31,48.52,-158.03
europe_lau,Sartaguda,sartaguda,sa,51.08,61.3,84.84
europe_lau,San Agustín del Pozo,san_agustin_del_pozo,sa,56.2,79.57,46.3
europe_lau,San Cebrián de Castro,san_cebrian_de_castro,sa,42.28,55.84,72.72
europe_lau,San Cristóbal de Entreviñas,san_cristobal_de_entrevinas,sa,67.44,75.31,57.68
europe_lau,San Esteban del Molar,san_esteban_del_molar,sa,47.78,57.54,43.02
europe_lau,San Justo,san_justo,sa,41,65.04,55.69
europe_lau,San Martín de Valderaduey,san_martin_de_valderaduey,sa,37,58.35,-8.36
europe_lau,San Miguel de la Ribera,san_miguel_de_la_ribera,sa,58.37,71.49,44.16
europe_lau,San Miguel del Valle,san_miguel_del_valle,sa,28.53,61.79,78.37
europe_lau,San Pedro de Ceque,san_pedro_de_ceque,sa,41.98,63.38,15.1
europe_lau,San Pedro de la Nave-Almendra,san_pedro_de_la_nave_almendra,sa,45.97,60.19,-4.65
europe_lau,Santa Clara de Avedillo,santa_clara_de_avedillo,sa,50.52,67.32,91.41
europe_lau,Santa Colomba de las Monjas,santa_colomba_de_las_monjas,sa,44.22,62.92,27.07
europe_lau,Santa Cristina de la Polvorosa,santa_cristina_de_la_polvorosa,sa,46.91,57.08,78.17
europe_lau,Santa Croya de Tera,santa_croya_de_tera,sa,67.44,73.45,61.2
europe_lau,Santa Eufemia del Barco,santa_eufemia_del_barco,sa,49.7,68.97,27.83
europe_lau,Santa María de la Vega,santa_maria_de_la_vega,sa,47.91,74.28,54.69
europe_lau,Santa María de Valverde,santa_maria_de_valverde,sa,36.54,76.6,94.09
europe_lau,Santibáñez de Tera,santibanez_de_tera,sa,29.54,39.94,30.58
europe_lau,Santibáñez de Vidriales,santibanez_de_vidriales,sa,43.27,57.16,31.54
europe_lau,Santovenia,santovenia,sa,47.57,58.61,58.24
europe_lau,San Vicente de la Cabeza,san_vicente_de_la_cabeza,sa,58.68,68,46.94
europe_lau,San Vitero,san_vitero,sa,53.3,58.37,47.37
europe_lau,Sanzoles,sanzoles,sa,42.43,68.38,69.74
europe_lau,Salteras,salteras,sa,39.01,44.97,66.36
europe_lau,San Juan de Aznalfarache,san_juan_de_aznalfarache,sa,37.1,45.95,72.47
europe_lau,Sanlúcar la Mayor,sanlucar_la_mayor,sa,17.81,32.99,90.89
europe_lau,San Nicolás del Puerto,san_nicolas_del_puerto,sa,57.79,63.19,49.97
europe_lau,Santiponce,santiponce,sa,21.48,42.8,18.18
europe_lau,"Saucejo, El",saucejo_el,sa,54.51,64.51,44.99
europe_lau,Sauge,sauge,sa,37.62,69.12,39.87
europe_lau,San Martín de la Vega,san_martin_de_la_vega,sa,68.13,73.38,40.7
europe_lau,San Martín de Valdeiglesias,san_martin_de_valdeiglesias,sa,40.31,53.5,-10.2
europe_lau,San Sebastián de los Reyes,san_sebastian_de_los_reyes,sa,47.01,53.3,51.76
europe_lau,Santa María de la Alameda,santa_maria_de_la_alameda,sa,41.58,50.03,54.05
europe_lau,Santorcaz,santorcaz,sa,58.13,70.96,87.68
europe_lau,"Santos de la Humosa, Los",santos_de_la_humosa_los,sa,52.58,64.37,16.59
europe_lau,Sant Martí de Riucorb,sant_marti_de_riucorb,sa,35.47,53.42,41.65
europe_lau,San Bartolomé de las Abiertas,san_bartolome_de_las_abiertas,sa,45.25,54.18,44.52
europe_lau,San Martín de Montalbán,san_martin_de_montalban,sa,70.9,76.32,47.01
europe_lau,San Martín de Pusa,san_martin_de_pusa,sa,60.79,70.56,56.66
europe_lau,San Pablo de los Montes,san_pablo_de_los_montes,sa,40.51,52.53,28.13
europe_lau,San Román de los Montes,san_roman_de_los_montes,sa,31.83,45.07,29.71
europe_lau,Santa Ana de Pusa,santa_ana_de_pusa,sa,35.88,52.15,86.48
europe_lau,Santa Cruz de la Zarza,santa_cruz_de_la_zarza,sa,40.84,64.48,97.77
europe_lau,Santa Cruz del Retamar,santa_cruz_del_retamar,sa,33.92,46.94,80.31
europe_lau,Santa Olalla,santa_olalla,sa,50.7,53.56,72.47
europe_lau,Sartajada,sartajada,sa,61.04,71.97,25.08
europe_lau,Santo Domingo-Caudilla,santo_domingo_caudilla,sa,58.86,58.9,57.65
europe_lau,Saint-Aubin (FR),saint_aubin_fr,sa,60.43,76.07,42.48
europe_lau,Saelices de Mayorga,saelices_de_mayorga,sa,69.22,74.65,54.51
europe_lau,Salvador de Zapardiel,salvador_de_zapardiel,sa,59.34,73.4,6.63
europe_lau,San Cebrián de Mazote,san_cebrian_de_mazote,sa,59.29,70.15,32.69
europe_lau,San Llorente,san_llorente,sa,63.58,70.06,50.6
europe_lau,San Martín de Valvení,san_martin_de_valveni,sa,42.89,72.39,-36.29
europe_lau,San Miguel del Arroyo,san_miguel_del_arroyo,sa,43.54,69.21,-13.78
europe_lau,San Miguel del Pino,san_miguel_del_pino,sa,58.56,65.43,27.51
europe_lau,San Pablo de la Moraleja,san_pablo_de_la_moraleja,sa,39.33,60.46,6.15
europe_lau,San Pedro de Latarce,san_pedro_de_latarce,sa,67.37,69.27,69.56
europe_lau,San Pelayo,san_pelayo,sa,51.66,69.74,76.17
europe_lau,San Román de Hornija,san_roman_de_hornija,sa,55.56,66.75,57.2
europe_lau,San Salvador,san_salvador,sa,26.39,70.44,33.94
europe_lau,Santa Eufemia del Arroyo,santa_eufemia_del_arroyo,sa,63.03,70.65,66.55
europe_lau,Santervás de Campos,santervas_de_campos,sa,36.13,56.69,61.58
europe_lau,Santibáñez de Valcorba,santibanez_de_valcorba,sa,41.88,61.63,25.39
europe_lau,San Cristóbal de La Laguna,san_cristobal_de_la_laguna,sa,42.98,46.75,69.48
europe_lau,San Andrés y Sauces,san_andres_y_sauces,sa,46.18,72.34,39.78
europe_lau,San Juan de la Rambla,san_juan_de_la_rambla,sa,22.58,62.91,96.37
europe_lau,San Miguel de Abona,san_miguel_de_abona,sa,27.11,74.26,74.88
europe_lau,San Sebastián de la Gomera,san_sebastian_de_la_gomera,sa,59.49,78.89,63.08
europe_lau,Santa Cruz de la Palma,santa_cruz_de_la_palma,sa,61.56,79.62,27.16
europe_lau,Santa Cruz de Tenerife,santa_cruz_de_tenerife,sa,27,45.03,46.01
europe_lau,Santa Úrsula,santa_ursula,sa,42.75,75.63,70.55
europe_lau,Santiago del Teide,santiago_del_teide,sa,22.59,35.89,-19.29
europe_lau,"Sauzal, El",sauzal_el,sa,33.53,65.8,85.19
europe_lau,Sant Jaume d'Enveja,sant_jaume_d_enveja,sa,25.2,46.29,-60.02
europe_lau,Salou,salou,sa,37.97,64.08,22.21
europe_lau,Salceda de Caselas,salceda_de_caselas,sa,48,57.2,67.91
europe_lau,Salvaterra de Miño,salvaterra_de_mino,sa,33.81,53.75,72.5
europe_lau,Sanxenxo,sanxenxo,sa,51.22,60.46,35.97
europe_lau,San Miguel del Robledo,san_miguel_del_robledo,sa,41.46,68.97,24.72
europe_lau,Saint-André-les-Vergers,saint_andre_les_vergers,sa,43.8,63.98,27.48
europe_lau,Saint-Aubin,saint_aubin,sa,60.8,69.24,71.81
europe_lau,Saint-Benoist-sur-Vanne,saint_benoist_sur_vanne,sa,60.43,68.62,72.44
europe_lau,Saint-Benoît-sur-Seine,saint_benoit_sur_seine,sa,37.84,76.25,48.51
europe_lau,Saint-Christophe-Dodinicourt,saint_christophe_dodinicourt,sa,35.25,68.98,42.87
europe_lau,Saint-Étienne-sous-Barbuise,saint_etienne_sous_barbuise,sa,21.08,51.48,13.77
europe_lau,Saint-Flavy,saint_flavy,sa,51.85,65.88,67.6
europe_lau,Saint-Germain,saint_germain,sa,41.84,56.93,-9.57
europe_lau,Saint-Hilaire-sous-Romilly,saint_hilaire_sous_romilly,sa,41.16,45.99,62.57
europe_lau,Saint-Jean-de-Bonneval,saint_jean_de_bonneval,sa,38.66,76.86,71.77
europe_lau,Saint-Julien-les-Villas,saint_julien_les_villas,sa,69.99,74.8,42.02
europe_lau,Saint-Léger-près-Troyes,saint_leger_pres_troyes,sa,56.63,67.51,50.32
europe_lau,Saint-Léger-sous-Brienne,saint_leger_sous_brienne,sa,33.46,47.07,38.73
europe_lau,Saint-Léger-sous-Margerie,saint_leger_sous_margerie,sa,37.32,73.22,55.63
europe_lau,Saint-Loup-de-Buffigny,saint_loup_de_buffigny,sa,33.48,72.97,81.26
europe_lau,Saint-Lupien,saint_lupien,sa,53.59,60.62,65.26
europe_lau,Saint-Lyé,saint_lye,sa,44.26,77.34,30.1
europe_lau,Saint-Mards-en-Othe,saint_mards_en_othe,sa,43.45,72.57,57.95
europe_lau,Saint-Martin-de-Bossenay,saint_martin_de_bossenay,sa,59.56,68.25,73.42
europe_lau,Safnern,safnern,sa,54.6,68.87,64.62
europe_lau,San Xoán de Río,san_xoan_de_rio,sa,61.22,63.68,66.64
europe_lau,San Amaro,san_amaro,sa,55.7,67.27,64.9
europe_lau,San Cibrao das Viñas,san_cibrao_das_vinas,sa,39.84,48.72,46.15
europe_lau,San Cristovo de Cea,san_cristovo_de_cea,sa,38.73,57.18,82.09
europe_lau,Sandiás,sandias,sa,51.21,63.89,73.99
europe_lau,Sarreaus,sarreaus,sa,46.11,58.1,72.57
europe_lau,Santovenia de Pisuerga,santovenia_de_pisuerga,sa,54.47,63.01,45.02
europe_lau,San Vicente del Palacio,san_vicente_del_palacio,sa,39.35,51.11,75.71
europe_lau,Sardón de Duero,sardon_de_duero,sa,66.8,65.26,38.81
europe_lau,Saignes,saignes,sa,66.01,67.84,62.12
europe_lau,Saint-Amandin,saint_amandin,sa,54.02,67.6,28.82
europe_lau,Saint-Antoine,saint_antoine,sa,49.91,65.8,70.53
europe_lau,Saint-Bonnet-de-Condat,saint_bonnet_de_condat,sa,42.99,55.02,24.17
europe_lau,Saint-Bonnet-de-Salers,saint_bonnet_de_salers,sa,23.23,50.31,-84.18
europe_lau,Saint-Cernin,saint_cernin,sa,44.88,57.05,17.34
europe_lau,Saint-Chamant,saint_chamant,sa,44.85,67.24,-23.22
europe_lau,Saint-Cirgues-de-Jordanne,saint_cirgues_de_jordanne,sa,41.25,53.82,75.76
europe_lau,Saint-Cirgues-de-Malbert,saint_cirgues_de_malbert,sa,48.83,67.45,3.63
europe_lau,Saint-Clément,saint_clement,sa,18.87,50.09,69.29
europe_lau,Saint-Constant-Fournoulès,saint_constant_fournoules,sa,42.05,51.21,13.97
europe_lau,Sajazarra,sajazarra,sa,46.44,70.67,65.05
europe_lau,San Asensio,san_asensio,sa,50.76,54.64,68.06
europe_lau,San Millán de la Cogolla,san_millan_de_la_cogolla,sa,15.9,50.03,95.52
europe_lau,Salares,salares,sa,22.38,59.41,89.49
europe_lau,Sayalonga,sayalonga,sa,44.71,60.53,93.12
europe_lau,Sachseln,sachseln,sa,46.06,61.67,87.5
europe_lau,Sarnen,sarnen,sa,34.37,56.63,-27.78
europe_lau,San Felices de Buelna,san_felices_de_buelna,sa,48.17,70.59,81.99
europe_lau,San Miguel de Aguayo,san_miguel_de_aguayo,sa,64.19,75.78,40.09
europe_lau,San Pedro del Romeral,san_pedro_del_romeral,sa,41.54,64.52,59.49
europe_lau,San Roque de Riomiera,san_roque_de_riomiera,sa,17.83,51.15,91.41
europe_lau,Santa Cruz de Bezana,santa_cruz_de_bezana,sa,33.79,55.85,99.86
europe_lau,Santa María de Cayón,santa_maria_de_cayon,sa,35.32,59.73,-18
europe_lau,Santander,santander,sa,41.36,57.83,4.51
europe_lau,Santillana del Mar,santillana_del_mar,sa,46.09,55.28,42.65
europe_lau,Santiurde de Reinosa,santiurde_de_reinosa,sa,33,59.36,63.67
europe_lau,Santiurde de Toranzo,santiurde_de_toranzo,sa,22.84,54.53,91.46
europe_lau,Santoña,santona,sa,55.64,76.19,16.91
europe_lau,San Vicente de la Barquera,san_vicente_de_la_barquera,sa,37.84,48.67,59.44
europe_lau,Saro,saro,sa,40.27,59.54,-12.81
europe_lau,Saconin-et-Breuil,saconin_et_breuil,sa,54.5,66.72,8.54
europe_lau,Sains-Richaumont,sains_richaumont,sa,42.65,63.87,60.14
europe_lau,Saint-Algis,saint_algis,sa,52.54,68.42,63.65
europe_lau,Saint-Aubin,saint_aubin,sa,45.77,63.18,83.2
europe_lau,Saint-Bandry,saint_bandry,sa,32.16,65.29,-10.48
europe_lau,Saint-Christophe-à-Berry,saint_christophe_a_berry,sa,33.98,65.68,-68.01
europe_lau,Saint-Clément,saint_clement,sa,55.66,74.01,37.74
europe_lau,Sainte-Croix,sainte_croix,sa,70.96,81.64,53.44
europe_lau,Saint-Erme-Outre-et-Ramecourt,saint_erme_outre_et_ramecourt,sa,53.94,62.92,52.53
europe_lau,Sainte-Geneviève,sainte_genevieve,sa,30.13,84.15,88.95
europe_lau,Saint-Gengoulph,saint_gengoulph,sa,32.47,57.96,90.61
europe_lau,Saint-Gobain,saint_gobain,sa,40.57,49.38,24.3
europe_lau,Saint-Gobert,saint_gobert,sa,55.26,72.32,25.59
europe_lau,Saint-Mard,saint_mard,sa,35.28,65.52,87.59
europe_lau,Saint-Martin-Rivière,saint_martin_riviere,sa,51.7,67.69,9.59
europe_lau,Saint-Michel,saint_michel,sa,45.99,74.07,83.35
europe_lau,Saint-Nicolas-aux-Bois,saint_nicolas_aux_bois,sa,34.26,49.54,98.52
europe_lau,Saint-Paul-aux-Bois,saint_paul_aux_bois,sa,50.26,68.59,72.33
europe_lau,Saint-Pierre-Aigle,saint_pierre_aigle,sa,50.13,56.47,62.84
europe_lau,Saint-Pierre-lès-Franqueville,saint_pierre_les_franqueville,sa,32.61,57.2,-12.88
europe_lau,Saint-Pierremont,saint_pierremont,sa,46.93,67.19,94.25
europe_lau,Sainte-Preuve,sainte_preuve,sa,36.43,53.72,36.11
europe_lau,Saint-Quentin,saint_quentin,sa,54.18,57.08,36.35
europe_lau,Saint-Rémy-Blanzy,saint_remy_blanzy,sa,45.21,58.18,53.23
europe_lau,Saint-Simon,saint_simon,sa,48.56,75.68,13.35
europe_lau,Saint-Thibaut,saint_thibaut,sa,42.37,65.08,95.98
europe_lau,Saint-Thomas,saint_thomas,sa,57.15,64.67,74.26
europe_lau,Samoussy,samoussy,sa,41.33,56.12,33.17
europe_lau,Sancy-les-Cheminots,sancy_les_cheminots,sa,39.9,68.91,97.22
europe_lau,Saponay,saponay,sa,43.27,61.23,57.5
europe_lau,Saulchery,saulchery,sa,48.61,60.71,52.03
europe_lau,Savy,savy,sa,69.81,76.41,60.8
europe_lau,Sainte-Maure,sainte_maure,sa,54.71,73.03,68.32
europe_lau,Saint-Mesmin,saint_mesmin,sa,32.04,63.34,16.48
europe_lau,Saint-Nabord-sur-Aube,saint_nabord_sur_aube,sa,28.03,78.57,81.7
europe_lau,Saint-Nicolas-la-Chapelle,saint_nicolas_la_chapelle,sa,69.77,76.54,59.52
europe_lau,Saint-Oulph,saint_oulph,sa,38.06,57.24,1.65
europe_lau,Saint-Parres-aux-Tertres,saint_parres_aux_tertres,sa,35.64,59.76,24.5
europe_lau,Saint-Parres-lès-Vaudes,saint_parres_les_vaudes,sa,41.75,55.73,67.51
europe_lau,Saint-Phal,saint_phal,sa,23.53,44.54,64.52
europe_lau,Saint-Pouange,saint_pouange,sa,50.56,70.55,85.94
europe_lau,Saint-Remy-sous-Barbuise,saint_remy_sous_barbuise,sa,30.62,70.97,-40.03
europe_lau,Sainte-Savine,sainte_savine,sa,29.9,61.32,-96.64
europe_lau,Saint-Thibault,saint_thibault,sa,38.31,68.87,94.23
europe_lau,Saint-Usage,saint_usage,sa,29.78,58.87,-26.01
europe_lau,Salon,salon,sa,34.92,50.1,61.88
europe_lau,San Bartolomé de la Torre,san_bartolome_de_la_torre,sa,71.62,74.12,64.29
europe_lau,San Juan del Puerto,san_juan_del_puerto,sa,19.49,39.32,94.21
europe_lau,Sanlúcar de Guadiana,sanlucar_de_guadiana,sa,35.24,48.73,44.2
europe_lau,San Silvestre de Guzmán,san_silvestre_de_guzman,sa,36.75,75.99,-36.81
europe_lau,Santa Ana la Real,santa_ana_la_real,sa,49.42,63.88,62.95
europe_lau,Santa Bárbara de Casa,santa_barbara_de_casa,sa,39.55,53.36,78.77
europe_lau,Santa Olalla del Cala,santa_olalla_del_cala,sa,40.63,57.31,43.74
europe_lau,Saxeten,saxeten,sa,59.4,73.5,78.23
europe_lau,Sabero,sabero,sa,45.07,65.55,-13.53
europe_lau,Sahagún,sahagun,sa,29.62,54.7,76.07
europe_lau,San Adrián del Valle,san_adrian_del_valle,sa,44.75,74.44,-34.82
europe_lau,San Andrés del Rabanedo,san_andres_del_rabanedo,sa,34.82,66.47,26.71
europe_lau,Sancedo,sancedo,sa,32.9,56.06,97.21
europe_lau,San Cristóbal de la Polantera,san_cristobal_de_la_polantera,sa,39.39,63.45,43.93
europe_lau,San Emiliano,san_emiliano,sa,50.62,54.81,63.84
europe_lau,San Esteban de Nogales,san_esteban_de_nogales,sa,47.86,65.67,63.55
europe_lau,San Justo de la Vega,san_justo_de_la_vega,sa,49.9,68.93,88.24
europe_lau,San Millán de los Caballeros,san_millan_de_los_caballeros,sa,35.54,58.8,-37.73
europe_lau,San Pedro Bercianos,san_pedro_bercianos,sa,49.73,67.32,61.23
europe_lau,Santa Colomba de Curueño,santa_colomba_de_curueno,sa,47.22,69.45,82.73
europe_lau,Santa Colomba de Somoza,santa_colomba_de_somoza,sa,46.53,55.27,25.67
europe_lau,Santa Cristina de Valmadrigal,santa_cristina_de_valmadrigal,sa,56.09,63.73,32.02
europe_lau,Santa Elena de Jamuz,santa_elena_de_jamuz,sa,48.88,64.68,20.9
europe_lau,Santa María de la Isla,santa_maria_de_la_isla,sa,48.87,55.6,76.45
europe_lau,Santa María del Monte de Cea,santa_maria_del_monte_de_cea,sa,51.83,64.84,79.63
europe_lau,Santa María del Páramo,santa_maria_del_paramo,sa,33.86,50.31,9.53
europe_lau,Santa María de Ordás,santa_maria_de_ordas,sa,60.94,73.56,55.27
europe_lau,Santa Marina del Rey,santa_marina_del_rey,sa,51.63,64.18,74.92
europe_lau,Santas Martas,santas_martas,sa,52.99,73.96,37.27
europe_lau,Santiago Millas,santiago_millas,sa,35.91,69.25,75.59
europe_lau,Santovenia de la Valdoncina,santovenia_de_la_valdoncina,sa,55.8,68.54,49.9
europe_lau,Sariegos,sariegos,sa,47.39,53.73,39.06
europe_lau,Saulcy,saulcy,sa,39,67.59,95.36
europe_lau,Savières,savieres,sa,58.68,75.79,61.8
europe_lau,Sagogn,sagogn,sa,28.68,60.16,14.91
europe_lau,Sâles,sales,sa,44.97,56.1,72.68
europe_lau,San Javier,san_javier,sa,46.28,63.67,77.89
europe_lau,San Pedro del Pinatar,san_pedro_del_pinatar,sa,19.47,40.48,65.93
europe_lau,Santomera,santomera,sa,56.71,74.61,67.26
europe_lau,Salas,salas,sa,61.16,64.44,53.3
europe_lau,San Martín del Rey Aurelio,san_martin_del_rey_aurelio,sa,46.69,60.86,83.46
europe_lau,San Martín de Oscos,san_martin_de_oscos,sa,31.39,59.49,94.7
europe_lau,Santa Eulalia de Oscos,santa_eulalia_de_oscos,sa,38.12,63.69,89.46
europe_lau,San Tirso de Abres,san_tirso_de_abres,sa,68.44,73.28,42.96
europe_lau,Santo Adriano,santo_adriano,sa,54.44,73.45,53.77
europe_lau,Sariego,sariego,sa,43.82,60.15,14.7
europe_lau,Sacé,sace,sa,38.11,56.04,88.4
europe_lau,Saint-Aignan-de-Couptrain,saint_aignan_de_couptrain,sa,53.08,70.23,44.86
europe_lau,Saint-Aignan-sur-Roë,saint_aignan_sur_roe,sa,31.18,58.3,-0.84
europe_lau,Saint-Aubin-du-Désert,saint_aubin_du_desert,sa,40.07,59.28,54.05
europe_lau,Saint-Aubin-Fosse-Louvain,saint_aubin_fosse_louvain,sa,58.68,72.42,60.03
europe_lau,Saint-Baudelle,saint_baudelle,sa,49.46,58.63,77.99
europe_lau,Saint-Berthevin,saint_berthevin,sa,52.18,71.21,68.63
europe_lau,Saint-Berthevin-la-Tannière,saint_berthevin_la_tanniere,sa,46.9,55.56,81.27
europe_lau,Saint-Brice,saint_brice,sa,39.18,54.67,94.76
europe_lau,Saint-Calais-du-Désert,saint_calais_du_desert,sa,51.66,70.58,21.25
europe_lau,Saint-Charles-la-Forêt,saint_charles_la_foret,sa,28.48,48.51,-18.55
europe_lau,Saint-Cyr-en-Pail,saint_cyr_en_pail,sa,52.96,61.38,19.28
europe_lau,Saint-Cyr-le-Gravelais,saint_cyr_le_gravelais,sa,54.72,72.78,88.88
europe_lau,Saint-Denis-d'Anjou,saint_denis_d_anjou,sa,39.98,59.12,23.68
europe_lau,Saint-Denis-de-Gastines,saint_denis_de_gastines,sa,45.15,63.03,2.6
europe_lau,Saint-Denis-du-Maine,saint_denis_du_maine,sa,45.12,64.65,43.2
europe_lau,Saint-Ellier-du-Maine,saint_ellier_du_maine,sa,59.04,67.38,41.8
europe_lau,Saint-Erblon,saint_erblon,sa,52.63,78.24,50.2
europe_lau,Saint-Fraimbault-de-Prières,saint_fraimbault_de_prieres,sa,64.33,73.9,72.61
europe_lau,Sainte-Gemmes-le-Robert,sainte_gemmes_le_robert,sa,60.95,69.65,50.8
europe_lau,Saint-Georges-Buttavent,saint_georges_buttavent,sa,58.4,62.14,44.97
europe_lau,Saint-Georges-le-Fléchard,saint_georges_le_flechard,sa,32.87,71.95,12.5
europe_lau,Saint-Georges-sur-Erve,saint_georges_sur_erve,sa,44.53,56.74,11.85
europe_lau,Saint-Germain-d'Anxure,saint_germain_d_anxure,sa,33.76,43.86,84.45
europe_lau,Saint-Germain-de-Coulamer,saint_germain_de_coulamer,sa,46.07,58.69,58.39
europe_lau,Saint-Germain-le-Fouilloux,saint_germain_le_fouilloux,sa,69.01,74.95,29.12
europe_lau,Saint-Germain-le-Guillaume,saint_germain_le_guillaume,sa,57.99,63.83,70.55
europe_lau,Saint-Hilaire-du-Maine,saint_hilaire_du_maine,sa,48.9,65.66,89.68
europe_lau,Saint-Jean-sur-Mayenne,saint_jean_sur_mayenne,sa,34.63,54.7,16.48
europe_lau,Saint-Julien-du-Terroux,saint_julien_du_terroux,sa,37.95,75.31,85.54
europe_lau,Saint-Léger,saint_leger,sa,45.15,64.1,-0.47
europe_lau,Saint-Loup-du-Dorat,saint_loup_du_dorat,sa,46.67,60.69,19.65
europe_lau,Saint-Loup-du-Gast,saint_loup_du_gast,sa,57.76,63.12,62.37
europe_lau,Sainte-Marie-du-Bois,sainte_marie_du_bois,sa,65.12,77.05,34.69
europe_lau,Saint-Mars-du-Désert,saint_mars_du_desert,sa,32.51,45.32,-2.26
europe_lau,Saint-Mars-sur-Colmont,saint_mars_sur_colmont,sa,56.33,68.63,74.26
europe_lau,Saint-Mars-sur-la-Futaie,saint_mars_sur_la_futaie,sa,40.75,67.18,7.87
europe_lau,Saint-Martin-du-Limet,saint_martin_du_limet,sa,58.46,67.45,60.94
europe_lau,Saint-Michel-de-la-Roë,saint_michel_de_la_roe,sa,52.44,72.03,21.29
europe_lau,Saint-Ouën-des-Toits,saint_ouen_des_toits,sa,36.14,59.26,-48.22
europe_lau,Saint-Pierre-des-Landes,saint_pierre_des_landes,sa,45.54,58.37,39.88
europe_lau,Saint-Pierre-des-Nids,saint_pierre_des_nids,sa,46.38,57.22,16.48
europe_lau,Saint-Pierre-la-Cour,saint_pierre_la_cour,sa,50.58,59.6,28.46
europe_lau,Saint-Pierre-sur-Erve,saint_pierre_sur_erve,sa,48.99,60.61,40.83
europe_lau,Saint-Poix,saint_poix,sa,44.05,70.04,-31.49
europe_lau,Saint-Quentin-les-Anges,saint_quentin_les_anges,sa,34.05,59.74,18.85
europe_lau,Saint-Saturnin-du-Limet,saint_saturnin_du_limet,sa,25.43,62.77,-28.52
europe_lau,Sainte-Suzanne-et-Chammes,sainte_suzanne_et_chammes,sa,49.61,62.15,59.14
europe_lau,Saint-Thomas-de-Courceriers,saint_thomas_de_courceriers,sa,42.33,54.14,22.53
europe_lau,Saulges,saulges,sa,25.29,60.86,75.07
europe_lau,Saillant,saillant,sa,52.14,68.18,70.35
europe_lau,Sainte-Agathe,sainte_agathe,sa,50.65,76.44,55.64
europe_lau,Saint-Agoulin,saint_agoulin,sa,44.18,55.2,82.84
europe_lau,Saint-Alyre-d'Arlanc,saint_alyre_d_arlanc,sa,56.5,77.03,64.68
europe_lau,Saint-Alyre-ès-Montagne,saint_alyre_es_montagne,sa,48.33,69.99,75.13
europe_lau,Saint-Amant-Roche-Savine,saint_amant_roche_savine,sa,59.25,70.52,66.66
europe_lau,Saint-Amant-Tallende,saint_amant_tallende,sa,49.99,85.52,97.25
europe_lau,Saint-André-le-Coq,saint_andre_le_coq,sa,50.98,80.82,88.51
europe_lau,Saint-Angel,saint_angel,sa,60.16,71.46,62.9
europe_lau,Saint-Anthème,saint_antheme,sa,47.18,68.29,78.33
europe_lau,Saint-Avit,saint_avit,sa,35.91,60.57,85.46
europe_lau,Saint-Babel,saint_babel,sa,55.97,64.63,38.29
europe_lau,Saint-Beauzire,saint_beauzire,sa,55.77,66.16,82.91
europe_lau,Saint-Bonnet-le-Bourg,saint_bonnet_le_bourg,sa,37.7,48.39,79.93
europe_lau,Saint-Bonnet-le-Chastel,saint_bonnet_le_chastel,sa,44.33,62.34,34.45
europe_lau,Saint-Bonnet-lès-Allier,saint_bonnet_les_allier,sa,52.88,72.9,85.93
europe_lau,Saint-Bonnet-près-Orcival,saint_bonnet_pres_orcival,sa,57.41,63.95,58.18
europe_lau,Saint-Bonnet-près-Riom,saint_bonnet_pres_riom,sa,52.35,67.13,2.48
europe_lau,Sainte-Catherine,sainte_catherine,sa,45.96,58.96,2.01
europe_lau,Sainte-Christine,sainte_christine,sa,50.56,60.63,12.29
europe_lau,Saint-Cirgues-sur-Couze,saint_cirgues_sur_couze,sa,33.86,50.26,94.2
europe_lau,Saint-Clément-de-Valorgue,saint_clement_de_valorgue,sa,44.22,65.68,-22.2
europe_lau,Saint-Clément-de-Régnat,saint_clement_de_regnat,sa,56.85,72.29,37.36
europe_lau,Saint-Denis-Combarnazat,saint_denis_combarnazat,sa,55.85,62.65,56.36
europe_lau,Saint-Dier-d'Auvergne,saint_dier_d_auvergne,sa,45.94,62.39,96.14
europe_lau,Saint-Diéry,saint_diery,sa,39.35,50.49,23.06
europe_lau,Saint-Donat,saint_donat,sa,37.2,54.56,21.89
europe_lau,Saint-Éloy-la-Glacière,saint_eloy_la_glaciere,sa,26.29,56.94,22.77
europe_lau,Saint-Éloy-les-Mines,saint_eloy_les_mines,sa,64.17,70.8,69.58
europe_lau,Saint-Étienne-des-Champs,saint_etienne_des_champs,sa,52.92,53.13,50.7
europe_lau,Saint-Étienne-sur-Usson,saint_etienne_sur_usson,sa,52.77,61.15,72.98
europe_lau,Saint-Ferréol-des-Côtes,saint_ferreol_des_cotes,sa,33.79,51.58,38.05
europe_lau,Saint-Floret,saint_floret,sa,46.18,57.91,82.89
europe_lau,Saint-Flour-l'Étang,saint_flour_l_etang,sa,43.94,64.65,78.63
europe_lau,Saint-Gal-sur-Sioule,saint_gal_sur_sioule,sa,48.28,65.94,34.02
europe_lau,Saint-Genès-Champanelle,saint_genes_champanelle,sa,46.81,69.57,59.96
europe_lau,Saint-Genès-Champespe,saint_genes_champespe,sa,69.1,68.19,63.5
europe_lau,Saint-Genès-du-Retz,saint_genes_du_retz,sa,37.69,52.99,-2.21
europe_lau,Saint-Genès-la-Tourette,saint_genes_la_tourette,sa,34.77,53.39,63.46
europe_lau,Saint-Georges-de-Mons,saint_georges_de_mons,sa,44.66,59.43,25.73
europe_lau,Saint-Georges-sur-Allier,saint_georges_sur_allier,sa,60.87,67.67,40.42
europe_lau,Saint-Germain-près-Herment,saint_germain_pres_herment,sa,33.75,40.5,83.24
europe_lau,Saint-Germain-Lembron,saint_germain_lembron,sa,42.33,59.06,76.89
europe_lau,Saint-Germain-l'Herm,saint_germain_l_herm,sa,62.89,68.11,55.94
europe_lau,Saint-Gervais-d'Auvergne,saint_gervais_d_auvergne,sa,60.11,61.17,61.26
europe_lau,Saint-Gervais-sous-Meymont,saint_gervais_sous_meymont,sa,41.89,50.26,73.15
europe_lau,Saint-Gervazy,saint_gervazy,sa,37.92,57.12,99.18
europe_lau,Saint-Hérent,saint_herent,sa,43.71,63.65,-9.46
europe_lau,Saint-Hilaire-la-Croix,saint_hilaire_la_croix,sa,41.78,59.7,60.59
europe_lau,Saint-Hilaire-les-Monges,saint_hilaire_les_monges,sa,51.11,56.63,68.49
europe_lau,Saint-Hilaire,saint_hilaire,sa,46.73,69.45,30.56
europe_lau,Saint-Ignat,saint_ignat,sa,37.02,63.23,-37.04
europe_lau,Saint-Jacques-d'Ambur,saint_jacques_d_ambur,sa,61.77,68.38,49.82
europe_lau,Saint-Jean-d'Heurs,saint_jean_d_heurs,sa,51.61,64.3,71.8
europe_lau,Saint-Jean-des-Ollières,saint_jean_des_ollieres,sa,72.7,68.38,56.5
europe_lau,Saint-Jean-en-Val,saint_jean_en_val,sa,44.09,69.73,90.61
europe_lau,Saint-Jean-Saint-Gervais,saint_jean_saint_gervais,sa,50.51,57.12,67.18
europe_lau,Saint-Julien-de-Coppel,saint_julien_de_coppel,sa,37.26,58.93,73.55
europe_lau,Saint-Julien-la-Geneste,saint_julien_la_geneste,sa,34.98,62.87,71.55
europe_lau,Saint-Julien-Puy-Lavèze,saint_julien_puy_laveze,sa,46.79,66.06,41.15
europe_lau,Saint-Just,saint_just,sa,40.81,62.8,83.19
europe_lau,Saint-Laure,saint_laure,sa,68.81,73.12,50.45
europe_lau,Saint-Maigner,saint_maigner,sa,45.93,57.67,51.63
europe_lau,Saint-Martin-des-Olmes,saint_martin_des_olmes,sa,36.91,64.56,85.66
europe_lau,Saint-Martin-des-Plains,saint_martin_des_plains,sa,48.55,60.41,18.97
europe_lau,Saint-Martin-d'Ollières,saint_martin_d_ollieres,sa,29.37,51.01,-10.24
europe_lau,Saint-Maurice-près-Pionsat,saint_maurice_pres_pionsat,sa,52.55,69.14,74.09
europe_lau,Saint-Maurice,saint_maurice,sa,53.22,65.28,64.09
europe_lau,Saint-Myon,saint_myon,sa,50.31,64.39,38.49
europe_lau,Saint-Nectaire,saint_nectaire,sa,67.56,67.24,65.25
europe_lau,Saint-Ours,saint_ours,sa,61.72,67.3,26.64
europe_lau,Saint-Remy-en-Bouzemont-Saint-Genest-et-Isson,saint_remy_en_bouzemont_saint_genest_et_isson,sa,42.39,65.33,67.06
europe_lau,Saint-Remy-sous-Broyes,saint_remy_sous_broyes,sa,65.49,66.13,60.13
europe_lau,Saint-Remy-sur-Bussy,saint_remy_sur_bussy,sa,54.95,67.37,72.26
europe_lau,Saint-Saturnin,saint_saturnin,sa,53.11,68.4,50.43
europe_lau,Saint-Souplet-sur-Py,saint_souplet_sur_py,sa,37.77,71.22,93.02
europe_lau,Saint-Thierry,saint_thierry,sa,51.86,67.79,73.75
europe_lau,Saffais,saffais,sa,43.65,67,96.77
europe_lau,Saint-Ail,saint_ail,sa,55.22,73.57,47.37
europe_lau,Saint-Baussant,saint_baussant,sa,32.27,53.79,5.11
europe_lau,Saint-Boingt,saint_boingt,sa,29.5,57.03,85.38
europe_lau,Saint-Clément,saint_clement,sa,36.14,47.77,30.24
europe_lau,Saint-Firmin,saint_firmin,sa,56.53,69.77,84.26
europe_lau,Sainte-Geneviève,sainte_genevieve,sa,59.77,76.14,33.6
europe_lau,Saint-Germain,saint_germain,sa,46.49,65.3,84.89
europe_lau,Saint-Jean-lès-Longuyon,saint_jean_les_longuyon,sa,34.99,56.5,-21
europe_lau,Saint-Julien-lès-Gorze,saint_julien_les_gorze,sa,58.59,69.22,68.54
europe_lau,Saint-Marcel,saint_marcel,sa,57.97,65.36,39.14
europe_lau,Saint-Mard,saint_mard,sa,54.57,74.4,8.15
europe_lau,Saint-Martin,saint_martin,sa,51.78,71.57,25.24
europe_lau,Saint-Maurice-aux-Forges,saint_maurice_aux_forges,sa,54.76,81.17,82.64
europe_lau,Saint-Max,saint_max,sa,48.26,59.92,71.06
europe_lau,Saint-Nicolas-de-Port,saint_nicolas_de_port,sa,52.49,62.91,77.49
europe_lau,Sainte-Pôle,sainte_pole,sa,41.5,59.41,66.73
europe_lau,Saint-Pancré,saint_pancre,sa,55.83,62.69,35.58
europe_lau,Saint-Remimont,saint_remimont,sa,46.03,55.65,36.73
europe_lau,Saint-Rémy-aux-Bois,saint_remy_aux_bois,sa,46.42,66.36,76.07
europe_lau,Saint-Sauveur,saint_sauveur,sa,22.14,58.65,-72.61
europe_lau,Saint-Supplet,saint_supplet,sa,68.03,75.59,62.93
europe_lau,Saizerais,saizerais,sa,63.26,72.4,64.75
europe_lau,Sancy,sancy,sa,47.21,58.25,27.3
europe_lau,Sanzey,sanzey,sa,20.02,35.11,41.55
europe_lau,Saulnes,saulnes,sa,51.71,61.87,54.49
europe_lau,Saulxerotte,saulxerotte,sa,51.52,66.76,24.35
europe_lau,Saulxures-lès-Nancy,saulxures_les_nancy,sa,51.22,63.96,43.14
europe_lau,Saulxures-lès-Vannes,saulxures_les_vannes,sa,56.4,75.4,43.54
europe_lau,Saxon-Sion,saxon_sion,sa,52.02,62.44,74.79
europe_lau,Saint-Alban-sur-Limagnole,saint_alban_sur_limagnole,sa,65.38,67.71,70.81
europe_lau,Saint-André-Capcèze,saint_andre_capceze,sa,51.12,69.95,39.39
europe_lau,Saint-André-de-Lancize,saint_andre_de_lancize,sa,23.83,54.32,86.29
europe_lau,Saint-Bauzile,saint_bauzile,sa,50.66,58.57,78.68
europe_lau,Saint-Bonnet-de-Chirac,saint_bonnet_de_chirac,sa,41.08,51.34,36.6
europe_lau,Saint Bonnet-Laval,saint_bonnet_laval,sa,51.41,65.87,24.58
europe_lau,Saint-Chély-d'Apcher,saint_chely_d_apcher,sa,51.54,63.05,42.52
europe_lau,Sainte-Croix-Vallée-Française,sainte_croix_vallee_francaise,sa,34.96,50.57,96.05
europe_lau,Saint-Denis-en-Margeride,saint_denis_en_margeride,sa,55.24,61.51,24.08
europe_lau,Saint-Étienne-du-Valdonnez,saint_etienne_du_valdonnez,sa,39.05,62.72,-45.21
europe_lau,Saint-Étienne-Vallée-Française,saint_etienne_vallee_francaise,sa,52.68,62.1,60.08
europe_lau,Sainte-Eulalie,sainte_eulalie,sa,44.54,59.87,31.4
europe_lau,Saint-Flour-de-Mercoire,saint_flour_de_mercoire,sa,65.03,74.45,81.73
europe_lau,Saint-Frézal-d'Albuges,saint_frezal_d_albuges,sa,46.87,56.71,53.91
europe_lau,Saint-Gal,saint_gal,sa,58.86,62.51,39.8
europe_lau,Sacy-le-Grand,sacy_le_grand,sa,44.73,57.7,45.31
europe_lau,Sacy-le-Petit,sacy_le_petit,sa,31.46,59.81,93
europe_lau,Sains-Morainvillers,sains_morainvillers,sa,54.53,74.31,59.51
europe_lau,Saint-André-Farivillers,saint_andre_farivillers,sa,44.09,57.06,18.69
europe_lau,Saint-Arnoult,saint_arnoult,sa,53.53,67.4,21.14
europe_lau,Saint-Aubin-en-Bray,saint_aubin_en_bray,sa,36.99,63.32,90.18
europe_lau,Saint-Aubin-sous-Erquery,saint_aubin_sous_erquery,sa,37.45,56.31,64.81
europe_lau,Saint-Crépin-aux-Bois,saint_crepin_aux_bois,sa,46.56,56.52,30.46
europe_lau,Saint-Crépin-Ibouvillers,saint_crepin_ibouvillers,sa,50.57,62.43,72.29
europe_lau,Saint-Deniscourt,saint_deniscourt,sa,39.63,70.6,91.23
europe_lau,Saint-Étienne-Roilaye,saint_etienne_roilaye,sa,45.56,61.08,90.39
europe_lau,Sainte-Eusoye,sainte_eusoye,sa,47.82,67.58,90.99
europe_lau,Saint-Félix,saint_felix,sa,58.01,74.99,91.2
europe_lau,Saint-Hostien,saint_hostien,sa,61.29,69.52,48.22
europe_lau,Saint-Ilpize,saint_ilpize,sa,39.61,60.68,99.54
europe_lau,Saint-Jean-d'Aubrigoux,saint_jean_d_aubrigoux,sa,54.21,65.49,87.84
europe_lau,Saint-Jean-de-Nay,saint_jean_de_nay,sa,41.33,63.97,87.73
europe_lau,Saint-Jean-Lachalm,saint_jean_lachalm,sa,59.39,66.64,67
europe_lau,Saint-Jeures,saint_jeures,sa,42.87,59.02,90.93
europe_lau,Saint-Julien-Chapteuil,saint_julien_chapteuil,sa,51.21,61.3,74.42
europe_lau,Saint-Julien-d'Ance,saint_julien_d_ance,sa,35.1,53.26,96.62
europe_lau,Saint-Julien-des-Chazes,saint_julien_des_chazes,sa,47.18,57.21,40.31
europe_lau,Saint-Julien-du-Pinet,saint_julien_du_pinet,sa,33.38,62.34,90.38
europe_lau,Saint-Julien-Molhesabate,saint_julien_molhesabate,sa,51.8,63.02,33.95
europe_lau,Saint-Just-Malmont,saint_just_malmont,sa,46.67,68.86,29.7
europe_lau,Saint-Just-près-Brioude,saint_just_pres_brioude,sa,63.13,73.97,56.71
europe_lau,Saint-Laurent-Chabreuges,saint_laurent_chabreuges,sa,38.78,50.81,2.05
europe_lau,Sainte-Marguerite,sainte_marguerite,sa,28.38,49.38,93.45
europe_lau,Saint-Martin-de-Fugères,saint_martin_de_fugeres,sa,50.96,65.85,82.94
europe_lau,Saint-Maurice-de-Lignon,saint_maurice_de_lignon,sa,57.6,64.26,80.27
europe_lau,Saint-Pal-de-Chalencon,saint_pal_de_chalencon,sa,56.76,71.01,38.46
europe_lau,Saint-Pal-de-Mons,saint_pal_de_mons,sa,54.85,65.61,67.1
europe_lau,Saint-Pal-de-Senouire,saint_pal_de_senouire,sa,60.59,66.86,75.01
europe_lau,Saint-Paul-de-Tartas,saint_paul_de_tartas,sa,42.56,53.98,35.42
europe_lau,Saint-Paulien,saint_paulien,sa,53.72,53.28,66
europe_lau,Saint-Pierre-du-Champ,saint_pierre_du_champ,sa,47.67,59.46,90.4
europe_lau,Saint-Pierre-Eynac,saint_pierre_eynac,sa,45.08,59.77,35.25
europe_lau,Saint-Préjet-Armandon,saint_prejet_armandon,sa,50.17,62.41,22.37
europe_lau,Saint-Préjet-d'Allier,saint_prejet_d_allier,sa,50.75,57.59,58.47
europe_lau,Saint-Privat-d'Allier,saint_privat_d_allier,sa,67.77,71.43,66.68
europe_lau,Saint-Privat-du-Dragon,saint_privat_du_dragon,sa,43.68,62.9,80.97
europe_lau,Saint-Romain-Lachalm,saint_romain_lachalm,sa,51.45,62.18,50.23
europe_lau,Sainte-Sigolène,sainte_sigolene,sa,53.22,63.9,80.4
europe_lau,Saint-Vénérand,saint_venerand,sa,49.34,65.03,74.45
europe_lau,Saint-Vert,saint_vert,sa,56.62,61.3,71.51
europe_lau,Saint-Victor-Malescours,saint_victor_malescours,sa,33.47,54.16,20.75
europe_lau,Saint-Victor-sur-Arlanc,saint_victor_sur_arlanc,sa,47.74,59.17,47.38
europe_lau,Saint-Vidal,saint_vidal,sa,57.65,73.82,59.37
europe_lau,Saint-Vincent,saint_vincent,sa,59.4,64.93,51.01
europe_lau,Salettes,salettes,sa,33.37,57.13,-49.9
europe_lau,Salzuit,salzuit,sa,67.49,73.93,51.87
europe_lau,Sanssac-l'Église,sanssac_l_eglise,sa,41.71,61.74,-12.21
europe_lau,Saugues,saugues,sa,31.69,52.99,-3.68
europe_lau,Saint-Germain-de-Calberte,saint_germain_de_calberte,sa,48.34,53.97,51.83
europe_lau,Saint-Germain-du-Teil,saint_germain_du_teil,sa,38.33,63.99,93.01
europe_lau,Sainte-Hélène,sainte_helene,sa,58.4,73.01,58.51
europe_lau,Saint-Hilaire-de-Lavit,saint_hilaire_de_lavit,sa,56.62,63.62,53.33
europe_lau,Saint-Jean-la-Fouillouse,saint_jean_la_fouillouse,sa,60.27,68,55.56
europe_lau,Saint-Juéry,saint_juery,sa,54.88,68.09,38.37
europe_lau,Saint-Julien-des-Points,saint_julien_des_points,sa,65.44,79.92,72.47
europe_lau,Saint-Laurent-de-Muret,saint_laurent_de_muret,sa,63,72.71,44.58
europe_lau,Saint-Laurent-de-Veyrès,saint_laurent_de_veyres,sa,69.77,77.39,69.66
europe_lau,Saint-Léger-de-Peyre,saint_leger_de_peyre,sa,57.17,67.29,52.48
europe_lau,Saint-Léger-du-Malzieu,saint_leger_du_malzieu,sa,55.44,62.34,37.89
europe_lau,Saint-Martin-de-Boubaux,saint_martin_de_boubaux,sa,37.3,57.44,51.73
europe_lau,Saint-Martin-de-Lansuscle,saint_martin_de_lansuscle,sa,55.36,72.05,75.83
europe_lau,Saint-Michel-de-Dèze,saint_michel_de_deze,sa,50.98,58.62,52.02
europe_lau,Saint-Paul-le-Froid,saint_paul_le_froid,sa,47.59,60.13,72
europe_lau,Saint-Pierre-de-Nogaret,saint_pierre_de_nogaret,sa,16.2,56.93,83.6
europe_lau,Sabres,sabres,sa,38.14,64.89,38.28
europe_lau,Saint-Agnet,saint_agnet,sa,42.25,59.08,70.01
europe_lau,Saint-André-de-Seignanx,saint_andre_de_seignanx,sa,45.31,65.24,66.34
europe_lau,Saint-Aubin,saint_aubin,sa,27.99,55.8,-44.98
europe_lau,Saint-Avit,saint_avit,sa,58.08,66.49,23.78
europe_lau,Saint-Barthélemy,saint_barthelemy,sa,44.13,74.4,89.28
europe_lau,Sainte-Colombe,sainte_colombe,sa,57.09,64.1,67.91
europe_lau,Saint-Cricq-Chalosse,saint_cricq_chalosse,sa,43.69,64.65,35.99
europe_lau,Saint-Cricq-du-Gave,saint_cricq_du_gave,sa,43.18,70.09,32.43
europe_lau,Saint-Cricq-Villeneuve,saint_cricq_villeneuve,sa,51.29,74.38,93.72
europe_lau,Saint-Étienne-d'Orthe,saint_etienne_d_orthe,sa,50.73,61.74,26.17
europe_lau,Sainte-Eulalie-en-Born,sainte_eulalie_en_born,sa,61.42,75.2,19.53
europe_lau,Sainte-Foy,sainte_foy,sa,55.43,63.03,52.12
europe_lau,Saint-Gein,saint_gein,sa,59.4,69.72,79.02
europe_lau,Saint-Geours-d'Auribat,saint_geours_d_auribat,sa,44.45,71.17,74.85
europe_lau,Saint-Geours-de-Maremne,saint_geours_de_maremne,sa,63.68,72.36,73.61
europe_lau,Saint-Gor,saint_gor,sa,58.33,68.4,65.68
europe_lau,Saint-Jean-de-Lier,saint_jean_de_lier,sa,47.14,64.01,91.37
europe_lau,Saint-Jean-de-Marsacq,saint_jean_de_marsacq,sa,39.85,55.96,54.44
europe_lau,Saint-Julien-d'Armagnac,saint_julien_d_armagnac,sa,54.36,70.32,87.74
europe_lau,Saint-Julien-en-Born,saint_julien_en_born,sa,54.81,73.47,38.85
europe_lau,Saint-Justin,saint_justin,sa,60.05,64.59,45.68
europe_lau,Saint-Laurent-de-Gosse,saint_laurent_de_gosse,sa,51.22,70.1,48.42
europe_lau,Saint-Lon-les-Mines,saint_lon_les_mines,sa,59.04,65.36,37.98
europe_lau,Saint-Loubouer,saint_loubouer,sa,39.06,54.82,33.91
europe_lau,Sainte-Marie-de-Gosse,sainte_marie_de_gosse,sa,55.88,65.43,73.17
europe_lau,Saint-Martin-de-Hinx,saint_martin_de_hinx,sa,26.14,58.01,-89.73
europe_lau,Saint-Martin-de-Seignanx,saint_martin_de_seignanx,sa,51.06,68.8,71.96
europe_lau,Saint-Martin-d'Oney,saint_martin_d_oney,sa,34.17,46.16,31.41
europe_lau,Saint-Maurice-sur-Adour,saint_maurice_sur_adour,sa,47.63,71.51,90.19
europe_lau,Saint-Michel-Escalus,saint_michel_escalus,sa,28.57,49.8,13.06
europe_lau,Saint-Pandelon,saint_pandelon,sa,48.23,60.84,8.25
europe_lau,Saint-Paul-en-Born,saint_paul_en_born,sa,19.99,48.65,80.99
europe_lau,Saint-Paul-lès-Dax,saint_paul_les_dax,sa,47.41,64.86,9.02
europe_lau,Saint-Perdon,saint_perdon,sa,47.21,52.27,64.41
europe_lau,Saint-Pierre-du-Mont,saint_pierre_du_mont,sa,55.67,70.62,26.18
europe_lau,Saint-Sever,saint_sever,sa,30.8,55.07,-15.27
europe_lau,Saint-Vincent-de-Paul,saint_vincent_de_paul,sa,33.11,64.61,90.79
europe_lau,Saint-Vincent-de-Tyrosse,saint_vincent_de_tyrosse,sa,48.89,67.16,68.31
europe_lau,Saint-Yaguen,saint_yaguen,sa,60.63,78.79,27.63
europe_lau,Samadet,samadet,sa,44.55,65.38,16.63
europe_lau,Sanguinet,sanguinet,sa,42.36,61.88,13.47
europe_lau,Sarbazan,sarbazan,sa,44.22,54.11,36.34
europe_lau,Sarraziet,sarraziet,sa,35.19,63.5,-20.1
europe_lau,Sarron,sarron,sa,34.32,48.42,2.28
europe_lau,Saubion,saubion,sa,34.83,56.86,-19.68
europe_lau,Saubrigues,saubrigues,sa,51.68,61.8,60.15
europe_lau,Saubusse,saubusse,sa,37.42,62.27,68.76
europe_lau,Saugnac-et-Cambran,saugnac_et_cambran,sa,35.83,63.4,34.43
europe_lau,Saugnacq-et-Muret,saugnacq_et_muret,sa,50.79,64.56,26.4
europe_lau,Sabadel-Latronquière,sabadel_latronquiere,sa,39.49,55.91,29.48
europe_lau,Sabadel-Lauzès,sabadel_lauzes,sa,50.42,73.51,88.04
europe_lau,Saignes,saignes,sa,62.95,78.52,73.97
europe_lau,Saillac,saillac,sa,35.32,61.11,-33.7
europe_lau,Saint-Bressou,saint_bressou,sa,53.26,70.45,93.26
europe_lau,Saint-Caprais,saint_caprais,sa,57.57,76.37,60.48
europe_lau,Saint-Céré,saint_cere,sa,41.51,49.64,38.42
europe_lau,Saint-Chamarand,saint_chamarand,sa,57.65,70.94,25.93
europe_lau,Saint-Chels,saint_chels,sa,41.34,53.27,73.21
europe_lau,Saint-Cirgues,saint_cirgues,sa,52.45,60.74,72.81
europe_lau,Saint-Cirq-Lapopie,saint_cirq_lapopie,sa,38.5,46.92,24.72
europe_lau,Saint-Cirq-Madelon,saint_cirq_madelon,sa,54.21,72.07,56.23
europe_lau,Saint-Cirq-Souillaguet,saint_cirq_souillaguet,sa,36.77,57.68,-40.73
europe_lau,Saint-Clair,saint_clair,sa,39.95,54.1,-8.94
europe_lau,Sainte-Colombe,sainte_colombe,sa,63.03,73.15,50.69
europe_lau,Saint-Denis-Catus,saint_denis_catus,sa,59.58,72.08,23.92
europe_lau,Saint-Denis-lès-Martel,saint_denis_les_martel,sa,25.31,51.17,91.61
europe_lau,Saint-Félix,saint_felix,sa,38.73,65.27,65.6
europe_lau,Saint-Germain-du-Bel-Air,saint_germain_du_bel_air,sa,50.76,62.76,74.93
europe_lau,Saint Géry-Vers,saint_gery_vers,sa,33.94,48.54,-17.7
europe_lau,Saint-Hilaire,saint_hilaire,sa,27.83,43.34,62.78
europe_lau,Saint-Jean-de-Laur,saint_jean_de_laur,sa,49.59,60.87,62.07
europe_lau,Saint-Jean-Lespinasse,saint_jean_lespinasse,sa,26.73,62.86,80.08
europe_lau,Saint-Jean-Mirabel,saint_jean_mirabel,sa,47.11,61.55,55.79
europe_lau,Saint-Laurent-les-Tours,saint_laurent_les_tours,sa,34.58,57.95,24.43
europe_lau,Saint-Martin-Labouval,saint_martin_labouval,sa,60.16,66.5,50.98
europe_lau,Saint-Martin-le-Redon,saint_martin_le_redon,sa,53.9,60.31,64.4
europe_lau,Saint-Maurice-en-Quercy,saint_maurice_en_quercy,sa,53.93,70.87,45.8
europe_lau,Saint-Médard,saint_medard,sa,54.7,65.22,86.32
europe_lau,Saint-Médard-de-Presque,saint_medard_de_presque,sa,31.9,65.89,86.99
europe_lau,Saint-Médard-Nicourby,saint_medard_nicourby,sa,58.44,75.11,38.32
europe_lau,Saint-Michel-de-Bannières,saint_michel_de_bannieres,sa,53.71,73.53,46.99
europe_lau,Saint-Michel-Loubéjou,saint_michel_loubejou,sa,54.04,80.95,87.7
europe_lau,Saint-Paul-de-Vern,saint_paul_de_vern,sa,39.61,62.98,93.18
europe_lau,Saint-Perdoux,saint_perdoux,sa,50.03,57.78,74.24
europe_lau,Saint-Pierre-Toirac,saint_pierre_toirac,sa,52.98,70.66,82.93
europe_lau,Saint-Projet,saint_projet,sa,56.53,67.18,42.54
europe_lau,Saint-Simon,saint_simon,sa,54.36,60.94,43.22
europe_lau,Saint-Sozy,saint_sozy,sa,46.95,64.6,11.99
europe_lau,Saint-Sulpice,saint_sulpice,sa,48.3,67.73,98.48
europe_lau,Saint-Vincent-du-Pendit,saint_vincent_du_pendit,sa,47.75,59.24,59.76
europe_lau,Saint-Vincent-Rive-d'Olt,saint_vincent_rive_d_olt,sa,59.22,71.65,49.95
europe_lau,Salviac,salviac,sa,53.02,72.91,59.1
europe_lau,Sauliac-sur-Célé,sauliac_sur_cele,sa,55.88,71.12,77.95
europe_lau,Sauzet,sauzet,sa,56.16,71.87,75.21
europe_lau,SARANDË,sarande,sa,18.19,30.01,97.55
europe_lau,Saint-Thomas-en-Argonne,saint_thomas_en_argonne,sa,47.23,55.41,42.82
europe_lau,Saint-Utin,saint_utin,sa,33,69.25,-33.76
europe_lau,Saint-Vrain,saint_vrain,sa,32.91,55.02,-14.04
europe_lau,Sapignicourt,sapignicourt,sa,23.27,60.26,-136.46
europe_lau,Sarcy,sarcy,sa,48.17,73.07,0.05
europe_lau,Saron-sur-Aube,saron_sur_aube,sa,43.23,62.61,92.47
europe_lau,Sarry,sarry,sa,36.01,55.26,-13.81
europe_lau,Saudoy,saudoy,sa,44.99,78.01,-20.59
europe_lau,Savigny-sur-Ardres,savigny_sur_ardres,sa,52.19,66.89,54.13
europe_lau,Σανίδα,sanida,sa,43.9,63.77,87.4
europe_lau,Sainte-Geneviève,sainte_genevieve,sa,50.95,67.2,44.83
europe_lau,Saint-Germain-la-Poterie,saint_germain_la_poterie,sa,50.26,68.5,31.18
europe_lau,Saint-Germer-de-Fly,saint_germer_de_fly,sa,55.21,70.06,60.39
europe_lau,Saintines,saintines,sa,40.42,49.82,54.9
europe_lau,Saint-Jean-aux-Bois,saint_jean_aux_bois,sa,49.16,77.63,8.09
europe_lau,Saint-Just-en-Chaussée,saint_just_en_chaussee,sa,52.13,64.5,73.08
europe_lau,Saint-Léger-aux-Bois,saint_leger_aux_bois,sa,54.38,68.19,72.84
europe_lau,Saint-Léger-en-Bray,saint_leger_en_bray,sa,53.13,81.12,46.74
europe_lau,Saint-Leu-d'Esserent,saint_leu_d_esserent,sa,33.16,43.64,8.29
europe_lau,Saint-Martin-aux-Bois,saint_martin_aux_bois,sa,44.47,57.89,25.21
europe_lau,Saint-Martin-le-Nœud,saint_martin_le_noeud,sa,67.34,86.96,56.98
europe_lau,Saint-Martin-Longueau,saint_martin_longueau,sa,53.96,70.64,79.31
europe_lau,Saint-Maur,saint_maur,sa,48.34,58.55,53.06
europe_lau,Saint-Maximin,saint_maximin,sa,54.97,69.82,67.94
europe_lau,Saint-Omer-en-Chaussée,saint_omer_en_chaussee,sa,57.12,69.36,62.87
europe_lau,Σαλαμιού,salamiou,sa,53.93,62.81,32.57
europe_lau,Sailly,sailly,sa,47.35,63.37,18.64
europe_lau,Saint-Blin,saint_blin,sa,37.26,71.34,99.16
europe_lau,Saint-Broingt-le-Bois,saint_broingt_le_bois,sa,55.36,72.51,92.43
europe_lau,Saint-Broingt-les-Fosses,saint_broingt_les_fosses,sa,60.99,69.62,34.87
europe_lau,Saint-Ciergues,saint_ciergues,sa,38.69,53.56,3.5
europe_lau,Saint-Dizier,saint_dizier,sa,50.82,66.81,66.26
europe_lau,Saints-Geosmes,saints_geosmes,sa,41.64,67.11,-19.94
europe_lau,Saint-Loup-sur-Aujon,saint_loup_sur_aujon,sa,28.21,52.83,46.19
europe_lau,Saint-Martin-lès-Langres,saint_martin_les_langres,sa,41.4,60.41,8.66
europe_lau,Saint-Pierre-des-Tripiers,saint_pierre_des_tripiers,sa,45.11,64.95,39.38
europe_lau,Saint-Pierre-le-Vieux,saint_pierre_le_vieux,sa,50.07,64.04,94.31
europe_lau,Saint-Privat-de-Vallongue,saint_privat_de_vallongue,sa,30.11,50.26,20.78
europe_lau,Saint-Privat-du-Fau,saint_privat_du_fau,sa,55.79,67.53,62.13
europe_lau,Saint-Saturnin,saint_saturnin,sa,59.68,71.48,88.12
europe_lau,Saint-Sauveur-de-Ginestoux,saint_sauveur_de_ginestoux,sa,34.11,47.51,57.87
europe_lau,Sacey,sacey,sa,48.68,60.03,61.1
europe_lau,Saint-Amand-Villages,saint_amand_villages,sa,43.01,63.2,10.82
europe_lau,Saint-André-de-Bohon,saint_andre_de_bohon,sa,31.73,76.13,67.62
europe_lau,Saint-André-de-l'Épine,saint_andre_de_l_epine,sa,45,73.58,65.25
europe_lau,Saint-Aubin-des-Préaux,saint_aubin_des_preaux,sa,45.51,64.78,57.4
europe_lau,Saint-Aubin-de-Terregatte,saint_aubin_de_terregatte,sa,38.68,61.18,76.58
europe_lau,Saint-Barthélemy,saint_barthelemy,sa,59.41,64.74,76.71
europe_lau,Saint-Brice,saint_brice,sa,44.3,77.27,-49.66
europe_lau,Saint-Brice-de-Landelles,saint_brice_de_landelles,sa,46.6,65.64,62.68
europe_lau,Sainte-Cécile,sainte_cecile,sa,43.28,60.82,82.35
europe_lau,Saint-Christophe-du-Foc,saint_christophe_du_foc,sa,32.95,60.32,-39.28
europe_lau,Saint-Clair-sur-l'Elle,saint_clair_sur_l_elle,sa,49.45,62.92,59.83
europe_lau,Saint-Clément-Rancoudray,saint_clement_rancoudray,sa,41.32,59.59,48.63
europe_lau,Sainte-Colombe,sainte_colombe,sa,62.34,66.49,67.44
europe_lau,Saint-Cyr,saint_cyr,sa,32.13,54.59,92.17
europe_lau,Saint-Cyr-du-Bailleul,saint_cyr_du_bailleul,sa,42.34,58.46,-4.25
europe_lau,Saint-Denis-le-Gast,saint_denis_le_gast,sa,36.68,64.34,95.16
europe_lau,Saint-Denis-le-Vêtu,saint_denis_le_vetu,sa,46.49,62.17,4.68
europe_lau,Saint-Floxel,saint_floxel,sa,48.27,63.39,60.43
europe_lau,Saint-Fromond,saint_fromond,sa,47.66,73.5,98.36
europe_lau,Sainte-Geneviève,sainte_genevieve,sa,44.73,75.41,-17.28
europe_lau,Saint-Georges-de-la-Rivière,saint_georges_de_la_riviere,sa,24.99,74.47,50.09
europe_lau,Saint-Georges-de-Livoye,saint_georges_de_livoye,sa,60.52,65.29,61.35
europe_lau,Saint-Georges-d'Elle,saint_georges_d_elle,sa,37.24,53.56,79.59
europe_lau,Saint-Georges-de-Rouelley,saint_georges_de_rouelley,sa,34.8,55.48,97.09
europe_lau,Saint-Georges-Montcocq,saint_georges_montcocq,sa,55.5,63.93,29.04
europe_lau,Saint-Germain-d'Elle,saint_germain_d_elle,sa,45.02,62.03,35.16
europe_lau,Saint-Germain-de-Tournebut,saint_germain_de_tournebut,sa,60.39,67.58,76.86
europe_lau,Saint-Germain-de-Varreville,saint_germain_de_varreville,sa,22.81,82.9,40.98
europe_lau,Saint-Germain-le-Gaillard,saint_germain_le_gaillard,sa,46.15,66.62,-0.78
europe_lau,Sail-les-Bains,sail_les_bains,sa,56.09,67.51,45.85
europe_lau,Sail-sous-Couzan,sail_sous_couzan,sa,51.41,64.09,88.01
europe_lau,Sainte-Agathe-en-Donzy,sainte_agathe_en_donzy,sa,62.56,76.4,57.06
europe_lau,Sainte-Agathe-la-Bouteresse,sainte_agathe_la_bouteresse,sa,39.87,55.7,29.73
europe_lau,Saint-Alban-les-Eaux,saint_alban_les_eaux,sa,46.54,63.56,21.68
europe_lau,Saint-André-d'Apchon,saint_andre_d_apchon,sa,48.91,78.58,-9.96
europe_lau,Saint-André-le-Puy,saint_andre_le_puy,sa,55.58,76.61,78.44
europe_lau,Saint-Appolinard,saint_appolinard,sa,46.45,59.08,27.06
europe_lau,Saint-Barthélemy-Lestra,saint_barthelemy_lestra,sa,48.01,69.4,48.37
europe_lau,Saint-Bonnet-des-Quarts,saint_bonnet_des_quarts,sa,58.81,66.74,82.19
europe_lau,Saint-Bonnet-le-Château,saint_bonnet_le_chateau,sa,50.81,73.29,53.33
europe_lau,Saint-Jean-Lagineste,saint_jean_lagineste,sa,43.13,63.11,5.49
europe_lau,Saint-Pierre-Lafeuille,saint_pierre_lafeuille,sa,54.39,72.45,50.58
europe_lau,Saint-Germain-sur-Ay,saint_germain_sur_ay,sa,45.93,55.86,32.28
europe_lau,Saint-Germain-sur-Sèves,saint_germain_sur_seves,sa,40.67,62.26,52.37
europe_lau,Saint-Gilles,saint_gilles,sa,34.85,54.79,-28.45
europe_lau,Saint-Hilaire-du-Harcouët,saint_hilaire_du_harcouet,sa,37.35,57.31,10.57
europe_lau,Saint-Jacques-de-Néhou,saint_jacques_de_nehou,sa,66.94,76.4,55.27
europe_lau,Saint-James,saint_james,sa,51.19,58.29,77.81
europe_lau,Saint-Jean-de-Daye,saint_jean_de_daye,sa,46.37,56.65,67.26
europe_lau,Saint-Jean-de-la-Haize,saint_jean_de_la_haize,sa,20.74,47.26,89.62
europe_lau,Saint-Jean-de-la-Rivière,saint_jean_de_la_riviere,sa,26.96,61,43.03
europe_lau,Saint-Jean-de-Savigny,saint_jean_de_savigny,sa,38.47,58.61,32.53
europe_lau,Saint-Jean-d'Elle,saint_jean_d_elle,sa,32.61,51.02,-35.6
europe_lau,Saint-Jean-des-Champs,saint_jean_des_champs,sa,34.67,53.53,75.84
europe_lau,Saint-Jean-du-Corail-des-Bois,saint_jean_du_corail_des_bois,sa,42.01,55.85,67.16
europe_lau,Saint-Jean-le-Thomas,saint_jean_le_thomas,sa,45.83,58.92,24.82
europe_lau,Saint-Joseph,saint_joseph,sa,52.66,60.66,72.41
europe_lau,Saint-Laurent-de-Cuves,saint_laurent_de_cuves,sa,41.84,52.52,63.4
europe_lau,Saint-Laurent-de-Terregatte,saint_laurent_de_terregatte,sa,38.69,65.46,87.71
europe_lau,Saint-Lô,saint_lo,sa,55.87,69.91,48.14
europe_lau,Saint-Louet-sur-Vire,saint_louet_sur_vire,sa,53.21,65.31,68.76
europe_lau,Saint-Loup,saint_loup,sa,32.97,57.55,8.39
europe_lau,Saint-Malo-de-la-Lande,saint_malo_de_la_lande,sa,40.27,59.96,73.85
europe_lau,Saint-Marcouf,saint_marcouf,sa,51.76,69.55,48.49
europe_lau,Sainte-Marie-du-Mont,sainte_marie_du_mont,sa,51.3,61.31,57.87
europe_lau,Saint-Martin-d'Aubigny,saint_martin_d_aubigny,sa,68.71,75.47,44.8
europe_lau,Saint-Martin-d'Audouville,saint_martin_d_audouville,sa,53.63,74.82,34.15
europe_lau,Saint-Martin-de-Bonfossé,saint_martin_de_bonfosse,sa,38.66,52.92,28
europe_lau,Saint-Martin-de-Cenilly,saint_martin_de_cenilly,sa,60.88,70.13,72.24
europe_lau,Saint-Martin-de-Varreville,saint_martin_de_varreville,sa,31,77.76,15.85
europe_lau,Saint-Martin-le-Bouillant,saint_martin_le_bouillant,sa,58.05,70.73,66.42
europe_lau,Saint-Martin-le-Gréard,saint_martin_le_greard,sa,61.61,71.18,68.44
europe_lau,Saint-Maur-des-Bois,saint_maur_des_bois,sa,36.1,53.85,73.7
europe_lau,Saint-Maurice-en-Cotentin,saint_maurice_en_cotentin,sa,47.69,69.01,86.69
europe_lau,Saint-Bonnet-le-Courreau,saint_bonnet_le_courreau,sa,30.07,56.77,-2.92
europe_lau,Saint-Bonnet-les-Oules,saint_bonnet_les_oules,sa,46.73,59.98,83.93
europe_lau,Saint-Chamond,saint_chamond,sa,52.95,66.69,82.49
europe_lau,Saint-Christo-en-Jarez,saint_christo_en_jarez,sa,50.74,68.45,81.84
europe_lau,Sainte-Colombe-sur-Gand,sainte_colombe_sur_gand,sa,58.21,68.28,50.45
europe_lau,Sainte-Croix-en-Jarez,sainte_croix_en_jarez,sa,49.53,59.37,80.57
europe_lau,Saint-Cyprien,saint_cyprien,sa,53.25,68.67,67.03
europe_lau,Saint-Cyr-de-Favières,saint_cyr_de_favieres,sa,51.99,61.23,42.67
europe_lau,Saint-Cyr-de-Valorges,saint_cyr_de_valorges,sa,53.02,72.71,26.83
europe_lau,Saint-Cyr-les-Vignes,saint_cyr_les_vignes,sa,39.49,59.5,11.48
europe_lau,Saint-Denis-de-Cabanne,saint_denis_de_cabanne,sa,53.07,67.34,73.45
europe_lau,Saint-Denis-sur-Coise,saint_denis_sur_coise,sa,42.08,67.66,58.12
europe_lau,Saint-Didier-sur-Rochefort,saint_didier_sur_rochefort,sa,44.86,59.12,81.41
europe_lau,Saint-Étienne,saint_etienne,sa,43.23,57.03,66.65
europe_lau,Saint-Étienne-le-Molard,saint_etienne_le_molard,sa,58.74,66.05,44.8
europe_lau,Saint-Forgeux-Lespinasse,saint_forgeux_lespinasse,sa,55.04,68.45,87.78
europe_lau,Sainte-Foy-Saint-Sulpice,sainte_foy_saint_sulpice,sa,48.6,57.56,77.59
europe_lau,Saint-Galmier,saint_galmier,sa,50.9,66.94,18.04
europe_lau,Saint-Genest-Lerpt,saint_genest_lerpt,sa,30.09,50.62,61.55
europe_lau,Saint-Genest-Malifaux,saint_genest_malifaux,sa,46.69,60.96,46.39
europe_lau,Saint-Georges-de-Baroille,saint_georges_de_baroille,sa,39.34,54.48,21.15
europe_lau,Saint-Georges-en-Couzan,saint_georges_en_couzan,sa,59.57,64.89,32.29
europe_lau,Saint-Georges-Haute-Ville,saint_georges_haute_ville,sa,33.8,60.73,97.33
europe_lau,Saint-Germain-la-Montagne,saint_germain_la_montagne,sa,53.91,66.8,68.45
europe_lau,Saint-Germain-Laval,saint_germain_laval,sa,40.24,50.56,50.12
europe_lau,Saint-Germain-Lespinasse,saint_germain_lespinasse,sa,47.07,68.68,68.74
europe_lau,Saint-Haon-le-Châtel,saint_haon_le_chatel,sa,62.3,77.34,60.97
europe_lau,Saint-Haon-le-Vieux,saint_haon_le_vieux,sa,31.91,56.49,-54.67
europe_lau,Saint-Héand,saint_heand,sa,63.34,73.1,64.02
europe_lau,Saint-Hilaire-Cusson-la-Valmitte,saint_hilaire_cusson_la_valmitte,sa,47.34,61.52,77.46
europe_lau,Saint-Hilaire-sous-Charlieu,saint_hilaire_sous_charlieu,sa,71.6,72.55,55.15
europe_lau,Saint-Jean-Bonnefonds,saint_jean_bonnefonds,sa,68.73,73.91,59.22
europe_lau,Saint-Jean-la-Vêtre,saint_jean_la_vetre,sa,44.59,66.11,85.29
europe_lau,Saint-Jean-Saint-Maurice-sur-Loire,saint_jean_saint_maurice_sur_loire,sa,38.6,54.03,-6.02
europe_lau,Saint-Jean-Soleymieux,saint_jean_soleymieux,sa,41.73,61.01,19.63
europe_lau,Saint-Jodard,saint_jodard,sa,62.77,81.87,43.94
europe_lau,Saint-Joseph,saint_joseph,sa,49.62,73.55,77.54
europe_lau,Saint-Julien-d'Oddes,saint_julien_d_oddes,sa,47.78,70.89,-21.96
europe_lau,Saint-Julien-Molin-Molette,saint_julien_molin_molette,sa,34.28,50.81,92.16
europe_lau,Saint-Just-en-Bas,saint_just_en_bas,sa,57.8,66.01,55.16
europe_lau,Saint-Just-en-Chevalet,saint_just_en_chevalet,sa,52.1,58.82,67.09
europe_lau,Saint-Just-la-Pendue,saint_just_la_pendue,sa,56.21,65.58,67.21
europe_lau,Saint-Laurent-la-Conche,saint_laurent_la_conche,sa,56.44,62.74,38.77
europe_lau,Saint-Laurent-Rochefort,saint_laurent_rochefort,sa,43.97,57.51,91.85
europe_lau,Saint-Léger-sur-Roanne,saint_leger_sur_roanne,sa,61.59,75.32,76.49
europe_lau,Saint-Marcel-de-Félines,saint_marcel_de_felines,sa,48.77,56.57,35.82
europe_lau,Saint-Marcel-d'Urfé,saint_marcel_d_urfe,sa,40.12,63.95,49.1
europe_lau,Saint-Marcellin-en-Forez,saint_marcellin_en_forez,sa,59.44,64.59,59.3
europe_lau,Saint-Martin-d'Estréaux,saint_martin_d_estreaux,sa,33.57,39.25,53.47
europe_lau,Saint-Martin-la-Plaine,saint_martin_la_plaine,sa,59.26,66.06,63.95
europe_lau,Saint-Martin-la-Sauveté,saint_martin_la_sauvete,sa,48.29,62.43,9.57
europe_lau,Saint-Martin-Lestra,saint_martin_lestra,sa,46.97,58.39,78.16
europe_lau,Saint-Maurice-en-Gourgois,saint_maurice_en_gourgois,sa,44.82,58.78,24.22
europe_lau,Saint-Médard-en-Forez,saint_medard_en_forez,sa,68.67,68.97,54.08
europe_lau,Saint-Michel-sur-Rhône,saint_michel_sur_rhone,sa,44.1,66.54,-21.27
europe_lau,Saint-Nizier-de-Fornas,saint_nizier_de_fornas,sa,44.74,52.93,47.83
europe_lau,Saint-Nizier-sous-Charlieu,saint_nizier_sous_charlieu,sa,47.13,74.77,-15.71
europe_lau,Saint-Paul-d'Uzore,saint_paul_d_uzore,sa,29.61,58.81,87.82
europe_lau,Saint-Paul-en-Cornillon,saint_paul_en_cornillon,sa,51.92,55.08,45.34
europe_lau,Saint-Paul-en-Jarez,saint_paul_en_jarez,sa,36.83,51.78,24.41
europe_lau,Saint-Aignan-le-Jaillard,saint_aignan_le_jaillard,sa,39.66,74.23,89.59
europe_lau,Saint-Ay,saint_ay,sa,51.68,65.06,34.27
europe_lau,Saint-Benoît-sur-Loire,saint_benoit_sur_loire,sa,55.48,65.56,73.73
europe_lau,Saint-Brisson-sur-Loire,saint_brisson_sur_loire,sa,39.5,64.6,84.52
europe_lau,Saint-Cyr-en-Val,saint_cyr_en_val,sa,39.49,57.77,98.48
europe_lau,Saint-Denis-de-l'Hôtel,saint_denis_de_l_hotel,sa,54.76,59.69,38.86
europe_lau,Saint-Denis-en-Val,saint_denis_en_val,sa,71.3,84.55,55.95
europe_lau,Saint-Firmin-des-Bois,saint_firmin_des_bois,sa,60.56,67.89,49.06
europe_lau,Saint-Firmin-sur-Loire,saint_firmin_sur_loire,sa,42.13,73.64,78.45
europe_lau,Saint-Florent,saint_florent,sa,52.53,66.5,23.69
europe_lau,Sainte-Geneviève-des-Bois,sainte_genevieve_des_bois,sa,75.12,76.8,38.97
europe_lau,Saint-Germain-des-Prés,saint_germain_des_pres,sa,48.07,58.57,42.82
europe_lau,Saint-Gondon,saint_gondon,sa,53.91,61.66,60.88
europe_lau,Saint-Hilaire-les-Andrésis,saint_hilaire_les_andresis,sa,34.81,57.4,97.84
europe_lau,Saint-Hilaire-Saint-Mesmin,saint_hilaire_saint_mesmin,sa,66.1,74.19,72.74
europe_lau,Saint-Hilaire-sur-Puiseaux,saint_hilaire_sur_puiseaux,sa,55.61,67.56,60.47
europe_lau,Saint-Jean-de-Braye,saint_jean_de_braye,sa,36.33,57.44,37.73
europe_lau,Saint-Jean-de-la-Ruelle,saint_jean_de_la_ruelle,sa,45.76,70.84,94.76
europe_lau,Saint-Jean-le-Blanc,saint_jean_le_blanc,sa,41.53,52.33,80.43
europe_lau,Saint-Loup-des-Vignes,saint_loup_des_vignes,sa,49.16,61.55,14.85
europe_lau,Saint-Lyé-la-Forêt,saint_lye_la_foret,sa,50.99,67.23,77.37
europe_lau,Saint-Martin-d'Abbat,saint_martin_d_abbat,sa,39.66,58.41,47.61
europe_lau,Saint-Martin-sur-Ocre,saint_martin_sur_ocre,sa,35.18,65.25,89.03
europe_lau,Saint-Maurice-sur-Aveyron,saint_maurice_sur_aveyron,sa,50.61,76.3,9.67
europe_lau,Saint-Maurice-sur-Fessard,saint_maurice_sur_fessard,sa,53.61,70.91,52.03
europe_lau,Saint-Michel,saint_michel,sa,44.65,61.89,6.22
europe_lau,Saint-Péravy-la-Colombe,saint_peravy_la_colombe,sa,36.23,68.34,36.6
europe_lau,Saint-Père-sur-Loire,saint_pere_sur_loire,sa,39.47,60.42,-3.22
europe_lau,Saint-Pryvé-Saint-Mesmin,saint_pryve_saint_mesmin,sa,21.73,54.65,-19.84
europe_lau,Saint-Sigismond,saint_sigismond,sa,57.41,64.49,54.05
europe_lau,Sandillon,sandillon,sa,43.94,57.24,88.42
europe_lau,Santeau,santeau,sa,37.76,68.93,64.29
europe_lau,Saran,saran,sa,64.18,69.82,44.14
europe_lau,Saint-Maurice,saint_maurice,sa,25.03,44.28,84.66
europe_lau,Saint-Thiébault,saint_thiebault,sa,66.11,73.14,48.81
europe_lau,Saint-Urbain-Maconcourt,saint_urbain_maconcourt,sa,41.42,52.88,37.99
europe_lau,Saint-Vallier-sur-Marne,saint_vallier_sur_marne,sa,46.02,63.65,16.64
europe_lau,Sarcey,sarcey,sa,39.06,55.44,79.67
europe_lau,Sarrey,sarrey,sa,53.88,63.59,53
europe_lau,Saudron,saudron,sa,46.33,69.51,68.76
europe_lau,Saulles,saulles,sa,48.55,63.05,86.48
europe_lau,Saulxures,saulxures,sa,45.24,68.86,28.29
europe_lau,Savigny,savigny,sa,72.24,74.73,64.53
europe_lau,Saint-Pierre-de-Bœuf,saint_pierre_de_boeuf,sa,37.61,58.82,88.58
europe_lau,Saint-Pierre-la-Noaille,saint_pierre_la_noaille,sa,55.54,68.65,40.28
europe_lau,Saint-Polgues,saint_polgues,sa,50.03,70.2,-9.13
europe_lau,Saint-Priest-en-Jarez,saint_priest_en_jarez,sa,52.33,62.6,33.23
europe_lau,Saint-Priest-la-Prugne,saint_priest_la_prugne,sa,40.81,52.73,40.15
europe_lau,Saint-Priest-la-Roche,saint_priest_la_roche,sa,39.92,54.58,80.48
europe_lau,Saint-Priest-la-Vêtre,saint_priest_la_vetre,sa,58.28,62.36,48.93
europe_lau,Saint-Just-Saint-Rambert,saint_just_saint_rambert,sa,58.17,69.73,25.3
europe_lau,Saint-Régis-du-Coin,saint_regis_du_coin,sa,48.22,66.71,85.79
europe_lau,Saint-Rirand,saint_rirand,sa,64.24,70.55,58.56
europe_lau,Saint-Romain-d'Urfé,saint_romain_d_urfe,sa,43.86,55.04,3.19
europe_lau,Saint-Romain-en-Jarez,saint_romain_en_jarez,sa,42.33,58.89,11.18
europe_lau,Sainte-Mère-Église,sainte_mere_eglise,sa,28.65,49.53,79.25
europe_lau,Saint-Michel-de-Montjoie,saint_michel_de_montjoie,sa,56.83,68.56,23.34
europe_lau,Saint-Nicolas-de-Pierrepont,saint_nicolas_de_pierrepont,sa,51.31,70.23,56.11
europe_lau,Saint-Nicolas-des-Bois,saint_nicolas_des_bois,sa,59.48,65.08,75.79
europe_lau,Saint-Ovin,saint_ovin,sa,42.46,57.42,16.78
europe_lau,Saint-Pair-sur-Mer,saint_pair_sur_mer,sa,71.79,72.23,70.66
europe_lau,Saint-Patrice-de-Claids,saint_patrice_de_claids,sa,57.35,73.7,79.73
europe_lau,Saint-Pierre-d'Arthéglise,saint_pierre_d_artheglise,sa,37.8,58.65,39.53
europe_lau,Saint-Pierre-de-Coutances,saint_pierre_de_coutances,sa,22.93,36.78,57.55
europe_lau,Saint-Pierre-de-Semilly,saint_pierre_de_semilly,sa,32.48,62.7,-44.86
europe_lau,Saint-Pierre-Église,saint_pierre_eglise,sa,38.53,53.02,96.8
europe_lau,Saint-Pierre-Langers,saint_pierre_langers,sa,37.57,70.51,-75.8
europe_lau,Saint-Planchers,saint_planchers,sa,53,57.74,47.01
europe_lau,Saint-Pois,saint_pois,sa,44.78,54.34,77.66
europe_lau,Saint-Quentin-sur-le-Homme,saint_quentin_sur_le_homme,sa,38.8,53.18,5.09
europe_lau,Saint-Sauveur-de-Pierrepont,saint_sauveur_de_pierrepont,sa,45.78,67.43,20.71
europe_lau,Saint-Sauveur-la-Pommeraye,saint_sauveur_la_pommeraye,sa,57.13,65.51,68.38
europe_lau,Saint-Sauveur-Villages,saint_sauveur_villages,sa,48.24,62.11,25.35
europe_lau,Saint-Sauveur-le-Vicomte,saint_sauveur_le_vicomte,sa,41.72,57.52,34.02
europe_lau,Saint-Sébastien-de-Raids,saint_sebastien_de_raids,sa,51.63,64.46,68.22
europe_lau,Saint-Senier-de-Beuvron,saint_senier_de_beuvron,sa,44.62,62.88,62.82
europe_lau,Saint-Senier-sous-Avranches,saint_senier_sous_avranches,sa,35.52,52.73,-2.49
europe_lau,Sainte-Suzanne-sur-Vire,sainte_suzanne_sur_vire,sa,50.35,72.04,80.91
europe_lau,Saint-Vaast-la-Hougue,saint_vaast_la_hougue,sa,34.47,56.78,96.15
europe_lau,Saint-Vigor-des-Monts,saint_vigor_des_monts,sa,41.24,67.3,-16.78
europe_lau,Sartilly-Baie-Bocage,sartilly_baie_bocage,sa,57.24,60.88,52.95
europe_lau,Saussemesnil,saussemesnil,sa,53.78,67.85,20.8
europe_lau,Saussey,saussey,sa,67.73,72.8,37.11
europe_lau,Savigny,savigny,sa,32.39,57.33,67.34
europe_lau,Savigny-le-Vieux,savigny_le_vieux,sa,65.16,73.02,62.22
europe_lau,Saint-Prex,saint_prex,sa,39.49,47.27,34.59
europe_lau,Saint-Sulpice (VD),saint_sulpice_vd,sa,19.32,63.7,-92.97
europe_lau,Saint-Augustin-des-Bois,saint_augustin_des_bois,sa,44.43,68.3,-16.2
europe_lau,Saint-Barthélemy-d'Anjou,saint_barthelemy_d_anjou,sa,56.18,68.44,18.68
europe_lau,Saint-Christophe-du-Bois,saint_christophe_du_bois,sa,41.82,53.8,88.32
europe_lau,Saint-Clément-de-la-Place,saint_clement_de_la_place,sa,52.37,62.36,54.04
europe_lau,Saint-Clément-des-Levées,saint_clement_des_levees,sa,35.65,53.82,87.75
europe_lau,Sainte-Gemmes-sur-Loire,sainte_gemmes_sur_loire,sa,44.44,53.36,30.98
europe_lau,Saint-Georges-sur-Loire,saint_georges_sur_loire,sa,51.64,73.99,53.42
europe_lau,Saint-Germain-des-Prés,saint_germain_des_pres,sa,52.48,76.74,70.81
europe_lau,Saint-Jean-de-la-Croix,saint_jean_de_la_croix,sa,32.48,60.13,-54.33
europe_lau,Saint-Just-sur-Dive,saint_just_sur_dive,sa,48.02,62.75,71.79
europe_lau,Saint-Lambert-la-Potherie,saint_lambert_la_potherie,sa,39.78,55.4,-12.91
europe_lau,Saint-Léger-de-Linières,saint_leger_de_linieres,sa,43.61,62.27,-9.91
europe_lau,Saint-Léger-sous-Cholet,saint_leger_sous_cholet,sa,48.54,64.99,5.48
europe_lau,Saint-Macaire-du-Bois,saint_macaire_du_bois,sa,56.79,64.46,46.21
europe_lau,Saint-Martin-du-Fouilloux,saint_martin_du_fouilloux,sa,35.84,63.72,-45.95
europe_lau,Saint-Melaine-sur-Aubance,saint_melaine_sur_aubance,sa,21.91,44.09,87.08
europe_lau,Saint-Paul-du-Bois,saint_paul_du_bois,sa,40.32,68.25,33.29
europe_lau,Saint-Philbert-du-Peuple,saint_philbert_du_peuple,sa,43.21,59.91,-10.05
europe_lau,Σαράντι,saranti,sa,29.24,66.98,70.2
europe_lau,Saint-Romain-la-Motte,saint_romain_la_motte,sa,64.64,66.66,46.28
europe_lau,Saint-Romain-le-Puy,saint_romain_le_puy,sa,60.8,65.25,68.76
europe_lau,Saint-Romain-les-Atheux,saint_romain_les_atheux,sa,54.41,68.35,71.78
europe_lau,Saint-Sauveur-en-Rue,saint_sauveur_en_rue,sa,50.83,64.15,67.43
europe_lau,Saint-Sixte,saint_sixte,sa,49.53,65.78,35.74
europe_lau,Saint-Symphorien-de-Lay,saint_symphorien_de_lay,sa,44.06,51.49,62.93
europe_lau,Saint-Thomas-la-Garde,saint_thomas_la_garde,sa,53.08,65.08,51.46
europe_lau,Saint-Victor-sur-Rhins,saint_victor_sur_rhins,sa,46.51,58.08,8.56
europe_lau,Saint-Vincent-de-Boisset,saint_vincent_de_boisset,sa,40.83,60.96,51.04
europe_lau,Salt-en-Donzy,salt_en_donzy,sa,70.92,72.69,55.49
europe_lau,Salvizinet,salvizinet,sa,47.98,65.09,-8.04
europe_lau,Sauvain,sauvain,sa,48.27,74.16,24.28
europe_lau,Savigneux,savigneux,sa,56.99,73.84,66.98
europe_lau,Saffré,saffre,sa,38.95,69.42,31.09
europe_lau,Saint-Aignan-Grandlieu,saint_aignan_grandlieu,sa,41.3,55.95,49.77
europe_lau,Saint-André-des-Eaux,saint_andre_des_eaux,sa,47.81,62.01,16.08
europe_lau,Sainte-Anne-sur-Brivet,sainte_anne_sur_brivet,sa,46.47,58.71,19.48
europe_lau,Saint-Aubin-des-Châteaux,saint_aubin_des_chateaux,sa,47.37,59.11,35.32
europe_lau,Saint-Brevin-les-Pins,saint_brevin_les_pins,sa,33.11,59.75,89.38
europe_lau,Saint-Colomban,saint_colomban,sa,44.38,64.47,81.45
europe_lau,Saint-Étienne-de-Mer-Morte,saint_etienne_de_mer_morte,sa,56.51,63.77,82.7
europe_lau,Saint-Étienne-de-Montluc,saint_etienne_de_montluc,sa,61.84,72.18,43.22
europe_lau,Saint-Fiacre-sur-Maine,saint_fiacre_sur_maine,sa,39.49,56.52,3
europe_lau,Saint-Gildas-des-Bois,saint_gildas_des_bois,sa,53.3,65.31,37.06
europe_lau,Saint-Herblain,saint_herblain,sa,63.66,79.89,63.44
europe_lau,Saint-Hilaire-de-Chaléons,saint_hilaire_de_chaleons,sa,35.57,53.72,33.8
europe_lau,Saint-Hilaire-de-Clisson,saint_hilaire_de_clisson,sa,67.54,73.86,71.92
europe_lau,Saint-Jean-de-Boiseau,saint_jean_de_boiseau,sa,55.55,75,34.05
europe_lau,Saint-Joachim,saint_joachim,sa,59.2,67.67,67.81
europe_lau,Saint-Julien-de-Concelles,saint_julien_de_concelles,sa,53.55,70.39,44.72
europe_lau,Saint-Julien-de-Vouvantes,saint_julien_de_vouvantes,sa,63.49,71.31,46.09
europe_lau,Saint-Léger-les-Vignes,saint_leger_les_vignes,sa,34.6,60.96,52
europe_lau,Sainte-Luce-sur-Loire,sainte_luce_sur_loire,sa,44.8,70.62,85.32
europe_lau,Saint-Lumine-de-Clisson,saint_lumine_de_clisson,sa,57.49,65.72,57.91
europe_lau,Saint-Lumine-de-Coutais,saint_lumine_de_coutais,sa,50.17,68.29,74.38
europe_lau,Saint-Lyphard,saint_lyphard,sa,32.01,51.07,38.79
europe_lau,Saint-Malo-de-Guersac,saint_malo_de_guersac,sa,50.67,67.09,66.57
europe_lau,Saint-Mars-de-Coutais,saint_mars_de_coutais,sa,25.09,51.05,97.18
europe_lau,Saint-Mars-du-Désert,saint_mars_du_desert,sa,52.22,60.3,53.13
europe_lau,Saint-Michel-Chef-Chef,saint_michel_chef_chef,sa,50.27,61.88,34.41
europe_lau,Saint-Molf,saint_molf,sa,55.13,70.78,47.76
europe_lau,Saint-Nazaire,saint_nazaire,sa,44.61,55.72,54.46
europe_lau,Saint-Nicolas-de-Redon,saint_nicolas_de_redon,sa,37.26,53.65,65.63
europe_lau,Sainte-Marie-du-Lac-Nuisement,sainte_marie_du_lac_nuisement,sa,43.25,55.72,67.35
europe_lau,Saint-Antoine-de-Ficalba,saint_antoine_de_ficalba,sa,52.95,61.91,19.77
europe_lau,Saint-Astier,saint_astier,sa,51.35,68.9,35.46
europe_lau,Saint-Aubin,saint_aubin,sa,54.1,67,60.12
europe_lau,Saint-Avit,saint_avit,sa,51.23,64.93,37.47
europe_lau,Saint-Barthélemy-d'Agenais,saint_barthelemy_d_agenais,sa,54.46,62.79,56.3
europe_lau,Sainte-Bazeille,sainte_bazeille,sa,55.52,65.86,78.31
europe_lau,Saint-Caprais-de-Lerm,saint_caprais_de_lerm,sa,58.11,62.93,49.13
europe_lau,Saint-Colomb-de-Lauzun,saint_colomb_de_lauzun,sa,55.51,64.53,63.74
europe_lau,Sainte-Colombe-de-Duras,sainte_colombe_de_duras,sa,65.89,70.35,65.41
europe_lau,Sainte-Colombe-de-Villeneuve,sainte_colombe_de_villeneuve,sa,38.89,54.03,85.79
europe_lau,Sainte-Colombe-en-Bruilhois,sainte_colombe_en_bruilhois,sa,67.21,70.22,75.66
europe_lau,Saint-Étienne-de-Fougères,saint_etienne_de_fougeres,sa,51.12,67.74,86.9
europe_lau,Saint-Étienne-de-Villeréal,saint_etienne_de_villereal,sa,80.98,80.37,54.14
europe_lau,Saint-Eutrope-de-Born,saint_eutrope_de_born,sa,54.55,61.04,62.03
europe_lau,Saint-Front-sur-Lémance,saint_front_sur_lemance,sa,47.38,57.34,41.83
europe_lau,Sainte-Gemme-Martaillac,sainte_gemme_martaillac,sa,60.75,66.81,64.18
europe_lau,Saint-Géraud,saint_geraud,sa,42.48,63.42,76.48
europe_lau,Saint-Hilaire-de-Lusignan,saint_hilaire_de_lusignan,sa,32.27,51.26,-0.01
europe_lau,Saint-Jean-de-Duras,saint_jean_de_duras,sa,45.45,66.87,94.08
europe_lau,Saint-Jean-de-Thurac,saint_jean_de_thurac,sa,40.97,62.78,-10.69
europe_lau,Saint-Laurent,saint_laurent,sa,48,65.11,48.03
europe_lau,Saint-Léger,saint_leger,sa,32.99,56.54,97.35
europe_lau,Saint-Léon,saint_leon,sa,51.25,65.78,86.25
europe_lau,Sainte-Livrade-sur-Lot,sainte_livrade_sur_lot,sa,56.12,67.7,57.46
europe_lau,Sainte-Marthe,sainte_marthe,sa,29.85,52.62,96.03
europe_lau,Saint-Martin-Curton,saint_martin_curton,sa,43.61,55.78,2.64
europe_lau,Saint-Martin-de-Beauville,saint_martin_de_beauville,sa,45.02,63.41,88.17
europe_lau,Saint-Martin-de-Villeréal,saint_martin_de_villereal,sa,54.78,66.61,34.46
europe_lau,Saint-Martin-Petit,saint_martin_petit,sa,24.7,51.21,82.64
europe_lau,Sainte-Maure-de-Peyriac,sainte_maure_de_peyriac,sa,52.51,62.42,82.98
europe_lau,Saint-Maurice-de-Lestapel,saint_maurice_de_lestapel,sa,55,62.91,70.46
europe_lau,Saint-Maurin,saint_maurin,sa,52.63,69.76,68.86
europe_lau,Saint-Nicolas-de-la-Balerme,saint_nicolas_de_la_balerme,sa,52.91,66.44,53.8
europe_lau,Saint-Pardoux-du-Breuil,saint_pardoux_du_breuil,sa,46.69,56.65,55.6
europe_lau,Saint-Pardoux-Isaac,saint_pardoux_isaac,sa,52.81,66.21,36.34
europe_lau,Saint-Pastour,saint_pastour,sa,40.77,61.34,26.75
europe_lau,Saint-Pé-Saint-Simon,saint_pe_saint_simon,sa,62.29,71.32,26.99
europe_lau,Saint-Pierre-de-Buzet,saint_pierre_de_buzet,sa,42.42,64.96,88.58
europe_lau,Saint-Pierre-de-Clairac,saint_pierre_de_clairac,sa,53.61,64.92,60.37
europe_lau,Saint-Pierre-sur-Dropt,saint_pierre_sur_dropt,sa,32.39,63.58,-26.58
europe_lau,Saint-Quentin-du-Dropt,saint_quentin_du_dropt,sa,52.28,66.79,13.91
europe_lau,Saint-Robert,saint_robert,sa,47.09,69.16,95.92
europe_lau,Saint-Romain-le-Noble,saint_romain_le_noble,sa,51.99,67.2,44.56
europe_lau,Saint-Salvy,saint_salvy,sa,39.68,55.66,35.79
europe_lau,Saint-Sardos,saint_sardos,sa,55.44,73.09,58.67
europe_lau,Saint-Sauveur-de-Meilhan,saint_sauveur_de_meilhan,sa,20.88,51.78,78.7
europe_lau,Saint-Sernin,saint_sernin,sa,55.94,65.79,31.13
europe_lau,Saint-Sixte,saint_sixte,sa,39.59,64.67,78.35
europe_lau,Saint-Sylvestre-sur-Lot,saint_sylvestre_sur_lot,sa,55.33,63.89,72.27
europe_lau,Saint-Urcisse,saint_urcisse,sa,41.66,62.25,8.01
europe_lau,Saint-Vincent-de-Lamontjoie,saint_vincent_de_lamontjoie,sa,47.77,55.94,40.67
europe_lau,Saint-Vite,saint_vite,sa,39.71,55.6,5.88
europe_lau,Salles,salles,sa,48.97,57.34,74.58
europe_lau,Samazan,samazan,sa,60.47,66.1,62.68
europe_lau,Sauméjan,saumejan,sa,54.25,63.43,19.58
europe_lau,Saumont,saumont,sa,41.59,67.82,84.94
europe_lau,Sauvagnas,sauvagnas,sa,64.62,67.99,38.83
europe_lau,Sauveterre-la-Lémance,sauveterre_la_lemance,sa,58.05,70.42,56.44
europe_lau,Sauveterre-Saint-Denis,sauveterre_saint_denis,sa,39.97,68.35,-15.69
europe_lau,Savignac-de-Duras,savignac_de_duras,sa,44.29,66.9,99.86
europe_lau,Savignac-sur-Leyze,savignac_sur_leyze,sa,46.74,66.75,91.46
europe_lau,Saint-Sigismond,saint_sigismond,sa,34.9,63.16,98.74
europe_lau,Sarrigné,sarrigne,sa,26.69,41.82,33.09
europe_lau,Saumur,saumur,sa,51.01,64.1,57.46
europe_lau,Savennières,savennieres,sa,53.36,71.26,73.97
europe_lau,Saint-Martin-d'Ablois,saint_martin_d_ablois,sa,57.72,64.67,56.1
europe_lau,Sainte-Pazanne,sainte_pazanne,sa,40.51,70.77,61.88
europe_lau,Saint-Père-en-Retz,saint_pere_en_retz,sa,47.35,54.54,53.96
europe_lau,Saint-Philbert-de-Grand-Lieu,saint_philbert_de_grand_lieu,sa,50.04,54.9,67.09
europe_lau,Sainte-Reine-de-Bretagne,sainte_reine_de_bretagne,sa,46.98,71.24,29.69
europe_lau,Saint-Sébastien-sur-Loire,saint_sebastien_sur_loire,sa,53.66,65.93,61.35
europe_lau,Saint-Viaud,saint_viaud,sa,41.99,64.98,99.38
europe_lau,Saint-Vincent-des-Landes,saint_vincent_des_landes,sa,49.25,65.96,8.29
europe_lau,Sautron,sautron,sa,49.84,58.79,65.08
europe_lau,Savenay,savenay,sa,59.91,71.47,46.01
europe_lau,Saint-Aignan,saint_aignan,sa,35.83,79.48,46.5
europe_lau,Saint-Amand-Longpré,saint_amand_longpre,sa,29.02,43.43,33.68
europe_lau,Sainte-Anne,sainte_anne,sa,54.72,70.35,71.75
europe_lau,Saint-Arnoult,saint_arnoult,sa,30.75,67.03,81.83
europe_lau,Saint-Bohaire,saint_bohaire,sa,60.51,76.57,42.14
europe_lau,Saint-Claude-de-Diray,saint_claude_de_diray,sa,53.63,73.36,63.81
europe_lau,Saint-Cyr-du-Gault,saint_cyr_du_gault,sa,42.66,56.06,53.5
europe_lau,Saint-Denis-sur-Loire,saint_denis_sur_loire,sa,55.64,60.02,44.45
europe_lau,Saint-Dyé-sur-Loire,saint_dye_sur_loire,sa,44.74,76.99,3.54
europe_lau,Saint-Étienne-des-Guérets,saint_etienne_des_guerets,sa,32.6,50.1,99.71
europe_lau,Saint-Firmin-des-Prés,saint_firmin_des_pres,sa,43.39,56.6,42.98
europe_lau,Saint-Georges-sur-Cher,saint_georges_sur_cher,sa,45.61,62.19,67.83
europe_lau,Saint-Gervais-la-Forêt,saint_gervais_la_foret,sa,45.3,57.06,30.45
europe_lau,Saint-Gourgon,saint_gourgon,sa,31.09,63.83,17.7
europe_lau,Saint-Hilaire-la-Gravelle,saint_hilaire_la_gravelle,sa,49.01,66.77,30.75
europe_lau,Saint-Jacques-des-Guérets,saint_jacques_des_guerets,sa,41.64,72.26,62.87
europe_lau,Saint-Jean-Froidmentel,saint_jean_froidmentel,sa,36.55,67.69,-48.22
europe_lau,Saint-Julien-de-Chédon,saint_julien_de_chedon,sa,36.35,66.95,87.59
europe_lau,Saint-Julien-sur-Cher,saint_julien_sur_cher,sa,51.12,64.52,68.83
europe_lau,Saint-Laurent-des-Bois,saint_laurent_des_bois,sa,36.24,69.03,40.42
europe_lau,Saint-Laurent-Nouan,saint_laurent_nouan,sa,38.46,46.04,41.61
europe_lau,Saint-Léonard-en-Beauce,saint_leonard_en_beauce,sa,46.04,61,95.26
europe_lau,Saint-Loup,saint_loup,sa,55.18,70.52,66.36
europe_lau,Saint-Lubin-en-Vergonnois,saint_lubin_en_vergonnois,sa,58.77,67.85,50.81
europe_lau,Saint-Marc-du-Cor,saint_marc_du_cor,sa,50.14,72.5,-6.63
europe_lau,Saint-Martin-des-Bois,saint_martin_des_bois,sa,39.78,59.28,98.89
europe_lau,Saint-Ouen,saint_ouen,sa,34.27,58.59,89.12
europe_lau,Saint-Rimay,saint_rimay,sa,45.21,56.87,15.33
europe_lau,Saint-Romain-sur-Cher,saint_romain_sur_cher,sa,55.8,65.73,56.59
europe_lau,Saint-Sulpice-de-Pommeray,saint_sulpice_de_pommeray,sa,42.35,62.65,20.71
europe_lau,Saint-Viâtre,saint_viatre,sa,52.84,62.99,69.11
europe_lau,Salbris,salbris,sa,56.92,70.41,79.88
europe_lau,Sambin,sambin,sa,49.27,65.15,2.93
europe_lau,Santenay,santenay,sa,47.98,58.13,48.24
europe_lau,Sargé-sur-Braye,sarge_sur_braye,sa,43.84,55.98,69.16
europe_lau,Sasnières,sasnieres,sa,46.95,62.78,83.89
europe_lau,Sassay,sassay,sa,36.23,63.65,-13.94
europe_lau,Savigny-sur-Braye,savigny_sur_braye,sa,53.55,60.84,36.63
europe_lau,Saint-Paul-Flaugnac,saint_paul_flaugnac,sa,68.91,72.94,58.48
europe_lau,Sai,sai,sa,36.76,69.23,24.34
europe_lau,Saint-Agnan-sur-Sarthe,saint_agnan_sur_sarthe,sa,61.83,72.54,64.63
europe_lau,Saint-André-de-Briouze,saint_andre_de_briouze,sa,64.3,71.44,50.09
europe_lau,Saint-André-de-Messei,saint_andre_de_messei,sa,66.62,71.65,65.7
europe_lau,Saint-Aquilin-de-Corbion,saint_aquilin_de_corbion,sa,26.75,61.08,-104.94
europe_lau,Saint-Aubin-d'Appenai,saint_aubin_d_appenai,sa,40.8,57.79,81.54
europe_lau,Saint-Aubin-de-Bonneval,saint_aubin_de_bonneval,sa,43.51,67.07,53
europe_lau,Saint-Aubin-de-Courteraie,saint_aubin_de_courteraie,sa,40.4,63.04,60.4
europe_lau,Saint-Bômer-les-Forges,saint_bomer_les_forges,sa,46.03,60.65,86.3
europe_lau,Saint-Brice,saint_brice,sa,48.17,63.73,85.87
europe_lau,Saint-Brice-sous-Rânes,saint_brice_sous_ranes,sa,58.32,74.01,32.73
europe_lau,Saint-Céneri-le-Gérei,saint_ceneri_le_gerei,sa,50.74,66.19,49.99
europe_lau,Sainte-Céronne-lès-Mortagne,sainte_ceronne_les_mortagne,sa,31.93,56.8,60.37
europe_lau,Saint-Christophe-de-Chaulieu,saint_christophe_de_chaulieu,sa,42.17,58.36,66.35
europe_lau,Saint-Georges,saint_georges,sa,58.17,71.31,64.66
europe_lau,Saint-Ange-et-Torçay,saint_ange_et_torcay,sa,35.72,62.25,90.36
europe_lau,Saint-Arnoult-des-Bois,saint_arnoult_des_bois,sa,47.77,69.24,92.75
europe_lau,Saint-Aubin-des-Bois,saint_aubin_des_bois,sa,46.88,60.84,33.16
europe_lau,Saint-Avit-les-Guespières,saint_avit_les_guespieres,sa,37.02,61.77,50.88
europe_lau,Saint-Bomer,saint_bomer,sa,43.23,65.23,86.24
europe_lau,Saint-Clair-de-Halouze,saint_clair_de_halouze,sa,46.29,71.64,32.75
europe_lau,Saint-Cyr-la-Rosière,saint_cyr_la_rosiere,sa,59.37,68.87,75
europe_lau,Saint-Denis-sur-Huisne,saint_denis_sur_huisne,sa,67.41,76.75,59.04
europe_lau,Saint-Denis-sur-Sarthon,saint_denis_sur_sarthon,sa,50.09,63.75,84.9
europe_lau,Saint-Ellier-les-Bois,saint_ellier_les_bois,sa,37.15,68.88,87.35
europe_lau,Saint-Evroult-de-Montfort,saint_evroult_de_montfort,sa,37.15,52.45,-21
europe_lau,Saint-Evroult-Notre-Dame-du-Bois,saint_evroult_notre_dame_du_bois,sa,51.65,58.67,43.34
europe_lau,Saint-Fraimbault,saint_fraimbault,sa,66.49,69.87,53.59
europe_lau,Saint-Fulgent-des-Ormes,saint_fulgent_des_ormes,sa,59.29,73.19,66.18
europe_lau,Sainte-Gauburge-Sainte-Colombe,sainte_gauburge_sainte_colombe,sa,42.27,66.91,29.76
europe_lau,Saint-Georges-d'Annebecq,saint_georges_d_annebecq,sa,37.5,58.54,99.37
europe_lau,Saint-Georges-des-Groseillers,saint_georges_des_groseillers,sa,51.41,65.25,77.43
europe_lau,Saint-Germain-d'Aunay,saint_germain_d_aunay,sa,27.55,51.47,64.94
europe_lau,Saint-Germain-de-Clairefeuille,saint_germain_de_clairefeuille,sa,38.29,46.62,63.64
europe_lau,Saint-Germain-de-la-Coudre,saint_germain_de_la_coudre,sa,32.83,57.57,80.15
europe_lau,Saint-Germain-des-Grois,saint_germain_des_grois,sa,32.96,55.22,-34.27
europe_lau,Saint-Germain-de-Martigny,saint_germain_de_martigny,sa,49.56,67.68,46.26
europe_lau,Saint-Germain-du-Corbéis,saint_germain_du_corbeis,sa,50.09,80.42,-10.88
europe_lau,Saint-Germain-le-Vieux,saint_germain_le_vieux,sa,64.55,80.03,56.86
europe_lau,Saint-Gervais-des-Sablons,saint_gervais_des_sablons,sa,66.51,72.31,63.09
europe_lau,Saint-Gervais-du-Perron,saint_gervais_du_perron,sa,27.34,56.76,-28.49
europe_lau,Saint-Gilles-des-Marais,saint_gilles_des_marais,sa,58.76,78.82,89.2
europe_lau,Saint-Hilaire-de-Briouze,saint_hilaire_de_briouze,sa,51.23,70.66,66.74
europe_lau,Saint-Hilaire-le-Châtel,saint_hilaire_le_chatel,sa,42.75,62.43,17.32
europe_lau,Saint-Hilaire-sur-Erre,saint_hilaire_sur_erre,sa,42.04,62.27,84.98
europe_lau,Saint-Hilaire-sur-Risle,saint_hilaire_sur_risle,sa,62.41,78.7,56.57
europe_lau,Sainte-Honorine-la-Chardonne,sainte_honorine_la_chardonne,sa,40.67,50.56,33.61
europe_lau,Sainte-Honorine-la-Guillaume,sainte_honorine_la_guillaume,sa,54.15,76.64,32.54
europe_lau,Saint-Jouin-de-Blavou,saint_jouin_de_blavou,sa,40.67,60.99,51.7
europe_lau,Saint-Julien-sur-Sarthe,saint_julien_sur_sarthe,sa,63.68,71.44,67.83
europe_lau,Saint-Lambert-sur-Dive,saint_lambert_sur_dive,sa,34.37,70.16,35.96
europe_lau,Saint-Langis-lès-Mortagne,saint_langis_les_mortagne,sa,37.28,63.78,95.02
europe_lau,Saint-Léger-sur-Sarthe,saint_leger_sur_sarthe,sa,43.43,63.51,63.07
europe_lau,Saint-Léonard-des-Parcs,saint_leonard_des_parcs,sa,30.1,53.25,90.48
europe_lau,Saint-Mard-de-Réno,saint_mard_de_reno,sa,60.48,71.45,38.49
europe_lau,Sainte-Marguerite-de-Carrouges,sainte_marguerite_de_carrouges,sa,59.2,62.31,71.46
europe_lau,Sainte-Marie-la-Robert,sainte_marie_la_robert,sa,31.4,70.83,82.22
europe_lau,Saint-Mars-d'Égrenne,saint_mars_d_egrenne,sa,31.86,51.65,-29.96
europe_lau,Saint-Martin-d'Écublei,saint_martin_d_ecublei,sa,32.46,65.74,13
europe_lau,Saint-Martin-des-Landes,saint_martin_des_landes,sa,51.18,80.06,29.82
europe_lau,Saint-Martin-des-Pézerits,saint_martin_des_pezerits,sa,54.43,69.98,27.81
europe_lau,Saint-Martin-du-Vieux-Bellême,saint_martin_du_vieux_belleme,sa,26.02,53.34,99.92
europe_lau,Saint-Martin-l'Aiguillon,saint_martin_l_aiguillon,sa,23.88,66.11,87.53
europe_lau,Saint-Michel-Tubœuf,saint_michel_tuboeuf,sa,36,61.7,-5.77
europe_lau,Saint-Nicolas-des-Bois,saint_nicolas_des_bois,sa,40.11,57.47,45.15
europe_lau,Saint-Nicolas-de-Sommaire,saint_nicolas_de_sommaire,sa,35.52,58.17,-4.98
europe_lau,Sainte-Opportune,sainte_opportune,sa,37.51,57.91,76.15
europe_lau,Saint-Ouen-de-Sécherouvre,saint_ouen_de_secherouvre,sa,47.67,59.12,72.31
europe_lau,Saint-Ouen-le-Brisoult,saint_ouen_le_brisoult,sa,44.14,72.98,73.1
europe_lau,Saint-Ouen-sur-Iton,saint_ouen_sur_iton,sa,28.3,52.53,-62.1
europe_lau,Saint-Patrice-du-Désert,saint_patrice_du_desert,sa,51.19,67.62,41.56
europe_lau,Saint-Paul,saint_paul,sa,57.82,73.87,63.72
europe_lau,Saint-Philbert-sur-Orne,saint_philbert_sur_orne,sa,41.58,49.96,37.19
europe_lau,Saint-Pierre-d'Entremont,saint_pierre_d_entremont,sa,43.41,72.54,50.99
europe_lau,Saint-Pierre-des-Loges,saint_pierre_des_loges,sa,63.22,74,35.38
europe_lau,Saint-Pierre-du-Regard,saint_pierre_du_regard,sa,51,75.12,49.6
europe_lau,Saint-Pierre-la-Bruyère,saint_pierre_la_bruyere,sa,41.6,64.82,99.95
europe_lau,Saint-Quentin-de-Blavou,saint_quentin_de_blavou,sa,59.02,64.22,77.27
europe_lau,Saint-Quentin-les-Chardonnets,saint_quentin_les_chardonnets,sa,34.6,56.53,19.77
europe_lau,Saint-Roch-sur-Égrenne,saint_roch_sur_egrenne,sa,66.93,72.92,35.6
europe_lau,Saint-Sauveur-de-Carrouges,saint_sauveur_de_carrouges,sa,52.05,64.48,71.32
europe_lau,Sainte-Scolasse-sur-Sarthe,sainte_scolasse_sur_sarthe,sa,53.74,75.4,13.45
europe_lau,Saint-Sulpice-sur-Risle,saint_sulpice_sur_risle,sa,25.58,45.53,-38.72
europe_lau,Saint-Symphorien-des-Bruyères,saint_symphorien_des_bruyeres,sa,30.89,59.55,-59.42
europe_lau,Saires-la-Verrerie,saires_la_verrerie,sa,28.89,61.79,82.8
europe_lau,Sap-en-Auge,sap_en_auge,sa,39.01,56.28,5.9
europe_lau,Sarceaux,sarceaux,sa,38.41,59.35,71.59
europe_lau,Saint-André-de-Chalencon,saint_andre_de_chalencon,sa,53.3,64.07,44.94
europe_lau,Saint-Arcons-d'Allier,saint_arcons_d_allier,sa,55.96,69.17,49.73
europe_lau,Saint-Arcons-de-Barges,saint_arcons_de_barges,sa,53.22,63.64,35.71
europe_lau,Saint-Austremoine,saint_austremoine,sa,40.25,61.14,-24.94
europe_lau,Saint-Beauzire,saint_beauzire,sa,41.66,59.58,79.56
europe_lau,Saint-Bérain,saint_berain,sa,52.88,60.68,50.09
europe_lau,Saint-Bonnet-le-Froid,saint_bonnet_le_froid,sa,34.1,49.54,97.61
europe_lau,Saint-Christophe-d'Allier,saint_christophe_d_allier,sa,54.85,61.06,35.26
europe_lau,Saint-Christophe-sur-Dolaison,saint_christophe_sur_dolaison,sa,46.26,69.1,78.85
europe_lau,Saint-Cirgues,saint_cirgues,sa,34.21,52.07,-30.03
europe_lau,Saint-Didier-en-Velay,saint_didier_en_velay,sa,48.65,65.37,83.57
europe_lau,Saint-Didier-sur-Doulon,saint_didier_sur_doulon,sa,69.42,73.11,54.34
europe_lau,Saint-Étienne-du-Vigan,saint_etienne_du_vigan,sa,63.79,70.91,75.17
europe_lau,Saint-Étienne-Lardeyrol,saint_etienne_lardeyrol,sa,58.62,71.79,66.81
europe_lau,Saint-Étienne-sur-Blesle,saint_etienne_sur_blesle,sa,50.14,62.95,26.44
europe_lau,Sainte-Eugénie-de-Villeneuve,sainte_eugenie_de_villeneuve,sa,43.19,64.38,-13.99
europe_lau,Saint-Ferréol-d'Auroure,saint_ferreol_d_auroure,sa,35.52,54.1,91.29
europe_lau,Sainte-Florine,sainte_florine,sa,53.88,65.77,65.88
europe_lau,Saint-Front,saint_front,sa,40.08,48.9,52.82
europe_lau,Saint-Geneys-près-Saint-Paulien,saint_geneys_pres_saint_paulien,sa,55.05,64.36,72.83
europe_lau,Saint-Georges-d'Aurac,saint_georges_d_aurac,sa,27.57,52.97,37.19
europe_lau,Saint-Georges-Lagricol,saint_georges_lagricol,sa,39.48,62.75,97.39
europe_lau,Saint-Germain-Laprade,saint_germain_laprade,sa,22.63,52.99,33.51
europe_lau,Saint-Géron,saint_geron,sa,34,72.98,89.65
europe_lau,Saint-Haon,saint_haon,sa,50.7,64.22,51.94
europe_lau,Saint-Hilaire,saint_hilaire,sa,53.32,57.76,29.34
europe_lau,Sacy,sacy,sa,32.47,74.38,32.32
europe_lau,Saint-Amand-sur-Fion,saint_amand_sur_fion,sa,41.74,63.18,73.17
europe_lau,Saint-Bon,saint_bon,sa,46.41,59.03,32.5
europe_lau,Saint-Brice-Courcelles,saint_brice_courcelles,sa,42.98,53.84,75.54
europe_lau,Saint-Chéron,saint_cheron,sa,37.84,66.84,-20.02
europe_lau,Saint-Étienne-au-Temple,saint_etienne_au_temple,sa,42.27,65.46,13.47
europe_lau,Saint-Étienne-sur-Suippe,saint_etienne_sur_suippe,sa,43.47,74.42,94.97
europe_lau,Saint-Eulien,saint_eulien,sa,38.91,63.16,27.49
europe_lau,Saint-Euphraise-et-Clairizet,saint_euphraise_et_clairizet,sa,55.61,70.6,46
europe_lau,Sainte-Gemme,sainte_gemme,sa,28.38,59.62,-104.36
europe_lau,Saint-Germain-la-Ville,saint_germain_la_ville,sa,33.61,90.3,38.22
europe_lau,Saint-Gibrien,saint_gibrien,sa,49.04,71.91,58.72
europe_lau,Saint-Gilles,saint_gilles,sa,48.11,70.69,23.36
europe_lau,Saint-Hilaire-au-Temple,saint_hilaire_au_temple,sa,50.17,77.76,13.41
europe_lau,Saint-Hilaire-le-Grand,saint_hilaire_le_grand,sa,35.54,53.27,41.06
europe_lau,Saint-Hilaire-le-Petit,saint_hilaire_le_petit,sa,34.25,70.61,-9.7
europe_lau,Saint-Imoges,saint_imoges,sa,62.16,64.81,41.74
europe_lau,Saint-Jean-devant-Possesse,saint_jean_devant_possesse,sa,51,64.67,70.18
europe_lau,Saint-Jean-sur-Moivre,saint_jean_sur_moivre,sa,23.65,60.48,83.62
europe_lau,Saint-Jean-sur-Tourbe,saint_jean_sur_tourbe,sa,24.44,54.87,-65.5
europe_lau,Saint-Just-Sauvage,saint_just_sauvage,sa,58.71,67.63,41.01
europe_lau,Saint-Léonard,saint_leonard,sa,25.26,64.12,-21.07
europe_lau,Saint-Loup,saint_loup,sa,51.98,58.72,39.78
europe_lau,Saint-Lumier-en-Champagne,saint_lumier_en_champagne,sa,46.95,65.66,28.24
europe_lau,Saint-Lumier-la-Populeuse,saint_lumier_la_populeuse,sa,29.59,72.57,-140.58
europe_lau,Saint-Mard-sur-Auve,saint_mard_sur_auve,sa,52.03,72.59,94.72
europe_lau,Saint-Mard-lès-Rouffy,saint_mard_les_rouffy,sa,25.73,85.56,77.03
europe_lau,Saint-Mard-sur-le-Mont,saint_mard_sur_le_mont,sa,49.55,69.19,22.45
europe_lau,Sainte-Marie-à-Py,sainte_marie_a_py,sa,43.61,62.69,93.87
europe_lau,Saint-Martin-aux-Champs,saint_martin_aux_champs,sa,36.83,69.58,44.41
europe_lau,Saint-Martin-l'Heureux,saint_martin_l_heureux,sa,15.35,51.85,-6.12
europe_lau,Saint-Martin-sur-le-Pré,saint_martin_sur_le_pre,sa,34.88,72.41,51.72
europe_lau,Saint-Masmes,saint_masmes,sa,27.78,48.53,-56.62
europe_lau,Saint-Memmie,saint_memmie,sa,46.93,70.31,-9.1
europe_lau,Sainte-Menehould,sainte_menehould,sa,63.04,67.64,52.91
europe_lau,Saint-Ouen-Domprot,saint_ouen_domprot,sa,44.89,81.15,-23.66
europe_lau,Saint-Pierre,saint_pierre,sa,40.31,58.03,80.32
europe_lau,Saint-Quentin-les-Marais,saint_quentin_les_marais,sa,49.89,72.38,11
europe_lau,Saint-Quentin-le-Verger,saint_quentin_le_verger,sa,48.97,74.45,43.2
europe_lau,Saint-Quentin-sur-Coole,saint_quentin_sur_coole,sa,28.35,70.91,70.02
europe_lau,Saint-Antoine-du-Rocher,saint_antoine_du_rocher,sa,42.46,72.9,95.83
europe_lau,Saint-Aubin-le-Dépeint,saint_aubin_le_depeint,sa,61.13,74.2,62.85
europe_lau,Saint-Avertin,saint_avertin,sa,57.58,61.96,63.79
europe_lau,Saint-Benoît-la-Forêt,saint_benoit_la_foret,sa,52.03,71.01,75.05
europe_lau,Saint-Branchs,saint_branchs,sa,29.38,49.27,41.16
europe_lau,Sainte-Catherine-de-Fierbois,sainte_catherine_de_fierbois,sa,55.07,67.66,62.87
europe_lau,Saint-Christophe-sur-le-Nais,saint_christophe_sur_le_nais,sa,40.03,56.21,28.96
europe_lau,Saint-Cyr-sur-Loire,saint_cyr_sur_loire,sa,43.93,69.89,96.11
europe_lau,Saint-Épain,saint_epain,sa,46.99,63.07,22.11
europe_lau,Saint-Étienne-de-Chigny,saint_etienne_de_chigny,sa,45,70.13,84.43
europe_lau,Saint-Flovier,saint_flovier,sa,49.77,57.08,28.47
europe_lau,Saint-Genouph,saint_genouph,sa,48.23,69.29,0.14
europe_lau,Saint-Germain-sur-Vienne,saint_germain_sur_vienne,sa,47.88,60.52,42.29
europe_lau,Saint-Hippolyte,saint_hippolyte,sa,60.84,78.3,44.14
europe_lau,Saint-Jean-Saint-Germain,saint_jean_saint_germain,sa,30.34,49.77,4.93
europe_lau,Saint-Laurent-de-Lin,saint_laurent_de_lin,sa,31.11,67.12,24.16
europe_lau,Saint-Laurent-en-Gâtines,saint_laurent_en_gatines,sa,39.62,57.44,35.89
europe_lau,Saint-Martin-le-Beau,saint_martin_le_beau,sa,49.65,64.7,4.31
europe_lau,Sainte-Maure-de-Touraine,sainte_maure_de_touraine,sa,39.88,66.1,30.46
europe_lau,Saint-Nicolas-de-Bourgueil,saint_nicolas_de_bourgueil,sa,44.2,57.21,92.37
europe_lau,Saint-Nicolas-des-Motets,saint_nicolas_des_motets,sa,47.6,68.99,76.42
europe_lau,Saint-Ouen-les-Vignes,saint_ouen_les_vignes,sa,38.16,64.15,50.16
europe_lau,Saint-Paterne-Racan,saint_paterne_racan,sa,57.03,68.7,5.39
europe_lau,Saint-Pierre-des-Corps,saint_pierre_des_corps,sa,49.5,66.28,46.53
europe_lau,Saint-Quentin-sur-Indrois,saint_quentin_sur_indrois,sa,38.47,58.22,99.19
europe_lau,Saint-Règle,saint_regle,sa,47.97,66.91,14.98
europe_lau,Saint-Roch,saint_roch,sa,30.93,70.08,92.72
europe_lau,Saint-Senoch,saint_senoch,sa,57.72,66.48,69.76
europe_lau,Saunay,saunay,sa,58.99,68,76.46
europe_lau,Savigné-sur-Lathan,savigne_sur_lathan,sa,44.33,57.73,90.19
europe_lau,Savigny-en-Véron,savigny_en_veron,sa,52.04,60.56,48.47
europe_lau,Savonnières,savonnieres,sa,56.72,71.31,52.2
europe_lau,Sazilly,sazilly,sa,52.04,72.13,17.39
europe_lau,Saint-Maurice-en-Trièves,saint_maurice_en_trieves,sa,34.1,66.18,75.56
europe_lau,Saint-Maurice-l'Exil,saint_maurice_l_exil,sa,52.42,63.21,39
europe_lau,Saint-Maximin,saint_maximin,sa,52.67,66.83,56.24
europe_lau,Saint-Michel-de-Saint-Geoirs,saint_michel_de_saint_geoirs,sa,50.81,71.23,73.13
europe_lau,Saint-Michel-en-Beaumont,saint_michel_en_beaumont,sa,29,69.44,-115.39
europe_lau,Saint-Michel-les-Portes,saint_michel_les_portes,sa,29.59,47.98,3.85
europe_lau,Saint-Mury-Monteymond,saint_mury_monteymond,sa,17.03,52.65,88.68
europe_lau,Saint-Nazaire-les-Eymes,saint_nazaire_les_eymes,sa,17.98,49.89,84.49
europe_lau,Saint-Nicolas-de-Macherin,saint_nicolas_de_macherin,sa,64.44,71.41,38.78
europe_lau,Saint-Nizier-du-Moucherotte,saint_nizier_du_moucherotte,sa,31.48,64.76,94.25
europe_lau,Saint-Ondras,saint_ondras,sa,44.67,60.21,27.07
europe_lau,Saint-Paul-de-Varces,saint_paul_de_varces,sa,47.67,67.63,62.16
europe_lau,Saint-Paul-d'Izeaux,saint_paul_d_izeaux,sa,58.3,74.17,24.26
europe_lau,Saint-Paul-lès-Monestier,saint_paul_les_monestier,sa,24.15,48.77,87.43
europe_lau,Saint-Pierre-de-Bressieux,saint_pierre_de_bressieux,sa,47.81,63.56,72.54
europe_lau,Saint-Pierre-de-Chartreuse,saint_pierre_de_chartreuse,sa,54.87,66.34,39.54
europe_lau,Saint-Pierre-de-Chérennes,saint_pierre_de_cherennes,sa,22.26,52.73,-111.54
europe_lau,Saint-Pierre-de-Méaroz,saint_pierre_de_mearoz,sa,31.26,70.69,59.41
europe_lau,Saint-Pierre-de-Mésage,saint_pierre_de_mesage,sa,40.03,66.31,-7.07
europe_lau,Saint-Pierre-d'Entremont,saint_pierre_d_entremont,sa,54.74,74.2,76.19
europe_lau,Saint-Prim,saint_prim,sa,46.99,56.07,24.49
europe_lau,Saint-Quentin-Fallavier,saint_quentin_fallavier,sa,57.08,69.1,69.14
europe_lau,Saint-Quentin-sur-Isère,saint_quentin_sur_isere,sa,24.71,48.13,17.43
europe_lau,Saint-Romain-de-Jalionas,saint_romain_de_jalionas,sa,51.3,70.88,87.77
europe_lau,Saint-Romain-de-Surieu,saint_romain_de_surieu,sa,39.11,70.88,93.84
europe_lau,Savièse,saviese,sa,35.14,41.23,73.82
europe_lau,Sablons,sablons,sa,44.21,68.26,0.7
europe_lau,Sadirac,sadirac,sa,50.13,64.62,35.47
europe_lau,Saillans,saillans,sa,40.03,54.65,57.75
europe_lau,Saint-Aignan,saint_aignan,sa,57.29,69.78,36.74
europe_lau,Saint-André-de-Cubzac,saint_andre_de_cubzac,sa,57.03,71.19,24.07
europe_lau,Saint-André-du-Bois,saint_andre_du_bois,sa,48.35,67.71,21.63
europe_lau,Saint-André-et-Appelles,saint_andre_et_appelles,sa,43.45,58.29,17.22
europe_lau,Saint-Androny,saint_androny,sa,30.14,49.46,77.22
europe_lau,Sagnat,sagnat,sa,41.38,54.43,27.32
europe_lau,Sannat,sannat,sa,46.09,60.77,86.96
europe_lau,Sardent,sardent,sa,48.3,53.25,65.64
europe_lau,Sabran,sabran,sa,66.82,71.83,48.8
europe_lau,Saint-Alexandre,saint_alexandre,sa,46.49,68.98,-2.6
europe_lau,Saint-Ambroix,saint_ambroix,sa,49.28,54.26,67.28
europe_lau,Sainte-Anastasie,sainte_anastasie,sa,53.84,59.06,30.16
europe_lau,Saint-André-de-Majencoules,saint_andre_de_majencoules,sa,54.76,59.04,58.27
europe_lau,Saint-André-de-Roquepertuis,saint_andre_de_roquepertuis,sa,29.85,56.68,-57.47
europe_lau,Saint-André-de-Valborgne,saint_andre_de_valborgne,sa,44.53,57.53,13.83
europe_lau,Saint-André-d'Olérargues,saint_andre_d_olerargues,sa,43.67,59,18.29
europe_lau,Saint-Bauzély,saint_bauzely,sa,30.05,64.83,-58.57
europe_lau,Saint-Bénézet,saint_benezet,sa,43.08,54.46,45.71
europe_lau,Saint-Bonnet-du-Gard,saint_bonnet_du_gard,sa,70,72.48,66.02
europe_lau,Saint-Bonnet-de-Salendrinque,saint_bonnet_de_salendrinque,sa,47.4,62.05,90.79
europe_lau,Saint-Brès,saint_bres,sa,44.04,67.72,10.42
europe_lau,Saint-Bresson,saint_bresson,sa,62.02,74.96,47.2
europe_lau,Sainte-Cécile-d'Andorge,sainte_cecile_d_andorge,sa,39.66,63.48,47.96
europe_lau,Saint-Césaire-de-Gauzignan,saint_cesaire_de_gauzignan,sa,54.58,66.75,87.1
europe_lau,Saint-Chaptes,saint_chaptes,sa,69.94,72.73,65.77
europe_lau,Saint-Christol-de-Rodières,saint_christol_de_rodieres,sa,25.12,55.34,82.81
europe_lau,Saint-Christol-lez-Alès,saint_christol_lez_ales,sa,44.58,60.14,50.16
europe_lau,Saint-Clément,saint_clement,sa,59.01,63.97,57.69
europe_lau,Saint-Côme-et-Maruéjols,saint_come_et_maruejols,sa,46.94,55.65,77.11
europe_lau,Sainte-Croix-de-Caderle,sainte_croix_de_caderle,sa,42.62,68.38,18.73
europe_lau,Saint-Denis,saint_denis,sa,59.88,64.45,49.44
europe_lau,Saint-Dézéry,saint_dezery,sa,54.07,69.85,68.27
europe_lau,Saint-Dionisy,saint_dionisy,sa,60.28,75.93,46.46
europe_lau,Saint-Étienne-de-l'Olm,saint_etienne_de_l_olm,sa,42.88,73.07,90.19
europe_lau,Saint-Étienne-des-Sorts,saint_etienne_des_sorts,sa,64.03,75.14,65.74
europe_lau,Saint-Félix-de-Pallières,saint_felix_de_pallieres,sa,56.84,68.59,41.6
europe_lau,Saint-Florent-sur-Auzonnet,saint_florent_sur_auzonnet,sa,39.57,52.01,86.6
europe_lau,Saint-Geniès-de-Comolas,saint_genies_de_comolas,sa,39.23,59.71,37.27
europe_lau,Saint-Geniès-de-Malgoirès,saint_genies_de_malgoires,sa,32.66,68.63,-42.09
europe_lau,Saint-Gervais,saint_gervais,sa,55.64,82.8,70.23
europe_lau,Saint-Gervasy,saint_gervasy,sa,37.46,64.89,88.22
europe_lau,Saint-Gilles,saint_gilles,sa,29.14,51.29,90.53
europe_lau,Saint-Hilaire-de-Brethmas,saint_hilaire_de_brethmas,sa,50.31,63.22,83.71
europe_lau,Saint-Hilaire-d'Ozilhan,saint_hilaire_d_ozilhan,sa,51.51,73.66,67.1
europe_lau,Saint-Hippolyte-de-Caton,saint_hippolyte_de_caton,sa,49.82,73.76,83.42
europe_lau,Saint-Hippolyte-de-Montaigu,saint_hippolyte_de_montaigu,sa,35.49,83.17,-45.22
europe_lau,Saint-Hippolyte-du-Fort,saint_hippolyte_du_fort,sa,51.94,65.18,70.3
europe_lau,Saint-Jean-de-Ceyrargues,saint_jean_de_ceyrargues,sa,33.76,56.97,-26.8
europe_lau,Saint-Jean-de-Crieulon,saint_jean_de_crieulon,sa,37.54,61.29,82.27
europe_lau,Saint-Jean-de-Maruéjols-et-Avéjan,saint_jean_de_maruejols_et_avejan,sa,58.26,63.31,47.01
europe_lau,Saint-Jean-de-Serres,saint_jean_de_serres,sa,66.83,69.56,63.36
europe_lau,Saint-Jean-de-Valériscle,saint_jean_de_valeriscle,sa,52.02,75.85,84
europe_lau,Saint-Jean-du-Gard,saint_jean_du_gard,sa,54.46,62.74,45.27
europe_lau,Saint-Jean-du-Pin,saint_jean_du_pin,sa,55.35,66.12,70.8
europe_lau,Saint-Julien-de-Cassagnas,saint_julien_de_cassagnas,sa,49.89,72.73,56.84
europe_lau,Saint-Julien-de-la-Nef,saint_julien_de_la_nef,sa,32.95,57.97,94.3
europe_lau,Saint-Julien-de-Peyrolas,saint_julien_de_peyrolas,sa,48.37,68.87,18.77
europe_lau,Saint-Julien-les-Rosiers,saint_julien_les_rosiers,sa,37.15,63.72,98.23
europe_lau,Saint-Just-et-Vacquières,saint_just_et_vacquieres,sa,50.83,67.98,53.3
europe_lau,Saint-Laurent-d'Aigouze,saint_laurent_d_aigouze,sa,36.61,55.82,73.09
europe_lau,Saint-Laurent-de-Carnols,saint_laurent_de_carnols,sa,54.29,71.6,84.69
europe_lau,Saint-Laurent-des-Arbres,saint_laurent_des_arbres,sa,34.76,45.82,60.21
europe_lau,Saint-Laurent-la-Vernède,saint_laurent_la_vernede,sa,33.24,51.36,90.92
europe_lau,Saint-Laurent-le-Minier,saint_laurent_le_minier,sa,45.55,58.97,67.88
europe_lau,Sabaillan,sabaillan,sa,43.08,71.08,63.59
europe_lau,Sabazan,sabazan,sa,63.54,71.44,66.59
europe_lau,Sadeillan,sadeillan,sa,48.87,68.56,40.1
europe_lau,Saint-André,saint_andre,sa,33.7,50.42,11.03
europe_lau,Sainte-Anne,sainte_anne,sa,63.33,65.55,63.28
europe_lau,Saint-Antoine,saint_antoine,sa,42.32,62.46,0.28
europe_lau,Saint-Antonin,saint_antonin,sa,38.18,71.66,8.41
europe_lau,Saint-Arailles,saint_arailles,sa,57.68,67.3,24.07
europe_lau,Saint-Arroman,saint_arroman,sa,51.85,64.75,77.2
europe_lau,Saint-Aunix-Lengros,saint_aunix_lengros,sa,34.92,61.05,-20.86
europe_lau,Saint-Gingolph,saint_gingolph,sa,35.04,54,42.05
europe_lau,Sainte-Aurence-Cazaux,sainte_aurence_cazaux,sa,47.51,71.89,77.46
europe_lau,Saint-Avit-Frandat,saint_avit_frandat,sa,77.05,83.07,56.27
europe_lau,Saint-Blancard,saint_blancard,sa,40.86,70.66,-22.59
europe_lau,Saint-Brès,saint_bres,sa,50.15,66.98,73.63
europe_lau,Saint-Christaud,saint_christaud,sa,49.62,69.44,58.84
europe_lau,Sainte-Christie,sainte_christie,sa,56.75,68,78.79
europe_lau,Sainte-Christie-d'Armagnac,sainte_christie_d_armagnac,sa,44.47,61.53,72.9
europe_lau,Saint-Clar,saint_clar,sa,52.46,59.11,41.37
europe_lau,Saint-Créac,saint_creac,sa,59.68,69.92,40.16
europe_lau,Saint-Cricq,saint_cricq,sa,42.26,60.75,-9.58
europe_lau,Sainte-Dode,sainte_dode,sa,50.67,69.2,1.01
europe_lau,Saint-Élix-d'Astarac,saint_elix_d_astarac,sa,45.92,65.22,-12.77
europe_lau,Saint-Élix-Theux,saint_elix_theux,sa,37.03,58.33,-26.3
europe_lau,Sainte-Gemme,sainte_gemme,sa,60.66,70.58,68.67
europe_lau,Saint-Georges,saint_georges,sa,64.33,76.04,54.67
europe_lau,Saint-Germé,saint_germe,sa,45.89,60.42,23.28
europe_lau,Saint-Germier,saint_germier,sa,62.1,70.04,28.56
europe_lau,Saint-Griède,saint_griede,sa,65.16,71.56,69.51
europe_lau,Saint-Jean-le-Comtal,saint_jean_le_comtal,sa,45.72,69.52,38.99
europe_lau,Saint-Jean-Poutge,saint_jean_poutge,sa,38.17,48.52,82.9
europe_lau,Saint-Justin,saint_justin,sa,48.22,70.19,90.9
europe_lau,Saint-Lary,saint_lary,sa,60.35,75.86,37.88
europe_lau,Saint-Léonard,saint_leonard,sa,62.58,71.01,76.9
europe_lau,Saint-Lizier-du-Planté,saint_lizier_du_plante,sa,36.51,56.02,80.9
europe_lau,Saint-Loube,saint_loube,sa,36.7,72.53,-76.46
europe_lau,Sainte-Marie,sainte_marie,sa,62.54,72.03,37.17
europe_lau,Saint-Martin,saint_martin,sa,57.92,64.77,39.47
europe_lau,Saint-Martin-d'Armagnac,saint_martin_d_armagnac,sa,46.79,66.45,17.39
europe_lau,Saint-Martin-de-Goyne,saint_martin_de_goyne,sa,49.32,65.79,65.56
europe_lau,Saint-Martin-Gimois,saint_martin_gimois,sa,51.28,74.56,16.74
europe_lau,Saint-Maur,saint_maur,sa,49.79,58.59,76.79
europe_lau,Saint-Médard,saint_medard,sa,53.15,66.14,8.93
europe_lau,Sainte-Mère,sainte_mere,sa,63.68,72.63,42.82
europe_lau,Saint-Mézard,saint_mezard,sa,46.79,64.86,32.91
europe_lau,Saint-Michel,saint_michel,sa,33.93,55.52,-22.31
europe_lau,Saint-Mont,saint_mont,sa,50.25,58.91,73.52
europe_lau,Saint-Orens,saint_orens,sa,61.76,67.92,39.07
europe_lau,Saint-Orens-Pouy-Petit,saint_orens_pouy_petit,sa,44.86,63.2,56.77
europe_lau,Saint-Ost,saint_ost,sa,63.43,81.26,24.02
europe_lau,Saint-Paul-de-Baïse,saint_paul_de_baise,sa,60.67,70.19,82.99
europe_lau,Saint-Pierre-d'Aubézies,saint_pierre_d_aubezies,sa,58.61,71.78,77
europe_lau,Saint-Puy,saint_puy,sa,68.13,73.01,39.25
europe_lau,Sainte-Radegonde,sainte_radegonde,sa,64.69,76.29,72.58
europe_lau,Saint-Sauvy,saint_sauvy,sa,36.53,67.81,21.22
europe_lau,Saint-Soulan,saint_soulan,sa,43.74,74.4,-15.76
europe_lau,Salles-d'Armagnac,salles_d_armagnac,sa,49.22,64.57,67.25
europe_lau,Samaran,samaran,sa,51.74,74.39,77.26
europe_lau,Samatan,samatan,sa,37.54,53.27,45.6
europe_lau,Sansan,sansan,sa,47.56,59.65,12.49
europe_lau,Saramon,saramon,sa,51.02,62.39,61.02
europe_lau,Sarcos,sarcos,sa,47.5,57.72,18.85
europe_lau,Sarragachies,sarragachies,sa,54.4,70.15,74.73
europe_lau,Saint-Antoine-du-Queyret,saint_antoine_du_queyret,sa,45.45,77.22,95.94
europe_lau,Saint-Antoine-sur-l'Isle,saint_antoine_sur_l_isle,sa,20.59,62.17,91.61
europe_lau,Saint-Aubin-de-Blaye,saint_aubin_de_blaye,sa,60.37,76.75,76.99
europe_lau,Saint-Aubin-de-Branne,saint_aubin_de_branne,sa,42.52,62.13,34.59
europe_lau,Σανταλάρης,santalares,sa,22.96,42.71,96.27
europe_lau,Saint-Mamert-du-Gard,saint_mamert_du_gard,sa,55.72,71.25,46.15
europe_lau,Saint-Marcel-de-Careiret,saint_marcel_de_careiret,sa,41.39,56.22,34.71
europe_lau,Saint-Martial,saint_martial,sa,46.85,62.95,66.71
europe_lau,Satigny,satigny,sa,60.64,74.19,34.83
europe_lau,Sadroc,sadroc,sa,58.43,67.69,64.78
europe_lau,Saillac,saillac,sa,33.77,66.68,92.39
europe_lau,Saint-Angel,saint_angel,sa,58.31,66.79,71.7
europe_lau,Saint-Augustin,saint_augustin,sa,38.33,54.95,87.38
europe_lau,Saint-Aulaire,saint_aulaire,sa,52.89,70.07,20.13
europe_lau,Saint-Bazile-de-Meyssac,saint_bazile_de_meyssac,sa,53.8,67.84,24.75
europe_lau,Saint-Bonnet-Elvert,saint_bonnet_elvert,sa,64.6,72.73,47.48
europe_lau,Saint-Bonnet-la-Rivière,saint_bonnet_la_riviere,sa,38.42,54.57,86.59
europe_lau,Saint-Bonnet-l'Enfantier,saint_bonnet_l_enfantier,sa,51.47,79.89,48.55
europe_lau,Saint-Bonnet-les-Tours-de-Merle,saint_bonnet_les_tours_de_merle,sa,50.22,71.43,69.79
europe_lau,Saint-Romans,saint_romans,sa,49.22,73.15,13.3
europe_lau,Saint-Sauveur,saint_sauveur,sa,39.7,56.7,78.17
europe_lau,Saint-Savin,saint_savin,sa,39.74,71.35,24.93
europe_lau,Saint-Siméon-de-Bressieux,saint_simeon_de_bressieux,sa,48,61.2,81.19
europe_lau,Saint-Sorlin-de-Morestel,saint_sorlin_de_morestel,sa,59.57,63.84,52.29
europe_lau,Saint-Sorlin-de-Vienne,saint_sorlin_de_vienne,sa,54.03,62.36,69.81
europe_lau,Saint-Sulpice-des-Rivoires,saint_sulpice_des_rivoires,sa,32.82,70.74,78.86
europe_lau,Saint-Théoffrey,saint_theoffrey,sa,38.55,66.46,96.16
europe_lau,Saint-Vérand,saint_verand,sa,48.42,72.05,71.73
europe_lau,Saint-Victor-de-Cessieu,saint_victor_de_cessieu,sa,52.6,71.97,24.93
europe_lau,Saint-Victor-de-Morestel,saint_victor_de_morestel,sa,45,63.54,74.57
europe_lau,Saint-Vincent-de-Mercuze,saint_vincent_de_mercuze,sa,42.68,63.41,61.27
europe_lau,Salagnon,salagnon,sa,40.63,52.85,13.36
europe_lau,Salaise-sur-Sanne,salaise_sur_sanne,sa,46.83,65.9,-2.55
europe_lau,Sarcenas,sarcenas,sa,59.48,69.35,50.47
europe_lau,Sardieu,sardieu,sa,52.28,78.47,47.6
europe_lau,Sassenage,sassenage,sa,60.38,78.09,30.94
europe_lau,Satolas-et-Bonce,satolas_et_bonce,sa,55.03,66.1,67.42
europe_lau,Savas-Mépin,savas_mepin,sa,37.67,49.92,87.07
europe_lau,Saint-André-de-Buèges,saint_andre_de_bueges,sa,64.14,76.17,53.91
europe_lau,Saint-André-de-Sangonis,saint_andre_de_sangonis,sa,49.39,62.91,85.44
europe_lau,Saint-Aunès,saint_aunes,sa,41.62,70.24,24.21
europe_lau,Saint-Bauzille-de-la-Sylve,saint_bauzille_de_la_sylve,sa,53.08,64.33,36
europe_lau,Saint-Bauzille-de-Montmel,saint_bauzille_de_montmel,sa,40.28,54.08,54.68
europe_lau,Saint-Bauzille-de-Putois,saint_bauzille_de_putois,sa,53.15,70.24,68.68
europe_lau,Saint-Brès,saint_bres,sa,54.45,70.25,73.72
europe_lau,Saint-Chinian,saint_chinian,sa,38.72,51.13,75.99
europe_lau,Saint-Clément-de-Rivière,saint_clement_de_riviere,sa,27.88,58.48,82.69
europe_lau,Sainte-Croix-de-Quintillargues,sainte_croix_de_quintillargues,sa,54.19,68.18,78.4
europe_lau,Saint-Drézéry,saint_drezery,sa,54.59,63.43,45.94
europe_lau,Saint-Étienne-d'Albagnan,saint_etienne_d_albagnan,sa,31.68,49.44,64.69
europe_lau,Saint-Étienne-de-Gourgas,saint_etienne_de_gourgas,sa,35.77,62.2,89.32
europe_lau,Saint-Étienne-Estréchoux,saint_etienne_estrechoux,sa,45.61,61.15,-10.29
europe_lau,Saint-Félix-de-l'Héras,saint_felix_de_l_heras,sa,36.46,57.67,4.44
europe_lau,Saint-Félix-de-Lodez,saint_felix_de_lodez,sa,60.19,75.62,28.86
europe_lau,Saint-Gély-du-Fesc,saint_gely_du_fesc,sa,57.08,70.02,66.48
europe_lau,Saint-Geniès-des-Mourgues,saint_genies_des_mourgues,sa,61.45,71.99,51.12
europe_lau,Saint-Geniès-de-Varensal,saint_genies_de_varensal,sa,48.17,74.59,58.82
europe_lau,Saint-Geniès-de-Fontedit,saint_genies_de_fontedit,sa,62.86,71.79,62.8
europe_lau,Saint-Georges-d'Orques,saint_georges_d_orques,sa,32.09,68.4,39.39
europe_lau,Saint-Gervais-sur-Mare,saint_gervais_sur_mare,sa,49.52,56.96,72.32
europe_lau,Saint-Guilhem-le-Désert,saint_guilhem_le_desert,sa,57.4,70.17,67.9
europe_lau,Saint-Guiraud,saint_guiraud,sa,64.4,78.6,54.36
europe_lau,Saint-Hilaire-de-Beauvoir,saint_hilaire_de_beauvoir,sa,45.35,61.24,17.88
europe_lau,Saint-Jean-de-Buèges,saint_jean_de_bueges,sa,50.46,71.56,19.54
europe_lau,Saint-Jean-de-Cornies,saint_jean_de_cornies,sa,55.16,77.77,63.49
europe_lau,Saint-Jean-de-Cuculles,saint_jean_de_cuculles,sa,35.37,55.18,99.86
europe_lau,Saint-Jean-de-Fos,saint_jean_de_fos,sa,29.2,54.6,94.23
europe_lau,Saint-Jean-de-la-Blaquière,saint_jean_de_la_blaquiere,sa,53.38,75.27,91.62
europe_lau,Saint-Jean-de-Minervois,saint_jean_de_minervois,sa,42.93,68.09,26.98
europe_lau,Saint-Blaise,saint_blaise,sa,49.01,55.94,77.89
europe_lau,Saint-Jean-de-Védas,saint_jean_de_vedas,sa,70.15,64.98,60.91
europe_lau,Saint-Julien,saint_julien,sa,36.52,64.06,-2.43
europe_lau,Saint-Just,saint_just,sa,47.64,57.92,48.57
europe_lau,Sant'Antonino,sant_antonino,sa,26.34,53.03,-6.65
europe_lau,Saint-Aubin-de-Médoc,saint_aubin_de_medoc,sa,64.77,71.36,45.32
europe_lau,Saint-Avit-de-Soulège,saint_avit_de_soulege,sa,69.58,79.38,61.07
europe_lau,Saint-Avit-Saint-Nazaire,saint_avit_saint_nazaire,sa,50.77,63.02,45.23
europe_lau,Saint-Brice,saint_brice,sa,64.8,73.22,59.2
europe_lau,Saint-Caprais-de-Bordeaux,saint_caprais_de_bordeaux,sa,63.09,70.74,49.4
europe_lau,Saint-Christoly-de-Blaye,saint_christoly_de_blaye,sa,29.78,54.05,89.61
europe_lau,Saint-Christoly-Médoc,saint_christoly_medoc,sa,45.25,78.35,59.02
europe_lau,Saint-Christophe-des-Bardes,saint_christophe_des_bardes,sa,64.63,69.76,54.15
europe_lau,Saint-Christophe-de-Double,saint_christophe_de_double,sa,74.72,70.2,59.08
europe_lau,Saint-Cibard,saint_cibard,sa,32.34,50.94,73.35
europe_lau,Saint-Ciers-d'Abzac,saint_ciers_d_abzac,sa,49.3,75.74,77.66
europe_lau,Saint-Ciers-de-Canesse,saint_ciers_de_canesse,sa,50.03,64.59,56.07
europe_lau,Saint-Ciers-sur-Gironde,saint_ciers_sur_gironde,sa,33.08,59.68,11.66
europe_lau,Sainte-Colombe,sainte_colombe,sa,57.34,70.01,26.42
europe_lau,Saint-Côme,saint_come,sa,48.54,57.65,19.03
europe_lau,Sainte-Croix-du-Mont,sainte_croix_du_mont,sa,51.1,69.09,8.76
europe_lau,Saint-Denis-de-Pile,saint_denis_de_pile,sa,46.08,65.58,7.56
europe_lau,Saint-Émilion,saint_emilion,sa,48.9,61.91,79.57
europe_lau,Saint-Estèphe,saint_estephe,sa,57.85,71.75,77.76
europe_lau,Saint-Étienne-de-Lisse,saint_etienne_de_lisse,sa,38.31,59.51,67.48
europe_lau,Sainte-Eulalie,sainte_eulalie,sa,50.01,83.43,71.02
europe_lau,Saint-Exupéry,saint_exupery,sa,46.15,63.63,34.7
europe_lau,Saint-Félix-de-Foncaude,saint_felix_de_foncaude,sa,38.84,67.58,-18.24
europe_lau,Saint-Ferme,saint_ferme,sa,59.04,73.39,68.62
europe_lau,Sainte-Florence,sainte_florence,sa,45.86,65.42,97.26
europe_lau,Sainte-Foy-la-Grande,sainte_foy_la_grande,sa,56.1,68.17,21.34
europe_lau,Sainte-Foy-la-Longue,sainte_foy_la_longue,sa,56.96,74.61,51.25
europe_lau,Sainte-Gemme,sainte_gemme,sa,56.49,61.76,77.24
europe_lau,Saint-Genès-de-Blaye,saint_genes_de_blaye,sa,59.87,83.6,53.92
europe_lau,Saint-Genès-de-Castillon,saint_genes_de_castillon,sa,41.59,61.34,-5.44
europe_lau,Saint-Genès-de-Fronsac,saint_genes_de_fronsac,sa,40.02,65.5,97.66
europe_lau,Saint-Genès-de-Lombaud,saint_genes_de_lombaud,sa,29.74,56.12,-7.99
europe_lau,Saint-Genis-du-Bois,saint_genis_du_bois,sa,60.96,76.54,24.07
europe_lau,Saint-Germain-de-Grave,saint_germain_de_grave,sa,34.01,49.29,59.58
europe_lau,Saint-Germain-d'Esteuil,saint_germain_d_esteuil,sa,38.04,64.66,68.99
europe_lau,Saint-Germain-du-Puch,saint_germain_du_puch,sa,50.66,67.35,48.85
europe_lau,Saint-Germain-de-la-Rivière,saint_germain_de_la_riviere,sa,37.29,64.79,29.48
europe_lau,Saint-Gervais,saint_gervais,sa,41.66,56.77,31.93
europe_lau,Saint-Girons-d'Aiguevives,saint_girons_d_aiguevives,sa,47.97,68.83,85.95
europe_lau,Sainte-Hélène,sainte_helene,sa,70.12,70.99,63.71
europe_lau,Saint-Hilaire-de-la-Noaille,saint_hilaire_de_la_noaille,sa,66.33,73.28,59.99
europe_lau,Saint-Hilaire-du-Bois,saint_hilaire_du_bois,sa,53.14,73.76,53.01
europe_lau,Saint-Hippolyte,saint_hippolyte,sa,41.19,78.97,88.99
europe_lau,Saint-Jean-de-Blaignac,saint_jean_de_blaignac,sa,48.91,63.42,48.73
europe_lau,Saint-Jean-d'Illac,saint_jean_d_illac,sa,66.88,72.26,51.43
europe_lau,Saint-Julien-Beychevelle,saint_julien_beychevelle,sa,52.87,76.79,26.6
europe_lau,Saint-Laurent-Médoc,saint_laurent_medoc,sa,63.28,69.2,56.77
europe_lau,Saint-Laurent-d'Arce,saint_laurent_d_arce,sa,58.02,71.05,81.27
europe_lau,Saint-Laurent-des-Combes,saint_laurent_des_combes,sa,27.92,69.15,79.92
europe_lau,Saint-Laurent-du-Bois,saint_laurent_du_bois,sa,57.85,66,50.73
europe_lau,Saint-Laurent-du-Plan,saint_laurent_du_plan,sa,61.66,63.72,44.62
europe_lau,Saint-Léger-de-Balson,saint_leger_de_balson,sa,72.58,72.52,68.98
europe_lau,Saint-Léon,saint_leon,sa,50.87,72.56,78.55
europe_lau,Saint-Loubert,saint_loubert,sa,52.66,72.49,51.83
europe_lau,Saint-Loubès,saint_loubes,sa,52.96,60.49,61.24
europe_lau,Saint-Louis-de-Montferrand,saint_louis_de_montferrand,sa,24.02,67.86,79.03
europe_lau,Saint-Macaire,saint_macaire,sa,29.65,75.32,-29.6
europe_lau,Saint-Magne,saint_magne,sa,60.58,77.83,73.55
europe_lau,Saint-Magne-de-Castillon,saint_magne_de_castillon,sa,65.39,68.27,53.51
europe_lau,Saint-Maixant,saint_maixant,sa,34.8,54.15,67.81
europe_lau,Saint-Mariens,saint_mariens,sa,53.25,72.52,30.63
europe_lau,Saint-Martial,saint_martial,sa,43.33,70.03,30.74
europe_lau,Saint-Martin-Lacaussade,saint_martin_lacaussade,sa,49.44,60.28,58.05
europe_lau,Saint-Martin-de-Laye,saint_martin_de_laye,sa,56.16,70.57,75.28
europe_lau,Saint-Martin-de-Lerm,saint_martin_de_lerm,sa,52.51,71.29,77.03
europe_lau,Saint-Martin-de-Sescas,saint_martin_de_sescas,sa,47.44,66.29,92.4
europe_lau,Saint-Martin-du-Bois,saint_martin_du_bois,sa,43.88,54.16,84.47
europe_lau,Saint-Martin-du-Puy,saint_martin_du_puy,sa,68.83,83.34,48.09
europe_lau,Saint-Martin-de-l'Arçon,saint_martin_de_l_arcon,sa,31.1,58.86,94.72
europe_lau,Saint-Martin-de-Londres,saint_martin_de_londres,sa,65.09,64.83,63.82
europe_lau,Saint-Mathieu-de-Tréviers,saint_mathieu_de_treviers,sa,57.32,63.45,60.32
europe_lau,Saint-Maurice-Navacelles,saint_maurice_navacelles,sa,56.96,71.46,56.5
europe_lau,Saint-Michel,saint_michel,sa,70.24,75.08,68.17
europe_lau,Saint-Nazaire-de-Ladarez,saint_nazaire_de_ladarez,sa,47.34,61.72,77.67
europe_lau,Saint-Nazaire-de-Pézan,saint_nazaire_de_pezan,sa,41.22,59.42,93.22
europe_lau,Saint-Pargoire,saint_pargoire,sa,28.68,45.67,-45.12
europe_lau,Saint-Paul-et-Valmalle,saint_paul_et_valmalle,sa,43.39,58.43,23.75
europe_lau,Saint-Pierre-de-la-Fage,saint_pierre_de_la_fage,sa,52.9,68.01,76.57
europe_lau,Saint-Pons-de-Thomières,saint_pons_de_thomieres,sa,45.15,56.93,81.18
europe_lau,Saint-Pons-de-Mauchiens,saint_pons_de_mauchiens,sa,35.55,82.28,-2.51
europe_lau,Saint-Privat,saint_privat,sa,36.41,57.31,-25.47
europe_lau,Saint-Saturnin-de-Lucian,saint_saturnin_de_lucian,sa,25.63,53.14,91.48
europe_lau,Saint-Sériès,saint_series,sa,48.21,55.72,43.54
europe_lau,Saint-Thibéry,saint_thibery,sa,35.47,52.22,34.5
europe_lau,Saint-Vincent-de-Barbeyrargues,saint_vincent_de_barbeyrargues,sa,38.54,63.18,96.64
europe_lau,Saint-Vincent-d'Olargues,saint_vincent_d_olargues,sa,53.12,61.11,48
europe_lau,Salasc,salasc,sa,52.02,63.2,26.81
europe_lau,Saturargues,saturargues,sa,50.21,76.17,91.94
europe_lau,Saussan,saussan,sa,31.73,44.89,-0.83
europe_lau,Saussines,saussines,sa,61.78,72.39,79.25
europe_lau,Sauteyrargues,sauteyrargues,sa,44.38,63.1,99.39
europe_lau,Sauvian,sauvian,sa,43.82,65.56,95.82
europe_lau,Saint-Martin-de-Valgalgues,saint_martin_de_valgalgues,sa,53.71,60.95,66.62
europe_lau,Saint-Maurice-de-Cazevieille,saint_maurice_de_cazevieille,sa,44.52,60.25,70.13
europe_lau,Saint-Maximin,saint_maximin,sa,59,75.28,79.79
europe_lau,Saint-Michel-d'Euzet,saint_michel_d_euzet,sa,28.58,48.8,95.92
europe_lau,Saint-Nazaire,saint_nazaire,sa,57.94,68.57,54.69
europe_lau,Saint-Nazaire-des-Gardies,saint_nazaire_des_gardies,sa,60.03,82.52,59.91
europe_lau,Saint-Paulet-de-Caisson,saint_paulet_de_caisson,sa,42.6,65.76,64.09
europe_lau,Saint-Paul-la-Coste,saint_paul_la_coste,sa,29.17,48.85,41.47
europe_lau,Saint-Pons-la-Calm,saint_pons_la_calm,sa,22.56,45.68,85.51
europe_lau,Saint-Privat-de-Champclos,saint_privat_de_champclos,sa,59.01,79.26,26.51
europe_lau,Saint-Privat-des-Vieux,saint_privat_des_vieux,sa,50.65,75.16,74.14
europe_lau,Saint-Quentin-la-Poterie,saint_quentin_la_poterie,sa,70.07,71.9,68.27
europe_lau,Saint-Roman-de-Codières,saint_roman_de_codieres,sa,62.24,72.89,63.26
europe_lau,Saint-Sauveur-Camprieu,saint_sauveur_camprieu,sa,47.41,65.69,-4.37
europe_lau,Saint-Sébastien-d'Aigrefeuille,saint_sebastien_d_aigrefeuille,sa,50.79,67.72,84.62
europe_lau,Saint-Siffret,saint_siffret,sa,52.64,71.3,69.53
europe_lau,Saint-Théodorit,saint_theodorit,sa,66.54,85.68,80.92
europe_lau,Saint-Victor-des-Oules,saint_victor_des_oules,sa,35.08,69.23,-11.49
europe_lau,Saint-Victor-la-Coste,saint_victor_la_coste,sa,56.79,73.32,83.13
europe_lau,Saint-Victor-de-Malcap,saint_victor_de_malcap,sa,53.22,69.63,56.86
europe_lau,Salazac,salazac,sa,61.02,75.14,73.24
europe_lau,Salindres,salindres,sa,42.49,62.4,20.02
europe_lau,Salinelles,salinelles,sa,41.8,64.93,96.97
europe_lau,Sanilhac-Sagriès,sanilhac_sagries,sa,59.48,72.71,66.93
europe_lau,Sardan,sardan,sa,51.92,56.7,69.94
europe_lau,Saumane,saumane,sa,49.07,66.94,73.72
europe_lau,Sauve,sauve,sa,42.03,55.74,90.24
europe_lau,Sauveterre,sauveterre,sa,34.56,54.35,26.93
europe_lau,Sauzet,sauzet,sa,27.16,63.29,-130.88
europe_lau,Savignargues,savignargues,sa,55.71,70.79,63
europe_lau,Saze,saze,sa,63.41,70.79,44.71
europe_lau,Sarraguzan,sarraguzan,sa,37.34,62.36,95.38
europe_lau,Sarrant,sarrant,sa,60.54,73.83,35.16
europe_lau,Sauveterre,sauveterre,sa,53.9,76.24,33.61
europe_lau,Sauviac,sauviac,sa,55.28,72.43,26.26
europe_lau,Sauvimont,sauvimont,sa,40.71,66.01,35.81
europe_lau,Savignac-Mona,savignac_mona,sa,42.83,66.87,3.3
europe_lau,Saint-Caprais,saint_caprais,sa,24.01,47.1,-12.41
europe_lau,Saint-Bonnet-près-Bort,saint_bonnet_pres_bort,sa,46,59.09,93.14
europe_lau,Saint-Cernin-de-Larche,saint_cernin_de_larche,sa,69.87,71.33,70.19
europe_lau,Saint-Chamant,saint_chamant,sa,56.03,67.03,24.65
europe_lau,Saint-Cirgues-la-Loutre,saint_cirgues_la_loutre,sa,56.71,76.12,57.64
europe_lau,Saint-Clément,saint_clement,sa,51.33,57.23,73.57
europe_lau,Saint-Cyprien,saint_cyprien,sa,46.5,53.64,55.67
europe_lau,Saint-Cyr-la-Roche,saint_cyr_la_roche,sa,56.93,71.14,82.22
europe_lau,Saint-Éloy-les-Tuileries,saint_eloy_les_tuileries,sa,44.68,49.94,56.33
europe_lau,Saint-Étienne-aux-Clos,saint_etienne_aux_clos,sa,65.77,72.02,68.02
europe_lau,Saint-Étienne-la-Geneste,saint_etienne_la_geneste,sa,55.76,66.21,55.22
europe_lau,Saint-Exupéry-les-Roches,saint_exupery_les_roches,sa,45.89,56.15,37.18
europe_lau,Sainte-Féréole,sainte_fereole,sa,59.89,66.57,76.25
europe_lau,Sainte-Fortunade,sainte_fortunade,sa,44.88,60.22,93.88
europe_lau,Saint-Fréjoux,saint_frejoux,sa,55.25,63.51,49.42
europe_lau,Saint-Geniez-ô-Merle,saint_geniez_o_merle,sa,31.73,55.51,65.15
europe_lau,Saint-Germain-Lavolps,saint_germain_lavolps,sa,54.4,65.53,45.9
europe_lau,Saint-Germain-les-Vergnes,saint_germain_les_vergnes,sa,57.54,62.94,62.39
europe_lau,Saint-Hilaire-Foissac,saint_hilaire_foissac,sa,39.08,50.9,71.72
europe_lau,Saint-Hilaire-les-Courbes,saint_hilaire_les_courbes,sa,50.82,60.91,27.11
europe_lau,Saint-Hilaire-Luc,saint_hilaire_luc,sa,41.93,50.24,52.53
europe_lau,Saint-Hilaire-Peyroux,saint_hilaire_peyroux,sa,37.77,58.16,98.8
europe_lau,Saint-Hilaire-Taurieux,saint_hilaire_taurieux,sa,37.69,61.77,88.21
europe_lau,Saint-Jal,saint_jal,sa,53.42,63.59,22.32
europe_lau,Saint-Julien-aux-Bois,saint_julien_aux_bois,sa,54.91,66.83,85.05
europe_lau,Saint-Julien-le-Pèlerin,saint_julien_le_pelerin,sa,43.04,61.22,99.7
europe_lau,Saint-Médard-de-Guizières,saint_medard_de_guizieres,sa,44.11,65.85,11.97
europe_lau,Saint-Médard-d'Eyrans,saint_medard_d_eyrans,sa,45.92,65.12,49.19
europe_lau,Saint-Médard-en-Jalles,saint_medard_en_jalles,sa,40.52,61.87,-28.35
europe_lau,Saint-Michel-de-Castelnau,saint_michel_de_castelnau,sa,49.42,64.65,59.21
europe_lau,Saas-Almagell,saas_almagell,sa,51.28,66.82,76.54
europe_lau,Saint-Michel-de-Fronsac,saint_michel_de_fronsac,sa,22.87,52.42,95.92
europe_lau,Saint-Michel-de-Rieufret,saint_michel_de_rieufret,sa,52.24,58.53,46.36
europe_lau,Saliceto,saliceto,sa,13.12,51.19,-78.87
europe_lau,Sant'Andréa-di-Bozio,sant_andrea_di_bozio,sa,34.15,49.74,-1.29
europe_lau,Sant'Andréa-di-Cotone,sant_andrea_di_cotone,sa,36.24,54.69,77.23
europe_lau,Sant'Antonino,sant_antonino,sa,58.32,73.51,63.32
europe_lau,San-Damiano,san_damiano,sa,33.11,58.94,-9.42
europe_lau,Saint-Florent,saint_florent,sa,24.88,39.51,18.48
europe_lau,Saint-Paul-les-Fonts,saint_paul_les_fonts,sa,21.47,43.52,91.62
europe_lau,Sacierges-Saint-Martin,sacierges_saint_martin,sa,24.72,37.37,63.63
europe_lau,Saint-Aigny,saint_aigny,sa,40.41,64.96,9.26
europe_lau,Saint-Aoustrille,saint_aoustrille,sa,58.55,65.77,31.25
europe_lau,Saint-Août,saint_aout,sa,53.68,64.28,28.77
europe_lau,Saint-Aubin,saint_aubin,sa,40,58.51,96.47
europe_lau,Saint-Benoît-du-Sault,saint_benoit_du_sault,sa,27.52,73.82,38.56
europe_lau,Saint-Chartier,saint_chartier,sa,49.13,63.29,87.03
europe_lau,Saint-Christophe-en-Bazelle,saint_christophe_en_bazelle,sa,44.54,65.11,89.81
europe_lau,Saint-Christophe-en-Boucherie,saint_christophe_en_boucherie,sa,54.7,68.01,84.54
europe_lau,Saint-Civran,saint_civran,sa,50.09,63.72,60.91
europe_lau,Saint-Cyran-du-Jambot,saint_cyran_du_jambot,sa,51.23,64.33,32.26
europe_lau,Saint-Denis-de-Jouhet,saint_denis_de_jouhet,sa,60.6,69.48,28.14
europe_lau,Sainte-Fauste,sainte_fauste,sa,54.17,63.63,72.56
europe_lau,Saint-Florentin,saint_florentin,sa,40.31,68.26,85.65
europe_lau,Saint-Gaultier,saint_gaultier,sa,47.06,72.76,69.89
europe_lau,Sainte-Gemme,sainte_gemme,sa,56.35,69.36,53.89
europe_lau,Saint-Genou,saint_genou,sa,60.24,76.53,72.69
europe_lau,Saint-Georges-sur-Arnon,saint_georges_sur_arnon,sa,47.29,58.54,39.17
europe_lau,Saint-Gilles,saint_gilles,sa,61.44,66.41,59.27
europe_lau,Saint-Hilaire-sur-Benaize,saint_hilaire_sur_benaize,sa,43.95,61.3,39.35
europe_lau,Saint-Lactencin,saint_lactencin,sa,45.73,58.14,33.83
europe_lau,Sainte-Lizaigne,sainte_lizaigne,sa,56.27,60.64,62.01
europe_lau,Saint-Marcel,saint_marcel,sa,33.62,54.66,-18.2
europe_lau,Saint-Maur,saint_maur,sa,40.74,57.7,96.99
europe_lau,Saint-Coulitz,saint_coulitz,sa,52.43,57.21,74.29
europe_lau,Saint-Derrien,saint_derrien,sa,58.48,60.12,51.36
europe_lau,Saint-Divy,saint_divy,sa,50.04,64.13,38.13
europe_lau,Saint-Eloy,saint_eloy,sa,24.22,49.87,-99.42
europe_lau,Saint-Évarzec,saint_evarzec,sa,56.77,73.01,85.66
europe_lau,Saint-Frégant,saint_fregant,sa,41.3,75.33,62.66
europe_lau,Saint-Goazec,saint_goazec,sa,45.01,65.84,10.22
europe_lau,Saint-Hernin,saint_hernin,sa,51.23,70.93,71.45
europe_lau,Saint-Jean-du-Doigt,saint_jean_du_doigt,sa,30.27,68.79,82.86
europe_lau,Saint-Jean-Trolimon,saint_jean_trolimon,sa,31.65,59.87,-30.34
europe_lau,Saint-Martin-des-Champs,saint_martin_des_champs,sa,37.82,77.01,82.91
europe_lau,Saint-Méen,saint_meen,sa,42.25,61.33,64.15
europe_lau,Saint-Nic,saint_nic,sa,60.26,74.22,40.89
europe_lau,Saint-Pabu,saint_pabu,sa,63.49,81.48,41.31
europe_lau,Saint-Pol-de-Léon,saint_pol_de_leon,sa,62.85,65.95,72.94
europe_lau,Saint-Renan,saint_renan,sa,52.28,67.81,68.19
europe_lau,Saint-Rivoal,saint_rivoal,sa,37.51,59.04,-8.1
europe_lau,Saint-Sauveur,saint_sauveur,sa,54.54,69.11,69.58
europe_lau,Saint-Ségal,saint_segal,sa,39.07,59.74,53.72
europe_lau,Saint-Cergue,saint_cergue,sa,34.67,56.1,31.89
europe_lau,Saint-Servais,saint_servais,sa,29.28,55.5,90.46
europe_lau,Sainte-Sève,sainte_seve,sa,47.41,68.43,81.93
europe_lau,Saint-Thégonnec Loc-Eguiner,saint_thegonnec_loc_eguiner,sa,25.94,52.46,83.85
europe_lau,Sabonnères,sabonneres,sa,37.21,73.15,5.32
europe_lau,Saccourvielle,saccourvielle,sa,44.13,63.89,95.32
europe_lau,Saiguède,saiguede,sa,49.73,70.21,6.55
europe_lau,Saint-Alban,saint_alban,sa,29.93,62.18,76.18
europe_lau,Saint-André,saint_andre,sa,54.11,64.86,89.23
europe_lau,Saint-Julien-le-Vendômois,saint_julien_le_vendomois,sa,40.93,61.34,77.27
europe_lau,Saint-Julien-Maumont,saint_julien_maumont,sa,70.21,80.8,52.93
europe_lau,Sainte-Marie-Lapanouze,sainte_marie_lapanouze,sa,39.31,50.89,40.48
europe_lau,Saint-Martial-de-Gimel,saint_martial_de_gimel,sa,35.17,53.42,14.56
europe_lau,Saint-Martial-Entraygues,saint_martial_entraygues,sa,55.99,66.41,69.86
europe_lau,Saint-Martin-la-Méanne,saint_martin_la_meanne,sa,38.62,63.42,95.97
europe_lau,Saint-Martin-Sepert,saint_martin_sepert,sa,26.23,57.14,81.27
europe_lau,Saint-Merd-de-Lapleau,saint_merd_de_lapleau,sa,57.48,69.03,85.84
europe_lau,Saint-Merd-les-Oussines,saint_merd_les_oussines,sa,55.18,56.09,68.92
europe_lau,Saint-Mexant,saint_mexant,sa,47.7,58.26,13.3
europe_lau,Saint-Pantaléon-de-Lapleau,saint_pantaleon_de_lapleau,sa,38.4,56.91,61.11
europe_lau,Saint-Pantaléon-de-Larche,saint_pantaleon_de_larche,sa,62.19,68.89,41.34
europe_lau,Saint-Pardoux-Corbier,saint_pardoux_corbier,sa,27.23,48.82,89.72
europe_lau,Saint-Pardoux-la-Croisille,saint_pardoux_la_croisille,sa,46.15,53.97,51.28
europe_lau,Saint-Pardoux-le-Neuf,saint_pardoux_le_neuf,sa,49.12,56.73,71.87
europe_lau,Saint-Pardoux-le-Vieux,saint_pardoux_le_vieux,sa,52.2,62.2,84.7
europe_lau,Saint-Pardoux-l'Ortigier,saint_pardoux_l_ortigier,sa,34.95,61.29,93.5
europe_lau,Saint-Paul,saint_paul,sa,48.57,66,31.95
europe_lau,Saint-Priest-de-Gimel,saint_priest_de_gimel,sa,41.42,49.07,75.58
europe_lau,Saint-Privat,saint_privat,sa,50.81,64.25,52.67
europe_lau,Saint-Rémy,saint_remy,sa,41.95,55.43,64.62
europe_lau,Saint-Robert,saint_robert,sa,49.68,64.27,77.15
europe_lau,Saint-Salvadour,saint_salvadour,sa,54.71,68.62,84.04
europe_lau,Saint-Setiers,saint_setiers,sa,67.87,71.4,69.99
europe_lau,Saint-Solve,saint_solve,sa,43.78,67.31,98.36
europe_lau,Saint-Sornin-Lavolps,saint_sornin_lavolps,sa,62.1,84.92,72.6
europe_lau,Saint-Sulpice-les-Bois,saint_sulpice_les_bois,sa,41.38,53.08,49.19
europe_lau,Saint-Sylvain,saint_sylvain,sa,41.06,63.24,8.11
europe_lau,Saint-Viance,saint_viance,sa,46.33,56.16,83.59
europe_lau,Saint-Victour,saint_victour,sa,40.27,48.76,20.07
europe_lau,Saint-Ybard,saint_ybard,sa,39.27,53.77,83.12
europe_lau,Saint-Yrieix-le-Déjalat,saint_yrieix_le_dejalat,sa,51.4,67.05,81.92
europe_lau,Salon-la-Tour,salon_la_tour,sa,56.94,68.01,45.47
europe_lau,Sarran,sarran,sa,62.85,63.11,48.68
europe_lau,Sarroux - Saint Julien,sarroux_saint_julien,sa,55.44,72.87,72
europe_lau,Saillon,saillon,sa,57.3,73,10.25
europe_lau,Saxon,saxon,sa,66.83,74.51,35.37
europe_lau,Saint-Araille,saint_araille,sa,39.11,66.64,12.63
europe_lau,Saint-Aventin,saint_aventin,sa,13.67,49.24,87.16
europe_lau,Saint-Béat-Lez,saint_beat_lez,sa,28.17,37.98,88.4
europe_lau,Saint-Bertrand-de-Comminges,saint_bertrand_de_comminges,sa,52.57,58.18,56.82
europe_lau,Saint-Cézert,saint_cezert,sa,61.44,74.15,11.63
europe_lau,Saint-Christaud,saint_christaud,sa,42.9,62.36,3.06
europe_lau,Saint-Clar-de-Rivière,saint_clar_de_riviere,sa,38.95,61.65,90.64
europe_lau,Saint-Élix-le-Château,saint_elix_le_chateau,sa,61.96,70.26,52.41
europe_lau,Saint-Élix-Séglan,saint_elix_seglan,sa,48.57,71.02,96.01
europe_lau,Saint-Félix-Lauragais,saint_felix_lauragais,sa,31.4,41.14,74.12
europe_lau,Saint-Ferréol-de-Comminges,saint_ferreol_de_comminges,sa,54.04,66.3,46.16
europe_lau,Sainte-Foy-d'Aigrefeuille,sainte_foy_d_aigrefeuille,sa,55.71,63.59,33.22
europe_lau,Sainte-Foy-de-Peyrolières,sainte_foy_de_peyrolieres,sa,53.71,65.95,34.27
europe_lau,Saint-Frajou,saint_frajou,sa,62.32,73.59,48.87
europe_lau,Saint-Gaudens,saint_gaudens,sa,41.99,53.93,93.13
europe_lau,Saint-Geniès-Bellevue,saint_genies_bellevue,sa,37.57,47.02,52.75
europe_lau,Saint-Germier,saint_germier,sa,38.87,56.42,78.27
europe_lau,Saint-Hilaire,saint_hilaire,sa,48.53,72.53,-4.28
europe_lau,Saint-Ignan,saint_ignan,sa,23.25,44.59,-68.2
europe_lau,Saint-Jean,saint_jean,sa,34.76,78.08,47.26
europe_lau,Saint-Jean-Lherm,saint_jean_lherm,sa,39.46,54.12,51.89
europe_lau,Saint-Jory,saint_jory,sa,45.79,65,43.99
europe_lau,Saint-Julia,saint_julia,sa,54.94,71.12,73.51
europe_lau,Saint-Julien-sur-Garonne,saint_julien_sur_garonne,sa,41.05,49.39,85.65
europe_lau,Saint-Lary-Boujean,saint_lary_boujean,sa,49.14,75.24,3.71
europe_lau,Saint-Laurent,saint_laurent,sa,69.94,74.21,49.52
europe_lau,Saint-Léon,saint_leon,sa,57.79,71.02,65.43
europe_lau,Sainte-Livrade,sainte_livrade,sa,49.85,80.02,6.96
europe_lau,Saint-Loup-Cammas,saint_loup_cammas,sa,37.27,50.91,48.29
europe_lau,Saint-Loup-en-Comminges,saint_loup_en_comminges,sa,46.31,61.9,-4.88
europe_lau,Saint-Lys,saint_lys,sa,48.76,70.97,3.06
europe_lau,Saint-Mamet,saint_mamet,sa,42.84,62.25,18.79
europe_lau,Saint-Marcel-Paulel,saint_marcel_paulel,sa,50.33,81.52,45.09
europe_lau,Saint-Marcet,saint_marcet,sa,60.18,72.46,55.08
europe_lau,Saint-Martory,saint_martory,sa,54.22,66.22,78.22
europe_lau,Saint-Médard,saint_medard,sa,33.28,74.89,-10.83
europe_lau,Saint-Michel,saint_michel,sa,48.02,58.83,81.53
europe_lau,Saint-Orens-de-Gameville,saint_orens_de_gameville,sa,41.01,59.27,75.22
europe_lau,Saint-Paul-sur-Save,saint_paul_sur_save,sa,38.37,67.02,58.57
europe_lau,Saint-Martin-de-la-Cluze,saint_martin_de_la_cluze,sa,52.82,72.99,71.72
europe_lau,Saint-Adrien,saint_adrien,sa,41,66.9,95.17
europe_lau,Saint-Agathon,saint_agathon,sa,49.13,74.61,17.17
europe_lau,Saint-Alban,saint_alban,sa,54.18,61.78,48.36
europe_lau,Saint-André-des-Eaux,saint_andre_des_eaux,sa,39.12,51.28,73.44
europe_lau,Saint-Barnabé,saint_barnabe,sa,37.96,60.66,25.02
europe_lau,Saint-Bihy,saint_bihy,sa,30.19,51.54,-8.84
europe_lau,Saint-Brandan,saint_brandan,sa,43.47,50.42,51.51
europe_lau,Saint-Brieuc,saint_brieuc,sa,35.8,47.44,-3.61
europe_lau,Saint-Caradec,saint_caradec,sa,39.88,51.44,70
europe_lau,Saint-Carné,saint_carne,sa,54.73,66.47,37.34
europe_lau,Saint-Carreuc,saint_carreuc,sa,53.07,68.8,47.12
europe_lau,Saint-Cast-le-Guildo,saint_cast_le_guildo,sa,39.44,68.01,88.03
europe_lau,Saint-Clet,saint_clet,sa,46.85,54.79,69.39
europe_lau,Saint-Connan,saint_connan,sa,36.16,61.25,-49.59
europe_lau,Saint-Connec,saint_connec,sa,41.89,54.39,18.93
europe_lau,Saint-Denoual,saint_denoual,sa,43.75,59.05,20.04
europe_lau,Saint-Michel-de-Lapujade,saint_michel_de_lapujade,sa,21.02,56.32,-18.11
europe_lau,Saint-Morillon,saint_morillon,sa,52.38,64.83,49.01
europe_lau,Saint-Palais,saint_palais,sa,38.25,61.4,11.49
europe_lau,Saint-Pardon-de-Conques,saint_pardon_de_conques,sa,47.98,68.35,87.53
europe_lau,Saint-Paul,saint_paul,sa,43.18,67.76,-7.94
europe_lau,Saint-Pey-d'Armens,saint_pey_d_armens,sa,33.44,58.06,37.82
europe_lau,Saint-Pey-de-Castets,saint_pey_de_castets,sa,39.44,59.24,99.9
europe_lau,Saint-Philippe-d'Aiguille,saint_philippe_d_aiguille,sa,44.98,59.24,-2.04
europe_lau,Saas-Balen,saas_balen,sa,31.14,59.11,19.49
europe_lau,Saint-Philippe-du-Seignal,saint_philippe_du_seignal,sa,47.37,56.78,71.55
europe_lau,Saint-Pierre-d'Aurillac,saint_pierre_d_aurillac,sa,54.99,72.94,80.22
europe_lau,Saint-Pierre-de-Bat,saint_pierre_de_bat,sa,64.02,74.19,47.11
europe_lau,Saint-Pierre-de-Mons,saint_pierre_de_mons,sa,41.48,66.18,93.33
europe_lau,Saint-Quentin-de-Baron,saint_quentin_de_baron,sa,39.53,61.8,20.52
europe_lau,Saint-Quentin-de-Caplong,saint_quentin_de_caplong,sa,57.98,65.1,33.83
europe_lau,Sainte-Radegonde,sainte_radegonde,sa,38.33,52.59,70.2
europe_lau,Saint-Romain-la-Virvée,saint_romain_la_virvee,sa,28.13,38.69,-11.53
europe_lau,Saint-Sauveur,saint_sauveur,sa,63.87,72.59,53.13
europe_lau,Saint-Sauveur-de-Puynormand,saint_sauveur_de_puynormand,sa,57.93,70.72,27.88
europe_lau,Saas-Fee,saas_fee,sa,58.11,69.01,80.62
europe_lau,Saint-Savin,saint_savin,sa,42.24,52.71,80.87
europe_lau,Saint-Selve,saint_selve,sa,47.98,60.43,85.51
europe_lau,Saint-Seurin-de-Bourg,saint_seurin_de_bourg,sa,40.54,67.86,79.94
europe_lau,Saint-Seurin-de-Cadourne,saint_seurin_de_cadourne,sa,60.36,80.35,19.21
europe_lau,Saint-Seurin-de-Cursac,saint_seurin_de_cursac,sa,52.51,65.06,85.29
europe_lau,Saint-Seurin-sur-l'Isle,saint_seurin_sur_l_isle,sa,55.95,62.53,62.23
europe_lau,Saint-Sève,saint_seve,sa,46.96,63.93,73.58
europe_lau,Saint-Sulpice-de-Faleyrens,saint_sulpice_de_faleyrens,sa,57.56,74.27,82.52
europe_lau,Saint-Sulpice-de-Guilleragues,saint_sulpice_de_guilleragues,sa,34.33,50.37,92.32
europe_lau,Saint-Sulpice-de-Pommiers,saint_sulpice_de_pommiers,sa,69.02,73.85,50.98
europe_lau,Saas-Grund,saas_grund,sa,44.55,70.39,62.41
europe_lau,Saint-Sulpice-et-Cameyrac,saint_sulpice_et_cameyrac,sa,51.15,58.91,62.86
europe_lau,Saint-Symphorien,saint_symphorien,sa,57.19,61.96,49.36
europe_lau,Sainte-Terre,sainte_terre,sa,50.69,79.56,14.17
europe_lau,Saint-Trojan,saint_trojan,sa,54.88,67.34,75.51
europe_lau,Saint-Vincent-de-Paul,saint_vincent_de_paul,sa,28.5,64.44,99.2
europe_lau,Saint-Vincent-de-Pertignas,saint_vincent_de_pertignas,sa,41.77,69.25,89.46
europe_lau,Saint-Vivien-de-Blaye,saint_vivien_de_blaye,sa,44.21,65.12,-23.1
europe_lau,Saint-Vivien-de-Médoc,saint_vivien_de_medoc,sa,51.67,77.76,66.48
europe_lau,Saint-Vivien-de-Monségur,saint_vivien_de_monsegur,sa,62.5,65.23,51.33
europe_lau,Saint-Yzan-de-Soudiac,saint_yzan_de_soudiac,sa,46.23,66.31,95.66
europe_lau,Saint-Yzans-de-Médoc,saint_yzans_de_medoc,sa,45.59,58.85,38.96
europe_lau,Salaunes,salaunes,sa,45.63,67.14,67
europe_lau,Sallebœuf,salleboeuf,sa,63.6,67.07,57.27
europe_lau,Salles,salles,sa,31.9,69.92,41.01
europe_lau,Samonac,samonac,sa,62.98,70.77,83.21
europe_lau,Saucats,saucats,sa,52.65,66.13,6.78
europe_lau,Saugon,saugon,sa,45.93,64.75,15
europe_lau,Saumos,saumos,sa,60.27,75.8,30.26
europe_lau,Sauternes,sauternes,sa,45.37,51.98,51.47
europe_lau,Sauveterre-de-Guyenne,sauveterre_de_guyenne,sa,56.67,65.99,50.24
europe_lau,Sauviac,sauviac,sa,47.07,62.72,70.02
europe_lau,Savignac,savignac,sa,71.57,73.06,60.21
europe_lau,Savignac-de-l'Isle,savignac_de_l_isle,sa,42.41,61.1,91.42
europe_lau,Saint-Légier-La Chiésaz,saint_legier_la_chiesaz,sa,23.91,45.33,5.22
europe_lau,Saint-Thois,saint_thois,sa,54.59,74.93,69.58
europe_lau,Saint-Thonan,saint_thonan,sa,32.21,59.78,81.71
europe_lau,Saint-Thurien,saint_thurien,sa,51.06,66.92,73.17
europe_lau,Saint-Urbain,saint_urbain,sa,38.76,52.19,65.33
europe_lau,Saint-Vougay,saint_vougay,sa,42.68,60.53,98.23
europe_lau,Saint-Yvi,saint_yvi,sa,48.04,68.97,-9.89
europe_lau,Santec,santec,sa,49.11,66.24,38.47
europe_lau,Saint-Donan,saint_donan,sa,42.89,67.52,48.18
europe_lau,Saint-Étienne-du-Gué-de-l'Isle,saint_etienne_du_gue_de_l_isle,sa,23.1,47.77,91.24
europe_lau,Saint-Fiacre,saint_fiacre,sa,50.28,63.26,6.02
europe_lau,Saint-Gildas,saint_gildas,sa,57.89,67.58,57.58
europe_lau,Saint-Gilles-les-Bois,saint_gilles_les_bois,sa,39.04,61.92,32.49
europe_lau,Saint-Gilles-Pligeaux,saint_gilles_pligeaux,sa,51.24,70.05,61.23
europe_lau,San-Gavino-d'Ampugnani,san_gavino_d_ampugnani,sa,44.25,65.21,70.97
europe_lau,San-Gavino-di-Tenda,san_gavino_di_tenda,sa,14.3,36.17,22.89
europe_lau,San-Giovanni-di-Moriani,san_giovanni_di_moriani,sa,44.48,60.33,44.32
europe_lau,San-Giuliano,san_giuliano,sa,36.94,60.49,75.11
europe_lau,San-Lorenzo,san_lorenzo,sa,32.47,60.55,-14.99
europe_lau,San-Martino-di-Lota,san_martino_di_lota,sa,37.21,67.04,-30.26
europe_lau,Santa-Lucia-di-Mercurio,santa_lucia_di_mercurio,sa,44.91,67.76,82.55
europe_lau,Santa-Lucia-di-Moriani,santa_lucia_di_moriani,sa,34.92,66.92,-32.87
europe_lau,Santa-Maria-di-Lota,santa_maria_di_lota,sa,39.46,59,-9.07
europe_lau,Santa-Maria-Poggio,santa_maria_poggio,sa,44.37,81.34,-39.03
europe_lau,San-Nicolao,san_nicolao,sa,42.55,66.34,-2.95
europe_lau,Santo-Pietro-di-Tenda,santo_pietro_di_tenda,sa,40.77,68.56,50.39
europe_lau,Santa-Reparata-di-Balagna,santa_reparata_di_balagna,sa,50.03,65.59,95.3
europe_lau,Santa-Reparata-di-Moriani,santa_reparata_di_moriani,sa,49.18,67.54,45.66
europe_lau,San-Gavino-di-Fiumorbo,san_gavino_di_fiumorbo,sa,40.03,53.91,65.39
europe_lau,Saint-Médard,saint_medard,sa,43.02,69.83,-14.88
europe_lau,Saint-Michel-en-Brenne,saint_michel_en_brenne,sa,47.9,60.98,26.29
europe_lau,Saint-Pierre-de-Jards,saint_pierre_de_jards,sa,55.07,68.62,73.71
europe_lau,Saint-Plantaire,saint_plantaire,sa,37.99,57.94,99.08
europe_lau,Sainte-Sévère-sur-Indre,sainte_severe_sur_indre,sa,39.42,58.99,98.02
europe_lau,Saint-Valentin,saint_valentin,sa,27.2,55.91,-13.66
europe_lau,Sarzay,sarzay,sa,46.01,66.87,82.13
europe_lau,Sassierges-Saint-Germain,sassierges_saint_germain,sa,39.36,55.79,92.43
europe_lau,Saulnay,saulnay,sa,45.44,58.14,21.08
europe_lau,Sauzelles,sauzelles,sa,61.91,73.87,24.07
europe_lau,Sazeray,sazeray,sa,43.48,61.3,33.71
europe_lau,Saulcy,saulcy,sa,32.97,59.96,8.16
europe_lau,Saint-Paul-d'Oueil,saint_paul_d_oueil,sa,44.28,62.17,87.05
europe_lau,Saint-Pé-d'Ardet,saint_pe_d_ardet,sa,49.34,70.54,-9.87
europe_lau,Saint-Pé-Delbosc,saint_pe_delbosc,sa,44.01,65.05,5.86
europe_lau,Saint-Pierre,saint_pierre,sa,54.68,77.33,33.47
europe_lau,Saint-Pierre-de-Lages,saint_pierre_de_lages,sa,41.27,64.14,98.4
europe_lau,Saint-Plancard,saint_plancard,sa,39.42,55.26,-0.71
europe_lau,Saint-Rome,saint_rome,sa,41.05,52.97,34.62
europe_lau,Saint-Rustice,saint_rustice,sa,40.07,74.71,20.27
europe_lau,Saint-Sauveur,saint_sauveur,sa,32.77,44.24,8.79
europe_lau,Saint-Sulpice-sur-Lèze,saint_sulpice_sur_leze,sa,46.56,62.56,-1.92
europe_lau,Saint-Thomas,saint_thomas,sa,55.53,68.72,43.99
europe_lau,Saint-Vincent,saint_vincent,sa,58.08,67.11,77.87
europe_lau,Sajas,sajas,sa,47.05,70.93,14.65
europe_lau,Saleich,saleich,sa,34.8,56.05,94.25
europe_lau,Salerm,salerm,sa,54.68,74.15,35.1
europe_lau,Salies-du-Salat,salies_du_salat,sa,55.32,69.83,26.05
europe_lau,Salles-et-Pratviel,salles_et_pratviel,sa,31.69,54.08,91.78
europe_lau,Salles-sur-Garonne,salles_sur_garonne,sa,42.42,71.38,75.28
europe_lau,Saman,saman,sa,50.12,64.06,23.22
europe_lau,Samouillan,samouillan,sa,46.13,59.44,90.33
europe_lau,Sana,sana,sa,58.28,74.4,32.24
europe_lau,Sarrecave,sarrecave,sa,45.09,67.26,-18.76
europe_lau,Sarremezan,sarremezan,sa,28.75,45.83,3.32
europe_lau,Saubens,saubens,sa,53.96,61.1,79.21
europe_lau,Saussens,saussens,sa,24,44.79,55
europe_lau,Sauveterre-de-Comminges,sauveterre_de_comminges,sa,50.72,69.43,70.05
europe_lau,Saux-et-Pomarède,saux_et_pomarede,sa,21.89,46.91,-46.1
europe_lau,Savarthès,savarthes,sa,58.95,71.78,74.74
europe_lau,Savères,saveres,sa,41.82,71.44,31.52
europe_lau,Saint-Gilles-Vieux-Marché,saint_gilles_vieux_marche,sa,40.69,56.27,94.91
europe_lau,Saint-Glen,saint_glen,sa,16.7,50.15,83.9
europe_lau,Saint-Hélen,saint_helen,sa,54.81,71.91,21.03
europe_lau,Saint-Hervé,saint_herve,sa,55.23,65.44,53.6
europe_lau,Saint-Jacut-de-la-Mer,saint_jacut_de_la_mer,sa,22.53,55.74,85.11
europe_lau,Saint-Jean-Kerdaniel,saint_jean_kerdaniel,sa,45.71,62.69,56.52
europe_lau,Saint-Jouan-de-l'Isle,saint_jouan_de_l_isle,sa,56.81,67.33,16.06
europe_lau,Saint-Judoce,saint_judoce,sa,48.87,78.61,90.55
europe_lau,Saint-Julien,saint_julien,sa,51.87,60,29.17
europe_lau,Saint-Juvat,saint_juvat,sa,59.47,64.8,40.87
europe_lau,Saint-Launeuc,saint_launeuc,sa,44.76,51.56,26.48
europe_lau,Saint-Laurent,saint_laurent,sa,44.2,53.46,69.47
europe_lau,Saint-Lormel,saint_lormel,sa,39.1,58.04,97.58
europe_lau,Saint-Maden,saint_maden,sa,43.12,64.49,-20.07
europe_lau,Saint-Martin-des-Prés,saint_martin_des_pres,sa,55.28,66.55,37.09
europe_lau,Saint-Maudan,saint_maudan,sa,39.52,55.79,94.31
europe_lau,Saint-Maudez,saint_maudez,sa,44.93,64.52,18.8
europe_lau,Saint-Mayeux,saint_mayeux,sa,49.01,67.87,67.83
europe_lau,Saint-Méloir-des-Bois,saint_meloir_des_bois,sa,20.81,44.85,87.9
europe_lau,Saint-Michel-de-Plélan,saint_michel_de_plelan,sa,49.08,61.54,36.98
europe_lau,Saint-Michel-en-Grève,saint_michel_en_greve,sa,40.82,60.36,89.16
europe_lau,Saint-Nicodème,saint_nicodeme,sa,47.67,55.08,45.79
europe_lau,Saint-Nicolas-du-Pélem,saint_nicolas_du_pelem,sa,54.87,65.35,75.15
europe_lau,Saint-Péver,saint_pever,sa,51.16,79.61,71.28
europe_lau,Saint-Pôtan,saint_potan,sa,32.21,52.91,63.14
europe_lau,Saint-Quay-Perros,saint_quay_perros,sa,32.81,51.93,99.28
europe_lau,Saint-Quay-Portrieux,saint_quay_portrieux,sa,47.58,72.74,48.03
europe_lau,Saint-Rieul,saint_rieul,sa,58.78,72.31,34.9
europe_lau,Saint-Samson-sur-Rance,saint_samson_sur_rance,sa,52.26,67.01,9.14
europe_lau,Saint-Servais,saint_servais,sa,45.42,63.36,83.49
europe_lau,Saint-Thélo,saint_thelo,sa,60.05,78,82.1
europe_lau,Sainte-Tréphine,sainte_trephine,sa,49.95,64.14,84.84
europe_lau,Saint-Trimoël,saint_trimoel,sa,27.36,45.87,99.44
europe_lau,Saint-Vran,saint_vran,sa,65.1,71.27,63.75
europe_lau,Saint-Igeaux,saint_igeaux,sa,63.73,66,47.41
europe_lau,Saint-Hymetière-sur-Valouse,saint_hymetiere_sur_valouse,sa,47.16,66.41,86.2
europe_lau,Saint-Maurice,saint_maurice,sa,31.87,41.99,52.27
europe_lau,Salvan,salvan,sa,41.57,60.31,26.58
europe_lau,Salice,salice,sa,44.38,61.2,88.78
europe_lau,Sampolo,sampolo,sa,28.33,55.47,84.94
europe_lau,Sari-Solenzara,sari_solenzara,sa,57.67,62.24,58.75
europe_lau,Sari-d'Orcino,sari_d_orcino,sa,40,62.08,-26.06
europe_lau,Sarrola-Carcopino,sarrola_carcopino,sa,20.85,46.89,93.39
europe_lau,Sartène,sartene,sa,40.44,57.08,23.99
europe_lau,Sant'Andréa-d'Orcino,sant_andrea_d_orcino,sa,23.25,59.94,-21.22
europe_lau,San-Gavino-di-Carbini,san_gavino_di_carbini,sa,18.73,48.39,26.9
europe_lau,Sainte-Lucie-de-Tallano,sainte_lucie_de_tallano,sa,40.85,47.34,78.03
europe_lau,Santa-Maria-Siché,santa_maria_siche,sa,41.99,58.49,77.9
europe_lau,Salmsach,salmsach,sa,16.09,56.08,-131.01
europe_lau,Sains,sains,sa,35.26,59.15,-32.76
europe_lau,Sainte-Anne-sur-Vilaine,sainte_anne_sur_vilaine,sa,48.52,68.4,90.57
europe_lau,Saint-Armel,saint_armel,sa,59.84,65.47,52.44
europe_lau,Saint-Aubin-d'Aubigné,saint_aubin_d_aubigne,sa,51.7,69.4,56.95
europe_lau,Saint-Aubin-des-Landes,saint_aubin_des_landes,sa,44.39,71.46,29.49
europe_lau,Saint-Aubin-du-Cormier,saint_aubin_du_cormier,sa,17.82,36.31,-40.72
europe_lau,Saint-Benoît-des-Ondes,saint_benoit_des_ondes,sa,56.04,81.96,77.25
europe_lau,Saint-Briac-sur-Mer,saint_briac_sur_mer,sa,37.18,74.99,78.08
europe_lau,Saint-Brieuc-des-Iffs,saint_brieuc_des_iffs,sa,62.53,73.2,85.35
europe_lau,Saint-Broladre,saint_broladre,sa,45.45,62.6,94.67
europe_lau,Saint-Christophe-des-Bois,saint_christophe_des_bois,sa,52.77,64.68,58.2
europe_lau,Saint-Christophe-de-Valains,saint_christophe_de_valains,sa,35.16,47.17,24.09
europe_lau,Sainte-Colombe,sainte_colombe,sa,55.26,74.26,8.5
europe_lau,Saint-Coulomb,saint_coulomb,sa,59.81,66.82,36.22
europe_lau,Saint-Didier,saint_didier,sa,57.62,59.81,54.15
europe_lau,Saint-Domineuc,saint_domineuc,sa,61.86,67.9,74.2
europe_lau,Saint-Erblon,saint_erblon,sa,36.44,46.76,52.11
europe_lau,Saint-Ganton,saint_ganton,sa,57.01,66.29,41.11
europe_lau,Saint-Georges-de-Gréhaigne,saint_georges_de_grehaigne,sa,43.98,56.45,87.81
europe_lau,Saint-Georges-de-Reintembault,saint_georges_de_reintembault,sa,56.97,63.03,72.93
europe_lau,Saint-Germain-du-Pinel,saint_germain_du_pinel,sa,67.07,73.05,47.48
europe_lau,Saint-Germain-en-Coglès,saint_germain_en_cogles,sa,50.32,53.56,62.7
europe_lau,Saint-Germain-sur-Ille,saint_germain_sur_ille,sa,57.42,62.77,67.12
europe_lau,Saint-Gilles,saint_gilles,sa,57.87,64.09,39.21
europe_lau,Saint-Gondran,saint_gondran,sa,61.76,69.62,37.25
europe_lau,Saint-Gonlay,saint_gonlay,sa,50.84,66.57,23.33
europe_lau,Saint-Grégoire,saint_gregoire,sa,42.41,61.38,50.09
europe_lau,Saint-Guinoux,saint_guinoux,sa,61.48,63.77,68.68
europe_lau,Saint-Hilaire-des-Landes,saint_hilaire_des_landes,sa,64.42,73.88,51.95
europe_lau,Saint-Jacques-de-la-Lande,saint_jacques_de_la_lande,sa,39.65,57.58,31.07
europe_lau,Saint-Jean-sur-Vilaine,saint_jean_sur_vilaine,sa,40.89,59.24,20.24
europe_lau,Saint-Jouan-des-Guérets,saint_jouan_des_guerets,sa,32.78,58.5,-3.96
europe_lau,Saint-Just,saint_just,sa,48.78,67.81,11.27
europe_lau,Saint-Léger-des-Prés,saint_leger_des_pres,sa,57.07,72.76,81.87
europe_lau,Saint-Lunaire,saint_lunaire,sa,38.51,60.75,92.17
europe_lau,Saint-Malo,saint_malo,sa,43.58,55.85,85.97
europe_lau,Saint-Malo-de-Phily,saint_malo_de_phily,sa,48.96,63.35,80.85
europe_lau,Saint-Malon-sur-Mel,saint_malon_sur_mel,sa,59.47,76.54,11.45
europe_lau,Saint-Marcan,saint_marcan,sa,56.86,73.86,78.77
europe_lau,Saint-Marc-le-Blanc,saint_marc_le_blanc,sa,58.49,64.36,51.83
europe_lau,Sainte-Marie,sainte_marie,sa,53.46,73.07,55.71
europe_lau,Saint-Maugan,saint_maugan,sa,47.52,72.26,10.03
europe_lau,Saint-Médard-sur-Ille,saint_medard_sur_ille,sa,30.4,52.53,-37.36
europe_lau,Saint-Méen-le-Grand,saint_meen_le_grand,sa,51.48,61.32,57.99
europe_lau,Saint-Méloir-des-Ondes,saint_meloir_des_ondes,sa,68.34,80.57,27.66
europe_lau,Saint-M'Hervé,saint_m_herve,sa,51.28,73.76,68.25
europe_lau,Saint-Onen-la-Chapelle,saint_onen_la_chapelle,sa,55.92,65.93,37.43
europe_lau,Saint-Ouen-des-Alleux,saint_ouen_des_alleux,sa,40.11,62.25,-13.79
europe_lau,Saint-Péran,saint_peran,sa,46.97,65.16,55.1
europe_lau,Saint-Père-Marc-en-Poulet,saint_pere_marc_en_poulet,sa,47.3,65.36,78.91
europe_lau,Saint-Pern,saint_pern,sa,55.18,60.29,40.7
europe_lau,Saint-Rémy-du-Plain,saint_remy_du_plain,sa,43.23,61.4,85.13
europe_lau,Saffloz,saffloz,sa,49.55,63.84,28.47
europe_lau,Sainte-Agnès,sainte_agnes,sa,58.69,71.42,26.31
europe_lau,Saint-Amour,saint_amour,sa,44.96,59.09,52.79
europe_lau,Saint-Aubin,saint_aubin,sa,47.99,61.37,17.29
europe_lau,Saint-Baraing,saint_baraing,sa,51.94,69.55,55.93
europe_lau,Saint-Claude,saint_claude,sa,33.92,45.34,62.51
europe_lau,Saint-Cyr-Montmalin,saint_cyr_montmalin,sa,66.73,76.87,61.47
europe_lau,Saint-Didier,saint_didier,sa,30.91,42.58,7.11
europe_lau,Saint-Germain-en-Montagne,saint_germain_en_montagne,sa,37.3,73.28,18.68
europe_lau,Saint-Lamain,saint_lamain,sa,40.12,48.25,64.21
europe_lau,Saint-Laurent-en-Grandvaux,saint_laurent_en_grandvaux,sa,50.33,69.7,77.26
europe_lau,Saint-Lothain,saint_lothain,sa,56.07,66.98,80.18
europe_lau,Saint-Loup,saint_loup,sa,30.99,53.57,-3.63
europe_lau,Saint-Maur,saint_maur,sa,47.58,75.37,99.7
europe_lau,Saint-Maurice-Crillat,saint_maurice_crillat,sa,55.48,70.32,36.22
europe_lau,Saint-Pierre,saint_pierre,sa,41.67,66.78,51.11
europe_lau,Saint-Thiébaud,saint_thiebaud,sa,45.35,58.8,32.1
europe_lau,Saizenay,saizenay,sa,29.97,77.09,5.79
europe_lau,Salans,salans,sa,56.85,62.92,37.66
europe_lau,Saligney,saligney,sa,56.12,70.28,45.95
europe_lau,Salins-les-Bains,salins_les_bains,sa,28.83,34.45,45.56
europe_lau,Sampans,sampans,sa,37.94,58.75,-35.96
europe_lau,Santans,santans,sa,31.15,64.04,88.07
europe_lau,Sapois,sapois,sa,50.58,60.52,55.89
europe_lau,Sarrogna,sarrogna,sa,53.39,67.95,92.94
europe_lau,Saugeot,saugeot,sa,38.67,47.7,23.37
europe_lau,Saint-Christophe,saint_christophe,sa,46.77,63.82,89.62
europe_lau,Saintigny,saintigny,sa,55.85,70.7,64.21
europe_lau,Sainte-Gemme-Moronval,sainte_gemme_moronval,sa,35.18,54.53,0.31
europe_lau,Saint-Denis-des-Puits,saint_denis_des_puits,sa,35.05,67.42,-77.72
europe_lau,Saint-Denis-Lanneray,saint_denis_lanneray,sa,47.91,63.33,48.47
europe_lau,Saint-Éliph,saint_eliph,sa,33.71,51.2,17
europe_lau,Saint-Éman,saint_eman,sa,40.37,53.21,38.47
europe_lau,Saint-Georges-sur-Eure,saint_georges_sur_eure,sa,51.73,66.14,17.53
europe_lau,Saint-Germain-le-Gaillard,saint_germain_le_gaillard,sa,65.72,75.44,26.14
europe_lau,Saint-Jean-de-Rebervilliers,saint_jean_de_rebervilliers,sa,58.66,74.95,47.37
europe_lau,Saint-Jean-Pierre-Fixte,saint_jean_pierre_fixte,sa,59.04,67.35,44.71
europe_lau,Saint-Laurent-la-Gâtine,saint_laurent_la_gatine,sa,64.27,68.77,42.65
europe_lau,Saint-Léger-des-Aubées,saint_leger_des_aubees,sa,52.83,67.89,83.43
europe_lau,Saint-Lubin-de-Cravant,saint_lubin_de_cravant,sa,36.45,56.39,10.45
europe_lau,Saint-Lubin-de-la-Haye,saint_lubin_de_la_haye,sa,46.28,69.92,62.58
europe_lau,Saint-Lubin-des-Joncherets,saint_lubin_des_joncherets,sa,49.07,55.84,80.06
europe_lau,Saint-Lucien,saint_lucien,sa,54.37,64.34,58.34
europe_lau,Saint-Luperce,saint_luperce,sa,44.85,57.96,24.21
europe_lau,Saint-Maixme-Hauterive,saint_maixme_hauterive,sa,52.64,65.71,71.05
europe_lau,Saint-Martin-de-Nigelles,saint_martin_de_nigelles,sa,67.36,70.53,50.24
europe_lau,Saint-Maur-sur-le-Loir,saint_maur_sur_le_loir,sa,56.46,67.84,56.71
europe_lau,Saint-Maurice-Saint-Germain,saint_maurice_saint_germain,sa,38.63,53.16,51.94
europe_lau,Saint-Ouen-Marchefroy,saint_ouen_marchefroy,sa,38.57,63.31,92.79
europe_lau,Saint-Piat,saint_piat,sa,43.29,55.69,55.42
europe_lau,Saint-Prest,saint_prest,sa,64.82,72.13,27.88
europe_lau,Saint-Rémy-sur-Avre,saint_remy_sur_avre,sa,50.2,61.18,39.06
europe_lau,Saint-Sauveur-Marville,saint_sauveur_marville,sa,57.72,59.49,58.9
europe_lau,Saint-Martin (VS),saint_martin_vs,sa,46.3,56.66,59.27
europe_lau,Sablons,sablons,sa,41.12,67.2,77.32
europe_lau,Sahune,sahune,sa,34.31,54.34,70.15
europe_lau,Saillans,saillans,sa,50.16,56.58,41.81
europe_lau,Saint-Agnan-en-Vercors,saint_agnan_en_vercors,sa,39.95,81.53,87.53
europe_lau,Saint-Victor-de-Buthon,saint_victor_de_buthon,sa,47.95,59.16,50.25
europe_lau,Sainville,sainville,sa,46.01,70.41,38.38
europe_lau,Sancheville,sancheville,sa,37.73,61.29,24.91
europe_lau,Sandarville,sandarville,sa,48.89,83.51,76.27
europe_lau,Santeuil,santeuil,sa,49.86,62.28,29.96
europe_lau,Santilly,santilly,sa,57.32,65.56,46.66
europe_lau,Saulnières,saulnieres,sa,24.92,45.22,97.44
europe_lau,Saumeray,saumeray,sa,43.43,64.02,83.26
europe_lau,Saussay,saussay,sa,65.99,73.16,40.87
europe_lau,Sainte-Agnès,sainte_agnes,sa,28.16,50.87,69.94
europe_lau,Saint-Agnin-sur-Bion,saint_agnin_sur_bion,sa,30.99,54.35,-6.07
europe_lau,Saint-Alban-de-Roche,saint_alban_de_roche,sa,41.45,64.57,90.2
europe_lau,Saint-Alban-du-Rhône,saint_alban_du_rhone,sa,47.06,67.19,84.42
europe_lau,Saint-Albin-de-Vaulserre,saint_albin_de_vaulserre,sa,38.43,52.86,96.04
europe_lau,Saint-Andéol,saint_andeol,sa,50.41,57.53,59.72
europe_lau,Saint-André-en-Royans,saint_andre_en_royans,sa,43.35,64.75,13.48
europe_lau,Saint-André-le-Gaz,saint_andre_le_gaz,sa,50.06,58.66,68.62
europe_lau,Sainte-Anne-sur-Gervonde,sainte_anne_sur_gervonde,sa,36.31,64.85,-55.88
europe_lau,Saint Antoine l'Abbaye,saint_antoine_l_abbaye,sa,48.04,58.56,68.95
europe_lau,Saint-Appolinard,saint_appolinard,sa,36.89,49.89,91.33
europe_lau,Saint-Arey,saint_arey,sa,32.12,50.65,99.64
europe_lau,Saint-Aupre,saint_aupre,sa,48.84,66.93,92.38
europe_lau,Saint-Barthélemy,saint_barthelemy,sa,49.75,74.17,86.97
europe_lau,Saint-Barthélemy-de-Séchilienne,saint_barthelemy_de_sechilienne,sa,43.98,58,35.69
europe_lau,Saint-Baudille-de-la-Tour,saint_baudille_de_la_tour,sa,31.54,53.56,76.96
europe_lau,Saint-Baudille-et-Pipet,saint_baudille_et_pipet,sa,50.94,67.55,-4.54
europe_lau,Saint-Blaise-du-Buis,saint_blaise_du_buis,sa,36.51,56.48,56.38
europe_lau,Sainte-Blandine,sainte_blandine,sa,56.03,85.94,4.08
europe_lau,Saint-Bonnet-de-Chavagne,saint_bonnet_de_chavagne,sa,44.3,53.99,87.12
europe_lau,Saint-Bueil,saint_bueil,sa,50.54,61.24,47.44
europe_lau,Saint-Cassien,saint_cassien,sa,50.02,75.05,92.91
europe_lau,Saint-Léonard,saint_leonard,sa,43.5,63.41,74.84
europe_lau,Saint-Adjutory,saint_adjutory,sa,40.14,69.56,39.45
europe_lau,Saint-Amant-de-Boixe,saint_amant_de_boixe,sa,42.12,45.2,69.02
europe_lau,Saint-Amant-de-Nouère,saint_amant_de_nouere,sa,54.34,73.05,70.04
europe_lau,Saint-Aulais-la-Chapelle,saint_aulais_la_chapelle,sa,50.26,61.95,41.59
europe_lau,Saint-Avit,saint_avit,sa,54.78,79.9,74.27
europe_lau,Saint-Bonnet,saint_bonnet,sa,55.83,72.01,80.01
europe_lau,Saint-Brice,saint_brice,sa,44.88,58.68,31.51
europe_lau,Saint-Christophe,saint_christophe,sa,42.19,54.85,72.65
europe_lau,Saint-Ciers-sur-Bonnieure,saint_ciers_sur_bonnieure,sa,40.24,46.79,31
europe_lau,Saint-Claud,saint_claud,sa,45.71,58.38,19.51
europe_lau,Saint-Coutant,saint_coutant,sa,37.65,59,45.27
europe_lau,Saint-Cybardeaux,saint_cybardeaux,sa,45.8,58.76,83.27
europe_lau,Saint-Félix,saint_felix,sa,55.14,69.83,73.09
europe_lau,Saint-Fort-sur-le-Né,saint_fort_sur_le_ne,sa,51.5,61.35,67.39
europe_lau,Saint-Fraigne,saint_fraigne,sa,43.12,54.21,67.63
europe_lau,Saint-Front,saint_front,sa,47.06,67.77,87.63
europe_lau,Saint-Genis-d'Hiersac,saint_genis_d_hiersac,sa,40.11,52.09,43.02
europe_lau,Saint-Georges,saint_georges,sa,55.33,64.95,27.18
europe_lau,Saint-Germain-de-Montbron,saint_germain_de_montbron,sa,42.63,69.13,90.24
europe_lau,Saint-Gourson,saint_gourson,sa,51.22,67.56,-1.3
europe_lau,Saint-Groux,saint_groux,sa,47.08,73.9,69.46
europe_lau,Saint-Laurent-de-Céris,saint_laurent_de_ceris,sa,69.54,72.88,60.02
europe_lau,Saint-Laurent-de-Cognac,saint_laurent_de_cognac,sa,57.51,77.33,31.72
europe_lau,Saint-Laurent-des-Combes,saint_laurent_des_combes,sa,46.33,63.93,96.4
europe_lau,Saint-Martial,saint_martial,sa,21.55,47.45,13.93
europe_lau,Saint-Martin-du-Clocher,saint_martin_du_clocher,sa,31.64,46.33,30.36
europe_lau,Saint-Mary,saint_mary,sa,45.59,76.31,-0.41
europe_lau,Saint-Maurice-des-Lions,saint_maurice_des_lions,sa,61.22,62.22,48.01
europe_lau,Saint-Médard,saint_medard,sa,44.6,57.21,22.13
europe_lau,Saint-Même-les-Carrières,saint_meme_les_carrieres,sa,49.39,64.14,87.8
europe_lau,Saint-Michel,saint_michel,sa,45.9,63.85,51.56
europe_lau,Saint-Palais-du-Né,saint_palais_du_ne,sa,51.94,69.72,42.97
europe_lau,Saint-Preuil,saint_preuil,sa,39.17,56.97,59.88
europe_lau,Saint-Quentin-sur-Charente,saint_quentin_sur_charente,sa,56.85,73.94,52.78
europe_lau,Saint-Quentin-de-Chalais,saint_quentin_de_chalais,sa,49.94,68.64,94.63
europe_lau,Saint-Romain,saint_romain,sa,60.27,62.2,66.05
europe_lau,Saint-Saturnin,saint_saturnin,sa,48.08,59.56,83.35
europe_lau,Sainte-Sévère,sainte_severe,sa,46,53.59,64.07
europe_lau,Saint-Séverin,saint_severin,sa,52.57,73.38,72.26
europe_lau,Saint-Simon,saint_simon,sa,44.99,68.88,79.2
europe_lau,Saint-Sornin,saint_sornin,sa,48.63,66.37,48.57
europe_lau,Sainte-Souline,sainte_souline,sa,59.91,65.22,39.1
europe_lau,Saint-Sulpice-de-Cognac,saint_sulpice_de_cognac,sa,40.83,62.08,9.62
europe_lau,Saint-Sulpice-de-Ruffec,saint_sulpice_de_ruffec,sa,37.27,57.47,35.53
europe_lau,Saint-Vallier,saint_vallier,sa,33.7,52.8,57.55
europe_lau,Saint-Yrieix-sur-Charente,saint_yrieix_sur_charente,sa,40.86,61.28,50.6
europe_lau,Salles-d'Angles,salles_d_angles,sa,42.88,58.16,93.26
europe_lau,Salles-de-Barbezieux,salles_de_barbezieux,sa,35.04,56.42,93.78
europe_lau,Salles-de-Villefagnan,salles_de_villefagnan,sa,49.46,63.08,41.86
europe_lau,Salles-Lavalette,salles_lavalette,sa,58.09,78.12,62.16
europe_lau,Saulgond,saulgond,sa,51.24,58.7,74.2
europe_lau,Sauvagnac,sauvagnac,sa,46.63,65.45,86.92
europe_lau,Sauvignac,sauvignac,sa,40.59,51.74,39.35
europe_lau,Saint-Sauveur-des-Landes,saint_sauveur_des_landes,sa,49.96,69.46,89.21
europe_lau,Saint-Séglin,saint_seglin,sa,53.82,70.2,37.57
europe_lau,Saint-Senoux,saint_senoux,sa,57.02,63.54,80.51
europe_lau,Saignelégier,saignelegier,sa,35.21,44.19,49.08
europe_lau,Saint-Brais,saint_brais,sa,35.31,61.98,65.02
europe_lau,Saint-Andéol,saint_andeol,sa,50.86,67.66,63.44
europe_lau,Saint-Auban-sur-l'Ouvèze,saint_auban_sur_l_ouveze,sa,51.03,59.36,64.83
europe_lau,Saint-Avit,saint_avit,sa,44.52,68.34,-27.74
europe_lau,Saint-Bardoux,saint_bardoux,sa,49.05,68.46,94.02
europe_lau,Saint-Barthélemy-de-Vals,saint_barthelemy_de_vals,sa,50.06,61.36,26.05
europe_lau,Saint-Benoit-en-Diois,saint_benoit_en_diois,sa,49.07,60.76,80.03
europe_lau,Saint-Christophe-et-le-Laris,saint_christophe_et_le_laris,sa,69.4,77.6,61.69
europe_lau,Sainte-Croix,sainte_croix,sa,43.45,59.68,75.63
europe_lau,Saint-Dizier-en-Diois,saint_dizier_en_diois,sa,58.65,69.03,66.7
europe_lau,Saint-Donat-sur-l'Herbasse,saint_donat_sur_l_herbasse,sa,51.21,58.02,78.04
europe_lau,Sainte-Eulalie-en-Royans,sainte_eulalie_en_royans,sa,27.3,54.86,70.89
europe_lau,Sainte-Euphémie-sur-Ouvèze,sainte_euphemie_sur_ouveze,sa,45.06,52.49,69.32
europe_lau,Saint-Ferréol-Trente-Pas,saint_ferreol_trente_pas,sa,62.57,64.04,51.54
europe_lau,Saint-Gervais-sur-Roubion,saint_gervais_sur_roubion,sa,59.91,75.55,65.08
europe_lau,Sainte-Jalle,sainte_jalle,sa,47.17,68.74,89.79
europe_lau,Saint-Jean-en-Royans,saint_jean_en_royans,sa,39.08,48.39,15.86
europe_lau,Saint-Julien-en-Quint,saint_julien_en_quint,sa,62.67,75.45,69.69
europe_lau,Saint-Julien-en-Vercors,saint_julien_en_vercors,sa,31.19,51.51,26.02
europe_lau,Saint-Laurent-d'Onay,saint_laurent_d_onay,sa,47.35,59.83,21.37
europe_lau,Saint-Laurent-en-Royans,saint_laurent_en_royans,sa,29.27,50.68,88.16
europe_lau,Saint-Marcel-lès-Sauzet,saint_marcel_les_sauzet,sa,39.23,76.77,97.77
europe_lau,Saint-Marcel-lès-Valence,saint_marcel_les_valence,sa,63.22,73.72,40.51
europe_lau,Saint-Martin-d'Août,saint_martin_d_aout,sa,55.14,78.7,49.29
europe_lau,Saint-Martin-en-Vercors,saint_martin_en_vercors,sa,42.39,62.05,29.89
europe_lau,Saint-Martin-le-Colonel,saint_martin_le_colonel,sa,61.76,82.75,40.16
europe_lau,Saint-Maurice-sur-Eygues,saint_maurice_sur_eygues,sa,49.31,68.08,80.52
europe_lau,Saint-May,saint_may,sa,52.36,73.36,86.82
europe_lau,Saint-Michel-sur-Savasse,saint_michel_sur_savasse,sa,27.87,51.48,91.7
europe_lau,Saint-Suliac,saint_suliac,sa,46.92,58.38,68.87
europe_lau,Saint-Sulpice-la-Forêt,saint_sulpice_la_foret,sa,42.85,71.03,70.19
europe_lau,Saint-Sulpice-des-Landes,saint_sulpice_des_landes,sa,58.08,67.04,55.86
europe_lau,Saint-Symphorien,saint_symphorien,sa,51.59,67.87,31.06
europe_lau,Saint-Thual,saint_thual,sa,56.29,66.04,36.85
europe_lau,Saint-Thurial,saint_thurial,sa,51.4,66.45,28.89
europe_lau,Saint-Uniac,saint_uniac,sa,59.36,74.04,93.16
europe_lau,Saulnières,saulnieres,sa,47.6,61.31,92.88
europe_lau,Saché,sache,sa,53.22,64.38,79.04
europe_lau,Salgesch,salgesch,sa,26.77,46.63,89.97
europe_lau,Saint-Chef,saint_chef,sa,32.45,60.11,13.31
europe_lau,Saint-Christophe-en-Oisans,saint_christophe_en_oisans,sa,61.49,66.69,47.43
europe_lau,Saint-Christophe-sur-Guiers,saint_christophe_sur_guiers,sa,41.48,50.49,82.87
europe_lau,Saint-Clair-de-la-Tour,saint_clair_de_la_tour,sa,36.4,74.41,-52.12
europe_lau,Saint-Clair-du-Rhône,saint_clair_du_rhone,sa,49.92,76.06,86.87
europe_lau,Saint-Clair-sur-Galaure,saint_clair_sur_galaure,sa,44.66,66.58,81.67
europe_lau,Saint-Didier-de-Bizonnes,saint_didier_de_bizonnes,sa,67.67,75.81,72.39
europe_lau,Saint-Didier-de-la-Tour,saint_didier_de_la_tour,sa,55.74,63.19,45.48
europe_lau,Saint-Égrève,saint_egreve,sa,66.16,77.42,46.51
europe_lau,Saint-Étienne-de-Crossey,saint_etienne_de_crossey,sa,52.66,68.19,39.42
europe_lau,Saint-Étienne-de-Saint-Geoirs,saint_etienne_de_saint_geoirs,sa,60.38,78.39,77.42
europe_lau,Saint-Geoire-en-Valdaine,saint_geoire_en_valdaine,sa,58.89,72.57,64.02
europe_lau,Saint-Geoirs,saint_geoirs,sa,29.98,43.63,37.85
europe_lau,Saint-Georges-de-Commiers,saint_georges_de_commiers,sa,47.62,74.86,86.85
europe_lau,Saint-Georges-d'Espéranche,saint_georges_d_esperanche,sa,37.65,42.42,69.8
europe_lau,Saint-Gervais,saint_gervais,sa,47.98,57.68,60.39
europe_lau,Saint-Guillaume,saint_guillaume,sa,62.12,70.2,44.89
europe_lau,Saint-Hilaire-de-Brens,saint_hilaire_de_brens,sa,46.74,68.08,84.12
europe_lau,Saint-Hilaire-de-la-Côte,saint_hilaire_de_la_cote,sa,39.66,68.21,99.21
europe_lau,Saint-Hilaire-du-Rosier,saint_hilaire_du_rosier,sa,58.49,66.99,84.28
europe_lau,Saint-Honoré,saint_honore,sa,29.67,61.57,77.05
europe_lau,Saint-Ismier,saint_ismier,sa,32.89,66.2,97.15
europe_lau,Saint-Jean-d'Avelanne,saint_jean_d_avelanne,sa,45.93,68.97,36.33
europe_lau,Saint-Jean-de-Bournay,saint_jean_de_bournay,sa,60.7,67.69,79.26
europe_lau,Saint-Jean-de-Moirans,saint_jean_de_moirans,sa,40.12,56.27,73.22
europe_lau,Saint-Jean-de-Soudain,saint_jean_de_soudain,sa,18.09,46.02,95.55
europe_lau,Saint-Jean-de-Vaulx,saint_jean_de_vaulx,sa,31.96,56.3,95.18
europe_lau,Saint-Jean-d'Hérans,saint_jean_d_herans,sa,35.59,55.84,29.39
europe_lau,Saint-Jean-le-Vieux,saint_jean_le_vieux,sa,55.59,64.43,36.25
europe_lau,Saint-Joseph-de-Rivière,saint_joseph_de_riviere,sa,44.09,61.84,85.24
europe_lau,Saint-Julien-de-l'Herms,saint_julien_de_l_herms,sa,39.61,65.12,-24.2
europe_lau,Saint-Just-Chaleyssin,saint_just_chaleyssin,sa,41.2,61.84,33.61
europe_lau,Saint-Just-de-Claix,saint_just_de_claix,sa,38.14,51.46,74.95
europe_lau,Saint-Lattier,saint_lattier,sa,36.45,45.83,40.62
europe_lau,Saint-Laurent-du-Pont,saint_laurent_du_pont,sa,61.41,72.97,73.88
europe_lau,Saint-Laurent-en-Beaumont,saint_laurent_en_beaumont,sa,42.76,59.36,-6.06
europe_lau,Sainte-Luce,sainte_luce,sa,41.7,55.57,45.09
europe_lau,Saint-Marcel-Bel-Accueil,saint_marcel_bel_accueil,sa,67.86,74.14,46.4
europe_lau,Saint-Marcellin,saint_marcellin,sa,25.52,56.2,80.72
europe_lau,Sainte-Marie-d'Alloix,sainte_marie_d_alloix,sa,64.01,76.27,62.11
europe_lau,Sainte-Marie-du-Mont,sainte_marie_du_mont,sa,41.14,64.22,79.94
europe_lau,Saint-Martin-de-Clelles,saint_martin_de_clelles,sa,27.6,57.53,-99.46
europe_lau,Saint-Martin-de-Vaulserre,saint_martin_de_vaulserre,sa,45.78,68.08,61
europe_lau,Saint-Martin-d'Hères,saint_martin_d_heres,sa,52.15,68.45,75.02
europe_lau,Saint-Martin-d'Uriage,saint_martin_d_uriage,sa,50.05,62.6,48.48
europe_lau,Saint-Martin-le-Vinoux,saint_martin_le_vinoux,sa,48.57,66.13,49.18
europe_lau,Sarnersee,sarnersee,sa,28.82,69.52,66.75
europe_lau,Saint-Nazaire-en-Royans,saint_nazaire_en_royans,sa,26.07,33.06,73.87
europe_lau,Saint-Nazaire-le-Désert,saint_nazaire_le_desert,sa,49.9,60.42,84.05
europe_lau,Saint-Pantaléon-les-Vignes,saint_pantaleon_les_vignes,sa,40.29,64.19,7.11
europe_lau,Saint-Paul-lès-Romans,saint_paul_les_romans,sa,58.75,70.13,40.7
europe_lau,Saint-Paul-Trois-Châteaux,saint_paul_trois_chateaux,sa,53.55,64.81,32.5
europe_lau,Saint-Rambert-d'Albon,saint_rambert_d_albon,sa,50.5,72.2,55.46
europe_lau,Saint-Restitut,saint_restitut,sa,51.93,62.18,73.23
europe_lau,Saint-Roman,saint_roman,sa,34.94,58.79,0.38
europe_lau,Saint-Sauveur-en-Diois,saint_sauveur_en_diois,sa,35.2,66.33,93.25
europe_lau,Saint-Sauveur-Gouvernet,saint_sauveur_gouvernet,sa,27.72,56.86,-99.18
europe_lau,Saint-Sorlin-en-Valloire,saint_sorlin_en_valloire,sa,60.9,73.7,51.83
europe_lau,Saint-Thomas-en-Royans,saint_thomas_en_royans,sa,51.06,61.21,87.56
europe_lau,Saint-Uze,saint_uze,sa,52.83,58.85,60.35
europe_lau,Saint-Vallier,saint_vallier,sa,42.31,71.31,97.79
europe_lau,Salettes,salettes,sa,49.45,64.26,56.17
europe_lau,Salles-sous-Bois,salles_sous_bois,sa,46.68,68.19,97.06
europe_lau,Saou,saou,sa,31.49,64.94,-81.36
europe_lau,Saulce-sur-Rhône,saulce_sur_rhone,sa,40.28,67.65,99.81
europe_lau,Sauzet,sauzet,sa,41.53,49.77,72.56
europe_lau,Savasse,savasse,sa,45.42,56.22,78.36
europe_lau,Saint-Dizier-l'Évêque,saint_dizier_l_eveque,sa,59.63,71.59,56.28
europe_lau,Saint-Germain-le-Châtelet,saint_germain_le_chatelet,sa,40.04,66.58,91.28
europe_lau,Sain-Bel,sain_bel,sa,41.69,65.11,93.35
europe_lau,Salles-Arbuissonnas-en-Beaujolais,salles_arbuissonnas_en_beaujolais,sa,72.62,70.66,62.31
europe_lau,Sarcey,sarcey,sa,52.53,70.64,61.44
europe_lau,Savigny,savigny,sa,51.65,59.16,56.44
europe_lau,Saint-André-la-Côte,saint_andre_la_cote,sa,49.22,70.2,77.66
europe_lau,Saint-Appolinaire,saint_appolinaire,sa,65.29,71.96,50.83
europe_lau,Saint-Bonnet-des-Bruyères,saint_bonnet_des_bruyeres,sa,51.91,63.45,67.76
europe_lau,Saint-Bonnet-le-Troncy,saint_bonnet_le_troncy,sa,51.22,71.88,82.38
europe_lau,Sainte-Catherine,sainte_catherine,sa,45.64,71.72,70.04
europe_lau,Sádek,sadek,sa,41.43,76.12,76.31
europe_lau,Saint-Marcellin-lès-Vaison,saint_marcellin_les_vaison,sa,67.14,71.66,72
europe_lau,Saint-Martin-de-Castillon,saint_martin_de_castillon,sa,56.54,60.79,66.81
europe_lau,Saint-Martin-de-la-Brasque,saint_martin_de_la_brasque,sa,36.66,54.99,94.86
europe_lau,Saint-Pantaléon,saint_pantaleon,sa,47.99,65.2,92.36
europe_lau,Saint-Pierre-de-Vassols,saint_pierre_de_vassols,sa,50,56.84,69.17
europe_lau,Saint-Romain-en-Viennois,saint_romain_en_viennois,sa,45.27,71.2,56.7
europe_lau,Saint-Roman-de-Malegarde,saint_roman_de_malegarde,sa,35.47,62.67,3.68
europe_lau,Saint-Saturnin-lès-Apt,saint_saturnin_les_apt,sa,36,56.2,45.62
europe_lau,Saint-Saturnin-lès-Avignon,saint_saturnin_les_avignon,sa,30.12,61.72,-25.69
europe_lau,Saint-Trinit,saint_trinit,sa,39.82,61.59,83.77
europe_lau,Sannes,sannes,sa,37.97,58.72,38.97
europe_lau,Sarrians,sarrians,sa,41.85,64.49,97.85
europe_lau,Sault,sault,sa,39.35,50.51,80.85
europe_lau,Saumane-de-Vaucluse,saumane_de_vaucluse,sa,48.13,57.53,52.43
europe_lau,Savoillan,savoillan,sa,42.87,74.39,93.94
europe_lau,Sagy,sagy,sa,66.57,73.6,61.67
europe_lau,Saint-Brice-sous-Forêt,saint_brice_sous_foret,sa,45.61,52.72,58.74
europe_lau,Saint-Clair-sur-Epte,saint_clair_sur_epte,sa,29.18,52.59,80.13
europe_lau,Saint-Cyr-en-Arthies,saint_cyr_en_arthies,sa,60.01,72.22,64.41
europe_lau,Saint-Gervais,saint_gervais,sa,49.24,59.81,25.22
europe_lau,Saint-Gratien,saint_gratien,sa,64.32,76.51,63.33
europe_lau,Saint-Leu-la-Forêt,saint_leu_la_foret,sa,33.54,56.08,96.71
europe_lau,Saint-Martin-du-Tertre,saint_martin_du_tertre,sa,48.88,62.46,85.29
europe_lau,Saint-Ouen-l'Aumône,saint_ouen_l_aumone,sa,65.06,77.5,60.49
europe_lau,Saint-Prix,saint_prix,sa,44.81,60.4,85.48
europe_lau,Saint-Witz,saint_witz,sa,45.39,59.73,16.25
europe_lau,Sannois,sannois,sa,45.4,70.97,-6.21
europe_lau,Santeuil,santeuil,sa,50.7,72.53,31.24
europe_lau,Sarcelles,sarcelles,sa,48.67,56.54,87.06
europe_lau,Saint-Augustin,saint_augustin,sa,32.02,58.64,97.44
europe_lau,Sainte-Aulde,sainte_aulde,sa,38.4,63.36,3.08
europe_lau,Saint-Barthélemy,saint_barthelemy,sa,59.36,67.31,44.47
europe_lau,Saint-Brice,saint_brice,sa,54.18,69.27,62.2
europe_lau,Sainte-Colombe,sainte_colombe,sa,36.23,59.52,83.73
europe_lau,Saint-Cyr-sur-Morin,saint_cyr_sur_morin,sa,40.26,61.6,55.89
europe_lau,Saint-Denis-lès-Rebais,saint_denis_les_rebais,sa,62.29,70.93,63.08
europe_lau,Saint-Fargeau-Ponthierry,saint_fargeau_ponthierry,sa,37.71,52.89,95.38
europe_lau,Saint-Fiacre,saint_fiacre,sa,57.53,69.85,67.98
europe_lau,Saint-Germain-Laval,saint_germain_laval,sa,48.42,65.07,15.36
europe_lau,Saint-Germain-Laxis,saint_germain_laxis,sa,40.39,58.36,86.77
europe_lau,Saint-Germain-sous-Doue,saint_germain_sous_doue,sa,48.06,65.94,36.65
europe_lau,Saint-Germain-sur-École,saint_germain_sur_ecole,sa,34.22,60.29,90.36
europe_lau,Saint-Germain-sur-Morin,saint_germain_sur_morin,sa,53.57,64.44,63.12
europe_lau,Saint-Hilliers,saint_hilliers,sa,39.01,52.5,58.73
europe_lau,Saint-Jean-les-Deux-Jumeaux,saint_jean_les_deux_jumeaux,sa,47.02,58.34,72.47
europe_lau,Saint-Just-en-Brie,saint_just_en_brie,sa,55.48,68.16,51.34
europe_lau,Saint-Léger,saint_leger,sa,53.77,75.67,64.21
europe_lau,Saint-Loup-de-Naud,saint_loup_de_naud,sa,56.95,74.68,6.31
europe_lau,Saint-Mammès,saint_mammes,sa,37.1,68.05,-35.04
europe_lau,Saint-Mard,saint_mard,sa,46.32,74.65,41.78
europe_lau,Saint-Mars-Vieux-Maisons,saint_mars_vieux_maisons,sa,57.29,68.81,23.27
europe_lau,Saint-Martin-des-Champs,saint_martin_des_champs,sa,33.85,56.26,99.03
europe_lau,Saint-Martin-du-Boschet,saint_martin_du_boschet,sa,53.86,59.35,54.78
europe_lau,Saint-Martin-en-Bière,saint_martin_en_biere,sa,50.53,61.21,57.34
europe_lau,Saint-Méry,saint_mery,sa,19.66,41.18,85.29
europe_lau,Saint-Mesmes,saint_mesmes,sa,31.46,62.01,-72.01
europe_lau,Saint-Ouen-en-Brie,saint_ouen_en_brie,sa,55.06,60.94,76.33
europe_lau,Saint-Ouen-sur-Morin,saint_ouen_sur_morin,sa,34.6,62.28,93.48
europe_lau,Saint-Pathus,saint_pathus,sa,39.5,48.35,58.47
europe_lau,Saint-Pierre-lès-Nemours,saint_pierre_les_nemours,sa,57.34,65.02,59.01
europe_lau,Saint-Rémy-la-Vanne,saint_remy_la_vanne,sa,50.36,63.14,61.11
europe_lau,Saint-Sauveur-lès-Bray,saint_sauveur_les_bray,sa,56.22,63.38,71.73
europe_lau,Saint-Sauveur-sur-École,saint_sauveur_sur_ecole,sa,55.12,62.89,37.24
europe_lau,Saint-Siméon,saint_simeon,sa,40.7,60.89,62.12
europe_lau,Saint-Soupplets,saint_soupplets,sa,57.45,66.84,32.21
europe_lau,Saint-Thibault-des-Vignes,saint_thibault_des_vignes,sa,45.77,61.31,73.31
europe_lau,Salins,salins,sa,40.97,59.51,93.89
europe_lau,Sammeron,sammeron,sa,51.5,75.92,42.35
europe_lau,Samois-sur-Seine,samois_sur_seine,sa,15.41,38.36,81.32
europe_lau,Samoreau,samoreau,sa,37.4,66.04,-56.23
europe_lau,Sancy,sancy,sa,49.96,65.83,80.91
europe_lau,Sancy-lès-Provins,sancy_les_provins,sa,41.43,70.3,94.21
europe_lau,Savigny-le-Temple,savigny_le_temple,sa,41.56,55.1,83.13
europe_lau,Savins,savins,sa,59.08,69.53,80.58
europe_lau,Saint-Affrique-les-Montagnes,saint_affrique_les_montagnes,sa,41.55,64.64,84.07
europe_lau,Saint-Agnan,saint_agnan,sa,60.79,79.76,58.99
europe_lau,Saint-Amancet,saint_amancet,sa,39.39,52.31,73.42
europe_lau,Saint-Amans-Soult,saint_amans_soult,sa,56.81,70.36,48.53
europe_lau,Saint-Amans-Valtoret,saint_amans_valtoret,sa,60.84,63.46,65.42
europe_lau,Saint-André,saint_andre,sa,22.87,46.52,89.73
europe_lau,Saint-Avit,saint_avit,sa,49.52,57.62,41.13
europe_lau,Saint-Beauzile,saint_beauzile,sa,26.68,50.93,38.95
europe_lau,Saint-Benoît-de-Carmaux,saint_benoit_de_carmaux,sa,52.12,69.5,57.39
europe_lau,Saint-Christophe,saint_christophe,sa,57.49,62.43,28.64
europe_lau,Sainte-Cécile-du-Cayrou,sainte_cecile_du_cayrou,sa,45.93,61.12,91.76
europe_lau,Saint-Cirgue,saint_cirgue,sa,28.5,50.53,85.96
europe_lau,Saint-Gauzens,saint_gauzens,sa,30.11,56.9,71.13
europe_lau,Sainte-Gemme,sainte_gemme,sa,48.58,65.57,84.31
europe_lau,Saint-Genest-de-Contest,saint_genest_de_contest,sa,62.41,70.81,39.7
europe_lau,Saint-Germain-des-Prés,saint_germain_des_pres,sa,57.46,69.3,45.21
europe_lau,Saint-Germier,saint_germier,sa,50.79,55.61,49.91
europe_lau,Saint-Grégoire,saint_gregoire,sa,48.88,67.91,91.13
europe_lau,Saint-Jean-de-Marcel,saint_jean_de_marcel,sa,51.79,59.51,24.29
europe_lau,Saint-Jean-de-Rives,saint_jean_de_rives,sa,32.65,47.09,-23.13
europe_lau,Saint-Jean-de-Vals,saint_jean_de_vals,sa,54.22,72.24,94.12
europe_lau,Saint-Juéry,saint_juery,sa,22.76,45.16,-10.53
europe_lau,Saint-Julien-du-Puy,saint_julien_du_puy,sa,60.36,64.3,32.93
europe_lau,Saint-Julien-Gaulène,saint_julien_gaulene,sa,28.67,45.01,88.25
europe_lau,Saint-Lieux-lès-Lavaur,saint_lieux_les_lavaur,sa,62.92,72.23,54.75
europe_lau,Saint-Clément-de-Vers,saint_clement_de_vers,sa,26.77,49.73,55.11
europe_lau,Saint-Clément-les-Places,saint_clement_les_places,sa,69.05,72.22,44.1
europe_lau,Saint-Clément-sur-Valsonne,saint_clement_sur_valsonne,sa,55.39,69.86,32.6
europe_lau,Sainte-Colombe,sainte_colombe,sa,45.11,66.79,30.37
europe_lau,Sainte-Consorce,sainte_consorce,sa,44.44,67.32,76.78
europe_lau,Saint-Cyr-au-Mont-d'Or,saint_cyr_au_mont_d_or,sa,33.24,57.57,85.28
europe_lau,Saint-Cyr-le-Chatoux,saint_cyr_le_chatoux,sa,52.54,66.52,47.52
europe_lau,Saint-Cyr-sur-le-Rhône,saint_cyr_sur_le_rhone,sa,21.85,47.69,-67.48
europe_lau,Saint-Didier-au-Mont-d'Or,saint_didier_au_mont_d_or,sa,28.48,57.31,91.26
europe_lau,Saint-Didier-sur-Beaujeu,saint_didier_sur_beaujeu,sa,48.71,59.31,55.05
europe_lau,Saint-Étienne-des-Oullières,saint_etienne_des_oullieres,sa,57.04,68.3,37.18
europe_lau,Saint-Étienne-la-Varenne,saint_etienne_la_varenne,sa,50.78,70.6,26.7
europe_lau,Saint-Fons,saint_fons,sa,41.15,62.55,97.81
europe_lau,Saint-Forgeux,saint_forgeux,sa,48.98,61.74,74.82
europe_lau,Sainte-Foy-l'Argentière,sainte_foy_l_argentiere,sa,46.32,65.25,56.85
europe_lau,Sainte-Foy-lès-Lyon,sainte_foy_les_lyon,sa,58.83,70.74,59.47
europe_lau,Saint-Genis-l'Argentière,saint_genis_l_argentiere,sa,36.65,45.78,68.28
europe_lau,Saint-Genis-Laval,saint_genis_laval,sa,43.46,62.5,84.51
europe_lau,Saint-Genis-les-Ollières,saint_genis_les_ollieres,sa,51.82,72.31,7.55
europe_lau,Saint-Georges-de-Reneins,saint_georges_de_reneins,sa,57.49,65.05,55.88
europe_lau,Saint-Germain-au-Mont-d'Or,saint_germain_au_mont_d_or,sa,58.4,69.16,82.14
europe_lau,Saint-Germain-Nuelles,saint_germain_nuelles,sa,46.75,73.03,89.56
europe_lau,Saint-Igny-de-Vers,saint_igny_de_vers,sa,40.68,66.47,42.19
europe_lau,Saint-Jean-des-Vignes,saint_jean_des_vignes,sa,65.09,77.53,45.52
europe_lau,Saint-Jean-la-Bussière,saint_jean_la_bussiere,sa,47.99,73,58.97
europe_lau,Saint-Julien,saint_julien,sa,26.75,58.53,-77.38
europe_lau,Saint-Julien-sur-Bibost,saint_julien_sur_bibost,sa,47.75,55.57,56.79
europe_lau,Saint-Just-d'Avray,saint_just_d_avray,sa,57.48,68.51,24.73
europe_lau,Saint-Lager,saint_lager,sa,50.95,66.02,22.93
europe_lau,Saint-Laurent-d'Agny,saint_laurent_d_agny,sa,39.32,56.23,62.86
europe_lau,Saint-Laurent-de-Chamousset,saint_laurent_de_chamousset,sa,58.57,63.98,52.04
europe_lau,Saint-Marcel-l'Éclairé,saint_marcel_l_eclaire,sa,42.88,54.04,42.39
europe_lau,Saint-Claude,saint_claude,sa,40.94,63.01,79.16
europe_lau,Saint-François,saint_francois,sa,24.59,43,-47.38
europe_lau,Saint-Louis,saint_louis,sa,63.94,75.7,40.39
europe_lau,Sainte-Anne,sainte_anne,sa,52.6,76.38,21.44
europe_lau,Sainte-Rose,sainte_rose,sa,43.81,52.86,40.27
europe_lau,Saint-Benoît,saint_benoit,sa,34.8,59.46,-4.57
europe_lau,Saint-Christophe,saint_christophe,sa,49.04,63.16,87.26
europe_lau,Saint-Clair,saint_clair,sa,59.91,59.67,52.65
europe_lau,Saint-Gaudent,saint_gaudent,sa,62.08,67.65,55.72
europe_lau,Saint-Genest-d'Ambière,saint_genest_d_ambiere,sa,50.87,60.65,78.18
europe_lau,Saint-Georges-lès-Baillargeaux,saint_georges_les_baillargeaux,sa,44.06,58.51,-3.78
europe_lau,Saint-Germain,saint_germain,sa,47.39,68.93,48.97
europe_lau,Saint-Gervais-les-Trois-Clochers,saint_gervais_les_trois_clochers,sa,52.11,64.64,74.06
europe_lau,Saint-Jean-de-Sauves,saint_jean_de_sauves,sa,56.41,62.69,38.13
europe_lau,Saint-Julien-l'Ars,saint_julien_l_ars,sa,33.05,42.64,12.51
europe_lau,Saint-Laon,saint_laon,sa,47.33,71.81,79.79
europe_lau,Saint-Laurent-de-Jourdes,saint_laurent_de_jourdes,sa,56.58,72.72,89.5
europe_lau,Saint-Léger-de-Montbrillais,saint_leger_de_montbrillais,sa,46.85,57.08,43.6
europe_lau,Saint-Léomer,saint_leomer,sa,56.81,65.3,47.86
europe_lau,Saint-Macoux,saint_macoux,sa,34.85,54.23,-15.98
europe_lau,Saint-Martin-l'Ars,saint_martin_l_ars,sa,39,58.72,55.81
europe_lau,Saint-Maurice-la-Clouère,saint_maurice_la_clouere,sa,42.15,66.52,-32.3
europe_lau,Saint-Pierre-de-Maillé,saint_pierre_de_maille,sa,45.34,61.67,27.75
europe_lau,Saint-Pierre-d'Exideuil,saint_pierre_d_exideuil,sa,41.61,61.65,60.83
europe_lau,Sainte-Radégonde,sainte_radegonde,sa,56.25,64.04,56.74
europe_lau,Saint-Rémy-sur-Creuse,saint_remy_sur_creuse,sa,43,65.8,90.57
europe_lau,Saint-Romain,saint_romain,sa,56.65,72.78,78.04
europe_lau,Saint-Sauvant,saint_sauvant,sa,54.59,65.85,63.71
europe_lau,Saint-Savin,saint_savin,sa,39.1,56.27,60.55
europe_lau,Saint-Saviol,saint_saviol,sa,28.8,36.08,67.42
europe_lau,Saint-Secondin,saint_secondin,sa,49.84,72.4,49.03
europe_lau,Saires,saires,sa,59.81,75.58,65.21
europe_lau,Saix,saix,sa,53.22,71.56,70.85
europe_lau,Sammarçolles,sammarcolles,sa,50.87,66.13,48.11
europe_lau,Sanxay,sanxay,sa,54.64,72.23,63.66
europe_lau,Saulgé,saulge,sa,44.24,58.33,64.96
europe_lau,Savigné,savigne,sa,61.87,63.61,64.8
europe_lau,Savigny-Lévescault,savigny_levescault,sa,50.06,78.47,64.45
europe_lau,Savigny-sous-Faye,savigny_sous_faye,sa,43.75,56.05,59.48
europe_lau,Saint-Martin-la-Pallu,saint_martin_la_pallu,sa,44.9,50.29,30.67
europe_lau,Saigneville,saigneville,sa,38.31,49.84,39.45
europe_lau,Sailly-Flibeaucourt,sailly_flibeaucourt,sa,53.45,71.44,63.5
europe_lau,Sailly-Laurette,sailly_laurette,sa,50.59,65.64,61.56
europe_lau,Sailly-le-Sec,sailly_le_sec,sa,51.72,73.35,48.28
europe_lau,Sailly-Saillisel,sailly_saillisel,sa,52.35,62.63,40.35
europe_lau,Sains-en-Amiénois,sains_en_amienois,sa,70.05,70.17,66.41
europe_lau,Saint-Marcel-Campes,saint_marcel_campes,sa,54.64,65.37,42.97
europe_lau,Saint-Martin-Laguépie,saint_martin_laguepie,sa,36.79,63.36,-49.58
europe_lau,Saint-Michel-Labadié,saint_michel_labadie,sa,37.37,54.15,72.16
europe_lau,Saint-Michel-de-Vax,saint_michel_de_vax,sa,61.36,78.32,69.99
europe_lau,Saint-Paul-Cap-de-Joux,saint_paul_cap_de_joux,sa,46.71,59.56,36.99
europe_lau,Saint-Pierre-de-Trivisy,saint_pierre_de_trivisy,sa,46.51,57.78,45.21
europe_lau,Saint-Salvi-de-Carcavès,saint_salvi_de_carcaves,sa,37.06,53.12,26.04
europe_lau,Saint-Salvy-de-la-Balme,saint_salvy_de_la_balme,sa,44.66,64.72,-4.89
europe_lau,Saint-Sernin-lès-Lavaur,saint_sernin_les_lavaur,sa,56.11,69.51,78.66
europe_lau,Saint-Sulpice-la-Pointe,saint_sulpice_la_pointe,sa,65.63,67.38,51.68
europe_lau,Saint-Urcisse,saint_urcisse,sa,50.65,67.12,8.59
europe_lau,Saïx,saix,sa,45.15,62.35,22.83
europe_lau,Saliès,salies,sa,38.35,78.32,51.27
europe_lau,Salles,salles,sa,38.34,65.73,94.25
europe_lau,Salvagnac,salvagnac,sa,59.59,68.56,68.18
europe_lau,Saussenac,saussenac,sa,49.11,61.05,32.91
europe_lau,Sauveterre,sauveterre,sa,37.8,55.18,87.28
europe_lau,Saint-Martin-en-Haut,saint_martin_en_haut,sa,47.86,68.32,90.45
europe_lau,Saint-Nizier-d'Azergues,saint_nizier_d_azergues,sa,42.84,72.43,94.1
europe_lau,Sainte-Paule,sainte_paule,sa,27.51,59.06,80.33
europe_lau,Saint-Pierre-la-Palud,saint_pierre_la_palud,sa,35.09,63.7,82.5
europe_lau,Saint-Romain-au-Mont-d'Or,saint_romain_au_mont_d_or,sa,45.85,63.16,10.66
europe_lau,Saint-Romain-de-Popey,saint_romain_de_popey,sa,70.98,72.73,49.43
europe_lau,Saint-Romain-en-Gal,saint_romain_en_gal,sa,40.34,55.98,-1.88
europe_lau,Saint-Romain-en-Gier,saint_romain_en_gier,sa,34.52,45.44,40.17
europe_lau,Saint-Symphorien-sur-Coise,saint_symphorien_sur_coise,sa,36.68,64.16,-3.97
europe_lau,Saint-Vérand,saint_verand,sa,37.5,75.71,30.16
europe_lau,Saint-Vincent-de-Reins,saint_vincent_de_reins,sa,27.02,50.4,93.57
europe_lau,Saint-Acheul,saint_acheul,sa,20.51,44.55,96.08
europe_lau,Saint-Aubin-Montenoy,saint_aubin_montenoy,sa,48.87,56.9,27.36
europe_lau,Sagy,sagy,sa,50.94,71.33,93.87
europe_lau,Saillenard,saillenard,sa,63.01,71.29,39.07
europe_lau,Sailly,sailly,sa,39.9,61.88,16.52
europe_lau,Saint-Agnan,saint_agnan,sa,53.71,62.32,66.46
europe_lau,Saint-Albain,saint_albain,sa,29.24,55.37,12.97
europe_lau,Saint-Ambreuil,saint_ambreuil,sa,32.48,60.97,-19.84
europe_lau,Saint-Amour-Bellevue,saint_amour_bellevue,sa,37.97,58.29,8.74
europe_lau,Saint-André-en-Bresse,saint_andre_en_bresse,sa,53.09,70,84.12
europe_lau,Saint-André-le-Désert,saint_andre_le_desert,sa,42.73,63.32,-26.33
europe_lau,Saint-Aubin-en-Charollais,saint_aubin_en_charollais,sa,52.88,65.08,54.34
europe_lau,Saint-Aubin-sur-Loire,saint_aubin_sur_loire,sa,53.94,69.27,26.02
europe_lau,Saint-Berain-sous-Sanvignes,saint_berain_sous_sanvignes,sa,53.46,63.22,57.38
europe_lau,Saint-Bérain-sur-Dheune,saint_berain_sur_dheune,sa,53.89,63.27,33.84
europe_lau,Saint-Boil,saint_boil,sa,64.62,72.61,22.46
europe_lau,Saint-Bonnet-de-Cray,saint_bonnet_de_cray,sa,56.6,67.75,63.93
europe_lau,Saint-Bonnet-de-Joux,saint_bonnet_de_joux,sa,60.2,65.08,61.04
europe_lau,Saint-Bonnet-de-Vieille-Vigne,saint_bonnet_de_vieille_vigne,sa,43.97,58.41,60.14
europe_lau,Saint-Bonnet-en-Bresse,saint_bonnet_en_bresse,sa,59.95,69.01,21.84
europe_lau,Sainte-Cécile,sainte_cecile,sa,36.43,60.56,29.27
europe_lau,Saint-Christophe-en-Bresse,saint_christophe_en_bresse,sa,37.41,49.19,65.65
europe_lau,Saint-Christophe-en-Brionnais,saint_christophe_en_brionnais,sa,56.8,66.27,37.4
europe_lau,Saint-Clément-sur-Guye,saint_clement_sur_guye,sa,37.97,53.09,69.38
europe_lau,Sainte-Croix-en-Bresse,sainte_croix_en_bresse,sa,46.54,58.49,88.48
europe_lau,Saint-Cyr,saint_cyr,sa,66.36,70.31,41.17
europe_lau,Saint-Denis-de-Vaux,saint_denis_de_vaux,sa,35.3,55.67,47.43
europe_lau,Saint-Désert,saint_desert,sa,52.17,67.54,9.44
europe_lau,Saint-Didier-en-Bresse,saint_didier_en_bresse,sa,31.99,62.18,-75.82
europe_lau,Saint-Didier-en-Brionnais,saint_didier_en_brionnais,sa,35.11,61.06,73.3
europe_lau,Saint-Didier-sur-Arroux,saint_didier_sur_arroux,sa,43.93,61.22,-10.97
europe_lau,Saint-Edmond,saint_edmond,sa,60.29,69.87,49.62
europe_lau,Saint-Émiland,saint_emiland,sa,35.03,58.56,44.12
europe_lau,Saint-Étienne-en-Bresse,saint_etienne_en_bresse,sa,57.78,70.7,29.51
europe_lau,Saint-Eugène,saint_eugene,sa,31.69,50.68,83.42
europe_lau,Saint-Eusèbe,saint_eusebe,sa,49.13,63.53,8.88
europe_lau,Saint-Firmin,saint_firmin,sa,28.97,46.24,83.67
europe_lau,Saint-Forgeot,saint_forgeot,sa,59.04,83.9,80.58
europe_lau,Sainte-Foy,sainte_foy,sa,56.29,70.55,69.14
europe_lau,Saint-Gengoux-de-Scissé,saint_gengoux_de_scisse,sa,65.44,75.84,60.78
europe_lau,Saint-Gengoux-le-National,saint_gengoux_le_national,sa,32.66,46.15,76.93
europe_lau,Saint-Germain-du-Bois,saint_germain_du_bois,sa,56.75,66.37,55.67
europe_lau,Saint-Germain-du-Plain,saint_germain_du_plain,sa,31.92,51.8,63.19
europe_lau,Saint-Germain-en-Brionnais,saint_germain_en_brionnais,sa,53.14,63.86,64
europe_lau,Saint-Germain-lès-Buxy,saint_germain_les_buxy,sa,52.1,69.47,22.93
europe_lau,Saint-Gervais-en-Vallière,saint_gervais_en_valliere,sa,56.22,68.62,30.22
europe_lau,Saint-Esprit,saint_esprit,sa,57.49,75.95,41.47
europe_lau,Saint-Joseph,saint_joseph,sa,38.26,63.42,48.87
europe_lau,Saint-Pierre,saint_pierre,sa,53.33,61.6,63.18
europe_lau,Sainte-Anne,sainte_anne,sa,50.32,73.45,72.13
europe_lau,Sainte-Luce,sainte_luce,sa,50.01,67.3,27.85
europe_lau,Sainte-Marie,sainte_marie,sa,63.82,71.96,51.86
europe_lau,Saint-Georges,saint_georges,sa,22.49,50.04,44.15
europe_lau,Saint-Laurent-du-Maroni,saint_laurent_du_maroni,sa,23.9,49.7,83.62
europe_lau,Saül,saul,sa,29.07,52.54,97.11
europe_lau,Saint-Élie,saint_elie,sa,44.39,68.15,98.99
europe_lau,Saint-Bonnet-de-Mure,saint_bonnet_de_mure,sa,39.76,60.92,65.26
europe_lau,Saint-Laurent-de-Mure,saint_laurent_de_mure,sa,38.31,59.81,13.86
europe_lau,Saint-Pierre-de-Chandieu,saint_pierre_de_chandieu,sa,46.06,61.68,54.24
europe_lau,Saint-Priest,saint_priest,sa,54.98,75.59,7.77
europe_lau,Saint-Symphorien-d'Ozon,saint_symphorien_d_ozon,sa,42.09,57.07,73.9
europe_lau,Sathonay-Camp,sathonay_camp,sa,23.78,40,62.2
europe_lau,Sathonay-Village,sathonay_village,sa,52.7,65.19,18.72
europe_lau,Saint-André,saint_andre,sa,37.46,45.91,26.18
europe_lau,Saint-Benoît,saint_benoit,sa,36.92,49.05,3.84
europe_lau,Saint-Denis,saint_denis,sa,60.49,66.38,67.34
europe_lau,Saint-Joseph,saint_joseph,sa,47.55,66.14,97.55
europe_lau,Saint-Leu,saint_leu,sa,47.23,59.15,55.67
europe_lau,Saint-Louis,saint_louis,sa,41.74,66.7,93.02
europe_lau,Saint-Paul,saint_paul,sa,44.48,54.63,10.91
europe_lau,Saint-Pierre,saint_pierre,sa,28.19,43.42,-16.08
europe_lau,Saint-Philippe,saint_philippe,sa,60.25,79.13,67.51
europe_lau,Sainte-Marie,sainte_marie,sa,39.68,65.34,77.15
europe_lau,Sainte-Rose,sainte_rose,sa,51.13,61.08,38.8
europe_lau,Sainte-Suzanne,sainte_suzanne,sa,38.39,52.64,68.62
europe_lau,Salazie,salazie,sa,49.47,60.11,45.47
europe_lau,Saint-Aubin-Rivière,saint_aubin_riviere,sa,55.2,77.87,61.25
europe_lau,Saint-Blimont,saint_blimont,sa,44.36,61.92,86.15
europe_lau,Saint-Christ-Briost,saint_christ_briost,sa,44.07,52.84,54.89
europe_lau,Saint-Fuscien,saint_fuscien,sa,38.73,50.79,75.66
europe_lau,Saint-Germain-sur-Bresle,saint_germain_sur_bresle,sa,45.69,68.06,99.14
europe_lau,Saint-Gratien,saint_gratien,sa,63.41,68.9,69.82
europe_lau,Saint-Léger-lès-Authie,saint_leger_les_authie,sa,34.84,65.7,67.84
europe_lau,Saint-Léger-lès-Domart,saint_leger_les_domart,sa,28.47,54.76,15.7
europe_lau,Saint-Léger-sur-Bresle,saint_leger_sur_bresle,sa,62.17,75.97,28.13
europe_lau,Saint-Mard,saint_mard,sa,54.82,82.13,15.71
europe_lau,Saint-Maulvis,saint_maulvis,sa,57.54,61.19,56.22
europe_lau,Saint-Maxent,saint_maxent,sa,35.45,57.22,99.24
europe_lau,Saint-Ouen,saint_ouen,sa,34.84,45.29,3.96
europe_lau,Saint-Quentin-en-Tourmont,saint_quentin_en_tourmont,sa,63.62,76.68,47.04
europe_lau,Saint-Quentin-la-Motte-Croix-au-Bailly,saint_quentin_la_motte_croix_au_bailly,sa,27.48,58.48,-17.98
europe_lau,Saint-Riquier,saint_riquier,sa,49.65,60.88,70.72
europe_lau,Saint-Sauflieu,saint_sauflieu,sa,64.8,66.94,60.83
europe_lau,Saint-Sauveur,saint_sauveur,sa,54.84,67.44,64.66
europe_lau,Sainte-Segrée,sainte_segree,sa,43.18,70.53,95.31
europe_lau,Saint-Valery-sur-Somme,saint_valery_sur_somme,sa,49.42,64.84,22.5
europe_lau,Saint-Vaast-en-Chaussée,saint_vaast_en_chaussee,sa,34.22,44.19,15.28
europe_lau,Saisseval,saisseval,sa,31.22,67.09,68.75
europe_lau,Saleux,saleux,sa,33.08,62.13,2.11
europe_lau,Salouël,salouel,sa,23.5,43.84,-44.02
europe_lau,Sancourt,sancourt,sa,39.39,50.81,92.82
europe_lau,Saulchoy-sous-Poix,saulchoy_sous_poix,sa,52.4,66.32,41.7
europe_lau,Sauvillers-Mongival,sauvillers_mongival,sa,43.11,72.49,74.8
europe_lau,Saveuse,saveuse,sa,40.69,66.77,34.26
europe_lau,Sainpuits,sainpuits,sa,59.62,68.5,29.62
europe_lau,Saint-Agnan,saint_agnan,sa,49.69,62.03,37.73
europe_lau,Saint-André-en-Terre-Plaine,saint_andre_en_terre_plaine,sa,38.82,65.12,31.67
europe_lau,Saint-Aubin-sur-Yonne,saint_aubin_sur_yonne,sa,48.85,58.67,75.91
europe_lau,Saint-Brancher,saint_brancher,sa,52.17,69.72,77.61
europe_lau,Saint-Bris-le-Vineux,saint_bris_le_vineux,sa,49.19,62.4,-2.49
europe_lau,Saint-Clément,saint_clement,sa,25.31,45.55,-49.11
europe_lau,Sainte-Colombe,sainte_colombe,sa,36.28,62.45,55.47
europe_lau,Saint-Cyr-les-Colons,saint_cyr_les_colons,sa,39.27,56.19,1.09
europe_lau,Saint-Denis-lès-Sens,saint_denis_les_sens,sa,29.28,46.41,87.63
europe_lau,Saint-Fargeau,saint_fargeau,sa,38.35,54.44,97.28
europe_lau,Saint-Florentin,saint_florentin,sa,24.76,48.36,-39.26
europe_lau,Saint-Georges-sur-Baulche,saint_georges_sur_baulche,sa,41.32,67.27,-15.41
europe_lau,Saint-Germain-des-Champs,saint_germain_des_champs,sa,51.76,68.68,78.54
europe_lau,Saint-Julien-du-Sault,saint_julien_du_sault,sa,42.29,56.72,71.99
europe_lau,Saint-Léger-Vauban,saint_leger_vauban,sa,47.78,60.7,65.24
europe_lau,Saint-Loup-d'Ordon,saint_loup_d_ordon,sa,54.29,73.59,16.49
europe_lau,Sainte-Magnance,sainte_magnance,sa,32.56,49.07,10.41
europe_lau,Saint-Martin-des-Champs,saint_martin_des_champs,sa,44.72,75.57,79.54
europe_lau,Saint-Martin-d'Ordon,saint_martin_d_ordon,sa,33.7,48.58,14.36
europe_lau,Saint-Martin-du-Tertre,saint_martin_du_tertre,sa,29.55,55.31,29.73
europe_lau,Saint-Martin-sur-Armançon,saint_martin_sur_armancon,sa,34.76,65.82,44.41
europe_lau,Saint-Maurice-aux-Riches-Hommes,saint_maurice_aux_riches_hommes,sa,54.3,61.1,83.67
europe_lau,Saint-Maurice-le-Vieil,saint_maurice_le_vieil,sa,39.79,65.45,-20.88
europe_lau,Saint-Maurice-Thizouaille,saint_maurice_thizouaille,sa,28.98,68.8,-48.38
europe_lau,Saint-Moré,saint_more,sa,30.82,59.7,72.58
europe_lau,Sainte-Pallaye,sainte_pallaye,sa,33.01,43.8,68.43
europe_lau,Saint-Père,saint_pere,sa,42.77,53.31,56.2
europe_lau,Saint-Privé,saint_prive,sa,32.7,57.89,78.64
europe_lau,Saints-en-Puisaye,saints_en_puisaye,sa,45.68,51,64.3
europe_lau,Saint-Sauveur-en-Puisaye,saint_sauveur_en_puisaye,sa,48.83,61.96,11.62
europe_lau,Saint-Sérotin,saint_serotin,sa,45.46,71.51,84.17
europe_lau,Saint-Valérien,saint_valerien,sa,53.15,71.14,81.23
europe_lau,Sainte-Vertu,sainte_vertu,sa,23.4,37.34,88.94
europe_lau,Saligny,saligny,sa,49.97,68.72,67.38
europe_lau,Sambourg,sambourg,sa,34.61,56.19,86.31
europe_lau,Santigny,santigny,sa,28.17,52.52,84.76
europe_lau,Sarry,sarry,sa,54.51,64.13,50.17
europe_lau,Sauvigny-le-Beuréal,sauvigny_le_beureal,sa,34.49,60.22,95.4
europe_lau,Sauvigny-le-Bois,sauvigny_le_bois,sa,53.75,55.4,47.89
europe_lau,Savigny-en-Terre-Plaine,savigny_en_terre_plaine,sa,44.34,52.76,51.14
europe_lau,Savigny-sur-Clairis,savigny_sur_clairis,sa,68.42,75.58,54.94
europe_lau,Saint-Amarin,saint_amarin,sa,32.75,68.12,65.07
europe_lau,Saint-Cosme,saint_cosme,sa,46.32,63.49,9.57
europe_lau,Sainte-Croix-aux-Mines,sainte_croix_aux_mines,sa,40.53,62.91,68.98
europe_lau,Sainte-Croix-en-Plaine,sainte_croix_en_plaine,sa,30.65,54.5,41.27
europe_lau,Saint-Hippolyte,saint_hippolyte,sa,12.52,37.04,-65.18
europe_lau,Saint-Louis,saint_louis,sa,33.38,53.95,93.32
europe_lau,Sainte-Marie-aux-Mines,sainte_marie_aux_mines,sa,47.03,59.89,46.47
europe_lau,Saint-Ulrich,saint_ulrich,sa,24.34,60.89,44.65
europe_lau,Sausheim,sausheim,sa,35.15,76.93,-37.07
europe_lau,Saint-Cloud,saint_cloud,sa,44.44,64.16,70.16
europe_lau,Saint-Denis,saint_denis,sa,40.69,53.8,68.13
europe_lau,Saint-Ouen-sur-Seine,saint_ouen_sur_seine,sa,54.79,64.52,44.71
europe_lau,Saint-Amé,saint_ame,sa,58.05,70.25,31.31
europe_lau,Sainte-Barbe,sainte_barbe,sa,46.2,61.1,7.7
europe_lau,Saint-Baslemont,saint_baslemont,sa,42.85,65.55,78.71
europe_lau,Saint-Benoît-la-Chipotte,saint_benoit_la_chipotte,sa,61.27,77.09,41.42
europe_lau,Saint-Dié-des-Vosges,saint_die_des_vosges,sa,52.2,70.55,28.31
europe_lau,Saint-Étienne-lès-Remiremont,saint_etienne_les_remiremont,sa,20.4,45.97,96.19
europe_lau,Saint-Genest,saint_genest,sa,49.5,69.2,72.29
europe_lau,Saint-Gorgon,saint_gorgon,sa,51.92,63.86,54.77
europe_lau,Sainte-Hélène,sainte_helene,sa,55.63,65.46,39.64
europe_lau,Saint-Jean-d'Ormont,saint_jean_d_ormont,sa,45.99,72.93,77.22
europe_lau,Saint-Julien,saint_julien,sa,54.92,68.75,39.06
europe_lau,Saint-Léonard,saint_leonard,sa,23.14,52.09,-117.05
europe_lau,Sainte-Marguerite,sainte_marguerite,sa,57.74,70.55,34.16
europe_lau,Saint-Maurice-sur-Mortagne,saint_maurice_sur_mortagne,sa,52.27,60.25,61.79
europe_lau,Saint-Maurice-sur-Moselle,saint_maurice_sur_moselle,sa,45.84,57.53,12.6
europe_lau,Saint-Menge,saint_menge,sa,54.78,75.48,54.89
europe_lau,Saint-Michel-sur-Meurthe,saint_michel_sur_meurthe,sa,63.99,74.62,56.38
europe_lau,Saint-Nabord,saint_nabord,sa,27,57.77,89.6
europe_lau,Saint-Ouen-lès-Parey,saint_ouen_les_parey,sa,54.92,69.93,60.33
europe_lau,Saint-Paul,saint_paul,sa,34.46,50.96,60.19
europe_lau,Saint-Pierremont,saint_pierremont,sa,26.43,54.4,82.99
europe_lau,Saint-Prancher,saint_prancher,sa,34.7,55.74,21.9
europe_lau,Saint-Remimont,saint_remimont,sa,66.83,78.13,43.89
europe_lau,Saint-Remy,saint_remy,sa,56.23,72.87,18.63
europe_lau,Saint-Stail,saint_stail,sa,54.15,72.12,67.66
europe_lau,Saint-Vallier,saint_vallier,sa,48.29,57.93,32.45
europe_lau,Sanchey,sanchey,sa,37.14,64.14,93.8
europe_lau,Sandaucourt,sandaucourt,sa,60.24,70.97,74.18
europe_lau,Sans-Vallois,sans_vallois,sa,33.04,55.87,98.3
europe_lau,Sapois,sapois,sa,31.21,48.74,12.55
europe_lau,Sartes,sartes,sa,60.24,66.48,36.76
europe_lau,Saulcy-sur-Meurthe,saulcy_sur_meurthe,sa,41.92,60.62,21.79
europe_lau,Saulxures-lès-Bulgnéville,saulxures_les_bulgneville,sa,41.02,72.47,81.96
europe_lau,Saulxures-sur-Moselotte,saulxures_sur_moselotte,sa,54.8,64.77,42.15
europe_lau,Sauville,sauville,sa,40.92,67.82,88
europe_lau,Savigny,savigny,sa,44.07,61.69,72.29
europe_lau,Sada,sada,sa,40.32,60.55,68.11
europe_lau,Saint-Martin,saint_martin,sa,25.87,42.74,-17.82
europe_lau,Saint-Juire-Champgillon,saint_juire_champgillon,sa,27.42,57.53,93.11
europe_lau,Saint-Julien-des-Landes,saint_julien_des_landes,sa,53.92,61.35,49.17
europe_lau,Saint-Laurent-de-la-Salle,saint_laurent_de_la_salle,sa,44.63,66.46,95.23
europe_lau,Saint-Laurent-sur-Sèvre,saint_laurent_sur_sevre,sa,53.79,64.12,35.55
europe_lau,Saint-Maixent-sur-Vie,saint_maixent_sur_vie,sa,51.39,82.34,3.62
europe_lau,Saint-Malô-du-Bois,saint_malo_du_bois,sa,46.7,58.22,39.38
europe_lau,Saint-Mars-la-Réorthe,saint_mars_la_reorthe,sa,41.55,63.56,-14.31
europe_lau,Saint-Martin-de-Fraigneau,saint_martin_de_fraigneau,sa,57.74,67.77,28.55
europe_lau,Saint-Martin-des-Fontaines,saint_martin_des_fontaines,sa,44.44,67.38,97.69
europe_lau,Saint-Martin-des-Noyers,saint_martin_des_noyers,sa,52.89,61.95,18.49
europe_lau,Saint-Martin-des-Tilleuls,saint_martin_des_tilleuls,sa,43.62,72.78,50.4
europe_lau,Saint-Martin-Lars-en-Sainte-Hermine,saint_martin_lars_en_sainte_hermine,sa,51.43,65.49,78.95
europe_lau,Saint-Mathurin,saint_mathurin,sa,63.56,72.57,54.41
europe_lau,Saint-Maurice-des-Noues,saint_maurice_des_noues,sa,66.11,74.17,66.38
europe_lau,Saint-Maurice-le-Girard,saint_maurice_le_girard,sa,26.97,50.82,-21.2
europe_lau,Saint-Mesmin,saint_mesmin,sa,48.49,60.45,49.45
europe_lau,Saint-Michel-en-l'Herm,saint_michel_en_l_herm,sa,40.68,61.14,89.14
europe_lau,Saint-Michel-le-Cloucq,saint_michel_le_cloucq,sa,48.42,62.34,70.7
europe_lau,Saint-Paul-en-Pareds,saint_paul_en_pareds,sa,39.96,66.5,47.26
europe_lau,Saint-Paul-Mont-Penit,saint_paul_mont_penit,sa,57.81,63.05,63.35
europe_lau,Sainte-Pexine,sainte_pexine,sa,30.07,53.12,98.25
europe_lau,Saint-Philbert-de-Bouaine,saint_philbert_de_bouaine,sa,57.08,69.42,87.21
europe_lau,Saint-Pierre-du-Chemin,saint_pierre_du_chemin,sa,47.94,58.43,44.56
europe_lau,Saint-Pierre-le-Vieux,saint_pierre_le_vieux,sa,46.39,66.44,-8.76
europe_lau,Saint-Prouant,saint_prouant,sa,63.19,77.43,63.38
europe_lau,Sainte-Radégonde-des-Noyers,sainte_radegonde_des_noyers,sa,19.46,53.4,93.33
europe_lau,Saint-Révérend,saint_reverend,sa,48.43,57.94,29.41
europe_lau,Saint-Sigismond,saint_sigismond,sa,46.75,61.35,64.52
europe_lau,Saint-Sulpice-en-Pareds,saint_sulpice_en_pareds,sa,62.42,69.75,48.29
europe_lau,Saint-Urbain,saint_urbain,sa,25.75,55.61,-49.42
europe_lau,Saint-Valérien,saint_valerien,sa,56.12,62.91,45.16
europe_lau,Saint-Vincent-Sterlanges,saint_vincent_sterlanges,sa,61.12,81.06,69.95
europe_lau,Saint-Vincent-sur-Graon,saint_vincent_sur_graon,sa,27.34,48.77,37.72
europe_lau,Saint-Vincent-sur-Jard,saint_vincent_sur_jard,sa,63.6,72.95,68.8
europe_lau,Sallertaine,sallertaine,sa,45.44,67.11,-5.84
europe_lau,Saint-Coutant,saint_coutant,sa,67.06,77.28,64.88
europe_lau,Saint-Cyr-la-Lande,saint_cyr_la_lande,sa,47.65,65.45,85.73
europe_lau,Sainte-Eanne,sainte_eanne,sa,58.07,77.35,71.49
europe_lau,Saint-Gelais,saint_gelais,sa,34.79,56.84,69.42
europe_lau,Sainte-Gemme,sainte_gemme,sa,48.5,65.51,65.12
europe_lau,Saint-Généroux,saint_generoux,sa,56.46,72.39,43.03
europe_lau,Saint-Georges-de-Noisné,saint_georges_de_noisne,sa,60.68,68.27,58.88
europe_lau,Saint-Georges-de-Rex,saint_georges_de_rex,sa,58.35,65.31,72.14
europe_lau,Saint-Germain-de-Longue-Chaume,saint_germain_de_longue_chaume,sa,50.54,67.45,29.42
europe_lau,Saint-Germier,saint_germier,sa,48.86,64.85,20.64
europe_lau,Saint-Hilaire-la-Palud,saint_hilaire_la_palud,sa,43.83,58.11,76.66
europe_lau,Saint-Jacques-de-Thouars,saint_jacques_de_thouars,sa,55.82,72.39,60.84
europe_lau,Saint-Jean-de-Thouars,saint_jean_de_thouars,sa,29.34,66.41,68.12
europe_lau,Saint-Laurs,saint_laurs,sa,46.37,60.38,68.18
europe_lau,Saint-Léger-de-Montbrun,saint_leger_de_montbrun,sa,55.57,60.52,73.62
europe_lau,Saint-Lin,saint_lin,sa,38.67,54.5,78.36
europe_lau,Saint-Pardoux-le-Lac,saint_pardoux_le_lac,sa,45.09,53.23,6.51
europe_lau,Saillat-sur-Vienne,saillat_sur_vienne,sa,59.59,67.36,47.54
europe_lau,Saint-Amand-le-Petit,saint_amand_le_petit,sa,35.62,51.98,-3.35
europe_lau,Saint-Amand-Magnazeix,saint_amand_magnazeix,sa,51.17,61.02,62.47
europe_lau,Sainte-Anne-Saint-Priest,sainte_anne_saint_priest,sa,54.02,62.99,68.95
europe_lau,Saint-Auvent,saint_auvent,sa,45.01,58.95,72.04
europe_lau,Saint-Bazile,saint_bazile,sa,37.07,61.15,6.73
europe_lau,Saint-Bonnet-Briance,saint_bonnet_briance,sa,37.77,53.97,80.11
europe_lau,Saint-Bonnet-de-Bellac,saint_bonnet_de_bellac,sa,39.71,57.5,77.51
europe_lau,Saint-Brice-sur-Vienne,saint_brice_sur_vienne,sa,29.92,39.07,76.29
europe_lau,Saint-Cyr,saint_cyr,sa,31.85,58.86,-12.93
europe_lau,Saint-Denis-des-Murs,saint_denis_des_murs,sa,67.22,69.26,53.61
europe_lau,Saint-Gence,saint_gence,sa,43.75,69.74,75.89
europe_lau,Saint-Genest-sur-Roselle,saint_genest_sur_roselle,sa,65.46,75.59,63.21
europe_lau,Saint-Georges-les-Landes,saint_georges_les_landes,sa,34.73,62.67,94.49
europe_lau,Saint-Germain-les-Belles,saint_germain_les_belles,sa,56.46,68.37,87.08
europe_lau,Saint-Gilles-les-Forêts,saint_gilles_les_forets,sa,55.82,73.87,30.83
europe_lau,Saint-Hilaire-Bonneval,saint_hilaire_bonneval,sa,58.3,65.35,51.28
europe_lau,Saint-Hilaire-la-Treille,saint_hilaire_la_treille,sa,49.46,62.88,59.66
europe_lau,Sazená,sazena,sa,44.14,69.19,90.3
europe_lau,Saint-Loup-Lamairé,saint_loup_lamaire,sa,45.8,50.05,39.37
europe_lau,Saint-Maixent-de-Beugné,saint_maixent_de_beugne,sa,46.49,61.09,10.63
europe_lau,Saint-Maixent-l'École,saint_maixent_l_ecole,sa,55.93,65.43,58.35
europe_lau,Saint-Marc-la-Lande,saint_marc_la_lande,sa,49.28,64.54,43.59
europe_lau,Saint-Martin-de-Bernegoue,saint_martin_de_bernegoue,sa,44.88,61.66,45.14
europe_lau,Saint-Martin-de-Mâcon,saint_martin_de_macon,sa,50.66,67.01,29.23
europe_lau,Saint-Martin-de-Saint-Maixent,saint_martin_de_saint_maixent,sa,40.55,68.39,4.48
europe_lau,Saint-Martin-de-Sanzay,saint_martin_de_sanzay,sa,27.63,52.31,70.95
europe_lau,Saint-Martin-du-Fouilloux,saint_martin_du_fouilloux,sa,44.29,63.45,35.01
europe_lau,Saint Maurice Étusson,saint_maurice_etusson,sa,38.58,56.87,60.09
europe_lau,Saint-Maxire,saint_maxire,sa,56.9,63.17,50.95
europe_lau,Sainte-Néomaye,sainte_neomaye,sa,34.51,60.18,87.5
europe_lau,Sainte-Ouenne,sainte_ouenne,sa,33.29,62.21,97.08
europe_lau,Saint-Pardoux-Soutiers,saint_pardoux_soutiers,sa,42.43,62.74,57.6
europe_lau,Saint-Paul-en-Gâtine,saint_paul_en_gatine,sa,45.79,66.64,40.6
europe_lau,Saint-Pierre-des-Échaubrognes,saint_pierre_des_echaubrognes,sa,39,55.73,-8.25
europe_lau,Saint-Pompain,saint_pompain,sa,52.81,63.8,76.71
europe_lau,Saint-Rémy,saint_remy,sa,64.05,75.04,51.29
europe_lau,Saint-Romans-des-Champs,saint_romans_des_champs,sa,58.57,69.06,73.06
europe_lau,Saint-Romans-lès-Melle,saint_romans_les_melle,sa,48.49,64.1,69.62
europe_lau,Sainte-Soline,sainte_soline,sa,52.28,69.08,76.03
europe_lau,Saint-Symphorien,saint_symphorien,sa,57.46,68.26,50.63
europe_lau,Saint-Varent,saint_varent,sa,44.96,65.4,-4.75
europe_lau,Sainte-Verge,sainte_verge,sa,69.24,74.6,55.85
europe_lau,Saint-Vincent-la-Châtre,saint_vincent_la_chatre,sa,37.92,59.53,61.82
europe_lau,Saivres,saivres,sa,55.28,64.84,35.3
europe_lau,Salles,salles,sa,46.55,62.56,91.48
europe_lau,Sansais,sansais,sa,51.92,62.86,82.26
europe_lau,Saurais,saurais,sa,65.42,79.59,52.71
europe_lau,Sauzé-Vaussais,sauze_vaussais,sa,66.73,67.52,54.61
europe_lau,Saint-Aignan,saint_aignan,sa,32.39,41.94,85.57
europe_lau,Saint-Amans-du-Pech,saint_amans_du_pech,sa,49.77,60.52,50.11
europe_lau,Saint-Amans-de-Pellagal,saint_amans_de_pellagal,sa,49.43,64.63,10.52
europe_lau,Saint-Antonin-Noble-Val,saint_antonin_noble_val,sa,51.09,75.37,25.07
europe_lau,Saint-Arroumex,saint_arroumex,sa,48.15,68.09,33.35
europe_lau,Saint-Beauzeil,saint_beauzeil,sa,51.21,71.1,21.51
europe_lau,Saint-Cirice,saint_cirice,sa,47.91,63.52,19.14
europe_lau,Saint-Cirq,saint_cirq,sa,53.73,63.59,64.5
europe_lau,Saint-Clair,saint_clair,sa,38.89,53.71,92.35
europe_lau,Saint-Étienne-de-Tulmont,saint_etienne_de_tulmont,sa,37.32,62.81,42.87
europe_lau,Saint-Georges,saint_georges,sa,58.05,63.02,79.49
europe_lau,Saint-Jean-du-Bouzet,saint_jean_du_bouzet,sa,46.07,59.03,43.13
europe_lau,Sainte-Juliette,sainte_juliette,sa,51.31,63.75,77.56
europe_lau,Saint-Loup,saint_loup,sa,53.68,64.61,42.81
europe_lau,Saint-Michel,saint_michel,sa,61.63,63.37,43.49
europe_lau,Saint-Nauphary,saint_nauphary,sa,57.04,62.48,32.53
europe_lau,Saint-Nazaire-de-Valentane,saint_nazaire_de_valentane,sa,47.45,65.71,73.03
europe_lau,Saint-Nicolas-de-la-Grave,saint_nicolas_de_la_grave,sa,63.39,63.13,45.66
europe_lau,Saint-Paul-d'Espis,saint_paul_d_espis,sa,51.48,65.21,20.88
europe_lau,Saint-Porquier,saint_porquier,sa,46.46,80.53,26.4
europe_lau,Saint-Projet,saint_projet,sa,20.17,41.79,-93.1
europe_lau,Saint-Sardos,saint_sardos,sa,57.3,63.01,60.42
europe_lau,Saint-Vincent-d'Autéjac,saint_vincent_d_autejac,sa,51.27,63.6,44.18
europe_lau,Saint-Vincent-Lespinasse,saint_vincent_lespinasse,sa,39.52,51.39,28.22
europe_lau,Sauveterre,sauveterre,sa,42.17,59.99,68.67
europe_lau,Saint-Hilaire-les-Places,saint_hilaire_les_places,sa,40.68,62.53,95.42
europe_lau,Saint-Jean-Ligoure,saint_jean_ligoure,sa,48.26,54.44,60.22
europe_lau,Saint-Jouvent,saint_jouvent,sa,71.91,68.4,60.64
europe_lau,Saint-Julien-le-Petit,saint_julien_le_petit,sa,40.47,55.03,57.28
europe_lau,Saint-Junien,saint_junien,sa,48.52,57.5,30.3
europe_lau,Saint-Junien-les-Combes,saint_junien_les_combes,sa,52.01,70.7,36.92
europe_lau,Saint-Just-le-Martel,saint_just_le_martel,sa,53.71,70.08,62.44
europe_lau,Saint-Laurent-les-Églises,saint_laurent_les_eglises,sa,36.95,55.25,72.44
europe_lau,Saint-Laurent-sur-Gorre,saint_laurent_sur_gorre,sa,31.34,56.16,33.85
europe_lau,Saint-Léger-la-Montagne,saint_leger_la_montagne,sa,61.99,72.67,33.11
europe_lau,Sainte-Anastasie-sur-Issole,sainte_anastasie_sur_issole,sa,40.59,73.67,90.58
europe_lau,Saint-Cyr-sur-Mer,saint_cyr_sur_mer,sa,45.83,59,83.03
europe_lau,Saint-Julien,saint_julien,sa,61.82,69.53,56.74
europe_lau,Savenès,savenes,sa,64.79,69.52,44.19
europe_lau,Saint-Mandé,saint_mande,sa,35.9,53.79,88.43
europe_lau,Saint-Maur-des-Fossés,saint_maur_des_fosses,sa,58.4,73.58,22.58
europe_lau,Saint-Maurice,saint_maurice,sa,17.99,58.99,-105.94
europe_lau,Santeny,santeny,sa,32.39,63.32,98.72
europe_lau,Saint-Martin-de-Pallières,saint_martin_de_pallieres,sa,45.99,73.91,99.35
europe_lau,Sainte-Maxime,sainte_maxime,sa,52.05,60.7,74.79
europe_lau,Saint-Maximin-la-Sainte-Baume,saint_maximin_la_sainte_baume,sa,48.37,70.09,58.35
europe_lau,Saint-Paul-en-Forêt,saint_paul_en_foret,sa,40.14,54.68,1.13
europe_lau,Saint-Raphaël,saint_raphael,sa,52.2,70.3,35.39
europe_lau,Saint-Tropez,saint_tropez,sa,41.2,57.21,-4.46
europe_lau,Saint-Zacharie,saint_zacharie,sa,49.8,66.34,83.2
europe_lau,Salernes,salernes,sa,49.03,67.78,43.44
europe_lau,Sanary-sur-Mer,sanary_sur_mer,sa,64.86,73.73,66.64
europe_lau,Šabina,sabina,sa,32.58,60.68,16.04
europe_lau,Saint-Mandrier-sur-Mer,saint_mandrier_sur_mer,sa,41.15,64.12,-37.3
europe_lau,Saint-Antonin-du-Var,saint_antonin_du_var,sa,45.91,57.32,77.79
europe_lau,Saint-Léger-Magnazeix,saint_leger_magnazeix,sa,67.84,68.21,47.82
europe_lau,Saint-Léonard-de-Noblat,saint_leonard_de_noblat,sa,61.22,76.97,44.65
europe_lau,Sainte-Marie-de-Vaux,sainte_marie_de_vaux,sa,46.65,61.17,73.38
europe_lau,Saint-Martial-sur-Isop,saint_martial_sur_isop,sa,69.3,77.5,46.53
europe_lau,Saint-Martin-de-Jussac,saint_martin_de_jussac,sa,58.6,70.9,66.84
europe_lau,Saint-Martin-le-Mault,saint_martin_le_mault,sa,41.97,60.21,86.35
europe_lau,Saint-Martin-le-Vieux,saint_martin_le_vieux,sa,53.85,67.53,71.82
europe_lau,Saint-Martin-Terressus,saint_martin_terressus,sa,61.26,65.53,31.76
europe_lau,Saint-Mathieu,saint_mathieu,sa,71.17,77.21,56.96
europe_lau,Saint-Maurice-les-Brousses,saint_maurice_les_brousses,sa,60.4,65.83,60.9
europe_lau,Saint-Méard,saint_meard,sa,46.79,60.18,0.02
europe_lau,Saint-Ouen-sur-Gartempe,saint_ouen_sur_gartempe,sa,50.52,71.93,-18.4
europe_lau,Saint-Paul,saint_paul,sa,50.07,61.79,26.31
europe_lau,Saint-Priest-Ligoure,saint_priest_ligoure,sa,37.02,55.21,99.04
europe_lau,Saint-Priest-sous-Aixe,saint_priest_sous_aixe,sa,70.97,71.92,66.23
europe_lau,Saint-Priest-Taurion,saint_priest_taurion,sa,41.98,54.73,21.38
europe_lau,Saint-Sornin-la-Marche,saint_sornin_la_marche,sa,56.46,68.15,37.1
europe_lau,Saint-Sornin-Leulac,saint_sornin_leulac,sa,40.98,60.01,25.45
europe_lau,Saint-Sulpice-Laurière,saint_sulpice_lauriere,sa,61.56,69.09,25.35
europe_lau,Saint-Sulpice-les-Feuilles,saint_sulpice_les_feuilles,sa,60.97,70.64,25.51
europe_lau,Saint-Sylvestre,saint_sylvestre,sa,53.27,66.8,56.55
europe_lau,Saint-Victurnien,saint_victurnien,sa,41.3,57.37,13.75
europe_lau,Saint-Vitte-sur-Briance,saint_vitte_sur_briance,sa,34.14,50.58,26.06
europe_lau,Saint-Yrieix-la-Perche,saint_yrieix_la_perche,sa,54.44,61.49,53.36
europe_lau,Saint-Yrieix-sous-Aixe,saint_yrieix_sous_aixe,sa,55.86,67.17,43.61
europe_lau,Sauviat-sur-Vige,sauviat_sur_vige,sa,43.2,62.42,-7.87
europe_lau,Sadská,sadska,sa,65.85,66.23,53.84
europe_lau,Sány,sany,sa,52.36,65.5,34.79
europe_lau,Saint Martin de l'If,saint_martin_de_l_if,sa,54.21,57.72,60.83
europe_lau,Saborsko,saborsko,sa,29.55,54.79,66.58
europe_lau,Sali,sali,sa,7.38,43.97,62.7
europe_lau,Samobor,samobor,sa,39.59,49.95,16.34
europe_lau,Satnica Đakovačka,satnica_dakovacka,sa,30.72,51.86,-58.08
europe_lau,Sablet,sablet,sa,36.89,66.08,-47.16
europe_lau,Saignon,saignon,sa,44.8,54.9,69.49
europe_lau,Sainte-Cécile-les-Vignes,sainte_cecile_les_vignes,sa,41.71,51.44,65.78
europe_lau,Saint-Christol,saint_christol,sa,44.78,59.23,77.93
europe_lau,Saint-Didier,saint_didier,sa,44.7,59,85.28
europe_lau,Saint-Hippolyte-le-Graveyron,saint_hippolyte_le_graveyron,sa,43.97,61.94,90.72
europe_lau,Saint-Léger-du-Ventoux,saint_leger_du_ventoux,sa,49.1,69.63,62.11
europe_lau,Sailly,sailly,sa,71.21,77.98,60.61
europe_lau,Saint-Arnoult-en-Yvelines,saint_arnoult_en_yvelines,sa,46.43,51.72,73.17
europe_lau,Saint-Cyr-l'École,saint_cyr_l_ecole,sa,49.04,75.71,87.4
europe_lau,Saint-Forget,saint_forget,sa,36.08,66.43,50.43
europe_lau,Saint-Germain-de-la-Grange,saint_germain_de_la_grange,sa,46.84,71.84,62.75
europe_lau,Saint-Germain-en-Laye,saint_germain_en_laye,sa,31.95,54.55,76.99
europe_lau,Saint-Hilarion,saint_hilarion,sa,57.33,64.02,41.61
europe_lau,Saint-Illiers-la-Ville,saint_illiers_la_ville,sa,69.66,82.01,44.42
europe_lau,Saint-Illiers-le-Bois,saint_illiers_le_bois,sa,54.87,76.7,64.85
europe_lau,Saint-Lambert,saint_lambert,sa,54.31,68.73,38.34
europe_lau,Saint-Léger-en-Yvelines,saint_leger_en_yvelines,sa,39.88,55.81,55.29
europe_lau,Saint-Martin-de-Bréthencourt,saint_martin_de_brethencourt,sa,50.58,65.03,75.72
europe_lau,Saint-Martin-des-Champs,saint_martin_des_champs,sa,36.61,57.32,-9.79
europe_lau,Saint-Martin-la-Garenne,saint_martin_la_garenne,sa,32.48,62.18,-24.25
europe_lau,Sabalos,sabalos,sa,50.62,77.39,29.41
europe_lau,Sabarros,sabarros,sa,56.28,68.81,52.43
europe_lau,Sacoué,sacoue,sa,35.41,48.66,36.97
europe_lau,Sadournin,sadournin,sa,54.4,71.43,33.73
europe_lau,Sainte-Mesme,sainte_mesme,sa,33.24,57.12,3.51
europe_lau,Saint-Nom-la-Bretèche,saint_nom_la_breteche,sa,66.37,70.17,61.08
europe_lau,Saint-Rémy-lès-Chevreuse,saint_remy_les_chevreuse,sa,47.87,67.79,60.79
europe_lau,Saint-Rémy-l'Honoré,saint_remy_l_honore,sa,53.49,73.45,69.96
europe_lau,Sartrouville,sartrouville,sa,45,67.85,29.61
europe_lau,Saulx-Marchais,saulx_marchais,sa,30.77,48.98,98.7
europe_lau,Sailhan,sailhan,sa,20.94,56.89,87.81
europe_lau,Saint-Arroman,saint_arroman,sa,69.62,64.17,57.82
europe_lau,Saint-Créac,saint_creac,sa,38.86,57.22,5.62
europe_lau,Saint-Lanne,saint_lanne,sa,35.24,50.82,65.41
europe_lau,Saint-Lary-Soulan,saint_lary_soulan,sa,31.4,53.11,92.56
europe_lau,Saint-Laurent-de-Neste,saint_laurent_de_neste,sa,48.21,83.86,95.82
europe_lau,Saint-Lézer,saint_lezer,sa,43.34,63.54,83.32
europe_lau,Sainte-Marie,sainte_marie,sa,19,49.53,-35.48
europe_lau,Saint-Martin,saint_martin,sa,33.35,49.08,50.54
europe_lau,Saint-Pastous,saint_pastous,sa,50.51,70.04,14.23
europe_lau,Saint-Paul,saint_paul,sa,33.13,49.95,65.47
europe_lau,Saint-Pé-de-Bigorre,saint_pe_de_bigorre,sa,62.66,66.18,76.93
europe_lau,Saint-Savin,saint_savin,sa,41.62,52.58,91.32
europe_lau,Saint-Sever-de-Rustan,saint_sever_de_rustan,sa,35.2,48.84,22.79
europe_lau,Saléchan,salechan,sa,35.22,55.97,84.82
europe_lau,Saligos,saligos,sa,50.46,65.17,39.08
europe_lau,Salles,salles,sa,41.46,65.39,-25.11
europe_lau,Salles-Adour,salles_adour,sa,64.48,76.7,73.55
europe_lau,Samuran,samuran,sa,51.09,64.59,44.81
europe_lau,Sanous,sanous,sa,51.95,82.12,79.27
europe_lau,Sariac-Magnoac,sariac_magnoac,sa,65.94,65.3,56.48
europe_lau,Sarlabous,sarlabous,sa,59.74,72.9,78.77
europe_lau,Sarniguet,sarniguet,sa,46.93,80.57,-35.21
europe_lau,Sarp,sarp,sa,33.83,52.94,-24.05
europe_lau,Sarrancolin,sarrancolin,sa,26.9,48.31,-23.73
europe_lau,Sarriac-Bigorre,sarriac_bigorre,sa,60.88,82.27,50.63
europe_lau,Sarrouilles,sarrouilles,sa,45.45,87.1,94.1
europe_lau,Sassis,sassis,sa,17.73,63.06,71.18
europe_lau,Sauveterre,sauveterre,sa,63.49,73.23,20.69
europe_lau,Sazos,sazos,sa,42.61,64.01,94.29
europe_lau,Saint-Barthélemy,saint_barthelemy,sa,47.21,65.67,30.58
europe_lau,Saint-Bresson,saint_bresson,sa,45.3,61.57,3.91
europe_lau,Saint-Broing,saint_broing,sa,31.8,59.33,-55.14
europe_lau,Saint-Ferjeux,saint_ferjeux,sa,58.13,77.45,16.24
europe_lau,Saint-Gand,saint_gand,sa,57.54,61.61,72.55
europe_lau,Saint-Germain,saint_germain,sa,55.24,65.95,56.19
europe_lau,Saint-Loup-Nantouard,saint_loup_nantouard,sa,62.16,67.29,67.2
europe_lau,Saint-Loup-sur-Semouse,saint_loup_sur_semouse,sa,31.59,44.4,98.32
europe_lau,Saint-Marcel,saint_marcel,sa,52.57,67.7,41.19
europe_lau,Sainte-Marie-en-Chanois,sainte_marie_en_chanois,sa,51.22,68.96,77.66
europe_lau,Sainte-Marie-en-Chaux,sainte_marie_en_chaux,sa,20.19,63.75,49.38
europe_lau,Sainte-Reine,sainte_reine,sa,51.99,62.73,49.95
europe_lau,Saint-Rémy-en-Comté,saint_remy_en_comte,sa,39.03,57.59,-11.37
europe_lau,Saint-Sauveur,saint_sauveur,sa,47.86,66.39,3.63
europe_lau,Saint-Sulpice,saint_sulpice,sa,54.7,76.54,67.72
europe_lau,Saponcourt,saponcourt,sa,35.54,56.34,78.67
europe_lau,Saulnot,saulnot,sa,40.61,64.66,96.52
europe_lau,Saulx,saulx,sa,53.18,70.02,69.58
europe_lau,Sauvigney-lès-Gray,sauvigney_les_gray,sa,51.46,65.52,74.54
europe_lau,Sauvigney-lès-Pesmes,sauvigney_les_pesmes,sa,66.67,70.39,57.69
europe_lau,Savoyeux,savoyeux,sa,41.71,56.31,79.95
europe_lau,Saint-Léry,saint_lery,sa,55.94,77.91,33.57
europe_lau,Saint-Malo-de-Beignon,saint_malo_de_beignon,sa,38.35,57.87,15.45
europe_lau,Saint-Malo-des-Trois-Fontaines,saint_malo_des_trois_fontaines,sa,50.18,65.22,69.61
europe_lau,Saint-Marcel,saint_marcel,sa,46.4,70.95,91.48
europe_lau,Saint-Martin-sur-Oust,saint_martin_sur_oust,sa,52.41,71.99,20.16
europe_lau,Saint-Nicolas-du-Tertre,saint_nicolas_du_tertre,sa,55.99,66.86,67.99
europe_lau,Saint-Nolff,saint_nolff,sa,41.01,53.07,66.94
europe_lau,Saint-Perreux,saint_perreux,sa,55.58,77.36,45.8
europe_lau,Saint-Philibert,saint_philibert,sa,46.93,58.53,82.11
europe_lau,Saint-Pierre-Quiberon,saint_pierre_quiberon,sa,21.79,42.09,91
europe_lau,Saint-Servant,saint_servant,sa,40.81,49.55,64.7
europe_lau,Saint-Thuriau,saint_thuriau,sa,58.65,71.49,59.77
europe_lau,Saint-Tugdual,saint_tugdual,sa,50.65,71.42,37.28
europe_lau,Saint-Vincent-sur-Oust,saint_vincent_sur_oust,sa,64.97,73.68,67.89
europe_lau,Sarzeau,sarzeau,sa,36.59,53.76,-15.61
europe_lau,Sauzon,sauzon,sa,48.6,62.01,85.27
europe_lau,Sainte-Anne-d'Auray,sainte_anne_d_auray,sa,49.17,64.64,21.8
europe_lau,Sázava,sazava,sa,42.83,55.47,72.52
europe_lau,Sablé-sur-Sarthe,sable_sur_sarthe,sa,52.31,62.06,45.65
europe_lau,Saint-Aignan,saint_aignan,sa,57.24,64.43,63.13
europe_lau,Saint-Paul,saint_paul,sa,41.42,67.39,-30.03
europe_lau,Saint-Pierre-es-Champs,saint_pierre_es_champs,sa,43.42,55.56,60.77
europe_lau,Saint-Pierre-lès-Bitry,saint_pierre_les_bitry,sa,52,71.2,57.82
europe_lau,Saint-Quentin-des-Prés,saint_quentin_des_pres,sa,31.77,58.53,91.52
europe_lau,Saint-Remy-en-l'Eau,saint_remy_en_l_eau,sa,46.71,60.79,24.15
europe_lau,Saint-Samson-la-Poterie,saint_samson_la_poterie,sa,55.42,77.83,26.25
europe_lau,Saint-Sauveur,saint_sauveur,sa,41.08,61.02,5.79
europe_lau,Saint-Sulpice,saint_sulpice,sa,34.9,54.56,95.22
europe_lau,Saint-Thibault,saint_thibault,sa,42.4,66.86,-24.3
europe_lau,Saint-Vaast-de-Longmont,saint_vaast_de_longmont,sa,36.46,59.19,96.15
europe_lau,Saint-Vaast-lès-Mello,saint_vaast_les_mello,sa,42.13,57.17,45.76
europe_lau,Saint-Valery,saint_valery,sa,48.83,68.92,71.69
europe_lau,Salency,salency,sa,42.71,60.94,73.13
europe_lau,Sarcus,sarcus,sa,40.33,51.8,28.35
europe_lau,Sarnois,sarnois,sa,46.52,69.6,-3.84
europe_lau,Savignies,savignies,sa,54.66,65.61,19.86
europe_lau,Saint-Alban-de-Montbel,saint_alban_de_montbel,sa,34.87,63.95,-6
europe_lau,Saint-Alban-d'Hurtières,saint_alban_d_hurtieres,sa,27.87,59.19,66.58
europe_lau,Saint-Alban-des-Villards,saint_alban_des_villards,sa,38.58,55.23,57.87
europe_lau,Saint-Alban-Leysse,saint_alban_leysse,sa,45.65,60.3,60.59
europe_lau,Saint-André,saint_andre,sa,58.35,68.96,81.72
europe_lau,Saint-Avre,saint_avre,sa,50.43,56.3,66.17
europe_lau,Saint-Baldoph,saint_baldoph,sa,52.72,65.12,71.51
europe_lau,Saint-Béron,saint_beron,sa,48.11,57.05,64.67
europe_lau,Saint-Cassin,saint_cassin,sa,40.02,62.4,98.68
europe_lau,Saint-Christophe,saint_christophe,sa,40.95,50.11,79.81
europe_lau,Saint-Colomban-des-Villards,saint_colomban_des_villards,sa,46.56,65.15,85.11
europe_lau,Saint-Étienne-de-Cuines,saint_etienne_de_cuines,sa,32.98,46.41,-3.87
europe_lau,Sainte-Foy-Tarentaise,sainte_foy_tarentaise,sa,45.08,54.42,81.77
europe_lau,Saint-Franc,saint_franc,sa,43.13,71.79,89.24
europe_lau,Saint-François-de-Sales,saint_francois_de_sales,sa,37.75,58.9,47.17
europe_lau,Saint François Longchamp,saint_francois_longchamp,sa,62.2,66.85,72.71
europe_lau,Saint-Genix-les-Villages,saint_genix_les_villages,sa,42.96,60.99,55.61
europe_lau,Saint-Georges-d'Hurtières,saint_georges_d_hurtieres,sa,57.2,77.1,51.28
europe_lau,Sainte-Hélène-du-Lac,sainte_helene_du_lac,sa,23.7,52.11,-6.86
europe_lau,Sainte-Hélène-sur-Isère,sainte_helene_sur_isere,sa,26.09,42.57,-19.95
europe_lau,Saint-Jean-d'Arves,saint_jean_d_arves,sa,46.36,58.32,65.45
europe_lau,Saint-Jean-d'Arvey,saint_jean_d_arvey,sa,39.6,52.39,69.2
europe_lau,Saint-Jean-de-Chevelu,saint_jean_de_chevelu,sa,44.94,63.53,95.81
europe_lau,Saint-Jean-de-Couz,saint_jean_de_couz,sa,43.26,56.48,68.15
europe_lau,Saint-Jean-de-la-Porte,saint_jean_de_la_porte,sa,47.34,68.53,84.07
europe_lau,Saint-Jean-de-Maurienne,saint_jean_de_maurienne,sa,34.76,53.1,77.51
europe_lau,Saint-Jeoire-Prieuré,saint_jeoire_prieure,sa,39.71,60.24,51.64
europe_lau,Saint-Julien-Mont-Denis,saint_julien_mont_denis,sa,55.53,73.53,90.82
europe_lau,Saint-Pardoux,saint_pardoux,sa,62.83,67.93,59.8
europe_lau,Saint-Pierre-Colamine,saint_pierre_colamine,sa,40.1,55.48,96.66
europe_lau,Saint-Pierre-la-Bourlhonne,saint_pierre_la_bourlhonne,sa,43.39,71.61,-44.13
europe_lau,Saint-Pierre-le-Chastel,saint_pierre_le_chastel,sa,43.16,58.87,56.24
europe_lau,Saint-Pierre-Roche,saint_pierre_roche,sa,41.77,58.11,60.16
europe_lau,Saint-Priest-Bramefant,saint_priest_bramefant,sa,49.53,58.41,60.51
europe_lau,Saint-Priest-des-Champs,saint_priest_des_champs,sa,50.47,62.28,85.83
europe_lau,Saint-Quentin-sur-Sauxillanges,saint_quentin_sur_sauxillanges,sa,49.79,71.81,-17.85
europe_lau,Saint-Quintin-sur-Sioule,saint_quintin_sur_sioule,sa,46.46,56.91,37.17
europe_lau,Saint-Rémy-de-Blot,saint_remy_de_blot,sa,45.54,65.14,37.38
europe_lau,Saint-Rémy-de-Chargnat,saint_remy_de_chargnat,sa,41.82,64.72,43.75
europe_lau,Saint-Rémy-sur-Durolle,saint_remy_sur_durolle,sa,55.06,62.53,27.25
europe_lau,Saint-Romain,saint_romain,sa,44.11,66.16,45.57
europe_lau,Saint-Sandoux,saint_sandoux,sa,56.43,67.77,45.66
europe_lau,Saint-Saturnin,saint_saturnin,sa,61.56,69.17,70.38
europe_lau,Saint-Sauves-d'Auvergne,saint_sauves_d_auvergne,sa,50.44,66.94,39.03
europe_lau,Saint-Sauveur-la-Sagne,saint_sauveur_la_sagne,sa,47.58,63.05,76.13
europe_lau,Saint-Sulpice,saint_sulpice,sa,41.85,56.51,96.82
europe_lau,Saint-Sylvestre-Pragoulin,saint_sylvestre_pragoulin,sa,31.75,60.83,-29.8
europe_lau,Saint-Victor-la-Rivière,saint_victor_la_riviere,sa,33.63,62.68,-3.36
europe_lau,Saint-Victor-Montvianeix,saint_victor_montvianeix,sa,38.69,68.33,-55.34
europe_lau,Saint-Vincent,saint_vincent,sa,41.54,61.75,98.26
europe_lau,Saint-Yvoine,saint_yvoine,sa,45.18,57.15,23.32
europe_lau,Sallèdes,salledes,sa,53.87,70.77,64.94
europe_lau,Sardon,sardon,sa,60.91,70.68,51.72
europe_lau,Saulzet-le-Froid,saulzet_le_froid,sa,25.89,59.38,8.05
europe_lau,Sauret-Besserve,sauret_besserve,sa,68.64,69.87,55.74
europe_lau,Saurier,saurier,sa,55.42,62.98,44.32
europe_lau,Sauvagnat,sauvagnat,sa,45.94,59.52,65.19
europe_lau,Sauvagnat-Sainte-Marthe,sauvagnat_sainte_marthe,sa,52.62,65.32,70.94
europe_lau,Sauvessanges,sauvessanges,sa,48.78,70.47,96.75
europe_lau,Sauviat,sauviat,sa,57.53,74.98,64.73
europe_lau,Sauxillanges,sauxillanges,sa,52.24,66.52,89.19
europe_lau,Savennes,savennes,sa,47.21,68.81,69.14
europe_lau,Sayat,sayat,sa,33.57,51.11,37.23
europe_lau,Saint-Amand-sur-Ornain,saint_amand_sur_ornain,sa,39.37,66.13,16.09
europe_lau,Saint-André-en-Barrois,saint_andre_en_barrois,sa,62.04,67.54,72.18
europe_lau,Saint-Aubin-sur-Aire,saint_aubin_sur_aire,sa,38.26,62.34,45.97
europe_lau,Saint-Germain-sur-Meuse,saint_germain_sur_meuse,sa,35.39,56.58,-39.61
europe_lau,Saint-Hilaire-en-Woëvre,saint_hilaire_en_woevre,sa,37.4,57.72,17.26
europe_lau,Saint-Jean-lès-Buzy,saint_jean_les_buzy,sa,28.64,47.26,95.89
europe_lau,Saint-Joire,saint_joire,sa,35.95,53.31,82
europe_lau,Saint-Julien-sous-les-Côtes,saint_julien_sous_les_cotes,sa,33.54,48.06,22.17
europe_lau,Saint-Laurent-sur-Othain,saint_laurent_sur_othain,sa,40.56,56.43,32.43
europe_lau,Saint-Maurice-sous-les-Côtes,saint_maurice_sous_les_cotes,sa,29.83,64.27,35.15
europe_lau,Saint-Mihiel,saint_mihiel,sa,52.31,65.91,2.96
europe_lau,Saint-Pierrevillers,saint_pierrevillers,sa,48.98,61.96,57.44
europe_lau,Saint-Remy-la-Calonne,saint_remy_la_calonne,sa,46.71,70.62,20.01
europe_lau,Salmagne,salmagne,sa,47.5,68.61,85.6
europe_lau,Sampigny,sampigny,sa,59.73,76.86,40.79
europe_lau,Samogneux,samogneux,sa,47,62.03,14.63
europe_lau,Sassey-sur-Meuse,sassey_sur_meuse,sa,24.75,53.76,49.22
europe_lau,Saudrupt,saudrupt,sa,52.5,64.43,46.46
europe_lau,Saulmory-Villefranche,saulmory_villefranche,sa,54.86,68.41,61.93
europe_lau,Saulvaux,saulvaux,sa,31.54,68.29,79.03
europe_lau,Saulx-lès-Champlon,saulx_les_champlon,sa,48.1,62.04,9.92
europe_lau,Sauvigny,sauvigny,sa,62.85,75.41,73.98
europe_lau,Sauvoy,sauvoy,sa,37.54,57.01,-1.22
europe_lau,Savonnières-devant-Bar,savonnieres_devant_bar,sa,45.86,59.96,89.05
europe_lau,Savonnières-en-Perthois,savonnieres_en_perthois,sa,39.57,56.91,67.71
europe_lau,Saâne-Saint-Just,saane_saint_just,sa,32.08,57.91,97.09
europe_lau,Sahurs,sahurs,sa,53.08,65.34,52.89
europe_lau,Sainneville,sainneville,sa,57.02,71.32,59.18
europe_lau,Sainte-Adresse,sainte_adresse,sa,40.7,65.78,60.13
europe_lau,Sainte-Agathe-d'Aliermont,sainte_agathe_d_aliermont,sa,51.63,59.22,62.3
europe_lau,Saint-Aignan-sur-Ry,saint_aignan_sur_ry,sa,58.16,71.69,46.22
europe_lau,Saint-André-sur-Cailly,saint_andre_sur_cailly,sa,52.92,58.6,79.88
europe_lau,Saint-Antoine-la-Forêt,saint_antoine_la_foret,sa,27.96,37.49,30.39
europe_lau,Saint-Arnoult,saint_arnoult,sa,30,63.85,-64.72
europe_lau,Saint-Aubin-Celloville,saint_aubin_celloville,sa,33.95,51.54,95.1
europe_lau,Saint-Aubin-de-Crétot,saint_aubin_de_cretot,sa,39.14,57.63,15.48
europe_lau,Saint-Aubin-Épinay,saint_aubin_epinay,sa,40.48,62.93,-2.42
europe_lau,Saint-Aubin-lès-Elbeuf,saint_aubin_les_elbeuf,sa,51.03,64.05,21.31
europe_lau,Saint-Aubin-le-Cauf,saint_aubin_le_cauf,sa,55.29,60.06,56.58
europe_lau,Saint-Aubin-Routot,saint_aubin_routot,sa,37.6,46.96,46.96
europe_lau,Saint-Aubin-sur-Mer,saint_aubin_sur_mer,sa,29.09,63.19,-44.62
europe_lau,Saint-Aubin-sur-Scie,saint_aubin_sur_scie,sa,40.33,61.28,96.86
europe_lau,Sainte-Austreberthe,sainte_austreberthe,sa,29.52,63.38,19
europe_lau,Sainte-Beuve-en-Rivière,sainte_beuve_en_riviere,sa,32.41,71.17,82.31
europe_lau,Saint-Clair-sur-les-Monts,saint_clair_sur_les_monts,sa,59.2,68.93,42.2
europe_lau,Saales,saales,sa,35.77,55.96,41.65
europe_lau,Saasenheim,saasenheim,sa,43.95,74.38,-3.7
europe_lau,Saessolsheim,saessolsheim,sa,52.58,66.03,88.62
europe_lau,Saint-Blaise-la-Roche,saint_blaise_la_roche,sa,39.75,48.28,45.47
europe_lau,Saint-Jean-Saverne,saint_jean_saverne,sa,34.24,62.19,34.81
europe_lau,Saint-Martin,saint_martin,sa,34.65,56.22,25.95
europe_lau,Saint-Maurice,saint_maurice,sa,62.06,69.04,60.1
europe_lau,Saint-Nabor,saint_nabor,sa,42.42,68.03,50.9
europe_lau,Saint-Pierre,saint_pierre,sa,52.25,71.63,34.57
europe_lau,Saint-Pierre-Bois,saint_pierre_bois,sa,33.12,52.02,92.12
europe_lau,Salmbach,salmbach,sa,45.84,69.36,88.59
europe_lau,Sand,sand,sa,22.66,63.08,12.34
europe_lau,Sarre-Union,sarre_union,sa,41.8,62.66,43.78
europe_lau,Saint-Léger,saint_leger,sa,36.21,60.13,28.26
europe_lau,Saint-Marcel,saint_marcel,sa,43.87,52.95,86.25
europe_lau,Sainte-Marie-d'Alvey,sainte_marie_d_alvey,sa,50.93,67.91,42.84
europe_lau,Sainte-Marie-de-Cuines,sainte_marie_de_cuines,sa,44.9,78.46,76.51
europe_lau,Saint-Martin-d'Arc,saint_martin_d_arc,sa,53.9,76.71,94.22
europe_lau,Saint-Martin-de-la-Porte,saint_martin_de_la_porte,sa,33.38,56.25,87.67
europe_lau,Sainte-Colombe,sainte_colombe,sa,49.73,69.95,93.88
europe_lau,Saint-Gervais-sur-Couches,saint_gervais_sur_couches,sa,53.31,62.91,14.78
europe_lau,Saint-Gilles,saint_gilles,sa,60.89,76.87,30.5
europe_lau,Sainte-Hélène,sainte_helene,sa,61.3,74.46,61.63
europe_lau,Saint-Huruge,saint_huruge,sa,50.8,68.75,59.15
europe_lau,Saint-Igny-de-Roche,saint_igny_de_roche,sa,64.62,69.09,55.03
europe_lau,Saint-Jean-de-Vaux,saint_jean_de_vaux,sa,61.04,64.62,61.11
europe_lau,Saint-Jean-de-Trézy,saint_jean_de_trezy,sa,40.36,60.06,-27.81
europe_lau,Saint-Julien-de-Civry,saint_julien_de_civry,sa,50.75,65.5,28.86
europe_lau,Saint-Julien-de-Jonzy,saint_julien_de_jonzy,sa,49.81,65.88,20.25
europe_lau,Saint-Julien-sur-Dheune,saint_julien_sur_dheune,sa,40.55,56.02,16.3
europe_lau,Saint-Laurent-d'Andenay,saint_laurent_d_andenay,sa,55.67,69.78,34.37
europe_lau,Saint-Laurent-en-Brionnais,saint_laurent_en_brionnais,sa,55.37,63.79,76.12
europe_lau,Saint-Léger-du-Bois,saint_leger_du_bois,sa,62.42,65.94,51.02
europe_lau,Saint-Léger-lès-Paray,saint_leger_les_paray,sa,36.91,60.43,-22.23
europe_lau,Saint-Léger-sous-Beuvray,saint_leger_sous_beuvray,sa,58.15,71.68,14.66
europe_lau,Saint-Léger-sous-la-Bussière,saint_leger_sous_la_bussiere,sa,56.32,69.81,58.93
europe_lau,Saint-Léger-sur-Dheune,saint_leger_sur_dheune,sa,52.05,60.91,86.4
europe_lau,Saint-Loup-Géanges,saint_loup_geanges,sa,50.89,57.87,53.31
europe_lau,Saint-Loup-de-Varennes,saint_loup_de_varennes,sa,29.89,66.04,33.78
europe_lau,Saint-Marcel,saint_marcel,sa,44.28,63.01,45.19
europe_lau,Saint-Marcelin-de-Cray,saint_marcelin_de_cray,sa,45.72,55.95,56.07
europe_lau,Saint-Mard-de-Vaux,saint_mard_de_vaux,sa,57.79,68.69,53.72
europe_lau,Saint-Martin-Belle-Roche,saint_martin_belle_roche,sa,63.03,82.16,61.49
europe_lau,Saint-Martin-d'Auxy,saint_martin_d_auxy,sa,69.75,71.58,60.79
europe_lau,Saint-Martin-de-Commune,saint_martin_de_commune,sa,48.4,55.5,67.99
europe_lau,Saint-Martin-de-Lixy,saint_martin_de_lixy,sa,29.13,62.63,85.23
europe_lau,Saint-Martin-de-Salencey,saint_martin_de_salencey,sa,55.6,65.95,42.36
europe_lau,Saint-Martin-du-Lac,saint_martin_du_lac,sa,49.59,56.26,35.26
europe_lau,Saint-Martin-du-Mont,saint_martin_du_mont,sa,41.72,47.96,38.19
europe_lau,Saint-Martin-du-Tartre,saint_martin_du_tartre,sa,34.05,61.63,54.34
europe_lau,Saint-Martin-en-Bresse,saint_martin_en_bresse,sa,45.52,54.41,83.25
europe_lau,Saint-Martin-en-Gâtinois,saint_martin_en_gatinois,sa,44.1,65.36,41.46
europe_lau,Saint-Martin-la-Patrouille,saint_martin_la_patrouille,sa,46.77,64.68,68.76
europe_lau,Saint-Martin-sous-Montaigu,saint_martin_sous_montaigu,sa,32.57,44.48,72.85
europe_lau,Saint-Maurice-de-Satonnay,saint_maurice_de_satonnay,sa,46.56,81.9,99.12
europe_lau,Saint-Maurice-des-Champs,saint_maurice_des_champs,sa,63.51,75.05,67.3
europe_lau,Saint-Maurice-en-Rivière,saint_maurice_en_riviere,sa,51.86,70.76,67.7
europe_lau,Saint-Maurice-lès-Châteauneuf,saint_maurice_les_chateauneuf,sa,67.22,68.87,54.09
europe_lau,Saint-Maurice-lès-Couches,saint_maurice_les_couches,sa,55.03,84.44,46.8
europe_lau,Saint-Micaud,saint_micaud,sa,63.78,63.89,62.84
europe_lau,Saint-Nizier-sur-Arroux,saint_nizier_sur_arroux,sa,32.79,52.5,59.87
europe_lau,Saint-Pierre-de-Varennes,saint_pierre_de_varennes,sa,54.21,57.09,59.92
europe_lau,Saint-Pierre-le-Vieux,saint_pierre_le_vieux,sa,61.52,71.43,44.97
europe_lau,Saint-Point,saint_point,sa,62.07,81.84,67.15
europe_lau,Saint-Privé,saint_prive,sa,54.78,57.84,54.14
europe_lau,Saint-Prix,saint_prix,sa,50.54,55.7,50.2
europe_lau,Saint-Racho,saint_racho,sa,54.79,75.34,47.53
europe_lau,Sainte-Radegonde,sainte_radegonde,sa,65.32,77.72,40.81
europe_lau,Saint-Rémy,saint_remy,sa,52.85,62.18,43.14
europe_lau,Saint-Romain-sous-Gourdon,saint_romain_sous_gourdon,sa,46.38,57.33,69.69
europe_lau,Saint-Romain-sous-Versigny,saint_romain_sous_versigny,sa,37.69,50.78,87.94
europe_lau,Saint-Sernin-du-Bois,saint_sernin_du_bois,sa,56.13,66.41,39.31
europe_lau,Saint-Sernin-du-Plain,saint_sernin_du_plain,sa,40.56,55.56,88.18
europe_lau,Saint-Symphorien-d'Ancelles,saint_symphorien_d_ancelles,sa,44.06,54.11,56.31
europe_lau,Saint-Symphorien-de-Marmagne,saint_symphorien_de_marmagne,sa,55.23,77.44,86.14
europe_lau,Saint-Symphorien-des-Bois,saint_symphorien_des_bois,sa,60.6,66.03,55.96
europe_lau,Saint-Usuge,saint_usuge,sa,53.79,53.03,44.67
europe_lau,Saint-Vallerin,saint_vallerin,sa,31.8,46.99,-16.17
europe_lau,Saint-Vallier,saint_vallier,sa,42.22,60.59,3.9
europe_lau,Saint-Vérand,saint_verand,sa,36.62,78.06,-111.22
europe_lau,Saint-Vincent-des-Prés,saint_vincent_des_pres,sa,60.36,73.99,53.99
europe_lau,Saint-Vincent-en-Bresse,saint_vincent_en_bresse,sa,59.33,67.98,43.52
europe_lau,Saint-Vincent-Bragny,saint_vincent_bragny,sa,63.49,71.3,53.34
europe_lau,Saint-Yan,saint_yan,sa,37.94,47.55,5.51
europe_lau,Saint-Ythaire,saint_ythaire,sa,58,66.45,43.61
europe_lau,Saisy,saisy,sa,57.08,68.61,21.48
europe_lau,Salornay-sur-Guye,salornay_sur_guye,sa,53.86,70.9,73.33
europe_lau,Sampigny-lès-Maranges,sampigny_les_maranges,sa,51.17,70.61,6.65
europe_lau,Sancé,sance,sa,56.2,67.06,44.98
europe_lau,Santilly,santilly,sa,43.36,69.49,-14.78
europe_lau,Sanvignes-les-Mines,sanvignes_les_mines,sa,46.24,56.82,35.63
europe_lau,Sarry,sarry,sa,52.41,68.56,55.61
europe_lau,Sassangy,sassangy,sa,64.39,75.13,61.18
europe_lau,Sassenay,sassenay,sa,43.55,59.07,85.96
europe_lau,Saules,saules,sa,29.79,43.49,8.43
europe_lau,Saint-Martin-sur-la-Chambre,saint_martin_sur_la_chambre,sa,38.8,60.08,88.36
europe_lau,Saint-Michel-de-Maurienne,saint_michel_de_maurienne,sa,41.66,63.55,96.3
europe_lau,Saint-Nicolas-la-Chapelle,saint_nicolas_la_chapelle,sa,62.64,76.04,77.56
europe_lau,Saint-Offenge,saint_offenge,sa,28.26,38.21,92.98
europe_lau,Saint-Ours,saint_ours,sa,64.8,76.33,78.79
europe_lau,Saint-Pancrace,saint_pancrace,sa,23.77,49.96,-67.1
europe_lau,Saint-Paul-sur-Isère,saint_paul_sur_isere,sa,37.21,60.32,46.13
europe_lau,Saint-Paul,saint_paul,sa,43.64,54.43,61.06
europe_lau,Saint-Pierre-d'Albigny,saint_pierre_d_albigny,sa,61.42,77.47,63.71
europe_lau,Saint-Pierre-d'Alvey,saint_pierre_d_alvey,sa,48.95,67.17,6.94
europe_lau,Saint-Pierre-de-Belleville,saint_pierre_de_belleville,sa,13.54,42.16,51.83
europe_lau,Saint-Pierre-de-Curtille,saint_pierre_de_curtille,sa,31.18,53.72,78.73
europe_lau,Saint-Pierre-d'Entremont,saint_pierre_d_entremont,sa,43,63.05,37.73
europe_lau,Saint-Pierre-de-Genebroz,saint_pierre_de_genebroz,sa,26.06,38.83,65.15
europe_lau,Saint-Pierre-de-Soucy,saint_pierre_de_soucy,sa,43.98,86.76,60.27
europe_lau,Sainte-Reine,sainte_reine,sa,51.93,67.43,59.09
europe_lau,Saint-Rémy-de-Maurienne,saint_remy_de_maurienne,sa,59.94,72.33,80.01
europe_lau,Saint-Sorlin-d'Arves,saint_sorlin_d_arves,sa,39.35,65.99,74.76
europe_lau,Saint-Sulpice,saint_sulpice,sa,43.77,57.1,13.84
europe_lau,Saint-Thibaud-de-Couz,saint_thibaud_de_couz,sa,61.75,67.61,62.95
europe_lau,Saint-Vital,saint_vital,sa,62.17,77.37,56.28
europe_lau,Salins-Fontaine,salins_fontaine,sa,42.96,48.55,48.73
europe_lau,Sailly-lez-Cambrai,sailly_lez_cambrai,sa,64.89,85.62,52.29
europe_lau,Sailly-lez-Lannoy,sailly_lez_lannoy,sa,48.59,56.39,33.13
europe_lau,Sainghin-en-Mélantois,sainghin_en_melantois,sa,58.39,73.72,51.75
europe_lau,Sainghin-en-Weppes,sainghin_en_weppes,sa,36.98,63.63,95.91
europe_lau,Sains-du-Nord,sains_du_nord,sa,51.62,59.35,26.36
europe_lau,Saint-Amand-les-Eaux,saint_amand_les_eaux,sa,53.27,66.32,2.98
europe_lau,Saint-André-lez-Lille,saint_andre_lez_lille,sa,30.18,42.04,47.24
europe_lau,Saint-Aubert,saint_aubert,sa,52.76,73.11,32.88
europe_lau,Saint-Aubin,saint_aubin,sa,49.09,63.53,91.32
europe_lau,Saint-Aybert,saint_aybert,sa,37.3,55.02,59.49
europe_lau,Saint-Benin,saint_benin,sa,47.57,68.8,1.91
europe_lau,Saint-Georges-sur-l'Aa,saint_georges_sur_l_aa,sa,43.5,71.56,56.92
europe_lau,Saint-Hilaire-lez-Cambrai,saint_hilaire_lez_cambrai,sa,45.04,60.28,-8.86
europe_lau,Saint-Hilaire-sur-Helpe,saint_hilaire_sur_helpe,sa,34.88,47.68,94.78
europe_lau,Saint-Jans-Cappel,saint_jans_cappel,sa,54.32,65.17,43.17
europe_lau,Sainte-Marie-Cappel,sainte_marie_cappel,sa,67.3,72.93,63.01
europe_lau,Saint-Martin-sur-Écaillon,saint_martin_sur_ecaillon,sa,62.82,70.28,71.63
europe_lau,Saint-Momelin,saint_momelin,sa,37.14,48.28,77.91
europe_lau,Saint-Pierre-Brouck,saint_pierre_brouck,sa,44.9,78.95,93.81
europe_lau,Saint-Python,saint_python,sa,53.03,65.33,55.26
europe_lau,Saint-Remy-Chaussée,saint_remy_chaussee,sa,37.13,51.18,84.16
europe_lau,Saint-Remy-du-Nord,saint_remy_du_nord,sa,60.67,72.15,41.98
europe_lau,Saint-Saulve,saint_saulve,sa,44.53,59.34,88.86
europe_lau,Saint-Souplet,saint_souplet,sa,56.97,71.12,19.47
europe_lau,Saint-Sylvestre-Cappel,saint_sylvestre_cappel,sa,67.23,67.61,57.39
europe_lau,Saint-Vaast-en-Cambrésis,saint_vaast_en_cambresis,sa,32.38,54.34,-41.65
europe_lau,Saint-Waast,saint_waast,sa,34.86,52.22,-5.11
europe_lau,Sahorre,sahorre,sa,49.74,59.28,44.42
europe_lau,Saillagouse,saillagouse,sa,28.35,33.98,61.17
europe_lau,Saint-André,saint_andre,sa,41.2,62.34,88.66
europe_lau,Saint-Arnac,saint_arnac,sa,39.21,60.06,35.6
europe_lau,Sainte-Colombe-de-la-Commanderie,sainte_colombe_de_la_commanderie,sa,48.23,69.33,-7.75
europe_lau,Saint-Cyprien,saint_cyprien,sa,57.2,64.77,67.91
europe_lau,Saint-Estève,saint_esteve,sa,49.84,79.17,51.77
europe_lau,Saint-Féliu-d'Amont,saint_feliu_d_amont,sa,38.18,69.96,94.2
europe_lau,Saint-Féliu-d'Avall,saint_feliu_d_avall,sa,59.15,74.95,50.62
europe_lau,Saint-Génis-des-Fontaines,saint_genis_des_fontaines,sa,38.12,65.76,97.76
europe_lau,Saint-Hippolyte,saint_hippolyte,sa,33.08,61.2,91.98
europe_lau,Saint-Jean-Lasseille,saint_jean_lasseille,sa,67.76,72.86,60.9
europe_lau,Saint-Jean-Pla-de-Corts,saint_jean_pla_de_corts,sa,43.82,60.96,82.65
europe_lau,Saint-Laurent-de-Cerdans,saint_laurent_de_cerdans,sa,68.14,71.29,44.09
europe_lau,Saint-Laurent-de-la-Salanque,saint_laurent_de_la_salanque,sa,19.03,38.85,86.34
europe_lau,Sainte-Léocadie,sainte_leocadie,sa,31.46,59.8,41.38
europe_lau,Sainte-Marie-la-Mer,sainte_marie_la_mer,sa,53.94,72.69,56.54
europe_lau,Saint-Marsal,saint_marsal,sa,37.19,47.76,9.57
europe_lau,Saint-Martin-de-Fenouillet,saint_martin_de_fenouillet,sa,39.48,71.31,-35.99
europe_lau,Saint-Michel-de-Llotes,saint_michel_de_llotes,sa,60.04,72.04,59.05
europe_lau,Saint-Nazaire,saint_nazaire,sa,58.59,76.98,35.78
europe_lau,Saint-Paul-de-Fenouillet,saint_paul_de_fenouillet,sa,42.78,68.27,-17.15
europe_lau,Saint-Pierre-dels-Forcats,saint_pierre_dels_forcats,sa,42.47,55.19,87.48
europe_lau,Saleilles,saleilles,sa,47.55,65.28,30.17
europe_lau,Salses-le-Château,salses_le_chateau,sa,39.93,60.31,8.02
europe_lau,Sansa,sansa,sa,53.31,66.76,87.12
europe_lau,Sauto,sauto,sa,47.18,64.25,13.98
europe_lau,Salesches,salesches,sa,60.41,78.11,45.63
europe_lau,Salomé,salome,sa,49.6,61.59,30.61
europe_lau,Saméon,sameon,sa,46.89,74.47,68.04
europe_lau,Sancourt,sancourt,sa,46.35,71.11,98.43
europe_lau,Santes,santes,sa,50.25,64.29,58.05
europe_lau,Sars-et-Rosières,sars_et_rosieres,sa,33.14,53.97,31.58
europe_lau,Sars-Poteries,sars_poteries,sa,34.49,55.64,19.91
europe_lau,Sassegnies,sassegnies,sa,35.08,45.58,43.09
europe_lau,Saultain,saultain,sa,50.79,65.79,52.76
europe_lau,Saulzoir,saulzoir,sa,52.97,74.07,39.11
europe_lau,Saint-Crespin,saint_crespin,sa,55.65,63.45,68.71
europe_lau,Sainte-Croix-sur-Buchy,sainte_croix_sur_buchy,sa,48.07,61.39,60.21
europe_lau,Saint-Denis-d'Aclon,saint_denis_d_aclon,sa,32.31,59.08,38.39
europe_lau,Saint-Denis-le-Thiboult,saint_denis_le_thiboult,sa,41.5,60.38,73.3
europe_lau,Saint-Denis-sur-Scie,saint_denis_sur_scie,sa,29.22,54.36,-57.22
europe_lau,Saint-Étienne-du-Rouvray,saint_etienne_du_rouvray,sa,56.57,65.26,75.04
europe_lau,Saint-Eustache-la-Forêt,saint_eustache_la_foret,sa,55.25,68.92,11.92
europe_lau,Sainte-Foy,sainte_foy,sa,35.5,58.97,61.5
europe_lau,Sainte-Geneviève,sainte_genevieve,sa,28.88,62.98,24.7
europe_lau,Saint-Georges-sur-Fontaine,saint_georges_sur_fontaine,sa,57.66,71.33,44.67
europe_lau,Saint-Germain-des-Essourts,saint_germain_des_essourts,sa,52.55,66.09,68.65
europe_lau,Saint-Germain-d'Étables,saint_germain_d_etables,sa,45.89,57.44,41.66
europe_lau,Saint-Germain-sous-Cailly,saint_germain_sous_cailly,sa,38.58,64.34,94.83
europe_lau,Saint-Germain-sur-Eaulne,saint_germain_sur_eaulne,sa,16.31,52.4,57.17
europe_lau,Saint-Gilles-de-Crétot,saint_gilles_de_cretot,sa,60.68,65.33,58.82
europe_lau,Saint-Gilles-de-la-Neuville,saint_gilles_de_la_neuville,sa,46.78,63.66,38.43
europe_lau,Sainte-Hélène-Bondeville,sainte_helene_bondeville,sa,45.42,52.39,33.22
europe_lau,Saint-Hellier,saint_hellier,sa,60.27,69.32,24.52
europe_lau,Saint-Honoré,saint_honore,sa,51.32,63.89,57.53
europe_lau,Saint-Jacques-d'Aliermont,saint_jacques_d_aliermont,sa,39.1,61.35,25.94
europe_lau,Saint-Jacques-sur-Darnétal,saint_jacques_sur_darnetal,sa,65.31,68.21,52.96
europe_lau,Saint-Jean-de-Folleville,saint_jean_de_folleville,sa,44.68,58.69,66.76
europe_lau,Saint-Jean-de-la-Neuville,saint_jean_de_la_neuville,sa,38.76,58.14,-9.66
europe_lau,Saint-Jean-du-Cardonnay,saint_jean_du_cardonnay,sa,59.6,74.08,63.01
europe_lau,Saint-Jouin-Bruneval,saint_jouin_bruneval,sa,45.4,58.29,80.25
europe_lau,Saint-Laurent-de-Brèvedent,saint_laurent_de_brevedent,sa,49.96,68.69,39.3
europe_lau,Saint-Laurent-en-Caux,saint_laurent_en_caux,sa,40.52,55.58,51.2
europe_lau,Saint-Léger-aux-Bois,saint_leger_aux_bois,sa,38.99,47.22,74.33
europe_lau,Saint-Léger-du-Bourg-Denis,saint_leger_du_bourg_denis,sa,36.4,51.54,2.97
europe_lau,Saint-Léonard,saint_leonard,sa,36.16,47.09,38.45
europe_lau,Saint-Lucien,saint_lucien,sa,48.57,65.53,92.65
europe_lau,Saint-Maclou-de-Folleville,saint_maclou_de_folleville,sa,34.46,60.54,31.75
europe_lau,Saint-Maclou-la-Brière,saint_maclou_la_briere,sa,50.83,75.37,72.65
europe_lau,Saint-Mards,saint_mards,sa,38.21,71.76,15.32
europe_lau,Sainte-Marguerite-sur-Mer,sainte_marguerite_sur_mer,sa,57.35,69.92,45.49
europe_lau,Sainte-Marguerite-sur-Duclair,sainte_marguerite_sur_duclair,sa,37.67,52.45,59.17
europe_lau,Sainte-Marie-au-Bosc,sainte_marie_au_bosc,sa,44.93,77.66,46.69
europe_lau,Sainte-Marie-des-Champs,sainte_marie_des_champs,sa,29.05,53.81,3.77
europe_lau,Saint-Martin-aux-Arbres,saint_martin_aux_arbres,sa,44.94,62.34,-5.14
europe_lau,Saint-Martin-au-Bosc,saint_martin_au_bosc,sa,44.31,62.44,-7.11
europe_lau,Saint-Martin-aux-Buneaux,saint_martin_aux_buneaux,sa,57.89,72.97,62.96
europe_lau,Saint-Martin-de-Boscherville,saint_martin_de_boscherville,sa,56.12,64.7,72.17
europe_lau,Saint-Martin-du-Bec,saint_martin_du_bec,sa,44.72,63.36,66.67
europe_lau,Saint-Martin-du-Manoir,saint_martin_du_manoir,sa,44.95,62.43,80.74
europe_lau,Saint-Martin-du-Vivier,saint_martin_du_vivier,sa,46.83,61.58,90.39
europe_lau,Saint-Martin-le-Gaillard,saint_martin_le_gaillard,sa,30.75,46.88,95.66
europe_lau,Saint-Martin-l'Hortier,saint_martin_l_hortier,sa,25.12,45.82,-47.62
europe_lau,Saint-Martin-Osmonville,saint_martin_osmonville,sa,52.14,64.84,51
europe_lau,Saint-Maurice-d'Ételan,saint_maurice_d_etelan,sa,40.1,58.26,88.24
europe_lau,Saint-Michel-d'Halescourt,saint_michel_d_halescourt,sa,71.62,77.6,39.47
europe_lau,Saint-Nicolas-d'Aliermont,saint_nicolas_d_aliermont,sa,52.77,74.69,32.93
europe_lau,Saint-Nicolas-de-la-Haie,saint_nicolas_de_la_haie,sa,50.37,68.69,36.51
europe_lau,Saint-Nicolas-de-la-Taille,saint_nicolas_de_la_taille,sa,38.62,47.63,70.13
europe_lau,Saint-Ouen-du-Breuil,saint_ouen_du_breuil,sa,39.62,59.04,42.6
europe_lau,Saint-Ouen-le-Mauger,saint_ouen_le_mauger,sa,51.6,62.59,39.44
europe_lau,Saint-Ouen-sous-Bailly,saint_ouen_sous_bailly,sa,65.47,72.17,63.22
europe_lau,Saint-Paër,saint_paer,sa,62.73,63.93,47.45
europe_lau,Saint-Pierre-Bénouville,saint_pierre_benouville,sa,58.96,74.06,60.13
europe_lau,Saint-Pierre-de-Manneville,saint_pierre_de_manneville,sa,54.45,62,53.93
europe_lau,Saint-Pierre-des-Jonquières,saint_pierre_des_jonquieres,sa,53.39,72.88,81.32
europe_lau,Saint-Pierre-de-Varengeville,saint_pierre_de_varengeville,sa,49.78,63.87,41.3
europe_lau,Saint-Pierre-en-Port,saint_pierre_en_port,sa,58.1,70.73,65.4
europe_lau,Sarrewerden,sarrewerden,sa,60.5,66.88,52.7
europe_lau,Saulxures,saulxures,sa,51.24,61.77,19.09
europe_lau,Saverne,saverne,sa,35.41,54.34,-32.42
europe_lau,Sablons sur Huisne,sablons_sur_huisne,sa,44.5,70.58,31.66
europe_lau,Saincaize-Meauce,saincaize_meauce,sa,62.48,70.09,64.37
europe_lau,Saint-Agnan,saint_agnan,sa,40.74,46.01,46.94
europe_lau,Saint-Amand-en-Puisaye,saint_amand_en_puisaye,sa,55.07,67.61,78.5
europe_lau,Saint-Andelain,saint_andelain,sa,57.81,64.84,56.82
europe_lau,Saint-André-en-Morvan,saint_andre_en_morvan,sa,41.01,56.39,91.21
europe_lau,Saint-Aubin-des-Chaumes,saint_aubin_des_chaumes,sa,36.02,46.27,9.72
europe_lau,Saint-Aubin-les-Forges,saint_aubin_les_forges,sa,50.72,61.17,57.42
europe_lau,Saint-Benin-d'Azy,saint_benin_d_azy,sa,42.15,56.39,83.45
europe_lau,Saint-Benin-des-Bois,saint_benin_des_bois,sa,49.72,63.11,87.16
europe_lau,Saint-Bonnot,saint_bonnot,sa,54.1,63.66,82.51
europe_lau,Saint-Brisson,saint_brisson,sa,35.7,52.25,84.35
europe_lau,Sainte-Colombe-des-Bois,sainte_colombe_des_bois,sa,50.93,66.87,28.36
europe_lau,Saint-Didier,saint_didier,sa,34.51,60.57,86.46
europe_lau,Saint-Éloi,saint_eloi,sa,44.23,53.54,65.22
europe_lau,Saint-Firmin,saint_firmin,sa,37.9,57.42,-31.93
europe_lau,Saint-Franchy,saint_franchy,sa,38,62.86,85.43
europe_lau,Saint-Germain-Chassenay,saint_germain_chassenay,sa,46.82,69.04,13.53
europe_lau,Saint-Germain-des-Bois,saint_germain_des_bois,sa,45.88,54.8,70.96
europe_lau,Saint-Gratien-Savigny,saint_gratien_savigny,sa,64.47,69.47,48.64
europe_lau,Saint-Hilaire-en-Morvan,saint_hilaire_en_morvan,sa,39.57,54.01,85.73
europe_lau,Saint-Hilaire-Fontaine,saint_hilaire_fontaine,sa,36.54,51.16,91.06
europe_lau,Saint-Honoré-les-Bains,saint_honore_les_bains,sa,52.81,66.4,12.84
europe_lau,Saint-Jean-aux-Amognes,saint_jean_aux_amognes,sa,58.41,66.59,39.34
europe_lau,Saint-Laurent-l'Abbaye,saint_laurent_l_abbaye,sa,32.7,63.75,95.09
europe_lau,Saint-Léger-de-Fougeret,saint_leger_de_fougeret,sa,50.34,64.77,66.53
europe_lau,Saint-Léger-des-Vignes,saint_leger_des_vignes,sa,41.58,54.44,28.37
europe_lau,Saint-Loup,saint_loup,sa,41.17,64.41,96.88
europe_lau,Saint-Malo-en-Donziois,saint_malo_en_donziois,sa,42.86,59.36,41.73
europe_lau,Sainte-Marie,sainte_marie,sa,39.42,53.55,84.53
europe_lau,Saint-Martin-d'Heuille,saint_martin_d_heuille,sa,40.99,70.68,89.6
europe_lau,Saint-Martin-du-Puy,saint_martin_du_puy,sa,44.03,59.68,74.59
europe_lau,Saint-Martin-sur-Nohain,saint_martin_sur_nohain,sa,43.22,60.08,4.17
europe_lau,Saint-Maurice,saint_maurice,sa,45.58,53.7,68.17
europe_lau,Saint-Ouen-sur-Loire,saint_ouen_sur_loire,sa,59.04,70.54,50.46
europe_lau,Saint-Parize-en-Viry,saint_parize_en_viry,sa,48.67,70.77,35.24
europe_lau,Saint-Parize-le-Châtel,saint_parize_le_chatel,sa,56.46,63.5,31.99
europe_lau,Saint-Père,saint_pere,sa,62.45,65.74,39.34
europe_lau,Saint-Péreuse,saint_pereuse,sa,37.75,51.29,21.83
europe_lau,Saint-Pierre-du-Mont,saint_pierre_du_mont,sa,61.99,69.47,28.72
europe_lau,Saint-Pierre-le-Moûtier,saint_pierre_le_moutier,sa,52.97,58.34,46.28
europe_lau,Saint-Quentin-sur-Nohain,saint_quentin_sur_nohain,sa,42.7,70.71,97.47
europe_lau,Saint-Révérien,saint_reverien,sa,35.77,59.38,54.31
europe_lau,Saint-Saulge,saint_saulge,sa,53.68,59.26,69.98
europe_lau,Saint-Seine,saint_seine,sa,70.09,68.92,48.88
europe_lau,Saint-Sulpice,saint_sulpice,sa,49.63,62.99,79.18
europe_lau,Saint-Vérain,saint_verain,sa,52.01,60.16,32.49
europe_lau,Saizy,saizy,sa,46.14,68.81,64.64
europe_lau,Sardy-lès-Épiry,sardy_les_epiry,sa,47.62,62.38,81.06
europe_lau,Sauvigny-les-Bois,sauvigny_les_bois,sa,47.3,65.82,66.51
europe_lau,Savigny-Poil-Fol,savigny_poil_fol,sa,26.51,45.48,-37.13
europe_lau,Saxi-Bourdon,saxi_bourdon,sa,59.7,65.47,73.16
europe_lau,Saint-Pierre-en-Val,saint_pierre_en_val,sa,54.95,66.63,33.06
europe_lau,Saint-Pierre-lès-Elbeuf,saint_pierre_les_elbeuf,sa,41.45,57.89,97.47
europe_lau,Saint-Pierre-le-Vieux,saint_pierre_le_vieux,sa,38.91,74.04,9.6
europe_lau,Saint-Pierre-le-Viger,saint_pierre_le_viger,sa,24.93,65.08,-169.18
europe_lau,Saint-Rémy-Boscrocourt,saint_remy_boscrocourt,sa,48.56,65.11,-1.26
europe_lau,Saint-Riquier-en-Rivière,saint_riquier_en_riviere,sa,35.04,52.84,17
europe_lau,Saint-Riquier-ès-Plains,saint_riquier_es_plains,sa,61.46,70.1,75.03
europe_lau,Saint-Romain-de-Colbosc,saint_romain_de_colbosc,sa,59.46,76.12,32.37
europe_lau,Saint-Saëns,saint_saens,sa,45.43,67.44,60.91
europe_lau,Saint-Saire,saint_saire,sa,61.06,70.28,73.94
europe_lau,Saunières,saunieres,sa,49.58,60.37,81.39
europe_lau,Savianges,savianges,sa,51.54,69.45,8.37
europe_lau,Savigny-en-Revermont,savigny_en_revermont,sa,58.1,73.14,20.49
europe_lau,Savigny-sur-Grosne,savigny_sur_grosne,sa,50.8,59.31,75.55
europe_lau,Savigny-sur-Seille,savigny_sur_seille,sa,56.82,63.66,59
europe_lau,Sailly-Achâtel,sailly_achatel,sa,48.08,63.01,50.31
europe_lau,Saint-Avold,saint_avold,sa,28.63,44.93,43.12
europe_lau,Sainte-Barbe,sainte_barbe,sa,55.66,59.52,49.8
europe_lau,Saint-Epvre,saint_epvre,sa,37.52,50.3,67.72
europe_lau,Saint-François-Lacroix,saint_francois_lacroix,sa,35.83,57.52,52.39
europe_lau,Saint-Georges,saint_georges,sa,57.69,70.13,32.39
europe_lau,Saint-Hubert,saint_hubert,sa,41.4,63.04,62.57
europe_lau,Saint-Jean-de-Bassel,saint_jean_de_bassel,sa,34.14,44.58,35.04
europe_lau,Saint-Jean-Kourtzerode,saint_jean_kourtzerode,sa,41.69,53.65,24.74
europe_lau,Saint-Jean-Rohrbach,saint_jean_rohrbach,sa,60.37,67.21,52.54
europe_lau,Saint-Julien-lès-Metz,saint_julien_les_metz,sa,43.93,63.41,66.72
europe_lau,Saint-Jure,saint_jure,sa,53.05,66,46.58
europe_lau,Saint-Louis,saint_louis,sa,65.08,74.38,47.19
europe_lau,Saint-Louis-lès-Bitche,saint_louis_les_bitche,sa,39.07,50.43,55.62
europe_lau,Sainte-Marie-aux-Chênes,sainte_marie_aux_chenes,sa,40.01,55.7,64.03
europe_lau,Saint-Médard,saint_medard,sa,41.43,64.97,90.89
europe_lau,Saint-Privat-la-Montagne,saint_privat_la_montagne,sa,64.76,79,53.1
europe_lau,Saint-Quirin,saint_quirin,sa,34.39,61.26,60.65
europe_lau,Sainte-Ruffine,sainte_ruffine,sa,66.47,77.55,47.66
europe_lau,Salonnes,salonnes,sa,35.47,49.76,48.89
europe_lau,Sanry-lès-Vigy,sanry_les_vigy,sa,43.17,55.69,7.41
europe_lau,Sanry-sur-Nied,sanry_sur_nied,sa,40.24,45.98,58.32
europe_lau,Sarralbe,sarralbe,sa,36.46,58.79,98.63
europe_lau,Sarraltroff,sarraltroff,sa,57.26,67.17,71.82
europe_lau,Sarrebourg,sarrebourg,sa,52.47,64.89,65.38
europe_lau,Sarreguemines,sarreguemines,sa,40.96,56.37,-3.4
europe_lau,Sarreinsming,sarreinsming,sa,54.86,69.57,14.89
europe_lau,Saulny,saulny,sa,41.95,62.07,8.19
europe_lau,Saint-Augustin,saint_augustin,sa,41.04,62.6,-21.15
europe_lau,Saint-Aubin-de-Locquenay,saint_aubin_de_locquenay,sa,69.72,75.73,53.01
europe_lau,Saint-Aubin-des-Coudrais,saint_aubin_des_coudrais,sa,57.91,70.94,47.43
europe_lau,Saint-Biez-en-Belin,saint_biez_en_belin,sa,54.17,63.83,57.26
europe_lau,Saint-Calais,saint_calais,sa,38.12,48.7,48.68
europe_lau,Saint-Calez-en-Saosnois,saint_calez_en_saosnois,sa,54.18,73.96,36.33
europe_lau,Saint-Célerin,saint_celerin,sa,40.99,65.92,74.74
europe_lau,Sainte-Cérotte,sainte_cerotte,sa,50.46,59.76,32.96
europe_lau,Saint-Christophe-du-Jambet,saint_christophe_du_jambet,sa,18.85,54.23,-68.31
europe_lau,Saint-Christophe-en-Champagne,saint_christophe_en_champagne,sa,40.82,63.96,62.64
europe_lau,Saint-Corneille,saint_corneille,sa,42.5,63.79,73.89
europe_lau,Saint-Cosme-en-Vairais,saint_cosme_en_vairais,sa,44.72,57.86,52.5
europe_lau,Saint-Denis-des-Coudrais,saint_denis_des_coudrais,sa,51.72,62.39,41.15
europe_lau,Saint-Denis-d'Orques,saint_denis_d_orques,sa,52.83,64.24,29.69
europe_lau,Saint-Georges-de-la-Couée,saint_georges_de_la_couee,sa,44.21,59.54,93.8
europe_lau,Saint-Georges-du-Bois,saint_georges_du_bois,sa,59.47,71.87,72.03
europe_lau,Saint-Georges-du-Rosay,saint_georges_du_rosay,sa,65.14,72.39,52.14
europe_lau,Saint-Georges-le-Gaultier,saint_georges_le_gaultier,sa,59.41,73.04,40.81
europe_lau,Saint-Germain-d'Arcé,saint_germain_d_arce,sa,41.33,61.64,48.81
europe_lau,Saint-Gervais-de-Vic,saint_gervais_de_vic,sa,58.97,64.57,52.15
europe_lau,Saint-Gervais-en-Belin,saint_gervais_en_belin,sa,40.88,63.36,75.66
europe_lau,Sainte-Jamme-sur-Sarthe,sainte_jamme_sur_sarthe,sa,59.63,65.07,50.19
europe_lau,Saint-Jean-d'Assé,saint_jean_d_asse,sa,39.64,44.44,47.17
europe_lau,Saint-Jean-de-la-Motte,saint_jean_de_la_motte,sa,50.63,63.35,36.5
europe_lau,Saint-Jean-des-Échelles,saint_jean_des_echelles,sa,43.48,60.1,67.93
europe_lau,Saint-Jean-du-Bois,saint_jean_du_bois,sa,48.48,74.7,45.46
europe_lau,Saint-Léonard-des-Bois,saint_leonard_des_bois,sa,64,67.47,42.36
europe_lau,Saint-Longis,saint_longis,sa,56.14,70.02,80.86
europe_lau,Saint-Maixent,saint_maixent,sa,52.11,63.09,56.76
europe_lau,Saint-Marceau,saint_marceau,sa,58.57,71.58,26.13
europe_lau,Saint-Mars-de-Locquenay,saint_mars_de_locquenay,sa,41.68,59.84,52.42
europe_lau,Saint-Mars-d'Outillé,saint_mars_d_outille,sa,60.33,65.64,28.82
europe_lau,Saint-Mars-la-Brière,saint_mars_la_briere,sa,33.81,54.51,96.93
europe_lau,Saint-Martin-des-Monts,saint_martin_des_monts,sa,41.43,65.56,42.13
europe_lau,Saint-Michel-de-Chavaignes,saint_michel_de_chavaignes,sa,54.58,60.44,49.93
europe_lau,Saint-Ouen-de-Mimbré,saint_ouen_de_mimbre,sa,57.18,67.38,69.82
europe_lau,Saint-Ouen-en-Belin,saint_ouen_en_belin,sa,47.85,62.21,35.44
europe_lau,Saint-Ouen-en-Champagne,saint_ouen_en_champagne,sa,56.11,62.6,40.68
europe_lau,Saint-Paterne - Le Chevain,saint_paterne_le_chevain,sa,48.61,60.88,46.39
europe_lau,Saint-Paul-le-Gaultier,saint_paul_le_gaultier,sa,35.18,65.5,-10.03
europe_lau,Saint-Pavace,saint_pavace,sa,38.14,57.08,98.95
europe_lau,Saint-Pierre-de-Chevillé,saint_pierre_de_cheville,sa,57.02,63.61,33.95
europe_lau,Saint-Pierre-des-Bois,saint_pierre_des_bois,sa,43.59,66,62.74
europe_lau,Saint-Pierre-des-Ormes,saint_pierre_des_ormes,sa,37.37,57.89,97.08
europe_lau,Saint-Pierre-du-Lorouër,saint_pierre_du_lorouer,sa,67.39,67.52,58.14
europe_lau,Saint-Rémy-de-Sillé,saint_remy_de_sille,sa,45.61,56.13,80.67
europe_lau,Saint-Rémy-des-Monts,saint_remy_des_monts,sa,34.44,58.39,46.28
europe_lau,Saint-Rémy-du-Val,saint_remy_du_val,sa,49.33,61.33,65.5
europe_lau,Sainte-Sabine-sur-Longève,sainte_sabine_sur_longeve,sa,67.68,79.8,42.92
europe_lau,Saint-Saturnin,saint_saturnin,sa,59.41,69.08,22.17
europe_lau,Saint-Symphorien,saint_symphorien,sa,36.94,58.29,-14.11
europe_lau,Saint-Ulphace,saint_ulphace,sa,23.23,52.96,-127.46
europe_lau,Saint-Victeur,saint_victeur,sa,42.84,55.89,77.97
europe_lau,Saint-Vincent-des-Prés,saint_vincent_des_pres,sa,53.74,63.71,32.1
europe_lau,Saint-Vincent-du-Lorouër,saint_vincent_du_lorouer,sa,42.51,54.52,34.08
europe_lau,Saosnes,saosnes,sa,32.08,52.75,-21.6
europe_lau,Sarcé,sarce,sa,54.39,64.94,63.54
europe_lau,Sargé-lès-le-Mans,sarge_les_le_mans,sa,48.06,62.02,54.05
europe_lau,Savigné-l'Évêque,savigne_l_eveque,sa,56.93,64.53,63.56
europe_lau,Savigné-sous-le-Lude,savigne_sous_le_lude,sa,57.88,67.26,31.05
europe_lau,Saint-Sauveur-d'Émalleville,saint_sauveur_d_emalleville,sa,56.97,77.54,69.1
europe_lau,Saint-Sylvain,saint_sylvain,sa,30.82,53.03,93.28
europe_lau,Saint-Vaast-d'Équiqueville,saint_vaast_d_equiqueville,sa,40.37,62.84,60.51
europe_lau,Saint-Vaast-Dieppedalle,saint_vaast_dieppedalle,sa,40.02,61.16,59.88
europe_lau,Saint-Vaast-du-Val,saint_vaast_du_val,sa,60.82,73.44,42.43
europe_lau,Saint-Valery-en-Caux,saint_valery_en_caux,sa,38.72,54.69,-19.87
europe_lau,Saint-Victor-l'Abbaye,saint_victor_l_abbaye,sa,59.15,72.75,66.71
europe_lau,Saint-Vigor-d'Ymonville,saint_vigor_d_ymonville,sa,58.49,77.16,58.65
europe_lau,Saint-Vincent-Cramesnil,saint_vincent_cramesnil,sa,34.78,71.45,-62.34
europe_lau,Sandouville,sandouville,sa,28.3,62.29,91.5
europe_lau,Sassetot-le-Malgardé,sassetot_le_malgarde,sa,42.42,63.59,-2.38
europe_lau,Sassetot-le-Mauconduit,sassetot_le_mauconduit,sa,38.04,65.92,98.76
europe_lau,Sasseville,sasseville,sa,23.49,55.5,-125.57
europe_lau,Sauchay,sauchay,sa,41.98,64.36,91.93
europe_lau,Saumont-la-Poterie,saumont_la_poterie,sa,58.4,65.03,67.96
europe_lau,Sauqueville,sauqueville,sa,52.72,67.55,66.93
europe_lau,Saussay,saussay,sa,46.91,65.51,-1.25
europe_lau,Sausseuzemare-en-Caux,sausseuzemare_en_caux,sa,32.77,40.98,80.92
europe_lau,Saint-Abit,saint_abit,sa,27.51,79.84,-14.57
europe_lau,Saint-Armou,saint_armou,sa,51.08,66.39,81.47
europe_lau,Saint-Boès,saint_boes,sa,60.02,65.91,57.68
europe_lau,Saint-Castin,saint_castin,sa,47.81,68.72,28.96
europe_lau,Sainte-Colome,sainte_colome,sa,45.88,64.36,32.5
europe_lau,Saint-Dos,saint_dos,sa,54.14,61.8,59.75
europe_lau,Sainte-Engrâce,sainte_engrace,sa,53.38,58.88,43.23
europe_lau,Saint-Esteben,saint_esteben,sa,43.84,73.47,93.6
europe_lau,Saint-Étienne-de-Baïgorry,saint_etienne_de_baigorry,sa,50.38,71.94,89.11
europe_lau,Saint-Faust,saint_faust,sa,26.36,60.6,81.71
europe_lau,Saint-Girons-en-Béarn,saint_girons_en_bearn,sa,52.69,66.17,19.85
europe_lau,Saint-Gladie-Arrive-Munein,saint_gladie_arrive_munein,sa,35.09,40.99,71.91
europe_lau,Saint-Goin,saint_goin,sa,15.04,60.91,40.66
europe_lau,Saint-Jammes,saint_jammes,sa,41.82,57.96,48.15
europe_lau,Saint-Jean-de-Luz,saint_jean_de_luz,sa,57.37,61.94,65.89
europe_lau,Saint-Jean-le-Vieux,saint_jean_le_vieux,sa,42.2,60.13,79.12
europe_lau,Saint-Jean-Pied-de-Port,saint_jean_pied_de_port,sa,33.08,45.32,89.28
europe_lau,Saint-Jean-Poudge,saint_jean_poudge,sa,55.08,81.47,63.9
europe_lau,Saint-Just-Ibarre,saint_just_ibarre,sa,37.24,49.92,96.07
europe_lau,Saint-Laurent-Bretagne,saint_laurent_bretagne,sa,43.37,55.37,45.9
europe_lau,Saint-Martin-d'Arberoue,saint_martin_d_arberoue,sa,38.5,57.56,92.5
europe_lau,Saint-Martin-d'Arrossa,saint_martin_d_arrossa,sa,33.28,57.52,63.17
europe_lau,Saint-Médard,saint_medard,sa,40.54,52.2,42.97
europe_lau,Saint-Michel,saint_michel,sa,27.98,54.75,87.31
europe_lau,Saint-Palais,saint_palais,sa,56.06,64.49,62.88
europe_lau,Sachin,sachin,sa,56.23,58,60.47
europe_lau,Sailly-au-Bois,sailly_au_bois,sa,52.84,62.98,28.52
europe_lau,Sailly-en-Ostrevent,sailly_en_ostrevent,sa,36.19,56.73,48.47
europe_lau,Sailly-Labourse,sailly_labourse,sa,40.8,63.89,98.47
europe_lau,Sailly-sur-la-Lys,sailly_sur_la_lys,sa,54.85,71.75,35.03
europe_lau,Sains-en-Gohelle,sains_en_gohelle,sa,50.35,64.53,66
europe_lau,Sains-lès-Fressin,sains_les_fressin,sa,32.44,66.07,39
europe_lau,Sains-lès-Marquion,sains_les_marquion,sa,58.61,74,74.01
europe_lau,Sains-lès-Pernes,sains_les_pernes,sa,50.26,68.33,27.63
europe_lau,Saint-Amand,saint_amand,sa,61.39,71.14,46.1
europe_lau,Saint-Aubin,saint_aubin,sa,47.37,66.94,-6.85
europe_lau,Sainte-Austreberthe,sainte_austreberthe,sa,55.66,75.18,63.85
europe_lau,Sainte-Catherine,sainte_catherine,sa,29.88,49.38,95.97
europe_lau,Saint-Denœux,saint_denoeux,sa,55.55,68.56,56.19
europe_lau,Saint-Étienne-au-Mont,saint_etienne_au_mont,sa,45.23,70.45,74.3
europe_lau,Saint-Floris,saint_floris,sa,50.32,72.38,82.26
europe_lau,Saint-Folquin,saint_folquin,sa,20.34,53.98,74.26
europe_lau,Saint-Georges,saint_georges,sa,72.24,77.75,62.07
europe_lau,Saint-Hilaire-Cottes,saint_hilaire_cottes,sa,48.12,66.14,6.7
europe_lau,Saint-Inglevert,saint_inglevert,sa,41.19,54.27,17.7
europe_lau,Saint-Josse,saint_josse,sa,55.53,79.13,70.47
europe_lau,Saint-Laurent-Blangy,saint_laurent_blangy,sa,50.74,55.93,68.36
europe_lau,Saint-Léger,saint_leger,sa,57.97,66.5,56.49
europe_lau,Saint-Léonard,saint_leonard,sa,67.98,69.33,61.67
europe_lau,Sainte-Marie-Kerque,sainte_marie_kerque,sa,43.39,63.74,85.36
europe_lau,Saint-Martin-lez-Tatinghem,saint_martin_lez_tatinghem,sa,50.06,78.55,53.83
europe_lau,Saint-Martin-Boulogne,saint_martin_boulogne,sa,43.34,58.73,25.82
europe_lau,Saint-Martin-Choquel,saint_martin_choquel,sa,40.19,69.55,97.96
europe_lau,Saint-Martin-d'Hardinghem,saint_martin_d_hardinghem,sa,32.78,57.7,-32.31
europe_lau,Saint-Martin-sur-Cojeul,saint_martin_sur_cojeul,sa,28.62,77.95,75.95
europe_lau,Saint-Michel-sous-Bois,saint_michel_sous_bois,sa,35.02,53.05,-8.28
europe_lau,Saint-Michel-sur-Ternoise,saint_michel_sur_ternoise,sa,39.44,66.54,45.9
europe_lau,Saint-Nicolas,saint_nicolas,sa,46.52,70.84,68.16
europe_lau,Saint-Omer,saint_omer,sa,50.86,61.51,76.15
europe_lau,Saint-Omer-Capelle,saint_omer_capelle,sa,14.25,48.63,69.09
europe_lau,Saint-Pol-sur-Ternoise,saint_pol_sur_ternoise,sa,37.42,55.15,69.76
europe_lau,Saint-Rémy-au-Bois,saint_remy_au_bois,sa,43.2,53.36,75.79
europe_lau,Saint-Tricat,saint_tricat,sa,28.21,59.26,51.82
europe_lau,Saint-Venant,saint_venant,sa,32.09,52.73,-8.35
europe_lau,Sallaumines,sallaumines,sa,40.84,60.94,26.05
europe_lau,Salperwick,salperwick,sa,21.16,48.45,50.58
europe_lau,Samer,samer,sa,50.16,57.04,32.5
europe_lau,Sangatte,sangatte,sa,19.73,53.88,-39.27
europe_lau,Sanghen,sanghen,sa,27.87,46.07,51.11
europe_lau,Sapignies,sapignies,sa,48.69,58.71,64.02
europe_lau,Sars-le-Bois,sars_le_bois,sa,48.53,75.21,43.1
europe_lau,Sarton,sarton,sa,36.2,74.42,99.22
europe_lau,Sauchy-Cauchy,sauchy_cauchy,sa,46.14,53.45,61.89
europe_lau,Sauchy-Lestrée,sauchy_lestree,sa,66.12,77.09,41.09
europe_lau,Saudemont,saudemont,sa,69.96,72.55,62.88
europe_lau,Saulchoy,saulchoy,sa,39.02,61.99,16.98
europe_lau,Saulty,saulty,sa,57.22,64.91,76.06
europe_lau,Savy-Berlette,savy_berlette,sa,59.68,65.03,67.89
europe_lau,Saint-Pé-de-Léren,saint_pe_de_leren,sa,47.78,58.93,33.75
europe_lau,Saint-Pée-sur-Nivelle,saint_pee_sur_nivelle,sa,41.84,58.41,76.95
europe_lau,Saint-Pierre-d'Irube,saint_pierre_d_irube,sa,37.76,64.56,72.09
europe_lau,Saint-Vincent,saint_vincent,sa,61.45,65.87,55.03
europe_lau,Salies-de-Béarn,salies_de_bearn,sa,47.42,65.51,37.36
europe_lau,Salles-Mongiscard,salles_mongiscard,sa,25.32,58.08,97.09
europe_lau,Sallespisse,sallespisse,sa,66.33,72.9,67.67
europe_lau,Sames,sames,sa,37.73,73.83,18.94
europe_lau,Samsons-Lion,samsons_lion,sa,39.14,46.67,67.14
europe_lau,Sare,sare,sa,61.24,72.25,72.87
europe_lau,Sarpourenx,sarpourenx,sa,48.62,58.47,41.38
europe_lau,Sarrance,sarrance,sa,41.48,72.82,-26.7
europe_lau,Saubole,saubole,sa,25.52,44.54,-61.28
europe_lau,Saucède,saucede,sa,31.78,56.78,20.91
europe_lau,Sauguis-Saint-Étienne,sauguis_saint_etienne,sa,48.04,70.04,47.78
europe_lau,Sault-de-Navailles,sault_de_navailles,sa,38.02,50.08,77.22
europe_lau,Sauvagnon,sauvagnon,sa,37.66,57.77,82.73
europe_lau,Sauvelade,sauvelade,sa,59.42,68.19,71.27
europe_lau,Sauveterre-de-Béarn,sauveterre_de_bearn,sa,48.86,61.37,90.14
europe_lau,Saint-Abraham,saint_abraham,sa,58.05,80.2,82.26
europe_lau,Saint-Aignan,saint_aignan,sa,48.51,63.49,39.53
europe_lau,Saint-Allouestre,saint_allouestre,sa,54.44,66.49,28.21
europe_lau,Saint-Armel,saint_armel,sa,36.69,52.65,87.96
europe_lau,Saint-Avé,saint_ave,sa,62.43,71.52,54.06
europe_lau,Saint-Barthélemy,saint_barthelemy,sa,55.54,73.26,3.43
europe_lau,Saint-Brieuc-de-Mauron,saint_brieuc_de_mauron,sa,61.96,69.85,58
europe_lau,Sainte-Brigitte,sainte_brigitte,sa,46.28,58.46,84.15
europe_lau,Saint-Caradec-Trégomel,saint_caradec_tregomel,sa,50.09,63.24,20.85
europe_lau,Saint-Bernard,saint_bernard,sa,51.69,69.29,89.77
europe_lau,Σαραμά,sarama,sa,26.94,48.81,24.06
europe_lau,Saint-Congard,saint_congard,sa,28.33,50.55,74.25
europe_lau,Saint-Dolay,saint_dolay,sa,46.08,68.73,95.38
europe_lau,Saint-Gérand,saint_gerand,sa,70.44,70.96,46.96
europe_lau,Saint-Gildas-de-Rhuys,saint_gildas_de_rhuys,sa,38.27,61.42,69.02
europe_lau,Saint-Gonnery,saint_gonnery,sa,57.81,72.76,40.12
europe_lau,Saint-Gorgon,saint_gorgon,sa,52.61,74.7,75.08
europe_lau,Saint-Gravé,saint_grave,sa,53.39,64.67,35.94
europe_lau,Saint-Guyomard,saint_guyomard,sa,45.71,69.98,-25.65
europe_lau,Sainte-Hélène,sainte_helene,sa,55.69,62.49,67.34
europe_lau,Saint-Jacut-les-Pins,saint_jacut_les_pins,sa,39.55,57.17,8.06
europe_lau,Saint-Jean-Brévelay,saint_jean_brevelay,sa,57.8,72.14,57.98
europe_lau,Saint-Jean-la-Poterie,saint_jean_la_poterie,sa,46.93,55.43,76.68
europe_lau,Saint-Laurent-sur-Oust,saint_laurent_sur_oust,sa,28.53,65.62,79.27
europe_lau,Samopše,samopse,sa,47.87,59.14,26.6
europe_lau,Saint-André-de-Boëge,saint_andre_de_boege,sa,51.09,71.91,24.95
europe_lau,Saint-Blaise,saint_blaise,sa,63.75,74.78,69.48
europe_lau,Saint-Cergues,saint_cergues,sa,51.63,65.36,58.69
europe_lau,Saint-Eusèbe,saint_eusebe,sa,56.16,60.93,48.21
europe_lau,Saint-Eustache,saint_eustache,sa,36.33,60.74,-16.04
europe_lau,Saint-Félix,saint_felix,sa,57.56,83.04,54.87
europe_lau,Saint-Ferréol,saint_ferreol,sa,39.05,67.26,93.71
europe_lau,Saint-Germain-sur-Rhône,saint_germain_sur_rhone,sa,57.23,65.59,71.73
europe_lau,Saint-Gervais-les-Bains,saint_gervais_les_bains,sa,39.29,47.65,31.24
europe_lau,Saint-Gingolph,saint_gingolph,sa,46.74,78.99,14.42
europe_lau,Saint-Jean-d'Aulps,saint_jean_d_aulps,sa,40.09,56.92,41.47
europe_lau,Saint-Jean-de-Sixt,saint_jean_de_sixt,sa,41.75,63.9,18.48
europe_lau,Saint-Jean-de-Tholome,saint_jean_de_tholome,sa,47.2,61.65,-1.76
europe_lau,Saint-Jeoire,saint_jeoire,sa,37.65,58.9,96.44
europe_lau,Saint-Jorioz,saint_jorioz,sa,47.25,62.21,43.99
europe_lau,Saint-Julien-en-Genevois,saint_julien_en_genevois,sa,35.48,52.48,-31.07
europe_lau,Saint-Laurent,saint_laurent,sa,57.79,68.07,36.34
europe_lau,Saint-Paul-en-Chablais,saint_paul_en_chablais,sa,67.04,79.53,24.17
europe_lau,Saint-Pierre-en-Faucigny,saint_pierre_en_faucigny,sa,40.7,51.05,78.06
europe_lau,Saint-Sigismond,saint_sigismond,sa,52.99,61.78,41.74
europe_lau,Saint-Sixt,saint_sixt,sa,28.75,53.61,89.42
europe_lau,Saint-Sylvestre,saint_sylvestre,sa,60.29,71.73,72.37
europe_lau,Sales,sales,sa,43.67,59.67,93.24
europe_lau,Sallanches,sallanches,sa,34.61,49.8,42.65
europe_lau,Sallenôves,sallenoves,sa,78.85,77.1,56.73
europe_lau,Samoëns,samoens,sa,38.21,57.87,93.08
europe_lau,Savigny,savigny,sa,51.48,64.5,49.7
europe_lau,Saxel,saxel,sa,49.47,71.55,25.81
europe_lau,San Calogero,san_calogero,sa,35.26,61.74,97.17
europe_lau,San Costantino Calabro,san_costantino_calabro,sa,46.66,62.39,75.09
europe_lau,San Gregorio d'Ippona,san_gregorio_d_ippona,sa,40.75,69.18,4.17
europe_lau,San Nicola da Crissa,san_nicola_da_crissa,sa,32.58,52.92,-16.42
europe_lau,Sant'Onofrio,sant_onofrio,sa,35.74,62.2,52.99
europe_lau,Sadlinki,sadlinki,sa,56.85,71.95,42.59
europe_lau,Samnanger,samnanger,sa,30.73,47.4,69.76
europe_lau,San Cipriano d'Aversa,san_cipriano_d_aversa,sa,42.72,53.2,14.4
europe_lau,San Felice a Cancello,san_felice_a_cancello,sa,29.76,56.8,-69.17
europe_lau,San Gregorio Matese,san_gregorio_matese,sa,33.79,54.23,-24.78
europe_lau,San Marcellino,san_marcellino,sa,64.78,76.99,13.36
europe_lau,San Nicola la Strada,san_nicola_la_strada,sa,38.32,52.17,41.03
europe_lau,San Pietro Infine,san_pietro_infine,sa,41.04,68.06,-20.58
europe_lau,San Potito Sannitico,san_potito_sannitico,sa,23.75,71,54.56
europe_lau,San Prisco,san_prisco,sa,59.68,68.69,78.44
europe_lau,Santa Maria a Vico,santa_maria_a_vico,sa,40.66,64.62,58.06
europe_lau,Santa Maria Capua Vetere,santa_maria_capua_vetere,sa,30.15,58.68,97.79
europe_lau,Santa Maria la Fossa,santa_maria_la_fossa,sa,55,65.53,72.03
europe_lau,San Tammaro,san_tammaro,sa,53.53,69.35,26.39
europe_lau,Sant'Angelo d'Alife,sant_angelo_d_alife,sa,41.7,70.05,92.02
europe_lau,Sant'Arpino,sant_arpino,sa,40.05,53.39,50.82
europe_lau,Salcedo,salcedo,sa,51.33,73.55,8.75
europe_lau,Sandrigo,sandrigo,sa,50.32,54.3,39.51
europe_lau,San Pietro Mussolino,san_pietro_mussolino,sa,48.46,55.5,42.79
europe_lau,Santorso,santorso,sa,53.13,65.84,41.96
europe_lau,San Vito di Leguzzano,san_vito_di_leguzzano,sa,24.29,57.12,-44.45
europe_lau,Sarcedo,sarcedo,sa,33.08,50.55,95.03
europe_lau,Sarego,sarego,sa,62.91,67.64,74.63
europe_lau,Salara,salara,sa,47.01,59.59,-3.35
europe_lau,San Bellino,san_bellino,sa,48.8,53.99,55.03
europe_lau,San Martino di Venezze,san_martino_di_venezze,sa,38.71,75.67,-39.96
europe_lau,San Colombano al Lambro,san_colombano_al_lambro,sa,35.07,56.93,-9.06
europe_lau,San Donato Milanese,san_donato_milanese,sa,34.97,50.68,32.91
europe_lau,San Giorgio su Legnano,san_giorgio_su_legnano,sa,45.13,69.9,75.22
europe_lau,San Giuliano Milanese,san_giuliano_milanese,sa,49.08,69.13,17.38
europe_lau,Santo Stefano Ticino,santo_stefano_ticino,sa,52.53,62.54,23.91
europe_lau,San Vittore Olona,san_vittore_olona,sa,47.3,63.57,31.29
europe_lau,San Zenone al Lambro,san_zenone_al_lambro,sa,34.43,63.01,68.96
europe_lau,San Benedetto dei Marsi,san_benedetto_dei_marsi,sa,31.41,53.31,4.12
europe_lau,San Benedetto in Perillis,san_benedetto_in_perillis,sa,48.99,64.93,90.09
europe_lau,San Demetrio ne' Vestini,san_demetrio_ne_vestini,sa,35.37,55.48,97.01
europe_lau,San Pio delle Camere,san_pio_delle_camere,sa,46.33,64.24,49.03
europe_lau,Sante Marie,sante_marie,sa,52.78,68.85,55.06
europe_lau,Sant'Eusanio Forconese,sant_eusanio_forconese,sa,57.83,69.44,65.79
europe_lau,Santo Stefano di Sessanio,santo_stefano_di_sessanio,sa,24.94,55.49,79.28
europe_lau,San Vincenzo Valle Roveto,san_vincenzo_valle_roveto,sa,48.33,58.26,73.82
europe_lau,San Giovanni Rotondo,san_giovanni_rotondo,sa,40,56.16,85.24
europe_lau,San Marco in Lamis,san_marco_in_lamis,sa,31.53,41.57,82.04
europe_lau,San Nicandro Garganico,san_nicandro_garganico,sa,42.33,49.17,72.21
europe_lau,San Paolo di Civitate,san_paolo_di_civitate,sa,52.65,62.32,65.44
europe_lau,San Severo,san_severo,sa,48.99,65.76,65.05
europe_lau,Sant'Agata di Puglia,sant_agata_di_puglia,sa,41.59,62.15,6.72
europe_lau,Saeul,saeul,sa,38.43,55.15,48.59
europe_lau,San Cipirello,san_cipirello,sa,46.58,54.16,79.51
europe_lau,San Giuseppe Jato,san_giuseppe_jato,sa,25.84,59,43.83
europe_lau,San Mauro Castelverde,san_mauro_castelverde,sa,33.27,56.97,87.31
europe_lau,Santa Cristina Gela,santa_cristina_gela,sa,35.09,45.94,66.22
europe_lau,Santa Flavia,santa_flavia,sa,16.01,46.81,98.47
europe_lau,Sammichele di Bari,sammichele_di_bari,sa,58.82,62.22,33.44
europe_lau,Sannicandro di Bari,sannicandro_di_bari,sa,34.18,53.68,61.5
europe_lau,Santeramo in Colle,santeramo_in_colle,sa,60.28,72.3,47.93
europe_lau,San Severino Marche,san_severino_marche,sa,59.2,66.09,57.23
europe_lau,Sant'Angelo in Pontano,sant_angelo_in_pontano,sa,60.65,66.58,68.97
europe_lau,Sarnano,sarnano,sa,43.59,57.64,45
europe_lau,San Benedetto del Tronto,san_benedetto_del_tronto,sa,34.21,72.53,72.43
europe_lau,San Bernardino Verbano,san_bernardino_verbano,sa,17.49,60.81,61.6
europe_lau,Santa Maria Maggiore,santa_maria_maggiore,sa,17.17,46.99,75.66
europe_lau,Salangen,salangen,sa,45.75,52.95,52.88
europe_lau,San Giovanni Bianco,san_giovanni_bianco,sa,47.18,70.63,70.59
europe_lau,San Paolo d'Argon,san_paolo_d_argon,sa,37.06,57.51,91.78
europe_lau,San Pellegrino Terme,san_pellegrino_terme,sa,56.65,67.49,27.07
europe_lau,Santa Brigida,santa_brigida,sa,19,47.26,82.52
europe_lau,Sarnico,sarnico,sa,40.92,68.12,-26.75
europe_lau,San Gregorio nelle Alpi,san_gregorio_nelle_alpi,sa,30.85,54.65,99.51
europe_lau,San Nicolò di Comelico,san_nicolo_di_comelico,sa,30.68,62.83,89.81
europe_lau,San Pietro di Cadore,san_pietro_di_cadore,sa,47.24,71.51,80.69
europe_lau,Santa Giustina,santa_giustina,sa,36,45.69,86.7
europe_lau,San Tomaso Agordino,san_tomaso_agordino,sa,57.48,73.8,65.17
europe_lau,San Vito di Cadore,san_vito_di_cadore,sa,27.81,53.17,-82.48
europe_lau,San Cipriano Po,san_cipriano_po,sa,59.01,68.54,49.9
europe_lau,San Damiano al Colle,san_damiano_al_colle,sa,44.55,64.77,54.75
europe_lau,San Genesio ed Uniti,san_genesio_ed_uniti,sa,52.79,62.83,39.56
europe_lau,San Giorgio di Lomellina,san_giorgio_di_lomellina,sa,55.77,64.97,56.76
europe_lau,San Martino Siccomario,san_martino_siccomario,sa,64.89,72.62,50.67
europe_lau,Sannazzaro de' Burgondi,sannazzaro_de_burgondi,sa,54.88,61.95,59.75
europe_lau,Santa Cristina e Bissone,santa_cristina_e_bissone,sa,49.46,68.24,62.57
europe_lau,Santa Giuletta,santa_giuletta,sa,50.06,67.38,68.91
europe_lau,Sant'Alessio con Vialone,sant_alessio_con_vialone,sa,57.74,64.02,54.04
europe_lau,Santa Margherita di Staffora,santa_margherita_di_staffora,sa,32.31,51.32,98.01
europe_lau,Santa Maria della Versa,santa_maria_della_versa,sa,40.23,55.44,51
europe_lau,Sant'Angelo Lomellina,sant_angelo_lomellina,sa,45.32,67.04,98.93
europe_lau,San Zenone al Po,san_zenone_al_po,sa,46.12,73.72,86.94
europe_lau,Sartirana Lomellina,sartirana_lomellina,sa,56.12,71.35,42.99
europe_lau,Sant'Anastasia,sant_anastasia,sa,34.84,59.68,84.52
europe_lau,Sant'Antimo,sant_antimo,sa,67.38,69.89,59.31
europe_lau,Sant'Antonio Abate,sant_antonio_abate,sa,48.96,59.71,46.54
europe_lau,San Vitaliano,san_vitaliano,sa,23.48,35.4,99.1
europe_lau,Saviano,saviano,sa,48.84,69.59,92.6
europe_lau,Sant'Egidio alla Vibrata,sant_egidio_alla_vibrata,sa,30.74,36.62,39.97
europe_lau,Sant'Omero,sant_omero,sa,27.29,66.32,-138.02
europe_lau,San Daniele del Friuli,san_daniele_del_friuli,sa,31.55,44.02,68.32
europe_lau,San Giorgio di Nogaro,san_giorgio_di_nogaro,sa,29.08,46.32,99.81
europe_lau,San Giovanni al Natisone,san_giovanni_al_natisone,sa,53.41,69.22,81.76
europe_lau,San Leonardo,san_leonardo,sa,54.16,69.04,71.28
europe_lau,San Pietro al Natisone,san_pietro_al_natisone,sa,34.31,50.66,85.92
europe_lau,Santa Maria la Longa,santa_maria_la_longa,sa,39.65,60.8,90.97
europe_lau,San Vito al Torre,san_vito_al_torre,sa,39.27,64.96,94.44
europe_lau,San Vito di Fagagna,san_vito_di_fagagna,sa,54.08,64.48,82.84
europe_lau,Sauris,sauris,sa,32.63,63.36,-40.7
europe_lau,Savogna,savogna,sa,49.5,59.38,76.1
europe_lau,Sappada,sappada,sa,34.7,55.22,80.89
europe_lau,San Giorgio Ionico,san_giorgio_ionico,sa,59.4,67.94,71.99
europe_lau,San Marzano di San Giuseppe,san_marzano_di_san_giuseppe,sa,48.05,67.76,57.56
europe_lau,Sava,sava,sa,58.28,67.2,76.45
europe_lau,San Donaci,san_donaci,sa,42.81,60.5,5.37
europe_lau,San Michele Salentino,san_michele_salentino,sa,41.59,53.89,88.21
europe_lau,San Pancrazio Salentino,san_pancrazio_salentino,sa,54.4,62.63,59.66
europe_lau,San Vito dei Normanni,san_vito_dei_normanni,sa,38.24,56.01,64.7
europe_lau,Santa Maria la Carità,santa_maria_la_carita,sa,41.89,68.28,87.96
europe_lau,Sambuca di Sicilia,sambuca_di_sicilia,sa,32.97,53.66,-31.3
europe_lau,San Biagio Platani,san_biagio_platani,sa,41.96,49.1,28.59
europe_lau,San Giovanni Gemini,san_giovanni_gemini,sa,45.85,74.86,34.39
europe_lau,Santa Elisabetta,santa_elisabetta,sa,48.57,56.44,47.26
europe_lau,Santa Margherita di Belice,santa_margherita_di_belice,sa,47.19,62.69,71.63
europe_lau,Sant'Angelo Muxaro,sant_angelo_muxaro,sa,30.31,60.08,-83.16
europe_lau,Santo Stefano Quisquina,santo_stefano_quisquina,sa,58.75,64.33,77.46
europe_lau,San Cataldo,san_cataldo,sa,45.1,54.4,43.92
europe_lau,Santa Caterina Villarmosa,santa_caterina_villarmosa,sa,45.65,59.26,46.71
europe_lau,San Romano in Garfagnana,san_romano_in_garfagnana,sa,27.89,36.91,82.04
europe_lau,Sambuca Pistoiese,sambuca_pistoiese,sa,44.36,61.08,83
europe_lau,San Marcello Piteglio,san_marcello_piteglio,sa,52.45,63.06,79.17
europe_lau,San Casciano in Val di Pesa,san_casciano_in_val_di_pesa,sa,57.06,69.16,62.45
europe_lau,San Godenzo,san_godenzo,sa,51.93,64.14,62.36
europe_lau,Santa Vittoria in Matenano,santa_vittoria_in_matenano,sa,60.08,69.28,78.16
europe_lau,Sant'Elpidio a Mare,sant_elpidio_a_mare,sa,51.03,66.12,82.9
europe_lau,Sant'Omobono Terme,sant_omobono_terme,sa,38.72,51.37,23.03
europe_lau,Salgareda,salgareda,sa,44.72,63.64,-9.64
europe_lau,San Biagio di Callalta,san_biagio_di_callalta,sa,34.09,61.06,-3.33
europe_lau,San Fior,san_fior,sa,27.43,50.4,58.57
europe_lau,San Pietro di Feletto,san_pietro_di_feletto,sa,37.3,51,85.33
europe_lau,San Polo di Piave,san_polo_di_piave,sa,54.7,63.86,73.64
europe_lau,Santa Lucia di Piave,santa_lucia_di_piave,sa,30.03,59.31,86.36
europe_lau,San Vendemiano,san_vendemiano,sa,45.25,57.17,50.34
europe_lau,San Zenone degli Ezzelini,san_zenone_degli_ezzelini,sa,42.67,75.07,87.6
europe_lau,Sarmede,sarmede,sa,47.28,70.81,98.93
europe_lau,Sagrado,sagrado,sa,39.26,63.6,13.07
europe_lau,Sacrofano,sacrofano,sa,32.6,62.07,96.14
europe_lau,Sambuci,sambuci,sa,37.96,49.56,63.03
europe_lau,San Polo dei Cavalieri,san_polo_dei_cavalieri,sa,33.03,45.07,78.56
europe_lau,Santa Marinella,santa_marinella,sa,19.89,34.9,8.5
europe_lau,Sant'Angelo Romano,sant_angelo_romano,sa,40.2,55.58,56.77
europe_lau,Sant'Oreste,sant_oreste,sa,36.64,54.32,99.43
europe_lau,Sagron Mis,sagron_mis,sa,29.68,49.83,82.4
europe_lau,Samone,samone,sa,46.6,85.67,94.02
europe_lau,San Michele all'Adige,san_michele_all_adige,sa,34.86,53.09,55.43
europe_lau,Sant'Orsola Terme,sant_orsola_terme,sa,46.29,74.59,66.81
europe_lau,Sanzeno,sanzeno,sa,38.45,67.68,71.07
europe_lau,Sarnonico,sarnonico,sa,17.67,39.54,-0.32
europe_lau,San Lorenzo Dorsino,san_lorenzo_dorsino,sa,64.33,70.25,68.85
europe_lau,Salle,salle,sa,59.1,64.94,65.75
europe_lau,Sant'Eufemia a Maiella,sant_eufemia_a_maiella,sa,54.95,68.18,15.04
europe_lau,San Valentino in Abruzzo Citeriore,san_valentino_in_abruzzo_citeriore,sa,35.79,61.53,96.74
europe_lau,San Canzian d'Isonzo,san_canzian_d_isonzo,sa,31.85,44.75,74.58
europe_lau,San Floriano del Collio-Števerjan,san_floriano_del_collio_steverjan,sa,24.9,48.66,-20.38
europe_lau,San Lorenzo Isontino,san_lorenzo_isontino,sa,33.05,51.46,92.92
europe_lau,San Pier d'Isonzo,san_pier_d_isonzo,sa,46.05,55.05,67.12
europe_lau,Savogna d'Isonzo-Sovodnje ob Soči,savogna_d_isonzo_sovodnje_ob_soci,sa,43.34,65.06,62.33
europe_lau,San Dorligo della Valle-Dolina,san_dorligo_della_valle_dolina,sa,34.08,60.36,32.96
europe_lau,San Giorgio Piacentino,san_giorgio_piacentino,sa,40.04,71.48,87.81
europe_lau,San Pietro in Cerro,san_pietro_in_cerro,sa,51.68,59.7,30.2
europe_lau,Sarmato,sarmato,sa,50.75,59.63,81.87
europe_lau,Salice Salentino,salice_salentino,sa,24.33,58.11,-116.56
europe_lau,Salve,salve,sa,29.19,60.88,-59.89
europe_lau,Sanarica,sanarica,sa,47.22,53.14,51.03
europe_lau,San Cesario di Lecce,san_cesario_di_lecce,sa,31.58,61.5,88.43
europe_lau,San Donato di Lecce,san_donato_di_lecce,sa,48.12,63.41,47.53
europe_lau,Sannicola,sannicola,sa,51.91,66.78,21.49
europe_lau,San Pietro in Lama,san_pietro_in_lama,sa,40.85,68.24,47.8
europe_lau,Santa Cesarea Terme,santa_cesarea_terme,sa,48.74,61.19,54.02
europe_lau,San Ferdinando di Puglia,san_ferdinando_di_puglia,sa,39.25,54.56,76.57
europe_lau,Salza Irpina,salza_irpina,sa,32.79,68.95,47.62
europe_lau,San Martino Valle Caudina,san_martino_valle_caudina,sa,37.32,55.18,95.18
europe_lau,San Michele di Serino,san_michele_di_serino,sa,51.25,59.74,42.15
europe_lau,San Nicola Baronia,san_nicola_baronia,sa,37.08,43.95,54.35
europe_lau,San Potito Ultra,san_potito_ultra,sa,38.47,56.75,9.65
europe_lau,San Sossio Baronia,san_sossio_baronia,sa,39.42,59.24,36.92
europe_lau,Santa Lucia di Serino,santa_lucia_di_serino,sa,41.62,69.77,-3.56
europe_lau,Sant'Andrea di Conza,sant_andrea_di_conza,sa,51.51,80.1,97.48
europe_lau,Sant'Angelo all'Esca,sant_angelo_all_esca,sa,55.88,78.77,93.63
europe_lau,Sant'Angelo a Scala,sant_angelo_a_scala,sa,46.14,66.08,18.22
europe_lau,Sant'Angelo dei Lombardi,sant_angelo_dei_lombardi,sa,40.75,59.19,37.77
europe_lau,Santa Paolina,santa_paolina,sa,59.66,65.45,48.38
europe_lau,Santo Stefano del Sole,santo_stefano_del_sole,sa,47.63,61.91,9.79
europe_lau,Savignano Irpino,savignano_irpino,sa,56.92,69.1,20.66
europe_lau,Samo,samo,sa,19.13,55.3,19.43
europe_lau,San Giorgio Morgeto,san_giorgio_morgeto,sa,45.57,61.7,28.07
europe_lau,San Giovanni di Gerace,san_giovanni_di_gerace,sa,24.73,65.13,73.73
europe_lau,San Luca,san_luca,sa,34.47,62.93,-7.74
europe_lau,San Pietro di Caridà,san_pietro_di_carida,sa,21.68,48.27,8.03
europe_lau,San Procopio,san_procopio,sa,19.7,59.05,99.49
europe_lau,San Roberto,san_roberto,sa,27.28,60.24,-47.72
europe_lau,Santa Cristina d'Aspromonte,santa_cristina_d_aspromonte,sa,31.02,58.67,96.93
europe_lau,Sant'Agata del Bianco,sant_agata_del_bianco,sa,33.02,36.63,41.48
europe_lau,Sant'Alessio in Aspromonte,sant_alessio_in_aspromonte,sa,51.42,72.79,54.73
europe_lau,Sant'Eufemia d'Aspromonte,sant_eufemia_d_aspromonte,sa,25.1,46.71,90.2
europe_lau,Sant'Ilario dello Ionio,sant_ilario_dello_ionio,sa,32.57,69.81,43.09
europe_lau,Santo Stefano in Aspromonte,santo_stefano_in_aspromonte,sa,26.61,69.42,-51.29
europe_lau,Sala Bolognese,sala_bolognese,sa,38.57,51.78,91.72
europe_lau,San Benedetto Val di Sambro,san_benedetto_val_di_sambro,sa,54.33,68.89,75.27
europe_lau,San Giorgio di Piano,san_giorgio_di_piano,sa,35.61,51.72,99.95
europe_lau,San Giovanni in Persiceto,san_giovanni_in_persiceto,sa,29.3,62.23,97.46
europe_lau,San Lazzaro di Savena,san_lazzaro_di_savena,sa,51.46,65.68,47.51
europe_lau,San Pietro in Casale,san_pietro_in_casale,sa,53.74,73.84,20.87
europe_lau,Sant'Agata Bolognese,sant_agata_bolognese,sa,48.1,78.34,53.26
europe_lau,Sasso Marconi,sasso_marconi,sa,52.11,65.14,57.21
europe_lau,Sant'Agata sul Santerno,sant_agata_sul_santerno,sa,48.18,61.42,85.79
europe_lau,San Cassiano,san_cassiano,sa,21.29,52.87,21.89
europe_lau,San Paolo Albanese,san_paolo_albanese,sa,35.31,55.54,99.78
europe_lau,San Vincenzo,san_vincenzo,sa,25.91,40.92,74.3
europe_lau,Sassetta,sassetta,sa,47.72,56.71,57.15
europe_lau,San Giuliano Terme,san_giuliano_terme,sa,29.33,36.12,29.71
europe_lau,San Miniato,san_miniato,sa,64.47,68.63,39.07
europe_lau,Santa Croce sull'Arno,santa_croce_sull_arno,sa,50.4,73.88,74.56
europe_lau,Santa Luce,santa_luce,sa,61.81,64.3,72.09
europe_lau,Santa Maria a Monte,santa_maria_a_monte,sa,45.92,63.22,95.15
europe_lau,Sadali,sadali,sa,40.3,59.03,99.1
europe_lau,Samassi,samassi,sa,47.44,67.55,74.88
europe_lau,Samatzai,samatzai,sa,32.37,56.7,69.08
europe_lau,San Basilio,san_basilio,sa,67.45,78.58,56.05
europe_lau,San Gavino Monreale,san_gavino_monreale,sa,63.73,70.52,34.55
europe_lau,San Giovanni Suergiu,san_giovanni_suergiu,sa,35.46,53.17,55.34
europe_lau,San Nicolò Gerrei,san_nicolo_gerrei,sa,41.22,58.54,81.09
europe_lau,San Sperate,san_sperate,sa,56.37,69.82,34.45
europe_lau,San Vito,san_vito,sa,27.07,48.08,96.84
europe_lau,Sanluri,sanluri,sa,41.67,72.97,81.5
europe_lau,Santadi,santadi,sa,59.86,72.48,21.89
europe_lau,San Ferdinando,san_ferdinando,sa,63.76,73.73,53.44
europe_lau,Salaparuta,salaparuta,sa,65.15,68.82,43.81
europe_lau,Salemi,salemi,sa,65.36,73.44,52.35
europe_lau,Santa Ninfa,santa_ninfa,sa,32.34,53.03,10.76
europe_lau,San Vito Lo Capo,san_vito_lo_capo,sa,31.32,51.91,95.87
europe_lau,San Vito Romano,san_vito_romano,sa,64,78.76,71.66
europe_lau,Saracinesco,saracinesco,sa,34.76,71.98,83.19
europe_lau,San Cesareo,san_cesareo,sa,38.96,53.4,42.42
europe_lau,Sabaudia,sabaudia,sa,42.06,63.97,73.4
europe_lau,San Felice Circeo,san_felice_circeo,sa,54.38,62.27,34.46
europe_lau,Santi Cosma e Damiano,santi_cosma_e_damiano,sa,43.19,67.7,87.13
europe_lau,Salzano,salzano,sa,63.86,68.44,51.93
europe_lau,San Donà di Piave,san_dona_di_piave,sa,40.4,53.48,89.07
europe_lau,San Michele al Tagliamento,san_michele_al_tagliamento,sa,21.65,46.68,95.01
europe_lau,Santa Maria di Sala,santa_maria_di_sala,sa,40.81,62.53,65.42
europe_lau,San Stino di Livenza,san_stino_di_livenza,sa,24.5,61.71,40.13
europe_lau,Saltdal,saltdal,sa,52.78,70.73,75.22
europe_lau,Sarpsborg,sarpsborg,sa,44.26,64.47,88.67
europe_lau,Sadki,sadki,sa,60.35,75.69,68.14
europe_lau,San Giovanni di Fassa-Sèn Jan,san_giovanni_di_fassa_sen_jan,sa,30.1,51.68,-29.03
europe_lau,San Buono,san_buono,sa,48.23,69.64,18.87
europe_lau,San Giovanni Lipioni,san_giovanni_lipioni,sa,63.52,80.6,66.98
europe_lau,San Giovanni Teatino,san_giovanni_teatino,sa,54.45,65.52,51.18
europe_lau,San Martino sulla Marrucina,san_martino_sulla_marrucina,sa,46.77,65.44,90.81
europe_lau,San Salvo,san_salvo,sa,44.65,58.64,79.6
europe_lau,Santa Maria Imbaro,santa_maria_imbaro,sa,27.82,53.94,-36.49
europe_lau,Sant'Eusanio del Sangro,sant_eusanio_del_sangro,sa,35.08,58.3,17.91
europe_lau,San Vito Chietino,san_vito_chietino,sa,46.6,69.06,2.33
europe_lau,Samolaco,samolaco,sa,50.46,69.26,17.01
europe_lau,San Giacomo Filippo,san_giacomo_filippo,sa,57.16,66.29,19.99
europe_lau,Sant'Andrea Frius,sant_andrea_frius,sa,38.7,60.41,-25.32
europe_lau,Sant'Anna Arresi,sant_anna_arresi,sa,46.29,62.44,54.44
europe_lau,San Mauro Pascoli,san_mauro_pascoli,sa,28.05,52.08,88.18
europe_lau,Santa Sofia,santa_sofia,sa,23.95,45.2,-25.37
europe_lau,Sarsina,sarsina,sa,46.7,62.81,88.94
europe_lau,Savignano sul Rubicone,savignano_sul_rubicone,sa,18.06,43.22,99.32
europe_lau,San Costanzo,san_costanzo,sa,49.06,60.97,35.35
europe_lau,San Lorenzo in Campo,san_lorenzo_in_campo,sa,26.19,53.54,43.22
europe_lau,Sant'Angelo in Vado,sant_angelo_in_vado,sa,56.41,64.1,75.59
europe_lau,Sant'Ippolito,sant_ippolito,sa,40.09,59.53,91.77
europe_lau,Sassofeltrio,sassofeltrio,sa,43.51,63.06,69.53
europe_lau,Sassocorvaro Auditore,sassocorvaro_auditore,sa,39.22,63.44,37.37
europe_lau,Salerano sul Lambro,salerano_sul_lambro,sa,43.02,58.3,91.39
europe_lau,San Fiorano,san_fiorano,sa,50.74,75.1,42.4
europe_lau,San Martino in Strada,san_martino_in_strada,sa,42.78,59.41,55.38
europe_lau,San Rocco al Porto,san_rocco_al_porto,sa,42.08,60.07,-25.37
europe_lau,Sant'Angelo Lodigiano,sant_angelo_lodigiano,sa,41.05,56.76,77.7
europe_lau,Santo Stefano Lodigiano,santo_stefano_lodigiano,sa,47.24,58.82,61.78
europe_lau,Saludecio,saludecio,sa,55.49,67.9,40.41
europe_lau,Sant'Antioco,sant_antioco,sa,36.85,56.91,82.43
europe_lau,Sardara,sardara,sa,48.93,69.67,20.99
europe_lau,San Filippo del Mela,san_filippo_del_mela,sa,37.17,57.53,91.82
europe_lau,San Fratello,san_fratello,sa,31.77,61.34,90.86
europe_lau,San Marco d'Alunzio,san_marco_d_alunzio,sa,59.39,73.22,72.81
europe_lau,San Pier Niceto,san_pier_niceto,sa,18.33,44.61,93.83
europe_lau,San Piero Patti,san_piero_patti,sa,44.17,54.82,75.41
europe_lau,San Salvatore di Fitalia,san_salvatore_di_fitalia,sa,46.57,70.22,75.03
europe_lau,Santa Domenica Vittoria,santa_domenica_vittoria,sa,24.4,49.28,99.32
europe_lau,Sant'Agata di Militello,sant_agata_di_militello,sa,29.21,52.66,88.08
europe_lau,Sant'Alessio Siculo,sant_alessio_siculo,sa,36.04,54.54,8.44
europe_lau,Santa Lucia del Mela,santa_lucia_del_mela,sa,42.29,56.94,95.87
europe_lau,Sant'Angelo di Brolo,sant_angelo_di_brolo,sa,41.02,77.34,86.49
europe_lau,Santa Teresa di Riva,santa_teresa_di_riva,sa,44.87,59.47,80.44
europe_lau,San Teodoro,san_teodoro,sa,33.49,61.26,95.58
europe_lau,Santo Stefano di Camastra,santo_stefano_di_camastra,sa,45.59,68.99,90.42
europe_lau,Saponara,saponara,sa,25.94,49.88,90.92
europe_lau,Savoca,savoca,sa,39.66,54.44,81.11
europe_lau,San Biagio Saracinisco,san_biagio_saracinisco,sa,36.04,62.8,51.18
europe_lau,San Donato Val di Comino,san_donato_val_di_comino,sa,57.29,68.53,73.88
europe_lau,San Giorgio a Liri,san_giorgio_a_liri,sa,46.8,58.17,11.28
europe_lau,San Giovanni Incarico,san_giovanni_incarico,sa,52.53,58.48,48.29
europe_lau,Sant'Ambrogio sul Garigliano,sant_ambrogio_sul_garigliano,sa,68.42,70.38,70.26
europe_lau,Sant'Andrea del Garigliano,sant_andrea_del_garigliano,sa,61.45,66.82,81.03
europe_lau,Sant'Apollinare,sant_apollinare,sa,58.2,64.19,50.84
europe_lau,Sant'Elia Fiumerapido,sant_elia_fiumerapido,sa,48.63,56.09,82.12
europe_lau,Santopadre,santopadre,sa,50.88,61.25,61.25
europe_lau,San Vittore del Lazio,san_vittore_del_lazio,sa,34.85,64.65,52.34
europe_lau,San Paolo,san_paolo,sa,59.2,64.28,34.74
europe_lau,Sabbio Chiese,sabbio_chiese,sa,48.92,64.88,78.36
europe_lau,Sale Marasino,sale_marasino,sa,52.24,57.24,68.2
europe_lau,Salò,salo,sa,27.38,36.97,2.33
europe_lau,San Felice del Benaco,san_felice_del_benaco,sa,36.03,86.4,-122.58
europe_lau,San Gervasio Bresciano,san_gervasio_bresciano,sa,58.08,74.2,69.19
europe_lau,San Zeno Naviglio,san_zeno_naviglio,sa,37.36,64.18,69.42
europe_lau,Sarezzo,sarezzo,sa,37.81,50.72,-2.62
europe_lau,Saviore dell'Adamello,saviore_dell_adamello,sa,36.09,58.54,57.59
europe_lau,Saccolongo,saccolongo,sa,61.76,71.31,63.62
europe_lau,San Giorgio delle Pertiche,san_giorgio_delle_pertiche,sa,52.54,64.13,42.06
europe_lau,San Giorgio in Bosco,san_giorgio_in_bosco,sa,54.25,64.13,61.01
europe_lau,San Martino di Lupari,san_martino_di_lupari,sa,28.06,56.69,92.44
europe_lau,San Pietro in Gu,san_pietro_in_gu,sa,57.56,66.92,73.12
europe_lau,San Pietro Viminario,san_pietro_viminario,sa,52.54,59.44,65.92
europe_lau,Santa Giustina in Colle,santa_giustina_in_colle,sa,41.82,59.45,97.9
europe_lau,Sant'Angelo di Piove di Sacco,sant_angelo_di_piove_di_sacco,sa,38.16,59.94,94.62
europe_lau,Sant'Elena,sant_elena,sa,55.25,68.76,75.76
europe_lau,Sant'Urbano,sant_urbano,sa,43.7,63.92,1.33
europe_lau,Saonara,saonara,sa,50.28,67.19,79.13
europe_lau,San Clemente,san_clemente,sa,55.39,64.09,48.19
europe_lau,San Giovanni in Marignano,san_giovanni_in_marignano,sa,60.91,73.29,64.22
europe_lau,Santarcangelo di Romagna,santarcangelo_di_romagna,sa,42.85,52.73,25.59
europe_lau,San Leo,san_leo,sa,52.49,61.06,64.18
europe_lau,Sant'Agata Feltria,sant_agata_feltria,sa,52.06,64.75,80.84
europe_lau,Sandefjord,sandefjord,sa,33.75,57.79,99.32
europe_lau,Salizzole,salizzole,sa,40.27,59.9,76.79
europe_lau,San Bonifacio,san_bonifacio,sa,38.19,60.69,41.2
europe_lau,San Giovanni Ilarione,san_giovanni_ilarione,sa,55.02,73.27,73.74
europe_lau,San Giovanni Lupatoto,san_giovanni_lupatoto,sa,31.26,50.2,95.25
europe_lau,Sanguinetto,sanguinetto,sa,57.1,63.19,38.18
europe_lau,San Mauro di Saline,san_mauro_di_saline,sa,24.95,65.18,78.97
europe_lau,San Pietro di Morubio,san_pietro_di_morubio,sa,48.31,56.19,17.61
europe_lau,San Pietro in Cariano,san_pietro_in_cariano,sa,43.71,63.67,54.1
europe_lau,Sant'Ambrogio di Valpolicella,sant_ambrogio_di_valpolicella,sa,33.1,55.89,97.43
europe_lau,Sant'Anna d'Alfaedo,sant_anna_d_alfaedo,sa,28.98,52.94,89.02
europe_lau,San Zeno di Montagna,san_zeno_di_montagna,sa,33.05,60.58,46.58
europe_lau,Salcito,salcito,sa,43.61,53.69,59.75
europe_lau,San Biase,san_biase,sa,75.19,78.9,53.19
europe_lau,San Felice del Molise,san_felice_del_molise,sa,51.48,62.78,72.66
europe_lau,San Giacomo degli Schiavoni,san_giacomo_degli_schiavoni,sa,58.95,72.64,35.84
europe_lau,San Giovanni in Galdo,san_giovanni_in_galdo,sa,42.6,59.81,13.39
europe_lau,San Giuliano del Sannio,san_giuliano_del_sannio,sa,44.99,57.84,19.38
europe_lau,San Giuliano di Puglia,san_giuliano_di_puglia,sa,24.63,59.47,-89.49
europe_lau,San Martino in Pensilis,san_martino_in_pensilis,sa,39.47,63.12,49.56
europe_lau,San Massimo,san_massimo,sa,34.99,68.71,97.83
europe_lau,San Polo Matese,san_polo_matese,sa,14.81,52.69,22.15
europe_lau,Santa Croce di Magliano,santa_croce_di_magliano,sa,25.7,72.97,-107.71
europe_lau,Sant'Angelo Limosano,sant_angelo_limosano,sa,46.82,64.33,62.36
europe_lau,Sant'Elia a Pianisi,sant_elia_a_pianisi,sa,54.69,65.48,20.8
europe_lau,Sanok,sanok,sa,49.77,62.19,27.1
europe_lau,Sanok,sanok,sa,40.56,49.68,61.87
europe_lau,Sacco,sacco,sa,46.97,73.37,-4.3
europe_lau,Sala Consilina,sala_consilina,sa,61.12,78.16,57.3
europe_lau,Salento,salento,sa,44.1,68.62,-16.27
europe_lau,Salerno,salerno,sa,50.32,54.54,52.01
europe_lau,Salvitelle,salvitelle,sa,49.69,76.55,1.09
europe_lau,San Cipriano Picentino,san_cipriano_picentino,sa,33.31,57.24,95.06
europe_lau,San Giovanni a Piro,san_giovanni_a_piro,sa,53.72,74.99,57.17
europe_lau,San Gregorio Magno,san_gregorio_magno,sa,44.94,65.46,72.24
europe_lau,San Mango Piemonte,san_mango_piemonte,sa,23.26,50.66,97.47
europe_lau,San Marzano sul Sarno,san_marzano_sul_sarno,sa,52.61,69.74,5.07
europe_lau,San Mauro Cilento,san_mauro_cilento,sa,38.61,71.79,83.25
europe_lau,San Mauro la Bruca,san_mauro_la_bruca,sa,48.21,63.14,82.78
europe_lau,San Pietro al Tanagro,san_pietro_al_tanagro,sa,43.38,61.31,8.24
europe_lau,San Rufo,san_rufo,sa,55.35,69.14,55.5
europe_lau,Santa Marina,santa_marina,sa,45.88,60.56,80.59
europe_lau,Sant'Angelo a Fasanella,sant_angelo_a_fasanella,sa,38.13,58.65,80.87
europe_lau,Sant'Arsenio,sant_arsenio,sa,22.96,59.61,-39.7
europe_lau,Sant'Egidio del Monte Albino,sant_egidio_del_monte_albino,sa,22.1,49.67,77.13
europe_lau,Santomenna,santomenna,sa,29.38,55.15,-76.3
europe_lau,San Valentino Torio,san_valentino_torio,sa,41.72,69.44,-14.39
europe_lau,Sanza,sanza,sa,48.83,68.62,-1.21
europe_lau,Sapri,sapri,sa,43.61,59.17,47.25
europe_lau,Sarno,sarno,sa,46.33,66.19,27.94
europe_lau,Sassano,sassano,sa,55.14,66.08,67.44
europe_lau,San Marcello,san_marcello,sa,27.49,57.34,32.1
europe_lau,San Paolo di Jesi,san_paolo_di_jesi,sa,45.88,77.31,4.89
europe_lau,Santa Maria Nuova,santa_maria_nuova,sa,64.14,71.47,66.67
europe_lau,Sassoferrato,sassoferrato,sa,38.76,60.31,87.23
europe_lau,San Ginesio,san_ginesio,sa,31.14,49.67,39.49
europe_lau,San Mauro Marchesato,san_mauro_marchesato,sa,64.71,67.13,38.85
europe_lau,San Nicola dell'Alto,san_nicola_dell_alto,sa,35.12,71.95,71.29
europe_lau,Santa Severina,santa_severina,sa,40.65,53.04,25.7
europe_lau,Savelli,savelli,sa,46.38,64.73,42.04
europe_lau,Šakių rajono savivaldybė,sakiu_rajono_savivaldybe,sa,44.34,55.72,4.8
europe_lau,Šalčininkų rajono savivaldybė,salcininku_rajono_savivaldybe,sa,40.13,53.67,-2.67
europe_lau,Sanem,sanem,sa,43.65,61.46,83.97
europe_lau,Sandweiler,sandweiler,sa,62.73,63.3,54.62
europe_lau,San Cono,san_cono,sa,58.38,70.04,65.75
europe_lau,San Giovanni la Punta,san_giovanni_la_punta,sa,34.01,52.57,99.93
europe_lau,San Gregorio di Catania,san_gregorio_di_catania,sa,40.52,64.38,99.6
europe_lau,San Michele di Ganzaria,san_michele_di_ganzaria,sa,47.99,64.17,-0.21
europe_lau,San Pietro Clarenza,san_pietro_clarenza,sa,53.03,76.83,89.58
europe_lau,Sant'Agata li Battiati,sant_agata_li_battiati,sa,34.03,60.12,98.78
europe_lau,Sant'Alfio,sant_alfio,sa,17.27,35.62,-84.38
europe_lau,Santa Maria di Licodia,santa_maria_di_licodia,sa,29.22,57.35,75.85
europe_lau,Santa Venerina,santa_venerina,sa,55.31,73.63,91.77
europe_lau,Sajóvámos,sajovamos,sa,39.56,70.78,91.32
europe_lau,Sárszentlőrinc,sarszentlorinc,sa,33.04,60.69,93.77
europe_lau,Sárok,sarok,sa,50.7,75.01,7.45
europe_lau,San Gennaro Vesuviano,san_gennaro_vesuviano,sa,34.89,57.85,98.87
europe_lau,San Giorgio a Cremano,san_giorgio_a_cremano,sa,42.25,67.56,47.58
europe_lau,San Giuseppe Vesuviano,san_giuseppe_vesuviano,sa,30.67,52.22,-16.09
europe_lau,San Paolo Bel Sito,san_paolo_bel_sito,sa,52.56,59.36,32.31
europe_lau,San Sebastiano al Vesuvio,san_sebastiano_al_vesuvio,sa,19.29,46.25,-34.8
europe_lau,Sant'Agnello,sant_agnello,sa,26.61,66.33,94.54
europe_lau,Saracena,saracena,sa,26.67,54.1,-1.15
europe_lau,Sarzana,sarzana,sa,21.17,48.2,98.15
europe_lau,Sárkeszi,sarkeszi,sa,38.52,58.41,79
europe_lau,Sáta,sata,sa,34.93,59.79,-5.96
europe_lau,Sajóhídvég,sajohidveg,sa,26.54,55.36,-3.47
europe_lau,Sajómercse,sajomercse,sa,48.84,57.79,50.72
europe_lau,Sajószentpéter,sajoszentpeter,sa,56.55,66.35,75.55
europe_lau,Salföld,salfold,sa,53.9,75.9,98.45
europe_lau,Sántos,santos,sa,49.79,58.12,50.48
europe_lau,San Floro,san_floro,sa,20.86,59.78,-161.9
europe_lau,San Mango d'Aquino,san_mango_d_aquino,sa,22.81,37.44,-21.26
europe_lau,San Pietro a Maida,san_pietro_a_maida,sa,33.16,50,9.05
europe_lau,San Pietro Apostolo,san_pietro_apostolo,sa,19.45,53.02,55.97
europe_lau,San Sostene,san_sostene,sa,20.13,55.98,0.82
europe_lau,Santa Caterina dello Ionio,santa_caterina_dello_ionio,sa,22.59,46.61,-43.88
europe_lau,San Vito sullo Ionio,san_vito_sullo_ionio,sa,26.51,52.58,-64.43
europe_lau,Satriano,satriano,sa,12.24,35.91,2.86
europe_lau,Salisano,salisano,sa,46.47,64.28,95.79
europe_lau,Sárszentmihály,sarszentmihaly,sa,60.6,76.02,61.56
europe_lau,Sajópetri,sajopetri,sa,44.55,72.04,73.59
europe_lau,Sárhida,sarhida,sa,49.22,65.56,44.74
europe_lau,Sajóörös,sajooros,sa,28.55,38.82,50.97
europe_lau,Sárvár,sarvar,sa,45.68,53.17,38.4
europe_lau,Saclas,saclas,sa,32.31,52.53,70.85
europe_lau,Ságújfalu,sagujfalu,sa,27.22,47.22,-64.31
europe_lau,Sárisáp,sarisap,sa,42.43,56.56,85.11
europe_lau,Sajókeresztúr,sajokeresztur,sa,44.67,74.86,53.04
europe_lau,Sajóivánka,sajoivanka,sa,46.88,82.59,76.12
europe_lau,Sajókápolna,sajokapolna,sa,34.51,65.57,6.25
europe_lau,Sala Monferrato,sala_monferrato,sa,61.11,68.24,45.13
europe_lau,Sale,sale,sa,41.98,64.02,96.99
europe_lau,San Cristoforo,san_cristoforo,sa,48.87,56.37,71.47
europe_lau,San Giorgio Monferrato,san_giorgio_monferrato,sa,60.52,72.58,46.87
europe_lau,San Salvatore Monferrato,san_salvatore_monferrato,sa,63.6,76.02,56.74
europe_lau,San Sebastiano Curone,san_sebastiano_curone,sa,36.22,55.21,-13.35
europe_lau,Sardigliano,sardigliano,sa,31.2,66.77,38.04
europe_lau,Sarezzano,sarezzano,sa,62.02,70.25,47.93
europe_lau,Saint-Amand-sur-Sèvre,saint_amand_sur_sevre,sa,54.06,70.79,67.63
europe_lau,Saint-André-sur-Sèvre,saint_andre_sur_sevre,sa,57.37,73.18,77.57
europe_lau,Saint-Aubin-du-Plain,saint_aubin_du_plain,sa,48.64,74.41,59.6
europe_lau,Saint-Aubin-le-Cloud,saint_aubin_le_cloud,sa,35.25,65.2,-10.36
europe_lau,Saint-Christophe-sur-Roc,saint_christophe_sur_roc,sa,44,60.59,90.04
europe_lau,Sainte-Croix,sainte_croix,sa,52.42,65.02,8.11
europe_lau,Saltrio,saltrio,sa,35.47,69.64,85.22
europe_lau,Samarate,samarate,sa,37.34,53.86,-3.83
europe_lau,Saronno,saronno,sa,57.83,69.57,66.15
europe_lau,Sajóbábony,sajobabony,sa,59.95,81.14,59.05
europe_lau,Sárszentágota,sarszentagota,sa,55.81,69.05,59.37
europe_lau,Sándorfalva,sandorfalva,sa,49.88,59.94,56.65
europe_lau,Sárkeresztes,sarkeresztes,sa,60.03,78.92,48.93
europe_lau,Saclay,saclay,sa,58.64,70.17,52.13
europe_lau,Saint-Aubin,saint_aubin,sa,68.81,77.48,34.84
europe_lau,Saint-Chéron,saint_cheron,sa,62.4,75.06,54.88
europe_lau,Saint-Cyr-la-Rivière,saint_cyr_la_riviere,sa,29.77,59.66,87.99
europe_lau,Saint-Cyr-sous-Dourdan,saint_cyr_sous_dourdan,sa,52.95,74.88,96.99
europe_lau,Saint-Escobille,saint_escobille,sa,48.72,62.28,32.56
europe_lau,Sainte-Geneviève-des-Bois,sainte_genevieve_des_bois,sa,39.44,62.29,72.61
europe_lau,Saint-Germain-lès-Arpajon,saint_germain_les_arpajon,sa,28.48,57.21,49.72
europe_lau,Saint-Germain-lès-Corbeil,saint_germain_les_corbeil,sa,64.3,80.35,48.27
europe_lau,Saint-Hilaire,saint_hilaire,sa,55.46,73.93,53.31
europe_lau,Saint-Jean-de-Beauregard,saint_jean_de_beauregard,sa,66.09,79.56,34.11
europe_lau,Saint-Maurice-Montcouronne,saint_maurice_montcouronne,sa,40.59,49.56,54.81
europe_lau,Saint-Michel-sur-Orge,saint_michel_sur_orge,sa,49.77,69.62,51.27
europe_lau,Saint-Pierre-du-Perray,saint_pierre_du_perray,sa,49.93,62.89,78.26
europe_lau,Saintry-sur-Seine,saintry_sur_seine,sa,41.29,57.53,85.57
europe_lau,Saint-Sulpice-de-Favières,saint_sulpice_de_favieres,sa,38.22,49.74,81.2
europe_lau,Saint-Vrain,saint_vrain,sa,65.19,64.68,39.62
europe_lau,Saint-Yon,saint_yon,sa,50.54,82.62,69.6
europe_lau,Saulx-les-Chartreux,saulx_les_chartreux,sa,61.3,70.34,67.89
europe_lau,Savigny-sur-Orge,savigny_sur_orge,sa,54.14,68.38,70.71
europe_lau,Sajósenye,sajosenye,sa,49.35,73.6,59.44
europe_lau,Saint-André-Goule-d'Oie,saint_andre_goule_d_oie,sa,24.45,43.41,79.2
europe_lau,Saint-Aubin-des-Ormeaux,saint_aubin_des_ormeaux,sa,31.3,50.57,-9.84
europe_lau,Saint-Aubin-la-Plaine,saint_aubin_la_plaine,sa,40.61,57,77.44
europe_lau,Saint-Avaugourd-des-Landes,saint_avaugourd_des_landes,sa,44.58,58.16,63.89
europe_lau,Saint-Benoist-sur-Mer,saint_benoist_sur_mer,sa,45.41,70.77,35.11
europe_lau,Sainte-Cécile,sainte_cecile,sa,42.56,63.8,59.75
europe_lau,Saint-Christophe-du-Ligneron,saint_christophe_du_ligneron,sa,56.06,67.49,36.96
europe_lau,Saint-Cyr-des-Gâts,saint_cyr_des_gats,sa,60.72,74.08,42.33
europe_lau,Saint-Cyr-en-Talmondais,saint_cyr_en_talmondais,sa,43.14,61.25,24.52
europe_lau,Saint-Denis-du-Payré,saint_denis_du_payre,sa,45.2,62.4,30.55
europe_lau,Saint-Denis-la-Chevasse,saint_denis_la_chevasse,sa,42.19,63.22,63.31
europe_lau,Saint-Étienne-de-Brillouet,saint_etienne_de_brillouet,sa,62.23,77.35,53.56
europe_lau,Saint-Étienne-du-Bois,saint_etienne_du_bois,sa,45.46,61.29,66.2
europe_lau,Sainte-Flaive-des-Loups,sainte_flaive_des_loups,sa,42.75,63.6,29.8
europe_lau,Sainte-Foy,sainte_foy,sa,34.21,56.51,-7.81
europe_lau,Saint-Fulgent,saint_fulgent,sa,59.2,72.39,60.44
europe_lau,Sainte-Gemme-la-Plaine,sainte_gemme_la_plaine,sa,54.9,72.21,80.74
europe_lau,Saint-Georges-de-Pointindoux,saint_georges_de_pointindoux,sa,45,65.06,15.33
europe_lau,Saint-Germain-de-Prinçay,saint_germain_de_princay,sa,55.51,63.75,42.66
europe_lau,Saint-Gervais,saint_gervais,sa,48.26,64.05,84.76
europe_lau,Saint-Gilles-Croix-de-Vie,saint_gilles_croix_de_vie,sa,36.78,51.8,-13.29
europe_lau,Sainte-Hermine,sainte_hermine,sa,50.76,61,68.62
europe_lau,Saint-Hilaire-de-Riez,saint_hilaire_de_riez,sa,38.02,55.95,54.89
europe_lau,Saint-Hilaire-des-Loges,saint_hilaire_des_loges,sa,40.47,61.16,91.18
europe_lau,Saint-Hilaire-de-Voust,saint_hilaire_de_voust,sa,65.81,67.81,51.54
europe_lau,Saint-Hilaire-la-Forêt,saint_hilaire_la_foret,sa,51.9,73.92,50.85
europe_lau,Saint-Hilaire-le-Vouhis,saint_hilaire_le_vouhis,sa,71.4,74.43,50.46
europe_lau,Saint-Jean-de-Beugné,saint_jean_de_beugne,sa,40.66,74.58,-55.16
europe_lau,Saint-Jean-de-Monts,saint_jean_de_monts,sa,34.58,52.38,42.4
europe_lau,Samotišky,samotisky,sa,54.45,78.19,13.14
europe_lau,Salassa,salassa,sa,55.52,66.37,42.6
europe_lau,Salbertrand,salbertrand,sa,49.69,65.99,63.11
europe_lau,Salerano Canavese,salerano_canavese,sa,31.68,51.37,65.97
europe_lau,Salza di Pinerolo,salza_di_pinerolo,sa,37.03,60.94,-46.27
europe_lau,Samone,samone,sa,59.67,80.71,55.64
europe_lau,San Benigno Canavese,san_benigno_canavese,sa,40.45,53.57,42.11
europe_lau,San Carlo Canavese,san_carlo_canavese,sa,54.16,71.65,58.77
europe_lau,San Colombano Belmonte,san_colombano_belmonte,sa,28.15,61.39,-2.77
europe_lau,San Didero,san_didero,sa,58.38,69.71,71.78
europe_lau,San Francesco al Campo,san_francesco_al_campo,sa,52.07,68.15,68.04
europe_lau,Sangano,sangano,sa,38.29,55.01,30.97
europe_lau,San Germano Chisone,san_germano_chisone,sa,41.38,56.8,89.45
europe_lau,San Gillio,san_gillio,sa,44.91,63.69,63.09
europe_lau,San Giorgio Canavese,san_giorgio_canavese,sa,32.19,45.42,96.9
europe_lau,San Giorio di Susa,san_giorio_di_susa,sa,27.27,56.23,99.97
europe_lau,San Giusto Canavese,san_giusto_canavese,sa,33.33,61.97,96.72
europe_lau,San Martino Canavese,san_martino_canavese,sa,39.22,47.37,59.59
europe_lau,San Maurizio Canavese,san_maurizio_canavese,sa,37.54,49.65,17.89
europe_lau,San Mauro Torinese,san_mauro_torinese,sa,52.03,60.47,59.3
europe_lau,San Pietro Val Lemina,san_pietro_val_lemina,sa,22.02,53.66,87.3
europe_lau,San Ponso,san_ponso,sa,33.99,58.45,29.41
europe_lau,San Raffaele Cimena,san_raffaele_cimena,sa,61.38,72.98,51.95
europe_lau,San Sebastiano da Po,san_sebastiano_da_po,sa,66.71,70.49,31.31
europe_lau,Sant'Ambrogio di Torino,sant_ambrogio_di_torino,sa,51.65,66.95,24.11
europe_lau,Sangiano,sangiano,sa,45.09,71.28,96.18
europe_lau,Sajólád,sajolad,sa,29.18,56.74,70.56
europe_lau,Sajóecseg,sajoecseg,sa,50.44,54.23,56.73
europe_lau,Sárospatak,sarospatak,sa,40.55,60.51,79.46
europe_lau,Salomvár,salomvar,sa,41.28,57.25,90.81
europe_lau,Sajóvelezd,sajovelezd,sa,42.26,60.98,-15.6
europe_lau,Sajólászlófalva,sajolaszlofalva,sa,28.61,51.23,89.99
europe_lau,Sala Baganza,sala_baganza,sa,29.77,55.41,95.93
europe_lau,Salsomaggiore Terme,salsomaggiore_terme,sa,64.25,68.05,53.18
europe_lau,San Secondo Parmense,san_secondo_parmense,sa,50.1,58.65,65.19
europe_lau,Saint-Christophe,saint_christophe,sa,40.59,66.54,93.27
europe_lau,Saint-Denis,saint_denis,sa,43.56,53.48,35.31
europe_lau,Saint-Marcel,saint_marcel,sa,37.88,77.25,85.86
europe_lau,Saint-Nicolas,saint_nicolas,sa,43.14,55.89,48.45
europe_lau,Saint-Oyen,saint_oyen,sa,18.55,44.25,77.43
europe_lau,Saint-Pierre,saint_pierre,sa,36.74,64.72,68.67
europe_lau,Saint-Rhémy-en-Bosses,saint_rhemy_en_bosses,sa,58.81,65.42,72.5
europe_lau,Saint-Vincent,saint_vincent,sa,54.8,67.21,42.8
europe_lau,Sarre,sarre,sa,44.97,71.49,50.18
europe_lau,Salačova Lhota,salacova_lhota,sa,60.72,69.91,45.16
europe_lau,Samšín,samsin,sa,57.9,65.17,56.13
europe_lau,Sály,saly,sa,33.5,77.67,84.91
europe_lau,Sárpilis,sarpilis,sa,47.04,61.65,63.15
europe_lau,Sámod,samod,sa,23.9,65.3,88.49
europe_lau,San Martino in Rio,san_martino_in_rio,sa,40.38,64.22,66.05
europe_lau,San Polo d'Enza,san_polo_d_enza,sa,28.92,49.8,99.13
europe_lau,Sant'Ilario d'Enza,sant_ilario_d_enza,sa,51.19,61.69,17.06
europe_lau,San Chirico Nuovo,san_chirico_nuovo,sa,25.3,52.91,49.9
europe_lau,San Chirico Raparo,san_chirico_raparo,sa,40.59,48.22,22.35
europe_lau,San Costantino Albanese,san_costantino_albanese,sa,52.03,66.53,91.06
europe_lau,San Fele,san_fele,sa,38.62,50.73,6.17
europe_lau,San Martino d'Agri,san_martino_d_agri,sa,66.56,79.21,20.77
europe_lau,San Severino Lucano,san_severino_lucano,sa,36.02,50.54,73.81
europe_lau,Sant'Angelo Le Fratte,sant_angelo_le_fratte,sa,52.42,56.36,56.62
europe_lau,Sant'Arcangelo,sant_arcangelo,sa,49.46,61.78,60.21
europe_lau,Sarconi,sarconi,sa,36.23,53.74,98.85
europe_lau,Sasso di Castalda,sasso_di_castalda,sa,55.37,66.36,58.52
europe_lau,Satriano di Lucania,satriano_di_lucania,sa,43.36,62.26,56.31
europe_lau,Savoia di Lucania,savoia_di_lucania,sa,42.18,58.69,35.6
europe_lau,Sásd,sasd,sa,55.58,78.12,73.24
europe_lau,Saâcy-sur-Marne,saacy_sur_marne,sa,54.26,61.86,74.87
europe_lau,Sablonnières,sablonnieres,sa,47.61,73.12,84.58
europe_lau,Sáska,saska,sa,48.86,69.74,89.72
europe_lau,Sale delle Langhe,sale_delle_langhe,sa,27.65,50.49,77.03
europe_lau,Sale San Giovanni,sale_san_giovanni,sa,20.63,45.13,90.04
europe_lau,Salmour,salmour,sa,52.63,72.74,84.19
europe_lau,Saluzzo,saluzzo,sa,34.45,53.35,99.77
europe_lau,Sambuco,sambuco,sa,61.27,76.01,90.05
europe_lau,Sampeyre,sampeyre,sa,60.13,76.82,31.45
europe_lau,San Benedetto Belbo,san_benedetto_belbo,sa,52.09,65.09,77.11
europe_lau,San Damiano Macra,san_damiano_macra,sa,44.08,59.29,91.31
europe_lau,Sanfrè,sanfre,sa,30.18,42.79,6.17
europe_lau,Sanfront,sanfront,sa,49.38,64.43,69.12
europe_lau,San Michele Mondovì,san_michele_mondovi,sa,46.17,64.86,93.49
europe_lau,Sant'Albano Stura,sant_albano_stura,sa,34.54,42.89,63.49
europe_lau,Santa Vittoria d'Alba,santa_vittoria_d_alba,sa,44.76,78.73,-21.25
europe_lau,Santo Stefano Belbo,santo_stefano_belbo,sa,50.54,55.83,31.91
europe_lau,Santo Stefano Roero,santo_stefano_roero,sa,27.18,71.75,18.25
europe_lau,Savigliano,savigliano,sa,43.53,58.29,83.58
europe_lau,San Giovanni Valdarno,san_giovanni_valdarno,sa,43.02,63.87,93.45
europe_lau,Sansepolcro,sansepolcro,sa,54.04,62.05,59.24
europe_lau,San Casciano dei Bagni,san_casciano_dei_bagni,sa,35.31,58.14,26.6
europe_lau,San Gimignano,san_gimignano,sa,64.35,73.42,76.1
europe_lau,San Quirico d'Orcia,san_quirico_d_orcia,sa,57.83,64.74,65.38
europe_lau,Sarteano,sarteano,sa,52.39,56.54,57.21
europe_lau,Santa Fiora,santa_fiora,sa,49.8,68.5,88.44
europe_lau,Šanov,sanov,sa,59.55,63.97,53
europe_lau,Sárfimizdó,sarfimizdo,sa,58.34,80.26,82.34
europe_lau,Sant'Antonino di Susa,sant_antonino_di_susa,sa,51.95,81.74,83.12
europe_lau,Santena,santena,sa,62.13,69.15,68.98
europe_lau,Sauze di Cesana,sauze_di_cesana,sa,32.49,70.33,33.28
europe_lau,Sauze d'Oulx,sauze_d_oulx,sa,75.53,75.18,57.1
europe_lau,San Giacomo Vercellese,san_giacomo_vercellese,sa,50.97,76.4,84.57
europe_lau,Sarkad,sarkad,sa,40.29,54.55,72.52
europe_lau,Salvirola,salvirola,sa,41.22,54.7,41.1
europe_lau,San Bassano,san_bassano,sa,53.15,66.29,32.5
europe_lau,San Daniele Po,san_daniele_po,sa,54.85,69.69,49.36
europe_lau,San Giovanni in Croce,san_giovanni_in_croce,sa,32.8,67.18,87.26
europe_lau,San Martino del Lago,san_martino_del_lago,sa,57.78,70.03,64.07
europe_lau,Sárbogárd,sarbogard,sa,52.26,64.41,38.17
europe_lau,Sajópüspöki,sajopuspoki,sa,58.01,67.48,49.68
europe_lau,Sárrétudvari,sarretudvari,sa,35.48,56.05,96.5
europe_lau,San Bartolomeo al Mare,san_bartolomeo_al_mare,sa,47.66,61.7,80.95
europe_lau,San Biagio della Cima,san_biagio_della_cima,sa,23.87,46.77,90.64
europe_lau,San Lorenzo al Mare,san_lorenzo_al_mare,sa,40.03,57.39,86.12
europe_lau,Sanremo,sanremo,sa,54.47,62.73,26.79
europe_lau,Santo Stefano al Mare,santo_stefano_al_mare,sa,47.98,66.21,28.73
europe_lau,Sala Comacina,sala_comacina,sa,24.13,59.73,85.82
europe_lau,San Bartolomeo Val Cavargna,san_bartolomeo_val_cavargna,sa,32.46,64.45,68.23
europe_lau,San Fermo della Battaglia,san_fermo_della_battaglia,sa,54.36,73.06,65.49
europe_lau,San Nazzaro Val Cavargna,san_nazzaro_val_cavargna,sa,32.73,58.84,87.66
europe_lau,San Siro,san_siro,sa,54.77,67.06,58.23
europe_lau,Sátoraljaújhely,satoraljaujhely,sa,50.97,65.3,81.77
europe_lau,Sajópálfala,sajopalfala,sa,25.1,63.66,68.09
europe_lau,Salköveskút,salkoveskut,sa,38.39,67.72,58.29
europe_lau,San Cesario sul Panaro,san_cesario_sul_panaro,sa,22.57,48.43,89.16
europe_lau,San Felice sul Panaro,san_felice_sul_panaro,sa,44.99,54.44,37.77
europe_lau,San Possidonio,san_possidonio,sa,33.41,66.47,54.94
europe_lau,San Prospero,san_prospero,sa,41.76,59.57,58.15
europe_lau,Sassuolo,sassuolo,sa,25.75,47.05,99.41
europe_lau,Savignano sul Panaro,savignano_sul_panaro,sa,19.73,39.68,55.96
europe_lau,Salandra,salandra,sa,41.41,54.96,86.67
europe_lau,San Giorgio Lucano,san_giorgio_lucano,sa,41.13,60.96,98.66
europe_lau,San Mauro Forte,san_mauro_forte,sa,36.06,58.07,27.05
europe_lau,Sassello,sassello,sa,36.03,55.53,-24.35
europe_lau,Savona,savona,sa,49.56,76.49,52.73
europe_lau,Sajókaza,sajokaza,sa,41,69.51,36.12
europe_lau,San Giustino,san_giustino,sa,47.79,60.24,52.68
europe_lau,Sant'Anatolia di Narco,sant_anatolia_di_narco,sa,27.11,58.83,82.61
europe_lau,Sátorhely,satorhely,sa,47.14,66.49,12.67
europe_lau,Sajógalgóc,sajogalgoc,sa,34.22,63,90.19
europe_lau,Sajtoskál,sajtoskal,sa,60.66,72.54,56.21
europe_lau,Sármellék,sarmellek,sa,41.47,64.46,56.84
europe_lau,Ságvár,sagvar,sa,44.01,67.97,73.98
europe_lau,Salasco,salasco,sa,46.87,56.76,6.66
europe_lau,Sali Vercellese,sali_vercellese,sa,50.92,73.65,-1.5
europe_lau,Saluggia,saluggia,sa,60.09,68.84,60.57
europe_lau,San Germano Vercellese,san_germano_vercellese,sa,49.34,61.2,18.67
europe_lau,Santhià,santhia,sa,45.34,54.16,31.56
europe_lau,San Damiano d'Asti,san_damiano_d_asti,sa,50.84,63.07,83.7
europe_lau,San Giorgio Scarampi,san_giorgio_scarampi,sa,51.82,58.44,42.93
europe_lau,Sankt Margarethen im Burgenland,sankt_margarethen_im_burgenland,sa,63.44,63.65,61.67
europe_lau,Sabbioneta,sabbioneta,sa,33.7,53.25,-2.63
europe_lau,San Benedetto Po,san_benedetto_po,sa,41.27,49.66,50.63
europe_lau,San Giacomo delle Segnate,san_giacomo_delle_segnate,sa,35.76,61.1,32.03
europe_lau,San Giorgio Bigarello,san_giorgio_bigarello,sa,45.46,51.72,34.32
europe_lau,San Giovanni del Dosso,san_giovanni_del_dosso,sa,35.78,49.38,39.19
europe_lau,San Martino dall'Argine,san_martino_dall_argine,sa,45.09,54.56,23.83
europe_lau,San Marco Evangelista,san_marco_evangelista,sa,67.57,68.82,60.83
europe_lau,Sámsonháza,samsonhaza,sa,48.32,54.51,63.71
europe_lau,Sáránd,sarand,sa,46.98,69.99,-15.52
europe_lau,Sárosd,sarosd,sa,59.17,83.1,45.02
europe_lau,Sarkadkeresztúr,sarkadkeresztur,sa,34.53,52.2,26.73
europe_lau,Šandrovac,sandrovac,sa,54.84,71.86,90.99
europe_lau,San Bartolomeo in Galdo,san_bartolomeo_in_galdo,sa,54.98,59.79,73.7
europe_lau,San Giorgio del Sannio,san_giorgio_del_sannio,sa,22.23,56.75,95.3
europe_lau,San Giorgio La Molara,san_giorgio_la_molara,sa,50.97,64.73,51.27
europe_lau,San Leucio del Sannio,san_leucio_del_sannio,sa,58.96,66.45,46.18
europe_lau,San Lorenzello,san_lorenzello,sa,40.84,52.52,87.61
europe_lau,San Lorenzo Maggiore,san_lorenzo_maggiore,sa,37.51,61.71,93.78
europe_lau,San Lupo,san_lupo,sa,27.67,50.28,99.85
europe_lau,San Marco dei Cavoti,san_marco_dei_cavoti,sa,40.81,61.28,96.14
europe_lau,San Martino Sannita,san_martino_sannita,sa,44.11,59.89,88.94
europe_lau,San Nazzaro,san_nazzaro,sa,41.88,72.19,32.34
europe_lau,San Nicola Manfredi,san_nicola_manfredi,sa,16.37,33.19,85.12
europe_lau,San Salvatore Telesino,san_salvatore_telesino,sa,70.24,68.21,59.85
europe_lau,Santa Croce del Sannio,santa_croce_del_sannio,sa,46.2,66,62.87
europe_lau,Sant'Agata de' Goti,sant_agata_de_goti,sa,48.21,57.79,35.18
europe_lau,San Basile,san_basile,sa,33.44,61.14,34.98
europe_lau,San Benedetto Ullano,san_benedetto_ullano,sa,41.47,62.82,-0.5
europe_lau,San Cosmo Albanese,san_cosmo_albanese,sa,26.41,67.79,91.73
europe_lau,San Colombano Certenoli,san_colombano_certenoli,sa,54.52,66.67,73.56
europe_lau,Santa Margherita Ligure,santa_margherita_ligure,sa,60.56,74.09,53.89
europe_lau,Sant'Olcese,sant_olcese,sa,48.02,57.75,41.93
europe_lau,Santo Stefano d'Aveto,santo_stefano_d_aveto,sa,50.48,65.53,84.5
europe_lau,Savignone,savignone,sa,58.98,61.16,52.92
europe_lau,Sávoly,savoly,sa,54.39,80.22,81.98
europe_lau,Sand,sand,sa,46.33,71.32,-3.75
europe_lau,San Martino Alfieri,san_martino_alfieri,sa,64.72,72.07,34.87
europe_lau,San Marzano Oliveto,san_marzano_oliveto,sa,56.19,68.17,70.72
europe_lau,San Paolo Solbrito,san_paolo_solbrito,sa,58,74.7,76.56
europe_lau,San Demetrio Corone,san_demetrio_corone,sa,56.07,71.24,81.07
europe_lau,San Donato di Ninea,san_donato_di_ninea,sa,32.38,46.5,36.87
europe_lau,San Fili,san_fili,sa,44.03,53.61,71.55
europe_lau,Sangineto,sangineto,sa,43.28,54.04,42.39
europe_lau,San Giorgio Albanese,san_giorgio_albanese,sa,33.35,69.75,83.15
europe_lau,San Giovanni in Fiore,san_giovanni_in_fiore,sa,50.49,59.12,37.61
europe_lau,San Lorenzo Bellizzi,san_lorenzo_bellizzi,sa,34.94,53.54,13.25
europe_lau,San Lorenzo del Vallo,san_lorenzo_del_vallo,sa,53.94,62.71,38.47
europe_lau,San Lucido,san_lucido,sa,52.15,76.4,33.8
europe_lau,San Marco Argentano,san_marco_argentano,sa,25.67,50.81,48.8
europe_lau,San Martino di Finita,san_martino_di_finita,sa,23.96,52.08,-87.62
europe_lau,San Nicola Arcella,san_nicola_arcella,sa,50.99,63.65,47.62
europe_lau,San Pietro in Amantea,san_pietro_in_amantea,sa,22.16,58.83,74.97
europe_lau,San Pietro in Guarano,san_pietro_in_guarano,sa,32.18,53.83,-25.99
europe_lau,San Sosti,san_sosti,sa,17.99,48.13,-121.58
europe_lau,Santa Caterina Albanese,santa_caterina_albanese,sa,40.69,61.54,77.06
europe_lau,Santa Domenica Talao,santa_domenica_talao,sa,48.88,59.89,90.83
europe_lau,Sant'Agata di Esaro,sant_agata_di_esaro,sa,43.62,55.37,45.87
europe_lau,Santa Maria del Cedro,santa_maria_del_cedro,sa,47.31,66.46,-1.05
europe_lau,Santa Sofia d'Epiro,santa_sofia_d_epiro,sa,44.07,53.5,46.28
europe_lau,Santo Stefano di Rogliano,santo_stefano_di_rogliano,sa,15.46,53.79,-194.94
europe_lau,San Vincenzo La Costa,san_vincenzo_la_costa,sa,40.06,66.37,-9.36
europe_lau,San Gemini,san_gemini,sa,53.52,60.07,66.97
europe_lau,San Venanzo,san_venanzo,sa,54.77,71.57,61.82
europe_lau,San Lorenzo Nuovo,san_lorenzo_nuovo,sa,20.39,45.64,84.93
europe_lau,Sajónémeti,sajonemeti,sa,49.58,76.5,13.97
europe_lau,San Maurizio d'Opaglio,san_maurizio_d_opaglio,sa,42.91,62.16,-10.69
europe_lau,San Nazzaro Sesia,san_nazzaro_sesia,sa,37.92,57.99,96.23
europe_lau,San Pietro Mosezzo,san_pietro_mosezzo,sa,42.36,58.11,93.77
europe_lau,Sarród,sarrod,sa,33.1,39.48,45.69
europe_lau,Sajószöged,sajoszoged,sa,46.78,56.24,56.74
europe_lau,Salorno sulla strada del vino/Salurn an der Weinstraße,salorno_sulla_strada_del_vino_salurn_an_der_weinstrasse,sa,30.5,63.08,6.09
europe_lau,San Candido/Innichen,san_candido_innichen,sa,39.23,54.01,88.24
europe_lau,San Genesio Atesino/Jenesien,san_genesio_atesino_jenesien,sa,48.27,67.08,94.54
europe_lau,San Leonardo in Passiria/St. Leonhard in Passeier,san_leonardo_in_passiria_st_leonhard_in_passeier,sa,38.45,45.17,67.96
europe_lau,San Lorenzo di Sebato/St. Lorenzen,san_lorenzo_di_sebato_st_lorenzen,sa,57.19,71.17,24.6
europe_lau,San Martino in Badia/St. Martin in Thurn,san_martino_in_badia_st_martin_in_thurn,sa,45.84,62.85,68.33
europe_lau,San Martino in Passiria/St. Martin in Passeier,san_martino_in_passiria_st_martin_in_passeier,sa,35.38,53.15,87.24
europe_lau,San Pancrazio/St. Pankraz,san_pancrazio_st_pankraz,sa,48.27,56.58,73
europe_lau,Santa Cristina Valgardena/St. Christina in Gröden,santa_cristina_valgardena_st_christina_in_groden,sa,26.69,42.39,84.45
europe_lau,Sarentino/Sarntal,sarentino_sarntal,sa,48.85,67.37,91.02
europe_lau,Sant'Angelo a Cupolo,sant_angelo_a_cupolo,sa,45.48,55.76,80.22
europe_lau,Sassinoro,sassinoro,sa,53.33,64.34,31.92
europe_lau,Sant'Arcangelo Trimonte,sant_arcangelo_trimonte,sa,21.37,49.91,82.02
europe_lau,Santo Stefano di Magra,santo_stefano_di_magra,sa,52.95,59.74,44.26
europe_lau,Sárkeresztúr,sarkeresztur,sa,48.06,83.1,33.54
europe_lau,Salgótarján,salgotarjan,sa,36.9,62.11,62.92
europe_lau,Sáp,sap,sa,46.52,55.29,35.91
europe_lau,Sarud,sarud,sa,48.07,72.81,68.75
europe_lau,Sárazsadány,sarazsadany,sa,27.17,48.68,76.11
europe_lau,Sady nad Torysou,sady_nad_torysou,sa,39.87,56.76,0.31
europe_lau,Sadová,sadova,sa,43,64.78,21.02
europe_lau,Šárovcova Lhota,sarovcova_lhota,sa,49.53,57.9,68.32
europe_lau,Sankt Michael im Burgenland,sankt_michael_im_burgenland,sa,31.42,54.88,42.05
europe_lau,Samšina,samsina,sa,34.65,54.76,0.43
europe_lau,Šambron,sambron,sa,55.28,73.18,86.42
europe_lau,Šarišské Jastrabie,sarisske_jastrabie,sa,29.43,48.25,-0.35
europe_lau,Salka,salka,sa,58.77,80.54,74.57
europe_lau,Šarkan,sarkan,sa,40.31,54.9,94.68
europe_lau,Săcădat,sacadat,sa,40.11,57.97,69.75
europe_lau,Sălacea,salacea,sa,46.43,59.92,59.61
europe_lau,Sălard,salard,sa,48.96,62.33,74.17
europe_lau,Sâmbăta,sambata,sa,54.13,67.96,66.22
europe_lau,Sârbi,sarbi,sa,42,67.58,64.09
europe_lau,Sannicolau Roman,sannicolau_roman,sa,42.11,60.99,16.08
europe_lau,Săcuieu,sacuieu,sa,43.5,60.99,54.68
europe_lau,Săvădisla,savadisla,sa,68.08,74.29,42.33
europe_lau,Sâncraiu,sancraiu,sa,40.27,50.87,18.56
europe_lau,Sânmărtin,sanmartin,sa,50.9,66.93,84.6
europe_lau,Sânpaul,sanpaul,sa,57.81,65.79,63.81
europe_lau,Sarnaki,sarnaki,sa,45.68,65.7,34.04
europe_lau,Sabnie,sabnie,sa,59.74,61.25,38.91
europe_lau,Sadowne,sadowne,sa,48,56.7,8.68
europe_lau,Sádočné,sadocne,sa,53.32,79.02,93.4
europe_lau,Sása (okres Revúca),sasa_okres_revuca,sa,45.12,62.3,68.11
europe_lau,Šaľa,sala,sa,39.7,56.11,94.78
europe_lau,Šalgočka,salgocka,sa,63.87,83.03,49.33
europe_lau,Šandal,sandal,sa,40.32,58.75,72.56
europe_lau,Šarbov,sarbov,sa,64.2,79.98,77.81
europe_lau,Šarišský Štiavnik,sarissky_stiavnik,sa,25.8,72.36,-70.87
europe_lau,Sázavka,sazavka,sa,58.81,67.23,78.31
europe_lau,Salva,salva,sa,48.84,60.47,60.23
europe_lau,Sânmihaiu de Câmpie,sanmihaiu_de_campie,sa,46.01,59.46,-6.86
europe_lau,Şanţ,sant,sa,57.33,68.44,78.44
europe_lau,Salir de Matos,salir_de_matos,sa,43.84,61.58,81.09
europe_lau,Santa Catarina,santa_catarina,sa,29.28,46.96,27.44
europe_lau,Sâmbureşti,samburesti,sa,51.08,58.65,45.53
europe_lau,Sârbii - Măgura,sarbii_magura,sa,53.47,63.57,27.62
europe_lau,Saraiu,saraiu,sa,48.43,61.7,19.05
europe_lau,Săcele,sacele,sa,17.58,32.9,-23.28
europe_lau,Saligny,saligny,sa,58.53,70.59,37.37
europe_lau,São João de Loure e Frossos,sao_joao_de_loure_e_frossos,sa,44.43,66.13,90.39
europe_lau,Sangalhos,sangalhos,sa,40.51,53.38,18.96
europe_lau,São Lourenço do Bairro,sao_lourenco_do_bairro,sa,28.01,42.56,-22.96
europe_lau,Santa Eulália,santa_eulalia,sa,26.3,37.05,83
europe_lau,São Miguel do Mato,sao_miguel_do_mato,sa,40.03,56.42,12.16
europe_lau,São Bernardo,sao_bernardo,sa,43.87,81.85,80.37
europe_lau,São Jacinto,sao_jacinto,sa,29.25,77.76,93.83
europe_lau,Santa Joana,santa_joana,sa,50.93,66.94,43.29
europe_lau,Santa Maria de Sardoura,santa_maria_de_sardoura,sa,35.37,61.57,93.79
europe_lau,São Martinho de Sardoura,sao_martinho_de_sardoura,sa,27.79,66.68,82.18
europe_lau,Samarineşti,samarinesti,sa,56.95,60.43,79.71
europe_lau,Săcelu,sacelu,sa,47.2,72.26,96.57
europe_lau,Săuleşti,saulesti,sa,37.26,67.26,83.61
europe_lau,Santa Mare,santa_mare,sa,23.55,44.79,37.54
europe_lau,Šabac,sabac,sa,38.66,51.12,69.43
europe_lau,Samora Correia,samora_correia,sa,61.24,67.07,61.84
europe_lau,Santo Estêvão,santo_estevao,sa,41.85,59.41,51.28
europe_lau,Santa Margarida da Coutada,santa_margarida_da_coutada,sa,32.09,77.08,99.85
europe_lau,São José da Lamarosa,sao_jose_da_lamarosa,sa,50.73,70.84,-18.49
europe_lau,Santana do Mato,santana_do_mato,sa,31.26,55.82,24.92
europe_lau,São João Baptista,sao_joao_baptista,sa,14.98,44.36,98.53
europe_lau,Sande (São Martinho),sande_sao_martinho,sa,56.23,73.5,33.01
europe_lau,São Torcato,sao_torcato,sa,57.53,61.85,60.66
europe_lau,Săcel,sacel,sa,55.56,64.59,42.51
europe_lau,Sărmaş,sarmas,sa,46.92,66.17,93.2
europe_lau,Sâncrăieni,sancraieni,sa,25.11,62.69,-35.41
europe_lau,Sândominic,sandominic,sa,53.2,60,60
europe_lau,Sânmartin,sanmartin,sa,47.27,71.55,-23.23
europe_lau,Sânsimion,sansimion,sa,39.7,76.11,46.19
europe_lau,Sása (okres Zvolen),sasa_okres_zvolen,sa,33.12,58.82,74.72
europe_lau,Šamudovce,samudovce,sa,54.51,62.88,26.83
europe_lau,Šajdíkove Humence,sajdikove_humence,sa,46.1,64.89,1.79
europe_lau,Šaštín-Stráže,sastin_straze,sa,42.42,61.08,89.77
europe_lau,Santo Emilião,santo_emiliao,sa,29.36,43.72,27.5
europe_lau,São João de Rei,sao_joao_de_rei,sa,66.23,70.13,74.32
europe_lau,"Santa Maria, São Pedro e Sobral da Lagoa",santa_maria_sao_pedro_e_sobral_da_lagoa,sa,48.09,68.81,67.65
europe_lau,Šalgovce,salgovce,sa,27.72,67.85,70.74
europe_lau,São Bento,sao_bento,sa,47.87,63.85,73.93
europe_lau,Sânzieni,sanzieni,sa,34.73,59.69,83.84
europe_lau,Săbăreni,sabareni,sa,63.04,71.42,58.61
europe_lau,Sărateni,sarateni,sa,23.78,55.51,87.93
europe_lau,Sallingberg,sallingberg,sa,39.86,52.1,47.63
europe_lau,Sălătrucu,salatrucu,sa,12.35,45.65,65.22
europe_lau,Săpata,sapata,sa,53.06,66.65,85.25
europe_lau,Sânpetru,sanpetru,sa,50.19,63.34,75.52
europe_lau,Sambata de Sus,sambata_de_sus,sa,17.14,45.02,78.14
europe_lau,Salem,salem,sa,32.12,60.27,56.87
europe_lau,Sävsjö,savsjo,sa,57.6,69.35,83.52
europe_lau,São Sebastião,sao_sebastiao,sa,29.98,59.71,83.51
europe_lau,Santiago de Montalegre,santiago_de_montalegre,sa,45,72.37,96.1
europe_lau,Sardoal,sardoal,sa,42.24,60.67,57.58
europe_lau,São Pedro de Tomar,sao_pedro_de_tomar,sa,63.62,71.7,61.16
europe_lau,Sabacheira,sabacheira,sa,67.25,72.51,68.74
europe_lau,Satu Mare,satu_mare,sa,55.84,76.93,57.64
europe_lau,Sântimbru,santimbru,sa,33.78,77.06,16.51
europe_lau,Sarmizegetusa,sarmizegetusa,sa,38.58,52.71,70.67
europe_lau,Sălaşu de Sus,salasu_de_sus,sa,45.45,54.05,78.88
europe_lau,Sântămăria-Orlea,santamaria_orlea,sa,42.33,60.39,30.46
europe_lau,Šarišské Čierne,sarisske_cierne,sa,59.12,65.67,46.18
europe_lau,Šašová,sasova,sa,29.23,60.52,48.75
europe_lau,Salamonde,salamonde,sa,45.99,69.73,56.94
europe_lau,Sabariz,sabariz,sa,69.91,75.64,52.08
europe_lau,São Domingos de Rana,sao_domingos_de_rana,sa,56.02,70.39,72.13
europe_lau,São Domingos de Benfica,sao_domingos_de_benfica,sa,58.02,66.99,50.79
europe_lau,Sačurov,sacurov,sa,64.28,70.7,42.96
europe_lau,Salcia Tudor,salcia_tudor,sa,36.66,53.72,75.77
europe_lau,Santa Clara,santa_clara,sa,62.08,74.96,31.98
europe_lau,Santa Maria Maior,santa_maria_maior,sa,50.94,63.68,33.84
europe_lau,Santo António,santo_antonio,sa,57.36,70.76,41.89
europe_lau,São Vicente,sao_vicente,sa,59.86,74.53,15.83
europe_lau,Santa Bárbara,santa_barbara,sa,44.07,59.18,57.29
europe_lau,Santo Isidoro,santo_isidoro,sa,60.83,68.54,30.01
europe_lau,Salcia,salcia,sa,53.39,69.93,84.82
europe_lau,Sălciile,salciile,sa,40.15,62.84,42.39
europe_lau,Sângeru,sangeru,sa,42.36,52.96,45.27
europe_lau,Šávoľ,savol,sa,47.59,66.35,42.08
europe_lau,Sălcioara,salcioara,sa,35.1,43.31,30.64
europe_lau,Sălciua,salciua,sa,52.51,62.87,51.27
europe_lau,Săliştea,salistea,sa,23.59,55.04,86.61
europe_lau,Săsciori,sasciori,sa,23.14,34.1,98.2
europe_lau,Sap,sap,sa,24.24,51.67,20.17
europe_lau,Sanislău,sanislau,sa,45.55,64.33,24.21
europe_lau,Santău,santau,sa,50.59,67.58,28.26
europe_lau,Săcăşeni,sacaseni,sa,44.31,76.35,96.92
europe_lau,Săuca,sauca,sa,52.49,64.76,50.85
europe_lau,São Martinho,sao_martinho,sa,48.3,58.11,81.79
europe_lau,Samouco,samouco,sa,29.67,58.12,-68.67
europe_lau,São Francisco,sao_francisco,sa,45.73,62.53,-4.96
europe_lau,Santo António da Charneca,santo_antonio_da_charneca,sa,23.19,51.07,93.54
europe_lau,Sarilhos Grandes,sarilhos_grandes,sa,47.98,79.03,92.12
europe_lau,Santo André,santo_andre,sa,56.89,72.55,84
europe_lau,São Francisco da Serra,sao_francisco_da_serra,sa,38.58,57.1,15.41
europe_lau,Sado,sado,sa,42.25,64.99,8.04
europe_lau,Sălcioara,salcioara,sa,39.79,58.76,33.06
europe_lau,Săveni,saveni,sa,32.19,70.6,90.18
europe_lau,Sabinov,sabinov,sa,49.96,72.71,78.77
europe_lau,Šarišská Poruba,sarisska_poruba,sa,48.63,64.72,48.62
europe_lau,Šarišská Trstená,sarisska_trstena,sa,20.17,66.61,84.05
europe_lau,Šarišské Bohdanovce,sarisske_bohdanovce,sa,43.54,57.14,86.54
europe_lau,Šarišské Dravce,sarisske_dravce,sa,31.38,55.67,93.71
europe_lau,Šarišské Michaľany,sarisske_michalany,sa,57.44,69.23,34.34
europe_lau,Šarišské Sokolovce,sarisske_sokolovce,sa,22.94,62.54,85.51
europe_lau,Sandviken,sandviken,sa,34.21,49.44,95.93
europe_lau,Šalovci,salovci,sa,39.42,52.14,66.73
europe_lau,Šamorín,samorin,sa,55.68,66.03,57.18
europe_lau,Sasinkovo,sasinkovo,sa,45.31,62.12,89.54
europe_lau,Săgeata,sageata,sa,58.02,76.98,37.23
europe_lau,Săhăteni,sahateni,sa,41.17,59.11,36.62
europe_lau,Săpoca,sapoca,sa,56.18,58.89,48.54
europe_lau,Săruleşti,sarulesti,sa,55.95,71.37,77.59
europe_lau,Sanniki,sanniki,sa,46.66,56.03,33.85
europe_lau,Sâncel,sancel,sa,38.46,59.41,87.98
europe_lau,Sântimbru,santimbru,sa,53.59,59.31,70.17
europe_lau,Sadova,sadova,sa,50.86,60.83,62.12
europe_lau,Sălcuţa,salcuta,sa,56.6,65.45,81
europe_lau,Santovka,santovka,sa,24.69,52.48,-29.73
europe_lau,Sazdice,sazdice,sa,48.56,67.29,44.03
europe_lau,Šahy,sahy,sa,34.76,55.97,-3.07
europe_lau,Šalov,salov,sa,58.29,71.73,80.59
europe_lau,Šarovce,sarovce,sa,52.44,61.68,37.37
europe_lau,Sascut,sascut,sa,34.21,49.49,1.88
europe_lau,Sănduleni,sanduleni,sa,38.76,61.18,20.22
europe_lau,Săuceşti,saucesti,sa,33.83,55.99,94.65
europe_lau,Sărata,sarata,sa,36.48,61.66,-33.45
europe_lau,Sânmartin,sanmartin,sa,59.8,63.77,68.5
europe_lau,Sântandrei,santandrei,sa,64.9,70.24,56.78
europe_lau,Sâniob,saniob,sa,56.23,59.06,61.41
europe_lau,Säffle,saffle,sa,38.45,58.33,72.62
europe_lau,Sala,sala,sa,55.81,64.26,72.53
europe_lau,Säter,sater,sa,20.97,43.48,39.09
europe_lau,Sacu,sacu,sa,36.54,56.92,8.6
europe_lau,Sasca Montană,sasca_montana,sa,39.77,53.65,39.78
europe_lau,Sănduleşti,sandulesti,sa,43.42,68.46,45.86
europe_lau,Šaplava,saplava,sa,55.37,64.35,83.07
europe_lau,São Félix da Marinha,sao_felix_da_marinha,sa,61.98,75.5,47.34
europe_lau,Sadowie,sadowie,sa,34.1,65.35,-12.98
europe_lau,Sandomierz,sandomierz,sa,46.64,62.75,80.25
europe_lau,Samborzec,samborzec,sa,45.49,57.75,15.67
europe_lau,Salzedas,salzedas,sa,43.08,65.84,20.71
europe_lau,São João de Tarouca,sao_joao_de_tarouca,sa,50.89,62.85,87.43
europe_lau,Santiago de Besteiros,santiago_de_besteiros,sa,49.07,64.04,14.73
europe_lau,São João da Serra,sao_joao_da_serra,sa,40.93,69.6,64.3
europe_lau,São Vicente de Lafões,sao_vicente_de_lafoes,sa,37.02,59.73,62.78
europe_lau,São Cipriano,sao_cipriano,sa,55.79,79.47,58.47
europe_lau,São João de Fontoura,sao_joao_de_fontoura,sa,43.49,57.28,82.91
europe_lau,São Martinho de Mouros,sao_martinho_de_mouros,sa,55.16,68.55,71.89
europe_lau,São Joaninho,sao_joaninho,sa,41.29,53.97,43.07
europe_lau,São João de Areias,sao_joao_de_areias,sa,39.3,62.75,87.87
europe_lau,São Félix,sao_felix,sa,52.86,71.02,43
europe_lau,São Miguel de Vila Boa,sao_miguel_de_vila_boa,sa,44.03,60.81,55.12
europe_lau,São Miguel de Poiares,sao_miguel_de_poiares,sa,44.35,68.88,91.21
europe_lau,Santiago Maior,santiago_maior,sa,45.45,58.86,43.25
europe_lau,São Gens,sao_gens,sa,42.41,49.82,22.78
europe_lau,Santa Comba,santa_comba,sa,43.35,66.95,69.81
europe_lau,São Martinho do Porto,sao_martinho_do_porto,sa,45.17,69.68,69.4
europe_lau,Santiago da Guarda,santiago_da_guarda,sa,59.18,67.17,69.92
europe_lau,São Mamede,sao_mamede,sa,28.76,71.34,93.18
europe_lau,Santok,santok,sa,42.32,59.53,-2.62
europe_lau,Sadova,sadova,sa,45.08,70.23,53.61
europe_lau,Satu Mare,satu_mare,sa,50.36,65.75,63.11
europe_lau,Saru Dornei,saru_dornei,sa,40.68,72.29,76.57
europe_lau,São Pedro da Torre,sao_pedro_da_torre,sa,51.99,69.82,84.93
europe_lau,São Romão de Neiva,sao_romao_de_neiva,sa,51.72,72.77,58.96
europe_lau,Santa Marta de Portuzelo,santa_marta_de_portuzelo,sa,25.71,49.25,92.49
europe_lau,São Domingos de Ana Loura,sao_domingos_de_ana_loura,sa,56.88,63.09,60.69
europe_lau,São Bento do Mato,sao_bento_do_mato,sa,46.42,56.97,76.78
europe_lau,São Miguel de Machede,sao_miguel_de_machede,sa,50.24,58.47,36.82
europe_lau,Santiago do Escoural,santiago_do_escoural,sa,61.28,61.77,52.98
europe_lau,São Cristóvão,sao_cristovao,sa,46.2,65.4,91.6
europe_lau,Santana,santana,sa,57.33,64.27,41.79
europe_lau,Sarasău,sarasau,sa,28.08,45.38,62.63
europe_lau,Samugheo,samugheo,sa,60.24,65.15,56.26
europe_lau,San Nicolò d'Arcidano,san_nicolo_d_arcidano,sa,44.23,70.25,51.78
europe_lau,Santa Giusta,santa_giusta,sa,23.69,46.2,-9.59
europe_lau,Santu Lussurgiu,santu_lussurgiu,sa,38.22,52.25,20.71
europe_lau,San Vero Milis,san_vero_milis,sa,42.35,62.98,17
europe_lau,Sagama,sagama,sa,50.16,73.91,-3.8
europe_lau,Sapardos,sapardos,sa,59.25,66.19,69.62
europe_lau,Sanfins do Douro,sanfins_do_douro,sa,55.71,67.61,26.68
europe_lau,Santa Eugénia,santa_eugenia,sa,63.69,70.91,48.69
europe_lau,São Mamede de Ribatua,sao_mamede_de_ribatua,sa,48.2,62.34,76.48
europe_lau,Saldanha,saldanha,sa,67.19,71.32,54.21
europe_lau,São Martinho do Peso,sao_martinho_do_peso,sa,60.09,66.76,36.49
europe_lau,Samões,samoes,sa,50.65,75.89,73.63
europe_lau,Sampaio,sampaio,sa,41.64,53.46,30.81
europe_lau,Santa Comba de Vilariça,santa_comba_de_vilarica,sa,45.21,68.81,-23.29
europe_lau,Santulhão,santulhao,sa,62.87,66.57,45.08
europe_lau,Satulung,satulung,sa,54,65.24,56.84
europe_lau,Săcălăşeni,sacalaseni,sa,50.65,59.98,23.37
europe_lau,Săcel,sacel,sa,39.65,64.81,31.62
europe_lau,Sălsig,salsig,sa,42.92,57.28,68.32
europe_lau,Săpânţa,sapanta,sa,54.39,65.93,72.53
europe_lau,Sarichioi,sarichioi,sa,44.41,54.2,64.93
europe_lau,Salas novads,salas_novads,sa,48.35,69.05,92.85
europe_lau,Salacgrīvas novads,salacgrivas_novads,sa,20.61,53.14,75.74
europe_lau,Salaspils novads,salaspils_novads,sa,40.01,56.45,-17.45
europe_lau,Saulkrastu novads,saulkrastu_novads,sa,17.78,35.12,91.17
europe_lau,Saldus novads,saldus_novads,sa,37.67,44.37,62.46
europe_lau,Sawin,sawin,sa,53.3,55.66,71.9
europe_lau,Santos Evos,santos_evos,sa,52.24,59.06,60.57
europe_lau,São João de Lourosa,sao_joao_de_lourosa,sa,50.66,62.86,45.94
europe_lau,São Pedro de France,sao_pedro_de_france,sa,53.53,65.9,87.63
europe_lau,São Cipriano e Vil de Souto,sao_cipriano_e_vil_de_souto,sa,33.15,56.86,94.51
europe_lau,São Miguel do Mato,sao_miguel_do_mato,sa,44.12,70.52,95.81
europe_lau,Santo António,santo_antonio,sa,39.85,71.31,90.5
europe_lau,São Gonçalo,sao_goncalo,sa,39.8,58.52,92.23
europe_lau,São Martinho,sao_martinho,sa,49.23,69.85,13.98
europe_lau,São Roque,sao_roque,sa,13.31,48.69,67.06
europe_lau,Santo António da Serra,santo_antonio_da_serra,sa,41.82,63.16,-6.72
europe_lau,Santa Cruz,santa_cruz,sa,48.36,63.49,28.99
europe_lau,Santo António da Serra,santo_antonio_da_serra,sa,53.05,73.81,9.74
europe_lau,Santana,santana,sa,36.85,55.5,71.43
europe_lau,São Jorge,sao_jorge,sa,27.07,57.73,85.48
europe_lau,São Roque do Faial,sao_roque_do_faial,sa,22.87,39.7,29.39
europe_lau,São Vicente,sao_vicente,sa,55.33,67.24,38.09
europe_lau,Salreu,salreu,sa,33.84,69.89,19.65
europe_lau,São Paio de Oleiros,sao_paio_de_oleiros,sa,45.46,66.26,72.81
europe_lau,Sanguedo,sanguedo,sa,50.21,65.09,78.63
europe_lau,Santa Maria de Lamas,santa_maria_de_lamas,sa,64.5,83.19,70.95
europe_lau,São João de Ver,sao_joao_de_ver,sa,36.73,55.76,-2.25
europe_lau,São Martinho da Gândara,sao_martinho_da_gandara,sa,75.12,75.06,56.88
europe_lau,São Roque,sao_roque,sa,38.89,73.04,98.46
europe_lau,São João da Madeira,sao_joao_da_madeira,sa,61.14,72.82,75.64
europe_lau,Sapiãos,sapiaos,sa,30.58,39.84,31.68
europe_lau,Sanfins,sanfins,sa,61.63,69.79,44.68
europe_lau,Santa Leocádia,santa_leocadia,sa,57.77,67.69,61.16
europe_lau,Santo António de Monforte,santo_antonio_de_monforte,sa,41.76,62.56,87.16
europe_lau,Santo Estêvão,santo_estevao,sa,51.08,74.72,-14.97
europe_lau,São Pedro de Agostém,sao_pedro_de_agostem,sa,63.95,74.31,75.77
europe_lau,São Vicente,sao_vicente,sa,40.04,47.77,72.26
europe_lau,Santa Maria Maior,santa_maria_maior,sa,36.09,58.43,89.91
europe_lau,Santa Bárbara de Nexe,santa_barbara_de_nexe,sa,61.4,71.66,47.58
europe_lau,São Gonçalo de Lagos,sao_goncalo_de_lagos,sa,52.75,61.14,65.43
europe_lau,Salir,salir,sa,49.98,63.36,15.74
europe_lau,São Brás de Alportel,sao_bras_de_alportel,sa,54.45,65.08,57.42
europe_lau,São Bartolomeu de Messines,sao_bartolomeu_de_messines,sa,64.99,64.47,63.51
europe_lau,São Marcos da Serra,sao_marcos_da_serra,sa,53.88,65.13,37.18
europe_lau,Santa Catarina da Fonte do Bispo,santa_catarina_da_fonte_do_bispo,sa,50.28,68.05,74.18
europe_lau,Santa Luzia,santa_luzia,sa,50.7,79.05,40.98
europe_lau,Sagres,sagres,sa,54.85,64.18,53.36
europe_lau,Santa Croce Camerina,santa_croce_camerina,sa,48.25,67.18,39.35
europe_lau,Sagliano Micca,sagliano_micca,sa,30.25,42.43,92.21
europe_lau,Sala Biellese,sala_biellese,sa,34.35,72.11,-24.87
europe_lau,Salussola,salussola,sa,36.55,56.72,-6.74
europe_lau,Sandigliano,sandigliano,sa,73.15,72,57.45
europe_lau,São Cristóvão de Mondim de Basto,sao_cristovao_de_mondim_de_basto,sa,46.53,57.85,73.73
europe_lau,Salto,salto,sa,56.86,59.16,36.16
europe_lau,Santo André,santo_andre,sa,51.23,68.34,54.04
europe_lau,Sarraquinhos,sarraquinhos,sa,57.62,70.52,33.89
europe_lau,Santalha,santalha,sa,37.4,62.97,87.8
europe_lau,Salgueiro do Campo,salgueiro_do_campo,sa,59.1,67.94,77.12
europe_lau,Santo André das Tojeiras,santo_andre_das_tojeiras,sa,67.31,77.23,72.28
europe_lau,São Vicente da Beira,sao_vicente_da_beira,sa,44.66,56.77,76.41
europe_lau,Sarzedas,sarzedas,sa,42.89,47.17,48.08
europe_lau,São Jorge da Beira,sao_jorge_da_beira,sa,53.83,65.89,38.44
europe_lau,Salcia,salcia,sa,54.68,70.6,39.05
europe_lau,Sâncraiu de Mureş,sancraiu_de_mures,sa,42.94,57.61,87.57
europe_lau,Sângeorgiu de Mureş,sangeorgiu_de_mures,sa,34.56,46.01,-2.46
europe_lau,Sântana de Mureş,santana_de_mures,sa,35.06,64.47,95.57
europe_lau,Sălătrucel,salatrucel,sa,31.4,65.44,98.17
europe_lau,Santa Bárbara,santa_barbara,sa,50.91,65.63,91.58
europe_lau,Santo Espírito,santo_espirito,sa,58.2,68.57,42.84
europe_lau,São Pedro,sao_pedro,sa,55.34,63.47,54.89
europe_lau,Salga,salga,sa,15.17,42.67,93.15
europe_lau,Santana,santana,sa,17.57,58.01,83.6
europe_lau,Santo António de Nordestinho,santo_antonio_de_nordestinho,sa,35.82,78.86,92.63
europe_lau,São Pedro de Nordestinho,sao_pedro_de_nordestinho,sa,31.76,67.91,92.09
europe_lau,Santa Bárbara,santa_barbara,sa,34.68,66.12,57.65
europe_lau,Santo António,santo_antonio,sa,37.64,70.81,36.85
europe_lau,São Vicente Ferreira,sao_vicente_ferreira,sa,53.33,68.11,64.85
europe_lau,Santa Clara,santa_clara,sa,44.48,70.49,47.78
europe_lau,Santa Bárbara,santa_barbara,sa,36.63,48.27,20.8
europe_lau,São Brás,sao_bras,sa,38.01,62.04,99.75
europe_lau,Santo André de Vagos,santo_andre_de_vagos,sa,38.09,53.55,-5.74
europe_lau,São Pedro de Castelões,sao_pedro_de_casteloes,sa,53.54,57.51,57.22
europe_lau,São João de Negrilhos,sao_joao_de_negrilhos,sa,57.21,73.51,17.82
europe_lau,Santa Cruz,santa_cruz,sa,27.96,44.55,79.29
europe_lau,São Barnabé,sao_barnabe,sa,36.51,66.09,-16.71
europe_lau,Santa Clara de Louredo,santa_clara_de_louredo,sa,52.9,60.88,26.77
europe_lau,São Matias,sao_matias,sa,48.68,54.38,55.39
europe_lau,Santa Bárbara de Padrões,santa_barbara_de_padroes,sa,46.17,57.68,87.74
europe_lau,São Marcos da Ataboeira,sao_marcos_da_ataboeira,sa,35.4,55.14,98.59
europe_lau,Santana de Cambas,santana_de_cambas,sa,33.73,55.36,95.79
europe_lau,São João dos Caldeireiros,sao_joao_dos_caldeireiros,sa,52.65,57.94,42.76
europe_lau,Salcia,salcia,sa,44.9,59.96,83.07
europe_lau,Săceni,saceni,sa,50.96,67.67,74.53
europe_lau,Sârbeni,sarbeni,sa,61.06,72.99,35.15
europe_lau,Saelele,saelele,sa,30.05,62.12,80.89
europe_lau,Sabóia,saboia,sa,42.18,63.86,89.96
europe_lau,São Luís,sao_luis,sa,65.92,69.39,57.55
europe_lau,São Pedro de Rio Seco,sao_pedro_de_rio_seco,sa,72.6,78.06,45.54
europe_lau,São Paio,sao_paio,sa,24.59,44.78,62.33
europe_lau,Santa Teresa Gallura,santa_teresa_gallura,sa,47.7,70.25,36.8
europe_lau,Sassari,sassari,sa,38.2,58.78,-21.19
europe_lau,Sant'Antonio di Gallura,sant_antonio_di_gallura,sa,59.19,64.3,36.3
europe_lau,Santa Maria Coghinas,santa_maria_coghinas,sa,42.83,68.12,81.32
europe_lau,San Teodoro,san_teodoro,sa,35.3,50.72,84.71
europe_lau,Santa Maria Hoè,santa_maria_hoe,sa,31.55,46.19,39.52
europe_lau,Sadov,sadov,sa,33.04,43.84,4.44
europe_lau,Santa Marinha,santa_marinha,sa,34.67,56.85,60.27
europe_lau,Sabrosa,sabrosa,sa,60.34,71.94,62.36
europe_lau,São Lourenço de Ribapinhão,sao_lourenco_de_ribapinhao,sa,56.98,70.01,63.69
europe_lau,Santa Maria de Emeres,santa_maria_de_emeres,sa,53.46,71.52,76.68
europe_lau,Santa Valha,santa_valha,sa,47.63,61.64,56.99
europe_lau,Santiago da Ribeira de Alhariz,santiago_da_ribeira_de_alhariz,sa,41.11,58.54,7.79
europe_lau,São João da Corveira,sao_joao_da_corveira,sa,61.55,79.94,47.46
europe_lau,São Pedro de Veiga de Lila,sao_pedro_de_veiga_de_lila,sa,52.33,62.26,49.1
europe_lau,São Miguel de Acha,sao_miguel_de_acha,sa,57.23,66.67,63.82
europe_lau,Sarnadas de São Simão,sarnadas_de_sao_simao,sa,50.15,57.86,82.62
europe_lau,Salvador,salvador,sa,54.06,82.21,31.17
europe_lau,Săvârşin,savarsin,sa,39.07,57.83,98.36
europe_lau,Saschiz,saschiz,sa,58.36,71.47,58.35
europe_lau,Sânger,sanger,sa,42.98,64.86,17.83
europe_lau,Sânpaul,sanpaul,sa,55.71,71.4,80.56
europe_lau,Sânpetru de Câmpie,sanpetru_de_campie,sa,52.04,63.3,70.54
europe_lau,Şăulia,saulia,sa,67.15,72.73,39.65
europe_lau,Santa Marinha do Zêzere,santa_marinha_do_zezere,sa,42.74,60.22,94.05
europe_lau,Santa Luċija,santa_lucija,sa,45.48,66.31,-2.45
europe_lau,San Ġiljan,san_giljan,sa,38.95,67.74,90.44
europe_lau,Santa Venera,santa_venera,sa,62.48,87.8,52.26
europe_lau,Sandnes,sandnes,sa,27.68,62.94,28.42
europe_lau,Sauda,sauda,sa,45.25,65.63,64.15
europe_lau,Sande,sande,sa,42.26,56.97,43.47
europe_lau,Santo Quintino,santo_quintino,sa,45.8,58.55,39.75
europe_lau,Sapataria,sapataria,sa,37.18,46.46,27.69
europe_lau,São Pedro da Cadeira,sao_pedro_da_cadeira,sa,55.16,61.39,34.03
europe_lau,São Pedro do Esteval,sao_pedro_do_esteval,sa,38.17,57.55,86.65
europe_lau,São João do Peso,sao_joao_do_peso,sa,50.66,63.03,43.03
europe_lau,Sarnadas de Ródão,sarnadas_de_rodao,sa,57.19,71.17,66.26
europe_lau,Santa Bárbara,santa_barbara,sa,43.49,66.82,90.56
europe_lau,São Bartolomeu de Regatos,sao_bartolomeu_de_regatos,sa,35.96,51.06,96.49
europe_lau,São Bento,sao_bento,sa,35.08,60.01,93.35
europe_lau,São Mateus da Calheta,sao_mateus_da_calheta,sa,57.46,67.71,33.7
europe_lau,São Brás,sao_bras,sa,42.24,68.4,69.6
europe_lau,São Mateus,sao_mateus,sa,42.3,67.38,52.98
europe_lau,Santa Cruz da Graciosa,santa_cruz_da_graciosa,sa,38.02,66.14,-2.01
europe_lau,Santo Antão,santo_antao,sa,40.85,66.93,31.89
europe_lau,Santo Amaro,santo_amaro,sa,53.85,76.45,38.94
europe_lau,São João,sao_joao,sa,37.98,61.84,45.43
europe_lau,São Caetano,sao_caetano,sa,46.04,55.92,44.28
europe_lau,São Mateus,sao_mateus,sa,29.81,50.15,10.16
europe_lau,Santa Luzia,santa_luzia,sa,34.32,55.74,98
europe_lau,Santo Amaro,santo_amaro,sa,39.61,70.49,-20.49
europe_lau,Santo António,santo_antonio,sa,41.11,62.97,84.2
europe_lau,São Roque do Pico,sao_roque_do_pico,sa,47.5,71.83,21.83
europe_lau,Salão,salao,sa,39.32,57.89,69.77
europe_lau,São Pedro Fins,sao_pedro_fins,sa,47.33,58.85,49.11
europe_lau,São Martinho das Amoreiras,sao_martinho_das_amoreiras,sa,44.95,60.01,80.8
europe_lau,Santa Clara-a-Velha,santa_clara_a_velha,sa,35.36,66.63,90.54
europe_lau,São Salvador e Santa Maria,sao_salvador_e_santa_maria,sa,49.32,54.13,57.14
europe_lau,São Teotónio,sao_teotonio,sa,42.68,57.98,79.76
europe_lau,Santana da Serra,santana_da_serra,sa,63.96,65.21,66.7
europe_lau,San Pawl Il-Baħar,san_pawl_il_bahar,sa,46.18,51.77,63.4
europe_lau,"Santa Maria, São Pedro e Matacães",santa_maria_sao_pedro_e_matacaes,sa,49.03,62.88,21.46
europe_lau,São João Baptista,sao_joao_baptista,sa,44.18,53.68,49.63
europe_lau,Santa Maria da Devesa,santa_maria_da_devesa,sa,34.39,46.42,86.54
europe_lau,Santiago Maior,santiago_maior,sa,53.47,74.19,72.26
europe_lau,Sacoşu Turcesc,sacosu_turcesc,sa,55.29,59.49,48.9
europe_lau,Satchinez,satchinez,sa,51.24,53.27,62.36
europe_lau,Săcălaz,sacalaz,sa,48.45,59.57,7.46
europe_lau,Sânandrei,sanandrei,sa,46.23,61.84,74.58
europe_lau,Sânmihaiu Român,sanmihaiu_roman,sa,54.95,68.45,24.49
europe_lau,Sânpetru Mare,sanpetru_mare,sa,28.55,44.07,91.57
europe_lau,Şag,sag,sa,58.67,71.09,41.91
europe_lau,Saravale,saravale,sa,41.41,67.57,89.97
europe_lau,Şandra,sandra,sa,62.28,67.02,55.83
europe_lau,Sabroso de Aguiar,sabroso_de_aguiar,sa,44.14,72.52,82.34
europe_lau,Santana da Azinha,santana_da_azinha,sa,38.16,57.26,85.61
europe_lau,Sameiro,sameiro,sa,55.95,72.25,77.68
europe_lau,Sarule,sarule,sa,29.61,60.49,-100.46
europe_lau,Sălăţig,salatig,sa,33.03,57.9,-33.49
europe_lau,Sâg,sag,sa,45.18,61.65,86.61
europe_lau,Sânmihaiu Almaşului,sanmihaiu_almasului,sa,41.84,60,-17.58
europe_lau,Şamşud,samsud,sa,37.79,58.77,98.61
europe_lau,Şărmăşag,sarmasag,sa,37.33,44.11,56.49
europe_lau,Sabadim,sabadim,sa,49.35,68.35,6.31
europe_lau,São Paio,sao_paio,sa,31.7,67.15,22.92
europe_lau,Santa Cruz,santa_cruz,sa,23.06,50.91,87.17
europe_lau,São Cosmado,sao_cosmado,sa,41.64,77.76,92.82
europe_lau,São Martinho das Chãs,sao_martinho_das_chas,sa,26.24,50.96,89.28
europe_lau,São Joaninho,sao_joaninho,sa,52.25,73.6,65.33
europe_lau,São Martinho da Cortiça,sao_martinho_da_cortica,sa,40.66,55.67,23.65
europe_lau,Sarzedo,sarzedo,sa,52.51,65.35,71.75
europe_lau,São Caetano,sao_caetano,sa,60.61,76.35,53.52
europe_lau,Sanguinheira,sanguinheira,sa,43.04,59.41,66.73
europe_lau,Santo António dos Olivais,santo_antonio_dos_olivais,sa,49.38,66.49,85.94
europe_lau,São João do Campo,sao_joao_do_campo,sa,53.9,63.81,41.48
europe_lau,São Silvestre,sao_silvestre,sa,44.66,65.3,76.2
europe_lau,Sărăţeni,sarateni,sa,59.86,70.16,44.94
europe_lau,Săvineşti,savinesti,sa,37.18,61,57.96
europe_lau,Şagu,sagu,sa,41.99,69.84,27.99
europe_lau,Santo Isidoro e Livração,santo_isidoro_e_livracao,sa,57.56,66.6,71.46
europe_lau,Sande e São Lourenço do Douro,sande_e_sao_lourenco_do_douro,sa,38.57,63.42,45.64
europe_lau,Sarroch,sarroch,sa,35.66,51.44,33.87
europe_lau,Sacile,sacile,sa,52.22,58.76,68.17
europe_lau,San Giorgio della Richinvelda,san_giorgio_della_richinvelda,sa,50.19,57.75,41.23
europe_lau,San Martino al Tagliamento,san_martino_al_tagliamento,sa,48,77.77,15.57
europe_lau,San Quirino,san_quirino,sa,43.64,63.12,74.36
europe_lau,San Lawrenz,san_lawrenz,sa,44.51,67.47,95.13
europe_lau,Santa Eulália,santa_eulalia,sa,56.07,77.91,27.2
europe_lau,Sambade,sambade,sa,42.52,69.06,70.63
europe_lau,Salsas,salsas,sa,42.67,66.67,-41.25
europe_lau,Samil,samil,sa,43.86,72.98,-18.88
europe_lau,Santa Comba de Rossas,santa_comba_de_rossas,sa,57.82,69.28,37.58
europe_lau,São Pedro de Sarracenos,sao_pedro_de_sarracenos,sa,61.65,80.85,30.28
europe_lau,São João Baptista,sao_joao_baptista,sa,38.53,45.12,65.06
europe_lau,Santa Eulália,santa_eulalia,sa,49.5,72.58,25.84
europe_lau,São Brás e São Lourenço,sao_bras_e_sao_lourenco,sa,47.44,61.86,86.47
europe_lau,São Vicente e Ventosa,sao_vicente_e_ventosa,sa,47.97,53.67,62.39
europe_lau,São Saturnino,sao_saturnino,sa,40.36,52.93,64.03
europe_lau,São Pedro,sao_pedro,sa,41.19,62.91,75.02
europe_lau,Santa Cruz das Flores,santa_cruz_das_flores,sa,39.85,63.15,-11.95
europe_lau,Sanfins Lamoso Codessos,sanfins_lamoso_codessos,sa,44.27,62.53,-16.54
europe_lau,Sadkowice,sadkowice,sa,57.13,77.37,23.12
europe_lau,Santa Maria de Marvão,santa_maria_de_marvao,sa,18.04,35.17,64.9
europe_lau,Santo António das Areias,santo_antonio_das_areias,sa,46.91,65.31,68.8
europe_lau,São Salvador da Aramenha,sao_salvador_da_aramenha,sa,49.56,66.56,59.6
europe_lau,Santo Aleixo,santo_aleixo,sa,45.14,55.42,73.87
europe_lau,Santana,santana,sa,50.04,61.45,88.63
europe_lau,São Matias,sao_matias,sa,63.14,65.59,36.95
europe_lau,Santo Amaro,santo_amaro,sa,61.52,70.45,29.42
europe_lau,Salvador do Monte,salvador_do_monte,sa,58.5,65.72,44.14
europe_lau,Santiago de Piães,santiago_de_piaes,sa,39.33,66.41,92.57
europe_lau,São Cristóvão de Nogueira,sao_cristovao_de_nogueira,sa,34.73,56.03,95.71
europe_lau,Sabugueiro,sabugueiro,sa,57.13,72.47,79.14
europe_lau,Sandomil,sandomil,sa,57.94,69.38,28.55
europe_lau,Santa Comba,santa_comba,sa,45.67,70.98,28.28
europe_lau,Santiago,santiago,sa,56.21,77.63,71.62
europe_lau,Sazes da Beira,sazes_da_beira,sa,58.48,70.48,34.54
europe_lau,Sankt Andrä-Wördern,sankt_andra_wordern,sa,39.24,49.29,85.73
europe_lau,San Vito al Tagliamento,san_vito_al_tagliamento,sa,49.04,60.35,33.18
europe_lau,Sadu,sadu,sa,22.71,48.72,70.88
europe_lau,Sampriz,sampriz,sa,42.26,57.42,86.74
europe_lau,São Pedro d'Arcos,sao_pedro_d_arcos,sa,46.66,55.71,65.84
europe_lau,Samodães,samodaes,sa,47.29,73.32,68.88
europe_lau,Sande,sande,sa,51.23,72.69,53.39
europe_lau,São João da Fresta,sao_joao_da_fresta,sa,57.59,71.09,40.55
europe_lau,Sarzedo,sarzedo,sa,47,60.05,83.71
europe_lau,Santo Varão,santo_varao,sa,33.91,50.71,-1.24
europe_lau,São Gião,sao_giao,sa,66.83,69.87,48.44
europe_lau,Sagna,sagna,sa,40.57,51.71,39.18
europe_lau,Săbăoani,sabaoani,sa,45.81,73.31,81.69
europe_lau,San Pietro Avellana,san_pietro_avellana,sa,62.12,67.74,64.95
europe_lau,Sant'Agapito,sant_agapito,sa,50.1,65.08,91.13
europe_lau,Santa Maria del Molise,santa_maria_del_molise,sa,28.17,40.82,87.92
europe_lau,Sant'Angelo del Pesco,sant_angelo_del_pesco,sa,45.85,55.81,63.6
europe_lau,Sant'Elena Sannita,sant_elena_sannita,sa,47.5,54.75,74.93
europe_lau,Sá,sa,sa,42.28,63.64,34.71
europe_lau,Santa Comba,santa_comba,sa,48.1,71.14,58.73
europe_lau,Santa Cruz do Lima,santa_cruz_do_lima,sa,55.63,66.24,76.52
europe_lau,Salselas,salselas,sa,37.16,64.26,99.73
europe_lau,São Martinho de Angueira,sao_martinho_de_angueira,sa,59.04,76.66,89.22
europe_lau,São Pedro Velho,sao_pedro_velho,sa,57.31,78.81,74.65
europe_lau,São Salvador,sao_salvador,sa,57.4,63.38,53.72
europe_lau,Sátão,satao,sa,49.74,65.76,89.9
europe_lau,Sazes do Lorvão,sazes_do_lorvao,sa,35.6,63.18,70.06
europe_lau,Samuel,samuel,sa,39.43,55.87,62.54
europe_lau,São João da Boa Vista,sao_joao_da_boa_vista,sa,61.6,65.61,40.78
europe_lau,Săruleşti,sarulesti,sa,35.48,51.91,43.97
europe_lau,Saliceto,saliceto,sa,43.92,63.91,71.89
europe_lau,Сарај,saraj,sa,49.52,56.6,81.24
europe_lau,San Ġwann,san_gwann,sa,53.75,74.35,3.49
europe_lau,Sankt Sebastian,sankt_sebastian,sa,32.49,59.86,69.43
europe_lau,Sankt Englmar,sankt_englmar,sa,36.82,58.41,78.39
europe_lau,Sabadell,sabadell,sa,44.28,58.54,63.43
europe_lau,Sant Vicenç de Torelló,sant_vicenc_de_torello,sa,36.74,55.29,38.9
europe_lau,Сатовча,satovca,sa,44.91,60.27,95.83
europe_lau,Шабла,sabla,sa,44.36,69.32,99.56
europe_lau,Saint-André-le-Bouchoux,saint_andre_le_bouchoux,sa,40.51,54.76,60.81
europe_lau,Saint-Julien-sur-Reyssouze,saint_julien_sur_reyssouze,sa,52.73,63.03,86.73
europe_lau,Samedan,samedan,sa,47.56,72.15,98.42
europe_lau,Saint-Barthélemy (VD),saint_barthelemy_vd,sa,56.43,73.36,35.76
europe_lau,Saint-Quentin-la-Tour,saint_quentin_la_tour,sa,43.89,58.42,55.67
europe_lau,Saint-Martin-sur-Lavezon,saint_martin_sur_lavezon,sa,45.5,67.88,40.19
europe_lau,San Vittore,san_vittore,sa,21.28,42,95.42
europe_lau,Savas,savas,sa,40.03,53.83,25.74
europe_lau,Saicourt,saicourt,sa,51.13,64.6,35.41
europe_lau,Saint-Paul-de-Vence,saint_paul_de_vence,sa,47.61,70.38,66.98
europe_lau,Saint-Prix,saint_prix,sa,54.38,70.09,42.75
europe_lau,Saint-Michel-de-Chaillol,saint_michel_de_chaillol,sa,53.77,70.22,82.75
europe_lau,Salenstein,salenstein,sa,57.3,71.37,71.63
europe_lau,Saint-Jean-aux-Bois,saint_jean_aux_bois,sa,70.32,73.75,59.69
europe_lau,Saint-Eugène,saint_eugene,sa,47.1,73.93,-37.81
europe_lau,Santo-Pietro-di-Venaco,santo_pietro_di_venaco,sa,13.31,41.86,-206.02
europe_lau,Santa-Maria-Figaniella,santa_maria_figaniella,sa,37.21,64.63,80.95
europe_lau,San Marco la Catola,san_marco_la_catola,sa,57.18,70.43,51.68
europe_lau,Santo Stefano di Cadore,santo_stefano_di_cadore,sa,27.82,54.3,50.35
europe_lau,San Pietro Vernotico,san_pietro_vernotico,sa,46.75,54.42,63.28
europe_lau,San Gregorio da Sassola,san_gregorio_da_sassola,sa,39.99,71.51,18.59
europe_lau,San Mango sul Calore,san_mango_sul_calore,sa,50.93,63.33,33.57
europe_lau,San Lorenzo,san_lorenzo,sa,16.19,42.73,80.44
europe_lau,Santa Marina Salina,santa_marina_salina,sa,45.46,72.8,97.45
europe_lau,San Martino Buon Albergo,san_martino_buon_albergo,sa,38.04,50.99,93.5
europe_lau,Sáregres,saregres,sa,39.89,72.14,90.19
europe_lau,Sant'Andrea Apostolo dello Ionio,sant_andrea_apostolo_dello_ionio,sa,21.13,44.41,13.92
europe_lau,Sant'Agata Fossili,sant_agata_fossili,sa,56.33,64.07,44.01
europe_lau,San Secondo di Pinerolo,san_secondo_di_pinerolo,sa,39.55,54.37,46.73
