{
"type": "FeatureCollection",
"name": "sattledt",
"crs": { "type": "name", "properties": { "name": "urn:ogc:def:crs:OGC:1.3:CRS84" } },
"features": [
{ "type": "Feature", "properties": { "name": "Sattledt", "feature_type": "entity", "metric_roundness": 65.46, "metric_rectangularity": 75.25, "metric_mobile_fit": 43.64, "metric_aspect_ratio": 1.126, "metric_area_km2": 49.61 }, "geometry": { "type": "Polygon", "coordinates": [ [ [ 14.054356023370364, 48.056284239353047 ], [ 14.054132123995714, 48.056308573773876 ], [ 14.053826355331436, 48.056341783718615 ], [ 14.05368244856721, 48.05635743291311 ], [ 14.053513216247081, 48.056375758394417 ], [ 14.053296686122366, 48.056399325662483 ], [ 14.053306785368047, 48.055741981489412 ], [ 14.053306876008211, 48.055738832164515 ], [ 14.053306998820862, 48.055728305541201 ], [ 14.053310870636233, 48.055474581249548 ], [ 14.053311652458738, 48.055424376129913 ], [ 14.05331682979614, 48.055090395243404 ], [ 14.053293815655168, 48.055085500270138 ], [ 14.053286279283331, 48.055083927748662 ], [ 14.053190184985255, 48.055063473250733 ], [ 14.053104724412345, 48.055045381642636 ], [ 14.053074173952272, 48.055038914091888 ], [ 14.053014759043606, 48.05503145633368 ], [ 14.052994595026155, 48.055028882673632 ], [ 14.052924426001599, 48.055020052248949 ], [ 14.052871059093874, 48.055013276562171 ], [ 14.052624196329027, 48.055016609064964 ], [ 14.052367538533057, 48.055020001844809 ], [ 14.052035240272387, 48.055026472376042 ], [ 14.051946833045919, 48.0550281904166 ], [ 14.05127984149429, 48.055071820890177 ], [ 14.051016932506782, 48.055089014007677 ], [ 14.050875103305385, 48.055099428919959 ], [ 14.050814371359582, 48.055103493663758 ], [ 14.050780048982052, 48.055105685475816 ], [ 14.050374448955994, 48.055109726365821 ], [ 14.050120998450602, 48.055112194666812 ], [ 14.049101277520291, 48.055160063957977 ], [ 14.048562730563905, 48.055186241552398 ], [ 14.048541408529521, 48.055187272852301 ], [ 14.04849366937942, 48.055189636791482 ], [ 14.048361714257027, 48.055196029217946 ], [ 14.04830083299991, 48.055199013989366 ], [ 14.048270257572492, 48.055200462212788 ], [ 14.048158954787624, 48.055205917256302 ], [ 14.047662890398755, 48.055247662253137 ], [ 14.047589036896632, 48.055253875407388 ], [ 14.047246315562354, 48.055283247464921 ], [ 14.047094858731411, 48.05529623608772 ], [ 14.047039503281894, 48.055300985436531 ], [ 14.046968867457403, 48.055306998439711 ], [ 14.046591967987382, 48.05533936802096 ], [ 14.046437396495929, 48.055360111912762 ], [ 14.046043868046292, 48.055412914065911 ], [ 14.045968776986415, 48.055426780785695 ], [ 14.045684074409113, 48.05547945192437 ], [ 14.045675106546128, 48.055481126436099 ], [ 14.045591118799889, 48.055501884926258 ], [ 14.04556557421172, 48.055508159585003 ], [ 14.045399737968655, 48.055549123405896 ], [ 14.045191104191131, 48.055600605964422 ], [ 14.044630936775265, 48.05573413582448 ], [ 14.044557237061273, 48.05575168162467 ], [ 14.044538243702879, 48.055756206504192 ], [ 14.044217495620451, 48.055832576061214 ], [ 14.044183815700988, 48.055734451536338 ], [ 14.044078163351861, 48.055426521547204 ], [ 14.044027293511027, 48.055278212269513 ], [ 14.044018212097239, 48.055251908380797 ], [ 14.043753177415457, 48.05524138896714 ], [ 14.043677990656773, 48.05523843142165 ], [ 14.04341672114689, 48.055267832398364 ], [ 14.043381897213022, 48.055272634062696 ], [ 14.043143749068861, 48.055305041445166 ], [ 14.043130999615133, 48.05530493964249 ], [ 14.043076783958387, 48.055304732063462 ], [ 14.043054525557999, 48.055365054707693 ], [ 14.042858379657961, 48.055377861769095 ], [ 14.042824190944296, 48.055380050403024 ], [ 14.04266802292535, 48.055372370250524 ], [ 14.042541043499824, 48.055320518533009 ], [ 14.042470580011848, 48.055240701590364 ], [ 14.042396799029042, 48.055163603847411 ], [ 14.042216293809719, 48.054974883528267 ], [ 14.042043794956234, 48.055009495842647 ], [ 14.041504652653332, 48.055080806456587 ], [ 14.041298195652505, 48.055105009450003 ], [ 14.041179569297004, 48.055094938689734 ], [ 14.041165059679594, 48.055093677888806 ], [ 14.04109943262808, 48.055083193200602 ], [ 14.04105074998748, 48.055075393848597 ], [ 14.040932138110067, 48.055056506225867 ], [ 14.040592166085428, 48.054982202693289 ], [ 14.040442771380697, 48.054949468061857 ], [ 14.040422581138426, 48.054944913159552 ], [ 14.040395527050059, 48.054938870755741 ], [ 14.040371567614384, 48.05493343920741 ], [ 14.04037651347142, 48.054912267359761 ], [ 14.040441503131424, 48.054628842300389 ], [ 14.040412594207247, 48.054407166280804 ], [ 14.04037660472782, 48.054306355814198 ], [ 14.040278953324639, 48.054032380119743 ], [ 14.040045173351508, 48.053723968870031 ], [ 14.039789350054255, 48.053541192115055 ], [ 14.039736495078186, 48.053542234189216 ], [ 14.0396474604569, 48.053527213284092 ], [ 14.039606035888582, 48.053520178752748 ], [ 14.039549792312735, 48.053498930198828 ], [ 14.039352150950604, 48.053400994145527 ], [ 14.039066174049413, 48.053012830609809 ], [ 14.038991976675437, 48.052953906066634 ], [ 14.038900009001752, 48.052880785362341 ], [ 14.038610896400511, 48.052755966024392 ], [ 14.038538795832206, 48.052752716480462 ], [ 14.038292398771169, 48.052958166014115 ], [ 14.037850815462743, 48.053326288700625 ], [ 14.037528169018806, 48.053708350806744 ], [ 14.037433565750224, 48.053747880550993 ], [ 14.036234268986719, 48.054249159613796 ], [ 14.036169018633663, 48.054276364973866 ], [ 14.036105713437976, 48.054547092322544 ], [ 14.035780621493842, 48.054391356563258 ], [ 14.035742128693748, 48.054372877384651 ], [ 14.035635836347089, 48.0543219722638 ], [ 14.03516566067618, 48.05431330663059 ], [ 14.035088619098735, 48.054311974122179 ], [ 14.035054929878797, 48.054311368542763 ], [ 14.035049828746009, 48.054311219517395 ], [ 14.035028084874714, 48.054310811456219 ], [ 14.035001106907032, 48.054310345133395 ], [ 14.03496541881414, 48.054290859098998 ], [ 14.034714633139261, 48.054251803970395 ], [ 14.034700395901439, 48.05425081060622 ], [ 14.034518395492023, 48.054237698116921 ], [ 14.034481575741827, 48.054243768692174 ], [ 14.034427620170403, 48.054252821839171 ], [ 14.034180364783374, 48.054316483599862 ], [ 14.034029791676977, 48.054355269601963 ], [ 14.034001821393801, 48.054360836667648 ], [ 14.033970103842083, 48.054367146108767 ], [ 14.033852197983048, 48.054390440318151 ], [ 14.033718370815221, 48.054407263273688 ], [ 14.033696668057615, 48.054409913505197 ], [ 14.033416376434291, 48.054421863885992 ], [ 14.033157035579961, 48.054425140387558 ], [ 14.033041504477477, 48.054425478488625 ], [ 14.032985281959457, 48.054425638175552 ], [ 14.032794742367436, 48.054426159188523 ], [ 14.0324602900965, 48.054441942914202 ], [ 14.032384233748948, 48.054424049205004 ], [ 14.032370771374392, 48.054420801767456 ], [ 14.032005431152239, 48.054334750920383 ], [ 14.031652283844643, 48.05425726200334 ], [ 14.030603697832289, 48.054143566477919 ], [ 14.030607365304114, 48.05411682496635 ], [ 14.030540863812995, 48.054110927765954 ], [ 14.030458106556688, 48.054103598969611 ], [ 14.030407862080345, 48.054099223207828 ], [ 14.030308311180946, 48.054090376010102 ], [ 14.030147499001933, 48.054076139560536 ], [ 14.029947285490286, 48.054055572457983 ], [ 14.029833069864038, 48.054043844222051 ], [ 14.029756351932605, 48.054036568574475 ], [ 14.029692935482453, 48.054030562375296 ], [ 14.029595795189184, 48.054021340216686 ], [ 14.029443947269732, 48.054015145704859 ], [ 14.029300568600382, 48.054020145658306 ], [ 14.028993843899524, 48.054052216272865 ], [ 14.028864596042084, 48.05407035558455 ], [ 14.028759590702938, 48.054085110485744 ], [ 14.028682577644494, 48.054095918745453 ], [ 14.028654451128233, 48.05409986609714 ], [ 14.02860381185576, 48.054106107723861 ], [ 14.028443589456712, 48.054125961881077 ], [ 14.028285985619155, 48.054140942027495 ], [ 14.028231830066144, 48.054145135406856 ], [ 14.028132904066808, 48.054152926007077 ], [ 14.027923707965403, 48.054163087152958 ], [ 14.027752954384626, 48.054168069414736 ], [ 14.027708256694547, 48.054157001864318 ], [ 14.027656151925431, 48.054153985528757 ], [ 14.027611702404762, 48.054151463070944 ], [ 14.027621870593947, 48.05405864883214 ], [ 14.027626388491047, 48.05400500297111 ], [ 14.02762974696266, 48.053965038647249 ], [ 14.027651464048949, 48.053822584787099 ], [ 14.027660237113713, 48.053766034552005 ], [ 14.027669470714921, 48.05367358575581 ], [ 14.02767244725648, 48.053584863005192 ], [ 14.027673002772111, 48.053566147077625 ], [ 14.027672536665102, 48.053561381757959 ], [ 14.027667099344148, 48.053515892359798 ], [ 14.027661659633365, 48.053470223046247 ], [ 14.02764622246711, 48.053409409674401 ], [ 14.027615804436286, 48.053342118695028 ], [ 14.027563453753782, 48.05327028101604 ], [ 14.027507592223525, 48.053216907059991 ], [ 14.02742903986457, 48.053162499516837 ], [ 14.027362545559905, 48.053126822233857 ], [ 14.027239093337723, 48.053076282168561 ], [ 14.027156172669681, 48.053046460898123 ], [ 14.027100352786791, 48.053026373332457 ], [ 14.026997476357915, 48.052989294393868 ], [ 14.026987361829958, 48.052985486497384 ], [ 14.02679262840476, 48.05291252185792 ], [ 14.026658547634778, 48.052859795699703 ], [ 14.026630625306359, 48.052848807248608 ], [ 14.026395566896459, 48.052760429500651 ], [ 14.02607096516163, 48.052638490343021 ], [ 14.026024394319087, 48.0526277032438 ], [ 14.025936908270522, 48.052607624565582 ], [ 14.025688046981244, 48.052570877539367 ], [ 14.025646883834099, 48.052563116754314 ], [ 14.025628993483089, 48.052559805039479 ], [ 14.025593563873583, 48.052549311033033 ], [ 14.025566755977616, 48.052541374456432 ], [ 14.025522916832335, 48.052524093392044 ], [ 14.025517790787296, 48.052522054844275 ], [ 14.025477518113545, 48.052500524121314 ], [ 14.02544726771209, 48.052475874706353 ], [ 14.025402692536739, 48.052433497921037 ], [ 14.024882668035302, 48.052286993136889 ], [ 14.024870801205651, 48.052282565767946 ], [ 14.024407635699861, 48.052113048333815 ], [ 14.024327947839572, 48.052083925475451 ], [ 14.024150360889699, 48.052079047152361 ], [ 14.024041098005455, 48.052076100207366 ], [ 14.023383445315559, 48.052165036568034 ], [ 14.023359067888192, 48.052168330554018 ], [ 14.023001230943756, 48.052271581813564 ], [ 14.022375818410996, 48.052475115013422 ], [ 14.022227274867641, 48.05248499504291 ], [ 14.021897073282487, 48.052506930612054 ], [ 14.021890370626823, 48.052507420280172 ], [ 14.021716682513766, 48.052482902808038 ], [ 14.021682539786985, 48.052478337611625 ], [ 14.021220536026455, 48.052416397999323 ], [ 14.021145159848196, 48.052408838807168 ], [ 14.02076317244461, 48.052370442669776 ], [ 14.020725552098865, 48.05236670751156 ], [ 14.020230897541493, 48.052392762962143 ], [ 14.019725677140258, 48.052431653853183 ], [ 14.019163217308389, 48.052495261822394 ], [ 14.018806290583088, 48.05254613541365 ], [ 14.018746229978301, 48.052550179386628 ], [ 14.018638039415594, 48.05255738696998 ], [ 14.018494556777984, 48.052564443370365 ], [ 14.018397068658803, 48.052610002193177 ], [ 14.018373596348273, 48.052620936742741 ], [ 14.018381493918671, 48.052639872509332 ], [ 14.018309064318901, 48.052672688036097 ], [ 14.018230098035435, 48.052708421028449 ], [ 14.018099509670458, 48.052767490041205 ], [ 14.017675279961377, 48.052945427782909 ], [ 14.01751264123831, 48.053036712782763 ], [ 14.017216987555106, 48.053084250662039 ], [ 14.017208283992556, 48.053085651515907 ], [ 14.017143073754623, 48.053096112524521 ], [ 14.017094467949793, 48.053103956474722 ], [ 14.016895033787979, 48.05325447439229 ], [ 14.016802909662925, 48.053320422088916 ], [ 14.016674492180929, 48.053412223661475 ], [ 14.016666383099711, 48.053418029217674 ], [ 14.016605623756332, 48.053460940773647 ], [ 14.016485820327489, 48.05353433859672 ], [ 14.016450478016166, 48.053561086509632 ], [ 14.01643161048521, 48.053575322178403 ], [ 14.016352664227746, 48.053653696821577 ], [ 14.016349623044841, 48.053657133398154 ], [ 14.016271622011274, 48.053746208158955 ], [ 14.016245879397303, 48.053788733118679 ], [ 14.016219347026627, 48.053832432263711 ], [ 14.016201350791034, 48.053861956684187 ], [ 14.016190717878162, 48.053859500370734 ], [ 14.016179411728393, 48.05385686809673 ], [ 14.016142767301609, 48.053845748623679 ], [ 14.016086379124985, 48.053915083626222 ], [ 14.016019071231975, 48.054001036387035 ], [ 14.015966850768711, 48.054040298693167 ], [ 14.015935800930054, 48.05404650928827 ], [ 14.015924827971938, 48.054048823061024 ], [ 14.015918794763103, 48.054049218472592 ], [ 14.015853235696108, 48.054053653192661 ], [ 14.015781480683675, 48.054046069168983 ], [ 14.015698707923244, 48.054037380473758 ], [ 14.015464265890476, 48.054046228416901 ], [ 14.015371984354783, 48.054038944951223 ], [ 14.015238464829213, 48.05402839559067 ], [ 14.015062686961448, 48.054018634590562 ], [ 14.014946924886512, 48.054032000837211 ], [ 14.014851395089597, 48.05404308878272 ], [ 14.014596093250534, 48.054088313301023 ], [ 14.014583259412621, 48.054091987355328 ], [ 14.014521764306508, 48.054109622164816 ], [ 14.014461324879203, 48.054156669045717 ], [ 14.014433923464198, 48.054154581070414 ], [ 14.014407462463199, 48.054152577523226 ], [ 14.014328578216707, 48.054225732457738 ], [ 14.014291322451482, 48.054352531193906 ], [ 14.014325891705209, 48.054389663118833 ], [ 14.014351344057001, 48.054417132497981 ], [ 14.01439947811596, 48.054506453872627 ], [ 14.014378088380704, 48.054584398712649 ], [ 14.014427194874058, 48.054655721505924 ], [ 14.014423294165814, 48.054726816192762 ], [ 14.014275821364363, 48.054870456498861 ], [ 14.014309312774794, 48.05491749082617 ], [ 14.0143017234367, 48.054922033656119 ], [ 14.014190405541857, 48.054988092041206 ], [ 14.014195122773693, 48.055020451435176 ], [ 14.014200426137183, 48.055056585880813 ], [ 14.014274457369247, 48.055084219528844 ], [ 14.014331271267633, 48.05514973933164 ], [ 14.014164133565496, 48.055164756278742 ], [ 14.014103829205599, 48.055201726160441 ], [ 14.014090251149302, 48.055210082670449 ], [ 14.01408819014946, 48.055216662171482 ], [ 14.014063066158513, 48.055296428161093 ], [ 14.013986320805442, 48.055471769597673 ], [ 14.014047892132496, 48.055552195634036 ], [ 14.014004074830497, 48.055598064984686 ], [ 14.014023358446067, 48.055666864247833 ], [ 14.014019354885406, 48.055719876692123 ], [ 14.013980467138074, 48.05573225037778 ], [ 14.013972106784228, 48.055729150757315 ], [ 14.013902399144394, 48.055703830583859 ], [ 14.013767416256993, 48.055766429005523 ], [ 14.013802848527659, 48.05591061339836 ], [ 14.014126232651723, 48.055940110690983 ], [ 14.01413262973956, 48.055947000335792 ], [ 14.014164066715514, 48.055980552136212 ], [ 14.014105829416138, 48.056021738170664 ], [ 14.014095439399258, 48.056068670580665 ], [ 14.014125384900435, 48.056131829375794 ], [ 14.01413771510442, 48.056181956925244 ], [ 14.014130817494811, 48.056208626866301 ], [ 14.014082591229053, 48.056173914232239 ], [ 14.014039903823262, 48.056172815635925 ], [ 14.014017351898204, 48.056172228449867 ], [ 14.013976454292138, 48.056215651586534 ], [ 14.013882938637945, 48.056247688521118 ], [ 14.013872923212425, 48.056251435895796 ], [ 14.013843141763399, 48.056262406566198 ], [ 14.013794664194048, 48.056280324339056 ], [ 14.013965027272002, 48.056470677232937 ], [ 14.014012452268451, 48.056495408598032 ], [ 14.014077038471164, 48.056529215436399 ], [ 14.014156097805959, 48.05654098591237 ], [ 14.014188885283543, 48.056564903596417 ], [ 14.014230946288498, 48.056661727708729 ], [ 14.01424655476375, 48.056716244213021 ], [ 14.014236961654873, 48.056752286274794 ], [ 14.014193611026387, 48.056762077296256 ], [ 14.014163921255937, 48.05675955288082 ], [ 14.014095811585513, 48.056753925585774 ], [ 14.01406523655967, 48.056765800615558 ], [ 14.014044810041925, 48.056773837503421 ], [ 14.014008490786466, 48.056808237317398 ], [ 14.014012541857955, 48.056840960470211 ], [ 14.014042422024339, 48.056878569831994 ], [ 14.014066731579288, 48.05688013629149 ], [ 14.014107560994319, 48.056882775191646 ], [ 14.01423266911325, 48.056937097917626 ], [ 14.014308670991317, 48.056981813150124 ], [ 14.014332826301246, 48.057012618815726 ], [ 14.014352480612947, 48.057037873160269 ], [ 14.014458997781409, 48.057117404944364 ], [ 14.014452121297259, 48.057217485530082 ], [ 14.014490448493106, 48.057346808549383 ], [ 14.014529302019099, 48.05740352738141 ], [ 14.014593580125684, 48.057444442910288 ], [ 14.014666611024969, 48.057508157816635 ], [ 14.014755444078192, 48.057548838859347 ], [ 14.014788546862976, 48.057596774945438 ], [ 14.01480551084347, 48.057621505252783 ], [ 14.014868381700079, 48.057667646828953 ], [ 14.014898982246375, 48.057719196170893 ], [ 14.014892142530369, 48.057750274047095 ], [ 14.01478487107785, 48.057869567874576 ], [ 14.014799022218405, 48.057945954147883 ], [ 14.014857166320986, 48.057989784466869 ], [ 14.01486606619091, 48.057993060777569 ], [ 14.014913534145663, 48.058010684351707 ], [ 14.014967946758899, 48.058015492132867 ], [ 14.0149859501125, 48.058017095510571 ], [ 14.015005789671989, 48.058015449370622 ], [ 14.015017586293569, 48.058014480308202 ], [ 14.015105680765823, 48.058008923858189 ], [ 14.01507929468074, 48.058043535421291 ], [ 14.015063445472295, 48.058052715077608 ], [ 14.015021491242528, 48.058076982407727 ], [ 14.015006559034257, 48.058094703253062 ], [ 14.01498871711369, 48.058115679927965 ], [ 14.014954354065331, 48.058176517966039 ], [ 14.014979791020462, 48.058212893724658 ], [ 14.015074564763468, 48.058225470752198 ], [ 14.015189630759993, 48.058188987765213 ], [ 14.01523815322323, 48.058174397837213 ], [ 14.015257060741492, 48.058183552838344 ], [ 14.015140063413622, 48.058236510697753 ], [ 14.015060706976298, 48.058335488483991 ], [ 14.014974483474386, 48.058473730980687 ], [ 14.014924335096291, 48.05848716082798 ], [ 14.014771717044429, 48.058556251541212 ], [ 14.014751680990418, 48.058624922067672 ], [ 14.014727102463931, 48.058684892789231 ], [ 14.014677464729742, 48.058716852132036 ], [ 14.01453191528511, 48.058782662233362 ], [ 14.014451810634228, 48.058845118542763 ], [ 14.014422810453787, 48.058926166793192 ], [ 14.01444621924013, 48.058981896867827 ], [ 14.014390278930085, 48.058993741179499 ], [ 14.01433902108599, 48.059004478367051 ], [ 14.014278266301046, 48.059038122241574 ], [ 14.014277155086759, 48.059045505830298 ], [ 14.014270265305793, 48.059093317270047 ], [ 14.014262232575799, 48.059135827545028 ], [ 14.014324116147938, 48.059147428988751 ], [ 14.014398651179924, 48.059172090776229 ], [ 14.014406430515875, 48.059223054683798 ], [ 14.014410532654486, 48.059249390046823 ], [ 14.014376614266292, 48.059323809845964 ], [ 14.014379772304563, 48.059370302717213 ], [ 14.014427291996409, 48.059371282826611 ], [ 14.014442724992806, 48.059381537956533 ], [ 14.014457481160699, 48.059391347243569 ], [ 14.014492863756411, 48.059377554614237 ], [ 14.01460447213449, 48.059415043059992 ], [ 14.014612535375369, 48.059456918907529 ], [ 14.014597375469553, 48.059488045677874 ], [ 14.014589475907632, 48.059489441596966 ], [ 14.014543953658547, 48.059497536180743 ], [ 14.014467300486391, 48.059464880136517 ], [ 14.014460958241079, 48.059462218505615 ], [ 14.014370595339383, 48.059458701411018 ], [ 14.01435674312871, 48.05946669968916 ], [ 14.014341293576761, 48.059475696961194 ], [ 14.014321327407195, 48.059498485289055 ], [ 14.014302824194397, 48.059561299033142 ], [ 14.014320537081582, 48.059622730342738 ], [ 14.014270054956032, 48.059744118758196 ], [ 14.014195152288481, 48.059845318799077 ], [ 14.014203732093362, 48.059875406336907 ], [ 14.014283781622977, 48.059921447236242 ], [ 14.014310936510959, 48.059924976135221 ], [ 14.014367128506983, 48.059932292740697 ], [ 14.014385556262331, 48.059935513072737 ], [ 14.014442452192242, 48.05994534449745 ], [ 14.014516697672626, 48.059978554499295 ], [ 14.01454735336876, 48.060013730112679 ], [ 14.014559073948398, 48.060027425692191 ], [ 14.014559307022989, 48.060034981304064 ], [ 14.014560874979109, 48.060083012900279 ], [ 14.014465845959606, 48.060174255483552 ], [ 14.014423544737589, 48.060254212367447 ], [ 14.014427892950195, 48.060299348764488 ], [ 14.014458125011885, 48.060332907535958 ], [ 14.014544630829933, 48.060369733956882 ], [ 14.014619035840244, 48.060374064488677 ], [ 14.014682193390192, 48.060370094469178 ], [ 14.014788663291347, 48.060363440603197 ], [ 14.014890476907039, 48.060421408236657 ], [ 14.014921245008507, 48.060465129673965 ], [ 14.014923433315088, 48.060468265540877 ], [ 14.014935154984986, 48.060594776013154 ], [ 14.014955675586748, 48.060696314661563 ], [ 14.014962991778374, 48.06073234720089 ], [ 14.01495638239958, 48.060760544841429 ], [ 14.014931464443954, 48.060866399223599 ], [ 14.014948026214705, 48.060942321402273 ], [ 14.015003091942427, 48.060976273690507 ], [ 14.015050446242336, 48.061005503238356 ], [ 14.01514192560659, 48.061022327925976 ], [ 14.015189636262724, 48.061017279015751 ], [ 14.015226358312812, 48.06101346430151 ], [ 14.01529314823256, 48.061020358223509 ], [ 14.015365143103544, 48.061076251872443 ], [ 14.015301359783944, 48.061165691790897 ], [ 14.015305250399184, 48.061175834824581 ], [ 14.015336098736416, 48.061256350968392 ], [ 14.015425117220817, 48.061341382669447 ], [ 14.015566746800522, 48.061447066097578 ], [ 14.015614425220743, 48.061460010013995 ], [ 14.015684193050586, 48.061479031320474 ], [ 14.015715015741771, 48.061537056500057 ], [ 14.015703663586178, 48.061602707155387 ], [ 14.015694731900238, 48.061627769769132 ], [ 14.015664045335161, 48.06171323642598 ], [ 14.015678546020483, 48.061734202600249 ], [ 14.015695233945541, 48.061758214666426 ], [ 14.015737647212122, 48.06181995005263 ], [ 14.015741477818866, 48.061825505257936 ], [ 14.015762803461836, 48.061834735893065 ], [ 14.015792631827843, 48.061847604959475 ], [ 14.015805637068757, 48.061846628703066 ], [ 14.015829232017071, 48.061844690416784 ], [ 14.015920656567385, 48.061816262908316 ], [ 14.015931957631295, 48.06182861135634 ], [ 14.015878068713857, 48.061884526647709 ], [ 14.015833470159986, 48.061952982143268 ], [ 14.015821234021214, 48.061971676785582 ], [ 14.015765978348865, 48.06203596672713 ], [ 14.015715789713688, 48.062077285966694 ], [ 14.015702643373414, 48.062087979158491 ], [ 14.015671173596196, 48.06211371430399 ], [ 14.0156531090469, 48.062179224548245 ], [ 14.015624261075676, 48.06222068794122 ], [ 14.01563553517135, 48.062292412828143 ], [ 14.015660652932571, 48.062314486001668 ], [ 14.015708925329211, 48.062321488756474 ], [ 14.015735146899777, 48.06232538268042 ], [ 14.015771083516597, 48.062323011851475 ], [ 14.015813322692809, 48.062320244025614 ], [ 14.015933847614489, 48.062330959352522 ], [ 14.016044286835941, 48.062350370538134 ], [ 14.016151257382758, 48.062381587350565 ], [ 14.016214539615785, 48.062448327497833 ], [ 14.016256592089794, 48.062492701757684 ], [ 14.016328731309494, 48.062549133731068 ], [ 14.01641880204739, 48.062622013307895 ], [ 14.016477272662106, 48.062690221105399 ], [ 14.016623340969065, 48.062816658739806 ], [ 14.016679353037087, 48.06283045270758 ], [ 14.016700014272581, 48.062870814637698 ], [ 14.016626821225014, 48.062887529853406 ], [ 14.016500514460567, 48.062927229181604 ], [ 14.016379187145667, 48.063070267651526 ], [ 14.016432322478392, 48.06315119184471 ], [ 14.016572456013083, 48.063203714117343 ], [ 14.016529105581588, 48.063316154881392 ], [ 14.01651966592252, 48.063414991015108 ], [ 14.016506421758615, 48.063581862355257 ], [ 14.016454773760842, 48.063593862233979 ], [ 14.016354691430601, 48.063617303190981 ], [ 14.016351882095178, 48.063669139008816 ], [ 14.016094207306962, 48.063762061305781 ], [ 14.015928516385465, 48.06390994885485 ], [ 14.015821927941426, 48.063979759122383 ], [ 14.015793585929936, 48.063998458662432 ], [ 14.015779746882929, 48.064007536582388 ], [ 14.015798159980834, 48.064070942673844 ], [ 14.015740561207823, 48.064212615353043 ], [ 14.015751242959752, 48.064300537184458 ], [ 14.015926458809306, 48.064397835553258 ], [ 14.016214095862406, 48.064409455111964 ], [ 14.016238016842571, 48.064442510809009 ], [ 14.016061724192159, 48.064621318631524 ], [ 14.016067296143907, 48.064626593668322 ], [ 14.016133344991621, 48.064689179177961 ], [ 14.016187119966101, 48.064706225272758 ], [ 14.016255452700021, 48.064728043582186 ], [ 14.016269487431588, 48.064723642580162 ], [ 14.016342339223606, 48.064701171935589 ], [ 14.016543184131407, 48.064726257149012 ], [ 14.016553694539359, 48.064760111575787 ], [ 14.016452964503292, 48.064836635144722 ], [ 14.016407680473964, 48.064945038814386 ], [ 14.016459636696009, 48.065017783187642 ], [ 14.016507884940923, 48.065032972479806 ], [ 14.016549797266435, 48.065046039982192 ], [ 14.016441540866717, 48.065193409534139 ], [ 14.01652552870423, 48.065354669439174 ], [ 14.016629778990248, 48.065525795769119 ], [ 14.016635708622406, 48.065609427248681 ], [ 14.016657785181675, 48.065716624001723 ], [ 14.016673416290246, 48.065792911175798 ], [ 14.016694677337689, 48.065960658441782 ], [ 14.016601302183979, 48.066045505356868 ], [ 14.016489174676741, 48.066174185228633 ], [ 14.016527504073268, 48.066272109829221 ], [ 14.016548471973762, 48.066325514703337 ], [ 14.016548879718655, 48.06633612803931 ], [ 14.016550644125973, 48.066388746516743 ], [ 14.016589559449345, 48.066500612040045 ], [ 14.016604429039162, 48.066518876981455 ], [ 14.016653137341581, 48.066579225376557 ], [ 14.016678923163033, 48.066611100435914 ], [ 14.016787292930353, 48.066717518231997 ], [ 14.016796093277721, 48.066723313970265 ], [ 14.01683414142267, 48.066748639255614 ], [ 14.016840262328378, 48.066754810653528 ], [ 14.016891538350357, 48.066806237372738 ], [ 14.016929615664397, 48.066823555668279 ], [ 14.016940686966395, 48.066828528321103 ], [ 14.016960446415197, 48.066830750791063 ], [ 14.016991494786719, 48.06683407617421 ], [ 14.017011445856003, 48.066830449851786 ], [ 14.017025878597877, 48.066866530166777 ], [ 14.017084649866277, 48.06692654910276 ], [ 14.017181238130707, 48.066994261622007 ], [ 14.017185921145998, 48.067013576216333 ], [ 14.017203742266407, 48.067072577298859 ], [ 14.01718810197511, 48.067138703109038 ], [ 14.017195455416976, 48.067187600057231 ], [ 14.017254616227072, 48.06725679292024 ], [ 14.017321064354823, 48.067277902018681 ], [ 14.017340339163935, 48.067284085696556 ], [ 14.017384860758774, 48.06733213344355 ], [ 14.017406274023173, 48.067368262456434 ], [ 14.017409156284698, 48.067373103487824 ], [ 14.017406485648127, 48.067384364741194 ], [ 14.017404959062887, 48.067390761190119 ], [ 14.01739672431634, 48.067397377174025 ], [ 14.017349042798603, 48.067435713410724 ], [ 14.017305809798732, 48.067444875069512 ], [ 14.017246659330903, 48.067488856729561 ], [ 14.01728808761613, 48.067546638868833 ], [ 14.01731342974935, 48.067565111783907 ], [ 14.017342163822136, 48.067586353548108 ], [ 14.017360838558938, 48.067618360396317 ], [ 14.017385144839572, 48.067660140053597 ], [ 14.017410223983154, 48.067668808438277 ], [ 14.017425324211949, 48.067673937183976 ], [ 14.017454960062345, 48.067671872953234 ], [ 14.017476683360956, 48.067670305257906 ], [ 14.017534932199574, 48.067608785852741 ], [ 14.017579407488876, 48.067602225725103 ], [ 14.017624417245747, 48.067595482495904 ], [ 14.017742887720209, 48.067591903874636 ], [ 14.017782198532444, 48.06759068204552 ], [ 14.017817805431328, 48.067624208141567 ], [ 14.01781942371105, 48.067634994245893 ], [ 14.017822358726523, 48.067654049247395 ], [ 14.017790425059568, 48.06771613305029 ], [ 14.01777743159847, 48.067758942649519 ], [ 14.017809941097616, 48.067791677369861 ], [ 14.01788446819377, 48.067804461741304 ], [ 14.017911777028303, 48.067809158433604 ], [ 14.017968016910723, 48.067799020052952 ], [ 14.018039428878895, 48.06775865408428 ], [ 14.018052218505257, 48.067751381389364 ], [ 14.018069290360454, 48.067732927864384 ], [ 14.018099728191613, 48.067700001119924 ], [ 14.018099019743923, 48.067686960545082 ], [ 14.018098622323748, 48.067677156831451 ], [ 14.018078140129647, 48.067630226778654 ], [ 14.018082645100822, 48.067605370123083 ], [ 14.018115527280571, 48.067595009859659 ], [ 14.018133170938631, 48.067589417778983 ], [ 14.018137623571992, 48.067591190738575 ], [ 14.018166630434589, 48.067602534661205 ], [ 14.018204402987077, 48.067657819097413 ], [ 14.018217722207643, 48.067731600706487 ], [ 14.018179993269358, 48.067812251433146 ], [ 14.018157452632579, 48.067894521683868 ], [ 14.018112713688712, 48.067972874756876 ], [ 14.018124276266548, 48.068045767112167 ], [ 14.018174807550286, 48.068101605886959 ], [ 14.018190605803314, 48.068118965492893 ], [ 14.018172260430022, 48.068193653974163 ], [ 14.018166573576282, 48.068220496818974 ], [ 14.018199180864126, 48.068230020174227 ], [ 14.018221003347186, 48.068246174635149 ], [ 14.018227103286637, 48.068250726733119 ], [ 14.018250581322015, 48.068270290028508 ], [ 14.018283556077357, 48.068297534068108 ], [ 14.0182708253835, 48.068339892342827 ], [ 14.018226838600384, 48.068353017204615 ], [ 14.01819541810327, 48.068362289287805 ], [ 14.018079509239135, 48.068336255112719 ], [ 14.018063445108595, 48.06833949878704 ], [ 14.018034662698158, 48.068345246645251 ], [ 14.018019481143154, 48.068395176337916 ], [ 14.01809586868765, 48.06846768557994 ], [ 14.018068033925337, 48.068525067095159 ], [ 14.017980771576569, 48.068595214798606 ], [ 14.017972270652056, 48.068602012320518 ], [ 14.017978817387796, 48.06865073403911 ], [ 14.018047294913272, 48.06872391979698 ], [ 14.018191241142636, 48.068748708713912 ], [ 14.018223528254671, 48.068754275546013 ], [ 14.01830232299443, 48.068826050707415 ], [ 14.018346747345596, 48.068866541684621 ], [ 14.018356286785526, 48.068877460872528 ], [ 14.018382858761884, 48.068907711543254 ], [ 14.018366985420249, 48.068945860100008 ], [ 14.018255703405483, 48.068955334458039 ], [ 14.018203414194982, 48.06895978189268 ], [ 14.01809981878346, 48.06900258724729 ], [ 14.018098418390112, 48.069028774999779 ], [ 14.018191866729131, 48.069122684691386 ], [ 14.01826015858574, 48.069171491216238 ], [ 14.018289427239949, 48.06919245968966 ], [ 14.018300247788014, 48.069270124469355 ], [ 14.01827395918933, 48.069302217040665 ], [ 14.01820501989093, 48.06935723260824 ], [ 14.018210571985753, 48.069371144182227 ], [ 14.018215014847444, 48.069382363397999 ], [ 14.018266273662794, 48.069401582538511 ], [ 14.018337705876407, 48.069433997035091 ], [ 14.018428782651808, 48.06945981793632 ], [ 14.018450174293211, 48.069453393978321 ], [ 14.018494429196759, 48.069440177492602 ], [ 14.01855685607636, 48.069379892402701 ], [ 14.01857030881629, 48.069371985988141 ], [ 14.018579366784357, 48.069366714515013 ], [ 14.018624252766269, 48.069340269563341 ], [ 14.01866439741352, 48.069341111679726 ], [ 14.018688997574499, 48.069354100885811 ], [ 14.018713864994304, 48.069366998541931 ], [ 14.018713087156392, 48.06943024771504 ], [ 14.018685805097805, 48.069448042007195 ], [ 14.018507471747284, 48.069564250440926 ], [ 14.018515913138783, 48.069593708654672 ], [ 14.018566361850297, 48.069622738510141 ], [ 14.018605122336934, 48.069640771924121 ], [ 14.018615866745101, 48.069641248158987 ], [ 14.018665555193566, 48.069643113394228 ], [ 14.018698298864214, 48.069652725767355 ], [ 14.018671696873907, 48.069681401653554 ], [ 14.018689859822741, 48.06978655188496 ], [ 14.018705550602235, 48.069805891254312 ], [ 14.018710542680523, 48.069807840928412 ], [ 14.018739959475814, 48.069819632101087 ], [ 14.018769563673048, 48.069804882831811 ], [ 14.018783699420789, 48.069797871991675 ], [ 14.018829823750185, 48.069794090522102 ], [ 14.018852752288117, 48.069792245552911 ], [ 14.018884451975376, 48.069804113145999 ], [ 14.018934845086616, 48.069839080782366 ], [ 14.01894270194302, 48.069844522083642 ], [ 14.018951158159275, 48.069864893831308 ], [ 14.018952686684109, 48.0698688431943 ], [ 14.018958622723856, 48.069881313038465 ], [ 14.019004208402512, 48.069979283762812 ], [ 14.019049982372232, 48.069979462687925 ], [ 14.019054949591508, 48.069979523254275 ], [ 14.019161244726055, 48.069937780653056 ], [ 14.019267617253011, 48.069881553319675 ], [ 14.019289672935066, 48.069874585493956 ], [ 14.019339666108722, 48.069858815728637 ], [ 14.019397308703764, 48.069883664294657 ], [ 14.0193980360818, 48.069969395507748 ], [ 14.019463828365842, 48.070093155982121 ], [ 14.019534727376579, 48.070146084650695 ], [ 14.019540223180471, 48.070145512319115 ], [ 14.019607775125367, 48.07013800508264 ], [ 14.019685018846337, 48.070081680006737 ], [ 14.019802624422219, 48.070062990518153 ], [ 14.01986678519202, 48.070052804306904 ], [ 14.020075971914491, 48.070036990482009 ], [ 14.020124054933609, 48.070039224465297 ], [ 14.020142455757876, 48.070040104994362 ], [ 14.02018879374288, 48.070072847031071 ], [ 14.020189092541358, 48.070146345702383 ], [ 14.02022816053325, 48.070146923771894 ], [ 14.020261589014288, 48.070147355335777 ], [ 14.020341145629606, 48.070134108777715 ], [ 14.020358871995283, 48.07009405973205 ], [ 14.02039489232528, 48.07003662914893 ], [ 14.020556411516887, 48.070050065460947 ], [ 14.020596548435558, 48.070060443123083 ], [ 14.020626314997756, 48.07006818337257 ], [ 14.02069874724563, 48.07007450097889 ], [ 14.020718769392802, 48.070076181472594 ], [ 14.020743066263018, 48.070066141303798 ], [ 14.020778143325218, 48.070069441780149 ], [ 14.020846012203062, 48.070075786369763 ], [ 14.020936393146259, 48.07013003800833 ], [ 14.020988973464439, 48.070167870620381 ], [ 14.021005526292253, 48.070181266952751 ], [ 14.021020991124445, 48.070193590174355 ], [ 14.021135772865023, 48.070255793574709 ], [ 14.021138725770735, 48.070265941957977 ], [ 14.021147567851711, 48.070295127712384 ], [ 14.021115155091149, 48.070320779883382 ], [ 14.02098675720555, 48.070325230505397 ], [ 14.020969557420083, 48.070364466846748 ], [ 14.021038947460305, 48.070414794606286 ], [ 14.021052313514533, 48.070420652885076 ], [ 14.02108876521628, 48.07043654004439 ], [ 14.021239652456089, 48.070417291688379 ], [ 14.021271234306548, 48.070430328861079 ], [ 14.021297576758224, 48.070432871367501 ], [ 14.0213413913712, 48.070437109396281 ], [ 14.021445256771086, 48.070404555440206 ], [ 14.021507598613914, 48.070429375053457 ], [ 14.021532591947821, 48.070441551648877 ], [ 14.021571617947757, 48.070469388555559 ], [ 14.021611050213503, 48.070497492927167 ], [ 14.021617448890032, 48.070504292167577 ], [ 14.021663726784004, 48.070552687679722 ], [ 14.021662316460136, 48.070588141804272 ], [ 14.021614833825153, 48.070641502530862 ], [ 14.02149024775265, 48.070700808990935 ], [ 14.02145234518583, 48.070737649370386 ], [ 14.02141603297768, 48.070772950907298 ], [ 14.021266451294364, 48.070789492818946 ], [ 14.021255863435055, 48.070790725211339 ], [ 14.021226530590464, 48.070836151159654 ], [ 14.021294004060548, 48.070944516798413 ], [ 14.021381256951692, 48.070985382051177 ], [ 14.021425767599553, 48.071032078833518 ], [ 14.021410400275494, 48.071047463940573 ], [ 14.021358208561288, 48.071100042840094 ], [ 14.021242663267268, 48.071213813393861 ], [ 14.021161065166016, 48.071377402177205 ], [ 14.021067428453669, 48.071564542894748 ], [ 14.021062459991018, 48.071574558365107 ], [ 14.021081635118714, 48.071623834668308 ], [ 14.021101734059886, 48.071641438232497 ], [ 14.02113120128508, 48.071667082923604 ], [ 14.021108187924117, 48.071693039134949 ], [ 14.021094036626376, 48.071709046723164 ], [ 14.02106814950527, 48.071812118942439 ], [ 14.021073733431766, 48.071818203335944 ], [ 14.021123855795761, 48.07187305361844 ], [ 14.02120506548596, 48.071923760922601 ], [ 14.02127084558175, 48.071964843691845 ], [ 14.021246202736728, 48.072009701994652 ], [ 14.021165821746022, 48.072042026362872 ], [ 14.021134309309877, 48.072054628425896 ], [ 14.021102492415231, 48.072145770657833 ], [ 14.021053387506035, 48.072188255127472 ], [ 14.020978969835507, 48.072184288570369 ], [ 14.020909657395729, 48.072180651525969 ], [ 14.020881806794181, 48.072185944724396 ], [ 14.020824766910671, 48.072196808935161 ], [ 14.020797971110078, 48.072210822339834 ], [ 14.020788372415749, 48.07221582729634 ], [ 14.020790162465383, 48.072219235298931 ], [ 14.020805325044154, 48.072249283198225 ], [ 14.021014898549891, 48.072292571639551 ], [ 14.021116746203107, 48.072371135244126 ], [ 14.021037582657335, 48.07246516742719 ], [ 14.020976143861786, 48.072458065066499 ], [ 14.02089951406156, 48.072449253541762 ], [ 14.020777131955446, 48.072452228779532 ], [ 14.020765142224986, 48.072479468966449 ], [ 14.020799425221083, 48.072513991576841 ], [ 14.020884428067498, 48.072526621925689 ], [ 14.020931368395701, 48.072533630445527 ], [ 14.020984898772475, 48.072541589438188 ], [ 14.021018454971014, 48.072571888001036 ], [ 14.02111069848757, 48.072655006793795 ], [ 14.021084712833654, 48.072689707115458 ], [ 14.021165491483583, 48.072748333808747 ], [ 14.021160850220141, 48.072813585077874 ], [ 14.021079982050898, 48.072839614799655 ], [ 14.021094978446149, 48.072846902815414 ], [ 14.021154423604251, 48.072875788175949 ], [ 14.021295578808402, 48.072850929859079 ], [ 14.021307085399476, 48.072858238567576 ], [ 14.021316563166824, 48.072864389792379 ], [ 14.021362186900367, 48.072893627002045 ], [ 14.021393349071184, 48.07293572492155 ], [ 14.02140592490132, 48.072952833319221 ], [ 14.021393030417201, 48.073063925149178 ], [ 14.021376798792087, 48.073145978501294 ], [ 14.021323623742306, 48.073195414442452 ], [ 14.021346882063314, 48.073228562926182 ], [ 14.021382597771385, 48.073219084586199 ], [ 14.021432895274625, 48.073205831129393 ], [ 14.02157698417426, 48.073189591574696 ], [ 14.021604328081617, 48.073186550317125 ], [ 14.021747878291242, 48.073200631530121 ], [ 14.021841561919311, 48.073209790985707 ], [ 14.021857219785845, 48.073297502557104 ], [ 14.021824950689755, 48.073334129613187 ], [ 14.021779059768816, 48.073386221392255 ], [ 14.021652101765033, 48.073418912759379 ], [ 14.021443368990534, 48.073378679230913 ], [ 14.021427923163026, 48.073428790790274 ], [ 14.021345377942085, 48.073520953986034 ], [ 14.021349725092131, 48.073575626119769 ], [ 14.021380935231766, 48.073621322299161 ], [ 14.021408477993248, 48.073633303850912 ], [ 14.021446414491502, 48.07364963189567 ], [ 14.021478335794665, 48.073667884889431 ], [ 14.021518341834463, 48.073698594815959 ], [ 14.021527654194362, 48.073742981587358 ], [ 14.021409906343809, 48.073812413139002 ], [ 14.021294321885303, 48.073842427615411 ], [ 14.021244646519932, 48.073882486499024 ], [ 14.021271000787396, 48.0739264122574 ], [ 14.021337568491196, 48.074037032249088 ], [ 14.021325144798753, 48.07412284142989 ], [ 14.02129381351096, 48.074179704588154 ], [ 14.021211756892471, 48.074227692577075 ], [ 14.021133798525076, 48.074301385798648 ], [ 14.02110881834489, 48.074351283997977 ], [ 14.021100316995245, 48.074368247633018 ], [ 14.021099559176758, 48.074371850678943 ], [ 14.02109234206411, 48.074404730265144 ], [ 14.021074992922058, 48.074483551471332 ], [ 14.021060103634586, 48.074545354935225 ], [ 14.02102706020084, 48.074614913051811 ], [ 14.020973637606836, 48.074686391368871 ], [ 14.020837666694783, 48.074860198346769 ], [ 14.020765456241174, 48.074952479673577 ], [ 14.020738673300515, 48.074977738425773 ], [ 14.020696640411597, 48.075017211930358 ], [ 14.020668529359494, 48.07504355810768 ], [ 14.020627532232096, 48.075110644288806 ], [ 14.020630700445185, 48.075208236077771 ], [ 14.020678559056638, 48.075233771776418 ], [ 14.020723032405506, 48.075307907916645 ], [ 14.020738242291179, 48.075371961781826 ], [ 14.020777725609651, 48.075464660014639 ], [ 14.020782306328645, 48.075516721798351 ], [ 14.020828670926631, 48.075540916842876 ], [ 14.020916011692009, 48.075547235857655 ], [ 14.020980373935203, 48.075551801933187 ], [ 14.021037796757144, 48.075579799708791 ], [ 14.021050519613977, 48.075638470470139 ], [ 14.021046139184481, 48.075693014443601 ], [ 14.020927445397376, 48.075752195185657 ], [ 14.020878509395731, 48.07582805501908 ], [ 14.02088875196897, 48.075912380148566 ], [ 14.020858540584124, 48.075983000937434 ], [ 14.020868611898125, 48.076034040532207 ], [ 14.020878739152367, 48.076099473976136 ], [ 14.020829059097142, 48.076169850409904 ], [ 14.020771665737959, 48.076215262687526 ], [ 14.020760240509739, 48.07622432682971 ], [ 14.020685071050439, 48.076204530915255 ], [ 14.020680086601816, 48.076203211026623 ], [ 14.020660332942505, 48.076201708850597 ], [ 14.020549334005283, 48.076193100927078 ], [ 14.020219030386452, 48.076167890301271 ], [ 14.020138244715127, 48.076159912560236 ], [ 14.020118485152143, 48.076157960508887 ], [ 14.02010792695191, 48.076171697556546 ], [ 14.020089319416252, 48.076196008052825 ], [ 14.02005487214884, 48.076240744196802 ], [ 14.019988563813103, 48.076302402365691 ], [ 14.019980678012207, 48.076345721597733 ], [ 14.02000275262991, 48.076370510715066 ], [ 14.020020737348723, 48.076390555992504 ], [ 14.020016950003262, 48.076418916977275 ], [ 14.020009861195886, 48.076471767630572 ], [ 14.019999578384164, 48.076496208705258 ], [ 14.020011701848956, 48.076529873221972 ], [ 14.020014490982941, 48.076537773492561 ], [ 14.020063140486926, 48.076562135225103 ], [ 14.020107329443842, 48.076584184319323 ], [ 14.020141308328473, 48.076605664166173 ], [ 14.020155657063034, 48.076614665446925 ], [ 14.020039353021092, 48.076753448876623 ], [ 14.019908989167877, 48.076905180278622 ], [ 14.019853720322271, 48.076969291922836 ], [ 14.019851737649445, 48.076971642722675 ], [ 14.019844826249885, 48.076976901557266 ], [ 14.019768130772613, 48.077034842642199 ], [ 14.019756397251026, 48.077061271481888 ], [ 14.019754833888017, 48.077064879286539 ], [ 14.019729024129136, 48.077123328580718 ], [ 14.019717492636444, 48.07721596942536 ], [ 14.019675288181006, 48.077273166357642 ], [ 14.019609479806331, 48.077311790636756 ], [ 14.019462654171658, 48.077365738599397 ], [ 14.019372689385035, 48.077384623815782 ], [ 14.019330595891409, 48.077399357147357 ], [ 14.019253909213713, 48.077437685763364 ], [ 14.019171488192686, 48.077478927100685 ], [ 14.019090937769237, 48.077529693447673 ], [ 14.019024765041362, 48.07757128834119 ], [ 14.018900350989588, 48.077696084222403 ], [ 14.018836353301699, 48.077800910524715 ], [ 14.018774112641159, 48.077896460146555 ], [ 14.018768716723406, 48.077904678747466 ], [ 14.018733155020204, 48.077956708098995 ], [ 14.018660446607669, 48.078062755337243 ], [ 14.01858120014089, 48.078212653435941 ], [ 14.018498895779405, 48.078293477545436 ], [ 14.018495846192687, 48.078296374409796 ], [ 14.018422235749055, 48.078446149095967 ], [ 14.018337018838348, 48.078560726626066 ], [ 14.018271549422797, 48.078666101052775 ], [ 14.018208073021592, 48.07880052187862 ], [ 14.018139368258041, 48.078904925740581 ], [ 14.018113439059711, 48.078944303060204 ], [ 14.01810849607276, 48.078966553259384 ], [ 14.01809810745238, 48.07901366556883 ], [ 14.01813006283119, 48.079085357592817 ], [ 14.01821870761667, 48.079251536130784 ], [ 14.018248823001851, 48.079326207788299 ], [ 14.018255742264113, 48.079341910508163 ], [ 14.018277079372924, 48.079371832209922 ], [ 14.018321269458013, 48.079516232340147 ], [ 14.01835498567619, 48.079680846185767 ], [ 14.018364574367403, 48.07972595118359 ], [ 14.018446163492511, 48.079825148422024 ], [ 14.018582096434651, 48.079983310219077 ], [ 14.018625083411933, 48.079995470988159 ], [ 14.018658098517019, 48.080004811880862 ], [ 14.018658964395282, 48.080009394898624 ], [ 14.01866792010609, 48.080057382443194 ], [ 14.018690607561464, 48.080179598622365 ], [ 14.018698361618405, 48.080279052384427 ], [ 14.018733636422008, 48.080459940258919 ], [ 14.018774210019004, 48.080604811380979 ], [ 14.018849356552092, 48.080734544041903 ], [ 14.018880948802355, 48.080747941644766 ], [ 14.018907815237547, 48.08075929803622 ], [ 14.018922718475901, 48.080769555670322 ], [ 14.01895211749426, 48.08078971348948 ], [ 14.018928182367544, 48.08083780562302 ], [ 14.01892479406113, 48.080916903559753 ], [ 14.018878772221216, 48.081010737819859 ], [ 14.018842191604431, 48.081097678988073 ], [ 14.019022131670933, 48.081029141867532 ], [ 14.019188327330369, 48.081089243604552 ], [ 14.019220433152142, 48.081100838806307 ], [ 14.01908856828517, 48.081180427163382 ], [ 14.01923390695916, 48.081267461362444 ], [ 14.019184750921497, 48.081378137450585 ], [ 14.019016621235941, 48.081364918113756 ], [ 14.018978182884457, 48.081361816886492 ], [ 14.018814006909166, 48.081210479956923 ], [ 14.018801632198103, 48.08129026077637 ], [ 14.018797914089474, 48.081313763230554 ], [ 14.018803439177793, 48.081325515763517 ], [ 14.018839226953995, 48.081402582687488 ], [ 14.018832339090572, 48.081501403300983 ], [ 14.018847353773655, 48.081560870291348 ], [ 14.018900408810456, 48.081593213180916 ], [ 14.018976598589171, 48.081618581954487 ], [ 14.019027626718959, 48.081660113049487 ], [ 14.019058327879305, 48.081738289557478 ], [ 14.01903427150032, 48.081817959581173 ], [ 14.018940013844535, 48.081868267026771 ], [ 14.018917993651911, 48.081868127404711 ], [ 14.018893690061867, 48.081867911322632 ], [ 14.018802249543507, 48.081867102756021 ], [ 14.018722794996508, 48.081869102062022 ], [ 14.01875006471918, 48.081880456103697 ], [ 14.018830659802122, 48.081914075554579 ], [ 14.018896305944057, 48.081984938281593 ], [ 14.018845937421144, 48.082146360738044 ], [ 14.018898711300668, 48.082259222557497 ], [ 14.018937947980548, 48.082322864477774 ], [ 14.018954194589835, 48.082435042717734 ], [ 14.018913239434909, 48.082536493850043 ], [ 14.019006783423837, 48.082635709870956 ], [ 14.018999018516197, 48.082708716141632 ], [ 14.019002652084952, 48.08281125293513 ], [ 14.01902322169188, 48.082864299611565 ], [ 14.019031007616709, 48.082884585276119 ], [ 14.019039664249352, 48.082909813775807 ], [ 14.019067045462425, 48.082990708796956 ], [ 14.019170183283979, 48.083033370892046 ], [ 14.019287553303055, 48.083065872757466 ], [ 14.019303817329288, 48.083087637600379 ], [ 14.019345917332787, 48.083144335240753 ], [ 14.01931687115645, 48.083212159649513 ], [ 14.019257812212576, 48.08322357470535 ], [ 14.019172638264347, 48.083240002300805 ], [ 14.019142329835089, 48.083273198223409 ], [ 14.019170989514373, 48.083318640068121 ], [ 14.019172408558036, 48.083344811019032 ], [ 14.019145070011117, 48.083430168134356 ], [ 14.019019978713615, 48.083494422453583 ], [ 14.018924277022551, 48.083578024835568 ], [ 14.018878216542149, 48.083618151082348 ], [ 14.018827590396368, 48.083688801901502 ], [ 14.018879590036814, 48.083763163930577 ], [ 14.018891880932888, 48.083829844054229 ], [ 14.018946855393917, 48.083915973656147 ], [ 14.018982732352676, 48.083938522144855 ], [ 14.019057058513784, 48.083985223210526 ], [ 14.019192747281453, 48.084062778399336 ], [ 14.019373323393099, 48.08409265703289 ], [ 14.019414493998219, 48.084150079842146 ], [ 14.019501344155001, 48.084270836302188 ], [ 14.019526961128507, 48.084360378113146 ], [ 14.019544685057067, 48.084421538226458 ], [ 14.019693988627372, 48.084513226427454 ], [ 14.01975002809565, 48.084547620398908 ], [ 14.019816355264501, 48.08458834080654 ], [ 14.019854882553519, 48.08460817442576 ], [ 14.019955865344858, 48.084660204775766 ], [ 14.019935586399173, 48.084802287097304 ], [ 14.019951526227681, 48.084880820639775 ], [ 14.019995818229177, 48.085032236446089 ], [ 14.019892851850724, 48.085063973763283 ], [ 14.019874398110545, 48.085069660805694 ], [ 14.019854473484342, 48.085075806374604 ], [ 14.019645348897621, 48.085009302527325 ], [ 14.019580064568139, 48.08502732191733 ], [ 14.019604421468348, 48.085051827652229 ], [ 14.019672182747817, 48.085119798540269 ], [ 14.019634797583453, 48.08519675865741 ], [ 14.019586711933421, 48.085287006730198 ], [ 14.019606058192405, 48.08533880102334 ], [ 14.019667439793624, 48.085330250884866 ], [ 14.019696655543013, 48.085326119483767 ], [ 14.019858671319634, 48.085322730890809 ], [ 14.019885723250621, 48.085337774450949 ], [ 14.019940099234232, 48.085368129830229 ], [ 14.019953896702637, 48.085375874901501 ], [ 14.019974402432785, 48.085474803054126 ], [ 14.019917528540409, 48.085570591085713 ], [ 14.019897849046671, 48.085625855187388 ], [ 14.019889821825904, 48.085648393571439 ], [ 14.019786891841024, 48.085703341103255 ], [ 14.019899864674743, 48.085768435124798 ], [ 14.019903923271468, 48.085770750129022 ], [ 14.019913393727551, 48.085776181790415 ], [ 14.019925086847861, 48.085807599685481 ], [ 14.019940820660043, 48.085850149093979 ], [ 14.019908427295881, 48.085878049695566 ], [ 14.0198877156765, 48.085895805197396 ], [ 14.019856783666077, 48.085922527604019 ], [ 14.019715538240275, 48.0859127484974 ], [ 14.019562731628753, 48.085881536438194 ], [ 14.019654758078271, 48.085936408931779 ], [ 14.019673052951998, 48.086000084587653 ], [ 14.019611649838112, 48.086037603037667 ], [ 14.019540186134552, 48.086106398289523 ], [ 14.019613514646657, 48.086199346033183 ], [ 14.019726903470154, 48.086234839824627 ], [ 14.019756131682822, 48.086302858913818 ], [ 14.019697223425949, 48.086336134352209 ], [ 14.019609663820845, 48.086334943541019 ], [ 14.019580399278144, 48.086376140086095 ], [ 14.019599024992541, 48.086413994317212 ], [ 14.01961351022784, 48.086443326547979 ], [ 14.019574908569705, 48.086519754027186 ], [ 14.019572551215791, 48.086524266149787 ], [ 14.019427128973364, 48.086574606897997 ], [ 14.019332627773975, 48.086627434943928 ], [ 14.019329772492677, 48.086634918797088 ], [ 14.019306145999098, 48.086696413600031 ], [ 14.019440921601817, 48.086653243134279 ], [ 14.019580707928446, 48.086643869041538 ], [ 14.01971835844275, 48.086676160435267 ], [ 14.019745747279842, 48.08676758086748 ], [ 14.019671703321478, 48.08683423233991 ], [ 14.019596537815351, 48.086887126019924 ], [ 14.019582184298718, 48.087051034150797 ], [ 14.019669981912237, 48.087100713790072 ], [ 14.019696226771389, 48.087115582242767 ], [ 14.019697953194875, 48.087185383525686 ], [ 14.019756969159637, 48.087241620929049 ], [ 14.019861979252543, 48.087354262740405 ], [ 14.019860926758687, 48.087427139227913 ], [ 14.019869913340719, 48.087477285504619 ], [ 14.020029740787905, 48.087521230359179 ], [ 14.020106063192388, 48.087566119637039 ], [ 14.020103593692758, 48.087623170983953 ], [ 14.020043382991616, 48.087669768856372 ], [ 14.019951639524702, 48.087707827063532 ], [ 14.019918952867807, 48.087723764266151 ], [ 14.019771148700308, 48.087787164189493 ], [ 14.019723827425395, 48.087793022159083 ], [ 14.019682538484629, 48.087798124681896 ], [ 14.019644708871937, 48.08777028015264 ], [ 14.019635625444577, 48.087763676657005 ], [ 14.0195783317424, 48.087776970603677 ], [ 14.019556449649443, 48.087818033443625 ], [ 14.019531029021932, 48.087865684545868 ], [ 14.019415871561574, 48.08792034421456 ], [ 14.019503731397576, 48.087954280034459 ], [ 14.019602619454469, 48.088081172494284 ], [ 14.019715961870283, 48.088153551504718 ], [ 14.019732075760652, 48.088163801852282 ], [ 14.019753893079994, 48.088239961482053 ], [ 14.019648629888072, 48.08831183571759 ], [ 14.019600007512247, 48.088422688440325 ], [ 14.019598965244116, 48.088435289465075 ], [ 14.019591346054938, 48.08852952608764 ], [ 14.019579297845604, 48.088593381356134 ], [ 14.019641806111485, 48.088720849002215 ], [ 14.019648847068531, 48.088735471317719 ], [ 14.019618497223789, 48.088796286240083 ], [ 14.019502759368157, 48.088898719874443 ], [ 14.019393745495506, 48.08898159156886 ], [ 14.019367843763053, 48.088992810355371 ], [ 14.019350752584552, 48.089000108571206 ], [ 14.019327919979052, 48.089009869771978 ], [ 14.019316730572575, 48.089016683236977 ], [ 14.019266242161924, 48.089047209676245 ], [ 14.019222815258756, 48.089073555998297 ], [ 14.019208944584621, 48.089151996037742 ], [ 14.019164043645649, 48.089198952634064 ], [ 14.019248243416945, 48.089281040618218 ], [ 14.019262525265955, 48.089294900398393 ], [ 14.019311327693091, 48.089370720456095 ], [ 14.019314844004331, 48.089403176363184 ], [ 14.019326260275509, 48.089403378687216 ], [ 14.019347883227107, 48.089403700527761 ], [ 14.019418643305155, 48.089291367473749 ], [ 14.019474907076491, 48.089291484238636 ], [ 14.019512238025891, 48.089291623097338 ], [ 14.019615640701515, 48.089394108745054 ], [ 14.019633846019422, 48.089481445190351 ], [ 14.019700128704681, 48.089569216650531 ], [ 14.019618094826672, 48.089631057298945 ], [ 14.019509917489193, 48.089645102272449 ], [ 14.019472785802755, 48.089649910207946 ], [ 14.019408450890207, 48.089669093338443 ], [ 14.019337830245004, 48.089690202862116 ], [ 14.019398348825785, 48.089717643296723 ], [ 14.019448195044793, 48.08974019889871 ], [ 14.019471213143397, 48.089795390008383 ], [ 14.019524878660185, 48.089924259463508 ], [ 14.019542969517582, 48.089972372633717 ], [ 14.019563706435921, 48.09002766718995 ], [ 14.019569796855373, 48.090173821310778 ], [ 14.019556084229194, 48.0903253105297 ], [ 14.019554118635927, 48.090339176496165 ], [ 14.019538704117124, 48.090443085259778 ], [ 14.019569239015407, 48.090579468583336 ], [ 14.019591088902189, 48.090607137841907 ], [ 14.019595760884339, 48.090615206866467 ], [ 14.01969066322742, 48.090724579943377 ], [ 14.019788625264127, 48.090862273217674 ], [ 14.019904201486501, 48.090971163825792 ], [ 14.019994612976584, 48.091025055977752 ], [ 14.020022358264288, 48.091041534796751 ], [ 14.020051153697857, 48.091086705635931 ], [ 14.020049818007699, 48.091097419165244 ], [ 14.020037171719038, 48.091197353192662 ], [ 14.020127434449011, 48.091199247416554 ], [ 14.020181029098525, 48.091200459223757 ], [ 14.020305087809058, 48.091229591807597 ], [ 14.020352236214519, 48.09124091761403 ], [ 14.020426056026848, 48.091258562652392 ], [ 14.020488815562761, 48.091363987290777 ], [ 14.020393491576479, 48.091426267075526 ], [ 14.020388805109606, 48.091427284448571 ], [ 14.020378898649465, 48.091429592245881 ], [ 14.020305131915084, 48.091446492713096 ], [ 14.020232189897602, 48.091444495984121 ], [ 14.020163549047723, 48.091483496919501 ], [ 14.020128762786364, 48.091503315002655 ], [ 14.020255445881006, 48.091527754007139 ], [ 14.020306634361116, 48.091590784700237 ], [ 14.020350025708606, 48.091632810207628 ], [ 14.02035397070401, 48.091636655240947 ], [ 14.020401537781863, 48.091638982231849 ], [ 14.020491525755636, 48.091528513832017 ], [ 14.020551799931036, 48.091486413595774 ], [ 14.020600897318882, 48.091452116427838 ], [ 14.020688055682427, 48.091483266649583 ], [ 14.020721651189753, 48.091495302415431 ], [ 14.020835286648413, 48.091579013917666 ], [ 14.020887100687851, 48.09160803457619 ], [ 14.020976796566185, 48.091658421644794 ], [ 14.020989243444753, 48.091645123221163 ], [ 14.021050415450947, 48.09157953701618 ], [ 14.021071156369063, 48.091452116090423 ], [ 14.02112884952848, 48.091448445133146 ], [ 14.021186408407313, 48.091444774944001 ], [ 14.021199286794243, 48.091453964725766 ], [ 14.021254320021136, 48.091492862065856 ], [ 14.021351688687059, 48.091625879453119 ], [ 14.02136632347853, 48.091717105188401 ], [ 14.021371303959011, 48.091748472766071 ], [ 14.02142335726861, 48.091775242687007 ], [ 14.021436065812416, 48.091781734555816 ], [ 14.021655435720925, 48.091808410638365 ], [ 14.021662660515631, 48.091816554382774 ], [ 14.021727153817068, 48.091890390987395 ], [ 14.021722610064373, 48.09200368157807 ], [ 14.021736969037574, 48.092002966560507 ], [ 14.021772664462851, 48.092001135227001 ], [ 14.02180983689818, 48.091999295109765 ], [ 14.023419221236789, 48.091957698080869 ], [ 14.023631853539639, 48.091952113767796 ], [ 14.023716960396236, 48.091949897604735 ], [ 14.023974158365903, 48.091943057628342 ], [ 14.023995234558503, 48.091942572197752 ], [ 14.024218606242327, 48.09193674289213 ], [ 14.024648568841627, 48.091925452960773 ], [ 14.024660693703243, 48.0919081976797 ], [ 14.024724342818661, 48.091817135162287 ], [ 14.024775868129954, 48.091743417858545 ], [ 14.024860038271648, 48.091741476331428 ], [ 14.025589976463099, 48.09170905081281 ], [ 14.026119186211666, 48.09169878199193 ], [ 14.026916896158216, 48.091683485867506 ], [ 14.027058524158408, 48.091680389256084 ], [ 14.027483947550119, 48.091671275079825 ], [ 14.027526225520202, 48.091669672442819 ], [ 14.03010535585144, 48.091615333612985 ], [ 14.030114892831072, 48.09161554617463 ], [ 14.0301449795659, 48.091616085020014 ], [ 14.030638563764258, 48.091612936892496 ], [ 14.033466601902099, 48.091594900200867 ], [ 14.033738368518387, 48.091593168426733 ], [ 14.033750231741589, 48.091596605311643 ], [ 14.033764118744809, 48.091600749672665 ], [ 14.033776816673841, 48.091606340629916 ], [ 14.034512475273875, 48.091939075297404 ], [ 14.035510257590269, 48.092390408709896 ], [ 14.035573149130984, 48.092393806178286 ], [ 14.035689184025049, 48.092504117850041 ], [ 14.03581580384974, 48.092652419723095 ], [ 14.035856874245091, 48.092700571061847 ], [ 14.035860002666649, 48.09270352088982 ], [ 14.035940771847411, 48.092777790832621 ], [ 14.036227393860699, 48.093050171267841 ], [ 14.036340151833283, 48.093156273876865 ], [ 14.036447333183109, 48.093257102368312 ], [ 14.036598177423844, 48.093349389250641 ], [ 14.036743335115856, 48.093438201876694 ], [ 14.037010768009459, 48.093601841261417 ], [ 14.037170653474538, 48.093637665554397 ], [ 14.037326344517101, 48.093681072014789 ], [ 14.037446335249719, 48.09371605864871 ], [ 14.037907492440519, 48.093895162306922 ], [ 14.038028287291816, 48.093929963527501 ], [ 14.038089764490904, 48.093947762360827 ], [ 14.038096639511338, 48.09394969975444 ], [ 14.038245450318371, 48.093970835928566 ], [ 14.038435333532282, 48.094059824277245 ], [ 14.038535479268436, 48.094106805647499 ], [ 14.038612385133447, 48.094153208622629 ], [ 14.038678188762002, 48.094192931857158 ], [ 14.038639462768327, 48.094466565805071 ], [ 14.038578506361739, 48.094685367420112 ], [ 14.038709203898751, 48.094697616879685 ], [ 14.03875613002527, 48.09470191945389 ], [ 14.038784098200022, 48.094704538115643 ], [ 14.039178680751652, 48.095073234546071 ], [ 14.039515571076352, 48.095059667464433 ], [ 14.03964146848805, 48.09505458221556 ], [ 14.040006089771005, 48.095105258422635 ], [ 14.041394735512723, 48.095484526457888 ], [ 14.040767899790961, 48.096060789474407 ], [ 14.040851801873892, 48.096107778010264 ], [ 14.040771508835675, 48.096207677380832 ], [ 14.040746944167772, 48.096238144887096 ], [ 14.040895676327358, 48.096272682689033 ], [ 14.040899986893157, 48.096273645974392 ], [ 14.04091866652287, 48.09625481961131 ], [ 14.041011139163125, 48.096161772956158 ], [ 14.041385935972773, 48.096209503920527 ], [ 14.042018087915366, 48.09629002663565 ], [ 14.042035739249666, 48.096294326925147 ], [ 14.042965570170299, 48.09651831488884 ], [ 14.043084141242273, 48.096546917019644 ], [ 14.04304287567185, 48.096721428421084 ], [ 14.043127536041125, 48.096745020239368 ], [ 14.04322954487585, 48.096750693043766 ], [ 14.043434906698113, 48.096762120113553 ], [ 14.043612830080454, 48.096799984198938 ], [ 14.043797635956965, 48.096859936786366 ], [ 14.043950778438031, 48.096902450384732 ], [ 14.044074616680399, 48.096923282383457 ], [ 14.044162533287729, 48.096929580546465 ], [ 14.044213616146033, 48.096933225694038 ], [ 14.044472986600365, 48.096847879148896 ], [ 14.044483415410387, 48.096844486534835 ], [ 14.044628705226417, 48.09718680488669 ], [ 14.044961333181114, 48.097459601161624 ], [ 14.045004995157914, 48.097539220471127 ], [ 14.045030348564218, 48.097615623522849 ], [ 14.045054443668448, 48.097727659723823 ], [ 14.045066446887107, 48.097829514347382 ], [ 14.045071174752977, 48.097870778432863 ], [ 14.045071887907229, 48.097883638792872 ], [ 14.045079612010463, 48.098016287095781 ], [ 14.045072913845589, 48.098086229624791 ], [ 14.045186189926445, 48.098080856038422 ], [ 14.045219609470172, 48.098079301377716 ], [ 14.04523061502845, 48.09807878398 ], [ 14.045292555771701, 48.098061220630086 ], [ 14.045380478296261, 48.09804817575521 ], [ 14.045456846928287, 48.098044647922393 ], [ 14.045703012384772, 48.098044125137619 ], [ 14.045907771205774, 48.098040527708285 ], [ 14.046091083131994, 48.098030134611086 ], [ 14.046235833079127, 48.098018448988952 ], [ 14.046387387309867, 48.098003482658974 ], [ 14.046560800949436, 48.097986222531361 ], [ 14.047032588843372, 48.097936628116919 ], [ 14.047102859896325, 48.09792917835501 ], [ 14.047122171558922, 48.097927170225724 ], [ 14.047282572275273, 48.097910978731768 ], [ 14.047518611670879, 48.097887034047197 ], [ 14.047718462108591, 48.097868349831565 ], [ 14.04773174062078, 48.097867098483746 ], [ 14.048296819712299, 48.0978142250855 ], [ 14.048555635283995, 48.09778635936032 ], [ 14.048659545498271, 48.097773843097329 ], [ 14.048774451221076, 48.097760089362261 ], [ 14.049003423341043, 48.097730157722985 ], [ 14.049193843999635, 48.09770946001511 ], [ 14.049428369208165, 48.097692717842286 ], [ 14.049631573662731, 48.097683635671558 ], [ 14.049787462319522, 48.097681232960774 ], [ 14.050046450306937, 48.097685479718955 ], [ 14.050085427319287, 48.097687667752751 ], [ 14.050271976648324, 48.097697939569919 ], [ 14.050499463741144, 48.097716234465807 ], [ 14.050767595357479, 48.097740754749708 ], [ 14.05096574219804, 48.097754462248609 ], [ 14.051100772644499, 48.097758754207945 ], [ 14.051228959593216, 48.097753732208147 ], [ 14.051261285818439, 48.09775083312546 ], [ 14.051348874229859, 48.097742913688691 ], [ 14.051373383167107, 48.097737993835615 ], [ 14.051448247865634, 48.097722866104675 ], [ 14.051899727009703, 48.097603566135106 ], [ 14.051990825274943, 48.09758725787006 ], [ 14.05211233844547, 48.097565812979624 ], [ 14.052276048954029, 48.097536639326734 ], [ 14.052470516052482, 48.097468770364358 ], [ 14.052480540359566, 48.09746528957551 ], [ 14.052541535398328, 48.097437832234924 ], [ 14.052986539581449, 48.097268278672487 ], [ 14.053483882724453, 48.097096239136434 ], [ 14.05409096792383, 48.096887170006617 ], [ 14.054349991921907, 48.096787679182881 ], [ 14.0543785794451, 48.096776705777934 ], [ 14.054419716240858, 48.096760346471392 ], [ 14.054737853169167, 48.096633498059298 ], [ 14.054918453144726, 48.096553926023773 ], [ 14.055019356959811, 48.096499229933038 ], [ 14.055063345266916, 48.096475475647104 ], [ 14.055083565621388, 48.096461585365667 ], [ 14.055195843541872, 48.096384597352774 ], [ 14.055386642406573, 48.096236858795173 ], [ 14.055492080226657, 48.096170258874864 ], [ 14.055607277992408, 48.096119881417899 ], [ 14.055753452007931, 48.096075878139942 ], [ 14.056028461932577, 48.09602558380714 ], [ 14.05618888705682, 48.096002092746602 ], [ 14.05634435354497, 48.095979352096371 ], [ 14.056463815165154, 48.095965292393672 ], [ 14.056620951607176, 48.095946769233414 ], [ 14.056854948533985, 48.095921738634246 ], [ 14.057146680826106, 48.095895897274154 ], [ 14.057391161384707, 48.095871519839442 ], [ 14.057724674258241, 48.095837139425441 ], [ 14.058246730843161, 48.095763794560519 ], [ 14.058251153407959, 48.095763137161164 ], [ 14.058263617910701, 48.095761349911619 ], [ 14.058281291871452, 48.095757550888159 ], [ 14.058628050134473, 48.09568116208191 ], [ 14.059426662652376, 48.095505322223794 ], [ 14.059542738845311, 48.095479765220148 ], [ 14.059731914445512, 48.095438096436787 ], [ 14.05978104902475, 48.095427262822241 ], [ 14.059844107464613, 48.095413373132324 ], [ 14.060159555774517, 48.09539358300843 ], [ 14.060707099455362, 48.095328343845289 ], [ 14.060762162253079, 48.095318912031274 ], [ 14.061211638130052, 48.095241780887015 ], [ 14.061741315597725, 48.095224329637396 ], [ 14.062028320822034, 48.095206602368059 ], [ 14.062311610756263, 48.095182510343562 ], [ 14.062408894813194, 48.095186486682898 ], [ 14.062475275237473, 48.095189307869461 ], [ 14.062568663896169, 48.095193218612579 ], [ 14.063245247299005, 48.095165480069973 ], [ 14.063619997579156, 48.095161050721913 ], [ 14.063761061212741, 48.095165020014065 ], [ 14.064062804998986, 48.095173644105287 ], [ 14.064403087199006, 48.09523933112866 ], [ 14.064596269301749, 48.095272838597459 ], [ 14.064932015261583, 48.095330995755859 ], [ 14.065107706925126, 48.095381256003435 ], [ 14.065144113622637, 48.095391731839101 ], [ 14.065307651417967, 48.095379903729174 ], [ 14.065443362219673, 48.095385164267228 ], [ 14.065772142381176, 48.095444442555234 ], [ 14.065842152710212, 48.095457044905757 ], [ 14.065922529398327, 48.095471470938499 ], [ 14.066026883104787, 48.095491053221878 ], [ 14.066064719022728, 48.095498101123347 ], [ 14.066839675163797, 48.095627515809952 ], [ 14.066863773884505, 48.095631771538585 ], [ 14.067967492730107, 48.095828100003523 ], [ 14.06791265691251, 48.095958174876429 ], [ 14.067882511667499, 48.096029796917733 ], [ 14.067993182370165, 48.096049607304053 ], [ 14.068111660666066, 48.096070717551576 ], [ 14.068131722292433, 48.096074368861558 ], [ 14.068252251809149, 48.096098074906344 ], [ 14.068282540622599, 48.096103190734674 ], [ 14.068471675762279, 48.09613500812474 ], [ 14.06864709588524, 48.096156116579088 ], [ 14.068734806635888, 48.096166715684461 ], [ 14.069042379457912, 48.096197690799336 ], [ 14.069492116147932, 48.096224703667389 ], [ 14.069539020731877, 48.096227194676338 ], [ 14.069838325938292, 48.096243286243748 ], [ 14.0706251191087, 48.09626833280003 ], [ 14.070687594368337, 48.096270274498373 ], [ 14.070640604604501, 48.096138596858538 ], [ 14.070534030422543, 48.095839336182067 ], [ 14.070501524679537, 48.095791502353592 ], [ 14.070395910537302, 48.095635727284993 ], [ 14.070372702733277, 48.095609065699946 ], [ 14.070155791179584, 48.095360705757336 ], [ 14.070148008440142, 48.095351668904698 ], [ 14.06997764804084, 48.095156631017439 ], [ 14.069902480978751, 48.095073892344622 ], [ 14.069730867461507, 48.094885069535614 ], [ 14.069430710360695, 48.094513986894889 ], [ 14.069159835474951, 48.094124095127583 ], [ 14.06890959610941, 48.093816208521176 ], [ 14.068884234004452, 48.093770038201335 ], [ 14.068669407442064, 48.093430619017788 ], [ 14.068658967190643, 48.093414041977596 ], [ 14.068652563655016, 48.093388532933872 ], [ 14.068614857180226, 48.09323853288921 ], [ 14.068608027975106, 48.093211407196797 ], [ 14.068610784996006, 48.093197445349965 ], [ 14.068614974410558, 48.093028287187373 ], [ 14.068633581629044, 48.092976620009303 ], [ 14.068658771137288, 48.09290610867717 ], [ 14.068678022945035, 48.092852548164274 ], [ 14.068697659738106, 48.092797725713964 ], [ 14.068718974675409, 48.092738124540944 ], [ 14.068721477583518, 48.092734690044956 ], [ 14.068752843760148, 48.092692657969941 ], [ 14.068776962105364, 48.092660387940825 ], [ 14.068866178537492, 48.0925404401425 ], [ 14.068920342795787, 48.092467765684859 ], [ 14.068938811966175, 48.092425365574975 ], [ 14.069062248912479, 48.092142456214361 ], [ 14.069167426061167, 48.092087720460157 ], [ 14.069200220652128, 48.092070779041151 ], [ 14.0692071506981, 48.092067046538325 ], [ 14.069257268453557, 48.09204063891076 ], [ 14.069333108759395, 48.091981501100797 ], [ 14.069358875218676, 48.091961365567371 ], [ 14.069361664409648, 48.091959188729575 ], [ 14.069370299254539, 48.091952566554973 ], [ 14.06968559324411, 48.091819217181687 ], [ 14.069938547794415, 48.09170272644274 ], [ 14.070010325228806, 48.091669703457697 ], [ 14.07003738888489, 48.09165585698188 ], [ 14.070461062486791, 48.091438330316407 ], [ 14.070336765559285, 48.091280694614298 ], [ 14.070634210726228, 48.091195946503177 ], [ 14.070678346783119, 48.091183430699765 ], [ 14.070789220090989, 48.091151867833815 ], [ 14.070972478706773, 48.091101851516179 ], [ 14.071242149192999, 48.091028254142103 ], [ 14.071840110123397, 48.090886351750747 ], [ 14.072987579097855, 48.0906426107953 ], [ 14.073004448465262, 48.090639084528952 ], [ 14.073207139001166, 48.090596047782668 ], [ 14.073260202235087, 48.090588152120098 ], [ 14.073270253251202, 48.090586738504527 ], [ 14.073264462627799, 48.090519482587915 ], [ 14.073254754906859, 48.090403401358607 ], [ 14.07327165003187, 48.090241178830688 ], [ 14.073321149969937, 48.090011095400264 ], [ 14.073346457992644, 48.089902257606198 ], [ 14.073358732192013, 48.089849460477907 ], [ 14.073391253138135, 48.08970962907982 ], [ 14.073410223370116, 48.089589496286635 ], [ 14.073447916792134, 48.089350761635757 ], [ 14.07352754351265, 48.088935430140367 ], [ 14.073527466419206, 48.088788429782738 ], [ 14.07349977123874, 48.088710518055471 ], [ 14.073485504250799, 48.088670395337346 ], [ 14.073528772384893, 48.088710332861091 ], [ 14.073567412876997, 48.088745891695368 ], [ 14.073620047549943, 48.08877407407325 ], [ 14.073646024766136, 48.088787852552215 ], [ 14.073703258951261, 48.088808988339132 ], [ 14.073728906233821, 48.08881845064446 ], [ 14.073877466558759, 48.088859694630294 ], [ 14.074055489872084, 48.088895442285633 ], [ 14.074071244984895, 48.088898580300018 ], [ 14.074301309630094, 48.088930216515706 ], [ 14.074534852346607, 48.088951484197871 ], [ 14.074904728655714, 48.088985103947508 ], [ 14.075382730086933, 48.089020909213652 ], [ 14.075958492070521, 48.089066522026243 ], [ 14.076414009654439, 48.089116861309357 ], [ 14.076422083574622, 48.089118069043032 ], [ 14.076594308447362, 48.089142514545294 ], [ 14.076765322519989, 48.089166787630731 ], [ 14.076890320164591, 48.089184518409823 ], [ 14.077000920598659, 48.089200182292757 ], [ 14.077527994541679, 48.089286943272825 ], [ 14.077792339055668, 48.089330407645186 ], [ 14.078115187670742, 48.089380332774013 ], [ 14.078320722546964, 48.089405281398577 ], [ 14.078423825871615, 48.089413075296015 ], [ 14.078585673184151, 48.089425349475427 ], [ 14.078710309704508, 48.089427157021511 ], [ 14.078741065714778, 48.089427588988521 ], [ 14.078790860478817, 48.089426009266788 ], [ 14.078906017156067, 48.089422209846681 ], [ 14.079077838239137, 48.089408959418861 ], [ 14.079595495001833, 48.088866834290073 ], [ 14.079750312588281, 48.08866998609286 ], [ 14.07989484228688, 48.088486158729779 ], [ 14.08002393841258, 48.088312326619253 ], [ 14.080080321275585, 48.088236573648963 ], [ 14.080068098137966, 48.088133373844286 ], [ 14.080054041847804, 48.088014712053813 ], [ 14.08004028771121, 48.087898387372064 ], [ 14.080027914979093, 48.087794108948742 ], [ 14.079965679642658, 48.087621059439321 ], [ 14.07993435170213, 48.087533906276185 ], [ 14.079633961169545, 48.086895927418404 ], [ 14.079712704687942, 48.086872029758759 ], [ 14.080429147841654, 48.086654649324402 ], [ 14.080957828023859, 48.086499471240074 ], [ 14.081219225528383, 48.086422754928016 ], [ 14.081504806611274, 48.086337785160936 ], [ 14.082002433490938, 48.086189819890564 ], [ 14.082480545305424, 48.086048186109792 ], [ 14.082781235049273, 48.08595906712722 ], [ 14.082828661870572, 48.08594247697151 ], [ 14.082801965220481, 48.085916110221525 ], [ 14.082684140849578, 48.085799379057548 ], [ 14.082495211896935, 48.085612035823537 ], [ 14.083217832815279, 48.085415379635037 ], [ 14.083324159138668, 48.085386442968598 ], [ 14.083413626174377, 48.085361573727496 ], [ 14.083722948113257, 48.085275545122578 ], [ 14.084149735027891, 48.085160326179157 ], [ 14.084605591513842, 48.085031332655916 ], [ 14.084751614594298, 48.084989992204108 ], [ 14.084832115081364, 48.084967249160528 ], [ 14.08499003838404, 48.084922502575601 ], [ 14.085784590635706, 48.084706111398646 ], [ 14.085810670007564, 48.084699014853065 ], [ 14.085774173108295, 48.084589225738334 ], [ 14.08575269185129, 48.084524321168097 ], [ 14.085731074532861, 48.084134287288052 ], [ 14.085723103243618, 48.083991566027109 ], [ 14.085798938914241, 48.083627798681071 ], [ 14.0857796611553, 48.083594547155016 ], [ 14.086043645796618, 48.082899929386741 ], [ 14.086100496605818, 48.082866813209641 ], [ 14.086122732748233, 48.082853983840543 ], [ 14.086148160929243, 48.082839064558343 ], [ 14.086156282458845, 48.08283433367022 ], [ 14.086216462021245, 48.082799306565725 ], [ 14.086349602058773, 48.082721792161443 ], [ 14.0866279646122, 48.08256677431347 ], [ 14.086881808831972, 48.082424690104524 ], [ 14.087114864041473, 48.082302712577899 ], [ 14.087466412932335, 48.082130483311744 ], [ 14.087802481975578, 48.081955654801192 ], [ 14.088151948466159, 48.081769762405337 ], [ 14.088587282634338, 48.08157080436677 ], [ 14.088620626071664, 48.081555563053193 ], [ 14.089227172586172, 48.081275958297653 ], [ 14.089618945664244, 48.081101030960774 ], [ 14.089736730569927, 48.081048442887955 ], [ 14.090213164580696, 48.080814574132035 ], [ 14.090226214507142, 48.080807201801697 ], [ 14.090290929725628, 48.080770523546406 ], [ 14.090308005635292, 48.08076303494682 ], [ 14.090313609852931, 48.080760659271874 ], [ 14.090341892878097, 48.080748329360873 ], [ 14.090731293014269, 48.080558479616712 ], [ 14.090795816333282, 48.080527110217346 ], [ 14.091500672215835, 48.080325209617079 ], [ 14.092075841279417, 48.08011470755438 ], [ 14.092113126935679, 48.080102948013653 ], [ 14.09213504425939, 48.080096057192073 ], [ 14.092200992090824, 48.080079611741169 ], [ 14.09224764314706, 48.080065631688683 ], [ 14.092601206417035, 48.079960036863397 ], [ 14.092694642316891, 48.079932075536831 ], [ 14.092980465129292, 48.079848964628376 ], [ 14.092966923119056, 48.079831780246046 ], [ 14.092916850678447, 48.079767694000907 ], [ 14.092884563180196, 48.079726342106937 ], [ 14.092883695997811, 48.079685324066809 ], [ 14.092882234727297, 48.079621998771223 ], [ 14.092898421050721, 48.079590405177584 ], [ 14.092943464392198, 48.079503114461467 ], [ 14.092906318714064, 48.079404847002081 ], [ 14.09285068023336, 48.079400893366007 ], [ 14.092603126218872, 48.079383083204071 ], [ 14.092572901744187, 48.079335870024487 ], [ 14.092521797797636, 48.079256226535001 ], [ 14.092606111305255, 48.07924721753097 ], [ 14.092649273534358, 48.079242616453698 ], [ 14.092749807698889, 48.079231971672826 ], [ 14.092639852022224, 48.079102963593726 ], [ 14.092676682676682, 48.078958869320793 ], [ 14.092502672001675, 48.078865456844696 ], [ 14.09242915411768, 48.078859820845409 ], [ 14.092371496112802, 48.078855430389218 ], [ 14.091764542758757, 48.078864532088815 ], [ 14.091726998087855, 48.078840037602035 ], [ 14.091691620935102, 48.078816878384195 ], [ 14.091675299688251, 48.078783968279843 ], [ 14.091679181101911, 48.078755514155475 ], [ 14.091661441945424, 48.078754280768578 ], [ 14.091317531003188, 48.078729451387566 ], [ 14.091267806410459, 48.078725908137855 ], [ 14.091181794195817, 48.078719633348982 ], [ 14.090964643426558, 48.078724291894531 ], [ 14.090716087345548, 48.078729605104414 ], [ 14.090644473587661, 48.07869795584547 ], [ 14.090402200578515, 48.078590681971129 ], [ 14.090368284336522, 48.078575609597031 ], [ 14.090283563553294, 48.078538108091116 ], [ 14.090228388077799, 48.078473604195494 ], [ 14.090183045310052, 48.078420551490389 ], [ 14.090180170126926, 48.078370550107543 ], [ 14.090179456564938, 48.078358409584773 ], [ 14.089926959719596, 48.078000201031415 ], [ 14.0897464066719, 48.077705486982545 ], [ 14.089726386931224, 48.077473419698862 ], [ 14.089502660873823, 48.077256176428186 ], [ 14.089451104000387, 48.077154133404633 ], [ 14.08948077686747, 48.07697886916916 ], [ 14.089541980332978, 48.07683938490932 ], [ 14.089568512670237, 48.076531173789213 ], [ 14.08954196473613, 48.076505707186477 ], [ 14.08933531777466, 48.076438052813245 ], [ 14.089242562046559, 48.076272223807031 ], [ 14.088933175931096, 48.076053648870818 ], [ 14.088904958547833, 48.076051853637942 ], [ 14.088746942804361, 48.076041908153918 ], [ 14.088703343135665, 48.076025458986649 ], [ 14.088567413474617, 48.075974075643948 ], [ 14.088412045138025, 48.075915261796538 ], [ 14.088017170112774, 48.075605387799662 ], [ 14.088010381625438, 48.075600124111034 ], [ 14.087980889088458, 48.075528884457171 ], [ 14.08800024112335, 48.075484046133226 ], [ 14.088009071372648, 48.075463476747565 ], [ 14.088031448421082, 48.075442099421402 ], [ 14.088044026787248, 48.07543005223912 ], [ 14.088051441922165, 48.0754229867239 ], [ 14.088057533017517, 48.075417189332853 ], [ 14.088076001157784, 48.075357692555244 ], [ 14.088088313227848, 48.075318028034502 ], [ 14.087984272439737, 48.075243765283723 ], [ 14.087922169347108, 48.075210253122968 ], [ 14.087766982339861, 48.075126697026668 ], [ 14.087763329300245, 48.075106208927892 ], [ 14.087758585319154, 48.075066025729079 ], [ 14.087707126395715, 48.074942569724485 ], [ 14.087690297975817, 48.074902195295735 ], [ 14.087621730872026, 48.074737556956983 ], [ 14.087556292247132, 48.074659084109577 ], [ 14.087492884248075, 48.074600300213781 ], [ 14.085670412864628, 48.073187290434383 ], [ 14.085516187384677, 48.073048846783756 ], [ 14.085398301831294, 48.072954159685601 ], [ 14.085405084341861, 48.072856864111039 ], [ 14.085406543280259, 48.072837062465979 ], [ 14.085181857235719, 48.072708701851894 ], [ 14.085080043352765, 48.072704324408313 ], [ 14.085071312354509, 48.072703931228375 ], [ 14.08501772233218, 48.072729738814196 ], [ 14.084968930517004, 48.072753176175596 ], [ 14.08490294724235, 48.072757382667653 ], [ 14.084881489708099, 48.072758781341143 ], [ 14.084918478659521, 48.072828983583086 ], [ 14.084954637686662, 48.07289748187123 ], [ 14.084885166152262, 48.072948312552029 ], [ 14.084758072437518, 48.072885172080774 ], [ 14.084752304331802, 48.07286685674179 ], [ 14.084744983148102, 48.072843243572201 ], [ 14.08477929850177, 48.072821249653011 ], [ 14.084790736513623, 48.072813888358979 ], [ 14.084766525378015, 48.072736136168075 ], [ 14.08470061798856, 48.07270840467929 ], [ 14.084744019338956, 48.072674206654106 ], [ 14.084798308233763, 48.072668906553936 ], [ 14.08485916625137, 48.072663024036956 ], [ 14.084929141026192, 48.072656362639393 ], [ 14.08492140370781, 48.072641118870784 ], [ 14.084905106860708, 48.072609467127037 ], [ 14.084886344667893, 48.072602301698147 ], [ 14.084727065623435, 48.072541259189599 ], [ 14.084600534023505, 48.072516979536907 ], [ 14.084694392297914, 48.072435223051542 ], [ 14.08469132236405, 48.072352745563464 ], [ 14.084855051894863, 48.072145665200821 ], [ 14.084873640732148, 48.072122243845158 ], [ 14.084907783221084, 48.072079019388809 ], [ 14.084916121332851, 48.071977845256946 ], [ 14.084865148442921, 48.071952446031261 ], [ 14.084923623735838, 48.071828095731604 ], [ 14.084973850913329, 48.071829749150965 ], [ 14.084948985745985, 48.07175317075334 ], [ 14.084992344153155, 48.07172536037335 ], [ 14.085011230690634, 48.071713272582635 ], [ 14.085068473700801, 48.07162446615586 ], [ 14.08509229605662, 48.07161954348738 ], [ 14.08514248314397, 48.071609141853301 ], [ 14.085160664184903, 48.07157609689235 ], [ 14.085204223774653, 48.07149718530205 ], [ 14.085177495862959, 48.071431054909851 ], [ 14.08519126119095, 48.071287472245274 ], [ 14.085319298157952, 48.07116527929319 ], [ 14.08543250798658, 48.071113174806271 ], [ 14.085457843209808, 48.071101494903473 ], [ 14.085477827541913, 48.071063220238763 ], [ 14.085492719007474, 48.071034784759213 ], [ 14.085611064339577, 48.070808655413252 ], [ 14.085681087957408, 48.070824124491494 ], [ 14.085685263026255, 48.070825086992429 ], [ 14.085796265468565, 48.070778214410858 ], [ 14.08573504733971, 48.070703311650362 ], [ 14.085722474330201, 48.07068782943184 ], [ 14.085758712967204, 48.070650438774813 ], [ 14.085765060491422, 48.070643830146906 ], [ 14.085815712912002, 48.070591411762429 ], [ 14.085815662754811, 48.070522949093835 ], [ 14.085815692932393, 48.070515751736721 ], [ 14.085819564430457, 48.070514287162339 ], [ 14.085851341711638, 48.070502565332561 ], [ 14.085865627541525, 48.070497254611041 ], [ 14.085863291736556, 48.070474958581208 ], [ 14.085858049448882, 48.070428031149774 ], [ 14.08584150979965, 48.070277447995466 ], [ 14.085904336438579, 48.070175829867125 ], [ 14.085911679579603, 48.07016381689153 ], [ 14.085911739658775, 48.0701586885233 ], [ 14.085913399070643, 48.070087785697638 ], [ 14.086112559385018, 48.069964679993362 ], [ 14.086223751430522, 48.069717634639481 ], [ 14.086274888600062, 48.069661704261634 ], [ 14.08648036006309, 48.069436896933908 ], [ 14.086522936150581, 48.069345935906931 ], [ 14.086695911420117, 48.069324389414078 ], [ 14.086855445419344, 48.069320113306716 ], [ 14.086909430989124, 48.069303388660657 ], [ 14.087060375593241, 48.069215770979547 ], [ 14.087228087330463, 48.069108881547479 ], [ 14.087224673416623, 48.069067789949528 ], [ 14.08726148317624, 48.069042180430941 ], [ 14.087361412324007, 48.068972527336086 ], [ 14.087254379176816, 48.068857529373979 ], [ 14.087507461540856, 48.068686119171581 ], [ 14.087575854569431, 48.06854290017322 ], [ 14.087574944031125, 48.068341115505703 ], [ 14.08748248975397, 48.068166916085019 ], [ 14.087714146411578, 48.067999243402966 ], [ 14.087726631865944, 48.067990165649981 ], [ 14.087808113447259, 48.067981448318292 ], [ 14.087939047084559, 48.06796746081482 ], [ 14.088003547479875, 48.067944729493831 ], [ 14.088065646373243, 48.067923003390341 ], [ 14.088242579850819, 48.067452865115847 ], [ 14.088231408331838, 48.067404446963423 ], [ 14.088223146710998, 48.067371573733006 ], [ 14.088209295277029, 48.067341975647658 ], [ 14.088188524678174, 48.067298028296648 ], [ 14.088189981098035, 48.067278136622242 ], [ 14.088134529509485, 48.066962182182991 ], [ 14.088368165542335, 48.066783429527604 ], [ 14.088778618905669, 48.066469476268331 ], [ 14.088666356082086, 48.066345427189816 ], [ 14.08853039190787, 48.066243663802119 ], [ 14.088401425640081, 48.066161646879046 ], [ 14.088353186346833, 48.066130113748713 ], [ 14.088341804739228, 48.066122720849137 ], [ 14.088296682263836, 48.066093236572186 ], [ 14.088209926978692, 48.066043511591296 ], [ 14.08769089195, 48.065746320143553 ], [ 14.087679794573683, 48.065740004904768 ], [ 14.087634995962576, 48.065714296779028 ], [ 14.087046034080412, 48.06540739168063 ], [ 14.086983960251045, 48.065375048333941 ], [ 14.086979100247978, 48.065373100724464 ], [ 14.086965734590247, 48.065367699819248 ], [ 14.086939544006583, 48.065357164381105 ], [ 14.086932928934681, 48.065354508468033 ], [ 14.086919155465035, 48.065348750351312 ], [ 14.086139219963002, 48.065051629311597 ], [ 14.086301409917215, 48.064749373549922 ], [ 14.086279280052835, 48.064722617926357 ], [ 14.085818666895696, 48.064593542309069 ], [ 14.085356708804678, 48.064464113741799 ], [ 14.085452741520454, 48.064348155611846 ], [ 14.085466196126792, 48.064331874619988 ], [ 14.085584606846357, 48.064232054705656 ], [ 14.085824478431569, 48.064029965636799 ], [ 14.086383654939921, 48.063522709848328 ], [ 14.086445039814024, 48.063461224775864 ], [ 14.087266306056495, 48.06263810355091 ], [ 14.087398637159033, 48.062462080882696 ], [ 14.087580210527261, 48.062220423031405 ], [ 14.087768979631676, 48.062021631215565 ], [ 14.087700857696225, 48.06200696072483 ], [ 14.087601440834483, 48.061981338313402 ], [ 14.087574363286707, 48.061974317418525 ], [ 14.08756574219748, 48.061972124425019 ], [ 14.087205255723266, 48.061879198032329 ], [ 14.087005907075801, 48.06183866143931 ], [ 14.086735757373441, 48.061783740768391 ], [ 14.086240570472102, 48.061647244686391 ], [ 14.086217933411206, 48.06164100430076 ], [ 14.086051389951649, 48.061595124883056 ], [ 14.085491425635487, 48.061396430981738 ], [ 14.085442907869059, 48.061382351606774 ], [ 14.085054506088309, 48.061270257353151 ], [ 14.085035487365596, 48.061263633400003 ], [ 14.085012286564879, 48.06125550717735 ], [ 14.084886667920818, 48.061208910727231 ], [ 14.084808138796655, 48.061179731762458 ], [ 14.084758080367671, 48.06116116385639 ], [ 14.0844181264649, 48.061076732278416 ], [ 14.084410535075879, 48.061071473572639 ], [ 14.084403214670298, 48.061066393039134 ], [ 14.084236476810499, 48.060950969502741 ], [ 14.083942585627941, 48.060747484433087 ], [ 14.084051712988821, 48.060637110229727 ], [ 14.084077110736555, 48.060611485605868 ], [ 14.08373102009512, 48.060222021139353 ], [ 14.083602810226662, 48.060060555024251 ], [ 14.083539406982561, 48.059991242899621 ], [ 14.083508317705695, 48.059957167630152 ], [ 14.083408098853706, 48.059847519697051 ], [ 14.083362659312094, 48.059795454372548 ], [ 14.083360748254103, 48.059793217624893 ], [ 14.083026547586075, 48.059464490257639 ], [ 14.08297944590975, 48.059418103321278 ], [ 14.082957393847845, 48.059396474531908 ], [ 14.082902532150625, 48.05934240080289 ], [ 14.083049772170716, 48.059232050767001 ], [ 14.083344200631871, 48.05908242266888 ], [ 14.083635012125248, 48.058914734295954 ], [ 14.083906787228543, 48.058739251605758 ], [ 14.084199768239802, 48.058350054204951 ], [ 14.084215305091837, 48.058329351541708 ], [ 14.084239294900176, 48.058299237736513 ], [ 14.084360684530278, 48.058146230237348 ], [ 14.084705348168049, 48.057712163729931 ], [ 14.084951904437421, 48.057463700554493 ], [ 14.084958650411203, 48.057456909415791 ], [ 14.084968039799316, 48.057447312212737 ], [ 14.084986956645139, 48.057428386803004 ], [ 14.085226895910914, 48.057186533375734 ], [ 14.085206108294638, 48.057178121633882 ], [ 14.085161022239168, 48.057159791521414 ], [ 14.085153476811724, 48.057157681334395 ], [ 14.085015229642513, 48.057118724034986 ], [ 14.084684300203689, 48.057025508132185 ], [ 14.084342993184102, 48.056929119832262 ], [ 14.083965441960247, 48.056822529467141 ], [ 14.083692990453217, 48.056736218959223 ], [ 14.083540791249129, 48.056688083898088 ], [ 14.083513020167324, 48.056679267256293 ], [ 14.083399237347404, 48.056652294868179 ], [ 14.083272797509002, 48.056622345503648 ], [ 14.083215839117843, 48.056608859639717 ], [ 14.083194027837395, 48.056603872832433 ], [ 14.083076627626205, 48.056577283405147 ], [ 14.082670170057408, 48.056485180349533 ], [ 14.082556518844338, 48.056467292742823 ], [ 14.082403730362381, 48.056443360568863 ], [ 14.082277698427802, 48.05642303373142 ], [ 14.082135120908539, 48.05639993483522 ], [ 14.081983532686353, 48.056375454561142 ], [ 14.081826968269434, 48.056350196559301 ], [ 14.081699993639404, 48.056329605292476 ], [ 14.081578668929509, 48.056309967006108 ], [ 14.08152158257141, 48.056306197349706 ], [ 14.081386050560003, 48.056297086554125 ], [ 14.081442159450502, 48.056223492769796 ], [ 14.081447032362023, 48.056217073790833 ], [ 14.081455593822616, 48.056205862849581 ], [ 14.08151841774119, 48.056123319130229 ], [ 14.081539884520749, 48.056095021458752 ], [ 14.081177543579116, 48.055869390195475 ], [ 14.080847672690268, 48.055689970170093 ], [ 14.080510639338245, 48.055469481440987 ], [ 14.080462548901348, 48.055437944046034 ], [ 14.080414387593001, 48.055410815369399 ], [ 14.080285597722503, 48.055338324512292 ], [ 14.079209295194039, 48.054732418866607 ], [ 14.079082752315944, 48.054657303225952 ], [ 14.078884751450484, 48.054539824092373 ], [ 14.078544998013834, 48.054343817631747 ], [ 14.078471663149106, 48.054301556062406 ], [ 14.078405878286533, 48.054261764901561 ], [ 14.078152760179821, 48.054108922958463 ], [ 14.078105307038081, 48.054046702446414 ], [ 14.07808370204223, 48.054018502402712 ], [ 14.077983052790941, 48.053886541165063 ], [ 14.077812444050252, 48.053657327572878 ], [ 14.077659269080023, 48.053455441004509 ], [ 14.077460708466955, 48.053542363402165 ], [ 14.077415782413963, 48.05356298408558 ], [ 14.077263406170488, 48.053632875968937 ], [ 14.077134744718496, 48.053681473607966 ], [ 14.077093017286439, 48.053691187866647 ], [ 14.076984821073754, 48.053716442973659 ], [ 14.076883033580486, 48.053730051363573 ], [ 14.076761693821663, 48.053746394137811 ], [ 14.076653616769899, 48.053780014907055 ], [ 14.076590627840565, 48.053729139093299 ], [ 14.076439230848719, 48.053924164806368 ], [ 14.076474975254794, 48.054134543366906 ], [ 14.076457757149388, 48.05413159502347 ], [ 14.07620838115955, 48.054090101427974 ], [ 14.076018916100018, 48.054081240305706 ], [ 14.075945599945593, 48.054077751907641 ], [ 14.075917562446778, 48.054078291514251 ], [ 14.075676361479941, 48.054083076297708 ], [ 14.075223585613013, 48.054128260643324 ], [ 14.075216696702357, 48.054012070107838 ], [ 14.075210373131787, 48.053907301490234 ], [ 14.075209352745459, 48.053892193920589 ], [ 14.07520607153725, 48.053840844971404 ], [ 14.074780454990059, 48.053795438917632 ], [ 14.074579863129488, 48.053768383796914 ], [ 14.074472981844639, 48.053754133540998 ], [ 14.07430855874618, 48.053732154453748 ], [ 14.074257488311186, 48.0536888481601 ], [ 14.074206145772644, 48.053645273689511 ], [ 14.074133964534163, 48.053617756260437 ], [ 14.07407932198314, 48.053596873995623 ], [ 14.073718948520197, 48.053440030114515 ], [ 14.073712467250932, 48.053437192665136 ], [ 14.07363993954537, 48.053451330896664 ], [ 14.073569687638123, 48.053465094679076 ], [ 14.073564596709982, 48.053465667002712 ], [ 14.073510068567735, 48.053471683246443 ], [ 14.073490353879334, 48.053462992663505 ], [ 14.073486673643513, 48.053458967759283 ], [ 14.073484493615814, 48.053456642601937 ], [ 14.073473861827601, 48.053445015099975 ], [ 14.073054733301788, 48.053166462205084 ], [ 14.072997753200298, 48.053132099624655 ], [ 14.072833444021461, 48.053032927836583 ], [ 14.072652081578743, 48.052923428735113 ], [ 14.072480919445935, 48.052823490505254 ], [ 14.072344802138527, 48.05274402036725 ], [ 14.072245758507917, 48.052686175045395 ], [ 14.071905927296886, 48.052482052889459 ], [ 14.071852805016661, 48.052454682412133 ], [ 14.071841584600254, 48.052448816267912 ], [ 14.071749937862693, 48.052401539222181 ], [ 14.07171100830281, 48.052381455322958 ], [ 14.071687270702059, 48.05236343372804 ], [ 14.071673027128982, 48.05235254880327 ], [ 14.071432389951392, 48.052169384496068 ], [ 14.070893144798188, 48.051916059625789 ], [ 14.070528387054432, 48.051751316873847 ], [ 14.069927074877933, 48.051416154602414 ], [ 14.069849089368958, 48.051509134466443 ], [ 14.069760283663731, 48.051615048052277 ], [ 14.069566573412667, 48.051846139857865 ], [ 14.06946815341804, 48.052012390798204 ], [ 14.069399872226507, 48.052127529985313 ], [ 14.069323482699454, 48.052210153354984 ], [ 14.069277886814001, 48.052259473937909 ], [ 14.068998347358638, 48.052589261706053 ], [ 14.068884578645365, 48.052723582075295 ], [ 14.068848150811544, 48.052766546713521 ], [ 14.06884339813503, 48.052772064750251 ], [ 14.068800899969451, 48.052822265108396 ], [ 14.068689770491611, 48.052953509705745 ], [ 14.068718434601051, 48.052987874234368 ], [ 14.068817798469556, 48.053106626723824 ], [ 14.068693744478626, 48.053377398902377 ], [ 14.068655522983898, 48.053578443096093 ], [ 14.068653893060363, 48.053586550279533 ], [ 14.06860048309848, 48.053690798721547 ], [ 14.068565613795746, 48.053758673619072 ], [ 14.068546300752821, 48.053768872267796 ], [ 14.068339710950099, 48.053877511413191 ], [ 14.068313779233979, 48.053894139523798 ], [ 14.068089487377495, 48.054032129103646 ], [ 14.067790696803078, 48.054216022866463 ], [ 14.067566905602733, 48.054342132872478 ], [ 14.067537617736928, 48.054358692112615 ], [ 14.067280409515423, 48.054503636073932 ], [ 14.067261374204431, 48.054505016192017 ], [ 14.067231882000439, 48.054507092314104 ], [ 14.06685561007046, 48.054630388384652 ], [ 14.066708279513154, 48.054678642752478 ], [ 14.066543130051967, 48.054757507786441 ], [ 14.066512875582838, 48.054753111084558 ], [ 14.066491898343189, 48.054750005127609 ], [ 14.066416329923506, 48.054739057878436 ], [ 14.066413174269124, 48.05474366605393 ], [ 14.06640975532626, 48.05474863575477 ], [ 14.066352540776968, 48.054830865789327 ], [ 14.06615202562454, 48.054904556163947 ], [ 14.066094220466692, 48.054925793680127 ], [ 14.065969874520595, 48.054881507866746 ], [ 14.065875788247029, 48.054880123688633 ], [ 14.065605076311886, 48.054876437489106 ], [ 14.065504656554301, 48.054796823694168 ], [ 14.06505720714601, 48.054859207784453 ], [ 14.065058564363573, 48.054917586345574 ], [ 14.065062934568681, 48.055104415555135 ], [ 14.065020234790326, 48.055217051268066 ], [ 14.065002251480436, 48.055264666252675 ], [ 14.064979742544601, 48.055324455060635 ], [ 14.064964473257611, 48.055364675784901 ], [ 14.064876044794966, 48.055345801892457 ], [ 14.064849261076352, 48.05534012333019 ], [ 14.064761189737643, 48.055318008364111 ], [ 14.064736142785716, 48.055311779020656 ], [ 14.064438669723595, 48.055237276867707 ], [ 14.064373525935663, 48.055118214822308 ], [ 14.064383122921216, 48.055094493524123 ], [ 14.064447049454195, 48.054935752081384 ], [ 14.064467663652538, 48.054884342054081 ], [ 14.064418445213033, 48.054819518218693 ], [ 14.064406195915481, 48.05481680662195 ], [ 14.064345355767927, 48.054803515948755 ], [ 14.064275094194009, 48.054788215506356 ], [ 14.064194587560182, 48.05472178971376 ], [ 14.064120426338821, 48.054629413979697 ], [ 14.064106494087016, 48.054611958747458 ], [ 14.064055184380461, 48.054570178930227 ], [ 14.064012695970263, 48.054535450662073 ], [ 14.064016855802219, 48.054525888156185 ], [ 14.064058456562835, 48.05443044300096 ], [ 14.064064825411197, 48.054415738565389 ], [ 14.064014855168667, 48.054373770349343 ], [ 14.063962576240755, 48.054329837448996 ], [ 14.063949132488982, 48.054318496720249 ], [ 14.06396114053547, 48.05430402661473 ], [ 14.063972095365214, 48.054291002587675 ], [ 14.064010892954975, 48.054244425997062 ], [ 14.063931299476589, 48.054195177528932 ], [ 14.06385630850993, 48.054148778852401 ], [ 14.06383566964133, 48.054083684549923 ], [ 14.063845853481521, 48.054073094445087 ], [ 14.063888178709419, 48.054029284552293 ], [ 14.063882756679124, 48.05394889023286 ], [ 14.063948293315924, 48.053924006453421 ], [ 14.063972318591265, 48.053914858431362 ], [ 14.06396123711537, 48.05383279047912 ], [ 14.0640132964008, 48.053813299593564 ], [ 14.064053744308467, 48.053798290209869 ], [ 14.06413754658781, 48.05368854425442 ], [ 14.064142027709529, 48.053682758235027 ], [ 14.064130593841336, 48.053680761183465 ], [ 14.064059698323058, 48.053667983628536 ], [ 14.064058902942039, 48.053611310824827 ], [ 14.064058172299054, 48.05354968954768 ], [ 14.064099580330407, 48.053545739758555 ], [ 14.064128417483092, 48.053477904293757 ], [ 14.064131534121353, 48.053470507516579 ], [ 14.064132575019, 48.053458625595454 ], [ 14.064151535248881, 48.053241600822972 ], [ 14.064193455114339, 48.053216775933016 ], [ 14.064212086573749, 48.053205772629283 ], [ 14.064276841411518, 48.053211301690382 ], [ 14.064305860715969, 48.053213817505188 ], [ 14.064374675264514, 48.053250448716824 ], [ 14.064382625775865, 48.053205056272944 ], [ 14.064344807343486, 48.053101475558712 ], [ 14.064127115521256, 48.05303141716351 ], [ 14.06382751124265, 48.052947480612403 ], [ 14.063574827826816, 48.052889067390403 ], [ 14.063491848368496, 48.052866109685795 ], [ 14.06340442363865, 48.052841920433337 ], [ 14.063328031382103, 48.05281982074078 ], [ 14.063266863702433, 48.052802123297219 ], [ 14.063201411382764, 48.052785082573898 ], [ 14.063158852845891, 48.052773925207219 ], [ 14.062954150382163, 48.052711339818558 ], [ 14.062879215492314, 48.052687881179217 ], [ 14.062727859943994, 48.052640253393662 ], [ 14.062452012392251, 48.052498946079822 ], [ 14.062311267546047, 48.052413645667734 ], [ 14.062106637224181, 48.052298518883738 ], [ 14.061881149684067, 48.052179114656084 ], [ 14.061670443462665, 48.052089935189017 ], [ 14.061654659962402, 48.052083916829098 ], [ 14.061635504591026, 48.052076660161411 ], [ 14.061611216318095, 48.052057380478871 ], [ 14.061438079037556, 48.05192001311692 ], [ 14.061350396072848, 48.051867574992883 ], [ 14.061218330876835, 48.051788606204084 ], [ 14.06107159940019, 48.051687508103285 ], [ 14.061055476087645, 48.051676363802251 ], [ 14.061008779081972, 48.05164741861676 ], [ 14.060851771444701, 48.051550253284738 ], [ 14.060730212232466, 48.051483633096908 ], [ 14.06072196384215, 48.051479096691153 ], [ 14.060539844116221, 48.051390005544313 ], [ 14.060342295423302, 48.051291384721033 ], [ 14.060191019943174, 48.051229808588985 ], [ 14.059894860869372, 48.051083854537964 ], [ 14.059876129262717, 48.051116539306456 ], [ 14.059864208680715, 48.051137305991219 ], [ 14.05979854697522, 48.051258900465001 ], [ 14.059714574478594, 48.051414526465493 ], [ 14.059702018058495, 48.051437816133046 ], [ 14.059584819243875, 48.051654826460997 ], [ 14.059395725110617, 48.051989241585538 ], [ 14.059127007492835, 48.052464410401605 ], [ 14.058929657718798, 48.052813450658896 ], [ 14.058920491309554, 48.052829701738247 ], [ 14.058915644772517, 48.052838188786254 ], [ 14.058905063884165, 48.052858856998313 ], [ 14.058877075797099, 48.052853274572335 ], [ 14.058920482762517, 48.053108322655618 ], [ 14.058797837314714, 48.053108281193069 ], [ 14.058685004044857, 48.053109437661405 ], [ 14.058695195072145, 48.053561626625346 ], [ 14.058695761893174, 48.053872001412486 ], [ 14.058688626184013, 48.054255565718492 ], [ 14.058688626810643, 48.054255610696934 ], [ 14.058688586432513, 48.054255601953329 ], [ 14.057993284484725, 48.054204868549675 ], [ 14.057942056800158, 48.054203308763555 ], [ 14.057638396138463, 48.054194079341407 ], [ 14.057552291817967, 48.054191459965459 ], [ 14.057351913807885, 48.054189833752865 ], [ 14.057240243811558, 48.05418893033287 ], [ 14.056605611729438, 48.05418852253684 ], [ 14.056621436975245, 48.054392661571327 ], [ 14.056627305900395, 48.05446835720084 ], [ 14.056656372190023, 48.054843202481138 ], [ 14.056697128654861, 48.055511790298951 ], [ 14.056014225569459, 48.055494956168097 ], [ 14.0559998029916, 48.055496134720606 ], [ 14.055019717132792, 48.055459628868576 ], [ 14.05496444896351, 48.055761084833584 ], [ 14.054875908729439, 48.056227743106 ], [ 14.054356023370364, 48.056284239353047 ] ] ] } },
{ "type": "Feature", "properties": { "name": "Sattledt", "feature_type": "circle", "metric_roundness": 65.46, "metric_rectangularity": 75.25, "metric_mobile_fit": 43.64, "metric_aspect_ratio": 1.126, "metric_area_km2": 49.61 }, "geometry": { "type": "Polygon", "coordinates": [ [ [ 14.095250654608009, 48.070513488381827 ], [ 14.095190174682587, 48.068970131180045 ], [ 14.095008900677591, 48.067430958118507 ], [ 14.094707329452472, 48.065900188531614 ], [ 14.094286287592993, 48.064382019092356 ], [ 14.093746929145626, 48.062880612299232 ], [ 14.093090732454385, 48.061400085052917 ], [ 14.092319496108788, 48.059944497353996 ], [ 14.091435334014051, 48.058517841153183 ], [ 14.090440669597017, 48.057124029384504 ], [ 14.089338229163717, 48.055766885212229 ], [ 14.088131034426747, 48.054450131520788 ], [ 14.086822394222972, 48.053177380677283 ], [ 14.085415895444227, 48.051952124594756 ], [ 14.083915393205899, 48.050777725123986 ], [ 14.082325000280326, 48.049657404800378 ], [ 14.080649075823969, 48.048594237971933 ], [ 14.078892213429272, 48.047591142332934 ], [ 14.07705922853394, 48.046650870886985 ], [ 14.075155145222164, 48.045776004361912 ], [ 14.073185182453949, 48.044968944097704 ], [ 14.071154739760308, 48.044231905427438 ], [ 14.069069382443535, 48.043566911569798 ], [ 14.066934826323086, 48.042975788050079 ], [ 14.064756922068909, 48.042460157665694 ], [ 14.062541639165186, 48.042021436010046 ], [ 14.060295049548373, 48.041660827567398 ], [ 14.058023310964446, 48.041379322389794 ], [ 14.055732650090965, 48.041177693365334 ], [ 14.053429345470155, 48.041056494085481 ], [ 14.051119710299885, 48.04101605731735 ], [ 14.048810075129616, 48.041056494085481 ], [ 14.046506770508806, 48.041177693365334 ], [ 14.044216109635324, 48.041379322389794 ], [ 14.041944371051398, 48.041660827567398 ], [ 14.039697781434583, 48.042021436010046 ], [ 14.037482498530862, 48.042460157665694 ], [ 14.035304594276685, 48.042975788050079 ], [ 14.033170038156236, 48.043566911569798 ], [ 14.031084680839461, 48.044231905427438 ], [ 14.029054238145823, 48.044968944097704 ], [ 14.027084275377605, 48.045776004361912 ], [ 14.025180192065831, 48.046650870886985 ], [ 14.023347207170499, 48.047591142332934 ], [ 14.021590344775802, 48.048594237971933 ], [ 14.019914420319445, 48.049657404800378 ], [ 14.018324027393872, 48.050777725123986 ], [ 14.016823525155543, 48.051952124594756 ], [ 14.015417026376799, 48.053177380677283 ], [ 14.014108386173023, 48.054450131520788 ], [ 14.012901191436054, 48.055766885212229 ], [ 14.011798751002754, 48.057124029384504 ], [ 14.010804086585718, 48.058517841153183 ], [ 14.009919924490983, 48.059944497353996 ], [ 14.009148688145384, 48.061400085052917 ], [ 14.008492491454144, 48.062880612299232 ], [ 14.007953133006776, 48.064382019092356 ], [ 14.007532091147297, 48.065900188531614 ], [ 14.007230519922178, 48.067430958118507 ], [ 14.007049245917184, 48.068970131180045 ], [ 14.006988765991762, 48.070513488381827 ], [ 14.007049245917184, 48.07205679929919 ], [ 14.007230519922178, 48.073595834014583 ], [ 14.007532091147297, 48.075126374709342 ], [ 14.007953133006776, 48.076644227218274 ], [ 14.008492491454144, 48.078145232515233 ], [ 14.009148688145384, 48.079625278098412 ], [ 14.009919924490983, 48.081080309244435 ], [ 14.010804086585718, 48.082506340100331 ], [ 14.011798751002754, 48.083899464583439 ], [ 14.012901191436054, 48.085255867059558 ], [ 14.014108386173023, 48.086571832770439 ], [ 14.015417026376799, 48.087843757982249 ], [ 14.016823525155543, 48.08906815982774 ], [ 14.018324027393872, 48.090241685815343 ], [ 14.019914420319445, 48.09136112297972 ], [ 14.021590344775802, 48.092423406648948 ], [ 14.023347207170499, 48.093425628804795 ], [ 14.025180192065831, 48.094365046013749 ], [ 14.027084275377605, 48.095239086907171 ], [ 14.029054238145823, 48.096045359190875 ], [ 14.031084680839461, 48.096781656165049 ], [ 14.033170038156236, 48.097445962737197 ], [ 14.035304594276685, 48.098036460912063 ], [ 14.037482498530862, 48.098551534743635 ], [ 14.039697781434583, 48.098989774736225 ], [ 14.041944371051398, 48.099349981682764 ], [ 14.044216109635324, 48.099631169930092 ], [ 14.046506770508806, 48.099832570062446 ], [ 14.048810075129616, 48.099953630996175 ], [ 14.051119710299885, 48.099994021479887 ], [ 14.053429345470155, 48.099953630996175 ], [ 14.055732650090965, 48.099832570062446 ], [ 14.058023310964446, 48.099631169930092 ], [ 14.060295049548373, 48.099349981682764 ], [ 14.062541639165186, 48.098989774736225 ], [ 14.064756922068909, 48.098551534743635 ], [ 14.066934826323086, 48.098036460912063 ], [ 14.069069382443535, 48.097445962737197 ], [ 14.071154739760308, 48.096781656165049 ], [ 14.073185182453949, 48.096045359190875 ], [ 14.075155145222164, 48.095239086907171 ], [ 14.07705922853394, 48.094365046013749 ], [ 14.078892213429272, 48.093425628804795 ], [ 14.080649075823969, 48.092423406648948 ], [ 14.082325000280326, 48.09136112297972 ], [ 14.083915393205899, 48.090241685815343 ], [ 14.085415895444227, 48.08906815982774 ], [ 14.086822394222972, 48.087843757982249 ], [ 14.088131034426747, 48.086571832770439 ], [ 14.089338229163717, 48.085255867059558 ], [ 14.090440669597017, 48.083899464583439 ], [ 14.091435334014051, 48.082506340100331 ], [ 14.092319496108788, 48.081080309244435 ], [ 14.093090732454385, 48.079625278098412 ], [ 14.093746929145626, 48.078145232515233 ], [ 14.094286287592993, 48.076644227218274 ], [ 14.094707329452472, 48.075126374709342 ], [ 14.095008900677591, 48.073595834014583 ], [ 14.095190174682587, 48.07205679929919 ], [ 14.095250654608009, 48.070513488381827 ] ] ] } },
{ "type": "Feature", "properties": { "name": "Sattledt", "feature_type": "mrr", "metric_roundness": 65.46, "metric_rectangularity": 75.25, "metric_mobile_fit": 43.64, "metric_aspect_ratio": 1.126, "metric_area_km2": 49.61 }, "geometry": { "type": "Polygon", "coordinates": [ [ [ 14.013021445768782, 48.052909234998921 ], [ 14.020999417422585, 48.10003716514138 ], [ 14.095467784784033, 48.094411897352153 ], [ 14.087489813130228, 48.047278812464874 ], [ 14.013021445768782, 48.052909234998921 ] ] ] } }
]
}
