{
"type": "FeatureCollection",
"name": "hitzendorf",
"crs": { "type": "name", "properties": { "name": "urn:ogc:def:crs:OGC:1.3:CRS84" } },
"features": [
{ "type": "Feature", "properties": { "name": "Hitzendorf", "feature_type": "entity", "metric_roundness": 50.42, "metric_rectangularity": 64.89, "metric_mobile_fit": 75.16, "metric_aspect_ratio": 0.811, "metric_area_km2": 104.01 }, "geometry": { "type": "Polygon", "coordinates": [ [ [ 15.341289865710563, 47.045142854339112 ], [ 15.341356338568175, 47.045208375532773 ], [ 15.341431840062945, 47.045282827933057 ], [ 15.341521924526173, 47.04533551065196 ], [ 15.341717170510957, 47.04593340300277 ], [ 15.342311890105444, 47.046227296708601 ], [ 15.342366711826552, 47.046294553484969 ], [ 15.342470833320897, 47.046422323995252 ], [ 15.342782795818694, 47.046805372088336 ], [ 15.343132316683038, 47.047234289242994 ], [ 15.343826895535214, 47.047424430058292 ], [ 15.344260578235993, 47.047554468299609 ], [ 15.344394783577528, 47.047798355189144 ], [ 15.344556009293164, 47.048091538146451 ], [ 15.344663768643949, 47.048287288489746 ], [ 15.344771510722378, 47.048308783468897 ], [ 15.345365419903418, 47.048427250570818 ], [ 15.345392081715019, 47.048640817664108 ], [ 15.34567778487777, 47.049091019323285 ], [ 15.345994736445355, 47.049177394273343 ], [ 15.346118132639353, 47.049236594167581 ], [ 15.34638873725229, 47.049368252965586 ], [ 15.346594346772044, 47.049525724888106 ], [ 15.347186575381713, 47.049609829457665 ], [ 15.347468011353559, 47.04985677423511 ], [ 15.347601781518225, 47.04997411396841 ], [ 15.347646461713259, 47.050013285587688 ], [ 15.348215220920656, 47.05039482781573 ], [ 15.348295841761955, 47.050454513845942 ], [ 15.348569955343667, 47.05065748189913 ], [ 15.348751841190644, 47.050831482284053 ], [ 15.348981884313526, 47.051063313549456 ], [ 15.349053334286587, 47.051172756240668 ], [ 15.349217614729804, 47.051330416705788 ], [ 15.349484667484663, 47.05152756740334 ], [ 15.349986694386825, 47.051822617199932 ], [ 15.350357862617594, 47.051976604505448 ], [ 15.350591358541882, 47.05209451104686 ], [ 15.350765101444106, 47.052182155057601 ], [ 15.351087200553295, 47.052292367079481 ], [ 15.351132919018337, 47.052292905441547 ], [ 15.351376898796129, 47.052281192434357 ], [ 15.351669052964889, 47.052268803323059 ], [ 15.351945465474314, 47.052251112567554 ], [ 15.352192784525098, 47.052237178289012 ], [ 15.35262140322093, 47.052184018796247 ], [ 15.352954450727186, 47.052149207730238 ], [ 15.353052832983824, 47.052138998465551 ], [ 15.35428015215826, 47.052244360683098 ], [ 15.355047731475722, 47.052211445999085 ], [ 15.355792330933291, 47.052007469149238 ], [ 15.356209239382762, 47.052065304754663 ], [ 15.357086651647204, 47.05217065418519 ], [ 15.357254564376277, 47.05215344249163 ], [ 15.357350010154894, 47.05209386717253 ], [ 15.3574010740942, 47.05206190477594 ], [ 15.357467705457571, 47.052020304198543 ], [ 15.357513255964399, 47.051978449017973 ], [ 15.357709274109952, 47.051824553270727 ], [ 15.357817576731607, 47.051739546147026 ], [ 15.357881441499444, 47.051694484271373 ], [ 15.358270039464799, 47.051379551661441 ], [ 15.358566037031137, 47.051153936205445 ], [ 15.35869686285554, 47.051055295545915 ], [ 15.358837427676869, 47.050973762763086 ], [ 15.358896570031074, 47.050939585472612 ], [ 15.358882122807701, 47.050906089814255 ], [ 15.358860737518519, 47.050856426289073 ], [ 15.358855093678846, 47.050843115625675 ], [ 15.35884050117825, 47.050809262518406 ], [ 15.358806264030179, 47.050729945248165 ], [ 15.358765943771052, 47.050636155021472 ], [ 15.35875250028451, 47.050604801662033 ], [ 15.358712183647073, 47.050511101363114 ], [ 15.358694558996858, 47.050463350971121 ], [ 15.358690894506413, 47.050405270818125 ], [ 15.358690605047503, 47.050401135587983 ], [ 15.358690308725231, 47.050396820463263 ], [ 15.358702523295907, 47.050337287186515 ], [ 15.358702844990299, 47.050328460623753 ], [ 15.358706515342803, 47.050300402575054 ], [ 15.358707126495888, 47.05029571124237 ], [ 15.358767861238363, 47.049833875413164 ], [ 15.358772521493377, 47.049797248912562 ], [ 15.358774112450211, 47.049773368312245 ], [ 15.358776409306396, 47.049761086221913 ], [ 15.358782051324578, 47.049729482695682 ], [ 15.3588152033286, 47.049421422865514 ], [ 15.358837037086721, 47.049244707099596 ], [ 15.358835887889899, 47.049083432407663 ], [ 15.358774857925544, 47.048805764009963 ], [ 15.35871118046091, 47.04838619942371 ], [ 15.35870538280677, 47.048348139170017 ], [ 15.358844590810561, 47.048213975469714 ], [ 15.358849797465627, 47.048208932194456 ], [ 15.358868212995558, 47.048191142289575 ], [ 15.358888621966523, 47.04816692624577 ], [ 15.35912855730151, 47.047880652450651 ], [ 15.359297937237733, 47.047671063188318 ], [ 15.359476733336699, 47.047487408212881 ], [ 15.359542809194433, 47.04741764352692 ], [ 15.359612273104668, 47.04734349797517 ], [ 15.35966537930584, 47.047285845609721 ], [ 15.359760623465707, 47.047183337591278 ], [ 15.359777975293991, 47.047165296470602 ], [ 15.359930445219291, 47.047006142481131 ], [ 15.360076207702193, 47.046854128570871 ], [ 15.360141952327893, 47.046775728597424 ], [ 15.360144221393478, 47.046773077877063 ], [ 15.360165381013591, 47.046747858099671 ], [ 15.360215347049834, 47.046673519882148 ], [ 15.360329958187881, 47.046502349412798 ], [ 15.360341785126753, 47.046487917087653 ], [ 15.360475815514693, 47.04629425793771 ], [ 15.360526583969332, 47.046220265285648 ], [ 15.360601058453643, 47.0461153367728 ], [ 15.360726924147846, 47.04593550425686 ], [ 15.360855782244434, 47.04575129777993 ], [ 15.361053558221219, 47.045471892366876 ], [ 15.361162047817841, 47.045292279386352 ], [ 15.36120506615954, 47.04520159310723 ], [ 15.361377911054296, 47.044824612675782 ], [ 15.361486825409367, 47.044594136918157 ], [ 15.36167901215169, 47.04400664068821 ], [ 15.361695037855199, 47.043947038955707 ], [ 15.36174391912197, 47.043741036794749 ], [ 15.361760349291883, 47.043671346868777 ], [ 15.361761254194876, 47.043667460345432 ], [ 15.361780530603962, 47.043586108497216 ], [ 15.361842532177393, 47.043389232939475 ], [ 15.361851771025139, 47.043376016752937 ], [ 15.36198776179493, 47.043182320561208 ], [ 15.362081481436821, 47.043102249729422 ], [ 15.362102009743371, 47.043084691547911 ], [ 15.362122922472329, 47.043066856472571 ], [ 15.362158737840673, 47.043039304390454 ], [ 15.362213865262728, 47.042996826060289 ], [ 15.362375284835533, 47.042872521957577 ], [ 15.362545305641138, 47.042708010170273 ], [ 15.362883934527064, 47.042380001103176 ], [ 15.363102906896271, 47.042214794023046 ], [ 15.363128500813573, 47.042195434984372 ], [ 15.36331709855922, 47.042079554774837 ], [ 15.36335732699596, 47.042053813625934 ], [ 15.363606425587701, 47.041898328240038 ], [ 15.363664240663564, 47.041871102605242 ], [ 15.363864184548506, 47.041776530758519 ], [ 15.363942469788283, 47.041750919333829 ], [ 15.364159117324107, 47.041679990720759 ], [ 15.364487189545706, 47.041496359142577 ], [ 15.364680163596265, 47.041388319098651 ], [ 15.364804862205679, 47.041309402181035 ], [ 15.364905519844068, 47.04124567641761 ], [ 15.365027202530426, 47.041118928552173 ], [ 15.365074183210094, 47.041070113809347 ], [ 15.365156030527144, 47.040858929918315 ], [ 15.365153874257986, 47.040809463701542 ], [ 15.365151414315443, 47.040755502481012 ], [ 15.365013027664855, 47.040304603446735 ], [ 15.365010308249353, 47.040295471189737 ], [ 15.364945023763417, 47.040082687953806 ], [ 15.364801568634416, 47.039482014895441 ], [ 15.364789006077386, 47.039411762723127 ], [ 15.364773015453883, 47.039269114857532 ], [ 15.364678956189097, 47.038431465702594 ], [ 15.36464935299424, 47.037833167252025 ], [ 15.364597463119649, 47.037571179663715 ], [ 15.364437170810241, 47.037187458209942 ], [ 15.364433828220637, 47.037179237170761 ], [ 15.364400204616166, 47.037098740473319 ], [ 15.364337410625348, 47.036864850425218 ], [ 15.364347368292405, 47.036536590789716 ], [ 15.364437550100499, 47.036247400803035 ], [ 15.364498808015647, 47.035942076252731 ], [ 15.364584380164526, 47.035680421176522 ], [ 15.36492865678583, 47.034981918145292 ], [ 15.365056302071661, 47.03477396549399 ], [ 15.365344065658434, 47.034305363819392 ], [ 15.365514426827282, 47.034095656424427 ], [ 15.365861194236262, 47.033768931634874 ], [ 15.365890685532094, 47.03371394869859 ], [ 15.36589989832186, 47.03369668220396 ], [ 15.366018233392449, 47.033476113679754 ], [ 15.366121338898461, 47.033036556247474 ], [ 15.366101098828649, 47.032745110095632 ], [ 15.365981763304763, 47.032485500042483 ], [ 15.365783687311804, 47.032173833515316 ], [ 15.365745377679211, 47.031963988508942 ], [ 15.365839091425809, 47.031712447560771 ], [ 15.365939323474125, 47.031572760754258 ], [ 15.366016375328915, 47.031443119570916 ], [ 15.366104819734497, 47.031215614975316 ], [ 15.366236110190632, 47.030759351370961 ], [ 15.366228012945834, 47.030475608684462 ], [ 15.366220178642129, 47.030442895694051 ], [ 15.366182314460643, 47.030285967987538 ], [ 15.366129442586336, 47.030067112795713 ], [ 15.366211740407415, 47.029668791434709 ], [ 15.366325106504444, 47.029253352340518 ], [ 15.366432780342446, 47.028648006485277 ], [ 15.366642465715628, 47.02840014945879 ], [ 15.366722927108606, 47.028205010261779 ], [ 15.366800389425837, 47.028206593855558 ], [ 15.366784651944174, 47.027981223591077 ], [ 15.366784373586952, 47.027953325854426 ], [ 15.367394815606076, 47.027428806007727 ], [ 15.367489554802265, 47.027331610103481 ], [ 15.367676494327538, 47.02713969374723 ], [ 15.367975581728846, 47.026772501281776 ], [ 15.367979338456887, 47.026767483503775 ], [ 15.368213177860145, 47.026459874819821 ], [ 15.368572129792193, 47.025982247417915 ], [ 15.36880221606569, 47.025810437972765 ], [ 15.36887695283032, 47.02575473329955 ], [ 15.369465647596124, 47.025615199071503 ], [ 15.369627014189684, 47.025614916517789 ], [ 15.369699799984247, 47.025614781730745 ], [ 15.369799831555225, 47.025614608450233 ], [ 15.369946223417415, 47.025615133980146 ], [ 15.370175013757104, 47.025615621883965 ], [ 15.370172049745515, 47.025596683161794 ], [ 15.370169404005898, 47.025579178874295 ], [ 15.370095014703439, 47.025098155238823 ], [ 15.370059840742767, 47.024548201644244 ], [ 15.370069472629263, 47.024456129857469 ], [ 15.370084746751578, 47.024312111775124 ], [ 15.370113441531416, 47.024034099821513 ], [ 15.370122255050388, 47.023951583642777 ], [ 15.370131252275771, 47.023866993963964 ], [ 15.370136664948824, 47.023822792545772 ], [ 15.370358824991531, 47.023750131601417 ], [ 15.370235538626616, 47.023758193220552 ], [ 15.370140522190249, 47.023762057385255 ], [ 15.370005162675785, 47.0237676349917 ], [ 15.369961399718955, 47.023769409821426 ], [ 15.369887148407999, 47.023772451383053 ], [ 15.369793187643607, 47.023776386336465 ], [ 15.369673193425985, 47.023781057987151 ], [ 15.367833463977536, 47.023736079371062 ], [ 15.367553017632019, 47.023805998870202 ], [ 15.367434243869699, 47.023835668741 ], [ 15.367111810836795, 47.023915970001831 ], [ 15.366781624293539, 47.0239381734593 ], [ 15.366463121202099, 47.02403865446621 ], [ 15.366169319431387, 47.024131131727856 ], [ 15.365895390808895, 47.024230453278228 ], [ 15.365202970251595, 47.024486675878613 ], [ 15.3650904320055, 47.02452802284418 ], [ 15.365064321837822, 47.024499237064433 ], [ 15.364975419384011, 47.024401457668176 ], [ 15.36492499451245, 47.024349524489445 ], [ 15.364744831211905, 47.024164538632903 ], [ 15.364654918905568, 47.024067857171502 ], [ 15.364615928893201, 47.024025800336517 ], [ 15.36427931677242, 47.023663144160899 ], [ 15.364108392819041, 47.023451169567785 ], [ 15.363960951941227, 47.023268117735704 ], [ 15.363907475504679, 47.023205167628312 ], [ 15.363683238469461, 47.022941310471161 ], [ 15.363678052000152, 47.022933032377104 ], [ 15.363650601427297, 47.022900129860339 ], [ 15.363490961914895, 47.022745648269847 ], [ 15.363425384866854, 47.0226725632482 ], [ 15.363293948734158, 47.022429458790725 ], [ 15.363157046270072, 47.022246487683233 ], [ 15.362974926495696, 47.022075395548384 ], [ 15.362743525742403, 47.021930386146096 ], [ 15.362701318984533, 47.021903957683541 ], [ 15.362735149949527, 47.021852408284076 ], [ 15.362844468262081, 47.021685559021876 ], [ 15.36290216348214, 47.021535203648853 ], [ 15.362951479697692, 47.021406690066243 ], [ 15.363043303621524, 47.021264275537185 ], [ 15.36309138996282, 47.021189699060599 ], [ 15.363325177818282, 47.020828996248731 ], [ 15.363425824867024, 47.020504246078531 ], [ 15.363482497751793, 47.020013855782508 ], [ 15.363470841265817, 47.019877610966617 ], [ 15.363460537785242, 47.019756103390478 ], [ 15.363286360837801, 47.019734104303126 ], [ 15.36322195433651, 47.019725984579253 ], [ 15.363183730636139, 47.019721087215636 ], [ 15.362063153034358, 47.01957945411958 ], [ 15.361953228273192, 47.019551174755385 ], [ 15.361354569104886, 47.019397420731572 ], [ 15.360546698135987, 47.019344967534629 ], [ 15.36010257589291, 47.019367565562085 ], [ 15.359412558604959, 47.019364936011421 ], [ 15.359197999849115, 47.019364173059245 ], [ 15.359144694973931, 47.019364133800671 ], [ 15.359033592832708, 47.019363595285654 ], [ 15.358581898682454, 47.019380921897657 ], [ 15.358555500108723, 47.019382382740893 ], [ 15.358530828491112, 47.019384262825568 ], [ 15.358487408169051, 47.019218881316306 ], [ 15.358427030958733, 47.018988455955324 ], [ 15.357902898695999, 47.019025073265972 ], [ 15.357502815128763, 47.019053176686022 ], [ 15.357379500511252, 47.019105149174337 ], [ 15.357233899499446, 47.019166339519302 ], [ 15.357116417239652, 47.019215957563276 ], [ 15.356807117374233, 47.019243340817425 ], [ 15.356693654391631, 47.019253373075493 ], [ 15.356652600558759, 47.019257074759295 ], [ 15.356083159085474, 47.019196111543955 ], [ 15.355521738091724, 47.019093418781971 ], [ 15.355463813839433, 47.019082659037743 ], [ 15.355398854334606, 47.01921207767549 ], [ 15.355380439235601, 47.019250389112258 ], [ 15.355252893969764, 47.019516294640681 ], [ 15.355240713912858, 47.019542073881844 ], [ 15.355220607891164, 47.019584375763358 ], [ 15.354969754487659, 47.019542937079969 ], [ 15.354580801613839, 47.019607735434384 ], [ 15.354446748687417, 47.019630102988209 ], [ 15.354053413243218, 47.019558974798507 ], [ 15.353980761484024, 47.019493211170847 ], [ 15.354002873614853, 47.019448263588764 ], [ 15.353742155857576, 47.019348132236324 ], [ 15.353478178808967, 47.019224566087011 ], [ 15.353431837055121, 47.019172285434138 ], [ 15.353344532936505, 47.019074199008671 ], [ 15.353056055285686, 47.01874926890315 ], [ 15.352917536230203, 47.0186645141276 ], [ 15.352891526587381, 47.018648505116857 ], [ 15.352998429467773, 47.018587108513614 ], [ 15.353168892251755, 47.018432052782444 ], [ 15.353322224090689, 47.018317985271601 ], [ 15.353390987352293, 47.018243495359108 ], [ 15.353505240184015, 47.018243893295683 ], [ 15.353570073822913, 47.018156061917672 ], [ 15.353575064521397, 47.018055433756928 ], [ 15.353692350193805, 47.017959108522263 ], [ 15.353695543478459, 47.017883894696944 ], [ 15.353747211781975, 47.01778558641368 ], [ 15.353906720701756, 47.017650616220436 ], [ 15.353823640517536, 47.0175528150695 ], [ 15.353691367119911, 47.017483431595849 ], [ 15.353644471709261, 47.017433861152178 ], [ 15.353543713583747, 47.017390289326194 ], [ 15.353557617819551, 47.017340627373798 ], [ 15.353654879553821, 47.017292272797384 ], [ 15.353817199555504, 47.017348880599734 ], [ 15.354014062600866, 47.017337907299378 ], [ 15.354171815385271, 47.017440500162166 ], [ 15.354313260474063, 47.017342754245618 ], [ 15.354322651407053, 47.017243667870062 ], [ 15.354254718098316, 47.017173860124949 ], [ 15.35429750636929, 47.017101632006074 ], [ 15.354333031569602, 47.017073727258371 ], [ 15.354454558894879, 47.017133940353112 ], [ 15.354520901360672, 47.017072003953359 ], [ 15.354520256425799, 47.01701008963127 ], [ 15.354418520617976, 47.016906230335785 ], [ 15.354438913756889, 47.016847271917335 ], [ 15.354610090956539, 47.016738915505336 ], [ 15.354622503348285, 47.016695040493246 ], [ 15.354634818428822, 47.016652067295773 ], [ 15.354688971515316, 47.016588007517257 ], [ 15.354896523925948, 47.016622836686565 ], [ 15.354974361667541, 47.016579417129577 ], [ 15.355161128828646, 47.016628297112554 ], [ 15.355136420926074, 47.016528917620228 ], [ 15.355064963033085, 47.016470244143171 ], [ 15.355116895031236, 47.016385881779073 ], [ 15.3552525042313, 47.016345843916561 ], [ 15.355292143763183, 47.016267010820499 ], [ 15.355235009623767, 47.016211232719783 ], [ 15.355139992378559, 47.016097173505642 ], [ 15.355241158688496, 47.01601319464941 ], [ 15.355270995858824, 47.015994931752843 ], [ 15.355351437708514, 47.015978468087631 ], [ 15.355707046024428, 47.016013359739112 ], [ 15.355786880113499, 47.016018958662372 ], [ 15.355904782988473, 47.015683287459126 ], [ 15.356400077830298, 47.015560694368808 ], [ 15.356229868381618, 47.015376328779048 ], [ 15.35624474434991, 47.01533844024322 ], [ 15.35645805428547, 47.015234280826625 ], [ 15.35656341997097, 47.015101711332008 ], [ 15.356611452621163, 47.015112016618787 ], [ 15.356886315326969, 47.015252212888058 ], [ 15.357058378761481, 47.015198471977037 ], [ 15.357091279753073, 47.015001577094239 ], [ 15.357420961208788, 47.014998581690037 ], [ 15.357591008902061, 47.015150995405229 ], [ 15.357795914020373, 47.015137171784474 ], [ 15.357887097025998, 47.015412952538647 ], [ 15.358072872364344, 47.015463465546858 ], [ 15.358131960139691, 47.015366732954583 ], [ 15.358314108032198, 47.015263395627173 ], [ 15.358207340839348, 47.015020746176816 ], [ 15.358142426290128, 47.015009482448043 ], [ 15.358049264564247, 47.01501672402118 ], [ 15.358017129364448, 47.015067881763706 ], [ 15.357912242566249, 47.015026457631564 ], [ 15.357901042125057, 47.014953570380506 ], [ 15.357791441044354, 47.01479188877763 ], [ 15.357695164274364, 47.014772633081527 ], [ 15.357582611399046, 47.014771759146022 ], [ 15.35752718090324, 47.014795249325921 ], [ 15.357449804723817, 47.014764315449611 ], [ 15.35752310619675, 47.014705583455211 ], [ 15.357526748058188, 47.014656103858599 ], [ 15.357525335457176, 47.014601763887505 ], [ 15.357464727890516, 47.01454118834851 ], [ 15.357610336201068, 47.014425272152941 ], [ 15.35775054434289, 47.014226374149722 ], [ 15.357759731340053, 47.014135931812774 ], [ 15.357615267308743, 47.013939948262696 ], [ 15.357640567465399, 47.013813035276186 ], [ 15.357602799790344, 47.01369219700149 ], [ 15.357464143421998, 47.013555335373539 ], [ 15.357402235689571, 47.013263731109816 ], [ 15.357175645300559, 47.013022496448563 ], [ 15.357371392247728, 47.012879044371942 ], [ 15.357315637579815, 47.01273854472872 ], [ 15.357341288787854, 47.012700283948796 ], [ 15.357515919579381, 47.012316975190302 ], [ 15.3577207838548, 47.012309272818165 ], [ 15.358159533990541, 47.01229226937523 ], [ 15.358341545842626, 47.012278852781215 ], [ 15.35823381597451, 47.01222829886391 ], [ 15.357644521476168, 47.011951768308045 ], [ 15.35761839120717, 47.011939452910156 ], [ 15.357666119815745, 47.011669026494609 ], [ 15.357654548465383, 47.011638179831017 ], [ 15.357615316058046, 47.011589374522096 ], [ 15.357576781920839, 47.011617604059929 ], [ 15.357471631206542, 47.011727938735227 ], [ 15.357365126403321, 47.011802744071929 ], [ 15.357207399806969, 47.011842188800756 ], [ 15.356891748713906, 47.011884807684147 ], [ 15.356678688311264, 47.011908766152182 ], [ 15.356547124457528, 47.011767906781749 ], [ 15.356540451585328, 47.011734362492426 ], [ 15.35658710461467, 47.011635962041993 ], [ 15.356647355151992, 47.011535249092681 ], [ 15.356708063199429, 47.011450009418574 ], [ 15.356214224497093, 47.011271140170187 ], [ 15.356169243248663, 47.011254479825574 ], [ 15.356155904493496, 47.011249766973826 ], [ 15.355695717916433, 47.011076776666449 ], [ 15.355662619186015, 47.01112336047813 ], [ 15.356093267636401, 47.011284365919209 ], [ 15.355994460245535, 47.011336710731534 ], [ 15.35595528299301, 47.011327327615142 ], [ 15.355453885275201, 47.011413034660166 ], [ 15.355304161990219, 47.011320471817122 ], [ 15.354951707217976, 47.011177423163758 ], [ 15.354726094256922, 47.011085850613213 ], [ 15.354545851706028, 47.011007331355628 ], [ 15.353843163558412, 47.010831269204708 ], [ 15.353771133767246, 47.010826520288369 ], [ 15.353647920092939, 47.010818451601189 ], [ 15.353527650590067, 47.010742464056541 ], [ 15.35344890709181, 47.010630364335547 ], [ 15.352694138604992, 47.010395996218961 ], [ 15.352025549641182, 47.010098795450929 ], [ 15.351806355759477, 47.009926545665543 ], [ 15.351516788862124, 47.009786149119044 ], [ 15.35136851202318, 47.00973135908847 ], [ 15.350918483109581, 47.009565190059128 ], [ 15.350509983398039, 47.009432214687955 ], [ 15.350457296556341, 47.009413528828105 ], [ 15.350197551714466, 47.009320213658192 ], [ 15.350096852688297, 47.009284648780138 ], [ 15.349872512855121, 47.009205375403674 ], [ 15.349759532005107, 47.009165167900413 ], [ 15.349719515611097, 47.009150937134294 ], [ 15.34940818360935, 47.009040084571495 ], [ 15.349381238588105, 47.009030482052339 ], [ 15.349321632331467, 47.009023619611249 ], [ 15.349307621798705, 47.009021978184833 ], [ 15.349101186825258, 47.008998370589559 ], [ 15.348989237606274, 47.008985326525568 ], [ 15.348786747872111, 47.008961648329972 ], [ 15.348565207536964, 47.008952619198709 ], [ 15.348224003971062, 47.008938782458486 ], [ 15.347863377100287, 47.00894365098128 ], [ 15.347564974902932, 47.008913391460041 ], [ 15.347367110466646, 47.008893679072393 ], [ 15.346991605999454, 47.009040661677084 ], [ 15.346340808371183, 47.009110976325445 ], [ 15.345072127039325, 47.008578020165444 ], [ 15.344955376335513, 47.008559746746009 ], [ 15.344872908373601, 47.008546806420263 ], [ 15.344814828813151, 47.008535054147693 ], [ 15.344550807107977, 47.008481315658457 ], [ 15.344163563953357, 47.008405186558107 ], [ 15.34378841749373, 47.008332262283957 ], [ 15.343178168174127, 47.008173400360583 ], [ 15.343116770147899, 47.008157385583068 ], [ 15.342619335729763, 47.008048368501342 ], [ 15.342392061738506, 47.007998925238525 ], [ 15.34198451469625, 47.007914597308343 ], [ 15.341716994968943, 47.007869104951673 ], [ 15.341483613667599, 47.007821658093533 ], [ 15.341145562557109, 47.007744738864425 ], [ 15.341190617037855, 47.007662574887412 ], [ 15.341224778735194, 47.007584653875924 ], [ 15.341346070928212, 47.007308884441571 ], [ 15.341619331296609, 47.006921517302047 ], [ 15.341111442509568, 47.006646883951383 ], [ 15.340982388831467, 47.00653269550314 ], [ 15.340885054340268, 47.006390853675335 ], [ 15.340822530616991, 47.006299700892811 ], [ 15.340809356212556, 47.006260960338558 ], [ 15.340768472964577, 47.006140082295666 ], [ 15.340654423230225, 47.006133907907724 ], [ 15.340645877254483, 47.006182843348718 ], [ 15.340566256629659, 47.006182450766715 ], [ 15.33994652901189, 47.006078284499587 ], [ 15.339941100481065, 47.006077390348565 ], [ 15.339669991865396, 47.005974891710913 ], [ 15.339430550431794, 47.005860761958644 ], [ 15.339385461636668, 47.005834016144519 ], [ 15.339266114085099, 47.005771138931635 ], [ 15.339201927192152, 47.005750850993948 ], [ 15.338961214647554, 47.005718019957555 ], [ 15.338955395092761, 47.005717222675472 ], [ 15.338869371637347, 47.005700560563653 ], [ 15.338863144032146, 47.005699410452543 ], [ 15.338847175618479, 47.005684211133968 ], [ 15.338828553881827, 47.005720723262698 ], [ 15.338269145437895, 47.005802609125304 ], [ 15.338216890902292, 47.005809112323476 ], [ 15.33820125702835, 47.005809748411664 ], [ 15.338176162576923, 47.005810731562171 ], [ 15.338172771474659, 47.00577316811026 ], [ 15.337950097315217, 47.005796091388682 ], [ 15.338013991923246, 47.005810039625594 ], [ 15.338036087624006, 47.005852331280067 ], [ 15.337563289009735, 47.005966491388023 ], [ 15.337563158875371, 47.005966529688294 ], [ 15.337537693345256, 47.005972676701774 ], [ 15.337406819228274, 47.006004275349298 ], [ 15.337157703321713, 47.00603575546991 ], [ 15.336844516459047, 47.006115961809947 ], [ 15.336643142141726, 47.006152817902553 ], [ 15.336291890940247, 47.006259283528216 ], [ 15.336078599999581, 47.00629418862875 ], [ 15.335690313766255, 47.006388614485374 ], [ 15.335513909676754, 47.006417737547586 ], [ 15.335031523119207, 47.006267198842409 ], [ 15.334994982485073, 47.006254251838911 ], [ 15.334712004812513, 47.006154290966023 ], [ 15.334669462481918, 47.006139199453713 ], [ 15.33456407179731, 47.006114864764754 ], [ 15.334482651507308, 47.006136551565149 ], [ 15.3342683368409, 47.006144288927111 ], [ 15.334065170729248, 47.006105655413066 ], [ 15.334074560078113, 47.006044014606886 ], [ 15.33414572308984, 47.006036460066561 ], [ 15.334082956005608, 47.005969970222452 ], [ 15.334090776427018, 47.005863173123089 ], [ 15.333980164307386, 47.00580148665339 ], [ 15.333907377292803, 47.005675048038803 ], [ 15.333881475978993, 47.00563014045985 ], [ 15.333781423895575, 47.005646214530444 ], [ 15.333719717938322, 47.005548473087536 ], [ 15.33372164169095, 47.005438809654059 ], [ 15.33367254522415, 47.005378919346846 ], [ 15.333660776206372, 47.005303970150628 ], [ 15.333540967026325, 47.005214632893484 ], [ 15.333600378770971, 47.005143110110993 ], [ 15.333700776449712, 47.005020910859848 ], [ 15.333679026299789, 47.004977910279194 ], [ 15.333610879838064, 47.004827897703443 ], [ 15.333707676140376, 47.004746355414568 ], [ 15.333707569057502, 47.004670120665587 ], [ 15.333612546689523, 47.004631021210685 ], [ 15.333567540015288, 47.004504993072786 ], [ 15.333470463322689, 47.004456748898782 ], [ 15.333398728984619, 47.00442110935996 ], [ 15.333251162500375, 47.004338831369772 ], [ 15.333184683759661, 47.004233073043153 ], [ 15.333073340108029, 47.004186789988047 ], [ 15.333007177336214, 47.004159332800263 ], [ 15.332847716277056, 47.004023169105665 ], [ 15.332995220402333, 47.003950005196941 ], [ 15.333233216561343, 47.003785149334234 ], [ 15.333644467795583, 47.003444875650708 ], [ 15.33413759830756, 47.003025480710825 ], [ 15.334270213009548, 47.002913424038084 ], [ 15.334460977447648, 47.003028332204188 ], [ 15.334525732411826, 47.003067334354746 ], [ 15.334831597613734, 47.003251409318558 ], [ 15.334988029255884, 47.003345500002261 ], [ 15.335048475803095, 47.003381877589142 ], [ 15.33539110449526, 47.003588254956 ], [ 15.3355609314762, 47.003692099553945 ], [ 15.335771413312262, 47.003670205926092 ], [ 15.336036591490169, 47.003591452211253 ], [ 15.33615980208031, 47.003533653922737 ], [ 15.336413329366296, 47.003386698813202 ], [ 15.336419505019876, 47.003382989541961 ], [ 15.336449483224568, 47.003364999107703 ], [ 15.336471482273021, 47.003351739846302 ], [ 15.336820157300441, 47.003135599105157 ], [ 15.336672766493557, 47.003047561919956 ], [ 15.336597122359986, 47.00300245254379 ], [ 15.336525109815346, 47.002959439235006 ], [ 15.336302049982299, 47.002829082804382 ], [ 15.336055285862191, 47.002677182162451 ], [ 15.335939977860642, 47.002612970277838 ], [ 15.33600847263048, 47.002492861656165 ], [ 15.336020130570882, 47.002330911806972 ], [ 15.335494765294321, 47.002082845179629 ], [ 15.335789680361367, 47.001868195609184 ], [ 15.336041894449076, 47.001665639474226 ], [ 15.337267469666834, 47.002210253864455 ], [ 15.337498517960679, 47.002008248027607 ], [ 15.338256858321976, 47.002586391239895 ], [ 15.33866366902733, 47.002390999910638 ], [ 15.338784275519156, 47.002323613814482 ], [ 15.338827898379732, 47.002339494738962 ], [ 15.33882509954217, 47.002118934589006 ], [ 15.338732061791942, 47.002020849138589 ], [ 15.338589170927881, 47.001930034712359 ], [ 15.338201057852107, 47.001682886481774 ], [ 15.337773454193499, 47.001410691930893 ], [ 15.337748695137083, 47.001354244022494 ], [ 15.337867197820325, 47.001070696886551 ], [ 15.337870975074656, 47.001062709493731 ], [ 15.337892765727929, 47.001016060657022 ], [ 15.337944740297257, 47.000904613176751 ], [ 15.338047051696726, 47.000687147529774 ], [ 15.338191569956582, 47.000455075214759 ], [ 15.338193184143528, 47.000452526486136 ], [ 15.338137773252241, 47.000434513302913 ], [ 15.337433875021363, 47.000165306183312 ], [ 15.337462770463905, 46.999954717530137 ], [ 15.33682760418815, 46.999732087689281 ], [ 15.335593591840921, 46.999304088639313 ], [ 15.335127362401494, 46.999147686002424 ], [ 15.334560804116062, 46.998957677017472 ], [ 15.334520597501166, 46.998945064596263 ], [ 15.334131109271715, 46.998814037538828 ], [ 15.334059019984304, 46.998789745784478 ], [ 15.333531492179807, 46.998612365101764 ], [ 15.33344949721158, 46.998576546476464 ], [ 15.332952693171881, 46.999830826359187 ], [ 15.332813620211446, 47.000187186538547 ], [ 15.331353238359331, 46.999689952089312 ], [ 15.3314350469903, 46.999524878154212 ], [ 15.331954009200684, 46.999135190291113 ], [ 15.332533846820839, 46.998513917919041 ], [ 15.332718231452438, 46.998316433885385 ], [ 15.332738465004683, 46.998294745683545 ], [ 15.332421440437319, 46.998183768526026 ], [ 15.332082212859005, 46.998080562058334 ], [ 15.331678985200435, 46.997888203378643 ], [ 15.331454375846226, 46.997771726471704 ], [ 15.331263914511734, 46.997611714459403 ], [ 15.331299829758018, 46.997499742757398 ], [ 15.331271881402245, 46.997452710524364 ], [ 15.331341579513829, 46.997437982702706 ], [ 15.33126665005063, 46.997345063284079 ], [ 15.331226014732028, 46.997254510543009 ], [ 15.331227010307387, 46.997207508963335 ], [ 15.331405319449297, 46.997219312066136 ], [ 15.331689286790265, 46.997123135856242 ], [ 15.331910973282415, 46.997102491837218 ], [ 15.332064784692848, 46.996963152044422 ], [ 15.332314161276978, 46.99700016474204 ], [ 15.332405461715071, 46.996902248677578 ], [ 15.332512072795334, 46.9968266548698 ], [ 15.332846901594531, 46.996778184215465 ], [ 15.332860738450316, 46.996680912066225 ], [ 15.332813159585598, 46.996542237959439 ], [ 15.332787433049926, 46.996389947805099 ], [ 15.33295607511258, 46.996312720938455 ], [ 15.332963796798728, 46.996238238458318 ], [ 15.332848119085329, 46.996153238442474 ], [ 15.332848940153999, 46.996143593143188 ], [ 15.332860240367268, 46.996013872843839 ], [ 15.332856898519012, 46.995893591242492 ], [ 15.332890877129374, 46.995800194677663 ], [ 15.33306145951075, 46.995771087631525 ], [ 15.333076853277083, 46.995718701925242 ], [ 15.333106592918233, 46.995617549277689 ], [ 15.333068117324954, 46.995531999553364 ], [ 15.332676234444602, 46.995472926434118 ], [ 15.33281841538051, 46.995237932001508 ], [ 15.332904224108153, 46.995207438047778 ], [ 15.332955827581651, 46.995173406192059 ], [ 15.333027075890644, 46.995112565957598 ], [ 15.33303838364229, 46.995101925856936 ], [ 15.333065144677089, 46.995054470353246 ], [ 15.333080547713793, 46.995019816022101 ], [ 15.333039189403081, 46.995014964096022 ], [ 15.333024756287561, 46.995043930842009 ], [ 15.332905898981581, 46.995003720828358 ], [ 15.33293989295481, 46.994949207347801 ], [ 15.332897629744203, 46.994822410702099 ], [ 15.332847457234724, 46.994663710571956 ], [ 15.332691824611254, 46.994187970192009 ], [ 15.33266851069394, 46.994180190101694 ], [ 15.332399676399994, 46.994090686477925 ], [ 15.332046138768783, 46.994012034465761 ], [ 15.331073489271283, 46.993795765762897 ], [ 15.330865959260358, 46.993748203409808 ], [ 15.328785265325594, 46.993079317633388 ], [ 15.32867688176095, 46.993037569094056 ], [ 15.328624960321655, 46.993017599960922 ], [ 15.328574508619749, 46.99299823502519 ], [ 15.328952251334385, 46.9925237347273 ], [ 15.329081010933811, 46.992361977325089 ], [ 15.329101388695713, 46.992298613644635 ], [ 15.32915365886392, 46.992135230688639 ], [ 15.329274735360386, 46.99201762190355 ], [ 15.329432914641229, 46.991805662489504 ], [ 15.329379782494726, 46.991648363211027 ], [ 15.329253513450054, 46.991364988999933 ], [ 15.329069900165102, 46.990987214722772 ], [ 15.328696374499742, 46.990645271568184 ], [ 15.328662190802369, 46.990614189757132 ], [ 15.328517265278526, 46.990481905694381 ], [ 15.328509364068491, 46.990474663943907 ], [ 15.328555347689605, 46.990354055411728 ], [ 15.328630469784837, 46.99023176455411 ], [ 15.328851461819871, 46.9899025917721 ], [ 15.328906873517461, 46.989850943252229 ], [ 15.328859345904418, 46.989727208139421 ], [ 15.328736304409727, 46.989508582284216 ], [ 15.32870043669968, 46.989485180756283 ], [ 15.32864905703395, 46.989451520997413 ], [ 15.328334534925711, 46.989251381873181 ], [ 15.328204529403001, 46.98918706108725 ], [ 15.327835839463869, 46.988924417204203 ], [ 15.327662713320068, 46.988801088418974 ], [ 15.327109977286595, 46.988477950453579 ], [ 15.326937967420639, 46.988377282940561 ], [ 15.326142426350744, 46.988082166840499 ], [ 15.326180152680216, 46.988249908764196 ], [ 15.326241097797801, 46.988521201835212 ], [ 15.326254149719581, 46.988574617225602 ], [ 15.325615885246554, 46.989432883791558 ], [ 15.325590643573433, 46.989457808904959 ], [ 15.325347750668199, 46.989697981814231 ], [ 15.325183291795224, 46.9898584712058 ], [ 15.325128436339334, 46.98998121409366 ], [ 15.325050772260871, 46.990218396806561 ], [ 15.325051834109631, 46.990250240866324 ], [ 15.325056357971086, 46.990395523767383 ], [ 15.325059253577205, 46.99046576889738 ], [ 15.324976970702339, 46.990692051657113 ], [ 15.324842620843853, 46.990957591094158 ], [ 15.324750089107745, 46.991359748292261 ], [ 15.324563654109982, 46.991955538860644 ], [ 15.324428462256755, 46.992318120652513 ], [ 15.323758557446309, 46.992944710882952 ], [ 15.323691194631831, 46.993007637223378 ], [ 15.323480849976747, 46.993204301385298 ], [ 15.323346829238815, 46.993264705825403 ], [ 15.32309301261836, 46.993456280824503 ], [ 15.323036159031387, 46.99350480134828 ], [ 15.322573197986502, 46.993928839943422 ], [ 15.322170270670242, 46.994298090254873 ], [ 15.322151952599009, 46.994314792554519 ], [ 15.322009994440302, 46.994465521923956 ], [ 15.321977079451552, 46.99449994136625 ], [ 15.321950680784328, 46.994525695932111 ], [ 15.321664628937631, 46.9948053195182 ], [ 15.321439199872918, 46.994978931904271 ], [ 15.321199668318318, 46.994817782924379 ], [ 15.321149599530221, 46.994784006806128 ], [ 15.320902101397403, 46.994617326260261 ], [ 15.320884698126441, 46.994654984070522 ], [ 15.320827558990835, 46.99478037480916 ], [ 15.319221942710438, 46.99392388176561 ], [ 15.31911666772047, 46.993898271158059 ], [ 15.318927225579095, 46.99385217089872 ], [ 15.318793144609252, 46.993819593241867 ], [ 15.31865600656778, 46.993786168821543 ], [ 15.318597833658677, 46.993665676210746 ], [ 15.31864160946416, 46.993587414237105 ], [ 15.318599001321131, 46.993453958369024 ], [ 15.318734723481297, 46.993100915782748 ], [ 15.318784113817449, 46.992820848928659 ], [ 15.318812864644807, 46.992777052485529 ], [ 15.318911934622099, 46.992626087310683 ], [ 15.318929101192357, 46.992571512559792 ], [ 15.319006048368813, 46.992328406634108 ], [ 15.318915341445441, 46.992273648676829 ], [ 15.319043481657834, 46.992069880547874 ], [ 15.319117267342966, 46.992062559273641 ], [ 15.319262405058149, 46.991919428548663 ], [ 15.319318390782266, 46.991773717101523 ], [ 15.319477313460171, 46.991728453002921 ], [ 15.319492530853372, 46.991607666782464 ], [ 15.319490817043782, 46.991322463202131 ], [ 15.319638098729463, 46.991180464524575 ], [ 15.319656996810863, 46.9911581720133 ], [ 15.319649942937106, 46.991148934674641 ], [ 15.319463893450976, 46.990911780322477 ], [ 15.319354381757819, 46.990973281355657 ], [ 15.319310911545543, 46.990996273754014 ], [ 15.319055003756333, 46.991135491937179 ], [ 15.318840291539392, 46.99132817341065 ], [ 15.318689209329895, 46.991463576932581 ], [ 15.318605052067843, 46.991534804584219 ], [ 15.318339432858497, 46.991724055024413 ], [ 15.318229607953571, 46.991921651584128 ], [ 15.318146410185678, 46.992071438550717 ], [ 15.318114557594191, 46.992278742486384 ], [ 15.318112998909331, 46.992289840649512 ], [ 15.318082868462488, 46.992497474488857 ], [ 15.317964451825642, 46.992880726196617 ], [ 15.317940327923475, 46.992953333889645 ], [ 15.317859696961415, 46.99320010368627 ], [ 15.316218094427521, 46.99301592371237 ], [ 15.315886656041929, 46.992978689311371 ], [ 15.315781503525267, 46.992966844654063 ], [ 15.315586879697912, 46.992845133269235 ], [ 15.315623165738904, 46.99278815503412 ], [ 15.31551962198858, 46.992773581828637 ], [ 15.315461491473998, 46.99274570453975 ], [ 15.315383530224134, 46.992626996076247 ], [ 15.315212559916672, 46.992585697636031 ], [ 15.315114193230317, 46.992484176631656 ], [ 15.314964631618349, 46.992367888010818 ], [ 15.314937950313391, 46.992252064356883 ], [ 15.314828483219957, 46.992142096203708 ], [ 15.31477032540819, 46.99196174669585 ], [ 15.314678516828931, 46.991877302264413 ], [ 15.314671232444629, 46.9917030852843 ], [ 15.314459533900552, 46.991405435856024 ], [ 15.314250851892574, 46.991255705402274 ], [ 15.314206853544066, 46.991194008169387 ], [ 15.314195489188586, 46.991136151791423 ], [ 15.313981207858506, 46.991146731534613 ], [ 15.313749145947867, 46.991142589875949 ], [ 15.313635688615154, 46.99111603699761 ], [ 15.313736247922053, 46.991248303423077 ], [ 15.313579269064041, 46.991250502045375 ], [ 15.313470015515994, 46.991252047934353 ], [ 15.313534194802477, 46.99129053154023 ], [ 15.313525614700158, 46.991346215699423 ], [ 15.31359511907849, 46.991467593073821 ], [ 15.31331813429877, 46.991419320581741 ], [ 15.313419689584332, 46.991543019220671 ], [ 15.313277443369314, 46.99155936157527 ], [ 15.313255560309496, 46.991639309682171 ], [ 15.313177552582555, 46.991685133879386 ], [ 15.313155070286339, 46.991745470834594 ], [ 15.31306744206176, 46.991716666725367 ], [ 15.312933966676075, 46.991834293831893 ], [ 15.312698442684395, 46.991892675373471 ], [ 15.312782552903176, 46.991947103171945 ], [ 15.31269681951518, 46.992018623799176 ], [ 15.312768966892872, 46.992119163901393 ], [ 15.312598104388973, 46.992225471568823 ], [ 15.312660998550891, 46.992314202121129 ], [ 15.31243840707638, 46.992380818255725 ], [ 15.312358541614433, 46.992292023440292 ], [ 15.312284775205852, 46.992525978150347 ], [ 15.311688162944806, 46.992598662644134 ], [ 15.311829303258708, 46.992665598280595 ], [ 15.311768652849139, 46.992736050927036 ], [ 15.311867400858739, 46.992770242686689 ], [ 15.3119653615312, 46.992896345449807 ], [ 15.311702498893714, 46.992951961090519 ], [ 15.311797799292245, 46.993080810576807 ], [ 15.311943499540513, 46.993128855112907 ], [ 15.311904365142004, 46.993141238169962 ], [ 15.311703403424259, 46.993205945655006 ], [ 15.311768469778743, 46.993232893893847 ], [ 15.311734645078534, 46.993310169550163 ], [ 15.311621058912902, 46.993326190248396 ], [ 15.311578312648491, 46.99335816769711 ], [ 15.311496540919382, 46.993370123550925 ], [ 15.311827830189474, 46.993572986612463 ], [ 15.311755905976776, 46.99381059908881 ], [ 15.31175239482239, 46.993832892062215 ], [ 15.31174496720414, 46.993880725331671 ], [ 15.311521138687398, 46.994628175523239 ], [ 15.311513693268164, 46.994933519666333 ], [ 15.311620256887984, 46.995287101064157 ], [ 15.311784964844842, 46.995403850183152 ], [ 15.311827663645062, 46.995434158496344 ], [ 15.311939824679618, 46.995641200366073 ], [ 15.312023401506062, 46.995734161194527 ], [ 15.312100746634059, 46.995991853778023 ], [ 15.312262575411474, 46.996564628992843 ], [ 15.312427871521596, 46.996855981020808 ], [ 15.312647390566598, 46.997610554713482 ], [ 15.312820359524693, 46.998058295049809 ], [ 15.312908697782715, 46.998183574895435 ], [ 15.312860419111974, 46.998293145461922 ], [ 15.312805982001626, 46.998339818325739 ], [ 15.312765824240243, 46.99837427122872 ], [ 15.31276043321771, 46.998628635636017 ], [ 15.312448411131376, 46.998732093403412 ], [ 15.312420796871402, 46.998838423282514 ], [ 15.312589990669704, 46.998898658721302 ], [ 15.312539598509668, 46.999103403602369 ], [ 15.312460218517964, 46.999172742904619 ], [ 15.312326869523595, 46.999255443928526 ], [ 15.312313969498113, 46.999477806591706 ], [ 15.312225206034217, 46.999507166067637 ], [ 15.312291543509932, 46.999681073757806 ], [ 15.312314418462609, 46.999860779441541 ], [ 15.312274122838847, 46.999958689628507 ], [ 15.312410007801409, 47.000081790985305 ], [ 15.312201742276086, 47.00020189064081 ], [ 15.312100957940398, 47.000629201347607 ], [ 15.312128063522497, 47.000752938852095 ], [ 15.311847830474527, 47.000781224692837 ], [ 15.311736507075691, 47.000798375886532 ], [ 15.311474485489837, 47.000838764434917 ], [ 15.311041218506885, 47.000922998827463 ], [ 15.310976922130578, 47.000998284748377 ], [ 15.310785936426916, 47.000996030972971 ], [ 15.310617532648379, 47.001052608299084 ], [ 15.310472538325079, 47.001123088838305 ], [ 15.310525554228642, 47.000751696119714 ], [ 15.310547473058941, 47.000417927889458 ], [ 15.310563269484961, 46.999933774308587 ], [ 15.310464513468148, 46.99968401420707 ], [ 15.310410624948373, 46.999547511749192 ], [ 15.310469077511213, 46.999449556091413 ], [ 15.31055217414635, 46.999310307949898 ], [ 15.310612280882335, 46.999214393564216 ], [ 15.310685922039065, 46.999082690581169 ], [ 15.31071183156199, 46.999036515664692 ], [ 15.310788591741648, 46.998900257921733 ], [ 15.310919531611676, 46.998523007227135 ], [ 15.310959838417348, 46.99840061539669 ], [ 15.310965034098604, 46.998384683625737 ], [ 15.3109763095876, 46.998323552350271 ], [ 15.310983966156268, 46.998281835657757 ], [ 15.311097452861176, 46.997923520226614 ], [ 15.311075994075232, 46.997774662166748 ], [ 15.310916289596225, 46.997555666624493 ], [ 15.310845417594967, 46.997500106657945 ], [ 15.310708432311863, 46.997382513203199 ], [ 15.310512897229467, 46.997148029954161 ], [ 15.31046841741137, 46.997094620315046 ], [ 15.31031170922093, 46.996906534276469 ], [ 15.310206569620203, 46.9967997265734 ], [ 15.31020762884728, 46.996711501118384 ], [ 15.309967119793612, 46.996463219016363 ], [ 15.309874945645539, 46.996347724607411 ], [ 15.309747134133911, 46.996207828597036 ], [ 15.309845797504147, 46.995903596816049 ], [ 15.309859955506379, 46.995796151801862 ], [ 15.309856678845678, 46.995700981293432 ], [ 15.309732903877192, 46.995241579667329 ], [ 15.309698852726006, 46.995164316322416 ], [ 15.309594314793268, 46.99490376546337 ], [ 15.309522345087798, 46.994744265621364 ], [ 15.309462570478043, 46.994612005625079 ], [ 15.309420849087536, 46.994519484513333 ], [ 15.309410382551777, 46.99449626485621 ], [ 15.30946666180262, 46.994382416208488 ], [ 15.30949601563235, 46.994322770521045 ], [ 15.309419437698436, 46.994318793173669 ], [ 15.309450440079083, 46.994246877830321 ], [ 15.309427002725055, 46.994246295747445 ], [ 15.309309684498752, 46.994243387548899 ], [ 15.308909585645939, 46.994263042281879 ], [ 15.308521153568934, 46.994302834207204 ], [ 15.30823187732908, 46.994377172658517 ], [ 15.308157256999586, 46.994408173164025 ], [ 15.307647224304249, 46.994620190823362 ], [ 15.307591647935981, 46.9946432991363 ], [ 15.3068809419776, 46.994864473539693 ], [ 15.306753950824971, 46.994912854851854 ], [ 15.306485828417987, 46.995014993218838 ], [ 15.306477265224135, 46.995018202300535 ], [ 15.306097746633045, 46.995149458039606 ], [ 15.30606038647031, 46.995160098066101 ], [ 15.305773742592118, 46.995287848541878 ], [ 15.305709773305241, 46.995332973442864 ], [ 15.305549513608584, 46.99554484409822 ], [ 15.30548137140724, 46.995707950549011 ], [ 15.305439622024156, 46.995883919492172 ], [ 15.305416846456328, 46.996007534751541 ], [ 15.305400410821546, 46.996096387169018 ], [ 15.305390241774147, 46.996534897969703 ], [ 15.305445019351442, 46.996943928329998 ], [ 15.305483581479491, 46.99706134762927 ], [ 15.3056889068834, 46.997492874428076 ], [ 15.305744963256142, 46.997617280279613 ], [ 15.305758436791825, 46.997647108530664 ], [ 15.305774361576864, 46.997675634092836 ], [ 15.305861107004759, 46.997804547076399 ], [ 15.306026482537415, 46.997935873995367 ], [ 15.306067483437308, 46.997959463427449 ], [ 15.30634664731077, 46.998111764338937 ], [ 15.306563540789202, 46.998188460946928 ], [ 15.306752431204044, 46.9982550230987 ], [ 15.306994664588897, 46.998277184179052 ], [ 15.306992166384882, 46.998287848442956 ], [ 15.306949802694287, 46.998464908747792 ], [ 15.306967184258438, 46.998684943842591 ], [ 15.307090330645455, 46.9986780325399 ], [ 15.307093418515011, 46.998849712319981 ], [ 15.307122318773898, 46.999245240916714 ], [ 15.307115463560489, 46.999553004219898 ], [ 15.30711504773496, 46.999566602514832 ], [ 15.307192829221634, 46.999825910643118 ], [ 15.307199121962187, 46.999850103141156 ], [ 15.306891892064883, 46.999895317455071 ], [ 15.306713926142439, 47.000013259997083 ], [ 15.305810204484366, 46.999956149231927 ], [ 15.30562353531157, 47.000016906764017 ], [ 15.30548626331753, 47.000061594720663 ], [ 15.305481510065306, 47.000061137248203 ], [ 15.305371211526303, 47.000049192128479 ], [ 15.305055464940029, 47.000017413369136 ], [ 15.304923938512143, 47.000004216364012 ], [ 15.304710804863767, 46.999982895555739 ], [ 15.304344023335558, 46.999983323438578 ], [ 15.304351994214466, 47.000084712921314 ], [ 15.304336264335697, 47.000171392704154 ], [ 15.304330563719075, 47.000223425696021 ], [ 15.304367172148186, 47.000362660970303 ], [ 15.304465630295001, 47.000473910328282 ], [ 15.304474245471567, 47.000592659966848 ], [ 15.304487525460639, 47.000635002697585 ], [ 15.304491855577027, 47.000648878598568 ], [ 15.304500620602164, 47.000675908524883 ], [ 15.304473236414792, 47.000771161320245 ], [ 15.304539233868431, 47.000890444787458 ], [ 15.304453170549815, 47.00098212602505 ], [ 15.304565173730706, 47.001196018127864 ], [ 15.30453835869662, 47.00129243114386 ], [ 15.304472118610636, 47.001329764017889 ], [ 15.30442466212318, 47.001405293728062 ], [ 15.304429776342049, 47.001458039031419 ], [ 15.304407287681057, 47.001585969344788 ], [ 15.304471768854222, 47.0017317412388 ], [ 15.304377691185834, 47.001777657978721 ], [ 15.304364334597187, 47.00179355107278 ], [ 15.304176818920697, 47.002016153303032 ], [ 15.304101672504306, 47.002022678149878 ], [ 15.304015336903719, 47.002174488384007 ], [ 15.304048008808648, 47.002243046621189 ], [ 15.303989059079788, 47.00226414139577 ], [ 15.30387662939769, 47.002421894853526 ], [ 15.303729460077214, 47.00244470062794 ], [ 15.303711005711314, 47.002511176009243 ], [ 15.303613638544078, 47.002574880537061 ], [ 15.303562939615077, 47.002701410044551 ], [ 15.303514357766867, 47.002693432413132 ], [ 15.302903713027991, 47.00259322873643 ], [ 15.302644970885588, 47.002566304585017 ], [ 15.302193053850038, 47.002488815793605 ], [ 15.302040914975441, 47.002462741788982 ], [ 15.301427754062709, 47.002209202171912 ], [ 15.301313647836499, 47.002162036358932 ], [ 15.30121560634424, 47.002122332579042 ], [ 15.301189290983391, 47.002111627844613 ], [ 15.301117029070685, 47.002082367982595 ], [ 15.301099663054188, 47.002075288406033 ], [ 15.30105531765545, 47.002057335557261 ], [ 15.300935349307514, 47.002040153255521 ], [ 15.300367652301922, 47.001958903345312 ], [ 15.299272761284961, 47.001653482986541 ], [ 15.299110788935382, 47.001891385377988 ], [ 15.299053013597401, 47.001976272061341 ], [ 15.298903486405452, 47.00213808290691 ], [ 15.298811056631301, 47.002242920869158 ], [ 15.298757402149072, 47.002282732645135 ], [ 15.298678648734555, 47.002341160245749 ], [ 15.298672540569513, 47.002339645858385 ], [ 15.298699820574276, 47.002458252627569 ], [ 15.298713613733351, 47.002518138403339 ], [ 15.298770629914229, 47.002711476089615 ], [ 15.298817579240612, 47.002870965453937 ], [ 15.298878643138854, 47.003006538662099 ], [ 15.298923877961739, 47.003101882818598 ], [ 15.298938394488582, 47.003117292686703 ], [ 15.299501391528082, 47.003729041523904 ], [ 15.299606057318176, 47.003809045155926 ], [ 15.299842210197259, 47.003989829212401 ], [ 15.300150632388005, 47.004221294865957 ], [ 15.300358816454359, 47.004385731123762 ], [ 15.300454043590966, 47.004423954345917 ], [ 15.300513879985191, 47.004448029550481 ], [ 15.300574125462095, 47.0044476157722 ], [ 15.300647917680504, 47.004447057243361 ], [ 15.301288434851969, 47.004348020391411 ], [ 15.301522088292204, 47.004311927830344 ], [ 15.301828944109587, 47.004436938085171 ], [ 15.302056933891821, 47.004297704706474 ], [ 15.302160541544437, 47.004175028876219 ], [ 15.302322767492502, 47.003983201170392 ], [ 15.302270451498693, 47.0039774479134 ], [ 15.302348920772472, 47.003925593230043 ], [ 15.302443951815313, 47.00386265042863 ], [ 15.302525057995419, 47.003857103445263 ], [ 15.302620687042481, 47.003838703541597 ], [ 15.302844857239087, 47.003752728839729 ], [ 15.303126289123757, 47.003596544921621 ], [ 15.303313106060349, 47.003475484555246 ], [ 15.30351352372613, 47.003678662884624 ], [ 15.30373824926264, 47.003895100092755 ], [ 15.304021986414257, 47.004209070256429 ], [ 15.304335615692725, 47.0045307114897 ], [ 15.304368091327682, 47.004579741559155 ], [ 15.304600544563282, 47.004929793391447 ], [ 15.304703398284586, 47.005084799768554 ], [ 15.304881595436886, 47.005323554406232 ], [ 15.304798543163665, 47.005415003483648 ], [ 15.304764412146785, 47.00545258897516 ], [ 15.304675160016593, 47.005603910232836 ], [ 15.304371932330461, 47.005889186198907 ], [ 15.304162739895059, 47.005964102984962 ], [ 15.304095837629353, 47.005997936752507 ], [ 15.30395755676922, 47.006164869513825 ], [ 15.303859303375107, 47.00627935343482 ], [ 15.303772962990822, 47.006381569594623 ], [ 15.303648293036515, 47.006535934788069 ], [ 15.303505376133797, 47.006712758152418 ], [ 15.30348909795946, 47.006720871206362 ], [ 15.303436676956705, 47.006776234967695 ], [ 15.30336989881858, 47.006749581469734 ], [ 15.303308612583002, 47.00673264340552 ], [ 15.303233096346682, 47.006711631855936 ], [ 15.303199968683174, 47.006698255514898 ], [ 15.30309124443033, 47.006654598203617 ], [ 15.302999635356411, 47.006675088848361 ], [ 15.302839649711643, 47.006710986571186 ], [ 15.302748694584324, 47.00673137566006 ], [ 15.302590532862217, 47.006766791355822 ], [ 15.302136246769122, 47.006729305876952 ], [ 15.302111435710916, 47.006727305899446 ], [ 15.30203989877058, 47.006721345724657 ], [ 15.301705770968587, 47.006624170685029 ], [ 15.301636887698214, 47.006625904847958 ], [ 15.301354776499306, 47.006632865090758 ], [ 15.300994858882087, 47.00672037904085 ], [ 15.300681603060376, 47.006831475203285 ], [ 15.300420452503353, 47.006896394360098 ], [ 15.300049700658743, 47.006986343123046 ], [ 15.299737023873593, 47.007098956705015 ], [ 15.299509633596848, 47.007215763025954 ], [ 15.299330148855715, 47.007307977621551 ], [ 15.298864401156278, 47.007544028114815 ], [ 15.29860200819868, 47.007689340560169 ], [ 15.298439460262996, 47.007705924869974 ], [ 15.298308634851699, 47.007719259773673 ], [ 15.298220672720971, 47.007728162520422 ], [ 15.297947801868744, 47.007832161602508 ], [ 15.297719285528959, 47.007915141155628 ], [ 15.297635283734872, 47.007945756563011 ], [ 15.297627493610314, 47.007948591530457 ], [ 15.297579970507007, 47.007965794871012 ], [ 15.296939384385428, 47.008099913749277 ], [ 15.296740105871935, 47.008130271765417 ], [ 15.296153922526377, 47.008219792168894 ], [ 15.295994522951288, 47.008239738770122 ], [ 15.295908136555616, 47.008262833528015 ], [ 15.295644014658128, 47.008379456682405 ], [ 15.295177751093236, 47.008545205300699 ], [ 15.295282432367292, 47.00873601092664 ], [ 15.295574189336099, 47.009278480179375 ], [ 15.295622228838212, 47.009367836716891 ], [ 15.295763508941894, 47.009630284855412 ], [ 15.295792087049239, 47.009737798996113 ], [ 15.295794197205316, 47.009905355006708 ], [ 15.295790993590121, 47.01030666024905 ], [ 15.295774493609549, 47.010494069337931 ], [ 15.295731365987526, 47.010797777218791 ], [ 15.295720248312128, 47.010927849016056 ], [ 15.295717242127537, 47.011127895849206 ], [ 15.295730480157426, 47.011251156263882 ], [ 15.295804596903963, 47.011611792320423 ], [ 15.295809647578199, 47.011655898322921 ], [ 15.295812379188643, 47.011679972909988 ], [ 15.29581909000907, 47.011740521447145 ], [ 15.295823436103804, 47.011883106954244 ], [ 15.295812927762704, 47.012058171575269 ], [ 15.295761358795714, 47.012571560906721 ], [ 15.295686278614554, 47.01274774137935 ], [ 15.295549964147257, 47.013029657683127 ], [ 15.295511695013897, 47.013108714769459 ], [ 15.295505459722792, 47.013121603458742 ], [ 15.295351722467622, 47.013441353320296 ], [ 15.295338216716502, 47.013727717902519 ], [ 15.295327970651726, 47.013949131344809 ], [ 15.295326911532818, 47.013973901480128 ], [ 15.295321425121886, 47.014252926966542 ], [ 15.29552510944999, 47.014451652745066 ], [ 15.295718785480794, 47.01464659083706 ], [ 15.29538459754834, 47.014862350824195 ], [ 15.295363223267229, 47.014992689756525 ], [ 15.294901976746484, 47.014971585689139 ], [ 15.294785483704082, 47.014974407883948 ], [ 15.294597859809956, 47.01502175164137 ], [ 15.294215667712985, 47.015063814223417 ], [ 15.293730869068906, 47.015078484676678 ], [ 15.293577068321708, 47.015083119740368 ], [ 15.293531417281166, 47.015372378959846 ], [ 15.293524028747886, 47.015418229856692 ], [ 15.29338149953483, 47.015532208136825 ], [ 15.293067208391355, 47.015806121928527 ], [ 15.293050139164583, 47.015821447588586 ], [ 15.292815066856607, 47.016031078947329 ], [ 15.292824428409084, 47.016092211914547 ], [ 15.292825463052898, 47.016098854550833 ], [ 15.292824291687111, 47.016145588187868 ], [ 15.292824207821981, 47.016150449991343 ], [ 15.292820452068616, 47.016305506160435 ], [ 15.292773290526403, 47.016507574645473 ], [ 15.292721810357413, 47.016656793735677 ], [ 15.292702771130111, 47.016711486208187 ], [ 15.292703438539565, 47.016750987588814 ], [ 15.292704852321226, 47.016849970451815 ], [ 15.29270640094671, 47.016949040994753 ], [ 15.292750194780222, 47.017108767167933 ], [ 15.292792261149902, 47.017342958589026 ], [ 15.292797376866876, 47.017371042388561 ], [ 15.292932885365351, 47.017491113251985 ], [ 15.293036508340464, 47.017567360923188 ], [ 15.293343407522064, 47.017663502165142 ], [ 15.293440613799284, 47.017694226871775 ], [ 15.293678024417613, 47.017801017232891 ], [ 15.293709608208099, 47.017815233134534 ], [ 15.293750025228302, 47.017833436853394 ], [ 15.293674870161729, 47.017958043227317 ], [ 15.293671771297133, 47.017963227095116 ], [ 15.293597047978189, 47.01816730180235 ], [ 15.293544195594345, 47.018311414578633 ], [ 15.293483468978335, 47.018677259513879 ], [ 15.293479042363376, 47.018703527839044 ], [ 15.293169403481896, 47.018768725971725 ], [ 15.29291165510946, 47.018777853880884 ], [ 15.292876628985544, 47.018755956578481 ], [ 15.292647633250452, 47.018788169513137 ], [ 15.292491345011063, 47.018911204492227 ], [ 15.292362588489942, 47.018935027122502 ], [ 15.292162985170291, 47.018907777749234 ], [ 15.292065423387552, 47.018849606051873 ], [ 15.292013273222432, 47.018870126898008 ], [ 15.291957277447635, 47.018854171373604 ], [ 15.291761230054387, 47.018798417904158 ], [ 15.291708174230415, 47.018751539311765 ], [ 15.29185933716689, 47.018700059032817 ], [ 15.291870697694588, 47.018658370091856 ], [ 15.291753261339977, 47.018657245013785 ], [ 15.291556242924228, 47.018446606665016 ], [ 15.291572321863983, 47.01838296480566 ], [ 15.291482771305137, 47.018260029792351 ], [ 15.291611132055344, 47.01824692574219 ], [ 15.291661008204976, 47.018211143168926 ], [ 15.291510433145017, 47.018160725646311 ], [ 15.291466767114368, 47.018043659953349 ], [ 15.291416981616695, 47.018064049758138 ], [ 15.291373917074861, 47.018031129791375 ], [ 15.291423820801571, 47.017967534820222 ], [ 15.291426581683684, 47.017963886956281 ], [ 15.291210633006894, 47.017857262001797 ], [ 15.291275991250165, 47.017795200795206 ], [ 15.2912643610145, 47.017740317293281 ], [ 15.291245374484433, 47.017650098032234 ], [ 15.291133996329149, 47.017570472206039 ], [ 15.290990258176825, 47.01768050784468 ], [ 15.290698148743035, 47.017514170336888 ], [ 15.290732094477894, 47.017446080366774 ], [ 15.290615753192306, 47.017492458734836 ], [ 15.290464998973015, 47.017244208615246 ], [ 15.290375243911011, 47.017240624981007 ], [ 15.29034387792345, 47.017007238529779 ], [ 15.29033525985689, 47.016766169548255 ], [ 15.290087777265867, 47.016232014966526 ], [ 15.290162841710876, 47.016126223987456 ], [ 15.290244788130417, 47.016010773673486 ], [ 15.290277687513134, 47.015964303426792 ], [ 15.290210027662722, 47.015953138429744 ], [ 15.290149328604455, 47.01583798592457 ], [ 15.290057270080569, 47.015807529821508 ], [ 15.290004321736921, 47.01575272808148 ], [ 15.289822108493713, 47.015725625225642 ], [ 15.289768469092667, 47.015655624186167 ], [ 15.289661075497028, 47.01565900438554 ], [ 15.289636986002934, 47.015615946221821 ], [ 15.289778497167905, 47.015488399337215 ], [ 15.289496893398031, 47.015399643634368 ], [ 15.289424968260231, 47.0153333776693 ], [ 15.289380525142514, 47.015198593389073 ], [ 15.289300988493792, 47.015118597454816 ], [ 15.289259014002827, 47.015004382104053 ], [ 15.289057801060592, 47.014882918478904 ], [ 15.289013241884879, 47.014802139970186 ], [ 15.288892779120944, 47.01471141773861 ], [ 15.288888426455195, 47.014675400090297 ], [ 15.288841334227447, 47.014282702651947 ], [ 15.288763614727261, 47.014241287868714 ], [ 15.288701330692145, 47.014208067865951 ], [ 15.288647861505154, 47.014110431425102 ], [ 15.288559179164512, 47.014050033889198 ], [ 15.288448194449055, 47.013919995219943 ], [ 15.288272462072113, 47.013839944620919 ], [ 15.28820651992743, 47.013728751723704 ], [ 15.288366921798433, 47.013681887195581 ], [ 15.288422376552985, 47.013572474669672 ], [ 15.287936885352865, 47.01339271856655 ], [ 15.287875223608987, 47.013247609391676 ], [ 15.287741063994442, 47.01312066915974 ], [ 15.287564411925082, 47.012972588476515 ], [ 15.28741176199582, 47.0128402056678 ], [ 15.287048920436403, 47.012671026244035 ], [ 15.286942747249009, 47.012621549199523 ], [ 15.286750080725971, 47.012531706965454 ], [ 15.28668519890001, 47.012481429377743 ], [ 15.286671742737287, 47.012408935648146 ], [ 15.286576101115193, 47.012359547136313 ], [ 15.286569829321051, 47.012289179982339 ], [ 15.286430332272118, 47.012206613262023 ], [ 15.286424818036878, 47.012203377865603 ], [ 15.28602915965581, 47.011828555044417 ], [ 15.285636353457862, 47.011699489384206 ], [ 15.285619999592141, 47.011612554344929 ], [ 15.285578858655017, 47.011603090926755 ], [ 15.285504543311745, 47.01158609723791 ], [ 15.285442435797359, 47.011571863849724 ], [ 15.285276349354817, 47.011478232047814 ], [ 15.284888231089214, 47.011519645382869 ], [ 15.284775317674178, 47.011462091642635 ], [ 15.284720914575718, 47.011453395866496 ], [ 15.284673787354643, 47.011445745117982 ], [ 15.284623130288409, 47.011352738958415 ], [ 15.28449521544561, 47.011348906513518 ], [ 15.28428373259991, 47.011298266305381 ], [ 15.284309019017634, 47.011227176867237 ], [ 15.284216047976264, 47.011196641893889 ], [ 15.28405973170878, 47.011214898429579 ], [ 15.283837485903527, 47.011104048040302 ], [ 15.283667684638768, 47.01106682174057 ], [ 15.283453104911912, 47.011046475338823 ], [ 15.283346518449285, 47.010981971083837 ], [ 15.282684616370931, 47.010963813663203 ], [ 15.282626060097556, 47.011082187105913 ], [ 15.282541963920906, 47.011053208554934 ], [ 15.282472909577741, 47.011028922099861 ], [ 15.282308909844845, 47.010974042977097 ], [ 15.282061535014911, 47.010891882469949 ], [ 15.282148682431052, 47.010803170765783 ], [ 15.282201471301255, 47.010746370870592 ], [ 15.28236198372762, 47.010573504024407 ], [ 15.282405203108482, 47.010478255570447 ], [ 15.282432975235039, 47.01041747464469 ], [ 15.282434309587677, 47.010414391526282 ], [ 15.282484719864422, 47.010303538521029 ], [ 15.282485935907077, 47.010300817458003 ], [ 15.282506270202527, 47.010256095300427 ], [ 15.28243293399316, 47.010190389429106 ], [ 15.282246543030277, 47.010023656735591 ], [ 15.28210857822098, 47.009921527255386 ], [ 15.281473669409175, 47.009451338218675 ], [ 15.281455740167866, 47.009461186488338 ], [ 15.281230657606496, 47.009584846236947 ], [ 15.281152490405523, 47.009627770022249 ], [ 15.281088829406764, 47.009567477748327 ], [ 15.280881348542536, 47.009370862573896 ], [ 15.280722748140812, 47.009201040675791 ], [ 15.280626046990132, 47.009097301733838 ], [ 15.280404747271241, 47.008753312471207 ], [ 15.2803197491316, 47.008695995854019 ], [ 15.280130764961923, 47.008792122595892 ], [ 15.279936773840442, 47.00885935283705 ], [ 15.279778379047359, 47.008881779494885 ], [ 15.279341440416642, 47.00885803643142 ], [ 15.279142718395772, 47.00885361141674 ], [ 15.278951168744085, 47.008879755278429 ], [ 15.278605556954796, 47.008985583546057 ], [ 15.278537502865229, 47.009006460751536 ], [ 15.277942046183965, 47.009188751710404 ], [ 15.2777070782669, 47.009261810166009 ], [ 15.27740477884582, 47.009300018446488 ], [ 15.277097633141965, 47.009338848911185 ], [ 15.276691961563056, 47.009367754009205 ], [ 15.27637146408582, 47.009404920874019 ], [ 15.276154895946208, 47.009430678012905 ], [ 15.275976927552392, 47.009490066704309 ], [ 15.275806905246535, 47.009579651241921 ], [ 15.27556838240017, 47.009688768451419 ], [ 15.275273472930053, 47.009763657087149 ], [ 15.275093214265818, 47.009774840256242 ], [ 15.274875963527629, 47.009785575575371 ], [ 15.274660086815965, 47.009808707826522 ], [ 15.27440921947413, 47.009875370708187 ], [ 15.274024928978513, 47.010028649101777 ], [ 15.273742220642932, 47.010171099727479 ], [ 15.273599135696024, 47.010216567605575 ], [ 15.27339628651198, 47.010311839677072 ], [ 15.273320387638119, 47.010334197812263 ], [ 15.273193432727972, 47.010331326363954 ], [ 15.273028039752257, 47.010306429855035 ], [ 15.272779184535068, 47.010269727766179 ], [ 15.272694512524335, 47.010253622736023 ], [ 15.272550633956408, 47.010234118478664 ], [ 15.272405344690439, 47.010222828678501 ], [ 15.272128689923628, 47.010250054132769 ], [ 15.271930389640819, 47.010318604093378 ], [ 15.271773553904518, 47.010416417869806 ], [ 15.271661885697345, 47.010525971260215 ], [ 15.271434759489376, 47.010951436102303 ], [ 15.271227847161008, 47.011220485084237 ], [ 15.271013403446767, 47.011452669709278 ], [ 15.27100048830596, 47.011466570998721 ], [ 15.270521457583897, 47.011811816355888 ], [ 15.269883563545799, 47.012224933195874 ], [ 15.269515659375333, 47.012435070133805 ], [ 15.269403395296992, 47.012561012385476 ], [ 15.269331179231362, 47.012745945690021 ], [ 15.269464321453198, 47.013456432677287 ], [ 15.269548936678, 47.013615290558043 ], [ 15.269600503533523, 47.013737539434295 ], [ 15.269524043236526, 47.014098506797225 ], [ 15.269531884643005, 47.014508620122754 ], [ 15.269617947509346, 47.014772130194018 ], [ 15.269813399465454, 47.015043675604822 ], [ 15.269894555109774, 47.015313299577052 ], [ 15.269912798748447, 47.015561044832801 ], [ 15.269758125791613, 47.015736763741373 ], [ 15.269512132514999, 47.015873086697454 ], [ 15.269388542605725, 47.015919566654873 ], [ 15.269227976191775, 47.01593364463438 ], [ 15.269053636228518, 47.015948947223094 ], [ 15.269024908902621, 47.015951507015906 ], [ 15.268711829937756, 47.015962333330748 ], [ 15.268506638259989, 47.016033874498198 ], [ 15.268277797733747, 47.016088447086155 ], [ 15.267739860062168, 47.016140364108757 ], [ 15.267358385497776, 47.016224536365094 ], [ 15.266986077946507, 47.016300270697144 ], [ 15.266570076433014, 47.0162855716924 ], [ 15.266203518488068, 47.016378306664343 ], [ 15.265756048429497, 47.01656215304952 ], [ 15.265414032534496, 47.016653117723621 ], [ 15.265131835098853, 47.01668816029752 ], [ 15.264549490362977, 47.016738747294312 ], [ 15.264287671146171, 47.016805843294406 ], [ 15.263576610325321, 47.017178584176108 ], [ 15.263258448155291, 47.017328630591727 ], [ 15.262993641890723, 47.01733898067522 ], [ 15.262603066131046, 47.017241839794544 ], [ 15.262416964921162, 47.017230600193599 ], [ 15.262274695531158, 47.017306551394526 ], [ 15.262210036070085, 47.017468489818512 ], [ 15.262198061425241, 47.017696857671346 ], [ 15.26230050350483, 47.017716449084631 ], [ 15.26233615400697, 47.017890004605981 ], [ 15.262462703511522, 47.018095048207513 ], [ 15.262815016500705, 47.018569783715201 ], [ 15.262957675202774, 47.018874009464973 ], [ 15.263058595447927, 47.018931338495129 ], [ 15.263184913737399, 47.0190030868131 ], [ 15.26321756763924, 47.019021613154457 ], [ 15.263261107299815, 47.019046344911757 ], [ 15.263453416259837, 47.019344146026256 ], [ 15.263630083479811, 47.019483082542699 ], [ 15.263696467496882, 47.019535237648718 ], [ 15.263752376352015, 47.01979890426469 ], [ 15.263710769250784, 47.020004824563131 ], [ 15.264241023271921, 47.020384815625484 ], [ 15.26434318095475, 47.020457963560872 ], [ 15.264077475745482, 47.020654013065617 ], [ 15.263951660590344, 47.020730226559124 ], [ 15.263916116445968, 47.020751712089975 ], [ 15.263300679753337, 47.021124354880833 ], [ 15.26340283112788, 47.021211814681315 ], [ 15.263611352968356, 47.02139053256483 ], [ 15.263866466621854, 47.021609050739755 ], [ 15.264083845940952, 47.021824969638615 ], [ 15.264210966992774, 47.021951156786365 ], [ 15.264227356050897, 47.021967529227297 ], [ 15.264267087704944, 47.02200690631733 ], [ 15.263558792345711, 47.022240359958452 ], [ 15.263466740576479, 47.022228063430497 ], [ 15.263102842073724, 47.022308321610218 ], [ 15.263008916926816, 47.022320538097034 ], [ 15.262601701757118, 47.022418541661438 ], [ 15.262432738633107, 47.022459303980945 ], [ 15.261949456183668, 47.022590189121232 ], [ 15.261166985255379, 47.022789424813439 ], [ 15.26069393371138, 47.022919500814993 ], [ 15.260580429131332, 47.022950768688005 ], [ 15.260525050565501, 47.023053234721466 ], [ 15.260680366127733, 47.023281913786576 ], [ 15.260686489985154, 47.023291080452566 ], [ 15.260759621966027, 47.023398566275901 ], [ 15.260724715142567, 47.023423190137187 ], [ 15.260683322772707, 47.02345044419878 ], [ 15.260585240612333, 47.023515022459442 ], [ 15.260370539868358, 47.023615781408587 ], [ 15.26038653257743, 47.02371919657098 ], [ 15.260391393815256, 47.023751606130183 ], [ 15.26038182520635, 47.023796231260526 ], [ 15.260380484977992, 47.023802824410922 ], [ 15.260379005686428, 47.023812840135008 ], [ 15.260353204402978, 47.023943336031223 ], [ 15.260356748441273, 47.023946696117576 ], [ 15.260359201002347, 47.023948994654162 ], [ 15.260370375596334, 47.023959515736848 ], [ 15.260375149181611, 47.023964115041032 ], [ 15.260666988019622, 47.024266172560736 ], [ 15.260720046125366, 47.024320985724081 ], [ 15.260747402000034, 47.024349413331585 ], [ 15.260703075225848, 47.024390128023853 ], [ 15.260663846803142, 47.024426255903933 ], [ 15.260487690017239, 47.024588194849002 ], [ 15.260326144305331, 47.024757446093219 ], [ 15.260249559809399, 47.02484506075961 ], [ 15.26024614851155, 47.024848988873543 ], [ 15.26020962432257, 47.024890741063736 ], [ 15.259703003197657, 47.025471230130925 ], [ 15.259404379702422, 47.025835056659794 ], [ 15.259298346189283, 47.026010835449767 ], [ 15.259256497899397, 47.02608003928426 ], [ 15.259151273285132, 47.02623096265846 ], [ 15.259159406391223, 47.026295538790315 ], [ 15.259156481961044, 47.026298378546585 ], [ 15.259147458624573, 47.026307262076713 ], [ 15.259136142486399, 47.026318254608007 ], [ 15.259132333114056, 47.026322099428874 ], [ 15.259117457639523, 47.026336572517337 ], [ 15.258974702462444, 47.026476161263361 ], [ 15.258970636498322, 47.026480190439578 ], [ 15.25891814077807, 47.026597007586197 ], [ 15.258901689818144, 47.026633378710841 ], [ 15.258818081509443, 47.026734342212556 ], [ 15.258669395897194, 47.026913723533639 ], [ 15.258640389018236, 47.026948687338987 ], [ 15.25846266581501, 47.027056916107234 ], [ 15.257798187295522, 47.026645869852828 ], [ 15.25746268617638, 47.026857036275047 ], [ 15.257053782267795, 47.027156750194727 ], [ 15.256960696210394, 47.027225110753619 ], [ 15.256858237778278, 47.027310911006836 ], [ 15.256698805748449, 47.02744456876853 ], [ 15.256969878186457, 47.027649421350631 ], [ 15.25732337329112, 47.027916601198946 ], [ 15.257583353844042, 47.028113089742014 ], [ 15.257948086741708, 47.028388717911326 ], [ 15.257929898784745, 47.028402616913652 ], [ 15.257641488608789, 47.028624056479892 ], [ 15.257190937079514, 47.028969928981006 ], [ 15.257339712336435, 47.029076135846616 ], [ 15.257600241426513, 47.029262174506997 ], [ 15.257679157412875, 47.029318531200353 ], [ 15.258110224280305, 47.029626337289855 ], [ 15.258319663198714, 47.029844471996149 ], [ 15.258350558418908, 47.029876080424486 ], [ 15.258481331562324, 47.029910406476944 ], [ 15.259183169179758, 47.030406591439167 ], [ 15.259036333711981, 47.030517447451075 ], [ 15.258993617220002, 47.030541033000837 ], [ 15.258911019645328, 47.030586535886457 ], [ 15.258544579963091, 47.030700123496516 ], [ 15.258524993271546, 47.030704505697557 ], [ 15.258227669831305, 47.030771108050068 ], [ 15.25809017114714, 47.030801879641579 ], [ 15.257991469819878, 47.030817142813511 ], [ 15.258086409663404, 47.030901489520012 ], [ 15.258396209194554, 47.031179037416074 ], [ 15.258467400831096, 47.031221933680307 ], [ 15.258482066677843, 47.031230685693899 ], [ 15.258545185645771, 47.031268768413554 ], [ 15.258597131057186, 47.031300020036433 ], [ 15.258761451483277, 47.031399031300346 ], [ 15.258798727931506, 47.031421440903173 ], [ 15.258802765988658, 47.031423892614711 ], [ 15.258969492137746, 47.031563815352278 ], [ 15.259346190646568, 47.031809174829363 ], [ 15.259300927469692, 47.031954941238723 ], [ 15.259273592875971, 47.03204334012699 ], [ 15.25915755117683, 47.032186706189762 ], [ 15.258895391750004, 47.032493568944858 ], [ 15.25846850101575, 47.032635812435139 ], [ 15.258166995323112, 47.032736237397273 ], [ 15.259181476466784, 47.033830162520161 ], [ 15.259489322521432, 47.034162104287631 ], [ 15.260053000241069, 47.03438989047654 ], [ 15.260460916918754, 47.03455524224475 ], [ 15.260609628191256, 47.034615543407583 ], [ 15.260701421012135, 47.034652778548569 ], [ 15.261343975641154, 47.03464151540372 ], [ 15.261741402621386, 47.035369756013161 ], [ 15.261847243803272, 47.035572632212784 ], [ 15.261918828411535, 47.035644231588314 ], [ 15.26201609880048, 47.035741586507932 ], [ 15.262204107460853, 47.036021012339411 ], [ 15.262222247024429, 47.03600936364483 ], [ 15.262276152461087, 47.035974786280015 ], [ 15.262379568738067, 47.035864393489973 ], [ 15.262431406650171, 47.035809149850323 ], [ 15.262576895131264, 47.03565375966572 ], [ 15.262580063422101, 47.035650375652715 ], [ 15.262610101282984, 47.03561836356694 ], [ 15.262619731173643, 47.035608029390133 ], [ 15.262753943703222, 47.035464801204078 ], [ 15.262790173044715, 47.035469136213997 ], [ 15.262990315453878, 47.03550272921575 ], [ 15.263083034065424, 47.03551825539121 ], [ 15.263219873768255, 47.035534292074971 ], [ 15.263468427983211, 47.035563281600908 ], [ 15.264176103029611, 47.035597519191853 ], [ 15.264319080823542, 47.035597699237726 ], [ 15.264574358153846, 47.035597950264808 ], [ 15.264588962209729, 47.035597702004218 ], [ 15.26472922685303, 47.035595677512994 ], [ 15.266349598239806, 47.035509704706087 ], [ 15.266459684207089, 47.035731045879679 ], [ 15.266472345530888, 47.035764222580433 ], [ 15.266464506517211, 47.035870742803972 ], [ 15.266521612032049, 47.036003699693374 ], [ 15.266824843127287, 47.036395284924652 ], [ 15.266990482959876, 47.036609199748959 ], [ 15.2670306534195, 47.037050714503536 ], [ 15.267001593941616, 47.037344537989838 ], [ 15.266986205907353, 47.037435345723495 ], [ 15.266940196543029, 47.037704796080263 ], [ 15.266955432085478, 47.037837565336709 ], [ 15.266977240875521, 47.038027916428895 ], [ 15.266933422498655, 47.03824908637543 ], [ 15.266965003466643, 47.03840047865846 ], [ 15.266968175441002, 47.038415275628225 ], [ 15.267165097154674, 47.03880830946067 ], [ 15.267213874161175, 47.038972729849576 ], [ 15.267226589164316, 47.039162785670541 ], [ 15.267239638087556, 47.039275250811734 ], [ 15.267262329684373, 47.039468107002889 ], [ 15.267309005816891, 47.039563978706987 ], [ 15.267343647843166, 47.039647544439276 ], [ 15.267307265242236, 47.039769221548752 ], [ 15.267331202661545, 47.039768544064096 ], [ 15.267417197134103, 47.039938991282433 ], [ 15.267418534719551, 47.040084147864135 ], [ 15.267397063354256, 47.040091083791488 ], [ 15.267400456413764, 47.040148089707216 ], [ 15.267409162415296, 47.040293120856482 ], [ 15.267413181520025, 47.040320324196244 ], [ 15.267413677830028, 47.040323105927335 ], [ 15.26740621278938, 47.040331423530738 ], [ 15.267385971409945, 47.040339598597605 ], [ 15.267377799840311, 47.040342977907208 ], [ 15.267365949543501, 47.040353800312332 ], [ 15.267322634362179, 47.040393600147375 ], [ 15.267317169732575, 47.040399003508064 ], [ 15.267236220033642, 47.0404791364695 ], [ 15.267229474638327, 47.040514443548318 ], [ 15.267451547728593, 47.040748278692682 ], [ 15.267433378694102, 47.040824192851694 ], [ 15.267611508877685, 47.040943208293093 ], [ 15.267692046194441, 47.041014381843063 ], [ 15.267834998268649, 47.041092953209599 ], [ 15.267838031692458, 47.041161756003326 ], [ 15.267839326209462, 47.041197286255851 ], [ 15.267928340573791, 47.041298737279789 ], [ 15.267863757968932, 47.041484798844849 ], [ 15.267819481833042, 47.041523535150276 ], [ 15.267840952099229, 47.041697240821335 ], [ 15.267768975219353, 47.042063439815124 ], [ 15.267768754458929, 47.042089905279255 ], [ 15.267765028510718, 47.04255862891749 ], [ 15.267563638331975, 47.042903629435891 ], [ 15.267550131056726, 47.042926810851 ], [ 15.267535127271273, 47.043017342071629 ], [ 15.267533560722828, 47.043183969458667 ], [ 15.267461880799491, 47.043309037607123 ], [ 15.267392285169331, 47.043350364844784 ], [ 15.26729162891783, 47.043410131869088 ], [ 15.26735023412799, 47.043728564877014 ], [ 15.267441362378381, 47.043862652449334 ], [ 15.26737698123908, 47.044032689180248 ], [ 15.267409371327581, 47.044126643927157 ], [ 15.267362611613121, 47.044259928354258 ], [ 15.26733880793506, 47.044322167489383 ], [ 15.267279101983664, 47.044371156803365 ], [ 15.26725431424499, 47.044435302788408 ], [ 15.267282337061733, 47.044474428376375 ], [ 15.26715589203576, 47.044632380442778 ], [ 15.267182410558437, 47.044655510629291 ], [ 15.267206924691196, 47.044685065334171 ], [ 15.267191210925978, 47.044719984999276 ], [ 15.267137233748713, 47.044756365924698 ], [ 15.267018540053549, 47.044816259619658 ], [ 15.266947924273191, 47.044887485819572 ], [ 15.266965116192791, 47.04495460757969 ], [ 15.266940194630704, 47.044986173673109 ], [ 15.266888688378236, 47.044996410752141 ], [ 15.266856358739469, 47.045066805366048 ], [ 15.266835475489897, 47.045086331950039 ], [ 15.266797138098015, 47.045096614917888 ], [ 15.26674353878321, 47.045110847797631 ], [ 15.266670963602946, 47.045189757641353 ], [ 15.266400544788038, 47.045281213975905 ], [ 15.265998765156542, 47.045612789181533 ], [ 15.265840122307246, 47.045678581397276 ], [ 15.265675153964674, 47.045718919327854 ], [ 15.265671412589366, 47.045760835616939 ], [ 15.26568506843944, 47.045817667020486 ], [ 15.265680161559697, 47.045827561090583 ], [ 15.26565095396527, 47.045886111480449 ], [ 15.265666577821387, 47.045939129178528 ], [ 15.265650858268945, 47.046017341459113 ], [ 15.265694588889124, 47.046061150625576 ], [ 15.265708895465622, 47.046215447165586 ], [ 15.265657041700635, 47.04628491334001 ], [ 15.265573117145308, 47.046287240542291 ], [ 15.265330717921199, 47.046374527498671 ], [ 15.265272002982064, 47.046414678274239 ], [ 15.265281311386607, 47.046460602938453 ], [ 15.265401711538255, 47.046563232470163 ], [ 15.265389625035921, 47.046614651231614 ], [ 15.265454987992968, 47.046652242305719 ], [ 15.265515708598331, 47.046728704748809 ], [ 15.265478866470579, 47.046794585356501 ], [ 15.265575302654472, 47.046814006879629 ], [ 15.26566422037425, 47.047006727191686 ], [ 15.265645968216775, 47.047116664545584 ], [ 15.265672722491283, 47.047167962875022 ], [ 15.265594725807171, 47.047239133647217 ], [ 15.265725523231877, 47.047348786529732 ], [ 15.265700461027949, 47.047383774926253 ], [ 15.265686926245445, 47.04740263627604 ], [ 15.265797507860718, 47.047492291565668 ], [ 15.265796179286914, 47.047564318741379 ], [ 15.265869379228542, 47.047589265526277 ], [ 15.265875716644324, 47.047640371006025 ], [ 15.265936463595237, 47.047688571003775 ], [ 15.265825775797991, 47.047845623343051 ], [ 15.265814537076368, 47.047960121745625 ], [ 15.26578054253806, 47.048031894390796 ], [ 15.265803721439314, 47.048100714611095 ], [ 15.265832420115743, 47.048136678871877 ], [ 15.265863730542952, 47.048175658903574 ], [ 15.266163629015505, 47.048148416820055 ], [ 15.266440776786789, 47.048183484923747 ], [ 15.266504595034069, 47.048207510848428 ], [ 15.266551511789411, 47.048237494641739 ], [ 15.266281241476923, 47.048608325698879 ], [ 15.26625728160724, 47.048601262782704 ], [ 15.266076558262128, 47.048585255528714 ], [ 15.265927166246916, 47.048699223442576 ], [ 15.265896860103467, 47.048767423163085 ], [ 15.265888332413063, 47.048786379387948 ], [ 15.265880879950322, 47.048979568409571 ], [ 15.266037689401278, 47.049130811306853 ], [ 15.26608284249235, 47.049184676816587 ], [ 15.266300744445907, 47.049444147240742 ], [ 15.266620248048541, 47.049998457716804 ], [ 15.267384414342049, 47.050688759610857 ], [ 15.267396498868109, 47.050734906908325 ], [ 15.267462374065135, 47.050985171835372 ], [ 15.267783508051107, 47.051012647843137 ], [ 15.267799757882484, 47.051014081336284 ], [ 15.26801524659898, 47.051206895525063 ], [ 15.26805909633309, 47.051242961354639 ], [ 15.268282750716139, 47.051403233963285 ], [ 15.268344301359148, 47.051625040257321 ], [ 15.268360678981043, 47.051684165207391 ], [ 15.268503512190897, 47.051899547035234 ], [ 15.268508805141828, 47.051907467418317 ], [ 15.268597864288612, 47.052042129581487 ], [ 15.268854237492555, 47.052153330831807 ], [ 15.269406496931394, 47.052184426177284 ], [ 15.269929763605516, 47.052113856307272 ], [ 15.270286870976227, 47.052105610067514 ], [ 15.270351240128742, 47.052112073410029 ], [ 15.270590323575247, 47.052149940728683 ], [ 15.270862810882493, 47.05225510245652 ], [ 15.27109085908655, 47.052347790442198 ], [ 15.271941796163285, 47.052483407454815 ], [ 15.271986891211782, 47.052499379274344 ], [ 15.272190891856077, 47.052571773976659 ], [ 15.272495057572435, 47.052653529915027 ], [ 15.272832846957394, 47.052743621805682 ], [ 15.27303163504277, 47.052550766545913 ], [ 15.273351412717453, 47.052274120151175 ], [ 15.273385372054495, 47.052244828525502 ], [ 15.273485534034631, 47.052318993560696 ], [ 15.273598917157274, 47.052250453385675 ], [ 15.273716882906811, 47.052195605755252 ], [ 15.27377677397509, 47.052227255286049 ], [ 15.273865540003474, 47.052263452060181 ], [ 15.273906312075917, 47.052280036978964 ], [ 15.274199768603953, 47.052389423060816 ], [ 15.274347364318935, 47.052442615910905 ], [ 15.2745426915998, 47.052515424602831 ], [ 15.274889403286123, 47.052644150594368 ], [ 15.275437586075972, 47.052858718642263 ], [ 15.275886949327715, 47.053032220467962 ], [ 15.276327334896127, 47.053143859917121 ], [ 15.276394532962474, 47.053173583063156 ], [ 15.276538020473957, 47.05323674404552 ], [ 15.276703326512761, 47.053309522416889 ], [ 15.2769207026705, 47.053405261645224 ], [ 15.277069241953367, 47.053466085430216 ], [ 15.27719128941175, 47.053145106523807 ], [ 15.277407057552445, 47.052880488129709 ], [ 15.277494037215336, 47.052770722880645 ], [ 15.277793957323402, 47.052840566627189 ], [ 15.277852531214185, 47.052854145383648 ], [ 15.27792898164669, 47.05287758890465 ], [ 15.278478765357804, 47.053045582003534 ], [ 15.278630469711937, 47.053092128628535 ], [ 15.278665630305488, 47.053102867529134 ], [ 15.278918427718834, 47.053180445460278 ], [ 15.279230859777888, 47.053268162507671 ], [ 15.279241905510691, 47.053271303600098 ], [ 15.279290629186059, 47.053285590329097 ], [ 15.279303142434618, 47.053289246323679 ], [ 15.279348394786275, 47.053302242377484 ], [ 15.279677396698556, 47.053410825919272 ], [ 15.279919672397053, 47.053499472613851 ], [ 15.279977734967995, 47.053520619568857 ], [ 15.280022451672949, 47.053536954762073 ], [ 15.280158072776857, 47.053586565082647 ], [ 15.280237763496002, 47.053615711969421 ], [ 15.280035650649546, 47.053659857039001 ], [ 15.279817264495534, 47.053788166165404 ], [ 15.27966667589363, 47.053818827204736 ], [ 15.279438229771461, 47.053787727049276 ], [ 15.279037311837026, 47.053973523903544 ], [ 15.278819549375362, 47.054039896186183 ], [ 15.278500544139092, 47.054128702354369 ], [ 15.278293557215093, 47.054320267622415 ], [ 15.27832979651091, 47.054525761305769 ], [ 15.27849516383397, 47.054632378412656 ], [ 15.278758465059672, 47.054669364305298 ], [ 15.278871084948651, 47.054720179976911 ], [ 15.279038263520039, 47.054868978169317 ], [ 15.279051586182145, 47.05495578596306 ], [ 15.278915398263992, 47.055156670910762 ], [ 15.27883175317405, 47.055206526095709 ], [ 15.278696896164142, 47.055210184663188 ], [ 15.278493348890398, 47.055269292423375 ], [ 15.278447721257246, 47.055328757311862 ], [ 15.278420697687427, 47.055443077493713 ], [ 15.278416721001506, 47.055675991244193 ], [ 15.278089304689615, 47.055938111674799 ], [ 15.277913415002292, 47.056087201141338 ], [ 15.277845219207013, 47.056131030829469 ], [ 15.277686375503482, 47.056267317431391 ], [ 15.277641453098958, 47.05638563384872 ], [ 15.277603387025593, 47.056486191767597 ], [ 15.277600994985759, 47.056489202888244 ], [ 15.277442597050831, 47.056698836409538 ], [ 15.277518039410726, 47.056867207254676 ], [ 15.277744873162691, 47.056918680422577 ], [ 15.277893531961116, 47.056982471461524 ], [ 15.27800015878381, 47.057060122396656 ], [ 15.27810481055846, 47.05717731968911 ], [ 15.278164234688607, 47.057242727302935 ], [ 15.277885694414577, 47.057491139706443 ], [ 15.277754580870779, 47.057719388079072 ], [ 15.276977848987872, 47.058138331061642 ], [ 15.277056424485854, 47.058482160363134 ], [ 15.276728727715478, 47.058751661724656 ], [ 15.276638381123439, 47.05889208577679 ], [ 15.276425267879024, 47.058945772732606 ], [ 15.276336918091882, 47.058968074525012 ], [ 15.276080856524088, 47.059115021186138 ], [ 15.275876346335085, 47.05957655713248 ], [ 15.275807220571126, 47.059685115676956 ], [ 15.275541765389899, 47.059791448873376 ], [ 15.275244554664484, 47.060149440614808 ], [ 15.275387257912991, 47.060424670773067 ], [ 15.275904062361702, 47.060776493129886 ], [ 15.275943074051407, 47.060971499363248 ], [ 15.275946147875359, 47.060987107867149 ], [ 15.275534550837584, 47.061199625455814 ], [ 15.275072041997268, 47.061381509176009 ], [ 15.274662900134455, 47.06156769981839 ], [ 15.274649548506787, 47.061670804643661 ], [ 15.274681428227096, 47.061879793960117 ], [ 15.274750478505904, 47.062031894678071 ], [ 15.27482179885533, 47.062382869705132 ], [ 15.274782317564744, 47.062549425014133 ], [ 15.274655984439631, 47.062584974982656 ], [ 15.274486136425107, 47.062586795690152 ], [ 15.274328201608748, 47.062568611405524 ], [ 15.274142669779181, 47.062548557969528 ], [ 15.273813894404009, 47.062494227371367 ], [ 15.273391753086932, 47.062393606338084 ], [ 15.273262695651546, 47.06239787919862 ], [ 15.273193815947675, 47.062459358708516 ], [ 15.27312725721649, 47.062580742484691 ], [ 15.273100503754135, 47.062810984080784 ], [ 15.273674790891334, 47.063073989926345 ], [ 15.273784457184805, 47.063184175150859 ], [ 15.273729952640922, 47.063210127255971 ], [ 15.273592777480209, 47.063345497616432 ], [ 15.273136434048446, 47.063512956837272 ], [ 15.272602544935284, 47.063439981448617 ], [ 15.272418014329228, 47.06342215822319 ], [ 15.272170822424993, 47.063448606360275 ], [ 15.272021470964638, 47.063445483422143 ], [ 15.271881260704491, 47.063404131914368 ], [ 15.271774879911975, 47.063383804723529 ], [ 15.2716340233289, 47.063418518874343 ], [ 15.27161848996151, 47.063422383990563 ], [ 15.271541599771611, 47.063441336272653 ], [ 15.271446811191661, 47.063446282759088 ], [ 15.271095574612948, 47.063758110907145 ], [ 15.271070183413876, 47.063997059195351 ], [ 15.270965080946258, 47.064116398470908 ], [ 15.270904874082669, 47.06418465911311 ], [ 15.270388198474626, 47.064532877011942 ], [ 15.269781375011981, 47.06472106783994 ], [ 15.26944726566205, 47.064730179400698 ], [ 15.269239576435004, 47.064799780992018 ], [ 15.269103448246449, 47.064910106230087 ], [ 15.269048000938973, 47.064971714355984 ], [ 15.269000800074746, 47.065096906101964 ], [ 15.268892480919215, 47.065225748720621 ], [ 15.268833351091809, 47.065309200828644 ], [ 15.268805287247323, 47.065402924635308 ], [ 15.268766197172782, 47.065533828536452 ], [ 15.268537359723602, 47.065756888622914 ], [ 15.268523634190013, 47.065824806610934 ], [ 15.268671760318789, 47.06616259647587 ], [ 15.268500368504313, 47.066284952013007 ], [ 15.268266986297222, 47.066318446766957 ], [ 15.268050655167055, 47.066375232327552 ], [ 15.267941706120817, 47.066403818296124 ], [ 15.267657846499134, 47.066396858230853 ], [ 15.267509418607096, 47.066300017569958 ], [ 15.267388904555677, 47.06635103119801 ], [ 15.267269106626754, 47.066454235818568 ], [ 15.267108837114559, 47.066603581680866 ], [ 15.267070912506755, 47.066632848648737 ], [ 15.267029756268807, 47.066725264568809 ], [ 15.266765478682878, 47.067002747130857 ], [ 15.266643888776112, 47.067968055933726 ], [ 15.266711989644016, 47.068242765120047 ], [ 15.266845900957417, 47.068443630345591 ], [ 15.266891935780938, 47.068589916626586 ], [ 15.26691493399816, 47.068617337200159 ], [ 15.266932555918524, 47.068634588569715 ], [ 15.266951536956039, 47.068652986892474 ], [ 15.267076635034234, 47.068774616768046 ], [ 15.267111708112861, 47.068808042294364 ], [ 15.267119632269782, 47.068815827996659 ], [ 15.267125098224197, 47.068821225361731 ], [ 15.267141575299847, 47.0688359760168 ], [ 15.267318388645892, 47.069010279275496 ], [ 15.267362968824468, 47.069055153721408 ], [ 15.267767576431474, 47.069465085771995 ], [ 15.267786455913631, 47.069484295744225 ], [ 15.267815250946429, 47.069511707511801 ], [ 15.267833226277396, 47.069524182434655 ], [ 15.267838149374143, 47.069529138977074 ], [ 15.267903665553266, 47.069555655809459 ], [ 15.267886005335605, 47.069573507458699 ], [ 15.267785886660389, 47.069674667499058 ], [ 15.267810085771849, 47.069688026580813 ], [ 15.267982820398142, 47.069782833244446 ], [ 15.268100041747239, 47.069847262482845 ], [ 15.268165654489479, 47.069894478844013 ], [ 15.268439589087491, 47.070091158961091 ], [ 15.268763397824239, 47.070383835517227 ], [ 15.268876328417496, 47.070485869433824 ], [ 15.269030652240943, 47.070899248327301 ], [ 15.269722042379014, 47.071452529887438 ], [ 15.26980802859682, 47.071339548105456 ], [ 15.269891114378273, 47.071230125884455 ], [ 15.270089232159268, 47.070930091826 ], [ 15.270154294310592, 47.070879120176684 ], [ 15.270596857529171, 47.070317773719978 ], [ 15.270929622385168, 47.070061616390149 ], [ 15.271212788585819, 47.069922771048219 ], [ 15.271477320578773, 47.069793153249108 ], [ 15.271546042072414, 47.069759489487986 ], [ 15.2720196338853, 47.069662308112171 ], [ 15.273265456112725, 47.069406769834941 ], [ 15.273339069498938, 47.069391652696154 ], [ 15.273267466142002, 47.069530223580244 ], [ 15.273383724388605, 47.06994289660782 ], [ 15.27355538525023, 47.070552096861597 ], [ 15.273631419427286, 47.070891381361939 ], [ 15.273619731118504, 47.071151787821371 ], [ 15.273718304582754, 47.071552611625016 ], [ 15.273980922473084, 47.072235143737828 ], [ 15.273996381770516, 47.072268812055782 ], [ 15.27402690287915, 47.072300063115442 ], [ 15.274169663582876, 47.072489698540004 ], [ 15.27419430607423, 47.072536710940646 ], [ 15.274363036047692, 47.072860011555413 ], [ 15.27452402442732, 47.073061666172208 ], [ 15.274641256964738, 47.0732088041403 ], [ 15.274734462183794, 47.073325750302736 ], [ 15.274999238672821, 47.073695833051829 ], [ 15.275422927744232, 47.074314947260675 ], [ 15.27544902671224, 47.07430811100555 ], [ 15.275537993070834, 47.074460321288988 ], [ 15.275719169630575, 47.074770536634169 ], [ 15.2761022186041, 47.075293946543219 ], [ 15.276177941849777, 47.07539741945358 ], [ 15.276235632893167, 47.075465378115624 ], [ 15.276285759641837, 47.075524645440609 ], [ 15.276487469798889, 47.075783745427344 ], [ 15.276435969266588, 47.075827288437019 ], [ 15.276306845248344, 47.075920581196208 ], [ 15.276300905137777, 47.075981436711224 ], [ 15.276346225250641, 47.075984982485458 ], [ 15.276379381397593, 47.07594058295556 ], [ 15.276490151158557, 47.075856964429001 ], [ 15.276557856229976, 47.0757990134978 ], [ 15.276681199666072, 47.075716979984648 ], [ 15.276950635068753, 47.075580515492824 ], [ 15.277075087814307, 47.07552879457414 ], [ 15.27745297726986, 47.075375083593471 ], [ 15.277847112652456, 47.075168619975656 ], [ 15.277905635999167, 47.075129816500009 ], [ 15.277985099668241, 47.0750728336333 ], [ 15.278089522085848, 47.074988691999081 ], [ 15.27824892435525, 47.074851766283849 ], [ 15.278423268830601, 47.074648070260942 ], [ 15.278538872953176, 47.074488041837306 ], [ 15.278607707166339, 47.074392717804791 ], [ 15.27885222007432, 47.074069102510961 ], [ 15.278968353573639, 47.07389124335343 ], [ 15.279055087450756, 47.073730808358178 ], [ 15.279114784823914, 47.073580376660431 ], [ 15.279146404762978, 47.073469038067763 ], [ 15.279180979745503, 47.073477806923435 ], [ 15.279185110724068, 47.073479086309007 ], [ 15.279302167104175, 47.073513265162212 ], [ 15.279351041035842, 47.073527549600023 ], [ 15.279514391504017, 47.073581097155099 ], [ 15.279884961216259, 47.073702471480864 ], [ 15.280098717900531, 47.073772526324227 ], [ 15.281508773222095, 47.073980407905204 ], [ 15.282169858229224, 47.07449660338402 ], [ 15.282313365702434, 47.074522675269797 ], [ 15.282513908403738, 47.074559199916109 ], [ 15.283049318115445, 47.074541018608144 ], [ 15.283128665116882, 47.074538397740639 ], [ 15.283686413274127, 47.074654839537899 ], [ 15.28357709462585, 47.074895861166162 ], [ 15.283472996304448, 47.075225179153861 ], [ 15.283458805148747, 47.075240543603783 ], [ 15.283080120964135, 47.075372146975667 ], [ 15.283021597208583, 47.075582954883743 ], [ 15.282941637533371, 47.07561555819413 ], [ 15.282706413558868, 47.075836506331981 ], [ 15.282642599077917, 47.075892594209378 ], [ 15.282282420188066, 47.075850255757395 ], [ 15.282206854604798, 47.076009691810569 ], [ 15.281754448779674, 47.076964759858484 ], [ 15.281721928260607, 47.077033541774242 ], [ 15.281737403627378, 47.077092590580037 ], [ 15.28186412614142, 47.077604983636988 ], [ 15.281870247630428, 47.077620989815514 ], [ 15.281900800499223, 47.077660068871701 ], [ 15.281913306986599, 47.077641853314553 ], [ 15.282059595488011, 47.077650146798902 ], [ 15.282424093643028, 47.078799667102373 ], [ 15.282527528973366, 47.079022189103277 ], [ 15.282637122919915, 47.079258106352633 ], [ 15.28268333562175, 47.079357580855053 ], [ 15.28300108961972, 47.080041129381542 ], [ 15.283067766498618, 47.080184715859609 ], [ 15.283078705455905, 47.080270844136756 ], [ 15.283091503337014, 47.080371701537935 ], [ 15.283305238222521, 47.080759382808374 ], [ 15.283341229783883, 47.080824470021831 ], [ 15.283410940024826, 47.080839025544009 ], [ 15.283969583566533, 47.080949331293063 ], [ 15.284220039298095, 47.080970146054597 ], [ 15.28467706824744, 47.081008026729712 ], [ 15.284791547196116, 47.080753054729065 ], [ 15.284887389588203, 47.080535935031882 ], [ 15.284952208257096, 47.080392432744461 ], [ 15.284967758647948, 47.080299369480691 ], [ 15.285078423480487, 47.080084065312775 ], [ 15.285613435967093, 47.080010615904534 ], [ 15.285795402962425, 47.079985709853794 ], [ 15.285878390501557, 47.079974384097383 ], [ 15.286628022105708, 47.079871862364847 ], [ 15.286628260117539, 47.079871885277896 ], [ 15.287132700298715, 47.07984709818318 ], [ 15.287203647336534, 47.079848372207479 ], [ 15.287190370272315, 47.080243853707771 ], [ 15.287117695096997, 47.080502664342738 ], [ 15.287088765905139, 47.080571161137634 ], [ 15.287070119204593, 47.080594712147793 ], [ 15.287076122585756, 47.080655048170165 ], [ 15.287025499547617, 47.081055095587054 ], [ 15.287008420338848, 47.081464377293493 ], [ 15.286965198229982, 47.08162173073967 ], [ 15.286943133316917, 47.081688084401272 ], [ 15.286632055720302, 47.082071544764894 ], [ 15.286553449084842, 47.082230585942028 ], [ 15.286494751566281, 47.082656270455089 ], [ 15.286471675832876, 47.082832637937834 ], [ 15.286478100053623, 47.082927682138582 ], [ 15.286519188346817, 47.083129274287359 ], [ 15.286508184474505, 47.083261313375353 ], [ 15.286547228236309, 47.083419530648669 ], [ 15.286636950226127, 47.083605292326361 ], [ 15.286663089041777, 47.083588714199635 ], [ 15.286989087397409, 47.083510730655576 ], [ 15.287271952937573, 47.083576111196649 ], [ 15.287324114852868, 47.083571308584297 ], [ 15.287323964942622, 47.083563660632009 ], [ 15.287318198005694, 47.083324793226758 ], [ 15.287312394679347, 47.083084936376373 ], [ 15.287150029463669, 47.08231493300746 ], [ 15.28733124333934, 47.082262225644186 ], [ 15.288714473639063, 47.082246547569213 ], [ 15.288786275526274, 47.082010306430583 ], [ 15.288688622213684, 47.08182756294417 ], [ 15.288508513626603, 47.081813648883248 ], [ 15.288669709753936, 47.081443111397341 ], [ 15.28867532556627, 47.081184336818744 ], [ 15.288579684327896, 47.081009659226979 ], [ 15.288992505807494, 47.080798965419596 ], [ 15.289145368463505, 47.080695799115297 ], [ 15.289254389252314, 47.080622188783565 ], [ 15.289240609421901, 47.08048786642815 ], [ 15.289074954313044, 47.080451293146325 ], [ 15.288947660970933, 47.080365186426356 ], [ 15.28906717626392, 47.080279604943222 ], [ 15.289156524226556, 47.079947565005007 ], [ 15.28928536460586, 47.079653908335892 ], [ 15.289186135101197, 47.0792281754388 ], [ 15.289055025461471, 47.079252932265632 ], [ 15.289059394890874, 47.079081935172923 ], [ 15.289062280356006, 47.078963617281076 ], [ 15.2893496459505, 47.078820694329941 ], [ 15.289613383154485, 47.078866020327347 ], [ 15.290172025731412, 47.079012208027223 ], [ 15.290407998253329, 47.079094192596372 ], [ 15.290970705922282, 47.079289719961196 ], [ 15.291469092391736, 47.079405976687248 ], [ 15.291930203488608, 47.079408295269168 ], [ 15.292054700814685, 47.079390039475292 ], [ 15.292370925829889, 47.079343728512576 ], [ 15.292481816377309, 47.079342357869102 ], [ 15.292782875949197, 47.07933852006056 ], [ 15.29282545357592, 47.079339046381541 ], [ 15.292904949211016, 47.079347397028585 ], [ 15.293349393829773, 47.079237399069029 ], [ 15.293464889019132, 47.079282211382157 ], [ 15.293921771473984, 47.079244991945487 ], [ 15.293908694776663, 47.079176362516783 ], [ 15.293911317048725, 47.079126093713548 ], [ 15.293912386052952, 47.079105103782716 ], [ 15.293980900737159, 47.078958921972053 ], [ 15.294117310104003, 47.078703291522032 ], [ 15.294216025618551, 47.078536517281066 ], [ 15.29425958329535, 47.078563578051792 ], [ 15.294340126289717, 47.078439870165944 ], [ 15.29439632356679, 47.078292010374142 ], [ 15.294396902242189, 47.078272018962465 ], [ 15.294403091947487, 47.07807587816427 ], [ 15.294395251277219, 47.077877999220114 ], [ 15.294415392647126, 47.07770285929675 ], [ 15.29444587446115, 47.077575784464138 ], [ 15.294673626460801, 47.07753873343853 ], [ 15.29515310216191, 47.07746088613554 ], [ 15.295365007532077, 47.077426447308518 ], [ 15.295505445470743, 47.077650570020609 ], [ 15.295714754028737, 47.07793776853913 ], [ 15.295802475177286, 47.07805812324564 ], [ 15.296930628837179, 47.077226606358117 ], [ 15.297970767727668, 47.076459963191155 ], [ 15.299170561340594, 47.075625834769248 ], [ 15.299448063630926, 47.075427701985866 ], [ 15.299600962283598, 47.075223352936185 ], [ 15.299935848030128, 47.074998844574331 ], [ 15.300046265634409, 47.074949411039597 ], [ 15.30033993159447, 47.074817871270341 ], [ 15.300448386409496, 47.074740389220388 ], [ 15.300450517245418, 47.074687698469425 ], [ 15.300454355729944, 47.074592225019067 ], [ 15.300460389988139, 47.074442259559532 ], [ 15.300816754520287, 47.073898303231459 ], [ 15.301206535286504, 47.073303543514065 ], [ 15.301370610556576, 47.073361817854192 ], [ 15.30173398632847, 47.072858149966308 ], [ 15.301824126778648, 47.072508029320353 ], [ 15.30186287529617, 47.072456972630334 ], [ 15.301879203314368, 47.072435448321428 ], [ 15.302059052780116, 47.072198460558035 ], [ 15.302315640076019, 47.071926327907768 ], [ 15.302384518292602, 47.071734005695184 ], [ 15.302437898087291, 47.071652309102944 ], [ 15.302558433704412, 47.071467876654836 ], [ 15.302616758435448, 47.07136040639579 ], [ 15.302662457370538, 47.071276232541727 ], [ 15.302783193301698, 47.071111084793984 ], [ 15.302783243292827, 47.071111011922547 ], [ 15.302800896293888, 47.071098942219798 ], [ 15.30300513139529, 47.070869306909316 ], [ 15.303025236357627, 47.070846636897116 ], [ 15.303065324593446, 47.07080156898968 ], [ 15.303278174044179, 47.070608866661964 ], [ 15.303499588366124, 47.070217550603772 ], [ 15.303584887968045, 47.070066751074243 ], [ 15.303756509908242, 47.070058826101089 ], [ 15.303774921121633, 47.070057966936609 ], [ 15.304047400978288, 47.070222456367539 ], [ 15.304084730476829, 47.070245030978107 ], [ 15.304285375943227, 47.070614180447031 ], [ 15.304358848762675, 47.070673481141093 ], [ 15.304658721575423, 47.070915620125106 ], [ 15.304956260155311, 47.071169319714812 ], [ 15.30534919480521, 47.071171684967197 ], [ 15.30547783420846, 47.071272601215874 ], [ 15.305367392920152, 47.071448680222126 ], [ 15.305357192194776, 47.071464878380539 ], [ 15.305354702826044, 47.071468791854876 ], [ 15.3053238573532, 47.071517930584243 ], [ 15.305039354266576, 47.071728620828793 ], [ 15.304973728264766, 47.071749380491738 ], [ 15.304921410902162, 47.071784400399949 ], [ 15.304887960556306, 47.071855635836464 ], [ 15.304909139262739, 47.071876060110434 ], [ 15.3049357286506, 47.071907371371431 ], [ 15.30498104894804, 47.071978320784751 ], [ 15.304996118777565, 47.072004521418293 ], [ 15.304998375678357, 47.072008532581251 ], [ 15.305167081702802, 47.072124055460144 ], [ 15.305171003367091, 47.072126777649991 ], [ 15.305182589525682, 47.072162039363157 ], [ 15.305183634794934, 47.072165351484117 ], [ 15.305198195043793, 47.072209742302732 ], [ 15.305251550087348, 47.072372809211565 ], [ 15.305286477357663, 47.072479581474767 ], [ 15.305276374917485, 47.072860035380991 ], [ 15.305272756231135, 47.072996638442106 ], [ 15.305681070584695, 47.073075691825416 ], [ 15.30566763943918, 47.072941184666988 ], [ 15.3058865501235, 47.072854850353117 ], [ 15.306045344917221, 47.072792240485882 ], [ 15.306110240257309, 47.072854569185644 ], [ 15.306044499812218, 47.072957327636601 ], [ 15.306462072677043, 47.073607760873749 ], [ 15.306367404628253, 47.073708501366681 ], [ 15.306729904862598, 47.07387682289977 ], [ 15.306802309683761, 47.074466910919377 ], [ 15.307025358804054, 47.074746740452539 ], [ 15.307317656591483, 47.075113663966228 ], [ 15.307885975151661, 47.075540778255181 ], [ 15.307918337973222, 47.075571358557532 ], [ 15.307922590295693, 47.075586495861849 ], [ 15.307931054780081, 47.075615691085318 ], [ 15.307978948616372, 47.075663552965182 ], [ 15.308207310229083, 47.075671647387644 ], [ 15.308308381265336, 47.075650900253208 ], [ 15.308335059069277, 47.075638465909876 ], [ 15.308465500995501, 47.075695334375055 ], [ 15.308479192048765, 47.075702117060324 ], [ 15.308746050015614, 47.075834741176067 ], [ 15.308838410896747, 47.075870219197093 ], [ 15.309006831966016, 47.075935067795129 ], [ 15.309092377738491, 47.075967963837265 ], [ 15.309269045686399, 47.076141037038681 ], [ 15.309483515269584, 47.076225336194696 ], [ 15.309586068269569, 47.076265586854014 ], [ 15.309633359453079, 47.076314898657884 ], [ 15.309669138388317, 47.076352259629907 ], [ 15.30987605723435, 47.076364683799284 ], [ 15.310738662009026, 47.076517277200921 ], [ 15.311346954903041, 47.076668978452567 ], [ 15.311779995661471, 47.076735249438762 ], [ 15.311863611474712, 47.076748105478813 ], [ 15.311908817144898, 47.076762619976648 ], [ 15.312548528297611, 47.076968762413266 ], [ 15.31348024060088, 47.077288625395518 ], [ 15.314045468809658, 47.077482735767816 ], [ 15.314431371206252, 47.07763775489952 ], [ 15.31453871174563, 47.077693128972953 ], [ 15.314594328265461, 47.077721772135412 ], [ 15.314641481667902, 47.077746062400607 ], [ 15.314678920391671, 47.077760711173688 ], [ 15.314720501382055, 47.077776907874451 ], [ 15.314898594013242, 47.077846349800609 ], [ 15.315143654054193, 47.077616880845213 ], [ 15.3153502911641, 47.077427594243673 ], [ 15.3156072503853, 47.07718522578444 ], [ 15.315701195921633, 47.077097181014707 ], [ 15.315962406242496, 47.07685230738052 ], [ 15.316034483357269, 47.076806676968019 ], [ 15.316349163881329, 47.076607133562611 ], [ 15.31642008221834, 47.076562243161497 ], [ 15.316447512717897, 47.076541783130054 ], [ 15.316579792668509, 47.076443078140663 ], [ 15.316666409654722, 47.076374061849876 ], [ 15.316796330095055, 47.076289798892105 ], [ 15.317076380117179, 47.076112099198653 ], [ 15.317218727605708, 47.076184051287036 ], [ 15.317231279130924, 47.076188512639249 ], [ 15.317876416423847, 47.076416042379257 ], [ 15.318237049578658, 47.076511814999151 ], [ 15.318661725370808, 47.076632480272096 ], [ 15.319215890840479, 47.07677356409755 ], [ 15.319463180147816, 47.076533875661454 ], [ 15.319789594116466, 47.076271562503329 ], [ 15.320137340671085, 47.075942180215321 ], [ 15.320526732949396, 47.075528812191948 ], [ 15.320643728289129, 47.075363494079824 ], [ 15.320765568208621, 47.075144626848335 ], [ 15.320784081313329, 47.07511127056361 ], [ 15.320812980039625, 47.075063241555043 ], [ 15.320833194602907, 47.075029585495436 ], [ 15.320928682499765, 47.074870493506111 ], [ 15.320972832075183, 47.074796995799169 ], [ 15.321076997298549, 47.074468628348221 ], [ 15.321126158917938, 47.074117460586443 ], [ 15.321068501938401, 47.073876079159596 ], [ 15.320978891496011, 47.073604653906081 ], [ 15.320776167370978, 47.07314826103098 ], [ 15.320515194042624, 47.072807375240451 ], [ 15.320494833170461, 47.072780818975062 ], [ 15.320481074079426, 47.072730025372913 ], [ 15.320470052004673, 47.072688994717126 ], [ 15.32083904097834, 47.072727008051196 ], [ 15.321270982633976, 47.072771480017529 ], [ 15.321869948874992, 47.072801148005546 ], [ 15.321980435037027, 47.072831527994467 ], [ 15.322511444851179, 47.072977770680289 ], [ 15.322936617273578, 47.073041886407857 ], [ 15.32286420689624, 47.072818315377702 ], [ 15.322814167640615, 47.072710012206493 ], [ 15.322566873929693, 47.072175555854194 ], [ 15.322532471155844, 47.071792006671544 ], [ 15.322697910909103, 47.071548792234388 ], [ 15.323243919846215, 47.071431317414429 ], [ 15.323109960330587, 47.070602714592994 ], [ 15.323030984733336, 47.070537761493256 ], [ 15.322967250126615, 47.07039090495855 ], [ 15.322825797821524, 47.070065033880716 ], [ 15.322885066674964, 47.069822236956405 ], [ 15.322968369925825, 47.069661826071197 ], [ 15.322993889761449, 47.069565971653311 ], [ 15.322917793581251, 47.069454794349284 ], [ 15.322750628924467, 47.069377703412364 ], [ 15.322728099892831, 47.069381157925847 ], [ 15.322642048007447, 47.069394454776216 ], [ 15.322581583565508, 47.069401543343581 ], [ 15.322518874479851, 47.069404980856469 ], [ 15.322430787397529, 47.069409672456558 ], [ 15.322231399236871, 47.069414781221802 ], [ 15.321896108172043, 47.06942469724595 ], [ 15.321682202231246, 47.069415027786619 ], [ 15.321646938559526, 47.06933526807385 ], [ 15.321616735379099, 47.069249929397266 ], [ 15.321634938027554, 47.069116940287543 ], [ 15.321656085305021, 47.068964098065734 ], [ 15.321649431937205, 47.068909580017163 ], [ 15.321507448786175, 47.068734478971102 ], [ 15.321508498820421, 47.068730860315085 ], [ 15.321529085136609, 47.068591168992356 ], [ 15.32152859870649, 47.068543023603858 ], [ 15.321526816744615, 47.068537654333255 ], [ 15.321597962183136, 47.068341004168062 ], [ 15.321709162340612, 47.06818325653915 ], [ 15.321849299363253, 47.068041923973695 ], [ 15.321856023820017, 47.068035055796145 ], [ 15.321889409749787, 47.068001439094786 ], [ 15.322074533178871, 47.067826736620212 ], [ 15.321963417540085, 47.067768735668963 ], [ 15.321937754213849, 47.06775532349652 ], [ 15.321987496734812, 47.067676596986914 ], [ 15.322009014079297, 47.067642647832209 ], [ 15.322046201820768, 47.067583942537752 ], [ 15.32210900153396, 47.067484555876902 ], [ 15.322125473315399, 47.067431973451789 ], [ 15.322191839497497, 47.067220375236715 ], [ 15.322215137420866, 47.067146071609358 ], [ 15.32223183856938, 47.067092585078235 ], [ 15.322234900605704, 47.067082900720933 ], [ 15.322230362416489, 47.067046167134428 ], [ 15.3222525271085, 47.066881876014129 ], [ 15.322285419329257, 47.066638280757537 ], [ 15.322293734736352, 47.066603572452806 ], [ 15.322453174888336, 47.066506454900818 ], [ 15.322413267274055, 47.066429296897397 ], [ 15.322412063891603, 47.066393675057185 ], [ 15.322409107453311, 47.066311280087724 ], [ 15.322480176516324, 47.065947576992642 ], [ 15.322487138195674, 47.065911902277165 ], [ 15.322498669576014, 47.065889198656016 ], [ 15.322507378867998, 47.06587203486508 ], [ 15.322556576124599, 47.06577531613177 ], [ 15.32266464811873, 47.065562447658436 ], [ 15.322819233787422, 47.065297280782552 ], [ 15.323037362581049, 47.065019480463178 ], [ 15.323094945013549, 47.064946196608858 ], [ 15.323271465113239, 47.064721598422189 ], [ 15.323333081662456, 47.064604860268389 ], [ 15.323452503038004, 47.06437865116974 ], [ 15.323474770275231, 47.064364760204327 ], [ 15.323120527717812, 47.063889422578143 ], [ 15.323035148236915, 47.063653387769612 ], [ 15.323044858042016, 47.06357860171115 ], [ 15.323131020798177, 47.063392848364046 ], [ 15.323140292933589, 47.063278286706407 ], [ 15.323088477028801, 47.063157503839989 ], [ 15.322971932993802, 47.06299312035059 ], [ 15.322943474589737, 47.062954285285912 ], [ 15.322846697292281, 47.062772544290532 ], [ 15.322807024832585, 47.062694572270402 ], [ 15.322609599189601, 47.062305055625501 ], [ 15.322455691689763, 47.062001184152813 ], [ 15.322333066973155, 47.061832586141293 ], [ 15.322299874839787, 47.061783392918926 ], [ 15.322157751795654, 47.061572472460725 ], [ 15.322139439098212, 47.061558301710797 ], [ 15.322090457927681, 47.06152009557411 ], [ 15.322057221099435, 47.061494304974076 ], [ 15.322023984303488, 47.061468514364314 ], [ 15.3219394614772, 47.061402757727372 ], [ 15.321949128692539, 47.061386567287116 ], [ 15.322032623004606, 47.061245595088216 ], [ 15.322324010856482, 47.061281629720455 ], [ 15.322281463466876, 47.061228819900222 ], [ 15.32224451501633, 47.061184822817488 ], [ 15.32224412843124, 47.061153417023583 ], [ 15.322243573140593, 47.061121024101134 ], [ 15.322238585179145, 47.06104415511529 ], [ 15.322317323217137, 47.060892285016152 ], [ 15.322350317884579, 47.060823752086513 ], [ 15.322428959614339, 47.060623639649279 ], [ 15.322498184665625, 47.060340975201605 ], [ 15.322535239636652, 47.060025841032285 ], [ 15.322531992265057, 47.059809160181175 ], [ 15.322495622913962, 47.059436176212131 ], [ 15.322496507672621, 47.059273517454571 ], [ 15.322360044416971, 47.058974471095645 ], [ 15.322181223746725, 47.058810366754507 ], [ 15.321961031603735, 47.058631774795366 ], [ 15.321808647228123, 47.058442005295646 ], [ 15.321752095384035, 47.058296552776255 ], [ 15.321700074738226, 47.058008359348634 ], [ 15.3216824113833, 47.05771263426923 ], [ 15.321695862916611, 47.057442376952189 ], [ 15.321752472717133, 47.057156963381701 ], [ 15.321804035594713, 47.056888019405996 ], [ 15.32184030210637, 47.056699449558913 ], [ 15.321816194172625, 47.056551629282211 ], [ 15.321719447919492, 47.05627888959603 ], [ 15.32158228475452, 47.056087413484519 ], [ 15.321425175138776, 47.0558837751339 ], [ 15.321386980199026, 47.055771214064194 ], [ 15.321400149690518, 47.05554614539097 ], [ 15.321500608571194, 47.05512693401468 ], [ 15.32162433563532, 47.05474178824246 ], [ 15.321691251687096, 47.054583914729534 ], [ 15.321802469601502, 47.054374681902239 ], [ 15.321979045225683, 47.054134782887047 ], [ 15.32216379102989, 47.053859907740517 ], [ 15.322344234766815, 47.053603829083556 ], [ 15.322625606409034, 47.053219073057683 ], [ 15.322704471887295, 47.053106083376001 ], [ 15.322953813458515, 47.052727737616351 ], [ 15.323194878804163, 47.052402730526431 ], [ 15.323203143413817, 47.052391334889677 ], [ 15.323474533967127, 47.052011161655905 ], [ 15.323648743026444, 47.051733138060634 ], [ 15.323861228357691, 47.051383697892206 ], [ 15.324008082585914, 47.051152416631183 ], [ 15.324516326769636, 47.051220468687781 ], [ 15.324646827443543, 47.051237893616673 ], [ 15.325137340401627, 47.051303643413355 ], [ 15.325927087374446, 47.051426339812565 ], [ 15.326380113274164, 47.05149670193655 ], [ 15.327898510112869, 47.052095884127382 ], [ 15.327939927883525, 47.05207661562752 ], [ 15.328002182709433, 47.052047620591168 ], [ 15.328772901303736, 47.051341301876711 ], [ 15.328790920174885, 47.051330184568087 ], [ 15.329286523813529, 47.051023285822893 ], [ 15.329911039417494, 47.05061817185851 ], [ 15.331041441682341, 47.049914247494989 ], [ 15.331375902372361, 47.050067500759035 ], [ 15.331751734465691, 47.049902928563391 ], [ 15.33330808381298, 47.04909365094101 ], [ 15.333457982604557, 47.049245015804892 ], [ 15.333990387541709, 47.049115663244123 ], [ 15.334124118354401, 47.048995218559263 ], [ 15.334201452498309, 47.048810961184998 ], [ 15.334232499974384, 47.048736788173194 ], [ 15.334756820000557, 47.048263924678068 ], [ 15.334858745321931, 47.048166181152595 ], [ 15.33505048047398, 47.048037062932714 ], [ 15.335091448863464, 47.048009518925504 ], [ 15.335149880094464, 47.047970146274579 ], [ 15.335200352425652, 47.047936224262855 ], [ 15.335451757432672, 47.047779681832644 ], [ 15.335587115285101, 47.047695569776948 ], [ 15.335943188397845, 47.047433852915695 ], [ 15.33625383423948, 47.047612083648481 ], [ 15.336336852478372, 47.047652023888041 ], [ 15.337204189636594, 47.047197043654634 ], [ 15.339516749501477, 47.046366958975185 ], [ 15.339966652034475, 47.046090521191935 ], [ 15.340044668562452, 47.046053860319162 ], [ 15.340061101796168, 47.046046189452511 ], [ 15.340215069836903, 47.045973984084121 ], [ 15.340229691355526, 47.045967155261756 ], [ 15.340255823812777, 47.045954812661876 ], [ 15.340455288178978, 47.045860021463433 ], [ 15.340474053848745, 47.045844388637128 ], [ 15.340611433396832, 47.04573746264721 ], [ 15.340674366365839, 47.045688466670846 ], [ 15.340713631917172, 47.04565780035631 ], [ 15.340720426179175, 47.045642468985164 ], [ 15.340819979435267, 47.045541611451199 ], [ 15.34100501065083, 47.045448244339696 ], [ 15.341036356012621, 47.045270824881229 ], [ 15.341043614579233, 47.045229472987664 ], [ 15.341289865710563, 47.045142854339112 ] ] ] } },
{ "type": "Feature", "properties": { "name": "Hitzendorf", "feature_type": "circle", "metric_roundness": 50.42, "metric_rectangularity": 64.89, "metric_mobile_fit": 75.16, "metric_aspect_ratio": 0.811, "metric_area_km2": 104.01 }, "geometry": { "type": "Polygon", "coordinates": [ [ [ 15.379199127030287, 47.0358651039625 ], [ 15.379099344224951, 47.033267995807442 ], [ 15.378800269306682, 47.030677880269963 ], [ 15.378302722019036, 47.028101858227785 ], [ 15.377608066104552, 47.025546992945024 ], [ 15.376718205566799, 47.023020290684208 ], [ 15.375635579451666, 47.020528681463638 ], [ 15.374363155162074, 47.018079000013365 ], [ 15.372904420324561, 47.015677966982494 ], [ 15.371263373229917, 47.013332170449956 ], [ 15.369444511874164, 47.011048047790204 ], [ 15.36745282162985, 47.00883186794433 ], [ 15.365293761581492, 47.006689714146255 ], [ 15.362973249562613, 47.004627467152041 ], [ 15.360497645935354, 47.002650789019789 ], [ 15.357873736157183, 47.000765107485314 ], [ 15.355108712182416, 46.998975600977673 ], [ 15.352210152749574, 46.997287184316974 ], [ 15.349186002608588, 46.995704495134632 ], [ 15.34604455074478, 46.994231881054532 ], [ 15.34279440765936, 46.992873387671544 ], [ 15.339444481768604, 46.991632747361329 ], [ 15.336003954986527, 46.990513368953245 ], [ 15.332482257557896, 46.989518328295901 ], [ 15.328889042210566, 46.988650359741904 ], [ 15.32523415769805, 46.987911848576353 ], [ 15.321527621804742, 46.987304824410536 ], [ 15.317779593887897, 46.986830955559675 ], [ 15.314000347031499, 46.986491544420815 ], [ 15.3102002398885, 46.986287523864128 ], [ 15.306389688288434, 46.986219454647816 ], [ 15.302579136688367, 46.986287523864128 ], [ 15.298779029545369, 46.986491544420815 ], [ 15.29499978268897, 46.986830955559675 ], [ 15.291251754772123, 46.987304824410536 ], [ 15.287545218878817, 46.987911848576353 ], [ 15.283890334366301, 46.988650359741904 ], [ 15.280297119018972, 46.989518328295901 ], [ 15.27677542159034, 46.990513368953245 ], [ 15.273334894808263, 46.991632747361329 ], [ 15.269984968917507, 46.992873387671544 ], [ 15.266734825832085, 46.994231881054532 ], [ 15.263593373968279, 46.995704495134632 ], [ 15.260569223827293, 46.997287184316974 ], [ 15.257670664394452, 46.998975600977673 ], [ 15.254905640419683, 47.000765107485314 ], [ 15.252281730641513, 47.002650789019789 ], [ 15.249806127014255, 47.004627467152041 ], [ 15.247485614995375, 47.006689714146255 ], [ 15.245326554947017, 47.00883186794433 ], [ 15.243334864702703, 47.011048047790204 ], [ 15.24151600334695, 47.013332170449956 ], [ 15.239874956252306, 47.015677966982494 ], [ 15.238416221414793, 47.018079000013365 ], [ 15.237143797125201, 47.020528681463638 ], [ 15.236061171010068, 47.023020290684208 ], [ 15.235171310472316, 47.025546992945024 ], [ 15.234476654557831, 47.028101858227785 ], [ 15.233979107270185, 47.030677880269963 ], [ 15.233680032351915, 47.033267995807442 ], [ 15.233580249546581, 47.0358651039625 ], [ 15.233680032351915, 47.038462085723836 ], [ 15.233979107270185, 47.041051823464954 ], [ 15.234476654557831, 47.043627220447348 ], [ 15.235171310472316, 47.046181220255193 ], [ 15.236061171010068, 47.048706826108287 ], [ 15.237143797125201, 47.051197120000822 ], [ 15.238416221414793, 47.053645281613754 ], [ 15.239874956252306, 47.056044606949641 ], [ 15.24151600334695, 47.058388526639433 ], [ 15.243334864702703, 47.060670623871779 ], [ 15.245326554947017, 47.06288465189656 ], [ 15.247485614995375, 47.065024551055714 ], [ 15.249806127014255, 47.067084465295459 ], [ 15.252281730641513, 47.06905875811583 ], [ 15.254905640419683, 47.070942027915024 ], [ 15.257670664394452, 47.072729122687441 ], [ 15.260569223827293, 47.074415154036444 ], [ 15.263593373968279, 47.075995510464608 ], [ 15.266734825832085, 47.077465869906163 ], [ 15.269984968917507, 47.078822211468541 ], [ 15.273334894808263, 47.080060826351868 ], [ 15.27677542159034, 47.081178327917776 ], [ 15.280297119018972, 47.082171660880725 ], [ 15.283890334366301, 47.08303810959795 ], [ 15.287545218878817, 47.083775305435985 ], [ 15.291251754772123, 47.084381233194556 ], [ 15.29499978268897, 47.084854236570891 ], [ 15.298779029545369, 47.085193022650252 ], [ 15.302579136688367, 47.085396665410755 ], [ 15.306389688288434, 47.085464608233409 ], [ 15.3102002398885, 47.085396665410755 ], [ 15.314000347031499, 47.085193022650252 ], [ 15.317779593887897, 47.084854236570891 ], [ 15.321527621804742, 47.084381233194556 ], [ 15.32523415769805, 47.083775305435985 ], [ 15.328889042210566, 47.08303810959795 ], [ 15.332482257557896, 47.082171660880725 ], [ 15.336003954986527, 47.081178327917776 ], [ 15.339444481768604, 47.080060826351868 ], [ 15.34279440765936, 47.078822211468541 ], [ 15.34604455074478, 47.077465869906163 ], [ 15.349186002608588, 47.075995510464608 ], [ 15.352210152749574, 47.074415154036444 ], [ 15.355108712182416, 47.072729122687441 ], [ 15.357873736157183, 47.070942027915024 ], [ 15.360497645935354, 47.06905875811583 ], [ 15.362973249562613, 47.067084465295459 ], [ 15.365293761581492, 47.065024551055714 ], [ 15.36745282162985, 47.06288465189656 ], [ 15.369444511874164, 47.060670623871779 ], [ 15.371263373229917, 47.058388526639433 ], [ 15.372904420324561, 47.056044606949641 ], [ 15.374363155162074, 47.053645281613754 ], [ 15.375635579451666, 47.051197120000822 ], [ 15.376718205566799, 47.048706826108287 ], [ 15.377608066104552, 47.046181220255193 ], [ 15.378302722019036, 47.043627220447348 ], [ 15.378800269306682, 47.041051823464954 ], [ 15.379099344224951, 47.038462085723836 ], [ 15.379199127030287, 47.0358651039625 ] ] ] } },
{ "type": "Feature", "properties": { "name": "Hitzendorf", "feature_type": "mrr", "metric_roundness": 50.42, "metric_rectangularity": 64.89, "metric_mobile_fit": 75.16, "metric_aspect_ratio": 0.811, "metric_area_km2": 104.01 }, "geometry": { "type": "Polygon", "coordinates": [ [ [ 15.388118996105366, 47.034902469124155 ], [ 15.318724073220961, 46.981851130973851 ], [ 15.226138050037685, 47.038162214506215 ], [ 15.295532972922091, 47.091157625584771 ], [ 15.388118996105366, 47.034902469124155 ] ] ] } }
]
}
