{
"type": "FeatureCollection",
"name": "krems_in_karnten",
"crs": { "type": "name", "properties": { "name": "urn:ogc:def:crs:OGC:1.3:CRS84" } },
"features": [
{ "type": "Feature", "properties": { "name": "Krems in Kärnten", "feature_type": "entity", "metric_roundness": 53.95, "metric_rectangularity": 59.85, "metric_mobile_fit": 41.33, "metric_aspect_ratio": 1.149, "metric_area_km2": 445.04 }, "geometry": { "type": "Polygon", "coordinates": [ [ [ 13.66584400167199, 46.857703959825649 ], [ 13.665515008015667, 46.857638072022297 ], [ 13.66549215613413, 46.857633550197342 ], [ 13.665080734821661, 46.85749592005704 ], [ 13.664788563083837, 46.857508023782103 ], [ 13.664464715966421, 46.857509961883778 ], [ 13.664184208028271, 46.857436010164548 ], [ 13.663551505136377, 46.857361286731198 ], [ 13.663381031583045, 46.857199642377459 ], [ 13.663260658833261, 46.85699457186594 ], [ 13.663140253653587, 46.856911152671444 ], [ 13.662629622578738, 46.85672170511576 ], [ 13.662319202331918, 46.856688146365848 ], [ 13.662153054776541, 46.856567607915551 ], [ 13.662032874853212, 46.856605208384842 ], [ 13.661716149713378, 46.856506251717086 ], [ 13.661703004517735, 46.856225196105449 ], [ 13.661456966813144, 46.856187758977242 ], [ 13.661156901627818, 46.856195017392288 ], [ 13.660912438525335, 46.856200224468594 ], [ 13.660740932211628, 46.856231313746051 ], [ 13.659666231115498, 46.855795232481441 ], [ 13.659176936306766, 46.85553057559725 ], [ 13.65898003030669, 46.855333189257458 ], [ 13.658423812612234, 46.855277292583757 ], [ 13.658146545471208, 46.855365728358322 ], [ 13.657688915325979, 46.855215697100363 ], [ 13.657641457083608, 46.855219522293282 ], [ 13.657249071990019, 46.855250789391512 ], [ 13.657062002918348, 46.855181411370289 ], [ 13.656962068870852, 46.855183586859994 ], [ 13.656674814506397, 46.85531244806598 ], [ 13.656425068781171, 46.855397561715563 ], [ 13.65589976474647, 46.85542110558935 ], [ 13.655727888503666, 46.855456147395323 ], [ 13.655715309406791, 46.855458252755341 ], [ 13.655476431551046, 46.855497264207095 ], [ 13.655407299362228, 46.855430876764302 ], [ 13.655305768528494, 46.855407681325367 ], [ 13.655163184967662, 46.85538478255188 ], [ 13.654912570309129, 46.855369928924127 ], [ 13.654733853320574, 46.855423434312698 ], [ 13.654586326838741, 46.855537766469787 ], [ 13.654444881008462, 46.85552953009914 ], [ 13.653586872729143, 46.855476535441447 ], [ 13.653245472932033, 46.855414876210943 ], [ 13.653074439066517, 46.855437584513957 ], [ 13.652775569995597, 46.855534346214107 ], [ 13.652115879667063, 46.855458555478307 ], [ 13.651622188868291, 46.855504845018814 ], [ 13.651289751834517, 46.855647766351638 ], [ 13.650784850754171, 46.855772185294462 ], [ 13.65026298506967, 46.855647228435892 ], [ 13.649552061941623, 46.855624113881781 ], [ 13.649448304047976, 46.85560100940264 ], [ 13.648925836432703, 46.855484326123161 ], [ 13.648536845446174, 46.855403260092231 ], [ 13.648159006880274, 46.855433465382639 ], [ 13.648020440883061, 46.855468402769304 ], [ 13.64725386296838, 46.855326566710545 ], [ 13.647239944352291, 46.855323995951935 ], [ 13.646854218987542, 46.855084102641136 ], [ 13.646737155270641, 46.854961606071747 ], [ 13.64683821235033, 46.854838325127432 ], [ 13.645837530520486, 46.854497105390301 ], [ 13.645612867577194, 46.854164894548973 ], [ 13.645428248794961, 46.8540180189297 ], [ 13.645276230533558, 46.8539505043208 ], [ 13.645158534754847, 46.853898191280408 ], [ 13.644687631614655, 46.853712872570583 ], [ 13.644178497293264, 46.85349364502725 ], [ 13.643688421156961, 46.85332556080354 ], [ 13.64330929455571, 46.853155010991273 ], [ 13.642975275619312, 46.853139999603464 ], [ 13.642483065672545, 46.853077551020803 ], [ 13.6419446072951, 46.853046269143633 ], [ 13.641688672961845, 46.853016194412355 ], [ 13.641478104573626, 46.852847518313439 ], [ 13.641236200052118, 46.852703131400176 ], [ 13.641140649303463, 46.852646075029547 ], [ 13.641007200878986, 46.852499412912913 ], [ 13.640981524618848, 46.852391238384229 ], [ 13.640974130645796, 46.85236003588826 ], [ 13.640930310844462, 46.852176148635408 ], [ 13.640837384825995, 46.852073735614965 ], [ 13.640784190722581, 46.852015214109478 ], [ 13.6405460725724, 46.851821417147967 ], [ 13.640213534906573, 46.851606730910127 ], [ 13.640124362362441, 46.851517983889167 ], [ 13.64001806362101, 46.851211084922888 ], [ 13.639988671748338, 46.850958324506877 ], [ 13.639987195516913, 46.850838656858272 ], [ 13.63985168828812, 46.850469751640297 ], [ 13.639631728184764, 46.850170448566551 ], [ 13.639537059304821, 46.850106010223406 ], [ 13.639535353023962, 46.850082980300272 ], [ 13.639529641799042, 46.850002104927363 ], [ 13.639525360591085, 46.849941830800987 ], [ 13.63951651417193, 46.849817504212396 ], [ 13.639374082979916, 46.849794495234768 ], [ 13.63936565317387, 46.849468795224283 ], [ 13.639358721362736, 46.849198338071375 ], [ 13.639246278955403, 46.848870579991299 ], [ 13.639235606786384, 46.848839206297626 ], [ 13.639105158893862, 46.848458859255828 ], [ 13.638749187532467, 46.848521096538278 ], [ 13.638624329270362, 46.848565883094388 ], [ 13.638232387806973, 46.848690840991082 ], [ 13.637871792557405, 46.848793488397199 ], [ 13.637796322135904, 46.848805928681521 ], [ 13.637151020413475, 46.84891194921633 ], [ 13.636697378100731, 46.84895824619867 ], [ 13.636335005063579, 46.849048926305642 ], [ 13.636134897721337, 46.849191898440914 ], [ 13.635868892224547, 46.849324339047485 ], [ 13.635628846771461, 46.849478754416815 ], [ 13.63556128934137, 46.849522304675297 ], [ 13.635525876848181, 46.849545073919842 ], [ 13.635079566466224, 46.849729192121806 ], [ 13.634803513120055, 46.849825215662598 ], [ 13.634272522947439, 46.849971585355604 ], [ 13.633996930212463, 46.850219309712408 ], [ 13.633648169436583, 46.850609663904457 ], [ 13.633574863615321, 46.850820498554555 ], [ 13.633297363744934, 46.851056978924298 ], [ 13.633032578447217, 46.851176092754542 ], [ 13.632801936778623, 46.85127981919522 ], [ 13.632568140211289, 46.85156908949218 ], [ 13.632314873096469, 46.851638053052696 ], [ 13.63213699445047, 46.851772591302897 ], [ 13.631892542756519, 46.851776656019716 ], [ 13.631540635413904, 46.851937656397318 ], [ 13.631268503985075, 46.852081439601328 ], [ 13.631137946645026, 46.852118224781186 ], [ 13.630752643146765, 46.852359211663 ], [ 13.630658685715797, 46.852467882957626 ], [ 13.630409546383971, 46.852572642891097 ], [ 13.630177963935985, 46.85267429692442 ], [ 13.629981751926026, 46.85279205387679 ], [ 13.629821225558809, 46.852888302033236 ], [ 13.629263425261898, 46.853009344433026 ], [ 13.629194752157691, 46.852995487418212 ], [ 13.628865501692644, 46.85308245773745 ], [ 13.628714513971735, 46.853172740804908 ], [ 13.628496007962726, 46.853244664284802 ], [ 13.627941895471372, 46.853654072064415 ], [ 13.627563110891968, 46.853797674174473 ], [ 13.627326422997108, 46.853998042194533 ], [ 13.627009995053369, 46.85419987648315 ], [ 13.626861954002782, 46.854373739565943 ], [ 13.626709084315996, 46.854504605191352 ], [ 13.626469262024507, 46.854708578681802 ], [ 13.625854634117252, 46.854852156168981 ], [ 13.625707689749296, 46.854964019619473 ], [ 13.625573774750809, 46.855131815921951 ], [ 13.625612966369363, 46.855246437408368 ], [ 13.625456663434075, 46.855541431222143 ], [ 13.625426414167487, 46.85569393313849 ], [ 13.625225009579275, 46.855992912169391 ], [ 13.624865170842041, 46.856223285685601 ], [ 13.624528333388241, 46.856438842344986 ], [ 13.62459003823256, 46.856568972527697 ], [ 13.624590960423141, 46.856617648590479 ], [ 13.624592003934309, 46.856664524768362 ], [ 13.624594334386074, 46.856778791624535 ], [ 13.624439443354454, 46.856950059769737 ], [ 13.624060739323665, 46.857282515021431 ], [ 13.624017398585835, 46.857320507410172 ], [ 13.624007098258199, 46.857331871186815 ], [ 13.623922739259488, 46.857424855900078 ], [ 13.623707473084925, 46.857662232455866 ], [ 13.623492151037082, 46.857889711093364 ], [ 13.623421995510334, 46.85796574301353 ], [ 13.623263167075256, 46.858137919419775 ], [ 13.623170495409001, 46.858415111118056 ], [ 13.623152167599185, 46.858469955060428 ], [ 13.623115036078378, 46.858468160639646 ], [ 13.623087698955599, 46.858506561563026 ], [ 13.622948669298372, 46.858701811312095 ], [ 13.622708670751877, 46.858927732008077 ], [ 13.622463857238655, 46.859112814204018 ], [ 13.622165490037093, 46.859436869637271 ], [ 13.621920159994307, 46.859696814181163 ], [ 13.621758713684191, 46.859847670203933 ], [ 13.621567595167248, 46.860018036987903 ], [ 13.621094781747452, 46.860129194641189 ], [ 13.620528873263499, 46.860321117575616 ], [ 13.619853180653605, 46.860710818859779 ], [ 13.619600905984534, 46.860755907004418 ], [ 13.619013508728234, 46.86132119797896 ], [ 13.618881481471318, 46.861407640864662 ], [ 13.618169842600551, 46.862120266034673 ], [ 13.617995403768269, 46.862126283809218 ], [ 13.617819595301782, 46.862293276489936 ], [ 13.617695065208094, 46.862457890539346 ], [ 13.617258199650461, 46.862747459294816 ], [ 13.617107962552179, 46.86301192348725 ], [ 13.617101704693971, 46.863019227452483 ], [ 13.616707730033381, 46.863481535370042 ], [ 13.616567843856069, 46.863645916698765 ], [ 13.616425997274668, 46.8637625241197 ], [ 13.616310015766036, 46.863883295657921 ], [ 13.616068339232653, 46.864296901744453 ], [ 13.61590539681348, 46.864369381736857 ], [ 13.615892266092574, 46.864515359830968 ], [ 13.61575301113119, 46.864601907074764 ], [ 13.615723246879451, 46.864827287802278 ], [ 13.615608263043944, 46.864864825915916 ], [ 13.615306506363561, 46.865083056753953 ], [ 13.615205904326077, 46.865161048979736 ], [ 13.615051794553167, 46.865391058259569 ], [ 13.615016883626639, 46.865586578717 ], [ 13.6149001393061, 46.865663711075463 ], [ 13.614845278509364, 46.865808083307172 ], [ 13.614668831087734, 46.865982450890037 ], [ 13.614586849596003, 46.866257899281884 ], [ 13.614568521138981, 46.866289977230139 ], [ 13.614517913844468, 46.866370633876961 ], [ 13.61441329305628, 46.8665577794238 ], [ 13.61426982932085, 46.866668629507757 ], [ 13.614214371790281, 46.866775031942083 ], [ 13.614100273492184, 46.86680734755592 ], [ 13.613999554277076, 46.866938696301112 ], [ 13.613524159080672, 46.867271805785784 ], [ 13.613499633813765, 46.867348078398905 ], [ 13.613476875521799, 46.867386195705244 ], [ 13.613449018213029, 46.867427654840711 ], [ 13.613345761933727, 46.86752616709267 ], [ 13.613293023244969, 46.867576325717366 ], [ 13.613142364636749, 46.867642202868979 ], [ 13.612903153421961, 46.867908681024041 ], [ 13.611955135880839, 46.868685555561377 ], [ 13.611230423076174, 46.869518650296392 ], [ 13.610919568275461, 46.869661219710842 ], [ 13.610253400771192, 46.870354337747017 ], [ 13.609788310292695, 46.870660952514577 ], [ 13.609492210074773, 46.870918204633682 ], [ 13.609320074611539, 46.871121076503755 ], [ 13.609302294248314, 46.871285060862789 ], [ 13.609215503468237, 46.871373721488631 ], [ 13.609175885381914, 46.87140009183863 ], [ 13.608930822162394, 46.871557071862178 ], [ 13.608764895304768, 46.871794209597667 ], [ 13.608617483114047, 46.871907671462239 ], [ 13.608554606000547, 46.871978007735088 ], [ 13.608503208591955, 46.872035539093211 ], [ 13.608355017149252, 46.872201550002615 ], [ 13.608057393967815, 46.872217659438313 ], [ 13.607876380125703, 46.872278294514558 ], [ 13.607654424219335, 46.872414250675035 ], [ 13.607532309694038, 46.87254906467971 ], [ 13.607269714518877, 46.872615745082577 ], [ 13.606724207854318, 46.872600328584113 ], [ 13.606447192023337, 46.872797420883181 ], [ 13.606128922042039, 46.872958620549674 ], [ 13.605866679502888, 46.873120494175275 ], [ 13.60525060148267, 46.873186671156084 ], [ 13.604920667708573, 46.873403142291487 ], [ 13.604867921989538, 46.873608869934714 ], [ 13.604317308450577, 46.873932223400466 ], [ 13.604251586730692, 46.874063929466772 ], [ 13.604021159002057, 46.874111179889873 ], [ 13.603995223873071, 46.874171527579882 ], [ 13.603975249248069, 46.874294486090363 ], [ 13.603998389784856, 46.8744585516447 ], [ 13.603828807189032, 46.874473083851832 ], [ 13.603655853747226, 46.874366512705237 ], [ 13.603293570214843, 46.874545715257156 ], [ 13.603268510479138, 46.874727081863512 ], [ 13.603278744511979, 46.874908004345961 ], [ 13.603453089848124, 46.874978401363634 ], [ 13.603514049832329, 46.875045289839264 ], [ 13.603440100901004, 46.875185383082588 ], [ 13.603333339299168, 46.875272017338403 ], [ 13.603321851803654, 46.87538712734149 ], [ 13.603072976862011, 46.875523948516339 ], [ 13.602973049695308, 46.875587171708183 ], [ 13.602949015740791, 46.875764126848516 ], [ 13.602798081316061, 46.875989882738715 ], [ 13.602632944090486, 46.876131902186088 ], [ 13.602499739879566, 46.876153814017876 ], [ 13.602099842946814, 46.876397166935398 ], [ 13.602167530461699, 46.876497062288927 ], [ 13.602147975693162, 46.876548306554973 ], [ 13.60210467033491, 46.876651434894121 ], [ 13.601878856116628, 46.876705418364082 ], [ 13.601797693694182, 46.876795499562554 ], [ 13.601469455924883, 46.877199471876708 ], [ 13.601392263995848, 46.877713252430247 ], [ 13.601224256054216, 46.877964510584476 ], [ 13.601230810999359, 46.878015422931412 ], [ 13.600939972264371, 46.878187160440689 ], [ 13.600815207271921, 46.878244501872231 ], [ 13.600387848959425, 46.878276194062806 ], [ 13.600349677681683, 46.878278983508949 ], [ 13.599985837219556, 46.878416878921854 ], [ 13.599754607757207, 46.878570567142631 ], [ 13.599643461524858, 46.878675113953584 ], [ 13.59951940256434, 46.878769163542771 ], [ 13.599455486339716, 46.878976804450055 ], [ 13.599239121209253, 46.879086007241035 ], [ 13.599110551354002, 46.879144255514618 ], [ 13.599031720955658, 46.879230010266689 ], [ 13.599038209711759, 46.879346877174498 ], [ 13.599076732460821, 46.879466818098649 ], [ 13.599060655255597, 46.879821011460024 ], [ 13.599025415997147, 46.879859335101706 ], [ 13.597889239782489, 46.880301452640175 ], [ 13.59722926839366, 46.880320539656907 ], [ 13.59719474300203, 46.88029146712605 ], [ 13.59714346690509, 46.880271701432406 ], [ 13.597191954353766, 46.880099639358924 ], [ 13.597438579132275, 46.879951589110824 ], [ 13.597531521486834, 46.879720847077074 ], [ 13.597523230278764, 46.879398923180453 ], [ 13.597452590183542, 46.879152636850932 ], [ 13.597421390975764, 46.879106190766301 ], [ 13.597373042474631, 46.879067972743265 ], [ 13.597149041702073, 46.878882059710428 ], [ 13.597040859693267, 46.878685708777866 ], [ 13.59696421366985, 46.878391927478944 ], [ 13.596978838677682, 46.878033238910554 ], [ 13.596918744052257, 46.877875196643551 ], [ 13.596880321365143, 46.877774240242857 ], [ 13.596633626183477, 46.877508658081993 ], [ 13.595973139052889, 46.877203726331338 ], [ 13.595742679731355, 46.877168989494841 ], [ 13.595462374274428, 46.876951171381947 ], [ 13.595016420704351, 46.876855656760199 ], [ 13.594785277567143, 46.876761443750446 ], [ 13.594295130854357, 46.876617350028184 ], [ 13.594207885827135, 46.876566713362692 ], [ 13.594175514251551, 46.876547892509535 ], [ 13.594073926649203, 46.876515824386161 ], [ 13.593923434776116, 46.876491786936271 ], [ 13.593672347420041, 46.876262919739162 ], [ 13.592913772427583, 46.876125196057387 ], [ 13.592765097337018, 46.875935232498925 ], [ 13.592464258267782, 46.87594285031043 ], [ 13.592312382822849, 46.87587670394533 ], [ 13.592177256025876, 46.875854788493285 ], [ 13.591847777028747, 46.875801104838523 ], [ 13.591188283288233, 46.875582792363893 ], [ 13.590955256325252, 46.875422171717325 ], [ 13.590929096993662, 46.875303909530174 ], [ 13.59082931964058, 46.875292529446071 ], [ 13.590659314709496, 46.875166766379728 ], [ 13.590444796455586, 46.875142779959404 ], [ 13.590225647289683, 46.874947754488751 ], [ 13.5898893804965, 46.874927012707481 ], [ 13.58876133806975, 46.874378806801396 ], [ 13.588448969610971, 46.87422411877202 ], [ 13.588121634173643, 46.874149364510714 ], [ 13.587821486766263, 46.873970443015828 ], [ 13.587345403146893, 46.873904389043872 ], [ 13.586890562661461, 46.873697739041894 ], [ 13.586823446323558, 46.873600802652049 ], [ 13.586354852507151, 46.873398140382676 ], [ 13.585685758600739, 46.872970527497252 ], [ 13.585289090758742, 46.872743226219313 ], [ 13.5843099928024, 46.872125001031996 ], [ 13.584238851729783, 46.872091326936406 ], [ 13.583960469332204, 46.871959675681786 ], [ 13.583391610476786, 46.871690549264649 ], [ 13.582693217510709, 46.87135656120735 ], [ 13.581507473391985, 46.870669573846222 ], [ 13.579230954568571, 46.868335015531542 ], [ 13.578989160250268, 46.868107805441859 ], [ 13.578455637895564, 46.867606253265031 ], [ 13.575731393281183, 46.865045489196753 ], [ 13.574341175791112, 46.863738644078126 ], [ 13.573602954290696, 46.863118913736869 ], [ 13.571551010672207, 46.8613963886013 ], [ 13.570062220834306, 46.860385548128392 ], [ 13.568678571321243, 46.860890155833751 ], [ 13.568192228487099, 46.861558626818066 ], [ 13.567584476983887, 46.862393627362451 ], [ 13.567522917642302, 46.862415439659749 ], [ 13.565787322042304, 46.863031683578427 ], [ 13.565615269105244, 46.863135422301866 ], [ 13.565306620336866, 46.863321861265007 ], [ 13.564652931263844, 46.863744299225509 ], [ 13.56411301735729, 46.86393570666187 ], [ 13.563447225017903, 46.864475494171323 ], [ 13.56249307303761, 46.865290566500697 ], [ 13.562889996494354, 46.865794990217765 ], [ 13.563306190714657, 46.866597831749949 ], [ 13.563506832129722, 46.867063961606128 ], [ 13.563474809409378, 46.867637459168833 ], [ 13.563472128295965, 46.867684883245893 ], [ 13.563797846722116, 46.867978989232057 ], [ 13.563903997544172, 46.86822432395045 ], [ 13.563986438871558, 46.868477984942956 ], [ 13.563999070982236, 46.868516829853498 ], [ 13.564158270729777, 46.868832599207352 ], [ 13.564432536087597, 46.869149033065781 ], [ 13.564585356538892, 46.869263893066879 ], [ 13.565047473760036, 46.869934816071321 ], [ 13.565340945669385, 46.870350724539577 ], [ 13.565738197853586, 46.870645308103725 ], [ 13.566175104000617, 46.870975890005752 ], [ 13.566228134201365, 46.871041375092325 ], [ 13.566393316937901, 46.871280557403253 ], [ 13.566593808446147, 46.871762158520191 ], [ 13.566785006225416, 46.87212833615488 ], [ 13.566983749754916, 46.872509164370982 ], [ 13.567478406777713, 46.873286094964428 ], [ 13.567570298984757, 46.873296612136457 ], [ 13.567882208882878, 46.873332586998487 ], [ 13.569606851243492, 46.873518222242161 ], [ 13.57066142613955, 46.873234921829145 ], [ 13.570834661338493, 46.873479029648244 ], [ 13.571040244649469, 46.873709212551596 ], [ 13.571146571651543, 46.873866541312054 ], [ 13.571219751162646, 46.874151979018087 ], [ 13.571251211040575, 46.874555826093811 ], [ 13.571265021828049, 46.875150014703969 ], [ 13.571323018137265, 46.875472645388392 ], [ 13.571348219614981, 46.87591438654232 ], [ 13.571335022722197, 46.876396068943727 ], [ 13.571547363876501, 46.876491449029523 ], [ 13.571479427940821, 46.876616302203779 ], [ 13.571357222069665, 46.876841235600452 ], [ 13.571284900799405, 46.877129948640651 ], [ 13.571270175938059, 46.87732892196582 ], [ 13.571325364845647, 46.877346171709846 ], [ 13.571235228199072, 46.877465852690882 ], [ 13.571139168393362, 46.877522831072191 ], [ 13.570724500339173, 46.878048366369072 ], [ 13.570366480764815, 46.878449161300075 ], [ 13.570343850460466, 46.879054043846189 ], [ 13.570735344609322, 46.879302013349971 ], [ 13.571367429461676, 46.879796556357938 ], [ 13.570932221966292, 46.880045901766792 ], [ 13.570880782400625, 46.88007543274707 ], [ 13.570843871274468, 46.880096565206152 ], [ 13.570184658689747, 46.880258018974672 ], [ 13.569943519716389, 46.880358579622921 ], [ 13.569461715403271, 46.880519208084841 ], [ 13.56877074769486, 46.880861036691911 ], [ 13.568325328211827, 46.881120470887439 ], [ 13.56820242161101, 46.881192079034001 ], [ 13.568058499931894, 46.881289284530439 ], [ 13.567850677631474, 46.881507373400595 ], [ 13.567706222085972, 46.881722001421409 ], [ 13.567608815916945, 46.882131335160508 ], [ 13.567570935225794, 46.882290495487723 ], [ 13.56740846327812, 46.882616553738792 ], [ 13.567310603719161, 46.882774578365705 ], [ 13.567275865608206, 46.882783288137198 ], [ 13.567134252431558, 46.883436824385583 ], [ 13.567028669969657, 46.883599903518927 ], [ 13.566481911903836, 46.883800783781048 ], [ 13.566071328800495, 46.883901955158088 ], [ 13.566139995271429, 46.884118841870574 ], [ 13.566153635615924, 46.884356806774662 ], [ 13.566083638570422, 46.884645601640699 ], [ 13.565981424441251, 46.884799944950835 ], [ 13.565967033515168, 46.884930263325415 ], [ 13.56587178297835, 46.885206692959642 ], [ 13.565731963394107, 46.885345097169235 ], [ 13.565612766932645, 46.885427852189004 ], [ 13.565378444297961, 46.885624126128171 ], [ 13.565334901147262, 46.885660656697617 ], [ 13.565026770899509, 46.885875796752586 ], [ 13.564763419796048, 46.886368967723882 ], [ 13.564602169628809, 46.886439570624191 ], [ 13.564335317801952, 46.886490953621816 ], [ 13.564132737442586, 46.886564249608661 ], [ 13.563788746794591, 46.886804743370412 ], [ 13.563300715762537, 46.887242761688746 ], [ 13.56311836949536, 46.887443784098608 ], [ 13.562925724713368, 46.887630880455475 ], [ 13.562301997480048, 46.888074838380518 ], [ 13.562085300201245, 46.888529667806893 ], [ 13.561914554731384, 46.888683606089423 ], [ 13.561491848074498, 46.888845340764043 ], [ 13.561115130632876, 46.889050620813151 ], [ 13.560870622193876, 46.889266521178719 ], [ 13.560674569736179, 46.889458119458467 ], [ 13.560302760325817, 46.889738788852469 ], [ 13.560059528154095, 46.890132392287128 ], [ 13.560023029375568, 46.89019131131392 ], [ 13.559830550654194, 46.890453084133888 ], [ 13.560087842914724, 46.890770462539571 ], [ 13.560079579822812, 46.890864146642002 ], [ 13.56005838986353, 46.891096693361241 ], [ 13.560316450075419, 46.891562174212567 ], [ 13.560418265115278, 46.89186069828996 ], [ 13.560391795046325, 46.892024512154023 ], [ 13.560298250756485, 46.89221842339898 ], [ 13.560308097912916, 46.892342123984527 ], [ 13.56043904591245, 46.892546742100471 ], [ 13.560502347252216, 46.892616618241014 ], [ 13.561032024934798, 46.892783813194136 ], [ 13.561125609182879, 46.892905995489606 ], [ 13.561094014813166, 46.893129475539631 ], [ 13.561072781140654, 46.893381637847327 ], [ 13.561183024694886, 46.893929924423873 ], [ 13.561291100069042, 46.894125049916354 ], [ 13.561367075540938, 46.894394922104972 ], [ 13.561470980410993, 46.894627216928505 ], [ 13.561505439654738, 46.894704438920378 ], [ 13.561504882821195, 46.895002898512061 ], [ 13.561547536535695, 46.895093150840431 ], [ 13.561591702564751, 46.895168733617332 ], [ 13.561636403073253, 46.8954910361701 ], [ 13.561844029361596, 46.895972271630143 ], [ 13.561697679396163, 46.896219018025903 ], [ 13.561755111477735, 46.896418474276025 ], [ 13.561841214781866, 46.896600146849885 ], [ 13.561883855890603, 46.896717572570459 ], [ 13.561890814975863, 46.896779103765709 ], [ 13.561850983594301, 46.896918380856313 ], [ 13.561826328812241, 46.897137618119032 ], [ 13.561980676635223, 46.897437654369348 ], [ 13.562090635457938, 46.897580047955081 ], [ 13.56209618343201, 46.897710145562385 ], [ 13.562004545317526, 46.897829282281776 ], [ 13.561976245005974, 46.897933354544087 ], [ 13.562031591859286, 46.898044096135074 ], [ 13.56205677113941, 46.898190980035089 ], [ 13.561984750898356, 46.898415531813392 ], [ 13.561870474655791, 46.89858222277919 ], [ 13.561875559925078, 46.898696395148235 ], [ 13.561897168504343, 46.89874556971052 ], [ 13.562067757183907, 46.899005352688746 ], [ 13.562111283218107, 46.899114318569005 ], [ 13.56211434232948, 46.899123580163646 ], [ 13.562137482024438, 46.899192906756248 ], [ 13.562135473461728, 46.899244738399268 ], [ 13.562075022977261, 46.899504178475844 ], [ 13.562005583230901, 46.899840748208774 ], [ 13.56181503356424, 46.900587774202663 ], [ 13.56169798653497, 46.901027465169456 ], [ 13.56192111218451, 46.90138341928661 ], [ 13.56209426455167, 46.901565815608947 ], [ 13.5623738402474, 46.90173782876056 ], [ 13.562643491481168, 46.901921648513373 ], [ 13.562669440541649, 46.901941841079434 ], [ 13.56265852071609, 46.901966787237498 ], [ 13.562485231833291, 46.902362593526696 ], [ 13.56240768975594, 46.902586166991426 ], [ 13.562506921298711, 46.902886854000641 ], [ 13.562879463223556, 46.903395736881578 ], [ 13.562884336381918, 46.903551389708909 ], [ 13.562885287685461, 46.90361968141999 ], [ 13.562890210102776, 46.903969147721135 ], [ 13.56307632213292, 46.904352798069191 ], [ 13.563263593122549, 46.904548480785309 ], [ 13.563314580687955, 46.90495426996408 ], [ 13.563243860265297, 46.905146337684663 ], [ 13.563198964692019, 46.905451005928256 ], [ 13.563435110262386, 46.905684200084735 ], [ 13.563506281501679, 46.905747850081134 ], [ 13.563523074673776, 46.905927052998258 ], [ 13.563553096361479, 46.905977649799915 ], [ 13.563659787223514, 46.906057693498695 ], [ 13.563870945169304, 46.90612861648183 ], [ 13.563907109360438, 46.906172632251412 ], [ 13.564012432624445, 46.906300366985931 ], [ 13.564101007570866, 46.906501558191721 ], [ 13.564215736464943, 46.90682974555407 ], [ 13.564300625456125, 46.906967869231543 ], [ 13.564331476996355, 46.907209128479053 ], [ 13.564353663190863, 46.907329474365561 ], [ 13.564353544413363, 46.907453194981557 ], [ 13.564453784848103, 46.907800127203252 ], [ 13.564634364809431, 46.908113693133508 ], [ 13.564721811824453, 46.908265667957494 ], [ 13.56496899913345, 46.908587825081305 ], [ 13.56531999911274, 46.90904995537737 ], [ 13.565429250922096, 46.909233377429892 ], [ 13.565464249813276, 46.909280364389261 ], [ 13.565473760096927, 46.909293391760556 ], [ 13.565495023714032, 46.909321961296769 ], [ 13.565878308147139, 46.909838550607091 ], [ 13.566246129331235, 46.910150559437866 ], [ 13.566488104399332, 46.910298075820052 ], [ 13.566774384898926, 46.910488240091013 ], [ 13.566878390918301, 46.910551730291544 ], [ 13.566917755300556, 46.910575763291142 ], [ 13.567030056064, 46.910644365007798 ], [ 13.567071264313094, 46.910669653845886 ], [ 13.567232014347979, 46.910767848197374 ], [ 13.567635406145566, 46.911014274718902 ], [ 13.56769491886261, 46.911051582554556 ], [ 13.567735397904579, 46.911119792391283 ], [ 13.567804186134707, 46.91123572214169 ], [ 13.568095037652755, 46.911507304144465 ], [ 13.568167960083207, 46.911696827490047 ], [ 13.568175207805373, 46.911732443926908 ], [ 13.568188761900947, 46.911798639958185 ], [ 13.568192253279861, 46.911816178515522 ], [ 13.568217676923071, 46.911953612862568 ], [ 13.568206433112852, 46.912053692251568 ], [ 13.568201507515253, 46.912097881900358 ], [ 13.568188619517485, 46.912212181297214 ], [ 13.568104084481725, 46.912604302871628 ], [ 13.568020960377194, 46.91298913319978 ], [ 13.568018623695963, 46.913024949475037 ], [ 13.568015919712945, 46.913066795069149 ], [ 13.56800348614596, 46.913254425954065 ], [ 13.56797702258382, 46.913654795021806 ], [ 13.568007189628833, 46.913944553133263 ], [ 13.568039341120784, 46.914207853453128 ], [ 13.568088877541207, 46.914661242218543 ], [ 13.568112258800621, 46.914841420601817 ], [ 13.568136546172038, 46.914869983379425 ], [ 13.56838179843526, 46.915158665201702 ], [ 13.568875645572199, 46.915747717518848 ], [ 13.5689011231508, 46.915777987248951 ], [ 13.568954203238736, 46.915873523895335 ], [ 13.569219558622294, 46.916162881908534 ], [ 13.569367742472403, 46.916295021346393 ], [ 13.569464820108459, 46.916362302747963 ], [ 13.569691101558057, 46.916486360728257 ], [ 13.569702848896886, 46.916499922950166 ], [ 13.569884039453211, 46.916553531563395 ], [ 13.569693713401334, 46.916660283668826 ], [ 13.569652364567885, 46.916693302116684 ], [ 13.569623475227891, 46.916752388301212 ], [ 13.569594717138243, 46.916811474204366 ], [ 13.569352152967319, 46.916983479160315 ], [ 13.569265653467248, 46.917080746244096 ], [ 13.56925378686285, 46.917099486497747 ], [ 13.56918154452276, 46.917213729735096 ], [ 13.568970339377767, 46.917528734303815 ], [ 13.568888939904577, 46.917769686103142 ], [ 13.56885767639243, 46.917797104607331 ], [ 13.568683960888539, 46.917949529509471 ], [ 13.568527388153337, 46.918118294611183 ], [ 13.568443479819207, 46.918208357399998 ], [ 13.568275813320787, 46.918482060088266 ], [ 13.568277803324856, 46.918516337755896 ], [ 13.568280261270607, 46.918567350448022 ], [ 13.567983847765365, 46.918710581108485 ], [ 13.567788103597815, 46.918871778196795 ], [ 13.567769291216759, 46.918893951859879 ], [ 13.567675227886209, 46.919004550195424 ], [ 13.567549832128556, 46.918978356029619 ], [ 13.567483954185677, 46.918929004149447 ], [ 13.5673095032154, 46.918766953706005 ], [ 13.566896045460679, 46.918245122581951 ], [ 13.566678486672552, 46.918104035112243 ], [ 13.566646690809876, 46.918100231573888 ], [ 13.566529552782402, 46.918040007406162 ], [ 13.566438129249475, 46.918004204312922 ], [ 13.566152994355093, 46.91790464506353 ], [ 13.565974289710891, 46.917849135830494 ], [ 13.565762574808312, 46.917752214027395 ], [ 13.564947030193313, 46.917376875838528 ], [ 13.56490189749697, 46.917356003191763 ], [ 13.564626205291104, 46.917161673483299 ], [ 13.564513622043755, 46.917121143218075 ], [ 13.564506873880756, 46.917139602583021 ], [ 13.564177730820539, 46.918031870799268 ], [ 13.564105931836096, 46.918281257516355 ], [ 13.564089890215019, 46.91833698688216 ], [ 13.56402520436867, 46.918561345035876 ], [ 13.564023006318227, 46.918569267619347 ], [ 13.564009163750308, 46.918617344323266 ], [ 13.563990404057504, 46.918682257015853 ], [ 13.56398561827366, 46.918699092738407 ], [ 13.563984624119277, 46.918772607162929 ], [ 13.563984148323216, 46.918814268157703 ], [ 13.563985195811153, 46.918904334458418 ], [ 13.563983364642894, 46.918936280541473 ], [ 13.563986695948422, 46.918977663843918 ], [ 13.563765565574247, 46.919011226255144 ], [ 13.56347855277858, 46.919114925432147 ], [ 13.563246549674687, 46.919215632860173 ], [ 13.563028725235183, 46.919224443042673 ], [ 13.562660781221876, 46.919228878139776 ], [ 13.562421971949979, 46.919213435483996 ], [ 13.562239066550978, 46.919188881451682 ], [ 13.562008119451454, 46.919138870302035 ], [ 13.561753144127573, 46.919059034324825 ], [ 13.561682445605785, 46.919139617692061 ], [ 13.561463971955741, 46.919150135769229 ], [ 13.561560090130785, 46.919270333189431 ], [ 13.561601601733525, 46.919273578692909 ], [ 13.561595076050892, 46.919344134955075 ], [ 13.561587127534638, 46.919450325551303 ], [ 13.561580327893202, 46.919487680317509 ], [ 13.561253668036798, 46.919718323392686 ], [ 13.56099364836294, 46.91981017473632 ], [ 13.560741980045313, 46.919889771636917 ], [ 13.560525454731446, 46.919926737648346 ], [ 13.560502769067693, 46.919934521321366 ], [ 13.560424590050586, 46.919924780551327 ], [ 13.560369564268626, 46.919955213658866 ], [ 13.560335098888002, 46.920002971351998 ], [ 13.560292669653156, 46.920061722371685 ], [ 13.560053311108993, 46.920195280125157 ], [ 13.559957000987533, 46.92024523105102 ], [ 13.559655411418873, 46.920352278907124 ], [ 13.559570517730213, 46.920400317131204 ], [ 13.559476322127869, 46.92045359262363 ], [ 13.559161560147002, 46.920489942421504 ], [ 13.558620988671155, 46.920604662289001 ], [ 13.558420041466048, 46.920537938107948 ], [ 13.558427310604815, 46.920517858462389 ], [ 13.558473658335338, 46.920391526545252 ], [ 13.558128456769131, 46.920465544997114 ], [ 13.558094489162604, 46.92056944756073 ], [ 13.557976481813094, 46.920737491585754 ], [ 13.557677294872597, 46.921073074626008 ], [ 13.557499045413831, 46.921094752628669 ], [ 13.557500776933649, 46.921131640358162 ], [ 13.557482581885484, 46.92133250825367 ], [ 13.55751472978822, 46.921512851356141 ], [ 13.55753950072047, 46.921532147661971 ], [ 13.557309268261921, 46.921590729486425 ], [ 13.557301648186689, 46.921621157273506 ], [ 13.557212682490281, 46.921981696881872 ], [ 13.556969466660366, 46.922169962610177 ], [ 13.556917300129987, 46.922256714884782 ], [ 13.556706305415492, 46.922487566178582 ], [ 13.556630962903714, 46.922591010057943 ], [ 13.556446797569045, 46.922737678106266 ], [ 13.556451773235622, 46.923203306683106 ], [ 13.55611450826612, 46.923671768760201 ], [ 13.556029528663897, 46.924077378767905 ], [ 13.555979249149248, 46.924239168903149 ], [ 13.555864045398772, 46.924578434139569 ], [ 13.555785731981517, 46.924726242654081 ], [ 13.555614819770499, 46.924809628454206 ], [ 13.555245667667005, 46.925068770716749 ], [ 13.555083275828681, 46.925211614750438 ], [ 13.554844719387489, 46.92532572452884 ], [ 13.554483357128342, 46.925280901933228 ], [ 13.554121151979636, 46.925380765137199 ], [ 13.554090048724484, 46.925449659287231 ], [ 13.554144887122735, 46.92575116001656 ], [ 13.554189182518535, 46.925854278863461 ], [ 13.554143772968699, 46.925957122802444 ], [ 13.554147005556919, 46.926071299117574 ], [ 13.554125163711701, 46.926124968858318 ], [ 13.553876455101566, 46.926674142063582 ], [ 13.554061415517715, 46.926903586490695 ], [ 13.554177033137833, 46.927070720881609 ], [ 13.554248967745561, 46.927440121924512 ], [ 13.554241530192316, 46.927578253318892 ], [ 13.55445555169743, 46.927783256250081 ], [ 13.554559623643277, 46.927858004963809 ], [ 13.554584074163779, 46.927926070851676 ], [ 13.554829387031601, 46.928201015142768 ], [ 13.555004689397395, 46.928537371315961 ], [ 13.554995539017389, 46.928957138593042 ], [ 13.55456542932752, 46.929441613907223 ], [ 13.554288431258538, 46.929823573377512 ], [ 13.554221065251319, 46.929922051246052 ], [ 13.554134377488039, 46.930143747219887 ], [ 13.554088299208932, 46.930339450166628 ], [ 13.554034440663301, 46.930622717266623 ], [ 13.554033541406209, 46.930627577854416 ], [ 13.553818078003475, 46.930710507869286 ], [ 13.553736890007375, 46.931118808071297 ], [ 13.553261067240781, 46.931228877172714 ], [ 13.552669702370631, 46.931414480105367 ], [ 13.552572458932419, 46.931467665738204 ], [ 13.552320167279285, 46.931826717990631 ], [ 13.552310020131932, 46.931850581897152 ], [ 13.552263213873879, 46.932030989163067 ], [ 13.552232972753439, 46.932470052333613 ], [ 13.551907617621458, 46.932695806897314 ], [ 13.551705170819446, 46.933072217338264 ], [ 13.551800227566615, 46.933189095881801 ], [ 13.551830499575663, 46.933299530961762 ], [ 13.551767223995579, 46.933436600201702 ], [ 13.551459270434357, 46.933583498799685 ], [ 13.551418802230282, 46.93361299969645 ], [ 13.551305125216343, 46.933696088718321 ], [ 13.550876996205128, 46.933879838235363 ], [ 13.550754832392201, 46.933911655313878 ], [ 13.550701892748837, 46.933943159426804 ], [ 13.550653761301255, 46.934186733403209 ], [ 13.550706345896463, 46.934357321508507 ], [ 13.550496083621159, 46.934785662309231 ], [ 13.550309644128706, 46.935001068144146 ], [ 13.550292665365825, 46.935121581771497 ], [ 13.550293346050291, 46.935127429063883 ], [ 13.550316437224016, 46.93531346016794 ], [ 13.549924561082085, 46.935726041651677 ], [ 13.549908791641149, 46.935917905784358 ], [ 13.549773886363512, 46.936144639400062 ], [ 13.549769745458521, 46.936160033623466 ], [ 13.549932659074466, 46.936487873351247 ], [ 13.549740622954843, 46.936685833128834 ], [ 13.549776439657467, 46.936803546405294 ], [ 13.549680487848063, 46.937144747949219 ], [ 13.549936129253222, 46.937532246105668 ], [ 13.549952028383924, 46.937984177237816 ], [ 13.550310363111734, 46.938875717065265 ], [ 13.550769270577369, 46.939236549994781 ], [ 13.550869395023394, 46.939433860302024 ], [ 13.55082524478466, 46.939624069493 ], [ 13.550796200196162, 46.939749645158592 ], [ 13.550532107366571, 46.940158833964453 ], [ 13.550452950032492, 46.940270109104382 ], [ 13.550265191385458, 46.940488936534059 ], [ 13.550025775768532, 46.940765988564884 ], [ 13.549936994640007, 46.940837331343566 ], [ 13.549798702393698, 46.940945209963907 ], [ 13.549649408582072, 46.941061567401441 ], [ 13.549424856505505, 46.94147364734512 ], [ 13.549436215773383, 46.941650073321526 ], [ 13.549563520670866, 46.942005245007344 ], [ 13.549656008739344, 46.942262856498083 ], [ 13.549928242215111, 46.942589317654594 ], [ 13.550114636356556, 46.94261343511419 ], [ 13.550275941827184, 46.942767349198796 ], [ 13.55039061901026, 46.943020328689414 ], [ 13.550329841801579, 46.943129498998402 ], [ 13.550353665569508, 46.943236707607049 ], [ 13.550725965817668, 46.943421259058717 ], [ 13.550737254604829, 46.943675606349977 ], [ 13.551027899722216, 46.943906922365358 ], [ 13.550916446575751, 46.94412146513244 ], [ 13.550895198270984, 46.944162266175269 ], [ 13.550890149961914, 46.944501494476931 ], [ 13.550890461212399, 46.944673712554227 ], [ 13.550903082950899, 46.944932466210687 ], [ 13.550750350210924, 46.945334243196321 ], [ 13.550416694510595, 46.945735827052644 ], [ 13.550648093358975, 46.946191843715049 ], [ 13.550781687485525, 46.946377662629871 ], [ 13.550887637435602, 46.946454210730828 ], [ 13.551178237121093, 46.946670590059462 ], [ 13.551417390322257, 46.946932596803506 ], [ 13.551473955462463, 46.947140967839978 ], [ 13.551491298858036, 46.947204909082103 ], [ 13.551474344970941, 46.947235804333644 ], [ 13.551355925188805, 46.947450900807397 ], [ 13.551475697346955, 46.947597065043581 ], [ 13.551543836811167, 46.947680163805536 ], [ 13.551600777566829, 46.947755815902063 ], [ 13.551663051718077, 46.947882295490459 ], [ 13.552175805727515, 46.948184173184288 ], [ 13.551805179664548, 46.948575664973788 ], [ 13.551810343967208, 46.948617315015525 ], [ 13.55183971213866, 46.948857230778522 ], [ 13.551943529544419, 46.949052553520737 ], [ 13.552077797659697, 46.949335366354411 ], [ 13.552343321253602, 46.949902257075202 ], [ 13.552940293967691, 46.950355582096208 ], [ 13.552941775745294, 46.95077748799978 ], [ 13.55325612044987, 46.951325926343166 ], [ 13.553237528924452, 46.95159607763663 ], [ 13.553244662132945, 46.951890743089074 ], [ 13.553058121705346, 46.952061794166653 ], [ 13.553036355550947, 46.952231895587801 ], [ 13.553336490255891, 46.952424676618868 ], [ 13.553616195213069, 46.952506913124068 ], [ 13.553700390372523, 46.952561906115051 ], [ 13.553699090635702, 46.952755362233212 ], [ 13.55387613179834, 46.952923097329688 ], [ 13.553810988118643, 46.953089324304656 ], [ 13.553830394925448, 46.953111061303261 ], [ 13.554092978569161, 46.953404239373697 ], [ 13.55452250902106, 46.954152921607758 ], [ 13.554399314049485, 46.954421207808736 ], [ 13.554371832436262, 46.954511779725323 ], [ 13.554362488004818, 46.954603036072143 ], [ 13.554387025574194, 46.954752262378257 ], [ 13.554413716964975, 46.955008468810071 ], [ 13.554454312262619, 46.955163782291919 ], [ 13.554487821348038, 46.955195209318255 ], [ 13.554539406497568, 46.955212564403404 ], [ 13.554618841094173, 46.955227615602411 ], [ 13.55467430994465, 46.955262418851738 ], [ 13.554763927239668, 46.955324328805773 ], [ 13.554972579244504, 46.955600964274545 ], [ 13.555153966781743, 46.95623972590343 ], [ 13.555304252788519, 46.956510626453515 ], [ 13.555297253609245, 46.956816836718239 ], [ 13.555139708730614, 46.957042091354161 ], [ 13.555231952418762, 46.957605895401869 ], [ 13.555262182105736, 46.957795510680306 ], [ 13.554815287123212, 46.958186441752709 ], [ 13.554691709215106, 46.958364750582298 ], [ 13.554274077482791, 46.958621104593036 ], [ 13.554256720981479, 46.958618888983622 ], [ 13.554199486899543, 46.958602804476129 ], [ 13.554173735690695, 46.9586360567151 ], [ 13.553873495936084, 46.959186589679597 ], [ 13.553788127421409, 46.959263057538237 ], [ 13.553774800591937, 46.959408488581253 ], [ 13.554015764540384, 46.959804734221706 ], [ 13.554055330475945, 46.959869891483677 ], [ 13.554060226708124, 46.959877980000421 ], [ 13.554089867722551, 46.959926690539611 ], [ 13.554101155915138, 46.960271015912987 ], [ 13.553909972828874, 46.960564717944138 ], [ 13.554022689617575, 46.961059919530015 ], [ 13.553881036845791, 46.961350285780753 ], [ 13.55383185515689, 46.961659907238868 ], [ 13.554214921475646, 46.961965897385987 ], [ 13.554294094963248, 46.962105299499783 ], [ 13.554389022143001, 46.962271934277751 ], [ 13.554692402607282, 46.9625664710723 ], [ 13.55466472002326, 46.963429508072778 ], [ 13.554649837805373, 46.963548308644938 ], [ 13.554779356721236, 46.963814661574212 ], [ 13.554596089119174, 46.964180691899351 ], [ 13.554591005461434, 46.964632393429007 ], [ 13.554443388710357, 46.965196486314483 ], [ 13.554423244379429, 46.965472219460736 ], [ 13.554418518867481, 46.96553683317704 ], [ 13.554415287390533, 46.965581468771767 ], [ 13.554405965503841, 46.965710156080817 ], [ 13.554375501786254, 46.965748816256315 ], [ 13.554392405527079, 46.965894278355307 ], [ 13.554656363848054, 46.96609144557447 ], [ 13.554889024272569, 46.966158384660339 ], [ 13.555050342790592, 46.966452388446619 ], [ 13.554954125995657, 46.966545884304495 ], [ 13.554943974916233, 46.966601600793602 ], [ 13.554939479758739, 46.96662680353964 ], [ 13.555536952248277, 46.967149397635474 ], [ 13.555554523992738, 46.967170957989765 ], [ 13.555611883321527, 46.967183262492533 ], [ 13.555665434569661, 46.967321994101297 ], [ 13.555932927483591, 46.967450227975142 ], [ 13.556073949573731, 46.967634946429555 ], [ 13.556209598685205, 46.967635399499137 ], [ 13.55621805050637, 46.967644830605927 ], [ 13.556232577281689, 46.967661088119904 ], [ 13.556416009128315, 46.967865787895789 ], [ 13.556645358379543, 46.968299391938018 ], [ 13.557027878530864, 46.968741331148316 ], [ 13.557373400760062, 46.969260543718889 ], [ 13.557452308791213, 46.969457080471251 ], [ 13.557399268129929, 46.969534386849752 ], [ 13.557790924519415, 46.969708619670463 ], [ 13.557699595986056, 46.969808226697978 ], [ 13.557914640203677, 46.969900928326219 ], [ 13.557940034966638, 46.969938039073497 ], [ 13.558022390193607, 46.970047649454798 ], [ 13.558037705830865, 46.970187895426925 ], [ 13.558134459042467, 46.97031394322314 ], [ 13.558317388616983, 46.970458265433976 ], [ 13.558600719002261, 46.971091960336125 ], [ 13.558636549559376, 46.971171879906059 ], [ 13.558661266621176, 46.971699464167145 ], [ 13.558639694017115, 46.971912845878428 ], [ 13.55862458511549, 46.971945718039841 ], [ 13.558509313734755, 46.972196447065052 ], [ 13.558173509703703, 46.972737524210658 ], [ 13.558631124667942, 46.972805268799597 ], [ 13.558823714863841, 46.97290053276712 ], [ 13.559267090811122, 46.972927003039388 ], [ 13.559724458474181, 46.973059348221177 ], [ 13.559793335065368, 46.973181311300749 ], [ 13.55989227703974, 46.973355941582327 ], [ 13.560064512655938, 46.974070745529282 ], [ 13.559839693010932, 46.974587941160507 ], [ 13.559836713961353, 46.974752427652987 ], [ 13.559800240725684, 46.974800189108656 ], [ 13.559663497797651, 46.974979159430703 ], [ 13.559637270729944, 46.975148551180247 ], [ 13.559741128993313, 46.975488822031735 ], [ 13.559739051450633, 46.975587352542483 ], [ 13.559729520762815, 46.976034384327171 ], [ 13.559780511968002, 46.976123091135527 ], [ 13.559764595179185, 46.976182418712689 ], [ 13.559458567066415, 46.976772568315724 ], [ 13.559354996542503, 46.977271975139153 ], [ 13.559535033120541, 46.977378870180424 ], [ 13.559608437287901, 46.977544013973279 ], [ 13.559783032481043, 46.978563120584653 ], [ 13.559791797010423, 46.97861448074147 ], [ 13.559805953065126, 46.978696962652094 ], [ 13.55861805528254, 46.979080748770969 ], [ 13.558531141989059, 46.979108904796867 ], [ 13.558481160158468, 46.979072382897591 ], [ 13.558331874325471, 46.978963265650748 ], [ 13.557664336551051, 46.978760248071183 ], [ 13.55698380993695, 46.97843749096365 ], [ 13.556657071142974, 46.97877141530693 ], [ 13.556598144941173, 46.978920985530259 ], [ 13.556426058901675, 46.979235439008228 ], [ 13.556296946610443, 46.97932720113235 ], [ 13.556163054017404, 46.979564377592013 ], [ 13.556021201183901, 46.979533973792691 ], [ 13.555847579653836, 46.979577504458724 ], [ 13.555603768521602, 46.979656264118979 ], [ 13.555501753130917, 46.979783333691557 ], [ 13.555509672522822, 46.979853591289057 ], [ 13.555512266492753, 46.979876530693176 ], [ 13.555527146265023, 46.980007779992057 ], [ 13.555565761698904, 46.980093093766726 ], [ 13.555597343360287, 46.980162675105362 ], [ 13.55545708982436, 46.980703270324121 ], [ 13.555681732338519, 46.981069041846652 ], [ 13.555399560910766, 46.98147098870048 ], [ 13.555155835810124, 46.981541109284308 ], [ 13.554956596224171, 46.981717046918469 ], [ 13.554725584495143, 46.982187815461323 ], [ 13.554661788896521, 46.982275399058786 ], [ 13.554583646611578, 46.982327739102608 ], [ 13.554488041684357, 46.982354289374371 ], [ 13.554462492929838, 46.982596651014482 ], [ 13.554167753671502, 46.982762965901905 ], [ 13.554147022925502, 46.982899683457603 ], [ 13.553993882211216, 46.982939032350011 ], [ 13.55369270281113, 46.983233397770327 ], [ 13.552914944632574, 46.983760111148548 ], [ 13.552615282793582, 46.984106118333081 ], [ 13.552551530780345, 46.984332987170035 ], [ 13.551890202697052, 46.984052452180634 ], [ 13.551625494508876, 46.984363477714929 ], [ 13.551425424094447, 46.984598616468936 ], [ 13.551249428697076, 46.984805455369163 ], [ 13.550811083318314, 46.985035112363953 ], [ 13.550430167169933, 46.984969168708488 ], [ 13.550135206360938, 46.985956616050814 ], [ 13.549803622250925, 46.98670407027641 ], [ 13.54948324219651, 46.987202262082526 ], [ 13.548448559882564, 46.988793788296626 ], [ 13.54838222086882, 46.989101910091705 ], [ 13.548325693455757, 46.989365293992563 ], [ 13.548423544874952, 46.989370057146417 ], [ 13.549801488448631, 46.989436897083266 ], [ 13.550802732244756, 46.989350670686164 ], [ 13.551277883864024, 46.989461601120624 ], [ 13.551647209469216, 46.989674678939799 ], [ 13.55206820721396, 46.989917528672784 ], [ 13.552729269935234, 46.99024323239194 ], [ 13.553557724413645, 46.991136190709788 ], [ 13.554165486882775, 46.991919799585702 ], [ 13.554680070024158, 46.992365808431344 ], [ 13.555242030261331, 46.992849783069531 ], [ 13.555350236993027, 46.992876294760748 ], [ 13.555382883475817, 46.992884328867206 ], [ 13.555402366168281, 46.992889149532694 ], [ 13.555547299937391, 46.992924586916338 ], [ 13.556421260581175, 46.993328312827323 ], [ 13.557103527098548, 46.993582686592767 ], [ 13.557232210133254, 46.993630660903882 ], [ 13.557285110418615, 46.993670146889521 ], [ 13.557337658900767, 46.993688578606239 ], [ 13.557388484945283, 46.993703954438374 ], [ 13.557456561667554, 46.993724874801472 ], [ 13.557541773570723, 46.993755118984701 ], [ 13.55759161880372, 46.993787322622268 ], [ 13.557645589044684, 46.993830945329265 ], [ 13.557699479107281, 46.993855582732216 ], [ 13.557748836032852, 46.993865562608825 ], [ 13.557784511903169, 46.993874489813074 ], [ 13.557817931836215, 46.993909695159374 ], [ 13.557843727566032, 46.993945635423167 ], [ 13.557881979008096, 46.993972733127812 ], [ 13.557899947469304, 46.993992492775845 ], [ 13.557918408320873, 46.994035375888117 ], [ 13.557949691606026, 46.99406284728866 ], [ 13.557985557806042, 46.994085630722807 ], [ 13.558034716373829, 46.99411081721432 ], [ 13.558056807331379, 46.994141366071105 ], [ 13.558097252317367, 46.994158471755334 ], [ 13.55814968759222, 46.994181042327376 ], [ 13.558200024920811, 46.994205056690973 ], [ 13.55823944655511, 46.994228912732972 ], [ 13.55827219766012, 46.994261329943662 ], [ 13.558305834635272, 46.994285557354587 ], [ 13.558339483086035, 46.994312484084119 ], [ 13.558379740068206, 46.994347225803146 ], [ 13.558412988352762, 46.994372803629801 ], [ 13.558453947999331, 46.994418161376025 ], [ 13.558490441081718, 46.994464607719706 ], [ 13.558517923447143, 46.994494965822014 ], [ 13.558566700346523, 46.994523032150518 ], [ 13.558611496196827, 46.994542648402224 ], [ 13.558673163509754, 46.994571318916279 ], [ 13.558722224974758, 46.994604423401746 ], [ 13.558765972719476, 46.994624941460401 ], [ 13.558815106541172, 46.994644099113458 ], [ 13.558901246210299, 46.99467551015406 ], [ 13.5589552711305, 46.994700596587137 ], [ 13.559002757867544, 46.994734423913059 ], [ 13.559028140761209, 46.994765775834189 ], [ 13.559061408372925, 46.994795762373954 ], [ 13.559101896287119, 46.994822765237963 ], [ 13.559120786422678, 46.994842612836763 ], [ 13.559167933030499, 46.994858265138994 ], [ 13.559222873451814, 46.994882089924126 ], [ 13.559281903294542, 46.994908875818453 ], [ 13.559334381196587, 46.994941163425622 ], [ 13.559381249608961, 46.99495321705902 ], [ 13.55944305468803, 46.994983146579173 ], [ 13.559888417613529, 46.995647467557703 ], [ 13.560675020726888, 46.9963320679623 ], [ 13.561019382136363, 46.996561271630924 ], [ 13.561178514610972, 46.996837455485242 ], [ 13.561235761422838, 46.997305767870508 ], [ 13.561718294150445, 46.998071142698912 ], [ 13.562114102761665, 46.998698843651198 ], [ 13.563220030023125, 47.000215171730936 ], [ 13.564037752632069, 47.001225497625434 ], [ 13.564842372752638, 47.001999021320806 ], [ 13.565227125316067, 47.002369035985581 ], [ 13.565436172973172, 47.002561161987693 ], [ 13.566202254498043, 47.003265381656796 ], [ 13.566891774939641, 47.003514463275302 ], [ 13.568136205855133, 47.002688230916988 ], [ 13.56836460667806, 47.002555219532447 ], [ 13.568368673631355, 47.002552871663909 ], [ 13.570150804883289, 47.001683301371415 ], [ 13.570728002187938, 47.001521212978837 ], [ 13.572094255066256, 47.00093024535213 ], [ 13.572866569597416, 47.000582469466515 ], [ 13.573349153863989, 46.999919747669843 ], [ 13.57390192390047, 46.999481730969308 ], [ 13.574448537526987, 46.999485428728626 ], [ 13.574978424645179, 46.999223993086559 ], [ 13.575671152091719, 46.999025731805652 ], [ 13.575782665778689, 46.998993821004099 ], [ 13.576305671212259, 46.998955360409902 ], [ 13.576337193764367, 46.998946205034173 ], [ 13.577096102365784, 46.998727188122778 ], [ 13.577208884738397, 46.99862823925605 ], [ 13.577234558601475, 46.998605689423272 ], [ 13.577481471663331, 46.998388759882062 ], [ 13.577634074813382, 46.998083854172357 ], [ 13.577751176266931, 46.998037982732974 ], [ 13.578283381545607, 46.99782952390165 ], [ 13.578303335625314, 46.997821652667525 ], [ 13.578328541557166, 46.997811880534748 ], [ 13.578591622616345, 46.997708736351157 ], [ 13.578716953672092, 46.997679582100687 ], [ 13.580529902999944, 46.997257784150655 ], [ 13.580997034308073, 46.997115138682744 ], [ 13.581166469392311, 46.997124756069852 ], [ 13.581189095895628, 46.997126056287883 ], [ 13.581203566505391, 46.997126924439058 ], [ 13.58132682763098, 46.997133853186725 ], [ 13.582276860468719, 46.997773317701501 ], [ 13.58318591263502, 46.997525137150433 ], [ 13.583704520253683, 46.997004637512489 ], [ 13.583929084208327, 46.996880151101948 ], [ 13.584509026290219, 46.996789879181364 ], [ 13.584544348918643, 46.996778373663226 ], [ 13.585060796236029, 46.996610858095181 ], [ 13.585529387286526, 46.996363995634859 ], [ 13.585566238847273, 46.996286892092108 ], [ 13.585578218527173, 46.996261761448778 ], [ 13.58608806222119, 46.995979623305416 ], [ 13.586322223451646, 46.995801393594803 ], [ 13.5866788165662, 46.995677686795879 ], [ 13.586830546375616, 46.995643155852129 ], [ 13.587401596230626, 46.995347468130163 ], [ 13.58745239352614, 46.99521733539185 ], [ 13.588216294823814, 46.994826193888478 ], [ 13.588771570967658, 46.994754041251667 ], [ 13.588857392120323, 46.994742870502463 ], [ 13.589684272295999, 46.994706542275004 ], [ 13.589707642342969, 46.994644134342735 ], [ 13.589764121794706, 46.994493742546105 ], [ 13.59096774682879, 46.994019796680476 ], [ 13.591617262172138, 46.993642388821677 ], [ 13.591627664031915, 46.99350991677651 ], [ 13.591657648853502, 46.993131938769622 ], [ 13.591791838060994, 46.993062169561682 ], [ 13.591886544584062, 46.993013005333452 ], [ 13.592158463231153, 46.992871658562606 ], [ 13.59224856203751, 46.992956392560096 ], [ 13.59234487073128, 46.993047050882197 ], [ 13.592742927117841, 46.992964980261803 ], [ 13.592780236869547, 46.992957336700776 ], [ 13.593171747504007, 46.993177067459406 ], [ 13.59381898681278, 46.993118266055468 ], [ 13.594027196679642, 46.993099341937686 ], [ 13.594226573118634, 46.993156109689842 ], [ 13.594738329872674, 46.993197670805117 ], [ 13.595298705562675, 46.993338003684229 ], [ 13.596165582203902, 46.993363890902401 ], [ 13.596402368933711, 46.993008106592853 ], [ 13.596683816724225, 46.992722401303972 ], [ 13.597321724159665, 46.992587119844011 ], [ 13.597916365342531, 46.992109117579652 ], [ 13.598053936700891, 46.992060478007211 ], [ 13.598118375380302, 46.991955592539092 ], [ 13.598312087040854, 46.99187856827804 ], [ 13.598868619424273, 46.992355592173027 ], [ 13.59992482301897, 46.991827099274325 ], [ 13.600218104815317, 46.99178160002603 ], [ 13.600613257131323, 46.991675484332283 ], [ 13.600648684545609, 46.991633920709674 ], [ 13.600952886417531, 46.991642021023324 ], [ 13.601133066537512, 46.991646814366696 ], [ 13.601298368906594, 46.991621949667426 ], [ 13.601452257728223, 46.991498315278889 ], [ 13.602163644230009, 46.991440394282534 ], [ 13.602301298618574, 46.991383291370795 ], [ 13.602438198245862, 46.991358942273138 ], [ 13.602545423642677, 46.991265649924479 ], [ 13.602674292462984, 46.991109950930635 ], [ 13.603079318230304, 46.991007942189938 ], [ 13.603345059816935, 46.990900955035023 ], [ 13.603382623640162, 46.990892137657177 ], [ 13.603561518983536, 46.990903318678953 ], [ 13.604015892548256, 46.99070581170492 ], [ 13.60391037051707, 46.990461771794585 ], [ 13.603888750139982, 46.990347820559968 ], [ 13.603940349602098, 46.990332311091393 ], [ 13.604880425868418, 46.990049690421039 ], [ 13.605212858697518, 46.989537905553988 ], [ 13.605156751409034, 46.989417558786172 ], [ 13.605064813942327, 46.989310434735451 ], [ 13.605430493384279, 46.989052309068697 ], [ 13.605341889193225, 46.989005462878346 ], [ 13.605338737168415, 46.988980546378691 ], [ 13.605311487850997, 46.988769342085028 ], [ 13.605234255028748, 46.988169820210224 ], [ 13.605368033636168, 46.988000159661986 ], [ 13.605408905050426, 46.987636548197372 ], [ 13.605637479587335, 46.98743993617304 ], [ 13.605833079833946, 46.987249431503521 ], [ 13.606037366088954, 46.987265496390791 ], [ 13.606276941620287, 46.987419143171685 ], [ 13.606612340351688, 46.987361648766274 ], [ 13.606819711184924, 46.987619027336024 ], [ 13.606983842463894, 46.987829091192481 ], [ 13.607074856965012, 46.987833460397219 ], [ 13.607547193579782, 46.988015515411604 ], [ 13.607892342557465, 46.988012250730179 ], [ 13.608509019331985, 46.988414399649585 ], [ 13.608554538614513, 46.988444162055217 ], [ 13.608875342168337, 46.98881670401753 ], [ 13.608994271607997, 46.988954712011605 ], [ 13.609025131011778, 46.988972002847831 ], [ 13.609155689998166, 46.989045107843502 ], [ 13.609630057430939, 46.989310739392231 ], [ 13.609637838481214, 46.989315129381716 ], [ 13.610094210785233, 46.989407054214226 ], [ 13.610137138195148, 46.989418556663757 ], [ 13.610307662699775, 46.989464209280634 ], [ 13.610621270242179, 46.98941215499984 ], [ 13.611486659558029, 46.989541314160483 ], [ 13.6114127214628, 46.989182660916121 ], [ 13.611515991633695, 46.988965739167028 ], [ 13.611627713608534, 46.988730800860012 ], [ 13.612030653027587, 46.988964475337475 ], [ 13.612339026121219, 46.98914331422764 ], [ 13.61332525673625, 46.989172285729126 ], [ 13.613525984869039, 46.988960790087489 ], [ 13.613533700183865, 46.988952672948471 ], [ 13.613559909911929, 46.988960706250673 ], [ 13.614174328157285, 46.989149400878254 ], [ 13.614116176270697, 46.98961590395897 ], [ 13.614080732336097, 46.989900773977105 ], [ 13.614047236855555, 46.990280656554155 ], [ 13.614042275790062, 46.990337175393137 ], [ 13.614867128699387, 46.990604076445116 ], [ 13.614890763230347, 46.990597449324724 ], [ 13.615028762149555, 46.990558685723983 ], [ 13.615060955361395, 46.990554196792168 ], [ 13.615567113838638, 46.990484194447028 ], [ 13.615797986015723, 46.990452307020135 ], [ 13.615912436258965, 46.990436455565764 ], [ 13.616129313576433, 46.990566923739024 ], [ 13.61620211405508, 46.990656360844589 ], [ 13.616346479968708, 46.9906774155289 ], [ 13.616415044102737, 46.99086008090574 ], [ 13.616801828439167, 46.991041141381203 ], [ 13.616924033292145, 46.991098242173393 ], [ 13.617128668200584, 46.991225319878808 ], [ 13.617196046004272, 46.991259253123665 ], [ 13.61730245274545, 46.991312793912698 ], [ 13.617383607839738, 46.991316459732474 ], [ 13.617863698319495, 46.991338020703907 ], [ 13.618348750010741, 46.99132834459899 ], [ 13.618380181471693, 46.991328895443608 ], [ 13.618413190912207, 46.991329442312498 ], [ 13.618504196394934, 46.991330833101955 ], [ 13.618607559333462, 46.991331562880916 ], [ 13.618620052150369, 46.991331621430355 ], [ 13.618728018014355, 46.991332429497994 ], [ 13.618745508248724, 46.991332565434689 ], [ 13.618821797173799, 46.991360536700277 ], [ 13.618900589004165, 46.991389311419248 ], [ 13.618942488745782, 46.991404682216789 ], [ 13.619008348828379, 46.991425121420328 ], [ 13.619076843774787, 46.991446453732472 ], [ 13.619130454250058, 46.991463144630139 ], [ 13.619228454406803, 46.991493580303285 ], [ 13.619310517159109, 46.991519197240656 ], [ 13.619444741267827, 46.991560968652585 ], [ 13.619481884449995, 46.991450111255205 ], [ 13.619558300996703, 46.991233339869254 ], [ 13.619615485236993, 46.991108035260041 ], [ 13.619630041217675, 46.991076146080488 ], [ 13.619911019948677, 46.990460522453652 ], [ 13.619989906303836, 46.990287744068375 ], [ 13.620178222923776, 46.98958417491064 ], [ 13.620341282818847, 46.98907430334701 ], [ 13.620542175438292, 46.989044281701055 ], [ 13.620613203824799, 46.989048240789799 ], [ 13.620658846360023, 46.989050824504162 ], [ 13.620701989566307, 46.989053234576957 ], [ 13.620758549405958, 46.989056420433634 ], [ 13.620778411122101, 46.989057539809011 ], [ 13.62104541946187, 46.989047054971671 ], [ 13.621618115827237, 46.989126761146515 ], [ 13.621785721697551, 46.98911760698418 ], [ 13.621887872739739, 46.988992906638948 ], [ 13.621923745593504, 46.988939907912034 ], [ 13.622086150419726, 46.988699881373172 ], [ 13.622033338121451, 46.988587812493193 ], [ 13.622018289340692, 46.988456122090071 ], [ 13.621970264961016, 46.988233007359938 ], [ 13.621777777941011, 46.988042652493185 ], [ 13.621701148396967, 46.987491368365262 ], [ 13.621969719516795, 46.986874871262025 ], [ 13.621942803639882, 46.986519254233194 ], [ 13.622114681323705, 46.986305837187984 ], [ 13.622253854203718, 46.985954206053087 ], [ 13.622291034568642, 46.985948622611076 ], [ 13.622429483475333, 46.985923255639264 ], [ 13.622656158815611, 46.985825320584922 ], [ 13.622739761769605, 46.985676462517254 ], [ 13.622850190897022, 46.985480027170581 ], [ 13.622946247330418, 46.985300364452911 ], [ 13.623098931035097, 46.985233480145894 ], [ 13.623335284031658, 46.985319345358484 ], [ 13.623527466421478, 46.985190094222069 ], [ 13.6234616302413, 46.985148872524739 ], [ 13.623633300913292, 46.98501976366812 ], [ 13.623793016978214, 46.984964827577819 ], [ 13.623845656776814, 46.984949216391442 ], [ 13.623814870551263, 46.984801550330999 ], [ 13.623683013207796, 46.984709210055186 ], [ 13.623479605319115, 46.984492162386019 ], [ 13.623462482213302, 46.984438488951376 ], [ 13.623333258118318, 46.984033555724551 ], [ 13.623538080551796, 46.983908411242943 ], [ 13.623601651723618, 46.983920395631735 ], [ 13.623759616729751, 46.983906494324671 ], [ 13.623935964210734, 46.98386402245346 ], [ 13.624363474998949, 46.983827744282657 ], [ 13.62479327769695, 46.98389772339619 ], [ 13.625380421937852, 46.98410325347119 ], [ 13.62556086491521, 46.984160014981292 ], [ 13.625648847416651, 46.984187681572244 ], [ 13.625665438662828, 46.984144359064686 ], [ 13.625598119911356, 46.983977172310816 ], [ 13.625680478954157, 46.983580514034323 ], [ 13.625694055582683, 46.983515064545159 ], [ 13.625701629537033, 46.983481752912787 ], [ 13.625556900631127, 46.983439656090233 ], [ 13.625499877783092, 46.983422977032767 ], [ 13.625346809720208, 46.98329893087719 ], [ 13.625297551118237, 46.983259557101015 ], [ 13.625555057666739, 46.983104760284945 ], [ 13.625576156275846, 46.983092108893629 ], [ 13.625618278158376, 46.983005350871302 ], [ 13.625985399056493, 46.982772258951563 ], [ 13.625722167679813, 46.9825793040064 ], [ 13.625551740686362, 46.982502001817032 ], [ 13.625158032806839, 46.982323238487666 ], [ 13.624865491138495, 46.982418378676059 ], [ 13.624352332133384, 46.98227438146251 ], [ 13.62395198135976, 46.982130002859996 ], [ 13.623669661496185, 46.981882565046909 ], [ 13.623282425914089, 46.981827679263588 ], [ 13.62322843319914, 46.981859849727556 ], [ 13.622905634112453, 46.981855455863936 ], [ 13.622778193172758, 46.981968704480437 ], [ 13.622617400581994, 46.981872837704842 ], [ 13.622203061321866, 46.981814148313241 ], [ 13.621999526463664, 46.981739894454549 ], [ 13.621963448319846, 46.981633271636277 ], [ 13.622035965406889, 46.981429195398952 ], [ 13.622440083010003, 46.981277271450708 ], [ 13.622612943630402, 46.981247767429139 ], [ 13.622949626426918, 46.98114676165531 ], [ 13.623576139209696, 46.98093667899699 ], [ 13.623712412064007, 46.980852469956631 ], [ 13.62415450949398, 46.980579241355457 ], [ 13.624432084392655, 46.980513564422175 ], [ 13.62461787892361, 46.980493741824205 ], [ 13.624955154584088, 46.980430429614003 ], [ 13.62554135576206, 46.980590881888894 ], [ 13.625672105729222, 46.980626626273299 ], [ 13.626178076502807, 46.980756779346784 ], [ 13.626469544809583, 46.980874168121439 ], [ 13.62669159735314, 46.980991825758522 ], [ 13.626768967892065, 46.98100332276848 ], [ 13.626975765175152, 46.981048676487191 ], [ 13.627007094505464, 46.981055613678294 ], [ 13.627185327226643, 46.981094652515175 ], [ 13.627611691913813, 46.981188114258032 ], [ 13.628205982669337, 46.981239747606921 ], [ 13.628662383788926, 46.981248907253743 ], [ 13.629421079791065, 46.981570581788489 ], [ 13.630905645134217, 46.981442344704028 ], [ 13.631557136373878, 46.98142416688809 ], [ 13.632094315759966, 46.981465582554861 ], [ 13.632705341478836, 46.981429239094822 ], [ 13.63299448753655, 46.981364860340832 ], [ 13.633754234532507, 46.981309582464718 ], [ 13.633760016815597, 46.981309117250319 ], [ 13.634438543906482, 46.981259718625125 ], [ 13.634834573479983, 46.981264334880748 ], [ 13.635015799439415, 46.981250535985581 ], [ 13.635284378733143, 46.981199972851769 ], [ 13.635889243624035, 46.981260085820672 ], [ 13.636124135587345, 46.981319744520604 ], [ 13.636277457519139, 46.981369633070152 ], [ 13.636574565422832, 46.98131890067684 ], [ 13.63702434615916, 46.981181559082422 ], [ 13.637678023470329, 46.98136219322928 ], [ 13.637733879322697, 46.981794301022575 ], [ 13.637667152908628, 46.982310148133017 ], [ 13.637763379492156, 46.982399238678084 ], [ 13.638064624012676, 46.982518731015723 ], [ 13.638098221494099, 46.982622656108603 ], [ 13.637759749540047, 46.982775179477741 ], [ 13.637451182373646, 46.982777627120981 ], [ 13.636986851288453, 46.982970796134389 ], [ 13.636507611234338, 46.982879130524921 ], [ 13.636113708308979, 46.982995985642539 ], [ 13.635890544714977, 46.983242313172269 ], [ 13.635587234986911, 46.983429737920581 ], [ 13.635936662230224, 46.983559724943149 ], [ 13.63639975897034, 46.983816816980031 ], [ 13.636779483641822, 46.983886884599386 ], [ 13.637124768637049, 46.984027226616647 ], [ 13.63739978659202, 46.984295345842561 ], [ 13.637428478153273, 46.984323252278365 ], [ 13.637528987064071, 46.984401894013253 ], [ 13.637638873200606, 46.984487798770203 ], [ 13.637997700254216, 46.984626932081802 ], [ 13.638338424263774, 46.984795895912377 ], [ 13.638440321229314, 46.984795351847126 ], [ 13.638702491588104, 46.984793836312505 ], [ 13.639242812411112, 46.984711759006402 ], [ 13.639378781126618, 46.984714271430384 ], [ 13.639706867017466, 46.984720133864165 ], [ 13.640040439343604, 46.984810830441511 ], [ 13.640260129183732, 46.984830121309088 ], [ 13.640415229381629, 46.98486677262089 ], [ 13.640584343559093, 46.984825734114587 ], [ 13.64079048432229, 46.984775777052967 ], [ 13.641329700777309, 46.984639885524302 ], [ 13.64179010429039, 46.984585636590637 ], [ 13.641993369015571, 46.984561509057471 ], [ 13.642054860965128, 46.98455423333958 ], [ 13.642855833250589, 46.984640228981384 ], [ 13.643455191901563, 46.984627344046572 ], [ 13.64352007263339, 46.984660008824868 ], [ 13.644013600526733, 46.984896651487695 ], [ 13.644263200632517, 46.985016268933869 ], [ 13.644512010855752, 46.985135528086872 ], [ 13.644790029416317, 46.985392283969283 ], [ 13.64488726000214, 46.985425398986536 ], [ 13.645015209844468, 46.985517455543942 ], [ 13.645284183287849, 46.985710980032991 ], [ 13.645549207135858, 46.985791501464377 ], [ 13.645732385506081, 46.985794506149105 ], [ 13.646205092281765, 46.986131433016759 ], [ 13.646168425310272, 46.986201447660008 ], [ 13.646374563596662, 46.986396402612449 ], [ 13.646818557160632, 46.986567575377862 ], [ 13.647191956787658, 46.986585168137758 ], [ 13.647402565988722, 46.98655696156532 ], [ 13.648365350426253, 46.986428410730184 ], [ 13.648281903372778, 46.986259122546187 ], [ 13.648438642977997, 46.986127228163447 ], [ 13.648644787342922, 46.986056111819629 ], [ 13.648822071790514, 46.985907873620761 ], [ 13.648942808780836, 46.985869026748091 ], [ 13.649161184867344, 46.985798775205971 ], [ 13.649548512662241, 46.985572658927921 ], [ 13.64994784838072, 46.985530694320573 ], [ 13.650213891208852, 46.985450409985262 ], [ 13.650622337790331, 46.985327076737498 ], [ 13.651511437323551, 46.985545753402121 ], [ 13.651568428433366, 46.985972272811189 ], [ 13.651374024399935, 46.986312488045932 ], [ 13.65142027848623, 46.986614866934516 ], [ 13.65135326016774, 46.986951035614233 ], [ 13.65145886901634, 46.987196291460876 ], [ 13.651601396210367, 46.987787321988087 ], [ 13.651503916826794, 46.987999405534474 ], [ 13.650904847479158, 46.988330586928186 ], [ 13.651009074402438, 46.988388691231371 ], [ 13.651701015814661, 46.988546463158762 ], [ 13.651895787317542, 46.988792548010537 ], [ 13.651882474892004, 46.988853051135585 ], [ 13.6518963258033, 46.988860390488064 ], [ 13.65205171687912, 46.988942194481467 ], [ 13.652166976386868, 46.989172935977031 ], [ 13.652102163508996, 46.98941624079967 ], [ 13.652023220275705, 46.989474319011364 ], [ 13.652090595391181, 46.989701595982993 ], [ 13.651946283739377, 46.989932617078821 ], [ 13.651875880915622, 46.989945861766479 ], [ 13.651710057772519, 46.99031775973976 ], [ 13.65178059549026, 46.990326919489931 ], [ 13.651824413957378, 46.990551113501283 ], [ 13.65190599997954, 46.990845564806605 ], [ 13.652552146053685, 46.990663880401812 ], [ 13.653272032950015, 46.990368880991575 ], [ 13.654190985970825, 46.990093559205683 ], [ 13.65487614226568, 46.990406814394902 ], [ 13.655199883860078, 46.990731169362505 ], [ 13.655436630613632, 46.991086093369191 ], [ 13.65560996515876, 46.991457393276995 ], [ 13.656158301459136, 46.991691848165821 ], [ 13.656268683706529, 46.991635657097959 ], [ 13.656465070204582, 46.991709600178638 ], [ 13.656484140672411, 46.991753275532631 ], [ 13.6568930211577, 46.992062446625603 ], [ 13.656954055928782, 46.992108521582978 ], [ 13.657119318046794, 46.992059461364647 ], [ 13.657414844424199, 46.992281674718278 ], [ 13.658136093092491, 46.992962550538543 ], [ 13.658171002386474, 46.993036953000278 ], [ 13.658396773370576, 46.993097761674257 ], [ 13.658475785149038, 46.993137035886832 ], [ 13.658881395815717, 46.99333823469847 ], [ 13.659287010104689, 46.993539522037793 ], [ 13.65956731513603, 46.993336263851461 ], [ 13.661707175305647, 46.991784972695832 ], [ 13.662815480469822, 46.990981396915046 ], [ 13.663051175072802, 46.991116130086752 ], [ 13.663373842657899, 46.991470517950347 ], [ 13.663629169844974, 46.991505226332578 ], [ 13.663747620836268, 46.991521347444035 ], [ 13.664645495709628, 46.991898708756914 ], [ 13.665161858809956, 46.992081025970975 ], [ 13.666686548643787, 46.992215212413583 ], [ 13.667134694785769, 46.992254744789633 ], [ 13.669389399085601, 46.992809464809298 ], [ 13.669515935254759, 46.992897179123503 ], [ 13.669604669112754, 46.992954502548429 ], [ 13.669724709368246, 46.993033867857413 ], [ 13.669874325455561, 46.993111165755579 ], [ 13.669981698304381, 46.993183640008176 ], [ 13.67004066961934, 46.993234123055778 ], [ 13.670207607424576, 46.993305430492065 ], [ 13.670956459160477, 46.993625238237286 ], [ 13.671878463777754, 46.993813335221738 ], [ 13.672187181726763, 46.993907071131368 ], [ 13.673746454824814, 46.994378480415811 ], [ 13.674388727714026, 46.99497041159141 ], [ 13.67492228716546, 46.995240182336332 ], [ 13.67527047579892, 46.995416211678823 ], [ 13.675412196958931, 46.995633443264886 ], [ 13.675468382187793, 46.995719743507806 ], [ 13.676463246276784, 46.996245994188598 ], [ 13.67730835704441, 46.996856730682602 ], [ 13.677935802110698, 46.997483598745475 ], [ 13.678880810960342, 46.997777114489864 ], [ 13.679911621781047, 46.99809726398032 ], [ 13.681253793335731, 46.998604955424916 ], [ 13.682837523647315, 46.999282037227132 ], [ 13.683166193938256, 46.999382070466915 ], [ 13.683308126739677, 46.999425362437989 ], [ 13.683798890774222, 46.999713579442925 ], [ 13.683843547261784, 46.999784074917706 ], [ 13.683884615433875, 46.99984891279226 ], [ 13.68407613413307, 47.000151099848587 ], [ 13.684210798109604, 47.000288171194313 ], [ 13.684290775575592, 47.000369534672274 ], [ 13.684466886234318, 47.000548767576859 ], [ 13.684956961855121, 47.000710651362752 ], [ 13.685021550171381, 47.000732046094257 ], [ 13.685110879613836, 47.000934311664615 ], [ 13.685245967687184, 47.000975912854919 ], [ 13.6852994758154, 47.000992392959489 ], [ 13.68542530428696, 47.001184647363608 ], [ 13.685411702972312, 47.001374815015943 ], [ 13.685410263119961, 47.001395694591913 ], [ 13.685406899681414, 47.001443843747651 ], [ 13.685383684355536, 47.001513109573985 ], [ 13.685308749933641, 47.001736669739486 ], [ 13.684994605234822, 47.002085052502707 ], [ 13.684823769070912, 47.002246644160046 ], [ 13.684813312607496, 47.002256574235474 ], [ 13.684774623063303, 47.002293225529094 ], [ 13.684460219168423, 47.002702883225396 ], [ 13.684424488671082, 47.002749512897751 ], [ 13.684391626104576, 47.002792264591385 ], [ 13.684377537512693, 47.002949141413936 ], [ 13.684374229609778, 47.00298595302057 ], [ 13.684351077135439, 47.003244084148989 ], [ 13.684345680754593, 47.00330321698388 ], [ 13.684209020497189, 47.004377897808773 ], [ 13.684137788608071, 47.004506248034055 ], [ 13.683878077118271, 47.004974491139535 ], [ 13.683844541163674, 47.005035060569007 ], [ 13.684304719952571, 47.005185162419764 ], [ 13.685099723402566, 47.005444358977698 ], [ 13.685342800640345, 47.005523686295277 ], [ 13.686278823771516, 47.005466701034692 ], [ 13.68666985184616, 47.005442899238439 ], [ 13.687011047887266, 47.005422130770803 ], [ 13.687972350767428, 47.005290640172632 ], [ 13.688586201104828, 47.005247779370464 ], [ 13.689701093906519, 47.005169780458104 ], [ 13.690068561354172, 47.00514415139321 ], [ 13.690789852987439, 47.005059370536515 ], [ 13.690999196902846, 47.005148239832927 ], [ 13.691263174557074, 47.004365940307807 ], [ 13.691415528287193, 47.004157158325022 ], [ 13.691683088452445, 47.003790369211032 ], [ 13.692012716347687, 47.003363547250004 ], [ 13.692111388522285, 47.003386629787911 ], [ 13.692974150775692, 47.003588870249281 ], [ 13.69322964896898, 47.003540281243055 ], [ 13.693478578849465, 47.003492972216044 ], [ 13.693570346578428, 47.003545138607038 ], [ 13.694371237232627, 47.003506421315237 ], [ 13.694544903004358, 47.0033777385134 ], [ 13.694583807356357, 47.003450857516867 ], [ 13.694756226073002, 47.0034482388795 ], [ 13.695205574775793, 47.003222578989948 ], [ 13.695402651489514, 47.003229148551505 ], [ 13.695978078068745, 47.003650301857931 ], [ 13.696406737061391, 47.003996429683461 ], [ 13.697055478751023, 47.003961869404186 ], [ 13.697465510383779, 47.003757741590491 ], [ 13.698177810826685, 47.003096267318348 ], [ 13.698757136879625, 47.002934330286855 ], [ 13.698978010431755, 47.002672139756115 ], [ 13.699314380157299, 47.002622286600456 ], [ 13.698918024364053, 47.002212360507016 ], [ 13.698894709398445, 47.002188231285935 ], [ 13.698904011064934, 47.001514258731675 ], [ 13.699007690941892, 47.001042254768102 ], [ 13.699038680266728, 47.000901247789258 ], [ 13.699158486481215, 47.00028855453273 ], [ 13.699605640792399, 47.000056405662463 ], [ 13.700663750856252, 46.999507082079454 ], [ 13.700756305038841, 46.999444786838062 ], [ 13.701352995316578, 46.999043525994935 ], [ 13.702168160777033, 46.998495336017676 ], [ 13.7030340504091, 46.997811376466913 ], [ 13.703087732722443, 46.997701427117228 ], [ 13.703404932970543, 46.997057312799221 ], [ 13.703321122551841, 46.996995590624479 ], [ 13.703233012560196, 46.996939641064813 ], [ 13.703170306298652, 46.996867862294799 ], [ 13.703145224855584, 46.996778864832869 ], [ 13.70315389111933, 46.996701364648764 ], [ 13.703191772258963, 46.996645454162554 ], [ 13.703256936821413, 46.996598182664563 ], [ 13.70332827049249, 46.996568077000966 ], [ 13.703414312738625, 46.996553849596822 ], [ 13.703443675253267, 46.99661547941249 ], [ 13.70348543227456, 46.996662852095191 ], [ 13.703548313704497, 46.996703137463953 ], [ 13.70363015390271, 46.996727524608879 ], [ 13.703720321767731, 46.99673910748556 ], [ 13.703793818221497, 46.996736258111163 ], [ 13.703852709388334, 46.996694675434306 ], [ 13.703896882213158, 46.996635864832491 ], [ 13.703924253253959, 46.996562802436578 ], [ 13.703937005215733, 46.996486728505992 ], [ 13.703932974069575, 46.996417907723746 ], [ 13.703903849346172, 46.996371573689657 ], [ 13.703899645987979, 46.996334606042311 ], [ 13.703910168953961, 46.996316035990041 ], [ 13.70393959767336, 46.996311710840224 ], [ 13.70398148026816, 46.996301676315383 ], [ 13.704033975579343, 46.996285938418026 ], [ 13.704073907069027, 46.996260163905639 ], [ 13.704105472993017, 46.996222899405943 ], [ 13.704128702876485, 46.996178373843378 ], [ 13.70415807181281, 46.996165500824837 ], [ 13.704208471406101, 46.99616983501884 ], [ 13.704275553244779, 46.996171325293858 ], [ 13.704323919864583, 46.996167028097801 ], [ 13.704386904787233, 46.996165652376192 ], [ 13.70542506400626, 46.996203012508815 ], [ 13.705525641790231, 46.996198813475807 ], [ 13.705891272945793, 46.996183756540304 ], [ 13.707025258543087, 46.99589659283221 ], [ 13.707792478041819, 46.995651119555028 ], [ 13.708805847936389, 46.995326904778267 ], [ 13.711252032908783, 46.994840363425666 ], [ 13.71255064530275, 46.994410788776754 ], [ 13.713960130841533, 46.993765687266084 ], [ 13.71427603229596, 46.993640455759049 ], [ 13.715217170729348, 46.99326729745156 ], [ 13.715270279051873, 46.993246243508295 ], [ 13.715435255591325, 46.993219234087732 ], [ 13.715783860079888, 46.993162182336661 ], [ 13.715991261972924, 46.9931281906563 ], [ 13.71618749891211, 46.993096035859473 ], [ 13.717729585015427, 46.99281323543854 ], [ 13.719385921926547, 46.992004457250673 ], [ 13.719496544137828, 46.991972228125235 ], [ 13.719584595498825, 46.991946554241871 ], [ 13.720524858954253, 46.991823316691971 ], [ 13.721218919374355, 46.991732316168971 ], [ 13.722728789479484, 46.991566350700815 ], [ 13.723441608649566, 46.991487959233851 ], [ 13.723927060066728, 46.991516791707859 ], [ 13.724196229975561, 46.991532870649145 ], [ 13.724548807559204, 46.991553790151627 ], [ 13.725241335092409, 46.991595039647244 ], [ 13.725930908109257, 46.991432132444181 ], [ 13.726270039569672, 46.991288611235895 ], [ 13.726951262474135, 46.990851650205144 ], [ 13.727456821753899, 46.990631335472408 ], [ 13.727621811717411, 46.99041319249914 ], [ 13.728335812120767, 46.990213744138472 ], [ 13.728617991466203, 46.99017631965107 ], [ 13.729723058079848, 46.990029666633937 ], [ 13.729788479061289, 46.990020979970893 ], [ 13.729879911009469, 46.990008873117048 ], [ 13.730901765264276, 46.989954368210448 ], [ 13.732147732192088, 46.990185830110157 ], [ 13.732404566680456, 46.990468361346338 ], [ 13.732424987321943, 46.990490964264161 ], [ 13.732775864882729, 46.990548575704338 ], [ 13.733389869838783, 46.990710534098 ], [ 13.734594238681654, 46.990758288419066 ], [ 13.734988153075966, 46.990872337725165 ], [ 13.735861290338969, 46.991338034632712 ], [ 13.736368571914172, 46.991730162538381 ], [ 13.736731808954501, 46.991959038321198 ], [ 13.738119948793942, 46.992735473352134 ], [ 13.738759872120033, 46.993083027499971 ], [ 13.739193005202811, 46.993318034192633 ], [ 13.739332717840508, 46.993393836675899 ], [ 13.740330595472077, 46.994012917502786 ], [ 13.740418334097404, 46.994067400066299 ], [ 13.740648591640454, 46.994151514018839 ], [ 13.741882558688278, 46.994599672677126 ], [ 13.742060688895284, 46.994574196803946 ], [ 13.742458187786289, 46.994618563496061 ], [ 13.743916827011825, 46.99440670168115 ], [ 13.745070190706718, 46.994241368927327 ], [ 13.746057571028947, 46.994040456715013 ], [ 13.747075570942114, 46.99375331405875 ], [ 13.747507803867334, 46.993631344660834 ], [ 13.748125634734155, 46.99343086310909 ], [ 13.74857416599855, 46.99327481787175 ], [ 13.748857628746613, 46.993165804867573 ], [ 13.7491699340192, 46.993045617983746 ], [ 13.749980453817249, 46.992733835292213 ], [ 13.751402073821948, 46.991838800086001 ], [ 13.752208416461224, 46.991184735447547 ], [ 13.753207524927284, 46.99069803309694 ], [ 13.753783475247117, 46.990346960171074 ], [ 13.754120183938777, 46.99007388421726 ], [ 13.754780926881851, 46.989704945667533 ], [ 13.75557691062172, 46.989890942407634 ], [ 13.755623909425406, 46.989120364360339 ], [ 13.756056114743053, 46.988522911453018 ], [ 13.756080046862289, 46.98848988983179 ], [ 13.755817347784545, 46.988145977661645 ], [ 13.755601814617883, 46.987647754721202 ], [ 13.755556137559134, 46.987542288990973 ], [ 13.755381919669022, 46.986120093945857 ], [ 13.755268401426795, 46.985237189019948 ], [ 13.755757935208056, 46.984544145737047 ], [ 13.755495754976888, 46.984461351013287 ], [ 13.755505918991256, 46.984201632788817 ], [ 13.755317570618558, 46.984028043628136 ], [ 13.755274258205342, 46.98398807395899 ], [ 13.755345369064845, 46.983687458361025 ], [ 13.755425947581015, 46.983552549443679 ], [ 13.755758380373067, 46.982996229321628 ], [ 13.756857673530169, 46.982565538003499 ], [ 13.756990422721705, 46.982576379667009 ], [ 13.757201563602425, 46.982607443561072 ], [ 13.758252270581318, 46.982762146020612 ], [ 13.760259653651755, 46.982493848245426 ], [ 13.760276964281514, 46.982488294348791 ], [ 13.760369502312509, 46.98245267408825 ], [ 13.761095514123461, 46.982173071954904 ], [ 13.761596320641406, 46.982059517812424 ], [ 13.762424972757747, 46.981873638005226 ], [ 13.763006112394143, 46.981647029515585 ], [ 13.764136422880311, 46.981403936911924 ], [ 13.764818836878739, 46.981005433650623 ], [ 13.76519036882835, 46.980728232820098 ], [ 13.765463102624027, 46.980524830400178 ], [ 13.766392715987926, 46.980051862363226 ], [ 13.766951074397619, 46.979486997862239 ], [ 13.767015620676943, 46.979421785941646 ], [ 13.767498707315116, 46.979139471948635 ], [ 13.767636750328057, 46.979058861773275 ], [ 13.767749234419343, 46.979003903480695 ], [ 13.767897934174885, 46.978827873968129 ], [ 13.76815517447479, 46.978516908951086 ], [ 13.768187402311991, 46.978470895885117 ], [ 13.768206562058902, 46.978322086417059 ], [ 13.768327767824209, 46.978272852786688 ], [ 13.768360002073468, 46.978259772120417 ], [ 13.768387912706469, 46.978248507617685 ], [ 13.76841180644308, 46.978228350551987 ], [ 13.768643569047434, 46.978033735567458 ], [ 13.768779107094812, 46.977920740998826 ], [ 13.768830815010304, 46.977877622279614 ], [ 13.768931487558703, 46.977793554811697 ], [ 13.768944528885509, 46.977732588642866 ], [ 13.768949973041913, 46.977707103551445 ], [ 13.768994533541356, 46.977497820174001 ], [ 13.769009801606826, 46.97741983932891 ], [ 13.769019423858582, 46.97737481264538 ], [ 13.769030317185994, 46.97732447229108 ], [ 13.769051343045035, 46.977227213720496 ], [ 13.769123656708089, 46.976891492526548 ], [ 13.76944378668011, 46.975963923638666 ], [ 13.769664452878882, 46.975124106534331 ], [ 13.76967605192538, 46.975079792020516 ], [ 13.769704276273277, 46.97497890644518 ], [ 13.76988869861658, 46.974320806844126 ], [ 13.770602872035969, 46.972126965795283 ], [ 13.770706082761105, 46.9718099300798 ], [ 13.770753135678556, 46.971665331570385 ], [ 13.771159251029653, 46.970475855554014 ], [ 13.771559188117831, 46.969304487744139 ], [ 13.771535013285948, 46.968142226346892 ], [ 13.771248900728089, 46.965977885600019 ], [ 13.771180697063373, 46.965468955131058 ], [ 13.770802396170952, 46.962815480905427 ], [ 13.771904313096053, 46.961477818379841 ], [ 13.772112509610091, 46.961224980383058 ], [ 13.772667232159886, 46.960823863367516 ], [ 13.773239018853172, 46.960500599643439 ], [ 13.774751978259083, 46.959645403233033 ], [ 13.775202611299097, 46.958125873690136 ], [ 13.775226361013457, 46.956967474942026 ], [ 13.775241997669578, 46.95620852683119 ], [ 13.774008648290138, 46.955080125471966 ], [ 13.773189683004105, 46.954491600564239 ], [ 13.771607458355192, 46.953354448734892 ], [ 13.772062023394266, 46.952482049012694 ], [ 13.77315594896527, 46.950382907692031 ], [ 13.773517985233898, 46.949688210469716 ], [ 13.773147391395673, 46.949332700185799 ], [ 13.772761835427804, 46.948962760010076 ], [ 13.773128116482576, 46.948638763089825 ], [ 13.773141552293781, 46.948626923649357 ], [ 13.77314898726722, 46.948620326300215 ], [ 13.773621265953343, 46.948450951154079 ], [ 13.773900857087197, 46.948068261816566 ], [ 13.774191526714022, 46.947976252475378 ], [ 13.774301871138311, 46.947941361141098 ], [ 13.774549961570646, 46.947801107524661 ], [ 13.775213340550062, 46.947133844934498 ], [ 13.775293863326985, 46.946546594650343 ], [ 13.775432101240945, 46.946121802185509 ], [ 13.776109009230126, 46.945505229911149 ], [ 13.777836192237377, 46.94507565642742 ], [ 13.779455712523053, 46.944783429178187 ], [ 13.780031731161731, 46.944801586076132 ], [ 13.780669766657949, 46.944632607801424 ], [ 13.78090511863622, 46.944746582666568 ], [ 13.78128356617767, 46.94467517365522 ], [ 13.781318196347325, 46.944668558272163 ], [ 13.781858253483076, 46.944566725299318 ], [ 13.782000127727942, 46.944112576875952 ], [ 13.782012983861714, 46.943518660889268 ], [ 13.781981384717929, 46.943448421946314 ], [ 13.781563358164099, 46.94251743760362 ], [ 13.781292176614805, 46.941549249850389 ], [ 13.781246936352696, 46.941387825350105 ], [ 13.780654056447684, 46.940454289339741 ], [ 13.780903863211456, 46.939369139543331 ], [ 13.780969036342448, 46.939042886239775 ], [ 13.781086788276674, 46.938954331144018 ], [ 13.781269420055883, 46.938816930573026 ], [ 13.781990668468532, 46.938274200487555 ], [ 13.784760051283124, 46.937991735797397 ], [ 13.786290437302291, 46.937382136989413 ], [ 13.787513889896477, 46.937292390187359 ], [ 13.788893796008216, 46.936926483869684 ], [ 13.789461796126307, 46.936953532774751 ], [ 13.789639477001625, 46.936961995494237 ], [ 13.791348708640745, 46.9362163685459 ], [ 13.791734410253696, 46.93594361062614 ], [ 13.792229447256677, 46.934412583454737 ], [ 13.792235077070963, 46.934395194590273 ], [ 13.794504160120992, 46.932678620406307 ], [ 13.795672380479784, 46.931794849404554 ], [ 13.796227114940542, 46.931375169327367 ], [ 13.797612280814532, 46.930327088696416 ], [ 13.79843726208585, 46.930263239588946 ], [ 13.800496251101602, 46.93028590366746 ], [ 13.801588514003225, 46.929952070178459 ], [ 13.801648534651385, 46.929876779096695 ], [ 13.801929542623284, 46.929524786658483 ], [ 13.803617671765172, 46.928577955747066 ], [ 13.804074562429355, 46.927992000458474 ], [ 13.804227498616791, 46.927938367015194 ], [ 13.804746275490102, 46.927756520660004 ], [ 13.80552026177021, 46.927250491623482 ], [ 13.80579081505579, 46.927101077384165 ], [ 13.807371628844345, 46.926228330770314 ], [ 13.807534641069036, 46.926200924766938 ], [ 13.808129132488467, 46.925352445952441 ], [ 13.808157274453748, 46.925312287050794 ], [ 13.8083464671396, 46.923907810110379 ], [ 13.808980298093427, 46.922807218455112 ], [ 13.809293867169878, 46.922493132165179 ], [ 13.81063917978136, 46.921112042710149 ], [ 13.81107933562256, 46.920842587940591 ], [ 13.811666028320904, 46.920483342988653 ], [ 13.812459653440472, 46.919348134365983 ], [ 13.812548725751164, 46.919220796221254 ], [ 13.812615625963884, 46.919125044715258 ], [ 13.812453161288262, 46.918948111740399 ], [ 13.812131551305734, 46.918597920250392 ], [ 13.810750077347942, 46.918543103193926 ], [ 13.810456540554009, 46.918334506842115 ], [ 13.809625401371271, 46.918363108047551 ], [ 13.809517677645037, 46.91832927854162 ], [ 13.808860538088132, 46.918122745494756 ], [ 13.808392774282128, 46.917975791213863 ], [ 13.807845999240561, 46.917803971612351 ], [ 13.80755685247977, 46.917820928641341 ], [ 13.807859008944826, 46.918246617455814 ], [ 13.807870446614713, 46.918262765907002 ], [ 13.807437848077939, 46.919232218988022 ], [ 13.807375788944922, 46.919371227400326 ], [ 13.80708975302036, 46.919369814320994 ], [ 13.806753292351235, 46.919531114617428 ], [ 13.806587087499341, 46.919610721161277 ], [ 13.806479985297379, 46.919587773718895 ], [ 13.80572329737422, 46.919425458255624 ], [ 13.804566894629055, 46.919177520537083 ], [ 13.804169806826661, 46.919092340890025 ], [ 13.803662459832866, 46.919072313010687 ], [ 13.803486068495095, 46.91929241560883 ], [ 13.802520334699585, 46.919398905618955 ], [ 13.802085289908103, 46.919804805099773 ], [ 13.80013730771959, 46.920518467944454 ], [ 13.799774945771464, 46.920889236852574 ], [ 13.799705179995524, 46.92096060797823 ], [ 13.798241100577108, 46.922428704347396 ], [ 13.797774304216126, 46.922664205847589 ], [ 13.797547671336583, 46.922850042765376 ], [ 13.797381933771462, 46.922985961077785 ], [ 13.797300967162249, 46.922903151418765 ], [ 13.796877470256689, 46.923134962685118 ], [ 13.79605733575869, 46.923215067418681 ], [ 13.795166331741797, 46.923361770085002 ], [ 13.793397474767845, 46.923491877893902 ], [ 13.791040402917199, 46.923336580767007 ], [ 13.790250833792324, 46.92309286330164 ], [ 13.790144302492564, 46.923059910392311 ], [ 13.789504172916265, 46.922752059589001 ], [ 13.789431519450105, 46.922534511412572 ], [ 13.789339147242892, 46.922529124500215 ], [ 13.788758766481331, 46.922495286912898 ], [ 13.788408963687347, 46.922257166625712 ], [ 13.787429788211906, 46.922321831239486 ], [ 13.786684943536761, 46.921897950637316 ], [ 13.78659394279957, 46.921498535360946 ], [ 13.785794263370267, 46.921064160755193 ], [ 13.785279779897571, 46.92094744101172 ], [ 13.785195173297385, 46.92092825288497 ], [ 13.784886089022935, 46.920858041305337 ], [ 13.784595711945093, 46.920933971202004 ], [ 13.783741120188557, 46.920773698735317 ], [ 13.783461124584262, 46.920493625260036 ], [ 13.782649872602795, 46.9204722808376 ], [ 13.781733579777411, 46.920562291164387 ], [ 13.781374496765158, 46.920480030680608 ], [ 13.781116247642796, 46.920457117031908 ], [ 13.779777650283375, 46.920333278716861 ], [ 13.779676903962798, 46.920330976254512 ], [ 13.778311773609175, 46.920299904109235 ], [ 13.778158082741555, 46.920185243815737 ], [ 13.777874754508311, 46.919973914126487 ], [ 13.777425299213201, 46.919982335171646 ], [ 13.7759887168263, 46.919096529708206 ], [ 13.775180465731756, 46.918785296197001 ], [ 13.774850669787726, 46.918494958263274 ], [ 13.773619434893035, 46.918118326530866 ], [ 13.7735953494042, 46.918080088857678 ], [ 13.773403341181453, 46.917776344176652 ], [ 13.772886270968927, 46.917450646083523 ], [ 13.771636855589545, 46.916663846994382 ], [ 13.77149555037936, 46.916503420269038 ], [ 13.771379831501774, 46.916372317737896 ], [ 13.770231010028324, 46.916124181441809 ], [ 13.769699037681811, 46.91581841188826 ], [ 13.769395277301079, 46.915766763531437 ], [ 13.768821094831148, 46.915292440837625 ], [ 13.76713755797199, 46.915022662950555 ], [ 13.766712924912115, 46.914768746490431 ], [ 13.765406633553297, 46.91468807571345 ], [ 13.764740696859487, 46.914568061605934 ], [ 13.764657598825183, 46.914506022263289 ], [ 13.764266419944834, 46.914213997999106 ], [ 13.76362300247278, 46.914149678949883 ], [ 13.763482170501023, 46.914076430639142 ], [ 13.761837928437874, 46.913998171276049 ], [ 13.761797596432938, 46.913995714422818 ], [ 13.761778678927252, 46.913994616238121 ], [ 13.761662520933122, 46.913919472769855 ], [ 13.761601273332507, 46.913879753464137 ], [ 13.76156379920973, 46.913857130332033 ], [ 13.761136779104929, 46.913922359173952 ], [ 13.760700231091677, 46.91371705422435 ], [ 13.760386889851794, 46.913696100941799 ], [ 13.760128664209631, 46.913589008815265 ], [ 13.7600105136683, 46.913690680730632 ], [ 13.759896535595795, 46.913788737633489 ], [ 13.759850901105782, 46.913829130257433 ], [ 13.7598417739109, 46.913837172789322 ], [ 13.759817523450602, 46.913858769169096 ], [ 13.759752620016723, 46.91391974960073 ], [ 13.7594369638862, 46.91421642973765 ], [ 13.759287161682257, 46.914284927554554 ], [ 13.759197019001627, 46.914326207090369 ], [ 13.759041058359001, 46.91449487481654 ], [ 13.75872943862872, 46.914591153641659 ], [ 13.758587316553188, 46.914635057308217 ], [ 13.75853308748394, 46.914651817073064 ], [ 13.758329138722253, 46.914714848130458 ], [ 13.758283423664235, 46.914728966431497 ], [ 13.757239772830459, 46.915373619824308 ], [ 13.757193777705858, 46.915402135435023 ], [ 13.757144767309128, 46.91544775839332 ], [ 13.756986787262267, 46.91559492573618 ], [ 13.756938036264989, 46.915640187716171 ], [ 13.756908187618027, 46.915668102956992 ], [ 13.756793851396525, 46.915623450717696 ], [ 13.756741029842594, 46.915602772928871 ], [ 13.756697054395771, 46.915522135778332 ], [ 13.756684396623285, 46.915499148355082 ], [ 13.756511832019161, 46.915183245577872 ], [ 13.756502822744633, 46.915140179100618 ], [ 13.756493674302051, 46.91509612336916 ], [ 13.756486430049499, 46.915060338628884 ], [ 13.756456378334232, 46.914914144378088 ], [ 13.756408703167653, 46.914681905656295 ], [ 13.756300413379472, 46.913944119069022 ], [ 13.756296520745543, 46.913916959825684 ], [ 13.756200586772552, 46.913262987818065 ], [ 13.756024823359995, 46.912064038523049 ], [ 13.756022605284308, 46.912049290179226 ], [ 13.755795734477678, 46.911605998222861 ], [ 13.755763525045408, 46.911171067988214 ], [ 13.756078110242393, 46.910425404920566 ], [ 13.756366787406739, 46.910385546092968 ], [ 13.756419198448594, 46.910190185043867 ], [ 13.756450946689609, 46.910071293658817 ], [ 13.756526677728298, 46.909638479805274 ], [ 13.756408838231527, 46.90888750207769 ], [ 13.755972753799215, 46.907741442899209 ], [ 13.755940905560967, 46.907566731774239 ], [ 13.755831353946697, 46.906964998386336 ], [ 13.755463985156323, 46.906566409726771 ], [ 13.75533405092918, 46.906290657184599 ], [ 13.755643906901492, 46.905530976092315 ], [ 13.755759553547183, 46.905247469691261 ], [ 13.756372192612693, 46.904229675764334 ], [ 13.756430242802747, 46.904133360941252 ], [ 13.756369828091577, 46.903932302710452 ], [ 13.756281360658686, 46.903637410726169 ], [ 13.756222745932645, 46.903068060061052 ], [ 13.756180209689914, 46.902655033522414 ], [ 13.75611896089365, 46.902844308868765 ], [ 13.755460932399359, 46.903070901949917 ], [ 13.755266246021757, 46.903137942196871 ], [ 13.755156101939894, 46.903072037663279 ], [ 13.754397234843287, 46.902617766194062 ], [ 13.752956554769032, 46.900737955350827 ], [ 13.752421826997454, 46.900250177655558 ], [ 13.752366538316339, 46.900014096429061 ], [ 13.751721551597575, 46.899592948194446 ], [ 13.751425293125424, 46.899479588540551 ], [ 13.751226734482414, 46.89940356899919 ], [ 13.750669615753763, 46.898952757306908 ], [ 13.75027096342369, 46.898939019164722 ], [ 13.750018187699329, 46.89894615806984 ], [ 13.749548637210658, 46.899149168526961 ], [ 13.748179373798163, 46.898599919846468 ], [ 13.748125646579991, 46.898578341645191 ], [ 13.748073763472345, 46.898557566479127 ], [ 13.746431846835439, 46.897885483452264 ], [ 13.746034342798829, 46.897950908059116 ], [ 13.745855244031475, 46.898046578763655 ], [ 13.745824130142738, 46.898063158312951 ], [ 13.745808312400829, 46.898071673982578 ], [ 13.745765432569792, 46.898094504942804 ], [ 13.745699152812016, 46.898129928220584 ], [ 13.745666840348266, 46.898110430383603 ], [ 13.745408935804084, 46.898082035866402 ], [ 13.745313546047067, 46.898070775592878 ], [ 13.745305950672449, 46.898073142686059 ], [ 13.745112885732672, 46.898128462304349 ], [ 13.744852368038874, 46.898203462255729 ], [ 13.744679998597443, 46.898253037231058 ], [ 13.744539326755081, 46.898293588899925 ], [ 13.744516274418785, 46.898300241091682 ], [ 13.744475019678907, 46.898312628060431 ], [ 13.744238985626199, 46.898243570808347 ], [ 13.744200463860025, 46.898252888464199 ], [ 13.744016894929713, 46.89829719428112 ], [ 13.743997765277108, 46.898301852596923 ], [ 13.74361634530101, 46.898394024210177 ], [ 13.743620455117135, 46.898365215942341 ], [ 13.743448003504218, 46.898285129156079 ], [ 13.742943578547214, 46.8983087297634 ], [ 13.742603821202238, 46.898253991023232 ], [ 13.742272317613489, 46.898265356247443 ], [ 13.741783474298423, 46.898386432980878 ], [ 13.741305327157102, 46.898567395274966 ], [ 13.741073552079904, 46.898625456838765 ], [ 13.740989043873242, 46.898646636271053 ], [ 13.74013646257737, 46.898839558404731 ], [ 13.739925711299145, 46.898849043255304 ], [ 13.739010531442096, 46.898890386581897 ], [ 13.738257711613782, 46.898635470200475 ], [ 13.737371183741812, 46.898335316501516 ], [ 13.737227637561588, 46.898257366635207 ], [ 13.736200290292555, 46.897700005373856 ], [ 13.735517395891465, 46.897644036196041 ], [ 13.734812234258055, 46.897820468287229 ], [ 13.734235298623183, 46.897889636735925 ], [ 13.733943146280104, 46.898175904848991 ], [ 13.733456957622391, 46.898652354240575 ], [ 13.732965678592381, 46.899133858319253 ], [ 13.732504233008889, 46.899586101812481 ], [ 13.731733229533949, 46.900160724849769 ], [ 13.73171860855815, 46.90017166377244 ], [ 13.730918481518643, 46.900241780125214 ], [ 13.728384024172788, 46.899740827441811 ], [ 13.728099655580634, 46.899577876959569 ], [ 13.728084494671149, 46.899569201824832 ], [ 13.727681741506384, 46.899338458663976 ], [ 13.726772230463876, 46.898817313346164 ], [ 13.724548562677413, 46.898989769094975 ], [ 13.724072402132187, 46.899199624913955 ], [ 13.723525708704546, 46.899440494653071 ], [ 13.723516680067609, 46.8994444848461 ], [ 13.723506561686307, 46.899156676287888 ], [ 13.722753308233447, 46.898689307814109 ], [ 13.722453188878664, 46.898505522241912 ], [ 13.720018026761702, 46.897014271019003 ], [ 13.719516233910172, 46.896712933620677 ], [ 13.718663568128504, 46.896229860926333 ], [ 13.718245928054486, 46.896145801155875 ], [ 13.717815550924159, 46.896042797498907 ], [ 13.717076792639723, 46.895897737706662 ], [ 13.716850716445945, 46.895965358146292 ], [ 13.716330253638278, 46.89616651351183 ], [ 13.715700511899307, 46.89573809157897 ], [ 13.715295595064426, 46.895505242489307 ], [ 13.714455322737738, 46.895021736617508 ], [ 13.711322403338794, 46.894550400170274 ], [ 13.71055780901745, 46.894717791736419 ], [ 13.709659791383093, 46.894914414963566 ], [ 13.708359385592079, 46.894823171694263 ], [ 13.707096861123965, 46.895433715367353 ], [ 13.707093590979891, 46.895435345785437 ], [ 13.706996784640408, 46.895482184481779 ], [ 13.706821348943981, 46.895528742605983 ], [ 13.706279125769793, 46.895682684463068 ], [ 13.705320537642301, 46.895800561039145 ], [ 13.704420985220954, 46.896102423202564 ], [ 13.704316747087146, 46.896100515295373 ], [ 13.703696364937148, 46.896116312991857 ], [ 13.703542609100277, 46.896128873001189 ], [ 13.703430607499705, 46.896105394684668 ], [ 13.701625655240651, 46.895813539166632 ], [ 13.700268963721969, 46.895898565106016 ], [ 13.699594500856199, 46.896123986829664 ], [ 13.698897871028246, 46.896295398684572 ], [ 13.697901797849431, 46.896540473836552 ], [ 13.697275569758116, 46.896316730994805 ], [ 13.69594652629366, 46.896801842994797 ], [ 13.695394140425035, 46.896684118503629 ], [ 13.694209951338244, 46.896950547657568 ], [ 13.69336921089141, 46.896974099236523 ], [ 13.693301548657235, 46.896965316462349 ], [ 13.692137497373063, 46.896813977326261 ], [ 13.692105156579903, 46.896806701526735 ], [ 13.690745525311456, 46.896499134263223 ], [ 13.690697409092191, 46.896488308699055 ], [ 13.690667960722472, 46.896481653214728 ], [ 13.689809320701745, 46.896438470481783 ], [ 13.688307730204363, 46.89580352744683 ], [ 13.688169684891816, 46.895692206252228 ], [ 13.687709899527759, 46.895046967291243 ], [ 13.687382518369903, 46.895045202146385 ], [ 13.686847997502854, 46.895042373400166 ], [ 13.685674959750369, 46.89475377821617 ], [ 13.684117240665621, 46.894370625808854 ], [ 13.684061957737056, 46.894367287896813 ], [ 13.683273550765657, 46.894319339244738 ], [ 13.682481205696718, 46.894271127321105 ], [ 13.681820043689958, 46.894230874199714 ], [ 13.680136925686099, 46.893572267677136 ], [ 13.679270677493557, 46.892693574145007 ], [ 13.678983335665645, 46.89248840001715 ], [ 13.678623805804966, 46.891797919026892 ], [ 13.678670783061456, 46.89165452927503 ], [ 13.677716265103802, 46.89100005082998 ], [ 13.675838693994487, 46.890327125814288 ], [ 13.67532253949245, 46.88984576940129 ], [ 13.675147056834351, 46.889682087867307 ], [ 13.674249428718621, 46.889475233723246 ], [ 13.673418843070106, 46.889283827434369 ], [ 13.672414266676396, 46.889221966110576 ], [ 13.670840462122932, 46.888600326144903 ], [ 13.669204143387182, 46.88819497921682 ], [ 13.668578177314988, 46.887748829913967 ], [ 13.667610629034263, 46.885845848700669 ], [ 13.667402030404212, 46.88550211538363 ], [ 13.667370370153956, 46.885371649476269 ], [ 13.667173817143041, 46.884562689450455 ], [ 13.667042027118317, 46.884348928359998 ], [ 13.667028927572682, 46.884122580147832 ], [ 13.667205889843245, 46.883901520105375 ], [ 13.667664922296106, 46.883541959308758 ], [ 13.66893693118652, 46.882764916553128 ], [ 13.669077461242496, 46.881701039465483 ], [ 13.669356576835746, 46.880868176520138 ], [ 13.669582362485606, 46.880194553969886 ], [ 13.669832753863925, 46.880051193304524 ], [ 13.669865181148593, 46.880032741201298 ], [ 13.67016148088303, 46.879927844233777 ], [ 13.669969502290106, 46.879389171980684 ], [ 13.670217380022706, 46.879098252569882 ], [ 13.670220573300874, 46.878980820630126 ], [ 13.670369153054079, 46.878696314963975 ], [ 13.670167005611125, 46.878520198235279 ], [ 13.670391358433106, 46.878348660433453 ], [ 13.670757942812292, 46.878320304527101 ], [ 13.671194482876171, 46.878273652871371 ], [ 13.671513254948772, 46.878299874460289 ], [ 13.671659363390598, 46.878309155517769 ], [ 13.672291106371881, 46.878295298121024 ], [ 13.672696432463104, 46.878169192813473 ], [ 13.672934651118021, 46.878095145488338 ], [ 13.673442563101551, 46.877862374593775 ], [ 13.673612507217362, 46.877700351667926 ], [ 13.674072439801623, 46.877516940628688 ], [ 13.674173200088772, 46.877452932177093 ], [ 13.674363872211631, 46.877331696109259 ], [ 13.674882515551658, 46.877157912543595 ], [ 13.674974129020313, 46.876957073072724 ], [ 13.675149854114025, 46.876776944611308 ], [ 13.674787696701371, 46.876511610287025 ], [ 13.674734464944263, 46.876354577740379 ], [ 13.674614094802072, 46.875999794072058 ], [ 13.674728508104334, 46.875814632352437 ], [ 13.674434600925849, 46.875489435025507 ], [ 13.674398070888177, 46.875522207456363 ], [ 13.674417326993929, 46.875578566191294 ], [ 13.674162494827188, 46.875760911311637 ], [ 13.67396709220092, 46.87590078692179 ], [ 13.673618625980236, 46.875989474625349 ], [ 13.67336338441272, 46.876190624754393 ], [ 13.6731731377057, 46.87602887426042 ], [ 13.673118502329455, 46.875774488029762 ], [ 13.67305172971286, 46.87557142617397 ], [ 13.673052282847024, 46.875473077590165 ], [ 13.672976701030343, 46.875369918699256 ], [ 13.672965939125184, 46.87518450451131 ], [ 13.672958705897264, 46.875058555777422 ], [ 13.67277938192119, 46.874510132595809 ], [ 13.672509896627457, 46.874122771658847 ], [ 13.67263816594645, 46.873970052914366 ], [ 13.672571465801671, 46.873798303227268 ], [ 13.67269501413719, 46.873646138441039 ], [ 13.672722031626492, 46.87335623544115 ], [ 13.672782138626696, 46.873132007752211 ], [ 13.673430528740704, 46.872878840029131 ], [ 13.673503947986283, 46.872890406600085 ], [ 13.673508379153507, 46.872865199192674 ], [ 13.673784490450835, 46.872544763892087 ], [ 13.673727504995567, 46.87237415538366 ], [ 13.673487511196214, 46.871940458940138 ], [ 13.673573332731202, 46.871860389678837 ], [ 13.673696327591747, 46.871745926600205 ], [ 13.673489572257282, 46.871462304957056 ], [ 13.673486523376717, 46.8711084271742 ], [ 13.673614385386474, 46.870770442005877 ], [ 13.673522200761221, 46.870532095166006 ], [ 13.673525023115547, 46.870111525388026 ], [ 13.673432643768583, 46.869986192542136 ], [ 13.673809294850081, 46.869592302115223 ], [ 13.673847386678618, 46.869455599557753 ], [ 13.673721819521353, 46.869084904422401 ], [ 13.673716202253708, 46.869068185247073 ], [ 13.673822360718891, 46.868783982509697 ], [ 13.673967993463522, 46.868661442881468 ], [ 13.674068703805728, 46.868161846866563 ], [ 13.674062264386571, 46.867893729190818 ], [ 13.674112067116248, 46.867803690319121 ], [ 13.674169780830978, 46.867699320955339 ], [ 13.674185137429006, 46.867515987719578 ], [ 13.674109296837976, 46.86737099022541 ], [ 13.67410424875291, 46.867361197729679 ], [ 13.674088310445207, 46.86733074288572 ], [ 13.673853528673327, 46.867072940326302 ], [ 13.673818514234576, 46.866972629260388 ], [ 13.673793540587388, 46.865980777261051 ], [ 13.673731273728366, 46.865721735450784 ], [ 13.673912156481174, 46.865532685419048 ], [ 13.674096827829761, 46.865402829786923 ], [ 13.674207447812833, 46.865325114766279 ], [ 13.674213982590141, 46.865218830026194 ], [ 13.674277058651825, 46.864887067826636 ], [ 13.674407798029756, 46.864796514982501 ], [ 13.674372481895929, 46.864689996460207 ], [ 13.674303190718105, 46.864481454287166 ], [ 13.674295785370193, 46.864185536078502 ], [ 13.674707044190335, 46.863590525463252 ], [ 13.674807268878624, 46.863447246606079 ], [ 13.675090878448893, 46.863322759371755 ], [ 13.675165570645524, 46.862860402227824 ], [ 13.67520455283727, 46.862618511207643 ], [ 13.675163947106078, 46.862566716075634 ], [ 13.675002977764409, 46.862361060656504 ], [ 13.675272433080348, 46.861912871691636 ], [ 13.67553280374219, 46.861766318750156 ], [ 13.675681557141868, 46.861724658438945 ], [ 13.675914637219622, 46.861659168175919 ], [ 13.676212881621147, 46.861385088888412 ], [ 13.676321168005266, 46.861069114770018 ], [ 13.676279426940729, 46.860963246174173 ], [ 13.676240751773889, 46.860864926497854 ], [ 13.676242519065232, 46.860813453222384 ], [ 13.676245312763305, 46.860738042454138 ], [ 13.67647698875594, 46.860251993988015 ], [ 13.676459997771827, 46.859997045371621 ], [ 13.676541009196225, 46.859845995059267 ], [ 13.676579507076925, 46.859774435042979 ], [ 13.676895488424639, 46.859384947190073 ], [ 13.677341881328299, 46.859142087496139 ], [ 13.677763352255221, 46.858535067380757 ], [ 13.678141529821781, 46.858353777751226 ], [ 13.678481913549357, 46.858190597930268 ], [ 13.678133982983603, 46.858201196561708 ], [ 13.678080441980917, 46.858197670583571 ], [ 13.677989239063228, 46.85819173990599 ], [ 13.677827068138578, 46.858063564003487 ], [ 13.677620978697131, 46.85812150787455 ], [ 13.675856101938523, 46.858284633643294 ], [ 13.675160081555294, 46.858271172315916 ], [ 13.674692665180578, 46.858220404806694 ], [ 13.674050596646063, 46.858100310879223 ], [ 13.673709233760531, 46.858036454623402 ], [ 13.673178827986343, 46.857874044638059 ], [ 13.671779285695482, 46.857746321972392 ], [ 13.671299262767311, 46.857702407590942 ], [ 13.671025980493416, 46.857677399691113 ], [ 13.670580333149228, 46.857841752666886 ], [ 13.670104716839811, 46.857893080689379 ], [ 13.669912865589435, 46.857913779874025 ], [ 13.669619370234791, 46.857934582951764 ], [ 13.669099193855466, 46.857971444620759 ], [ 13.668498299173153, 46.857932061044856 ], [ 13.667958263233441, 46.858019085516425 ], [ 13.667576627389041, 46.858068334326198 ], [ 13.667448838553891, 46.858084817998119 ], [ 13.667280700093396, 46.858013295368657 ], [ 13.666630417046719, 46.85773663852553 ], [ 13.666369594380381, 46.857734104390673 ], [ 13.66636952868364, 46.857734086588287 ], [ 13.666355883778873, 46.857754551947338 ], [ 13.66609147487322, 46.857738593889927 ], [ 13.665852272578686, 46.857705105241187 ], [ 13.66584400167199, 46.857703959825649 ] ] ] } },
{ "type": "Feature", "properties": { "name": "Krems in Kärnten", "feature_type": "circle", "metric_roundness": 53.95, "metric_rectangularity": 59.85, "metric_mobile_fit": 41.33, "metric_aspect_ratio": 1.149, "metric_area_km2": 445.04 }, "geometry": { "type": "Polygon", "coordinates": [ [ [ 13.814098177169095, 46.933278483970618 ], [ 13.813898648955185, 46.928075139393819 ], [ 13.813300611206417, 46.922885553382102 ], [ 13.812305703102693, 46.917723956430656 ], [ 13.810916651617969, 46.912604506381015 ], [ 13.809137264045818, 46.907541249503133 ], [ 13.806972417563882, 46.902548081839853 ], [ 13.804428045865903, 46.897638710921527 ], [ 13.801511122897836, 46.892826617958072 ], [ 13.798229643742792, 46.888125020614346 ], [ 13.794592602707038, 46.88354683647416 ], [ 13.790609968667249, 46.879104647296295 ], [ 13.786292657746495, 46.87481066416418 ], [ 13.78165250339392, 46.870676693628916 ], [ 13.776702223950069, 46.866714104942361 ], [ 13.771455387786808, 46.862933798474977 ], [ 13.76592637611736, 46.859346175409179 ], [ 13.760130343578391, 46.855961108796208 ], [ 13.754083176692214, 46.852787916060663 ], [ 13.747801450322932, 46.849835333032516 ], [ 13.741302382245886, 46.847111489582836 ], [ 13.734603785954926, 46.8446238869344 ], [ 13.727724021836877, 46.842379376713907 ], [ 13.720681946846977, 46.840384141807455 ], [ 13.713496862823286, 46.838643679075659 ], [ 13.706188463581684, 46.837162783979679 ], [ 13.698776780936491, 46.835945537163475 ], [ 13.691282129794656, 46.834995293032208 ], [ 13.683725052474017, 46.834314670360591 ], [ 13.676126262398217, 46.833905544959144 ], [ 13.668506587322677, 46.833769044420194 ], [ 13.660886912247134, 46.833905544959144 ], [ 13.653288122171334, 46.834314670360591 ], [ 13.645731044850693, 46.834995293032208 ], [ 13.63823639370886, 46.835945537163475 ], [ 13.630824711063667, 46.837162783979679 ], [ 13.623516311822065, 46.838643679075659 ], [ 13.616331227798375, 46.840384141807455 ], [ 13.609289152808474, 46.842379376713907 ], [ 13.602409388690425, 46.8446238869344 ], [ 13.595710792399466, 46.847111489582836 ], [ 13.58921172432242, 46.849835333032516 ], [ 13.582929997953137, 46.852787916060663 ], [ 13.576882831066959, 46.855961108796208 ], [ 13.571086798527991, 46.859346175409179 ], [ 13.565557786858543, 46.862933798474977 ], [ 13.560310950695282, 46.866714104942361 ], [ 13.55536067125143, 46.870676693628916 ], [ 13.550720516898856, 46.87481066416418 ], [ 13.546403205978102, 46.879104647296295 ], [ 13.542420571938312, 46.88354683647416 ], [ 13.53878353090256, 46.888125020614346 ], [ 13.535502051747514, 46.892826617958072 ], [ 13.532585128779449, 46.897638710921527 ], [ 13.530040757081467, 46.902548081839853 ], [ 13.527875910599533, 46.907541249503133 ], [ 13.52609652302738, 46.912604506381015 ], [ 13.524707471542659, 46.917723956430656 ], [ 13.523712563438933, 46.922885553382102 ], [ 13.523114525690167, 46.928075139393819 ], [ 13.522914997476256, 46.933278483970618 ], [ 13.523114525690167, 46.93848132303642 ], [ 13.523712563438933, 46.943669398053622 ], [ 13.524707471542659, 46.948828495081891 ], [ 13.52609652302738, 46.953944483669424 ], [ 13.527875910599533, 46.95900335547087 ], [ 13.530040757081467, 46.963991262487355 ], [ 13.532585128779449, 46.968894554825368 ], [ 13.535502051747514, 46.973699817873374 ], [ 13.53878353090256, 46.978393908796647 ], [ 13.542420571938312, 46.982963992253424 ], [ 13.546403205978102, 46.987397575237864 ], [ 13.550720516898856, 46.991682540957896 ], [ 13.55536067125143, 46.995807181659195 ], [ 13.560310950695282, 46.999760230309576 ], [ 13.565557786858543, 47.003530891061274 ], [ 13.571086798527991, 47.007108868412367 ], [ 13.576882831066959, 47.010484394992041 ], [ 13.582929997953137, 47.013648257898282 ], [ 13.58921172432242, 47.016591823520599 ], [ 13.595710792399466, 47.019307060784399 ], [ 13.602409388690425, 47.021786562757953 ], [ 13.609289152808474, 47.024023566567109 ], [ 13.616331227798375, 47.026011971567442 ], [ 13.623516311822065, 47.027746355728063 ], [ 13.630824711063667, 47.029221990185761 ], [ 13.63823639370886, 47.03043485193308 ], [ 13.645731044850693, 47.031381634608486 ], [ 13.653288122171334, 47.03205975736158 ], [ 13.660886912247134, 47.032467371771418 ], [ 13.668506587322677, 47.032603366800345 ], [ 13.676126262398217, 47.032467371771418 ], [ 13.683725052474017, 47.03205975736158 ], [ 13.691282129794656, 47.031381634608486 ], [ 13.698776780936488, 47.03043485193308 ], [ 13.706188463581684, 47.029221990185761 ], [ 13.713496862823286, 47.027746355728063 ], [ 13.720681946846977, 47.026011971567442 ], [ 13.727724021836877, 47.024023566567109 ], [ 13.734603785954926, 47.021786562757953 ], [ 13.741302382245886, 47.019307060784399 ], [ 13.747801450322932, 47.016591823520599 ], [ 13.754083176692214, 47.013648257898282 ], [ 13.760130343578391, 47.010484394992041 ], [ 13.76592637611736, 47.007108868412367 ], [ 13.771455387786808, 47.003530891061274 ], [ 13.776702223950069, 46.999760230309576 ], [ 13.78165250339392, 46.995807181659195 ], [ 13.786292657746495, 46.991682540957896 ], [ 13.790609968667249, 46.987397575237864 ], [ 13.794592602707038, 46.982963992253424 ], [ 13.798229643742792, 46.978393908796647 ], [ 13.801511122897836, 46.973699817873374 ], [ 13.804428045865903, 46.968894554825368 ], [ 13.806972417563882, 46.963991262487355 ], [ 13.809137264045818, 46.95900335547087 ], [ 13.810916651617969, 46.953944483669424 ], [ 13.812305703102693, 46.948828495081891 ], [ 13.813300611206417, 46.943669398053622 ], [ 13.813898648955185, 46.93848132303642 ], [ 13.814098177169095, 46.933278483970618 ] ] ] } },
{ "type": "Feature", "properties": { "name": "Krems in Kärnten", "feature_type": "mrr", "metric_roundness": 53.95, "metric_rectangularity": 59.85, "metric_mobile_fit": 41.33, "metric_aspect_ratio": 1.149, "metric_area_km2": 445.04 }, "geometry": { "type": "Polygon", "coordinates": [ [ [ 13.547175466499452, 47.003180014306231 ], [ 13.809389965294766, 47.007627748447028 ], [ 13.815078497621995, 46.851452424567817 ], [ 13.55286399882668, 46.846991703088584 ], [ 13.547175466499452, 47.003180014306231 ] ] ] } }
]
}
