{
"type": "FeatureCollection",
"name": "tweng",
"crs": { "type": "name", "properties": { "name": "urn:ogc:def:crs:OGC:1.3:CRS84" } },
"features": [
{ "type": "Feature", "properties": { "name": "Tweng", "feature_type": "entity", "metric_roundness": 36.78, "metric_rectangularity": 58.27, "metric_mobile_fit": 28.34, "metric_aspect_ratio": 1.279, "metric_area_km2": 187.59 }, "geometry": { "type": "Polygon", "coordinates": [ [ [ 13.65321390954818, 47.177878819608615 ], [ 13.654139097138014, 47.177586018606327 ], [ 13.655612792197754, 47.176154399372336 ], [ 13.65645634575176, 47.175122371283329 ], [ 13.656455124136828, 47.175121124057334 ], [ 13.658657890021756, 47.173799595096675 ], [ 13.658781575110959, 47.173725378509459 ], [ 13.659208126971057, 47.173112658231439 ], [ 13.659741590668219, 47.172346343124623 ], [ 13.660168255008909, 47.171565278872187 ], [ 13.661428268774497, 47.170314899279497 ], [ 13.662028544849127, 47.169738315200611 ], [ 13.662874962124256, 47.169166603029012 ], [ 13.66287588536292, 47.169166546368665 ], [ 13.663076962606162, 47.168727896627978 ], [ 13.663128640645466, 47.168615184293003 ], [ 13.66333951535519, 47.168155144867157 ], [ 13.663729755344885, 47.16730398949818 ], [ 13.664269697159742, 47.166679862084997 ], [ 13.664485023875528, 47.166428106788985 ], [ 13.664602922263198, 47.166293426324287 ], [ 13.665273572433472, 47.165540424716056 ], [ 13.66596619829228, 47.16450851262401 ], [ 13.666158858748613, 47.164221548905893 ], [ 13.666445695970269, 47.163868805115378 ], [ 13.666313598982006, 47.163842018347076 ], [ 13.665903042177899, 47.163758729542145 ], [ 13.665858789386599, 47.163749681100533 ], [ 13.665592615022453, 47.16369566194512 ], [ 13.665230803589065, 47.163622215951136 ], [ 13.66461259566104, 47.163496698400294 ], [ 13.663908793233746, 47.163353790490191 ], [ 13.663901659742674, 47.163352281586 ], [ 13.663868315807971, 47.163336542299923 ], [ 13.66332382713898, 47.163078535770488 ], [ 13.663098888527172, 47.162972023944391 ], [ 13.663042184044535, 47.162997022226115 ], [ 13.663004556364568, 47.163013597245431 ], [ 13.662041228761652, 47.163438201579311 ], [ 13.661870453651174, 47.163513376615398 ], [ 13.661468710471008, 47.163690425057425 ], [ 13.661287642233775, 47.163782454801847 ], [ 13.660909021269172, 47.163707819843303 ], [ 13.66000087155491, 47.163528791842964 ], [ 13.659915031111085, 47.163510331800317 ], [ 13.659254859762624, 47.163532928617308 ], [ 13.65901801447434, 47.163507900030197 ], [ 13.658028407166315, 47.163117703921458 ], [ 13.657367045592551, 47.162856853222223 ], [ 13.656282907507331, 47.162407525630222 ], [ 13.654757853790647, 47.161733499195677 ], [ 13.653919497105038, 47.161670540334832 ], [ 13.653105136325173, 47.161277378294749 ], [ 13.652403112570665, 47.160741010289449 ], [ 13.652375679104965, 47.16072012232555 ], [ 13.652371039186248, 47.160716356256735 ], [ 13.652241508268078, 47.160609375542712 ], [ 13.651873291302671, 47.1602979131534 ], [ 13.651250078142336, 47.159766536130419 ], [ 13.650581044114475, 47.159203431248791 ], [ 13.649799159949545, 47.158539231113849 ], [ 13.649480253689676, 47.158262895260236 ], [ 13.649432827354444, 47.158251329887953 ], [ 13.649389628138529, 47.158240742512007 ], [ 13.649253028513934, 47.15820720016783 ], [ 13.649202564005661, 47.158194923311648 ], [ 13.649113259417021, 47.158173036610826 ], [ 13.64855127688088, 47.158035398965417 ], [ 13.648490567771185, 47.157986259165412 ], [ 13.648462598914042, 47.157963572184961 ], [ 13.648400299534739, 47.157913177048783 ], [ 13.648322125024983, 47.157899446911358 ], [ 13.647767776047697, 47.157802454368344 ], [ 13.64751674819364, 47.157758518754768 ], [ 13.64732316282565, 47.157724681568943 ], [ 13.646921892529546, 47.157681699069464 ], [ 13.646819858885204, 47.1576707330074 ], [ 13.64657104524264, 47.157644065002302 ], [ 13.646529388083716, 47.157648678592871 ], [ 13.646218382532933, 47.157656282700621 ], [ 13.646204005859618, 47.157656592172671 ], [ 13.646178286459181, 47.157657202768476 ], [ 13.646156655758929, 47.157657712137919 ], [ 13.645639104411867, 47.157670381310467 ], [ 13.645599536491257, 47.15767138970277 ], [ 13.645280221354888, 47.157679194012211 ], [ 13.644618876518335, 47.157645644096675 ], [ 13.644529185700751, 47.157647329118817 ], [ 13.642995732711656, 47.15767562748195 ], [ 13.641333016947263, 47.157706234743543 ], [ 13.640096567877308, 47.157314301936466 ], [ 13.639827104960084, 47.157228919229595 ], [ 13.638832363511822, 47.15690983335918 ], [ 13.637620220948953, 47.156701093741475 ], [ 13.636662867145558, 47.156917348249173 ], [ 13.636373682343336, 47.157049306920605 ], [ 13.635502962182716, 47.157446716534984 ], [ 13.634753357471796, 47.157571795059972 ], [ 13.634628686830631, 47.157592640302433 ], [ 13.633298960730579, 47.157444721275787 ], [ 13.632971070504952, 47.15749903232372 ], [ 13.632873810233862, 47.157515124587789 ], [ 13.632853382951582, 47.15751850755872 ], [ 13.632669405892081, 47.157549044455877 ], [ 13.63162865130211, 47.157063737491036 ], [ 13.630897396740439, 47.156722746421941 ], [ 13.630198491945571, 47.156291688251628 ], [ 13.628874138534606, 47.155585930009401 ], [ 13.628585679325782, 47.155329881846718 ], [ 13.628504815331922, 47.155258019319724 ], [ 13.628443438367327, 47.155203471937526 ], [ 13.628377157486183, 47.1551447082755 ], [ 13.627551967194192, 47.154412085196569 ], [ 13.627242708705621, 47.154137461993678 ], [ 13.627229851254603, 47.154126157984997 ], [ 13.627210762441832, 47.154109111481368 ], [ 13.626668343183324, 47.15362759957582 ], [ 13.626489747967895, 47.15362779005924 ], [ 13.625851870074301, 47.153628442460459 ], [ 13.624494771234071, 47.152893834761862 ], [ 13.623861876823343, 47.152551197208986 ], [ 13.623816639814216, 47.151903111199537 ], [ 13.623869903123724, 47.151682529043747 ], [ 13.623892084470985, 47.151590514859059 ], [ 13.624064383724438, 47.150877538715605 ], [ 13.62407250871042, 47.150843956148236 ], [ 13.624286641019657, 47.149968012464932 ], [ 13.624797292721343, 47.149505567677096 ], [ 13.624813457791452, 47.149495088801181 ], [ 13.62478900712598, 47.149461949566778 ], [ 13.624722924772906, 47.149341368372099 ], [ 13.624716806608632, 47.14928415802153 ], [ 13.624707910500749, 47.1492014910054 ], [ 13.624679440778698, 47.149109066523494 ], [ 13.624676514445486, 47.149032682674139 ], [ 13.624678865833596, 47.14893271106201 ], [ 13.624641461844178, 47.148870452094158 ], [ 13.624615880904274, 47.148799614923099 ], [ 13.624606238363603, 47.14877300612067 ], [ 13.62459125703116, 47.148663001355949 ], [ 13.624590481948715, 47.14861801432599 ], [ 13.624588730592233, 47.148515443856617 ], [ 13.624592396343667, 47.148438593231312 ], [ 13.624630804568355, 47.148299928700574 ], [ 13.624629938231445, 47.148190427654335 ], [ 13.624620046072877, 47.148142404719792 ], [ 13.62452188305746, 47.1479677387834 ], [ 13.624453370335187, 47.147836456262887 ], [ 13.624387725511832, 47.147722982012624 ], [ 13.624313886079117, 47.147654247772913 ], [ 13.624294352813902, 47.147531747662057 ], [ 13.624179845964679, 47.147430545316489 ], [ 13.62405876654217, 47.14733322871254 ], [ 13.623987740625338, 47.14724829102385 ], [ 13.623959004504158, 47.147178991391684 ], [ 13.62388099258713, 47.14704665306278 ], [ 13.623796329805201, 47.1470000807345 ], [ 13.623698432356566, 47.146945084197391 ], [ 13.623471683833936, 47.146673749243448 ], [ 13.623242942954853, 47.146375335528603 ], [ 13.623210353947877, 47.146348785096173 ], [ 13.621177861616474, 47.144695922099125 ], [ 13.620383533162787, 47.143745062360274 ], [ 13.619496537189924, 47.143406460944988 ], [ 13.61819192666997, 47.143048294505903 ], [ 13.617365427550038, 47.142821457661569 ], [ 13.617253190642712, 47.142745706493621 ], [ 13.617150951553294, 47.142640687403279 ], [ 13.617036805960312, 47.142700807615753 ], [ 13.616758373341172, 47.14279120998868 ], [ 13.616665070377842, 47.142877281528925 ], [ 13.61654685920765, 47.142941820299349 ], [ 13.616442973499627, 47.142972581523082 ], [ 13.616247563911223, 47.143003030512908 ], [ 13.61599795102302, 47.143057817996393 ], [ 13.615959572376404, 47.1430820274947 ], [ 13.615824177752746, 47.142991126187788 ], [ 13.615722312024047, 47.142955657908573 ], [ 13.615633022537201, 47.142953900079277 ], [ 13.61550491838176, 47.142993538409542 ], [ 13.615472569822607, 47.142986240472602 ], [ 13.615428261406267, 47.143036108239784 ], [ 13.615412923655278, 47.143053332087995 ], [ 13.615303965845488, 47.143097601554771 ], [ 13.615260184130179, 47.143048312168936 ], [ 13.615155584271049, 47.143019418557436 ], [ 13.61508498831161, 47.143011495464812 ], [ 13.615029070445621, 47.14303583808023 ], [ 13.614827938967412, 47.143056851112789 ], [ 13.614653835585413, 47.143250374772144 ], [ 13.614592516188521, 47.143300644203165 ], [ 13.614495204212767, 47.143278300355632 ], [ 13.614465940347754, 47.143255878199184 ], [ 13.614336356795972, 47.143265556187671 ], [ 13.614289573919425, 47.143321548127169 ], [ 13.614257516490881, 47.143393969648706 ], [ 13.614139673892922, 47.143305002502402 ], [ 13.614038639256982, 47.14325207493188 ], [ 13.613935653627284, 47.143278872608263 ], [ 13.613780963748122, 47.143304088129625 ], [ 13.613700572157608, 47.143289260028183 ], [ 13.613631870039381, 47.143315253076857 ], [ 13.613509408569172, 47.143449712073355 ], [ 13.613451419986129, 47.143531554962124 ], [ 13.613262879865426, 47.143564951173403 ], [ 13.61309545203496, 47.143525772859213 ], [ 13.612971427015117, 47.143514380763186 ], [ 13.612855913759217, 47.143566492085618 ], [ 13.612803903888368, 47.143631943947923 ], [ 13.612702111981454, 47.143685281083641 ], [ 13.612596560321107, 47.143850919913476 ], [ 13.612432283359492, 47.143859151295707 ], [ 13.612321230975196, 47.143832070478439 ], [ 13.612281696055586, 47.143812462278518 ], [ 13.612199972442117, 47.143820220864143 ], [ 13.61213887068963, 47.143862300432687 ], [ 13.61209621547234, 47.143901275499431 ], [ 13.612034206887213, 47.14389638871593 ], [ 13.611950464231098, 47.143896413961905 ], [ 13.611850074065003, 47.143915645234308 ], [ 13.611773030915476, 47.14396082289894 ], [ 13.611718767064321, 47.143949078652497 ], [ 13.611637418448206, 47.143952966861598 ], [ 13.611524227535972, 47.143995713430655 ], [ 13.611503816902083, 47.144026625813261 ], [ 13.611399679889661, 47.144035608360461 ], [ 13.611057871370758, 47.144064786699708 ], [ 13.610593435127599, 47.144122966037237 ], [ 13.61011011257809, 47.144176060700346 ], [ 13.609958212364884, 47.14418074924469 ], [ 13.609612481872091, 47.144191577271201 ], [ 13.609331533520111, 47.1442333794242 ], [ 13.609199360668701, 47.14425295542209 ], [ 13.608849075831081, 47.144301043064885 ], [ 13.608781865474105, 47.144310293657036 ], [ 13.608412754980783, 47.144390277760493 ], [ 13.608355728903417, 47.144430635848217 ], [ 13.608244991520056, 47.144438641711858 ], [ 13.608147201520294, 47.144527326432048 ], [ 13.608029822668511, 47.144602471711195 ], [ 13.607796865805792, 47.144718745879651 ], [ 13.607526173729413, 47.144831871351634 ], [ 13.607320556242513, 47.144930802845188 ], [ 13.607227018174706, 47.144975117379055 ], [ 13.607131637825626, 47.145020246072981 ], [ 13.606866938289487, 47.14514514265543 ], [ 13.606655362846883, 47.145240038261861 ], [ 13.606433074167459, 47.145329110633099 ], [ 13.606235162692032, 47.14541425501838 ], [ 13.606160910538001, 47.145439357079944 ], [ 13.606096730437411, 47.145525170064936 ], [ 13.605909934876019, 47.145515450438943 ], [ 13.6057612372765, 47.145656352342648 ], [ 13.605639020609452, 47.145740774457934 ], [ 13.605513722161783, 47.145815846108199 ], [ 13.605308083483964, 47.145860787215675 ], [ 13.605121070490434, 47.145885978263621 ], [ 13.605050204505963, 47.145902973487843 ], [ 13.605028171883278, 47.14595278394286 ], [ 13.604964986668794, 47.14602734665911 ], [ 13.604825680973464, 47.146148789653815 ], [ 13.604592333053287, 47.14634585836356 ], [ 13.604542994048636, 47.146394564138909 ], [ 13.604374110243413, 47.146560886132093 ], [ 13.604341378946035, 47.146607752675777 ], [ 13.604248089986008, 47.146650264592367 ], [ 13.604220350763901, 47.146693340133915 ], [ 13.604172294515012, 47.146786671756047 ], [ 13.604017808551603, 47.146751498281752 ], [ 13.60387899637044, 47.146738061976045 ], [ 13.6037320249625, 47.146753887736871 ], [ 13.603666596779442, 47.146802991294749 ], [ 13.603615302128002, 47.146856380166057 ], [ 13.603575711537625, 47.146903172811037 ], [ 13.603554047044058, 47.146947943333224 ], [ 13.603512770073463, 47.146922757601956 ], [ 13.603353572734404, 47.146946440000043 ], [ 13.603357306196546, 47.146980262844657 ], [ 13.603295310696382, 47.147004344166248 ], [ 13.603208296738964, 47.146958661939472 ], [ 13.603118035544536, 47.146948618618048 ], [ 13.602923863932036, 47.146993438219837 ], [ 13.6028414077369, 47.146988055029546 ], [ 13.602756312495769, 47.146982408098083 ], [ 13.602667670070529, 47.14703129614032 ], [ 13.602610831259831, 47.147135805159607 ], [ 13.60237480018972, 47.147040987182407 ], [ 13.602299120800444, 47.146993657843979 ], [ 13.602205839937614, 47.146908399379036 ], [ 13.602086427890697, 47.146871520753123 ], [ 13.601929468581343, 47.146946483299075 ], [ 13.601801731959645, 47.146906474808397 ], [ 13.60173236719849, 47.146933901858738 ], [ 13.601703146815124, 47.146945398018687 ], [ 13.60161454808531, 47.147029106600144 ], [ 13.601576672168287, 47.147128351640497 ], [ 13.601548126905637, 47.147168999020941 ], [ 13.601511724570742, 47.147220732209767 ], [ 13.601464132891911, 47.147276630754554 ], [ 13.601293724872338, 47.147378797463695 ], [ 13.601084855797435, 47.147308476790307 ], [ 13.601005470425864, 47.147310553208996 ], [ 13.600888898825492, 47.14723551599652 ], [ 13.600750091739204, 47.147170968395542 ], [ 13.600743350032236, 47.147220112203101 ], [ 13.600633914638726, 47.147304498855775 ], [ 13.600555987711989, 47.147386471941054 ], [ 13.600487624909407, 47.147351361209182 ], [ 13.600288480551809, 47.147326185156025 ], [ 13.600160724693961, 47.147491594497595 ], [ 13.600093995800874, 47.14759747511885 ], [ 13.600056216380283, 47.147716514561019 ], [ 13.599975156220802, 47.147805152958732 ], [ 13.599962230915441, 47.147883644020197 ], [ 13.599970943180965, 47.147963703951987 ], [ 13.599966326264246, 47.148042085554529 ], [ 13.599894856098254, 47.14809713963875 ], [ 13.599691112715774, 47.148154483077128 ], [ 13.599450944866296, 47.148207322517194 ], [ 13.599183707785484, 47.148201379169507 ], [ 13.599075656240622, 47.148194523457185 ], [ 13.599012039515937, 47.148159040839026 ], [ 13.59893866303344, 47.148228675197544 ], [ 13.598897311151363, 47.148293465898391 ], [ 13.598852900382006, 47.14837949851578 ], [ 13.598774830464217, 47.148460121031349 ], [ 13.598734827008281, 47.148504573513392 ], [ 13.598642848454505, 47.148573261332068 ], [ 13.598549067856766, 47.148650861092435 ], [ 13.598428641389315, 47.148727713089826 ], [ 13.598368990742975, 47.148825838078821 ], [ 13.598316878286967, 47.148928084455285 ], [ 13.598337145411218, 47.148998309983625 ], [ 13.598421690015194, 47.149130470458928 ], [ 13.598466607635585, 47.14967194282535 ], [ 13.598564198696121, 47.149906917531098 ], [ 13.59854137188848, 47.150010355388041 ], [ 13.598507340461259, 47.150115079056668 ], [ 13.598516259877622, 47.1502105248234 ], [ 13.598555589931397, 47.150373563060754 ], [ 13.598517849766207, 47.150448872602055 ], [ 13.598567550668863, 47.150575805508389 ], [ 13.598550486985689, 47.150697585414349 ], [ 13.598496252474781, 47.150876767916394 ], [ 13.598477142873683, 47.15090614526801 ], [ 13.59840685553263, 47.151014102646627 ], [ 13.598373868489663, 47.151222208445084 ], [ 13.598441238630592, 47.151321746938763 ], [ 13.598350596065572, 47.151447567350623 ], [ 13.598413735417973, 47.151545046226644 ], [ 13.59855744140026, 47.151637928291215 ], [ 13.598542978131206, 47.151673323335608 ], [ 13.598586955483016, 47.15178965218027 ], [ 13.598592166651944, 47.151855683806119 ], [ 13.598482030986579, 47.152355767864492 ], [ 13.59836672727339, 47.152693453736795 ], [ 13.598399618011237, 47.152913642972791 ], [ 13.598339387696187, 47.153002321579663 ], [ 13.598327919262216, 47.153135425606095 ], [ 13.598192560547631, 47.153261619981969 ], [ 13.598170370383787, 47.15338728079255 ], [ 13.598108962824462, 47.153557212048383 ], [ 13.59812359166308, 47.153660202674004 ], [ 13.598109386383273, 47.15377369786313 ], [ 13.598044347564738, 47.153903417416259 ], [ 13.597913877071997, 47.154110850101709 ], [ 13.597842688619769, 47.154277114861458 ], [ 13.597753198548354, 47.154502897504962 ], [ 13.597695203943751, 47.154722848285694 ], [ 13.597670902198448, 47.154875057364855 ], [ 13.597634998596257, 47.154975646095764 ], [ 13.597559482146082, 47.155068048883592 ], [ 13.597418426697292, 47.155164202930521 ], [ 13.597265965020796, 47.155300873314594 ], [ 13.597187216221853, 47.155406600077292 ], [ 13.597153147772167, 47.155452207911345 ], [ 13.597061255023126, 47.155567412749122 ], [ 13.596907580922391, 47.155831854033394 ], [ 13.596800643604103, 47.156025374264914 ], [ 13.596676990149048, 47.156252854752886 ], [ 13.596565064145061, 47.156451515042541 ], [ 13.596462037600787, 47.156583121120491 ], [ 13.596346196183417, 47.156737431158746 ], [ 13.596238828056443, 47.156871566449368 ], [ 13.596126931571582, 47.15699707422452 ], [ 13.596038802264342, 47.157074208883728 ], [ 13.596015978160249, 47.157179805627813 ], [ 13.59587920929283, 47.157370604541335 ], [ 13.595820411146006, 47.157430755481123 ], [ 13.595808233994642, 47.157502226000787 ], [ 13.595798312236198, 47.157576300671998 ], [ 13.595767627766303, 47.157639805863148 ], [ 13.595694314637283, 47.157725723891886 ], [ 13.595676297462404, 47.157790009637957 ], [ 13.595649607871641, 47.15783452025439 ], [ 13.595606739847129, 47.157861882401328 ], [ 13.595588429189272, 47.157893596826618 ], [ 13.595564196304405, 47.157928114216269 ], [ 13.595507346884471, 47.157982411936658 ], [ 13.595455522928436, 47.158039307404522 ], [ 13.595418896385402, 47.158101746457611 ], [ 13.595420681199275, 47.158142502311357 ], [ 13.595431978857242, 47.158186295491348 ], [ 13.595566028516576, 47.158351095870557 ], [ 13.595534590628624, 47.158422430803739 ], [ 13.595532141890615, 47.158487310477852 ], [ 13.595534131336775, 47.158516098803332 ], [ 13.595557336910103, 47.158513795860507 ], [ 13.595591889243574, 47.15851191664008 ], [ 13.59561568177781, 47.158521579385884 ], [ 13.595648811275636, 47.158552005476977 ], [ 13.595680378370563, 47.158586574143236 ], [ 13.595695623796621, 47.158601745234897 ], [ 13.595717016356355, 47.15865946166668 ], [ 13.595714001668705, 47.158689971111656 ], [ 13.595692383578712, 47.158719803646029 ], [ 13.595691442468189, 47.158742840145891 ], [ 13.595728773014612, 47.158795750985419 ], [ 13.595755532952111, 47.158818543622331 ], [ 13.59580245380829, 47.158890057725344 ], [ 13.59577495872634, 47.158905237447222 ], [ 13.595764677454659, 47.15890688077031 ], [ 13.595759694612751, 47.158912920782591 ], [ 13.595787943610874, 47.158943358093282 ], [ 13.595864617248692, 47.158976113039579 ], [ 13.59589771324393, 47.158999700819273 ], [ 13.595871766059448, 47.159034402183934 ], [ 13.595842449561252, 47.159054714863231 ], [ 13.595839738720128, 47.159066688173191 ], [ 13.595863086471363, 47.159092997795725 ], [ 13.595906890396858, 47.159121149727468 ], [ 13.595914633216362, 47.159166210754073 ], [ 13.595954384931707, 47.159201840183478 ], [ 13.59600929738513, 47.159262088518048 ], [ 13.596027224578499, 47.1593125246876 ], [ 13.595978057562679, 47.159346739832898 ], [ 13.595991779707671, 47.159373881455629 ], [ 13.595989229828351, 47.15939170295713 ], [ 13.595948962412487, 47.159411681038804 ], [ 13.595896190677273, 47.159437266597791 ], [ 13.595910936428819, 47.15945801744023 ], [ 13.595893450147699, 47.159469844903526 ], [ 13.595865949880714, 47.159484034901837 ], [ 13.595854517861824, 47.159493059071934 ], [ 13.595853706491837, 47.159515645383308 ], [ 13.595862211356909, 47.159554766115839 ], [ 13.59586992607856, 47.159594158604875 ], [ 13.595839008425164, 47.159610875863727 ], [ 13.595778631995461, 47.159619293149674 ], [ 13.595752782720863, 47.159620612479365 ], [ 13.595764758231677, 47.159641369731609 ], [ 13.595791966126848, 47.159674598755863 ], [ 13.595801429903617, 47.1596942820658 ], [ 13.595811213307408, 47.159725211867674 ], [ 13.595819653012578, 47.1597511959882 ], [ 13.595837997608568, 47.159779406695563 ], [ 13.595852311736973, 47.159819503777371 ], [ 13.595876120083727, 47.159832225679494 ], [ 13.595904921177622, 47.15984088704851 ], [ 13.595920789350401, 47.159875131974566 ], [ 13.595943378594756, 47.15990801171359 ], [ 13.595946904878689, 47.159927438785957 ], [ 13.595975369681158, 47.159948067966567 ], [ 13.595965080441594, 47.159974725165455 ], [ 13.595959654253848, 47.159997772021441 ], [ 13.595965244777547, 47.160007836631536 ], [ 13.595999111525632, 47.160027103665655 ], [ 13.595995019255621, 47.160053116711687 ], [ 13.595990387254885, 47.160076701602151 ], [ 13.595987719715513, 47.160097402665251 ], [ 13.596022517542414, 47.160118197165737 ], [ 13.596024549899942, 47.160128989812947 ], [ 13.596006731540205, 47.160153684890744 ], [ 13.596026255144272, 47.160180183265872 ], [ 13.596040743430132, 47.160228737838224 ], [ 13.596040680161435, 47.160269138034444 ], [ 13.596049124532827, 47.16029602190504 ], [ 13.596038909110382, 47.160310981820238 ], [ 13.596004778010613, 47.160344802333491 ], [ 13.595987325399886, 47.160363468047841 ], [ 13.595973644357224, 47.160371237732477 ], [ 13.59595198687807, 47.160393242330365 ], [ 13.595952483997776, 47.160413666151946 ], [ 13.595951566190598, 47.160441381445203 ], [ 13.595952177813281, 47.160458295866675 ], [ 13.595969658424034, 47.160471842159339 ], [ 13.595986876993983, 47.160485748965804 ], [ 13.595957147013554, 47.16050264346773 ], [ 13.595939403259667, 47.160515821198487 ], [ 13.595945543833706, 47.160530383431272 ], [ 13.59592488447165, 47.160540868555991 ], [ 13.595917286142964, 47.1605781369217 ], [ 13.595913241323499, 47.160587144042836 ], [ 13.595880414864215, 47.16061808221508 ], [ 13.59584568392633, 47.160637417632117 ], [ 13.59582203054711, 47.160656007652982 ], [ 13.59577554425667, 47.160699034346138 ], [ 13.595752361990803, 47.160732829519631 ], [ 13.595705786040089, 47.160784404284989 ], [ 13.595655659784168, 47.160838326642398 ], [ 13.595615377854713, 47.160882238738672 ], [ 13.59557892055056, 47.160899328608252 ], [ 13.595502396799905, 47.160923978980414 ], [ 13.595405285110362, 47.160946967158544 ], [ 13.595394092007203, 47.160977675387812 ], [ 13.595361351921946, 47.160999525448318 ], [ 13.595297275122579, 47.161033594680781 ], [ 13.59509152764249, 47.161230220010879 ], [ 13.594078232720273, 47.162433661275124 ], [ 13.593570911255748, 47.163035964847246 ], [ 13.593441456403919, 47.163189763087203 ], [ 13.593308020925967, 47.163983492440742 ], [ 13.593311437041304, 47.164410249357758 ], [ 13.59308514099096, 47.165719493390192 ], [ 13.593020215201031, 47.165770209144299 ], [ 13.59297197268897, 47.165833123763591 ], [ 13.592932103114656, 47.165908526167605 ], [ 13.592912444151681, 47.165989011174361 ], [ 13.592912495470799, 47.166053255199827 ], [ 13.592858821260105, 47.166084779914755 ], [ 13.592820082242035, 47.166148662541048 ], [ 13.592771755776894, 47.16616766810295 ], [ 13.591467856999278, 47.168169220779042 ], [ 13.590574162795079, 47.168913921649619 ], [ 13.590393476192519, 47.169064502967423 ], [ 13.590366537010702, 47.169086878322183 ], [ 13.589758501963612, 47.169593565587014 ], [ 13.58971829028803, 47.169627127944246 ], [ 13.589441579528868, 47.169757679108272 ], [ 13.588399096985052, 47.170249500194345 ], [ 13.586857942039904, 47.170844638798989 ], [ 13.586804358177249, 47.17081416577043 ], [ 13.586751927765942, 47.170804115093389 ], [ 13.586673689388411, 47.170805189129261 ], [ 13.586589920996822, 47.170808704821269 ], [ 13.586494145704419, 47.170812247171995 ], [ 13.586430188668984, 47.170819857633269 ], [ 13.586381770682676, 47.170793511889187 ], [ 13.586334394094406, 47.170764194543338 ], [ 13.586246347082554, 47.170728309250656 ], [ 13.586146740755792, 47.170703246907259 ], [ 13.586035677787041, 47.170682888768781 ], [ 13.585962894803655, 47.170693487838292 ], [ 13.58589024674157, 47.170704716405886 ], [ 13.58579174027799, 47.170716542181303 ], [ 13.585698372704789, 47.170726916827796 ], [ 13.585603586545353, 47.170716509687473 ], [ 13.585516308768979, 47.170703476469903 ], [ 13.585505716670832, 47.170668138701146 ], [ 13.585481443642884, 47.170641469117918 ], [ 13.585403471836507, 47.170615368416222 ], [ 13.585364108135577, 47.170606097947136 ], [ 13.585315233815626, 47.170594599087806 ], [ 13.585238661282345, 47.170585231032234 ], [ 13.585132323987878, 47.170587355982782 ], [ 13.585060281666612, 47.170587245486367 ], [ 13.584965565769071, 47.170563790889567 ], [ 13.584903949721632, 47.17053648395688 ], [ 13.584785511595577, 47.170518840242622 ], [ 13.584685127092673, 47.170496387697774 ], [ 13.58454503295556, 47.170475102493732 ], [ 13.584387876443451, 47.17044503695621 ], [ 13.584242833675262, 47.170409635798642 ], [ 13.584122121460965, 47.170385338059582 ], [ 13.584003492951878, 47.170383080144845 ], [ 13.584005037670671, 47.170347085649688 ], [ 13.584038571100463, 47.170295544491914 ], [ 13.584016825271929, 47.170245114907942 ], [ 13.583978682611809, 47.170214966437221 ], [ 13.583948354001443, 47.170191009202703 ], [ 13.58388728526916, 47.170139766439874 ], [ 13.58386400506895, 47.17012749076337 ], [ 13.583811889926633, 47.170100162317382 ], [ 13.583724988564917, 47.17008271799282 ], [ 13.58359541935104, 47.170082553223374 ], [ 13.583543297582541, 47.170053785025758 ], [ 13.583485616441578, 47.170021249964861 ], [ 13.583510822946883, 47.169966578051849 ], [ 13.583524872234017, 47.169924167643138 ], [ 13.583490086534763, 47.169878355501211 ], [ 13.583470337537813, 47.169831520531005 ], [ 13.583423505304847, 47.169777276950086 ], [ 13.583348687186749, 47.169720035617843 ], [ 13.583270550988273, 47.169686555647615 ], [ 13.583155904629294, 47.169661073850257 ], [ 13.583021914742179, 47.169618628606273 ], [ 13.583008888316915, 47.169542356082815 ], [ 13.583009854842221, 47.169467582467583 ], [ 13.582819549968104, 47.169486085520035 ], [ 13.582814430954057, 47.169407816121726 ], [ 13.582759457652484, 47.169361688118308 ], [ 13.582724171972087, 47.169293562362057 ], [ 13.582684538302582, 47.169226705813799 ], [ 13.582677146376982, 47.169170036046019 ], [ 13.582608216155462, 47.169157950143749 ], [ 13.582514667909159, 47.169157525255592 ], [ 13.582487612361358, 47.169127891866459 ], [ 13.582437469286674, 47.169070685867531 ], [ 13.582376412201514, 47.169021331803641 ], [ 13.58232458523737, 47.168998770868072 ], [ 13.582298936073926, 47.168987579790731 ], [ 13.582233348684028, 47.168984844029993 ], [ 13.582132677292758, 47.168984704347572 ], [ 13.582049133055492, 47.168979218444221 ], [ 13.581958887840356, 47.168979685655884 ], [ 13.581869103115514, 47.168993918382569 ], [ 13.581791061792098, 47.169008305345002 ], [ 13.581718729306919, 47.169030237917866 ], [ 13.581640481023157, 47.169056772222113 ], [ 13.5815738743753, 47.16906177639116 ], [ 13.5814798120545, 47.169064231062855 ], [ 13.581435139276964, 47.169047862580207 ], [ 13.58137170117482, 47.16902514658031 ], [ 13.581291127517204, 47.169034140057946 ], [ 13.581204398629229, 47.169052954463183 ], [ 13.581167861095253, 47.168998777503717 ], [ 13.581127711098372, 47.168962064080702 ], [ 13.581069814677512, 47.168939335841323 ], [ 13.581038524020158, 47.168934905096428 ], [ 13.580997727428141, 47.16892914537371 ], [ 13.580975589022403, 47.168935042123465 ], [ 13.580929994909392, 47.168947288365864 ], [ 13.580837896275241, 47.168946409058009 ], [ 13.580815019016166, 47.168935391571651 ], [ 13.580792935085158, 47.168924732265786 ], [ 13.58071126894338, 47.168925809670306 ], [ 13.580636454802811, 47.168924982587825 ], [ 13.58058636837916, 47.168935888793051 ], [ 13.580574769503475, 47.168938433379907 ], [ 13.580563015140166, 47.168935939550941 ], [ 13.580522337084847, 47.168927300113317 ], [ 13.580424301229089, 47.168926433372818 ], [ 13.580315354751095, 47.168934228099232 ], [ 13.580298872851992, 47.16893651332677 ], [ 13.580230835473456, 47.168945928725449 ], [ 13.580123746150226, 47.168955878702953 ], [ 13.580039896142969, 47.168969647222944 ], [ 13.579947299088548, 47.16897506671674 ], [ 13.579866101209598, 47.168991708645997 ], [ 13.579802070071931, 47.169011462543651 ], [ 13.57966586923223, 47.169003299662819 ], [ 13.579581013785059, 47.168999524366392 ], [ 13.579471278326881, 47.169007949837095 ], [ 13.579348396174883, 47.16902657111774 ], [ 13.57923529627876, 47.169049220116875 ], [ 13.579115166285138, 47.169063876176452 ], [ 13.579035764179553, 47.169069536351294 ], [ 13.578977720807041, 47.169071821173816 ], [ 13.578907357347182, 47.169063425216152 ], [ 13.578846922361196, 47.169062116026439 ], [ 13.578751207311436, 47.169078068670039 ], [ 13.578674491507476, 47.169093980257038 ], [ 13.578572613975972, 47.169118313969015 ], [ 13.578484193369372, 47.169142438633614 ], [ 13.578410190187297, 47.169145837293676 ], [ 13.578344367676744, 47.169149308263343 ], [ 13.57830114615855, 47.169189711366364 ], [ 13.578156177577531, 47.169197221684001 ], [ 13.578080184395558, 47.169226807927224 ], [ 13.578029609354717, 47.16924635191836 ], [ 13.577945829071554, 47.169275414956111 ], [ 13.577826877235086, 47.169316790502407 ], [ 13.577712880336293, 47.16934546842181 ], [ 13.577613965874415, 47.169354498697523 ], [ 13.577499570051248, 47.169382547415708 ], [ 13.577357998534552, 47.169411554097287 ], [ 13.577234380309148, 47.169442591596777 ], [ 13.577153227308436, 47.169469308995993 ], [ 13.577115149977688, 47.169480997730304 ], [ 13.577086691027697, 47.169489786554813 ], [ 13.576993032264326, 47.169494126187459 ], [ 13.576897017610671, 47.169502609762105 ], [ 13.57678060015667, 47.169521574336891 ], [ 13.576683136554957, 47.169530600698309 ], [ 13.576608415137155, 47.169550105732597 ], [ 13.576516669991793, 47.169568927291479 ], [ 13.576413162200319, 47.169583454983041 ], [ 13.576324796555454, 47.169591201907529 ], [ 13.576175865065341, 47.169597998346127 ], [ 13.5760440833762, 47.169604218132633 ], [ 13.575911859210164, 47.169600271229726 ], [ 13.575832957737282, 47.169600259507071 ], [ 13.575725971008062, 47.169575473734113 ], [ 13.575602962190812, 47.169567007950462 ], [ 13.575507873369798, 47.16954723538332 ], [ 13.575427558272617, 47.169526621495883 ], [ 13.575313596725625, 47.169505719221704 ], [ 13.575188232127665, 47.169501396976393 ], [ 13.575115723926142, 47.16948562506618 ], [ 13.574985288925612, 47.169497779294268 ], [ 13.57481879093665, 47.169500562279822 ], [ 13.574722492334386, 47.169504725694516 ], [ 13.574704257839215, 47.16949891583797 ], [ 13.574648941055536, 47.169491655032019 ], [ 13.574631262243878, 47.169491962468527 ], [ 13.574571111090401, 47.16946617647379 ], [ 13.574443299539109, 47.169446022523566 ], [ 13.574333636840461, 47.169412873191135 ], [ 13.574233259688084, 47.169332645752142 ], [ 13.574079883400916, 47.169290411019595 ], [ 13.57392207786916, 47.169260602371644 ], [ 13.573776216636768, 47.169246064466869 ], [ 13.573646506439845, 47.169214396492336 ], [ 13.573469483075302, 47.169223588160612 ], [ 13.573316208029572, 47.169232549497387 ], [ 13.573197486525524, 47.169238198572089 ], [ 13.573069371797928, 47.169209135930053 ], [ 13.572931652906277, 47.169186121880372 ], [ 13.5728524975412, 47.169188178116904 ], [ 13.572768454703443, 47.169218137671862 ], [ 13.57271035428202, 47.169237065294297 ], [ 13.57267754962866, 47.169276994443813 ], [ 13.572610303244318, 47.169315826329431 ], [ 13.572553647384002, 47.16936246396218 ], [ 13.572519737251637, 47.169420570884284 ], [ 13.572450150617104, 47.169467145676812 ], [ 13.572381279470289, 47.169496893094518 ], [ 13.572347832998812, 47.169540872492405 ], [ 13.572324166355784, 47.169588430440371 ], [ 13.572272801409836, 47.169638116056305 ], [ 13.572212490670879, 47.16966442623648 ], [ 13.572166706395613, 47.169693585170862 ], [ 13.57214718974388, 47.169725208316478 ], [ 13.572125075734657, 47.169795257384308 ], [ 13.572097778989059, 47.169857129356743 ], [ 13.572051849165423, 47.169912562034384 ], [ 13.571998745666084, 47.1699864551708 ], [ 13.57196574878431, 47.170042490520302 ], [ 13.57192033790821, 47.170096032523453 ], [ 13.571889717932315, 47.170123270005277 ], [ 13.571886957695874, 47.170125615213884 ], [ 13.571832549843412, 47.170173687410625 ], [ 13.571778024956258, 47.170225089000652 ], [ 13.571697375736269, 47.170276635288907 ], [ 13.571664038448485, 47.170286512710447 ], [ 13.571616090371737, 47.170304158810687 ], [ 13.571559046726014, 47.170323713471198 ], [ 13.571493885663291, 47.170327988892979 ], [ 13.571430468599889, 47.170338649042449 ], [ 13.571362142548329, 47.170372623648724 ], [ 13.571311969093804, 47.170423566019444 ], [ 13.571294559909212, 47.170425222038638 ], [ 13.571262691228105, 47.170438965310332 ], [ 13.571194000263853, 47.170479868859729 ], [ 13.571112489267199, 47.170516030349752 ], [ 13.571013738465462, 47.170562215327593 ], [ 13.570918845776562, 47.170615500397702 ], [ 13.57082912616616, 47.170674893069609 ], [ 13.57076190451944, 47.170719932261903 ], [ 13.570673946183653, 47.170760245866617 ], [ 13.570594700047128, 47.170801441008045 ], [ 13.57051187350668, 47.170897529941698 ], [ 13.570441965922234, 47.170991072510503 ], [ 13.570414777644327, 47.171018842304235 ], [ 13.570386546281753, 47.171049403573022 ], [ 13.570339021949254, 47.171073526641969 ], [ 13.57027934456009, 47.171094525788348 ], [ 13.570217280031178, 47.171112830544381 ], [ 13.570153988479568, 47.171122320009147 ], [ 13.570075647957925, 47.171130221162286 ], [ 13.569999273701914, 47.1711352388851 ], [ 13.569953272080328, 47.171145861973542 ], [ 13.569892560627148, 47.171171721862045 ], [ 13.569825705632063, 47.171210551275614 ], [ 13.569723889877425, 47.171280045716969 ], [ 13.569647287158459, 47.171322584366322 ], [ 13.569578217656638, 47.171367896626251 ], [ 13.569540053401512, 47.171419892997235 ], [ 13.569501416727102, 47.171484307254126 ], [ 13.569456265213422, 47.171537667768028 ], [ 13.569423098595729, 47.171586054617812 ], [ 13.569374983476497, 47.171625834622006 ], [ 13.569334049172593, 47.171678106603274 ], [ 13.569275898366955, 47.171716197810206 ], [ 13.569184106836994, 47.171785221082047 ], [ 13.569124268979248, 47.171829704122914 ], [ 13.569032019872886, 47.171884961636799 ], [ 13.568952472330876, 47.171948020823208 ], [ 13.568882604529547, 47.171992164600411 ], [ 13.568867341561708, 47.172001823815037 ], [ 13.568775476114483, 47.172054470972732 ], [ 13.568677512491822, 47.172100742258785 ], [ 13.568555174065406, 47.172155071878372 ], [ 13.568445708644193, 47.172196417976338 ], [ 13.568421200039603, 47.172233719381666 ], [ 13.568393142011061, 47.172273997379065 ], [ 13.568329760336711, 47.172322986204549 ], [ 13.568214601760692, 47.17238980751722 ], [ 13.568094141411631, 47.172451330972855 ], [ 13.567983674916078, 47.172505185584257 ], [ 13.567938219195051, 47.172549998237876 ], [ 13.567922645047428, 47.17257882320726 ], [ 13.567918063966557, 47.172587200576672 ], [ 13.567868303904314, 47.172702834492547 ], [ 13.567940662477671, 47.173041361166796 ], [ 13.56752581924189, 47.173460792026077 ], [ 13.565346535651441, 47.175663861321858 ], [ 13.561483773379857, 47.177167641935036 ], [ 13.561441262143534, 47.177163048353087 ], [ 13.561400044903792, 47.177152513639264 ], [ 13.561330296060929, 47.17713546773426 ], [ 13.561285373522241, 47.177122511010189 ], [ 13.561235275499206, 47.177102816317131 ], [ 13.561188376330847, 47.177090493358115 ], [ 13.561161580002501, 47.177088567521544 ], [ 13.561134616061215, 47.177078364074966 ], [ 13.561108530895693, 47.177057721460656 ], [ 13.561079454465856, 47.177047252298145 ], [ 13.561036870531643, 47.177025742922019 ], [ 13.560998923802579, 47.177008543174225 ], [ 13.560971788858646, 47.176989252293701 ], [ 13.560918500823337, 47.176964165189183 ], [ 13.560902589049411, 47.176946381457064 ], [ 13.560880712797237, 47.176922491176931 ], [ 13.560863585158154, 47.17689814150657 ], [ 13.560854139804944, 47.176880434811054 ], [ 13.560838107343242, 47.176865260661764 ], [ 13.560818280975882, 47.176857742193484 ], [ 13.560787104978006, 47.176849976483304 ], [ 13.560732230954693, 47.176824262619853 ], [ 13.560695483703292, 47.176809759701506 ], [ 13.560673905167869, 47.176793696838047 ], [ 13.560659072402737, 47.176781309571652 ], [ 13.560644504335608, 47.176769101729619 ], [ 13.560618269767344, 47.176744320332141 ], [ 13.560598533677565, 47.176727084064304 ], [ 13.56056242158221, 47.176706821267651 ], [ 13.560517673455887, 47.176672899111892 ], [ 13.560490276487871, 47.176653968550639 ], [ 13.560462730965186, 47.176631169242512 ], [ 13.560437052202467, 47.176612865080962 ], [ 13.56041141749863, 47.176604818272367 ], [ 13.560360559438985, 47.17659232292106 ], [ 13.560308402672035, 47.176584688928926 ], [ 13.560264862205758, 47.176586125462073 ], [ 13.560232081717585, 47.176573414033108 ], [ 13.560218449866015, 47.176564083552542 ], [ 13.560183326925875, 47.176528252537956 ], [ 13.560151263766683, 47.176498173978096 ], [ 13.560143717842804, 47.176492520435076 ], [ 13.560136703997442, 47.176487855584327 ], [ 13.56012529926701, 47.176474741592862 ], [ 13.560096966490105, 47.176452933519727 ], [ 13.560078021654858, 47.176435515629372 ], [ 13.560065787014491, 47.176413495503553 ], [ 13.560046715645573, 47.176397337546625 ], [ 13.560006527947154, 47.17638050184582 ], [ 13.559942041918037, 47.176359485591355 ], [ 13.559906667591836, 47.176357306615685 ], [ 13.559861617571842, 47.176345159383914 ], [ 13.559851792193854, 47.176331052466338 ], [ 13.559845945205367, 47.176321526483605 ], [ 13.559853826442094, 47.176313052894976 ], [ 13.559858384070182, 47.176298827357904 ], [ 13.559872316081877, 47.176285842838205 ], [ 13.559858151912692, 47.176275433643518 ], [ 13.559832113109856, 47.176265408002344 ], [ 13.55979470400789, 47.17625027626881 ], [ 13.55975900344076, 47.17623352152534 ], [ 13.559724355859649, 47.176216134831812 ], [ 13.559703167955812, 47.176198721343404 ], [ 13.559680271551757, 47.176182930847538 ], [ 13.559657205469934, 47.176158322879608 ], [ 13.559626715540242, 47.176125721669308 ], [ 13.559596652699486, 47.176100407787189 ], [ 13.559547952379583, 47.176067752799021 ], [ 13.559529047884171, 47.176059692408046 ], [ 13.559514220209774, 47.176048384714015 ], [ 13.559508395246095, 47.176043987393534 ], [ 13.559490074753013, 47.176018200247078 ], [ 13.55945718170002, 47.17597903540419 ], [ 13.559448234417751, 47.17595421937142 ], [ 13.559441228412124, 47.175920491696409 ], [ 13.559428045071831, 47.175892534865952 ], [ 13.559409454987804, 47.175865398578225 ], [ 13.559396458671662, 47.175819445851516 ], [ 13.55938713134341, 47.175798319650823 ], [ 13.559383857093357, 47.175773222405965 ], [ 13.5593854744585, 47.17575027490269 ], [ 13.559381054139758, 47.175734897516513 ], [ 13.559379808079285, 47.175721223396785 ], [ 13.559385546851496, 47.175705465911655 ], [ 13.559393113776629, 47.175685205912814 ], [ 13.559405962784869, 47.175665835191758 ], [ 13.559414090598388, 47.175653312150779 ], [ 13.559413069596358, 47.175630549845849 ], [ 13.559413891747315, 47.175606794123908 ], [ 13.559415120919299, 47.175585646943567 ], [ 13.559426505687977, 47.175563309869183 ], [ 13.559409203739213, 47.175528792856937 ], [ 13.559395784292667, 47.175507314879077 ], [ 13.559375201566645, 47.175477033329145 ], [ 13.559325236308537, 47.175426115305207 ], [ 13.559323058507799, 47.175410553505941 ], [ 13.559304734479561, 47.175383866560068 ], [ 13.559301592633894, 47.175358859026773 ], [ 13.559298973614615, 47.175332680745846 ], [ 13.55929760562463, 47.175321346284875 ], [ 13.559288322246111, 47.175310477435495 ], [ 13.559267791932847, 47.175292432716454 ], [ 13.559243418793764, 47.175270616566237 ], [ 13.559229245027511, 47.175257867894622 ], [ 13.559215086639458, 47.175248718295038 ], [ 13.559204076347534, 47.175235153539816 ], [ 13.559186566070929, 47.175213593682578 ], [ 13.559170396488941, 47.175196979929289 ], [ 13.559155776567342, 47.175172445067702 ], [ 13.559141005496615, 47.175143411623907 ], [ 13.559128670320245, 47.175128589804963 ], [ 13.559113602513225, 47.17512277116947 ], [ 13.559090078086182, 47.175114269987837 ], [ 13.559079578774529, 47.175096745191681 ], [ 13.559077554520877, 47.175086221828863 ], [ 13.559081807632651, 47.175062459299568 ], [ 13.559077486769766, 47.17503943360704 ], [ 13.559076202015255, 47.175016671821773 ], [ 13.559077952981152, 47.174994083967093 ], [ 13.559077206414218, 47.174973750509125 ], [ 13.559072205435003, 47.174945957352726 ], [ 13.559065427379174, 47.174934633625121 ], [ 13.559045195371279, 47.174924596281137 ], [ 13.559032231603389, 47.174917063885289 ], [ 13.559030307450833, 47.174899072181326 ], [ 13.559038577941148, 47.174889068256327 ], [ 13.559046558408408, 47.174872946428763 ], [ 13.55906196017188, 47.174864278015228 ], [ 13.559065612642984, 47.174854373229962 ], [ 13.559058154477359, 47.174838282038202 ], [ 13.559049918416466, 47.174825431583528 ], [ 13.559042345969182, 47.174813479587563 ], [ 13.55902461883278, 47.174802897403893 ], [ 13.559016677024879, 47.174797154594138 ], [ 13.558997332284356, 47.174778567608357 ], [ 13.558990049868413, 47.174772733510999 ], [ 13.558975730139148, 47.174756655925762 ], [ 13.558959842711067, 47.17474427053039 ], [ 13.5589551371973, 47.174723854946471 ], [ 13.558945691718007, 47.174705878159365 ], [ 13.558942488366945, 47.174697336640001 ], [ 13.558936261981197, 47.174691590422263 ], [ 13.55892251347213, 47.174685679167354 ], [ 13.558895850779745, 47.174683842512827 ], [ 13.558878826459408, 47.174683336405174 ], [ 13.558864557434452, 47.174679135749962 ], [ 13.558837693355033, 47.174661013533694 ], [ 13.558822084855883, 47.174652136692984 ], [ 13.55881863181439, 47.174646924836708 ], [ 13.558822563951168, 47.174640708586765 ], [ 13.558820696654141, 47.174636033452686 ], [ 13.558798628197877, 47.17462851907856 ], [ 13.558776127835225, 47.174612547660843 ], [ 13.558743022894951, 47.174585260074977 ], [ 13.558732160920396, 47.174575474039749 ], [ 13.55872592076763, 47.174566488643826 ], [ 13.558705294638346, 47.174556811931033 ], [ 13.558693784795365, 47.174549816481679 ], [ 13.558690587245179, 47.174542624607923 ], [ 13.558692859271625, 47.17451841612931 ], [ 13.558702702085682, 47.174505799762535 ], [ 13.558690874673362, 47.174486208076615 ], [ 13.5586865816308, 47.174469660701575 ], [ 13.558694154397619, 47.174450750400055 ], [ 13.558673705202715, 47.174420648413275 ], [ 13.558655559029498, 47.17440457836814 ], [ 13.55864096716277, 47.174386521772441 ], [ 13.558635483118593, 47.174369166955991 ], [ 13.558639786966776, 47.17435728138642 ], [ 13.558644597925493, 47.174340536021177 ], [ 13.558648485212027, 47.174323792485382 ], [ 13.558652117407126, 47.174309118939767 ], [ 13.558659042283375, 47.174292999229706 ], [ 13.558670870486635, 47.174281818574251 ], [ 13.558685717876202, 47.174266942853961 ], [ 13.558693607810859, 47.174260538811865 ], [ 13.558704504280133, 47.174247470469012 ], [ 13.558710534988231, 47.1742382808035 ], [ 13.558714688451948, 47.174222076603506 ], [ 13.558711327142264, 47.1742074169128 ], [ 13.558696614476919, 47.174191969914133 ], [ 13.558686647504782, 47.174175433780242 ], [ 13.558664716578498, 47.174169178794479 ], [ 13.558663615342248, 47.174158473640084 ], [ 13.5586619763305, 47.174145430133031 ], [ 13.558653325833822, 47.174128171567396 ], [ 13.558646272951698, 47.174114239008169 ], [ 13.558616097398392, 47.174093064060202 ], [ 13.558578556309358, 47.174077482302089 ], [ 13.558508265843205, 47.1740560268453 ], [ 13.558450930092974, 47.174040034341402 ], [ 13.558372893611914, 47.174027771847804 ], [ 13.558344225194, 47.174019640600136 ], [ 13.558324682521892, 47.174016440063461 ], [ 13.558292586045791, 47.174008945426763 ], [ 13.558251359258646, 47.173995440335418 ], [ 13.55822064311543, 47.173971207113098 ], [ 13.558166435381704, 47.173977072841716 ], [ 13.558044813601709, 47.173986220961339 ], [ 13.557947771902535, 47.174004048243596 ], [ 13.557779569834143, 47.174013018119986 ], [ 13.557649076592448, 47.174014985113182 ], [ 13.557512208845013, 47.174038469169275 ], [ 13.557435303306384, 47.174043929394202 ], [ 13.557288392551598, 47.174064013818338 ], [ 13.557162987600066, 47.174083515869654 ], [ 13.557000661437199, 47.17410911889008 ], [ 13.556744920890946, 47.174136794726515 ], [ 13.556591003609562, 47.174153922750975 ], [ 13.556445117862511, 47.174166895843847 ], [ 13.556323629578229, 47.174176581728638 ], [ 13.556189335421132, 47.17418476295542 ], [ 13.556145454406217, 47.174198885427955 ], [ 13.556095994156744, 47.174235513211279 ], [ 13.556077883235066, 47.174258942856085 ], [ 13.556020291937548, 47.174276151366534 ], [ 13.555966072285472, 47.174279316742428 ], [ 13.555878835312887, 47.174275618421589 ], [ 13.555826155932978, 47.174268523270577 ], [ 13.55577855661447, 47.17427707426328 ], [ 13.555752128627031, 47.174268218161785 ], [ 13.555718614934396, 47.17426882355614 ], [ 13.55567520555161, 47.174269628239912 ], [ 13.55564825015302, 47.174260863122896 ], [ 13.555629214564812, 47.174252712364904 ], [ 13.555599247718293, 47.174249531733054 ], [ 13.555550992019796, 47.174258893711709 ], [ 13.555516717610963, 47.174266878696194 ], [ 13.555498110781556, 47.174266555130188 ], [ 13.555483030768453, 47.174257676800913 ], [ 13.555463846248438, 47.174245477314166 ], [ 13.555435061320972, 47.174240944666927 ], [ 13.555391301055346, 47.174252457262305 ], [ 13.555353873362344, 47.17426368754743 ], [ 13.555355954636751, 47.174287977437181 ], [ 13.555331773922536, 47.174311508787994 ], [ 13.555270198267108, 47.174354098378345 ], [ 13.555165347612151, 47.174398122005471 ], [ 13.555089459013438, 47.174457475244076 ], [ 13.555073802997763, 47.174468573010721 ], [ 13.555026439428993, 47.174501957046125 ], [ 13.554950957687124, 47.174532516567176 ], [ 13.554916065843004, 47.174550670041867 ], [ 13.554878105502269, 47.174560821476312 ], [ 13.554802386891053, 47.174566367587808 ], [ 13.554745788695183, 47.174568817192714 ], [ 13.554686091022557, 47.174587378791124 ], [ 13.554629781177727, 47.174595676320962 ], [ 13.554596546229478, 47.174599879946385 ], [ 13.554531792088474, 47.174608373809107 ], [ 13.55445321553977, 47.174624722557674 ], [ 13.554383858015097, 47.174636824388983 ], [ 13.55437620997504, 47.174638098938331 ], [ 13.554362628537783, 47.174640464748371 ], [ 13.554347152775112, 47.174663169174153 ], [ 13.554312020415882, 47.174686991518954 ], [ 13.554285984185695, 47.174708726698846 ], [ 13.554262950921755, 47.174722807944455 ], [ 13.554191974769726, 47.174758127021704 ], [ 13.554130245440252, 47.174795857500207 ], [ 13.554092117389796, 47.174829133239008 ], [ 13.554044919755933, 47.174870884457839 ], [ 13.554009263436235, 47.174895697478625 ], [ 13.55396043267903, 47.174925574788269 ], [ 13.553913098254103, 47.174934574373736 ], [ 13.553865564063289, 47.174958960495019 ], [ 13.553757702718038, 47.175009377066502 ], [ 13.553655984547802, 47.17507741724377 ], [ 13.553569669606924, 47.175136969612602 ], [ 13.553486920251618, 47.175197234834933 ], [ 13.553420837488636, 47.17526718532848 ], [ 13.553378363491491, 47.175302718674523 ], [ 13.553335185119286, 47.175327546034026 ], [ 13.553353692354568, 47.175367280329752 ], [ 13.553374092292312, 47.175417898248952 ], [ 13.553375199421135, 47.175461985124663 ], [ 13.553344523943149, 47.175510632359625 ], [ 13.553328297301524, 47.175543325608622 ], [ 13.553306439795156, 47.175554705057216 ], [ 13.553287201562792, 47.175561310624502 ], [ 13.553272160093682, 47.17556169962031 ], [ 13.553252727787875, 47.175553369277871 ], [ 13.553221790746873, 47.175570884740395 ], [ 13.553178589266587, 47.175590223451472 ], [ 13.553139633531657, 47.175615132551734 ], [ 13.553126365435672, 47.175629464626901 ], [ 13.553088137474299, 47.175670748223375 ], [ 13.553069862119925, 47.175686799539839 ], [ 13.553032880373074, 47.175710445103562 ], [ 13.553012247715893, 47.175730819887839 ], [ 13.552988832001358, 47.175748320760114 ], [ 13.552949431991305, 47.175761623544389 ], [ 13.552926938442667, 47.175778762713001 ], [ 13.552907885833161, 47.175798324629497 ], [ 13.552876484955366, 47.175831317037023 ], [ 13.552851395546258, 47.175858898600417 ], [ 13.55283914823233, 47.17586486075642 ], [ 13.552821128059946, 47.175878842055667 ], [ 13.552772048240517, 47.175912678345014 ], [ 13.552761438892141, 47.175931774059507 ], [ 13.552733937197511, 47.175950452469657 ], [ 13.552712980698567, 47.175956431410683 ], [ 13.552673664803356, 47.175990068869972 ], [ 13.552637084635963, 47.17604700523426 ], [ 13.552613558452261, 47.176101577004367 ], [ 13.552577307244979, 47.176142406727884 ], [ 13.552552982422617, 47.176163508364894 ], [ 13.552500012384822, 47.17618214582221 ], [ 13.552472731161707, 47.176222238407412 ], [ 13.552437853385355, 47.176244260125934 ], [ 13.55241211084631, 47.176273552423027 ], [ 13.552401210172023, 47.176286080300997 ], [ 13.552378961849275, 47.176330662048834 ], [ 13.552366947322446, 47.176361007628735 ], [ 13.552336355779772, 47.176398407227524 ], [ 13.552281220373986, 47.176435944042396 ], [ 13.552252798162668, 47.17648737594444 ], [ 13.552257362587632, 47.176506172472848 ], [ 13.552257698392307, 47.176523537498639 ], [ 13.552214880486041, 47.176540175775301 ], [ 13.552176392975507, 47.176550957161943 ], [ 13.552115831741284, 47.176584815254238 ], [ 13.552090046428606, 47.176603850115889 ], [ 13.5520577426597, 47.176610210668386 ], [ 13.552009506880902, 47.17662505973405 ], [ 13.551961832759071, 47.176648095658884 ], [ 13.551938141588813, 47.176662987492449 ], [ 13.551937272553134, 47.176676215865918 ], [ 13.551943317439555, 47.176702027811913 ], [ 13.551922953171175, 47.176755603604569 ], [ 13.551899657929841, 47.176834378745568 ], [ 13.551899371383122, 47.176860832702438 ], [ 13.551886892535141, 47.17687471322629 ], [ 13.551849177880369, 47.176880994137989 ], [ 13.551808026331276, 47.176885841997382 ], [ 13.551782853354817, 47.176893448460923 ], [ 13.551749348733201, 47.176896662016638 ], [ 13.551715138981356, 47.17688889965256 ], [ 13.551677499416487, 47.176881413794796 ], [ 13.551643409015252, 47.176870591942723 ], [ 13.55161514413985, 47.176864437734942 ], [ 13.551574202287703, 47.176856148382107 ], [ 13.551552674023153, 47.176851600829607 ], [ 13.551530510097995, 47.176852903034558 ], [ 13.551515370071254, 47.176861479945714 ], [ 13.551487204318521, 47.17687934952751 ], [ 13.551460258838528, 47.176905134788427 ], [ 13.551422235062432, 47.176932470902898 ], [ 13.551383161879361, 47.176961338634982 ], [ 13.551349471539996, 47.176983537696202 ], [ 13.551335674779361, 47.176997870573111 ], [ 13.551324648047306, 47.177011928206888 ], [ 13.551319814875386, 47.177023904486184 ], [ 13.551305347543503, 47.17703562929492 ], [ 13.551270173308907, 47.177050003127526 ], [ 13.551243973049166, 47.177064539712667 ], [ 13.551221318631871, 47.177074930531369 ], [ 13.551205898632418, 47.177079638901922 ], [ 13.551197874671905, 47.177085862723189 ], [ 13.551178221579899, 47.177088059825891 ], [ 13.551140981534166, 47.177081472801426 ], [ 13.551105044420297, 47.177070834279725 ], [ 13.551092491214087, 47.177066719344616 ], [ 13.551083925325173, 47.177069525047735 ], [ 13.551053060028288, 47.177104855337504 ], [ 13.551008573833087, 47.177165225449563 ], [ 13.550969137699736, 47.177202191713995 ], [ 13.550939658275976, 47.177221593291435 ], [ 13.550903824388779, 47.177236058249882 ], [ 13.550843472556748, 47.17725704846869 ], [ 13.550810242299125, 47.177262870572441 ], [ 13.550757236515135, 47.177273229347122 ], [ 13.550721559284973, 47.177293722445476 ], [ 13.550681792000034, 47.177314403303122 ], [ 13.550651528042126, 47.177335605856008 ], [ 13.55061081812209, 47.177351699633867 ], [ 13.550578554009563, 47.177367867244222 ], [ 13.550562526180254, 47.177385263524812 ], [ 13.550543724584164, 47.177402035257003 ], [ 13.550511445639751, 47.177414603773961 ], [ 13.550469686951892, 47.177432409077298 ], [ 13.550444020036096, 47.177448384100217 ], [ 13.55040684557116, 47.17745781271681 ], [ 13.550376182340043, 47.177446084169759 ], [ 13.550349229156055, 47.177438037616241 ], [ 13.550328054029473, 47.177455263728888 ], [ 13.550287572772252, 47.177462809086094 ], [ 13.55024680322367, 47.1774644164595 ], [ 13.550226867209762, 47.177462025081546 ], [ 13.550184071520954, 47.177484421112929 ], [ 13.550142188085207, 47.177504026084904 ], [ 13.55011335397834, 47.177520007069887 ], [ 13.550101418947319, 47.17753793535018 ], [ 13.550077071846333, 47.177553997752362 ], [ 13.550071155735779, 47.177559407679105 ], [ 13.550063329169243, 47.177581647049692 ], [ 13.550052823184449, 47.177594083970632 ], [ 13.550046291878642, 47.177610382353073 ], [ 13.550040416317886, 47.177625689732608 ], [ 13.550028703497297, 47.177633450117327 ], [ 13.55000234262951, 47.177641148426531 ], [ 13.54996705595112, 47.177660470834851 ], [ 13.549934135333887, 47.177677539287593 ], [ 13.549909377494595, 47.177690003333296 ], [ 13.549883130856724, 47.177693382474445 ], [ 13.549854110820384, 47.177696227023453 ], [ 13.549840062808906, 47.177713799387817 ], [ 13.54983691673706, 47.177718934096958 ], [ 13.549826695959194, 47.17773658915236 ], [ 13.549788657741086, 47.177792987496403 ], [ 13.549781776848711, 47.177820623700903 ], [ 13.549773398706764, 47.177837105536675 ], [ 13.549741794219139, 47.177853361630909 ], [ 13.549695478117318, 47.177886291549171 ], [ 13.549663662288863, 47.177915414814329 ], [ 13.549638411391555, 47.177936427606333 ], [ 13.549621585054446, 47.177952295652908 ], [ 13.549598594769298, 47.177977533082597 ], [ 13.549590346299727, 47.177993474792679 ], [ 13.54958877526723, 47.17799653701649 ], [ 13.549582005233297, 47.178019044276731 ], [ 13.549567763273297, 47.178021500745935 ], [ 13.549543361710068, 47.178024336435506 ], [ 13.549529869313744, 47.178048745998957 ], [ 13.549525176799822, 47.17806297137178 ], [ 13.54949763387101, 47.178072111451002 ], [ 13.549486578108391, 47.178079240687829 ], [ 13.549463406463982, 47.17809242144191 ], [ 13.549452352898877, 47.178100090536546 ], [ 13.549452981504546, 47.178124743192484 ], [ 13.549447117849969, 47.178143019777139 ], [ 13.549428732109241, 47.178164829276213 ], [ 13.549417212810075, 47.178187705458988 ], [ 13.549408970503286, 47.178205176762255 ], [ 13.549402930745103, 47.178212656372388 ], [ 13.549386640922501, 47.178230682825863 ], [ 13.549364166492476, 47.178253039945666 ], [ 13.549329738572771, 47.178288916393505 ], [ 13.54930029579322, 47.178317585161466 ], [ 13.549260699561877, 47.178348162725214 ], [ 13.549232819694689, 47.178371789765585 ], [ 13.549170700689816, 47.17841293741904 ], [ 13.549135682260767, 47.178433518743944 ], [ 13.549132544523147, 47.178440722901058 ], [ 13.54914225677267, 47.178460049648471 ], [ 13.549151461006458, 47.178484236146787 ], [ 13.549140967847785, 47.178499912149611 ], [ 13.549121583212637, 47.17850336807259 ], [ 13.549078337464351, 47.178512807770836 ], [ 13.549023478568881, 47.178522179496852 ], [ 13.54900001626789, 47.178528882323093 ], [ 13.548987523791507, 47.178539703314584 ], [ 13.548982179344351, 47.17855590940632 ], [ 13.548933971013669, 47.178578135270101 ], [ 13.5489000110252, 47.178599434336149 ], [ 13.548868963007742, 47.178622887335443 ], [ 13.54882314751208, 47.178649427540336 ], [ 13.548780981494865, 47.178664803598068 ], [ 13.548733820993187, 47.178685137863425 ], [ 13.5487199167721, 47.178705769051554 ], [ 13.548706702408881, 47.178733777090763 ], [ 13.548686792003322, 47.178737773800336 ], [ 13.548641939340408, 47.178741547789024 ], [ 13.548607901377679, 47.178776163592147 ], [ 13.548556063617003, 47.178814592122571 ], [ 13.548540298980134, 47.178832077594308 ], [ 13.548516094125521, 47.178850928694267 ], [ 13.54847591866849, 47.178869090176704 ], [ 13.548424090812606, 47.178877556104581 ], [ 13.548377533090148, 47.178883942561946 ], [ 13.548334301897743, 47.178897071028622 ], [ 13.548297316528092, 47.178920895003436 ], [ 13.548290303844245, 47.178948801295491 ], [ 13.548267952199753, 47.178969088480862 ], [ 13.548223505475434, 47.179007862802635 ], [ 13.548185973475963, 47.179027098918752 ], [ 13.548122823150116, 47.179042154455935 ], [ 13.548091955507724, 47.179045181998276 ], [ 13.548066378009523, 47.179116042614325 ], [ 13.54802809235898, 47.179177209636308 ], [ 13.547981304977572, 47.179224626124416 ], [ 13.547942155421318, 47.179268069170988 ], [ 13.547876224350167, 47.179345934141686 ], [ 13.547857846305924, 47.179369902829777 ], [ 13.54785355204235, 47.179384847200524 ], [ 13.547827595007661, 47.179394793680352 ], [ 13.547822475363946, 47.179401461672441 ], [ 13.547791054222321, 47.179430763618626 ], [ 13.547747872786235, 47.179456308668087 ], [ 13.547681279112686, 47.179501063037982 ], [ 13.547634152085973, 47.179529944648024 ], [ 13.547609290771751, 47.179549786542857 ], [ 13.547580874016607, 47.179571524657398 ], [ 13.547579609041234, 47.179585023670967 ], [ 13.547585277018742, 47.179615965268695 ], [ 13.547581910795071, 47.179631987611209 ], [ 13.547557826264498, 47.179648138952309 ], [ 13.547531512510211, 47.179667803610165 ], [ 13.547519696425265, 47.17968285210938 ], [ 13.547486746433053, 47.179693171588553 ], [ 13.547454334130014, 47.17970591943957 ], [ 13.547446451498454, 47.179714662098895 ], [ 13.547434800861643, 47.179737988211258 ], [ 13.547413450738944, 47.179745046643369 ], [ 13.547389075219755, 47.179754540158335 ], [ 13.547373703631868, 47.17977148486132 ], [ 13.547343033035858, 47.179790707785749 ], [ 13.547327526179147, 47.179806842939072 ], [ 13.547327832715078, 47.179817369734252 ], [ 13.547332489411735, 47.179826718637372 ], [ 13.547339271047781, 47.179839392711358 ], [ 13.547353295552442, 47.179848274100948 ], [ 13.547368636813903, 47.179856433190842 ], [ 13.547366718500156, 47.179871553026672 ], [ 13.547361550548606, 47.179898915921996 ], [ 13.547336977654446, 47.179924875686162 ], [ 13.547317679038956, 47.179949745792626 ], [ 13.547304320370477, 47.179974964632429 ], [ 13.547290336076889, 47.180008642535761 ], [ 13.547270781483698, 47.180035492621251 ], [ 13.547241404684245, 47.180080986524558 ], [ 13.547193056938966, 47.180134524089603 ], [ 13.547163006354635, 47.180176600092601 ], [ 13.547130857703536, 47.18022200919966 ], [ 13.54709639898407, 47.180250956749973 ], [ 13.547060728151896, 47.180273878072512 ], [ 13.547002599891906, 47.180323834830595 ], [ 13.546977215550525, 47.180345027230651 ], [ 13.546939365484779, 47.180383878631055 ], [ 13.546925843665559, 47.18040144964128 ], [ 13.546914704529449, 47.180420815726663 ], [ 13.546894330530739, 47.180440918969772 ], [ 13.546869487406381, 47.180465439498008 ], [ 13.546827134999486, 47.180500520256096 ], [ 13.546830098968414, 47.180515540940718 ], [ 13.546794139570121, 47.180532434225832 ], [ 13.546765034147182, 47.180547245156198 ], [ 13.546716412645459, 47.180565871747412 ], [ 13.546639682932645, 47.180584820963411 ], [ 13.546597144601469, 47.180606585309562 ], [ 13.546562270567334, 47.180630854643645 ], [ 13.546518899077659, 47.180675114904425 ], [ 13.546493842875648, 47.180712322580639 ], [ 13.546434509224261, 47.1807908941581 ], [ 13.546407603529479, 47.1808276553921 ], [ 13.546384681522138, 47.180870527630049 ], [ 13.546367673441541, 47.180907270315672 ], [ 13.546327437656567, 47.180943786561947 ], [ 13.546299800934403, 47.180962913543482 ], [ 13.546271142497423, 47.180990500318337 ], [ 13.54628812299875, 47.181012423046077 ], [ 13.546304318945067, 47.181036146790703 ], [ 13.546323234032098, 47.181079660497225 ], [ 13.546325960046628, 47.181101160021448 ], [ 13.546325411465808, 47.181128784148889 ], [ 13.546313275272563, 47.181162818377224 ], [ 13.546286803988114, 47.181209206362858 ], [ 13.546246927143748, 47.181269385996174 ], [ 13.546206093091575, 47.181321289474205 ], [ 13.546138065824699, 47.181371444263334 ], [ 13.546085252876143, 47.181398176400613 ], [ 13.546050162649401, 47.181434502967448 ], [ 13.546003457152738, 47.181470401352399 ], [ 13.545993150170228, 47.181499933249178 ], [ 13.545987738035171, 47.181532425252449 ], [ 13.545972289597346, 47.181563316421723 ], [ 13.545982008141644, 47.18158435299388 ], [ 13.54594732304041, 47.181623018186329 ], [ 13.545916609319972, 47.181664735181833 ], [ 13.545911977734246, 47.181694436419122 ], [ 13.545956560827669, 47.181688594531686 ], [ 13.545993795867844, 47.181693293734327 ], [ 13.546014391691036, 47.181695324710937 ], [ 13.546022231191973, 47.181708536748545 ], [ 13.546033325234387, 47.181743427282363 ], [ 13.546046088949529, 47.181766887547823 ], [ 13.546063165740524, 47.181779902353547 ], [ 13.546064134427557, 47.181791057754424 ], [ 13.546047574444028, 47.181808094473972 ], [ 13.546072922371785, 47.181810386486077 ], [ 13.54608470584324, 47.181819812087362 ], [ 13.546092797737685, 47.181830144367368 ], [ 13.546098457483851, 47.181859196520037 ], [ 13.546129388437995, 47.181871465581466 ], [ 13.54615123907676, 47.181890140027107 ], [ 13.546172166291306, 47.181908906173916 ], [ 13.546189729988956, 47.18194450440695 ], [ 13.546201177001317, 47.181968686938895 ], [ 13.546209210504811, 47.1819972847562 ], [ 13.54621207646171, 47.182020763525159 ], [ 13.54620681159385, 47.182057034317843 ], [ 13.54620420584067, 47.182065407103366 ], [ 13.546150272929662, 47.182109147114872 ], [ 13.546077076680978, 47.182154092836996 ], [ 13.54602104504554, 47.18220107590237 ], [ 13.545977038267525, 47.182219063701382 ], [ 13.545949471219346, 47.182222894286582 ], [ 13.545918912572203, 47.182237617735467 ], [ 13.545934733069686, 47.182266380973346 ], [ 13.545930763475411, 47.182296620837747 ], [ 13.545856833864828, 47.182323392329501 ], [ 13.545786891215595, 47.182324242802395 ], [ 13.545786677161061, 47.182336660099281 ], [ 13.54574708822685, 47.182337453852348 ], [ 13.545739249424367, 47.182324421750145 ], [ 13.545718670714958, 47.182326709612234 ], [ 13.545707852565176, 47.182327629585373 ], [ 13.545675414012507, 47.182334348479557 ], [ 13.545670306099076, 47.182344075586066 ], [ 13.545652522291926, 47.182352206757443 ], [ 13.545640637515017, 47.182350429389608 ], [ 13.545609320590504, 47.182340680286373 ], [ 13.545567990362535, 47.182335088823194 ], [ 13.545534683397664, 47.182322734064492 ], [ 13.545503567080726, 47.182330080285745 ], [ 13.545483946103486, 47.182340824205404 ], [ 13.545479609413608, 47.182345421146621 ], [ 13.545463503681209, 47.182344191497378 ], [ 13.545446714623884, 47.182337114581699 ], [ 13.545426498249947, 47.182331033806548 ], [ 13.545376438724753, 47.182320689741402 ], [ 13.545333747387758, 47.182337685086509 ], [ 13.545300533537171, 47.182348544284437 ], [ 13.545260709492041, 47.182356536507697 ], [ 13.545247401154286, 47.182361779997123 ], [ 13.545218275544586, 47.182371911734606 ], [ 13.545188970723597, 47.182370256744221 ], [ 13.545148449294775, 47.182368892565698 ], [ 13.545107663201614, 47.182367348910496 ], [ 13.545069799249251, 47.182370478632102 ], [ 13.5450307381704, 47.182371271153734 ], [ 13.545006280912267, 47.182393721067967 ], [ 13.544992762621238, 47.182412461545077 ], [ 13.544976307780757, 47.18242292955312 ], [ 13.544952150244946, 47.182421354902296 ], [ 13.544939708416852, 47.182412290319277 ], [ 13.544918304316045, 47.182406211663533 ], [ 13.544884244860157, 47.182403665663479 ], [ 13.544864321988104, 47.182404962398863 ], [ 13.544824509351391, 47.182415833728612 ], [ 13.544812631785481, 47.182415855811314 ], [ 13.544782409978854, 47.182415911993886 ], [ 13.544816365638823, 47.18245849820984 ], [ 13.544814198030958, 47.182477487494616 ], [ 13.544778390580079, 47.182499868483148 ], [ 13.544772071699686, 47.182503839239224 ], [ 13.544746732910207, 47.182536908082028 ], [ 13.544712987324198, 47.182546868321268 ], [ 13.544656175525244, 47.182564159582675 ], [ 13.544619399911021, 47.182575475085805 ], [ 13.544568345274683, 47.182580338713258 ], [ 13.544530821711193, 47.182569611086862 ], [ 13.544524972117216, 47.182558914623812 ], [ 13.544506476807635, 47.182554180152913 ], [ 13.544477293461487, 47.182549915406113 ], [ 13.54446179761675, 47.182536177609393 ], [ 13.5444359902662, 47.182518050049481 ], [ 13.544426607236311, 47.182514828272083 ], [ 13.54440664982943, 47.182507487150488 ], [ 13.544398703782079, 47.182500573626477 ], [ 13.544382548106487, 47.182486837043307 ], [ 13.544342198439839, 47.182495459762869 ], [ 13.544336412446864, 47.182500689191357 ], [ 13.544319843787049, 47.182515746168363 ], [ 13.544283142083653, 47.182545596792707 ], [ 13.544273428827989, 47.18255884149923 ], [ 13.544230331238271, 47.182540296067117 ], [ 13.544197764700693, 47.182548094507453 ], [ 13.544192356307681, 47.182548734375615 ], [ 13.544143417535604, 47.182554673620615 ], [ 13.544112127308637, 47.182551582392563 ], [ 13.544104099157208, 47.182524064150826 ], [ 13.544088518784807, 47.18252220349126 ], [ 13.544058975788404, 47.18252702703213 ], [ 13.54402004332549, 47.182527009171253 ], [ 13.544023917876032, 47.182538879025884 ], [ 13.544026726961356, 47.182548321461169 ], [ 13.544009979977211, 47.182551771624674 ], [ 13.54398624449971, 47.182556764345449 ], [ 13.543970812583639, 47.182559042360218 ], [ 13.543956288708964, 47.182557359681212 ], [ 13.54392025748648, 47.182556796549136 ], [ 13.543898752286788, 47.182558455954933 ], [ 13.543878613754814, 47.182571899880514 ], [ 13.543864657182125, 47.182580113665615 ], [ 13.543816083818902, 47.182578404005518 ], [ 13.543783232836889, 47.182581074135634 ], [ 13.543768479751314, 47.182588119674939 ], [ 13.543743170937677, 47.182595724603296 ], [ 13.54371087611727, 47.182605501906799 ], [ 13.543692159516104, 47.182611475036417 ], [ 13.543669489075874, 47.18261880513667 ], [ 13.543632293672976, 47.182624182581591 ], [ 13.543627185714318, 47.182633999573135 ], [ 13.543621801281835, 47.182640667862835 ], [ 13.543589375869278, 47.182650805283224 ], [ 13.543578291522566, 47.182651185680974 ], [ 13.543519095847838, 47.182666501275527 ], [ 13.543467151893937, 47.182680093870573 ], [ 13.543438952802171, 47.182691033238093 ], [ 13.543389265582196, 47.182707950796846 ], [ 13.54335171955637, 47.182724755940583 ], [ 13.543319575855225, 47.18273939163906 ], [ 13.543321877299132, 47.182753963746237 ], [ 13.543265453600613, 47.182769454046309 ], [ 13.543220434627518, 47.182798779811051 ], [ 13.543203186044614, 47.18280888911648 ], [ 13.543163641710485, 47.182821019054551 ], [ 13.543141339180396, 47.182821330125421 ], [ 13.543116063365932, 47.182837302760973 ], [ 13.543090394826651, 47.18285408591256 ], [ 13.543058265607645, 47.182872410587791 ], [ 13.543012122486392, 47.182884552639301 ], [ 13.543000410684757, 47.1828931220901 ], [ 13.542940674548113, 47.182905379144216 ], [ 13.542872375749582, 47.182921610950643 ], [ 13.542864672351094, 47.182942589898708 ], [ 13.542823956469926, 47.182958860841566 ], [ 13.542793802433255, 47.18297610207415 ], [ 13.542769170273811, 47.182988024459448 ], [ 13.542722458110143, 47.182989820028396 ], [ 13.542701813308161, 47.183008843281705 ], [ 13.542672947598609, 47.183018164090811 ], [ 13.542628111184976, 47.183027064391474 ], [ 13.5425981643721, 47.183029998768227 ], [ 13.542544744607895, 47.183037655141419 ], [ 13.542538780121554, 47.183031187731281 ], [ 13.542532007057535, 47.183020492865346 ], [ 13.542517710028974, 47.183009451925749 ], [ 13.54251814760215, 47.183019978488566 ], [ 13.542491383835833, 47.183026865993597 ], [ 13.542456365456067, 47.183048884888258 ], [ 13.542423568554428, 47.183065321083703 ], [ 13.542384086463128, 47.183093286675792 ], [ 13.542360490390159, 47.183100258305828 ], [ 13.542326601707924, 47.183107608752074 ], [ 13.542294796163368, 47.18310775716153 ], [ 13.542231193961097, 47.183110303375003 ], [ 13.542153898366308, 47.183120972666799 ], [ 13.542139581701937, 47.183138364605384 ], [ 13.542117996820435, 47.183153340490492 ], [ 13.542094684885353, 47.183165440261192 ], [ 13.542070095107139, 47.183188159716707 ], [ 13.542045882052911, 47.183206019690758 ], [ 13.542000608381706, 47.183237954785476 ], [ 13.541976770612781, 47.183250595361443 ], [ 13.541921914429299, 47.183262213086536 ], [ 13.541888811754548, 47.183268122320925 ], [ 13.541808214708691, 47.18327834754313 ], [ 13.541770929953802, 47.183294701797358 ], [ 13.541742508439521, 47.183316348472928 ], [ 13.541722118597754, 47.183333211620429 ], [ 13.541690066339838, 47.183337769210127 ], [ 13.541650893083617, 47.183343779472104 ], [ 13.541615430013712, 47.183353561981896 ], [ 13.541590860987972, 47.183348118339268 ], [ 13.541553515878139, 47.183349176458499 ], [ 13.541552581261374, 47.183379950472457 ], [ 13.5415479017239, 47.183398134492158 ], [ 13.541516047283626, 47.183419427484608 ], [ 13.541444883236556, 47.183445651178623 ], [ 13.541358384460231, 47.183465424493612 ], [ 13.541258720255806, 47.183493409760757 ], [ 13.541156011718883, 47.183485589460581 ], [ 13.54108406024851, 47.183479422470093 ], [ 13.541006913884097, 47.183494679561832 ], [ 13.541016887693637, 47.183513916535382 ], [ 13.540994842644521, 47.183546258702556 ], [ 13.540967736903056, 47.183567003006679 ], [ 13.540942127200275, 47.183632643341838 ], [ 13.540883863866654, 47.183684216790098 ], [ 13.540852948359694, 47.183709466892289 ], [ 13.540802825018076, 47.18375022814925 ], [ 13.540778722780177, 47.183762868955561 ], [ 13.540722165992982, 47.183778538189685 ], [ 13.540665362508678, 47.183798616742315 ], [ 13.540579133871873, 47.183820188521132 ], [ 13.540499374129995, 47.183842288318232 ], [ 13.540405699339239, 47.183849747060975 ], [ 13.540256235762028, 47.183866844840004 ], [ 13.540175581899415, 47.183896594122899 ], [ 13.540022792668619, 47.183907039308693 ], [ 13.539928117785154, 47.183928805896002 ], [ 13.53984128341196, 47.183930583168816 ], [ 13.539782059579409, 47.183939328510967 ], [ 13.539782089443369, 47.183946976543005 ], [ 13.539761029365426, 47.183961411161604 ], [ 13.539735994865797, 47.183971983956226 ], [ 13.539733693397991, 47.183990973381597 ], [ 13.539736801578394, 47.184009593081008 ], [ 13.539728546743186, 47.18402490423184 ], [ 13.539701530795856, 47.184035030726641 ], [ 13.539679008729612, 47.18404685863522 ], [ 13.53964736619092, 47.184055103982708 ], [ 13.539635307158951, 47.184076360540459 ], [ 13.539618110837525, 47.184100145783027 ], [ 13.539596404106968, 47.184118000687903 ], [ 13.539546546197263, 47.184125649193561 ], [ 13.539502608302923, 47.184128428163511 ], [ 13.539485446287152, 47.184161031116936 ], [ 13.539497701528671, 47.18419007163255 ], [ 13.539504800890455, 47.184216872054876 ], [ 13.53950778334193, 47.184237111582654 ], [ 13.539524240140015, 47.184260565875846 ], [ 13.539535001911847, 47.184278901774086 ], [ 13.539523712893825, 47.184294578319758 ], [ 13.539500199467772, 47.18428913231299 ], [ 13.539460653180832, 47.184301260964858 ], [ 13.539397460303828, 47.184341505416782 ], [ 13.539392221521091, 47.184351862317342 ], [ 13.539383152223291, 47.18436141635911 ], [ 13.539363250570178, 47.184368380673902 ], [ 13.539328554420182, 47.184372042611564 ], [ 13.539303372589492, 47.184378746545462 ], [ 13.539297141588024, 47.18437155962954 ], [ 13.539290892011266, 47.184359603940429 ], [ 13.539282688356575, 47.184354220144996 ], [ 13.53926571193405, 47.184366757750247 ], [ 13.53923882524883, 47.184376254058257 ], [ 13.539220532533809, 47.184389693814197 ], [ 13.539211685810185, 47.184388630096727 ], [ 13.539170198160683, 47.184376738173953 ], [ 13.539130704557069, 47.184368531705168 ], [ 13.539080660092893, 47.184362233834463 ], [ 13.539051740493338, 47.184358057198388 ], [ 13.539051437326229, 47.184347980268932 ], [ 13.539052931432909, 47.184324943331852 ], [ 13.539041391955845, 47.184310207894129 ], [ 13.539024446651826, 47.184296831892794 ], [ 13.539006802265284, 47.184273379675211 ], [ 13.538980092741085, 47.18426056118679 ], [ 13.538954698857177, 47.184212739073949 ], [ 13.53894236931693, 47.184198454941701 ], [ 13.538921744101533, 47.184189044585906 ], [ 13.53891170612221, 47.184187083223442 ], [ 13.538895900320254, 47.184195209761491 ], [ 13.53887778863152, 47.184187324472553 ], [ 13.538860888179649, 47.184185465483395 ], [ 13.538835601108323, 47.184165086282633 ], [ 13.538796030437869, 47.184136994814139 ], [ 13.538753671158021, 47.184104499471374 ], [ 13.538733952025261, 47.184090498593818 ], [ 13.538724533410043, 47.184078098708703 ], [ 13.538718917317887, 47.18405930355582 ], [ 13.538700922650294, 47.184047548995849 ], [ 13.538664988201752, 47.184038166232817 ], [ 13.538641983668574, 47.184027770369191 ], [ 13.538611737878602, 47.184021886443333 ], [ 13.538594429680888, 47.184016968916261 ], [ 13.538580557428247, 47.18401321489403 ], [ 13.53852288279718, 47.184013138992775 ], [ 13.538498076365629, 47.184014533400592 ], [ 13.538486196343841, 47.184014014962813 ], [ 13.538469344836606, 47.184024752674716 ], [ 13.538436339069838, 47.184021842936581 ], [ 13.538423776474884, 47.184015477186847 ], [ 13.538383509191783, 47.184011860706079 ], [ 13.538323188743741, 47.18401016987864 ], [ 13.538265507489822, 47.184008384286962 ], [ 13.538242255832948, 47.184002307707054 ], [ 13.53821983335251, 47.184005857219212 ], [ 13.538216131721764, 47.184004244292026 ], [ 13.538179682728334, 47.183998281447224 ], [ 13.538165240073736, 47.183983551149197 ], [ 13.538134980071682, 47.183973978045842 ], [ 13.538082262413136, 47.183958866757493 ], [ 13.538046612643129, 47.183954791958612 ], [ 13.53798020810267, 47.183949692755057 ], [ 13.53794229907143, 47.183941573001718 ], [ 13.537878848174167, 47.183949425183101 ], [ 13.537828980778531, 47.183954643562451 ], [ 13.537817364730357, 47.18395412458046 ], [ 13.537753242434823, 47.183959008642006 ], [ 13.537721341956315, 47.183968873512548 ], [ 13.537695622815887, 47.183973148664982 ], [ 13.537632943539508, 47.183975780629261 ], [ 13.537601526438509, 47.183974127480781 ], [ 13.537576016319781, 47.183964185789307 ], [ 13.537564113030879, 47.183957638806199 ], [ 13.537543920228575, 47.183957585082851 ], [ 13.537504887054832, 47.183965933080778 ], [ 13.537457694925545, 47.183980414175764 ], [ 13.537393742743207, 47.183995195252201 ], [ 13.537366545427183, 47.183992634693837 ], [ 13.537351228813403, 47.18399077263998 ], [ 13.537333307033549, 47.183997823026637 ], [ 13.537308225168404, 47.183996248412626 ], [ 13.537268872443546, 47.183990200506294 ], [ 13.537255407675186, 47.183989414849108 ], [ 13.53723368214902, 47.184002590507703 ], [ 13.537216125051946, 47.184001542249227 ], [ 13.537178901310442, 47.183999989369596 ], [ 13.537158663050423, 47.183988148609984 ], [ 13.537128620705664, 47.183966517867887 ], [ 13.537098830201614, 47.183941737454987 ], [ 13.537075166133835, 47.183931342457171 ], [ 13.537017635356788, 47.18393432477091 ], [ 13.536988965549973, 47.183926368110725 ], [ 13.536970857702658, 47.183919382287151 ], [ 13.536878327807843, 47.183915858827731 ], [ 13.536834887723382, 47.183910807838082 ], [ 13.536798996636062, 47.183912581616887 ], [ 13.536767060000983, 47.183913088627222 ], [ 13.536674715055007, 47.183923331225607 ], [ 13.536588164944275, 47.183930414182612 ], [ 13.536481322539109, 47.183945901222636 ], [ 13.536343860407341, 47.183961172883535 ], [ 13.536245277849543, 47.183962428518804 ], [ 13.536112027823723, 47.18397481310658 ], [ 13.536032072258791, 47.18398080415475 ], [ 13.535957103176202, 47.18397931813378 ], [ 13.535952090468248, 47.183979956905567 ], [ 13.53588283465899, 47.183988448157798 ], [ 13.535832014587095, 47.183986199229203 ], [ 13.535812737688246, 47.183984074086673 ], [ 13.535755743303065, 47.183989304245159 ], [ 13.535697689302765, 47.183993546508098 ], [ 13.535655463228636, 47.183995331197075 ], [ 13.535598069098405, 47.1839995722355 ], [ 13.535541018236781, 47.183990046081597 ], [ 13.53547709186808, 47.183977202951908 ], [ 13.535468376921386, 47.183976048732418 ], [ 13.535427046832247, 47.183970543569338 ], [ 13.535400819200609, 47.183979947822905 ], [ 13.53538113132819, 47.184008415677738 ], [ 13.535320571433232, 47.184013112087122 ], [ 13.53531516175221, 47.184013481603401 ], [ 13.535257504652066, 47.184017992869613 ], [ 13.5351800743517, 47.184028657665237 ], [ 13.535013209922429, 47.184051627977588 ], [ 13.534994552075991, 47.184038794280148 ], [ 13.534984187512316, 47.184020367274087 ], [ 13.53496950169003, 47.184010855697075 ], [ 13.534926718163558, 47.184004903041775 ], [ 13.534872218196886, 47.18400670919339 ], [ 13.534838173970538, 47.1840082991271 ], [ 13.534815435183944, 47.183998171954102 ], [ 13.534789926262246, 47.183988409592779 ], [ 13.534779946053517, 47.183966922653511 ], [ 13.534766820350045, 47.183951199841935 ], [ 13.534743567405714, 47.183944672663927 ], [ 13.534715109107353, 47.183922858527481 ], [ 13.534694311649607, 47.18390265041657 ], [ 13.534677371342992, 47.18389026351408 ], [ 13.534655040902505, 47.183883374775164 ], [ 13.534625752362247, 47.183886125935217 ], [ 13.534593484291083, 47.183868907361528 ], [ 13.534562927826702, 47.183850606020989 ], [ 13.534539650981134, 47.183837780420838 ], [ 13.534512528338974, 47.18382010283478 ], [ 13.534467530700203, 47.183787160682535 ], [ 13.534445032072943, 47.183770734588151 ], [ 13.534418186454051, 47.183756475633722 ], [ 13.534384353290996, 47.183744118551182 ], [ 13.534343939803275, 47.183736631871213 ], [ 13.534298381988506, 47.183729874086012 ], [ 13.534264037721787, 47.183721926766879 ], [ 13.534223074139728, 47.183708592480336 ], [ 13.534185262282522, 47.183691113650063 ], [ 13.534170311717228, 47.183681332505316 ], [ 13.534147062040759, 47.183675614997263 ], [ 13.534114840726394, 47.183670633141624 ], [ 13.53409818371601, 47.183663284391379 ], [ 13.534052772319283, 47.18366030530342 ], [ 13.533988609052576, 47.183654390023086 ], [ 13.533938962826939, 47.183648359126515 ], [ 13.533900590217536, 47.183656974657005 ], [ 13.533861841461745, 47.183670809530931 ], [ 13.53383956070042, 47.183676967277897 ], [ 13.53382873046702, 47.183674826909836 ], [ 13.533816941939614, 47.183663600505511 ], [ 13.533804745547432, 47.183649225607446 ], [ 13.533794283273499, 47.183639706435166 ], [ 13.533780406683805, 47.183634692152438 ], [ 13.533738567550287, 47.183634046058089 ], [ 13.533721179112314, 47.183642624553528 ], [ 13.533718200275445, 47.183657566061328 ], [ 13.533713500631677, 47.183671160938609 ], [ 13.533692307374723, 47.183685684645447 ], [ 13.533660656619354, 47.18369194883995 ], [ 13.533609195451525, 47.183694558833253 ], [ 13.533575275525751, 47.18369407868942 ], [ 13.533543452567658, 47.183689725813302 ], [ 13.533519544777853, 47.183684459223116 ], [ 13.533485222117989, 47.183682180211981 ], [ 13.533461994654379, 47.183682311060622 ], [ 13.533442293765342, 47.183672718133685 ], [ 13.53342157078756, 47.183672034770645 ], [ 13.533388840025038, 47.183671912389315 ], [ 13.53335358639719, 47.183667745449199 ], [ 13.533328625209936, 47.18366311051372 ], [ 13.533302591882213, 47.183654158539305 ], [ 13.533279624299094, 47.183653209164305 ], [ 13.533268106650487, 47.183643781776581 ], [ 13.533264248720439, 47.18363569058593 ], [ 13.533247194890242, 47.183628072476658 ], [ 13.533234906150172, 47.183624135066388 ], [ 13.533221460245457, 47.183628297660462 ], [ 13.533200757697525, 47.183633012869429 ], [ 13.533182160640402, 47.183636104780781 ], [ 13.533172321288836, 47.183616776913155 ], [ 13.533155497421562, 47.183600160639408 ], [ 13.533136317721301, 47.183588767194664 ], [ 13.533124821534166, 47.183585008335235 ], [ 13.533110143646553, 47.183577476009489 ], [ 13.533095199771465, 47.183569404284157 ], [ 13.533087632610462, 47.183557630525804 ], [ 13.533080489256644, 47.183553234175015 ], [ 13.533054483557679, 47.183551570270353 ], [ 13.533048502157369, 47.183540333589704 ], [ 13.533045193584972, 47.18353791000748 ], [ 13.533013774168156, 47.183535535779399 ], [ 13.532992374380299, 47.183530354653229 ], [ 13.5329690285969, 47.183534084707894 ], [ 13.532945667522531, 47.183533765798636 ], [ 13.532934421044718, 47.183526227428175 ], [ 13.532913287597607, 47.183521675662043 ], [ 13.532903952302959, 47.183530959721381 ], [ 13.532889048209155, 47.183533415262914 ], [ 13.532868059643452, 47.183532282377961 ], [ 13.532847869724581, 47.183532947637559 ], [ 13.532832047908633, 47.183537024375852 ], [ 13.532827627957541, 47.183554847666692 ], [ 13.532796484034195, 47.183555532129333 ], [ 13.532787285101945, 47.183565985646965 ], [ 13.532772118059416, 47.1835687115667 ], [ 13.532744105573641, 47.183559852912722 ], [ 13.532732477105391, 47.183556004268212 ], [ 13.532708954186369, 47.183547767577082 ], [ 13.53270219627405, 47.183540581225508 ], [ 13.532693045495131, 47.18352881021692 ], [ 13.532676411118345, 47.18352739973237 ], [ 13.532663182669078, 47.183519234966546 ], [ 13.532655909415322, 47.183515378681655 ], [ 13.532614444271349, 47.183508882984121 ], [ 13.532581839483276, 47.183507140556074 ], [ 13.532540268145992, 47.183507483305036 ], [ 13.53250873272639, 47.183509338081841 ], [ 13.532503260705806, 47.183493151720114 ], [ 13.532485879018934, 47.183468528330124 ], [ 13.532481343040439, 47.183455579517151 ], [ 13.532480524410898, 47.183448472730646 ], [ 13.532477071015306, 47.183442630241849 ], [ 13.532454107605378, 47.183442760422949 ], [ 13.532401573875489, 47.183440872875714 ], [ 13.532368851726806, 47.183442999623296 ], [ 13.532328205283507, 47.183443610608926 ], [ 13.532298120271328, 47.183445102880043 ], [ 13.532266556778861, 47.183439489509347 ], [ 13.532226680187634, 47.183434250576958 ], [ 13.532204377673875, 47.183434649484468 ], [ 13.532187080077556, 47.183432340313509 ], [ 13.53217805802309, 47.183419669263998 ], [ 13.532169586548159, 47.183413025741451 ], [ 13.532127145611923, 47.18339267504296 ], [ 13.532065293840169, 47.183369568944677 ], [ 13.532031055401848, 47.183354512548767 ], [ 13.531976889048813, 47.183339580925562 ], [ 13.531925379469442, 47.183329233488635 ], [ 13.531901725477242, 47.183321176814964 ], [ 13.531859826133584, 47.183304424170174 ], [ 13.531830099951623, 47.183296018170381 ], [ 13.531810810290381, 47.183290383252697 ], [ 13.531810439361774, 47.183297042232432 ], [ 13.531782000266521, 47.183315087348873 ], [ 13.531766729975267, 47.183325461399583 ], [ 13.531722716073393, 47.183343083785218 ], [ 13.531694136845783, 47.18335896966488 ], [ 13.531649202439302, 47.183377493401984 ], [ 13.531627988822137, 47.183386708089586 ], [ 13.531587265099827, 47.183401895294949 ], [ 13.53157399057287, 47.183416584759129 ], [ 13.531573386028112, 47.183431342116883 ], [ 13.531578346051221, 47.183451848333469 ], [ 13.531582234077309, 47.183468037500091 ], [ 13.531581672722668, 47.18349431189786 ], [ 13.531559304327894, 47.183512346376688 ], [ 13.53154245494971, 47.183523982833528 ], [ 13.531516231234496, 47.183534555892898 ], [ 13.531474427279381, 47.183543266562381 ], [ 13.531440672151195, 47.183551513310263 ], [ 13.531399815598405, 47.183566520724533 ], [ 13.531387704828751, 47.183574819740286 ], [ 13.531362895381413, 47.183575402803264 ], [ 13.531336421132783, 47.183589575355732 ], [ 13.531313644219001, 47.183604281331107 ], [ 13.531274343676847, 47.183611907839861 ], [ 13.531252603680798, 47.183621573260567 ], [ 13.531232987082136, 47.183634384193603 ], [ 13.531201872390033, 47.183642896208646 ], [ 13.53117668381668, 47.183647978763631 ], [ 13.531163774739497, 47.183654569572298 ], [ 13.531141640460705, 47.183664685544805 ], [ 13.531128978495291, 47.18366677704671 ], [ 13.531129048180157, 47.18368540225989 ], [ 13.531129357915896, 47.183697638655893 ], [ 13.531129510090677, 47.18370303703891 ], [ 13.531119500095327, 47.18370845309385 ], [ 13.531090210795051, 47.183711023391631 ], [ 13.531064722553591, 47.183706568831965 ], [ 13.531060232332994, 47.183705766840838 ], [ 13.531048497216732, 47.183708666519642 ], [ 13.531043750783171, 47.183709934454853 ], [ 13.531013870568717, 47.183730951139466 ], [ 13.530985318167554, 47.183754124967805 ], [ 13.530951692450854, 47.183761741503233 ], [ 13.530944211838865, 47.183773001682837 ], [ 13.530933122651717, 47.183807482315679 ], [ 13.530916557172061, 47.18382451683366 ], [ 13.530881659378972, 47.183844912357266 ], [ 13.530839487045366, 47.183861091561944 ], [ 13.530798367810608, 47.183876549102962 ], [ 13.530771341159111, 47.183884244105414 ], [ 13.530749694968344, 47.183883741814014 ], [ 13.530721175240568, 47.18388037216873 ], [ 13.530712171936855, 47.183872649731725 ], [ 13.530705332665864, 47.183878960022255 ], [ 13.530703036027061, 47.18390010871024 ], [ 13.530704029735729, 47.183918822297116 ], [ 13.530679788668351, 47.183930291497106 ], [ 13.530635873306029, 47.183939185476362 ], [ 13.53063107680806, 47.183927046839969 ], [ 13.530618364393359, 47.183915641753835 ], [ 13.530606079811038, 47.183912783782702 ], [ 13.530576407199407, 47.183918773756382 ], [ 13.530550695898356, 47.183925296718357 ], [ 13.53053065187372, 47.183929740367368 ], [ 13.530520014444377, 47.18394388527058 ], [ 13.530502127678242, 47.183960562108673 ], [ 13.530467986603291, 47.183971598537674 ], [ 13.530439518173447, 47.183981995283844 ], [ 13.53040715482426, 47.18400967444321 ], [ 13.530356182340659, 47.184037295852875 ], [ 13.530313777588873, 47.18406202312314 ], [ 13.530292066397232, 47.184079516348362 ], [ 13.530268207691407, 47.184087385700082 ], [ 13.530232216124062, 47.184097705442539 ], [ 13.530190801079149, 47.18410470539478 ], [ 13.530140931775401, 47.184109650479641 ], [ 13.530090281315005, 47.184117476172538 ], [ 13.530041356588184, 47.184127998181943 ], [ 13.529990819998412, 47.184130964851086 ], [ 13.52994253504821, 47.184136087064566 ], [ 13.529886962900608, 47.184133573767383 ], [ 13.52983483353912, 47.184134113728582 ], [ 13.529776909546095, 47.184137992840114 ], [ 13.529711084285585, 47.184146564392229 ], [ 13.529662136065847, 47.184150787857448 ], [ 13.529604901659733, 47.18416267368449 ], [ 13.529555715845719, 47.184174005732757 ], [ 13.529521035841073, 47.184182163528632 ], [ 13.529480497739931, 47.18417656486649 ], [ 13.529440632551646, 47.184174474150304 ], [ 13.529401853887155, 47.184180659472787 ], [ 13.529385507707074, 47.184185816364959 ], [ 13.52936310690996, 47.184195392585387 ], [ 13.52933314469133, 47.184194544447493 ], [ 13.529302898506147, 47.184188298143901 ], [ 13.529263211313173, 47.184198623947324 ], [ 13.52922548709649, 47.184204447483459 ], [ 13.529195924474367, 47.184204588373255 ], [ 13.529184039167623, 47.18420262933585 ], [ 13.529167513651531, 47.184195009707452 ], [ 13.529142845864923, 47.184198291366179 ], [ 13.52912031437411, 47.184208227673594 ], [ 13.529095018010855, 47.184219968284388 ], [ 13.529042910874125, 47.184226536334194 ], [ 13.528998972345544, 47.184229311254818 ], [ 13.528976128909028, 47.184226291317401 ], [ 13.528942462984912, 47.184223200011317 ], [ 13.528920036459095, 47.184225847925013 ], [ 13.528903296282714, 47.184231545290146 ], [ 13.528889958229243, 47.184229318787729 ], [ 13.528875873907785, 47.184239420477446 ], [ 13.528851237363446, 47.18425115989961 ], [ 13.528837500379657, 47.184248124279776 ], [ 13.528824273673042, 47.184240318976357 ], [ 13.528815170215095, 47.184241144420021 ], [ 13.528796584997849, 47.18424756476012 ], [ 13.528776930649245, 47.184250387836379 ], [ 13.528755166985185, 47.184253844375583 ], [ 13.528746179204129, 47.184250260719949 ], [ 13.528734974411634, 47.184253879068415 ], [ 13.528726160180067, 47.184261542294244 ], [ 13.528711385336939, 47.184263367224446 ], [ 13.528701348054192, 47.184261494939634 ], [ 13.528681401811054, 47.184256760395044 ], [ 13.528672671672698, 47.184251466719509 ], [ 13.528664382018393, 47.184258229265133 ], [ 13.528651720145753, 47.184260410468568 ], [ 13.528638546317499, 47.184266911467326 ], [ 13.528636997156793, 47.184276271782196 ], [ 13.528632433117922, 47.184291215875795 ], [ 13.52861713999148, 47.184295651029743 ], [ 13.52859761094626, 47.184296674310893 ], [ 13.528573190417221, 47.184295456549229 ], [ 13.528565912037964, 47.184290160373529 ], [ 13.528544792284009, 47.184289296849656 ], [ 13.528492654119244, 47.184287496798149 ], [ 13.528477513884843, 47.184297600250268 ], [ 13.528467523101405, 47.184308324707892 ], [ 13.528446657002503, 47.184304671429757 ], [ 13.528420524747306, 47.184304536301163 ], [ 13.528390183812538, 47.184308367392227 ], [ 13.528376041943943, 47.18430290302009 ], [ 13.528358215988195, 47.184300504196578 ], [ 13.528347789084249, 47.184300342120245 ], [ 13.528328551866244, 47.184308922960547 ], [ 13.528311547976349, 47.184314710668154 ], [ 13.528293455077574, 47.184311502495142 ], [ 13.528270736655973, 47.184306592675654 ], [ 13.528252500504866, 47.184300325508417 ], [ 13.528233991114261, 47.184291539437957 ], [ 13.528218381590017, 47.184281758643728 ], [ 13.528195003299805, 47.184276849939863 ], [ 13.52816015555908, 47.184275380021568 ], [ 13.528156850480395, 47.184273856066383 ], [ 13.528137900737576, 47.18428882478085 ], [ 13.528104579334634, 47.184307597156995 ], [ 13.528072692096639, 47.184321598263004 ], [ 13.528057793522212, 47.184325672756472 ], [ 13.528040894731689, 47.184324172070461 ], [ 13.528022247094075, 47.184313676630836 ], [ 13.527995967616834, 47.184309402694353 ], [ 13.52797778384164, 47.184317351830217 ], [ 13.527963925182357, 47.184317105614241 ], [ 13.527942670137373, 47.18431534243588 ], [ 13.527911789990606, 47.18431611508894 ], [ 13.527858464683316, 47.184314496733144 ], [ 13.527818626268143, 47.184319693576946 ], [ 13.527783660763356, 47.184322092775098 ], [ 13.527748807709813, 47.184319183100961 ], [ 13.527707489403793, 47.184316734352628 ], [ 13.52768438800201, 47.18431533419129 ], [ 13.527626474235706, 47.184322091470037 ], [ 13.527590479349211, 47.184331690563042 ], [ 13.52756739149846, 47.184333979430107 ], [ 13.527534661332206, 47.184334125298221 ], [ 13.527500883935865, 47.184336612358337 ], [ 13.527473277772081, 47.184330451039941 ], [ 13.527449772507595, 47.184326892061719 ], [ 13.527383114804648, 47.184324576417971 ], [ 13.527327418527546, 47.18432422154315 ], [ 13.52727991246638, 47.184325922156347 ], [ 13.527218694571657, 47.184331425177881 ], [ 13.527183602663214, 47.184335354023887 ], [ 13.527149268968087, 47.184330103867673 ], [ 13.527108085957224, 47.18432855444599 ], [ 13.527073389316385, 47.18433230262977 ], [ 13.52704236200282, 47.184328936335454 ], [ 13.52699695603617, 47.184327484043344 ], [ 13.526941663600796, 47.184329287751041 ], [ 13.526895072142612, 47.184328467278462 ], [ 13.526846636619815, 47.184328639676302 ], [ 13.526817740726859, 47.184330668341005 ], [ 13.526787368051139, 47.184325861224572 ], [ 13.526760148361744, 47.184317089730371 ], [ 13.526718655993465, 47.184303123806913 ], [ 13.526684690983412, 47.184290404756197 ], [ 13.526664531958994, 47.184299616724367 ], [ 13.526642609179049, 47.184295694980001 ], [ 13.52661532565013, 47.184305548890528 ], [ 13.526573033569049, 47.184289424814537 ], [ 13.526537331517984, 47.184270860137424 ], [ 13.526499275265776, 47.184258147981353 ], [ 13.526459680992051, 47.184257945288806 ], [ 13.526383834273688, 47.184269141280282 ], [ 13.526342938612585, 47.184273979492929 ], [ 13.526289369145863, 47.184277759464031 ], [ 13.526266816069263, 47.184281936686588 ], [ 13.526220726965814, 47.184274096845776 ], [ 13.526184114006822, 47.18425904272334 ], [ 13.526118451560581, 47.184240078825816 ], [ 13.526067210141811, 47.184230808017261 ], [ 13.52597946391738, 47.184199914461082 ], [ 13.525889497777097, 47.184175502971762 ], [ 13.525821574232467, 47.184151683949686 ], [ 13.525786527804533, 47.184095597334853 ], [ 13.525699409766105, 47.184055884711107 ], [ 13.525601835472896, 47.184044172682427 ], [ 13.5255509549309, 47.184025183468293 ], [ 13.525505521462627, 47.184016082546407 ], [ 13.525473010964097, 47.184003990519514 ], [ 13.525434579500383, 47.183996857243713 ], [ 13.525416213776124, 47.183991129706769 ], [ 13.525361098323767, 47.18396890837235 ], [ 13.525325278988369, 47.183954212544236 ], [ 13.525289199313145, 47.183940506896136 ], [ 13.52527409743457, 47.183924966286455 ], [ 13.525255939519253, 47.183903762252996 ], [ 13.525216383757478, 47.183877735538161 ], [ 13.525187314272799, 47.183868246970164 ], [ 13.525138654388158, 47.183879216314374 ], [ 13.525115953092298, 47.183878894687375 ], [ 13.525098399213839, 47.183878654354231 ], [ 13.525055365677128, 47.183876207537224 ], [ 13.52502127719397, 47.183865647658266 ], [ 13.524955506832198, 47.183853071671948 ], [ 13.524913646438529, 47.183846573839986 ], [ 13.52485213523439, 47.183843888138021 ], [ 13.524835939923282, 47.183854352792252 ], [ 13.524828829808525, 47.18385895361363 ], [ 13.524800919199254, 47.183877895867298 ], [ 13.524781432596402, 47.183890615490569 ], [ 13.524747532499427, 47.183895621309937 ], [ 13.52472113975962, 47.183896385546319 ], [ 13.52468370787369, 47.183910125101661 ], [ 13.524621222842008, 47.183930115228314 ], [ 13.52458893246938, 47.18394231648815 ], [ 13.524571525196899, 47.183946124812103 ], [ 13.524564799585162, 47.183947575759994 ], [ 13.524520067565192, 47.183949900401011 ], [ 13.524513074092948, 47.183950272066845 ], [ 13.52445197596033, 47.183952354258651 ], [ 13.524418179798491, 47.183949621745484 ], [ 13.524390189971516, 47.183946699513491 ], [ 13.524358098135524, 47.183940814909029 ], [ 13.524334048440563, 47.183932577376396 ], [ 13.524311559070098, 47.183917858842918 ], [ 13.524294239557795, 47.183909430045439 ], [ 13.524291028236485, 47.183897288483088 ], [ 13.524301940699418, 47.183885753047967 ], [ 13.524286995154378, 47.183876870375933 ], [ 13.524242882446972, 47.183867946688515 ], [ 13.524206975373049, 47.183865397611036 ], [ 13.524196256025775, 47.183857317631229 ], [ 13.524163239779496, 47.183851254568424 ], [ 13.524105939195779, 47.183845052278556 ], [ 13.524081863284957, 47.183829526564182 ], [ 13.524064124209486, 47.183814530082373 ], [ 13.523999463714386, 47.183780267120625 ], [ 13.523943413885647, 47.183754897457746 ], [ 13.523920938648327, 47.183744047853544 ], [ 13.523899663208612, 47.183736525399773 ], [ 13.523886752880214, 47.183743025407239 ], [ 13.523851036254992, 47.183756671837699 ], [ 13.523824145495569, 47.183765714625139 ], [ 13.523791032708088, 47.18376945915719 ], [ 13.523775093707526, 47.183777853750087 ], [ 13.523733269815166, 47.183781432896922 ], [ 13.523708861300944, 47.183783453261235 ], [ 13.523682049345105, 47.183777739583256 ], [ 13.523646305433344, 47.183783827890274 ], [ 13.523625878881424, 47.183792139994083 ], [ 13.523590146611655, 47.183801467451723 ], [ 13.523573929692729, 47.183805993451486 ], [ 13.523553855340678, 47.183802157999111 ], [ 13.52349422915063, 47.183809815816986 ], [ 13.523455988644207, 47.183818967471481 ], [ 13.523407197116835, 47.183830116250924 ], [ 13.523343489302384, 47.183840480134364 ], [ 13.523315245340322, 47.183840257386279 ], [ 13.523293139611784, 47.183822028891406 ], [ 13.523266286623674, 47.1838048880497 ], [ 13.523230557514268, 47.183815115163583 ], [ 13.523182905906387, 47.183812945282973 ], [ 13.523122628813079, 47.18382312336108 ], [ 13.523079887787347, 47.183828593324677 ], [ 13.523046511923548, 47.183832608011464 ], [ 13.523013706578467, 47.183848498758515 ], [ 13.522988008907143, 47.183859068974812 ], [ 13.522965358631787, 47.183872963269231 ], [ 13.522940983287906, 47.183884251089516 ], [ 13.522911912593804, 47.183874312056702 ], [ 13.522879758355073, 47.183887772288919 ], [ 13.522857597234724, 47.183890868454327 ], [ 13.52277663124112, 47.183909898613003 ], [ 13.522691293194029, 47.183924257166936 ], [ 13.522601342676435, 47.183940512859195 ], [ 13.522524483256129, 47.183963854920933 ], [ 13.522452879669423, 47.1839807098157 ], [ 13.522402785712433, 47.183996809089059 ], [ 13.522379171806262, 47.183999637644192 ], [ 13.522344181172084, 47.183995016975544 ], [ 13.522291915390475, 47.183994294029567 ], [ 13.52225906855687, 47.183998667516185 ], [ 13.522228756289236, 47.184010594887972 ], [ 13.522182335092353, 47.184020389543676 ], [ 13.522141570252568, 47.184024956099051 ], [ 13.522121138230061, 47.184031828302622 ], [ 13.522078526018191, 47.184036487879425 ], [ 13.52204793206692, 47.18404346691171 ], [ 13.521998744747329, 47.184054795698749 ], [ 13.521977405551928, 47.184066348207857 ], [ 13.521942317925033, 47.1840715351168 ], [ 13.521914600470419, 47.18407095123851 ], [ 13.52189956855281, 47.184074755215143 ], [ 13.521855624000072, 47.184075907797798 ], [ 13.521827118210295, 47.184076314956769 ], [ 13.521781966613824, 47.184072070865668 ], [ 13.521756356946874, 47.184070403727077 ], [ 13.521717277593417, 47.184066509459541 ], [ 13.521698796301163, 47.184065280387209 ], [ 13.521668716086614, 47.184068299459724 ], [ 13.521642335717118, 47.184072572082243 ], [ 13.521608974012034, 47.18408063530849 ], [ 13.521598458136083, 47.184092529737747 ], [ 13.521559555289466, 47.184101141986716 ], [ 13.521532135093906, 47.184109915176158 ], [ 13.52151079961825, 47.184122547320634 ], [ 13.52149061733887, 47.184125459990774 ], [ 13.52145100108932, 47.184119047152173 ], [ 13.521420645990236, 47.184119007381199 ], [ 13.521385154659734, 47.184122035327796 ], [ 13.521368159033159, 47.184130341352741 ], [ 13.521326324460071, 47.184131040355417 ], [ 13.521323910789212, 47.184120337031153 ], [ 13.521315178208853, 47.184114143023031 ], [ 13.521281505765034, 47.18410906996224 ], [ 13.521218163388736, 47.184111064151395 ], [ 13.521170681302578, 47.184119510485765 ], [ 13.521127980752423, 47.184136496760509 ], [ 13.521103742306652, 47.184149313577002 ], [ 13.52108925867204, 47.184158875096827 ], [ 13.521038991896818, 47.184163636898887 ], [ 13.520994159505436, 47.184174958063956 ], [ 13.520963166205187, 47.184181037689285 ], [ 13.520920997599889, 47.184199192715184 ], [ 13.520898980663818, 47.184205797381118 ], [ 13.520862048984021, 47.18421206672754 ], [ 13.520800823534161, 47.184215586810076 ], [ 13.520759545190376, 47.184224292678714 ], [ 13.520697810307114, 47.184233032236193 ], [ 13.520614561778105, 47.184241447280371 ], [ 13.520564437057944, 47.184249087916648 ], [ 13.520520824791747, 47.184269584583873 ], [ 13.520510687362119, 47.184276619508218 ], [ 13.520487330814191, 47.184277647698892 ], [ 13.520456352684572, 47.184288046077604 ], [ 13.520415749402034, 47.184301069627196 ], [ 13.520383021465337, 47.184301843279876 ], [ 13.520369579472876, 47.184307443987876 ], [ 13.520357969567387, 47.184308632787598 ], [ 13.520335660230149, 47.184307229834509 ], [ 13.520322340342087, 47.184310041035978 ], [ 13.520286591229855, 47.184314868612447 ], [ 13.520220984906016, 47.184311197390784 ], [ 13.520179310777074, 47.184319993676716 ], [ 13.520109405778435, 47.184332345434797 ], [ 13.520084879199306, 47.184338414200255 ], [ 13.520060334815177, 47.184339444253908 ], [ 13.520038261461401, 47.184330122841786 ], [ 13.520017774391279, 47.184321518640914 ], [ 13.519964391680025, 47.184340951403549 ], [ 13.519930992388254, 47.184338486840844 ], [ 13.519887451763859, 47.184341977414398 ], [ 13.519852413913657, 47.184361380030445 ], [ 13.519827643652654, 47.184373207695224 ], [ 13.519751367067244, 47.184375222278021 ], [ 13.519714838364374, 47.184383560072376 ], [ 13.519671565768061, 47.184388219830581 ], [ 13.519587150906126, 47.184402844476743 ], [ 13.519508023993051, 47.184419979771555 ], [ 13.519461860187647, 47.184428153302562 ], [ 13.519456452254666, 47.184429061927489 ], [ 13.519370682019471, 47.184433611160024 ], [ 13.519327065340272, 47.184453027647301 ], [ 13.519209780120185, 47.184465546308786 ], [ 13.519095549632048, 47.18448354848254 ], [ 13.518989805178656, 47.18451278386604 ], [ 13.51892156559874, 47.18458613686613 ], [ 13.518795056314039, 47.184640509652198 ], [ 13.518658821353249, 47.184706595210756 ], [ 13.518532375080143, 47.184741442501604 ], [ 13.518406155131322, 47.184803282508433 ], [ 13.518291442263271, 47.184872301853908 ], [ 13.518195345866289, 47.184905749744324 ], [ 13.51802237857172, 47.184922496640951 ], [ 13.517892482906065, 47.184990280555006 ], [ 13.517785801511657, 47.185054067664645 ], [ 13.517678102174211, 47.185090953077513 ], [ 13.517569639347244, 47.185136027569584 ], [ 13.517419584159114, 47.185175860623929 ], [ 13.517268593926156, 47.185212545783173 ], [ 13.517129475751444, 47.185247501984719 ], [ 13.516964964922865, 47.185305443259935 ], [ 13.516818927557187, 47.185362364741316 ], [ 13.516690175585268, 47.185418178438091 ], [ 13.516481129819031, 47.185459904896568 ], [ 13.516236362082974, 47.185514735152346 ], [ 13.516045028390113, 47.185564350333237 ], [ 13.515897433830656, 47.185629461075557 ], [ 13.515778672299639, 47.185674100502546 ], [ 13.515632029216803, 47.185747397316788 ], [ 13.51551859080746, 47.185804894706891 ], [ 13.515411649568652, 47.185832868993778 ], [ 13.515179584657478, 47.185744522591136 ], [ 13.515038159076113, 47.185876925447893 ], [ 13.514994491204819, 47.185959054599508 ], [ 13.514954813270791, 47.186050085124016 ], [ 13.514919437139833, 47.186125542675335 ], [ 13.514879108635498, 47.186180943161496 ], [ 13.514813096023373, 47.18621326043165 ], [ 13.514754827579331, 47.186271568776988 ], [ 13.51469982893763, 47.18632123404744 ], [ 13.514615598389964, 47.186352410548835 ], [ 13.514542879259221, 47.186392026520878 ], [ 13.514478522136088, 47.186445395668322 ], [ 13.514399772851634, 47.186497078124148 ], [ 13.514328162532918, 47.18655225828175 ], [ 13.514257300845804, 47.186594840367924 ], [ 13.514172971483619, 47.186635914210768 ], [ 13.514110997708064, 47.186691708748214 ], [ 13.514021944036655, 47.186740797976164 ], [ 13.513920117267107, 47.186798545247271 ], [ 13.513860771821957, 47.186889786565011 ], [ 13.513795930323651, 47.186956292790576 ], [ 13.513727802253944, 47.187026673219741 ], [ 13.513709537772819, 47.187050546198165 ], [ 13.513673402566345, 47.1870976616799 ], [ 13.513626779101021, 47.187165488577065 ], [ 13.513576101454033, 47.187205608845254 ], [ 13.513550834518638, 47.187266113691919 ], [ 13.51351508363021, 47.187309899349927 ], [ 13.513467491410706, 47.187364680994257 ], [ 13.513394575339115, 47.187424631427767 ], [ 13.513303522044149, 47.187545975093506 ], [ 13.513199906050207, 47.187737970799297 ], [ 13.513158681228814, 47.187802369820659 ], [ 13.513105743159436, 47.187876684855027 ], [ 13.513032842493889, 47.187941493807088 ], [ 13.512985374772329, 47.187994385524021 ], [ 13.512773661150044, 47.188187181385153 ], [ 13.512732796650592, 47.188202452032499 ], [ 13.512693139558218, 47.188223479313038 ], [ 13.512678438474538, 47.188247526457324 ], [ 13.512638628467153, 47.188301305724821 ], [ 13.512608404050514, 47.18834049353292 ], [ 13.512554442201088, 47.188385747227706 ], [ 13.512488772137504, 47.188481406671471 ], [ 13.512286571351904, 47.188678145632636 ], [ 13.512130159145112, 47.188832792818751 ], [ 13.512038713942431, 47.188917875188316 ], [ 13.511971000401635, 47.188995182154933 ], [ 13.511939015139127, 47.18902132582938 ], [ 13.511908052927144, 47.189037750332503 ], [ 13.511861685598259, 47.189065356205155 ], [ 13.511821124249808, 47.189092503059868 ], [ 13.51176604884262, 47.189121112311092 ], [ 13.511739874298186, 47.189148236563135 ], [ 13.511712695435639, 47.189190658536774 ], [ 13.511672688897891, 47.189225812453536 ], [ 13.511616171396989, 47.1892573931462 ], [ 13.511580875120861, 47.189280302724384 ], [ 13.511535453792238, 47.189314565305594 ], [ 13.511465905462087, 47.189356963625052 ], [ 13.5114248333117, 47.189389329824692 ], [ 13.511353533456223, 47.189421203466203 ], [ 13.5112534671304, 47.189455371504991 ], [ 13.511232794575969, 47.189470250109842 ], [ 13.511194477951856, 47.189497843115106 ], [ 13.511148546384433, 47.189498274850159 ], [ 13.511092509939122, 47.189516087992807 ], [ 13.511022774241843, 47.189542200430409 ], [ 13.510943490832053, 47.189594421171847 ], [ 13.510852577540517, 47.18964234109859 ], [ 13.510797602815318, 47.18966195198557 ], [ 13.510736206390506, 47.189695249422471 ], [ 13.510676098400191, 47.189719187171349 ], [ 13.510644541008874, 47.189715817237875 ], [ 13.510592073469214, 47.189695924055066 ], [ 13.510546882380545, 47.189681058241923 ], [ 13.51050619138441, 47.189669874472024 ], [ 13.510466338795784, 47.189672545895299 ], [ 13.510407003361992, 47.189690723747823 ], [ 13.510344396736206, 47.189717454510209 ], [ 13.510276074953959, 47.18973240709623 ], [ 13.51022199374488, 47.189743018578845 ], [ 13.510124294402171, 47.189774932507774 ], [ 13.510034236009025, 47.189802515567465 ], [ 13.509958185168552, 47.189835025556256 ], [ 13.509862263303376, 47.189885471834877 ], [ 13.509797437549709, 47.189919763838247 ], [ 13.509724628230321, 47.189934903010723 ], [ 13.509668322056854, 47.189951276231817 ], [ 13.509628124865877, 47.189969424001134 ], [ 13.509582372281507, 47.189984071249235 ], [ 13.509526989955823, 47.190000442968532 ], [ 13.509452788807888, 47.190033669571768 ], [ 13.509386015997237, 47.190077951841765 ], [ 13.509306295245263, 47.190118475059428 ], [ 13.509230077670349, 47.190140817377234 ], [ 13.509126577111291, 47.190175078831665 ], [ 13.509073443403855, 47.190192976468914 ], [ 13.50903483003513, 47.190211211557909 ], [ 13.508978428445173, 47.19023874177622 ], [ 13.508924815085681, 47.190271216415766 ], [ 13.508852018481686, 47.190290403990531 ], [ 13.508799888282429, 47.190332323903817 ], [ 13.508698493881694, 47.190365052103409 ], [ 13.508627554293545, 47.19034725597956 ], [ 13.508588999843202, 47.190343536352508 ], [ 13.508572157568114, 47.190359488297496 ], [ 13.508542518232431, 47.190377349480954 ], [ 13.508513278733197, 47.190396379746325 ], [ 13.508445566030204, 47.190396394053856 ], [ 13.508412963761169, 47.190396444250545 ], [ 13.508382075314655, 47.19039586195845 ], [ 13.508337876136766, 47.190401508579349 ], [ 13.508279854320534, 47.190418243662073 ], [ 13.508248491497772, 47.190433857986413 ], [ 13.508208476957979, 47.190467571053539 ], [ 13.508159190691474, 47.190491580806587 ], [ 13.508025586544855, 47.19052354812132 ], [ 13.507904507341838, 47.190551177140634 ], [ 13.507861409693364, 47.190570678396973 ], [ 13.507814192289763, 47.19058172808721 ], [ 13.507780549403632, 47.190586458521473 ], [ 13.507755893353446, 47.190594594301693 ], [ 13.507726215009855, 47.190600758276702 ], [ 13.507700355861676, 47.190604307045156 ], [ 13.507679916756311, 47.190610366864163 ], [ 13.50764258662778, 47.190617712253477 ], [ 13.507627827388484, 47.190625023039935 ], [ 13.50760803280472, 47.190626403036219 ], [ 13.507583484967892, 47.190627340425543 ], [ 13.507546829020065, 47.190639003663058 ], [ 13.507546349099105, 47.190653580728295 ], [ 13.507536258258341, 47.190675640635853 ], [ 13.507484674225836, 47.190683457693659 ], [ 13.507460152450626, 47.190692313022858 ], [ 13.507433496534517, 47.190694423313097 ], [ 13.507418082018742, 47.190703174712986 ], [ 13.507401756285784, 47.190715796531364 ], [ 13.50736734027949, 47.190726286576869 ], [ 13.507344548310101, 47.190739368169098 ], [ 13.507313826032092, 47.19074922270498 ], [ 13.507284554194646, 47.190758625127224 ], [ 13.507252385291451, 47.190770101451449 ], [ 13.507223748234606, 47.190771854812965 ], [ 13.507188384517415, 47.190775148065875 ], [ 13.50715064401688, 47.190778175008575 ], [ 13.507087591144792, 47.19079050828239 ], [ 13.507055270071623, 47.190795866324024 ], [ 13.507011466696259, 47.190801601802399 ], [ 13.506976382308308, 47.190809573384712 ], [ 13.50692995617587, 47.190820531522299 ], [ 13.506888396074695, 47.190826083574279 ], [ 13.506852676203824, 47.190841524207727 ], [ 13.506809717310421, 47.19086327428689 ], [ 13.506769520515112, 47.190882050885065 ], [ 13.506749480131493, 47.19088900970209 ], [ 13.506724291081415, 47.190895706433849 ], [ 13.506691596948249, 47.190908083173596 ], [ 13.50665402609321, 47.190922626792783 ], [ 13.506630848207687, 47.190938858036823 ], [ 13.506614784728029, 47.190951029455519 ], [ 13.5065939585268, 47.19095987896663 ], [ 13.506568521067768, 47.190971344841387 ], [ 13.506516255400989, 47.190972684129918 ], [ 13.506500161809949, 47.19097567788944 ], [ 13.50648157476868, 47.190983084332885 ], [ 13.506447553210897, 47.190993213589955 ], [ 13.506420533538272, 47.191005221704152 ], [ 13.506397717051506, 47.191010925001642 ], [ 13.506359463974082, 47.191018721261088 ], [ 13.506327284108421, 47.191026958155895 ], [ 13.50630079531485, 47.191039865207429 ], [ 13.506275099654063, 47.191053130955979 ], [ 13.506231051127788, 47.191064715033761 ], [ 13.506197560686147, 47.191075833159275 ], [ 13.506168157652494, 47.191085595402782 ], [ 13.506143500533815, 47.191093550880133 ], [ 13.506093135905063, 47.191111172983931 ], [ 13.506046462980798, 47.191127529775962 ], [ 13.506001602969221, 47.191133176492983 ], [ 13.505971013089674, 47.191143300396867 ], [ 13.505944519742485, 47.1911548577121 ], [ 13.505897422835369, 47.191162667239382 ], [ 13.50586880990514, 47.19117188834251 ], [ 13.505854506276387, 47.191157153759434 ], [ 13.50584312093558, 47.191146823637219 ], [ 13.505835148373283, 47.19113063981014 ], [ 13.505802387812384, 47.191122771493824 ], [ 13.505775033175318, 47.191113095424136 ], [ 13.505765018013177, 47.191118149341222 ], [ 13.505746418782696, 47.191121866612107 ], [ 13.505736113500241, 47.191118912983455 ], [ 13.505723866749811, 47.19112774932821 ], [ 13.505718249383518, 47.191145663333728 ], [ 13.505702858813327, 47.191161882583415 ], [ 13.50565931311022, 47.191165817604052 ], [ 13.505637304284766, 47.19117637830135 ], [ 13.505612005843243, 47.191190093184744 ], [ 13.505589605412837, 47.191202004126104 ], [ 13.505547790558539, 47.191210525326412 ], [ 13.505516273357198, 47.191219660761639 ], [ 13.505490949946944, 47.191225727582264 ], [ 13.505478324439515, 47.191239873136695 ], [ 13.505454460288465, 47.191248187173635 ], [ 13.505440113260866, 47.191260625759995 ], [ 13.505422048091662, 47.191266231693589 ], [ 13.505394195059743, 47.191265643997738 ], [ 13.505360931105296, 47.191265334412449 ], [ 13.505340107499824, 47.191275083463204 ], [ 13.505300765026149, 47.191272713575515 ], [ 13.505266333604085, 47.191278704141517 ], [ 13.505228983059403, 47.191280020288197 ], [ 13.505177668818215, 47.191289905371086 ], [ 13.505147728134968, 47.191296788888465 ], [ 13.505127569427112, 47.191308066510423 ], [ 13.505107391699029, 47.191313495630759 ], [ 13.505078619942614, 47.191314528837516 ], [ 13.50506608594573, 47.191316257335629 ], [ 13.505042755816746, 47.191326460003729 ], [ 13.505028421242429, 47.19134276754459 ], [ 13.50502079328365, 47.191351326907842 ], [ 13.505014661413636, 47.191373470589426 ], [ 13.504977492476618, 47.191390082526155 ], [ 13.504957866062549, 47.191402708974515 ], [ 13.504934538796583, 47.191413811389324 ], [ 13.504896700187938, 47.191427455058125 ], [ 13.504859932712163, 47.191445775920002 ], [ 13.504836730101662, 47.191454628693364 ], [ 13.504801950112801, 47.191475285949743 ], [ 13.504789121423007, 47.191467567241666 ], [ 13.504772479458859, 47.191464353147616 ], [ 13.504744375764703, 47.191467904628055 ], [ 13.504717082717663, 47.191477213429124 ], [ 13.504683986225762, 47.191487880628308 ], [ 13.504661281502207, 47.191487464950413 ], [ 13.504674940203868, 47.191466209721163 ], [ 13.504660125181978, 47.191456514490092 ], [ 13.504633973417686, 47.191451425178627 ], [ 13.50461022411916, 47.191454520180038 ], [ 13.504589948988029, 47.191470656657806 ], [ 13.5045664243079, 47.191461604371931 ], [ 13.504551467399043, 47.19144885011108 ], [ 13.504538775703629, 47.191442660783281 ], [ 13.504522911744397, 47.191435126569566 ], [ 13.504496653072971, 47.191437775438146 ], [ 13.504463932733374, 47.191442323548671 ], [ 13.504436490173727, 47.191446233867623 ], [ 13.504415010718422, 47.19145733339564 ], [ 13.504396433702654, 47.191467978666942 ], [ 13.504377972656439, 47.191473675007543 ], [ 13.504346627859833, 47.191495406685732 ], [ 13.504324597381174, 47.191499398816056 ], [ 13.504297028025901, 47.191504928883958 ], [ 13.504267907314388, 47.191520538738175 ], [ 13.504247477066697, 47.19152956717874 ], [ 13.504216851414958, 47.191528803407465 ], [ 13.504192551672087, 47.191524970894385 ], [ 13.504174224325343, 47.19153120686498 ], [ 13.504152481661489, 47.191542576670749 ], [ 13.504129121592566, 47.191543601508513 ], [ 13.504103523117827, 47.191546339272165 ], [ 13.504083489401344, 47.191555547042476 ], [ 13.504062657306681, 47.191562776506608 ], [ 13.5040576469853, 47.19156449359788 ], [ 13.504010705844237, 47.191579860206289 ], [ 13.503982234816933, 47.191592319805594 ], [ 13.503947700093832, 47.191607307860636 ], [ 13.503916584177889, 47.191618241797016 ], [ 13.503877690644298, 47.191632336595788 ], [ 13.503874430235665, 47.191644578402176 ], [ 13.503905878713585, 47.191654878628263 ], [ 13.503890231289468, 47.191673527404667 ], [ 13.503859916301533, 47.191687249421406 ], [ 13.503829325982979, 47.191697462727021 ], [ 13.50379913251226, 47.191707945361493 ], [ 13.503771430416849, 47.191713295546236 ], [ 13.503729336366401, 47.191717317630129 ], [ 13.50370165775723, 47.19172995592632 ], [ 13.50367436004109, 47.191737914824138 ], [ 13.503644164486614, 47.191747767579287 ], [ 13.503604728013, 47.191757274253938 ], [ 13.50357969768881, 47.191772517897583 ], [ 13.503556349681283, 47.191777321647464 ], [ 13.503532866195281, 47.191781045867437 ], [ 13.503514530568316, 47.191784762378795 ], [ 13.503475891527495, 47.191795977384615 ], [ 13.50344505938331, 47.191813119202813 ], [ 13.503427381984025, 47.191816294851527 ], [ 13.503385438933416, 47.191826255085928 ], [ 13.503327542514889, 47.191841907725774 ], [ 13.503301974533368, 47.191854182860098 ], [ 13.503289636015873, 47.191875705882119 ], [ 13.503265383925488, 47.191886719358955 ], [ 13.503231206899194, 47.191889919631762 ], [ 13.503192003580089, 47.191889888218363 ], [ 13.503159808522717, 47.191893715350623 ], [ 13.503139206910644, 47.191890596908735 ], [ 13.503111092762362, 47.191890998795081 ], [ 13.50309779751557, 47.191902355786709 ], [ 13.503092307128828, 47.191919009788137 ], [ 13.503068457904719, 47.191932182077352 ], [ 13.50304726161078, 47.191949399381905 ], [ 13.503025245293026, 47.191957890105662 ], [ 13.503001398346038, 47.191971782195971 ], [ 13.502994030207324, 47.191979171329649 ], [ 13.502982583159977, 47.191990615527608 ], [ 13.502982637758508, 47.192007621160506 ], [ 13.502984405430148, 47.192023724464462 ], [ 13.502954237023539, 47.192042124841443 ], [ 13.502939658701246, 47.1920650008257 ], [ 13.502908340432342, 47.192054160275191 ], [ 13.502886781301353, 47.192040605845918 ], [ 13.50287550727149, 47.192023706918008 ], [ 13.502860660091542, 47.192003934041395 ], [ 13.502855956771405, 47.191977937606168 ], [ 13.502854851145566, 47.191962463154546 ], [ 13.502846082485274, 47.191944750692898 ], [ 13.502822542307747, 47.191930839295168 ], [ 13.502803472719282, 47.191911522590821 ], [ 13.50277715515378, 47.191895905753576 ], [ 13.502755723501568, 47.19188091147236 ], [ 13.50273760072078, 47.19186870155503 ], [ 13.50270374092926, 47.191847337387415 ], [ 13.502689039413385, 47.191831793205658 ], [ 13.502675272551254, 47.191819576791197 ], [ 13.502662914406752, 47.191793861678669 ], [ 13.502649907824667, 47.191771746623239 ], [ 13.502620698848434, 47.191760003079935 ], [ 13.502618667303436, 47.191743900163004 ], [ 13.502616081542945, 47.191719610134392 ], [ 13.50258831764503, 47.191705704975782 ], [ 13.502551859298576, 47.191697211388224 ], [ 13.502512893323432, 47.191688811497031 ], [ 13.502498458204418, 47.191673986712914 ], [ 13.502478608370637, 47.19165827020786 ], [ 13.502456268189455, 47.191648046019942 ], [ 13.502429277055681, 47.191628111192522 ], [ 13.502407443000422, 47.191611047965687 ], [ 13.502391178699874, 47.191602074413801 ], [ 13.502375835210485, 47.191592109740164 ], [ 13.502352300205937, 47.191579727852236 ], [ 13.502334168700081, 47.191564728586599 ], [ 13.502311145587681, 47.191547307199151 ], [ 13.502281794170013, 47.1915322346197 ], [ 13.502290857289314, 47.191518274668645 ], [ 13.502284739738828, 47.191503977362999 ], [ 13.502253522866326, 47.191483418930872 ], [ 13.502222434850269, 47.191461870548274 ], [ 13.502186581791113, 47.191436190275716 ], [ 13.502176963103636, 47.191400213627205 ], [ 13.502160112566321, 47.191372975515435 ], [ 13.502130350355644, 47.191353224685827 ], [ 13.502095690258004, 47.191329072228427 ], [ 13.502063398924118, 47.191302666812533 ], [ 13.502029522243632, 47.191275813852734 ], [ 13.501989853893969, 47.191254008203252 ], [ 13.501977678176829, 47.191243948800398 ], [ 13.501950805067956, 47.191219514818208 ], [ 13.501909442673789, 47.191204549929573 ], [ 13.501865309269066, 47.191189859064792 ], [ 13.501835085284716, 47.191190803627833 ], [ 13.501809761179764, 47.191196779653758 ], [ 13.501788353032131, 47.19118898334203 ], [ 13.501761007985047, 47.191182095593099 ], [ 13.501720097571271, 47.191184675545209 ], [ 13.5016985362313, 47.191170221121247 ], [ 13.501670739037774, 47.191145698464041 ], [ 13.501639803513525, 47.191130448109753 ], [ 13.501606332024965, 47.191106383721717 ], [ 13.501574321103332, 47.191085016482795 ], [ 13.501536679690588, 47.191077873981236 ], [ 13.501506969424677, 47.191074318831134 ], [ 13.50148108700901, 47.19107075801314 ], [ 13.501461368266373, 47.191054591250477 ], [ 13.50143742542174, 47.191038340751696 ], [ 13.501419841801647, 47.191029458988979 ], [ 13.501400581465811, 47.191032906595602 ], [ 13.501378690105895, 47.191039147384245 ], [ 13.501359164630122, 47.191042235466369 ], [ 13.501328281033894, 47.191043270847139 ], [ 13.501296090932643, 47.191048537083724 ], [ 13.501274577521539, 47.191049108722474 ], [ 13.501251097057322, 47.19105373224162 ], [ 13.501242238547487, 47.191049066501442 ], [ 13.501231394401687, 47.191042604145828 ], [ 13.501206050003555, 47.191042191677475 ], [ 13.501189319270329, 47.191052473790776 ], [ 13.501154098701955, 47.191059454029755 ], [ 13.501129853970221, 47.191072806452482 ], [ 13.501122804821817, 47.191055991094011 ], [ 13.50110694889224, 47.191050795804195 ], [ 13.501102943057777, 47.191036315364798 ], [ 13.501105280393102, 47.191024164977208 ], [ 13.501071588069914, 47.191013597357276 ], [ 13.501066155728394, 47.191007127002877 ], [ 13.501059679141974, 47.191004347258882 ], [ 13.501039324568479, 47.190995739456653 ], [ 13.501008615328093, 47.190968521613115 ], [ 13.501001792730463, 47.190981488408234 ], [ 13.500979368048954, 47.190944450812353 ], [ 13.500968776812655, 47.190934478943177 ], [ 13.500960144372847, 47.190917845863318 ], [ 13.500938351040004, 47.190913379121007 ], [ 13.50091601860443, 47.190905404053332 ], [ 13.50089226847753, 47.190908228349507 ], [ 13.500870451475526, 47.190896293510981 ], [ 13.500849694716026, 47.190885706766309 ], [ 13.500835717588018, 47.190890226222322 ], [ 13.500808865433356, 47.190872180330643 ], [ 13.500772915679104, 47.190857297035535 ], [ 13.500752991401644, 47.190859485827865 ], [ 13.50072358266088, 47.190826057557267 ], [ 13.500714807490841, 47.190806005530476 ], [ 13.500703965454171, 47.190800172962923 ], [ 13.500702839676471, 47.190778130174728 ], [ 13.500697258880633, 47.190766441336237 ], [ 13.500677434427846, 47.190758462530496 ], [ 13.500662064436657, 47.190739949819239 ], [ 13.50064735072157, 47.190720266435001 ], [ 13.500631432550358, 47.190695366135948 ], [ 13.500603579017351, 47.190694507338755 ], [ 13.500595872965942, 47.1906785926871 ], [ 13.500589105115363, 47.190667175521355 ], [ 13.500582864103174, 47.19065539767098 ], [ 13.50057340939669, 47.190629138196996 ], [ 13.500568039095119, 47.190600533304817 ], [ 13.500563475852594, 47.190576696023825 ], [ 13.500551272657193, 47.190557818730873 ], [ 13.500546202522781, 47.190540640516872 ], [ 13.500555401624926, 47.190527850208461 ], [ 13.500562479432409, 47.190512093767126 ], [ 13.500556488762895, 47.190495996635264 ], [ 13.500544179221119, 47.190485217457478 ], [ 13.500522380407478, 47.190478951097305 ], [ 13.50053277370707, 47.190468138536069 ], [ 13.500540513472171, 47.190453010963985 ], [ 13.50053900801969, 47.190436097439758 ], [ 13.500530257468894, 47.190423783412484 ], [ 13.500526524081927, 47.190411911894387 ], [ 13.500522916995775, 47.190398240643837 ], [ 13.50051638727658, 47.190378635186484 ], [ 13.500508268523031, 47.190357412472885 ], [ 13.500498560168488, 47.190334392549012 ], [ 13.500488450151238, 47.19030957366811 ], [ 13.500454464254902, 47.190289468700556 ], [ 13.50043160190798, 47.19028077449822 ], [ 13.500409926080462, 47.190271628661264 ], [ 13.500391817192197, 47.190263467330482 ], [ 13.500368028642656, 47.190254054657508 ], [ 13.500345571688086, 47.190248329094324 ], [ 13.500355915775646, 47.190221950543076 ], [ 13.500362717955232, 47.19020250544812 ], [ 13.500350693267357, 47.190198294176085 ], [ 13.500344056101547, 47.190186426916924 ], [ 13.500317900545213, 47.190179807007183 ], [ 13.500297558065828, 47.190174888125419 ], [ 13.500298529280666, 47.19014807345475 ], [ 13.500277484496202, 47.190129748978308 ], [ 13.500233259951207, 47.190127564465158 ], [ 13.500215804565141, 47.190117332668649 ], [ 13.50017657841093, 47.190109652180517 ], [ 13.500147167702675, 47.190117163448818 ], [ 13.500125219202088, 47.190105228660542 ], [ 13.500089176786181, 47.190102582202861 ], [ 13.500063997772934, 47.190112606609027 ], [ 13.500035566626114, 47.190095912510245 ], [ 13.500013631783192, 47.190088296592371 ], [ 13.500004512397444, 47.190084530911726 ], [ 13.499995110581795, 47.190074917117833 ], [ 13.499985298604001, 47.190060805057747 ], [ 13.499950682604469, 47.190050058505982 ], [ 13.499926488891342, 47.190037677082735 ], [ 13.499907446568791, 47.190026457813374 ], [ 13.499875872947875, 47.190017776260646 ], [ 13.499851713009654, 47.190016102074431 ], [ 13.4998497860105, 47.18999100122106 ], [ 13.49985486649598, 47.189969669153555 ], [ 13.49983685576524, 47.18995071031123 ], [ 13.499816247733756, 47.189945251868487 ], [ 13.499770438042024, 47.189942619610207 ], [ 13.499737172967899, 47.189941678545374 ], [ 13.499704113802061, 47.189922291816721 ], [ 13.49966696319802, 47.189903001040889 ], [ 13.499649144305666, 47.189903027105153 ], [ 13.499624196157347, 47.189902523728946 ], [ 13.499593651978289, 47.189885382723546 ], [ 13.499570148105096, 47.189882447835814 ], [ 13.499539538473313, 47.189886451584364 ], [ 13.499518030891942, 47.189888732453099 ], [ 13.499497571037313, 47.189888402444112 ], [ 13.499471962655626, 47.189887810022071 ], [ 13.499422338279693, 47.189889322154791 ], [ 13.499369946597568, 47.18989227794399 ], [ 13.499316854532797, 47.189882367973304 ], [ 13.499281608780684, 47.189881159734853 ], [ 13.499229019568533, 47.189863241006996 ], [ 13.499189274534062, 47.189858350233692 ], [ 13.49914545752965, 47.189859763797628 ], [ 13.499108640034676, 47.189862426822877 ], [ 13.499071797700074, 47.189857171867374 ], [ 13.499024143905936, 47.18985571170257 ], [ 13.498986506813571, 47.189849558104314 ], [ 13.498945036613927, 47.189841700507309 ], [ 13.498909492234151, 47.189829425377233 ], [ 13.498852700044347, 47.189818080941173 ], [ 13.498836159103972, 47.189804698395974 ], [ 13.498810944490545, 47.189803385433741 ], [ 13.498748776470377, 47.18980347589013 ], [ 13.498676018718108, 47.189793864160286 ], [ 13.498619876159974, 47.189779189502453 ], [ 13.498600967042846, 47.189768239753576 ], [ 13.498566744676014, 47.18975659243651 ], [ 13.498536622778611, 47.189747728448957 ], [ 13.498509891320575, 47.189725632860871 ], [ 13.498494107850586, 47.189701181954199 ], [ 13.498467672754165, 47.189689433318641 ], [ 13.498432675669648, 47.189683275703636 ], [ 13.498387082756222, 47.189665436406337 ], [ 13.498342393018669, 47.189640937457703 ], [ 13.498289768688876, 47.18961159122702 ], [ 13.498267698374457, 47.189602715487474 ], [ 13.498222074138406, 47.189574798708733 ], [ 13.498168236199337, 47.18953717626755 ], [ 13.4981121853586, 47.189509454514166 ], [ 13.49809299899416, 47.189494186170961 ], [ 13.498073011158379, 47.18947585975652 ], [ 13.498042353687072, 47.189464477049206 ], [ 13.498015006652247, 47.18945650867763 ], [ 13.497983924914626, 47.189436038858716 ], [ 13.49795758617188, 47.189412772867186 ], [ 13.497951417333894, 47.18938155966476 ], [ 13.49793592483306, 47.189365656105856 ], [ 13.497911928903777, 47.189331769387081 ], [ 13.497881009811387, 47.189321106833731 ], [ 13.497868423938028, 47.189306098832539 ], [ 13.497861603058514, 47.189277405933893 ], [ 13.497854800676663, 47.189254651511902 ], [ 13.497840800472572, 47.189251702516437 ], [ 13.497802660071997, 47.189253287306492 ], [ 13.497766347931364, 47.189248571026695 ], [ 13.497736092786916, 47.189239167156536 ], [ 13.497683246631942, 47.189223137611762 ], [ 13.497658882381424, 47.189198069150514 ], [ 13.497625981889124, 47.189186869527589 ], [ 13.497614956780605, 47.189164391124727 ], [ 13.497607947046072, 47.189159812408477 ], [ 13.49759737330467, 47.189155148863343 ], [ 13.497587020750828, 47.189136718466024 ], [ 13.49757693498071, 47.189119187455709 ], [ 13.497544689190905, 47.189106277294322 ], [ 13.49751957925279, 47.189096056139896 ], [ 13.497501980720186, 47.18908195510965 ], [ 13.497465274431498, 47.189077779167178 ], [ 13.497432118458516, 47.189069279177104 ], [ 13.497412810518409, 47.189057250078804 ], [ 13.497378637478372, 47.18906125838992 ], [ 13.497343995011498, 47.189041603329812 ], [ 13.497334861752901, 47.189033248611914 ], [ 13.497331771534354, 47.18901570748946 ], [ 13.497321043795871, 47.189003935931638 ], [ 13.497314277982067, 47.188992878477698 ], [ 13.497315682396382, 47.188977580305824 ], [ 13.497304014827449, 47.188960681393894 ], [ 13.497304504811414, 47.188948443770137 ], [ 13.497303795721869, 47.188932608782252 ], [ 13.497297692659648, 47.188922450144851 ], [ 13.497297257881792, 47.188909943922603 ], [ 13.497291404283795, 47.188895106103807 ], [ 13.49728765190793, 47.188876846116152 ], [ 13.497279024588639, 47.188861382454931 ], [ 13.497283473415246, 47.188848869190899 ], [ 13.497262602097248, 47.188843410666642 ], [ 13.497244772674582, 47.188839927254797 ], [ 13.497222323913219, 47.188836540475833 ], [ 13.497207383745744, 47.188828374072251 ], [ 13.497206409313414, 47.188812089579443 ], [ 13.497203723488848, 47.188797247190458 ], [ 13.497202896115704, 47.188785821261597 ], [ 13.497207625954212, 47.18877879621278 ], [ 13.497204159080075, 47.188767464065457 ], [ 13.497205990461696, 47.188762152763317 ], [ 13.497198971886496, 47.188754694759993 ], [ 13.49718879283366, 47.188749580721499 ], [ 13.497176752824876, 47.188740240429077 ], [ 13.497162607972633, 47.188733152601579 ], [ 13.497142949717514, 47.188735790267565 ], [ 13.497125247028467, 47.188730597085119 ], [ 13.497123513880515, 47.188725020987142 ], [ 13.497137875284119, 47.188716812360866 ], [ 13.497110349650386, 47.188693637860531 ], [ 13.497091052795637, 47.188685117807701 ], [ 13.497073738287749, 47.188677404692847 ], [ 13.497026191118017, 47.188667395693976 ], [ 13.496996473588668, 47.188660960105757 ], [ 13.496982308717438, 47.188647393916703 ], [ 13.496952802801315, 47.18862404227383 ], [ 13.496928220046074, 47.188613460321257 ], [ 13.496915778298767, 47.188602231055327 ], [ 13.496907048669749, 47.188596305110401 ], [ 13.496921567410137, 47.188596284222314 ], [ 13.496914424429418, 47.188591255768458 ], [ 13.49689950944626, 47.188591187248292 ], [ 13.496873221170219, 47.188583936898702 ], [ 13.496865790827062, 47.188571350759112 ], [ 13.496887696738254, 47.188569969590333 ], [ 13.496897578327363, 47.188564286803569 ], [ 13.496911150855754, 47.188557069091289 ], [ 13.496905710361084, 47.188547719275491 ], [ 13.496895405515417, 47.188544584893123 ], [ 13.496884159206363, 47.188535783292046 ], [ 13.49687146325676, 47.188527703593572 ], [ 13.496845548427698, 47.188513164536417 ], [ 13.496829154310705, 47.188504280355524 ], [ 13.49680312922894, 47.188496759679325 ], [ 13.496806377716213, 47.188480199179381 ], [ 13.496805911045422, 47.188457345607453 ], [ 13.496797412583005, 47.188440801996251 ], [ 13.496781792890602, 47.188426248123065 ], [ 13.496755216803919, 47.188411260109312 ], [ 13.496725725587584, 47.188392587207844 ], [ 13.496705093166852, 47.188378940300908 ], [ 13.496706773401199, 47.18836742078777 ], [ 13.49667599600302, 47.188359636979037 ], [ 13.496659070950901, 47.188349763785709 ], [ 13.496655745665995, 47.18834149064751 ], [ 13.496630085230526, 47.188323801969247 ], [ 13.496602601726748, 47.188314123885903 ], [ 13.496547663376154, 47.188304035323689 ], [ 13.496513952574077, 47.188286628107278 ], [ 13.496490452914932, 47.188284772307348 ], [ 13.496477104092035, 47.188278942935213 ], [ 13.496457296761418, 47.188276002102413 ], [ 13.496431286842165, 47.188273340095705 ], [ 13.49640340327244, 47.188262312878265 ], [ 13.496384629086247, 47.188251992409597 ], [ 13.496354796813986, 47.188251045436317 ], [ 13.496317453733804, 47.188254158201993 ], [ 13.496295278412909, 47.188253740100826 ], [ 13.496276536159831, 47.188253766962106 ], [ 13.496259754301319, 47.188247492597725 ], [ 13.496222675193433, 47.188250604954113 ], [ 13.496214625885893, 47.188251246326907 ], [ 13.496179003074291, 47.188255796220183 ], [ 13.496143397722912, 47.188266014649336 ], [ 13.496100266006922, 47.188275254091401 ], [ 13.496083218524159, 47.188268440217307 ], [ 13.496061025741609, 47.188262353523527 ], [ 13.496027903750059, 47.188264650356928 ], [ 13.496016711111055, 47.188273214218952 ], [ 13.496003512613338, 47.188273323080359 ], [ 13.495987005004624, 47.188270377444837 ], [ 13.495958115751371, 47.188275637454645 ], [ 13.495944304388097, 47.18829104333247 ], [ 13.495929428253969, 47.188303571456622 ], [ 13.495912416221048, 47.188308274604964 ], [ 13.495893430734256, 47.18831505005101 ], [ 13.495896346647264, 47.18831900488459 ], [ 13.49588556377946, 47.188332067014436 ], [ 13.49587411792205, 47.188344140340362 ], [ 13.495874679641831, 47.188355116771959 ], [ 13.495885009025908, 47.188366259194019 ], [ 13.495882807857685, 47.188380118850198 ], [ 13.495875845707713, 47.188390926083351 ], [ 13.495868346468976, 47.188398764831867 ], [ 13.495846061518915, 47.188405634963878 ], [ 13.495832469514063, 47.188406554163862 ], [ 13.495809237675218, 47.188405957523365 ], [ 13.495789971842024, 47.188407424690062 ], [ 13.495762132867295, 47.1884108836027 ], [ 13.495752793519626, 47.188421244337619 ], [ 13.495736570596472, 47.188425046559033 ], [ 13.49573647234784, 47.188436023933853 ], [ 13.495726593700001, 47.188442696366337 ], [ 13.495714606556874, 47.188450451537271 ], [ 13.495698240021325, 47.18845047491039 ], [ 13.495660618687914, 47.188448999014035 ], [ 13.495628155121407, 47.188450844904359 ], [ 13.495605069899131, 47.188455016811517 ], [ 13.495594370841744, 47.188452422738251 ], [ 13.495548593036688, 47.188459686246027 ], [ 13.49552022523728, 47.18846287592195 ], [ 13.495495291337576, 47.188466780511959 ], [ 13.495503638630471, 47.188477205976724 ], [ 13.49550315099639, 47.188490343362545 ], [ 13.495491958224866, 47.188498907172878 ], [ 13.495472964884993, 47.188503163194568 ], [ 13.495476552315335, 47.188510896129095 ], [ 13.495473540604792, 47.188518728451754 ], [ 13.495466715863401, 47.18853133501031 ], [ 13.495459345219659, 47.188538093820405 ], [ 13.495436912434942, 47.188539835375138 ], [ 13.495435884684044, 47.188549014528135 ], [ 13.495426001560844, 47.188554247303507 ], [ 13.495390354192729, 47.188550878979754 ], [ 13.495357233923048, 47.188553805456763 ], [ 13.495317658352437, 47.188560700123681 ], [ 13.495286407147018, 47.18857055217164 ], [ 13.495278590593786, 47.188561025708402 ], [ 13.495262473110378, 47.188556189888381 ], [ 13.495243962192037, 47.18854559892533 ], [ 13.495226540270822, 47.188545803688235 ], [ 13.495203822548991, 47.18854070732575 ], [ 13.495178708645385, 47.188528956047271 ], [ 13.495150577483104, 47.188523237538604 ], [ 13.495123921341957, 47.188525075019797 ], [ 13.495090774354367, 47.18851927365646 ], [ 13.495072149948408, 47.188514711308073 ], [ 13.495047082075237, 47.188517986149193 ], [ 13.495034689488149, 47.188522682595853 ], [ 13.495014238724265, 47.188525141067181 ], [ 13.495006884542519, 47.188537298464254 ], [ 13.49500175103517, 47.188541894607596 ], [ 13.494971525411655, 47.188541847604675 ], [ 13.494950140810605, 47.188541068208217 ], [ 13.494932311641783, 47.188537584434556 ], [ 13.494899699774383, 47.188534121665647 ], [ 13.494881079231071, 47.188530818963194 ], [ 13.494868259852193, 47.188525438537297 ], [ 13.494835793736017, 47.188526474409493 ], [ 13.494825612205128, 47.188520460390492 ], [ 13.49479693196032, 47.188507814320182 ], [ 13.494759571289244, 47.188505258028293 ], [ 13.494736316056549, 47.188497013129329 ], [ 13.494728387963066, 47.188494145109203 ], [ 13.494719947857218, 47.188496496500356 ], [ 13.494656662973222, 47.188519350576556 ], [ 13.494643291493198, 47.188506052903854 ], [ 13.494641418110039, 47.18849768767015 ], [ 13.49461919655827, 47.188482153117178 ], [ 13.494583147284111, 47.188476805609973 ], [ 13.49456242293088, 47.188476115181757 ], [ 13.494529275760925, 47.188470223678159 ], [ 13.494504048440989, 47.188464500893005 ], [ 13.494487247789905, 47.188452017858943 ], [ 13.494448688853502, 47.188446044025177 ], [ 13.494391804689075, 47.188447024393099 ], [ 13.494373294257203, 47.188436523265501 ], [ 13.494351752218607, 47.188427376088278 ], [ 13.494294874102733, 47.188430335900534 ], [ 13.494259504294392, 47.188431375719432 ], [ 13.494216094988245, 47.188436295928895 ], [ 13.494189337549903, 47.188448210795599 ], [ 13.494174176437655, 47.188453990793462 ], [ 13.494144642846447, 47.188464469939674 ], [ 13.494106231533532, 47.188463624488989 ], [ 13.494066642729058, 47.188466199828433 ], [ 13.494022570698796, 47.188470221127702 ], [ 13.493999235866047, 47.188479161860585 ], [ 13.493986610133254, 47.188494025960608 ], [ 13.493959309616377, 47.188500992787553 ], [ 13.493928829885878, 47.188504185050959 ], [ 13.493908927539856, 47.18851339084874 ], [ 13.49388539205477, 47.188499747532575 ], [ 13.493855661059801, 47.188488722301422 ], [ 13.493832566115239, 47.18848974465665 ], [ 13.49380933535557, 47.188489507516323 ], [ 13.493788354408466, 47.188491246697339 ], [ 13.493770114614438, 47.188482904545879 ], [ 13.493736058634076, 47.188481962847121 ], [ 13.493702956613765, 47.18849091729853 ], [ 13.493673427823634, 47.188503015907592 ], [ 13.493654574242028, 47.188509880771413 ], [ 13.49361734998023, 47.188508763550068 ], [ 13.493581585232768, 47.188510163624592 ], [ 13.493517981580212, 47.188515112029329 ], [ 13.49349289942815, 47.188513707727665 ], [ 13.49347955169562, 47.18850814793538 ], [ 13.493457108496592, 47.188506469976701 ], [ 13.493428485566406, 47.188512628742892 ], [ 13.493383508609522, 47.188522949481992 ], [ 13.493363329103785, 47.188527836662935 ], [ 13.493320169989685, 47.188528257312491 ], [ 13.493313042888939, 47.188528357318603 ], [ 13.493266719865591, 47.188530042082398 ], [ 13.49323875248562, 47.188534760241531 ], [ 13.493188735956551, 47.188537169986866 ], [ 13.493159845735597, 47.18854224933343 ], [ 13.493131737098826, 47.188543908435818 ], [ 13.493100723082234, 47.188545031750103 ], [ 13.493078299194327, 47.188549742079758 ], [ 13.493052721723179, 47.188559135656128 ], [ 13.493018024527824, 47.188564403078949 ], [ 13.492987159070234, 47.188571014770467 ], [ 13.492960073972114, 47.18856196509158 ], [ 13.492940374800638, 47.188551105491413 ], [ 13.492915260307207, 47.188538993806482 ], [ 13.492889484253013, 47.188526343180477 ], [ 13.492871230189062, 47.188513232107205 ], [ 13.49283413358382, 47.18851067481377 ], [ 13.492821455640554, 47.188508353188581 ], [ 13.492803497621709, 47.188505859013461 ], [ 13.492774311364588, 47.188500321353281 ], [ 13.492728989151914, 47.188483739098189 ], [ 13.492690672114119, 47.188470386190225 ], [ 13.492646263832446, 47.188450473460286 ], [ 13.492606222585069, 47.188434333642967 ], [ 13.492598807380404, 47.188426426026183 ], [ 13.492598104044127, 47.188412030639519 ], [ 13.492557575832368, 47.188409478063264 ], [ 13.492528255497158, 47.18840322070934 ], [ 13.492490496876814, 47.188399944412552 ], [ 13.492464482218182, 47.18839566191572 ], [ 13.492434535016562, 47.188400382648645 ], [ 13.492394941573179, 47.188401427799391 ], [ 13.492375787592676, 47.188396235910439 ], [ 13.492368766225219, 47.188387607909227 ], [ 13.492331104413999, 47.188372634372108 ], [ 13.492299100510388, 47.188351804385675 ], [ 13.492282707205899, 47.18834291955077 ], [ 13.492258938281294, 47.188339263708635 ], [ 13.492234783949804, 47.188339117515824 ], [ 13.492194391316234, 47.188337734326225 ], [ 13.492156101836391, 47.18833346890996 ], [ 13.492122709706155, 47.188333785484495 ], [ 13.49210736909529, 47.188323819426245 ], [ 13.492054536098632, 47.188311296371637 ], [ 13.492015604004798, 47.188312790354075 ], [ 13.492001615723527, 47.188313619672947 ], [ 13.491965443215058, 47.18831106080733 ], [ 13.491944088193506, 47.188320088334088 ], [ 13.491910030459929, 47.188318516251087 ], [ 13.491874119768342, 47.188315237172752 ], [ 13.491809558270026, 47.188308848817307 ], [ 13.491756084844594, 47.188302804884451 ], [ 13.491727448879049, 47.188304644330131 ], [ 13.491683375726986, 47.188308304817234 ], [ 13.491654226094296, 47.188314913758056 ], [ 13.491626504598774, 47.188313602698621 ], [ 13.49159970297675, 47.188310940692027 ], [ 13.491583470356861, 47.188311593129214 ], [ 13.491573994718239, 47.188320784005228 ], [ 13.491565076399857, 47.188339781632912 ], [ 13.491552173646827, 47.188350506891261 ], [ 13.491527650288665, 47.188359358794422 ], [ 13.49150061484058, 47.188366774549976 ], [ 13.491482825548474, 47.188376516847946 ], [ 13.49145252108187, 47.188394194554107 ], [ 13.491426677536726, 47.188402958294191 ], [ 13.491400573237069, 47.188412802118805 ], [ 13.491393601016332, 47.188420549861917 ], [ 13.491364336790808, 47.188433007413629 ], [ 13.491336674169094, 47.188451401235142 ], [ 13.491307960733733, 47.18847150607909 ], [ 13.49127861692298, 47.188501509296799 ], [ 13.491245186547923, 47.188533227752067 ], [ 13.491223213049437, 47.188556202486993 ], [ 13.491200725020267, 47.188583676798046 ], [ 13.491186931817367, 47.1886056504161 ], [ 13.4911670120228, 47.188609187187446 ], [ 13.491149874736921, 47.188616319185655 ], [ 13.491112863858023, 47.188642463977963 ], [ 13.491084301297178, 47.188668956945286 ], [ 13.491063861038207, 47.188675013785641 ], [ 13.491043159751404, 47.188682060734955 ], [ 13.491017683767893, 47.18868137625347 ], [ 13.490992244837472, 47.1886931085849 ], [ 13.490972741098188, 47.188703393044165 ], [ 13.490945562671307, 47.188707209773028 ], [ 13.490901241789715, 47.188716448894205 ], [ 13.490900892514412, 47.18873210543164 ], [ 13.490873869129917, 47.188743659977845 ], [ 13.490838527209933, 47.188754146314515 ], [ 13.490804259692078, 47.188770839586972 ], [ 13.490768684595524, 47.188791673616393 ], [ 13.490722028282622, 47.18881450247661 ], [ 13.490701621694427, 47.188831896347139 ], [ 13.490692155457243, 47.188844326319504 ], [ 13.490661388847416, 47.188839960010974 ], [ 13.490636321083462, 47.188843413835841 ], [ 13.490611403519225, 47.188852985904916 ], [ 13.490595956764214, 47.188851657613085 ], [ 13.49057841746386, 47.188856810580155 ], [ 13.490556959182213, 47.188875645516291 ], [ 13.490533320788346, 47.188871539247202 ], [ 13.490499113622654, 47.188864208400673 ], [ 13.490484520358494, 47.188883573696572 ], [ 13.490474872830088, 47.188879448075191 ], [ 13.490451138842186, 47.188887578836166 ], [ 13.4904328597516, 47.188910278379744 ], [ 13.490402020519255, 47.188925887065629 ], [ 13.490369727780342, 47.188940957886921 ], [ 13.490330850522566, 47.188961076521622 ], [ 13.490298199465293, 47.18898883461879 ], [ 13.490286164359389, 47.18898075327597 ], [ 13.49024958056942, 47.189017604497117 ], [ 13.490216176775, 47.189014141481373 ], [ 13.490198573517363, 47.189042238693204 ], [ 13.490178260194703, 47.189046675607464 ], [ 13.490158875336975, 47.189052640851692 ], [ 13.490150214224794, 47.189069568533668 ], [ 13.490148287791362, 47.189087566653654 ], [ 13.490144082544806, 47.189093780888605 ], [ 13.490128765050795, 47.189091552581999 ], [ 13.490119026642668, 47.189101283562202 ], [ 13.490102676723778, 47.189106974679433 ], [ 13.490085387922733, 47.189107628359245 ], [ 13.490061108730691, 47.18911000124227 ], [ 13.490045026519072, 47.189116951664552 ], [ 13.489996410036168, 47.18914662120406 ], [ 13.489965069786532, 47.189171408147381 ], [ 13.489931660604677, 47.189210684279104 ], [ 13.489893984758858, 47.189235479929238 ], [ 13.489860629100615, 47.189248302636408 ], [ 13.489822184972738, 47.189281107301198 ], [ 13.489759206307749, 47.189319254374034 ], [ 13.48974979437199, 47.189350129541289 ], [ 13.489715502688387, 47.189358904514549 ], [ 13.489703229971045, 47.189359731191075 ], [ 13.489688087014571, 47.189371898954832 ], [ 13.489649783145644, 47.189362953895859 ], [ 13.489606889697955, 47.189364182568902 ], [ 13.489579191918994, 47.189371058913601 ], [ 13.489552808450926, 47.189376043922081 ], [ 13.489542420573443, 47.189389374837432 ], [ 13.489517184576799, 47.189380681709842 ], [ 13.489505649269807, 47.18936306200343 ], [ 13.489495208457674, 47.189358487502432 ], [ 13.489471064837506, 47.189362119755664 ], [ 13.489441243761805, 47.18936512995856 ], [ 13.489401690471089, 47.18938003051904 ], [ 13.48939588288785, 47.18938003849135 ], [ 13.489344303286874, 47.189389826833256 ], [ 13.489316622196561, 47.189402371661714 ], [ 13.489281655315498, 47.189406018724007 ], [ 13.489251734609958, 47.189420006245669 ], [ 13.489209645793261, 47.189425552576452 ], [ 13.489176670693006, 47.189433245854488 ], [ 13.489146340438705, 47.189442645067068 ], [ 13.489097262187396, 47.189450270413424 ], [ 13.489078679349266, 47.18945974348955 ], [ 13.489072352016718, 47.189462541453963 ], [ 13.489055096238067, 47.189474442095658 ], [ 13.48902898407535, 47.189481945975714 ], [ 13.488975679944463, 47.189488857238402 ], [ 13.488953525367682, 47.189495635864539 ], [ 13.488940903277031, 47.18951229894337 ], [ 13.488921098818523, 47.18951034654765 ], [ 13.488893785454499, 47.189513353175172 ], [ 13.488874951026538, 47.189527055495674 ], [ 13.488845008427308, 47.189533664800933 ], [ 13.488826660366305, 47.189533240010832 ], [ 13.488781429577893, 47.189547608256717 ], [ 13.488753447232241, 47.189547556536823 ], [ 13.488733247059299, 47.189545694626744 ], [ 13.488677303271027, 47.189552699335117 ], [ 13.48862122747698, 47.189559704196355 ], [ 13.488579533134235, 47.189564799868847 ], [ 13.488563929115955, 47.18955492367207 ], [ 13.488555967360057, 47.189540538173794 ], [ 13.488525866555696, 47.189538239857754 ], [ 13.488505662958717, 47.18953520820704 ], [ 13.488467253865796, 47.189535350602533 ], [ 13.48843744320194, 47.189541959620598 ], [ 13.488400513206289, 47.189551367638195 ], [ 13.488355270933909, 47.189561866706256 ], [ 13.48831622192688, 47.189568848198675 ], [ 13.488279706336519, 47.189584554023547 ], [ 13.48825099165432, 47.189604838049505 ], [ 13.48822796839757, 47.189630512952277 ], [ 13.488212594542361, 47.189654107951561 ], [ 13.488165220771418, 47.189657951527117 ], [ 13.488144786915953, 47.189666437221099 ], [ 13.488102614824463, 47.189688719034685 ], [ 13.488064135293175, 47.189709916079373 ], [ 13.488027241999156, 47.189731920748322 ], [ 13.487993880308261, 47.189742943369787 ], [ 13.487964886436309, 47.189758098996641 ], [ 13.487960578910954, 47.189774570702042 ], [ 13.48793603533499, 47.18977694349136 ], [ 13.487913521651365, 47.189796409203048 ], [ 13.48788799293899, 47.189822987216104 ], [ 13.487819699152185, 47.189849713321095 ], [ 13.487783310740859, 47.18986388919916 ], [ 13.487741159378455, 47.189893369034301 ], [ 13.487715001861202, 47.189885486555475 ], [ 13.487699255915498, 47.189917359901706 ], [ 13.487682350703462, 47.189913873739862 ], [ 13.487664590680058, 47.18993405276639 ], [ 13.487617370946303, 47.189945543975327 ], [ 13.487580347412226, 47.189968268493935 ], [ 13.487537379213785, 47.189989291495124 ], [ 13.487510623164969, 47.19000246446975 ], [ 13.487490569819915, 47.19000573084638 ], [ 13.48748111574635, 47.190022659398181 ], [ 13.487452079576332, 47.190023418583046 ], [ 13.487433619573958, 47.19002992197246 ], [ 13.487410974393226, 47.190049657694225 ], [ 13.487364770301095, 47.190047380894754 ], [ 13.487324115917261, 47.190047166037374 ], [ 13.487310278765367, 47.19005474287254 ], [ 13.487296726572005, 47.190069517504071 ], [ 13.48728409307304, 47.190082491343915 ], [ 13.48725615946956, 47.190099264945175 ], [ 13.487225973066515, 47.190112982360866 ], [ 13.487200643374067, 47.190117425533536 ], [ 13.487168985641175, 47.190124486605278 ], [ 13.487139437420755, 47.190130735018577 ], [ 13.48710791899752, 47.190140315249252 ], [ 13.487075866308643, 47.190147736738496 ], [ 13.487046893158372, 47.190170180263877 ], [ 13.487036346323576, 47.190174513433995 ], [ 13.487016028375594, 47.190177600130106 ], [ 13.486988839747628, 47.190178266721986 ], [ 13.486965216748846, 47.190179558330051 ], [ 13.486921689558644, 47.190190054509763 ], [ 13.486880143285967, 47.190200907906529 ], [ 13.486855213945342, 47.190206880075664 ], [ 13.486806416938883, 47.190220802464829 ], [ 13.486769083930385, 47.19022805104126 ], [ 13.486728836622502, 47.190231704445807 ], [ 13.486694399337306, 47.19023615979426 ], [ 13.486637131490038, 47.190242085558161 ], [ 13.486613909392551, 47.190245086121401 ], [ 13.48659821139845, 47.190248256491131 ], [ 13.486563780355056, 47.190254871246829 ], [ 13.486510595116481, 47.190257642238912 ], [ 13.486494886938772, 47.190257303493532 ], [ 13.486453570868973, 47.190256549353137 ], [ 13.486401051061392, 47.190261208921072 ], [ 13.486367393435483, 47.190261434187967 ], [ 13.486352342875628, 47.190260284742031 ], [ 13.486310117447246, 47.190264570502244 ], [ 13.486277773233864, 47.190262544542911 ], [ 13.486264186577454, 47.190265532071528 ], [ 13.486244938555322, 47.190273475964759 ], [ 13.486205343850218, 47.190274608942296 ], [ 13.486159284100578, 47.190276650370144 ], [ 13.486133821206604, 47.190280733575342 ], [ 13.486098098777045, 47.190297247428525 ], [ 13.486065387708459, 47.190305299358975 ], [ 13.486034520888881, 47.190312089120731 ], [ 13.486000995221938, 47.190312314102137 ], [ 13.485988581132725, 47.19030999136276 ], [ 13.485940549768566, 47.190314914623102 ], [ 13.485911647228251, 47.190316303077005 ], [ 13.485863832035152, 47.190304670192511 ], [ 13.485821064275857, 47.190304007747891 ], [ 13.485792319957975, 47.190314483666093 ], [ 13.485759746017459, 47.190324334870752 ], [ 13.485709032457578, 47.190314595330648 ], [ 13.485678889301406, 47.190297719997552 ], [ 13.485659453925107, 47.19028649887904 ], [ 13.485626432639565, 47.190278535140635 ], [ 13.4856063469138, 47.190270644044254 ], [ 13.485553506512368, 47.190255688600686 ], [ 13.485489298961271, 47.190235259732283 ], [ 13.485446628279099, 47.19022245008248 ], [ 13.485425493654699, 47.190216989744656 ], [ 13.485363036283614, 47.190208435466594 ], [ 13.485323692132015, 47.190204888983516 ], [ 13.485287253634318, 47.1902019684441 ], [ 13.485229133948085, 47.190187109884029 ], [ 13.485197308740462, 47.190181933719437 ], [ 13.485164549764406, 47.1901733396559 ], [ 13.485117412665041, 47.190167913986251 ], [ 13.48509203650141, 47.190156250816401 ], [ 13.485073796211527, 47.190147457389735 ], [ 13.485040796030601, 47.19014678161453 ], [ 13.48500527094394, 47.190140170697035 ], [ 13.484992043027738, 47.190130200864985 ], [ 13.484979771349456, 47.190131476917614 ], [ 13.484953457341641, 47.190114956194066 ], [ 13.48493139550774, 47.190108327296514 ], [ 13.484908150653478, 47.190103409540654 ], [ 13.484886219789868, 47.190096420550567 ], [ 13.484870373741643, 47.190094012287432 ], [ 13.484843674648177, 47.190081271098236 ], [ 13.484818868870038, 47.190084363383725 ], [ 13.484799330656058, 47.190083219712754 ], [ 13.48478044827716, 47.190080635528012 ], [ 13.484748774769825, 47.190082297310546 ], [ 13.484728576338798, 47.190081064529537 ], [ 13.48469174404465, 47.190078864142684 ], [ 13.484658993204453, 47.190073059219252 ], [ 13.484638908216146, 47.190065347906135 ], [ 13.484620961135095, 47.190066721451068 ], [ 13.484607190396558, 47.190051533613726 ], [ 13.484575496035362, 47.190045907215087 ], [ 13.48455504703138, 47.190049353555978 ], [ 13.484525576457992, 47.190036705956345 ], [ 13.484508901155001, 47.190021252038214 ], [ 13.484494225310597, 47.190012633733332 ], [ 13.48447650000865, 47.189999250684394 ], [ 13.484455224057511, 47.189990461194853 ], [ 13.484432919714617, 47.18999130063871 ], [ 13.484433543129645, 47.189978523034299 ], [ 13.484417536323829, 47.18996603746497 ], [ 13.484386340414584, 47.189950062962467 ], [ 13.484358462071407, 47.189940292477381 ], [ 13.484338909774486, 47.189934199995065 ], [ 13.484324098389502, 47.189924322166213 ], [ 13.484293713768432, 47.189915094857909 ], [ 13.484261857710267, 47.189899031220705 ], [ 13.484232273547066, 47.189892772084001 ], [ 13.484193422984262, 47.189877077621176 ], [ 13.484165122535517, 47.189858129964975 ], [ 13.484135942601121, 47.189854749540402 ], [ 13.484112279613942, 47.189842004152432 ], [ 13.484079584700476, 47.189855724061417 ], [ 13.484046851264498, 47.189855947417918 ], [ 13.484011335222826, 47.189852395406945 ], [ 13.483985203171004, 47.189853239836708 ], [ 13.48395509930876, 47.18984986059025 ], [ 13.483929863496774, 47.189840986272095 ], [ 13.483910714185608, 47.189837322569481 ], [ 13.483861790089342, 47.189806795082973 ], [ 13.483691571095374, 47.189592784413549 ], [ 13.481705214125373, 47.187096544823888 ], [ 13.480939614015691, 47.186074139662352 ], [ 13.479796976873992, 47.187099019675237 ], [ 13.478757782744271, 47.188031169157377 ], [ 13.478243109062278, 47.188492690172396 ], [ 13.477067318656132, 47.189547277256423 ], [ 13.476440596607645, 47.190024587720629 ], [ 13.476300313784352, 47.190131477305236 ], [ 13.476263613554476, 47.190129184052068 ], [ 13.476234998703646, 47.190139387463361 ], [ 13.476215376125761, 47.190155787995941 ], [ 13.476200475088635, 47.190161025408457 ], [ 13.476170236879192, 47.190156654525374 ], [ 13.476146055489213, 47.190146787410519 ], [ 13.476125354561946, 47.190154911373178 ], [ 13.476115377372542, 47.190174988839068 ], [ 13.476113572771606, 47.190191007060839 ], [ 13.476113206954182, 47.19020216470237 ], [ 13.476112561098288, 47.190207384195595 ], [ 13.476057043472034, 47.190177581466031 ], [ 13.476022431766458, 47.190166647694298 ], [ 13.476001835827649, 47.190164784025221 ], [ 13.475986952020865, 47.190176409774629 ], [ 13.475962532911991, 47.190176260464881 ], [ 13.475936941174783, 47.190181781189409 ], [ 13.475914275615033, 47.190195576146756 ], [ 13.475885811109697, 47.19021261755443 ], [ 13.475806003654075, 47.190279480755521 ], [ 13.47577008729931, 47.190323164747284 ], [ 13.4757548144543, 47.190337400294538 ], [ 13.475718130558047, 47.190390172935864 ], [ 13.475695535668015, 47.190430241124176 ], [ 13.475678728321721, 47.190462833946434 ], [ 13.475659139153528, 47.19049174118134 ], [ 13.475634374342832, 47.190510307506408 ], [ 13.475604309176262, 47.190521232392562 ], [ 13.475573313985349, 47.190529909002841 ], [ 13.475547223135155, 47.190546227536494 ], [ 13.475521125002148, 47.190559846755164 ], [ 13.475505704769931, 47.190568413884968 ], [ 13.475490550699398, 47.19057779047521 ], [ 13.475477007425107, 47.190597152526024 ], [ 13.475463480847663, 47.190622722985914 ], [ 13.475460623232241, 47.190639912217762 ], [ 13.475457769730959, 47.190658631057964 ], [ 13.475434435400668, 47.190669277550739 ], [ 13.475410333543847, 47.190689012702322 ], [ 13.475401827519386, 47.190716376424298 ], [ 13.475396595439948, 47.190734108485849 ], [ 13.475391352950787, 47.190747971537554 ], [ 13.475368149351972, 47.190758167966912 ], [ 13.475344134426024, 47.190761167223677 ], [ 13.475320650134195, 47.190765155562481 ], [ 13.475295963623761, 47.19076383673918 ], [ 13.47527219623664, 47.190760717217337 ], [ 13.475247227609442, 47.190752650440615 ], [ 13.475226643072864, 47.190755105525959 ], [ 13.475202398471419, 47.190770881811716 ], [ 13.475178557328727, 47.190789446884082 ], [ 13.475151253397394, 47.190796499181722 ], [ 13.475130972443864, 47.190813710142919 ], [ 13.475121256809469, 47.190833067375664 ], [ 13.475089626018136, 47.190850922328039 ], [ 13.474930240279956, 47.19102243771345 ], [ 13.474901640366049, 47.191038489292076 ], [ 13.474860759618926, 47.191052576655849 ], [ 13.474825921202253, 47.191055679256877 ], [ 13.474799818053739, 47.191067588747501 ], [ 13.474786930279201, 47.191085420285717 ], [ 13.474786050896409, 47.191102067174192 ], [ 13.47478569009456, 47.191115204303891 ], [ 13.474785466107019, 47.191130140808625 ], [ 13.474772444871714, 47.191147432647597 ], [ 13.474753360289162, 47.191167881233575 ], [ 13.474747472068179, 47.191187143694236 ], [ 13.474743582801455, 47.191213511871482 ], [ 13.474739004406008, 47.191228993656942 ], [ 13.474727169161238, 47.191245564196947 ], [ 13.474705042372635, 47.191263677150161 ], [ 13.474670209827554, 47.191269029127646 ], [ 13.474650002271073, 47.191264465413134 ], [ 13.47462228494887, 47.191265129711674 ], [ 13.474592498056026, 47.191281632573926 ], [ 13.474565970366202, 47.191282925221124 ], [ 13.474549070394522, 47.191281236651221 ], [ 13.474528362524872, 47.191287020922033 ], [ 13.47450410688996, 47.191298838072143 ], [ 13.474483013843306, 47.191308671789905 ], [ 13.47446049552666, 47.191328494749641 ], [ 13.474450386451281, 47.191348932139654 ], [ 13.474446604980026, 47.191366302446148 ], [ 13.47443912594761, 47.191383047502079 ], [ 13.474423443953564, 47.191392604559219 ], [ 13.474401554795342, 47.19140090963657 ], [ 13.47439353454396, 47.191412706611715 ], [ 13.474373496435645, 47.191422179090765 ], [ 13.474339853395504, 47.191428159331906 ], [ 13.474297234880595, 47.191434240672095 ], [ 13.474313657172797, 47.191603107623052 ], [ 13.47443448555863, 47.194833860753313 ], [ 13.474340490082687, 47.194979110676798 ], [ 13.474346999387439, 47.194994488709199 ], [ 13.474338717933836, 47.195007545681783 ], [ 13.474320401481725, 47.195019625351193 ], [ 13.473953983274384, 47.195575418722406 ], [ 13.473990497133068, 47.196101110496016 ], [ 13.474016165964059, 47.196470255288986 ], [ 13.473957493727493, 47.196695450901743 ], [ 13.473977279500112, 47.196739155353335 ], [ 13.474041150174155, 47.196830043281878 ], [ 13.474071496326792, 47.196873554689887 ], [ 13.474120551319126, 47.196952853854064 ], [ 13.474155254162735, 47.196996449820773 ], [ 13.474219545472261, 47.197046847377784 ], [ 13.474343208052765, 47.197134151903079 ], [ 13.474387803057033, 47.197174406370223 ], [ 13.474407741994412, 47.197275246090598 ], [ 13.474403019374368, 47.197335806620153 ], [ 13.474348783655243, 47.197393009447424 ], [ 13.474240432559181, 47.197453698475151 ], [ 13.474102450247619, 47.197541237307803 ], [ 13.473934836842879, 47.197655805790973 ], [ 13.473811585163826, 47.197723171151729 ], [ 13.473653881267417, 47.197791748615678 ], [ 13.473570073893567, 47.197849077545719 ], [ 13.473486319590911, 47.197926471266761 ], [ 13.473412653309808, 47.198074484605939 ], [ 13.473393251242985, 47.198175462944327 ], [ 13.473398438794725, 47.198289727609904 ], [ 13.473393679133203, 47.198336791555249 ], [ 13.473359198878322, 47.198377233800819 ], [ 13.473201499852239, 47.198498447293083 ], [ 13.473122725007213, 47.198562428010071 ], [ 13.473024219095773, 47.198653336105501 ], [ 13.472984960595159, 47.198883905943319 ], [ 13.473267323417382, 47.199973632501113 ], [ 13.473070332479097, 47.200265041026896 ], [ 13.473054478688073, 47.200260651631282 ], [ 13.473027958126604, 47.2002663527878 ], [ 13.472990618054991, 47.200274316660661 ], [ 13.472875569447837, 47.200301271147836 ], [ 13.472785851758401, 47.200321986020775 ], [ 13.472753924343934, 47.20032994317593 ], [ 13.472726225292769, 47.200339334772437 ], [ 13.472692584713007, 47.200348463714626 ], [ 13.472658415337653, 47.200357323363356 ], [ 13.472623324673281, 47.200367263857061 ], [ 13.472583769586459, 47.200386387482432 ], [ 13.472545391959013, 47.200401460678393 ], [ 13.472502262132791, 47.200416719633765 ], [ 13.472454108006966, 47.200429105451576 ], [ 13.47242150261213, 47.200430315053772 ], [ 13.4723923256589, 47.200429990840462 ], [ 13.472368828565164, 47.200430829376394 ], [ 13.472346545927063, 47.200441653890678 ], [ 13.472327306803281, 47.200455173995039 ], [ 13.472262195638685, 47.200495473393381 ], [ 13.472240982589819, 47.200511425279615 ], [ 13.472216747541745, 47.200532869462684 ], [ 13.472188668559935, 47.200548469818528 ], [ 13.472162842628249, 47.200567396571941 ], [ 13.472133190506341, 47.200587227763201 ], [ 13.472107736235122, 47.200596886399623 ], [ 13.472080550582092, 47.200600788603374 ], [ 13.472074348074377, 47.200601695945551 ], [ 13.472047700654532, 47.200609466503728 ], [ 13.472018420653571, 47.200620209514739 ], [ 13.471983589243187, 47.200628439928032 ], [ 13.471951525961698, 47.200635047365779 ], [ 13.471916959040765, 47.200643457390548 ], [ 13.471891906189519, 47.200655184964624 ], [ 13.471870191329813, 47.200681214838305 ], [ 13.471855063463073, 47.200701928027108 ], [ 13.47183201044119, 47.200721121257665 ], [ 13.47181331284639, 47.200739859291872 ], [ 13.471786665554639, 47.200747719765843 ], [ 13.471771773837881, 47.200757815347572 ], [ 13.471746462994741, 47.200771882610546 ], [ 13.471727121056912, 47.200796649886634 ], [ 13.471709082078991, 47.200814847238576 ], [ 13.471697515326907, 47.20083429639056 ], [ 13.471698745938973, 47.200850490786465 ], [ 13.471714589654628, 47.200851011363639 ], [ 13.471729232227412, 47.200846584655693 ], [ 13.471741894038761, 47.200841980403176 ], [ 13.471751006426526, 47.200843139011269 ], [ 13.471758821503384, 47.200853026985634 ], [ 13.471761887665952, 47.20086436037753 ], [ 13.471751372123295, 47.200881918733884 ], [ 13.471735587357992, 47.200903892386869 ], [ 13.471710815831095, 47.200922277890037 ], [ 13.471682197100243, 47.200933559872254 ], [ 13.47164580005369, 47.200948990262241 ], [ 13.47163252995756, 47.200973390225094 ], [ 13.471617823893437, 47.201004000359042 ], [ 13.471605337641668, 47.201025250163539 ], [ 13.471593526792141, 47.201052347662284 ], [ 13.471579040906137, 47.201066221766638 ], [ 13.471560841264946, 47.201073532050451 ], [ 13.471532079803374, 47.201080765194959 ], [ 13.471505176028636, 47.201091595161586 ], [ 13.471472330645613, 47.201102162410727 ], [ 13.471431033862567, 47.201111930123069 ], [ 13.471393823562893, 47.201119353450615 ], [ 13.471356996611696, 47.201121917532575 ], [ 13.471316998593922, 47.201123495702774 ], [ 13.471307226068152, 47.201122337861193 ], [ 13.470840460413891, 47.201347396514507 ], [ 13.470031080406343, 47.201872669728772 ], [ 13.46937167595172, 47.202300492448558 ], [ 13.468517068931893, 47.202859550391395 ], [ 13.468503498543697, 47.202870543743281 ], [ 13.466796167144338, 47.203971632171388 ], [ 13.46646169481199, 47.205104836703036 ], [ 13.466371757645703, 47.205409424653325 ], [ 13.466399917882022, 47.205633884661204 ], [ 13.464717076345975, 47.206707739782701 ], [ 13.463750263771798, 47.20689789509332 ], [ 13.462516524076218, 47.208297368407337 ], [ 13.462486564387499, 47.208626448750692 ], [ 13.462469147621027, 47.208631507256868 ], [ 13.4624448536189, 47.208631984739448 ], [ 13.462430071897312, 47.208634700841706 ], [ 13.462424547400749, 47.208643344918478 ], [ 13.462423121821891, 47.208654323744945 ], [ 13.462419849461204, 47.208666024485531 ], [ 13.462411699367637, 47.208680879963957 ], [ 13.462399969702238, 47.208689801017016 ], [ 13.462383352178644, 47.208697737870018 ], [ 13.462367394404087, 47.208705494017451 ], [ 13.462361606912022, 47.2087145882752 ], [ 13.462352117932108, 47.208721887191857 ], [ 13.46234474311051, 47.208729813547983 ], [ 13.462339613827069, 47.208738097263556 ], [ 13.46233277375379, 47.208748722325282 ], [ 13.462322636882483, 47.208761060692851 ], [ 13.462316715358877, 47.208769345306351 ], [ 13.462308274759883, 47.208773403853755 ], [ 13.462301695016372, 47.208782499007313 ], [ 13.462292612684793, 47.20879411635881 ], [ 13.4621969359474, 47.209031674453335 ], [ 13.462174038805447, 47.209063552304741 ], [ 13.462166813518589, 47.20907867664809 ], [ 13.462156948750108, 47.209094343844974 ], [ 13.462146828240323, 47.20911343046086 ], [ 13.462135373711838, 47.209126940006833 ], [ 13.46213025226111, 47.209138462879586 ], [ 13.462109150688129, 47.209148654200483 ], [ 13.462079454441678, 47.209153906511652 ], [ 13.46206136541362, 47.209154106952738 ], [ 13.462040767846617, 47.209154400208554 ], [ 13.462014644564865, 47.209162887632907 ], [ 13.461985910082486, 47.2091835249159 ], [ 13.4619555768456, 47.209198315488841 ], [ 13.461930106933066, 47.209204012864156 ], [ 13.461898550242532, 47.209204408469191 ], [ 13.461871617582023, 47.209205878561924 ], [ 13.461845759861365, 47.209214995486889 ], [ 13.461822153822164, 47.209226989128112 ], [ 13.461800117581106, 47.209232952524246 ], [ 13.461794707440657, 47.209234398272287 ], [ 13.461768048037676, 47.209239647070099 ], [ 13.461757097464591, 47.209243258526868 ], [ 13.461756192229643, 47.209251087557689 ], [ 13.461744354147307, 47.209269816169488 ], [ 13.461730009480748, 47.20928944738246 ], [ 13.461716690924314, 47.209296660594283 ], [ 13.46170157019152, 47.209322950985808 ], [ 13.461680760110891, 47.209344479012977 ], [ 13.461659934700428, 47.209359708656343 ], [ 13.461639641376802, 47.209376557283143 ], [ 13.461633473749552, 47.209392310237924 ], [ 13.461622420837362, 47.209408158683196 ], [ 13.461610428546129, 47.209417799767408 ], [ 13.461595262684838, 47.209425554912187 ], [ 13.461578910858487, 47.209434301141194 ], [ 13.461565473320151, 47.209446913095611 ], [ 13.461542510925645, 47.209452157669702 ], [ 13.461523111876291, 47.209456678403832 ], [ 13.461502120906971, 47.209458141708197 ], [ 13.461486802660607, 47.209457529139847 ], [ 13.461472412194226, 47.209458355157153 ], [ 13.461447225186328, 47.209471880113249 ], [ 13.461427569464496, 47.209479460341882 ], [ 13.461411857492362, 47.209479837955264 ], [ 13.461397584869287, 47.2094748153187 ], [ 13.461375518355592, 47.209468361826524 ], [ 13.461360739182886, 47.209472247489089 ], [ 13.461354440511958, 47.209488450461663 ], [ 13.461334138750079, 47.209501879913354 ], [ 13.461327167208328, 47.209512864970165 ], [ 13.461327984981656, 47.209523391370226 ], [ 13.461330000941807, 47.209537965390595 ], [ 13.461335171046763, 47.209546417416163 ], [ 13.461339155185541, 47.209555860525221 ], [ 13.461335885148072, 47.209568640956057 ], [ 13.461323382277429, 47.209585570729999 ], [ 13.461318542796333, 47.209604561347483 ], [ 13.46131881560548, 47.209608160124326 ], [ 13.461319227873764, 47.209614817965587 ], [ 13.461323616647318, 47.209627769726445 ], [ 13.461326039206721, 47.209646662189755 ], [ 13.461333211977399, 47.209664199647463 ], [ 13.461339975972772, 47.209676518893225 ], [ 13.461354256283069, 47.209684690726775 ], [ 13.461363523613585, 47.209694757724172 ], [ 13.461364738830319, 47.209705823538727 ], [ 13.461365045254588, 47.209723278751021 ], [ 13.461364542188655, 47.209733626684191 ], [ 13.46136206352163, 47.209746046315814 ], [ 13.461360122622017, 47.209762424334073 ], [ 13.461359887566106, 47.209774391553104 ], [ 13.461353616356856, 47.209801931608766 ], [ 13.461331583751345, 47.209809514497429 ], [ 13.461323012178591, 47.209814112981341 ], [ 13.461309574482902, 47.20982672490517 ], [ 13.461299170029513, 47.209837803801975 ], [ 13.461278728662275, 47.209848174179065 ], [ 13.461266601768155, 47.20985682562997 ], [ 13.461253670844332, 47.209860619221075 ], [ 13.461221871911455, 47.20987019257506 ], [ 13.46119521692688, 47.209877420729448 ], [ 13.461172650216245, 47.209882574806429 ], [ 13.461150220990248, 47.2098899781518 ], [ 13.461130601235206, 47.209912494486623 ], [ 13.461115070186512, 47.209933116702601 ], [ 13.461097309877342, 47.209960129796109 ], [ 13.461091403273384, 47.209974712724886 ], [ 13.461092114229038, 47.209995676589521 ], [ 13.461093884135289, 47.210017718989107 ], [ 13.461081371716883, 47.210030779731191 ], [ 13.461066081181647, 47.210041684143434 ], [ 13.461058317042589, 47.210052580096736 ], [ 13.461035499003819, 47.210063043077554 ], [ 13.461015043785201, 47.210067744865441 ], [ 13.460993835482608, 47.21008864337287 ], [ 13.460971025248728, 47.210102345507423 ], [ 13.460956536931837, 47.210117387950504 ], [ 13.460945354886489, 47.210134586130202 ], [ 13.46092494226421, 47.210156923364899 ], [ 13.460905041266363, 47.210172421762358 ], [ 13.460891205948029, 47.210184494220002 ], [ 13.460881211380233, 47.210201331152312 ], [ 13.460877557893065, 47.210219420648038 ], [ 13.460872197850836, 47.210241651004836 ], [ 13.460865251335305, 47.210263073347441 ], [ 13.460859215634509, 47.210278916087873 ], [ 13.46083746379942, 47.21029351677884 ], [ 13.460821764838968, 47.210299382898782 ], [ 13.460804339757455, 47.210301291960143 ], [ 13.460788787826097, 47.210313366330212 ], [ 13.460785651172744, 47.210326776434343 ], [ 13.460769827540254, 47.210335701908114 ], [ 13.460716884869921, 47.210338460564209 ], [ 13.460721536556077, 47.210350962167219 ], [ 13.460727251754598, 47.210366431822187 ], [ 13.460724774645831, 47.210379571254116 ], [ 13.460706863704951, 47.210399026378326 ], [ 13.460689075458214, 47.210414612347215 ], [ 13.460677347723598, 47.21042461294396 ], [ 13.460660337826326, 47.210434439502336 ], [ 13.460644535192918, 47.210452092713076 ], [ 13.460632679955717, 47.210463982966942 ], [ 13.460624520186942, 47.210475149264504 ], [ 13.460624551218084, 47.210488015954041 ], [ 13.460624991182152, 47.210506190834103 ], [ 13.460627662428667, 47.210518784635632 ], [ 13.460628086986548, 47.210530571159296 ], [ 13.460624955053675, 47.210545960749457 ], [ 13.460611267673709, 47.210564691311717 ], [ 13.460595840288027, 47.21057370629444 ], [ 13.460580542337432, 47.210581641405042 ], [ 13.460561681160108, 47.210590390295849 ], [ 13.460555511769448, 47.210605603329576 ], [ 13.460547101538266, 47.210622438458543 ], [ 13.460532883984909, 47.210640359810711 ], [ 13.460516413657428, 47.21065495452936 ], [ 13.460501779792098, 47.210664508473904 ], [ 13.460487555925802, 47.210679820491798 ], [ 13.460471879353264, 47.210695044155642 ], [ 13.46045474053791, 47.210706220483523 ], [ 13.460434309503935, 47.210721089550866 ], [ 13.460416397474209, 47.210740184721502 ], [ 13.460390803924495, 47.210749750904363 ], [ 13.460377356889438, 47.210758673666533 ], [ 13.460359687042606, 47.210768680871382 ], [ 13.460335001971343, 47.210771677698823 ], [ 13.460294987231059, 47.21082435899806 ], [ 13.460292663465124, 47.210846405980533 ], [ 13.460288201884284, 47.210858018008274 ], [ 13.460278719808938, 47.210868465940699 ], [ 13.460265813885263, 47.210882786710648 ], [ 13.460259386994849, 47.210900789305143 ], [ 13.460258755335824, 47.210912666986225 ], [ 13.460260103475861, 47.210924182548212 ], [ 13.460269113867749, 47.210937219164322 ], [ 13.460279702520646, 47.210947644681504 ], [ 13.460287382954267, 47.210956723789565 ], [ 13.460293738617436, 47.210964004835013 ], [ 13.460296408076687, 47.210975878829039 ], [ 13.460297499063877, 47.210990273944603 ], [ 13.460297657947871, 47.211001430926082 ], [ 13.460292804333774, 47.211014752956402 ], [ 13.460287672343634, 47.211022136809568 ], [ 13.460285044221415, 47.211027448393054 ], [ 13.460286523765417, 47.21103869387661 ], [ 13.460290250882551, 47.211051106551956 ], [ 13.460294244255191, 47.211064418700659 ], [ 13.460297855781315, 47.211083669763489 ], [ 13.460294730213027, 47.211101758649235 ], [ 13.460284345857167, 47.211121385252603 ], [ 13.4602767519652, 47.211148296882691 ], [ 13.460260047396709, 47.211175398640094 ], [ 13.46022556432532, 47.211222315202221 ], [ 13.460208851704262, 47.211246087808718 ], [ 13.4601940019748, 47.211275796821269 ], [ 13.460183881421713, 47.211295333143589 ], [ 13.460181934262044, 47.211309281764841 ], [ 13.460181312312075, 47.211325208403046 ], [ 13.460181619004324, 47.211342933546668 ], [ 13.460179692818427, 47.211365609921664 ], [ 13.46016652849397, 47.211382360349226 ], [ 13.460159827039815, 47.211396044343559 ], [ 13.460146907551401, 47.21140478653507 ], [ 13.460128861844176, 47.211423341945689 ], [ 13.460111734824149, 47.21143955692456 ], [ 13.460106365475747, 47.211458098192438 ], [ 13.460103628825083, 47.211473217394726 ], [ 13.460094540795367, 47.211482855077918 ], [ 13.46008413619448, 47.211494113815981 ], [ 13.460079022063265, 47.211508965737472 ], [ 13.46007098866087, 47.211517882426087 ], [ 13.460063344479607, 47.21152391941353 ], [ 13.460049625540076, 47.211529693241424 ], [ 13.460041977682414, 47.211534200621081 ], [ 13.460033002020863, 47.211535650259435 ], [ 13.460026426510993, 47.211546814746953 ], [ 13.460031085700164, 47.211562465566317 ], [ 13.460036141677978, 47.211578385874461 ], [ 13.460043045654725, 47.211594034191108 ], [ 13.460050854082965, 47.211601403607396 ], [ 13.460046932666987, 47.211618053739279 ], [ 13.46004498113896, 47.211630202820956 ], [ 13.460034308518303, 47.211639842265569 ], [ 13.460026392015404, 47.211642460424841 ], [ 13.460020722887569, 47.211646155803791 ], [ 13.460018488470279, 47.211650477194091 ], [ 13.460020625182185, 47.211660462268839 ], [ 13.460012999331752, 47.211674147284398 ], [ 13.459996926837478, 47.21168964125367 ], [ 13.45998414037637, 47.211698833163595 ], [ 13.45996819386751, 47.21171180763006 ], [ 13.45995384140482, 47.211728739310225 ], [ 13.459938165663289, 47.211744502760382 ], [ 13.459919973477328, 47.211757119812916 ], [ 13.459900996340481, 47.211772796957369 ], [ 13.459883326928157, 47.211783163994895 ], [ 13.45987211441197, 47.21178794526282 ], [ 13.459855895127806, 47.211797320933869 ], [ 13.459837692120608, 47.211805439131183 ], [ 13.459824251840564, 47.211817331063074 ], [ 13.459816877287546, 47.21182570713782 ], [ 13.459822990892862, 47.211842166140634 ], [ 13.459821832663268, 47.211854764220803 ], [ 13.459818840227349, 47.211873392806439 ], [ 13.459824146894411, 47.211883734265527 ], [ 13.459832217056125, 47.211890113657489 ], [ 13.459825906847311, 47.21190181770023 ], [ 13.45981458101388, 47.211914427094513 ], [ 13.459804967040295, 47.2119250550872 ], [ 13.459791143948598, 47.211942526019968 ], [ 13.459785884063324, 47.211951709533693 ], [ 13.459783135223311, 47.21196179002461 ], [ 13.459783035944104, 47.211975466651182 ], [ 13.459790714501342, 47.21198373600032 ], [ 13.459801023435979, 47.21198759354553 ], [ 13.459809615330039, 47.211991273046152 ], [ 13.459817558850283, 47.211999902006994 ], [ 13.459803181250392, 47.21200639635439 ], [ 13.459783495033671, 47.21200173944775 ], [ 13.459773312539991, 47.211995542356263 ], [ 13.459757189012162, 47.211989801757106 ], [ 13.459722187080718, 47.211985881689841 ], [ 13.459707673978764, 47.211990936542584 ], [ 13.45969158083391, 47.21199788266857 ], [ 13.459674172814818, 47.212007169657831 ], [ 13.459657296854358, 47.21201807564055 ], [ 13.459641734036305, 47.21202592094091 ], [ 13.459625256572894, 47.212037816223905 ], [ 13.459610370341476, 47.212052499026228 ], [ 13.459599045070281, 47.212065378329463 ], [ 13.459591275812274, 47.212074384667353 ], [ 13.459579391995215, 47.212074577820935 ], [ 13.459570545478789, 47.212074857577214 ], [ 13.459560393984628, 47.212081617131645 ], [ 13.459552748587829, 47.212087204200365 ], [ 13.459545908813674, 47.212098368952894 ], [ 13.459530875865806, 47.212106933466316 ], [ 13.459514902662962, 47.212108840717704 ], [ 13.459502756679232, 47.212109843948014 ], [ 13.459498541490687, 47.212114167526472 ], [ 13.459495128479341, 47.212122629160014 ], [ 13.459482876898075, 47.212134699685983 ], [ 13.459476295821386, 47.212143614720219 ], [ 13.459454933390559, 47.212155875307687 ], [ 13.459443604619421, 47.212167314965939 ], [ 13.459428441522757, 47.212176689403833 ], [ 13.459416316372435, 47.212186420378337 ], [ 13.459405899452594, 47.212192640350843 ], [ 13.459385050132653, 47.212198601960637 ], [ 13.459376215413235, 47.212203830427988 ], [ 13.459360907354998, 47.212207806392946 ], [ 13.459343099199279, 47.212215474187644 ], [ 13.459322282726925, 47.212235202242262 ], [ 13.459312281259303, 47.212249519682608 ], [ 13.459300570683137, 47.212266988213784 ], [ 13.459291745392672, 47.212276175655489 ], [ 13.45927447333924, 47.212287171997112 ], [ 13.459255622287325, 47.212300509489324 ], [ 13.459233229975638, 47.212323928333319 ], [ 13.459229312971052, 47.212342557926512 ], [ 13.459232527838763, 47.212361719482907 ], [ 13.459233754906103, 47.212377913997415 ], [ 13.459230895140264, 47.212396902327825 ], [ 13.459221811729513, 47.212408609407987 ], [ 13.459199261344057, 47.212421141193992 ], [ 13.459176445564456, 47.212433133406883 ], [ 13.459161033479184, 47.212448896456849 ], [ 13.459147596744804, 47.212462407891437 ], [ 13.45913232140904, 47.212480150281763 ], [ 13.459108603981083, 47.212501681048771 ], [ 13.459093986289547, 47.212518342981248 ], [ 13.459071329288784, 47.21254158213155 ], [ 13.459057370744782, 47.212557793444752 ], [ 13.45905411390326, 47.212576422301296 ], [ 13.459056261616567, 47.212591086188844 ], [ 13.459072430055249, 47.212615632045626 ], [ 13.459067831936208, 47.212625534610041 ], [ 13.459062703477505, 47.212634537990105 ], [ 13.459059299794353, 47.21264695859103 ], [ 13.459057609955615, 47.212658207594266 ], [ 13.459049445229827, 47.212667574240271 ], [ 13.459042857155618, 47.212673609990325 ], [ 13.459023341378366, 47.212685148637185 ], [ 13.458951183545235, 47.21271582060853 ], [ 13.458925077067905, 47.212732315260816 ], [ 13.458907705496822, 47.212757078148236 ], [ 13.458884779505034, 47.212778338062357 ], [ 13.458863968633111, 47.212800585383746 ], [ 13.458844995517287, 47.212818241841411 ], [ 13.45881664968419, 47.212837078345174 ], [ 13.458785264133944, 47.212854838471891 ], [ 13.458766284556846, 47.212869795611319 ], [ 13.458750992297269, 47.212880519756837 ], [ 13.458742062341654, 47.212901314312887 ], [ 13.45872928819748, 47.212915904691222 ], [ 13.458719289647519, 47.212931571731218 ], [ 13.458703484766621, 47.212948864761884 ], [ 13.458693744317195, 47.212962012156929 ], [ 13.458675701630224, 47.212982276894969 ], [ 13.458665424422499, 47.212991825796664 ], [ 13.458651321407494, 47.213002908525631 ], [ 13.458637748293821, 47.213014710485218 ], [ 13.45862191666045, 47.213020756400176 ], [ 13.458607134798976, 47.213024011866814 ], [ 13.458591290773086, 47.213024839121154 ], [ 13.458574789915296, 47.213027106730095 ], [ 13.458552340847307, 47.213026861531553 ], [ 13.458524354448619, 47.213030311487302 ], [ 13.458506418540567, 47.213039958786553 ], [ 13.458488761235202, 47.213055724216886 ], [ 13.458474924399125, 47.213067706401525 ], [ 13.458449476141974, 47.213083480402865 ], [ 13.458431673744997, 47.213093757382794 ], [ 13.45840527531192, 47.213098645194663 ], [ 13.458385501748889, 47.213112973304369 ], [ 13.458369310574744, 47.213134495635416 ], [ 13.458358382838277, 47.213148184169974 ], [ 13.458353787949887, 47.213159526334479 ], [ 13.458346307783042, 47.213179239539357 ], [ 13.458335247555167, 47.213192748263211 ], [ 13.458329346436269, 47.2132101203267 ], [ 13.458299311043717, 47.213240565600394 ], [ 13.458276936444436, 47.213271812239157 ], [ 13.458258082660743, 47.213284249797013 ], [ 13.458230559547824, 47.213316131924273 ], [ 13.458213963155048, 47.213333875641261 ], [ 13.458187989045163, 47.213350729886166 ], [ 13.458164393103361, 47.213368121375822 ], [ 13.458146195680797, 47.213378938607008 ], [ 13.458133964353756, 47.213399826716284 ], [ 13.458117616259775, 47.213410911843553 ], [ 13.45809888210187, 47.213418130573707 ], [ 13.458084651270768, 47.213431102890596 ], [ 13.458066195663676, 47.213444439750084 ], [ 13.458053409932091, 47.213454261279935 ], [ 13.458035885042193, 47.2134702964252 ], [ 13.458030250659432, 47.213488837881833 ], [ 13.458025927213589, 47.213503328932141 ], [ 13.458020009164189, 47.21351359280947 ], [ 13.458010648863336, 47.213520081425486 ], [ 13.457999692472495, 47.213521713029827 ], [ 13.457979251161875, 47.213532982580425 ], [ 13.457960122064263, 47.21354074158311 ], [ 13.457946287531335, 47.213553803425071 ], [ 13.457935630074122, 47.213570190934014 ], [ 13.457918492766488, 47.21358262655356 ], [ 13.45789462212446, 47.21359560941179 ], [ 13.457880397566113, 47.213611281007907 ], [ 13.457864607070952, 47.213634872299416 ], [ 13.457841791739721, 47.213647404105004 ], [ 13.457827970734456, 47.213666224449639 ], [ 13.457808449233076, 47.213675603443633 ], [ 13.457792747660985, 47.213680929283882 ], [ 13.457770315716804, 47.213688062031494 ], [ 13.457751059784574, 47.213698070564362 ], [ 13.457731553104667, 47.213713747923286 ], [ 13.457713363533413, 47.213727984204617 ], [ 13.457693600149769, 47.213746811035065 ], [ 13.457678573854489, 47.213758524492128 ], [ 13.457662759483597, 47.213772038350406 ], [ 13.457645894415617, 47.213787982736285 ], [ 13.457625458648662, 47.213801681597637 ], [ 13.457618380207947, 47.21382391367176 ], [ 13.457605618668333, 47.213844082486496 ], [ 13.457587301415709, 47.213860208405336 ], [ 13.457574670212557, 47.213879657257557 ], [ 13.457560578805777, 47.213895868530045 ], [ 13.457546499885629, 47.213917388433671 ], [ 13.457523954601644, 47.213932529214766 ], [ 13.457504440993302, 47.213945327276022 ], [ 13.457478600102842, 47.213962901028871 ], [ 13.45745884459016, 47.213985146937752 ], [ 13.45744634070652, 47.214002616141094 ], [ 13.457428422045691, 47.214019821323596 ], [ 13.457410004359083, 47.214049443882125 ], [ 13.457399223468384, 47.214069610511174 ], [ 13.457383410202315, 47.214083664191328 ], [ 13.457369850486925, 47.214101404469567 ], [ 13.457360362602509, 47.214109872666185 ], [ 13.457352851481872, 47.21411662914111 ], [ 13.457344170706772, 47.214131394849851 ], [ 13.457327431772597, 47.214144909669699 ], [ 13.45731333408925, 47.214158511583243 ], [ 13.457303479620384, 47.214179576963069 ], [ 13.457291374121903, 47.214198035462175 ], [ 13.457282565490514, 47.214214600846667 ], [ 13.457271903045831, 47.21422900880242 ], [ 13.457248832720646, 47.214245589733942 ], [ 13.457237245046947, 47.214259638786835 ], [ 13.457217470311759, 47.214273786738907 ], [ 13.457198347593058, 47.214284424871764 ], [ 13.457181468707429, 47.214294610671331 ], [ 13.457094762012781, 47.214373165105336 ], [ 13.456547298444915, 47.215007828168638 ], [ 13.455582002181194, 47.215474501682777 ], [ 13.454595605308867, 47.21613338045691 ], [ 13.454569628260172, 47.216150053919939 ], [ 13.454540619455047, 47.216169159990066 ], [ 13.454481562468343, 47.216214841309949 ], [ 13.454430244124254, 47.216237570210041 ], [ 13.454404654680662, 47.216250554163778 ], [ 13.454377336090534, 47.216258141331018 ], [ 13.454367170128641, 47.216259231881217 ], [ 13.454347366021498, 47.216261232462891 ], [ 13.454317931606633, 47.216267562190062 ], [ 13.454307508540188, 47.216271712227851 ], [ 13.454303168995857, 47.216279724802725 ], [ 13.454301348654488, 47.216292143571074 ], [ 13.454311556914655, 47.2163094982741 ], [ 13.454332315363569, 47.216320543352936 ], [ 13.454354390684774, 47.216329967439243 ], [ 13.4543692123264, 47.216343538189371 ], [ 13.454370040999105, 47.216359373265249 ], [ 13.454365607374486, 47.216383941717162 ], [ 13.454362202967459, 47.216396632104249 ], [ 13.454356693885384, 47.216412923813643 ], [ 13.454349458552409, 47.216425078417096 ], [ 13.454338521050053, 47.216435257466706 ], [ 13.454328237644305, 47.216442736507915 ], [ 13.454312411714145, 47.216451931011278 ], [ 13.454285765054008, 47.216464646132138 ], [ 13.454189748718877, 47.21651801467101 ], [ 13.454062040844276, 47.216572586496454 ], [ 13.453567414291294, 47.216775199218404 ], [ 13.453523347598347, 47.216793241231393 ], [ 13.453518869275173, 47.216798374657671 ], [ 13.453505951675355, 47.216809005605732 ], [ 13.453490541955356, 47.216827107280473 ], [ 13.453468650470557, 47.216840447021703 ], [ 13.453446246100224, 47.216860535577936 ], [ 13.453432073415916, 47.21689996049345 ], [ 13.453428013575458, 47.216914900970117 ], [ 13.453426985977229, 47.21692758881705 ], [ 13.453416175338402, 47.216935608194696 ], [ 13.453401929105521, 47.216942731430372 ], [ 13.453378292732978, 47.216943746144295 ], [ 13.453358490379197, 47.216946646322242 ], [ 13.453333551418394, 47.216955580380983 ], [ 13.45331548465354, 47.216966756605714 ], [ 13.453300853881521, 47.216979008925307 ], [ 13.453287285510701, 47.216993869455585 ], [ 13.453264466830372, 47.217006040434448 ], [ 13.453241765067553, 47.217011552985269 ], [ 13.453218285662473, 47.217023544697852 ], [ 13.453192958025753, 47.217035808285715 ], [ 13.453176211595617, 47.217046893118869 ], [ 13.453160264668295, 47.217061126302632 ], [ 13.45314313798068, 47.217079229739916 ], [ 13.453126390504956, 47.217089864681647 ], [ 13.453092883279671, 47.217105735948948 ], [ 13.453069127632469, 47.217112419277086 ], [ 13.453047880502917, 47.217118830027076 ], [ 13.453021479565814, 47.217123716590891 ], [ 13.452996004675079, 47.217129321989887 ], [ 13.452967631807111, 47.217138169606493 ], [ 13.452944261702417, 47.217140173697366 ], [ 13.45291351480118, 47.217150373454224 ], [ 13.452890024658268, 47.217157686304809 ], [ 13.452867997156307, 47.217169406486661 ], [ 13.452850859327631, 47.217182651132049 ], [ 13.452832277389483, 47.217199676328235 ], [ 13.452808283422733, 47.21721778693481 ], [ 13.452798409071288, 47.217231113913876 ], [ 13.452792890050102, 47.217243266613195 ], [ 13.452790683530356, 47.217260274590181 ], [ 13.452789264277529, 47.217275032314049 ], [ 13.45278943708022, 47.217293027537544 ], [ 13.452785001625376, 47.217317146041935 ], [ 13.45277618332474, 47.217330291954994 ], [ 13.45276975269744, 47.217348114163656 ], [ 13.452753307061613, 47.217375484459602 ], [ 13.452750816648891, 47.217383764962499 ], [ 13.451951122809946, 47.218059340045691 ], [ 13.45186109517244, 47.218135464546215 ], [ 13.453570812600612, 47.218266474837414 ], [ 13.454194100973117, 47.21830279435256 ], [ 13.457951944383757, 47.21852169979595 ], [ 13.458092396404568, 47.218606484051314 ], [ 13.461828286774406, 47.220858406690731 ], [ 13.462530353020934, 47.221283832180042 ], [ 13.464498976432237, 47.222285451705694 ], [ 13.465468307433051, 47.22309547211119 ], [ 13.467562449524987, 47.224845321474852 ], [ 13.468203044069273, 47.225624214169592 ], [ 13.469149196990625, 47.22677434367003 ], [ 13.470094444622413, 47.22648888363247 ], [ 13.471411465596665, 47.226091123584041 ], [ 13.472333006407048, 47.225940999128809 ], [ 13.4734049182, 47.225766388337028 ], [ 13.473805154262028, 47.225777051863446 ], [ 13.473847805514694, 47.2257728602358 ], [ 13.473879389004306, 47.225778849670419 ], [ 13.473924612351999, 47.22579813883236 ], [ 13.473955177090447, 47.225818345871147 ], [ 13.474018889988979, 47.22583689231783 ], [ 13.474072824580261, 47.225853831243363 ], [ 13.474121188259582, 47.225861959293582 ], [ 13.474173509358785, 47.225868192905907 ], [ 13.474191714762966, 47.225859982453649 ], [ 13.474206492045704, 47.225854025669591 ], [ 13.474223919842036, 47.22585139474927 ], [ 13.474239642106895, 47.225853084835236 ], [ 13.474260918043276, 47.22585710743973 ], [ 13.474283474190754, 47.225845922340852 ], [ 13.47430115749237, 47.225840051920095 ], [ 13.474322252075464, 47.225825629453041 ], [ 13.474350798497614, 47.225831892452952 ], [ 13.474374206732053, 47.225843020575503 ], [ 13.474399834150043, 47.225844338447899 ], [ 13.474418674664626, 47.22582667958666 ], [ 13.474437800497315, 47.225816938344295 ], [ 13.474471749034789, 47.225818245876823 ], [ 13.474506012997333, 47.225838718108719 ], [ 13.474536367186962, 47.225829502774353 ], [ 13.474565039458252, 47.225833426162453 ], [ 13.474588161662659, 47.225836366689336 ], [ 13.474600414656287, 47.225824924392121 ], [ 13.47462219268119, 47.225819138812618 ], [ 13.474661560177605, 47.225821789211871 ], [ 13.47466990901655, 47.225832126192444 ], [ 13.47470400820769, 47.225840361697671 ], [ 13.474732520213539, 47.225833757933835 ], [ 13.474771058347583, 47.225822642845351 ], [ 13.474800784390276, 47.225825485139744 ], [ 13.474852155632119, 47.225822272037213 ], [ 13.474894940609, 47.225818709690614 ], [ 13.474928695767391, 47.225797163169581 ], [ 13.474979755484124, 47.225776314905097 ], [ 13.475015244302798, 47.225760974612356 ], [ 13.475046652835134, 47.225750948035582 ], [ 13.475082838752797, 47.225749283357409 ], [ 13.47511614087488, 47.225755810169836 ], [ 13.47517254151534, 47.22575645966436 ], [ 13.475206354081285, 47.225756327515761 ], [ 13.475231891002382, 47.225773121358415 ], [ 13.475281554789271, 47.225773509272628 ], [ 13.475325788719442, 47.225768505323977 ], [ 13.475362517492481, 47.225772238499523 ], [ 13.475397163967756, 47.225787491320411 ], [ 13.475418449896374, 47.225795202753694 ], [ 13.475449621827996, 47.225795433739748 ], [ 13.475482411934159, 47.225807989544215 ], [ 13.475508959085369, 47.225807506477921 ], [ 13.475553765229789, 47.225818787562979 ], [ 13.475588817977574, 47.225837728874794 ], [ 13.475602334670507, 47.225854177759814 ], [ 13.475624665665231, 47.225857568951326 ], [ 13.475635507752056, 47.22586178430614 ], [ 13.475645982950274, 47.22587688733622 ], [ 13.475648308153076, 47.225906486860502 ], [ 13.475641624388283, 47.225925930255606 ], [ 13.475638358005725, 47.225939160961602 ], [ 13.475645426992653, 47.225964615608397 ], [ 13.475653539055047, 47.225985030237496 ], [ 13.475651617023599, 47.226006987030722 ], [ 13.475635825171956, 47.226028511292576 ], [ 13.475688720633121, 47.226002711679314 ], [ 13.475699318734158, 47.226014395424471 ], [ 13.475727437376699, 47.22600887162838 ], [ 13.475730375706085, 47.226020924867917 ], [ 13.475756015140458, 47.226026651293743 ], [ 13.475817192644866, 47.226035302441375 ], [ 13.475850487992005, 47.226039219715013 ], [ 13.475878165052618, 47.226065818224455 ], [ 13.47589588470434, 47.226073444061051 ], [ 13.475909057561424, 47.226109238395722 ], [ 13.475932474267942, 47.226123335429186 ], [ 13.475948628166138, 47.226138071403604 ], [ 13.475961493145963, 47.226157670258061 ], [ 13.475973413863409, 47.226169982158176 ], [ 13.475992291176651, 47.226166089471953 ], [ 13.476014470301152, 47.226162102663729 ], [ 13.476053873886324, 47.226177979156581 ], [ 13.476085190295752, 47.226182708637928 ], [ 13.476131820717546, 47.226184629598471 ], [ 13.476169360348472, 47.226195019794517 ], [ 13.476205766051484, 47.226225656227705 ], [ 13.476236581943613, 47.226240643674281 ], [ 13.476254309989036, 47.226251328662677 ], [ 13.47627404657041, 47.226272088548185 ], [ 13.476305658660324, 47.226288424630525 ], [ 13.476340966889797, 47.226303946263968 ], [ 13.476355944890656, 47.226323362463177 ], [ 13.476384632683354, 47.226332863948663 ], [ 13.47640303071484, 47.226347057174287 ], [ 13.476407702146144, 47.226364956721213 ], [ 13.476392866290404, 47.226397996940811 ], [ 13.476425901889257, 47.226403443982392 ], [ 13.476446537559333, 47.226414755121915 ], [ 13.476451467809927, 47.226430674847343 ], [ 13.476484381357277, 47.226439811082557 ], [ 13.476497517120103, 47.226461748937538 ], [ 13.476534289420243, 47.226481317633308 ], [ 13.476575798915158, 47.226494312030574 ], [ 13.476587605106442, 47.22651301237758 ], [ 13.476607459833685, 47.226528553390494 ], [ 13.476643811785726, 47.226539214857546 ], [ 13.476665995904188, 47.22653702745658 ], [ 13.476698540432238, 47.226556151541928 ], [ 13.476719168642934, 47.226564673354567 ], [ 13.476732001500292, 47.226572305221538 ], [ 13.476762378461423, 47.226571457127626 ], [ 13.476810371417454, 47.226588582205807 ], [ 13.476798770337492, 47.226596784745752 ], [ 13.476797776277586, 47.226619820111182 ], [ 13.476838596906971, 47.226622287972951 ], [ 13.476855755276093, 47.226617677496805 ], [ 13.476872567552634, 47.22663151273953 ], [ 13.476883149890407, 47.226637257912564 ], [ 13.47689585706838, 47.226647229321642 ], [ 13.476902616087346, 47.226655588651369 ], [ 13.476907837341999, 47.226681315482374 ], [ 13.476941233925, 47.226673715254513 ], [ 13.476970666522949, 47.226665580160663 ], [ 13.477015362195706, 47.226684418879394 ], [ 13.477045261838128, 47.226702286528841 ], [ 13.477064209090868, 47.226724037021675 ], [ 13.477091465137013, 47.226741188183532 ], [ 13.477140794880281, 47.226764069961085 ], [ 13.477181264014018, 47.226782913958353 ], [ 13.477208503205604, 47.226793856700688 ], [ 13.477227284869553, 47.226803280527136 ], [ 13.477242656890162, 47.226821706364149 ], [ 13.477270435000868, 47.226836517420772 ], [ 13.477317493219443, 47.226849774457612 ], [ 13.477344159704002, 47.226844432055962 ], [ 13.477373865833378, 47.226839715637823 ], [ 13.477407552159351, 47.226841472514444 ], [ 13.47743838127839, 47.226861048446523 ], [ 13.477492568168362, 47.22687285674764 ], [ 13.477532049257382, 47.226868397830337 ], [ 13.47756088734239, 47.226884377173491 ], [ 13.477580593444095, 47.226893709792641 ], [ 13.477608625771959, 47.226904831387657 ], [ 13.477621344956933, 47.226919121596623 ], [ 13.477643549612056, 47.226924402070516 ], [ 13.477688680325254, 47.226908958737447 ], [ 13.477713828736489, 47.226928091919383 ], [ 13.477739626756021, 47.226943265283204 ], [ 13.477758992052134, 47.226972843128678 ], [ 13.477770958428591, 47.227001620573361 ], [ 13.477798282322341, 47.22704342517747 ], [ 13.477817835927706, 47.227093517528893 ], [ 13.477837906331532, 47.227139380301402 ], [ 13.477854273467534, 47.227183448235593 ], [ 13.477907905836071, 47.227233767198435 ], [ 13.477946568072925, 47.227267819333036 ], [ 13.477959872726826, 47.227302893445625 ], [ 13.477972991563055, 47.227318352807899 ], [ 13.478033582522364, 47.227353276796549 ], [ 13.478089081031589, 47.227361484066265 ], [ 13.478142997496649, 47.227370773046985 ], [ 13.478188971823286, 47.227373863703967 ], [ 13.478221607761354, 47.227377781126066 ], [ 13.478248565764417, 47.227382335611601 ], [ 13.478306509092311, 47.227415013403601 ], [ 13.478349509032844, 47.227441231874515 ], [ 13.478358108927175, 47.227446439576035 ], [ 13.478389106936774, 47.227479151676953 ], [ 13.478397921271988, 47.227514321441284 ], [ 13.478440950526535, 47.22755115712561 ], [ 13.478466634785203, 47.227572808813491 ], [ 13.478485006588475, 47.227577104267077 ], [ 13.478522543213964, 47.227585874107184 ], [ 13.478529345923409, 47.22760997925851 ], [ 13.478550411694334, 47.227633256408559 ], [ 13.478578212384805, 47.227655985093236 ], [ 13.478620742346308, 47.227655300940725 ], [ 13.478651427668517, 47.227670287901681 ], [ 13.478745395378938, 47.227689962755903 ], [ 13.478807380210057, 47.227703110119172 ], [ 13.478851886041106, 47.227700443859732 ], [ 13.478887839269856, 47.227709755467274 ], [ 13.478919534673283, 47.227755693149561 ], [ 13.478948810379464, 47.227786337831574 ], [ 13.47897822490927, 47.227819411707102 ], [ 13.479028126542735, 47.227857408071202 ], [ 13.479069400634415, 47.227880209355341 ], [ 13.479070519682436, 47.227902792146857 ], [ 13.479105859618169, 47.227929110123164 ], [ 13.479146264868849, 47.227972067339209 ], [ 13.47918638015422, 47.228005667305482 ], [ 13.479197151298321, 47.228031746821934 ], [ 13.479203200640363, 47.228069889309317 ], [ 13.479219884391508, 47.228084624140386 ], [ 13.479219262501829, 47.228098571371646 ], [ 13.479213143680683, 47.228130880958723 ], [ 13.479219674393629, 47.228152017176299 ], [ 13.479203999277598, 47.228167693274884 ], [ 13.47920484078691, 47.228185417662971 ], [ 13.479234124108475, 47.228218671594057 ], [ 13.479267087259387, 47.228245172522463 ], [ 13.479305840149376, 47.228263658059667 ], [ 13.47934589875933, 47.228276653311298 ], [ 13.479368527054925, 47.228291560443893 ], [ 13.479426899560668, 47.228287796434167 ], [ 13.479469311632217, 47.228292060851786 ], [ 13.479484237281243, 47.228291951699205 ], [ 13.479517391018129, 47.228291819121246 ], [ 13.479547355959555, 47.228284942358137 ], [ 13.479560524585832, 47.2282704391354 ], [ 13.479579248358897, 47.228258628079061 ], [ 13.479597649163003, 47.228273270670279 ], [ 13.479629131635647, 47.228289695975072 ], [ 13.479654124623885, 47.228299921206414 ], [ 13.479667881192434, 47.22830692171587 ], [ 13.47968622864979, 47.228302309285368 ], [ 13.47969607074636, 47.22832668038685 ], [ 13.479717240457896, 47.22833951985627 ], [ 13.47975707224081, 47.228365921827105 ], [ 13.479758155400571, 47.228375457993899 ], [ 13.479822516619642, 47.228387791954255 ], [ 13.479857712177223, 47.228409431079776 ], [ 13.479877094681072, 47.228444587115177 ], [ 13.479888891981181, 47.228459508097103 ], [ 13.479929264536969, 47.228490318183567 ], [ 13.47996234054742, 47.228509710583445 ], [ 13.479993545347506, 47.228521187411111 ], [ 13.48003398733214, 47.228529413146532 ], [ 13.480053198892834, 47.228550532961897 ], [ 13.480081925328463, 47.22857326008566 ], [ 13.480116584254905, 47.228591840605844 ], [ 13.480182025306801, 47.228612360876284 ], [ 13.480236618629835, 47.228626956637108 ], [ 13.480270439278595, 47.228629072404033 ], [ 13.480297128657504, 47.228631737236142 ], [ 13.480310644270091, 47.228647015862435 ], [ 13.480325335908304, 47.228657704141035 ], [ 13.480363369878555, 47.22865495567855 ], [ 13.480407209972228, 47.228650130226136 ], [ 13.480435677895327, 47.228627419215243 ], [ 13.48048406906463, 47.228596764451751 ], [ 13.48048585870524, 47.228622765486918 ], [ 13.480486438480824, 47.228641210019887 ], [ 13.480519699315343, 47.228679407210045 ], [ 13.480578043990157, 47.228712893121582 ], [ 13.480646310962006, 47.228751944727833 ], [ 13.480683338005901, 47.228767012906665 ], [ 13.480694470890803, 47.228780405057023 ], [ 13.480689107244693, 47.228799037241771 ], [ 13.480704223152459, 47.228819712367731 ], [ 13.48076385455893, 47.228840869669718 ], [ 13.480817830320234, 47.22887067206409 ], [ 13.480834803843196, 47.228894314004982 ], [ 13.480865632659112, 47.228912899263847 ], [ 13.480888880096074, 47.228912779134838 ], [ 13.480926396178928, 47.228913720213214 ], [ 13.480953772350123, 47.228925741607647 ], [ 13.480968188440857, 47.2289322912195 ], [ 13.48098932447267, 47.228932893626101 ], [ 13.481012055392856, 47.228937003060913 ], [ 13.481032748671645, 47.228968198210403 ], [ 13.481047725118779, 47.228986174162209 ], [ 13.481073517541981, 47.228998647469318 ], [ 13.481088852751952, 47.229003216378509 ], [ 13.481122264307189, 47.229000653621128 ], [ 13.481156605776217, 47.228999979162346 ], [ 13.481168043118343, 47.22898052926994 ], [ 13.481207561767382, 47.228989025720516 ], [ 13.48120380907333, 47.228969685545984 ], [ 13.481234556378395, 47.228959118266765 ], [ 13.481272318774252, 47.228953670544946 ], [ 13.481326625614994, 47.228960078251042 ], [ 13.481370507762517, 47.228970188554257 ], [ 13.481399060247997, 47.228977709461681 ], [ 13.481424438811425, 47.228983884838961 ], [ 13.481451934597292, 47.228991407108786 ], [ 13.481471092095854, 47.228993001749132 ], [ 13.481501611804561, 47.228995481357771 ], [ 13.481526716105412, 47.228998057989969 ], [ 13.481562411055441, 47.229008988677457 ], [ 13.481585563339145, 47.229022005170947 ], [ 13.481604451619164, 47.229021800600016 ], [ 13.481640249365668, 47.229022293798408 ], [ 13.481675056900013, 47.229046452224992 ], [ 13.481709589917356, 47.229066921942454 ], [ 13.481732357124129, 47.22908389789599 ], [ 13.481754189598419, 47.229097275984877 ], [ 13.481782729048659, 47.229100118009903 ], [ 13.48181138920237, 47.229098910905748 ], [ 13.481825073113225, 47.229079907900122 ], [ 13.481862717623036, 47.229079498848229 ], [ 13.481882260293126, 47.229077133929174 ], [ 13.481913307668025, 47.229079342807708 ], [ 13.481915688454851, 47.229033541410374 ], [ 13.48193850573071, 47.2290213647127 ], [ 13.481972698137772, 47.229014661744586 ], [ 13.482004127809853, 47.229011921364389 ], [ 13.482007267290516, 47.229001030045616 ], [ 13.48203178166859, 47.22898174292893 ], [ 13.482039782083127, 47.228961487648192 ], [ 13.48206735730032, 47.228950294451849 ], [ 13.482093337292566, 47.228935504255169 ], [ 13.482109051341592, 47.228933864119554 ], [ 13.482126052041798, 47.228920075405064 ], [ 13.482157465414206, 47.228911576476378 ], [ 13.482194582713927, 47.22891161788948 ], [ 13.482236556853769, 47.228900855694413 ], [ 13.482257275296726, 47.228893900345348 ], [ 13.482300351066693, 47.228899062612165 ], [ 13.482332453543549, 47.228900730132935 ], [ 13.482360965738026, 47.228893944510801 ], [ 13.482387101084139, 47.228887431926758 ], [ 13.482427513223824, 47.228884859614197 ], [ 13.482469329022358, 47.22886482991062 ], [ 13.482503396800141, 47.228860826256295 ], [ 13.482530995009537, 47.228857820823748 ], [ 13.482556317943065, 47.228844291060874 ], [ 13.482567522610905, 47.228836178433539 ], [ 13.482615730494496, 47.228834495597255 ], [ 13.482630943371518, 47.228842483585566 ], [ 13.482648958113666, 47.228813667304117 ], [ 13.482667887530543, 47.228781340716296 ], [ 13.482683858056355, 47.228777000854883 ], [ 13.48270108683478, 47.228750524998638 ], [ 13.48269022500881, 47.228739742020402 ], [ 13.482723751093205, 47.228731060207572 ], [ 13.482731245005521, 47.228718633541106 ], [ 13.482729895088626, 47.228708377936563 ], [ 13.482751341836439, 47.228725445398524 ], [ 13.482771315244447, 47.228735316632338 ], [ 13.482777107277615, 47.228728290818133 ], [ 13.482800731022852, 47.228721151599473 ], [ 13.482831480667802, 47.228711573632843 ], [ 13.482856311291368, 47.228710821183249 ], [ 13.48287679191113, 47.2287132236414 ], [ 13.482904421636084, 47.228721375224247 ], [ 13.482934103843366, 47.22870801959958 ], [ 13.482964999573031, 47.228703390139543 ], [ 13.483008851205462, 47.228702702613568 ], [ 13.483049662757246, 47.228701299255739 ], [ 13.483100885309671, 47.228691424340141 ], [ 13.483134665004242, 47.228679053015682 ], [ 13.483159075336671, 47.228669843215989 ], [ 13.483172560114863, 47.228673964397352 ], [ 13.483204227131857, 47.228661865765901 ], [ 13.483268923408968, 47.228652242954468 ], [ 13.48331303073579, 47.22864858573363 ], [ 13.483362674008447, 47.228640782253251 ], [ 13.483394497861415, 47.228637411130691 ], [ 13.483416556119824, 47.228637202077977 ], [ 13.483444822534846, 47.2286369848294 ], [ 13.483483358576757, 47.228625057010241 ], [ 13.483490318055466, 47.228610561528015 ], [ 13.483506256465819, 47.228594974469011 ], [ 13.483511739156745, 47.228572113074108 ], [ 13.483528846374584, 47.228549506263072 ], [ 13.483571899965126, 47.228546930057178 ], [ 13.483576343843794, 47.228530368420785 ], [ 13.483591099558206, 47.228516942359626 ], [ 13.483579033440114, 47.228500762436326 ], [ 13.483599155323432, 47.228469963726205 ], [ 13.483602554777717, 47.228457722364098 ], [ 13.483639356601005, 47.228439858300682 ], [ 13.483660058280286, 47.228427144190299 ], [ 13.483687785210433, 47.228423058583282 ], [ 13.483735684924945, 47.228406079590506 ], [ 13.483782306556018, 47.228404128426696 ], [ 13.483824317934305, 47.228406682192578 ], [ 13.483866329060067, 47.22840914596631 ], [ 13.483907014177909, 47.228409811939692 ], [ 13.483947131667033, 47.228396712169072 ], [ 13.483981755371996, 47.228402514829476 ], [ 13.484027601673187, 47.228406593051105 ], [ 13.484082713147096, 47.22841731727523 ], [ 13.484077978538426, 47.228424521709044 ], [ 13.484094512140613, 47.228432417775544 ], [ 13.484114332012176, 47.228434730910145 ], [ 13.484131315579507, 47.228415183389963 ], [ 13.484159540225813, 47.228400389745481 ], [ 13.484181440839819, 47.228391273030695 ], [ 13.484207292250918, 47.228378012130165 ], [ 13.484229285840817, 47.228355218778773 ], [ 13.48424748153737, 47.228343857540374 ], [ 13.484265501146746, 47.228317110465497 ], [ 13.484273856219289, 47.228282638188887 ], [ 13.484292311939468, 47.228269836966163 ], [ 13.484319750886897, 47.228257473703302 ], [ 13.484334411878926, 47.228211026111332 ], [ 13.484339977613518, 47.228171158911593 ], [ 13.484370860549749, 47.228162210190831 ], [ 13.484386019173224, 47.228151212870159 ], [ 13.484430365455884, 47.228138917106918 ], [ 13.484403626163331, 47.228118797769497 ], [ 13.484414917931627, 47.228095118822331 ], [ 13.484416362134017, 47.228092057686247 ], [ 13.484430918465389, 47.228055237759392 ], [ 13.484448393824312, 47.228023002780269 ], [ 13.484462370307353, 47.22801434642161 ], [ 13.484475072990774, 47.227975999342178 ], [ 13.484500374650439, 47.227955360990357 ], [ 13.484508046919894, 47.227913151580026 ], [ 13.484531481542449, 47.227886307288799 ], [ 13.484558884406848, 47.227861437211835 ], [ 13.484574799076324, 47.227837752102801 ], [ 13.484588729599889, 47.227813079882466 ], [ 13.484615211920891, 47.227789650647772 ], [ 13.48466165420456, 47.227771413524003 ], [ 13.484675370541062, 47.227764197117082 ], [ 13.484734651982292, 47.227755300491182 ], [ 13.484760495459284, 47.22773943014127 ], [ 13.484805797152521, 47.227738020177156 ], [ 13.484833161976628, 47.227745991691982 ], [ 13.484866079338111, 47.227755665367511 ], [ 13.484895388016545, 47.227750587612157 ], [ 13.484922030419517, 47.227736965586367 ], [ 13.484919860198886, 47.227717173536519 ], [ 13.484912665799541, 47.227695678617842 ], [ 13.484937619217403, 47.227691866332577 ], [ 13.484972497437514, 47.227694429180701 ], [ 13.485010781203092, 47.227687000029817 ], [ 13.485049049183928, 47.227674082289624 ], [ 13.485054564731023, 47.227662917784912 ], [ 13.48508823528168, 47.227658913886636 ], [ 13.485115006570416, 47.227644211919539 ], [ 13.485155438329999, 47.227648836773312 ], [ 13.485190442665186, 47.227649329915266 ], [ 13.485231729134012, 47.227629659808727 ], [ 13.485276972450857, 47.227608004908234 ], [ 13.485325922423407, 47.22758922430183 ], [ 13.485349555939601, 47.227585773597767 ], [ 13.485377392356847, 47.227574039386873 ], [ 13.485384772056134, 47.2275680910411 ], [ 13.485416662935952, 47.227542404964957 ], [ 13.48543620721296, 47.227540849226671 ], [ 13.485455149138998, 47.227559449140735 ], [ 13.485489884318932, 47.227558232987448 ], [ 13.485501535875089, 47.227567934920266 ], [ 13.485505243094996, 47.227570989179853 ], [ 13.48555306307507, 47.227572634768556 ], [ 13.485576652968156, 47.227599866236204 ], [ 13.485609316325046, 47.227613049140771 ], [ 13.485656593204334, 47.22760956672348 ], [ 13.485674614967511, 47.227583899144193 ], [ 13.485705401089009, 47.227587367017925 ], [ 13.485730229845585, 47.227586164059353 ], [ 13.48574646237264, 47.227581283554841 ], [ 13.485774163495897, 47.227568469704124 ], [ 13.485778688801753, 47.227534632284225 ], [ 13.485822967654704, 47.227545010274916 ], [ 13.48585043498344, 47.22754272402922 ], [ 13.485883593695176, 47.227544479110847 ], [ 13.485900917452513, 47.227505855741803 ], [ 13.485912614819101, 47.227485685203526 ], [ 13.485934084944011, 47.227464961693435 ], [ 13.485953724844961, 47.227450808956469 ], [ 13.4859662347232, 47.227437565552435 ], [ 13.485984154372975, 47.227422335393982 ], [ 13.485992297093532, 47.227406218582495 ], [ 13.48599962674103, 47.227382994677498 ], [ 13.48602087113531, 47.227375588051551 ], [ 13.486058025997172, 47.227343326408047 ], [ 13.48607844531395, 47.227324673752328 ], [ 13.486085275991472, 47.227311617914026 ], [ 13.486102004715544, 47.227295669519734 ], [ 13.486134915257582, 47.227303003436241 ], [ 13.486166614640672, 47.227302600947183 ], [ 13.48619353472996, 47.227293837008851 ], [ 13.486231029954201, 47.227287938116284 ], [ 13.486261290466855, 47.227292396293478 ], [ 13.48629448709837, 47.227307287848532 ], [ 13.48631420193723, 47.22731904832839 ], [ 13.486356015955948, 47.227344905473053 ], [ 13.486371124532669, 47.227362430667597 ], [ 13.486379108860625, 47.227382844708856 ], [ 13.4864053003629, 47.227396126069067 ], [ 13.486430040243947, 47.227409859261819 ], [ 13.48646730919825, 47.227417007263192 ], [ 13.486496911466002, 47.227422186080084 ], [ 13.486517690908634, 47.227436644401841 ], [ 13.486538086901094, 47.227455512109842 ], [ 13.486562427453856, 47.227468166087498 ], [ 13.486596151055222, 47.227482516982981 ], [ 13.486602372137595, 47.227487007452595 ], [ 13.486623021116472, 47.227502005792992 ], [ 13.486648557275617, 47.227516997543646 ], [ 13.486671697351401, 47.227525604150209 ], [ 13.486704751179982, 47.227536716743863 ], [ 13.486737500586234, 47.227533973278454 ], [ 13.486764945903227, 47.227524128773055 ], [ 13.486790014453319, 47.227514557398088 ], [ 13.486797435573818, 47.227522915249956 ], [ 13.486832484839837, 47.227538883873599 ], [ 13.486856736274454, 47.227520855747187 ], [ 13.486876265584547, 47.227514171092508 ], [ 13.486894892537208, 47.227515135698631 ], [ 13.486907990739892, 47.227522586110148 ], [ 13.486945649811599, 47.227527573980431 ], [ 13.486956237611073, 47.227534757844971 ], [ 13.486984939485644, 47.22754821563634 ], [ 13.486986027597201, 47.227559011408395 ], [ 13.487009426941237, 47.227565908033078 ], [ 13.487019474102798, 47.22756886370243 ], [ 13.487033895551821, 47.227577122105039 ], [ 13.487067621708626, 47.227592282650932 ], [ 13.487096743224553, 47.227613747801321 ], [ 13.487117668097467, 47.227632704667968 ], [ 13.487138970106864, 47.227645092698957 ], [ 13.487178365284155, 47.227656556490302 ], [ 13.487219352592202, 47.227670447493864 ], [ 13.487230071231947, 47.227677181270941 ], [ 13.487247138923994, 47.227686965676135 ], [ 13.487254707967294, 47.227700721918914 ], [ 13.487283426013441, 47.22771966821113 ], [ 13.487305901913849, 47.2277269259327 ], [ 13.487322988795224, 47.227743278622526 ], [ 13.48735049186242, 47.227753228841117 ], [ 13.487369531968771, 47.227759951339323 ], [ 13.487390982716612, 47.227778007673663 ], [ 13.487417209333675, 47.227803165719756 ], [ 13.487449553415335, 47.227797273403681 ], [ 13.487480963690203, 47.227788233148154 ], [ 13.487523697735408, 47.227812199101166 ], [ 13.487562948416523, 47.227819344059043 ], [ 13.48757948787029, 47.227829129130626 ], [ 13.487590348927942, 47.22783937178427 ], [ 13.487611939232313, 47.227859947244212 ], [ 13.487653470675806, 47.227879145997733 ], [ 13.487691061124629, 47.227905728198209 ], [ 13.487717810505453, 47.22792890597168 ], [ 13.487753657312386, 47.227946402839386 ], [ 13.487764917583286, 47.22795763468168 ], [ 13.487806017619311, 47.227964777045663 ], [ 13.48783853255318, 47.227972111008235 ], [ 13.487873162201602, 47.227979891974066 ], [ 13.487902757018423, 47.227982371126224 ], [ 13.487945326912143, 47.227995269971849 ], [ 13.487963183143348, 47.228003613566159 ], [ 13.488001263696662, 47.228017058354546 ], [ 13.487996694430755, 47.228035419876733 ], [ 13.488006124271735, 47.228053042551402 ], [ 13.488031392959522, 47.228066684701048 ], [ 13.488066586912391, 47.228086701714538 ], [ 13.488076008609907, 47.228101535107093 ], [ 13.488093479450688, 47.228113568262621 ], [ 13.488115336347262, 47.228134863080626 ], [ 13.488129378217264, 47.228148700435881 ], [ 13.488147379809435, 47.228161542654114 ], [ 13.488158113971595, 47.228173494989491 ], [ 13.488164232208092, 47.228187882985125 ], [ 13.488166510942678, 47.228199216987363 ], [ 13.488172386649664, 47.22822098342747 ], [ 13.488182873809492, 47.228238784602347 ], [ 13.488209987104646, 47.22825080461557 ], [ 13.488222325092048, 47.228269143129332 ], [ 13.488220514936591, 47.228282462191238 ], [ 13.488234422937612, 47.22829566987663 ], [ 13.488234086868573, 47.228316185092559 ], [ 13.488233736014875, 47.228331661615982 ], [ 13.488252558736983, 47.22835422021663 ], [ 13.488284230434314, 47.228389178142535 ], [ 13.488307526488873, 47.228405702181874 ], [ 13.488347604325027, 47.228424452777645 ], [ 13.488380404139908, 47.228438714427504 ], [ 13.488410995215983, 47.228465485882936 ], [ 13.488425027206336, 47.228475904088718 ], [ 13.488451987175212, 47.228480636115663 ], [ 13.48847599479576, 47.228514524713184 ], [ 13.488500269003607, 47.228549222735083 ], [ 13.488513532307872, 47.22856773990911 ], [ 13.488519523094666, 47.228583657668345 ], [ 13.488535938546917, 47.228596052103526 ], [ 13.48856956147565, 47.228620659932126 ], [ 13.488589818364311, 47.228636738175418 ], [ 13.488587213641127, 47.228649338511033 ], [ 13.488591600344945, 47.228658780110713 ], [ 13.488613965642758, 47.228673145909305 ], [ 13.488626949754131, 47.228686534761621 ], [ 13.48864508850327, 47.228700996300027 ], [ 13.48862952084267, 47.228707405918044 ], [ 13.488612367585588, 47.228713637743958 ], [ 13.488603833165298, 47.228731104931107 ], [ 13.48860655168488, 47.228757194553154 ], [ 13.488625516334292, 47.2287829920704 ], [ 13.488624392644811, 47.228805127947936 ], [ 13.48863051108107, 47.228819515917699 ], [ 13.488650251620951, 47.228839643820208 ], [ 13.488670113939524, 47.22885626244976 ], [ 13.488689711033402, 47.228872521529972 ], [ 13.488689138761339, 47.22890248465459 ], [ 13.488688416129454, 47.228926239571031 ], [ 13.488692172879182, 47.228946029382541 ], [ 13.488702794565176, 47.228964550141264 ], [ 13.488710996809619, 47.228968857836215 ], [ 13.488727797835173, 47.228977562659786 ], [ 13.488756668793251, 47.229003166670168 ], [ 13.488762514897424, 47.229014765717551 ], [ 13.488785518053499, 47.229021392588422 ], [ 13.488806044109667, 47.229039090011341 ], [ 13.488832409149204, 47.229065957104922 ], [ 13.488846592820051, 47.229082943372667 ], [ 13.488851666825054, 47.22910147170019 ], [ 13.488853062468827, 47.229126843307917 ], [ 13.488859065879479, 47.229146989950671 ], [ 13.488872187825843, 47.229162268103437 ], [ 13.488894536178815, 47.229170785364616 ], [ 13.488914075386353, 47.229167339521155 ], [ 13.488920820714382, 47.229170299538204 ], [ 13.488940591478357, 47.229155786201957 ], [ 13.488945702663734, 47.229142102706589 ], [ 13.488962220240271, 47.229144239561919 ], [ 13.488988028666043, 47.229161479841274 ], [ 13.489018433981617, 47.229169806101183 ], [ 13.489043140603988, 47.229171751784897 ], [ 13.489071194330721, 47.229188898995552 ], [ 13.489093946164214, 47.229199845044526 ], [ 13.489114200247727, 47.229214843474139 ], [ 13.489138822072654, 47.229232805160123 ], [ 13.489165513795919, 47.229236007776976 ], [ 13.489189460853943, 47.229249111617968 ], [ 13.489209990321537, 47.229267888687524 ], [ 13.489221937670504, 47.229287937190541 ], [ 13.489242984895956, 47.229303114464571 ], [ 13.489270384153453, 47.229322242017147 ], [ 13.489281793342469, 47.229338962102268 ], [ 13.489325834671188, 47.229357616944476 ], [ 13.489376372921869, 47.229384540743737 ], [ 13.48941650109208, 47.229419936640539 ], [ 13.489467879724476, 47.229418336536099 ], [ 13.489497075955228, 47.229419736098436 ], [ 13.48951727353772, 47.229415569432128 ], [ 13.489544353926201, 47.229416162093777 ], [ 13.489568653494239, 47.229414419165494 ], [ 13.489600747457107, 47.229413025434987 ], [ 13.489632693344509, 47.229406233278617 ], [ 13.489654984907201, 47.22939549538993 ], [ 13.489673964877534, 47.229381612852258 ], [ 13.48968242771558, 47.229384660441262 ], [ 13.489700855958072, 47.229407489275204 ], [ 13.489698655994159, 47.229422878366499 ], [ 13.489698970011023, 47.229439703634782 ], [ 13.489722562336137, 47.229466754287131 ], [ 13.489760681180986, 47.229492615262416 ], [ 13.489782285002441, 47.229517239257142 ], [ 13.489819394464744, 47.229514488913445 ], [ 13.489861926307466, 47.229513980523052 ], [ 13.489896751531329, 47.229498186631105 ], [ 13.489918381825831, 47.229487179669952 ], [ 13.48996010214915, 47.229480283992437 ], [ 13.489979544819443, 47.229488805041207 ], [ 13.490014702267899, 47.229495954791922 ], [ 13.490058581710967, 47.229504442172896 ], [ 13.490093198795256, 47.229507543678594 ], [ 13.490129211424675, 47.229491298194525 ], [ 13.490137623529115, 47.229477250188722 ], [ 13.490151414989775, 47.229450957895374 ], [ 13.490164950274815, 47.22942736526354 ], [ 13.490198506046745, 47.229428938591056 ], [ 13.490228477998645, 47.229424668345338 ], [ 13.490219431144569, 47.229402906384898 ], [ 13.490215411482483, 47.229383746825199 ], [ 13.490215703474581, 47.229348655390154 ], [ 13.490252360924261, 47.229371638952443 ], [ 13.490288890328067, 47.229395972334736 ], [ 13.490309176395012, 47.229421587795073 ], [ 13.490334589123499, 47.229438828316063 ], [ 13.490366578824954, 47.229446792122594 ], [ 13.490378271171485, 47.229425361457039 ], [ 13.490372818530119, 47.229412952156224 ], [ 13.490396706272376, 47.229405990953559 ], [ 13.49040783023783, 47.229415513159694 ], [ 13.490422949144477, 47.229391468425689 ], [ 13.490446063072852, 47.229390806671518 ], [ 13.490471536089846, 47.229428291905293 ], [ 13.490505426235293, 47.229453438656364 ], [ 13.490540178082213, 47.229457439610322 ], [ 13.49058015271711, 47.229441008555199 ], [ 13.490605311224604, 47.229417219852351 ], [ 13.49062453663686, 47.229397128403441 ], [ 13.490648780660235, 47.22937676008133 ], [ 13.490677489299495, 47.229391836520804 ], [ 13.49070646642725, 47.229408352213817 ], [ 13.490733050655292, 47.229419742520392 ], [ 13.49075909606927, 47.229427624463078 ], [ 13.490798617933324, 47.229436567473684 ], [ 13.490811599027074, 47.229448696403516 ], [ 13.490826560141771, 47.229460372706058 ], [ 13.490848878062408, 47.229458542271054 ], [ 13.490891519652704, 47.229450565253188 ], [ 13.490948292756876, 47.22944184882806 ], [ 13.490983207619033, 47.229456196777122 ], [ 13.491021133975202, 47.229461632818136 ], [ 13.491050300165243, 47.229452954599793 ], [ 13.491095224900809, 47.229457571121934 ], [ 13.491154125950784, 47.229453710402225 ], [ 13.491192845134574, 47.229459235263455 ], [ 13.491223371218343, 47.229463601780232 ], [ 13.491260628808114, 47.229466249382419 ], [ 13.491274461431193, 47.229453903331589 ], [ 13.491278127392194, 47.229443011024713 ], [ 13.491279609108256, 47.229408457796644 ], [ 13.491286945596773, 47.229388202785096 ], [ 13.491301189810015, 47.22938098484903 ], [ 13.491330121080262, 47.22938211437905 ], [ 13.491364725769662, 47.229381076573716 ], [ 13.491400268020554, 47.229384356351794 ], [ 13.491429460241987, 47.229384405770013 ], [ 13.491445554237387, 47.229377365199596 ], [ 13.491446822053604, 47.229359637967001 ], [ 13.49149317278178, 47.229355254649796 ], [ 13.49152698976218, 47.229355837476334 ], [ 13.491561280091757, 47.229338064324601 ], [ 13.49158372355261, 47.229334074122868 ], [ 13.491609863645868, 47.229329448935395 ], [ 13.491653733762778, 47.229334786520695 ], [ 13.491678162075738, 47.229331963239616 ], [ 13.491674567036441, 47.229322430679645 ], [ 13.491720251593893, 47.229316158679964 ], [ 13.49175833701589, 47.229330591955495 ], [ 13.491781612695867, 47.229339827176553 ], [ 13.491823613587686, 47.229338509000812 ], [ 13.491839371757912, 47.229351623692814 ], [ 13.491849102937088, 47.22933712383729 ], [ 13.491878943922886, 47.229289304466981 ], [ 13.491904145077504, 47.229323910497037 ], [ 13.49194784862679, 47.229361729902145 ], [ 13.491974914955598, 47.229357643201851 ], [ 13.491978004818691, 47.229330915721555 ], [ 13.491983860729087, 47.229301575050904 ], [ 13.491976432051286, 47.229291058098639 ], [ 13.492010775733585, 47.22929110018525 ], [ 13.492028071415714, 47.229288376753104 ], [ 13.492050961944534, 47.2293013015139 ], [ 13.492077932063822, 47.229353090647116 ], [ 13.492097858426048, 47.22939058325791 ], [ 13.492122669725209, 47.229427259254848 ], [ 13.492140018494036, 47.229442171225742 ], [ 13.492163939312357, 47.229446276778837 ], [ 13.492189179685145, 47.229449930599536 ], [ 13.49221232773472, 47.229460605543103 ], [ 13.492232258500851, 47.229455628975309 ], [ 13.492234984195447, 47.229439609260908 ], [ 13.492243582998121, 47.229400007367197 ], [ 13.492278306227236, 47.229394470268609 ], [ 13.492314832922604, 47.229373724524642 ], [ 13.492339918417581, 47.229369820459468 ], [ 13.492351752878799, 47.229351988472168 ], [ 13.4923906378921, 47.229324851039976 ], [ 13.492439180353797, 47.229302648825964 ], [ 13.49246756100607, 47.229296400722497 ], [ 13.492491478528928, 47.22929942648733 ], [ 13.49252576120969, 47.229323042481433 ], [ 13.492547628529257, 47.229347035746748 ], [ 13.492570129995649, 47.229362300350246 ], [ 13.492587448470962, 47.229367134870387 ], [ 13.492590785739834, 47.229378737233873 ], [ 13.492602798624848, 47.229376291039735 ], [ 13.492618072773753, 47.229360253750102 ], [ 13.492649555992454, 47.229331596981929 ], [ 13.492696741328228, 47.229297429615755 ], [ 13.492725556791374, 47.229303957574814 ], [ 13.492749273183836, 47.229327858234342 ], [ 13.492768258533832, 47.229359773472396 ], [ 13.492786828069683, 47.229385210945097 ], [ 13.492792643574822, 47.229386372496286 ], [ 13.4928070302742, 47.229338934447604 ], [ 13.492836246643181, 47.229303262597824 ], [ 13.492865418157939, 47.229296473424554 ], [ 13.492887319818454, 47.229288074852143 ], [ 13.492914998620538, 47.229268151115384 ], [ 13.492946061256831, 47.229275215729174 ], [ 13.492972133591762, 47.229291914876534 ], [ 13.493005360033411, 47.229315622185737 ], [ 13.49305037900408, 47.229351369852345 ], [ 13.493067451306397, 47.229362143128121 ], [ 13.493097352161776, 47.229378117055958 ], [ 13.493117606086358, 47.229392664891371 ], [ 13.493145884304042, 47.229396224257378 ], [ 13.493161184171065, 47.229388734674927 ], [ 13.493167347468626, 47.229373879810126 ], [ 13.493133702859952, 47.229342974974287 ], [ 13.493110000446791, 47.229323753179564 ], [ 13.493138496507967, 47.22931201614918 ], [ 13.493158482152541, 47.229325214698953 ], [ 13.493170214474713, 47.229317370218254 ], [ 13.493135670325788, 47.229294744531821 ], [ 13.493126346680818, 47.229269204154164 ], [ 13.49315759507995, 47.229250355069432 ], [ 13.493216461688663, 47.229235246205803 ], [ 13.493282196391524, 47.229219947703108 ], [ 13.49334239991815, 47.229210145538865 ], [ 13.493438410949373, 47.229203982020856 ], [ 13.49349176322815, 47.229199947946931 ], [ 13.493545645769302, 47.229196542940578 ], [ 13.493587119782951, 47.22919576471925 ], [ 13.493629537000484, 47.229201103591144 ], [ 13.493662840574858, 47.229206635243543 ], [ 13.493682004531003, 47.229210207318978 ], [ 13.493723225307409, 47.229213028485724 ], [ 13.493760600445134, 47.229210906323814 ], [ 13.493790780653876, 47.229188369513579 ], [ 13.493816969712727, 47.22919993961375 ], [ 13.493858591134959, 47.229204199798737 ], [ 13.49388364196014, 47.229188958338604 ], [ 13.493903154031962, 47.229176693930789 ], [ 13.493938033938134, 47.229179344013836 ], [ 13.493987750613298, 47.229196009553299 ], [ 13.494013126368479, 47.229200742503558 ], [ 13.494047670557249, 47.22922327794786 ], [ 13.49407687332744, 47.229270204699127 ], [ 13.494106663443141, 47.229293106749616 ], [ 13.494176986913056, 47.229353291963761 ], [ 13.494210521706803, 47.229391304832198 ], [ 13.494240980626936, 47.229416905212382 ], [ 13.494259144746177, 47.229439103847064 ], [ 13.494279997475907, 47.229433315824117 ], [ 13.494291119001458, 47.229398478987321 ], [ 13.4943123501501, 47.229386841917062 ], [ 13.494328192046138, 47.229340571317039 ], [ 13.494340308944288, 47.22932894713697 ], [ 13.494363965427388, 47.229332962625932 ], [ 13.494387829827318, 47.229318532527323 ], [ 13.494408521032957, 47.229303117168527 ], [ 13.494427256682902, 47.229296162414236 ], [ 13.494443126983169, 47.229302528312466 ], [ 13.494470100268662, 47.229311307864947 ], [ 13.494499201813955, 47.229281664210305 ], [ 13.494547941380405, 47.22928105530255 ], [ 13.494578843573192, 47.2292787620895 ], [ 13.494607505180536, 47.22927809163015 ], [ 13.494632501528681, 47.229288313578564 ], [ 13.494678302672988, 47.22927709149242 ], [ 13.494722398455021, 47.229269740818452 ], [ 13.494756599856975, 47.229266453130499 ], [ 13.494783005745504, 47.229262456677461 ], [ 13.494823831177017, 47.229265547938617 ], [ 13.494860409914034, 47.22926216686843 ], [ 13.49486925718867, 47.229261254538507 ], [ 13.494900162384765, 47.229259950981302 ], [ 13.494921836703849, 47.229263699238068 ], [ 13.494946800055091, 47.229263123922379 ], [ 13.494969487300118, 47.229252564385455 ], [ 13.495009152029363, 47.229264834884994 ], [ 13.495032840776203, 47.229279377500625 ], [ 13.49505506993102, 47.229291762737361 ], [ 13.495087591921985, 47.229300804188611 ], [ 13.49511770264245, 47.229341970854605 ], [ 13.495137740908334, 47.22937217463987 ], [ 13.495156754465176, 47.229412817212946 ], [ 13.495194676845003, 47.229459911231714 ], [ 13.49523332258191, 47.229484419977233 ], [ 13.495260484201147, 47.229511464409519 ], [ 13.495296185369344, 47.229523380541629 ], [ 13.495324625709232, 47.229536656654886 ], [ 13.49534515663651, 47.229555162689906 ], [ 13.495365848939437, 47.22958320605521 ], [ 13.495404612573875, 47.229603035769891 ], [ 13.495439915353657, 47.229614232608377 ], [ 13.495468198819498, 47.22961941097784 ], [ 13.495499341319331, 47.229652298186849 ], [ 13.495509412014291, 47.229662631190884 ], [ 13.495553713907103, 47.229679303765778 ], [ 13.49556624934708, 47.229717976011003 ], [ 13.495585583866536, 47.229733964352008 ], [ 13.495603048380564, 47.229743207080283 ], [ 13.495611444793784, 47.229767488900364 ], [ 13.495617706735116, 47.229784935510814 ], [ 13.495646851734666, 47.229812516884259 ], [ 13.495670028859053, 47.229832368741143 ], [ 13.495699904755099, 47.229839884183797 ], [ 13.495733572840658, 47.229834887401232 ], [ 13.495768382682353, 47.229814592886143 ], [ 13.495787072376796, 47.229792701789769 ], [ 13.495797822161679, 47.229809062258845 ], [ 13.495806179633597, 47.229820657360982 ], [ 13.495806369040663, 47.229839282332811 ], [ 13.495813140037571, 47.229850429814533 ], [ 13.495830220817183, 47.229863722021697 ], [ 13.495857036214744, 47.229863953655489 ], [ 13.495885241782622, 47.229886677551001 ], [ 13.495930208318532, 47.229904608708537 ], [ 13.495935558209757, 47.229926105570421 ], [ 13.495951982743319, 47.229940748352327 ], [ 13.495992937254281, 47.22994266931002 ], [ 13.496026358107253, 47.229943161392526 ], [ 13.496035410876116, 47.229923173551249 ], [ 13.496055722756896, 47.229913337011553 ], [ 13.496071598430179, 47.22992132226203 ], [ 13.496083402011337, 47.229936691449865 ], [ 13.496108839060122, 47.229961128813144 ], [ 13.496142474145575, 47.229988253751756 ], [ 13.496153652543006, 47.230015050907745 ], [ 13.496180007089555, 47.230037147539825 ], [ 13.496189598192478, 47.230063227147703 ], [ 13.496217267868817, 47.230083432371622 ], [ 13.496247294955722, 47.230097065891613 ], [ 13.496273956166588, 47.23009009948715 ], [ 13.496289218856154, 47.230070642595528 ], [ 13.496301844417374, 47.230052719087979 ], [ 13.496321778910644, 47.230049001478577 ], [ 13.496355790837763, 47.230026998364124 ], [ 13.496391432480152, 47.230062218286072 ], [ 13.496428531351642, 47.230098785763381 ], [ 13.496459916674478, 47.230124474200714 ], [ 13.496475523839381, 47.230131020147709 ], [ 13.496484473295022, 47.230120390028624 ], [ 13.496506825223985, 47.230129535633964 ], [ 13.496544605266124, 47.230172760395796 ], [ 13.496556157929877, 47.230192358814257 ], [ 13.496576584991457, 47.230219772500938 ], [ 13.496602429810933, 47.230247808249629 ], [ 13.49664375007397, 47.230282480082437 ], [ 13.496660511904819, 47.230277957174181 ], [ 13.496678814859642, 47.230259215682914 ], [ 13.496688341662274, 47.230264420673691 ], [ 13.496764773544689, 47.230290944120682 ], [ 13.496763274774564, 47.230318839147692 ], [ 13.49676032465463, 47.230347276121158 ], [ 13.496768465586388, 47.230374167555951 ], [ 13.496804193027399, 47.230394271087043 ], [ 13.496853367769379, 47.230405897444406 ], [ 13.496879093536636, 47.230395423139505 ], [ 13.496893949808639, 47.230415376683517 ], [ 13.496909321082633, 47.230431010588582 ], [ 13.496959581625584, 47.230451992948794 ], [ 13.496970764159961, 47.230479959719517 ], [ 13.496997395179703, 47.230505834799658 ], [ 13.497046569230781, 47.230517191143775 ], [ 13.497066399935942, 47.230522561232242 ], [ 13.497101325263127, 47.230539516628966 ], [ 13.497106562300795, 47.230567042057764 ], [ 13.497154484458012, 47.230600624479372 ], [ 13.497236741178339, 47.230631008236017 ], [ 13.497282284117475, 47.230664054168791 ], [ 13.497304723319454, 47.230701182343019 ], [ 13.497361374525784, 47.230738171225539 ], [ 13.497419567033383, 47.230761031466507 ], [ 13.497458185941396, 47.23077627186467 ], [ 13.49755048531693, 47.23080763065731 ], [ 13.498143321994055, 47.231653007363228 ], [ 13.498729611357351, 47.232046885865707 ], [ 13.499688555944857, 47.232691253047079 ], [ 13.500137611575134, 47.232121941056214 ], [ 13.500231949619311, 47.23204478242117 ], [ 13.501363061464705, 47.231119323920957 ], [ 13.503032522416879, 47.229981516554837 ], [ 13.503115562981431, 47.229967356277527 ], [ 13.504803293678631, 47.229678608862308 ], [ 13.505027460384824, 47.229640210595207 ], [ 13.507397162291781, 47.229353633004585 ], [ 13.508967625225621, 47.230118814417708 ], [ 13.509408399291685, 47.23161841054889 ], [ 13.50944380678423, 47.231738924993707 ], [ 13.511374984862368, 47.231872865492299 ], [ 13.512891156484963, 47.231977916295762 ], [ 13.513228890895228, 47.231966585753412 ], [ 13.51603999162494, 47.2318719511008 ], [ 13.516430191348544, 47.232019966186662 ], [ 13.519417209487836, 47.233152972043634 ], [ 13.519633276564322, 47.233288843880807 ], [ 13.520920155069501, 47.233908022021538 ], [ 13.520953785797362, 47.23396681158637 ], [ 13.520979431668893, 47.234009058526908 ], [ 13.52102599028111, 47.234062698067376 ], [ 13.521091832981798, 47.234078335469697 ], [ 13.521201530038677, 47.234092910720143 ], [ 13.521348789919147, 47.234120290549072 ], [ 13.521484187373881, 47.234155157890122 ], [ 13.521588621826442, 47.234212750495466 ], [ 13.521682391514359, 47.234280258126411 ], [ 13.521758190036662, 47.234346265818047 ], [ 13.521820935949307, 47.23441940325867 ], [ 13.521911560248386, 47.234493754164525 ], [ 13.522019558461741, 47.234587151336008 ], [ 13.522110489989281, 47.23467337854435 ], [ 13.522226712644798, 47.234739138927779 ], [ 13.52230771895997, 47.234820343732828 ], [ 13.522334598654698, 47.234911625808614 ], [ 13.522322825366789, 47.235017908242703 ], [ 13.522302681698374, 47.235147778554222 ], [ 13.522325356653797, 47.235282256588896 ], [ 13.522380702343378, 47.235391126888629 ], [ 13.522469202533546, 47.235498772380815 ], [ 13.522570133593151, 47.235609906245273 ], [ 13.522665484044746, 47.235711961620574 ], [ 13.522765117776219, 47.235829485838963 ], [ 13.522889396138844, 47.235893522577207 ], [ 13.523018218382472, 47.235935237304069 ], [ 13.523180492402094, 47.235948103453332 ], [ 13.523341539965067, 47.235987244713911 ], [ 13.523540976173205, 47.23604782612648 ], [ 13.523730203622488, 47.236098166882591 ], [ 13.523901999755527, 47.236113715392051 ], [ 13.524015985022841, 47.236216908145892 ], [ 13.52415595808306, 47.236346150569311 ], [ 13.524370149464627, 47.23650433088585 ], [ 13.524390283580111, 47.236519143309089 ], [ 13.524563136048508, 47.236643561265865 ], [ 13.52479077067677, 47.23671938922336 ], [ 13.525019010653626, 47.236779829634884 ], [ 13.5252047817619, 47.236859506281696 ], [ 13.525456010890826, 47.236956527726541 ], [ 13.525718661668446, 47.23706981516203 ], [ 13.52598046494807, 47.237131546586362 ], [ 13.526159102884467, 47.237174523120729 ], [ 13.5263917566632, 47.237248809777171 ], [ 13.526269660639128, 47.237277899383187 ], [ 13.526209431029743, 47.237317591331824 ], [ 13.526180780206134, 47.237394660208054 ], [ 13.526168886612755, 47.237466032141448 ], [ 13.526126980910876, 47.237531156507529 ], [ 13.526097543756107, 47.237610026233114 ], [ 13.526087868956747, 47.237674016283037 ], [ 13.526058155949437, 47.237749737268139 ], [ 13.526037068172219, 47.237835880981436 ], [ 13.526035969664843, 47.237896887266814 ], [ 13.526061345018476, 47.237971975132929 ], [ 13.526160823029707, 47.238007437594653 ], [ 13.526254724237583, 47.238071342160865 ], [ 13.526240896569799, 47.238155764043491 ], [ 13.526231942550076, 47.238236218677166 ], [ 13.526240156875765, 47.238314934657652 ], [ 13.526245192305542, 47.238391406597763 ], [ 13.526225267300525, 47.238470350208544 ], [ 13.526319717189756, 47.238503391670875 ], [ 13.526407833339546, 47.238538513267891 ], [ 13.526483711284252, 47.238550711418355 ], [ 13.526568382803655, 47.238583139424541 ], [ 13.526647164338231, 47.238630603532116 ], [ 13.526651467355965, 47.238687281751325 ], [ 13.526602722067953, 47.238724704973897 ], [ 13.526596921847803, 47.23876430471033 ], [ 13.526658540428397, 47.23881494713816 ], [ 13.526704570682339, 47.238829805154133 ], [ 13.526778900992376, 47.238852173140955 ], [ 13.526797592719717, 47.238905587732468 ], [ 13.526807073751526, 47.23896918537659 ], [ 13.526775939048454, 47.23901737598716 ], [ 13.526737110683287, 47.239057121818448 ], [ 13.526783386668198, 47.23910293148063 ], [ 13.526815711748775, 47.239199331918606 ], [ 13.526906861429053, 47.239232648434857 ], [ 13.527011058910867, 47.239257304889456 ], [ 13.527055311335717, 47.239291600824842 ], [ 13.527084018158451, 47.239337890142387 ], [ 13.52712666348547, 47.239402241109516 ], [ 13.527199395532717, 47.239456823316303 ], [ 13.527216088306528, 47.239469391674255 ], [ 13.527307884823246, 47.239534738587857 ], [ 13.52740704399976, 47.239590265382652 ], [ 13.52739455314946, 47.239678554128609 ], [ 13.527669371636662, 47.239718754995749 ], [ 13.527910482718383, 47.239754064075356 ], [ 13.530474554785703, 47.240129446364698 ], [ 13.531581305591891, 47.239601519023367 ], [ 13.536079344668217, 47.239739361414095 ], [ 13.536165098632837, 47.239741997979458 ], [ 13.537021185125834, 47.239768272711224 ], [ 13.537491642317914, 47.239799551982962 ], [ 13.537706461539443, 47.239832908014698 ], [ 13.5377827573597, 47.239849506782342 ], [ 13.537891978404792, 47.239873334496103 ], [ 13.53799524379153, 47.239826270895968 ], [ 13.538001563714097, 47.239786579658109 ], [ 13.538004401227269, 47.239768759102169 ], [ 13.538101095499096, 47.239764806222979 ], [ 13.538117211209665, 47.239764147401843 ], [ 13.538252266777976, 47.239806463578624 ], [ 13.538376496368434, 47.239850688608605 ], [ 13.53847916079877, 47.239887124353984 ], [ 13.538648734230984, 47.239904364249774 ], [ 13.538812324936366, 47.239945908493318 ], [ 13.538953678981096, 47.23997687536675 ], [ 13.539103992230944, 47.240001437505114 ], [ 13.539222937380723, 47.23997764851363 ], [ 13.539455848911439, 47.240008539159547 ], [ 13.539623580798084, 47.240027670459106 ], [ 13.539796467819558, 47.240047422004757 ], [ 13.539947697326491, 47.240069641967843 ], [ 13.540111739825434, 47.240091208624939 ], [ 13.540256621634933, 47.240111820118557 ], [ 13.540366956292981, 47.240149679862157 ], [ 13.540520003849814, 47.240163707850094 ], [ 13.540711440323207, 47.240196740862686 ], [ 13.54086353617552, 47.240237493308406 ], [ 13.540971881281104, 47.240273196644459 ], [ 13.541111782049216, 47.240303623634716 ], [ 13.541237794362049, 47.240296375425693 ], [ 13.541354901268674, 47.240275556810694 ], [ 13.541504722602713, 47.240275372997495 ], [ 13.541631221855361, 47.240224124682989 ], [ 13.541711332468736, 47.240202563576027 ], [ 13.541829188705229, 47.240170855878176 ], [ 13.541976854884679, 47.24012685656308 ], [ 13.542147012687463, 47.240090913750031 ], [ 13.542278664082634, 47.240073216710393 ], [ 13.542392400212062, 47.24003548752605 ], [ 13.542509893171854, 47.240012327610849 ], [ 13.542674815511994, 47.239988990414588 ], [ 13.5428061540689, 47.239959146437023 ], [ 13.542944244340232, 47.239932798985478 ], [ 13.543071431703559, 47.239922307411696 ], [ 13.543168504710424, 47.239913940664081 ], [ 13.543245323836326, 47.239895533739841 ], [ 13.543347679987001, 47.239886797192455 ], [ 13.543418304525815, 47.239905382149473 ], [ 13.543563375816934, 47.23994020547255 ], [ 13.543763258083072, 47.239970518462755 ], [ 13.5439216624331, 47.24000252740278 ], [ 13.544050436588714, 47.240025503271696 ], [ 13.544170537188254, 47.240093123679237 ], [ 13.544305935988669, 47.240153787385196 ], [ 13.544421408215751, 47.24018713484174 ], [ 13.544462015620875, 47.24019893653454 ], [ 13.544615361731008, 47.240254257950795 ], [ 13.544778458549342, 47.240302992730818 ], [ 13.5449921869357, 47.240359191255685 ], [ 13.54522240809594, 47.240409780116025 ], [ 13.545442112673696, 47.24047343477578 ], [ 13.545661176361227, 47.240541858992522 ], [ 13.545839968837731, 47.240583544780122 ], [ 13.548403945804184, 47.240958974476776 ], [ 13.550217193388386, 47.24122447714754 ], [ 13.551853980314695, 47.243989402808815 ], [ 13.55246481018666, 47.244213351789867 ], [ 13.552693554618207, 47.24444343267163 ], [ 13.55358148254451, 47.245336180957501 ], [ 13.553720943441633, 47.245446223052426 ], [ 13.555333127527406, 47.246653013517232 ], [ 13.55575944743377, 47.247544574108431 ], [ 13.555797574313383, 47.247624309282649 ], [ 13.555896340447402, 47.247858056638457 ], [ 13.555904506163586, 47.247883054298953 ], [ 13.555955643555089, 47.247977160320865 ], [ 13.556043738598497, 47.248124190538043 ], [ 13.556046002377474, 47.248128325055411 ], [ 13.556074627330583, 47.2481793760385 ], [ 13.556134024240849, 47.248289211808064 ], [ 13.556144943381746, 47.248309075373953 ], [ 13.556210064264841, 47.248428797379837 ], [ 13.556231904188508, 47.248468884400616 ], [ 13.556305158379084, 47.248574464041027 ], [ 13.556371917572115, 47.248675197592249 ], [ 13.556378288323669, 47.248681843417842 ], [ 13.556450225756343, 47.248757103283118 ], [ 13.556471858969065, 47.248779465187134 ], [ 13.556489393245744, 47.248801205278184 ], [ 13.556517614391291, 47.248881589451344 ], [ 13.556581831466275, 47.249037213847025 ], [ 13.556624685964668, 47.249140693407568 ], [ 13.556634708641756, 47.249167216983068 ], [ 13.556647939580083, 47.249202462039555 ], [ 13.556679347372816, 47.249286349027145 ], [ 13.556772008318568, 47.249418433532597 ], [ 13.556786100435856, 47.249438560742867 ], [ 13.556838991859896, 47.249509268893256 ], [ 13.556898193054852, 47.249603358661595 ], [ 13.556984769612232, 47.249671391292431 ], [ 13.557322195215241, 47.24993661039094 ], [ 13.557436483211138, 47.250026452601318 ], [ 13.5575996992565, 47.250155608314152 ], [ 13.557903320492503, 47.250269730845773 ], [ 13.558087454156375, 47.250345488247426 ], [ 13.558156386875961, 47.250365687025003 ], [ 13.558258130824498, 47.250395178588342 ], [ 13.558306200106001, 47.250418927573627 ], [ 13.558527141514533, 47.250511257315736 ], [ 13.558559907398497, 47.250540884953203 ], [ 13.558575693792681, 47.250555250062902 ], [ 13.558592408649607, 47.250570423127563 ], [ 13.558607796329856, 47.250584249159104 ], [ 13.558626898990426, 47.250601576945087 ], [ 13.558637647865064, 47.250612172974257 ], [ 13.558691923178976, 47.250665691916609 ], [ 13.558783259403588, 47.250733353859488 ], [ 13.558885170029047, 47.250801624631187 ], [ 13.558967199403721, 47.250855898278282 ], [ 13.559123406391249, 47.250951414291137 ], [ 13.55916804313364, 47.250975709579677 ], [ 13.559247250702406, 47.25101892144631 ], [ 13.559460219823571, 47.251192694398362 ], [ 13.560664972771908, 47.252508549821087 ], [ 13.560984225649122, 47.252688136239342 ], [ 13.561531464425308, 47.252995932430174 ], [ 13.562091668596624, 47.253549697108951 ], [ 13.563285975425913, 47.253895953569639 ], [ 13.564958330996378, 47.254340561241222 ], [ 13.56535235613644, 47.254417949483887 ], [ 13.566370424577739, 47.254617779995485 ], [ 13.566991838480682, 47.254713052549548 ], [ 13.568018234271507, 47.254940294291337 ], [ 13.568649979998135, 47.25492072586966 ], [ 13.569251348008974, 47.255053188044776 ], [ 13.573488784144782, 47.255985314666191 ], [ 13.576365198002458, 47.256617872497792 ], [ 13.576410706703903, 47.256627852847139 ], [ 13.576459134108294, 47.256611553657308 ], [ 13.577203001271371, 47.256398877843431 ], [ 13.577231525653389, 47.25639413798244 ], [ 13.57750894433479, 47.256312204566782 ], [ 13.577514088479276, 47.256310034093772 ], [ 13.577809294283213, 47.256188022042402 ], [ 13.57812079855867, 47.256047079029898 ], [ 13.578292706602964, 47.255955292899479 ], [ 13.578435648918495, 47.255858620083849 ], [ 13.57862972579597, 47.255759857518242 ], [ 13.578801270706499, 47.255618763974347 ], [ 13.579015704925657, 47.255493053749447 ], [ 13.579217752439396, 47.255375287830027 ], [ 13.579380175759574, 47.255262555860973 ], [ 13.579537667681546, 47.255055988244365 ], [ 13.579704433879421, 47.254854708996589 ], [ 13.579815581641064, 47.25474262712109 ], [ 13.57990088854479, 47.254615484912229 ], [ 13.579990085454174, 47.25444415547782 ], [ 13.580024708105073, 47.254387215015903 ], [ 13.580068248516536, 47.254315588970179 ], [ 13.580097304531424, 47.254198645836617 ], [ 13.580093487627149, 47.254060539305371 ], [ 13.58013038829586, 47.253953836556001 ], [ 13.580186094730488, 47.253827478049537 ], [ 13.580237413010446, 47.253695370490476 ], [ 13.580309790971222, 47.253516969042181 ], [ 13.580403059038469, 47.253340861649562 ], [ 13.580480103701962, 47.253171537649678 ], [ 13.580552417554086, 47.2530362351946 ], [ 13.580587930653094, 47.252915768800584 ], [ 13.580697797924765, 47.252841929069717 ], [ 13.580802079452056, 47.252732380462859 ], [ 13.580946176293928, 47.252631113104364 ], [ 13.581048587766169, 47.252545682190778 ], [ 13.581060553050772, 47.252448300969554 ], [ 13.58100058791767, 47.252370241248201 ], [ 13.581070353773995, 47.252312054351286 ], [ 13.581142111371202, 47.252284095380332 ], [ 13.581238579860766, 47.252171504136427 ], [ 13.581343785662249, 47.252062312919335 ], [ 13.581494990598475, 47.251955720733534 ], [ 13.581633946801187, 47.25185797279488 ], [ 13.581707691315094, 47.251803105983953 ], [ 13.581764711369434, 47.251704456748577 ], [ 13.58185180398425, 47.251621847791277 ], [ 13.581951789370848, 47.251555136579285 ], [ 13.582027816427265, 47.251480019730465 ], [ 13.581973795364952, 47.251401497651955 ], [ 13.581913583565935, 47.251327217978449 ], [ 13.581867422433039, 47.251262085287671 ], [ 13.581872012090496, 47.25117029863447 ], [ 13.58187678298731, 47.251088948928462 ], [ 13.581875986364706, 47.251060068017047 ], [ 13.581965008645865, 47.251022713237923 ], [ 13.582117560688555, 47.251006634232375 ], [ 13.582219477130131, 47.250929391240831 ], [ 13.582335771655373, 47.250874790964346 ], [ 13.582483389711928, 47.250849364632742 ], [ 13.582629261310807, 47.250817913465198 ], [ 13.582750854493494, 47.250766180436926 ], [ 13.582855306235004, 47.250722402806375 ], [ 13.582972839964214, 47.250678596416101 ], [ 13.583051456975092, 47.25059285589915 ], [ 13.582994439937748, 47.250551591385552 ], [ 13.583022235875875, 47.250477389334101 ], [ 13.583117621573553, 47.250416805609198 ], [ 13.583218236173906, 47.250400119165818 ], [ 13.583327812114376, 47.250378284275158 ], [ 13.583427207555813, 47.250327409019476 ], [ 13.583524672242103, 47.250287425147199 ], [ 13.583627601925388, 47.250257416645098 ], [ 13.583748686971903, 47.250238345354816 ], [ 13.583848472764828, 47.250214192075404 ], [ 13.583947152667097, 47.250179783749836 ], [ 13.583989316993673, 47.25012633456393 ], [ 13.583955989153592, 47.250064773557057 ], [ 13.583950637984403, 47.250023125922937 ], [ 13.584008590613919, 47.249983048588447 ], [ 13.584099840873961, 47.249970340961198 ], [ 13.584180809822314, 47.249935251595396 ], [ 13.584253703952724, 47.249897210710941 ], [ 13.584295249736375, 47.249880563413747 ], [ 13.584331124119576, 47.249866178023922 ], [ 13.584394711306699, 47.249816190595027 ], [ 13.584473249998698, 47.249798112051543 ], [ 13.584558881446945, 47.24977102010196 ], [ 13.584630276587252, 47.249723534682758 ], [ 13.584706403989275, 47.24969862303535 ], [ 13.58479991347307, 47.24971650208375 ], [ 13.5849002669105, 47.249728607408095 ], [ 13.584951899912397, 47.24974909814938 ], [ 13.58504435647315, 47.249712363208872 ], [ 13.585096971223212, 47.249689302787388 ], [ 13.585107715079015, 47.249614598031577 ], [ 13.585145280325424, 47.249566917111395 ], [ 13.585260001151061, 47.249488383396823 ], [ 13.585357497600285, 47.249427973071178 ], [ 13.585410797857138, 47.249382506682082 ], [ 13.585479278193654, 47.249333677519182 ], [ 13.58554449031805, 47.249319946630266 ], [ 13.585607207876219, 47.249281927402528 ], [ 13.585721040952029, 47.249239116106153 ], [ 13.585737545482516, 47.249236380229121 ], [ 13.585775836244652, 47.249230086970869 ], [ 13.585819140023915, 47.249139114109383 ], [ 13.585904442693804, 47.249071262231887 ], [ 13.586039072525855, 47.248983955805727 ], [ 13.586130882075604, 47.248867681624972 ], [ 13.586219072798258, 47.248658019131994 ], [ 13.586243347512026, 47.248567088338199 ], [ 13.586292438280736, 47.248498326795186 ], [ 13.586336599489968, 47.248448741308366 ], [ 13.586407338088698, 47.248430408815345 ], [ 13.586491611135809, 47.248423833210296 ], [ 13.586556675505522, 47.248407132821313 ], [ 13.586607046669505, 47.248302377437895 ], [ 13.58665077972735, 47.248191158436164 ], [ 13.586693229126096, 47.248115393265664 ], [ 13.586720210601666, 47.248065575899162 ], [ 13.586779918635862, 47.248034221019182 ], [ 13.586824614437138, 47.24801360679114 ], [ 13.586916915400547, 47.24786277964148 ], [ 13.586982566417449, 47.247748272540967 ], [ 13.587037801355326, 47.247638557385493 ], [ 13.587049157887751, 47.24758202644508 ], [ 13.587031283669331, 47.247547065137567 ], [ 13.587077135649018, 47.24749216693931 ], [ 13.587140752837001, 47.247449556016285 ], [ 13.587177360968941, 47.247423381081326 ], [ 13.58718421953642, 47.247365780421852 ], [ 13.587162789886044, 47.247278370375909 ], [ 13.587137905075265, 47.247214362082751 ], [ 13.587115476843294, 47.247139101167384 ], [ 13.587097514433074, 47.247058251716425 ], [ 13.587099481927408, 47.247000212068748 ], [ 13.58711050297053, 47.246901392602112 ], [ 13.587149879337499, 47.246846418817107 ], [ 13.58714739400612, 47.246796666986114 ], [ 13.58713757478198, 47.246733075011065 ], [ 13.587161250353352, 47.246655461953871 ], [ 13.587187821102289, 47.246575413056625 ], [ 13.58720150684757, 47.246453733440177 ], [ 13.587243806825745, 47.24631984313374 ], [ 13.587219686863758, 47.246222451621264 ], [ 13.587196965703015, 47.246141162898276 ], [ 13.587174980103134, 47.245937953473344 ], [ 13.58718475038126, 47.24585389303072 ], [ 13.58713587460306, 47.245801635216466 ], [ 13.587016575848844, 47.245750074081485 ], [ 13.586925682774176, 47.245670376719396 ], [ 13.586902617736278, 47.245599885960551 ], [ 13.586846236098904, 47.245525330390706 ], [ 13.586768972475443, 47.245449651545833 ], [ 13.58664416133956, 47.245378037376653 ], [ 13.586640451351498, 47.245375886173782 ], [ 13.586585093431532, 47.245349376006246 ], [ 13.586579646209916, 47.245288023686577 ], [ 13.586589771722572, 47.245222767730212 ], [ 13.586602598028621, 47.245169652686073 ], [ 13.586588828257193, 47.245136211790573 ], [ 13.586529988422463, 47.245072368811186 ], [ 13.586547972361434, 47.245047765072393 ], [ 13.586561778496531, 47.244978541940505 ], [ 13.586528776829597, 47.244929847665517 ], [ 13.586442074564404, 47.244869485694359 ], [ 13.586339384804161, 47.244781536172958 ], [ 13.586180471191113, 47.24467913505908 ], [ 13.586035832294494, 47.244549978840382 ], [ 13.58590865918579, 47.244536404383155 ], [ 13.585824078978398, 47.244532722856881 ], [ 13.585775815105135, 47.24449737881136 ], [ 13.585714333023693, 47.244377935373464 ], [ 13.585711132309909, 47.244371734039404 ], [ 13.585714270266363, 47.244364798845254 ], [ 13.585757545664439, 47.244268697319853 ], [ 13.585713537813291, 47.244211479363791 ], [ 13.585701705022251, 47.244196119480847 ], [ 13.58567139358415, 47.244157136532252 ], [ 13.585653993643563, 47.244110386941628 ], [ 13.585600785938542, 47.244091069708865 ], [ 13.585545493457767, 47.24407787551484 ], [ 13.585519725879806, 47.244021966757032 ], [ 13.585508902754295, 47.243885945225941 ], [ 13.585478413135865, 47.243754196150498 ], [ 13.585422952939414, 47.243650395250718 ], [ 13.585434010453351, 47.243586397007221 ], [ 13.585437341994204, 47.243509279192025 ], [ 13.585371421176699, 47.24342835561837 ], [ 13.585330995115589, 47.243373918880664 ], [ 13.585315850379521, 47.243301250819442 ], [ 13.585314324744461, 47.243202999112249 ], [ 13.5852880005479, 47.24311335008683 ], [ 13.585251781306056, 47.243026692184316 ], [ 13.585225265128038, 47.242952159734713 ], [ 13.585216898000992, 47.242915377567613 ], [ 13.585273534382372, 47.242878181724258 ], [ 13.58532461334498, 47.242839288579432 ], [ 13.585341309619114, 47.242766370125082 ], [ 13.585354377498502, 47.242652969961128 ], [ 13.585404420890484, 47.242563241959409 ], [ 13.58551288799236, 47.24239573430139 ], [ 13.585629846524437, 47.242263478788743 ], [ 13.585673729638854, 47.242184291638559 ], [ 13.585703894843322, 47.242165239626679 ], [ 13.58576093160338, 47.242129122375481 ], [ 13.585844386774982, 47.242036440860808 ], [ 13.585864573486319, 47.242002924596058 ], [ 13.586077143831575, 47.241999753850145 ], [ 13.586221647874869, 47.241964162088067 ], [ 13.586487295577385, 47.241870805561426 ], [ 13.586728414981961, 47.241759777468758 ], [ 13.586833238156535, 47.241660119444781 ], [ 13.586914091059473, 47.241576350671608 ], [ 13.587019077264102, 47.241510793470461 ], [ 13.587116233392011, 47.241493031510927 ], [ 13.587203981009873, 47.241496974942599 ], [ 13.587246287774612, 47.241475286121492 ], [ 13.587249366571953, 47.241401138042832 ], [ 13.587228046509628, 47.241281065994755 ], [ 13.587223851405863, 47.241205404514908 ], [ 13.587259993533063, 47.241110667935359 ], [ 13.587292864563889, 47.241022596949179 ], [ 13.587395758817921, 47.240934459778821 ], [ 13.587434203022209, 47.240878948069621 ], [ 13.587469629629837, 47.240827851962401 ], [ 13.58745091493663, 47.240782545198407 ], [ 13.587432819323617, 47.240728599238111 ], [ 13.587490525302657, 47.240667375976543 ], [ 13.587591976881473, 47.240609114277383 ], [ 13.587649334288505, 47.240530436132794 ], [ 13.587658702131057, 47.240445476728738 ], [ 13.58776957529385, 47.240286149421017 ], [ 13.587834761862947, 47.240132412692972 ], [ 13.587908943687442, 47.240090767436222 ], [ 13.587943597856762, 47.240044081785804 ], [ 13.587937486856717, 47.239982281095287 ], [ 13.587893915905612, 47.239905807858172 ], [ 13.587869656978397, 47.239834060245819 ], [ 13.587791929858238, 47.239797883103371 ], [ 13.587712928051792, 47.23979877936916 ], [ 13.587638740905371, 47.239784368704463 ], [ 13.587638033634546, 47.239692323587477 ], [ 13.587627156147898, 47.239545954932261 ], [ 13.587637208760876, 47.239383703558921 ], [ 13.587660473170148, 47.239248955715659 ], [ 13.587658216911665, 47.239109586032086 ], [ 13.587678355877891, 47.239066621930029 ], [ 13.587739202791168, 47.23902707602668 ], [ 13.587822754987631, 47.238983700323011 ], [ 13.587830425170925, 47.238902973613691 ], [ 13.587836466834545, 47.238731013631771 ], [ 13.587836670870034, 47.238581381042749 ], [ 13.587815867294763, 47.238431435477352 ], [ 13.587783468741911, 47.238287904191395 ], [ 13.587774059146117, 47.238172034533889 ], [ 13.587738038886286, 47.238071970326267 ], [ 13.587706919017977, 47.238001857582717 ], [ 13.587657663620195, 47.237924227235553 ], [ 13.587636975949586, 47.237853101430147 ], [ 13.587643280514092, 47.237790553175671 ], [ 13.587687239204188, 47.237728460709022 ], [ 13.587770906729732, 47.237654582492354 ], [ 13.587809753960444, 47.237573606174443 ], [ 13.5878296604302, 47.237509947792269 ], [ 13.587828895217642, 47.237405935812667 ], [ 13.58780678421374, 47.237341021644205 ], [ 13.587898039291527, 47.237279183329008 ], [ 13.588053783739266, 47.237193986617157 ], [ 13.588222431526985, 47.237154649212307 ], [ 13.588309311869457, 47.237089851105473 ], [ 13.588402447723807, 47.23697996032373 ], [ 13.588434982736945, 47.236877943243485 ], [ 13.588487312991454, 47.236798915987812 ], [ 13.588557962676454, 47.236738203019812 ], [ 13.588581767740944, 47.23668875216859 ], [ 13.588699675712984, 47.236620465090255 ], [ 13.588791090057514, 47.236537391063131 ], [ 13.58887421789626, 47.236461893641277 ], [ 13.589014530801496, 47.236410021804978 ], [ 13.589131689693156, 47.236378266722333 ], [ 13.589210993450378, 47.236331660338799 ], [ 13.58934663617109, 47.236243087862618 ], [ 13.589494311365314, 47.236102301355054 ], [ 13.58958403171026, 47.235970012932768 ], [ 13.589612885491654, 47.235899495823013 ], [ 13.589653615634834, 47.23582625266274 ], [ 13.589685522955532, 47.23575887786599 ], [ 13.589743865910901, 47.235721675913538 ], [ 13.589780930182046, 47.235682542340498 ], [ 13.589826259154878, 47.235604250035458 ], [ 13.589841269082394, 47.23551225947147 ], [ 13.589897628499145, 47.235447528862558 ], [ 13.589994253636908, 47.235350135731032 ], [ 13.590123668414648, 47.235204080873828 ], [ 13.59023284258285, 47.235106659244195 ], [ 13.590239966988406, 47.235023234247038 ], [ 13.59024189559166, 47.234957996376522 ], [ 13.59029715469558, 47.234911713386722 ], [ 13.590440873470483, 47.234827890161213 ], [ 13.590658125515766, 47.234734093130882 ], [ 13.590922774115688, 47.234634519939561 ], [ 13.591129655973917, 47.234527518797691 ], [ 13.591242830455995, 47.234465448204368 ], [ 13.59135711802432, 47.234387898884385 ], [ 13.59147134568147, 47.234325195835588 ], [ 13.591582710797921, 47.234271496889704 ], [ 13.591689670763111, 47.234262526535211 ], [ 13.591668700081623, 47.234161349657398 ], [ 13.59165074846112, 47.234056206927647 ], [ 13.591657444715471, 47.233966754321472 ], [ 13.59166545140052, 47.233875139287186 ], [ 13.591643598877747, 47.233782692198268 ], [ 13.591607733823208, 47.233661214215786 ], [ 13.59155918223027, 47.233511692069904 ], [ 13.591521336284014, 47.233417301712606 ], [ 13.591504730822466, 47.233317194630615 ], [ 13.591509063725619, 47.233203633470673 ], [ 13.591535308554015, 47.233059610314733 ], [ 13.591522604117062, 47.232838654885605 ], [ 13.591479061378095, 47.232686691955344 ], [ 13.591443633542218, 47.232546317688737 ], [ 13.591399441495561, 47.232423598817554 ], [ 13.591339021918126, 47.232305055644176 ], [ 13.591337502685539, 47.232237396158588 ], [ 13.591369290297905, 47.232173440267317 ], [ 13.591382458799732, 47.232110876211372 ], [ 13.591365717230056, 47.232036862823598 ], [ 13.591342176279058, 47.231923004892074 ], [ 13.591343793667482, 47.231875493214005 ], [ 13.591344489594462, 47.231855696631548 ], [ 13.591414171867672, 47.23173415938065 ], [ 13.591501555699894, 47.231639845085297 ], [ 13.591551700923395, 47.231575217684913 ], [ 13.591577798994331, 47.231509475082859 ], [ 13.59159257051788, 47.231477679601305 ], [ 13.591638139655048, 47.231422780086419 ], [ 13.591665785594733, 47.231376469050382 ], [ 13.591681697493545, 47.231334773466592 ], [ 13.591713581813964, 47.231290792214516 ], [ 13.59176943731017, 47.231232450172257 ], [ 13.591826229666854, 47.231176625340424 ], [ 13.591892507567252, 47.231142643432619 ], [ 13.591958598696328, 47.23112449791639 ], [ 13.592010798756315, 47.231102065000719 ], [ 13.592051086519765, 47.231074800346001 ], [ 13.59208799875743, 47.231032607112198 ], [ 13.592104834436467, 47.230990819391053 ], [ 13.59214079062971, 47.23094223992269 ], [ 13.592185508566685, 47.230902548283915 ], [ 13.592258562781279, 47.230876738695805 ], [ 13.592254465514578, 47.230849304930189 ], [ 13.592280041652197, 47.230812086154806 ], [ 13.59226346368181, 47.230771634053745 ], [ 13.592308092060984, 47.230740670368696 ], [ 13.592363748068076, 47.230722728297046 ], [ 13.592436151628778, 47.230698989551996 ], [ 13.592487906691458, 47.230666749900813 ], [ 13.592547509148536, 47.230618566381587 ], [ 13.592617432392577, 47.230573958428529 ], [ 13.5926676445675, 47.230523456812108 ], [ 13.592744604266139, 47.230486120920922 ], [ 13.592830750682401, 47.230436617109092 ], [ 13.592914072614121, 47.230376862254737 ], [ 13.592992594926988, 47.230335023767502 ], [ 13.593055929621462, 47.230293849701361 ], [ 13.593107245616119, 47.230253062922046 ], [ 13.593142980440245, 47.230213481368253 ], [ 13.593174427410244, 47.230188395934064 ], [ 13.593179558890496, 47.230157432028541 ], [ 13.593231349038225, 47.23010566687735 ], [ 13.593278013629305, 47.230059222062494 ], [ 13.593317139191278, 47.230010814936385 ], [ 13.593340676142523, 47.229962083475115 ], [ 13.593343426763466, 47.229930495155223 ], [ 13.593345307804762, 47.22988325276598 ], [ 13.593366780362006, 47.229844513494413 ], [ 13.593421612537902, 47.229793641082182 ], [ 13.593454017532435, 47.229748578415091 ], [ 13.593485289023324, 47.229714765493355 ], [ 13.593541007859477, 47.229683056167801 ], [ 13.593602761136204, 47.229642875156415 ], [ 13.593681820815663, 47.229603194416143 ], [ 13.593731064332806, 47.22957095993457 ], [ 13.593776353065756, 47.229540354066977 ], [ 13.593833926571495, 47.229509810061181 ], [ 13.593865537807982, 47.229518195623932 ], [ 13.593889214219441, 47.229497896562677 ], [ 13.593896651191804, 47.22950597750846 ], [ 13.593913650564726, 47.229524563923711 ], [ 13.593935233617582, 47.229535131866285 ], [ 13.593963841276022, 47.229523729261814 ], [ 13.593995779415772, 47.229491264332829 ], [ 13.594021396725701, 47.229462772864899 ], [ 13.594054638129341, 47.229453519087286 ], [ 13.594084324427365, 47.229419799605211 ], [ 13.594118425821799, 47.229424220394286 ], [ 13.594146628230021, 47.22941101912496 ], [ 13.594173072154648, 47.229389453984055 ], [ 13.594155090820296, 47.229359262780129 ], [ 13.594103490800078, 47.229315382019571 ], [ 13.594073977340642, 47.229277029268928 ], [ 13.594042816450322, 47.229252806722748 ], [ 13.59399842756269, 47.229224745418172 ], [ 13.593961737476345, 47.229177501307284 ], [ 13.593947023511454, 47.229140194384215 ], [ 13.593942737371464, 47.229074610716282 ], [ 13.593942184339742, 47.229016036737818 ], [ 13.593935797795911, 47.228979880463193 ], [ 13.593949300887173, 47.2289591547787 ], [ 13.593947802374522, 47.228896354028429 ], [ 13.59395972333872, 47.22884944855835 ], [ 13.593967639623607, 47.228820817650345 ], [ 13.593979009278614, 47.228796047863995 ], [ 13.593972218040047, 47.228758182947473 ], [ 13.593994101035442, 47.228722501841915 ], [ 13.594037479735208, 47.228679753297214 ], [ 13.594050461904182, 47.22866055840705 ], [ 13.59403590452083, 47.228628199888959 ], [ 13.59404749610939, 47.228594881740165 ], [ 13.594057644039914, 47.228563456419003 ], [ 13.594087752736879, 47.228535134605458 ], [ 13.594104146931969, 47.228511433030086 ], [ 13.594118539818671, 47.228483687054563 ], [ 13.594098747335627, 47.228461148060902 ], [ 13.594062553830218, 47.228434147744416 ], [ 13.594056243874736, 47.228386744131903 ], [ 13.594057385857187, 47.228350480649944 ], [ 13.594057889153367, 47.228318627519627 ], [ 13.594011433361189, 47.22829983861709 ], [ 13.594016082422367, 47.228278323391912 ], [ 13.594012636892009, 47.228249268597459 ], [ 13.593983086372406, 47.228203267831987 ], [ 13.593997504535034, 47.228180650521473 ], [ 13.593987800354068, 47.228141352633294 ], [ 13.593993634640535, 47.228119114877465 ], [ 13.594020153258159, 47.228086032497508 ], [ 13.593987354961099, 47.228077829649884 ], [ 13.593965573844693, 47.228053765569179 ], [ 13.593949229589885, 47.228034007955721 ], [ 13.593919354096396, 47.228029217539309 ], [ 13.59391332002494, 47.227984152697168 ], [ 13.593921564140118, 47.227941664529098 ], [ 13.593911064880791, 47.227901828588884 ], [ 13.593927039629751, 47.227873449175199 ], [ 13.593955736768139, 47.227853588494042 ], [ 13.593978069353089, 47.227828793617498 ], [ 13.59397940070795, 47.227804136778516 ], [ 13.593973860493392, 47.227778865824028 ], [ 13.593999514265036, 47.227757932368156 ], [ 13.593996877992184, 47.227705481610279 ], [ 13.59401417437901, 47.227677279113429 ], [ 13.59402952009045, 47.227655289515802 ], [ 13.594041370314406, 47.227620891044026 ], [ 13.594058630694549, 47.227585400457563 ], [ 13.594075153827061, 47.227534345475313 ], [ 13.5940749234324, 47.2274876477601 ], [ 13.594070935819886, 47.227455804908701 ], [ 13.594103877381173, 47.227412810293451 ], [ 13.594108166258437, 47.227371860780202 ], [ 13.594108796491975, 47.227365740877524 ], [ 13.594115832944411, 47.227319476409043 ], [ 13.594111788490396, 47.227276116588129 ], [ 13.594097753128819, 47.227242407219151 ], [ 13.594067470962298, 47.227208645067044 ], [ 13.594093090680484, 47.227180873387802 ], [ 13.594107855489348, 47.227148267781054 ], [ 13.594104686137598, 47.227121641742528 ], [ 13.594099347289308, 47.227056870274922 ], [ 13.59411959187933, 47.227037298835064 ], [ 13.594117109587028, 47.227016069864383 ], [ 13.594116653172874, 47.226977110716696 ], [ 13.594102312204567, 47.226961757426899 ], [ 13.594089040578416, 47.226922197779544 ], [ 13.594075566065367, 47.226895055469527 ], [ 13.594057000038822, 47.226853258505678 ], [ 13.594030369409518, 47.226809950384364 ], [ 13.594020411228385, 47.22679944582864 ], [ 13.594023825246344, 47.226768575782295 ], [ 13.593993214158441, 47.226748400942881 ], [ 13.593999080685371, 47.226732731456515 ], [ 13.59401256747384, 47.226682043337838 ], [ 13.594021484592183, 47.226642162959706 ], [ 13.594009441794508, 47.226610698451289 ], [ 13.594009026292712, 47.226580017124824 ], [ 13.594007068403061, 47.226557977154577 ], [ 13.594041443910834, 47.226538013473231 ], [ 13.594074178468047, 47.226506716391718 ], [ 13.594078550102541, 47.226455779200258 ], [ 13.594051482763453, 47.226431007417695 ], [ 13.594056612478605, 47.226399863509492 ], [ 13.594043792312627, 47.226371460013816 ], [ 13.594021809843062, 47.226359993232386 ], [ 13.594030436993449, 47.226314894829343 ], [ 13.594034424574383, 47.226293201158619 ], [ 13.594028059599891, 47.226261363744563 ], [ 13.594052703261365, 47.226223246909271 ], [ 13.59404250791084, 47.226191418264563 ], [ 13.593998782607763, 47.226190258668815 ], [ 13.593982450741015, 47.226146117166003 ], [ 13.593981625101502, 47.226085834226318 ], [ 13.593986416997547, 47.226039754852088 ], [ 13.594001083477982, 47.225987264484104 ], [ 13.594004298805492, 47.225942898286945 ], [ 13.59400186037916, 47.225903763717064 ], [ 13.594012297723326, 47.225877556415611 ], [ 13.594058820494217, 47.225830031849718 ], [ 13.59410661359753, 47.225799060189985 ], [ 13.59414964774032, 47.225767289612591 ], [ 13.594177671004388, 47.225718187769964 ], [ 13.594189329552606, 47.225671822725516 ], [ 13.594192125368478, 47.225622778659499 ], [ 13.594188025285828, 47.225594895068532 ], [ 13.594180531975775, 47.225575297166706 ], [ 13.594175434513025, 47.225532659572146 ], [ 13.59418135876934, 47.225501963722458 ], [ 13.594030046071822, 47.225459121060709 ], [ 13.594060003874976, 47.22540056719393 ], [ 13.594087515134216, 47.225354795706195 ], [ 13.594108125351655, 47.225302381688834 ], [ 13.594139598459551, 47.225256511138603 ], [ 13.594174623890382, 47.225207843144901 ], [ 13.59419718566296, 47.225176209412055 ], [ 13.594216099547534, 47.225128028195726 ], [ 13.594212347317368, 47.225090336274683 ], [ 13.594215833847196, 47.225020685806122 ], [ 13.594218516179319, 47.224975421045833 ], [ 13.594223952338197, 47.224899377716959 ], [ 13.594244046366452, 47.224849484221011 ], [ 13.594237629915256, 47.224807209557781 ], [ 13.594223377773128, 47.224756225039876 ], [ 13.594210089461097, 47.224686433041889 ], [ 13.594206716354076, 47.224618507854444 ], [ 13.594209466353403, 47.224560196218981 ], [ 13.594240703204196, 47.224520084729534 ], [ 13.594274004242823, 47.224496794270109 ], [ 13.594272144777214, 47.224441192515044 ], [ 13.594268803146061, 47.224379655649102 ], [ 13.594279537223438, 47.224333382684591 ], [ 13.594295372086297, 47.224276930587386 ], [ 13.594286504842602, 47.22424653855407 ], [ 13.594266320895223, 47.224197907043006 ], [ 13.594260973112936, 47.224158059319301 ], [ 13.59427635071407, 47.22411600465135 ], [ 13.594310444952937, 47.224066169036767 ], [ 13.594333188553916, 47.224017979018683 ], [ 13.594365161362234, 47.223993251936839 ], [ 13.594437357846573, 47.223956375661707 ], [ 13.594531843976627, 47.223913149803188 ], [ 13.594616513210875, 47.223887941864966 ], [ 13.594678218932042, 47.223866385659321 ], [ 13.59476495005522, 47.223830825480185 ], [ 13.594853391369854, 47.223793911646723 ], [ 13.594920065443663, 47.223762176456212 ], [ 13.594982240400631, 47.22372874199317 ], [ 13.595036703213056, 47.22368488784273 ], [ 13.595059720644254, 47.223665489808987 ], [ 13.595078787559061, 47.223621806957439 ], [ 13.595109593829481, 47.223601671192313 ], [ 13.59519493960701, 47.223579880407627 ], [ 13.595193677819758, 47.22356512701829 ], [ 13.5952462064241, 47.223530814816456 ], [ 13.595313148095185, 47.223499888575105 ], [ 13.595368316685837, 47.223491933616806 ], [ 13.59541807821269, 47.223485610668462 ], [ 13.595491121954092, 47.223460068921945 ], [ 13.595550089850322, 47.223445896689874 ], [ 13.595641708806312, 47.223437407778256 ], [ 13.595684011525314, 47.22341850505957 ], [ 13.595747048628091, 47.22339928461745 ], [ 13.595809709121351, 47.223384024013356 ], [ 13.595872224095473, 47.223366064388614 ], [ 13.595921171091062, 47.223355334206126 ], [ 13.595977738160311, 47.223336488463907 ], [ 13.596032585535406, 47.223317106796124 ], [ 13.596098161331875, 47.223303818810614 ], [ 13.596159897536218, 47.223288650123571 ], [ 13.596208051059522, 47.223277741694041 ], [ 13.596266604432735, 47.223259970951645 ], [ 13.59634440705879, 47.223235407420269 ], [ 13.596406631104177, 47.22321213950746 ], [ 13.596471383321475, 47.223192644769306 ], [ 13.596540680682359, 47.223184116731161 ], [ 13.596567526275633, 47.223190982940842 ], [ 13.596589271801459, 47.223155031695775 ], [ 13.59665731738586, 47.223160362998549 ], [ 13.596708009692184, 47.22315538699484 ], [ 13.596761960345237, 47.223141675624504 ], [ 13.596807577289463, 47.223125374165093 ], [ 13.596854892776411, 47.223105379683894 ], [ 13.596942976485238, 47.223076742969297 ], [ 13.597061171619963, 47.22304776652625 ], [ 13.597108961296463, 47.22304342690758 ], [ 13.597170370303019, 47.223042204925854 ], [ 13.597223285692726, 47.223032814650011 ], [ 13.597264672441758, 47.223015802990162 ], [ 13.597314304366339, 47.223010109354817 ], [ 13.59734394144008, 47.222994114652735 ], [ 13.597408731257152, 47.222982267372117 ], [ 13.597469814885445, 47.222968809057598 ], [ 13.597544097922722, 47.222980153849434 ], [ 13.597619085703107, 47.222973951365084 ], [ 13.597690313980628, 47.222981884009791 ], [ 13.597754720537825, 47.222972646766586 ], [ 13.597817595018226, 47.222947577023113 ], [ 13.597878087037051, 47.22294788640545 ], [ 13.597962133760028, 47.222930865363594 ], [ 13.598038876724139, 47.222905943225456 ], [ 13.598103592808906, 47.222879429404692 ], [ 13.598141691291881, 47.222865214369776 ], [ 13.598170957061281, 47.222854259049626 ], [ 13.59823323667535, 47.22284232715981 ], [ 13.598286740409833, 47.222844991992666 ], [ 13.598344983456075, 47.222844586540219 ], [ 13.598394529822746, 47.222821886904406 ], [ 13.598445000209102, 47.222799095118468 ], [ 13.59851875337257, 47.22278380719824 ], [ 13.598582077671564, 47.222769533272384 ], [ 13.598643531683644, 47.22275103473055 ], [ 13.599034342248002, 47.222672473096438 ], [ 13.599090565548805, 47.222664423895665 ], [ 13.599140690850311, 47.222651890030029 ], [ 13.599172538923417, 47.222629231361942 ], [ 13.599196603269096, 47.22260830042719 ], [ 13.599233668218401, 47.222598766264028 ], [ 13.599279194539729, 47.222617195302888 ], [ 13.599350115419826, 47.222616579775007 ], [ 13.59943680350645, 47.222599731428517 ], [ 13.599501727163865, 47.222588422508053 ], [ 13.5995526447328, 47.222575886609185 ], [ 13.599573024010773, 47.222557573553722 ], [ 13.599602385577963, 47.222539509425687 ], [ 13.599650645609032, 47.22255001391293 ], [ 13.599686144024764, 47.222570355765278 ], [ 13.599690776673576, 47.222546141007378 ], [ 13.59970232606809, 47.222531627631454 ], [ 13.59976106303367, 47.222524471994127 ], [ 13.599773098966827, 47.222501679551073 ], [ 13.599775718731962, 47.222471171080109 ], [ 13.599792048174097, 47.222435501820051 ], [ 13.599829197844988, 47.222390426187424 ], [ 13.599846955067953, 47.222349804820361 ], [ 13.599901397456762, 47.222302979122162 ], [ 13.599944046310853, 47.222248442950715 ], [ 13.599979177876358, 47.22219608382207 ], [ 13.600011830879589, 47.222149848950373 ], [ 13.600058970838633, 47.222095482172492 ], [ 13.600101389279128, 47.222047694786134 ], [ 13.600155552908971, 47.221998080317235 ], [ 13.600212185034597, 47.221966545497835 ], [ 13.60024548683749, 47.221944243029569 ], [ 13.600261869716718, 47.221893097458668 ], [ 13.600281755769773, 47.221829526789953 ], [ 13.600299077616475, 47.221781258289326 ], [ 13.600307312637591, 47.221764323229777 ], [ 13.600316592857164, 47.221745136283758 ], [ 13.600321742065745, 47.221718670851125 ], [ 13.60035837159144, 47.221675395808887 ], [ 13.600370288641026, 47.221655302901304 ], [ 13.600410429885997, 47.221653589174679 ], [ 13.600437515914024, 47.221629681632749 ], [ 13.600436146316351, 47.221593873832369 ], [ 13.600469781051439, 47.221585247083972 ], [ 13.600491948583901, 47.22155505264692 ], [ 13.600478065029465, 47.221525752577307 ], [ 13.600473592572826, 47.221503178736427 ], [ 13.600508798441066, 47.221491848968128 ], [ 13.600522277946023, 47.221467343484875 ], [ 13.600551435098859, 47.221435153133122 ], [ 13.600570550812844, 47.221402176541041 ], [ 13.600579541258131, 47.221377951517056 ], [ 13.600581938671784, 47.221355811445328 ], [ 13.600588862075112, 47.221314585538543 ], [ 13.60060842306798, 47.221291325456214 ], [ 13.60063982616302, 47.221259309764669 ], [ 13.600677183266075, 47.221229439545105 ], [ 13.600688682951136, 47.221205208621278 ], [ 13.600703934807495, 47.221165582747496 ], [ 13.600708934401439, 47.22113569850459 ], [ 13.600693067979659, 47.221106043205836 ], [ 13.600732864481211, 47.221114587600326 ], [ 13.600782230112003, 47.221108893075197 ], [ 13.600794513486706, 47.221082950728707 ], [ 13.600830379369961, 47.221045525856624 ], [ 13.600862735357522, 47.22101917644185 ], [ 13.600880549167391, 47.220989981906101 ], [ 13.600887097034565, 47.220952895823103 ], [ 13.600891520408041, 47.220913565295376 ], [ 13.600885427479513, 47.220883977037133 ], [ 13.600916361105496, 47.220863659435807 ], [ 13.600897986715134, 47.220834279989958 ], [ 13.600911525974395, 47.220795557884564 ], [ 13.60091419373623, 47.220774676853068 ], [ 13.6009261003509, 47.220752604405973 ], [ 13.600934978953523, 47.220732428598993 ], [ 13.600939261129971, 47.220717392305907 ], [ 13.600937953623822, 47.220693911269692 ], [ 13.600923645631072, 47.22068512710306 ], [ 13.600910522611613, 47.220675620330944 ], [ 13.600901100234161, 47.220666644727025 ], [ 13.600898464323759, 47.220641637195172 ], [ 13.600913934470968, 47.220619106489146 ], [ 13.600909089365601, 47.220575118910801 ], [ 13.600906226649915, 47.220531396606567 ], [ 13.600903120755291, 47.220491813835217 ], [ 13.600906278515597, 47.220463373547894 ], [ 13.600914093226557, 47.220415667148053 ], [ 13.600928917510156, 47.220369923779842 ], [ 13.600925132141009, 47.220326563553051 ], [ 13.600931721346651, 47.220297665314185 ], [ 13.60095677168426, 47.220263145090513 ], [ 13.600970696021275, 47.220222262612346 ], [ 13.600987087234685, 47.220173006433058 ], [ 13.600995973854435, 47.220128356739473 ], [ 13.601026949295266, 47.220090313453028 ], [ 13.601044172460369, 47.220048883345818 ], [ 13.601049423129657, 47.22001647912596 ], [ 13.601067564435715, 47.219999880628251 ], [ 13.60106892373798, 47.219981432058411 ], [ 13.601097207692517, 47.219959591018167 ], [ 13.601142779531472, 47.219935189947627 ], [ 13.601170962367073, 47.21991946759227 ], [ 13.60118757792328, 47.219888476274001 ], [ 13.601210023346141, 47.219835156835515 ], [ 13.601231602909847, 47.219767353061918 ], [ 13.601253749901506, 47.219707286008301 ], [ 13.601260369213241, 47.219658322708845 ], [ 13.601282806050326, 47.219577290223725 ], [ 13.601296355898121, 47.219514724020719 ], [ 13.601294064967838, 47.219479638210217 ], [ 13.601272256702604, 47.219450176924362 ], [ 13.601244042308545, 47.219407504022172 ], [ 13.601232039729432, 47.219384498034657 ], [ 13.601274571697395, 47.219359744150488 ], [ 13.601295077346307, 47.219314617203239 ], [ 13.601311129258191, 47.219276698928056 ], [ 13.601326875506116, 47.219230593422608 ], [ 13.60132525538161, 47.219197575514301 ], [ 13.601308256961282, 47.219152986705275 ], [ 13.601302423810925, 47.219096494598084 ], [ 13.601300799600599, 47.21906266690177 ], [ 13.601332045169416, 47.219025972552885 ], [ 13.601347047756004, 47.21898949637999 ], [ 13.601368673583771, 47.218956963623263 ], [ 13.601390405698597, 47.218945395356521 ], [ 13.601383789938405, 47.218916888079669 ], [ 13.601354256015648, 47.218874398264106 ], [ 13.601339895526918, 47.218855176889299 ], [ 13.601334554820864, 47.218817668864155 ], [ 13.601321864881477, 47.218763262374509 ], [ 13.601308380308666, 47.218708407865982 ], [ 13.601299165810634, 47.218636177660557 ], [ 13.601284482694211, 47.218579346465276 ], [ 13.601274661500607, 47.218543738505559 ], [ 13.601256727493285, 47.218496902452074 ], [ 13.601244358383344, 47.218453652401251 ], [ 13.601236578188043, 47.218403823199459 ], [ 13.601256696889328, 47.218360586691269 ], [ 13.60127812112848, 47.218314377851591 ], [ 13.601269918938385, 47.218285514389926 ], [ 13.601256765248069, 47.218243795802422 ], [ 13.60125485051868, 47.2182047500945 ], [ 13.601260514391559, 47.218175764029851 ], [ 13.601287456409167, 47.218123873625593 ], [ 13.601316294218869, 47.2180812464306 ], [ 13.601331857639064, 47.218051247312708 ], [ 13.60136481391284, 47.218013469194645 ], [ 13.601387813070883, 47.217965367098913 ], [ 13.601415044988894, 47.217918604695356 ], [ 13.601438231339953, 47.217881389419951 ], [ 13.601488493809725, 47.21784483020236 ], [ 13.601508994897715, 47.21782498688394 ], [ 13.601548156850267, 47.217787014141877 ], [ 13.60160205557237, 47.217764392814161 ], [ 13.601668977104051, 47.217731663299269 ], [ 13.601712195252095, 47.217712306275061 ], [ 13.601777757205223, 47.217671931816426 ], [ 13.601844016837981, 47.217638933826017 ], [ 13.601926522557678, 47.217606437343107 ], [ 13.601998027386065, 47.217566138716627 ], [ 13.602069915478229, 47.217523319771601 ], [ 13.602088881365106, 47.217513287513491 ], [ 13.602143935632224, 47.217484274801166 ], [ 13.602184401194592, 47.217469063057528 ], [ 13.602244949923053, 47.217455783379066 ], [ 13.602354093025932, 47.217441669057052 ], [ 13.602392547370291, 47.217420523478367 ], [ 13.602431227328493, 47.217391819246778 ], [ 13.602487473602173, 47.217337609861616 ], [ 13.602548779723813, 47.217291576434981 ], [ 13.602565328495748, 47.217273721772301 ], [ 13.602600221152366, 47.217253394340844 ], [ 13.602613763695235, 47.217241665247002 ], [ 13.602641122508011, 47.217220095933733 ], [ 13.602664602035638, 47.217214731732383 ], [ 13.602677545714887, 47.217189147517999 ], [ 13.602692447346698, 47.217159059797531 ], [ 13.602711919213441, 47.21714470731979 ], [ 13.602751934992146, 47.217144972561101 ], [ 13.602799942171188, 47.217132622033077 ], [ 13.602837169101495, 47.217129834610127 ], [ 13.60285926191569, 47.217111516895606 ], [ 13.602900683893699, 47.217076777522685 ], [ 13.602899296313957, 47.217063644097564 ], [ 13.602903206694815, 47.217053557364594 ], [ 13.602924654761273, 47.217038300397306 ], [ 13.602943938016336, 47.217012881097837 ], [ 13.602955195035486, 47.216993239357201 ], [ 13.602959191566189, 47.216974154671661 ], [ 13.602956736031347, 47.216958774339133 ], [ 13.602954691818558, 47.21694636228905 ], [ 13.602952008882427, 47.216938180692139 ], [ 13.602956283754127, 47.21692188464899 ], [ 13.602998843823139, 47.216929072043882 ], [ 13.603021409332598, 47.216925779414815 ], [ 13.603050270501194, 47.216914013987797 ], [ 13.603061185917435, 47.216905080364008 ], [ 13.603079890032612, 47.216895588424414 ], [ 13.60309588501349, 47.216872786234582 ], [ 13.603112592620763, 47.216860239785376 ], [ 13.60311872911296, 47.216846458694576 ], [ 13.603141896548541, 47.216831737477079 ], [ 13.603153233366896, 47.216827751606587 ], [ 13.60315682537178, 47.216807048277737 ], [ 13.603173765828558, 47.216788382799862 ], [ 13.603195105536493, 47.216777804865998 ], [ 13.603215400713166, 47.216769568817895 ], [ 13.603231262161202, 47.216746496992634 ], [ 13.603267245138996, 47.216732915080634 ], [ 13.603297532595882, 47.216716017493724 ], [ 13.603345591348912, 47.216688010532401 ], [ 13.603394458487536, 47.216663150844845 ], [ 13.603432021925027, 47.216648755335044 ], [ 13.603460346803285, 47.216635461458438 ], [ 13.603479655863737, 47.216615170721148 ], [ 13.603488028478935, 47.216599674733025 ], [ 13.603495620698141, 47.21658652000999 ], [ 13.603485096165583, 47.216568549484776 ], [ 13.603459644058438, 47.216549624618423 ], [ 13.603474464506025, 47.216529614461983 ], [ 13.603480691999946, 47.216507825140113 ], [ 13.603489341588231, 47.216494847863814 ], [ 13.603515880106597, 47.216493795147223 ], [ 13.603543968820931, 47.216485990435558 ], [ 13.60356766375072, 47.216471177901241 ], [ 13.603594260252207, 47.216455638655738 ], [ 13.603622945274541, 47.216435325640582 ], [ 13.603652665569211, 47.216410871196729 ], [ 13.60368578482368, 47.216405483899635 ], [ 13.603711595356359, 47.216391206177157 ], [ 13.603738674014211, 47.216392491540354 ], [ 13.603752462248565, 47.216377252604403 ], [ 13.603789648548224, 47.216366636925237 ], [ 13.603819688548725, 47.216353068952472 ], [ 13.603852495288974, 47.21633823471435 ], [ 13.603892924595424, 47.216342007692994 ], [ 13.603950367963344, 47.216315777725605 ], [ 13.604042057187804, 47.216272100668533 ], [ 13.604098975404133, 47.216246501716562 ], [ 13.604132968207919, 47.216231214689635 ], [ 13.604158023531573, 47.216224226836992 ], [ 13.604172055431777, 47.216205028261165 ], [ 13.604191701939151, 47.216199132995257 ], [ 13.60421379877328, 47.216207538315871 ], [ 13.604239891624779, 47.216196858900524 ], [ 13.604294718893303, 47.216175583743592 ], [ 13.604335984403244, 47.216162168877041 ], [ 13.604360345247104, 47.216148524299193 ], [ 13.604390450598967, 47.216121999262775 ], [ 13.60442277089108, 47.216089620409221 ], [ 13.604443987240197, 47.216080842083009 ], [ 13.604465546681292, 47.216061715525861 ], [ 13.604515219776673, 47.216065466273484 ], [ 13.604539797097036, 47.216042553461065 ], [ 13.604553245189146, 47.216012558930473 ], [ 13.604591528625033, 47.215984214811783 ], [ 13.604633535915589, 47.21596099052443 ], [ 13.604654992738659, 47.21594762273422 ], [ 13.604673422418875, 47.215936241657836 ], [ 13.604703419917014, 47.215914485601154 ], [ 13.604718940132678, 47.215876568093897 ], [ 13.604735881991548, 47.215832618704724 ], [ 13.604744382349036, 47.215764935377983 ], [ 13.604760991666344, 47.215707670109687 ], [ 13.604792153762375, 47.215629855280696 ], [ 13.604819032800874, 47.215566627006432 ], [ 13.604841373489325, 47.215519695471208 ], [ 13.6048482549181, 47.21547109122141 ], [ 13.604853290338259, 47.215423031237599 ], [ 13.604860392411171, 47.215365968576819 ], [ 13.604859970589844, 47.215309553698809 ], [ 13.60485268193584, 47.215253155194453 ], [ 13.604850761889812, 47.215213569678447 ], [ 13.604852748943713, 47.215163357502469 ], [ 13.604842613815453, 47.215118392925064 ], [ 13.604838355625917, 47.215086371092418 ], [ 13.604833794055006, 47.21504670189637 ], [ 13.60482886728944, 47.215013062062503 ], [ 13.604834609517582, 47.214948354556853 ], [ 13.604839153545285, 47.214881760380209 ], [ 13.604846665122571, 47.214827306088267 ], [ 13.604858160928044, 47.214777251192118 ], [ 13.604879136810242, 47.214721775038157 ], [ 13.604902147845111, 47.214651177807731 ], [ 13.604930238768398, 47.214592625439749 ], [ 13.604936114885254, 47.214554011079748 ], [ 13.604943916771653, 47.214504684804176 ], [ 13.604959862441497, 47.214446881217192 ], [ 13.604962429813963, 47.214406835108164 ], [ 13.604959493519116, 47.214375080057181 ], [ 13.60494565359325, 47.214328684683615 ], [ 13.604933630986704, 47.2142761665039 ], [ 13.60493235530385, 47.214207786650427 ], [ 13.604936953073508, 47.214125986140196 ], [ 13.604943687851172, 47.214074592925535 ], [ 13.604940724153165, 47.21401179570222 ], [ 13.604935816212478, 47.213956111338327 ], [ 13.604947921148868, 47.213896157451003 ], [ 13.604956158837876, 47.213854568196815 ], [ 13.604957700455968, 47.213846196612053 ], [ 13.604968742173323, 47.213810629160214 ], [ 13.604985568682144, 47.213770099144149 ], [ 13.604996699415597, 47.213726163569483 ], [ 13.605025889152389, 47.213675976457772 ], [ 13.605033451695954, 47.213631509527893 ], [ 13.60508427100099, 47.213601785657893 ], [ 13.605106773666416, 47.213560882166142 ], [ 13.605135540479912, 47.213531210904932 ], [ 13.60517952633764, 47.213507981683399 ], [ 13.605233237586047, 47.213475731471895 ], [ 13.605275127679796, 47.213455836385158 ], [ 13.605327509406006, 47.213447523319807 ], [ 13.605370459082485, 47.213428255509349 ], [ 13.605395327616778, 47.213410920412962 ], [ 13.605448325068521, 47.213393967980437 ], [ 13.605504902191168, 47.2133797962695 ], [ 13.605526058440679, 47.213359590737525 ], [ 13.605586752206314, 47.213324264431456 ], [ 13.605618252761367, 47.213312671989058 ], [ 13.605677626896506, 47.213303172333845 ], [ 13.605727098681188, 47.213293966269234 ], [ 13.605770686078939, 47.213270377861257 ], [ 13.605798274119257, 47.213242688756324 ], [ 13.605831923417369, 47.213212465769104 ], [ 13.605865665764018, 47.213174684438464 ], [ 13.605885983729319, 47.213171216661564 ], [ 13.605947867985826, 47.21316198078928 ], [ 13.606020779383263, 47.21314012162496 ], [ 13.606045245852076, 47.21312170761832 ], [ 13.606094897476552, 47.213096215033652 ], [ 13.60615129794828, 47.213073495560273 ], [ 13.60619908809333, 47.21307113160978 ], [ 13.606251534322794, 47.21307541481525 ], [ 13.606302366238948, 47.213073943305936 ], [ 13.60632180217266, 47.213053111906255 ], [ 13.606377909054505, 47.213050278053998 ], [ 13.606410645640894, 47.213022396498317 ], [ 13.606495964119043, 47.213025071133806 ], [ 13.606521239400903, 47.213009894274421 ], [ 13.606573885518078, 47.213001759955446 ], [ 13.606611302747226, 47.21298529425367 ], [ 13.606660592313002, 47.212992014239596 ], [ 13.606722846314989, 47.212977738317534 ], [ 13.606795049680947, 47.21299780987723 ], [ 13.606838482116929, 47.212995456123913 ], [ 13.606910026984204, 47.212990335489046 ], [ 13.606976192548579, 47.212966422436587 ], [ 13.607043721397407, 47.212950783999766 ], [ 13.607108987206505, 47.212931641841003 ], [ 13.607148347202155, 47.212907883112585 ], [ 13.607192582239477, 47.212882043162864 ], [ 13.607299298460815, 47.212885835439124 ], [ 13.607397770779853, 47.212878670201093 ], [ 13.607454622123939, 47.212866656320003 ], [ 13.607514592209268, 47.212844917329072 ], [ 13.607576745964836, 47.212836849629781 ], [ 13.607677277235078, 47.212819331776643 ], [ 13.607761630477192, 47.212814179746161 ], [ 13.60780190009808, 47.212813092933281 ], [ 13.60782969596953, 47.212800249122189 ], [ 13.607867821679571, 47.21281860259819 ], [ 13.60794133967137, 47.212837500555537 ], [ 13.607989762186476, 47.212829825655199 ], [ 13.608043458208282, 47.21282051841645 ], [ 13.608112856107168, 47.212834297484662 ], [ 13.608178555749392, 47.212847905482349 ], [ 13.608209032156953, 47.212868076858086 ], [ 13.608257100057694, 47.212893784359892 ], [ 13.608301841050201, 47.212914551111886 ], [ 13.608338121600903, 47.212933538729381 ], [ 13.608361907164273, 47.212962094132692 ], [ 13.608400978583463, 47.212984494135021 ], [ 13.608436467392696, 47.213003573611445 ], [ 13.608480054286682, 47.213005537780489 ], [ 13.6085269302, 47.212979780908128 ], [ 13.60857488077801, 47.212982904202498 ], [ 13.60868487311221, 47.21295645481694 ], [ 13.60875213312756, 47.212940006219611 ], [ 13.60881805918563, 47.212946325122601 ], [ 13.608844833477798, 47.212914858188455 ], [ 13.608890000676809, 47.212916008579327 ], [ 13.608945036345725, 47.212910386752441 ], [ 13.609009172096759, 47.212902583407292 ], [ 13.609075630557003, 47.212909710670104 ], [ 13.609131830229064, 47.212899407103066 ], [ 13.609171340251997, 47.21285396272765 ], [ 13.60923515686579, 47.212835632658006 ], [ 13.609287981482806, 47.212811210720147 ], [ 13.60934416409814, 47.212797667898457 ], [ 13.60940047640675, 47.212758391162524 ], [ 13.609431103619007, 47.212731503601603 ], [ 13.609495484847939, 47.212720190263418 ], [ 13.609569647012647, 47.212710652711806 ], [ 13.609643242397482, 47.212693738330046 ], [ 13.609688163087087, 47.212673024463619 ], [ 13.609744139548837, 47.212645355472695 ], [ 13.609780190364905, 47.212620344179449 ], [ 13.609835322857023, 47.212608063349649 ], [ 13.609835412368, 47.212574681469448 ], [ 13.609874740957116, 47.212570446995599 ], [ 13.609881798377895, 47.212531199653142 ], [ 13.609901041349548, 47.212499030938581 ], [ 13.609958822641929, 47.212488273232964 ], [ 13.61000077724769, 47.212455959346642 ], [ 13.610061810501117, 47.212461029732452 ], [ 13.610081613084265, 47.212434888121422 ], [ 13.610135475716755, 47.212432327805253 ], [ 13.610194919789425, 47.212411308499043 ], [ 13.61024210367875, 47.212394188011174 ], [ 13.610254431295628, 47.212377962075927 ], [ 13.610278046079074, 47.212373765676773 ], [ 13.61028776580015, 47.212338650799019 ], [ 13.610312980213992, 47.212337329782876 ], [ 13.610356940140484, 47.21233497340458 ], [ 13.610383732540733, 47.212307195139253 ], [ 13.610434915887431, 47.212297353020062 ], [ 13.610466813269404, 47.212286208155206 ], [ 13.610479911849181, 47.212265931329846 ], [ 13.610546034846703, 47.212259561921144 ], [ 13.610560366633734, 47.212247829949781 ], [ 13.610630056282281, 47.212241721741265 ], [ 13.610682992947121, 47.212238893488305 ], [ 13.610736875980718, 47.212215098139644 ], [ 13.610780325850582, 47.212191058254504 ], [ 13.610790920592351, 47.212171777246546 ], [ 13.610788298377068, 47.212150189027554 ], [ 13.610812436953323, 47.212145181443177 ], [ 13.61084315613439, 47.212136018849399 ], [ 13.610870977835681, 47.212128302950191 ], [ 13.610909280117964, 47.212104725449606 ], [ 13.610935743059374, 47.212089724666356 ], [ 13.610982417609918, 47.212076294191142 ], [ 13.611003035501346, 47.212054649306602 ], [ 13.61101469690286, 47.212037345182075 ], [ 13.611033719339334, 47.212013634699211 ], [ 13.611055121900968, 47.211990548250768 ], [ 13.611064134783273, 47.211971810940121 ], [ 13.611104176003293, 47.211977651786782 ], [ 13.611146861467738, 47.21198411601079 ], [ 13.611164862445563, 47.211967066335738 ], [ 13.611226377084146, 47.211963317124017 ], [ 13.611263750981493, 47.211939021948787 ], [ 13.611310217047015, 47.211936209197205 ], [ 13.611343675397343, 47.21192065137565 ], [ 13.611357553052121, 47.21189794315206 ], [ 13.611390197320208, 47.211878248337563 ], [ 13.611414120376638, 47.21185740510451 ], [ 13.611430864659056, 47.211827401690194 ], [ 13.611474840658994, 47.21180309032048 ], [ 13.611492413141896, 47.211779923166937 ], [ 13.611491889663565, 47.211755720487162 ], [ 13.611553146039309, 47.211728037703267 ], [ 13.611559507432514, 47.211732431059332 ], [ 13.611591511184642, 47.211716516808302 ], [ 13.611625175150365, 47.211689891163125 ], [ 13.611677591081023, 47.21168859333774 ], [ 13.611691925778848, 47.211677491058275 ], [ 13.611734594819822, 47.211655792131232 ], [ 13.611781556096103, 47.211646769525586 ], [ 13.611808088523059, 47.211619981309994 ], [ 13.61184160084002, 47.211589666891875 ], [ 13.611861309990321, 47.211571083309117 ], [ 13.611869245771064, 47.211548479533597 ], [ 13.611882336994585, 47.211526942876432 ], [ 13.611922683073605, 47.211515507000918 ], [ 13.611972360710737, 47.211495770342388 ], [ 13.612004843799813, 47.211495690849404 ], [ 13.612005824279265, 47.211481292042556 ], [ 13.612053164887795, 47.211469119181956 ], [ 13.612054206247709, 47.211441223593695 ], [ 13.612087546253598, 47.211428365167983 ], [ 13.612104355014802, 47.211410688418447 ], [ 13.612118104909337, 47.211388880188423 ], [ 13.612146480918245, 47.211361187603543 ], [ 13.6121626768672, 47.211352510100426 ], [ 13.612147361847098, 47.211302879995884 ], [ 13.612149027923241, 47.211243220802181 ], [ 13.612124207179638, 47.211193883902396 ], [ 13.61204702309413, 47.211180756177789 ], [ 13.611998361824552, 47.21119284229129 ], [ 13.611990452652423, 47.211170367260287 ], [ 13.612014004353963, 47.211129279859215 ], [ 13.612017056742697, 47.211107137911704 ], [ 13.612041717686141, 47.211101139033701 ], [ 13.612073475019239, 47.21106363063668 ], [ 13.612082025786703, 47.211032477472294 ], [ 13.612076720953574, 47.211003067800014 ], [ 13.612069327618334, 47.210978252095032 ], [ 13.612063768197281, 47.210950642596295 ], [ 13.612077866682581, 47.210919835761707 ], [ 13.612051590652282, 47.21089497630156 ], [ 13.612080568608395, 47.210881318755767 ], [ 13.612088232514905, 47.210857275987905 ], [ 13.612111250931729, 47.210840303854319 ], [ 13.61214524696652, 47.210826723983537 ], [ 13.61214759304044, 47.210795855938805 ], [ 13.612176028154733, 47.210754396634194 ], [ 13.612181774585512, 47.210717311810292 ], [ 13.61222150770368, 47.21071496506049 ], [ 13.612283750337863, 47.21072435021383 ], [ 13.612316202147564, 47.210693408407025 ], [ 13.612277383930346, 47.210668939637834 ], [ 13.612246349638024, 47.210643192103227 ], [ 13.612217686452512, 47.210616359022048 ], [ 13.612214837243419, 47.210576865854634 ], [ 13.612190164814173, 47.210555601600447 ], [ 13.612175515906284, 47.210507049596139 ], [ 13.612137402703803, 47.210491036942933 ], [ 13.6121260993772, 47.210475948390282 ], [ 13.612141006086823, 47.21044819880413 ], [ 13.612127512753409, 47.210418449272659 ], [ 13.612103491786275, 47.210370460071005 ], [ 13.612074061234454, 47.210348307665228 ], [ 13.612056418508823, 47.210332964691666 ], [ 13.61206404107886, 47.210301093978075 ], [ 13.612094487458585, 47.210265478309211 ], [ 13.612121567129412, 47.210242467732989 ], [ 13.612167970097641, 47.210202943939414 ], [ 13.612147795823391, 47.210183288256545 ], [ 13.612113072300868, 47.210158989359954 ], [ 13.612091952898659, 47.210135376968708 ], [ 13.612059787256753, 47.210095325721419 ], [ 13.612087978853531, 47.210057826044142 ], [ 13.612087843179749, 47.210032092795025 ], [ 13.612055482298636, 47.210005088770053 ], [ 13.61203327060702, 47.209974640747305 ], [ 13.61202635580139, 47.209940376222988 ], [ 13.612022532017257, 47.209916361574194 ], [ 13.612020237434978, 47.209856802047064 ], [ 13.612005150818549, 47.2098253468262 ], [ 13.611994074764148, 47.209803239454253 ], [ 13.612004675225498, 47.209785217999155 ], [ 13.611992086031403, 47.20975159720274 ], [ 13.611973296159066, 47.209718981332237 ], [ 13.611958559988194, 47.209703901163138 ], [ 13.611942782199307, 47.209691612845205 ], [ 13.611944944145341, 47.209650847720859 ], [ 13.611942629990994, 47.209612612920594 ], [ 13.61194129701766, 47.209585173026518 ], [ 13.611960341866356, 47.209565961204106 ], [ 13.611990688573714, 47.209536554255465 ], [ 13.611990984160798, 47.209517478289222 ], [ 13.612004694722911, 47.209488292004551 ], [ 13.612010261472202, 47.20946722363086 ], [ 13.61200235682087, 47.209445558384985 ], [ 13.61201000111099, 47.209417826586993 ], [ 13.612007220411963, 47.2093912900121 ], [ 13.612010481770321, 47.20935871015265 ], [ 13.611990049961545, 47.209340224779986 ], [ 13.611979834536697, 47.20933107206865 ], [ 13.612014318431834, 47.209310022901278 ], [ 13.612012626301711, 47.209289602136188 ], [ 13.612060251971892, 47.209256733728459 ], [ 13.61207941446788, 47.209234822270346 ], [ 13.612116984981331, 47.209223213159206 ], [ 13.612105820292134, 47.209184280209826 ], [ 13.612062113382262, 47.209184027300857 ], [ 13.612030771214483, 47.209174836331989 ], [ 13.612038226970746, 47.209136397662775 ], [ 13.61205906989229, 47.209107643799619 ], [ 13.612083000920958, 47.209088599949354 ], [ 13.612080847666617, 47.209055853387447 ], [ 13.612070783938917, 47.209025375629949 ], [ 13.612111885349123, 47.208982265728366 ], [ 13.612144964595657, 47.208945293930221 ], [ 13.612172796890844, 47.20891490333419 ], [ 13.612179397044271, 47.208889513496985 ], [ 13.61221258154359, 47.208872516440671 ], [ 13.612220483073438, 47.20884352431078 ], [ 13.612245215736401, 47.208801264249836 ], [ 13.612290205279351, 47.208769391953915 ], [ 13.612324835017599, 47.208726027896269 ], [ 13.612343233513814, 47.208684503154224 ], [ 13.612382663531891, 47.208650035094855 ], [ 13.612410001103047, 47.208626034059314 ], [ 13.612425932574418, 47.208592433376189 ], [ 13.612446463979401, 47.208579786188423 ], [ 13.612461626476481, 47.208575610050431 ], [ 13.612472929929778, 47.208540761019968 ], [ 13.612477153690126, 47.208515466967754 ], [ 13.612479839548993, 47.208498994487613 ], [ 13.61250281548358, 47.208474194324253 ], [ 13.612521852602349, 47.208453632760168 ], [ 13.612522844719862, 47.208416469590631 ], [ 13.612541432007271, 47.20838574166055 ], [ 13.612570072160642, 47.208358408221251 ], [ 13.61258541312052, 47.208338035665925 ], [ 13.612606501920677, 47.208305951926043 ], [ 13.612631029930901, 47.208300043219417 ], [ 13.612659010757159, 47.20827289132982 ], [ 13.612703666593154, 47.20822797293814 ], [ 13.612742961622397, 47.208193055194762 ], [ 13.612787648706531, 47.208154075212782 ], [ 13.612826366200425, 47.208134814955599 ], [ 13.612869033348789, 47.208113385526737 ], [ 13.612905550183081, 47.208077484793868 ], [ 13.612956919289889, 47.208053694547608 ], [ 13.613009345593834, 47.20803008163638 ], [ 13.613046186509496, 47.207980593447708 ], [ 13.613091959637742, 47.207922355475212 ], [ 13.613146340381762, 47.207843941353154 ], [ 13.613208758367671, 47.207787282022373 ], [ 13.613265324730028, 47.207722719016679 ], [ 13.613314512212762, 47.207661053409872 ], [ 13.613344660713697, 47.207619499605578 ], [ 13.613371621258411, 47.207574354530713 ], [ 13.613389103843332, 47.207509707627096 ], [ 13.61339492536923, 47.207437171376831 ], [ 13.613419000574483, 47.207345874886855 ], [ 13.613452241853022, 47.207290007008453 ], [ 13.613464816101596, 47.207245977033558 ], [ 13.613484349535165, 47.207194641749695 ], [ 13.613482545351378, 47.20715316652241 ], [ 13.613484875207071, 47.207094495404334 ], [ 13.613476025536967, 47.207019115962339 ], [ 13.613465714952039, 47.206967044308463 ], [ 13.613470603034498, 47.206917724564555 ], [ 13.613455221342578, 47.206880421710522 ], [ 13.613458535512626, 47.206833085345941 ], [ 13.613486391666015, 47.206782629358578 ], [ 13.613541969014157, 47.206731025412942 ], [ 13.613607295715067, 47.206675438426906 ], [ 13.613672693835726, 47.206633347865463 ], [ 13.613738234859877, 47.206593326398711 ], [ 13.613807733903554, 47.206552755278267 ], [ 13.613862732164124, 47.206516538768547 ], [ 13.613882131208152, 47.206489767625357 ], [ 13.613924998369619, 47.206431716421292 ], [ 13.613953803879729, 47.206386116766758 ], [ 13.614003713266202, 47.206361339884509 ], [ 13.614056246052934, 47.20633331731873 ], [ 13.6140960122781, 47.206312974306215 ], [ 13.614153328370486, 47.206265774672346 ], [ 13.614248745554521, 47.206232787447171 ], [ 13.614286168044092, 47.20621865860452 ], [ 13.614331778461287, 47.20618003563591 ], [ 13.614368103552065, 47.206133337584752 ], [ 13.614382452991215, 47.206075716502951 ], [ 13.61441428220088, 47.206027769847836 ], [ 13.614480465316531, 47.205959763331073 ], [ 13.61454950939993, 47.205883561747235 ], [ 13.614603293291085, 47.205842669039541 ], [ 13.614674362131119, 47.205799664110977 ], [ 13.614737805155064, 47.205762706485061 ], [ 13.614783564601025, 47.205727412135374 ], [ 13.614793045590266, 47.205673042226891 ], [ 13.614845594818686, 47.205623514605549 ], [ 13.614893024951316, 47.20557966820796 ], [ 13.614936794098679, 47.205542579165432 ], [ 13.61498486003847, 47.20551897611719 ], [ 13.615020309739418, 47.205481637689417 ], [ 13.615074958100051, 47.205429675371818 ], [ 13.615139622396361, 47.205374269088232 ], [ 13.615184787275647, 47.205351392956075 ], [ 13.61522867462863, 47.205311784134224 ], [ 13.615284422504857, 47.205268006954427 ], [ 13.615322114887439, 47.205230392944458 ], [ 13.615371442595562, 47.20519589931591 ], [ 13.615427122549805, 47.205139435390869 ], [ 13.615481737990969, 47.205081444456724 ], [ 13.615545119084031, 47.20503314935052 ], [ 13.615592812594597, 47.204964648138926 ], [ 13.615639518926615, 47.204909106130366 ], [ 13.615707962879787, 47.204869436229103 ], [ 13.615790685987481, 47.204833509922267 ], [ 13.615797404057504, 47.204830613971865 ], [ 13.615890435832254, 47.204796641524183 ], [ 13.615983434301702, 47.204756460627593 ], [ 13.616040442342511, 47.204726356541997 ], [ 13.616076919088563, 47.204683796528187 ], [ 13.616115581843749, 47.204654997648085 ], [ 13.616191000781688, 47.20463591500404 ], [ 13.616270133778315, 47.204620062274401 ], [ 13.616337543214593, 47.204609277377784 ], [ 13.616416122486653, 47.204588657109298 ], [ 13.616478192925864, 47.204567088089853 ], [ 13.6165486783907, 47.204539019715732 ], [ 13.616615159087408, 47.204502773298891 ], [ 13.616669568853826, 47.204480683369319 ], [ 13.616751146822306, 47.204453037152092 ], [ 13.616796275973984, 47.204423772054099 ], [ 13.616850010009301, 47.20439880443643 ], [ 13.616887334011123, 47.204366679454168 ], [ 13.616921498966002, 47.204336361880486 ], [ 13.616953678648976, 47.204305149465746 ], [ 13.616998935954697, 47.204299818014597 ], [ 13.617082219467191, 47.20429484167019 ], [ 13.617137985313954, 47.204279496457687 ], [ 13.617201113244827, 47.20425828431695 ], [ 13.617253156175913, 47.204238089538443 ], [ 13.617319508710375, 47.204227306694797 ], [ 13.617383844081335, 47.204209690545675 ], [ 13.617427439595149, 47.204189966650233 ], [ 13.617485587999159, 47.204175785031076 ], [ 13.617515521330617, 47.20416887202115 ], [ 13.617556468005715, 47.204147625068011 ], [ 13.617603210277652, 47.204123844256323 ], [ 13.617647961949254, 47.204098178866062 ], [ 13.617686796091856, 47.204076937141096 ], [ 13.61772284264597, 47.204052913059428 ], [ 13.617758321472522, 47.20404607611114 ], [ 13.617785204642871, 47.204061215168281 ], [ 13.617840252433146, 47.20405972795934 ], [ 13.617891487756729, 47.204036745599673 ], [ 13.617948064927408, 47.204000523152054 ], [ 13.618003587263734, 47.20396457324636 ], [ 13.618051158634055, 47.203947718454096 ], [ 13.618125743004736, 47.203921078491092 ], [ 13.618170009282389, 47.203903422117591 ], [ 13.618173256333097, 47.203868952562125 ], [ 13.618190548052597, 47.203843715563984 ], [ 13.618216754015345, 47.203806669188737 ], [ 13.618256893102624, 47.203758160780772 ], [ 13.618289528817073, 47.203738284024851 ], [ 13.618330162788968, 47.203708129788659 ], [ 13.618343905209754, 47.203685780935309 ], [ 13.618376420564031, 47.203643590002841 ], [ 13.618410415309244, 47.203606434103982 ], [ 13.618453759544019, 47.203564755899713 ], [ 13.618484611295596, 47.203532376663695 ], [ 13.618515825117457, 47.203493698077864 ], [ 13.618527891356059, 47.203478821543769 ], [ 13.618569742351145, 47.203429588913657 ], [ 13.618608921221137, 47.203374514416986 ], [ 13.618644990159311, 47.203330334993709 ], [ 13.618679058762392, 47.203282471489082 ], [ 13.618710665940425, 47.203243341974328 ], [ 13.618741267382104, 47.203213572646028 ], [ 13.61874520862016, 47.203185489743277 ], [ 13.61874793735392, 47.203152910998092 ], [ 13.618770816806112, 47.203135667910921 ], [ 13.61880372764989, 47.203117949778893 ], [ 13.618833475722615, 47.203101319300053 ], [ 13.618849090886462, 47.203083554547121 ], [ 13.618850980400383, 47.203066723990297 ], [ 13.618855137521109, 47.20302973275566 ], [ 13.61887970258641, 47.203006816827738 ], [ 13.618924990844075, 47.202958565196724 ], [ 13.618959263391805, 47.202924107762364 ], [ 13.619001044712467, 47.202886572237574 ], [ 13.619026893425099, 47.202856904733487 ], [ 13.61903064996123, 47.202819104697895 ], [ 13.619057179645868, 47.202793304516412 ], [ 13.619077277379803, 47.202749974831548 ], [ 13.619096232091799, 47.202715015932576 ], [ 13.619096908277925, 47.202669125637946 ], [ 13.619126085608487, 47.202644668458916 ], [ 13.61912486166025, 47.202613629244553 ], [ 13.619151115478772, 47.202585670269457 ], [ 13.619195333118144, 47.202559285782918 ], [ 13.619194374149412, 47.202528425858979 ], [ 13.619251080840023, 47.202492202428743 ], [ 13.619289872777996, 47.202463492111853 ], [ 13.619312147271295, 47.20243212394309 ], [ 13.619310175034959, 47.202384800655757 ], [ 13.619323297613892, 47.202345627417209 ], [ 13.619354475084089, 47.202300470295491 ], [ 13.619336942712421, 47.202256605248408 ], [ 13.619391243783479, 47.202239463050901 ], [ 13.619450463313584, 47.202204132982267 ], [ 13.619509009021973, 47.202166285202146 ], [ 13.619541739757759, 47.202139839474377 ], [ 13.619573820580335, 47.202115284901694 ], [ 13.619628982254675, 47.202086443332114 ], [ 13.619668453765305, 47.202037036315971 ], [ 13.619679262458877, 47.202009475970712 ], [ 13.619711044013084, 47.201978443720677 ], [ 13.619747818457487, 47.201942989996162 ], [ 13.619797350227408, 47.201922890339254 ], [ 13.619841991728833, 47.201877429269707 ], [ 13.61989762794707, 47.201838778810377 ], [ 13.619922199323117, 47.201817212301961 ], [ 13.619955493808257, 47.201797423380739 ], [ 13.619983217057941, 47.201772789683822 ], [ 13.620020981661392, 47.20174957033759 ], [ 13.620050652480346, 47.201718903216999 ], [ 13.620045920532256, 47.201698400228757 ], [ 13.620031230461359, 47.201667484909549 ], [ 13.620030456212689, 47.201646432088268 ], [ 13.620045636434055, 47.201621650005478 ], [ 13.620083502185427, 47.201592761790955 ], [ 13.620120846645831, 47.201565134563999 ], [ 13.620157160770631, 47.201542278736113 ], [ 13.620209070325675, 47.201522532818537 ], [ 13.620221812074019, 47.201486329693829 ], [ 13.620189209214494, 47.201463197609634 ], [ 13.620167697523684, 47.201440307506338 ], [ 13.620177235906011, 47.201422018010575 ], [ 13.620206925486896, 47.201394859929124 ], [ 13.620199097505415, 47.201363387473741 ], [ 13.620193360372776, 47.201327950732662 ], [ 13.620185719092008, 47.201306555303368 ], [ 13.620145931898362, 47.201297567800253 ], [ 13.620103529978735, 47.20126897174022 ], [ 13.620080521304269, 47.20123780744666 ], [ 13.620039610396869, 47.201240699787512 ], [ 13.619992549039686, 47.201229301152615 ], [ 13.619982420305838, 47.201187397067088 ], [ 13.619966984141239, 47.201164941517057 ], [ 13.619952525629136, 47.201127997100805 ], [ 13.619920172030129, 47.201102075004933 ], [ 13.619894802308039, 47.201073705924671 ], [ 13.619888265386958, 47.201012447593257 ], [ 13.619898899806834, 47.200977149584048 ], [ 13.619907524071271, 47.200911984050911 ], [ 13.619915392407382, 47.200877862712048 ], [ 13.619912603807052, 47.200850516523175 ], [ 13.619901629092544, 47.200823010984557 ], [ 13.619852396763013, 47.200776346514473 ], [ 13.619885691107397, 47.200756647588385 ], [ 13.619929132298939, 47.200733503958595 ], [ 13.619986492266019, 47.200696468707605 ], [ 13.620012684362532, 47.200681736397705 ], [ 13.620053262506799, 47.200666248030757 ], [ 13.620082692570472, 47.20063999040925 ], [ 13.620154082335089, 47.200609578082236 ], [ 13.620220057073558, 47.200554435498539 ], [ 13.620269749367152, 47.200515529894268 ], [ 13.620324081245403, 47.200480121701368 ], [ 13.620367879978494, 47.200449958743683 ], [ 13.620412644301096, 47.200427441435615 ], [ 13.62046878308667, 47.200408764462367 ], [ 13.620489833558883, 47.20039539467443 ], [ 13.620531513010139, 47.200363977311348 ], [ 13.620583695079699, 47.200346030083871 ], [ 13.620651489360254, 47.200334341869308 ], [ 13.620700192948457, 47.200332239436236 ], [ 13.620716650112991, 47.20032391994949 ], [ 13.620739953582126, 47.200312164025767 ], [ 13.620774000771783, 47.200285354701705 ], [ 13.620816663271112, 47.200264822049249 ], [ 13.620881620949465, 47.200241353785735 ], [ 13.620947416670401, 47.200226341268696 ], [ 13.621006956168223, 47.200201896866957 ], [ 13.621074009308778, 47.200175363957655 ], [ 13.621141882883851, 47.200154047639423 ], [ 13.621223448423983, 47.200125768377369 ], [ 13.621275983452435, 47.200099991881586 ], [ 13.621337972169647, 47.200064743790868 ], [ 13.621402232214546, 47.20001023469721 ], [ 13.621448735620492, 47.199967827513447 ], [ 13.621488423137597, 47.199934435329425 ], [ 13.621529952455823, 47.199899868759168 ], [ 13.621561495579636, 47.199873965312925 ], [ 13.621596659100501, 47.199834106151457 ], [ 13.621621640181447, 47.199791123545239 ], [ 13.621664859995796, 47.199751873805084 ], [ 13.621715457902342, 47.199709906028943 ], [ 13.62176370005988, 47.199671723260728 ], [ 13.62180979261133, 47.199650911610256 ], [ 13.62186364703753, 47.199625131497505 ], [ 13.62191847756397, 47.199608886518639 ], [ 13.621980936953717, 47.199587493443616 ], [ 13.622041123052577, 47.199560797416154 ], [ 13.622086014488426, 47.19953764927962 ], [ 13.622119692950681, 47.199516059189527 ], [ 13.622173136300923, 47.19948758064195 ], [ 13.622227145991916, 47.199466118890982 ], [ 13.622280586284342, 47.199437100434317 ], [ 13.622325083924418, 47.199414403090728 ], [ 13.622399489174484, 47.199404856514441 ], [ 13.622472098511944, 47.199380738066303 ], [ 13.622561717509987, 47.199352887274664 ], [ 13.622607664659482, 47.199329736249247 ], [ 13.622655745755059, 47.199286424781157 ], [ 13.622700026414689, 47.199248251680196 ], [ 13.622746683269298, 47.199210072521076 ], [ 13.622817418370305, 47.199181279776582 ], [ 13.622898705665371, 47.199150840550708 ], [ 13.622971034630039, 47.199123843210053 ], [ 13.6230417694939, 47.199095050326108 ], [ 13.623105116918879, 47.199067265956046 ], [ 13.623176351581993, 47.199033342987804 ], [ 13.623221102169467, 47.199008755116502 ], [ 13.62328472921061, 47.19898384921995 ], [ 13.62334087334748, 47.198966610453176 ], [ 13.623397353775598, 47.198938483501465 ], [ 13.623450258423262, 47.198908296147067 ], [ 13.623524478603962, 47.198865187627291 ], [ 13.623587576782317, 47.198840192931002 ], [ 13.623651002285209, 47.198802690465911 ], [ 13.623686638106122, 47.198777135898936 ], [ 13.623721736946854, 47.198749963091977 ], [ 13.62376447719698, 47.198719981471839 ], [ 13.623799994731455, 47.198696946546129 ], [ 13.623857913920144, 47.198666476273424 ], [ 13.62391650793823, 47.198638703579356 ], [ 13.62397575503655, 47.198609669499952 ], [ 13.624051468058401, 47.198574114949025 ], [ 13.624140892982426, 47.198535376103109 ], [ 13.624229560838598, 47.198503027537441 ], [ 13.624327377551753, 47.198477943711239 ], [ 13.624410566042902, 47.198457486065429 ], [ 13.624482134898312, 47.198436608186945 ], [ 13.624570975518536, 47.198411727061547 ], [ 13.624650295308712, 47.198383990943469 ], [ 13.624740550713204, 47.198352357737733 ], [ 13.624815989801339, 47.198339117846587 ], [ 13.624890601560653, 47.198319491607549 ], [ 13.624968479331878, 47.198293648491763 ], [ 13.625039477017538, 47.198265033642933 ], [ 13.625120089158994, 47.198232345111492 ], [ 13.625183675148673, 47.198200330015624 ], [ 13.625260061236213, 47.198167382285192 ], [ 13.62533088336383, 47.19813093964374 ], [ 13.625394760456171, 47.198103872456343 ], [ 13.625463057976956, 47.198088401013763 ], [ 13.625533055699874, 47.198070045879852 ], [ 13.625600367651941, 47.198067353718464 ], [ 13.625646039656546, 47.198066516636906 ], [ 13.625714462103247, 47.198049785034776 ], [ 13.625778720342975, 47.198043951390865 ], [ 13.625856432786492, 47.198036103631651 ], [ 13.625924000737305, 47.198031970977894 ], [ 13.625985745736727, 47.198025243899302 ], [ 13.626059728436442, 47.198011377082672 ], [ 13.626122431346243, 47.198010765950997 ], [ 13.626178813651935, 47.198013050330196 ], [ 13.62622791440811, 47.198011574351561 ], [ 13.626255579485777, 47.198001155736712 ], [ 13.626383175515377, 47.197966365900257 ], [ 13.626464389721281, 47.197947261498442 ], [ 13.626566296694927, 47.197922165212987 ], [ 13.626661778445074, 47.197904913452028 ], [ 13.626733779635394, 47.197890871346956 ], [ 13.626769516194139, 47.197883850957872 ], [ 13.626878693493364, 47.19786053520707 ], [ 13.626995906876285, 47.197834229358207 ], [ 13.627093650004781, 47.197820120621401 ], [ 13.627169724305595, 47.197802648577081 ], [ 13.627224690828218, 47.197787750349484 ], [ 13.627291425282129, 47.197776240863227 ], [ 13.627418851128816, 47.197758546069046 ], [ 13.627537856235705, 47.197745911645825 ], [ 13.627612392215203, 47.197736721230605 ], [ 13.627721209869872, 47.197720063951571 ], [ 13.627855474202795, 47.197721426261012 ], [ 13.627932404827829, 47.1977155586168 ], [ 13.627998314221038, 47.197721866439139 ], [ 13.628025443080881, 47.197733763255101 ], [ 13.628065597388238, 47.197737798282681 ], [ 13.628133643678376, 47.197724845263068 ], [ 13.628208536353414, 47.197732299411967 ], [ 13.628286727811103, 47.197739475032094 ], [ 13.628354554196054, 47.197734440489477 ], [ 13.628415079821284, 47.197722226612306 ], [ 13.628489950940226, 47.197725811590381 ], [ 13.628568215671249, 47.19772245943431 ], [ 13.628643363884574, 47.197728383013796 ], [ 13.62871664436698, 47.19773080225869 ], [ 13.628750575125462, 47.19773143403912 ], [ 13.628820572442327, 47.197736920979146 ], [ 13.628889020109591, 47.197724956221307 ], [ 13.628980294012594, 47.197710862659527 ], [ 13.629049672727357, 47.197700155075339 ], [ 13.629093776153837, 47.19772577413633 ], [ 13.62913345533339, 47.197739257683189 ], [ 13.629203735849021, 47.197748162805681 ], [ 13.629262795583584, 47.197733522889123 ], [ 13.629330960493277, 47.197718229424915 ], [ 13.629397323050437, 47.197711128579833 ], [ 13.629458309932224, 47.197710610052688 ], [ 13.62950824117808, 47.197716058784835 ], [ 13.629567675124063, 47.197673974530403 ], [ 13.629616894829043, 47.197646673174468 ], [ 13.62966376350326, 47.197623876802879 ], [ 13.629717190298548, 47.197593505209866 ], [ 13.629758955869347, 47.197578820079329 ], [ 13.629829022552036, 47.197573148981263 ], [ 13.629915882270815, 47.197572382868536 ], [ 13.630006406981753, 47.197566028519951 ], [ 13.630089777876407, 47.19755519386068 ], [ 13.630138459567474, 47.197526184103864 ], [ 13.630190923846566, 47.197512550654508 ], [ 13.630309358270349, 47.197492536649001 ], [ 13.630402971692579, 47.197472047424256 ], [ 13.630491863081151, 47.197433484923984 ], [ 13.63059537657999, 47.197389395533719 ], [ 13.630673682127826, 47.197346451621875 ], [ 13.63072365106197, 47.197335163864629 ], [ 13.630781306894807, 47.197329254665952 ], [ 13.630829027071421, 47.197317162938148 ], [ 13.630878655490426, 47.197292289364867 ], [ 13.630916007487052, 47.197267537837547 ], [ 13.630981505812287, 47.197247751466506 ], [ 13.631058790724394, 47.197211198375854 ], [ 13.631147447578083, 47.19717803463864 ], [ 13.631249666801986, 47.197138716856372 ], [ 13.631351754372044, 47.197099489304314 ], [ 13.631451794203471, 47.197048299983479 ], [ 13.631546761596931, 47.197010620521958 ], [ 13.631616175484885, 47.196982995464431 ], [ 13.631695962115941, 47.196968839841325 ], [ 13.631780073004943, 47.196949004228699 ], [ 13.631849902522049, 47.196924887070494 ], [ 13.631917803658547, 47.196909952656469 ], [ 13.63196794609161, 47.196906132049143 ], [ 13.632034436237259, 47.196898489463742 ], [ 13.632077311065785, 47.196893428187899 ], [ 13.632115369026065, 47.196876952364335 ], [ 13.632167231421105, 47.196850452764203 ], [ 13.632224262938159, 47.196827628656848 ], [ 13.632292069755206, 47.196796048384286 ], [ 13.632387789482603, 47.196751527934481 ], [ 13.632463208811371, 47.196712189476294 ], [ 13.63253424224237, 47.196667643785347 ], [ 13.632578575699272, 47.196640443961357 ], [ 13.632632887734902, 47.196603680245623 ], [ 13.632662172713275, 47.196576609927845 ], [ 13.632668444531292, 47.196541862027246 ], [ 13.632680113883614, 47.196504490579279 ], [ 13.632714300474644, 47.196457162365988 ], [ 13.632766701544384, 47.196386032110674 ], [ 13.632820889842588, 47.196350798250783 ], [ 13.632881814507416, 47.19631626646234 ], [ 13.63289959218077, 47.196261963101399 ], [ 13.632925197464422, 47.196214567425422 ], [ 13.632962348964055, 47.196178028663198 ], [ 13.633039448975747, 47.196132656885908 ], [ 13.633123562541183, 47.196090325830795 ], [ 13.633204868637927, 47.196041793643197 ], [ 13.633252039038403, 47.196002888973027 ], [ 13.633325520454939, 47.195971293129645 ], [ 13.633416666105386, 47.195935331746497 ], [ 13.633485141822172, 47.195905638526852 ], [ 13.633513822121184, 47.195888467133926 ], [ 13.633539254588722, 47.195857267768403 ], [ 13.633556250397092, 47.19582816013429 ], [ 13.633575632506535, 47.19580084575928 ], [ 13.633591959342429, 47.195793424523252 ], [ 13.63361012914638, 47.195785098646247 ], [ 13.633696343398514, 47.195764176330059 ], [ 13.633760356099014, 47.195738993606561 ], [ 13.633821760831021, 47.195719486329359 ], [ 13.633910895888828, 47.195701525406911 ], [ 13.633964540324852, 47.195686987318084 ], [ 13.634024966150054, 47.195657854895735 ], [ 13.634037662769888, 47.195615621790779 ], [ 13.634068413391729, 47.195567942327841 ], [ 13.634107865038787, 47.195518260357929 ], [ 13.634138505539621, 47.195474450210064 ], [ 13.634172746457459, 47.195437018960519 ], [ 13.634219815338342, 47.195403692774207 ], [ 13.634289576174913, 47.195368057138197 ], [ 13.634339470272167, 47.195344081120552 ], [ 13.634396081706875, 47.19531747796178 ], [ 13.634444828646027, 47.195300703152469 ], [ 13.634469697942547, 47.195263476555006 ], [ 13.634484874531852, 47.195216378038438 ], [ 13.634494468492756, 47.195162545955611 ], [ 13.634521689682698, 47.19512108416945 ], [ 13.634542944005023, 47.195074959320124 ], [ 13.634566424421005, 47.195025679354451 ], [ 13.634590099319183, 47.194987376156533 ], [ 13.634620864454797, 47.194942395834524 ], [ 13.634669055032283, 47.194897549336609 ], [ 13.634693819661628, 47.194865181764648 ], [ 13.634710380055964, 47.194829326773615 ], [ 13.634738423176161, 47.194793171446101 ], [ 13.634789394302928, 47.194749847156544 ], [ 13.634860618752443, 47.194716456734476 ], [ 13.634907157009028, 47.194682861731721 ], [ 13.634933827922113, 47.194660746522423 ], [ 13.634963371064185, 47.194633045074937 ], [ 13.634975188722857, 47.194622036474925 ], [ 13.635003680931099, 47.194595237579115 ], [ 13.635013006028707, 47.194563810625915 ], [ 13.63502298702279, 47.194531662111515 ], [ 13.635020431354128, 47.194500176663915 ], [ 13.635046611682906, 47.194461506817447 ], [ 13.635069561207851, 47.194434992527306 ], [ 13.635067903354985, 47.194398915834412 ], [ 13.635062788296311, 47.194358439393596 ], [ 13.635055386095773, 47.194310410881201 ], [ 13.635054675880347, 47.194278470653792 ], [ 13.635052924021522, 47.1942490525647 ], [ 13.635070072129484, 47.194200599072374 ], [ 13.635109914743413, 47.194150375842064 ], [ 13.635161012841776, 47.194106331222855 ], [ 13.635215184914436, 47.194045812495865 ], [ 13.635269075396838, 47.194005359533612 ], [ 13.635326623326643, 47.193981272798737 ], [ 13.635380558407535, 47.193971772020468 ], [ 13.635447238999866, 47.193951979926332 ], [ 13.63549442388212, 47.193916223496274 ], [ 13.635524433661532, 47.193877903283358 ], [ 13.635543172425782, 47.193830705183466 ], [ 13.635579734859627, 47.19378408960447 ], [ 13.635624962632651, 47.193752387315449 ], [ 13.635676372779333, 47.193716889522236 ], [ 13.635715166680644, 47.193668108505641 ], [ 13.635758470129568, 47.193623094562511 ], [ 13.635798716634229, 47.193597523925654 ], [ 13.635848909432243, 47.193580024844408 ], [ 13.635893254042749, 47.193555523017068 ], [ 13.635950909223592, 47.193504172410663 ], [ 13.63598465685798, 47.19345018600314 ], [ 13.636018893102904, 47.193412394287314 ], [ 13.636067301679221, 47.193383022785348 ], [ 13.636097004202265, 47.19338339368295 ], [ 13.636136376189668, 47.193389587409534 ], [ 13.636186924894655, 47.193388193255295 ], [ 13.636257063239208, 47.193373070329855 ], [ 13.636314216095228, 47.193349344054624 ], [ 13.636364957620806, 47.193335532373574 ], [ 13.636446888670807, 47.193305171693261 ], [ 13.636519650288825, 47.193264128017937 ], [ 13.636560351422101, 47.193225869030783 ], [ 13.636593179937774, 47.193172874643615 ], [ 13.636648845351175, 47.193143033671966 ], [ 13.636705974450621, 47.193092223947261 ], [ 13.636736064823518, 47.193045175348821 ], [ 13.636751271277975, 47.193003745036293 ], [ 13.636759107191367, 47.192920044805085 ], [ 13.636761453993024, 47.192868931164256 ], [ 13.636766080376702, 47.192824019914731 ], [ 13.63679050287802, 47.192778426052321 ], [ 13.636852562704346, 47.192712846749373 ], [ 13.636906260943972, 47.192685350316765 ], [ 13.63695754959371, 47.192652011728718 ], [ 13.636988590570651, 47.192632673686077 ], [ 13.637025554914699, 47.192564461890349 ], [ 13.637060000108214, 47.192517311607503 ], [ 13.637089100514107, 47.192481872688951 ], [ 13.637116114759385, 47.192450938219636 ], [ 13.637164692814666, 47.192405369789675 ], [ 13.637210912411287, 47.192362866879407 ], [ 13.637264515500121, 47.192318904592746 ], [ 13.637297294514115, 47.192280486531168 ], [ 13.637330546655049, 47.192232529549706 ], [ 13.637418293747425, 47.192181007848106 ], [ 13.637490509043095, 47.192137175690739 ], [ 13.637557713007945, 47.192094166679922 ], [ 13.637580299970125, 47.192073861310412 ], [ 13.637621185766729, 47.192045049111996 ], [ 13.637671971245254, 47.192016210433053 ], [ 13.637710870790308, 47.191986323778522 ], [ 13.637731991709108, 47.191963592897693 ], [ 13.637821593757485, 47.191936359929151 ], [ 13.637900862200027, 47.191902586157632 ], [ 13.63802153322648, 47.191861053410506 ], [ 13.638139758877967, 47.19183041439706 ], [ 13.638211878688645, 47.191816004776896 ], [ 13.638283549044482, 47.191792328600897 ], [ 13.638318317597324, 47.191778648808516 ], [ 13.638364815797212, 47.191738933989903 ], [ 13.638403724607235, 47.191710756650195 ], [ 13.638422410038435, 47.191677774696537 ], [ 13.638424800329314, 47.191634488964702 ], [ 13.638430823511827, 47.191603160544751 ], [ 13.638435695058392, 47.191578133657522 ], [ 13.638428656414129, 47.191547830000374 ], [ 13.638421599795942, 47.191491522804 ], [ 13.638472418204802, 47.191445677870277 ], [ 13.638490685865856, 47.191386063592297 ], [ 13.638495042881271, 47.191363377504359 ], [ 13.638494932318316, 47.191344212527049 ], [ 13.638534275688567, 47.191322782311858 ], [ 13.638575349494221, 47.191303866821748 ], [ 13.638606511218958, 47.191282818430565 ], [ 13.638635568797172, 47.191263125341102 ], [ 13.638652929308147, 47.191229337100651 ], [ 13.638660117926191, 47.191194136495341 ], [ 13.638678262124621, 47.191136052139306 ], [ 13.63869213566378, 47.191092735597195 ], [ 13.638697386462914, 47.191041974025303 ], [ 13.638696006334737, 47.191008685936296 ], [ 13.638691244233602, 47.190984044789296 ], [ 13.638684545340835, 47.190966876995859 ], [ 13.638679549385735, 47.19094745518882 ], [ 13.638689154865157, 47.190919356345262 ], [ 13.638702362077865, 47.190897816219611 ], [ 13.639059056414073, 47.190882282412787 ], [ 13.639092768741484, 47.190868695195498 ], [ 13.639151325470483, 47.190860169962782 ], [ 13.639179552156579, 47.190833820606485 ], [ 13.639220582167555, 47.190807436840295 ], [ 13.639308295596233, 47.19077363938738 ], [ 13.639376379933488, 47.190746463020893 ], [ 13.639417747718989, 47.190687236370856 ], [ 13.639438467763664, 47.190663876401253 ], [ 13.639443280952401, 47.190628862086513 ], [ 13.639475846195941, 47.190576767332303 ], [ 13.639503965053601, 47.190554647141823 ], [ 13.639542679237563, 47.190538706913934 ], [ 13.639568275602745, 47.190514074113651 ], [ 13.639607908145493, 47.190474377247902 ], [ 13.639634929273917, 47.190445061752264 ], [ 13.639684139677659, 47.190418205916288 ], [ 13.639736876298704, 47.190384862164393 ], [ 13.639778042367709, 47.19035928762905 ], [ 13.63981058407577, 47.190325998205367 ], [ 13.639850710896791, 47.190280541342212 ], [ 13.639861444726399, 47.190219507474232 ], [ 13.639909816505108, 47.1901618813813 ], [ 13.639971328398316, 47.190094052378164 ], [ 13.640034750092875, 47.190036925556974 ], [ 13.640082639466003, 47.189987218737492 ], [ 13.640119058042391, 47.189939702279766 ], [ 13.640144052303134, 47.189902384096385 ], [ 13.640158834212599, 47.189879399908513 ], [ 13.640253342038031, 47.189788537462604 ], [ 13.640391884328762, 47.189620715098179 ], [ 13.640930969605204, 47.188967280283087 ], [ 13.643167765157971, 47.187223021905254 ], [ 13.643746648505973, 47.186771555448146 ], [ 13.644051589621258, 47.186533721758856 ], [ 13.644110028806779, 47.185697307865794 ], [ 13.644109989106902, 47.185697289978627 ], [ 13.644916924201027, 47.184678711816026 ], [ 13.644866119435589, 47.184565694684771 ], [ 13.64532531155387, 47.184238024186214 ], [ 13.645727717032431, 47.183833693549708 ], [ 13.64646166905581, 47.183654573330848 ], [ 13.646695796325393, 47.183478373123826 ], [ 13.647282993101991, 47.18303644813912 ], [ 13.647681133719416, 47.182606937446856 ], [ 13.648142779011213, 47.181761326766342 ], [ 13.648188218271263, 47.181721574802751 ], [ 13.648387159950701, 47.181547474889527 ], [ 13.648802275841165, 47.18131453295873 ], [ 13.64959513555746, 47.180976661000209 ], [ 13.649832273799237, 47.18081113526457 ], [ 13.649839179844632, 47.180809595433558 ], [ 13.65081147278816, 47.179608723243767 ], [ 13.650917333559997, 47.179458614622206 ], [ 13.65101704232678, 47.179295026377439 ], [ 13.651107477862285, 47.179125615365685 ], [ 13.651209140617116, 47.17893601786033 ], [ 13.651319896749618, 47.178744505317106 ], [ 13.651363009795803, 47.178672042577908 ], [ 13.651414223285988, 47.178586060489629 ], [ 13.651432791450496, 47.17855763854476 ], [ 13.651691675010605, 47.178126874029388 ], [ 13.651715941137686, 47.17814408191974 ], [ 13.651946569319454, 47.178307592332693 ], [ 13.652239898893091, 47.178187046129992 ], [ 13.65321390954818, 47.177878819608615 ] ] ] } },
{ "type": "Feature", "properties": { "name": "Tweng", "feature_type": "circle", "metric_roundness": 36.78, "metric_rectangularity": 58.27, "metric_mobile_fit": 28.34, "metric_aspect_ratio": 1.279, "metric_area_km2": 187.59 }, "geometry": { "type": "Polygon", "coordinates": [ [ [ 13.673634323849939, 47.191009070702798 ], [ 13.673477431716469, 47.18693737332012 ], [ 13.673007185346494, 47.182876525105819 ], [ 13.672224873652622, 47.178837660394322 ], [ 13.671132640896831, 47.17483185577489 ], [ 13.669733480813186, 47.170870099662167 ], [ 13.668031228402221, 47.166963262081339 ], [ 13.666030549419471, 47.163122064752386 ], [ 13.663736927586964, 47.159357051556334 ], [ 13.661156649562715, 47.155678559466232 ], [ 13.658296787709435, 47.152096690024273 ], [ 13.655165180709675, 47.148621281445543 ], [ 13.651770412080548, 47.145261881426826 ], [ 13.648121786646902, 47.142027720737737 ], [ 13.644229305037433, 47.138927687669053 ], [ 13.640103636273674, 47.135970303411042 ], [ 13.635756088526929, 47.133163698432142 ], [ 13.631198578123382, 47.130515589925658 ], [ 13.626443596882261, 47.128033260389138 ], [ 13.621504177876627, 47.12572353739823 ], [ 13.616393859710648, 47.123592774633224 ], [ 13.611126649411197, 47.12164683421328 ], [ 13.605716984035588, 47.119891070389315 ], [ 13.600179691100593, 47.118330314643039 ], [ 13.594529947941258, 47.116968862235368 ], [ 13.588783240110869, 47.115810460243495 ], [ 13.582955318936142, 47.114858297121188 ], [ 13.577062158343924, 47.114114993813217 ], [ 13.571119911077771, 47.113582596449469 ], [ 13.565144864424393, 47.113262570640366 ], [ 13.559153395571355, 47.113155797390228 ], [ 13.553161926718317, 47.113262570640366 ], [ 13.54718688006494, 47.113582596449469 ], [ 13.541244632798787, 47.114114993813217 ], [ 13.535351472206568, 47.114858297121188 ], [ 13.529523551031842, 47.115810460243495 ], [ 13.523776843201453, 47.116968862235368 ], [ 13.518127100042117, 47.118330314643039 ], [ 13.512589807107123, 47.119891070389315 ], [ 13.507180141731514, 47.12164683421328 ], [ 13.501912931432063, 47.123592774633224 ], [ 13.496802613266084, 47.12572353739823 ], [ 13.49186319426045, 47.128033260389138 ], [ 13.487108213019329, 47.130515589925658 ], [ 13.48255070261578, 47.133163698432142 ], [ 13.478203154869037, 47.135970303411042 ], [ 13.474077486105276, 47.138927687669053 ], [ 13.470185004495809, 47.142027720737737 ], [ 13.466536379062163, 47.145261881426826 ], [ 13.463141610433036, 47.148621281445543 ], [ 13.460010003433275, 47.152096690024273 ], [ 13.457150141579994, 47.155678559466232 ], [ 13.454569863555745, 47.159357051556334 ], [ 13.45227624172324, 47.163122064752386 ], [ 13.45027556274049, 47.166963262081339 ], [ 13.448573310329524, 47.170870099662167 ], [ 13.44717415024588, 47.17483185577489 ], [ 13.446081917490087, 47.178837660394322 ], [ 13.445299605796219, 47.182876525105819 ], [ 13.44482935942624, 47.18693737332012 ], [ 13.44467246729277, 47.191009070702798 ], [ 13.44482935942624, 47.195080455734697 ], [ 13.445299605796219, 47.199140370318865 ], [ 13.446081917490087, 47.203177690349939 ], [ 13.44717415024588, 47.207181356162501 ], [ 13.448573310329524, 47.211140402775214 ], [ 13.45027556274049, 47.215043989848745 ], [ 13.45227624172324, 47.218881431276408 ], [ 13.454569863555745, 47.222642224327672 ], [ 13.457150141579994, 47.226316078266365 ], [ 13.460010003433275, 47.229892942366881 ], [ 13.463141610433036, 47.23336303325376 ], [ 13.466536379062163, 47.236716861492013 ], [ 13.470185004495809, 47.239945257357647 ], [ 13.474077486105276, 47.243039395720537 ], [ 13.478203154869037, 47.245990819974068 ], [ 13.48255070261578, 47.248791464948837 ], [ 13.487108213019329, 47.251433678750615 ], [ 13.49186319426045, 47.253910243465448 ], [ 13.496802613266084, 47.256214394678238 ], [ 13.501912931432063, 47.258339839754228 ], [ 13.507180141731514, 47.260280774835927 ], [ 13.512589807107123, 47.262031900511921 ], [ 13.518127100042117, 47.26358843611694 ], [ 13.523776843201453, 47.26494613262674 ], [ 13.529523551031842, 47.266101284114526 ], [ 13.535351472206568, 47.267050737739652 ], [ 13.541244632798787, 47.267791902243118 ], [ 13.54718688006494, 47.268322754928192 ], [ 13.553161926718317, 47.268641847108242 ], [ 13.559153395571355, 47.268748308007979 ], [ 13.565144864424393, 47.268641847108242 ], [ 13.571119911077771, 47.268322754928192 ], [ 13.577062158343924, 47.267791902243118 ], [ 13.582955318936142, 47.267050737739652 ], [ 13.588783240110869, 47.266101284114526 ], [ 13.594529947941258, 47.26494613262674 ], [ 13.600179691100593, 47.26358843611694 ], [ 13.605716984035588, 47.262031900511921 ], [ 13.611126649411197, 47.260280774835927 ], [ 13.616393859710648, 47.258339839754228 ], [ 13.621504177876627, 47.256214394678238 ], [ 13.626443596882261, 47.253910243465448 ], [ 13.631198578123382, 47.251433678750615 ], [ 13.635756088526929, 47.248791464948837 ], [ 13.640103636273674, 47.245990819974068 ], [ 13.644229305037433, 47.243039395720537 ], [ 13.648121786646902, 47.239945257357647 ], [ 13.651770412080548, 47.236716861492013 ], [ 13.655165180709675, 47.23336303325376 ], [ 13.658296787709435, 47.229892942366881 ], [ 13.661156649562715, 47.226316078266365 ], [ 13.663736927586964, 47.222642224327672 ], [ 13.666030549419471, 47.218881431276408 ], [ 13.668031228402221, 47.215043989848745 ], [ 13.669733480813186, 47.211140402775214 ], [ 13.671132640896831, 47.207181356162501 ], [ 13.672224873652622, 47.203177690349939 ], [ 13.673007185346494, 47.199140370318865 ], [ 13.673477431716469, 47.195080455734697 ], [ 13.673634323849939, 47.191009070702798 ] ] ] } },
{ "type": "Feature", "properties": { "name": "Tweng", "feature_type": "mrr", "metric_roundness": 36.78, "metric_rectangularity": 58.27, "metric_mobile_fit": 28.34, "metric_aspect_ratio": 1.279, "metric_area_km2": 187.59 }, "geometry": { "type": "Polygon", "coordinates": [ [ [ 13.565835182143809, 47.269867734405324 ], [ 13.667742104458728, 47.164447536422394 ], [ 13.550785690832045, 47.112211368387413 ], [ 13.448878768517126, 47.21773527223263 ], [ 13.565835182143809, 47.269867734405324 ] ] ] } }
]
}
