{
"type": "FeatureCollection",
"name": "united_states",
"crs": { "type": "name", "properties": { "name": "urn:ogc:def:crs:OGC:1.3:CRS84" } },
"features": [
{ "type": "Feature", "properties": { "name": "United States", "metric_roundness": 41.13, "metric_rectangularity": 62.33, "metric_mobile_fit": -28.99, "metric_aspect_ratio": 1.852, "metric_area_km2": 13555320.15 }, "geometry": { "type": "Polygon", "coordinates": [ [ [ -75.8377769, 36.3124565 ], [ -75.8229955, 36.3076676 ], [ -75.818554, 36.2957832 ], [ -75.807627899999986, 36.2885905 ], [ -75.8028493, 36.276922399999989 ], [ -75.802512899999982, 36.2665346 ], [ -75.80394, 36.2637133 ], [ -75.8088347, 36.2639262 ], [ -75.809624699999986, 36.2623637 ], [ -75.800719799999982, 36.2504084 ], [ -75.791202799999979, 36.249840799999987 ], [ -75.786900399999979, 36.2471004 ], [ -75.7873566, 36.242352499999981 ], [ -75.794389, 36.242412099999989 ], [ -75.7938911, 36.237078 ], [ -75.787535399999982, 36.2315035 ], [ -75.777340399999986, 36.2288505 ], [ -75.773884899999985, 36.224390699999987 ], [ -75.747248699999986, 36.1396987 ], [ -75.749105, 36.1185437 ], [ -75.7420385, 36.0889109 ], [ -75.737097399999982, 36.047821499999984 ], [ -75.7276796, 36.0448379 ], [ -75.6998743, 36.055272099999975 ], [ -75.690334799999988, 36.0442781 ], [ -75.6853491, 36.0192807 ], [ -75.689899, 36.0202277 ], [ -75.700322, 36.0302252 ], [ -75.705200199999979, 36.0247848 ], [ -75.7007184, 36.0184679 ], [ -75.701392699999985, 36.014314600000013 ], [ -75.7058661, 36.0138308 ], [ -75.7140797, 36.019992099999982 ], [ -75.721682199999989, 36.0211367 ], [ -75.726002400000013, 36.0170287 ], [ -75.725919, 36.0091283 ], [ -75.702637199999984, 35.9983213 ], [ -75.689245699999987, 36.001317 ], [ -75.6812978, 35.999238099999985 ], [ -75.6697544, 35.9846559 ], [ -75.664160599999988, 35.9732062 ], [ -75.639796299999986, 35.9577753 ], [ -75.6051611, 35.911763599999986 ], [ -75.6002796, 35.890430099999982 ], [ -75.5992575, 35.8706768 ], [ -75.590829099999979, 35.85171 ], [ -75.5746389, 35.832996699999981 ], [ -75.571631399999987, 35.8216914 ], [ -75.5668767, 35.8136669 ], [ -75.5545487, 35.8066423 ], [ -75.5509599, 35.8012682 ], [ -75.5469996, 35.7918231 ], [ -75.541875600000012, 35.7860359 ], [ -75.5378533, 35.7856153 ], [ -75.5363798, 35.792080199999987 ], [ -75.540830499999984, 35.8012682 ], [ -75.5816328, 35.8844927 ], [ -75.6613757, 36.025020499999982 ], [ -75.715920899999986, 36.110665499999989 ], [ -75.740393099999977, 36.158493899999989 ], [ -75.7701524, 36.2258712 ], [ -75.808540499999978, 36.3269669 ], [ -75.857311399999986, 36.5023935 ], [ -75.878037099999986, 36.5976424 ], [ -75.8960336, 36.641966 ], [ -75.921585799999988, 36.6927434 ], [ -75.9490094, 36.7623106 ], [ -75.989824700000014, 36.9067085 ], [ -75.997977, 36.919454499999986 ], [ -76.01092869999998, 36.9278431 ], [ -76.0347009, 36.9300565 ], [ -76.078655, 36.912603099999984 ], [ -76.0847018, 36.9076533 ], [ -76.0837037, 36.9019667 ], [ -76.0691647, 36.8914496 ], [ -76.063510299999976, 36.882042299999988 ], [ -76.0675366, 36.864317 ], [ -76.072775, 36.8665879 ], [ -76.0796219, 36.881183 ], [ -76.0943311, 36.887886599999987 ], [ -76.102936599999978, 36.883708299999981 ], [ -76.10624559999998, 36.871817499999985 ], [ -76.112466399999988, 36.8666591 ], [ -76.1150686, 36.8830555 ], [ -76.0994907, 36.9012963 ], [ -76.1040136, 36.9096363 ], [ -76.1360679, 36.9212203 ], [ -76.1627405, 36.9264575 ], [ -76.1702398, 36.9235106 ], [ -76.1728875, 36.9159683 ], [ -76.1786158, 36.9151005 ], [ -76.1878386, 36.9293991 ], [ -76.1967768, 36.932840899999988 ], [ -76.2241858, 36.941687699999981 ], [ -76.2766394, 36.9655253 ], [ -76.2799983, 36.9646133 ], [ -76.27539969999998, 36.9557164 ], [ -76.285612, 36.948446799999985 ], [ -76.307338, 36.9554215 ], [ -76.3219866, 36.9574176 ], [ -76.325321299999985, 36.9551747 ], [ -76.33072319999998, 36.9436843 ], [ -76.3302942, 36.920722599999984 ], [ -76.326917899999984, 36.911158799999988 ], [ -76.322405099999983, 36.908735799999988 ], [ -76.311019, 36.910477 ], [ -76.293947499999987, 36.906551 ], [ -76.2871054, 36.8968338 ], [ -76.277409399999982, 36.8915491 ], [ -76.274921600000013, 36.887594799999981 ], [ -76.2786983, 36.8847996 ], [ -76.299516, 36.8987991 ], [ -76.3085225, 36.8991963 ], [ -76.323680299999978, 36.8807852 ], [ -76.3226317, 36.8722437 ], [ -76.2877729, 36.8448421 ], [ -76.244457099999977, 36.8412156 ], [ -76.228056, 36.844464599999988 ], [ -76.2207392, 36.8373383 ], [ -76.2396402, 36.8312762 ], [ -76.257357, 36.8352052 ], [ -76.2752614, 36.8361509 ], [ -76.286547299999981, 36.8329306 ], [ -76.2896409, 36.8042408 ], [ -76.2998221, 36.7833497 ], [ -76.296963599999984, 36.763626 ], [ -76.3057754, 36.782144599999988 ], [ -76.295055099999985, 36.8058627 ], [ -76.2950896, 36.8268931 ], [ -76.3077055, 36.8478031 ], [ -76.3188459, 36.8540224 ], [ -76.3324403, 36.8542022 ], [ -76.3485936, 36.8481373 ], [ -76.366100799999984, 36.8346376 ], [ -76.3889773, 36.8333441 ], [ -76.385784699999988, 36.839266099999989 ], [ -76.3690574, 36.8449906 ], [ -76.3484377, 36.8639608 ], [ -76.3523365, 36.8810121 ], [ -76.3452276, 36.888053299999989 ], [ -76.344594099999981, 36.8930481 ], [ -76.3552648, 36.9163586 ], [ -76.3648881, 36.921435 ], [ -76.3807652, 36.9191739 ], [ -76.387616299999976, 36.9051544 ], [ -76.3948387, 36.899142699999985 ], [ -76.4072114, 36.8985936 ], [ -76.4388417, 36.9026986 ], [ -76.4485903, 36.8982594 ], [ -76.461995299999984, 36.885583 ], [ -76.4910157, 36.876832499999985 ], [ -76.5121404, 36.8586604 ], [ -76.5193949, 36.8462013 ], [ -76.545927, 36.831596099999985 ], [ -76.5532674, 36.8208975 ], [ -76.5573391, 36.8196361 ], [ -76.561773399999979, 36.8268062 ], [ -76.559581099999988, 36.8344921 ], [ -76.5351686, 36.851272699999981 ], [ -76.5091211, 36.8845026 ], [ -76.4931759, 36.8936725 ], [ -76.485715599999978, 36.901019 ], [ -76.484073, 36.9102813 ], [ -76.4886531, 36.9152187 ], [ -76.5070793, 36.9086811 ], [ -76.5171694, 36.908853199999989 ], [ -76.5021421, 36.924254499999989 ], [ -76.5013637, 36.943002499999984 ], [ -76.491294, 36.945360699999988 ], [ -76.4902564, 36.953877799999987 ], [ -76.497929499999984, 36.9628386 ], [ -76.514084599999975, 36.9709768 ], [ -76.532244499999976, 36.9855039 ], [ -76.558540799999989, 36.999594499999986 ], [ -76.568486499999977, 37.000396300000013 ], [ -76.58744249999998, 36.9961068 ], [ -76.618126199999978, 36.993956399999988 ], [ -76.616401699999983, 36.998478399999989 ], [ -76.6089663, 37.002987699999984 ], [ -76.584748299999987, 37.0028879 ], [ -76.58059129999998, 37.019398699999989 ], [ -76.587189, 37.026690399999978 ], [ -76.5970012, 37.0310985 ], [ -76.648032599999979, 37.0392923 ], [ -76.655165499999981, 37.042588 ], [ -76.66362119999998, 37.0515839 ], [ -76.6670515, 37.069971 ], [ -76.6595656, 37.0944818 ], [ -76.658579799999984, 37.1068293 ], [ -76.674582099999981, 37.1616623 ], [ -76.6709165, 37.178774499999989 ], [ -76.6737617, 37.184956799999988 ], [ -76.6810233, 37.1904901 ], [ -76.6900411, 37.1891872 ], [ -76.712905, 37.1541978 ], [ -76.723672199999982, 37.1483023 ], [ -76.7324231, 37.1476865 ], [ -76.7449483, 37.1517627 ], [ -76.7645611, 37.168435 ], [ -76.79278020000001, 37.1850558 ], [ -76.801742099999984, 37.1834779 ], [ -76.8165647, 37.1732866 ], [ -76.8337895, 37.1693208 ], [ -76.8326856, 37.1723702 ], [ -76.8092046, 37.1868273 ], [ -76.804908599999976, 37.195037499999984 ], [ -76.8091461, 37.203185 ], [ -76.857769699999977, 37.207063899999987 ], [ -76.8843759, 37.2016351 ], [ -76.8972362, 37.2013898 ], [ -76.947616699999983, 37.2285681 ], [ -76.9705861, 37.236248899999985 ], [ -76.9973354, 37.2359033 ], [ -76.9886912, 37.2512109 ], [ -76.9976017, 37.279345 ], [ -76.9985095, 37.2930527 ], [ -77.0043348, 37.298505899999988 ], [ -77.0135025, 37.298255499999989 ], [ -77.028350500000016, 37.2903065 ], [ -77.049037799999979, 37.269446699999989 ], [ -77.0618039, 37.2641867 ], [ -77.0827389, 37.276286399999982 ], [ -77.0972865, 37.3021178 ], [ -77.118225699999982, 37.2976775 ], [ -77.161232899999987, 37.296164 ], [ -77.1777919, 37.2888839 ], [ -77.190036, 37.287356 ], [ -77.199291499999987, 37.2913174 ], [ -77.2081463, 37.302459299999988 ], [ -77.217605599999985, 37.3069243 ], [ -77.232443499999988, 37.2998689 ], [ -77.252464199999977, 37.2962947 ], [ -77.273152, 37.3129127 ], [ -77.2887981, 37.3120965 ], [ -77.2910321, 37.3221608 ], [ -77.266976, 37.3429151 ], [ -77.2623561, 37.3384898 ], [ -77.26230289999998, 37.327759 ], [ -77.2583213, 37.3230205 ], [ -77.207517299999978, 37.3255977 ], [ -77.182473, 37.3146392 ], [ -77.1657668, 37.3110256 ], [ -77.138587699999988, 37.3134742 ], [ -77.1232032, 37.312516599999988 ], [ -77.0803437, 37.321722699999981 ], [ -77.0753515, 37.3049883 ], [ -77.077437699999976, 37.284658 ], [ -77.073385699999989, 37.2789083 ], [ -77.0286459, 37.304436699999989 ], [ -77.019141, 37.3083297 ], [ -77.0103011, 37.3083835 ], [ -76.9912448, 37.2991241 ], [ -76.9812752, 37.2762635 ], [ -76.9705861, 37.2642266 ], [ -76.9573955, 37.2500801 ], [ -76.943112099999979, 37.241462 ], [ -76.923577, 37.2379621 ], [ -76.899909299999976, 37.2463499 ], [ -76.8972362, 37.2485023 ], [ -76.8852412, 37.2581604 ], [ -76.8858868, 37.2788987 ], [ -76.881012899999988, 37.296497 ], [ -76.885101, 37.3112156 ], [ -76.879001, 37.3265488 ], [ -76.878551899999977, 37.3493381 ], [ -76.8758332, 37.3522524 ], [ -76.8711014, 37.3463315 ], [ -76.850455599999989, 37.337874 ], [ -76.8457278, 37.332358499999984 ], [ -76.8531388, 37.3129513 ], [ -76.8648384, 37.304804299999986 ], [ -76.857342799999984, 37.2936299 ], [ -76.8671721, 37.2833501 ], [ -76.8620016, 37.2800637 ], [ -76.847533799999979, 37.2806832 ], [ -76.8435369, 37.274195299999981 ], [ -76.848437, 37.268896599999984 ], [ -76.8571793, 37.2704626 ], [ -76.85792, 37.266811499999982 ], [ -76.8683703, 37.2636476 ], [ -76.86636129999998, 37.246968699999989 ], [ -76.8493491, 37.2418438 ], [ -76.81543379999998, 37.239757 ], [ -76.785252799999981, 37.2247652 ], [ -76.769458799999981, 37.227503 ], [ -76.76843479999998, 37.2209371 ], [ -76.7458612, 37.2152198 ], [ -76.715667699999983, 37.2175504 ], [ -76.7032197, 37.225959399999986 ], [ -76.689542299999985, 37.2229459 ], [ -76.6609117, 37.2215221 ], [ -76.6388559, 37.2143775 ], [ -76.6236537, 37.1973635 ], [ -76.612812699999978, 37.1767899 ], [ -76.6091082, 37.175248299999986 ], [ -76.604064, 37.1768484 ], [ -76.6021991, 37.174781 ], [ -76.6101683, 37.1549988 ], [ -76.6200942, 37.1393228 ], [ -76.617687199999978, 37.123048499999989 ], [ -76.5950287, 37.1076209 ], [ -76.5669371, 37.0834782 ], [ -76.559945399999989, 37.0810354 ], [ -76.5566936, 37.0886099 ], [ -76.5807174, 37.1275093 ], [ -76.5813883, 37.1327636 ], [ -76.57735839999998, 37.132392599999989 ], [ -76.5429588, 37.0922318 ], [ -76.526967299999981, 37.0809256 ], [ -76.522935099999984, 37.069971 ], [ -76.5193251, 37.060162 ], [ -76.4619051, 37.0227321 ], [ -76.4529955, 37.0108782 ], [ -76.448051699999979, 36.9946693 ], [ -76.438251, 36.978819599999987 ], [ -76.4212788, 36.9671764 ], [ -76.40939849999998, 36.9685765 ], [ -76.385765699999979, 36.9894417 ], [ -76.351986699999983, 37.0075638 ], [ -76.3418471, 37.0160007 ], [ -76.3225837, 37.0155614 ], [ -76.304924299999982, 37.0245635 ], [ -76.3044934, 37.0164617 ], [ -76.309668, 37.0072329 ], [ -76.3058631, 37.0061413 ], [ -76.283465, 37.0596369 ], [ -76.2792178, 37.069971 ], [ -76.2737158, 37.083356399999978 ], [ -76.2770703, 37.0952813 ], [ -76.283465, 37.0979181 ], [ -76.2960575, 37.0949289 ], [ -76.3061871, 37.0895334 ], [ -76.3197394, 37.0919904 ], [ -76.337357599999976, 37.0735675 ], [ -76.3433999, 37.069971 ], [ -76.356420699999987, 37.06222 ], [ -76.3563753, 37.0671136 ], [ -76.353584399999988, 37.069971 ], [ -76.345384, 37.078739899999988 ], [ -76.3429405, 37.088741 ], [ -76.3542541, 37.1002194 ], [ -76.3697761, 37.1081017 ], [ -76.3706905, 37.111873599999988 ], [ -76.358687500000016, 37.114346499999989 ], [ -76.3322055, 37.1067235 ], [ -76.308540599999986, 37.1143364 ], [ -76.306201299999984, 37.1234928 ], [ -76.3440424, 37.147454 ], [ -76.360979699999987, 37.149278699999989 ], [ -76.36977779999998, 37.145021 ], [ -76.389671599999986, 37.155439 ], [ -76.4296004, 37.1404334 ], [ -76.427279599999977, 37.1503672 ], [ -76.4172524, 37.160365299999981 ], [ -76.4128105, 37.169087 ], [ -76.4151861, 37.1762862 ], [ -76.421865599999975, 37.183543899999982 ], [ -76.4158685, 37.184658199999987 ], [ -76.3965383, 37.1819589 ], [ -76.39377949999998, 37.191558599999986 ], [ -76.397498199999987, 37.1993629 ], [ -76.4032808, 37.2024826 ], [ -76.42156, 37.2054641 ], [ -76.4236759, 37.213288399999989 ], [ -76.4293001, 37.218871799999988 ], [ -76.475944699999985, 37.2162871 ], [ -76.5060122, 37.2358207 ], [ -76.5293227, 37.247462 ], [ -76.5525811, 37.265267299999984 ], [ -76.5902721, 37.276827 ], [ -76.5943863, 37.2866722 ], [ -76.6180386, 37.3017938 ], [ -76.623614500000016, 37.3122219 ], [ -76.6517624, 37.345362299999984 ], [ -76.661995, 37.3641018 ], [ -76.6756784, 37.3759912 ], [ -76.6978491, 37.4036785 ], [ -76.7455628, 37.4430587 ], [ -76.757708899999983, 37.4615917 ], [ -76.76599, 37.4808049 ], [ -76.799576499999986, 37.4977806 ], [ -76.8033504, 37.510820699999982 ], [ -76.799870699999985, 37.5187822 ], [ -76.793262299999981, 37.524173399999988 ], [ -76.7833552, 37.5246271 ], [ -76.7734188, 37.510259899999987 ], [ -76.7404, 37.486886399999982 ], [ -76.716673199999988, 37.452811499999989 ], [ -76.7019832, 37.4425288 ], [ -76.6853413, 37.4211516 ], [ -76.6597868, 37.4092409 ], [ -76.6477468, 37.3907326 ], [ -76.6138527, 37.355020799999984 ], [ -76.595094699999976, 37.3410811 ], [ -76.58432449999998, 37.3252549 ], [ -76.5777382, 37.321440299999985 ], [ -76.568638, 37.3212967 ], [ -76.5543832, 37.2992049 ], [ -76.5379558, 37.291713399999985 ], [ -76.5156613, 37.274224599999989 ], [ -76.501612499999979, 37.2516107 ], [ -76.4823854, 37.2549527 ], [ -76.4644574, 37.251779099999986 ], [ -76.4427442, 37.254980599999989 ], [ -76.419283899999982, 37.2633266 ], [ -76.395431399999978, 37.2672489 ], [ -76.3900012, 37.2752757 ], [ -76.390122699999978, 37.2875501 ], [ -76.397830299999981, 37.298697499999982 ], [ -76.40047509999998, 37.307777199999975 ], [ -76.4297534, 37.3068054 ], [ -76.453630199999978, 37.2923919 ], [ -76.458520899999982, 37.3010475 ], [ -76.450578399999984, 37.3081849 ], [ -76.448199399999979, 37.314901699999986 ], [ -76.4666061, 37.3170657 ], [ -76.4736397, 37.3205687 ], [ -76.471483899999981, 37.3270325 ], [ -76.462600400000014, 37.3245953 ], [ -76.4467727, 37.3282289 ], [ -76.4266864, 37.3241821 ], [ -76.4169108, 37.3290511 ], [ -76.420180599999981, 37.3417807 ], [ -76.436187699999977, 37.3558266 ], [ -76.4725991, 37.364868799999989 ], [ -76.46772, 37.3864345 ], [ -76.4881728, 37.4035939 ], [ -76.486346, 37.4051871 ], [ -76.4809708, 37.4038091 ], [ -76.445801, 37.3834875 ], [ -76.415636699999979, 37.375374399999984 ], [ -76.419870899999978, 37.404734199999986 ], [ -76.44831019999998, 37.4209757 ], [ -76.446345599999987, 37.4366165 ], [ -76.434165, 37.423102199999988 ], [ -76.4183601, 37.4210929 ], [ -76.4096097, 37.4252184 ], [ -76.4037775, 37.424188 ], [ -76.3989593, 37.4183568 ], [ -76.3885461, 37.3916708 ], [ -76.3576378, 37.375099599999984 ], [ -76.3492331, 37.378265 ], [ -76.346271099999981, 37.3902064 ], [ -76.351467, 37.410196099999986 ], [ -76.359341199999989, 37.424434 ], [ -76.345588899999981, 37.419068599999989 ], [ -76.3324166, 37.3892627 ], [ -76.329545, 37.3581739 ], [ -76.32124589999998, 37.3501467 ], [ -76.3107829, 37.3451773 ], [ -76.3034949, 37.330449 ], [ -76.276222, 37.319686399999988 ], [ -76.27433259999998, 37.3255963 ], [ -76.2774344, 37.334085199999983 ], [ -76.2741545, 37.3415068 ], [ -76.274476499999977, 37.3494913 ], [ -76.2887023, 37.3620522 ], [ -76.280749300000011, 37.3645065 ], [ -76.2659608, 37.363630799999989 ], [ -76.260673599999976, 37.365885 ], [ -76.258626799999988, 37.372442 ], [ -76.265397299999989, 37.3803434 ], [ -76.252469499999989, 37.3841225 ], [ -76.2569283, 37.3936742 ], [ -76.251081399999975, 37.418334499999986 ], [ -76.2539891, 37.4362308 ], [ -76.2592481, 37.444664899999985 ], [ -76.2685458, 37.450426899999982 ], [ -76.276145099999979, 37.4602691 ], [ -76.284758, 37.4581278 ], [ -76.295042599999988, 37.4618198 ], [ -76.2904828, 37.470635 ], [ -76.2911846, 37.478193699999984 ], [ -76.30745779999998, 37.4858411 ], [ -76.329043099999978, 37.4880487 ], [ -76.3361622, 37.5000439 ], [ -76.3526039, 37.508564799999981 ], [ -76.367484100000013, 37.5206222 ], [ -76.3973664, 37.524746799999981 ], [ -76.4035559, 37.5222644 ], [ -76.4169316, 37.510416899999989 ], [ -76.4256147, 37.5091458 ], [ -76.4384868, 37.5111897 ], [ -76.457029299999988, 37.516495099999979 ], [ -76.482503499999979, 37.5310858 ], [ -76.5027299, 37.536830599999981 ], [ -76.5421, 37.558384 ], [ -76.558415599999989, 37.5580949 ], [ -76.5707593, 37.561540699999988 ], [ -76.579789199999979, 37.5706022 ], [ -76.575821199999979, 37.5725968 ], [ -76.5638622, 37.5651536 ], [ -76.546219, 37.56461 ], [ -76.5238803, 37.554654399999983 ], [ -76.508740199999977, 37.552778 ], [ -76.493734100000012, 37.5421049 ], [ -76.4746634, 37.5367256 ], [ -76.449502399999986, 37.523100799999987 ], [ -76.4326125, 37.5253508 ], [ -76.4197562, 37.5186515 ], [ -76.403323199999988, 37.5372883 ], [ -76.3605031, 37.5362259 ], [ -76.3404321, 37.538761799999989 ], [ -76.3279761, 37.5463303 ], [ -76.313669, 37.549276399999982 ], [ -76.3044269, 37.555123499999986 ], [ -76.2853915, 37.6208106 ], [ -76.291206599999981, 37.6300026 ], [ -76.3049431, 37.637232399999988 ], [ -76.3219666, 37.629819 ], [ -76.3388976, 37.6317319 ], [ -76.3365259, 37.6425011 ], [ -76.3428752, 37.6535872 ], [ -76.3429755, 37.6623562 ], [ -76.3488569, 37.6693262 ], [ -76.336782899999989, 37.673027399999988 ], [ -76.3325146, 37.676772299999989 ], [ -76.3463997, 37.6909902 ], [ -76.347117199999985, 37.6965788 ], [ -76.3250048, 37.6894026 ], [ -76.315698399999988, 37.6905322 ], [ -76.305991499999976, 37.6962276 ], [ -76.30947, 37.708789799999977 ], [ -76.3220949, 37.7231021 ], [ -76.3349569, 37.745604699999987 ], [ -76.332658799999976, 37.7473397 ], [ -76.324729199999979, 37.7415041 ], [ -76.3129411, 37.738574899999989 ], [ -76.311656699999986, 37.7645005 ], [ -76.2959427, 37.7823905 ], [ -76.3166476, 37.7863417 ], [ -76.3379951, 37.7960902 ], [ -76.3231533, 37.796572 ], [ -76.3118378, 37.8038499 ], [ -76.319001699999987, 37.8144705 ], [ -76.3173005, 37.8236979 ], [ -76.3310549, 37.840156199999988 ], [ -76.3685064, 37.8452917 ], [ -76.381792599999983, 37.8594529 ], [ -76.4011963, 37.8683316 ], [ -76.3847156, 37.8682896 ], [ -76.356045099999989, 37.8533445 ], [ -76.3282653, 37.851207 ], [ -76.312335399999981, 37.8376363 ], [ -76.2900998, 37.827862599999989 ], [ -76.2856904, 37.829864 ], [ -76.2796822, 37.840926499999981 ], [ -76.2752422, 37.836611599999983 ], [ -76.2756446, 37.8193119 ], [ -76.2724345, 37.817503 ], [ -76.266125199999976, 37.820593099999989 ], [ -76.2526793, 37.8367234 ], [ -76.24270989999998, 37.8829809 ], [ -76.2578807, 37.886067199999985 ], [ -76.2756525, 37.884982799999982 ], [ -76.2906595, 37.889508 ], [ -76.2937344, 37.8942133 ], [ -76.2763811, 37.891388 ], [ -76.258, 37.8964562 ], [ -76.256471299999987, 37.8995083 ], [ -76.2714258, 37.9127259 ], [ -76.3467873, 37.9466989 ], [ -76.367197499999989, 37.952111499999987 ], [ -76.3772253, 37.9518834 ], [ -76.3879179, 37.9416663 ], [ -76.394758899999985, 37.955863099999981 ], [ -76.4151895, 37.960808 ], [ -76.425673599999982, 37.9719523 ], [ -76.4470751, 37.982208199999988 ], [ -76.455087899999981, 37.9808802 ], [ -76.4630564, 37.9690731 ], [ -76.4754876, 37.964098199999988 ], [ -76.4701104, 37.9735047 ], [ -76.4708206, 37.9795728 ], [ -76.478841099999983, 37.9849367 ], [ -76.494744799999978, 37.9855687 ], [ -76.498428, 37.9882038 ], [ -76.483108099999981, 37.9940541 ], [ -76.470228, 38.003555499999969 ], [ -76.4726883, 38.0077528 ], [ -76.487999399999978, 38.0167334 ], [ -76.509427199999976, 38.0226681 ], [ -76.5218082, 38.0230132 ], [ -76.528904, 38.0191264 ], [ -76.5355117, 38.005227 ], [ -76.544236699999985, 38.0031162 ], [ -76.5490513, 38.0082339 ], [ -76.5504057, 38.018614299999989 ], [ -76.568395899999985, 38.0238217 ], [ -76.5705678, 38.0278652 ], [ -76.555766, 38.0347045 ], [ -76.5569582, 38.0476476 ], [ -76.541503099999986, 38.04461 ], [ -76.5303929, 38.0522088 ], [ -76.529982099999984, 38.057325299999981 ], [ -76.543015399999987, 38.0763011 ], [ -76.6006733, 38.110668799999985 ], [ -76.6066134, 38.1277194 ], [ -76.621348, 38.147855299999989 ], [ -76.6292548, 38.149197699999988 ], [ -76.63603449999998, 38.1462289 ], [ -76.6361932, 38.1161099 ], [ -76.646318100000016, 38.105835899999988 ], [ -76.644527499999981, 38.114205299999988 ], [ -76.646643200000014, 38.1233663 ], [ -76.6702812, 38.1476227 ], [ -76.684926899999979, 38.155441499999981 ], [ -76.695658799999975, 38.1550746 ], [ -76.703914599999976, 38.1428296 ], [ -76.7051731, 38.1332417 ], [ -76.710550899999987, 38.1281995 ], [ -76.7104633, 38.1107519 ], [ -76.7269204, 38.0970419 ], [ -76.725207899999987, 38.082801599999989 ], [ -76.739206900000013, 38.1000351 ], [ -76.7235383, 38.1103019 ], [ -76.725892, 38.1267108 ], [ -76.757329399999989, 38.1467932 ], [ -76.7781631, 38.164277399999989 ], [ -76.7935455, 38.167396699999976 ], [ -76.8232005, 38.1643776 ], [ -76.8434585, 38.1655645 ], [ -76.8751931, 38.1740079 ], [ -76.8972362, 38.184659 ], [ -76.9136208, 38.1825851 ], [ -76.9130771, 38.192068899999988 ], [ -76.9157505, 38.196006299999986 ], [ -76.9437402, 38.2052354 ], [ -76.983076700000012, 38.2074717 ], [ -76.978830700000017, 38.2126505 ], [ -76.967027099999981, 38.217537199999988 ], [ -76.9705144, 38.243974699999981 ], [ -76.968186, 38.246637199999988 ], [ -76.9614504, 38.245327 ], [ -76.9650235, 38.257212 ], [ -76.9825135, 38.271071 ], [ -77.0090659, 38.273488199999989 ], [ -77.0077768, 38.2818551 ], [ -77.0147042, 38.2931572 ], [ -77.0286196, 38.3060265 ], [ -77.045395199999987, 38.312008299999988 ], [ -77.0562699, 38.3191616 ], [ -77.0517498, 38.3234899 ], [ -77.0379386, 38.3218349 ], [ -77.0276921, 38.325403800000011 ], [ -77.0166954, 38.338688 ], [ -77.0164657, 38.3633344 ], [ -77.016490399999981, 38.373793699999986 ], [ -77.0406461, 38.3954283 ], [ -77.055889499999978, 38.3934853 ], [ -77.070542199999977, 38.379387 ], [ -77.0846124, 38.3707451 ], [ -77.13312759999998, 38.3661648 ], [ -77.1377716, 38.3633344 ], [ -77.164287799999983, 38.3472451 ], [ -77.1762701, 38.343041299999989 ], [ -77.242385099999979, 38.3323652 ], [ -77.264971799999984, 38.333838599999986 ], [ -77.290505099999976, 38.341690199999988 ], [ -77.3232747, 38.3403674 ], [ -77.345524199999986, 38.3480867 ], [ -77.33626289999998, 38.3526604 ], [ -77.3143266, 38.3516259 ], [ -77.3032481, 38.356292 ], [ -77.295295200000012, 38.3542638 ], [ -77.2915857, 38.3576828 ], [ -77.2938296, 38.3633344 ], [ -77.317738099999985, 38.3871801 ], [ -77.3472834, 38.407690699999989 ], [ -77.3658732, 38.4340767 ], [ -77.3627431, 38.436152299999982 ], [ -77.356850699999981, 38.4347172 ], [ -77.349250199999986, 38.4248893 ], [ -77.3374737, 38.418847 ], [ -77.325737, 38.404742699999986 ], [ -77.3160628, 38.4000957 ], [ -77.3245194, 38.440129299999988 ], [ -77.3237027, 38.4583623 ], [ -77.3102999, 38.492388199999986 ], [ -77.2883859, 38.5244455 ], [ -77.3045311, 38.5541363 ], [ -77.29950239999998, 38.553870599999989 ], [ -77.279741099999981, 38.540541499999989 ], [ -77.261545499999983, 38.5635954 ], [ -77.264435599999985, 38.576366599999986 ], [ -77.269838799999988, 38.585802799999989 ], [ -77.251716, 38.5888779 ], [ -77.206201399999983, 38.614713 ], [ -77.1722585, 38.6263166 ], [ -77.1597816, 38.6367451 ], [ -77.1357929, 38.6394683 ], [ -77.1322905, 38.6674488 ], [ -77.1189499, 38.685613 ], [ -77.083950399999978, 38.707477399999981 ], [ -77.05841359999998, 38.7117063 ], [ -77.046134, 38.720278899999983 ], [ -77.043061699999981, 38.7329764 ], [ -77.048889, 38.783965899999984 ], [ -77.0411548, 38.789816399999985 ], [ -77.0228939, 38.7894546 ], [ -77.019899699999982, 38.784476399999988 ], [ -77.0275761, 38.771466099999984 ], [ -77.0275533, 38.7631843 ], [ -77.022751699999986, 38.7547383 ], [ -77.0123934, 38.7466359 ], [ -77.0265241, 38.737289 ], [ -77.03222719999998, 38.7112067 ], [ -77.0281825, 38.705792 ], [ -77.014980799999989, 38.7005544 ], [ -77.010530799999984, 38.695844899999976 ], [ -77.027515899999983, 38.6947679 ], [ -77.050386699999976, 38.6974458 ], [ -77.1039005, 38.6802424 ], [ -77.1111046, 38.6723308 ], [ -77.113565, 38.6623104 ], [ -77.1100946, 38.6433849 ], [ -77.1038933, 38.636809799999988 ], [ -77.1039015, 38.6336082 ], [ -77.138597599999983, 38.6116054 ], [ -77.1668582, 38.6057098 ], [ -77.1789085, 38.600656799999989 ], [ -77.202160899999981, 38.5763483 ], [ -77.204704699999979, 38.5681423 ], [ -77.2013324, 38.566615399999989 ], [ -77.1952071, 38.5679278 ], [ -77.182647099999983, 38.5765113 ], [ -77.1515333, 38.5913991 ], [ -77.143111, 38.5920655 ], [ -77.14257, 38.588842199999981 ], [ -77.1637019, 38.5785562 ], [ -77.173292699999976, 38.5685008 ], [ -77.1875844, 38.5600577 ], [ -77.2346726, 38.548368499999988 ], [ -77.2344965, 38.5375258 ], [ -77.2585284, 38.5164195 ], [ -77.270504, 38.4840845 ], [ -77.2593076, 38.4323511 ], [ -77.2597216, 38.4066447 ], [ -77.2441314, 38.380390299999988 ], [ -77.2214654, 38.3666051 ], [ -77.2098863, 38.3633344 ], [ -77.2039177, 38.3633344 ], [ -77.1790004, 38.3696445 ], [ -77.1405054, 38.390309 ], [ -77.1290597, 38.4027534 ], [ -77.121725699999985, 38.430281 ], [ -77.123065, 38.4392692 ], [ -77.146150599999984, 38.4456455 ], [ -77.155533, 38.4383074 ], [ -77.1608475, 38.438724799999989 ], [ -77.1548185, 38.448883599999988 ], [ -77.1363682, 38.4654558 ], [ -77.132793299999989, 38.465100199999981 ], [ -77.1332758, 38.4571119 ], [ -77.130234499999986, 38.4541348 ], [ -77.0981302, 38.4523023 ], [ -77.1051666, 38.4336889 ], [ -77.105877799999988, 38.414962199999984 ], [ -77.1031215, 38.4096553 ], [ -77.0966917, 38.4091739 ], [ -77.0495704, 38.4413637 ], [ -77.0490706, 38.4456615 ], [ -77.0539204, 38.4515902 ], [ -77.0455828, 38.459713099999988 ], [ -77.038563099999976, 38.4770669 ], [ -77.0240502, 38.4930574 ], [ -77.022572699999984, 38.4894713 ], [ -77.029514699999979, 38.476102099999984 ], [ -77.029684, 38.4668796 ], [ -76.9902593, 38.3974745 ], [ -76.9825897, 38.366169699999986 ], [ -76.981499, 38.3633344 ], [ -76.975508599999984, 38.3477609 ], [ -76.9705861, 38.3440399 ], [ -76.953962599999983, 38.3357262 ], [ -76.9396034, 38.3337181 ], [ -76.930021199999985, 38.322121599999988 ], [ -76.9090628, 38.3107216 ], [ -76.9083816, 38.3058052 ], [ -76.9219055, 38.3032974 ], [ -76.918244899999976, 38.2908855 ], [ -76.8972362, 38.2828788 ], [ -76.879373799999982, 38.2762696 ], [ -76.834859699999981, 38.265206 ], [ -76.809034399999987, 38.252529299999985 ], [ -76.7892058, 38.2498759 ], [ -76.780071299999989, 38.2420032 ], [ -76.7734867, 38.231121099999982 ], [ -76.7577436, 38.226209 ], [ -76.7508437, 38.2282401 ], [ -76.7375093, 38.2422915 ], [ -76.732785399999983, 38.256033399999986 ], [ -76.723591, 38.2594893 ], [ -76.719219099999975, 38.2643461 ], [ -76.7197025, 38.282030099999986 ], [ -76.7260916, 38.2950432 ], [ -76.7238093, 38.3032639 ], [ -76.710047399999979, 38.2909478 ], [ -76.705772399999987, 38.2715646 ], [ -76.707563899999982, 38.253369499999984 ], [ -76.714465, 38.2415799 ], [ -76.7123204, 38.237589899999989 ], [ -76.702892299999988, 38.2408596 ], [ -76.6916504, 38.2592563 ], [ -76.660859899999977, 38.2632072 ], [ -76.642486, 38.2735574 ], [ -76.638365800000017, 38.282308399999984 ], [ -76.633883299999979, 38.2823858 ], [ -76.629318, 38.2764708 ], [ -76.63467439999998, 38.2657672 ], [ -76.6563512, 38.250329799999989 ], [ -76.6777369, 38.2433932 ], [ -76.6799648, 38.237469399999988 ], [ -76.6479757, 38.2269047 ], [ -76.5934714, 38.2159011 ], [ -76.569000899999978, 38.2050838 ], [ -76.5512355, 38.1886607 ], [ -76.532878599999989, 38.1820327 ], [ -76.5415572, 38.1647379 ], [ -76.5374339, 38.154499199999989 ], [ -76.5239635, 38.1406576 ], [ -76.509307799999988, 38.145821599999984 ], [ -76.5134074, 38.161790399999987 ], [ -76.497286399999979, 38.1542422 ], [ -76.4846363, 38.141984 ], [ -76.4672967, 38.1395165 ], [ -76.4683577, 38.1520732 ], [ -76.457512499999979, 38.160713699999988 ], [ -76.448786899999988, 38.187296 ], [ -76.4575611, 38.2003783 ], [ -76.4713467, 38.212589099999988 ], [ -76.471391499999982, 38.2160645 ], [ -76.466431, 38.2158319 ], [ -76.435635, 38.193304599999983 ], [ -76.4378117, 38.1682772 ], [ -76.4340881, 38.165178499999989 ], [ -76.4237903, 38.163435 ], [ -76.4349447, 38.1489045 ], [ -76.4360373, 38.1410973 ], [ -76.432809099999986, 38.1296396 ], [ -76.422235699999987, 38.1143502 ], [ -76.419736, 38.1123754 ], [ -76.4164352, 38.113246499999988 ], [ -76.4112679, 38.1232811 ], [ -76.39617579999998, 38.122379599999988 ], [ -76.398458799999986, 38.106781699999985 ], [ -76.374346499999987, 38.0846466 ], [ -76.360873399999988, 38.0642065 ], [ -76.3477101, 38.058027399999986 ], [ -76.3336864, 38.0631626 ], [ -76.3321007, 38.0828466 ], [ -76.3380484, 38.1149364 ], [ -76.3264693, 38.1328348 ], [ -76.325252899999981, 38.14204 ], [ -76.33614249999998, 38.159772499999988 ], [ -76.3814064, 38.2145819 ], [ -76.394037399999988, 38.246441 ], [ -76.393536799999978, 38.2749895 ], [ -76.3818127, 38.298547 ], [ -76.3940095, 38.3053483 ], [ -76.4110047, 38.3071299 ], [ -76.4195346, 38.3134374 ], [ -76.416265199999984, 38.325210399999989 ], [ -76.3900631, 38.3633344 ], [ -76.3877503, 38.385214 ], [ -76.4017056, 38.396014 ], [ -76.4197381, 38.4175827 ], [ -76.447716900000017, 38.4407481 ], [ -76.4885376, 38.4800174 ], [ -76.498542300000011, 38.494408299999982 ], [ -76.514781, 38.5326205 ], [ -76.516537399999976, 38.5569171 ], [ -76.513133, 38.613010799999984 ], [ -76.530864, 38.6765022 ], [ -76.5300632, 38.7189681 ], [ -76.532991, 38.723884 ], [ -76.5436556, 38.7287611 ], [ -76.549913099999984, 38.7348898 ], [ -76.5606282, 38.768753499999988 ], [ -76.557908399999988, 38.7729446 ], [ -76.547216099999986, 38.7752923 ], [ -76.5363293, 38.7809164 ], [ -76.526537, 38.7931352 ], [ -76.5119846, 38.803458199999987 ], [ -76.5004646, 38.816995699999985 ], [ -76.4939814, 38.8353696 ], [ -76.499314, 38.8471795 ], [ -76.517724199999989, 38.8476033 ], [ -76.526017799999977, 38.8424865 ], [ -76.5305942, 38.8334246 ], [ -76.5434877, 38.8354032 ], [ -76.5374376, 38.8581974 ], [ -76.5253054, 38.870776 ], [ -76.529508799999988, 38.876396 ], [ -76.5414478, 38.8782557 ], [ -76.543887, 38.8807356 ], [ -76.538202699999985, 38.887247699999989 ], [ -76.5305584, 38.8889293 ], [ -76.5215403, 38.8856171 ], [ -76.511866099999978, 38.876945 ], [ -76.5061731, 38.8768848 ], [ -76.4948614, 38.887330199999987 ], [ -76.494615299999978, 38.893243 ], [ -76.4997398, 38.9007743 ], [ -76.4983839, 38.905601299999987 ], [ -76.5085668, 38.9048866 ], [ -76.5166786, 38.920093599999987 ], [ -76.5262634, 38.927032499999989 ], [ -76.537865599999989, 38.931436399999981 ], [ -76.545668799999987, 38.9416461 ], [ -76.5610606, 38.9476424 ], [ -76.573779, 38.948373099999984 ], [ -76.5916641, 38.962653 ], [ -76.5775551, 38.964231 ], [ -76.561187599999982, 38.9568419 ], [ -76.534882699999983, 38.9527414 ], [ -76.505038399999989, 38.9301549 ], [ -76.485590599999981, 38.9270546 ], [ -76.472946799999988, 38.919158 ], [ -76.4624516, 38.922535299999986 ], [ -76.457353199999986, 38.939903499999986 ], [ -76.468863499999983, 38.9515395 ], [ -76.486686299999988, 38.986062499999989 ], [ -76.5077009, 39.0025586 ], [ -76.526411099999976, 39.0133442 ], [ -76.5392948, 39.0272066 ], [ -76.5675238, 39.037805199999987 ], [ -76.5662523, 39.0513042 ], [ -76.574341499999989, 39.0612983 ], [ -76.573139, 39.068259199999986 ], [ -76.566341499999979, 39.0682821 ], [ -76.5471984, 39.0608763 ], [ -76.519574099999986, 39.0239786 ], [ -76.466673, 38.98506829999998 ], [ -76.454848599999977, 38.983811 ], [ -76.4514746, 38.9985818 ], [ -76.441157099999984, 38.998786199999984 ], [ -76.431029299999977, 39.0037437 ], [ -76.4165904, 38.999947299999988 ], [ -76.4010955, 39.0166392 ], [ -76.408757699999981, 39.032099699999989 ], [ -76.436868, 39.048603099999987 ], [ -76.4520359, 39.052680699999982 ], [ -76.4659196, 39.0598175 ], [ -76.4899664, 39.063295599999989 ], [ -76.5164602, 39.073513 ], [ -76.5243024, 39.084397 ], [ -76.523331, 39.0879493 ], [ -76.4932903, 39.0820359 ], [ -76.4710144, 39.0854139 ], [ -76.4511482, 39.0928639 ], [ -76.4321294, 39.094167899999988 ], [ -76.435072299999987, 39.123915899999979 ], [ -76.4384164, 39.1257696 ], [ -76.4521071, 39.1252493 ], [ -76.4485199, 39.138015799999984 ], [ -76.476631599999976, 39.160438899999988 ], [ -76.50714379999998, 39.15163889999998 ], [ -76.509693, 39.153525 ], [ -76.508009, 39.160371 ], [ -76.511854299999982, 39.1636664 ], [ -76.528130799999985, 39.156869 ], [ -76.5350422, 39.156482 ], [ -76.5354523, 39.1626012 ], [ -76.526939099999979, 39.1679489 ], [ -76.5230029, 39.1744007 ], [ -76.5351997, 39.206231099999975 ], [ -76.5509818, 39.2143602 ], [ -76.573386499999984, 39.2213906 ], [ -76.5737251, 39.2244004 ], [ -76.566757899999985, 39.2290142 ], [ -76.5650834, 39.233528699999987 ], [ -76.5816483, 39.248412 ], [ -76.587552499999987, 39.250080699999977 ], [ -76.5980248, 39.247219699999988 ], [ -76.6061606, 39.2477022 ], [ -76.621005599999989, 39.2561308 ], [ -76.6232687, 39.262543599999979 ], [ -76.6074571, 39.261289399999974 ], [ -76.5882722, 39.2640467 ], [ -76.5871694, 39.2703651 ], [ -76.5954155, 39.2770065 ], [ -76.583462399999988, 39.2789436 ], [ -76.57412549999998, 39.2734542 ], [ -76.564646399999987, 39.2613016 ], [ -76.5431143, 39.2534519 ], [ -76.531174, 39.2432287 ], [ -76.511130099999988, 39.2344754 ], [ -76.50421919999998, 39.2373543 ], [ -76.493197299999977, 39.251549399999988 ], [ -76.481949199999988, 39.255134099999985 ], [ -76.481284899999977, 39.251041799999989 ], [ -76.4905345, 39.2381312 ], [ -76.4960613, 39.2239397 ], [ -76.495440799999983, 39.2093779 ], [ -76.489469899999989, 39.2063875 ], [ -76.4713084, 39.208240399999987 ], [ -76.462788, 39.2199593 ], [ -76.4571226, 39.2224297 ], [ -76.4455082, 39.2175619 ], [ -76.4456704, 39.2055195 ], [ -76.442060199999986, 39.2027394 ], [ -76.4355906, 39.2078012 ], [ -76.421712899999989, 39.2127778 ], [ -76.406246299999978, 39.226307899999988 ], [ -76.4037938, 39.2313384 ], [ -76.4208078, 39.2344803 ], [ -76.4429816, 39.2453183 ], [ -76.4561089, 39.272474 ], [ -76.4879008, 39.296924499999989 ], [ -76.4919084, 39.3034621 ], [ -76.4822268, 39.3036266 ], [ -76.4460325, 39.284777699999985 ], [ -76.430529799999988, 39.2561727 ], [ -76.4178714, 39.2512606 ], [ -76.406790199999989, 39.2534957 ], [ -76.4004177, 39.262264 ], [ -76.3975907, 39.272113399999988 ], [ -76.3885461, 39.2808118 ], [ -76.4011951, 39.2864554 ], [ -76.405667299999976, 39.2970427 ], [ -76.4223521, 39.3056878 ], [ -76.430810199999982, 39.313392199999981 ], [ -76.4307134, 39.3173843 ], [ -76.425103499999977, 39.3191214 ], [ -76.4124851, 39.317086399999987 ], [ -76.4041455, 39.3193749 ], [ -76.39611859999998, 39.3114606 ], [ -76.3778373, 39.3042296 ], [ -76.3718679, 39.309876 ], [ -76.3776297, 39.3185378 ], [ -76.3761965, 39.3210956 ], [ -76.3621603, 39.3215142 ], [ -76.3443873, 39.315233499999977 ], [ -76.3391216, 39.3172638 ], [ -76.343174, 39.3247822 ], [ -76.361861799999986, 39.330685699999989 ], [ -76.367041799999981, 39.3345421 ], [ -76.3603563, 39.345524299999987 ], [ -76.347288799999987, 39.3429088 ], [ -76.3402365, 39.346556 ], [ -76.3461963, 39.373053399999989 ], [ -76.3548046, 39.3768278 ], [ -76.373052099999981, 39.375398499999989 ], [ -76.3822849, 39.3784135 ], [ -76.3671043, 39.3934 ], [ -76.359939399999988, 39.3944626 ], [ -76.321259799999979, 39.3882569 ], [ -76.308452799999984, 39.3818885 ], [ -76.304680099999985, 39.3722881 ], [ -76.3060128, 39.35815119999998 ], [ -76.2960524, 39.3452507 ], [ -76.2920967, 39.3104037 ], [ -76.2855114, 39.306179899999989 ], [ -76.261985899999985, 39.340863 ], [ -76.267946, 39.3557247 ], [ -76.2794199, 39.3684203 ], [ -76.2711783, 39.3942558 ], [ -76.2749004, 39.4079303 ], [ -76.2585398, 39.414851399999989 ], [ -76.252567699999986, 39.427181 ], [ -76.2581821, 39.4380205 ], [ -76.2734514, 39.4419657 ], [ -76.2743164, 39.446142199999983 ], [ -76.254370899999984, 39.451525499999981 ], [ -76.2393, 39.462450499999989 ], [ -76.229239299999989, 39.462551299999987 ], [ -76.234723099999982, 39.4418682 ], [ -76.228664599999988, 39.4232937 ], [ -76.2418812, 39.4026707 ], [ -76.249098499999988, 39.376502599999988 ], [ -76.244004099999984, 39.3635472 ], [ -76.221055199999981, 39.356310599999986 ], [ -76.201674399999987, 39.3661671 ], [ -76.193059, 39.3778879 ], [ -76.196429599999988, 39.3810438 ], [ -76.2088891, 39.3841916 ], [ -76.2238699, 39.3844399 ], [ -76.225408399999978, 39.3917165 ], [ -76.2141932, 39.393175 ], [ -76.1959184, 39.3891142 ], [ -76.1758656, 39.3903884 ], [ -76.1604853, 39.4018612 ], [ -76.1352624, 39.4133694 ], [ -76.1070952, 39.4353336 ], [ -76.1004235, 39.4510781 ], [ -76.100041799999985, 39.4717698 ], [ -76.1097935, 39.4801688 ], [ -76.124719099999979, 39.4866597 ], [ -76.1285116, 39.4963515 ], [ -76.1166675, 39.5017105 ], [ -76.086574299999981, 39.5392879 ], [ -76.072618100000014, 39.545497 ], [ -76.0547299, 39.5488893 ], [ -76.0374421, 39.560871 ], [ -76.0257111, 39.5492198 ], [ -76.0158592, 39.5440693 ], [ -76.009757199999981, 39.5436078 ], [ -75.996062599999988, 39.5598811 ], [ -75.9737721, 39.5730619 ], [ -75.958532, 39.588338199999981 ], [ -75.952653900000016, 39.5890828 ], [ -75.953735199999983, 39.575046 ], [ -75.966252399999988, 39.5552149 ], [ -75.9671453, 39.5364257 ], [ -75.9817062, 39.5191074 ], [ -75.99676070000001, 39.473922 ], [ -76.004424900000018, 39.460443399999988 ], [ -76.0001632, 39.455156799999983 ], [ -75.960375, 39.485229 ], [ -75.936545299999977, 39.4999288 ], [ -75.926071199999981, 39.513118 ], [ -75.897465799999978, 39.520232799999988 ], [ -75.877615799999987, 39.544875599999983 ], [ -75.859808899999976, 39.5616475 ], [ -75.850507299999975, 39.578028599999982 ], [ -75.846321, 39.5792639 ], [ -75.841585, 39.567119699999985 ], [ -75.858838499999976, 39.542924599999985 ], [ -75.8735117, 39.5284895 ], [ -75.8714727, 39.5146626 ], [ -75.9112008, 39.5014696 ], [ -75.91955729999998, 39.492072199999974 ], [ -75.9134349, 39.4865712 ], [ -75.8897335, 39.4824383 ], [ -75.862147, 39.4648121 ], [ -75.845059, 39.4627 ], [ -75.8504154, 39.4563062 ], [ -75.8450262, 39.4495295 ], [ -75.859604499999989, 39.452889099999986 ], [ -75.883496499999978, 39.4667615 ], [ -75.895426599999979, 39.470959799999974 ], [ -75.904882299999983, 39.471359099999987 ], [ -75.9179041, 39.468363599999989 ], [ -75.931016499999984, 39.471069 ], [ -75.942706, 39.4702106 ], [ -75.952122899999978, 39.4592904 ], [ -75.9680077, 39.455346899999981 ], [ -75.9813647, 39.4389735 ], [ -75.995594399999987, 39.4271445 ], [ -75.9987181, 39.4202932 ], [ -75.998551299999988, 39.411006799999988 ], [ -76.024453, 39.404660799999988 ], [ -76.049824299999983, 39.3858859 ], [ -76.1057324, 39.3708672 ], [ -76.127769599999979, 39.3539863 ], [ -76.131578, 39.3436144 ], [ -76.1239565, 39.334452399999989 ], [ -76.0999266, 39.3270227 ], [ -76.0960043, 39.322987 ], [ -76.115508, 39.3235301 ], [ -76.131504499999977, 39.328046399999984 ], [ -76.1413177, 39.3230961 ], [ -76.1484541, 39.3298367 ], [ -76.1576888, 39.332481499999986 ], [ -76.1677111, 39.3298724 ], [ -76.177318, 39.3224179 ], [ -76.1811054, 39.3105759 ], [ -76.1662403, 39.290768599999979 ], [ -76.165881699999986, 39.2810538 ], [ -76.170025399999986, 39.2803162 ], [ -76.180369, 39.285539399999983 ], [ -76.193404399999977, 39.2795403 ], [ -76.2003709, 39.2644637 ], [ -76.1996787, 39.2512152 ], [ -76.2048854, 39.2528559 ], [ -76.211887199999978, 39.2598899 ], [ -76.217572499999989, 39.2582587 ], [ -76.228898899999976, 39.235899099999983 ], [ -76.269452799999982, 39.171798699999975 ], [ -76.274039799999983, 39.1583773 ], [ -76.2734425, 39.1520532 ], [ -76.2703097, 39.149955299999988 ], [ -76.2625588, 39.1514283 ], [ -76.2554199, 39.1576484 ], [ -76.2515109, 39.1551439 ], [ -76.249605599999981, 39.146634399999982 ], [ -76.254278499999984, 39.1398152 ], [ -76.243634299999982, 39.126288800000012 ], [ -76.242210200000017, 39.1115091 ], [ -76.2345476, 39.0915031 ], [ -76.231484399999985, 39.059216299999989 ], [ -76.2461634, 39.043277599999989 ], [ -76.2983332, 39.0383883 ], [ -76.3086655, 39.034107 ], [ -76.3191315, 39.01957 ], [ -76.324899899999977, 39.000109699999982 ], [ -76.334960199999983, 38.9853543 ], [ -76.3375859, 38.9758954 ], [ -76.349330199999983, 38.961913399999986 ], [ -76.3593464, 38.9414827 ], [ -76.3648852, 38.911527699999986 ], [ -76.3659088, 38.8761301 ], [ -76.3730217, 38.8535286 ], [ -76.3707713, 38.843167099999988 ], [ -76.3659121, 38.843031299999986 ], [ -76.3556486, 38.852606099999981 ], [ -76.3345019, 38.8658926 ], [ -76.3354347, 38.8815001 ], [ -76.3408513, 38.8937366 ], [ -76.3408843, 38.9115446 ], [ -76.3326643, 38.9173209 ], [ -76.3207576, 38.9177032 ], [ -76.318932099999984, 38.9285966 ], [ -76.3272393, 38.946300799999982 ], [ -76.318916199999975, 38.9492068 ], [ -76.3140983, 38.9581265 ], [ -76.3033108, 38.9597344 ], [ -76.3074959, 38.9301905 ], [ -76.3001794, 38.9176449 ], [ -76.2965203, 38.919868 ], [ -76.2860129, 38.9394646 ], [ -76.2731405, 38.937264 ], [ -76.2637757, 38.9284002 ], [ -76.258568299999979, 38.9268171 ], [ -76.2562974, 38.946790199999988 ], [ -76.263724, 38.9556138 ], [ -76.2459757, 38.9701646 ], [ -76.2259543, 38.9576921 ], [ -76.2257348, 38.955086099999981 ], [ -76.2320028, 38.951918 ], [ -76.231483199999985, 38.9480479 ], [ -76.211644, 38.9394177 ], [ -76.20421, 38.9208093 ], [ -76.20124749999998, 38.904723499999989 ], [ -76.193772, 38.8973529 ], [ -76.2027478, 38.8600965 ], [ -76.192405699999981, 38.8319288 ], [ -76.1928189, 38.8130688 ], [ -76.1819214, 38.8090011 ], [ -76.1866575, 38.7996293 ], [ -76.1854666, 38.7915646 ], [ -76.1749119, 38.7870351 ], [ -76.1661491, 38.779571 ], [ -76.1606834, 38.7786209 ], [ -76.1314657, 38.7968061 ], [ -76.124034, 38.807446 ], [ -76.117499299999977, 38.800723299999987 ], [ -76.12098469999998, 38.7924708 ], [ -76.144821099999987, 38.778408699999986 ], [ -76.175857099999988, 38.754240599999989 ], [ -76.2152035, 38.785459599999989 ], [ -76.222496599999985, 38.8109152 ], [ -76.2306729, 38.816272099999985 ], [ -76.2460679, 38.821074 ], [ -76.2616874, 38.8374916 ], [ -76.270048300000013, 38.842296299999987 ], [ -76.2836508, 38.830437499999988 ], [ -76.301887799999989, 38.8210447 ], [ -76.312688, 38.793955 ], [ -76.3278107, 38.7733087 ], [ -76.3381143, 38.7517159 ], [ -76.336280699999989, 38.726373699999975 ], [ -76.3426483, 38.707437 ], [ -76.343964, 38.6930363 ], [ -76.3405294, 38.6873943 ], [ -76.3291699, 38.6838895 ], [ -76.325512, 38.6872009 ], [ -76.3311601, 38.7084865 ], [ -76.3179698, 38.7302935 ], [ -76.3201566, 38.740139299999989 ], [ -76.3155916, 38.7501112 ], [ -76.314830499999985, 38.7648933 ], [ -76.3083399, 38.7713976 ], [ -76.2990491, 38.774892 ], [ -76.2940887, 38.7832256 ], [ -76.280111199999979, 38.7799851 ], [ -76.2766198, 38.7870918 ], [ -76.2763016, 38.7970407 ], [ -76.269688799999983, 38.7943238 ], [ -76.273018199999981, 38.77848 ], [ -76.2928095, 38.7645225 ], [ -76.2993356, 38.7547146 ], [ -76.2926021, 38.7220845 ], [ -76.280584399999981, 38.7190948 ], [ -76.279414399999979, 38.7271401 ], [ -76.2702969, 38.729474099999983 ], [ -76.2604367, 38.7363876 ], [ -76.263333300000014, 38.7391589 ], [ -76.2794622, 38.7409497 ], [ -76.282433399999988, 38.749156899999988 ], [ -76.268954499999978, 38.7494628 ], [ -76.2606403, 38.7553243 ], [ -76.252731899999986, 38.753674599999989 ], [ -76.248227599999979, 38.7555515 ], [ -76.248933699999981, 38.761223799999989 ], [ -76.2587266, 38.7754299 ], [ -76.2569223, 38.7888177 ], [ -76.252844699999983, 38.79378 ], [ -76.252310299999976, 38.782722 ], [ -76.247520099999988, 38.7723125 ], [ -76.2376101, 38.7678011 ], [ -76.2307894, 38.7710886 ], [ -76.2254543, 38.7706643 ], [ -76.22454089999998, 38.760246099999989 ], [ -76.22026649999998, 38.751181399999979 ], [ -76.2058176, 38.743106899999987 ], [ -76.1963769, 38.742626099999988 ], [ -76.192074799999986, 38.730109899999988 ], [ -76.2151539, 38.729223399999981 ], [ -76.229234799999986, 38.7346022 ], [ -76.2361333, 38.7175707 ], [ -76.230580199999977, 38.706467799999984 ], [ -76.220682, 38.709424599999984 ], [ -76.205326499999984, 38.7052403 ], [ -76.2146886, 38.696032099999982 ], [ -76.2076294, 38.668583499999983 ], [ -76.2459612, 38.628574799999988 ], [ -76.253095699999989, 38.6163434 ], [ -76.2676238, 38.6080529 ], [ -76.264999, 38.5990788 ], [ -76.2697288, 38.5838278 ], [ -76.2788039, 38.576661699999988 ], [ -76.291366399999987, 38.578516199999989 ], [ -76.2975015, 38.5728784 ], [ -76.2719311, 38.5491659 ], [ -76.2711469, 38.564931399999985 ], [ -76.2680904, 38.568673 ], [ -76.2602608, 38.554058599999983 ], [ -76.2553432, 38.5505297 ], [ -76.252130499999978, 38.5638796 ], [ -76.2455523, 38.5731161 ], [ -76.240333599999985, 38.5589765 ], [ -76.23312989999998, 38.5519581 ], [ -76.2253728, 38.5575511 ], [ -76.222768599999981, 38.571814 ], [ -76.203695600000017, 38.5722176 ], [ -76.1930306, 38.5642122 ], [ -76.186799099999988, 38.5664531 ], [ -76.1780984, 38.5740605 ], [ -76.172300099999987, 38.5753294 ], [ -76.1702108, 38.570760299999989 ], [ -76.1790231, 38.558649599999974 ], [ -76.2035191, 38.547835299999988 ], [ -76.202551399999976, 38.5389948 ], [ -76.189786, 38.5321229 ], [ -76.1525125, 38.535997199999983 ], [ -76.1461519, 38.5336554 ], [ -76.168928899999983, 38.5263126 ], [ -76.1759847, 38.5118899 ], [ -76.1847396, 38.5216629 ], [ -76.198389100000014, 38.524321699999987 ], [ -76.2125681, 38.5305882 ], [ -76.2193287, 38.5164259 ], [ -76.2316935, 38.519641899999989 ], [ -76.2478974, 38.517499099999988 ], [ -76.262065599999985, 38.4979337 ], [ -76.2772075, 38.4867438 ], [ -76.2896864, 38.4694212 ], [ -76.2932903, 38.473865799999984 ], [ -76.2866422, 38.4906933 ], [ -76.289723, 38.4973172 ], [ -76.323844399999984, 38.493358 ], [ -76.3290847, 38.4800781 ], [ -76.3240877, 38.4676756 ], [ -76.2837919, 38.413616299999987 ], [ -76.278712700000014, 38.3905714 ], [ -76.273037199999976, 38.3807817 ], [ -76.2490699, 38.3633344 ], [ -76.2380172, 38.3523785 ], [ -76.229838199999989, 38.3570596 ], [ -76.2294921, 38.3633344 ], [ -76.228120599999983, 38.3881902 ], [ -76.2193912, 38.3886742 ], [ -76.2158922, 38.3839645 ], [ -76.213790699999976, 38.3698956 ], [ -76.2013129, 38.3664541 ], [ -76.1958023, 38.3633344 ], [ -76.1843829, 38.3568688 ], [ -76.163731799999979, 38.3285027 ], [ -76.1677917, 38.3254749 ], [ -76.1833768, 38.3309468 ], [ -76.191579399999981, 38.325827599999975 ], [ -76.1927649, 38.3221884 ], [ -76.173999499999979, 38.3217336 ], [ -76.137894499999987, 38.3084054 ], [ -76.1359766, 38.3010428 ], [ -76.144658799999988, 38.285755 ], [ -76.1424532, 38.2813079 ], [ -76.1303083, 38.2841678 ], [ -76.1246177, 38.299433799999981 ], [ -76.118202299999979, 38.301279499999978 ], [ -76.1134787, 38.3000609 ], [ -76.108684, 38.290909 ], [ -76.087539299999989, 38.2795585 ], [ -76.083209799999977, 38.2746973 ], [ -76.093811599999981, 38.2563682 ], [ -76.0763295, 38.2491113 ], [ -76.0494048, 38.2259457 ], [ -76.0370175, 38.224093199999984 ], [ -76.0424539, 38.250070099999981 ], [ -76.039391, 38.2687009 ], [ -76.0317226, 38.2826461 ], [ -76.0527979, 38.3086541 ], [ -76.0409408, 38.3214097 ], [ -76.0199119, 38.335207 ], [ -76.0086279, 38.3613497 ], [ -76.0062874, 38.3633344 ], [ -75.9990015, 38.3695123 ], [ -75.9805486, 38.3633344 ], [ -75.9754495, 38.3616271 ], [ -75.9642755, 38.342480699999989 ], [ -75.9642514, 38.3313332 ], [ -75.974298299999987, 38.3213123 ], [ -76.0112819, 38.3058732 ], [ -75.9905176, 38.2819824 ], [ -75.979528799999983, 38.263742799999982 ], [ -75.961590699999988, 38.2474522 ], [ -75.962171099999978, 38.238639 ], [ -75.951296899999988, 38.2389955 ], [ -75.9348795, 38.245548 ], [ -75.9200466, 38.2460029 ], [ -75.899167800000015, 38.2331082 ], [ -75.8909819, 38.231269099999984 ], [ -75.887234699999979, 38.234326799999984 ], [ -75.88354219999998, 38.2450769 ], [ -75.875482699999978, 38.250461699999988 ], [ -75.856181, 38.230107 ], [ -75.8379243, 38.230693 ], [ -75.827315499999983, 38.2310335 ], [ -75.8226778, 38.2290711 ], [ -75.8272019, 38.2188638 ], [ -75.8379243, 38.213589299999988 ], [ -75.8644222, 38.200553199999987 ], [ -75.8803699, 38.1967955 ], [ -75.897081199999988, 38.1990408 ], [ -75.922482299999984, 38.1872062 ], [ -75.9399247, 38.184571399999982 ], [ -75.9461775, 38.174855 ], [ -75.939346199999989, 38.1654055 ], [ -75.948944099999977, 38.159854799999984 ], [ -75.9554578, 38.142322899999989 ], [ -75.9492768, 38.131403499999983 ], [ -75.931052699999981, 38.131182699999989 ], [ -75.9257692, 38.135534799999981 ], [ -75.930035299999986, 38.144490499999975 ], [ -75.9285642, 38.1477785 ], [ -75.9019131, 38.1440983 ], [ -75.8852028, 38.1464229 ], [ -75.8705752, 38.1385513 ], [ -75.8581307, 38.1436356 ], [ -75.8513425, 38.1511122 ], [ -75.844650299999984, 38.1481696 ], [ -75.8379243, 38.1502598 ], [ -75.819828799999982, 38.1502374 ], [ -75.8053781, 38.1444476 ], [ -75.7821313, 38.1585268 ], [ -75.7722272, 38.159588299999989 ], [ -75.7675745, 38.1575048 ], [ -75.782544899999976, 38.145254099999974 ], [ -75.781719200000012, 38.141054799999985 ], [ -75.7754673, 38.136474799999988 ], [ -75.776446, 38.1337199 ], [ -75.7870885, 38.1311511 ], [ -75.8127674, 38.1313178 ], [ -75.8306807, 38.1267701 ], [ -75.835816, 38.120063 ], [ -75.8379243, 38.100981 ], [ -75.843935, 38.098637599999989 ], [ -75.845887, 38.1042033 ], [ -75.848613799999981, 38.1050676 ], [ -75.860093400000011, 38.0953184 ], [ -75.8621532, 38.0843699 ], [ -75.852905299999989, 38.0731039 ], [ -75.8379243, 38.0712769 ], [ -75.826643199999978, 38.0699012 ], [ -75.8118594, 38.0642158 ], [ -75.7951323, 38.073985799999988 ], [ -75.789456, 38.085594699999987 ], [ -75.779185099999978, 38.0926641 ], [ -75.7677932, 38.094149099999989 ], [ -75.7606905, 38.089718399999988 ], [ -75.774722, 38.0844564 ], [ -75.774614899999989, 38.072684 ], [ -75.794942, 38.054267 ], [ -75.798685399999982, 38.0472481 ], [ -75.8108573, 38.0473693 ], [ -75.825823799999981, 38.0421446 ], [ -75.828056199999978, 38.0306467 ], [ -75.8379243, 38.0281841 ], [ -75.844233299999985, 38.0266096 ], [ -75.8557938, 38.034232099999983 ], [ -75.869055399999979, 38.0306463 ], [ -75.8694336, 38.0146134 ], [ -75.8776393, 38.0049006 ], [ -75.8913477, 37.978544299999989 ], [ -75.8824444, 37.973430499999985 ], [ -75.8752997, 37.9742956 ], [ -75.8698603, 37.980261599999984 ], [ -75.8673423, 37.9939874 ], [ -75.857538, 37.9971708 ], [ -75.863931199999982, 37.965692199999985 ], [ -75.8611968, 37.961884099999985 ], [ -75.8525112, 37.959507599999981 ], [ -75.871517099999977, 37.949320899999989 ], [ -75.886996, 37.9455742 ], [ -75.8927972, 37.9324218 ], [ -75.8902263, 37.9261612 ], [ -75.874499199999988, 37.9207464 ], [ -75.8635095, 37.921871 ], [ -75.858070599999976, 37.926953 ], [ -75.860372799999979, 37.9362812 ], [ -75.8498193, 37.935610699999984 ], [ -75.8420396, 37.9305186 ], [ -75.8379243, 37.9328418 ], [ -75.8238607, 37.9416868 ], [ -75.8217285, 37.9558483 ], [ -75.816782899999978, 37.9618399 ], [ -75.80193509999998, 37.9597054 ], [ -75.779558699999981, 37.9703975 ], [ -75.7542048, 37.972842399999983 ], [ -75.7434079, 37.980078399999989 ], [ -75.7353627, 37.9709243 ], [ -75.731011399999986, 37.9695818 ], [ -75.7161003, 37.9843839 ], [ -75.704945299999977, 37.975057899999982 ], [ -75.6947913, 37.9701228 ], [ -75.6627312, 37.960986 ], [ -75.6463221, 37.961425 ], [ -75.639853299999984, 37.955428099999985 ], [ -75.640185199999976, 37.9456762 ], [ -75.6470354, 37.9395191 ], [ -75.6754353, 37.9391026 ], [ -75.698732, 37.9319391 ], [ -75.7144396, 37.932501099999989 ], [ -75.7329974, 37.914925699999984 ], [ -75.73085, 37.9010464 ], [ -75.717573099999981, 37.9051633 ], [ -75.702063399999986, 37.902310599999986 ], [ -75.6713511, 37.9040217 ], [ -75.6851197, 37.893552599999985 ], [ -75.678123599999978, 37.8787205 ], [ -75.6861984, 37.8651769 ], [ -75.680073799999988, 37.8581809 ], [ -75.6684351, 37.8539274 ], [ -75.677172199999987, 37.8384589 ], [ -75.683843899999985, 37.8348894 ], [ -75.6886467, 37.835213 ], [ -75.6989389, 37.842762399999977 ], [ -75.7050021, 37.841606 ], [ -75.7075851, 37.828939 ], [ -75.719117499999982, 37.8115734 ], [ -75.716616399999978, 37.8049621 ], [ -75.7099971, 37.7992007 ], [ -75.709994799999976, 37.7944484 ], [ -75.722136799999987, 37.790859 ], [ -75.745820199999983, 37.7777001 ], [ -75.7568945, 37.788267 ], [ -75.7732429, 37.7908971 ], [ -75.7821827, 37.802055499999987 ], [ -75.7906307, 37.8017148 ], [ -75.797658, 37.796792499999988 ], [ -75.7979518, 37.7865826 ], [ -75.786303099999984, 37.776379 ], [ -75.7898897, 37.7671639 ], [ -75.7724456, 37.761134899999988 ], [ -75.7744587, 37.7529544 ], [ -75.788036, 37.752281499999981 ], [ -75.8007182, 37.7437844 ], [ -75.7927699, 37.728846499999989 ], [ -75.7818827, 37.716761399999982 ], [ -75.796682799999985, 37.7191912 ], [ -75.818089399999977, 37.716786899999988 ], [ -75.827494, 37.7129668 ], [ -75.8314687, 37.7072697 ], [ -75.834840299999982, 37.701640099999985 ], [ -75.8379243, 37.6989133 ], [ -75.8435084, 37.6939757 ], [ -75.8469704, 37.6832726 ], [ -75.8379243, 37.6782897 ], [ -75.8119769, 37.663995199999988 ], [ -75.8239555, 37.6606975 ], [ -75.8379243, 37.6656999 ], [ -75.8438208, 37.6666607 ], [ -75.867217599999989, 37.663243099999988 ], [ -75.8735577, 37.653238299999984 ], [ -75.8849921, 37.6478538 ], [ -75.885927399999986, 37.6359359 ], [ -75.8793947, 37.6259973 ], [ -75.864560699999984, 37.6258287 ], [ -75.8601048, 37.6223671 ], [ -75.8777167, 37.6049021 ], [ -75.891113699999977, 37.607902 ], [ -75.9028599, 37.614909 ], [ -75.9096687, 37.6135084 ], [ -75.916676699999982, 37.5993083 ], [ -75.906477299999978, 37.5809152 ], [ -75.9263446, 37.5787361 ], [ -75.9351514, 37.5689624 ], [ -75.9354006, 37.5621954 ], [ -75.930582399999977, 37.559288699999989 ], [ -75.901347099999981, 37.558647499999985 ], [ -75.8583232, 37.551951 ], [ -75.876471, 37.5480139 ], [ -75.900797499999982, 37.550220299999985 ], [ -75.9227806, 37.5486668 ], [ -75.9406152, 37.5337991 ], [ -75.954582499999987, 37.5050319 ], [ -75.9548954, 37.480490599999975 ], [ -75.945028399999984, 37.4807546 ], [ -75.9271445, 37.490202499999988 ], [ -75.90493069999998, 37.5099903 ], [ -75.8998759, 37.4989935 ], [ -75.9090432, 37.490757 ], [ -75.910241899999988, 37.4835568 ], [ -75.9300797, 37.4788532 ], [ -75.9328256, 37.464433299999982 ], [ -75.9503102, 37.4681363 ], [ -75.9573747, 37.4659875 ], [ -75.962135299999986, 37.4612449 ], [ -75.9778989, 37.4358454 ], [ -75.9794346, 37.4195817 ], [ -75.96851190000001, 37.4188985 ], [ -75.951304399999984, 37.42750969999998 ], [ -75.947588099999976, 37.4214714 ], [ -75.965188, 37.4087269 ], [ -75.9657908, 37.4004135 ], [ -75.9625608, 37.390992299999986 ], [ -75.979013, 37.3823619 ], [ -75.9811466, 37.3667222 ], [ -75.9929792, 37.3576912 ], [ -76.0135357, 37.323924 ], [ -76.0115319, 37.313238 ], [ -75.9909031, 37.3267356 ], [ -75.987117599999976, 37.325771899999985 ], [ -75.984773499999989, 37.321126 ], [ -75.98723769999998, 37.312138299999987 ], [ -76.0001961, 37.304734899999985 ], [ -76.008927199999988, 37.295752 ], [ -76.0095372, 37.2805599 ], [ -76.0178199, 37.2709653 ], [ -76.0214993, 37.2580763 ], [ -76.016681599999984, 37.244389799999986 ], [ -76.0109387, 37.239225 ], [ -76.0043984, 37.2394308 ], [ -75.996522199999987, 37.2460616 ], [ -75.992777199999978, 37.2452439 ], [ -75.993239899999978, 37.234247 ], [ -76.008021199999988, 37.2239079 ], [ -76.010156299999977, 37.206026299999984 ], [ -76.004725099999987, 37.1939504 ], [ -75.9791859, 37.157787599999985 ], [ -75.9642845, 37.121387399999989 ], [ -75.9566895, 37.124023 ], [ -75.9456241, 37.1349027 ], [ -75.946717300000017, 37.147135 ], [ -75.932633299999978, 37.24524 ], [ -75.9193381, 37.2863037 ], [ -75.910129199999986, 37.327069 ], [ -75.8820167, 37.381946 ], [ -75.865573199999986, 37.4029331 ], [ -75.8591959, 37.417199099999984 ], [ -75.845544799999985, 37.4309365 ], [ -75.8379243, 37.451431899999989 ], [ -75.8234318, 37.4661015 ], [ -75.816119599999979, 37.481686 ], [ -75.8153123, 37.4895171 ], [ -75.80401759999998, 37.5016051 ], [ -75.7996385, 37.5161113 ], [ -75.789994299999989, 37.5181788 ], [ -75.7807655, 37.5232588 ], [ -75.7594316, 37.5455687 ], [ -75.7492067, 37.5642173 ], [ -75.7395992, 37.569988 ], [ -75.7581928, 37.5290566 ], [ -75.783719799999986, 37.4986638 ], [ -75.784901, 37.4894427 ], [ -75.766080199999976, 37.503844199999989 ], [ -75.694868899999989, 37.5939647 ], [ -75.684275899999989, 37.6145821 ], [ -75.6826029, 37.6287727 ], [ -75.676760799999983, 37.6318702 ], [ -75.6679975, 37.627328 ], [ -75.6605253, 37.6342141 ], [ -75.616891799999976, 37.689762599999987 ], [ -75.6073343, 37.707269699999983 ], [ -75.570845, 37.7611277 ], [ -75.565907899999985, 37.7722319 ], [ -75.546144099999978, 37.794194599999983 ], [ -75.5283338, 37.8236385 ], [ -75.508714599999976, 37.8479416 ], [ -75.4982254, 37.8510167 ], [ -75.490845099999987, 37.844942499999981 ], [ -75.4963227, 37.8269871 ], [ -75.4780355, 37.8415112 ], [ -75.4581509, 37.8583006 ], [ -75.4285132, 37.87645 ], [ -75.4287155, 37.8847053 ], [ -75.440642799999978, 37.8820592 ], [ -75.47119450000001, 37.8621451 ], [ -75.4780355, 37.8626444 ], [ -75.4882968, 37.8633935 ], [ -75.4944806, 37.8677037 ], [ -75.479623499999988, 37.8992946 ], [ -75.4780355, 37.9010713 ], [ -75.4711009, 37.9088299 ], [ -75.4635831, 37.9104393 ], [ -75.460464099999982, 37.9068977 ], [ -75.4777502, 37.8857472 ], [ -75.47790879999998, 37.881315 ], [ -75.474597499999987, 37.878826299999979 ], [ -75.4504437, 37.8941132 ], [ -75.440741399999979, 37.905324199999988 ], [ -75.4202412, 37.9153534 ], [ -75.420691199999979, 37.9189617 ], [ -75.4302679, 37.9271014 ], [ -75.4262657, 37.9406148 ], [ -75.4331159, 37.9579863 ], [ -75.428612199999989, 37.9773702 ], [ -75.3994529, 38.0006094 ], [ -75.384512399999977, 38.0091205 ], [ -75.376219799999987, 38.0295207 ], [ -75.361467599999983, 38.0375428 ], [ -75.3553036, 38.0575675 ], [ -75.360955600000011, 38.0732312 ], [ -75.356901199999982, 38.0796539 ], [ -75.341409099999979, 38.0872713 ], [ -75.3318352, 38.1018798 ], [ -75.3173064, 38.102535499999988 ], [ -75.307941699999986, 38.1073959 ], [ -75.303606299999984, 38.1032643 ], [ -75.2969608, 38.1058892 ], [ -75.2905285, 38.136352699999989 ], [ -75.283519599999977, 38.149338 ], [ -75.2692668, 38.164365599999989 ], [ -75.259121799999988, 38.1897865 ], [ -75.25736449999998, 38.2037154 ], [ -75.2477347, 38.2143548 ], [ -75.2399804, 38.2305827 ], [ -75.226685899999978, 38.241191199999989 ], [ -75.2242013, 38.253765699999988 ], [ -75.2184632, 38.2576302 ], [ -75.207795199999978, 38.2595119 ], [ -75.201876, 38.26745 ], [ -75.190253499999983, 38.2687293 ], [ -75.176304199999976, 38.2863433 ], [ -75.166819, 38.2852159 ], [ -75.173554299999978, 38.2597292 ], [ -75.1821137, 38.2528603 ], [ -75.185923499999987, 38.2445904 ], [ -75.194884399999978, 38.2361685 ], [ -75.197526, 38.2209025 ], [ -75.1931228, 38.2160327 ], [ -75.185063899999989, 38.230453 ], [ -75.1647936, 38.2393621 ], [ -75.15718050000001, 38.245226899999984 ], [ -75.1424893, 38.2709285 ], [ -75.1387298, 38.2883723 ], [ -75.129319900000013, 38.2986394 ], [ -75.1183959, 38.3057756 ], [ -75.110693799999979, 38.319459699999982 ], [ -75.100115599999981, 38.3288653 ], [ -75.0980317, 38.3440867 ], [ -75.10212079999998, 38.351538499999975 ], [ -75.1209083, 38.3567302 ], [ -75.1311801, 38.3488434 ], [ -75.138692599999985, 38.3540163 ], [ -75.1334492, 38.3633344 ], [ -75.1321441, 38.3656534 ], [ -75.135347, 38.3728055 ], [ -75.1287523, 38.379997699999976 ], [ -75.132758, 38.3904323 ], [ -75.1573793, 38.4035183 ], [ -75.1762391, 38.4051671 ], [ -75.1819577, 38.4077911 ], [ -75.1710953, 38.413278199999986 ], [ -75.1090752, 38.4083919 ], [ -75.1193578, 38.4237589 ], [ -75.1226064, 38.440664199999986 ], [ -75.1018707, 38.442604599999989 ], [ -75.0929049, 38.4505274 ], [ -75.090330399999985, 38.4582998 ], [ -75.0755813, 38.464184599999989 ], [ -75.0776829, 38.4741005 ], [ -75.090234799999976, 38.4845001 ], [ -75.071483700000016, 38.488994399999989 ], [ -75.0717412, 38.4962059 ], [ -75.0857459, 38.5032019 ], [ -75.073200899999989, 38.5095369 ], [ -75.0624066, 38.508510799999982 ], [ -75.0571296, 38.499866799999985 ], [ -75.055400299999988, 38.4695144 ], [ -75.0599699, 38.4590342 ], [ -75.0701167, 38.452984 ], [ -75.0643888, 38.430693099999985 ], [ -75.0661231, 38.3995244 ], [ -75.074924, 38.3703104 ], [ -75.0789114, 38.3633344 ], [ -75.081522499999977, 38.3577497 ], [ -75.0812668, 38.3478187 ], [ -75.0716954, 38.3633344 ], [ -75.056490199999985, 38.4088846 ], [ -75.0504922, 38.4522489 ], [ -75.054057299999982, 38.5412532 ], [ -75.063118099999983, 38.6004271 ], [ -75.066619899999978, 38.5989378 ], [ -75.0660445, 38.587979 ], [ -75.0699943, 38.5833449 ], [ -75.096964, 38.578937 ], [ -75.1163962, 38.5885634 ], [ -75.1339902, 38.5904295 ], [ -75.1491357, 38.585066 ], [ -75.1619154, 38.5760591 ], [ -75.1943098, 38.565428399999988 ], [ -75.199234799999985, 38.5674285 ], [ -75.191159499999983, 38.57475250000001 ], [ -75.1906327, 38.5817922 ], [ -75.2122844, 38.5896832 ], [ -75.204107799999989, 38.5936958 ], [ -75.1776311, 38.5969821 ], [ -75.152540399999978, 38.611184899999984 ], [ -75.1277028, 38.6163184 ], [ -75.1182626, 38.6209055 ], [ -75.104502299999979, 38.6221623 ], [ -75.110049899999979, 38.628041199999984 ], [ -75.1465328, 38.6383413 ], [ -75.1650714, 38.6558523 ], [ -75.1629362, 38.6578174 ], [ -75.1565625, 38.6575223 ], [ -75.1395438, 38.65005 ], [ -75.134359299999986, 38.6507311 ], [ -75.1354759, 38.671430600000015 ], [ -75.1431546, 38.687529599999984 ], [ -75.1410406, 38.691516399999976 ], [ -75.124845099999987, 38.688314399999975 ], [ -75.0820902, 38.6899839 ], [ -75.0687663, 38.647823 ], [ -75.070620499999976, 38.6894233 ], [ -75.0806332, 38.7581288 ], [ -75.0909942, 38.7955026 ], [ -75.095159799999976, 38.797983299999984 ], [ -75.1001612, 38.791095299999981 ], [ -75.112138099999981, 38.785113299999985 ], [ -75.135866299999989, 38.7842133 ], [ -75.16263069999998, 38.7922198 ], [ -75.1949817, 38.812927599999981 ], [ -75.306026699999975, 38.9192816 ], [ -75.314254299999988, 38.935179 ], [ -75.3129924, 38.9607365 ], [ -75.315591400000017, 38.9764167 ], [ -75.3294682, 39.0021309 ], [ -75.3498744, 39.0250609 ], [ -75.3933492, 39.0567024 ], [ -75.398344200000011, 39.061857 ], [ -75.4013171, 39.0666831 ], [ -75.4011894, 39.0968711 ], [ -75.4083067, 39.1256 ], [ -75.4109422, 39.1622228 ], [ -75.3984362, 39.189168099999989 ], [ -75.3966119, 39.202034399999988 ], [ -75.4038375, 39.2259278 ], [ -75.4075841, 39.259133299999988 ], [ -75.4317873, 39.2888601 ], [ -75.439688599999982, 39.311957799999988 ], [ -75.461964299999977, 39.3284327 ], [ -75.490453, 39.3443722 ], [ -75.495434800000012, 39.354118599999985 ], [ -75.5125541, 39.367552 ], [ -75.525368899999975, 39.3934603 ], [ -75.538959099999985, 39.4114248 ], [ -75.570421599999989, 39.4367487 ], [ -75.5885435, 39.4619005 ], [ -75.5902083, 39.4861741 ], [ -75.5859813, 39.4977058 ], [ -75.5732154, 39.5164738 ], [ -75.5651687, 39.5593287 ], [ -75.590696, 39.5827352 ], [ -75.6054531, 39.591962 ], [ -75.607005199999989, 39.5944557 ], [ -75.6129196, 39.603957699999981 ], [ -75.613575099999977, 39.615412899999988 ], [ -75.609701, 39.625009899999981 ], [ -75.607005199999989, 39.6280165 ], [ -75.5897862, 39.646824899999984 ], [ -75.558513, 39.662019699999988 ], [ -75.5258548, 39.6961409 ], [ -75.499501399999986, 39.7450195 ], [ -75.4668996, 39.786226299999988 ], [ -75.438622399999986, 39.8016867 ], [ -75.4133385, 39.8111063 ], [ -75.3933492, 39.82247 ], [ -75.3584708, 39.8422936 ], [ -75.3151407, 39.8599903 ], [ -75.265236199999975, 39.8579108 ], [ -75.2574381, 39.855186899999985 ], [ -75.256937299999976, 39.8511192 ], [ -75.2736997, 39.841791199999989 ], [ -75.2972813, 39.8432859 ], [ -75.314839699999979, 39.8406264 ], [ -75.3706411, 39.8186831 ], [ -75.3909007, 39.800920499999989 ], [ -75.3933492, 39.799819299999982 ], [ -75.4322057, 39.7823403 ], [ -75.452203699999984, 39.7691817 ], [ -75.4732601, 39.7372936 ], [ -75.478596099999976, 39.718064 ], [ -75.4891152, 39.711648099999984 ], [ -75.507252399999985, 39.693963399999987 ], [ -75.517367, 39.666147399999986 ], [ -75.5338674, 39.6486299 ], [ -75.567318699999987, 39.6258483 ], [ -75.560144499999979, 39.607007 ], [ -75.5416884, 39.5962101 ], [ -75.526293, 39.594967499999989 ], [ -75.523759699999985, 39.5874428 ], [ -75.512943, 39.572792399999983 ], [ -75.515189899999982, 39.563389199999989 ], [ -75.529292199999986, 39.5420981 ], [ -75.527614, 39.497875499999985 ], [ -75.531497, 39.4930546 ], [ -75.540531099999981, 39.4905535 ], [ -75.5407083, 39.4710001 ], [ -75.534801899999977, 39.4638143 ], [ -75.510490399999981, 39.4576558 ], [ -75.4658132, 39.4370821 ], [ -75.4320793, 39.3945633 ], [ -75.403297099999989, 39.3807507 ], [ -75.3933492, 39.366975699999983 ], [ -75.3795545, 39.356413 ], [ -75.3664105, 39.354914099999988 ], [ -75.355241799999988, 39.3680659 ], [ -75.351043699999977, 39.3789165 ], [ -75.335068, 39.381808 ], [ -75.348220699999985, 39.374764299999988 ], [ -75.3534742, 39.3532661 ], [ -75.3189901, 39.3406281 ], [ -75.3209468, 39.3321886 ], [ -75.3187651, 39.3226869 ], [ -75.3111831, 39.3111598 ], [ -75.298486899999986, 39.3014039 ], [ -75.288030599999985, 39.3002064 ], [ -75.2759085, 39.308772799999986 ], [ -75.2501665, 39.295141199999989 ], [ -75.2345156, 39.2740161 ], [ -75.208886699999979, 39.2621438 ], [ -75.181434299999978, 39.2428102 ], [ -75.165161199999986, 39.2186376 ], [ -75.160497699999979, 39.202016299999983 ], [ -75.143477, 39.189457499999982 ], [ -75.1314957, 39.1921 ], [ -75.1093404, 39.2181229 ], [ -75.0773994, 39.2141046 ], [ -75.0548599, 39.2163286 ], [ -75.039552700000016, 39.2214798 ], [ -75.0190263, 39.2369957 ], [ -75.007517, 39.252149 ], [ -75.0002662, 39.2575102 ], [ -74.995703, 39.2695735 ], [ -74.984377899999984, 39.2743081 ], [ -74.993982199999977, 39.2646374 ], [ -74.997031499999977, 39.254934399999989 ], [ -75.0111466, 39.2419756 ], [ -75.0127047, 39.228699599999985 ], [ -75.022273399999989, 39.2112772 ], [ -75.021667599999986, 39.1974309 ], [ -75.0020017, 39.192932899999988 ], [ -74.9733707, 39.1940629 ], [ -74.951376599999989, 39.1900052 ], [ -74.940474699999982, 39.1956694 ], [ -74.9326666, 39.1969578 ], [ -74.9098243, 39.1816667 ], [ -74.892467199999984, 39.1805573 ], [ -74.8847267, 39.1731109 ], [ -74.8873664, 39.1411712 ], [ -74.89541269999998, 39.1059603 ], [ -74.9497881, 39.0123061 ], [ -74.9607938, 38.977994699999989 ], [ -74.9677025, 38.939855 ], [ -74.9562049, 38.931785 ], [ -74.9246326, 38.9300523 ], [ -74.8830824, 38.9417262 ], [ -74.8789106, 38.943980499999988 ], [ -74.8793229, 38.9462345 ], [ -74.8960195, 38.9475088 ], [ -74.8989581, 38.9508106 ], [ -74.8797184, 38.9569623 ], [ -74.871262299999984, 38.9717433 ], [ -74.853136, 38.979839399999989 ], [ -74.8445208, 38.9806716 ], [ -74.8413237, 38.9785422 ], [ -74.841836, 38.975931899999985 ], [ -74.854165, 38.9723835 ], [ -74.8686771, 38.95724 ], [ -74.8674417, 38.9503159 ], [ -74.857823, 38.9473176 ], [ -74.8061169, 38.984552 ], [ -74.7924026, 38.9984727 ], [ -74.7956371, 39.0180741 ], [ -74.8035138, 39.0250637 ], [ -74.8068177, 39.023748 ], [ -74.8084151, 39.0173783 ], [ -74.8184298, 39.0175106 ], [ -74.8103776, 39.012821799999983 ], [ -74.817313299999981, 39.0050526 ], [ -74.83894309999998, 38.998572 ], [ -74.8466784, 39.002412299999989 ], [ -74.8483349, 39.007488699999989 ], [ -74.842012399999987, 39.0147008 ], [ -74.826668899999987, 39.015727 ], [ -74.8101481, 39.0331915 ], [ -74.8116714, 39.039039299999985 ], [ -74.821804, 39.045217 ], [ -74.8246863, 39.0501047 ], [ -74.8226349, 39.056204099999988 ], [ -74.814625299999989, 39.0642393 ], [ -74.797496, 39.0701202 ], [ -74.7795325, 39.0623134 ], [ -74.771380099999988, 39.063240799999981 ], [ -74.775455, 39.0786875 ], [ -74.7891482, 39.090954 ], [ -74.786477600000012, 39.1005194 ], [ -74.77305819999998, 39.106859 ], [ -74.746739, 39.1063991 ], [ -74.7342959, 39.1127602 ], [ -74.724169799999984, 39.1218837 ], [ -74.721607799999987, 39.1323017 ], [ -74.7397962, 39.1428667 ], [ -74.7423997, 39.147731 ], [ -74.739012599999981, 39.1517611 ], [ -74.7313176, 39.1535648 ], [ -74.715214699999976, 39.148042599999989 ], [ -74.7128636, 39.1300705 ], [ -74.7085779, 39.1283336 ], [ -74.6667967, 39.1877056 ], [ -74.673259799999983, 39.186914099999981 ], [ -74.69434219999998, 39.1707031 ], [ -74.702191, 39.1734997 ], [ -74.7017099, 39.1877943 ], [ -74.6770862, 39.2045971 ], [ -74.66631, 39.216526699999989 ], [ -74.6554953, 39.2148142 ], [ -74.6405488, 39.2165551 ], [ -74.5970961, 39.2566607 ], [ -74.566186, 39.276426699999988 ], [ -74.5566792, 39.2864273 ], [ -74.556136399999986, 39.290765499999985 ], [ -74.559161599999982, 39.2924341 ], [ -74.5860609, 39.284979399999983 ], [ -74.6137423, 39.263956 ], [ -74.623281599999984, 39.2604988 ], [ -74.6258181, 39.2682138 ], [ -74.621918399999984, 39.2815931 ], [ -74.629712, 39.2959704 ], [ -74.6285749, 39.3078183 ], [ -74.5684606, 39.3089352 ], [ -74.564853599999978, 39.3139256 ], [ -74.5652945, 39.3272705 ], [ -74.562472799999981, 39.3347329 ], [ -74.5525499, 39.342565699999987 ], [ -74.540783699999977, 39.3449715 ], [ -74.5246963, 39.3582337 ], [ -74.5213501, 39.364531299999989 ], [ -74.5207912, 39.3749949 ], [ -74.514206499999986, 39.3805239 ], [ -74.5044396, 39.3800515 ], [ -74.494989799999985, 39.375378 ], [ -74.48693, 39.360317199999983 ], [ -74.4680758, 39.365372099999988 ], [ -74.4595426, 39.361962399999989 ], [ -74.484253, 39.3533319 ], [ -74.5022338, 39.3434044 ], [ -74.5129247, 39.3204864 ], [ -74.429824899999986, 39.3542453 ], [ -74.414638399999987, 39.3650081 ], [ -74.416189, 39.3719036 ], [ -74.4255895, 39.3802303 ], [ -74.442376, 39.3878411 ], [ -74.450442199999983, 39.395091699999988 ], [ -74.477331899999982, 39.3967468 ], [ -74.4859383, 39.4042173 ], [ -74.4813834, 39.4154856 ], [ -74.4677053, 39.4263213 ], [ -74.4574661, 39.443494 ], [ -74.441777, 39.4545511 ], [ -74.4269273, 39.4501987 ], [ -74.410354499999983, 39.427512 ], [ -74.4039305, 39.429593799999985 ], [ -74.39874, 39.4442036 ], [ -74.403540899999982, 39.455427 ], [ -74.4007621, 39.4655402 ], [ -74.4056414, 39.4785294 ], [ -74.402059199999982, 39.480371 ], [ -74.3906166, 39.4792249 ], [ -74.387021899999979, 39.4829909 ], [ -74.4094274, 39.509384599999983 ], [ -74.416254299999977, 39.5425518 ], [ -74.4248634, 39.548870399999984 ], [ -74.4380906, 39.5434841 ], [ -74.4475775, 39.5508137 ], [ -74.462234599999988, 39.550491699999988 ], [ -74.4925054, 39.5558799 ], [ -74.5111345, 39.5673219 ], [ -74.529401399999983, 39.5727305 ], [ -74.551838599999982, 39.5931913 ], [ -74.547657699999988, 39.593001099999988 ], [ -74.52356039999998, 39.5758078 ], [ -74.5007444, 39.5689832 ], [ -74.474985299999986, 39.557279 ], [ -74.4604681, 39.554786699999987 ], [ -74.444894, 39.5576553 ], [ -74.417416, 39.5573541 ], [ -74.38275419999998, 39.5434559 ], [ -74.373405699999978, 39.5462542 ], [ -74.362995, 39.5562079 ], [ -74.346431699999982, 39.5643435 ], [ -74.3036663, 39.601253599999986 ], [ -74.285903099999985, 39.609697499999982 ], [ -74.266972199999984, 39.6120274 ], [ -74.24869769999998, 39.641672299999989 ], [ -74.2202856, 39.650390299999977 ], [ -74.211929399999988, 39.6683879 ], [ -74.197424899999987, 39.6762047 ], [ -74.1935264, 39.685394099999989 ], [ -74.1857076, 39.6891355 ], [ -74.1853798, 39.694497299999988 ], [ -74.167277799999979, 39.708137199999989 ], [ -74.172787, 39.719129099999989 ], [ -74.1699036, 39.7273048 ], [ -74.1708748, 39.734921 ], [ -74.191781299999988, 39.7500347 ], [ -74.190180699999985, 39.7673348 ], [ -74.1803864, 39.794840099999988 ], [ -74.166806799999989, 39.8153169 ], [ -74.163062799999977, 39.8254402 ], [ -74.150298800000016, 39.8374811 ], [ -74.136659, 39.8568642 ], [ -74.136932899999977, 39.863983499999982 ], [ -74.142705, 39.8732534 ], [ -74.13137279999998, 39.9005678 ], [ -74.112284500000015, 39.9233519 ], [ -74.1721607, 39.939257899999987 ], [ -74.179603, 39.9442594 ], [ -74.164831899999982, 39.9465447 ], [ -74.1376085, 39.941783499999985 ], [ -74.118437899999989, 39.948802199999989 ], [ -74.114407299999982, 39.9561649 ], [ -74.116942400000013, 39.969245199999989 ], [ -74.1396752, 39.9975376 ], [ -74.114084099999985, 40.0067352 ], [ -74.114537299999981, 40.0127376 ], [ -74.122921600000012, 40.0207318 ], [ -74.1216491, 40.024469599999989 ], [ -74.114536399999977, 40.0250129 ], [ -74.101062, 40.0176552 ], [ -74.0888903, 40.016676 ], [ -74.0645788, 40.038210199999988 ], [ -74.063472599999983, 40.04331089999998 ], [ -74.0681395, 40.0470022 ], [ -74.1089974, 40.0507366 ], [ -74.116297299999985, 40.0536285 ], [ -74.1178276, 40.0568259 ], [ -74.0880913, 40.0565569 ], [ -74.0552811, 40.0607656 ], [ -74.0510652, 40.0550971 ], [ -74.0531743, 40.0401344 ], [ -74.060677199999986, 40.0242071 ], [ -74.0631089, 40.0097081 ], [ -74.0717188, 39.994617399999989 ], [ -74.0771365, 39.970677899999977 ], [ -74.085984099999976, 39.952212 ], [ -74.080894299999983, 39.927399099999988 ], [ -74.0868795, 39.9002468 ], [ -74.086911699999987, 39.8745397 ], [ -74.1027108, 39.7777747 ], [ -74.099474499999985, 39.7753154 ], [ -74.0600779, 39.991134099999989 ], [ -74.046366, 40.049822899999981 ], [ -74.027666299999979, 40.129237399999987 ], [ -73.9962253, 40.229343899999989 ], [ -73.973529, 40.3348302 ], [ -73.9721416, 40.3676686 ], [ -73.9751557, 40.404077599999987 ], [ -73.9881556, 40.4560076 ], [ -74.003916299999986, 40.4751925 ], [ -74.013058699999988, 40.4749744 ], [ -74.014937199999977, 40.4714758 ], [ -73.9957205, 40.4443047 ], [ -73.9914944, 40.4296756 ], [ -73.9831001, 40.4150958 ], [ -73.9787685, 40.3763701 ], [ -74.0163453, 40.3753592 ], [ -74.046366, 40.3652101 ], [ -74.0622835, 40.3563093 ], [ -74.0720141, 40.3551292 ], [ -74.072859799999989, 40.3570097 ], [ -74.0622876, 40.366156499999988 ], [ -74.046366, 40.3726635 ], [ -74.0259102, 40.3810226 ], [ -74.015322699999984, 40.3875651 ], [ -73.986354, 40.387432499999981 ], [ -73.9828447, 40.394308099999982 ], [ -73.9854948, 40.4015632 ], [ -73.992096899999979, 40.4051597 ], [ -74.046366, 40.4198386 ], [ -74.0892928, 40.4383987 ], [ -74.129299899999978, 40.452677199999982 ], [ -74.1575844, 40.449615 ], [ -74.177675, 40.4532945 ], [ -74.1940935, 40.443953299999983 ], [ -74.2076634, 40.4419858 ], [ -74.2196536, 40.4499786 ], [ -74.257281699999979, 40.4658792 ], [ -74.275443199999984, 40.486656 ], [ -74.2966624, 40.501068299999986 ], [ -74.311490399999983, 40.498858799999987 ], [ -74.3313636, 40.4852671 ], [ -74.3429245, 40.485141 ], [ -74.3214168, 40.500927699999984 ], [ -74.305604799999983, 40.508176399999989 ], [ -74.292045, 40.5081464 ], [ -74.275453899999988, 40.5024304 ], [ -74.2644972, 40.5062815 ], [ -74.2536816, 40.5234081 ], [ -74.2501031, 40.548966099999987 ], [ -74.2388018, 40.5569347 ], [ -74.2225505, 40.5624405 ], [ -74.2162626, 40.568928399999983 ], [ -74.2025942, 40.6037689 ], [ -74.20416, 40.6195217 ], [ -74.2013874, 40.6252652 ], [ -74.1971456, 40.604395599999989 ], [ -74.204451799999987, 40.5862236 ], [ -74.2043239, 40.572684399999986 ], [ -74.2150477, 40.5582026 ], [ -74.2299688, 40.554319899999989 ], [ -74.244478, 40.5451308 ], [ -74.2422406, 40.5210233 ], [ -74.2509123, 40.513466799999982 ], [ -74.2537176, 40.506170099999984 ], [ -74.2480802, 40.498123899999989 ], [ -74.2229144, 40.502575299999975 ], [ -74.206482, 40.5106433 ], [ -74.1933008, 40.512643 ], [ -74.1817387, 40.5197637 ], [ -74.1533015, 40.5313834 ], [ -74.1372647, 40.5446207 ], [ -74.1210263, 40.5446594 ], [ -74.1039404, 40.5553215 ], [ -74.055508800000013, 40.598634899999986 ], [ -74.0557308, 40.6066871 ], [ -74.0709556, 40.6244763 ], [ -74.071698099999978, 40.6420113 ], [ -74.079414599999978, 40.6471071 ], [ -74.151154799999986, 40.6382834 ], [ -74.1784749, 40.643408699999988 ], [ -74.1909761, 40.63935 ], [ -74.182658, 40.6469284 ], [ -74.1475604, 40.666432699999987 ], [ -74.1449023, 40.672803699999989 ], [ -74.145770099999979, 40.6834384 ], [ -74.126197699999977, 40.6994692 ], [ -74.1198226, 40.723607799999989 ], [ -74.106717899999978, 40.723904799999985 ], [ -74.0844073, 40.743249099999986 ], [ -74.0844079, 40.7465124 ], [ -74.0913466, 40.7517722 ], [ -74.0928784, 40.756897 ], [ -74.0861214, 40.7830193 ], [ -74.073024899999979, 40.7980864 ], [ -74.046366, 40.8099457 ], [ -74.0392264, 40.813034099999989 ], [ -74.0332938, 40.8211367 ], [ -74.0321344, 40.8141643 ], [ -74.0371873, 40.8016578 ], [ -74.0418998, 40.799061699999982 ], [ -74.046366, 40.800609299999984 ], [ -74.049481399999976, 40.802319799999985 ], [ -74.0597743, 40.8012884 ], [ -74.071439, 40.794295399999989 ], [ -74.0840165, 40.7805484 ], [ -74.0896989, 40.7570656 ], [ -74.0806554, 40.750033199999983 ], [ -74.0790548, 40.7446557 ], [ -74.0988997, 40.7227524 ], [ -74.105156399999984, 40.7114828 ], [ -74.108291899999983, 40.694495199999984 ], [ -74.1389705, 40.653468 ], [ -74.1366205, 40.646183099999988 ], [ -74.124944599999978, 40.646445299999989 ], [ -74.094146399999985, 40.6533667 ], [ -74.090942, 40.664261599999989 ], [ -74.0809542, 40.6668005 ], [ -74.0749445, 40.6738726 ], [ -74.0695326, 40.6891647 ], [ -74.0524193, 40.6961532 ], [ -74.046366, 40.700979 ], [ -74.039684, 40.706305799999988 ], [ -74.024585099999982, 40.7425862 ], [ -74.0210762, 40.7613572 ], [ -73.9800578, 40.814602099999988 ], [ -73.965018399999977, 40.8446786 ], [ -73.944035299999982, 40.8770266 ], [ -73.9325807, 40.8758944 ], [ -73.9304981, 40.872721799999979 ], [ -73.9436509, 40.8529645 ], [ -73.9561067, 40.8265223 ], [ -74.0056833, 40.7571546 ], [ -74.0164778, 40.7134991 ], [ -74.0126576, 40.705201099999989 ], [ -73.9782679, 40.7158927 ], [ -73.9684906, 40.7451832 ], [ -73.9339574, 40.7891735 ], [ -73.926878299999984, 40.7852184 ], [ -73.9071225, 40.798816499999987 ], [ -73.894016, 40.8037288 ], [ -73.877482399999977, 40.8037923 ], [ -73.864776, 40.8083922 ], [ -73.853165299999986, 40.8076244 ], [ -73.843214199999977, 40.812059 ], [ -73.8312583, 40.8092171 ], [ -73.805529600000014, 40.8138692 ], [ -73.8046543, 40.819163099999976 ], [ -73.813602699999976, 40.8323142 ], [ -73.817643299999986, 40.864581099999988 ], [ -73.8130045, 40.8646952 ], [ -73.796792399999987, 40.8571786 ], [ -73.787314899999984, 40.8710327 ], [ -73.7877152, 40.8819863 ], [ -73.7705015, 40.8955786 ], [ -73.7653537, 40.9077969 ], [ -73.740275, 40.9253115 ], [ -73.7298381, 40.9287294 ], [ -73.7258513, 40.9341672 ], [ -73.724089099999986, 40.9436757 ], [ -73.700448, 40.9495815 ], [ -73.6912795, 40.9472203 ], [ -73.6866094, 40.9481796 ], [ -73.6766668, 40.9609159 ], [ -73.662629, 40.971189599999981 ], [ -73.6613886, 40.9843794 ], [ -73.6459916, 41.0009156 ], [ -73.6315341, 41.0043313 ], [ -73.6225291, 41.0118146 ], [ -73.6094967, 41.014370299999989 ], [ -73.5972132, 41.0253162 ], [ -73.5899909, 41.015522 ], [ -73.5755907, 41.0203782 ], [ -73.5648652, 41.017104 ], [ -73.541037699999976, 41.0321085 ], [ -73.53549, 41.0305 ], [ -73.5291944, 41.023136 ], [ -73.525195, 41.0226945 ], [ -73.5212378, 41.0262669 ], [ -73.519261599999979, 41.035347 ], [ -73.497081, 41.0453135 ], [ -73.477608199999978, 41.04342 ], [ -73.46635, 41.05748 ], [ -73.456473699999989, 41.056127499999988 ], [ -73.4370975, 41.0592786 ], [ -73.421694899999977, 41.072934599999989 ], [ -73.4108773, 41.076011799999989 ], [ -73.4097888, 41.094893 ], [ -73.394336299999978, 41.0873922 ], [ -73.384867399999976, 41.0960501 ], [ -73.3725189, 41.0985466 ], [ -73.3734723, 41.101104899999989 ], [ -73.3751222, 41.1055316 ], [ -73.3719628, 41.109719899999973 ], [ -73.353759499999981, 41.106323 ], [ -73.3438157, 41.1109096 ], [ -73.311338399999983, 41.1161315 ], [ -73.2889646, 41.1254341 ], [ -73.269766799999985, 41.121215299999989 ], [ -73.2575335, 41.1220086 ], [ -73.245444, 41.1285549 ], [ -73.223121400000011, 41.1488989 ], [ -73.1863333, 41.1628738 ], [ -73.1796209, 41.171377899999989 ], [ -73.1723937, 41.167827599999988 ], [ -73.166672099999985, 41.159603 ], [ -73.156975, 41.1553428 ], [ -73.1320019, 41.149242199999989 ], [ -73.109249399999982, 41.1523675 ], [ -73.10648519999998, 41.156148 ], [ -73.109918299999975, 41.1632485 ], [ -73.1228639, 41.1775059 ], [ -73.116893699999977, 41.1925804 ], [ -73.114845799999983, 41.1922451 ], [ -73.1175988, 41.1852136 ], [ -73.116101, 41.180250099999988 ], [ -73.100929599999986, 41.1784729 ], [ -73.0512668, 41.2097816 ], [ -73.0464191, 41.2098855 ], [ -73.0377682, 41.2050788 ], [ -73.014901099999989, 41.2066356 ], [ -73.0047187, 41.219033 ], [ -72.993480599999984, 41.2247849 ], [ -72.986202100000014, 41.2328471 ], [ -72.975370900000016, 41.2359144 ], [ -72.9596028, 41.2510221 ], [ -72.9336487, 41.26278 ], [ -72.9321391, 41.2682086 ], [ -72.935374599999989, 41.2795813 ], [ -72.912528499999979, 41.2957037 ], [ -72.9060078, 41.2942229 ], [ -72.9041218, 41.2723815 ], [ -72.8967989, 41.2602993 ], [ -72.9003648, 41.2497344 ], [ -72.8940979, 41.2458106 ], [ -72.865978, 41.2465676 ], [ -72.8459078, 41.2552453 ], [ -72.8345833, 41.2546711 ], [ -72.8204063, 41.26228 ], [ -72.814755099999985, 41.2614641 ], [ -72.817017899999982, 41.2558414 ], [ -72.8113276, 41.2525331 ], [ -72.7826735, 41.2637718 ], [ -72.7609972, 41.2667268 ], [ -72.7351471, 41.2588229 ], [ -72.719859, 41.260040599999989 ], [ -72.7101, 41.2582881 ], [ -72.7071385, 41.2554345 ], [ -72.708291, 41.2489634 ], [ -72.7016434, 41.2465516 ], [ -72.6895896, 41.250115 ], [ -72.6673505, 41.267257499999985 ], [ -72.6484154, 41.2670988 ], [ -72.6379546, 41.2684602 ], [ -72.6186164, 41.2707621 ], [ -72.581585899999979, 41.269288899999985 ], [ -72.544428, 41.254757799999972 ], [ -72.5396505, 41.262394799999988 ], [ -72.533485, 41.265661499999986 ], [ -72.524741499999976, 41.2658867 ], [ -72.509345199999984, 41.260701299999987 ], [ -72.4895546, 41.2678246 ], [ -72.4463948, 41.2770449 ], [ -72.406385299999982, 41.276074099999988 ], [ -72.3800138, 41.2644832 ], [ -72.351191, 41.2681105 ], [ -72.305480699999976, 41.278825199999986 ], [ -72.2684802, 41.284154799999989 ], [ -72.248760299999987, 41.295660899999987 ], [ -72.229149, 41.3009505 ], [ -72.2080074, 41.2912882 ], [ -72.2039914, 41.2956485 ], [ -72.1993281, 41.3132485 ], [ -72.187324699999976, 41.3297273 ], [ -72.188747299999989, 41.3457456 ], [ -72.186749399999982, 41.3504512 ], [ -72.1781328, 41.3436485 ], [ -72.1757244, 41.3235991 ], [ -72.167243199999987, 41.311048699999986 ], [ -72.151841, 41.3128026 ], [ -72.1349166, 41.3027594 ], [ -72.1107592, 41.3037476 ], [ -72.098276199999987, 41.310585699999983 ], [ -72.09242, 41.3202469 ], [ -72.0959362, 41.3388439 ], [ -72.0927035, 41.363849699999989 ], [ -72.1009276, 41.402857 ], [ -72.097048499999985, 41.4368043 ], [ -72.075374099999976, 41.4650196 ], [ -72.0779281, 41.4805026 ], [ -72.0861772, 41.4933026 ], [ -72.0833735, 41.498017 ], [ -72.064785599999979, 41.4671513 ], [ -72.07130549999998, 41.4542591 ], [ -72.0894568, 41.4305966 ], [ -72.091341599999978, 41.3952068 ], [ -72.0777223, 41.3340567 ], [ -72.0652703, 41.321426599999988 ], [ -72.040157099999988, 41.326744 ], [ -72.0329541, 41.3190417 ], [ -72.019642, 41.320124 ], [ -72.007895099999985, 41.3133727 ], [ -71.991938399999981, 41.3232121 ], [ -71.9853921, 41.334057499999986 ], [ -71.9689928, 41.344675099999989 ], [ -71.9664007, 41.3430762 ], [ -71.969697, 41.3342794 ], [ -71.9674521, 41.3300327 ], [ -71.9542058, 41.33601 ], [ -71.9256999, 41.3339237 ], [ -71.912716100000011, 41.3367887 ], [ -71.902144599999986, 41.3348421 ], [ -71.8926044, 41.3375339 ], [ -71.888248799999985, 41.3345965 ], [ -71.8831795, 41.3400179 ], [ -71.8579697, 41.328414199999983 ], [ -71.8329106, 41.342735500000011 ], [ -71.83280520000001, 41.3379434 ], [ -71.8536792, 41.3172502 ], [ -71.8536001, 41.312834 ], [ -71.8481076, 41.3112825 ], [ -71.7855255, 41.3250426 ], [ -71.7503234, 41.3270247 ], [ -71.7186303, 41.331781 ], [ -71.6299943, 41.3589001 ], [ -71.5610369, 41.3723659 ], [ -71.5241552, 41.3751321 ], [ -71.4848356, 41.367464899999987 ], [ -71.456549399999986, 41.4086457 ], [ -71.449865899999978, 41.4359221 ], [ -71.43156, 41.450897 ], [ -71.4277043, 41.4671654 ], [ -71.4199579, 41.480633399999988 ], [ -71.4201652, 41.4972021 ], [ -71.4164805, 41.515357099999989 ], [ -71.4177836, 41.528286899999983 ], [ -71.4302241, 41.5465835 ], [ -71.4349231, 41.559508499999986 ], [ -71.4493544, 41.5785639 ], [ -71.4430894, 41.5816683 ], [ -71.4284181, 41.583379199999982 ], [ -71.4102345, 41.5906837 ], [ -71.407673599999981, 41.5982689 ], [ -71.410794599999988, 41.6076466 ], [ -71.4060846, 41.623636699999977 ], [ -71.4095609, 41.6440265 ], [ -71.4168865, 41.6535352 ], [ -71.4155808, 41.6627996 ], [ -71.4267226, 41.667541399999983 ], [ -71.444379099999978, 41.661395699999986 ], [ -71.444701499999979, 41.679396299999986 ], [ -71.4327857, 41.685116799999989 ], [ -71.4029648, 41.6844365 ], [ -71.3873603, 41.674618599999988 ], [ -71.3799292, 41.672682 ], [ -71.373138, 41.677796 ], [ -71.3657273, 41.6942781 ], [ -71.3651719, 41.7151643 ], [ -71.3835331, 41.7340901 ], [ -71.3820834, 41.7472899 ], [ -71.388323799999981, 41.7763704 ], [ -71.3856974, 41.788122799999989 ], [ -71.3956496, 41.8062032 ], [ -71.3735845, 41.787736099999989 ], [ -71.3608065, 41.7561662 ], [ -71.3397274, 41.7314824 ], [ -71.3139787, 41.7212742 ], [ -71.3039144, 41.7139465 ], [ -71.2904791, 41.7162627 ], [ -71.293791199999987, 41.6926736 ], [ -71.303517, 41.6730365 ], [ -71.3002316, 41.6601623 ], [ -71.2825735, 41.6740174 ], [ -71.2614357, 41.6509936 ], [ -71.240672100000012, 41.671734099999981 ], [ -71.240771199999983, 41.685530599999986 ], [ -71.25424289999998, 41.710363699999988 ], [ -71.255006299999977, 41.7161302 ], [ -71.2468227, 41.713654 ], [ -71.2355083, 41.7056355 ], [ -71.229026, 41.7102697 ], [ -71.222284299999984, 41.725161899999982 ], [ -71.2190111, 41.7257939 ], [ -71.214132699999979, 41.7209366 ], [ -71.2078135, 41.7142651 ], [ -71.1957726, 41.7189428 ], [ -71.1896052, 41.7119188 ], [ -71.1726809, 41.7119924 ], [ -71.164758, 41.7088315 ], [ -71.1662666, 41.7042626 ], [ -71.1812264, 41.693372499999988 ], [ -71.1927693, 41.6808675 ], [ -71.205318799999986, 41.6567001 ], [ -71.211036900000011, 41.6356832 ], [ -71.2106577, 41.6106717 ], [ -71.2074257, 41.5974843 ], [ -71.2112115, 41.5862916 ], [ -71.209842199999983, 41.571143799999987 ], [ -71.213285899999988, 41.5507542 ], [ -71.2064743, 41.535567199999988 ], [ -71.202871499999986, 41.500279399999989 ], [ -71.1930956, 41.4830378 ], [ -71.1934487, 41.464750699999989 ], [ -71.188887499999979, 41.460929199999988 ], [ -71.1718386, 41.4639831 ], [ -71.1627831, 41.4722094 ], [ -71.1435822, 41.4828694 ], [ -71.1320364, 41.49358 ], [ -71.0917993, 41.507381699999989 ], [ -71.0633306, 41.506210599999974 ], [ -71.0372916, 41.500179599999989 ], [ -71.01345809999998, 41.5092152 ], [ -70.9877149, 41.511997699999988 ], [ -70.9796399, 41.5255839 ], [ -70.9738721, 41.5297341 ], [ -70.9535023, 41.5256183 ], [ -70.9334028, 41.543666599999987 ], [ -70.9375276, 41.5615709 ], [ -70.9455598, 41.5791074 ], [ -70.9326973, 41.585428799999988 ], [ -70.925904099999983, 41.6090101 ], [ -70.920474499999983, 41.608748899999988 ], [ -70.9118482, 41.5993038 ], [ -70.90601, 41.59707 ], [ -70.9064725, 41.6106717 ], [ -70.9067927, 41.6200864 ], [ -70.8912699, 41.628097499999981 ], [ -70.8832775, 41.6286905 ], [ -70.8713161, 41.6216869 ], [ -70.867249899999976, 41.6106717 ], [ -70.8635484, 41.600642799999981 ], [ -70.8531522, 41.5912555 ], [ -70.850655899999978, 41.596159299999989 ], [ -70.850956599999989, 41.608205 ], [ -70.852385399999989, 41.6106717 ], [ -70.8609017, 41.6253722 ], [ -70.8607005, 41.6294995 ], [ -70.8360062, 41.626813199999987 ], [ -70.8190445, 41.6306972 ], [ -70.8071095, 41.6294809 ], [ -70.804176499999983, 41.6356645 ], [ -70.817558499999976, 41.6482663 ], [ -70.8157871, 41.6539806 ], [ -70.807455699999977, 41.6554554 ], [ -70.7730381, 41.650503799999989 ], [ -70.7618715, 41.6545477 ], [ -70.7594317, 41.673874399999988 ], [ -70.7506525, 41.6807693 ], [ -70.76080589999998, 41.705345099999988 ], [ -70.7591359, 41.7118661 ], [ -70.7518416, 41.709715899999985 ], [ -70.7442826, 41.7024486 ], [ -70.7397403, 41.6980812 ], [ -70.736255, 41.69091109999998 ], [ -70.7236282, 41.6837939 ], [ -70.7185252, 41.683322499999989 ], [ -70.721257, 41.6994294 ], [ -70.7173737, 41.7090087 ], [ -70.7345576, 41.727761 ], [ -70.726870099999985, 41.728698 ], [ -70.7225964, 41.7354622 ], [ -70.7131313, 41.7387291 ], [ -70.7009869, 41.72973 ], [ -70.677980199999979, 41.7250848 ], [ -70.657007899999982, 41.7170559 ], [ -70.6478682, 41.727148599999978 ], [ -70.6596549, 41.738161199999986 ], [ -70.6417077, 41.7384785 ], [ -70.6280553, 41.743571599999989 ], [ -70.6158079, 41.7399086 ], [ -70.622480899999985, 41.7308303 ], [ -70.617798, 41.7195697 ], [ -70.619881699999979, 41.7050793 ], [ -70.6421612, 41.6943486 ], [ -70.653557, 41.6851633 ], [ -70.645684899999978, 41.6838526 ], [ -70.6298842, 41.6895755 ], [ -70.6210454, 41.6826566 ], [ -70.6185302, 41.6764195 ], [ -70.626027399999984, 41.6661085 ], [ -70.6237774, 41.6601893 ], [ -70.625703, 41.6557089 ], [ -70.6480242, 41.6415201 ], [ -70.6427972, 41.6276933 ], [ -70.6465377, 41.612012299999989 ], [ -70.6457137, 41.6106717 ], [ -70.642294399999983, 41.6051085 ], [ -70.648193599999985, 41.5999851 ], [ -70.6419938, 41.5885644 ], [ -70.641654899999978, 41.5819469 ], [ -70.6528116, 41.5622174 ], [ -70.65619049999998, 41.5428047 ], [ -70.6668392, 41.5360733 ], [ -70.671592899999979, 41.526617099999989 ], [ -70.666948699999978, 41.5215226 ], [ -70.6580642, 41.5192782 ], [ -70.6344186, 41.5365168 ], [ -70.592734299999989, 41.5459807 ], [ -70.5832735, 41.553372499999988 ], [ -70.575239899999985, 41.5501219 ], [ -70.5598256, 41.5513016 ], [ -70.5444987, 41.55573709999998 ], [ -70.532179, 41.5519804 ], [ -70.529134599999978, 41.568458299999989 ], [ -70.5274229, 41.570400599999985 ], [ -70.5230155, 41.574637599999988 ], [ -70.518241699999976, 41.5724199 ], [ -70.5064076, 41.5550201 ], [ -70.4990203, 41.5536326 ], [ -70.4868608, 41.5557045 ], [ -70.4751728, 41.5610636 ], [ -70.46502289999998, 41.5692648 ], [ -70.4339052, 41.604068699999978 ], [ -70.3831118, 41.6112976 ], [ -70.372705499999981, 41.6164718 ], [ -70.360942899999984, 41.6276921 ], [ -70.3487138, 41.6331047 ], [ -70.3338747, 41.633506399999987 ], [ -70.3114506, 41.629015699999982 ], [ -70.282458499999976, 41.634277399999988 ], [ -70.2702113, 41.6456991 ], [ -70.2581689, 41.643994 ], [ -70.2474202, 41.6370351 ], [ -70.2646827, 41.624639 ], [ -70.265847699999981, 41.6173131 ], [ -70.2626398, 41.6146242 ], [ -70.2432091, 41.627772799999988 ], [ -70.1946574, 41.6461733 ], [ -70.1394815, 41.6516301 ], [ -70.090801, 41.6610581 ], [ -70.0150208, 41.6696583 ], [ -70.0006917, 41.6672306 ], [ -69.9757903, 41.6566761 ], [ -69.953334, 41.657604 ], [ -69.952010499999986, 41.6440734 ], [ -69.9461107, 41.659376 ], [ -69.949194299999988, 41.6990087 ], [ -69.958101, 41.706572 ], [ -69.9701444, 41.7094246 ], [ -69.9745548, 41.7170901 ], [ -69.9885437, 41.7188115 ], [ -69.9908969, 41.7251566 ], [ -69.9855722, 41.7334949 ], [ -69.9694398, 41.7437885 ], [ -69.9634526, 41.7663283 ], [ -69.9480431, 41.7616042 ], [ -69.9459242, 41.7518726 ], [ -69.934449, 41.740962499999988 ], [ -69.9302711, 41.7471677 ], [ -69.938078799999985, 41.8044273 ], [ -69.9405126, 41.8068879 ], [ -69.9472852, 41.8062751 ], [ -69.9533669, 41.8117691 ], [ -69.945466499999981, 41.8353709 ], [ -69.962713, 41.894628 ], [ -69.9925962, 41.9581198 ], [ -70.0201048, 41.999642699999981 ], [ -70.0516057, 42.032674299999989 ], [ -70.0660254, 42.043952299999987 ], [ -70.1114466, 42.065418799999989 ], [ -70.159574099999986, 42.0775473 ], [ -70.2024169, 42.0809677 ], [ -70.232166299999989, 42.0747495 ], [ -70.241479499999983, 42.0651212 ], [ -70.2053265, 42.0327902 ], [ -70.198350799999986, 42.034310399999988 ], [ -70.1786955, 42.0547222 ], [ -70.1688971, 42.0589122 ], [ -70.156698100000014, 42.0609118 ], [ -70.1421472, 42.0587114 ], [ -70.1223457, 42.0504228 ], [ -70.0993439, 42.0343853 ], [ -70.0758878, 41.993529399999986 ], [ -70.0772802, 41.9508428 ], [ -70.0694267, 41.9053902 ], [ -70.0660855, 41.9066044 ], [ -70.0609883, 41.9164783 ], [ -70.0660966, 41.9248439 ], [ -70.064126, 41.9279045 ], [ -70.0303058, 41.930533699999984 ], [ -70.0255754, 41.925939899999989 ], [ -70.0279967, 41.9182413 ], [ -70.0229049, 41.9120413 ], [ -70.0133869, 41.9087046 ], [ -70.000295799999989, 41.909285 ], [ -70.0046, 41.8991622 ], [ -70.013897, 41.8987694 ], [ -70.018014, 41.8965344 ], [ -70.0029055, 41.8866285 ], [ -70.0081454, 41.8698872 ], [ -70.003787899999978, 41.8164763 ], [ -70.0093737, 41.8040257 ], [ -70.0266624, 41.788085 ], [ -70.053292, 41.777058899999986 ], [ -70.1147811, 41.762127299999989 ], [ -70.1473538, 41.7586189 ], [ -70.201059299999983, 41.747743499999984 ], [ -70.219035, 41.7406675 ], [ -70.2421128, 41.7238167 ], [ -70.2640608, 41.7138382 ], [ -70.296884, 41.7089615 ], [ -70.321387299999984, 41.708867399999988 ], [ -70.3392833, 41.7054376 ], [ -70.3474376, 41.7074921 ], [ -70.3566216, 41.7156392 ], [ -70.3585821, 41.7233452 ], [ -70.355318, 41.7276537 ], [ -70.32459369999998, 41.7288084 ], [ -70.3000398, 41.723434199999986 ], [ -70.2871503, 41.728092 ], [ -70.303314699999987, 41.734402799999984 ], [ -70.3671398, 41.738439199999988 ], [ -70.4106754, 41.7445654 ], [ -70.467535, 41.761176899999988 ], [ -70.4983993, 41.7729512 ], [ -70.5274229, 41.7728889 ], [ -70.547319, 41.7723854 ], [ -70.567083699999984, 41.7648392 ], [ -70.5647219, 41.768262299999989 ], [ -70.5528386, 41.7741548 ], [ -70.5274229, 41.775904399999988 ], [ -70.5143474, 41.7759133 ], [ -70.503981, 41.780342499999982 ], [ -70.5274229, 41.8008649 ], [ -70.540150299999979, 41.821432799999982 ], [ -70.5396873, 41.830290499999983 ], [ -70.5325786, 41.843979 ], [ -70.5285181, 41.8596992 ], [ -70.5337145, 41.8879479 ], [ -70.543741699999984, 41.908897399999987 ], [ -70.5437195, 41.9236776 ], [ -70.5835074, 41.946154099999987 ], [ -70.614576499999984, 41.943313 ], [ -70.6505586, 41.952831499999988 ], [ -70.6928583, 41.9848939 ], [ -70.7054079, 41.9989311 ], [ -70.7063811, 42.007044 ], [ -70.6974144, 42.0124432 ], [ -70.6807273, 42.010028 ], [ -70.673837, 42.0122821 ], [ -70.6708187, 42.03620249999998 ], [ -70.661452699999984, 42.045941299999988 ], [ -70.6685925, 42.0579367 ], [ -70.6511494, 42.070216099999989 ], [ -70.643316699999986, 42.0862038 ], [ -70.690615699999981, 42.1383224 ], [ -70.70941040000001, 42.1434804 ], [ -70.7328003, 42.1580947 ], [ -70.7553528, 42.1601077 ], [ -70.7382764, 42.1726725 ], [ -70.7206566, 42.1757732 ], [ -70.7206171, 42.1863738 ], [ -70.7162556, 42.1905835 ], [ -70.7151618, 42.197471 ], [ -70.7176027, 42.1991761 ], [ -70.7222625, 42.1933991 ], [ -70.7279023, 42.208319599999982 ], [ -70.7523131, 42.227769599999988 ], [ -70.7657344, 42.246491399999982 ], [ -70.769431499999982, 42.247665299999987 ], [ -70.777535399999977, 42.2436283 ], [ -70.7842312, 42.243072 ], [ -70.799413500000014, 42.2559286 ], [ -70.852523500000018, 42.271772299999988 ], [ -70.866205, 42.282227 ], [ -70.882295199999987, 42.3001207 ], [ -70.88475769999998, 42.2949275 ], [ -70.8808027, 42.2857193 ], [ -70.8628779, 42.2680972 ], [ -70.873884500000017, 42.2634681 ], [ -70.8803916, 42.252521499999986 ], [ -70.884708499999988, 42.2512644 ], [ -70.903666, 42.2599945 ], [ -70.9265839, 42.2521543 ], [ -70.9326775, 42.2546145 ], [ -70.938373400000017, 42.2541819 ], [ -70.9594086, 42.244248099999986 ], [ -70.96075159999998, 42.2412352 ], [ -70.958042, 42.2359927 ], [ -70.962922799999987, 42.233788499999989 ], [ -70.9693603, 42.239104399999988 ], [ -70.9777956, 42.2537125 ], [ -70.9624873, 42.254717 ], [ -70.9549076, 42.2635673 ], [ -70.954673, 42.2685988 ], [ -70.97423, 42.2658707 ], [ -70.9907419, 42.2673263 ], [ -71.0146654, 42.281211499999984 ], [ -71.0288275, 42.2963472 ], [ -71.0335714, 42.2960224 ], [ -71.037256299999981, 42.2900584 ], [ -71.0421884, 42.2933969 ], [ -71.0469974, 42.3032165 ], [ -71.039295, 42.314843599999989 ], [ -71.041661699999977, 42.325287 ], [ -71.019522, 42.339166599999984 ], [ -71.047137899999981, 42.3566741 ], [ -71.05184749999998, 42.371637799999988 ], [ -71.046987, 42.3801008 ], [ -71.0407235, 42.3826923 ], [ -71.037740099999979, 42.366630699999988 ], [ -71.0092287, 42.352089 ], [ -70.9942596, 42.3600151 ], [ -71.002283, 42.3725537 ], [ -71.010249199999976, 42.3765839 ], [ -71.0105672, 42.379026699999983 ], [ -70.9983084, 42.379330299999978 ], [ -70.985840699999983, 42.3715311 ], [ -70.972792, 42.3722707 ], [ -70.971972599999987, 42.3857072 ], [ -70.9811284, 42.3958984 ], [ -70.9868336, 42.4079202 ], [ -70.980420199999983, 42.4233703 ], [ -70.9709469, 42.4350848 ], [ -70.9799494, 42.4368887 ], [ -70.9747533, 42.444536 ], [ -70.9483606, 42.453848 ], [ -70.9350397, 42.455755299999986 ], [ -70.9185121, 42.4642833 ], [ -70.891412699999989, 42.4663189 ], [ -70.8549699, 42.4948009 ], [ -70.848024099999989, 42.5049748 ], [ -70.8495357, 42.514995799999987 ], [ -70.858297, 42.5163605 ], [ -70.874858699999976, 42.505790399999988 ], [ -70.882446, 42.5052978 ], [ -70.881989, 42.5186457 ], [ -70.8714972, 42.5303156 ], [ -70.8803306, 42.5340458 ], [ -70.8782723, 42.5405269 ], [ -70.8642341, 42.546276499999983 ], [ -70.8229291, 42.5535561 ], [ -70.7846855, 42.5669266 ], [ -70.7684503, 42.564248 ], [ -70.738796, 42.5754064 ], [ -70.705694899999983, 42.576247699999989 ], [ -70.6954812, 42.5814434 ], [ -70.684979499999983, 42.5931494 ], [ -70.681958199999983, 42.6094254 ], [ -70.6888944, 42.6158886 ], [ -70.7006827, 42.6207681 ], [ -70.703071099999988, 42.6250454 ], [ -70.7009568, 42.6363 ], [ -70.6898078, 42.648123 ], [ -70.6903229, 42.6513987 ], [ -70.7144567, 42.658445799999981 ], [ -70.715201299999976, 42.653163599999985 ], [ -70.7211883, 42.649139799999986 ], [ -70.731900399999986, 42.6454939 ], [ -70.7442356, 42.64721 ], [ -70.753813, 42.640386799999987 ], [ -70.763770099999988, 42.6389699 ], [ -70.7867343, 42.6643634 ], [ -70.7867904, 42.669078 ], [ -70.7702715, 42.6776601 ], [ -70.736865199999983, 42.6687783 ], [ -70.7390011, 42.67521 ], [ -70.777649, 42.6895424 ], [ -70.7876751, 42.689224799999984 ], [ -70.799625, 42.684483899999982 ], [ -70.8058767, 42.6844623 ], [ -70.817354099999989, 42.695268399999989 ], [ -70.832026, 42.701370899999986 ], [ -70.8305476, 42.7167032 ], [ -70.8391637, 42.7311693 ], [ -70.8269874, 42.742039299999988 ], [ -70.826454, 42.7571041 ], [ -70.8157592, 42.762634399999982 ], [ -70.808889499999978, 42.7581559 ], [ -70.7957538, 42.729879 ], [ -70.7857753, 42.7190265 ], [ -70.781287099999986, 42.7076985 ], [ -70.7787192, 42.7058186 ], [ -70.77650079999998, 42.7069582 ], [ -70.797539399999977, 42.7626747 ], [ -70.809264399999989, 42.8062046 ], [ -70.815896299999977, 42.810474199999987 ], [ -70.8229554, 42.806399399999989 ], [ -70.831567, 42.8057904 ], [ -70.8417026, 42.8018211 ], [ -70.86853379999998, 42.813175099999988 ], [ -70.8737064, 42.817766399999982 ], [ -70.8575742, 42.8176462 ], [ -70.817229199999986, 42.8271105 ], [ -70.813522099999986, 42.886087499999988 ], [ -70.8084873, 42.9063586 ], [ -70.800861699999984, 42.9167096 ], [ -70.792286299999986, 42.9390573 ], [ -70.7726946, 42.9620963 ], [ -70.762323199999983, 42.982157099999988 ], [ -70.745956799999988, 43.0043375 ], [ -70.7193532, 43.0344894 ], [ -70.713299399999983, 43.0503493 ], [ -70.6962628, 43.0580703 ], [ -70.669434799999976, 43.0761111 ], [ -70.640142899999987, 43.115721699999987 ], [ -70.6364017, 43.128885 ], [ -70.6264999, 43.137949299999988 ], [ -70.617630499999976, 43.1599319 ], [ -70.6103249, 43.1655466 ], [ -70.5988673, 43.1691222 ], [ -70.602197799999985, 43.1820962 ], [ -70.5920479, 43.1948516 ], [ -70.5795256, 43.220717199999989 ], [ -70.5906353, 43.2542585 ], [ -70.555138, 43.318537399999983 ], [ -70.5390655, 43.33367 ], [ -70.5274229, 43.338895099999988 ], [ -70.5167991, 43.3427581 ], [ -70.4871701, 43.3458176 ], [ -70.4653723, 43.3442352 ], [ -70.4535911, 43.3482603 ], [ -70.4379806, 43.3619314 ], [ -70.4216166, 43.392036599999983 ], [ -70.393328699999984, 43.403694699999981 ], [ -70.3860211, 43.4099602 ], [ -70.381312799999989, 43.419725099999987 ], [ -70.3703799, 43.4316407 ], [ -70.3429446, 43.4449405 ], [ -70.3447829, 43.448071099999986 ], [ -70.3578664, 43.450631 ], [ -70.372898799999987, 43.4583433 ], [ -70.3801023, 43.4682847 ], [ -70.3833835, 43.4836997 ], [ -70.378341499999976, 43.5046141 ], [ -70.3664787, 43.5211534 ], [ -70.3394338, 43.5409051 ], [ -70.3456476, 43.548427499999988 ], [ -70.3454045, 43.557726 ], [ -70.3319024, 43.56135 ], [ -70.31593, 43.555125599999982 ], [ -70.3219714, 43.5421866 ], [ -70.3202282, 43.5341181 ], [ -70.3163939, 43.5313107 ], [ -70.3043231, 43.5449633 ], [ -70.2772942, 43.5584561 ], [ -70.2709828, 43.558877599999988 ], [ -70.2604785, 43.5549959 ], [ -70.251099699999983, 43.5541686 ], [ -70.2291129, 43.5606543 ], [ -70.2115412, 43.5595095 ], [ -70.2016553, 43.564565599999987 ], [ -70.2012477, 43.572098699999984 ], [ -70.2137078, 43.5978381 ], [ -70.2125957, 43.6233049 ], [ -70.22729, 43.645950899999988 ], [ -70.238082, 43.649315399999985 ], [ -70.249586, 43.6416151 ], [ -70.267403399999978, 43.6369322 ], [ -70.282218799999981, 43.63994049999998 ], [ -70.288102599999988, 43.644610199999988 ], [ -70.2650619, 43.6466374 ], [ -70.2566525, 43.6506633 ], [ -70.2465196, 43.6612657 ], [ -70.248108699999989, 43.6694106 ], [ -70.254068, 43.670949799999988 ], [ -70.2654769, 43.669369599999989 ], [ -70.2702334, 43.6728274 ], [ -70.268037, 43.6758606 ], [ -70.2567587, 43.679519899999988 ], [ -70.252122, 43.6837745 ], [ -70.252055500000012, 43.7105725 ], [ -70.2465519, 43.7107177 ], [ -70.23931469999998, 43.7006466 ], [ -70.223723199999981, 43.706330799999989 ], [ -70.2202538, 43.7129262 ], [ -70.2157779, 43.722809899999987 ], [ -70.1973075, 43.7429495 ], [ -70.195167, 43.7570592 ], [ -70.189928799999976, 43.7679711 ], [ -70.182529, 43.7708246 ], [ -70.1745904, 43.7677694 ], [ -70.1673497, 43.7687786 ], [ -70.156620699999976, 43.7755964 ], [ -70.1510848, 43.782173 ], [ -70.155697, 43.7907672 ], [ -70.1543946, 43.793599799999988 ], [ -70.1453421, 43.7966237 ], [ -70.128789, 43.7982222 ], [ -70.118929099999988, 43.80197159999998 ], [ -70.1120162, 43.8173681 ], [ -70.090940299999986, 43.8393168 ], [ -70.0836831, 43.840286 ], [ -70.089791, 43.820377099999988 ], [ -70.0733341, 43.8243777 ], [ -70.061428599999985, 43.820948099999981 ], [ -70.0253354, 43.8531981 ], [ -69.9961748, 43.862427499999988 ], [ -69.9933841, 43.861278099999986 ], [ -69.9937229, 43.8586202 ], [ -70.013465299999979, 43.8375661 ], [ -70.013307499999982, 43.8340912 ], [ -69.9843325, 43.850206299999989 ], [ -69.95753879999998, 43.8542649 ], [ -69.9555776, 43.8525235 ], [ -69.9794369, 43.8176473 ], [ -69.9964794, 43.8015206 ], [ -70.03422759999998, 43.7519549 ], [ -70.0317088, 43.747275599999988 ], [ -70.010177399999989, 43.7471322 ], [ -70.0036458, 43.7530065 ], [ -70.002681299999978, 43.765248299999975 ], [ -69.9815451, 43.7882871 ], [ -69.9747991, 43.8020822 ], [ -69.9545699, 43.8195874 ], [ -69.9387421, 43.8534389 ], [ -69.93416449999998, 43.8543369 ], [ -69.928288, 43.8500007 ], [ -69.9206333, 43.8526439 ], [ -69.9100823, 43.8674933 ], [ -69.889261599999983, 43.886973699999984 ], [ -69.8862415, 43.8848962 ], [ -69.8878809, 43.8713317 ], [ -69.8839243, 43.864699099999989 ], [ -69.8774265, 43.8692292 ], [ -69.8608295, 43.8740019 ], [ -69.8688979, 43.8380313 ], [ -69.8657165, 43.8327212 ], [ -69.854252199999976, 43.8314326 ], [ -69.8518503, 43.8271574 ], [ -69.857868, 43.8140979 ], [ -69.871066899999988, 43.7961994 ], [ -69.87286469999998, 43.7853855 ], [ -69.8801116, 43.785491 ], [ -69.882385399999976, 43.7807622 ], [ -69.8724791, 43.776687199999984 ], [ -69.864195699999982, 43.76221 ], [ -69.8618411, 43.7493255 ], [ -69.847450199999983, 43.747110399999983 ], [ -69.853726, 43.7271633 ], [ -69.8526368, 43.7129262 ], [ -69.8493844, 43.7072091 ], [ -69.840189, 43.705764099999989 ], [ -69.8355469, 43.7107807 ], [ -69.8353478, 43.7129262 ], [ -69.8342693, 43.7245424 ], [ -69.8306816, 43.7316073 ], [ -69.820819899999989, 43.7288861 ], [ -69.813506699999976, 43.733747299999983 ], [ -69.797215199999982, 43.7389481 ], [ -69.7860737, 43.7467004 ], [ -69.7885884, 43.7482459 ], [ -69.796244399999978, 43.7473118 ], [ -69.7992877, 43.7498753 ], [ -69.792711499999982, 43.7673312 ], [ -69.8009513, 43.7847721 ], [ -69.7962697, 43.796424399999985 ], [ -69.8070751, 43.8219992 ], [ -69.8053122, 43.8305243 ], [ -69.8080607, 43.833056799999987 ], [ -69.7996349, 43.847543399999985 ], [ -69.7982536, 43.8638765 ], [ -69.8031091, 43.8743613 ], [ -69.813506699999976, 43.878695 ], [ -69.817201699999984, 43.8800527 ], [ -69.813506699999976, 43.922590099999987 ], [ -69.8127831, 43.9309163 ], [ -69.813506699999976, 43.9329669 ], [ -69.8171505, 43.943292199999988 ], [ -69.8218577, 43.9453398 ], [ -69.830887499999989, 43.9442706 ], [ -69.835885799999986, 43.9535091 ], [ -69.830192299999979, 43.974563399999987 ], [ -69.8251673, 43.980218099999988 ], [ -69.8213576, 43.9786862 ], [ -69.8200338, 43.9568501 ], [ -69.813506699999976, 43.9488195 ], [ -69.806764, 43.939758699999985 ], [ -69.8019654, 43.9173034 ], [ -69.791332499999982, 43.916688399999984 ], [ -69.7851418, 43.9067837 ], [ -69.787902, 43.9032836 ], [ -69.799275499999979, 43.902134799999985 ], [ -69.8037951, 43.8899129 ], [ -69.7941134, 43.873557 ], [ -69.790102, 43.8513133 ], [ -69.7970943, 43.8204609 ], [ -69.7896257, 43.8169689 ], [ -69.782971799999984, 43.823673499999984 ], [ -69.7758287, 43.8234492 ], [ -69.7797536, 43.7974294 ], [ -69.7746494, 43.7770417 ], [ -69.776632899999981, 43.763471599999981 ], [ -69.7711991, 43.760021599999988 ], [ -69.7580964, 43.765276799999988 ], [ -69.7493387, 43.762824 ], [ -69.7396902, 43.776346199999985 ], [ -69.729913299999978, 43.7797907 ], [ -69.722871199999986, 43.785552 ], [ -69.7197748, 43.8103112 ], [ -69.708311399999985, 43.8227012 ], [ -69.7066189, 43.8385574 ], [ -69.7104366, 43.845166899999988 ], [ -69.7247816, 43.8459367 ], [ -69.7371096, 43.827275299999982 ], [ -69.741880499999979, 43.8258656 ], [ -69.7328046, 43.856095 ], [ -69.7344096, 43.8732655 ], [ -69.7411909, 43.8792622 ], [ -69.756120799999977, 43.8792177 ], [ -69.763482, 43.8875872 ], [ -69.758581699999979, 43.891858599999985 ], [ -69.7635811, 43.8913206 ], [ -69.7650495, 43.8939676 ], [ -69.757633399999989, 43.9010154 ], [ -69.7499497, 43.914997799999988 ], [ -69.7468534, 43.9133932 ], [ -69.744253, 43.904598899999989 ], [ -69.7363089, 43.9068838 ], [ -69.731138799999982, 43.9145818 ], [ -69.726348, 43.930906 ], [ -69.7046932, 43.9428966 ], [ -69.6877665, 43.9590288 ], [ -69.675107399999987, 43.977578299999983 ], [ -69.6680481, 44.0001642 ], [ -69.6564845, 44.0105341 ], [ -69.636755399999984, 44.0192636 ], [ -69.6219135, 44.038428399999987 ], [ -69.619383699999986, 44.036188599999988 ], [ -69.6192443, 44.024735799999988 ], [ -69.6351322, 44.013326799999987 ], [ -69.6505258, 43.996944 ], [ -69.6687336, 43.9453119 ], [ -69.6663776, 43.9338093 ], [ -69.656632199999976, 43.9332066 ], [ -69.6536536, 43.9307209 ], [ -69.6631843, 43.891324499999989 ], [ -69.665877299999977, 43.8896928 ], [ -69.6637047, 43.9145788 ], [ -69.667836699999981, 43.9193527 ], [ -69.676255699999984, 43.912147699999984 ], [ -69.6838514, 43.8926746 ], [ -69.6795984, 43.8744803 ], [ -69.661111100000014, 43.8498206 ], [ -69.674881899999988, 43.8349073 ], [ -69.6831819, 43.830463 ], [ -69.684959699999979, 43.8208523 ], [ -69.679562499999989, 43.8103995 ], [ -69.6596032, 43.7927895 ], [ -69.6544808, 43.7985584 ], [ -69.6476652, 43.834047699999985 ], [ -69.638131800000011, 43.847116799999988 ], [ -69.629592299999985, 43.846939199999987 ], [ -69.626191599999984, 43.8386523 ], [ -69.619838699999988, 43.8349036 ], [ -69.609940299999977, 43.8500205 ], [ -69.6026083, 43.8556208 ], [ -69.5968186, 43.856671599999984 ], [ -69.5916848, 43.8504426 ], [ -69.5916448, 43.8431717 ], [ -69.6008545, 43.825038199999987 ], [ -69.5998484, 43.8174187 ], [ -69.591247699999983, 43.8186017 ], [ -69.580478, 43.8309494 ], [ -69.5762323, 43.8552625 ], [ -69.5881843, 43.879965399999989 ], [ -69.57978989999998, 43.9146625 ], [ -69.582848699999985, 43.9178261 ], [ -69.592478899999989, 43.9181269 ], [ -69.593649699999986, 43.9232028 ], [ -69.5858796, 43.9523864 ], [ -69.5775664, 43.9628186 ], [ -69.5697227, 43.979509199999981 ], [ -69.5527162, 43.9955401 ], [ -69.5476492, 44.0158019 ], [ -69.5385521, 44.028035 ], [ -69.534715899999981, 44.026476699999989 ], [ -69.538451499999979, 44.0002826 ], [ -69.5656792, 43.9678815 ], [ -69.576841099999982, 43.9433763 ], [ -69.575085, 43.933628600000013 ], [ -69.565704899999986, 43.9222688 ], [ -69.5647838, 43.9124155 ], [ -69.569364899999982, 43.8946427 ], [ -69.5753139, 43.8868304 ], [ -69.5766172, 43.880123199999986 ], [ -69.5728726, 43.8724527 ], [ -69.5624221, 43.8620717 ], [ -69.561823, 43.847241099999984 ], [ -69.554723, 43.842977199999986 ], [ -69.5495063, 43.8473744 ], [ -69.5478178, 43.8554143 ], [ -69.5526011, 43.870488699999989 ], [ -69.5535501, 43.895515 ], [ -69.5466469, 43.906399199999981 ], [ -69.541754, 43.9090335 ], [ -69.5334757, 43.906961699999982 ], [ -69.5371641, 43.887527799999987 ], [ -69.5344068, 43.8824101 ], [ -69.5217043, 43.8854742 ], [ -69.5161168, 43.8941785 ], [ -69.5130144, 43.894895800000015 ], [ -69.512016, 43.886272699999985 ], [ -69.5193676, 43.8775694 ], [ -69.520624, 43.8700344 ], [ -69.5095971, 43.8408408 ], [ -69.4999236, 43.8471281 ], [ -69.4830577, 43.878504 ], [ -69.4614639, 43.9043377 ], [ -69.453997, 43.9300681 ], [ -69.4545563, 43.9433056 ], [ -69.4340801, 43.9839427 ], [ -69.4273738, 43.988686 ], [ -69.420824799999977, 43.9843884 ], [ -69.414471899999981, 43.9855133 ], [ -69.3969254, 44.0053561 ], [ -69.397179299999976, 44.0154912 ], [ -69.4067094, 44.0245535 ], [ -69.406611199999986, 44.031084399999983 ], [ -69.391387199999983, 44.041170899999983 ], [ -69.3827515, 44.0303909 ], [ -69.3785326, 44.0314325 ], [ -69.3736877, 44.0367007 ], [ -69.3747436, 44.0558588 ], [ -69.389578699999987, 44.069395199999981 ], [ -69.385987, 44.0762849 ], [ -69.3650058, 44.0641285 ], [ -69.351217799999986, 44.0595185 ], [ -69.3461008, 44.0442535 ], [ -69.3517149, 44.033752899999989 ], [ -69.371169899999984, 44.019071499999988 ], [ -69.355768099999977, 44.0101629 ], [ -69.3655533, 43.982827799999988 ], [ -69.3662093, 43.971915599999974 ], [ -69.359574899999984, 43.9719364 ], [ -69.3494611, 43.979147599999983 ], [ -69.3417935, 43.9727232 ], [ -69.3328121, 43.9748081 ], [ -69.3251908, 43.9740666 ], [ -69.319566899999984, 43.9792 ], [ -69.3160067, 43.988467199999981 ], [ -69.3047279, 43.9911667 ], [ -69.304255, 43.979463599999988 ], [ -69.314401499999988, 43.9695282 ], [ -69.305187, 43.9609163 ], [ -69.3146455, 43.946931700000015 ], [ -69.313838, 43.9448393 ], [ -69.2993278, 43.9515854 ], [ -69.2941377, 43.957681099999988 ], [ -69.283032, 43.964622899999988 ], [ -69.2810106, 43.969846499999989 ], [ -69.284689799999981, 43.978221899999987 ], [ -69.280533199999979, 43.988755399999988 ], [ -69.2771811, 43.988915 ], [ -69.2704574, 43.9826087 ], [ -69.2614777, 43.984859299999989 ], [ -69.248906099999985, 43.9999403 ], [ -69.2416712, 44.0138732 ], [ -69.2280253, 44.0134318 ], [ -69.218184599999987, 44.018666 ], [ -69.2051918, 44.03508 ], [ -69.2045874, 44.0472259 ], [ -69.1967031, 44.0507754 ], [ -69.1837629, 44.0680113 ], [ -69.1744708, 44.0721366 ], [ -69.167191199999976, 44.0695524 ], [ -69.1680276, 44.0636875 ], [ -69.182416599999982, 44.0547091 ], [ -69.1892473, 44.038604199999988 ], [ -69.2184957, 44.0077063 ], [ -69.2138836, 44.0038139 ], [ -69.21593009999998, 43.99751209999998 ], [ -69.2286532, 43.995035 ], [ -69.237436, 43.9842686 ], [ -69.2515112, 43.9816931 ], [ -69.2604713, 43.9672384 ], [ -69.2601232, 43.9586967 ], [ -69.2717897, 43.9519298 ], [ -69.2687405, 43.935687 ], [ -69.2571811, 43.9210625 ], [ -69.2468884, 43.9242143 ], [ -69.227889699999977, 43.938255 ], [ -69.215859, 43.9345442 ], [ -69.2101603, 43.9369139 ], [ -69.1968955, 43.952663799999982 ], [ -69.197307200000012, 43.959191499999989 ], [ -69.20546659999998, 43.9633929 ], [ -69.1948265, 43.9768709 ], [ -69.192410299999977, 43.9928594 ], [ -69.188588199999984, 43.992072699999987 ], [ -69.1854165, 43.985392 ], [ -69.1813258, 43.983498499999989 ], [ -69.1670424, 44.001093499999982 ], [ -69.1500881, 44.0007439 ], [ -69.1295516, 44.0075127 ], [ -69.1174288, 44.0286095 ], [ -69.1205049, 44.034937799999987 ], [ -69.1287058, 44.0379604 ], [ -69.1267244, 44.043876799999985 ], [ -69.1111923, 44.0454893 ], [ -69.1072, 44.03958189999998 ], [ -69.099312, 44.037342599999981 ], [ -69.081875399999987, 44.043590099999989 ], [ -69.0760648, 44.060763799999982 ], [ -69.0550273, 44.0769065 ], [ -69.0495174, 44.0877062 ], [ -69.0534181, 44.091917699999982 ], [ -69.074609199999983, 44.0898962 ], [ -69.1003469, 44.082769 ], [ -69.1041513, 44.0895877 ], [ -69.1036271, 44.1101436 ], [ -69.0978477, 44.1152959 ], [ -69.0859718, 44.1173218 ], [ -69.0806376, 44.1216212 ], [ -69.0799216, 44.1300151 ], [ -69.085363, 44.1381122 ], [ -69.0801143, 44.1485105 ], [ -69.073204499999989, 44.1759447 ], [ -69.0693443, 44.1784058 ], [ -69.0604902, 44.1760067 ], [ -69.0562592, 44.1781582 ], [ -69.0545464, 44.2095466 ], [ -69.0447061, 44.217912 ], [ -69.0362991, 44.236641399999989 ], [ -69.010285699999983, 44.268959399999986 ], [ -69.001525, 44.2893857 ], [ -68.9710767, 44.3046802 ], [ -68.9607829, 44.3151575 ], [ -68.952909399999982, 44.334396 ], [ -68.950274, 44.349557399999988 ], [ -68.9560137, 44.3652407 ], [ -68.9662203, 44.377767399999989 ], [ -68.9829953, 44.390400299999989 ], [ -68.988419799999988, 44.409611 ], [ -69.0007315, 44.430114199999984 ], [ -68.9808048, 44.4274598 ], [ -68.9465634, 44.430794399999982 ], [ -68.933220599999984, 44.439239799999989 ], [ -68.9216463, 44.452051 ], [ -68.9033607, 44.4547704 ], [ -68.8936912, 44.4630839 ], [ -68.8819823, 44.4658751 ], [ -68.866863, 44.474859299999984 ], [ -68.8549525, 44.4783017 ], [ -68.8519513, 44.4749509 ], [ -68.859301499999987, 44.4539523 ], [ -68.8571802, 44.450363499999987 ], [ -68.8524885, 44.450071 ], [ -68.8200412, 44.466255099999984 ], [ -68.8318939, 44.4805695 ], [ -68.8255683, 44.4915856 ], [ -68.8096935, 44.496016499999989 ], [ -68.8044022, 44.4950462 ], [ -68.787301699999986, 44.491910399999981 ], [ -68.7809365, 44.484186199999982 ], [ -68.7846501, 44.454922 ], [ -68.797991, 44.4455984 ], [ -68.8044022, 44.437648 ], [ -68.8148802, 44.4246523 ], [ -68.818338899999986, 44.414769799999981 ], [ -68.813983, 44.4007169 ], [ -68.817577499999985, 44.386988099999989 ], [ -68.8044022, 44.381248899999989 ], [ -68.8013838, 44.379934 ], [ -68.7934467, 44.3684028 ], [ -68.7980868, 44.3626213 ], [ -68.8044022, 44.3580393 ], [ -68.819755699999988, 44.3468984 ], [ -68.8231877, 44.334396 ], [ -68.8221056, 44.314811899999988 ], [ -68.815046099999989, 44.3114329 ], [ -68.8044022, 44.3114716 ], [ -68.795524, 44.3117897 ], [ -68.7754656, 44.3221341 ], [ -68.7693325, 44.3316105 ], [ -68.764568599999976, 44.334396 ], [ -68.754419599999977, 44.3403299 ], [ -68.7488441, 44.3348443 ], [ -68.742662599999989, 44.335593 ], [ -68.7383152, 44.334396 ], [ -68.7332983, 44.3330147 ], [ -68.7253219, 44.3231983 ], [ -68.689849099999989, 44.301126299999986 ], [ -68.6772259, 44.2998871 ], [ -68.6623761, 44.2935727 ], [ -68.649176, 44.290826 ], [ -68.6377336, 44.2885711 ], [ -68.6267336, 44.2976941 ], [ -68.6197379, 44.299290899999988 ], [ -68.6228349, 44.287688 ], [ -68.6201886, 44.279260399999984 ], [ -68.6024592, 44.273403699999989 ], [ -68.5804409, 44.2617815 ], [ -68.5714643, 44.2533526 ], [ -68.5523458, 44.244734799999989 ], [ -68.5448286, 44.234389499999985 ], [ -68.532389299999977, 44.230360499999989 ], [ -68.526701199999977, 44.2310404 ], [ -68.525007, 44.235687600000013 ], [ -68.5305684, 44.2487302 ], [ -68.5396004, 44.2554758 ], [ -68.551625, 44.2598347 ], [ -68.555319799999978, 44.268176 ], [ -68.5519061, 44.2726403 ], [ -68.5365948, 44.2636561 ], [ -68.5239516, 44.263521199999985 ], [ -68.5319851, 44.2944002 ], [ -68.535798699999987, 44.2966574 ], [ -68.5406147, 44.2916615 ], [ -68.5483246, 44.293260599999989 ], [ -68.5616679, 44.3079191 ], [ -68.5647892, 44.3156773 ], [ -68.5619656, 44.3330652 ], [ -68.5613975, 44.334396 ], [ -68.5535933, 44.352676299999985 ], [ -68.5495541, 44.3644544 ], [ -68.563881799999976, 44.38161 ], [ -68.5677103, 44.4000955 ], [ -68.5776509, 44.4057604 ], [ -68.5792481, 44.4090834 ], [ -68.5695243, 44.4097281 ], [ -68.552880399999978, 44.404136 ], [ -68.5306858, 44.402721299999989 ], [ -68.518984699999976, 44.412136499999988 ], [ -68.5015474, 44.4169759 ], [ -68.4937842, 44.4316214 ], [ -68.4787149, 44.449661699999986 ], [ -68.4744647, 44.4436251 ], [ -68.476750299999978, 44.4253502 ], [ -68.474557399999981, 44.407472499999983 ], [ -68.4795569, 44.3883229 ], [ -68.4734052, 44.382134099999988 ], [ -68.4645895, 44.3845386 ], [ -68.4631977, 44.3933601 ], [ -68.4597793, 44.4150208 ], [ -68.4631977, 44.4253858 ], [ -68.4670157, 44.43696 ], [ -68.4631977, 44.4474607 ], [ -68.4609984, 44.4535087 ], [ -68.4631977, 44.459186799999983 ], [ -68.4715077, 44.4806355 ], [ -68.4868676, 44.489760299999986 ], [ -68.4866535, 44.4927432 ], [ -68.4680516, 44.4920247 ], [ -68.4631977, 44.4908235 ], [ -68.4457026, 44.4868251 ], [ -68.4327698, 44.4954467 ], [ -68.4255786, 44.492970599999985 ], [ -68.423223, 44.475634299999982 ], [ -68.4269253, 44.463127399999983 ], [ -68.4271995, 44.439632 ], [ -68.4316966, 44.4137619 ], [ -68.430443399999987, 44.404066099999987 ], [ -68.4244385, 44.4000272 ], [ -68.414439899999977, 44.4020725 ], [ -68.4017802, 44.4116859 ], [ -68.3901288, 44.4300754 ], [ -68.3730256, 44.4310322 ], [ -68.360574299999982, 44.441187499999984 ], [ -68.3561176, 44.4583046 ], [ -68.3584125, 44.4769794 ], [ -68.3540252, 44.486104499999982 ], [ -68.3510666, 44.483609799999989 ], [ -68.352175499999987, 44.4671083 ], [ -68.3427439, 44.4565676 ], [ -68.3328413, 44.4542798 ], [ -68.318363300000016, 44.4585431 ], [ -68.2950197, 44.4524505 ], [ -68.2839851, 44.4540036 ], [ -68.2793885, 44.4569031 ], [ -68.2892211, 44.4711286 ], [ -68.2702723, 44.475434299999989 ], [ -68.2665408, 44.4800512 ], [ -68.267163499999981, 44.4854458 ], [ -68.272882199999984, 44.493794 ], [ -68.2910246, 44.5041945 ], [ -68.2964803, 44.5048093 ], [ -68.303809899999976, 44.5011939 ], [ -68.306838900000017, 44.5023529 ], [ -68.3129128, 44.517797 ], [ -68.3101661, 44.5237333 ], [ -68.31641710000001, 44.530028299999984 ], [ -68.315698, 44.5334414 ], [ -68.303638699999979, 44.530659899999989 ], [ -68.2961296, 44.520631099999989 ], [ -68.2871804, 44.5152 ], [ -68.265918099999979, 44.5184867 ], [ -68.2623726, 44.5120793 ], [ -68.264190299999981, 44.5007551 ], [ -68.2593533, 44.490254899999989 ], [ -68.240179699999985, 44.4722791 ], [ -68.230096399999979, 44.4692027 ], [ -68.2163353, 44.5090244 ], [ -68.2178418, 44.5177313 ], [ -68.2484019, 44.5323147 ], [ -68.269415, 44.5394338 ], [ -68.278796699999987, 44.5465548 ], [ -68.2877433, 44.5583872 ], [ -68.2829933, 44.562421 ], [ -68.2711172, 44.5641529 ], [ -68.2629172, 44.5738005 ], [ -68.252534, 44.5787427 ], [ -68.2320958, 44.5815494 ], [ -68.2185246, 44.574088699999983 ], [ -68.2367813, 44.573007 ], [ -68.2473095, 44.567629599999982 ], [ -68.2509616, 44.562445499999988 ], [ -68.250541899999988, 44.5489252 ], [ -68.2454941, 44.5393922 ], [ -68.236156600000015, 44.5322387 ], [ -68.195427199999983, 44.5147822 ], [ -68.196551599999978, 44.4998996 ], [ -68.1831026, 44.4744386 ], [ -68.175176300000018, 44.4727317 ], [ -68.1687312, 44.4751386 ], [ -68.1646661, 44.4891627 ], [ -68.1575337, 44.4986282 ], [ -68.1432409, 44.491688399999987 ], [ -68.1352443, 44.482042299999982 ], [ -68.1169046, 44.4788601 ], [ -68.104195899999979, 44.471365699999986 ], [ -68.104544, 44.467631399999988 ], [ -68.1136732, 44.4618421 ], [ -68.1171136, 44.4537649 ], [ -68.1097502, 44.4040582 ], [ -68.1012341, 44.384899399999988 ], [ -68.0957025, 44.378506699999988 ], [ -68.0905414, 44.379103899999983 ], [ -68.0845239, 44.3881332 ], [ -68.0770115, 44.3847753 ], [ -68.0741069, 44.3765846 ], [ -68.0740078, 44.351858299999975 ], [ -68.0653763, 44.338336399999989 ], [ -68.0539867, 44.3356924 ], [ -68.048886, 44.33846 ], [ -68.0414936, 44.3577287 ], [ -68.029627499999989, 44.3639918 ], [ -68.028904, 44.3823842 ], [ -68.0188551, 44.3893092 ], [ -68.0177502, 44.404976299999987 ], [ -68.004497199999989, 44.4076282 ], [ -67.9825281, 44.3898586 ], [ -67.964281599999978, 44.4015454 ], [ -67.9719175, 44.4125474 ], [ -67.9847289, 44.4435097 ], [ -68.0025626, 44.4485825 ], [ -68.0131838, 44.4425031 ], [ -68.0248283, 44.4688589 ], [ -68.0226401, 44.477936799999981 ], [ -68.0148969, 44.4757497 ], [ -68.005709299999978, 44.468148 ], [ -67.9937455, 44.468017599999989 ], [ -67.9821137, 44.4834714 ], [ -67.9839382, 44.4978945 ], [ -67.976797099999985, 44.498962 ], [ -67.9718909, 44.4970939 ], [ -67.967723, 44.4848797 ], [ -67.967349899999988, 44.4691203 ], [ -67.9545968, 44.433947699999983 ], [ -67.9460625, 44.419851699999988 ], [ -67.9405703, 44.4162466 ], [ -67.9314489, 44.431118899999987 ], [ -67.930924, 44.4439084 ], [ -67.9268845, 44.4554616 ], [ -67.928388, 44.4710013 ], [ -67.910547099999988, 44.4822461 ], [ -67.9053153, 44.460860199999985 ], [ -67.909405399999983, 44.4466807 ], [ -67.9107581, 44.4219272 ], [ -67.9046261, 44.4067847 ], [ -67.898629299999982, 44.4035529 ], [ -67.8923486, 44.411319699999986 ], [ -67.8826082, 44.4538021 ], [ -67.8905315, 44.4792766 ], [ -67.885, 44.4833007 ], [ -67.876476, 44.4836669 ], [ -67.871764, 44.475725 ], [ -67.866333199999985, 44.4729438 ], [ -67.8563691, 44.4815159 ], [ -67.8530414, 44.4905226 ], [ -67.8603146, 44.5155095 ], [ -67.8788872, 44.539294499999983 ], [ -67.8720863, 44.5392435 ], [ -67.8541047, 44.534199699999988 ], [ -67.847728899999979, 44.542021 ], [ -67.847010899999987, 44.5550784 ], [ -67.841727599999984, 44.559039 ], [ -67.8304445, 44.5571504 ], [ -67.8178699, 44.549174099999981 ], [ -67.8183628, 44.556861499999989 ], [ -67.839604399999985, 44.5734012 ], [ -67.8277881, 44.583347 ], [ -67.82385069999998, 44.584123199999986 ], [ -67.813226799999981, 44.571130799999985 ], [ -67.805312899999976, 44.5693307 ], [ -67.800384, 44.5753403 ], [ -67.796338499999976, 44.5907593 ], [ -67.7881121, 44.5966601 ], [ -67.784022399999984, 44.582342099999984 ], [ -67.7868089, 44.5570437 ], [ -67.798533799999987, 44.5472661 ], [ -67.802042499999985, 44.538752699999982 ], [ -67.796904899999987, 44.524488499999983 ], [ -67.78813839999998, 44.524458 ], [ -67.7833735, 44.5321699 ], [ -67.783581099999978, 44.5431167 ], [ -67.7799013, 44.5460877 ], [ -67.772032, 44.5508249 ], [ -67.7663976, 44.5582999 ], [ -67.7620408, 44.5750135 ], [ -67.752225199999984, 44.5885909 ], [ -67.7489423, 44.6071695 ], [ -67.7457426, 44.6107911 ], [ -67.7405362, 44.6022524 ], [ -67.7396886, 44.5929369 ], [ -67.747312299999976, 44.5732616 ], [ -67.747007199999985, 44.5592474 ], [ -67.751397299999979, 44.5460746 ], [ -67.738350399999987, 44.524747899999987 ], [ -67.740503699999977, 44.5143668 ], [ -67.7376548, 44.501521 ], [ -67.7344987, 44.5035889 ], [ -67.732551199999989, 44.511786099999988 ], [ -67.7269952, 44.5142861 ], [ -67.721155799999977, 44.511068 ], [ -67.7191911, 44.501054899999986 ], [ -67.7140736, 44.4999346 ], [ -67.707778, 44.5027667 ], [ -67.703364, 44.5096583 ], [ -67.7027691, 44.520684 ], [ -67.698350699999978, 44.5303695 ], [ -67.6893885, 44.5370959 ], [ -67.6709856, 44.5437252 ], [ -67.6673756, 44.549925 ], [ -67.666140899999988, 44.5608379 ], [ -67.6591947, 44.5656213 ], [ -67.6443054, 44.564744099999984 ], [ -67.6348285, 44.5531064 ], [ -67.641419699999986, 44.529481199999985 ], [ -67.625677, 44.5283536 ], [ -67.5705886, 44.534092799999989 ], [ -67.5671118, 44.5366856 ], [ -67.5652098, 44.543278799999982 ], [ -67.5718224, 44.5648272 ], [ -67.561166499999985, 44.602330599999988 ], [ -67.567782, 44.6121583 ], [ -67.582849299999978, 44.620658 ], [ -67.5492779, 44.627615699999986 ], [ -67.5526433, 44.641713599999981 ], [ -67.5504085, 44.6514884 ], [ -67.535187799999989, 44.6395786 ], [ -67.532627099999985, 44.6275562 ], [ -67.5274746, 44.6274563 ], [ -67.5170716, 44.6336752 ], [ -67.5055607, 44.636634699999981 ], [ -67.4946707, 44.6267848 ], [ -67.4884791, 44.611984399999983 ], [ -67.455405699999986, 44.601903399999983 ], [ -67.4415452, 44.6056593 ], [ -67.4362913, 44.6099001 ], [ -67.4454941, 44.63381769999998 ], [ -67.4424241, 44.6489651 ], [ -67.4433021, 44.6611181 ], [ -67.436004499999981, 44.6629307 ], [ -67.4334533, 44.6586712 ], [ -67.434703, 44.6461385 ], [ -67.4270035, 44.6455883 ], [ -67.4242997, 44.6423176 ], [ -67.4216533, 44.6327272 ], [ -67.4232375, 44.6213897 ], [ -67.417569799999981, 44.6070517 ], [ -67.4115571, 44.5999142 ], [ -67.405308, 44.599743899999986 ], [ -67.3887948, 44.621626699999986 ], [ -67.374671299999989, 44.624977699999981 ], [ -67.3688829, 44.6315156 ], [ -67.3733986, 44.641870399999988 ], [ -67.3717676, 44.6549819 ], [ -67.3833338, 44.6678239 ], [ -67.3856026, 44.6763377 ], [ -67.3976701, 44.6838395 ], [ -67.39529659999998, 44.6963013 ], [ -67.3974973, 44.7110505 ], [ -67.3945794, 44.7145112 ], [ -67.386776699999984, 44.7128642 ], [ -67.384766099999979, 44.6950454 ], [ -67.3727228, 44.6896472 ], [ -67.3649615, 44.690954099999985 ], [ -67.353763, 44.700437 ], [ -67.3354071, 44.701336199999986 ], [ -67.3124181, 44.7059345 ], [ -67.303646599999979, 44.7043673 ], [ -67.3018096, 44.698077399999981 ], [ -67.3062673, 44.684010699999988 ], [ -67.3066423, 44.6644807 ], [ -67.290630399999984, 44.6348098 ], [ -67.2808191, 44.6276584 ], [ -67.261977099999982, 44.630944 ], [ -67.2690767, 44.6466464 ], [ -67.270017, 44.6559636 ], [ -67.2686448, 44.6603937 ], [ -67.263132499999983, 44.6641479 ], [ -67.2537009, 44.6663202 ], [ -67.2466044, 44.6638946 ], [ -67.2392665, 44.6447664 ], [ -67.235397, 44.642052 ], [ -67.2244978, 44.6389973 ], [ -67.203426099999987, 44.6435262 ], [ -67.1977631, 44.655805 ], [ -67.157943, 44.6682519 ], [ -67.143284399999985, 44.6866997 ], [ -67.1174696, 44.7067222 ], [ -67.1082767, 44.7161324 ], [ -67.1027176, 44.7286899 ], [ -67.1053804, 44.7387946 ], [ -67.0767762, 44.7441197 ], [ -67.0596998, 44.7691673 ], [ -67.05314820000001, 44.7701764 ], [ -67.0421029, 44.765258299999985 ], [ -67.0282131, 44.7686223 ], [ -66.9816624, 44.804181299999989 ], [ -66.9624009, 44.809537 ], [ -66.9559702, 44.8148516 ], [ -66.9614614, 44.8174587 ], [ -66.97563169999998, 44.8147483 ], [ -66.983009, 44.8164193 ], [ -66.9923527, 44.8416597 ], [ -66.9856006, 44.8566973 ], [ -66.9908392, 44.857800099999984 ], [ -67.0043634, 44.850398 ], [ -67.0110226, 44.8500806 ], [ -67.0128545, 44.8661376 ], [ -67.020275199999986, 44.882658 ], [ -67.040269399999985, 44.89835870000001 ], [ -67.0527192, 44.9022892 ], [ -67.056584199999989, 44.9020926 ], [ -67.0593304, 44.898111 ], [ -67.0511594, 44.8883959 ], [ -67.037978099999989, 44.8615579 ], [ -67.0314929, 44.8542408 ], [ -67.042656799999989, 44.8382797 ], [ -67.048920799999976, 44.8387187 ], [ -67.0534734, 44.852616499999989 ], [ -67.057000699999989, 44.856928499999988 ], [ -67.0657683, 44.8607112 ], [ -67.06876339999998, 44.868927299999989 ], [ -67.0984938, 44.888100099999988 ], [ -67.1031141, 44.8843002 ], [ -67.1036951, 44.8802793 ], [ -67.0918648, 44.8670113 ], [ -67.098724, 44.8628538 ], [ -67.1041197, 44.8673164 ], [ -67.1081979, 44.8659171 ], [ -67.0970817, 44.8524306 ], [ -67.1035765, 44.8460058 ], [ -67.108948899999987, 44.8453156 ], [ -67.1174696, 44.8540329 ], [ -67.1206063, 44.858256799999985 ], [ -67.1198642, 44.8721126 ], [ -67.127756299999987, 44.8745392 ], [ -67.134446399999987, 44.872534399999985 ], [ -67.1370653, 44.8389842 ], [ -67.134268300000016, 44.819844699999983 ], [ -67.141273499999983, 44.813070899999985 ], [ -67.155261399999986, 44.8155692 ], [ -67.1514207, 44.826717099999982 ], [ -67.1534203, 44.8374203 ], [ -67.149432, 44.8554919 ], [ -67.1587383, 44.876844 ], [ -67.1626964, 44.8799346 ], [ -67.182324, 44.8834179 ], [ -67.1926302, 44.8924102 ], [ -67.1895896, 44.895443699999987 ], [ -67.181911499999984, 44.8945714 ], [ -67.1823906, 44.9011345 ], [ -67.1920809, 44.905831299999974 ], [ -67.2068517, 44.9084308 ], [ -67.2090746, 44.9109032 ], [ -67.202135099999978, 44.9136943 ], [ -67.187475499999977, 44.9110137 ], [ -67.178212, 44.9121945 ], [ -67.1560513, 44.9028749 ], [ -67.145077799999981, 44.8910928 ], [ -67.1305558, 44.8863973 ], [ -67.1253993, 44.895757 ], [ -67.1174696, 44.8991866 ], [ -67.116095899999976, 44.8997807 ], [ -67.1161069, 44.9052546 ], [ -67.1174696, 44.906668499999988 ], [ -67.1265669, 44.916106199999987 ], [ -67.143473, 44.9215048 ], [ -67.153675899999982, 44.9276263 ], [ -67.157139899999976, 44.933767599999989 ], [ -67.158659, 44.9364606 ], [ -67.148102199999983, 44.9369085 ], [ -67.143586500000012, 44.933767599999989 ], [ -67.1343262, 44.9273263 ], [ -67.1174696, 44.924645299999987 ], [ -67.1158828, 44.924944099999983 ], [ -67.1137062, 44.9271874 ], [ -67.1150435, 44.930726799999988 ], [ -67.1174696, 44.9322375 ], [ -67.1174696, 44.933767599999989 ], [ -67.120417199999977, 44.933767599999989 ], [ -67.131883700000017, 44.939719499999974 ], [ -67.1344592, 44.9442522 ], [ -67.1314216, 44.9455149 ], [ -67.124042700000018, 44.9428564 ], [ -67.1174696, 44.942868099999977 ], [ -67.1155203, 44.942871499999988 ], [ -67.103985899999984, 44.9465142 ], [ -67.0912677, 44.923262799999989 ], [ -67.085009700000015, 44.9191911 ], [ -67.0779409, 44.917973799999984 ], [ -67.0710804, 44.9270473 ], [ -67.0580832, 44.9318525 ], [ -67.0530066, 44.937099199999984 ], [ -67.051757499999979, 44.9460466 ], [ -67.0550605, 44.955914199999988 ], [ -67.0471779, 44.956801199999987 ], [ -67.0454411, 44.9588423 ], [ -67.054642300000012, 44.9680904 ], [ -67.054860799999986, 44.983481499999982 ], [ -67.079653, 45.023862199999982 ], [ -67.0881341, 45.031583 ], [ -67.098283, 45.0371007 ], [ -67.1111684, 45.053670799999985 ], [ -67.1081924, 45.065770399999984 ], [ -67.108570299999982, 45.078608899999985 ], [ -67.115766299999976, 45.0936194 ], [ -67.1174696, 45.0952723 ], [ -67.1433404, 45.120370899999983 ], [ -67.1612244, 45.152378799999987 ], [ -67.20365, 45.165065599999984 ], [ -67.2249692, 45.1635346 ], [ -67.23285820000001, 45.1645952 ], [ -67.2421117, 45.1698398 ], [ -67.250959899999984, 45.1794009 ], [ -67.2701646, 45.18855809999998 ], [ -67.2772918, 45.186320899999984 ], [ -67.286744599999977, 45.178756199999988 ], [ -67.2903041, 45.174114599999989 ], [ -67.2944455, 45.1687139 ], [ -67.304511, 45.1467503 ], [ -67.3276779, 45.134919499999988 ], [ -67.3359362, 45.1255077 ], [ -67.344739799999985, 45.127294199999987 ], [ -67.3741021, 45.148950199999987 ], [ -67.3997333, 45.174427 ], [ -67.4177946, 45.187889299999981 ], [ -67.4445024, 45.2307306 ], [ -67.4630386, 45.2460531 ], [ -67.4822758, 45.2787402 ], [ -67.4829947, 45.288976 ], [ -67.4771155, 45.2941504 ], [ -67.4655786, 45.298921799999988 ], [ -67.4552061, 45.314060599999983 ], [ -67.4511109, 45.325827299999986 ], [ -67.4332425, 45.342056299999982 ], [ -67.431492799999987, 45.3540831 ], [ -67.4346601, 45.3663095 ], [ -67.4229028, 45.3752894 ], [ -67.4402032, 45.397543399999989 ], [ -67.478935800000016, 45.4258652 ], [ -67.482065699999978, 45.4427871 ], [ -67.4891056, 45.452874399999985 ], [ -67.490385099999983, 45.469606099999986 ], [ -67.4940089, 45.478249 ], [ -67.479758099999984, 45.488400899999988 ], [ -67.4648025, 45.4924849 ], [ -67.449620599999989, 45.499825299999983 ], [ -67.4323011, 45.5318885 ], [ -67.4254685, 45.5369206 ], [ -67.4108162, 45.545512 ], [ -67.4076501, 45.5542327 ], [ -67.419133, 45.5744178 ], [ -67.4462524, 45.5994353 ], [ -67.456343100000012, 45.603660499999982 ], [ -67.4678441, 45.6009048 ], [ -67.483695, 45.600789599999985 ], [ -67.4935246, 45.5889443 ], [ -67.505480099999986, 45.586002 ], [ -67.52174140000001, 45.5886752 ], [ -67.5393224, 45.595705599999988 ], [ -67.5671147, 45.5982359 ], [ -67.589296, 45.6063639 ], [ -67.6103247, 45.607445299999981 ], [ -67.6153135, 45.6077018 ], [ -67.6275891, 45.617686899999981 ], [ -67.6371503, 45.6215715 ], [ -67.6407373, 45.6152661 ], [ -67.6459782, 45.616432099999976 ], [ -67.6757137, 45.631823499999989 ], [ -67.7014829, 45.6595366 ], [ -67.7115538, 45.681372 ], [ -67.7203908, 45.6872754 ], [ -67.7293121, 45.688989 ], [ -67.7331577, 45.686049 ], [ -67.7213086, 45.665401 ], [ -67.72591079999998, 45.660590699999986 ], [ -67.7443089, 45.666706599999983 ], [ -67.758944099999979, 45.6673561 ], [ -67.7727489, 45.675533099999988 ], [ -67.7799013, 45.675755699999989 ], [ -67.8041134, 45.6769427 ], [ -67.8101254, 45.6794107 ], [ -67.812812499999978, 45.684702799999982 ], [ -67.811878599999986, 45.6891094 ], [ -67.8051511, 45.6946354 ], [ -67.807644, 45.726182199999982 ], [ -67.7925569, 45.733356099999988 ], [ -67.789051199999989, 45.7383604 ], [ -67.794053799999986, 45.7475406 ], [ -67.8077433, 45.757067899999988 ], [ -67.8069745, 45.77153569999998 ], [ -67.8102685, 45.792459099999981 ], [ -67.7977683, 45.8063895 ], [ -67.7799013, 45.8147123 ], [ -67.7632284, 45.8189876 ], [ -67.761534099999977, 45.8223443 ], [ -67.76859, 45.8343374 ], [ -67.7799013, 45.841347299999988 ], [ -67.7966257, 45.8517102 ], [ -67.8060717, 45.8696945 ], [ -67.80807440000001, 45.879474399999985 ], [ -67.799449699999982, 45.887112599999988 ], [ -67.7799013, 45.8937824 ], [ -67.77595789999998, 45.895127799999983 ], [ -67.7589957, 45.911798099999984 ], [ -67.7556664, 45.9150695 ], [ -67.7586463, 45.9229391 ], [ -67.773389, 45.9312485 ], [ -67.7799013, 45.9380441 ], [ -67.7833877, 45.9416818 ], [ -67.782763599999981, 45.9764203 ], [ -67.780808099999987, 46.085140399999979 ], [ -67.7831833, 46.1558433 ], [ -67.7835881, 46.4848493 ], [ -67.7873381, 46.755079299999984 ], [ -67.7901999, 46.775890399999987 ], [ -67.7862953, 46.7924283 ], [ -67.7918418, 46.8500725 ], [ -67.7889989, 46.8671358 ], [ -67.7910702, 46.979196799999983 ], [ -67.787239, 47.0642833 ], [ -67.8180851, 47.08076639999998 ], [ -67.8658049, 47.0986804 ], [ -67.886048, 47.1042255 ], [ -67.897470299999981, 47.1284053 ], [ -67.9091139, 47.1426295 ], [ -67.9335009, 47.161609599999984 ], [ -67.95618829999998, 47.195168499999987 ], [ -67.9676066, 47.2023133 ], [ -67.990145199999986, 47.2105785 ], [ -68.0145662, 47.2334045 ], [ -68.049921499999982, 47.255927299999989 ], [ -68.079449399999987, 47.267136299999976 ], [ -68.0965004, 47.280065199999989 ], [ -68.1329699, 47.295577 ], [ -68.1464469, 47.305883799999982 ], [ -68.158850699999988, 47.3251176 ], [ -68.1644912, 47.329742699999983 ], [ -68.184561, 47.3330543 ], [ -68.201444, 47.3398797 ], [ -68.2175203, 47.342775099999983 ], [ -68.236841199999986, 47.3568281 ], [ -68.261051299999977, 47.3570187 ], [ -68.2899497, 47.364434699999983 ], [ -68.3286539, 47.3618368 ], [ -68.3623338, 47.3562027 ], [ -68.3816586, 47.3449846 ], [ -68.3863581, 47.338559599999982 ], [ -68.387934899999976, 47.3240363 ], [ -68.380108, 47.29512829999998 ], [ -68.3840986, 47.289569 ], [ -68.39026, 47.287480199999983 ], [ -68.412254399999981, 47.2885075 ], [ -68.4407277, 47.284796199999988 ], [ -68.4631977, 47.290842699999985 ], [ -68.4788169, 47.298311 ], [ -68.511585, 47.2992983 ], [ -68.5298118, 47.295588 ], [ -68.5505468, 47.2842649 ], [ -68.5732791, 47.286951599999973 ], [ -68.5855183, 47.2855591 ], [ -68.5926277, 47.2803506 ], [ -68.5970381, 47.2720092 ], [ -68.5930953, 47.255266699999986 ], [ -68.6259182, 47.2432424 ], [ -68.662224599999988, 47.238491599999989 ], [ -68.6851902, 47.242371 ], [ -68.702160099999986, 47.238711499999987 ], [ -68.7307011, 47.237451299999989 ], [ -68.759406, 47.2236901 ], [ -68.7824557, 47.2219323 ], [ -68.8114924, 47.214353599999981 ], [ -68.858246800000018, 47.1916823 ], [ -68.8746104, 47.188004199999988 ], [ -68.886449599999978, 47.1813534 ], [ -68.8961159, 47.180391399999984 ], [ -68.9124749, 47.1870235 ], [ -68.9305706, 47.199926499999989 ], [ -68.9595973, 47.2072244 ], [ -68.989912099999984, 47.2268386 ], [ -69.036235399999981, 47.244681 ], [ -69.0498023, 47.254176499999986 ], [ -69.0540398, 47.294291899999976 ], [ -69.051773199999985, 47.314924 ], [ -69.0527879, 47.377803599999986 ], [ -69.0508505, 47.381432099999977 ], [ -69.0433902, 47.384444899999984 ], [ -69.0454536, 47.3906638 ], [ -69.043372199999979, 47.3981856 ], [ -69.035521799999984, 47.4049803 ], [ -69.0452879, 47.42642 ], [ -69.0611189, 47.431240699999982 ], [ -69.073114, 47.4268081 ], [ -69.0877045, 47.4255299 ], [ -69.108223, 47.4320452 ], [ -69.121483499999982, 47.4400714 ], [ -69.153214, 47.449561799999984 ], [ -69.1655006, 47.4497989 ], [ -69.179784399999988, 47.454488599999983 ], [ -69.2058663, 47.451571799999989 ], [ -69.2254944, 47.4572454 ], [ -69.813506699999976, 46.873404 ], [ -69.854338799999979, 46.829682699999985 ], [ -69.9118745, 46.773142299999989 ], [ -69.9202058, 46.764700899999987 ], [ -69.9382799, 46.7463832 ], [ -69.982968399999976, 46.701065699999987 ], [ -69.9865481, 46.699343499999983 ], [ -69.996519, 46.685362399999981 ], [ -69.9970037, 46.683813199999982 ], [ -70.0000251, 46.674154699999981 ], [ -70.011507099999989, 46.6316753 ], [ -70.0129249, 46.6192942 ], [ -70.018333, 46.595526799999988 ], [ -70.052219199999982, 46.4463666 ], [ -70.0536083, 46.44024289999998 ], [ -70.05683, 46.4260387 ], [ -70.0763124, 46.4111555 ], [ -70.0914142, 46.4097382 ], [ -70.0960969, 46.4092987 ], [ -70.106113800000017, 46.4029208 ], [ -70.1141403, 46.392361499999986 ], [ -70.1260172, 46.3832303 ], [ -70.1332495, 46.379871099999981 ], [ -70.1373862, 46.370573799999981 ], [ -70.1443525, 46.3698663 ], [ -70.1508067, 46.3607588 ], [ -70.155442799999989, 46.3595864 ], [ -70.1676511, 46.3612487 ], [ -70.1825877, 46.3590764 ], [ -70.1933874, 46.3514806 ], [ -70.1974938, 46.35011 ], [ -70.2166325, 46.325352699999982 ], [ -70.2112146, 46.314602699999988 ], [ -70.2145309, 46.3011579 ], [ -70.2355644, 46.2908349 ], [ -70.2506688, 46.2706241 ], [ -70.2603251, 46.2576993 ], [ -70.259669599999981, 46.251079 ], [ -70.281696499999981, 46.208924599999982 ], [ -70.294808, 46.1944136 ], [ -70.300979499999983, 46.1921713 ], [ -70.288206, 46.176803399999983 ], [ -70.269567099999989, 46.1658062 ], [ -70.2636197, 46.1584774 ], [ -70.255825499999986, 46.154164599999987 ], [ -70.2476384, 46.1493434 ], [ -70.245129599999984, 46.1440151 ], [ -70.259349, 46.111972399999985 ], [ -70.258916, 46.102002899999988 ], [ -70.2814963, 46.098645499999989 ], [ -70.306138, 46.067104099999987 ], [ -70.3021704, 46.0633839 ], [ -70.2812777, 46.061344299999988 ], [ -70.2779075, 46.0581424 ], [ -70.2775457, 46.052085 ], [ -70.2946145, 46.0417938 ], [ -70.300283, 46.031420799999985 ], [ -70.310715500000015, 46.021296799999988 ], [ -70.3076435, 46.0091708 ], [ -70.293321600000013, 45.9998912 ], [ -70.2901847, 45.995265499999988 ], [ -70.3041126, 45.983376799999981 ], [ -70.3086121, 45.9679374 ], [ -70.304426499999977, 45.966338 ], [ -70.290178599999976, 45.9670728 ], [ -70.2746771, 45.9724064 ], [ -70.2622848, 45.965913799999981 ], [ -70.2552269, 45.954044599999989 ], [ -70.239447899999988, 45.949517099999987 ], [ -70.233614, 45.943994 ], [ -70.2346107, 45.9361555 ], [ -70.2556078, 45.9260082 ], [ -70.2522815, 45.911891 ], [ -70.2593587, 45.890876 ], [ -70.2965896, 45.8669213 ], [ -70.3147786, 45.858889499999975 ], [ -70.3349741, 45.853869099999983 ], [ -70.351659499999982, 45.8425715 ], [ -70.3663019, 45.837111399999984 ], [ -70.375458, 45.828929099999989 ], [ -70.390347499999976, 45.806641299999988 ], [ -70.407858199999978, 45.7954869 ], [ -70.4076065, 45.782019 ], [ -70.402442199999982, 45.765716199999986 ], [ -70.391387199999983, 45.754592799999983 ], [ -70.38899619999998, 45.743497099999985 ], [ -70.392259399999986, 45.726577799999987 ], [ -70.3970762, 45.71995 ], [ -70.4270452, 45.704870299999982 ], [ -70.4617436, 45.702215299999985 ], [ -70.50447819999998, 45.6829308 ], [ -70.5223861, 45.668546299999988 ], [ -70.552017, 45.666329499999989 ], [ -70.6133212, 45.615519099999986 ], [ -70.637146, 45.606233799999984 ], [ -70.6537696, 45.5923442 ], [ -70.6654234, 45.5792031 ], [ -70.677928699999981, 45.551246 ], [ -70.7127643, 45.516203 ], [ -70.7131826, 45.493756699999985 ], [ -70.7072638, 45.483309599999984 ], [ -70.6849979, 45.464099599999976 ], [ -70.6716905, 45.449193399999984 ], [ -70.6480807, 45.4418119 ], [ -70.644018199999977, 45.4277306 ], [ -70.629417, 45.422617099999989 ], [ -70.6326859, 45.40987 ], [ -70.625078, 45.402796399999978 ], [ -70.624522, 45.3988812 ], [ -70.6339963, 45.391053399999983 ], [ -70.6438879, 45.3767545 ], [ -70.649881099999988, 45.3744433 ], [ -70.6546252, 45.3752123 ], [ -70.6609211, 45.3844149 ], [ -70.6707064, 45.390244499999987 ], [ -70.695109299999984, 45.391579799999988 ], [ -70.7165694, 45.3899434 ], [ -70.7365215, 45.405442899999983 ], [ -70.7456304, 45.418591299999974 ], [ -70.7568255, 45.423958499999983 ], [ -70.7686819, 45.4268318 ], [ -70.779350100000016, 45.4268935 ], [ -70.799572, 45.418199299999984 ], [ -70.8222107, 45.397982899999981 ], [ -70.8206946, 45.3941183 ], [ -70.8099532, 45.385231499999989 ], [ -70.8016725, 45.3681913 ], [ -70.804751499999981, 45.354143399999984 ], [ -70.8148381, 45.3435835 ], [ -70.807236899999978, 45.325450599999989 ], [ -70.809442099999984, 45.304535099999988 ], [ -70.815677, 45.2992924 ], [ -70.8304902, 45.296650299999989 ], [ -70.8277018, 45.2859813 ], [ -70.8291636, 45.2811892 ], [ -70.852178, 45.2662227 ], [ -70.8493772, 45.254554299999988 ], [ -70.839722899999984, 45.241789599999983 ], [ -70.8548563, 45.2333822 ], [ -70.8675476, 45.231363 ], [ -70.8788341, 45.2346867 ], [ -70.8895833, 45.2436816 ], [ -70.902616899999984, 45.2644776 ], [ -70.9134937, 45.273357699999984 ], [ -70.9169241, 45.281331099999989 ], [ -70.9140144, 45.2932524 ], [ -70.9182887, 45.315510099999983 ], [ -70.9505837, 45.332414 ], [ -70.9795635, 45.337046799999989 ], [ -71.0003367, 45.349659199999984 ], [ -71.007434499999988, 45.345595799999984 ], [ -71.005282599999987, 45.3252437 ], [ -71.011630799999978, 45.3179756 ], [ -71.0323588, 45.312762199999987 ], [ -71.069345099999978, 45.311383399999983 ], [ -71.081392499999978, 45.3089187 ], [ -71.0940362, 45.3034684 ], [ -71.1058553, 45.291352 ], [ -71.1206744, 45.261545299999987 ], [ -71.13216629999998, 45.2509353 ], [ -71.143111, 45.247731 ], [ -71.165225, 45.247449 ], [ -71.214132699999979, 45.251722499999985 ], [ -71.2385211, 45.2674204 ], [ -71.2567436, 45.2732565 ], [ -71.2651294, 45.292581399999982 ], [ -71.2751647, 45.295867199999989 ], [ -71.2803445, 45.3003133 ], [ -71.2865021, 45.300017399999973 ], [ -71.292528199999978, 45.2997278 ], [ -71.3077015, 45.289032099999986 ], [ -71.309524399999987, 45.2883332 ], [ -71.35387009999998, 45.271328499999981 ], [ -71.360940599999978, 45.2586055 ], [ -71.3788813, 45.2398342 ], [ -71.3829404, 45.2394544 ], [ -71.393172599999986, 45.2439703 ], [ -71.4070596, 45.2360043 ], [ -71.4323118, 45.235763399999989 ], [ -71.429436799999976, 45.228234199999974 ], [ -71.401025, 45.215079599999989 ], [ -71.3988982, 45.2116002 ], [ -71.424573, 45.155785099999974 ], [ -71.4254102, 45.146140699999989 ], [ -71.4209549, 45.1314911 ], [ -71.4260634, 45.123493499999988 ], [ -71.4333311, 45.1175022 ], [ -71.4626967, 45.093288099999981 ], [ -71.49177, 45.082625299999989 ], [ -71.497539799999984, 45.078314899999981 ], [ -71.510081699999986, 45.068944299999984 ], [ -71.5104669, 45.059122699999989 ], [ -71.497539799999984, 45.051783 ], [ -71.4932112, 45.0441417 ], [ -71.4922131, 45.0340363 ], [ -71.497539799999984, 45.0151614 ], [ -71.513416899999982, 45.008896399999983 ], [ -71.524335899999983, 45.0071113 ], [ -71.539977400000012, 45.000045199999967 ], [ -71.97593879999998, 45.000009199999987 ], [ -72.2320477, 45.0000078 ], [ -72.674635400000014, 45.0000053 ], [ -72.7002671, 45.000005199999983 ], [ -72.895763800000012, 45.0000041 ], [ -72.902784, 45.0000041 ], [ -73.399773099999976, 45.0000014 ], [ -73.97656, 45.0005397 ], [ -74.046366, 45.0006049 ], [ -74.238618199999976, 45.0007843 ], [ -74.304582299999979, 45.000845899999987 ], [ -74.6324107, 45.001151899999989 ], [ -74.640188499999979, 44.999494 ], [ -74.6432079, 45.0015115 ], [ -74.6513317, 45.001921499999987 ], [ -74.6633392, 44.9997793 ], [ -74.670169099999981, 45.005389899999983 ], [ -74.674025899999975, 45.0010676 ], [ -74.681923799999979, 44.9997674 ], [ -74.7049366, 45.002624 ], [ -74.7206628, 44.9986143 ], [ -74.7302492, 44.9913046 ], [ -74.7356793, 44.9905414 ], [ -74.745180599999983, 44.990957 ], [ -74.758978, 44.994794599999985 ], [ -74.7641794, 45.005381499999984 ], [ -74.7917984, 45.004663799999989 ], [ -74.8024256, 45.0141715 ], [ -74.8172908, 45.0121569 ], [ -74.8275355, 45.015543699999974 ], [ -74.8355067, 45.0141844 ], [ -74.8671238, 45.0008412 ], [ -74.888597899999979, 44.9996318 ], [ -74.900544, 44.9926867 ], [ -74.9088385, 44.9838585 ], [ -74.947471499999978, 44.9847945 ], [ -74.9753117, 44.9826512 ], [ -74.9940285, 44.976357899999989 ], [ -75.0070083, 44.9573728 ], [ -75.027014599999987, 44.9466146 ], [ -75.0587922, 44.9348105 ], [ -75.0649076, 44.9298965 ], [ -75.094861899999984, 44.927070099999987 ], [ -75.1051048, 44.9200963 ], [ -75.1177899, 44.9207419 ], [ -75.131762199999983, 44.916064 ], [ -75.1350388, 44.9135164 ], [ -75.140937799999989, 44.8971173 ], [ -75.1651753, 44.893301199999989 ], [ -75.184229099999982, 44.8856904 ], [ -75.2032254, 44.8781016 ], [ -75.2178344, 44.8774564 ], [ -75.228429, 44.868720499999988 ], [ -75.240976299999986, 44.8668164 ], [ -75.25580189999998, 44.8577264 ], [ -75.2859096, 44.8477384 ], [ -75.3062938, 44.8369035 ], [ -75.303722399999984, 44.8253719 ], [ -75.3326135, 44.807053099999983 ], [ -75.3457311, 44.8078031 ], [ -75.3657746, 44.7909096 ], [ -75.3680448, 44.788995899999989 ], [ -75.3708912, 44.7831306 ], [ -75.387121199999982, 44.7795649 ], [ -75.3970216, 44.7737123 ], [ -75.413568799999979, 44.771596099999989 ], [ -75.425566099999983, 44.7548091 ], [ -75.4755765, 44.721181099999981 ], [ -75.5059176, 44.704572399999989 ], [ -75.619071199999979, 44.6194633 ], [ -75.6632722, 44.5913418 ], [ -75.741745299999977, 44.533662799999988 ], [ -75.766562099999987, 44.5154101 ], [ -75.8073175, 44.4716908 ], [ -75.821794699999984, 44.432083299999988 ], [ -75.870220499999988, 44.3959957 ], [ -75.9111117, 44.369001499999982 ], [ -75.9218077, 44.3680279 ], [ -75.9299759, 44.3593609 ], [ -75.9507417, 44.3487264 ], [ -75.9704346, 44.3428814 ], [ -75.9825872, 44.347084099999989 ], [ -76.001809499999979, 44.3472863 ], [ -76.046015499999982, 44.3313782 ], [ -76.0967748, 44.300111899999983 ], [ -76.1190115, 44.2951051 ], [ -76.132336599999988, 44.2956003 ], [ -76.158622399999985, 44.2823432 ], [ -76.1618811, 44.2787854 ], [ -76.1650695, 44.239622 ], [ -76.192447099999981, 44.221179899999989 ], [ -76.225156799999979, 44.2097179 ], [ -76.245940600000012, 44.203999799999984 ], [ -76.2866049, 44.2036842 ], [ -76.3123384, 44.198705 ], [ -76.353222799999983, 44.1344775 ], [ -76.4392762, 44.093382299999988 ], [ -76.5201588, 43.989104499999989 ], [ -76.730022100000014, 43.717682599999989 ], [ -76.7849996, 43.646328199999985 ], [ -76.7966944, 43.631138899999982 ], [ -76.811461099999988, 43.631138899999982 ], [ -76.9705861, 43.631138899999982 ], [ -77.124158599999987, 43.631138899999982 ], [ -77.4421511, 43.631138899999982 ], [ -77.5714622, 43.631138899999982 ], [ -78.0923987, 43.6311389 ], [ -78.422388099999978, 43.631138899999982 ], [ -78.630962, 43.631138899999982 ], [ -78.69038879999998, 43.631138899999982 ], [ -78.8588002, 43.5715718 ], [ -78.9704776, 43.532038899999989 ], [ -79.1997825, 43.4498204 ], [ -79.1168489, 43.329768 ], [ -79.073406699999978, 43.2667873 ], [ -79.055917499999978, 43.2536944 ], [ -79.0532758, 43.2238825 ], [ -79.0561403, 43.210639 ], [ -79.049119799999986, 43.199433299999988 ], [ -79.053128, 43.173973599999989 ], [ -79.046573799999976, 43.161525499999989 ], [ -79.0425268, 43.1435503 ], [ -79.044144, 43.1385894 ], [ -79.0541378, 43.1296628 ], [ -79.068518499999982, 43.120514199999988 ], [ -79.060555299999976, 43.1139533 ], [ -79.058374599999979, 43.1068581 ], [ -79.074913, 43.079929199999988 ], [ -79.071689599999985, 43.077560399999982 ], [ -79.0341428, 43.072085699999988 ], [ -79.0138302, 43.0668474 ], [ -79.001764299999977, 43.0587568 ], [ -79.0020041, 43.057137199999985 ], [ -79.0093583, 43.058508 ], [ -79.0139744, 43.057175 ], [ -79.0059968, 43.0466886 ], [ -79.0244142, 43.0189551 ], [ -79.0237945, 43.0002663 ], [ -79.0159849, 42.9843877 ], [ -78.9881634, 42.9746732 ], [ -78.9704776, 42.965139399999984 ], [ -78.960354199999983, 42.9578697 ], [ -78.932302799999988, 42.955383499999989 ], [ -78.9191115, 42.946651799999984 ], [ -78.906464, 42.9250755 ], [ -78.905813, 42.9031936 ], [ -78.935214599999981, 42.8292746 ], [ -78.9704776, 42.8150225 ], [ -79.461569399999988, 42.6288736 ], [ -79.6759554, 42.5474353 ], [ -79.898348, 42.4628431 ], [ -80.079753, 42.3937567 ], [ -80.977294699999987, 42.2502532 ], [ -81.2462578, 42.207186299999989 ], [ -81.796571500000013, 41.9541501 ], [ -81.8719472, 41.9249662 ], [ -82.267881, 41.741967 ], [ -82.3195847, 41.7159977 ], [ -82.397457599999981, 41.6768645 ], [ -82.6798706, 41.6769086 ], [ -83.0680128, 41.8632154 ], [ -83.149224, 42.040435599999981 ], [ -83.119574699999987, 42.1243944 ], [ -83.13418129999998, 42.1748677 ], [ -83.1257607, 42.239222499999983 ], [ -83.0983831, 42.2887306 ], [ -83.0801786, 42.3068382 ], [ -83.0634199, 42.3167986 ], [ -83.025571899999989, 42.328994699999988 ], [ -82.987242, 42.333005799999988 ], [ -82.9606867, 42.339865899999985 ], [ -82.9440922, 42.347639499999985 ], [ -82.830015599999982, 42.3740505 ], [ -82.7123455, 42.488400299999988 ], [ -82.6607307, 42.5424471 ], [ -82.64387739999998, 42.5536767 ], [ -82.633410699999985, 42.5566856 ], [ -82.6217358, 42.5562525 ], [ -82.606874399999981, 42.5486559 ], [ -82.588156399999988, 42.5521252 ], [ -82.578069899999988, 42.5664581 ], [ -82.548112799999984, 42.5914465 ], [ -82.525425799999979, 42.6057826 ], [ -82.520491099999987, 42.6117685 ], [ -82.510262399999988, 42.6365388 ], [ -82.510328499999986, 42.6659621 ], [ -82.4845691, 42.7170566 ], [ -82.482935699999985, 42.734051199999989 ], [ -82.4677024, 42.762662 ], [ -82.470741, 42.7834583 ], [ -82.482329299999975, 42.809542799999981 ], [ -82.468750399999976, 42.8521912 ], [ -82.469644299999985, 42.8867863 ], [ -82.4565288, 42.924135099999987 ], [ -82.447313699999981, 42.9373715 ], [ -82.4291198, 42.951872800000011 ], [ -82.4167955, 42.9667046 ], [ -82.413912799999977, 42.977303299999974 ], [ -82.4236399, 42.9905416 ], [ -82.423913299999981, 42.9977284 ], [ -82.410755600000016, 43.012127299999989 ], [ -82.389462299999977, 43.0631975 ], [ -82.3195847, 43.2021801 ], [ -82.255295699999976, 43.329768 ], [ -82.1330841, 43.5715718 ], [ -82.1231743, 43.591136599999984 ], [ -82.2109291, 43.989104499999982 ], [ -82.250516399999981, 44.1677651 ], [ -82.3195847, 44.471632699999986 ], [ -82.518222699999981, 45.3367728 ], [ -82.522926599999977, 45.3405776 ], [ -83.5954345, 45.820624 ], [ -83.5949043, 45.8237215 ], [ -83.434640799999983, 45.9979 ], [ -83.5719416, 46.1054406 ], [ -83.655385299999978, 46.1214314 ], [ -83.760244399999976, 46.1030319 ], [ -83.8261882, 46.1183247 ], [ -83.90295, 46.061103199999984 ], [ -83.908743399999977, 46.060706 ], [ -83.9553797, 46.057508799999987 ], [ -83.976322099999976, 46.101845499999989 ], [ -84.0059004, 46.118776499999974 ], [ -84.006746499999977, 46.149501799999982 ], [ -84.0763772, 46.187157 ], [ -84.0861558, 46.2104855 ], [ -84.1074261, 46.2405726 ], [ -84.0984483, 46.256094599999983 ], [ -84.1152439, 46.2687543 ], [ -84.119235799999984, 46.3132722 ], [ -84.1068943, 46.322674699999986 ], [ -84.120397599999976, 46.339033599999986 ], [ -84.138570499999986, 46.371839899999983 ], [ -84.145799, 46.4173793 ], [ -84.111602499999975, 46.503593899999984 ], [ -84.1176833, 46.516791799999979 ], [ -84.1293769, 46.5301505 ], [ -84.1405042, 46.532134499999984 ], [ -84.163122399999978, 46.526894099999986 ], [ -84.1760252, 46.527477 ], [ -84.195138599999979, 46.53937 ], [ -84.2226386, 46.5344822 ], [ -84.255387099999979, 46.5008025 ], [ -84.2645266, 46.495579899999989 ], [ -84.2759333, 46.4932539 ], [ -84.2967726, 46.493639799999983 ], [ -84.3418282, 46.5068031 ], [ -84.3661668, 46.5086482 ], [ -84.3766823, 46.5075766 ], [ -84.396581099999977, 46.499434699999988 ], [ -84.4214878, 46.4994724 ], [ -84.4457903, 46.4876704 ], [ -84.477268, 46.4536023 ], [ -84.557277, 46.4618468 ], [ -84.762421899999978, 46.6346724 ], [ -84.789127, 46.702069599999987 ], [ -84.863711599999988, 46.889426599999986 ], [ -84.9563926, 46.9288403 ], [ -85.5895008, 47.191455 ], [ -87.1119859, 47.817693299999988 ], [ -87.6488517, 48.029280299999989 ], [ -87.973616299999975, 48.154037699999982 ], [ -88.3672888, 48.3048601 ], [ -88.680078799999976, 48.244136499999989 ], [ -89.336078, 47.9757123 ], [ -89.485778699999983, 48.0134985 ], [ -89.5589014, 48.003404599999982 ], [ -89.5795336, 47.997638199999983 ], [ -89.606162199999986, 48.0074541 ], [ -89.611596699999978, 48.0157531 ], [ -89.620478499999976, 48.011477 ], [ -89.6347075, 48.008723 ], [ -89.6396366, 48.0052775 ], [ -89.6483613, 48.0049382 ], [ -89.6590869, 48.009363 ], [ -89.667492099999976, 48.008845 ], [ -89.6757244, 48.0107674 ], [ -89.704463, 48.0081309 ], [ -89.714313899999979, 48.010774499999989 ], [ -89.7245604, 48.0193838 ], [ -89.7513362, 48.0229966 ], [ -89.7733694, 48.0218541 ], [ -89.800717399999982, 48.015189799999987 ], [ -89.8142322, 48.016003099999985 ], [ -89.8329657, 48.002332 ], [ -89.841737399999985, 48.001602599999984 ], [ -89.844740499999986, 47.996725899999987 ], [ -89.852607499999976, 47.9925624 ], [ -89.873933199999982, 47.987434799999981 ], [ -89.895344899999984, 47.9886281 ], [ -89.920759499999988, 47.9980564 ], [ -89.9359689, 48.0145621 ], [ -89.946826099999981, 48.0153329 ], [ -89.9547251, 48.012689299999984 ], [ -89.963754, 48.0144429 ], [ -89.97616309999998, 48.022917799999988 ], [ -89.9921631, 48.0290316 ], [ -89.996176299999988, 48.0351442 ], [ -89.996176299999988, 48.036394199999975 ], [ -89.9944654, 48.0489006 ], [ -89.996176299999988, 48.0531893 ], [ -89.997368, 48.0561765 ], [ -90.007547799999983, 48.066933399999989 ], [ -90.0164792, 48.0698754 ], [ -90.025893, 48.0855903 ], [ -90.0749289, 48.101267299999989 ], [ -90.093375, 48.104506799999989 ], [ -90.118019099999984, 48.1050511 ], [ -90.136018599999986, 48.1116713 ], [ -90.162156099999976, 48.1100516 ], [ -90.176097899999988, 48.111773799999987 ], [ -90.191109099999977, 48.1081585 ], [ -90.2113165, 48.1065918 ], [ -90.227895, 48.107716299999986 ], [ -90.251901, 48.1028856 ], [ -90.2733477, 48.102973399999975 ], [ -90.2891683, 48.0995797 ], [ -90.3044143, 48.104417099999985 ], [ -90.31322, 48.104821899999983 ], [ -90.3369408, 48.099971199999985 ], [ -90.376019299999982, 48.091979099999989 ], [ -90.4035936, 48.1045948 ], [ -90.4124284, 48.1045145 ], [ -90.438025299999978, 48.0994591 ], [ -90.4556362, 48.104595299999986 ], [ -90.4664632, 48.1077528 ], [ -90.486636199999978, 48.099756899999981 ], [ -90.5498844, 48.0968753 ], [ -90.562503199999981, 48.0988496 ], [ -90.5682706, 48.104640499999981 ], [ -90.567364200000014, 48.1082578 ], [ -90.557484699999989, 48.116089199999976 ], [ -90.5588306, 48.1202971 ], [ -90.5805442, 48.1229134 ], [ -90.5937033, 48.1173542 ], [ -90.6271205, 48.11122 ], [ -90.6437182, 48.103595 ], [ -90.751386, 48.0921009 ], [ -90.760825399999987, 48.098828699999984 ], [ -90.7691987, 48.116659599999984 ], [ -90.7879517, 48.1295151 ], [ -90.7851911, 48.1345489 ], [ -90.794244, 48.136890799999982 ], [ -90.7890392, 48.1434048 ], [ -90.77899619999998, 48.148535 ], [ -90.777937799999989, 48.162486699999988 ], [ -90.782005699999985, 48.1635044 ], [ -90.790074, 48.160853399999979 ], [ -90.798166599999988, 48.1629785 ], [ -90.804774199999983, 48.176879 ], [ -90.816492899999986, 48.1799709 ], [ -90.8214345, 48.183445 ], [ -90.824376, 48.1828055 ], [ -90.826550399999988, 48.177586299999987 ], [ -90.834603199999989, 48.1796875 ], [ -90.8403158, 48.2394616 ], [ -90.846797, 48.2436454 ], [ -90.855791899999986, 48.242522 ], [ -90.865730599999978, 48.2447358 ], [ -90.8798123, 48.2435152 ], [ -90.8880879, 48.245075699999987 ], [ -90.9045603, 48.243243 ], [ -90.958328099999989, 48.229767099999989 ], [ -90.9997378, 48.205615699999981 ], [ -91.005941099999987, 48.1999427 ], [ -91.023189, 48.1920751 ], [ -91.061872399999984, 48.187052699999988 ], [ -91.0718834, 48.183879099999984 ], [ -91.085081099999982, 48.1796949 ], [ -91.125479099999978, 48.1597156 ], [ -91.1398085, 48.155016699999983 ], [ -91.1424747, 48.1488011 ], [ -91.1754414, 48.127328399999982 ], [ -91.1999464, 48.11981489999998 ], [ -91.207114599999983, 48.115080099999986 ], [ -91.2161005, 48.1030525 ], [ -91.2322521, 48.0971207 ], [ -91.2497242, 48.0845779 ], [ -91.2624609, 48.080230799999981 ], [ -91.293135899999982, 48.07404589999998 ], [ -91.3327742, 48.071269199999989 ], [ -91.342919299999977, 48.0727901 ], [ -91.362515899999977, 48.068088599999989 ], [ -91.371527399999977, 48.068655 ], [ -91.383306799999986, 48.0634531 ], [ -91.406450299999975, 48.0595782 ], [ -91.423061, 48.0518108 ], [ -91.4321571, 48.0500195 ], [ -91.4381087, 48.051509299999985 ], [ -91.4483591, 48.067712399999984 ], [ -91.461014099999986, 48.067744599999976 ], [ -91.478781099999978, 48.071463399999985 ], [ -91.546319799999978, 48.0608593 ], [ -91.5725604, 48.051349099999989 ], [ -91.5749805, 48.067444199999983 ], [ -91.570298100000016, 48.0896164 ], [ -91.5551104, 48.10239989999998 ], [ -91.55797339999998, 48.1069111 ], [ -91.602842399999986, 48.1061365 ], [ -91.6395779, 48.099482099999989 ], [ -91.6504844, 48.1078562 ], [ -91.6540589, 48.113447799999989 ], [ -91.6625497, 48.11329809999998 ], [ -91.6730952, 48.108305199999982 ], [ -91.6837719, 48.111037 ], [ -91.6841043, 48.12135989999998 ], [ -91.6964594, 48.1160049 ], [ -91.7067246, 48.115173199999987 ], [ -91.707929899999982, 48.121033499999989 ], [ -91.700492799999978, 48.130945899999986 ], [ -91.6984937, 48.1411705 ], [ -91.7069764, 48.1523487 ], [ -91.706157799999986, 48.1703822 ], [ -91.710732800000017, 48.1722399 ], [ -91.7201859, 48.171147799999986 ], [ -91.7222798, 48.1729572 ], [ -91.7207888, 48.1799037 ], [ -91.7114209, 48.1911756 ], [ -91.7174517, 48.1996344 ], [ -91.738367299999979, 48.2038866 ], [ -91.742954899999987, 48.2000452 ], [ -91.7477718, 48.199472499999985 ], [ -91.757477099999988, 48.204807599999988 ], [ -91.765211899999983, 48.201200299999982 ], [ -91.7793051, 48.200323 ], [ -91.7867916, 48.1973348 ], [ -91.7924946, 48.2020851 ], [ -91.808521199999987, 48.206267899999986 ], [ -91.8174407, 48.2111101 ], [ -91.8622191, 48.2077506 ], [ -91.8688317, 48.2192518 ], [ -91.883508899999981, 48.22734819999998 ], [ -91.895737399999987, 48.2376155 ], [ -91.915315899999982, 48.2383838 ], [ -91.944703099999984, 48.231795699999985 ], [ -91.9565358, 48.233638299999988 ], [ -91.957334599999982, 48.242437 ], [ -91.949994699999976, 48.246197 ], [ -91.954843700000012, 48.2516077 ], [ -91.9681924, 48.2531076 ], [ -91.975640099999978, 48.2459073 ], [ -91.9895432, 48.259740199999989 ], [ -92.006047099999989, 48.2669973 ], [ -92.012561, 48.296520099999974 ], [ -92.0019756, 48.320406299999981 ], [ -92.0287944, 48.325704599999973 ], [ -92.044949299999985, 48.334905699999986 ], [ -92.046494, 48.3474172 ], [ -92.0572368, 48.3589117 ], [ -92.0707076, 48.359530599999985 ], [ -92.0854293, 48.364219299999988 ], [ -92.10646, 48.358854199999989 ], [ -92.139286499999983, 48.3580737 ], [ -92.143188, 48.359420499999985 ], [ -92.146461699999989, 48.3647561 ], [ -92.1578085, 48.364737699999985 ], [ -92.1718709, 48.368649 ], [ -92.183421899999985, 48.3670341 ], [ -92.22442, 48.350077 ], [ -92.274242799999982, 48.3579212 ], [ -92.2977767, 48.353853399999984 ], [ -92.3034191, 48.349445 ], [ -92.3079153, 48.338390399999987 ], [ -92.3184365, 48.328391699999983 ], [ -92.3186974, 48.303809799999989 ], [ -92.307437299999975, 48.2928162 ], [ -92.2999849, 48.2744284 ], [ -92.2774859, 48.257432299999984 ], [ -92.275411199999979, 48.2521392 ], [ -92.281802199999987, 48.247699199999985 ], [ -92.323196399999986, 48.2372131 ], [ -92.3686687, 48.2301347 ], [ -92.3760608, 48.23053849999998 ], [ -92.3864379, 48.244138 ], [ -92.3865702, 48.249961 ], [ -92.391233199999988, 48.252761899999982 ], [ -92.394610899999975, 48.261952599999987 ], [ -92.3973727, 48.2662499 ], [ -92.415335399999975, 48.2941908 ], [ -92.4255665, 48.303968699999984 ], [ -92.4375259, 48.310311799999987 ], [ -92.4700121, 48.3533307 ], [ -92.4755735, 48.37198 ], [ -92.4572909, 48.4003891 ], [ -92.4586426, 48.414136899999981 ], [ -92.475091599999985, 48.4192865 ], [ -92.482239, 48.427408499999984 ], [ -92.5107877, 48.4479927 ], [ -92.558286299999978, 48.451671899999987 ], [ -92.588287100000016, 48.4451515 ], [ -92.673716399999975, 48.441761899999989 ], [ -92.6894428, 48.4450687 ], [ -92.7105528, 48.461703699999987 ], [ -92.7083023, 48.473997399999988 ], [ -92.6968848, 48.494640299999986 ], [ -92.684575099999989, 48.497135399999976 ], [ -92.6631693, 48.4967654 ], [ -92.6529071, 48.500904399999989 ], [ -92.637082599999985, 48.4998388 ], [ -92.6292803, 48.502722599999984 ], [ -92.630611, 48.507608499999989 ], [ -92.6264216, 48.512991399999976 ], [ -92.626204, 48.518075499999988 ], [ -92.6360354, 48.5419928 ], [ -92.659479, 48.5483194 ], [ -92.747107, 48.5457584 ], [ -92.889848299999983, 48.5934188 ], [ -92.9105206, 48.5970618 ], [ -92.929148699999985, 48.6062609 ], [ -92.9476235, 48.6086567 ], [ -92.9525975, 48.630185499999989 ], [ -92.969192499999977, 48.6283173 ], [ -92.979822399999989, 48.632263699999989 ], [ -92.9874365, 48.632907 ], [ -93.039682500000012, 48.626144499999988 ], [ -93.090506399999981, 48.627653599999988 ], [ -93.1508263, 48.624928599999983 ], [ -93.1821638, 48.6277925 ], [ -93.2117098, 48.6427499 ], [ -93.24228, 48.6465471 ], [ -93.279741, 48.643832599999982 ], [ -93.350799299999977, 48.631404 ], [ -93.353731099999976, 48.618990099999984 ], [ -93.3687394, 48.6108137 ], [ -93.3891578, 48.608075099999986 ], [ -93.4067348, 48.610921099999985 ], [ -93.42787869999998, 48.601461699999987 ], [ -93.463278699999989, 48.591958399999989 ], [ -93.466256699999988, 48.5868344 ], [ -93.4581262, 48.567413099999989 ], [ -93.458102599999975, 48.5595492 ], [ -93.4618293, 48.5529974 ], [ -93.4753358, 48.5466712 ], [ -93.5122363, 48.537301599999985 ], [ -93.5475033, 48.531051 ], [ -93.5803996, 48.5310268 ], [ -93.604600599999984, 48.5285948 ], [ -93.6222679, 48.5317018 ], [ -93.6415794, 48.524242099999981 ], [ -93.680595399999987, 48.5202093 ], [ -93.766157499999977, 48.5184413 ], [ -93.7984466, 48.524126699999989 ], [ -93.806530299999977, 48.5316919 ], [ -93.8089026, 48.5541029 ], [ -93.8030921, 48.5685989 ], [ -93.8037683, 48.5796183 ], [ -93.823933699999984, 48.6189731 ], [ -93.833955399999979, 48.627807499999982 ], [ -93.844971199999989, 48.6331145 ], [ -93.85902, 48.6348844 ], [ -93.971557199999978, 48.6368343 ], [ -94.002933, 48.6431722 ], [ -94.040384799999984, 48.640705799999985 ], [ -94.0752569, 48.646176899999986 ], [ -94.1506984, 48.646696099999986 ], [ -94.2076974, 48.651598 ], [ -94.2351575, 48.651876799999989 ], [ -94.2438238, 48.6543698 ], [ -94.249151599999976, 48.658951099999989 ], [ -94.2542967, 48.6873504 ], [ -94.2659768, 48.697304699999989 ], [ -94.291889199999986, 48.7084258 ], [ -94.3247487, 48.7047039 ], [ -94.3504534, 48.7041669 ], [ -94.379528399999984, 48.7122379 ], [ -94.401568399999988, 48.712612 ], [ -94.4185262, 48.7078607 ], [ -94.4387238, 48.6962153 ], [ -94.4485917, 48.6951634 ], [ -94.4717668, 48.6988266 ], [ -94.498678799999979, 48.6991714 ], [ -94.5245662, 48.7021594 ], [ -94.5515409, 48.7151192 ], [ -94.575764800000016, 48.716660499999982 ], [ -94.5899509, 48.7207508 ], [ -94.6152966, 48.734594 ], [ -94.6352987, 48.741605199999988 ], [ -94.6537561, 48.756591899999989 ], [ -94.681733399999985, 48.770085099999982 ], [ -94.689046199999979, 48.777183599999987 ], [ -94.6954981, 48.808411 ], [ -94.7016993, 48.822679299999976 ], [ -94.688785799999977, 48.838880699999983 ], [ -94.6894307, 48.8525717 ], [ -94.684238799999989, 48.873036 ], [ -94.700266399999975, 48.894484099999985 ], [ -94.730534499999976, 48.9726443 ], [ -94.7390342, 49.006755899999987 ], [ -94.7556431, 49.031532 ], [ -94.791202699999985, 49.1203207 ], [ -94.820579799999976, 49.1703887 ], [ -94.821999299999987, 49.1824674 ], [ -94.817879, 49.2069308 ], [ -94.8244769, 49.250517699999982 ], [ -94.835616299999984, 49.290807699999981 ], [ -94.8332675, 49.3003947 ], [ -94.826640799999979, 49.309013 ], [ -94.828360199999977, 49.3153247 ], [ -94.8377867, 49.3197134 ], [ -94.86986229999998, 49.322039699999983 ], [ -94.8809874, 49.3247806 ], [ -94.927165800000012, 49.351362099999989 ], [ -94.954073, 49.360674399999986 ], [ -94.9818498, 49.3632414 ], [ -95.0405589, 49.3579594 ], [ -95.0812265, 49.358060299999984 ], [ -95.1264726, 49.3668567 ], [ -95.1632611, 49.38796479999997 ], [ -95.167196, 49.387298499999972 ], [ -95.168372, 49.38336039999998 ], [ -95.1655191, 48.999418899999981 ], [ -95.1677781, 48.9962166 ], [ -95.4353638, 48.997877 ], [ -95.552718, 48.996346699999975 ], [ -95.569235599999985, 48.997831199999986 ], [ -95.9237676, 48.9970288 ], [ -95.961215099999976, 48.9998119 ], [ -96.00463569999998, 48.996620699999987 ], [ -96.072897799999978, 48.995945299999974 ], [ -96.2356586, 48.9988 ], [ -96.2678655, 48.9970266 ], [ -96.2989464, 48.998144199999984 ], [ -96.636691199999987, 48.9956854 ], [ -96.706628199999983, 48.9983945 ], [ -96.995842, 48.995119099999989 ], [ -97.100630099999989, 48.9961376 ], [ -97.1206412, 48.994053599999987 ], [ -97.6613996, 48.9975635 ], [ -97.698429099999984, 48.9959641 ], [ -97.779235199999988, 48.9976277 ], [ -98.3140188, 48.9951482 ], [ -99.771999099999988, 48.994798 ], [ -99.835764699999984, 48.994782599999986 ], [ -100.32384, 48.9928056 ], [ -100.795740099999989, 48.9952501 ], [ -101.206499699999981, 48.9957378 ], [ -101.260666899999975, 48.995802099999985 ], [ -101.751545299999975, 48.996384899999988 ], [ -101.91654269999998, 48.996341799999982 ], [ -101.925546199999985, 48.9963395 ], [ -101.964873199999985, 48.9962611 ], [ -102.0687172, 48.996054199999975 ], [ -102.116048, 48.9959599 ], [ -102.306847099999985, 48.9952498 ], [ -102.4976428, 48.994219599999987 ], [ -102.7175367, 48.992611 ], [ -102.8791115, 48.993159899999981 ], [ -103.069912899999977, 48.9935099 ], [ -103.260655199999988, 48.993529899999977 ], [ -103.3429005, 48.993392 ], [ -103.451157299999977, 48.993210399999988 ], [ -103.6426756, 48.9925675 ], [ -103.8329331, 48.991599899999983 ], [ -104.0236052, 48.990301199999976 ], [ -104.276420799999983, 48.992861299999987 ], [ -104.4670287, 48.99441 ], [ -104.657702, 48.995629399999977 ], [ -104.8485592, 48.99652 ], [ -105.039000099999981, 48.997089 ], [ -105.229981599999988, 48.997319799999985 ], [ -105.42090349999998, 48.9972298 ], [ -105.611704499999988, 48.9967997 ], [ -105.802503299999984, 48.9960496 ], [ -106.039109699999983, 48.994640699999984 ], [ -106.1840367, 48.99503 ], [ -106.3745391, 48.995239799999986 ], [ -106.565341199999978, 48.995130099999976 ], [ -106.756321799999981, 48.9946698 ], [ -106.970296099999985, 48.9937808 ], [ -107.137853299999989, 48.9948901 ], [ -107.32859, 48.995849899999982 ], [ -107.519329899999988, 48.996479799999989 ], [ -107.709891899999988, 48.9967896 ], [ -107.900873699999977, 48.9967499 ], [ -108.0913158, 48.99640059999998 ], [ -108.2825343, 48.995710799999983 ], [ -108.473204599999974, 48.9971198 ], [ -108.6639996, 48.9982 ], [ -108.8547384, 48.998959799999987 ], [ -109.0456593, 48.99938 ], [ -109.236700899999974, 48.9994795 ], [ -109.427143399999977, 48.9992398 ], [ -109.6174047, 48.998681499999982 ], [ -109.8086811, 48.9977899 ], [ -110.0000132, 48.9965711 ], [ -110.201700799999983, 48.99814 ], [ -110.393033899999978, 48.999292499999989 ], [ -110.583652199999975, 49.0001211 ], [ -110.7740337, 49.0006099 ], [ -110.9648357, 49.0007699 ], [ -111.155577799999975, 49.0005999 ], [ -111.346737799999985, 49.000108399999988 ], [ -111.410445899999985, 48.999831199999974 ], [ -111.537176499999987, 48.999279799999989 ], [ -111.727491499999985, 48.9981327 ], [ -111.9127709, 48.996690799999989 ], [ -112.109441099999984, 48.997089799999983 ], [ -112.2537356, 48.997127799999987 ], [ -112.2870715, 48.997136499999989 ], [ -112.3185871, 48.9970937 ], [ -112.491288, 48.996859199999989 ], [ -112.5213538, 48.996763 ], [ -112.657644, 48.996327099999981 ], [ -112.6817885, 48.996249899999988 ], [ -112.863901899999988, 48.9953608 ], [ -113.06367969999998, 48.996491399999989 ], [ -113.122824899999983, 48.9967208 ], [ -113.1664406, 48.9968899 ], [ -113.254119199999977, 48.99723 ], [ -113.353296399999977, 48.9974379 ], [ -113.405964199999985, 48.9975483 ], [ -113.444860499999976, 48.9976299 ], [ -113.635962099999986, 48.997719599999989 ], [ -113.826404599999989, 48.997469899999984 ], [ -113.999837499999984, 48.996951099999983 ], [ -114.0687584, 48.998979899999981 ], [ -114.109922499999982, 48.999091099999987 ], [ -114.324237, 48.9996698 ], [ -114.5151589, 48.9997999 ], [ -114.7059608, 48.9995999 ], [ -114.8968211, 48.99907 ], [ -115.0404287, 48.9984508 ], [ -115.27853420000001, 48.9997198 ], [ -115.4695135, 49.00036009999998 ], [ -115.660914, 49.00068 ], [ -115.851117199999976, 49.0006699 ], [ -116.041978599999979, 49.0003305 ], [ -116.263618, 49.001300699999987 ], [ -116.454239, 49.0017899 ], [ -116.644921200000013, 49.0019498 ], [ -116.7890109, 49.0018489 ], [ -117.0268598, 48.9995912 ], [ -117.2082493, 49.0008597 ], [ -117.280442900000011, 49.001238 ], [ -117.399225, 49.0018603 ], [ -117.5901443, 49.0025302 ], [ -117.788058699999965, 49.002786499999985 ], [ -117.858839399999979, 49.0028782 ], [ -117.971786599999959, 49.002889799999984 ], [ -118.112999899999963, 49.002653 ], [ -118.122204799999977, 49.002637599999986 ], [ -118.162648, 49.0025698 ], [ -118.3535076, 49.0019298 ], [ -118.455341100000012, 49.001415899999984 ], [ -118.529692, 49.0010407 ], [ -118.665566799999979, 49.0015357 ], [ -118.7355228, 49.0017906 ], [ -118.8947366, 49.0020908 ], [ -118.926084599999982, 49.0021499 ], [ -119.1135979, 49.002179 ], [ -119.719651700000014, 49.000128 ], [ -120.454466, 49.0018368 ], [ -121.0928557, 48.9993685 ], [ -122.0386894, 49.001216 ], [ -122.111369, 49.0010255 ], [ -122.1707946, 49.0008698 ], [ -122.2398633, 49.000563199999988 ], [ -122.2709379, 49.0004253 ], [ -122.3166552, 49.000222399999984 ], [ -122.35448759999997, 49.0000544 ], [ -122.358171299999981, 49.0000381 ], [ -122.3756057, 48.999960699999988 ], [ -122.5524505, 49.0006998 ], [ -122.5930726, 49.000799899999983 ], [ -122.714471, 49.001098899999988 ], [ -122.7199382, 49.0011124 ], [ -122.734136299999989, 49.0011473 ], [ -122.7570809, 49.0011863 ], [ -122.756032, 48.9978622 ], [ -122.758859099999981, 48.9943275 ], [ -122.7409331, 48.982825399999989 ], [ -122.7322354, 48.973381099999983 ], [ -122.7345713, 48.964421799999982 ], [ -122.73515, 48.9625797 ], [ -122.7516, 48.9587724 ], [ -122.7786717, 48.9679604 ], [ -122.7863696, 48.973381099999983 ], [ -122.792363299999963, 48.977601399999983 ], [ -122.7971278, 48.973381099999983 ], [ -122.8166375, 48.9560963 ], [ -122.821408399999981, 48.944574299999985 ], [ -122.8161189, 48.9387511 ], [ -122.791654799999975, 48.932512899999985 ], [ -122.7854866, 48.9330655 ], [ -122.768603399999989, 48.9419257 ], [ -122.75623920000001, 48.938530299999982 ], [ -122.749374499999973, 48.9338007 ], [ -122.745705699999974, 48.923543799999983 ], [ -122.7496058, 48.91339 ], [ -122.791674099999966, 48.89284379999998 ], [ -122.786195100000015, 48.8860788 ], [ -122.7478784, 48.8619261 ], [ -122.7345713, 48.8573342 ], [ -122.727836599999975, 48.855010099999987 ], [ -122.719370399999988, 48.8496204 ], [ -122.71487519999998, 48.841936599999983 ], [ -122.714471, 48.8402062 ], [ -122.709599599999976, 48.8193414 ], [ -122.707556099999977, 48.7889529 ], [ -122.701931899999977, 48.7899981 ], [ -122.7048779, 48.7989719 ], [ -122.7026843, 48.803016899999982 ], [ -122.6809118, 48.802125499999981 ], [ -122.666018, 48.7901455 ], [ -122.6776455, 48.785800699999989 ], [ -122.675360700000013, 48.780026199999988 ], [ -122.66053380000001, 48.773727699999981 ], [ -122.648724699999988, 48.776628199999983 ], [ -122.650145099999961, 48.7700509 ], [ -122.666558599999988, 48.7481147 ], [ -122.671517399999985, 48.736349499999982 ], [ -122.670243599999978, 48.732863199999983 ], [ -122.662782100000015, 48.7297732 ], [ -122.651585399999973, 48.7169896 ], [ -122.647200399999988, 48.719007499999982 ], [ -122.640135, 48.729773199999983 ], [ -122.6348597, 48.737809799999987 ], [ -122.6123827, 48.7557603 ], [ -122.608138700000012, 48.762973399999979 ], [ -122.592848, 48.776934 ], [ -122.5819791, 48.775196 ], [ -122.5658898, 48.777849599999989 ], [ -122.5398228, 48.7759183 ], [ -122.507760599999969, 48.757487099999977 ], [ -122.4978911, 48.7565138 ], [ -122.489949, 48.746690099999988 ], [ -122.5028068, 48.7297732 ], [ -122.5069673, 48.724298 ], [ -122.515948, 48.718883499999983 ], [ -122.518386499999977, 48.7116885 ], [ -122.5142617, 48.699789199999984 ], [ -122.50838659999998, 48.692667299999989 ], [ -122.505973399999959, 48.6932348 ], [ -122.5047864, 48.699706 ], [ -122.500994600000013, 48.701129599999987 ], [ -122.498033499999963, 48.700091199999981 ], [ -122.490828799999989, 48.673856199999982 ], [ -122.49878409999998, 48.665356399999986 ], [ -122.5080376, 48.6670796 ], [ -122.5085041, 48.6639616 ], [ -122.5035371, 48.65729349999998 ], [ -122.4945073, 48.6522594 ], [ -122.4669014, 48.628515099999987 ], [ -122.458246899999978, 48.6250498 ], [ -122.4471986, 48.620625499999989 ], [ -122.426050699999962, 48.59778 ], [ -122.4339896, 48.581448799999983 ], [ -122.444707599999987, 48.5708759 ], [ -122.458246899999978, 48.563574699999975 ], [ -122.4602731, 48.562482 ], [ -122.462635399999968, 48.555368099999988 ], [ -122.473532400000011, 48.5556189 ], [ -122.4818571, 48.558306099999989 ], [ -122.4886568, 48.5576768 ], [ -122.49519669999998, 48.5648863 ], [ -122.4913259, 48.5703603 ], [ -122.498547300000013, 48.575140199999986 ], [ -122.5306978, 48.5742584 ], [ -122.5239537, 48.568682099999975 ], [ -122.5044773, 48.563459699999989 ], [ -122.500847, 48.5589988 ], [ -122.497017700000015, 48.5438146 ], [ -122.495791399999973, 48.542650599999988 ], [ -122.485979499999985, 48.5333353 ], [ -122.48199019999997, 48.5213609 ], [ -122.485091599999976, 48.513964 ], [ -122.48490659999996, 48.512746899999989 ], [ -122.4814096, 48.489737899999987 ], [ -122.479972, 48.487541199999988 ], [ -122.470358800000014, 48.4728504 ], [ -122.4748092, 48.4653787 ], [ -122.487534, 48.462205799999978 ], [ -122.486578199999968, 48.45469929999998 ], [ -122.5033637, 48.4583798 ], [ -122.514584399999961, 48.4552244 ], [ -122.518284499999965, 48.458970599999986 ], [ -122.528853900000016, 48.4620458 ], [ -122.538853499999988, 48.468772 ], [ -122.55156190000001, 48.487541199999988 ], [ -122.5595755, 48.4993731 ], [ -122.5689479, 48.4981127 ], [ -122.574288, 48.492591199999985 ], [ -122.573693899999981, 48.487541199999988 ], [ -122.5716519, 48.470178799999985 ], [ -122.573485600000012, 48.465719499999985 ], [ -122.5760553, 48.4646986 ], [ -122.584568199999978, 48.4670197 ], [ -122.595721599999976, 48.487541199999988 ], [ -122.608096100000012, 48.510791499999982 ], [ -122.607009299999987, 48.512746899999989 ], [ -122.6061478, 48.513774199999986 ], [ -122.6006952, 48.514374599999989 ], [ -122.600269399999988, 48.515754099999981 ], [ -122.602991800000012, 48.5201989 ], [ -122.6086448, 48.5209539 ], [ -122.63977629999998, 48.512746899999989 ], [ -122.667945099999969, 48.5052276 ], [ -122.6847476, 48.507261799999988 ], [ -122.7003755, 48.497231399999983 ], [ -122.698900699999982, 48.492334 ], [ -122.6808434, 48.492713199999983 ], [ -122.6705838, 48.487541199999988 ], [ -122.6580275, 48.471945399999989 ], [ -122.6558512, 48.455183399999989 ], [ -122.667524199999974, 48.443136 ], [ -122.6760064, 48.442894499999987 ], [ -122.677732699999979, 48.4407422 ], [ -122.672942800000015, 48.42453219999998 ], [ -122.662921, 48.417873699999987 ], [ -122.6525046, 48.4160203 ], [ -122.652308600000012, 48.4132796 ], [ -122.656374899999975, 48.4110607 ], [ -122.6547123, 48.408760699999981 ], [ -122.6439585, 48.4079746 ], [ -122.629364, 48.4141729 ], [ -122.6163879, 48.414319 ], [ -122.60840060000001, 48.423078799999985 ], [ -122.5969915, 48.4232567 ], [ -122.584104599999989, 48.4279883 ], [ -122.575176, 48.4454615 ], [ -122.5572557, 48.4457532 ], [ -122.5495333, 48.4487686 ], [ -122.549089599999988, 48.442106 ], [ -122.557015299999975, 48.4214816 ], [ -122.553220400000015, 48.407265699999982 ], [ -122.5388979, 48.394414799999979 ], [ -122.5306135, 48.3772473 ], [ -122.5164196, 48.371564799999987 ], [ -122.498508, 48.370962599999984 ], [ -122.5051355, 48.3643942 ], [ -122.5041755, 48.360737199999988 ], [ -122.464408400000011, 48.352592599999987 ], [ -122.458246899999978, 48.3490396 ], [ -122.443207599999965, 48.3403664 ], [ -122.4174563, 48.3319974 ], [ -122.408464599999988, 48.32568209999998 ], [ -122.3910343, 48.305205399999984 ], [ -122.3846633, 48.275663699999988 ], [ -122.3908378, 48.2591973 ], [ -122.399594899999968, 48.253659299999974 ], [ -122.458246899999978, 48.267221899999988 ], [ -122.4622157, 48.268139499999982 ], [ -122.4806449, 48.25338859999998 ], [ -122.491092, 48.252586099999988 ], [ -122.5056296, 48.255360099999976 ], [ -122.530236800000011, 48.247048899999989 ], [ -122.533465, 48.240289 ], [ -122.535125799999975, 48.228599 ], [ -122.537864899999988, 48.2093132 ], [ -122.532857, 48.1921613 ], [ -122.534646199999983, 48.1831937 ], [ -122.5149888, 48.150232 ], [ -122.5102506, 48.1338971 ], [ -122.489687, 48.122190499999974 ], [ -122.4761804, 48.1282323 ], [ -122.4660522, 48.128056699999988 ], [ -122.458246899999978, 48.120827799999986 ], [ -122.4465808, 48.110021199999984 ], [ -122.424959799999968, 48.1026157 ], [ -122.414517499999988, 48.092952 ], [ -122.3997562, 48.0842312 ], [ -122.38485649999997, 48.063187299999981 ], [ -122.375892299999961, 48.0591753 ], [ -122.3710465, 48.057006399999985 ], [ -122.358979800000014, 48.0573063 ], [ -122.3597241, 48.0623663 ], [ -122.375892299999961, 48.0822828 ], [ -122.408578799999972, 48.110309799999989 ], [ -122.443617, 48.133206799999989 ], [ -122.473482600000011, 48.166889499999982 ], [ -122.4774149, 48.183373 ], [ -122.474025399999974, 48.20177229999998 ], [ -122.4574236, 48.1972851 ], [ -122.445793099999975, 48.207914899999984 ], [ -122.4509135, 48.2259472 ], [ -122.4453575, 48.2324893 ], [ -122.4335771, 48.2345459 ], [ -122.418449599999974, 48.2284477 ], [ -122.389930299999989, 48.2277098 ], [ -122.375892299999961, 48.222187499999983 ], [ -122.3695915, 48.2136311 ], [ -122.372845, 48.1981387 ], [ -122.3627442, 48.190794899999986 ], [ -122.3611057, 48.186737699999981 ], [ -122.3616105, 48.1775948 ], [ -122.3685672, 48.1653783 ], [ -122.364742099999987, 48.1492851 ], [ -122.366814399999981, 48.135870699999984 ], [ -122.3618552, 48.1217675 ], [ -122.351584800000012, 48.113094599999982 ], [ -122.343588399999973, 48.0994017 ], [ -122.3276921, 48.0927084 ], [ -122.32001689999997, 48.0811584 ], [ -122.3166552, 48.079414399999983 ], [ -122.302645, 48.0721452 ], [ -122.295883799999984, 48.0647961 ], [ -122.2795125, 48.060897399999988 ], [ -122.2756286, 48.0531005 ], [ -122.2871635, 48.053410299999989 ], [ -122.285389099999989, 48.051352399999985 ], [ -122.241595599999982, 48.0331714 ], [ -122.238835, 48.0320251 ], [ -122.2303589, 48.032167399999985 ], [ -122.2292838, 48.0331714 ], [ -122.223648, 48.0384338 ], [ -122.2097293, 48.043427799999982 ], [ -122.207116899999988, 48.037993 ], [ -122.193990699999972, 48.0340382 ], [ -122.1958019, 48.0331714 ], [ -122.205460399999964, 48.0285486 ], [ -122.212269399999968, 48.019255699999981 ], [ -122.2148583, 48.0086961 ], [ -122.2203176, 48.00183 ], [ -122.21846709999997, 47.9965105 ], [ -122.224205399999988, 47.989847399999988 ], [ -122.2200126, 47.9863335 ], [ -122.220384700000011, 47.982583199999979 ], [ -122.231215, 47.9728906 ], [ -122.250746, 47.9602024 ], [ -122.2790462, 47.9552651 ], [ -122.3063898, 47.945193 ], [ -122.310844899999978, 47.9270964 ], [ -122.321279099999984, 47.911351599999982 ], [ -122.3302901, 47.8876236 ], [ -122.3306978, 47.870418399999984 ], [ -122.337004799999988, 47.852889199999986 ], [ -122.375892299999961, 47.8193425 ], [ -122.392337, 47.805149799999988 ], [ -122.3947923, 47.778559699999988 ], [ -122.381693, 47.7574841 ], [ -122.380727, 47.74627879999997 ], [ -122.375892299999961, 47.7331704 ], [ -122.374973799999978, 47.7306796 ], [ -122.375892299999961, 47.724371399999981 ], [ -122.376657899999969, 47.7191127 ], [ -122.384287799999981, 47.7069084 ], [ -122.4037234, 47.692864899999989 ], [ -122.4072302, 47.670512599999988 ], [ -122.417183600000016, 47.668539499999987 ], [ -122.4301927, 47.6608921 ], [ -122.411499299999988, 47.6396187 ], [ -122.3955515, 47.631852699999982 ], [ -122.3778421, 47.629008299999988 ], [ -122.375892299999961, 47.6275673 ], [ -122.341081500000016, 47.601834 ], [ -122.3446468, 47.586200099999985 ], [ -122.351800200000014, 47.5867857 ], [ -122.3626035, 47.5816898 ], [ -122.375892299999961, 47.5874315 ], [ -122.3874984, 47.5924457 ], [ -122.415747, 47.5748692 ], [ -122.4003693, 47.5528302 ], [ -122.3947965, 47.5134927 ], [ -122.386629499999984, 47.5036372 ], [ -122.375892299999961, 47.4965373 ], [ -122.3704169, 47.4929164 ], [ -122.3639497, 47.4853269 ], [ -122.3692573, 47.4614219 ], [ -122.375892299999961, 47.4529585 ], [ -122.375892299999961, 47.4505577 ], [ -122.3573065, 47.441106499999989 ], [ -122.347168499999952, 47.417451 ], [ -122.3418575, 47.4122935 ], [ -122.331146899999979, 47.4018909 ], [ -122.3268476, 47.3909855 ], [ -122.32581519999998, 47.3533139 ], [ -122.3367122, 47.343464 ], [ -122.3666522, 47.3347596 ], [ -122.375892299999961, 47.330589599999982 ], [ -122.42406170000001, 47.3184035 ], [ -122.439560199999946, 47.303911799999973 ], [ -122.436032299999965, 47.299290499999984 ], [ -122.4163079, 47.292910199999987 ], [ -122.4072921, 47.277631199999981 ], [ -122.382506, 47.261782499999988 ], [ -122.3794396, 47.257183599999983 ], [ -122.3861504, 47.2585334 ], [ -122.413307199999963, 47.273389099999982 ], [ -122.429529899999963, 47.268517699999975 ], [ -122.438477, 47.259806399999974 ], [ -122.450182699999985, 47.269043299999986 ], [ -122.4843023, 47.2855285 ], [ -122.5118539, 47.306893 ], [ -122.531119299999972, 47.315038099999981 ], [ -122.540932900000016, 47.315518499999989 ], [ -122.5414764, 47.311217 ], [ -122.531692, 47.2942385 ], [ -122.5316591, 47.2837557 ], [ -122.5509233, 47.253152099999987 ], [ -122.56233730000001, 47.239840199999989 ], [ -122.5676755, 47.224427299999988 ], [ -122.5806288, 47.2025541 ], [ -122.584008099999977, 47.185323399999987 ], [ -122.6099262, 47.167611699999981 ], [ -122.627229, 47.143980399999982 ], [ -122.654622100000012, 47.1276172 ], [ -122.684748899999974, 47.100444599999982 ], [ -122.7267381, 47.0973315 ], [ -122.739717599999963, 47.1062739 ], [ -122.770543, 47.1203331 ], [ -122.782331700000015, 47.1284085 ], [ -122.795559099999963, 47.1509685 ], [ -122.8192142, 47.1707526 ], [ -122.826700500000015, 47.155526199999983 ], [ -122.8300872, 47.1156728 ], [ -122.8438191, 47.129274699999989 ], [ -122.841990699999982, 47.1505587 ], [ -122.847340899999963, 47.1595782 ], [ -122.86561, 47.157744099999988 ], [ -122.898671399999969, 47.1409477 ], [ -122.901150699999988, 47.1378681 ], [ -122.894541199999978, 47.109340499999981 ], [ -122.9013875, 47.079158 ], [ -122.898679, 47.0601398 ], [ -122.90660469999996, 47.0509209 ], [ -122.913063, 47.0533531 ], [ -122.932116299999976, 47.0841085 ], [ -122.931478399999989, 47.0995346 ], [ -122.926386399999956, 47.1149862 ], [ -122.9322101, 47.1311593 ], [ -122.938981399999989, 47.1260243 ], [ -122.940476, 47.1127423 ], [ -122.947295700000012, 47.1019846 ], [ -123.001856199999963, 47.0709837 ], [ -123.003233099999989, 47.065167899999985 ], [ -122.998709, 47.0561362 ], [ -123.0127568, 47.064940499999985 ], [ -123.012211399999984, 47.0738546 ], [ -122.9927236, 47.087046499999985 ], [ -122.980802, 47.1006346 ], [ -122.9633168, 47.1088738 ], [ -122.95665, 47.1326313 ], [ -122.932637899999989, 47.151821399999982 ], [ -122.925159, 47.1610732 ], [ -122.924358, 47.1712431 ], [ -122.93494709999996, 47.1760618 ], [ -122.9388405, 47.175245699999984 ], [ -122.973281899999989, 47.146103799999977 ], [ -122.997918399999989, 47.1420504 ], [ -123.0068429, 47.127162799999986 ], [ -123.023558799999989, 47.1128799 ], [ -123.0371208, 47.1087602 ], [ -123.0560547, 47.1079192 ], [ -123.074507599999976, 47.1005824 ], [ -123.0806067, 47.102429899999983 ], [ -123.077959600000014, 47.1070432 ], [ -123.063230599999969, 47.116510799999979 ], [ -123.0355155, 47.1213298 ], [ -123.0273081, 47.124448499999986 ], [ -123.0197533, 47.142219599999983 ], [ -123.021571599999973, 47.153440499999981 ], [ -122.9858358, 47.168176 ], [ -122.963346299999984, 47.173295499999981 ], [ -122.945878600000015, 47.196979599999977 ], [ -122.9549275, 47.2010481 ], [ -122.986998500000013, 47.1988877 ], [ -123.0158609, 47.2040441 ], [ -123.06313870000001, 47.20403 ], [ -123.0835499, 47.2071684 ], [ -123.0853914, 47.207469699999983 ], [ -123.088555, 47.2125311 ], [ -123.0835499, 47.215797699999989 ], [ -123.0461819, 47.2397038 ], [ -123.040919499999987, 47.2262806 ], [ -123.06255739999996, 47.2154756 ], [ -123.064264299999962, 47.211885499999987 ], [ -123.061030100000011, 47.209046099999988 ], [ -123.0127841, 47.2079184 ], [ -122.9874735, 47.202086699999981 ], [ -122.93974129999998, 47.2084559 ], [ -122.937483, 47.2412425 ], [ -122.929110099999974, 47.253703699999981 ], [ -122.921780799999979, 47.281937 ], [ -122.908807899999985, 47.289631299999989 ], [ -122.884453199999982, 47.2973474 ], [ -122.8656766, 47.3086191 ], [ -122.8485644, 47.313207399999982 ], [ -122.837331, 47.321942299999968 ], [ -122.829096599999971, 47.3210981 ], [ -122.823826799999964, 47.324336 ], [ -122.8285751, 47.3348557 ], [ -122.826166599999965, 47.361957799999985 ], [ -122.8300238, 47.3770934 ], [ -122.822710500000014, 47.401991599999981 ], [ -122.8157964, 47.395609199999981 ], [ -122.8148921, 47.377049099999986 ], [ -122.8084589, 47.364027699999987 ], [ -122.802811699999978, 47.3607237 ], [ -122.7922362, 47.3594413 ], [ -122.7912891, 47.3476685 ], [ -122.776731499999983, 47.339781899999984 ], [ -122.789894100000012, 47.331677599999985 ], [ -122.792606299999989, 47.3180651 ], [ -122.788747699999988, 47.30624659999998 ], [ -122.7895428, 47.2990216 ], [ -122.7974602, 47.288134599999985 ], [ -122.8157452, 47.2716164 ], [ -122.8273289, 47.2427427 ], [ -122.820993499999986, 47.2318736 ], [ -122.808770200000012, 47.2219617 ], [ -122.7929042, 47.194451199999989 ], [ -122.776651199999975, 47.183228699999987 ], [ -122.7680048, 47.170106799999978 ], [ -122.762155499999977, 47.169862899999984 ], [ -122.756327899999988, 47.1731309 ], [ -122.745353599999987, 47.191968099999983 ], [ -122.75266569999998, 47.207079499999985 ], [ -122.750899, 47.2141069 ], [ -122.7471299, 47.215210399999989 ], [ -122.7378902, 47.2111734 ], [ -122.730347699999982, 47.216148499999989 ], [ -122.723422099999965, 47.225505099999985 ], [ -122.7262268, 47.2414635 ], [ -122.739042699999985, 47.256727299999987 ], [ -122.750802100000016, 47.2603987 ], [ -122.7526336, 47.269434399999987 ], [ -122.761024699999979, 47.272576799999982 ], [ -122.7335628, 47.3187123 ], [ -122.728726599999987, 47.335375899999988 ], [ -122.679836299999963, 47.3660112 ], [ -122.644323, 47.3801584 ], [ -122.631790799999962, 47.400407199999989 ], [ -122.628851399999988, 47.3972937 ], [ -122.6272923, 47.372707099999985 ], [ -122.63743249999996, 47.362800299999982 ], [ -122.6528503, 47.354483499999986 ], [ -122.664876399999983, 47.344993899999984 ], [ -122.6653717, 47.340819599999989 ], [ -122.6577411, 47.3337713 ], [ -122.656336400000015, 47.3284163 ], [ -122.661127799999988, 47.324593899999982 ], [ -122.6744445, 47.3201872 ], [ -122.684050099999979, 47.3119716 ], [ -122.6861677, 47.3057491 ], [ -122.6839028, 47.294204599999986 ], [ -122.689922799999977, 47.288606699999988 ], [ -122.690165499999978, 47.2844628 ], [ -122.686240500000011, 47.2830721 ], [ -122.667509900000013, 47.2856748 ], [ -122.611129199999965, 47.2728138 ], [ -122.603787099999963, 47.2783946 ], [ -122.610081599999987, 47.2903782 ], [ -122.6090437, 47.292615899999987 ], [ -122.593882399999984, 47.280239 ], [ -122.5937157, 47.2642739 ], [ -122.584384199999988, 47.258375699999988 ], [ -122.574584300000012, 47.260166799999986 ], [ -122.5617272, 47.270769199999989 ], [ -122.553006, 47.284133599999983 ], [ -122.5642705, 47.3072425 ], [ -122.5862731, 47.336963 ], [ -122.581483, 47.338482699999986 ], [ -122.567399699999967, 47.335378099999978 ], [ -122.5453846, 47.368509099999976 ], [ -122.550560399999981, 47.399718199999981 ], [ -122.5475838, 47.409614199999979 ], [ -122.5350596, 47.4297396 ], [ -122.531227699999988, 47.465652899999974 ], [ -122.5022477, 47.5114495 ], [ -122.510362699999973, 47.518062 ], [ -122.5422781, 47.528262899999987 ], [ -122.538601, 47.5628503 ], [ -122.546158799999986, 47.5708333 ], [ -122.549589399999959, 47.582212599999977 ], [ -122.5557447, 47.585919299999986 ], [ -122.571372899999972, 47.579891499999988 ], [ -122.609516700000015, 47.548879 ], [ -122.6440067, 47.5397114 ], [ -122.660357300000015, 47.53746959999998 ], [ -122.6752711, 47.531615599999981 ], [ -122.685314600000012, 47.5308062 ], [ -122.684705899999983, 47.533759599999989 ], [ -122.66850519999997, 47.5472269 ], [ -122.633095499999968, 47.560612899999988 ], [ -122.627133299999983, 47.568923 ], [ -122.635634400000015, 47.5773595 ], [ -122.651162500000012, 47.5833956 ], [ -122.660455399999989, 47.584826299999989 ], [ -122.666577800000013, 47.598376699999989 ], [ -122.676187399999975, 47.591650199999982 ], [ -122.6807483, 47.5826578 ], [ -122.684526099999985, 47.5820522 ], [ -122.6877434, 47.587367699999987 ], [ -122.6898083, 47.6041198 ], [ -122.7025778, 47.607210699999989 ], [ -122.707155500000013, 47.615657 ], [ -122.704628199999974, 47.628428699999986 ], [ -122.6968473, 47.641087 ], [ -122.6921007, 47.645558499999986 ], [ -122.6857097, 47.64604809999998 ], [ -122.67726, 47.63851649999998 ], [ -122.673487900000012, 47.6226937 ], [ -122.650723399999976, 47.591579699999983 ], [ -122.6412058, 47.5843566 ], [ -122.6193432, 47.5730711 ], [ -122.6098169, 47.5725499 ], [ -122.5954575, 47.5931944 ], [ -122.594979900000013, 47.6333512 ], [ -122.614216, 47.654022 ], [ -122.6189574, 47.698896499999982 ], [ -122.6245824, 47.7021516 ], [ -122.6346543, 47.703638399999981 ], [ -122.650188899999989, 47.7158185 ], [ -122.657287200000013, 47.725054799999981 ], [ -122.656603099999984, 47.734503299999986 ], [ -122.650006599999983, 47.7370088 ], [ -122.629699199999976, 47.719729099999988 ], [ -122.624340600000011, 47.7122446 ], [ -122.612710299999975, 47.708719099999989 ], [ -122.601007400000015, 47.6981465 ], [ -122.59064349999997, 47.695176099999983 ], [ -122.553655100000014, 47.7298386 ], [ -122.552268, 47.7393473 ], [ -122.5570612, 47.750466499999987 ], [ -122.5557514, 47.754284499999976 ], [ -122.538446799999988, 47.7481903 ], [ -122.507204199999975, 47.744617499999983 ], [ -122.485876300000015, 47.7461658 ], [ -122.474992, 47.752412699999987 ], [ -122.4731932, 47.7569832 ], [ -122.4756033, 47.767631399999985 ], [ -122.4830986, 47.777681199999989 ], [ -122.501098399999975, 47.7919163 ], [ -122.4891054, 47.803636 ], [ -122.486238500000013, 47.8129048 ], [ -122.5046882, 47.8329096 ], [ -122.515387300000015, 47.879337799999988 ], [ -122.5299556, 47.9096543 ], [ -122.550958599999973, 47.9180091 ], [ -122.5883949, 47.923023799999989 ], [ -122.608023800000012, 47.937854799999982 ], [ -122.6151262, 47.9362438 ], [ -122.614783300000013, 47.928901199999984 ], [ -122.589604, 47.9121379 ], [ -122.587677699999972, 47.9006405 ], [ -122.5751032, 47.875120799999983 ], [ -122.5738431, 47.856683299999986 ], [ -122.5681253, 47.8394519 ], [ -122.5683571, 47.8240492 ], [ -122.5796972, 47.8210461 ], [ -122.5849033, 47.838657399999988 ], [ -122.584379, 47.8538971 ], [ -122.6019798, 47.855538199999984 ], [ -122.608185299999974, 47.8536244 ], [ -122.624007, 47.8376309 ], [ -122.6398404, 47.8290967 ], [ -122.6545565, 47.8164453 ], [ -122.6780513, 47.802162599999988 ], [ -122.692360499999964, 47.7788608 ], [ -122.715468300000012, 47.764506799999985 ], [ -122.7243688, 47.748293 ], [ -122.740005599999975, 47.733103299999982 ], [ -122.7462684, 47.7209486 ], [ -122.746667, 47.6839496 ], [ -122.754711, 47.668910199999985 ], [ -122.7820707, 47.657540199999985 ], [ -122.806321799999978, 47.6506513 ], [ -122.830715199999986, 47.6399593 ], [ -122.8351539, 47.6428048 ], [ -122.833967799999982, 47.651264799999986 ], [ -122.846275299999959, 47.6490693 ], [ -122.8674635, 47.633017899999984 ], [ -122.881284299999976, 47.631081 ], [ -122.9137044, 47.620888 ], [ -122.91760349999997, 47.6156423 ], [ -122.917864299999977, 47.6068812 ], [ -122.9244917, 47.5979077 ], [ -122.944021099999986, 47.5873498 ], [ -122.9636213, 47.5819837 ], [ -122.9759257, 47.56195349999998 ], [ -122.987502800000016, 47.5538629 ], [ -123.0241893, 47.518399699999989 ], [ -123.0394357, 47.487379499999989 ], [ -123.063964499999969, 47.4625238 ], [ -123.0618511, 47.453412 ], [ -123.073608799999974, 47.4499247 ], [ -123.0835499, 47.4424236 ], [ -123.1016908, 47.4122935 ], [ -123.116112199999989, 47.388328699999981 ], [ -123.1084066, 47.375144699999986 ], [ -123.0835499, 47.374513 ], [ -123.0812387, 47.374454299999982 ], [ -123.0584176, 47.3711798 ], [ -123.0436743, 47.361636699999984 ], [ -123.031636100000014, 47.3605146 ], [ -123.023088199999975, 47.3645718 ], [ -123.0113465, 47.3790231 ], [ -122.9762084, 47.39589609999998 ], [ -122.9201084, 47.4122935 ], [ -122.908624399999979, 47.4156495 ], [ -122.895339799999988, 47.423981399999981 ], [ -122.880839900000012, 47.427334 ], [ -122.8492653, 47.4412854 ], [ -122.85012039999998, 47.4333786 ], [ -122.874719899999974, 47.4122935 ], [ -122.876044799999974, 47.411157599999989 ], [ -122.8886333, 47.4058795 ], [ -122.912178399999988, 47.3897876 ], [ -122.976434699999984, 47.377579199999985 ], [ -123.026146899999986, 47.3525017 ], [ -123.04113289999998, 47.3497292 ], [ -123.066173100000015, 47.3485856 ], [ -123.0835499, 47.355010599999986 ], [ -123.101500299999969, 47.355872499999982 ], [ -123.1112387, 47.3405233 ], [ -123.116422499999985, 47.337414299999985 ], [ -123.1449504, 47.345610599999979 ], [ -123.156567699999968, 47.3542669 ], [ -123.1578175, 47.357578199999985 ], [ -123.157140399999975, 47.3688438 ], [ -123.149169799999981, 47.3772518 ], [ -123.1401576, 47.404107399999987 ], [ -123.114213, 47.4472541 ], [ -123.11223050000001, 47.4603401 ], [ -123.099001800000011, 47.466001299999988 ], [ -123.0835499, 47.4783355 ], [ -123.075603, 47.4847749 ], [ -123.057991299999969, 47.50357 ], [ -123.048241199999964, 47.529327699999982 ], [ -123.035829699999979, 47.5409826 ], [ -123.037358199999986, 47.549990699999974 ], [ -123.0252353, 47.5562642 ], [ -123.0163691, 47.5643598 ], [ -123.003420099999971, 47.5834486 ], [ -122.98512759999997, 47.602338 ], [ -122.9855228, 47.6078776 ], [ -122.982021399999979, 47.613305299999986 ], [ -122.943827499999969, 47.6319483 ], [ -122.928922299999968, 47.648671199999988 ], [ -122.913205399999981, 47.647305 ], [ -122.904892300000014, 47.6501501 ], [ -122.9052491, 47.6615099 ], [ -122.913105499999972, 47.664420899999989 ], [ -122.892484499999981, 47.687166 ], [ -122.894136100000011, 47.703461699999984 ], [ -122.887797899999981, 47.713366199999989 ], [ -122.883579399999959, 47.727950599999986 ], [ -122.874893, 47.7334799 ], [ -122.871164199999981, 47.7437621 ], [ -122.86402720000001, 47.7436728 ], [ -122.856460199999987, 47.739249399999984 ], [ -122.8525868, 47.742142 ], [ -122.851679, 47.7581578 ], [ -122.8627584, 47.770262 ], [ -122.869813299999961, 47.807762399999973 ], [ -122.862506799999963, 47.8232591 ], [ -122.8575124, 47.8255 ], [ -122.8532498, 47.8239884 ], [ -122.847619, 47.811467799999988 ], [ -122.851054099999985, 47.783669799999984 ], [ -122.8398471, 47.781833399999989 ], [ -122.821389799999977, 47.7955646 ], [ -122.818052599999987, 47.808179 ], [ -122.824115799999987, 47.824769199999984 ], [ -122.8195285, 47.839674 ], [ -122.80927149999998, 47.8487888 ], [ -122.8130466, 47.853923499999986 ], [ -122.8095619, 47.856051 ], [ -122.805121, 47.8501784 ], [ -122.803782899999987, 47.833786599999982 ], [ -122.795632599999962, 47.8222321 ], [ -122.78766389999997, 47.7974248 ], [ -122.798436599999988, 47.762026 ], [ -122.8080509, 47.746906499999987 ], [ -122.807596, 47.733708299999989 ], [ -122.8122882, 47.719572899999982 ], [ -122.8241223, 47.708735299999987 ], [ -122.8299737, 47.6932624 ], [ -122.826166899999976, 47.6890059 ], [ -122.8127415, 47.683904 ], [ -122.7935742, 47.6862268 ], [ -122.775842399999988, 47.6934723 ], [ -122.7821842, 47.7056755 ], [ -122.781994200000014, 47.720932399999988 ], [ -122.773219700000013, 47.7367414 ], [ -122.7715108, 47.738377299999989 ], [ -122.756558799999979, 47.753805099999987 ], [ -122.7483478, 47.776481899999986 ], [ -122.743805900000012, 47.8054919 ], [ -122.718601100000015, 47.8150557 ], [ -122.6892865, 47.8338302 ], [ -122.6856072, 47.843074 ], [ -122.6881713, 47.8655774 ], [ -122.6713841, 47.8672119 ], [ -122.6431181, 47.866503 ], [ -122.6348689, 47.8719878 ], [ -122.632381399999971, 47.8813622 ], [ -122.651389099999975, 47.9023729 ], [ -122.6533981, 47.9190621 ], [ -122.6580987, 47.9262218 ], [ -122.6654428, 47.926283 ], [ -122.6796839, 47.9174935 ], [ -122.692696, 47.9183985 ], [ -122.6831603, 47.9269927 ], [ -122.683334599999966, 47.9429724 ], [ -122.679304599999966, 47.961491299999985 ], [ -122.683804699999968, 47.96919 ], [ -122.7016334, 47.9753408 ], [ -122.713799099999989, 47.985181399999981 ], [ -122.727704499999973, 48.0149283 ], [ -122.724712199999971, 48.021381599999977 ], [ -122.7183055, 48.02148159999998 ], [ -122.6882079, 48.0108627 ], [ -122.6711476, 48.0199962 ], [ -122.6709938, 48.031836899999988 ], [ -122.6719661, 48.0331714 ], [ -122.682719799999973, 48.047928399999989 ], [ -122.6856396, 48.0714454 ], [ -122.690809799999982, 48.086226 ], [ -122.6912436, 48.099921599999988 ], [ -122.7037672, 48.101178899999979 ], [ -122.7164126, 48.0976229 ], [ -122.721991, 48.093614099999989 ], [ -122.6947244, 48.056025299999988 ], [ -122.700826299999946, 48.048695800000012 ], [ -122.695996400000013, 48.0331714 ], [ -122.695013, 48.030009799999981 ], [ -122.698436, 48.0259882 ], [ -122.7012185, 48.026492399999988 ], [ -122.706853599999988, 48.0331714 ], [ -122.713525499999989, 48.0410781 ], [ -122.718767399999976, 48.0591266 ], [ -122.718851300000011, 48.0718543 ], [ -122.727911499999976, 48.083723 ], [ -122.7345713, 48.0834078 ], [ -122.7369038, 48.083297399999985 ], [ -122.7441831, 48.073021499999982 ], [ -122.7404086, 48.0644169 ], [ -122.7404688, 48.0480546 ], [ -122.7345713, 48.035268 ], [ -122.7345713, 48.0331714 ], [ -122.733604399999962, 48.0331714 ], [ -122.733179, 48.032248899999985 ], [ -122.75044840000001, 48.0303664 ], [ -122.753666799999976, 48.0331714 ], [ -122.7671446, 48.0449163 ], [ -122.7715108, 48.059927699999982 ], [ -122.781769, 48.0675174 ], [ -122.7949524, 48.083691699999989 ], [ -122.798451599999964, 48.0879839 ], [ -122.7949524, 48.0930489 ], [ -122.792333099999979, 48.09684 ], [ -122.783448400000012, 48.103286 ], [ -122.7715108, 48.1085177 ], [ -122.751894099999973, 48.117113599999989 ], [ -122.76111490000001, 48.131197799999988 ], [ -122.7570308, 48.142747199999988 ], [ -122.7715108, 48.142596499999982 ], [ -122.7865224, 48.142198 ], [ -122.837158499999987, 48.134279799999987 ], [ -122.882064899999961, 48.105809899999983 ], [ -122.8802605, 48.091754 ], [ -122.887040899999974, 48.0787167 ], [ -122.865944599999963, 48.0702048 ], [ -122.847420699999972, 48.054234099999988 ], [ -122.830560099999985, 48.0468328 ], [ -122.827953799999975, 48.0373084 ], [ -122.8289246, 48.0331714 ], [ -122.8335992, 48.0138846 ], [ -122.841972499999969, 48.0020036 ], [ -122.852787600000013, 47.9965315 ], [ -122.8819603, 47.9931626 ], [ -122.88300550000001, 47.9957795 ], [ -122.86690459999997, 48.0051827 ], [ -122.861758, 48.012743799999981 ], [ -122.86602179999997, 48.0331714 ], [ -122.8773582, 48.046685599999982 ], [ -122.9130507, 48.0568024 ], [ -122.923490399999963, 48.0631972 ], [ -122.9243923, 48.077353 ], [ -122.919216699999978, 48.0941816 ], [ -122.941629, 48.097315099999982 ], [ -122.9774555, 48.0957614 ], [ -123.002519699999979, 48.0904192 ], [ -123.0192439, 48.083762 ], [ -123.018537899999984, 48.077890199999985 ], [ -123.007065900000015, 48.0658807 ], [ -123.009143900000012, 48.052952099999985 ], [ -122.999617199999989, 48.0331714 ], [ -122.9980241, 48.0298627 ], [ -122.9996051, 48.0251204 ], [ -123.0051592, 48.024435 ], [ -123.015889599999966, 48.029996299999986 ], [ -123.0190875, 48.0331714 ], [ -123.0427718, 48.0566807 ], [ -123.042679299999975, 48.067691899999986 ], [ -123.049514599999981, 48.0820351 ], [ -123.043415, 48.0885819 ], [ -123.05694709999996, 48.1102822 ], [ -123.069401099999979, 48.1209919 ], [ -123.0835499, 48.1277087 ], [ -123.090347899999983, 48.130935699999988 ], [ -123.1134126, 48.1487537 ], [ -123.122823599999961, 48.1520208 ], [ -123.151019899999966, 48.1519467 ], [ -123.185680899999966, 48.145791 ], [ -123.2159115, 48.127762099999984 ], [ -123.247892, 48.116316 ], [ -123.274187199999972, 48.1166207 ], [ -123.289394099999981, 48.1197835 ], [ -123.318224899999976, 48.113527499999975 ], [ -123.331933299999989, 48.1135518 ], [ -123.350132599999981, 48.1172505 ], [ -123.380188899999965, 48.1144507 ], [ -123.420022699999976, 48.1175507 ], [ -123.451852699999989, 48.125156099999977 ], [ -123.4656798, 48.135435099999988 ], [ -123.4853439, 48.132995799999982 ], [ -123.5158689, 48.1337887 ], [ -123.5358137, 48.1444254 ], [ -123.552756799999983, 48.1491617 ], [ -123.565644199999966, 48.1464031 ], [ -123.587967799999987, 48.1366255 ], [ -123.622352599999971, 48.138918199999985 ], [ -123.6357242, 48.144010499999986 ], [ -123.64258849999996, 48.15175439999998 ], [ -123.651657700000015, 48.1562314 ], [ -123.673281499999973, 48.162071599999983 ], [ -123.6955356, 48.165125199999984 ], [ -123.717140499999971, 48.1600032 ], [ -123.7335585, 48.1627922 ], [ -123.7751314, 48.157035 ], [ -123.807958599999964, 48.155408499999986 ], [ -123.8295957, 48.158189 ], [ -123.857909099999986, 48.155256799999982 ], [ -123.883596199999971, 48.1603596 ], [ -123.920077600000013, 48.160002099999978 ], [ -123.949614799999964, 48.1650047 ], [ -123.979494499999973, 48.165557299999989 ], [ -124.003641399999978, 48.1713974 ], [ -124.0440444, 48.1771027 ], [ -124.0692218, 48.188463499999976 ], [ -124.1052896, 48.2009012 ], [ -124.1080281, 48.2058288 ], [ -124.1052704, 48.2145752 ], [ -124.1102191, 48.2186387 ], [ -124.13380930000001, 48.222742 ], [ -124.2385384, 48.261385 ], [ -124.249014099999968, 48.2621837 ], [ -124.26261070000001, 48.2566972 ], [ -124.2790951, 48.255840299999981 ], [ -124.294956699999986, 48.2603199 ], [ -124.305978399999972, 48.2690389 ], [ -124.337509399999988, 48.2764464 ], [ -124.3561427, 48.2850169 ], [ -124.3792075, 48.2853167 ], [ -124.39172539999997, 48.2878925 ], [ -124.41613479999998, 48.3006739 ], [ -124.43817030000001, 48.3086695 ], [ -124.4529327, 48.317939 ], [ -124.510927199999983, 48.3432166 ], [ -124.540495299999975, 48.3517818 ], [ -124.567480299999986, 48.3668104 ], [ -124.5868178, 48.371210699999985 ], [ -124.607186199999973, 48.368192599999986 ], [ -124.6183321, 48.368786 ], [ -124.638698, 48.385577699999985 ], [ -124.656601799999962, 48.389668899999982 ], [ -124.7139773, 48.388037 ], [ -124.7273149, 48.3813532 ], [ -124.724494, 48.372428799999987 ], [ -124.6943461, 48.3453953 ], [ -124.6855329, 48.341531899999971 ], [ -124.67008949999996, 48.3394473 ], [ -124.6646985, 48.335303199999984 ], [ -124.6612296, 48.3282315 ], [ -124.666359199999988, 48.302644099999974 ], [ -124.683634499999982, 48.290549099999986 ], [ -124.6808812, 48.2740235 ], [ -124.68386670000001, 48.259456799999988 ], [ -124.7019109, 48.239951399999988 ], [ -124.692012, 48.2184663 ], [ -124.697000399999965, 48.198445799999988 ], [ -124.704802, 48.1863801 ], [ -124.71793839999998, 48.177168599999987 ], [ -124.729619299999968, 48.1640011 ], [ -124.706169399999965, 48.1253667 ], [ -124.695795600000011, 48.1141847 ], [ -124.690519599999959, 48.102328199999981 ], [ -124.6949739, 48.0705915 ], [ -124.684309399999961, 48.0426983 ], [ -124.678684, 48.002425199999976 ], [ -124.672176499999978, 47.98329649999998 ], [ -124.671518800000015, 47.968155599999989 ], [ -124.659617399999959, 47.948904799999987 ], [ -124.6452197, 47.9332235 ], [ -124.638862199999977, 47.9087652 ], [ -124.623572899999985, 47.888793299999982 ], [ -124.607734799999989, 47.8763809 ], [ -124.5868178, 47.8752422 ], [ -124.5672682, 47.866756 ], [ -124.5353561, 47.835295099999975 ], [ -124.493747, 47.8182647 ], [ -124.4843141, 47.8044743 ], [ -124.474190599999986, 47.7710752 ], [ -124.45037, 47.760760699999985 ], [ -124.4322115, 47.7458029 ], [ -124.4249906, 47.7361108 ], [ -124.411645499999977, 47.6947841 ], [ -124.3870352, 47.6442019 ], [ -124.364765, 47.578058899999988 ], [ -124.344331799999964, 47.489776099999979 ], [ -124.344020500000013, 47.4622662 ], [ -124.3369908, 47.4159309 ], [ -124.328116599999973, 47.394062699999985 ], [ -124.3208672, 47.365297299999988 ], [ -124.314667199999974, 47.356121499999986 ], [ -124.295508699999985, 47.341147899999974 ], [ -124.2775566, 47.308566899999981 ], [ -124.2548348, 47.300811 ], [ -124.2412909, 47.2906323 ], [ -124.2194461, 47.249349699999989 ], [ -124.203001299999983, 47.2039359 ], [ -124.18405079999998, 47.1347646 ], [ -124.173242799999983, 47.056485499999987 ], [ -124.1722338, 47.009780299999981 ], [ -124.170576399999987, 46.934198399999985 ], [ -124.1664819, 46.9308955 ], [ -124.1617876, 46.932051499999986 ], [ -124.151402100000013, 46.940372699999983 ], [ -124.14186740000001, 46.943661099999986 ], [ -124.1142287, 46.9427538 ], [ -124.1240654, 46.948781599999982 ], [ -124.1315704, 46.9570399 ], [ -124.1376182, 46.974950199999981 ], [ -124.139924499999978, 46.999394699999989 ], [ -124.143893899999966, 47.009780299999981 ], [ -124.1487515, 47.0217953 ], [ -124.1469129, 47.028092199999982 ], [ -124.1407685, 47.0335156 ], [ -124.117692799999986, 47.040754799999981 ], [ -124.0668634, 47.040721899999987 ], [ -124.036389399999976, 47.0313849 ], [ -124.015369799999988, 47.009780299999981 ], [ -124.012414799999959, 47.0055313 ], [ -124.013831900000014, 46.993834 ], [ -124.009816399999977, 46.987795 ], [ -123.9865116, 46.9816625 ], [ -123.941800500000014, 46.9800435 ], [ -123.9387807, 46.978082699999987 ], [ -123.9403105, 46.9730084 ], [ -123.9380952, 46.9713158 ], [ -123.895742099999964, 46.9708385 ], [ -123.8387263, 46.963498199999975 ], [ -123.8238647, 46.966357599999981 ], [ -123.8033807, 46.9739128 ], [ -123.79881, 46.97322519999998 ], [ -123.828876199999982, 46.957225 ], [ -123.879181699999975, 46.9409285 ], [ -123.9516079, 46.92380009999998 ], [ -123.986157099999986, 46.9190911 ], [ -124.000683699999982, 46.911302899999981 ], [ -124.00875880000001, 46.9039074 ], [ -124.039601499999989, 46.89456149999998 ], [ -124.05594640000001, 46.866919599999989 ], [ -124.051181699999987, 46.8652474 ], [ -124.035409699999988, 46.8671183 ], [ -124.033107099999967, 46.8583332 ], [ -124.015326899999963, 46.8447854 ], [ -124.020151, 46.8393359 ], [ -124.042037099999988, 46.8472123 ], [ -124.074356299999963, 46.848796799999988 ], [ -124.0794366, 46.858451 ], [ -124.0892468, 46.864896199999983 ], [ -124.096530399999978, 46.874705099999979 ], [ -124.0956152, 46.889257099999988 ], [ -124.099272099999965, 46.900260499999987 ], [ -124.1143793, 46.9076435 ], [ -124.127793, 46.9000548 ], [ -124.102963499999987, 46.8167964 ], [ -124.102743299999986, 46.7639588 ], [ -124.0824497, 46.738570099999983 ], [ -123.989722199999989, 46.704881199999981 ], [ -123.9783021, 46.707793099999989 ], [ -123.982734399999984, 46.7206725 ], [ -123.9742555, 46.733825199999984 ], [ -123.963433, 46.7335978 ], [ -123.943240199999977, 46.727577499999981 ], [ -123.923631799999967, 46.727968899999986 ], [ -123.917306200000013, 46.731324399999984 ], [ -123.910803299999984, 46.743873599999986 ], [ -123.8974571, 46.747304399999983 ], [ -123.8872971, 46.7433271 ], [ -123.871833900000013, 46.730872 ], [ -123.8430365, 46.7191885 ], [ -123.836289299999962, 46.712316399999985 ], [ -123.841889699999982, 46.7060521 ], [ -123.8682075, 46.6963201 ], [ -123.916900899999987, 46.673448799999981 ], [ -123.922886799999972, 46.653453 ], [ -123.934429899999984, 46.6382828 ], [ -123.9243018, 46.6152757 ], [ -123.935848, 46.617443899999969 ], [ -123.95082020000001, 46.629501399999981 ], [ -123.9570519, 46.6290142 ], [ -123.9528426, 46.6085322 ], [ -123.931354699999972, 46.589856 ], [ -123.9177751, 46.566587399999989 ], [ -123.898259200000012, 46.5464202 ], [ -123.895406599999987, 46.5214576 ], [ -123.9009332, 46.513166799999986 ], [ -123.9189098, 46.5088776 ], [ -123.9264617, 46.496862599999986 ], [ -123.939853899999989, 46.4838751 ], [ -123.937417499999981, 46.4701946 ], [ -123.913379800000016, 46.453739599999984 ], [ -123.904451, 46.436050099999989 ], [ -123.909168, 46.4321309 ], [ -123.919268099999982, 46.433621 ], [ -123.9246482, 46.4388704 ], [ -123.928428, 46.449966399999987 ], [ -123.933366599999985, 46.4504028 ], [ -123.934422699999985, 46.444991 ], [ -123.9267489, 46.422692399999981 ], [ -123.949494799999968, 46.401226699999988 ], [ -123.957063099999985, 46.374349499999987 ], [ -123.9766647, 46.3815474 ], [ -124.006762400000014, 46.381116099999971 ], [ -124.014556500000012, 46.3867018 ], [ -124.0304308, 46.491325499999981 ], [ -124.0249323, 46.5194712 ], [ -124.025247799999988, 46.5803954 ], [ -124.051922299999973, 46.619814 ], [ -124.050368699999979, 46.6323231 ], [ -124.0414623, 46.634670899999989 ], [ -124.0560842, 46.6473246 ], [ -124.0650861, 46.644071 ], [ -124.06734, 46.6150214 ], [ -124.060611400000013, 46.5542841 ], [ -124.0573094, 46.4855051 ], [ -124.063283699999985, 46.3534597 ], [ -124.069640299999989, 46.316508899999981 ], [ -124.07612879999995, 46.2972127 ], [ -124.072881, 46.277713799999987 ], [ -124.0685059, 46.276667799999984 ], [ -124.0514507, 46.2793597 ], [ -124.0447962, 46.2985415 ], [ -124.03747, 46.3042328 ], [ -124.0114622, 46.311506699999988 ], [ -123.9973428, 46.3105276 ], [ -123.975474299999988, 46.3014398 ], [ -123.9465468, 46.2710492 ], [ -123.9204119, 46.2522829 ], [ -123.900643, 46.2455536 ], [ -123.8750461, 46.2443119 ], [ -123.8613192, 46.2498352 ], [ -123.846615199999974, 46.260659899999986 ], [ -123.8204267, 46.271474199999986 ], [ -123.805058899999963, 46.2811433 ], [ -123.794601699999973, 46.281798 ], [ -123.774306200000012, 46.2758538 ], [ -123.7656191, 46.2761646 ], [ -123.7491175, 46.288391399999981 ], [ -123.731011200000012, 46.2920227 ], [ -123.7197261, 46.3009031 ], [ -123.704718, 46.305359199999984 ], [ -123.695780899999974, 46.3033372 ], [ -123.686383, 46.296518 ], [ -123.6745555, 46.2719398 ], [ -123.658514599999961, 46.266232599999981 ], [ -123.616673, 46.261033 ], [ -123.58914919999998, 46.260680099999988 ], [ -123.491278399999985, 46.2725807 ], [ -123.4696004, 46.2703041 ], [ -123.450987499999982, 46.262069499999981 ], [ -123.429937200000012, 46.2451187 ], [ -123.408119899999974, 46.2162522 ], [ -123.35464970000001, 46.1842845 ], [ -123.328457500000013, 46.165512399999983 ], [ -123.3082839, 46.157416799999986 ], [ -123.291767599999986, 46.153751 ], [ -123.268280499999975, 46.1544824 ], [ -123.2266141, 46.171631099999985 ], [ -123.169915499999959, 46.189309299999984 ], [ -123.123939, 46.1882308 ], [ -123.0835499, 46.174614899999987 ], [ -123.071112899999974, 46.171455199999983 ], [ -123.0554493, 46.161339899999987 ], [ -123.0437285, 46.158927299999988 ], [ -123.0274195, 46.1463111 ], [ -122.974640099999988, 46.1190422 ], [ -122.964323699999966, 46.1060235 ], [ -122.969753799999978, 46.105802499999982 ], [ -122.990313199999974, 46.1157111 ], [ -123.032085599999988, 46.127003199999983 ], [ -123.043838400000013, 46.136193 ], [ -123.034019299999983, 46.133125799999988 ], [ -123.0337463, 46.1372031 ], [ -123.038592799999961, 46.139142699999987 ], [ -123.047196399999976, 46.138422499999983 ], [ -123.061264399999985, 46.148756699999986 ], [ -123.0835499, 46.1599605 ], [ -123.105917100000013, 46.166716799999989 ], [ -123.1474301, 46.1705128 ], [ -123.1761257, 46.178198 ], [ -123.196027199999975, 46.1718493 ], [ -123.2297725, 46.1445807 ], [ -123.2617281, 46.1446782 ], [ -123.2764773, 46.1405483 ], [ -123.2720491, 46.13824 ], [ -123.258798, 46.136826899999988 ], [ -123.259452299999978, 46.1356429 ], [ -123.276017299999964, 46.134916399999987 ], [ -123.304008899999971, 46.1393061 ], [ -123.3375136, 46.1399228 ], [ -123.3748121, 46.1437593 ], [ -123.42314, 46.171882599999982 ], [ -123.441623299999975, 46.198242 ], [ -123.468689799999964, 46.2145297 ], [ -123.485314199999962, 46.227531899999988 ], [ -123.503689, 46.233342 ], [ -123.532956899999959, 46.233816499999989 ], [ -123.5719096, 46.2105454 ], [ -123.584696799999975, 46.1957248 ], [ -123.5970729, 46.205682599999989 ], [ -123.616738399999988, 46.2071445 ], [ -123.6220359, 46.2023587 ], [ -123.618957599999959, 46.1930147 ], [ -123.6278567, 46.192273699999987 ], [ -123.6307753, 46.189067199999982 ], [ -123.6246633, 46.187418099999981 ], [ -123.6150128, 46.188500099999985 ], [ -123.613824699999981, 46.186450099999988 ], [ -123.688230199999978, 46.172925 ], [ -123.6928307, 46.1743355 ], [ -123.681348799999981, 46.179905899999987 ], [ -123.682620299999982, 46.182566099999988 ], [ -123.695161399999975, 46.176805299999984 ], [ -123.706783300000012, 46.1755764 ], [ -123.711298699999972, 46.1732532 ], [ -123.7309981, 46.1751711 ], [ -123.7430899, 46.181848099999989 ], [ -123.766004099999961, 46.2049035 ], [ -123.792843800000014, 46.195602699999981 ], [ -123.856339399999968, 46.187771199999986 ], [ -123.858822799999984, 46.1830844 ], [ -123.851021699999976, 46.177123 ], [ -123.826263, 46.171214599999985 ], [ -123.813519899999989, 46.164769799999981 ], [ -123.8117742, 46.1297186 ], [ -123.8266911, 46.163004099999988 ], [ -123.8403769, 46.162189399999988 ], [ -123.862803899999975, 46.1542193 ], [ -123.870920699999985, 46.159994799999986 ], [ -123.896501799999967, 46.168915799999986 ], [ -123.907159399999983, 46.178287599999983 ], [ -123.9515416, 46.204334499999987 ], [ -123.966219, 46.208931199999981 ], [ -123.988123, 46.212135699999983 ], [ -123.9948446, 46.218801 ], [ -123.994408599999986, 46.2264046 ], [ -123.997613199999975, 46.230090899999986 ], [ -124.005684, 46.2320754 ], [ -124.011216600000012, 46.2290087 ], [ -123.958405699999986, 46.1349696 ], [ -123.938372499999986, 46.0815272 ], [ -123.929234900000012, 46.0249567 ], [ -123.9219077, 46.012942 ], [ -123.938933, 45.981583699999987 ], [ -123.9664239, 45.967829299999984 ], [ -123.9885794, 45.9428267 ], [ -123.9869763, 45.9355415 ], [ -123.970006099999964, 45.9084621 ], [ -123.9637323, 45.8741603 ], [ -123.965223200000011, 45.8124331 ], [ -123.976815500000015, 45.767016399999982 ], [ -123.9460762, 45.727121299999986 ], [ -123.9392288, 45.6657836 ], [ -123.934119099999975, 45.6686773 ], [ -123.9304146, 45.6901762 ], [ -123.919080600000015, 45.7017663 ], [ -123.90794, 45.703088699999988 ], [ -123.899129699999975, 45.6955916 ], [ -123.8882755, 45.692892799999981 ], [ -123.8927878, 45.690039 ], [ -123.9115097, 45.687969099999989 ], [ -123.923671899999988, 45.6809912 ], [ -123.928576699999979, 45.666377499999989 ], [ -123.942289299999985, 45.645508 ], [ -123.9539027, 45.5782131 ], [ -123.9304278, 45.560886399999987 ], [ -123.904311, 45.5550625 ], [ -123.901170799999974, 45.538678799999985 ], [ -123.8818424, 45.500416299999976 ], [ -123.890010099999984, 45.490091199999988 ], [ -123.901848, 45.486675299999987 ], [ -123.923328900000016, 45.4945015 ], [ -123.933110699999972, 45.500607599999981 ], [ -123.945938499999983, 45.5283836 ], [ -123.940288099999961, 45.5534535 ], [ -123.9479862, 45.558271 ], [ -123.959365199999979, 45.508187199999988 ], [ -123.973788199999987, 45.4817104 ], [ -123.968879300000012, 45.4567919 ], [ -123.9422734, 45.4254514 ], [ -123.9361285, 45.404134399999982 ], [ -123.943541, 45.3909785 ], [ -123.958881099999971, 45.3820146 ], [ -123.959817099999981, 45.389365 ], [ -123.9538665, 45.413766 ], [ -123.9596714, 45.4184687 ], [ -123.974660799999981, 45.358393899999982 ], [ -123.98220760000001, 45.348900099999987 ], [ -123.992953799999981, 45.340984 ], [ -123.976401200000012, 45.3331777 ], [ -123.966613299999977, 45.3143013 ], [ -123.9657796, 45.2717709 ], [ -123.974878800000013, 45.2211743 ], [ -123.9698707, 45.197428199999983 ], [ -123.9710533, 45.167475599999989 ], [ -123.9884534, 45.1027568 ], [ -124.0065142, 45.079440399999982 ], [ -124.013085799999985, 45.0618888 ], [ -124.012824099999989, 45.0522306 ], [ -124.006383799999981, 45.0406038 ], [ -124.010607799999988, 45.027033 ], [ -124.011518099999989, 45.0041951 ], [ -124.018827499999972, 44.9637403 ], [ -124.0237163, 44.9368048 ], [ -124.0124911, 44.904490699999982 ], [ -124.016351500000013, 44.8984205 ], [ -124.021951899999976, 44.8957573 ], [ -124.02646959999997, 44.897551799999988 ], [ -124.028854099999961, 44.9031094 ], [ -124.0321564, 44.901452499999984 ], [ -124.0513627, 44.847152199999989 ], [ -124.06411150000001, 44.8266029 ], [ -124.065142899999969, 44.8084034 ], [ -124.0715543, 44.7925293 ], [ -124.072671099999965, 44.773884199999983 ], [ -124.059728899999968, 44.731189299999983 ], [ -124.066532400000014, 44.6932125 ], [ -124.0730546, 44.6779282 ], [ -124.0615864, 44.6646542 ], [ -124.0630546, 44.6283861 ], [ -124.048406599999964, 44.628890599999984 ], [ -124.042818, 44.6262936 ], [ -124.0547288, 44.6190527 ], [ -124.068226799999962, 44.6053651 ], [ -124.074176599999973, 44.5291214 ], [ -124.0823332, 44.497214199999988 ], [ -124.0828186, 44.42541749999998 ], [ -124.0965351, 44.347716299999988 ], [ -124.106332400000014, 44.3203448 ], [ -124.105976199999972, 44.30628 ], [ -124.112525, 44.2885123 ], [ -124.112548300000014, 44.2211858 ], [ -124.1194086, 44.1608414 ], [ -124.126218099999974, 44.1368656 ], [ -124.126258299999989, 44.0938842 ], [ -124.1388309, 44.025626 ], [ -124.1397197, 43.9894596 ], [ -124.1498917, 43.9185105 ], [ -124.155785, 43.8775275 ], [ -124.180084299999976, 43.7591248 ], [ -124.2065348, 43.6764752 ], [ -124.213015, 43.6355903 ], [ -124.234108499999977, 43.55815 ], [ -124.2575482, 43.49798 ], [ -124.2780761, 43.4539315 ], [ -124.3296003, 43.3648181 ], [ -124.322105499999964, 43.36573 ], [ -124.313310299999983, 43.3765003 ], [ -124.28985459999997, 43.3962697 ], [ -124.2722413, 43.419881 ], [ -124.2400249, 43.433892 ], [ -124.228407, 43.4511058 ], [ -124.2114504, 43.4548481 ], [ -124.200312700000012, 43.4604861 ], [ -124.200791099999975, 43.4537774 ], [ -124.2133147, 43.442795399999987 ], [ -124.2160066, 43.436432599999989 ], [ -124.1958942, 43.4197072 ], [ -124.194932400000013, 43.402977 ], [ -124.1789826, 43.3729396 ], [ -124.2097373, 43.368427 ], [ -124.2191051, 43.3873865 ], [ -124.221848299999976, 43.419297 ], [ -124.2282552, 43.4211526 ], [ -124.2335798, 43.4131054 ], [ -124.2398528, 43.4188737 ], [ -124.2457935, 43.4197585 ], [ -124.263503399999976, 43.4097788 ], [ -124.311950699999983, 43.354039 ], [ -124.3164244, 43.342353 ], [ -124.315603299999964, 43.3228186 ], [ -124.319489300000015, 43.314031899999989 ], [ -124.3249572, 43.3141641 ], [ -124.3256655, 43.340522199999974 ], [ -124.336265099999963, 43.3480035 ], [ -124.344443099999978, 43.3478837 ], [ -124.3691248, 43.3390832 ], [ -124.389576, 43.322743599999981 ], [ -124.39839, 43.3067577 ], [ -124.3907755, 43.292221699999985 ], [ -124.3841037, 43.268363199999982 ], [ -124.395895699999983, 43.2242896 ], [ -124.3980193, 43.2007885 ], [ -124.422560300000015, 43.13233959999998 ], [ -124.43313489999997, 43.1143056 ], [ -124.4375695, 43.066883499999982 ], [ -124.456740699999983, 43.004983499999987 ], [ -124.50279110000001, 42.9146606 ], [ -124.5327294, 42.8747755 ], [ -124.5385056, 42.8614256 ], [ -124.549520699999988, 42.8463373 ], [ -124.5619162, 42.8365148 ], [ -124.544482699999989, 42.8221321 ], [ -124.5300507, 42.8014321 ], [ -124.523392, 42.784558 ], [ -124.512435399999987, 42.737985599999988 ], [ -124.492618799999974, 42.739621299999989 ], [ -124.4739848, 42.730509799999986 ], [ -124.451201899999958, 42.6908333 ], [ -124.448256199999989, 42.6770589 ], [ -124.4170492, 42.659052 ], [ -124.4025291, 42.624198199999988 ], [ -124.4016203, 42.6026538 ], [ -124.4039668, 42.5937922 ], [ -124.396560799999989, 42.5845005 ], [ -124.39257259999998, 42.5671898 ], [ -124.401372, 42.5374765 ], [ -124.420522099999971, 42.498008299999988 ], [ -124.4242602, 42.460265799999981 ], [ -124.434781, 42.438275499999989 ], [ -124.427935600000012, 42.4123297 ], [ -124.4252909, 42.388536699999989 ], [ -124.43076, 42.325123 ], [ -124.419801399999969, 42.316396399999988 ], [ -124.41286759999997, 42.304209199999988 ], [ -124.408808799999974, 42.280495 ], [ -124.410825, 42.2518677 ], [ -124.3809541, 42.221001199999989 ], [ -124.375315199999989, 42.1984102 ], [ -124.3637809, 42.180952 ], [ -124.363922, 42.1552899 ], [ -124.35425619999998, 42.1348597 ], [ -124.3557736, 42.1180886 ], [ -124.352407899999989, 42.105952 ], [ -124.295858299999978, 42.051583699999988 ], [ -124.268715899999975, 42.041914799999986 ], [ -124.222374, 42.0090813 ], [ -124.2129167, 41.998297799999989 ], [ -124.208223499999988, 41.9882432 ], [ -124.2083521, 41.954043 ], [ -124.2002058, 41.940484 ], [ -124.2076596, 41.8958518 ], [ -124.224328099999966, 41.8337564 ], [ -124.251483099999987, 41.7797543 ], [ -124.244682599999962, 41.7715782 ], [ -124.2095755, 41.7507166 ], [ -124.188125199999973, 41.7477945 ], [ -124.170727899999989, 41.741869 ], [ -124.157754899999972, 41.7316456 ], [ -124.147764399999986, 41.7159389 ], [ -124.135587199999989, 41.661723099999989 ], [ -124.1213401, 41.640066399999981 ], [ -124.1136873, 41.616157 ], [ -124.1035276, 41.602045499999988 ], [ -124.0986835, 41.5660173 ], [ -124.082792200000014, 41.5435808 ], [ -124.080629599999966, 41.5113812 ], [ -124.06701539999996, 41.4709455 ], [ -124.064099399999989, 41.439647099999988 ], [ -124.0745132, 41.365492199999984 ], [ -124.1084819, 41.2274517 ], [ -124.1283645, 41.1803351 ], [ -124.1417487, 41.1499804 ], [ -124.148714799999979, 41.1433214 ], [ -124.1594285, 41.1388635 ], [ -124.1625596, 41.130888899999988 ], [ -124.1570028, 41.0728425 ], [ -124.15075149999997, 41.0571772 ], [ -124.130008600000011, 41.0497922 ], [ -124.114341900000014, 41.0280947 ], [ -124.1198661, 40.984586299999989 ], [ -124.1368278, 40.9281346 ], [ -124.15354619999998, 40.887513299999988 ], [ -124.1736412, 40.849696299999984 ], [ -124.2265719, 40.7647752 ], [ -124.2191908, 40.7649887 ], [ -124.201765499999979, 40.7821968 ], [ -124.1868732, 40.809390699999987 ], [ -124.1732564, 40.8247991 ], [ -124.1665103, 40.840715799999984 ], [ -124.148975099999973, 40.862110099999988 ], [ -124.1357594, 40.862500499999989 ], [ -124.1180818, 40.8552811 ], [ -124.103021899999987, 40.857173599999989 ], [ -124.0947703, 40.8548985 ], [ -124.086066199999976, 40.846535499999987 ], [ -124.08552, 40.8326852 ], [ -124.094396899999978, 40.8215899 ], [ -124.1203692, 40.809526399999989 ], [ -124.141036599999978, 40.8083152 ], [ -124.158477, 40.8103793 ], [ -124.182991899999962, 40.797004 ], [ -124.1991969, 40.768793 ], [ -124.2015181, 40.750438499999987 ], [ -124.2183774, 40.7370034 ], [ -124.220218799999969, 40.7221845 ], [ -124.214982, 40.707029899999981 ], [ -124.224772800000011, 40.6877966 ], [ -124.254504199999971, 40.696368 ], [ -124.2626163, 40.702518 ], [ -124.2551482, 40.7203564 ], [ -124.2328247, 40.7444061 ], [ -124.2347373, 40.7499079 ], [ -124.2402909, 40.7472016 ], [ -124.2928434, 40.6727692 ], [ -124.294120799999988, 40.6604974 ], [ -124.306621600000014, 40.649012 ], [ -124.309671099999974, 40.6396091 ], [ -124.3200759, 40.6304168 ], [ -124.3325361, 40.6078427 ], [ -124.3822458, 40.517538399999985 ], [ -124.3867533, 40.487742 ], [ -124.406653099999986, 40.4376465 ], [ -124.397037, 40.415784 ], [ -124.3698714, 40.384702499999989 ], [ -124.3650708, 40.3701291 ], [ -124.3615888, 40.343818 ], [ -124.3503741, 40.3202576 ], [ -124.3506667, 40.308468399999981 ], [ -124.3618505, 40.2772314 ], [ -124.357482699999977, 40.2561629 ], [ -124.331453599999989, 40.238186 ], [ -124.292214, 40.205637 ], [ -124.220284, 40.163799 ], [ -124.1857594, 40.1316552 ], [ -124.137543499999978, 40.1146451 ], [ -124.1062759, 40.0979587 ], [ -124.0838484, 40.0705083 ], [ -124.0742337, 40.0274096 ], [ -124.048568799999984, 40.019458399999984 ], [ -124.021471299999973, 39.9994194 ], [ -123.9795423, 39.9593104 ], [ -123.955259699999985, 39.925574099999984 ], [ -123.930863499999987, 39.9067005 ], [ -123.9050347, 39.862813599999988 ], [ -123.8506387, 39.8248946 ], [ -123.840628700000011, 39.7951386 ], [ -123.8378429, 39.758397699999982 ], [ -123.8293417, 39.7273272 ], [ -123.822494899999981, 39.718219499999989 ], [ -123.807630499999988, 39.7062962 ], [ -123.7928149, 39.679642599999987 ], [ -123.785655699999964, 39.6464696 ], [ -123.7854822, 39.598982199999988 ], [ -123.7688063, 39.5572538 ], [ -123.783877199999964, 39.5126049 ], [ -123.803282099999976, 39.483463499999985 ], [ -123.813774399999986, 39.4488114 ], [ -123.813791200000011, 39.4280614 ], [ -123.820407899999964, 39.4012748 ], [ -123.823535100000015, 39.349976299999987 ], [ -123.815998099999987, 39.335457499999983 ], [ -123.804072199999979, 39.320644 ], [ -123.805972199999985, 39.307555 ], [ -123.797929, 39.2960339 ], [ -123.8012738, 39.2817091 ], [ -123.79010550000001, 39.267088399999977 ], [ -123.7783252, 39.243284 ], [ -123.769972699999968, 39.1997524 ], [ -123.740393399999974, 39.1627081 ], [ -123.732670099999979, 39.142307599999981 ], [ -123.7192387, 39.128180799999981 ], [ -123.6930471, 39.048969899999989 ], [ -123.692345499999988, 39.0225052 ], [ -123.69973819999997, 39.0009511 ], [ -123.71703319999996, 38.970777399999989 ], [ -123.733640599999987, 38.9522247 ], [ -123.7256511, 38.9237672 ], [ -123.6811011, 38.885096499999989 ], [ -123.6620323, 38.8716672 ], [ -123.64441570000001, 38.8478949 ], [ -123.610802, 38.824065499999989 ], [ -123.5983462, 38.808249599999989 ], [ -123.5650695, 38.7917944 ], [ -123.54269349999997, 38.7749372 ], [ -123.518145399999966, 38.7473792 ], [ -123.4914183, 38.734114299999987 ], [ -123.456314499999976, 38.7108346 ], [ -123.4120808, 38.6637047 ], [ -123.365660800000015, 38.6047345 ], [ -123.344408199999975, 38.5883788 ], [ -123.330773199999967, 38.5676588 ], [ -123.308405099999987, 38.5551991 ], [ -123.2531105, 38.514373700000014 ], [ -123.190190099999981, 38.4872723 ], [ -123.1347941, 38.4522415 ], [ -123.10336, 38.411914 ], [ -123.0732327, 38.365491199999987 ], [ -123.0699174, 38.3403443 ], [ -123.0725919, 38.3212816 ], [ -123.065162, 38.306555699999983 ], [ -123.0613229, 38.304028599999988 ], [ -123.058094, 38.3052145 ], [ -123.0565253, 38.325594299999985 ], [ -123.0507998, 38.3294902 ], [ -123.0428253, 38.3224661 ], [ -123.039731899999964, 38.312521 ], [ -123.020213899999987, 38.3058009 ], [ -123.0035928, 38.2943703 ], [ -122.9757219, 38.2626718 ], [ -122.9664413, 38.2352789 ], [ -122.9568629, 38.2291283 ], [ -122.947900899999951, 38.2187402 ], [ -122.926410300000015, 38.2101397 ], [ -122.9164072, 38.190565699999986 ], [ -122.895525800000016, 38.1609178 ], [ -122.8736295, 38.138535899999987 ], [ -122.858645, 38.1171022 ], [ -122.8338168, 38.0961204 ], [ -122.8341544, 38.0909891 ], [ -122.843960399999972, 38.092849199999989 ], [ -122.882438799999989, 38.1244765 ], [ -122.9291397, 38.180886 ], [ -122.944382, 38.1934916 ], [ -122.9733181, 38.2245025 ], [ -122.9812004, 38.228073 ], [ -122.97894740000001, 38.2146465 ], [ -122.953707299999962, 38.169412799999989 ], [ -122.951938399999975, 38.1455159 ], [ -122.962832299999974, 38.1102973 ], [ -123.013093599999962, 37.997559399999986 ], [ -122.979654299999964, 37.996027199999986 ], [ -122.9793019, 38.0053641 ], [ -122.972671299999959, 38.0168837 ], [ -122.943809599999966, 38.0335649 ], [ -122.952307, 38.0591296 ], [ -122.934026799999984, 38.071980399999987 ], [ -122.924340599999979, 38.064443 ], [ -122.9323376, 38.0492146 ], [ -122.9285903, 38.0387005 ], [ -122.919997099999975, 38.0362973 ], [ -122.906406800000013, 38.0389769 ], [ -122.889095099999977, 38.0268216 ], [ -122.8601406, 38.0167034 ], [ -122.826724299999981, 37.9983899 ], [ -122.798571199999984, 37.9752453 ], [ -122.779254399999985, 37.949211799999986 ], [ -122.7399573, 37.924531699999989 ], [ -122.719621099999969, 37.903090599999985 ], [ -122.7029384, 37.8987054 ], [ -122.688746099999975, 37.905226599999985 ], [ -122.685142899999988, 37.9143029 ], [ -122.6913366, 37.926730299999988 ], [ -122.687329299999988, 37.9281859 ], [ -122.6678717, 37.9151045 ], [ -122.660167, 37.9036504 ], [ -122.645319, 37.8966837 ], [ -122.6257319, 37.8828185 ], [ -122.604998599999988, 37.8744169 ], [ -122.5664163, 37.852225 ], [ -122.535461199999972, 37.8266435 ], [ -122.5019545, 37.8236068 ], [ -122.4831345, 37.8291133 ], [ -122.47727350000001, 37.843055 ], [ -122.483166200000014, 37.856801499999989 ], [ -122.5066701, 37.874928099999984 ], [ -122.511190099999979, 37.8831892 ], [ -122.503542799999977, 37.8845972 ], [ -122.496574199999969, 37.891040499999981 ], [ -122.4879013, 37.8911127 ], [ -122.4791637, 37.8864084 ], [ -122.470964699999968, 37.875533299999987 ], [ -122.463062099999988, 37.871161899999983 ], [ -122.45105609999996, 37.8757085 ], [ -122.445527200000015, 37.8831456 ], [ -122.452375199999963, 37.8932456 ], [ -122.4702838, 37.9042381 ], [ -122.4804659, 37.915808 ], [ -122.495611, 37.9249028 ], [ -122.5019837, 37.934832799999988 ], [ -122.500254700000013, 37.938851299999989 ], [ -122.4909267, 37.94112 ], [ -122.486362799999966, 37.9450427 ], [ -122.486940800000013, 37.9695684 ], [ -122.4544825, 37.9868143 ], [ -122.464040899999986, 38.001021 ], [ -122.482485599999961, 38.010507 ], [ -122.496569499999978, 38.0230418 ], [ -122.4956009, 38.0394011 ], [ -122.486329099999978, 38.073498799999989 ], [ -122.48796990000001, 38.104439199999987 ], [ -122.477150099999989, 38.113308499999981 ], [ -122.4362383, 38.121987 ], [ -122.402098099999989, 38.1453936 ], [ -122.3288634, 38.1169118 ], [ -122.305554199999975, 38.1021529 ], [ -122.272469199999989, 38.0707461 ], [ -122.26139, 38.070388299999983 ], [ -122.2449886, 38.0743127 ], [ -122.217321700000014, 38.0657886 ], [ -122.1867113, 38.0650136 ], [ -122.161745399999973, 38.0484291 ], [ -122.1483838, 38.044732599999989 ], [ -122.1255994, 38.0522233 ], [ -122.0736877, 38.102714199999987 ], [ -122.057687699999988, 38.128969699999985 ], [ -122.0375193, 38.1365702 ], [ -122.0113566, 38.1379029 ], [ -121.9978384, 38.130655 ], [ -121.9908795, 38.1134613 ], [ -122.008337900000015, 38.0960135 ], [ -121.991648699999985, 38.0855959 ], [ -121.988180199999974, 38.078752699999988 ], [ -121.9851075, 38.0779594 ], [ -121.98153, 38.0810313 ], [ -121.970333499999981, 38.078536 ], [ -121.916799, 38.0777813 ], [ -121.914815799999985, 38.070808199999988 ], [ -121.92344, 38.056735599999982 ], [ -121.9127045, 38.0516249 ], [ -121.9013992, 38.0517401 ], [ -121.887734099999975, 38.055123399999985 ], [ -121.8635016, 38.068816 ], [ -121.8498006, 38.071727599999981 ], [ -121.813134899999966, 38.065700399999983 ], [ -121.7965397, 38.0665975 ], [ -121.7472608, 38.0897979 ], [ -121.717957199999972, 38.1076762 ], [ -121.711225199999973, 38.1089321 ], [ -121.707917499999965, 38.107075799999983 ], [ -121.7094054, 38.0958008 ], [ -121.718260099999981, 38.096323 ], [ -121.7345318, 38.083942399999984 ], [ -121.7783638, 38.0604222 ], [ -121.7840732, 38.043928099999988 ], [ -121.7784952, 38.0327903 ], [ -121.7668733, 38.030092 ], [ -121.743818, 38.0327938 ], [ -121.697966299999976, 38.0470882 ], [ -121.7000635, 38.040459299999981 ], [ -121.714836, 38.0282956 ], [ -121.709064499999968, 38.0238123 ], [ -121.6931624, 38.0198045 ], [ -121.6922254, 38.0159668 ], [ -121.699459399999981, 38.0116266 ], [ -121.71299609999997, 38.0104654 ], [ -121.7517753, 38.018401 ], [ -121.7845347, 38.0161289 ], [ -121.8048336, 38.017106 ], [ -121.863433, 38.0305526 ], [ -121.866510799999972, 38.0328163 ], [ -121.849402099999978, 38.034743299999988 ], [ -121.845177899999968, 38.0294056 ], [ -121.840103700000014, 38.031029599999989 ], [ -121.8523785, 38.0574275 ], [ -121.85941480000001, 38.052761299999986 ], [ -121.859877799999978, 38.0470101 ], [ -121.87809169999997, 38.040230199999989 ], [ -121.8716236, 38.033328 ], [ -121.8923822, 38.039709399999985 ], [ -121.947509400000015, 38.048149599999974 ], [ -121.97499569999998, 38.0489256 ], [ -122.0256603, 38.0559182 ], [ -122.0764667, 38.049549 ], [ -122.1497372, 38.0253604 ], [ -122.167048, 38.031153 ], [ -122.180735, 38.0441718 ], [ -122.1937086, 38.051658599999989 ], [ -122.2168062, 38.0564696 ], [ -122.2371185, 38.056500299999975 ], [ -122.2598957, 38.0485347 ], [ -122.2817916, 38.0255998 ], [ -122.3009585, 38.0129054 ], [ -122.3332442, 38.0043525 ], [ -122.362680399999974, 38.0065454 ], [ -122.365474299999988, 37.9847716 ], [ -122.373703899999981, 37.977372599999981 ], [ -122.3902711, 37.9690162 ], [ -122.399124399999977, 37.9587991 ], [ -122.4170834, 37.9620958 ], [ -122.424176899999978, 37.9606168 ], [ -122.420096300000012, 37.949320899999989 ], [ -122.4119631, 37.9383219 ], [ -122.3920403, 37.922739299999989 ], [ -122.383005199999985, 37.911238399999981 ], [ -122.3730261, 37.9087675 ], [ -122.3611071, 37.9122377 ], [ -122.345273799999987, 37.9102059 ], [ -122.328511, 37.9053383 ], [ -122.3144234, 37.893328299999979 ], [ -122.312253700000014, 37.877485799999988 ], [ -122.3152653, 37.8698044 ], [ -122.3035258, 37.855930799999989 ], [ -122.3009839, 37.8330063 ], [ -122.3057289, 37.8279602 ], [ -122.317813699999988, 37.8234381 ], [ -122.318594099999984, 37.816191599999989 ], [ -122.3293806, 37.8099993 ], [ -122.3302772, 37.8058866 ], [ -122.310731, 37.7962002 ], [ -122.271180199999989, 37.7915079 ], [ -122.258519699999965, 37.7862095 ], [ -122.2537269, 37.781794599999984 ], [ -122.2604624, 37.781597899999987 ], [ -122.2828241, 37.7905033 ], [ -122.317239699999959, 37.7940104 ], [ -122.32682, 37.791581599999986 ], [ -122.3262151, 37.7842918 ], [ -122.3163299, 37.7793201 ], [ -122.3024443, 37.776912899999985 ], [ -122.290281099999987, 37.7701493 ], [ -122.247428099999979, 37.7543374 ], [ -122.234449200000014, 37.7533205 ], [ -122.2225132, 37.755588 ], [ -122.2146537, 37.7511899 ], [ -122.2137188, 37.747273799999988 ], [ -122.2163974, 37.744322 ], [ -122.23484579999996, 37.7468512 ], [ -122.2516462, 37.7447595 ], [ -122.2547693, 37.742482499999987 ], [ -122.2552547, 37.736127300000014 ], [ -122.244169, 37.7205171 ], [ -122.224269299999989, 37.7062128 ], [ -122.214735299999973, 37.7043193 ], [ -122.2047137, 37.707588099999988 ], [ -122.195412199999978, 37.7038554 ], [ -122.1672774, 37.6726769 ], [ -122.1525535, 37.6396298 ], [ -122.1437811, 37.585078 ], [ -122.1184558, 37.5431534 ], [ -122.10647179999998, 37.506105 ], [ -122.1003213, 37.5042265 ], [ -122.0828008, 37.5079022 ], [ -122.051092899999986, 37.4958816 ], [ -122.0510025, 37.4769868 ], [ -122.0413047, 37.4666043 ], [ -122.0296411, 37.4652198 ], [ -122.002367299999989, 37.4676282 ], [ -121.9994447, 37.4660119 ], [ -122.0242465, 37.4603102 ], [ -122.0398209, 37.4524262 ], [ -122.0534437, 37.4489537 ], [ -122.0896974, 37.4542858 ], [ -122.1171816, 37.4709194 ], [ -122.127344699999981, 37.4936445 ], [ -122.1348453, 37.502109 ], [ -122.1431158, 37.5040103 ], [ -122.162376299999977, 37.502235899999988 ], [ -122.181482300000013, 37.5149585 ], [ -122.192673399999961, 37.519303799999989 ], [ -122.205448499999989, 37.5162321 ], [ -122.201178799999965, 37.5295278 ], [ -122.2037695, 37.5354935 ], [ -122.2205984, 37.538996799999985 ], [ -122.234353699999971, 37.534574 ], [ -122.2326538, 37.5469468 ], [ -122.2447126, 37.5543559 ], [ -122.258075699999978, 37.5675668 ], [ -122.297491599999987, 37.575050599999983 ], [ -122.320148499999988, 37.5880464 ], [ -122.352369700000011, 37.593044599999985 ], [ -122.366675799999982, 37.6006594 ], [ -122.3704392, 37.607957699999979 ], [ -122.3634319, 37.6129014 ], [ -122.3625376, 37.6170707 ], [ -122.3693271, 37.625909 ], [ -122.386727099999973, 37.6404526 ], [ -122.3801707, 37.6580155 ], [ -122.385403200000013, 37.6694609 ], [ -122.3901818, 37.7009539 ], [ -122.379343299999988, 37.7158465 ], [ -122.3676416, 37.720935599999983 ], [ -122.364274199999969, 37.7264139 ], [ -122.382450299999959, 37.7595643 ], [ -122.390520099999989, 37.7914574 ], [ -122.4013685, 37.8038528 ], [ -122.4126623, 37.8078496 ], [ -122.4694126, 37.806395199999983 ], [ -122.4741766, 37.805198099999984 ], [ -122.488215299999979, 37.793026799999986 ], [ -122.5034123, 37.7865362 ], [ -122.5093378, 37.7813109 ], [ -122.511233, 37.775053 ], [ -122.5064353, 37.7245336 ], [ -122.496907799999974, 37.6806453 ], [ -122.494925, 37.6470339 ], [ -122.501810399999954, 37.6052318 ], [ -122.514329099999983, 37.594736899999987 ], [ -122.51782630000001, 37.588338899999989 ], [ -122.515242299999969, 37.5576098 ], [ -122.516583899999986, 37.5282407 ], [ -122.500089599999967, 37.502653699999989 ], [ -122.470196699999988, 37.497794799999987 ], [ -122.4540265, 37.4810544 ], [ -122.4405953, 37.4304456 ], [ -122.403684, 37.358682099999982 ], [ -122.4078862, 37.2898177 ], [ -122.4165188, 37.2451023 ], [ -122.404063900000011, 37.199986399999986 ], [ -122.39459279999997, 37.1868413 ], [ -122.36881409999998, 37.1709615 ], [ -122.357400500000011, 37.1520945 ], [ -122.3408729, 37.135799899999988 ], [ -122.331584799999959, 37.1183641 ], [ -122.324402800000016, 37.115310799999989 ], [ -122.3067404, 37.1135014 ], [ -122.2897353, 37.1038728 ], [ -122.275121700000014, 37.0899857 ], [ -122.252374599999968, 37.0607676 ], [ -122.220490899999987, 37.0260931 ], [ -122.151337699999956, 36.9781664 ], [ -122.106435, 36.9580622 ], [ -122.066296799999989, 36.9504904 ], [ -122.0347333, 36.9525979 ], [ -122.0138043, 36.961293799999986 ], [ -121.97542449999996, 36.9575716 ], [ -121.951488099999978, 36.970809599999988 ], [ -121.930070299999983, 36.975897 ], [ -121.9017829, 36.964886599999986 ], [ -121.8767813, 36.9463364 ], [ -121.8647746, 36.9338091 ], [ -121.808537199999989, 36.847625799999989 ], [ -121.7925256, 36.8135761 ], [ -121.790967099999989, 36.7993026 ], [ -121.805017, 36.749737699999983 ], [ -121.8128, 36.6920103 ], [ -121.8321037, 36.6465681 ], [ -121.860161, 36.6131674 ], [ -121.8778632, 36.604401399999986 ], [ -121.889502199999981, 36.605285 ], [ -121.920846399999974, 36.6305144 ], [ -121.932651599999986, 36.6333272 ], [ -121.9445203, 36.6171734 ], [ -121.95855610000001, 36.6047854 ], [ -121.9714546, 36.580133499999988 ], [ -121.962872799999985, 36.5673831 ], [ -121.941678699999983, 36.562605199999986 ], [ -121.931833199999971, 36.551477 ], [ -121.930136, 36.526788399999987 ], [ -121.935703399999966, 36.522856399999981 ], [ -121.9471178, 36.5207982 ], [ -121.949279, 36.5181053 ], [ -121.9413343, 36.5049285 ], [ -121.940712899999966, 36.484370899999988 ], [ -121.928815199999988, 36.4607549 ], [ -121.926279, 36.446021399999985 ], [ -121.9164094, 36.4248469 ], [ -121.913119199999983, 36.4053027 ], [ -121.904639799999984, 36.3894578 ], [ -121.904365499999969, 36.3586581 ], [ -121.8946663, 36.3354623 ], [ -121.8960643, 36.305950799999984 ], [ -121.853389199999967, 36.2766124 ], [ -121.836409599999968, 36.252806699999987 ], [ -121.8246855, 36.2425327 ], [ -121.811075100000011, 36.235563 ], [ -121.781130499999989, 36.227216399999989 ], [ -121.728462799999974, 36.2004084 ], [ -121.676352299999962, 36.1620673 ], [ -121.635041799999982, 36.1200542 ], [ -121.617729, 36.087134899999988 ], [ -121.5957074, 36.0642613 ], [ -121.58808710000001, 36.046998099999989 ], [ -121.5727133, 36.025714899999983 ], [ -121.561880099999968, 36.0198819 ], [ -121.5235022, 36.0105521 ], [ -121.5039723, 35.9989219 ], [ -121.485466, 35.966958699999985 ], [ -121.459207, 35.886381 ], [ -121.4397394, 35.8686855 ], [ -121.413320299999967, 35.8536818 ], [ -121.3874794, 35.8245503 ], [ -121.357992, 35.8039818 ], [ -121.3334058, 35.781464199999981 ], [ -121.317938499999968, 35.7499113 ], [ -121.313399099999984, 35.716666599999982 ], [ -121.293823099999983, 35.692291899999979 ], [ -121.2828246, 35.6683709 ], [ -121.241372199999972, 35.6541453 ], [ -121.2211174, 35.6499478 ], [ -121.200767199999987, 35.6398433 ], [ -121.18446320000001, 35.640543399999977 ], [ -121.167813099999989, 35.6342517 ], [ -121.125588499999964, 35.590697 ], [ -121.096132699999984, 35.5455596 ], [ -121.0064863, 35.4657321 ], [ -120.9705816, 35.458756699999988 ], [ -120.9441802, 35.4485041 ], [ -120.9091064, 35.446573799999982 ], [ -120.8884188, 35.4320546 ], [ -120.869591199999988, 35.400515399999989 ], [ -120.8650969, 35.374045199999983 ], [ -120.8556533, 35.3662176 ], [ -120.843425199999984, 35.3455965 ], [ -120.8342728, 35.335952 ], [ -120.846350899999962, 35.323289599999981 ], [ -120.860246600000011, 35.3207861 ], [ -120.858003599999989, 35.3533224 ], [ -120.860713100000012, 35.356088199999988 ], [ -120.872608899999975, 35.313124699999982 ], [ -120.8951179, 35.2647323 ], [ -120.896062, 35.2550399 ], [ -120.892281699999984, 35.244831499999989 ], [ -120.860039, 35.212072 ], [ -120.791843, 35.1796836 ], [ -120.7648836, 35.1636107 ], [ -120.75907, 35.1643398 ], [ -120.753684799999988, 35.172216599999985 ], [ -120.744706, 35.176634599999986 ], [ -120.729210399999971, 35.1769108 ], [ -120.705333599999975, 35.1725457 ], [ -120.677975799999984, 35.1559661 ], [ -120.65433179999998, 35.147951299999988 ], [ -120.6409746, 35.1312615 ], [ -120.63120259999998, 35.098021 ], [ -120.6321575, 35.045603899999982 ], [ -120.6403781, 35.0029831 ], [ -120.6634685, 34.9359225 ], [ -120.667910699999965, 34.9092778 ], [ -120.646829099999977, 34.8970487 ], [ -120.6374932, 34.8817593 ], [ -120.619524799999965, 34.8674307 ], [ -120.6125728, 34.8566876 ], [ -120.6162211, 34.81908 ], [ -120.633932, 34.7574431 ], [ -120.6260876, 34.7410706 ], [ -120.6126191, 34.7248612 ], [ -120.6033359, 34.7016013 ], [ -120.615963299999962, 34.6580781 ], [ -120.6405292, 34.6035964 ], [ -120.6441677, 34.578224 ], [ -120.635476, 34.5649087 ], [ -120.620432799999989, 34.5564858 ], [ -120.5782135, 34.5540275 ], [ -120.518844300000012, 34.526507599999988 ], [ -120.480416199999979, 34.4789592 ], [ -120.4694203, 34.4529604 ], [ -120.458687, 34.4472005 ], [ -120.343194900000015, 34.459268599999987 ], [ -120.29620089999996, 34.469065 ], [ -120.2657473, 34.4678448 ], [ -120.193957, 34.4705252 ], [ -120.140995, 34.4725168 ], [ -120.0876958, 34.461278899999982 ], [ -120.0446399, 34.462450099999984 ], [ -120.0084122, 34.458907599999975 ], [ -119.9585636, 34.4374894 ], [ -119.919356400000012, 34.4308026 ], [ -119.8686664, 34.4077949 ], [ -119.8490149, 34.4068503 ], [ -119.829687799999988, 34.415256299999982 ], [ -119.796889, 34.4168958 ], [ -119.7788176, 34.413546799999985 ], [ -119.7334556, 34.398066899999989 ], [ -119.717510100000013, 34.3963701 ], [ -119.6979866, 34.402286 ], [ -119.6819097, 34.4124005 ], [ -119.665709199999981, 34.4157712 ], [ -119.612046100000015, 34.4197211 ], [ -119.563694200000015, 34.412902 ], [ -119.5300353, 34.394245399999988 ], [ -119.4947335, 34.3833014 ], [ -119.4775633, 34.3753172 ], [ -119.4598463, 34.3712015 ], [ -119.4431454, 34.3578313 ], [ -119.4219376, 34.3467475 ], [ -119.393091599999977, 34.322389 ], [ -119.3686023, 34.3167452 ], [ -119.32571489999998, 34.2844979 ], [ -119.309926699999977, 34.276489799999986 ], [ -119.2935787, 34.2737999 ], [ -119.2847825, 34.2697697 ], [ -119.264151499999983, 34.248125099999989 ], [ -119.265328699999969, 34.237640299999988 ], [ -119.2613458, 34.221177099999984 ], [ -119.223393, 34.1550005 ], [ -119.2163119, 34.149052 ], [ -119.196643799999961, 34.140615399999987 ], [ -119.1238363, 34.1001767 ], [ -119.1135979, 34.0980594 ], [ -119.1099493, 34.097304799999989 ], [ -119.0837435, 34.096413399999989 ], [ -119.0618671, 34.0872931 ], [ -119.03595030000001, 34.0813093 ], [ -119.0090029, 34.068438 ], [ -118.977249699999973, 34.0595685 ], [ -118.9431885, 34.0462065 ], [ -118.8555141, 34.0332436 ], [ -118.8368455, 34.0243922 ], [ -118.8066039, 34.0052906 ], [ -118.796460200000013, 34.008541 ], [ -118.778640900000013, 34.0216162 ], [ -118.740301100000011, 34.031185199999989 ], [ -118.700814099999974, 34.0306854 ], [ -118.6649422, 34.037622499999983 ], [ -118.61286429999997, 34.0370985 ], [ -118.568726900000016, 34.040226 ], [ -118.545714, 34.0371996 ], [ -118.5269611, 34.0295366 ], [ -118.492192299999971, 34.003042299999983 ], [ -118.462917899999979, 33.9703749 ], [ -118.4488323, 33.9490346 ], [ -118.394669599999972, 33.8439214 ], [ -118.3916145, 33.822755 ], [ -118.39407079999998, 33.8100636 ], [ -118.418377, 33.784966499999989 ], [ -118.4232819, 33.7760973 ], [ -118.405268599999985, 33.741320099999975 ], [ -118.398274199999975, 33.738984099999982 ], [ -118.3810616, 33.740011699999982 ], [ -118.3670811, 33.7374708 ], [ -118.343308199999967, 33.726001 ], [ -118.291525400000012, 33.7086275 ], [ -118.2749906, 33.722865299999988 ], [ -118.278018599999982, 33.752963 ], [ -118.2762371, 33.7602802 ], [ -118.267197900000014, 33.7587223 ], [ -118.252715, 33.7661713 ], [ -118.228024, 33.7696476 ], [ -118.225089599999976, 33.7681191 ], [ -118.2619527, 33.753164399999989 ], [ -118.270401, 33.7419479 ], [ -118.2678508, 33.733982 ], [ -118.253438799999984, 33.7358859 ], [ -118.2488752, 33.7441747 ], [ -118.240405400000014, 33.744389499999983 ], [ -118.2361238, 33.7509308 ], [ -118.2184677, 33.756488 ], [ -118.213886299999984, 33.7549381 ], [ -118.2102569, 33.7484544 ], [ -118.198167, 33.7377869 ], [ -118.1927965, 33.7362266 ], [ -118.1900037, 33.747500199999983 ], [ -118.195856799999987, 33.7590531 ], [ -118.1724182, 33.761146599999982 ], [ -118.145084, 33.7559573 ], [ -118.1051972, 33.7358073 ], [ -118.091003, 33.7322852 ], [ -118.0602537, 33.7086937 ], [ -118.037474, 33.6849474 ], [ -118.005790699999963, 33.657781099999987 ], [ -117.925449199999989, 33.607693 ], [ -117.919474, 33.6063554 ], [ -117.9082416, 33.6039982 ], [ -117.908284900000012, 33.6063554 ], [ -117.9148445, 33.6105367 ], [ -117.9096724, 33.6128909 ], [ -117.901877, 33.6108732 ], [ -117.8945763, 33.6063554 ], [ -117.843175399999978, 33.5744847 ], [ -117.8166799, 33.554283899999987 ], [ -117.7846604, 33.5387808 ], [ -117.7310466, 33.4857153 ], [ -117.714817199999985, 33.4660461 ], [ -117.680859, 33.4590731 ], [ -117.6562304, 33.446790899999989 ], [ -117.622303, 33.4200236 ], [ -117.592879899999986, 33.3872748 ], [ -117.5712395, 33.375340699999988 ], [ -117.542322, 33.3592805 ], [ -117.5124647, 33.337652799999987 ], [ -117.4824984, 33.3090546 ], [ -117.359847899999963, 33.1644264 ], [ -117.3265092, 33.115133799999988 ], [ -117.278817100000012, 33.0031678 ], [ -117.2557971, 32.9050622 ], [ -117.255326599999989, 32.872464199999982 ], [ -117.262544299999988, 32.855464399999988 ], [ -117.277016199999963, 32.8423156 ], [ -117.2785193, 32.825527699999981 ], [ -117.2602466, 32.7978964 ], [ -117.250716, 32.7731166 ], [ -117.24478449999998, 32.7853456 ], [ -117.2356627, 32.786462699999987 ], [ -117.2203726, 32.7929791 ], [ -117.215435299999967, 32.792116799999981 ], [ -117.212492199999986, 32.7881891 ], [ -117.2141079, 32.780154099999983 ], [ -117.220332199999973, 32.777045699999988 ], [ -117.224727699999988, 32.7695825 ], [ -117.2365852, 32.7597734 ], [ -117.2455417, 32.7550931 ], [ -117.252742499999982, 32.745986 ], [ -117.2560755, 32.7174834 ], [ -117.2477953, 32.6798602 ], [ -117.2444057, 32.674115299999968 ], [ -117.241110399999982, 32.673408699999989 ], [ -117.237409500000012, 32.6835929 ], [ -117.23658540000001, 32.7011579 ], [ -117.229194, 32.7174956 ], [ -117.220294499999966, 32.7232275 ], [ -117.2035201, 32.7266036 ], [ -117.179162, 32.7224087 ], [ -117.165491299999985, 32.7061045 ], [ -117.1251753, 32.6769031 ], [ -117.120372099999983, 32.6677501 ], [ -117.1166115, 32.6478773 ], [ -117.10296, 32.620040599999989 ], [ -117.1088999, 32.614173 ], [ -117.107793299999983, 32.6089498 ], [ -117.1158959, 32.6046405 ], [ -117.1220218, 32.605819799999985 ], [ -117.1277217, 32.6107418 ], [ -117.133914600000011, 32.6296043 ], [ -117.153207, 32.6597878 ], [ -117.158499799999973, 32.6725656 ], [ -117.166178, 32.680098199999982 ], [ -117.1723652, 32.697099 ], [ -117.2001772, 32.711331199999989 ], [ -117.2146736, 32.7074858 ], [ -117.2218902, 32.698534099999989 ], [ -117.2170735, 32.6874357 ], [ -117.19676859999997, 32.6845428 ], [ -117.1772526, 32.675879299999984 ], [ -117.164983899999982, 32.665576 ], [ -117.152341, 32.6490734 ], [ -117.1371943, 32.6129657 ], [ -117.131532400000012, 32.563767 ], [ -117.1235809, 32.5346222 ], [ -116.8065005, 32.5586196 ], [ -116.799676399999967, 32.559136099999989 ], [ -116.7558152, 32.562455599999986 ], [ -116.6813582, 32.568090699999985 ], [ -116.646019799999962, 32.570765799999975 ], [ -116.604222899999982, 32.5739297 ], [ -116.536878099999967, 32.5790273 ], [ -116.258027699999985, 32.6001314 ], [ -116.1146158, 32.6109833 ], [ -116.106132499999987, 32.6116252 ], [ -115.940828899999985, 32.6241367 ], [ -115.8868173, 32.6282243 ], [ -115.77076, 32.637007 ], [ -115.6981876, 32.6425011 ], [ -115.3569253, 32.668331799999976 ], [ -114.7171887, 32.716727799999987 ], [ -114.7284993, 32.6933195 ], [ -114.7343032, 32.6764732 ], [ -114.739191300000016, 32.6657494 ], [ -114.7525456, 32.655492 ], [ -114.7585172, 32.645725299999988 ], [ -114.7633477, 32.640458 ], [ -114.7750041, 32.6331394 ], [ -114.784675600000014, 32.6221777 ], [ -114.7912057, 32.6213142 ], [ -114.798948, 32.6218571 ], [ -114.803718699999962, 32.6179635 ], [ -114.8057191, 32.610347 ], [ -114.804039699999961, 32.601532499999983 ], [ -114.7987068, 32.5893735 ], [ -114.7990594, 32.5839392 ], [ -114.801994599999972, 32.5740577 ], [ -114.8104338, 32.5653453 ], [ -114.8113476, 32.5622909 ], [ -114.809539199999989, 32.5595352 ], [ -114.805772100000013, 32.5583591 ], [ -114.80007209999998, 32.561209599999984 ], [ -114.7940719, 32.5660213 ], [ -114.7915271, 32.5591314 ], [ -114.793588199999988, 32.5512599 ], [ -114.79954, 32.5472168 ], [ -114.802028799999974, 32.5440757 ], [ -114.8025954, 32.5359818 ], [ -114.810024899999988, 32.5227551 ], [ -114.8074282, 32.517379399999982 ], [ -114.804434, 32.5090279 ], [ -114.812471, 32.5042998 ], [ -114.814345100000011, 32.4988252 ], [ -114.8127606, 32.4954709 ], [ -114.805135899999982, 32.491665899999987 ], [ -114.745785599999977, 32.4757753 ], [ -114.5493089, 32.4138561 ], [ -113.9912243, 32.238831699999984 ], [ -113.925217, 32.2205192 ], [ -113.6682261, 32.141887 ], [ -113.405964199999985, 32.061572 ], [ -113.353296399999977, 32.0454345 ], [ -113.2082588, 32.000980099999985 ], [ -113.1664406, 31.9879859 ], [ -112.685235599999984, 31.8383278 ], [ -112.5213538, 31.787303899999984 ], [ -112.2870715, 31.7150944 ], [ -112.2537356, 31.7044751 ], [ -111.918824699999988, 31.5977201 ], [ -111.6610885, 31.5165778 ], [ -111.410445899999985, 31.4384027 ], [ -111.257141199999978, 31.390555 ], [ -111.14221449999998, 31.3536979 ], [ -111.0646834, 31.3288254 ], [ -110.9511738, 31.331208199999985 ], [ -110.824158099999977, 31.3301515 ], [ -110.69787239999998, 31.331939399999985 ], [ -110.673110699999981, 31.331904 ], [ -110.572311599999978, 31.331759499999983 ], [ -110.440116199999977, 31.3315702 ], [ -109.945205, 31.332179699999987 ], [ -109.8975625, 31.332134099999987 ], [ -109.740536699999979, 31.3326276 ], [ -109.393659, 31.3337179 ], [ -109.300691199999989, 31.334010099999986 ], [ -108.7089953, 31.3306185 ], [ -108.555322099999984, 31.333518799999986 ], [ -108.547333399999985, 31.3334234 ], [ -108.443122699999975, 31.3321802 ], [ -108.4140064, 31.3292883 ], [ -108.350653400000013, 31.332585099999989 ], [ -108.208232799999976, 31.3314773 ], [ -108.203640799999988, 31.3407325 ], [ -108.201883, 31.361117599999986 ], [ -108.202212199999977, 31.783082899999986 ], [ -107.8766679, 31.782924 ], [ -107.755875899999978, 31.782497 ], [ -106.5297679, 31.778162899999984 ], [ -106.515072199999977, 31.7710107 ], [ -106.5037529, 31.7593133 ], [ -106.486292299999988, 31.7496125 ], [ -106.464972299999985, 31.747989499999985 ], [ -106.444807399999988, 31.7524491 ], [ -106.422230199999987, 31.7503718 ], [ -106.404261, 31.7448461 ], [ -106.379547299999984, 31.7314248 ], [ -106.365750099999985, 31.712012099999988 ], [ -106.346334099999979, 31.692675199999989 ], [ -106.330416599999978, 31.663594799999984 ], [ -106.303793, 31.6284905 ], [ -106.294646399999976, 31.6021247 ], [ -106.2768735, 31.5653456 ], [ -106.2694268, 31.5567927 ], [ -106.243538, 31.539951700000017 ], [ -106.234472599999989, 31.5157448 ], [ -106.221687199999977, 31.4997524 ], [ -106.21370850000001, 31.4816339 ], [ -106.2045975, 31.4703551 ], [ -106.170379099999977, 31.4547273 ], [ -106.151667300000014, 31.4389635 ], [ -106.1338337, 31.4286662 ], [ -106.098829599999988, 31.418491 ], [ -106.0729288, 31.3989114 ], [ -106.0061213, 31.3910382 ], [ -105.9910194, 31.3828806 ], [ -105.973859299999987, 31.3686861 ], [ -105.9517883, 31.3598345 ], [ -105.94523430000001, 31.349162199999988 ], [ -105.943281, 31.3288439 ], [ -105.937958499999979, 31.3187002 ], [ -105.9253873, 31.3121072 ], [ -105.9085559, 31.3093749 ], [ -105.8932251, 31.294607 ], [ -105.876751399999989, 31.2907552 ], [ -105.8672538, 31.284656099999985 ], [ -105.852318200000013, 31.2706881 ], [ -105.825490899999977, 31.23615719999998 ], [ -105.785111399999977, 31.199785499999983 ], [ -105.776518299999978, 31.1796803 ], [ -105.770545, 31.172746199999985 ], [ -105.761821699999985, 31.16847 ], [ -105.73412519999998, 31.1631901 ], [ -105.705302300000014, 31.1387233 ], [ -105.65940040000001, 31.1226575 ], [ -105.639548599999983, 31.1040515 ], [ -105.6377003, 31.102319 ], [ -105.606910899999974, 31.0877887 ], [ -105.583989399999979, 31.056593199999988 ], [ -105.575568299999986, 31.025170099999986 ], [ -105.5541441, 30.9931749 ], [ -105.530469399999987, 30.9814891 ], [ -105.510621499999985, 30.9666932 ], [ -105.498210399999977, 30.961827699999979 ], [ -105.487220499999978, 30.9473752 ], [ -105.4674298, 30.9309645 ], [ -105.4530469, 30.9226923 ], [ -105.4427008, 30.9128646 ], [ -105.4187912, 30.9035156 ], [ -105.403234699999985, 30.8915377 ], [ -105.3926248, 30.871619 ], [ -105.389555, 30.8529386 ], [ -105.36461869999998, 30.849015 ], [ -105.339685199999977, 30.8402953 ], [ -105.308957599999985, 30.818603599999989 ], [ -105.294133099999982, 30.822498899999989 ], [ -105.272761699999975, 30.8181319 ], [ -105.2628875, 30.8028133 ], [ -105.256837899999979, 30.798958899999988 ], [ -105.246842, 30.7980964 ], [ -105.2169363, 30.8018667 ], [ -105.2055374, 30.799352499999976 ], [ -105.1758019, 30.7721353 ], [ -105.1597734, 30.7689113 ], [ -105.1549557, 30.7535075 ], [ -105.13833649999998, 30.7513392 ], [ -105.117574399999981, 30.7423751 ], [ -105.0968599, 30.7197756 ], [ -105.068178899999978, 30.6979455 ], [ -105.055144, 30.6839995 ], [ -105.0457027, 30.6814249 ], [ -105.0345864, 30.684009099999983 ], [ -105.0021075, 30.6778782 ], [ -104.9963361, 30.670201899999988 ], [ -104.987900199999984, 30.6589807 ], [ -104.983493599999974, 30.6304893 ], [ -104.9734854, 30.6135986 ], [ -104.9546433, 30.6039221 ], [ -104.9214662, 30.596864500000013 ], [ -104.8950885, 30.5617923 ], [ -104.865115699999976, 30.4874925 ], [ -104.861412699999974, 30.4339888 ], [ -104.848826399999979, 30.4132173 ], [ -104.854507199999986, 30.394401799999986 ], [ -104.8528064, 30.3849165 ], [ -104.841476599999979, 30.3768221 ], [ -104.817177099999981, 30.3673257 ], [ -104.811357299999983, 30.358502699999985 ], [ -104.813691, 30.348227 ], [ -104.8093405, 30.3382469 ], [ -104.793182199999976, 30.3260884 ], [ -104.760527799999977, 30.2937529 ], [ -104.7555973, 30.277311399999981 ], [ -104.745490099999984, 30.2640506 ], [ -104.725066499999983, 30.2537032 ], [ -104.7062228, 30.234542699999984 ], [ -104.705351099999987, 30.2181871 ], [ -104.6861545, 30.1709032 ], [ -104.686563599999985, 30.1445174 ], [ -104.689935199999979, 30.1277296 ], [ -104.6847921, 30.0916574 ], [ -104.6997547, 30.0625661 ], [ -104.700720099999984, 30.055448 ], [ -104.697340599999976, 30.040797 ], [ -104.6991519, 30.0286537 ], [ -104.689456099999987, 30.0147234 ], [ -104.6861337, 29.9791583 ], [ -104.679172399999985, 29.9720482 ], [ -104.6740036, 29.9540374 ], [ -104.6765331, 29.9252595 ], [ -104.649708699999977, 29.8892315 ], [ -104.6315423, 29.8720523 ], [ -104.6145317, 29.8338594 ], [ -104.5979009, 29.814193 ], [ -104.5857813, 29.805047599999984 ], [ -104.564477199999985, 29.772818199999985 ], [ -104.562505199999976, 29.7539039 ], [ -104.547951199999986, 29.7271318 ], [ -104.5394297, 29.6990024 ], [ -104.5328045, 29.689379099999982 ], [ -104.536585699999989, 29.675460799999982 ], [ -104.5211734, 29.6609152 ], [ -104.5077217, 29.63955210000001 ], [ -104.491750599999975, 29.6345671 ], [ -104.476082699999978, 29.6259977 ], [ -104.4563157, 29.602606 ], [ -104.441755499999985, 29.597090599999987 ], [ -104.3979692, 29.5688978 ], [ -104.388193699999988, 29.554828 ], [ -104.3723485, 29.5407673 ], [ -104.3517534, 29.5359232 ], [ -104.3437658, 29.5266093 ], [ -104.331700099999978, 29.5211842 ], [ -104.322324099999975, 29.5217543 ], [ -104.3138994, 29.5271131 ], [ -104.3089233, 29.5273721 ], [ -104.298371199999977, 29.5216975 ], [ -104.263649299999983, 29.5119251 ], [ -104.233788499999989, 29.4955671 ], [ -104.224377299999986, 29.4820692 ], [ -104.209248, 29.4779399 ], [ -104.2071898, 29.4526234 ], [ -104.1824289, 29.4287326 ], [ -104.1591165, 29.3935809 ], [ -104.105014299999979, 29.3691995 ], [ -104.079834, 29.3448719 ], [ -104.058616499999985, 29.335323199999984 ], [ -104.0386455, 29.321205199999984 ], [ -103.978239699999975, 29.2959209 ], [ -103.93304, 29.2930824 ], [ -103.9124679, 29.2851097 ], [ -103.8468876, 29.2774186 ], [ -103.825825699999982, 29.2700668 ], [ -103.8117188, 29.2687283 ], [ -103.798866799999985, 29.2598196 ], [ -103.784920199999988, 29.2587229 ], [ -103.777195799999987, 29.2486755 ], [ -103.778131800000011, 29.2353087 ], [ -103.7749929, 29.2228808 ], [ -103.771151799999984, 29.2216786 ], [ -103.763768700000014, 29.2254822 ], [ -103.759579499999987, 29.2248936 ], [ -103.7448464, 29.2141012 ], [ -103.7376632, 29.202744699999986 ], [ -103.7177598, 29.182674899999984 ], [ -103.7051412, 29.1816478 ], [ -103.664517099999983, 29.1696161 ], [ -103.6475009, 29.1578761 ], [ -103.617377300000015, 29.160820099999988 ], [ -103.5881922, 29.1496146 ], [ -103.5545725, 29.151115099999984 ], [ -103.547740499999989, 29.1442839 ], [ -103.527950099999984, 29.1348032 ], [ -103.5213232, 29.1207749 ], [ -103.5071211, 29.116005 ], [ -103.5006511, 29.1081296 ], [ -103.4889386, 29.1010918 ], [ -103.474274199999982, 29.083280199999987 ], [ -103.46740149999998, 29.068604599999986 ], [ -103.452242899999987, 29.0676276 ], [ -103.4336133, 29.0527113 ], [ -103.4267827, 29.0426311 ], [ -103.389275900000015, 29.0305399 ], [ -103.379847599999977, 29.0229531 ], [ -103.358979, 29.020788599999989 ], [ -103.352043, 29.026995 ], [ -103.3458749, 29.0404084 ], [ -103.3391516, 29.0424651 ], [ -103.329501099999987, 29.0351183 ], [ -103.3364468, 29.0256311 ], [ -103.3358322, 29.0205644 ], [ -103.325621, 29.0172635 ], [ -103.308305, 29.0202532 ], [ -103.3113665, 29.006185199999976 ], [ -103.290070499999985, 29.0010838 ], [ -103.2771129, 28.9873909 ], [ -103.262821399999979, 28.9955647 ], [ -103.2442966, 28.9858862 ], [ -103.230844699999977, 28.990515199999987 ], [ -103.2072873, 28.9908162 ], [ -103.1515395, 28.9770998 ], [ -103.1150789, 28.9910453 ], [ -103.099080499999985, 29.0197424 ], [ -103.101145699999989, 29.0387786 ], [ -103.0950039, 29.05615 ], [ -103.0842948, 29.0591233 ], [ -103.070705299999986, 29.088193 ], [ -103.039127900000011, 29.0947415 ], [ -103.0333037, 29.0980621 ], [ -103.0284328, 29.1096405 ], [ -103.016637399999979, 29.1220349 ], [ -103.0107351, 29.1351143 ], [ -102.9961211, 29.1548668 ], [ -102.9867347, 29.1744765 ], [ -102.973932799999986, 29.1793401 ], [ -102.957777199999981, 29.175997099999989 ], [ -102.94845789999998, 29.1769812 ], [ -102.9321163, 29.1865705 ], [ -102.91789, 29.1915054 ], [ -102.907696, 29.2103289 ], [ -102.8889866, 29.20655739999998 ], [ -102.8675045, 29.2200088 ], [ -102.866768099999987, 29.2264621 ], [ -102.8718508, 29.2357725 ], [ -102.888724799999977, 29.245433699999978 ], [ -102.900183, 29.2575896 ], [ -102.896538, 29.2738575 ], [ -102.8877029, 29.288530599999987 ], [ -102.88762650000001, 29.3004276 ], [ -102.8783414, 29.3411337 ], [ -102.872979300000011, 29.346222199999985 ], [ -102.856526399999979, 29.3478848 ], [ -102.843226499999986, 29.3546606 ], [ -102.8347392, 29.374962399999987 ], [ -102.824573, 29.3890987 ], [ -102.8145389, 29.3976977 ], [ -102.815514199999981, 29.4022103 ], [ -102.8254413, 29.4106535 ], [ -102.8259334, 29.4345057 ], [ -102.812750799999989, 29.4701684 ], [ -102.8006365, 29.4847738 ], [ -102.799883699999981, 29.5189249 ], [ -102.786097, 29.5364689 ], [ -102.7731341, 29.5461722 ], [ -102.769363499999983, 29.565963799999981 ], [ -102.759989599999983, 29.5756045 ], [ -102.759542599999989, 29.5927294 ], [ -102.7551182, 29.594441 ], [ -102.744142599999989, 29.5931121 ], [ -102.738641, 29.5964224 ], [ -102.734665600000014, 29.610991 ], [ -102.733475700000014, 29.6346567 ], [ -102.72239949999998, 29.642077 ], [ -102.6918565, 29.6751092 ], [ -102.6933958, 29.691585399999983 ], [ -102.6869592, 29.7026272 ], [ -102.682950499999976, 29.7204132 ], [ -102.6699335, 29.7396254 ], [ -102.665621499999986, 29.741064199999986 ], [ -102.649352, 29.7349755 ], [ -102.626145199999982, 29.7358713 ], [ -102.5987287, 29.7495184 ], [ -102.5840096, 29.749477599999988 ], [ -102.576282499999976, 29.751934299999988 ], [ -102.564181299999987, 29.768381099999988 ], [ -102.5529185, 29.7579731 ], [ -102.546918100000013, 29.7479702 ], [ -102.541441699999979, 29.7461236 ], [ -102.511701, 29.7648657 ], [ -102.5086191, 29.7797819 ], [ -102.4900764, 29.7821729 ], [ -102.4736008, 29.775671199999984 ], [ -102.460357, 29.779217799999984 ], [ -102.449457399999986, 29.774659299999986 ], [ -102.426825, 29.7741814 ], [ -102.4062333, 29.7650443 ], [ -102.38579009999998, 29.7662137 ], [ -102.3824883, 29.7705608 ], [ -102.382333599999981, 29.7822886 ], [ -102.3736706, 29.7958239 ], [ -102.35730239999998, 29.8446935 ], [ -102.338238099999984, 29.8638436 ], [ -102.324401899999984, 29.8644089 ], [ -102.319163899999978, 29.8732225 ], [ -102.3120864, 29.8772211 ], [ -102.2975131, 29.8748567 ], [ -102.274431800000016, 29.8642513 ], [ -102.261689799999985, 29.8640868 ], [ -102.253057500000011, 29.853832 ], [ -102.242359399999984, 29.861888 ], [ -102.236546699999977, 29.8491003 ], [ -102.220342, 29.842126 ], [ -102.2050794, 29.8425958 ], [ -102.193812499999979, 29.8388986 ], [ -102.1859661, 29.8444242 ], [ -102.180469399999978, 29.8445473 ], [ -102.175798699999987, 29.839659899999983 ], [ -102.1748289, 29.827892599999988 ], [ -102.166414799999984, 29.8244484 ], [ -102.163863, 29.8234038 ], [ -102.153935299999986, 29.8124619 ], [ -102.137724300000016, 29.801832 ], [ -102.119685599999983, 29.7993366 ], [ -102.0988268, 29.7913024 ], [ -102.078637699999987, 29.791475399999989 ], [ -102.0654254, 29.7858853 ], [ -102.053675799999979, 29.7870991 ], [ -102.0408545, 29.7884236 ], [ -102.0299896, 29.8004521 ], [ -102.010053, 29.798389399999987 ], [ -101.9958867, 29.8016525 ], [ -101.9861132, 29.7977132 ], [ -101.980511199999981, 29.8094909 ], [ -101.975119299999974, 29.812805 ], [ -101.966923099999988, 29.8085044 ], [ -101.9581922, 29.7968104 ], [ -101.9360103, 29.7942181 ], [ -101.926652599999983, 29.7831011 ], [ -101.9073602, 29.794318199999989 ], [ -101.875847599999986, 29.7934511 ], [ -101.851436299999989, 29.8024311 ], [ -101.833517199999974, 29.7903512 ], [ -101.825125899999989, 29.7884943 ], [ -101.8190312, 29.79304939999998 ], [ -101.82073579999998, 29.8043525 ], [ -101.8151885, 29.8076516 ], [ -101.806076299999987, 29.8020016 ], [ -101.808309699999981, 29.7859729 ], [ -101.801324399999984, 29.7789382 ], [ -101.7896667, 29.7785421 ], [ -101.7805107, 29.7847175 ], [ -101.774242799999982, 29.7854975 ], [ -101.731650299999984, 29.7698526 ], [ -101.717749, 29.7701618 ], [ -101.7063475, 29.7610882 ], [ -101.689823499999974, 29.7642991 ], [ -101.6762922, 29.7600319 ], [ -101.662758499999981, 29.7651539 ], [ -101.6449457, 29.753134 ], [ -101.620054699999983, 29.766564399999986 ], [ -101.576381799999979, 29.7697541 ], [ -101.5713125, 29.7757879 ], [ -101.565130399999987, 29.7950762 ], [ -101.5433082, 29.808003 ], [ -101.5388753, 29.8047271 ], [ -101.535862099999974, 29.7952809 ], [ -101.5360589, 29.763658 ], [ -101.531745899999976, 29.7577353 ], [ -101.500271200000014, 29.7625493 ], [ -101.4736442, 29.782458 ], [ -101.4587522, 29.7857853 ], [ -101.4529402, 29.7820931 ], [ -101.452279899999979, 29.7666883 ], [ -101.44388739999998, 29.7484904 ], [ -101.43218539999998, 29.7505669 ], [ -101.410678499999975, 29.7653054 ], [ -101.399938400000011, 29.7650078 ], [ -101.3986818, 29.7599544 ], [ -101.40986479999998, 29.751046 ], [ -101.4115215, 29.7449246 ], [ -101.396445500000013, 29.7307435 ], [ -101.393960899999982, 29.7094903 ], [ -101.371059500000015, 29.693367 ], [ -101.371282799999975, 29.6775596 ], [ -101.3596399, 29.6474901 ], [ -101.354269699999989, 29.6470378 ], [ -101.346355499999987, 29.6557244 ], [ -101.3397442, 29.6571238 ], [ -101.3138211, 29.6535909 ], [ -101.3061991, 29.648730900000011 ], [ -101.3021226, 29.6418957 ], [ -101.301260500000012, 29.6370375 ], [ -101.3122488, 29.6008752 ], [ -101.3044158, 29.5718579 ], [ -101.2934043, 29.570343399999977 ], [ -101.282682799999975, 29.5781873 ], [ -101.2804116, 29.6079646 ], [ -101.268372, 29.6232194 ], [ -101.25541459999998, 29.6229465 ], [ -101.247731, 29.616884 ], [ -101.2438422, 29.572104899999985 ], [ -101.255856699999981, 29.5422796 ], [ -101.252488799999981, 29.5252875 ], [ -101.189557, 29.5208114 ], [ -101.172367399999985, 29.50673990000001 ], [ -101.168082399999989, 29.4791898 ], [ -101.0750881, 29.4446732 ], [ -101.056664, 29.4414169 ], [ -101.0388385, 29.4169047 ], [ -101.033217900000011, 29.3999857 ], [ -101.014112599999976, 29.3814682 ], [ -101.0102041, 29.3684492 ], [ -101.005241199999986, 29.3621187 ], [ -100.9796396, 29.3537064 ], [ -100.9608212, 29.342698699999985 ], [ -100.9434384, 29.3399997 ], [ -100.932615199999987, 29.325559299999984 ], [ -100.884154, 29.301791299999987 ], [ -100.8791029, 29.2919219 ], [ -100.8703488, 29.2748149 ], [ -100.850785, 29.2686298 ], [ -100.8323703, 29.2581056 ], [ -100.815614899999986, 29.258224 ], [ -100.8137105, 29.2500947 ], [ -100.802747199999985, 29.246734 ], [ -100.7944674, 29.2409445 ], [ -100.792444, 29.2264652 ], [ -100.7790169, 29.2176998 ], [ -100.7725027, 29.1990689 ], [ -100.7644935, 29.188224699999989 ], [ -100.7645602, 29.182689299999982 ], [ -100.7706135, 29.1721237 ], [ -100.7678783, 29.1644961 ], [ -100.758498100000011, 29.155086199999985 ], [ -100.7397254, 29.1475279 ], [ -100.73474, 29.137157099999985 ], [ -100.7266974, 29.1288044 ], [ -100.710615499999975, 29.11881739999998 ], [ -100.6829059, 29.1081089 ], [ -100.6686539, 29.092157 ], [ -100.656946699999978, 29.031858 ], [ -100.6352302, 28.978625 ], [ -100.6358691, 28.9410854 ], [ -100.6174244, 28.909406099999984 ], [ -100.6002602, 28.9002991 ], [ -100.590811899999977, 28.888293 ], [ -100.5864137, 28.8689609 ], [ -100.570381799999979, 28.8509073 ], [ -100.5673444, 28.8335588 ], [ -100.543939499999979, 28.823042499999982 ], [ -100.531129899999982, 28.8006371 ], [ -100.5257315, 28.7628337 ], [ -100.504373199999975, 28.7403294 ], [ -100.5061257, 28.6926835 ], [ -100.4969865, 28.6661173 ], [ -100.490319899999974, 28.6595762 ], [ -100.478295199999977, 28.655463399999988 ], [ -100.468292299999987, 28.6459014 ], [ -100.4465133, 28.640020599999989 ], [ -100.444600399999985, 28.6164105 ], [ -100.440917399999975, 28.6087921 ], [ -100.423489099999983, 28.595254099999988 ], [ -100.396609500000011, 28.583701899999987 ], [ -100.3957682, 28.574604 ], [ -100.4041653, 28.5474203 ], [ -100.4014948, 28.538878 ], [ -100.3853033, 28.516200199999989 ], [ -100.3419196, 28.5017505 ], [ -100.3348201, 28.4966635 ], [ -100.338324699999987, 28.4857488 ], [ -100.348393099999981, 28.4802705 ], [ -100.358643599999979, 28.478312599999988 ], [ -100.3607316, 28.4743224 ], [ -100.3397831, 28.447633699999987 ], [ -100.334170899999975, 28.4343912 ], [ -100.341771199999982, 28.392749299999988 ], [ -100.2850356, 28.3126714 ], [ -100.282740799999985, 28.303457599999987 ], [ -100.284207400000014, 28.2745417 ], [ -100.248443699999982, 28.235027699999989 ], [ -100.222233099999983, 28.231124099999988 ], [ -100.215069699999987, 28.2278076 ], [ -100.2075656, 28.2003777 ], [ -100.2001977, 28.189735399999989 ], [ -100.1741648, 28.1792628 ], [ -100.1578939, 28.166321499999988 ], [ -100.130773499999975, 28.16308 ], [ -100.1135399, 28.1546866 ], [ -100.0901277, 28.148330699999988 ], [ -100.0815367, 28.1427068 ], [ -100.06744879999998, 28.1189886 ], [ -100.0513465, 28.1043358 ], [ -100.049855799999975, 28.08879 ], [ -100.044647799999979, 28.0793927 ], [ -100.017528399999989, 28.063847199999987 ], [ -100.012896699999985, 28.053596 ], [ -100.0089495, 28.028522099999979 ], [ -99.992971599999976, 27.9966906 ], [ -99.9817995, 27.9871991 ], [ -99.967517099999981, 27.9805878 ], [ -99.9310784, 27.9744095 ], [ -99.928861, 27.965548299999988 ], [ -99.9349632, 27.9501708 ], [ -99.935476199999982, 27.9413424 ], [ -99.925062899999986, 27.930129299999987 ], [ -99.918237499999989, 27.9179164 ], [ -99.899812599999976, 27.9072392 ], [ -99.8931003, 27.8999896 ], [ -99.892728600000012, 27.8938964 ], [ -99.9015274, 27.869466499999987 ], [ -99.8974676, 27.8596818 ], [ -99.8825984, 27.8483128 ], [ -99.8754697, 27.838673299999986 ], [ -99.873167, 27.79609 ], [ -99.866885599999989, 27.7917774 ], [ -99.8506949, 27.7874458 ], [ -99.8388812, 27.763458599999986 ], [ -99.830409399999979, 27.7610719 ], [ -99.817412499999975, 27.768231 ], [ -99.8122626, 27.767955499999985 ], [ -99.79792879999998, 27.736338 ], [ -99.7897366, 27.729639 ], [ -99.7683114, 27.725068 ], [ -99.72282389999998, 27.6634788 ], [ -99.713534699999983, 27.6553265 ], [ -99.701706399999978, 27.6536576 ], [ -99.691756599999977, 27.6615094 ], [ -99.671693499999989, 27.655396599999985 ], [ -99.6611732, 27.6458378 ], [ -99.662739399999978, 27.630630299999989 ], [ -99.6501222, 27.6274505 ], [ -99.63954649999998, 27.6247853 ], [ -99.630505, 27.6271621 ], [ -99.6240885, 27.6382235 ], [ -99.5981446, 27.6341407 ], [ -99.588401199999979, 27.6200038 ], [ -99.577164, 27.61176679999998 ], [ -99.5819346, 27.5995583 ], [ -99.5738191, 27.599457 ], [ -99.556004399999978, 27.6079615 ], [ -99.550036600000013, 27.6074017 ], [ -99.541030099999986, 27.597670899999979 ], [ -99.5306294, 27.5780066 ], [ -99.5158823, 27.5635153 ], [ -99.5263129, 27.49732239999998 ], [ -99.521781299999986, 27.4927733 ], [ -99.513679, 27.493020099999988 ], [ -99.4976507, 27.493508399999989 ], [ -99.488473, 27.487752 ], [ -99.4841963, 27.481504599999987 ], [ -99.4847855, 27.467367399999983 ], [ -99.4962133, 27.4361366 ], [ -99.4894363, 27.397924499999988 ], [ -99.4938882, 27.3797861 ], [ -99.508110699999975, 27.352876199999983 ], [ -99.509641499999987, 27.3318719 ], [ -99.513679, 27.3280776 ], [ -99.5201773, 27.3219706 ], [ -99.533735899999982, 27.316732599999984 ], [ -99.5374605, 27.311428799999987 ], [ -99.5250118, 27.3001439 ], [ -99.513679, 27.2994501 ], [ -99.5019032, 27.2987292 ], [ -99.495000199999978, 27.2951506 ], [ -99.4930118, 27.2876581 ], [ -99.497335899999982, 27.2662651 ], [ -99.4930682, 27.2585748 ], [ -99.484149099999982, 27.2563618 ], [ -99.469961499999982, 27.2601027 ], [ -99.4623747, 27.259330499999983 ], [ -99.4527841, 27.2541096 ], [ -99.445442499999984, 27.2452777 ], [ -99.4458773, 27.2183155 ], [ -99.434380099999984, 27.199888 ], [ -99.4295545, 27.1639884 ], [ -99.4407066, 27.145094399999984 ], [ -99.432996599999981, 27.1208183 ], [ -99.4427241, 27.1031576 ], [ -99.432479699999988, 27.0848272 ], [ -99.4349983, 27.077307199999989 ], [ -99.451731, 27.0588279 ], [ -99.448295899999977, 27.0325388 ], [ -99.449810899999989, 27.0184702 ], [ -99.435682499999984, 27.0077715 ], [ -99.4168355, 27.008750899999985 ], [ -99.382967899999983, 26.9767821 ], [ -99.381199699999982, 26.9705573 ], [ -99.3880316, 26.9592574 ], [ -99.384280799999985, 26.9395258 ], [ -99.3735566, 26.9329527 ], [ -99.366218899999978, 26.928455099999987 ], [ -99.3334465, 26.9173328 ], [ -99.3076158, 26.8641148 ], [ -99.2356171, 26.7904781 ], [ -99.195513099999985, 26.627587599999984 ], [ -99.1604638, 26.565010699999988 ], [ -99.168455, 26.5481942 ], [ -99.170029199999988, 26.5367269 ], [ -99.1636624, 26.5294861 ], [ -99.138068599999983, 26.5220671 ], [ -99.123327499999988, 26.517867799999987 ], [ -99.111291499999979, 26.5075337 ], [ -99.093774899999985, 26.4777282 ], [ -99.1007444, 26.4409902 ], [ -99.113423099999977, 26.4273546 ], [ -99.1110781, 26.4189991 ], [ -99.0887469, 26.400431 ], [ -99.070232499999975, 26.3920057 ], [ -99.0632867, 26.3932609 ], [ -99.061165699999989, 26.3936441 ], [ -99.0334895, 26.4106189 ], [ -99.025051, 26.4073712 ], [ -99.0121718, 26.390891 ], [ -98.990138099999982, 26.3838389 ], [ -98.9831875, 26.383800499999989 ], [ -98.979438, 26.3935049 ], [ -98.9749747, 26.3966377 ], [ -98.961442299999987, 26.394353399999989 ], [ -98.954996, 26.3883668 ], [ -98.950397799999976, 26.3747181 ], [ -98.945477799999978, 26.3725721 ], [ -98.9391619, 26.3737512 ], [ -98.9350178, 26.3835172 ], [ -98.928146, 26.389445 ], [ -98.923671199999987, 26.375738799999986 ], [ -98.906823599999981, 26.3670511 ], [ -98.900433, 26.3564552 ], [ -98.8950067, 26.3537058 ], [ -98.867656599999989, 26.364309299999984 ], [ -98.8577084, 26.3633707 ], [ -98.846615899999989, 26.35784619999998 ], [ -98.828881799999976, 26.364258499999984 ], [ -98.8251932, 26.3625938 ], [ -98.8202126, 26.3519479 ], [ -98.8164656, 26.3504005 ], [ -98.813329599999975, 26.3526762 ], [ -98.811939, 26.3600923 ], [ -98.805475899999976, 26.3629788 ], [ -98.7825076, 26.326114 ], [ -98.771283699999984, 26.321483899999983 ], [ -98.75357, 26.3215881 ], [ -98.7461141, 26.3166665 ], [ -98.7435183, 26.3103017 ], [ -98.74551, 26.3043896 ], [ -98.755686, 26.3003028 ], [ -98.751612699999981, 26.2915345 ], [ -98.7362977, 26.2908961 ], [ -98.7245774, 26.2859865 ], [ -98.7053574, 26.284610799999985 ], [ -98.695700300000013, 26.2839195 ], [ -98.691966599999986, 26.2788216 ], [ -98.692542, 26.2740325 ], [ -98.7053574, 26.2757139 ], [ -98.7117589, 26.2717436 ], [ -98.712810399999981, 26.2674078 ], [ -98.711012299999979, 26.26387 ], [ -98.7053574, 26.2608979 ], [ -98.689363899999989, 26.258075099999989 ], [ -98.6775103, 26.2482265 ], [ -98.663646199999988, 26.23186429999998 ], [ -98.655237099999979, 26.2293277 ], [ -98.640929499999984, 26.229480899999981 ], [ -98.6338937, 26.233798 ], [ -98.6262119, 26.2472425 ], [ -98.60741609999998, 26.2508692 ], [ -98.597500899999986, 26.243991 ], [ -98.595456399999989, 26.254627899999988 ], [ -98.5906016, 26.2566439 ], [ -98.586032199999977, 26.2529802 ], [ -98.583731399999976, 26.2382667 ], [ -98.579142, 26.2338124 ], [ -98.56197109999998, 26.2274992 ], [ -98.5561871, 26.2304109 ], [ -98.554957799999983, 26.242525 ], [ -98.549364399999988, 26.243647599999989 ], [ -98.5377325, 26.2271344 ], [ -98.5307783, 26.2275812 ], [ -98.5217259, 26.2213076 ], [ -98.507192599999982, 26.2208652 ], [ -98.5023335, 26.2165552 ], [ -98.5004669, 26.207812 ], [ -98.4841384, 26.2007859 ], [ -98.475623399999989, 26.2122841 ], [ -98.4759211, 26.2228743 ], [ -98.4645051, 26.2203623 ], [ -98.452146, 26.21764270000001 ], [ -98.4485203, 26.2138681 ], [ -98.4467075, 26.2013611 ], [ -98.4344087, 26.188509 ], [ -98.403813, 26.175735 ], [ -98.3952656, 26.180898199999984 ], [ -98.391282499999988, 26.1803048 ], [ -98.390050699999989, 26.1767283 ], [ -98.3938367, 26.164736099999985 ], [ -98.3910933, 26.158338199999989 ], [ -98.3843555, 26.1531567 ], [ -98.376499399999986, 26.151331399999989 ], [ -98.364725099999987, 26.162666399999988 ], [ -98.3555108, 26.1494225 ], [ -98.337974699999975, 26.1598335 ], [ -98.3341978, 26.1472861 ], [ -98.3009959, 26.1027595 ], [ -98.297719899999976, 26.1044047 ], [ -98.300258699999986, 26.1130218 ], [ -98.294976099999985, 26.1165243 ], [ -98.296145699999983, 26.125652899999981 ], [ -98.290859199999986, 26.12866 ], [ -98.285410699999986, 26.118909199999987 ], [ -98.270824499999989, 26.1121753 ], [ -98.267667299999985, 26.1082421 ], [ -98.270476699999989, 26.1050131 ], [ -98.286097, 26.099180199999989 ], [ -98.287625299999988, 26.0938151 ], [ -98.247485499999982, 26.0706243 ], [ -98.224119399999978, 26.068868399999989 ], [ -98.2128998, 26.0601227 ], [ -98.205926799999986, 26.0546868 ], [ -98.2009694, 26.0612078 ], [ -98.1925182, 26.05631 ], [ -98.1852628, 26.0652641 ], [ -98.154716900000011, 26.046582299999987 ], [ -98.147661899999989, 26.050805699999984 ], [ -98.140736800000013, 26.0602249 ], [ -98.096157299999987, 26.0534211 ], [ -98.08553, 26.05746509999998 ], [ -98.078987, 26.047533499999989 ], [ -98.083555799999985, 26.034566699999981 ], [ -98.0812412, 26.031124099999985 ], [ -98.065563899999987, 26.0355093 ], [ -98.0585413, 26.035535699999986 ], [ -98.0455835, 26.0355845 ], [ -98.0357967, 26.0486579 ], [ -98.027064, 26.052718 ], [ -98.018313, 26.0477235 ], [ -97.9836164, 26.0546975 ], [ -97.976113499999983, 26.0464036 ], [ -97.951695199999975, 26.051894199999985 ], [ -97.942322499999975, 26.048625 ], [ -97.929556300000016, 26.0525859 ], [ -97.906385, 26.0511373 ], [ -97.8867945, 26.057397899999987 ], [ -97.870567600000015, 26.0546332 ], [ -97.8614241, 26.0575854 ], [ -97.8481032, 26.047750199999989 ], [ -97.833059699999978, 26.042885699999989 ], [ -97.826197, 26.046067899999983 ], [ -97.799799799999988, 26.051203299999987 ], [ -97.7938317, 26.0473612 ], [ -97.793272099999982, 26.038794 ], [ -97.789104099999975, 26.034625299999984 ], [ -97.7807313, 26.0323889 ], [ -97.775470699999985, 26.0340255 ], [ -97.768895199999989, 26.0360712 ], [ -97.7616302, 26.031977699999988 ], [ -97.750776, 26.0312734 ], [ -97.7362374, 26.0214962 ], [ -97.72984049999998, 26.0227451 ], [ -97.7161792, 26.0254121 ], [ -97.707232, 26.03008539999998 ], [ -97.689069, 26.0236484 ], [ -97.667138100000017, 26.0286368 ], [ -97.664631199999988, 26.0203016 ], [ -97.660060699999988, 26.015610099999989 ], [ -97.6451686, 26.0164661 ], [ -97.6408591, 26.0145064 ], [ -97.642466, 26.001333699999986 ], [ -97.6251112, 25.9913756 ], [ -97.6293499, 25.9820453 ], [ -97.612985, 25.971092299999984 ], [ -97.60687, 25.9561614 ], [ -97.5897626, 25.9531589 ], [ -97.5803417, 25.9452758 ], [ -97.5780935, 25.9446891 ], [ -97.57282, 25.943313 ], [ -97.5762936, 25.9324019 ], [ -97.563510900000011, 25.9338507 ], [ -97.5646258, 25.9237995 ], [ -97.5531501, 25.927021199999988 ], [ -97.541732599999975, 25.921849599999987 ], [ -97.522809, 25.8844773 ], [ -97.513858900000017, 25.8838081 ], [ -97.503032499999989, 25.8893927 ], [ -97.493095899999986, 25.8781237 ], [ -97.477147, 25.8792984 ], [ -97.4743608, 25.8771182 ], [ -97.4711032, 25.874569199999989 ], [ -97.462217899999985, 25.8748454 ], [ -97.460434299999989, 25.8690399 ], [ -97.4653252, 25.858751799999986 ], [ -97.45117519999998, 25.8615692 ], [ -97.447033399999981, 25.848403199999986 ], [ -97.4229737, 25.8381393 ], [ -97.4167645, 25.8395313 ], [ -97.4117523, 25.8496876 ], [ -97.396104299999976, 25.836766 ], [ -97.380158, 25.8375395 ], [ -97.372234099999986, 25.8428496 ], [ -97.3712802, 25.853478899999988 ], [ -97.37033289999998, 25.8552424 ], [ -97.3642006, 25.8666582 ], [ -97.3700429, 25.8744055 ], [ -97.365285, 25.8823565 ], [ -97.366532099999986, 25.888498599999981 ], [ -97.37033289999998, 25.8937453 ], [ -97.375715, 25.9011744 ], [ -97.37033289999998, 25.9096875 ], [ -97.3687646, 25.9121681 ], [ -97.3477937, 25.9245313 ], [ -97.342285, 25.9252029 ], [ -97.335599699999989, 25.9196685 ], [ -97.32804969999998, 25.9179704 ], [ -97.320269899999985, 25.9234736 ], [ -97.2852085, 25.937885399999988 ], [ -97.2822931, 25.950302699999984 ], [ -97.2522202, 25.9452199 ], [ -97.2356511, 25.950975799999984 ], [ -97.214993, 25.9536685 ], [ -97.204056799999989, 25.9512134 ], [ -97.1948457, 25.944599299999986 ], [ -97.1788872, 25.9570325 ], [ -97.161786, 25.9529284 ], [ -97.155165599999989, 25.9473719 ], [ -97.150328799999983, 25.949537699999986 ], [ -97.14614, 25.9561271 ], [ -97.151803399999977, 26.0512498 ], [ -97.1588471, 26.0608437 ], [ -97.1659186, 26.059156 ], [ -97.1761394, 26.0506299 ], [ -97.1692187, 26.0324962 ], [ -97.169188, 26.0234459 ], [ -97.174091499999975, 26.0166234 ], [ -97.193486099999987, 26.015013 ], [ -97.202998399999984, 26.020723 ], [ -97.202750099999989, 26.0288017 ], [ -97.1919369, 26.0419884 ], [ -97.194372499999986, 26.044554 ], [ -97.295675399999979, 25.994570599999989 ], [ -97.247559599999988, 26.0249946 ], [ -97.232664, 26.0425884 ], [ -97.232253899999989, 26.058611499999987 ], [ -97.224172299999978, 26.0546391 ], [ -97.216148299999986, 26.0447135 ], [ -97.2091646, 26.0517938 ], [ -97.1999561, 26.055875399999987 ], [ -97.198222799999982, 26.0659969 ], [ -97.212144899999984, 26.077088 ], [ -97.244703199999975, 26.0808573 ], [ -97.27126389999998, 26.0890452 ], [ -97.2851032, 26.0983896 ], [ -97.302931499999985, 26.1178083 ], [ -97.3015785, 26.1249535 ], [ -97.2906866, 26.1304004 ], [ -97.303257199999976, 26.1613117 ], [ -97.2991051, 26.180673 ], [ -97.299280399999986, 26.1945445 ], [ -97.315361, 26.2170064 ], [ -97.329366499999978, 26.225308899999987 ], [ -97.328555, 26.2323432 ], [ -97.3227086, 26.240713199999988 ], [ -97.3269466, 26.2536825 ], [ -97.322343199999978, 26.2658131 ], [ -97.336796599999985, 26.2675967 ], [ -97.342642099999978, 26.2714699 ], [ -97.348663699999975, 26.302568 ], [ -97.361815400000012, 26.339108599999985 ], [ -97.358165899999975, 26.3477181 ], [ -97.3398661, 26.3642754 ], [ -97.378234299999988, 26.356683199999985 ], [ -97.408868799999979, 26.3585397 ], [ -97.408788299999983, 26.363642699999986 ], [ -97.3910306, 26.3692608 ], [ -97.378015599999983, 26.3794341 ], [ -97.374247, 26.3923893 ], [ -97.377997899999983, 26.400680199999986 ], [ -97.38386629999998, 26.4037553 ], [ -97.393064899999985, 26.3992862 ], [ -97.407147699999982, 26.398082 ], [ -97.401993899999979, 26.4076662 ], [ -97.4044413, 26.410655 ], [ -97.4196978, 26.412688 ], [ -97.4326011, 26.409406099999988 ], [ -97.436762899999977, 26.4135385 ], [ -97.442835, 26.4111192 ], [ -97.4414486, 26.4176709 ], [ -97.4278972, 26.4260184 ], [ -97.4275187, 26.4319379 ], [ -97.4324656, 26.437050599999985 ], [ -97.429152899999977, 26.4476594 ], [ -97.4450476, 26.452882699999989 ], [ -97.456326799999985, 26.448551 ], [ -97.468605, 26.455869299999989 ], [ -97.4664392, 26.4601386 ], [ -97.4392137, 26.462367699999987 ], [ -97.433567099999976, 26.4812172 ], [ -97.4365763, 26.4887758 ], [ -97.4331973, 26.4981673 ], [ -97.434716499999979, 26.5053749 ], [ -97.4196857, 26.5141732 ], [ -97.4196638, 26.5498946 ], [ -97.4367794, 26.5731007 ], [ -97.436075199999976, 26.5830543 ], [ -97.443152900000015, 26.60401 ], [ -97.4461878, 26.6349189 ], [ -97.463791, 26.6949637 ], [ -97.4726875, 26.745103199999985 ], [ -97.4743608, 26.7476626 ], [ -97.510841099999979, 26.8034462 ], [ -97.5270279, 26.8168747 ], [ -97.548203, 26.8266228 ], [ -97.5570732, 26.8385542 ], [ -97.555617099999978, 26.8684418 ], [ -97.559329699999978, 26.879351 ], [ -97.5526675, 26.8866115 ], [ -97.544838599999977, 26.9089148 ], [ -97.554554099999976, 26.9462631 ], [ -97.553165299999989, 26.970205699999983 ], [ -97.555684599999978, 26.9920865 ], [ -97.5382546, 26.9972404 ], [ -97.517993799999985, 26.9965128 ], [ -97.499552199999982, 27.0008882 ], [ -97.482634, 27.0015067 ], [ -97.476371299999983, 27.0090701 ], [ -97.4775239, 27.0260542 ], [ -97.4818973, 27.033768499999987 ], [ -97.488257799999985, 27.0436115 ], [ -97.4843892, 27.06734 ], [ -97.4965099, 27.0887077 ], [ -97.488906899999975, 27.101509199999988 ], [ -97.4743608, 27.1015027 ], [ -97.4645678, 27.1014984 ], [ -97.4558199, 27.1148873 ], [ -97.4524728, 27.1343007 ], [ -97.4556719, 27.149418199999989 ], [ -97.4547038, 27.1610501 ], [ -97.452933299999984, 27.163870199999984 ], [ -97.447628899999984, 27.1644319 ], [ -97.4491003, 27.1717187 ], [ -97.437871, 27.1897714 ], [ -97.436686299999977, 27.2168113 ], [ -97.4317115, 27.2281005 ], [ -97.427397099999979, 27.2567268 ], [ -97.450363699999983, 27.2603289 ], [ -97.4743608, 27.2520068 ], [ -97.496487399999978, 27.2405417 ], [ -97.5385598, 27.2306969 ], [ -97.627275099999977, 27.245434699999979 ], [ -97.636517599999976, 27.2534808 ], [ -97.6431186, 27.2664347 ], [ -97.649495899999977, 27.269937599999988 ], [ -97.670934, 27.2711484 ], [ -97.7294332, 27.2634188 ], [ -97.7521829, 27.279932299999988 ], [ -97.7451091, 27.2813775 ], [ -97.728999799999983, 27.2747159 ], [ -97.714816499999984, 27.2744603 ], [ -97.671981099999982, 27.2861994 ], [ -97.661244599999975, 27.3003448 ], [ -97.683360599999986, 27.3237235 ], [ -97.696719, 27.3538744 ], [ -97.704695099999981, 27.3656446 ], [ -97.7305926, 27.3729289 ], [ -97.739065599999975, 27.378362699999986 ], [ -97.73882709999998, 27.3824324 ], [ -97.72947809999998, 27.38251 ], [ -97.7244018, 27.3869171 ], [ -97.73405769999998, 27.4172793 ], [ -97.7272706, 27.4151969 ], [ -97.695876199999987, 27.3862625 ], [ -97.683607899999984, 27.3790578 ], [ -97.668357, 27.362715 ], [ -97.660240799999983, 27.3412118 ], [ -97.6483814, 27.3271957 ], [ -97.635001099999982, 27.3177305 ], [ -97.629686199999981, 27.2994921 ], [ -97.610252699999975, 27.2912021 ], [ -97.602378, 27.3004414 ], [ -97.624706799999984, 27.3270996 ], [ -97.624837, 27.3363009 ], [ -97.6027352, 27.3189819 ], [ -97.591063199999979, 27.3191014 ], [ -97.5721755, 27.3320503 ], [ -97.567921399999975, 27.3312532 ], [ -97.5634171, 27.3256583 ], [ -97.559247399999975, 27.325709399999987 ], [ -97.535675200000014, 27.341921 ], [ -97.5353324, 27.3507477 ], [ -97.522066099999989, 27.357280299999978 ], [ -97.509881799999988, 27.3771113 ], [ -97.4998966, 27.3808626 ], [ -97.47947379999998, 27.4002524 ], [ -97.481169499999979, 27.4039004 ], [ -97.492701799999978, 27.4079325 ], [ -97.506643, 27.417337899999985 ], [ -97.5179007, 27.4145854 ], [ -97.531938, 27.4049738 ], [ -97.542132099999975, 27.4078282 ], [ -97.5359487, 27.4247664 ], [ -97.5454238, 27.474403599999988 ], [ -97.535884199999984, 27.4884841 ], [ -97.532651099999981, 27.480158299999989 ], [ -97.5366685, 27.4572342 ], [ -97.525819700000014, 27.4337991 ], [ -97.5152476, 27.4300453 ], [ -97.497851099999977, 27.4343912 ], [ -97.4977625, 27.4464313 ], [ -97.505356599999985, 27.456243299999983 ], [ -97.5010732, 27.4594104 ], [ -97.4930182, 27.4583631 ], [ -97.4760773, 27.4505955 ], [ -97.480797199999984, 27.438987099999984 ], [ -97.4743608, 27.4131882 ], [ -97.470415399999979, 27.4044728 ], [ -97.4743608, 27.392907 ], [ -97.4827094, 27.3826229 ], [ -97.481136699999979, 27.3711807 ], [ -97.4840592, 27.3378726 ], [ -97.501398899999984, 27.3261748 ], [ -97.4979067, 27.3156026 ], [ -97.500194499999978, 27.306757899999987 ], [ -97.5183701, 27.301395099999986 ], [ -97.5398105, 27.2853104 ], [ -97.534246099999976, 27.2814964 ], [ -97.510062599999983, 27.277973499999984 ], [ -97.4743608, 27.300092 ], [ -97.4632144, 27.3069967 ], [ -97.432278, 27.315167899999985 ], [ -97.414196299999986, 27.3232051 ], [ -97.4035571, 27.3345689 ], [ -97.377370699999986, 27.3922813 ], [ -97.3719361, 27.4042753 ], [ -97.3656451, 27.4474423 ], [ -97.351324399999982, 27.4793211 ], [ -97.343842099999989, 27.5126365 ], [ -97.322788599999981, 27.5646037 ], [ -97.2974127, 27.5910549 ], [ -97.2987359, 27.603229 ], [ -97.2964169, 27.6135931 ], [ -97.276645, 27.6522244 ], [ -97.2690459, 27.673991499999989 ], [ -97.250057, 27.6934522 ], [ -97.2574506, 27.6982995 ], [ -97.3310616, 27.718985499999988 ], [ -97.359984399999988, 27.734916199999986 ], [ -97.370866800000016, 27.7454386 ], [ -97.377370699999986, 27.7558948 ], [ -97.3895713, 27.776008299999987 ], [ -97.391655399999976, 27.7986399 ], [ -97.395479699999981, 27.8080081 ], [ -97.4001084, 27.8098254 ], [ -97.4095262, 27.8135238 ], [ -97.40977359999998, 27.8136688 ], [ -97.409954, 27.8138758 ], [ -97.4100484, 27.814123399999986 ], [ -97.410046599999987, 27.814384799999988 ], [ -97.409948899999989, 27.8146314 ], [ -97.4097659, 27.8148366 ], [ -97.409517399999984, 27.814978 ], [ -97.409229299999978, 27.8150409 ], [ -97.3964604, 27.8158895 ], [ -97.383274699999987, 27.8293832 ], [ -97.3849176, 27.836240199999988 ], [ -97.4024979, 27.8346244 ], [ -97.4179039, 27.826049599999987 ], [ -97.439617099999978, 27.8308852 ], [ -97.4589101, 27.825622 ], [ -97.472518299999976, 27.8266083 ], [ -97.4852, 27.833336400000015 ], [ -97.496532699999989, 27.8468298 ], [ -97.511694299999988, 27.8538832 ], [ -97.5152136, 27.8651821 ], [ -97.5104668, 27.8720624 ], [ -97.4977991, 27.878523599999983 ], [ -97.488278699999981, 27.873898799999985 ], [ -97.477369299999978, 27.8631373 ], [ -97.4623749, 27.8662054 ], [ -97.454301799999982, 27.8708738 ], [ -97.427105699999984, 27.8703731 ], [ -97.398910699999988, 27.8751578 ], [ -97.377370699999986, 27.8756448 ], [ -97.3671954, 27.8758177 ], [ -97.3530734, 27.8799336 ], [ -97.340888, 27.8804525 ], [ -97.336960599999983, 27.8728045 ], [ -97.353364599999978, 27.8594398 ], [ -97.354779899999983, 27.855865599999984 ], [ -97.352392499999979, 27.8542313 ], [ -97.3130008, 27.8715082 ], [ -97.2690626, 27.8789776 ], [ -97.254551, 27.8731352 ], [ -97.2543116, 27.8729936 ], [ -97.2541355, 27.8727937 ], [ -97.254039699999979, 27.8725547 ], [ -97.2540342, 27.8723013 ], [ -97.2541195, 27.8720593 ], [ -97.254286799999988, 27.871853500000011 ], [ -97.254519099999982, 27.8717049 ], [ -97.2547926, 27.8716288 ], [ -97.2550805, 27.8716324 ], [ -97.266125, 27.8733736 ], [ -97.2668112, 27.8688929 ], [ -97.257982599999977, 27.8646955 ], [ -97.2511261, 27.8526774 ], [ -97.2453333, 27.8417141 ], [ -97.239098900000016, 27.8392234 ], [ -97.2426002, 27.8526774 ], [ -97.2527895, 27.870878299999987 ], [ -97.252872, 27.8711108 ], [ -97.2528716, 27.8713533 ], [ -97.252788399999986, 27.8715844 ], [ -97.25263, 27.8717824 ], [ -97.2524112, 27.8719288 ], [ -97.2521527, 27.8720098 ], [ -97.251878499999989, 27.872017899999989 ], [ -97.2516129, 27.8719526 ], [ -97.2465637, 27.869921 ], [ -97.226478299999982, 27.8429895 ], [ -97.221251, 27.8269016 ], [ -97.203046499999985, 27.8224801 ], [ -97.188138199999983, 27.8259059 ], [ -97.1767347, 27.8331542 ], [ -97.1733831, 27.8458945 ], [ -97.162601599999988, 27.8649378 ], [ -97.1463465, 27.8770093 ], [ -97.1454473, 27.884608499999988 ], [ -97.1287658, 27.9029357 ], [ -97.118545200000014, 27.9243171 ], [ -97.1119666, 27.9298987 ], [ -97.1139205, 27.933790199999986 ], [ -97.111552599999982, 27.9387485 ], [ -97.0837792, 27.9705644 ], [ -97.0788082, 27.97403 ], [ -97.071596, 27.97389320000001 ], [ -97.0660674, 27.993595299999988 ], [ -97.0366251, 28.042039299999988 ], [ -97.033155799999989, 28.047733199999985 ], [ -97.035294199999981, 28.0802293 ], [ -97.0318456, 28.093023699999989 ], [ -97.0242834, 28.1041861 ], [ -97.026757899999978, 28.1107082 ], [ -97.0366251, 28.1154373 ], [ -97.0391499, 28.1166474 ], [ -97.0462626, 28.1165468 ], [ -97.0483858, 28.103693 ], [ -97.05257, 28.0967863 ], [ -97.080791699999978, 28.0802073 ], [ -97.0847066, 28.069981 ], [ -97.094500299999979, 28.0670921 ], [ -97.109336099999979, 28.06849 ], [ -97.1190273, 28.0574758 ], [ -97.120442799999978, 28.051463299999988 ], [ -97.127654599999985, 28.050719799999985 ], [ -97.131242200000017, 28.0474734 ], [ -97.1284765, 28.0412388 ], [ -97.1148738, 28.0408756 ], [ -97.114606600000016, 28.0408317 ], [ -97.114367199999975, 28.0407205 ], [ -97.1141763, 28.0405513 ], [ -97.1140513, 28.0403395 ], [ -97.1140035, 28.0401045 ], [ -97.114037399999987, 28.0398676 ], [ -97.114149700000013, 28.0396504 ], [ -97.114330399999986, 28.0394727 ], [ -97.114563699999977, 28.0393496 ], [ -97.119407, 28.0376155 ], [ -97.1175321, 28.034951399999986 ], [ -97.113029799999978, 28.0362795 ], [ -97.112741200000016, 28.03632 ], [ -97.112454199999988, 28.0362775 ], [ -97.112197699999982, 28.0361561 ], [ -97.111998899999989, 28.035968599999983 ], [ -97.111878499999975, 28.035734699999985 ], [ -97.111849399999983, 28.0354792 ], [ -97.1119145, 28.0352288 ], [ -97.1120671, 28.0350101 ], [ -97.112291599999978, 28.0348449 ], [ -97.124290399999978, 28.0286391 ], [ -97.138389199999978, 28.0252383 ], [ -97.14789709999998, 28.0009328 ], [ -97.159875499999984, 27.9957143 ], [ -97.168009, 27.9917889 ], [ -97.1775953, 27.974999499999988 ], [ -97.182999599999988, 27.97196349999998 ], [ -97.1872165, 27.9726569 ], [ -97.1728781, 27.9953008 ], [ -97.159875499999984, 28.0059241 ], [ -97.1581959, 28.0072561 ], [ -97.1590655, 28.016799299999981 ], [ -97.154640199999974, 28.0249926 ], [ -97.154301, 28.034907699999984 ], [ -97.1590178, 28.0407752 ], [ -97.159875499999984, 28.043709799999977 ], [ -97.1606212, 28.0462611 ], [ -97.1770971, 28.0494433 ], [ -97.1834947, 28.0604904 ], [ -97.2034416, 28.0697889 ], [ -97.213389699999979, 28.0716311 ], [ -97.218579399999982, 28.0699842 ], [ -97.2221016, 28.0637519 ], [ -97.236000499999975, 28.0626107 ], [ -97.2331941, 28.0708879 ], [ -97.237985, 28.0772662 ], [ -97.222083899999987, 28.079485699999982 ], [ -97.205083499999986, 28.0986467 ], [ -97.1650881, 28.1265156 ], [ -97.159875499999984, 28.131585799999982 ], [ -97.1564374, 28.1349297 ], [ -97.156656199999986, 28.1369358 ], [ -97.159875499999984, 28.1363369 ], [ -97.1675946, 28.134900899999984 ], [ -97.1774021, 28.1398525 ], [ -97.1788242, 28.142357199999982 ], [ -97.1840969, 28.1516438 ], [ -97.183543799999981, 28.1562817 ], [ -97.180416400000013, 28.1606366 ], [ -97.156373, 28.1703342 ], [ -97.146104, 28.1693403 ], [ -97.1413481, 28.1606366 ], [ -97.137285699999978, 28.1487575 ], [ -97.1313808, 28.146592 ], [ -97.103852799999984, 28.1606366 ], [ -97.0923078, 28.1665262 ], [ -97.039314, 28.1865137 ], [ -97.0218775, 28.1984064 ], [ -97.0139511, 28.1996405 ], [ -97.0097437, 28.19257 ], [ -97.0160351, 28.1796203 ], [ -97.017577199999977, 28.1665262 ], [ -97.018171, 28.1606366 ], [ -97.0194501, 28.1479501 ], [ -97.005206399999977, 28.1364095 ], [ -96.989167599999988, 28.130652699999985 ], [ -96.9807583, 28.1317314 ], [ -96.9757029, 28.1379878 ], [ -96.969260699999978, 28.1606366 ], [ -96.967585199999988, 28.166526199999989 ], [ -96.966830299999984, 28.1691797 ], [ -96.953220099999982, 28.1844346 ], [ -96.9498568, 28.193258899999989 ], [ -96.9635302, 28.2112672 ], [ -96.9762706, 28.2168764 ], [ -96.954802799999982, 28.2328133 ], [ -96.9382496, 28.2623377 ], [ -96.932137399999988, 28.2561098 ], [ -96.923999, 28.2628446 ], [ -96.9167098, 28.265165599999989 ], [ -96.9166798, 28.258691 ], [ -96.9387589, 28.220811799999982 ], [ -96.9369492, 28.2144288 ], [ -96.927535, 28.2036904 ], [ -96.9265304, 28.1939824 ], [ -96.937400199999985, 28.1740637 ], [ -96.9452397, 28.166526199999989 ], [ -96.946291, 28.1606366 ], [ -96.9557406, 28.1290937 ], [ -96.9504288, 28.1254709 ], [ -96.9374379, 28.1258317 ], [ -96.924424499999986, 28.133019299999976 ], [ -96.91872859999998, 28.1335661 ], [ -96.916854, 28.1357911 ], [ -96.916654599999987, 28.13596309999998 ], [ -96.9164064, 28.136073099999983 ], [ -96.9161321, 28.136110799999987 ], [ -96.9158578, 28.1360727 ], [ -96.9156099, 28.1359623 ], [ -96.915412099999983, 28.1357904 ], [ -96.9152836, 28.1355733 ], [ -96.9152356, 28.135331 ], [ -96.915093399999989, 28.1270206 ], [ -96.9150488, 28.126786899999988 ], [ -96.9149291, 28.1265761 ], [ -96.9147443, 28.126405700000014 ], [ -96.9145108, 28.126291 ], [ -96.9142492, 28.1262421 ], [ -96.9139829, 28.126263399999978 ], [ -96.913735599999981, 28.126353 ], [ -96.9135279, 28.1265032 ], [ -96.8787471, 28.1606366 ], [ -96.872916, 28.166526199999989 ], [ -96.870025799999979, 28.175025 ], [ -96.852343599999983, 28.1846503 ], [ -96.850186799999975, 28.1847941 ], [ -96.848637, 28.1793137 ], [ -96.844883899999985, 28.1797336 ], [ -96.830680700000016, 28.196030899999982 ], [ -96.8143327, 28.21478609999998 ], [ -96.7870907, 28.232519199999981 ], [ -96.7877315, 28.2346376 ], [ -96.7935931, 28.2340289 ], [ -96.789519399999989, 28.252099299999983 ], [ -96.8060821, 28.290323699999984 ], [ -96.792377699999975, 28.319246099999987 ], [ -96.7947087, 28.358018 ], [ -96.830680700000016, 28.3837655 ], [ -96.8343393, 28.3863839 ], [ -96.851978099999982, 28.4042679 ], [ -96.855664299999987, 28.413013 ], [ -96.848738599999976, 28.425316699999989 ], [ -96.837026199999983, 28.4298409 ], [ -96.830680700000016, 28.4279101 ], [ -96.8157667, 28.4233721 ], [ -96.7841741, 28.4046745 ], [ -96.7779503, 28.4066512 ], [ -96.768901199999988, 28.4163281 ], [ -96.769728399999977, 28.428348 ], [ -96.794687399999987, 28.4558504 ], [ -96.8023396, 28.458087 ], [ -96.8173624, 28.4554319 ], [ -96.8221798, 28.4577015 ], [ -96.818979900000016, 28.4704691 ], [ -96.807086599999977, 28.476336099999987 ], [ -96.795175499999985, 28.4768175 ], [ -96.784936099999982, 28.459398899999989 ], [ -96.756996599999979, 28.4372736 ], [ -96.745947399999977, 28.4142834 ], [ -96.737074899999982, 28.412157199999989 ], [ -96.7207717, 28.408060599999988 ], [ -96.710317599999982, 28.4016362 ], [ -96.701117, 28.3760903 ], [ -96.700184899999982, 28.3466967 ], [ -96.691191, 28.3344449 ], [ -96.677188199999975, 28.3321591 ], [ -96.6568941, 28.3382407 ], [ -96.656213, 28.3353295 ], [ -96.6673378, 28.3275781 ], [ -96.6529483, 28.3237365 ], [ -96.6264635, 28.3436275 ], [ -96.6149274, 28.3429256 ], [ -96.5511802, 28.374231 ], [ -96.521126299999978, 28.3860412 ], [ -96.5089395, 28.3873486 ], [ -96.4711176, 28.4085944 ], [ -96.4266681, 28.429291399999986 ], [ -96.4151135, 28.431389399999986 ], [ -96.406719299999978, 28.4286085 ], [ -96.4021994, 28.4330668 ], [ -96.401998, 28.440681899999987 ], [ -96.413637799999989, 28.4595798 ], [ -96.444534100000013, 28.4844567 ], [ -96.5007228, 28.521962099999989 ], [ -96.530817, 28.557834799999984 ], [ -96.5552159, 28.568963 ], [ -96.574770599999979, 28.5815817 ], [ -96.587555399999985, 28.5802882 ], [ -96.6028409, 28.5700449 ], [ -96.6219182, 28.5703906 ], [ -96.6383728, 28.575830599999989 ], [ -96.6389444, 28.5807136 ], [ -96.625600599999984, 28.5807988 ], [ -96.614065299999979, 28.5916788 ], [ -96.614066599999987, 28.6015142 ], [ -96.6199615, 28.6207051 ], [ -96.614770299999989, 28.6382252 ], [ -96.618797699999988, 28.645615599999989 ], [ -96.6309281, 28.6556232 ], [ -96.6415818, 28.6743766 ], [ -96.6595228, 28.693204299999987 ], [ -96.6590406, 28.7124033 ], [ -96.6548813, 28.7180578 ], [ -96.639964799999987, 28.7145217 ], [ -96.6091523, 28.7207656 ], [ -96.585105199999987, 28.719056799999986 ], [ -96.5760497, 28.7001557 ], [ -96.5658328, 28.6953714 ], [ -96.562807299999974, 28.6912466 ], [ -96.5699868, 28.671493 ], [ -96.5727801, 28.6445793 ], [ -96.5646156, 28.646363399999984 ], [ -96.5243863, 28.6432794 ], [ -96.512653899999975, 28.6492548 ], [ -96.4993784, 28.6305984 ], [ -96.5020143, 28.617857499999989 ], [ -96.4916817, 28.6126633 ], [ -96.482344799999979, 28.614412199999986 ], [ -96.467501499999983, 28.6327348 ], [ -96.4662462, 28.6623648 ], [ -96.4623249, 28.6640773 ], [ -96.4582801, 28.6418734 ], [ -96.4402, 28.614265099999979 ], [ -96.437605499999989, 28.604254699999988 ], [ -96.4443585, 28.5940083 ], [ -96.4591472, 28.5862405 ], [ -96.4660524, 28.5859347 ], [ -96.474683700000014, 28.5910769 ], [ -96.478671399999982, 28.5908226 ], [ -96.4815214, 28.5838902 ], [ -96.4778629, 28.5751025 ], [ -96.457043699999986, 28.5820734 ], [ -96.3966431, 28.616937599999989 ], [ -96.4017042, 28.6252672 ], [ -96.4164619, 28.6391463 ], [ -96.4168521, 28.6490512 ], [ -96.412319199999985, 28.664635899999986 ], [ -96.4196779, 28.6814795 ], [ -96.4122919, 28.6967661 ], [ -96.411277899999988, 28.7084097 ], [ -96.426074500000013, 28.710105 ], [ -96.4352436, 28.7145842 ], [ -96.439198799999986, 28.7331711 ], [ -96.446480799999975, 28.742351599999989 ], [ -96.44523479999998, 28.7457691 ], [ -96.4323815, 28.7387827 ], [ -96.4259193, 28.722961 ], [ -96.405, 28.73435520000001 ], [ -96.39871740000001, 28.7341327 ], [ -96.393788499999985, 28.73067420000001 ], [ -96.3881706, 28.7056365 ], [ -96.390818699999983, 28.6776099 ], [ -96.383933699999986, 28.6685916 ], [ -96.3618619, 28.6568386 ], [ -96.3577977, 28.6459829 ], [ -96.358156399999984, 28.6346297 ], [ -96.354767199999984, 28.632166 ], [ -96.3117136, 28.6470267 ], [ -96.307081199999985, 28.6663866 ], [ -96.286245699999981, 28.687295399999979 ], [ -96.2685498, 28.6941402 ], [ -96.2614722, 28.7127812 ], [ -96.2575163, 28.7097035 ], [ -96.2588587, 28.695793399999982 ], [ -96.255384599999985, 28.687690299999989 ], [ -96.2123677, 28.7001778 ], [ -96.2027857, 28.7156984 ], [ -96.1981175, 28.7350787 ], [ -96.179057299999982, 28.7545258 ], [ -96.175066799999982, 28.755515499999984 ], [ -96.172824799999987, 28.747531 ], [ -96.1849249, 28.727865599999987 ], [ -96.1840438, 28.7085925 ], [ -96.188976599999975, 28.695715499999988 ], [ -96.2102071, 28.6690773 ], [ -96.216466399999987, 28.6544052 ], [ -96.2278987, 28.6428417 ], [ -96.215836899999985, 28.6206393 ], [ -96.2188059, 28.6112131 ], [ -96.229754299999982, 28.5987088 ], [ -96.220150799999985, 28.5823322 ], [ -96.205826299999984, 28.5848633 ], [ -96.1401734, 28.614157099999986 ], [ -96.0945306, 28.626862 ], [ -96.0433383, 28.648557399999984 ], [ -96.009201899999979, 28.647385199999984 ], [ -95.996873299999976, 28.6545248 ], [ -95.983064599999977, 28.651983 ], [ -95.9828592, 28.6324569 ], [ -95.990536099999986, 28.6195569 ], [ -95.990459699999988, 28.6077503 ], [ -95.9940194, 28.602613099999989 ], [ -96.0444644, 28.5847797 ], [ -96.0760692, 28.5687325 ], [ -96.097528399999987, 28.562167399999989 ], [ -96.1674956, 28.5321784 ], [ -96.197520699999984, 28.5168593 ], [ -96.2176539, 28.5028214 ], [ -96.232974899999988, 28.499053799999988 ], [ -96.245469199999988, 28.487221599999987 ], [ -96.288136799999975, 28.4681689 ], [ -96.325169, 28.443199699999987 ], [ -96.3283445, 28.434413 ], [ -96.319241199999979, 28.4302293 ], [ -96.265839899999989, 28.4627568 ], [ -96.154006599999988, 28.521955 ], [ -96.0831091, 28.5538417 ], [ -95.854012, 28.6462628 ], [ -95.687960199999978, 28.7312296 ], [ -95.650718, 28.7541409 ], [ -95.6090315, 28.7726038 ], [ -95.477590899999981, 28.8386428 ], [ -95.3920418, 28.8686973 ], [ -95.3805415, 28.8822403 ], [ -95.366796499999978, 28.8867824 ], [ -95.3123609, 28.9253844 ], [ -95.3005647, 28.9405737 ], [ -95.2859158, 28.9471977 ], [ -95.222436699999989, 29.000544499999979 ], [ -95.135013199999989, 29.0625695 ], [ -95.128131599999989, 29.070271 ], [ -95.1293986, 29.0740616 ], [ -95.1399555, 29.0691158 ], [ -95.1603051, 29.0681236 ], [ -95.1696978, 29.0475028 ], [ -95.1947495, 29.0314187 ], [ -95.232774399999983, 28.999536199999984 ], [ -95.239172799999977, 28.9975575 ], [ -95.2298875, 29.022129699999983 ], [ -95.220219699999987, 29.031727 ], [ -95.2173716, 29.046952699999981 ], [ -95.18811909999998, 29.07423 ], [ -95.1961013, 29.090247299999987 ], [ -95.194027, 29.101832 ], [ -95.181491899999983, 29.1092797 ], [ -95.166380599999982, 29.108548399999982 ], [ -95.167597499999985, 29.11296669999998 ], [ -95.176103099999978, 29.1181986 ], [ -95.1779408, 29.1225335 ], [ -95.162278199999989, 29.1371122 ], [ -95.155383599999979, 29.1554196 ], [ -95.1557264, 29.1853333 ], [ -95.163126099999985, 29.191745 ], [ -95.1821943, 29.1939763 ], [ -95.194256799999977, 29.209933 ], [ -95.183342299999978, 29.2101959 ], [ -95.141968600000013, 29.195477199999988 ], [ -95.117064099999979, 29.1932399 ], [ -95.101372, 29.1873649 ], [ -95.100633499999986, 29.1789578 ], [ -95.094952299999989, 29.1794419 ], [ -95.0384773, 29.2118516 ], [ -95.0180425, 29.2363123 ], [ -94.9529877, 29.296233 ], [ -94.942089099999976, 29.314983 ], [ -94.9148663, 29.3069893 ], [ -94.9138792, 29.3037109 ], [ -94.919087300000015, 29.2989339 ], [ -94.917963599999979, 29.296888899999988 ], [ -94.911216799999977, 29.2970816 ], [ -94.904581799999988, 29.3013435 ], [ -94.8954862, 29.3197349 ], [ -94.9035457, 29.3391562 ], [ -94.9026762, 29.3498558 ], [ -94.874352299999984, 29.3679868 ], [ -94.8800849, 29.371876299999986 ], [ -94.888502699999989, 29.3678025 ], [ -94.8921541, 29.3689515 ], [ -94.8873912, 29.3980821 ], [ -94.888853099999977, 29.415753899999984 ], [ -94.893773, 29.4278899 ], [ -94.942842299999981, 29.4594017 ], [ -94.9605158, 29.464486699999988 ], [ -94.945663599999975, 29.4757324 ], [ -94.9250436, 29.479321 ], [ -94.91866779999998, 29.4939727 ], [ -94.9859921, 29.5171955 ], [ -95.003678899999983, 29.5295591 ], [ -95.0156245, 29.5474775 ], [ -95.0141007, 29.5601792 ], [ -94.990406599999986, 29.599685199999989 ], [ -94.995920899999987, 29.6083806 ], [ -95.0070989, 29.6140913 ], [ -95.0054861, 29.6204172 ], [ -95.0107475, 29.6384927 ], [ -95.0024466, 29.6599813 ], [ -94.9898324, 29.6759975 ], [ -94.9985495, 29.683509299999987 ], [ -94.9979811, 29.690248099999984 ], [ -95.003402799999975, 29.7027612 ], [ -95.001753799999975, 29.7143506 ], [ -94.9892381, 29.714066899999985 ], [ -94.9708454, 29.703536 ], [ -94.9471169, 29.6964237 ], [ -94.9335816, 29.68521 ], [ -94.9234751, 29.685827 ], [ -94.9219311, 29.6647638 ], [ -94.9152063, 29.6601389 ], [ -94.902229599999984, 29.6601894 ], [ -94.8726971, 29.6766209 ], [ -94.8522092, 29.7169672 ], [ -94.816229299999975, 29.7544731 ], [ -94.7525178, 29.7820273 ], [ -94.7314201, 29.7837701 ], [ -94.6946016, 29.7453874 ], [ -94.692435499999988, 29.685751399999983 ], [ -94.7020681, 29.6417987 ], [ -94.7192624, 29.6035053 ], [ -94.7563232, 29.550018599999987 ], [ -94.767615299999989, 29.543492 ], [ -94.7815649, 29.5431948 ], [ -94.7776729, 29.5334951 ], [ -94.761774499999987, 29.5267079 ], [ -94.7415771, 29.5280052 ], [ -94.6248114, 29.5534322 ], [ -94.5618032, 29.5716253 ], [ -94.542575099999979, 29.5666809 ], [ -94.517355099999989, 29.5448634 ], [ -94.5015119, 29.5459461 ], [ -94.4816962, 29.5530204 ], [ -94.4746166, 29.5510013 ], [ -94.4751953, 29.5453382 ], [ -94.491551099999981, 29.5213937 ], [ -94.499986299999989, 29.5142904 ], [ -94.526969, 29.511299199999989 ], [ -94.538409199999975, 29.5204067 ], [ -94.552777100000014, 29.5255365 ], [ -94.5638852, 29.526205 ], [ -94.566862, 29.5220216 ], [ -94.555091899999979, 29.5151779 ], [ -94.5556408, 29.5095377 ], [ -94.5707105, 29.5048527 ], [ -94.5760306, 29.513631099999987 ], [ -94.5831254, 29.5154596 ], [ -94.5926431, 29.5064053 ], [ -94.609516299999981, 29.481018799999987 ], [ -94.631269199999977, 29.473823699999986 ], [ -94.661017, 29.4753212 ], [ -94.678195099999982, 29.4696823 ], [ -94.6912882, 29.4562292 ], [ -94.6988947, 29.4410979 ], [ -94.733084, 29.418316 ], [ -94.751359699999981, 29.4011186 ], [ -94.7611603, 29.397645 ], [ -94.760740399999989, 29.404394699999983 ], [ -94.763136199999977, 29.406183799999983 ], [ -94.7707826, 29.4014305 ], [ -94.7711808, 29.3949242 ], [ -94.7622375, 29.3908105 ], [ -94.7709088, 29.3795244 ], [ -94.7739238, 29.3687518 ], [ -94.763154899999975, 29.365576899999986 ], [ -94.732176599999988, 29.3745319 ], [ -94.706449399999983, 29.4025987 ], [ -94.6872082, 29.4190135 ], [ -94.654139299999983, 29.4396964 ], [ -94.612481299999985, 29.4602925 ], [ -94.1535036, 29.6394224 ], [ -94.0648995, 29.6682699 ], [ -94.021889799999983, 29.6774885 ], [ -93.973621799999989, 29.6815592 ], [ -93.84862219999998, 29.6802049 ], [ -93.826174, 29.6984455 ], [ -93.7781016, 29.7218118 ], [ -93.747087399999984, 29.731405 ], [ -93.7296092, 29.736467399999984 ], [ -93.643763199999981, 29.7508651 ], [ -93.485142699999983, 29.7683689 ], [ -93.354119, 29.7661236 ], [ -93.354801299999977, 29.8340247 ], [ -93.3884019, 29.8341421 ], [ -93.4297244, 29.853596 ], [ -93.4369611, 29.865441599999986 ], [ -93.433316499999975, 29.87039 ], [ -93.421757899999989, 29.875728799999987 ], [ -93.372194, 29.8848675 ], [ -93.347405099999989, 29.9004464 ], [ -93.3446872, 29.922513 ], [ -93.351102799999978, 29.9487018 ], [ -93.3392472, 29.976211499999987 ], [ -93.3340035, 29.954495399999985 ], [ -93.332458, 29.9525551 ], [ -93.3304945, 29.9542641 ], [ -93.323254599999984, 30.0020316 ], [ -93.3219479, 30.0383053 ], [ -93.3245322, 30.0425126 ], [ -93.328042899999986, 30.0287159 ], [ -93.3317658, 30.0253642 ], [ -93.3334446, 30.0317623 ], [ -93.329691699999984, 30.093841 ], [ -93.343047599999977, 30.12207260000001 ], [ -93.3188656, 30.1430298 ], [ -93.3171628, 30.1382134 ], [ -93.324645099999984, 30.128475 ], [ -93.3284503, 30.1171304 ], [ -93.3199097, 30.0960485 ], [ -93.321241299999983, 30.0819096 ], [ -93.3119609, 30.0769883 ], [ -93.3112023, 30.0675738 ], [ -93.2905721, 30.054644299999985 ], [ -93.2743578, 30.0275282 ], [ -93.269651599999975, 29.973910399999987 ], [ -93.2425495, 29.9294885 ], [ -93.2351448, 29.8917115 ], [ -93.2400369, 29.862001699999983 ], [ -93.25530879999998, 29.8469735 ], [ -93.2792503, 29.8390955 ], [ -93.3169436, 29.8381671 ], [ -93.3289392, 29.8355836 ], [ -93.3368093, 29.8407517 ], [ -93.342232, 29.8401511 ], [ -93.345277099999976, 29.8293232 ], [ -93.3440141, 29.8096485 ], [ -93.3337605, 29.7965749 ], [ -93.3418711, 29.7900686 ], [ -93.337490599999981, 29.767677699999989 ], [ -93.2714765, 29.775507 ], [ -93.2116189, 29.7744395 ], [ -93.162202299999976, 29.7663283 ], [ -93.061378499999975, 29.7434747 ], [ -92.945904299999981, 29.7073182 ], [ -92.787901800000014, 29.6410158 ], [ -92.761396799999986, 29.6328371 ], [ -92.730037099999976, 29.6187209 ], [ -92.664820299999988, 29.5979267 ], [ -92.6330466, 29.5937095 ], [ -92.6158037, 29.586679599999989 ], [ -92.587078199999979, 29.581582 ], [ -92.563395299999982, 29.5853284 ], [ -92.5401901, 29.5730058 ], [ -92.396971299999976, 29.5452852 ], [ -92.3161544, 29.5333584 ], [ -92.2779525, 29.5359923 ], [ -92.2598958, 29.5396295 ], [ -92.1997747, 29.5676914 ], [ -92.148659, 29.5840392 ], [ -92.109310899999983, 29.5869837 ], [ -92.077711, 29.58462519999998 ], [ -92.0527894, 29.586051499999989 ], [ -92.051785200000012, 29.5891106 ], [ -92.062711, 29.5945684 ], [ -92.063085199999989, 29.6026231 ], [ -92.048723299999978, 29.6126135 ], [ -92.027069399999988, 29.6200949 ], [ -92.0289602, 29.6244893 ], [ -92.037362, 29.6277849 ], [ -92.060693199999989, 29.6216294 ], [ -92.083973599999979, 29.6209855 ], [ -92.1000769, 29.6156304 ], [ -92.106693299999975, 29.6164626 ], [ -92.131552299999981, 29.663799699999981 ], [ -92.111364699999982, 29.6871109 ], [ -92.109697399999988, 29.6955679 ], [ -92.1259756, 29.6987258 ], [ -92.1503537, 29.6969615 ], [ -92.166212399999978, 29.7013389 ], [ -92.196167399999979, 29.7244005 ], [ -92.212664300000014, 29.7471443 ], [ -92.2102184, 29.7508107 ], [ -92.196426, 29.7571016 ], [ -92.186871399999987, 29.7486894 ], [ -92.1746962, 29.7449993 ], [ -92.1693491, 29.7580916 ], [ -92.1534739, 29.7582068 ], [ -92.142483500000012, 29.766657299999988 ], [ -92.1380954, 29.780340099999986 ], [ -92.1141305, 29.7527251 ], [ -92.1018935, 29.749076899999984 ], [ -92.0409632, 29.7789711 ], [ -91.9960172, 29.7959901 ], [ -91.984149099999982, 29.808834699999984 ], [ -91.980303099999986, 29.824312199999987 ], [ -91.9721213, 29.8297452 ], [ -91.931572299999985, 29.819823 ], [ -91.9180439, 29.8214525 ], [ -91.9034233, 29.8303082 ], [ -91.889748499999982, 29.833818 ], [ -91.860042799999988, 29.828255399999989 ], [ -91.8350006, 29.8280819 ], [ -91.8241449, 29.8123777 ], [ -91.824473899999987, 29.7912084 ], [ -91.8282101, 29.7825438 ], [ -91.834810499999989, 29.7785221 ], [ -91.8547405, 29.7815567 ], [ -91.872848, 29.7579407 ], [ -91.872504899999981, 29.751406399999986 ], [ -91.866206199999979, 29.750026299999988 ], [ -91.8460574, 29.7607587 ], [ -91.83930070000001, 29.7603712 ], [ -91.8518416, 29.7461195 ], [ -91.8661618, 29.7141334 ], [ -91.850979899999984, 29.712298699999984 ], [ -91.760639, 29.7468534 ], [ -91.7373822, 29.7478979 ], [ -91.7055125, 29.7410708 ], [ -91.666939899999988, 29.7453788 ], [ -91.63701949999998, 29.7455015 ], [ -91.6206946, 29.748884 ], [ -91.617258199999981, 29.737245299999984 ], [ -91.622764799999985, 29.6781889 ], [ -91.637362799999977, 29.6374075 ], [ -91.618667499999987, 29.6316478 ], [ -91.5865065, 29.637580099999983 ], [ -91.572791200000012, 29.6378274 ], [ -91.5547402, 29.6304289 ], [ -91.5382295, 29.5904021 ], [ -91.5352931, 29.568704 ], [ -91.5293765, 29.551812399999989 ], [ -91.529987799999986, 29.5314101 ], [ -91.520370299999982, 29.530911499999988 ], [ -91.495942499999984, 29.537868499999988 ], [ -91.4740375, 29.5404844 ], [ -91.4726546, 29.532644699999988 ], [ -91.463582699999989, 29.5288248 ], [ -91.472316799999987, 29.5210478 ], [ -91.473273899999981, 29.512735299999989 ], [ -91.4605754, 29.5073983 ], [ -91.4552969, 29.509992899999983 ], [ -91.449651199999977, 29.5195825 ], [ -91.432177, 29.5349078 ], [ -91.425346399999981, 29.5171934 ], [ -91.4122463, 29.502145799999987 ], [ -91.404258499999983, 29.5027516 ], [ -91.388695599999977, 29.5091415 ], [ -91.357110599999984, 29.5101519 ], [ -91.3351111, 29.4909891 ], [ -91.3071317, 29.4803964 ], [ -91.284097499999987, 29.4780961 ], [ -91.2996316, 29.4711477 ], [ -91.3051582, 29.474457 ], [ -91.312553099999988, 29.474091199999989 ], [ -91.317056899999983, 29.470458 ], [ -91.319001899999989, 29.458566099999988 ], [ -91.3293771, 29.4536252 ], [ -91.3422433, 29.4533707 ], [ -91.3473065, 29.4387513 ], [ -91.3458955, 29.4361933 ], [ -91.3393113, 29.4354308 ], [ -91.3437008, 29.428403299999978 ], [ -91.3428519, 29.4241479 ], [ -91.3330135, 29.433442 ], [ -91.328892299999978, 29.4465908 ], [ -91.314725599999989, 29.448138 ], [ -91.30052929999998, 29.4535587 ], [ -91.290884799999986, 29.459533600000011 ], [ -91.280594599999986, 29.4767863 ], [ -91.2749213, 29.4761729 ], [ -91.253038799999985, 29.447227100000013 ], [ -91.2253973, 29.4361772 ], [ -91.218161599999988, 29.4309476 ], [ -91.2130591, 29.417177499999987 ], [ -91.2139979, 29.399749699999987 ], [ -91.194524299999983, 29.375052899999986 ], [ -91.1582599, 29.3572414 ], [ -91.130377799999977, 29.3338829 ], [ -91.1224444, 29.3165176 ], [ -91.120976699999986, 29.300464099999985 ], [ -91.117439, 29.295597 ], [ -91.1047081, 29.2948263 ], [ -91.083878399999989, 29.304784 ], [ -91.069073199999977, 29.3021224 ], [ -91.061039199999982, 29.3054595 ], [ -91.0659197, 29.321292099999987 ], [ -91.0911963, 29.337237399999989 ], [ -91.091015, 29.3441673 ], [ -91.0828281, 29.3521238 ], [ -91.065161499999988, 29.3557742 ], [ -91.033838, 29.3460521 ], [ -91.024263499999975, 29.3396584 ], [ -91.0236124, 29.3337674 ], [ -91.028399299999975, 29.328868899999989 ], [ -91.044703699999985, 29.329008 ], [ -91.052165099999982, 29.3253784 ], [ -91.0540508, 29.317973 ], [ -91.0515823, 29.3057953 ], [ -91.055536099999983, 29.299147899999987 ], [ -91.0666788, 29.296111199999984 ], [ -91.0861624, 29.297619599999983 ], [ -91.1078567, 29.2878556 ], [ -91.125067699999988, 29.2844835 ], [ -91.12721329999998, 29.2781384 ], [ -91.1211898, 29.263081899999985 ], [ -91.125395699999984, 29.2513244 ], [ -91.1317897, 29.2470129 ], [ -91.1447031, 29.2469441 ], [ -91.1642039, 29.2401339 ], [ -91.1679036, 29.2445824 ], [ -91.167902900000016, 29.2605943 ], [ -91.1797965, 29.2658652 ], [ -91.195484899999983, 29.2634777 ], [ -91.2028352, 29.276406799999982 ], [ -91.194539699999979, 29.2902498 ], [ -91.1895468, 29.2869119 ], [ -91.183466, 29.276539 ], [ -91.1748683, 29.2779831 ], [ -91.1705521, 29.2886419 ], [ -91.168522899999985, 29.3179831 ], [ -91.175505199999989, 29.3193543 ], [ -91.189108299999987, 29.3087849 ], [ -91.196691099999981, 29.3086005 ], [ -91.2200464, 29.3278999 ], [ -91.234111199999987, 29.347302 ], [ -91.241075699999982, 29.3648741 ], [ -91.251364699999982, 29.3652395 ], [ -91.2671021, 29.355144599999988 ], [ -91.2766584, 29.333856 ], [ -91.294528499999984, 29.3130132 ], [ -91.3322588, 29.301644 ], [ -91.327930899999984, 29.2937889 ], [ -91.311031, 29.276858199999989 ], [ -91.2759613, 29.250045 ], [ -91.202487099999985, 29.2247449 ], [ -91.1458181, 29.2207992 ], [ -91.131529299999983, 29.225293 ], [ -91.1007139, 29.1979391 ], [ -91.0670547, 29.187821 ], [ -91.060314399999982, 29.1904367 ], [ -91.057660399999989, 29.196540499999987 ], [ -91.0593234, 29.2041077 ], [ -91.0661928, 29.2141439 ], [ -91.0643853, 29.2384321 ], [ -91.04042459999998, 29.2608641 ], [ -91.0304547, 29.262988 ], [ -91.0125326, 29.2457598 ], [ -91.0132501, 29.2296783 ], [ -91.0207896, 29.213405 ], [ -91.00433, 29.2109087 ], [ -90.9927264, 29.2009622 ], [ -90.990059299999984, 29.2172232 ], [ -91.0014815, 29.2400065 ], [ -90.99792309999998, 29.252953499999986 ], [ -90.9907215, 29.2597365 ], [ -90.977790099999979, 29.2623636 ], [ -90.979547599999975, 29.2554655 ], [ -90.976051399999989, 29.2473433 ], [ -90.9763337, 29.238285499999989 ], [ -90.9696259, 29.2360984 ], [ -90.963228199999975, 29.2394156 ], [ -90.95714479999998, 29.248852 ], [ -90.945047499999987, 29.2597491 ], [ -90.966455499999981, 29.276589799999979 ], [ -90.974272099999979, 29.287348399999985 ], [ -90.9876396, 29.2867395 ], [ -90.9949212, 29.2944663 ], [ -91.001968599999984, 29.292201 ], [ -91.003021499999988, 29.300020100000012 ], [ -91.006935, 29.3004553 ], [ -91.0097516, 29.2967121 ], [ -91.013374399999975, 29.3006527 ], [ -91.0202854, 29.297670299999989 ], [ -91.01705029999998, 29.2943406 ], [ -91.007575199999977, 29.2933782 ], [ -91.0052963, 29.290574599999989 ], [ -91.007233499999984, 29.2889274 ], [ -91.015229799999986, 29.288745399999989 ], [ -91.021665899999988, 29.2929556 ], [ -91.0234677, 29.305118299999986 ], [ -91.007062, 29.31164 ], [ -90.9966078, 29.3248132 ], [ -90.986382799999987, 29.3311805 ], [ -90.992043099999989, 29.3360106 ], [ -91.003287, 29.334990899999987 ], [ -91.005526599999982, 29.352633599999987 ], [ -91.023601599999978, 29.3537813 ], [ -91.03239379999998, 29.3575834 ], [ -91.033299699999986, 29.377020299999984 ], [ -91.0088102, 29.3680026 ], [ -90.9661163, 29.3813244 ], [ -90.9230667, 29.3819298 ], [ -90.9147976, 29.3846377 ], [ -90.907407399999983, 29.3877788 ], [ -90.886647, 29.402497 ], [ -90.8527938, 29.4128819 ], [ -90.8345658, 29.4112119 ], [ -90.833013499999979, 29.4016103 ], [ -90.8439819, 29.389417199999983 ], [ -90.8757811, 29.3777688 ], [ -90.8984751, 29.358486700000011 ], [ -90.9053543, 29.3483836 ], [ -90.9147976, 29.3431741 ], [ -90.931495799999979, 29.3339619 ], [ -90.933547899999979, 29.3317011 ], [ -90.9334099, 29.3264152 ], [ -90.929001699999986, 29.3222744 ], [ -90.9147976, 29.3268825 ], [ -90.911914799999977, 29.327817799999984 ], [ -90.904361799999975, 29.3266075 ], [ -90.9147976, 29.3147413 ], [ -90.9252721, 29.302565599999987 ], [ -90.9272594, 29.295157 ], [ -90.9147976, 29.2933461 ], [ -90.9002704, 29.2973886 ], [ -90.890559400000015, 29.2912534 ], [ -90.899903599999988, 29.2797734 ], [ -90.9147976, 29.276477599999986 ], [ -90.923330399999983, 29.274589399999979 ], [ -90.928044699999987, 29.267177199999988 ], [ -90.9147976, 29.264119199999985 ], [ -90.8794806, 29.256111199999985 ], [ -90.860540899999975, 29.25921469999998 ], [ -90.850416199999984, 29.2484567 ], [ -90.839478799999981, 29.2472522 ], [ -90.827877299999983, 29.2421043 ], [ -90.819731299999987, 29.2420683 ], [ -90.801754899999978, 29.258404399999989 ], [ -90.801643, 29.268832399999976 ], [ -90.7922217, 29.268904 ], [ -90.7840458, 29.2601012 ], [ -90.774694, 29.263074299999985 ], [ -90.764125799999988, 29.300258099999983 ], [ -90.757769399999987, 29.3050476 ], [ -90.752738, 29.296947299999978 ], [ -90.767046899999983, 29.264597499999986 ], [ -90.7793324, 29.2520769 ], [ -90.796435499999987, 29.248822499999989 ], [ -90.804650099999989, 29.2386494 ], [ -90.807953099999978, 29.2211191 ], [ -90.80029279999998, 29.2172467 ], [ -90.7885695, 29.2216259 ], [ -90.7763642, 29.2388205 ], [ -90.7579734, 29.2519853 ], [ -90.75027679999998, 29.2676819 ], [ -90.739124599999982, 29.2733302 ], [ -90.728323499999988, 29.2584215 ], [ -90.723969199999985, 29.2428453 ], [ -90.7267782, 29.239412 ], [ -90.7335461, 29.2441629 ], [ -90.740649799999986, 29.2421933 ], [ -90.7439339, 29.217979599999989 ], [ -90.726374899999982, 29.2133833 ], [ -90.715888399999983, 29.1990722 ], [ -90.708264, 29.2089098 ], [ -90.6979234, 29.2076691 ], [ -90.6965262, 29.2101275 ], [ -90.701044, 29.2194709 ], [ -90.699692099999979, 29.2273389 ], [ -90.7075162, 29.2391919 ], [ -90.704263699999984, 29.2544893 ], [ -90.697999699999983, 29.2654541 ], [ -90.702874399999985, 29.2766572 ], [ -90.6822697, 29.2521806 ], [ -90.6750208, 29.2372624 ], [ -90.666901, 29.2381852 ], [ -90.649940199999989, 29.2506482 ], [ -90.6412196, 29.242148 ], [ -90.634750199999985, 29.2432437 ], [ -90.635545199999981, 29.2696855 ], [ -90.632806799999983, 29.2734771 ], [ -90.6266665, 29.2721599 ], [ -90.6303971, 29.2780575 ], [ -90.6187578, 29.2881876 ], [ -90.616285099999985, 29.293886 ], [ -90.614217700000012, 29.3093852 ], [ -90.619999899999982, 29.3278585 ], [ -90.6135811, 29.3500561 ], [ -90.5956696, 29.374063 ], [ -90.5824557, 29.3825148 ], [ -90.5773977, 29.3995286 ], [ -90.566986599999979, 29.4140805 ], [ -90.562746599999983, 29.4162655 ], [ -90.555878499999977, 29.4133376 ], [ -90.5524617, 29.4148791 ], [ -90.547690499999987, 29.4334885 ], [ -90.555142699999976, 29.4511808 ], [ -90.5509084, 29.4564814 ], [ -90.5398645, 29.4601306 ], [ -90.5215432, 29.4591127 ], [ -90.507309499999977, 29.448343 ], [ -90.502485, 29.460263399999988 ], [ -90.494936, 29.4616289 ], [ -90.4853269, 29.4480102 ], [ -90.464838799999981, 29.44029 ], [ -90.4543325, 29.4234311 ], [ -90.429997899999975, 29.3976693 ], [ -90.424030699999989, 29.385362099999984 ], [ -90.4050542, 29.3774299 ], [ -90.391737099999986, 29.3654681 ], [ -90.3821252, 29.3500175 ], [ -90.365865399999976, 29.3495287 ], [ -90.342480199999983, 29.334931 ], [ -90.3418002, 29.3382339 ], [ -90.3507153, 29.3510971 ], [ -90.378694599999989, 29.3677781 ], [ -90.3841377, 29.3822134 ], [ -90.407809, 29.390392799999983 ], [ -90.4267709, 29.403094 ], [ -90.4422749, 29.422319 ], [ -90.4382138, 29.4321753 ], [ -90.4421905, 29.4477232 ], [ -90.435093, 29.4650317 ], [ -90.4198338, 29.4648677 ], [ -90.4066451, 29.4731033 ], [ -90.3841416, 29.4725727 ], [ -90.358665599999981, 29.4836639 ], [ -90.352507, 29.482591 ], [ -90.3485138, 29.477783 ], [ -90.3513244, 29.465943 ], [ -90.379148199999975, 29.446623299999988 ], [ -90.3828508, 29.4334501 ], [ -90.3906887, 29.4313913 ], [ -90.390408399999984, 29.4283642 ], [ -90.375489099999982, 29.41423 ], [ -90.3558467, 29.4067096 ], [ -90.3450552, 29.3987176 ], [ -90.2839028, 29.3897483 ], [ -90.273228299999985, 29.382574 ], [ -90.2686752, 29.367536299999987 ], [ -90.270701699999975, 29.348867699999989 ], [ -90.294569299999978, 29.340832 ], [ -90.3089963, 29.3448165 ], [ -90.317036399999978, 29.3429515 ], [ -90.3251325, 29.3341488 ], [ -90.3272589, 29.3218656 ], [ -90.3253508, 29.3184892 ], [ -90.318744699999982, 29.3134792 ], [ -90.306403399999979, 29.3123936 ], [ -90.296832199999983, 29.308546499999988 ], [ -90.29052, 29.295359099999988 ], [ -90.2657587, 29.2749412 ], [ -90.2437383, 29.2489686 ], [ -90.2356838, 29.251158 ], [ -90.2272021, 29.2603484 ], [ -90.213955399999975, 29.2545002 ], [ -90.208033699999987, 29.256917 ], [ -90.2094527, 29.2701448 ], [ -90.2173805, 29.2838562 ], [ -90.20884479999998, 29.2977507 ], [ -90.2187846, 29.3123032 ], [ -90.217836299999988, 29.3192934 ], [ -90.2047266, 29.3170365 ], [ -90.186778500000017, 29.3062943 ], [ -90.1770579, 29.3039262 ], [ -90.1677573, 29.305444599999984 ], [ -90.1526435, 29.308464699999988 ], [ -90.1337147, 29.3234243 ], [ -90.1677573, 29.370683899999989 ], [ -90.169105899999977, 29.372555599999981 ], [ -90.1747011, 29.3861096 ], [ -90.2167978, 29.407685 ], [ -90.2240734, 29.4176312 ], [ -90.222339099999985, 29.4240905 ], [ -90.207086, 29.4273514 ], [ -90.178226200000012, 29.4208994 ], [ -90.1677573, 29.4123398 ], [ -90.122443500000017, 29.375281499999986 ], [ -90.1195012, 29.3766432 ], [ -90.116589499999989, 29.3879758 ], [ -90.088394399999984, 29.3765118 ], [ -90.073894899999985, 29.3666249 ], [ -90.065824599999985, 29.3694534 ], [ -90.0606957, 29.3798831 ], [ -90.065228699999977, 29.3980026 ], [ -90.0598892, 29.4176194 ], [ -90.0705505, 29.4359812 ], [ -90.072270799999984, 29.4460501 ], [ -90.106894699999984, 29.450977499999986 ], [ -90.1342804, 29.4450916 ], [ -90.1446035, 29.4560927 ], [ -90.1518129, 29.469175199999988 ], [ -90.158987799999977, 29.472881699999988 ], [ -90.1677573, 29.4673451 ], [ -90.175354299999981, 29.4625486 ], [ -90.1677573, 29.4588432 ], [ -90.157655, 29.4539157 ], [ -90.1484665, 29.4406319 ], [ -90.1521262, 29.4316062 ], [ -90.1677573, 29.4287582 ], [ -90.1718233, 29.4280173 ], [ -90.193754099999978, 29.43050239999998 ], [ -90.2105556, 29.4370662 ], [ -90.2134401, 29.4411418 ], [ -90.2150907, 29.4481936 ], [ -90.2122164, 29.4685843 ], [ -90.2036332, 29.4694638 ], [ -90.193064, 29.46606 ], [ -90.187036299999988, 29.4730644 ], [ -90.195141, 29.485413099999988 ], [ -90.220286, 29.4943372 ], [ -90.227651699999981, 29.5030976 ], [ -90.2284596, 29.5106549 ], [ -90.2194508, 29.5230835 ], [ -90.221057, 29.5403155 ], [ -90.2083254, 29.5602885 ], [ -90.1913223, 29.5697515 ], [ -90.1677573, 29.576872 ], [ -90.1669308, 29.5781789 ], [ -90.165717, 29.5929281 ], [ -90.1677573, 29.5979448 ], [ -90.175316399999986, 29.6135721 ], [ -90.178755099999975, 29.6459304 ], [ -90.172025599999984, 29.6684843 ], [ -90.1750022, 29.6818131 ], [ -90.1677573, 29.6851861 ], [ -90.153959799999981, 29.6846339 ], [ -90.1381133, 29.6774814 ], [ -90.132887, 29.670025899999988 ], [ -90.120108899999977, 29.667248399999988 ], [ -90.112537599999982, 29.6364046 ], [ -90.1131814, 29.6104185 ], [ -90.122013, 29.5845598 ], [ -90.1333513, 29.5748845 ], [ -90.151301199999978, 29.5745102 ], [ -90.1660703, 29.5630639 ], [ -90.1511123, 29.539194 ], [ -90.147031599999977, 29.539511199999989 ], [ -90.1370171, 29.5474623 ], [ -90.1279427, 29.549479299999987 ], [ -90.119211799999988, 29.5477127 ], [ -90.118596599999975, 29.5427008 ], [ -90.112410499999982, 29.5462986 ], [ -90.0966661, 29.537370099999986 ], [ -90.0723909, 29.5355803 ], [ -90.069293, 29.5327624 ], [ -90.073206499999984, 29.5272185 ], [ -90.0724965, 29.5219368 ], [ -90.045404299999987, 29.500808 ], [ -90.029982, 29.4973865 ], [ -90.018806799999979, 29.4996858 ], [ -90.0054782, 29.4930006 ], [ -90.004220599999982, 29.4980553 ], [ -90.0111005, 29.5103676 ], [ -90.0056001, 29.5202922 ], [ -89.997197300000011, 29.524878399999988 ], [ -89.9585657, 29.527506 ], [ -89.9566374, 29.5226156 ], [ -89.964801, 29.514017 ], [ -89.967173100000011, 29.5055241 ], [ -89.962059900000014, 29.4784948 ], [ -89.967562500000014, 29.470697799999989 ], [ -89.977808200000013, 29.465331599999985 ], [ -89.973007, 29.4608036 ], [ -89.952208, 29.4592986 ], [ -89.9373432, 29.4641726 ], [ -89.9308375, 29.4732322 ], [ -89.9331876, 29.4933163 ], [ -89.9306925, 29.503322899999983 ], [ -89.9227914, 29.5059392 ], [ -89.9152987, 29.493875699999986 ], [ -89.909015899999986, 29.5103849 ], [ -89.900457799999984, 29.5183234 ], [ -89.8836866, 29.5008647 ], [ -89.888584499999979, 29.472515199999989 ], [ -89.871506599999989, 29.4594823 ], [ -89.8664629, 29.4621734 ], [ -89.8672132, 29.473295 ], [ -89.864095299999988, 29.4766468 ], [ -89.837722399999976, 29.4729291 ], [ -89.815756599999986, 29.4613968 ], [ -89.8000958, 29.458387899999988 ], [ -89.7880917, 29.4607407 ], [ -89.7765858, 29.474446199999978 ], [ -89.765988399999983, 29.477232 ], [ -89.7600777, 29.4677719 ], [ -89.766059900000016, 29.453698700000015 ], [ -89.801485599999978, 29.45416509999998 ], [ -89.833927399999979, 29.4453452 ], [ -89.834945100000013, 29.4400037 ], [ -89.8315538, 29.432553499999983 ], [ -89.8333601, 29.4248218 ], [ -89.816363700000011, 29.4267965 ], [ -89.8104299, 29.4185695 ], [ -89.803634399999979, 29.414715799999989 ], [ -89.759982799999989, 29.4187003 ], [ -89.743243199999981, 29.4309746 ], [ -89.7308121, 29.449374699999989 ], [ -89.7268835, 29.466385899999985 ], [ -89.7185801, 29.4709814 ], [ -89.70504889999998, 29.470085099999988 ], [ -89.692345799999984, 29.462570499999984 ], [ -89.6809857, 29.4437903 ], [ -89.6645766, 29.4340691 ], [ -89.6662819, 29.4179181 ], [ -89.6574872, 29.3965925 ], [ -89.652124399999977, 29.3956041 ], [ -89.645974199999984, 29.4045192 ], [ -89.623411, 29.3955061 ], [ -89.6052528, 29.382041499999985 ], [ -89.5935432, 29.3609264 ], [ -89.5784743, 29.3632671 ], [ -89.5401652, 29.353017199999986 ], [ -89.528214899999981, 29.345335499999983 ], [ -89.518290499999978, 29.3325658 ], [ -89.4848884, 29.3213126 ], [ -89.4709098, 29.3230588 ], [ -89.449904499999988, 29.3321762 ], [ -89.4417411, 29.3357711 ], [ -89.399911399999979, 29.3217861 ], [ -89.386412100000015, 29.284268799999985 ], [ -89.3804994, 29.2795147 ], [ -89.370826, 29.2786761 ], [ -89.371182299999987, 29.270243899999986 ], [ -89.364787199999981, 29.265805 ], [ -89.379797, 29.2485113 ], [ -89.3931989, 29.246408 ], [ -89.395031100000011, 29.224243599999983 ], [ -89.38021710000001, 29.2325205 ], [ -89.363644299999976, 29.2378447 ], [ -89.351954, 29.2649733 ], [ -89.342297699999989, 29.2720522 ], [ -89.325132299999979, 29.2616965 ], [ -89.2936666, 29.2303811 ], [ -89.2669797, 29.1951732 ], [ -89.2415622, 29.134838699999989 ], [ -89.2395681, 29.1281212 ], [ -89.231886299999985, 29.1034202 ], [ -89.2238665, 29.0915879 ], [ -89.1946626, 29.0484895 ], [ -89.1697548, 29.0275574 ], [ -89.1657732, 29.0298158 ], [ -89.168357899999975, 29.0388271 ], [ -89.14827, 29.0458558 ], [ -89.146682, 29.056311899999987 ], [ -89.1403337, 29.0609589 ], [ -89.142122, 29.0699263 ], [ -89.123817599999981, 29.0716856 ], [ -89.1102532, 29.082051299999986 ], [ -89.111241, 29.0915879 ], [ -89.113276099999979, 29.1070559 ], [ -89.1297846, 29.1245678 ], [ -89.1214688, 29.1243843 ], [ -89.0856426, 29.112564499999984 ], [ -89.076009, 29.102578699999984 ], [ -89.070101499999979, 29.0915879 ], [ -89.066220499999986, 29.084025 ], [ -89.061478199999982, 29.0915879 ], [ -89.055137299999984, 29.1016993 ], [ -89.050151699999986, 29.1155934 ], [ -89.036980799999981, 29.1281212 ], [ -89.0323598, 29.1331271 ], [ -89.03625, 29.1355339 ], [ -89.061587599999982, 29.1303648 ], [ -89.0781711, 29.135812699999985 ], [ -89.0856426, 29.135676 ], [ -89.095888, 29.1354884 ], [ -89.1043271, 29.139901399999989 ], [ -89.107433299999983, 29.1496774 ], [ -89.1018199, 29.1598438 ], [ -89.0856426, 29.156886899999989 ], [ -89.0817013, 29.167158099999988 ], [ -89.0840485, 29.1764935 ], [ -89.073369599999978, 29.181146899999987 ], [ -89.056884900000014, 29.1768071 ], [ -89.0394274, 29.181415799999986 ], [ -89.0275461, 29.1766669 ], [ -89.0161311, 29.1678236 ], [ -89.0046127, 29.169052299999979 ], [ -88.9984947, 29.178494 ], [ -89.014489, 29.194807 ], [ -89.020002299999987, 29.2090077 ], [ -89.0259571, 29.2133428 ], [ -89.0523874, 29.2008906 ], [ -89.0856426, 29.1908668 ], [ -89.094106799999977, 29.1921309 ], [ -89.097913, 29.1986738 ], [ -89.107523, 29.2000879 ], [ -89.126595399999985, 29.181698 ], [ -89.1597386, 29.169679899999988 ], [ -89.170519299999981, 29.169776 ], [ -89.176777, 29.163593599999988 ], [ -89.202745099999987, 29.1541749 ], [ -89.20896519999998, 29.1530321 ], [ -89.2299483, 29.1566387 ], [ -89.233956499999977, 29.1643331 ], [ -89.241181099999977, 29.168515 ], [ -89.2379522, 29.1770911 ], [ -89.198396299999985, 29.1809126 ], [ -89.170533299999988, 29.175071199999987 ], [ -89.154546, 29.1760023 ], [ -89.1281654, 29.1889462 ], [ -89.116887299999988, 29.216880799999988 ], [ -89.1214288, 29.228385599999989 ], [ -89.1343431, 29.237307299999983 ], [ -89.1235996, 29.241420299999987 ], [ -89.1235107, 29.2493874 ], [ -89.141752799999978, 29.2511464 ], [ -89.148492499999989, 29.254068300000011 ], [ -89.1430394, 29.2689787 ], [ -89.1437134, 29.2848131 ], [ -89.1593204, 29.2947602 ], [ -89.1893539, 29.3386273 ], [ -89.199329299999988, 29.3394422 ], [ -89.206510199999983, 29.3301401 ], [ -89.2198228, 29.3213847 ], [ -89.2297263, 29.310359699999989 ], [ -89.241859799999986, 29.3065168 ], [ -89.2473156, 29.302031499999988 ], [ -89.2491918, 29.2798424 ], [ -89.242674399999984, 29.2524345 ], [ -89.252596699999984, 29.229516499999985 ], [ -89.2639752, 29.217222699999983 ], [ -89.292615500000011, 29.2478771 ], [ -89.3100612, 29.2620563 ], [ -89.313242, 29.2733939 ], [ -89.3071473, 29.2811408 ], [ -89.3139967, 29.2884859 ], [ -89.308961, 29.2941314 ], [ -89.301637, 29.296681 ], [ -89.2949672, 29.3048056 ], [ -89.271765799999983, 29.3088535 ], [ -89.260746400000016, 29.3228564 ], [ -89.265743899999975, 29.3394454 ], [ -89.277549, 29.348236199999985 ], [ -89.290979, 29.3535694 ], [ -89.2983857, 29.3648196 ], [ -89.31142819999998, 29.355232 ], [ -89.3343593, 29.350015 ], [ -89.3514346, 29.3318521 ], [ -89.3624637, 29.336386 ], [ -89.3802669, 29.336719 ], [ -89.449904499999988, 29.378417 ], [ -89.4797358, 29.3946235 ], [ -89.515228799999988, 29.38351519999998 ], [ -89.538797299999985, 29.3859477 ], [ -89.548074399999976, 29.3922493 ], [ -89.561121699999987, 29.3948708 ], [ -89.566564199999988, 29.4031053 ], [ -89.5729267, 29.4044387 ], [ -89.5744486, 29.4072997 ], [ -89.572134399999982, 29.4138288 ], [ -89.561669399999985, 29.420671399999989 ], [ -89.548035699999986, 29.4234364 ], [ -89.547792, 29.429375 ], [ -89.5542579, 29.4319441 ], [ -89.5636182, 29.4408767 ], [ -89.5600932, 29.4480042 ], [ -89.551917799999984, 29.451042099999984 ], [ -89.552256, 29.4526914 ], [ -89.5540551, 29.4589931 ], [ -89.5622166, 29.461847199999983 ], [ -89.571052399999985, 29.4724761 ], [ -89.576394399999984, 29.4671237 ], [ -89.5835542, 29.4718436 ], [ -89.5923013, 29.483575 ], [ -89.59354470000001, 29.492103899999986 ], [ -89.623316, 29.4908058 ], [ -89.6293956, 29.4981396 ], [ -89.637592199999986, 29.5013104 ], [ -89.6395256, 29.502069599999984 ], [ -89.653947699999989, 29.5114442 ], [ -89.6690543, 29.5127679 ], [ -89.685279499999979, 29.521918099999983 ], [ -89.6798015, 29.532910599999987 ], [ -89.6803691, 29.5415 ], [ -89.7030112, 29.5609926 ], [ -89.702461199999988, 29.569556899999988 ], [ -89.698705099999984, 29.5755615 ], [ -89.699931299999989, 29.5802125 ], [ -89.7145139, 29.581325099999987 ], [ -89.725031399999978, 29.59233930000001 ], [ -89.7248862, 29.6009536 ], [ -89.733362, 29.608642099999976 ], [ -89.726627, 29.6132941 ], [ -89.7477994, 29.6192988 ], [ -89.771308, 29.6301084 ], [ -89.7597635, 29.635246899999988 ], [ -89.743736499999983, 29.6286932 ], [ -89.739743199999978, 29.6325739 ], [ -89.7287136, 29.6333185 ], [ -89.695149, 29.6155436 ], [ -89.6813991, 29.6261204 ], [ -89.655018900000016, 29.6279271 ], [ -89.6535556, 29.632086 ], [ -89.6582668, 29.643215699999988 ], [ -89.6501507, 29.6468088 ], [ -89.6395256, 29.6459055 ], [ -89.637592199999986, 29.6456868 ], [ -89.6197933, 29.640394299999986 ], [ -89.613731299999984, 29.6443014 ], [ -89.6168491, 29.6514212 ], [ -89.6232743, 29.6495697 ], [ -89.637592199999986, 29.65079129999998 ], [ -89.6395256, 29.651241 ], [ -89.6652991, 29.6572352 ], [ -89.6744553, 29.6615932 ], [ -89.6811947, 29.657337899999984 ], [ -89.6841548, 29.6586404 ], [ -89.6769508, 29.670167499999987 ], [ -89.677106, 29.675189399999987 ], [ -89.6701929, 29.6764719 ], [ -89.6688375, 29.6828888 ], [ -89.650563599999984, 29.6792607 ], [ -89.6395256, 29.68207670000001 ], [ -89.637592199999986, 29.6825699 ], [ -89.6303166, 29.6712294 ], [ -89.619659199999987, 29.6614992 ], [ -89.609374299999985, 29.6626757 ], [ -89.5817996, 29.6566487 ], [ -89.559606299999984, 29.659162 ], [ -89.533358, 29.649821 ], [ -89.5183798, 29.6404369 ], [ -89.50345489999998, 29.6366259 ], [ -89.507017699999977, 29.6453349 ], [ -89.521755899999988, 29.6558492 ], [ -89.5306517, 29.6662008 ], [ -89.530244, 29.6810722 ], [ -89.5458778, 29.6793354 ], [ -89.54670729999998, 29.6759247 ], [ -89.542474699999985, 29.6686318 ], [ -89.5492155, 29.6643396 ], [ -89.55918149999998, 29.6678196 ], [ -89.570172599999978, 29.6649592 ], [ -89.578393599999984, 29.6736188 ], [ -89.5905152, 29.67903870000001 ], [ -89.609374299999985, 29.678724299999985 ], [ -89.612945299999978, 29.6789428 ], [ -89.616475, 29.681309899999988 ], [ -89.609374299999985, 29.6841334 ], [ -89.6040347, 29.686426099999984 ], [ -89.6077265, 29.6943631 ], [ -89.597529900000012, 29.700571 ], [ -89.602463299999982, 29.7100868 ], [ -89.605544699999982, 29.705392 ], [ -89.609374299999985, 29.705407799999985 ], [ -89.619794, 29.696818499999988 ], [ -89.629243899999977, 29.6947941 ], [ -89.637592199999986, 29.69964190000001 ], [ -89.6395256, 29.700764699999986 ], [ -89.650375399999987, 29.7025558 ], [ -89.659029199999978, 29.7069297 ], [ -89.6772633, 29.723955699999983 ], [ -89.672848699999989, 29.7301285 ], [ -89.665228499999984, 29.721719499999988 ], [ -89.6540335, 29.7240285 ], [ -89.6498062, 29.7326601 ], [ -89.653546499999976, 29.741294 ], [ -89.6509325, 29.75934 ], [ -89.6476611, 29.7599382 ], [ -89.6442384, 29.75473 ], [ -89.6411721, 29.7556253 ], [ -89.641698600000012, 29.7698166 ], [ -89.6395256, 29.7732212 ], [ -89.637592199999986, 29.7750993 ], [ -89.617136899999977, 29.7662696 ], [ -89.6160263, 29.75279590000001 ], [ -89.607556099999982, 29.7371089 ], [ -89.598929599999977, 29.7463819 ], [ -89.580643699999982, 29.7547366 ], [ -89.559451, 29.740917 ], [ -89.5406893, 29.746706599999985 ], [ -89.5311602, 29.7465161 ], [ -89.5342458, 29.7572294 ], [ -89.5320291, 29.757862799999984 ], [ -89.5149161, 29.737200099999988 ], [ -89.5005132, 29.7309742 ], [ -89.4863916, 29.7310781 ], [ -89.474720599999984, 29.7262912 ], [ -89.472681199999982, 29.72132 ], [ -89.476005199999989, 29.7127969 ], [ -89.473597400000017, 29.7066541 ], [ -89.463337399999986, 29.7017496 ], [ -89.450960599999988, 29.700344399999988 ], [ -89.4549762, 29.6881897 ], [ -89.449904499999988, 29.6883959 ], [ -89.445733, 29.6885654 ], [ -89.4392563, 29.6851386 ], [ -89.4332098, 29.6906212 ], [ -89.433694399999979, 29.7040248 ], [ -89.449904499999988, 29.7164267 ], [ -89.532215799999989, 29.7793768 ], [ -89.5300147, 29.785548299999988 ], [ -89.5227942, 29.786541 ], [ -89.5192734, 29.7742537 ], [ -89.513785099999978, 29.771602299999984 ], [ -89.5044974, 29.773844099999987 ], [ -89.4984008, 29.7712391 ], [ -89.48685709999998, 29.752126 ], [ -89.4735344, 29.7433796 ], [ -89.46785749999998, 29.747799399999984 ], [ -89.476454, 29.7554837 ], [ -89.473732599999977, 29.7735311 ], [ -89.47052979999998, 29.775321299999984 ], [ -89.4635119, 29.766873399999987 ], [ -89.4512097, 29.7597243 ], [ -89.449904499999988, 29.75766819999998 ], [ -89.4411742, 29.743914599999989 ], [ -89.4345828, 29.7413778 ], [ -89.442247099999989, 29.7677997 ], [ -89.449904499999988, 29.7755027 ], [ -89.4658962, 29.7915876 ], [ -89.4710682, 29.796789199999989 ], [ -89.4714972, 29.8016649 ], [ -89.4664621, 29.8084547 ], [ -89.5012149, 29.8235204 ], [ -89.50420029999998, 29.8285632 ], [ -89.5003908, 29.8330986 ], [ -89.486411, 29.8261776 ], [ -89.463456399999984, 29.8212462 ], [ -89.4593724, 29.8144003 ], [ -89.449904499999988, 29.807854799999987 ], [ -89.4388628, 29.8002206 ], [ -89.4368327, 29.7915876 ], [ -89.4355082, 29.785955099999988 ], [ -89.4251177, 29.7797962 ], [ -89.422042599999983, 29.776883599999984 ], [ -89.413390899999982, 29.7686885 ], [ -89.405773, 29.776883599999984 ], [ -89.3988618, 29.7843179 ], [ -89.385304199999979, 29.7888302 ], [ -89.3674952, 29.781931199999988 ], [ -89.361494599999986, 29.781902899999988 ], [ -89.350220299999989, 29.7818496 ], [ -89.333318600000013, 29.7785954 ], [ -89.3306592, 29.776883599999984 ], [ -89.30712579999998, 29.7617341 ], [ -89.2936666, 29.7660688 ], [ -89.290253299999975, 29.767168 ], [ -89.292591399999978, 29.776883599999984 ], [ -89.2988506, 29.7949485 ], [ -89.3108046, 29.7865724 ], [ -89.329028400000013, 29.785144599999988 ], [ -89.350495099999975, 29.7971153 ], [ -89.4067092, 29.812249899999983 ], [ -89.409831599999976, 29.8175017 ], [ -89.4139638, 29.8182637 ], [ -89.4098872, 29.8249753 ], [ -89.389715599999988, 29.8306412 ], [ -89.385579099999987, 29.8388307 ], [ -89.3773634, 29.8462678 ], [ -89.361736799999989, 29.851342699999986 ], [ -89.354667399999983, 29.8671927 ], [ -89.3453109, 29.8758456 ], [ -89.3492501, 29.883025799999984 ], [ -89.34564109999998, 29.8943584 ], [ -89.345969, 29.9050878 ], [ -89.3507251, 29.905477 ], [ -89.361214099999984, 29.8932844 ], [ -89.3659702, 29.8943543 ], [ -89.378519699999984, 29.916582 ], [ -89.3833452, 29.9394702 ], [ -89.3960117, 29.9576261 ], [ -89.4211689, 29.9656993 ], [ -89.4335281, 29.9769282 ], [ -89.4428727, 29.991343 ], [ -89.449904499999988, 29.995672699999986 ], [ -89.454918599999985, 29.998341799999981 ], [ -89.4551682, 30.005590399999988 ], [ -89.449904499999988, 30.0134411 ], [ -89.444996499999988, 30.020760799999987 ], [ -89.4350375, 30.026283 ], [ -89.4251177, 30.02816510000001 ], [ -89.423545399999981, 30.031102 ], [ -89.4251177, 30.032662 ], [ -89.438489799999985, 30.0397891 ], [ -89.4377591, 30.0516987 ], [ -89.441271399999977, 30.0561773 ], [ -89.449904499999988, 30.0591249 ], [ -89.4594409, 30.0623808 ], [ -89.4814029, 30.074672599999989 ], [ -89.4898294, 30.0711553 ], [ -89.494212, 30.0639469 ], [ -89.4963635, 30.0371652 ], [ -89.553132299999987, 30.0026618 ], [ -89.5763552, 29.9915218 ], [ -89.571757, 29.9663355 ], [ -89.579333100000014, 29.9489421 ], [ -89.582257599999977, 29.932076 ], [ -89.5913953, 29.9152293 ], [ -89.5942289, 29.8869447 ], [ -89.611687299999986, 29.871609699999986 ], [ -89.6238264, 29.8680123 ], [ -89.637592199999986, 29.8639326 ], [ -89.6395256, 29.8638301 ], [ -89.6601799, 29.8631493 ], [ -89.703481699999983, 29.8751284 ], [ -89.7433106, 29.9094117 ], [ -89.7458411, 29.931439499999989 ], [ -89.7409844, 29.936417 ], [ -89.7185011, 29.9454239 ], [ -89.723021, 29.9531185 ], [ -89.732331899999977, 29.9553496 ], [ -89.751333699999989, 29.9448006 ], [ -89.791931599999984, 29.933969699999988 ], [ -89.8235054, 29.937435899999986 ], [ -89.8410248, 29.952028599999984 ], [ -89.8520536, 29.9794452 ], [ -89.857453400000011, 30.0016934 ], [ -89.837069700000015, 30.0287331 ], [ -89.813828699999988, 30.0446037 ], [ -89.767272099999985, 30.0444222 ], [ -89.751440399999979, 30.037257 ], [ -89.734081, 30.0246474 ], [ -89.722853399999977, 30.024833699999988 ], [ -89.7205778, 30.029174 ], [ -89.7292572, 30.0471973 ], [ -89.727091399999978, 30.0602583 ], [ -89.718833099999983, 30.0667373 ], [ -89.6974563, 30.071532800000011 ], [ -89.6864809, 30.0765318 ], [ -89.677478599999986, 30.1066659 ], [ -89.6575588, 30.119602 ], [ -89.6395256, 30.141492899999985 ], [ -89.637592199999986, 30.143127199999988 ], [ -89.6220699, 30.1548375 ], [ -89.612642399999984, 30.155481199999983 ], [ -89.5942299, 30.1511663 ], [ -89.585523899999984, 30.1523924 ], [ -89.576164799999987, 30.1585832 ], [ -89.5700696, 30.169595199999989 ], [ -89.562991099999977, 30.1761863 ], [ -89.5539334, 30.1799378 ], [ -89.534051499999975, 30.182213199999985 ], [ -89.530800099999979, 30.191214 ], [ -89.5189662, 30.1839808 ], [ -89.499933099999978, 30.183340799999989 ], [ -89.481228399999978, 30.1926485 ], [ -89.4682939, 30.1927678 ], [ -89.461144300000015, 30.1872905 ], [ -89.4623199, 30.1780978 ], [ -89.458423, 30.178563900000018 ], [ -89.449904499999988, 30.1857119 ], [ -89.447049099999987, 30.1881079 ], [ -89.4483328, 30.199627799999988 ], [ -89.446110100000013, 30.2064402 ], [ -89.4251177, 30.2269237 ], [ -89.4220355, 30.229930899999985 ], [ -89.4238379, 30.242262 ], [ -89.421931699999988, 30.2467497 ], [ -89.4194084, 30.2495132 ], [ -89.4111643, 30.2579085 ], [ -89.382319, 30.2704171 ], [ -89.361494599999986, 30.2863622 ], [ -89.3278417, 30.3032619 ], [ -89.2936666, 30.3051723 ], [ -89.274218799999986, 30.306259299999983 ], [ -89.169481299999987, 30.3374263 ], [ -89.111614, 30.357259299999988 ], [ -89.0934794, 30.3571876 ], [ -89.0856426, 30.363922199999976 ], [ -89.071294399999985, 30.370263799999986 ], [ -89.006023399999975, 30.385636 ], [ -88.9178861, 30.3929756 ], [ -88.8664434, 30.3918078 ], [ -88.833378299999978, 30.4029991 ], [ -88.817907099999985, 30.3966789 ], [ -88.8012437, 30.3812358 ], [ -88.753750099999976, 30.3533275 ], [ -88.7290692, 30.3455066 ], [ -88.7065688, 30.3456098 ], [ -88.703069, 30.3456716 ], [ -88.6706716, 30.3588986 ], [ -88.638058699999988, 30.3624658 ], [ -88.6143517, 30.369325899999989 ], [ -88.610616, 30.3631583 ], [ -88.6108151, 30.357053499999985 ], [ -88.6071258, 30.3553339 ], [ -88.6053887, 30.3584121 ], [ -88.60862419999998, 30.370036299999988 ], [ -88.602722899999975, 30.372032 ], [ -88.588005899999985, 30.3647891 ], [ -88.5732437, 30.347010799999985 ], [ -88.513730099999989, 30.338734 ], [ -88.5017795, 30.3247327 ], [ -88.483200299999979, 30.3220582 ], [ -88.4560751, 30.3335469 ], [ -88.446296, 30.349902 ], [ -88.438356599999977, 30.3559088 ], [ -88.4129891, 30.3557616 ], [ -88.407275, 30.350433099999986 ], [ -88.401100099999979, 30.3530386 ], [ -88.400214, 30.363878 ], [ -88.407299199999983, 30.3767731 ], [ -88.4055492, 30.382856199999985 ], [ -88.3828722, 30.3878468 ], [ -88.346652699999979, 30.4028224 ], [ -88.3361017, 30.4012962 ], [ -88.321068599999975, 30.393911400000015 ], [ -88.308281, 30.3767514 ], [ -88.2970036, 30.3837001 ], [ -88.28481739999998, 30.3853749 ], [ -88.2515539, 30.3788575 ], [ -88.2102066, 30.363800899999987 ], [ -88.19327819999998, 30.3618853 ], [ -88.190178, 30.3485495 ], [ -88.1944347, 30.3342074 ], [ -88.192051499999977, 30.3243407 ], [ -88.1872775, 30.322524099999988 ], [ -88.167396700000012, 30.326130100000011 ], [ -88.1382926, 30.3434013 ], [ -88.125299199999986, 30.3460511 ], [ -88.1147357, 30.361400299999989 ], [ -88.108014599999976, 30.3812149 ], [ -88.1046269, 30.416727599999987 ], [ -88.106773, 30.446872100000011 ], [ -88.106896499999976, 30.4486054 ], [ -88.0996122, 30.4719367 ], [ -88.10175959999998, 30.498668399999989 ], [ -88.097884, 30.516809 ], [ -88.1040536, 30.5267969 ], [ -88.092415099999982, 30.528337199999982 ], [ -88.0851744, 30.5341109 ], [ -88.0826655, 30.5456554 ], [ -88.0832244, 30.5671638 ], [ -88.066062, 30.5887761 ], [ -88.0578446, 30.6086366 ], [ -88.0549158, 30.6511022 ], [ -88.0489161, 30.6554218 ], [ -88.0430304, 30.652922900000011 ], [ -88.037588, 30.6538166 ], [ -88.019545399999984, 30.6760009 ], [ -88.0043708, 30.6813151 ], [ -87.973616299999975, 30.6755129 ], [ -87.9582823, 30.6722084 ], [ -87.9596024, 30.663669 ], [ -87.954309499999979, 30.666337299999988 ], [ -87.9496137, 30.661084 ], [ -87.931758, 30.6508784 ], [ -87.9191623, 30.6304766 ], [ -87.914424, 30.614529 ], [ -87.9129928, 30.588851099999989 ], [ -87.905313499999977, 30.5661094 ], [ -87.9037597, 30.550751699999985 ], [ -87.911387399999981, 30.526390099999983 ], [ -87.931037, 30.4850269 ], [ -87.9196342, 30.4642799 ], [ -87.9051964, 30.4136977 ], [ -87.896207199999978, 30.4041603 ], [ -87.8730933, 30.389442599999988 ], [ -87.840321, 30.373607399999987 ], [ -87.8179536, 30.3431303 ], [ -87.802237800000015, 30.3289371 ], [ -87.769104199999987, 30.306051299999986 ], [ -87.7595089, 30.293611599999988 ], [ -87.758072599999977, 30.2845328 ], [ -87.770327099999989, 30.2642158 ], [ -87.791153599999987, 30.255495499999988 ], [ -87.822029, 30.2524323 ], [ -87.8630498, 30.2410661 ], [ -87.8851579, 30.240342099999978 ], [ -87.908883300000014, 30.2454869 ], [ -87.92570139999998, 30.2542866 ], [ -87.9394331, 30.2570552 ], [ -87.949257699999976, 30.251628299999982 ], [ -87.9597954, 30.2382991 ], [ -87.973616299999975, 30.2357649 ], [ -88.015092099999976, 30.229276799999987 ], [ -87.973616299999975, 30.2294851 ], [ -87.9348048, 30.2307505 ], [ -87.8354387, 30.228217 ], [ -87.7895359, 30.2319098 ], [ -87.657709499999982, 30.25035789999998 ], [ -87.6022443, 30.2634081 ], [ -87.417334199999985, 30.298181299999989 ], [ -87.336094499999987, 30.3160705 ], [ -87.306914499999976, 30.3253038 ], [ -87.2595141, 30.3174494 ], [ -87.17023589999998, 30.325840399999976 ], [ -86.841842299999982, 30.381935 ], [ -86.7323616, 30.3926781 ], [ -86.621036599999982, 30.3956754 ], [ -86.5033584, 30.3831753 ], [ -86.417789900000017, 30.3803783 ], [ -86.2823956, 30.3585959 ], [ -86.0881351, 30.3026177 ], [ -85.9529646, 30.2507476 ], [ -85.8884422, 30.220052400000011 ], [ -85.7939574, 30.1671348 ], [ -85.701100599999975, 30.100932799999988 ], [ -85.6134576, 30.059259499999985 ], [ -85.5846514, 30.0416546 ], [ -85.5807025, 30.0416698 ], [ -85.5777562, 30.0462946 ], [ -85.568816499999983, 30.0431801 ], [ -85.49396059999998, 29.9829965 ], [ -85.4848054, 29.9692907 ], [ -85.5006033, 29.9735243 ], [ -85.497621099999975, 29.9671837 ], [ -85.484953799999985, 29.9614901 ], [ -85.426087899999985, 29.9474174 ], [ -85.4047049, 29.936122 ], [ -85.3632682, 29.8951564 ], [ -85.3393089, 29.8562522 ], [ -85.3177466, 29.83411 ], [ -85.304876399999984, 29.8014162 ], [ -85.306179500000013, 29.7213755 ], [ -85.3107893, 29.7015236 ], [ -85.3194246, 29.689814 ], [ -85.3639162, 29.6879775 ], [ -85.383605399999979, 29.7217073 ], [ -85.394031099999978, 29.753108 ], [ -85.3983396, 29.755077 ], [ -85.3930978, 29.732245899999985 ], [ -85.377858, 29.698894099999986 ], [ -85.3650151, 29.68077 ], [ -85.350965, 29.6726174 ], [ -85.300213, 29.6822186 ], [ -85.241067, 29.679798 ], [ -85.238419100000016, 29.681159599999987 ], [ -85.2411034, 29.6850111 ], [ -85.239487, 29.6867881 ], [ -85.2095147, 29.6938248 ], [ -85.108026, 29.7168759 ], [ -85.0715415, 29.7175855 ], [ -85.0206506, 29.7111397 ], [ -85.0046542, 29.712963499999983 ], [ -84.959567, 29.726727799999988 ], [ -84.917008599999988, 29.7328041 ], [ -84.9033365, 29.7323717 ], [ -84.8878129, 29.7272303 ], [ -84.8646431, 29.743328399999989 ], [ -84.7574201, 29.7884614 ], [ -84.7025886, 29.8228409 ], [ -84.6811279, 29.830705699999989 ], [ -84.6704277, 29.8380819 ], [ -84.6361155, 29.854005 ], [ -84.5950313, 29.8800358 ], [ -84.524662699999979, 29.9122577 ], [ -84.5076214, 29.91489760000001 ], [ -84.4900065, 29.9131063 ], [ -84.467103299999977, 29.9240764 ], [ -84.4412634, 29.9279298 ], [ -84.39890960000001, 29.921011699999983 ], [ -84.378435799999977, 29.915198599999989 ], [ -84.3604574, 29.905296499999988 ], [ -84.360514, 29.898797 ], [ -84.350092099999983, 29.899541 ], [ -84.339889399999976, 29.908034399999988 ], [ -84.33541, 29.919731 ], [ -84.342659799999979, 29.9465191 ], [ -84.3890883, 29.960308 ], [ -84.4335177, 29.961812 ], [ -84.4408401, 29.970697 ], [ -84.440828899999985, 29.974379 ], [ -84.431668499999986, 29.9901482 ], [ -84.4167453, 29.9844652 ], [ -84.379516900000013, 29.9793461 ], [ -84.358982699999984, 29.9723426 ], [ -84.3460175, 29.9736605 ], [ -84.346127199999984, 29.978758899999985 ], [ -84.3571345, 29.9842878 ], [ -84.3627402, 29.999479 ], [ -84.3680155, 30.0055635 ], [ -84.373170899999977, 30.004643 ], [ -84.3747819, 29.9926485 ], [ -84.3783667, 29.994748099999985 ], [ -84.3827935, 30.005921 ], [ -84.3829862, 30.0303608 ], [ -84.3785287, 30.0309553 ], [ -84.3720806, 30.0209114 ], [ -84.366312, 30.0201485 ], [ -84.3583165, 30.0583356 ], [ -84.344662, 30.0657064 ], [ -84.3394314, 30.073483099999979 ], [ -84.315240199999977, 30.071989 ], [ -84.2928299, 30.0605949 ], [ -84.275536399999979, 30.0663521 ], [ -84.272176099999982, 30.0725888 ], [ -84.2721733, 30.09217 ], [ -84.2647409, 30.1056089 ], [ -84.247725599999981, 30.102557499999982 ], [ -84.2359873, 30.090880199999987 ], [ -84.2169616, 30.0935694 ], [ -84.206326099999984, 30.0892139 ], [ -84.204368399999979, 30.0922893 ], [ -84.207737799999975, 30.1032474 ], [ -84.205064599999986, 30.108098499999986 ], [ -84.2004707, 30.108726 ], [ -84.1862061, 30.0973465 ], [ -84.1753566, 30.096758499999979 ], [ -84.178752500000016, 30.078407 ], [ -84.175609799999975, 30.0743771 ], [ -84.168902, 30.0730021 ], [ -84.14214149999998, 30.0801228 ], [ -84.1316333, 30.0892514 ], [ -84.124900700000012, 30.0879476 ], [ -84.110786099999984, 30.0918807 ], [ -84.085713599999977, 30.093160599999987 ], [ -84.057154, 30.100711099999984 ], [ -84.002211599999981, 30.1015739 ], [ -83.996914, 30.091340099999989 ], [ -83.988676399999989, 30.0856946 ], [ -83.9825779, 30.076400699999986 ], [ -83.9539077, 30.060504399999989 ], [ -83.9158509, 30.032063799999989 ], [ -83.8580312, 30.0060881 ], [ -83.8506004, 30.0009778 ], [ -83.8271611, 29.9848563 ], [ -83.8054957, 29.9789442 ], [ -83.780779099999975, 29.9763984 ], [ -83.758787, 29.9612929 ], [ -83.742679199999984, 29.956129399999984 ], [ -83.7229729, 29.9403089 ], [ -83.682990799999985, 29.9216207 ], [ -83.6720356, 29.9093854 ], [ -83.641325, 29.8870868 ], [ -83.617831699999982, 29.8451538 ], [ -83.6004879, 29.834350199999985 ], [ -83.589641199999988, 29.8207159 ], [ -83.586228499999976, 29.8088297 ], [ -83.5794531, 29.796837 ], [ -83.576153, 29.7909952 ], [ -83.5794531, 29.7793814 ], [ -83.5794531, 29.7751044 ], [ -83.5550007, 29.747245799999988 ], [ -83.5444893, 29.7310423 ], [ -83.4991568, 29.7125571 ], [ -83.4779528, 29.6902465 ], [ -83.4575715, 29.6794593 ], [ -83.405365299999985, 29.6700329 ], [ -83.4080133, 29.6588693 ], [ -83.40168749999998, 29.638321599999976 ], [ -83.3984223, 29.6056653 ], [ -83.404118699999984, 29.5851201 ], [ -83.3991458, 29.5621317 ], [ -83.400279799999979, 29.5445376 ], [ -83.3948724, 29.5201417 ], [ -83.374372099999988, 29.506 ], [ -83.356651199999988, 29.498541 ], [ -83.3286711, 29.4781319 ], [ -83.3123206, 29.4707404 ], [ -83.2906203, 29.4418416 ], [ -83.254888, 29.4442049 ], [ -83.2350008, 29.4372125 ], [ -83.2250309, 29.4257664 ], [ -83.214140499999985, 29.4197016 ], [ -83.198103899999978, 29.3830068 ], [ -83.186262499999984, 29.3679652 ], [ -83.177045899999982, 29.3642722 ], [ -83.1758952, 29.3630743 ], [ -83.177045899999982, 29.3582043 ], [ -83.178576799999988, 29.3520307 ], [ -83.177045899999982, 29.3508936 ], [ -83.1708027, 29.3456794 ], [ -83.1678746, 29.3325695 ], [ -83.1611253, 29.3243849 ], [ -83.1681927, 29.311791399999983 ], [ -83.1675673, 29.3051465 ], [ -83.1581127, 29.3018106 ], [ -83.15097, 29.2921982 ], [ -83.112404099999978, 29.2758363 ], [ -83.0930631, 29.2736849 ], [ -83.080299599999989, 29.2629437 ], [ -83.064829099999983, 29.2398179 ], [ -83.071592399999986, 29.2232847 ], [ -83.066374299999978, 29.2143841 ], [ -83.0668395, 29.196320299999986 ], [ -83.057421099999985, 29.1821338 ], [ -83.0235449, 29.1706399 ], [ -83.0033299, 29.1719777 ], [ -82.9878416, 29.1783731 ], [ -82.97193369999998, 29.1752374 ], [ -82.959751699999984, 29.179911499999985 ], [ -82.9538129, 29.1736084 ], [ -82.9465654, 29.1722907 ], [ -82.9437701, 29.1798065 ], [ -82.9365743, 29.1806847 ], [ -82.931131, 29.1791738 ], [ -82.923218599999984, 29.170627099999987 ], [ -82.8880618, 29.1644845 ], [ -82.852771699999977, 29.1634819 ], [ -82.8340825, 29.1600972 ], [ -82.806771, 29.1636331 ], [ -82.802756199999976, 29.126654 ], [ -82.7931574, 29.108449899999989 ], [ -82.807376599999984, 29.0806966 ], [ -82.777862, 29.0778665 ], [ -82.7707554, 29.0658453 ], [ -82.7544291, 29.0555527 ], [ -82.743457299999989, 29.0282581 ], [ -82.749544899999975, 29.023318 ], [ -82.755301099999983, 29.0007977 ], [ -82.7367625, 28.992966 ], [ -82.734551, 28.9813955 ], [ -82.721217600000017, 28.952606399999983 ], [ -82.69708820000001, 28.9315191 ], [ -82.678673899999978, 28.9212907 ], [ -82.6812845, 28.9088092 ], [ -82.6667513, 28.9040376 ], [ -82.6625226, 28.8982197 ], [ -82.6533792, 28.8983907 ], [ -82.6464082, 28.892516499999985 ], [ -82.653625299999987, 28.8809417 ], [ -82.6478615, 28.8597526 ], [ -82.6508764, 28.8519361 ], [ -82.656758499999981, 28.8520965 ], [ -82.664886, 28.8593016 ], [ -82.6834523, 28.8660024 ], [ -82.695937, 28.8615613 ], [ -82.7122934, 28.860295599999983 ], [ -82.722899399999989, 28.8476004 ], [ -82.7173943, 28.8334875 ], [ -82.706981499999983, 28.8271307 ], [ -82.7050876, 28.8202225 ], [ -82.6888384, 28.8118488 ], [ -82.6823183, 28.789039899999988 ], [ -82.6882447, 28.774555099999986 ], [ -82.6851864, 28.766955499999987 ], [ -82.679343, 28.762866099999986 ], [ -82.663652099999979, 28.760424099999987 ], [ -82.654494899999989, 28.752748 ], [ -82.6539126, 28.7432655 ], [ -82.66547, 28.736402 ], [ -82.669605599999983, 28.7289743 ], [ -82.663725599999978, 28.7176409 ], [ -82.637585199999975, 28.6946975 ], [ -82.661613, 28.6546932 ], [ -82.660674799999981, 28.6367169 ], [ -82.652106599999982, 28.6218291 ], [ -82.6525132, 28.6062759 ], [ -82.6436524, 28.5870348 ], [ -82.649116, 28.5739217 ], [ -82.651897399999982, 28.537596799999985 ], [ -82.6602905, 28.525725 ], [ -82.661194900000012, 28.5148818 ], [ -82.668093699999986, 28.501643899999983 ], [ -82.668692499999977, 28.4801578 ], [ -82.6761695, 28.465411 ], [ -82.6703925, 28.4526472 ], [ -82.670593499999981, 28.4411768 ], [ -82.675661300000016, 28.4317501 ], [ -82.6896087, 28.4196634 ], [ -82.690283399999984, 28.4096842 ], [ -82.702265, 28.3948375 ], [ -82.7063816, 28.3730801 ], [ -82.730893099999989, 28.3179044 ], [ -82.732133699999977, 28.302716099999984 ], [ -82.7286937, 28.2911542 ], [ -82.734535499999978, 28.276229 ], [ -82.7418873, 28.2680792 ], [ -82.750041, 28.2488557 ], [ -82.7583064, 28.2380022 ], [ -82.759143, 28.2241129 ], [ -82.7811726, 28.2035069 ], [ -82.79264, 28.1869465 ], [ -82.7908346, 28.1784513 ], [ -82.7829236, 28.1684463 ], [ -82.7906365, 28.1672158 ], [ -82.79292719999998, 28.1643723 ], [ -82.778558499999988, 28.112177 ], [ -82.781384, 28.093442299999985 ], [ -82.778228599999977, 28.0736961 ], [ -82.7874518, 28.0463958 ], [ -82.794301899999979, 28.0008137 ], [ -82.804459299999976, 27.9632738 ], [ -82.8297991, 27.906709 ], [ -82.8369412, 27.8992163 ], [ -82.840535399999979, 27.913770599999989 ], [ -82.8334019, 27.9455428 ], [ -82.8351858, 27.9442011 ], [ -82.843444499999976, 27.923854 ], [ -82.8496884, 27.874522799999983 ], [ -82.8458219, 27.8558075 ], [ -82.829989199999986, 27.8267412 ], [ -82.7906178, 27.7928579 ], [ -82.785104299999986, 27.792761899999984 ], [ -82.785863699999979, 27.797926799999988 ], [ -82.811077499999982, 27.8138092 ], [ -82.818583799999985, 27.821303699999984 ], [ -82.822384699999986, 27.8306513 ], [ -82.8128204, 27.8292812 ], [ -82.793849, 27.8125176 ], [ -82.779409299999983, 27.8066406 ], [ -82.7702318, 27.812367 ], [ -82.765298099999981, 27.822643899999985 ], [ -82.7591512, 27.822703499999989 ], [ -82.759063399999988, 27.8072691 ], [ -82.7512357, 27.771665499999987 ], [ -82.7541615, 27.769112699999987 ], [ -82.7582314, 27.7699507 ], [ -82.768695299999976, 27.7835853 ], [ -82.7771317, 27.7755982 ], [ -82.7481971, 27.7287865 ], [ -82.7358975, 27.6999668 ], [ -82.7307317, 27.7039664 ], [ -82.730198899999976, 27.7231576 ], [ -82.7382096, 27.730099699999986 ], [ -82.747446899999986, 27.7461218 ], [ -82.7469507, 27.7533859 ], [ -82.696861399999989, 27.7338621 ], [ -82.698755, 27.724161899999988 ], [ -82.7135918, 27.7146504 ], [ -82.7152644, 27.7089957 ], [ -82.6983272, 27.710907 ], [ -82.674645499999983, 27.702204299999988 ], [ -82.6502013, 27.7036029 ], [ -82.6382, 27.7101697 ], [ -82.628626699999984, 27.72763770000001 ], [ -82.6317989, 27.7397756 ], [ -82.6281575, 27.747686199999986 ], [ -82.6296082, 27.7569642 ], [ -82.626607099999987, 27.779134 ], [ -82.6204335, 27.7874683 ], [ -82.608606, 27.796296699999985 ], [ -82.5935451, 27.8157699 ], [ -82.595544299999986, 27.821452 ], [ -82.604889899999975, 27.8294 ], [ -82.6070812, 27.8371306 ], [ -82.6030393, 27.8372294 ], [ -82.594694199999978, 27.8306553 ], [ -82.5915201, 27.836944 ], [ -82.5995889, 27.8606751 ], [ -82.6219263, 27.882194399999985 ], [ -82.641137899999976, 27.891707 ], [ -82.6571128, 27.9079818 ], [ -82.6824252, 27.91573 ], [ -82.719893, 27.9398191 ], [ -82.718961299999975, 27.9520067 ], [ -82.702133599999982, 27.9659735 ], [ -82.68102829999998, 28.0008911 ], [ -82.6887307, 28.0316644 ], [ -82.6703068, 28.0268633 ], [ -82.6611092, 28.0071671 ], [ -82.647288199999977, 28.016519099999986 ], [ -82.632090399999981, 28.0074717 ], [ -82.6207833, 28.0072357 ], [ -82.6151859, 27.9945963 ], [ -82.605494299999975, 27.986080099999985 ], [ -82.577612299999984, 27.9752922 ], [ -82.5485988, 27.9572703 ], [ -82.532062499999981, 27.9247512 ], [ -82.5331333, 27.902563 ], [ -82.5370586, 27.889929 ], [ -82.534136, 27.8767241 ], [ -82.5500792, 27.8552179 ], [ -82.5268043, 27.8344435 ], [ -82.518706, 27.8314061 ], [ -82.4898041, 27.8238307 ], [ -82.4762269, 27.82565619999998 ], [ -82.471879, 27.840542 ], [ -82.485336499999988, 27.8651067 ], [ -82.483097599999979, 27.8849731 ], [ -82.487411099999989, 27.9008337 ], [ -82.4863292, 27.9175022 ], [ -82.464702499999987, 27.9319293 ], [ -82.4577525, 27.9144366 ], [ -82.4498845, 27.9150883 ], [ -82.4453838, 27.9236248 ], [ -82.433652699999982, 27.9122057 ], [ -82.4310117, 27.916843 ], [ -82.4322406, 27.9315185 ], [ -82.4292371, 27.9410349 ], [ -82.4165258, 27.94930669999998 ], [ -82.409256, 27.9471583 ], [ -82.40854779999998, 27.9441195 ], [ -82.4273511, 27.9038937 ], [ -82.4130293, 27.895915599999988 ], [ -82.405155599999986, 27.8854485 ], [ -82.3922178, 27.821676499999988 ], [ -82.4056299, 27.8093303 ], [ -82.41052879999998, 27.7921519 ], [ -82.424731199999982, 27.783971899999987 ], [ -82.434181, 27.7676181 ], [ -82.473420599999983, 27.7437369 ], [ -82.4774381, 27.725778 ], [ -82.476216099999988, 27.713844099999989 ], [ -82.5120106, 27.701743299999986 ], [ -82.518706, 27.6932044 ], [ -82.5401367, 27.6657165 ], [ -82.560752499999978, 27.632808399999988 ], [ -82.5631426, 27.617718299999989 ], [ -82.556816, 27.604533 ], [ -82.576283099999984, 27.5989559 ], [ -82.5983498, 27.5821188 ], [ -82.5946135, 27.5731901 ], [ -82.596020099999976, 27.569096499999979 ], [ -82.6046892, 27.5647209 ], [ -82.616253599999979, 27.5635046 ], [ -82.624355399999985, 27.5551469 ], [ -82.6206168, 27.5528074 ], [ -82.6088624, 27.5540875 ], [ -82.571803, 27.5690521 ], [ -82.576209800000015, 27.5510818 ], [ -82.6014571, 27.532052 ], [ -82.6167504, 27.5376587 ], [ -82.6286235, 27.5369859 ], [ -82.633012400000013, 27.5344237 ], [ -82.602117, 27.5188204 ], [ -82.5641142, 27.5115398 ], [ -82.537361, 27.513610899999986 ], [ -82.518706, 27.520727799999989 ], [ -82.501252599999987, 27.5277038 ], [ -82.472960899999975, 27.529010499999984 ], [ -82.4700822, 27.52493549999998 ], [ -82.4757658, 27.5178945 ], [ -82.485183899999981, 27.515392799999987 ], [ -82.498611299999979, 27.518841699999989 ], [ -82.5160876, 27.5049681 ], [ -82.5117422, 27.4946622 ], [ -82.498499899999985, 27.4825517 ], [ -82.4971486, 27.4774442 ], [ -82.517276699999982, 27.4854921 ], [ -82.518706, 27.4866663 ], [ -82.5350362, 27.500080799999989 ], [ -82.5881606, 27.5014934 ], [ -82.648781299999982, 27.5209232 ], [ -82.6688895, 27.517072799999987 ], [ -82.67402509999998, 27.5079221 ], [ -82.682878499999987, 27.5035184 ], [ -82.684210899999982, 27.4959738 ], [ -82.6815801, 27.490427699999987 ], [ -82.6762833, 27.4892351 ], [ -82.6677037, 27.4912396 ], [ -82.6539262, 27.4995527 ], [ -82.648704899999984, 27.4992654 ], [ -82.64452, 27.490353699999989 ], [ -82.6472342, 27.4732389 ], [ -82.6586528, 27.4689636 ], [ -82.6819966, 27.474704399999986 ], [ -82.685272599999976, 27.4703399 ], [ -82.664244299999979, 27.4554146 ], [ -82.6562138, 27.4464492 ], [ -82.6199635, 27.4293198 ], [ -82.5926572, 27.420012399999987 ], [ -82.57331809999998, 27.4013299 ], [ -82.55229940000001, 27.3517183 ], [ -82.5493811, 27.3360734 ], [ -82.5432286, 27.3264971 ], [ -82.5406513, 27.3102064 ], [ -82.5428338, 27.2834852 ], [ -82.5463824, 27.282604 ], [ -82.549481699999987, 27.2853541 ], [ -82.551214899999977, 27.2988349 ], [ -82.55454229999998, 27.3011527 ], [ -82.5647058, 27.2746473 ], [ -82.539536900000016, 27.252145299999984 ], [ -82.518706, 27.224209 ], [ -82.5135034, 27.2191853 ], [ -82.518706, 27.2390265 ], [ -82.518706, 27.242645099999983 ], [ -82.5080347, 27.232359 ], [ -82.493190299999981, 27.1924554 ], [ -82.4926678, 27.1896775 ], [ -82.4882069, 27.1677138 ], [ -82.4735086, 27.145869299999987 ], [ -82.4699036, 27.12334 ], [ -82.453432799999987, 27.1122388 ], [ -82.4607927, 27.103842899999989 ], [ -82.445798599999975, 27.0639801 ], [ -82.4133442, 27.0135421 ], [ -82.3672374, 26.9630658 ], [ -82.352378799999983, 26.9399178 ], [ -82.340121799999977, 26.9275873 ], [ -82.319135099999983, 26.8940223 ], [ -82.318189599999982, 26.8823438 ], [ -82.324333, 26.883433199999988 ], [ -82.334027499999976, 26.891171 ], [ -82.334245899999985, 26.8857265 ], [ -82.290940899999981, 26.8317094 ], [ -82.288805599999975, 26.838174799999987 ], [ -82.284389299999987, 26.8404318 ], [ -82.256944899999979, 26.825659399999989 ], [ -82.2467264, 26.8238843 ], [ -82.239829199999988, 26.8085382 ], [ -82.215362399999975, 26.8094106 ], [ -82.209265299999984, 26.8022553 ], [ -82.197114199999987, 26.7983644 ], [ -82.190198299999977, 26.792350199999987 ], [ -82.1847736, 26.797171499999987 ], [ -82.1749349, 26.8159534 ], [ -82.166560300000015, 26.819653 ], [ -82.1646062, 26.8157928 ], [ -82.1698655, 26.798991299999987 ], [ -82.166791, 26.7888435 ], [ -82.158664, 26.786111099999989 ], [ -82.151506499999982, 26.7960373 ], [ -82.1581249, 26.856568 ], [ -82.1836756, 26.9299722 ], [ -82.2080452, 26.9510603 ], [ -82.2325631, 26.9641536 ], [ -82.252978299999981, 26.9936203 ], [ -82.2655953, 27.004836 ], [ -82.2661355, 27.009581 ], [ -82.2494953, 27.0064154 ], [ -82.2396622, 27.000539799999988 ], [ -82.2303989, 26.9869279 ], [ -82.226766499999982, 26.9731111 ], [ -82.2172748, 26.966061499999988 ], [ -82.2010945, 26.965261099999989 ], [ -82.190373899999983, 26.9754412 ], [ -82.1842668, 26.9754755 ], [ -82.1807438, 26.9701807 ], [ -82.178369899999979, 26.956072199999987 ], [ -82.166663199999988, 26.938581199999987 ], [ -82.1576619, 26.9301088 ], [ -82.149613799999983, 26.9269606 ], [ -82.1426346, 26.92838 ], [ -82.142270399999987, 26.935280299999985 ], [ -82.1284653, 26.940628199999988 ], [ -82.1121511, 26.9584967 ], [ -82.094154, 26.9560413 ], [ -82.0648942, 26.9562917 ], [ -82.0483105, 26.9654774 ], [ -82.013984499999978, 26.9727021 ], [ -81.9940917, 26.9818353 ], [ -81.9920163, 26.968848099999985 ], [ -82.002321799999976, 26.9573823 ], [ -82.0434472, 26.942937499999989 ], [ -82.065288199999983, 26.928173899999987 ], [ -82.084401899999989, 26.9245903 ], [ -82.094293899999983, 26.9125 ], [ -82.0938542, 26.9035237 ], [ -82.0892841, 26.8931699 ], [ -82.06483369999998, 26.880468 ], [ -82.0596791, 26.874047299999987 ], [ -82.0569876, 26.8631521 ], [ -82.058011499999978, 26.8402295 ], [ -82.0545531, 26.8267685 ], [ -82.0559342, 26.811930099999984 ], [ -82.0537821, 26.8021872 ], [ -82.060822199999976, 26.7858387 ], [ -82.0649389, 26.752932399999985 ], [ -82.0764568, 26.7203195 ], [ -82.077035299999977, 26.6995231 ], [ -82.081898399999986, 26.6814129 ], [ -82.0764515, 26.662222399999983 ], [ -82.0644935, 26.644400199999986 ], [ -82.0635751, 26.637294 ], [ -82.0570732, 26.6299929 ], [ -82.047144299999985, 26.605366399999987 ], [ -82.0491548, 26.5826985 ], [ -82.058662899999987, 26.5667848 ], [ -82.058904599999977, 26.5605553 ], [ -82.0540649, 26.5479404 ], [ -82.0469505, 26.54007 ], [ -82.036193699999984, 26.5338391 ], [ -82.023151699999985, 26.5179304 ], [ -82.0004882, 26.500634 ], [ -82.000245, 26.4958989 ], [ -82.007101, 26.4907024 ], [ -82.007062599999983, 26.4873289 ], [ -81.96627789999998, 26.4735261 ], [ -81.9589108, 26.4639963 ], [ -81.9590838, 26.456223 ], [ -81.9188597, 26.4322215 ], [ -81.8970253, 26.4074542 ], [ -81.8844251, 26.4007181 ], [ -81.865718799999982, 26.3724105 ], [ -81.8409202, 26.315743799999986 ], [ -81.8318529, 26.2947203 ], [ -81.826658599999988, 26.2699415 ], [ -81.8210974, 26.2575821 ], [ -81.8203313, 26.2277124 ], [ -81.7999, 26.0913482 ], [ -81.7623288, 26.009273600000011 ], [ -81.7424275, 25.9841636 ], [ -81.7379461, 25.988535 ], [ -81.7431735, 25.9952251 ], [ -81.7486001, 26.0112107 ], [ -81.740248499999979, 26.0098651 ], [ -81.725309399999986, 25.9946211 ], [ -81.7312666, 25.9818646 ], [ -81.7305537, 25.9781378 ], [ -81.715895299999985, 25.982923799999988 ], [ -81.711862199999985, 25.9806547 ], [ -81.709698899999978, 25.972603 ], [ -81.698238199999977, 25.9756882 ], [ -81.6856789, 25.9703183 ], [ -81.6627486, 25.971151 ], [ -81.668932099999978, 25.961468899999986 ], [ -81.687033, 25.9625229 ], [ -81.6819319, 25.9530736 ], [ -81.691273299999978, 25.9489616 ], [ -81.7279653, 25.968342399999987 ], [ -81.7427004, 25.9647249 ], [ -81.746742899999987, 25.9512793 ], [ -81.7261705, 25.9139307 ], [ -81.7188712, 25.911103699999988 ], [ -81.702441199999981, 25.9129303 ], [ -81.6944759, 25.9260902 ], [ -81.687496399999986, 25.9299247 ], [ -81.680729599999978, 25.921973199999989 ], [ -81.6793513, 25.9065185 ], [ -81.6511382, 25.9019174 ], [ -81.644280499999979, 25.9124452 ], [ -81.6468121, 25.9316598 ], [ -81.623003, 25.940353599999984 ], [ -81.623149199999986, 25.9372248 ], [ -81.636007599999985, 25.9254102 ], [ -81.631681299999983, 25.9036097 ], [ -81.6273288, 25.9026507 ], [ -81.6221626, 25.9059255 ], [ -81.6096256, 25.926409599999989 ], [ -81.6040154, 25.9267248 ], [ -81.596176, 25.920583499999982 ], [ -81.58556609999998, 25.9172619 ], [ -81.5830336, 25.9139812 ], [ -81.5862497, 25.910948 ], [ -81.604953899999984, 25.910596899999987 ], [ -81.603673699999987, 25.90078 ], [ -81.588546099999988, 25.8957963 ], [ -81.586307, 25.8879251 ], [ -81.5716801, 25.8945394 ], [ -81.5654054, 25.8934364 ], [ -81.5590572, 25.882759699999983 ], [ -81.563036, 25.870653 ], [ -81.5622432, 25.8646068 ], [ -81.5568587, 25.8657265 ], [ -81.550773799999988, 25.8753266 ], [ -81.5460887, 25.8771715 ], [ -81.541950699999987, 25.8726107 ], [ -81.541262899999978, 25.861356599999986 ], [ -81.5320297, 25.8659456 ], [ -81.527282899999989, 25.8653956 ], [ -81.5160363, 25.8456312 ], [ -81.499720799999977, 25.838461799999987 ], [ -81.4966184, 25.8418967 ], [ -81.5038545, 25.8500439 ], [ -81.484580899999983, 25.8477746 ], [ -81.458462299999979, 25.8257644 ], [ -81.452647499999983, 25.829118799999989 ], [ -81.450784199999987, 25.8357194 ], [ -81.4348838, 25.8321627 ], [ -81.4296882, 25.8391742 ], [ -81.4252612, 25.8396372 ], [ -81.414769299999989, 25.8302893 ], [ -81.4297034, 25.822137 ], [ -81.4284492, 25.8173277 ], [ -81.420198899999988, 25.8088979 ], [ -81.3990878, 25.7992353 ], [ -81.390824599999988, 25.8057306 ], [ -81.3739779, 25.8042037 ], [ -81.372165099999975, 25.8065258 ], [ -81.3740046, 25.8111975 ], [ -81.390719599999983, 25.8191036 ], [ -81.40533689999998, 25.8354269 ], [ -81.424968499999977, 25.8511612 ], [ -81.4374872, 25.854381 ], [ -81.4537847, 25.852922299999989 ], [ -81.4689769, 25.8653776 ], [ -81.498921, 25.8724166 ], [ -81.518442099999987, 25.8860517 ], [ -81.5242204, 25.8935104 ], [ -81.5383967, 25.887587 ], [ -81.5471456, 25.8953292 ], [ -81.520497099999986, 25.902061 ], [ -81.5106454, 25.898349199999988 ], [ -81.4994514, 25.8883157 ], [ -81.4759859, 25.8864648 ], [ -81.44866279999998, 25.8682292 ], [ -81.4204592, 25.8638113 ], [ -81.402908, 25.856984099999988 ], [ -81.3491409, 25.8210126 ], [ -81.3393083, 25.7980591 ], [ -81.3318457, 25.7878342 ], [ -81.3385196, 25.7843575 ], [ -81.3466055, 25.791549799999988 ], [ -81.355829199999988, 25.7930067 ], [ -81.365259699999982, 25.787466699999989 ], [ -81.357729399999982, 25.780851899999988 ], [ -81.363669199999975, 25.775051499999986 ], [ -81.364531199999988, 25.7705494 ], [ -81.3477751, 25.7605079 ], [ -81.3478085, 25.7547622 ], [ -81.341218, 25.7415712 ], [ -81.33876930000001, 25.723268499999989 ], [ -81.3289857, 25.7146668 ], [ -81.3048226, 25.7016806 ], [ -81.287535799999986, 25.710174299999984 ], [ -81.277093199999982, 25.7039889 ], [ -81.263637799999984, 25.7003952 ], [ -81.2786889, 25.6886143 ], [ -81.2817141, 25.681205 ], [ -81.280521099999987, 25.6709152 ], [ -81.271784499999981, 25.6640801 ], [ -81.267691099999979, 25.649774199999989 ], [ -81.2502446, 25.6324808 ], [ -81.239425, 25.6067474 ], [ -81.2375705, 25.594568299999988 ], [ -81.2274353, 25.5788028 ], [ -81.2262731, 25.5642334 ], [ -81.2146399, 25.5555522 ], [ -81.1862165, 25.5530555 ], [ -81.204908799999984, 25.5258603 ], [ -81.20667539999998, 25.508588 ], [ -81.1842128, 25.4814326 ], [ -81.1643281, 25.4728029 ], [ -81.1651771, 25.4576242 ], [ -81.1636006, 25.4538305 ], [ -81.151530299999976, 25.4247814 ], [ -81.1466062, 25.3910801 ], [ -81.1391911, 25.3828599 ], [ -81.124407099999985, 25.3751324 ], [ -81.1136593, 25.3494484 ], [ -81.1167478, 25.343592899999987 ], [ -81.1338334, 25.3397568 ], [ -81.1447074, 25.3293568 ], [ -81.158014799999975, 25.295152 ], [ -81.1636006, 25.2731597 ], [ -81.165252, 25.266656899999983 ], [ -81.1687691, 25.2279049 ], [ -81.1636006, 25.2197244 ], [ -81.1412362, 25.1843216 ], [ -81.0951966, 25.154208 ], [ -81.088890600000013, 25.1441954 ], [ -81.093417199999976, 25.1422951 ], [ -81.1017206, 25.1449892 ], [ -81.1331103, 25.1665937 ], [ -81.134339799999978, 25.157417599999988 ], [ -81.115537899999978, 25.1472896 ], [ -81.0828254, 25.121392 ], [ -81.0448828, 25.1276941 ], [ -81.0006227, 25.1263455 ], [ -80.967458599999986, 25.133491599999989 ], [ -80.9118365, 25.140781399999987 ], [ -80.8944514, 25.1602834 ], [ -80.872758099999984, 25.171569 ], [ -80.846663199999981, 25.173940899999987 ], [ -80.8209748, 25.1657646 ], [ -80.8144736, 25.1690038 ], [ -80.805997499999975, 25.178782 ], [ -80.7982105, 25.1725024 ], [ -80.7968904, 25.1573656 ], [ -80.7841051, 25.1609706 ], [ -80.7727025, 25.15164189999998 ], [ -80.7674859, 25.156337199999989 ], [ -80.7620923, 25.1576252 ], [ -80.7426273, 25.1466809 ], [ -80.7358602, 25.1456597 ], [ -80.7317714, 25.1486299 ], [ -80.741315299999982, 25.158697099999987 ], [ -80.729296, 25.1608415 ], [ -80.716869399999979, 25.1511883 ], [ -80.7087076, 25.1372168 ], [ -80.6973223, 25.1589879 ], [ -80.6844347, 25.168840399999983 ], [ -80.66869, 25.1692588 ], [ -80.661096, 25.1657119 ], [ -80.6588019, 25.1615543 ], [ -80.6587059, 25.1570329 ], [ -80.6628842, 25.148846 ], [ -80.6589794, 25.147846299999987 ], [ -80.656344, 25.1484197 ], [ -80.6474316, 25.1710739 ], [ -80.657684899999978, 25.179652499999985 ], [ -80.6457528, 25.1908781 ], [ -80.6121062, 25.1992109 ], [ -80.597614499999978, 25.1926979 ], [ -80.5761033, 25.2089041 ], [ -80.569584100000014, 25.206975 ], [ -80.568146, 25.1996738 ], [ -80.5651714, 25.1978913 ], [ -80.555916399999987, 25.2088208 ], [ -80.5417917, 25.207947 ], [ -80.521193599999975, 25.217666099999988 ], [ -80.513750199999976, 25.2154521 ], [ -80.4985576, 25.204028499999986 ], [ -80.479383099999978, 25.2108381 ], [ -80.4626066, 25.2066698 ], [ -80.4459062, 25.191887 ], [ -80.4456692, 25.1834817 ], [ -80.4578432, 25.1653684 ], [ -80.459891, 25.1530038 ], [ -80.4576722, 25.1485775 ], [ -80.448641899999984, 25.1461722 ], [ -80.442141799999987, 25.13994109999998 ], [ -80.4447918, 25.1249674 ], [ -80.438739, 25.1164941 ], [ -80.4360828, 25.1052922 ], [ -80.450253, 25.0906423 ], [ -80.459803399999984, 25.0864207 ], [ -80.465984299999988, 25.07379 ], [ -80.499738899999983, 25.0414985 ], [ -80.517066499999984, 25.0160654 ], [ -80.5297207, 25.0152817 ], [ -80.540268799999978, 25.010894399999987 ], [ -80.560730400000011, 24.972198 ], [ -80.5700759, 24.9651439 ], [ -80.5904172, 24.9604531 ], [ -80.600537899999978, 24.9515667 ], [ -80.6080482, 24.9491875 ], [ -80.608812, 24.946243299999985 ], [ -80.6049401, 24.9450219 ], [ -80.5666352, 24.95883 ], [ -80.5351688, 24.9935394 ], [ -80.518480299999979, 25.0040681 ], [ -80.497702799999985, 25.0226772 ], [ -80.487655899999979, 25.043518599999988 ], [ -80.468012399999978, 25.0648271 ], [ -80.457300499999988, 25.0731609 ], [ -80.4412161, 25.080295799999984 ], [ -80.417296799999988, 25.1092531 ], [ -80.4127303, 25.1101159 ], [ -80.4106625, 25.1051983 ], [ -80.4011393, 25.108707199999987 ], [ -80.37798669999998, 25.131259799999988 ], [ -80.3572191, 25.1632139 ], [ -80.356966, 25.1648613 ], [ -80.364251299999978, 25.1691426 ], [ -80.3649175, 25.1731564 ], [ -80.3424628, 25.1996007 ], [ -80.288666, 25.2833439 ], [ -80.2750209, 25.3110311 ], [ -80.2597471, 25.3301488 ], [ -80.25701, 25.3401858 ], [ -80.2597575, 25.3518657 ], [ -80.272031299999981, 25.345551199999989 ], [ -80.293367799999984, 25.315254199999984 ], [ -80.316074200000017, 25.2960075 ], [ -80.3269291, 25.2896868 ], [ -80.343033499999976, 25.287944 ], [ -80.3539043, 25.2824013 ], [ -80.3527923, 25.2778288 ], [ -80.3372985, 25.2652895 ], [ -80.3338922, 25.2570573 ], [ -80.3371094, 25.2354021 ], [ -80.352440099999981, 25.2090676 ], [ -80.394466499999979, 25.1939549 ], [ -80.406050099999987, 25.1952337 ], [ -80.4139962, 25.2000027 ], [ -80.430095799999989, 25.2307886 ], [ -80.430227, 25.2452773 ], [ -80.4267316, 25.2578751 ], [ -80.4118642, 25.2707916 ], [ -80.4004794, 25.2706709 ], [ -80.3883139, 25.2850714 ], [ -80.37787419999998, 25.2906383 ], [ -80.3718444, 25.3184805 ], [ -80.361556199999981, 25.324985299999987 ], [ -80.3506898, 25.3240969 ], [ -80.345266799999976, 25.3261009 ], [ -80.3105267, 25.3781402 ], [ -80.310792899999981, 25.3855361 ], [ -80.31825689999998, 25.3914955 ], [ -80.3274065, 25.4046292 ], [ -80.3286072, 25.4192801 ], [ -80.325513199999989, 25.4367512 ], [ -80.336118899999988, 25.460824 ], [ -80.3399372, 25.4897972 ], [ -80.3293726, 25.5272593 ], [ -80.3140779, 25.5417556 ], [ -80.3068136, 25.5604978 ], [ -80.3073978, 25.595675 ], [ -80.3040274, 25.613109599999987 ], [ -80.2956458, 25.625629099999987 ], [ -80.2804888, 25.632921 ], [ -80.2735512, 25.6403014 ], [ -80.262426799999986, 25.6703988 ], [ -80.2488091, 25.6951466 ], [ -80.2465243, 25.7118167 ], [ -80.2419219, 25.7205586 ], [ -80.2278925, 25.7319595 ], [ -80.2131916, 25.7391437 ], [ -80.1889856, 25.7621018 ], [ -80.184456200000014, 25.8086635 ], [ -80.169335299999986, 25.8661387 ], [ -80.158684299999976, 25.8827249 ], [ -80.137322, 25.9054161 ], [ -80.131137299999978, 25.9087807 ], [ -80.1284828, 25.900372599999987 ], [ -80.1393029, 25.880045599999981 ], [ -80.1343858, 25.8686623 ], [ -80.1416653, 25.856283099999988 ], [ -80.132268, 25.8471352 ], [ -80.13159469999998, 25.8368878 ], [ -80.146664699999988, 25.794439799999989 ], [ -80.138905799999989, 25.7734126 ], [ -80.134680699999976, 25.7706251 ], [ -80.1300527, 25.7774964 ], [ -80.1209325, 25.822471399999987 ], [ -80.121259299999977, 25.903078499999989 ], [ -80.109618199999986, 26.0778212 ], [ -80.111065400000015, 26.082921099999989 ], [ -80.1165039, 26.0857277 ], [ -80.1196303, 26.1013016 ], [ -80.117052499999986, 26.1031353 ], [ -80.1106793, 26.1001889 ], [ -80.1057291, 26.1072378 ], [ -80.089487, 26.2241519 ], [ -80.0794705, 26.2703352 ], [ -80.0622168, 26.424119 ], [ -80.043690899999987, 26.5391406 ], [ -80.044827799999979, 26.544245 ], [ -80.050640899999976, 26.5454375 ], [ -80.05235829999998, 26.550644699999989 ], [ -80.0461482, 26.6447206 ], [ -80.0498206, 26.6994187 ], [ -80.0497501, 26.7636008 ], [ -80.044569, 26.7739356 ], [ -80.0502416, 26.7808811 ], [ -80.0545623, 26.814655799999979 ], [ -80.0537524, 26.833942199999981 ], [ -80.0518622, 26.8339734 ], [ -80.0406939, 26.8209781 ], [ -80.0390285, 26.824993899999988 ], [ -80.069164099999981, 26.937401399999985 ], [ -80.087992699999987, 26.978036 ], [ -80.0881223, 26.9931564 ], [ -80.0951093, 27.0199675 ], [ -80.1302979, 27.0954195 ], [ -80.1465812, 27.1177519 ], [ -80.146934399999978, 27.130668799999981 ], [ -80.1544422, 27.152242699999984 ], [ -80.161321499999985, 27.160098 ], [ -80.1663369, 27.1615312 ], [ -80.1672366, 27.1528794 ], [ -80.1696456, 27.1518023 ], [ -80.187067199999987, 27.1668456 ], [ -80.191386, 27.1896775 ], [ -80.1917442, 27.191571199999988 ], [ -80.227173499999978, 27.2495992 ], [ -80.3137913, 27.4242759 ], [ -80.3182308, 27.452761100000011 ], [ -80.305612899999986, 27.4588719 ], [ -80.297624, 27.4587333 ], [ -80.2923825, 27.4508884 ], [ -80.2935613, 27.435107899999981 ], [ -80.2824289, 27.4244019 ], [ -80.275120199999975, 27.4066471 ], [ -80.263047, 27.3888083 ], [ -80.2556671, 27.3496165 ], [ -80.2379251, 27.33646929999998 ], [ -80.2360538, 27.3363509 ], [ -80.2372807, 27.347855499999984 ], [ -80.265573, 27.4048902 ], [ -80.285260499999978, 27.454864 ], [ -80.2895675, 27.4761866 ], [ -80.311645199999987, 27.5280671 ], [ -80.33121269999998, 27.5953043 ], [ -80.349576399999989, 27.6321955 ], [ -80.3849897, 27.7428584 ], [ -80.4474156, 27.863319699999987 ], [ -80.5106706, 27.974994 ], [ -80.543703499999978, 28.041298 ], [ -80.573846699999976, 28.119868199999988 ], [ -80.5887339, 28.1753621 ], [ -80.60214449999998, 28.249359 ], [ -80.606675799999977, 28.3008857 ], [ -80.6045826, 28.3467009 ], [ -80.6000037, 28.375393699999989 ], [ -80.587944299999975, 28.4073185 ], [ -80.568371199999987, 28.430544 ], [ -80.556168399999976, 28.4389978 ], [ -80.5312535, 28.4491107 ], [ -80.5269957, 28.456655 ], [ -80.55547679999998, 28.5173233 ], [ -80.5740706, 28.581540600000011 ], [ -80.719527900000017, 28.7716928 ], [ -80.805997499999975, 28.9022931 ], [ -80.8593894, 28.9830327 ], [ -80.9009743, 29.0526611 ], [ -80.9103481, 29.074686700000015 ], [ -80.922260799999975, 29.0839389 ], [ -80.9386944, 29.1038854 ], [ -80.9842124, 29.1822423 ], [ -81.117110499999981, 29.4591924 ], [ -81.167742600000011, 29.5645078 ], [ -81.226407699999982, 29.7032681 ], [ -81.2543888, 29.7801077 ], [ -81.261477, 29.8133173 ], [ -81.2660862, 29.8593716 ], [ -81.274279299999975, 29.891297 ], [ -81.2960994, 29.932253399999976 ], [ -81.3103524, 29.975663 ], [ -81.363805199999987, 30.189827 ], [ -81.3775297, 30.2449725 ], [ -81.394098399999976, 30.336422399999986 ], [ -81.396325199999978, 30.388964699999978 ], [ -81.4210475, 30.3964063 ], [ -81.441554799999977, 30.382812199999989 ], [ -81.4601007, 30.3758693 ], [ -81.468867, 30.3783287 ], [ -81.4840007, 30.3879216 ], [ -81.5238361, 30.385603 ], [ -81.528142199999976, 30.3816777 ], [ -81.52481109999998, 30.367206799999984 ], [ -81.533569399999976, 30.3606243 ], [ -81.5803437, 30.3769489 ], [ -81.58369, 30.3855406 ], [ -81.5889366, 30.3804887 ], [ -81.6044983, 30.384848799999986 ], [ -81.6168393, 30.3830341 ], [ -81.618650599999981, 30.375891400000011 ], [ -81.607237899999987, 30.3202991 ], [ -81.6296501, 30.313809299999988 ], [ -81.6537461, 30.3160877 ], [ -81.6602073, 30.3102377 ], [ -81.6581604, 30.2760309 ], [ -81.6258148, 30.227370699999984 ], [ -81.626281599999984, 30.2176824 ], [ -81.6376785, 30.2039818 ], [ -81.639363, 30.194008 ], [ -81.646709199999989, 30.189827 ], [ -81.65541349999998, 30.1891576 ], [ -81.65906649999998, 30.189827 ], [ -81.6824444, 30.1954971 ], [ -81.6787939, 30.2125196 ], [ -81.667797299999975, 30.224486499999983 ], [ -81.666954899999979, 30.2357081 ], [ -81.6893831, 30.253418 ], [ -81.7013518, 30.2742508 ], [ -81.712560299999978, 30.267587199999983 ], [ -81.715016299999988, 30.2592048 ], [ -81.721899199999982, 30.2663539 ], [ -81.694655099999977, 30.2998615 ], [ -81.672046299999977, 30.3175362 ], [ -81.6599966, 30.3218158 ], [ -81.640983, 30.320982599999986 ], [ -81.632865099999975, 30.3234119 ], [ -81.623802199999986, 30.3472222 ], [ -81.6257686, 30.3650701 ], [ -81.636744599999986, 30.3827588 ], [ -81.666037899999978, 30.3974269 ], [ -81.683104599999979, 30.4177698 ], [ -81.674282799999986, 30.4166961 ], [ -81.6567089, 30.4004759 ], [ -81.632521799999978, 30.398627 ], [ -81.6104099, 30.41271750000001 ], [ -81.6162711, 30.427816799999988 ], [ -81.6145371, 30.4308399 ], [ -81.5992833, 30.420031599999987 ], [ -81.5832985, 30.4192047 ], [ -81.574376499999985, 30.403232499999987 ], [ -81.5614998, 30.3941162 ], [ -81.54141319999998, 30.413060899999984 ], [ -81.5323308, 30.4272488 ], [ -81.5220764, 30.4234767 ], [ -81.517323, 30.415778 ], [ -81.5101635, 30.414966 ], [ -81.5046984, 30.4238532 ], [ -81.503690099999986, 30.4322957 ], [ -81.499764399999989, 30.4293935 ], [ -81.4943264, 30.4130524 ], [ -81.500964399999987, 30.404066499999988 ], [ -81.498963699999976, 30.3988585 ], [ -81.480629400000012, 30.399833199999989 ], [ -81.4655354, 30.3971643 ], [ -81.455913899999985, 30.399896699999985 ], [ -81.4530893, 30.3914041 ], [ -81.449092299999975, 30.3894452 ], [ -81.4200507, 30.4105456 ], [ -81.4213997, 30.420184 ], [ -81.429227799999978, 30.434447099999989 ], [ -81.4363246, 30.4361152 ], [ -81.4488687, 30.4328296 ], [ -81.4587011, 30.4405194 ], [ -81.468681299999986, 30.4986233 ], [ -81.469215699999978, 30.5186199 ], [ -81.494677099999976, 30.5457323 ], [ -81.499480599999984, 30.5580602 ], [ -81.510925, 30.5600623 ], [ -81.522461799999988, 30.536044199999985 ], [ -81.5349742, 30.5268482 ], [ -81.5452129, 30.5278552 ], [ -81.560631, 30.539570199999982 ], [ -81.554824700000012, 30.541035199999989 ], [ -81.5437153, 30.5328525 ], [ -81.5355264, 30.5323614 ], [ -81.527300599999975, 30.5415879 ], [ -81.522530899999978, 30.558926099999983 ], [ -81.5150121, 30.5654166 ], [ -81.507763299999979, 30.5675225 ], [ -81.4956073, 30.5666565 ], [ -81.4788786, 30.5493357 ], [ -81.4740589, 30.548201 ], [ -81.475589599999978, 30.5674702 ], [ -81.4690376, 30.5821391 ], [ -81.484001899999981, 30.5946863 ], [ -81.492220100000011, 30.6065762 ], [ -81.4884234, 30.6264919 ], [ -81.4951875, 30.6295665 ], [ -81.5033627, 30.627032599999986 ], [ -81.5058852, 30.6295379 ], [ -81.5031171, 30.6365055 ], [ -81.4897793, 30.6488324 ], [ -81.487911199999985, 30.6662297 ], [ -81.5088661, 30.662039599999972 ], [ -81.5216849, 30.6476467 ], [ -81.5280319, 30.6791194 ], [ -81.5357735, 30.6845764 ], [ -81.5582607, 30.692858 ], [ -81.570423, 30.7056135 ], [ -81.565814399999979, 30.717699 ], [ -81.5543977, 30.7183794 ], [ -81.5422658, 30.7234676 ], [ -81.533243900000016, 30.745056600000012 ], [ -81.5190978, 30.733733 ], [ -81.5127677, 30.733232 ], [ -81.5084991, 30.7578245 ], [ -81.509967499999988, 30.7803132 ], [ -81.501335799999978, 30.7855625 ], [ -81.522215299999985, 30.8072299 ], [ -81.5368253, 30.8168073 ], [ -81.5429006, 30.8380576 ], [ -81.548128499999976, 30.843966799999979 ], [ -81.56962, 30.8445815 ], [ -81.58938, 30.8250722 ], [ -81.600762399999979, 30.8267513 ], [ -81.609950599999976, 30.837596 ], [ -81.604014299999989, 30.848601 ], [ -81.6104317, 30.8655947 ], [ -81.604088399999981, 30.8672231 ], [ -81.586707500000017, 30.8655334 ], [ -81.5573286, 30.8883225 ], [ -81.541533099999981, 30.882483 ], [ -81.5533573, 30.8820311 ], [ -81.5584203, 30.8748891 ], [ -81.541225799999978, 30.874990499999988 ], [ -81.538583099999983, 30.8785589 ], [ -81.5296657, 30.8653075 ], [ -81.5190635, 30.8600126 ], [ -81.5150044, 30.897749 ], [ -81.5195846, 30.9156054 ], [ -81.510581099999982, 30.9257865 ], [ -81.507540499999976, 30.944177099999983 ], [ -81.5337318, 30.956151799999986 ], [ -81.5352562, 30.9744281 ], [ -81.5376673, 30.9772598 ], [ -81.5714373, 30.9706318 ], [ -81.6033182, 30.9793318 ], [ -81.6227721, 30.990984 ], [ -81.6425865, 30.9918576 ], [ -81.6376324, 30.995949 ], [ -81.619212499999989, 30.9962617 ], [ -81.597275499999981, 30.984670599999987 ], [ -81.570247399999985, 30.9817634 ], [ -81.5639286, 30.9882585 ], [ -81.572022100000012, 31.0020439 ], [ -81.569334799999979, 31.0097332 ], [ -81.556227, 31.0120029 ], [ -81.5412762, 31.0192174 ], [ -81.520382500000011, 31.0167774 ], [ -81.5085502, 31.0229702 ], [ -81.507945, 31.028816100000014 ], [ -81.5145953, 31.0465624 ], [ -81.524112399999979, 31.045124 ], [ -81.5370474, 31.0387713 ], [ -81.5409144, 31.0569003 ], [ -81.5596076, 31.062835799999984 ], [ -81.5679124, 31.0683725 ], [ -81.571729799999986, 31.102884799999988 ], [ -81.5691405, 31.1168145 ], [ -81.575636599999982, 31.1216667 ], [ -81.5679115, 31.126804 ], [ -81.554142099999979, 31.1214389 ], [ -81.551390899999987, 31.1167004 ], [ -81.553267, 31.1051911 ], [ -81.5272521, 31.086997399999987 ], [ -81.5260242, 31.0959511 ], [ -81.533717599999989, 31.124155 ], [ -81.540366499999976, 31.1296547 ], [ -81.5511989, 31.131915699999986 ], [ -81.5592876, 31.1486566 ], [ -81.554221199999986, 31.1549328 ], [ -81.5395353, 31.160905699999983 ], [ -81.531698899999981, 31.1822819 ], [ -81.522945, 31.193699 ], [ -81.517172, 31.1950213 ], [ -81.512965, 31.1901512 ], [ -81.5193027, 31.1761966 ], [ -81.5191618, 31.168291199999988 ], [ -81.5028668, 31.1599923 ], [ -81.4931147, 31.1364697 ], [ -81.484267899999978, 31.1278025 ], [ -81.4775056, 31.132035699999989 ], [ -81.471013099999979, 31.157197299999986 ], [ -81.434485299999977, 31.1675948 ], [ -81.415237699999977, 31.1619106 ], [ -81.4128414, 31.1476292 ], [ -81.4086881, 31.141144699999987 ], [ -81.3881247, 31.1371267 ], [ -81.367309399999982, 31.1478224 ], [ -81.346477599999986, 31.1758931 ], [ -81.3163827, 31.2064474 ], [ -81.2895916, 31.223867 ], [ -81.2748317, 31.2567204 ], [ -81.2876327, 31.3028963 ], [ -81.2803259, 31.3560603 ], [ -81.2462548, 31.423095 ], [ -81.207746799999981, 31.470543599999985 ], [ -81.1789848, 31.516464700000011 ], [ -81.170699599999978, 31.5560866 ], [ -81.132291399999986, 31.629101399999989 ], [ -81.1362605, 31.6701568 ], [ -81.1329402, 31.6922785 ], [ -81.1448485, 31.7082511 ], [ -81.1909308, 31.722466 ], [ -81.221844, 31.743254 ], [ -81.2637189, 31.7565074 ], [ -81.285766399999986, 31.7764136 ], [ -81.3149948, 31.7913372 ], [ -81.344373299999987, 31.794935700000014 ], [ -81.359218399999989, 31.8013707 ], [ -81.3612284, 31.805411 ], [ -81.3506338, 31.812019 ], [ -81.3513541, 31.8198351 ], [ -81.3400026, 31.837907 ], [ -81.330591799999979, 31.8367865 ], [ -81.309765599999977, 31.8228066 ], [ -81.2844332, 31.819551699999984 ], [ -81.27678659999998, 31.8220138 ], [ -81.2721622, 31.8265126 ], [ -81.2688469, 31.843786 ], [ -81.263683199999988, 31.8266227 ], [ -81.264116799999982, 31.8033477 ], [ -81.2556501, 31.7931478 ], [ -81.253782099999981, 31.7766418 ], [ -81.2471311, 31.769796799999988 ], [ -81.230512, 31.7677589 ], [ -81.2217629, 31.7735785 ], [ -81.1986046, 31.782233899999987 ], [ -81.1798979, 31.7797934 ], [ -81.17151029999998, 31.7814287 ], [ -81.1696267, 31.785603699999985 ], [ -81.1775666, 31.7959111 ], [ -81.178002299999989, 31.8089765 ], [ -81.16297179999998, 31.8290192 ], [ -81.1511698, 31.8521512 ], [ -81.164772, 31.872699699999984 ], [ -81.1665073, 31.8861035 ], [ -81.1771671, 31.893376899999986 ], [ -81.196606, 31.8934489 ], [ -81.1913199, 31.8998171 ], [ -81.18222369999998, 31.90469419999998 ], [ -81.187499499999987, 31.9075795 ], [ -81.219731400000015, 31.8903563 ], [ -81.225217699999988, 31.889928299999976 ], [ -81.2239792, 31.904362899999988 ], [ -81.2153246, 31.919467100000013 ], [ -81.2441552, 31.919456599999986 ], [ -81.25137, 31.9263358 ], [ -81.2574555, 31.926969 ], [ -81.2542471, 31.9450372 ], [ -81.2514846, 31.948356099999984 ], [ -81.245889, 31.9486735 ], [ -81.2190229, 31.936779 ], [ -81.2003891, 31.935297599999988 ], [ -81.1950229, 31.945886799999986 ], [ -81.196158799999978, 31.9600014 ], [ -81.1994147, 31.9651628 ], [ -81.2063783, 31.9668887 ], [ -81.206861699999976, 31.9690115 ], [ -81.200185, 31.974138 ], [ -81.184829499999978, 31.973415 ], [ -81.1678058, 31.9647825 ], [ -81.1570701, 31.9413691 ], [ -81.1444856, 31.936161399999989 ], [ -81.1404993, 31.940017499999989 ], [ -81.1368778, 31.9521953 ], [ -81.125489, 31.9624523 ], [ -81.121603299999975, 31.972904 ], [ -81.117110499999981, 31.9767156 ], [ -81.115524899999983, 31.9778156 ], [ -81.1088555, 31.9629368 ], [ -81.117110499999981, 31.9544386 ], [ -81.1248341, 31.9464866 ], [ -81.121146, 31.939546 ], [ -81.117110499999981, 31.9388538 ], [ -81.1083777, 31.9388533 ], [ -81.080831799999984, 31.9658259 ], [ -81.077829799999975, 31.9638842 ], [ -81.0763464, 31.954870399999983 ], [ -81.069631199999989, 31.9548217 ], [ -81.065385099999986, 31.964579399999977 ], [ -81.047949799999984, 31.9874881 ], [ -81.049730499999981, 31.9945967 ], [ -81.0585522, 32.0025085 ], [ -81.0594919, 32.009401099999977 ], [ -81.043935499999989, 32.030596 ], [ -81.036138399999984, 32.032812099999987 ], [ -81.028463299999984, 32.0249098 ], [ -81.012012299999981, 32.016760299999987 ], [ -80.991307899999981, 32.0160261 ], [ -80.998926199999985, 31.9948652 ], [ -80.99878, 31.9834047 ], [ -80.9927241, 31.9808685 ], [ -80.964212699999976, 32.001629 ], [ -80.9562461, 32.010967799999982 ], [ -80.9582628, 32.0268873 ], [ -80.9653713, 32.0407097 ], [ -80.962562699999978, 32.0466427 ], [ -80.9524812, 32.0483522 ], [ -80.924396699999988, 32.0385456 ], [ -80.890964, 32.039551399999986 ], [ -80.8915182, 32.042994199999981 ], [ -80.9000789, 32.049552199999987 ], [ -80.8998501, 32.0557089 ], [ -80.8863985, 32.0736768 ], [ -80.8693491, 32.0878823 ], [ -80.850304400000013, 32.1093858 ], [ -80.833966499999988, 32.1326716 ], [ -80.823796899999977, 32.130636 ], [ -80.825393499999976, 32.1140795 ], [ -80.822208300000014, 32.1109159 ], [ -80.8160394, 32.11051 ], [ -80.737111099999979, 32.147758499999988 ], [ -80.718839, 32.1630299 ], [ -80.696142, 32.1916279 ], [ -80.671947199999977, 32.215395 ], [ -80.6716996, 32.2260809 ], [ -80.678061699999986, 32.2350831 ], [ -80.714095699999987, 32.262503099999989 ], [ -80.726999399999983, 32.2676301 ], [ -80.7421786, 32.266705699999989 ], [ -80.753160399999985, 32.2734117 ], [ -80.7679691, 32.2958388 ], [ -80.765714499999987, 32.3048469 ], [ -80.7591667, 32.3068516 ], [ -80.738387599999982, 32.305215499999989 ], [ -80.70341950000001, 32.3089201 ], [ -80.675680899999989, 32.2984769 ], [ -80.65340759999998, 32.2950862 ], [ -80.644160099999979, 32.2815599 ], [ -80.6421907, 32.2652371 ], [ -80.6302266, 32.2598629 ], [ -80.599392799999976, 32.2718077 ], [ -80.5467853, 32.281512 ], [ -80.502904, 32.3060729 ], [ -80.4607048, 32.3213799 ], [ -80.4578583, 32.327048 ], [ -80.4610939, 32.3373491 ], [ -80.448041199999977, 32.3491959 ], [ -80.433438899999985, 32.382913599999988 ], [ -80.4299275, 32.401260599999986 ], [ -80.4383145, 32.410445 ], [ -80.452337299999982, 32.4113075 ], [ -80.4591165, 32.4140905 ], [ -80.480655199999987, 32.446654699999989 ], [ -80.482647899999989, 32.458553399999985 ], [ -80.479729, 32.4708112 ], [ -80.483301599999976, 32.4823287 ], [ -80.4761553, 32.494706 ], [ -80.453027099999986, 32.5025788 ], [ -80.4348314, 32.5005011 ], [ -80.422716900000012, 32.493359 ], [ -80.4169857, 32.478290199999989 ], [ -80.4072612, 32.4732449 ], [ -80.3965758, 32.475783899999989 ], [ -80.3858381, 32.484384399999989 ], [ -80.354179, 32.498504099999984 ], [ -80.3465464, 32.495887599999982 ], [ -80.33922, 32.4834557 ], [ -80.331232599999979, 32.4816048 ], [ -80.2348114, 32.5412506 ], [ -80.2027883, 32.5570417 ], [ -80.1922955, 32.5668939 ], [ -80.1774528, 32.5619288 ], [ -80.168162199999983, 32.5617255 ], [ -80.125701799999987, 32.5870051 ], [ -80.0914867, 32.599036599999984 ], [ -80.034597, 32.608865 ], [ -79.9997319, 32.6079861 ], [ -79.9939052, 32.6151245 ], [ -79.9971077, 32.6276549 ], [ -79.994649, 32.6339057 ], [ -79.970921, 32.639708800000015 ], [ -79.9178253, 32.6640946 ], [ -79.8954189, 32.6791538 ], [ -79.89057339999998, 32.6974638 ], [ -79.8727762, 32.730438 ], [ -79.8735299, 32.740294 ], [ -79.8797479, 32.746797899999983 ], [ -79.932032, 32.7568116 ], [ -79.946326500000012, 32.764874299999988 ], [ -79.9499425, 32.7741357 ], [ -79.9312557, 32.7734502 ], [ -79.912787, 32.7871643 ], [ -79.890795799999978, 32.7864765 ], [ -79.869696, 32.776303299999988 ], [ -79.8556656, 32.759616199999989 ], [ -79.8410415, 32.7580465 ], [ -79.8255482, 32.7633658 ], [ -79.8003787, 32.778702899999985 ], [ -79.7314231, 32.8055017 ], [ -79.723373299999977, 32.814688499999988 ], [ -79.7219285, 32.825818799999979 ], [ -79.7049543, 32.8405222 ], [ -79.701287, 32.852316 ], [ -79.693177299999988, 32.855973499999983 ], [ -79.6861258, 32.858605199999985 ], [ -79.6562315, 32.8786623 ], [ -79.6401347, 32.8816777 ], [ -79.585498899999976, 32.9085047 ], [ -79.577362, 32.930253199999989 ], [ -79.5944083, 32.9269472 ], [ -79.606354099999976, 32.9284144 ], [ -79.615136599999985, 32.939540199999989 ], [ -79.614416899999981, 32.9553965 ], [ -79.578687699999989, 33.0060196 ], [ -79.528335099999978, 33.034848 ], [ -79.510267199999987, 33.0354758 ], [ -79.486068199999977, 33.013574 ], [ -79.4819777, 33.0129857 ], [ -79.476371, 33.0161912 ], [ -79.4681905, 33.0102379 ], [ -79.436257599999976, 33.013207 ], [ -79.4087888, 33.0086006 ], [ -79.4049954, 33.009082399999983 ], [ -79.3647382, 33.0149772 ], [ -79.3443009, 33.0472113 ], [ -79.338447599999981, 33.0623448 ], [ -79.328033199999979, 33.0878812 ], [ -79.311612099999977, 33.1002492 ], [ -79.2910175, 33.1113554 ], [ -79.2801094, 33.12380970000001 ], [ -79.278981800000011, 33.1290712 ], [ -79.281446299999985, 33.1334004 ], [ -79.2990962, 33.1431301 ], [ -79.285339099999987, 33.1418288 ], [ -79.2719327, 33.134310499999984 ], [ -79.2627046, 33.125644399999985 ], [ -79.251865199999983, 33.1289693 ], [ -79.250891799999977, 33.138987 ], [ -79.266403499999981, 33.1612491 ], [ -79.255364199999988, 33.1650309 ], [ -79.259060499999975, 33.179103199999986 ], [ -79.2535557, 33.1777872 ], [ -79.2429731, 33.1690543 ], [ -79.232799499999985, 33.1453976 ], [ -79.193239, 33.1768333 ], [ -79.187961799999982, 33.195140299999984 ], [ -79.197982, 33.2137319 ], [ -79.199947899999984, 33.224963599999981 ], [ -79.1908465, 33.229688 ], [ -79.1835647, 33.2182725 ], [ -79.1799898, 33.2167088 ], [ -79.1790995, 33.2562574 ], [ -79.164995, 33.3100256 ], [ -79.165966, 33.327820199999984 ], [ -79.1575388, 33.3421093 ], [ -79.139221299999988, 33.3949356 ], [ -79.1134413, 33.4417048 ], [ -79.0917082, 33.4727647 ], [ -79.04168079999998, 33.5205065 ], [ -79.00155359999998, 33.571382799999988 ], [ -78.9470213, 33.629571 ], [ -78.8313933, 33.7292445 ], [ -78.7726319, 33.7685857 ], [ -78.706142199999988, 33.803179499999985 ], [ -78.6504938, 33.8240927 ], [ -78.5880262, 33.842952299999986 ], [ -78.545571099999989, 33.8489393 ], [ -78.50634479999998, 33.865959499999981 ], [ -78.381900299999984, 33.902898399999984 ], [ -78.358019599999977, 33.902624699999976 ], [ -78.244228799999988, 33.9162033 ], [ -78.221924199999989, 33.9128846 ], [ -78.1560584, 33.912929 ], [ -78.1138859, 33.908499 ], [ -78.032029899999984, 33.889567 ], [ -78.001314099999988, 33.8601186 ], [ -77.962040799999983, 33.8493469 ], [ -77.950212399999984, 33.896549199999988 ], [ -77.910517599999977, 33.9823583 ], [ -77.880537300000015, 34.058302499999989 ], [ -77.881088499999976, 34.0665438 ], [ -77.8867978, 34.0637614 ], [ -77.8881954, 34.065675 ], [ -77.8791412, 34.1029998 ], [ -77.8624473, 34.1374223 ], [ -77.879748599999985, 34.0813671 ], [ -77.868663199999986, 34.086454199999984 ], [ -77.8407134, 34.143359 ], [ -77.828310499999986, 34.1637002 ], [ -77.8131924, 34.179869599999989 ], [ -77.818186199999985, 34.180759099999982 ], [ -77.826923199999982, 34.1737415 ], [ -77.841708199999985, 34.1687487 ], [ -77.855251, 34.1530901 ], [ -77.8483383, 34.1714765 ], [ -77.8473168, 34.1836766 ], [ -77.8317179, 34.1927882 ], [ -77.819693099999981, 34.2087754 ], [ -77.8047028, 34.2081662 ], [ -77.8031219, 34.1994208 ], [ -77.7995876, 34.2010651 ], [ -77.7835672, 34.226548 ], [ -77.7932159, 34.2302812 ], [ -77.8016859, 34.223719799999984 ], [ -77.8044681, 34.2255975 ], [ -77.7960695, 34.2413391 ], [ -77.794746, 34.251529 ], [ -77.7824748, 34.2525241 ], [ -77.7795178, 34.248785 ], [ -77.7759601, 34.251304399999988 ], [ -77.7717683, 34.2620232 ], [ -77.774550199999979, 34.2742239 ], [ -77.760373299999983, 34.2790558 ], [ -77.7306847, 34.3155834 ], [ -77.6782345, 34.3660194 ], [ -77.658197099999981, 34.3715228 ], [ -77.6049006, 34.4074323 ], [ -77.601939199999975, 34.4146242 ], [ -77.606385399999979, 34.4228894 ], [ -77.6054088, 34.4276111 ], [ -77.5871361, 34.423390599999983 ], [ -77.571970299999975, 34.431606 ], [ -77.558088899999987, 34.4340658 ], [ -77.5365566, 34.458557299999981 ], [ -77.480398, 34.4848883 ], [ -77.4679739, 34.495344 ], [ -77.450755, 34.4988815 ], [ -77.421093, 34.5135891 ], [ -77.4009005, 34.5130734 ], [ -77.4090789, 34.5010537 ], [ -77.4346924, 34.4955572 ], [ -77.4446737, 34.4866656 ], [ -77.4580578, 34.4834975 ], [ -77.4702737, 34.4715358 ], [ -77.493669799999978, 34.4586725 ], [ -77.521614399999976, 34.449602199999987 ], [ -77.530772, 34.4383039 ], [ -77.5536577, 34.425755899999984 ], [ -77.6455136, 34.3565476 ], [ -77.6475971, 34.3521557 ], [ -77.641259699999978, 34.354387 ], [ -77.5698112, 34.408539499999989 ], [ -77.4989141, 34.451580799999988 ], [ -77.3644407, 34.5189692 ], [ -77.370823799999982, 34.5237456 ], [ -77.37503719999998, 34.5322909 ], [ -77.3673602, 34.5450267 ], [ -77.3696207, 34.553848399999985 ], [ -77.3955548, 34.5711302 ], [ -77.4215481, 34.575572799999989 ], [ -77.4326876, 34.5870307 ], [ -77.439908299999985, 34.601594299999988 ], [ -77.4383581, 34.6104258 ], [ -77.427092499999986, 34.6165809 ], [ -77.402431800000016, 34.614635599999986 ], [ -77.3898845, 34.6173768 ], [ -77.3787976, 34.62616449999998 ], [ -77.375226899999987, 34.6369761 ], [ -77.3838174, 34.6598452 ], [ -77.4025458, 34.6777052 ], [ -77.411164099999979, 34.6899416 ], [ -77.425407899999982, 34.6889208 ], [ -77.4292383, 34.6910833 ], [ -77.4324201, 34.7368707 ], [ -77.426568699999976, 34.7357321 ], [ -77.4130882, 34.7238069 ], [ -77.3956139, 34.727776499999983 ], [ -77.3667243, 34.7271442 ], [ -77.370215499999986, 34.724288399999985 ], [ -77.388410399999984, 34.7199961 ], [ -77.3916253, 34.7134031 ], [ -77.365387199999986, 34.6851413 ], [ -77.366448699999978, 34.6717677 ], [ -77.3332636, 34.6386237 ], [ -77.3713773, 34.6055681 ], [ -77.394592800000012, 34.595763 ], [ -77.3978944, 34.5876335 ], [ -77.393210899999985, 34.5854734 ], [ -77.3707688, 34.5842039 ], [ -77.357524499999982, 34.5731152 ], [ -77.3415528, 34.5682349 ], [ -77.334330299999976, 34.5582061 ], [ -77.327735, 34.5541158 ], [ -77.3053563, 34.5570015 ], [ -77.3042241, 34.551479699999987 ], [ -77.2677732, 34.573684899999989 ], [ -77.2560413, 34.5966374 ], [ -77.240828399999984, 34.604149799999988 ], [ -77.2148064, 34.6265497 ], [ -77.2110236, 34.6352672 ], [ -77.211301099999986, 34.643653799999989 ], [ -77.196550499999987, 34.6406529 ], [ -77.189167399999988, 34.641990399999983 ], [ -77.1626605, 34.6571578 ], [ -77.1523073, 34.6695683 ], [ -77.1401585, 34.6732718 ], [ -77.126834399999979, 34.681445499999981 ], [ -77.0918424, 34.675009399999986 ], [ -77.0656157, 34.679891 ], [ -77.0479884, 34.685903 ], [ -77.029024899999982, 34.685449599999984 ], [ -76.952035899999984, 34.7113647 ], [ -76.938817699999987, 34.7179772 ], [ -76.8972362, 34.7264916 ], [ -76.8375627, 34.7279419 ], [ -76.7017347, 34.7190826 ], [ -76.699454099999983, 34.7212443 ], [ -76.7011005, 34.7236015 ], [ -76.7200567, 34.7288981 ], [ -76.7191624, 34.735224299999985 ], [ -76.71069869999998, 34.743342799999986 ], [ -76.7222579, 34.756485499999989 ], [ -76.7354647, 34.7573067 ], [ -76.7556107, 34.748154599999985 ], [ -76.7627747, 34.7498167 ], [ -76.7666229, 34.7543282 ], [ -76.7443066, 34.7737812 ], [ -76.7295077, 34.7807903 ], [ -76.724106299999988, 34.7955989 ], [ -76.7162198, 34.7813562 ], [ -76.7002078, 34.778932399999988 ], [ -76.6917122, 34.7857064 ], [ -76.688308, 34.7968241 ], [ -76.682781, 34.798337 ], [ -76.6729823, 34.7698463 ], [ -76.6594696, 34.7482825 ], [ -76.66068, 34.740568599999989 ], [ -76.6664239, 34.7327069 ], [ -76.666765099999978, 34.7257617 ], [ -76.684398, 34.720097899999985 ], [ -76.68609330000001, 34.713877 ], [ -76.6829774, 34.7127499 ], [ -76.6757367, 34.717570099999989 ], [ -76.6612848, 34.7115164 ], [ -76.6233669, 34.7096602 ], [ -76.624873, 34.726790599999987 ], [ -76.6168727, 34.7755315 ], [ -76.619795299999979, 34.7974581 ], [ -76.6158907, 34.805129 ], [ -76.6086902, 34.8010688 ], [ -76.598558599999976, 34.7817026 ], [ -76.591746299999983, 34.7744189 ], [ -76.5832855, 34.773227 ], [ -76.5703547, 34.777012699999986 ], [ -76.5703207, 34.769103799999982 ], [ -76.5771573, 34.748257 ], [ -76.5751931, 34.7276832 ], [ -76.5639734, 34.7260096 ], [ -76.5531795, 34.7278709 ], [ -76.5389496, 34.7227005 ], [ -76.524955099999985, 34.727027699999987 ], [ -76.5140878, 34.723436 ], [ -76.5092648, 34.73259419999998 ], [ -76.5162672, 34.7566638 ], [ -76.5062154, 34.763967 ], [ -76.5086941, 34.7723205 ], [ -76.5036413, 34.7873302 ], [ -76.4893108, 34.8133763 ], [ -76.471811099999982, 34.8153639 ], [ -76.461606799999984, 34.8272514 ], [ -76.444125500000013, 34.8262357 ], [ -76.4214737, 34.835751699999989 ], [ -76.4117503, 34.8759423 ], [ -76.4022076, 34.8895018 ], [ -76.393057599999977, 34.8821088 ], [ -76.391371799999988, 34.8744783 ], [ -76.3938803, 34.8646668 ], [ -76.3887304, 34.8595889 ], [ -76.3783469, 34.8694542 ], [ -76.3504647, 34.8745822 ], [ -76.3332707, 34.8850732 ], [ -76.3193955, 34.9049115 ], [ -76.3278852, 34.908008799999983 ], [ -76.3410473, 34.9088171 ], [ -76.340169199999977, 34.9209988 ], [ -76.3527125, 34.9227937 ], [ -76.3551413, 34.9277179 ], [ -76.331668399999984, 34.9345036 ], [ -76.3137759, 34.9281448 ], [ -76.303372299999978, 34.928138499999989 ], [ -76.295543, 34.935810699999983 ], [ -76.2844702, 34.9411113 ], [ -76.2840152, 34.949877499999985 ], [ -76.2797718, 34.9564136 ], [ -76.2941399, 34.9739355 ], [ -76.312602799999979, 35.0034599 ], [ -76.321620099999976, 35.0042359 ], [ -76.3402241, 35.0137826 ], [ -76.3442125, 35.012023 ], [ -76.32283769999998, 34.9770707 ], [ -76.320215500000018, 34.9609594 ], [ -76.333341399999981, 34.967706299999982 ], [ -76.3420359, 34.9679789 ], [ -76.3585577, 34.9734901 ], [ -76.368479799999989, 34.9715257 ], [ -76.3775605, 34.9742597 ], [ -76.378609, 34.9698036 ], [ -76.3741408, 34.9585333 ], [ -76.3839429, 34.953152 ], [ -76.3834755, 34.9378432 ], [ -76.3998122, 34.938535899999977 ], [ -76.4025138, 34.956095 ], [ -76.406339, 34.9588071 ], [ -76.416358399999979, 34.9503293 ], [ -76.4341991, 34.9465792 ], [ -76.441582, 34.9426281 ], [ -76.4442922, 34.937402699999986 ], [ -76.4422046, 34.9279977 ], [ -76.444208099999983, 34.9261973 ], [ -76.4573477, 34.9394688 ], [ -76.456566799999976, 34.951357 ], [ -76.462516, 34.9610903 ], [ -76.4563348, 34.9665612 ], [ -76.4348924, 34.9662838 ], [ -76.4301284, 34.976892799999987 ], [ -76.424054, 34.9830382 ], [ -76.4258107, 34.9954028 ], [ -76.435650899999985, 35.0009906 ], [ -76.438914899999986, 35.0086996 ], [ -76.4307236, 35.0302193 ], [ -76.438165699999985, 35.0561443 ], [ -76.4614133, 35.0725476 ], [ -76.4711925, 35.070776599999988 ], [ -76.4736352, 35.062576699999987 ], [ -76.4595067, 35.049249799999977 ], [ -76.466195399999975, 35.042200899999983 ], [ -76.4596544, 35.0360352 ], [ -76.4585519, 35.03149 ], [ -76.462596199999979, 35.0275254 ], [ -76.4799492, 35.039774799999989 ], [ -76.486262699999983, 35.0353473 ], [ -76.494695399999983, 35.008484199999984 ], [ -76.4787784, 34.9820357 ], [ -76.484551199999984, 34.9714689 ], [ -76.491681, 34.966214199999989 ], [ -76.493940899999984, 34.9811421 ], [ -76.5053083, 34.9858563 ], [ -76.514465899999976, 35.0030974 ], [ -76.5397517, 35.0077048 ], [ -76.5948784, 35.07221 ], [ -76.590811299999984, 35.0902136 ], [ -76.5846693, 35.0953813 ], [ -76.5699077, 35.1012372 ], [ -76.55969540000001, 35.114004 ], [ -76.540109399999977, 35.149831299999988 ], [ -76.5499752, 35.1520951 ], [ -76.5681314, 35.171061099999974 ], [ -76.5787192, 35.1722859 ], [ -76.583801900000012, 35.1667938 ], [ -76.572215899999989, 35.1522077 ], [ -76.5710961, 35.1375584 ], [ -76.573663199999984, 35.1370092 ], [ -76.579776699999982, 35.1470367 ], [ -76.591511, 35.1509652 ], [ -76.6004262, 35.1593672 ], [ -76.6043468, 35.186574 ], [ -76.596021900000011, 35.1978847 ], [ -76.5846056, 35.2013532 ], [ -76.565835, 35.1967529 ], [ -76.5410336, 35.194667699999989 ], [ -76.534253599999985, 35.1879534 ], [ -76.529867199999984, 35.187550899999984 ], [ -76.522956, 35.2027123 ], [ -76.543528899999984, 35.2180947 ], [ -76.5609577, 35.2200857 ], [ -76.5558245, 35.229338 ], [ -76.5524374, 35.2312622 ], [ -76.5321754, 35.2312762 ], [ -76.502742399999988, 35.2205769 ], [ -76.4967917, 35.2206134 ], [ -76.496721900000011, 35.239565899999981 ], [ -76.492046, 35.2468364 ], [ -76.4843773, 35.2509078 ], [ -76.4875475, 35.262376 ], [ -76.471827599999983, 35.267354 ], [ -76.474495399999981, 35.2810575 ], [ -76.4914592, 35.2769064 ], [ -76.495959699999986, 35.278659799999986 ], [ -76.4984051, 35.2833151 ], [ -76.4978571, 35.308627799999989 ], [ -76.495585099999985, 35.3108119 ], [ -76.4872491, 35.3104736 ], [ -76.483301, 35.313489 ], [ -76.4767517, 35.3629507 ], [ -76.4722711, 35.3739796 ], [ -76.4809617, 35.403137799999989 ], [ -76.464098499999977, 35.4045998 ], [ -76.4536544, 35.417325 ], [ -76.4507211, 35.4130999 ], [ -76.4542328, 35.4034893 ], [ -76.453534299999987, 35.3949104 ], [ -76.4508459, 35.393270499999986 ], [ -76.439438, 35.3944711 ], [ -76.4380614, 35.4032777 ], [ -76.4257836, 35.414262599999986 ], [ -76.425619, 35.4234307 ], [ -76.414663699999977, 35.4298906 ], [ -76.421479799999986, 35.4439791 ], [ -76.4183496, 35.4499506 ], [ -76.4116041, 35.4512358 ], [ -76.410823, 35.4435749 ], [ -76.3905388, 35.4253952 ], [ -76.386465499999986, 35.4067892 ], [ -76.3918562, 35.400307599999984 ], [ -76.3865574, 35.390757 ], [ -76.3835992, 35.387331 ], [ -76.371940199999983, 35.3828419 ], [ -76.3637695, 35.3729452 ], [ -76.3648419, 35.366519199999985 ], [ -76.371704, 35.3635023 ], [ -76.388253, 35.3685829 ], [ -76.4165959, 35.3715855 ], [ -76.417218, 35.366894699999989 ], [ -76.403707599999976, 35.3613889 ], [ -76.398160100000013, 35.3545547 ], [ -76.384565099999989, 35.3604573 ], [ -76.3678421, 35.357206099999985 ], [ -76.357109899999983, 35.351478799999981 ], [ -76.3470088, 35.355061 ], [ -76.347617799999981, 35.360779 ], [ -76.353788, 35.3658662 ], [ -76.355836099999976, 35.381362299999985 ], [ -76.349594799999977, 35.3930021 ], [ -76.354587, 35.4041108 ], [ -76.349747, 35.4089575 ], [ -76.3375579, 35.399634899999981 ], [ -76.3301667, 35.3903005 ], [ -76.319220399999978, 35.3853389 ], [ -76.318940499999982, 35.3729893 ], [ -76.3036619, 35.370143699999986 ], [ -76.292408, 35.365023 ], [ -76.2932596, 35.360742099999989 ], [ -76.301818, 35.356503599999982 ], [ -76.2872758, 35.347615499999989 ], [ -76.270323199999979, 35.3431584 ], [ -76.258038899999988, 35.3473558 ], [ -76.256027299999985, 35.3521013 ], [ -76.2596824, 35.3687706 ], [ -76.2541621, 35.375841599999987 ], [ -76.234171, 35.359484399999985 ], [ -76.2218907, 35.3442256 ], [ -76.2088361, 35.344809399999981 ], [ -76.198983, 35.340258 ], [ -76.18057589999998, 35.345613199999988 ], [ -76.169968499999982, 35.3452638 ], [ -76.1605006, 35.3405203 ], [ -76.158107199999989, 35.330115199999987 ], [ -76.153071900000015, 35.3290013 ], [ -76.1402156, 35.3427392 ], [ -76.1407832, 35.352132 ], [ -76.137336, 35.3568675 ], [ -76.1300829, 35.3584776 ], [ -76.1113401, 35.3565054 ], [ -76.087587399999975, 35.368581399999989 ], [ -76.0696065, 35.3742404 ], [ -76.065793899999989, 35.3822781 ], [ -76.0763833, 35.3859703 ], [ -76.080644, 35.391801199999989 ], [ -76.073076899999975, 35.3985405 ], [ -76.0726791, 35.4043787 ], [ -76.064319400000016, 35.411772899999988 ], [ -76.059999299999987, 35.4202961 ], [ -76.0623598, 35.437731799999987 ], [ -76.0306566, 35.4402444 ], [ -76.015547599999977, 35.4518181 ], [ -76.0065589, 35.4734457 ], [ -75.993126499999988, 35.4829632 ], [ -75.9831638, 35.4950779 ], [ -75.978713199999987, 35.50407 ], [ -75.9807179, 35.512289 ], [ -75.9776036, 35.51722909999998 ], [ -75.959597799999983, 35.5218012 ], [ -75.949049, 35.532891299999989 ], [ -75.930162399999986, 35.5429968 ], [ -75.913219199999986, 35.5664027 ], [ -75.8889645, 35.5792968 ], [ -75.8938043, 35.5991153 ], [ -75.8832518, 35.632791899999987 ], [ -75.8713334, 35.6283072 ], [ -75.8693663, 35.613608899999988 ], [ -75.855497, 35.601163 ], [ -75.853367299999988, 35.5879008 ], [ -75.84266239999998, 35.587224399999982 ], [ -75.829446499999989, 35.5914553 ], [ -75.817178900000016, 35.592057 ], [ -75.8117441, 35.5867578 ], [ -75.8114068, 35.577928 ], [ -75.8079074, 35.5754784 ], [ -75.7809415, 35.5798469 ], [ -75.780911, 35.5957483 ], [ -75.752444099999977, 35.608228 ], [ -75.736619800000014, 35.6309963 ], [ -75.7421621, 35.6466951 ], [ -75.7548462, 35.6513802 ], [ -75.7654692, 35.661128 ], [ -75.768237699999986, 35.676117 ], [ -75.7752881, 35.6836456 ], [ -75.7761017, 35.689763299999989 ], [ -75.7736498, 35.696108599999988 ], [ -75.763402299999981, 35.704289899999985 ], [ -75.7540018, 35.704059199999989 ], [ -75.7434471, 35.6987225 ], [ -75.7339561, 35.6842027 ], [ -75.7267935, 35.6866164 ], [ -75.718916899999982, 35.6967768 ], [ -75.719134199999985, 35.7068355 ], [ -75.72725149999998, 35.724561 ], [ -75.7280438, 35.737986899999989 ], [ -75.736058, 35.7497933 ], [ -75.735935199999986, 35.761795399999983 ], [ -75.7397273, 35.7719373 ], [ -75.733282800000012, 35.8012682 ], [ -75.7305422, 35.824437599999989 ], [ -75.7365543, 35.8370484 ], [ -75.7493429, 35.8509352 ], [ -75.7512804, 35.8835043 ], [ -75.7655073, 35.8948008 ], [ -75.7712674, 35.9059088 ], [ -75.770581, 35.9114011 ], [ -75.779706899999979, 35.9176098 ], [ -75.7845807, 35.932929699999974 ], [ -75.7938624, 35.9385316 ], [ -75.8052013, 35.9371303 ], [ -75.8151501, 35.940511399999984 ], [ -75.8210104, 35.949212 ], [ -75.8220156, 35.9628402 ], [ -75.836918199999985, 35.9698566 ], [ -75.8560318, 35.973940699999986 ], [ -75.8513135, 35.9617794 ], [ -75.8632907, 35.943907299999985 ], [ -75.842447199999981, 35.9405114 ], [ -75.819247299999986, 35.9294572 ], [ -75.815513799999977, 35.924541 ], [ -75.8303854, 35.9217629 ], [ -75.8500538, 35.9254865 ], [ -75.865202600000018, 35.9235829 ], [ -75.8940429, 35.9337311 ], [ -75.904156599999979, 35.931368199999987 ], [ -75.90742539999998, 35.9282841 ], [ -75.906927899999985, 35.9233322 ], [ -75.89614060000001, 35.911211099999989 ], [ -75.8913573, 35.897854499999987 ], [ -75.8735758, 35.889378199999989 ], [ -75.8637513, 35.888425799999986 ], [ -75.8645268, 35.878679399999989 ], [ -75.884224199999977, 35.8885192 ], [ -75.900123400000012, 35.888302 ], [ -75.9061107, 35.907603299999984 ], [ -75.9136884, 35.9118689 ], [ -75.922369300000014, 35.912548199999989 ], [ -75.9226463, 35.920648299999989 ], [ -75.9298992, 35.92417 ], [ -75.9410234, 35.9216938 ], [ -75.9608196, 35.904225100000012 ], [ -75.981578499999983, 35.8907303 ], [ -75.9818117, 35.8725151 ], [ -75.9851926, 35.8603556 ], [ -75.9784355, 35.8379097 ], [ -75.991032699999977, 35.8108362 ], [ -75.9884333, 35.8012682 ], [ -75.984487899999976, 35.7867436 ], [ -75.9843181, 35.771756499999988 ], [ -75.9900162, 35.7444562 ], [ -76.0005344, 35.7217581 ], [ -76.0003585, 35.6955573 ], [ -76.0048123, 35.6804462 ], [ -76.0166238, 35.6578771 ], [ -76.0301683, 35.648707 ], [ -76.035535399999986, 35.646908599999989 ], [ -76.042773799999978, 35.6501072 ], [ -76.0442631, 35.651448300000013 ], [ -76.047481, 35.660167099999988 ], [ -76.042773799999978, 35.6723193 ], [ -76.0402815, 35.6785108 ], [ -76.039232, 35.691916499999984 ], [ -76.042773799999978, 35.6963137 ], [ -76.0469674, 35.701519699999984 ], [ -76.0564987, 35.7020134 ], [ -76.059065199999978, 35.7063477 ], [ -76.0595311, 35.7164783 ], [ -76.052821, 35.7288412 ], [ -76.0489828, 35.7459874 ], [ -76.0561621, 35.7637898 ], [ -76.0528268, 35.8012682 ], [ -76.0524742, 35.805229499999989 ], [ -76.061139199999985, 35.8211177 ], [ -76.063854, 35.8359448 ], [ -76.058207399999986, 35.8596697 ], [ -76.0467087, 35.870648299999985 ], [ -76.042773799999978, 35.882067499999984 ], [ -76.0390108, 35.892986399999984 ], [ -76.0301683, 35.9039632 ], [ -76.015865499999975, 35.921715 ], [ -76.0187793, 35.935751199999984 ], [ -76.0179264, 35.9405114 ], [ -76.0153646, 35.9548088 ], [ -76.0213791, 35.9652313 ], [ -76.035747299999983, 35.975508499999989 ], [ -76.042773799999978, 35.9805339 ], [ -76.044632900000011, 35.981863499999989 ], [ -76.062658, 35.9893611 ], [ -76.1630441, 35.9937831 ], [ -76.1967768, 35.9868042 ], [ -76.26592669999998, 35.9724959 ], [ -76.287617899999987, 35.9623238 ], [ -76.301747, 35.9552956 ], [ -76.3099378, 35.949028499999983 ], [ -76.310535899999977, 35.9465659 ], [ -76.3055149, 35.9419633 ], [ -76.3013052, 35.940511399999984 ], [ -76.2877385, 35.935532 ], [ -76.269587499999986, 35.9219402 ], [ -76.2772281, 35.919933799999988 ], [ -76.293026599999976, 35.9270263 ], [ -76.3107382, 35.927742 ], [ -76.32146, 35.9355684 ], [ -76.3416283, 35.9399103 ], [ -76.3771839, 35.9334533 ], [ -76.377031599999981, 35.9405114 ], [ -76.3803274, 35.962821 ], [ -76.387268899999981, 35.9728988 ], [ -76.4017852, 35.9799351 ], [ -76.437345599999986, 35.9726013 ], [ -76.491721, 35.9580802 ], [ -76.518768100000017, 35.9477487 ], [ -76.550161499999987, 35.941534 ], [ -76.5938214, 35.9404519 ], [ -76.6122129, 35.9363268 ], [ -76.6409205, 35.9359679 ], [ -76.660861399999987, 35.9329825 ], [ -76.683226500000018, 35.9386102 ], [ -76.7045149, 35.943966599999989 ], [ -76.7226283, 35.9360938 ], [ -76.733838699999978, 35.936670199999988 ], [ -76.718956, 35.9631579 ], [ -76.6992411, 35.9756636 ], [ -76.6856523, 35.9878504 ], [ -76.683226500000018, 35.9986535 ], [ -76.680723599999979, 36.0097987 ], [ -76.651455299999981, 36.032628599999988 ], [ -76.627053499999988, 36.0437067 ], [ -76.6191621, 36.0560649 ], [ -76.607442299999988, 36.0535596 ], [ -76.5989813, 36.0321421 ], [ -76.5902116, 36.021771 ], [ -76.5787066, 36.0133962 ], [ -76.5169569, 36.0087205 ], [ -76.464011399999976, 36.0248969 ], [ -76.437345599999986, 36.0498058 ], [ -76.4147588, 36.0664413 ], [ -76.422699599999987, 36.071664399999989 ], [ -76.437345599999986, 36.0744233 ], [ -76.449991400000016, 36.0768054 ], [ -76.464133799999985, 36.0848556 ], [ -76.478399799999977, 36.089360699999986 ], [ -76.4773333, 36.093163799999985 ], [ -76.460931799999983, 36.090273 ], [ -76.4455139, 36.0806086 ], [ -76.437345599999986, 36.079686899999984 ], [ -76.426696399999983, 36.078732299999984 ], [ -76.4171818, 36.081092499999983 ], [ -76.41624920000001, 36.090256799999977 ], [ -76.3951492, 36.081811799999983 ], [ -76.350877199999985, 36.0876829 ], [ -76.327081799999988, 36.0868116 ], [ -76.3082079, 36.0960406 ], [ -76.31021029999998, 36.1003871 ], [ -76.329704100000015, 36.1062372 ], [ -76.347732299999976, 36.11804 ], [ -76.3689884, 36.119228599999978 ], [ -76.3792892, 36.1228955 ], [ -76.408211299999977, 36.147986499999988 ], [ -76.437345599999986, 36.166253499999989 ], [ -76.4506577, 36.1792784 ], [ -76.4536289, 36.187445699999984 ], [ -76.4493285, 36.1916201 ], [ -76.437345599999986, 36.1902869 ], [ -76.4041818, 36.1707582 ], [ -76.3926201, 36.1690549 ], [ -76.3853443, 36.1551204 ], [ -76.3716287, 36.1401642 ], [ -76.340318099999976, 36.139391099999983 ], [ -76.293024799999984, 36.121796 ], [ -76.269825, 36.10989 ], [ -76.2330802, 36.099541299999977 ], [ -76.220038799999983, 36.0983472 ], [ -76.213765599999988, 36.0989946 ], [ -76.1976384, 36.107432 ], [ -76.2262981, 36.125819899999989 ], [ -76.2484059, 36.1583915 ], [ -76.2679586, 36.174014699999987 ], [ -76.277847900000012, 36.179016 ], [ -76.2788809, 36.1901157 ], [ -76.284739799999983, 36.2016548 ], [ -76.283770699999977, 36.2058711 ], [ -76.2664103, 36.191101599999982 ], [ -76.252773599999983, 36.184309299999981 ], [ -76.2457361, 36.176671 ], [ -76.2334737, 36.172223699999982 ], [ -76.225686700000011, 36.1583446 ], [ -76.2064028, 36.1392417 ], [ -76.1967768, 36.134014899999983 ], [ -76.182722, 36.1267038 ], [ -76.1673385, 36.125442099999987 ], [ -76.093722399999976, 36.1361668 ], [ -76.068083699999988, 36.1441715 ], [ -76.034907600000011, 36.167107 ], [ -76.0056024, 36.1818331 ], [ -75.9124502, 36.162168099999988 ], [ -75.8688708, 36.1283952 ], [ -75.8371346, 36.0962999 ], [ -75.80574679999998, 36.0777604 ], [ -75.799054599999977, 36.0766091 ], [ -75.7955663, 36.0791271 ], [ -75.8020458, 36.116984099999989 ], [ -75.821177599999984, 36.1459527 ], [ -75.825991499999986, 36.1638024 ], [ -75.838990699999982, 36.180526899999983 ], [ -75.8442046, 36.202308 ], [ -75.843288799999982, 36.211569499999975 ], [ -75.857896699999984, 36.2260567 ], [ -75.86706479999998, 36.246441099999984 ], [ -75.8663245, 36.2544179 ], [ -75.8605157, 36.2617733 ], [ -75.862438699999984, 36.2803934 ], [ -75.8835432, 36.290942099999988 ], [ -75.9011493, 36.3283344 ], [ -75.9233233, 36.360270699999987 ], [ -75.918808099999978, 36.386749699999982 ], [ -75.9267717, 36.420176699999985 ], [ -75.933022, 36.4221114 ], [ -75.937321, 36.4175438 ], [ -75.933627699999988, 36.3945406 ], [ -75.936306699999989, 36.3918319 ], [ -75.946111, 36.389663799999987 ], [ -75.9450308, 36.371756199999986 ], [ -75.9495465, 36.368361699999987 ], [ -75.9888215, 36.4063654 ], [ -75.994903, 36.4172958 ], [ -75.9926228, 36.4274446 ], [ -75.974381299999976, 36.427381 ], [ -75.974153799999982, 36.432617699999987 ], [ -76.010475499999984, 36.4493752 ], [ -76.0438527, 36.4997915 ], [ -76.0503561, 36.5013678 ], [ -76.0667301, 36.4998079 ], [ -76.07922139999998, 36.5077702 ], [ -76.0784403, 36.5116927 ], [ -76.073888, 36.513853 ], [ -76.058345499999987, 36.5081954 ], [ -76.0485408, 36.5077972 ], [ -76.0303796, 36.521094599999984 ], [ -76.0342985, 36.5515596 ], [ -76.05217829999998, 36.5872075 ], [ -76.0501769, 36.592779299999982 ], [ -76.018161, 36.5659807 ], [ -76.010666199999989, 36.5488528 ], [ -75.9986682, 36.5339494 ], [ -75.973028399999976, 36.521515 ], [ -75.984064899999979, 36.5026791 ], [ -75.981671599999984, 36.493829099999985 ], [ -75.9741587, 36.4917778 ], [ -75.957178, 36.495356 ], [ -75.922200599999982, 36.485826599999989 ], [ -75.9084375, 36.4900044 ], [ -75.911338199999989, 36.5365059 ], [ -75.923865, 36.5613535 ], [ -75.9511082, 36.5580074 ], [ -75.9506865, 36.561429499999988 ], [ -75.9534386, 36.5623484 ], [ -75.9572136, 36.5584026 ], [ -75.9683602, 36.567061699999989 ], [ -75.973051499999983, 36.567361399999989 ], [ -75.9772822, 36.562448099999983 ], [ -75.965427499999976, 36.5511414 ], [ -75.964908599999987, 36.546118499999984 ], [ -75.9684545, 36.543521 ], [ -75.9846012, 36.553619 ], [ -75.9909322, 36.565374499999983 ], [ -75.9852962, 36.588810699999989 ], [ -75.9922106, 36.6380377 ], [ -75.9777351, 36.6507955 ], [ -75.9721841, 36.6644546 ], [ -75.971527099999989, 36.6772836 ], [ -75.9599984, 36.6939795 ], [ -75.9603754, 36.6994937 ], [ -75.967071899999979, 36.7102554 ], [ -75.9507151, 36.7190976 ], [ -75.941169, 36.7176972 ], [ -75.933104699999987, 36.708388 ], [ -75.9194061, 36.674613 ], [ -75.9136877, 36.6350471 ], [ -75.906803499999981, 36.6181578 ], [ -75.89184659999998, 36.5952474 ], [ -75.8899774, 36.5712745 ], [ -75.8981576, 36.5619195 ], [ -75.8925962, 36.539960699999988 ], [ -75.901248899999985, 36.5265467 ], [ -75.892708, 36.5201214 ], [ -75.88295429999998, 36.5203933 ], [ -75.879725, 36.518455199999984 ], [ -75.8784328, 36.4820469 ], [ -75.869237, 36.4548878 ], [ -75.8717087, 36.4523914 ], [ -75.881166799999988, 36.4507439 ], [ -75.8850173, 36.4450749 ], [ -75.8809199, 36.4419214 ], [ -75.876130299999986, 36.4446049 ], [ -75.8719517, 36.443990600000014 ], [ -75.8593435, 36.431914899999981 ], [ -75.8463765, 36.4239167 ], [ -75.839319799999984, 36.3927168 ], [ -75.841477399999988, 36.3795587 ], [ -75.8315452, 36.367854 ], [ -75.824765199999987, 36.3458833 ], [ -75.826726, 36.3242453 ], [ -75.845025899999982, 36.3228695 ], [ -75.8377769, 36.3124565 ] ], [ [ -80.3817666, 25.1867416 ], [ -80.3733522, 25.1889613 ], [ -80.372029, 25.1860167 ], [ -80.372056499999985, 25.1799517 ], [ -80.37339, 25.1781639 ], [ -80.3782402, 25.1782148 ], [ -80.3834555, 25.180922 ], [ -80.3849991, 25.183477399999987 ], [ -80.3817666, 25.1867416 ] ], [ [ -80.45732719999998, 25.235800199999986 ], [ -80.4414839, 25.243233300000011 ], [ -80.4356217, 25.2397836 ], [ -80.436039499999978, 25.2332675 ], [ -80.4431601, 25.2274624 ], [ -80.452333799999977, 25.2244779 ], [ -80.4338719, 25.2246872 ], [ -80.424753599999988, 25.211771099999986 ], [ -80.422016199999987, 25.2025785 ], [ -80.4244543, 25.2010133 ], [ -80.407132599999983, 25.1902102 ], [ -80.389161099999981, 25.182397499999986 ], [ -80.3918939, 25.1733553 ], [ -80.3846266, 25.1703167 ], [ -80.387015300000016, 25.1626444 ], [ -80.3948531, 25.1604847 ], [ -80.3931079, 25.1542839 ], [ -80.397262899999987, 25.145421499999987 ], [ -80.407132599999983, 25.1383453 ], [ -80.4230743, 25.142843499999984 ], [ -80.425799699999985, 25.1472727 ], [ -80.4346546, 25.1449449 ], [ -80.4449984, 25.151875499999985 ], [ -80.4537907, 25.153869799999988 ], [ -80.456921299999976, 25.1614922 ], [ -80.454510499999984, 25.1703167 ], [ -80.4386568, 25.1790844 ], [ -80.4383098, 25.1959835 ], [ -80.4519855, 25.2027449 ], [ -80.461350599999989, 25.2124369 ], [ -80.463283, 25.2196478 ], [ -80.4801051, 25.219493699999987 ], [ -80.487008099999983, 25.2130976 ], [ -80.4916358, 25.213634 ], [ -80.4948755, 25.219984299999989 ], [ -80.492906, 25.226978499999984 ], [ -80.488057499999982, 25.2282313 ], [ -80.4827487, 25.225771800000011 ], [ -80.4768177, 25.2295727 ], [ -80.4704055, 25.2294518 ], [ -80.4652738, 25.235298299999982 ], [ -80.45732719999998, 25.235800199999986 ] ], [ [ -80.87759, 25.286574 ], [ -80.8845934, 25.2790668 ], [ -80.8877513, 25.2782953 ], [ -80.8845934, 25.2755101 ], [ -80.8861004, 25.2719804 ], [ -80.889352699999989, 25.2747087 ], [ -80.8911019, 25.2798939 ], [ -80.893147, 25.2809976 ], [ -80.8926379, 25.2825034 ], [ -80.885462300000015, 25.2821451 ], [ -80.8845934, 25.290333 ], [ -80.87759, 25.286574 ] ], [ [ -81.1636006, 25.6569173 ], [ -81.1598265, 25.6645374 ], [ -81.155744199999987, 25.6624805 ], [ -81.152747, 25.6578363 ], [ -81.1546398, 25.6530165 ], [ -81.155744199999987, 25.651716 ], [ -81.161091500000012, 25.6500842 ], [ -81.1636006, 25.6517409 ], [ -81.165532399999989, 25.6530165 ], [ -81.1636006, 25.6569173 ] ], [ [ -81.180740299999982, 25.67168359999998 ], [ -81.1741546, 25.6721186 ], [ -81.1706767, 25.6784215 ], [ -81.1648705, 25.6759401 ], [ -81.1636006, 25.670234799999985 ], [ -81.1625374, 25.665458399999988 ], [ -81.1636006, 25.6637811 ], [ -81.170423699999986, 25.6530165 ], [ -81.176693, 25.6530165 ], [ -81.1844454, 25.668104099999987 ], [ -81.180740299999982, 25.67168359999998 ] ], [ [ -82.1849523, 26.8908307 ], [ -82.1867502, 26.8964601 ], [ -82.1887228, 26.901400299999988 ], [ -82.1867502, 26.9020007 ], [ -82.183868600000011, 26.8991817 ], [ -82.1815667, 26.8865732 ], [ -82.1800488, 26.881778199999985 ], [ -82.1739309, 26.873294299999987 ], [ -82.177488599999975, 26.8724751 ], [ -82.180642399999982, 26.8765546 ], [ -82.1837195, 26.884037299999985 ], [ -82.1860141, 26.8849599 ], [ -82.1849523, 26.8908307 ] ], [ [ -90.684371199999987, 29.3115707 ], [ -90.6858238, 29.312895399999984 ], [ -90.6866791, 29.3209669 ], [ -90.6828255, 29.3208999 ], [ -90.680002099999982, 29.3146136 ], [ -90.679503299999979, 29.3104466 ], [ -90.676278199999985, 29.3088312 ], [ -90.676366399999978, 29.3049344 ], [ -90.671392499999982, 29.3019889 ], [ -90.670301400000014, 29.297811399999983 ], [ -90.666193499999977, 29.2959205 ], [ -90.6642255, 29.291208099999988 ], [ -90.6728221, 29.2916054 ], [ -90.672247699999986, 29.2904381 ], [ -90.6639469, 29.290423499999982 ], [ -90.663834799999989, 29.288862099999985 ], [ -90.6722017, 29.2793923 ], [ -90.672254799999976, 29.2770539 ], [ -90.677632599999981, 29.275198 ], [ -90.6790881, 29.2763947 ], [ -90.6840196, 29.2752525 ], [ -90.6853729, 29.277023399999987 ], [ -90.6890795, 29.2776661 ], [ -90.683996, 29.2821964 ], [ -90.6904804, 29.283868 ], [ -90.692346, 29.280001699999985 ], [ -90.691204499999984, 29.2780323 ], [ -90.6950538, 29.2782293 ], [ -90.6954889, 29.285254 ], [ -90.6916013, 29.2867462 ], [ -90.6914154, 29.2895206 ], [ -90.6850349, 29.2846368 ], [ -90.678941599999987, 29.2874672 ], [ -90.6822369, 29.2898741 ], [ -90.6836561, 29.286374399999989 ], [ -90.6877213, 29.2880436 ], [ -90.6873881, 29.289532099999988 ], [ -90.6787122, 29.293018 ], [ -90.683940599999985, 29.297788899999983 ], [ -90.6830349, 29.2937297 ], [ -90.689633199999989, 29.2951583 ], [ -90.6920334, 29.2939002 ], [ -90.6950263, 29.2992803 ], [ -90.6926915, 29.304178 ], [ -90.687521300000014, 29.3042524 ], [ -90.6874328, 29.300708299999989 ], [ -90.684172499999988, 29.3006518 ], [ -90.683509399999977, 29.3037589 ], [ -90.684938299999985, 29.306122899999988 ], [ -90.684371199999987, 29.3115707 ] ], [ [ -91.9592295, 29.837519699999984 ], [ -91.953093099999975, 29.8372164 ], [ -91.9472679, 29.8351307 ], [ -91.945855199999983, 29.8360309 ], [ -91.938837299999989, 29.8306031 ], [ -91.9406195, 29.8279406 ], [ -91.9490978, 29.827881399999985 ], [ -91.955516800000012, 29.8290787 ], [ -91.961334099999988, 29.8345792 ], [ -91.959608699999976, 29.8358754 ], [ -91.9592295, 29.837519699999984 ] ], [ [ -97.203027599999984, 28.063018099999983 ], [ -97.204829699999976, 28.0650806 ], [ -97.210891, 28.0638227 ], [ -97.218031399999987, 28.067796599999983 ], [ -97.2183989, 28.0696944 ], [ -97.214992299999977, 28.071092 ], [ -97.2154063, 28.0676678 ], [ -97.20775639999998, 28.0697681 ], [ -97.1998209, 28.0680931 ], [ -97.198952099999985, 28.0633948 ], [ -97.202484799999979, 28.0589548 ], [ -97.208171399999983, 28.0601116 ], [ -97.208388599999978, 28.0612071 ], [ -97.203027599999984, 28.063018099999983 ] ] ] } }
]
}
