{
"type": "FeatureCollection",
"name": "gfohl",
"crs": { "type": "name", "properties": { "name": "urn:ogc:def:crs:OGC:1.3:CRS84" } },
"features": [
{ "type": "Feature", "properties": { "name": "Gföhl", "feature_type": "entity", "metric_roundness": 34.59, "metric_rectangularity": 46.8, "metric_mobile_fit": 19.34, "metric_aspect_ratio": 1.369, "metric_area_km2": 183.86 }, "geometry": { "type": "Polygon", "coordinates": [ [ [ 15.439750127532509, 48.482946374398949 ], [ 15.439788134440359, 48.482992207851801 ], [ 15.439810768252888, 48.48301951303683 ], [ 15.439982335715369, 48.482908805624113 ], [ 15.440271355960119, 48.482810736254777 ], [ 15.44046452407385, 48.482745167507623 ], [ 15.440509109234194, 48.482779724798192 ], [ 15.440618956529516, 48.482864662453096 ], [ 15.440704104991221, 48.482855118526075 ], [ 15.440859978285893, 48.482837460392872 ], [ 15.440917372568773, 48.482831026337649 ], [ 15.44080160029562, 48.482750154874815 ], [ 15.440522173405288, 48.482380165892579 ], [ 15.440281011327107, 48.482141844127426 ], [ 15.440274101903864, 48.482135040412679 ], [ 15.440033333378919, 48.481922894714195 ], [ 15.440020238155212, 48.481857356774618 ], [ 15.439963296391189, 48.481649274166244 ], [ 15.439933406757753, 48.481540309626965 ], [ 15.439923941582009, 48.481527253500374 ], [ 15.439902159686641, 48.481497593533277 ], [ 15.439900754963688, 48.481489700778106 ], [ 15.439826347022448, 48.481082361280727 ], [ 15.439889214194404, 48.480712496806746 ], [ 15.439894332585945, 48.480695308642979 ], [ 15.439906973374519, 48.480653510747509 ], [ 15.439948255714359, 48.480560718571368 ], [ 15.440022695989065, 48.480434756307062 ], [ 15.440058149201041, 48.48037491126609 ], [ 15.440157919826067, 48.480206382260839 ], [ 15.440221601213683, 48.480098699496516 ], [ 15.440328786613447, 48.479879738702749 ], [ 15.440484184435219, 48.479562101721378 ], [ 15.440727676119044, 48.479303970626972 ], [ 15.440913234415595, 48.479165025737124 ], [ 15.441047758280513, 48.479102043272214 ], [ 15.441125183931145, 48.47906591466726 ], [ 15.441168752063172, 48.479045783214985 ], [ 15.441265178517714, 48.47900103366451 ], [ 15.441559676689515, 48.478994639605645 ], [ 15.441566979388295, 48.478994507816552 ], [ 15.441702737721771, 48.478994937061771 ], [ 15.442008903964854, 48.478995889471392 ], [ 15.442013048524172, 48.478994644940919 ], [ 15.442204037648171, 48.478935770637406 ], [ 15.442415471223143, 48.478870498356294 ], [ 15.442457570748752, 48.478857501219395 ], [ 15.442993707619715, 48.478670562854923 ], [ 15.443557584166792, 48.478579667763093 ], [ 15.443562795118259, 48.478574714795677 ], [ 15.443768986283878, 48.478384554581773 ], [ 15.443855840065725, 48.478304344271343 ], [ 15.443964476367695, 48.478204125022664 ], [ 15.444070034971411, 48.478104771076339 ], [ 15.44419038964997, 48.478059496688999 ], [ 15.444197512120814, 48.478054959042439 ], [ 15.444304923042129, 48.477987693724629 ], [ 15.444593102427028, 48.477807027694119 ], [ 15.445036300466157, 48.477584957951947 ], [ 15.445032004633546, 48.477549404097061 ], [ 15.445016274552156, 48.47741625023626 ], [ 15.44500325479663, 48.477306351822705 ], [ 15.445330362959739, 48.477197502832077 ], [ 15.44560562963075, 48.477134759557075 ], [ 15.446071424101012, 48.477028619399327 ], [ 15.446236939461913, 48.476975867603471 ], [ 15.446593702563586, 48.476801424032615 ], [ 15.44663115732738, 48.476813883333527 ], [ 15.446734738264899, 48.476848270819147 ], [ 15.447274070066928, 48.476419571461477 ], [ 15.447318261728194, 48.476385029734985 ], [ 15.447396680416974, 48.476323774751272 ], [ 15.44743076487879, 48.476296884124132 ], [ 15.447150852425635, 48.476166621657946 ], [ 15.447026967198584, 48.476108937552169 ], [ 15.446983569175737, 48.476066982932011 ], [ 15.446954743607725, 48.476040510895267 ], [ 15.446929288636266, 48.476017037140615 ], [ 15.446944138669528, 48.475979787207891 ], [ 15.446990664588828, 48.47586341272779 ], [ 15.447040916691055, 48.475715748185337 ], [ 15.447129541014631, 48.475649269872783 ], [ 15.447418655576573, 48.475432497869228 ], [ 15.447461599993831, 48.475410485671446 ], [ 15.44748241078463, 48.475399851451968 ], [ 15.448001966449304, 48.475162890801371 ], [ 15.448242499501054, 48.475005752203849 ], [ 15.448431137594035, 48.474599231753345 ], [ 15.448473047470626, 48.474509033958896 ], [ 15.448464455963935, 48.474487594616676 ], [ 15.448455410923705, 48.474464993761629 ], [ 15.448437935406574, 48.474421580497172 ], [ 15.448480713486981, 48.474303023644595 ], [ 15.448485204856675, 48.474290435262489 ], [ 15.448508297276453, 48.474226492071864 ], [ 15.448516440224212, 48.474203939896277 ], [ 15.448554984327595, 48.474209990348719 ], [ 15.44863959657139, 48.474230682909003 ], [ 15.448648072426566, 48.474232778890432 ], [ 15.448671029165393, 48.474238211787572 ], [ 15.448755476815871, 48.474258187415494 ], [ 15.44880289252262, 48.474269385873299 ], [ 15.44923685253624, 48.47449349133322 ], [ 15.449391413839649, 48.474573292077885 ], [ 15.449432748198202, 48.474594588100842 ], [ 15.449637266875454, 48.474698047730826 ], [ 15.449756799794159, 48.474758507320715 ], [ 15.449995588652563, 48.474879251205067 ], [ 15.450070510628798, 48.474944117992059 ], [ 15.450225496386034, 48.47501770143348 ], [ 15.450278633967759, 48.475043012269381 ], [ 15.45043362031808, 48.475116595431359 ], [ 15.450470975907665, 48.475096932859017 ], [ 15.450581580840927, 48.475038601414234 ], [ 15.45090990782756, 48.474956797761557 ], [ 15.451029392183216, 48.474926918185247 ], [ 15.451079883672156, 48.474920694053736 ], [ 15.451223007364025, 48.474902982743423 ], [ 15.45131335179291, 48.474891806930039 ], [ 15.451473066033923, 48.474889270862967 ], [ 15.451940725696495, 48.47488213955544 ], [ 15.452187173838265, 48.474889276751519 ], [ 15.452410995380907, 48.474895744153287 ], [ 15.452760719807115, 48.474933129035961 ], [ 15.45284092311708, 48.474961726760597 ], [ 15.452898738100485, 48.474982272654366 ], [ 15.453057767038473, 48.475038863012223 ], [ 15.453118980513294, 48.475076263166109 ], [ 15.453135215113569, 48.475086046195123 ], [ 15.453184902429676, 48.475116277209963 ], [ 15.453273375392316, 48.475168299048562 ], [ 15.453413710781161, 48.475250782203183 ], [ 15.453723774218181, 48.47543285035804 ], [ 15.45412524552891, 48.475622975927067 ], [ 15.454387049507769, 48.475746892353953 ], [ 15.454602206454346, 48.475848710672928 ], [ 15.454773661646978, 48.475954021643268 ], [ 15.454824473199768, 48.475985221332408 ], [ 15.454684435495853, 48.476223059405392 ], [ 15.454509733501411, 48.476519743065495 ], [ 15.454493043027551, 48.476548299511805 ], [ 15.454751365640066, 48.476603804436706 ], [ 15.454940737252443, 48.476644454883534 ], [ 15.455475875103767, 48.476813522597133 ], [ 15.455508118674524, 48.476814376501203 ], [ 15.455544963720342, 48.4768152367798 ], [ 15.455640199535457, 48.476817645609678 ], [ 15.455677450272196, 48.476818498476007 ], [ 15.456044171795501, 48.477348019643223 ], [ 15.456119756062675, 48.47759003912568 ], [ 15.456149532529832, 48.477685595505108 ], [ 15.456150035866235, 48.4777472219087 ], [ 15.45615109428771, 48.477871733474771 ], [ 15.456117135054724, 48.477997061323784 ], [ 15.456081974869988, 48.478126100109648 ], [ 15.456071393232955, 48.478164983311274 ], [ 15.456069882842071, 48.478171039342016 ], [ 15.456089897225183, 48.478170675656095 ], [ 15.456102883223609, 48.478170529661654 ], [ 15.456136698694467, 48.478170095139255 ], [ 15.456253693122354, 48.478168418985796 ], [ 15.456265187868118, 48.478168210094466 ], [ 15.456289127681829, 48.478167865017099 ], [ 15.456334032197745, 48.478167228915595 ], [ 15.456363655463365, 48.478166870513995 ], [ 15.456517181941438, 48.478135377006573 ], [ 15.456686675155062, 48.478100533793338 ], [ 15.456706800997152, 48.478096298882278 ], [ 15.456800588782707, 48.478076598317358 ], [ 15.456849954862381, 48.478065983235801 ], [ 15.456884563719928, 48.478058515718267 ], [ 15.4570250312262, 48.478028698580658 ], [ 15.457292788684747, 48.477997466784906 ], [ 15.45779611543561, 48.477938825954773 ], [ 15.457872484743982, 48.477929968824107 ], [ 15.457904269932213, 48.477926241489925 ], [ 15.458361929441418, 48.477872747725691 ], [ 15.458515141615823, 48.477859972895395 ], [ 15.458629916390633, 48.477850416578988 ], [ 15.458705175658459, 48.477844188484468 ], [ 15.459050036868744, 48.477815418882138 ], [ 15.459171629853552, 48.477774245310862 ], [ 15.459263995706804, 48.477743051302063 ], [ 15.459590333793342, 48.477632556317786 ], [ 15.459791607120819, 48.477564377709939 ], [ 15.459906001184779, 48.477486442987981 ], [ 15.460163874237969, 48.477310608174861 ], [ 15.46019691338458, 48.477288051754144 ], [ 15.460251207066898, 48.477295251321173 ], [ 15.460445931985035, 48.477321128903377 ], [ 15.461076478540273, 48.477486274552305 ], [ 15.461167442217665, 48.477480208706126 ], [ 15.461173516465355, 48.477479828126071 ], [ 15.461370026386914, 48.477466890689605 ], [ 15.461453972747233, 48.477435038475349 ], [ 15.461462231035853, 48.477431828740684 ], [ 15.461478623495871, 48.477425681467928 ], [ 15.461436966893892, 48.477377041830565 ], [ 15.46141904978102, 48.477356043188472 ], [ 15.461384653115527, 48.477316089227259 ], [ 15.461742816241161, 48.477163617928824 ], [ 15.461955877329551, 48.477072905897728 ], [ 15.462438163979936, 48.476750449423548 ], [ 15.462559297786392, 48.47655712583061 ], [ 15.462855737812751, 48.476443927109223 ], [ 15.462999629192886, 48.476389025996582 ], [ 15.463182599677232, 48.476349788400277 ], [ 15.463418824843021, 48.476299141851683 ], [ 15.463833191889332, 48.47628906581977 ], [ 15.464174991413342, 48.476271674053798 ], [ 15.464213479156969, 48.476269712274473 ], [ 15.464777365787182, 48.476226402357021 ], [ 15.465165380944425, 48.476187739110635 ], [ 15.465277402652278, 48.476213228342772 ], [ 15.465403632830034, 48.476241967331681 ], [ 15.465271641219307, 48.476637495675789 ], [ 15.465230117058637, 48.476687202210336 ], [ 15.465162407189448, 48.476768069525257 ], [ 15.465139471213305, 48.476805829473804 ], [ 15.464872466409956, 48.477245211430521 ], [ 15.464937662140217, 48.477326352765758 ], [ 15.464990951370471, 48.477420668338027 ], [ 15.465156074553091, 48.477712876833159 ], [ 15.465159031458445, 48.477840233403498 ], [ 15.465159886153449, 48.477874049979761 ], [ 15.465115829737512, 48.478088644489254 ], [ 15.465056457373793, 48.478138766586795 ], [ 15.464966483535413, 48.478214731194889 ], [ 15.46490030864561, 48.4785033321131 ], [ 15.464892664124058, 48.478645998567465 ], [ 15.46462162844076, 48.479010950196901 ], [ 15.464614928604838, 48.479022409797928 ], [ 15.464599543723024, 48.479056252689503 ], [ 15.464614224581297, 48.479107003011805 ], [ 15.464631723984789, 48.479170298985615 ], [ 15.464672646940441, 48.47931909765849 ], [ 15.464721834455181, 48.479497618588269 ], [ 15.464758280158273, 48.479616625843398 ], [ 15.464761246733344, 48.479626199481594 ], [ 15.464762821761893, 48.479631569490977 ], [ 15.464834611183401, 48.479865824937043 ], [ 15.464837431416546, 48.47987513130554 ], [ 15.465228023818401, 48.479967071047881 ], [ 15.465627230347453, 48.480061101756611 ], [ 15.465510680719655, 48.480135932110493 ], [ 15.465423396089633, 48.480191872507064 ], [ 15.465347022950761, 48.480318697180834 ], [ 15.465321450603032, 48.480443424982212 ], [ 15.465178035557523, 48.480519914972639 ], [ 15.465027337876297, 48.48060031678348 ], [ 15.464518373279653, 48.480991743714462 ], [ 15.464505570907432, 48.481094733311778 ], [ 15.464158820738055, 48.481471771835103 ], [ 15.463644487814106, 48.481762965885224 ], [ 15.463677602686232, 48.482142433184798 ], [ 15.463697382876218, 48.482369269347537 ], [ 15.46371482204553, 48.482568884555938 ], [ 15.463629868604375, 48.482688036118532 ], [ 15.463624499957445, 48.482695692241805 ], [ 15.463555283471335, 48.482792781884761 ], [ 15.463092572009181, 48.482990533464438 ], [ 15.462172819007845, 48.483399064477389 ], [ 15.461317584245853, 48.483514611487138 ], [ 15.461269175431321, 48.483578118460791 ], [ 15.461264942039739, 48.483583774253205 ], [ 15.461247734266157, 48.4836063124364 ], [ 15.461163395917385, 48.483733998796708 ], [ 15.461050379114749, 48.483891630435828 ], [ 15.461016074309578, 48.483939404069382 ], [ 15.460855954707823, 48.48416600722264 ], [ 15.460716710570818, 48.484173311644611 ], [ 15.460478470480441, 48.484185837526752 ], [ 15.458939211679937, 48.4839310491014 ], [ 15.458526563267609, 48.483862703886409 ], [ 15.458517168306891, 48.483861345143289 ], [ 15.458489806011976, 48.483857523882982 ], [ 15.458464085084026, 48.483890294098252 ], [ 15.458298311632909, 48.484075156296093 ], [ 15.458251720471075, 48.484127021614235 ], [ 15.45824887082526, 48.48413013271837 ], [ 15.458244731603715, 48.484134796914667 ], [ 15.458292274425094, 48.484158676356948 ], [ 15.458298629037474, 48.484161800012217 ], [ 15.45851948458875, 48.484272775651867 ], [ 15.458608907177167, 48.484317757996642 ], [ 15.458669031803359, 48.484348066841832 ], [ 15.458806050211917, 48.484447790045628 ], [ 15.459177907840829, 48.484718608823584 ], [ 15.459248589600834, 48.484952707000609 ], [ 15.459235783301953, 48.484957258999565 ], [ 15.459074103584356, 48.485014727864765 ], [ 15.458988257916731, 48.485033655629302 ], [ 15.458504564749196, 48.485140171604471 ], [ 15.457807998684656, 48.48529365626532 ], [ 15.45772412034782, 48.485465690935065 ], [ 15.457658975533207, 48.485599593888949 ], [ 15.457475600180047, 48.485906245766088 ], [ 15.457285398967082, 48.486139148941341 ], [ 15.457244431105901, 48.486176424979334 ], [ 15.457097513324534, 48.486309924448094 ], [ 15.456956770030997, 48.486422436458277 ], [ 15.456838944608309, 48.486476765527428 ], [ 15.456689373717861, 48.486545798032154 ], [ 15.456589380311348, 48.486586126028264 ], [ 15.45654450580331, 48.486604127405222 ], [ 15.456228993465119, 48.486752296527754 ], [ 15.456111409617295, 48.486858628020386 ], [ 15.456105405986172, 48.486864045828746 ], [ 15.456090774943588, 48.486876908641086 ], [ 15.455959899372164, 48.486992479300291 ], [ 15.455794256932503, 48.487161228800645 ], [ 15.455780241264453, 48.487152845466788 ], [ 15.455766060776561, 48.487143745297416 ], [ 15.455258110519079, 48.486815461976356 ], [ 15.454740575584839, 48.486481052047068 ], [ 15.454715129569015, 48.486464598106046 ], [ 15.454522196454935, 48.486394138634083 ], [ 15.454318822068846, 48.486319909340772 ], [ 15.45394983565954, 48.486177962609851 ], [ 15.453513696241657, 48.486019057696929 ], [ 15.452178102082572, 48.486169346087181 ], [ 15.452155870127596, 48.486171818763815 ], [ 15.451913891988802, 48.486199061241685 ], [ 15.451806511787231, 48.48621117584149 ], [ 15.450653453636489, 48.487660753156163 ], [ 15.450694834689244, 48.487679618539651 ], [ 15.450993595871141, 48.487815560030846 ], [ 15.451155118921314, 48.4878825455935 ], [ 15.451392051067906, 48.487999361642103 ], [ 15.451581320399859, 48.488092657194187 ], [ 15.451541337873699, 48.488210173888852 ], [ 15.451540245963185, 48.488213252946423 ], [ 15.451483526904127, 48.48826925792482 ], [ 15.451448017638567, 48.488304453309368 ], [ 15.451623752404647, 48.488371360574561 ], [ 15.451568023112007, 48.488434995800205 ], [ 15.450910753367991, 48.489185091226531 ], [ 15.450789892316697, 48.489508953737356 ], [ 15.450683668359583, 48.48979368022087 ], [ 15.450598180186136, 48.489768775711788 ], [ 15.450164020523784, 48.489642124512216 ], [ 15.449972625744348, 48.489586206134732 ], [ 15.449780002960637, 48.48953003975835 ], [ 15.449748235087899, 48.489521167460872 ], [ 15.44973591036212, 48.489517701590941 ], [ 15.44969540799123, 48.489583039541607 ], [ 15.449370357081698, 48.490225972011899 ], [ 15.449298358293461, 48.490368361590377 ], [ 15.449292479271133, 48.490366938423591 ], [ 15.448882178000341, 48.490270892876346 ], [ 15.448626943485609, 48.490563173749614 ], [ 15.448604446199719, 48.490588954844256 ], [ 15.448620114663893, 48.490997801665536 ], [ 15.448762464890004, 48.491247523242045 ], [ 15.449753165461223, 48.491576449172534 ], [ 15.449937858299357, 48.491587590303496 ], [ 15.450090667444094, 48.491596969294022 ], [ 15.450140333965694, 48.491599938627949 ], [ 15.450208865386696, 48.491604095811695 ], [ 15.450212938166663, 48.491604381941116 ], [ 15.450221215307778, 48.491604861837686 ], [ 15.450240895496306, 48.491606124911485 ], [ 15.450256773440875, 48.491607096952997 ], [ 15.450364943178279, 48.491613955098892 ], [ 15.45042370954501, 48.49161765922792 ], [ 15.450392098131292, 48.491642346096711 ], [ 15.450361926703732, 48.491665837151658 ], [ 15.450222991810572, 48.491806650579946 ], [ 15.450097047894877, 48.49199689640291 ], [ 15.449992263837261, 48.492155176456123 ], [ 15.449927516843399, 48.492187211755414 ], [ 15.449800939566556, 48.492249789762617 ], [ 15.449434945971547, 48.492429266081956 ], [ 15.449389749550726, 48.492436293030757 ], [ 15.449345766862413, 48.492443208004978 ], [ 15.449169558081277, 48.492470692812212 ], [ 15.449087500722696, 48.492473438281806 ], [ 15.449080876172617, 48.492473648205184 ], [ 15.449029686182806, 48.492476464586957 ], [ 15.449022216516756, 48.492532026308602 ], [ 15.449048422769042, 48.492567003175765 ], [ 15.449044077118641, 48.492662458585023 ], [ 15.449043950283171, 48.492665970025143 ], [ 15.449042342441089, 48.492702710177475 ], [ 15.449040119730373, 48.492714537544643 ], [ 15.449036780135245, 48.492732143728169 ], [ 15.44902823981765, 48.492778097177755 ], [ 15.449024812845023, 48.492796874656776 ], [ 15.449024148608808, 48.492800485804608 ], [ 15.449003756495136, 48.492838015941743 ], [ 15.448959563040713, 48.492919076475609 ], [ 15.4487561988745, 48.493142844430032 ], [ 15.448678727427655, 48.493188156149252 ], [ 15.448652949900547, 48.493203289198249 ], [ 15.448317901885408, 48.493229688860978 ], [ 15.448270539242218, 48.493233425380367 ], [ 15.447891831046238, 48.493433281747421 ], [ 15.44776099881827, 48.493504482311415 ], [ 15.447570307916461, 48.493608168054962 ], [ 15.447151256518239, 48.494142030041942 ], [ 15.447131836916151, 48.494160376906002 ], [ 15.446922759909608, 48.494357341251984 ], [ 15.446885406467482, 48.494347669399126 ], [ 15.446775529030374, 48.494319064180601 ], [ 15.446678573685016, 48.494295263928365 ], [ 15.446623988698299, 48.494631868608778 ], [ 15.446646594454936, 48.494645046456455 ], [ 15.446816342752212, 48.494743921457804 ], [ 15.446691066225883, 48.495106368556172 ], [ 15.446673150636222, 48.495158159890963 ], [ 15.446602701257657, 48.495242843390635 ], [ 15.446377020401098, 48.495513888631017 ], [ 15.44612200365931, 48.495577614976725 ], [ 15.44594243622233, 48.495503480439808 ], [ 15.445758697168207, 48.495413404990629 ], [ 15.445724847665632, 48.495396741130186 ], [ 15.445089636138418, 48.495733851360065 ], [ 15.44502561282621, 48.49575066443068 ], [ 15.444774611956742, 48.495816654633082 ], [ 15.444789120193676, 48.49583375820616 ], [ 15.444864206881913, 48.495921929384131 ], [ 15.444892075048704, 48.495954537655741 ], [ 15.444959485520425, 48.496033759720532 ], [ 15.444962751423379, 48.496037479773257 ], [ 15.445039866287015, 48.496118955837375 ], [ 15.445078504323432, 48.496160007316419 ], [ 15.445170355297984, 48.496201266876881 ], [ 15.444963622363662, 48.496313605791748 ], [ 15.44419058145326, 48.496839544956408 ], [ 15.444033269543386, 48.496935603233418 ], [ 15.44342938397199, 48.497304529824227 ], [ 15.442980716856185, 48.497443457617941 ], [ 15.442267903317665, 48.497661652189151 ], [ 15.441372930350038, 48.497808716802233 ], [ 15.441064566057031, 48.497859447490825 ], [ 15.440319248447393, 48.497958276053303 ], [ 15.44016802004939, 48.497997983247735 ], [ 15.439404525575249, 48.498198898150463 ], [ 15.439202356073249, 48.498274253389788 ], [ 15.439117140876265, 48.498306021331516 ], [ 15.439064735303463, 48.498345565945293 ], [ 15.438859513495267, 48.498495476912368 ], [ 15.43899238637232, 48.498520166152247 ], [ 15.439114077856059, 48.498542897257948 ], [ 15.439162504361507, 48.498551832212129 ], [ 15.439477531602339, 48.498680851583728 ], [ 15.439505208504722, 48.498692229822737 ], [ 15.439563966530683, 48.498715464794103 ], [ 15.439697447535474, 48.498768305239807 ], [ 15.440094571649803, 48.49894830015667 ], [ 15.440121038619003, 48.499059395122842 ], [ 15.44014928378024, 48.49917756624432 ], [ 15.440359229355728, 48.499176570606139 ], [ 15.440331230851797, 48.499289997135612 ], [ 15.440330657171744, 48.499292526847924 ], [ 15.440306426767602, 48.49939544804117 ], [ 15.440304779398044, 48.49960053640396 ], [ 15.44027745615427, 48.499611106473722 ], [ 15.440012497294692, 48.499713868366399 ], [ 15.439896940564466, 48.499758600639105 ], [ 15.439715783759226, 48.499838076731194 ], [ 15.43954293746491, 48.499835883204156 ], [ 15.438842920389119, 48.499924167727421 ], [ 15.438828223061272, 48.500058408869307 ], [ 15.438825633386518, 48.50008121980693 ], [ 15.438812491820128, 48.500200496659325 ], [ 15.438818831329778, 48.500223146731095 ], [ 15.438952591511889, 48.500700946223148 ], [ 15.438942919237784, 48.500842205009349 ], [ 15.438947333219287, 48.500963684913181 ], [ 15.438955969687841, 48.501195311003137 ], [ 15.438691291232985, 48.501225542836131 ], [ 15.438382002622868, 48.501260806499992 ], [ 15.438363003223978, 48.501263038228807 ], [ 15.438347909005193, 48.501264749731149 ], [ 15.437703189720091, 48.501338354445913 ], [ 15.4374665373184, 48.501365289552886 ], [ 15.437441907443763, 48.501375540501648 ], [ 15.437428992842753, 48.501380901713148 ], [ 15.436950594884664, 48.501578915620975 ], [ 15.436864049496902, 48.50161475466664 ], [ 15.43667285137462, 48.501693956611604 ], [ 15.436702052464891, 48.501865647566667 ], [ 15.436740849724547, 48.502093401583025 ], [ 15.43655492799777, 48.502242330659705 ], [ 15.436450693923511, 48.502325905678418 ], [ 15.43762312493873, 48.503519135326606 ], [ 15.437702296209642, 48.503581323783031 ], [ 15.437908334759641, 48.503743082028443 ], [ 15.437559226817486, 48.503967742377114 ], [ 15.437467662956584, 48.504026706274097 ], [ 15.437114588588985, 48.504390001436363 ], [ 15.436757490747658, 48.504757686689743 ], [ 15.436671331776182, 48.504846335061139 ], [ 15.436068258069065, 48.505305182100159 ], [ 15.435938928308579, 48.505351237557548 ], [ 15.435825212857203, 48.505391703348891 ], [ 15.435705361110976, 48.505434438849264 ], [ 15.435688295500311, 48.505630445931729 ], [ 15.435679802830958, 48.505727773914366 ], [ 15.435694636387705, 48.505746222335098 ], [ 15.435722006793391, 48.505779921307862 ], [ 15.43571920350662, 48.50586401030192 ], [ 15.435717421992793, 48.505913349771632 ], [ 15.435716691971548, 48.505935317303297 ], [ 15.435699784027873, 48.505962344608456 ], [ 15.435678031090587, 48.505996747196455 ], [ 15.435694326664276, 48.506061057613422 ], [ 15.43570088873161, 48.506085863224868 ], [ 15.43571095494794, 48.506123562501585 ], [ 15.435709920314681, 48.506128079963545 ], [ 15.435697797084234, 48.506179494958161 ], [ 15.435718713699927, 48.506220958059366 ], [ 15.435733584660754, 48.506250293022525 ], [ 15.435636933211583, 48.50633741965521 ], [ 15.435658660230905, 48.506535068308274 ], [ 15.435695718039911, 48.506563914236082 ], [ 15.435677281615281, 48.506596637570375 ], [ 15.43560836069995, 48.506629909006129 ], [ 15.435602857027384, 48.506631087718006 ], [ 15.435247772491666, 48.506703066867196 ], [ 15.434918315140319, 48.506775933803496 ], [ 15.434361785197346, 48.50689553073137 ], [ 15.43440724449384, 48.507074217637651 ], [ 15.434470027001256, 48.507532061525559 ], [ 15.434486063951018, 48.507649912973562 ], [ 15.434495271285215, 48.507716420375111 ], [ 15.434021712061352, 48.507319765930809 ], [ 15.433942085896962, 48.507253084398769 ], [ 15.433846245286192, 48.507207208938816 ], [ 15.433774438998157, 48.507172958420476 ], [ 15.433462805096958, 48.507078323729289 ], [ 15.432755777234947, 48.506863743249042 ], [ 15.4322719509987, 48.506716862310512 ], [ 15.432137348720232, 48.506700024253185 ], [ 15.432037857115766, 48.506687504358361 ], [ 15.431996778447218, 48.50667294585304 ], [ 15.431805676820462, 48.506605295146969 ], [ 15.431613065376618, 48.506537131377684 ], [ 15.431284391871618, 48.506386201414522 ], [ 15.431294484081965, 48.506427949502672 ], [ 15.431324208691583, 48.506549604591434 ], [ 15.431666351039562, 48.507651258214061 ], [ 15.431684701444205, 48.507919419699626 ], [ 15.431684876486896, 48.507950368590002 ], [ 15.431685143027202, 48.507976906972331 ], [ 15.431685164854198, 48.50798410472747 ], [ 15.431685281460689, 48.508010285893612 ], [ 15.431664665422009, 48.508079398285822 ], [ 15.431605157351971, 48.50808784463009 ], [ 15.431295094831874, 48.508131830249901 ], [ 15.43115036175058, 48.508152333262068 ], [ 15.431146918272741, 48.50823418398371 ], [ 15.431141004852106, 48.508368535506783 ], [ 15.431139138561877, 48.508412567657281 ], [ 15.431109786577819, 48.508416693502376 ], [ 15.430702756804468, 48.508473754770492 ], [ 15.430568383166927, 48.508492631527851 ], [ 15.430555608944804, 48.508491511070233 ], [ 15.430550170851372, 48.508490978802158 ], [ 15.430576847300319, 48.508547635429892 ], [ 15.430867776149752, 48.509165594349255 ], [ 15.430917094108933, 48.509242899167326 ], [ 15.431006489218932, 48.509383368266711 ], [ 15.431052424424854, 48.509470721151402 ], [ 15.431087937373116, 48.509538196240484 ], [ 15.431167330864485, 48.509685772912619 ], [ 15.43117298829503, 48.50969502896212 ], [ 15.431198678971075, 48.509737396827354 ], [ 15.431187173270247, 48.509744171621165 ], [ 15.431164688505055, 48.509757351846801 ], [ 15.431095379913913, 48.509797915517417 ], [ 15.43084017328893, 48.509689214473163 ], [ 15.430780986135979, 48.509665622879503 ], [ 15.430589516949825, 48.509589158988618 ], [ 15.430317946123095, 48.509490917803909 ], [ 15.430124498757968, 48.509435723163953 ], [ 15.429991606334074, 48.509397797319984 ], [ 15.42961064461492, 48.50930007696055 ], [ 15.429598075106485, 48.509297333143458 ], [ 15.429392534476872, 48.509251081928063 ], [ 15.428918594326225, 48.50917122237486 ], [ 15.428524467559066, 48.509112694457187 ], [ 15.42782965024737, 48.509025632282082 ], [ 15.427314074226016, 48.508984122580515 ], [ 15.426597894319865, 48.508941164481975 ], [ 15.426566117722002, 48.508938944252087 ], [ 15.425937918826072, 48.508895036409548 ], [ 15.425902203590395, 48.508892526604001 ], [ 15.425890391152477, 48.508891748325702 ], [ 15.425869838403239, 48.5088891470268 ], [ 15.425850101186784, 48.508886621101709 ], [ 15.425817161940737, 48.508882441996974 ], [ 15.425792524255437, 48.5088792839734 ], [ 15.425555827770195, 48.508849329718814 ], [ 15.425479197602213, 48.50883963417089 ], [ 15.424945508086795, 48.508772075148229 ], [ 15.424938016983702, 48.508781026897992 ], [ 15.424845932331991, 48.508867792447091 ], [ 15.424778994836364, 48.508923515940431 ], [ 15.424661019844908, 48.509016323109648 ], [ 15.424612249547428, 48.509079279493598 ], [ 15.424544137924322, 48.509132774429368 ], [ 15.424253407945155, 48.50932332697802 ], [ 15.424209085773036, 48.50935237242367 ], [ 15.424170436415112, 48.509377717320568 ], [ 15.424161863103565, 48.509383359239344 ], [ 15.424109889217263, 48.509417400242398 ], [ 15.423804889288119, 48.509586702439819 ], [ 15.423642919212273, 48.509676606242252 ], [ 15.423299657528323, 48.509890949656416 ], [ 15.423286228451547, 48.509910444727026 ], [ 15.423280390424232, 48.509916757483737 ], [ 15.423203563282529, 48.509999199873135 ], [ 15.423209861337236, 48.510017622429537 ], [ 15.423101141479535, 48.510028113888417 ], [ 15.422975557877262, 48.510040166381138 ], [ 15.422953435001634, 48.510042271410555 ], [ 15.422922257878845, 48.510078279467223 ], [ 15.422765709583903, 48.510258691355837 ], [ 15.422759757977079, 48.51026554597258 ], [ 15.422701540401043, 48.510332719264696 ], [ 15.422657717258755, 48.510344029796322 ], [ 15.422625283303528, 48.5103523474789 ], [ 15.422592008507268, 48.510339895620604 ], [ 15.422585036640772, 48.510365033682135 ], [ 15.422423837934938, 48.510283426790892 ], [ 15.422385522403726, 48.510276913430303 ], [ 15.42225475888595, 48.510254686704094 ], [ 15.421883533548598, 48.51019320782644 ], [ 15.421442847614751, 48.510165360112957 ], [ 15.421131594920652, 48.510170379836403 ], [ 15.421008580139492, 48.510172306963071 ], [ 15.420606481987127, 48.510224655721245 ], [ 15.420459379682704, 48.510230341500879 ], [ 15.420242511433569, 48.510238712268624 ], [ 15.420147327541377, 48.510242391027347 ], [ 15.420145267536354, 48.510261772724299 ], [ 15.419977406068165, 48.510269807968754 ], [ 15.419935102397696, 48.510271822780908 ], [ 15.419918907848643, 48.510273191574576 ], [ 15.419902581615894, 48.510274652692949 ], [ 15.41984728246705, 48.51046099108386 ], [ 15.419687902010203, 48.510775963793932 ], [ 15.419682757389612, 48.51078604298916 ], [ 15.419589207930519, 48.510903872072248 ], [ 15.419473747636063, 48.511049174965393 ], [ 15.419193673332174, 48.51125949880943 ], [ 15.419088036631354, 48.511312850150425 ], [ 15.418687376062017, 48.511514976946486 ], [ 15.418596695539032, 48.511600002587819 ], [ 15.41855051008768, 48.511643385229874 ], [ 15.418380004325861, 48.511994994603796 ], [ 15.418184421061421, 48.512228732137331 ], [ 15.41774239671129, 48.512593910190887 ], [ 15.417738238927573, 48.512591554969781 ], [ 15.417728533802055, 48.512585969541931 ], [ 15.417718411810979, 48.51258012161761 ], [ 15.416858770717845, 48.512724742096786 ], [ 15.416790213527301, 48.512733971860982 ], [ 15.416774050792505, 48.512736149420761 ], [ 15.416672363397542, 48.51274992852219 ], [ 15.416385215620837, 48.512788876621329 ], [ 15.415867792000626, 48.512876734628833 ], [ 15.415729875069699, 48.512908883607189 ], [ 15.415332623180783, 48.513001436656339 ], [ 15.41520074082475, 48.513032127879484 ], [ 15.415177130278218, 48.513037676991871 ], [ 15.41504713028913, 48.513071393702837 ], [ 15.414581676908934, 48.513192151451314 ], [ 15.414558087979687, 48.513198239907439 ], [ 15.414444839778202, 48.513227608770549 ], [ 15.414230470238328, 48.513268045107679 ], [ 15.414141500601078, 48.513284924705765 ], [ 15.414075593137964, 48.513296085163091 ], [ 15.414001616818972, 48.513308648861305 ], [ 15.413986554523335, 48.513311256324023 ], [ 15.413962611438556, 48.513315281511638 ], [ 15.413936169650844, 48.513321150687069 ], [ 15.413902748885176, 48.513328583682842 ], [ 15.413841763815212, 48.513340916063825 ], [ 15.413809524712507, 48.513347428241737 ], [ 15.413758075282873, 48.513357791352647 ], [ 15.413328643817824, 48.513434984368295 ], [ 15.413064994346087, 48.513469097264483 ], [ 15.412740583816221, 48.513511038571792 ], [ 15.412670393676095, 48.513520114979968 ], [ 15.412608518761296, 48.513533902151217 ], [ 15.411142041336035, 48.513860856018646 ], [ 15.410924334893059, 48.513909353358102 ], [ 15.410638983634612, 48.513972998585842 ], [ 15.410612672841106, 48.513978774691665 ], [ 15.410629762472492, 48.514103897450653 ], [ 15.410651552884227, 48.514261687901922 ], [ 15.410750060874573, 48.514538862733424 ], [ 15.410754028282131, 48.514549949243246 ], [ 15.410729045167919, 48.514555071944123 ], [ 15.410193934044834, 48.514655005433902 ], [ 15.410147157623062, 48.514663754305602 ], [ 15.409923352677227, 48.514705519860087 ], [ 15.40976654320693, 48.514729449506575 ], [ 15.409300009570593, 48.514800448198343 ], [ 15.409274434229847, 48.51480432143795 ], [ 15.409228525256545, 48.514811075064202 ], [ 15.409188944253376, 48.514816906525354 ], [ 15.408767284036456, 48.514879008421545 ], [ 15.408024524838041, 48.514957964690815 ], [ 15.407808242814218, 48.514994913889915 ], [ 15.407658295594359, 48.514990826409978 ], [ 15.407312402056933, 48.515030974147166 ], [ 15.407231656676426, 48.515040324463058 ], [ 15.407221952579002, 48.515041486346455 ], [ 15.407178008052606, 48.515046584745619 ], [ 15.406735588189404, 48.515171850570773 ], [ 15.406566466995763, 48.515219747821746 ], [ 15.406449034521172, 48.515253051915359 ], [ 15.406410606078815, 48.515263990601731 ], [ 15.406376477896382, 48.515233644134341 ], [ 15.406308813649238, 48.515282081235455 ], [ 15.406223674788388, 48.51526298644324 ], [ 15.406143250706512, 48.515293834498131 ], [ 15.406114975676193, 48.515304683035097 ], [ 15.40611575562364, 48.515260041246847 ], [ 15.406116555537118, 48.515219268059923 ], [ 15.406116625652789, 48.515210899074063 ], [ 15.406214336609297, 48.515199089300687 ], [ 15.40623199282043, 48.51519697671884 ], [ 15.406028983069723, 48.515089006277208 ], [ 15.405955416409087, 48.515071415662533 ], [ 15.40582947985879, 48.515041347042114 ], [ 15.405807189755045, 48.515035983751687 ], [ 15.405800085642829, 48.515031071050942 ], [ 15.405730978950645, 48.514982899461359 ], [ 15.405871502847519, 48.51496817159034 ], [ 15.405900598418066, 48.514876600327604 ], [ 15.405954831493014, 48.51486466179685 ], [ 15.405893917235877, 48.514760830024876 ], [ 15.405789803495917, 48.51478516970505 ], [ 15.40579448335343, 48.514753325306557 ], [ 15.405806944316039, 48.51466906705955 ], [ 15.405733228241662, 48.514715181785526 ], [ 15.405682891420168, 48.514746575882704 ], [ 15.405629436745613, 48.514703705269071 ], [ 15.405613767023327, 48.514691206480983 ], [ 15.405561862476423, 48.514649837946877 ], [ 15.405527249776544, 48.514617520361021 ], [ 15.405516278813732, 48.514607367617046 ], [ 15.405442169909493, 48.514488563598789 ], [ 15.405434605880314, 48.514489057572746 ], [ 15.405369649418255, 48.514493627971667 ], [ 15.405320779973396, 48.514433400609711 ], [ 15.40525795654586, 48.514450619720833 ], [ 15.405243690920884, 48.514446103839745 ], [ 15.405211590566335, 48.51443587566709 ], [ 15.405226667437717, 48.514386391733169 ], [ 15.405204198766775, 48.514359707247522 ], [ 15.40518116353191, 48.514332402968456 ], [ 15.40514550514774, 48.514334744463667 ], [ 15.405125208039898, 48.514379012332967 ], [ 15.405060011608791, 48.514374229338834 ], [ 15.404943789595984, 48.514252122414405 ], [ 15.40489033295276, 48.514283391510752 ], [ 15.40487869106706, 48.514290256010675 ], [ 15.404855576502941, 48.514240729070401 ], [ 15.404845892333142, 48.514239011182305 ], [ 15.404828974358226, 48.514235891886962 ], [ 15.40481243922409, 48.514289540490452 ], [ 15.404780551963537, 48.514277868814396 ], [ 15.404755674785864, 48.514268772189844 ], [ 15.404710608432554, 48.514299892533316 ], [ 15.404695343270777, 48.514297463738686 ], [ 15.404688526275658, 48.514296324865434 ], [ 15.404587931425697, 48.514280112064178 ], [ 15.404565977384122, 48.514256117614849 ], [ 15.404531997107842, 48.514219289753001 ], [ 15.404468745988376, 48.514276465238453 ], [ 15.404373986612601, 48.51427067602873 ], [ 15.404371050812859, 48.514288633205879 ], [ 15.404353838351991, 48.514396279159826 ], [ 15.404311710938757, 48.514443272976344 ], [ 15.404315150014066, 48.514468225298472 ], [ 15.404325155116359, 48.514538678982746 ], [ 15.404334978005759, 48.514607966208068 ], [ 15.404375384930862, 48.514892653281173 ], [ 15.404326862458653, 48.515350589311367 ], [ 15.404216655572254, 48.515877819428667 ], [ 15.404214154285981, 48.515930229557988 ], [ 15.404213829451878, 48.515935633850326 ], [ 15.404213237516968, 48.515947881022413 ], [ 15.404209454925539, 48.516022357876928 ], [ 15.404175687944392, 48.516061735509489 ], [ 15.404023933481398, 48.516238796262883 ], [ 15.404056429403434, 48.516302733205777 ], [ 15.404120968577214, 48.516429445397918 ], [ 15.404146735591665, 48.516531561185126 ], [ 15.404154637134047, 48.51656309263894 ], [ 15.404181061090986, 48.516668075997252 ], [ 15.404194821272515, 48.516781471444574 ], [ 15.404199135544195, 48.516818105068836 ], [ 15.404240970467383, 48.517161970542624 ], [ 15.404419336486921, 48.517516283888348 ], [ 15.404568033190788, 48.517728601276502 ], [ 15.404605182820051, 48.517834204266791 ], [ 15.404624882812989, 48.517889730076831 ], [ 15.404639571670542, 48.517931758353917 ], [ 15.40478194048111, 48.51820231178413 ], [ 15.404904585124449, 48.518436954376753 ], [ 15.404949497123367, 48.518523344886404 ], [ 15.404989300472103, 48.518593810253677 ], [ 15.405227122514413, 48.518971452130799 ], [ 15.405295069698159, 48.519112049434284 ], [ 15.405303338446364, 48.519129088222293 ], [ 15.405353304777574, 48.519233384103352 ], [ 15.40539365082007, 48.519317336039435 ], [ 15.405470740572053, 48.519540548681725 ], [ 15.405459663087042, 48.519585102941285 ], [ 15.405453237444908, 48.519610589919658 ], [ 15.405396037906787, 48.519619611481616 ], [ 15.405434256796218, 48.519707919917792 ], [ 15.405435890004325, 48.519711489992993 ], [ 15.405469922216664, 48.519789975310175 ], [ 15.405488595047657, 48.519833372463005 ], [ 15.405535319658092, 48.519941234748067 ], [ 15.405678911535396, 48.520299311483448 ], [ 15.405726633369245, 48.520418492918324 ], [ 15.405845470706401, 48.520790774434545 ], [ 15.405972933042502, 48.521060780743568 ], [ 15.40596730280715, 48.521133040875377 ], [ 15.405951865871124, 48.521325322157594 ], [ 15.405918964476747, 48.521554892910288 ], [ 15.405827827617387, 48.521895895747129 ], [ 15.40579933108609, 48.522002481885245 ], [ 15.405779454558072, 48.522077513798479 ], [ 15.405772781457586, 48.522100215909141 ], [ 15.40576885663747, 48.522113781788981 ], [ 15.405720787787006, 48.522279378774989 ], [ 15.405705909439105, 48.522330478589431 ], [ 15.405679371729812, 48.522411656885552 ], [ 15.405454106450939, 48.523102611302285 ], [ 15.405702383279406, 48.52361179045193 ], [ 15.40603719221596, 48.524278781467473 ], [ 15.406034609822065, 48.52428530546797 ], [ 15.406032631963145, 48.524290019245491 ], [ 15.406026101072396, 48.524306150623289 ], [ 15.405510327049319, 48.524182038851627 ], [ 15.405187369620389, 48.524062966106293 ], [ 15.405115189021938, 48.524036352726753 ], [ 15.405089874267183, 48.524056955737784 ], [ 15.405015837710444, 48.524142664365336 ], [ 15.404786852329339, 48.524407379676553 ], [ 15.404764701016749, 48.524435934365442 ], [ 15.404748593743987, 48.524456464152109 ], [ 15.404740869468222, 48.524466498271501 ], [ 15.40473597140894, 48.524472703361255 ], [ 15.404408208873116, 48.524706326682136 ], [ 15.404276262729002, 48.524800438450484 ], [ 15.403845511442002, 48.52510732441872 ], [ 15.403761550892771, 48.525165225579727 ], [ 15.403486860823412, 48.525354538290152 ], [ 15.403325653634525, 48.525465542424243 ], [ 15.4030590044669, 48.525649403163406 ], [ 15.402458849317131, 48.525914024542637 ], [ 15.401709213518089, 48.526119563999643 ], [ 15.401641658669542, 48.526137404341334 ], [ 15.4013587020758, 48.526212049729686 ], [ 15.401192302465489, 48.526210583739307 ], [ 15.401133241680011, 48.526186885025787 ], [ 15.401129247749498, 48.526185246127049 ], [ 15.400955956746582, 48.526194338778481 ], [ 15.400882695721695, 48.526198243459859 ], [ 15.400856491107021, 48.526156148583517 ], [ 15.400837234237015, 48.526125177741918 ], [ 15.40081667267058, 48.526092070563536 ], [ 15.400748770670408, 48.526114775177724 ], [ 15.400737672659975, 48.526118390449973 ], [ 15.400697038272707, 48.526131975316446 ], [ 15.400459782698292, 48.526079485491643 ], [ 15.400255660144655, 48.526005355356865 ], [ 15.399988749773655, 48.526007193870193 ], [ 15.399810789158199, 48.525869258133419 ], [ 15.399654182229613, 48.525652306574457 ], [ 15.399674275362397, 48.525609483263899 ], [ 15.399676268257027, 48.525605129242635 ], [ 15.3996607290619, 48.525585789277727 ], [ 15.399576329301816, 48.525480660251539 ], [ 15.399571441082051, 48.525395810155132 ], [ 15.399570062758903, 48.525371541239089 ], [ 15.399454523204293, 48.525182205854641 ], [ 15.399428215455359, 48.525086757261676 ], [ 15.399413934082045, 48.525034554129768 ], [ 15.39940896398611, 48.525032212621589 ], [ 15.399338720303971, 48.524999803088726 ], [ 15.399296994374616, 48.524908315864316 ], [ 15.399283317360599, 48.524877965985226 ], [ 15.399278300480853, 48.524874455622026 ], [ 15.399170818601629, 48.524798346205664 ], [ 15.399160446502879, 48.524799789106282 ], [ 15.399126904574386, 48.524804430581916 ], [ 15.399121786202448, 48.524805150834688 ], [ 15.399089188167268, 48.524809685648357 ], [ 15.398648558305224, 48.524870554660339 ], [ 15.398590906085774, 48.524878591017206 ], [ 15.398258986807878, 48.52492449199805 ], [ 15.397750194974734, 48.52499483899188 ], [ 15.39773802987861, 48.525002251773579 ], [ 15.397724411820178, 48.525010589956587 ], [ 15.397368467321895, 48.525227955065972 ], [ 15.39712788949374, 48.525288615829737 ], [ 15.397050584388989, 48.525259118804783 ], [ 15.396773695446079, 48.525153606034131 ], [ 15.396644067220594, 48.525180726603331 ], [ 15.396443779682423, 48.525222590015893 ], [ 15.396345187143428, 48.525344986007084 ], [ 15.396266101874041, 48.525355648720783 ], [ 15.395057457072669, 48.525518676540358 ], [ 15.39502957065238, 48.525522497306483 ], [ 15.394936742864243, 48.525535020965371 ], [ 15.394641418336683, 48.525574867829491 ], [ 15.39461175551849, 48.525571521816495 ], [ 15.394516094964398, 48.525560611621124 ], [ 15.394388459776904, 48.525546126103819 ], [ 15.394323281433239, 48.525538727327934 ], [ 15.394166979493518, 48.525603474887028 ], [ 15.394113145422683, 48.525625747724177 ], [ 15.394005352254856, 48.525636644912197 ], [ 15.393903764037939, 48.52564689280586 ], [ 15.393673740671657, 48.525670110750802 ], [ 15.393648240273185, 48.525672629493421 ], [ 15.393638124201413, 48.525673707487201 ], [ 15.393405058350888, 48.525719112327572 ], [ 15.393330190659984, 48.525733657623093 ], [ 15.393156782568488, 48.525766944027957 ], [ 15.393038352436951, 48.525789634450646 ], [ 15.392969064531066, 48.525798052908634 ], [ 15.392957876308261, 48.525799419652429 ], [ 15.392859717194229, 48.525807356857406 ], [ 15.392684558163451, 48.525800184708132 ], [ 15.392499628135777, 48.525792554542583 ], [ 15.392235794383309, 48.525800169565741 ], [ 15.392151500916903, 48.525802553513614 ], [ 15.391839159832394, 48.525816600145916 ], [ 15.391613854244957, 48.525825694883146 ], [ 15.391511781130797, 48.525837388816157 ], [ 15.391097692818816, 48.525884895468614 ], [ 15.391052327398576, 48.525891992041899 ], [ 15.390989736240206, 48.525901911017556 ], [ 15.390903679300679, 48.5259178213132 ], [ 15.390429645463559, 48.525990673579038 ], [ 15.390154703119981, 48.526039057929296 ], [ 15.390107855634232, 48.52604636015014 ], [ 15.390067733165738, 48.526052464367012 ], [ 15.390041181774718, 48.526055810575464 ], [ 15.389648826960707, 48.526104909211242 ], [ 15.389571993695673, 48.526114358075866 ], [ 15.389272965165651, 48.526143009537684 ], [ 15.389116937876446, 48.526167256730986 ], [ 15.388942199113798, 48.52619444192149 ], [ 15.388886371666667, 48.52620415087857 ], [ 15.388584582188587, 48.526251923736361 ], [ 15.388541506500063, 48.526258709153296 ], [ 15.388530175535216, 48.526259898028954 ], [ 15.388342778013183, 48.526278757205532 ], [ 15.388327265157136, 48.526280379454384 ], [ 15.388062486487248, 48.526298348704088 ], [ 15.387941420910822, 48.526305964463127 ], [ 15.387807100598062, 48.526314082904385 ], [ 15.387680321802778, 48.526324498012151 ], [ 15.387649677044168, 48.526327105815284 ], [ 15.387652330967169, 48.526363139033982 ], [ 15.38761444040572, 48.52636407463153 ], [ 15.387569108524001, 48.52636523091909 ], [ 15.387395215137616, 48.526369455379353 ], [ 15.386536957475379, 48.526328474421973 ], [ 15.386501240031638, 48.526370399936297 ], [ 15.386466558909595, 48.526411137571543 ], [ 15.386180325455852, 48.52674780944222 ], [ 15.38617839876556, 48.526750452530436 ], [ 15.386011479548444, 48.526991275644164 ], [ 15.385837256651167, 48.527256249875734 ], [ 15.385596821189786, 48.527613889988672 ], [ 15.385448026709398, 48.527843956956382 ], [ 15.3853839570286, 48.527942793650929 ], [ 15.38536979687605, 48.527964815976901 ], [ 15.385094624648385, 48.528242807121302 ], [ 15.384802076558856, 48.52862214371148 ], [ 15.384788651108108, 48.528628587477151 ], [ 15.384752367842033, 48.528646139198969 ], [ 15.38473697621532, 48.528654236991443 ], [ 15.384673404166167, 48.528687293142916 ], [ 15.384658276100552, 48.52869520635204 ], [ 15.38435386014663, 48.528844325234417 ], [ 15.38432940990095, 48.528856270805669 ], [ 15.384006578775084, 48.528954516264122 ], [ 15.383820136453462, 48.529011320433163 ], [ 15.383757227786953, 48.529030418393127 ], [ 15.383679711262783, 48.529118242989547 ], [ 15.383652491554702, 48.529149131601116 ], [ 15.383647298757845, 48.529158220090643 ], [ 15.383589618944255, 48.529261172412689 ], [ 15.383564993248612, 48.529415280469877 ], [ 15.383553643357386, 48.529443281554315 ], [ 15.383526684570384, 48.529630721020176 ], [ 15.383522950003828, 48.529679912518162 ], [ 15.38351732067361, 48.529909805817766 ], [ 15.383516817397242, 48.529931228545983 ], [ 15.38346673900697, 48.530007325089713 ], [ 15.383450534847835, 48.530107480734358 ], [ 15.383381449219067, 48.530533640811818 ], [ 15.383016121762102, 48.530841188730939 ], [ 15.382486861994254, 48.53097453858782 ], [ 15.382420437684729, 48.531027977575079 ], [ 15.38224137240182, 48.531171834842112 ], [ 15.382046086234201, 48.531627017054412 ], [ 15.382113107078236, 48.532035405763672 ], [ 15.382114183591254, 48.53204204499891 ], [ 15.382168009400162, 48.532032914347859 ], [ 15.382087970630504, 48.532122221410951 ], [ 15.382060538019529, 48.532151223832948 ], [ 15.38181801420191, 48.532409739453279 ], [ 15.381811901372256, 48.532416144724301 ], [ 15.381569257535794, 48.532675111725197 ], [ 15.381521138070347, 48.532725620253764 ], [ 15.381481208239288, 48.532767437781857 ], [ 15.380908419449353, 48.533681888198608 ], [ 15.380867540722994, 48.533672526802164 ], [ 15.380786980333248, 48.533653243164984 ], [ 15.380755845759476, 48.533647040179979 ], [ 15.380751613254818, 48.533646214536759 ], [ 15.380700270978826, 48.533636046551216 ], [ 15.380678955241763, 48.533631471135145 ], [ 15.380541366768197, 48.533602118849231 ], [ 15.380413479707343, 48.533574845943583 ], [ 15.380400276178442, 48.533569858558295 ], [ 15.380355581582268, 48.533553095925235 ], [ 15.380101696418365, 48.533501755585569 ], [ 15.380072607001129, 48.533495876524697 ], [ 15.379898400030516, 48.533492806979027 ], [ 15.379714772848118, 48.533477665530604 ], [ 15.379577895095354, 48.533466204538676 ], [ 15.379493078660559, 48.533459140995511 ], [ 15.378950384402577, 48.533391257109677 ], [ 15.378366757123393, 48.533339921955701 ], [ 15.378253646472539, 48.533329933272107 ], [ 15.378159945229481, 48.533324283762639 ], [ 15.377625843746669, 48.533268030142217 ], [ 15.377617959616634, 48.533267358192475 ], [ 15.377275885474528, 48.533239956858623 ], [ 15.377056409154685, 48.533219229597861 ], [ 15.376997525902627, 48.533213600515587 ], [ 15.376490812580402, 48.533171528909541 ], [ 15.376269455451521, 48.533168288002472 ], [ 15.376047386009185, 48.533157321353265 ], [ 15.376001506466139, 48.533155063598805 ], [ 15.375507126681425, 48.533058338057536 ], [ 15.375450331674665, 48.533047273296418 ], [ 15.374876468402785, 48.53394074696542 ], [ 15.374872210738719, 48.533946129752522 ], [ 15.374852465148859, 48.533970947354163 ], [ 15.374803682009977, 48.534028842400488 ], [ 15.374662875869062, 48.534195412673625 ], [ 15.374510824147363, 48.534375675108706 ], [ 15.374490889468154, 48.534399146329669 ], [ 15.374455819338921, 48.534440696538795 ], [ 15.374298321952327, 48.534627171917776 ], [ 15.374191296902421, 48.534753923371021 ], [ 15.374185866885327, 48.534760496247245 ], [ 15.374165287002928, 48.534784788427189 ], [ 15.374158043413784, 48.534793462348553 ], [ 15.374147428189399, 48.534823069046816 ], [ 15.374078469947765, 48.535014837031916 ], [ 15.374059933208818, 48.535066805489784 ], [ 15.374071951565723, 48.535219911256696 ], [ 15.374077892895013, 48.535585821250919 ], [ 15.374049621026565, 48.535943060859736 ], [ 15.374068252147078, 48.535982504203055 ], [ 15.374108293376477, 48.53606314186537 ], [ 15.37411281451682, 48.536122625651238 ], [ 15.374066308911901, 48.536234734754281 ], [ 15.374042797706942, 48.536291108712383 ], [ 15.37401373022529, 48.536374841677777 ], [ 15.373979916047015, 48.536472153523107 ], [ 15.373973413206073, 48.536537228074785 ], [ 15.373972725150015, 48.536543808167906 ], [ 15.373942881135536, 48.536840792551153 ], [ 15.373937358611371, 48.536896402735309 ], [ 15.373864569179222, 48.537104432462257 ], [ 15.373841819220496, 48.537169790441496 ], [ 15.373807505315199, 48.537268190588058 ], [ 15.373805922806275, 48.537382304934532 ], [ 15.373805503654625, 48.537416232356364 ], [ 15.373698909309336, 48.537601998332136 ], [ 15.37365678699442, 48.537619468275388 ], [ 15.373627129445209, 48.537664342701305 ], [ 15.373623680139586, 48.537669621350318 ], [ 15.373603437434719, 48.537692197988832 ], [ 15.373577083788367, 48.537721269359359 ], [ 15.373555797025448, 48.53774485391223 ], [ 15.373479739618254, 48.537829226388801 ], [ 15.373458333886578, 48.537870357874375 ], [ 15.373425720994389, 48.537933008613152 ], [ 15.3733999002961, 48.537978985701038 ], [ 15.373378259473213, 48.538017602003038 ], [ 15.373375237634535, 48.538023413029265 ], [ 15.373351597360964, 48.538069711966166 ], [ 15.373323563218928, 48.538124814984315 ], [ 15.373307217372158, 48.538156860806694 ], [ 15.373336225328408, 48.538273680578946 ], [ 15.373347659015076, 48.538319547693334 ], [ 15.373349073146398, 48.538324471582115 ], [ 15.373369070418471, 48.538395022070958 ], [ 15.373384184178802, 48.538448292809264 ], [ 15.373388193891099, 48.53847773424603 ], [ 15.373391217245816, 48.538499365174467 ], [ 15.373392890990068, 48.53851085261455 ], [ 15.373410910010245, 48.538641000186018 ], [ 15.373413908490196, 48.538662001730472 ], [ 15.373425189667516, 48.538700583622045 ], [ 15.373458256747272, 48.538813823567736 ], [ 15.373497652412246, 48.538823303419804 ], [ 15.373587243145053, 48.538844683939317 ], [ 15.373613915508272, 48.538851056668676 ], [ 15.373718182139637, 48.538876949687136 ], [ 15.373824390881101, 48.539006728351843 ], [ 15.374002142496373, 48.53924961527585 ], [ 15.374011288397359, 48.539312977128212 ], [ 15.374014654002261, 48.539336401539465 ], [ 15.374037664835107, 48.539496783030494 ], [ 15.374068499609333, 48.539611771239585 ], [ 15.374099811864047, 48.539728550578829 ], [ 15.374176500151586, 48.539906619999094 ], [ 15.374263780661861, 48.540109247293771 ], [ 15.374287946008405, 48.540165239109427 ], [ 15.374294063057848, 48.540179438182051 ], [ 15.374297439719488, 48.540199713307516 ], [ 15.374298504723427, 48.540206082853373 ], [ 15.374341810362536, 48.540464991143139 ], [ 15.374270470628609, 48.5405625077764 ], [ 15.374223814575302, 48.540626393391449 ], [ 15.374179467527799, 48.540686999645054 ], [ 15.374175736603416, 48.540692013292812 ], [ 15.374169051575427, 48.540701127297538 ], [ 15.374226690321677, 48.540801791793825 ], [ 15.374536542559108, 48.541342164893798 ], [ 15.374571615473728, 48.541403274726008 ], [ 15.374575879643677, 48.541422004794953 ], [ 15.374668488641266, 48.541817352144157 ], [ 15.374664538774839, 48.541922960102085 ], [ 15.374661060202996, 48.542009665376 ], [ 15.374694980861586, 48.542038224832602 ], [ 15.374821838038363, 48.542145148788919 ], [ 15.374855192830005, 48.542162831272648 ], [ 15.374955538827594, 48.542216143673429 ], [ 15.374994078519114, 48.542227887336132 ], [ 15.375108867477126, 48.54226268287178 ], [ 15.375417094984902, 48.542313265726918 ], [ 15.375509151446112, 48.542328303658664 ], [ 15.376208871566881, 48.542263540509438 ], [ 15.376874168830582, 48.542202073752144 ], [ 15.376920338000577, 48.542197758159269 ], [ 15.377956215090265, 48.542102008287273 ], [ 15.37806070729599, 48.542092353998719 ], [ 15.378123619959169, 48.542086575575787 ], [ 15.37819665578423, 48.542079810381473 ], [ 15.378250385937479, 48.542074822235193 ], [ 15.378383790474775, 48.542244159709121 ], [ 15.378519045279321, 48.542415714022809 ], [ 15.378722219594389, 48.542673534949948 ], [ 15.378725647604021, 48.542677973690324 ], [ 15.378738629135889, 48.542694391819722 ], [ 15.378781999559019, 48.542749327120859 ], [ 15.378843639817624, 48.542827605992798 ], [ 15.378940376698434, 48.542950347872754 ], [ 15.379200492762363, 48.543280590673447 ], [ 15.379364150747467, 48.543488266517805 ], [ 15.379414656705901, 48.543552254087828 ], [ 15.379481294981918, 48.543636923304696 ], [ 15.379512116148511, 48.543676062543781 ], [ 15.379515602697362, 48.543712710807512 ], [ 15.379518886065563, 48.543747653125266 ], [ 15.379525730914086, 48.543821131840133 ], [ 15.379527092721901, 48.543834963960975 ], [ 15.379536904381556, 48.54387393086558 ], [ 15.379542040083951, 48.543894085098614 ], [ 15.379573050436303, 48.544016536610272 ], [ 15.379580777221859, 48.544047352378229 ], [ 15.379576693712576, 48.544050302968856 ], [ 15.379076809278518, 48.544405175030853 ], [ 15.3785246005075, 48.544797308953029 ], [ 15.378244032053113, 48.544925297916564 ], [ 15.378003255059394, 48.545035045805953 ], [ 15.376878343443714, 48.545539030629136 ], [ 15.376769599587837, 48.545581778262758 ], [ 15.376625249013786, 48.545632165687699 ], [ 15.376485042528998, 48.545681130944629 ], [ 15.37651484742964, 48.545694646224035 ], [ 15.376653641409289, 48.545757092778246 ], [ 15.376718621581766, 48.545786278772241 ], [ 15.37676445517906, 48.545807611609334 ], [ 15.376873095425323, 48.545857988361448 ], [ 15.376999781479197, 48.545915787465752 ], [ 15.377054431430931, 48.545940745051375 ], [ 15.377193868235725, 48.545961252104092 ], [ 15.377787601077245, 48.546048587997625 ], [ 15.377986602912276, 48.546077860179167 ], [ 15.378430270484746, 48.546143162992806 ], [ 15.378852287700779, 48.545874411095745 ], [ 15.379441227935311, 48.545499358302443 ], [ 15.379538369431048, 48.545437466776484 ], [ 15.379814624180428, 48.545279319073266 ], [ 15.380001173388296, 48.545172405677093 ], [ 15.380923464131056, 48.544647824092792 ], [ 15.380989987044577, 48.544610040338405 ], [ 15.381021995366261, 48.544583477634298 ], [ 15.381303252432337, 48.544350200570115 ], [ 15.381380124310475, 48.544286412938369 ], [ 15.381625436772106, 48.544083005800879 ], [ 15.381830733520166, 48.543912689420225 ], [ 15.381953778367807, 48.543810573712484 ], [ 15.382086546139474, 48.543850895936657 ], [ 15.382125085103265, 48.543862547330136 ], [ 15.38217487398666, 48.54387769058647 ], [ 15.382204087370807, 48.543886536163292 ], [ 15.382318336104326, 48.543921154263153 ], [ 15.382348921479899, 48.54393042564034 ], [ 15.382454806907859, 48.543962580870819 ], [ 15.382472086258613, 48.543967766569779 ], [ 15.382498058938012, 48.543959843756141 ], [ 15.382632729025218, 48.543918435887335 ], [ 15.382933132997307, 48.543826257945987 ], [ 15.383026707477727, 48.543797536191185 ], [ 15.383458165689925, 48.543665091415775 ], [ 15.383575969509584, 48.543628926593748 ], [ 15.383579985261653, 48.543627686547957 ], [ 15.383595238750338, 48.543646673579936 ], [ 15.383612919278917, 48.543668767151615 ], [ 15.383620620886482, 48.54367843930109 ], [ 15.383697287097927, 48.543653882235972 ], [ 15.383702639049655, 48.543652168895271 ], [ 15.383807536516926, 48.543618569385693 ], [ 15.383925064660392, 48.543602743116416 ], [ 15.384001347622965, 48.54359240842598 ], [ 15.384400715506528, 48.543576498919151 ], [ 15.384434910558776, 48.543584536801582 ], [ 15.384563893991219, 48.543614845533853 ], [ 15.384682347504535, 48.54364272954961 ], [ 15.384879306156195, 48.543699107903237 ], [ 15.384886023380641, 48.543701059489493 ], [ 15.384964010874251, 48.543723354774698 ], [ 15.385253074692933, 48.543840108970009 ], [ 15.385478201955602, 48.543933511289715 ], [ 15.385633340470987, 48.543997909955479 ], [ 15.385855511424335, 48.544112327338524 ], [ 15.385889676563009, 48.54412981258163 ], [ 15.386169672270787, 48.54428757180802 ], [ 15.386195409477702, 48.544300976099919 ], [ 15.386249791942788, 48.544329353159341 ], [ 15.386262521577349, 48.5443359677625 ], [ 15.386266398926825, 48.544338059085831 ], [ 15.386458060271764, 48.544438255095798 ], [ 15.3865684901285, 48.544495969440248 ], [ 15.386579420146722, 48.544501625886028 ], [ 15.386606126911046, 48.544515552914348 ], [ 15.386702630303775, 48.544587637481712 ], [ 15.386954599065747, 48.544773058961709 ], [ 15.387309183171892, 48.545034235581255 ], [ 15.38736699836465, 48.545097731631209 ], [ 15.387418715275452, 48.54515440675317 ], [ 15.38767846004183, 48.545439651101155 ], [ 15.387714582203346, 48.545417782891668 ], [ 15.387726885383332, 48.545410278937482 ], [ 15.387745752100866, 48.545400860232363 ], [ 15.38779292065546, 48.545377358411486 ], [ 15.387829592233585, 48.545359079468426 ], [ 15.387852182382463, 48.545347885846184 ], [ 15.387857626800781, 48.545345091007412 ], [ 15.387888985748235, 48.545329514594982 ], [ 15.387920740165246, 48.545313661306096 ], [ 15.38814528312197, 48.545201658581789 ], [ 15.388450870759883, 48.545049182915129 ], [ 15.388556366049942, 48.544996584176076 ], [ 15.388642734670356, 48.544953678686724 ], [ 15.388769181361502, 48.544879387806439 ], [ 15.38877832041578, 48.544874098706771 ], [ 15.38900573283413, 48.544735591491843 ], [ 15.389068308720821, 48.544697512513046 ], [ 15.389240778651159, 48.544666229557471 ], [ 15.389409481994091, 48.544635642366842 ], [ 15.389636708290753, 48.54459448892726 ], [ 15.389663683771523, 48.544581148447698 ], [ 15.389764548680878, 48.544531419159789 ], [ 15.389848934573536, 48.544489807230967 ], [ 15.38986235993424, 48.544483273023843 ], [ 15.389876447996176, 48.54447636726826 ], [ 15.389976039364385, 48.544466068767427 ], [ 15.390249695274822, 48.544437323947669 ], [ 15.390489243031977, 48.544412957234719 ], [ 15.390555791655894, 48.544406568372324 ], [ 15.390628312250094, 48.544013186335491 ], [ 15.390640843332275, 48.544008017371752 ], [ 15.390772962968233, 48.543953778599608 ], [ 15.390802428963852, 48.543941743646414 ], [ 15.391035575492248, 48.543814738043103 ], [ 15.391056791096833, 48.54374535476525 ], [ 15.391258316864567, 48.543678287788161 ], [ 15.391435228765124, 48.543554699970507 ], [ 15.391493981976883, 48.543427702552762 ], [ 15.391530420467433, 48.54334932382622 ], [ 15.391545135355612, 48.543317394042667 ], [ 15.391626425443759, 48.543303547227374 ], [ 15.391848485290202, 48.543265539361379 ], [ 15.391852369840809, 48.543216885007894 ], [ 15.391856484754211, 48.54316381786996 ], [ 15.391887251519364, 48.543167415221731 ], [ 15.391975870764037, 48.543177642195531 ], [ 15.392239884887154, 48.543202866750249 ], [ 15.392278377009877, 48.54320650796744 ], [ 15.39238147763929, 48.543216299783744 ], [ 15.392470470838351, 48.543249463192865 ], [ 15.392565244540677, 48.543284864098574 ], [ 15.392975980847449, 48.543489251584042 ], [ 15.393372284549498, 48.543725742668791 ], [ 15.393623534922261, 48.543875713078705 ], [ 15.393664062684843, 48.543869240897287 ], [ 15.394172044706909, 48.543787413286154 ], [ 15.39437741319751, 48.544026814952943 ], [ 15.394391337124585, 48.544042944901285 ], [ 15.394438249548079, 48.544097902240296 ], [ 15.394667154940219, 48.544183662786345 ], [ 15.394851881672626, 48.544540483690426 ], [ 15.395066055676367, 48.544555963412577 ], [ 15.395308067770141, 48.544583098533849 ], [ 15.395626846453267, 48.544618776918099 ], [ 15.396050491324118, 48.544755715630963 ], [ 15.396095659649022, 48.544770394678402 ], [ 15.396214002775219, 48.544832549249101 ], [ 15.396477681158514, 48.544971047753592 ], [ 15.396675199151389, 48.544922396858709 ], [ 15.396707135366437, 48.54491454562158 ], [ 15.396723101671659, 48.544910575044398 ], [ 15.396927507043609, 48.544898601647056 ], [ 15.396942241548784, 48.544897711890933 ], [ 15.397056882124337, 48.544891010752998 ], [ 15.397356677178264, 48.544943214737664 ], [ 15.397473717349518, 48.544949067233283 ], [ 15.397529383036744, 48.544951773884918 ], [ 15.397670910892638, 48.544983736437892 ], [ 15.397694083134025, 48.544990525432752 ], [ 15.397766295591483, 48.54505115323866 ], [ 15.397853515442138, 48.545124472413093 ], [ 15.397930896195472, 48.545151718464929 ], [ 15.398004018106903, 48.545177510076456 ], [ 15.398136231534243, 48.54517310697161 ], [ 15.398166632750744, 48.54516753178526 ], [ 15.398217618588399, 48.545158264183293 ], [ 15.398264567290239, 48.545149697644227 ], [ 15.39835147370141, 48.545133947562221 ], [ 15.398372597746087, 48.545133574648702 ], [ 15.398392371285288, 48.545133315547041 ], [ 15.398571530220609, 48.5451304225017 ], [ 15.398579652223674, 48.545184353587125 ], [ 15.398588878356298, 48.545245553085273 ], [ 15.398589753442947, 48.545250486214925 ], [ 15.398662483345207, 48.54526647715781 ], [ 15.398752594969082, 48.545263086625695 ], [ 15.39882918703756, 48.545277389737194 ], [ 15.398839556060208, 48.54527576705928 ], [ 15.398865549920496, 48.545271799075522 ], [ 15.398876831545842, 48.545262512474054 ], [ 15.398881027851449, 48.545259019357154 ], [ 15.399085563794669, 48.545284109268906 ], [ 15.399175303803581, 48.545295120844777 ], [ 15.399274139289519, 48.54527610028245 ], [ 15.399304043982763, 48.545234453915654 ], [ 15.399329310987012, 48.545222490961386 ], [ 15.399448858762279, 48.545165765134826 ], [ 15.399548160236851, 48.545178676947401 ], [ 15.399559057926233, 48.545180103989821 ], [ 15.399671024694719, 48.54519459146632 ], [ 15.399812037604038, 48.545193360072062 ], [ 15.399937768618917, 48.545236845757742 ], [ 15.400014309352006, 48.54526338549973 ], [ 15.400111047424865, 48.545296856251419 ], [ 15.400313098606244, 48.545270072803149 ], [ 15.40034173832473, 48.545254361086819 ], [ 15.400463849650993, 48.545187241869684 ], [ 15.400482147092111, 48.545177201308036 ], [ 15.400565834965599, 48.545121737832538 ], [ 15.400715127543805, 48.545022826938109 ], [ 15.400762777912421, 48.544991213576665 ], [ 15.400920844845361, 48.545013162701892 ], [ 15.401238998136991, 48.544992513068671 ], [ 15.401269288738465, 48.544987568843375 ], [ 15.40150179331946, 48.544949807917888 ], [ 15.40167343674787, 48.544985911876786 ], [ 15.401774568722722, 48.544973506663958 ], [ 15.401964158093628, 48.544950269730457 ], [ 15.402005989275592, 48.544905352585396 ], [ 15.402028067625039, 48.544881478841447 ], [ 15.4022914531391, 48.544853517240007 ], [ 15.402566037802444, 48.544773711673891 ], [ 15.40272096490078, 48.544751176623429 ], [ 15.402892311198288, 48.544712335440366 ], [ 15.403052531265837, 48.54470014332226 ], [ 15.403615456622827, 48.544657161104652 ], [ 15.403612517446449, 48.544651454765038 ], [ 15.403640290852165, 48.5446445750325 ], [ 15.403833583148842, 48.545007259484976 ], [ 15.403944644883829, 48.545137555894698 ], [ 15.404322062181523, 48.545580386372265 ], [ 15.404348084538041, 48.54561087683372 ], [ 15.404445809870071, 48.54575994360134 ], [ 15.404508314152524, 48.545855289412728 ], [ 15.404485517759181, 48.546083957904351 ], [ 15.404481161036291, 48.546127312690253 ], [ 15.404726014805725, 48.546670200959632 ], [ 15.404741784392854, 48.54670519164678 ], [ 15.40481723048712, 48.546781953353964 ], [ 15.404872474590562, 48.546838198726462 ], [ 15.405004998095706, 48.546972972682063 ], [ 15.405232963656852, 48.547149243764146 ], [ 15.405254215097461, 48.547165512611116 ], [ 15.405665288144881, 48.547497614140831 ], [ 15.405706378200989, 48.547545562311491 ], [ 15.405787834485485, 48.547640301767835 ], [ 15.405838530906657, 48.547853092548948 ], [ 15.405848129017674, 48.548267254041676 ], [ 15.405850401022589, 48.548360876998821 ], [ 15.405916974068244, 48.548405584418838 ], [ 15.406365426966326, 48.548706430028609 ], [ 15.406519719011767, 48.548715032522949 ], [ 15.406617510280569, 48.548720497366162 ], [ 15.406699816742883, 48.548725066909157 ], [ 15.406861036990783, 48.548734086008608 ], [ 15.406949538649837, 48.548896090523975 ], [ 15.408052497063787, 48.549680634924272 ], [ 15.408469458729666, 48.550063817792719 ], [ 15.408914134750111, 48.550259990853796 ], [ 15.408992224843974, 48.550294415119431 ], [ 15.40912619313524, 48.550353490528749 ], [ 15.409142157754291, 48.550362924477731 ], [ 15.409159509191433, 48.550373143585361 ], [ 15.409377599087721, 48.550501985657718 ], [ 15.409389948878109, 48.550492319200949 ], [ 15.409396912787418, 48.550486887137431 ], [ 15.409402562272398, 48.550482468116286 ], [ 15.409412748674461, 48.550489755212695 ], [ 15.409454225245447, 48.550439443328955 ], [ 15.409494024484831, 48.550391230603736 ], [ 15.409547524475373, 48.550356810700606 ], [ 15.409701820438208, 48.550277864032253 ], [ 15.40990847179048, 48.550226959554855 ], [ 15.40999381533787, 48.550205920212683 ], [ 15.410034437283258, 48.550174787801105 ], [ 15.410086764226632, 48.550134810053343 ], [ 15.410107670069266, 48.550118873374274 ], [ 15.410190091712387, 48.549981548955486 ], [ 15.41020114201479, 48.5499631779659 ], [ 15.410252957898956, 48.549876872426552 ], [ 15.410369475298511, 48.549714649452881 ], [ 15.410378612994501, 48.549709358679131 ], [ 15.410586787999828, 48.549588695762289 ], [ 15.410685682235547, 48.549544111913079 ], [ 15.411153375038273, 48.549177977882621 ], [ 15.411243761981231, 48.549107272108515 ], [ 15.412046782646527, 48.548520948435161 ], [ 15.412166733072707, 48.548531503331823 ], [ 15.412264961491244, 48.548440233153677 ], [ 15.412856682447648, 48.547890588915628 ], [ 15.412932229974038, 48.547784695547584 ], [ 15.412977387612059, 48.547721630403252 ], [ 15.412981877011633, 48.547715342351246 ], [ 15.41298335492163, 48.547688143774856 ], [ 15.41298490660717, 48.547659414319732 ], [ 15.412981954203239, 48.547492114203543 ], [ 15.412995193603198, 48.547487740008776 ], [ 15.413060969817518, 48.547465516594471 ], [ 15.413297880755756, 48.54738572585287 ], [ 15.413309381455276, 48.547381922383408 ], [ 15.413305907880748, 48.547373076666247 ], [ 15.413277915011596, 48.547300605040384 ], [ 15.413257037384639, 48.547246631626862 ], [ 15.413281985614399, 48.547082344394298 ], [ 15.413339291784037, 48.547051723825909 ], [ 15.413500722477286, 48.546965266965032 ], [ 15.413430443964035, 48.546714587878647 ], [ 15.413578291946713, 48.546687845595031 ], [ 15.413649589817734, 48.546674880982501 ], [ 15.413682014196144, 48.546669085827197 ], [ 15.413695871148285, 48.546666590030227 ], [ 15.4137472582913, 48.54665721853457 ], [ 15.413746243960633, 48.546548097402777 ], [ 15.413744729108879, 48.546406414364213 ], [ 15.413742735525203, 48.546202477406105 ], [ 15.413758673107564, 48.546204533300276 ], [ 15.413799664449375, 48.546209562645259 ], [ 15.413919499727511, 48.546180438914085 ], [ 15.414030493205248, 48.546160559763962 ], [ 15.414969963247687, 48.545992238231044 ], [ 15.415014153376264, 48.545985873421053 ], [ 15.41509148063095, 48.545974600098241 ], [ 15.415116807421429, 48.545970910285519 ], [ 15.415132570772393, 48.545968650309739 ], [ 15.415237248668284, 48.545953471100141 ], [ 15.415316903236082, 48.545942786028647 ], [ 15.415578649685715, 48.54590780565313 ], [ 15.415710944058398, 48.545891954476069 ], [ 15.415780123455187, 48.545883614952182 ], [ 15.415857851918782, 48.545875573062887 ], [ 15.416147849360886, 48.545845576904512 ], [ 15.416266032520371, 48.545849410882333 ], [ 15.4164113488594, 48.545854021213238 ], [ 15.416466844785539, 48.545855822166637 ], [ 15.416512840112455, 48.545857252437017 ], [ 15.416559274364269, 48.54585948464495 ], [ 15.416584120062916, 48.545860661713412 ], [ 15.417049410704889, 48.545882965796196 ], [ 15.417238814935772, 48.545892098263337 ], [ 15.417249131653575, 48.545892544297118 ], [ 15.417333582965533, 48.545896618220738 ], [ 15.417396058608238, 48.545896764817279 ], [ 15.418543545839629, 48.545963681041378 ], [ 15.418916785552046, 48.54599499650562 ], [ 15.41901903706148, 48.54600361049534 ], [ 15.4192105459937, 48.546014501753945 ], [ 15.419344806802318, 48.546033881505849 ], [ 15.41937738482836, 48.546038609062052 ], [ 15.419402464286254, 48.546042210685314 ], [ 15.419572646920832, 48.54607192649928 ], [ 15.419569741732211, 48.546083854984126 ], [ 15.419857475678279, 48.546101756579496 ], [ 15.420055157929825, 48.546117844864909 ], [ 15.420158708623296, 48.546128414136049 ], [ 15.420304440884394, 48.546143269360741 ], [ 15.420737053110301, 48.546185036569135 ], [ 15.420831122332901, 48.546192355397999 ], [ 15.421150845919584, 48.546217150873971 ], [ 15.421803348224419, 48.546267855763887 ], [ 15.421858269675639, 48.546272183723786 ], [ 15.422243907681603, 48.546311724924692 ], [ 15.422476808781344, 48.546350843616587 ], [ 15.422671364377702, 48.546363294382353 ], [ 15.422725440742887, 48.546366827258367 ], [ 15.422767293050502, 48.546352943377755 ], [ 15.422919996125287, 48.546302349092954 ], [ 15.423024507878823, 48.546266381660345 ], [ 15.423051504133964, 48.546257081856872 ], [ 15.423114719830767, 48.546235348289322 ], [ 15.423140433590097, 48.546234529016132 ], [ 15.423171153959254, 48.546233530318027 ], [ 15.423451976673865, 48.546251366632525 ], [ 15.423474593589724, 48.546254381565191 ], [ 15.423480441827484, 48.546254906893878 ], [ 15.42359222085218, 48.546264516346191 ], [ 15.423648653851691, 48.546269356308272 ], [ 15.423693664846574, 48.546273230678111 ], [ 15.423874223615304, 48.546274682698979 ], [ 15.423991204749919, 48.546275561211687 ], [ 15.424384002050216, 48.546274388743974 ], [ 15.424591939209169, 48.546302702629369 ], [ 15.424745014679562, 48.546318140876522 ], [ 15.424945986137242, 48.546331732810422 ], [ 15.424964424109818, 48.546331942980103 ], [ 15.424990591532037, 48.546332284863304 ], [ 15.425282375129893, 48.546359728085854 ], [ 15.425574971513553, 48.546387156048766 ], [ 15.425667982586043, 48.546378384414851 ], [ 15.425924880937202, 48.546354264533122 ], [ 15.426421040526675, 48.546429064532703 ], [ 15.426566166368836, 48.546425567957449 ], [ 15.426758853068685, 48.546405294493411 ], [ 15.427353344925629, 48.546415438251067 ], [ 15.427589167374922, 48.546452964974009 ], [ 15.427755014374158, 48.54645584407924 ], [ 15.427887321454099, 48.546517087473433 ], [ 15.427953751882832, 48.546501142079599 ], [ 15.428044736370966, 48.546479178511639 ], [ 15.428134303438258, 48.546469026984042 ], [ 15.428207280458237, 48.546460792037912 ], [ 15.428227981158994, 48.546449984217794 ], [ 15.428304561934212, 48.546410373356565 ], [ 15.428373460523828, 48.546418496829361 ], [ 15.42841444615439, 48.546423341235354 ], [ 15.428454107936828, 48.546415612830629 ], [ 15.428613303903379, 48.546384869194426 ], [ 15.428649613194128, 48.546378010546711 ], [ 15.428720087068021, 48.546364871484812 ], [ 15.42876576779866, 48.546375210119692 ], [ 15.428866058757766, 48.546402205579589 ], [ 15.429018793932805, 48.546385883160504 ], [ 15.429028664872755, 48.546378688264561 ], [ 15.42912434733366, 48.546308952888026 ], [ 15.429155029171731, 48.546280330959235 ], [ 15.42921755298886, 48.546221626686865 ], [ 15.429248362827002, 48.546192822486915 ], [ 15.42930236438364, 48.546167831566514 ], [ 15.429328569115668, 48.546155755247938 ], [ 15.429453858291726, 48.546147661874478 ], [ 15.429584973976324, 48.546136224850848 ], [ 15.429787618319383, 48.546084276626168 ], [ 15.429832908784913, 48.54606834910782 ], [ 15.429831598876893, 48.546062794127579 ], [ 15.42988288031122, 48.546047568993117 ], [ 15.43009308557555, 48.545984957623695 ], [ 15.430168506009737, 48.545983515746997 ], [ 15.430195182033346, 48.545983037571048 ], [ 15.430343859245999, 48.545910281747716 ], [ 15.430355288895827, 48.545904768318209 ], [ 15.430615267653424, 48.545886521190418 ], [ 15.430897497290864, 48.545759004556388 ], [ 15.431080123026975, 48.545731346389751 ], [ 15.431215204682566, 48.54571083887285 ], [ 15.431232471807666, 48.545692264239356 ], [ 15.431251938486396, 48.545671130850124 ], [ 15.431336282405134, 48.545602586641898 ], [ 15.431414441698612, 48.545508600342174 ], [ 15.431440667963983, 48.545477088505564 ], [ 15.431500845023606, 48.545467371521028 ], [ 15.431613528271429, 48.545449244733675 ], [ 15.431625912811128, 48.545447223078483 ], [ 15.431642582963201, 48.54544062578708 ], [ 15.431871796217585, 48.545349058039065 ], [ 15.432074870920864, 48.545267856071455 ], [ 15.432170492096256, 48.545230060358207 ], [ 15.432316372096951, 48.545131979087863 ], [ 15.432371110348988, 48.545095186717205 ], [ 15.432499551130768, 48.545091352281787 ], [ 15.432507639064113, 48.545090307387568 ], [ 15.432607021807222, 48.545078356668682 ], [ 15.432665814696872, 48.545027995101748 ], [ 15.432674890633194, 48.544994631351052 ], [ 15.432673411943483, 48.544938333384302 ], [ 15.432746927075105, 48.544790264346716 ], [ 15.432754059717752, 48.544775740290895 ], [ 15.432816588655719, 48.544727291033986 ], [ 15.432876222692959, 48.544680963131562 ], [ 15.432926187749771, 48.544630130033141 ], [ 15.432980844353281, 48.544574713934708 ], [ 15.433011629304445, 48.544562014686413 ], [ 15.433210988208472, 48.544479527697391 ], [ 15.433362218968613, 48.544429755665597 ], [ 15.433385610314021, 48.544361944221244 ], [ 15.43337226289073, 48.544320345337503 ], [ 15.433353498951416, 48.544262198264491 ], [ 15.433297069937758, 48.544194200268741 ], [ 15.433291371783705, 48.544187374467022 ], [ 15.4332093761493, 48.544073858033435 ], [ 15.433159219218094, 48.543933587180135 ], [ 15.433201299704798, 48.543825581192898 ], [ 15.43338902834873, 48.543710461605613 ], [ 15.433455914354203, 48.543682538073128 ], [ 15.43351799893353, 48.543656500215519 ], [ 15.433931252353855, 48.543552536109743 ], [ 15.434016706997737, 48.543538045012923 ], [ 15.434068654586961, 48.543529284220142 ], [ 15.434167276470919, 48.54351869540146 ], [ 15.434237434158822, 48.543511227029605 ], [ 15.434262392445355, 48.543508529370328 ], [ 15.434420074312429, 48.543444243950056 ], [ 15.434425708907057, 48.543412921285281 ], [ 15.434453420746744, 48.543258295689803 ], [ 15.434447572612182, 48.543254441821922 ], [ 15.434417764696807, 48.543234552839706 ], [ 15.434084645923473, 48.54301370809975 ], [ 15.434093915403778, 48.543008413025333 ], [ 15.434101201443079, 48.543004323252461 ], [ 15.434083939000681, 48.542993026458866 ], [ 15.434079481579024, 48.542990047350038 ], [ 15.434493923858421, 48.542755775377081 ], [ 15.434621390212572, 48.54269491159647 ], [ 15.434762043316447, 48.542675019501822 ], [ 15.435099661552933, 48.542627204883253 ], [ 15.43521344550391, 48.542596368156069 ], [ 15.435429749168675, 48.542537596059105 ], [ 15.43579166343596, 48.542464239624444 ], [ 15.435870298667643, 48.542458687295017 ], [ 15.436180235767445, 48.542436560212877 ], [ 15.436301249440092, 48.542450130289915 ], [ 15.43648351661137, 48.542470516735236 ], [ 15.436803065863762, 48.542478087030673 ], [ 15.436950984934935, 48.542453652812497 ], [ 15.437030395179164, 48.542440527821157 ], [ 15.437208090776952, 48.542408629620915 ], [ 15.437246160014837, 48.542401826541628 ], [ 15.437373778184346, 48.542364710482218 ], [ 15.437594461959655, 48.542300456994226 ], [ 15.437685208820984, 48.542249697785934 ], [ 15.437734887335932, 48.542221901336269 ], [ 15.437862967196679, 48.542162912364653 ], [ 15.437918614524008, 48.542138607460842 ], [ 15.438038969504413, 48.542086235518262 ], [ 15.438186609843161, 48.542005210097251 ], [ 15.43827827915621, 48.54193391937514 ], [ 15.438348825802169, 48.541863008712724 ], [ 15.438355982904719, 48.541855771839337 ], [ 15.438361303119082, 48.541850007632519 ], [ 15.438421124351079, 48.541785228329154 ], [ 15.438496500366037, 48.541739693736886 ], [ 15.438679986353026, 48.541683755511144 ], [ 15.438719335052062, 48.541671800299149 ], [ 15.438756539362259, 48.541660423526444 ], [ 15.438778193926513, 48.541643208303888 ], [ 15.438913229059832, 48.541535596075725 ], [ 15.438923531651836, 48.541545667830334 ], [ 15.439221055228836, 48.541120125421067 ], [ 15.439455088482747, 48.540785700980642 ], [ 15.439467663942471, 48.540771798242218 ], [ 15.439517599910072, 48.540717183593209 ], [ 15.439638157848613, 48.540580319082707 ], [ 15.439850542981949, 48.540389434816035 ], [ 15.440134556184226, 48.540134366929863 ], [ 15.440140872746962, 48.540113198839698 ], [ 15.440147295318701, 48.540091309033819 ], [ 15.440105378088271, 48.540020443410697 ], [ 15.440083362297926, 48.540012202296623 ], [ 15.440107915583459, 48.540006271519694 ], [ 15.440401732131827, 48.539845320846567 ], [ 15.440522461892799, 48.539759198500974 ], [ 15.440638343825077, 48.539657237658759 ], [ 15.440731076119963, 48.539575668410762 ], [ 15.440852077009684, 48.539476314372479 ], [ 15.440873312755594, 48.539458836334006 ], [ 15.441134850557361, 48.5392640945661 ], [ 15.441325422931607, 48.53915970721615 ], [ 15.441328734260233, 48.539157848020373 ], [ 15.441892215168014, 48.538934988215374 ], [ 15.44192548247279, 48.538920172291384 ], [ 15.442083688455897, 48.538849388267394 ], [ 15.442158808107378, 48.538764626280063 ], [ 15.442230763779031, 48.538513016123318 ], [ 15.442209472651523, 48.538406508730858 ], [ 15.442175177756882, 48.538227175413589 ], [ 15.442174061537301, 48.538030868239666 ], [ 15.442174559657239, 48.537857475783561 ], [ 15.442225898931977, 48.537648435907037 ], [ 15.442265653808665, 48.537560352495049 ], [ 15.442347311748565, 48.537406910773896 ], [ 15.44235611983594, 48.537390376331281 ], [ 15.442408075672134, 48.537292535392858 ], [ 15.442452821010859, 48.537071377517407 ], [ 15.442467034223828, 48.537001479852748 ], [ 15.442449210708199, 48.536906876689869 ], [ 15.442413369664935, 48.536716234230326 ], [ 15.442344205563654, 48.536429648487619 ], [ 15.442321673632033, 48.536375619360967 ], [ 15.442173643735936, 48.536111869893951 ], [ 15.442133893109302, 48.536040965800296 ], [ 15.442103454166878, 48.536005614243777 ], [ 15.442066321384299, 48.535962285538517 ], [ 15.442032607580982, 48.53592636317974 ], [ 15.441924249453377, 48.535811078204389 ], [ 15.441775358137514, 48.535701832456276 ], [ 15.441760540118908, 48.535687343542001 ], [ 15.441661205882015, 48.535590610642444 ], [ 15.441656195513778, 48.53558404274537 ], [ 15.441576981737267, 48.535482358286188 ], [ 15.441526953167692, 48.535405250971053 ], [ 15.441460454873265, 48.535303067293889 ], [ 15.441315075394664, 48.535067521411676 ], [ 15.441119784148146, 48.534737770315822 ], [ 15.44101559116508, 48.534402688124452 ], [ 15.44100015582462, 48.534190712963934 ], [ 15.441109475556628, 48.533895331029434 ], [ 15.441116914400535, 48.533875132309902 ], [ 15.441129889974409, 48.533837918310994 ], [ 15.441191275121824, 48.533662528401727 ], [ 15.441149137675463, 48.533543079917578 ], [ 15.440872905431821, 48.533195082362944 ], [ 15.440782911259927, 48.533074786628397 ], [ 15.440754749091145, 48.533028776517767 ], [ 15.440664440121745, 48.532880863723712 ], [ 15.440575438203124, 48.532735086731783 ], [ 15.440569190982183, 48.532724762079738 ], [ 15.440567024446507, 48.532721472004972 ], [ 15.440299611895909, 48.532307271768374 ], [ 15.440341009400772, 48.532295908740011 ], [ 15.440325148144639, 48.532269111722258 ], [ 15.44010394492323, 48.531894927587153 ], [ 15.440073563977135, 48.531754752344753 ], [ 15.44006102422925, 48.531696493806166 ], [ 15.440085247855276, 48.531340921855424 ], [ 15.440088394970541, 48.531295247285598 ], [ 15.440096421373502, 48.531090407086893 ], [ 15.440115342703068, 48.53060833414969 ], [ 15.440060079499887, 48.530290094472562 ], [ 15.440017501659577, 48.530023722388179 ], [ 15.440014019068689, 48.530001471045381 ], [ 15.440012056362619, 48.529989899481912 ], [ 15.440012405458878, 48.529975227082303 ], [ 15.440030779739374, 48.529025287669008 ], [ 15.439841792774702, 48.528378074403804 ], [ 15.439841013155695, 48.528375569114324 ], [ 15.439747407967117, 48.528047132592981 ], [ 15.439742138157339, 48.527931338152356 ], [ 15.439719569668551, 48.527700415814813 ], [ 15.439457781944862, 48.52645761052559 ], [ 15.43942705181076, 48.526295486909511 ], [ 15.439376278275621, 48.526027282329274 ], [ 15.43935662659897, 48.525924163537532 ], [ 15.43934559269657, 48.525866237580146 ], [ 15.439336594178371, 48.525818352307255 ], [ 15.439440328857655, 48.525811085337324 ], [ 15.439646726277829, 48.52579684035809 ], [ 15.439655129464249, 48.52577041590424 ], [ 15.439658376669115, 48.525760370039812 ], [ 15.439683125494396, 48.525683084448943 ], [ 15.439698973733188, 48.525633311985331 ], [ 15.43970763977525, 48.525603373713011 ], [ 15.439728551660147, 48.525531645778699 ], [ 15.439731279432385, 48.525522149125692 ], [ 15.439741601827604, 48.525486332549256 ], [ 15.439743503235569, 48.525479820000932 ], [ 15.439746125012546, 48.525471045067327 ], [ 15.440010391964901, 48.524979872013922 ], [ 15.440132164497436, 48.52475426667116 ], [ 15.440214145318302, 48.524602438985184 ], [ 15.440286046353263, 48.52446914803761 ], [ 15.440326918764317, 48.524365478540375 ], [ 15.440335445203393, 48.524335452731904 ], [ 15.440394629485048, 48.524129599930077 ], [ 15.440415982087991, 48.524055434488403 ], [ 15.440479080287851, 48.524064824639488 ], [ 15.440792925148651, 48.524224005153179 ], [ 15.440855986989574, 48.524255709911834 ], [ 15.440908879663253, 48.524313691095763 ], [ 15.440912286090409, 48.524317498681434 ], [ 15.440920935678013, 48.524326970250215 ], [ 15.44105207437569, 48.524407024813442 ], [ 15.441103687345523, 48.52446682850799 ], [ 15.441280636690701, 48.524448072691413 ], [ 15.441331349887816, 48.524442749581617 ], [ 15.441472371011415, 48.524462971151834 ], [ 15.441556719423533, 48.524528302841908 ], [ 15.441602460983997, 48.524563738600598 ], [ 15.441699962956527, 48.524639360264374 ], [ 15.441986290862841, 48.524701769307605 ], [ 15.442002552436515, 48.524705255057398 ], [ 15.442017223439699, 48.524712908405476 ], [ 15.442471239650015, 48.524947476172549 ], [ 15.442546499931433, 48.524903109869577 ], [ 15.442623618298637, 48.524857810231936 ], [ 15.442716599633691, 48.524872508592672 ], [ 15.442836437189468, 48.524891401143499 ], [ 15.443102951598064, 48.52490314829933 ], [ 15.443267740543916, 48.524984482781953 ], [ 15.443693152824874, 48.525132194918129 ], [ 15.443725717655374, 48.525143484066682 ], [ 15.44373594936636, 48.525191616760914 ], [ 15.443736806360942, 48.525196010140114 ], [ 15.443750700013045, 48.525260812361289 ], [ 15.443765397178602, 48.525269094858601 ], [ 15.443929301901143, 48.525361871404982 ], [ 15.444228940719833, 48.525468033285954 ], [ 15.4442503258997, 48.52551065597406 ], [ 15.444455473064874, 48.52555859877689 ], [ 15.444564033593464, 48.525715627126175 ], [ 15.44457224567695, 48.525727625675358 ], [ 15.444662079593568, 48.525774590926723 ], [ 15.445096307850593, 48.525786634330018 ], [ 15.445204865863269, 48.525774776298071 ], [ 15.445340852355891, 48.525771150468699 ], [ 15.445589551153734, 48.525764498722417 ], [ 15.445863686049814, 48.525757116973899 ], [ 15.445899312793626, 48.525750534862205 ], [ 15.445953114457408, 48.525731297584507 ], [ 15.44613614147239, 48.525665726859287 ], [ 15.446473792669163, 48.525757249874864 ], [ 15.446927942318805, 48.525630632517007 ], [ 15.446940931986344, 48.525626978608571 ], [ 15.446947359140879, 48.525625152877168 ], [ 15.448508061934788, 48.525336808842347 ], [ 15.449354080072508, 48.525180508385851 ], [ 15.449384599330058, 48.525174917390785 ], [ 15.449391454535323, 48.525173623635546 ], [ 15.449522606605356, 48.525147946142859 ], [ 15.449529330135807, 48.525146744739104 ], [ 15.449539956853712, 48.525144932833939 ], [ 15.450170970417163, 48.525037415744208 ], [ 15.450187786341903, 48.525087408272533 ], [ 15.450427449148014, 48.525798113758775 ], [ 15.450486520518075, 48.52578849643352 ], [ 15.450505089141519, 48.525785460925121 ], [ 15.45055794142594, 48.525776136121401 ], [ 15.450858900440371, 48.525722638782717 ], [ 15.451221291459268, 48.525634556658211 ], [ 15.451238187719161, 48.525630381625291 ], [ 15.451259649200605, 48.525625224133854 ], [ 15.451714897142747, 48.52551575360701 ], [ 15.451791950744182, 48.525521825682468 ], [ 15.451836934679525, 48.525525419537345 ], [ 15.452876018919333, 48.525607632816424 ], [ 15.453446796869319, 48.5256528007504 ], [ 15.453771484305262, 48.525725192984929 ], [ 15.454113741648321, 48.525714217106582 ], [ 15.454412575594713, 48.52564536306334 ], [ 15.454490808422362, 48.525627388177213 ], [ 15.45476257988212, 48.525598793888093 ], [ 15.45511959686907, 48.525561364012788 ], [ 15.455034713661739, 48.525361626140707 ], [ 15.455530788898303, 48.525342636240282 ], [ 15.455949711761541, 48.525334942263306 ], [ 15.456386512273093, 48.525310726348742 ], [ 15.456741748375961, 48.525289339678416 ], [ 15.456941324610078, 48.525277347373951 ], [ 15.457296048947006, 48.52525011980822 ], [ 15.45731475973483, 48.525247260578752 ], [ 15.457414634635759, 48.52523185981557 ], [ 15.457434153841978, 48.525228895904348 ], [ 15.457440346881757, 48.52522797361032 ], [ 15.457457939400772, 48.525227564048187 ], [ 15.457460841261385, 48.525176314477356 ], [ 15.457463633673186, 48.525125696731671 ], [ 15.457466476294478, 48.525073008603627 ], [ 15.457465803703402, 48.525066542484886 ], [ 15.457455977195554, 48.524982502610058 ], [ 15.457424072450371, 48.524707662859477 ], [ 15.457421147946988, 48.524689270717275 ], [ 15.457420608625585, 48.524686041345426 ], [ 15.45749253379546, 48.524656392005312 ], [ 15.457724837231343, 48.524560935011891 ], [ 15.457725694679544, 48.524548862523922 ], [ 15.45774983324849, 48.52417780892241 ], [ 15.457755145348607, 48.524096283263063 ], [ 15.45775910197252, 48.524070657919211 ], [ 15.45776701150638, 48.524019317320501 ], [ 15.457830719616927, 48.523602646127927 ], [ 15.457831695061007, 48.523600019071836 ], [ 15.457843374466073, 48.523567865029882 ], [ 15.457977106301426, 48.523197159213119 ], [ 15.457850445399334, 48.523157351492024 ], [ 15.457766598827522, 48.523130982097435 ], [ 15.457853092029762, 48.523004522449327 ], [ 15.457891416297198, 48.522948400244147 ], [ 15.4579201557407, 48.52290621867126 ], [ 15.457964815397212, 48.522819749038852 ], [ 15.458027031599888, 48.522699128988393 ], [ 15.458351490617931, 48.52279256717005 ], [ 15.458363216551417, 48.522781286880594 ], [ 15.458373501781265, 48.522771202475688 ], [ 15.458415530851424, 48.522729409070912 ], [ 15.458465234356298, 48.522679918090475 ], [ 15.458136808097384, 48.522463823645296 ], [ 15.458127480573944, 48.522457694759858 ], [ 15.458121412518386, 48.522451776571437 ], [ 15.45794475907117, 48.522280071350316 ], [ 15.457995598456748, 48.522212114624047 ], [ 15.458004200234368, 48.522200621206565 ], [ 15.458088025886658, 48.522062062860442 ], [ 15.4582537678391, 48.521787949879638 ], [ 15.458435493659819, 48.521411961939414 ], [ 15.458455708747534, 48.521370025093645 ], [ 15.458471432805231, 48.521337437513864 ], [ 15.458481807311236, 48.521316374257744 ], [ 15.457885398459668, 48.521124674772153 ], [ 15.457874836230166, 48.521121447570465 ], [ 15.457848911772999, 48.521113550774075 ], [ 15.45782078848957, 48.521104884132335 ], [ 15.457822857750863, 48.521102507128184 ], [ 15.457857035921466, 48.521060856529523 ], [ 15.457872905851906, 48.521041672966838 ], [ 15.457887090335872, 48.521024319570174 ], [ 15.457900863009892, 48.521010122852992 ], [ 15.457908913761791, 48.521001698666709 ], [ 15.458031700770656, 48.520852174867244 ], [ 15.458045212131633, 48.520834923657347 ], [ 15.458129862386969, 48.520726312541534 ], [ 15.458153788529415, 48.520695555430727 ], [ 15.458295429427059, 48.520513836755896 ], [ 15.458544225206628, 48.520194484617527 ], [ 15.45862670688439, 48.520105617486713 ], [ 15.458755362598293, 48.519967143273739 ], [ 15.459027185631815, 48.519674274485268 ], [ 15.459037740794633, 48.51966418508534 ], [ 15.459070978489788, 48.519632628612761 ], [ 15.459169427095615, 48.519533573239912 ], [ 15.459305725658709, 48.519396578951955 ], [ 15.459347081935391, 48.519354977268776 ], [ 15.459544631118479, 48.519156314178375 ], [ 15.459557766895403, 48.519143118568074 ], [ 15.459634070774204, 48.519193647727334 ], [ 15.459661499644325, 48.519211774166287 ], [ 15.459783759029813, 48.519292869479294 ], [ 15.459888131267352, 48.519179849213849 ], [ 15.460002095700171, 48.519056396952479 ], [ 15.459990198892385, 48.519129224992888 ], [ 15.459984460010757, 48.519164150575754 ], [ 15.45992299134544, 48.5195393040215 ], [ 15.459910423083782, 48.51961556338027 ], [ 15.459893002110093, 48.519721963389877 ], [ 15.459888776196745, 48.519747593783407 ], [ 15.459874596443749, 48.519834049864585 ], [ 15.459841143021128, 48.520037826860914 ], [ 15.460052651395598, 48.520085806559749 ], [ 15.46007405292821, 48.520049696310821 ], [ 15.460081906760767, 48.520036506751914 ], [ 15.460534524724755, 48.520173675772149 ], [ 15.460730249200344, 48.520233008636453 ], [ 15.460995237819697, 48.520313305099485 ], [ 15.461429500227164, 48.520409235278365 ], [ 15.46174880590646, 48.52047972361634 ], [ 15.461749325585002, 48.520538289339157 ], [ 15.462092026633677, 48.520502807543515 ], [ 15.462120889863829, 48.520499852629712 ], [ 15.462125879004336, 48.520499311902846 ], [ 15.462131127701944, 48.520498496518016 ], [ 15.462152257833617, 48.520495232512097 ], [ 15.46220165045586, 48.520487584870615 ], [ 15.462322911775267, 48.52046882102394 ], [ 15.462433810973661, 48.520451685384266 ], [ 15.462450617557042, 48.520530739275451 ], [ 15.462472452835854, 48.520633185650965 ], [ 15.462522040545304, 48.520866583387722 ], [ 15.462547401030374, 48.520985521353523 ], [ 15.462616170496327, 48.521046983104185 ], [ 15.462650767583559, 48.521077935040459 ], [ 15.4628380028034, 48.521079113807204 ], [ 15.462884469845424, 48.521059642175871 ], [ 15.463211716357321, 48.520922044516375 ], [ 15.463315427113482, 48.520878405734578 ], [ 15.463329539728038, 48.520872480065613 ], [ 15.463332867649159, 48.520871069778856 ], [ 15.463312598116705, 48.520931273931375 ], [ 15.463295103696387, 48.520983239590713 ], [ 15.463255878754305, 48.521099394995872 ], [ 15.463220657369085, 48.521384724657672 ], [ 15.463342151060777, 48.522119604896268 ], [ 15.463355868471659, 48.522235335632637 ], [ 15.463363938306182, 48.522302851484731 ], [ 15.463384666643334, 48.522476849694335 ], [ 15.463390306895825, 48.522524884746268 ], [ 15.46342399993287, 48.522583116020527 ], [ 15.463438592676852, 48.522608493671086 ], [ 15.463517364045332, 48.52274481367067 ], [ 15.463585056356781, 48.522894922025451 ], [ 15.463633629146539, 48.522955941362376 ], [ 15.463642777819432, 48.522967561688183 ], [ 15.463662244274628, 48.523012555517063 ], [ 15.46368421016712, 48.523059033414611 ], [ 15.463854320178362, 48.523419441707809 ], [ 15.463998273881902, 48.52373353824251 ], [ 15.464026406163956, 48.523794839913336 ], [ 15.464064220099063, 48.523877379713518 ], [ 15.464056138163658, 48.523881755917593 ], [ 15.464043152180848, 48.523888740847624 ], [ 15.464013073413838, 48.523904944991685 ], [ 15.463977958936475, 48.523923850227575 ], [ 15.463992773431269, 48.523957861570977 ], [ 15.464005357160516, 48.523987054795803 ], [ 15.464015973394867, 48.524011245151101 ], [ 15.464024358850454, 48.524030617389535 ], [ 15.464040484404222, 48.524066854264227 ], [ 15.464097960605942, 48.524195823864709 ], [ 15.464104393449972, 48.524210552867672 ], [ 15.464132113364235, 48.524284818730308 ], [ 15.464249706933661, 48.524600115082947 ], [ 15.464433258447182, 48.525125025586362 ], [ 15.464449129181338, 48.525168195279562 ], [ 15.464504315255489, 48.525317091334784 ], [ 15.464525975866406, 48.525375811505725 ], [ 15.464551898180138, 48.525445881088785 ], [ 15.464555254847648, 48.525454997573426 ], [ 15.464568523888742, 48.525490926521314 ], [ 15.464575537661839, 48.525509873830259 ], [ 15.464616740560517, 48.525608817462697 ], [ 15.464630728965041, 48.52564248386274 ], [ 15.464702470119111, 48.525815011964099 ], [ 15.464705939907512, 48.525823586519152 ], [ 15.464743115583161, 48.525916844974162 ], [ 15.464761556970684, 48.525963206934811 ], [ 15.464784970360883, 48.526021715145347 ], [ 15.464828635331617, 48.526131051156312 ], [ 15.464834823912767, 48.52614641440568 ], [ 15.46480869246631, 48.526146710794144 ], [ 15.464789193542188, 48.526146886276415 ], [ 15.464772672485251, 48.526147007474059 ], [ 15.464660841098198, 48.526148416076147 ], [ 15.464411727356683, 48.526151606833999 ], [ 15.464410354756893, 48.52617412611923 ], [ 15.464406068167175, 48.526240877255766 ], [ 15.464405347611322, 48.526252947315825 ], [ 15.464402831862582, 48.526290423627678 ], [ 15.464416207412548, 48.526368279953424 ], [ 15.464427670667648, 48.526435913741963 ], [ 15.464435906418965, 48.52648444123539 ], [ 15.464449128140295, 48.526561850470117 ], [ 15.464538231255304, 48.527085782461775 ], [ 15.464614403216613, 48.527532749689129 ], [ 15.46465861099537, 48.527789638114406 ], [ 15.464667874792497, 48.527843365496182 ], [ 15.464678758471182, 48.527913349189532 ], [ 15.464748383281366, 48.528329663395098 ], [ 15.464761783800322, 48.528568757927793 ], [ 15.464766363892146, 48.52865010361301 ], [ 15.464767076672304, 48.528660797881479 ], [ 15.464767414712044, 48.528668979625003 ], [ 15.464773470759914, 48.52877621177231 ], [ 15.464772218167687, 48.528844257195118 ], [ 15.464771334812673, 48.528888451988671 ], [ 15.464765972392295, 48.529165228892175 ], [ 15.464763141604308, 48.529313112624045 ], [ 15.464771870701471, 48.529324380590602 ], [ 15.464822648606029, 48.529389408148461 ], [ 15.464897713875624, 48.529363566137825 ], [ 15.464983734188303, 48.529334015277684 ], [ 15.465398866557617, 48.52919121172517 ], [ 15.466213224793334, 48.528917497209683 ], [ 15.466229392048971, 48.528912073634267 ], [ 15.466286573547391, 48.5288927653095 ], [ 15.467156751792503, 48.528586713808259 ], [ 15.467285201555651, 48.528541540729442 ], [ 15.467268681371651, 48.528587550551691 ], [ 15.467260775293584, 48.528609289322247 ], [ 15.466901785429089, 48.52960819649644 ], [ 15.466644876781224, 48.530026057905573 ], [ 15.466607049026388, 48.530018740036489 ], [ 15.466557881664579, 48.53000910965946 ], [ 15.466462585485587, 48.530276280084536 ], [ 15.466336922003268, 48.530628132728232 ], [ 15.466198531378854, 48.530973648957556 ], [ 15.466177465708434, 48.53101461275854 ], [ 15.46595532097437, 48.531444614807647 ], [ 15.465925090165245, 48.531503111226236 ], [ 15.465904873461014, 48.531544959246624 ], [ 15.465810824341071, 48.531724468608644 ], [ 15.465796770243719, 48.531751537995675 ], [ 15.465822276560035, 48.531758990849788 ], [ 15.466163059409318, 48.531858858844238 ], [ 15.466326253181824, 48.531906719324432 ], [ 15.466474223830598, 48.531950088488401 ], [ 15.466991641816231, 48.532101707907806 ], [ 15.467119453384166, 48.53213914569168 ], [ 15.46743912220842, 48.532232826976049 ], [ 15.467821878827777, 48.5323450608782 ], [ 15.467836959673592, 48.532349374442319 ], [ 15.467842682573576, 48.532350169755496 ], [ 15.467873733803373, 48.532354101840603 ], [ 15.468611157709365, 48.532449691679716 ], [ 15.469532895521638, 48.532589328113474 ], [ 15.47000807796025, 48.532571289537792 ], [ 15.470024984839132, 48.53257062072737 ], [ 15.470213814509028, 48.532563481431886 ], [ 15.470219222027012, 48.532563202668868 ], [ 15.470241664343346, 48.53256207277235 ], [ 15.470309126660634, 48.532558680583236 ], [ 15.470717525789787, 48.532517925568946 ], [ 15.471069528005454, 48.532482788885396 ], [ 15.471791139403098, 48.532487591108726 ], [ 15.472039196747573, 48.532494122037512 ], [ 15.472499911919988, 48.532506210269965 ], [ 15.47314982450307, 48.53252329282396 ], [ 15.473510991578804, 48.532581737194583 ], [ 15.473973364528403, 48.53265659332093 ], [ 15.474563606192024, 48.532792900251188 ], [ 15.474576326650597, 48.532795816542404 ], [ 15.4746046402957, 48.532802316338049 ], [ 15.474609566031312, 48.532803485827394 ], [ 15.474989153680964, 48.532891100906099 ], [ 15.475177099895413, 48.532934446955572 ], [ 15.475533644214952, 48.532989100813438 ], [ 15.475558867820475, 48.532992957670636 ], [ 15.475618005184392, 48.533001142017845 ], [ 15.475642672365881, 48.533004649141503 ], [ 15.475650376733595, 48.532981383882714 ], [ 15.475656745064056, 48.532961832160453 ], [ 15.475667328748548, 48.532929606417042 ], [ 15.475673705484025, 48.532906995316416 ], [ 15.47575871250894, 48.532611662641585 ], [ 15.475751378243388, 48.532552502058159 ], [ 15.475746755156715, 48.532506428469866 ], [ 15.475750836076164, 48.532477471039314 ], [ 15.475797772359183, 48.532156022504658 ], [ 15.475804727838852, 48.532108207172591 ], [ 15.475797167053361, 48.531922902714989 ], [ 15.475796323130593, 48.531902583331629 ], [ 15.475794080677305, 48.531881209843576 ], [ 15.475773632615718, 48.531685704111744 ], [ 15.475762643818374, 48.531509190208361 ], [ 15.475871611975361, 48.531513582203665 ], [ 15.476561252686635, 48.531541524792054 ], [ 15.47676752121737, 48.531549891216706 ], [ 15.47669200242632, 48.530769193119028 ], [ 15.476659537214406, 48.530574717434511 ], [ 15.476616065471344, 48.53031422017586 ], [ 15.476613079387741, 48.530274954831498 ], [ 15.476592799685552, 48.530005304667085 ], [ 15.476591330941172, 48.529986256399155 ], [ 15.476587056346103, 48.529929019204438 ], [ 15.476617491611872, 48.529585557859662 ], [ 15.476637832087748, 48.529455617709566 ], [ 15.47667763152949, 48.529200612301807 ], [ 15.476675403713273, 48.528657909778651 ], [ 15.476675311213427, 48.528652422855195 ], [ 15.476675152872588, 48.528612745741704 ], [ 15.47651819402779, 48.527573684525514 ], [ 15.476515191590755, 48.527553584616939 ], [ 15.476462937494929, 48.527355512311125 ], [ 15.476423217628669, 48.527204808301455 ], [ 15.477225870465997, 48.527120902209496 ], [ 15.477336431868331, 48.527108437688156 ], [ 15.47738861049063, 48.527102532199642 ], [ 15.477572163368551, 48.527063445403016 ], [ 15.477586395619312, 48.527060395117694 ], [ 15.477837082177398, 48.527006940099241 ], [ 15.477687057887612, 48.526747856974353 ], [ 15.478712416045601, 48.526446069603267 ], [ 15.478847177020478, 48.526406436288816 ], [ 15.478846738823714, 48.526366584284219 ], [ 15.478844048373773, 48.52608365430293 ], [ 15.478843195926945, 48.525998011323317 ], [ 15.478842513226668, 48.525926221767961 ], [ 15.478841812583905, 48.525850743459763 ], [ 15.478841176993207, 48.525786601127045 ], [ 15.478840526447998, 48.525722099156489 ], [ 15.478857790806931, 48.525498817975652 ], [ 15.478867384628844, 48.525374472891102 ], [ 15.478879561364774, 48.525217778451704 ], [ 15.479095941498866, 48.525193023001506 ], [ 15.479168609581675, 48.525184761159785 ], [ 15.48013416392531, 48.52507436055636 ], [ 15.480312999187904, 48.525058840028208 ], [ 15.480450941830339, 48.525046949419952 ], [ 15.480466323539163, 48.525045497258084 ], [ 15.480478885264962, 48.525044636743594 ], [ 15.480494684259755, 48.525043446848237 ], [ 15.480625355767229, 48.525029350135028 ], [ 15.48065434833655, 48.52502620835098 ], [ 15.480657233284797, 48.525001141584525 ], [ 15.480679742478761, 48.52485199515359 ], [ 15.4807303886251, 48.524516438105799 ], [ 15.480754501060993, 48.524357004717999 ], [ 15.480760963142064, 48.524303979161992 ], [ 15.480774587735668, 48.524191976652723 ], [ 15.480797788643132, 48.524000887818289 ], [ 15.480847947186726, 48.523982330958667 ], [ 15.480934397238359, 48.523950510625298 ], [ 15.480899848955948, 48.52383318441229 ], [ 15.48088228890666, 48.523824599145399 ], [ 15.480869288997532, 48.523818179563264 ], [ 15.480952371820313, 48.523777063372385 ], [ 15.481021384315778, 48.523742863917157 ], [ 15.480996497400392, 48.523789299652329 ], [ 15.48101727057464, 48.523884834327788 ], [ 15.481030647430218, 48.523945863437596 ], [ 15.481094493687715, 48.52419428882412 ], [ 15.481157529051133, 48.524439489855745 ], [ 15.481159632985069, 48.524447729155575 ], [ 15.481168529644735, 48.52448247707396 ], [ 15.481252590344452, 48.524809711366082 ], [ 15.481487574313427, 48.524808903659135 ], [ 15.482886920422121, 48.52480424159274 ], [ 15.482979250042504, 48.524802994080375 ], [ 15.483206282311381, 48.524799899709038 ], [ 15.483431148902342, 48.524796844719994 ], [ 15.483804121786287, 48.52479178530244 ], [ 15.483901226914419, 48.524814113382909 ], [ 15.483924751271307, 48.52481952926501 ], [ 15.484780888513859, 48.524817456142571 ], [ 15.485698784214193, 48.524815139710114 ], [ 15.485752015494587, 48.524815059605359 ], [ 15.485762438186232, 48.524655786952181 ], [ 15.485765269700297, 48.524613265294406 ], [ 15.486439639176757, 48.52462460340768 ], [ 15.486582168120702, 48.52463502555171 ], [ 15.486648606957822, 48.524639830549745 ], [ 15.486840766379315, 48.524683979851339 ], [ 15.486843943290779, 48.524685450963752 ], [ 15.486876437967513, 48.524701318432122 ], [ 15.486894551982109, 48.524710162549965 ], [ 15.486930362712338, 48.524727588529871 ], [ 15.486945344622452, 48.524739279641949 ], [ 15.486962992071668, 48.524753171103086 ], [ 15.487043383207979, 48.524816384462156 ], [ 15.487048988746025, 48.524820870082749 ], [ 15.487051650532456, 48.52482298052297 ], [ 15.487133861532593, 48.524887599946737 ], [ 15.487143245486868, 48.52489498523363 ], [ 15.487225186009537, 48.524959609577401 ], [ 15.487277707762379, 48.525000931666717 ], [ 15.487280410857876, 48.525004031097389 ], [ 15.487308851672719, 48.525036349096787 ], [ 15.487406005572062, 48.525147391571778 ], [ 15.487522288390632, 48.525223440078037 ], [ 15.487533469811611, 48.525228452795112 ], [ 15.487764411386252, 48.525331901351827 ], [ 15.487814261027323, 48.525367603836841 ], [ 15.487889244282288, 48.525421288645283 ], [ 15.487884487642251, 48.525362530771233 ], [ 15.487913661331969, 48.525276154320828 ], [ 15.487926078358502, 48.525239394502186 ], [ 15.487938181916764, 48.525227564327686 ], [ 15.488022624696566, 48.525144488331698 ], [ 15.488133852203832, 48.525060558754411 ], [ 15.488173931404479, 48.525069897669397 ], [ 15.488185285926138, 48.525072567710041 ], [ 15.488359547928846, 48.525112995385861 ], [ 15.488490862152824, 48.525143507039836 ], [ 15.488860205614237, 48.525223347596778 ], [ 15.48903293865752, 48.525256334305467 ], [ 15.489063404491658, 48.525259281766701 ], [ 15.489217215095982, 48.525273811684691 ], [ 15.489464544916796, 48.525260433385654 ], [ 15.489476847109193, 48.525259846622696 ], [ 15.48949704876879, 48.525257044699366 ], [ 15.490082880908774, 48.525175427768644 ], [ 15.490099401594478, 48.525175302996423 ], [ 15.490426375058711, 48.525171520858549 ], [ 15.490730063863539, 48.525168077448782 ], [ 15.491185517988731, 48.525156163965569 ], [ 15.491173096290836, 48.525264006860731 ], [ 15.491659389993554, 48.525293092244922 ], [ 15.49197064096092, 48.52531173060423 ], [ 15.492078465751085, 48.525318197903317 ], [ 15.492151267961116, 48.525335839150308 ], [ 15.492224059201153, 48.525362928245563 ], [ 15.49238575977226, 48.525397643372173 ], [ 15.492424746486227, 48.52578544848221 ], [ 15.492400645855135, 48.525911952656763 ], [ 15.492399976702245, 48.525915384175896 ], [ 15.492356998377781, 48.526069860138911 ], [ 15.49231024656496, 48.526283071376753 ], [ 15.492224959999493, 48.526672810952469 ], [ 15.492216842922236, 48.526695725237232 ], [ 15.492187213122557, 48.526780761571104 ], [ 15.492222453294865, 48.526852453203489 ], [ 15.492251635939718, 48.526912109644172 ], [ 15.492297838438922, 48.527048292987111 ], [ 15.492490057959925, 48.527358946728057 ], [ 15.492690126830643, 48.527769690594717 ], [ 15.492706868698781, 48.527933411156845 ], [ 15.492713142737841, 48.527995919917544 ], [ 15.492716520438519, 48.528028069631624 ], [ 15.492731111016534, 48.528172754586009 ], [ 15.49275356746654, 48.528709237922385 ], [ 15.492757055605312, 48.528776386977583 ], [ 15.492758248509933, 48.528801648729768 ], [ 15.492766849553478, 48.528945634437228 ], [ 15.49277623697888, 48.529101932579202 ], [ 15.492798590317102, 48.529477357256233 ], [ 15.492800908079586, 48.529516544792514 ], [ 15.492921779186144, 48.530005951496236 ], [ 15.492980895190323, 48.530236912537575 ], [ 15.492983644343933, 48.530247569125592 ], [ 15.492995738412754, 48.530277578314987 ], [ 15.493031697271782, 48.53036635215711 ], [ 15.493265884151677, 48.530944453165667 ], [ 15.493293676013208, 48.530941690393853 ], [ 15.493367075701787, 48.530934576061 ], [ 15.493826210575278, 48.530889653392641 ], [ 15.493863448057359, 48.53088599615262 ], [ 15.49391620020651, 48.530880792565213 ], [ 15.494528576223509, 48.530745847228467 ], [ 15.495730021476039, 48.530369393999962 ], [ 15.49658121895027, 48.530063112177174 ], [ 15.496674674965808, 48.530033580115969 ], [ 15.496685240706086, 48.530030325401569 ], [ 15.49722541558288, 48.529866828580985 ], [ 15.496987302488773, 48.529393091590585 ], [ 15.496890303839242, 48.529183078120518 ], [ 15.49687167898529, 48.529142752665571 ], [ 15.497304482310282, 48.529103521858538 ], [ 15.497326482493312, 48.529101585105749 ], [ 15.497927976633289, 48.529046993100572 ], [ 15.498059524367109, 48.52899551993751 ], [ 15.498245721863965, 48.528922789809059 ], [ 15.49851267717912, 48.528818241488992 ], [ 15.498756982051775, 48.52872274987363 ], [ 15.498957676595378, 48.528698518223386 ], [ 15.499150689255194, 48.528675238307763 ], [ 15.499334770436825, 48.528713488563383 ], [ 15.499731229351049, 48.528796032390126 ], [ 15.499771020334006, 48.528827417379972 ], [ 15.49981403043717, 48.528861262102502 ], [ 15.499879175599425, 48.528912512364535 ], [ 15.499859667833581, 48.528931859172673 ], [ 15.499800219559338, 48.528990456580296 ], [ 15.49968874761564, 48.529100585432936 ], [ 15.499673620985355, 48.529124259966856 ], [ 15.499646679489773, 48.529166598880984 ], [ 15.499639358621341, 48.529189049066055 ], [ 15.499640905366096, 48.529196848504306 ], [ 15.499675200822235, 48.529368341209192 ], [ 15.499689968364525, 48.529442569467719 ], [ 15.499717019462373, 48.529489936651537 ], [ 15.499744954537414, 48.529538997035317 ], [ 15.49976149619652, 48.529565144129705 ], [ 15.500005647237725, 48.529949775756194 ], [ 15.500012172967148, 48.529960002321261 ], [ 15.500043717565006, 48.530004676807415 ], [ 15.500050205546046, 48.530014004289292 ], [ 15.500177561873972, 48.530194929766608 ], [ 15.500223283769531, 48.530183645091547 ], [ 15.500474156020418, 48.530121860071198 ], [ 15.500529127408502, 48.530108244385978 ], [ 15.500540567886118, 48.53013871488119 ], [ 15.500583613816344, 48.530253988808312 ], [ 15.500612688323363, 48.530336589686968 ], [ 15.500755492792043, 48.530743253104582 ], [ 15.500757193383221, 48.530748260355395 ], [ 15.500766875499192, 48.530862622946081 ], [ 15.50077310171744, 48.530936649447092 ], [ 15.50077566864282, 48.530968724028121 ], [ 15.500753401802225, 48.531151342236726 ], [ 15.500434018559998, 48.531143224762822 ], [ 15.500435012375235, 48.531189455044306 ], [ 15.500437219080137, 48.531287130268858 ], [ 15.500440586413983, 48.5314382309138 ], [ 15.500441493664207, 48.531443702759148 ], [ 15.500558646728502, 48.532207154375882 ], [ 15.500566869494703, 48.532260988771462 ], [ 15.500583579356084, 48.532274985595848 ], [ 15.500598326025351, 48.532287399197386 ], [ 15.500783007865138, 48.532442787550956 ], [ 15.50078409147055, 48.532446006674192 ], [ 15.50083361131132, 48.532599221115873 ], [ 15.500861951490814, 48.532686874245918 ], [ 15.500863204480382, 48.532690900030389 ], [ 15.500866639813482, 48.532701723690757 ], [ 15.500650474428941, 48.53281919223658 ], [ 15.500617228541927, 48.53283726409154 ], [ 15.500459075245354, 48.532923154615368 ], [ 15.500220543679514, 48.533033928530436 ], [ 15.500036885900448, 48.533119031330322 ], [ 15.500006617261164, 48.53313380863603 ], [ 15.499992280074897, 48.533140822605617 ], [ 15.499968647951608, 48.53315232771898 ], [ 15.499944083302898, 48.533164210015471 ], [ 15.499644268459308, 48.533267480175567 ], [ 15.499620071493959, 48.533275216606931 ], [ 15.49947516029896, 48.533321630074312 ], [ 15.498867976633923, 48.533516159979257 ], [ 15.498820386933204, 48.533531437657665 ], [ 15.498811674347335, 48.533533668477666 ], [ 15.49871706178013, 48.533558364711347 ], [ 15.497838741028339, 48.533787601853959 ], [ 15.497647627078122, 48.533843685941989 ], [ 15.497615374871204, 48.533853190622125 ], [ 15.497014527123889, 48.534060190245633 ], [ 15.497047907596588, 48.5340808074167 ], [ 15.496801239598829, 48.534182007000283 ], [ 15.496669164025084, 48.534282615968316 ], [ 15.496661944509283, 48.534288148181155 ], [ 15.496579693257704, 48.534339517318067 ], [ 15.495533560769971, 48.53499392595667 ], [ 15.495312670120954, 48.535121998855203 ], [ 15.495289652933275, 48.535135291161808 ], [ 15.495605248180276, 48.53519792963759 ], [ 15.496099681394721, 48.535296040555735 ], [ 15.496517416539035, 48.535332403736767 ], [ 15.49659465183268, 48.535339073122863 ], [ 15.497158078657929, 48.535366800529161 ], [ 15.497199080409704, 48.53536883121874 ], [ 15.497700101535148, 48.535342914215789 ], [ 15.498105142389473, 48.535325340075275 ], [ 15.498209140232671, 48.535320805666345 ], [ 15.498213765795484, 48.535321259909182 ], [ 15.4982550986895, 48.535324723743216 ], [ 15.498671304886209, 48.535360117813482 ], [ 15.49870624855485, 48.535363069940516 ], [ 15.49882800035445, 48.535481295856442 ], [ 15.499008803079318, 48.535515108758801 ], [ 15.499054551925928, 48.535523709251457 ], [ 15.499271451433156, 48.535549205191529 ], [ 15.499387730960029, 48.535562887730947 ], [ 15.499446155737076, 48.535789449422126 ], [ 15.499565595849283, 48.536252602196264 ], [ 15.499572862367231, 48.536280450687364 ], [ 15.499585325825141, 48.53632880782483 ], [ 15.499626060285815, 48.536434137094389 ], [ 15.499735296529995, 48.53643814220576 ], [ 15.499830964288035, 48.536441678742555 ], [ 15.499874098944996, 48.536655746574517 ], [ 15.499929948855518, 48.536933822932831 ], [ 15.499976682750555, 48.537165819561324 ], [ 15.50010887325254, 48.537822637382554 ], [ 15.500157329003208, 48.538063329804991 ], [ 15.500166600213181, 48.5381098564662 ], [ 15.500116610965513, 48.538145513980794 ], [ 15.500077800990788, 48.538173136307378 ], [ 15.500016493098519, 48.538216741544318 ], [ 15.499967552754185, 48.538251569759034 ], [ 15.499969497854451, 48.538255942632759 ], [ 15.499981461899075, 48.538282714304401 ], [ 15.499983433439125, 48.538287716531855 ], [ 15.500168678980019, 48.538539911304468 ], [ 15.500280679480039, 48.538745054861813 ], [ 15.50030724354639, 48.538793600527093 ], [ 15.500348624558947, 48.538878762504119 ], [ 15.500364539761625, 48.53932205749345 ], [ 15.500364955288344, 48.539331947336173 ], [ 15.500294079265238, 48.539338119293419 ], [ 15.500275045865457, 48.539339821594403 ], [ 15.49989002622319, 48.53937349768038 ], [ 15.499502170425391, 48.539407404971953 ], [ 15.498961899552548, 48.539454660546525 ], [ 15.498757912794206, 48.539472473867463 ], [ 15.498407855547532, 48.53950306833989 ], [ 15.498107547859028, 48.539621368878613 ], [ 15.497977056215229, 48.539672821781814 ], [ 15.497962362061713, 48.539697207716429 ], [ 15.497948164180766, 48.539720504733438 ], [ 15.497882013845441, 48.539829612049537 ], [ 15.49782485728193, 48.539923796562157 ], [ 15.497144828305926, 48.541045261838008 ], [ 15.497041887296602, 48.541052654801632 ], [ 15.49702702777606, 48.541053739482265 ], [ 15.497010001932326, 48.541054864234937 ], [ 15.4969036797765, 48.541062409600123 ], [ 15.496836707444896, 48.541090641651891 ], [ 15.496752427811101, 48.54112621202863 ], [ 15.496615553066647, 48.541183899810292 ], [ 15.496367570254954, 48.541412889754184 ], [ 15.496343047135133, 48.541435567681717 ], [ 15.49627692682769, 48.5414195147439 ], [ 15.49592716312711, 48.541334655041183 ], [ 15.49590879387612, 48.541329596028056 ], [ 15.495888916424263, 48.541324115010006 ], [ 15.495874685727776, 48.541333735770586 ], [ 15.495510221645544, 48.541580173492946 ], [ 15.495463443691206, 48.54155683428236 ], [ 15.495457351430383, 48.541563425271107 ], [ 15.495438032925666, 48.541584207242657 ], [ 15.495371386400427, 48.541655801499353 ], [ 15.495307977629123, 48.541723826748353 ], [ 15.495234456192527, 48.541802746179577 ], [ 15.493898710552394, 48.541657999993681 ], [ 15.493565433823566, 48.541575258126912 ], [ 15.493397016876596, 48.54153346980312 ], [ 15.49309574485134, 48.541380133212591 ], [ 15.493085774190645, 48.54137500865825 ], [ 15.493038425815284, 48.541350959213808 ], [ 15.49301336568192, 48.541338195267883 ], [ 15.492993153602923, 48.541327951144076 ], [ 15.492914234792869, 48.5412877487854 ], [ 15.492828051255019, 48.541187305717848 ], [ 15.492815691969248, 48.541170438212269 ], [ 15.492769858130146, 48.541108120336595 ], [ 15.492664706795122, 48.540959169649604 ], [ 15.492659091370882, 48.540951265336112 ], [ 15.492479121332725, 48.540727304967376 ], [ 15.492415239139193, 48.540654612822181 ], [ 15.492402003866932, 48.540639471012931 ], [ 15.492118858573257, 48.540420473835965 ], [ 15.492103224074995, 48.540409515233854 ], [ 15.491822251811168, 48.540213241519709 ], [ 15.491533805400383, 48.540045537903453 ], [ 15.491415828843671, 48.540001196482933 ], [ 15.491405508867617, 48.539997427895216 ], [ 15.491127028024934, 48.539892973446378 ], [ 15.491103804607731, 48.539917605786947 ], [ 15.491040986116879, 48.539886462817734 ], [ 15.490924202520272, 48.539828512329024 ], [ 15.490725525431422, 48.539992786661436 ], [ 15.490661221284222, 48.540045979632623 ], [ 15.490647181827526, 48.540037510786298 ], [ 15.49025938380275, 48.54031927358384 ], [ 15.490053608169143, 48.540579593330747 ], [ 15.490007024124907, 48.540638577607517 ], [ 15.489984905344388, 48.540676685921184 ], [ 15.489866363762738, 48.540881320415991 ], [ 15.489591605701595, 48.541050684386086 ], [ 15.489552900829043, 48.54107452205686 ], [ 15.48948979422315, 48.541114285626541 ], [ 15.489344970979781, 48.541205672779341 ], [ 15.489071924972487, 48.541360967438003 ], [ 15.488967642387923, 48.54149839503004 ], [ 15.488707494067194, 48.541745137802707 ], [ 15.488252564758637, 48.542165525394729 ], [ 15.488208335022879, 48.542232293481334 ], [ 15.488123072363384, 48.54236127184339 ], [ 15.488063127925153, 48.542509218785582 ], [ 15.487985123660224, 48.542701677116028 ], [ 15.487964475472333, 48.542901536695048 ], [ 15.487947646797597, 48.543063085630322 ], [ 15.4880104944276, 48.543218128154905 ], [ 15.488449110024817, 48.543412316163391 ], [ 15.4885665919755, 48.543447941933252 ], [ 15.488635897980526, 48.543468889255365 ], [ 15.488634002217587, 48.543472163362061 ], [ 15.488629951159247, 48.543478986288747 ], [ 15.488652525436638, 48.54348414891156 ], [ 15.488816424157541, 48.54352152847585 ], [ 15.489375156709752, 48.543648896004328 ], [ 15.489399023607302, 48.543704421837909 ], [ 15.489402182793013, 48.543711921682728 ], [ 15.489406376248333, 48.543721471936564 ], [ 15.48945055138584, 48.543718228284135 ], [ 15.489469780708713, 48.543779508145001 ], [ 15.489445365342947, 48.543837273606457 ], [ 15.489350129501805, 48.544061542384448 ], [ 15.489348030611517, 48.544066439833792 ], [ 15.489335212019643, 48.544080712530182 ], [ 15.489129684823066, 48.544308543507583 ], [ 15.489008627216865, 48.544385185568267 ], [ 15.488589394470797, 48.544882026001595 ], [ 15.488500983257813, 48.545195155387546 ], [ 15.488490917014737, 48.545469860683689 ], [ 15.488469861017505, 48.545640485087773 ], [ 15.488314796767684, 48.54587629226431 ], [ 15.488259376830346, 48.545960721872945 ], [ 15.488076393514634, 48.546131629735157 ], [ 15.488041028553505, 48.546144697983557 ], [ 15.488027280526612, 48.546149720000223 ], [ 15.488038620723504, 48.546155179662179 ], [ 15.488073194234472, 48.546171818387627 ], [ 15.488106650685324, 48.546187667887423 ], [ 15.489260991639989, 48.54673640271335 ], [ 15.489308000958793, 48.546758750367808 ], [ 15.489419231119344, 48.546832640832214 ], [ 15.489427393091297, 48.546843107675961 ], [ 15.489546148329689, 48.546993249766039 ], [ 15.489653029473617, 48.547141361194363 ], [ 15.489768972287566, 48.547301992230395 ], [ 15.489886184162753, 48.54742166024289 ], [ 15.489946347519526, 48.547483085079072 ], [ 15.490229372439654, 48.547653142052532 ], [ 15.490263846058868, 48.547673830954828 ], [ 15.490293512627737, 48.547686510557249 ], [ 15.490516093228994, 48.547781920761267 ], [ 15.490548520839642, 48.547795809062791 ], [ 15.491048857713784, 48.547863961544053 ], [ 15.491173430576646, 48.547880918789154 ], [ 15.491239632740008, 48.547889055199136 ], [ 15.491284860867136, 48.547894699221295 ], [ 15.491613028385977, 48.547935433046732 ], [ 15.491966815421902, 48.547953648844164 ], [ 15.492007811918247, 48.547955321710241 ], [ 15.492141250847153, 48.547960687246658 ], [ 15.492278439330606, 48.547942319478224 ], [ 15.492293801184006, 48.547940236424758 ], [ 15.492363982507058, 48.547923645063754 ], [ 15.492583252776393, 48.547871910110224 ], [ 15.49274347422471, 48.547801649778215 ], [ 15.492766095368371, 48.547791694632785 ], [ 15.492890782328274, 48.547736936254417 ], [ 15.493467643678933, 48.547483707284208 ], [ 15.49353462153374, 48.54751036334698 ], [ 15.493586169634595, 48.547531005918863 ], [ 15.493620655287144, 48.547542246042504 ], [ 15.493646207325764, 48.547550501940115 ], [ 15.4937861170499, 48.547720044216653 ], [ 15.493952435252478, 48.547921490311595 ], [ 15.49397227796692, 48.54793579007773 ], [ 15.49410518873154, 48.548032039968476 ], [ 15.494123357592459, 48.548045200926019 ], [ 15.494143248957796, 48.548054191118673 ], [ 15.494399505158521, 48.548170386579272 ], [ 15.494385824966811, 48.548338716453465 ], [ 15.494376617099505, 48.5484520776902 ], [ 15.494411022992637, 48.548548707285825 ], [ 15.494423287966676, 48.548582671985493 ], [ 15.494473604838539, 48.548619172887904 ], [ 15.494735237892648, 48.54880859960997 ], [ 15.494894631311775, 48.548922264759916 ], [ 15.494956794631504, 48.548966554523574 ], [ 15.495135526743438, 48.549208529187553 ], [ 15.495167607734162, 48.549324006724717 ], [ 15.495147021049352, 48.549508570151232 ], [ 15.495118354100585, 48.549691123423472 ], [ 15.495080069021835, 48.54983498433117 ], [ 15.495057179166675, 48.550013111901109 ], [ 15.49507684988221, 48.550026514893943 ], [ 15.495171727676821, 48.550091434592915 ], [ 15.495193496294599, 48.550135480957159 ], [ 15.495326038868399, 48.550403772332878 ], [ 15.495323812446046, 48.550538149130439 ], [ 15.495323569411054, 48.550554979319081 ], [ 15.495392633546825, 48.550805818462699 ], [ 15.495544373713726, 48.551102007528932 ], [ 15.495571190661346, 48.551098362690986 ], [ 15.495585342067423, 48.551096481549799 ], [ 15.495758916729248, 48.551073028467805 ], [ 15.495769295171094, 48.551071666929218 ], [ 15.495952292824811, 48.550784946648264 ], [ 15.495963780964358, 48.55078419441621 ], [ 15.496157653764921, 48.550772962262798 ], [ 15.496330426774952, 48.550652887810173 ], [ 15.496967043179332, 48.550402226458296 ], [ 15.497387392372021, 48.550268663491799 ], [ 15.497760419539061, 48.550147491579992 ], [ 15.497986270221306, 48.550049016749725 ], [ 15.497993150156779, 48.550048259605994 ], [ 15.498356033555689, 48.550008342803636 ], [ 15.498528561855226, 48.549963310366628 ], [ 15.498736481627072, 48.549909074747085 ], [ 15.498811535843771, 48.549898777725495 ], [ 15.49885384574767, 48.549892955810279 ], [ 15.498860718098266, 48.549892018801017 ], [ 15.498871498699748, 48.549890559559032 ], [ 15.499005838584493, 48.549872056749678 ], [ 15.499340192573246, 48.549859568168593 ], [ 15.499443839789709, 48.549855669567386 ], [ 15.499702885680076, 48.549973241679041 ], [ 15.499716055262834, 48.549973807593858 ], [ 15.500087985739853, 48.549987974080707 ], [ 15.50058928385352, 48.550007210913364 ], [ 15.50070833444196, 48.549960286668863 ], [ 15.501445310418754, 48.549670130429746 ], [ 15.501477040808895, 48.549657665360641 ], [ 15.501527167714027, 48.549637931075068 ], [ 15.501925066584219, 48.549670235677013 ], [ 15.502352152373479, 48.549803582099265 ], [ 15.502660864586673, 48.549899982027469 ], [ 15.50302876415406, 48.550014808504621 ], [ 15.503144059023148, 48.550033274894339 ], [ 15.503568264660512, 48.550101256910274 ], [ 15.503726095689691, 48.55011605434926 ], [ 15.503832360942896, 48.550126049772892 ], [ 15.504104610428319, 48.550112720336635 ], [ 15.504394573104436, 48.550098431695837 ], [ 15.504949060064884, 48.550022546510853 ], [ 15.504992928461657, 48.550269349751801 ], [ 15.50508264081871, 48.550774436536884 ], [ 15.505096093600935, 48.551035930735189 ], [ 15.505099600211825, 48.551106317850717 ], [ 15.505119915372997, 48.551099552329738 ], [ 15.505132215076044, 48.551095544948417 ], [ 15.505408220190596, 48.551003952585368 ], [ 15.505854398812316, 48.550856562718856 ], [ 15.506188965289672, 48.550746065406756 ], [ 15.506203010133092, 48.550741665586379 ], [ 15.506242334924208, 48.550729328098896 ], [ 15.506753532760278, 48.550568400110343 ], [ 15.507087506539589, 48.550463219819932 ], [ 15.507071037646153, 48.550760541121697 ], [ 15.507354512329204, 48.550775518426008 ], [ 15.508078064294608, 48.550813537142012 ], [ 15.508148304069403, 48.550817630031588 ], [ 15.508167869047357, 48.550818795927817 ], [ 15.508451544260904, 48.550835296474375 ], [ 15.508512879377598, 48.5508371253188 ], [ 15.508887123295418, 48.550848071773217 ], [ 15.509084880222543, 48.550871117302229 ], [ 15.509107353560205, 48.550873758567917 ], [ 15.509360409555809, 48.550797339836578 ], [ 15.51035281552795, 48.550497516696964 ], [ 15.510740621366546, 48.550380346791634 ], [ 15.510798566813698, 48.55036289235828 ], [ 15.510941485671223, 48.550319742233405 ], [ 15.510952724166451, 48.550316293845704 ], [ 15.511291758889973, 48.550790012420222 ], [ 15.51157649880092, 48.551187810216348 ], [ 15.511709804238118, 48.551395065593063 ], [ 15.511846438166993, 48.55160729757371 ], [ 15.51190069463782, 48.551691765823847 ], [ 15.511927382485291, 48.551733198343136 ], [ 15.511933905736313, 48.551743244320171 ], [ 15.51209043166963, 48.551986777648487 ], [ 15.51213366356615, 48.552054085454131 ], [ 15.512447454798947, 48.552542487250804 ], [ 15.512383220852053, 48.552693406155974 ], [ 15.512314905024381, 48.55285357873192 ], [ 15.51231439489101, 48.552947344721083 ], [ 15.512314104701911, 48.552982171392316 ], [ 15.512372713792166, 48.553124683758554 ], [ 15.512426631043278, 48.55325558641637 ], [ 15.512489311443563, 48.553407830423353 ], [ 15.512689822025221, 48.553643255441266 ], [ 15.512988792496724, 48.554021169572955 ], [ 15.512977999690404, 48.55424037564449 ], [ 15.512984887943489, 48.554249425008742 ], [ 15.513863489794813, 48.553885470229716 ], [ 15.514020851686913, 48.553811904918184 ], [ 15.514807036417753, 48.553490335100378 ], [ 15.514830500297411, 48.55348431898144 ], [ 15.51530183096742, 48.553364497163763 ], [ 15.515850245308842, 48.553061390806512 ], [ 15.515861796785536, 48.553058925871376 ], [ 15.515915657251709, 48.55304739369884 ], [ 15.515986165860053, 48.553032131760105 ], [ 15.516009956691374, 48.553033847366443 ], [ 15.516077796709274, 48.553038790130209 ], [ 15.516274518911505, 48.553053115184724 ], [ 15.516404432852314, 48.553064457627237 ], [ 15.516597199060968, 48.553081375333441 ], [ 15.516611618908948, 48.553082635852952 ], [ 15.516677335639052, 48.553136655670272 ], [ 15.516693406708443, 48.553144903614623 ], [ 15.516790059486842, 48.553158126050711 ], [ 15.516969054080477, 48.55318267833627 ], [ 15.517264878199187, 48.553223224987079 ], [ 15.517356079951828, 48.553235738918303 ], [ 15.517315319989606, 48.553294175451811 ], [ 15.51718371315131, 48.553482885751365 ], [ 15.517169018680539, 48.553503944863081 ], [ 15.517225218302249, 48.553784435597791 ], [ 15.517261331261043, 48.553965066249603 ], [ 15.517304957043315, 48.554182267471809 ], [ 15.517395035425066, 48.55463218315883 ], [ 15.517574730000794, 48.554980280700178 ], [ 15.517905978857829, 48.555354431005867 ], [ 15.518089902881073, 48.555315995377946 ], [ 15.518865243132822, 48.555035990677226 ], [ 15.518981538842954, 48.555016902397092 ], [ 15.519773992318274, 48.554833837539448 ], [ 15.52021030517616, 48.554690446489374 ], [ 15.521527575569886, 48.554169499893597 ], [ 15.521631503324535, 48.554037898199404 ], [ 15.521703399442661, 48.553946755670047 ], [ 15.521871417140348, 48.553763657370354 ], [ 15.521943103599577, 48.553737842408154 ], [ 15.522564790793014, 48.553514133248981 ], [ 15.522770375858014, 48.553443432584572 ], [ 15.522900088162828, 48.553398895446499 ], [ 15.523013766729784, 48.553359786987258 ], [ 15.523119294861251, 48.553323440323638 ], [ 15.523141257039265, 48.55332995753642 ], [ 15.523169946741568, 48.553338508287588 ], [ 15.523210714325225, 48.553350612023806 ], [ 15.523261856778406, 48.55332617052413 ], [ 15.523342483334353, 48.553287500462126 ], [ 15.523357589677042, 48.553279389614957 ], [ 15.523611203847508, 48.55314291435333 ], [ 15.523875835847011, 48.552972310577637 ], [ 15.523888883900346, 48.552963608351902 ], [ 15.52397854781479, 48.552981364653569 ], [ 15.52407258359537, 48.552999938799914 ], [ 15.524191488771555, 48.553029654293255 ], [ 15.524247651092313, 48.553043628845494 ], [ 15.524292966238807, 48.553060685802095 ], [ 15.524440486262563, 48.553116318639361 ], [ 15.524569165879567, 48.553181481911352 ], [ 15.524618063879652, 48.553206299709657 ], [ 15.52462404765912, 48.553209966700742 ], [ 15.524793625219305, 48.553312604272591 ], [ 15.525004544962664, 48.553469533561945 ], [ 15.525056465824067, 48.553508061161246 ], [ 15.525108529832949, 48.553546766012104 ], [ 15.525186563428646, 48.553609728207078 ], [ 15.525197783573647, 48.553618605758409 ], [ 15.525199960035872, 48.55364429863976 ], [ 15.525201309815765, 48.553660109448288 ], [ 15.52505256598538, 48.553747925105931 ], [ 15.524930667583744, 48.553820031429687 ], [ 15.524859666512816, 48.553861941434334 ], [ 15.524718481287657, 48.553958612828232 ], [ 15.524720218605657, 48.554009057827997 ], [ 15.524733333976283, 48.554228357964213 ], [ 15.524735117541351, 48.55425756733527 ], [ 15.524742322732733, 48.554379262286638 ], [ 15.524762464550562, 48.5544768708072 ], [ 15.524779854934639, 48.554560764259847 ], [ 15.52481295676894, 48.554720934489033 ], [ 15.524940151976294, 48.554719181733219 ], [ 15.524951802748683, 48.554719053463678 ], [ 15.525037138719165, 48.554717814789015 ], [ 15.525548093954351, 48.554710941172409 ], [ 15.525547360511396, 48.554767011075384 ], [ 15.525661216324282, 48.555022124118274 ], [ 15.525670338736838, 48.555360989410993 ], [ 15.525670117116784, 48.555422718307057 ], [ 15.525668940030203, 48.555618172045563 ], [ 15.525705510834266, 48.555773778113213 ], [ 15.525703570586089, 48.555791899997033 ], [ 15.525682592013574, 48.55599024412588 ], [ 15.525678412224346, 48.556029012872763 ], [ 15.525677724147233, 48.556035144251823 ], [ 15.525673751269947, 48.556040527382471 ], [ 15.525633225143251, 48.55609473353131 ], [ 15.525607192481989, 48.556129592814308 ], [ 15.525370449835668, 48.556446341185456 ], [ 15.52561225664682, 48.556526029719265 ], [ 15.525682089490173, 48.556549015190008 ], [ 15.525915617081267, 48.556612482303244 ], [ 15.526027651243743, 48.556642954660681 ], [ 15.526162285006915, 48.556663015824185 ], [ 15.5262704134995, 48.556681324183536 ], [ 15.526524492114207, 48.556724429857361 ], [ 15.526794882110641, 48.556781355694952 ], [ 15.527015488512113, 48.556827787164622 ], [ 15.527098545304117, 48.556849354154636 ], [ 15.527177624812769, 48.5568698259531 ], [ 15.527206681377242, 48.55687737911515 ], [ 15.527281238047921, 48.556896675963948 ], [ 15.527370052210964, 48.556919754404248 ], [ 15.527498580323902, 48.556917344130873 ], [ 15.527822278324352, 48.556911453187524 ], [ 15.527859990416394, 48.556660607647075 ], [ 15.527870807081431, 48.55630013371831 ], [ 15.528099295202964, 48.55614009620119 ], [ 15.528120487614194, 48.556125302204585 ], [ 15.528145361153893, 48.556107829792097 ], [ 15.528287112008982, 48.556008534389363 ], [ 15.528722758944802, 48.555709732194281 ], [ 15.528793092765138, 48.555467541691037 ], [ 15.528889190354089, 48.555136509352153 ], [ 15.529133540513671, 48.554235203824149 ], [ 15.529411307116879, 48.553892752928853 ], [ 15.529458821375554, 48.553834095187561 ], [ 15.529475561475447, 48.553813445934395 ], [ 15.529477493319137, 48.55381107024396 ], [ 15.529496416953315, 48.553787590682361 ], [ 15.529570337886359, 48.553696584988955 ], [ 15.529585048244757, 48.553663286927069 ], [ 15.529593832534463, 48.553643596805145 ], [ 15.529647795948756, 48.553507256891919 ], [ 15.52969759500931, 48.553381342586974 ], [ 15.529702794086326, 48.553366578570625 ], [ 15.529712828080646, 48.553338047131227 ], [ 15.529751247111216, 48.553291796996334 ], [ 15.529773812985619, 48.553264739856658 ], [ 15.529738304993749, 48.553255238974714 ], [ 15.530017252676709, 48.552835742946598 ], [ 15.530533656730796, 48.552416465496208 ], [ 15.53078700679256, 48.55186724972048 ], [ 15.53093826039775, 48.551616069016887 ], [ 15.531034126589367, 48.551531308334155 ], [ 15.531107659390884, 48.551466312422555 ], [ 15.531188507314843, 48.551394880561546 ], [ 15.53157661492431, 48.551263418694013 ], [ 15.531686164674861, 48.551226268681717 ], [ 15.532378823300254, 48.550764799396596 ], [ 15.532440895530037, 48.550723502307356 ], [ 15.532453518757046, 48.550717596389163 ], [ 15.532556903660398, 48.550669404109343 ], [ 15.532672297666268, 48.550642220818105 ], [ 15.532751996185489, 48.55062335666382 ], [ 15.533151573087238, 48.550586240817843 ], [ 15.533569237921798, 48.550547433731204 ], [ 15.534320468889657, 48.550477695805284 ], [ 15.534588696366129, 48.550452763820616 ], [ 15.534917128041648, 48.550422199316657 ], [ 15.534735632458736, 48.55022478326827 ], [ 15.534602889031643, 48.550080436572131 ], [ 15.534489744487953, 48.549953896576511 ], [ 15.534410336675331, 48.549865232425503 ], [ 15.534370632871367, 48.549820900328356 ], [ 15.534346590790488, 48.549787880749001 ], [ 15.534196482230159, 48.549773249105506 ], [ 15.533972470586814, 48.549751279626427 ], [ 15.533950971237001, 48.549749254645221 ], [ 15.533927703805173, 48.549747082963087 ], [ 15.533904300959129, 48.549744913823616 ], [ 15.53394405394962, 48.549704665561293 ], [ 15.533949635121232, 48.549698891940437 ], [ 15.533942054079677, 48.54969273606951 ], [ 15.533769292592389, 48.549550580894383 ], [ 15.533729700232124, 48.549435793492371 ], [ 15.533701555882571, 48.549354262669944 ], [ 15.534119253575994, 48.549160870045405 ], [ 15.534409503676807, 48.549026560260977 ], [ 15.534747858615432, 48.548869929625383 ], [ 15.535251664703939, 48.548636671493291 ], [ 15.535250183885317, 48.548633730080105 ], [ 15.535089240938539, 48.548298620628373 ], [ 15.535098210120264, 48.548134151276862 ], [ 15.535077505873959, 48.547817457088449 ], [ 15.535409982180726, 48.547812188627162 ], [ 15.536104871932393, 48.547801355076857 ], [ 15.536205888498946, 48.547799452847173 ], [ 15.536366489707776, 48.547796518385589 ], [ 15.53637366648686, 48.547796383227443 ], [ 15.536377766243973, 48.547800355047919 ], [ 15.536384836381533, 48.547807240216436 ], [ 15.536389485242116, 48.547849442535714 ], [ 15.536438587334448, 48.548291391669125 ], [ 15.536450095920102, 48.548395819836848 ], [ 15.536539133008167, 48.548389464074447 ], [ 15.53662128324599, 48.548383687847533 ], [ 15.537015536903565, 48.54835565649514 ], [ 15.538015862406628, 48.548530981613204 ], [ 15.538363740314098, 48.548543500250823 ], [ 15.53852078199105, 48.548549177926809 ], [ 15.539062389482206, 48.548572798845889 ], [ 15.539076426525822, 48.548660173230729 ], [ 15.53908066780734, 48.548686456959238 ], [ 15.539093827869614, 48.548769168992465 ], [ 15.539064683827419, 48.548990795666199 ], [ 15.539108253780569, 48.549119093256444 ], [ 15.539282775831271, 48.549115172554231 ], [ 15.539504414311898, 48.54911018307422 ], [ 15.539712223565434, 48.549472476275035 ], [ 15.539700326190825, 48.549504822985199 ], [ 15.539576415023287, 48.549842779647314 ], [ 15.539591872479706, 48.54983978877469 ], [ 15.539661634135559, 48.549826325991553 ], [ 15.539695601270221, 48.549821996246095 ], [ 15.540405485905394, 48.549730234124233 ], [ 15.54135144653427, 48.549764930798034 ], [ 15.542046929375077, 48.549776815827975 ], [ 15.54205235371067, 48.549776893370712 ], [ 15.542547248688559, 48.549785364186533 ], [ 15.54269938114402, 48.549707988842627 ], [ 15.543335666526987, 48.549331556815162 ], [ 15.543460836888547, 48.549257569089626 ], [ 15.544031821898221, 48.548957768790949 ], [ 15.54418921924481, 48.548880021959526 ], [ 15.544236195768701, 48.548856729446655 ], [ 15.544255305961707, 48.54884728042574 ], [ 15.544496041941667, 48.548728277458508 ], [ 15.544529604599882, 48.548730342417777 ], [ 15.544701221061471, 48.548740865112983 ], [ 15.54493656607931, 48.548755311533526 ], [ 15.545021095100658, 48.548751284006173 ], [ 15.545060856393995, 48.548749362536384 ], [ 15.545142710209058, 48.548730359057842 ], [ 15.545290183108364, 48.548696168072439 ], [ 15.545383263598866, 48.548654547442034 ], [ 15.545422086766134, 48.548637077270541 ], [ 15.546378088883902, 48.548416633350953 ], [ 15.546415016500916, 48.548392900185696 ], [ 15.546537669801769, 48.548314097774181 ], [ 15.546586549657272, 48.54827835120215 ], [ 15.546601790504139, 48.548267175415461 ], [ 15.546688120331552, 48.548204086521629 ], [ 15.546839746469763, 48.548093063045918 ], [ 15.546860508530671, 48.548077913661565 ], [ 15.546914642291085, 48.548038288414666 ], [ 15.547008849001196, 48.547969291566915 ], [ 15.547041698246215, 48.547945275449464 ], [ 15.547056432316431, 48.54793176973952 ], [ 15.547076513662217, 48.547913393958446 ], [ 15.547156312699002, 48.547840260671471 ], [ 15.547147068450283, 48.547779609946922 ], [ 15.547143720185398, 48.547758438314389 ], [ 15.546946579045189, 48.54771834933964 ], [ 15.546796875570028, 48.547665755170947 ], [ 15.546495008416528, 48.54743059345823 ], [ 15.546380880508602, 48.547341694095024 ], [ 15.546274654956171, 48.547140081649857 ], [ 15.546236288967055, 48.547067114797173 ], [ 15.546168267820505, 48.546937842308871 ], [ 15.546233541433603, 48.546750441351342 ], [ 15.546316311216236, 48.546512861062858 ], [ 15.546398396742299, 48.546496191675381 ], [ 15.546458046736007, 48.546484085726334 ], [ 15.546465684635651, 48.546475753146659 ], [ 15.546542841210277, 48.546391602796575 ], [ 15.546709598521282, 48.545916508458376 ], [ 15.546838791802049, 48.545904975946655 ], [ 15.546846486758312, 48.545904290461912 ], [ 15.547029561583054, 48.545799959660549 ], [ 15.547100463752612, 48.54575956700387 ], [ 15.547128107296437, 48.545743747428084 ], [ 15.547153142106025, 48.545739764452769 ], [ 15.547428122401838, 48.545696048965112 ], [ 15.547369874678877, 48.545582968234214 ], [ 15.547499131494085, 48.545503499689119 ], [ 15.547502303996454, 48.545501640059236 ], [ 15.547509225659038, 48.545495570431932 ], [ 15.54751654195257, 48.54548922339746 ], [ 15.547527382915259, 48.545479750360855 ], [ 15.547532350711011, 48.545475517295117 ], [ 15.547627591273464, 48.545462287121126 ], [ 15.547741691862274, 48.545446450360892 ], [ 15.547782572101267, 48.545319166078372 ], [ 15.547796445159765, 48.545276163448762 ], [ 15.547824663329795, 48.545188529622891 ], [ 15.547883687976134, 48.545139813312552 ], [ 15.548153421759466, 48.544917227210156 ], [ 15.548323417718183, 48.544723072903871 ], [ 15.548564067106396, 48.544448128824648 ], [ 15.548687921193014, 48.544173596676536 ], [ 15.548787419076755, 48.544095499972848 ], [ 15.548894379975234, 48.544061801436293 ], [ 15.549063721078879, 48.544035469175611 ], [ 15.54913170042008, 48.544024913604609 ], [ 15.549239026988984, 48.54395242685051 ], [ 15.549247720030927, 48.543946593487675 ], [ 15.549256935356318, 48.543940300334562 ], [ 15.549353894547547, 48.543790537904265 ], [ 15.549358608181731, 48.543761475347438 ], [ 15.549368523133714, 48.543698932018387 ], [ 15.549362479317942, 48.543652887263121 ], [ 15.549360719873913, 48.543640323527896 ], [ 15.549427992538883, 48.54353134406157 ], [ 15.549546566313625, 48.543339061695434 ], [ 15.54965503322479, 48.543173334554197 ], [ 15.549661590628105, 48.543168261453907 ], [ 15.549771700716679, 48.543081774629869 ], [ 15.549819938683083, 48.54297450525398 ], [ 15.549885905758535, 48.542945541624043 ], [ 15.550051488516711, 48.542872849837124 ], [ 15.550113194721018, 48.542788899599721 ], [ 15.550178235544346, 48.542700567124292 ], [ 15.550175346110102, 48.542693243598215 ], [ 15.550166225247443, 48.542670201847081 ], [ 15.550094600867022, 48.542488721697353 ], [ 15.550156739366152, 48.542414840882124 ], [ 15.550298927622151, 48.542245594546507 ], [ 15.550214518026278, 48.54197788679069 ], [ 15.550234027699405, 48.541949443517247 ], [ 15.55028337241745, 48.541877424710336 ], [ 15.550278655022746, 48.54182757568357 ], [ 15.550271938557875, 48.541756439481333 ], [ 15.550290283151137, 48.541741875069171 ], [ 15.550414907722089, 48.541643235139901 ], [ 15.550486964347883, 48.541541632458106 ], [ 15.550490794260972, 48.541536161107516 ], [ 15.550503761496943, 48.541525747653445 ], [ 15.550641263417262, 48.541414626180121 ], [ 15.550683692991779, 48.541380349564442 ], [ 15.550730249880095, 48.541234060548447 ], [ 15.550726304259978, 48.541230536180841 ], [ 15.550664296207113, 48.541175024806229 ], [ 15.550652335362015, 48.541171022529596 ], [ 15.550645047449375, 48.541168551291641 ], [ 15.550249590250303, 48.541034780065985 ], [ 15.550223873808502, 48.54102599963305 ], [ 15.550229614059949, 48.540762341723052 ], [ 15.550395790823488, 48.540542881847053 ], [ 15.550657255918557, 48.540380911601204 ], [ 15.550958447437429, 48.540194343002746 ], [ 15.551203871825283, 48.539839040153907 ], [ 15.551214723113496, 48.53980464225441 ], [ 15.551293950659453, 48.539551647717062 ], [ 15.551318034004037, 48.539386978769784 ], [ 15.551324723157775, 48.539340872488268 ], [ 15.551450841529997, 48.538795095548622 ], [ 15.5514319083207, 48.538714023308636 ], [ 15.551147447543642, 48.538192858587735 ], [ 15.551148484388447, 48.538185460618713 ], [ 15.551149084072872, 48.538180500382182 ], [ 15.551159429384413, 48.53810283197415 ], [ 15.551164451141634, 48.538065215351409 ], [ 15.551151245844189, 48.538044860486103 ], [ 15.551104342771767, 48.53797187682845 ], [ 15.551152982527086, 48.537735478463041 ], [ 15.551289322440548, 48.537525130567516 ], [ 15.551316384502105, 48.537483316811674 ], [ 15.55134414296381, 48.537432491900809 ], [ 15.551439355307469, 48.537258285645194 ], [ 15.551488511848952, 48.537197786981352 ], [ 15.551621575874917, 48.537034200044687 ], [ 15.551612783139682, 48.536829753588684 ], [ 15.551626536235798, 48.536686425419916 ], [ 15.551625739513842, 48.536680501888341 ], [ 15.551594338588943, 48.536457588528549 ], [ 15.551570262398942, 48.536326225282146 ], [ 15.551510300959357, 48.536308736809026 ], [ 15.551498767044405, 48.536283131462511 ], [ 15.551482282310204, 48.536246372581324 ], [ 15.551507927153919, 48.536026696216595 ], [ 15.55145634971297, 48.53591744960363 ], [ 15.551418265990478, 48.535901435719182 ], [ 15.551314226300901, 48.535857699306682 ], [ 15.551219301307476, 48.535745495533568 ], [ 15.551214737242416, 48.535740183319177 ], [ 15.55130873398077, 48.535670106286076 ], [ 15.551337879454113, 48.535648408360103 ], [ 15.551433181860983, 48.535448016155065 ], [ 15.551785683473938, 48.535037591942185 ], [ 15.552007574872418, 48.534872949090051 ], [ 15.552035216828036, 48.534608424703826 ], [ 15.552069216055605, 48.534516900330267 ], [ 15.552175985809869, 48.534268240667053 ], [ 15.55218671146268, 48.534243562726189 ], [ 15.552748708836333, 48.534168113250558 ], [ 15.55284420503923, 48.534076321296091 ], [ 15.553248839040839, 48.533879773926699 ], [ 15.553283741944149, 48.533862825072489 ], [ 15.553458091677443, 48.533871842539703 ], [ 15.55342733608056, 48.533937931570307 ], [ 15.553638308360885, 48.534020306768006 ], [ 15.553751453782443, 48.534014379437608 ], [ 15.554011676938359, 48.534000800363103 ], [ 15.554118689057256, 48.53391220786478 ], [ 15.554283697755825, 48.533905655051292 ], [ 15.554408100876342, 48.533969247516431 ], [ 15.554566875047531, 48.533968931330584 ], [ 15.554887364052444, 48.533910745439897 ], [ 15.554960671622482, 48.534005361156595 ], [ 15.554967993890822, 48.53401493986064 ], [ 15.555096278432735, 48.534020780904982 ], [ 15.555118258352945, 48.534002637330964 ], [ 15.555185110782759, 48.533947379424504 ], [ 15.555130789022739, 48.533834317224219 ], [ 15.555121114566964, 48.533814165614203 ], [ 15.555150099113089, 48.533798228425873 ], [ 15.55517484851328, 48.533784621184942 ], [ 15.555468381169316, 48.533795780269088 ], [ 15.555479666753419, 48.533784138405842 ], [ 15.555504067286483, 48.533759290259752 ], [ 15.55549193512044, 48.533713541162555 ], [ 15.555471856719508, 48.53363743993345 ], [ 15.555769706663352, 48.533553857551041 ], [ 15.555855515923234, 48.533529821850784 ], [ 15.55616180009574, 48.533443918637687 ], [ 15.55628298223739, 48.533451602970963 ], [ 15.556499014795438, 48.533418702815368 ], [ 15.556700183572001, 48.533437013388252 ], [ 15.556869522955097, 48.533392673036069 ], [ 15.557137651574941, 48.533292286096867 ], [ 15.557142269433507, 48.533289408911507 ], [ 15.557217501065294, 48.533243168365431 ], [ 15.557325602803539, 48.533176867033141 ], [ 15.557520478703108, 48.53316236325518 ], [ 15.557790106608326, 48.533109365605434 ], [ 15.558021793184428, 48.53310963731461 ], [ 15.55822661033741, 48.533143442357073 ], [ 15.558379804815042, 48.533111194284942 ], [ 15.55853014175705, 48.53311949130434 ], [ 15.558558662815472, 48.53312110812486 ], [ 15.558686031704342, 48.533118324560128 ], [ 15.558985518344022, 48.533104257090457 ], [ 15.55904496636623, 48.533078471202231 ], [ 15.559145638395128, 48.533034714518941 ], [ 15.559151617588169, 48.533031991300675 ], [ 15.559168886067349, 48.533024014338864 ], [ 15.559219508050479, 48.533000915781528 ], [ 15.559233725050785, 48.532994436568259 ], [ 15.559280494934255, 48.532973120920637 ], [ 15.559341346381531, 48.532945328604328 ], [ 15.559513894153651, 48.53294402362728 ], [ 15.559758959322531, 48.532868184164855 ], [ 15.559830827843028, 48.532882202443432 ], [ 15.559855694257495, 48.532887037822803 ], [ 15.560044844639432, 48.532692858983275 ], [ 15.560143476850685, 48.532520289016212 ], [ 15.560480225558718, 48.532261662498534 ], [ 15.560653976840921, 48.532012168191201 ], [ 15.561004109245323, 48.531658896084153 ], [ 15.561184802348777, 48.531501228139831 ], [ 15.561310408308708, 48.531391848927946 ], [ 15.561537306032799, 48.531256334954371 ], [ 15.561820203362103, 48.531087450527004 ], [ 15.562048378621883, 48.530931395695802 ], [ 15.562113527968116, 48.530909098686017 ], [ 15.562674213659953, 48.530716651350673 ], [ 15.562974202751178, 48.530717680442955 ], [ 15.563340236214856, 48.530598045741073 ], [ 15.563376438038588, 48.530586197838943 ], [ 15.563598045340004, 48.530601137301076 ], [ 15.563707015787664, 48.530608506870145 ], [ 15.563760691208683, 48.530596595512783 ], [ 15.563899174380255, 48.530565880279831 ], [ 15.564148372034881, 48.530576603235922 ], [ 15.564182712531712, 48.530578107647671 ], [ 15.564374756396708, 48.530526574420932 ], [ 15.564528904040719, 48.530485301834815 ], [ 15.564527135145765, 48.530347306038784 ], [ 15.564758501874429, 48.530274686344775 ], [ 15.564865029275371, 48.530241250449613 ], [ 15.564943663838285, 48.530223823346262 ], [ 15.565071541064086, 48.530195378632058 ], [ 15.565351420423857, 48.530013495716368 ], [ 15.565616567465003, 48.529926372530738 ], [ 15.565702309865916, 48.529803982268398 ], [ 15.565996781103495, 48.529652592363689 ], [ 15.566233872730184, 48.529530821090717 ], [ 15.566291038097004, 48.529530719285397 ], [ 15.566453051106931, 48.5295304148393 ], [ 15.56646400114289, 48.529520487859891 ], [ 15.566491643045214, 48.529495575330728 ], [ 15.566633425998665, 48.5293158764052 ], [ 15.56665230428362, 48.529291941026251 ], [ 15.566655644622079, 48.529287738137754 ], [ 15.566673107871249, 48.529265539405252 ], [ 15.566924352881911, 48.529095266897627 ], [ 15.567278113800652, 48.528855370175961 ], [ 15.567346119124165, 48.528842823429123 ], [ 15.56736721874473, 48.528838911091036 ], [ 15.567525103337514, 48.528733946900289 ], [ 15.567660208777339, 48.528644174509402 ], [ 15.567762199605699, 48.528628098756329 ], [ 15.567827459328656, 48.528617853692865 ], [ 15.567935912234672, 48.528600844479001 ], [ 15.568124900433004, 48.528444626098391 ], [ 15.568549528462505, 48.528277244740778 ], [ 15.568688820515382, 48.528240389502038 ], [ 15.568757530649055, 48.528222249651542 ], [ 15.568882757880464, 48.528189082308202 ], [ 15.568951201058224, 48.52817103742499 ], [ 15.569029470368983, 48.528198424691531 ], [ 15.569115575956449, 48.528228451468522 ], [ 15.569295266240514, 48.528179755478128 ], [ 15.569341263612785, 48.528234573790691 ], [ 15.569417113622265, 48.528324903367206 ], [ 15.569622812045296, 48.528391784254957 ], [ 15.569706357128346, 48.528418980202169 ], [ 15.569832084891344, 48.528459856149645 ], [ 15.569925794850997, 48.528490276783216 ], [ 15.56996249873932, 48.528530695790586 ], [ 15.57059354179372, 48.528312478751701 ], [ 15.57104539574304, 48.528104615910614 ], [ 15.571457035414301, 48.527850461158501 ], [ 15.571975017603952, 48.52753083271535 ], [ 15.572055194684648, 48.527386768548439 ], [ 15.572100689770211, 48.527305094986552 ], [ 15.572160747290221, 48.527259314758446 ], [ 15.572254370901785, 48.527187877205577 ], [ 15.5722734667296, 48.52717527421364 ], [ 15.572334566292339, 48.527134782787499 ], [ 15.572429387696456, 48.527231405821929 ], [ 15.572443559270971, 48.527245801280856 ], [ 15.572477721265898, 48.527280689424991 ], [ 15.572751314207236, 48.527298215073913 ], [ 15.572756071157627, 48.52729857387326 ], [ 15.572873444701196, 48.527240627945631 ], [ 15.572904083364792, 48.527225554257328 ], [ 15.573020285544334, 48.527237365552388 ], [ 15.57317541014698, 48.527253290120697 ], [ 15.57342594856676, 48.527267116700344 ], [ 15.573430389243297, 48.5272695510847 ], [ 15.573553757443845, 48.527337192494869 ], [ 15.573559957717386, 48.527348951143971 ], [ 15.573587437299784, 48.52740151321656 ], [ 15.573601328084482, 48.527428151279828 ], [ 15.573647601444597, 48.527448680104861 ], [ 15.573828102108173, 48.527421916737261 ], [ 15.573943724367695, 48.527404764487066 ], [ 15.574145267517693, 48.527407111047005 ], [ 15.574276192809879, 48.527408561131587 ], [ 15.574327010746384, 48.527384012294313 ], [ 15.574360950170597, 48.527301479481977 ], [ 15.574379687213444, 48.52725568016745 ], [ 15.574385567179295, 48.527241350537082 ], [ 15.574763791785815, 48.527144660263616 ], [ 15.574989725719677, 48.527006887844543 ], [ 15.575067321699091, 48.526959510103183 ], [ 15.575107903417813, 48.526964400861857 ], [ 15.575144889684044, 48.52698942622505 ], [ 15.575260316792955, 48.527067565898015 ], [ 15.575270645601785, 48.527074566313679 ], [ 15.575293201263273, 48.527060546767018 ], [ 15.575374964281568, 48.527009309734595 ], [ 15.575528916982135, 48.527007617444731 ], [ 15.575589678149669, 48.526934467768477 ], [ 15.575620700270257, 48.526897070787939 ], [ 15.575678496533062, 48.526827397178387 ], [ 15.575697033992203, 48.526805086401268 ], [ 15.575958827537539, 48.526791157599902 ], [ 15.576251138607359, 48.526896497120859 ], [ 15.576524954590216, 48.526912929886294 ], [ 15.576555194764767, 48.526916758807467 ], [ 15.576596878971111, 48.526922077804798 ], [ 15.576765888924955, 48.526842981542131 ], [ 15.576902768347157, 48.526778898441805 ], [ 15.57697590662808, 48.526763008193043 ], [ 15.577231287031383, 48.526707538508489 ], [ 15.577389097497665, 48.526648182046245 ], [ 15.577418823739606, 48.526637083802648 ], [ 15.577577700956079, 48.526577346679723 ], [ 15.577816423775795, 48.526475315416491 ], [ 15.577989149909918, 48.526363392970232 ], [ 15.578074526892015, 48.526308125430035 ], [ 15.578345855208678, 48.526273672519345 ], [ 15.578436187684225, 48.526276257189508 ], [ 15.578756837613865, 48.526285666739646 ], [ 15.57924799016814, 48.526256618091161 ], [ 15.579628023728649, 48.526211166062687 ], [ 15.579696214387793, 48.526203017496627 ], [ 15.580085746034039, 48.526217038797583 ], [ 15.580234725388474, 48.526262945719196 ], [ 15.5805196423468, 48.526350780547936 ], [ 15.580650578775154, 48.526327658460929 ], [ 15.580880325348506, 48.526287160271387 ], [ 15.58104243993799, 48.526286293585216 ], [ 15.581083340243808, 48.526279838557997 ], [ 15.581799803757578, 48.526099238957563 ], [ 15.582116235184872, 48.525996334232829 ], [ 15.582162727280124, 48.525956568313568 ], [ 15.582235209684857, 48.525894617091339 ], [ 15.582751412723956, 48.525905833184993 ], [ 15.58295529979776, 48.525865738338425 ], [ 15.583429942530817, 48.525768874039528 ], [ 15.583620874087526, 48.525729927129596 ], [ 15.584048324290372, 48.525616422193202 ], [ 15.584267005649457, 48.525558403958186 ], [ 15.584503841078648, 48.525497336355883 ], [ 15.584541083916712, 48.52548780117737 ], [ 15.5846652095143, 48.525401818912641 ], [ 15.584733949487491, 48.525384568708773 ], [ 15.584885097626529, 48.525346655643652 ], [ 15.585051255574994, 48.525305034045758 ], [ 15.58522407234244, 48.525068384965316 ], [ 15.585439803992294, 48.525023558499498 ], [ 15.585474708156976, 48.525016317584068 ], [ 15.585594864563586, 48.524920152868773 ], [ 15.585606510231393, 48.524910750472863 ], [ 15.58562142970586, 48.524898765542844 ], [ 15.585628752193085, 48.524895835078098 ], [ 15.586019161319872, 48.524737775683029 ], [ 15.586158363879411, 48.524739682743849 ], [ 15.586256712697843, 48.524674621035473 ], [ 15.586261583153146, 48.524671377851163 ], [ 15.586581333194339, 48.524660357417716 ], [ 15.58664616559226, 48.524631213863529 ], [ 15.586787783677131, 48.524567477363057 ], [ 15.586663312190263, 48.524403501063148 ], [ 15.586668031036529, 48.524387483458632 ], [ 15.586673926645156, 48.524367394023415 ], [ 15.586727078207792, 48.524353052470516 ], [ 15.586883721852908, 48.524310801691428 ], [ 15.587269563672823, 48.524107295468617 ], [ 15.587398260620711, 48.524039308191796 ], [ 15.587520535647373, 48.523911157170076 ], [ 15.587547087330005, 48.523883290983726 ], [ 15.587984298058077, 48.523596908946601 ], [ 15.588622960717927, 48.523382493725514 ], [ 15.588649443258536, 48.523284893117612 ], [ 15.588960616468947, 48.523183240325331 ], [ 15.589021248852152, 48.523163444470747 ], [ 15.58905282902157, 48.523117394658733 ], [ 15.5890683621561, 48.523094689640573 ], [ 15.589117507176296, 48.523022836224236 ], [ 15.589412072122414, 48.52288218076486 ], [ 15.589575408063642, 48.522804164486281 ], [ 15.589621049848436, 48.522782318066703 ], [ 15.589647123185987, 48.5227745264215 ], [ 15.589819993905715, 48.522722510349489 ], [ 15.590189320225189, 48.52251976253261 ], [ 15.590203997095049, 48.522511560870086 ], [ 15.590286144817481, 48.522466514166183 ], [ 15.590712374197784, 48.52210312915939 ], [ 15.590737184207388, 48.522081954423115 ], [ 15.590815160415669, 48.522034468378557 ], [ 15.591053973808112, 48.521889126159977 ], [ 15.591125342923934, 48.521715433568694 ], [ 15.591423406076906, 48.521605478801959 ], [ 15.591600014162514, 48.521385212454604 ], [ 15.591741002522891, 48.521372411234317 ], [ 15.591760969704445, 48.521370585835882 ], [ 15.591823987756422, 48.521349662588797 ], [ 15.592046152951532, 48.521275905099763 ], [ 15.592169520185687, 48.521188579187921 ], [ 15.592172414971007, 48.521186633649265 ], [ 15.592179506754771, 48.521181547653605 ], [ 15.592370745777789, 48.5211656152402 ], [ 15.592396253852693, 48.521163502707836 ], [ 15.592448344829013, 48.521159076894982 ], [ 15.592583096123494, 48.521102844114566 ], [ 15.592866715956688, 48.521074597871319 ], [ 15.593038802438672, 48.521079100373115 ], [ 15.593001145256329, 48.520924430115009 ], [ 15.592988265800026, 48.520871589944115 ], [ 15.593054916289999, 48.520868682088235 ], [ 15.593063840686458, 48.520868329635874 ], [ 15.593244323210033, 48.520860432056956 ], [ 15.593216964731445, 48.520845034147094 ], [ 15.592841854432297, 48.520667732030695 ], [ 15.592706793127871, 48.52062715102582 ], [ 15.592701610958375, 48.520626351355489 ], [ 15.592476174930951, 48.520591295757775 ], [ 15.592384715955788, 48.52057515665912 ], [ 15.592283434072177, 48.520557407651744 ], [ 15.592216273752854, 48.520545567958521 ], [ 15.592217746122548, 48.520554447680446 ], [ 15.592220590951932, 48.520573018888015 ], [ 15.592042326793242, 48.520548028799951 ], [ 15.591924818902871, 48.520534012255496 ], [ 15.591753046088815, 48.520542819352386 ], [ 15.591553552803411, 48.520552701511164 ], [ 15.591482820698786, 48.520583041722951 ], [ 15.591385457725586, 48.520592930547231 ], [ 15.591255190558597, 48.520606154200934 ], [ 15.59121953481475, 48.520611611815163 ], [ 15.591177692909811, 48.520618088699379 ], [ 15.590885802126767, 48.520571805979237 ], [ 15.590668577106788, 48.52057887965919 ], [ 15.590256492014117, 48.520550032854153 ], [ 15.590230675780745, 48.520548191689926 ], [ 15.590153547928557, 48.520553099816702 ], [ 15.590003073746113, 48.520562662963719 ], [ 15.589522364368532, 48.520522540736451 ], [ 15.58926606070319, 48.520447493054967 ], [ 15.589232168729406, 48.520437529207648 ], [ 15.589173032873575, 48.520420224045289 ], [ 15.589087351333472, 48.520446352161265 ], [ 15.589077191536841, 48.520449427589099 ], [ 15.589068463176652, 48.52044806630925 ], [ 15.589056053215884, 48.520446146190814 ], [ 15.58871335076409, 48.520393190019703 ], [ 15.588691733527881, 48.520385148781102 ], [ 15.588322307544679, 48.520247584597101 ], [ 15.588269577079107, 48.520215668438453 ], [ 15.588160360121705, 48.520149568975583 ], [ 15.588117248256141, 48.520142482069581 ], [ 15.588014793883758, 48.520125741814638 ], [ 15.587541511088643, 48.519967142819674 ], [ 15.587520594457541, 48.51995962774982 ], [ 15.587066594801152, 48.519795886069694 ], [ 15.58674001427935, 48.519764568890636 ], [ 15.586653509394541, 48.519756338221413 ], [ 15.585960423501811, 48.519601339248027 ], [ 15.58588889796555, 48.519591829608792 ], [ 15.585516548610524, 48.519542134864139 ], [ 15.58523030409685, 48.519503917752935 ], [ 15.585208736861849, 48.51950010404363 ], [ 15.585128740412349, 48.519485808131719 ], [ 15.584950471626957, 48.519454328795568 ], [ 15.584849833882711, 48.519432601850454 ], [ 15.584821800077972, 48.519426483109484 ], [ 15.584403935751606, 48.519336269980386 ], [ 15.584356557181318, 48.519324494852448 ], [ 15.583943276380491, 48.51922132452944 ], [ 15.583931914279674, 48.519218573872209 ], [ 15.58305974299676, 48.519000509144696 ], [ 15.582707535231043, 48.518912445900689 ], [ 15.582449189275206, 48.518665828604291 ], [ 15.582065056141353, 48.518298895861562 ], [ 15.581602145536374, 48.518054231741068 ], [ 15.581217843656978, 48.51785106544672 ], [ 15.580597177970734, 48.51776563805609 ], [ 15.580518420831643, 48.51775482450099 ], [ 15.579744572709375, 48.517476537830724 ], [ 15.57958609237251, 48.517438911445531 ], [ 15.579129949338022, 48.517330609277792 ], [ 15.57912249842356, 48.517330572447236 ], [ 15.578977559567166, 48.51733020728205 ], [ 15.578666682407599, 48.51732933984399 ], [ 15.578665503750015, 48.517345829039449 ], [ 15.578517098533188, 48.51723467305284 ], [ 15.57845216576389, 48.517124433358852 ], [ 15.578444769477917, 48.516994912494447 ], [ 15.578215621161636, 48.516861461705346 ], [ 15.578209396810948, 48.516839805777487 ], [ 15.578205072576656, 48.516836919433146 ], [ 15.578175197198787, 48.516816437504367 ], [ 15.578073840743631, 48.516740639956353 ], [ 15.578029185079425, 48.516707304534798 ], [ 15.578017480458575, 48.516690432844896 ], [ 15.577968614943083, 48.516619476110691 ], [ 15.577858471878319, 48.516459984608112 ], [ 15.577625527221125, 48.516161310117546 ], [ 15.577534441608693, 48.516044463473037 ], [ 15.577470759754265, 48.515962903232889 ], [ 15.577461296508814, 48.515950847447257 ], [ 15.577401193512085, 48.515873717529821 ], [ 15.577168761254995, 48.515786038257481 ], [ 15.577164766460216, 48.515784495270999 ], [ 15.576811501270754, 48.515559213709281 ], [ 15.576738207767935, 48.515564939348053 ], [ 15.576642775769683, 48.515572349503771 ], [ 15.576539423897062, 48.515469234676083 ], [ 15.576487481908133, 48.515476979945831 ], [ 15.576419928280282, 48.515487004328207 ], [ 15.576264770964666, 48.515510047114581 ], [ 15.576043232725111, 48.515292763691107 ], [ 15.575779013158769, 48.515131097136432 ], [ 15.575349596784568, 48.514789396657918 ], [ 15.575326823272304, 48.514779575564518 ], [ 15.575153491404091, 48.514705335885907 ], [ 15.575023900060888, 48.514674617926921 ], [ 15.574921128815195, 48.514650224124182 ], [ 15.574874663538862, 48.514634378587147 ], [ 15.574725233173437, 48.514583435016824 ], [ 15.574658265899874, 48.514444798249009 ], [ 15.574483559739319, 48.514388760153196 ], [ 15.574458564199739, 48.514380781118255 ], [ 15.574294211956593, 48.514086004135088 ], [ 15.574193599522255, 48.513905450969141 ], [ 15.574185381302364, 48.513890851588961 ], [ 15.574193270612112, 48.513785602323082 ], [ 15.574024146571979, 48.513490016600507 ], [ 15.573889365984103, 48.513420794968326 ], [ 15.57397210622146, 48.513239696573066 ], [ 15.573752453194764, 48.51313089015202 ], [ 15.573587725167927, 48.512824151851781 ], [ 15.573582424404147, 48.512814355503011 ], [ 15.573571825429541, 48.512810419487913 ], [ 15.573428130503242, 48.512757294858197 ], [ 15.573389744081632, 48.512656081730221 ], [ 15.573311866928201, 48.512618522189676 ], [ 15.573235927249323, 48.512581915267496 ], [ 15.573215036473472, 48.512577996463229 ], [ 15.57316383612995, 48.512568449709811 ], [ 15.573048212871196, 48.512500569717631 ], [ 15.573006250666914, 48.51248544702279 ], [ 15.572946404702543, 48.512463918357589 ], [ 15.572919826804753, 48.512460018479629 ], [ 15.572878668606954, 48.512454058419863 ], [ 15.572865891906268, 48.512437386732252 ], [ 15.572847811974908, 48.512413978071244 ], [ 15.572721028279057, 48.51235728928549 ], [ 15.572628514314902, 48.512328827858312 ], [ 15.572621790193296, 48.512326797118256 ], [ 15.572558635146075, 48.512335115428279 ], [ 15.57249240734412, 48.512216439100392 ], [ 15.572503285228718, 48.512192475693105 ], [ 15.572508365034103, 48.512181580642817 ], [ 15.572405536067857, 48.512062075684618 ], [ 15.57239108610862, 48.512006834056663 ], [ 15.572342590167271, 48.511950354941241 ], [ 15.572282456444146, 48.5119221728498 ], [ 15.572223787194597, 48.511871557357019 ], [ 15.571969500213116, 48.51184763344888 ], [ 15.571948144311159, 48.511798642747124 ], [ 15.571868479250654, 48.511616786652795 ], [ 15.571847254954216, 48.511567703429378 ], [ 15.571841833750986, 48.511555119893288 ], [ 15.571823306451627, 48.511512013759429 ], [ 15.571522321192015, 48.511338714538937 ], [ 15.571413567152723, 48.51127610033069 ], [ 15.571302835335647, 48.511249066468245 ], [ 15.570872092426679, 48.511143936083322 ], [ 15.57064679840375, 48.511088950768084 ], [ 15.570596291059045, 48.511076600240202 ], [ 15.570468176592021, 48.51104530925214 ], [ 15.570342529088483, 48.511014690764959 ], [ 15.570239835689863, 48.510941881618749 ], [ 15.57002383481128, 48.51078881776013 ], [ 15.56999547019921, 48.510768664828213 ], [ 15.569895499970684, 48.510708670593374 ], [ 15.569863938620166, 48.510689748550796 ], [ 15.569858231076767, 48.510686168525787 ], [ 15.569830222930024, 48.510667988320897 ], [ 15.569382439903075, 48.510378807158673 ], [ 15.569350116685113, 48.510357919969771 ], [ 15.569150331276852, 48.510228929265423 ], [ 15.569074397896173, 48.510179812217743 ], [ 15.568642500399923, 48.509900762292993 ], [ 15.568555064642165, 48.509833058812752 ], [ 15.568530536528959, 48.509813911948427 ], [ 15.568124021977404, 48.509498562282765 ], [ 15.568110425923914, 48.509487934499404 ], [ 15.568076513202197, 48.509461588507229 ], [ 15.568139565365158, 48.509416562196783 ], [ 15.5681980217825, 48.509374863040406 ], [ 15.568145138380073, 48.509195011938715 ], [ 15.568127642075767, 48.509134969069031 ], [ 15.568099614751121, 48.509150711741192 ], [ 15.568055198531447, 48.509175765855034 ], [ 15.567963459256998, 48.509227549261666 ], [ 15.56786880530094, 48.509280828009523 ], [ 15.567853882797033, 48.50943660075248 ], [ 15.567883975356427, 48.509487314753081 ], [ 15.567909983457589, 48.509531268259238 ], [ 15.567535512424206, 48.509533657403672 ], [ 15.567501395088668, 48.509533859603145 ], [ 15.567278141520198, 48.509560171919311 ], [ 15.56679646902427, 48.509544991540636 ], [ 15.566750052762769, 48.509526982388493 ], [ 15.566624313451547, 48.509478455505942 ], [ 15.566370349408421, 48.509380279071806 ], [ 15.566310992692708, 48.509357388037181 ], [ 15.566298732377412, 48.509352583306416 ], [ 15.566270225563207, 48.509341610291258 ], [ 15.566248875397592, 48.50933328997229 ], [ 15.565733622313827, 48.509170997753678 ], [ 15.565435046526945, 48.50909643656459 ], [ 15.565298012883076, 48.509062250998682 ], [ 15.565160066486403, 48.50901008648232 ], [ 15.565125513248942, 48.508997069096047 ], [ 15.564740279425848, 48.508935228397668 ], [ 15.564719246188352, 48.508924832190424 ], [ 15.564381091854619, 48.508758523344333 ], [ 15.56414839372599, 48.5086916096351 ], [ 15.563837816072212, 48.508602426626098 ], [ 15.563765754464619, 48.508598852757345 ], [ 15.56376086787852, 48.508598586078023 ], [ 15.563753812498645, 48.508598270801805 ], [ 15.56374865529914, 48.508598009285713 ], [ 15.563579971660515, 48.508589710357064 ], [ 15.563284490997955, 48.508495738795524 ], [ 15.563231903308649, 48.508479015770021 ], [ 15.562819273912506, 48.508243668116947 ], [ 15.56252900986204, 48.508041527946574 ], [ 15.562504539591751, 48.507986026410045 ], [ 15.562500037725084, 48.507975854425581 ], [ 15.562407699367029, 48.507766159903873 ], [ 15.561929044159104, 48.507641665271322 ], [ 15.561908360849019, 48.507636210858998 ], [ 15.561905827155421, 48.507627710966979 ], [ 15.561898345854493, 48.507601849082533 ], [ 15.561872923578914, 48.507514872199977 ], [ 15.561846280628108, 48.507474888696578 ], [ 15.561770570867656, 48.507361696272831 ], [ 15.561759317167814, 48.507317460181994 ], [ 15.561740836826941, 48.507243848076349 ], [ 15.560957968941514, 48.507148903995706 ], [ 15.560755128695062, 48.507215036498721 ], [ 15.560581268538847, 48.507271798282794 ], [ 15.560576320511705, 48.507273242283176 ], [ 15.560495049261679, 48.507297826024178 ], [ 15.56046791582258, 48.507302932062927 ], [ 15.560446426329078, 48.507307030745906 ], [ 15.560394122043661, 48.507284272347064 ], [ 15.560375491384054, 48.507276169108778 ], [ 15.560335608882516, 48.507258842811716 ], [ 15.560206239345394, 48.507132184857753 ], [ 15.559989350052867, 48.506988837932333 ], [ 15.559792531177148, 48.506858695441814 ], [ 15.559727440606647, 48.50681575462206 ], [ 15.559647987399533, 48.506763189425627 ], [ 15.559640738378027, 48.506758378543715 ], [ 15.559633210996937, 48.50675339300129 ], [ 15.559151353471419, 48.506434949181241 ], [ 15.55900824569531, 48.506335005984205 ], [ 15.558980738407481, 48.506315733951205 ], [ 15.558644954051479, 48.506081068270653 ], [ 15.558669025651374, 48.506014383942322 ], [ 15.558662603352248, 48.505843452297817 ], [ 15.558659493199507, 48.505761898722241 ], [ 15.558657875606377, 48.505683556043515 ], [ 15.558657237950262, 48.505653064614286 ], [ 15.558657004976856, 48.505644520851867 ], [ 15.558672358121456, 48.505472994625748 ], [ 15.558899503793137, 48.505424219041778 ], [ 15.559046546558573, 48.505392535130895 ], [ 15.559139540160791, 48.505398052713574 ], [ 15.559198728102889, 48.505401514589508 ], [ 15.559274341472118, 48.505405923355809 ], [ 15.559395844780184, 48.505413147302555 ], [ 15.559653367237379, 48.505428218135286 ], [ 15.559976193483541, 48.505447263248257 ], [ 15.56075148382094, 48.505492778270018 ], [ 15.56131803713545, 48.505389209418958 ], [ 15.561527759171943, 48.50535092867208 ], [ 15.561550596867445, 48.505346714085945 ], [ 15.561775633863309, 48.505305621447533 ], [ 15.562016789803156, 48.505261521576436 ], [ 15.562461886996214, 48.505180148799724 ], [ 15.562565471583836, 48.505161256728414 ], [ 15.562913569647229, 48.505097658882462 ], [ 15.562928749528686, 48.505094849838414 ], [ 15.562936542415214, 48.505093441444217 ], [ 15.563060339697934, 48.505015855525649 ], [ 15.563405241686683, 48.504799978941897 ], [ 15.563820806208332, 48.504539831715881 ], [ 15.563951198546322, 48.504458249729247 ], [ 15.56629923337751, 48.502657067360673 ], [ 15.566372027153275, 48.502496229477053 ], [ 15.566462830806632, 48.502382377642554 ], [ 15.566518582634091, 48.50231274650875 ], [ 15.566674893904052, 48.502116929399925 ], [ 15.566909724506422, 48.50208040833909 ], [ 15.566925136724437, 48.502082993198513 ], [ 15.566992788932733, 48.50209438763995 ], [ 15.567207072055963, 48.502130603777815 ], [ 15.567624422920989, 48.502062788204967 ], [ 15.567957916607735, 48.502009621835015 ], [ 15.568164338231963, 48.50192055231885 ], [ 15.568292332460096, 48.501865195609227 ], [ 15.568332387735063, 48.501833385995909 ], [ 15.568623242016775, 48.501602329759642 ], [ 15.568810452319827, 48.501326104912458 ], [ 15.568949213581664, 48.501247416214348 ], [ 15.569067425002411, 48.50121321143142 ], [ 15.569186977453384, 48.501178710925387 ], [ 15.569199672916829, 48.501171719428832 ], [ 15.569285368178839, 48.501124549267139 ], [ 15.56935061949727, 48.501030529851135 ], [ 15.569357117948206, 48.501021137415648 ], [ 15.569372921032251, 48.500860847789973 ], [ 15.569318224293983, 48.50079530789683 ], [ 15.569239386950574, 48.500700715867488 ], [ 15.569196651346621, 48.500461192605435 ], [ 15.569196101394086, 48.500457873807342 ], [ 15.569210145057728, 48.500353856335259 ], [ 15.569222699712871, 48.500259225430682 ], [ 15.569342667799088, 48.500037464989674 ], [ 15.569583597450665, 48.499591945001875 ], [ 15.56959549396584, 48.499566522496472 ], [ 15.569662515765915, 48.499422799029425 ], [ 15.569751324112501, 48.49901006326683 ], [ 15.569802617450051, 48.49887833827038 ], [ 15.569833578396709, 48.49881169919415 ], [ 15.569949842769395, 48.498673331806273 ], [ 15.56995650794892, 48.498655297884035 ], [ 15.569992072960419, 48.498557436963409 ], [ 15.570149050391549, 48.498324439184124 ], [ 15.570198260348684, 48.497972838435665 ], [ 15.570168155780268, 48.497840511617376 ], [ 15.570094023878267, 48.497595110578068 ], [ 15.56996347927625, 48.497319475526723 ], [ 15.569535434455489, 48.496436307727294 ], [ 15.569452680436706, 48.49587298551986 ], [ 15.569393809583442, 48.495685960043971 ], [ 15.569378124781332, 48.495636410242184 ], [ 15.569194177087969, 48.495055947842431 ], [ 15.569089188479756, 48.494929372541449 ], [ 15.56904225083681, 48.49480213642704 ], [ 15.568997135245711, 48.49467945450548 ], [ 15.568974575583699, 48.494618068581829 ], [ 15.568944805593382, 48.494537114571813 ], [ 15.568905369015537, 48.494429890820975 ], [ 15.568900241339078, 48.494420900752004 ], [ 15.568873674563319, 48.494373268708891 ], [ 15.568853867512697, 48.494337924837417 ], [ 15.568840963215166, 48.494315046368513 ], [ 15.568810566397376, 48.494291512738833 ], [ 15.568795157308674, 48.494279569987746 ], [ 15.568790136683949, 48.494266798627905 ], [ 15.568786187530861, 48.494256886189795 ], [ 15.568738999265848, 48.494139462756429 ], [ 15.568675701401739, 48.493981405719886 ], [ 15.568660063600294, 48.493942292802345 ], [ 15.568652026234057, 48.493922380594285 ], [ 15.568632435481133, 48.493873265319969 ], [ 15.568595396984376, 48.493780752606938 ], [ 15.568587359668214, 48.493760840392902 ], [ 15.568627838743177, 48.493757726543322 ], [ 15.568633233876517, 48.493757263411723 ], [ 15.568725662505317, 48.493750186364409 ], [ 15.568815237600683, 48.493714729558342 ], [ 15.569018732504162, 48.493633901860377 ], [ 15.569209020996258, 48.493601376823456 ], [ 15.569374660994946, 48.493596767619046 ], [ 15.569370398802622, 48.493504617720596 ], [ 15.569608787380968, 48.493401165649786 ], [ 15.569646916517845, 48.493340687942997 ], [ 15.569659114303908, 48.4933191287843 ], [ 15.569687403199698, 48.493269007341262 ], [ 15.569718498869667, 48.493268052289693 ], [ 15.569853973373252, 48.493264019706018 ], [ 15.56985900228417, 48.49318635902118 ], [ 15.569861205482196, 48.493152843569561 ], [ 15.570127821997728, 48.49298856217731 ], [ 15.570238245878089, 48.493000035642943 ], [ 15.570338254610478, 48.492889872808618 ], [ 15.570406352440898, 48.492814963864497 ], [ 15.570494477420715, 48.492796090149163 ], [ 15.570586891851622, 48.492776234419424 ], [ 15.570908147696025, 48.492623322499107 ], [ 15.570981088848979, 48.492553989309272 ], [ 15.570989532563214, 48.492552027974291 ], [ 15.571094037174351, 48.492526901311841 ], [ 15.571257472790784, 48.492390327960294 ], [ 15.571265049170307, 48.492383974096711 ], [ 15.571445380777815, 48.492290538181052 ], [ 15.57162584191323, 48.492162636366501 ], [ 15.571927576731444, 48.492006136189119 ], [ 15.572020913586998, 48.49195764731175 ], [ 15.572455399663493, 48.491687654351807 ], [ 15.572627825878323, 48.491580600719743 ], [ 15.572769399711508, 48.491492584449915 ], [ 15.572821204127079, 48.491460367792087 ], [ 15.572863913360024, 48.491433814339565 ], [ 15.572709836469807, 48.491046334891465 ], [ 15.571982809724521, 48.489798986612868 ], [ 15.571792579232676, 48.489130014454098 ], [ 15.57181113111907, 48.488858542708101 ], [ 15.571840347661315, 48.488430297558772 ], [ 15.571860198526377, 48.488151332293668 ], [ 15.571880210530464, 48.48786984439419 ], [ 15.5718808988248, 48.487860743001086 ], [ 15.571882297615764, 48.487839930304389 ], [ 15.571893918234171, 48.48767710975018 ], [ 15.571904837093671, 48.487498105820563 ], [ 15.571924190457583, 48.487182707121256 ], [ 15.571864247174704, 48.48708019603486 ], [ 15.571778721513285, 48.486933993747819 ], [ 15.571479298928484, 48.486690389031843 ], [ 15.571137764178438, 48.486461987335339 ], [ 15.570704885560401, 48.486102880017896 ], [ 15.570304305422523, 48.485708059665825 ], [ 15.569839942582723, 48.485843644684614 ], [ 15.569833126778239, 48.48584566478312 ], [ 15.569775250305989, 48.485862609540632 ], [ 15.569155196524903, 48.486063259620792 ], [ 15.568788965588382, 48.486289554070311 ], [ 15.56839724336729, 48.486430491934001 ], [ 15.567972212968339, 48.486546240617656 ], [ 15.567709324439543, 48.486617765194659 ], [ 15.567537985055912, 48.486640297931295 ], [ 15.566680744897987, 48.486752968184639 ], [ 15.565738456600032, 48.48683972260141 ], [ 15.565670676928701, 48.486824910854992 ], [ 15.565566138099726, 48.486802073117246 ], [ 15.565291236232573, 48.486771152145749 ], [ 15.565038102850872, 48.486742784143217 ], [ 15.564973904465782, 48.486738791420784 ], [ 15.564901424787235, 48.48673423697862 ], [ 15.56453903435699, 48.486711643909125 ], [ 15.564425430440364, 48.486704545170113 ], [ 15.564339810033612, 48.486740463282857 ], [ 15.564180392422053, 48.486807124552669 ], [ 15.563974413175309, 48.486820595360186 ], [ 15.563818780989047, 48.486830765128431 ], [ 15.561844644672309, 48.486641951195921 ], [ 15.561396638190116, 48.486724370654009 ], [ 15.561271472405812, 48.486737915238585 ], [ 15.561031380825115, 48.486763908940077 ], [ 15.560758117946891, 48.486861890193111 ], [ 15.560577670005642, 48.486930657032957 ], [ 15.560306173251378, 48.487091590841722 ], [ 15.560060381805874, 48.487236557199424 ], [ 15.559929540509811, 48.48726919465193 ], [ 15.559897398191797, 48.487277185698943 ], [ 15.559717288262719, 48.487322459441913 ], [ 15.559698005935116, 48.487327325962454 ], [ 15.559653884336154, 48.487336894934138 ], [ 15.559571966887251, 48.487355192441129 ], [ 15.558823852603037, 48.487522413695181 ], [ 15.557955930282523, 48.487758587763345 ], [ 15.557220283776269, 48.487850966255749 ], [ 15.557202470598249, 48.487867951927946 ], [ 15.557140711721939, 48.487926895679827 ], [ 15.557131870798408, 48.487935342268756 ], [ 15.557108601542682, 48.487957650710584 ], [ 15.557060361070898, 48.487984753531521 ], [ 15.556894625839645, 48.488077889458168 ], [ 15.556818869278144, 48.488088419294961 ], [ 15.556611102754882, 48.488117117907585 ], [ 15.556583114044814, 48.488130427886929 ], [ 15.556452587461948, 48.488192479379613 ], [ 15.556049565071685, 48.488458754353367 ], [ 15.555777094092438, 48.488597560146403 ], [ 15.555651233492659, 48.488657992249614 ], [ 15.555480279779076, 48.488740067581368 ], [ 15.555467125572639, 48.488745806633837 ], [ 15.555459018186973, 48.488749290143531 ], [ 15.555419818315899, 48.488766322328495 ], [ 15.55512330903032, 48.488793286584631 ], [ 15.554508695665771, 48.489150771389831 ], [ 15.554508150588841, 48.489241933115103 ], [ 15.554094502725262, 48.489532247974083 ], [ 15.554106361932096, 48.489622274091914 ], [ 15.55401276845609, 48.489652487098297 ], [ 15.553868573462452, 48.489699048530007 ], [ 15.553682987227168, 48.489661363760888 ], [ 15.553667146539031, 48.489658155494922 ], [ 15.552858234720542, 48.489980451052986 ], [ 15.552242340593976, 48.490009605061047 ], [ 15.552106274338655, 48.489999681483916 ], [ 15.551855052940457, 48.48998132643262 ], [ 15.55163495301667, 48.489946903192553 ], [ 15.551564356011458, 48.489935826015603 ], [ 15.551544851749412, 48.489935566421366 ], [ 15.551433518625805, 48.489934170670509 ], [ 15.551041014074718, 48.489935682278009 ], [ 15.550750289557232, 48.489936790767509 ], [ 15.550628456047756, 48.489949360681322 ], [ 15.55052198790221, 48.489960379162113 ], [ 15.550346116335689, 48.489978653201085 ], [ 15.549824644905613, 48.489968480581688 ], [ 15.549458705320429, 48.489961294634583 ], [ 15.549278199271599, 48.48998829317302 ], [ 15.548810257672773, 48.490058354017897 ], [ 15.548724616968366, 48.490040541827938 ], [ 15.548643482302591, 48.490023633939558 ], [ 15.548200158989696, 48.49006488144142 ], [ 15.547959789370742, 48.490012299386883 ], [ 15.547591333237735, 48.490053745213324 ], [ 15.547243687705953, 48.490050164824403 ], [ 15.54718585886194, 48.490049550872079 ], [ 15.546794741279953, 48.490045533064048 ], [ 15.546589986411732, 48.490081624980029 ], [ 15.546521200112597, 48.490093815633898 ], [ 15.546417210974884, 48.490112161863941 ], [ 15.546411700034492, 48.490113076074429 ], [ 15.546401624967556, 48.490114886561798 ], [ 15.546343290822277, 48.490105643557804 ], [ 15.546291905015302, 48.490097438685744 ], [ 15.546209039285019, 48.490084341120806 ], [ 15.546179877597979, 48.490051420357275 ], [ 15.546130797030795, 48.489995931580928 ], [ 15.54577596765429, 48.490023706386872 ], [ 15.545709454492693, 48.490028924961479 ], [ 15.545337640515511, 48.490165807361315 ], [ 15.54513698060317, 48.49017428491743 ], [ 15.545026852016321, 48.490178889001022 ], [ 15.544667663229477, 48.49024714449552 ], [ 15.544371579698256, 48.490303317032087 ], [ 15.544296212921257, 48.490329398006466 ], [ 15.544172157672568, 48.490372326849752 ], [ 15.544123871175216, 48.490389077161176 ], [ 15.543819404818334, 48.490277951864137 ], [ 15.543283729538409, 48.490201612626393 ], [ 15.543149005660688, 48.490169247943037 ], [ 15.542974892401128, 48.490127460126388 ], [ 15.54294070044187, 48.490119288564337 ], [ 15.542046315935039, 48.489726874146122 ], [ 15.541421731134234, 48.489448399825712 ], [ 15.540993357280058, 48.48937389166889 ], [ 15.540586368534155, 48.489308785929289 ], [ 15.540316161652228, 48.48928626580615 ], [ 15.540026532512575, 48.489262222267911 ], [ 15.539094365930973, 48.489385011261795 ], [ 15.538198480821013, 48.489780560495007 ], [ 15.538149322051268, 48.489802273733972 ], [ 15.538132714193782, 48.489809605638001 ], [ 15.537881818815542, 48.489820908254288 ], [ 15.537497797108113, 48.490277878154892 ], [ 15.537365111875911, 48.490435868184896 ], [ 15.53671594709162, 48.491208180424955 ], [ 15.536676378457802, 48.49128019145175 ], [ 15.536650378235679, 48.491327561782526 ], [ 15.536646236883035, 48.491335198270214 ], [ 15.536503907733117, 48.49159405762552 ], [ 15.536448380127471, 48.491694983380164 ], [ 15.536274036725617, 48.492031649571068 ], [ 15.536255397713409, 48.492067543413228 ], [ 15.536238336039029, 48.492076953137179 ], [ 15.536121134596067, 48.492141159431192 ], [ 15.536096531561171, 48.492154670456387 ], [ 15.536082774731174, 48.492162218238512 ], [ 15.53600300902202, 48.492205922905598 ], [ 15.535955256209538, 48.492232107676088 ], [ 15.535901112167647, 48.492267141040479 ], [ 15.535629621451662, 48.492443311767921 ], [ 15.535244082223304, 48.492754532636553 ], [ 15.534814827464228, 48.493101038344648 ], [ 15.534716517994356, 48.493094072323778 ], [ 15.534472927884075, 48.493077065684247 ], [ 15.532149976196601, 48.49291420419636 ], [ 15.530687250903584, 48.492663139178461 ], [ 15.530371295690662, 48.492567941929295 ], [ 15.52983839731114, 48.492407356971434 ], [ 15.527566928910362, 48.492085071597742 ], [ 15.526868798870563, 48.491986063341777 ], [ 15.526838210563831, 48.491992576267066 ], [ 15.526576887550176, 48.492048680467839 ], [ 15.526513167079134, 48.49204006858583 ], [ 15.526361898200783, 48.492019602718791 ], [ 15.526035450464899, 48.49190974407766 ], [ 15.525991505064944, 48.491895002076653 ], [ 15.525908200408427, 48.491890626524459 ], [ 15.525694234796442, 48.491879254521592 ], [ 15.525426945969993, 48.491887328490925 ], [ 15.525206794973824, 48.491931139715035 ], [ 15.524916299024333, 48.491988867167073 ], [ 15.5248224365605, 48.492019601293244 ], [ 15.524644715000555, 48.492077552438985 ], [ 15.524529812311705, 48.492087805417782 ], [ 15.524471819888301, 48.492092942010643 ], [ 15.524292340318118, 48.492042499088853 ], [ 15.524092106274516, 48.492022948396801 ], [ 15.523861538549074, 48.491891490423427 ], [ 15.523756787021462, 48.491793215853967 ], [ 15.52367529673808, 48.491716730341956 ], [ 15.523531169050107, 48.491625222369152 ], [ 15.523266299329761, 48.491457334247258 ], [ 15.522777635804244, 48.491193040926035 ], [ 15.522765016433885, 48.49113488005343 ], [ 15.522764006580442, 48.491130219990779 ], [ 15.522665557050761, 48.491100661455746 ], [ 15.522526524622672, 48.491058995976985 ], [ 15.521769409624998, 48.490653689515199 ], [ 15.521588888070285, 48.490613609819711 ], [ 15.521054573952936, 48.490495122924891 ], [ 15.520367154458587, 48.49036690217018 ], [ 15.520200418110026, 48.490335830326671 ], [ 15.519964856808906, 48.490312974735964 ], [ 15.519825258323122, 48.490299390592234 ], [ 15.519591327707177, 48.490289460919072 ], [ 15.519299082688232, 48.490277022528886 ], [ 15.518709029346979, 48.490191060955297 ], [ 15.518266143746549, 48.490163171325563 ], [ 15.517863291454816, 48.490083242771831 ], [ 15.51760905622138, 48.490070089552781 ], [ 15.517118899548194, 48.490044698913302 ], [ 15.51639020678261, 48.490188517057391 ], [ 15.516373157912286, 48.490191894914325 ], [ 15.516367654035607, 48.490192987526882 ], [ 15.516345105086438, 48.490197547901282 ], [ 15.516048478205652, 48.490257527431439 ], [ 15.515841107601142, 48.490299462646078 ], [ 15.515747289760755, 48.490318491196568 ], [ 15.515632797431749, 48.490341594994227 ], [ 15.512171599811538, 48.491089586549506 ], [ 15.512157790440886, 48.491095962697742 ], [ 15.511877241045417, 48.491225996091373 ], [ 15.511655946827643, 48.491130603730873 ], [ 15.511140835691076, 48.490908506707797 ], [ 15.51101339625964, 48.490740279574688 ], [ 15.510965371715804, 48.490676838819077 ], [ 15.510899430758135, 48.490589797226882 ], [ 15.510797078160479, 48.490454664920847 ], [ 15.510695011789046, 48.49031988711328 ], [ 15.510565484379704, 48.489989734184626 ], [ 15.510402592101554, 48.489574541664304 ], [ 15.509693834649131, 48.48926669613126 ], [ 15.50939266776671, 48.489768185727073 ], [ 15.509347386164066, 48.489843622517689 ], [ 15.509341438197835, 48.489853451136888 ], [ 15.509322843354978, 48.489884390658297 ], [ 15.509341286238174, 48.489660356677923 ], [ 15.509347922791411, 48.489580150792726 ], [ 15.509177004477078, 48.48923763013449 ], [ 15.509217469539564, 48.489163542799162 ], [ 15.509253286122849, 48.489098000143066 ], [ 15.50926812117558, 48.489070999779337 ], [ 15.509544370215931, 48.488566105240849 ], [ 15.509545538164861, 48.488430033488868 ], [ 15.509545672773703, 48.488407535941441 ], [ 15.509479228739764, 48.488327701335756 ], [ 15.509359857809827, 48.488215739702014 ], [ 15.509306287364884, 48.488222946003837 ], [ 15.509183122945721, 48.488239366550907 ], [ 15.508988891757044, 48.488265388465464 ], [ 15.508988285182379, 48.48826063081227 ], [ 15.508987697551788, 48.488256322707088 ], [ 15.508984322181533, 48.488230831195551 ], [ 15.50896038180994, 48.48816703114737 ], [ 15.508940266169619, 48.488113687554375 ], [ 15.508811315800044, 48.4881405631658 ], [ 15.508747747784781, 48.488148225297536 ], [ 15.50866222395145, 48.488158455689032 ], [ 15.508666303075794, 48.488187803251442 ], [ 15.508680370359626, 48.488287149364311 ], [ 15.50795768037821, 48.488219889941256 ], [ 15.507784124155455, 48.48809723781617 ], [ 15.507747990990948, 48.488071726045867 ], [ 15.507492263864995, 48.48789103583664 ], [ 15.506991306062213, 48.487833501311869 ], [ 15.506564570717734, 48.487947435896032 ], [ 15.506494160509831, 48.487966201635174 ], [ 15.506377436196916, 48.487997346153769 ], [ 15.506302476353238, 48.488017366130826 ], [ 15.50512875211759, 48.488265038619716 ], [ 15.505112890197081, 48.488267672932921 ], [ 15.505097668553718, 48.488398156952258 ], [ 15.505077797024226, 48.488588654074455 ], [ 15.505067192379018, 48.488690528589494 ], [ 15.505172990421018, 48.488811474778565 ], [ 15.505184934538322, 48.488825109684839 ], [ 15.50519781523951, 48.488896404361455 ], [ 15.505121276137482, 48.489094523300253 ], [ 15.504949186245828, 48.489167546298688 ], [ 15.504869896497066, 48.489203752193788 ], [ 15.504820224832301, 48.489226450482363 ], [ 15.504545792794863, 48.48934762449759 ], [ 15.504521575547203, 48.489354373100049 ], [ 15.504039592113529, 48.489487590576005 ], [ 15.503767976306554, 48.489659728986958 ], [ 15.503649570425292, 48.489734722109006 ], [ 15.503613110758993, 48.489798025334629 ], [ 15.503514588892601, 48.48996928739286 ], [ 15.503377475605857, 48.490095196358645 ], [ 15.503480374785527, 48.49022771524141 ], [ 15.503457195462463, 48.490317135847036 ], [ 15.503414901828291, 48.490479975095504 ], [ 15.503342423524439, 48.490758819048416 ], [ 15.503337430130689, 48.490759181721707 ], [ 15.503328390184034, 48.490759889483698 ], [ 15.503260676067436, 48.49073019392398 ], [ 15.503177232196469, 48.490693412078947 ], [ 15.503139583691372, 48.49067692504962 ], [ 15.500705337142671, 48.489611571943747 ], [ 15.499387859329095, 48.489034847599662 ], [ 15.498677510946008, 48.488877682197916 ], [ 15.497867758498831, 48.488822591530067 ], [ 15.496294143931435, 48.488983732593653 ], [ 15.496274103386748, 48.488986802965954 ], [ 15.496205938497468, 48.488968809119278 ], [ 15.495848977266586, 48.488874908912798 ], [ 15.495012700177481, 48.488380198804144 ], [ 15.494952036543543, 48.488324723891708 ], [ 15.494865747476256, 48.488245608455216 ], [ 15.494775239120395, 48.488162701882395 ], [ 15.494642606177871, 48.488130873109675 ], [ 15.494360662627543, 48.488063294536424 ], [ 15.494010732666636, 48.487781381231336 ], [ 15.493893375093684, 48.487645522570816 ], [ 15.49378127840582, 48.487515685136998 ], [ 15.493385534910216, 48.487474772908143 ], [ 15.493339859815997, 48.487470128546391 ], [ 15.493332154049446, 48.487470360981369 ], [ 15.492955037341604, 48.48748318073477 ], [ 15.49291082455013, 48.487497314926983 ], [ 15.492281469703061, 48.48769961256906 ], [ 15.492096351360464, 48.487759180275788 ], [ 15.492004457030356, 48.48778868179361 ], [ 15.491457994054855, 48.487840167212305 ], [ 15.491285159956133, 48.487892488297234 ], [ 15.491116969624604, 48.487997631355157 ], [ 15.490970021240438, 48.488047494352742 ], [ 15.490556252688146, 48.488067641583214 ], [ 15.490442242636172, 48.488073255677833 ], [ 15.490290837586782, 48.488107183721645 ], [ 15.489852450127128, 48.488205525240794 ], [ 15.489834254339282, 48.488204151463322 ], [ 15.48963655038223, 48.488189354434134 ], [ 15.48943610812232, 48.488154362210487 ], [ 15.48912663029212, 48.488124170831263 ], [ 15.488407895468542, 48.488193037005075 ], [ 15.48829671654031, 48.488224330911336 ], [ 15.488116897280575, 48.488274796500789 ], [ 15.487872055470206, 48.488343556921862 ], [ 15.487166538198062, 48.488453562181526 ], [ 15.486970125995855, 48.488395096804332 ], [ 15.486754353222173, 48.488294337674333 ], [ 15.486650211410991, 48.488263954366758 ], [ 15.486373140461838, 48.48818312991714 ], [ 15.486000403694815, 48.488171282012914 ], [ 15.485756688761647, 48.488257383226653 ], [ 15.485662910991513, 48.488290513540811 ], [ 15.485612324890697, 48.488327167187911 ], [ 15.485518900304536, 48.488394752981016 ], [ 15.485465929681341, 48.488562550438537 ], [ 15.485418938351687, 48.48871143203403 ], [ 15.485544490230106, 48.489206705355571 ], [ 15.485528245150121, 48.489453458011987 ], [ 15.485433082390912, 48.48970346378217 ], [ 15.485282765414157, 48.489887090709608 ], [ 15.484636920820838, 48.490279775786938 ], [ 15.484455314315765, 48.490294096735461 ], [ 15.484095614090542, 48.490322583142266 ], [ 15.484080710229131, 48.49031250985734 ], [ 15.483785197601259, 48.490159585371572 ], [ 15.483668985754395, 48.4900994584439 ], [ 15.483555678340817, 48.490040807603414 ], [ 15.482756488117072, 48.490330398220742 ], [ 15.482495899251958, 48.490248901458543 ], [ 15.482281121348466, 48.490181768103312 ], [ 15.482102294863354, 48.490129539633479 ], [ 15.482022407844203, 48.490106264423723 ], [ 15.481320812748528, 48.489855884867843 ], [ 15.4808274908853, 48.489727734368074 ], [ 15.480691916317818, 48.489621801095936 ], [ 15.480423710280562, 48.489412309451353 ], [ 15.479799228694761, 48.489310229292776 ], [ 15.479715494106033, 48.488738510174805 ], [ 15.47966758199976, 48.488601902101024 ], [ 15.479556507065713, 48.488368826801107 ], [ 15.479541233724492, 48.488336804817408 ], [ 15.479511965318737, 48.488303510249978 ], [ 15.479485961111473, 48.488273844865851 ], [ 15.479437991111888, 48.488217229259988 ], [ 15.479432574763345, 48.488210670284325 ], [ 15.479393856292418, 48.488164952174102 ], [ 15.479175767630567, 48.487907118185348 ], [ 15.479140744269168, 48.487888415871105 ], [ 15.47874536121423, 48.48767675709005 ], [ 15.478624382877863, 48.487596107571768 ], [ 15.478352078759176, 48.487414580115917 ], [ 15.477943492396989, 48.487204240845422 ], [ 15.477820434220551, 48.487066941802944 ], [ 15.477602996572232, 48.486824479469163 ], [ 15.477452386263257, 48.486672299249484 ], [ 15.477413680219749, 48.486633328715435 ], [ 15.477403722523288, 48.486624963422763 ], [ 15.477400356962814, 48.486622145848784 ], [ 15.477319526772758, 48.486556414649527 ], [ 15.476846171554346, 48.486171350821785 ], [ 15.476835320406536, 48.486161022331082 ], [ 15.476827567989618, 48.486153606303901 ], [ 15.476434665788638, 48.485776152742652 ], [ 15.476484851722708, 48.485625416794797 ], [ 15.476542136362378, 48.485453315495363 ], [ 15.47655344288694, 48.48541918592209 ], [ 15.476593039864477, 48.485300316822673 ], [ 15.476672202766503, 48.485146619736859 ], [ 15.476725684467224, 48.48504270234433 ], [ 15.476762130696729, 48.484971849898088 ], [ 15.476874482695635, 48.484923179395558 ], [ 15.477540613500864, 48.484634629717128 ], [ 15.477619459473834, 48.484633092679317 ], [ 15.47763555401035, 48.484632797290054 ], [ 15.477792569699414, 48.484629735445424 ], [ 15.477827677734661, 48.484614694350917 ], [ 15.477868500590382, 48.484597118906187 ], [ 15.478097352262141, 48.484498709662518 ], [ 15.478175926038388, 48.484441749981428 ], [ 15.478208646565593, 48.484418114582105 ], [ 15.478239255391872, 48.484395777651436 ], [ 15.478276443548872, 48.484368910935054 ], [ 15.478317569565629, 48.484339092570551 ], [ 15.478895700508255, 48.484112256615951 ], [ 15.479455553736662, 48.484071020979854 ], [ 15.479707681097223, 48.484112638722308 ], [ 15.479813575158333, 48.484130128801034 ], [ 15.480024681813118, 48.484155223462416 ], [ 15.480081810706347, 48.484162001964513 ], [ 15.480147234533142, 48.484169707771485 ], [ 15.480732811402717, 48.484239297867141 ], [ 15.481356602912339, 48.484091961893469 ], [ 15.481849121054307, 48.483915813804899 ], [ 15.482077180582014, 48.483818130945451 ], [ 15.4822705313765, 48.483735302798017 ], [ 15.482601111981166, 48.483593622706998 ], [ 15.482975572942188, 48.483433138361718 ], [ 15.483131795178741, 48.483433863009125 ], [ 15.483306426591859, 48.483480138233908 ], [ 15.483426042111693, 48.48351185923871 ], [ 15.483887371927674, 48.483490591174935 ], [ 15.48389650074275, 48.483492042768624 ], [ 15.484699312865416, 48.483616910549358 ], [ 15.48474926608456, 48.483753569436757 ], [ 15.484750193692467, 48.483756341721524 ], [ 15.484782834392266, 48.484097932891871 ], [ 15.484799430640892, 48.484272097607956 ], [ 15.484795792829368, 48.484282242306321 ], [ 15.484790347348552, 48.484297729085235 ], [ 15.484775406492163, 48.484296474565561 ], [ 15.484492349332017, 48.484272803208775 ], [ 15.484110003747984, 48.484240791331118 ], [ 15.483976473014911, 48.484589940467167 ], [ 15.483916409752716, 48.484746710607254 ], [ 15.485002371772026, 48.485043084037642 ], [ 15.485147229083589, 48.485056792472712 ], [ 15.486309219820727, 48.485166845716279 ], [ 15.486278108096334, 48.485517889338126 ], [ 15.486693578293753, 48.485642862524678 ], [ 15.487191927172585, 48.485901815638535 ], [ 15.48752603843022, 48.486016678383798 ], [ 15.487870679137608, 48.486049734565377 ], [ 15.487910228650048, 48.486053594200875 ], [ 15.488023732171634, 48.486097570575723 ], [ 15.488068168862624, 48.48611474698518 ], [ 15.488106353651665, 48.486137797371633 ], [ 15.488243111393807, 48.486220035883193 ], [ 15.488335130659836, 48.486235704728486 ], [ 15.488572298331496, 48.485889317652763 ], [ 15.488634431126318, 48.485798641797373 ], [ 15.488562573140086, 48.485419623570195 ], [ 15.488443376183843, 48.485106263795117 ], [ 15.488435029318419, 48.485084642691213 ], [ 15.488448662386029, 48.48501888605221 ], [ 15.488466804680241, 48.484931451120545 ], [ 15.488506249296615, 48.484741496343524 ], [ 15.488608072865924, 48.484547871385708 ], [ 15.488569185353253, 48.484290707064368 ], [ 15.488567690553495, 48.484280836876593 ], [ 15.488535372215868, 48.484067551393586 ], [ 15.488586356835855, 48.484053563817646 ], [ 15.489212382281625, 48.48388247958065 ], [ 15.489304049476667, 48.483857393301157 ], [ 15.489554698688902, 48.483788882045182 ], [ 15.489914144983594, 48.483690648255021 ], [ 15.489967938962691, 48.483675888364537 ], [ 15.490251439521316, 48.483619456298271 ], [ 15.490765952588822, 48.483517007210523 ], [ 15.490814734606303, 48.483634969644115 ], [ 15.490882477550695, 48.483798561556654 ], [ 15.490901133984428, 48.48384338686045 ], [ 15.490921462246618, 48.483892590294317 ], [ 15.490930786736282, 48.483914913032201 ], [ 15.49113545342553, 48.48428778839623 ], [ 15.491170512689212, 48.484333210503834 ], [ 15.491629944241822, 48.484926958578129 ], [ 15.491837577780872, 48.484978820201441 ], [ 15.491902275736209, 48.484994990982891 ], [ 15.492122708163214, 48.484990378302626 ], [ 15.492168635987332, 48.48497846215971 ], [ 15.492327033277739, 48.484937203850421 ], [ 15.492430136775212, 48.484910464128745 ], [ 15.492491460085652, 48.484894484195912 ], [ 15.492407146066469, 48.484716712670831 ], [ 15.492399286260378, 48.484703540913728 ], [ 15.49233275608435, 48.484591755775725 ], [ 15.492135207342688, 48.484259871614512 ], [ 15.491922687551439, 48.483806161151371 ], [ 15.491859814474529, 48.483671723240207 ], [ 15.491814357224973, 48.483293388209042 ], [ 15.491812467251194, 48.483277316741436 ], [ 15.49191407619162, 48.483072444974979 ], [ 15.491977491214161, 48.482944671671248 ], [ 15.492133407214872, 48.482630550465139 ], [ 15.492112671994208, 48.482558679798792 ], [ 15.492110770923279, 48.482552056418363 ], [ 15.492101419612819, 48.482519386568271 ], [ 15.492030670937078, 48.482274239032328 ], [ 15.491836051006009, 48.481895600532631 ], [ 15.491716423002234, 48.481662873287668 ], [ 15.491670724662065, 48.481524788633877 ], [ 15.491655081189849, 48.481477568266662 ], [ 15.491624271451595, 48.481384828326 ], [ 15.491618406450788, 48.481328699251414 ], [ 15.491598241645946, 48.481137684560998 ], [ 15.491596475782597, 48.4811213408437 ], [ 15.491626993673275, 48.481064629589568 ], [ 15.491682375734388, 48.480961659190889 ], [ 15.491728460290854, 48.480875866735808 ], [ 15.491794517814125, 48.480753083410711 ], [ 15.492018938251878, 48.480336018877402 ], [ 15.492104854704865, 48.480338660323298 ], [ 15.492187653214506, 48.480341179364729 ], [ 15.492231285750329, 48.480342442582504 ], [ 15.49233400535555, 48.480345583156449 ], [ 15.492402979712534, 48.480347637687778 ], [ 15.492474395846937, 48.480349827009313 ], [ 15.492744474432568, 48.480358062138258 ], [ 15.493596009560632, 48.480227954357396 ], [ 15.495026269305901, 48.480269522533305 ], [ 15.495048185056445, 48.480269296963229 ], [ 15.495322398629481, 48.480266382074689 ], [ 15.495422213739669, 48.480261565462591 ], [ 15.495400907075988, 48.480056535322895 ], [ 15.495389443704209, 48.479947601662282 ], [ 15.49532524491978, 48.479823627512836 ], [ 15.495300068203608, 48.479775054310515 ], [ 15.495177324880615, 48.479610412766121 ], [ 15.495167857391396, 48.479597630835904 ], [ 15.495131611201769, 48.479333130294997 ], [ 15.495131208994019, 48.479329988435062 ], [ 15.495050615272289, 48.479260485526019 ], [ 15.494836360935627, 48.479075851759106 ], [ 15.49481515421671, 48.479057438302739 ], [ 15.494836162338522, 48.478841547282599 ], [ 15.494902888860846, 48.478754381639156 ], [ 15.494926754850006, 48.478723166838854 ], [ 15.494958328242483, 48.478682091564288 ], [ 15.494975227406453, 48.478668731746396 ], [ 15.495020170369846, 48.478633437727055 ], [ 15.49506280464578, 48.478617352174354 ], [ 15.495229078068228, 48.47855461836906 ], [ 15.495259822584618, 48.478532544148365 ], [ 15.495295570352162, 48.478507138039838 ], [ 15.495512849341752, 48.478460196152525 ], [ 15.495748589389446, 48.478359643880616 ], [ 15.49578684531668, 48.478326272932051 ], [ 15.49594495048631, 48.478188105939196 ], [ 15.496176806695884, 48.477965791499713 ], [ 15.49621232733309, 48.477931751196635 ], [ 15.49627230703096, 48.47787422308604 ], [ 15.496586464540162, 48.477536109004546 ], [ 15.496591257082317, 48.477530981363081 ], [ 15.496746781208396, 48.477363617374806 ], [ 15.496807264404451, 48.477285834076113 ], [ 15.49700040832402, 48.477037690553679 ], [ 15.496841184256121, 48.476997179146998 ], [ 15.496818615611527, 48.47699147847586 ], [ 15.49679262485618, 48.476984851396359 ], [ 15.496714090049972, 48.477071067235073 ], [ 15.496570612199291, 48.477228760218594 ], [ 15.496561495794973, 48.477230818623063 ], [ 15.496524906241397, 48.477239324469515 ], [ 15.496244926842872, 48.477304525561983 ], [ 15.496078333188496, 48.477343332143327 ], [ 15.495919675055287, 48.477368044644862 ], [ 15.495656539154773, 48.477408907769551 ], [ 15.495032189590969, 48.477468962367659 ], [ 15.49494565508655, 48.477477312171295 ], [ 15.494598572804961, 48.477546360345819 ], [ 15.494104673482651, 48.477638548730532 ], [ 15.493816499310322, 48.477692378020805 ], [ 15.493691481034467, 48.477715745454319 ], [ 15.493428417148744, 48.477764880327001 ], [ 15.492996353897089, 48.477830996022931 ], [ 15.492768445678244, 48.477804975942846 ], [ 15.49244548218228, 48.477768025157026 ], [ 15.492343357191452, 48.477756325676644 ], [ 15.492194728169679, 48.477739366897339 ], [ 15.491951171516279, 48.477704816384637 ], [ 15.491922987360297, 48.477700748201499 ], [ 15.491813394878573, 48.477685227126784 ], [ 15.491700669641242, 48.47766922395234 ], [ 15.491279035274422, 48.477609258527153 ], [ 15.490688140051548, 48.477624761527245 ], [ 15.490632850075704, 48.477626232497229 ], [ 15.489588025781936, 48.477709318710041 ], [ 15.488755439505432, 48.477832209921843 ], [ 15.488597335497868, 48.477870309170491 ], [ 15.488368088212452, 48.477925647106119 ], [ 15.488222746183505, 48.477997162893921 ], [ 15.4880183929028, 48.478097750705032 ], [ 15.487983974290174, 48.478074000988123 ], [ 15.487943703463863, 48.478046220124853 ], [ 15.487859504327686, 48.477971110195099 ], [ 15.487838135308975, 48.477951978671591 ], [ 15.487581092385046, 48.477720611831387 ], [ 15.487419243521858, 48.477574859612247 ], [ 15.487384528821753, 48.477550485324883 ], [ 15.487208146232213, 48.477426146095034 ], [ 15.487161028961051, 48.477445100797397 ], [ 15.487088221199423, 48.477474336948035 ], [ 15.486950815703718, 48.477547954331371 ], [ 15.486870595327311, 48.477590913960832 ], [ 15.486656606757206, 48.477681149371982 ], [ 15.486362160407205, 48.477805440004481 ], [ 15.48581369522706, 48.477998026417382 ], [ 15.485432972134552, 48.477757056545421 ], [ 15.484269909428743, 48.47842624201305 ], [ 15.484009113856228, 48.478526872072159 ], [ 15.483979143511016, 48.478538401360453 ], [ 15.483959962183498, 48.478545772908049 ], [ 15.48383742466889, 48.47859310859377 ], [ 15.483582318613088, 48.478638655303904 ], [ 15.482917883751197, 48.478757239397218 ], [ 15.482766680916784, 48.4788182384275 ], [ 15.48269028106693, 48.478849067485363 ], [ 15.482459803763197, 48.478871843591044 ], [ 15.482354695219719, 48.478889253717981 ], [ 15.482222434167751, 48.478911122323687 ], [ 15.481969316779738, 48.479215950278011 ], [ 15.481959266106958, 48.47922810243022 ], [ 15.481952307658336, 48.479236508541902 ], [ 15.481923053606193, 48.479271778739168 ], [ 15.481853070679593, 48.479356027095719 ], [ 15.481842118203433, 48.479369275577419 ], [ 15.481820077999977, 48.479395775024521 ], [ 15.481651647469208, 48.479504688602837 ], [ 15.481566446201565, 48.479525691000404 ], [ 15.481269172903556, 48.479598821852321 ], [ 15.480676302974924, 48.479668297813994 ], [ 15.480587951428822, 48.479678649818126 ], [ 15.480167575024879, 48.479749901393383 ], [ 15.479909135882416, 48.479793611576959 ], [ 15.479613031184808, 48.479934021373602 ], [ 15.479223613672366, 48.48011852481752 ], [ 15.479028955875183, 48.480238083878227 ], [ 15.478948198674415, 48.480232548713843 ], [ 15.478949926843718, 48.480215510843614 ], [ 15.478952592689245, 48.480188468024103 ], [ 15.478067061301296, 48.479513865952093 ], [ 15.477917096338546, 48.479399555703644 ], [ 15.477751634171169, 48.479205357983275 ], [ 15.477744375063587, 48.47919676321996 ], [ 15.477697710912395, 48.47914201244572 ], [ 15.477378879471246, 48.478767700969136 ], [ 15.477027333163884, 48.4783550278392 ], [ 15.477005944738387, 48.478338594151872 ], [ 15.476589183250921, 48.478017455904848 ], [ 15.475543222338928, 48.477483267310696 ], [ 15.475419202527055, 48.477419946460678 ], [ 15.47543637029346, 48.47740316539798 ], [ 15.475464847983361, 48.477375199434057 ], [ 15.474971083484409, 48.476994911390044 ], [ 15.474636137856082, 48.476737051669218 ], [ 15.47482454546147, 48.476558227751319 ], [ 15.475036660647895, 48.476357193779116 ], [ 15.47510031658406, 48.475682979420569 ], [ 15.47529006741545, 48.475490992912334 ], [ 15.47533103145884, 48.475457399201943 ], [ 15.475490434938258, 48.475326615062613 ], [ 15.475538343622912, 48.475294063652875 ], [ 15.475580598002212, 48.475265485041817 ], [ 15.476015353111899, 48.474970746003684 ], [ 15.476394348079797, 48.4746988033123 ], [ 15.477318170770406, 48.474036066333625 ], [ 15.477374150954379, 48.473995897640592 ], [ 15.477591312350665, 48.473942962439338 ], [ 15.47763511871325, 48.473932260506636 ], [ 15.47795435767592, 48.473854325900142 ], [ 15.47838157448758, 48.473750113026732 ], [ 15.478559763285535, 48.473527829852912 ], [ 15.478755845724081, 48.47329981891297 ], [ 15.479536423725108, 48.47239233922965 ], [ 15.479344270320487, 48.472294642379303 ], [ 15.479045927546872, 48.472103337353246 ], [ 15.479009444736851, 48.472075303961205 ], [ 15.478437291498425, 48.471634833821682 ], [ 15.477813284663783, 48.471366184774176 ], [ 15.477279128729609, 48.471156079795584 ], [ 15.476636388765131, 48.470898746013603 ], [ 15.475719909672028, 48.470344457743145 ], [ 15.475689040562282, 48.47034403416982 ], [ 15.475663448407531, 48.47034360377959 ], [ 15.475436788373711, 48.470340112619574 ], [ 15.475415395219004, 48.470339785125795 ], [ 15.475207011062416, 48.470336498225073 ], [ 15.474745608268536, 48.470535985579595 ], [ 15.474740579173764, 48.470705149821235 ], [ 15.474608225119155, 48.47093648486203 ], [ 15.474586895092378, 48.470973587642661 ], [ 15.47456578565402, 48.470989901046124 ], [ 15.474165681145619, 48.471297317617534 ], [ 15.474095653623698, 48.471351149274781 ], [ 15.473830309139581, 48.471387325148378 ], [ 15.473831580881539, 48.471323326249681 ], [ 15.473835239046196, 48.471117745477983 ], [ 15.47383012223832, 48.471075908685009 ], [ 15.473802555390529, 48.470854793735228 ], [ 15.473785722626362, 48.47070330634994 ], [ 15.47377361221103, 48.470593932925333 ], [ 15.473527127606118, 48.470343896861777 ], [ 15.473469910378926, 48.470200707692371 ], [ 15.473460955744509, 48.470180536339036 ], [ 15.473368726397156, 48.469972843277795 ], [ 15.473196963152169, 48.469462115681914 ], [ 15.473180017549609, 48.469317648643084 ], [ 15.473164727364596, 48.469187008155586 ], [ 15.473230866252326, 48.468921795642146 ], [ 15.473304217536846, 48.46862819723102 ], [ 15.473386372225651, 48.468220522919736 ], [ 15.473319489412525, 48.467759071941167 ], [ 15.473380783257618, 48.467631707092366 ], [ 15.473512242266109, 48.467035970827652 ], [ 15.473529213255672, 48.466958996956016 ], [ 15.473122288577708, 48.466944407951431 ], [ 15.472774650020336, 48.466940158975852 ], [ 15.472453679853636, 48.466936230343627 ], [ 15.472211485571609, 48.466936256991801 ], [ 15.472192812782348, 48.466936239033856 ], [ 15.472115162278797, 48.466946389090836 ], [ 15.471523947243554, 48.467023169513531 ], [ 15.471396709822526, 48.467087314996824 ], [ 15.471199470411648, 48.467114320331852 ], [ 15.470790723292493, 48.467323806297117 ], [ 15.470433818934231, 48.467553487394561 ], [ 15.470341838241129, 48.467642450811354 ], [ 15.470131072716123, 48.467846242086658 ], [ 15.470113245257345, 48.46786339446021 ], [ 15.470102838043546, 48.467873482635333 ], [ 15.470017325793215, 48.467919317096879 ], [ 15.469472495140225, 48.46821172951028 ], [ 15.469359697584283, 48.46825545308225 ], [ 15.469129173638203, 48.46834478961204 ], [ 15.468629496913529, 48.468407373836065 ], [ 15.46799963298009, 48.468423656375265 ], [ 15.467987332928152, 48.468423971160249 ], [ 15.467972419365779, 48.468423253953915 ], [ 15.467881447015873, 48.468418887945305 ], [ 15.467747230573464, 48.468383099424457 ], [ 15.467668836020399, 48.468362217076269 ], [ 15.46750916066182, 48.468375032640111 ], [ 15.467512539225396, 48.468361833874113 ], [ 15.467537758781495, 48.468261585593844 ], [ 15.467543692039069, 48.468238172441673 ], [ 15.467560088511275, 48.468173267424625 ], [ 15.467535145878765, 48.467975677937652 ], [ 15.467503542341818, 48.467724942169056 ], [ 15.467489155795418, 48.467638734568851 ], [ 15.467471529462344, 48.467533060569778 ], [ 15.467467957278773, 48.467368013094678 ], [ 15.467466416780621, 48.467294707784703 ], [ 15.467453809578007, 48.466986307739397 ], [ 15.467378404148207, 48.466788830392353 ], [ 15.467286148513983, 48.46669765698563 ], [ 15.467273452878143, 48.466685111830294 ], [ 15.467201652450527, 48.466614169972132 ], [ 15.467062279077471, 48.466476347960736 ], [ 15.467020758213307, 48.466466938809958 ], [ 15.466999860728667, 48.466462191743041 ], [ 15.466869139922604, 48.466432277084756 ], [ 15.466743070401208, 48.466285663597702 ], [ 15.466719051686216, 48.466257758727849 ], [ 15.466503754460479, 48.466057167376746 ], [ 15.466476011315722, 48.46602753088991 ], [ 15.466397012580236, 48.465942773168734 ], [ 15.466237720111298, 48.465876218030083 ], [ 15.466050121052961, 48.465727038325944 ], [ 15.466010034550685, 48.465758903327803 ], [ 15.465998898989911, 48.465767744724474 ], [ 15.465966547894336, 48.465793619774033 ], [ 15.46596709862227, 48.465983916819788 ], [ 15.465967117422197, 48.466007311201857 ], [ 15.46596751679048, 48.466121848080085 ], [ 15.465967798563176, 48.466246644785613 ], [ 15.46596989435324, 48.466340005445062 ], [ 15.465974095536632, 48.466530235784582 ], [ 15.465906223985417, 48.467000089276148 ], [ 15.465892221336574, 48.467011592413982 ], [ 15.465748147981866, 48.46713020678466 ], [ 15.465434875279962, 48.4673881390394 ], [ 15.465331562514249, 48.467219153661127 ], [ 15.465111506138529, 48.467158924994052 ], [ 15.464988478009586, 48.467125268632607 ], [ 15.46493545752022, 48.467040485733079 ], [ 15.464528393639483, 48.466992936830408 ], [ 15.464136739992956, 48.466813825112787 ], [ 15.463955746232882, 48.466663981772612 ], [ 15.463788339519803, 48.466610618405277 ], [ 15.463753925496716, 48.466599638790136 ], [ 15.463620659041094, 48.466557169816909 ], [ 15.463444203654991, 48.4665009117073 ], [ 15.463432861290487, 48.466494909981364 ], [ 15.463062976436602, 48.46629884148151 ], [ 15.46248175683068, 48.466230886574415 ], [ 15.462442739251021, 48.466226379056231 ], [ 15.462355241565247, 48.46620116019136 ], [ 15.461942540638391, 48.466082261398093 ], [ 15.461570241104218, 48.466060522736505 ], [ 15.461376293356672, 48.466049210182661 ], [ 15.461298308680425, 48.466044692461132 ], [ 15.46093324184333, 48.466044145150825 ], [ 15.460792116770236, 48.466044016578117 ], [ 15.460801323734458, 48.466001468497126 ], [ 15.461341544528683, 48.465744362694153 ], [ 15.461630161248344, 48.465606923501838 ], [ 15.461637054529843, 48.465603468638449 ], [ 15.461654034002754, 48.465595241010114 ], [ 15.462134172266422, 48.465361091290404 ], [ 15.462300892662556, 48.465279769968305 ], [ 15.462369463428567, 48.465246307253558 ], [ 15.461975094227626, 48.464472202681762 ], [ 15.461902068218809, 48.464200535410136 ], [ 15.461724806132798, 48.463539986070252 ], [ 15.461690316904164, 48.46354025470751 ], [ 15.461279833385444, 48.463543595800552 ], [ 15.461237904789421, 48.463543909877266 ], [ 15.461182341975441, 48.46355482001929 ], [ 15.461176437892577, 48.463556007348672 ], [ 15.460132931554069, 48.463760373551075 ], [ 15.459866919503266, 48.463812456925972 ], [ 15.459814245442608, 48.463814675762137 ], [ 15.459601250846442, 48.463823592713595 ], [ 15.459576667634192, 48.463824580164349 ], [ 15.459487392815609, 48.463828365009064 ], [ 15.459386766590425, 48.463848912680461 ], [ 15.459214768041869, 48.463884166450924 ], [ 15.458966418860383, 48.463931517222633 ], [ 15.458909097615782, 48.463942458270594 ], [ 15.458886748544504, 48.463968149294978 ], [ 15.458868011022258, 48.463989545543576 ], [ 15.458748110490403, 48.464126966984487 ], [ 15.458539038133599, 48.464359499752852 ], [ 15.457780894353329, 48.464857743123083 ], [ 15.457385465722471, 48.465164927127233 ], [ 15.457206352721135, 48.465349763097322 ], [ 15.456936797486179, 48.465559458007448 ], [ 15.456448793566738, 48.465938595734151 ], [ 15.456220523382251, 48.466115955536971 ], [ 15.456188776661351, 48.466140197167114 ], [ 15.45599475243184, 48.466288320561489 ], [ 15.455972155519641, 48.466304747583393 ], [ 15.45595467995304, 48.466317392368509 ], [ 15.455923477484001, 48.466341714007683 ], [ 15.455882700863846, 48.466373407986886 ], [ 15.45586637186508, 48.466384322311953 ], [ 15.455853641573899, 48.46639391152209 ], [ 15.455614105544029, 48.466530984055169 ], [ 15.455529015613866, 48.466580759166 ], [ 15.455493740465958, 48.46660146553058 ], [ 15.455470221222264, 48.466615209826109 ], [ 15.455497051125411, 48.466658992161108 ], [ 15.455514380677799, 48.466679012608935 ], [ 15.455546349068253, 48.466716133070832 ], [ 15.455660713829644, 48.466848664028809 ], [ 15.455530347748734, 48.46707751093259 ], [ 15.455581635242897, 48.46721928622582 ], [ 15.455784035572956, 48.467508670937391 ], [ 15.455880364245489, 48.467985880276125 ], [ 15.455816394560687, 48.468240154566722 ], [ 15.456044915628592, 48.468381408081946 ], [ 15.455916890176802, 48.468522392890961 ], [ 15.455752834695867, 48.468935769672413 ], [ 15.455705378700046, 48.469055224687054 ], [ 15.45541796743567, 48.469278826596629 ], [ 15.45533300408864, 48.469427306333358 ], [ 15.455295006339162, 48.469493771485283 ], [ 15.455285667915453, 48.469523364348795 ], [ 15.455222316489788, 48.469723639282584 ], [ 15.455159502540099, 48.470042406998928 ], [ 15.45514830111992, 48.470099117422578 ], [ 15.455274804606839, 48.470405087990386 ], [ 15.455384795942324, 48.470671407642364 ], [ 15.455641949624551, 48.471199682060906 ], [ 15.455754148052261, 48.471246322092711 ], [ 15.455887681808155, 48.471301752189746 ], [ 15.456035120106177, 48.471362958051877 ], [ 15.456170234217199, 48.471420608593057 ], [ 15.456315813445036, 48.471482657709906 ], [ 15.456397038093307, 48.471546056356182 ], [ 15.456423882733866, 48.471567073438919 ], [ 15.456445275663661, 48.471573972900401 ], [ 15.456477915169829, 48.471584537034033 ], [ 15.456573841427662, 48.471567766819135 ], [ 15.456634459967464, 48.471570983890153 ], [ 15.45668002528854, 48.471573394829221 ], [ 15.456714309602555, 48.471584468872244 ], [ 15.456786306709809, 48.471607724329658 ], [ 15.456903699671257, 48.471645720826125 ], [ 15.45700449883609, 48.471678350219271 ], [ 15.456762671239307, 48.471891858359101 ], [ 15.456728525623447, 48.471880871785721 ], [ 15.456673951929764, 48.471863418141027 ], [ 15.456533968519899, 48.471884858382509 ], [ 15.456339382443989, 48.471881556869569 ], [ 15.456326764553351, 48.471884035687033 ], [ 15.456300322913371, 48.471889285172246 ], [ 15.45627885099279, 48.471893634513449 ], [ 15.455856737854944, 48.471977788007806 ], [ 15.455602736223351, 48.471990681414312 ], [ 15.455563997896034, 48.471989765634476 ], [ 15.455327770825777, 48.471984069731185 ], [ 15.455213498612036, 48.471936387207137 ], [ 15.455039193901216, 48.47186352115213 ], [ 15.454900696093626, 48.471848670856502 ], [ 15.454722215438476, 48.471759773927388 ], [ 15.454574738625409, 48.471641610349529 ], [ 15.454546421248565, 48.471627547992973 ], [ 15.454324974361668, 48.471517115933217 ], [ 15.454206075073943, 48.471498399763966 ], [ 15.453878739167902, 48.471251051761541 ], [ 15.453721632318777, 48.471132252160217 ], [ 15.453498798042141, 48.47106044480158 ], [ 15.452628960423326, 48.470983732086324 ], [ 15.452568241729892, 48.470964858411193 ], [ 15.452275620930445, 48.470874069635371 ], [ 15.452071282236938, 48.47082423887619 ], [ 15.451947451226385, 48.470794092585173 ], [ 15.451966199772526, 48.470710161958884 ], [ 15.451978082136101, 48.47065676879658 ], [ 15.452037811215671, 48.470447023882947 ], [ 15.452085017448491, 48.47018270880411 ], [ 15.452094360057927, 48.470130081515997 ], [ 15.452100740718151, 48.470120697923491 ], [ 15.452168980809043, 48.470019493240919 ], [ 15.452527375477105, 48.469487423082427 ], [ 15.452191512431739, 48.469430801021744 ], [ 15.452114552231233, 48.469421669579084 ], [ 15.452090626245695, 48.469418954334557 ], [ 15.452035749587557, 48.469420399691742 ], [ 15.451627699223733, 48.469431400072452 ], [ 15.451342983504398, 48.469394543157598 ], [ 15.451321352447559, 48.469391696161516 ], [ 15.451311240015103, 48.469389270142223 ], [ 15.450369202293288, 48.469164575041653 ], [ 15.450340666058681, 48.469155014616106 ], [ 15.450327223940512, 48.469150579345708 ], [ 15.44995639649372, 48.469026470506869 ], [ 15.449913173773936, 48.46899531121209 ], [ 15.449867919294009, 48.468964098740983 ], [ 15.449847311548988, 48.468949895568699 ], [ 15.449858524421085, 48.468790969278643 ], [ 15.449859273364822, 48.468779528363008 ], [ 15.44986361562588, 48.468717094168461 ], [ 15.44990320625525, 48.468586986790314 ], [ 15.449948756855285, 48.468457041316768 ], [ 15.450088837549609, 48.468203730876738 ], [ 15.450066956494075, 48.468194769608111 ], [ 15.450027744652115, 48.468178924093252 ], [ 15.449933353389298, 48.468140594001909 ], [ 15.449944756336162, 48.468058956254517 ], [ 15.449951879615519, 48.468008258898813 ], [ 15.450081744185121, 48.467654266919858 ], [ 15.450051643710468, 48.467576800531759 ], [ 15.450033941859594, 48.467531142006749 ], [ 15.449983536710462, 48.467123280223163 ], [ 15.449974808463534, 48.46705226488924 ], [ 15.450365547749191, 48.466942876564552 ], [ 15.450370093064862, 48.466941534466045 ], [ 15.450618504336008, 48.46687206643287 ], [ 15.450563250941444, 48.466791636915872 ], [ 15.450589864545339, 48.466751023739334 ], [ 15.450735917734535, 48.466607288560951 ], [ 15.450739040956771, 48.466604262624308 ], [ 15.450769025285432, 48.466517159017535 ], [ 15.450821349514753, 48.466364415436516 ], [ 15.450847351100432, 48.466289081302548 ], [ 15.450384088159664, 48.465873407619782 ], [ 15.450231263746314, 48.465736350037481 ], [ 15.450221994162749, 48.465728060006875 ], [ 15.450160890210109, 48.465673200455399 ], [ 15.450038254215452, 48.465506802104763 ], [ 15.450005736424893, 48.465462761756747 ], [ 15.44999648279094, 48.465458160568069 ], [ 15.449986264341037, 48.465453126968491 ], [ 15.449782286621842, 48.465352087786748 ], [ 15.4496042120767, 48.465391216410382 ], [ 15.449506458583238, 48.465412693147115 ], [ 15.44944300729405, 48.465439216975128 ], [ 15.44934403967147, 48.465480600976427 ], [ 15.449275830700019, 48.465473558687073 ], [ 15.448666079844919, 48.465117849075945 ], [ 15.448626853962637, 48.465094984994813 ], [ 15.448464500635653, 48.46494972970082 ], [ 15.448153978064793, 48.464671828634764 ], [ 15.447693403534952, 48.464403571857403 ], [ 15.447287579289728, 48.464167164704207 ], [ 15.446100047546031, 48.463848712838178 ], [ 15.445443433483945, 48.463672713255356 ], [ 15.444777144305146, 48.463587583951131 ], [ 15.444573819180782, 48.463561656689016 ], [ 15.443850683613199, 48.463469271722985 ], [ 15.44274024539723, 48.463811909021437 ], [ 15.442264293532713, 48.464100609540594 ], [ 15.441960237188706, 48.464285068072229 ], [ 15.441937267198067, 48.464299069632602 ], [ 15.441909014117096, 48.464316225860408 ], [ 15.441040165597252, 48.464104622596636 ], [ 15.440982858407864, 48.464069575252516 ], [ 15.440770144249797, 48.463939525159013 ], [ 15.440470520269553, 48.463536246930481 ], [ 15.440414969185714, 48.463461306929943 ], [ 15.440395785832116, 48.463435469148827 ], [ 15.440415961906549, 48.463406041905031 ], [ 15.440491822021356, 48.463295618612555 ], [ 15.440606239870464, 48.463128802506503 ], [ 15.440501410645787, 48.462993386007895 ], [ 15.44042574313784, 48.462282657097056 ], [ 15.440279146203238, 48.462078440172164 ], [ 15.440238119872873, 48.462021233830889 ], [ 15.440141764810358, 48.461771750606559 ], [ 15.43982081907723, 48.461256561381319 ], [ 15.43971105394359, 48.460950182942113 ], [ 15.439668032053564, 48.460930263737893 ], [ 15.439399575382442, 48.460806345468505 ], [ 15.439074733201169, 48.460547035048705 ], [ 15.43901706908381, 48.460566160625973 ], [ 15.438963811124388, 48.460583857040383 ], [ 15.438607721429218, 48.46047060495912 ], [ 15.438427894532698, 48.460512987626579 ], [ 15.43825487432273, 48.460556417049361 ], [ 15.438447012062351, 48.460842686222293 ], [ 15.438497022483457, 48.460921236211959 ], [ 15.438574349817111, 48.461042663633741 ], [ 15.438692383618859, 48.461435903675536 ], [ 15.438757320186207, 48.461661570120057 ], [ 15.43884726306999, 48.46182029116332 ], [ 15.438816790675913, 48.461822820100373 ], [ 15.438786588659594, 48.461825344154803 ], [ 15.438803740946865, 48.4621665053062 ], [ 15.438803075475631, 48.462342696209049 ], [ 15.438718872629098, 48.462706559691199 ], [ 15.438597277978866, 48.462850108730414 ], [ 15.438410745452938, 48.462990419197972 ], [ 15.438323335581989, 48.463073155784642 ], [ 15.438164861876395, 48.463065394581356 ], [ 15.438103149493919, 48.46304833107186 ], [ 15.437248048530614, 48.462811258275629 ], [ 15.437166897234993, 48.462864997986983 ], [ 15.43703383445361, 48.462952964964337 ], [ 15.436582092891845, 48.463215471939762 ], [ 15.43654667359545, 48.463236085137964 ], [ 15.436436579098102, 48.463300063269386 ], [ 15.43615511493107, 48.463142539780158 ], [ 15.435975298599772, 48.462966089568717 ], [ 15.435900178767062, 48.46291543424028 ], [ 15.435848495514703, 48.462872185091697 ], [ 15.435758587196183, 48.462797231680021 ], [ 15.435263719253566, 48.463027397641085 ], [ 15.435206865605521, 48.463043267414022 ], [ 15.434699627976839, 48.463185654191719 ], [ 15.434633813087489, 48.463164163744949 ], [ 15.434595833991123, 48.463151800162365 ], [ 15.43452990881598, 48.463110966191707 ], [ 15.433609089679688, 48.463203742052862 ], [ 15.433824671851415, 48.462855875750812 ], [ 15.433889302462923, 48.462751777492187 ], [ 15.434030922894419, 48.462012483241125 ], [ 15.43404701181711, 48.461929053349394 ], [ 15.434071671139343, 48.461800209904709 ], [ 15.433977327045742, 48.46156616230882 ], [ 15.433746672845325, 48.461336905830301 ], [ 15.433623509920436, 48.461255800521208 ], [ 15.433593087807774, 48.461212977832403 ], [ 15.433594252702472, 48.461181734206271 ], [ 15.433597798487089, 48.461085932891244 ], [ 15.43358124656574, 48.461064815595591 ], [ 15.433566134277493, 48.461045831900044 ], [ 15.433506649831514, 48.46097032964375 ], [ 15.433493326618185, 48.46088220996775 ], [ 15.43347414582334, 48.460756494467482 ], [ 15.433522274584364, 48.460665829963155 ], [ 15.433537853460694, 48.460636396618597 ], [ 15.432982565983187, 48.460731141958945 ], [ 15.432794651600425, 48.460787697966936 ], [ 15.432505959559917, 48.460874498564159 ], [ 15.432470942161171, 48.460885025691063 ], [ 15.43140362699468, 48.461257192988505 ], [ 15.431295573420954, 48.461294855814437 ], [ 15.431221284350123, 48.461324443742505 ], [ 15.430932779460841, 48.461439310352702 ], [ 15.430898093181021, 48.461471335977812 ], [ 15.430865621115396, 48.461501252309063 ], [ 15.430861105085452, 48.461499983740659 ], [ 15.430733355548639, 48.461465746818931 ], [ 15.430666331322996, 48.461447695102848 ], [ 15.430466247870793, 48.461424564644858 ], [ 15.430279756561005, 48.461402989359343 ], [ 15.430243014317892, 48.461401039722752 ], [ 15.430199625886047, 48.461398669538433 ], [ 15.430162602472031, 48.461393125774137 ], [ 15.429823118637575, 48.461271990826205 ], [ 15.429281726172237, 48.461035976877014 ], [ 15.429053153146555, 48.460847434520772 ], [ 15.428799807386707, 48.460638461178121 ], [ 15.428570860105404, 48.460277165382323 ], [ 15.428417883091901, 48.460007724206498 ], [ 15.428230526827111, 48.459737819824909 ], [ 15.428208110700098, 48.459705469674496 ], [ 15.428197764526876, 48.459693868054345 ], [ 15.42782812177634, 48.459282277119534 ], [ 15.427434301985226, 48.459091746607285 ], [ 15.427364068397184, 48.459057824359867 ], [ 15.427343806092063, 48.459051889189368 ], [ 15.427280282732045, 48.459033322916454 ], [ 15.427155439517271, 48.458993811310968 ], [ 15.426922781269763, 48.458897656389027 ], [ 15.426859631734619, 48.458871614951356 ], [ 15.426473388239588, 48.458717656796075 ], [ 15.426229258174917, 48.45860874921047 ], [ 15.426026185618102, 48.458518180847541 ], [ 15.425626117023397, 48.458293294512792 ], [ 15.425552064709459, 48.458281934317263 ], [ 15.425368846636331, 48.45825399424173 ], [ 15.425181620370315, 48.458280742787103 ], [ 15.425164674850478, 48.458283205833119 ], [ 15.425004620401662, 48.458306138130006 ], [ 15.424909807902125, 48.458350036420775 ], [ 15.424792307155007, 48.458414946117529 ], [ 15.424738726855001, 48.458444788919188 ], [ 15.424642819976487, 48.458498424284471 ], [ 15.424544128662637, 48.458553459111037 ], [ 15.424449536811231, 48.458606170970825 ], [ 15.424259087959681, 48.458737171051915 ], [ 15.42420473124049, 48.458774585705839 ], [ 15.424139185911958, 48.458819668892389 ], [ 15.423735590582517, 48.459065787797883 ], [ 15.4236720241471, 48.459092929522519 ], [ 15.423552063685127, 48.459143935228234 ], [ 15.42301807236317, 48.459290259697404 ], [ 15.422942658164644, 48.459308795116954 ], [ 15.422749361561131, 48.459356163411698 ], [ 15.422098564075442, 48.459440958598172 ], [ 15.421928260159744, 48.459444724510611 ], [ 15.421919670805121, 48.459443078562572 ], [ 15.421795989386323, 48.459418836875791 ], [ 15.421675063220437, 48.459375740260263 ], [ 15.421666828552972, 48.459372828250601 ], [ 15.421607434247603, 48.45934257784559 ], [ 15.421580360148225, 48.4593287554043 ], [ 15.421362116588364, 48.459217485342251 ], [ 15.421288519518493, 48.459143759136857 ], [ 15.42114035065161, 48.458995604188885 ], [ 15.421131092044144, 48.458980743296117 ], [ 15.421099145200033, 48.458930026661875 ], [ 15.421096024426616, 48.458899669690432 ], [ 15.421092487940919, 48.458865721006774 ], [ 15.421092010451719, 48.458860600763344 ], [ 15.421104659595493, 48.458842198937788 ], [ 15.421194986895612, 48.458710654869087 ], [ 15.421242896910176, 48.458640874638853 ], [ 15.421289196970639, 48.458581470711948 ], [ 15.421300127853879, 48.458567418557045 ], [ 15.421362753551564, 48.458483518436857 ], [ 15.421549083567312, 48.45823373505069 ], [ 15.421676198961665, 48.458001656354156 ], [ 15.421660891198712, 48.457790300308865 ], [ 15.421651463109264, 48.457660809660965 ], [ 15.421472393484017, 48.457337119444354 ], [ 15.421420347785457, 48.457294500449379 ], [ 15.42134983345748, 48.45723673534328 ], [ 15.420903319331968, 48.456979821526105 ], [ 15.420831399472529, 48.456954203630346 ], [ 15.420516691055932, 48.456842317086945 ], [ 15.420396589268202, 48.456819449687622 ], [ 15.420247586482313, 48.456791070117653 ], [ 15.41995352455576, 48.456744857425612 ], [ 15.419485749002897, 48.456671334827938 ], [ 15.41859806837034, 48.456540525156761 ], [ 15.417950441127779, 48.456445014108162 ], [ 15.417769860258753, 48.456405048046534 ], [ 15.417319561131562, 48.456258232265284 ], [ 15.417162742830104, 48.456207043756088 ], [ 15.41712669088591, 48.456195270079554 ], [ 15.417112194344387, 48.456194718968696 ], [ 15.416752141566516, 48.45617909892178 ], [ 15.416509032830806, 48.456168499832593 ], [ 15.415916762771639, 48.456187612490623 ], [ 15.415671122100282, 48.456245080595757 ], [ 15.415270162249923, 48.456338879531508 ], [ 15.41491993322165, 48.456419355686307 ], [ 15.414652799589195, 48.456480623928755 ], [ 15.414515135988362, 48.456498553886696 ], [ 15.414321353125484, 48.456523692328361 ], [ 15.414070559928573, 48.456523842553793 ], [ 15.414040841330168, 48.456518163595291 ], [ 15.413760036321369, 48.456465040802073 ], [ 15.413674223999587, 48.45643696673033 ], [ 15.413473290569332, 48.456334911624921 ], [ 15.413413495399482, 48.456304574321727 ], [ 15.413313847626592, 48.456228517991001 ], [ 15.413310914791241, 48.456226230792723 ], [ 15.413296122681441, 48.456214977035998 ], [ 15.413227597015275, 48.456162660449877 ], [ 15.413205499624878, 48.456127872466489 ], [ 15.412967739440047, 48.455752757950968 ], [ 15.412820693683541, 48.455621578746246 ], [ 15.412187214358291, 48.455056816341063 ], [ 15.41157426425589, 48.454648967602296 ], [ 15.410888629503717, 48.454192650922991 ], [ 15.410511979248517, 48.454069962908392 ], [ 15.410090237839528, 48.453932599406734 ], [ 15.409049156861364, 48.453782941703068 ], [ 15.408651250706868, 48.453908786164575 ], [ 15.408549872957453, 48.453940910700332 ], [ 15.408506811152517, 48.453966690019548 ], [ 15.40834052705109, 48.45406673186956 ], [ 15.408237640617372, 48.454128665784253 ], [ 15.408155883126479, 48.454177807138812 ], [ 15.407964094344678, 48.454346775165767 ], [ 15.407777527093687, 48.454511061180121 ], [ 15.407464290907857, 48.454714398125105 ], [ 15.407281703233272, 48.454832993559634 ], [ 15.406922094147346, 48.454905604285941 ], [ 15.406405757735987, 48.454925569895373 ], [ 15.405853854876485, 48.454770436890399 ], [ 15.405435995342698, 48.454544179271466 ], [ 15.405434539034598, 48.454541595744374 ], [ 15.405413195454146, 48.454501844183 ], [ 15.405307674812629, 48.454305944375854 ], [ 15.405295733830714, 48.454254418742643 ], [ 15.405275278111205, 48.454152476390639 ], [ 15.405299411069041, 48.454049292927444 ], [ 15.405311002965146, 48.454021283931255 ], [ 15.405382810461129, 48.453848780943332 ], [ 15.405353572664053, 48.45377407790555 ], [ 15.405204382977486, 48.45358543133063 ], [ 15.404990072384694, 48.453314350121907 ], [ 15.404925092977065, 48.453232093086307 ], [ 15.404860931915863, 48.453136504702641 ], [ 15.404802815896881, 48.45304998682937 ], [ 15.404831608205891, 48.45296516631619 ], [ 15.404948456140341, 48.45262054563495 ], [ 15.404531045078802, 48.45165924364747 ], [ 15.404389638147547, 48.451255886466861 ], [ 15.404110805539432, 48.450896968439103 ], [ 15.403853151003503, 48.450674567344997 ], [ 15.403611938560374, 48.450543121257638 ], [ 15.40278595609287, 48.450484378010444 ], [ 15.40249859196723, 48.450504110555109 ], [ 15.402377044798106, 48.450512455079746 ], [ 15.402193590970116, 48.45054244750817 ], [ 15.402072651600946, 48.45055313837652 ], [ 15.401385237459317, 48.450613877589163 ], [ 15.401250454470167, 48.450665977890672 ], [ 15.401213079051894, 48.45068042453503 ], [ 15.401186878677155, 48.450686827138149 ], [ 15.400889479938492, 48.45083711198761 ], [ 15.400900587059557, 48.450963586761162 ], [ 15.400922147077178, 48.45120897169857 ], [ 15.400901883789412, 48.45128870937728 ], [ 15.400859116262195, 48.451457087255172 ], [ 15.400822644796317, 48.451600618584692 ], [ 15.400778871914509, 48.451700954639044 ], [ 15.400754334662841, 48.451765498633577 ], [ 15.400745724683482, 48.451776808393113 ], [ 15.4002969920978, 48.451937356203615 ], [ 15.400108929535254, 48.452101836303314 ], [ 15.400000237218137, 48.452126974610294 ], [ 15.399926126538908, 48.452144212504273 ], [ 15.399770659959065, 48.452180166048898 ], [ 15.399331239876719, 48.452164457846322 ], [ 15.398557244095139, 48.452201095124096 ], [ 15.398534831519408, 48.45220212139791 ], [ 15.397977706608446, 48.452385452154296 ], [ 15.397465563376274, 48.452621521965128 ], [ 15.397042675875442, 48.452816601487534 ], [ 15.396466443657957, 48.453026446106023 ], [ 15.395922190686187, 48.453132787975257 ], [ 15.395872931608453, 48.453142385992315 ], [ 15.395602862335059, 48.453086151186653 ], [ 15.395377531128739, 48.453039203230119 ], [ 15.395349889581803, 48.453041400966256 ], [ 15.39514831363681, 48.453057557550736 ], [ 15.394999172428959, 48.453092853058763 ], [ 15.394956426473383, 48.453102965531123 ], [ 15.39490413834822, 48.453128182819015 ], [ 15.394752448428795, 48.453201313774464 ], [ 15.39460369414218, 48.453395503103017 ], [ 15.394593983476142, 48.45347080616628 ], [ 15.394576524065672, 48.453606171364896 ], [ 15.394588105703141, 48.453764238208379 ], [ 15.394594470588896, 48.453852574213656 ], [ 15.394666150515659, 48.454062487145826 ], [ 15.394840627587653, 48.454431555764209 ], [ 15.394851800965084, 48.454484445499901 ], [ 15.39485461913689, 48.454497442550249 ], [ 15.394842523582557, 48.454902826864654 ], [ 15.394808031834806, 48.45497406850356 ], [ 15.394802408210259, 48.454985684964321 ], [ 15.394800787274587, 48.454989132743407 ], [ 15.394472206267379, 48.455155004001504 ], [ 15.394455394169754, 48.455164208578417 ], [ 15.394182996419415, 48.455314330857348 ], [ 15.393943034314256, 48.455470538436586 ], [ 15.393882121536301, 48.455510213874007 ], [ 15.393810740546366, 48.455541796032868 ], [ 15.393683532155428, 48.455598117388355 ], [ 15.393181100326144, 48.455631185682897 ], [ 15.392783182777823, 48.455717295015489 ], [ 15.392719077342331, 48.455731202486184 ], [ 15.392635656968244, 48.455749229626932 ], [ 15.392627341544243, 48.455754415035479 ], [ 15.392577986088158, 48.455785428023994 ], [ 15.392327536427469, 48.456024866614889 ], [ 15.392309946839525, 48.456041732692569 ], [ 15.392308811066469, 48.456050570546722 ], [ 15.392307966154904, 48.45605652398163 ], [ 15.392307366513885, 48.456061843246864 ], [ 15.39229202487714, 48.456175845733632 ], [ 15.392293581639331, 48.45626921526128 ], [ 15.392502016266977, 48.456485895492413 ], [ 15.392590299382888, 48.456559290160136 ], [ 15.393152042703353, 48.456819315868934 ], [ 15.393431930554218, 48.456890679549915 ], [ 15.393567828719402, 48.456967372436416 ], [ 15.393656814762817, 48.45701762961901 ], [ 15.393676743248445, 48.457028885136808 ], [ 15.393773295505111, 48.457211186160656 ], [ 15.39427048134527, 48.457558274563347 ], [ 15.394459836588023, 48.45763546260202 ], [ 15.394752356438168, 48.457802876517214 ], [ 15.394888028065855, 48.457880561667537 ], [ 15.395100926302927, 48.457951034606026 ], [ 15.395357971156319, 48.458036203805399 ], [ 15.39562827603827, 48.458223083165329 ], [ 15.395803235903319, 48.458461403684971 ], [ 15.395826552362516, 48.458493113954376 ], [ 15.395828702168686, 48.458496135230455 ], [ 15.395900884097983, 48.459060550897156 ], [ 15.395831105438317, 48.459284838330085 ], [ 15.395519713554991, 48.459526079500264 ], [ 15.395306999503756, 48.45959596932807 ], [ 15.395127530099954, 48.459654834379968 ], [ 15.394994666368808, 48.459698479909484 ], [ 15.394922416671116, 48.45971181244839 ], [ 15.394785433813272, 48.459736995035804 ], [ 15.394709582013741, 48.459734644922413 ], [ 15.394637793005083, 48.459732403000842 ], [ 15.394175434166296, 48.459855375023984 ], [ 15.394053670457271, 48.459882267666657 ], [ 15.394040124134992, 48.459885206042813 ], [ 15.394008277032963, 48.459897375150767 ], [ 15.393756829161221, 48.459993409266325 ], [ 15.39353208876534, 48.460060358742766 ], [ 15.393261054450385, 48.460167354662488 ], [ 15.393213565229786, 48.460194375850392 ], [ 15.392551022312544, 48.460484721498922 ], [ 15.392184990354151, 48.460489285792974 ], [ 15.391822067679762, 48.460493794131175 ], [ 15.391642622948863, 48.460410848512936 ], [ 15.391448968279553, 48.460361714716349 ], [ 15.391356851659735, 48.460338234390719 ], [ 15.391325232764109, 48.46034257067415 ], [ 15.391131872763689, 48.460368742428891 ], [ 15.391032102759489, 48.460421427790195 ], [ 15.390898624023873, 48.46054147036746 ], [ 15.390771539766179, 48.460655641550424 ], [ 15.390670370887872, 48.460846466809642 ], [ 15.390711788090774, 48.460938683983407 ], [ 15.39077058768328, 48.461069915098292 ], [ 15.390942188880659, 48.461248016558883 ], [ 15.39096559590504, 48.461305819625501 ], [ 15.391020348459907, 48.461332028122001 ], [ 15.391304441289765, 48.461467657000682 ], [ 15.391450211880786, 48.461537250094359 ], [ 15.391688246346032, 48.461650925444914 ], [ 15.39199395011897, 48.461704112228489 ], [ 15.392120511243649, 48.461726175058907 ], [ 15.392537716579794, 48.461725657569026 ], [ 15.393138356885826, 48.461595844659001 ], [ 15.394161508438666, 48.461964877581011 ], [ 15.394489056038584, 48.462205995634626 ], [ 15.394500902661502, 48.462214694333973 ], [ 15.394092342331698, 48.462499845377067 ], [ 15.393781178536475, 48.462716963046191 ], [ 15.393447650603962, 48.462817773412667 ], [ 15.393249539635107, 48.462877683917533 ], [ 15.393153171750621, 48.462907186738136 ], [ 15.39307577921689, 48.46293077619999 ], [ 15.392501174121756, 48.463340769306498 ], [ 15.39215533669268, 48.463750685659654 ], [ 15.392088432944337, 48.464017118727647 ], [ 15.392051291841883, 48.464164706682844 ], [ 15.392091351738765, 48.464232923254755 ], [ 15.39273778049424, 48.464735027620911 ], [ 15.393022762229144, 48.465014510825604 ], [ 15.393020858778366, 48.465038028515082 ], [ 15.393019380358673, 48.465055240285466 ], [ 15.393017894767354, 48.465072272227189 ], [ 15.393008989409847, 48.465178062828187 ], [ 15.3929669909582, 48.465305581737546 ], [ 15.392915693149302, 48.465461157623537 ], [ 15.39273065885402, 48.465584630386012 ], [ 15.392174632910557, 48.465955782870054 ], [ 15.392016086536787, 48.466061601788098 ], [ 15.392002189573409, 48.466351124062967 ], [ 15.391989364674616, 48.466620022578866 ], [ 15.392070191909735, 48.466641722037373 ], [ 15.392214027654925, 48.46673366278042 ], [ 15.39234260840748, 48.466989361175806 ], [ 15.392398230807192, 48.467424140938952 ], [ 15.392628121877765, 48.467814728467822 ], [ 15.392741456932587, 48.468081582438508 ], [ 15.39303173681323, 48.468428994952838 ], [ 15.393415541289032, 48.469017875938945 ], [ 15.393651751552756, 48.469057708369789 ], [ 15.393884522898293, 48.469235176327565 ], [ 15.393900012089334, 48.469246960030645 ], [ 15.394163260583511, 48.469269218746717 ], [ 15.394447301475221, 48.469456488299357 ], [ 15.394450497475017, 48.469458591356918 ], [ 15.394524896423299, 48.46946825568228 ], [ 15.394670025724205, 48.469487199050555 ], [ 15.394705759092316, 48.469565478530072 ], [ 15.394722206723394, 48.469601269160052 ], [ 15.394801356319114, 48.469611299356444 ], [ 15.39482678466114, 48.469614449649292 ], [ 15.394940389273009, 48.469667330679407 ], [ 15.395186895161485, 48.469781929467537 ], [ 15.395347997529139, 48.469736616149262 ], [ 15.395455429803215, 48.469790775362377 ], [ 15.395568663326555, 48.469847891282441 ], [ 15.395716200551167, 48.469889825061166 ], [ 15.395876168820569, 48.470005860435762 ], [ 15.396140270136364, 48.470090004135002 ], [ 15.396223597108126, 48.47011651544161 ], [ 15.396325792579352, 48.470178414440063 ], [ 15.396441359728442, 48.470219382371489 ], [ 15.396472113163881, 48.47021694963442 ], [ 15.396585413000933, 48.470207930061243 ], [ 15.396735687888834, 48.470220121687454 ], [ 15.396785775941657, 48.470224095606014 ], [ 15.396928031848338, 48.470211684873952 ], [ 15.397263397818962, 48.470138906111245 ], [ 15.397467950689091, 48.470114326665772 ], [ 15.397639437523624, 48.469993695529325 ], [ 15.397704521523812, 48.469956464296516 ], [ 15.397865379459564, 48.469864453522568 ], [ 15.398138635651431, 48.469764607053911 ], [ 15.398163097566492, 48.469858650913523 ], [ 15.398161522270724, 48.469914014878988 ], [ 15.39836034511093, 48.470291014406151 ], [ 15.398406759986971, 48.470379091479209 ], [ 15.398425120219601, 48.470394962801024 ], [ 15.398645995538088, 48.470585678606724 ], [ 15.398661136450212, 48.470629319859292 ], [ 15.398681044353831, 48.470687273203254 ], [ 15.398746078255419, 48.47076044457198 ], [ 15.398757790919845, 48.470765726079478 ], [ 15.398787821671121, 48.470779051563021 ], [ 15.398793848094257, 48.47078425366324 ], [ 15.398796791900564, 48.470786810951836 ], [ 15.398800294548758, 48.470789808245215 ], [ 15.398814999203159, 48.4708022350313 ], [ 15.39893847831531, 48.470898846622788 ], [ 15.399282499271262, 48.471167553297924 ], [ 15.399307782738417, 48.471187351014407 ], [ 15.399330030712228, 48.471273335809236 ], [ 15.399347320917837, 48.471340243103555 ], [ 15.399358682075531, 48.471346880431206 ], [ 15.39939331362849, 48.471366962668007 ], [ 15.399571822291716, 48.471472587713329 ], [ 15.399765992621186, 48.471587473023661 ], [ 15.399903200473256, 48.471668634563365 ], [ 15.400099553077821, 48.471854922784004 ], [ 15.400106306224313, 48.471861371643357 ], [ 15.400134575373462, 48.471888134594352 ], [ 15.400329730483765, 48.472010649649533 ], [ 15.400584332532073, 48.472201844790732 ], [ 15.400982784434264, 48.472504764431783 ], [ 15.401139507234857, 48.47276229473183 ], [ 15.401337227557127, 48.473070386105967 ], [ 15.401378679920946, 48.473206687776326 ], [ 15.401413264598014, 48.473320166786436 ], [ 15.401431658372678, 48.473380755812791 ], [ 15.401357247851472, 48.473857603607982 ], [ 15.401356585720539, 48.473864723541617 ], [ 15.401355604328915, 48.473874008583991 ], [ 15.401954216120016, 48.473785128821397 ], [ 15.402208070345456, 48.47369380478478 ], [ 15.402473269921364, 48.473598590134543 ], [ 15.402702838203737, 48.473505715674442 ], [ 15.402973121392792, 48.473432724188932 ], [ 15.402972158112311, 48.473449207125086 ], [ 15.402971615115295, 48.47345929421742 ], [ 15.402954856380607, 48.473642155332577 ], [ 15.402948354499497, 48.473712902801687 ], [ 15.40285622400719, 48.474000483305026 ], [ 15.402813420533576, 48.474127749858411 ], [ 15.402803634732868, 48.474157075902639 ], [ 15.403152160810617, 48.47425689411309 ], [ 15.403429228699506, 48.474336203157243 ], [ 15.40357875047923, 48.474373143333295 ], [ 15.404134469258683, 48.474510406080483 ], [ 15.404193510065079, 48.47483201839804 ], [ 15.404201178115423, 48.474857885927094 ], [ 15.404373421003072, 48.475140780431047 ], [ 15.40447380779249, 48.475305548734219 ], [ 15.40448595659052, 48.475325038379928 ], [ 15.404498390276411, 48.475344882882744 ], [ 15.40435176397715, 48.475400479233727 ], [ 15.403539978446595, 48.475708194937603 ], [ 15.403465886262941, 48.475868497950437 ], [ 15.403398025270524, 48.47601546380681 ], [ 15.403402797788941, 48.476023117283695 ], [ 15.403444257660151, 48.476088515905239 ], [ 15.403462933167576, 48.476115538057627 ], [ 15.403522261119644, 48.476201314787531 ], [ 15.403607969300168, 48.476320635392348 ], [ 15.40370613861564, 48.476457100704593 ], [ 15.40371050006887, 48.476468000637752 ], [ 15.403733219678564, 48.476525003495809 ], [ 15.403775641577957, 48.476702136771067 ], [ 15.403942011649848, 48.477017347695416 ], [ 15.404023784166915, 48.477139707001577 ], [ 15.404042072687721, 48.477167185806287 ], [ 15.404224099032676, 48.477417155187624 ], [ 15.404233485924305, 48.47742850587516 ], [ 15.404239749863835, 48.477436222855324 ], [ 15.404277582371664, 48.477481980453732 ], [ 15.40438653647344, 48.477613935088613 ], [ 15.404453238784468, 48.477714786766377 ], [ 15.404490404524378, 48.477770903506226 ], [ 15.404652627830885, 48.47801627457153 ], [ 15.404788738984232, 48.478116705151685 ], [ 15.404908950567394, 48.478205360571089 ], [ 15.404920108404545, 48.478213620572596 ], [ 15.404924569376236, 48.478216870624884 ], [ 15.4049397716665, 48.478228118131057 ], [ 15.405257876797219, 48.478499876614734 ], [ 15.405275550240145, 48.47855921809461 ], [ 15.40536419227176, 48.478640155065165 ], [ 15.405369248368231, 48.478644744204551 ], [ 15.40537936056387, 48.478653922482586 ], [ 15.405392709463579, 48.478666192555067 ], [ 15.405403808005657, 48.478676343086235 ], [ 15.405434433151846, 48.47870432267726 ], [ 15.405470197305503, 48.478732211106575 ], [ 15.405527064087693, 48.478776730910973 ], [ 15.405566043412566, 48.478807171621604 ], [ 15.40561494209112, 48.478845354362221 ], [ 15.405662730126176, 48.478967145673025 ], [ 15.405667267132145, 48.478979032167175 ], [ 15.406140642781933, 48.478971803573188 ], [ 15.406936455099817, 48.478959660003085 ], [ 15.407088057062854, 48.478953639787079 ], [ 15.407226825953039, 48.478948207104629 ], [ 15.407534661041826, 48.478950389887849 ], [ 15.407702539498461, 48.478965494484363 ], [ 15.407887741651454, 48.478990728575049 ], [ 15.407937004387559, 48.478997501817318 ], [ 15.407985039168752, 48.479004026914353 ], [ 15.408119019990922, 48.479014154308842 ], [ 15.408980719333945, 48.479078926992159 ], [ 15.409026384525523, 48.479080365056362 ], [ 15.409671263880519, 48.479100937011502 ], [ 15.40972411112987, 48.479102607062728 ], [ 15.409918296143745, 48.479108873022845 ], [ 15.410970709666417, 48.479090160970351 ], [ 15.411454996352338, 48.47908163707762 ], [ 15.411637701260227, 48.479078386835042 ], [ 15.411920751823439, 48.479073350921134 ], [ 15.412058705800499, 48.479094740282918 ], [ 15.412352994157635, 48.479140250652769 ], [ 15.413645002266609, 48.47964019957422 ], [ 15.413919695362098, 48.47972996402379 ], [ 15.413959874493212, 48.47974301499697 ], [ 15.413976582272706, 48.479690800413572 ], [ 15.41401047709387, 48.479584833080459 ], [ 15.414039814061319, 48.479580711470597 ], [ 15.414127078654298, 48.479559902003309 ], [ 15.414175681610791, 48.479483095280663 ], [ 15.414247832322081, 48.479369338214852 ], [ 15.414275031990961, 48.479248373808822 ], [ 15.414295938478414, 48.479155954388851 ], [ 15.41442925794833, 48.4791596979533 ], [ 15.414899399652846, 48.479172916405346 ], [ 15.415645498061703, 48.479136045726243 ], [ 15.416339459353948, 48.479101719509408 ], [ 15.416392798027266, 48.479098788929043 ], [ 15.41645707635131, 48.479095303342667 ], [ 15.416622633853947, 48.479072915903998 ], [ 15.416794251460683, 48.479049790305801 ], [ 15.417033840395737, 48.479017444087873 ], [ 15.417226050821597, 48.47899152114487 ], [ 15.417659700159863, 48.47946192594469 ], [ 15.417804189524865, 48.479430555065804 ], [ 15.41792010546015, 48.479405452442144 ], [ 15.418234886397364, 48.479599675393771 ], [ 15.418358271302756, 48.479675753864882 ], [ 15.418388526486853, 48.479694379112424 ], [ 15.418401159897815, 48.479702251618619 ], [ 15.418929587138688, 48.479633793685757 ], [ 15.419396522819424, 48.479584246963249 ], [ 15.41974376650599, 48.479486448566654 ], [ 15.419784040670589, 48.479475021933361 ], [ 15.420155390739987, 48.479166693788606 ], [ 15.420350798732791, 48.479045782073534 ], [ 15.420397143785371, 48.479017150993471 ], [ 15.420713865097374, 48.478907657904507 ], [ 15.420898803248333, 48.478768846765583 ], [ 15.420932168032623, 48.478743866568209 ], [ 15.421487900811174, 48.478326874779668 ], [ 15.42151595462219, 48.478317825425094 ], [ 15.421671981180957, 48.478267348080252 ], [ 15.421888634469445, 48.478330598305092 ], [ 15.422173526686592, 48.478484945218838 ], [ 15.423086173447029, 48.478654606989295 ], [ 15.423218211757524, 48.478787211684839 ], [ 15.423339671373547, 48.478909208155962 ], [ 15.423594467077427, 48.479409784914587 ], [ 15.423631409785854, 48.479403005415698 ], [ 15.423681781558482, 48.479393646191255 ], [ 15.423737127964488, 48.479383478107025 ], [ 15.423941552719421, 48.479813063153706 ], [ 15.4242472744534, 48.480404594437381 ], [ 15.4245386441716, 48.48069837538165 ], [ 15.424759789470059, 48.480975777154384 ], [ 15.424785882388585, 48.481008511835924 ], [ 15.424860854924932, 48.481071863658812 ], [ 15.425244689123664, 48.481396199517683 ], [ 15.425766149063357, 48.481786812325218 ], [ 15.426150735253348, 48.482119409782783 ], [ 15.42615681312885, 48.482125779306145 ], [ 15.426282347306037, 48.482257777312135 ], [ 15.42629660103454, 48.482272188338165 ], [ 15.426303939879601, 48.482279614997367 ], [ 15.426410346839594, 48.482256923823009 ], [ 15.426424036075115, 48.482254069214164 ], [ 15.427157797130388, 48.482646270919652 ], [ 15.427277599571674, 48.482710257434185 ], [ 15.427798369356177, 48.48280619654944 ], [ 15.427932918312086, 48.482829967897942 ], [ 15.428170661979177, 48.482871953848957 ], [ 15.42849136604023, 48.482873761137533 ], [ 15.428974841430803, 48.482750997925052 ], [ 15.429426422253673, 48.482506075103529 ], [ 15.429479471828104, 48.482369256728084 ], [ 15.42948597184248, 48.482352674154924 ], [ 15.429524641210286, 48.482345052045957 ], [ 15.429543842470467, 48.482341288369476 ], [ 15.429551895088133, 48.482339614261136 ], [ 15.429576063888426, 48.482334861669926 ], [ 15.429625472480556, 48.482325067321547 ], [ 15.429717031486049, 48.482553407864977 ], [ 15.429725174493399, 48.482570627475667 ], [ 15.429728869556895, 48.48257829926802 ], [ 15.430096908494125, 48.482482616488191 ], [ 15.430216776907381, 48.482451492244131 ], [ 15.430676583171499, 48.48244926714429 ], [ 15.430724706188713, 48.48251111781947 ], [ 15.430764515210848, 48.482524889580752 ], [ 15.430876679455782, 48.482563995755307 ], [ 15.431274411763196, 48.482762813691892 ], [ 15.431511893169652, 48.482881548759337 ], [ 15.432191317433638, 48.483354235900777 ], [ 15.432399133273453, 48.483498875921917 ], [ 15.432474071249667, 48.483551066378887 ], [ 15.43316734348257, 48.483611670256735 ], [ 15.433171554442024, 48.483612044462362 ], [ 15.43334738766465, 48.483629129092897 ], [ 15.433397663346994, 48.483633983983495 ], [ 15.433460575587063, 48.48364005135074 ], [ 15.433656252444742, 48.48359262454197 ], [ 15.434217149110758, 48.483456750597462 ], [ 15.434654997842875, 48.483420263322515 ], [ 15.434690809605708, 48.483432216128492 ], [ 15.434751351871331, 48.483409982360314 ], [ 15.4349559005943, 48.483414311061217 ], [ 15.435190657022439, 48.483419265671508 ], [ 15.435682720888462, 48.483447843023299 ], [ 15.435915529818443, 48.483461469116456 ], [ 15.435930792454128, 48.483430781866531 ], [ 15.436680177829054, 48.48355306978263 ], [ 15.436933855679353, 48.483650357648997 ], [ 15.437282966993594, 48.483850930810533 ], [ 15.437391058789773, 48.483919437031695 ], [ 15.437511408995279, 48.484042968903267 ], [ 15.437549688235791, 48.48408222973665 ], [ 15.43773030195254, 48.484206565540511 ], [ 15.437894762194519, 48.48431976484008 ], [ 15.438009146551005, 48.484283602660675 ], [ 15.438166827319726, 48.484233793497395 ], [ 15.438200707753126, 48.484221575943629 ], [ 15.438318788038757, 48.483834522350016 ], [ 15.438562799412676, 48.483598342139189 ], [ 15.438586841765737, 48.483577213947179 ], [ 15.43860448427259, 48.483561779715302 ], [ 15.438590982074125, 48.483536019347611 ], [ 15.438588049843725, 48.483530493542581 ], [ 15.438617757994841, 48.483479030603711 ], [ 15.438634644755869, 48.48347161803585 ], [ 15.438786523136415, 48.48340571645975 ], [ 15.438956219859278, 48.483332025358784 ], [ 15.439144295193874, 48.483231099276239 ], [ 15.439149675713626, 48.483230282470402 ], [ 15.439163123345356, 48.483228150542672 ], [ 15.439174643898159, 48.483192041612753 ], [ 15.439418686012667, 48.483046376885731 ], [ 15.439750127532509, 48.482946374398949 ] ] ] } },
{ "type": "Feature", "properties": { "name": "Gföhl", "feature_type": "circle", "metric_roundness": 34.59, "metric_rectangularity": 46.8, "metric_mobile_fit": 19.34, "metric_aspect_ratio": 1.369, "metric_area_km2": 183.86 }, "geometry": { "type": "Polygon", "coordinates": [ [ [ 15.595001651933156, 48.507485360329134 ], [ 15.594841486588502, 48.503432902671648 ], [ 15.594361429556605, 48.499391229814094 ], [ 15.593562796640427, 48.495371423673788 ], [ 15.592447776837282, 48.491384508837008 ], [ 15.59101942633894, 48.487441422269363 ], [ 15.589281660154837, 48.483552983238603 ], [ 15.587239241381292, 48.479729863533372 ], [ 15.584897768146197, 48.475982558060906 ], [ 15.582263658264933, 48.472321355905912 ], [ 15.579344131649599, 48.468756311931969 ], [ 15.576147190519702, 48.465297219005315 ], [ 15.572681597468664, 48.461953580919612 ], [ 15.568956851446156, 48.458734586098423 ], [ 15.564983161722116, 48.455649082150238 ], [ 15.560771419903869, 48.452705551348551 ], [ 15.556333170082986, 48.449912087107322 ], [ 15.551680577193725, 48.447276371519116 ], [ 15.546826393669804, 48.444805654020634 ], [ 15.541783924490842, 48.442506731247235 ], [ 15.536566990714372, 48.440385928134567 ], [ 15.531189891593238, 48.438449080322009 ], [ 15.525667365382384, 48.43670151790932 ], [ 15.520014548942285, 48.435148050613243 ], [ 15.514246936249879, 48.43379295436786 ], [ 15.508380335930658, 48.432639959407283 ], [ 15.502430827928306, 48.431692239865988 ], [ 15.496414719430721, 48.430952404926792 ], [ 15.490348500173118, 48.430422491542693 ], [ 15.48424879724082, 48.430103958753833 ], [ 15.478132329495587, 48.429997683616136 ], [ 15.472015861750348, 48.430103958753833 ], [ 15.465916158818054, 48.430422491542693 ], [ 15.459849939560451, 48.430952404926792 ], [ 15.453833831062864, 48.431692239865988 ], [ 15.447884323060514, 48.432639959407283 ], [ 15.442017722741289, 48.43379295436786 ], [ 15.436250110048885, 48.435148050613243 ], [ 15.430597293608784, 48.43670151790932 ], [ 15.42507476739793, 48.438449080322009 ], [ 15.4196976682768, 48.440385928134567 ], [ 15.414480734500327, 48.442506731247235 ], [ 15.409438265321366, 48.444805654020634 ], [ 15.404584081797443, 48.447276371519116 ], [ 15.399931488908184, 48.449912087107322 ], [ 15.395493239087301, 48.452705551348551 ], [ 15.391281497269055, 48.455649082150238 ], [ 15.387307807545012, 48.458734586098423 ], [ 15.383583061522504, 48.461953580919612 ], [ 15.380117468471472, 48.465297219005315 ], [ 15.376920527341575, 48.468756311931969 ], [ 15.374001000726237, 48.472321355905912 ], [ 15.371366890844973, 48.475982558060906 ], [ 15.369025417609878, 48.479729863533372 ], [ 15.366982998836333, 48.483552983238603 ], [ 15.365245232652228, 48.487441422269363 ], [ 15.363816882153889, 48.491384508837008 ], [ 15.362701862350741, 48.495371423673788 ], [ 15.361903229434564, 48.499391229814094 ], [ 15.361423172402672, 48.503432902671648 ], [ 15.361263007058012, 48.507485360329134 ], [ 15.361423172402672, 48.511537493956411 ], [ 15.361903229434564, 48.515578198273452 ], [ 15.362701862350741, 48.519596401974518 ], [ 15.363816882153889, 48.52358109803 ], [ 15.365245232652228, 48.527521373783792 ], [ 15.366982998836333, 48.531406440764016 ], [ 15.369025417609878, 48.53522566412699 ], [ 15.371366890844973, 48.538968591654672 ], [ 15.374001000726237, 48.542624982228105 ], [ 15.376920527341575, 48.546184833700437 ], [ 15.380117468471472, 48.549638410095625 ], [ 15.383583061522504, 48.552976268060334 ], [ 15.387307807545012, 48.556189282499254 ], [ 15.391281497269055, 48.559268671326237 ], [ 15.395493239087301, 48.562206019266355 ], [ 15.399931488908184, 48.564993300646385 ], [ 15.404584081797443, 48.567622901114476 ], [ 15.409438265321366, 48.570087638232444 ], [ 15.414480734500323, 48.572380780887187 ], [ 15.4196976682768, 48.57449606747123 ], [ 15.42507476739793, 48.576427722785375 ], [ 15.430597293608784, 48.578170473619927 ], [ 15.436250110048885, 48.579719562974724 ], [ 15.442017722741289, 48.581070762881282 ], [ 15.447884323060514, 48.582220385794521 ], [ 15.453833831062864, 48.583165294524775 ], [ 15.459849939560451, 48.583902910685026 ], [ 15.465916158818054, 48.58443122163164 ], [ 15.472015861750348, 48.584748785881082 ], [ 15.478132329495587, 48.584854736988923 ], [ 15.48424879724082, 48.584748785881082 ], [ 15.490348500173118, 48.58443122163164 ], [ 15.496414719430721, 48.583902910685026 ], [ 15.502430827928306, 48.583165294524775 ], [ 15.508380335930658, 48.582220385794521 ], [ 15.514246936249879, 48.581070762881282 ], [ 15.520014548942285, 48.579719562974724 ], [ 15.525667365382384, 48.578170473619927 ], [ 15.531189891593238, 48.576427722785375 ], [ 15.536566990714372, 48.57449606747123 ], [ 15.541783924490842, 48.572380780887187 ], [ 15.546826393669804, 48.570087638232444 ], [ 15.551680577193725, 48.567622901114476 ], [ 15.556333170082986, 48.564993300646385 ], [ 15.560771419903869, 48.562206019266355 ], [ 15.564983161722116, 48.559268671326237 ], [ 15.568956851446156, 48.556189282499254 ], [ 15.572681597468664, 48.552976268060334 ], [ 15.576147190519702, 48.549638410095625 ], [ 15.579344131649599, 48.546184833700437 ], [ 15.582263658264933, 48.542624982228105 ], [ 15.584897768146197, 48.538968591654672 ], [ 15.587239241381292, 48.53522566412699 ], [ 15.589281660154837, 48.531406440764016 ], [ 15.59101942633894, 48.527521373783792 ], [ 15.592447776837282, 48.52358109803 ], [ 15.593562796640427, 48.519596401974518 ], [ 15.594361429556605, 48.515578198273452 ], [ 15.594841486588502, 48.511537493956411 ], [ 15.595001651933156, 48.507485360329134 ] ] ] } },
{ "type": "Feature", "properties": { "name": "Gföhl", "feature_type": "mrr", "metric_roundness": 34.59, "metric_rectangularity": 46.8, "metric_mobile_fit": 19.34, "metric_aspect_ratio": 1.369, "metric_area_km2": 183.86 }, "geometry": { "type": "Polygon", "coordinates": [ [ [ 15.39321272874164, 48.449516639840695 ], [ 15.371373858682309, 48.546758009375289 ], [ 15.582742825094728, 48.567577732645788 ], [ 15.604581695154057, 48.470376344076449 ], [ 15.39321272874164, 48.449516639840695 ] ] ] } }
]
}
