{
"type": "FeatureCollection",
"name": "fraham",
"crs": { "type": "name", "properties": { "name": "urn:ogc:def:crs:OGC:1.3:CRS84" } },
"features": [
{ "type": "Feature", "properties": { "name": "Fraham", "feature_type": "entity", "metric_roundness": 33.59, "metric_rectangularity": 49.04, "metric_mobile_fit": 50.01, "metric_aspect_ratio": 1.062, "metric_area_km2": 38.24 }, "geometry": { "type": "Polygon", "coordinates": [ [ [ 14.062303006108294, 48.308158517365243 ], [ 14.062404711672116, 48.308055420480741 ], [ 14.062561003719681, 48.307873899697029 ], [ 14.062697913003834, 48.307675768294793 ], [ 14.062740271580276, 48.307638710851748 ], [ 14.062793020317795, 48.307592592676208 ], [ 14.06315298709875, 48.30736778507864 ], [ 14.063298411431955, 48.307314878634934 ], [ 14.063481245917709, 48.307208753218362 ], [ 14.063543958716085, 48.307180833280903 ], [ 14.063919520852865, 48.306972297424018 ], [ 14.064293348066712, 48.306707908451543 ], [ 14.064745831239872, 48.306389590085487 ], [ 14.065172875544059, 48.30610354417221 ], [ 14.065206670572326, 48.306080932614186 ], [ 14.065247486905264, 48.306049461194327 ], [ 14.065662050537105, 48.305729848269387 ], [ 14.065696594457393, 48.305674397841209 ], [ 14.065974192232671, 48.305414476718227 ], [ 14.065994904536208, 48.305391677391682 ], [ 14.06616284217692, 48.305205580332917 ], [ 14.066365828143022, 48.305037973200491 ], [ 14.066502038342215, 48.304925389731217 ], [ 14.06680927549025, 48.304673825641295 ], [ 14.066886738584301, 48.304621432756605 ], [ 14.066931479194389, 48.304591105414765 ], [ 14.067047939868731, 48.304512289373193 ], [ 14.067177620299864, 48.304424394243732 ], [ 14.06765746377936, 48.304136476664539 ], [ 14.067749789160642, 48.304095863652265 ], [ 14.067952552860554, 48.304017851475741 ], [ 14.067776516485756, 48.303860189478812 ], [ 14.067756302747542, 48.303841965934595 ], [ 14.067680918569518, 48.303774524542057 ], [ 14.067565722544385, 48.303780648603414 ], [ 14.067392095181184, 48.303783362884289 ], [ 14.067139149142541, 48.30383110532275 ], [ 14.066531534271125, 48.303979763780568 ], [ 14.06620411642958, 48.304072231714827 ], [ 14.066169757100782, 48.304083422700209 ], [ 14.066013125230535, 48.304134334427133 ], [ 14.065824356838935, 48.304210635921713 ], [ 14.065768299688049, 48.304241663741912 ], [ 14.065751576524276, 48.304250944504332 ], [ 14.0657693061166, 48.304150711641022 ], [ 14.065774797074841, 48.304119462270926 ], [ 14.065795647898796, 48.304001578331302 ], [ 14.065835060940993, 48.303832842241128 ], [ 14.06593640903839, 48.303400414314979 ], [ 14.065958532364775, 48.303305820975652 ], [ 14.064777776266535, 48.302577943993633 ], [ 14.064876281518192, 48.302277950362303 ], [ 14.064841772267007, 48.302030157678715 ], [ 14.064791671665425, 48.301671186958856 ], [ 14.064775170843614, 48.301552908114076 ], [ 14.064751616667765, 48.301479381885819 ], [ 14.064684350076464, 48.301270116323522 ], [ 14.06464782695843, 48.30115655102211 ], [ 14.064537549259128, 48.300756038490597 ], [ 14.064489947087676, 48.300583441383971 ], [ 14.064506006651035, 48.300574974558437 ], [ 14.064515509857923, 48.300570057216056 ], [ 14.064593937967365, 48.300528994183516 ], [ 14.06472750902058, 48.300459248344374 ], [ 14.064754677997193, 48.300445044422055 ], [ 14.065008030976701, 48.300312565531293 ], [ 14.06506625022759, 48.300282154104423 ], [ 14.065071871708401, 48.300279240159163 ], [ 14.065126074456856, 48.300250832992873 ], [ 14.065095450279442, 48.300106285693722 ], [ 14.064995492094429, 48.299634642968194 ], [ 14.064716717025021, 48.298319252960589 ], [ 14.064678584963275, 48.298139309781938 ], [ 14.064675403389039, 48.298124037174695 ], [ 14.064545167619517, 48.298152652002244 ], [ 14.064453907749581, 48.298172655902853 ], [ 14.064135378635545, 48.298252558668949 ], [ 14.064131078755063, 48.298253575188717 ], [ 14.06387880586747, 48.298318668175327 ], [ 14.063618307377903, 48.2983932576483 ], [ 14.063424661924362, 48.29845708220153 ], [ 14.063419031677066, 48.298459366430031 ], [ 14.063373587791576, 48.298477822682003 ], [ 14.063342239937736, 48.298501587890783 ], [ 14.063333567389325, 48.298508029192853 ], [ 14.063329028566034, 48.298530366856646 ], [ 14.06332328806106, 48.298524825562033 ], [ 14.063277769756388, 48.298480582606523 ], [ 14.063194959928362, 48.298449707129272 ], [ 14.063183483669373, 48.298161378740225 ], [ 14.063169717938923, 48.298093368029789 ], [ 14.063098877454239, 48.297830599642012 ], [ 14.063073839209824, 48.29773756173882 ], [ 14.063069305006236, 48.29772193774329 ], [ 14.063020804868611, 48.29755204419024 ], [ 14.063007263704339, 48.297499954333148 ], [ 14.062881205429207, 48.296944273788071 ], [ 14.062877485203462, 48.296737487127942 ], [ 14.062877192671536, 48.296716709010518 ], [ 14.062845680538794, 48.296546798791233 ], [ 14.062843214138475, 48.296534400253215 ], [ 14.062842335674249, 48.29652945815171 ], [ 14.062839689577268, 48.296523447651786 ], [ 14.062836199207521, 48.296514923661555 ], [ 14.062573343860468, 48.295932933089063 ], [ 14.062568752379054, 48.295922796771194 ], [ 14.062469538295527, 48.295626381924933 ], [ 14.062415920292228, 48.295466145409669 ], [ 14.062106255145505, 48.29548517665333 ], [ 14.05951444358513, 48.295645127940041 ], [ 14.05948198184065, 48.295647129614217 ], [ 14.059444671051491, 48.29564943140219 ], [ 14.058721871623217, 48.295759997416155 ], [ 14.058576315350859, 48.295782224234486 ], [ 14.058003777092857, 48.295869809972103 ], [ 14.057394646307738, 48.295963017928884 ], [ 14.056777037147441, 48.296057444818423 ], [ 14.056730356371451, 48.296064571669895 ], [ 14.056335924526246, 48.296124864650061 ], [ 14.055962344694985, 48.296182058255248 ], [ 14.055683067314755, 48.296224812101251 ], [ 14.05512935278405, 48.296309478146824 ], [ 14.055062906212765, 48.29623324734191 ], [ 14.05501536567639, 48.296178668721822 ], [ 14.054833091902497, 48.295965252742768 ], [ 14.054829389641208, 48.295960777872416 ], [ 14.054807187810669, 48.295944453478405 ], [ 14.054776811498499, 48.295921972758741 ], [ 14.054607972127197, 48.295675998859174 ], [ 14.054502569100556, 48.295522466688546 ], [ 14.054136959309162, 48.295008831357428 ], [ 14.054083335518362, 48.294933510074088 ], [ 14.053914750879551, 48.294724775512535 ], [ 14.053739575768416, 48.294546126958316 ], [ 14.053718214685913, 48.29452233076065 ], [ 14.053691787332165, 48.294492898659591 ], [ 14.053627591982364, 48.294423129937996 ], [ 14.053594603186188, 48.294387171600803 ], [ 14.053486299835507, 48.29421854372243 ], [ 14.053360751087778, 48.294069992775562 ], [ 14.053266247436218, 48.293924218207287 ], [ 14.053254892986343, 48.2939026089308 ], [ 14.053121708276509, 48.293650654970222 ], [ 14.053095785642551, 48.29359927021823 ], [ 14.053065118990149, 48.293546025712317 ], [ 14.053047300659371, 48.293515190868085 ], [ 14.052926018993967, 48.293304812910719 ], [ 14.052848617021862, 48.293176923531355 ], [ 14.052761569856628, 48.293004835111027 ], [ 14.052687374954527, 48.292855426176587 ], [ 14.052607587875151, 48.292720714667276 ], [ 14.052532136997092, 48.292568164905333 ], [ 14.052454237821545, 48.292404295691675 ], [ 14.052392466739576, 48.292236908416633 ], [ 14.05234151928015, 48.292101478761616 ], [ 14.052298599658736, 48.291961681566974 ], [ 14.052244356702962, 48.291783003108165 ], [ 14.052230512091747, 48.291737300740898 ], [ 14.052182084335641, 48.291550220353948 ], [ 14.052095928919149, 48.291257404106375 ], [ 14.05208441727919, 48.291195225248359 ], [ 14.052080487301724, 48.291174289636004 ], [ 14.052039394343829, 48.291136941577328 ], [ 14.051823601256084, 48.291099682731122 ], [ 14.051469167948714, 48.291145229577126 ], [ 14.051307401328181, 48.291135073120856 ], [ 14.051271379008371, 48.291132866533637 ], [ 14.05116061130321, 48.291125903538216 ], [ 14.051079541286347, 48.291053808622394 ], [ 14.051076402524448, 48.291051039327328 ], [ 14.051069978250625, 48.291025171454166 ], [ 14.051085708670907, 48.291022195822663 ], [ 14.051115287447043, 48.291016615988276 ], [ 14.051168644082008, 48.291005132253545 ], [ 14.051176440646216, 48.291003554898211 ], [ 14.05110029367607, 48.290907321260292 ], [ 14.05114832819125, 48.290754908380173 ], [ 14.051190468261261, 48.29075114013034 ], [ 14.051235807209981, 48.290627979725251 ], [ 14.0511940504253, 48.290630216365734 ], [ 14.051260843498078, 48.290537778711645 ], [ 14.051277376671543, 48.290514917690594 ], [ 14.051323399757946, 48.290421708566967 ], [ 14.051382663523761, 48.290301520693241 ], [ 14.051384397813907, 48.290261299385065 ], [ 14.051395511452169, 48.290002965350745 ], [ 14.051310909301959, 48.289831490291427 ], [ 14.051310819579864, 48.289825013967572 ], [ 14.051310631866265, 48.289490376434756 ], [ 14.051269434959941, 48.289153473086422 ], [ 14.051320057904787, 48.288954536447349 ], [ 14.051277520172757, 48.288715424206956 ], [ 14.051266116202177, 48.288651175544331 ], [ 14.051241024092208, 48.288542662685771 ], [ 14.051259789824092, 48.288437747378019 ], [ 14.051271791877998, 48.28837002590349 ], [ 14.051208895819324, 48.288276499156645 ], [ 14.051236957149756, 48.288083638804551 ], [ 14.05124680764045, 48.288016290423094 ], [ 14.051281030373161, 48.287917936520039 ], [ 14.05129280508409, 48.287853274958486 ], [ 14.051311098629641, 48.287753220186005 ], [ 14.051271743647456, 48.287656219801178 ], [ 14.05123378271024, 48.287562539198014 ], [ 14.051156440468384, 48.287243400108892 ], [ 14.051052372277207, 48.286814408689885 ], [ 14.051020533907412, 48.286705307623357 ], [ 14.050926151367065, 48.286381865502946 ], [ 14.050887972899833, 48.286097117926914 ], [ 14.050880783697851, 48.286093833859937 ], [ 14.050767235388564, 48.286041009739229 ], [ 14.050690469487181, 48.286074767028978 ], [ 14.050630449650141, 48.286101134539848 ], [ 14.050366082271688, 48.286117067050213 ], [ 14.050336858274422, 48.286118866352368 ], [ 14.049878155586045, 48.286146609972292 ], [ 14.049774755450654, 48.286135552287334 ], [ 14.049622625375486, 48.286119307131649 ], [ 14.049183131684035, 48.286025218283058 ], [ 14.048451873535575, 48.285875978647255 ], [ 14.048331573481697, 48.285851350121149 ], [ 14.047933161455957, 48.285764650450936 ], [ 14.047801570179017, 48.285732444398569 ], [ 14.047441962713142, 48.285644605211438 ], [ 14.047462727903671, 48.285566935054852 ], [ 14.047589086809195, 48.285092357232891 ], [ 14.047738005312468, 48.284533621017168 ], [ 14.047853732454806, 48.284099678472259 ], [ 14.047864115680207, 48.284060933282419 ], [ 14.047870523126607, 48.284036875466384 ], [ 14.047996355338483, 48.283563739400783 ], [ 14.048122806555673, 48.283077015806079 ], [ 14.048247082224275, 48.282598851231718 ], [ 14.048095346518972, 48.282532225854901 ], [ 14.047916909327714, 48.282386242401131 ], [ 14.047872547694519, 48.28235547972416 ], [ 14.047788861766445, 48.282297611619327 ], [ 14.047722095282301, 48.282254752325521 ], [ 14.047682931842218, 48.282229534985447 ], [ 14.047625003405836, 48.282192288656297 ], [ 14.047549377931965, 48.282132481799792 ], [ 14.047106019024239, 48.281862633172068 ], [ 14.04699643792763, 48.281764172884415 ], [ 14.046922066097242, 48.281697431248375 ], [ 14.046914637734462, 48.281686502067288 ], [ 14.04682731765932, 48.281560288321479 ], [ 14.046810401171285, 48.281535653913288 ], [ 14.046732651600788, 48.281370340110229 ], [ 14.04665154448414, 48.281274403601827 ], [ 14.046333710739635, 48.280723206755461 ], [ 14.046131545468311, 48.280360209921511 ], [ 14.04605546340126, 48.280090445393434 ], [ 14.045926310925426, 48.280067847693971 ], [ 14.045879162090511, 48.280059590552504 ], [ 14.045830480170361, 48.27998882270969 ], [ 14.045835781555517, 48.279982313344469 ], [ 14.045853668774832, 48.279959984437433 ], [ 14.045736479563205, 48.279827205967464 ], [ 14.045657211394026, 48.279737284586595 ], [ 14.045564909184357, 48.279591309805994 ], [ 14.045497678580015, 48.279484852497802 ], [ 14.045444364090356, 48.279400529339846 ], [ 14.045383005120895, 48.279309418661043 ], [ 14.045357667653898, 48.279211250772306 ], [ 14.045378854506552, 48.279036694551699 ], [ 14.045381513983171, 48.27901445890388 ], [ 14.045368847244404, 48.278955704568396 ], [ 14.045289763696802, 48.278771147049355 ], [ 14.045097347835556, 48.2783220896751 ], [ 14.045096096745278, 48.278319308662383 ], [ 14.045078622252264, 48.278283342813999 ], [ 14.044870346914887, 48.277856781315251 ], [ 14.044841222650485, 48.277786972883682 ], [ 14.044826035633964, 48.277750723131021 ], [ 14.044824920560972, 48.27774803124008 ], [ 14.044790083847401, 48.277664584262546 ], [ 14.044767557417915, 48.277613986261322 ], [ 14.044696368643057, 48.277454477993601 ], [ 14.044688306062724, 48.277436535888405 ], [ 14.044657332865402, 48.277251593716009 ], [ 14.044658153349518, 48.277213177048814 ], [ 14.044662182287576, 48.277045202638149 ], [ 14.044669873669918, 48.276731655326543 ], [ 14.044626678798593, 48.27662828891112 ], [ 14.044557850288321, 48.276532635581944 ], [ 14.044523231533665, 48.27648463023727 ], [ 14.044505646508238, 48.276460179460649 ], [ 14.044460722869081, 48.276397754004265 ], [ 14.044417861315948, 48.276338284508448 ], [ 14.044396788733685, 48.276275713238476 ], [ 14.04437936406587, 48.2762236446437 ], [ 14.044393115920153, 48.275860583822009 ], [ 14.044397209422025, 48.275756208592846 ], [ 14.04439858017583, 48.275718598155336 ], [ 14.044415884622808, 48.275683319167264 ], [ 14.044425323738654, 48.275664100613241 ], [ 14.044585334365234, 48.275638294294019 ], [ 14.044591900389129, 48.275566828223788 ], [ 14.044552614797507, 48.275237555571124 ], [ 14.044545463704164, 48.275168152407922 ], [ 14.044515738597843, 48.274877592759395 ], [ 14.044483853201411, 48.2744786479415 ], [ 14.044486056024503, 48.274334703068433 ], [ 14.044486239880303, 48.274298988962812 ], [ 14.044629838984262, 48.27429523240756 ], [ 14.045303515331302, 48.274277617791505 ], [ 14.045425074224456, 48.274268417798659 ], [ 14.045429515877387, 48.274268030781791 ], [ 14.04542677525539, 48.274264719143382 ], [ 14.045424991441934, 48.274262391176705 ], [ 14.045406615570798, 48.27423920475691 ], [ 14.045374939636432, 48.274199367712178 ], [ 14.045284760669515, 48.273932477033462 ], [ 14.045239140290988, 48.273711281697103 ], [ 14.045212137498597, 48.27367807283423 ], [ 14.045194454175382, 48.273656231496695 ], [ 14.04517883200902, 48.273598034848895 ], [ 14.045195168099589, 48.273492325168696 ], [ 14.045197777852561, 48.273476296822388 ], [ 14.045208797265611, 48.273464265086631 ], [ 14.045226056963914, 48.273445448374027 ], [ 14.045240395533629, 48.273429798036211 ], [ 14.045281840847396, 48.273297937047012 ], [ 14.045311652811625, 48.273251156772581 ], [ 14.045330912626715, 48.273220993195842 ], [ 14.04539431820886, 48.273069207161178 ], [ 14.045378352696311, 48.272966393860742 ], [ 14.045376132660861, 48.272951924341527 ], [ 14.045375017662478, 48.272949232450571 ], [ 14.045325834224791, 48.272831599606484 ], [ 14.045254687878135, 48.272743517154645 ], [ 14.045280973384983, 48.27263621726037 ], [ 14.045264231602811, 48.272565163572899 ], [ 14.04525364152413, 48.272559381165479 ], [ 14.045211827607153, 48.272536787925667 ], [ 14.045106336005764, 48.272400788442766 ], [ 14.045015820635465, 48.272364279871411 ], [ 14.044948454194243, 48.272286429219726 ], [ 14.044815917569668, 48.272182709633604 ], [ 14.044721660905887, 48.272089550670152 ], [ 14.044739555674878, 48.271950097501353 ], [ 14.044748841525518, 48.271890309116138 ], [ 14.044719736617452, 48.27183147516844 ], [ 14.044682046354909, 48.271736171078125 ], [ 14.044663166337468, 48.271646689127763 ], [ 14.044441535178386, 48.271501683763795 ], [ 14.04431494595781, 48.271359785365995 ], [ 14.044129971177037, 48.271116681872662 ], [ 14.043993703573905, 48.270907554228849 ], [ 14.043939887289698, 48.270825122322506 ], [ 14.043904503592447, 48.270789805354617 ], [ 14.043796439367116, 48.270681887010142 ], [ 14.043756157913608, 48.270564468930203 ], [ 14.043635533222036, 48.270336354274079 ], [ 14.043549852196785, 48.270150755838607 ], [ 14.043363911811191, 48.269816890051601 ], [ 14.043249262912695, 48.269572276285366 ], [ 14.043255405557449, 48.269459972090765 ], [ 14.043202396110592, 48.269239450426483 ], [ 14.043130819896025, 48.269119344420879 ], [ 14.043080197501235, 48.268935330779989 ], [ 14.043070662660305, 48.268908131891436 ], [ 14.043045172442815, 48.268768583703903 ], [ 14.043034106690857, 48.268708289856725 ], [ 14.043034576048788, 48.268575240108156 ], [ 14.043029119628624, 48.2685605203976 ], [ 14.042996252598455, 48.268472652698151 ], [ 14.042951774650295, 48.268353550669083 ], [ 14.042819864192726, 48.268137018405021 ], [ 14.042812802099963, 48.268103417434205 ], [ 14.042763181284776, 48.267864433541952 ], [ 14.042595223567282, 48.267672049500277 ], [ 14.04239331560021, 48.267519273497001 ], [ 14.042140359333308, 48.267298710505528 ], [ 14.042088595385991, 48.267129366337088 ], [ 14.042092725647617, 48.266928826181037 ], [ 14.042097681978019, 48.266739435690461 ], [ 14.042073895583513, 48.266556697259318 ], [ 14.042062463798196, 48.266469508244612 ], [ 14.041994549237248, 48.26631123719531 ], [ 14.041838817917673, 48.265948128291882 ], [ 14.04174236486773, 48.265752158833173 ], [ 14.041651027425575, 48.265644586276764 ], [ 14.04145241013028, 48.26570237886213 ], [ 14.041237618356398, 48.265730133813875 ], [ 14.041220671478804, 48.265732305975853 ], [ 14.041215022928652, 48.265733060012586 ], [ 14.04106333508537, 48.265754493381721 ], [ 14.041048954073526, 48.265757099692976 ], [ 14.040898560844498, 48.265784552115441 ], [ 14.040673184185584, 48.265816688366726 ], [ 14.040475092551489, 48.265853875828043 ], [ 14.040386956990059, 48.265882118508557 ], [ 14.040275612250241, 48.265917698779617 ], [ 14.040126503315793, 48.265970240504124 ], [ 14.040043635085953, 48.265999440444389 ], [ 14.039901766458593, 48.266049419077639 ], [ 14.039812058911792, 48.266080999289237 ], [ 14.039747907105729, 48.266099470360238 ], [ 14.039610879361069, 48.266138894219225 ], [ 14.039418573922601, 48.26614599896574 ], [ 14.039377501381717, 48.266147597652242 ], [ 14.039294522223752, 48.266158806250651 ], [ 14.039187202002129, 48.266173400972995 ], [ 14.039160573105496, 48.266176980949332 ], [ 14.039103011466466, 48.266184706742955 ], [ 14.039038256718548, 48.266198503294838 ], [ 14.039034091279175, 48.266199338184009 ], [ 14.038965172277177, 48.266214059534093 ], [ 14.038719138294411, 48.26633240649555 ], [ 14.038587284152522, 48.266435307658384 ], [ 14.038581018143505, 48.266440203348793 ], [ 14.038534430661826, 48.266492031380459 ], [ 14.038176856366082, 48.266889651266368 ], [ 14.038050495400096, 48.266990449476332 ], [ 14.037778705474119, 48.267157257505431 ], [ 14.037618119601118, 48.267267977889063 ], [ 14.037529909967663, 48.267340657728404 ], [ 14.037486603650407, 48.267376273129152 ], [ 14.037242147247284, 48.267700789446444 ], [ 14.037180099743457, 48.26776530447367 ], [ 14.036919548039478, 48.26803594306265 ], [ 14.036753597233723, 48.268208405329496 ], [ 14.03659509101659, 48.268333774679625 ], [ 14.036294134984677, 48.268626065874386 ], [ 14.036025146752918, 48.268811743701093 ], [ 14.035980559763146, 48.268842508551877 ], [ 14.035609061496581, 48.269030513758281 ], [ 14.035369637788811, 48.269180838238903 ], [ 14.03533287217585, 48.269192214824095 ], [ 14.035186478354017, 48.269237357184046 ], [ 14.03501849376206, 48.269329947099145 ], [ 14.034868296593528, 48.269412714110132 ], [ 14.034496913341385, 48.26917143918066 ], [ 14.03437474913585, 48.269095262090119 ], [ 14.034263442679258, 48.269064717710961 ], [ 14.034215699893997, 48.269051511812144 ], [ 14.033933167930313, 48.26897351177157 ], [ 14.033405433294075, 48.268827720015338 ], [ 14.033399888660181, 48.268826224113248 ], [ 14.033389474264688, 48.268823318203808 ], [ 14.033077394982833, 48.268752240709738 ], [ 14.032847222039679, 48.268699830730917 ], [ 14.03265665537182, 48.268686763361373 ], [ 14.032629489511411, 48.268680629678272 ], [ 14.032381890970212, 48.268624905168167 ], [ 14.032028199331004, 48.268425346169373 ], [ 14.031686724054381, 48.268352282558993 ], [ 14.031135900817432, 48.268222001853715 ], [ 14.030737991718651, 48.268160428704704 ], [ 14.030653333531353, 48.268147352721606 ], [ 14.030587475838034, 48.268129576162437 ], [ 14.030359033550219, 48.268065186597504 ], [ 14.030319280408483, 48.268054809859294 ], [ 14.030234502800853, 48.268032828524042 ], [ 14.029617601930763, 48.268008276431956 ], [ 14.029341892134823, 48.267995893211101 ], [ 14.02922540636105, 48.267990652998435 ], [ 14.02905890226333, 48.267983193053688 ], [ 14.028921835303796, 48.268030700600931 ], [ 14.028713685993406, 48.268102831445979 ], [ 14.028501924389055, 48.268126676490311 ], [ 14.028306670125334, 48.268135579584261 ], [ 14.028214563267742, 48.268139728158445 ], [ 14.028202361940643, 48.268144208951284 ], [ 14.02817500728186, 48.268154087739354 ], [ 14.028150065693081, 48.268163052534618 ], [ 14.02814951861785, 48.268172501307227 ], [ 14.028143053752022, 48.268293352423868 ], [ 14.028132309195261, 48.268386432329848 ], [ 14.028119155672501, 48.268500846470765 ], [ 14.028105050923344, 48.268584500933812 ], [ 14.028083579185592, 48.268711648706024 ], [ 14.028043929701953, 48.268849789851451 ], [ 14.028040970690739, 48.268860242554737 ], [ 14.028036849716118, 48.268874480398367 ], [ 14.027985568195199, 48.268999287367919 ], [ 14.027982955510275, 48.269005420057304 ], [ 14.027930601906155, 48.269080397135426 ], [ 14.027787952546186, 48.269284821899149 ], [ 14.027656542365692, 48.269473346921608 ], [ 14.027553632458629, 48.269677174309805 ], [ 14.027525619259569, 48.269788888327184 ], [ 14.02751941000373, 48.269898763025928 ], [ 14.027538961942216, 48.270111125043087 ], [ 14.027588803153193, 48.270190529578166 ], [ 14.027691450837818, 48.270319185249299 ], [ 14.027932553285464, 48.270553613310007 ], [ 14.028038387738128, 48.270668576157938 ], [ 14.028112447468091, 48.270775362687665 ], [ 14.028204325274597, 48.270924682389634 ], [ 14.028283441870654, 48.271107092501808 ], [ 14.028299305715402, 48.271214946220333 ], [ 14.028296349414369, 48.271316075634786 ], [ 14.028285176457684, 48.271377223237494 ], [ 14.02829298675225, 48.271386891940082 ], [ 14.028258227650813, 48.27145771589641 ], [ 14.02825324263657, 48.271467820868438 ], [ 14.028238414787268, 48.27148752008933 ], [ 14.028182682144303, 48.271561887678487 ], [ 14.028101224157643, 48.2716472037363 ], [ 14.027831517795125, 48.27191337797445 ], [ 14.027676798583583, 48.272052295695367 ], [ 14.02756617508455, 48.272143362772091 ], [ 14.027551913279783, 48.272155052343123 ], [ 14.027538960326059, 48.272163855476336 ], [ 14.027394197796699, 48.272261513059902 ], [ 14.027323225021625, 48.272304845999969 ], [ 14.027284464537448, 48.272328556018167 ], [ 14.027207824043417, 48.272371292997342 ], [ 14.027151112932122, 48.272402936302868 ], [ 14.02713315517912, 48.272410329927439 ], [ 14.027111712216886, 48.272419093690537 ], [ 14.026964030701274, 48.272500126080935 ], [ 14.026781301601419, 48.272600438095786 ], [ 14.026607789569631, 48.272694757722562 ], [ 14.02652100015564, 48.272764631778216 ], [ 14.026300195357125, 48.272980404809225 ], [ 14.026173498323125, 48.273179874460219 ], [ 14.026111440976043, 48.273275418536855 ], [ 14.026034803481883, 48.273368980386138 ], [ 14.025750382990426, 48.273715388766149 ], [ 14.025442088648591, 48.274050333974309 ], [ 14.025321600010539, 48.274190394060966 ], [ 14.025262948983116, 48.274258660416024 ], [ 14.025211187554779, 48.274338310293118 ], [ 14.025081920435358, 48.274537613972122 ], [ 14.025011027932496, 48.274658038033017 ], [ 14.024939378737548, 48.274802574993565 ], [ 14.024883299775485, 48.275013227621692 ], [ 14.024870880606004, 48.275102538693041 ], [ 14.024866950254012, 48.27513116835047 ], [ 14.02486708153498, 48.275161213173604 ], [ 14.024867687633893, 48.275236953276149 ], [ 14.024899353158851, 48.275418567913299 ], [ 14.024955007659454, 48.275569994315418 ], [ 14.02504042529965, 48.275719984323004 ], [ 14.025127070607056, 48.275830655807454 ], [ 14.025277913798432, 48.275985564008174 ], [ 14.025323945360794, 48.2760317979102 ], [ 14.025409862100014, 48.276118095199699 ], [ 14.025438819497607, 48.276147158909943 ], [ 14.025509235481261, 48.276233188513544 ], [ 14.025540882612944, 48.276342567671215 ], [ 14.025543741515403, 48.276385100254693 ], [ 14.02554798952792, 48.276450923397668 ], [ 14.025521842176179, 48.27659195140707 ], [ 14.025507972409128, 48.27664321937732 ], [ 14.025471809955357, 48.276781068503929 ], [ 14.02546911107058, 48.276790889856656 ], [ 14.025344820998804, 48.277131216297448 ], [ 14.025219390085534, 48.277507352145129 ], [ 14.025139404045202, 48.277744414216592 ], [ 14.025122536574797, 48.277793271104677 ], [ 14.025095679469791, 48.277871153478365 ], [ 14.02503535055493, 48.278046298236823 ], [ 14.025017834315941, 48.278097048052402 ], [ 14.02489091347549, 48.278452772039337 ], [ 14.024774285920961, 48.278761927004936 ], [ 14.024627444746052, 48.279160228561167 ], [ 14.02458139882812, 48.279294987484683 ], [ 14.024579581779015, 48.279300215771656 ], [ 14.02457469245538, 48.279317606472326 ], [ 14.024544458711404, 48.279425374358929 ], [ 14.024492798709911, 48.279604065467993 ], [ 14.024462615228028, 48.279766166880847 ], [ 14.024426271908268, 48.27999190426145 ], [ 14.024433407771761, 48.280304731302813 ], [ 14.024450823369842, 48.280579895343472 ], [ 14.024463539865662, 48.280674454241897 ], [ 14.024473547434814, 48.280808430255462 ], [ 14.024485352371107, 48.281006444738367 ], [ 14.024492485905128, 48.281187665057978 ], [ 14.02448160058958, 48.28140227636986 ], [ 14.02446770185046, 48.281653697832894 ], [ 14.024463830999508, 48.281848566927785 ], [ 14.024473097271104, 48.282017900240831 ], [ 14.024474399686639, 48.282034714395536 ], [ 14.024476786994807, 48.282062136988763 ], [ 14.024478228976246, 48.282079310140638 ], [ 14.02442923010498, 48.282093904303579 ], [ 14.02440661895919, 48.282106362667903 ], [ 14.0243636708691, 48.282130006482966 ], [ 14.024191663996923, 48.282198405474837 ], [ 14.024113416161496, 48.282182497964243 ], [ 14.023995031355117, 48.282158462700451 ], [ 14.023954893150231, 48.282150245036561 ], [ 14.02395029911702, 48.28214937273944 ], [ 14.023753809374014, 48.282099893308221 ], [ 14.023700339588123, 48.282082399177405 ], [ 14.023620745017189, 48.282056424185463 ], [ 14.02357125241485, 48.282033958784517 ], [ 14.023459653885222, 48.281983075642927 ], [ 14.023318785876032, 48.281900071546332 ], [ 14.023142975161523, 48.281753585158171 ], [ 14.023131583572486, 48.281758420398518 ], [ 14.023124748857455, 48.281761339532096 ], [ 14.023119524140938, 48.281763709380328 ], [ 14.022975215643608, 48.281634757423376 ], [ 14.022932036391666, 48.281590394865468 ], [ 14.022746406256141, 48.281404655019628 ], [ 14.022584348336286, 48.281258356154162 ], [ 14.022509559725643, 48.281178108074087 ], [ 14.022432823397446, 48.281052713240982 ], [ 14.022346269575086, 48.280949146004872 ], [ 14.022285970067475, 48.280853699249747 ], [ 14.022185887622513, 48.280695518348971 ], [ 14.022036288680363, 48.280543297749333 ], [ 14.022016615250598, 48.280523263910865 ], [ 14.02188986966868, 48.280376755022516 ], [ 14.021680358405419, 48.280157960750586 ], [ 14.021492421420744, 48.279878947418197 ], [ 14.021390526380221, 48.279756489323631 ], [ 14.021120763190373, 48.279536611027766 ], [ 14.020741836844291, 48.279296237320459 ], [ 14.020575404971297, 48.279185044562361 ], [ 14.020521694802586, 48.279149109270421 ], [ 14.020331948428527, 48.279017543742611 ], [ 14.020316628976225, 48.279010707537132 ], [ 14.02022851060034, 48.278971556927004 ], [ 14.020200042183484, 48.278958951153029 ], [ 14.020087931415569, 48.278888996975489 ], [ 14.020062111756051, 48.278872867220585 ], [ 14.020041386686124, 48.278854728341287 ], [ 14.019857727349997, 48.27869416004696 ], [ 14.019776939036033, 48.278587678216375 ], [ 14.019668071473175, 48.278487748908283 ], [ 14.019616365134247, 48.278440196957874 ], [ 14.019612946202917, 48.278436438943665 ], [ 14.019576702227003, 48.278396352127416 ], [ 14.0195756900566, 48.278380975498216 ], [ 14.019575332422519, 48.278374320810251 ], [ 14.019578972189462, 48.278303143571407 ], [ 14.019625140888026, 48.278247997625208 ], [ 14.019627809808874, 48.278246002833043 ], [ 14.019636478441031, 48.278239114984373 ], [ 14.019778856064827, 48.278070955464997 ], [ 14.019884298470991, 48.277953029676084 ], [ 14.019868400407454, 48.277902477848343 ], [ 14.019822823023539, 48.277758006395935 ], [ 14.019624512725859, 48.277569457633291 ], [ 14.019612781137653, 48.27754856691525 ], [ 14.019638721652369, 48.277563706536597 ], [ 14.019642615121946, 48.277501523450212 ], [ 14.019632564717874, 48.277495645594144 ], [ 14.019616130857402, 48.277486027210102 ], [ 14.019810664913587, 48.277287694254824 ], [ 14.019833678274068, 48.277264979307745 ], [ 14.019923321817922, 48.27714480778566 ], [ 14.02020370159879, 48.277119673998541 ], [ 14.020224160232969, 48.277117754070183 ], [ 14.020247177982549, 48.277115729071063 ], [ 14.020236789948106, 48.277135221070765 ], [ 14.020246490982919, 48.277135073834387 ], [ 14.0202681814719, 48.277134585933176 ], [ 14.020390478213436, 48.276976889160125 ], [ 14.020642593174253, 48.276822383453556 ], [ 14.02076198449344, 48.276405088089525 ], [ 14.020788004201663, 48.276314437784144 ], [ 14.020934303465614, 48.27617845803244 ], [ 14.02132115332364, 48.276083335452967 ], [ 14.021416863977731, 48.276065317767682 ], [ 14.021504090155611, 48.27598680924644 ], [ 14.021626902834212, 48.27594965017019 ], [ 14.02163877018168, 48.275940134488557 ], [ 14.021680902085643, 48.27590606143206 ], [ 14.021625474985658, 48.27581166483111 ], [ 14.021722129529596, 48.275742995602918 ], [ 14.021818818255491, 48.275717505374409 ], [ 14.021927807460829, 48.275745556537046 ], [ 14.022138231301639, 48.275821313879668 ], [ 14.022211081659584, 48.27584759969757 ], [ 14.022309085215522, 48.275809507318392 ], [ 14.022418601454422, 48.275856895623676 ], [ 14.022472138529647, 48.275879967273077 ], [ 14.022521704138704, 48.275888129589589 ], [ 14.0226551420216, 48.275910277993681 ], [ 14.022786928211273, 48.275899421871202 ], [ 14.022802205954154, 48.275893034347369 ], [ 14.022827063683348, 48.275796363322108 ], [ 14.022840853174976, 48.275708483703916 ], [ 14.022886793657694, 48.275585960036501 ], [ 14.022941938603726, 48.275567821699312 ], [ 14.022947044239798, 48.27555654682596 ], [ 14.022955815148736, 48.275537154107063 ], [ 14.02298884854793, 48.275376385274896 ], [ 14.022823621037809, 48.275223448469852 ], [ 14.022498461426506, 48.274991307415327 ], [ 14.021784319151312, 48.274520113784 ], [ 14.021474176540584, 48.274281583999851 ], [ 14.020995807321853, 48.274516411569884 ], [ 14.020969833574906, 48.274529159067932 ], [ 14.020675594722963, 48.274321028553295 ], [ 14.020161153483564, 48.273949126713987 ], [ 14.019857744394562, 48.273729803651477 ], [ 14.019410345484694, 48.27341318611974 ], [ 14.019369514401841, 48.27342332218452 ], [ 14.019191415713731, 48.273467551684092 ], [ 14.019054734806256, 48.273495074657944 ], [ 14.018827201269721, 48.273540854385757 ], [ 14.018574919624911, 48.273590197810648 ], [ 14.018397232662977, 48.273624888229399 ], [ 14.018182915769202, 48.273702163720031 ], [ 14.018063687712878, 48.273745235267974 ], [ 14.018055909369737, 48.273748069715566 ], [ 14.017989253846922, 48.273772120696215 ], [ 14.017890740168314, 48.273679685047796 ], [ 14.017801095649538, 48.273595563119436 ], [ 14.017754840281217, 48.27355211622897 ], [ 14.017534657486676, 48.273419825503161 ], [ 14.017339198465423, 48.273302501744425 ], [ 14.016899005694089, 48.273081276507568 ], [ 14.016780174216343, 48.273021523698048 ], [ 14.016149649917089, 48.272754366263243 ], [ 14.015544262441965, 48.272543460980636 ], [ 14.015011538369167, 48.272344900647141 ], [ 14.014562190726311, 48.272194696235672 ], [ 14.014469073323857, 48.2721635766896 ], [ 14.014382046522707, 48.272134490419383 ], [ 14.013953544577298, 48.271991178257025 ], [ 14.01393892772, 48.271986316150596 ], [ 14.013438830915169, 48.271777932349551 ], [ 14.013365641006008, 48.271745525972982 ], [ 14.012981931195565, 48.27157514122252 ], [ 14.012972850629788, 48.271571146216885 ], [ 14.012701080493688, 48.271829650668543 ], [ 14.011865048218814, 48.271414431662549 ], [ 14.011712591163821, 48.271338047893629 ], [ 14.011706758578603, 48.271335113330608 ], [ 14.011516730100539, 48.271239877546051 ], [ 14.011508968845618, 48.271233715769092 ], [ 14.01141165173771, 48.271169694043216 ], [ 14.010668452227135, 48.270824451479498 ], [ 14.010392300615267, 48.270737721487251 ], [ 14.010244238302487, 48.270677682376018 ], [ 14.010119448451684, 48.270624974097544 ], [ 14.01010508654652, 48.270618940588037 ], [ 14.010002664368534, 48.270566192001006 ], [ 14.009956991044737, 48.270473712107098 ], [ 14.009865552076924, 48.270374571697218 ], [ 14.009752723606478, 48.27028841943855 ], [ 14.009708801509916, 48.27025781962012 ], [ 14.00958451636653, 48.270171373987175 ], [ 14.0093279136691, 48.27000239715013 ], [ 14.009106751597814, 48.2698645188648 ], [ 14.008950120397859, 48.269767015850626 ], [ 14.008840890441324, 48.269687948399614 ], [ 14.008785748975988, 48.26965453476425 ], [ 14.008713386284569, 48.269633455238782 ], [ 14.008614438923319, 48.269629981652841 ], [ 14.008609572106232, 48.269649440604425 ], [ 14.008610898357922, 48.269658158727481 ], [ 14.008624757246315, 48.269749744382963 ], [ 14.008594249912868, 48.269817928927651 ], [ 14.008567579540216, 48.269828968540999 ], [ 14.008509681219945, 48.269852873342188 ], [ 14.008222066907694, 48.269971756317368 ], [ 14.008031825474507, 48.27003529004881 ], [ 14.007815828270951, 48.27008700854465 ], [ 14.007720900976917, 48.270019731435674 ], [ 14.007608999681663, 48.270014892783728 ], [ 14.007393150016908, 48.27000543894188 ], [ 14.00726089330267, 48.269999908299546 ], [ 14.007070260210597, 48.269991926981852 ], [ 14.006742121758643, 48.269978894297687 ], [ 14.006439708463228, 48.269964992172504 ], [ 14.005938912048078, 48.270155809012159 ], [ 14.005860071624463, 48.270185860687995 ], [ 14.005787387540908, 48.270223073270046 ], [ 14.005354765329885, 48.270444888356295 ], [ 14.005213166883467, 48.270342435845187 ], [ 14.004957856906797, 48.270157789499429 ], [ 14.004843028099735, 48.270082978640431 ], [ 14.004599646809943, 48.26992444009224 ], [ 14.004415987890344, 48.269726515199807 ], [ 14.004140788580781, 48.269368454945692 ], [ 14.004096248481684, 48.269310599644896 ], [ 14.00408346873629, 48.269270552562929 ], [ 14.004062415093998, 48.269205455213793 ], [ 14.00399741103978, 48.269003067166246 ], [ 14.003934382162319, 48.268807504406801 ], [ 14.003913948785856, 48.268779915479669 ], [ 14.003559568103215, 48.268299698936367 ], [ 14.003617408761828, 48.268052433842357 ], [ 14.003705448450427, 48.267962869088763 ], [ 14.003693523443378, 48.267947195351908 ], [ 14.003686397714578, 48.267937970854376 ], [ 14.003640576888362, 48.267937245398038 ], [ 14.0035939465235, 48.267936434631714 ], [ 14.003500905114631, 48.267920508625124 ], [ 14.003376602686053, 48.26787318774435 ], [ 14.003266035891368, 48.267825247877248 ], [ 14.003241252594286, 48.26781549535486 ], [ 14.003006153206545, 48.267723203988801 ], [ 14.002842810565276, 48.267699316198616 ], [ 14.002772882780535, 48.267689013810731 ], [ 14.0024946167282, 48.267655351909823 ], [ 14.0022864655764, 48.267636039052938 ], [ 14.002083264594454, 48.267624433660323 ], [ 14.001890444772252, 48.267613307985613 ], [ 14.001322326296293, 48.267577260908091 ], [ 14.001245227926374, 48.267575094909311 ], [ 14.000537324170804, 48.267555139296661 ], [ 14.000378544483315, 48.26755065257786 ], [ 14.000113294481643, 48.267523117375838 ], [ 14.000082397700588, 48.267519876128738 ], [ 14.000090836392742, 48.267505524603429 ], [ 14.000095051688261, 48.267498034014459 ], [ 14.000442675720496, 48.26720476018707 ], [ 14.00055985976104, 48.267013379293338 ], [ 14.000702117658252, 48.266781193851024 ], [ 14.001312112767666, 48.266826358948407 ], [ 14.001448895990226, 48.266838796992666 ], [ 14.001582037019496, 48.266850895974301 ], [ 14.002162288095095, 48.266898476433362 ], [ 14.002219516938654, 48.266885373445369 ], [ 14.002283194068628, 48.266870794031213 ], [ 14.002323700488095, 48.266856527769441 ], [ 14.002426176657281, 48.266820675177058 ], [ 14.00284048179655, 48.266715560237145 ], [ 14.003180917508066, 48.26667051073705 ], [ 14.003194516721774, 48.266669802718148 ], [ 14.003226291190698, 48.266668000491968 ], [ 14.003321345131816, 48.266662595313583 ], [ 14.003355139322455, 48.266660691460991 ], [ 14.0036275538741, 48.266690246990848 ], [ 14.003648197230017, 48.266692466904509 ], [ 14.003977969032061, 48.266750117455437 ], [ 14.003990797130527, 48.266752292413486 ], [ 14.003996061933089, 48.266753071669221 ], [ 14.004222419494493, 48.266784330682093 ], [ 14.004378843430921, 48.266804748125992 ], [ 14.004480067663325, 48.266818017458483 ], [ 14.004632545131898, 48.266835398796395 ], [ 14.004649682201938, 48.266837368898543 ], [ 14.004919051705405, 48.266860552041145 ], [ 14.005054133839735, 48.26688720888145 ], [ 14.005061802562947, 48.266855139901281 ], [ 14.005064739285304, 48.26684261891792 ], [ 14.00505103333766, 48.266793491593035 ], [ 14.005026876379189, 48.266707272377509 ], [ 14.005019108679154, 48.266679700434743 ], [ 14.00504179371514, 48.26646511191705 ], [ 14.005069856860736, 48.266218467614536 ], [ 14.00512303877183, 48.265841150540993 ], [ 14.005139818103951, 48.265721950503469 ], [ 14.005048756055736, 48.265712940999485 ], [ 14.00483196147257, 48.265691523668238 ], [ 14.004717695616653, 48.265680219028162 ], [ 14.004793995878977, 48.265506521300722 ], [ 14.004822005347128, 48.265442939877282 ], [ 14.004835742771224, 48.265421720658978 ], [ 14.004951061682371, 48.265243929372403 ], [ 14.005068323014717, 48.265070534631889 ], [ 14.005086697427089, 48.265043261475128 ], [ 14.005088945745999, 48.265040010035186 ], [ 14.005093175269913, 48.265033688612071 ], [ 14.005100434637091, 48.265022042222128 ], [ 14.005105847519378, 48.265013465036965 ], [ 14.005162344122871, 48.264923271595755 ], [ 14.005277183202519, 48.264739815412781 ], [ 14.005307911879472, 48.264657417106733 ], [ 14.005323532799228, 48.264615226939029 ], [ 14.005362708695081, 48.264498506156542 ], [ 14.005372176041789, 48.264470114969654 ], [ 14.00536573314927, 48.264409611075266 ], [ 14.005247780919944, 48.264435930329739 ], [ 14.005102556069058, 48.264468254200438 ], [ 14.004955988492222, 48.264500945470516 ], [ 14.004939329747438, 48.264504639950275 ], [ 14.004919580582524, 48.264508981972256 ], [ 14.004748196587661, 48.264518877217256 ], [ 14.004553789270934, 48.264529984567496 ], [ 14.004299503399388, 48.264588664509311 ], [ 14.004274250383252, 48.264594567442678 ], [ 14.003924052312412, 48.264675389506799 ], [ 14.003807049937455, 48.26470233151332 ], [ 14.00379032707313, 48.264701078558467 ], [ 14.003763488496132, 48.264698984341301 ], [ 14.003751621408735, 48.264698153175843 ], [ 14.003689346720339, 48.264508342881875 ], [ 14.00367756035914, 48.264472068157218 ], [ 14.003676095334923, 48.264442120895502 ], [ 14.003674411860423, 48.264405697983037 ], [ 14.003671053059046, 48.264333481809082 ], [ 14.003602816388179, 48.26420352726764 ], [ 14.00355089406146, 48.264084903219782 ], [ 14.00353228937205, 48.264042280813008 ], [ 14.003395671406588, 48.263969123256636 ], [ 14.003189590773255, 48.263858673609384 ], [ 14.00315893164427, 48.263842388038761 ], [ 14.003147263317496, 48.263836068285315 ], [ 14.003095030548444, 48.26380803260529 ], [ 14.003056685539056, 48.263791251525525 ], [ 14.003036496263192, 48.263782372071681 ], [ 14.003022516834427, 48.263774446385803 ], [ 14.002943525070297, 48.263729562824395 ], [ 14.002519663236413, 48.263489028283054 ], [ 14.002304680015291, 48.263367023826405 ], [ 14.002136838176932, 48.263264808328529 ], [ 14.002107886967478, 48.263245094289701 ], [ 14.002089674740114, 48.263232784933301 ], [ 14.002055559066278, 48.263209592250533 ], [ 14.001994802212549, 48.263168201479822 ], [ 14.001691875809579, 48.263048590569213 ], [ 14.001666115906835, 48.263046489673521 ], [ 14.001584197555447, 48.263150680926969 ], [ 14.001559410032019, 48.263182218375697 ], [ 14.001551811139047, 48.263188469075146 ], [ 14.001492088395041, 48.263237748857456 ], [ 14.001317571175393, 48.26332834858836 ], [ 14.001067124970836, 48.263412997053685 ], [ 14.000946270417717, 48.263444096347989 ], [ 14.000699190679136, 48.263507764687198 ], [ 14.000638134758127, 48.263526826090228 ], [ 14.000420208942918, 48.263594644492926 ], [ 14.000207932118238, 48.263672235412223 ], [ 14.000156572087212, 48.263690971092409 ], [ 13.999989946146561, 48.263735465533173 ], [ 13.999917440920134, 48.263754772094373 ], [ 13.999619004077642, 48.263795703445453 ], [ 13.999422280419546, 48.263804656536593 ], [ 13.999402755431872, 48.263805488013439 ], [ 13.999181254978833, 48.263815482160162 ], [ 13.999180983522066, 48.263794343806879 ], [ 13.999009557771657, 48.263549022683044 ], [ 13.998891923872621, 48.263463786920738 ], [ 13.998971808118235, 48.263368604958067 ], [ 13.999026345601361, 48.263303523721603 ], [ 13.999041797641835, 48.263268801804472 ], [ 13.999088945772806, 48.263163372104337 ], [ 13.999077779536609, 48.26296526057866 ], [ 13.999078180809006, 48.26289158343014 ], [ 13.999078433583231, 48.262848312624904 ], [ 13.998998838518679, 48.262829517405457 ], [ 13.998804785567639, 48.262783850239849 ], [ 13.998542488999112, 48.262722020999938 ], [ 13.998483260379068, 48.262694473057373 ], [ 13.998461846022865, 48.262684520334297 ], [ 13.9984779764516, 48.262650154433054 ], [ 13.998544589930667, 48.262507731195292 ], [ 13.998552194551923, 48.26249140546463 ], [ 13.998546501824247, 48.262446729349449 ], [ 13.998536598014013, 48.262388853625943 ], [ 13.998430354729317, 48.262424634478897 ], [ 13.998339404245588, 48.262455290193493 ], [ 13.99830908662473, 48.262465448782137 ], [ 13.998317089691868, 48.262448671003277 ], [ 13.998323386446128, 48.262435411306875 ], [ 13.998290067029053, 48.262442618470374 ], [ 13.998263331351636, 48.262448438626677 ], [ 13.998176135230608, 48.262467198411599 ], [ 13.998067443388697, 48.262490668805818 ], [ 13.997954183803866, 48.262515154728845 ], [ 13.997689522368876, 48.262552469795786 ], [ 13.997762787776345, 48.262361252269933 ], [ 13.99780606999051, 48.262248378707994 ], [ 13.997794461160453, 48.262225595931014 ], [ 13.997742087989497, 48.262123164137726 ], [ 13.997580408185128, 48.262185438422087 ], [ 13.997562175717457, 48.26219246925136 ], [ 13.997511792519672, 48.262203281975168 ], [ 13.997325308414927, 48.262243388193269 ], [ 13.997252932004852, 48.262241102675212 ], [ 13.997208758119157, 48.262210769429558 ], [ 13.997199381034353, 48.262204436002747 ], [ 13.99704554259357, 48.262100514029981 ], [ 13.996967342641332, 48.262064257788133 ], [ 13.996867186712864, 48.262017781696926 ], [ 13.996783153964426, 48.26198893509148 ], [ 13.996675846918196, 48.261952125039613 ], [ 13.996458010074976, 48.261816092790326 ], [ 13.996256610576163, 48.261753821216992 ], [ 13.996245248636972, 48.261750287697261 ], [ 13.996176217270632, 48.261777758245557 ], [ 13.9960964627733, 48.261809517844789 ], [ 13.995757545626564, 48.261876487737688 ], [ 13.9957330874529, 48.261881304813784 ], [ 13.995683177537222, 48.261886986497139 ], [ 13.995522416113424, 48.261905263673398 ], [ 13.995470364729124, 48.261753802425666 ], [ 13.995363341261337, 48.261644124308752 ], [ 13.995281471466436, 48.261605189115606 ], [ 13.995205159476882, 48.261568920947717 ], [ 13.995113295177671, 48.261485783624799 ], [ 13.995064394927107, 48.261412207096939 ], [ 13.995039393950492, 48.261374477409433 ], [ 13.994950497672018, 48.261312732857895 ], [ 13.994895446793452, 48.261274454431266 ], [ 13.994737758881305, 48.261163894482493 ], [ 13.994598781774375, 48.26114714314982 ], [ 13.994510267321987, 48.261136401768837 ], [ 13.994487103635791, 48.26111593328018 ], [ 13.994342387186741, 48.260987127716731 ], [ 13.994339798999375, 48.260984893499732 ], [ 13.994329026064166, 48.260974699619752 ], [ 13.994249820806626, 48.260943844696072 ], [ 13.994133237459694, 48.260950534306424 ], [ 13.994073649264399, 48.260704120515996 ], [ 13.99407595600691, 48.26049396757994 ], [ 13.994077450248714, 48.260357494130986 ], [ 13.994110644015592, 48.260319343624815 ], [ 13.994024114352008, 48.260337376882887 ], [ 13.99394796875545, 48.260356250661559 ], [ 13.993766206929063, 48.260449489062907 ], [ 13.993761930572244, 48.260452212061445 ], [ 13.993613164121026, 48.260544633136142 ], [ 13.993594451264702, 48.260556253889014 ], [ 13.993535117084585, 48.260530593131662 ], [ 13.99350871226928, 48.260520038129314 ], [ 13.993378222836849, 48.260471392345387 ], [ 13.99304198315131, 48.260346010888334 ], [ 13.993087016951744, 48.260190129597099 ], [ 13.993104791395865, 48.260072994538092 ], [ 13.993114996320131, 48.260006818151965 ], [ 13.993123491554083, 48.259954504861405 ], [ 13.993127935455805, 48.259943774750283 ], [ 13.993153931006846, 48.259879847653764 ], [ 13.993191424858416, 48.259787878637937 ], [ 13.993204617185958, 48.259755329255746 ], [ 13.993019348642514, 48.259721117150065 ], [ 13.992893460547874, 48.259610374291093 ], [ 13.992786785366063, 48.259389594711799 ], [ 13.992735940910887, 48.259194496081591 ], [ 13.992588500438204, 48.25903080035917 ], [ 13.992563097379573, 48.259003597387398 ], [ 13.992432398544215, 48.25886391507629 ], [ 13.992341988472697, 48.258767273709729 ], [ 13.992412908449541, 48.258687169742345 ], [ 13.992613320192021, 48.258461140797863 ], [ 13.992932042692431, 48.258068289539594 ], [ 13.993176798122741, 48.257844436859742 ], [ 13.993289387696866, 48.257662084384272 ], [ 13.993090348232716, 48.257455502563417 ], [ 13.993067291297169, 48.257347954573838 ], [ 13.993062859187592, 48.257327829299108 ], [ 13.993081341776254, 48.257287603518087 ], [ 13.993133254285224, 48.257174952404768 ], [ 13.993508558550021, 48.256836202381997 ], [ 13.993581253742638, 48.25681123133284 ], [ 13.993565135291192, 48.256783166227656 ], [ 13.993558107513733, 48.25677079202724 ], [ 13.993596226024039, 48.256728115778394 ], [ 13.993664170540546, 48.256742662884243 ], [ 13.993815459099197, 48.256775087888904 ], [ 13.993905144914475, 48.25680435431498 ], [ 13.993965476991244, 48.256824072051238 ], [ 13.99405770280868, 48.256851794656967 ], [ 13.994087182212708, 48.256860622882634 ], [ 13.994194283728936, 48.256892848675029 ], [ 13.994196607551704, 48.256736939540652 ], [ 13.994243538924877, 48.256667045898546 ], [ 13.994178639332331, 48.256447469213811 ], [ 13.994162031773513, 48.256391610168315 ], [ 13.994139263570068, 48.25635971476278 ], [ 13.99408783201941, 48.256287861279802 ], [ 13.994124966379974, 48.256125727168893 ], [ 13.994087979679643, 48.255939995629738 ], [ 13.994164400289785, 48.25582693484116 ], [ 13.994541111765242, 48.255568145259836 ], [ 13.994619230768478, 48.255514446314479 ], [ 13.994663378066667, 48.255490446520312 ], [ 13.994782974840481, 48.255425266899351 ], [ 13.994905248040473, 48.255358722565404 ], [ 13.994853733871121, 48.255333197880965 ], [ 13.994660151237092, 48.255237414943878 ], [ 13.99450791549986, 48.255162086783606 ], [ 13.99449865636571, 48.255154313142448 ], [ 13.994309935480075, 48.254995981640164 ], [ 13.994295502925658, 48.254983919437521 ], [ 13.994064194583258, 48.254718150670165 ], [ 13.99408128152413, 48.254674244357709 ], [ 13.994104630935659, 48.254614380007148 ], [ 13.994163119055299, 48.254542441594531 ], [ 13.994184206561064, 48.254516503996221 ], [ 13.994206753908047, 48.254488848907386 ], [ 13.994288493457052, 48.254412820154798 ], [ 13.99432776744576, 48.254376434058962 ], [ 13.994227571977209, 48.254357212950595 ], [ 13.994084166661148, 48.254329781305437 ], [ 13.993871846303961, 48.254285379207829 ], [ 13.993702910661783, 48.254273474822369 ], [ 13.993552311824331, 48.254262905399209 ], [ 13.993341813083472, 48.25425573433477 ], [ 13.992995160379611, 48.254251044554984 ], [ 13.992778197590107, 48.254243999098982 ], [ 13.992749089935483, 48.254243084679644 ], [ 13.992703903359834, 48.254238303306131 ], [ 13.992136163377003, 48.254177561603626 ], [ 13.991961026631717, 48.254144010108412 ], [ 13.991727961444829, 48.254099361779403 ], [ 13.991688127438389, 48.254091761028256 ], [ 13.991565011029909, 48.254282987636316 ], [ 13.991554612199598, 48.254291502488591 ], [ 13.991408632123402, 48.254411342262394 ], [ 13.991258396150906, 48.254461219133709 ], [ 13.990898902777015, 48.254580646883205 ], [ 13.990711946354178, 48.254645483682332 ], [ 13.990684186451542, 48.254655266045184 ], [ 13.990506096589156, 48.254718253239211 ], [ 13.990463183277202, 48.254733428667819 ], [ 13.990449236502398, 48.254738365176252 ], [ 13.990115255546929, 48.25488355399515 ], [ 13.989849327153621, 48.25499903156917 ], [ 13.989691862199914, 48.255052725406919 ], [ 13.989415291790525, 48.255147032122885 ], [ 13.989339507867843, 48.255289862033671 ], [ 13.989270807172145, 48.255417629067111 ], [ 13.989221587438106, 48.255509393227918 ], [ 13.989110243455853, 48.255599258793517 ], [ 13.989000232419496, 48.255688037244418 ], [ 13.988992098868646, 48.255694649983937 ], [ 13.988982520031035, 48.255704149503764 ], [ 13.988853727685919, 48.255831085616386 ], [ 13.988513700309317, 48.256276940847201 ], [ 13.988511183069079, 48.256280283447062 ], [ 13.988502714588485, 48.256292385427464 ], [ 13.988246056342609, 48.256662745713669 ], [ 13.988028415695194, 48.257136246505191 ], [ 13.987907956646351, 48.257411563890642 ], [ 13.987857897962856, 48.257672001788272 ], [ 13.98784859070989, 48.257724409242293 ], [ 13.9879252999628, 48.257803679516712 ], [ 13.987773771211794, 48.257933620891755 ], [ 13.987649030068408, 48.258040652180028 ], [ 13.987347723371885, 48.258332818727119 ], [ 13.987152508245549, 48.258491971125835 ], [ 13.986916033159432, 48.258691026167057 ], [ 13.986792860503666, 48.258783834445346 ], [ 13.986599497125129, 48.25892984172539 ], [ 13.98642761651992, 48.259059535746573 ], [ 13.986293367911372, 48.259160861641121 ], [ 13.986270948945062, 48.25917780949402 ], [ 13.986239721977453, 48.25920137366176 ], [ 13.986186188966444, 48.259208061156052 ], [ 13.98618598070748, 48.259212920008174 ], [ 13.986178921753764, 48.259444059395165 ], [ 13.986289084955622, 48.259815683297965 ], [ 13.986301978730616, 48.259844667036411 ], [ 13.986324995118078, 48.259896532987675 ], [ 13.986404371643726, 48.26002706475073 ], [ 13.98642526210055, 48.260059871720429 ], [ 13.986432825193798, 48.260072063407648 ], [ 13.986374462263575, 48.260091102223122 ], [ 13.986354873989782, 48.260097509211988 ], [ 13.986334346143536, 48.260104191344418 ], [ 13.98631113543057, 48.260111788107764 ], [ 13.986305500288534, 48.260113618889406 ], [ 13.986290875859257, 48.260118378769057 ], [ 13.986223926526378, 48.260140254386563 ], [ 13.986101699869545, 48.260180161793095 ], [ 13.985894292329254, 48.260270563194283 ], [ 13.985853694839285, 48.26028824265812 ], [ 13.985787638250539, 48.260316859790372 ], [ 13.985406169732432, 48.260482091449568 ], [ 13.985263949940233, 48.260539201899867 ], [ 13.984997963516381, 48.260728253072017 ], [ 13.98491050204214, 48.26079036369142 ], [ 13.985246711918617, 48.261054032631272 ], [ 13.98548962717051, 48.261312106716957 ], [ 13.985534703469519, 48.261361240332924 ], [ 13.985597264111931, 48.261429436712127 ], [ 13.985718325289193, 48.261553617990138 ], [ 13.985760498334757, 48.261596830640229 ], [ 13.98596393147224, 48.261736112087462 ], [ 13.985986845269716, 48.261747677909653 ], [ 13.986013149565775, 48.261761023839433 ], [ 13.986121313889134, 48.261877270896747 ], [ 13.986134306507415, 48.261892670571015 ], [ 13.98617123651476, 48.26193672211253 ], [ 13.986226661230516, 48.262026547880758 ], [ 13.986292747300155, 48.26219268724406 ], [ 13.986298036378916, 48.26220615109623 ], [ 13.986324433281984, 48.262291012236247 ], [ 13.986333325702876, 48.262301757145075 ], [ 13.986379287857051, 48.262356912567213 ], [ 13.986420887903344, 48.26237592976085 ], [ 13.986499346986053, 48.262411921719739 ], [ 13.986591820134704, 48.262458809660735 ], [ 13.98663592697646, 48.262494994479532 ], [ 13.986655383987417, 48.262510177866389 ], [ 13.986661506262646, 48.262514911193747 ], [ 13.986885994616555, 48.262688796121139 ], [ 13.986955697466055, 48.262756861659454 ], [ 13.987023762354029, 48.262823227179233 ], [ 13.987052136080944, 48.26285104431318 ], [ 13.987108061715709, 48.262905603696041 ], [ 13.987385737640251, 48.263098259526032 ], [ 13.987495073234653, 48.263157376019741 ], [ 13.987297556141437, 48.263284966307964 ], [ 13.987077987666552, 48.263426803444482 ], [ 13.986945692453174, 48.263491506399802 ], [ 13.986836394267474, 48.263563636366214 ], [ 13.986728567480469, 48.263634948347345 ], [ 13.986668425014715, 48.26369483770651 ], [ 13.986633296750389, 48.263729758411479 ], [ 13.986352197551245, 48.263875088239587 ], [ 13.986317220487869, 48.263889947602017 ], [ 13.985872268753901, 48.26404438216219 ], [ 13.985649623297881, 48.264102843730932 ], [ 13.985597251176026, 48.26411654103984 ], [ 13.985592069522983, 48.264122327341987 ], [ 13.985567096359265, 48.264150623906602 ], [ 13.985460844339517, 48.264272391669934 ], [ 13.985437840553857, 48.264339448585091 ], [ 13.985420559651892, 48.264390191208889 ], [ 13.985409372723829, 48.264454123325734 ], [ 13.985393412535336, 48.264545609009552 ], [ 13.985388381167699, 48.2645740635948 ], [ 13.985372038769633, 48.264613736247057 ], [ 13.985313324815586, 48.264755297708106 ], [ 13.985170261723496, 48.264767704037133 ], [ 13.985087169718996, 48.264727779061253 ], [ 13.984992556433635, 48.264682341254115 ], [ 13.98496968584182, 48.264663578451334 ], [ 13.984912100749511, 48.264616313886123 ], [ 13.984650178546129, 48.264401344705902 ], [ 13.984279487883013, 48.26409702685843 ], [ 13.98407338613055, 48.264185618318763 ], [ 13.983864469219847, 48.264275394592751 ], [ 13.983760765620108, 48.264375107084057 ], [ 13.98370445468707, 48.26442930615832 ], [ 13.983696647656702, 48.264429889556119 ], [ 13.983243859890123, 48.264465344842513 ], [ 13.982820991303798, 48.264512325679526 ], [ 13.98278883469256, 48.264515833653995 ], [ 13.982753585128689, 48.264519808674343 ], [ 13.982746160523588, 48.264486386177531 ], [ 13.982734436305707, 48.264432387564675 ], [ 13.982693559550006, 48.264245235635904 ], [ 13.982594594332584, 48.264034929226874 ], [ 13.982496240747956, 48.263884170765571 ], [ 13.98237991430077, 48.263772104022991 ], [ 13.981831885053332, 48.263474165354538 ], [ 13.981715767789517, 48.263464827551047 ], [ 13.981679220909911, 48.263461972759842 ], [ 13.981650196258579, 48.263478866541682 ], [ 13.981642572429367, 48.263483316927704 ], [ 13.981610052950741, 48.263500859878874 ], [ 13.98156481842547, 48.263525130501158 ], [ 13.981446630050746, 48.263587229741823 ], [ 13.980831056207156, 48.263910725067191 ], [ 13.980824075011581, 48.263999011620569 ], [ 13.980817327286257, 48.264084418250832 ], [ 13.980808524740528, 48.264123958318443 ], [ 13.980806354692962, 48.264133595783463 ], [ 13.980797061550833, 48.264177006725426 ], [ 13.980804415138676, 48.264194057590743 ], [ 13.980847854178441, 48.264295646915649 ], [ 13.980796972700702, 48.264320938190153 ], [ 13.980317345929452, 48.264559384179336 ], [ 13.980390994481159, 48.264641824708349 ], [ 13.980409031400875, 48.264662054604116 ], [ 13.980545126060303, 48.264814493834436 ], [ 13.980388813964895, 48.264877343830221 ], [ 13.980230088838844, 48.264941196558873 ], [ 13.980174468650549, 48.26497550958868 ], [ 13.979698248970159, 48.265315045417339 ], [ 13.979682347005021, 48.265325568780355 ], [ 13.979618075555278, 48.265368475508502 ], [ 13.979598144194336, 48.265380010774763 ], [ 13.979536969191873, 48.265411925520901 ], [ 13.979381684342965, 48.265492579870319 ], [ 13.979285172903579, 48.265543221859438 ], [ 13.978964314770183, 48.265711603398493 ], [ 13.978928038634344, 48.265730605733651 ], [ 13.97900409136995, 48.266179247784365 ], [ 13.979028008135005, 48.266314589900198 ], [ 13.97908279849732, 48.26662454657378 ], [ 13.978925865731139, 48.266778794019487 ], [ 13.978922537882287, 48.266782050934047 ], [ 13.978889926285417, 48.266814076632159 ], [ 13.979013834602295, 48.267221252680784 ], [ 13.979029459924348, 48.267253370447101 ], [ 13.979068454829642, 48.267333575275323 ], [ 13.979172568869265, 48.267449491165181 ], [ 13.978989371383388, 48.267539745329884 ], [ 13.978642663268705, 48.267710788052391 ], [ 13.978533119645988, 48.267764830046751 ], [ 13.978537540691804, 48.267773621279495 ], [ 13.978728672293625, 48.268147410444989 ], [ 13.97889095580137, 48.268346753445428 ], [ 13.978906553705405, 48.268365827647507 ], [ 13.978967394055227, 48.268393286564347 ], [ 13.979039888565122, 48.268426078153574 ], [ 13.979225662834772, 48.268509965798486 ], [ 13.97945588605128, 48.268689859891438 ], [ 13.979472758715241, 48.268703079751155 ], [ 13.979658023453899, 48.26881080805628 ], [ 13.979824287336021, 48.268907487049347 ], [ 13.979947254184994, 48.269140960736685 ], [ 13.979952909501135, 48.269151454227874 ], [ 13.979988932006234, 48.269219980859091 ], [ 13.980077402180974, 48.269237120479502 ], [ 13.980131023695806, 48.269247437202736 ], [ 13.980255627536962, 48.269471545948569 ], [ 13.980350047558467, 48.269641488631684 ], [ 13.980395808846822, 48.269723724322724 ], [ 13.98060101933614, 48.270025556553428 ], [ 13.980746424206572, 48.27016705873492 ], [ 13.980858959494283, 48.270114977117565 ], [ 13.981018785307571, 48.2700409525197 ], [ 13.98123661350215, 48.270295396166873 ], [ 13.981327545968375, 48.270444667426339 ], [ 13.981423571044132, 48.270602456113984 ], [ 13.98146165824838, 48.27068500399524 ], [ 13.981506257039602, 48.270781818680213 ], [ 13.981570751111311, 48.270982602279808 ], [ 13.981580600515581, 48.271037510881818 ], [ 13.98158147080569, 48.271042453645528 ], [ 13.981583058651982, 48.271050900718237 ], [ 13.981612759741058, 48.271217064964915 ], [ 13.981631891567062, 48.271270752388268 ], [ 13.981661253579718, 48.271377457184876 ], [ 13.981720251946173, 48.271591225041142 ], [ 13.982439529228074, 48.272160686739767 ], [ 13.982695806070691, 48.272363637716992 ], [ 13.983010673760024, 48.272628870675653 ], [ 13.982994017606261, 48.272633101703313 ], [ 13.982948882934469, 48.272644418428712 ], [ 13.982938943584207, 48.272646992719416 ], [ 13.982912748910712, 48.272653525917086 ], [ 13.983041773334691, 48.272830919339533 ], [ 13.983121110081832, 48.272968109727117 ], [ 13.98314135701953, 48.273003079683214 ], [ 13.983230979982796, 48.273208309638349 ], [ 13.983251796549647, 48.2732672048325 ], [ 13.983258160534559, 48.273280392888722 ], [ 13.983281129090107, 48.273328211397349 ], [ 13.983342028709869, 48.273467213801823 ], [ 13.983369284515542, 48.273534528903056 ], [ 13.983403076423043, 48.273617999647286 ], [ 13.983414064159032, 48.273645285030483 ], [ 13.983416427010846, 48.273651029044089 ], [ 13.983438120624234, 48.2737046118595 ], [ 13.983648928854491, 48.273794739413532 ], [ 13.983928560943328, 48.273914167339896 ], [ 13.983903421346868, 48.273972599771533 ], [ 13.984012562855167, 48.274036218293091 ], [ 13.984116547025717, 48.274096896999367 ], [ 13.984176820249848, 48.274132092615844 ], [ 13.984442490446709, 48.274008714794618 ], [ 13.98446183844554, 48.274004198626898 ], [ 13.98448686806144, 48.274012154610539 ], [ 13.984746812740513, 48.274108841820023 ], [ 13.984857324723, 48.274163456225658 ], [ 13.98514000315636, 48.274428323893666 ], [ 13.985200985831561, 48.274498418137071 ], [ 13.985283699644684, 48.274624883253388 ], [ 13.985297162801624, 48.2746453178856 ], [ 13.985484723024951, 48.275072099718713 ], [ 13.985575754730364, 48.275324007291125 ], [ 13.985727393641916, 48.27571230875224 ], [ 13.985848755797678, 48.275718554724541 ], [ 13.985860096309938, 48.275720200286393 ], [ 13.985879404057393, 48.275723150503076 ], [ 13.986116845335582, 48.275829766133363 ], [ 13.986202108396144, 48.275847998600874 ], [ 13.986231970920645, 48.275854397826308 ], [ 13.986257914362534, 48.275859919475828 ], [ 13.986296830102253, 48.2758682469143 ], [ 13.98631709931179, 48.275872630965694 ], [ 13.986431158082034, 48.275866053550544 ], [ 13.986501856682752, 48.275862058357013 ], [ 13.986506300043915, 48.275861763539083 ], [ 13.986591002465607, 48.27585688005351 ], [ 13.986682168351686, 48.27585160037966 ], [ 13.986767227549224, 48.275853641411487 ], [ 13.986806588250033, 48.275854499792082 ], [ 13.986856150484922, 48.275862857194689 ], [ 13.986891397442594, 48.275868776220165 ], [ 13.986978367225108, 48.275883400272555 ], [ 13.986996801034834, 48.275891842560775 ], [ 13.987038275143544, 48.275910680285769 ], [ 13.987180093757791, 48.276000199583834 ], [ 13.987316033459321, 48.276083005021988 ], [ 13.987358001973787, 48.276076921907205 ], [ 13.987387728577911, 48.276072526822915 ], [ 13.987419742536726, 48.276067849000597 ], [ 13.98743696000164, 48.276065323366879 ], [ 13.987645587305275, 48.2760347343444 ], [ 13.987654715160224, 48.276031894352613 ], [ 13.98774143863106, 48.27601629384101 ], [ 13.98787360896744, 48.275992611350219 ], [ 13.988045441995215, 48.27596168888649 ], [ 13.988175863705866, 48.275938285761164 ], [ 13.988320000294642, 48.275912466400726 ], [ 13.988549220489977, 48.275901280364231 ], [ 13.988754739303625, 48.275891396848991 ], [ 13.989224996143399, 48.276057414872142 ], [ 13.98909469633263, 48.276218272017893 ], [ 13.989062454718415, 48.276258214530735 ], [ 13.989004601968329, 48.276329606246016 ], [ 13.989004476708145, 48.276468859598637 ], [ 13.989410244338572, 48.276554099571612 ], [ 13.989444543679655, 48.276634147316223 ], [ 13.98914359087845, 48.276962026471857 ], [ 13.989102899874734, 48.277015869909164 ], [ 13.988705012352026, 48.277319646161764 ], [ 13.98865169579167, 48.277398208622287 ], [ 13.988693267215423, 48.277403281871173 ], [ 13.988763317305922, 48.277411792917462 ], [ 13.988582888012219, 48.277455988414033 ], [ 13.988544329456094, 48.277465381144737 ], [ 13.988436794508969, 48.277540560637625 ], [ 13.988422367186498, 48.277550627044882 ], [ 13.988415428148066, 48.277556063505415 ], [ 13.988544611222213, 48.277594287141881 ], [ 13.988575841307609, 48.277634141862478 ], [ 13.988581046136998, 48.277640769323376 ], [ 13.988617592004156, 48.277664042106643 ], [ 13.988675469580633, 48.277701048005561 ], [ 13.988762599591588, 48.277845297056835 ], [ 13.988805959801683, 48.277917197818631 ], [ 13.988813586688901, 48.278040754980736 ], [ 13.988857378003571, 48.27808278775651 ], [ 13.988865948061077, 48.278142380576178 ], [ 13.988977830414333, 48.278229727468464 ], [ 13.988955400796833, 48.278267725527812 ], [ 13.988909087580005, 48.278345978735068 ], [ 13.98908180891352, 48.278427315415833 ], [ 13.989190134160767, 48.278478429714362 ], [ 13.98927419009965, 48.278517986418059 ], [ 13.989264370980866, 48.278657924001017 ], [ 13.989259217496949, 48.278729918183494 ], [ 13.989270917223505, 48.278845086372542 ], [ 13.989485008899484, 48.278936624131575 ], [ 13.989658179881477, 48.279010670949177 ], [ 13.989664141145735, 48.279013156097598 ], [ 13.989680128276431, 48.27911561619797 ], [ 13.989746313501788, 48.279138001750127 ], [ 13.989814934696991, 48.27916118312654 ], [ 13.98984144248691, 48.279189819590549 ], [ 13.98985047492706, 48.279221973008724 ], [ 13.989868107080172, 48.279284033374132 ], [ 13.98988570097222, 48.279289871207084 ], [ 13.990023336832403, 48.279335331970437 ], [ 13.99011461883928, 48.279391938990393 ], [ 13.990134316252918, 48.279404241770742 ], [ 13.990267825484299, 48.279443068770078 ], [ 13.99036995322556, 48.2794728073426 ], [ 13.990383482645527, 48.279540737963195 ], [ 13.990364154109834, 48.279578808718526 ], [ 13.990345482243542, 48.279615526415647 ], [ 13.9902705344306, 48.279646174993779 ], [ 13.990454409109425, 48.279756322649092 ], [ 13.990484421521412, 48.279774324315461 ], [ 13.990527111705459, 48.279793063966657 ], [ 13.990735139574285, 48.279884183897295 ], [ 13.990731923428404, 48.279896256225307 ], [ 13.990773913757176, 48.279912930744111 ], [ 13.990801409398419, 48.279923750040766 ], [ 13.990795924137425, 48.27992692951242 ], [ 13.990792848597865, 48.279928835976776 ], [ 13.990707774980706, 48.279979332456072 ], [ 13.990688646756038, 48.279990685084044 ], [ 13.990571603400431, 48.280060162975914 ], [ 13.990415099321256, 48.280153072365763 ], [ 13.990032609023867, 48.280354395380876 ], [ 13.989955344773312, 48.28039378258115 ], [ 13.98963597822352, 48.280556786395351 ], [ 13.989399913028004, 48.280678299506 ], [ 13.989287572153007, 48.28073623514026 ], [ 13.98925110513651, 48.280761988339286 ], [ 13.989220510748487, 48.280783210602742 ], [ 13.989077049732543, 48.280884770371912 ], [ 13.988937997808531, 48.280983336552637 ], [ 13.988887505401031, 48.281019063862104 ], [ 13.988717996129393, 48.281139121029774 ], [ 13.98863917338277, 48.281193988596158 ], [ 13.988148464201259, 48.281535526914688 ], [ 13.987690103414389, 48.281803027045086 ], [ 13.987611836582776, 48.281848715222424 ], [ 13.987606874089749, 48.281850632211317 ], [ 13.987594265139007, 48.281855380844448 ], [ 13.987462415757049, 48.281905688128248 ], [ 13.987446454656293, 48.281911804936065 ], [ 13.987217601351071, 48.282039659837977 ], [ 13.987184143509404, 48.282058378864029 ], [ 13.987154967534631, 48.282074644998417 ], [ 13.987119234501526, 48.282094636178741 ], [ 13.987084572766163, 48.282114081590535 ], [ 13.986843222762435, 48.282298498481076 ], [ 13.986810786240806, 48.282323418640587 ], [ 13.986798103574889, 48.282333025237037 ], [ 13.986697986350272, 48.282409600539694 ], [ 13.986667875724427, 48.282426591446395 ], [ 13.986590523214765, 48.282470114830851 ], [ 13.986370110376983, 48.282594322370635 ], [ 13.98612279727751, 48.282733703104491 ], [ 13.986076492599487, 48.282759780335994 ], [ 13.986015158436881, 48.282812478948273 ], [ 13.985899155690582, 48.282912081486579 ], [ 13.985846754421061, 48.28295708362328 ], [ 13.985796752856942, 48.283000003284776 ], [ 13.98553342164743, 48.282937790726081 ], [ 13.985526662836362, 48.282936209401612 ], [ 13.985430685047547, 48.282913538671799 ], [ 13.985243817912528, 48.282972697582977 ], [ 13.985123401963481, 48.283010883970064 ], [ 13.984774772746418, 48.283121503605322 ], [ 13.984500752104886, 48.283195362338859 ], [ 13.984087973319745, 48.283306608774282 ], [ 13.983944599708236, 48.283341324084795 ], [ 13.983733501663815, 48.283392340070307 ], [ 13.983661353672129, 48.283410554689112 ], [ 13.982662256921017, 48.283692120386199 ], [ 13.982506529150713, 48.28377368005625 ], [ 13.982395649454061, 48.283917149030472 ], [ 13.982224582146619, 48.284022362390935 ], [ 13.982048491685067, 48.284092430649125 ], [ 13.981927263788416, 48.284109208651877 ], [ 13.981846938935425, 48.284120361179149 ], [ 13.981435344906597, 48.28414415413372 ], [ 13.981402494295807, 48.284147035801396 ], [ 13.981014740002534, 48.284180319781129 ], [ 13.980659669940287, 48.28427297157782 ], [ 13.980859814260334, 48.28465003337184 ], [ 13.981015131312287, 48.284945034497419 ], [ 13.981072977646797, 48.285054818734295 ], [ 13.98126311508989, 48.285417992262907 ], [ 13.981269881012336, 48.285430908260963 ], [ 13.981430980312583, 48.285735231994273 ], [ 13.981388253851989, 48.285724495336815 ], [ 13.981362024069815, 48.28571798467776 ], [ 13.981291986291243, 48.285700473475345 ], [ 13.981008860465261, 48.28562963519979 ], [ 13.980805925933996, 48.285579849521334 ], [ 13.980717099660362, 48.285558034678658 ], [ 13.980645334949351, 48.28554251173064 ], [ 13.980520050895823, 48.285515412240599 ], [ 13.979945431850604, 48.285426492018601 ], [ 13.979257811607232, 48.285333248763969 ], [ 13.979003748467534, 48.285528424265109 ], [ 13.978995871789472, 48.285534495030433 ], [ 13.978774515398804, 48.285704480722785 ], [ 13.978586998514485, 48.285788640166707 ], [ 13.978499472232722, 48.285827896579178 ], [ 13.978213065569289, 48.285937251657323 ], [ 13.978171077455595, 48.285953316628138 ], [ 13.978132431875302, 48.285967204115408 ], [ 13.977964782270403, 48.28605584019332 ], [ 13.977942954594102, 48.286067295582328 ], [ 13.978016008808799, 48.286078135334115 ], [ 13.978215186570823, 48.286107706577134 ], [ 13.978783958760093, 48.286192169972317 ], [ 13.979053440463563, 48.28622809646744 ], [ 13.979209513282683, 48.286248909619488 ], [ 13.979738520405192, 48.286322074719514 ], [ 13.980097674329174, 48.28637180360387 ], [ 13.980245399635846, 48.286393291463099 ], [ 13.980613091609172, 48.286446659488419 ], [ 13.9807333667497, 48.286525781339265 ], [ 13.980771828096335, 48.286551114846709 ], [ 13.98075602883435, 48.286570363393558 ], [ 13.980684461970922, 48.286657119375086 ], [ 13.980559489095224, 48.286881805106333 ], [ 13.980519447486071, 48.286978190813691 ], [ 13.980531830333767, 48.28697677259764 ], [ 13.980573824187422, 48.286971951252966 ], [ 13.981569311021421, 48.287031627609785 ], [ 13.982376492388088, 48.287079932069659 ], [ 13.982604417685273, 48.287068945208965 ], [ 13.982691573827186, 48.287064770644093 ], [ 13.982745365504869, 48.287065639860025 ], [ 13.983025649910536, 48.287070282151177 ], [ 13.98330269579855, 48.287106876252096 ], [ 13.983312821191387, 48.287108169031441 ], [ 13.98336993225244, 48.287115766119463 ], [ 13.9835197476924, 48.287153160379056 ], [ 13.983869814720277, 48.287240620019219 ], [ 13.983884146560046, 48.287244138132117 ], [ 13.983919252583947, 48.287248979386732 ], [ 13.984233580695218, 48.287291839651175 ], [ 13.984440822429317, 48.287297426857442 ], [ 13.984574024174668, 48.287321239411973 ], [ 13.984733705146548, 48.287349851161281 ], [ 13.984774773310434, 48.287357177549772 ], [ 13.98490475954415, 48.287339627949194 ], [ 13.985181014117966, 48.287302368108037 ], [ 13.985264209158665, 48.287251166794803 ], [ 13.985308883923024, 48.287223749751533 ], [ 13.98532235059551, 48.287222774733017 ], [ 13.985792862677849, 48.287187663191695 ], [ 13.985955828480362, 48.287230917686188 ], [ 13.986097968189995, 48.287268711514471 ], [ 13.986139216583801, 48.28727963465392 ], [ 13.986145707552645, 48.287281307402026 ], [ 13.986164777254654, 48.287286417862582 ], [ 13.986245740247156, 48.287261405579038 ], [ 13.986319721806842, 48.28723859136354 ], [ 13.986585284291982, 48.287294222841894 ], [ 13.98663177449124, 48.287303946949905 ], [ 13.98664015353404, 48.287305699025815 ], [ 13.986652316625117, 48.287308239459136 ], [ 13.987074503120926, 48.287395734317101 ], [ 13.987465204783589, 48.287455518272907 ], [ 13.987601331125775, 48.28746527778484 ], [ 13.987674453695217, 48.287470533831858 ], [ 13.988435318995316, 48.287489911031962 ], [ 13.988629350633277, 48.287506000067175 ], [ 13.989051013347215, 48.287541046335754 ], [ 13.989200039998421, 48.287558287593143 ], [ 13.989562615626115, 48.287600051931896 ], [ 13.990100917367062, 48.287649189329585 ], [ 13.990140322415586, 48.287652835017958 ], [ 13.990174328251729, 48.287655881479111 ], [ 13.990376613480498, 48.287674349830482 ], [ 13.990416957472613, 48.287677630299086 ], [ 13.990805831048537, 48.287709706919692 ], [ 13.991007493117483, 48.287721520947464 ], [ 13.991293596780945, 48.287738254538908 ], [ 13.991340384073807, 48.287760658901291 ], [ 13.991345537737333, 48.28776314852778 ], [ 13.991472077834461, 48.287729059158039 ], [ 13.991670619294249, 48.28767558156229 ], [ 13.991675185850108, 48.287674296339929 ], [ 13.991870612391752, 48.287789413753842 ], [ 13.992054713558929, 48.287808791712145 ], [ 13.992090346132558, 48.287812548054262 ], [ 13.992447190410456, 48.288124024248162 ], [ 13.992666240344176, 48.288188631098976 ], [ 13.992766091950674, 48.288218110596745 ], [ 13.992801831306107, 48.288230232033541 ], [ 13.992878152412871, 48.288433729905634 ], [ 13.992750737951843, 48.288611035818903 ], [ 13.992609047080665, 48.288693968591097 ], [ 13.992488696654565, 48.288801518217014 ], [ 13.992453377045003, 48.288833022998617 ], [ 13.992450712254177, 48.288835466906853 ], [ 13.992415516551583, 48.288897915859373 ], [ 13.992515498417534, 48.288979929171205 ], [ 13.992543286190241, 48.28900271054615 ], [ 13.992555689788068, 48.289002910144859 ], [ 13.992693667451853, 48.289030644448601 ], [ 13.99284394385325, 48.289060917609277 ], [ 13.993132812367046, 48.288923626265621 ], [ 13.993352547135313, 48.28882999521884 ], [ 13.993372345482008, 48.288828713488726 ], [ 13.99348682703949, 48.288821407305115 ], [ 13.993499770158095, 48.288832218558888 ], [ 13.9935174788477, 48.288846780928516 ], [ 13.993831804401335, 48.288676509415922 ], [ 13.994029721995226, 48.288595144979332 ], [ 13.994213356541476, 48.28853536082886 ], [ 13.99431497324119, 48.288502309493396 ], [ 13.994326972417968, 48.288523650882134 ], [ 13.994415773241787, 48.288669415013615 ], [ 13.994537309575048, 48.288961531518794 ], [ 13.994607791980126, 48.289192767887549 ], [ 13.994637195921994, 48.289289303558768 ], [ 13.994764123990972, 48.289792426028875 ], [ 13.994842752936339, 48.290249855317782 ], [ 13.994856622607045, 48.290322640857163 ], [ 13.994872085216796, 48.290404053115736 ], [ 13.994878725250452, 48.290438468525423 ], [ 13.994957901637429, 48.290854154923721 ], [ 13.994961222284656, 48.290871407597749 ], [ 13.994968450977096, 48.290909687757832 ], [ 13.995126767076927, 48.29153731007063 ], [ 13.99512918143656, 48.29154692163069 ], [ 13.995151900202618, 48.291637018279147 ], [ 13.995298229957596, 48.292127975295116 ], [ 13.995416658769487, 48.292407964160837 ], [ 13.995726131131731, 48.292953584977361 ], [ 13.99594548908008, 48.293282834281648 ], [ 13.995968579855175, 48.293317515747397 ], [ 13.99600541594266, 48.293372898756829 ], [ 13.996069853094312, 48.29336236678531 ], [ 13.996329890662198, 48.293320045588175 ], [ 13.996751914178045, 48.293431794539686 ], [ 13.99694737258085, 48.293525763519966 ], [ 13.997219739459792, 48.29365662515864 ], [ 13.997981082041447, 48.293958039547 ], [ 13.998505271765906, 48.294088719050649 ], [ 13.998543409379236, 48.294098216296405 ], [ 13.998391625561394, 48.294298516096333 ], [ 13.998364980207105, 48.294333661218744 ], [ 13.998043128675176, 48.294780511887858 ], [ 13.997784253796841, 48.295092697875212 ], [ 13.9975767732174, 48.29531292486449 ], [ 13.9976709722799, 48.295299793342373 ], [ 13.99779267584478, 48.295328963880607 ], [ 13.997904914646748, 48.295355939444505 ], [ 13.997961118705536, 48.295365513622002 ], [ 13.998058798969092, 48.295382047343871 ], [ 13.998460784458686, 48.295506498398119 ], [ 13.99888677583319, 48.295600045874842 ], [ 13.999079694545401, 48.295642301157088 ], [ 13.999362123508428, 48.295694658680446 ], [ 13.999504645410218, 48.295686196689623 ], [ 13.999613891959511, 48.295700503961385 ], [ 13.99984461574409, 48.29573669440159 ], [ 14.000022116803374, 48.295764553529054 ], [ 14.000115142204395, 48.295754485256836 ], [ 14.000214493993562, 48.295743661010917 ], [ 14.000301448769495, 48.295754227273058 ], [ 14.000766196720903, 48.295810573904419 ], [ 14.001170268174475, 48.295876442394871 ], [ 14.001298069287627, 48.295897298348976 ], [ 14.001855833635373, 48.295994936216054 ], [ 14.001900557695199, 48.296002775325043 ], [ 14.002587775572476, 48.296102814399475 ], [ 14.002799740061763, 48.296126692964343 ], [ 14.003009273645356, 48.296150225308821 ], [ 14.00305052331116, 48.296149987939451 ], [ 14.003063330742469, 48.296150004192548 ], [ 14.003064374698173, 48.296011735969664 ], [ 14.003064605821921, 48.295987896325833 ], [ 14.003065064523042, 48.295929512305356 ], [ 14.003067680919626, 48.295610423637001 ], [ 14.003032337794355, 48.295222737087869 ], [ 14.003032430744206, 48.295219498139517 ], [ 14.003032638731685, 48.295214729278342 ], [ 14.003384415107289, 48.295281610663807 ], [ 14.003601212142128, 48.29531454548593 ], [ 14.003740071160518, 48.295335694898178 ], [ 14.0039226027053, 48.295377192411834 ], [ 14.003972630342982, 48.295388598402631 ], [ 14.004055103353515, 48.295407013857286 ], [ 14.004166643629834, 48.295431828488013 ], [ 14.004358359798179, 48.295474621716636 ], [ 14.004457866950888, 48.295496716817098 ], [ 14.004561343652179, 48.295513031757999 ], [ 14.004729527713707, 48.295539588120832 ], [ 14.004957826763146, 48.295575692481528 ], [ 14.00556057564534, 48.295680159538243 ], [ 14.005636915922302, 48.295693391855863 ], [ 14.005656238067534, 48.295696788513816 ], [ 14.005718339016083, 48.295703536255353 ], [ 14.005759379408216, 48.295707976842159 ], [ 14.006277782814887, 48.295763901523287 ], [ 14.006519393244302, 48.295734887711035 ], [ 14.006532583944455, 48.295733282157968 ], [ 14.006659595964216, 48.295714016451747 ], [ 14.006746212632278, 48.295708837574068 ], [ 14.006814240689632, 48.295704845677164 ], [ 14.007004357095914, 48.295499905122043 ], [ 14.007009802181445, 48.295452106987312 ], [ 14.007011977172333, 48.295432753865164 ], [ 14.007051240798978, 48.295424970270943 ], [ 14.007091446850314, 48.295417091251338 ], [ 14.007119393030473, 48.295409822934666 ], [ 14.007146400275657, 48.295402919871421 ], [ 14.007181828328438, 48.295400825666093 ], [ 14.00726117336669, 48.295396318197113 ], [ 14.007305479544209, 48.295392733246132 ], [ 14.007339954618136, 48.295389924863841 ], [ 14.007382912776956, 48.29538634769046 ], [ 14.007387492493201, 48.295386051297086 ], [ 14.007397325929411, 48.295385454605956 ], [ 14.00742022333915, 48.29538388268525 ], [ 14.007452626783239, 48.29539799799084 ], [ 14.007499672995515, 48.295418505293533 ], [ 14.007556209145843, 48.295443095573013 ], [ 14.007570285791115, 48.295447421862782 ], [ 14.007687597173454, 48.295480475644553 ], [ 14.007708164190012, 48.295486293560295 ], [ 14.007744426667562, 48.295496518316298 ], [ 14.008010621031664, 48.295616326010389 ], [ 14.008629510660688, 48.295955378752325 ], [ 14.008697943380238, 48.295992763149286 ], [ 14.008890531985285, 48.296102021329354 ], [ 14.009188583607934, 48.296265899734287 ], [ 14.009326895508339, 48.296131062053625 ], [ 14.00933218200389, 48.296122935310372 ], [ 14.009336676110538, 48.296116072552969 ], [ 14.009444388948125, 48.295950557558179 ], [ 14.009472405986804, 48.295907395835222 ], [ 14.009487604232476, 48.295884008939204 ], [ 14.009463149727845, 48.29586957814886 ], [ 14.009957643862, 48.295260670736248 ], [ 14.01003340147134, 48.295167305704332 ], [ 14.01005569079134, 48.295139829471267 ], [ 14.010277583822015, 48.295222018143768 ], [ 14.01029641272388, 48.295228925186379 ], [ 14.010621664835279, 48.295318248139615 ], [ 14.010713395900055, 48.295343441668479 ], [ 14.010911383844201, 48.295391225170377 ], [ 14.011123842907487, 48.295442522297378 ], [ 14.011489473391745, 48.295506060157621 ], [ 14.01153906191932, 48.295514676830194 ], [ 14.011811595043996, 48.295541334481669 ], [ 14.012027839778231, 48.29556247263227 ], [ 14.012088988360796, 48.295568502886603 ], [ 14.012380882319981, 48.295601433164926 ], [ 14.012653575965393, 48.295660831901415 ], [ 14.012690620046095, 48.295668891616202 ], [ 14.013176610468605, 48.29578146720845 ], [ 14.013246269655935, 48.295788796480799 ], [ 14.013383022134059, 48.295803110070331 ], [ 14.0134008419392, 48.29580498497284 ], [ 14.013417582150836, 48.29580677622544 ], [ 14.013595996934786, 48.295811220802179 ], [ 14.013776029370902, 48.295815655647687 ], [ 14.014237841223117, 48.295842280280844 ], [ 14.014397311795017, 48.295851602136274 ], [ 14.015305828772979, 48.295904123573337 ], [ 14.015414156478231, 48.295909695698278 ], [ 14.015511152546946, 48.29591470445326 ], [ 14.01574750456872, 48.295926902156005 ], [ 14.015796436098537, 48.295957200276639 ], [ 14.015806285452916, 48.295978282185679 ], [ 14.015833479132793, 48.296036774044602 ], [ 14.015849668674052, 48.296232153543379 ], [ 14.015843913160294, 48.29645024068239 ], [ 14.015840760113681, 48.296569091063617 ], [ 14.015835744008657, 48.296710261453413 ], [ 14.015824757639988, 48.296858753281647 ], [ 14.015824289506744, 48.296864153386764 ], [ 14.015820518628679, 48.296915630330041 ], [ 14.01581015889596, 48.296968405293939 ], [ 14.015763457608378, 48.297179176160597 ], [ 14.015749391967049, 48.297339560196001 ], [ 14.015747574424344, 48.297539363073895 ], [ 14.015772197210797, 48.297709685255342 ], [ 14.015774250112782, 48.2977120120728 ], [ 14.015800513294758, 48.297740733934518 ], [ 14.015984491190585, 48.297941786000287 ], [ 14.016099106512808, 48.298004712530144 ], [ 14.016158117802217, 48.298001757603821 ], [ 14.016196245786269, 48.297999824737964 ], [ 14.01620769730604, 48.297999217811984 ], [ 14.016259836960673, 48.297996573020477 ], [ 14.017075336313125, 48.298128338082847 ], [ 14.017206831921914, 48.298152393337695 ], [ 14.017276155742012, 48.298164669762826 ], [ 14.017343588722342, 48.298176687391702 ], [ 14.017441437832387, 48.298194913073502 ], [ 14.017552801083934, 48.298256417999823 ], [ 14.017567362146226, 48.298266677331085 ], [ 14.017626287621551, 48.298308250368336 ], [ 14.0176481972589, 48.298323683928622 ], [ 14.017721653172694, 48.298393597564647 ], [ 14.017787557625432, 48.29846337565138 ], [ 14.017818458081615, 48.29849602784833 ], [ 14.017858467476334, 48.298544638622836 ], [ 14.017915466591525, 48.298613839319927 ], [ 14.017992280293061, 48.298733748539185 ], [ 14.018026696976792, 48.298787609597923 ], [ 14.01806843407755, 48.298864906079579 ], [ 14.018090546869255, 48.298905885848221 ], [ 14.018167959371736, 48.299020034238758 ], [ 14.018227816137831, 48.299101362011626 ], [ 14.018239350651241, 48.299117216335695 ], [ 14.018267996125244, 48.299142415335609 ], [ 14.018309316493827, 48.29918813964256 ], [ 14.018401190835768, 48.299264151396933 ], [ 14.018521670734351, 48.299331718731139 ], [ 14.01866372309302, 48.299399338828486 ], [ 14.018896340932578, 48.299484686381255 ], [ 14.018979753964024, 48.299501916339523 ], [ 14.019080470521454, 48.299522642525993 ], [ 14.019150653108801, 48.299538511019144 ], [ 14.019290074732046, 48.299570253440073 ], [ 14.019327166700377, 48.299581639140342 ], [ 14.019362769803399, 48.299592583825046 ], [ 14.01941191005602, 48.299607676630458 ], [ 14.019448330402071, 48.299619246163154 ], [ 14.019675652521544, 48.299691399861509 ], [ 14.019712578868969, 48.299700447561918 ], [ 14.019727187399054, 48.299704049603079 ], [ 14.019756268461846, 48.299711164526052 ], [ 14.01988504197068, 48.299743058991986 ], [ 14.019898406228563, 48.29974432949723 ], [ 14.020195789175164, 48.299772170385864 ], [ 14.020229520790771, 48.299774130257738 ], [ 14.020233299103927, 48.299774377826836 ], [ 14.020301437595998, 48.299778383509455 ], [ 14.020449976562865, 48.29977570756521 ], [ 14.020463320564399, 48.299775448874406 ], [ 14.020507801363854, 48.299774646526672 ], [ 14.020549855546168, 48.2997738584899 ], [ 14.020600401689071, 48.299772930337859 ], [ 14.020704050623902, 48.299770699045098 ], [ 14.020713647333341, 48.299772531442976 ], [ 14.020723514860741, 48.299774452196566 ], [ 14.020778716212913, 48.299778893829746 ], [ 14.020858886440806, 48.299785346887191 ], [ 14.020881255685973, 48.29978449509909 ], [ 14.020896213850879, 48.299783956955416 ], [ 14.020924315624953, 48.299788378694629 ], [ 14.020942149009441, 48.299791151928872 ], [ 14.020926426496082, 48.299845848069154 ], [ 14.020856310340134, 48.30013987843536 ], [ 14.020825284894848, 48.300260602638623 ], [ 14.020797540088427, 48.300364395737098 ], [ 14.020793430135102, 48.300379802474446 ], [ 14.020763295507521, 48.300476233289501 ], [ 14.020673524454571, 48.300762463422885 ], [ 14.020525067178713, 48.301066311483716 ], [ 14.020452217667314, 48.301215528606761 ], [ 14.020113083969393, 48.301832558443849 ], [ 14.019938460370254, 48.302176860190961 ], [ 14.019874088072878, 48.302325037342818 ], [ 14.019812757847065, 48.302468788670559 ], [ 14.019854824952215, 48.302468810424841 ], [ 14.019861700721469, 48.302468769869897 ], [ 14.019884352698057, 48.302468816171803 ], [ 14.019989251419187, 48.302468917029493 ], [ 14.020211992679194, 48.302469132032911 ], [ 14.020382914507, 48.30247612931894 ], [ 14.020544123445353, 48.302482733921785 ], [ 14.020941008122126, 48.302499010844805 ], [ 14.021128966196713, 48.302499429573054 ], [ 14.021233596538343, 48.302499620852089 ], [ 14.021231690095165, 48.302508357835841 ], [ 14.021226986019851, 48.302529795127029 ], [ 14.021297813843983, 48.302532974747407 ], [ 14.021287612350728, 48.302577023449516 ], [ 14.021263676308338, 48.302734137854493 ], [ 14.021238127190031, 48.302901786608381 ], [ 14.021217543188959, 48.303037201817325 ], [ 14.021212857101455, 48.303070153341508 ], [ 14.021193627147552, 48.303206010312813 ], [ 14.021179565193227, 48.303304595027306 ], [ 14.02115575506687, 48.303471243929479 ], [ 14.021147616309703, 48.30352850391386 ], [ 14.021126458849073, 48.303529348581833 ], [ 14.021117434916608, 48.303601186632392 ], [ 14.02110758281388, 48.303661425275777 ], [ 14.02110495931688, 48.30367709308603 ], [ 14.021107827705183, 48.303690029771779 ], [ 14.021129104453262, 48.303789575068393 ], [ 14.021149231668929, 48.303832994737768 ], [ 14.021169938691319, 48.303869304469494 ], [ 14.021181100308567, 48.303867079572171 ], [ 14.021377981303409, 48.303828314428301 ], [ 14.021655819552317, 48.303773597837505 ], [ 14.02171014915641, 48.303762841672658 ], [ 14.021758831738387, 48.303753288306616 ], [ 14.021787745626103, 48.303747629990546 ], [ 14.022255776598264, 48.303658323318771 ], [ 14.022530946484713, 48.303605869314083 ], [ 14.022640959157901, 48.303584797900477 ], [ 14.02267552460196, 48.303578296291434 ], [ 14.023244691622908, 48.30346985571763 ], [ 14.023312691324112, 48.30328081527464 ], [ 14.023329986433128, 48.303232946203181 ], [ 14.023338308303767, 48.303209868177156 ], [ 14.023361671695488, 48.303121572954346 ], [ 14.023412383582029, 48.302930386009798 ], [ 14.023465656098082, 48.30272901883157 ], [ 14.02346719365825, 48.302722982672755 ], [ 14.023466417718467, 48.302715341025696 ], [ 14.023902021105084, 48.302733087456765 ], [ 14.024019252507035, 48.302737879178835 ], [ 14.024331419486213, 48.30275059922954 ], [ 14.024535318841192, 48.302743181623008 ], [ 14.024580060962579, 48.302741566581005 ], [ 14.024844806993704, 48.302706710345667 ], [ 14.025290259877975, 48.302634077370463 ], [ 14.025974377628005, 48.302552646308264 ], [ 14.026701095999268, 48.302390356961183 ], [ 14.026844949867764, 48.302359454661214 ], [ 14.026964068054342, 48.302344082051597 ], [ 14.027071802471482, 48.302334444391903 ], [ 14.027229959180428, 48.302344656171357 ], [ 14.027427759209571, 48.302395381366956 ], [ 14.027580236223205, 48.302434502388337 ], [ 14.027588759939496, 48.302436700445554 ], [ 14.027682008669215, 48.302301929992424 ], [ 14.027699928090041, 48.3022707883027 ], [ 14.027799139921921, 48.302098110725417 ], [ 14.027912164470392, 48.301899803136365 ], [ 14.027917162360959, 48.301900492958971 ], [ 14.027936207790946, 48.301903077981571 ], [ 14.028048135288337, 48.301723577577292 ], [ 14.028074522155769, 48.301680421139928 ], [ 14.028195500108865, 48.301482155712065 ], [ 14.028203284178948, 48.301469425452098 ], [ 14.028233100006316, 48.30142058127656 ], [ 14.028265420579565, 48.301367494207391 ], [ 14.02828492092412, 48.30133364429372 ], [ 14.028323784308029, 48.301265765362615 ], [ 14.028352479149465, 48.301213779385776 ], [ 14.028355505984775, 48.301198198929825 ], [ 14.028362941266101, 48.301159473466129 ], [ 14.028368346833039, 48.301150355634555 ], [ 14.028453126492598, 48.301007718912814 ], [ 14.028486746460194, 48.300951025770914 ], [ 14.028500590664796, 48.300927734443846 ], [ 14.028504992488607, 48.300924199870202 ], [ 14.028540601846661, 48.300895201269206 ], [ 14.02856714080135, 48.300853393131582 ], [ 14.028678454962199, 48.300678753303096 ], [ 14.028712654770841, 48.30062511512503 ], [ 14.028891395003715, 48.300331060425577 ], [ 14.028938353647524, 48.300253687493075 ], [ 14.028970803961219, 48.300200329550194 ], [ 14.029146742823292, 48.299908719944931 ], [ 14.029182087300708, 48.29985003722534 ], [ 14.029335670117971, 48.299600570402802 ], [ 14.029400850748971, 48.299494752131963 ], [ 14.029406394396009, 48.29948590328604 ], [ 14.029428428112178, 48.299450058961646 ], [ 14.029456005427845, 48.299405365783997 ], [ 14.029514061697746, 48.299311194379079 ], [ 14.029630310193458, 48.299133015688348 ], [ 14.029699645773803, 48.299025463200046 ], [ 14.029745209792992, 48.298954844934734 ], [ 14.029793638540935, 48.298886728276138 ], [ 14.029909420274372, 48.298724114457521 ], [ 14.029936673383366, 48.298685450145101 ], [ 14.029963399309221, 48.298647688541614 ], [ 14.030182752479726, 48.298357076638112 ], [ 14.030373317983877, 48.298131495034824 ], [ 14.030385926256423, 48.298116666722152 ], [ 14.030405464646442, 48.298095859798785 ], [ 14.030716099447183, 48.29776628877876 ], [ 14.031175458864523, 48.297288477048312 ], [ 14.031421294559919, 48.297063191856552 ], [ 14.031428486766421, 48.297056671873364 ], [ 14.031470713301392, 48.29701881690935 ], [ 14.031615385830563, 48.296859896017821 ], [ 14.031790516475496, 48.296890329782329 ], [ 14.031932572642351, 48.296747436379896 ], [ 14.032205110032821, 48.296473232914543 ], [ 14.032622713674504, 48.296039924255616 ], [ 14.032838149754507, 48.295810590596801 ], [ 14.032926131447764, 48.295716957067867 ], [ 14.032943941001365, 48.295698049159284 ], [ 14.032957762371849, 48.295683303208968 ], [ 14.033005607011434, 48.295632370227736 ], [ 14.033242570166387, 48.295410102837728 ], [ 14.033313903408693, 48.295341576948125 ], [ 14.03334783760617, 48.295308808684105 ], [ 14.033468415820078, 48.295193299190409 ], [ 14.033603550509, 48.295067626875721 ], [ 14.033788596405852, 48.294924382399977 ], [ 14.033910671711062, 48.294830003129135 ], [ 14.034306337196332, 48.294560810327461 ], [ 14.034600686048282, 48.294385961134935 ], [ 14.034625853952504, 48.294372945726842 ], [ 14.034879403632505, 48.294241610630294 ], [ 14.034902162093386, 48.294229869073597 ], [ 14.035155802165296, 48.294115264685892 ], [ 14.035293005789855, 48.294053266899567 ], [ 14.035648614618637, 48.293912948509046 ], [ 14.035670215671566, 48.293905351773887 ], [ 14.035982962709811, 48.293795516330718 ], [ 14.036177640669193, 48.293727143379314 ], [ 14.036216816880156, 48.293713323365978 ], [ 14.036340763118496, 48.293667956356018 ], [ 14.036596701178116, 48.293574114798929 ], [ 14.037036749401384, 48.293418169131662 ], [ 14.037267374894602, 48.293336713197846 ], [ 14.037698303181578, 48.293184508366295 ], [ 14.038004480688176, 48.293077945600068 ], [ 14.038258062392952, 48.292989691895926 ], [ 14.038470421861682, 48.29291347169827 ], [ 14.038764076295012, 48.292808152215869 ], [ 14.039072570320382, 48.292693836305723 ], [ 14.039178799785208, 48.292654510788402 ], [ 14.039258739526353, 48.292624880027589 ], [ 14.039278724447369, 48.292617472328779 ], [ 14.039332240971781, 48.292597627136466 ], [ 14.039347932102507, 48.292591684776795 ], [ 14.039351551906703, 48.292590223513777 ], [ 14.039613667405925, 48.292495438176545 ], [ 14.039822258476137, 48.292419957995456 ], [ 14.03996500207694, 48.29237942055024 ], [ 14.040048929656962, 48.292355612190725 ], [ 14.040075579442373, 48.292362466948539 ], [ 14.040252658303547, 48.292407988827911 ], [ 14.040602204791893, 48.292556182131499 ], [ 14.040646271532928, 48.292574895108572 ], [ 14.040866184990994, 48.292736379391215 ], [ 14.04094853864383, 48.292962568816385 ], [ 14.04097028761395, 48.293133713557417 ], [ 14.041046214429239, 48.29330380917375 ], [ 14.041059007427121, 48.293332427464165 ], [ 14.041101982167177, 48.293429049142013 ], [ 14.041183414594474, 48.293706069306104 ], [ 14.041178101785183, 48.293790840527777 ], [ 14.04117398544216, 48.293854644634052 ], [ 14.041165447855743, 48.293989541161174 ], [ 14.041150444707888, 48.294223518957331 ], [ 14.041087883457097, 48.294420184208043 ], [ 14.040984257125384, 48.294650293003663 ], [ 14.040935112914465, 48.294911465192975 ], [ 14.040931145753959, 48.295134311135094 ], [ 14.040923646425298, 48.295345304298323 ], [ 14.040919493718055, 48.295475586286599 ], [ 14.040908523892776, 48.295531156024239 ], [ 14.040825165732368, 48.295745129104226 ], [ 14.040812450782312, 48.29576175835777 ], [ 14.040630694411909, 48.295996659511111 ], [ 14.040381824403166, 48.296233407398084 ], [ 14.040078382981049, 48.296413094021943 ], [ 14.039913789847196, 48.296522940490625 ], [ 14.039845500811452, 48.296745007277394 ], [ 14.039860630997017, 48.297004349241597 ], [ 14.039945834257352, 48.297261376678186 ], [ 14.040037665375111, 48.297480402258365 ], [ 14.040168983240903, 48.297698288383543 ], [ 14.040339563350939, 48.298125803683192 ], [ 14.040407760227319, 48.298311958554024 ], [ 14.040435518493954, 48.298429452618265 ], [ 14.040481875883055, 48.298615650152101 ], [ 14.040450180411478, 48.298861692969957 ], [ 14.040386235187761, 48.298967420132712 ], [ 14.040357627098141, 48.299014910868038 ], [ 14.040283369782152, 48.299056561859885 ], [ 14.040134987148326, 48.299139682983238 ], [ 14.04005190887189, 48.299157369095013 ], [ 14.039918552609841, 48.299185705348783 ], [ 14.039773023949977, 48.299201341556909 ], [ 14.039755523150458, 48.299203246902358 ], [ 14.03953387301785, 48.299183182430049 ], [ 14.039287324854163, 48.299166327067105 ], [ 14.039171872201868, 48.299182769611868 ], [ 14.039117242194214, 48.299190657218496 ], [ 14.039035947873698, 48.299210670644513 ], [ 14.038966403968629, 48.299242127161392 ], [ 14.038851208852792, 48.299346814802497 ], [ 14.038826031597722, 48.299428557636901 ], [ 14.038923742892901, 48.299534923169283 ], [ 14.039270359163243, 48.299731984244609 ], [ 14.039357985618143, 48.299899580742292 ], [ 14.039361583880114, 48.299906395580877 ], [ 14.039434048350616, 48.30013867247893 ], [ 14.039463746532418, 48.300200741941524 ], [ 14.03951567049638, 48.300251432032404 ], [ 14.039530702201121, 48.30026618358859 ], [ 14.039588645122436, 48.300323224010711 ], [ 14.039668642299977, 48.300366187369434 ], [ 14.039700015916821, 48.300382998676461 ], [ 14.039805690369679, 48.300430393867963 ], [ 14.04015148169834, 48.300497110906299 ], [ 14.040276118522142, 48.300521181840438 ], [ 14.040339178354481, 48.300528265167728 ], [ 14.040413446149966, 48.30053662971504 ], [ 14.040568783857864, 48.300607201049019 ], [ 14.040610298421822, 48.300626109438568 ], [ 14.040710157925245, 48.300731380927665 ], [ 14.040694012426856, 48.300881975618765 ], [ 14.040689376191928, 48.300888030853685 ], [ 14.040595998064513, 48.301010668733248 ], [ 14.040452747905338, 48.301144224343517 ], [ 14.040434566475321, 48.301155579310262 ], [ 14.040102736494237, 48.301361525177285 ], [ 14.039891428909318, 48.301606229225811 ], [ 14.039851078829384, 48.301652981445763 ], [ 14.039841679792717, 48.301665722303085 ], [ 14.039790327569404, 48.301736199726754 ], [ 14.039707998943058, 48.301937751180724 ], [ 14.039655448281669, 48.302108266934212 ], [ 14.039678704274701, 48.302271306073202 ], [ 14.040076429459676, 48.302803500534395 ], [ 14.040188755964612, 48.30315031856189 ], [ 14.040197401009817, 48.303615968302452 ], [ 14.040173198412491, 48.30385809689448 ], [ 14.040208223183001, 48.304092939184741 ], [ 14.040256136391593, 48.304205093179348 ], [ 14.040322397112325, 48.304268559488385 ], [ 14.040343845468808, 48.304289029132256 ], [ 14.040747114600178, 48.304465231567541 ], [ 14.040873801131161, 48.304460953293962 ], [ 14.040899003365308, 48.304460080452564 ], [ 14.041062214737615, 48.3044151897125 ], [ 14.041257530683367, 48.304361467718884 ], [ 14.041485220649788, 48.304298912669132 ], [ 14.041873408301351, 48.30422980304693 ], [ 14.042377537881254, 48.304139925742199 ], [ 14.042509953785434, 48.30410115763371 ], [ 14.042866425741432, 48.30394147228936 ], [ 14.043194791626494, 48.303738148654347 ], [ 14.043333002627351, 48.303659943512137 ], [ 14.043480112149069, 48.303621084653678 ], [ 14.043699061197124, 48.303590153116382 ], [ 14.04394020863629, 48.303514377497038 ], [ 14.045200497300335, 48.303839774977241 ], [ 14.045402169035924, 48.303867336369706 ], [ 14.045614659914966, 48.303896261510587 ], [ 14.045732257117706, 48.30390768591154 ], [ 14.045804354912981, 48.303914710984422 ], [ 14.045822706834354, 48.303915768081879 ], [ 14.045837685723377, 48.303916665911252 ], [ 14.04600515122198, 48.30392661534642 ], [ 14.046289749084078, 48.303943583380594 ], [ 14.046452155881815, 48.303958240873172 ], [ 14.046537747236737, 48.303965992429347 ], [ 14.046697476644161, 48.3040016257453 ], [ 14.046778897464094, 48.304019837585884 ], [ 14.047024419210089, 48.304116924302392 ], [ 14.047052451691282, 48.304135553237359 ], [ 14.047131103046389, 48.304187605288398 ], [ 14.047308422632149, 48.30431569467445 ], [ 14.047413320139796, 48.304432803676121 ], [ 14.047482511162473, 48.304561466113306 ], [ 14.047525998851205, 48.304713314956253 ], [ 14.047568207651079, 48.304860403952524 ], [ 14.04724552094679, 48.305073960038712 ], [ 14.046986484056319, 48.305278399252678 ], [ 14.046965408297684, 48.305294990412165 ], [ 14.046879564223408, 48.305435488200764 ], [ 14.046787159572734, 48.30560877010673 ], [ 14.046752580310452, 48.305780618066215 ], [ 14.046714085514099, 48.305932519770664 ], [ 14.046738240230109, 48.306178671194566 ], [ 14.04677717450231, 48.306234924923352 ], [ 14.046800182417671, 48.306260691225575 ], [ 14.046849132975947, 48.306280541327332 ], [ 14.04687684838701, 48.306285858754919 ], [ 14.046989916453443, 48.306291102710347 ], [ 14.047115611583564, 48.306302656003488 ], [ 14.047155049474886, 48.306346492594507 ], [ 14.047241858062094, 48.306344430985511 ], [ 14.047310295524531, 48.306349768426102 ], [ 14.047393967429976, 48.306315791572956 ], [ 14.047617358397563, 48.306273850883265 ], [ 14.047742117904528, 48.306237102882456 ], [ 14.047966254361826, 48.306171048739891 ], [ 14.048356940247166, 48.306184841679546 ], [ 14.048453434067875, 48.306210426117374 ], [ 14.048601047446676, 48.306207810021327 ], [ 14.049037677923854, 48.306218979503946 ], [ 14.049234937998818, 48.306237736743114 ], [ 14.049308729547292, 48.306249966693692 ], [ 14.049614368058711, 48.30624682702517 ], [ 14.049789055591985, 48.306222633297232 ], [ 14.049833332000144, 48.306216423680148 ], [ 14.04995354591038, 48.306172864621793 ], [ 14.050225694596522, 48.30606872900195 ], [ 14.050353251159951, 48.306019906854871 ], [ 14.0505146647023, 48.30599147590344 ], [ 14.050658476025299, 48.305986991543406 ], [ 14.05093241014159, 48.306011930139917 ], [ 14.051194034411752, 48.306072926416313 ], [ 14.051466243764938, 48.306177665388233 ], [ 14.051543495761349, 48.306225495161492 ], [ 14.051585977666978, 48.306401097057559 ], [ 14.051594559968065, 48.306436576727485 ], [ 14.051664880636114, 48.306529067366974 ], [ 14.051758583629157, 48.306586600681698 ], [ 14.051858678699984, 48.306648052530143 ], [ 14.051945353178301, 48.306889049365346 ], [ 14.051961049962818, 48.306999958163814 ], [ 14.052070713981671, 48.307070706176198 ], [ 14.052121738400661, 48.307103764798669 ], [ 14.052160784261053, 48.307118996125297 ], [ 14.052283207838933, 48.307166636412013 ], [ 14.052391931330689, 48.307227854595759 ], [ 14.052409977446963, 48.307235929118072 ], [ 14.052450683913015, 48.307254208593591 ], [ 14.052735871905226, 48.307341323006007 ], [ 14.053024052912827, 48.307391446306816 ], [ 14.053139270205614, 48.307405576664713 ], [ 14.053377124087369, 48.307414630521301 ], [ 14.053511903121088, 48.307419733867761 ], [ 14.05365428692021, 48.307496574885604 ], [ 14.053856915363721, 48.307551813242398 ], [ 14.053776577505031, 48.307621756496992 ], [ 14.053718755885773, 48.307672129862929 ], [ 14.05362229679932, 48.307756115945608 ], [ 14.05324304247776, 48.307760530963158 ], [ 14.053219470582782, 48.307762385899416 ], [ 14.052933374234764, 48.307784844662407 ], [ 14.052861176572017, 48.307790508384429 ], [ 14.052667927130168, 48.307837760154356 ], [ 14.052565618342967, 48.307937613740634 ], [ 14.05270623089344, 48.308061693724952 ], [ 14.052724652931259, 48.308232766072436 ], [ 14.052801225987222, 48.308406177701904 ], [ 14.052857797615257, 48.308828800896038 ], [ 14.05287421743091, 48.308952748637907 ], [ 14.052722668915246, 48.309177495594831 ], [ 14.052683691665077, 48.309235308241362 ], [ 14.052743029603253, 48.309429876026819 ], [ 14.052763941005452, 48.309498563068146 ], [ 14.052801012756623, 48.309546280459756 ], [ 14.052866093552051, 48.309629986997678 ], [ 14.052925515987539, 48.30967522734737 ], [ 14.052990253412192, 48.309724482825722 ], [ 14.053046949323745, 48.309767581026307 ], [ 14.053338109466592, 48.309895227153156 ], [ 14.053603358135346, 48.310011608474696 ], [ 14.054060711403759, 48.310085060494529 ], [ 14.054200457103597, 48.310107403866205 ], [ 14.054215702596901, 48.310107939153255 ], [ 14.054307978334242, 48.310110696082532 ], [ 14.054327411329373, 48.310111745156576 ], [ 14.05434981202078, 48.310112865802928 ], [ 14.055200252542035, 48.310157071254956 ], [ 14.055356143476697, 48.310138023366136 ], [ 14.055363143790251, 48.310137170345918 ], [ 14.055591148744607, 48.3100869099313 ], [ 14.055690749045878, 48.310102394062746 ], [ 14.055905626207077, 48.310135783535785 ], [ 14.056003199100843, 48.310150920161036 ], [ 14.056030381931008, 48.310156508594353 ], [ 14.056312900461529, 48.310215024868342 ], [ 14.056377999605864, 48.310241607338874 ], [ 14.056737403275832, 48.310388431529155 ], [ 14.056931002440194, 48.310433375738327 ], [ 14.057239069498923, 48.310467173006437 ], [ 14.057465655961815, 48.310469811830856 ], [ 14.057610103979375, 48.310471432012029 ], [ 14.057849314495323, 48.310441427504337 ], [ 14.057988506654112, 48.31042400926853 ], [ 14.05804455084195, 48.310410526831411 ], [ 14.058120755414672, 48.310392241145145 ], [ 14.058146426604951, 48.31038614422625 ], [ 14.05848651539263, 48.310308733198973 ], [ 14.058726043737563, 48.310243732038948 ], [ 14.058853935182444, 48.310209021679348 ], [ 14.058925503011729, 48.310187076164333 ], [ 14.05899183350185, 48.310166692502143 ], [ 14.059001761145199, 48.310163032381347 ], [ 14.059025102065355, 48.310154251113879 ], [ 14.0592590527054, 48.310066614713065 ], [ 14.059583706161376, 48.309898441171946 ], [ 14.059786707797684, 48.309825299758529 ], [ 14.060131187854136, 48.309590343546539 ], [ 14.060172976605509, 48.309560487124642 ], [ 14.060282054067093, 48.309482533848239 ], [ 14.060474872182667, 48.309356560671283 ], [ 14.060490616208423, 48.309344588138664 ], [ 14.060685804200851, 48.309195391146517 ], [ 14.060732704407027, 48.309155067681516 ], [ 14.060765616040834, 48.309126885712871 ], [ 14.060793595559181, 48.309102782575472 ], [ 14.06096478098917, 48.308915323858145 ], [ 14.061120125163033, 48.308790573298609 ], [ 14.061324791017665, 48.308682785653538 ], [ 14.061449676308579, 48.308588090509552 ], [ 14.061549419793931, 48.308537091226043 ], [ 14.061594404159427, 48.308514050939493 ], [ 14.061623539698564, 48.308514678271585 ], [ 14.06164309822579, 48.308515095645369 ], [ 14.061655387887217, 48.30850683275704 ], [ 14.061676156124459, 48.308506972688718 ], [ 14.061884386693821, 48.308508998063033 ], [ 14.062040067955671, 48.308389281663025 ], [ 14.062047527549341, 48.308382758132105 ], [ 14.062303006108294, 48.308158517365243 ] ] ] } },
{ "type": "Feature", "properties": { "name": "Fraham", "feature_type": "circle", "metric_roundness": 33.59, "metric_rectangularity": 49.04, "metric_mobile_fit": 50.01, "metric_aspect_ratio": 1.062, "metric_area_km2": 38.24 }, "geometry": { "type": "Polygon", "coordinates": [ [ [ 14.078696970910469, 48.282490772838095 ], [ 14.078622840777044, 48.280606881285848 ], [ 14.078400653562307, 48.278728084156782 ], [ 14.078031018265973, 48.276859531955758 ], [ 14.077514948032693, 48.275006347665339 ], [ 14.076853857375106, 48.273173612688581 ], [ 14.076049558296756, 48.271366352899889 ], [ 14.075104255325504, 48.26958952484231 ], [ 14.074020539471093, 48.267848002109439 ], [ 14.072801381123348, 48.266146561949718 ], [ 14.071450121910562, 48.264489872130014 ], [ 14.069970465540306, 48.262882478095193 ], [ 14.068366467647847, 48.261328790459316 ], [ 14.066642524679912, 48.25983307286311 ], [ 14.064803361844348, 48.258399430231961 ], [ 14.062854020158648, 48.257031797466809 ], [ 14.060799842632875, 48.255733928599881 ], [ 14.058646459624844, 48.25450938644547 ], [ 14.056399773407701, 48.253361532774811 ], [ 14.054065941992199, 48.25229351904273 ], [ 14.051651362248029, 48.25130827769194 ], [ 14.049162652370432, 48.250408514059707 ], [ 14.046606633740195, 48.249596698909393 ], [ 14.043990312226715, 48.248875061608196 ], [ 14.041320858985406, 48.248245583970132 ], [ 14.038605590802046, 48.2477099947818 ], [ 14.035851950037996, 48.247269765026246 ], [ 14.033067484231179, 48.246926103818581 ], [ 14.030259825408836, 48.246679955064756 ], [ 14.027436669168631, 48.24653199485293 ], [ 14.024605753585588, 48.246482629584925 ], [ 14.021774838002544, 48.24653199485293 ], [ 14.01895168176234, 48.246679955064756 ], [ 14.016144022939995, 48.246926103818581 ], [ 14.013359557133182, 48.247269765026246 ], [ 14.01060591636913, 48.2477099947818 ], [ 14.007890648185768, 48.248245583970132 ], [ 14.005221194944461, 48.248875061608196 ], [ 14.002604873430981, 48.249596698909393 ], [ 14.000048854800744, 48.250408514059707 ], [ 13.997560144923145, 48.25130827769194 ], [ 13.995145565178976, 48.25229351904273 ], [ 13.992811733763473, 48.253361532774811 ], [ 13.990565047546331, 48.25450938644547 ], [ 13.988411664538299, 48.255733928599881 ], [ 13.986357487012526, 48.257031797466809 ], [ 13.984408145326826, 48.258399430231961 ], [ 13.982568982491264, 48.25983307286311 ], [ 13.980845039523331, 48.261328790459316 ], [ 13.979241041630869, 48.262882478095193 ], [ 13.977761385260612, 48.264489872130014 ], [ 13.976410126047826, 48.266146561949718 ], [ 13.975190967700083, 48.267848002109439 ], [ 13.974107251845671, 48.26958952484231 ], [ 13.973161948874422, 48.271366352899889 ], [ 13.97235764979607, 48.273173612688581 ], [ 13.971696559138485, 48.275006347665339 ], [ 13.971180488905203, 48.276859531955758 ], [ 13.970810853608869, 48.278728084156782 ], [ 13.97058866639413, 48.280606881285848 ], [ 13.970514536260705, 48.282490772838095 ], [ 13.97058866639413, 48.284374594912862 ], [ 13.970810853608869, 48.286253184370686 ], [ 13.971180488905203, 48.288121392981992 ], [ 13.971696559138485, 48.289974101528671 ], [ 13.97235764979607, 48.291806233820019 ], [ 13.973161948874422, 48.293612770584765 ], [ 13.974107251845671, 48.29538876320148 ], [ 13.975190967700083, 48.297129347229813 ], [ 13.976410126047826, 48.298829755706002 ], [ 13.977761385260612, 48.300485332166502 ], [ 13.979241041630869, 48.302091543364639 ], [ 13.980845039523331, 48.303643991645799 ], [ 13.982568982491264, 48.305138426947849 ], [ 13.984408145326826, 48.306570758394493 ], [ 13.986357487012526, 48.30793706545041 ], [ 13.988411664538299, 48.309233608608118 ], [ 13.990565047546331, 48.31045683957808 ], [ 13.992811733763473, 48.31160341095466 ], [ 13.995145565178976, 48.312670185332124 ], [ 13.997560144923145, 48.313654243846379 ], [ 14.000048854800744, 48.314552894119558 ], [ 14.002604873430981, 48.315363677586497 ], [ 14.005221194944461, 48.316084376183326 ], [ 14.007890648185768, 48.316713018380682 ], [ 14.01060591636913, 48.317247884545225 ], [ 14.013359557133182, 48.317687511615489 ], [ 14.016144022939995, 48.318030697079507 ], [ 14.01895168176234, 48.318276502243712 ], [ 14.021774838002544, 48.318424254784347 ], [ 14.024605753585588, 48.318473550574879 ], [ 14.027436669168631, 48.318424254784347 ], [ 14.030259825408836, 48.318276502243712 ], [ 14.033067484231179, 48.318030697079507 ], [ 14.035851950037996, 48.317687511615489 ], [ 14.038605590802046, 48.317247884545225 ], [ 14.041320858985406, 48.316713018380682 ], [ 14.043990312226715, 48.316084376183326 ], [ 14.046606633740195, 48.315363677586497 ], [ 14.049162652370432, 48.314552894119558 ], [ 14.051651362248029, 48.313654243846379 ], [ 14.054065941992199, 48.312670185332124 ], [ 14.056399773407701, 48.31160341095466 ], [ 14.058646459624844, 48.31045683957808 ], [ 14.060799842632875, 48.309233608608118 ], [ 14.062854020158648, 48.30793706545041 ], [ 14.064803361844348, 48.306570758394493 ], [ 14.066642524679912, 48.305138426947849 ], [ 14.068366467647847, 48.303643991645799 ], [ 14.069970465540306, 48.302091543364639 ], [ 14.071450121910562, 48.300485332166502 ], [ 14.072801381123348, 48.298829755706002 ], [ 14.074020539471093, 48.297129347229813 ], [ 14.075104255325504, 48.29538876320148 ], [ 14.076049558296756, 48.293612770584765 ], [ 14.076853857375106, 48.291806233820019 ], [ 14.077514948032693, 48.289974101528671 ], [ 14.078031018265973, 48.288121392981992 ], [ 14.078400653562307, 48.286253184370686 ], [ 14.078622840777044, 48.284374594912862 ], [ 14.078696970910469, 48.282490772838095 ] ] ] } },
{ "type": "Feature", "properties": { "name": "Fraham", "feature_type": "mrr", "metric_roundness": 33.59, "metric_rectangularity": 49.04, "metric_mobile_fit": 50.01, "metric_aspect_ratio": 1.062, "metric_area_km2": 38.24 }, "geometry": { "type": "Polygon", "coordinates": [ [ [ 14.083255557661374, 48.27554900063123 ], [ 13.986082468907926, 48.252412891869191 ], [ 13.965544612388733, 48.290633998897768 ], [ 14.062717701142182, 48.313752805899789 ], [ 14.083255557661374, 48.27554900063123 ] ] ] } }
]
}
