{
"type": "FeatureCollection",
"name": "micheldorf_in_oberosterreich",
"crs": { "type": "name", "properties": { "name": "urn:ogc:def:crs:OGC:1.3:CRS84" } },
"features": [
{ "type": "Feature", "properties": { "name": "Micheldorf in Oberösterreich", "feature_type": "entity", "metric_roundness": 51.9, "metric_rectangularity": 66.02, "metric_mobile_fit": 49.89, "metric_aspect_ratio": 1.064, "metric_area_km2": 111.82 }, "geometry": { "type": "Polygon", "coordinates": [ [ [ 14.184392639785733, 47.910953539066199 ], [ 14.184531738616602, 47.910884856500459 ], [ 14.185096560641515, 47.910927576694434 ], [ 14.185523250828103, 47.910974282263901 ], [ 14.185523464770517, 47.910974271688559 ], [ 14.186055144800624, 47.911031977838704 ], [ 14.186115247059041, 47.911041160987082 ], [ 14.186314742594446, 47.911071897459259 ], [ 14.186439465908649, 47.911080153405905 ], [ 14.186751341269661, 47.911100792189316 ], [ 14.186933269045053, 47.911112853580811 ], [ 14.187735489239358, 47.911093787214391 ], [ 14.187993925839542, 47.911209826587687 ], [ 14.188144940808151, 47.911230032173734 ], [ 14.188170422932252, 47.911233442421562 ], [ 14.188304236683969, 47.911232901965079 ], [ 14.188689219738547, 47.911231401532874 ], [ 14.188821026384121, 47.911230875339726 ], [ 14.189185792063927, 47.911179769358057 ], [ 14.189901389190135, 47.911199027297073 ], [ 14.18996391213801, 47.911200722958533 ], [ 14.190000972513257, 47.911183893577061 ], [ 14.190376912177651, 47.911267386632275 ], [ 14.190803028174248, 47.911472595850881 ], [ 14.190926991151448, 47.911532225702047 ], [ 14.191288769349216, 47.911706511096547 ], [ 14.191816075449026, 47.911733363474731 ], [ 14.192329935144507, 47.911967785174895 ], [ 14.192529528304457, 47.912085331669914 ], [ 14.192577771665482, 47.912113763367969 ], [ 14.19259213370824, 47.912157022270641 ], [ 14.192728133493622, 47.912183451567685 ], [ 14.192815520717556, 47.911939521472249 ], [ 14.192956462809832, 47.911859748650699 ], [ 14.193795718124942, 47.911594385566026 ], [ 14.194016554175183, 47.911284276794959 ], [ 14.194311114857923, 47.911154620629041 ], [ 14.194692809732764, 47.911028452650591 ], [ 14.194979426517071, 47.910960114865745 ], [ 14.195736923824436, 47.911024792101166 ], [ 14.195840321525321, 47.911013853469228 ], [ 14.195887211528985, 47.911008914863167 ], [ 14.195891085948992, 47.911008526051404 ], [ 14.197294876049718, 47.91089501934372 ], [ 14.197420409283881, 47.910895519931003 ], [ 14.198543247640712, 47.910899891275896 ], [ 14.19863537655718, 47.910855025687162 ], [ 14.198744731634733, 47.910896762541 ], [ 14.198753735691858, 47.910874832252688 ], [ 14.198452254248618, 47.910762917898751 ], [ 14.198170484518496, 47.910637179673842 ], [ 14.197943436427058, 47.910518768666513 ], [ 14.197879863930815, 47.910405161870905 ], [ 14.197939658479322, 47.91023404028175 ], [ 14.198156639668616, 47.909801277288402 ], [ 14.198026073191286, 47.909302738329615 ], [ 14.198083955099269, 47.909202077849521 ], [ 14.198270489638297, 47.909112780050044 ], [ 14.198310452217283, 47.909093676967764 ], [ 14.198342758407103, 47.909000135590105 ], [ 14.198340357975319, 47.90897640133992 ], [ 14.198213559802578, 47.908818462790443 ], [ 14.198207024161205, 47.90881167396261 ], [ 14.198086928328751, 47.908686704284257 ], [ 14.19805312125284, 47.908633065004103 ], [ 14.198025541195467, 47.908559495606639 ], [ 14.198072031570653, 47.908417443948281 ], [ 14.198105819635193, 47.908356820751656 ], [ 14.198132031708717, 47.908339710046604 ], [ 14.198609414928573, 47.90802861560929 ], [ 14.198639917924394, 47.907963608292377 ], [ 14.198733627957264, 47.907764161233374 ], [ 14.198662346111774, 47.907330587136563 ], [ 14.198533674401896, 47.907196685070055 ], [ 14.198395099503077, 47.907062677085626 ], [ 14.198360652365686, 47.90697035530836 ], [ 14.198328634203344, 47.906871177563417 ], [ 14.198433796666617, 47.906716900132302 ], [ 14.198540911763493, 47.906559369025338 ], [ 14.198572578663192, 47.906475819025836 ], [ 14.198597946357619, 47.906383589051806 ], [ 14.198564513438406, 47.906263638737414 ], [ 14.198528538252006, 47.906135610096271 ], [ 14.198536811151371, 47.906101899112386 ], [ 14.198574357510799, 47.906058252019825 ], [ 14.198610730975208, 47.906016503083706 ], [ 14.198756700332694, 47.905950900563134 ], [ 14.198906915305415, 47.905891204100989 ], [ 14.199012126067093, 47.90582077835122 ], [ 14.199117947337662, 47.905746839070709 ], [ 14.199136742527736, 47.905726364821334 ], [ 14.199190067656449, 47.905674052031095 ], [ 14.199301721119665, 47.905564530446583 ], [ 14.19932138425469, 47.905313994682189 ], [ 14.199300464809777, 47.905254770884802 ], [ 14.199281680564129, 47.905203268552334 ], [ 14.199320496858343, 47.905010350336482 ], [ 14.19927926585383, 47.904807505678392 ], [ 14.19926459691418, 47.904762090490578 ], [ 14.199201457676351, 47.904666295204912 ], [ 14.199172845832628, 47.904635379834936 ], [ 14.199120257581747, 47.904578732626788 ], [ 14.198789685501511, 47.904429069638262 ], [ 14.198573287124365, 47.904273512123311 ], [ 14.198490196628965, 47.904192891008442 ], [ 14.198424523337522, 47.904129773636868 ], [ 14.198342139897532, 47.903986797435657 ], [ 14.198267330633897, 47.903840615479901 ], [ 14.198221387359723, 47.903821525849217 ], [ 14.197825752333129, 47.903693580389323 ], [ 14.197694740208652, 47.903619705293366 ], [ 14.197630060403991, 47.903568006314586 ], [ 14.197484078192737, 47.903495052738641 ], [ 14.197427297326048, 47.903475953908149 ], [ 14.197372667500581, 47.903457468753203 ], [ 14.197268914901747, 47.903389417287222 ], [ 14.197158345164922, 47.903305581873269 ], [ 14.19712556897028, 47.903297819610493 ], [ 14.197053205190285, 47.903266871035363 ], [ 14.197009604634077, 47.903284201535925 ], [ 14.196894392202829, 47.903243226635126 ], [ 14.196916782204536, 47.903140762557157 ], [ 14.196928134990552, 47.90305052704079 ], [ 14.196899342108097, 47.902984253981259 ], [ 14.196869309439828, 47.902907733523961 ], [ 14.196803491312924, 47.902868008697531 ], [ 14.196641841565571, 47.90279409154688 ], [ 14.196380374240933, 47.902728117742257 ], [ 14.196189117465691, 47.90273287563658 ], [ 14.195934145218953, 47.902711747678204 ], [ 14.195783667832206, 47.902674184023596 ], [ 14.195657175175244, 47.902638690371433 ], [ 14.195641867616395, 47.902611093686801 ], [ 14.19559195009673, 47.902586184595968 ], [ 14.19545329184472, 47.902583710815399 ], [ 14.195267727509627, 47.902576638538363 ], [ 14.195132998377504, 47.902560909361526 ], [ 14.195023371351596, 47.902558218443346 ], [ 14.194527530025738, 47.902486611211998 ], [ 14.194348320153509, 47.902459156708282 ], [ 14.193991762862659, 47.902419797918235 ], [ 14.19382479378933, 47.902380015379137 ], [ 14.19372989910363, 47.902329439050803 ], [ 14.193595339939735, 47.902267102015507 ], [ 14.193443446193642, 47.902224597493365 ], [ 14.193366004968816, 47.902226343791007 ], [ 14.193250444952545, 47.902245198364596 ], [ 14.193107654768905, 47.902276131656464 ], [ 14.192939422386178, 47.902297717239989 ], [ 14.192791120775794, 47.902294592277713 ], [ 14.19267371242039, 47.902274322789779 ], [ 14.192518709565618, 47.902254242883807 ], [ 14.192423751530514, 47.902256658679505 ], [ 14.192279296370215, 47.90224333776699 ], [ 14.19210183194488, 47.90219985203553 ], [ 14.191938642137256, 47.902178212755565 ], [ 14.191767608927805, 47.902184072590302 ], [ 14.191480392010256, 47.902227863382251 ], [ 14.191184710889731, 47.902253272342918 ], [ 14.191135675944485, 47.902257505274491 ], [ 14.191064760562002, 47.902241117463078 ], [ 14.191041659706706, 47.902235800808334 ], [ 14.190809932061725, 47.902195865030684 ], [ 14.190772582292126, 47.902186515459299 ], [ 14.190655427153372, 47.902157155013747 ], [ 14.190508333079629, 47.902154198103489 ], [ 14.190340931520179, 47.902210142514271 ], [ 14.190219766991197, 47.902262594679335 ], [ 14.190140186225642, 47.902305201351055 ], [ 14.190028980749961, 47.902344893573215 ], [ 14.189965944113959, 47.902376490960748 ], [ 14.189861752196839, 47.902386980519807 ], [ 14.189701039713979, 47.902361361004608 ], [ 14.189668121110209, 47.902352967898722 ], [ 14.189610542671897, 47.902325773809352 ], [ 14.189548963629314, 47.902291231758625 ], [ 14.189506163437791, 47.902267706827267 ], [ 14.189372729724102, 47.902175756236431 ], [ 14.189299535479025, 47.902142739672364 ], [ 14.189223003414623, 47.902126482332115 ], [ 14.189101786016789, 47.90213493808038 ], [ 14.188958098124232, 47.902160204732574 ], [ 14.188761704240513, 47.90219431882052 ], [ 14.18870308685854, 47.902201680691327 ], [ 14.18865941753036, 47.902198585214073 ], [ 14.188578324886597, 47.90217345413155 ], [ 14.188440008758732, 47.902159093292482 ], [ 14.188342982346722, 47.902165929608024 ], [ 14.188191586557396, 47.90221077598445 ], [ 14.1879213983461, 47.902330546991287 ], [ 14.187804255753825, 47.902350937311446 ], [ 14.187694794953774, 47.902391064218406 ], [ 14.187571315986643, 47.902424906789513 ], [ 14.187397832467466, 47.902452821062816 ], [ 14.187207269942448, 47.902475463105382 ], [ 14.187022137910596, 47.902478361136602 ], [ 14.186880185663828, 47.902438023807541 ], [ 14.186741256234527, 47.902443458993986 ], [ 14.186612365372179, 47.902326279924146 ], [ 14.186520014341891, 47.902160696532739 ], [ 14.186415923001514, 47.90204630307268 ], [ 14.186418634323385, 47.901991131077992 ], [ 14.186375697848993, 47.901934586798973 ], [ 14.186277806259175, 47.90188024777396 ], [ 14.186147247009245, 47.901824620386385 ], [ 14.186136461090831, 47.901786822411239 ], [ 14.186141461580355, 47.90174072054748 ], [ 14.186123784270672, 47.901657808219312 ], [ 14.186227923283736, 47.90143931039897 ], [ 14.18606936116049, 47.901250103433192 ], [ 14.185833701122965, 47.901083508154386 ], [ 14.185751321197655, 47.900889149898781 ], [ 14.185612320331369, 47.900717792045654 ], [ 14.18557908481281, 47.900435709519776 ], [ 14.185643297651495, 47.900344995133295 ], [ 14.18554950211259, 47.900246269749871 ], [ 14.185687868587221, 47.900173901961509 ], [ 14.18567621607496, 47.899992787116972 ], [ 14.185537253547988, 47.899741624913631 ], [ 14.185384544867325, 47.8994678913486 ], [ 14.18560043305458, 47.899349876387276 ], [ 14.18551564131551, 47.899220674438268 ], [ 14.185412418994199, 47.899068845832169 ], [ 14.185392953248023, 47.899040198839749 ], [ 14.185426088617499, 47.899029247861975 ], [ 14.185502821264409, 47.899025352783454 ], [ 14.185653107456391, 47.898986726000608 ], [ 14.185644859307144, 47.898768248143952 ], [ 14.185874705328642, 47.898718687257698 ], [ 14.18594864871036, 47.898535770839224 ], [ 14.18624687189179, 47.898536087951371 ], [ 14.186505395290606, 47.898219191045087 ], [ 14.186493935784403, 47.89805822816998 ], [ 14.186677533777882, 47.897986964473482 ], [ 14.186693126432198, 47.897942313763274 ], [ 14.186554658055758, 47.897770503141999 ], [ 14.186551188945806, 47.897738319261514 ], [ 14.186661877196066, 47.897683788935339 ], [ 14.186699336317577, 47.897618193414353 ], [ 14.186728000426218, 47.897366423502746 ], [ 14.186815867232463, 47.897225329885089 ], [ 14.186565453038934, 47.897260199516175 ], [ 14.186460368892741, 47.897133577320453 ], [ 14.186400175262799, 47.896921241228526 ], [ 14.186467573479247, 47.896870269777047 ], [ 14.186180839613852, 47.896688127602751 ], [ 14.186085811920508, 47.896587342362238 ], [ 14.18600426500644, 47.896541969446858 ], [ 14.185929671002956, 47.896512739873039 ], [ 14.185611991337986, 47.896491782382256 ], [ 14.185463127076369, 47.896387525198001 ], [ 14.185149687165602, 47.896339364001179 ], [ 14.184725623386075, 47.895758671136385 ], [ 14.184684367983484, 47.895706342407188 ], [ 14.184628406346732, 47.895638197253916 ], [ 14.184401250431433, 47.895408736737934 ], [ 14.184329128428102, 47.895317588056372 ], [ 14.184141507098161, 47.89507577960638 ], [ 14.183981805297691, 47.894765657337153 ], [ 14.183974142052019, 47.894582623314193 ], [ 14.183973665014738, 47.894569761010843 ], [ 14.183899218758043, 47.894491854873834 ], [ 14.183624675423355, 47.8943258113365 ], [ 14.183242942660289, 47.894141212390068 ], [ 14.1828523296996, 47.894076698501493 ], [ 14.182483601620174, 47.893942924839969 ], [ 14.182277160969305, 47.893875795002252 ], [ 14.182121554754129, 47.893825025724325 ], [ 14.181671404612244, 47.89360340668712 ], [ 14.181424331314977, 47.893546560583957 ], [ 14.18096410449122, 47.893404367013765 ], [ 14.180946747001894, 47.893175608843542 ], [ 14.180918469403004, 47.89314774552787 ], [ 14.180937346022485, 47.893132132004986 ], [ 14.180991144400032, 47.893075685331041 ], [ 14.180978448817507, 47.892944601164032 ], [ 14.180961893981181, 47.892781785641361 ], [ 14.180950316789813, 47.89265366228684 ], [ 14.180947491634194, 47.892496054244496 ], [ 14.180944010652, 47.892380467358606 ], [ 14.180938496494406, 47.892254998607733 ], [ 14.180931385688305, 47.892080597469246 ], [ 14.180925031676079, 47.891895124360673 ], [ 14.180978785682662, 47.891737100971461 ], [ 14.181032567103303, 47.891580786791366 ], [ 14.181046618915119, 47.89153992686564 ], [ 14.181051448020632, 47.891252254776219 ], [ 14.181044618746673, 47.891095215890417 ], [ 14.181011786280463, 47.891009174915659 ], [ 14.180933328171362, 47.890798859275918 ], [ 14.180908350206179, 47.890652750079006 ], [ 14.18087687577742, 47.890493732757299 ], [ 14.180849449161308, 47.890336845011163 ], [ 14.180822066496473, 47.890182656054733 ], [ 14.180754397618342, 47.890109556553909 ], [ 14.180669165519216, 47.890017512081165 ], [ 14.180773150572037, 47.889830779263143 ], [ 14.180870705138377, 47.889651741057158 ], [ 14.18097866039257, 47.8894624596985 ], [ 14.181058853663174, 47.88932646484794 ], [ 14.181082131268658, 47.889293634530141 ], [ 14.181086317840899, 47.889287845658274 ], [ 14.181100700415877, 47.889267406649154 ], [ 14.18116137782029, 47.889181758738154 ], [ 14.181223584624325, 47.88901728508737 ], [ 14.181350921064137, 47.888851973198783 ], [ 14.181376285451732, 47.888832353206027 ], [ 14.181496898320969, 47.888739067220371 ], [ 14.18161905908096, 47.888609331526318 ], [ 14.181798853141643, 47.888461987769361 ], [ 14.18195174236368, 47.888330046540091 ], [ 14.182145768768674, 47.888186106480013 ], [ 14.182183706976328, 47.888158296487227 ], [ 14.182338632781853, 47.888044783783258 ], [ 14.182513689505086, 47.887853118036098 ], [ 14.182613488256544, 47.887738660795364 ], [ 14.182641205594496, 47.887707506927363 ], [ 14.182662881736617, 47.88768323527956 ], [ 14.182725938958221, 47.887612594112703 ], [ 14.182779012090119, 47.887503788719023 ], [ 14.18281126331539, 47.887356628930959 ], [ 14.182823458807707, 47.887127743136297 ], [ 14.182910626056668, 47.886935823584992 ], [ 14.183100922250505, 47.886702838016582 ], [ 14.183380181847296, 47.886454351970144 ], [ 14.183426222296772, 47.88642315296547 ], [ 14.183565652465948, 47.88631137206513 ], [ 14.183921939915926, 47.886094976866801 ], [ 14.184124219896111, 47.88597409502681 ], [ 14.184325045754234, 47.885846115831285 ], [ 14.184533546584195, 47.885688479237302 ], [ 14.184737864236354, 47.88558611528935 ], [ 14.18474249824661, 47.885583202046007 ], [ 14.184971580488387, 47.885441067815471 ], [ 14.185039888003562, 47.885397467842289 ], [ 14.185098396904692, 47.88535996817145 ], [ 14.185293784564614, 47.88523508636699 ], [ 14.185508252944993, 47.885009025936938 ], [ 14.185598632134267, 47.884777043326594 ], [ 14.185629026892402, 47.88460686368385 ], [ 14.185668059334064, 47.884400451900653 ], [ 14.18569963447462, 47.884196074506875 ], [ 14.185725718972606, 47.884056876666669 ], [ 14.185762826335935, 47.883953855764808 ], [ 14.185779332657669, 47.883908028600473 ], [ 14.185785602436322, 47.883890617895389 ], [ 14.185834704578097, 47.883711212944377 ], [ 14.185887647033335, 47.883586841893433 ], [ 14.185946771468673, 47.883398725643637 ], [ 14.18598944071716, 47.883275959904225 ], [ 14.185989294402406, 47.883135876022969 ], [ 14.18603010538912, 47.883038585795958 ], [ 14.186075498862159, 47.882910671536564 ], [ 14.186132169992227, 47.882768998345696 ], [ 14.186213730229898, 47.882595291493182 ], [ 14.186213051549881, 47.882570104600745 ], [ 14.18621131831514, 47.882488513622143 ], [ 14.186209557093029, 47.882413400767362 ], [ 14.186243099230246, 47.882247786097373 ], [ 14.186328805298904, 47.882090513213569 ], [ 14.186391736607797, 47.881963728802134 ], [ 14.186480075485681, 47.881762980283327 ], [ 14.186516174940596, 47.8815820515048 ], [ 14.186628164017121, 47.881306272083513 ], [ 14.186682022152368, 47.881148154606329 ], [ 14.186707388226116, 47.881071671585396 ], [ 14.186743718557015, 47.880962268042097 ], [ 14.186829371020401, 47.880777373955809 ], [ 14.18698194834646, 47.880530264743591 ], [ 14.187083752623073, 47.880392665804969 ], [ 14.187192548334805, 47.880249166932522 ], [ 14.187432909851756, 47.880095247703863 ], [ 14.187442041400431, 47.880089332020553 ], [ 14.187220641419874, 47.879914086453802 ], [ 14.187327156033401, 47.879582024697896 ], [ 14.187354973700428, 47.879434716027198 ], [ 14.187396878483598, 47.879216495797174 ], [ 14.187424606962882, 47.879137385919641 ], [ 14.187491480686266, 47.878802198278152 ], [ 14.187492493003647, 47.878790494531202 ], [ 14.187567822129866, 47.878612603899789 ], [ 14.187567085856767, 47.878608470672077 ], [ 14.18753127418152, 47.878479447021228 ], [ 14.187558460688715, 47.878260885708983 ], [ 14.187500147716271, 47.878162528779455 ], [ 14.187399622125184, 47.87786258868779 ], [ 14.187302023117391, 47.877684357923748 ], [ 14.187270319281305, 47.877651123145625 ], [ 14.187125965226999, 47.877557901004984 ], [ 14.186984564930968, 47.877375315405288 ], [ 14.187002708784366, 47.877167977468709 ], [ 14.186926667833067, 47.877073080266335 ], [ 14.186968906652595, 47.877014466568205 ], [ 14.186853029628212, 47.876936958417367 ], [ 14.186904261360146, 47.876880347588731 ], [ 14.186891315545429, 47.876832848518731 ], [ 14.186840412859024, 47.876770424946045 ], [ 14.186649558923479, 47.876712184930362 ], [ 14.186581937437179, 47.876665989680667 ], [ 14.186498366969897, 47.876609475599672 ], [ 14.186499564729219, 47.876576357326847 ], [ 14.186503206516541, 47.876471783815084 ], [ 14.186549951941707, 47.876435269882336 ], [ 14.186563260642458, 47.876398553214685 ], [ 14.186598167231525, 47.876251282170159 ], [ 14.186590777780628, 47.87618367839945 ], [ 14.186503328090115, 47.8759878275022 ], [ 14.186192793343606, 47.875741531545309 ], [ 14.185959761995983, 47.87567163582851 ], [ 14.185614070022925, 47.875450520036644 ], [ 14.185477322889852, 47.875429576581396 ], [ 14.185344628487988, 47.875353720579 ], [ 14.185339527808804, 47.87526234741518 ], [ 14.185218888839646, 47.875089233315627 ], [ 14.184753184824789, 47.874913446366463 ], [ 14.184508842359158, 47.874698867394862 ], [ 14.184496180484233, 47.874537282372557 ], [ 14.184413018681122, 47.874406987326338 ], [ 14.184346353463363, 47.874189298455441 ], [ 14.184388299764967, 47.874145533075819 ], [ 14.184416423900123, 47.874098810566366 ], [ 14.184450770128022, 47.873998959110146 ], [ 14.184467976264635, 47.873799185939426 ], [ 14.184524981401342, 47.873620892341641 ], [ 14.18464324006897, 47.873402019773167 ], [ 14.184581373279753, 47.873306476633324 ], [ 14.184570147307747, 47.873208400715193 ], [ 14.184626064312026, 47.873061874930102 ], [ 14.184694924006198, 47.872921821558236 ], [ 14.184814146125024, 47.872770420145514 ], [ 14.184892273715166, 47.872091369942076 ], [ 14.18492577963641, 47.871800605258947 ], [ 14.18370992631033, 47.871304109967717 ], [ 14.183656555875675, 47.871138775910865 ], [ 14.183601874097631, 47.870991445755756 ], [ 14.18352765453769, 47.870793875518153 ], [ 14.183473018854301, 47.870649334065682 ], [ 14.183493158745398, 47.870473561616556 ], [ 14.183494241932392, 47.870351102599855 ], [ 14.183432789383783, 47.870231353452112 ], [ 14.183394690273852, 47.870141572694621 ], [ 14.183381968558809, 47.870066450311363 ], [ 14.183376350192367, 47.86997589050663 ], [ 14.183398921354563, 47.869760512724802 ], [ 14.183416024282041, 47.869652870954233 ], [ 14.183486607751954, 47.869627069132704 ], [ 14.183774314648691, 47.869459672211583 ], [ 14.184106657008114, 47.869274401131847 ], [ 14.184344228965763, 47.86904205302617 ], [ 14.184478883749602, 47.86891096146077 ], [ 14.184537654424126, 47.868857804804477 ], [ 14.184641134626844, 47.868799459908104 ], [ 14.184740468504057, 47.868741055530258 ], [ 14.184818322838741, 47.868710250811681 ], [ 14.184915154511133, 47.868687043569878 ], [ 14.184993215386884, 47.868668923180309 ], [ 14.185099894383368, 47.868618201832604 ], [ 14.185158995506834, 47.868585375955711 ], [ 14.185228636627842, 47.868501908304118 ], [ 14.185458269928066, 47.86842283776673 ], [ 14.18547080236611, 47.868297594954399 ], [ 14.18555766532103, 47.868114131625958 ], [ 14.185711648530573, 47.868012496443448 ], [ 14.185786059337122, 47.867959223618023 ], [ 14.18581066101072, 47.867868980478242 ], [ 14.18586811403671, 47.867743405808547 ], [ 14.185911912414207, 47.867698816323873 ], [ 14.186049270496811, 47.867668290965227 ], [ 14.186206551978543, 47.867629610761199 ], [ 14.186272566550679, 47.867610858728135 ], [ 14.186292265278768, 47.867605314865799 ], [ 14.186303951276077, 47.867583995235243 ], [ 14.186362122541489, 47.8674779388028 ], [ 14.186408044873394, 47.867407871493569 ], [ 14.186418473026006, 47.867407794417446 ], [ 14.186556652567795, 47.867427646407194 ], [ 14.186665038973251, 47.867432603296422 ], [ 14.186669588987163, 47.867432839571038 ], [ 14.186949167237485, 47.867407649532232 ], [ 14.187055821752228, 47.86746210318536 ], [ 14.187330295894121, 47.867419135620722 ], [ 14.187350999305199, 47.867409625396398 ], [ 14.18749569924662, 47.867313004895365 ], [ 14.187616440710835, 47.867288538745186 ], [ 14.187792684499568, 47.867207609340348 ], [ 14.187868494043027, 47.867174658343309 ], [ 14.187926953470724, 47.867176384823225 ], [ 14.188129102043177, 47.867207817451884 ], [ 14.188172988625519, 47.867144242442102 ], [ 14.188244432452649, 47.867040605915712 ], [ 14.188337080933346, 47.866958135511254 ], [ 14.18833645834702, 47.866920082168804 ], [ 14.188335977057498, 47.866890665045666 ], [ 14.188350332975043, 47.866869145474766 ], [ 14.188442144021723, 47.866800896683792 ], [ 14.188626699404313, 47.866778655804161 ], [ 14.188657372437058, 47.866741090314214 ], [ 14.188721979691449, 47.866660986703749 ], [ 14.188745677955104, 47.866646595564617 ], [ 14.188805267892826, 47.866643904611948 ], [ 14.188974964712994, 47.866612506231391 ], [ 14.189059186233564, 47.866709590920365 ], [ 14.189348050015482, 47.866737319424779 ], [ 14.189446346837336, 47.866746757132084 ], [ 14.189730471745232, 47.866934039379977 ], [ 14.189811820232782, 47.867059665821188 ], [ 14.190050332737457, 47.867139679790192 ], [ 14.190067233202878, 47.86715107069913 ], [ 14.190107823387633, 47.867269891715544 ], [ 14.189974157694532, 47.867394954607924 ], [ 14.189971220372092, 47.867411531170681 ], [ 14.190200412186947, 47.867526432996037 ], [ 14.190235060795336, 47.867543810182056 ], [ 14.19027294115252, 47.867554415498546 ], [ 14.190496869445655, 47.867617352273413 ], [ 14.190524105068093, 47.867680040106855 ], [ 14.190614077398351, 47.86776061616645 ], [ 14.190800935024022, 47.867821488433428 ], [ 14.191101480063272, 47.867868019836109 ], [ 14.191334840730388, 47.867788639896865 ], [ 14.191572992247879, 47.867683491993233 ], [ 14.191666093243507, 47.867645101596487 ], [ 14.191887274273375, 47.867597661026423 ], [ 14.192092823735122, 47.867616105540932 ], [ 14.192160340409878, 47.867566838592545 ], [ 14.192159235800265, 47.867540305202596 ], [ 14.192156385360542, 47.86748076524114 ], [ 14.192150390271728, 47.86740073516178 ], [ 14.192256001687481, 47.867277497977298 ], [ 14.192534691933123, 47.867198497997798 ], [ 14.192640010462963, 47.867252686567276 ], [ 14.192860312908353, 47.867176369774846 ], [ 14.193220457952808, 47.86709901079103 ], [ 14.193521107633478, 47.867038288980872 ], [ 14.193836579610389, 47.866830262345587 ], [ 14.193869330235621, 47.866821650809058 ], [ 14.193901899752445, 47.866810161522345 ], [ 14.193941286813988, 47.866782336532431 ], [ 14.193989917872905, 47.866755612228424 ], [ 14.194012286346002, 47.866749867188176 ], [ 14.194058623141308, 47.866738095248934 ], [ 14.194177863240224, 47.86670391646458 ], [ 14.194329989089841, 47.866693694600464 ], [ 14.194588560343371, 47.866692395215779 ], [ 14.19497829271044, 47.866625786445681 ], [ 14.195232384322811, 47.866579893135366 ], [ 14.195555976178841, 47.866516115559712 ], [ 14.195648190098455, 47.866327026047323 ], [ 14.19506717960526, 47.866129379181537 ], [ 14.194737812968651, 47.865672352734016 ], [ 14.194569397850573, 47.865407923327886 ], [ 14.19466951212555, 47.86514643838963 ], [ 14.19464067334769, 47.864978586563048 ], [ 14.194505499730225, 47.864767712004358 ], [ 14.194353202844036, 47.864653594592731 ], [ 14.194304452131073, 47.864640462529678 ], [ 14.193587164411973, 47.864447423704654 ], [ 14.193224438512605, 47.864374910491023 ], [ 14.192450519363657, 47.864071081615606 ], [ 14.192059773387607, 47.863879740853093 ], [ 14.191856245388445, 47.86375556464526 ], [ 14.191701229451576, 47.863597467857225 ], [ 14.191614537327423, 47.863439492573775 ], [ 14.19162680119106, 47.863298865641504 ], [ 14.191718789984577, 47.863046710694839 ], [ 14.1918162750228, 47.862779219581377 ], [ 14.191921242962328, 47.862413873468398 ], [ 14.192020830845033, 47.862160582000882 ], [ 14.192074469484588, 47.861641406068983 ], [ 14.19212389956348, 47.861248581639444 ], [ 14.192055749949821, 47.860884523341696 ], [ 14.192022303651074, 47.860557635001861 ], [ 14.191885943216255, 47.860273169225664 ], [ 14.191693449547168, 47.859989660637432 ], [ 14.191529031082549, 47.859706032912896 ], [ 14.191449850517369, 47.859117576636393 ], [ 14.191409150616167, 47.858552136786862 ], [ 14.191397700952152, 47.85839216212878 ], [ 14.191354736170172, 47.85820174141238 ], [ 14.191279482558951, 47.857844123230542 ], [ 14.191100973618868, 47.857458931416794 ], [ 14.190894101969885, 47.857112997848759 ], [ 14.190731285133902, 47.856795797469395 ], [ 14.190522671797657, 47.856343349515285 ], [ 14.190388894533497, 47.856092961908921 ], [ 14.190228001684547, 47.855900897300998 ], [ 14.190006982360346, 47.855792142914993 ], [ 14.189563060438099, 47.855573747140028 ], [ 14.189133479921594, 47.855300270523223 ], [ 14.188461857472662, 47.854947881538983 ], [ 14.187754480603978, 47.854623824643994 ], [ 14.187341226676601, 47.854464934602156 ], [ 14.186759437816081, 47.854397891332397 ], [ 14.185436275191899, 47.854150260546419 ], [ 14.185065881849205, 47.854102520973598 ], [ 14.184896825928348, 47.854080645964089 ], [ 14.183865068389609, 47.854094373736672 ], [ 14.183411655014172, 47.854021418876691 ], [ 14.182587912994501, 47.853723379882553 ], [ 14.181961442230804, 47.853414527307031 ], [ 14.181615177266309, 47.853353913236468 ], [ 14.181370393071179, 47.853311086531221 ], [ 14.18104467019079, 47.853264175435775 ], [ 14.180457525197287, 47.853261199794694 ], [ 14.180409666809915, 47.853261011310941 ], [ 14.180364342097993, 47.853260444321137 ], [ 14.180130768326226, 47.853257660111474 ], [ 14.17977424251329, 47.853231844942115 ], [ 14.179374584475802, 47.853159199735231 ], [ 14.179113754326638, 47.853082836476979 ], [ 14.178946389661357, 47.853016404373342 ], [ 14.178694961530804, 47.852860076351149 ], [ 14.178414687138451, 47.85263917939119 ], [ 14.178154975721027, 47.852367117208885 ], [ 14.1778728211647, 47.852029539322075 ], [ 14.177652208241495, 47.851819180371812 ], [ 14.177162385708565, 47.851410063093311 ], [ 14.176687228175473, 47.851056079229259 ], [ 14.176372058827537, 47.850875019966274 ], [ 14.176008511655258, 47.850677848347409 ], [ 14.175735356357336, 47.850515734467102 ], [ 14.175508493528344, 47.850248374960799 ], [ 14.175182738811825, 47.850256060567339 ], [ 14.175156086914924, 47.85026111350119 ], [ 14.174986813427479, 47.850274494601798 ], [ 14.174799378763542, 47.850355396762858 ], [ 14.174670285240007, 47.850406992274976 ], [ 14.174414490125342, 47.850509355676088 ], [ 14.174206220017622, 47.850591398426104 ], [ 14.173990210461039, 47.850566250849795 ], [ 14.17329701957725, 47.850466842118585 ], [ 14.173216653873787, 47.850439895793706 ], [ 14.172823968306453, 47.850308425768127 ], [ 14.172647397170035, 47.850241961617229 ], [ 14.172551897980444, 47.85019650076638 ], [ 14.172512028376625, 47.850177536798419 ], [ 14.172481183491122, 47.850154548424058 ], [ 14.172223936283572, 47.850191598031131 ], [ 14.171990693866357, 47.850225233598792 ], [ 14.171982400277194, 47.850266500938964 ], [ 14.171959538168519, 47.850299506796858 ], [ 14.171924657232038, 47.850349874577766 ], [ 14.171775826332471, 47.850421134149819 ], [ 14.171696858720031, 47.850422967567567 ], [ 14.171685503622687, 47.850415042590093 ], [ 14.171594028400364, 47.850362084060755 ], [ 14.171499316895089, 47.850307349534553 ], [ 14.171468641111565, 47.850269874215691 ], [ 14.171377576979564, 47.850159150676539 ], [ 14.171337606881329, 47.850133889014543 ], [ 14.171045832027914, 47.85016003026665 ], [ 14.170921701415669, 47.850171188226781 ], [ 14.170433165781553, 47.850213781405017 ], [ 14.170298566950724, 47.850222315489795 ], [ 14.17008505397334, 47.850236010299994 ], [ 14.170014950721685, 47.850240477434291 ], [ 14.16979864908814, 47.850288741073243 ], [ 14.169628501715783, 47.85029771202759 ], [ 14.169275350212081, 47.850389343186002 ], [ 14.168947149241232, 47.850402967038647 ], [ 14.16856858892036, 47.850418663981323 ], [ 14.168248198288337, 47.850427550776928 ], [ 14.167165454894416, 47.850391294546839 ], [ 14.16711208484003, 47.850397348447196 ], [ 14.16698946602804, 47.850411190393523 ], [ 14.166910344287471, 47.85042012941166 ], [ 14.16604433836971, 47.850471728453115 ], [ 14.165336299302044, 47.850454523315314 ], [ 14.164866052685161, 47.850470869217737 ], [ 14.164644688207252, 47.850478492460113 ], [ 14.164301841673321, 47.850487440116169 ], [ 14.163498983192079, 47.850492319812453 ], [ 14.163360125234698, 47.850476854013429 ], [ 14.16252975132617, 47.850525111284234 ], [ 14.161799739016228, 47.850555187492731 ], [ 14.161524413124967, 47.850540069492276 ], [ 14.16149053260021, 47.85054454134545 ], [ 14.161304456201449, 47.850569089461089 ], [ 14.161177870062978, 47.850585742808903 ], [ 14.160896552552476, 47.850622759853437 ], [ 14.160847890681294, 47.850630756455907 ], [ 14.160635774508149, 47.850665387119825 ], [ 14.16054631470552, 47.850679974129214 ], [ 14.160401793206223, 47.85070359304769 ], [ 14.160250372664221, 47.850713585548476 ], [ 14.160148890995693, 47.85072025093632 ], [ 14.159464822489621, 47.850765098329745 ], [ 14.15937980967543, 47.850781991851107 ], [ 14.159369150189816, 47.850784137511631 ], [ 14.159293198664283, 47.850799256636535 ], [ 14.158993256677494, 47.850858985208767 ], [ 14.158968071666363, 47.850863933922327 ], [ 14.158944969678119, 47.850865358834184 ], [ 14.158744398354687, 47.850877860362125 ], [ 14.158382010969975, 47.850876943357214 ], [ 14.158239516077973, 47.850876612631609 ], [ 14.157978635096201, 47.850870559995236 ], [ 14.157846375527551, 47.850841184791292 ], [ 14.157797147722684, 47.850830290121301 ], [ 14.157551527831043, 47.850817199661556 ], [ 14.157031181777361, 47.850827033643007 ], [ 14.156687987416834, 47.850865021949097 ], [ 14.15661845409748, 47.850863358801618 ], [ 14.1565211777241, 47.850865492411529 ], [ 14.156476534944709, 47.850865630966524 ], [ 14.156307469028373, 47.850816183016676 ], [ 14.156019793532732, 47.850797721057845 ], [ 14.155525944111927, 47.850851985198595 ], [ 14.155397656910086, 47.850879620835698 ], [ 14.155296677836889, 47.850901303613483 ], [ 14.155256312631799, 47.850909958517143 ], [ 14.154953422950543, 47.850961060286643 ], [ 14.154775056469171, 47.850974656387386 ], [ 14.154579426672916, 47.85099548283759 ], [ 14.154442554331153, 47.851029746432154 ], [ 14.1543909476534, 47.851054585929873 ], [ 14.153942692621907, 47.851041849923647 ], [ 14.153829642788084, 47.851009904276722 ], [ 14.153752038406699, 47.850987963238886 ], [ 14.15369256051998, 47.850971201588727 ], [ 14.153305453854882, 47.850970894253621 ], [ 14.153073861033649, 47.851025443113954 ], [ 14.153077706184513, 47.850963785326336 ], [ 14.153139942767245, 47.850789968072483 ], [ 14.153248575183676, 47.850540334994257 ], [ 14.153267864813106, 47.850483335926306 ], [ 14.153340307843163, 47.850270038479721 ], [ 14.153397546009778, 47.85007592300316 ], [ 14.153417142408454, 47.849970337100977 ], [ 14.153428387368304, 47.84988622377513 ], [ 14.153432800353629, 47.849852273144862 ], [ 14.153434950604083, 47.849835973015701 ], [ 14.153444219414231, 47.849762220456284 ], [ 14.15345094248047, 47.849645479600738 ], [ 14.153437134085362, 47.849583227483812 ], [ 14.153433106819394, 47.849565081861059 ], [ 14.153376361478767, 47.849407135301028 ], [ 14.153313169729669, 47.849323910896054 ], [ 14.153271392546536, 47.849293617477208 ], [ 14.153217309483223, 47.849254234395218 ], [ 14.152328411970666, 47.848671773933305 ], [ 14.151477498848488, 47.848268980399581 ], [ 14.151254409488116, 47.84821711906924 ], [ 14.150871741872816, 47.848089102643854 ], [ 14.150784633172528, 47.848023140928632 ], [ 14.150755010343774, 47.848009225279284 ], [ 14.15011005277241, 47.847749546619625 ], [ 14.149690778711758, 47.847545129709822 ], [ 14.149175374240729, 47.847261496384945 ], [ 14.149199930070171, 47.847241978857937 ], [ 14.148960406360327, 47.84711294379543 ], [ 14.148632478267148, 47.846988761667404 ], [ 14.14859604081731, 47.846974893625244 ], [ 14.148390856913865, 47.846887901345703 ], [ 14.14822588935743, 47.846817089443498 ], [ 14.148212890019431, 47.846806294704855 ], [ 14.148109840817789, 47.846720559866462 ], [ 14.14810510866368, 47.846717084396246 ], [ 14.147971940394754, 47.846619775867893 ], [ 14.147864016865745, 47.846521389242355 ], [ 14.147803004986008, 47.84646576771263 ], [ 14.147657825989565, 47.846386717865059 ], [ 14.147497694733476, 47.846291578478777 ], [ 14.147475975389053, 47.846278685877522 ], [ 14.147326093682137, 47.846172227482803 ], [ 14.147183508608698, 47.846096577659928 ], [ 14.147066547098158, 47.846009860377755 ], [ 14.146847096240334, 47.845855937207041 ], [ 14.146774899008408, 47.845811460508564 ], [ 14.146523976670116, 47.845747910106546 ], [ 14.146108569913384, 47.845687137570053 ], [ 14.145931343376292, 47.845652667306815 ], [ 14.145914856789778, 47.845649634425733 ], [ 14.145706349406952, 47.84564057616663 ], [ 14.145355694196731, 47.845557931735406 ], [ 14.145226500862185, 47.845500899332926 ], [ 14.144974464780875, 47.845451478948632 ], [ 14.144873156965994, 47.845399918174373 ], [ 14.144583783531658, 47.845252600645466 ], [ 14.144425598917664, 47.845153124709213 ], [ 14.144373013935789, 47.84508898481247 ], [ 14.144281193426412, 47.844976895956734 ], [ 14.14420443433244, 47.844836270161771 ], [ 14.144045996120397, 47.844711693431968 ], [ 14.143928505779122, 47.844676530401173 ], [ 14.143702006256296, 47.844670474054752 ], [ 14.143680212280488, 47.844669907368953 ], [ 14.143633285019687, 47.844677524678019 ], [ 14.143363582808815, 47.844721075501639 ], [ 14.142916348471175, 47.84486547013632 ], [ 14.142652390827473, 47.844865792645514 ], [ 14.142440925027968, 47.84493304510724 ], [ 14.14198301524333, 47.84522569401615 ], [ 14.141895148743821, 47.845308453847629 ], [ 14.141774743388245, 47.845421851994431 ], [ 14.141662110945582, 47.845527997828427 ], [ 14.141659078758257, 47.845547992743398 ], [ 14.14165481727893, 47.845574924075542 ], [ 14.141652272351337, 47.845591856545603 ], [ 14.141644384189103, 47.845643555445044 ], [ 14.141636848247835, 47.845692102873443 ], [ 14.141277897072143, 47.845876539563186 ], [ 14.141049983708585, 47.845934997425339 ], [ 14.140751945074154, 47.846126113710895 ], [ 14.140616355041038, 47.846139298688712 ], [ 14.140564442360445, 47.846187706689555 ], [ 14.14052313116728, 47.846212917828005 ], [ 14.140508588117115, 47.846249188103663 ], [ 14.140477948387929, 47.846281702221141 ], [ 14.140416748429715, 47.846377859995592 ], [ 14.140406980768288, 47.846550313619709 ], [ 14.140348729053812, 47.846603714287937 ], [ 14.140190115174292, 47.84658008154171 ], [ 14.140113164066886, 47.846642969894127 ], [ 14.140075242676621, 47.846654031644306 ], [ 14.139832372897272, 47.846722308555421 ], [ 14.139755306814266, 47.84676045532229 ], [ 14.139643087612171, 47.846815852323424 ], [ 14.139459005915208, 47.846848178845569 ], [ 14.139405868776382, 47.846903972515818 ], [ 14.139252952379097, 47.846903151414388 ], [ 14.139203245662991, 47.846973406424027 ], [ 14.139089602052964, 47.846971141146987 ], [ 14.139000819096809, 47.846986246577778 ], [ 14.138868241073292, 47.847030268641937 ], [ 14.138664385467269, 47.847089183543787 ], [ 14.138245371898011, 47.847150139210456 ], [ 14.138097557472733, 47.847176902198825 ], [ 14.13805663903841, 47.847175658102245 ], [ 14.137992317773323, 47.847173587532126 ], [ 14.137943794908749, 47.84714720444061 ], [ 14.137795936678343, 47.84706690138168 ], [ 14.137748132306049, 47.847009023208052 ], [ 14.137505484036968, 47.846979044872263 ], [ 14.137498771856023, 47.846942383327097 ], [ 14.137353753322021, 47.846951041626703 ], [ 14.137249145303628, 47.846884471990585 ], [ 14.137041301688235, 47.846857938982232 ], [ 14.137021247867056, 47.846848901599785 ], [ 14.13667656295409, 47.846693402420485 ], [ 14.136477149854002, 47.846789260765298 ], [ 14.136272081719675, 47.846760637713167 ], [ 14.13585165580518, 47.846860192248108 ], [ 14.135731625059945, 47.846851040300365 ], [ 14.135454356117355, 47.846742303574651 ], [ 14.13526804935311, 47.846647149422864 ], [ 14.135225615379838, 47.846625491356967 ], [ 14.134770844029054, 47.84664691560306 ], [ 14.13436367360003, 47.846468990887722 ], [ 14.133960803139862, 47.846187657795291 ], [ 14.133677895769273, 47.846015706083435 ], [ 14.133460017497494, 47.845883339958874 ], [ 14.132312536791279, 47.845765872458443 ], [ 14.132310722755079, 47.845752119402277 ], [ 14.132276753685362, 47.845488378647254 ], [ 14.132240957211605, 47.845209985184937 ], [ 14.131689100453574, 47.844737047114577 ], [ 14.131630840466402, 47.844729082934968 ], [ 14.131373155143164, 47.84469370758444 ], [ 14.131097257081501, 47.844655938407072 ], [ 14.131069666061805, 47.844652080487329 ], [ 14.130910556566924, 47.844630327873446 ], [ 14.130672490234224, 47.844601833093819 ], [ 14.130369619081836, 47.844565598174277 ], [ 14.130280419285466, 47.844535714111586 ], [ 14.130225538929933, 47.84451270065896 ], [ 14.129860997666031, 47.844279673135595 ], [ 14.129569880837703, 47.844093642604641 ], [ 14.129535868971727, 47.8440718343615 ], [ 14.129319144881444, 47.843935043914549 ], [ 14.129169312430404, 47.843872827757394 ], [ 14.128958687131689, 47.843785388851991 ], [ 14.128796597232803, 47.843734413200792 ], [ 14.128160753868237, 47.843632719551437 ], [ 14.127452252555077, 47.843181983818639 ], [ 14.126032583927381, 47.842278538338711 ], [ 14.125992370401676, 47.842252992875714 ], [ 14.12532762774223, 47.841830014571322 ], [ 14.124762035205944, 47.8410434976457 ], [ 14.123487025588901, 47.839270534401763 ], [ 14.122943473108116, 47.839461936784772 ], [ 14.120504286968961, 47.840321009652186 ], [ 14.120038614540386, 47.840485055214025 ], [ 14.11966065465651, 47.840518942263238 ], [ 14.118867837020755, 47.841084055516546 ], [ 14.118605101204141, 47.84127118527617 ], [ 14.118079798968584, 47.841327663126627 ], [ 14.116986629466588, 47.841445309387737 ], [ 14.116469329366872, 47.841500915779285 ], [ 14.115903668858419, 47.841789963503707 ], [ 14.11543726011673, 47.842228227644142 ], [ 14.115204206347787, 47.842167187466814 ], [ 14.115218660123226, 47.841891507533603 ], [ 14.114900898440615, 47.841787134887817 ], [ 14.114629282259802, 47.841792573667931 ], [ 14.114435556249719, 47.841796404773667 ], [ 14.114085151993899, 47.841385358954383 ], [ 14.113586518806095, 47.841250176972515 ], [ 14.113266487026818, 47.84116335960703 ], [ 14.113118882478647, 47.841123240617712 ], [ 14.113039309449974, 47.841101555589908 ], [ 14.110924162640339, 47.840526611135928 ], [ 14.110105650134766, 47.840304048642153 ], [ 14.108900759895766, 47.84063776173678 ], [ 14.108763766942054, 47.840682048833443 ], [ 14.107310034217049, 47.841152194492466 ], [ 14.10729054396422, 47.841162671947295 ], [ 14.106278321828563, 47.841703797614223 ], [ 14.10575085516575, 47.841985791411538 ], [ 14.10305588293271, 47.843426248253415 ], [ 14.102426923519804, 47.843770533821235 ], [ 14.100654513473346, 47.844128095306004 ], [ 14.099730921731972, 47.844314446788331 ], [ 14.099302089092161, 47.844436416530108 ], [ 14.098595616632881, 47.844637421852042 ], [ 14.097974319795146, 47.844814105937957 ], [ 14.09499581961496, 47.845661272173899 ], [ 14.093513986187769, 47.845751749952527 ], [ 14.092941788585225, 47.845786648885834 ], [ 14.092491908486895, 47.845814082285237 ], [ 14.091943354475095, 47.845829746840529 ], [ 14.091104114416343, 47.845883036957424 ], [ 14.090204287723203, 47.845841259365415 ], [ 14.089639237231857, 47.845843795473201 ], [ 14.088635805921033, 47.845809522614061 ], [ 14.087869136345525, 47.8458627638976 ], [ 14.087604782806599, 47.845854415848322 ], [ 14.087149219062958, 47.845840119091662 ], [ 14.086671066703834, 47.846224538835159 ], [ 14.085201213878754, 47.846378710724544 ], [ 14.083963115825881, 47.847631608770499 ], [ 14.083391720816657, 47.8480596271244 ], [ 14.083332397544208, 47.848210173960865 ], [ 14.083155714414342, 47.848658476956736 ], [ 14.082990653405867, 47.849087900209888 ], [ 14.082849315827804, 47.849456798699613 ], [ 14.083189738890198, 47.849828414912466 ], [ 14.083535545151772, 47.850202244378359 ], [ 14.083632313083028, 47.85031362863154 ], [ 14.083683143626695, 47.85037213889261 ], [ 14.083313385198075, 47.851328862001736 ], [ 14.083004580976827, 47.852137455764783 ], [ 14.082882052992685, 47.853604233081136 ], [ 14.082995332114576, 47.854363208810938 ], [ 14.083064763769148, 47.854814320009282 ], [ 14.083085544753816, 47.854949050863439 ], [ 14.083095424230248, 47.85501340559405 ], [ 14.083136843923931, 47.855282238400768 ], [ 14.082892741799732, 47.855542759634631 ], [ 14.082885150449766, 47.855554055267419 ], [ 14.082703752616688, 47.855824695274542 ], [ 14.082587530245478, 47.855998013506543 ], [ 14.082712149312709, 47.856307782519735 ], [ 14.082774390789394, 47.85645322050609 ], [ 14.082828280367531, 47.856855218658104 ], [ 14.082785773800532, 47.856958061134023 ], [ 14.082775514916875, 47.857333394758797 ], [ 14.081460931967518, 47.857804103681715 ], [ 14.081360249881078, 47.857840204769175 ], [ 14.081220975344975, 47.857888611947686 ], [ 14.07913596126062, 47.858614042867444 ], [ 14.079013710705681, 47.858656579208557 ], [ 14.078517980546781, 47.858908189936862 ], [ 14.077943863441767, 47.859344563711403 ], [ 14.077872577417811, 47.859398736008401 ], [ 14.077452395759616, 47.859717962138539 ], [ 14.07620919778098, 47.860647268623033 ], [ 14.076078993226632, 47.860648016779948 ], [ 14.076286214860946, 47.860789105882468 ], [ 14.076808596166195, 47.861159028460065 ], [ 14.07735549525103, 47.861569637143262 ], [ 14.077442253679907, 47.861634756091703 ], [ 14.077489443949901, 47.861672059393705 ], [ 14.078112522756186, 47.862164496085107 ], [ 14.078741492828666, 47.862656711427782 ], [ 14.078787201817024, 47.862683767151573 ], [ 14.08022972004599, 47.863539774614878 ], [ 14.080545976840945, 47.863824462762764 ], [ 14.080691310327818, 47.863955508127262 ], [ 14.080954363187127, 47.864249806630575 ], [ 14.080998264730757, 47.86470171296132 ], [ 14.081245279123552, 47.865453793527202 ], [ 14.081276322747323, 47.865520890111831 ], [ 14.081294620915603, 47.865594277240483 ], [ 14.081366173284051, 47.866174841498633 ], [ 14.081337876210018, 47.866523839597484 ], [ 14.081285522715079, 47.866873623350266 ], [ 14.080991822217198, 47.86737270189694 ], [ 14.081017368311118, 47.867784420087567 ], [ 14.080964658752864, 47.868184319260081 ], [ 14.08098182205795, 47.86831853359606 ], [ 14.080988582471843, 47.868370492580162 ], [ 14.08106255878311, 47.868896159052461 ], [ 14.081220196903963, 47.869390693460169 ], [ 14.081449528325596, 47.869839867808444 ], [ 14.081499007250516, 47.870353816546505 ], [ 14.081614566950366, 47.870607952863935 ], [ 14.081502284249179, 47.871049624437916 ], [ 14.081630907676338, 47.871478218075573 ], [ 14.08165821143854, 47.871498644217496 ], [ 14.081734447897727, 47.87155582077466 ], [ 14.08180946569788, 47.871611925542716 ], [ 14.08185326097853, 47.871644750542991 ], [ 14.081925125534321, 47.87174208200355 ], [ 14.081977153620018, 47.871826856294142 ], [ 14.082017949614814, 47.871855652029836 ], [ 14.082150530782325, 47.872205405536448 ], [ 14.082191389535767, 47.872313194565386 ], [ 14.082325101208252, 47.872648365348795 ], [ 14.082337585133255, 47.872679683907279 ], [ 14.082388075167772, 47.872806304080015 ], [ 14.0824954375444, 47.873075607574208 ], [ 14.082546482536838, 47.873203573617836 ], [ 14.082640253845065, 47.873438866509574 ], [ 14.083030872082233, 47.874418173606912 ], [ 14.082176758001681, 47.874735194184844 ], [ 14.081770402784304, 47.874906163647687 ], [ 14.081710998966949, 47.875165572547928 ], [ 14.081648074689683, 47.875440659002095 ], [ 14.081622655139887, 47.875551936772808 ], [ 14.081419023582518, 47.875704046406781 ], [ 14.081109285844915, 47.875730705123154 ], [ 14.081210274512411, 47.876190067526217 ], [ 14.081347639206049, 47.876593322711983 ], [ 14.081439122496977, 47.876827551541055 ], [ 14.081686050610333, 47.877307740258765 ], [ 14.081743551877667, 47.877419470064211 ], [ 14.081819685833315, 47.877571565514693 ], [ 14.082054806532653, 47.878039234149888 ], [ 14.082297366647243, 47.878521789016538 ], [ 14.082382293092811, 47.878689931644161 ], [ 14.08239619916634, 47.878717732095431 ], [ 14.082692557119723, 47.879304841933923 ], [ 14.08280199642927, 47.879344977824161 ], [ 14.082874751965715, 47.879354402143036 ], [ 14.083143464880502, 47.879365882674797 ], [ 14.083421871506564, 47.87937253118875 ], [ 14.08344133162673, 47.87937726311867 ], [ 14.084241112262886, 47.879611293603347 ], [ 14.084404444260407, 47.8796975019076 ], [ 14.084434541180133, 47.879949041998891 ], [ 14.084189363059986, 47.880579616754858 ], [ 14.084200902250165, 47.880610131475507 ], [ 14.084211611920892, 47.880638762221956 ], [ 14.084368340619148, 47.881056192790318 ], [ 14.084389469078692, 47.881121103580959 ], [ 14.084399680246422, 47.881152256707793 ], [ 14.084413393794664, 47.881194453345984 ], [ 14.084474048692886, 47.881422492304551 ], [ 14.084488866859505, 47.881448487161308 ], [ 14.084665868309402, 47.881703569623859 ], [ 14.084776034078748, 47.881784455295232 ], [ 14.084967303346881, 47.881924822768717 ], [ 14.084254928042744, 47.88211704587345 ], [ 14.084259403515928, 47.882251611707616 ], [ 14.084496490053294, 47.882573960887022 ], [ 14.084544221227338, 47.882656512565603 ], [ 14.084751218987533, 47.882644189124989 ], [ 14.084802801368916, 47.882706202499811 ], [ 14.084877112413167, 47.882795508705122 ], [ 14.084941930613464, 47.882866432840622 ], [ 14.084992264513907, 47.882925305312334 ], [ 14.085044450118275, 47.882982726187002 ], [ 14.085113951606393, 47.883128114782515 ], [ 14.085082599615211, 47.883263723586197 ], [ 14.085074419383785, 47.883299404918034 ], [ 14.08511450995792, 47.883529376735289 ], [ 14.085094057796733, 47.883669592979231 ], [ 14.085382400038466, 47.884021026657344 ], [ 14.085441649843419, 47.884355328505642 ], [ 14.085202600794895, 47.884668900932496 ], [ 14.084937636541101, 47.884789746235903 ], [ 14.084761749774454, 47.884919817896041 ], [ 14.084580812625227, 47.884996390102089 ], [ 14.084151117231713, 47.885186322527588 ], [ 14.084643536586885, 47.8850331394733 ], [ 14.08523721142792, 47.884787525670738 ], [ 14.085514995948909, 47.88473965165381 ], [ 14.08552945225432, 47.885139833222389 ], [ 14.085494001440608, 47.885371646494747 ], [ 14.08548447889882, 47.885806442645311 ], [ 14.085526002865409, 47.885959210752191 ], [ 14.085709556372434, 47.88620345235249 ], [ 14.085763284334007, 47.886274808141359 ], [ 14.085767241965053, 47.886280270506504 ], [ 14.085805702742235, 47.886341019366611 ], [ 14.085876432022285, 47.886274070693879 ], [ 14.085935683508161, 47.88621817311008 ], [ 14.08618605127795, 47.886095801324309 ], [ 14.086441687424282, 47.886032774691827 ], [ 14.086494334587696, 47.886019835490337 ], [ 14.086792720168937, 47.88592539963777 ], [ 14.086897883295963, 47.88585336722771 ], [ 14.087227408738057, 47.885627550978995 ], [ 14.087231861167915, 47.885648754784349 ], [ 14.087269410263602, 47.885831598179955 ], [ 14.087786566510404, 47.886261514566797 ], [ 14.087795501474703, 47.886268923674855 ], [ 14.0877901634833, 47.886279035176152 ], [ 14.087662187413214, 47.886521890173299 ], [ 14.087635632221525, 47.886572536730036 ], [ 14.087146431533673, 47.886652565972355 ], [ 14.086841342491192, 47.886857439379384 ], [ 14.087565287133975, 47.886758603994934 ], [ 14.087830736347664, 47.886698839088368 ], [ 14.088062640464958, 47.8865207126426 ], [ 14.088232573687312, 47.886552710564153 ], [ 14.08854615601981, 47.886537974061888 ], [ 14.088783540528199, 47.88649854375933 ], [ 14.089237844973308, 47.88642901958201 ], [ 14.089308633152651, 47.886418191576119 ], [ 14.089466604909314, 47.886496114631505 ], [ 14.089613112020084, 47.886511070710696 ], [ 14.089834730042924, 47.886438695596823 ], [ 14.089948820447495, 47.886401438225896 ], [ 14.089973475791846, 47.886393395291726 ], [ 14.090042348781235, 47.886380564061604 ], [ 14.090217232392565, 47.886347982260702 ], [ 14.090434650196231, 47.886383669306838 ], [ 14.090534349341118, 47.88640003778081 ], [ 14.090556160872229, 47.886548299985435 ], [ 14.090570543125825, 47.88660019922839 ], [ 14.090586676452334, 47.886716604354191 ], [ 14.090591466808547, 47.886761018034008 ], [ 14.09058469056831, 47.886791832161329 ], [ 14.090538282101251, 47.886875268658834 ], [ 14.090236990405382, 47.886898297178263 ], [ 14.0893091953191, 47.886969064120379 ], [ 14.089214014620385, 47.88692668172304 ], [ 14.088923808934027, 47.886957911454957 ], [ 14.088830612907412, 47.886923253159097 ], [ 14.088530666530762, 47.886882119945085 ], [ 14.08826655255554, 47.886969498455016 ], [ 14.088020534657549, 47.887031836434964 ], [ 14.087652820446488, 47.887170003838975 ], [ 14.087442546198757, 47.887188201787055 ], [ 14.087287928588079, 47.887235096158953 ], [ 14.086872824922079, 47.887296646339564 ], [ 14.085641812868445, 47.887796538713665 ], [ 14.085592695955444, 47.887841123858273 ], [ 14.085517006746354, 47.887898207951032 ], [ 14.085300732838938, 47.888001642406486 ], [ 14.084762633808868, 47.888096195085161 ], [ 14.084544890052307, 47.888227798195743 ], [ 14.084502068571156, 47.888245171044673 ], [ 14.084457253756495, 47.888263456542418 ], [ 14.084308440104403, 47.888398119565117 ], [ 14.084220961682849, 47.888435486125687 ], [ 14.084192372280798, 47.888447278145641 ], [ 14.083792936686041, 47.888622706881947 ], [ 14.083543570779437, 47.888760181676474 ], [ 14.083240657208055, 47.888904121657482 ], [ 14.082957352545904, 47.888988463554305 ], [ 14.082959341260384, 47.88899654791485 ], [ 14.083774204347906, 47.88915302009341 ], [ 14.083937314876346, 47.889398656744724 ], [ 14.084122528178018, 47.889609151229848 ], [ 14.08446118769627, 47.889681173611685 ], [ 14.08468528606732, 47.889711924700656 ], [ 14.084961285244406, 47.88973334054031 ], [ 14.084991791000743, 47.889975520300752 ], [ 14.085132033990353, 47.88997010875935 ], [ 14.085134383814481, 47.889984668548976 ], [ 14.085157331572477, 47.890129190387739 ], [ 14.085920594326845, 47.890304877142889 ], [ 14.086493942992266, 47.890482697517385 ], [ 14.086525812882984, 47.890494275659528 ], [ 14.086356533402615, 47.89071256659318 ], [ 14.086341299180374, 47.890732189365742 ], [ 14.086329479047729, 47.890747381357016 ], [ 14.086315062902663, 47.890768078426923 ], [ 14.086021576830442, 47.891185921758499 ], [ 14.085980784172078, 47.891520604902539 ], [ 14.086048063865427, 47.891538700083871 ], [ 14.086056707860571, 47.891739366037278 ], [ 14.086006724310359, 47.891928268252727 ], [ 14.086095787777611, 47.891944871864069 ], [ 14.086763649512426, 47.891681133456949 ], [ 14.087007258435548, 47.891626371566723 ], [ 14.087238907801007, 47.891614242899557 ], [ 14.087555096036255, 47.891342448926871 ], [ 14.087633287473745, 47.891226866933515 ], [ 14.088401291423889, 47.89079422131045 ], [ 14.088448733619417, 47.890754054480453 ], [ 14.08866255243176, 47.89057298644687 ], [ 14.088927089432236, 47.890411919269503 ], [ 14.089140514657968, 47.890314794643878 ], [ 14.08926723528738, 47.89018836734526 ], [ 14.089449225143937, 47.890146779320169 ], [ 14.089556987218378, 47.890124570824042 ], [ 14.089908022627265, 47.889803508407994 ], [ 14.090003499093919, 47.889727398138128 ], [ 14.090096835730732, 47.88966056869527 ], [ 14.090196172752281, 47.889592440265005 ], [ 14.090275697463547, 47.889550982710922 ], [ 14.090543212355486, 47.889411484939814 ], [ 14.090803343307989, 47.889288679383228 ], [ 14.091089672025003, 47.889155354775809 ], [ 14.091428275129479, 47.889020246717656 ], [ 14.09188674259927, 47.888876882740014 ], [ 14.092042569647321, 47.888784269635529 ], [ 14.09208012451584, 47.888735978979 ], [ 14.092145389658032, 47.888652328007154 ], [ 14.092449694722426, 47.88826534688193 ], [ 14.09251503413585, 47.888196090364829 ], [ 14.092652749593983, 47.888201212742736 ], [ 14.092790225048235, 47.888208225901536 ], [ 14.093109825949263, 47.888137656194274 ], [ 14.093300632215151, 47.888077560178537 ], [ 14.09342110548253, 47.8879824787629 ], [ 14.093476529087681, 47.887958091941265 ], [ 14.093954209523, 47.887748105406452 ], [ 14.094138197300902, 47.887706766632363 ], [ 14.094254880248076, 47.887581209516448 ], [ 14.094323566650512, 47.887512379732414 ], [ 14.094440905379106, 47.887441069919944 ], [ 14.094635834001449, 47.887425479567703 ], [ 14.094757608115973, 47.887419908153724 ], [ 14.095217730985437, 47.887428298994401 ], [ 14.095280354711557, 47.887420778117558 ], [ 14.096244207284713, 47.887694039705366 ], [ 14.096425547112466, 47.88773710651563 ], [ 14.096374634449628, 47.887841268230424 ], [ 14.096961513681748, 47.888056464855758 ], [ 14.097542418056429, 47.888338365741006 ], [ 14.097600726510906, 47.888319266061373 ], [ 14.097699379815998, 47.88834236505101 ], [ 14.097771750511965, 47.888461545855833 ], [ 14.097765955587313, 47.888476879100693 ], [ 14.097749737679292, 47.888520351951271 ], [ 14.097801116601239, 47.888530448287753 ], [ 14.097848052403766, 47.888575122451499 ], [ 14.097887863978199, 47.888617414584687 ], [ 14.097982104295971, 47.888704511133852 ], [ 14.098032439633037, 47.888734677560194 ], [ 14.098040686357578, 47.888777178689331 ], [ 14.098125142918636, 47.888771580986408 ], [ 14.098235281879372, 47.888839048558459 ], [ 14.09845823830894, 47.888955881696532 ], [ 14.098618500493915, 47.88902067752975 ], [ 14.098625228909274, 47.889023421999383 ], [ 14.098639761023517, 47.889029263689821 ], [ 14.098826124474273, 47.889122586617191 ], [ 14.098711130632367, 47.889271619281018 ], [ 14.098630704069087, 47.889397120517472 ], [ 14.098530139189968, 47.889554154631433 ], [ 14.098452009274679, 47.889681259964341 ], [ 14.098380915889022, 47.889777368988014 ], [ 14.098328972089453, 47.889847529746845 ], [ 14.098219366835369, 47.890008492156475 ], [ 14.098146992996217, 47.890108568176139 ], [ 14.098040023817097, 47.89023037605989 ], [ 14.097989932656764, 47.890290087881397 ], [ 14.097967528169079, 47.890322175539126 ], [ 14.09809345136809, 47.890279775520185 ], [ 14.09819468803664, 47.89032372998939 ], [ 14.098339139421117, 47.890386471666389 ], [ 14.098443719035878, 47.890503369300163 ], [ 14.098646617899037, 47.890474134004286 ], [ 14.098886626522791, 47.890439614002247 ], [ 14.099181540392383, 47.890518721123613 ], [ 14.099378579722904, 47.890546024461727 ], [ 14.099489869408956, 47.8904909442861 ], [ 14.09973257777305, 47.890594868194206 ], [ 14.099861267526112, 47.890649885220263 ], [ 14.099930168768008, 47.890677948233531 ], [ 14.099950219787219, 47.890686092335116 ], [ 14.100011624994863, 47.890695581311846 ], [ 14.100076006235533, 47.890698212786184 ], [ 14.100557335194509, 47.890727584643287 ], [ 14.100692572179613, 47.890873066907957 ], [ 14.100867125699219, 47.890890260588776 ], [ 14.100914126360376, 47.890966332551614 ], [ 14.101248934972219, 47.890965275988826 ], [ 14.101373489141217, 47.891075470360185 ], [ 14.101484553601942, 47.891050619631855 ], [ 14.101538964373146, 47.891066542190302 ], [ 14.101575529543524, 47.891115152542021 ], [ 14.101589367753947, 47.891401164569793 ], [ 14.101706243724832, 47.89139849751858 ], [ 14.101787756864413, 47.89146534247606 ], [ 14.101902177801914, 47.891441278744018 ], [ 14.101971697063149, 47.891456650686202 ], [ 14.102000855899369, 47.891510978303906 ], [ 14.102049561938717, 47.891566435359884 ], [ 14.102122304597502, 47.891682641942062 ], [ 14.102161041178428, 47.891824176488853 ], [ 14.102165309412207, 47.891896033966262 ], [ 14.102167588547772, 47.891932726482366 ], [ 14.102131490683213, 47.892061353775645 ], [ 14.102152613776733, 47.892178623758738 ], [ 14.102121525846171, 47.892256834581019 ], [ 14.102059488859005, 47.89238635429318 ], [ 14.101804158325031, 47.892761968371452 ], [ 14.10159331029141, 47.893097069378108 ], [ 14.101588767188087, 47.893242940637464 ], [ 14.101589116477356, 47.89337582369118 ], [ 14.101598552922516, 47.893462581751791 ], [ 14.101601291666571, 47.893576015426738 ], [ 14.101567506264825, 47.893707416142917 ], [ 14.101476717902766, 47.893819672607556 ], [ 14.101420247766644, 47.893955002897819 ], [ 14.101317798573225, 47.894147679786848 ], [ 14.101276842698981, 47.894300990728738 ], [ 14.1012673301822, 47.894336412104835 ], [ 14.101240887024462, 47.894412252520773 ], [ 14.101204682364163, 47.894515688584249 ], [ 14.101167007275961, 47.894628311324084 ], [ 14.101137946509866, 47.894717214726626 ], [ 14.100751548207322, 47.895169362046587 ], [ 14.100729846788763, 47.895194697789549 ], [ 14.100690695895644, 47.89522518778859 ], [ 14.100672393337929, 47.89523601580796 ], [ 14.101158428136454, 47.89537331780847 ], [ 14.101303168541051, 47.895436323790811 ], [ 14.101400517470717, 47.895478861808314 ], [ 14.101692427472271, 47.895606206372804 ], [ 14.101710716433937, 47.895621739413649 ], [ 14.101838597759368, 47.895729931741208 ], [ 14.101993300754206, 47.895860707736837 ], [ 14.102108800820814, 47.896045636382951 ], [ 14.102298031225754, 47.896231603452357 ], [ 14.102438355783566, 47.896321538372476 ], [ 14.102634901519878, 47.896440878577771 ], [ 14.103052719454459, 47.896596081223024 ], [ 14.103359009648369, 47.896699933626088 ], [ 14.103508410272504, 47.896806361163108 ], [ 14.103544252056938, 47.896823666211802 ], [ 14.103677108317324, 47.896887738168608 ], [ 14.103893897675979, 47.897073068944913 ], [ 14.10399344130861, 47.89720052155787 ], [ 14.104280419087027, 47.897364240304903 ], [ 14.104408846063606, 47.897400000535455 ], [ 14.104935456154761, 47.897619338119149 ], [ 14.105040920426674, 47.897658310046701 ], [ 14.105060541558441, 47.897637126013983 ], [ 14.10532736966157, 47.897722523238777 ], [ 14.105562266099898, 47.897801745532135 ], [ 14.105817127553015, 47.897864909163232 ], [ 14.105915116779871, 47.897742164744365 ], [ 14.105965832156249, 47.897751902053884 ], [ 14.106236764039094, 47.897834210762703 ], [ 14.106290732033816, 47.897837718250273 ], [ 14.106603556800522, 47.897930182183273 ], [ 14.106706547848649, 47.89797366764634 ], [ 14.106790288143191, 47.898009094708463 ], [ 14.106905588340277, 47.898070671437317 ], [ 14.106937330941257, 47.898082064897189 ], [ 14.107064857753929, 47.898156155324585 ], [ 14.107119018920196, 47.898181703715672 ], [ 14.10722626321669, 47.898232267828085 ], [ 14.107387883364927, 47.898304779879666 ], [ 14.10760287789015, 47.898367756954791 ], [ 14.107586089866638, 47.898381454938388 ], [ 14.107560281154816, 47.898400341670502 ], [ 14.107634463327885, 47.898431693596706 ], [ 14.107657081590769, 47.898441258672797 ], [ 14.107778539501799, 47.898484889273355 ], [ 14.107921136434781, 47.89853755487492 ], [ 14.108010126721695, 47.898566018176574 ], [ 14.108212458144596, 47.898641045042417 ], [ 14.108249000117345, 47.898687314194099 ], [ 14.108276065429763, 47.898735086441697 ], [ 14.108258400656199, 47.898933138360007 ], [ 14.108145732118412, 47.899112304271576 ], [ 14.108058916919532, 47.899356794571702 ], [ 14.108052348191244, 47.899401013761093 ], [ 14.108176927897013, 47.899537651676738 ], [ 14.108257037286176, 47.899562575589229 ], [ 14.108390713496124, 47.899608912627194 ], [ 14.108402841640618, 47.899614769232024 ], [ 14.108627753259599, 47.899723472440826 ], [ 14.108648524741916, 47.899734759146412 ], [ 14.10867711815461, 47.899750221910445 ], [ 14.108734745631745, 47.899702690879565 ], [ 14.108791051797434, 47.899692326178325 ], [ 14.108829093489867, 47.89966831873236 ], [ 14.108830594630147, 47.899661291015242 ], [ 14.108834111983898, 47.899645882576607 ], [ 14.108865847534311, 47.899611660917387 ], [ 14.108887574897704, 47.899588212854717 ], [ 14.109071294116962, 47.899472717404031 ], [ 14.109176708664455, 47.899444838418439 ], [ 14.109283335455808, 47.899390500094093 ], [ 14.109391424218376, 47.899335522056603 ], [ 14.109429799774603, 47.899316010649272 ], [ 14.109459324530448, 47.899304116167734 ], [ 14.109476880181784, 47.899297070514777 ], [ 14.109548115596363, 47.89924701842579 ], [ 14.109554868699478, 47.899242294610367 ], [ 14.109573976219233, 47.89922264275026 ], [ 14.109625756392317, 47.899150858734714 ], [ 14.109723609097562, 47.899082363753863 ], [ 14.10980289594313, 47.899051960743584 ], [ 14.10990402573873, 47.899005936005025 ], [ 14.110125187261005, 47.898880470314225 ], [ 14.110375075538192, 47.898689582836973 ], [ 14.110390903822891, 47.898683358391985 ], [ 14.110437176556342, 47.898655156406932 ], [ 14.110467244207781, 47.898679785726664 ], [ 14.110494431454407, 47.898681672075917 ], [ 14.110669423347192, 47.898582517264501 ], [ 14.110687037381926, 47.898570432724206 ], [ 14.110667367382618, 47.898498319412496 ], [ 14.110659586750065, 47.898478938316906 ], [ 14.110667673094625, 47.898357064834443 ], [ 14.110703056885466, 47.898289439305948 ], [ 14.110779025282827, 47.898233956380444 ], [ 14.110850274386518, 47.898202976953186 ], [ 14.110873479505811, 47.898162064413256 ], [ 14.110896564558196, 47.898068160482055 ], [ 14.110908191686462, 47.898040371505218 ], [ 14.110839957454663, 47.897878435481999 ], [ 14.11082457050829, 47.897860365181465 ], [ 14.110797946598808, 47.897842370529958 ], [ 14.110795424411817, 47.897726866316837 ], [ 14.110803659275614, 47.897713855228972 ], [ 14.110823659170086, 47.897682321127753 ], [ 14.110809623549235, 47.897593255569625 ], [ 14.110816510529693, 47.897534638874767 ], [ 14.11079692823316, 47.897495363945552 ], [ 14.110795273411412, 47.89749204620432 ], [ 14.110792705257825, 47.897427375218378 ], [ 14.110834834613108, 47.897372569891971 ], [ 14.110834078545238, 47.897357729967268 ], [ 14.110913255140547, 47.897257240432772 ], [ 14.110989816637284, 47.897178811049031 ], [ 14.111005254764468, 47.897155404909974 ], [ 14.111042928654735, 47.897017047561192 ], [ 14.111083301171863, 47.896970081337805 ], [ 14.111100714010565, 47.896962496569579 ], [ 14.1111719159136, 47.89688356333172 ], [ 14.111206203302281, 47.896850223490034 ], [ 14.11137949167801, 47.89670906307235 ], [ 14.111443053159547, 47.896629191465365 ], [ 14.111499368073988, 47.896592734103486 ], [ 14.111542176694034, 47.896574631604587 ], [ 14.111611245700614, 47.896514246235249 ], [ 14.111638710589519, 47.896489949220282 ], [ 14.111679249750935, 47.896454227879659 ], [ 14.111724010497687, 47.896414519396316 ], [ 14.1117866986829, 47.896365873003532 ], [ 14.111867199561066, 47.896318546005141 ], [ 14.112011111580015, 47.896217259335295 ], [ 14.112044487459103, 47.896194631788241 ], [ 14.112106035175128, 47.89614131447437 ], [ 14.112138114481091, 47.896112487724324 ], [ 14.112281827235996, 47.896006883495296 ], [ 14.11231263308065, 47.895982383836859 ], [ 14.112367669145442, 47.8958871843544 ], [ 14.112404559430967, 47.895822157192192 ], [ 14.112411195084468, 47.895809606616019 ], [ 14.112426415200421, 47.895780623610854 ], [ 14.112439558083018, 47.895755883200906 ], [ 14.112530992409798, 47.895670334737808 ], [ 14.112634107594213, 47.89556968240467 ], [ 14.112676070148947, 47.895485997154886 ], [ 14.112682827380366, 47.895472636011881 ], [ 14.112715076835645, 47.895437330112784 ], [ 14.112806633180211, 47.895351060834315 ], [ 14.112839089590929, 47.895311704857356 ], [ 14.112888733873119, 47.895204935379716 ], [ 14.112982892107111, 47.895086889021151 ], [ 14.112999439142323, 47.895066174200416 ], [ 14.112998178315264, 47.895053406991039 ], [ 14.113001302231702, 47.8950386308398 ], [ 14.113083582705359, 47.894985262957135 ], [ 14.113136746963503, 47.894988862630321 ], [ 14.113184965910785, 47.894992765586153 ], [ 14.113201306874895, 47.894994094747112 ], [ 14.113300165257067, 47.895011690953034 ], [ 14.113472357527741, 47.895075576005489 ], [ 14.113481707002133, 47.895083520161123 ], [ 14.113520997816197, 47.895116633535331 ], [ 14.113610705943481, 47.89513959952086 ], [ 14.113726615618155, 47.895152311743558 ], [ 14.113753653250916, 47.895162205646727 ], [ 14.113868256275001, 47.895194899871996 ], [ 14.11396288728956, 47.895269744931639 ], [ 14.11400774157187, 47.895281227761046 ], [ 14.11404708991452, 47.895291308279496 ], [ 14.114055145513799, 47.895293233154661 ], [ 14.114109624958973, 47.895295294002729 ], [ 14.114246536234857, 47.895272055693219 ], [ 14.114299710718901, 47.895249473528132 ], [ 14.114490708071189, 47.895184123105679 ], [ 14.114531188546676, 47.895153619381311 ], [ 14.114760029546451, 47.895078295741548 ], [ 14.114812279694016, 47.895074433329555 ], [ 14.114904085627622, 47.895067694052187 ], [ 14.115052149253277, 47.895056705174227 ], [ 14.115210464306724, 47.895015596748763 ], [ 14.115263235037972, 47.895001833918094 ], [ 14.115297293725662, 47.894980280423908 ], [ 14.115329383609073, 47.894961259409207 ], [ 14.115395161354275, 47.894931663701158 ], [ 14.115428658479292, 47.894926218583507 ], [ 14.115564112944996, 47.8949040682052 ], [ 14.11565022656765, 47.894883511525045 ], [ 14.115742098441089, 47.894872272636164 ], [ 14.115865074351754, 47.894856594314213 ], [ 14.115990987642247, 47.894840536072678 ], [ 14.116043890705692, 47.894817774993676 ], [ 14.116169857536907, 47.894769596932257 ], [ 14.116240657527737, 47.89476272907919 ], [ 14.116262770333579, 47.894729650165552 ], [ 14.116356585010411, 47.894660636921941 ], [ 14.116384177308381, 47.894653971985477 ], [ 14.116420522337592, 47.894651116393845 ], [ 14.116459995898703, 47.894624937363218 ], [ 14.116492348624115, 47.894605644326887 ], [ 14.116613010801919, 47.894516025611381 ], [ 14.116653231435881, 47.8944861526777 ], [ 14.116719813847565, 47.894421102589895 ], [ 14.116740907364695, 47.894391449350785 ], [ 14.116756898740613, 47.89436947816673 ], [ 14.116757039602968, 47.894352113013319 ], [ 14.116757748083469, 47.894327996263662 ], [ 14.116732285980246, 47.894307206009103 ], [ 14.116713257092922, 47.894269367788162 ], [ 14.116719653852813, 47.894249890885824 ], [ 14.116737806831434, 47.894238251581918 ], [ 14.116795739029856, 47.894229761250145 ], [ 14.116805949637257, 47.894232660981963 ], [ 14.116836204465052, 47.894242982188899 ], [ 14.116854316611096, 47.894246458093598 ], [ 14.116929055407272, 47.894261425782339 ], [ 14.116949182127657, 47.894265427821267 ], [ 14.116990239377261, 47.894282423427867 ], [ 14.117161431250993, 47.894341901272163 ], [ 14.117243279948918, 47.894367077071131 ], [ 14.117266633196566, 47.89438104381518 ], [ 14.117312800619912, 47.894408711039219 ], [ 14.117376097792111, 47.894472429857018 ], [ 14.117397623047699, 47.894480470970088 ], [ 14.117471593510734, 47.894497692775595 ], [ 14.11750340247603, 47.894504584397808 ], [ 14.117521021614786, 47.894501945590498 ], [ 14.117573049415677, 47.894492235387737 ], [ 14.117598724216984, 47.894473707149182 ], [ 14.117618798529387, 47.894429665477929 ], [ 14.1176238478416, 47.894418474910829 ], [ 14.117657487736528, 47.894369122838938 ], [ 14.117674492076155, 47.894352272931904 ], [ 14.11771394585654, 47.894333741044754 ], [ 14.117762157789713, 47.894328285262254 ], [ 14.117828063106428, 47.894342952497681 ], [ 14.117974561043365, 47.894406015760083 ], [ 14.118007282081292, 47.894420188612322 ], [ 14.118104126578256, 47.894463975654425 ], [ 14.118266859491653, 47.894539074158168 ], [ 14.118303158544498, 47.894550973357269 ], [ 14.118340297968519, 47.89455647896574 ], [ 14.118346062030714, 47.894557249510989 ], [ 14.118414151097765, 47.894556966557118 ], [ 14.118471172717076, 47.894550191006388 ], [ 14.118497708091528, 47.894544432448441 ], [ 14.118503704522276, 47.894542862187123 ], [ 14.118550214008859, 47.894530939815908 ], [ 14.11860476275173, 47.894510955430796 ], [ 14.118630085948709, 47.894495758240069 ], [ 14.118651255512908, 47.894471232415995 ], [ 14.118712713540752, 47.894350254697386 ], [ 14.118739144946533, 47.894355383155045 ], [ 14.118743810304885, 47.894345364758003 ], [ 14.118790234142431, 47.894247701496603 ], [ 14.118804354621144, 47.894225922687745 ], [ 14.118799430881785, 47.894218758582149 ], [ 14.118811156121897, 47.894215619847316 ], [ 14.118822006894147, 47.894198811625003 ], [ 14.118862951667147, 47.894172711721843 ], [ 14.11895068128695, 47.894144134240285 ], [ 14.119164744937056, 47.894074300513815 ], [ 14.119679399535693, 47.893906331909207 ], [ 14.119779309862874, 47.893940469891255 ], [ 14.119827076267269, 47.893958768352434 ], [ 14.11987832326419, 47.89397722302629 ], [ 14.12026301291532, 47.894106857989186 ], [ 14.120865369673394, 47.894325787130583 ], [ 14.121015353980487, 47.894380275636976 ], [ 14.121344625718889, 47.894126023191689 ], [ 14.121615166801414, 47.893871810823988 ], [ 14.121987694522371, 47.894055145218431 ], [ 14.121318189573724, 47.894652617997473 ], [ 14.121864192125436, 47.89487750464167 ], [ 14.122202791603115, 47.895010596855649 ], [ 14.122216670661134, 47.895008342762026 ], [ 14.122265461462881, 47.895023484274276 ], [ 14.12238024676433, 47.895059047886242 ], [ 14.122741673526157, 47.895171019545664 ], [ 14.122772699524235, 47.895187991714096 ], [ 14.122793339851837, 47.895199366767002 ], [ 14.122827334585246, 47.895218028054884 ], [ 14.122855260888567, 47.895233491903383 ], [ 14.122882055008901, 47.895236007808307 ], [ 14.123352441656214, 47.895281194561171 ], [ 14.123720794313256, 47.895311333070161 ], [ 14.123792843900324, 47.895316328074998 ], [ 14.124043414404291, 47.895333956170269 ], [ 14.124433738309047, 47.895366101246005 ], [ 14.124904966884104, 47.895413705116049 ], [ 14.125373213948448, 47.895449901327879 ], [ 14.125389420233947, 47.895451139721693 ], [ 14.125651538181234, 47.89548029126496 ], [ 14.125802162769283, 47.895497071767679 ], [ 14.126254957329145, 47.895572777323267 ], [ 14.12648778023679, 47.895522774566153 ], [ 14.126812336568184, 47.895593420643763 ], [ 14.126950170947511, 47.895622433490715 ], [ 14.127816797995116, 47.895771312859075 ], [ 14.128556272489678, 47.89589838898145 ], [ 14.129112021604675, 47.895952231406653 ], [ 14.129570515967428, 47.896015108994945 ], [ 14.130055866061074, 47.896093184368034 ], [ 14.130031990195992, 47.896132935910892 ], [ 14.129822604745099, 47.896482834233616 ], [ 14.129816867046511, 47.896492590570936 ], [ 14.129730703914388, 47.896632548392468 ], [ 14.129628220897118, 47.896798979891571 ], [ 14.129458365102508, 47.897091923761892 ], [ 14.129440987655915, 47.897119214503213 ], [ 14.129343340308848, 47.897304596048514 ], [ 14.129298958072352, 47.897385874966623 ], [ 14.129179083841526, 47.897605238266721 ], [ 14.129166718155387, 47.897627815982453 ], [ 14.129033185882054, 47.89787282470536 ], [ 14.128958940672703, 47.898013779387895 ], [ 14.128819294951576, 47.898279163154754 ], [ 14.128807867603042, 47.898293097244412 ], [ 14.128745163678609, 47.898427674367838 ], [ 14.128718211779638, 47.898493987924738 ], [ 14.128733108742145, 47.898497034272587 ], [ 14.128784910261869, 47.89850747387711 ], [ 14.128798328857162, 47.89851008054957 ], [ 14.129909514618141, 47.898725097048164 ], [ 14.13011675972318, 47.898769282148116 ], [ 14.130847221007787, 47.898925016467544 ], [ 14.131050312260861, 47.898872330913072 ], [ 14.130975407064463, 47.898952291788589 ], [ 14.130870095280693, 47.89906494176244 ], [ 14.130725786506293, 47.899199723602258 ], [ 14.130542207438019, 47.899373823306234 ], [ 14.130475612203968, 47.899463623167826 ], [ 14.130385683510205, 47.899584983543683 ], [ 14.1303594818832, 47.899612695181233 ], [ 14.13015289947116, 47.899831398134374 ], [ 14.130128014792172, 47.899857751080106 ], [ 14.13010705826122, 47.899860954642605 ], [ 14.130072085196172, 47.899866234238942 ], [ 14.129876409306391, 47.899808923606876 ], [ 14.129595900814964, 47.899733483826978 ], [ 14.129570646751038, 47.899770725561936 ], [ 14.129536250059253, 47.899761155981679 ], [ 14.129522276792555, 47.899757293638167 ], [ 14.128961592595077, 47.900260400840764 ], [ 14.128974942286833, 47.900267236555678 ], [ 14.129022867922181, 47.900286609785105 ], [ 14.128783771955733, 47.900514531185209 ], [ 14.12831636296243, 47.900984783341734 ], [ 14.12847725385876, 47.900954165609356 ], [ 14.128558040800511, 47.900970073862879 ], [ 14.128612734857509, 47.900933079498579 ], [ 14.128848665959971, 47.900953947094287 ], [ 14.128884136107752, 47.900937328243586 ], [ 14.128915280330252, 47.900900226043156 ], [ 14.128951750997814, 47.90090537299637 ], [ 14.12899944120962, 47.900882911850609 ], [ 14.129002789592251, 47.900856797508595 ], [ 14.129052224371575, 47.900834684200753 ], [ 14.129091059197052, 47.900836935783914 ], [ 14.129107098378439, 47.900844652651394 ], [ 14.129129919826827, 47.900858440737125 ], [ 14.12974407472964, 47.901264380062564 ], [ 14.130223632942711, 47.901573447641091 ], [ 14.130417259022162, 47.901697619489568 ], [ 14.130438743358232, 47.901711416546505 ], [ 14.129730686976933, 47.902351758531005 ], [ 14.129161703011031, 47.902838728797619 ], [ 14.129155098711404, 47.902844352436027 ], [ 14.129196716100578, 47.902871056620782 ], [ 14.129274609941104, 47.902916404465763 ], [ 14.129337683631952, 47.90298137786008 ], [ 14.129370258546416, 47.903090736630674 ], [ 14.12932481855251, 47.903146831118498 ], [ 14.129310783877516, 47.903156554617986 ], [ 14.129284042781903, 47.903175362668833 ], [ 14.129241355932859, 47.903227749383959 ], [ 14.129229804584508, 47.903259948221972 ], [ 14.129245573218586, 47.903293758190117 ], [ 14.129273603090533, 47.903315607638795 ], [ 14.12932700927802, 47.903343220201428 ], [ 14.129377541534788, 47.903366623964963 ], [ 14.129393036786078, 47.903373714752647 ], [ 14.129461352472138, 47.903405093192319 ], [ 14.129577888520586, 47.903466189095056 ], [ 14.129926164537743, 47.903649755200192 ], [ 14.129955413371796, 47.903663768700603 ], [ 14.129643345062375, 47.903933041167896 ], [ 14.129712083575694, 47.90396576609249 ], [ 14.129745510168448, 47.903981730175445 ], [ 14.130007252346013, 47.90410606275362 ], [ 14.129976978304519, 47.904130113577516 ], [ 14.13027500099612, 47.904290723056782 ], [ 14.130386529929357, 47.904339166950855 ], [ 14.130741008448396, 47.904463937508311 ], [ 14.13088452521011, 47.904486608642905 ], [ 14.130975387090299, 47.904478423715879 ], [ 14.13104684711494, 47.904461465707151 ], [ 14.131169062094161, 47.90443857893338 ], [ 14.131230475384184, 47.904447151674638 ], [ 14.131240683298893, 47.904475961473828 ], [ 14.131244034469974, 47.904485115246352 ], [ 14.131257172960147, 47.904521822144112 ], [ 14.131208491172242, 47.904549599251524 ], [ 14.13114906577238, 47.904583568499078 ], [ 14.131038261019389, 47.904635166789866 ], [ 14.130857867707002, 47.904721164127814 ], [ 14.13073304871933, 47.904818923437517 ], [ 14.130688285065485, 47.904910551842718 ], [ 14.130714492239257, 47.904944379510795 ], [ 14.130577261747641, 47.905018022444338 ], [ 14.1305114340073, 47.905053385092145 ], [ 14.130453360603958, 47.905088334306306 ], [ 14.130360948110638, 47.905144033574359 ], [ 14.130299087902223, 47.905185126787018 ], [ 14.13009709554003, 47.905311488437654 ], [ 14.130028854781152, 47.905364141650367 ], [ 14.129946403754323, 47.905423820504879 ], [ 14.129768532128887, 47.905552624320791 ], [ 14.129640524868851, 47.905643386739577 ], [ 14.129614855708249, 47.905662367394484 ], [ 14.12951126924848, 47.905713734474922 ], [ 14.129473245003195, 47.905738558329176 ], [ 14.129343408319633, 47.905823484981369 ], [ 14.129287101393434, 47.905860310781428 ], [ 14.129334355078285, 47.905879148697736 ], [ 14.129486671092826, 47.905917055802348 ], [ 14.129741303938676, 47.905987006261142 ], [ 14.129713971444055, 47.906019763780577 ], [ 14.129561330566426, 47.906197516767151 ], [ 14.129516279858034, 47.906252978789482 ], [ 14.129491942066187, 47.906280317422599 ], [ 14.129321969191798, 47.906479872249044 ], [ 14.129214046974768, 47.906606843515064 ], [ 14.12913295246131, 47.906703040120952 ], [ 14.129128536389345, 47.906711797612964 ], [ 14.128940443912196, 47.906916694916717 ], [ 14.128909914390029, 47.906950463918754 ], [ 14.128737668918019, 47.907141666283302 ], [ 14.128695305677079, 47.907189192114778 ], [ 14.128502335985226, 47.907372799411085 ], [ 14.128488925627178, 47.907388456493841 ], [ 14.128308551943249, 47.907599687406837 ], [ 14.128196940216155, 47.907730731678321 ], [ 14.128136316218319, 47.907800605470392 ], [ 14.127970097027928, 47.907992484894478 ], [ 14.127905396728176, 47.907987981652731 ], [ 14.127847896331136, 47.908104887950792 ], [ 14.127793896033563, 47.908214392625418 ], [ 14.127782474786168, 47.908237683362536 ], [ 14.127813691195596, 47.908310524048836 ], [ 14.127884176274913, 47.908475313548557 ], [ 14.127892779909098, 47.908495497546745 ], [ 14.127902819159958, 47.908566054695896 ], [ 14.12790715934643, 47.908596254655968 ], [ 14.127840689816358, 47.908616235299547 ], [ 14.127652224402491, 47.90861267311692 ], [ 14.127611026383844, 47.908622583173845 ], [ 14.127607293645569, 47.908623508538383 ], [ 14.127569294514606, 47.908632586856427 ], [ 14.127549427975341, 47.908637311911257 ], [ 14.127371289528551, 47.908626480688483 ], [ 14.127220584181785, 47.908606913527407 ], [ 14.127167623229344, 47.908591262912744 ], [ 14.127086933892862, 47.908564916491173 ], [ 14.126692819977574, 47.908492499430409 ], [ 14.126666921307955, 47.908487728978912 ], [ 14.126343287180973, 47.908544742849216 ], [ 14.126363923304915, 47.908617116727392 ], [ 14.126333900368643, 47.908649172111843 ], [ 14.126320090362714, 47.908665011613323 ], [ 14.126290755419829, 47.908689504810397 ], [ 14.126250627798274, 47.908734675141226 ], [ 14.126137000038888, 47.908856824169561 ], [ 14.126099740668396, 47.908897026426139 ], [ 14.126018639559168, 47.908984583675498 ], [ 14.125911461791249, 47.909064492434787 ], [ 14.125812486586, 47.909138226878909 ], [ 14.125791491934068, 47.909147997668505 ], [ 14.12590954002423, 47.909343411536135 ], [ 14.126024125729657, 47.909363588170706 ], [ 14.126128048559304, 47.909430622093197 ], [ 14.126254771457168, 47.909501008229562 ], [ 14.126659992961958, 47.909678704981239 ], [ 14.126883712927896, 47.909765248539436 ], [ 14.126999868919599, 47.909853430477938 ], [ 14.127105000948164, 47.909920635158478 ], [ 14.127262120201904, 47.909983343834547 ], [ 14.1272259146737, 47.910013642537066 ], [ 14.127159621341555, 47.910062951658631 ], [ 14.127028433886002, 47.910165608802529 ], [ 14.126598445027355, 47.910410310905263 ], [ 14.12656900263271, 47.910427787261582 ], [ 14.126298913296944, 47.910257619760422 ], [ 14.126068234064784, 47.91011822069499 ], [ 14.126036489498766, 47.910098645230114 ], [ 14.125839275030863, 47.909968642801729 ], [ 14.125802496605361, 47.909996515803478 ], [ 14.125785992244783, 47.910011204110774 ], [ 14.125650665147624, 47.910132241877122 ], [ 14.125577686724593, 47.910190862803347 ], [ 14.125480515255905, 47.910268993060704 ], [ 14.125279939984521, 47.910420257749593 ], [ 14.124953802863033, 47.910674947979423 ], [ 14.124755584286794, 47.910805322622558 ], [ 14.124606920387006, 47.910903148358599 ], [ 14.124511217304288, 47.910954726678916 ], [ 14.124435824297537, 47.910995459443861 ], [ 14.124320861948995, 47.911056616305849 ], [ 14.124510224985677, 47.911330806326291 ], [ 14.124604613657489, 47.911289583522624 ], [ 14.124609447257409, 47.91134362212874 ], [ 14.124584690628417, 47.911378969814422 ], [ 14.12457434065478, 47.911393615780703 ], [ 14.124581011485994, 47.911471753647433 ], [ 14.124723330200545, 47.911599705107101 ], [ 14.124774202457413, 47.911715777195163 ], [ 14.125122378238695, 47.912040250617629 ], [ 14.125273963745265, 47.912205475247326 ], [ 14.125507650744821, 47.912436804124006 ], [ 14.125688794458569, 47.912609562884711 ], [ 14.125874588700928, 47.912824125296822 ], [ 14.126066256904295, 47.91298475533727 ], [ 14.126087266854187, 47.913002335157529 ], [ 14.126343146313229, 47.913205259601625 ], [ 14.126580962993897, 47.91340830751593 ], [ 14.126624384462662, 47.913438778924665 ], [ 14.126684444083931, 47.913480922062632 ], [ 14.126781664939381, 47.913555468876368 ], [ 14.126926145535103, 47.913631220436343 ], [ 14.12702446910227, 47.913655016649102 ], [ 14.127058677331398, 47.913642815662534 ], [ 14.127168964419988, 47.913643677287219 ], [ 14.127269557233886, 47.913658280804547 ], [ 14.12732140599193, 47.913706058156798 ], [ 14.12737426078596, 47.913740782986565 ], [ 14.127558874373301, 47.91380663115293 ], [ 14.127656612550231, 47.913862280074966 ], [ 14.127812332603089, 47.913893778203914 ], [ 14.128002641924903, 47.914008439957755 ], [ 14.128149622697, 47.914169104050082 ], [ 14.128848409416999, 47.914340274516192 ], [ 14.128809007244913, 47.914547385826552 ], [ 14.128599620660852, 47.914674155027363 ], [ 14.12900676195021, 47.914623397734523 ], [ 14.129094065484784, 47.914635212181992 ], [ 14.129108790244615, 47.914670558750366 ], [ 14.12911393067075, 47.914682939136959 ], [ 14.129161895032643, 47.91480055878796 ], [ 14.129170238054137, 47.914821104337079 ], [ 14.129202987968091, 47.91488880571773 ], [ 14.129271929291511, 47.914986577472 ], [ 14.129508712605785, 47.9151118028621 ], [ 14.129258905625335, 47.915299851137952 ], [ 14.129024150314239, 47.915492113717612 ], [ 14.12864610966135, 47.915801962799257 ], [ 14.128591590061641, 47.915842644457527 ], [ 14.128526735691354, 47.915898961950845 ], [ 14.128599179315588, 47.916042144566745 ], [ 14.12862028959805, 47.916083745090042 ], [ 14.128793323388351, 47.916425427521339 ], [ 14.128992435146506, 47.916537327942407 ], [ 14.129340969631166, 47.91653915553141 ], [ 14.129525365325886, 47.91655479911023 ], [ 14.12977506295344, 47.916657532540384 ], [ 14.129796881998894, 47.916666559005797 ], [ 14.129838362499836, 47.916683547166109 ], [ 14.129876073928747, 47.916699112790141 ], [ 14.129926929608445, 47.916665662356507 ], [ 14.130214951172022, 47.916476773345011 ], [ 14.130404292229434, 47.916352604779888 ], [ 14.130446489247245, 47.916385845270241 ], [ 14.130478011912084, 47.91640981156813 ], [ 14.130638981061065, 47.916528513143774 ], [ 14.130707639303088, 47.916555731892338 ], [ 14.130818416930872, 47.916573401992622 ], [ 14.131094079208793, 47.91684678745554 ], [ 14.131278252995083, 47.916943249388112 ], [ 14.131550797951984, 47.916990579921297 ], [ 14.131616504834746, 47.916955127771992 ], [ 14.13176137931209, 47.916880531549118 ], [ 14.132113450335252, 47.91681592884828 ], [ 14.132261105058895, 47.916739423405069 ], [ 14.132370694399254, 47.916720491641215 ], [ 14.132442017364665, 47.916711001362998 ], [ 14.13247923873733, 47.916624553085796 ], [ 14.132595292256408, 47.916354741329656 ], [ 14.132758156901414, 47.916432607695448 ], [ 14.133018789776427, 47.91613921256338 ], [ 14.133110132740065, 47.916108710345917 ], [ 14.133320709989009, 47.916112380601284 ], [ 14.133598408071769, 47.91614680497031 ], [ 14.133729143170131, 47.916171630564328 ], [ 14.133874408305257, 47.916149031338044 ], [ 14.134449604113605, 47.916182381419482 ], [ 14.134665916451908, 47.916167295786551 ], [ 14.134911208956863, 47.916113321756072 ], [ 14.135006301874474, 47.916152788340121 ], [ 14.135169712830157, 47.916161460941062 ], [ 14.135272622002024, 47.916004019623685 ], [ 14.135522018925521, 47.915955953785499 ], [ 14.136108459891901, 47.9158851227049 ], [ 14.136807413413766, 47.915811706775706 ], [ 14.137125262491834, 47.915715747371131 ], [ 14.13727725849744, 47.915669794884828 ], [ 14.137459999543964, 47.915543285327061 ], [ 14.13785112490261, 47.91554757980095 ], [ 14.138218498513559, 47.915504354535841 ], [ 14.138520035544266, 47.915522496428942 ], [ 14.138678177586113, 47.915588781349342 ], [ 14.138706196393221, 47.915600551982038 ], [ 14.139270255800056, 47.915658247497269 ], [ 14.139354664873579, 47.91562967804466 ], [ 14.139387816245328, 47.915618470445153 ], [ 14.139485279174453, 47.915646580656578 ], [ 14.13957063924569, 47.915662269471902 ], [ 14.139753922006872, 47.915831122799801 ], [ 14.139957539233185, 47.915852103714727 ], [ 14.140027240615302, 47.915538612629845 ], [ 14.140077051481741, 47.915315050088871 ], [ 14.140298688708029, 47.915090647257301 ], [ 14.140344019999601, 47.915070897148482 ], [ 14.140730863747123, 47.914902380025829 ], [ 14.140744510523163, 47.914893467618818 ], [ 14.140772598613196, 47.914875097428393 ], [ 14.140796147800939, 47.914866115802518 ], [ 14.140813443777931, 47.91485951709209 ], [ 14.140885152066311, 47.914831934971843 ], [ 14.140909855006349, 47.914888893030749 ], [ 14.140935939306166, 47.914948630486919 ], [ 14.140993345998156, 47.915086602511145 ], [ 14.141126701213048, 47.915047163086584 ], [ 14.141280998035917, 47.915176180218651 ], [ 14.141330622578641, 47.915217669042875 ], [ 14.141601344564975, 47.915250953383698 ], [ 14.141707005895906, 47.915263979431778 ], [ 14.14170852156426, 47.915344581654736 ], [ 14.141657176983504, 47.915485923399935 ], [ 14.141664223918101, 47.915552091768497 ], [ 14.141727204207998, 47.915617688811381 ], [ 14.141978511061126, 47.915624297176969 ], [ 14.14200105109013, 47.915627918126198 ], [ 14.142137502664948, 47.915650085096836 ], [ 14.142410636010931, 47.915614253965146 ], [ 14.142548776736554, 47.915538161733522 ], [ 14.142653508620601, 47.915473909475658 ], [ 14.142767162886852, 47.915415442634064 ], [ 14.142777710408113, 47.915370653797531 ], [ 14.142796115577438, 47.915332017810506 ], [ 14.142827207946123, 47.915257125104439 ], [ 14.142862228172316, 47.915167989652097 ], [ 14.142967968191641, 47.915108408453939 ], [ 14.143076961178597, 47.915129147294884 ], [ 14.143192555806028, 47.915144081693484 ], [ 14.143319090019881, 47.915156780002597 ], [ 14.143438806965241, 47.915187250010277 ], [ 14.14373513233312, 47.915266234364388 ], [ 14.143921759377553, 47.915322145754651 ], [ 14.143989680923566, 47.915343801702271 ], [ 14.144414576642591, 47.915428539807465 ], [ 14.145244899835063, 47.915516275742604 ], [ 14.145505401257481, 47.91550310845215 ], [ 14.145538831994386, 47.915501343934402 ], [ 14.145347951120007, 47.9152065054693 ], [ 14.1455092237961, 47.915258453912877 ], [ 14.145632600664184, 47.915300412051955 ], [ 14.145758816579031, 47.915206585779977 ], [ 14.145834309286334, 47.915147124679102 ], [ 14.146051102231802, 47.915000028701932 ], [ 14.146182981023605, 47.91491758826583 ], [ 14.146338058733555, 47.914820949132235 ], [ 14.146413319695547, 47.914772465577776 ], [ 14.146609228125874, 47.914839913417175 ], [ 14.146923401071094, 47.914947554297989 ], [ 14.147038830356291, 47.915037700729215 ], [ 14.147229758222394, 47.915189034408584 ], [ 14.147585461786496, 47.915067497859312 ], [ 14.147814252864471, 47.91502926734335 ], [ 14.147965863156383, 47.914976465729708 ], [ 14.147870567949919, 47.914692923200029 ], [ 14.147810639236654, 47.914454475998284 ], [ 14.147778771407811, 47.914359062805865 ], [ 14.147500653017058, 47.914203306226867 ], [ 14.14717834090483, 47.914088436703004 ], [ 14.146965709805887, 47.914012650450175 ], [ 14.146915641155479, 47.913856995489709 ], [ 14.146971923179311, 47.913724343521885 ], [ 14.146688802614729, 47.913522015884688 ], [ 14.146639201933867, 47.913413501663818 ], [ 14.146670432554551, 47.913287773930314 ], [ 14.146845131850545, 47.913256943736123 ], [ 14.147013738359737, 47.913195836370654 ], [ 14.147319945941778, 47.913084995624196 ], [ 14.147629927048595, 47.913113220776431 ], [ 14.147821642570133, 47.913289649550613 ], [ 14.148166581341695, 47.913508272808265 ], [ 14.148250697012994, 47.913718658640605 ], [ 14.148291644888833, 47.913872757944006 ], [ 14.148339541881798, 47.914077641132366 ], [ 14.148361464764285, 47.914110325436859 ], [ 14.148156326263162, 47.914128866805555 ], [ 14.148571692061644, 47.914357698482256 ], [ 14.148615909645409, 47.914403990779178 ], [ 14.148687127104502, 47.914482391649841 ], [ 14.148712161484873, 47.914491481843044 ], [ 14.14875751722361, 47.914507806115068 ], [ 14.148882694681413, 47.914296573113909 ], [ 14.148978254766254, 47.914117038503349 ], [ 14.14913449154569, 47.913923759791651 ], [ 14.149159157680844, 47.913857907642658 ], [ 14.149204763807102, 47.913736126318646 ], [ 14.149321282265261, 47.913467733119489 ], [ 14.149541294462001, 47.913125283172008 ], [ 14.149535463162852, 47.912837870758864 ], [ 14.149527694101067, 47.9128202915632 ], [ 14.149505641871574, 47.91277078402026 ], [ 14.149379296931054, 47.912487371919227 ], [ 14.149431924149274, 47.912369679457754 ], [ 14.14959983724818, 47.91207627099692 ], [ 14.149608331307446, 47.911926231220157 ], [ 14.149530401267455, 47.911803523158248 ], [ 14.149335143520108, 47.911511780789724 ], [ 14.149319979699055, 47.911166583530068 ], [ 14.149240247994848, 47.910971282289779 ], [ 14.149241537897934, 47.91093393567737 ], [ 14.149239200505043, 47.910818610794109 ], [ 14.149213232656145, 47.91071541880725 ], [ 14.149112878878434, 47.91052773061471 ], [ 14.149153068883676, 47.910247910307682 ], [ 14.149144767770244, 47.90997356072571 ], [ 14.149157974650358, 47.909893844081004 ], [ 14.149278899671206, 47.909788085045875 ], [ 14.149346472819357, 47.909702136287002 ], [ 14.14939358021611, 47.909642423348856 ], [ 14.149555646103806, 47.909549059110823 ], [ 14.149779843275667, 47.909475408769246 ], [ 14.150081819269502, 47.909343897211059 ], [ 14.150330414652103, 47.909273132247364 ], [ 14.150627750800068, 47.909324111104596 ], [ 14.150772923323386, 47.90935709249004 ], [ 14.150965433802645, 47.909353750649451 ], [ 14.151279160860332, 47.9093746518217 ], [ 14.151810945148204, 47.909468232476797 ], [ 14.152177818253215, 47.909490374087433 ], [ 14.152363637028667, 47.909563731762567 ], [ 14.15283287402862, 47.909721809820432 ], [ 14.153362656880162, 47.910062455081807 ], [ 14.153728541272535, 47.910353519022394 ], [ 14.15425974546225, 47.910639088489312 ], [ 14.154640241088556, 47.910897116718068 ], [ 14.154726939491393, 47.911091645082379 ], [ 14.154933665559589, 47.911310961180241 ], [ 14.155172263682623, 47.911531579646585 ], [ 14.155403802391868, 47.911745680053002 ], [ 14.155603557556253, 47.911980879264611 ], [ 14.155982308732309, 47.912322497570834 ], [ 14.156299917512671, 47.912528965558508 ], [ 14.156662894489267, 47.912769297910373 ], [ 14.156698058427979, 47.912792709374635 ], [ 14.156921684777771, 47.912767453168051 ], [ 14.157115386962721, 47.912745558871592 ], [ 14.157501883662455, 47.912712122319405 ], [ 14.157755077481738, 47.912635550615384 ], [ 14.157764395380656, 47.912522211956833 ], [ 14.157954029139262, 47.912412264699093 ], [ 14.158225356705548, 47.912263856439004 ], [ 14.158769652806452, 47.912062664309126 ], [ 14.159059582606398, 47.911931485326441 ], [ 14.159264992437791, 47.911803968917127 ], [ 14.159481370672292, 47.911684650927015 ], [ 14.159620425635383, 47.911626255502618 ], [ 14.159785229555457, 47.911529078563909 ], [ 14.159957446736042, 47.91147755309516 ], [ 14.160096812805648, 47.911329004915075 ], [ 14.160278655516967, 47.911243131492256 ], [ 14.160438910324551, 47.911222190760732 ], [ 14.160944357293639, 47.910800120017974 ], [ 14.160966942913765, 47.910781334403893 ], [ 14.161188344589597, 47.910650191056718 ], [ 14.161996512909361, 47.910331390548571 ], [ 14.162100761135171, 47.91010391810299 ], [ 14.162220989557111, 47.909989603191185 ], [ 14.162524932644468, 47.909680353919477 ], [ 14.162586533790464, 47.909641044632281 ], [ 14.16298244318558, 47.909376298824881 ], [ 14.163057794932095, 47.909309719546016 ], [ 14.163153976744105, 47.909282397480212 ], [ 14.163204907601523, 47.909211674970173 ], [ 14.163224284174456, 47.90918472467078 ], [ 14.163252212659909, 47.909098062745926 ], [ 14.16323306449012, 47.909013088598876 ], [ 14.163279690642913, 47.908983063464241 ], [ 14.163483910356211, 47.908992482349753 ], [ 14.163805061165174, 47.908899394022832 ], [ 14.164019839156593, 47.908672474508116 ], [ 14.164092100917342, 47.908521164883531 ], [ 14.164133282363721, 47.908434947219142 ], [ 14.164141963536029, 47.908417070693346 ], [ 14.164124006225036, 47.908339735564368 ], [ 14.164106694221941, 47.908218850242996 ], [ 14.164105625951011, 47.908210580673476 ], [ 14.164110506333426, 47.908189312619506 ], [ 14.164124155787423, 47.908130463945881 ], [ 14.164131661290766, 47.908097570861038 ], [ 14.164137425284304, 47.908072967554403 ], [ 14.164155213780052, 47.907996724866273 ], [ 14.163973337158263, 47.907927946166318 ], [ 14.163679096039717, 47.90776901516503 ], [ 14.163484644294728, 47.907649852847008 ], [ 14.163309146502128, 47.907502393356523 ], [ 14.163172745815285, 47.907339537736306 ], [ 14.163065944733871, 47.907237289154942 ], [ 14.162896988580593, 47.907113984018892 ], [ 14.162608268595509, 47.906965177284007 ], [ 14.162394291016701, 47.906821051652564 ], [ 14.162151898590906, 47.906758192632594 ], [ 14.161995987819179, 47.906714686076555 ], [ 14.161816548542136, 47.90662195446194 ], [ 14.161544878948979, 47.906510090495182 ], [ 14.161518513975835, 47.906315764062171 ], [ 14.161485487243242, 47.906216044016993 ], [ 14.161483016654444, 47.906186821428584 ], [ 14.16146488901723, 47.906149073961572 ], [ 14.161896148643105, 47.906005267817179 ], [ 14.161968290700088, 47.905981178103133 ], [ 14.162361612199115, 47.905849968274573 ], [ 14.162393556860687, 47.905839302446758 ], [ 14.162852424436501, 47.905546933668717 ], [ 14.162908061266583, 47.90551153567781 ], [ 14.163198028803423, 47.905326723209598 ], [ 14.163192383297025, 47.905114614021635 ], [ 14.163622315402241, 47.905073286912518 ], [ 14.164142209421634, 47.905026362774137 ], [ 14.164556461009241, 47.904882668872645 ], [ 14.164739979789514, 47.9049039305417 ], [ 14.164779374655717, 47.904924250146706 ], [ 14.164794421654333, 47.904936467751511 ], [ 14.164990254489545, 47.905210006884637 ], [ 14.165431647555009, 47.905417718094014 ], [ 14.165747577610697, 47.905502352910368 ], [ 14.165770825467856, 47.905508573250955 ], [ 14.165832209418856, 47.905523245837202 ], [ 14.166133077164, 47.905535922009705 ], [ 14.166202971219377, 47.905538836909557 ], [ 14.166535601690137, 47.905495951298931 ], [ 14.166943099283539, 47.905901655868554 ], [ 14.167048695436101, 47.905944889165063 ], [ 14.167209782381086, 47.906010754148177 ], [ 14.167332247536823, 47.906029393497327 ], [ 14.167669255735609, 47.906042614467388 ], [ 14.168184291368151, 47.906076410607746 ], [ 14.168335719697334, 47.90612389994191 ], [ 14.168780760782685, 47.906148482624367 ], [ 14.168809020045691, 47.906150077626812 ], [ 14.168599398965201, 47.906329374885956 ], [ 14.168421846897248, 47.906748570452969 ], [ 14.168403798910035, 47.906791436794798 ], [ 14.168376979359572, 47.906854789788468 ], [ 14.16820207343498, 47.907004504991704 ], [ 14.168855320042939, 47.907546800521636 ], [ 14.168956101651309, 47.907882560075066 ], [ 14.169465664804182, 47.908133308391207 ], [ 14.169713537578343, 47.908178118431252 ], [ 14.170000596846586, 47.908229931697953 ], [ 14.17006674181131, 47.908299269458219 ], [ 14.169991173397442, 47.908326627960257 ], [ 14.169660424335108, 47.908446164362097 ], [ 14.169617984312946, 47.908461586626046 ], [ 14.169525504404861, 47.90860278958516 ], [ 14.169494938535356, 47.908649435471084 ], [ 14.169466461556496, 47.908692827300378 ], [ 14.170277186441853, 47.908905853461967 ], [ 14.17030077588168, 47.908991694048758 ], [ 14.17032366466894, 47.90907556036175 ], [ 14.170565257351125, 47.90906220338838 ], [ 14.170632930821723, 47.909034811780025 ], [ 14.170699141066075, 47.909007970559713 ], [ 14.171129518135848, 47.908942680457876 ], [ 14.171685818367818, 47.909069281060574 ], [ 14.172227888785455, 47.909009654025404 ], [ 14.17246843740134, 47.909197833942081 ], [ 14.173033339190956, 47.909184911761265 ], [ 14.17347593263762, 47.909047278011442 ], [ 14.174078142606813, 47.909257205544378 ], [ 14.174126992156079, 47.909274214242949 ], [ 14.174115359945244, 47.909299760487727 ], [ 14.174139580950108, 47.909299764127802 ], [ 14.174168048314469, 47.909305854828915 ], [ 14.174429772648102, 47.909362609990943 ], [ 14.175009116712406, 47.909398786724999 ], [ 14.175638618107874, 47.909566131333513 ], [ 14.175806812664684, 47.909590096429255 ], [ 14.175845004150981, 47.909601693953299 ], [ 14.17616127008738, 47.909745948327981 ], [ 14.176561123329233, 47.909928458851176 ], [ 14.176706719163487, 47.909994783657019 ], [ 14.176730273039734, 47.910086021458646 ], [ 14.176737121366754, 47.910112332739402 ], [ 14.176780080258213, 47.910278194117538 ], [ 14.176724470387127, 47.910356424405286 ], [ 14.176765035892261, 47.910390676795444 ], [ 14.176861998072775, 47.910229731784483 ], [ 14.177163219620853, 47.910063695939137 ], [ 14.177829218065851, 47.910029318665693 ], [ 14.17828201419147, 47.910075940996371 ], [ 14.178613635569119, 47.910110042751249 ], [ 14.179160642101767, 47.910140137454995 ], [ 14.179354215898623, 47.910111458901021 ], [ 14.179556867717016, 47.910081453934659 ], [ 14.179723957739766, 47.91011135948159 ], [ 14.180427644784338, 47.910296758402154 ], [ 14.180862441937339, 47.910190553142208 ], [ 14.181346163539253, 47.910171798093998 ], [ 14.181428189650351, 47.91017146580846 ], [ 14.181568823283024, 47.910170793089407 ], [ 14.181886700767478, 47.910190681114557 ], [ 14.182550544346615, 47.910583381527793 ], [ 14.182556084479701, 47.910586669700585 ], [ 14.182561643634035, 47.910591127347246 ], [ 14.182796893106588, 47.910763400216716 ], [ 14.183009660095054, 47.910919103504526 ], [ 14.1833083658252, 47.911248896420531 ], [ 14.183689463075952, 47.91161685928207 ], [ 14.183726988786393, 47.911653110979522 ], [ 14.183724448127403, 47.911423165605655 ], [ 14.184022336189921, 47.911170881837712 ], [ 14.184160488484368, 47.911053901639939 ], [ 14.184350727796025, 47.910974127151718 ], [ 14.184392639785733, 47.910953539066199 ] ] ] } },
{ "type": "Feature", "properties": { "name": "Micheldorf in Oberösterreich", "feature_type": "circle", "metric_roundness": 51.9, "metric_rectangularity": 66.02, "metric_mobile_fit": 49.89, "metric_aspect_ratio": 1.064, "metric_area_km2": 111.82 }, "geometry": { "type": "Polygon", "coordinates": [ [ [ 14.216379864113271, 47.878647779621723 ], [ 14.216277892054645, 47.876035891484293 ], [ 14.215972255377098, 47.873431031223099 ], [ 14.215463791809515, 47.870840340194441 ], [ 14.214753895015193, 47.86827092197592 ], [ 14.213844510771898, 47.865729822866605 ], [ 14.212738131638634, 47.863224012533188 ], [ 14.2114377901237, 47.860760364855139 ], [ 14.209947050372804, 47.858345639022296 ], [ 14.208269998399983, 47.855986460937132 ], [ 14.206411230888126, 47.853689304973564 ], [ 14.204375842589775, 47.851460476143181 ], [ 14.202169412362784, 47.849306092718663 ], [ 14.199797987879036, 47.847232069363173 ], [ 14.197268069048205, 47.845244100812934 ], [ 14.194586590201956, 47.84334764615901 ], [ 14.191760901087413, 47.84154791377243 ], [ 14.188798746722036, 47.839849846915357 ], [ 14.185708246165039, 47.83825811007884 ], [ 14.182497870263632, 47.836777076085937 ], [ 14.179176418435008, 47.83541081399671 ], [ 14.175752994547759, 47.834163077849453 ], [ 14.172236981968803, 47.833037296270255 ], [ 14.168638017844223, 47.832036562980413 ], [ 14.164965966684521, 47.831163628228687 ], [ 14.161230893326687, 47.83042089117297 ], [ 14.157443035347173, 47.829810393233174 ], [ 14.15361277500141, 47.829333812434022 ], [ 14.149750610766766, 47.828992458754378 ], [ 14.145867128566953, 47.828787270496051 ], [ 14.141972972756745, 47.828718811682684 ], [ 14.138078816946535, 47.828787270496051 ], [ 14.134195334746723, 47.828992458754378 ], [ 14.130333170512079, 47.829333812434022 ], [ 14.126502910166316, 47.829810393233174 ], [ 14.1227150521868, 47.83042089117297 ], [ 14.118979978828968, 47.831163628228687 ], [ 14.115307927669267, 47.832036562980413 ], [ 14.111708963544686, 47.833037296270255 ], [ 14.10819295096573, 47.834163077849453 ], [ 14.104769527078483, 47.83541081399671 ], [ 14.101448075249857, 47.836777076085937 ], [ 14.09823769934845, 47.83825811007884 ], [ 14.095147198791453, 47.839849846915357 ], [ 14.092185044426074, 47.84154791377243 ], [ 14.089359355311533, 47.84334764615901 ], [ 14.086677876465284, 47.845244100812934 ], [ 14.084147957634453, 47.847232069363173 ], [ 14.081776533150704, 47.849306092718663 ], [ 14.079570102923713, 47.851460476143181 ], [ 14.077534714625363, 47.853689304973564 ], [ 14.075675947113504, 47.855986460937132 ], [ 14.073998895140685, 47.858345639022296 ], [ 14.072508155389787, 47.860760364855139 ], [ 14.071207813874857, 47.863224012533188 ], [ 14.070101434741591, 47.865729822866605 ], [ 14.069192050498298, 47.86827092197592 ], [ 14.068482153703973, 47.870840340194441 ], [ 14.067973690136391, 47.873431031223099 ], [ 14.067668053458844, 47.876035891484293 ], [ 14.067566081400217, 47.878647779621723 ], [ 14.067668053458844, 47.881259536091889 ], [ 14.067973690136391, 47.883864002793899 ], [ 14.068482153703973, 47.886454042683333 ], [ 14.069192050498298, 47.889022559316651 ], [ 14.070101434741591, 47.891562516272721 ], [ 14.071207813874857, 47.89406695639854 ], [ 14.072508155389787, 47.896529020826925 ], [ 14.073998895140685, 47.898941967714457 ], [ 14.075675947113504, 47.901299190649191 ], [ 14.077534714625363, 47.903594236678231 ], [ 14.079570102923713, 47.905820823906893 ], [ 14.081776533150704, 47.907972858621953 ], [ 14.084147957634453, 47.910044451893221 ], [ 14.086677876465284, 47.912029935608977 ], [ 14.089359355311533, 47.913923877902555 ], [ 14.092185044426074, 47.915721097928838 ], [ 14.095147198791453, 47.917416679951629 ], [ 14.09823769934845, 47.919005986704214 ], [ 14.101448075249857, 47.920484671988071 ], [ 14.104769527078483, 47.921848692476061 ], [ 14.10819295096573, 47.923094318689337 ], [ 14.111708963544686, 47.924218145118672 ], [ 14.115307927669267, 47.925217099463815 ], [ 14.118979978828968, 47.926088450966468 ], [ 14.1227150521868, 47.926829817815126 ], [ 14.126502910166316, 47.927439173602167 ], [ 14.130333170512079, 47.927914852816507 ], [ 14.134195334746723, 47.928255555357239 ], [ 14.138078816946535, 47.928460350056547 ], [ 14.141972972756745, 47.928528677202721 ], [ 14.145867128566953, 47.928460350056547 ], [ 14.149750610766766, 47.928255555357239 ], [ 14.15361277500141, 47.927914852816507 ], [ 14.157443035347173, 47.927439173602167 ], [ 14.161230893326687, 47.926829817815126 ], [ 14.164965966684521, 47.926088450966468 ], [ 14.168638017844223, 47.925217099463815 ], [ 14.172236981968803, 47.924218145118672 ], [ 14.175752994547759, 47.923094318689337 ], [ 14.179176418435008, 47.921848692476061 ], [ 14.182497870263632, 47.920484671988071 ], [ 14.185708246165039, 47.919005986704214 ], [ 14.188798746722036, 47.917416679951629 ], [ 14.191760901087413, 47.915721097928838 ], [ 14.194586590201956, 47.913923877902555 ], [ 14.197268069048205, 47.912029935608977 ], [ 14.199797987879036, 47.910044451893221 ], [ 14.202169412362784, 47.907972858621953 ], [ 14.204375842589775, 47.905820823906893 ], [ 14.206411230888126, 47.903594236678231 ], [ 14.208269998399983, 47.901299190649191 ], [ 14.209947050372804, 47.898941967714457 ], [ 14.2114377901237, 47.896529020826925 ], [ 14.212738131638634, 47.89406695639854 ], [ 14.213844510771898, 47.891562516272721 ], [ 14.214753895015193, 47.889022559316651 ], [ 14.215463791809515, 47.886454042683333 ], [ 14.215972255377098, 47.883864002793899 ], [ 14.216277892054645, 47.881259536091889 ], [ 14.216379864113271, 47.878647779621723 ] ] ] } },
{ "type": "Feature", "properties": { "name": "Micheldorf in Oberösterreich", "feature_type": "mrr", "metric_roundness": 51.9, "metric_rectangularity": 66.02, "metric_mobile_fit": 49.89, "metric_aspect_ratio": 1.064, "metric_area_km2": 111.82 }, "geometry": { "type": "Polygon", "coordinates": [ [ [ 14.086548031981261, 47.920526473650106 ], [ 14.203517145193674, 47.911335636399549 ], [ 14.190003488198547, 47.83401653064908 ], [ 14.073034374986133, 47.843221092420066 ], [ 14.086548031981261, 47.920526473650106 ] ] ] } }
]
}
