{
"type": "FeatureCollection",
"name": "ried_in_der_riedmark",
"crs": { "type": "name", "properties": { "name": "urn:ogc:def:crs:OGC:1.3:CRS84" } },
"features": [
{ "type": "Feature", "properties": { "name": "Ried in der Riedmark", "metric_roundness": 44.71, "metric_rectangularity": 50.4, "metric_mobile_fit": 45.76, "metric_aspect_ratio": 1.105, "metric_area_km2": 73.69 }, "geometry": { "type": "Polygon", "coordinates": [ [ [ 14.544560771865354, 48.274348375852647 ], [ 14.544563235176511, 48.274344211851748 ], [ 14.544566212213269, 48.274338962931232 ], [ 14.544742294139375, 48.274030711337751 ], [ 14.544770000840343, 48.273982201988915 ], [ 14.544786054282936, 48.273954055938376 ], [ 14.544924325800659, 48.273711871634653 ], [ 14.545004609032913, 48.273566103054208 ], [ 14.545082954906384, 48.273423953155721 ], [ 14.545133632226245, 48.273331931616376 ], [ 14.545563698046992, 48.272508955779514 ], [ 14.545555848888775, 48.272472961839412 ], [ 14.545359188084877, 48.2723846864168 ], [ 14.545274069655141, 48.272346528538982 ], [ 14.545841338869609, 48.271709157994678 ], [ 14.5458563087554, 48.271692358566654 ], [ 14.545863007411526, 48.27168491167275 ], [ 14.546352054678211, 48.271137688209059 ], [ 14.546373063839601, 48.2711140784074 ], [ 14.546360938532644, 48.271108447102577 ], [ 14.546268845225699, 48.271065864444381 ], [ 14.546124436624781, 48.270998996875605 ], [ 14.546194588925486, 48.270852523159256 ], [ 14.546312331250704, 48.270810631731614 ], [ 14.546325243865613, 48.270809597462708 ], [ 14.54662879753444, 48.270784121073007 ], [ 14.546646806622311, 48.270770528558238 ], [ 14.546758709050476, 48.270686414270166 ], [ 14.547034641237451, 48.270793562639369 ], [ 14.547057171394133, 48.270512548450959 ], [ 14.547076564786579, 48.270241463042403 ], [ 14.54722747899801, 48.27025815133733 ], [ 14.547530928614629, 48.270291690352607 ], [ 14.547987696105929, 48.270386963022389 ], [ 14.548789112497431, 48.270611781332974 ], [ 14.548824143518699, 48.27062302077902 ], [ 14.54892841988895, 48.270656387729488 ], [ 14.549054119806401, 48.270689620692337 ], [ 14.549105377010029, 48.270703209507296 ], [ 14.549684903993974, 48.270820943333128 ], [ 14.54984244498832, 48.270867247272363 ], [ 14.549975560472642, 48.270906339369667 ], [ 14.550076168551618, 48.270932636463968 ], [ 14.550242267257387, 48.270976061469419 ], [ 14.550430345400274, 48.271048764679321 ], [ 14.550546431400349, 48.271085695197947 ], [ 14.550613777109115, 48.27110721184232 ], [ 14.550651522389046, 48.271119232026159 ], [ 14.550819243543385, 48.271168576899768 ], [ 14.55093607931089, 48.27120298018086 ], [ 14.551037252704534, 48.271230350110542 ], [ 14.551253564688004, 48.271128045363845 ], [ 14.551434241661839, 48.271011808932293 ], [ 14.551523013210799, 48.270912818122859 ], [ 14.55159470964716, 48.27083271866357 ], [ 14.551627838435516, 48.270797375549016 ], [ 14.551640063593752, 48.270784292636741 ], [ 14.551772567661788, 48.2706424703523 ], [ 14.551910879883192, 48.270466850350594 ], [ 14.551977991687163, 48.27035800998042 ], [ 14.551993962880298, 48.270315109511046 ], [ 14.552001057187105, 48.270295872743539 ], [ 14.552059710885498, 48.270234262355977 ], [ 14.55207339028356, 48.270219994619424 ], [ 14.552287365782803, 48.26999563035676 ], [ 14.55240913566721, 48.269884597658688 ], [ 14.55244577328852, 48.2697979376901 ], [ 14.552403550671444, 48.269721550339085 ], [ 14.552422262308141, 48.269720724518947 ], [ 14.552496302628244, 48.269717519621381 ], [ 14.552711597395977, 48.269807297130008 ], [ 14.552870128267854, 48.269861323568598 ], [ 14.553013037268068, 48.269910025724897 ], [ 14.553203415643262, 48.269960209216094 ], [ 14.553456583960335, 48.270027277020112 ], [ 14.553874645833913, 48.270138046654139 ], [ 14.553923661373556, 48.270147968325013 ], [ 14.554242267073674, 48.270212638566527 ], [ 14.554309766633434, 48.2702177779069 ], [ 14.55452090466486, 48.270233824729154 ], [ 14.554745333494861, 48.270259177926235 ], [ 14.554854236661715, 48.27027143930578 ], [ 14.554868747469049, 48.270275335360942 ], [ 14.555035134482699, 48.270319470248346 ], [ 14.555200833663116, 48.27039159112735 ], [ 14.555214176519174, 48.270397388663397 ], [ 14.555272857328646, 48.270422862109747 ], [ 14.555610323729942, 48.270601495674327 ], [ 14.555706938621736, 48.270652660120497 ], [ 14.556163970613945, 48.2708783468332 ], [ 14.556859456739415, 48.271243668492332 ], [ 14.557201821185306, 48.271418107613719 ], [ 14.557251062626282, 48.271443229545412 ], [ 14.55727349425384, 48.27145154021202 ], [ 14.557478909734417, 48.271527468409552 ], [ 14.557753727001456, 48.271631904400628 ], [ 14.557789004695875, 48.271602114698254 ], [ 14.557803880271239, 48.271575778432208 ], [ 14.557978349677317, 48.271265723222598 ], [ 14.558001308881877, 48.271210783040175 ], [ 14.558177401084331, 48.270901070237485 ], [ 14.558443803512017, 48.270963129865898 ], [ 14.5585301754471, 48.270991278932307 ], [ 14.558593187616722, 48.271011757052975 ], [ 14.558633791547212, 48.271024914103087 ], [ 14.55872708359424, 48.27105505933261 ], [ 14.558731287728016, 48.271056184593867 ], [ 14.558840890230504, 48.271086517802189 ], [ 14.558966753525141, 48.271120638057383 ], [ 14.559137509002744, 48.271166880263387 ], [ 14.559423470673405, 48.270477346410459 ], [ 14.559468317238418, 48.270259608988958 ], [ 14.5594805164055, 48.270199923774399 ], [ 14.559498182743178, 48.270080804215723 ], [ 14.559552906467006, 48.269710922206215 ], [ 14.559624137941938, 48.26924136508223 ], [ 14.559682610454127, 48.269246596449882 ], [ 14.559753554610861, 48.269249267269473 ], [ 14.559966654439648, 48.269257186685664 ], [ 14.56001262081257, 48.268910337643788 ], [ 14.56009503187185, 48.268287002258681 ], [ 14.560222729927791, 48.26788063404215 ], [ 14.56057389752227, 48.267095135628445 ], [ 14.560586168226099, 48.267067027111572 ], [ 14.560681135199864, 48.26685505763605 ], [ 14.560686127246194, 48.266843939290517 ], [ 14.560667872281044, 48.26674445080161 ], [ 14.560671503156554, 48.266664433721182 ], [ 14.560673878119692, 48.266611059492305 ], [ 14.560846162384275, 48.266426433111775 ], [ 14.56090616537236, 48.266365523494315 ], [ 14.5609765736677, 48.266300185724333 ], [ 14.561097766221515, 48.26619436753829 ], [ 14.561205270680471, 48.265937282745469 ], [ 14.561236229095776, 48.265890354157214 ], [ 14.561313227142122, 48.265773306739902 ], [ 14.561354880311541, 48.265688659884994 ], [ 14.561428558318141, 48.265488339894553 ], [ 14.561428324544421, 48.265472778428745 ], [ 14.561427317032045, 48.265407474521119 ], [ 14.561485050282711, 48.265290630327684 ], [ 14.561507298725564, 48.265245772830376 ], [ 14.561513209983547, 48.265233655119602 ], [ 14.561606566189262, 48.265045002584365 ], [ 14.561726592258278, 48.264804788307295 ], [ 14.561734073351873, 48.264688294643292 ], [ 14.561751861264158, 48.264540474290129 ], [ 14.561753440396879, 48.264527502658467 ], [ 14.561754219310462, 48.264520567130226 ], [ 14.561759181379518, 48.264479760597496 ], [ 14.561764361725718, 48.264436792599327 ], [ 14.561769298212578, 48.26439490675498 ], [ 14.561772447937544, 48.264368603719618 ], [ 14.561867231283783, 48.264393872549633 ], [ 14.561873874613562, 48.264395601690531 ], [ 14.561887704369893, 48.264399234165616 ], [ 14.561896113826755, 48.26440157440824 ], [ 14.561901177822005, 48.264393514043817 ], [ 14.561957386405386, 48.264303405248207 ], [ 14.56196595752154, 48.264289819975509 ], [ 14.561941950562144, 48.26427747842709 ], [ 14.561885476107848, 48.264248296452671 ], [ 14.561896858814391, 48.264211200629575 ], [ 14.561925264136464, 48.264119136344569 ], [ 14.561942904869415, 48.264061822262271 ], [ 14.561977933850608, 48.263947916471118 ], [ 14.562075879144155, 48.263515229831462 ], [ 14.562089086664614, 48.263435741175563 ], [ 14.56208966429805, 48.263431686648119 ], [ 14.562171492717903, 48.262938713550845 ], [ 14.562134644634233, 48.262680093430603 ], [ 14.562127899493753, 48.262480712158464 ], [ 14.562130648035842, 48.262386309777725 ], [ 14.562130131628455, 48.262319021366501 ], [ 14.562130001288663, 48.26229077371336 ], [ 14.562166823467848, 48.262110454602329 ], [ 14.562194578475847, 48.261973954278112 ], [ 14.562319636670127, 48.261957878814862 ], [ 14.562471534202402, 48.261948626864303 ], [ 14.562567724704055, 48.26194248242242 ], [ 14.56273171974861, 48.26193202271174 ], [ 14.5627811724653, 48.261932219771445 ], [ 14.562840056459422, 48.261932407090534 ], [ 14.562964106043493, 48.261936313842448 ], [ 14.562968555476957, 48.261936446738993 ], [ 14.56314878830965, 48.26194596697453 ], [ 14.563341218744664, 48.26196417453535 ], [ 14.563716966939257, 48.262008332126534 ], [ 14.564243295051371, 48.2620728467097 ], [ 14.564464712220305, 48.262114496479754 ], [ 14.564569061092072, 48.262134173993097 ], [ 14.564572576708782, 48.262117673166159 ], [ 14.564622444999676, 48.261959436472075 ], [ 14.564640058703656, 48.261543611130982 ], [ 14.564622020136754, 48.261243498425145 ], [ 14.564667485792382, 48.260990664903019 ], [ 14.564628664795455, 48.260842363427649 ], [ 14.564679196905816, 48.260530549036908 ], [ 14.564798894993618, 48.260044909322417 ], [ 14.564861048493952, 48.259865130583847 ], [ 14.564938825301031, 48.25963975394211 ], [ 14.564947775737279, 48.259613839157197 ], [ 14.564958120249969, 48.259584221036491 ], [ 14.565135627464446, 48.259201338670699 ], [ 14.565189069410593, 48.259085977072516 ], [ 14.565207397194884, 48.259046468163348 ], [ 14.565271214961967, 48.258908505319049 ], [ 14.565272838010198, 48.258891754593485 ], [ 14.565278658756847, 48.258830516576928 ], [ 14.565284913582257, 48.258764865663728 ], [ 14.565285118878375, 48.258762164531881 ], [ 14.565323387752771, 48.258586596857945 ], [ 14.565326902889216, 48.258570095984538 ], [ 14.565330954563123, 48.258559167274029 ], [ 14.565403617152725, 48.258362543249206 ], [ 14.565403484774226, 48.258351298992949 ], [ 14.565407789414538, 48.258294305381213 ], [ 14.56545993237267, 48.258158355311409 ], [ 14.56545687301618, 48.258006886189968 ], [ 14.565454155456132, 48.257875475697581 ], [ 14.565397694182781, 48.25786932637827 ], [ 14.565282612340797, 48.257856870597358 ], [ 14.56512264306761, 48.257894460943319 ], [ 14.564918777190318, 48.257921720033146 ], [ 14.564826109064377, 48.25793403682087 ], [ 14.564463151405693, 48.258001844381461 ], [ 14.564432048269449, 48.258002623411421 ], [ 14.564218910081273, 48.258008207811976 ], [ 14.564105540790369, 48.257994113370039 ], [ 14.56416133184117, 48.257864152969418 ], [ 14.564182270783196, 48.257815440118016 ], [ 14.564189670933567, 48.257797998513084 ], [ 14.564196312023876, 48.257782634141087 ], [ 14.564313490850209, 48.257559899577991 ], [ 14.564446526775757, 48.257307128554089 ], [ 14.564452199086078, 48.257296362646663 ], [ 14.564484428368472, 48.257235204976851 ], [ 14.564506240888692, 48.257194939539879 ], [ 14.564307864630631, 48.257129835097551 ], [ 14.564017022505936, 48.256988968323107 ], [ 14.563601069829645, 48.256787528100091 ], [ 14.563509520739551, 48.256733347677098 ], [ 14.563465207875232, 48.256699719496382 ], [ 14.563392085786798, 48.256644264511465 ], [ 14.563359878525231, 48.256638217578129 ], [ 14.563347429611396, 48.25663592016425 ], [ 14.56332807746896, 48.256632256305643 ], [ 14.563192892257968, 48.256612723887436 ], [ 14.562963836222744, 48.256622882660658 ], [ 14.562873385395021, 48.256626357880748 ], [ 14.562661392019463, 48.256634536380851 ], [ 14.56194333039435, 48.256663265330992 ], [ 14.561919133602546, 48.256688261367231 ], [ 14.561523875455238, 48.256654830249779 ], [ 14.56127067033202, 48.256629434510813 ], [ 14.560992753634638, 48.25660160009533 ], [ 14.560762373065533, 48.256578571335254 ], [ 14.560509305503368, 48.256553262460208 ], [ 14.560299855212339, 48.25653226108826 ], [ 14.559653635844478, 48.256442813407133 ], [ 14.559206380049879, 48.256352434889315 ], [ 14.559081445778951, 48.256304810490391 ], [ 14.558873879245679, 48.256277938974719 ], [ 14.558609187342237, 48.256171060050342 ], [ 14.558388158029626, 48.256081803669019 ], [ 14.558379062186361, 48.256090266236846 ], [ 14.558364689320603, 48.256103462575034 ], [ 14.558341885530609, 48.256124754612017 ], [ 14.558293786023494, 48.256147392637573 ], [ 14.557995901685878, 48.256306439205616 ], [ 14.557942309755203, 48.256381764555336 ], [ 14.557515538100718, 48.256982186490312 ], [ 14.557464716039069, 48.257117849060172 ], [ 14.557440129447681, 48.257183512492453 ], [ 14.557318136626954, 48.257534580829692 ], [ 14.557128403033897, 48.258080956292275 ], [ 14.557117175171403, 48.258113281938563 ], [ 14.556509851705586, 48.257982743232809 ], [ 14.555738952521882, 48.257816944925182 ], [ 14.554846598456024, 48.257625157684103 ], [ 14.554169548059374, 48.257479505241292 ], [ 14.553945310605206, 48.257431298244342 ], [ 14.553879209445251, 48.257450524706258 ], [ 14.553815650428591, 48.257469004734631 ], [ 14.553506765555882, 48.257413318316907 ], [ 14.553116972632706, 48.257343005601705 ], [ 14.55306112695181, 48.257328567073621 ], [ 14.553003517637281, 48.257313607222031 ], [ 14.552401817707006, 48.257157798050997 ], [ 14.552049931243376, 48.257049299160315 ], [ 14.551821263377644, 48.256978643255998 ], [ 14.551560301359315, 48.256898159098142 ], [ 14.551389790817373, 48.25684857479844 ], [ 14.551311927971682, 48.256825909289731 ], [ 14.550902366741292, 48.256733844745838 ], [ 14.550799009258194, 48.25672700972968 ], [ 14.550540748247675, 48.256709830435035 ], [ 14.550204943609419, 48.256712264559312 ], [ 14.550063509751089, 48.256713294342589 ], [ 14.549760379072426, 48.256741745137546 ], [ 14.549562504993988, 48.256760367956026 ], [ 14.549231245084382, 48.256795768909868 ], [ 14.549014345938133, 48.25681890799369 ], [ 14.548943024136985, 48.256828110127927 ], [ 14.548833286581859, 48.256842211930831 ], [ 14.54856922087928, 48.256876279016076 ], [ 14.54849088362753, 48.256925318703644 ], [ 14.54847667625063, 48.256934193737756 ], [ 14.548457689582124, 48.256946087544861 ], [ 14.548385118012378, 48.256976714061963 ], [ 14.54824317346182, 48.257036494106742 ], [ 14.548122391363027, 48.257079499392681 ], [ 14.547480521176633, 48.257163661241712 ], [ 14.547188050209561, 48.257210256905651 ], [ 14.547000003719061, 48.257240198324538 ], [ 14.546993967910057, 48.257241340884342 ], [ 14.546984442779898, 48.257243059642285 ], [ 14.546927163608872, 48.257253643408141 ], [ 14.546909588619618, 48.257256795624876 ], [ 14.546795297469913, 48.257277870301152 ], [ 14.546555577654447, 48.257321934784201 ], [ 14.545935095607836, 48.257462542865603 ], [ 14.545665861725832, 48.257523556696576 ], [ 14.544746886421352, 48.257655213857866 ], [ 14.544092697770003, 48.257748931478389 ], [ 14.542462229379016, 48.258001780032664 ], [ 14.542322524541641, 48.258019335928736 ], [ 14.542240204904651, 48.258013444171247 ], [ 14.542003527095057, 48.258038035162812 ], [ 14.541827194007166, 48.258056330930771 ], [ 14.541819539582695, 48.258057400071827 ], [ 14.541657609506899, 48.258080943827672 ], [ 14.541392288514839, 48.258119415811485 ], [ 14.541182290286271, 48.258155783311729 ], [ 14.541014156798536, 48.258184878437199 ], [ 14.540666997962125, 48.258261353902043 ], [ 14.540484024502849, 48.25830697588502 ], [ 14.540271330750718, 48.258378096115436 ], [ 14.540142457308285, 48.258421176952005 ], [ 14.539876826662097, 48.258533329827763 ], [ 14.539647082428917, 48.258630265719553 ], [ 14.539254197251044, 48.258756781712442 ], [ 14.538911767521284, 48.258845707929979 ], [ 14.538532408858767, 48.258910905206918 ], [ 14.538537814976994, 48.258940627527387 ], [ 14.538216723668425, 48.258991275482209 ], [ 14.538011746182294, 48.259023626731548 ], [ 14.537883919513678, 48.259042313733111 ], [ 14.53782874358251, 48.259050802003046 ], [ 14.537718656879429, 48.259067595788743 ], [ 14.537672204763272, 48.259074644183585 ], [ 14.537645535016843, 48.259040103962427 ], [ 14.537544964643407, 48.258909706706824 ], [ 14.537490246204944, 48.258845048746615 ], [ 14.537325092474548, 48.258648655996353 ], [ 14.537310676118315, 48.258625414384724 ], [ 14.537290943053005, 48.25859368115195 ], [ 14.537274288110071, 48.258566864116609 ], [ 14.537263859348453, 48.258547089850182 ], [ 14.537049510689707, 48.258703867691537 ], [ 14.536939818422265, 48.258784081804855 ], [ 14.536874430940797, 48.258869235276407 ], [ 14.536531644326885, 48.259128821198864 ], [ 14.536163559650769, 48.259111036578375 ], [ 14.536134619154673, 48.25914120412876 ], [ 14.536061615145902, 48.259217529366758 ], [ 14.535932426387477, 48.259282110291714 ], [ 14.53563717995959, 48.25934939722562 ], [ 14.535448749595902, 48.259375005464506 ], [ 14.535312975444292, 48.259434525756674 ], [ 14.535102138866218, 48.259597920949332 ], [ 14.535012120703156, 48.259620352509749 ], [ 14.534939380420633, 48.259638377176195 ], [ 14.534918082393604, 48.259643725174762 ], [ 14.534895308947512, 48.259649358304316 ], [ 14.534742821635993, 48.259650483558843 ], [ 14.534645025430509, 48.259651223720013 ], [ 14.534611574051031, 48.25964374226686 ], [ 14.534423474011147, 48.25960223177934 ], [ 14.534306953765276, 48.25955656330413 ], [ 14.534274457192049, 48.259543763981782 ], [ 14.534233635243968, 48.259503071594672 ], [ 14.534223291425956, 48.259492742485669 ], [ 14.534147286432633, 48.259503603189536 ], [ 14.534110628807223, 48.259508929674737 ], [ 14.534004839809187, 48.259525225732055 ], [ 14.533691714878413, 48.259559495273109 ], [ 14.533653815754192, 48.25956357492003 ], [ 14.533466216204721, 48.259584403228779 ], [ 14.533453550545973, 48.259584353978298 ], [ 14.533437917395915, 48.259584155413926 ], [ 14.533325528263017, 48.259583065805039 ], [ 14.533218236131537, 48.259639230984135 ], [ 14.533150849038785, 48.259713966989068 ], [ 14.533027099363576, 48.25973431588875 ], [ 14.532859994242648, 48.259761679179213 ], [ 14.532843387987509, 48.25977183650145 ], [ 14.532676920985864, 48.259873413757582 ], [ 14.532609601694356, 48.259904515893119 ], [ 14.532469763723661, 48.259969112724022 ], [ 14.532464214373492, 48.259868949352722 ], [ 14.532361665435396, 48.259809820152626 ], [ 14.532210521300101, 48.259822443708146 ], [ 14.531999835857388, 48.259882102390371 ], [ 14.5319634475543, 48.259922421649264 ], [ 14.531878262040673, 48.259944171211664 ], [ 14.531786571967841, 48.259940977569357 ], [ 14.53164321124806, 48.259928959853063 ], [ 14.531638344747678, 48.259916594872493 ], [ 14.531619144008291, 48.259866952285932 ], [ 14.531490398079958, 48.259869358090462 ], [ 14.531432825467078, 48.259890822893972 ], [ 14.531410535951053, 48.259888263573259 ], [ 14.531370549109818, 48.259883637409196 ], [ 14.531208577198109, 48.259864973536196 ], [ 14.53117762901544, 48.259849188579359 ], [ 14.531097740774435, 48.259808627520464 ], [ 14.531075796296342, 48.259786002478876 ], [ 14.530941656144186, 48.259823189554368 ], [ 14.530869765960519, 48.259843092161766 ], [ 14.530724770507669, 48.259958659927378 ], [ 14.530512092023947, 48.259937908074441 ], [ 14.53040939419752, 48.259936446003387 ], [ 14.530375568451181, 48.259936074391995 ], [ 14.530333654611939, 48.25993551610884 ], [ 14.530226509693451, 48.259934009675177 ], [ 14.530170581063484, 48.259933325646855 ], [ 14.530027688473783, 48.259964933943593 ], [ 14.529915187455348, 48.259988222581725 ], [ 14.52985202332218, 48.26001847067662 ], [ 14.529571251738997, 48.260153066595386 ], [ 14.529503024673438, 48.260185795604734 ], [ 14.529468396669065, 48.260179854175924 ], [ 14.529439046802082, 48.260174938037089 ], [ 14.529373985147879, 48.260163821684678 ], [ 14.529266285804537, 48.26012660413766 ], [ 14.529225631808265, 48.260128101685652 ], [ 14.529120761974246, 48.260131788783561 ], [ 14.529034741595396, 48.260134922168703 ], [ 14.528976699140459, 48.260141906279586 ], [ 14.528923493370254, 48.260148300860521 ], [ 14.528924921216701, 48.260151794801601 ], [ 14.528943257383254, 48.260199107610084 ], [ 14.528944401321334, 48.260201974717262 ], [ 14.528833202687167, 48.260217511959858 ], [ 14.528615503087828, 48.260247818135504 ], [ 14.528598850207162, 48.260250148404694 ], [ 14.528591731908273, 48.260251121194919 ], [ 14.528361747492513, 48.260274535892442 ], [ 14.528343198448006, 48.260276435782608 ], [ 14.528086870693581, 48.260349421125291 ], [ 14.527915631057533, 48.260355408173204 ], [ 14.527888691273724, 48.260355684835119 ], [ 14.527888264039696, 48.26040148116072 ], [ 14.527837582083379, 48.260388776845168 ], [ 14.527772402433278, 48.260372532833507 ], [ 14.527567374747912, 48.260321289029527 ], [ 14.527386077018271, 48.260282486272438 ], [ 14.527337424064479, 48.26027012077077 ], [ 14.527303272928588, 48.260261474869608 ], [ 14.527167476690479, 48.260226882869716 ], [ 14.527103915906588, 48.260210711836294 ], [ 14.52679948944656, 48.260119822802615 ], [ 14.526514209692717, 48.260093960843065 ], [ 14.526310102189884, 48.26004747352161 ], [ 14.525945910376011, 48.260076038309286 ], [ 14.525908636188896, 48.260078039832017 ], [ 14.525877011053248, 48.260079623569219 ], [ 14.525760204631414, 48.260085679126213 ], [ 14.525673808980089, 48.26009007337548 ], [ 14.525589433788685, 48.26009444685112 ], [ 14.525392208591082, 48.260095298667409 ], [ 14.525339475401138, 48.260092960208127 ], [ 14.525250191434331, 48.26008892707987 ], [ 14.525153454660126, 48.26006544795387 ], [ 14.525131064458778, 48.260052632514139 ], [ 14.525034263499773, 48.259997036629152 ], [ 14.525028763612244, 48.259998082584964 ], [ 14.524900001066664, 48.26002324227381 ], [ 14.52483213309192, 48.260036532513226 ], [ 14.524752119515709, 48.26004895750696 ], [ 14.524709158649735, 48.260055605079586 ], [ 14.524580354089075, 48.260055484826097 ], [ 14.524564186169922, 48.260055470474136 ], [ 14.524424062827217, 48.260055286033904 ], [ 14.524408837795793, 48.260055262005352 ], [ 14.524378659194985, 48.260055301127117 ], [ 14.524369806290705, 48.260057011135693 ], [ 14.524168075108161, 48.260096321841061 ], [ 14.524032910542417, 48.260147815724714 ], [ 14.52374543364046, 48.260284445273633 ], [ 14.523671130446614, 48.260299150151987 ], [ 14.523052425985124, 48.260421533999484 ], [ 14.522871111359464, 48.260434723851056 ], [ 14.522842326975509, 48.260436817496043 ], [ 14.522839148828613, 48.260409860669107 ], [ 14.522827647950253, 48.260307868654621 ], [ 14.522787596969783, 48.259953818343263 ], [ 14.522447482312705, 48.259939572783367 ], [ 14.522160909587331, 48.259939443226685 ], [ 14.522124398184943, 48.25993945652349 ], [ 14.521568578155634, 48.259977972723284 ], [ 14.520745508139894, 48.26003064018488 ], [ 14.520699901024342, 48.260033534780902 ], [ 14.520688327268337, 48.26003410274491 ], [ 14.520670159473733, 48.260035007910069 ], [ 14.520646647258165, 48.260261508362305 ], [ 14.520645113573135, 48.260276907927825 ], [ 14.520596897540671, 48.260277669965497 ], [ 14.520221400174123, 48.260283391262192 ], [ 14.520162006175669, 48.260284357139334 ], [ 14.519857765733192, 48.260307073178566 ], [ 14.519656302587363, 48.260340615559798 ], [ 14.519608385761487, 48.260348571285114 ], [ 14.5194721536658, 48.260371282103215 ], [ 14.519177297163644, 48.260433215089172 ], [ 14.519144043902383, 48.26044021145163 ], [ 14.518988937964805, 48.260480117366313 ], [ 14.51877570109993, 48.260535009803 ], [ 14.518769933685782, 48.260536148151694 ], [ 14.518756794795875, 48.26053898098121 ], [ 14.518855312063979, 48.260823163919653 ], [ 14.518819837513741, 48.260827303965442 ], [ 14.51869796439485, 48.260841680761963 ], [ 14.518613368170206, 48.260865933529601 ], [ 14.518514921708302, 48.260861898625087 ], [ 14.518432382249172, 48.260858241361639 ], [ 14.518417950801258, 48.26085757871143 ], [ 14.518168981832639, 48.260822869714843 ], [ 14.517710587521934, 48.260738653216094 ], [ 14.51714832093972, 48.260642807125343 ], [ 14.516804442820556, 48.260587739550431 ], [ 14.516770230363766, 48.260582239949755 ], [ 14.516726752360649, 48.260578094103209 ], [ 14.516625485365532, 48.260568508514481 ], [ 14.516478713792287, 48.260554527620094 ], [ 14.516457514637963, 48.260552494135844 ], [ 14.516295658840207, 48.26053875639986 ], [ 14.516259481363941, 48.260535705669923 ], [ 14.51616201689821, 48.260527430473935 ], [ 14.515903454456831, 48.260509097747843 ], [ 14.51584772096901, 48.260505166132823 ], [ 14.515838275589214, 48.26050454243979 ], [ 14.515826401514969, 48.260503763507053 ], [ 14.515821815575629, 48.260503540233884 ], [ 14.515646702754607, 48.260493355008641 ], [ 14.515500191416384, 48.26048485806119 ], [ 14.515442031342776, 48.2604808609495 ], [ 14.515233410699244, 48.26046651740841 ], [ 14.514976023198223, 48.260434676046778 ], [ 14.514955081255476, 48.260432099891233 ], [ 14.514862647662449, 48.260419904041136 ], [ 14.514803908922051, 48.260402327882929 ], [ 14.514791051012704, 48.260399759552122 ], [ 14.51475348984876, 48.26039510305263 ], [ 14.514723361741881, 48.260391450619942 ], [ 14.514487867904093, 48.260362534572295 ], [ 14.514176682898199, 48.260299300399708 ], [ 14.514060688064593, 48.260293730563326 ], [ 14.513682404239027, 48.260242151797513 ], [ 14.513620776805544, 48.260233780715069 ], [ 14.51342538253216, 48.260249977552832 ], [ 14.513374684902635, 48.260254180415544 ], [ 14.513218596406498, 48.260310282136764 ], [ 14.51296375032563, 48.260401931482029 ], [ 14.51295199497029, 48.260406368979183 ], [ 14.512943043753014, 48.260409698467242 ], [ 14.51282641660681, 48.260453344254763 ], [ 14.512501514290658, 48.260574851331235 ], [ 14.512199456102213, 48.260687849256499 ], [ 14.512122835071155, 48.260713365916644 ], [ 14.511898992168581, 48.260788055307437 ], [ 14.5117738017238, 48.260834395740915 ], [ 14.511678940848554, 48.260869543129836 ], [ 14.511591457736639, 48.260903266244888 ], [ 14.51148514310267, 48.260944287199678 ], [ 14.511397565898935, 48.260979810402439 ], [ 14.510715293702283, 48.261235469187064 ], [ 14.510666660449219, 48.26125350444476 ], [ 14.510584755924315, 48.261283751683131 ], [ 14.510579827082777, 48.261286230598643 ], [ 14.510499218512438, 48.261326090826081 ], [ 14.510423587668264, 48.261365630732797 ], [ 14.510343882985612, 48.261403772383098 ], [ 14.510152352886738, 48.261495494458721 ], [ 14.509982688887609, 48.261571161335993 ], [ 14.50953972126219, 48.261768794291172 ], [ 14.509419572992437, 48.261859433462782 ], [ 14.50941280298002, 48.261869847786038 ], [ 14.509296093823163, 48.261927975000354 ], [ 14.50905521491261, 48.262047993001552 ], [ 14.508884679865387, 48.26213293333435 ], [ 14.508838314565416, 48.262155982877239 ], [ 14.508814600218649, 48.262167827888845 ], [ 14.508523272359097, 48.262285385724624 ], [ 14.508458425360034, 48.262319327552994 ], [ 14.508377285130559, 48.262353703822114 ], [ 14.508250068570772, 48.262417963686573 ], [ 14.508201714762519, 48.262442472477737 ], [ 14.508188127683278, 48.26244935701181 ], [ 14.508182531204717, 48.262452112457623 ], [ 14.508170276906769, 48.262458353780175 ], [ 14.508055314162423, 48.262516372106582 ], [ 14.507861226430864, 48.262614503565644 ], [ 14.507709131693233, 48.262663090368065 ], [ 14.507440432548004, 48.262715103050738 ], [ 14.507173210575704, 48.262731204539357 ], [ 14.507155986576416, 48.262732188021943 ], [ 14.506927019367682, 48.262706159590827 ], [ 14.506897039797046, 48.262697195749254 ], [ 14.506713364384028, 48.262642281316879 ], [ 14.506538207143466, 48.262576754892301 ], [ 14.506333615908035, 48.262502528612039 ], [ 14.506305493948101, 48.262492286390881 ], [ 14.506215601163339, 48.262461435485925 ], [ 14.506071389248135, 48.262411789875912 ], [ 14.506016396526213, 48.262393002005041 ], [ 14.505833089096413, 48.262330435542516 ], [ 14.505710999438598, 48.262287853594131 ], [ 14.505578995238164, 48.262241772869963 ], [ 14.50542083384399, 48.262176973146317 ], [ 14.505384930433744, 48.262162220944283 ], [ 14.50522097408617, 48.262109264630993 ], [ 14.50504968223712, 48.262041717838471 ], [ 14.505023315994881, 48.262031637553584 ], [ 14.504983218691496, 48.262016117796023 ], [ 14.504624253759268, 48.261901340163909 ], [ 14.50446302623072, 48.261843857113632 ], [ 14.504303095993393, 48.26177817405474 ], [ 14.5042768484874, 48.261767372694827 ], [ 14.503586971501322, 48.261682012049761 ], [ 14.503446554425029, 48.261663002777659 ], [ 14.503336004192326, 48.261648011207008 ], [ 14.503082940798187, 48.26161663986116 ], [ 14.502879465750706, 48.261591516703561 ], [ 14.502752037428344, 48.26157489499677 ], [ 14.502641389383554, 48.261561523105442 ], [ 14.502633282885952, 48.26156052502558 ], [ 14.502582233452896, 48.261555190512105 ], [ 14.502473111830623, 48.26154378232679 ], [ 14.502420705266299, 48.261538011562919 ], [ 14.502219042796675, 48.261515567959606 ], [ 14.501724998753833, 48.261468712116553 ], [ 14.501638182429874, 48.261460587702246 ], [ 14.501491551128929, 48.261446766444777 ], [ 14.501438628245959, 48.261441990029702 ], [ 14.501306139789103, 48.261433964141332 ], [ 14.501242189567975, 48.261430108036294 ], [ 14.501203577585771, 48.261426627252526 ], [ 14.501058601402899, 48.261414498150245 ], [ 14.501016756587818, 48.261411049758088 ], [ 14.50100685041277, 48.261407910495123 ], [ 14.500927601055594, 48.261382796360643 ], [ 14.50086694792599, 48.261339862577998 ], [ 14.500841619017471, 48.261321944074446 ], [ 14.500811506342151, 48.261235161150076 ], [ 14.500812972936025, 48.261228489093924 ], [ 14.500829213823771, 48.261153925853918 ], [ 14.500943630845679, 48.261071449950975 ], [ 14.501064162756524, 48.260985313982118 ], [ 14.501155523832844, 48.260920072511212 ], [ 14.501160030758818, 48.260916788558383 ], [ 14.501218984407444, 48.260836398576373 ], [ 14.501231504529111, 48.260818010173402 ], [ 14.501182017789997, 48.260774334686445 ], [ 14.501170857918051, 48.260763381154078 ], [ 14.501118020959259, 48.260726486577781 ], [ 14.5010377689328, 48.260698683666575 ], [ 14.500937001675037, 48.260717148212876 ], [ 14.500920223792225, 48.260725953171203 ], [ 14.500528229801873, 48.260932756065102 ], [ 14.50044422719888, 48.260977771265921 ], [ 14.500337590345007, 48.261034798770758 ], [ 14.500244894547643, 48.261082689921317 ], [ 14.500190555552399, 48.26111076400931 ], [ 14.499894462969694, 48.261268651820508 ], [ 14.499886208553404, 48.261273052872973 ], [ 14.499822024611479, 48.261306713317026 ], [ 14.499806977246994, 48.261314601115252 ], [ 14.499680341999655, 48.261381094827343 ], [ 14.499473095203951, 48.261487710817633 ], [ 14.49923449163273, 48.261607955385351 ], [ 14.498956871725243, 48.261748742345674 ], [ 14.498823917414567, 48.261815928160551 ], [ 14.498529478058023, 48.261909831444939 ], [ 14.49822344637934, 48.261997552583317 ], [ 14.498017610109864, 48.262071224977561 ], [ 14.497595946302756, 48.262163700697819 ], [ 14.497513926590489, 48.26217720649904 ], [ 14.497500235193067, 48.262179502656828 ], [ 14.497350695264988, 48.262204209840178 ], [ 14.497242633575697, 48.262222024415173 ], [ 14.497139334915238, 48.2622419503694 ], [ 14.497044486242203, 48.262260172347062 ], [ 14.496779225218786, 48.262345682473942 ], [ 14.496670740166868, 48.262380683849898 ], [ 14.496619382648273, 48.262397660846787 ], [ 14.496460090681538, 48.262450173273628 ], [ 14.496386436943956, 48.262476279527462 ], [ 14.496302756877034, 48.26250590460095 ], [ 14.496240713441683, 48.262527036635078 ], [ 14.496184578428192, 48.262541272316817 ], [ 14.49608155257439, 48.2625674020994 ], [ 14.495974505613583, 48.262594471618293 ], [ 14.495928789243433, 48.262580624278122 ], [ 14.495901583239258, 48.262557055755785 ], [ 14.495886885464936, 48.262544517740501 ], [ 14.495863386352276, 48.262512005738884 ], [ 14.49581402161529, 48.262443586743302 ], [ 14.495808600777693, 48.262436173914175 ], [ 14.495795269369783, 48.262442514646573 ], [ 14.49575367277566, 48.262462182593794 ], [ 14.495723541863864, 48.262476428085328 ], [ 14.495719808419068, 48.262478174705819 ], [ 14.495717986692805, 48.262475044174046 ], [ 14.495386866556519, 48.261870376560708 ], [ 14.49522780235726, 48.261728563041849 ], [ 14.495196871469675, 48.261701073149055 ], [ 14.495173920343078, 48.261674942968192 ], [ 14.494981899881857, 48.261457258859565 ], [ 14.494956766445309, 48.261405870573583 ], [ 14.494870072560335, 48.261228697729422 ], [ 14.494830294213187, 48.261064820838641 ], [ 14.49482406668959, 48.261039423235374 ], [ 14.494789746732474, 48.261010977470399 ], [ 14.494710753790512, 48.260973081698829 ], [ 14.494633772595046, 48.26096485388009 ], [ 14.494614618818222, 48.260963875570681 ], [ 14.494267265459893, 48.260945121735915 ], [ 14.494175054708876, 48.260924630592562 ], [ 14.494074176852337, 48.2609021566943 ], [ 14.494039514184385, 48.260894495792634 ], [ 14.494019202318006, 48.260889930385481 ], [ 14.493973570498373, 48.260879769964127 ], [ 14.493880086247541, 48.26081439930914 ], [ 14.493810555252399, 48.260765792789279 ], [ 14.493754575095666, 48.260726677182674 ], [ 14.493747328627835, 48.260691843479165 ], [ 14.493781084253778, 48.260604781522673 ], [ 14.493788729565406, 48.260585183082384 ], [ 14.493788391739059, 48.260582127679776 ], [ 14.493775586704079, 48.260473489059294 ], [ 14.493799887882018, 48.26033722118143 ], [ 14.493780519793733, 48.26027246045674 ], [ 14.493678286326311, 48.260153198569256 ], [ 14.493508151700597, 48.25996174308262 ], [ 14.493368644378993, 48.259856527205123 ], [ 14.493135403722793, 48.259752965518764 ], [ 14.49296897844385, 48.259679055115861 ], [ 14.492978130516679, 48.259491838897581 ], [ 14.493053645803295, 48.259283989025569 ], [ 14.493044799060939, 48.259171532334754 ], [ 14.493037613825082, 48.259163507217949 ], [ 14.492980405433483, 48.259099483468738 ], [ 14.492887939199148, 48.259091498863782 ], [ 14.492778784759865, 48.259102393035278 ], [ 14.492647986339119, 48.25911539207123 ], [ 14.492482506470619, 48.259131885318219 ], [ 14.492436802067042, 48.25913647911463 ], [ 14.492379552006298, 48.259124814504311 ], [ 14.49230037660384, 48.259108690204705 ], [ 14.492238378435365, 48.259041295193988 ], [ 14.49238896366046, 48.258882807681324 ], [ 14.492394884445776, 48.258834258114867 ], [ 14.492398985763783, 48.258800750657272 ], [ 14.492401378196833, 48.258781204640059 ], [ 14.49223576182597, 48.258622719025865 ], [ 14.492216612889418, 48.25863397537924 ], [ 14.49220172395564, 48.258642940187691 ], [ 14.49203397279407, 48.258744651300255 ], [ 14.492016424313226, 48.258731061627238 ], [ 14.491990104623188, 48.258710812028525 ], [ 14.491743382186829, 48.258853793111633 ], [ 14.491594260291357, 48.258927069359224 ], [ 14.491337446570855, 48.259028496738765 ], [ 14.490936930804429, 48.259186591611851 ], [ 14.490708131955557, 48.259275683592598 ], [ 14.490722630415645, 48.259291462940595 ], [ 14.490727875357711, 48.259297078477729 ], [ 14.490796771332882, 48.259371782670449 ], [ 14.490239146247717, 48.259601790102273 ], [ 14.490243309572454, 48.259607236490403 ], [ 14.489968104938372, 48.259899207226923 ], [ 14.489957087724422, 48.259900576272109 ], [ 14.489807000269103, 48.259918711896319 ], [ 14.489798266909437, 48.259919788328034 ], [ 14.489719098780931, 48.259946305071594 ], [ 14.489708931857383, 48.259949554880983 ], [ 14.489670775301088, 48.259960370013438 ], [ 14.489662743500826, 48.259962698954595 ], [ 14.489630744975642, 48.259971743542991 ], [ 14.489475152967849, 48.260051198839683 ], [ 14.489394025392023, 48.260092578868139 ], [ 14.489390440639061, 48.260094953555992 ], [ 14.489357126315765, 48.260117505722015 ], [ 14.489165464835192, 48.260156385508516 ], [ 14.488497288117642, 48.2604321948481 ], [ 14.488313778433623, 48.260431857992643 ], [ 14.488235276739459, 48.260476269888187 ], [ 14.48808798792958, 48.260559689209309 ], [ 14.488034018440663, 48.260592521980158 ], [ 14.487916639649507, 48.260663858898148 ], [ 14.487853895816889, 48.260701996575172 ], [ 14.487719450439871, 48.260829820012617 ], [ 14.48756717975891, 48.26095584095696 ], [ 14.487511350546509, 48.261002006566656 ], [ 14.487561034854151, 48.261006641507258 ], [ 14.487836573617544, 48.261031435994028 ], [ 14.487804427731167, 48.261058114431677 ], [ 14.487820762687511, 48.261059571656752 ], [ 14.487837503752393, 48.261061114812662 ], [ 14.487780711258223, 48.261154790989949 ], [ 14.487780389561623, 48.261176655382087 ], [ 14.487778223769245, 48.261333573709578 ], [ 14.487578235581376, 48.261410228265362 ], [ 14.487563358230187, 48.261407676976781 ], [ 14.487501814288274, 48.261396862244204 ], [ 14.487405330124746, 48.261426428015739 ], [ 14.487398839770417, 48.261431440415826 ], [ 14.48736929740404, 48.261454044524484 ], [ 14.487342010054094, 48.26152349737464 ], [ 14.487175741688889, 48.261607913425919 ], [ 14.487079783909067, 48.261673279271868 ], [ 14.487005230949, 48.261689402502917 ], [ 14.486900779796885, 48.261742437433952 ], [ 14.486878948449171, 48.261663485833573 ], [ 14.486809243436571, 48.261673443327702 ], [ 14.48678506883647, 48.261676921739621 ], [ 14.486740965569883, 48.261632467147543 ], [ 14.486642686002932, 48.261672215981037 ], [ 14.486558879773767, 48.261678174801418 ], [ 14.486537269928684, 48.261669752520469 ], [ 14.486489293643606, 48.261651065862296 ], [ 14.486376021384665, 48.26165884604039 ], [ 14.486238838040112, 48.261766812811416 ], [ 14.486273508991024, 48.261817298683852 ], [ 14.486237638092932, 48.26184617271749 ], [ 14.486147874325718, 48.261869013502093 ], [ 14.486087120252087, 48.26195436141758 ], [ 14.486087442827992, 48.262011305258575 ], [ 14.486028504201341, 48.262063168641113 ], [ 14.486044003875699, 48.262105837778634 ], [ 14.486117650528353, 48.262109516175244 ], [ 14.486121860357741, 48.262111003838399 ], [ 14.486137881453613, 48.262116512779741 ], [ 14.486094150884238, 48.262179740830994 ], [ 14.486075305323501, 48.262283565787762 ], [ 14.485999713679833, 48.262331815696768 ], [ 14.4859354159241, 48.262372936479927 ], [ 14.485867685079327, 48.262483903074923 ], [ 14.485826664888956, 48.262602431830295 ], [ 14.48581642699329, 48.262681341459945 ], [ 14.485805358995032, 48.262850222999752 ], [ 14.485881426131568, 48.262956706069296 ], [ 14.485883125786433, 48.262966495270888 ], [ 14.48590349093276, 48.263088644101444 ], [ 14.485901396472247, 48.263115653957776 ], [ 14.485891989363308, 48.263238007801888 ], [ 14.48581649973076, 48.263309107319678 ], [ 14.485858233537266, 48.26345911309749 ], [ 14.485885305131678, 48.263604136196832 ], [ 14.48592255355511, 48.263740242011359 ], [ 14.485933411570521, 48.263780168255437 ], [ 14.485915491848646, 48.26382262872486 ], [ 14.485896548396335, 48.263867528352158 ], [ 14.485906112630465, 48.263946241748812 ], [ 14.486044428942096, 48.264167801153327 ], [ 14.486048934346309, 48.264170455418018 ], [ 14.486171125272957, 48.264242384988776 ], [ 14.486222591342809, 48.264284607669751 ], [ 14.486270097229664, 48.264354758306524 ], [ 14.486352848887854, 48.264476918420499 ], [ 14.486209805772017, 48.264612561874252 ], [ 14.486180949914488, 48.264690396493158 ], [ 14.486299305998484, 48.264729167353487 ], [ 14.486297291468432, 48.264777947605737 ], [ 14.486518559718663, 48.264882001413461 ], [ 14.486638625817507, 48.264900693092173 ], [ 14.486710419836394, 48.264911766533935 ], [ 14.487085378688201, 48.265025630796259 ], [ 14.487094613645871, 48.265137903776946 ], [ 14.487413132013021, 48.265094980365909 ], [ 14.487484008751535, 48.265155632396116 ], [ 14.487663377072121, 48.265156821492141 ], [ 14.487670116125505, 48.265162962112313 ], [ 14.487742048369508, 48.265228641477449 ], [ 14.48776397414446, 48.265360130653107 ], [ 14.487782186361015, 48.265470065401075 ], [ 14.487842809661174, 48.265663245418139 ], [ 14.487785797276429, 48.265862270947324 ], [ 14.487769803276155, 48.265918566959833 ], [ 14.487750979047579, 48.265944573318215 ], [ 14.487693323848815, 48.266023953560378 ], [ 14.487779061353413, 48.266189175573544 ], [ 14.487729565104551, 48.266441384883002 ], [ 14.487680879522728, 48.266578702602523 ], [ 14.487689916733956, 48.266863617547074 ], [ 14.487712476458777, 48.267186992646117 ], [ 14.487725700111325, 48.267345197294013 ], [ 14.487726453226417, 48.267354815921465 ], [ 14.487727544421377, 48.267361462396778 ], [ 14.487743625486067, 48.267454325139681 ], [ 14.487791962674152, 48.267785541077274 ], [ 14.487946236592666, 48.267960428553749 ], [ 14.487950879910482, 48.267999516608853 ], [ 14.488018594591418, 48.268057140909761 ], [ 14.488057307180622, 48.268083115984545 ], [ 14.488076835476734, 48.26810685245232 ], [ 14.488101025004228, 48.268103913443049 ], [ 14.488119031426486, 48.268101665548237 ], [ 14.488169153817614, 48.268095410347463 ], [ 14.488262364964147, 48.268299511935695 ], [ 14.488240833134594, 48.268379433375024 ], [ 14.488221918043754, 48.26844979269719 ], [ 14.488164497318525, 48.268467185876929 ], [ 14.488037859732575, 48.26853501587992 ], [ 14.488001907596708, 48.268554355015631 ], [ 14.487984987723763, 48.268569097035204 ], [ 14.487931326259067, 48.268616140746246 ], [ 14.48784421246245, 48.268631399433012 ], [ 14.487748772342322, 48.268750828453761 ], [ 14.487662135646778, 48.268799638653093 ], [ 14.487568974816789, 48.268900422451786 ], [ 14.487285703473855, 48.269068945271393 ], [ 14.486928490123535, 48.269324025735955 ], [ 14.486924510454701, 48.269326854064694 ], [ 14.486751102099738, 48.26939433668916 ], [ 14.486713756905431, 48.269435910195938 ], [ 14.486659468604143, 48.269618444465145 ], [ 14.486639010475724, 48.269637719523985 ], [ 14.486604698356185, 48.269670266576405 ], [ 14.486571966878442, 48.269701178607583 ], [ 14.486555731848593, 48.269716453396875 ], [ 14.48645663576465, 48.269762597287588 ], [ 14.486381336576493, 48.269933554428015 ], [ 14.486271923358082, 48.269988436892866 ], [ 14.486193259708415, 48.270008108738672 ], [ 14.486190082228045, 48.270222792966266 ], [ 14.486190061486139, 48.270227921087034 ], [ 14.486200802055555, 48.27023825041352 ], [ 14.486224894990182, 48.270261222231099 ], [ 14.486184737067978, 48.270388468591761 ], [ 14.486171682396646, 48.270407400305537 ], [ 14.486110714895794, 48.270495718745586 ], [ 14.48617849976573, 48.270532201972983 ], [ 14.486300859314834, 48.270598911822766 ], [ 14.486304269478458, 48.270600767259431 ], [ 14.486301863666904, 48.270607718284019 ], [ 14.486098161478191, 48.271167599844681 ], [ 14.486043324670177, 48.271155908145538 ], [ 14.485932971490369, 48.271132261512484 ], [ 14.485880338823256, 48.27113485207957 ], [ 14.485749768592209, 48.271141363356094 ], [ 14.485566507597296, 48.271445005574783 ], [ 14.485559390767712, 48.271506790927148 ], [ 14.485543272743641, 48.271660787903166 ], [ 14.485412145704316, 48.27175753754716 ], [ 14.485401406464902, 48.271765470700608 ], [ 14.485337295439708, 48.271779150203244 ], [ 14.48518208439511, 48.271938302714524 ], [ 14.485179713199832, 48.271940755200077 ], [ 14.485168512888746, 48.271952201465822 ], [ 14.485139779065026, 48.271981184235393 ], [ 14.485130419007254, 48.271990543122072 ], [ 14.485129506388432, 48.272016191708992 ], [ 14.485127837594417, 48.27205633187922 ], [ 14.485126007571903, 48.272071014020135 ], [ 14.485121661014544, 48.272105872861367 ], [ 14.485169581872011, 48.272449238306933 ], [ 14.48441198389464, 48.272717629636126 ], [ 14.483872508165918, 48.27277118596821 ], [ 14.483770584625235, 48.272781370077588 ], [ 14.483272046912179, 48.272930869484405 ], [ 14.483232153870034, 48.272942869025982 ], [ 14.483218766363359, 48.272946869757867 ], [ 14.483116086491972, 48.272977662352687 ], [ 14.482525553857702, 48.273172059620158 ], [ 14.481626739148934, 48.273314439288285 ], [ 14.481557043365234, 48.273325562855469 ], [ 14.481082835827735, 48.273460598438682 ], [ 14.480796981382484, 48.2735022820534 ], [ 14.480735951031541, 48.273545706418865 ], [ 14.480605665836483, 48.273638483754802 ], [ 14.480430431507887, 48.273660993025267 ], [ 14.480195096526113, 48.27376290221482 ], [ 14.479740455887965, 48.273826308593634 ], [ 14.479679595854627, 48.273834824995042 ], [ 14.479436225410861, 48.273902535820966 ], [ 14.479082304984233, 48.273901253502764 ], [ 14.47898646404769, 48.273924598074437 ], [ 14.478750414932877, 48.273982159487041 ], [ 14.478547544412839, 48.274047040718095 ], [ 14.478242832480108, 48.274144320904128 ], [ 14.478231592110811, 48.274147940072844 ], [ 14.478069533151238, 48.274205761587694 ], [ 14.477956544803975, 48.274246007147383 ], [ 14.477935740100719, 48.274249810340251 ], [ 14.477914400420191, 48.274253798718391 ], [ 14.477847829309946, 48.274266148785607 ], [ 14.477723946088396, 48.274289048437389 ], [ 14.477430630219963, 48.274383785366169 ], [ 14.477409086465538, 48.274390744440211 ], [ 14.477189927174901, 48.274450475602919 ], [ 14.477026469139243, 48.274506060314259 ], [ 14.477003060785105, 48.274514027234197 ], [ 14.476790107601785, 48.274543558989002 ], [ 14.476496592152269, 48.274623271647542 ], [ 14.476373278156592, 48.274647603661066 ], [ 14.476234267173497, 48.274675148476561 ], [ 14.476205552313028, 48.274680828317734 ], [ 14.475502589120321, 48.274783901590325 ], [ 14.475466322860594, 48.274789385486038 ], [ 14.475365180317317, 48.274804682400173 ], [ 14.475349061307325, 48.274807089688274 ], [ 14.475587180850752, 48.275051161119379 ], [ 14.475889456914965, 48.275393291559055 ], [ 14.476022862416636, 48.275576045900721 ], [ 14.47609566917979, 48.275736454685671 ], [ 14.476109447110787, 48.275805141098616 ], [ 14.476101967787406, 48.275875475694889 ], [ 14.47604737809009, 48.275881229685616 ], [ 14.476029093016107, 48.275883208521392 ], [ 14.475981121450372, 48.27588961718989 ], [ 14.475870669898066, 48.275904556118931 ], [ 14.475230762605575, 48.275921993282125 ], [ 14.474878956473395, 48.275931652789218 ], [ 14.474771980236024, 48.275933062122718 ], [ 14.474618655149813, 48.275935015949202 ], [ 14.474097091426037, 48.276081822343322 ], [ 14.473657465136869, 48.276345045150848 ], [ 14.47333270078626, 48.276505932583973 ], [ 14.473094422359702, 48.27660389750271 ], [ 14.472958461649903, 48.276635636696042 ], [ 14.472861329054224, 48.276655750105895 ], [ 14.472840336551617, 48.276663332654657 ], [ 14.472721340595355, 48.2767066006109 ], [ 14.47265197141925, 48.276714476902534 ], [ 14.472572248761479, 48.276723444115447 ], [ 14.47245325390392, 48.276742241859957 ], [ 14.472445062251753, 48.276743581536223 ], [ 14.472236408705472, 48.27677918020558 ], [ 14.472158667109557, 48.276792445963984 ], [ 14.472015319831648, 48.276800865972959 ], [ 14.471802520113981, 48.276813383958789 ], [ 14.471690162733363, 48.276833735307555 ], [ 14.471530420587731, 48.276862736697332 ], [ 14.471447090023183, 48.276860852912861 ], [ 14.471441143550575, 48.276860101410037 ], [ 14.471427897250274, 48.276858341751932 ], [ 14.471387215152152, 48.276853071993735 ], [ 14.471194420753191, 48.276862154531209 ], [ 14.47106665400371, 48.276868171931682 ], [ 14.470977211911491, 48.276894865814533 ], [ 14.470924323781947, 48.276910676594525 ], [ 14.470818321651819, 48.276962721870888 ], [ 14.470704997197679, 48.277018886953002 ], [ 14.470540804421509, 48.277017073198408 ], [ 14.470497536513408, 48.277010658883611 ], [ 14.470407622275438, 48.276997413406342 ], [ 14.470299810234469, 48.276991539778983 ], [ 14.470181450817634, 48.277002502203452 ], [ 14.4697780899515, 48.277039998622925 ], [ 14.469695045705356, 48.277045037928481 ], [ 14.469683334825076, 48.277045692075099 ], [ 14.469518054742847, 48.277055762597421 ], [ 14.46941426102021, 48.277018002050234 ], [ 14.469354350289025, 48.276996276189678 ], [ 14.46911367869637, 48.277059260648805 ], [ 14.469089558789614, 48.27706561355955 ], [ 14.469036648238024, 48.27708043410064 ], [ 14.468919038526456, 48.277113338861021 ], [ 14.468766454672854, 48.277161608587491 ], [ 14.468717474252614, 48.277214354961515 ], [ 14.468583457222637, 48.277304276002859 ], [ 14.468551353732089, 48.277309177322685 ], [ 14.468454230818397, 48.277323709228654 ], [ 14.468353170993669, 48.277349254924502 ], [ 14.468281732125931, 48.277367314586478 ], [ 14.468241728961573, 48.277380749380981 ], [ 14.468052421550473, 48.277444580053519 ], [ 14.46785480476316, 48.277590627505575 ], [ 14.467798556460899, 48.277631569239041 ], [ 14.467733285106629, 48.277678986272434 ], [ 14.467680163087905, 48.277696507129995 ], [ 14.467545282116616, 48.277740914159281 ], [ 14.46749844973106, 48.277756394441575 ], [ 14.467477977273832, 48.277763161273498 ], [ 14.467112963771113, 48.277859740018101 ], [ 14.467017359821535, 48.277919147352392 ], [ 14.466943598378204, 48.277966646645012 ], [ 14.466812736362595, 48.278071648585311 ], [ 14.466714852665072, 48.278143942546777 ], [ 14.466689649930395, 48.278162450474731 ], [ 14.466619342107677, 48.27820766684232 ], [ 14.466593936805765, 48.278216910553333 ], [ 14.466548605582435, 48.27823327545125 ], [ 14.466518999508494, 48.278241480502643 ], [ 14.466509891760071, 48.278244088157209 ], [ 14.466472324701636, 48.278258038380478 ], [ 14.466429010678237, 48.278274203661347 ], [ 14.466374240672577, 48.278259533277208 ], [ 14.466309868068873, 48.278255661938559 ], [ 14.466209588304736, 48.278280028624131 ], [ 14.46616651001734, 48.278306987045433 ], [ 14.466151618795612, 48.278316308222948 ], [ 14.466114523499886, 48.278339519902794 ], [ 14.466063728298906, 48.278358726647078 ], [ 14.46605477294028, 48.278362142447079 ], [ 14.465970263644923, 48.278368092957926 ], [ 14.465926942953178, 48.278365455892882 ], [ 14.465896173412533, 48.278363596277053 ], [ 14.465886143168056, 48.27836099501986 ], [ 14.46582757475991, 48.278345191833864 ], [ 14.465771262880095, 48.278321629858809 ], [ 14.465761830576771, 48.278321721655082 ], [ 14.465693783244667, 48.278322383877125 ], [ 14.46548793699108, 48.27837593555514 ], [ 14.465425203651257, 48.278379244798778 ], [ 14.465345103605163, 48.278383442663753 ], [ 14.465316940956743, 48.278396041539509 ], [ 14.465192007343457, 48.278451774292321 ], [ 14.465120591144796, 48.278452468946938 ], [ 14.464979579516767, 48.278426131886768 ], [ 14.464935210465637, 48.278443386418431 ], [ 14.464904206207617, 48.278455473050684 ], [ 14.464818108223515, 48.278524502063718 ], [ 14.464709347346769, 48.278561724622556 ], [ 14.464690846356847, 48.278566222718069 ], [ 14.464667650778274, 48.278571756044663 ], [ 14.464621808352094, 48.278564734836245 ], [ 14.464609909326331, 48.278562961303017 ], [ 14.464550408322214, 48.278553823787604 ], [ 14.464448521310128, 48.278516939933148 ], [ 14.464367369206188, 48.278491459642169 ], [ 14.464152504505632, 48.278446767314485 ], [ 14.464055949961759, 48.278456611925009 ], [ 14.463806358543922, 48.278481977534248 ], [ 14.46354089998284, 48.278509026090184 ], [ 14.463425513643539, 48.278563854526205 ], [ 14.463277896193588, 48.278586879141429 ], [ 14.463273996344453, 48.278587276862453 ], [ 14.463186707619936, 48.278595591366198 ], [ 14.463108564090705, 48.278603007347279 ], [ 14.463029209766916, 48.278610524993454 ], [ 14.462994347747678, 48.278618780167079 ], [ 14.462924219431676, 48.278635294407181 ], [ 14.462862435907153, 48.278706964708924 ], [ 14.462801089448146, 48.278749212924801 ], [ 14.462573414154033, 48.278902200140465 ], [ 14.462556411193336, 48.278913610483514 ], [ 14.462347431149361, 48.278972044938108 ], [ 14.462235306280249, 48.279003450216635 ], [ 14.462178496913499, 48.279068414634374 ], [ 14.462237783009938, 48.27913576130733 ], [ 14.462343876728898, 48.279211110298931 ], [ 14.462353154969268, 48.279272014977856 ], [ 14.462329800610789, 48.279307416983471 ], [ 14.462300605736552, 48.2793221842322 ], [ 14.46216829506281, 48.279324097593296 ], [ 14.461963874495442, 48.279307278299946 ], [ 14.461785842296953, 48.27937584721024 ], [ 14.461772117782269, 48.279457396522858 ], [ 14.461700463571209, 48.279564877057851 ], [ 14.461675617905794, 48.279587518685368 ], [ 14.461634919631067, 48.279593940816625 ], [ 14.461561852144994, 48.279605534765331 ], [ 14.46137750638696, 48.279712308407312 ], [ 14.461367447070838, 48.279757927025308 ], [ 14.461357164636873, 48.279793292062237 ], [ 14.461344328617292, 48.279804212011186 ], [ 14.46128186302421, 48.279857085823792 ], [ 14.461250601535369, 48.279876011113906 ], [ 14.461220537131972, 48.279894205091047 ], [ 14.461158251719402, 48.279918199078757 ], [ 14.46099297132981, 48.279947329462274 ], [ 14.46089934776929, 48.279986740719117 ], [ 14.460765397237477, 48.280000093612763 ], [ 14.460687875573303, 48.280048614837447 ], [ 14.460652903286183, 48.280070454717141 ], [ 14.460471998363595, 48.280155872395135 ], [ 14.460302924375371, 48.280190346325206 ], [ 14.460169276185146, 48.280217639802324 ], [ 14.459995989648039, 48.280269157007851 ], [ 14.459928717489893, 48.280299406026437 ], [ 14.459921243669491, 48.28030280700105 ], [ 14.459840205265532, 48.280338407075497 ], [ 14.459778656936157, 48.280365361939658 ], [ 14.459367543006096, 48.280481794152216 ], [ 14.459329591629725, 48.280503032711884 ], [ 14.459241436045518, 48.280552285578551 ], [ 14.459242777987726, 48.280607869472078 ], [ 14.459277890405588, 48.280679319873649 ], [ 14.459275328441954, 48.280735121463231 ], [ 14.459172271303062, 48.280762297696633 ], [ 14.459047294299143, 48.28096556271656 ], [ 14.458994574155902, 48.281094989067732 ], [ 14.45893417280895, 48.281143793270836 ], [ 14.458886826918789, 48.281204166295197 ], [ 14.458867939699974, 48.281228189056627 ], [ 14.458896433410363, 48.281292776455317 ], [ 14.458807531626764, 48.281444323594911 ], [ 14.458734843444866, 48.28150458179649 ], [ 14.458675663940545, 48.281553823846401 ], [ 14.458536751943818, 48.281587193785498 ], [ 14.458532191718755, 48.28158822746785 ], [ 14.458439634857475, 48.281689430618229 ], [ 14.45835129293487, 48.281730228083134 ], [ 14.458327186786299, 48.281762217904884 ], [ 14.458318636229238, 48.28179054880043 ], [ 14.458306140395056, 48.281835830789731 ], [ 14.458218712047092, 48.281881477292366 ], [ 14.458169666094919, 48.2819070509317 ], [ 14.458112091283526, 48.281937115150257 ], [ 14.458048120276665, 48.28197056977244 ], [ 14.457983082839146, 48.282004574439853 ], [ 14.457959627077063, 48.282016856103056 ], [ 14.457770170940472, 48.282081390783247 ], [ 14.457748508367805, 48.282157708377724 ], [ 14.457760704368647, 48.28217936145866 ], [ 14.457769814760269, 48.282195466678466 ], [ 14.457770091595327, 48.28238222614776 ], [ 14.457770078704801, 48.282382253261041 ], [ 14.457768348379512, 48.282396933866977 ], [ 14.457764620116711, 48.282428249850376 ], [ 14.457759726826145, 48.28246985980298 ], [ 14.457747325792665, 48.282574228159035 ], [ 14.457731460896692, 48.282707813806596 ], [ 14.457731426711744, 48.282708102016834 ], [ 14.457727796292367, 48.282737716758334 ], [ 14.457733772132604, 48.282875895361208 ], [ 14.457678450977411, 48.283075183959376 ], [ 14.457671323387267, 48.283204573865994 ], [ 14.457739063902189, 48.283190092131754 ], [ 14.45783866862404, 48.283168789173239 ], [ 14.458033557678041, 48.283127106385464 ], [ 14.458179491292752, 48.283100326463178 ], [ 14.458196810121018, 48.283097154311122 ], [ 14.458197293304597, 48.283097059678113 ], [ 14.458579230583048, 48.283026974868143 ], [ 14.458630898686907, 48.283011631443706 ], [ 14.459272864991034, 48.282750306255224 ], [ 14.459383302641159, 48.282727646663872 ], [ 14.459464673394852, 48.282713364880458 ], [ 14.459527783352184, 48.282702318488539 ], [ 14.459692207309512, 48.282639534627378 ], [ 14.459748485694087, 48.282618046615362 ], [ 14.45983692794467, 48.282584327188331 ], [ 14.459840724398092, 48.28258287802565 ], [ 14.46022090379109, 48.282437776022633 ], [ 14.460248744710245, 48.28254663096714 ], [ 14.460288263621099, 48.282700992806092 ], [ 14.460373504859714, 48.283034009194388 ], [ 14.46039584421608, 48.283132193833779 ], [ 14.46040718513056, 48.28318203118102 ], [ 14.460418154108602, 48.283419965730509 ], [ 14.460429795382003, 48.283670218606524 ], [ 14.460293352723131, 48.283755385044493 ], [ 14.460655258642005, 48.284213837114891 ], [ 14.460900697579175, 48.284399031030986 ], [ 14.460933436393123, 48.284429301055475 ], [ 14.46082513044384, 48.284698222660765 ], [ 14.460825117749964, 48.284698258768749 ], [ 14.461203994955111, 48.284678574102976 ], [ 14.461218670512975, 48.284677802133658 ], [ 14.46146764615496, 48.284664836240466 ], [ 14.461832223300583, 48.284645854912362 ], [ 14.461883699709778, 48.284725692221244 ], [ 14.461929734447187, 48.28479703584425 ], [ 14.462090289167856, 48.284989707667513 ], [ 14.462162944797377, 48.285051706780706 ], [ 14.462178326371566, 48.285064782063316 ], [ 14.462199577271196, 48.285081218984352 ], [ 14.46224947981929, 48.28511968865881 ], [ 14.462259925786164, 48.285127710937068 ], [ 14.462267986494295, 48.285133903126358 ], [ 14.46228333873694, 48.285145629242685 ], [ 14.46251226710671, 48.285283398806968 ], [ 14.462590524204497, 48.285330850351414 ], [ 14.462740726821366, 48.285421874180514 ], [ 14.462821360815036, 48.285470750899613 ], [ 14.463050986159041, 48.285623050583453 ], [ 14.463170141785326, 48.285702077375731 ], [ 14.463234725610484, 48.285744911217648 ], [ 14.463259727359727, 48.285761482458355 ], [ 14.463267866162376, 48.285769392103695 ], [ 14.463322523968424, 48.285822497024952 ], [ 14.463347961636147, 48.285847313571679 ], [ 14.463370727597338, 48.285869529151604 ], [ 14.463380348372366, 48.285876164924545 ], [ 14.463385507906509, 48.285879731315326 ], [ 14.463445183956292, 48.285921254263528 ], [ 14.463451865974356, 48.285924787874471 ], [ 14.463520963681296, 48.285961334330715 ], [ 14.463567778917627, 48.285986096158638 ], [ 14.463617484407632, 48.286012350262787 ], [ 14.463784329252936, 48.286100494257141 ], [ 14.463851194146597, 48.28615948984833 ], [ 14.463915035450848, 48.286215815900761 ], [ 14.463983890481567, 48.286276429398889 ], [ 14.464053295732343, 48.286337541300206 ], [ 14.464615698619063, 48.286586039730253 ], [ 14.464808021321613, 48.286670983839102 ], [ 14.464833745912022, 48.286682338891019 ], [ 14.464868277561727, 48.286696999892861 ], [ 14.464917830276738, 48.286718046106579 ], [ 14.464930699984356, 48.286723444665533 ], [ 14.464936060149892, 48.286725695585581 ], [ 14.464939135687043, 48.286724559142776 ], [ 14.46494007180543, 48.286724217179433 ], [ 14.464956058234396, 48.286718016258916 ], [ 14.464994340338693, 48.286703178052129 ], [ 14.465026458668769, 48.286720903205271 ], [ 14.465044960154207, 48.286731113956151 ], [ 14.465332299650866, 48.286889352221806 ], [ 14.465497010955328, 48.287024582893167 ], [ 14.465568110490549, 48.287082906573993 ], [ 14.465568151314448, 48.287082924169333 ], [ 14.465592941968021, 48.287102726619018 ], [ 14.465882361023867, 48.287331293941619 ], [ 14.466002631382048, 48.287419006380027 ], [ 14.466038296266237, 48.287440457170149 ], [ 14.466082129370548, 48.287466812367313 ], [ 14.46611517271308, 48.287486732299435 ], [ 14.46611636744629, 48.287496373640984 ], [ 14.466119126332991, 48.28751899033486 ], [ 14.466130716491692, 48.287611394898356 ], [ 14.466130717671057, 48.287611448864354 ], [ 14.466613655589374, 48.287590643924673 ], [ 14.466630757773315, 48.287589847651766 ], [ 14.466634798944376, 48.287589718337252 ], [ 14.466716276551553, 48.287586226022583 ], [ 14.466766510822941, 48.287584117481167 ], [ 14.466797648877776, 48.287584084112964 ], [ 14.467103236228644, 48.287583896371792 ], [ 14.467270251218233, 48.287583798583007 ], [ 14.467340346025132, 48.287583745347234 ], [ 14.467518191837419, 48.28757346587215 ], [ 14.467671802390369, 48.287564501890962 ], [ 14.468014163155598, 48.287544611400008 ], [ 14.46810120847227, 48.287481418708566 ], [ 14.468268390831829, 48.287359688574895 ], [ 14.468362728390881, 48.287186310473523 ], [ 14.46837306884318, 48.287166058026735 ], [ 14.468375851748119, 48.287163871785658 ], [ 14.468448853469571, 48.287105763715473 ], [ 14.46860035718854, 48.286982206811906 ], [ 14.468708847014796, 48.28688884693014 ], [ 14.468881754885478, 48.28669634945593 ], [ 14.468918805254427, 48.286658563530139 ], [ 14.468909445457038, 48.28657588933649 ], [ 14.468826798572476, 48.286409005585533 ], [ 14.468838528183369, 48.286310652055008 ], [ 14.468862775762796, 48.286285315922015 ], [ 14.468931829593105, 48.286213211874625 ], [ 14.468996276719873, 48.286146190638704 ], [ 14.46915932990211, 48.285996251148987 ], [ 14.469311531087063, 48.285849386105156 ], [ 14.469327897215413, 48.28583348290406 ], [ 14.469338588607313, 48.285823122810022 ], [ 14.469496463470545, 48.285670714404127 ], [ 14.469715842281662, 48.285569253773417 ], [ 14.469898101740952, 48.285526990768268 ], [ 14.469996810124144, 48.285504165809733 ], [ 14.470386061235565, 48.285459520294289 ], [ 14.470550363994693, 48.285440552087834 ], [ 14.470685491586531, 48.285425017472164 ], [ 14.470695442527477, 48.285423930632483 ], [ 14.470805840287928, 48.285411696289174 ], [ 14.471039141199885, 48.285385845557585 ], [ 14.471216906202217, 48.285366115058515 ], [ 14.471393192600253, 48.285346578671152 ], [ 14.471398034277865, 48.28534608151071 ], [ 14.471572301035851, 48.285326654563669 ], [ 14.471594866547449, 48.285323015276553 ], [ 14.471615686033021, 48.285319662950869 ], [ 14.471819708947665, 48.285286450188515 ], [ 14.471962755711113, 48.285263279749302 ], [ 14.47200386582043, 48.28525091249049 ], [ 14.472022077297789, 48.285245426506116 ], [ 14.4721316156109, 48.285212507902202 ], [ 14.472182101878788, 48.285197439912466 ], [ 14.472243163401021, 48.285179029751994 ], [ 14.472361673359261, 48.285143414210587 ], [ 14.472466391337374, 48.285111981867132 ], [ 14.472976069993875, 48.284812634018294 ], [ 14.473117490520641, 48.284648146714574 ], [ 14.473252293894047, 48.284550566304276 ], [ 14.473329006170971, 48.284496107145934 ], [ 14.473347851757994, 48.284482698021066 ], [ 14.473432456229016, 48.284456139872333 ], [ 14.473671944481316, 48.284380923630764 ], [ 14.473872207830803, 48.284317966397538 ], [ 14.474595676517827, 48.284099461347708 ], [ 14.474725336138121, 48.284050059667379 ], [ 14.474808211148257, 48.284018479550475 ], [ 14.47483958729021, 48.283986504908704 ], [ 14.474890519980313, 48.28393058826137 ], [ 14.47493566171015, 48.283881025788858 ], [ 14.475054490268764, 48.283805011047797 ], [ 14.475186211992549, 48.283720773026069 ], [ 14.47523764926353, 48.283687791762517 ], [ 14.475302241512908, 48.283652342354536 ], [ 14.475419176386689, 48.28358831085189 ], [ 14.475453803956896, 48.283569348721549 ], [ 14.475583189923514, 48.283507623842567 ], [ 14.475733788396409, 48.283435974601026 ], [ 14.475772728260555, 48.283459792312911 ], [ 14.475891887663829, 48.283398887178627 ], [ 14.476137347761377, 48.283264771465262 ], [ 14.47635057557493, 48.283148244662264 ], [ 14.476412372143418, 48.283114441405992 ], [ 14.476472012373897, 48.283074541828427 ], [ 14.476636582605781, 48.282952015119641 ], [ 14.476776483731076, 48.282847723121478 ], [ 14.476783909199435, 48.28284216242907 ], [ 14.477048445557882, 48.283016969459787 ], [ 14.477219420890519, 48.283129811604645 ], [ 14.477234250974146, 48.283148288128594 ], [ 14.477315603566877, 48.283249416273087 ], [ 14.477318512913804, 48.283252986184714 ], [ 14.477435202295341, 48.283397848631274 ], [ 14.477571918034085, 48.283540085055193 ], [ 14.477592380748117, 48.283563364140008 ], [ 14.477755660968192, 48.283748791167532 ], [ 14.477769724289946, 48.283763046911851 ], [ 14.477845699270565, 48.283840297465147 ], [ 14.477986206514132, 48.283983215812576 ], [ 14.478002065556961, 48.283999433047043 ], [ 14.478150031771547, 48.283680498868215 ], [ 14.478315726077922, 48.283529620456697 ], [ 14.47865323402835, 48.283303641296541 ], [ 14.47875019570429, 48.283238723409042 ], [ 14.478775164842137, 48.283221924483556 ], [ 14.479254789227337, 48.282900803298872 ], [ 14.479304828451834, 48.282847412395633 ], [ 14.479460878382833, 48.282681243569371 ], [ 14.479495688681695, 48.282695024887239 ], [ 14.479732491975964, 48.282980663394738 ], [ 14.480449914462545, 48.283221801209251 ], [ 14.481070382095155, 48.283430334770472 ], [ 14.481190430095463, 48.283470713558046 ], [ 14.481418032117441, 48.28376633534279 ], [ 14.48152300751253, 48.283856432016776 ], [ 14.481521724597227, 48.28390196587204 ], [ 14.481521428593725, 48.283912944258986 ], [ 14.481488854905219, 48.283921092406466 ], [ 14.481463920771082, 48.283927275954269 ], [ 14.481434830940405, 48.283934490086601 ], [ 14.481327323336123, 48.283973514985874 ], [ 14.48129739107422, 48.283997470480536 ], [ 14.481353879752362, 48.284101450046997 ], [ 14.481340439424317, 48.284103201964967 ], [ 14.481294333634807, 48.28410896458751 ], [ 14.481154017328716, 48.284169904030797 ], [ 14.481102270766124, 48.284133979462148 ], [ 14.48106612665822, 48.284151338910668 ], [ 14.481073414375738, 48.284176096774793 ], [ 14.481076029273314, 48.284184617453441 ], [ 14.481162231148645, 48.284254747920315 ], [ 14.481216723578781, 48.284299011919991 ], [ 14.481249172096737, 48.284303459882274 ], [ 14.481317719683897, 48.284312859545686 ], [ 14.481327001776675, 48.284342455712306 ], [ 14.481252229965211, 48.284411115213224 ], [ 14.481251242242326, 48.284476078108767 ], [ 14.481205386388098, 48.284487056069658 ], [ 14.481173762266522, 48.284519844567242 ], [ 14.481167171496368, 48.284526566821796 ], [ 14.481172352234235, 48.284529214607147 ], [ 14.481218293134082, 48.28455251165218 ], [ 14.481231083016734, 48.284563990698842 ], [ 14.481204927719029, 48.284588088830553 ], [ 14.4811843209201, 48.284607094311887 ], [ 14.481096990455949, 48.284589513276337 ], [ 14.481029720969236, 48.284637856997222 ], [ 14.480993381342598, 48.284646401989349 ], [ 14.480882517930889, 48.284600894509047 ], [ 14.480830627045792, 48.284668068617528 ], [ 14.480907270793715, 48.284677838508166 ], [ 14.480921063082153, 48.284685889116808 ], [ 14.480853801270504, 48.284734592506794 ], [ 14.480918760429144, 48.284764539309926 ], [ 14.480926521597059, 48.284768061288254 ], [ 14.480995422257646, 48.284775118630634 ], [ 14.481110060836151, 48.284832823712186 ], [ 14.481261161479413, 48.284820537819485 ], [ 14.48128026804576, 48.28481899990895 ], [ 14.481286552183072, 48.284834951299793 ], [ 14.481290263184833, 48.284844270824976 ], [ 14.481199184841007, 48.284937471037949 ], [ 14.481178887261052, 48.284958272720147 ], [ 14.481092737131906, 48.284994027972516 ], [ 14.481075701126452, 48.284973414584002 ], [ 14.481053957700906, 48.284947179962494 ], [ 14.480956294887088, 48.28496217728555 ], [ 14.480908466763005, 48.284993686087589 ], [ 14.480892875636098, 48.285050516385716 ], [ 14.480938121867167, 48.285060685822728 ], [ 14.480989325624632, 48.285072055970652 ], [ 14.480963965809009, 48.28512601383963 ], [ 14.48090845387269, 48.285175770892849 ], [ 14.480862844107211, 48.285216164111397 ], [ 14.480849759242775, 48.285227898332387 ], [ 14.48086797302221, 48.285234735833065 ], [ 14.480951566205757, 48.2852661182053 ], [ 14.48090512138365, 48.285280970244244 ], [ 14.48085734083195, 48.285296375211828 ], [ 14.480904811016918, 48.285346106355298 ], [ 14.480943171741204, 48.285386211329737 ], [ 14.48091412780491, 48.285462516275906 ], [ 14.480956793229732, 48.285483956502979 ], [ 14.480906759767427, 48.285543735349634 ], [ 14.480870442212185, 48.285638554368703 ], [ 14.480839862317554, 48.285639395673485 ], [ 14.480817891632958, 48.285621169940384 ], [ 14.480742407330101, 48.285566407167664 ], [ 14.480717061598579, 48.285547944803191 ], [ 14.480666709640735, 48.285556807757992 ], [ 14.480614882613011, 48.285620832405449 ], [ 14.480673189521278, 48.28570950064298 ], [ 14.480722625525644, 48.285695788728908 ], [ 14.480727849545088, 48.285694297820037 ], [ 14.480751120871547, 48.285698206667163 ], [ 14.48079534657861, 48.28580230734422 ], [ 14.480788376769976, 48.285864990142926 ], [ 14.480773712355257, 48.285878449216675 ], [ 14.480714462289713, 48.285875075022112 ], [ 14.480670830171977, 48.285840419713139 ], [ 14.480640719546264, 48.285838107641588 ], [ 14.480600744101123, 48.285865130705609 ], [ 14.48056559691282, 48.285897144073274 ], [ 14.480557600279779, 48.285919533664014 ], [ 14.480585756923011, 48.285943186191147 ], [ 14.480620640580142, 48.28597235008543 ], [ 14.480617828198822, 48.285991449912991 ], [ 14.48053763357456, 48.286028405486192 ], [ 14.480487318937779, 48.286038977280981 ], [ 14.480405222934289, 48.286111846635727 ], [ 14.480423959536155, 48.286111841884562 ], [ 14.480534082135808, 48.286111566068776 ], [ 14.48057263148516, 48.286111455950753 ], [ 14.4815530902228, 48.286109163578985 ], [ 14.481656337700281, 48.286108864570274 ], [ 14.483458480105101, 48.286044198023298 ], [ 14.483526362660131, 48.286041727889604 ], [ 14.483540370424107, 48.286041229595881 ], [ 14.483545777787237, 48.28607230327998 ], [ 14.483621206119063, 48.286494922647854 ], [ 14.483646853436388, 48.286569428217732 ], [ 14.483649302174278, 48.286576511073456 ], [ 14.483662372891031, 48.286843571313881 ], [ 14.483683405088913, 48.287275004746846 ], [ 14.483685525296279, 48.287461656492937 ], [ 14.483686131938939, 48.287513289111764 ], [ 14.483687495891303, 48.287629417528514 ], [ 14.483726084986001, 48.287685712621631 ], [ 14.483742102655203, 48.287708944603807 ], [ 14.483815301433022, 48.287684740755203 ], [ 14.483838453128969, 48.287677134945113 ], [ 14.484035305662418, 48.287612304820257 ], [ 14.484245893303228, 48.287540771248054 ], [ 14.484521368645263, 48.287447184333004 ], [ 14.484635223243028, 48.287408453651523 ], [ 14.484762056480541, 48.287365366202017 ], [ 14.485059036074647, 48.287262928806932 ], [ 14.485336524021832, 48.287169050117889 ], [ 14.485382279425821, 48.287153483449188 ], [ 14.485391375795871, 48.287150334669697 ], [ 14.485512306255346, 48.287120709273033 ], [ 14.485688067362835, 48.287077496246994 ], [ 14.485980160864582, 48.287028272851437 ], [ 14.486010780261617, 48.287023111598593 ], [ 14.486552613890424, 48.28694172524402 ], [ 14.486771929263387, 48.286887103510828 ], [ 14.486888690494411, 48.286857967802419 ], [ 14.486896332286236, 48.286856092800768 ], [ 14.486947862767149, 48.28690623108816 ], [ 14.486989886099186, 48.286947107462105 ], [ 14.487120083657109, 48.287073474010974 ], [ 14.487143469664373, 48.287106708330839 ], [ 14.487176736664322, 48.287153878881995 ], [ 14.487208751625749, 48.287229580049022 ], [ 14.487238271632584, 48.287332474711967 ], [ 14.487285362999012, 48.287564651618382 ], [ 14.487302761819384, 48.287649853802968 ], [ 14.487325785980222, 48.287763698336661 ], [ 14.487342887357487, 48.287847643979752 ], [ 14.486778374583944, 48.287885536758438 ], [ 14.487030465509365, 48.288746140887397 ], [ 14.487322927308858, 48.289506305416417 ], [ 14.487453569956477, 48.289821858728793 ], [ 14.487616714040358, 48.290216616575883 ], [ 14.487656761851264, 48.290229174023715 ], [ 14.487715410426434, 48.290247664434311 ], [ 14.487735230183777, 48.290253855205236 ], [ 14.487751178266384, 48.290231476232684 ], [ 14.487753516372303, 48.290203294712768 ], [ 14.487756087972953, 48.29017349154762 ], [ 14.487804673292379, 48.290139633464882 ], [ 14.487851021568519, 48.290150598984475 ], [ 14.488005927642883, 48.290187476361943 ], [ 14.488035071632318, 48.290188626627661 ], [ 14.488085128170924, 48.290190558992656 ], [ 14.488105063212494, 48.290189821427823 ], [ 14.488116915613665, 48.290189343979954 ], [ 14.488115399517913, 48.290181802153967 ], [ 14.488108450330341, 48.290148225044987 ], [ 14.488133820606798, 48.290125212755477 ], [ 14.488176713390486, 48.290108144061755 ], [ 14.488298974378406, 48.290059340596748 ], [ 14.488445233867511, 48.289980431197669 ], [ 14.488458820759131, 48.289973099332379 ], [ 14.488686689280186, 48.289956983294388 ], [ 14.488698400831471, 48.289956237296664 ], [ 14.488748935701752, 48.289907065789841 ], [ 14.488808633322286, 48.289912140789774 ], [ 14.488877109488268, 48.289917938267116 ], [ 14.488884373395841, 48.289917236408556 ], [ 14.489022920693161, 48.289903625828181 ], [ 14.489080640806694, 48.289910699505327 ], [ 14.489253932006946, 48.289931739140663 ], [ 14.48926807515614, 48.289937266328117 ], [ 14.489319484139562, 48.289957537129375 ], [ 14.489460810857821, 48.290020186834667 ], [ 14.489486270946703, 48.290031449158157 ], [ 14.489697943422138, 48.290026557444001 ], [ 14.489878011492657, 48.289910245656067 ], [ 14.490159581951103, 48.289697024426879 ], [ 14.490336944987245, 48.289610606421284 ], [ 14.490406676327337, 48.289612252231947 ], [ 14.490410236973146, 48.28960870828486 ], [ 14.490461809938086, 48.289557816394748 ], [ 14.490683890237115, 48.289336908691119 ], [ 14.490998711977777, 48.28917022528244 ], [ 14.491410450762755, 48.288991241356094 ], [ 14.491458380557487, 48.288970432829444 ], [ 14.491736893494492, 48.288904417206489 ], [ 14.491846720163807, 48.288908721799302 ], [ 14.491958842030945, 48.288913183365466 ], [ 14.491976308518721, 48.28889852546741 ], [ 14.492012168797876, 48.288868480728375 ], [ 14.492185119079602, 48.288723627902186 ], [ 14.492361086221567, 48.288466561077016 ], [ 14.492564001897541, 48.288407953497185 ], [ 14.492620523957701, 48.288391647000559 ], [ 14.492676557183424, 48.288377594417156 ], [ 14.492955787498008, 48.288307700265555 ], [ 14.493068923576532, 48.288267169208574 ], [ 14.493265503225238, 48.288196568496204 ], [ 14.493631772068095, 48.288112760581733 ], [ 14.493681931130787, 48.288101285031182 ], [ 14.494399051962443, 48.288027920389418 ], [ 14.494620825586546, 48.287968851152556 ], [ 14.494734058618041, 48.287938753182594 ], [ 14.495030672150854, 48.287886853031047 ], [ 14.49550093853497, 48.28772202400544 ], [ 14.495509404900206, 48.287720859906813 ], [ 14.496032345661492, 48.287650863412217 ], [ 14.49618464213536, 48.287643584191024 ], [ 14.496378276818625, 48.287634272338835 ], [ 14.49639229050258, 48.287628014813784 ], [ 14.496552448957042, 48.287556602912709 ], [ 14.496882507864656, 48.28740945277324 ], [ 14.497004328857203, 48.287419750042666 ], [ 14.497014997900269, 48.287420632958053 ], [ 14.497031375745497, 48.287423617901965 ], [ 14.49723872799718, 48.28746094819536 ], [ 14.49727487466666, 48.287461846178211 ], [ 14.497408530837003, 48.287464917586284 ], [ 14.497971880645231, 48.287387760910249 ], [ 14.498304905283804, 48.287330809891763 ], [ 14.498479207688712, 48.287301086513416 ], [ 14.498608631064089, 48.287301769915558 ], [ 14.498604862182772, 48.287290022497388 ], [ 14.49876811832107, 48.287320594538159 ], [ 14.498984057508634, 48.287350098925124 ], [ 14.499483222818732, 48.287422016722502 ], [ 14.499643616521311, 48.287445149294207 ], [ 14.49975491881791, 48.287461216773828 ], [ 14.49985012770955, 48.287480954013539 ], [ 14.49986150304972, 48.287483268997704 ], [ 14.499874097394384, 48.287485841651325 ], [ 14.499910315497951, 48.287507879411237 ], [ 14.499931635181879, 48.287520800309146 ], [ 14.500013043627524, 48.287514316583511 ], [ 14.500020836869123, 48.287519186425847 ], [ 14.500024526274199, 48.287521398516525 ], [ 14.500086592602036, 48.287559910222512 ], [ 14.500108604981788, 48.287549703646576 ], [ 14.500146625792409, 48.287532049566529 ], [ 14.500159150447711, 48.287525536622482 ], [ 14.500170078103672, 48.28751993931867 ], [ 14.500220050011222, 48.287494248646233 ], [ 14.500402044308879, 48.28744096491203 ], [ 14.500458691544747, 48.287424383424266 ], [ 14.500476369794882, 48.287419258171269 ], [ 14.500557685949735, 48.28740269912749 ], [ 14.50070689783875, 48.287372234447766 ], [ 14.500986887141556, 48.28729484629784 ], [ 14.501206014606677, 48.287196567049243 ], [ 14.501223364399813, 48.287188836048159 ], [ 14.501229092607671, 48.287185809784411 ], [ 14.501323185900771, 48.287138084721931 ], [ 14.50144119900145, 48.287087060757955 ], [ 14.503418449342862, 48.286382849068957 ], [ 14.50379516356173, 48.286219646283335 ], [ 14.504276586084544, 48.285989625704936 ], [ 14.504546617420104, 48.285865818057253 ], [ 14.505073960673219, 48.285604294633394 ], [ 14.505263043967016, 48.285519264724087 ], [ 14.505323090315393, 48.285492210859978 ], [ 14.505501705364074, 48.285415202733397 ], [ 14.50555683839989, 48.285391436907773 ], [ 14.505753192319263, 48.285318028161576 ], [ 14.505974598051418, 48.285237799336883 ], [ 14.506163698423101, 48.285159604956249 ], [ 14.50643758311557, 48.285021809657053 ], [ 14.506910492016958, 48.284738245567347 ], [ 14.507051102774524, 48.28466773573453 ], [ 14.507368670679625, 48.284554417410902 ], [ 14.508010870337433, 48.284348218434005 ], [ 14.508270856473825, 48.28428747758673 ], [ 14.508320267725324, 48.284267096826134 ], [ 14.508358456830642, 48.284251147591441 ], [ 14.508533539288123, 48.284161395565263 ], [ 14.508746481317926, 48.28405308829285 ], [ 14.508765405278739, 48.28404354097021 ], [ 14.509103363342954, 48.283837079749162 ], [ 14.509409956484715, 48.283626616242195 ], [ 14.509624706231957, 48.283455584580096 ], [ 14.509890216136389, 48.283222774263145 ], [ 14.509913272078846, 48.283234956102483 ], [ 14.510133966222334, 48.283165611905474 ], [ 14.510220736462937, 48.283140354348241 ], [ 14.510223511248938, 48.283126022111226 ], [ 14.510226398331024, 48.283110699141332 ], [ 14.510750741417441, 48.282915392527471 ], [ 14.510928104411821, 48.282849274060858 ], [ 14.510944412058578, 48.28284326141813 ], [ 14.510973415443072, 48.282832442201048 ], [ 14.511106200323214, 48.28280356959047 ], [ 14.511239142825175, 48.282900284130633 ], [ 14.511360045197726, 48.282900139864566 ], [ 14.511552787842477, 48.282899897883901 ], [ 14.511637586856603, 48.282882845883719 ], [ 14.511644428842171, 48.282881427155054 ], [ 14.511805571713648, 48.282848937959123 ], [ 14.512022205144515, 48.282850162564507 ], [ 14.512150000496021, 48.282850847294135 ], [ 14.512309880470665, 48.282851746615016 ], [ 14.512320909092262, 48.282874395625605 ], [ 14.51244396931164, 48.282868380749612 ], [ 14.512589867097844, 48.282823450050302 ], [ 14.512652375392024, 48.282804194175164 ], [ 14.512656536509679, 48.282803432298635 ], [ 14.512847543517024, 48.28276838991421 ], [ 14.512879326944089, 48.282749445331199 ], [ 14.51297334793246, 48.282693434673583 ], [ 14.512974327228285, 48.282641695773272 ], [ 14.513040759638479, 48.28255204849917 ], [ 14.512938048656748, 48.282445313484992 ], [ 14.512921931689077, 48.282382682373886 ], [ 14.512910993746887, 48.282340330500936 ], [ 14.512859798476192, 48.282299916058712 ], [ 14.512828092689697, 48.282274867732028 ], [ 14.512982946694105, 48.282173438648172 ], [ 14.51304332928046, 48.282019348878528 ], [ 14.513053070635252, 48.281985423864022 ], [ 14.513184978613971, 48.281645733947649 ], [ 14.513165831509394, 48.281615790312742 ], [ 14.513271295356224, 48.281547428314568 ], [ 14.513274669289164, 48.281529851225635 ], [ 14.513283470502076, 48.281484240462774 ], [ 14.513348197410284, 48.281450027749969 ], [ 14.513351470041748, 48.281445766280633 ], [ 14.513423432992536, 48.281350484903705 ], [ 14.513399203178425, 48.281340024960485 ], [ 14.513350078502739, 48.281360944824712 ], [ 14.513327383255991, 48.281370531163098 ], [ 14.513269161577337, 48.28130562810798 ], [ 14.513305223819176, 48.28122600460852 ], [ 14.513311642135641, 48.281211905221937 ], [ 14.513322848470571, 48.2812009060059 ], [ 14.513328399975386, 48.281202019238052 ], [ 14.513333545172879, 48.281203046626466 ], [ 14.513337608248525, 48.281203905060686 ], [ 14.51340309507119, 48.281214936241234 ], [ 14.513447553857093, 48.281219973156112 ], [ 14.513468520120473, 48.281217331516196 ], [ 14.513492983829611, 48.28121438451231 ], [ 14.51363223767336, 48.281280444791491 ], [ 14.513661804811047, 48.281294449089799 ], [ 14.513682840317069, 48.281288927877377 ], [ 14.513755587630429, 48.281269567517569 ], [ 14.51378356478933, 48.28129069503008 ], [ 14.513809073395255, 48.281309958344295 ], [ 14.513864891021033, 48.281352124760339 ], [ 14.51394353690991, 48.281360952982126 ], [ 14.514002316652892, 48.281367463736018 ], [ 14.514023121281511, 48.281387314511207 ], [ 14.514253630295237, 48.281465402875455 ], [ 14.514338748240588, 48.28146840748898 ], [ 14.51441833512968, 48.281471198287576 ], [ 14.514455818823977, 48.281465869847423 ], [ 14.514526351600784, 48.281455797725094 ], [ 14.514645226207492, 48.281349063838547 ], [ 14.514688357648508, 48.281325415396111 ], [ 14.514697675633174, 48.281320282844106 ], [ 14.514913929482212, 48.281370176120241 ], [ 14.515100020638892, 48.281391766917501 ], [ 14.515105155638851, 48.28139234451406 ], [ 14.515351610246308, 48.281389391581513 ], [ 14.515391042718111, 48.281374956727916 ], [ 14.51553490382463, 48.281365128705055 ], [ 14.515667561851238, 48.281354604658972 ], [ 14.515697035524825, 48.281329025442965 ], [ 14.515779031552672, 48.281313348308025 ], [ 14.51584461360871, 48.281293069844232 ], [ 14.515950698920827, 48.281287583563952 ], [ 14.515957328520145, 48.281288685714962 ], [ 14.516078825622367, 48.281308862225259 ], [ 14.516103375397677, 48.28132741508248 ], [ 14.516136564478208, 48.281352447460421 ], [ 14.516154222692139, 48.281346600272784 ], [ 14.516273550798802, 48.281307152801674 ], [ 14.516546311994375, 48.281216665272083 ], [ 14.516653766056693, 48.28123572448056 ], [ 14.516863394390175, 48.281272816737875 ], [ 14.516867990383849, 48.28127339973878 ], [ 14.516884216249469, 48.281275663726674 ], [ 14.516971427991244, 48.281287731437359 ], [ 14.517104610029561, 48.281306078719815 ], [ 14.517129354147126, 48.281309515510124 ], [ 14.517182356256251, 48.281316803145259 ], [ 14.517201691752708, 48.281319485271688 ], [ 14.517223461032824, 48.281322502488685 ], [ 14.517298933350123, 48.281322184453067 ], [ 14.517369687234483, 48.281321824414647 ], [ 14.517648799015928, 48.281320603487764 ], [ 14.519160317801777, 48.281222174086629 ], [ 14.519173372417525, 48.281221321346543 ], [ 14.519198677346493, 48.28133765629245 ], [ 14.519227571570548, 48.281593218279461 ], [ 14.519230946112765, 48.281952858264404 ], [ 14.519242716224499, 48.282019581248093 ], [ 14.519256160027004, 48.282094653783993 ], [ 14.519263085092652, 48.282126340348626 ], [ 14.51926369818654, 48.28212957278884 ], [ 14.519307999477707, 48.282333878367162 ], [ 14.519394479379438, 48.282408116556844 ], [ 14.519430089185846, 48.282438701076074 ], [ 14.519469615566445, 48.282528531645212 ], [ 14.519493224066622, 48.282582449066034 ], [ 14.519575714369472, 48.282653129243897 ], [ 14.519735797340777, 48.282727696440261 ], [ 14.519854473026779, 48.282789281044508 ], [ 14.519885267093816, 48.282821443906414 ], [ 14.519927801752873, 48.282865991979968 ], [ 14.519933350578283, 48.282872862593969 ], [ 14.520040107589567, 48.283002580980842 ], [ 14.520062656851868, 48.283086736835564 ], [ 14.519942505025107, 48.283290469963006 ], [ 14.519877665545014, 48.283366790416238 ], [ 14.519844718019659, 48.283405450808282 ], [ 14.519800831800344, 48.283484436409076 ], [ 14.519788148255655, 48.283507416456132 ], [ 14.519723291234536, 48.283624220572641 ], [ 14.51969304444491, 48.283727897001086 ], [ 14.51968430491114, 48.283758303797939 ], [ 14.519582145300525, 48.284347886397029 ], [ 14.519581435913452, 48.284399352741559 ], [ 14.51957934890728, 48.284555550618521 ], [ 14.519575695233385, 48.284596161389622 ], [ 14.519575389739218, 48.284600482750484 ], [ 14.519572915892907, 48.284627856863608 ], [ 14.51955490459207, 48.28483036830194 ], [ 14.519566134945626, 48.284932362364657 ], [ 14.519570198701075, 48.28496857621834 ], [ 14.519577148042808, 48.285130889428245 ], [ 14.51959614146201, 48.285130335970912 ], [ 14.519610554980503, 48.285129919158749 ], [ 14.519606920232492, 48.285454094525036 ], [ 14.519596301212038, 48.285526083559162 ], [ 14.519618873704239, 48.285634799198327 ], [ 14.519690944684212, 48.285891989699913 ], [ 14.519724351350094, 48.286008781534633 ], [ 14.519805118302514, 48.286586962708846 ], [ 14.5197730469059, 48.286770005336514 ], [ 14.519747472572059, 48.286918885581052 ], [ 14.51973439981621, 48.287172265785806 ], [ 14.519692221803691, 48.28732014572342 ], [ 14.519627320683686, 48.287547155129815 ], [ 14.519564394473374, 48.287801583167941 ], [ 14.519580838127126, 48.287878064345144 ], [ 14.519581755841369, 48.287882823049074 ], [ 14.51958510462245, 48.287893674482156 ], [ 14.519605820814341, 48.287962465220204 ], [ 14.519459102721358, 48.288319495725332 ], [ 14.519398000099367, 48.288412150924046 ], [ 14.519100051602436, 48.288864463719577 ], [ 14.518871925529885, 48.289110408322962 ], [ 14.518265622484677, 48.289637470065621 ], [ 14.518034997674913, 48.289815695984423 ], [ 14.517635618633342, 48.290118978291318 ], [ 14.51731401584008, 48.290363081851083 ], [ 14.517255712320237, 48.290407397060918 ], [ 14.517173555510585, 48.29046976758017 ], [ 14.516762291957598, 48.290807983344543 ], [ 14.516723651295433, 48.290839683419925 ], [ 14.516663396181501, 48.290881229297618 ], [ 14.516499878448776, 48.290993726300705 ], [ 14.516108832929138, 48.291255355341661 ], [ 14.515752881444914, 48.291554500973355 ], [ 14.515555790440432, 48.291720146005886 ], [ 14.51558579711412, 48.291735404840423 ], [ 14.515718159444395, 48.291805311103808 ], [ 14.51581545247752, 48.291856681248603 ], [ 14.515883271802092, 48.291892517257445 ], [ 14.516141983879699, 48.292294542641613 ], [ 14.516007369686141, 48.292409623924932 ], [ 14.515985688119731, 48.292428376632103 ], [ 14.515718489752754, 48.292658967836964 ], [ 14.515612322799253, 48.292750549163806 ], [ 14.515504047029617, 48.293269836334751 ], [ 14.515521813503215, 48.293481339011876 ], [ 14.515657817519369, 48.293899815237793 ], [ 14.515791024291987, 48.294171949787589 ], [ 14.515815626380768, 48.294222079167675 ], [ 14.515828602135038, 48.294235351841344 ], [ 14.515628545563985, 48.294318710654132 ], [ 14.515230699325462, 48.294484414609087 ], [ 14.515003872416642, 48.294582258297993 ], [ 14.514929093269798, 48.294601999624064 ], [ 14.514854177227354, 48.29462165232794 ], [ 14.51469028185616, 48.294635460861493 ], [ 14.514584210180287, 48.294571763986639 ], [ 14.514553490481809, 48.294448376585024 ], [ 14.51454503683717, 48.294414636276848 ], [ 14.514454840093599, 48.294177869247676 ], [ 14.514450475173232, 48.294169726904009 ], [ 14.514376167692896, 48.294032657533691 ], [ 14.51429472638174, 48.293937493303957 ], [ 14.514281569172958, 48.293922153153588 ], [ 14.514090085575265, 48.293748667840624 ], [ 14.514079759428755, 48.293739236508962 ], [ 14.513990761295208, 48.293732492427729 ], [ 14.513972610259819, 48.293734655726261 ], [ 14.513951099816627, 48.293737302911794 ], [ 14.513901943131193, 48.293757323479021 ], [ 14.513872288997309, 48.293769409403595 ], [ 14.513679999450906, 48.293909722654135 ], [ 14.51340027314021, 48.294117854540531 ], [ 14.513333628501377, 48.294175116914992 ], [ 14.513122998712104, 48.294386415997984 ], [ 14.512889269418674, 48.294637262575826 ], [ 14.512485105218088, 48.29507093075329 ], [ 14.512389659885603, 48.295213499288394 ], [ 14.512408528680036, 48.295219155750416 ], [ 14.512405633383922, 48.295234118928697 ], [ 14.512384236535839, 48.295330685987068 ], [ 14.512269626479098, 48.295442771159713 ], [ 14.51222304569264, 48.295534645281407 ], [ 14.511946897877602, 48.295942274909066 ], [ 14.511667612094827, 48.296395906575277 ], [ 14.511490777104644, 48.296682968846305 ], [ 14.511483103395841, 48.296736844318012 ], [ 14.511464492840428, 48.296867119001412 ], [ 14.511397076327356, 48.297341455800044 ], [ 14.511373208277409, 48.297382810376973 ], [ 14.511357903462038, 48.297409414342752 ], [ 14.511146979447323, 48.29776294357999 ], [ 14.5109542313708, 48.298085791083359 ], [ 14.510552200756244, 48.2981701043378 ], [ 14.509388646396216, 48.298414419318071 ], [ 14.509382868349267, 48.298421224901752 ], [ 14.509283560889317, 48.298536840729398 ], [ 14.509170721735709, 48.298668156705901 ], [ 14.509143804211819, 48.298700005528289 ], [ 14.509084454416589, 48.298770236171585 ], [ 14.508729071807915, 48.299169841104238 ], [ 14.50878744030797, 48.299246529731249 ], [ 14.508899031055851, 48.299392941771607 ], [ 14.50910498277128, 48.299663178979479 ], [ 14.509141253648149, 48.299710762764121 ], [ 14.509187115701238, 48.299771024365121 ], [ 14.509319694502897, 48.299945022474745 ], [ 14.509465044193282, 48.300081646836979 ], [ 14.509537365256046, 48.300125447683428 ], [ 14.509802043127966, 48.300285785565023 ], [ 14.509839765320841, 48.300320039981187 ], [ 14.510219447103871, 48.300663908044172 ], [ 14.510229690202131, 48.300687464683122 ], [ 14.510249191943899, 48.300732788656454 ], [ 14.510314958086656, 48.300743189164891 ], [ 14.510414572459615, 48.300765662246846 ], [ 14.510536831935374, 48.300775941211079 ], [ 14.510608527340134, 48.300762441476522 ], [ 14.510672056800335, 48.300745605700605 ], [ 14.510754146361835, 48.300732630492824 ], [ 14.51082140128462, 48.300719535388531 ], [ 14.510848686764724, 48.300709813313077 ], [ 14.510876074582551, 48.300716463411312 ], [ 14.51091292714724, 48.300712402161082 ], [ 14.510948919516531, 48.300688287913388 ], [ 14.511030992763754, 48.300686468051566 ], [ 14.511051341755005, 48.300668179679548 ], [ 14.511093041192591, 48.300669736988837 ], [ 14.511114936693328, 48.300672034423755 ], [ 14.511140482128035, 48.300674744739993 ], [ 14.511155857861111, 48.300669011485454 ], [ 14.511188345415965, 48.300656807702673 ], [ 14.511219854814883, 48.300654959521793 ], [ 14.511239123373327, 48.300642529625478 ], [ 14.511287409537381, 48.300631335472659 ], [ 14.511309503082229, 48.300630482171343 ], [ 14.511321119111567, 48.300649166839378 ], [ 14.511335939512364, 48.300654594558992 ], [ 14.511363216683559, 48.300644512594559 ], [ 14.51136762841446, 48.300642848621031 ], [ 14.511392893455785, 48.300621361743936 ], [ 14.511399055590722, 48.300619590092822 ], [ 14.511454494339088, 48.300602745797754 ], [ 14.511513144268804, 48.300602602045487 ], [ 14.511544955948994, 48.300602190120642 ], [ 14.511555954817164, 48.300605587347199 ], [ 14.511597094881523, 48.300618125591242 ], [ 14.511615076480696, 48.300602469998779 ], [ 14.51161825655972, 48.300600008817256 ], [ 14.51163310510459, 48.300588883070382 ], [ 14.511652657802548, 48.300588955048987 ], [ 14.511677947932377, 48.300592297570653 ], [ 14.511680560333959, 48.300594520195986 ], [ 14.511689351393079, 48.300601628230218 ], [ 14.511706878123157, 48.300607478322483 ], [ 14.511743761043089, 48.300598828400631 ], [ 14.511768952827723, 48.300591916145585 ], [ 14.511801646766989, 48.300588796337188 ], [ 14.511825370393691, 48.300594403753564 ], [ 14.511851127971021, 48.300588655268484 ], [ 14.511870351548836, 48.300580184081731 ], [ 14.511898021111767, 48.300581433323643 ], [ 14.51191263700259, 48.300577866766382 ], [ 14.511920602301212, 48.300566450818096 ], [ 14.511942336398889, 48.30056758021589 ], [ 14.512001159748943, 48.30056320621253 ], [ 14.512058204477809, 48.300569555755708 ], [ 14.512071078351596, 48.3005723941722 ], [ 14.51210793934797, 48.30058056739005 ], [ 14.512113631797442, 48.300581859190231 ], [ 14.512100466692329, 48.300601784302579 ], [ 14.512066762494587, 48.300625695818738 ], [ 14.512036359453646, 48.30066432778974 ], [ 14.512034992238567, 48.300699067252026 ], [ 14.512019838377755, 48.300738264516859 ], [ 14.511991150244395, 48.300757447157956 ], [ 14.511981056493791, 48.300764206597592 ], [ 14.511974116426753, 48.300773273137573 ], [ 14.511945042864584, 48.300811081955622 ], [ 14.51194361524608, 48.300813525403292 ], [ 14.511940111141948, 48.30083731104255 ], [ 14.511908849763088, 48.300867855018708 ], [ 14.511886297272413, 48.300890034246841 ], [ 14.511875781245895, 48.300913800908006 ], [ 14.511866429362131, 48.300935396676927 ], [ 14.511856701111887, 48.30094044311268 ], [ 14.511833784679013, 48.300952550188114 ], [ 14.511767831419837, 48.301052536692438 ], [ 14.511771618417532, 48.301058975673385 ], [ 14.511777517485875, 48.301069351633778 ], [ 14.511755019709788, 48.301082084193332 ], [ 14.511712552700889, 48.301106084300528 ], [ 14.511683507046106, 48.301133277160758 ], [ 14.511659214144515, 48.301156013733184 ], [ 14.51163977659872, 48.301190666197144 ], [ 14.511597070511312, 48.301216018120307 ], [ 14.511605042935308, 48.301234559710522 ], [ 14.511615997614401, 48.301259728356136 ], [ 14.511581583222732, 48.301329527890005 ], [ 14.511665381649747, 48.301338305730795 ], [ 14.511687627178761, 48.301355983141399 ], [ 14.511671728954777, 48.301380254070125 ], [ 14.511620239719781, 48.301398857734668 ], [ 14.511638152892347, 48.301409831801038 ], [ 14.511675206830805, 48.301432397238898 ], [ 14.511721120036484, 48.301482851391 ], [ 14.511775622444214, 48.301543384364187 ], [ 14.511768989948495, 48.301595629872551 ], [ 14.51175844282192, 48.301677332809184 ], [ 14.511754787587142, 48.301706337799281 ], [ 14.511780011326767, 48.301724524820344 ], [ 14.511838646352567, 48.301729598904572 ], [ 14.51184324001238, 48.30173000221496 ], [ 14.511843399940043, 48.301748892762994 ], [ 14.5118209407478, 48.301763334229527 ], [ 14.511866288179952, 48.301800749458017 ], [ 14.51186222633601, 48.301823731066129 ], [ 14.511860306696917, 48.301834186172428 ], [ 14.511797344152296, 48.301852276318165 ], [ 14.511779927623568, 48.301857220646042 ], [ 14.511804613528518, 48.301916975870313 ], [ 14.511846314185389, 48.301924470444895 ], [ 14.511870232944588, 48.301944559873462 ], [ 14.511920655404518, 48.301956104409712 ], [ 14.511934525621026, 48.301996807049818 ], [ 14.511953776914169, 48.302007317706973 ], [ 14.511970568947858, 48.3020164138564 ], [ 14.511965016889702, 48.302062800853356 ], [ 14.512073978176089, 48.302170012721305 ], [ 14.51212478304344, 48.302186501246688 ], [ 14.512138092435961, 48.302190684688362 ], [ 14.51215544675477, 48.302212639782205 ], [ 14.512191797647755, 48.302204265010445 ], [ 14.512222378382518, 48.302197118173844 ], [ 14.51223525975484, 48.302223976536581 ], [ 14.512276009361985, 48.302242995814609 ], [ 14.512372038524761, 48.302309225420004 ], [ 14.512471321819708, 48.302423641987019 ], [ 14.51252039598465, 48.302417387311863 ], [ 14.512524564818435, 48.302416895272131 ], [ 14.512572676220103, 48.302439438386585 ], [ 14.512640005669782, 48.302453240347965 ], [ 14.512714186420402, 48.30247776838511 ], [ 14.512734797255085, 48.302506527566877 ], [ 14.512791368136721, 48.302509732874796 ], [ 14.512813079640646, 48.302492060144587 ], [ 14.512927704285968, 48.302498455631422 ], [ 14.512940259931865, 48.302499138074744 ], [ 14.512947433780685, 48.302506262399916 ], [ 14.5129635708529, 48.30252211224601 ], [ 14.513001515942383, 48.302530454130313 ], [ 14.513053486652982, 48.30252704868618 ], [ 14.513076298686935, 48.302539952069296 ], [ 14.513133197948262, 48.302533887726575 ], [ 14.513138065742794, 48.30254040567155 ], [ 14.51315004018811, 48.302557017379065 ], [ 14.513142127754508, 48.302564834358158 ], [ 14.513113110699681, 48.302593286745505 ], [ 14.513163257287252, 48.302622286307553 ], [ 14.513211051741473, 48.30263088815618 ], [ 14.51323917565637, 48.302628354051947 ], [ 14.513249988422487, 48.302653164127769 ], [ 14.513328612671474, 48.302683314390841 ], [ 14.513381191075549, 48.302694746486608 ], [ 14.513386427214829, 48.302711516434314 ], [ 14.513419246030649, 48.302725667758068 ], [ 14.513442862080005, 48.302756105644704 ], [ 14.513467645246855, 48.302766739903532 ], [ 14.513506759064096, 48.30280862586087 ], [ 14.513544207455865, 48.302806986747029 ], [ 14.51358169837898, 48.302830896593974 ], [ 14.513561670651036, 48.302857368739765 ], [ 14.513656259111086, 48.302872063282557 ], [ 14.513690153321773, 48.302868301052392 ], [ 14.513708581283799, 48.302866314956276 ], [ 14.513757624171026, 48.302876433290649 ], [ 14.513842452355936, 48.302906610267833 ], [ 14.513889654670661, 48.302912878815235 ], [ 14.513885665778218, 48.302944945983441 ], [ 14.513936160947404, 48.30295370007596 ], [ 14.513960909162634, 48.302986465407358 ], [ 14.514025396262344, 48.303053013537145 ], [ 14.513982450487937, 48.303073780645363 ], [ 14.513925487744192, 48.303112592458021 ], [ 14.513920122066557, 48.303143414109122 ], [ 14.51390856491447, 48.303168810822548 ], [ 14.513922007995101, 48.30320843800375 ], [ 14.513958138668004, 48.30325548193337 ], [ 14.513982315010532, 48.303286813654303 ], [ 14.513997659875914, 48.303327051277684 ], [ 14.513984938876028, 48.303413814345014 ], [ 14.51395100669586, 48.303433680360413 ], [ 14.513974341287193, 48.303516839116725 ], [ 14.513974326201367, 48.303533932177118 ], [ 14.513974261498726, 48.303542929100303 ], [ 14.513985107157787, 48.303563240636848 ], [ 14.514010177430007, 48.303610126825532 ], [ 14.514044687954637, 48.303674819837532 ], [ 14.5140211749521, 48.303749547387042 ], [ 14.514058815667548, 48.303797745479805 ], [ 14.514062844083549, 48.303802922458075 ], [ 14.514066175896296, 48.303807116911855 ], [ 14.514043720700318, 48.30385133639183 ], [ 14.514028625982549, 48.303881267118861 ], [ 14.514032924469459, 48.303892378894446 ], [ 14.514034213606028, 48.303895694438729 ], [ 14.514043147839566, 48.303920883336481 ], [ 14.514085230603085, 48.304039747014734 ], [ 14.514107410446183, 48.30410771375189 ], [ 14.514043702965557, 48.304187886857314 ], [ 14.514017475458553, 48.30426776978809 ], [ 14.513996694142895, 48.304273018448306 ], [ 14.51395928817395, 48.304282484015644 ], [ 14.513912432811541, 48.304374361208581 ], [ 14.513914299141979, 48.304450360710398 ], [ 14.513853534311849, 48.304529514263855 ], [ 14.513791453936227, 48.304610120522113 ], [ 14.51379709816981, 48.304674386569388 ], [ 14.513737004518834, 48.30471790804684 ], [ 14.513699301407531, 48.304838660296895 ], [ 14.513693897731248, 48.304855987905057 ], [ 14.513682642496496, 48.30488282091369 ], [ 14.513647465459334, 48.30496648293024 ], [ 14.513665096584532, 48.305071560433468 ], [ 14.513617303286836, 48.305145994228859 ], [ 14.51361846983149, 48.30517944849074 ], [ 14.513620452604975, 48.305230976959983 ], [ 14.513590692244401, 48.305250530660388 ], [ 14.513558542047203, 48.305271727906252 ], [ 14.513553387425414, 48.305288153353146 ], [ 14.513531913277836, 48.305357732202438 ], [ 14.513528014619233, 48.305370096598871 ], [ 14.513514572548313, 48.305413414905871 ], [ 14.513505905242271, 48.305441391168877 ], [ 14.513479580300462, 48.305457851284984 ], [ 14.513433180715637, 48.305486929715407 ], [ 14.513391144369976, 48.305518123003267 ], [ 14.513388511901972, 48.305526876056376 ], [ 14.513381988919296, 48.305548353267348 ], [ 14.51334769462828, 48.305552389328383 ], [ 14.513341237761855, 48.305553084509896 ], [ 14.513338120954341, 48.305558333929923 ], [ 14.513327718619717, 48.305575262364442 ], [ 14.513313931880424, 48.305597532891802 ], [ 14.513300279333063, 48.305643462215514 ], [ 14.513299695827881, 48.305688899231299 ], [ 14.513268857528841, 48.305690741139308 ], [ 14.513198448218155, 48.305725460555706 ], [ 14.513194274020695, 48.305743495372496 ], [ 14.513191941861542, 48.305753594815094 ], [ 14.513165744648468, 48.305757908613863 ], [ 14.513081112824336, 48.305772080694275 ], [ 14.513088157426955, 48.30579719882946 ], [ 14.513093747378047, 48.305817653650827 ], [ 14.513054029142351, 48.30581445761706 ], [ 14.512985674332509, 48.305809122739738 ], [ 14.512962029007754, 48.305824835881374 ], [ 14.512998534798401, 48.305840929143535 ], [ 14.513021105261229, 48.305855004495285 ], [ 14.51302493543883, 48.305857394674689 ], [ 14.513020823667045, 48.305860405102507 ], [ 14.512971069725292, 48.305896174555812 ], [ 14.512898748231347, 48.305935771136106 ], [ 14.512867327621946, 48.305977202361852 ], [ 14.512781865128746, 48.306014143161569 ], [ 14.512747116347125, 48.306087094961804 ], [ 14.512744416184857, 48.306092879918431 ], [ 14.512777533515365, 48.306114135440488 ], [ 14.512789714542148, 48.306122018707107 ], [ 14.512743456097958, 48.306133642680116 ], [ 14.512714629844799, 48.306140951771219 ], [ 14.512699531065937, 48.306158917304913 ], [ 14.512693885361701, 48.306165631723346 ], [ 14.512679660088434, 48.306210127357154 ], [ 14.51259698063191, 48.306233095626851 ], [ 14.512593790019208, 48.306235107120258 ], [ 14.512550618748064, 48.306263882590621 ], [ 14.512525854408906, 48.306295620303551 ], [ 14.512495456571617, 48.306334612070003 ], [ 14.512420327981024, 48.30638719137152 ], [ 14.512398426681633, 48.306402526878003 ], [ 14.512334492470213, 48.306467047731857 ], [ 14.512299811450115, 48.306471897054841 ], [ 14.512252492208562, 48.306478403704695 ], [ 14.512216394111881, 48.306498021206416 ], [ 14.512233081711774, 48.306514315375757 ], [ 14.512229856516782, 48.306520735372672 ], [ 14.512214890701221, 48.306550484582388 ], [ 14.512176890054562, 48.306551679017488 ], [ 14.512151556289151, 48.30655247530067 ], [ 14.512072210800572, 48.306603477736857 ], [ 14.511971210939286, 48.306615475677702 ], [ 14.511879743202423, 48.306714550717366 ], [ 14.511834317682686, 48.306733182963512 ], [ 14.511820360588077, 48.306759863181057 ], [ 14.511799816083165, 48.306799294788057 ], [ 14.511764916105276, 48.306800457701762 ], [ 14.511734869647091, 48.306801571480662 ], [ 14.511697670945496, 48.306849897993722 ], [ 14.51169321591871, 48.306855610721136 ], [ 14.511641431665723, 48.306891130233872 ], [ 14.511594849050601, 48.306959703280945 ], [ 14.5114264413125, 48.30710300843959 ], [ 14.511299127537479, 48.307197317831196 ], [ 14.511268135676982, 48.307228038709489 ], [ 14.511237174203892, 48.307248233660957 ], [ 14.511176256153973, 48.307285374722653 ], [ 14.511123666387286, 48.307327019588321 ], [ 14.511119297012067, 48.307330572325682 ], [ 14.511122432659768, 48.30733206996748 ], [ 14.511188293570623, 48.307364060076445 ], [ 14.511221562132711, 48.307380096677754 ], [ 14.511153668962512, 48.307472275361285 ], [ 14.511048756427984, 48.307549534850018 ], [ 14.511011619534486, 48.307576899237269 ], [ 14.510980451478078, 48.30759988504041 ], [ 14.510934532935721, 48.307644341131102 ], [ 14.51089270795906, 48.307684977376503 ], [ 14.510846264283773, 48.307730068477667 ], [ 14.510721665248591, 48.307866812007866 ], [ 14.510655161642912, 48.307954928004598 ], [ 14.510614705119542, 48.308026137532885 ], [ 14.510603939844602, 48.308044958573731 ], [ 14.51060012037882, 48.30810833075153 ], [ 14.510719193364071, 48.308238741742812 ], [ 14.510916533601007, 48.308454455085361 ], [ 14.511107453058575, 48.308678329659493 ], [ 14.511232455145453, 48.308725374939073 ], [ 14.511429548747291, 48.308799579010454 ], [ 14.51181966029856, 48.308887302775801 ], [ 14.512028271760403, 48.308934220608421 ], [ 14.512251339690771, 48.308958591047293 ], [ 14.512562892099719, 48.308977836681699 ], [ 14.512851586516133, 48.309171840187346 ], [ 14.512975941698954, 48.309255504879772 ], [ 14.513044836333293, 48.309225119243479 ], [ 14.513475435186395, 48.309035612822157 ], [ 14.51375556176405, 48.308877048126199 ], [ 14.513820125848154, 48.308834201138353 ], [ 14.513931779491653, 48.309029187214669 ], [ 14.513929623024893, 48.309123939551711 ], [ 14.513951223914663, 48.309237433066777 ], [ 14.513955513449773, 48.30925997014706 ], [ 14.513970907327794, 48.309331873977129 ], [ 14.513999283845383, 48.309464550733296 ], [ 14.514064870714201, 48.309786131110648 ], [ 14.514080062882316, 48.30986100571932 ], [ 14.514123487636839, 48.310074046190515 ], [ 14.514178769434347, 48.310180091023838 ], [ 14.514182191398966, 48.310182305379776 ], [ 14.514185069949137, 48.310184345321929 ], [ 14.514236044820956, 48.31020200074483 ], [ 14.514266492471911, 48.310212487425332 ], [ 14.514455444329721, 48.310278132615927 ], [ 14.515006646530738, 48.310456782932931 ], [ 14.515108428832281, 48.310502440423292 ], [ 14.51511823913464, 48.310506838973239 ], [ 14.515120894565246, 48.310546395489062 ], [ 14.515077632928008, 48.310636347186502 ], [ 14.515074540607397, 48.310642675940983 ], [ 14.515071190934446, 48.310649547081844 ], [ 14.515056108074729, 48.310733275248658 ], [ 14.51505000099365, 48.310767073136482 ], [ 14.515061907299268, 48.310922497310841 ], [ 14.515061260396923, 48.31105969654859 ], [ 14.515032324834069, 48.311168754760544 ], [ 14.514942083985501, 48.311303984424598 ], [ 14.514868338500506, 48.311364197914841 ], [ 14.514855757143216, 48.311374311407576 ], [ 14.514731636563416, 48.311425499953927 ], [ 14.514705449436235, 48.31143629125031 ], [ 14.514634000256779, 48.311455278514842 ], [ 14.514537341019921, 48.311468763889636 ], [ 14.514507764076109, 48.311472842350327 ], [ 14.514268602946387, 48.311506215280431 ], [ 14.513916493223123, 48.311601727462524 ], [ 14.513715986656441, 48.311656568167884 ], [ 14.51361238391028, 48.311684966945855 ], [ 14.513363932834844, 48.311730936934076 ], [ 14.512886217987235, 48.311889702874346 ], [ 14.512852352935374, 48.311900931374318 ], [ 14.512828939344701, 48.311909175199027 ], [ 14.51269126048383, 48.311957350186411 ], [ 14.512407475017641, 48.312056753759649 ], [ 14.512258395895627, 48.31210774253389 ], [ 14.512104336917881, 48.312188828938922 ], [ 14.511785955961749, 48.31235641276001 ], [ 14.511530925408962, 48.312386072228257 ], [ 14.511319205775157, 48.312446240005521 ], [ 14.511199812314924, 48.312480194084984 ], [ 14.511194854097585, 48.312481593674853 ], [ 14.5111405220197, 48.312494288173852 ], [ 14.510952977575869, 48.312538197450095 ], [ 14.510964145258606, 48.312596380059645 ], [ 14.510972861122632, 48.312635695386547 ], [ 14.510975108622928, 48.312651506016124 ], [ 14.510983050619998, 48.312716108566441 ], [ 14.511004439173542, 48.312891678517218 ], [ 14.511125218032134, 48.312924552605779 ], [ 14.511210712697464, 48.312947797687549 ], [ 14.51121209593869, 48.312955250563206 ], [ 14.511218724075325, 48.312991708194559 ], [ 14.511232280599671, 48.313060032342094 ], [ 14.511234066311211, 48.313067391183601 ], [ 14.511249484003804, 48.313134526990687 ], [ 14.511260754266516, 48.313191269128055 ], [ 14.51126121807795, 48.313193873341582 ], [ 14.511268097675167, 48.313235456271961 ], [ 14.51122024084081, 48.313236390198654 ], [ 14.511160350815105, 48.313236006428205 ], [ 14.511045155217158, 48.313235192427022 ], [ 14.511057732145543, 48.313254497067255 ], [ 14.511170755324931, 48.313426711118389 ], [ 14.511140725459487, 48.31342872415653 ], [ 14.511149767849052, 48.313434930049823 ], [ 14.511205536115122, 48.313473499514551 ], [ 14.511286373758752, 48.313499490520506 ], [ 14.511292886856156, 48.313501223877331 ], [ 14.511776267024057, 48.31363217586896 ], [ 14.512205875591849, 48.313758902272298 ], [ 14.512810160201809, 48.313862716772725 ], [ 14.513182751445461, 48.313966986793346 ], [ 14.51345448657351, 48.314101965371748 ], [ 14.513588580245303, 48.314168527801939 ], [ 14.513770568447141, 48.314229836563193 ], [ 14.513984841400854, 48.314269676572685 ], [ 14.514065151414055, 48.314307905886096 ], [ 14.514130463148049, 48.314339000291881 ], [ 14.514152719197542, 48.31435685701814 ], [ 14.514353998967827, 48.31451890690596 ], [ 14.514428938782538, 48.314635097754966 ], [ 14.514580576757028, 48.315039199398569 ], [ 14.514727145098155, 48.315268195758456 ], [ 14.514865889996805, 48.315432048685807 ], [ 14.515388928111241, 48.315881229691108 ], [ 14.515463675055056, 48.315947402811247 ], [ 14.515720077064367, 48.316142626578625 ], [ 14.515710434601621, 48.316151540783451 ], [ 14.515879317467835, 48.316211450003863 ], [ 14.515942002229419, 48.316233663821379 ], [ 14.516059078635161, 48.316275206833289 ], [ 14.516255422659279, 48.316309107400528 ], [ 14.516374178450002, 48.316329671839824 ], [ 14.516493069179711, 48.31635023478777 ], [ 14.516522725481563, 48.316355421161525 ], [ 14.516611190544479, 48.316360729663039 ], [ 14.517048257182562, 48.31638732462082 ], [ 14.51706270818516, 48.316388167308453 ], [ 14.517093773874528, 48.316390100570175 ], [ 14.517098076578502, 48.316389517057502 ], [ 14.517504694001854, 48.316334914040375 ], [ 14.51753911555727, 48.316330245813035 ], [ 14.517550679304142, 48.316328688820782 ], [ 14.517555521376524, 48.316328099806029 ], [ 14.517705307391669, 48.316313621899226 ], [ 14.5179146211968, 48.316313022186812 ], [ 14.518105187482856, 48.316312432916334 ], [ 14.518185836899116, 48.316312152118364 ], [ 14.51846867336141, 48.31666597430317 ], [ 14.518458900552313, 48.316981661324988 ], [ 14.518458522602993, 48.316994619734054 ], [ 14.518361319773948, 48.317143956663209 ], [ 14.51832153567439, 48.317155966636733 ], [ 14.517944040292399, 48.317269291402376 ], [ 14.517936818190963, 48.317271973774282 ], [ 14.517555960337127, 48.317415288880134 ], [ 14.517483144824777, 48.31744562690367 ], [ 14.517201376080241, 48.317669618845876 ], [ 14.517205281201266, 48.317870014902176 ], [ 14.517295204150976, 48.318027524101105 ], [ 14.51739315318032, 48.318111272595559 ], [ 14.517447217976628, 48.318157503199956 ], [ 14.517672876609492, 48.318228437657979 ], [ 14.517689218947975, 48.318235288503509 ], [ 14.517961704118219, 48.318348478196278 ], [ 14.517991389344626, 48.318360770922887 ], [ 14.518001601815488, 48.318364985217521 ], [ 14.518215171206437, 48.318532391111852 ], [ 14.518437564920559, 48.31862557798231 ], [ 14.518531261939163, 48.318664837522114 ], [ 14.51879986127042, 48.31875539435412 ], [ 14.518823604261247, 48.318761450008267 ], [ 14.518987643618269, 48.318803681536394 ], [ 14.519269319855153, 48.318876201681682 ], [ 14.519327935936046, 48.318891348121475 ], [ 14.519472860167276, 48.318935213037641 ], [ 14.519648344556554, 48.318988302457093 ], [ 14.519883575767645, 48.31911176303921 ], [ 14.519994167977382, 48.319193671269723 ], [ 14.520203004477077, 48.319348347159107 ], [ 14.520351835736875, 48.319456674059097 ], [ 14.520432219721458, 48.319515229727685 ], [ 14.521082029149625, 48.319918381801585 ], [ 14.5211385845924, 48.319949471662696 ], [ 14.521265717291913, 48.319881962737554 ], [ 14.5213347841394, 48.319858677684657 ], [ 14.521471446635456, 48.319812662236295 ], [ 14.52154789028809, 48.319793440053786 ], [ 14.521628894146204, 48.319773091742896 ], [ 14.522123445390099, 48.319681770658619 ], [ 14.5225303562974, 48.319597909670868 ], [ 14.522556802591456, 48.319592421802163 ], [ 14.52292344102948, 48.319487649623561 ], [ 14.522971281902452, 48.31947402643744 ], [ 14.523358932360622, 48.319373896179322 ], [ 14.523594240665101, 48.319312386204729 ], [ 14.523687021095196, 48.319288047700461 ], [ 14.523967304023229, 48.319211503358424 ], [ 14.524247691324208, 48.319116065188801 ], [ 14.524435056851154, 48.319052075003313 ], [ 14.524692876349437, 48.318960734937775 ], [ 14.524902884487981, 48.318878429923906 ], [ 14.525089212000255, 48.318798705883317 ], [ 14.525242009757299, 48.318739026460406 ], [ 14.525464588586392, 48.318652093631272 ], [ 14.525517258110099, 48.318631492852177 ], [ 14.525533011083379, 48.318624404484645 ], [ 14.525711619198345, 48.318543409013422 ], [ 14.525888803987606, 48.318453341641629 ], [ 14.526100083100706, 48.318344392547971 ], [ 14.526278968474971, 48.318234515430213 ], [ 14.52638479030969, 48.318167488952149 ], [ 14.526421214934476, 48.318144355307808 ], [ 14.526484816745977, 48.318182657367402 ], [ 14.526403374391267, 48.31823063204245 ], [ 14.526386474294537, 48.31824061107816 ], [ 14.526381017964978, 48.318243815659351 ], [ 14.526386579932119, 48.318245198074941 ], [ 14.52657106481772, 48.318290628085101 ], [ 14.526603349602368, 48.318298573809685 ], [ 14.526651212904955, 48.318297723506383 ], [ 14.526702449516419, 48.318296928577361 ], [ 14.526933393094971, 48.318204419458979 ], [ 14.527381512734589, 48.318024938720292 ], [ 14.52738795023588, 48.318023343353047 ], [ 14.527537659867056, 48.317987892389361 ], [ 14.527597839792021, 48.317983047006429 ], [ 14.527694773263367, 48.317975215737626 ], [ 14.527805170833259, 48.317966346661606 ], [ 14.527837212966757, 48.317963768936885 ], [ 14.527870062115014, 48.317961092962825 ], [ 14.527897390761776, 48.317958833458086 ], [ 14.527970561681419, 48.31796168134661 ], [ 14.528154567804915, 48.31796878979835 ], [ 14.528266618731442, 48.317973127789863 ], [ 14.528488646180048, 48.318014661008583 ], [ 14.528663632658217, 48.31808096651168 ], [ 14.528684835161634, 48.318093793421802 ], [ 14.528816712068867, 48.318174035552389 ], [ 14.528966320324731, 48.318356292748021 ], [ 14.528997533191822, 48.318382061368787 ], [ 14.529029984648909, 48.3184088968124 ], [ 14.529047185564883, 48.318429501507808 ], [ 14.529193948875541, 48.318605310327676 ], [ 14.529222662243845, 48.318639650980344 ], [ 14.529279964399491, 48.318697088247632 ], [ 14.529471062402971, 48.318888544668177 ], [ 14.529994459990714, 48.319427979605138 ], [ 14.530353995287436, 48.319635246313041 ], [ 14.530452187790001, 48.319705127313647 ], [ 14.530571361021227, 48.319807358911319 ], [ 14.530734459172368, 48.320030048155772 ], [ 14.530865856708841, 48.320153384874772 ], [ 14.530908462337774, 48.320193429807112 ], [ 14.53134279732746, 48.320438428157715 ], [ 14.53148068487496, 48.320527331811974 ], [ 14.531660377912068, 48.320644952942544 ], [ 14.531765257319561, 48.320723850233875 ], [ 14.531804521052324, 48.320753493600051 ], [ 14.531847537032373, 48.320799561444829 ], [ 14.531977143586712, 48.320938568794645 ], [ 14.531984196073189, 48.320946053043386 ], [ 14.53204374241867, 48.321088570216766 ], [ 14.532077737512083, 48.321269404422324 ], [ 14.532137789548303, 48.321340486249937 ], [ 14.53218757296292, 48.321399168990602 ], [ 14.532212072531904, 48.32149607608806 ], [ 14.532276232620738, 48.321750458737299 ], [ 14.532375449523302, 48.321835171356476 ], [ 14.532474523651727, 48.321843777252759 ], [ 14.532511459619032, 48.322367157422569 ], [ 14.532501813846929, 48.322492394277219 ], [ 14.532499535620333, 48.32251634770163 ], [ 14.532498476429078, 48.322528863364468 ], [ 14.532510951476254, 48.322572456581639 ], [ 14.532437912945076, 48.322674686054384 ], [ 14.532389259920574, 48.322787279962277 ], [ 14.5323665914245, 48.322979312889757 ], [ 14.532401805385401, 48.323090323621891 ], [ 14.532399804695997, 48.323161234476814 ], [ 14.532398692842706, 48.323451194248598 ], [ 14.532416673317472, 48.323452898336733 ], [ 14.532542319328163, 48.323496225936907 ], [ 14.532553197897714, 48.323499982299481 ], [ 14.532611303483959, 48.323504331907166 ], [ 14.532636286822383, 48.323534661806669 ], [ 14.532780538685833, 48.323536774773586 ], [ 14.53279763866191, 48.323552881830651 ], [ 14.532800259374733, 48.323555373783066 ], [ 14.532824673724622, 48.323578602485519 ], [ 14.533080483602104, 48.323592340720282 ], [ 14.533165952650016, 48.323624926203458 ], [ 14.533528238670097, 48.323762793945505 ], [ 14.533807315994181, 48.32386661292113 ], [ 14.533823253482957, 48.323873285775726 ], [ 14.533878691312513, 48.323896374402715 ], [ 14.533950677063375, 48.323853530009877 ], [ 14.533971038128616, 48.323841535056154 ], [ 14.533977289167737, 48.323837692199952 ], [ 14.533998181336502, 48.323825331917128 ], [ 14.534007098374522, 48.32382011214122 ], [ 14.534057318366969, 48.323827601042858 ], [ 14.534089265049349, 48.323832399528406 ], [ 14.534110191644645, 48.323868078715925 ], [ 14.53418218741831, 48.323860589241718 ], [ 14.534244269585745, 48.323960796805189 ], [ 14.534280706344131, 48.324019616256166 ], [ 14.534321992202516, 48.324008305096065 ], [ 14.534358303958889, 48.324061728076629 ], [ 14.534405238823345, 48.324078786706217 ], [ 14.534368808710212, 48.324113348044897 ], [ 14.534359435616132, 48.32412217104072 ], [ 14.534359010855006, 48.324127123344766 ], [ 14.534355680895061, 48.32416386228212 ], [ 14.534547539104011, 48.324211902669227 ], [ 14.534645125124053, 48.324278277875443 ], [ 14.534698779218754, 48.324300035081194 ], [ 14.534750256743642, 48.324321005054692 ], [ 14.534824408199077, 48.324325008121988 ], [ 14.534829676279438, 48.324325313624719 ], [ 14.534827603366422, 48.324340628592068 ], [ 14.534821604281271, 48.32438441213327 ], [ 14.534906162337537, 48.324348544478134 ], [ 14.534911451284433, 48.324349749384439 ], [ 14.534957547437031, 48.324359709428876 ], [ 14.535255548216787, 48.324424196151561 ], [ 14.53534237935175, 48.324352589703103 ], [ 14.535364086054422, 48.324334643110191 ], [ 14.535547947484135, 48.324369360017855 ], [ 14.535592389906592, 48.324377807524357 ], [ 14.53588166329334, 48.32443239693265 ], [ 14.535963540256972, 48.324426333698035 ], [ 14.535958579950972, 48.324514817826 ], [ 14.536013561057079, 48.324553023824429 ], [ 14.536153282943669, 48.324586486292006 ], [ 14.536170239313083, 48.324590539400731 ], [ 14.536272872986217, 48.324595326941022 ], [ 14.536338233616013, 48.324598340298216 ], [ 14.53638202736197, 48.324596268620759 ], [ 14.536420158835279, 48.324594345379126 ], [ 14.536470452359902, 48.324587528488806 ], [ 14.53649115040494, 48.324595861087829 ], [ 14.536512394186877, 48.324604457932288 ], [ 14.536626921501131, 48.324650864787408 ], [ 14.536641784984246, 48.324709996360724 ], [ 14.53669325971371, 48.324719180455872 ], [ 14.536747579185047, 48.324728874908672 ], [ 14.536884600871023, 48.324651890733193 ], [ 14.536922574373635, 48.324660584508578 ], [ 14.536976147330183, 48.324672985437701 ], [ 14.536980677322431, 48.324676357188849 ], [ 14.537067685078917, 48.324740140847005 ], [ 14.537111374501924, 48.324721966726919 ], [ 14.537170450903403, 48.3247389887241 ], [ 14.537215403024522, 48.324751928461815 ], [ 14.537240775645834, 48.324746628305718 ], [ 14.537335018855888, 48.324727031903784 ], [ 14.537383294537436, 48.324749473221381 ], [ 14.537425569248283, 48.324769097766513 ], [ 14.537406527979313, 48.324791425341729 ], [ 14.537377380053629, 48.324825822378997 ], [ 14.537465165417103, 48.324835980186734 ], [ 14.537538341345204, 48.324844399773234 ], [ 14.537546300554808, 48.324925643381071 ], [ 14.537519025089281, 48.324976754075294 ], [ 14.537539797687034, 48.324994081946762 ], [ 14.537578865137824, 48.325026604203039 ], [ 14.537679491657808, 48.32511327693711 ], [ 14.537723400927741, 48.325150966890178 ], [ 14.537727151127399, 48.325167211281212 ], [ 14.537753750726974, 48.325278489430644 ], [ 14.537798161285886, 48.325378338097245 ], [ 14.537681554369003, 48.325492086710682 ], [ 14.537614241828251, 48.325614051851012 ], [ 14.537433521264569, 48.325703093745609 ], [ 14.537450791743968, 48.325709032630748 ], [ 14.537454734294259, 48.325710341304749 ], [ 14.537545572966483, 48.325741518663186 ], [ 14.537773638757956, 48.325698677409783 ], [ 14.537969087553778, 48.325604894574965 ], [ 14.538031123540335, 48.325575105156283 ], [ 14.538118042387522, 48.325571147370695 ], [ 14.538262234157425, 48.325564617854049 ], [ 14.538459233595136, 48.325618716108679 ], [ 14.538597878166899, 48.325565103344417 ], [ 14.538921561573503, 48.325440034366977 ], [ 14.538999735998804, 48.325373372758584 ], [ 14.539282558122689, 48.325324294053786 ], [ 14.539666281772758, 48.325257706511017 ], [ 14.539751367885261, 48.325244590327053 ], [ 14.539813334301469, 48.325235042179649 ], [ 14.540257657413783, 48.325337673770228 ], [ 14.540351176549537, 48.325327528479129 ], [ 14.540665910390064, 48.325293319314433 ], [ 14.540835463660981, 48.32524055295147 ], [ 14.541449849295139, 48.325173367123199 ], [ 14.541782292688598, 48.3252507044552 ], [ 14.542049514320325, 48.325458173541669 ], [ 14.542091423472833, 48.325490934707545 ], [ 14.542106708639299, 48.325504270423721 ], [ 14.542194712810096, 48.325517930947093 ], [ 14.542221654381734, 48.32552205946795 ], [ 14.542270786673694, 48.325471260545932 ], [ 14.542501565730269, 48.325232803664292 ], [ 14.542505647932138, 48.325228533052709 ], [ 14.542629540637646, 48.325045972588974 ], [ 14.542641745648018, 48.325025604331671 ], [ 14.542844561392418, 48.324976268056361 ], [ 14.542935640063476, 48.324954091063056 ], [ 14.543083088646167, 48.324902270654512 ], [ 14.543317909107589, 48.324819764837912 ], [ 14.543374105328493, 48.324800019016863 ], [ 14.543396040558873, 48.324791964392602 ], [ 14.543805715411521, 48.324641338485783 ], [ 14.543846131294744, 48.32463327162575 ], [ 14.544003095431485, 48.324601952517696 ], [ 14.544153511395582, 48.32454443224772 ], [ 14.544233730443334, 48.324513640765744 ], [ 14.544389626999155, 48.32445399406668 ], [ 14.544492232620792, 48.324394091682187 ], [ 14.544591801588105, 48.324423553473508 ], [ 14.544777369035732, 48.324432868736267 ], [ 14.544811944967158, 48.324434668186306 ], [ 14.544858435536268, 48.324432565265781 ], [ 14.545089817821404, 48.324422421372432 ], [ 14.545424161652543, 48.324459875212284 ], [ 14.545983702874455, 48.324522602055822 ], [ 14.546159767270838, 48.324523557596869 ], [ 14.546292657953497, 48.324524242814455 ], [ 14.546366591475278, 48.324524642319666 ], [ 14.546653049401437, 48.324521838384598 ], [ 14.546847257397324, 48.324519904998368 ], [ 14.547595443649509, 48.324561946231547 ], [ 14.547696615888013, 48.324567638580781 ], [ 14.547753613656681, 48.324587915569488 ], [ 14.547823128743524, 48.32461274005373 ], [ 14.547857762343359, 48.324645754979784 ], [ 14.547860520809992, 48.324648335126412 ], [ 14.547978361794398, 48.324760818792932 ], [ 14.548115189748202, 48.324866087232905 ], [ 14.548205432714731, 48.324894653644797 ], [ 14.54833068341949, 48.324897395413892 ], [ 14.548347419478755, 48.32489776059775 ], [ 14.548542963406202, 48.324849209898922 ], [ 14.548957388044652, 48.324746376218215 ], [ 14.549163352251211, 48.324670547028234 ], [ 14.549472308333954, 48.324585995275655 ], [ 14.54972187389226, 48.324494236239985 ], [ 14.549768015809583, 48.324477291185289 ], [ 14.549781388252393, 48.324472293541774 ], [ 14.549990160013035, 48.324447172396304 ], [ 14.549987234560769, 48.32443748700414 ], [ 14.549997852974109, 48.324435846717968 ], [ 14.550011963085774, 48.324433540217257 ], [ 14.550029506083787, 48.324433806765953 ], [ 14.55009412605855, 48.324479912198697 ], [ 14.550242440133761, 48.324585867855077 ], [ 14.550239927229118, 48.324536324761723 ], [ 14.550355877754733, 48.324602585096819 ], [ 14.55038418370936, 48.324618842417216 ], [ 14.550456132343015, 48.324494572010288 ], [ 14.5505117149652, 48.324483285601971 ], [ 14.550593343006229, 48.324466689055207 ], [ 14.550739814807745, 48.324436819919626 ], [ 14.550840416071031, 48.324498562168344 ], [ 14.550863034157743, 48.324536829690835 ], [ 14.550932850730803, 48.324654760404222 ], [ 14.551208494797944, 48.324731315318132 ], [ 14.551409175338652, 48.324734974292852 ], [ 14.551757902939576, 48.324741312475133 ], [ 14.551823590476006, 48.324758167968426 ], [ 14.55187964334551, 48.324772605276372 ], [ 14.55194505911374, 48.324789373582618 ], [ 14.551929195762742, 48.324923583745502 ], [ 14.551918044560516, 48.325017261455834 ], [ 14.551945586364683, 48.325012475163504 ], [ 14.552073490278623, 48.324990355493227 ], [ 14.552069054094497, 48.325008214496151 ], [ 14.552067208857791, 48.325015790657837 ], [ 14.552063760605394, 48.325029770933554 ], [ 14.552071744822893, 48.32504803974404 ], [ 14.552078302082226, 48.325062994871942 ], [ 14.552080009359937, 48.325066755433305 ], [ 14.552085282990685, 48.325078755229107 ], [ 14.552096119038655, 48.325103561460729 ], [ 14.552130908451034, 48.325125867969611 ], [ 14.552142278034426, 48.325133215882062 ], [ 14.55224116926534, 48.325196684117678 ], [ 14.552451990260765, 48.325184041933511 ], [ 14.552502570949599, 48.32513790147307 ], [ 14.552471722136589, 48.325116813301072 ], [ 14.552478737250903, 48.325076706539477 ], [ 14.55248407591427, 48.32504561357942 ], [ 14.552487521322247, 48.325025785754612 ], [ 14.552496045612314, 48.324969559896878 ], [ 14.552507936948864, 48.324890178416176 ], [ 14.552510838639698, 48.324870176355589 ], [ 14.552595573506629, 48.324802177268417 ], [ 14.55262739313555, 48.324818667155355 ], [ 14.552710039192327, 48.324805207158526 ], [ 14.552828295461081, 48.324785886532055 ], [ 14.552907775972376, 48.324678088809605 ], [ 14.552957842380035, 48.32463879067253 ], [ 14.55313083522271, 48.324589478771934 ], [ 14.553188312445849, 48.32461856443507 ], [ 14.553292890216193, 48.32467144661485 ], [ 14.55331248736508, 48.324701648690393 ], [ 14.553262492368905, 48.324875710158068 ], [ 14.553273086732375, 48.324918871182213 ], [ 14.553286523184097, 48.324973877493456 ], [ 14.553290845252418, 48.32499128495872 ], [ 14.553347244763801, 48.324991773738269 ], [ 14.553360395291079, 48.325000272391662 ], [ 14.553366694468508, 48.325004254722167 ], [ 14.553535384131015, 48.325047108979717 ], [ 14.553628979917065, 48.325034613167979 ], [ 14.553774620582333, 48.32501527455166 ], [ 14.553785782697647, 48.325013808148576 ], [ 14.553807415045888, 48.325021588135023 ], [ 14.553924417379985, 48.325063544048987 ], [ 14.553956682245444, 48.325064555349229 ], [ 14.55397288105212, 48.325065015319119 ], [ 14.554044832680553, 48.325067140020579 ], [ 14.554131364727303, 48.325069741588798 ], [ 14.554249350340857, 48.32507327285402 ], [ 14.554330348643926, 48.325075752358117 ], [ 14.554415330905689, 48.325115614469567 ], [ 14.554444224527044, 48.325133843831829 ], [ 14.554488456473097, 48.32516180825268 ], [ 14.554567882758938, 48.325149100399784 ], [ 14.554582702395695, 48.325142557665309 ], [ 14.554605798933986, 48.325132329636332 ], [ 14.55460804500024, 48.325101718807545 ], [ 14.554621879286943, 48.324916070895171 ], [ 14.55462381404296, 48.324889421681327 ], [ 14.554623428051213, 48.324815836330309 ], [ 14.554623367385174, 48.324790377552972 ], [ 14.554608063500783, 48.324742048190856 ], [ 14.554600193366882, 48.324717211077228 ], [ 14.554530734295511, 48.324666300862134 ], [ 14.554510141902776, 48.324651133172416 ], [ 14.554473209618683, 48.32463523717378 ], [ 14.5541857315597, 48.324577616164802 ], [ 14.554161096270869, 48.324568338361495 ], [ 14.554103794491205, 48.324546718228689 ], [ 14.55406413334754, 48.324483710305842 ], [ 14.554098420834151, 48.324438909402716 ], [ 14.554165674363281, 48.324424889996813 ], [ 14.554382245470764, 48.324433145290669 ], [ 14.554399257512818, 48.324433776598603 ], [ 14.55444834109332, 48.324427234494465 ], [ 14.554629926657642, 48.324359118027466 ], [ 14.55480739994918, 48.324162397856178 ], [ 14.554896147050348, 48.324053062107772 ], [ 14.55492844258405, 48.324038239389083 ], [ 14.554952996608883, 48.324026916441809 ], [ 14.554975449184555, 48.324012286914453 ], [ 14.55499976438354, 48.32399655829321 ], [ 14.555099841461784, 48.323847160118845 ], [ 14.555116257203084, 48.3238225180745 ], [ 14.555124595688152, 48.323810015755782 ], [ 14.555118504124968, 48.323786239559773 ], [ 14.555049856191253, 48.323729653486197 ], [ 14.554844465465152, 48.323560428999237 ], [ 14.554838306050591, 48.323505166573717 ], [ 14.554832965181697, 48.323456013021776 ], [ 14.554736906033426, 48.32333530099514 ], [ 14.554646407200737, 48.323221547666506 ], [ 14.554544790789057, 48.323076783763184 ], [ 14.554621262970869, 48.322973244518245 ], [ 14.554641938665606, 48.32295764408849 ], [ 14.554682754815627, 48.322926628755638 ], [ 14.554798315350226, 48.322838962703244 ], [ 14.554806665230712, 48.322832667705988 ], [ 14.554830387463378, 48.322814696259172 ], [ 14.554859864868305, 48.322771924709471 ], [ 14.55486734535228, 48.322688720738554 ], [ 14.554755617868212, 48.322549910615173 ], [ 14.554775652776263, 48.322478540014018 ], [ 14.55478970639674, 48.322428103481215 ], [ 14.55495268090262, 48.322268959394563 ], [ 14.554960209535333, 48.322130607758119 ], [ 14.555036692542561, 48.322016182574657 ], [ 14.555156457702303, 48.321883850493251 ], [ 14.555276211532405, 48.321711035169329 ], [ 14.555294981279154, 48.321706160169605 ], [ 14.555345925898179, 48.321692850920414 ], [ 14.555440959250246, 48.32168438680565 ], [ 14.555660711529686, 48.32173075042946 ], [ 14.55579848830144, 48.321807301993161 ], [ 14.555823294044838, 48.321858140440995 ], [ 14.555856470378732, 48.321926433746967 ], [ 14.555853901828348, 48.322000500030171 ], [ 14.555853750978144, 48.322005539526081 ], [ 14.555853135974894, 48.322019490203552 ], [ 14.555823798921471, 48.322062440483506 ], [ 14.555806392129679, 48.322176515997164 ], [ 14.555935346276943, 48.322233548135642 ], [ 14.555987368887918, 48.322237320211997 ], [ 14.556155055874481, 48.322249413932504 ], [ 14.556368782997298, 48.322251847733348 ], [ 14.556435954547217, 48.322200223410185 ], [ 14.556446023312862, 48.32219247083507 ], [ 14.556459957350006, 48.322154180300757 ], [ 14.556476797735391, 48.322107582669176 ], [ 14.556479437581187, 48.322082275417408 ], [ 14.556481982916377, 48.32205867844975 ], [ 14.556456067809236, 48.322029442845128 ], [ 14.556326486341812, 48.321882994908755 ], [ 14.556363157248649, 48.321836458930264 ], [ 14.556462627241082, 48.321787374196418 ], [ 14.55652715617228, 48.321772392393449 ], [ 14.556612749411249, 48.321752601202945 ], [ 14.556660785362444, 48.321770359074897 ], [ 14.556681331553907, 48.321777880049638 ], [ 14.556986102111255, 48.321939939820247 ], [ 14.557040150622791, 48.321949537717181 ], [ 14.557319739084758, 48.321999137898196 ], [ 14.557655812776426, 48.322058669262063 ], [ 14.557727492277252, 48.322129346127419 ], [ 14.557723616996915, 48.322199377887728 ], [ 14.557687936750018, 48.322293494174581 ], [ 14.557666579186051, 48.32243999811665 ], [ 14.557780501914653, 48.322500155023548 ], [ 14.557816709917276, 48.322491137919549 ], [ 14.55787477670439, 48.322476673135554 ], [ 14.557931209912507, 48.322410227033913 ], [ 14.557964672254684, 48.322342133229064 ], [ 14.558018727439499, 48.322232170112351 ], [ 14.55802889647584, 48.322211551670065 ], [ 14.558048796264551, 48.322180305256758 ], [ 14.558089760588164, 48.32211573102574 ], [ 14.558147616664403, 48.322035325610656 ], [ 14.558184312442201, 48.321984200683367 ], [ 14.55831988077559, 48.3219728789079 ], [ 14.558518319349076, 48.321956307493444 ], [ 14.558622922935172, 48.321833487378861 ], [ 14.558598222864925, 48.321758718286539 ], [ 14.558583757762104, 48.321751673446926 ], [ 14.55857570542954, 48.321747709837076 ], [ 14.558565604705672, 48.321742688223395 ], [ 14.558526706535773, 48.321723485557897 ], [ 14.558324707507856, 48.321623682612689 ], [ 14.558261978927046, 48.321600682190713 ], [ 14.558201022685971, 48.321578472759988 ], [ 14.557983895004359, 48.321614672137223 ], [ 14.55793001495088, 48.321623605238607 ], [ 14.557823204636859, 48.321578937253136 ], [ 14.557814400360074, 48.321565985219998 ], [ 14.557794970645865, 48.321537221490388 ], [ 14.557801469715658, 48.321469771040647 ], [ 14.557801896466714, 48.321464998526601 ], [ 14.557913595336927, 48.321391224110229 ], [ 14.557942101686505, 48.321336047065984 ], [ 14.557947257813742, 48.321325917016232 ], [ 14.557950863699645, 48.321318682076559 ], [ 14.557963794724973, 48.321306491089146 ], [ 14.558007462630917, 48.321265008864422 ], [ 14.558091333421611, 48.321218065918586 ], [ 14.558153248591626, 48.321223802128998 ], [ 14.558232193952836, 48.321230978519502 ], [ 14.558306526498919, 48.321265552065533 ], [ 14.558352081129451, 48.321286753930721 ], [ 14.558465284013785, 48.321339360876323 ], [ 14.558477968196454, 48.321345254949129 ], [ 14.558623934313902, 48.321402914842636 ], [ 14.55864532677991, 48.321406288281452 ], [ 14.558738617551176, 48.321421140162975 ], [ 14.558872306934818, 48.321410287309554 ], [ 14.558884694607443, 48.321409347286064 ], [ 14.558990919971624, 48.321400762485901 ], [ 14.559072437590524, 48.321322806426799 ], [ 14.559093148245577, 48.321303066518169 ], [ 14.559191287111075, 48.321209281898575 ], [ 14.55922931187917, 48.321180183507877 ], [ 14.559269723572477, 48.321149350684188 ], [ 14.559341779421171, 48.321133298476958 ], [ 14.559462293622273, 48.321181329355063 ], [ 14.559535838275959, 48.321239570641694 ], [ 14.559556572360469, 48.321368988749619 ], [ 14.559549548934447, 48.321436984622117 ], [ 14.559545434371875, 48.321439816791319 ], [ 14.559451342994347, 48.321505130843377 ], [ 14.559216430513974, 48.321587760649059 ], [ 14.559152930586386, 48.321708889220076 ], [ 14.55917960108977, 48.321781388394584 ], [ 14.559371382738714, 48.32191674277621 ], [ 14.559534178073305, 48.322012818411025 ], [ 14.559664838753209, 48.322010722944327 ], [ 14.559731045668229, 48.322009665925293 ], [ 14.559763048958416, 48.321999702893947 ], [ 14.559925612621846, 48.321949231035845 ], [ 14.55995460721036, 48.321806514544555 ], [ 14.559958363984466, 48.321788572378701 ], [ 14.559961108677559, 48.32178485499545 ], [ 14.56000887494795, 48.32172281733046 ], [ 14.560029811071015, 48.321695518005818 ], [ 14.560147698446837, 48.321598375873513 ], [ 14.560162784610247, 48.321586071973513 ], [ 14.560175590314492, 48.3215799995289 ], [ 14.560210948298371, 48.321563613669518 ], [ 14.560291739670305, 48.32155187703281 ], [ 14.560298193638529, 48.321550999372569 ], [ 14.560363026457519, 48.321543209252923 ], [ 14.560391765928836, 48.321543536191676 ], [ 14.560547345629148, 48.321545675309004 ], [ 14.560732043898003, 48.321404736326748 ], [ 14.56112344246632, 48.321231750406874 ], [ 14.561262062580477, 48.321133039074475 ], [ 14.56132975497729, 48.32105243830717 ], [ 14.561353894688782, 48.321023755503958 ], [ 14.56128602140034, 48.320869105317676 ], [ 14.561202125019859, 48.320818081319594 ], [ 14.561087162668867, 48.320748222683306 ], [ 14.561063315637021, 48.320567288868702 ], [ 14.561081579127448, 48.320455722293261 ], [ 14.561087455720449, 48.320447563681206 ], [ 14.56112023827975, 48.320402236631288 ], [ 14.561198091853464, 48.320357693859748 ], [ 14.561418640972628, 48.320346641922249 ], [ 14.561439452733534, 48.320353979337519 ], [ 14.561508958034086, 48.320378345998733 ], [ 14.561650008704289, 48.320427777384154 ], [ 14.561870943791657, 48.320717376486549 ], [ 14.561781443275716, 48.320839590555622 ], [ 14.561710374407651, 48.320891529061299 ], [ 14.561702836113586, 48.320932001900793 ], [ 14.561824942188686, 48.321109650057899 ], [ 14.562106721410421, 48.32112080151537 ], [ 14.562166908217824, 48.321087779835182 ], [ 14.562186593045595, 48.321030535667177 ], [ 14.562219243481959, 48.320803394727037 ], [ 14.562230096865303, 48.320737787221212 ], [ 14.562241202861493, 48.320671457343515 ], [ 14.562318879625071, 48.320608113443519 ], [ 14.56238989711821, 48.320542680657653 ], [ 14.562518599410813, 48.320424100660098 ], [ 14.56269303051416, 48.320288574581681 ], [ 14.562720313056641, 48.320267325219646 ], [ 14.562749476744861, 48.320251453767 ], [ 14.562888776758925, 48.320175943653531 ], [ 14.562944708573546, 48.320145575389994 ], [ 14.562949503518984, 48.320143005801157 ], [ 14.562965217671938, 48.320134473331365 ], [ 14.562988627704975, 48.320114884123861 ], [ 14.563201179521993, 48.319937481814925 ], [ 14.563353605720458, 48.319863811682552 ], [ 14.563452423078623, 48.319816077167573 ], [ 14.563486705813276, 48.319811306855662 ], [ 14.563508753275203, 48.319808195149292 ], [ 14.563634762313161, 48.319826296004798 ], [ 14.563764874388086, 48.320034175187118 ], [ 14.563811988094212, 48.320109606121058 ], [ 14.564049778316386, 48.320489345937062 ], [ 14.564168966210014, 48.320697160162844 ], [ 14.564279993637133, 48.320890756408637 ], [ 14.564463678463296, 48.321104995658409 ], [ 14.564557457892541, 48.321202783534027 ], [ 14.564592040550098, 48.321216272208495 ], [ 14.564616003969817, 48.321225644888621 ], [ 14.56464473225855, 48.321236856407239 ], [ 14.564836091465489, 48.32121774009979 ], [ 14.564876424866954, 48.321189425086523 ], [ 14.564894470205832, 48.321176819377222 ], [ 14.565042139838518, 48.321073239733991 ], [ 14.565216870459237, 48.320939146106674 ], [ 14.565426078744204, 48.320763124566916 ], [ 14.565587015790223, 48.320627646904839 ], [ 14.56571019873866, 48.320543847412537 ], [ 14.56590718531235, 48.32040987701793 ], [ 14.56604139980138, 48.320251201170066 ], [ 14.56613113538894, 48.320144994603112 ], [ 14.566238058996388, 48.319990205908226 ], [ 14.566327896519178, 48.319905319319183 ], [ 14.566437781728782, 48.319801328152685 ], [ 14.56645462968673, 48.319795122236556 ], [ 14.566914015440473, 48.319589639558728 ], [ 14.567234398215062, 48.319505908453536 ], [ 14.567278667866397, 48.319495723385344 ], [ 14.567577280994986, 48.319426795997053 ], [ 14.567770895688598, 48.319361139976586 ], [ 14.56791792450039, 48.31930470392173 ], [ 14.56795000152268, 48.319292308811917 ], [ 14.568346305416904, 48.319140027510898 ], [ 14.56838814913362, 48.319124290031134 ], [ 14.568542683189607, 48.319065884347474 ], [ 14.568970730680883, 48.31890435782632 ], [ 14.569029952188856, 48.31888204834506 ], [ 14.569040617895844, 48.318876807276048 ], [ 14.569075547373856, 48.318859613537562 ], [ 14.569190151805225, 48.318806758566978 ], [ 14.569217769592743, 48.318794050569309 ], [ 14.569885826153106, 48.318584002111592 ], [ 14.57043465646904, 48.318510161043584 ], [ 14.570509768790828, 48.31847553696312 ], [ 14.570525235594193, 48.318473663348023 ], [ 14.570537877015331, 48.318472089637027 ], [ 14.570572341509337, 48.318458049088008 ], [ 14.570589278275293, 48.318449952391376 ], [ 14.570741028243051, 48.31837681935292 ], [ 14.570748883336829, 48.3183725076195 ], [ 14.570776966860286, 48.318356735547979 ], [ 14.570794402135553, 48.318346924223754 ], [ 14.570802813300077, 48.318337658605259 ], [ 14.570817135805051, 48.318321762861203 ], [ 14.570825580594258, 48.318257439443457 ], [ 14.570849289082357, 48.318075461956198 ], [ 14.570788633557243, 48.317885204707629 ], [ 14.57074598928687, 48.317635830163169 ], [ 14.570715423302277, 48.317282239852197 ], [ 14.570675599804074, 48.317094460033594 ], [ 14.570649615567765, 48.316972206270378 ], [ 14.57063374912426, 48.316398229745083 ], [ 14.570819828494267, 48.31634524332592 ], [ 14.57112693429324, 48.316220618983913 ], [ 14.571307342445014, 48.316099679851455 ], [ 14.571382609630312, 48.316049129991129 ], [ 14.571487730362593, 48.315893275562658 ], [ 14.571546247380175, 48.315807818019302 ], [ 14.571535378981752, 48.315748108025737 ], [ 14.571312844327418, 48.315240562326437 ], [ 14.571064668710006, 48.314822532255626 ], [ 14.570964924583876, 48.314689637101061 ], [ 14.570939984872387, 48.314656255902136 ], [ 14.570923130103777, 48.314633854254019 ], [ 14.570705214073614, 48.314420887949346 ], [ 14.570682148333367, 48.314398192411957 ], [ 14.57067821820532, 48.314391756817223 ], [ 14.570586836560031, 48.314241859376047 ], [ 14.57050032376803, 48.314030375238509 ], [ 14.57050574895853, 48.313896092361048 ], [ 14.570512954041615, 48.313881531718437 ], [ 14.570520030727032, 48.313867242329344 ], [ 14.570571099541718, 48.313763601779954 ], [ 14.570592250703024, 48.313548004880857 ], [ 14.570605145262018, 48.31341589168558 ], [ 14.570730662851519, 48.313052545491139 ], [ 14.570835893972268, 48.31269256340488 ], [ 14.570898730786913, 48.312454932097744 ], [ 14.570902947747513, 48.312439503543899 ], [ 14.570903905080309, 48.31242312003733 ], [ 14.570914228851711, 48.312251180285379 ], [ 14.570914908432558, 48.312240107568158 ], [ 14.570903613953785, 48.311925355800874 ], [ 14.570704751220084, 48.311645703922665 ], [ 14.570683813451426, 48.311616058577783 ], [ 14.570649741265678, 48.311584213752489 ], [ 14.57046419312127, 48.311410216915853 ], [ 14.570380636188133, 48.311350559298376 ], [ 14.570289530661848, 48.311285404082447 ], [ 14.570240657691539, 48.311254975858034 ], [ 14.5701861687212, 48.311220918769955 ], [ 14.56988801650008, 48.311097956819218 ], [ 14.569610683432391, 48.310982689845972 ], [ 14.569533963687721, 48.310921249729226 ], [ 14.569441294970449, 48.310847024150924 ], [ 14.569420808494055, 48.310830598408195 ], [ 14.569285967990352, 48.310673244398458 ], [ 14.569026274062805, 48.310494454580855 ], [ 14.568918506110048, 48.310420388831012 ], [ 14.5687036516994, 48.310272519694799 ], [ 14.56870117119314, 48.310270296927634 ], [ 14.568663835230398, 48.310237226666437 ], [ 14.568621951375327, 48.310200066326466 ], [ 14.568487131682486, 48.310083014778641 ], [ 14.568317513826944, 48.309739444450436 ], [ 14.568097448437433, 48.30929349069136 ], [ 14.568030418509093, 48.309157457105663 ], [ 14.568008793758169, 48.309115853424316 ], [ 14.567948300712992, 48.3089994524601 ], [ 14.567932749983951, 48.308969389639415 ], [ 14.567910686629666, 48.308926351173966 ], [ 14.567892685851527, 48.308838737724457 ], [ 14.567870114867638, 48.308712128592724 ], [ 14.567848522398917, 48.308598283885814 ], [ 14.56784108784983, 48.308529630637018 ], [ 14.567821576068836, 48.308429528265322 ], [ 14.567829317673121, 48.308188434072846 ], [ 14.567854446714646, 48.307941307869392 ], [ 14.567860066514642, 48.307809271860812 ], [ 14.567833556277961, 48.307613522521315 ], [ 14.567786539269148, 48.307440031645093 ], [ 14.567761015246321, 48.30721773257477 ], [ 14.567737850470582, 48.307094458287501 ], [ 14.567747091805233, 48.306978577274649 ], [ 14.567824958194361, 48.30673188139248 ], [ 14.567967651485265, 48.306472352916956 ], [ 14.568042824713331, 48.30636737795276 ], [ 14.568046766364603, 48.306363017901489 ], [ 14.568231105230238, 48.306159184630992 ], [ 14.568456698764981, 48.305909751677319 ], [ 14.568551531104566, 48.305786665031036 ], [ 14.568621615571956, 48.305728524687446 ], [ 14.568863811824791, 48.30557607537191 ], [ 14.569108627878441, 48.305420448994553 ], [ 14.569339833659189, 48.305282239581729 ], [ 14.5694846638035, 48.305191907834605 ], [ 14.569628216396024, 48.305076309689071 ], [ 14.569770206177918, 48.304991315582946 ], [ 14.569864203867731, 48.304935169571642 ], [ 14.569795616308788, 48.304880750317444 ], [ 14.569791899085377, 48.304877551105299 ], [ 14.569788184008518, 48.304874441833853 ], [ 14.569771941234254, 48.304860580011102 ], [ 14.569739323044443, 48.304832947731072 ], [ 14.56967697149393, 48.304779901599233 ], [ 14.569655774649172, 48.304761864079076 ], [ 14.568948990252256, 48.304250817116348 ], [ 14.569063929522443, 48.304139841538785 ], [ 14.569278940697464, 48.304057851359786 ], [ 14.570187215828915, 48.303711381447684 ], [ 14.570274738965939, 48.3036439684074 ], [ 14.570408864760692, 48.303540434488575 ], [ 14.570577278213412, 48.303404598908642 ], [ 14.570751510710551, 48.303264023105172 ], [ 14.570794901249634, 48.303228925873881 ], [ 14.570851571870806, 48.303173985408634 ], [ 14.571087912650126, 48.30293522817891 ], [ 14.571140332688648, 48.302877363948561 ], [ 14.571319089406641, 48.302711819171819 ], [ 14.57162729153826, 48.301964990918364 ], [ 14.571584607295273, 48.301758708183442 ], [ 14.571554245888088, 48.301611040700905 ], [ 14.57166522420612, 48.301300924607794 ], [ 14.571691008792701, 48.301245772412692 ], [ 14.571907402989568, 48.301064352392096 ], [ 14.571913703736991, 48.301057178215174 ], [ 14.572038038973218, 48.300916771239478 ], [ 14.572052826065459, 48.300892323665799 ], [ 14.572118961249751, 48.300782223920358 ], [ 14.572212924065413, 48.300623517412859 ], [ 14.572300690538071, 48.300453811207724 ], [ 14.572410789232771, 48.300253819294788 ], [ 14.572429657349767, 48.300219612128956 ], [ 14.572415065552846, 48.300156342928638 ], [ 14.572365846209346, 48.300122320685155 ], [ 14.572340203908954, 48.300121334111914 ], [ 14.572292424137721, 48.300119323647159 ], [ 14.572283881554775, 48.300111677673137 ], [ 14.572301924206679, 48.300099340527701 ], [ 14.572307897788955, 48.300095408505413 ], [ 14.572441648732465, 48.300027501628357 ], [ 14.572836106392947, 48.299827271021144 ], [ 14.572962267747281, 48.299769070469324 ], [ 14.573278067837224, 48.299623294355335 ], [ 14.573348196964155, 48.299584492633493 ], [ 14.573342439912075, 48.299574927821411 ], [ 14.573145342177714, 48.299181635821292 ], [ 14.573055926877178, 48.29902856989176 ], [ 14.572671653199119, 48.298994696869791 ], [ 14.57245428056971, 48.298988104466339 ], [ 14.571464706467504, 48.298958239985076 ], [ 14.571425137405848, 48.299017677138139 ], [ 14.571276112997797, 48.29924201255298 ], [ 14.571163373478376, 48.299325888194325 ], [ 14.57109395249792, 48.299377455929111 ], [ 14.57104856181072, 48.299656106772744 ], [ 14.571028235787301, 48.299781732479424 ], [ 14.57090978861417, 48.299965438414453 ], [ 14.570763674631838, 48.300080346083767 ], [ 14.570604567315621, 48.300215813442072 ], [ 14.57053611228924, 48.300274027862287 ], [ 14.570352687590306, 48.300430175071945 ], [ 14.569435252129473, 48.300898915440079 ], [ 14.56929432426446, 48.300886647292316 ], [ 14.56914573119443, 48.301050519426937 ], [ 14.568861991064677, 48.301094014851337 ], [ 14.568742421049249, 48.301112286957668 ], [ 14.568111658461618, 48.301208852772469 ], [ 14.567811793669371, 48.301254765738634 ], [ 14.56776770483634, 48.301277544257921 ], [ 14.567725481799986, 48.301299403338959 ], [ 14.567656353885583, 48.301335222159366 ], [ 14.567559518581078, 48.301385279068732 ], [ 14.567445826091395, 48.301435244706923 ], [ 14.566868942418163, 48.30150703229662 ], [ 14.566758696124831, 48.301554531715986 ], [ 14.566507101527639, 48.301662814466226 ], [ 14.566203670065615, 48.301371936983337 ], [ 14.566173589440051, 48.301343107306174 ], [ 14.565777070832413, 48.301480901850042 ], [ 14.565741364582243, 48.301493334985793 ], [ 14.565734012348122, 48.30149602176526 ], [ 14.565619855761275, 48.301537893779667 ], [ 14.565392986400708, 48.301620002838504 ], [ 14.56531611491733, 48.30164780546567 ], [ 14.564880548710212, 48.301731402171711 ], [ 14.564854643749744, 48.301685344931855 ], [ 14.564832256442791, 48.301645457966842 ], [ 14.564643426047301, 48.301308292354804 ], [ 14.564410505618184, 48.300817844751393 ], [ 14.564394238375325, 48.300785809779221 ], [ 14.564018304758305, 48.300592404318195 ], [ 14.563544914734893, 48.300349018178686 ], [ 14.56351802356839, 48.300335178054858 ], [ 14.562863229784174, 48.299998524437235 ], [ 14.562834923059382, 48.299976152558685 ], [ 14.562765121296705, 48.299921112277282 ], [ 14.562606963867834, 48.2997962035803 ], [ 14.562679408141921, 48.29975234595917 ], [ 14.562803809797268, 48.299585409006134 ], [ 14.562796225213585, 48.299544195773365 ], [ 14.562812752814432, 48.299467911927543 ], [ 14.562769123812782, 48.299419162565833 ], [ 14.562734356750081, 48.299380215605062 ], [ 14.562720505566237, 48.299364708201182 ], [ 14.562706119076852, 48.299355054089538 ], [ 14.562699676831306, 48.2993506239387 ], [ 14.562694197383822, 48.299346993293142 ], [ 14.562523175437097, 48.29923103677222 ], [ 14.562501701867399, 48.299229554202192 ], [ 14.562400808653722, 48.299222252860687 ], [ 14.561805333939594, 48.299293942013726 ], [ 14.561745636606164, 48.299301049367315 ], [ 14.561704629445666, 48.299305980270134 ], [ 14.561662278548734, 48.299311105264543 ], [ 14.561024255457214, 48.299351212282616 ], [ 14.560955323417108, 48.299355537782603 ], [ 14.560789884755534, 48.299247436681057 ], [ 14.560690208308801, 48.299268729476957 ], [ 14.560536724362574, 48.299301025226107 ], [ 14.560377338869078, 48.299334642468288 ], [ 14.560366766386098, 48.299337992600798 ], [ 14.560359003392623, 48.299340413482255 ], [ 14.560521478082361, 48.299778892966792 ], [ 14.560593569409214, 48.299907950511432 ], [ 14.560603570516445, 48.299926017731117 ], [ 14.560618074827392, 48.299952044238573 ], [ 14.560635854547128, 48.299962652429457 ], [ 14.560652951749148, 48.299972907958811 ], [ 14.560603507159367, 48.299997359567065 ], [ 14.560442881676257, 48.299887587898972 ], [ 14.560189279985021, 48.299694859843967 ], [ 14.559752416303803, 48.299404202455534 ], [ 14.559642153261704, 48.299331413940209 ], [ 14.559542164327139, 48.299265444300381 ], [ 14.559106612715823, 48.299024250700704 ], [ 14.559073841995078, 48.299006872927414 ], [ 14.558783812397255, 48.298852669993458 ], [ 14.55857145412258, 48.298767190759129 ], [ 14.558510378362989, 48.298778719184639 ], [ 14.558426293368697, 48.298815049805377 ], [ 14.558351950722466, 48.298847139513953 ], [ 14.558289854700677, 48.298855439867452 ], [ 14.557830727332036, 48.298917127307021 ], [ 14.557748120654777, 48.298884799629604 ], [ 14.55771915377435, 48.298834364817651 ], [ 14.557697635622002, 48.298819567216235 ], [ 14.557648429331191, 48.298785628675674 ], [ 14.557572555337632, 48.298593094795088 ], [ 14.557450121433053, 48.2983244914153 ], [ 14.557430927533028, 48.298282500301966 ], [ 14.557469279678388, 48.298273640417158 ], [ 14.557624033969407, 48.298238096633 ], [ 14.557631677002101, 48.298236306939586 ], [ 14.557675829321077, 48.298216140526641 ], [ 14.557669484197064, 48.298210089734177 ], [ 14.557619991667684, 48.298164009096489 ], [ 14.557439888262692, 48.297954038740087 ], [ 14.557251816891988, 48.297703488302517 ], [ 14.557106107586167, 48.297522483946352 ], [ 14.556935649327203, 48.297361081746686 ], [ 14.556705589023046, 48.297250685363117 ], [ 14.556305113408795, 48.297111941236452 ], [ 14.556291925940176, 48.297107311710924 ], [ 14.556284994161516, 48.297104955517284 ], [ 14.556270619021797, 48.297101418031097 ], [ 14.556231560766964, 48.297091752434646 ], [ 14.556188016280748, 48.29705766383578 ], [ 14.556134714775675, 48.29701576091292 ], [ 14.556088615802459, 48.296970543616077 ], [ 14.556039360487748, 48.296917262724449 ], [ 14.556032581627663, 48.296909956907754 ], [ 14.55587415894224, 48.296772716940751 ], [ 14.555849259769404, 48.296745989340018 ], [ 14.555786464293618, 48.296678816210303 ], [ 14.555745537667708, 48.29657848668699 ], [ 14.555725345033343, 48.296459766750274 ], [ 14.555809942979888, 48.296256639955431 ], [ 14.555953817289669, 48.295971563299254 ], [ 14.555966127156182, 48.295933289391392 ], [ 14.556019508972891, 48.295767195452733 ], [ 14.556196980164231, 48.29553475413941 ], [ 14.556222736985385, 48.295472138682463 ], [ 14.556231277648839, 48.295451267333874 ], [ 14.556297712040632, 48.295392722682841 ], [ 14.556363352405143, 48.295334816079908 ], [ 14.556619541376026, 48.295158853836874 ], [ 14.556673280521927, 48.295127971281161 ], [ 14.556960603549372, 48.294963106432512 ], [ 14.556970846327705, 48.294957241076673 ], [ 14.557198685101332, 48.294819810118369 ], [ 14.557424139537718, 48.294655684524869 ], [ 14.557494785122945, 48.294604291963218 ], [ 14.557680489501513, 48.294538194597024 ], [ 14.558133051267607, 48.294377166313758 ], [ 14.558263272592727, 48.29433090405464 ], [ 14.558635082254224, 48.294221553102261 ], [ 14.558722230447819, 48.294195355845503 ], [ 14.558794574682469, 48.294175971704796 ], [ 14.558801273574408, 48.294174191864911 ], [ 14.558834954365475, 48.294178875235609 ], [ 14.558897581442729, 48.294187572087225 ], [ 14.558920429924589, 48.294178874912554 ], [ 14.558950178003151, 48.294171184650168 ], [ 14.55908967547319, 48.294135259580763 ], [ 14.559108596006217, 48.294063089265407 ], [ 14.559145445846474, 48.293922447573699 ], [ 14.559184090235425, 48.293783586237502 ], [ 14.559366600282463, 48.29348577285085 ], [ 14.559498060249101, 48.293315345973525 ], [ 14.559660650784647, 48.29310455701809 ], [ 14.559823757845447, 48.292892862721516 ], [ 14.559767849795678, 48.292592612555197 ], [ 14.559697149054735, 48.29239075878295 ], [ 14.559678066205636, 48.292336351750734 ], [ 14.559473908320191, 48.292032265448562 ], [ 14.559467061529737, 48.29202208168882 ], [ 14.559462169750965, 48.292014756179306 ], [ 14.559348427054934, 48.291845472700935 ], [ 14.559055201516266, 48.291508857218673 ], [ 14.558990808992196, 48.291465273062158 ], [ 14.558921483726108, 48.291418322182018 ], [ 14.558914908011211, 48.291413893226384 ], [ 14.558902304206351, 48.291405389403486 ], [ 14.558441966714692, 48.291093652627112 ], [ 14.558268579083215, 48.291047166905017 ], [ 14.557744351358886, 48.290906761361924 ], [ 14.557149851103539, 48.290747570227587 ], [ 14.557130819929347, 48.290746600802912 ], [ 14.556943332175019, 48.290736606805403 ], [ 14.556838141571932, 48.2907749576854 ], [ 14.556654225052425, 48.290842024753722 ], [ 14.556307771406107, 48.290705321932123 ], [ 14.556110849659298, 48.290684000308538 ], [ 14.555883379398741, 48.290659220751429 ], [ 14.555742533008761, 48.290609060820238 ], [ 14.555720871156991, 48.290605149986249 ], [ 14.555383213277022, 48.290544011704725 ], [ 14.555346077873395, 48.290529917418368 ], [ 14.55537109735875, 48.290487551623649 ], [ 14.555496776300567, 48.290191780115251 ], [ 14.555747130725132, 48.289855114907056 ], [ 14.555957962259942, 48.289729020036688 ], [ 14.556171317406521, 48.289601368865576 ], [ 14.556262763138111, 48.28939762929658 ], [ 14.556614172449263, 48.289099214402988 ], [ 14.556931988395364, 48.289022552924557 ], [ 14.557048873097237, 48.288994334834371 ], [ 14.557292497208451, 48.288989883813564 ], [ 14.557344913093132, 48.288988882758943 ], [ 14.557475720153812, 48.288945133974025 ], [ 14.557586642992941, 48.288784371105358 ], [ 14.557427064991561, 48.288694376261965 ], [ 14.55797724824696, 48.288445145744376 ], [ 14.558000456166758, 48.288434645641892 ], [ 14.558281081297164, 48.288307542052344 ], [ 14.558318709150416, 48.288102927644807 ], [ 14.558500382975371, 48.287947176801019 ], [ 14.558672551385175, 48.287908299078524 ], [ 14.558754883206914, 48.287889799270502 ], [ 14.558890527570549, 48.287965290246703 ], [ 14.559016339695351, 48.287892893733307 ], [ 14.558854789610782, 48.287787897586249 ], [ 14.559357806354832, 48.287460168468073 ], [ 14.559373340262132, 48.287450108777222 ], [ 14.5593573192074, 48.287439571824059 ], [ 14.559246667219627, 48.287366337123593 ], [ 14.559171625259106, 48.287316837625951 ], [ 14.5593521478102, 48.287220923596557 ], [ 14.559544382438213, 48.287118678354737 ], [ 14.559878137075176, 48.287083943869348 ], [ 14.560425294426633, 48.287026986539409 ], [ 14.560508480661548, 48.286982027002033 ], [ 14.560596326105975, 48.286934589239479 ], [ 14.560615906300058, 48.286890480266692 ], [ 14.560687578780739, 48.28672931838333 ], [ 14.561067420074943, 48.286329829556514 ], [ 14.561119898417147, 48.28627466768814 ], [ 14.561349165140093, 48.286171129023948 ], [ 14.561199296591571, 48.28605278806711 ], [ 14.561187281702908, 48.285892688634135 ], [ 14.560992612561595, 48.285840583881985 ], [ 14.56088266128042, 48.285683046872741 ], [ 14.561002777623353, 48.285564016722596 ], [ 14.560959448280069, 48.285413513883597 ], [ 14.561027785653382, 48.28528810262705 ], [ 14.561116738085717, 48.284934684459245 ], [ 14.561076299555028, 48.284906232567842 ], [ 14.561005015694198, 48.284855974860157 ], [ 14.56086039602865, 48.284702941857148 ], [ 14.560674872270512, 48.284547281284915 ], [ 14.56061559577387, 48.28449743649184 ], [ 14.56063766248422, 48.284416056050858 ], [ 14.560567724002029, 48.284160665450848 ], [ 14.560614990168208, 48.283965124534987 ], [ 14.560699453433614, 48.283831986324365 ], [ 14.56076061996758, 48.283802282753072 ], [ 14.560832711005526, 48.283767156028489 ], [ 14.560820121950238, 48.283611200836177 ], [ 14.560817128860796, 48.283575876453739 ], [ 14.560651057908231, 48.283473089542539 ], [ 14.560617133260195, 48.283452125789147 ], [ 14.56052014554464, 48.283437674733314 ], [ 14.560416798711872, 48.283422211078957 ], [ 14.560318591900494, 48.283407502818037 ], [ 14.560091423258568, 48.283291684718932 ], [ 14.560077117415631, 48.283148522463001 ], [ 14.560072688568447, 48.283103766947903 ], [ 14.559846071434032, 48.282971299173326 ], [ 14.560053176402837, 48.282871594936324 ], [ 14.560309713109053, 48.282616630580733 ], [ 14.560197097880934, 48.282488539217916 ], [ 14.560194612682539, 48.282486046418434 ], [ 14.5601686698972, 48.282460590134527 ], [ 14.560106428733603, 48.282399260895509 ], [ 14.56004543030919, 48.282339178023129 ], [ 14.560013135705832, 48.282307311232394 ], [ 14.559944309087401, 48.282280957468934 ], [ 14.559927033470194, 48.282274302275461 ], [ 14.559569022512989, 48.282137011290196 ], [ 14.559494343991146, 48.281897413592567 ], [ 14.559369174286326, 48.28162587068821 ], [ 14.559400761551696, 48.281565171841578 ], [ 14.559498355571943, 48.281377467606262 ], [ 14.559209491701766, 48.281262747683364 ], [ 14.559164591699547, 48.28124495791397 ], [ 14.558912978799647, 48.281189311265308 ], [ 14.558712520377352, 48.281136634031604 ], [ 14.558640364609589, 48.281117601673294 ], [ 14.55851301076035, 48.281106977328946 ], [ 14.558363374007431, 48.281094518244849 ], [ 14.558319196022573, 48.281170013533398 ], [ 14.558083982602021, 48.281283595237468 ], [ 14.558071588735299, 48.281289573357874 ], [ 14.557783442959447, 48.281319235055122 ], [ 14.557636654077553, 48.281181964603924 ], [ 14.557439230376549, 48.281063669298064 ], [ 14.557356516285473, 48.281014159356538 ], [ 14.557281593614038, 48.2809692455508 ], [ 14.556943518661848, 48.280722250358295 ], [ 14.556910464367977, 48.280589540730503 ], [ 14.556904813155199, 48.280567109077545 ], [ 14.556995589825398, 48.280267293129768 ], [ 14.55713497142786, 48.28021085917117 ], [ 14.557395769414082, 48.28021054515569 ], [ 14.557487645123153, 48.280197163598892 ], [ 14.557604234003882, 48.280180103324135 ], [ 14.557927913401572, 48.280108684461311 ], [ 14.558108877266969, 48.279958248800035 ], [ 14.558328844404716, 48.279849955388421 ], [ 14.558334751235343, 48.279854661316811 ], [ 14.558343265047958, 48.27986131901627 ], [ 14.558388308504625, 48.279896650634839 ], [ 14.558393661473435, 48.279900732640698 ], [ 14.55842063972611, 48.279895950401723 ], [ 14.558459966816914, 48.27985478251199 ], [ 14.558450179036308, 48.27982843604034 ], [ 14.558400130416251, 48.27969536588455 ], [ 14.558385425989702, 48.279552207464768 ], [ 14.558395137198099, 48.279546797330518 ], [ 14.55843570397886, 48.279523879155178 ], [ 14.558623636927809, 48.279417541755294 ], [ 14.558676005410668, 48.279352215967656 ], [ 14.558816477686774, 48.279176745568115 ], [ 14.559111308888655, 48.279122540417923 ], [ 14.559147057390561, 48.279106779926558 ], [ 14.559157728676173, 48.279102079327359 ], [ 14.55938816055124, 48.278986296493294 ], [ 14.559371071382808, 48.27895327968654 ], [ 14.559231202683367, 48.278715268054988 ], [ 14.559174241745543, 48.27868321105143 ], [ 14.55914733108008, 48.278668020664263 ], [ 14.559141866825582, 48.278664929472548 ], [ 14.55912520032174, 48.278655478850681 ], [ 14.559141454854647, 48.278596201003566 ], [ 14.559145306601289, 48.278582395872881 ], [ 14.55914691581261, 48.27857635130519 ], [ 14.559152130667867, 48.278557493807476 ], [ 14.559270407147288, 48.278492283067344 ], [ 14.559328679003286, 48.278460091618506 ], [ 14.559295503591033, 48.278430752891957 ], [ 14.559278091099202, 48.278418251360847 ], [ 14.559240220175292, 48.278395529491185 ], [ 14.559138953856316, 48.278319406842598 ], [ 14.559135660440218, 48.278316922532973 ], [ 14.559017626570002, 48.278238457410644 ], [ 14.558890704984522, 48.278154597948628 ], [ 14.55883766550453, 48.278105946025782 ], [ 14.558803637487243, 48.27807472688675 ], [ 14.558736135105415, 48.278030005740014 ], [ 14.558722991354712, 48.278021327642669 ], [ 14.558625302237937, 48.277976744393094 ], [ 14.558500499602841, 48.277919761560213 ], [ 14.558364525010168, 48.277857678275772 ], [ 14.558334823648497, 48.277844136442262 ], [ 14.55831465847483, 48.277834902466893 ], [ 14.55830072763381, 48.277827132252725 ], [ 14.558248834500471, 48.277798440098614 ], [ 14.558225204892359, 48.277745249973925 ], [ 14.558204846540036, 48.277699312527474 ], [ 14.558177847936475, 48.277663251096989 ], [ 14.558161008576461, 48.277640757315915 ], [ 14.558139273342055, 48.277633519054667 ], [ 14.558120391087838, 48.277627240368233 ], [ 14.558086253140276, 48.277619862751727 ], [ 14.55791555929939, 48.277582794634498 ], [ 14.5577183116879, 48.277539888099632 ], [ 14.557674286661245, 48.277530455252133 ], [ 14.55755580865792, 48.277484380529998 ], [ 14.557525478605923, 48.277472734359698 ], [ 14.557499909153213, 48.277462927350669 ], [ 14.557498472534508, 48.277459163958859 ], [ 14.557455815355082, 48.277342119187736 ], [ 14.557453946909895, 48.27733719080063 ], [ 14.557481816884509, 48.277313146992569 ], [ 14.557422573361933, 48.27728705080694 ], [ 14.557239315938144, 48.277311469613842 ], [ 14.55716143354609, 48.277283680091465 ], [ 14.557058886685093, 48.277318675182954 ], [ 14.556916231151602, 48.277367406685791 ], [ 14.556866658872373, 48.277391318700587 ], [ 14.556657712974804, 48.277492296515121 ], [ 14.556358325756191, 48.277741586253299 ], [ 14.556226451375226, 48.277927489217106 ], [ 14.556196522240368, 48.27794426723424 ], [ 14.555942065984622, 48.278087285511724 ], [ 14.555709954897525, 48.278217743359242 ], [ 14.555672805505179, 48.278231268403154 ], [ 14.555577399355091, 48.278266277099263 ], [ 14.555461311675982, 48.278390207783247 ], [ 14.555411499844519, 48.278375436996434 ], [ 14.555370783792128, 48.278363449523994 ], [ 14.555344813800508, 48.278376677124911 ], [ 14.555249064122874, 48.278425723590345 ], [ 14.555123967689395, 48.278304685645772 ], [ 14.555114732378888, 48.278284540636982 ], [ 14.555012417122667, 48.278192231891879 ], [ 14.55493874149836, 48.278125622089085 ], [ 14.554852259374719, 48.278047451312602 ], [ 14.55475553870537, 48.277980903381966 ], [ 14.554724988630444, 48.277959902504712 ], [ 14.554692520384176, 48.277937572287904 ], [ 14.554740335428107, 48.277810400583114 ], [ 14.554792075119847, 48.277672481892388 ], [ 14.554788922182912, 48.277664508160825 ], [ 14.554784181125095, 48.277652052881542 ], [ 14.554637141252501, 48.27727448642861 ], [ 14.554587286225052, 48.277057565786045 ], [ 14.554569638913103, 48.276983530385152 ], [ 14.554565453038583, 48.276966031262099 ], [ 14.554529932288695, 48.276854128503629 ], [ 14.554528181932339, 48.276848479117149 ], [ 14.554509404287163, 48.276789389654624 ], [ 14.554482321538831, 48.276703847851607 ], [ 14.554409975046283, 48.276476097514141 ], [ 14.55429801853143, 48.276134417994896 ], [ 14.554282457709387, 48.276086000494232 ], [ 14.554150843611707, 48.275819467430765 ], [ 14.554068386225181, 48.275654438152657 ], [ 14.553797094995486, 48.275110660171592 ], [ 14.553629650772068, 48.274684365565605 ], [ 14.55359898002979, 48.274606598083594 ], [ 14.553492584161972, 48.274363370398085 ], [ 14.553369521734297, 48.274081902534149 ], [ 14.553367358930908, 48.274075897593036 ], [ 14.553053545297939, 48.274101318982019 ], [ 14.552859178418077, 48.274117120928665 ], [ 14.552425213808126, 48.274110782941577 ], [ 14.55229619726577, 48.274108895932279 ], [ 14.551974215954735, 48.274039127622942 ], [ 14.551632685447892, 48.273934566958403 ], [ 14.551489341828676, 48.273890725715063 ], [ 14.550780191498138, 48.273844439303261 ], [ 14.550611814541485, 48.273842152595876 ], [ 14.550573392315744, 48.273841564956534 ], [ 14.550565034626354, 48.273841472463282 ], [ 14.55037544063142, 48.273859649373556 ], [ 14.550126549369438, 48.273883574084586 ], [ 14.549972265125881, 48.273890315440823 ], [ 14.549808288471315, 48.273897517785763 ], [ 14.549587442737913, 48.273927805481975 ], [ 14.549436449408322, 48.273948456207876 ], [ 14.548946785367812, 48.273957531550323 ], [ 14.548408769424547, 48.273996618103588 ], [ 14.547970343454564, 48.274104654834765 ], [ 14.547630315758784, 48.274196279105865 ], [ 14.54727750181743, 48.274288665521794 ], [ 14.5471862634478, 48.274311658671138 ], [ 14.547066061246497, 48.274335133816166 ], [ 14.546778233969551, 48.274411546830699 ], [ 14.546576116527788, 48.274459086527976 ], [ 14.546447713750748, 48.274489213931965 ], [ 14.546162451340576, 48.274542837685019 ], [ 14.546005733389642, 48.274532056081533 ], [ 14.545840858636417, 48.274477906502867 ], [ 14.545827277857601, 48.274473459846128 ], [ 14.545588388322487, 48.274395071103669 ], [ 14.545424635287436, 48.274383102519451 ], [ 14.545182535623699, 48.274386433989832 ], [ 14.545093431717024, 48.274385472748762 ], [ 14.544980873433477, 48.274384305863933 ], [ 14.544902687263685, 48.27438341071246 ], [ 14.544640049794211, 48.274367162763674 ], [ 14.544554078715558, 48.274361850208876 ], [ 14.544560771865354, 48.274348375852647 ] ] ] } }
]
}
