category,name,slug,prefix,roundness,rectangularity,mobile_fit
europe_lau,Mokošín,mokosin,mo,52.17,73.71,51.05
europe_lau,Moravany,moravany,mo,33.86,56.79,9.1
europe_lau,Mokré,mokre,mo,61.42,71.02,41.24
europe_lau,Modřišice,modrisice,mo,71,73.88,46.79
europe_lau,Morašice,morasice,mo,53.96,61.29,40.47
europe_lau,Moravská Třebová,moravska_trebova,mo,43.8,56.58,57.96
europe_lau,Modrá,modra,mo,26.01,66.99,89.92
europe_lau,Moravské Málkovice,moravske_malkovice,mo,42.2,50.64,62.02
europe_lau,Mouchnice,mouchnice,mo,30.83,46.77,69.98
europe_lau,Modřice,modrice,mo,40.12,51.56,44.18
europe_lau,Mokrá-Horákov,mokra_horakov,mo,47.99,64.71,72.76
europe_lau,Moravany,moravany,mo,33.99,52.29,39.95
europe_lau,Moravské Bránice,moravske_branice,mo,66.51,69.48,68.99
europe_lau,Moravské Knínice,moravske_kninice,mo,49.26,58.52,68.17
europe_lau,Moutnice,moutnice,mo,45.92,72.13,91.85
europe_lau,Moravská Nová Ves,moravska_nova_ves,mo,43.83,61.69,32.17
europe_lau,Moravský Žižkov,moravsky_zizkov,mo,32.69,49.36,99.24
europe_lau,Morkůvky,morkuvky,mo,46.81,71.22,74.46
europe_lau,Molln,molln,mo,58.36,67.08,32.37
europe_lau,Moravany,moravany,mo,22.38,41.76,90.16
europe_lau,Moravský Písek,moravsky_pisek,mo,59.76,73.25,85.01
europe_lau,Mostek,mostek,mo,42.5,59.69,15.7
europe_lau,Mostek,mostek,mo,51.92,59.62,26.61
europe_lau,Morkovice-Slížany,morkovice_slizany,mo,43.78,60.85,68.9
europe_lau,Moschendorf,moschendorf,mo,37.77,52.25,2.46
europe_lau,Mohelno,mohelno,mo,51.58,59.75,28.18
europe_lau,Moravské Budějovice,moravske_budejovice,mo,29.82,50.01,-20.62
europe_lau,Moravský Beroun,moravsky_beroun,mo,34.38,52.68,92.97
europe_lau,Modletice,modletice,mo,54.42,60.8,39.43
europe_lau,Morávka,moravka,mo,50.22,65.97,86.1
europe_lau,Mosty u Jablunkova,mosty_u_jablunkova,mo,60.29,66.07,54.86
europe_lau,Modrá Hůrka,modra_hurka,mo,29.48,42.49,95.01
europe_lau,Mojné,mojne,mo,58.93,70.64,25.07
europe_lau,Mogersdorf,mogersdorf,mo,56.92,73.4,78.1
europe_lau,Močerady,mocerady,mo,57.68,68.73,60.92
europe_lau,Mořkov,morkov,mo,60.08,78.6,44.86
europe_lau,Modřovice,modrovice,mo,55.74,76.13,70.56
europe_lau,Mörschwang,morschwang,mo,20.2,57.24,56.23
europe_lau,Morašice,morasice,mo,45.75,62.18,17.64
europe_lau,Moravský Krumlov,moravsky_krumlov,mo,39.18,58.98,-2.37
europe_lau,Mořice,morice,mo,61.89,81.43,80.57
europe_lau,Mostkovice,mostkovice,mo,45.26,62.64,69.29
europe_lau,Moordiek,moordiek,mo,36.47,74.26,66.63
europe_lau,Moorhusen,moorhusen,mo,50.15,79.42,70.22
europe_lau,Mondsee,mondsee,mo,16.54,43.77,33.56
europe_lau,Moravec,moravec,mo,53.46,68.56,60.96
europe_lau,Moravecké Pavlovice,moravecke_pavlovice,mo,46.3,62.13,32.46
europe_lau,Möhnsen,mohnsen,mo,53.33,66.88,13.75
europe_lau,"Mölln, Stadt",molln_stadt,mo,34.75,43.53,75.4
europe_lau,Mönkeberg,monkeberg,mo,50.31,79.82,-14.89
europe_lau,Mörel,morel,mo,47.3,69.03,17.28
europe_lau,Molfsee,molfsee,mo,43.74,69.08,65.11
europe_lau,Moorrege,moorrege,mo,21.85,52.01,-111.62
europe_lau,Mözen,mozen,mo,45.59,75.52,72.86
europe_lau,"Moringen, Stadt",moringen_stadt,mo,38.06,56.75,32.76
europe_lau,Mohrkirch,mohrkirch,mo,41.49,68.03,42.68
europe_lau,Mönkhagen,monkhagen,mo,31.85,57.68,-30.54
europe_lau,Möhnesee,mohnesee,mo,55.01,72.73,30.27
europe_lau,Modautal,modautal,mo,58.62,75,64.77
europe_lau,Molbergen,molbergen,mo,64.22,63.33,47.81
europe_lau,Moisburg,moisburg,mo,47.01,52.23,75.02
europe_lau,"Mönchengladbach, Stadt",monchengladbach_stadt,mo,62.35,59.97,61.22
europe_lau,"Monheim am Rhein, Stadt",monheim_am_rhein_stadt,mo,50.07,59.77,86.03
europe_lau,"Moers, Stadt",moers_stadt,mo,39.68,62.11,96.94
europe_lau,"Monschau, Stadt",monschau_stadt,mo,56.3,68.28,44.61
europe_lau,Morsbach,morsbach,mo,49.98,62.17,79.87
europe_lau,Moorweg,moorweg,mo,37.2,49.47,46.22
europe_lau,"Mörfelden-Walldorf, Stadt",morfelden_walldorf_stadt,mo,64.45,65.01,59.95
europe_lau,Mossautal,mossautal,mo,42.43,64.06,93.16
europe_lau,Molzhain,molzhain,mo,36.61,63.85,12.5
europe_lau,Morschen,morschen,mo,53.64,72.1,24.53
europe_lau,Moormerland,moormerland,mo,51.21,65.27,-1.18
europe_lau,Mörsbach,morsbach,mo,47.74,63.45,36.63
europe_lau,Molsberg,molsberg,mo,47.81,64.73,83.01
europe_lau,Mörschied,morschied,mo,48.15,73.56,23.75
europe_lau,Möntenich,montenich,mo,34.68,63.33,58.96
europe_lau,Moritzheim,moritzheim,mo,35.21,53.46,71.67
europe_lau,Moselkern,moselkern,mo,47.22,69.72,89.85
europe_lau,Monreal,monreal,mo,39.59,57.28,44.87
europe_lau,Mönchhof,monchhof,mo,35.07,58.58,48.31
europe_lau,Mörschbach,morschbach,mo,49.33,65.77,88.63
europe_lau,Morshausen,morshausen,mo,61.9,67.66,65.25
europe_lau,Mörsdorf,morsdorf,mo,50.7,77.07,52.78
europe_lau,Monzingen,monzingen,mo,49.05,58.2,63.64
europe_lau,Mörlen,morlen,mo,36.97,48.96,71.3
europe_lau,Mooskirchen,mooskirchen,mo,43.86,61.01,15.3
europe_lau,Mörsfeld,morsfeld,mo,34.18,55.4,66.53
europe_lau,Morschheim,morschheim,mo,49,59.93,30.87
europe_lau,Mogendorf,mogendorf,mo,39.2,57.17,-13.86
europe_lau,"Montabaur, Stadt",montabaur_stadt,mo,30.52,40.49,18.63
europe_lau,Moschheim,moschheim,mo,60.81,66.38,64.63
europe_lau,Mosbruch,mosbruch,mo,41.51,60.6,-3.9
europe_lau,Mortantsch,mortantsch,mo,50.11,74.09,74.66
europe_lau,Morscheid,morscheid,mo,31.25,66.89,86.87
europe_lau,Mölsheim,molsheim,mo,55.5,80.74,60.8
europe_lau,Mörstadt,morstadt,mo,57.07,82.13,39.43
europe_lau,Monsheim,monsheim,mo,54.33,77.76,-2.22
europe_lau,Monzernheim,monzernheim,mo,56.32,76.89,13.14
europe_lau,Monzelfeld,monzelfeld,mo,53.61,62.79,76.24
europe_lau,Morbach,morbach,mo,57.15,67.67,51.01
europe_lau,Möglingen,moglingen,mo,57.89,69.23,82.36
europe_lau,"Möckmühl, Stadt",mockmuhl_stadt,mo,54.21,57,61.59
europe_lau,Mommenheim,mommenheim,mo,59.19,69.79,68.3
europe_lau,Mötzingen,motzingen,mo,61.65,67.91,44.41
europe_lau,Mönsheim,monsheim,mo,80.23,73.5,58.68
europe_lau,Mötz,motz,mo,42.34,60.86,2.18
europe_lau,Mönchweiler,monchweiler,mo,43.6,67.83,59.67
europe_lau,Moos,moos,mo,46.01,61.97,77.33
europe_lau,Mögglingen,mogglingen,mo,71.63,72.02,52.07
europe_lau,"Mössingen, Stadt",mossingen_stadt,mo,47.76,62.5,11.63
europe_lau,"Mosbach, Stadt",mosbach_stadt,mo,32.61,53.9,94.47
europe_lau,Moosthenning,moosthenning,mo,42.05,60.8,17.09
europe_lau,Moosburg,moosburg,mo,36.14,58.53,99.38
europe_lau,Moosach,moosach,mo,47.3,56.62,53.42
europe_lau,"Mörnsheim, M",mornsheim_m,mo,50.37,57.46,39.07
europe_lau,Moosinning,moosinning,mo,35.83,63.27,-45.89
europe_lau,"Moosburg a.d.Isar, St",moosburg_a_d_isar_st,mo,38,53.18,13.91
europe_lau,Moos,moos,mo,47.83,66.88,95.41
europe_lau,"Moosbach, M",moosbach_m,mo,58.73,63.05,71.64
europe_lau,Mönchgut,monchgut,mo,33.2,36.23,65.91
europe_lau,Mol,mol,mo,33.88,43.92,80.26
europe_lau,Mödingen,modingen,mo,58.19,66.15,61.91
europe_lau,Molauer Land,molauer_land,mo,36.45,54.85,-23.56
europe_lau,Moritzburg,moritzburg,mo,36.36,58.99,75.93
europe_lau,Molschleben,molschleben,mo,56.26,80.55,75.99
europe_lau,Moorslede,moorslede,mo,43.81,61.03,83.36
europe_lau,Mockrehna,mockrehna,mo,57.82,66.49,50.99
europe_lau,"Möckern, Stadt",mockern_stadt,mo,51.85,61.5,28.44
europe_lau,Möser,moser,mo,29.44,46.67,-19.35
europe_lau,Möckern,mockern,mo,54.92,66.05,26.95
europe_lau,Mörsdorf,morsdorf,mo,51.81,63.13,59.29
europe_lau,Mönchsdeggingen,monchsdeggingen,mo,37.86,56.07,39.12
europe_lau,"Monheim, St",monheim_st,mo,61.42,67.79,57.25
europe_lau,Moßbach,mossbach,mo,41.44,64.81,22.61
europe_lau,Moxa,moxa,mo,60.75,70.89,28.36
europe_lau,Mohlsdorf-Teichwolframsdorf,mohlsdorf_teichwolframsdorf,mo,36.09,52.85,62.24
europe_lau,Monstab,monstab,mo,54.62,58.81,55.05
europe_lau,Mönchpfiffel-Nikolausrieth,monchpfiffel_nikolausrieth,mo,53.45,69.7,15.47
europe_lau,Morsø,morso,mo,30.55,53.16,80.36
europe_lau,Mont-Saint-Guibert,mont_saint_guibert,mo,45.77,56.19,68.12
europe_lau,Mojácar,mojacar,mo,30.16,66.49,91.96
europe_lau,"Mojonera, La",mojonera_la,mo,23.95,65.48,93.64
europe_lau,Montuïri,montuiri,mo,50.53,58.4,65.77
europe_lau,Момчилград,momcilgrad,mo,51.82,62.25,65.38
europe_lau,Monzón de Campos,monzon_de_campos,mo,29.99,57.94,-9.89
europe_lau,Moratinos,moratinos,mo,55.79,66.42,39.74
europe_lau,Morga,morga,mo,51.09,65.86,73.11
europe_lau,Montet (Glâne),montet_glane,mo,45.07,58.95,73
europe_lau,Mombeltrán,mombeltran,mo,21.89,50.85,91.41
europe_lau,Moraleja de Matacabras,moraleja_de_matacabras,mo,65.44,79.1,64.75
europe_lau,Mönchaltorf,monchaltorf,mo,48.02,62.03,60.85
europe_lau,Moreda de Álava,moreda_de_alava,mo,64.48,89.11,53.07
europe_lau,Molinos de Duero,molinos_de_duero,mo,41.37,60.3,-11.97
europe_lau,Momblona,momblona,mo,29.36,46.35,-12.78
europe_lau,Monteagudo de las Vicarías,monteagudo_de_las_vicarias,mo,37.87,54.31,70.35
europe_lau,Montejo de Tiermes,montejo_de_tiermes,mo,40.06,50.61,9.14
europe_lau,Montenegro de Cameros,montenegro_de_cameros,mo,64.39,74.96,79.86
europe_lau,Morón de Almazán,moron_de_almazan,mo,49,54.33,22.45
europe_lau,Moclín,moclin,mo,43.18,64.82,73.29
europe_lau,Molvízar,molvizar,mo,50.45,65.72,51.35
europe_lau,Monachil,monachil,mo,27.18,62.9,-21.43
europe_lau,Montefrío,montefrio,mo,66.83,74.67,39.09
europe_lau,Montejícar,montejicar,mo,65.14,79.59,47.48
europe_lau,Montillana,montillana,mo,38.67,58.65,4.86
europe_lau,Moraleda de Zafayona,moraleda_de_zafayona,mo,42.06,61.91,26.82
europe_lau,Motril,motril,mo,55.24,70.91,27.67
europe_lau,Modave,modave,mo,34.38,49.34,87.38
europe_lau,Monreal del Llano,monreal_del_llano,mo,38.21,65.97,90.54
europe_lau,Montalbanejo,montalbanejo,mo,58.82,66.94,72.98
europe_lau,Montalbo,montalbo,mo,56.08,69.67,67.04
europe_lau,Monteagudo de las Salinas,monteagudo_de_las_salinas,mo,28.92,53.81,-2.57
europe_lau,Mota de Altarejos,mota_de_altarejos,mo,56.41,67.75,33.73
europe_lau,Mota del Cuervo,mota_del_cuervo,mo,38.71,69.69,96.46
europe_lau,Motilla del Palancar,motilla_del_palancar,mo,58.61,78.05,30.57
europe_lau,Moya,moya,mo,51.66,71.75,31.68
europe_lau,Moncofa,moncofa,mo,58.24,74.14,67.39
europe_lau,Montán,montan,mo,34.52,64.75,-21.83
europe_lau,Montanejos,montanejos,mo,52.84,60.54,69.57
europe_lau,Morella,morella,mo,38.71,55.61,87.02
europe_lau,Molinicos,molinicos,mo,48.84,60.47,23.24
europe_lau,Montalvos,montalvos,mo,44.94,64.43,49.51
europe_lau,Montealegre del Castillo,montealegre_del_castillo,mo,62.66,75.29,53.92
europe_lau,Motilleja,motilleja,mo,42.6,58.89,78.32
europe_lau,Molins de Rei,molins_de_rei,mo,40.9,64.32,77.89
europe_lau,Mollet del Vallès,mollet_del_valles,mo,39.19,58.65,91.7
europe_lau,Montcada i Reixac,montcada_i_reixac,mo,44.64,51.7,78.96
europe_lau,Montgat,montgat,mo,40.86,77.68,34.98
europe_lau,Monistrol de Montserrat,monistrol_de_montserrat,mo,60.84,71.01,38.36
europe_lau,Monistrol de Calders,monistrol_de_calders,mo,50.65,66.39,71.96
europe_lau,Montclar,montclar,mo,46.67,62.62,71.86
europe_lau,Montesquiu,montesquiu,mo,48.41,60.49,31.51
europe_lau,Montmajor,montmajor,mo,58.63,59.51,59.09
europe_lau,Montmaneu,montmaneu,mo,40,63.22,-4.39
europe_lau,Montmeló,montmelo,mo,27.84,58.34,71.8
europe_lau,Montornès del Vallès,montornes_del_valles,mo,38.97,53.98,79.24
europe_lau,Montseny,montseny,mo,35.25,53.7,26.66
europe_lau,Moià,moia,mo,63.92,66.13,35.84
europe_lau,Mörtschach,mortschach,mo,32.61,44.09,21.89
europe_lau,Monforte del Cid,monforte_del_cid,mo,49.46,61.53,90.07
europe_lau,Monóvar,monovar,mo,49.49,58.98,48.9
europe_lau,Монтана,montana,mo,39.25,52.56,21.83
europe_lau,Mohedas de Granadilla,mohedas_de_granadilla,mo,55,63.5,20.44
europe_lau,Monroy,monroy,mo,47.7,58.76,27.06
europe_lau,Montiel,montiel,mo,30.64,37.18,82.02
europe_lau,Moral de Calatrava,moral_de_calatrava,mo,33.38,53.46,97.86
europe_lau,Monesterio,monesterio,mo,29.76,46.08,22.48
europe_lau,Montemolín,montemolin,mo,56.96,58.88,51.43
europe_lau,Monterrubio de la Serena,monterrubio_de_la_serena,mo,38.49,59.26,12.61
europe_lau,Montijo,montijo,mo,42.65,57.79,96.94
europe_lau,"Morera, La",morera_la,mo,53.65,79.78,45.34
europe_lau,Morelábor,morelabor,mo,44.11,54.51,81.5
europe_lau,"Montesinos, Los",montesinos_los,mo,34.95,59.56,71.6
europe_lau,Moeche,moeche,mo,57.11,60.09,43.17
europe_lau,Monfero,monfero,mo,57.08,64.77,32.23
europe_lau,Modúbar de la Emparedada,modubar_de_la_emparedada,mo,28.16,53.52,98.54
europe_lau,Monasterio de la Sierra,monasterio_de_la_sierra,mo,51.14,68.6,8.65
europe_lau,Monasterio de Rodilla,monasterio_de_rodilla,mo,64.77,70.9,64.56
europe_lau,Moncalvillo,moncalvillo,mo,54.92,67.07,76.54
europe_lau,Monterrubio de la Demanda,monterrubio_de_la_demanda,mo,52.01,67.09,84.2
europe_lau,Montorio,montorio,mo,45.18,64.41,97.62
europe_lau,Moradillo de Roa,moradillo_de_roa,mo,62.94,75.25,76.53
europe_lau,Mollet de Peralada,mollet_de_peralada,mo,46.41,65.25,84.86
europe_lau,Molló,mollo,mo,39.8,57.69,57.58
europe_lau,Montagut i Oix,montagut_i_oix,mo,49.41,53.51,63.64
europe_lau,Mont-ras,mont_ras,mo,37.56,69.12,74.36
europe_lau,Montánchez,montanchez,mo,40.82,52.91,34.27
europe_lau,Montehermoso,montehermoso,mo,25.39,40.88,91.71
europe_lau,Moraleja,moraleja,mo,28.54,47.87,98.69
europe_lau,Morcillo,morcillo,mo,27.95,58.89,81.6
europe_lau,Montalbán de Córdoba,montalban_de_cordoba,mo,28.55,55.81,87.35
europe_lau,Montemayor,montemayor,mo,52.81,58.32,33.14
europe_lau,Montilla,montilla,mo,59.56,68.17,25.25
europe_lau,Montoro,montoro,mo,48.95,52.95,60.45
europe_lau,Monturque,monturque,mo,38.39,60.5,91.82
europe_lau,Moriles,moriles,mo,25.1,55.12,89.97
europe_lau,Moerbeke (Gent),moerbeke_gent,mo,40.35,58.91,87.64
europe_lau,Mönchhagen,monchhagen,mo,54.17,68.26,42.33
europe_lau,Momignies,momignies,mo,58.59,61.05,50.87
europe_lau,Montigny-le-Tilleul,montigny_le_tilleul,mo,43.09,60.04,52.75
europe_lau,Mölschow,molschow,mo,59.7,65.57,44.46
europe_lau,Mönkebude,monkebude,mo,68.14,74.74,52.97
europe_lau,"Mömbris, M",mombris_m,mo,59.58,63.41,35.59
europe_lau,Motten,motten,mo,33.03,66.42,99.84
europe_lau,Mottener Forst-Süd,mottener_forst_sud,mo,59.74,72.83,76.08
europe_lau,Mönchsroth,monchsroth,mo,51.44,65.19,45.56
europe_lau,Möhrendorf,mohrendorf,mo,50.75,66.23,78.88
europe_lau,Mortsel,mortsel,mo,70.91,76.64,41.16
europe_lau,Mötzing,motzing,mo,48.95,59.47,72.22
europe_lau,Mont-de-l’Enclus,mont_de_l_enclus,mo,51.18,58.43,63.69
europe_lau,Moeskroen,moeskroen,mo,41.82,64.79,-19.56
europe_lau,Möggers,moggers,mo,47.41,54.44,75.54
europe_lau,Möllenbeck,mollenbeck,mo,49.22,59.93,24.77
europe_lau,Möllenhagen,mollenhagen,mo,39.6,64.79,95.05
europe_lau,Mölln,molln,mo,39.8,51.71,24.8
europe_lau,Moltzow,moltzow,mo,40.49,61.52,-4.48
europe_lau,Mölbling,molbling,mo,50.99,62.29,61.06
europe_lau,Möllenbeck,mollenbeck,mo,62.65,71.55,25.98
europe_lau,Moraas,moraas,mo,43.22,64.8,13.88
europe_lau,Morlanwelz,morlanwelz,mo,63.72,69.12,54.45
europe_lau,Moosburg,moosburg,mo,46.52,54.2,34.25
europe_lau,Mömlingen,momlingen,mo,61.26,70.98,45.22
europe_lau,"Mönchberg, M",monchberg_m,mo,38.57,65.1,-11.62
europe_lau,Moisville,moisville,mo,44.9,68.24,40.76
europe_lau,Montfort-sur-Risle,montfort_sur_risle,mo,53.48,69.23,65.24
europe_lau,Montreuil-l'Argillé,montreuil_l_argille,mo,51.12,70.73,60.81
europe_lau,Morainville-Jouveaux,morainville_jouveaux,mo,44.8,62.69,9.9
europe_lau,Morgny,morgny,mo,52.52,58.31,53.78
europe_lau,Morsan,morsan,mo,64.55,72.15,68.11
europe_lau,Mouettes,mouettes,mo,55.82,60.27,40.55
europe_lau,Mouflaines,mouflaines,mo,61.59,74.27,43.29
europe_lau,Mousseaux-Neuville,mousseaux_neuville,mo,56.57,60.5,40.81
europe_lau,Molières,molieres,mo,57.97,65.27,53.91
europe_lau,Monbazillac,monbazillac,mo,60,68.23,47.81
europe_lau,Monestier,monestier,mo,35.35,57.21,-18.29
europe_lau,Monfaucon,monfaucon,mo,56.95,63.02,36.51
europe_lau,Monmadalès,monmadales,mo,42.86,76.83,-13.8
europe_lau,Monmarvès,monmarves,mo,63.72,77.46,53.12
europe_lau,Monpazier,monpazier,mo,26.73,66.39,78.9
europe_lau,Monsac,monsac,mo,49.5,60.22,82.46
europe_lau,Monsaguel,monsaguel,mo,62.58,77.41,57.72
europe_lau,Montagnac-d'Auberoche,montagnac_d_auberoche,mo,52.86,69.14,53.19
europe_lau,Montagnac-la-Crempse,montagnac_la_crempse,mo,50.7,57.54,38.05
europe_lau,Montagrier,montagrier,mo,53.21,72.89,26.36
europe_lau,Montaut,montaut,mo,61.23,69.8,31.49
europe_lau,Montazeau,montazeau,mo,53.11,71.64,87.53
europe_lau,Montcaret,montcaret,mo,47.56,62.6,80.43
europe_lau,Montferrand-du-Périgord,montferrand_du_perigord,mo,39.84,56.71,86.27
europe_lau,Montignac-Lascaux,montignac_lascaux,mo,45.17,61.55,49.56
europe_lau,Montpeyroux,montpeyroux,mo,44.55,64.26,18.04
europe_lau,Monplaisant,monplaisant,mo,35.96,53.24,61.73
europe_lau,Montpon-Ménestérol,montpon_menesterol,mo,50.82,51.56,59.39
europe_lau,Montrem,montrem,mo,44.12,63.76,89.68
europe_lau,Mollégès,molleges,mo,46.8,71.54,-11.86
europe_lau,Mouriès,mouries,mo,46.32,57.4,43.74
europe_lau,Mouleydier,mouleydier,mo,44.88,61.78,18.76
europe_lau,Moulin-Neuf,moulin_neuf,mo,34.03,53.33,82.29
europe_lau,Montilliez,montilliez,mo,53.87,61.34,63.76
europe_lau,Monestier,monestier,mo,35.48,56.11,-20.67
europe_lau,Montpezat-sous-Bauzon,montpezat_sous_bauzon,mo,42.43,55.38,43.89
europe_lau,Montréal,montreal,mo,22.65,57.36,51.88
europe_lau,Montselgues,montselgues,mo,23.54,44.29,93.41
europe_lau,Montillières-sur-Orne,montillieres_sur_orne,mo,54.54,71.25,69.78
europe_lau,Montagnac-Montpezat,montagnac_montpezat,mo,62.47,65.19,52.91
europe_lau,Montclar,montclar,mo,58.02,68.06,37.16
europe_lau,Montfort,montfort,mo,42.66,49.93,32.54
europe_lau,Montfuron,montfuron,mo,56.91,72.61,24.91
europe_lau,Montjustin,montjustin,mo,41.59,51.87,10.98
europe_lau,Montlaux,montlaux,mo,47.19,55.66,46.12
europe_lau,Moriez,moriez,mo,37.67,73.85,96.69
europe_lau,Moustiers-Sainte-Marie,moustiers_sainte_marie,mo,54.43,67.44,78.17
europe_lau,Moitron,moitron,mo,37.5,56.71,65.78
europe_lau,Molesme,molesme,mo,32.23,57.12,-55.58
europe_lau,Molinot,molinot,mo,42.78,50.38,42.71
europe_lau,Moloy,moloy,mo,37.32,58.83,93.99
europe_lau,Molphey,molphey,mo,68.18,74.13,67.75
europe_lau,Montagny-lès-Beaune,montagny_les_beaune,mo,37.96,68.15,77.03
europe_lau,Montagny-lès-Seurre,montagny_les_seurre,mo,46.63,60.18,44.96
europe_lau,Montbard,montbard,mo,32.18,60.19,75.63
europe_lau,Montberthault,montberthault,mo,44.1,61.68,81.28
europe_lau,Montceau-et-Écharnant,montceau_et_echarnant,mo,35.09,51.49,-12.26
europe_lau,Monthelie,monthelie,mo,46.66,76.85,79.14
europe_lau,Montigny-Montfort,montigny_montfort,mo,67.95,73.49,62.97
europe_lau,Montigny-Saint-Barthélemy,montigny_saint_barthelemy,mo,60.57,71.85,77.09
europe_lau,Montigny-sur-Armançon,montigny_sur_armancon,mo,47.7,67.9,76.55
europe_lau,Montigny-sur-Aube,montigny_sur_aube,mo,43.62,57.39,3.92
europe_lau,Montigny-Mornay-Villeneuve-sur-Vingeanne,montigny_mornay_villeneuve_sur_vingeanne,mo,42.86,55.37,44.61
europe_lau,Montlay-en-Auxois,montlay_en_auxois,mo,45.62,59.24,49.25
europe_lau,Montliot-et-Courcelles,montliot_et_courcelles,mo,44.66,56.48,44.85
europe_lau,Montmain,montmain,mo,44.15,65.73,-2.94
europe_lau,Montmançon,montmancon,mo,64.81,67.86,69.51
europe_lau,Montmoyen,montmoyen,mo,33.88,66.76,39.6
europe_lau,Montoillot,montoillot,mo,42.09,68.95,64.46
europe_lau,Montot,montot,mo,34.4,63.33,87.55
europe_lau,Mont-Saint-Jean,mont_saint_jean,mo,52.39,62.33,57.31
europe_lau,Morey-Saint-Denis,morey_saint_denis,mo,25.19,62.11,-78.9
europe_lau,Mosson,mosson,mo,65.17,72.66,63.38
europe_lau,Moutiers-Saint-Jean,moutiers_saint_jean,mo,60.3,69.57,30.08
europe_lau,Möhlin,mohlin,mo,36.87,63.01,60.23
europe_lau,Moosbrunn,moosbrunn,mo,55.77,74.04,64.08
europe_lau,Monteceneri,monteceneri,mo,46.95,54.14,45.76
europe_lau,Montagnol,montagnol,mo,72.43,74.15,57.58
europe_lau,Montbazens,montbazens,mo,54,59.08,45.59
europe_lau,Montclar,montclar,mo,20.65,44.91,48.78
europe_lau,Monteils,monteils,mo,43.83,70.51,95.88
europe_lau,Montézic,montezic,mo,39.64,51.65,19.41
europe_lau,Montfranc,montfranc,mo,24.72,57.3,99.45
europe_lau,Montjaux,montjaux,mo,51.96,66.01,29.67
europe_lau,Montlaur,montlaur,mo,53.11,66.7,64.23
europe_lau,Montpeyroux,montpeyroux,mo,50.93,57.98,27.37
europe_lau,Montrozier,montrozier,mo,37.92,47.84,74.98
europe_lau,Montsalès,montsales,mo,48.6,68.32,-22.8
europe_lau,Morlhon-le-Haut,morlhon_le_haut,mo,48.27,59.59,77.14
europe_lau,Mostuéjouls,mostuejouls,mo,37.11,51.05,79
europe_lau,Mouret,mouret,mo,41.97,66.67,51.97
europe_lau,Moyrazès,moyrazes,mo,66.28,69.84,65.79
europe_lau,Mounes-Prohencoux,mounes_prohencoux,mo,59.01,69.11,60.3
europe_lau,Montigny,montigny,mo,65.73,76.4,49.78
europe_lau,Montlouis,montlouis,mo,50.28,69.93,88.11
europe_lau,Morlac,morlac,mo,52.79,72.12,76.55
europe_lau,Mornay-Berry,mornay_berry,mo,33.07,56.47,98.85
europe_lau,Mornay-sur-Allier,mornay_sur_allier,mo,42.26,60.96,1.82
europe_lau,Morogues,morogues,mo,54.88,68.63,65.54
europe_lau,Morthomiers,morthomiers,mo,55.74,68.26,62.68
europe_lau,Moulins-sur-Yèvre,moulins_sur_yevre,mo,47.01,56.03,78.69
europe_lau,Molandier,molandier,mo,49.14,67.3,69.35
europe_lau,Molleville,molleville,mo,64,66.61,47.56
europe_lau,Montauriol,montauriol,mo,54.05,74.59,73.75
europe_lau,Montazels,montazels,mo,31.03,54.88,84.97
europe_lau,Montbrun-des-Corbières,montbrun_des_corbieres,mo,61.9,75.31,38.58
europe_lau,Montclar,montclar,mo,49.51,62.6,82.66
europe_lau,Monteggio,monteggio,mo,41.3,57.67,16.58
europe_lau,Moëze,moeze,mo,53.62,69.85,44.43
europe_lau,Mons,mons,mo,45.19,66.15,19.88
europe_lau,Montendre,montendre,mo,50.96,67.23,59.35
europe_lau,Montguyon,montguyon,mo,45.15,66.38,92.7
europe_lau,Montils,montils,mo,42.57,56.07,57.38
europe_lau,Montlieu-la-Garde,montlieu_la_garde,mo,36.93,55.39,32.06
europe_lau,Montpellier-de-Médillan,montpellier_de_medillan,mo,62.93,69.1,69.12
europe_lau,Montroy,montroy,mo,33.11,42.35,86.1
europe_lau,Moragne,moragne,mo,54.02,62.68,58.04
europe_lau,Mornac-sur-Seudre,mornac_sur_seudre,mo,38.04,57.88,52.72
europe_lau,Mortagne-sur-Gironde,mortagne_sur_gironde,mo,37.56,61.06,65.74
europe_lau,Mortiers,mortiers,mo,46.18,68.86,30.01
europe_lau,Mosnac,mosnac,mo,58.23,76.13,74.61
europe_lau,Moncey,moncey,mo,30.43,63.27,-93.26
europe_lau,Moncley,moncley,mo,52.02,71.28,54.69
europe_lau,Mondon,mondon,mo,41.74,68.63,90.02
europe_lau,Molines-en-Queyras,molines_en_queyras,mo,27.45,52.6,-45.16
europe_lau,Monêtier-Allemont,monetier_allemont,mo,48.49,62,72.77
europe_lau,Montbrand,montbrand,mo,62.13,67.19,37.13
europe_lau,Montclus,montclus,mo,53.89,69.57,82.35
europe_lau,Mont-Dauphin,mont_dauphin,mo,52.89,70.07,66.81
europe_lau,Montgardin,montgardin,mo,67.61,73.33,70.79
europe_lau,Montgenèvre,montgenevre,mo,43.15,62.39,93.99
europe_lau,Montjay,montjay,mo,43.68,63.5,82.24
europe_lau,Montmaur,montmaur,mo,32.05,38.2,74.69
europe_lau,Montrond,montrond,mo,38.61,63.19,98.39
europe_lau,Moydans,moydans,mo,50.1,66.12,81.14
europe_lau,Morbio Inferiore,morbio_inferiore,mo,65.9,76.42,55.74
europe_lau,Montagney-Servigney,montagney_servigney,mo,32.7,59.59,94.39
europe_lau,Montancy,montancy,mo,32.59,61.75,24.37
europe_lau,Montandon,montandon,mo,66.02,73.12,52.67
europe_lau,Montbéliard,montbeliard,mo,27.94,52.18,47.86
europe_lau,Montbéliardot,montbeliardot,mo,31.92,70.42,-8.84
europe_lau,Montbenoît,montbenoit,mo,39.51,45.99,53.47
europe_lau,Mont-de-Laval,mont_de_laval,mo,47.66,62.29,-0.36
europe_lau,Mont-de-Vougney,mont_de_vougney,mo,53.5,70.33,27.68
europe_lau,Montécheroux,montecheroux,mo,48.56,71.13,38.55
europe_lau,Montenois,montenois,mo,54.01,72.87,16.9
europe_lau,Montfaucon,montfaucon,mo,36.33,58.31,10.8
europe_lau,Montferrand-le-Château,montferrand_le_chateau,mo,42.51,54.37,75.33
europe_lau,Montflovin,montflovin,mo,25.31,44.52,65.59
europe_lau,Montgesoye,montgesoye,mo,52.62,70.25,84.85
europe_lau,Montivernage,montivernage,mo,53.95,67.24,48.84
europe_lau,Montjoie-le-Château,montjoie_le_chateau,mo,74.85,76.61,50.22
europe_lau,Molinet,molinet,mo,51.05,63.14,79.1
europe_lau,Molles,molles,mo,35.91,54.83,-14.23
europe_lau,Monestier,monestier,mo,45.92,64.92,91.48
europe_lau,Monétay-sur-Allier,monetay_sur_allier,mo,61.59,65.39,63.39
europe_lau,Monétay-sur-Loire,monetay_sur_loire,mo,74.37,66.31,58.24
europe_lau,Montaiguët-en-Forez,montaiguet_en_forez,mo,34.86,55.21,-0.95
europe_lau,Montaigu-le-Blin,montaigu_le_blin,mo,57.23,75.7,24.35
europe_lau,Montbeugny,montbeugny,mo,52.07,62.33,17.63
europe_lau,Montcombroux-les-Mines,montcombroux_les_mines,mo,61.72,71.56,38.96
europe_lau,Monteignet-sur-l'Andelot,monteignet_sur_l_andelot,mo,55.27,72.62,12.26
europe_lau,Montilly,montilly,mo,44.59,57.83,31.76
europe_lau,Montluçon,montlucon,mo,49.39,55.88,69.02
europe_lau,Montmarault,montmarault,mo,41.71,50.39,24.12
europe_lau,Montord,montord,mo,51.65,77.19,11.98
europe_lau,Montvicq,montvicq,mo,59.86,74.03,45.33
europe_lau,Moulins,moulins,mo,35.18,56.07,90.35
europe_lau,Morcote,morcote,mo,38.63,52.73,76.04
europe_lau,Mont-Vully,mont_vully,mo,30.77,50.98,16.32
europe_lau,Moosleerau,moosleerau,mo,53.86,67.28,32.75
europe_lau,Montferrand,montferrand,mo,53.58,61.33,79.09
europe_lau,Montfort-sur-Boulzane,montfort_sur_boulzane,mo,59.42,72.38,36.95
europe_lau,Montgaillard,montgaillard,mo,34.2,62.6,-47.06
europe_lau,Montgradail,montgradail,mo,46.15,66.75,-11.12
europe_lau,Monthaut,monthaut,mo,42.13,59.89,73.29
europe_lau,Montirat,montirat,mo,47.23,63.76,69.87
europe_lau,Montjardin,montjardin,mo,57.76,70.92,48.8
europe_lau,Montjoi,montjoi,mo,44.3,61.37,41.3
europe_lau,Montmaur,montmaur,mo,55.2,67.52,76.12
europe_lau,Montolieu,montolieu,mo,52.62,65.57,42.28
europe_lau,Montréal,montreal,mo,45.53,59.39,47.68
europe_lau,Montredon-des-Corbières,montredon_des_corbieres,mo,60.45,72.72,70.7
europe_lau,Montséret,montseret,mo,43.75,69.61,81.79
europe_lau,Monze,monze,mo,60.71,74.61,37.05
europe_lau,Moussan,moussan,mo,50.06,61.48,17.37
europe_lau,Moussoulens,moussoulens,mo,44.94,59.48,39.96
europe_lau,Mouthoumet,mouthoumet,mo,58.31,82.11,70.1
europe_lau,Moux,moux,mo,54.8,68.75,86.16
europe_lau,Montlebon,montlebon,mo,53.1,59.43,52.6
europe_lau,Montmahoux,montmahoux,mo,46.55,75.14,21.59
europe_lau,Montperreux,montperreux,mo,49.05,67.79,64.69
europe_lau,Montrond-le-Château,montrond_le_chateau,mo,43.07,79.71,69.6
europe_lau,Montussaint,montussaint,mo,63.01,68.06,75.37
europe_lau,Morre,morre,mo,60.23,72.86,54.59
europe_lau,Morteau,morteau,mo,44.66,65.86,41.64
europe_lau,Mouthe,mouthe,mo,52.33,67,79.1
europe_lau,Mouthier-Haute-Pierre,mouthier_haute_pierre,mo,36.02,45.67,69.12
europe_lau,Mollens (VD),mollens_vd,mo,32.07,60.43,-46.3
europe_lau,Montherod,montherod,mo,70.91,71.15,57.33
europe_lau,Mogneneins,mogneneins,mo,62.69,73.71,38.09
europe_lau,Montagnat,montagnat,mo,54.13,58.7,40.71
europe_lau,Montagnieu,montagnieu,mo,43.17,56.1,64.06
europe_lau,Montanges,montanges,mo,63.18,79.12,56.81
europe_lau,Montceaux,montceaux,mo,32.9,57.31,-19.65
europe_lau,Montcet,montcet,mo,58.74,78.19,92.65
europe_lau,Monthieux,monthieux,mo,59.21,68.16,50.8
europe_lau,Montluel,montluel,mo,38.88,49.95,75.64
europe_lau,Montmerle-sur-Saône,montmerle_sur_saone,mo,38.21,62.12,92.39
europe_lau,Montracol,montracol,mo,51.32,59.92,65.07
europe_lau,Montréal-la-Cluse,montreal_la_cluse,mo,44.85,71.28,-24.78
europe_lau,Montrevel-en-Bresse,montrevel_en_bresse,mo,48.59,73.58,87.52
europe_lau,Monesple,monesple,mo,64.44,75.96,27.11
europe_lau,Montagagne,montagagne,mo,32.2,69.13,90.3
europe_lau,Montaillou,montaillou,mo,55.46,65.65,68.2
europe_lau,Montardit,montardit,mo,42.95,62.12,45.45
europe_lau,Montaut,montaut,mo,33.97,59.42,79.42
europe_lau,Montbel,montbel,mo,47.5,50.38,56.03
europe_lau,Montégut-en-Couserans,montegut_en_couserans,mo,52.47,69.39,35.69
europe_lau,Montégut-Plantaurel,montegut_plantaurel,mo,47.98,66.52,43.89
europe_lau,Montels,montels,mo,62.5,79.06,30.57
europe_lau,Montesquieu-Avantès,montesquieu_avantes,mo,48,66.74,71.7
europe_lau,Montfa,montfa,mo,40.62,74.27,-52.57
europe_lau,Montferrier,montferrier,mo,50.3,78.19,77.11
europe_lau,Montgaillard,montgaillard,mo,51.64,54.75,55.47
europe_lau,Montgauch,montgauch,mo,31.91,45.75,39.91
europe_lau,Montjoie-en-Couserans,montjoie_en_couserans,mo,35.92,59.76,85.47
europe_lau,Montoulieu,montoulieu,mo,43.42,56.77,4.93
europe_lau,Montségur,montsegur,mo,56.33,68.5,44.73
europe_lau,Montseron,montseron,mo,55.19,59.19,58.57
europe_lau,Moulin-Neuf,moulin_neuf,mo,46.22,53.35,49.94
europe_lau,Moulis,moulis,mo,40.5,60.15,86.82
europe_lau,Moutier,moutier,mo,44.05,45.99,51.3
europe_lau,Mogues,mogues,mo,41.83,58.75,87.5
europe_lau,Moiry,moiry,mo,55.39,66.21,46.79
europe_lau,Mondigny,mondigny,mo,54.45,65.87,54.12
europe_lau,Montcheutin,montcheutin,mo,36.95,65.76,-23.32
europe_lau,Montcornet,montcornet,mo,34.51,48.81,15.7
europe_lau,Montcy-Notre-Dame,montcy_notre_dame,mo,36.44,64.07,89.48
europe_lau,Montgon,montgon,mo,45.78,61.63,90.82
europe_lau,Monthermé,montherme,mo,34.95,56.23,97.89
europe_lau,Monthois,monthois,mo,46.72,53.57,30.61
europe_lau,Montigny-sur-Meuse,montigny_sur_meuse,mo,50.13,68.38,97.06
europe_lau,Montigny-sur-Vence,montigny_sur_vence,mo,44.98,74.21,91.83
europe_lau,Mont-Laurent,mont_laurent,mo,33.63,61.01,69.1
europe_lau,Montmeillant,montmeillant,mo,39.29,55.78,99.69
europe_lau,Mont-Saint-Martin,mont_saint_martin,mo,58.26,72.14,49.65
europe_lau,Mont-Saint-Remy,mont_saint_remy,mo,55.21,69.12,74.89
europe_lau,Mouron,mouron,mo,57.28,69.77,66.7
europe_lau,Mouzon,mouzon,mo,45.7,70.86,87.28
europe_lau,Mondoñedo,mondonedo,mo,54.47,65.08,71.68
europe_lau,Monforte de Lemos,monforte_de_lemos,mo,42.06,64.45,80.08
europe_lau,Monterroso,monterroso,mo,34.35,47.78,83.23
europe_lau,Molinos,molinos,mo,52.81,60.95,39.43
europe_lau,Monforte de Moyuela,monforte_de_moyuela,mo,63.75,71.8,66.04
europe_lau,Monreal del Campo,monreal_del_campo,mo,58.37,71.74,17.69
europe_lau,Monroyo,monroyo,mo,51.94,63.11,50.31
europe_lau,Montalbán,montalban,mo,54.09,60.11,69.64
europe_lau,Monteagudo del Castillo,monteagudo_del_castillo,mo,41.4,63.14,59.14
europe_lau,Monterde de Albarracín,monterde_de_albarracin,mo,70.89,72.31,54.06
europe_lau,Mora de Rubielos,mora_de_rubielos,mo,40.56,58.23,97.64
europe_lau,Moscardón,moscardon,mo,37.42,61.66,98.16
europe_lau,Mosqueruela,mosqueruela,mo,47.02,68.38,17.19
europe_lau,Mogente,mogente,mo,52.35,75.43,33.47
europe_lau,Moncada,moncada,mo,31.19,46.29,98.69
europe_lau,Montserrat,montserrat,mo,61.06,67.44,34.57
europe_lau,Montaverner,montaverner,mo,43.47,55.89,74.43
europe_lau,Montesa,montesa,mo,54.99,72.99,69.34
europe_lau,Montitxelvo,montitxelvo,mo,38.38,64.51,35.58
europe_lau,Montroi,montroi,mo,47.22,73.39,69.47
europe_lau,Mogarraz,mogarraz,mo,49.42,61.01,28.95
europe_lau,Molinillo,molinillo,mo,58.66,62.43,64.51
europe_lau,Monforte de la Sierra,monforte_de_la_sierra,mo,54.43,72.04,41.45
europe_lau,Monleón,monleon,mo,45.16,61.8,77.97
europe_lau,Monleras,monleras,mo,37.87,58.05,92.05
europe_lau,Monsagro,monsagro,mo,38.99,63.69,-34.56
europe_lau,Montejo,montejo,mo,43.38,48.98,60.32
europe_lau,Montemayor del Río,montemayor_del_rio,mo,33.88,46.96,1.15
europe_lau,Monterrubio de Armuña,monterrubio_de_armuna,mo,43.84,68.6,76.64
europe_lau,Monterrubio de la Sierra,monterrubio_de_la_sierra,mo,60.32,71,60.93
europe_lau,Morasverdes,morasverdes,mo,60.71,69.65,80.57
europe_lau,Morille,morille,mo,60.99,66.05,68.86
europe_lau,Moríñigo,morinigo,mo,45.33,61.41,43.75
europe_lau,Moriscos,moriscos,mo,45.1,72.17,37.31
europe_lau,Moronta,moronta,mo,51.02,63.63,65.15
europe_lau,Mozárbez,mozarbez,mo,30.64,56.42,-8.22
europe_lau,Mötschwil,motschwil,mo,54.71,65.31,69.85
europe_lau,Monesma y Cajigar,monesma_y_cajigar,mo,48.4,62.9,71.06
europe_lau,Monflorite-Lascasas,monflorite_lascasas,mo,46.66,63.72,13.29
europe_lau,Montanuy,montanuy,mo,41.81,59.19,92.32
europe_lau,Monzón,monzon,mo,40.3,52.91,-3.53
europe_lau,Montejo de Arévalo,montejo_de_arevalo,mo,52.58,64.03,17.45
europe_lau,Montejo de la Vega de la Serrezuela,montejo_de_la_vega_de_la_serrezuela,mo,34.35,61,-51.03
europe_lau,Monterrubio,monterrubio,mo,62.06,78.07,13.3
europe_lau,Moral de Hornuez,moral_de_hornuez,mo,52.15,58.43,55.24
europe_lau,Mozoncillo,mozoncillo,mo,47.23,58.87,41.83
europe_lau,Mochales,mochales,mo,56.01,63.35,67.39
europe_lau,Mohernando,mohernando,mo,43.28,64.21,43.39
europe_lau,Molina de Aragón,molina_de_aragon,mo,49.47,69.13,40.48
europe_lau,Monasterio,monasterio,mo,42.98,68.7,45.42
europe_lau,Mondéjar,mondejar,mo,59.53,77.26,34.86
europe_lau,Montarrón,montarron,mo,57.43,67.91,64.8
europe_lau,Moratilla de los Meleros,moratilla_de_los_meleros,mo,52.79,60.22,36.64
europe_lau,Morenilla,morenilla,mo,35.26,58.6,64.85
europe_lau,Mosnang,mosnang,mo,45.84,53.29,67.9
europe_lau,Molacillos,molacillos,mo,45.72,61.57,12.09
europe_lau,Molezuelas de la Carballeda,molezuelas_de_la_carballeda,mo,64.3,75.57,86.73
europe_lau,Mombuey,mombuey,mo,48.19,63.67,24.89
europe_lau,Monfarracinos,monfarracinos,mo,61.39,69.88,50.4
europe_lau,Montamarta,montamarta,mo,49.49,64.82,19.92
europe_lau,Moral de Sayago,moral_de_sayago,mo,35.09,58.22,47.42
europe_lau,Moraleja del Vino,moraleja_del_vino,mo,31.85,55.61,61.14
europe_lau,Moraleja de Sayago,moraleja_de_sayago,mo,57.15,56.02,50.98
europe_lau,Morales del Vino,morales_del_vino,mo,33.06,52.9,94.57
europe_lau,Morales de Rey,morales_de_rey,mo,42.76,64.73,5.87
europe_lau,Morales de Toro,morales_de_toro,mo,66.57,69.57,55.66
europe_lau,Morales de Valverde,morales_de_valverde,mo,57.21,63.52,59.65
europe_lau,Moralina,moralina,mo,51.43,64.2,74.13
europe_lau,Moreruela de los Infanzones,moreruela_de_los_infanzones,mo,72.76,74.83,58.3
europe_lau,Moreruela de Tábara,moreruela_de_tabara,mo,36.14,42.63,60.72
europe_lau,Mont-Tramelan,mont_tramelan,mo,23.94,40.16,-41.4
europe_lau,"Molar, El",molar_el,mo,44.03,70,97.99
europe_lau,"Molinos, Los",molinos_los,mo,58.98,72.95,36.22
europe_lau,Montejo de la Sierra,montejo_de_la_sierra,mo,32.57,50.12,99.01
europe_lau,Moraleja de Enmedio,moraleja_de_enmedio,mo,45.68,54.33,27.57
europe_lau,Moralzarzal,moralzarzal,mo,31.09,43.4,77.75
europe_lau,Morata de Tajuña,morata_de_tajuna,mo,59.1,73.72,17.96
europe_lau,Móstoles,mostoles,mo,58.26,67.12,39.96
europe_lau,Monreal,monreal,mo,39.6,48.49,29.09
europe_lau,Monteagudo,monteagudo,mo,48.89,74.8,-28.71
europe_lau,Morentin,morentin,mo,18.47,65.79,34.64
europe_lau,"Molsosa, La",molsosa_la,mo,40.52,64.34,38.26
europe_lau,Mollerussa,mollerussa,mo,34.45,43.66,42.64
europe_lau,Montgai,montgai,mo,40.44,58.44,58.06
europe_lau,Montellà i Martinet,montella_i_martinet,mo,61.31,79.94,80.46
europe_lau,Montferrer i Castellbò,montferrer_i_castellbo,mo,57.75,64.21,49.29
europe_lau,Montoliu de Segarra,montoliu_de_segarra,mo,46.04,60.92,13.8
europe_lau,Montoliu de Lleida,montoliu_de_lleida,mo,27.19,62.32,75.25
europe_lau,Montornès de Segarra,montornes_de_segarra,mo,31,60.14,-87.53
europe_lau,Morschach,morschach,mo,59.18,64.61,28.32
europe_lau,Mocejón,mocejon,mo,48.25,67.26,59.8
europe_lau,Mohedas de la Jara,mohedas_de_la_jara,mo,63.61,79.89,69.66
europe_lau,Montearagón,montearagon,mo,60.74,72.69,20.31
europe_lau,Montesclaros,montesclaros,mo,32.39,66.66,97.49
europe_lau,Mora,mora,mo,42.74,58.68,85.24
europe_lau,Molain,molain,mo,24.4,54.96,-95.42
europe_lau,Molinchart,molinchart,mo,52.72,63.97,32.49
europe_lau,Monceau-le-Neuf-et-Faucouzy,monceau_le_neuf_et_faucouzy,mo,52.75,66.86,66.65
europe_lau,Monceau-lès-Leups,monceau_les_leups,mo,48.73,65.46,71.66
europe_lau,Monceau-le-Waast,monceau_le_waast,mo,67.9,68.49,72.2
europe_lau,Monceau-sur-Oise,monceau_sur_oise,mo,49.5,76.97,86.37
europe_lau,Mondrepuis,mondrepuis,mo,54.63,67.68,24.97
europe_lau,Monnes,monnes,mo,57.13,73.3,59.54
europe_lau,Mons-en-Laonnois,mons_en_laonnois,mo,29.22,63.17,-103.36
europe_lau,Montaigu,montaigu,mo,44.54,67.8,84.83
europe_lau,Montbavin,montbavin,mo,60.4,71.26,60.04
europe_lau,Montbrehain,montbrehain,mo,50.93,67.5,86.08
europe_lau,Montchâlons,montchalons,mo,53.85,63.84,49.98
europe_lau,Montcornet,montcornet,mo,22.55,28.68,49.97
europe_lau,Mont-d'Origny,mont_d_origny,mo,62.02,70.22,29.6
europe_lau,Montescourt-Lizerolles,montescourt_lizerolles,mo,39.93,58.64,99.99
europe_lau,Montfaucon,montfaucon,mo,57.33,62.26,64.61
europe_lau,Montgobert,montgobert,mo,19.7,42.15,56.38
europe_lau,Montgru-Saint-Hilaire,montgru_saint_hilaire,mo,34.41,80.43,86.45
europe_lau,Monthenault,monthenault,mo,51.78,63.09,27.31
europe_lau,Monthiers,monthiers,mo,48.24,68.69,70.68
europe_lau,Monthurel,monthurel,mo,47.89,69.33,70.18
europe_lau,Montigny-en-Arrouaise,montigny_en_arrouaise,mo,58.08,65.52,67.39
europe_lau,Montigny-l'Allier,montigny_l_allier,mo,53.21,68.52,31.84
europe_lau,Montigny-le-Franc,montigny_le_franc,mo,44.73,65.22,2.6
europe_lau,Montigny-Lengrain,montigny_lengrain,mo,40.89,67.75,94.25
europe_lau,Montigny-lès-Condé,montigny_les_conde,mo,46.36,71.95,82.4
europe_lau,Montigny-sous-Marle,montigny_sous_marle,mo,42.22,59.27,95.99
europe_lau,Montigny-sur-Crécy,montigny_sur_crecy,mo,46.92,64.06,80.41
europe_lau,Montlevon,montlevon,mo,42.5,55.1,81.34
europe_lau,Montloué,montloue,mo,51.13,71.24,76.97
europe_lau,Mont-Notre-Dame,mont_notre_dame,mo,35.57,62.97,89.48
europe_lau,Montreuil-aux-Lions,montreuil_aux_lions,mo,57.34,72.01,40.31
europe_lau,Mont-Saint-Jean,mont_saint_jean,mo,63.38,73.45,67.08
europe_lau,Mont-Saint-Martin,mont_saint_martin,mo,51.5,58.16,54.65
europe_lau,Mont-Saint-Père,mont_saint_pere,mo,43.77,67.21,85.1
europe_lau,Morcourt,morcourt,mo,43.73,56.38,30.42
europe_lau,Morsain,morsain,mo,62.11,70.04,63.53
europe_lau,Mortefontaine,mortefontaine,mo,35.13,56.11,5.97
europe_lau,Mortiers,mortiers,mo,39.59,55.23,87.14
europe_lau,Moulins,moulins,mo,35.73,64.74,90.86
europe_lau,Moussy-Verneuil,moussy_verneuil,mo,52.08,64.48,68.07
europe_lau,Moÿ-de-l'Aisne,moy_de_l_aisne,mo,46.47,73.36,78.18
europe_lau,"Molar, El",molar_el,mo,44.18,53.5,32.33
europe_lau,Montblanc,montblanc,mo,46.16,60.68,48.34
europe_lau,Montbrió del Camp,montbrio_del_camp,mo,56.72,67.07,28.15
europe_lau,Montferri,montferri,mo,43.56,58.56,25.95
europe_lau,"Montmell, El",montmell_el,mo,32.79,66.39,20.2
europe_lau,Mont-ral,mont_ral,mo,49.09,61.18,33.48
europe_lau,Mont-roig del Camp,mont_roig_del_camp,mo,39.66,59.13,85.53
europe_lau,Móra d'Ebre,mora_d_ebre,mo,47.27,62.66,21.78
europe_lau,Móra la Nova,mora_la_nova,mo,46.23,55.86,67.15
europe_lau,"Morell, El",morell_el,mo,38.98,56.28,49.2
europe_lau,"Morera de Montsant, La",morera_de_montsant_la,mo,40.79,56.04,63.17
europe_lau,Mogán,mogan,mo,45.58,61.59,92.19
europe_lau,Moya,moya,mo,17.98,58.1,88.02
europe_lau,Moaña,moana,mo,48.08,64.56,45.49
europe_lau,Mondariz,mondariz,mo,38.05,55.64,55.35
europe_lau,Montizón,montizon,mo,57.3,87.74,44.03
europe_lau,Molins-sur-Aube,molins_sur_aube,mo,53.51,59.45,69.64
europe_lau,Montaulin,montaulin,mo,63.91,70.56,41.97
europe_lau,Montceaux-lès-Vaudes,montceaux_les_vaudes,mo,38.34,56.03,56.74
europe_lau,Montfey,montfey,mo,43.73,68.47,82.58
europe_lau,Montgueux,montgueux,mo,51.66,70.31,48.79
europe_lau,Montiéramey,montieramey,mo,35.5,62.93,24.95
europe_lau,Montier-en-l'Isle,montier_en_l_isle,mo,50.27,61.15,48.82
europe_lau,Montigny-les-Monts,montigny_les_monts,mo,22.29,53.61,67.86
europe_lau,Montmartin-le-Haut,montmartin_le_haut,mo,61.36,71.58,44.17
europe_lau,Montmorency-Beaufort,montmorency_beaufort,mo,37.78,58.42,71.82
europe_lau,Montpothier,montpothier,mo,50.96,76.59,41.45
europe_lau,Montreuil-sur-Barse,montreuil_sur_barse,mo,36.56,66.81,-25.21
europe_lau,Montsuzain,montsuzain,mo,23.26,59.91,-53.2
europe_lau,Morembert,morembert,mo,32.46,56.97,-6.31
europe_lau,Morvilliers,morvilliers,mo,43.7,72.07,-9.96
europe_lau,Moussey,moussey,mo,38.96,55.51,-12.89
europe_lau,Morlon,morlon,mo,48.65,73.14,98.54
europe_lau,"Molares, Los",molares_los,mo,36.11,56.46,-15.1
europe_lau,Montellano,montellano,mo,51.22,72.27,82.78
europe_lau,Morón de la Frontera,moron_de_la_frontera,mo,50.21,61,29.13
europe_lau,Mojados,mojados,mo,40.24,65.9,-3.9
europe_lau,Monasterio de Vega,monasterio_de_vega,mo,47.89,65.35,56.34
europe_lau,Montealegre de Campos,montealegre_de_campos,mo,31.58,59.7,94.3
europe_lau,Montemayor de Pililla,montemayor_de_pililla,mo,58.22,67.64,83.09
europe_lau,Moral de la Reina,moral_de_la_reina,mo,55.04,61.35,77.82
europe_lau,Moraleja de las Panaderas,moraleja_de_las_panaderas,mo,57.35,63.67,59.49
europe_lau,Morales de Campos,morales_de_campos,mo,62.75,69.8,51.22
europe_lau,Montagny (FR),montagny_fr,mo,55.61,62.74,70.89
europe_lau,Mota del Marqués,mota_del_marques,mo,34.34,51.88,91.85
europe_lau,Mörigen,morigen,mo,71.6,80.63,55.87
europe_lau,Mondariz-Balneario,mondariz_balneario,mo,49.4,58.29,39.13
europe_lau,Moraña,morana,mo,40.55,61.06,99.21
europe_lau,Mos,mos,mo,29.25,54.58,70.74
europe_lau,Molèdes,moledes,mo,55.53,60.85,55.04
europe_lau,Molompize,molompize,mo,29.66,44.65,52.99
europe_lau,Montboudif,montboudif,mo,32.31,58.98,-16.08
europe_lau,Montchamp,montchamp,mo,52.98,62.74,37.32
europe_lau,Montgreleix,montgreleix,mo,49.4,57.55,59.56
europe_lau,Montmurat,montmurat,mo,50.29,67.75,45.62
europe_lau,Montsalvy,montsalvy,mo,32.9,55.23,91.67
europe_lau,Montvert,montvert,mo,37.19,48.2,71.61
europe_lau,Moussages,moussages,mo,41.74,63.25,5.04
europe_lau,Monegrillo,monegrillo,mo,54.71,75.62,70.76
europe_lau,Moneva,moneva,mo,53.18,60.98,52.14
europe_lau,Monreal de Ariza,monreal_de_ariza,mo,45.57,62.62,80.06
europe_lau,Monterde,monterde,mo,37.36,56.91,47.83
europe_lau,Montón,monton,mo,31.07,46.53,34.97
europe_lau,Morata de Jalón,morata_de_jalon,mo,38.18,66.17,67.48
europe_lau,Morata de Jiloca,morata_de_jiloca,mo,51.96,79.32,58.58
europe_lau,Morés,mores,mo,49.91,64.59,12.26
europe_lau,Moros,moros,mo,37.02,69.46,-41.59
europe_lau,Moyuela,moyuela,mo,55.75,71.06,64.43
europe_lau,Mozota,mozota,mo,46.22,76.31,74.2
europe_lau,Moguer,moguer,mo,38.06,65.11,96.42
europe_lau,Moclinejo,moclinejo,mo,58.16,66.62,71.28
europe_lau,Mollina,mollina,mo,47.11,63.58,96.17
europe_lau,Monda,monda,mo,58.26,67.2,31.54
europe_lau,Montejaque,montejaque,mo,37.95,63.04,66.11
europe_lau,Montederramo,montederramo,mo,32.85,50.03,72.54
europe_lau,Monterrei,monterrei,mo,49.96,58.97,64.5
europe_lau,Montecorto,montecorto,mo,54.2,70.78,78.27
europe_lau,Molledo,molledo,mo,50.46,70.5,20.66
europe_lau,Molinaseca,molinaseca,mo,41.67,71.74,4.94
europe_lau,Moulins-en-Bessin,moulins_en_bessin,mo,27.4,54.23,-85.78
europe_lau,Monceaux-en-Bessin,monceaux_en_bessin,mo,51.03,61.81,64
europe_lau,Mondeville,mondeville,mo,40.87,63.41,70.52
europe_lau,Mondrainville,mondrainville,mo,26.1,59.7,78.23
europe_lau,Monfréville,monfreville,mo,49.78,56.48,35.5
europe_lau,Montfiquet,montfiquet,mo,25.87,53.92,38.85
europe_lau,Montigny,montigny,mo,50.67,79.73,90.1
europe_lau,Montreuil-en-Auge,montreuil_en_auge,mo,22.19,50.86,-4.55
europe_lau,Monts-en-Bessin,monts_en_bessin,mo,38.96,49.14,57.97
europe_lau,Morteaux-Coulibœuf,morteaux_couliboeuf,mo,43.94,60.56,41.8
europe_lau,Mosles,mosles,mo,56.59,71.96,45.65
europe_lau,Mouen,mouen,mo,59.6,68.48,71.96
europe_lau,Moulines,moulines,mo,48.77,72.22,-1.33
europe_lau,Moult-Chicheboville,moult_chicheboville,mo,22.61,52.14,-75.76
europe_lau,Moyaux,moyaux,mo,42.65,62.8,15.79
europe_lau,Molina de Segura,molina_de_segura,mo,24.13,51.51,85.26
europe_lau,Moratalla,moratalla,mo,25.87,58.54,16.94
europe_lau,Morcín,morcin,mo,57.5,66,40.51
europe_lau,Mouans-Sartoux,mouans_sartoux,mo,42.87,71.95,44.49
europe_lau,Mougins,mougins,mo,50.44,62.17,12.71
europe_lau,Moulinet,moulinet,mo,47.82,69.58,87.85
europe_lau,Μούσερε,mousere,mo,53.66,56.63,66.83
europe_lau,Moëslains,moeslains,mo,36.25,69.03,-9.41
europe_lau,Montcharvot,montcharvot,mo,33.81,53.32,10.47
europe_lau,Montheries,montheries,mo,56.74,67.32,41.42
europe_lau,Montot-sur-Rognon,montot_sur_rognon,mo,67.32,70.44,55.57
europe_lau,Montreuil-sur-Blaise,montreuil_sur_blaise,mo,50.76,79.46,4.72
europe_lau,Montreuil-sur-Thonnance,montreuil_sur_thonnance,mo,63.75,79.2,52.2
europe_lau,Morancourt,morancourt,mo,53.53,64.22,76.02
europe_lau,Morionvilliers,morionvilliers,mo,39.71,61.83,20.2
europe_lau,Mouilleron,mouilleron,mo,33.14,44.16,23.76
europe_lau,Moissac-Vallée-Française,moissac_vallee_francaise,mo,59.39,68.28,65.41
europe_lau,Molezon,molezon,mo,48.91,58.71,51.05
europe_lau,Montbel,montbel,mo,37.08,57.28,-0.34
europe_lau,Montrodat,montrodat,mo,50.75,65.03,49.9
europe_lau,Monts-de-Randon,monts_de_randon,mo,34.5,53.17,88.12
europe_lau,Montsenelle,montsenelle,mo,37.35,56.01,-13.55
europe_lau,Montargis,montargis,mo,50.83,63.11,60.07
europe_lau,Montbarrois,montbarrois,mo,58.34,80.06,26.95
europe_lau,Montbouy,montbouy,mo,40.14,63.29,68.53
europe_lau,Montcresson,montcresson,mo,55.2,67.29,78.27
europe_lau,Montereau,montereau,mo,51.89,68.5,42.85
europe_lau,Montigny,montigny,mo,32.43,51.51,31.76
europe_lau,Montliard,montliard,mo,65.56,71.81,49.05
europe_lau,Mormant-sur-Vernisson,mormant_sur_vernisson,mo,53.91,66.84,66.11
europe_lau,Morville-en-Beauce,morville_en_beauce,mo,37.73,68.3,-69.72
europe_lau,Moulon,moulon,mo,58.8,78.16,47.94
europe_lau,Mont-Bonvillers,mont_bonvillers,mo,38.48,52.62,78.6
europe_lau,Montabot,montabot,mo,58.81,65.86,63.71
europe_lau,Montaigu-la-Brisette,montaigu_la_brisette,mo,57.41,70.46,55.3
europe_lau,Montaigu-les-Bois,montaigu_les_bois,mo,51.11,69.5,42.87
europe_lau,Montbray,montbray,mo,43.29,67.26,38.81
europe_lau,Močovice,mocovice,mo,52.36,66.34,69.35
europe_lau,Μονάγρι,monagri,mo,44.6,80.22,96.97
europe_lau,Montcuit,montcuit,mo,44.95,63.84,52.35
europe_lau,Montebourg,montebourg,mo,45.17,60.19,79.22
europe_lau,Montfarville,montfarville,mo,57.71,72.5,27.26
europe_lau,Monthuchon,monthuchon,mo,33.23,61.97,66.14
europe_lau,Montjoie-Saint-Martin,montjoie_saint_martin,mo,47.18,54.95,68.82
europe_lau,Montmartin-sur-Mer,montmartin_sur_mer,mo,52.87,59.84,35.14
europe_lau,Montpinchon,montpinchon,mo,45.83,59.1,88.76
europe_lau,Montrabot,montrabot,mo,34.26,61.92,-10
europe_lau,Montreuil-sur-Lozon,montreuil_sur_lozon,mo,44.61,64,97.04
europe_lau,Moon-sur-Elle,moon_sur_elle,mo,38.35,54.26,74.42
europe_lau,Morigny,morigny,mo,40.65,72.37,45.89
europe_lau,Mortain-Bocage,mortain_bocage,mo,37.93,58.97,70.04
europe_lau,Morville,morville,mo,37.81,76.57,-83.77
europe_lau,Moulines,moulines,mo,41.64,63.98,-4.95
europe_lau,Moyon Villages,moyon_villages,mo,66.17,64,61.42
europe_lau,Montagny,montagny,mo,62,72.19,68.34
europe_lau,Montarcher,montarcher,mo,50.8,57.27,41.15
europe_lau,Montbrison,montbrison,mo,39.35,52.45,32.25
europe_lau,Montchal,montchal,mo,52.75,66.86,60.75
europe_lau,Montrond-les-Bains,montrond_les_bains,mo,49.39,69.41,57.79
europe_lau,Montverdun,montverdun,mo,41.57,51.18,7.42
europe_lau,Mornand-en-Forez,mornand_en_forez,mo,42.96,65.08,98.6
europe_lau,Moisdon-la-Rivière,moisdon_la_riviere,mo,62.41,69.51,70.04
europe_lau,Monnières,monnieres,mo,51.67,56.62,69.79
europe_lau,Μότηδες,motedes,mo,44.97,78.79,29.48
europe_lau,Μονιάτης,moniates,mo,38.45,60.92,93.49
europe_lau,Μουσουλίτα,mousoulita,mo,31.18,52.95,-6.71
europe_lau,Moirax,moirax,mo,46.7,52.47,76.57
europe_lau,Monbahus,monbahus,mo,50.32,67.33,36.75
europe_lau,Monbalen,monbalen,mo,68.4,82.16,53.98
europe_lau,Moncaut,moncaut,mo,52.06,69.51,70.26
europe_lau,Monclar,monclar,mo,64.91,69.61,55.25
europe_lau,Moncrabeau,moncrabeau,mo,45.53,51.46,32.67
europe_lau,Monflanquin,monflanquin,mo,40.79,56.07,81.76
europe_lau,Mongaillard,mongaillard,mo,55.36,71.2,63.25
europe_lau,Monheurt,monheurt,mo,36.71,55.52,78.08
europe_lau,Monségur,monsegur,mo,44.48,75.66,60.08
europe_lau,Monsempron-Libos,monsempron_libos,mo,46.02,66.02,91.08
europe_lau,Montagnac-sur-Auvignon,montagnac_sur_auvignon,mo,55.61,64.35,63.35
europe_lau,Montagnac-sur-Lède,montagnac_sur_lede,mo,36.46,56.46,96.41
europe_lau,Montastruc,montastruc,mo,63.26,62.82,45.82
europe_lau,Montauriol,montauriol,mo,63.53,68.49,73.05
europe_lau,Montaut,montaut,mo,44.21,53.82,41.92
europe_lau,Montayral,montayral,mo,66.96,67.24,55.05
europe_lau,Montesquieu,montesquieu,mo,40.56,61.72,63.07
europe_lau,Monteton,monteton,mo,42.05,67.98,82.09
europe_lau,Montignac-de-Lauzun,montignac_de_lauzun,mo,51.44,65.57,17.96
europe_lau,Montignac-Toupinerie,montignac_toupinerie,mo,46.63,68.88,3.6
europe_lau,Montpezat,montpezat,mo,35.07,54.67,44.07
europe_lau,Montpouillan,montpouillan,mo,33.36,58.76,70.89
europe_lau,Monviel,monviel,mo,40.91,47.45,47.38
europe_lau,Moulinet,moulinet,mo,47.24,54.55,81.08
europe_lau,Moustier,moustier,mo,63.57,69.96,34.46
europe_lau,Montigné-lès-Rairies,montigne_les_rairies,mo,59.76,68.01,61.66
europe_lau,Montilliers,montilliers,mo,57.35,61.73,43.38
europe_lau,Montreuil-Juigné,montreuil_juigne,mo,55.59,63.01,60.54
europe_lau,Montreuil-Bellay,montreuil_bellay,mo,64.55,69.83,44.81
europe_lau,Montreuil-sur-Loir,montreuil_sur_loir,mo,32.33,56.81,73.84
europe_lau,Montreuil-sur-Maine,montreuil_sur_maine,mo,40.93,59.35,69.45
europe_lau,Montrevault-sur-Èvre,montrevault_sur_evre,mo,35.77,50.55,-5.81
europe_lau,Montsoreau,montsoreau,mo,55.33,65.17,49.83
europe_lau,Morannes sur Sarthe-Daumeray,morannes_sur_sarthe_daumeray,mo,50.75,59.97,78.11
europe_lau,Mouliherne,mouliherne,mo,44.65,59.9,72.77
europe_lau,Mozé-sur-Louet,moze_sur_louet,mo,38,54.15,96.63
europe_lau,Montchevreuil,montchevreuil,mo,52.51,53.56,38.97
europe_lau,Μοσφιλωτή,mosphilote,mo,54.4,64.61,84.44
europe_lau,Morges,morges,mo,57.45,60.98,41.8
europe_lau,Μοσφίλι,mosphili,mo,47.93,61.4,64.64
europe_lau,Montbert,montbert,mo,69.49,79.18,60.97
europe_lau,Montoir-de-Bretagne,montoir_de_bretagne,mo,47.11,63.57,66.18
europe_lau,Montrelais,montrelais,mo,49.67,73.41,85.98
europe_lau,Mouais,mouais,mo,30.97,43.27,5.61
europe_lau,Mouzeil,mouzeil,mo,52.7,63.61,55.99
europe_lau,Mouzillon,mouzillon,mo,37.25,65.07,-17.23
europe_lau,Moisy,moisy,mo,60.92,73.07,28.88
europe_lau,Mondoubleau,mondoubleau,mo,25.04,52.58,94.07
europe_lau,Monteaux,monteaux,mo,45.09,65.23,21.1
europe_lau,Monthou-sur-Bièvre,monthou_sur_bievre,mo,31.73,46.7,55.58
europe_lau,Monthou-sur-Cher,monthou_sur_cher,mo,52.34,70.85,24.52
europe_lau,Montlivault,montlivault,mo,71.19,74.16,59.64
europe_lau,Montoire-sur-le-Loir,montoire_sur_le_loir,mo,43.63,50.98,62
europe_lau,Mont-près-Chambord,mont_pres_chambord,mo,44.75,63.97,0.51
europe_lau,Montrichard Val de Cher,montrichard_val_de_cher,mo,41.85,55.27,19.63
europe_lau,Montrieux-en-Sologne,montrieux_en_sologne,mo,56.47,65.92,27.66
europe_lau,Montrouveau,montrouveau,mo,59.72,69.22,41.65
europe_lau,Morée,moree,mo,52.48,69.17,65.18
europe_lau,Mœuvres,moeuvres,mo,58.36,72.17,35.13
europe_lau,Monceau-Saint-Waast,monceau_saint_waast,mo,44.83,56.33,88.27
europe_lau,Monchaux-sur-Écaillon,monchaux_sur_ecaillon,mo,49.47,68.22,5.56
europe_lau,Moncheaux,moncheaux,mo,37.11,58.16,23.77
europe_lau,Monchecourt,monchecourt,mo,55.89,77.36,73.35
europe_lau,Mons-en-Barœul,mons_en_baroeul,mo,69.4,75.39,56.6
europe_lau,Mons-en-Pévèle,mons_en_pevele,mo,60.4,77.06,38.17
europe_lau,Μουτουλλάς,moutoullas,mo,23.5,56.59,-29.64
europe_lau,Mogneville,mogneville,mo,70.11,76.48,54.33
europe_lau,Moliens,moliens,mo,56.51,64.36,70.73
europe_lau,Monceaux,monceaux,mo,38.44,56.3,14.75
europe_lau,Moncy,moncy,mo,47.17,65.04,-6.48
europe_lau,Montabard,montabard,mo,51.81,67.65,38.36
europe_lau,Montchevrel,montchevrel,mo,43.8,56.39,74.26
europe_lau,Montgaudry,montgaudry,mo,40.74,46.67,69.74
europe_lau,Montilly-sur-Noireau,montilly_sur_noireau,mo,40.72,65,68.52
europe_lau,Montmerrei,montmerrei,mo,46.27,74.15,71.09
europe_lau,Mont-Ormel,mont_ormel,mo,54.17,78.75,89.28
europe_lau,Montreuil-au-Houlme,montreuil_au_houlme,mo,52.85,80.34,42.71
europe_lau,Montreuil-la-Cambe,montreuil_la_cambe,mo,33.37,49.05,-26.17
europe_lau,Montsecret-Clairefougère,montsecret_clairefougere,mo,53.01,56.95,41.66
europe_lau,Mortagne-au-Perche,mortagne_au_perche,mo,53.29,62.77,69.48
europe_lau,Mortrée,mortree,mo,25.27,50.55,97.54
europe_lau,Moulins-la-Marche,moulins_la_marche,mo,52.89,65.73,68.62
europe_lau,Moulins-sur-Orne,moulins_sur_orne,mo,39.3,46.57,39.86
europe_lau,Moutiers-au-Perche,moutiers_au_perche,mo,42.53,63.93,66.59
europe_lau,Mœurs-Verdey,moeurs_verdey,mo,47.69,51.12,57.87
europe_lau,Moiremont,moiremont,mo,67.42,70.37,64.55
europe_lau,Moivre,moivre,mo,62.54,73.38,54.07
europe_lau,Moncetz-Longevas,moncetz_longevas,mo,19.14,72.58,21.46
europe_lau,Moncetz-l'Abbaye,moncetz_l_abbaye,mo,55.98,70.17,57.25
europe_lau,Mondement-Montgivroux,mondement_montgivroux,mo,65.23,79.42,46.78
europe_lau,Montbré,montbre,mo,78.57,76.19,66.13
europe_lau,Montgenost,montgenost,mo,30.71,62.75,97.49
europe_lau,Montépreux,montepreux,mo,60.63,78.2,57.2
europe_lau,Monthelon,monthelon,mo,26.01,60.4,68.14
europe_lau,Montigny-sur-Vesle,montigny_sur_vesle,mo,59.86,69.39,43.64
europe_lau,Montmirail,montmirail,mo,54.15,64.83,70.39
europe_lau,Montmort-Lucy,montmort_lucy,mo,48.55,56.46,26.2
europe_lau,Mont-sur-Courville,mont_sur_courville,mo,66.51,75.25,64.92
europe_lau,Morangis,morangis,mo,30.89,60.06,11.83
europe_lau,Morsains,morsains,mo,28.6,42.35,37.68
europe_lau,Moslins,moslins,mo,41.42,51.96,16.34
europe_lau,Mourmelon-le-Grand,mourmelon_le_grand,mo,36.02,61.67,-1.51
europe_lau,Mourmelon-le-Petit,mourmelon_le_petit,mo,39.87,64.23,5.33
europe_lau,Moussy,moussy,mo,35.63,54.84,32.51
europe_lau,Mont Lozère et Goulet,mont_lozere_et_goulet,mo,38.03,51.97,58.02
europe_lau,Montaudin,montaudin,mo,33.04,54.32,19.29
europe_lau,Montenay,montenay,mo,35.91,44.76,15.77
europe_lau,Montflours,montflours,mo,56.33,67.73,46.05
europe_lau,Montigné-le-Brillant,montigne_le_brillant,mo,54.8,68.42,79.42
europe_lau,Montjean,montjean,mo,48.12,58.86,74.91
europe_lau,Montreuil-Poulay,montreuil_poulay,mo,50.42,56.42,57.76
europe_lau,Montsûrs,montsurs,mo,29.76,49.83,95.35
europe_lau,Moulay,moulay,mo,52.23,63.48,21.92
europe_lau,Moissat,moissat,mo,58.5,70.16,38.85
europe_lau,Mons,mons,mo,37.91,51.57,7.32
europe_lau,Montaigut,montaigut,mo,59.84,66.26,80.27
europe_lau,Montaigut-le-Blanc,montaigut_le_blanc,mo,54.52,61.42,63.71
europe_lau,Montcel,montcel,mo,43.95,64.23,-10
europe_lau,Mont-Dore,mont_dore,mo,43.27,58.73,94.26
europe_lau,Montel-de-Gelat,montel_de_gelat,mo,47.6,73.18,39.11
europe_lau,Montfermy,montfermy,mo,36.48,51.7,21.16
europe_lau,Montmorin,montmorin,mo,50.07,71.19,86.98
europe_lau,Montpensier,montpensier,mo,63.47,69.37,64.45
europe_lau,Montpeyroux,montpeyroux,mo,44.74,72.04,4.06
europe_lau,Moriat,moriat,mo,61.1,75.31,40.06
europe_lau,Moureuille,moureuille,mo,59.57,70.79,65.1
europe_lau,Mozac,mozac,mo,71.71,82.13,68.08
europe_lau,Monceaux-l'Abbaye,monceaux_l_abbaye,mo,52.5,62.94,66.99
europe_lau,Monchy-Humières,monchy_humieres,mo,52.46,67.45,-1.92
europe_lau,Monchy-Saint-Éloi,monchy_saint_eloi,mo,51.7,66.15,61.13
europe_lau,Mondescourt,mondescourt,mo,45.67,66.85,93.61
europe_lau,Monneville,monneville,mo,45.07,59.4,89.7
europe_lau,Montagny-en-Vexin,montagny_en_vexin,mo,49.97,68.02,61.94
europe_lau,Montagny-Sainte-Félicité,montagny_sainte_felicite,mo,52.76,64.98,72.87
europe_lau,Montataire,montataire,mo,58.96,69.92,49.04
europe_lau,Montépilloy,montepilloy,mo,63.69,68.57,49
europe_lau,Montgérain,montgerain,mo,52.57,76.6,10.06
europe_lau,Montiers,montiers,mo,47.27,56.36,47.96
europe_lau,Montjavoult,montjavoult,mo,46.93,52.49,82.83
europe_lau,Mont-l'Évêque,mont_l_eveque,mo,40.83,67.85,65.91
europe_lau,Montlognon,montlognon,mo,32.93,53.69,68.61
europe_lau,Montmacq,montmacq,mo,55.77,67.65,57.07
europe_lau,Montmartin,montmartin,mo,47.47,62.67,34.21
europe_lau,Montreuil-sur-Brêche,montreuil_sur_breche,mo,54.26,68.43,40.81
europe_lau,Montreuil-sur-Thérain,montreuil_sur_therain,mo,52.34,77.84,37.63
europe_lau,Monts,monts,mo,48.23,81.15,-37.62
europe_lau,Morangles,morangles,mo,57.82,70.19,27.43
europe_lau,Morienval,morienval,mo,52.09,55.83,49.19
europe_lau,Morlincourt,morlincourt,mo,54.76,64.15,59.18
europe_lau,Mortefontaine,mortefontaine,mo,40.83,63.55,96.65
europe_lau,Mortefontaine-en-Thelle,mortefontaine_en_thelle,mo,39.33,66.19,99.57
europe_lau,Mortemer,mortemer,mo,57.27,69.13,15.67
europe_lau,Morvillers,morvillers,mo,56.63,64.49,32.92
europe_lau,Mory-Montcrux,mory_montcrux,mo,28.4,66.68,60.98
europe_lau,Mouchy-le-Châtel,mouchy_le_chatel,mo,34.07,62.17,33.91
europe_lau,Moulin-sous-Touvent,moulin_sous_touvent,mo,37.3,62.11,81.51
europe_lau,Mouy,mouy,mo,56.67,68.99,26.84
europe_lau,Moyenneville,moyenneville,mo,61.07,65.75,41.79
europe_lau,Moineville,moineville,mo,49.89,68.12,46.37
europe_lau,Moivrons,moivrons,mo,56.64,74.85,51.31
europe_lau,Moncel-lès-Lunéville,moncel_les_luneville,mo,49.39,61.62,3.76
europe_lau,Moncel-sur-Seille,moncel_sur_seille,mo,61.33,68.88,46.84
europe_lau,Montauville,montauville,mo,38.49,50.78,78.61
europe_lau,Montenoy,montenoy,mo,35.27,55.68,95.63
europe_lau,Montigny,montigny,mo,38.93,60.04,99.58
europe_lau,Montigny-sur-Chiers,montigny_sur_chiers,mo,36.45,57.27,94.37
europe_lau,Mont-l'Étroit,mont_l_etroit,mo,44.55,65.34,60.51
europe_lau,Mont-le-Vignoble,mont_le_vignoble,mo,34.54,57.88,70.31
europe_lau,Montreux,montreux,mo,35.85,72.73,-53.11
europe_lau,Mont-Saint-Martin,mont_saint_martin,mo,49.62,60.05,29.87
europe_lau,Mont-sur-Meurthe,mont_sur_meurthe,mo,38.8,61.14,99.52
europe_lau,Morfontaine,morfontaine,mo,47.23,58.13,18.97
europe_lau,Moriviller,moriviller,mo,53.66,60.86,62.68
europe_lau,Morville-sur-Seille,morville_sur_seille,mo,58.99,67.24,59.6
europe_lau,Mouacourt,mouacourt,mo,38.06,67.74,96.12
europe_lau,Mouaville,mouaville,mo,62.47,65.91,60.4
europe_lau,Mousson,mousson,mo,51.45,69.54,47.67
europe_lau,Moutiers,moutiers,mo,33.2,57.65,-30.34
europe_lau,Moutrot,moutrot,mo,56.89,72.8,15.31
europe_lau,Moyen,moyen,mo,41.27,49.7,25.92
europe_lau,Μοναργά,monarga,mo,33.24,64.33,99.3
europe_lau,Moinville-la-Jeulin,moinville_la_jeulin,mo,46.46,75.18,65.78
europe_lau,Moléans,moleans,mo,26.63,48.77,97.96
europe_lau,Mondonville-Saint-Jean,mondonville_saint_jean,mo,71.1,84.48,63.79
europe_lau,Montboissier,montboissier,mo,32.74,62.29,63.3
europe_lau,Montharville,montharville,mo,47.76,61.03,9.48
europe_lau,Montigny-le-Chartif,montigny_le_chartif,mo,37.02,63.91,0.06
europe_lau,Montigny-sur-Avre,montigny_sur_avre,mo,49.92,64.62,15.2
europe_lau,Montireau,montireau,mo,55.21,70.19,72.32
europe_lau,Montlandon,montlandon,mo,42.49,51.81,75.76
europe_lau,Montreuil,montreuil,mo,30.58,48.31,83.23
europe_lau,Morainville,morainville,mo,49.26,60.65,31.57
europe_lau,Morancez,morancez,mo,35.7,60.03,69.29
europe_lau,Moriers,moriers,mo,54.76,66.81,74.76
europe_lau,Morvilliers,morvilliers,mo,60.54,67.9,55.77
europe_lau,Mottereau,mottereau,mo,45.28,54.67,23.99
europe_lau,Moulhard,moulhard,mo,17.56,58.41,-209.47
europe_lau,Moutiers,moutiers,mo,51.22,71.36,43.67
europe_lau,Moudon,moudon,mo,40.54,49.53,17.39
europe_lau,Μόρφου,morphou,mo,52.02,59.85,60.45
europe_lau,Moyvillers,moyvillers,mo,50.88,71.06,57.01
europe_lau,Monistrol-d'Allier,monistrol_d_allier,mo,30.56,57.99,65.03
europe_lau,Monistrol-sur-Loire,monistrol_sur_loire,mo,55.83,61.37,71.53
europe_lau,Monlet,monlet,mo,51.7,64.01,38.85
europe_lau,Montclard,montclard,mo,27.44,57.48,-107.46
europe_lau,Montfaucon-en-Velay,montfaucon_en_velay,mo,49.04,66.93,1.09
europe_lau,Montregard,montregard,mo,51.32,66.62,-0.87
europe_lau,Montusclat,montusclat,mo,28.56,62.13,-55.86
europe_lau,Moudeyres,moudeyres,mo,37.28,59.33,90.1
europe_lau,Molières,molieres,mo,61.93,68.42,41.53
europe_lau,Montamel,montamel,mo,53.63,56.86,43.39
europe_lau,Montbrun,montbrun,mo,39.89,60.68,91.95
europe_lau,Montcabrier,montcabrier,mo,58.37,69.91,36.32
europe_lau,Montcléra,montclera,mo,48.67,63.53,25.25
europe_lau,Montcuq-en-Quercy-Blanc,montcuq_en_quercy_blanc,mo,41.24,62.16,19.3
europe_lau,Montdoumerc,montdoumerc,mo,55.68,67.67,43.48
europe_lau,Montet-et-Bouxal,montet_et_bouxal,mo,39.87,54.46,11.08
europe_lau,Montfaucon,montfaucon,mo,32.17,51.99,-15.65
europe_lau,Montgesty,montgesty,mo,69.04,76.88,54.8
europe_lau,Montlauzun,montlauzun,mo,58.15,73.33,82.7
europe_lau,Montredon,montredon,mo,40.46,53.02,76.97
europe_lau,Montvalent,montvalent,mo,57.59,74.67,72.45
europe_lau,Μοναγρούλλι,monagroulli,mo,25.34,53.75,87.45
europe_lau,Μονή,mone,mo,31.01,66.85,87.64
europe_lau,Monségur,monsegur,mo,54.67,63.59,32.08
europe_lau,Montagne,montagne,mo,31.92,56.94,34.26
europe_lau,Montagoudin,montagoudin,mo,52.96,77.73,11.21
europe_lau,Montignac,montignac,mo,43.57,63.36,25.04
europe_lau,Montussan,montussan,mo,40.73,65.81,71.13
europe_lau,Morizès,morizes,mo,46.59,68.12,5.61
europe_lau,Mouillac,mouillac,mo,68.87,69.86,64.35
europe_lau,Mouliets-et-Villemartin,mouliets_et_villemartin,mo,64.2,79.12,51.47
europe_lau,Moulis-en-Médoc,moulis_en_medoc,mo,17.03,50.34,26.1
europe_lau,Moulon,moulon,mo,30.78,44.56,98.92
europe_lau,Mourens,mourens,mo,49.02,63.4,34.44
europe_lau,Moutier-Malcard,moutier_malcard,mo,55.44,71.09,80.7
europe_lau,Moutier-Rozeille,moutier_rozeille,mo,47.72,62.61,76.14
europe_lau,Moulins-sur-Tardoire,moulins_sur_tardoire,mo,40.28,64.05,77.06
europe_lau,Monthey,monthey,mo,32.14,44.45,81.22
europe_lau,Montmirey-la-Ville,montmirey_la_ville,mo,53.29,72.6,89.51
europe_lau,Montmirey-le-Château,montmirey_le_chateau,mo,46.72,53.21,70.32
europe_lau,Montmorot,montmorot,mo,54.59,61.5,52.32
europe_lau,Μόρα,mora,mo,52.54,69.4,29.34
europe_lau,Montrevel,montrevel,mo,41.75,76.95,89.11
europe_lau,Montrond,montrond,mo,47.45,60.89,94.3
europe_lau,Mont-sous-Vaudrey,mont_sous_vaudrey,mo,28.94,59.9,94.17
europe_lau,Mont-sur-Monnet,mont_sur_monnet,mo,50,55.21,67.55
europe_lau,Morbier,morbier,mo,33.46,56.79,59.48
europe_lau,Mouchard,mouchard,mo,50,56.18,58.2
europe_lau,Mournans-Charbonny,mournans_charbonny,mo,23.08,40.66,29.61
europe_lau,Moutonne,moutonne,mo,39.33,54.9,98.89
europe_lau,Moutoux,moutoux,mo,34.28,72.57,-14.81
europe_lau,Moëlan-sur-Mer,moelan_sur_mer,mo,48.7,58.88,32.05
europe_lau,Morlaix,morlaix,mo,55.08,67.21,79.49
europe_lau,Motreff,motreff,mo,39.2,60.41,74.75
europe_lau,Molas,molas,mo,41.91,77.11,38.25
europe_lau,Moncaup,moncaup,mo,41.92,61.09,84.35
europe_lau,Mondavezan,mondavezan,mo,66.85,69.85,56.42
europe_lau,Mondilhan,mondilhan,mo,53.99,68.88,11.87
europe_lau,Mondonville,mondonville,mo,30.75,55.67,37.27
europe_lau,Mondouzil,mondouzil,mo,57.8,67.55,43.38
europe_lau,Monès,mones,mo,38.83,54.76,72.86
europe_lau,Monestrol,monestrol,mo,35.71,51.65,8.4
europe_lau,Mons,mons,mo,43.58,69.79,7.42
europe_lau,Montaigut-sur-Save,montaigut_sur_save,mo,26.32,50.7,86.33
europe_lau,Montastruc-de-Salies,montastruc_de_salies,mo,35.55,48.11,95.94
europe_lau,Montastruc-la-Conseillère,montastruc_la_conseillere,mo,46.69,57.14,18.82
europe_lau,Montastruc-Savès,montastruc_saves,mo,35.99,71.5,41.8
europe_lau,Montauban-de-Luchon,montauban_de_luchon,mo,38.65,73.73,-25.68
europe_lau,Montaut,montaut,mo,55.17,59.41,35.23
europe_lau,Montberaud,montberaud,mo,44.12,61.07,83.73
europe_lau,Montbernard,montbernard,mo,54.17,80.89,28.37
europe_lau,Montberon,montberon,mo,55.99,69.24,43.22
europe_lau,Montbrun-Bocage,montbrun_bocage,mo,59.38,66.03,51.12
europe_lau,Montbrun-Lauragais,montbrun_lauragais,mo,53.23,67.84,38.47
europe_lau,Montclar-de-Comminges,montclar_de_comminges,mo,39.9,59.76,-30.28
europe_lau,Montclar-Lauragais,montclar_lauragais,mo,48.57,69.54,50.79
europe_lau,Mont-de-Galié,mont_de_galie,mo,52.63,77.33,87.44
europe_lau,Montégut-Bourjac,montegut_bourjac,mo,60.54,73.4,47.91
europe_lau,Montégut-Lauragais,montegut_lauragais,mo,41.81,64.13,-34.55
europe_lau,Montespan,montespan,mo,52.05,68.05,35.21
europe_lau,Montesquieu-Guittaut,montesquieu_guittaut,mo,49.4,59.47,72.86
europe_lau,Montesquieu-Lauragais,montesquieu_lauragais,mo,51.84,70.65,91.6
europe_lau,Montesquieu-Volvestre,montesquieu_volvestre,mo,38.58,53.99,86.6
europe_lau,Montgaillard-de-Salies,montgaillard_de_salies,mo,71.79,78.91,34.93
europe_lau,Montgaillard-Lauragais,montgaillard_lauragais,mo,45.76,67.68,17.85
europe_lau,Montgaillard-sur-Save,montgaillard_sur_save,mo,36.14,56.41,-0.41
europe_lau,Montgazin,montgazin,mo,56.12,66.59,83.25
europe_lau,Montgeard,montgeard,mo,41.17,64.2,23.49
europe_lau,Montgiscard,montgiscard,mo,43.75,54.74,59.28
europe_lau,Montgras,montgras,mo,14.87,57.47,-63.09
europe_lau,Montjoire,montjoire,mo,57.49,72.68,80.23
europe_lau,Montlaur,montlaur,mo,55.32,71.77,0.13
europe_lau,Montmaurin,montmaurin,mo,47.02,57.74,30.04
europe_lau,Montoulieu-Saint-Bernard,montoulieu_saint_bernard,mo,56.49,67.73,72.58
europe_lau,Montoussin,montoussin,mo,44.12,61.83,71.34
europe_lau,Monceaux-sur-Dordogne,monceaux_sur_dordogne,mo,61.56,72.73,59.8
europe_lau,Monestier-Merlines,monestier_merlines,mo,47.62,64.46,41.63
europe_lau,Monestier-Port-Dieu,monestier_port_dieu,mo,39.37,64.34,96.47
europe_lau,Montaignac-Saint-Hippolyte,montaignac_saint_hippolyte,mo,43.89,62.86,-6.32
europe_lau,Montgibaud,montgibaud,mo,63.48,69.74,48.07
europe_lau,Moustier-Ventadour,moustier_ventadour,mo,44.76,58.81,63.52
europe_lau,Montpitol,montpitol,mo,39.25,55.87,50.18
europe_lau,Montrabé,montrabe,mo,32.17,50.63,-28.8
europe_lau,Montréjeau,montrejeau,mo,53.96,67.76,14.65
europe_lau,Montsaunès,montsaunes,mo,49.15,70.96,71.02
europe_lau,Mourvilles-Basses,mourvilles_basses,mo,30.28,63.22,36.52
europe_lau,Mourvilles-Hautes,mourvilles_hautes,mo,42.91,54.66,10.81
europe_lau,Moustajon,moustajon,mo,44.76,73.26,12.6
europe_lau,Moncontour,moncontour,mo,54.17,75.45,88.04
europe_lau,Moustéru,mousteru,mo,65.34,72.93,43.66
europe_lau,Montagnac,montagnac,mo,53.92,66.4,44.99
europe_lau,Mönthal,monthal,mo,43.54,65.07,-15.59
europe_lau,Montpreveyres,montpreveyres,mo,44.37,53.72,28.96
europe_lau,Monbardon,monbardon,mo,42.82,58.02,17.98
europe_lau,Monblanc,monblanc,mo,43.76,64.7,51.67
europe_lau,Monbrun,monbrun,mo,37.37,57.51,-4.89
europe_lau,Moncassin,moncassin,mo,33.42,49.56,34.27
europe_lau,Monclar,monclar,mo,20.48,62.57,70.85
europe_lau,Monclar-sur-Losse,monclar_sur_losse,mo,62.53,66.77,62.85
europe_lau,Moncorneil-Grazan,moncorneil_grazan,mo,46.81,67.9,-14.36
europe_lau,Monferran-Plavès,monferran_plaves,mo,54.94,57.28,71.18
europe_lau,Monferran-Savès,monferran_saves,mo,62.28,69.98,52.69
europe_lau,Monfort,monfort,mo,40.85,53.62,18.34
europe_lau,Mongausy,mongausy,mo,29.93,56.53,5.02
europe_lau,Monguilhem,monguilhem,mo,57.06,75.79,61.43
europe_lau,Monlaur-Bernet,monlaur_bernet,mo,36.51,61.99,31.88
europe_lau,Montreux,montreux,mo,55.13,67.87,35.03
europe_lau,Montchevrier,montchevrier,mo,51.64,69.44,34.8
europe_lau,Montgivray,montgivray,mo,37.93,60.78,-6.6
europe_lau,Montierchaume,montierchaume,mo,49.47,72.83,66.69
europe_lau,Montipouret,montipouret,mo,33.8,62.05,97.75
europe_lau,Montlevicq,montlevicq,mo,71.17,72.42,66.26
europe_lau,Mosnay,mosnay,mo,50.99,62.46,74.18
europe_lau,Mouhers,mouhers,mo,60.66,73.56,76.2
europe_lau,Mouhet,mouhet,mo,48.56,71.24,60.08
europe_lau,Moulins-sur-Céphons,moulins_sur_cephons,mo,56.87,60.35,52.6
europe_lau,Monlezun,monlezun,mo,55.51,61.13,30.13
europe_lau,Monlezun-d'Armagnac,monlezun_d_armagnac,mo,45.06,53.96,76.95
europe_lau,Monpardiac,monpardiac,mo,65.74,74.04,34.05
europe_lau,Montadet,montadet,mo,28.52,71.69,17.19
europe_lau,Montamat,montamat,mo,45.84,64.19,45.35
europe_lau,Montaut,montaut,mo,62.26,68.02,40.02
europe_lau,Montaut-les-Créneaux,montaut_les_creneaux,mo,49.64,53,53.48
europe_lau,Mont-d'Astarac,mont_d_astarac,mo,32.24,46.42,45.68
europe_lau,Mont-de-Marrast,mont_de_marrast,mo,31.31,60.95,-4.4
europe_lau,Montégut,montegut,mo,37.62,66.78,-0.77
europe_lau,Montégut-Arros,montegut_arros,mo,32.59,57.38,-52.1
europe_lau,Montégut-Savès,montegut_saves,mo,43.18,53.88,17.85
europe_lau,Montesquiou,montesquiou,mo,55.5,62.95,54.69
europe_lau,Montestruc-sur-Gers,montestruc_sur_gers,mo,47.91,62.9,40.42
europe_lau,Monties,monties,mo,41.8,57.89,14.05
europe_lau,Montiron,montiron,mo,63.78,82.53,61.64
europe_lau,Montpézat,montpezat,mo,64.87,66.72,67.39
europe_lau,Montréal,montreal,mo,45.16,50.23,57.58
europe_lau,Mormès,mormes,mo,68.45,79.48,68.91
europe_lau,Mouchan,mouchan,mo,52.3,60.62,85.18
europe_lau,Mouchès,mouches,mo,53.26,71.34,54.1
europe_lau,Mourède,mourede,mo,49.15,67.22,24.25
europe_lau,Moiry,moiry,mo,55.49,73.2,62.19
europe_lau,Mont-la-Ville,mont_la_ville,mo,49.45,70.49,-3.79
europe_lau,Mörel-Filet,morel_filet,mo,33.48,41.75,59.84
europe_lau,Movelier,movelier,mo,43.08,73.35,-41.75
europe_lau,Montricher,montricher,mo,44.86,65.69,-9.17
europe_lau,Mondevert,mondevert,mo,64.6,68.62,60.77
europe_lau,Montauban-de-Bretagne,montauban_de_bretagne,mo,47.88,61.54,-1.97
europe_lau,Montautour,montautour,mo,26.12,66.51,-49.08
europe_lau,Mont-Dol,mont_dol,mo,57.32,66.47,51.93
europe_lau,Monterfil,monterfil,mo,30.75,51.59,-11.9
europe_lau,Montfort-sur-Meu,montfort_sur_meu,mo,56.85,64.29,70.17
europe_lau,Montgermont,montgermont,mo,44.91,66.28,49.87
europe_lau,Monthault,monthault,mo,47.96,58.3,79.4
europe_lau,Montreuil-des-Landes,montreuil_des_landes,mo,62.63,66.92,57.91
europe_lau,Montreuil-le-Gast,montreuil_le_gast,mo,48.85,62.71,44.17
europe_lau,Montreuil-sous-Pérouse,montreuil_sous_perouse,mo,51.81,64.43,43.73
europe_lau,Montreuil-sur-Ille,montreuil_sur_ille,mo,62.74,66.2,60.55
europe_lau,Mordelles,mordelles,mo,42.39,54.98,56.47
europe_lau,Mouazé,mouaze,mo,51.87,74.48,97.78
europe_lau,Moulins,moulins,mo,51.36,61.69,75.54
europe_lau,Moussé,mousse,mo,38.01,68.07,30.9
europe_lau,Moutiers,moutiers,mo,34.82,55.91,18.59
europe_lau,Moliets-et-Maa,moliets_et_maa,mo,45.76,57.24,72.53
europe_lau,Momuy,momuy,mo,38.51,57.8,2.56
europe_lau,Monget,monget,mo,27.81,49.35,28.63
europe_lau,Monségur,monsegur,mo,44.26,54.01,81.31
europe_lau,Montaut,montaut,mo,60.77,69.21,60.69
europe_lau,Mont-de-Marsan,mont_de_marsan,mo,52.41,58.6,51.48
europe_lau,Montégut,montegut,mo,47.02,59.04,63.41
europe_lau,Montfort-en-Chalosse,montfort_en_chalosse,mo,55.29,57.28,51
europe_lau,Montgaillard,montgaillard,mo,37.86,63.63,4.63
europe_lau,Montsoué,montsoue,mo,52.85,58.05,52.31
europe_lau,Morcenx-la-Nouvelle,morcenx_la_nouvelle,mo,59.79,70.75,28.04
europe_lau,Morganx,morganx,mo,53.39,77,58.81
europe_lau,Mouscardès,mouscardes,mo,38.75,55.19,93.21
europe_lau,Moustey,moustey,mo,31,47.99,63.02
europe_lau,Moidieu-Détourbe,moidieu_detourbe,mo,49.16,58.8,54.88
europe_lau,Moirans,moirans,mo,63,64,58.07
europe_lau,Moissieu-sur-Dolon,moissieu_sur_dolon,mo,48.66,75.77,92.63
europe_lau,Monestier-d'Ambel,monestier_d_ambel,mo,36.55,49.12,39.77
europe_lau,Monestier-de-Clermont,monestier_de_clermont,mo,24.14,66.33,79.73
europe_lau,Monsteroux-Milieu,monsteroux_milieu,mo,35.4,58.18,72.29
europe_lau,Montagne,montagne,mo,38.57,49.69,90.72
europe_lau,Montagnieu,montagnieu,mo,31.76,65.39,-94.46
europe_lau,Montalieu-Vercieu,montalieu_vercieu,mo,28.25,48.05,60.1
europe_lau,Montaud,montaud,mo,35.92,58.79,65.48
europe_lau,Montbonnot-Saint-Martin,montbonnot_saint_martin,mo,51.95,78.77,71.75
europe_lau,Montcarra,montcarra,mo,24.14,68.6,-192.27
europe_lau,Montchaboud,montchaboud,mo,24.77,52.51,12.59
europe_lau,Monteynard,monteynard,mo,44.42,73.13,88.32
europe_lau,Montfalcon,montfalcon,mo,54.95,73.17,65.43
europe_lau,Montferrat,montferrat,mo,33.9,71.27,46.92
europe_lau,Montrevel,montrevel,mo,57.31,79.37,70.26
europe_lau,Mont-Saint-Martin,mont_saint_martin,mo,30.8,65.12,95.46
europe_lau,Montseveroux,montseveroux,mo,42.44,50.5,71.16
europe_lau,Moras,moras,mo,45.37,65.72,55.84
europe_lau,Morestel,morestel,mo,51.26,60.69,33.81
europe_lau,Mollans-sur-Ouvèze,mollans_sur_ouveze,mo,46.56,59.59,25.06
europe_lau,Montauban-sur-l'Ouvèze,montauban_sur_l_ouveze,mo,55.32,64.89,35.69
europe_lau,Montaulieu,montaulieu,mo,38.25,57.51,97.24
europe_lau,Montboucher-sur-Jabron,montboucher_sur_jabron,mo,55.47,69.02,31.97
europe_lau,Montbrison-sur-Lez,montbrison_sur_lez,mo,47.97,79.14,48.49
europe_lau,Montbrun-les-Bains,montbrun_les_bains,mo,37.03,58.63,71.26
europe_lau,Montchenu,montchenu,mo,60.55,71.18,66.38
europe_lau,Montclar-sur-Gervanne,montclar_sur_gervanne,mo,51.7,70.66,51.7
europe_lau,Montéléger,monteleger,mo,24.03,44.41,99.64
europe_lau,Montélier,montelier,mo,43.22,64.27,18.48
europe_lau,Montélimar,montelimar,mo,71.51,72.95,45.39
europe_lau,Montferrand-la-Fare,montferrand_la_fare,mo,42.21,68.72,97.6
europe_lau,Montfroc,montfroc,mo,33.66,48.69,56.09
europe_lau,Montguers,montguers,mo,63.3,68.93,56.26
europe_lau,Montjoux,montjoux,mo,58.04,66.28,61.8
europe_lau,Montjoyer,montjoyer,mo,43.2,68.35,19.92
europe_lau,Montlaur-en-Diois,montlaur_en_diois,mo,60.5,74.05,61.02
europe_lau,Morette,morette,mo,56.01,75.72,67.02
europe_lau,Mottier,mottier,mo,47.06,68.98,-10.41
europe_lau,Mons,mons,mo,57.42,65.48,55.73
europe_lau,Montboyer,montboyer,mo,66.52,75.22,69.82
europe_lau,Montbron,montbron,mo,35.86,57.83,95.9
europe_lau,Montmérac,montmerac,mo,51.11,60.91,71.15
europe_lau,Montembœuf,montemboeuf,mo,64.23,73.63,45.16
europe_lau,Montignac-Charente,montignac_charente,mo,40.98,47.28,35.63
europe_lau,Montignac-le-Coq,montignac_le_coq,mo,53.86,77.73,84.97
europe_lau,Montjean,montjean,mo,38.37,58.45,99.95
europe_lau,Montmoreau,montmoreau,mo,36.74,51.01,93.64
europe_lau,Montrollet,montrollet,mo,65.52,70.95,61.9
europe_lau,Mornac,mornac,mo,48.73,51.4,77.95
europe_lau,Mosnac-Saint-Simeux,mosnac_saint_simeux,mo,54.25,62.86,75.32
europe_lau,Moulidars,moulidars,mo,56.99,63.46,33.94
europe_lau,Mouthiers-sur-Boëme,mouthiers_sur_boeme,mo,71.03,69.66,49.72
europe_lau,Mouton,mouton,mo,53.08,74.98,11.2
europe_lau,Moutonneau,moutonneau,mo,23.9,62.74,-0.11
europe_lau,Mouzon,mouzon,mo,50.22,62.69,88.96
europe_lau,Moca-Croce,moca_croce,mo,29.11,41,90.67
europe_lau,Monacia-d'Aullène,monacia_d_aullene,mo,24.3,58.75,52.97
europe_lau,Montmaur-en-Diois,montmaur_en_diois,mo,50.25,70.99,-4.42
europe_lau,Montmeyran,montmeyran,mo,56.06,59.85,24.34
europe_lau,Montmiral,montmiral,mo,44.85,64.84,97.03
europe_lau,Montoison,montoison,mo,64.21,66.18,41.22
europe_lau,Montréal-les-Sources,montreal_les_sources,mo,48.05,61.73,84.41
europe_lau,Montségur-sur-Lauzon,montsegur_sur_lauzon,mo,63.13,77.09,69.05
europe_lau,Montvendre,montvendre,mo,27.69,48.24,-5.7
europe_lau,Moras-en-Valloire,moras_en_valloire,mo,36.89,68.37,69.66
europe_lau,Mornans,mornans,mo,42.59,55.15,32.68
europe_lau,Mours-Saint-Eusèbe,mours_saint_eusebe,mo,61.02,63.96,59.12
europe_lau,Mont-Noble,mont_noble,mo,48.97,65.13,48.68
europe_lau,Montanaire,montanaire,mo,34.15,47.78,64.62
europe_lau,Molondin,molondin,mo,39.33,63.31,95.75
europe_lau,Montagny-près-Yverdon,montagny_pres_yverdon,mo,36.01,59.02,-23.82
europe_lau,Mombrier,mombrier,mo,52.3,79.69,-2.3
europe_lau,Mongauzy,mongauzy,mo,42.84,59.61,83.25
europe_lau,Monprimblanc,monprimblanc,mo,36.11,51.22,-9.74
europe_lau,Molières-Cavaillac,molieres_cavaillac,mo,52.22,73.49,2.71
europe_lau,Molières-sur-Cèze,molieres_sur_ceze,mo,45.61,64.7,9.1
europe_lau,Monoblet,monoblet,mo,40.48,56.23,33.76
europe_lau,Mons,mons,mo,64.16,73.53,60.05
europe_lau,Montaren-et-Saint-Médiers,montaren_et_saint_mediers,mo,38.65,68.61,99.01
europe_lau,Montclus,montclus,mo,57.3,66.27,60.49
europe_lau,Montdardier,montdardier,mo,52.45,69.21,45.43
europe_lau,Monteils,monteils,mo,59.09,77.66,49.62
europe_lau,Montfaucon,montfaucon,mo,27.82,41.55,-1.26
europe_lau,Montfrin,montfrin,mo,39.07,52.73,51.3
europe_lau,Montignargues,montignargues,mo,26.65,65.63,-149.07
europe_lau,Montmirat,montmirat,mo,49.62,58.65,24.8
europe_lau,Montpezat,montpezat,mo,46.29,59.72,83.13
europe_lau,Moulézan,moulezan,mo,39.11,70.67,51.8
europe_lau,Moussac,moussac,mo,70.32,74.78,42.9
europe_lau,Montfaucon,montfaucon,mo,31.92,47.56,86.19
europe_lau,Monnaie,monnaie,mo,52.09,59.89,77.17
europe_lau,Montbazon,montbazon,mo,50.75,67.77,49.9
europe_lau,Monthodon,monthodon,mo,37.54,55.36,78.1
europe_lau,Montlouis-sur-Loire,montlouis_sur_loire,mo,40.88,67.71,-15.01
europe_lau,Montrésor,montresor,mo,43.06,71.81,13.06
europe_lau,Montreuil-en-Touraine,montreuil_en_touraine,mo,65.05,68.87,60.18
europe_lau,Monts,monts,mo,53.57,65.42,79.28
europe_lau,Morand,morand,mo,55.1,60.08,76.87
europe_lau,Mosnes,mosnes,mo,66.07,73.78,33.68
europe_lau,Mouzay,mouzay,mo,58.35,66.4,80.09
europe_lau,Moorbad Harbach,moorbad_harbach,mo,49.16,65.81,48.46
europe_lau,Montcherand,montcherand,mo,50.86,71.06,21.55
europe_lau,Moïta,moita,mo,43.01,50.54,80.62
europe_lau,Moltifao,moltifao,mo,48.51,58.76,36.51
europe_lau,Monacia-d'Orezza,monacia_d_orezza,mo,41.03,65,7.35
europe_lau,Monte,monte,mo,19.29,33.83,75.15
europe_lau,Montegrosso,montegrosso,mo,39.87,61.86,-28.86
europe_lau,Monticello,monticello,mo,62.48,77.28,53.98
europe_lau,Morosaglia,morosaglia,mo,17.74,50.5,-12.33
europe_lau,Morsiglia,morsiglia,mo,48.82,64.34,74.16
europe_lau,Montlainsia,montlainsia,mo,34.68,56.14,73.84
europe_lau,Morrens (VD),morrens_vd,mo,40.95,60.24,93.32
europe_lau,Montaigut-le-Blanc,montaigut_le_blanc,mo,60.96,64.84,51.84
europe_lau,Montboucher,montboucher,mo,36.5,53.69,56.89
europe_lau,Mortroux,mortroux,mo,54.49,63.62,77.76
europe_lau,Mourioux-Vieilleville,mourioux_vieilleville,mo,51.76,66,74.88
europe_lau,Moutier-d'Ahun,moutier_d_ahun,mo,38.28,70.98,91.1
europe_lau,Moirans-en-Montagne,moirans_en_montagne,mo,42,63.89,45.65
europe_lau,Moiron,moiron,mo,39.4,66.08,97.5
europe_lau,Moissey,moissey,mo,46.35,73.71,98.29
europe_lau,Molain,molain,mo,50.61,63.04,25.87
europe_lau,Molamboz,molamboz,mo,47.36,68.76,85.07
europe_lau,Molay,molay,mo,55.5,68.72,37.32
europe_lau,Monay,monay,mo,66.87,77.21,41.64
europe_lau,Monnetay,monnetay,mo,24.65,80.29,79.49
europe_lau,Monnet-la-Ville,monnet_la_ville,mo,21.95,47.24,-53.08
europe_lau,Monnières,monnieres,mo,37.64,53.79,42.53
europe_lau,Montagna-le-Reconduit,montagna_le_reconduit,mo,43.25,63.28,79.53
europe_lau,Montaigu,montaigu,mo,49.67,62.32,57.15
europe_lau,Montain,montain,mo,50.92,83.68,70.28
europe_lau,Montbarrey,montbarrey,mo,30.01,51.27,93.96
europe_lau,Montcusel,montcusel,mo,48.23,65.54,86.76
europe_lau,Monteplain,monteplain,mo,26.88,58,58.85
europe_lau,Montfleur,montfleur,mo,54.08,65.45,72.39
europe_lau,Montholier,montholier,mo,48.13,63.19,33.76
europe_lau,Montigny-lès-Arsures,montigny_les_arsures,mo,33.13,51.8,81.91
europe_lau,Montigny-sur-l'Ain,montigny_sur_l_ain,mo,41.2,61.07,8.12
europe_lau,Montmarlon,montmarlon,mo,23.3,54.45,-25.76
europe_lau,Mons,mons,mo,35.19,43,62.56
europe_lau,Montady,montady,mo,48.46,60.11,39.82
europe_lau,Montagnac,montagnac,mo,45.62,56.52,55.64
europe_lau,Montarnaud,montarnaud,mo,49.77,60.65,72.01
europe_lau,Montaud,montaud,mo,25.65,37.69,12.01
europe_lau,Montbazin,montbazin,mo,35.1,46.67,66.44
europe_lau,Montblanc,montblanc,mo,41.57,66.03,97.83
europe_lau,Montels,montels,mo,47.39,63.65,33.02
europe_lau,Montesquieu,montesquieu,mo,36.09,73.21,76.4
europe_lau,Montferrier-sur-Lez,montferrier_sur_lez,mo,43.73,56.19,80.19
europe_lau,Montouliers,montouliers,mo,57.13,76.99,56.66
europe_lau,Montoulieu,montoulieu,mo,42.78,63.89,86.22
europe_lau,Montpellier,montpellier,mo,53.57,60.07,46.16
europe_lau,Montpeyroux,montpeyroux,mo,39.55,69.72,99.02
europe_lau,Moulès-et-Baucels,moules_et_baucels,mo,66.77,71.45,33.71
europe_lau,Mourèze,moureze,mo,50.89,55.99,36.74
europe_lau,Moislains,moislains,mo,59.95,69.55,68.63
europe_lau,Molliens-au-Bois,molliens_au_bois,mo,47.51,70.48,44.81
europe_lau,Molliens-Dreuil,molliens_dreuil,mo,62.07,67.59,54.92
europe_lau,Monchy-Lagache,monchy_lagache,mo,56.46,63.26,77.69
europe_lau,Mons-Boubert,mons_boubert,mo,55.79,62.66,57.87
europe_lau,Monsures,monsures,mo,43.4,68.7,0.18
europe_lau,Montagne-Fayel,montagne_fayel,mo,48.54,56.54,63.46
europe_lau,Montauban-de-Picardie,montauban_de_picardie,mo,63.53,73.08,46.18
europe_lau,Montdidier,montdidier,mo,63.45,67.52,61
europe_lau,Montigny-sur-l'Hallue,montigny_sur_l_hallue,mo,40.5,70.9,24.6
europe_lau,Montigny-les-Jongleurs,montigny_les_jongleurs,mo,60.92,74.13,47.06
europe_lau,Montonvillers,montonvillers,mo,59.6,78.26,62.68
europe_lau,Morchain,morchain,mo,62.5,76.16,59.05
europe_lau,Morcourt,morcourt,mo,69.49,78.29,59.8
europe_lau,Moreuil,moreuil,mo,52.45,57.84,44.84
europe_lau,Morisel,morisel,mo,51.74,60.9,32.82
europe_lau,Morlancourt,morlancourt,mo,58.15,78.87,45.18
europe_lau,Morvillers-Saint-Saturnin,morvillers_saint_saturnin,mo,37.18,56.45,85.61
europe_lau,Mouflers,mouflers,mo,34.57,58.16,28.4
europe_lau,Mouflières,mouflieres,mo,53.47,72.31,71.98
europe_lau,Moyencourt,moyencourt,mo,62.03,69.67,31.83
europe_lau,Moyencourt-lès-Poix,moyencourt_les_poix,mo,40.69,61.34,17.36
europe_lau,Moyenneville,moyenneville,mo,32.21,60.71,-76.01
europe_lau,Montvalen,montvalen,mo,40.93,66.63,-3.83
europe_lau,Moularès,moulares,mo,41.09,59.7,-15.89
europe_lau,Moulayrès,moulayres,mo,39.58,66.12,9.4
europe_lau,Moulin-Mage,moulin_mage,mo,55.26,69.15,13.13
europe_lau,Mouzens,mouzens,mo,61.21,70.52,72.29
europe_lau,Mouzieys-Teulet,mouzieys_teulet,mo,41.57,57.44,60.03
europe_lau,Mouzieys-Panens,mouzieys_panens,mo,51.31,60.1,57.94
europe_lau,Mořinka,morinka,mo,44.44,62.9,50.02
europe_lau,Mont,mont,mo,41.42,53.98,77.47
europe_lau,Montagny-lès-Buxy,montagny_les_buxy,mo,60.76,66.94,42.47
europe_lau,Montagny-près-Louhans,montagny_pres_louhans,mo,58.86,66.3,60.94
europe_lau,Montbellet,montbellet,mo,60,78,50.4
europe_lau,Montceau-les-Mines,montceau_les_mines,mo,69.49,74.16,53.92
europe_lau,Montceaux-l'Étoile,montceaux_l_etoile,mo,30.91,34.91,63.06
europe_lau,Montceaux-Ragny,montceaux_ragny,mo,46.29,70.47,90.87
europe_lau,Montcenis,montcenis,mo,47.46,60.83,44.79
europe_lau,Montchanin,montchanin,mo,49.05,66.2,68.06
europe_lau,Montcony,montcony,mo,62.46,76.99,52.25
europe_lau,Montcoy,montcoy,mo,38.11,64.83,93.28
europe_lau,Monthelon,monthelon,mo,67.39,69.28,63.95
europe_lau,Montjay,montjay,mo,34.32,65.17,29.24
europe_lau,Mont-lès-Seurre,mont_les_seurre,mo,36.33,51.26,51.06
europe_lau,Montmelard,montmelard,mo,53.38,63.09,84.26
europe_lau,Montmort,montmort,mo,57.09,71.76,80.3
europe_lau,Montpont-en-Bresse,montpont_en_bresse,mo,61.2,74.18,52.76
europe_lau,Montret,montret,mo,48.22,58.17,74.77
europe_lau,Mont-Saint-Vincent,mont_saint_vincent,mo,34.59,49.56,76.84
europe_lau,Morey,morey,mo,57,72.14,33.37
europe_lau,Morlet,morlet,mo,53.02,68.1,77.98
europe_lau,Mornay,mornay,mo,49.78,69.28,81.46
europe_lau,Moroges,moroges,mo,63.26,77.27,39.08
europe_lau,Mouthier-en-Bresse,mouthier_en_bresse,mo,45.8,55.22,38.77
europe_lau,Morne-à-l'Eau,morne_a_l_eau,mo,41.81,62.05,-23.03
europe_lau,Moigny-sur-École,moigny_sur_ecole,mo,50.71,68.48,66.94
europe_lau,Mondeville,mondeville,mo,50.93,71.04,11.04
europe_lau,Monnerville,monnerville,mo,69.19,71.09,39.56
europe_lau,Montgeron,montgeron,mo,39.55,66.59,80.68
europe_lau,Montlhéry,montlhery,mo,40.82,53.58,68.52
europe_lau,Morangis,morangis,mo,38.67,60.99,67.03
europe_lau,Morigny-Champigny,morigny_champigny,mo,37.88,69.93,86.33
europe_lau,Morsang-sur-Orge,morsang_sur_orge,mo,49.83,70.93,94.56
europe_lau,Morsang-sur-Seine,morsang_sur_seine,mo,60.16,78.41,11.64
europe_lau,Mokrouše,mokrouse,mo,56.31,71.18,23.02
europe_lau,Molagnies,molagnies,mo,33.38,58.48,65.64
europe_lau,Monchaux-Soreng,monchaux_soreng,mo,24.32,35.41,98.6
europe_lau,Monchy-sur-Eu,monchy_sur_eu,mo,66.26,75.24,55.14
europe_lau,Mont-Cauvaire,mont_cauvaire,mo,55.88,75.05,14.13
europe_lau,Montérolier,monterolier,mo,63.17,68.68,73.75
europe_lau,Montigny,montigny,mo,61.36,74.11,47.78
europe_lau,Montivilliers,montivilliers,mo,52.93,61.54,28.97
europe_lau,Montmain,montmain,mo,51.35,64.4,26.45
europe_lau,Montreuil-en-Caux,montreuil_en_caux,mo,60.61,64.89,62.29
europe_lau,Montroty,montroty,mo,33.67,46.36,72.89
europe_lau,Mont-Saint-Aignan,mont_saint_aignan,mo,61.27,77.02,70.74
europe_lau,Montville,montville,mo,46.99,57.5,54.27
europe_lau,Morgny-la-Pommeraye,morgny_la_pommeraye,mo,53.23,62.39,56.07
europe_lau,Mortemer,mortemer,mo,38.73,57.37,71.31
europe_lau,Morville-sur-Andelle,morville_sur_andelle,mo,47.07,60.76,72.65
europe_lau,Motteville,motteville,mo,39.75,75.57,88.22
europe_lau,Moulineaux,moulineaux,mo,34.35,53.43,-0.29
europe_lau,Moncel-sur-Vair,moncel_sur_vair,mo,49.03,68.5,89.69
europe_lau,Mont-lès-Lamarche,mont_les_lamarche,mo,48.4,63.26,79.56
europe_lau,Mont-lès-Neufchâteau,mont_les_neufchateau,mo,57.1,76.55,70.89
europe_lau,Monthureux-le-Sec,monthureux_le_sec,mo,30.49,46.6,99.69
europe_lau,Monthureux-sur-Saône,monthureux_sur_saone,mo,56.26,66.36,41.87
europe_lau,Montmotier,montmotier,mo,36.7,47.29,75.2
europe_lau,Morelmaison,morelmaison,mo,36.06,59.81,-9.36
europe_lau,Moriville,moriville,mo,45.02,58.13,6.3
europe_lau,Morizécourt,morizecourt,mo,38.79,60.11,54.44
europe_lau,Mortagne,mortagne,mo,22.15,60.01,-67.83
europe_lau,Morville,morville,mo,45.59,73.61,2.56
europe_lau,Moussey,moussey,mo,30.89,68.05,40.57
europe_lau,Moyemont,moyemont,mo,44.23,66.37,95.81
europe_lau,Moyenmoutier,moyenmoutier,mo,47.14,66.33,41.64
europe_lau,Môlay,molay,mo,20.31,55.68,89.62
europe_lau,Molinons,molinons,mo,28.47,54.22,92.15
europe_lau,Molosmes,molosmes,mo,36.86,51.96,70.07
europe_lau,Monéteau,moneteau,mo,47.56,67.48,36.62
europe_lau,Montacher-Villegardin,montacher_villegardin,mo,67.85,70.65,49.18
europe_lau,Montigny-la-Resle,montigny_la_resle,mo,75.96,73.4,49.72
europe_lau,Montillot,montillot,mo,35.91,55.36,50.89
europe_lau,Montréal,montreal,mo,39.55,56.74,33
europe_lau,Mont-Saint-Sulpice,mont_saint_sulpice,mo,65.79,74.17,46.18
europe_lau,Mouffy,mouffy,mo,43.94,73.57,95.31
europe_lau,Moulins-en-Tonnerrois,moulins_en_tonnerrois,mo,56.29,71.83,55.87
europe_lau,Moulins-sur-Ouanne,moulins_sur_ouanne,mo,44.88,64.75,-0.8
europe_lau,Moutiers-en-Puisaye,moutiers_en_puisaye,mo,42.78,51.93,29.48
europe_lau,Mœrnach,moernach,mo,32.33,74.47,87.49
europe_lau,Mollau,mollau,mo,54.64,62.74,81.23
europe_lau,Montreux-Jeune,montreux_jeune,mo,37.52,53.63,82.34
europe_lau,Montreux-Vieux,montreux_vieux,mo,31.26,49.41,73.37
europe_lau,Mooslargue,mooslargue,mo,47.24,72.3,73.75
europe_lau,Moosch,moosch,mo,34.68,62.3,49.02
europe_lau,Morschwiller-le-Bas,morschwiller_le_bas,mo,69.56,72.35,38.65
europe_lau,Montsinéry-Tonnegrande,montsinery_tonnegrande,mo,67.59,65.46,68.78
europe_lau,Molitg-les-Bains,molitg_les_bains,mo,44.09,73.89,96.47
europe_lau,Montalba-le-Château,montalba_le_chateau,mo,63.7,72.41,49.88
europe_lau,Montauriol,montauriol,mo,45.52,62.08,56.1
europe_lau,Montbolo,montbolo,mo,59,64.72,38.19
europe_lau,Montescot,montescot,mo,31.9,59.89,1.45
europe_lau,Montesquieu-des-Albères,montesquieu_des_alberes,mo,43.66,59.07,94.46
europe_lau,Montferrer,montferrer,mo,42.05,63.48,-33.75
europe_lau,Mont-Louis,mont_louis,mo,61.83,76.16,66.25
europe_lau,Montner,montner,mo,51.86,60.45,39.64
europe_lau,Mosset,mosset,mo,36.54,61.34,-26.95
europe_lau,Montanay,montanay,mo,50.79,65.4,86.39
europe_lau,Moissac,moissac,mo,47.59,56.9,14.12
europe_lau,Molières,molieres,mo,49.61,62.56,32.77
europe_lau,Monbéqui,monbequi,mo,45.41,68.09,28.47
europe_lau,Monclar-de-Quercy,monclar_de_quercy,mo,59.76,64.05,30.32
europe_lau,Montagudet,montagudet,mo,72.04,71.41,56.93
europe_lau,Montaigu-de-Quercy,montaigu_de_quercy,mo,35.44,53.23,24.69
europe_lau,Montaïn,montain,mo,36.24,59.26,98.67
europe_lau,Montalzat,montalzat,mo,56.11,73.93,50.58
europe_lau,Montastruc,montastruc,mo,41.83,59.2,82.36
europe_lau,Montauban,montauban,mo,62.1,70.56,76.31
europe_lau,Montbarla,montbarla,mo,43.25,60.57,49.99
europe_lau,Montbartier,montbartier,mo,50.39,65.51,19.16
europe_lau,Montbeton,montbeton,mo,48.23,57.28,19.17
europe_lau,Montech,montech,mo,50.49,56.71,65.74
europe_lau,Monteils,monteils,mo,64.66,77.77,68.67
europe_lau,Montesquieu,montesquieu,mo,35.08,56.07,-41.11
europe_lau,Montfermier,montfermier,mo,57.43,84.35,57.95
europe_lau,Montgaillard,montgaillard,mo,49.64,53.46,70.88
europe_lau,Montjoi,montjoi,mo,39.78,66.01,78.8
europe_lau,Montpezat-de-Quercy,montpezat_de_quercy,mo,51.34,66.62,74.87
europe_lau,Montricoux,montricoux,mo,49.63,58.97,64.96
europe_lau,Mouillac,mouillac,mo,42.98,60.08,81.09
europe_lau,Montfermeil,montfermeil,mo,45.7,68.52,36.6
europe_lau,Montreuil,montreuil,mo,42.59,62.93,9.15
europe_lau,Mokrovraty,mokrovraty,mo,55.92,71.41,41.56
europe_lau,Moissac-Bellevue,moissac_bellevue,mo,31.94,77.16,71.55
europe_lau,Mons,mons,mo,62.57,63.72,62.38
europe_lau,Montauroux,montauroux,mo,38.4,59.05,96.85
europe_lau,Montferrat,montferrat,mo,35.13,62.45,83.4
europe_lau,Montfort-sur-Argens,montfort_sur_argens,mo,55.34,65.51,54.14
europe_lau,Montmeyan,montmeyan,mo,47.48,54.08,63.01
europe_lau,Mödling,modling,mo,58.98,67.98,29.61
europe_lau,Moissannes,moissannes,mo,47.43,61.43,0.73
europe_lau,Montrol-Sénard,montrol_senard,mo,62.56,67.76,56.33
europe_lau,Mortemart,mortemart,mo,45.82,70.32,97.01
europe_lau,Montholon,montholon,mo,53.15,58.22,68.75
europe_lau,Molve,molve,mo,45.84,56.24,33.48
europe_lau,Mošćenička Draga,moscenicka_draga,mo,31.37,61.08,87.23
europe_lau,Motovun - Montona,motovun_montona,mo,37.25,53.4,4.14
europe_lau,Moisson,moisson,mo,39.07,74.94,-4.28
europe_lau,Mondreville,mondreville,mo,53.96,70.44,58.58
europe_lau,Montainville,montainville,mo,63.31,84.94,14.12
europe_lau,Montalet-le-Bois,montalet_le_bois,mo,52.21,65.11,79.16
europe_lau,Montchauvet,montchauvet,mo,35.44,50.91,40.63
europe_lau,Montesson,montesson,mo,54.19,61.86,57.12
europe_lau,Montfort-l'Amaury,montfort_l_amaury,mo,46.35,73.91,6.75
europe_lau,Montigny-le-Bretonneux,montigny_le_bretonneux,mo,42.11,50.28,64.88
europe_lau,Morainvilliers,morainvilliers,mo,39.77,73.63,76.72
europe_lau,Mousseaux-sur-Seine,mousseaux_sur_seine,mo,54.03,73.24,22.35
europe_lau,Momères,momeres,mo,34.12,56.64,6.89
europe_lau,Monfaucon,monfaucon,mo,61.84,67.01,40.39
europe_lau,Monléon-Magnoac,monleon_magnoac,mo,39.93,55.19,77.52
europe_lau,Mořina,morina,mo,57.11,66.61,54.85
europe_lau,Monlong,monlong,mo,48.23,57.42,69.24
europe_lau,Mont,mont,mo,47.47,62.11,66.97
europe_lau,Montastruc,montastruc,mo,45,65.79,8.85
europe_lau,Montégut,montegut,mo,29.54,63.26,83.77
europe_lau,Montgaillard,montgaillard,mo,32.58,64.09,-15.41
europe_lau,Montignac,montignac,mo,21.83,76.67,91.2
europe_lau,Montoussé,montousse,mo,51.2,61.02,51.76
europe_lau,Montsérié,montserie,mo,46.59,59.98,37.63
europe_lau,Moulédous,mouledous,mo,17.72,30.83,2.66
europe_lau,Moumoulous,moumoulous,mo,49.93,89.7,81.28
europe_lau,Mohelnice,mohelnice,mo,42.1,59.3,47.58
europe_lau,Montbouton,montbouton,mo,42.73,60.24,63.04
europe_lau,Moravičany,moravicany,mo,49.13,72.72,27.11
europe_lau,Montreux-Château,montreux_chateau,mo,52.31,64.13,75.68
europe_lau,Morvillars,morvillars,mo,42.12,53.81,82.26
europe_lau,Moisselles,moisselles,mo,34.01,63.16,1.85
europe_lau,Montgeroult,montgeroult,mo,58.86,75.23,65.28
europe_lau,Montigny-lès-Cormeilles,montigny_les_cormeilles,mo,44.47,74.6,64.8
europe_lau,Montlignon,montlignon,mo,43.55,76.05,79.2
europe_lau,Montmagny,montmagny,mo,33.19,61.96,49.83
europe_lau,Montmorency,montmorency,mo,29,54.87,89.17
europe_lau,Montreuil-sur-Epte,montreuil_sur_epte,mo,45.39,59.94,28.19
europe_lau,Montsoult,montsoult,mo,22.11,60.66,-128.55
europe_lau,Mours,mours,mo,29.2,47.8,-34.33
europe_lau,Moussy,moussy,mo,41.02,64.2,-37.08
europe_lau,Modène,modene,mo,16.55,61.31,74.4
europe_lau,Mondragon,mondragon,mo,30.52,53.35,-45.62
europe_lau,Mochov,mochov,mo,41.3,65.18,4.7
europe_lau,Monieux,monieux,mo,54.49,69.28,84.07
europe_lau,Monteux,monteux,mo,72.44,75.23,57.81
europe_lau,Morières-lès-Avignon,morieres_les_avignon,mo,33.22,58.6,87.1
europe_lau,Mormoiron,mormoiron,mo,59.85,69.17,82.72
europe_lau,Mornas,mornas,mo,40.75,58.42,78.5
europe_lau,Moncontour,moncontour,mo,41.83,52.23,85.87
europe_lau,Mondion,mondion,mo,45.15,61.77,21.47
europe_lau,Montamisé,montamise,mo,43.69,63.77,-11.72
europe_lau,Monthoiron,monthoiron,mo,46.08,61.86,77.52
europe_lau,Montmorillon,montmorillon,mo,50.77,62.79,56.78
europe_lau,Monts-sur-Guesnes,monts_sur_guesnes,mo,52.62,74.06,38.7
europe_lau,Morton,morton,mo,41.21,48.94,34.8
europe_lau,Moulismes,moulismes,mo,61.68,71.06,66.71
europe_lau,Moussac,moussac,mo,47.38,54.78,68.87
europe_lau,Mouterre-sur-Blourde,mouterre_sur_blourde,mo,52.9,66.88,65.89
europe_lau,Mouterre-Silly,mouterre_silly,mo,32.36,57.55,94.8
europe_lau,Monestiés,monesties,mo,32.97,41.67,68.35
europe_lau,Montans,montans,mo,49.63,65.73,-6.64
europe_lau,Montauriol,montauriol,mo,38.07,62.64,85.56
europe_lau,Montcabrier,montcabrier,mo,48.32,65.89,94.17
europe_lau,Montdragon,montdragon,mo,39.66,58.36,20.28
europe_lau,Montdurausse,montdurausse,mo,24.27,56.18,-99.61
europe_lau,Montels,montels,mo,53.76,80.26,2.35
europe_lau,Montfa,montfa,mo,61.27,68.68,53.87
europe_lau,Montgaillard,montgaillard,mo,35.64,53.06,40.82
europe_lau,Montgey,montgey,mo,54.87,59.8,50.02
europe_lau,Montirat,montirat,mo,53.67,69.84,67.66
europe_lau,Montpinier,montpinier,mo,38.83,73.39,-22.57
europe_lau,Montredon-Labessonnié,montredon_labessonnie,mo,47.23,66.54,10.56
europe_lau,Mont-Roc,mont_roc,mo,55.03,71.63,35.85
europe_lau,Montrosier,montrosier,mo,39.35,65.36,98.87
europe_lau,Moiré,moire,mo,53.8,66.29,85.49
europe_lau,Montagny,montagny,mo,42.89,59.75,85.55
europe_lau,Montmelas-Saint-Sorlin,montmelas_saint_sorlin,mo,26.85,55.39,8.13
europe_lau,Montromant,montromant,mo,47.32,56.98,22.07
europe_lau,Montrottier,montrottier,mo,48.1,67.79,87.04
europe_lau,Morancé,morance,mo,48.18,74.6,14.65
europe_lau,Mornant,mornant,mo,50.08,59.03,67.46
europe_lau,Moitron-sur-Sarthe,moitron_sur_sarthe,mo,22,47.48,-44.56
europe_lau,Moncé-en-Belin,monce_en_belin,mo,46.21,67.95,47.97
europe_lau,Moncé-en-Saosnois,monce_en_saosnois,mo,36.67,59.75,-4.83
europe_lau,Monhoudou,monhoudou,mo,65.59,74.52,45.24
europe_lau,Montaillé,montaille,mo,36.44,62.73,93
europe_lau,Montbizot,montbizot,mo,48.26,61.06,64.99
europe_lau,Montmirail,montmirail,mo,56.65,67.79,78.59
europe_lau,Montreuil-le-Chétif,montreuil_le_chetif,mo,57.5,70.8,58.24
europe_lau,Montreuil-le-Henri,montreuil_le_henri,mo,60.28,62,32.75
europe_lau,Mont-Saint-Jean,mont_saint_jean,mo,65.5,69.2,59.18
europe_lau,Moulins-le-Carbonnel,moulins_le_carbonnel,mo,65.1,64.73,53.09
europe_lau,Montfort-le-Gesnois,montfort_le_gesnois,mo,41.24,60.69,21.12
europe_lau,Morley,morley,mo,33.37,54.08,2.21
europe_lau,Mouilly,mouilly,mo,55.25,68.85,16.61
europe_lau,Moulainville,moulainville,mo,25.73,44.3,-39.93
europe_lau,Moulins-Saint-Hubert,moulins_saint_hubert,mo,71.29,79.12,55.66
europe_lau,Moulotte,moulotte,mo,57.19,70.79,58.32
europe_lau,Mouzay,mouzay,mo,50.28,63.09,27.22
europe_lau,Mollkirch,mollkirch,mo,64.3,70.47,59.19
europe_lau,Molsheim,molsheim,mo,49.03,70.03,13.97
europe_lau,Mommenheim,mommenheim,mo,46.14,63.37,61.19
europe_lau,Monswiller,monswiller,mo,42.42,62.75,62.22
europe_lau,Morsbronn-les-Bains,morsbronn_les_bains,mo,51.12,67.61,90.62
europe_lau,Morschwiller,morschwiller,mo,54.25,73.06,93.37
europe_lau,Mothern,mothern,mo,36.91,59.29,5.49
europe_lau,Modane,modane,mo,26.36,39.72,99.51
europe_lau,Montagnole,montagnole,mo,38.32,62.46,99.91
europe_lau,Montagny,montagny,mo,45.85,59.69,56.11
europe_lau,Montailleur,montailleur,mo,38.59,58.07,79.08
europe_lau,Montcel,montcel,mo,33.34,58.53,98.98
europe_lau,Montendry,montendry,mo,62.63,75.44,24.6
europe_lau,Montgilbert,montgilbert,mo,55.83,76.93,76.47
europe_lau,Monthion,monthion,mo,30.32,66.9,70.16
europe_lau,Montmélian,montmelian,mo,41.18,61.86,81.98
europe_lau,Montricher-Albanne,montricher_albanne,mo,51.98,69.31,78.02
europe_lau,Montsapey,montsapey,mo,55.48,75.44,66.69
europe_lau,Montvalezan,montvalezan,mo,48.37,68.13,54.13
europe_lau,Montvernier,montvernier,mo,49.26,66.34,90.05
europe_lau,Motz,motz,mo,56.99,73.83,70.98
europe_lau,Moûtiers,moutiers,mo,48.49,57.76,56.24
europe_lau,Mouxy,mouxy,mo,38.74,51.43,33.16
europe_lau,Molring,molring,mo,43.49,68.74,83.15
europe_lau,Momerstroff,momerstroff,mo,47.99,67.69,77.76
europe_lau,Moncheux,moncheux,mo,53.71,65.14,83.17
europe_lau,Moncourt,moncourt,mo,51.67,61.99,66.37
europe_lau,Mondelange,mondelange,mo,50.96,68.3,-2.73
europe_lau,Mondorff,mondorff,mo,35.76,59.15,1.75
europe_lau,Monneren,monneren,mo,53.62,80.63,67.6
europe_lau,Montbronn,montbronn,mo,59.03,71.08,48.85
europe_lau,Montdidier,montdidier,mo,58.93,77.65,68.3
europe_lau,Montay,montay,mo,46,68.69,29.89
europe_lau,Montigny-en-Cambrésis,montigny_en_cambresis,mo,45,58.74,90.78
europe_lau,Montigny-en-Ostrevent,montigny_en_ostrevent,mo,50.65,61.76,35.89
europe_lau,Montrécourt,montrecourt,mo,27.68,59.76,79.41
europe_lau,Morbecque,morbecque,mo,39.16,50.69,47.23
europe_lau,Mortagne-du-Nord,mortagne_du_nord,mo,51.94,62.18,45.47
europe_lau,Mouchin,mouchin,mo,33.89,72.26,-58.63
europe_lau,Moustier-en-Fagne,moustier_en_fagne,mo,47.71,58.78,40.12
europe_lau,Mouvaux,mouvaux,mo,62.22,80.52,77.79
europe_lau,Montenach,montenach,mo,50.24,65.23,74.17
europe_lau,Montigny-lès-Metz,montigny_les_metz,mo,39.46,65.71,53.68
europe_lau,Montois-la-Montagne,montois_la_montagne,mo,42.05,60.4,65.52
europe_lau,Morhange,morhange,mo,48.32,58.53,70.37
europe_lau,Morsbach,morsbach,mo,53.21,59.89,33.82
europe_lau,Morville-lès-Vic,morville_les_vic,mo,67.38,69.26,52.81
europe_lau,Morville-sur-Nied,morville_sur_nied,mo,74.2,75.04,46.8
europe_lau,Moulins-lès-Metz,moulins_les_metz,mo,53.55,59.87,59.33
europe_lau,Moussey,moussey,mo,39.94,56.07,63.34
europe_lau,Mouterhouse,mouterhouse,mo,40.9,66.03,38.68
europe_lau,Moyenvic,moyenvic,mo,35.66,67.3,90.99
europe_lau,Moyeuvre-Grande,moyeuvre_grande,mo,35.11,55.95,81.95
europe_lau,Moyeuvre-Petite,moyeuvre_petite,mo,68.23,77.72,52.02
europe_lau,Moissy-Moulinot,moissy_moulinot,mo,69.55,72.83,53.4
europe_lau,Monceaux-le-Comte,monceaux_le_comte,mo,52.62,70.39,83.22
europe_lau,Montapas,montapas,mo,52.75,61.45,25.29
europe_lau,Montambert,montambert,mo,45.71,55.21,77.69
europe_lau,Montaron,montaron,mo,61.01,74.48,34.85
europe_lau,Montenoison,montenoison,mo,51.54,63.31,39.99
europe_lau,Mont-et-Marré,mont_et_marre,mo,36.77,67.71,41.58
europe_lau,Montigny-aux-Amognes,montigny_aux_amognes,mo,38.31,62.08,-18.2
europe_lau,Montigny-en-Morvan,montigny_en_morvan,mo,41.49,65.96,34.59
europe_lau,Montigny-sur-Canne,montigny_sur_canne,mo,56.4,63.07,48.74
europe_lau,Montreuillon,montreuillon,mo,53.48,63.79,79.23
europe_lau,Montsauche-les-Settons,montsauche_les_settons,mo,59.01,67.34,64.33
europe_lau,Moraches,moraches,mo,44.53,63.8,9.16
europe_lau,Moulins-Engilbert,moulins_engilbert,mo,48.24,57.26,79.18
europe_lau,Mouron-sur-Yonne,mouron_sur_yonne,mo,55.1,75.99,48.76
europe_lau,Moussy,moussy,mo,42.84,61.49,95.52
europe_lau,Moux-en-Morvan,moux_en_morvan,mo,34.1,60.64,-46.45
europe_lau,Moncheaux-lès-Frévent,moncheaux_les_frevent,mo,53.89,72.23,56.6
europe_lau,Monchel-sur-Canche,monchel_sur_canche,mo,44.59,61.5,85.17
europe_lau,Monchiet,monchiet,mo,59.51,79.58,40.36
europe_lau,Monchy-au-Bois,monchy_au_bois,mo,69.06,72.08,51.65
europe_lau,Monchy-Breton,monchy_breton,mo,44.15,64.83,1.99
europe_lau,Monchy-Cayeux,monchy_cayeux,mo,61.17,74.59,36.42
europe_lau,Monchy-le-Preux,monchy_le_preux,mo,36.59,65.11,-7.27
europe_lau,Mondicourt,mondicourt,mo,51.95,73.78,76.82
europe_lau,Mont-Bernanchon,mont_bernanchon,mo,52.48,73.02,24.56
europe_lau,Montcavrel,montcavrel,mo,33.39,49.3,78.6
europe_lau,Montenescourt,montenescourt,mo,36.64,51.38,75.76
europe_lau,Montigny-en-Gohelle,montigny_en_gohelle,mo,35.41,70.84,92.2
europe_lau,Montreuil,montreuil,mo,30.71,46.96,-9.89
europe_lau,Mont-Saint-Éloi,mont_saint_eloi,mo,41.45,53.66,27.31
europe_lau,Monts-en-Ternois,monts_en_ternois,mo,49.28,67.34,85.85
europe_lau,Morchies,morchies,mo,46.15,64.08,12.81
europe_lau,Moringhem,moringhem,mo,28.68,59.39,-12.27
europe_lau,Morval,morval,mo,57.35,67.33,24.81
europe_lau,Mory,mory,mo,67.45,77.69,63.83
europe_lau,Moulle,moulle,mo,22.06,68.07,44.3
europe_lau,Mouriez,mouriez,mo,51.39,68.85,84.96
europe_lau,Moyenneville,moyenneville,mo,46.03,65.13,76.34
europe_lau,Moisenay,moisenay,mo,52.93,62.61,48.02
europe_lau,Moissy-Cramayel,moissy_cramayel,mo,58.97,64.73,59.8
europe_lau,Mondreville,mondreville,mo,44.99,63.86,-10.39
europe_lau,Mons-en-Montois,mons_en_montois,mo,40.07,63.58,37.26
europe_lau,Montceaux-lès-Meaux,montceaux_les_meaux,mo,54.95,73.41,62.38
europe_lau,Montceaux-lès-Provins,montceaux_les_provins,mo,54.57,65.34,71.24
europe_lau,Montcourt-Fromonville,montcourt_fromonville,mo,61.81,68.63,41.78
europe_lau,Montdauphin,montdauphin,mo,59.72,73.74,13.19
europe_lau,Montenils,montenils,mo,33.66,59.61,91.23
europe_lau,Montereau-Fault-Yonne,montereau_fault_yonne,mo,52.41,60.22,38.81
europe_lau,Montereau-sur-le-Jard,montereau_sur_le_jard,mo,70.04,73.18,51.8
europe_lau,Montévrain,montevrain,mo,34.06,59.4,68.14
europe_lau,Montgé-en-Goële,montge_en_goele,mo,45.98,59.82,61.65
europe_lau,Monthyon,monthyon,mo,52.08,70.88,63.38
europe_lau,Montigny-le-Guesdier,montigny_le_guesdier,mo,51.63,66.84,74.13
europe_lau,Montigny-Lencoup,montigny_lencoup,mo,62.17,63.84,45.14
europe_lau,Morienne,morienne,mo,55.37,75.85,52.23
europe_lau,Momas,momas,mo,39.58,56.09,84.79
europe_lau,Momy,momy,mo,51.37,65.4,84.95
europe_lau,Monassut-Audiracq,monassut_audiracq,mo,54.86,67.14,74.88
europe_lau,Moncaup,moncaup,mo,41.97,60.51,33.61
europe_lau,Moncayolle-Larrory-Mendibieu,moncayolle_larrory_mendibieu,mo,40.02,53.8,32.23
europe_lau,Moncla,moncla,mo,51.19,66.18,11.66
europe_lau,Monein,monein,mo,44.68,64.41,77.81
europe_lau,Monpezat,monpezat,mo,41.76,69.97,-19.75
europe_lau,Monségur,monsegur,mo,54.35,77.17,70.57
europe_lau,Mont,mont,mo,53.45,68.21,76.95
europe_lau,Montagut,montagut,mo,38.57,72.88,50.8
europe_lau,Montaner,montaner,mo,42.47,64.27,-17.25
europe_lau,Montardon,montardon,mo,32.35,72.7,59.28
europe_lau,Montaut,montaut,mo,46,55.72,21.81
europe_lau,Mont-Disse,mont_disse,mo,38.65,57.99,98.46
europe_lau,Montfort,montfort,mo,34.2,64.57,-13.98
europe_lau,Montory,montory,mo,40.94,61.5,99.11
europe_lau,Morlaàs,morlaas,mo,44.5,50.7,53.55
europe_lau,Morlanne,morlanne,mo,32,49.68,53.66
europe_lau,Mouguerre,mouguerre,mo,43.38,60.42,69.67
europe_lau,Mouhous,mouhous,mo,49.9,70.28,36.55
europe_lau,Moumour,moumour,mo,43.25,54.97,43.12
europe_lau,Mourenx,mourenx,mo,49.19,66.23,43.78
europe_lau,Monts-sur-Orne,monts_sur_orne,mo,45.1,61.6,30.31
europe_lau,Mohon,mohon,mo,60.81,66.39,65.18
europe_lau,Molac,molac,mo,51.18,66.41,64.46
europe_lau,Monteneuf,monteneuf,mo,66.38,69.48,39.4
europe_lau,Montval-sur-Loir,montval_sur_loir,mo,42.37,56.5,26.08
europe_lau,Monnetier-Mornex,monnetier_mornex,mo,44,73.66,49.71
europe_lau,Montagny-les-Lanches,montagny_les_lanches,mo,57.96,65.17,45.4
europe_lau,Montriond,montriond,mo,27.55,45.2,-18.16
europe_lau,Mont-Saxonnex,mont_saxonnex,mo,51.69,70.5,83.06
europe_lau,Morillon,morillon,mo,35.89,57,99.2
europe_lau,Morzine,morzine,mo,54.93,64.58,25.3
europe_lau,Moye,moye,mo,44.22,68.98,98.63
europe_lau,Moffans-et-Vacheresse,moffans_et_vacheresse,mo,66.41,74.74,81.06
europe_lau,Moimay,moimay,mo,40.2,66.05,59.87
europe_lau,Molay,molay,mo,32.26,46.54,3.4
europe_lau,Mollans,mollans,mo,59.59,70.85,48.81
europe_lau,Montagney,montagney,mo,39.73,59.96,95.91
europe_lau,Montarlot-lès-Rioz,montarlot_les_rioz,mo,47.04,61.84,49
europe_lau,Montboillon,montboillon,mo,41.72,65.63,74.68
europe_lau,Montbozon,montbozon,mo,41.75,47.91,31.51
europe_lau,Montcey,montcey,mo,53.28,67.89,67.52
europe_lau,Montcourt,montcourt,mo,38.07,61.92,98.58
europe_lau,Montdoré,montdore,mo,27.25,38.4,99.81
europe_lau,Montessaux,montessaux,mo,63.17,74.11,63.61
europe_lau,Montigny-lès-Cherlieu,montigny_les_cherlieu,mo,57.78,61.01,59.95
europe_lau,Montigny-lès-Vesoul,montigny_les_vesoul,mo,50.03,63.41,38.18
europe_lau,Montjustin-et-Velotte,montjustin_et_velotte,mo,57.19,70.25,84.19
europe_lau,Mont-le-Vernois,mont_le_vernois,mo,29.1,56.55,91.15
europe_lau,Montot,montot,mo,54.07,68.77,64.81
europe_lau,Mont-Saint-Léger,mont_saint_leger,mo,47.56,66.28,17.85
europe_lau,Montureux-et-Prantigny,montureux_et_prantigny,mo,28.46,57.5,56.81
europe_lau,Montureux-lès-Baulay,montureux_les_baulay,mo,36.87,54.17,59.16
europe_lau,Motey-Besuche,motey_besuche,mo,43.03,73.57,65.12
europe_lau,Monterblanc,monterblanc,mo,59.35,64.43,68.83
europe_lau,Montertelot,montertelot,mo,49.1,66.12,18.92
europe_lau,Moréac,moreac,mo,57.95,72.71,49.07
europe_lau,Moustoir-Ac,moustoir_ac,mo,51.6,69.44,25.01
europe_lau,Mokrý Lom,mokry_lom,mo,25.48,43.36,-44.77
europe_lau,Mogeville,mogeville,mo,48.64,62.22,55.82
europe_lau,Mognéville,mogneville,mo,64.11,68.52,60.3
europe_lau,Moirey-Flabas-Crépion,moirey_flabas_crepion,mo,50.12,58.3,70.8
europe_lau,Montblainville,montblainville,mo,48.86,68.53,32.84
europe_lau,Montbras,montbras,mo,34.53,49.39,25.35
europe_lau,Mont-devant-Sassey,mont_devant_sassey,mo,31.09,60.39,26.43
europe_lau,Montfaucon-d'Argonne,montfaucon_d_argonne,mo,46.95,66.92,94.82
europe_lau,Montiers-sur-Saulx,montiers_sur_saulx,mo,58.5,71.65,23.95
europe_lau,Montigny-devant-Sassey,montigny_devant_sassey,mo,51.16,69,70.56
europe_lau,Montigny-lès-Vaucouleurs,montigny_les_vaucouleurs,mo,54.73,76.57,35.13
europe_lau,Montmédy,montmedy,mo,38.32,50.21,92.86
europe_lau,Montplonne,montplonne,mo,44.82,61.58,78.57
europe_lau,Montsec,montsec,mo,56.57,68.3,16.22
europe_lau,Montzéville,montzeville,mo,27.06,61.45,-64.81
europe_lau,Moranville,moranville,mo,51.57,68.21,23.19
europe_lau,Morgemoulin,morgemoulin,mo,42.08,58.34,2.87
europe_lau,Mokré Lazce,mokre_lazce,mo,45.59,70.24,81.64
europe_lau,Morzeszczyn,morzeszczyn,mo,63.36,66.79,75.62
europe_lau,Modalen,modalen,mo,35.44,59.26,68.65
europe_lau,Montebello Vicentino,montebello_vicentino,mo,40.2,48.32,26.88
europe_lau,Montecchio Maggiore,montecchio_maggiore,mo,41.46,62.21,89.32
europe_lau,Montecchio Precalcino,montecchio_precalcino,mo,54.82,65.21,40.49
europe_lau,Monte di Malo,monte_di_malo,mo,64.9,74.78,55.54
europe_lau,Montegalda,montegalda,mo,43.49,67.27,52.95
europe_lau,Montegaldella,montegaldella,mo,45.89,61.92,80.13
europe_lau,Monteviale,monteviale,mo,41.03,53.02,54.23
europe_lau,Monticello Conte Otto,monticello_conte_otto,mo,50.7,73.41,97.37
europe_lau,Montorso Vicentino,montorso_vicentino,mo,36.04,67.42,-55.22
europe_lau,Molina Aterno,molina_aterno,mo,34.24,56.62,16.45
europe_lau,Montereale,montereale,mo,59.72,62.86,58.21
europe_lau,Morino,morino,mo,45.98,53.22,28.73
europe_lau,Monte Sant'Angelo,monte_sant_angelo,mo,55.23,61.27,49.62
europe_lau,Motta Montecorvino,motta_montecorvino,mo,46.5,65.02,25.29
europe_lau,Modugno,modugno,mo,48.1,63.47,73.22
europe_lau,Mola di Bari,mola_di_bari,mo,49.17,57.37,47.64
europe_lau,Molfetta,molfetta,mo,53.55,72.44,48.48
europe_lau,Monopoli,monopoli,mo,61.2,70.07,60.15
europe_lau,Montecrestese,montecrestese,mo,27.74,54.34,91.35
europe_lau,Montescheno,montescheno,mo,51.63,67.17,27.44
europe_lau,Mouřínov,mourinov,mo,30.55,60.09,86.44
europe_lau,Mondorf-les-Bains,mondorf_les_bains,mo,47.79,63.78,25.11
europe_lau,Monreale,monreale,mo,34.22,39.63,39.53
europe_lau,Montelepre,montelepre,mo,44.31,68.74,5.76
europe_lau,Montemaggiore Belsito,montemaggiore_belsito,mo,55.96,67.15,49.64
europe_lau,Moio de' Calvi,moio_de_calvi,mo,63.75,74.42,67.98
europe_lau,Monasterolo del Castello,monasterolo_del_castello,mo,53.76,60.25,39.21
europe_lau,Montello,montello,mo,37.21,88.12,-14.66
europe_lau,Morengo,morengo,mo,56.57,76.57,53.19
europe_lau,Mornico al Serio,mornico_al_serio,mo,41.67,55.46,91.75
europe_lau,Mozzanica,mozzanica,mo,32.7,57.04,95.32
europe_lau,Mozzo,mozzo,mo,55.7,81.51,30.6
europe_lau,Monsampolo del Tronto,monsampolo_del_tronto,mo,43.3,73.95,53.63
europe_lau,Montalto delle Marche,montalto_delle_marche,mo,54.43,61.88,23.18
europe_lau,Montedinove,montedinove,mo,42.51,72.62,57.34
europe_lau,Montegallo,montegallo,mo,53,63.94,44.69
europe_lau,Montemonaco,montemonaco,mo,47.86,64,59.68
europe_lau,Monteprandone,monteprandone,mo,52.75,70.7,38.04
europe_lau,Moravskoslezský Kočov,moravskoslezsky_kocov,mo,40.2,54.59,67.14
europe_lau,Montignoso,montignoso,mo,32.05,65.08,78.1
europe_lau,Morąg,morag,mo,51.17,61.07,68.75
europe_lau,Montalto Pavese,montalto_pavese,mo,51.76,56.34,52.09
europe_lau,Montebello della Battaglia,montebello_della_battaglia,mo,45.87,59.19,83.84
europe_lau,Montecalvo Versiggia,montecalvo_versiggia,mo,52.39,60.08,78.56
europe_lau,Montescano,montescano,mo,47.95,65.74,43.51
europe_lau,Montesegale,montesegale,mo,51.23,66.71,80.53
europe_lau,Monticelli Pavese,monticelli_pavese,mo,42.1,67.53,52.89
europe_lau,Montù Beccaria,montu_beccaria,mo,45.25,60.87,62.32
europe_lau,Mornico Losana,mornico_losana,mo,50.16,65.54,28.2
europe_lau,Mortara,mortara,mo,48.09,68.14,38.88
europe_lau,Moggio Udinese,moggio_udinese,mo,33.97,51.26,98.77
europe_lau,Montenars,montenars,mo,62.88,77.23,42.53
europe_lau,Mortegliano,mortegliano,mo,51.41,66.35,0.5
europe_lau,Moruzzo,moruzzo,mo,64.5,71.94,51.75
europe_lau,Montefino,montefino,mo,56.2,75.75,24.83
europe_lau,Montorio al Vomano,montorio_al_vomano,mo,39.91,53.17,30.16
europe_lau,Morro d'Oro,morro_d_oro,mo,55.21,73.11,83.59
europe_lau,Mosciano Sant'Angelo,mosciano_sant_angelo,mo,54.09,60.35,63.34
europe_lau,Montebello di Bertona,montebello_di_bertona,mo,57.35,83.85,8.82
europe_lau,Montesilvano,montesilvano,mo,55.84,74.65,54.63
europe_lau,Monteiasi,monteiasi,mo,44.06,63.95,4.97
europe_lau,Montemesola,montemesola,mo,41.86,54.9,92.35
europe_lau,Monteparano,monteparano,mo,54.04,68.36,27.01
europe_lau,Mottola,mottola,mo,38.36,51.35,22.13
europe_lau,Moryń,moryn,mo,66.32,72.02,36.41
europe_lau,Monza,monza,mo,46.7,57.23,70.37
europe_lau,Montaguto,montaguto,mo,50.42,73.28,-9.22
europe_lau,Montecalvo Irpino,montecalvo_irpino,mo,24.95,58.59,80.7
europe_lau,Montefalcione,montefalcione,mo,69.17,72.07,56.87
europe_lau,Montefredane,montefredane,mo,65.02,78.04,82.37
europe_lau,Montefusco,montefusco,mo,41.62,55.96,6.11
europe_lau,Montella,montella,mo,57.76,67.45,69.22
europe_lau,Montemarano,montemarano,mo,41.62,58.47,72.31
europe_lau,Montallegro,montallegro,mo,32.33,56.56,-28.29
europe_lau,Montevago,montevago,mo,41.32,63.9,47.02
europe_lau,Montedoro,montedoro,mo,64.59,68.1,71.04
europe_lau,Molazzana,molazzana,mo,33.33,61.36,11.02
europe_lau,Montecarlo,montecarlo,mo,51.59,65.2,61.59
europe_lau,Monsummano Terme,monsummano_terme,mo,62.13,74.17,77.07
europe_lau,Montale,montale,mo,31.9,57.8,97.18
europe_lau,Montecatini-Terme,montecatini_terme,mo,30.08,60.06,99.32
europe_lau,Montaione,montaione,mo,54.31,67.5,91.82
europe_lau,Montelupo Fiorentino,montelupo_fiorentino,mo,39.06,47.99,66.02
europe_lau,Montespertoli,montespertoli,mo,53.87,60.82,43.47
europe_lau,Monsampietro Morico,monsampietro_morico,mo,42.67,67.3,99.44
europe_lau,Montappone,montappone,mo,51.68,63.99,19.31
europe_lau,Montefalcone Appennino,montefalcone_appennino,mo,45.83,60.57,48.34
europe_lau,Montefortino,montefortino,mo,39.2,59.46,-27.27
europe_lau,Monte Giberto,monte_giberto,mo,56.42,68.67,67.87
europe_lau,Montegiorgio,montegiorgio,mo,61.77,67.33,76.63
europe_lau,Montegranaro,montegranaro,mo,56.44,73.31,91.39
europe_lau,Monteleone di Fermo,monteleone_di_fermo,mo,58.44,76.57,91.63
europe_lau,Montelparo,montelparo,mo,68.38,70.79,71.81
europe_lau,Monte Rinaldo,monte_rinaldo,mo,43.92,58.05,83.96
europe_lau,Monterubbiano,monterubbiano,mo,54.21,64.43,65.34
europe_lau,Monte San Pietrangeli,monte_san_pietrangeli,mo,61.7,69.62,48.82
europe_lau,Monte Urano,monte_urano,mo,55.31,80.7,35.96
europe_lau,Monte Vidon Combatte,monte_vidon_combatte,mo,48.12,65.72,80.69
europe_lau,Monte Vidon Corrado,monte_vidon_corrado,mo,44.15,53.5,39.19
europe_lau,Montottone,montottone,mo,38.14,63.35,94.64
europe_lau,Moresco,moresco,mo,46.92,64.16,1.84
europe_lau,Molochio,molochio,mo,48.96,62.87,66.33
europe_lau,Monasterace,monasterace,mo,59.91,76.63,64.34
europe_lau,Montebello Jonico,montebello_jonico,mo,29.02,59.1,99.59
europe_lau,Motta San Giovanni,motta_san_giovanni,mo,38.73,62.72,64.27
europe_lau,Monte Compatri,monte_compatri,mo,19.43,56.21,84.59
europe_lau,Monteflavio,monteflavio,mo,37.96,48.22,33.32
europe_lau,Montelanico,montelanico,mo,33.84,52.38,60.4
europe_lau,Montelibretti,montelibretti,mo,42.63,56.84,17.87
europe_lau,Monte Porzio Catone,monte_porzio_catone,mo,49.03,60.13,82.23
europe_lau,Monterotondo,monterotondo,mo,61.35,66.89,49.7
europe_lau,Montorio Romano,montorio_romano,mo,39.69,63.7,-35.41
europe_lau,Moricone,moricone,mo,22.79,35.49,-16.47
europe_lau,Morlupo,morlupo,mo,45.95,54.87,43.26
europe_lau,Mogliano Veneto,mogliano_veneto,mo,35.16,47.08,-0.09
europe_lau,Monastier di Treviso,monastier_di_treviso,mo,55.31,61.06,23.73
europe_lau,Monfumo,monfumo,mo,54.74,62.34,59.86
europe_lau,Montebelluna,montebelluna,mo,49.25,61.77,74.17
europe_lau,Morgano,morgano,mo,46.8,64.76,68.49
europe_lau,Moriago della Battaglia,moriago_della_battaglia,mo,45.62,66.9,78.82
europe_lau,Motta di Livenza,motta_di_livenza,mo,57.43,62.93,68.57
europe_lau,Monfalcone,monfalcone,mo,47.78,60.16,49.08
europe_lau,Moraro,moraro,mo,68.23,75.04,65.67
europe_lau,Mossa,mossa,mo,37.03,65.14,93.82
europe_lau,Mońki,monki,mo,44.65,52.75,30.5
europe_lau,Moena,moena,mo,34.51,48.04,-8.83
europe_lau,Molveno,molveno,mo,44.87,53.7,65.71
europe_lau,Mori,mori,mo,46.78,56.75,55.11
europe_lau,Montemiletto,montemiletto,mo,49.96,60.38,23.17
europe_lau,Monteverde,monteverde,mo,47.77,67.77,90.53
europe_lau,Morra De Sanctis,morra_de_sanctis,mo,58.04,77.11,93.7
europe_lau,Moschiano,moschiano,mo,60.24,72.8,12.95
europe_lau,Moscufo,moscufo,mo,52.63,62.33,55.29
europe_lau,Montebello sul Sangro,montebello_sul_sangro,mo,40.84,71.37,13.92
europe_lau,Montazzoli,montazzoli,mo,33.76,60.63,97.73
europe_lau,Monteferrante,monteferrante,mo,29.54,57.89,85.72
europe_lau,Montelapiano,montelapiano,mo,48.79,63.58,64.13
europe_lau,Montenerodomo,montenerodomo,mo,21.44,47.51,55.37
europe_lau,Monteodorisio,monteodorisio,mo,47.28,57.74,60.32
europe_lau,Mozzagrogna,mozzagrogna,mo,45.64,73.91,55.74
europe_lau,Monrupino-Repentabor,monrupino_repentabor,mo,30.92,58.13,81.02
europe_lau,Monticelli d'Ongina,monticelli_d_ongina,mo,42.68,52,75.66
europe_lau,Morfasso,morfasso,mo,48.99,62.23,63.92
europe_lau,Monteroni di Lecce,monteroni_di_lecce,mo,55.56,71.31,41.71
europe_lau,Montesano Salentino,montesano_salentino,mo,42.72,58.69,60.08
europe_lau,Morciano di Leuca,morciano_di_leuca,mo,34.89,61.47,35.05
europe_lau,Montoro,montoro,mo,50.62,59.85,24.79
europe_lau,Molinella,molinella,mo,46.45,53.4,38.35
europe_lau,Monghidoro,monghidoro,mo,54.62,60.71,55.75
europe_lau,Monterenzio,monterenzio,mo,35.82,62.43,97.15
europe_lau,Monzuno,monzuno,mo,39.5,59,77.72
europe_lau,Mordano,mordano,mo,53.39,77.31,42.82
europe_lau,Montecatini Val di Cecina,montecatini_val_di_cecina,mo,40.05,54.78,93.07
europe_lau,Montescudaio,montescudaio,mo,29.43,58.48,-64.44
europe_lau,Monteverdi Marittimo,monteverdi_marittimo,mo,49.62,62.81,88.37
europe_lau,Montopoli in Val d'Arno,montopoli_in_val_d_arno,mo,71.03,75.57,53.19
europe_lau,Monastir,monastir,mo,48.12,64.97,76.19
europe_lau,Mochtín,mochtin,mo,66.12,69.87,40.06
europe_lau,Mokrosuky,mokrosuky,mo,44.12,61.29,81.51
europe_lau,Monte San Biagio,monte_san_biagio,mo,62.01,78.6,52.71
europe_lau,Moniga del Garda,moniga_del_garda,mo,20.76,66.58,-239.81
europe_lau,Monno,monno,mo,38.74,59.74,99.26
europe_lau,Monte Isola,monte_isola,mo,61.13,83.73,83.39
europe_lau,Monticelli Brusati,monticelli_brusati,mo,44.46,79.09,99.71
europe_lau,Montichiari,montichiari,mo,58.98,81.51,52.31
europe_lau,Montirone,montirone,mo,43.61,62.18,88.46
europe_lau,Montemignaio,montemignaio,mo,41.6,61.94,95.12
europe_lau,Monterchi,monterchi,mo,44.41,56.12,65.38
europe_lau,Monte San Savino,monte_san_savino,mo,35.47,58.87,-25.14
europe_lau,Moskenes,moskenes,mo,23.34,45.07,92.53
europe_lau,Moss,moss,mo,32.14,47.98,99.39
europe_lau,Modliborzyce,modliborzyce,mo,31.84,59.91,72.3
europe_lau,Mogilno,mogilno,mo,52.19,58.95,44.56
europe_lau,Montecchia di Crosara,montecchia_di_crosara,mo,26.79,42.32,55.58
europe_lau,Monteforte d'Alpone,monteforte_d_alpone,mo,59.95,68.72,71.16
europe_lau,Mozzecane,mozzecane,mo,43.14,61.77,36.63
europe_lau,Montagna in Valtellina,montagna_in_valtellina,mo,29.84,61.63,95.19
europe_lau,Morbegno,morbegno,mo,44.96,51.37,50.25
europe_lau,Moio della Civitella,moio_della_civitella,mo,53.09,70.46,37.85
europe_lau,Montano Antilia,montano_antilia,mo,36.64,52.45,89.1
europe_lau,Montecorice,montecorice,mo,43.03,65.78,81.82
europe_lau,Montecorvino Pugliano,montecorvino_pugliano,mo,61.96,69.95,79.03
europe_lau,Montecorvino Rovella,montecorvino_rovella,mo,33.73,55.64,93.99
europe_lau,Monteforte Cilento,monteforte_cilento,mo,45.51,62.85,91.34
europe_lau,Monte San Giacomo,monte_san_giacomo,mo,52.02,55.75,39.73
europe_lau,Montesano sulla Marcellana,montesano_sulla_marcellana,mo,63.4,60.38,54.58
europe_lau,Morigerati,morigerati,mo,38.63,48.92,28.02
europe_lau,Modigliana,modigliana,mo,58.92,67.55,48.65
europe_lau,Montiano,montiano,mo,47.22,70.26,85.8
europe_lau,Mombaroccio,mombaroccio,mo,61.81,67.26,45.22
europe_lau,Mondavio,mondavio,mo,34.56,59.86,53.47
europe_lau,Mondolfo,mondolfo,mo,55.77,70.05,22.87
europe_lau,Montecalvo in Foglia,montecalvo_in_foglia,mo,47.72,58.93,27.48
europe_lau,Monte Cerignone,monte_cerignone,mo,60.14,67.76,73.61
europe_lau,Montecopiolo,montecopiolo,mo,35.54,58.49,87.53
europe_lau,Montefelcino,montefelcino,mo,27.53,49.86,42.1
europe_lau,Monte Grimano Terme,monte_grimano_terme,mo,45.91,58.16,50.56
europe_lau,Montelabbate,montelabbate,mo,44.78,62.83,94.13
europe_lau,Monte Porzio,monte_porzio,mo,61.53,76.94,60.15
europe_lau,Montanaso Lombardo,montanaso_lombardo,mo,45.85,74.44,-41.45
europe_lau,Mondaino,mondaino,mo,53.82,56.42,64.45
europe_lau,Montefiore Conca,montefiore_conca,mo,49.65,69.17,85.12
europe_lau,Montegridolfo,montegridolfo,mo,40.45,68.06,28.34
europe_lau,Morciano di Romagna,morciano_di_romagna,mo,25.76,47.58,21.28
europe_lau,Moio Alcantara,moio_alcantara,mo,62.89,74.49,81.78
europe_lau,Monforte San Giorgio,monforte_san_giorgio,mo,14.81,34.39,91.09
europe_lau,Mongiuffi Melia,mongiuffi_melia,mo,62.86,70.76,62.62
europe_lau,Montagnareale,montagnareale,mo,64.83,76.48,71.98
europe_lau,Montalbano Elicona,montalbano_elicona,mo,33.24,49.32,96.41
europe_lau,Motta Camastra,motta_camastra,mo,48.15,69.14,90.48
europe_lau,Motta d'Affermo,motta_d_affermo,mo,32.04,47.9,67.04
europe_lau,Monte San Giovanni Campano,monte_san_giovanni_campano,mo,16.51,43.67,75.12
europe_lau,Morolo,morolo,mo,67.98,73.7,48.94
europe_lau,Monselice,monselice,mo,49.55,57.3,71.73
europe_lau,Montagnana,montagnana,mo,31.55,48.7,-32.94
europe_lau,Montegrotto Terme,montegrotto_terme,mo,59.19,65.11,62.04
europe_lau,Montescudo-Monte Colombo,montescudo_monte_colombo,mo,42.35,62.83,4.85
europe_lau,Montemurlo,montemurlo,mo,36,66.85,92.91
europe_lau,Modum,modum,mo,49.11,56.56,65.83
europe_lau,Molise,molise,mo,47.02,65.1,81.04
europe_lau,Monacilioni,monacilioni,mo,40.14,63.85,99.21
europe_lau,Montagano,montagano,mo,75.82,75.17,42.61
europe_lau,Montefalcone nel Sannio,montefalcone_nel_sannio,mo,52.56,66.4,57.45
europe_lau,Montelongo,montelongo,mo,31.94,49.77,59.46
europe_lau,Montemitro,montemitro,mo,54.23,65.7,34.63
europe_lau,Montenero di Bisaccia,montenero_di_bisaccia,mo,38.24,52.48,84.16
europe_lau,Montorio nei Frentani,montorio_nei_frentani,mo,35.63,59.59,43.06
europe_lau,Morrone del Sannio,morrone_del_sannio,mo,32.53,54.96,94.36
europe_lau,Morimondo,morimondo,mo,51.03,59.51,70.03
europe_lau,Motta Visconti,motta_visconti,mo,61.38,69.24,39.29
europe_lau,Monteleone di Puglia,monteleone_di_puglia,mo,52.53,67.7,83.54
europe_lau,Monsano,monsano,mo,44.68,67.79,5.63
europe_lau,Montecarotto,montecarotto,mo,32.66,51.25,65.26
europe_lau,Montemarciano,montemarciano,mo,53.26,67.07,47.28
europe_lau,Monte Roberto,monte_roberto,mo,27.7,58.5,-54.24
europe_lau,Monte San Vito,monte_san_vito,mo,52.3,60.85,44.7
europe_lau,Morro d'Alba,morro_d_alba,mo,55.67,66.17,63.52
europe_lau,Mogliano,mogliano,mo,58.55,73.21,27.72
europe_lau,Montecassiano,montecassiano,mo,65.57,78.53,31.21
europe_lau,Monte Cavallo,monte_cavallo,mo,65.95,72.69,50.95
europe_lau,Montecosaro,montecosaro,mo,41.32,72.19,96.06
europe_lau,Montefano,montefano,mo,36.91,59.7,26.59
europe_lau,Montelupone,montelupone,mo,53.93,79.25,39.75
europe_lau,Monte San Giusto,monte_san_giusto,mo,52.63,72.1,89.83
europe_lau,Monte San Martino,monte_san_martino,mo,39.02,63.3,31.7
europe_lau,Morrovalle,morrovalle,mo,68.08,78.19,59.86
europe_lau,Mosina,mosina,mo,53.27,56.04,51.47
europe_lau,Mongiana,mongiana,mo,49.79,57.08,54.19
europe_lau,Monterosso Calabro,monterosso_calabro,mo,29.72,61.2,-38.45
europe_lau,Molėtų rajono savivaldybė,moletu_rajono_savivaldybe,mo,56.96,70.4,52.14
europe_lau,Mondercange,mondercange,mo,42.22,60.34,-16.8
europe_lau,Motta Sant'Anastasia,motta_sant_anastasia,mo,41.85,66.18,98.87
europe_lau,Modica,modica,mo,38.89,58.06,87.25
europe_lau,Monterosso Almo,monterosso_almo,mo,43.71,48.36,60.45
europe_lau,Mondragone,mondragone,mo,40.78,58.73,70.07
europe_lau,Mórágy,moragy,mo,35.53,69.07,90.99
europe_lau,Molnári,molnari,mo,57.74,67.31,59.79
europe_lau,Molare,molare,mo,31.14,55.95,95.65
europe_lau,Molino dei Torti,molino_dei_torti,mo,51.91,66.37,93.81
europe_lau,Mombello Monferrato,mombello_monferrato,mo,44.12,57.41,43.52
europe_lau,Momperone,momperone,mo,51.14,64.95,14.62
europe_lau,Moncestino,moncestino,mo,54.28,82.31,54.92
europe_lau,Monleale,monleale,mo,48.07,59.12,81.17
europe_lau,Montacuto,montacuto,mo,52.86,62.52,73.65
europe_lau,Montaldeo,montaldeo,mo,33.74,61.35,95.82
europe_lau,Montaldo Bormida,montaldo_bormida,mo,34.37,66.61,99.94
europe_lau,Montecastello,montecastello,mo,56.29,71.13,60.47
europe_lau,Montechiaro d'Acqui,montechiaro_d_acqui,mo,52,66.55,68.3
europe_lau,Montegioco,montegioco,mo,47.12,64.16,55
europe_lau,Montemarzino,montemarzino,mo,48.85,69.6,65.96
europe_lau,Morano sul Po,morano_sul_po,mo,27.27,45.97,-8.9
europe_lau,Morbello,morbello,mo,31.49,57.96,91.57
europe_lau,Mornese,mornese,mo,26.01,56.05,90.73
europe_lau,Morsasco,morsasco,mo,64.02,77.24,48.28
europe_lau,Monte di Procida,monte_di_procida,mo,47.01,67.28,74.09
europe_lau,Mórichida,morichida,mo,42.86,53.7,38.59
europe_lau,Monyoród,monyorod,mo,21.2,63.82,70.27
europe_lau,Montauro,montauro,mo,37.56,71.93,18.36
europe_lau,Montepaone,montepaone,mo,31.82,63.56,-45
europe_lau,Motta Santa Lucia,motta_santa_lucia,mo,35.92,41.85,45.54
europe_lau,Mompeo,mompeo,mo,37.59,48.18,45.2
europe_lau,Montasola,montasola,mo,57.87,73.86,2.44
europe_lau,Montebuono,montebuono,mo,42.17,63.48,21.22
europe_lau,Monteleone Sabino,monteleone_sabino,mo,44.03,69.86,-34.14
europe_lau,Montenero Sabino,montenero_sabino,mo,56.72,71.85,79.29
europe_lau,Monte San Giovanni in Sabina,monte_san_giovanni_in_sabina,mo,47.24,59.48,13.73
europe_lau,Montopoli di Sabina,montopoli_di_sabina,mo,21.81,55.18,83.44
europe_lau,Morro Reatino,morro_reatino,mo,25.34,57.25,90.61
europe_lau,Monok,monok,mo,69.51,72.56,51.15
europe_lau,Mombello di Torino,mombello_di_torino,mo,21.02,45.84,82.55
europe_lau,Mompantero,mompantero,mo,46.04,62.78,34.11
europe_lau,Monastero di Lanzo,monastero_di_lanzo,mo,25.81,54.3,84.71
europe_lau,Moncalieri,moncalieri,mo,45.84,51.73,81.02
europe_lau,Moncenisio,moncenisio,mo,39.79,64.35,39.56
europe_lau,Montaldo Torinese,montaldo_torinese,mo,39.44,72.14,95.61
europe_lau,Montalto Dora,montalto_dora,mo,54.95,79.84,40.37
europe_lau,Montanaro,montanaro,mo,57.9,76.76,62.91
europe_lau,Monteu da Po,monteu_da_po,mo,41.55,59.62,94
europe_lau,Moriondo Torinese,moriondo_torinese,mo,33.8,52.83,78.15
europe_lau,Mocsa,mocsa,mo,63.79,67.6,53.88
europe_lau,Molnaszecsőd,molnaszecsod,mo,36.98,76.68,81.45
europe_lau,Moncoutant-sur-Sèvre,moncoutant_sur_sevre,mo,57.9,62.25,61.7
europe_lau,Montalembert,montalembert,mo,54.09,59.61,42.49
europe_lau,Montravers,montravers,mo,40.01,62.41,13.61
europe_lau,Montegrino Valtravaglia,montegrino_valtravaglia,mo,73.48,75.13,48.89
europe_lau,Monvalle,monvalle,mo,35.5,54.08,-13.73
europe_lau,Morazzone,morazzone,mo,56.78,68.6,23.76
europe_lau,Mornago,mornago,mo,48.83,81.61,79.94
europe_lau,Monaghan,monaghan,mo,42.54,59.56,52.46
europe_lau,Moate,moate,mo,53.12,55.99,71.14
europe_lau,Mosdós,mosdos,mo,23.14,54.5,79.15
europe_lau,Mónosbél,monosbel,mo,34.39,57.69,92.49
europe_lau,Mörbisch am See,morbisch_am_see,mo,60.02,77.35,43.19
europe_lau,Mönichkirchen,monichkirchen,mo,45.09,63.36,31.49
europe_lau,Moiola,moiola,mo,58.79,66.5,29.77
europe_lau,Mombarcaro,mombarcaro,mo,45.74,57.91,84.66
europe_lau,Mombasiglio,mombasiglio,mo,41.63,58.9,92.55
europe_lau,Monastero di Vasco,monastero_di_vasco,mo,39.48,59.1,88.11
europe_lau,Monasterolo Casotto,monasterolo_casotto,mo,33.45,54.36,98.53
europe_lau,Monasterolo di Savigliano,monasterolo_di_savigliano,mo,50.64,76.83,81.67
europe_lau,Monchiero,monchiero,mo,46,70.14,54.75
europe_lau,Mondovì,mondovi,mo,36.65,49.76,23.2
europe_lau,Monesiglio,monesiglio,mo,60.72,67.96,63.21
europe_lau,Monforte d'Alba,monforte_d_alba,mo,56.49,63.98,77.24
europe_lau,Montà,monta,mo,63.07,72.45,60.62
europe_lau,Montaldo di Mondovì,montaldo_di_mondovi,mo,26.52,59.98,95.29
europe_lau,Montaldo Roero,montaldo_roero,mo,14.19,51.64,-42.7
europe_lau,Montanera,montanera,mo,48.89,77.75,28.56
europe_lau,Montelupo Albese,montelupo_albese,mo,49.71,61.21,46.81
europe_lau,Montemale di Cuneo,montemale_di_cuneo,mo,33.43,53.24,-38
europe_lau,Monterosso Grana,monterosso_grana,mo,56,66.31,49.74
europe_lau,Monteu Roero,monteu_roero,mo,23.81,44.15,7
europe_lau,Montezemolo,montezemolo,mo,45.03,62.65,91.72
europe_lau,Monticello d'Alba,monticello_d_alba,mo,29.6,46.77,3.02
europe_lau,Moretta,moretta,mo,63.11,71.87,64.52
europe_lau,Morozzo,morozzo,mo,24.76,48.01,71.68
europe_lau,Monaj,monaj,mo,32.53,48.29,6.19
europe_lau,Montrouge,montrouge,mo,42.8,68.47,-7.55
europe_lau,Monsireigne,monsireigne,mo,37.05,57.03,94.92
europe_lau,Montaigu-Vendée,montaigu_vendee,mo,54.03,65.08,75.32
europe_lau,Montournais,montournais,mo,32.5,59.3,41.76
europe_lau,Montreuil,montreuil,mo,48.64,63.68,83.22
europe_lau,Moreilles,moreilles,mo,54.35,71.11,16.63
europe_lau,Mortagne-sur-Sèvre,mortagne_sur_sevre,mo,28.43,52.7,5.32
europe_lau,Mouchamps,mouchamps,mo,52.85,59.23,58.13
europe_lau,Mouilleron-Saint-Germain,mouilleron_saint_germain,mo,59.77,67.11,76.2
europe_lau,Mouilleron-le-Captif,mouilleron_le_captif,mo,39.49,56.05,27.98
europe_lau,Moutiers-les-Mauxfaits,moutiers_les_mauxfaits,mo,55.69,73.57,78.86
europe_lau,Moutiers-sur-le-Lay,moutiers_sur_le_lay,mo,51.52,65.45,25.75
europe_lau,Mouzeuil-Saint-Martin,mouzeuil_saint_martin,mo,46.22,71.3,75.5
europe_lau,Montréverd,montreverd,mo,51.15,60.55,66.17
europe_lau,Monoszló,monoszlo,mo,59.13,72.34,78.03
europe_lau,Monchio delle Corti,monchio_delle_corti,mo,59.67,68.33,73
europe_lau,Montechiarugolo,montechiarugolo,mo,57.26,65.95,55.42
europe_lau,Montjovet,montjovet,mo,60.77,69.71,57.22
europe_lau,Morgex,morgex,mo,33.05,62.28,96.3
europe_lau,Montigny-sur-Loing,montigny_sur_loing,mo,35.02,50.79,-10.86
europe_lau,Montmachoux,montmachoux,mo,47.49,58.43,40.19
europe_lau,Montolivet,montolivet,mo,49.34,74.49,-25.25
europe_lau,Montry,montry,mo,38.39,63.69,23.13
europe_lau,Moret-Loing-et-Orvanne,moret_loing_et_orvanne,mo,45.71,51.13,50.82
europe_lau,Mormant,mormant,mo,49.21,62.71,67.77
europe_lau,Mortcerf,mortcerf,mo,43.23,54.82,36.57
europe_lau,Mortery,mortery,mo,60.31,65.69,65.4
europe_lau,Mouroux,mouroux,mo,48.21,62.81,66.19
europe_lau,Mousseaux-lès-Bray,mousseaux_les_bray,mo,30.49,42.85,98.82
europe_lau,Moussy-le-Neuf,moussy_le_neuf,mo,57.31,74.91,69.3
europe_lau,Moussy-le-Vieux,moussy_le_vieux,mo,47.83,69.98,65.16
europe_lau,Mouy-sur-Seine,mouy_sur_seine,mo,38.68,64.34,10.71
europe_lau,Mórahalom,morahalom,mo,54.87,61.14,56.71
europe_lau,Mosonmagyaróvár,mosonmagyarovar,mo,39.52,54.61,75.72
europe_lau,Mogyoród,mogyorod,mo,50.57,62,45.63
europe_lau,Montecchio Emilia,montecchio_emilia,mo,42.4,62,70.57
europe_lau,Moliterno,moliterno,mo,42.92,63.95,82.18
europe_lau,Montemilone,montemilone,mo,67.39,68.26,62.35
europe_lau,Montemurro,montemurro,mo,50.26,67.93,77.72
europe_lau,Molini di Triora,molini_di_triora,mo,47.89,62.81,83.23
europe_lau,Montegrosso Pian Latte,montegrosso_pian_latte,mo,54.22,69.32,56.75
europe_lau,Montevarchi,montevarchi,mo,43.09,59.35,31.89
europe_lau,Montepulciano,montepulciano,mo,46.21,58.09,49.59
europe_lau,Monteriggioni,monteriggioni,mo,50.28,59.62,13.24
europe_lau,Monteroni d'Arbia,monteroni_d_arbia,mo,51.22,59.81,42.66
europe_lau,Monticiano,monticiano,mo,45.44,62.9,-16.24
europe_lau,Montalcino,montalcino,mo,32.18,51.06,44.44
europe_lau,Monte Argentario,monte_argentario,mo,58.84,68.58,49.21
europe_lau,Montieri,montieri,mo,39.82,52.18,68.95
europe_lau,Monterotondo Marittimo,monterotondo_marittimo,mo,36.57,65.26,-3.74
europe_lau,Monte Cremasco,monte_cremasco,mo,61.46,74.59,82.03
europe_lau,Montodine,montodine,mo,47,57.59,63.21
europe_lau,Moscazzano,moscazzano,mo,34.82,67.31,98.06
europe_lau,Motta Baluffi,motta_baluffi,mo,58.72,67.59,51.79
europe_lau,Mohora,mohora,mo,46.29,67.45,-10.88
europe_lau,Mosonszolnok,mosonszolnok,mo,34.62,59.93,2.2
europe_lau,Mogyorósbánya,mogyorosbanya,mo,59.05,70.26,66.16
europe_lau,Modena,modena,mo,55.55,62.45,55.95
europe_lau,Montecreto,montecreto,mo,23.31,52.46,78.05
europe_lau,Montefiorino,montefiorino,mo,53.32,60.83,54.17
europe_lau,Montese,montese,mo,43.6,62.59,66.92
europe_lau,Mohács,mohacs,mo,33.68,48.78,-1.76
europe_lau,Monostorapáti,monostorapati,mo,56.26,71.44,75.88
europe_lau,Montalto Carpasio,montalto_carpasio,mo,37.58,43.27,50.2
europe_lau,Moltrasio,moltrasio,mo,33.05,56.57,91.13
europe_lau,Monguzzo,monguzzo,mo,60.42,71.86,75.16
europe_lau,Montano Lucino,montano_lucino,mo,44.67,60.51,44.89
europe_lau,Montemezzo,montemezzo,mo,39.17,69.62,90.86
europe_lau,Montorfano,montorfano,mo,60.48,75.08,45.69
europe_lau,Mozzate,mozzate,mo,28.99,48.99,89.33
europe_lau,Mór,mor,mo,55.73,67.24,40.87
europe_lau,Montalbano Jonico,montalbano_jonico,mo,48.59,76.96,15.38
europe_lau,Montescaglioso,montescaglioso,mo,43.77,62.82,91.7
europe_lau,Moraveč,moravec,mo,61.84,72.46,60.7
europe_lau,Mőcsény,mocseny,mo,29.87,46.48,98.36
europe_lau,Moasca,moasca,mo,55.86,64.38,38.11
europe_lau,Mombaldone,mombaldone,mo,49.18,61.32,14.13
europe_lau,Mombaruzzo,mombaruzzo,mo,32.26,49.7,1.69
europe_lau,Mombercelli,mombercelli,mo,39.66,66.01,81.22
europe_lau,Monale,monale,mo,45.28,58.09,54.08
europe_lau,Monastero Bormida,monastero_bormida,mo,53.5,62.97,77.26
europe_lau,Moncalvo,moncalvo,mo,39.58,46.8,58.95
europe_lau,Moncucco Torinese,moncucco_torinese,mo,40.85,55.31,76.15
europe_lau,Mongardino,mongardino,mo,44.83,73.77,19.65
europe_lau,Montabone,montabone,mo,50.79,66.95,15.87
europe_lau,Montafia,montafia,mo,37.89,57.84,95.42
europe_lau,Montaldo Scarampi,montaldo_scarampi,mo,31.26,61.26,44.36
europe_lau,Montechiaro d'Asti,montechiaro_d_asti,mo,46.37,62.72,90.85
europe_lau,Montegrosso d'Asti,montegrosso_d_asti,mo,33.14,43.31,65.31
europe_lau,Montemagno,montemagno,mo,41.77,58.92,92.47
europe_lau,Moransengo,moransengo,mo,64.87,74.13,67.01
europe_lau,Monte Castello di Vibio,monte_castello_di_vibio,mo,37.44,52.94,46.01
europe_lau,Montefalco,montefalco,mo,69.57,71.56,58.82
europe_lau,Monteleone di Spoleto,monteleone_di_spoleto,mo,62.18,65.88,28.45
europe_lau,Monte Santa Maria Tiberina,monte_santa_maria_tiberina,mo,39.84,49.15,19.89
europe_lau,Montone,montone,mo,26.6,54.79,72.04
europe_lau,Montecastrilli,montecastrilli,mo,41.81,52.4,33.41
europe_lau,Montecchio,montecchio,mo,34.97,59.02,6.15
europe_lau,Montefranco,montefranco,mo,61.28,72.4,52.02
europe_lau,Montegabbione,montegabbione,mo,58.67,76.27,36.04
europe_lau,Monteleone d'Orvieto,monteleone_d_orvieto,mo,43.97,59.91,61.12
europe_lau,Mosonszentmiklós,mosonszentmiklos,mo,36.9,58,92.91
europe_lau,Monor,monor,mo,40.35,60.69,71.42
europe_lau,Mollia,mollia,mo,42.95,62.62,42.08
europe_lau,Moncrivello,moncrivello,mo,28.18,48.04,-19.4
europe_lau,Motta de' Conti,motta_de_conti,mo,33.28,43.21,5.51
europe_lau,Moglia,moglia,mo,36.14,58.33,68.92
europe_lau,Monzambano,monzambano,mo,53.22,63.56,27.98
europe_lau,Motteggiana,motteggiana,mo,15.32,47.07,-144.32
europe_lau,Mosfellsbær,mosfellsbaer,mo,55.28,65.36,45.18
europe_lau,Modrava,modrava,mo,57.11,63.23,67.69
europe_lau,Moiano,moiano,mo,33.5,64.26,52.39
europe_lau,Molinara,molinara,mo,41.45,66.93,83
europe_lau,Montefalcone di Val Fortore,montefalcone_di_val_fortore,mo,56.64,69.95,36.96
europe_lau,Montesarchio,montesarchio,mo,48.02,56.56,31.94
europe_lau,Morcone,morcone,mo,54,54.73,29.19
europe_lau,Mongrassano,mongrassano,mo,19.24,38.39,-20.2
europe_lau,Montalto Uffugo,montalto_uffugo,mo,33.54,65.67,19.06
europe_lau,Montegiordano,montegiordano,mo,60.11,64.62,47.61
europe_lau,Morano Calabro,morano_calabro,mo,46.89,67.52,24.9
europe_lau,Mormanno,mormanno,mo,49.34,64.3,90.8
europe_lau,Mottafollone,mottafollone,mo,15.7,45.08,-108.94
europe_lau,Moconesi,moconesi,mo,57.19,68.19,61.44
europe_lau,Moneglia,moneglia,mo,47.45,62.26,21.97
europe_lau,Montebruno,montebruno,mo,59.38,75.97,53.39
europe_lau,Montoggio,montoggio,mo,53.47,74.75,50.78
europe_lau,Móricgát,moricgat,mo,45.21,84.54,73.03
europe_lau,Montiglio Monferrato,montiglio_monferrato,mo,37.05,62.92,34.4
europe_lau,Montalto di Castro,montalto_di_castro,mo,56.82,73.02,29.78
europe_lau,Montefiascone,montefiascone,mo,54.47,62.38,79.32
europe_lau,Monte Romano,monte_romano,mo,21.07,50.39,86.54
europe_lau,Monterosi,monterosi,mo,44.92,63.81,96.98
europe_lau,Monorierdő,monorierdo,mo,55.76,71.37,44.93
europe_lau,Mosonudvar,mosonudvar,mo,36.17,72.37,78.11
europe_lau,Mogyoróska,mogyoroska,mo,53.38,67.75,42.16
europe_lau,Momo,momo,mo,59.75,69.94,61.15
europe_lau,Molvány,molvany,mo,34.79,68.99,85.67
europe_lau,Mozsgó,mozsgo,mo,39.38,58.08,76.46
europe_lau,Monguelfo-Tesido/Welsberg-Taisten,monguelfo_tesido_welsberg_taisten,mo,33.86,54.35,78.12
europe_lau,Montagna/Montan,montagna_montan,mo,30.43,36.68,47.63
europe_lau,Moso in Passiria/Moos in Passeier,moso_in_passiria_moos_in_passeier,mo,35.24,63.18,96.6
europe_lau,Monterosso al Mare,monterosso_al_mare,mo,26.58,55.05,62.48
europe_lau,Moha,moha,mo,35.95,68.23,84.71
europe_lau,Monostorpályi,monostorpalyi,mo,25.82,57.22,84.58
europe_lau,Mokrance,mokrance,mo,23.48,63.13,76.9
europe_lau,Moldava nad Bodvou,moldava_nad_bodvou,mo,28.51,67.84,84.8
europe_lau,Morašice,morasice,mo,64.05,73.54,49.34
europe_lau,Morašice,morasice,mo,34.2,63.7,92.9
europe_lau,Môlča,molca,mo,45.59,63.95,50.03
europe_lau,Moštenica,mostenica,mo,34.36,51.15,98.72
europe_lau,Motyčky,motycky,mo,64.32,67.54,72.23
europe_lau,Mochowo,mochowo,mo,39.14,58.44,86.02
europe_lau,Mojzesovo,mojzesovo,mo,70.32,73.12,71.97
europe_lau,Most,most,mo,37.92,57.02,21.75
europe_lau,Monor,monor,mo,46.17,59.2,74.13
europe_lau,Mogoş,mogos,mo,39.8,55.47,23.3
europe_lau,Mociu,mociu,mo,48.31,50.34,63.81
europe_lau,Moldoveneşti,moldovenesti,mo,47.21,52.46,36.81
europe_lau,Mokobody,mokobody,mo,46.56,61.37,84.88
europe_lau,Mordy,mordy,mo,48.8,61.44,46.21
europe_lau,Mogielnica,mogielnica,mo,47.44,66.14,78.75
europe_lau,Movileni,movileni,mo,30.66,60.37,96.06
europe_lau,Mojtín,mojtin,mo,57.89,68.12,43.81
europe_lau,Mojš,mojs,mo,49.86,71.52,42.83
europe_lau,Moravany,moravany,mo,61.35,72.96,56.52
europe_lau,Mostová,mostova,mo,54.65,67.83,52.94
europe_lau,Mokrá Lúka,mokra_luka,mo,25.75,41.65,79.91
europe_lau,Mokronog - Trebelno,mokronog_trebelno,mo,60.43,69.29,71.67
europe_lau,Mokrý Háj,mokry_haj,mo,66.56,81.14,39.48
europe_lau,Moravský Svätý Ján,moravsky_svaty_jan,mo,46.82,63.45,38.32
europe_lau,Morunglav,morunglav,mo,46.66,63.22,77.56
europe_lau,Movileni,movileni,mo,56.74,67.98,77.57
europe_lau,Moita,moita,mo,41.31,62.96,-11.96
europe_lau,Moldes,moldes,mo,51.83,68.25,51.58
europe_lau,Mouriscas,mouriscas,mo,55.38,66.16,89.1
europe_lau,Moitas Venda,moitas_venda,mo,33.52,58.33,3.91
europe_lau,Monsanto,monsanto,mo,43.49,56.66,84.82
europe_lau,Montalvo,montalvo,mo,66.52,73.57,77.31
europe_lau,Moosbach,moosbach,mo,39.1,52.08,90.72
europe_lau,Monsul,monsul,mo,50.31,68.39,45.34
europe_lau,Moimenta,moimenta,mo,43.51,67.6,-1.91
europe_lau,Moita,moita,mo,35.79,66.61,84.44
europe_lau,Mojmírovce,mojmirovce,mo,45.33,72.87,48.63
europe_lau,Močenok,mocenok,mo,54.8,70.92,55.82
europe_lau,Moieciu,moieciu,mo,28.22,51.12,76.93
europe_lau,Mohelnice nad Jizerou,mohelnice_nad_jizerou,mo,33.4,43.24,78.75
europe_lau,Mokrovousy,mokrovousy,mo,36.03,53.02,-14.94
europe_lau,Moacşa,moacsa,mo,54.94,67.34,68.38
europe_lau,Moţăieni,motaieni,mo,43.59,69.13,83.58
europe_lau,Mogoşoaia,mogosoaia,mo,44.19,62.3,72.42
europe_lau,Moldoveni,moldoveni,mo,48.95,59.6,77.63
europe_lau,Motala,motala,mo,50.57,60.89,59.95
europe_lau,Moçarria,mocarria,mo,37.28,63.66,87.35
europe_lau,Mosteiro,mosteiro,mo,37.14,54.74,85.39
europe_lau,Mogoşani,mogosani,mo,42.92,60.26,57.33
europe_lau,Moroeni,moroeni,mo,49.41,65.09,84.53
europe_lau,Morteni,morteni,mo,66.09,73.83,59.18
europe_lau,Moosdorf,moosdorf,mo,48.92,66.82,22.16
europe_lau,Mokroluh,mokroluh,mo,49.7,70.32,87.1
europe_lau,Mogege,mogege,mo,47.28,66.9,1.29
europe_lau,Moure,moure,mo,44.85,54.74,52.68
europe_lau,Moča,moca,mo,57.71,70.19,53.82
europe_lau,Modrany,modrany,mo,34.18,60.1,90.29
europe_lau,Modrová,modrova,mo,39.64,57.2,-3.75
europe_lau,Modrovka,modrovka,mo,34.52,58.91,37.67
europe_lau,Moravské Lieskové,moravske_lieskove,mo,34.01,74.8,81.78
europe_lau,Motešice,motesice,mo,26.19,39.78,98.45
europe_lau,Movila Miresii,movila_miresii,mo,62.58,77.11,42.29
europe_lau,Moita dos Ferreiros,moita_dos_ferreiros,mo,33.04,55.96,70.81
europe_lau,Moškovec,moskovec,mo,51.11,63.42,47.85
europe_lau,Mošovce,mosovce,mo,34.43,58.69,47.9
europe_lau,Motoşeni,motoseni,mo,27.15,42.31,98.53
europe_lau,Mörbylånga,morbylanga,mo,21.6,59.94,77.74
europe_lau,Mönsterås,monsteras,mo,43.27,56.42,88.25
europe_lau,Moravice,moravice,mo,57.55,73.71,55.23
europe_lau,Modlíkov,modlikov,mo,35.73,51.82,55.1
europe_lau,Moftin,moftin,mo,45.77,62.36,91.86
europe_lau,Moita,moita,mo,35.29,51.77,99.6
europe_lau,Modrý Kameň,modry_kamen,mo,43.74,73.52,63.15
europe_lau,Modelu,modelu,mo,24.66,62.97,76.9
europe_lau,Mošnov,mosnov,mo,35.9,57.65,-7.32
europe_lau,Movila,movila,mo,43.97,51.46,83.09
europe_lau,Modra nad Cirochou,modra_nad_cirochou,mo,48.88,67.15,35.41
europe_lau,Mošurov,mosurov,mo,34.02,52.17,89.86
europe_lau,Moravany nad Váhom,moravany_nad_vahom,mo,44.57,64.02,30.3
europe_lau,Movila Banului,movila_banului,mo,49.14,60.42,56.29
europe_lau,Modra,modra,mo,38.73,72.25,72.36
europe_lau,Most pri Bratislave,most_pri_bratislave,mo,36.96,63.16,71.43
europe_lau,Moţăţei,motatei,mo,37.59,55.39,91.62
europe_lau,Mölndal,molndal,mo,44.53,57.53,24.46
europe_lau,Mora,mora,mo,34.69,40.27,80.65
europe_lau,Modlany,modlany,mo,37.67,54.76,81.29
europe_lau,Moldava,moldava,mo,42.68,59.88,43.01
europe_lau,Močiar,mociar,mo,58.13,69.89,56.59
europe_lau,Mogoşeşti,mogosesti,mo,60.43,66.46,79
europe_lau,Mogoşeşti-Siret,mogosesti_siret,mo,34.18,66.91,29.46
europe_lau,Moşna,mosna,mo,40.42,59.01,26.85
europe_lau,Motca,motca,mo,42.4,60.38,94.48
europe_lau,Movileni,movileni,mo,43.22,63.65,37.52
europe_lau,Moravče,moravce,mo,51.12,65.68,2.15
europe_lau,Moravske Toplice,moravske_toplice,mo,65.64,65.71,50.21
europe_lau,Mozirje,mozirje,mo,48.81,60.6,76.65
europe_lau,Moşoaia,mosoaia,mo,55.29,74.71,2.66
europe_lau,Mozăceni,mozaceni,mo,51.85,73.46,54.03
europe_lau,Moviliţa,movilita,mo,16.67,39.24,49.93
europe_lau,Monte Córdova,monte_cordova,mo,50.9,68.73,5.07
europe_lau,Modivas,modivas,mo,53.47,63.76,46.52
europe_lau,Moreira do Castelo,moreira_do_castelo,mo,49.92,67.85,81.18
europe_lau,Moskorzew,moskorzew,mo,45.7,61.41,-0.23
europe_lau,Mondim da Beira,mondim_da_beira,mo,62.82,71.79,59.53
europe_lau,Molelos,molelos,mo,36.04,66.69,87.3
europe_lau,Moreira de Cónegos,moreira_de_conegos,mo,44.23,63.37,10.26
europe_lau,Moara,moara,mo,34.83,40.48,54
europe_lau,Moldova-Suliţa,moldova_sulita,mo,49.08,70.73,79.69
europe_lau,Moldoviţa,moldovita,mo,61.62,71.4,43.05
europe_lau,Montaria,montaria,mo,60.79,66.33,62
europe_lau,Mora,mora,mo,43.81,58.04,68.24
europe_lau,Mourão,mourao,mo,32.86,55.27,46.5
europe_lau,Monte do Trigo,monte_do_trigo,mo,42.22,60.63,10.44
europe_lau,Montoito,montoito,mo,59.15,70.95,20.1
europe_lau,Monsaraz,monsaraz,mo,53.14,71.02,97.31
europe_lau,Mogilany,mogilany,mo,58.13,59.57,67.15
europe_lau,Mogorella,mogorella,mo,46.19,71.25,93.87
europe_lau,Mogoro,mogoro,mo,51.68,69.38,25.12
europe_lau,Morgongiori,morgongiori,mo,58.18,74.29,30.65
europe_lau,Modolo,modolo,mo,40.05,61.61,95.1
europe_lau,Montresta,montresta,mo,47.05,54.65,72.7
europe_lau,Mós,mos,mo,59.44,68.08,24.62
europe_lau,Moisei,moisei,mo,32.99,53.63,35.86
europe_lau,Mohelnice,mohelnice,mo,52.79,68.95,56.19
europe_lau,Monte,monte,mo,33.7,53.35,86.63
europe_lau,Mozelos,mozelos,mo,42.85,64.59,47.26
europe_lau,Monte,monte,mo,51.25,68.86,46.68
europe_lau,Moşteni,mosteni,mo,52.54,70.99,68.4
europe_lau,Moreiras,moreiras,mo,63.97,71.15,48.14
europe_lau,Montenegro,montenegro,mo,30.38,47.61,98.17
europe_lau,Monchique,monchique,mo,58.84,68.35,83.78
europe_lau,Monte Gordo,monte_gordo,mo,58.04,73.75,24.97
europe_lau,Moszczenica,moszczenica,mo,35.54,59.42,35.69
europe_lau,Mongrando,mongrando,mo,40.41,56.3,-15.02
europe_lau,Mottalciata,mottalciata,mo,48.2,62.78,80.8
europe_lau,Mook en Middelaar,mook_en_middelaar,mo,44.46,66.83,80.88
europe_lau,Morgade,morgade,mo,60.41,72.49,62.18
europe_lau,Monforte da Beira,monforte_da_beira,mo,47.07,60.62,74.03
europe_lau,Moneasa,moneasa,mo,58.89,76.72,81.14
europe_lau,Monteleone Rocca Doria,monteleone_rocca_doria,mo,32.14,62.5,73.71
europe_lau,Monti,monti,mo,63.78,76.61,65.85
europe_lau,Mores,mores,mo,52.21,62.87,84.58
europe_lau,Могила,mogila,mo,43.56,57.18,33.98
europe_lau,Moerdijk,moerdijk,mo,40.95,65.22,-35.39
europe_lau,Mosteiros,mosteiros,mo,59.84,65.81,48.21
europe_lau,Morăreşti,moraresti,mo,38.86,52.94,83.85
europe_lau,Moszczenica,moszczenica,mo,56.36,62.28,56.29
europe_lau,Moggio,moggio,mo,31.96,44.58,83.72
europe_lau,Molteno,molteno,mo,43.59,54.68,77.84
europe_lau,Monte Marenzo,monte_marenzo,mo,64.54,73.41,53.43
europe_lau,Montevecchia,montevecchia,mo,41.56,54.35,80.23
europe_lau,Monticello Brianza,monticello_brianza,mo,43.14,60.1,71.19
europe_lau,Morterone,morterone,mo,40.37,64.77,18.1
europe_lau,Mosteiro,mosteiro,mo,43.21,61.14,70.84
europe_lau,Montferland,montferland,mo,36.16,56.24,25.27
europe_lau,Molenlanden,molenlanden,mo,30.65,57.93,-56.29
europe_lau,Molde,molde,mo,18.22,32.17,6.83
europe_lau,Montes da Senhora,montes_da_senhora,mo,53.84,68.41,55.28
europe_lau,Moreira,moreira,mo,51.79,71.36,64.94
europe_lau,Mokrsko,mokrsko,mo,47.23,67.38,93.58
europe_lau,Mosteiros,mosteiros,mo,48.35,64.43,16.82
europe_lau,Mosteiro,mosteiro,mo,43.13,68.21,39.3
europe_lau,Moraviţa,moravita,mo,47.45,66.7,33.71
europe_lau,Moşniţa Nouă,mosnita_noua,mo,57.18,62.94,53.58
europe_lau,Moure,moure,mo,29.66,65.84,74.57
europe_lau,Monte Redondo,monte_redondo,mo,65.98,74.84,33.57
europe_lau,Moreira,moreira,mo,46.49,61.73,87.17
europe_lau,Mondrões,mondroes,mo,40.23,54.35,81.64
europe_lau,Mões,moes,mo,40.07,52.26,47.97
europe_lau,Moledo,moledo,mo,41.83,58.76,7.44
europe_lau,Monteiras,monteiras,mo,51.42,67.1,18.21
europe_lau,Moldoveni,moldoveni,mo,35.66,52.02,2.66
europe_lau,Monserrato,monserrato,mo,31.04,67.97,79.42
europe_lau,Montereale Valcellina,montereale_valcellina,mo,34.31,58.14,63.49
europe_lau,Morsano al Tagliamento,morsano_al_tagliamento,mo,46.68,64.25,80.23
europe_lau,Mós,mos,mo,34.02,51.1,96.85
europe_lau,Monte da Pedra,monte_da_pedra,mo,21.97,50.44,-135.52
europe_lau,Moinhos da Gândara,moinhos_da_gandara,mo,46.47,55.6,80.87
europe_lau,Morawica,morawica,mo,57.5,59.58,69.18
europe_lau,Monforte,monforte,mo,61.45,75.39,47.14
europe_lau,Montalvão,montalvao,mo,48.92,65.74,62.14
europe_lau,Montargil,montargil,mo,51.2,79.5,64.02
europe_lau,Moşna,mosna,mo,50.88,58.18,72.86
europe_lau,Moimenta,moimenta,mo,67.23,79.91,61.08
europe_lau,Mozelos,mozelos,mo,50.33,83.36,85.46
europe_lau,Moimenta da Beira,moimenta_da_beira,mo,47.27,71.48,76.43
europe_lau,Moimentinha,moimentinha,mo,50.28,58.44,39.29
europe_lau,Moreira de Rei,moreira_de_rei,mo,51.84,69.9,86.24
europe_lau,Montaquila,montaquila,mo,40.39,64.1,83.66
europe_lau,Montenero Val Cocchiara,montenero_val_cocchiara,mo,63.09,73.95,76.25
europe_lau,Monteroduni,monteroduni,mo,57.85,62.71,65.11
europe_lau,Montfoort,montfoort,mo,46.1,54.81,23.45
europe_lau,Morais,morais,mo,59.14,66.32,38.45
europe_lau,Mouronho,mouronho,mo,44.55,56.04,76.22
europe_lau,Moara Vlăsiei,moara_vlasiei,mo,44.84,65.56,11.47
europe_lau,Moviliţa,movilita,mo,49.38,66.94,65.88
europe_lau,Μουτταγιάκα,mouttagiaka,mo,44.4,69.03,96.69
europe_lau,Mönkloh,monkloh,mo,40.85,65.21,86.95
europe_lau,Mörlenbach,morlenbach,mo,35.55,63.47,68.63
europe_lau,Moorenweis,moorenweis,mo,45.71,63.82,30.73
europe_lau,Möttingen,mottingen,mo,48.44,53.16,54.07
europe_lau,Monsalupe,monsalupe,mo,66.68,77.26,69.1
europe_lau,Montsalier,montsalier,mo,38.02,60.67,89.9
europe_lau,Möriken-Wildegg,moriken_wildegg,mo,45.65,70.84,-6.7
europe_lau,Montoldre,montoldre,mo,43.94,55.34,51.99
europe_lau,Moosseedorf,moosseedorf,mo,44.94,59.7,38.83
europe_lau,Mörschwil,morschwil,mo,53.94,72.94,56.38
europe_lau,Monampteuil,monampteuil,mo,24.15,40.92,97.62
europe_lau,Morgny-en-Thiérache,morgny_en_thierache,mo,64.36,78.08,38.8
europe_lau,Mont-sur-Rolle,mont_sur_rolle,mo,42.65,60.9,87.24
europe_lau,Moncale,moncale,mo,46.2,60.95,59.73
europe_lau,Montefiore dell'Aso,montefiore_dell_aso,mo,48.9,76.16,37.13
europe_lau,Moimacco,moimacco,mo,55.93,65.04,24.95
europe_lau,Monteforte Irpino,monteforte_irpino,mo,35.21,53.04,15.04
europe_lau,Monte San Pietro,monte_san_pietro,mo,30.05,59.04,93.37
europe_lau,Montecilfone,montecilfone,mo,40.25,61.15,75.44
europe_lau,Mongiardino Ligure,mongiardino_ligure,mo,51.49,59.34,56.89
europe_lau,Montalenghe,montalenghe,mo,28.86,61.62,97.51
