category,name,slug,prefix,roundness,rectangularity,mobile_fit
europe_lau,Ledce,ledce,le,29.58,54.24,90.22
europe_lau,Lelekovice,lelekovice,le,48.78,69.75,90.72
europe_lau,Lesní Hluboké,lesni_hluboke,le,54.33,74.8,-6.52
europe_lau,Leopoldschlag,leopoldschlag,le,37.72,55.35,22.19
europe_lau,Ledce,ledce,le,46.18,65.08,85.74
europe_lau,Levínská Olešnice,levinska_olesnice,le,65.31,70.08,46.48
europe_lau,Letovice,letovice,le,44.95,53.25,60.93
europe_lau,Letonice,letonice,le,55.92,72.49,45.26
europe_lau,Lednice,lednice,le,46.81,59.76,5.54
europe_lau,Letohrad,letohrad,le,45.52,56.41,32.65
europe_lau,Leonding,leonding,le,55.67,64.99,82.48
europe_lau,Lechotice,lechotice,le,44.82,69.09,45.42
europe_lau,Lesná,lesna,le,40.27,58.69,97.52
europe_lau,Lesní Jakubov,lesni_jakubov,le,39.78,64.96,-34.32
europe_lau,Lesonice,lesonice,le,31.2,60.88,-2.1
europe_lau,Leskovec nad Moravicí,leskovec_nad_moravici,le,44.68,59.93,91.81
europe_lau,Lembach im Mühlkreis,lembach_im_muhlkreis,le,52.51,72.67,66.83
europe_lau,LEZHË,lezhe,le,37.08,48.06,54.1
europe_lau,Lehe,lehe,le,66.29,72.41,52.68
europe_lau,Lesná,lesna,le,43.06,53.43,35.37
europe_lau,Lesonice,lesonice,le,52.31,70.46,58.19
europe_lau,Lechovice,lechovice,le,32.58,67.86,73.95
europe_lau,Lešany,lesany,le,44.18,74.35,-3.85
europe_lau,Lenzing,lenzing,le,59.79,62.03,58.76
europe_lau,Lehmrade,lehmrade,le,60.31,72.4,77.41
europe_lau,Leck,leck,le,64.32,68.55,63.28
europe_lau,Lexgaard,lexgaard,le,51.2,73.45,40.42
europe_lau,Lebrade,lebrade,le,38.19,57.9,77.11
europe_lau,Lehmkuhlen,lehmkuhlen,le,38.03,51.21,67.94
europe_lau,Lensahn,lensahn,le,33.15,48.42,78.63
europe_lau,Lehre,lehre,le,58.29,63.58,38.9
europe_lau,Lengede,lengede,le,57.38,60.51,49.86
europe_lau,"Lehrte, Stadt",lehrte_stadt,le,48.57,69.84,8.27
europe_lau,Lembruch,lembruch,le,30.13,64.49,-47.02
europe_lau,"Lemförde, Flecken",lemforde_flecken,le,45.35,53.78,54.21
europe_lau,Leezen,leezen,le,45.93,53.45,35.69
europe_lau,Lentföhrden,lentfohrden,le,40.7,58.21,23.6
europe_lau,Lenne,lenne,le,46.32,59.06,60.58
europe_lau,Leese,leese,le,58.26,70.05,53.65
europe_lau,Lengenbostel,lengenbostel,le,53.75,71.17,73.32
europe_lau,Leiferde,leiferde,le,40.74,50.88,45.07
europe_lau,Leezdorf,leezdorf,le,45.9,59.43,25.73
europe_lau,Lehe,lehe,le,67.71,80.71,31.1
europe_lau,Lengerich,lengerich,le,37.12,58.2,97.4
europe_lau,"Leverkusen, Stadt",leverkusen_stadt,le,43.69,59.97,-3.94
europe_lau,"Leichlingen (Rheinland), Blütenstadt",leichlingen_rheinland_blutenstadt,le,31.28,62.83,-34.06
europe_lau,Legden,legden,le,58.91,67.7,54.35
europe_lau,"Lengerich, Stadt",lengerich_stadt,le,57.82,75.72,32.44
europe_lau,"Lemgo, Stadt",lemgo_stadt,le,51.56,66.75,63.5
europe_lau,Leopoldshöhe,leopoldshohe,le,51.43,71.06,83.37
europe_lau,Lessach,lessach,le,40.18,66.14,97.26
europe_lau,"Lennestadt, Stadt",lennestadt_stadt,le,41.92,53.08,29.1
europe_lau,Lemwerder,lemwerder,le,50.28,66.77,64.05
europe_lau,Lend,lend,le,57.86,67.6,43.75
europe_lau,Leogang,leogang,le,60.01,71.88,12.12
europe_lau,Leimbach,leimbach,le,48.34,61.3,0.72
europe_lau,"Leun, Stadt",leun_stadt,le,45.38,60.33,43.08
europe_lau,"Leer (Ostfriesland), Stadt",leer_ostfriesland_stadt,le,44.37,62.33,37.7
europe_lau,Leisel,leisel,le,55.89,65.55,47.65
europe_lau,Leitzweiler,leitzweiler,le,45.21,59.67,30.71
europe_lau,Leienkaul,leienkaul,le,63.3,81.24,74.6
europe_lau,Lebring-Sankt Margarethen,lebring_sankt_margarethen,le,39.61,64.13,78.43
europe_lau,Lehmen,lehmen,le,50.43,70.71,72.49
europe_lau,Leubsdorf,leubsdorf,le,23.01,46.39,-24.14
europe_lau,Leutesdorf,leutesdorf,le,40.55,53.18,90.45
europe_lau,Leibnitz,leibnitz,le,37.63,62.04,95.87
europe_lau,Leutschach an der Weinstraße,leutschach_an_der_weinstrasse,le,54.52,64.49,46.95
europe_lau,Leiningen,leiningen,le,56.12,69.12,60.73
europe_lau,Leoben,leoben,le,50.4,72.51,61.73
europe_lau,Lettweiler,lettweiler,le,51.02,63.84,37.77
europe_lau,Leimbach,leimbach,le,56.19,76.52,4.25
europe_lau,Leuterod,leuterod,le,51.29,66.84,21.42
europe_lau,Leiwen,leiwen,le,42.04,59.34,89.19
europe_lau,"Leinfelden-Echterdingen, Stadt",leinfelden_echterdingen_stadt,le,47.44,63.68,34.12
europe_lau,Lenningen,lenningen,le,44.08,52.44,22.4
europe_lau,Leimersheim,leimersheim,le,37.88,47.74,37.28
europe_lau,Leidenborn,leidenborn,le,51.41,60.68,42.08
europe_lau,Leinsweiler,leinsweiler,le,39.79,60.21,2.69
europe_lau,Leutenbach,leutenbach,le,42.51,61.37,2.84
europe_lau,Lehrensteinsfeld,lehrensteinsfeld,le,52.87,63.31,67.65
europe_lau,"Leingarten, Stadt",leingarten_stadt,le,58.61,67.99,47.24
europe_lau,Leimen,leimen,le,41.56,65.72,38.91
europe_lau,Lemberg,lemberg,le,53.2,65.84,23.5
europe_lau,"Leonberg, Stadt",leonberg_stadt,le,45.39,64.96,73.16
europe_lau,Lenzkirch,lenzkirch,le,43.22,62.52,-4.38
europe_lau,Leinzell,leinzell,le,37.66,63.14,-12.12
europe_lau,"Leimen, Stadt",leimen_stadt,le,32.83,46.53,6.78
europe_lau,Leiblfing,leiblfing,le,46.73,60.01,43.79
europe_lau,Leutasch,leutasch,le,42.19,66.69,18.07
europe_lau,"Leutkirch im Allgäu, Stadt",leutkirch_im_allgau_stadt,le,50.31,63.13,50.32
europe_lau,Leibertingen,leibertingen,le,46.11,61.18,87.76
europe_lau,Lenggries,lenggries,le,36.32,54.06,46.91
europe_lau,Lenting,lenting,le,39.48,55.32,78.22
europe_lau,Lengdorf,lengdorf,le,58.9,67.09,73.74
europe_lau,Leopoldsreuter Wald,leopoldsreuter_wald,le,40.68,55.71,54.01
europe_lau,"Leuchtenberg, M",leuchtenberg_m,le,56.58,67.45,80.91
europe_lau,Leutersdorf,leutersdorf,le,40.13,62.5,45.65
europe_lau,"Leipzig, Stadt",leipzig_stadt,le,52.15,66.05,65.69
europe_lau,"Leipheim, St",leipheim_st,le,43.46,55.12,67.95
europe_lau,Leutersdorf,leutersdorf,le,42.65,69.39,86.75
europe_lau,Ledegem,ledegem,le,50.91,69.29,-4.79
europe_lau,Lechbruck am See,lechbruck_am_see,le,25.15,59.47,72.35
europe_lau,Lengenwang,lengenwang,le,39.21,46.25,38.32
europe_lau,"Legau, M",legau_m,le,57.94,66.35,69.74
europe_lau,Lennik,lennik,le,65.15,72.34,54.88
europe_lau,Lengfeld,lengfeld,le,58.45,71.72,64.18
europe_lau,"Leutenberg, Stadt",leutenberg_stadt,le,49.35,60.9,21.46
europe_lau,Lech,lech,le,51.64,58.57,38.68
europe_lau,Leuven,leuven,le,40.09,52.95,88.29
europe_lau,"Leuna, Stadt",leuna_stadt,le,31.37,55.5,20.81
europe_lau,"Lebach, Stadt",lebach_stadt,le,38.9,55.01,77.88
europe_lau,Lehesten,lehesten,le,40.64,60.4,-10.25
europe_lau,Lehnstedt,lehnstedt,le,36.36,55.02,91.1
europe_lau,"Lehesten, Stadt",lehesten_stadt,le,40.14,61.7,99.56
europe_lau,Lede,lede,le,29.95,69.15,-92.02
europe_lau,Lesachtal,lesachtal,le,62.49,72.17,55.14
europe_lau,Leinburg,leinburg,le,45.75,47.9,59.05
europe_lau,Lemnitz,lemnitz,le,58.94,79.12,86.61
europe_lau,Lebbeke,lebbeke,le,60.23,70.42,43.01
europe_lau,Lenterode,lenterode,le,72.29,75.12,68.32
europe_lau,"Leinefelde-Worbis, Stadt",leinefelde_worbis_stadt,le,43.55,63.84,72.38
europe_lau,Leimbach,leimbach,le,46.53,64.71,69.17
europe_lau,Lebusa,lebusa,le,60.61,68.47,41.48
europe_lau,"Lebus, Stadt",lebus_stadt,le,31.72,48.01,40.73
europe_lau,Letschin,letschin,le,46.09,59.44,75.48
europe_lau,Lederhose,lederhose,le,55.03,74.38,1.77
europe_lau,Leegebruch,leegebruch,le,57.57,70.1,81.51
europe_lau,Lejre,lejre,le,52.26,61.05,80.13
europe_lau,Lemvig,lemvig,le,40.61,55.89,93.76
europe_lau,Ledigos,ledigos,le,50.65,58.25,48.37
europe_lau,Le Châtelard,le_chatelard,le,53.58,68.54,39.99
europe_lau,Leioa,leioa,le,56.26,80.19,34.1
europe_lau,Lemoa,lemoa,le,47.09,59.99,60.46
europe_lau,Lemoiz,lemoiz,le,38.2,51.01,47.05
europe_lau,Lekeitio,lekeitio,le,30.51,46.72,95.08
europe_lau,Левски,levski,le,46.33,52.08,78.57
europe_lau,Lezama,lezama,le,57.22,74.97,69.22
europe_lau,Lengnau (BE),lengnau_be,le,26.99,61.38,77.94
europe_lau,Leuzigen,leuzigen,le,63.65,67.2,60.27
europe_lau,Leza,leza,le,46.8,61.79,92.06
europe_lau,Legutio,legutio,le,51.01,65.85,86.92
europe_lau,Lecrín,lecrin,le,39.68,52.08,27.73
europe_lau,Lentegí,lentegi,le,44.44,59.52,59.36
europe_lau,Летница,letnica,le,43.16,54.99,90.15
europe_lau,Ledaña,ledana,le,67,85.04,56.04
europe_lau,Leganiel,leganiel,le,51.56,62.29,52.17
europe_lau,Letur,letur,le,37.87,63.57,68.15
europe_lau,Lezuza,lezuza,le,62.48,64.77,53.4
europe_lau,Leopoldsburg,leopoldsburg,le,54.89,67.77,33.73
europe_lau,Lendorf,lendorf,le,26.73,48.93,90.21
europe_lau,Lerma,lerma,le,31.92,40.37,66.24
europe_lau,"Leisnig, Stadt",leisnig_stadt,le,60.94,62.48,45.29
europe_lau,Leinburg,leinburg,le,25.9,55.6,-72.9
europe_lau,Lelkendorf,lelkendorf,le,67.51,69.4,45.34
europe_lau,Leutenbach,leutenbach,le,49.28,61.16,65.67
europe_lau,Leupoldsgrün,leupoldsgrun,le,38.56,56.35,96.64
europe_lau,Leubsdorf,leubsdorf,le,63.39,67.3,40.95
europe_lau,"Lengenfeld, Stadt",lengenfeld_stadt,le,44.19,59.9,15.44
europe_lau,Leinach,leinach,le,65.34,71.99,53.46
europe_lau,Les Bons Villers,les_bons_villers,le,36.9,53.98,58.95
europe_lau,Legde/Quitzöbel,legde_quitzobel,le,63.89,68.36,40.25
europe_lau,"Lenzen (Elbe), Stadt",lenzen_elbe_stadt,le,31.55,39.96,22.28
europe_lau,Lenzerwische,lenzerwische,le,40.27,58,18.19
europe_lau,Leisach,leisach,le,38.59,68.3,92.34
europe_lau,Lendelede,lendelede,le,48.43,76.63,-34.39
europe_lau,Leopoldshagen,leopoldshagen,le,44.65,65.08,19.45
europe_lau,Levenhagen,levenhagen,le,59.8,62.77,67.31
europe_lau,Lens,lens,le,49.14,56.78,30.78
europe_lau,"Lehrberg, M",lehrberg_m,le,41.01,55.99,5.89
europe_lau,"Leutershausen, St",leutershausen_st,le,54.07,58.65,38.42
europe_lau,Leuze-en-Hainaut,leuze_en_hainaut,le,65.46,61.93,49.17
europe_lau,Leezen,leezen,le,33.15,54.25,99.04
europe_lau,Lewitzrand,lewitzrand,le,42.09,59.5,98.79
europe_lau,Lechaschau,lechaschau,le,34.65,40.95,38.85
europe_lau,Lermoos,lermoos,le,38,63.42,77.99
europe_lau,Léglise,leglise,le,45.75,61.78,42.42
europe_lau,Leizen,leizen,le,59.14,69.22,40.07
europe_lau,Leonberg,leonberg,le,50.44,61.56,81.95
europe_lau,Leidersbach,leidersbach,le,55.08,62.77,47.54
europe_lau,Lessen,lessen,le,60.81,69.49,24.91
europe_lau,Le Roeulx,le_roeulx,le,46.64,66.74,42.2
europe_lau,Le Mont-sur-Lausanne,le_mont_sur_lausanne,le,56.79,65.19,76.73
europe_lau,Le Manoir,le_manoir,le,22.57,48.39,89.31
europe_lau,Le Mesnil-Fuguet,le_mesnil_fuguet,le,48.59,68.04,26.08
europe_lau,Le Mesnil-Jourdain,le_mesnil_jourdain,le,38.63,67.87,-13.69
europe_lau,Le Neubourg,le_neubourg,le,35.33,59.3,22.92
europe_lau,Le Noyer-en-Ouche,le_noyer_en_ouche,le,31.84,56.85,-3.79
europe_lau,Le Val-Doré,le_val_dore,le,43.44,51.19,53.59
europe_lau,Les Places,les_places,le,67.91,72.79,66.19
europe_lau,Le Planquay,le_planquay,le,31.13,58.76,-54.44
europe_lau,Le Chastang,le_chastang,le,48.95,66.17,93.16
europe_lau,Le Vernet,le_vernet,le,42.36,69.67,43.71
europe_lau,Le Veurdre,le_veurdre,le,40.63,66.01,55.28
europe_lau,Le Vilhain,le_vilhain,le,56.75,63.3,73.63
europe_lau,Le Crestet,le_crestet,le,37.08,59.08,-21.45
europe_lau,Le Broc,le_broc,le,43.6,57.17,85.37
europe_lau,Le Cannet,le_cannet,le,24.99,51.44,-47.74
europe_lau,Les Baux-de-Provence,les_baux_de_provence,le,54.76,68.01,18.64
europe_lau,Les Pennes-Mirabeau,les_pennes_mirabeau,le,48.99,60.76,24.67
europe_lau,Le Pizou,le_pizou,le,49.63,66.4,77.1
europe_lau,Le Seure,le_seure,le,58.7,71.82,44.27
europe_lau,Le Jardin,le_jardin,le,36.75,63.39,-50.11
europe_lau,Le Russey,le_russey,le,52.34,68.27,15.07
europe_lau,Le Lac-d'Issarlès,le_lac_d_issarles,le,54.17,59.88,51.82
europe_lau,Lemps,lemps,le,28.57,33.23,56.44
europe_lau,Lentillères,lentilleres,le,33.1,44.53,2.28
europe_lau,Lespéron,lesperon,le,38.76,55.06,87.33
europe_lau,Le Puy-Sainte-Réparade,le_puy_sainte_reparade,le,59.95,73.19,69.86
europe_lau,Le Fréty,le_frety,le,33.98,57.53,-9.54
europe_lau,Les Hautes-Rivières,les_hautes_rivieres,le,27.09,49.46,92.81
europe_lau,Le Thou,le_thou,le,40.24,60.39,-18.57
europe_lau,Les Touches-de-Périgny,les_touches_de_perigny,le,74.52,72.02,46.73
europe_lau,Le Barboux,le_barboux,le,41.66,74.41,18.14
europe_lau,Le Bélieu,le_belieu,le,45.07,62.1,84.38
europe_lau,Le Bizot,le_bizot,le,52.2,70.83,63.74
europe_lau,Les Bréseux,les_breseux,le,48.95,66.03,3.12
europe_lau,Le Cambout,le_cambout,le,49.79,71.83,49.35
europe_lau,Les Champs-Géraux,les_champs_geraux,le,67.28,77.73,32.39
europe_lau,Le Mené,le_mene,le,46.94,64.53,24.68
europe_lau,Le Faouët,le_faouet,le,49.42,64.39,16.88
europe_lau,Le Fœil,le_foeil,le,45.32,50.72,47.09
europe_lau,Le Haut-Corlay,le_haut_corlay,le,50.72,67.47,42.76
europe_lau,Le Hinglé,le_hingle,le,54.41,65.46,67.33
europe_lau,Le Brusquet,le_brusquet,le,57.69,69.73,73.98
europe_lau,Le Caire,le_caire,le,62.11,70.21,48.34
europe_lau,Le Castellard-Mélan,le_castellard_melan,le,54.19,69.52,75.42
europe_lau,Le Castellet,le_castellet,le,36.81,69.7,85.82
europe_lau,Le Chaffaut-Saint-Jurson,le_chaffaut_saint_jurson,le,30.58,52.06,-15.61
europe_lau,Lechâtelet,lechatelet,le,47.77,60.72,30.65
europe_lau,Léry,lery,le,43.03,65.23,-16.03
europe_lau,Leuglay,leuglay,le,49.17,69.44,77.87
europe_lau,Levernois,levernois,le,57,69.86,53.63
europe_lau,Les Maillys,les_maillys,le,59.03,78.79,67.41
europe_lau,Les Andelys,les_andelys,le,56.89,66.29,62.05
europe_lau,Le Val d'Hazey,le_val_d_hazey,le,37.31,68.5,-0.5
europe_lau,Les Authieux,les_authieux,le,66.23,77.32,65.98
europe_lau,Le Plessis-Grohan,le_plessis_grohan,le,34.3,52.19,79.25
europe_lau,Le Plessis-Hébert,le_plessis_hebert,le,50.89,66.97,31.42
europe_lau,Le Plessis-Sainte-Opportune,le_plessis_sainte_opportune,le,39.97,46.67,72.14
europe_lau,Les Préaux,les_preaux,le,57.81,73.26,70.36
europe_lau,Le Vaudreuil,le_vaudreuil,le,28.5,59.26,-80.67
europe_lau,Le Mesnil-Saint-Jean,le_mesnil_saint_jean,le,58.68,69.23,75.93
europe_lau,Lestards,lestards,le,29.85,60.76,91.7
europe_lau,Le Lonzac,le_lonzac,le,54.9,64.47,37.35
europe_lau,Le Fugeret,le_fugeret,le,36.59,71.13,40.7
europe_lau,Le Lauzet-Ubaye,le_lauzet_ubaye,le,41.49,49,61.96
europe_lau,Les Albres,les_albres,le,32.97,61.35,89.86
europe_lau,Le Bas Ségala,le_bas_segala,le,46.38,55.84,83.78
europe_lau,Les Barils,les_barils,le,39.16,65.48,10.27
europe_lau,Les Baux-de-Breteuil,les_baux_de_breteuil,le,43.27,61.72,96.23
europe_lau,Les Baux-Sainte-Croix,les_baux_sainte_croix,le,51.58,61.6,52.73
europe_lau,Le Bec-Hellouin,le_bec_hellouin,le,34.14,75.52,91.89
europe_lau,Le Bec-Thomas,le_bec_thomas,le,31.69,45.14,-5.19
europe_lau,Les Monts du Roumois,les_monts_du_roumois,le,41.96,64.13,88.52
europe_lau,Le Bois-Hellain,le_bois_hellain,le,46.77,84.05,97.27
europe_lau,Le Mouret,le_mouret,le,52.46,74.89,75.05
europe_lau,Le Grand-Village-Plage,le_grand_village_plage,le,41.25,53.17,75.83
europe_lau,Les Aix-d'Angillon,les_aix_d_angillon,le,62.75,64.54,68.47
europe_lau,Le Bousquet,le_bousquet,le,19.42,46.24,89.5
europe_lau,Les Brunels,les_brunels,le,40.54,59.39,81.62
europe_lau,Les Cassés,les_casses,le,38.37,57.72,20.2
europe_lau,Le Theil-en-Auge,le_theil_en_auge,le,42.87,57.89,90.67
europe_lau,Le Hom,le_hom,le,45.77,63.65,66.51
europe_lau,Le Torquesne,le_torquesne,le,42.66,67.99,18.85
europe_lau,Les Ollières-sur-Eyrieux,les_ollieres_sur_eyrieux,le,38.41,64.75,84.42
europe_lau,Le Plagnal,le_plagnal,le,34.62,54.85,47.36
europe_lau,Le Pouzin,le_pouzin,le,52.07,71.27,93.5
europe_lau,Le Roux,le_roux,le,69.2,74.11,69.23
europe_lau,Le Bois-Plage-en-Ré,le_bois_plage_en_re,le,51.1,73.77,35.96
europe_lau,Le Château-d'Oléron,le_chateau_d_oleron,le,49.87,68.49,81.86
europe_lau,Le Chay,le_chay,le,50.24,66.33,91.8
europe_lau,Le Meix,le_meix,le,48.66,66.71,25.99
europe_lau,Le Châtelet,le_chatelet,le,61.27,71.23,68.35
europe_lau,Le Chautay,le_chautay,le,44.24,68.79,-25.08
europe_lau,Les Terres-de-Chaux,les_terres_de_chaux,le,50.95,67.38,71.42
europe_lau,Les Combes,les_combes,le,42.26,52.07,51.12
europe_lau,Le Crouzet,le_crouzet,le,52.31,76.83,36.33
europe_lau,Les Écorces,les_ecorces,le,32.74,67.7,99.49
europe_lau,Le Tronquay,le_tronquay,le,52.31,61.21,42.52
europe_lau,Le Vey,le_vey,le,52.03,66.33,69.15
europe_lau,Le Vernet,le_vernet,le,50.73,67.75,-2.61
europe_lau,Les Autels,les_autels,le,59.59,77.82,31.99
europe_lau,Les Mées,les_mees,le,37.41,68.92,73.25
europe_lau,Les Omergues,les_omergues,le,45.68,60.86,73.76
europe_lau,Lengwil,lengwil,le,51.41,67.69,75.31
europe_lau,Les Bottereaux,les_bottereaux,le,52.44,57.12,50.2
europe_lau,Le Boulay-Morin,le_boulay_morin,le,35.89,66.6,53.09
europe_lau,Leysin,leysin,le,37.29,67.92,88.99
europe_lau,Le Lesme,le_lesme,le,54.98,58.94,49.12
europe_lau,Le Theil-Nolent,le_theil_nolent,le,47.2,60.8,84.31
europe_lau,Le Thil,le_thil,le,33.2,51.03,-15.77
europe_lau,Les Thilliers-en-Vexin,les_thilliers_en_vexin,le,45.15,62.59,66.86
europe_lau,Le Thuit,le_thuit,le,57.5,68.18,73.57
europe_lau,Le Thuit de l'Oison,le_thuit_de_l_oison,le,43.49,54.98,19.69
europe_lau,Le Tilleul-Lambert,le_tilleul_lambert,le,54.56,65.28,67.98
europe_lau,Le Torpt,le_torpt,le,21,40.51,63.75
europe_lau,Le Tremblay-Omonville,le_tremblay_omonville,le,52.59,65.35,61.37
europe_lau,Le Bouchaud,le_bouchaud,le,45.58,64.33,66.32
europe_lau,Le Brethon,le_brethon,le,49.16,67.23,59.49
europe_lau,Le Breuil,le_breuil,le,59.03,69.94,79.43
europe_lau,Le Cayrol,le_cayrol,le,54.89,71.69,72.58
europe_lau,Le Clapier,le_clapier,le,28.82,61.45,-72.58
europe_lau,Les Costes-Gozon,les_costes_gozon,le,32.45,45.65,17.12
europe_lau,Le Fel,le_fel,le,36.88,63.93,41.58
europe_lau,Lédergues,ledergues,le,41.9,57.72,41.07
europe_lau,Lescure-Jaoul,lescure_jaoul,le,41.92,62.28,77.64
europe_lau,Lestrade-et-Thouels,lestrade_et_thouels,le,44.62,56.07,24.44
europe_lau,Le Cormier,le_cormier,le,57.75,71.23,62.65
europe_lau,Le Clat,le_clat,le,34.9,57.05,8.25
europe_lau,Les Salelles,les_salelles,le,29.69,57.6,91.74
europe_lau,Le Bourdeix,le_bourdeix,le,46.24,54.26,33.53
europe_lau,Le Bugue,le_bugue,le,63.02,65.22,53.16
europe_lau,Le Buisson-de-Cadouin,le_buisson_de_cadouin,le,55.33,61.88,54.09
europe_lau,Le Douhet,le_douhet,le,40.87,53.7,65.72
europe_lau,Les Éduts,les_eduts,le,57.42,72.61,69.97
europe_lau,Les Églises-d'Argenteuil,les_eglises_d_argenteuil,le,37.12,50.12,95.75
europe_lau,Les Essards,les_essards,le,29.15,63.69,3.8
europe_lau,Le Fouilloux,le_fouilloux,le,41.79,61.57,98.49
europe_lau,Le Gicq,le_gicq,le,33.58,52.58,-17.88
europe_lau,Les Gonds,les_gonds,le,62.41,83.04,77.02
europe_lau,Le Gua,le_gua,le,30.7,46.66,-19.86
europe_lau,Le Gué-d'Alleré,le_gue_d_allere,le,47.61,64.96,-3
europe_lau,Léoville,leoville,le,57.79,70.6,33.89
europe_lau,Léré,lere,le,39.33,74.68,0.07
europe_lau,Levet,levet,le,59.65,68.13,60.95
europe_lau,Les Fins,les_fins,le,53.7,68.08,63.94
europe_lau,Les Fontenelles,les_fontenelles,le,47.28,61.31,61.68
europe_lau,Les Fourgs,les_fourgs,le,55.9,68.8,46.28
europe_lau,Les Grangettes,les_grangettes,le,48.6,71.82,40.92
europe_lau,Les Gras,les_gras,le,41.13,64.36,24.64
europe_lau,Le Gratteris,le_gratteris,le,48.67,63.16,0.09
europe_lau,Les Ternes,les_ternes,le,53.67,64.02,25.79
europe_lau,Le Trioulou,le_trioulou,le,38.19,60.98,27.45
europe_lau,Le Vaulmier,le_vaulmier,le,51.25,69.07,22.17
europe_lau,Le Vigean,le_vigean,le,37.93,50.56,77.21
europe_lau,Les Bordes-Aumont,les_bordes_aumont,le,50.7,57.91,65.25
europe_lau,Les Thuiles,les_thuiles,le,26.18,63.37,83.72
europe_lau,Le Vernet,le_vernet,le,28.19,51.32,25.66
europe_lau,Le Bersac,le_bersac,le,53.86,62.46,57.04
europe_lau,Les Damps,les_damps,le,32.98,54.59,93.8
europe_lau,Les Hôpitaux-Neufs,les_hopitaux_neufs,le,27.37,63.59,35.72
europe_lau,Les Hôpitaux-Vieux,les_hopitaux_vieux,le,42.86,54.15,7.57
europe_lau,Le Chêne,le_chene,le,59.39,66.8,46.97
europe_lau,Le Donjon,le_donjon,le,53.44,59.76,52.72
europe_lau,Lenax,lenax,le,65.29,74.01,26.32
europe_lau,Lételon,letelon,le,40.91,63.65,-9.11
europe_lau,Le Monastère,le_monastere,le,53.07,63.68,73.59
europe_lau,Le Nayrac,le_nayrac,le,43.41,67.7,8.06
europe_lau,Le Favril,le_favril,le,55.54,68.26,15.52
europe_lau,Le Fidelaire,le_fidelaire,le,59.98,67.72,58.87
europe_lau,Le Perrey,le_perrey,le,32.53,58.18,53.51
europe_lau,Les Coteaux Périgourdins,les_coteaux_perigourdins,le,41.93,60.79,59.18
europe_lau,Lemi,lemi,le,57.67,63.59,41.04
europe_lau,Lemland,lemland,le,41.21,52.19,66.12
europe_lau,Lempäälä,lempaala,le,67.03,72.47,56.09
europe_lau,Leppävirta,leppavirta,le,53.3,67.36,31.77
europe_lau,Lestijärvi,lestijarvi,le,56.67,63.29,61.17
europe_lau,Le Noyer,le_noyer,le,56.47,64.38,42.55
europe_lau,Le Pondy,le_pondy,le,53.42,63.84,70.58
europe_lau,Les Ilhes,les_ilhes,le,39.24,50.48,52.19
europe_lau,Lespinassière,lespinassiere,le,46.62,64.73,-16.91
europe_lau,Leuc,leuc,le,65.64,77.08,45.8
europe_lau,Leucate,leucate,le,26.72,55.46,82.15
europe_lau,Lézignan-Corbières,lezignan_corbieres,le,44.34,61.44,85.26
europe_lau,Les Martys,les_martys,le,58.21,66.81,51.22
europe_lau,Le Castelet,le_castelet,le,63.35,75.26,32.59
europe_lau,Le Teil,le_teil,le,54.31,64.65,70.27
europe_lau,Les Vans,les_vans,le,29.59,47.02,-21.21
europe_lau,Les Grandes-Armoises,les_grandes_armoises,le,43.6,57.06,91.57
europe_lau,Les Petites-Armoises,les_petites_armoises,le,43.11,63.43,6.55
europe_lau,Les Ayvelles,les_ayvelles,le,35.18,69.66,-7.34
europe_lau,Le Catelet,le_catelet,le,46.63,69.43,-1.93
europe_lau,Leopoldsdorf,leopoldsdorf,le,64.23,78.42,71.4
europe_lau,Les Mathes,les_mathes,le,50.05,54.58,52.9
europe_lau,Lenzburg,lenzburg,le,46.99,54.4,69.15
europe_lau,Le Mung,le_mung,le,40.27,56.95,-12.13
europe_lau,Les Nouillers,les_nouillers,le,58.26,78.64,30.98
europe_lau,Le Pin,le_pin,le,46.59,57.51,57.12
europe_lau,Les Portes-en-Ré,les_portes_en_re,le,56.73,72.83,47.03
europe_lau,Levier,levier,le,31.29,47.62,69.92
europe_lau,Le Luhier,le_luhier,le,34.34,57.7,-1.14
europe_lau,Le Mémont,le_memont,le,55.19,73.63,45.02
europe_lau,Le Flon,le_flon,le,32.39,69.94,56.11
europe_lau,Le Charmel,le_charmel,le,51.25,56.42,34.65
europe_lau,Le Glaizil,le_glaizil,le,50.09,79.43,96.41
europe_lau,Lettret,lettret,le,31.11,66.79,87.83
europe_lau,Le Monêtier-les-Bains,le_monetier_les_bains,le,43.24,54.36,47.13
europe_lau,Le Noyer,le_noyer,le,41.45,56.48,91.03
europe_lau,Les Orres,les_orres,le,65.86,80.76,48.37
europe_lau,Le Poët,le_poet,le,47.51,63.1,89.01
europe_lau,Le Poizat-Lalleyriat,le_poizat_lalleyriat,le,59.8,64.72,43.99
europe_lau,Léaz,leaz,le,42.67,72.82,99.03
europe_lau,Lélex,lelex,le,52.01,75.59,71.98
europe_lau,Lent,lent,le,50.71,63.56,74.37
europe_lau,Lescheroux,lescheroux,le,48.19,59.37,53.46
europe_lau,Leyment,leyment,le,59.88,68.94,67.25
europe_lau,Leyssard,leyssard,le,28.29,65.81,85.3
europe_lau,Le Mayet-d'École,le_mayet_d_ecole,le,53.26,68.69,60.66
europe_lau,Le Mayet-de-Montagne,le_mayet_de_montagne,le,51.31,58.28,42
europe_lau,Le Montet,le_montet,le,46.07,60.46,16.09
europe_lau,Le Pin,le_pin,le,43.52,59.05,95.07
europe_lau,Le Truel,le_truel,le,45.19,71.7,84.21
europe_lau,Le Vibal,le_vibal,le,36.35,51.43,-18.22
europe_lau,Le Bosc du Theil,le_bosc_du_theil,le,40.55,52.99,68.18
europe_lau,Les Hogues,les_hogues,le,51.22,65.79,42.05
europe_lau,Le Landin,le_landin,le,25.38,51.76,99.44
europe_lau,Léry,lery,le,35.58,61.53,20.13
europe_lau,Letteguives,letteguives,le,56.71,74.69,26.67
europe_lau,Les Eyzies,les_eyzies,le,42.98,54.09,9.76
europe_lau,Les Farges,les_farges,le,40.28,68.25,84.36
europe_lau,Le Fleix,le_fleix,le,49.26,70.17,-3.43
europe_lau,Le Subdray,le_subdray,le,47.42,64.76,79.7
europe_lau,Leobersdorf,leobersdorf,le,34.38,43.16,45.89
europe_lau,Le Châtelet-sur-Sormonne,le_chatelet_sur_sormonne,le,15.28,58.37,65.74
europe_lau,Le Châtelet-sur-Retourne,le_chatelet_sur_retourne,le,42.95,65.08,83.09
europe_lau,Les Deux-Villes,les_deux_villes,le,48.95,65.05,60.46
europe_lau,Le Lardin-Saint-Lazare,le_lardin_saint_lazare,le,46.18,56.47,16.36
europe_lau,Les Lèches,les_leches,le,28.89,47.02,92.23
europe_lau,Léguillac-de-l'Auche,leguillac_de_l_auche,le,50.37,59.97,27.15
europe_lau,Lembras,lembras,le,46.87,61.77,22.87
europe_lau,Lempzours,lempzours,le,55.89,67.21,76
europe_lau,Les Angles-sur-Corrèze,les_angles_sur_correze,le,60.01,68.21,30.79
europe_lau,Le Moutherot,le_moutherot,le,50.75,72.3,59.43
europe_lau,Les Premiers Sapins,les_premiers_sapins,le,46.55,66.85,55.47
europe_lau,Les Plains-et-Grands-Essarts,les_plains_et_grands_essarts,le,40.66,62.33,7.84
europe_lau,Le Val,le_val,le,34.6,52.14,-20.13
europe_lau,Les Pontets,les_pontets,le,49.21,68.07,23.93
europe_lau,Le Claux,le_claux,le,42.38,54.78,56.06
europe_lau,Le Falgoux,le_falgoux,le,44.19,66.59,71.19
europe_lau,Le Fau,le_fau,le,49,73.2,-23.76
europe_lau,Le Montellier,le_montellier,le,52.97,69.22,79.2
europe_lau,Les Neyrolles,les_neyrolles,le,28.75,65.18,89.75
europe_lau,Le Saix,le_saix,le,53,65.09,56.12
europe_lau,Le Sauze-du-Lac,le_sauze_du_lac,le,57.22,75.43,72.28
europe_lau,Les Vigneaux,les_vigneaux,le,44.09,55.85,64.23
europe_lau,Le Bar-sur-Loup,le_bar_sur_loup,le,15.33,39.23,-144.08
europe_lau,Les Alliés,les_allies,le,45.2,55.05,33.11
europe_lau,Les Auxons,les_auxons,le,46.94,65.75,-2.98
europe_lau,Le Puy,le_puy,le,31.27,53.14,10.73
europe_lau,Le Bodéo,le_bodeo,le,58.36,70.32,65.32
europe_lau,Le Plantay,le_plantay,le,57.66,70.83,65.25
europe_lau,Le Theil,le_theil,le,54.69,65.31,68.25
europe_lau,Le Rouret,le_rouret,le,55.11,65.16,63.54
europe_lau,Le Rove,le_rove,le,55.99,74.09,73.18
europe_lau,Le Tholonet,le_tholonet,le,54.65,66.64,30.63
europe_lau,Les Monts d'Aunay,les_monts_d_aunay,le,46.19,57.13,49.96
europe_lau,Les Authieux-sur-Calonne,les_authieux_sur_calonne,le,62.19,68.67,44.82
europe_lau,Le Pin,le_pin,le,33.21,48.75,8.88
europe_lau,Le Pré-d'Auge,le_pre_d_auge,le,35.68,54.24,38.5
europe_lau,Le Peyrat,le_peyrat,le,52.35,57.47,53.38
europe_lau,Le Pla,le_pla,le,18.2,61.03,83.69
europe_lau,Le Port,le_port,le,56.37,70.09,68.22
europe_lau,Le Puch,le_puch,le,56.21,67.18,60.44
europe_lau,Les Pujols,les_pujols,le,54.04,61.92,47.81
europe_lau,Leffincourt,leffincourt,le,65.6,67.92,61.87
europe_lau,Lépron-les-Vallées,lepron_les_vallees,le,42.22,58.34,91.23
europe_lau,Létanne,letanne,le,31.82,50.37,90.43
europe_lau,Les Mazures,les_mazures,le,68.98,65.08,57.06
europe_lau,Le Mont-Dieu,le_mont_dieu,le,60.39,64.44,56.55
europe_lau,Le Thuel,le_thuel,le,36.86,53.05,-0.44
europe_lau,Le Verguier,le_verguier,le,47.53,61.24,73.44
europe_lau,Ledesma,ledesma,le,36.45,56.19,72.41
europe_lau,Ledrada,ledrada,le,58.44,69.56,75
europe_lau,Lehaucourt,lehaucourt,le,32.2,57.46,92.88
europe_lau,Le Hérie-la-Viéville,le_herie_la_vieville,le,58.15,63.88,56.56
europe_lau,Le Tignet,le_tignet,le,44.65,61.86,61.21
europe_lau,Ledanca,ledanca,le,40.28,65.46,64.14
europe_lau,Les Assions,les_assions,le,32.23,55.81,-45.65
europe_lau,Le Béage,le_beage,le,43.72,62.25,40.72
europe_lau,Le Chambon,le_chambon,le,35.92,63.67,27.61
europe_lau,Le Bô,le_bo,le,41.07,63.12,66.62
europe_lau,Le Breuil-en-Auge,le_breuil_en_auge,le,40.13,64.03,-12.88
europe_lau,Le Breuil-en-Bessin,le_breuil_en_bessin,le,54.82,64.7,50.91
europe_lau,Le Brévedent,le_brevedent,le,39.32,71.73,4.58
europe_lau,Le Bû-sur-Rouvres,le_bu_sur_rouvres,le,44.21,56.57,27.8
europe_lau,Lenk,lenk,le,53.15,62.01,61.8
europe_lau,Les,les,le,34.83,61.21,-18.13
europe_lau,Lemé,leme,le,45.62,61.75,3.52
europe_lau,Lempire,lempire,le,36.73,45.73,53.37
europe_lau,Lerzy,lerzy,le,63.81,75.08,72.09
europe_lau,Leschelle,leschelle,le,42.32,65.79,29.13
europe_lau,Lesdins,lesdins,le,60.26,63.6,72.61
europe_lau,Lesges,lesges,le,47.01,66.94,8.88
europe_lau,Leuilly-sous-Coucy,leuilly_sous_coucy,le,63.01,77.26,71.24
europe_lau,Leury,leury,le,31.43,53.23,97.44
europe_lau,Leuze,leuze,le,44.53,72.12,98.76
europe_lau,Levergies,levergies,le,51.09,61.26,85.12
europe_lau,Les Septvallons,les_septvallons,le,45.23,52.28,49.95
europe_lau,Les Croûtes,les_croutes,le,57.02,64.28,54.31
europe_lau,Leache,leache,le,45.77,66.71,77.56
europe_lau,Legarda,legarda,le,39.86,73.58,99.12
europe_lau,Legaria,legaria,le,48.45,56.23,65.65
europe_lau,Leitza,leitza,le,41.77,63.1,92.16
europe_lau,Leoz,leoz,le,34.94,53.45,77.12
europe_lau,Lerga,lerga,le,46.5,59.08,72.07
europe_lau,Lerín,lerin,le,69.66,70.35,44.3
europe_lau,Lesaka,lesaka,le,63.88,72.84,38.15
europe_lau,Lezaun,lezaun,le,45.8,62.75,82.5
europe_lau,Les Grandes-Chapelles,les_grandes_chapelles,le,60.41,69.99,35.36
europe_lau,Les Granges,les_granges,le,49.7,57.45,63.29
europe_lau,Le Détroit,le_detroit,le,43.83,58.34,72.46
europe_lau,Leganés,leganes,le,52.66,66.54,53.81
europe_lau,Le Faulq,le_faulq,le,57.07,67.85,78.5
europe_lau,Le Fournet,le_fournet,le,42.77,53.54,39.86
europe_lau,Le Fresne-Camilly,le_fresne_camilly,le,56.64,64.57,69.66
europe_lau,Le Thour,le_thour,le,59.14,67.5,54.31
europe_lau,Le Nouvion-en-Thiérache,le_nouvion_en_thierache,le,55.97,69.54,35.11
europe_lau,Lentilles,lentilles,le,49.77,64.68,47.57
europe_lau,Lesmont,lesmont,le,47.64,57.94,17.37
europe_lau,Lévigny,levigny,le,54.86,68.76,39.98
europe_lau,Les Loges-Margueron,les_loges_margueron,le,41.13,52.9,36.79
europe_lau,Le Mériot,le_meriot,le,37.76,60.22,65.23
europe_lau,Les Noës-près-Troyes,les_noes_pres_troyes,le,40.29,67.97,-20.93
europe_lau,Les Isles-Bardel,les_isles_bardel,le,60.54,75.36,61.13
europe_lau,Le Pâquier (FR),le_paquier_fr,le,40.66,48.76,84.83
europe_lau,Lebrija,lebrija,le,42.47,53.31,32.49
europe_lau,Leaburu,leaburu,le,30.75,74.83,20.6
europe_lau,Legazpi,legazpi,le,30.22,61.24,84.39
europe_lau,Legorreta,legorreta,le,46.23,67.08,35.68
europe_lau,Lezo,lezo,le,46.39,81.19,19.49
europe_lau,Lekunberri,lekunberri,le,59.06,66.78,60.02
europe_lau,Léaupartie,leaupartie,le,41.21,66.71,-3.37
europe_lau,Leffard,leffard,le,55.88,75.41,73.13
europe_lau,Lessard-et-le-Chêne,lessard_et_le_chene,le,53.67,68.27,41.6
europe_lau,Le Molay-Littry,le_molay_littry,le,52.77,60.3,55.69
europe_lau,Les Loges,les_loges,le,57.93,80.7,53.04
europe_lau,Les Loges-Saulces,les_loges_saulces,le,57.01,61.12,60.92
europe_lau,Le Manoir,le_manoir,le,37.19,58.79,-2.07
europe_lau,Les Bordes-sur-Arize,les_bordes_sur_arize,le,51.1,63.05,33.96
europe_lau,Le Bosc,le_bosc,le,65.22,69.55,68.92
europe_lau,Les Cabannes,les_cabannes,le,21.3,47.65,63.05
europe_lau,Le Carlaret,le_carlaret,le,33.89,44.67,68.18
europe_lau,Le Plessier-Huleu,le_plessier_huleu,le,57.99,78.07,87.64
europe_lau,Le Pavillon-Sainte-Julie,le_pavillon_sainte_julie,le,43.64,58.21,79.39
europe_lau,Lécera,lecera,le,54.48,70.29,74.7
europe_lau,Leciñena,lecinena,le,41.09,51.16,75.83
europe_lau,Lechón,lechon,le,66.26,79.31,68.61
europe_lau,Letux,letux,le,27.98,49.45,80.71
europe_lau,Leintz-Gatzaga,leintz_gatzaga,le,51.28,69.36,39.51
europe_lau,Leissigen,leissigen,le,41.6,59.09,44.75
europe_lau,León,leon,le,45.67,52.98,79.74
europe_lau,Leiro,leiro,le,49.99,69.78,28.75
europe_lau,Les Riceys,les_riceys,le,47.14,58.09,26.47
europe_lau,Leucamp,leucamp,le,46.84,64.75,75.1
europe_lau,Leynhac,leynhac,le,57.17,66.23,48.03
europe_lau,Leyvaux,leyvaux,le,45.37,57.79,80.26
europe_lau,Le Monteil,le_monteil,le,50.41,59.91,47.94
europe_lau,Lepe,lepe,le,18.38,37.75,47.1
europe_lau,Le Fossat,le_fossat,le,57.92,71.85,26.23
europe_lau,Les Issards,les_issards,le,59.6,78.4,55.66
europe_lau,Léran,leran,le,44.09,50.3,47.39
europe_lau,Lercoul,lercoul,le,11.17,55.73,78.36
europe_lau,Lescousse,lescousse,le,49.4,57.28,73.18
europe_lau,Lescure,lescure,le,45.04,68.68,86.91
europe_lau,Lesparrou,lesparrou,le,31.03,69.54,-36.69
europe_lau,Leychert,leychert,le,36.24,44.49,73
europe_lau,Lézat-sur-Lèze,lezat_sur_leze,le,62.14,66.32,44.75
europe_lau,Ledesma de la Cogolla,ledesma_de_la_cogolla,le,41.35,68.98,-47.44
europe_lau,Leiva,leiva,le,46.3,71.03,99.16
europe_lau,Leza de Río Leza,leza_de_rio_leza,le,50.09,69.28,10.07
europe_lau,Le Mas-d'Azil,le_mas_d_azil,le,51.48,62.52,36.57
europe_lau,Le Sourd,le_sourd,le,56.09,80.44,-23.16
europe_lau,Le Marais-la-Chapelle,le_marais_la_chapelle,le,36.57,48.75,58.37
europe_lau,Le Mesnil-au-Grain,le_mesnil_au_grain,le,31.13,54.04,31.87
europe_lau,Le Mesnil-Eudes,le_mesnil_eudes,le,45,67.57,48.01
europe_lau,Le Mesnil-Guillaume,le_mesnil_guillaume,le,35.9,80.6,11.72
europe_lau,Le Mesnil-Robert,le_mesnil_robert,le,40.55,72.41,-8.08
europe_lau,Le Mesnil-Simon,le_mesnil_simon,le,42.02,63.87,27.22
europe_lau,Le Mesnil-sur-Blangy,le_mesnil_sur_blangy,le,66.62,69.66,48.29
europe_lau,Le Mesnil-Villement,le_mesnil_villement,le,48.84,57.2,46.4
europe_lau,Les Monceaux,les_monceaux,le,31.28,52.08,92.95
europe_lau,Les Moutiers-en-Auge,les_moutiers_en_auge,le,27.39,70.54,-68.67
europe_lau,Les Moutiers-en-Cinglais,les_moutiers_en_cinglais,le,42.06,66.54,13.96
europe_lau,Lena,lena,le,55.6,60.85,73.78
europe_lau,Les Ferres,les_ferres,le,51.67,65.06,38.34
europe_lau,Levens,levens,le,64.97,66.52,67.5
europe_lau,Le Mas,le_mas,le,38.85,84.36,-5.92
europe_lau,Les Mujouls,les_mujouls,le,36.62,54,10.58
europe_lau,Le Fresne-Poret,le_fresne_poret,le,43.61,64.96,92.56
europe_lau,Le Grand-Celland,le_grand_celland,le,64.46,72.45,40.06
europe_lau,Le Guislain,le_guislain,le,51.44,61.46,66.93
europe_lau,Le Ham,le_ham,le,46.06,65.55,92
europe_lau,Le Plessier-sur-Bulles,le_plessier_sur_bulles,le,38.49,62.17,68.9
europe_lau,Le Plessier-sur-Saint-Just,le_plessier_sur_saint_just,le,60.02,73.01,87.49
europe_lau,Le Plessis-Belleville,le_plessis_belleville,le,39.2,63.95,53.98
europe_lau,Le Plessis-Brion,le_plessis_brion,le,38.75,65.38,-48.44
europe_lau,Le Plessis-Patte-d'Oie,le_plessis_patte_d_oie,le,38.95,65.27,99.2
europe_lau,Le Ployron,le_ployron,le,55.95,76.27,64.14
europe_lau,Les Laubies,les_laubies,le,52.88,62.91,47.52
europe_lau,Le Malzieu-Forain,le_malzieu_forain,le,47.09,66.91,79.33
europe_lau,Le Malzieu-Ville,le_malzieu_ville,le,51.54,66.48,59.3
europe_lau,Le Pompidou,le_pompidou,le,37.36,48.29,60.78
europe_lau,Le Rozier,le_rozier,le,45.49,60.78,23.24
europe_lau,Lengronne,lengronne,le,70.25,75.56,53.54
europe_lau,Lessay,lessay,le,36.96,65.97,78.8
europe_lau,Lestre,lestre,le,38.88,64.08,-21.77
europe_lau,Les Loges-Marchis,les_loges_marchis,le,55.32,69.76,80.26
europe_lau,Les Loges-sur-Brécey,les_loges_sur_brecey,le,38.98,64.97,52.41
europe_lau,Le Loreur,le_loreur,le,34.74,59.76,97.21
europe_lau,Le Lorey,le_lorey,le,50.64,69.09,16.26
europe_lau,Le Luot,le_luot,le,46.53,57.98,72.68
europe_lau,Le Chambon-Feugerolles,le_chambon_feugerolles,le,57.64,71.1,43.59
europe_lau,Le Coteau,le_coteau,le,32.9,55.18,93.72
europe_lau,Le Crozet,le_crozet,le,53.65,68.04,64.65
europe_lau,Le Quesnel-Aubry,le_quesnel_aubry,le,47.62,57.1,57.02
europe_lau,Λεμεσός,lemesos,le,38.23,47.26,83.78
europe_lau,Les Essarts-lès-Sézanne,les_essarts_les_sezanne,le,44.54,58.59,21.49
europe_lau,Les Essarts-le-Vicomte,les_essarts_le_vicomte,le,65.1,74.16,49.9
europe_lau,Le Sen,le_sen,le,51.78,69.14,47.48
europe_lau,Leigneux,leigneux,le,46.17,68.13,39.56
europe_lau,Lentigny,lentigny,le,51.94,70.76,78.07
europe_lau,Lérigneux,lerigneux,le,37.07,67.71,-16.5
europe_lau,Le Vignon-en-Quercy,le_vignon_en_quercy,le,50.84,68.76,30.42
europe_lau,Le Roc,le_roc,le,44.37,60.96,11.34
europe_lau,Les Pechs du Vers,les_pechs_du_vers,le,44.49,56.96,53.04
europe_lau,Lendou-en-Quercy,lendou_en_quercy,le,34.99,51.23,57.24
europe_lau,Lelling,lelling,le,50.7,67.26,65.96
europe_lau,Lemberg,lemberg,le,35.03,56.63,-24.86
europe_lau,Les Ventes-de-Bourse,les_ventes_de_bourse,le,67.49,72.64,62.34
europe_lau,Les Yveteaux,les_yveteaux,le,42.69,61.75,62.37
europe_lau,Les Vastres,les_vastres,le,64.57,72.4,69.04
europe_lau,Le Vernet,le_vernet,le,56.62,66.38,41.66
europe_lau,Les Villettes,les_villettes,le,61.62,73.27,48.26
europe_lau,Le Bignon,le_bignon,le,54.93,71.43,48.22
europe_lau,Le Thoult-Trosnay,le_thoult_trosnay,le,65.76,73.51,69.14
europe_lau,Léouville,leouville,le,51.05,61.98,64.35
europe_lau,Le Malesherbois,le_malesherbois,le,56.43,62.14,59.9
europe_lau,Le Moulinet-sur-Solin,le_moulinet_sur_solin,le,36.05,62.63,67.7
europe_lau,Le Pailly,le_pailly,le,38.88,54.82,47.07
europe_lau,Les Baroches,les_baroches,le,41.51,62.8,12.01
europe_lau,Le Mesnil,le_mesnil,le,64.97,71.58,57.02
europe_lau,Le Mesnil-Adelée,le_mesnil_adelee,le,33.27,58.41,63.36
europe_lau,Le Mesnil-Amey,le_mesnil_amey,le,71.02,74.88,33.84
europe_lau,Le Mesnil-Aubert,le_mesnil_aubert,le,29.1,59.77,-65.49
europe_lau,Le Mesnil-au-Val,le_mesnil_au_val,le,43.38,65.04,42.08
europe_lau,Le Mesnil-Eury,le_mesnil_eury,le,31.11,60.91,99.14
europe_lau,Le Mesnil-Garnier,le_mesnil_garnier,le,53.37,69.53,81.32
europe_lau,Le Mesnil-Gilbert,le_mesnil_gilbert,le,57.6,75.09,23.82
europe_lau,Le Mesnillard,le_mesnillard,le,40.55,59.89,86.06
europe_lau,Le Mesnil-Ozenne,le_mesnil_ozenne,le,28.89,53.35,-8.69
europe_lau,Le Mesnil-Rouxelin,le_mesnil_rouxelin,le,52.59,60.32,73.9
europe_lau,Le Mesnil-Véneron,le_mesnil_veneron,le,50.08,69.82,18.26
europe_lau,Le Mesnil-Villeman,le_mesnil_villeman,le,55.49,68.26,87.54
europe_lau,Les Moitiers-d'Allonne,les_moitiers_d_allonne,le,47.79,66.83,35.05
europe_lau,Les Attaques,les_attaques,le,48.68,64,5.25
europe_lau,Lecumberry,lecumberry,le,24.64,42.42,91.63
europe_lau,Ledeuix,ledeuix,le,36.01,69.21,73.35
europe_lau,Le Troncq,le_troncq,le,45.89,66.39,-1.72
europe_lau,Le Tronquay,le_tronquay,le,52.29,67.55,7.39
europe_lau,Le Val-David,le_val_david,le,34.36,61.25,90.05
europe_lau,Le Châtelet-sur-Meuse,le_chatelet_sur_meuse,le,41.96,51.9,35.36
europe_lau,Le Montsaugeonnais,le_montsaugeonnais,le,32.82,50.28,88.77
europe_lau,Les Salelles,les_salelles,le,46.13,59.5,2.72
europe_lau,Les Salces,les_salces,le,35.36,62.36,56.19
europe_lau,Les Cerqueux,les_cerqueux,le,29.3,51.85,-68.49
europe_lau,Le Mont-Saint-Michel,le_mont_saint_michel,le,52.85,83.37,25.11
europe_lau,Le Neufbourg,le_neufbourg,le,44.74,52.35,71.39
europe_lau,Le Perron,le_perron,le,34.95,62.14,22.66
europe_lau,Le Petit-Celland,le_petit_celland,le,50.33,61.79,28.88
europe_lau,Les Pieux,les_pieux,le,40.89,55.12,5.22
europe_lau,Le Plessis-Lastelle,le_plessis_lastelle,le,50.96,70.19,13.92
europe_lau,Lézigneux,lezigneux,le,50.24,57.89,32.77
europe_lau,Les Noës,les_noes,le,56.9,67.88,65.54
europe_lau,Le Rozel,le_rozel,le,63.98,70.88,50.86
europe_lau,Les Trois Lacs,les_trois_lacs,le,35.49,72.96,44.25
europe_lau,Les Ventes,les_ventes,le,38.33,69.72,70.18
europe_lau,Le Vieil-Évreux,le_vieil_evreux,le,50.65,62.91,4.4
europe_lau,Les Autels-Villevillon,les_autels_villevillon,le,35.27,57.1,-15.82
europe_lau,Le Cellier,le_cellier,le,70.12,71.54,62.5
europe_lau,Le Croisic,le_croisic,le,44.11,72.99,8.72
europe_lau,Les Hauts-d'Anjou,les_hauts_d_anjou,le,57.01,63.57,29.39
europe_lau,Le Coudray-Macouard,le_coudray_macouard,le,41.3,61.03,85.59
europe_lau,Le Vignau,le_vignau,le,57.99,65.16,66.12
europe_lau,Le Controis-en-Sologne,le_controis_en_sologne,le,31.1,38.16,33.84
europe_lau,Le Vigan,le_vigan,le,60.5,64.83,67.47
europe_lau,Le Gâvre,le_gavre,le,40.5,56.98,62.13
europe_lau,Le Landreau,le_landreau,le,28.56,56.41,-34.34
europe_lau,Legé,lege,le,61.21,69.31,43.22
europe_lau,Le Loroux-Bottereau,le_loroux_bottereau,le,41.95,70.66,23.43
europe_lau,Le Vézier,le_vezier,le,43.91,53.37,18.36
europe_lau,Le Vieil-Dampierre,le_vieil_dampierre,le,24.9,52.56,-102.76
europe_lau,Le Breuil-sur-Couze,le_breuil_sur_couze,le,32.74,49.47,87.9
europe_lau,Le Broc,le_broc,le,59.72,78.21,76.87
europe_lau,Le Brugeron,le_brugeron,le,51.95,54.47,44.91
europe_lau,Le Cendre,le_cendre,le,51.14,57.34,64.92
europe_lau,Lédat,ledat,le,32.5,48.24,99.16
europe_lau,Lévignac-de-Guyenne,levignac_de_guyenne,le,51.79,68.43,67.07
europe_lau,Leyritz-Moncassin,leyritz_moncassin,le,46.96,64.26,30.46
europe_lau,Le Mas-d'Agenais,le_mas_d_agenais,le,47.56,68.04,74.64
europe_lau,Le Passage,le_passage,le,24.7,45.52,73.33
europe_lau,Le Bouchon-sur-Saulx,le_bouchon_sur_saulx,le,32.52,47.91,17.71
europe_lau,Les Bois d'Anjou,les_bois_d_anjou,le,40.46,50.09,61.51
europe_lau,Les Garennes sur Loire,les_garennes_sur_loire,le,52.14,59.74,75.18
europe_lau,Le Lion-d'Angers,le_lion_d_angers,le,53.01,62.76,62.94
europe_lau,Le May-sur-Èvre,le_may_sur_evre,le,50.19,62.35,56
europe_lau,Le Plessis-Grammoire,le_plessis_grammoire,le,48.69,61.24,86.4
europe_lau,Le Cheix,le_cheix,le,62.7,75.35,21.53
europe_lau,Le Crest,le_crest,le,52.4,70.26,27.22
europe_lau,Le Frestoy-Vaux,le_frestoy_vaux,le,65.8,67.3,61.17
europe_lau,Le Gallet,le_gallet,le,51.17,70.47,71.96
europe_lau,Le Parc,le_parc,le,36.72,44.75,80.28
europe_lau,Le Boullay-les-Deux-Églises,le_boullay_les_deux_eglises,le,59.69,69.54,47.01
europe_lau,Le Boullay-Mivoye,le_boullay_mivoye,le,50.9,73.93,74.7
europe_lau,Le Boullay-Thierry,le_boullay_thierry,le,39.62,58.2,96.09
europe_lau,Les Châtelets,les_chatelets,le,44.18,63.21,54.24
europe_lau,Les Châtelliers-Notre-Dame,les_chatelliers_notre_dame,le,69.11,73.01,62.89
europe_lau,Les Corvées-les-Yys,les_corvees_les_yys,le,25.43,51.56,-17.34
europe_lau,Le Coudray,le_coudray,le,57.62,75.59,63.76
europe_lau,Les Moutiers-en-Retz,les_moutiers_en_retz,le,28.82,41.48,74.06
europe_lau,Le Pallet,le_pallet,le,34.84,59.23,29.26
europe_lau,Le Pellerin,le_pellerin,le,13.13,38.8,32.89
europe_lau,Le Pin,le_pin,le,56.96,64.77,44.17
europe_lau,Les Ponts-de-Cé,les_ponts_de_ce,le,54.86,65.96,39.33
europe_lau,Le Puy-Notre-Dame,le_puy_notre_dame,le,42.45,58.78,17.52
europe_lau,Les Rairies,les_rairies,le,51.27,65.09,74.69
europe_lau,Λεονάρισσο,leonarisso,le,53.96,63.53,42.71
europe_lau,Les Essarts,les_essarts,le,66.27,80.94,71.94
europe_lau,Le Gault-du-Perche,le_gault_du_perche,le,33.54,47.85,36.59
europe_lau,Les Hayes,les_hayes,le,53.85,62.92,30.17
europe_lau,Lestiou,lestiou,le,40.51,66.47,44.28
europe_lau,Le Hamel,le_hamel,le,36.08,53.12,20.11
europe_lau,Le Ban-Saint-Martin,le_ban_saint_martin,le,43.15,78.27,-15.04
europe_lau,Le Tanu,le_tanu,le,45.04,59.88,64.88
europe_lau,Le Teilleul,le_teilleul,le,54.32,63.9,60.01
europe_lau,Le Val-Saint-Père,le_val_saint_pere,le,37.19,59.68,95.19
europe_lau,Le Vast,le_vast,le,47.58,64.7,11.21
europe_lau,Le Vicel,le_vicel,le,55.34,74.06,29.23
europe_lau,Les Salles,les_salles,le,37.78,52.12,40.17
europe_lau,Ληνού,lenou,le,56.04,70.27,38.83
europe_lau,Le Pouliguen,le_pouliguen,le,46.53,58.79,78.14
europe_lau,Les Montils,les_montils,le,42.64,61.68,32.25
europe_lau,Les Arques,les_arques,le,53.06,60.36,30.47
europe_lau,Le Bastit,le_bastit,le,48.1,64.29,84.86
europe_lau,Le Bourg,le_bourg,le,46.27,59.96,23.12
europe_lau,Le Bouyssou,le_bouyssou,le,52.88,61.22,83
europe_lau,Lecelles,lecelles,le,58.81,65.38,40.73
europe_lau,Lécluse,lecluse,le,52.26,64.27,38.62
europe_lau,Lederzeele,lederzeele,le,53.09,62.06,41.59
europe_lau,Ledringhem,ledringhem,le,51.25,75.69,74.92
europe_lau,Leers,leers,le,51.87,67.96,27.45
europe_lau,Leffrinckoucke,leffrinckoucke,le,41.41,68.01,94.32
europe_lau,Lesdain,lesdain,le,26.34,63.97,84.09
europe_lau,Lez-Fontaine,lez_fontaine,le,52.33,67.13,87.07
europe_lau,Lesquin,lesquin,le,51.16,69.28,72.03
europe_lau,Leval,leval,le,48.19,67.44,61.55
europe_lau,Lewarde,lewarde,le,51.99,61.5,52.16
europe_lau,Lezennes,lezennes,le,23.71,48.38,10.45
europe_lau,Le Maisnil,le_maisnil,le,38.96,81.17,89.69
europe_lau,Le Fresne,le_fresne,le,31.21,44.02,80.02
europe_lau,Le Gault-Soigny,le_gault_soigny,le,65.95,72.05,40.67
europe_lau,Les Grandes-Loges,les_grandes_loges,le,53.56,68.27,27.09
europe_lau,Les Istres-et-Bury,les_istres_et_bury,le,62.46,87.94,53.86
europe_lau,Lenharrée,lenharree,le,47.21,81.98,53.83
europe_lau,Leuvrigny,leuvrigny,le,34.73,64.74,76.29
europe_lau,Le Bignon-du-Maine,le_bignon_du_maine,le,56.39,62.35,45.94
europe_lau,Le Bourgneuf-la-Forêt,le_bourgneuf_la_foret,le,60.85,70.75,80.94
europe_lau,Le Buret,le_buret,le,54.35,69.86,20.34
europe_lau,Les Ulmes,les_ulmes,le,58.08,62.53,60.53
europe_lau,Lempdes,lempdes,le,69.57,73.01,32.07
europe_lau,Lempty,lempty,le,53.32,74.25,-11.5
europe_lau,Lezoux,lezoux,le,50.26,62.15,81.87
europe_lau,Les Martres-d'Artière,les_martres_d_artiere,le,39.51,60.93,16.77
europe_lau,Les Martres-de-Veyre,les_martres_de_veyre,le,34.45,47.48,95.79
europe_lau,Léglantiers,leglantiers,le,65.63,75.67,70.66
europe_lau,Lévignen,levignen,le,53.96,74.73,41.02
europe_lau,Lebeuville,lebeuville,le,60.52,71.22,43.27
europe_lau,Leintrey,leintrey,le,47.78,61.84,47.94
europe_lau,Lemainville,lemainville,le,38.7,50.96,24.71
europe_lau,Leménil-Mitry,lemenil_mitry,le,59.03,68.07,58.13
europe_lau,Lenoncourt,lenoncourt,le,51.78,64.52,81.64
europe_lau,Lesménils,lesmenils,le,52.61,70.2,25.65
europe_lau,Létricourt,letricourt,le,48.74,57.14,39.09
europe_lau,Lexy,lexy,le,55.3,71.14,68.43
europe_lau,Leyr,leyr,le,59.5,70.59,41.03
europe_lau,Les Étilleux,les_etilleux,le,32.66,65.04,77.48
europe_lau,Le Favril,le_favril,le,44.5,60.36,44.07
europe_lau,Le Gault-Saint-Denis,le_gault_saint_denis,le,45.22,55.89,57.61
europe_lau,Le Gué-de-Longroi,le_gue_de_longroi,le,43.85,66.98,-26.85
europe_lau,Léthuin,lethuin,le,33.9,59.5,92.54
europe_lau,Levainville,levainville,le,62.24,79.34,47.95
europe_lau,Lèves,leves,le,44.77,69.52,54.77
europe_lau,Levesville-la-Chenard,levesville_la_chenard,le,48.97,67.69,75.78
europe_lau,Les Sorinières,les_sorinieres,le,59.49,75.68,70.29
europe_lau,Le Temple-de-Bretagne,le_temple_de_bretagne,le,39.33,58.92,88.94
europe_lau,Les Touches,les_touches,le,50.99,63.72,2.93
europe_lau,Le Plessis-Dorin,le_plessis_dorin,le,37.13,44.69,58.84
europe_lau,Le Plessis-l'Échelle,le_plessis_l_echelle,le,42.44,56.18,67.65
europe_lau,Le Poislay,le_poislay,le,35.56,62.42,-23.24
europe_lau,Les Roches-l'Évêque,les_roches_l_eveque,le,38.69,55.77,85.42
europe_lau,Lešetice,lesetice,le,74.01,85.53,55.64
europe_lau,Lengenfeld,lengenfeld,le,33.22,60.66,39.92
europe_lau,Le Mesnil-Conteville,le_mesnil_conteville,le,44.29,62.12,20.65
europe_lau,Le Mesnil-en-Thelle,le_mesnil_en_thelle,le,43.78,59.56,81.52
europe_lau,Le Mesnil-Saint-Firmin,le_mesnil_saint_firmin,le,43.72,61.65,50.95
europe_lau,Le Mesnil-sur-Bulles,le_mesnil_sur_bulles,le,31.02,58.27,-44.11
europe_lau,Le Mesnil-Théribus,le_mesnil_theribus,le,38.78,69.92,89.55
europe_lau,Le Meux,le_meux,le,41.31,65.67,90.4
europe_lau,Le Baizil,le_baizil,le,57.46,79.34,74.55
europe_lau,Le Bouchet-Saint-Nicolas,le_bouchet_saint_nicolas,le,56.06,68.82,56.34
europe_lau,Le Brignon,le_brignon,le,50.73,59.22,76.75
europe_lau,Le Chambon-sur-Lignon,le_chambon_sur_lignon,le,54.71,60.09,44.93
europe_lau,Le Bardon,le_bardon,le,46.84,64.58,80.72
europe_lau,Le Bignon-Mirabeau,le_bignon_mirabeau,le,62.45,72.75,34.97
europe_lau,Les Bordes,les_bordes,le,53.56,79.02,41.77
europe_lau,Le Val-d'Esnoms,le_val_d_esnoms,le,49.59,58.84,70.55
europe_lau,Le Genest-Saint-Isle,le_genest_saint_isle,le,68.94,69.99,59.25
europe_lau,Les Étangs,les_etangs,le,41.74,48.28,50.64
europe_lau,Le Ménil-Scelleur,le_menil_scelleur,le,54.05,76.36,73.21
europe_lau,Le Ménil-Vicomte,le_menil_vicomte,le,34.93,58.24,58.82
europe_lau,Les Menus,les_menus,le,46.61,74.13,15.33
europe_lau,Le Merlerault,le_merlerault,le,42.47,58,45.29
europe_lau,Le Pas-Saint-l'Homer,le_pas_saint_l_homer,le,48.77,65.55,56.19
europe_lau,Le Pin-au-Haras,le_pin_au_haras,le,63.19,65.02,59.33
europe_lau,Le Pin-la-Garenne,le_pin_la_garenne,le,61.21,77.55,31.84
europe_lau,Le Plantis,le_plantis,le,49.17,63.85,11.81
europe_lau,Le Renouard,le_renouard,le,33.4,49.79,92.31
europe_lau,Les Estables,les_estables,le,53.21,61.89,42.92
europe_lau,Le Meix-Saint-Epoing,le_meix_saint_epoing,le,36.14,51.82,86.43
europe_lau,Le Meix-Tiercelin,le_meix_tiercelin,le,34.25,54.88,-29.63
europe_lau,Les Mesneux,les_mesneux,le,37.2,48.48,54.48
europe_lau,Le Mesnil-sur-Oger,le_mesnil_sur_oger,le,48.69,66.45,14.89
europe_lau,Les Petites-Loges,les_petites_loges,le,34.6,54.67,98.74
europe_lau,Le Temple-sur-Lot,le_temple_sur_lot,le,38.29,49.73,17.6
europe_lau,Les Monts-Verts,les_monts_verts,le,65.52,69.34,73.59
europe_lau,Les Bessons,les_bessons,le,41.93,58.18,-8.6
europe_lau,Les Bondons,les_bondons,le,46.23,61.16,68.64
europe_lau,Le Born,le_born,le,50.64,60.28,82.34
europe_lau,Le Buisson,le_buisson,le,42.07,55.22,18.5
europe_lau,Le Collet-de-Dèze,le_collet_de_deze,le,36.76,61.18,98.52
europe_lau,Le Ham,le_ham,le,55.04,67.92,44.51
europe_lau,Le Horps,le_horps,le,54.83,66.14,73.35
europe_lau,Le Housseau-Brétignolles,le_housseau_bretignolles,le,54.12,60.67,50.19
europe_lau,Lesbois,lesbois,le,47.55,69.27,65.29
europe_lau,Levaré,levare,le,39.6,44.75,63.54
europe_lau,Λεμίθου,lemithou,le,67.46,75.43,53.41
europe_lau,Le Pas,le_pas,le,45.72,63.5,13.12
europe_lau,Le Grippon,le_grippon,le,61.12,65.55,46.79
europe_lau,Le Monestier,le_monestier,le,40.86,60.28,79.75
europe_lau,Les Pradeaux,les_pradeaux,le,59.07,67.36,61.99
europe_lau,Le Quartier,le_quartier,le,58.61,65.34,76.49
europe_lau,Le Mont-Saint-Adrien,le_mont_saint_adrien,le,53.86,77.33,28.21
europe_lau,Λετύμβου,letymbou,le,44.32,65.78,77.03
europe_lau,Le Breuil,le_breuil,le,54.3,72.25,72.51
europe_lau,Le Buisson,le_buisson,le,47.74,72.39,89.27
europe_lau,Les Hermaux,les_hermaux,le,22.89,57.53,82.8
europe_lau,Le Mesnil-Simon,le_mesnil_simon,le,52.1,73.16,32.9
europe_lau,Le Mesnil-Thomas,le_mesnil_thomas,le,41.38,63.81,43.92
europe_lau,Les Pinthières,les_pinthieres,le,56.81,69.89,48.5
europe_lau,Les Ressuintes,les_ressuintes,le,52.18,69.02,61.01
europe_lau,Les Cresnays,les_cresnays,le,45.88,74.37,-12.45
europe_lau,Le Dézert,le_dezert,le,58.13,64.46,42.36
europe_lau,Le Temple,le_temple,le,44.4,56.15,83.28
europe_lau,Le Val-de-Guéblange,le_val_de_gueblange,le,57.28,67.79,42.48
europe_lau,Les Charmontois,les_charmontois,le,34.73,51.83,-14.32
europe_lau,Le Châtelier,le_chatelier,le,41.28,52.83,41.31
europe_lau,Le Chemin,le_chemin,le,40.82,64.5,98.29
europe_lau,Λεύκα,leuka,le,27.3,57.64,94.69
europe_lau,Lempdes-sur-Allagnon,lempdes_sur_allagnon,le,63.59,65.61,70.62
europe_lau,Léotoing,leotoing,le,59.95,65.1,51.1
europe_lau,Le Mas-de-Tence,le_mas_de_tence,le,57.99,62.29,67.62
europe_lau,Le Monastier-sur-Gazeille,le_monastier_sur_gazeille,le,39.16,57.44,22.25
europe_lau,Le Monteil,le_monteil,le,40.05,59.03,70.6
europe_lau,Le Pertuis,le_pertuis,le,54.6,65.69,11.15
europe_lau,Le Puy-en-Velay,le_puy_en_velay,le,43.35,50.93,67.5
europe_lau,Le Charme,le_charme,le,43.57,57.85,36.75
europe_lau,Les Choux,les_choux,le,52.73,63.11,57.39
europe_lau,Lecey,lecey,le,40.01,57.06,-13.74
europe_lau,Leffonds,leffonds,le,41.83,52.77,45.25
europe_lau,Leschères-sur-le-Blaiseron,lescheres_sur_le_blaiseron,le,37.73,55.87,-4.92
europe_lau,Leuchey,leuchey,le,49.92,67.25,9.46
europe_lau,Leurville,leurville,le,33.31,48.25,49.03
europe_lau,Levécourt,levecourt,le,31.42,66.79,41.83
europe_lau,Lezéville,lezeville,le,26.55,46.74,13.63
europe_lau,Les Loges,les_loges,le,27.36,50.57,90.18
europe_lau,Le Bessat,le_bessat,le,40.7,55.23,40.47
europe_lau,Le Cergne,le_cergne,le,61.76,69.05,54.06
europe_lau,Les Junies,les_junies,le,57.2,58.68,59.38
europe_lau,Lentillac-du-Causse,lentillac_du_causse,le,39.96,66.33,94.52
europe_lau,Lentillac-Saint-Blaise,lentillac_saint_blaise,le,52.45,70.05,20.5
europe_lau,Léobard,leobard,le,40.13,56.95,91.18
europe_lau,Leyme,leyme,le,37.06,50.05,96.96
europe_lau,Le Montat,le_montat,le,45.8,59.29,69.01
europe_lau,Le Ribay,le_ribay,le,54.71,67.85,57.62
europe_lau,Les Aspres,les_aspres,le,41.39,51.11,49.05
europe_lau,Le Sap-André,le_sap_andre,le,41.95,58.73,63.87
europe_lau,Les Monts d'Andaine,les_monts_d_andaine,le,48.55,68.45,19.54
europe_lau,Les Rivières-Henruel,les_rivieres_henruel,le,28.06,54.36,15.37
europe_lau,Les Abrets en Dauphiné,les_abrets_en_dauphine,le,38.05,54.65,77.14
europe_lau,Le Nizan,le_nizan,le,63.83,75.54,53.78
europe_lau,Les Peintures,les_peintures,le,45.87,63.9,24.47
europe_lau,Le Pian-Médoc,le_pian_medoc,le,54.34,75.93,22.78
europe_lau,Le Pian-sur-Garonne,le_pian_sur_garonne,le,47.56,73.83,96.19
europe_lau,Le Porge,le_porge,le,62.02,77.6,32.99
europe_lau,Le Pout,le_pout,le,48.45,69.67,99.03
europe_lau,Le Puy,le_puy,le,51.33,60.36,43.3
europe_lau,Le Tâtre,le_tatre,le,40.08,72.78,37.35
europe_lau,Le Vieux-Cérier,le_vieux_cerier,le,29.56,40.05,81.63
europe_lau,Les Plans,les_plans,le,42.25,55.77,74.66
europe_lau,Le Pouget,le_pouget,le,67.06,75.47,61.05
europe_lau,Le Poujol-sur-Orb,le_poujol_sur_orb,le,40.41,63.85,-5.09
europe_lau,Le Pradal,le_pradal,le,47.6,78.22,90.26
europe_lau,Le Puech,le_puech,le,45.38,67.1,-25.1
europe_lau,Les Adrets,les_adrets,le,34.87,70.6,14.63
europe_lau,Le Juch,le_juch,le,59.89,69.65,53.65
europe_lau,Λευκόνοικο,leukonoiko,le,40.35,62.24,94.62
europe_lau,Λέμπα,lempa,le,32.7,42.1,34.37
europe_lau,Le Fête,le_fete,le,39.36,49.99,12.33
europe_lau,Le Val-Larrey,le_val_larrey,le,39.04,51.42,51.58
europe_lau,Les Goulles,les_goulles,le,70.67,73.16,48.91
europe_lau,Levroux,levroux,le,41.31,56.68,-4.23
europe_lau,Le Magny,le_magny,le,48.57,72.12,44.9
europe_lau,Le Menoux,le_menoux,le,59.97,65.39,59.57
europe_lau,Les Moussières,les_moussieres,le,56.97,74.31,37.11
europe_lau,Les Trois-Châteaux,les_trois_chateaux,le,37.01,49.37,45.61
europe_lau,Les Nans,les_nans,le,30.21,55.5,93.77
europe_lau,Lennon,lennon,le,46.55,64.98,97.38
europe_lau,Lesneven,lesneven,le,50.9,59.51,75.34
europe_lau,Leuhan,leuhan,le,46.4,62.06,47.15
europe_lau,Le Pescher,le_pescher,le,37.18,69.29,78.7
europe_lau,Leibstadt,leibstadt,le,56.16,67.57,72.14
europe_lau,Lengnau (AG),lengnau_ag,le,41.64,63.85,47.39
europe_lau,Le Vernoy,le_vernoy,le,45.74,61.85,59.63
europe_lau,Les Villedieu,les_villedieu,le,46.35,67.86,74.84
europe_lau,Leboulin,leboulin,le,22.5,48.76,-27.16
europe_lau,Lectoure,lectoure,le,44.33,60.86,50.29
europe_lau,Lelin-Lapujolle,lelin_lapujolle,le,38.35,60.28,53.28
europe_lau,Leytron,leytron,le,29.52,51.26,0.53
europe_lau,Le Sappey-en-Chartreuse,le_sappey_en_chartreuse,le,40.68,73.15,82.09
europe_lau,Le Pasquier,le_pasquier,le,61.88,77.79,66.23
europe_lau,Le Pin,le_pin,le,53.23,80.37,27.85
europe_lau,Les Planches-en-Montagne,les_planches_en_montagne,le,51.16,60.62,64.55
europe_lau,Les Planches-près-Arbois,les_planches_pres_arbois,le,49.07,68.91,99.57
europe_lau,Les Repôts,les_repots,le,58.12,80.9,57.18
europe_lau,Les Rives,les_rives,le,32.31,62.64,89.2
europe_lau,Le Landeron,le_landeron,le,52.27,62.66,49.21
europe_lau,Le Pin-Murelet,le_pin_murelet,le,63.51,67.98,38.22
europe_lau,Le Plan,le_plan,le,48.18,59.14,62.86
europe_lau,Les Avenières Veyrins-Thuellin,les_avenieres_veyrins_thuellin,le,63.13,70.56,28.13
europe_lau,Le Bouchage,le_bouchage,le,38.84,53.72,4.9
europe_lau,Le Bourg-d'Oisans,le_bourg_d_oisans,le,15.05,50.91,83.45
europe_lau,Le Champ-près-Froges,le_champ_pres_froges,le,48.29,59.55,23.14
europe_lau,Lescouët-Gouarec,lescouet_gouarec,le,32.62,55.04,31.58
europe_lau,Le Leslay,le_leslay,le,55.41,60.73,57.38
europe_lau,Lézardrieux,lezardrieux,le,30.94,56,81.68
europe_lau,Le Merzer,le_merzer,le,54.93,59.46,63.41
europe_lau,Le Moustoir,le_moustoir,le,41.36,62.44,16.46
europe_lau,Le Rouget-Pers,le_rouget_pers,le,33.09,47.48,91.6
europe_lau,Le Touvet,le_touvet,le,52.57,79.96,65.5
europe_lau,Le Versoud,le_versoud,le,49.28,57.74,38.52
europe_lau,Le Chenit,le_chenit,le,60.85,80.3,49.86
europe_lau,Le Lieu,le_lieu,le,41.06,81.2,42.19
europe_lau,Les Salles-du-Gardon,les_salles_du_gardon,le,43.34,64.53,44.86
europe_lau,Le Vigan,le_vigan,le,43.53,53.28,39.6
europe_lau,Le Cheylas,le_cheylas,le,31.82,50.28,79.72
europe_lau,Les Artigues-de-Lussac,les_artigues_de_lussac,le,50.83,75.08,58.44
europe_lau,Le Barp,le_barp,le,62.06,79.95,65.69
europe_lau,Les Adjots,les_adjots,le,64.55,69.52,60.32
europe_lau,Le Bouchage,le_bouchage,le,64.2,72.32,33.46
europe_lau,Leuggern,leuggern,le,40.46,60.56,79.16
europe_lau,Le Pêchereau,le_pechereau,le,52.88,69.57,46.53
europe_lau,Le Poinçonnet,le_poinconnet,le,46.35,50.78,73.77
europe_lau,Le Pont-Chrétien-Chabenet,le_pont_chretien_chabenet,le,34.39,63.35,15.18
europe_lau,Le Villey,le_villey,le,43.87,62.93,10.17
europe_lau,Le Relecq-Kerhuon,le_relecq_kerhuon,le,65.31,74.76,32.88
europe_lau,Le Chaffal,le_chaffal,le,45.58,54.61,68.6
europe_lau,Le Chalon,le_chalon,le,52.67,62.47,22.47
europe_lau,Les Arsures,les_arsures,le,38.77,65.57,58.87
europe_lau,Le Soulié,le_soulie,le,37.45,60.97,-31.39
europe_lau,Le Triadou,le_triadou,le,38.69,59.21,18.93
europe_lau,Les Verrières,les_verrieres,le,46.55,69.66,87.91
europe_lau,Les Côtes-d'Arey,les_cotes_d_arey,le,55.34,74.31,34.24
europe_lau,Les Côtes-de-Corps,les_cotes_de_corps,le,38.85,56.49,50.52
europe_lau,Les Éparres,les_eparres,le,50.28,66.39,59.1
europe_lau,Le Haut-Bréda,le_haut_breda,le,46.11,70.81,88.37
europe_lau,Le Freney-d'Oisans,le_freney_d_oisans,le,20.86,47.36,82.35
europe_lau,Le Quillio,le_quillio,le,41.86,63.95,1.38
europe_lau,Le Quiou,le_quiou,le,44.45,53.01,40.04
europe_lau,Λευκωσία,leukosia,le,40.57,63.36,-34.02
europe_lau,Les Salles-de-Castillon,les_salles_de_castillon,le,58.76,74.04,41.21
europe_lau,Le Taillan-Médoc,le_taillan_medoc,le,49.91,63.94,20.9
europe_lau,Les Brulais,les_brulais,le,49.72,65.16,42.67
europe_lau,Le Grand-Lemps,le_grand_lemps,le,28.12,58.03,91.77
europe_lau,Le Gua,le_gua,le,63.49,74.19,71.44
europe_lau,Les Billaux,les_billaux,le,65.28,77.75,48.9
europe_lau,Le Bouscat,le_bouscat,le,34.58,56.97,-8.97
europe_lau,Les Essards,les_essards,le,42.03,60.73,93.83
europe_lau,Les Gours,les_gours,le,28.59,46.36,35.33
europe_lau,Le Grand-Madieu,le_grand_madieu,le,60.79,67.26,74
europe_lau,Lessac,lessac,le,59.59,70.15,19.15
europe_lau,Le Teich,le_teich,le,41.89,73.6,96.57
europe_lau,Le Temple,le_temple,le,54.38,76.23,0.56
europe_lau,Le Tourne,le_tourne,le,30.28,74.54,68.15
europe_lau,Les Angles,les_angles,le,53.27,67.58,52.99
europe_lau,Leopoldsdorf im Marchfelde,leopoldsdorf_im_marchfelde,le,51.56,65.65,70.24
europe_lau,Lécousse,lecousse,le,35.59,62.4,97.59
europe_lau,Le Born,le_born,le,37.22,52.4,89.93
europe_lau,Le Tranger,le_tranger,le,54.16,69.21,31.33
europe_lau,Le Boulay,le_boulay,le,43,57.25,6.88
europe_lau,Lencouacq,lencouacq,le,46.7,63.49,67.93
europe_lau,Léon,leon,le,43.92,65.12,58.86
europe_lau,Lesgor,lesgor,le,53.31,67.11,50.67
europe_lau,Lesperon,lesperon,le,58.99,72.76,36.98
europe_lau,Le Leuy,le_leuy,le,62.64,81.17,31.49
europe_lau,Lévignacq,levignacq,le,48.03,59.17,59.72
europe_lau,Le Tréhou,le_trehou,le,57.83,67.17,49.38
europe_lau,Le Trévoux,le_trevoux,le,52.33,70.51,20.63
europe_lau,Le Vaud,le_vaud,le,13.97,41.64,68.41
europe_lau,Le Grand-Serre,le_grand_serre,le,33.98,55.5,93.89
europe_lau,Les Granges-Gontardes,les_granges_gontardes,le,28.96,39.22,70.26
europe_lau,Lemps,lemps,le,43.9,56.88,51.58
europe_lau,Lens-Lestang,lens_lestang,le,68.34,80.01,58.37
europe_lau,Léoncel,leoncel,le,35.64,58.19,73.7
europe_lau,Lesches-en-Diois,lesches_en_diois,le,65.23,75.21,56.04
europe_lau,Le Loroux,le_loroux,le,56.97,64.8,57.46
europe_lau,Le Minihic-sur-Rance,le_minihic_sur_rance,le,44.94,62.86,84.09
europe_lau,Les Portes du Coglais,les_portes_du_coglais,le,52.06,57.22,41.04
europe_lau,Le Pertre,le_pertre,le,42.29,70.4,96.31
europe_lau,Le Petit-Fougeray,le_petit_fougeray,le,54.31,72.21,44.97
europe_lau,Les Bouchoux,les_bouchoux,le,42.2,69.05,88.5
europe_lau,Les Chalesmes,les_chalesmes,le,46.69,62.31,86.98
europe_lau,Le Châtellier,le_chatellier,le,35.6,62.44,63.14
europe_lau,Les Tourreilles,les_tourreilles,le,38.64,66.58,-44.35
europe_lau,Lentiol,lentiol,le,28.15,65.14,3.45
europe_lau,Leyrieu,leyrieu,le,36.85,53.12,94.35
europe_lau,Le Monestier-du-Percy,le_monestier_du_percy,le,27.75,63.2,72.77
europe_lau,Les Deux Alpes,les_deux_alpes,le,56.59,62.13,71.13
europe_lau,Le Chateley,le_chateley,le,38.73,67.52,53.13
europe_lau,Le Tuzan,le_tuzan,le,63.26,67.05,30.74
europe_lau,Le Verdon-sur-Mer,le_verdon_sur_mer,le,52.15,63.53,67.23
europe_lau,Les Aires,les_aires,le,26.62,60.29,-82.91
europe_lau,Le Bosc,le_bosc,le,42.54,56.75,54.4
europe_lau,Le Bousquet-d'Orb,le_bousquet_d_orb,le,34.98,55.71,76.98
europe_lau,Le Crouais,le_crouais,le,47.51,57.92,31.58
europe_lau,Le Ferré,le_ferre,le,70.49,74.3,43.85
europe_lau,Les Iffs,les_iffs,le,32.05,57.86,92.12
europe_lau,Le Burgaud,le_burgaud,le,65.32,67.91,73.37
europe_lau,Le Cabanial,le_cabanial,le,47.51,64.78,97.28
europe_lau,Le Castéra,le_castera,le,66.33,72.69,49.24
europe_lau,Le Moutaret,le_moutaret,le,50.64,81.38,91.02
europe_lau,Les Églisottes-et-Chalaures,les_eglisottes_et_chalaures,le,30.57,52.7,26.87
europe_lau,Les Esseintes,les_esseintes,le,63.72,75.1,64.08
europe_lau,Le Fieu,le_fieu,le,63.57,62.54,59.59
europe_lau,Le Haillan,le_haillan,le,27.04,45.47,72.84
europe_lau,Lecci,lecci,le,25.84,38.37,58.92
europe_lau,Le Vieux-Bourg,le_vieux_bourg,le,42.23,63.84,-17.44
europe_lau,Le Vieux-Marché,le_vieux_marche,le,39.85,74,97.53
europe_lau,Lesterps,lesterps,le,54.08,60.71,49.22
europe_lau,Lésignac-Durand,lesignac_durand,le,38.31,55.43,12.68
europe_lau,Le Lindois,le_lindois,le,45.95,64.22,35.93
europe_lau,Les Métairies,les_metairies,le,43.85,55.24,72.03
europe_lau,Leimbach (AG),leimbach_ag,le,51.48,76.75,26.99
europe_lau,Leutwil,leutwil,le,62.2,70.15,59.02
europe_lau,Les Pins,les_pins,le,52.83,70.86,21.28
europe_lau,Le Caylar,le_caylar,le,57.11,77.11,61.52
europe_lau,Le Cailar,le_cailar,le,18.59,56.67,73.22
europe_lau,Le Cuing,le_cuing,le,47.68,60.73,44.71
europe_lau,Le Bémont (JU),le_bemont_ju,le,49.03,60.98,51.88
europe_lau,Les Bois,les_bois,le,48.92,71.07,27.09
europe_lau,Les Breuleux,les_breuleux,le,63.3,74.88,31.84
europe_lau,Les Enfers,les_enfers,le,24.76,62.91,-158.7
europe_lau,Le Grand-Pressigny,le_grand_pressigny,le,60.55,69.29,42.3
europe_lau,Les Genevez (JU),les_genevez_ju,le,50.07,67.52,0.03
europe_lau,Les Hermites,les_hermites,le,42.63,63.41,-0.37
europe_lau,Letia,letia,le,30,57.13,40.94
europe_lau,Levie,levie,le,34.91,50.36,95.74
europe_lau,Les Clées,les_clees,le,25.44,50.98,-36.79
europe_lau,Le Pègue,le_pegue,le,33.98,73.12,51.44
europe_lau,Les Pilles,les_pilles,le,26.2,40.58,94.14
europe_lau,Le Poët-Célard,le_poet_celard,le,56.22,66.15,62.31
europe_lau,Le Poët-en-Percip,le_poet_en_percip,le,30.24,48.34,-5.68
europe_lau,Le Poët-Laval,le_poet_laval,le,46.94,57.13,58.36
europe_lau,Le Poët-Sigillat,le_poet_sigillat,le,30.45,59.8,95.27
europe_lau,Le Grand-Saconnex,le_grand_saconnex,le,54.64,82.91,73.86
europe_lau,Le Rheu,le_rheu,le,52.66,72.91,41.97
europe_lau,Les Crozets,les_crozets,le,48.5,62.29,60.74
europe_lau,Le Deschaux,le_deschaux,le,46.54,67.49,73.43
europe_lau,Les Deux-Fays,les_deux_fays,le,53.02,68.61,86.87
europe_lau,Les Rousses,les_rousses,le,42.76,59.03,87.11
europe_lau,Le Vaudioux,le_vaudioux,le,29.98,55.26,90.44
europe_lau,Le Vernois,le_vernois,le,56.43,80.2,88.69
europe_lau,Le Brouilh-Monbert,le_brouilh_monbert,le,45.55,60.23,25.67
europe_lau,Le Passage,le_passage,le,58.72,71.65,60.38
europe_lau,Le Péage-de-Roussillon,le_peage_de_roussillon,le,38.74,56.86,60.04
europe_lau,Le Pont-de-Beauvoisin,le_pont_de_beauvoisin,le,33.32,50.52,20.96
europe_lau,Le Pont-de-Claix,le_pont_de_claix,le,34.61,62.79,90.15
europe_lau,Les Roches-de-Condrieu,les_roches_de_condrieu,le,42.42,66.74,-31.2
europe_lau,Les Prés,les_pres,le,58.73,73.25,29.84
europe_lau,Le Bourg-d'Hem,le_bourg_d_hem,le,64.38,66.33,57.9
europe_lau,Le Chauchet,le_chauchet,le,41.39,48.22,47.79
europe_lau,Les Essards-Taignevaux,les_essards_taignevaux,le,47.52,56.32,48.67
europe_lau,Le Fied,le_fied,le,27.35,51.49,-36.44
europe_lau,Le Frasnois,le_frasnois,le,47.71,59.68,44.22
europe_lau,Le Crès,le_cres,le,33.97,51.74,99.75
europe_lau,Le Cros,le_cros,le,47.43,70.98,99.02
europe_lau,Les Planchettes,les_planchettes,le,45.27,73.98,43.56
europe_lau,Le Thieulin,le_thieulin,le,35.98,52.27,38.68
europe_lau,Le Faget,le_faget,le,48.1,72.01,44.58
europe_lau,Le Fauga,le_fauga,le,38.65,50.53,50.07
europe_lau,Le Fousseret,le_fousseret,le,66.69,66.5,55.15
europe_lau,Le Fréchet,le_frechet,le,50.69,58.28,71.08
europe_lau,Lège-Cap-Ferret,lege_cap_ferret,le,15.79,31.44,84.65
europe_lau,Léogeats,leogeats,le,26.4,64.33,-73.35
europe_lau,Léognan,leognan,le,50.18,71.12,57.6
europe_lau,Lerm-et-Musset,lerm_et_musset,le,47.03,66.82,48.23
europe_lau,Lesparre-Médoc,lesparre_medoc,le,25.55,45.87,98.54
europe_lau,Lestiac-sur-Garonne,lestiac_sur_garonne,le,25.59,50.42,-55.56
europe_lau,Les Lèves-et-Thoumeyragues,les_leves_et_thoumeyragues,le,42.85,55.48,88.78
europe_lau,Le Compas,le_compas,le,62.87,62.35,61.44
europe_lau,Le Donzeil,le_donzeil,le,47.24,54.46,54.96
europe_lau,Les Brenets,les_brenets,le,42.13,69.84,33.82
europe_lau,Lespignan,lespignan,le,56.68,78.29,91.04
europe_lau,Lézignan-la-Cèbe,lezignan_la_cebe,le,40.64,62.11,25.88
europe_lau,Le Garn,le_garn,le,40.68,65.32,99.7
europe_lau,Le Grau-du-Roi,le_grau_du_roi,le,30.57,54.68,64.37
europe_lau,Lecques,lecques,le,42.44,64.45,97.69
europe_lau,Lédenon,ledenon,le,41.23,58.99,87.31
europe_lau,Lédignan,ledignan,le,51.76,60.47,75.81
europe_lau,Lézan,lezan,le,69.49,75.46,63.58
europe_lau,Les Mages,les_mages,le,60.16,69.31,75.85
europe_lau,Le Martinet,le_martinet,le,43.02,60.46,75.02
europe_lau,Le Pin,le_pin,le,51.46,82.2,86.76
europe_lau,Les Plans,les_plans,le,59.37,77.09,78.98
europe_lau,Les Plantiers,les_plantiers,le,46.85,60.45,15.04
europe_lau,Le Grès,le_gres,le,45.03,62.16,77.8
europe_lau,Lémeré,lemere,le,49.49,60.28,65.69
europe_lau,Lerné,lerne,le,62.66,67.44,55.3
europe_lau,Le Liège,le_liege,le,47.03,60.78,37.52
europe_lau,Le Louroux,le_louroux,le,36.88,62.41,3.3
europe_lau,Le Noirmont,le_noirmont,le,48.06,59.97,35.65
europe_lau,Le Petit-Pressigny,le_petit_pressigny,le,56.59,63.99,60.28
europe_lau,Lento,lento,le,43.74,58.4,54.43
europe_lau,Le Sel-de-Bretagne,le_sel_de_bretagne,le,48.1,67.07,91.83
europe_lau,Le Theil-de-Bretagne,le_theil_de_bretagne,le,43.09,53.23,17.89
europe_lau,Le Tiercent,le_tiercent,le,39.65,58.12,-23.52
europe_lau,Le Verger,le_verger,le,23.02,39.91,-39.74
europe_lau,Le Vivier-sur-Mer,le_vivier_sur_mer,le,44.82,58.56,84.37
europe_lau,Le Tronchet,le_tronchet,le,56.47,62.96,18.76
europe_lau,Le Blanc,le_blanc,le,41.61,55.67,20.54
europe_lau,Les Bordes,les_bordes,le,45.09,55.98,72.59
europe_lau,Les Hays,les_hays,le,57.56,75.06,83.01
europe_lau,Le Larderet,le_larderet,le,50.65,73.72,49.34
europe_lau,Le Latet,le_latet,le,45.65,66.03,6.31
europe_lau,Lect,lect,le,27.07,52.1,90.46
europe_lau,Lemuy,lemuy,le,34.6,49.43,53.75
europe_lau,Lent,lent,le,55.51,64.56,61.48
europe_lau,Leschères,lescheres,le,33.72,65.46,94.09
europe_lau,Le Frêche,le_freche,le,63.38,73.87,46.04
europe_lau,Les Villages Vovéens,les_villages_voveens,le,40.58,65.22,-24.89
europe_lau,Leuk,leuk,le,28.21,47.96,89.16
europe_lau,Leukerbad,leukerbad,le,46.22,62.49,23.51
europe_lau,Le Houga,le_houga,le,45.41,57.75,76.29
europe_lau,Les Tonils,les_tonils,le,50.63,68.93,87.76
europe_lau,Les Tourrettes,les_tourrettes,le,36.74,57.13,-16.39
europe_lau,Le Grand-Bourg,le_grand_bourg,le,49.65,53.8,73.34
europe_lau,Lépaud,lepaud,le,57.19,69.38,80.04
europe_lau,Lépinas,lepinas,le,44.48,65.34,94.08
europe_lau,Leyrat,leyrat,le,43.65,57.27,70.34
europe_lau,Les Mars,les_mars,le,43.33,64.64,74.51
europe_lau,Le Mas-d'Artige,le_mas_d_artige,le,37.33,43.96,55.47
europe_lau,Le Monteil-au-Vicomte,le_monteil_au_vicomte,le,35.76,55.31,97.56
europe_lau,Le Louverot,le_louverot,le,47.37,68.34,76.66
europe_lau,Les Matelles,les_matelles,le,48.07,63,17.8
europe_lau,Le Cerneux-Péquignot,le_cerneux_pequignot,le,18.5,58.11,1.88
europe_lau,Le Locle,le_locle,le,50.48,78.86,65.46
europe_lau,Les Ponts-de-Martel,les_ponts_de_martel,le,21.85,56.97,25.96
europe_lau,Le Cloître-Pleyben,le_cloitre_pleyben,le,48.29,56.67,58.88
europe_lau,Le Cloître-Saint-Thégonnec,le_cloitre_saint_thegonnec,le,60.38,69.13,72.2
europe_lau,Le Conquet,le_conquet,le,42.18,57.5,88.29
europe_lau,Le Drennec,le_drennec,le,45.03,62.47,77.52
europe_lau,Le Faou,le_faou,le,22.57,53.79,-15.96
europe_lau,Le Folgoët,le_folgoet,le,51.66,63.27,81.35
europe_lau,Lécussan,lecussan,le,14.79,43.53,-4.85
europe_lau,Lège,lege,le,31.09,56.75,-60.23
europe_lau,Léguevin,leguevin,le,51.85,59.91,32.87
europe_lau,Lescuns,lescuns,le,48.76,74.21,76.63
europe_lau,Lespinasse,lespinasse,le,41.54,61.3,86.27
europe_lau,Lespiteau,lespiteau,le,59.66,67.86,52.65
europe_lau,Lespugue,lespugue,le,52.96,62.24,77.78
europe_lau,Lestelle-de-Saint-Martory,lestelle_de_saint_martory,le,62.45,74.32,55.65
europe_lau,Lévignac,levignac,le,47.06,56.53,55.13
europe_lau,Le Clerjus,le_clerjus,le,52.63,69.92,13.22
europe_lau,Le Mazis,le_mazis,le,45.03,68.82,69.28
europe_lau,Le Meillard,le_meillard,le,54.81,65.69,58.92
europe_lau,Le Mesge,le_mesge,le,33.07,59.42,-31.94
europe_lau,Letkov,letkov,le,65.96,75.83,60.93
europe_lau,Le Coudray-Montceaux,le_coudray_montceaux,le,39.79,51.29,28.04
europe_lau,Le Perréon,le_perreon,le,34.89,56.3,-14.81
europe_lau,Les Sauvages,les_sauvages,le,52.57,64.37,26.99
europe_lau,Les Grandes-Ventes,les_grandes_ventes,le,47.13,63.54,61.5
europe_lau,Le Grand-Quevilly,le_grand_quevilly,le,59.02,78.03,59.88
europe_lau,Le Hanouard,le_hanouard,le,60.57,71.62,53.76
europe_lau,Le Havre,le_havre,le,40.73,60.04,61.89
europe_lau,Le Héron,le_heron,le,54.21,59.24,53.13
europe_lau,Le Houlme,le_houlme,le,38.21,59.89,72.08
europe_lau,Les Ifs,les_ifs,le,66.56,82.49,55.19
europe_lau,Lestanville,lestanville,le,20.14,59.71,-25.52
europe_lau,Les Loges,les_loges,le,40.91,46.58,70.82
europe_lau,Le Boisle,le_boisle,le,51.94,67.93,61.28
europe_lau,Leithaprodersdorf,leithaprodersdorf,le,51.78,58.83,29.16
europe_lau,Le Thor,le_thor,le,38.6,57.84,89.28
europe_lau,Le Bernard,le_bernard,le,55.51,62.71,69.89
europe_lau,Le Boupère,le_boupere,le,47.61,61.72,23.51
europe_lau,Les Brouzils,les_brouzils,le,44.72,56.33,77.26
europe_lau,Le Bourdet,le_bourdet,le,25.69,54.43,-93.69
europe_lau,Lessard-le-National,lessard_le_national,le,38.79,52.72,80.87
europe_lau,Leynes,leynes,le,36.49,59.23,-31.75
europe_lau,Le Rousset-Marizy,le_rousset_marizy,le,46.46,62.66,2.3
europe_lau,Le Miroir,le_miroir,le,38.75,55.93,73.61
europe_lau,Légéville-et-Bonfays,legeville_et_bonfays,le,51.35,72.05,72.36
europe_lau,Lemmecourt,lemmecourt,le,59.22,60.18,53.19
europe_lau,Lépanges-sur-Vologne,lepanges_sur_vologne,le,24.59,56.66,67.78
europe_lau,Lerrain,lerrain,le,51.77,77.82,84.44
europe_lau,Lesseux,lesseux,le,29.7,68.57,5.25
europe_lau,Le Thillay,le_thillay,le,37.84,57.95,-12.3
europe_lau,Les Abymes,les_abymes,le,57.12,63.61,33.31
europe_lau,Le Gosier,le_gosier,le,40.88,66.47,-19.64
europe_lau,Le Moule,le_moule,le,31.84,39.75,19.49
europe_lau,Le Busseau,le_busseau,le,42.7,60.59,93.58
europe_lau,Le Chillou,le_chillou,le,35.8,44.03,30.14
europe_lau,Les Châteliers,les_chateliers,le,55.26,58.14,44.43
europe_lau,Les Forges,les_forges,le,57.78,68.24,52.6
europe_lau,Les Fosses,les_fosses,le,57.57,69.95,77.78
europe_lau,Le Rialet,le_rialet,le,55.7,69.46,83.97
europe_lau,Le Riols,le_riols,le,57.2,70.17,37.21
europe_lau,Les Angles,les_angles,le,40.19,61.15,16.08
europe_lau,Le Barcarès,le_barcares,le,24.33,70.48,71.69
europe_lau,Le Boulou,le_boulou,le,49.68,68.19,47.98
europe_lau,Les Anses-d'Arlet,les_anses_d_arlet,le,33.97,59.38,96.28
europe_lau,Le Carbet,le_carbet,le,38.72,47.23,53.09
europe_lau,Le Diamant,le_diamant,le,42.85,56.38,19.76
europe_lau,Les Trois-Moutiers,les_trois_moutiers,le,56.66,62.08,81
europe_lau,Le Vigeant,le_vigeant,le,53.41,65.74,87.12
europe_lau,Le Plessier-Rozainvillers,le_plessier_rozainvillers,le,68.67,76.93,60.11
europe_lau,Le Quesne,le_quesne,le,43.59,81.34,77.94
europe_lau,Le Quesnel,le_quesnel,le,55.3,67.18,73.16
europe_lau,Le Ségur,le_segur,le,41.53,61.67,89.21
europe_lau,Le Sequestre,le_sequestre,le,35.25,70.88,-69.78
europe_lau,Les Granges-le-Roi,les_granges_le_roi,le,55.34,78.3,31.55
europe_lau,Leudeville,leudeville,le,45.69,67.52,97.45
europe_lau,Leuville-sur-Orge,leuville_sur_orge,le,57.81,75.64,64.16
europe_lau,Le Mérévillois,le_merevillois,le,42.31,60.72,-18.81
europe_lau,Les Molières,les_molieres,le,41.26,50.34,38.83
europe_lau,Le Plessis-Pâté,le_plessis_pate,le,70.69,74.74,60.61
europe_lau,Le Mesnil-Durdent,le_mesnil_durdent,le,48.47,69.03,81.23
europe_lau,Le Mesnil-Esnard,le_mesnil_esnard,le,59.87,70.19,71.25
europe_lau,Le Mesnil-Lieubray,le_mesnil_lieubray,le,53.8,65.13,53.02
europe_lau,Le Mesnil-Réaume,le_mesnil_reaume,le,52.95,73.93,70.67
europe_lau,Le Mesnil-sous-Jumièges,le_mesnil_sous_jumieges,le,14.28,37.94,78.25
europe_lau,Le Cardonnois,le_cardonnois,le,28.03,55.46,28.37
europe_lau,Le Crotoy,le_crotoy,le,42.17,66.91,99.32
europe_lau,Le Ménil,le_menil,le,44.51,61.38,-12.4
europe_lau,Le Mont,le_mont,le,58.18,70.6,71.63
europe_lau,Leugny,leugny,le,65.01,69.71,46.82
europe_lau,Levis,levis,le,39.04,54.73,40.5
europe_lau,Lézinnes,lezinnes,le,39.81,58.01,8.39
europe_lau,Les Ormes,les_ormes,le,52.68,66.48,81.65
europe_lau,Le Haut Soultzbach,le_haut_soultzbach,le,53.82,69.98,27.54
europe_lau,Les Villards-sur-Thônes,les_villards_sur_thones,le,49.36,74.77,57.53
europe_lau,Les Authieux-sur-le-Port-Saint-Ouen,les_authieux_sur_le_port_saint_ouen,le,56.02,79.13,81.63
europe_lau,Les Hauts-de-Caux,les_hauts_de_caux,le,38.04,53.49,-6.63
europe_lau,Le Tremblois,le_tremblois,le,77.24,81.34,56.27
europe_lau,Le Planois,le_planois,le,22.74,43.31,89.07
europe_lau,Le Puley,le_puley,le,49.24,66.86,32.2
europe_lau,Les Poulières,les_poulieres,le,59.81,87.21,69.65
europe_lau,Le Puid,le_puid,le,44.68,57.58,12.46
europe_lau,Le François,le_francois,le,48.13,67.85,51.4
europe_lau,Le Lamentin,le_lamentin,le,45.83,64.7,83.42
europe_lau,Le Lorrain,le_lorrain,le,46.16,69.46,94.04
europe_lau,Le Marigot,le_marigot,le,17.58,52.61,92.48
europe_lau,Le Marin,le_marin,le,36.18,50.44,16.36
europe_lau,Le Morne-Rouge,le_morne_rouge,le,50.66,57.33,63.19
europe_lau,Le Prêcheur,le_precheur,le,46.17,64.33,77.15
europe_lau,Le Robert,le_robert,le,42.7,56.18,36.57
europe_lau,Les Trois-Îlets,les_trois_ilets,le,50.95,60.41,33.08
europe_lau,Le Vauclin,le_vauclin,le,44.98,57.29,74.86
europe_lau,Le Morne-Vert,le_morne_vert,le,64.64,79.51,13.39
europe_lau,Les Avirons,les_avirons,le,15.39,56,85.06
europe_lau,Le Vaudoué,le_vaudoue,le,49.15,65.34,64.85
europe_lau,Le Val-de-Gouhenans,le_val_de_gouhenans,le,49.51,59.48,65.9
europe_lau,Le Val-Saint-Éloi,le_val_saint_eloi,le,33.2,60.59,93.26
europe_lau,Les Cluses,les_cluses,le,51.88,73.05,90.81
europe_lau,Lesquerde,lesquerde,le,22.84,61.18,-150.24
europe_lau,Le Perthus,le_perthus,le,37.3,46.94,12.23
europe_lau,Le Port,le_port,le,52.36,74.88,45.96
europe_lau,Le Tampon,le_tampon,le,52.57,59.51,63.46
europe_lau,Les Trois-Bassins,les_trois_bassins,le,17.72,56.97,-207.54
europe_lau,Les Billanges,les_billanges,le,66.82,72.11,39.34
europe_lau,Le Buis,le_buis,le,63.55,79.78,62.6
europe_lau,Les Cars,les_cars,le,53.17,62.88,34.33
europe_lau,Le Chalard,le_chalard,le,30.84,56.26,34.24
europe_lau,Le Châtenet-en-Dognon,le_chatenet_en_dognon,le,41.57,57.95,66.69
europe_lau,Le Dorat,le_dorat,le,57.6,65.62,32.36
europe_lau,Les Alluets-le-Roi,les_alluets_le_roi,le,51.46,72.51,31.26
europe_lau,Le Titre,le_titre,le,69.92,74.59,70.64
europe_lau,Le Translay,le_translay,le,45.93,60.08,32.13
europe_lau,Les Aynans,les_aynans,le,51.33,68.5,69.77
europe_lau,Les Bâties,les_baties,le,37.19,47.39,80.55
europe_lau,Léojac,leojac,le,31.62,63.6,99.44
europe_lau,Les Grands-Chézeaux,les_grands_chezeaux,le,58.52,62.33,69.52
europe_lau,Les Rouges-Eaux,les_rouges_eaux,le,11.31,36.86,-76.74
europe_lau,Le Roulier,le_roulier,le,43,73.82,92.78
europe_lau,Le Val d'Ocre,le_val_d_ocre,le,50.41,60.01,15.07
europe_lau,Le Cannet-des-Maures,le_cannet_des_maures,le,30.42,73.47,88.95
europe_lau,Le Castellet,le_castellet,le,38.66,50.04,86.18
europe_lau,Le Bocasse,le_bocasse,le,34.4,52.92,90.9
europe_lau,Le Bois-Robert,le_bois_robert,le,54.58,62.31,72.07
europe_lau,Le Bourg-Dun,le_bourg_dun,le,53.83,63.87,34.66
europe_lau,Le Blanc-Mesnil,le_blanc_mesnil,le,47.92,62.75,67.05
europe_lau,Le Bourget,le_bourget,le,58.74,66.56,45.21
europe_lau,Les Lilas,les_lilas,le,35.72,57.07,87.05
europe_lau,Les Pavillons-sous-Bois,les_pavillons_sous_bois,le,54.22,60.6,76.71
europe_lau,Le Pré-Saint-Gervais,le_pre_saint_gervais,le,38.72,61.44,80.09
europe_lau,Le Raincy,le_raincy,le,66.74,80.66,51.22
europe_lau,Le Kremlin-Bicêtre,le_kremlin_bicetre,le,44.77,67.66,52.39
europe_lau,Le Saulcy,le_saulcy,le,27.78,54.79,32.2
europe_lau,Le Syndicat,le_syndicat,le,30,51.62,82.49
europe_lau,Le Lavandou,le_lavandou,le,28.08,45.62,63.98
europe_lau,Le Luc,le_luc,le,40.99,63.98,73.83
europe_lau,Les Mayons,les_mayons,le,57.69,68.92,70.84
europe_lau,Le Muy,le_muy,le,28.86,50.32,94.37
europe_lau,Le Plan-de-la-Tour,le_plan_de_la_tour,le,62.16,71.84,69.01
europe_lau,Le Pradet,le_pradet,le,56.38,63.38,56.03
europe_lau,Les Bréviaires,les_breviaires,le,37.81,62.74,82.47
europe_lau,Le Chesnay-Rocquencourt,le_chesnay_rocquencourt,le,46.69,67.24,17.94
europe_lau,Les Clayes-sous-Bois,les_clayes_sous_bois,le,40.87,65.03,96.51
europe_lau,Les Bizots,les_bizots,le,57.88,65.65,18.92
europe_lau,Les Bordes,les_bordes,le,30.21,46.91,17.03
europe_lau,Le Breuil,le_breuil,le,60.73,67.19,46.81
europe_lau,Le Perreux-sur-Marne,le_perreux_sur_marne,le,54.01,77.94,94.43
europe_lau,Le Tablier,le_tablier,le,70.12,74.78,67.74
europe_lau,Le Palais-sur-Vienne,le_palais_sur_vienne,le,42.14,57.46,55.03
europe_lau,Les Essarts-le-Roi,les_essarts_le_roi,le,36.83,57.59,18.54
europe_lau,Lescurry,lescurry,le,43.2,69.59,18.72
europe_lau,Lespouey,lespouey,le,25.16,80.43,-111.18
europe_lau,Lézignan,lezignan,le,55.41,69.05,60.59
europe_lau,Le Tallud,le_tallud,le,52.8,64.9,33.13
europe_lau,Le Vanneau-Irleau,le_vanneau_irleau,le,57.8,71.14,40.78
europe_lau,Le Vert,le_vert,le,66.88,71.14,54.33
europe_lau,Le Pin,le_pin,le,60.18,73.06,73.52
europe_lau,Le Hamel,le_hamel,le,39.86,56,88.49
europe_lau,Le Thillot,le_thillot,le,36.33,57.22,72.15
europe_lau,Le Tholy,le_tholy,le,46.86,59.44,71.19
europe_lau,Les Thons,les_thons,le,50.03,66.63,37.65
europe_lau,Le Bez,le_bez,le,28.8,51.54,67.46
europe_lau,Les Sièges,les_sieges,le,57.65,70.57,59.39
europe_lau,Les Hauts de Forterre,les_hauts_de_forterre,le,41.72,64.33,-0.48
europe_lau,Les Vallées de la Vanne,les_vallees_de_la_vanne,le,37.67,44.91,64.77
europe_lau,Le Revest-les-Eaux,le_revest_les_eaux,le,55.13,65.04,38.09
europe_lau,Le Catelier,le_catelier,le,67.9,73.4,25.98
europe_lau,Le Caule-Sainte-Beuve,le_caule_sainte_beuve,le,56.13,61.48,53.22
europe_lau,Les Cent-Acres,les_cent_acres,le,57.93,61.17,63.23
europe_lau,Les Adrets-de-l'Estérel,les_adrets_de_l_esterel,le,50.95,67.96,25.88
europe_lau,Les Arcs,les_arcs,le,39.55,60.53,78.61
europe_lau,Le Beausset,le_beausset,le,44.04,70.51,98.48
europe_lau,Le Bourguet,le_bourguet,le,59.9,68.36,42.91
europe_lau,Le Plessis-Trévise,le_plessis_trevise,le,36.86,60.27,66.53
europe_lau,Le Bellay-en-Vexin,le_bellay_en_vexin,le,53.18,69.66,54.98
europe_lau,Le Val-d'Ajol,le_val_d_ajol,le,48.81,59.34,54.09
europe_lau,Les Vallois,les_vallois,le,39.41,57.4,99
europe_lau,Le Valtin,le_valtin,le,41.25,58.6,78.15
europe_lau,Le Vermont,le_vermont,le,33.08,71.3,-21.96
europe_lau,Les Voivres,les_voivres,le,60,70.53,34.72
europe_lau,Legrad,legrad,le,34.85,53.9,74.84
europe_lau,Les Salles-sur-Verdon,les_salles_sur_verdon,le,30.17,55.22,87.56
europe_lau,Le Thoronet,le_thoronet,le,23.62,50.91,-11.05
europe_lau,Le Val,le_val,le,39.4,69.8,-62.98
europe_lau,Le Barroux,le_barroux,le,39.67,56.03,81.17
europe_lau,Le Beaucet,le_beaucet,le,22.76,62.16,72.54
europe_lau,Lévis-Saint-Nom,levis_saint_nom,le,52.82,61.62,33.52
europe_lau,Les Loges-en-Josas,les_loges_en_josas,le,42.35,64.01,43.15
europe_lau,Le Creusot,le_creusot,le,66.24,78.14,35.84
europe_lau,Lekenik,lekenik,le,47.68,52.44,75.29
europe_lau,Lepoglava,lepoglava,le,33.75,54.68,97.78
europe_lau,Levanjska Varoš,levanjska_varos,le,48.19,54.39,59.75
europe_lau,Les Salles-Lavauguyon,les_salles_lavauguyon,le,65.26,73.09,47.98
europe_lau,Le Vigen,le_vigen,le,32.19,45.62,93.31
europe_lau,Les Ableuvenettes,les_ableuvenettes,le,47.29,81.25,61.54
europe_lau,Le Mesnil-le-Roi,le_mesnil_le_roi,le,24.85,54.03,87.96
europe_lau,Le Mesnil-Saint-Denis,le_mesnil_saint_denis,le,58,65.65,47.8
europe_lau,Les Mesnuls,les_mesnuls,le,53.81,63.92,37.1
europe_lau,Les Mureaux,les_mureaux,le,47.31,59.71,33.83
europe_lau,Le Pecq,le_pecq,le,26.65,47.99,74.13
europe_lau,Le Perray-en-Yvelines,le_perray_en_yvelines,le,65.76,72.79,66.3
europe_lau,Les Cabannes,les_cabannes,le,24.97,43.48,95.33
europe_lau,Les Cammazes,les_cammazes,le,26.17,50.46,51.58
europe_lau,Leština,lestina,le,61.79,71.29,72.77
europe_lau,Le Dourn,le_dourn,le,54.64,79.75,27.67
europe_lau,Le Fraysse,le_fraysse,le,38.87,60.69,-5.38
europe_lau,Le Garric,le_garric,le,57.61,70.62,45.69
europe_lau,Les Ardillats,les_ardillats,le,47.52,62.28,7.66
europe_lau,Le Breuil,le_breuil,le,61.14,68.73,62.16
europe_lau,Les Chères,les_cheres,le,48.62,62.47,79.01
europe_lau,Lesnice,lesnice,le,49.8,59.23,64.21
europe_lau,Léalvillers,lealvillers,le,38.33,68.68,94.2
europe_lau,Lesbœufs,lesboeufs,le,47.66,60.97,89.44
europe_lau,Lebetain,lebetain,le,58.38,72.08,56.72
europe_lau,Lepuix-Neuf,lepuix_neuf,le,45.68,70.05,-23.17
europe_lau,Lepuix,lepuix,le,45.36,70.95,77.95
europe_lau,Leval,leval,le,44.4,73.53,26.75
europe_lau,Les Forges,les_forges,le,53.7,75.7,71.92
europe_lau,Le Heaulme,le_heaulme,le,70.73,73.43,66.86
europe_lau,Le Mesnil-Aubry,le_mesnil_aubry,le,61.09,70.3,46.05
europe_lau,Les Bordes,les_bordes,le,56.55,68.53,69.26
europe_lau,Les Clérimois,les_clerimois,le,58.17,66.85,86.13
europe_lau,Le Pontet,le_pontet,le,54.58,66.78,71.29
europe_lau,Le Port-Marly,le_port_marly,le,49.67,61.29,80.47
europe_lau,Le Fay,le_fay,le,58.69,69.86,71.6
europe_lau,Les Guerreaux,les_guerreaux,le,58.54,67.92,61.92
europe_lau,Lesme,lesme,le,50.05,62.6,49.74
europe_lau,Lessard-en-Bresse,lessard_en_bresse,le,29.3,45.99,3.63
europe_lau,Le Perchay,le_perchay,le,65.02,71.29,53.51
europe_lau,Le Plessis-Bouchard,le_plessis_bouchard,le,54.65,86.55,31.57
europe_lau,Le Plessis-Gassot,le_plessis_gassot,le,65.16,73.89,60.75
europe_lau,Le Plessis-Luzarches,le_plessis_luzarches,le,46.86,62.27,79.8
europe_lau,Leigné-les-Bois,leigne_les_bois,le,54.85,73.13,63.85
europe_lau,Leignes-sur-Fontaine,leignes_sur_fontaine,le,58.49,62.72,61.43
europe_lau,Leigné-sur-Usseau,leigne_sur_usseau,le,68.72,70.67,49.63
europe_lau,Lencloître,lencloitre,le,48.63,59.36,17.12
europe_lau,Lésigny,lesigny,le,34.83,50.79,27.9
europe_lau,Leugny,leugny,le,55.11,66.3,72.92
europe_lau,Les Ormes,les_ormes,le,35.6,61.08,47.39
europe_lau,Le Beulay,le_beulay,le,36.51,78.57,49.07
europe_lau,Lety,lety,le,41.67,57.22,15.67
europe_lau,Le Tartre-Gaudran,le_tartre_gaudran,le,35.96,64.63,18.42
europe_lau,Le Tertre-Saint-Denis,le_tertre_saint_denis,le,40.96,79.68,9.79
europe_lau,Le Tremblay-sur-Mauldre,le_tremblay_sur_mauldre,le,37.65,70.96,86.88
europe_lau,Le Vésinet,le_vesinet,le,49.74,74.67,85.76
europe_lau,Lédas-et-Penthiès,ledas_et_penthies,le,37.47,64.54,60.93
europe_lau,Lempaut,lempaut,le,55.44,74.04,42
europe_lau,Lescout,lescout,le,43.43,66.87,20.34
europe_lau,Lescure-d'Albigeois,lescure_d_albigeois,le,52.78,64.19,57.64
europe_lau,Le Masnau-Massuguiès,le_masnau_massuguies,le,60.7,62.33,46.37
europe_lau,Les Haies,les_haies,le,60.11,68.23,25.17
europe_lau,Les Halles,les_halles,le,45.31,71.25,98.29
europe_lau,Légny,legny,le,51.73,75.78,21.03
europe_lau,Lentilly,lentilly,le,54.86,61.82,57.41
europe_lau,Létra,letra,le,40.76,58.81,61.07
europe_lau,Les Chavannes-en-Maurienne,les_chavannes_en_maurienne,le,47.08,70.32,96.45
europe_lau,Les Déserts,les_deserts,le,52.55,69.61,89.35
europe_lau,Les Échelles,les_echelles,le,23.73,49.98,96.15
europe_lau,Lépin-le-Lac,lepin_le_lac,le,26.1,56.26,-22.23
europe_lau,Lescheraines,lescheraines,le,23.75,50.25,79.14
europe_lau,Les Chapelles-Bourbon,les_chapelles_bourbon,le,58.14,63.67,49.75
europe_lau,Le Châtelet-en-Brie,le_chatelet_en_brie,le,55.97,72.51,36.55
europe_lau,Le Sourn,le_sourn,le,67.4,71.98,59.74
europe_lau,Le Tour-du-Parc,le_tour_du_parc,le,22.77,45.31,40.71
europe_lau,Le Mans,le_mans,le,41.23,52.24,83.55
europe_lau,Les Mées,les_mees,le,34.42,55.9,63.04
europe_lau,Leimbach,leimbach,le,35.14,65.71,-28.14
europe_lau,Levoncourt,levoncourt,le,57.61,83.14,28.19
europe_lau,Leymen,leymen,le,58.15,70.88,67.44
europe_lau,Le Neufour,le_neufour,le,52.91,71.01,73.85
europe_lau,Les Paroches,les_paroches,le,22.99,55.95,-135.86
europe_lau,Les Roises,les_roises,le,21.27,42.92,95.43
europe_lau,Le Doulieu,le_doulieu,le,49.49,69.05,-3.87
europe_lau,Le Favril,le_favril,le,38.14,67.68,84.47
europe_lau,Le Wast,le_wast,le,57.56,67.64,44.08
europe_lau,Lembach,lembach,le,44.03,62.01,41.12
europe_lau,Leutenheim,leutenheim,le,29.27,48.73,-14.76
europe_lau,Les Mollettes,les_mollettes,le,36.11,59.56,16.22
europe_lau,Le Saulchoy,le_saulchoy,le,54.19,78.75,88
europe_lau,Lemoncourt,lemoncourt,le,52.64,69.98,40.07
europe_lau,Lemud,lemud,le,32.81,53.84,61.84
europe_lau,Lengelsheim,lengelsheim,le,64.6,71.08,53.4
europe_lau,Léning,lening,le,29.6,51.04,90.36
europe_lau,Lesse,lesse,le,50.32,53.17,71.08
europe_lau,Lessy,lessy,le,43.64,54.54,85.54
europe_lau,Ley,ley,le,42.66,62.63,73.48
europe_lau,Leyviller,leyviller,le,44.8,59.2,68.58
europe_lau,Lezey,lezey,le,35.67,54.57,69.67
europe_lau,Lebiez,lebiez,le,47.76,73.25,79.87
europe_lau,Lebucquière,lebucquiere,le,59.01,78,58.59
europe_lau,Léchelle,lechelle,le,55.46,73.43,75.28
europe_lau,Ledinghem,ledinghem,le,40.97,62.62,14.67
europe_lau,Lefaux,lefaux,le,37.41,55.81,82.98
europe_lau,Leforest,leforest,le,42.06,54.73,74.05
europe_lau,Lens,lens,le,69.12,78.17,50.05
europe_lau,Lépine,lepine,le,29.21,48.1,62.38
europe_lau,Lespesses,lespesses,le,32.06,47.53,93.15
europe_lau,Lespinoy,lespinoy,le,35.35,52.98,71.24
europe_lau,Lestrem,lestrem,le,53.54,65.92,37.77
europe_lau,Leubringhen,leubringhen,le,58.34,76.95,19.01
europe_lau,Leulinghem,leulinghem,le,42.56,61.1,71.64
europe_lau,Leulinghen-Bernes,leulinghen_bernes,le,45.77,66.78,-14.39
europe_lau,Les Ancizes-Comps,les_ancizes_comps,le,43.99,56.2,77.1
europe_lau,Le Coudray-Saint-Germer,le_coudray_saint_germer,le,57.81,67.35,60.35
europe_lau,Le Coudray-sur-Thelle,le_coudray_sur_thelle,le,59.47,69.08,70.09
europe_lau,Le Crocq,le_crocq,le,45.31,67.78,76.29
europe_lau,Le Noyer,le_noyer,le,28.32,83.61,77.01
europe_lau,Le Pont-de-Beauvoisin,le_pont_de_beauvoisin,le,43.47,74.82,65.26
europe_lau,Le Pontet,le_pontet,le,44.3,59.17,51.24
europe_lau,Les Écrennes,les_ecrennes,le,50.53,66.41,20.5
europe_lau,Le Fayel,le_fayel,le,46.25,69.91,60.06
europe_lau,Le Fay-Saint-Quentin,le_fay_saint_quentin,le,53,59.27,52.34
europe_lau,Le Claon,le_claon,le,49.42,64.98,7.17
europe_lau,Les Hauts-de-Chée,les_hauts_de_chee,le,59.37,59.89,47.83
europe_lau,Le Vernet-Chaméane,le_vernet_chameane,le,44.81,55.1,54.21
europe_lau,Le Vernet-Sainte-Marguerite,le_vernet_sainte_marguerite,le,33.95,52.15,0.04
europe_lau,Le Vaumain,le_vaumain,le,44.84,59.64,84.03
europe_lau,Le Vauroux,le_vauroux,le,55.75,67.21,44.71
europe_lau,Le Quesnoy,le_quesnoy,le,54.14,65.83,33.07
europe_lau,Les Souhesmes-Rampont,les_souhesmes_rampont,le,40.93,48.41,35.83
europe_lau,Le Petit-Quevilly,le_petit_quevilly,le,48.61,57.89,65.09
europe_lau,Les Belleville,les_belleville,le,45.35,60.02,81.42
europe_lau,Les Authieux-du-Puits,les_authieux_du_puits,le,39.41,70.72,-46.27
europe_lau,Le Verneil,le_verneil,le,30.55,72.83,38.49
europe_lau,Léchelle,lechelle,le,51.36,63.2,78.2
europe_lau,Lescherolles,lescherolles,le,52.02,59.16,69.89
europe_lau,Lesches,lesches,le,33.52,53.73,87.34
europe_lau,Lésigny,lesigny,le,42.47,61.58,61.11
europe_lau,Leudon-en-Brie,leudon_en_brie,le,30.49,45.19,4.8
europe_lau,Les Rues-des-Vignes,les_rues_des_vignes,le,48.08,57.12,63.7
europe_lau,Le Soler,le_soler,le,46.56,68.48,23.75
europe_lau,Le Tech,le_tech,le,20.19,35.41,64.65
europe_lau,Leiben,leiben,le,47.26,57.08,46.47
europe_lau,Les Marêts,les_marets,le,47.96,69.79,97.81
europe_lau,Le Mée-sur-Seine,le_mee_sur_seine,le,63.16,71.55,51.94
europe_lau,Le Mesnil-Amelot,le_mesnil_amelot,le,53.25,62.62,36.09
europe_lau,Les Éparges,les_eparges,le,55.72,61.47,41.08
europe_lau,Le Cours,le_cours,le,64.47,75.27,45.86
europe_lau,Le Croisty,le_croisty,le,38.47,54.58,86.54
europe_lau,Les Fessey,les_fessey,le,45.32,64.35,84.54
europe_lau,Les Islettes,les_islettes,le,44.32,52.51,64
europe_lau,Les Trois-Domaines,les_trois_domaines,le,50.82,60.07,39.75
europe_lau,Le Bosc-Renoult,le_bosc_renoult,le,47.52,60.78,-0.04
europe_lau,Le Bouillon,le_bouillon,le,37.23,67.77,6.74
europe_lau,Le Cercueil,le_cercueil,le,56.05,71.33,34.18
europe_lau,Le Chalange,le_chalange,le,60.7,63.93,46.78
europe_lau,Le Champ-de-la-Pierre,le_champ_de_la_pierre,le,30.22,45.2,99.43
europe_lau,Les Champeaux,les_champeaux,le,50.79,64.43,76.75
europe_lau,Le Château-d'Almenêches,le_chateau_d_almeneches,le,43.09,70.73,30.12
europe_lau,Le Châtellier,le_chatellier,le,35.54,58.4,81.82
europe_lau,Le Parcq,le_parcq,le,49.99,64.25,66.93
europe_lau,Le Tartre,le_tartre,le,57.69,84.13,57.56
europe_lau,Ledečko,ledecko,le,33.49,70,-96.08
europe_lau,Le Villars,le_villars,le,44.03,62.76,88.95
europe_lau,Le Vivier,le_vivier,le,37.66,60.48,20.31
europe_lau,Le Biot,le_biot,le,50.21,73.51,90.56
europe_lau,Le Bouchet-Mont-Charvin,le_bouchet_mont_charvin,le,54.94,63.85,54.8
europe_lau,Les Clefs,les_clefs,le,37.37,49.78,41.72
europe_lau,Les Contamines-Montjoie,les_contamines_montjoie,le,55,60.91,68.46
europe_lau,Le Ponchel,le_ponchel,le,51.29,67.04,28.97
europe_lau,Le Portel,le_portel,le,32.89,55.28,95.43
europe_lau,Le Quesnoy-en-Artois,le_quesnoy_en_artois,le,54.55,75.81,18.7
europe_lau,Le Magnoray,le_magnoray,le,44.1,67.55,93.12
europe_lau,Les Magny,les_magny,le,42.63,71.4,-33.47
europe_lau,Lée,lee,le,50.09,61.79,78.07
europe_lau,Lées-Athas,lees_athas,le,43.28,59.91,10.97
europe_lau,Lembeye,lembeye,le,44.75,51.77,34.4
europe_lau,Lème,leme,le,62.23,84.3,71.99
europe_lau,Léren,leren,le,46.79,75.43,2.92
europe_lau,Lescar,lescar,le,56.12,77.74,47.74
europe_lau,Lescun,lescun,le,61.6,69.3,55.85
europe_lau,Lespielle,lespielle,le,61.64,75.59,47.05
europe_lau,Lespourcy,lespourcy,le,45.16,69.99,22.59
europe_lau,Lestelle-Bétharram,lestelle_betharram,le,44.63,64.51,85.38
europe_lau,Le Faouët,le_faouet,le,40.65,57,84.8
europe_lau,Les Fougerêts,les_fougerets,le,60.94,69.88,76.26
europe_lau,Le Guerno,le_guerno,le,50.88,62.51,80.93
europe_lau,Le Hézo,le_hezo,le,59.17,72.48,43.39
europe_lau,Leitzersdorf,leitzersdorf,le,51.07,62.31,51.03
europe_lau,Le Thil-Riberpré,le_thil_riberpre,le,48.09,58.91,78.62
europe_lau,Le Tilleul,le_tilleul,le,56,62.02,60.56
europe_lau,Le Torp-Mesnil,le_torp_mesnil,le,53.17,70.25,61.56
europe_lau,Le Trait,le_trait,le,53.99,60.57,25.6
europe_lau,Le Tréport,le_treport,le,37.94,61.64,-9.24
europe_lau,Les Trois-Pierres,les_trois_pierres,le,55.04,70.51,59.22
europe_lau,Les Genettes,les_genettes,le,48.14,62.45,89.26
europe_lau,Le Grais,le_grais,le,39.77,67.36,43.94
europe_lau,Le Mage,le_mage,le,41.88,61.63,69.24
europe_lau,Le Mêle-sur-Sarthe,le_mele_sur_sarthe,le,38.3,49.53,76.7
europe_lau,Le Ménil-Bérard,le_menil_berard,le,47.47,75.13,-12.16
europe_lau,Le Ménil-de-Briouze,le_menil_de_briouze,le,58.26,68.17,41.88
europe_lau,Le Ménil-Broût,le_menil_brout,le,34.95,56,-8.84
europe_lau,Le Ménil-Ciboult,le_menil_ciboult,le,40.75,58.83,78.29
europe_lau,Le Ménil-Guyon,le_menil_guyon,le,45.17,68.99,57.87
europe_lau,Les Aulneaux,les_aulneaux,le,48.46,73.47,59.97
europe_lau,Le Bailleul,le_bailleul,le,68.21,64.47,45.95
europe_lau,Le Breil-sur-Mérize,le_breil_sur_merize,le,38.06,66.65,-61.87
europe_lau,Le Bonhomme,le_bonhomme,le,35.81,69.78,73.65
europe_lau,Les Gets,les_gets,le,56.45,66.31,76.96
europe_lau,Le Grand-Bornand,le_grand_bornand,le,56.79,68.71,19.86
europe_lau,Les Houches,les_houches,le,42.25,61.56,77.69
europe_lau,Leschaux,leschaux,le,54.55,69.17,86.21
europe_lau,Ledčice,ledcice,le,41.65,60.04,23.83
europe_lau,Lešany,lesany,le,52.32,68.11,-8.2
europe_lau,Le Sars,le_sars,le,54.44,64.05,48.86
europe_lau,Les Ageux,les_ageux,le,57.4,75.63,67.13
europe_lau,Le Tronchet,le_tronchet,le,59.27,74.82,61.67
europe_lau,Les Hauts-Talican,les_hauts_talican,le,39.56,57.29,39.81
europe_lau,Le Palais,le_palais,le,37.74,58.96,37.36
europe_lau,Le Saint,le_saint,le,45.76,64.31,88.63
europe_lau,Les Allues,les_allues,le,24.99,63.07,99.97
europe_lau,Les Avanchers-Valmorel,les_avanchers_valmorel,le,41.67,68.97,75.56
europe_lau,Le Bourget-du-Lac,le_bourget_du_lac,le,53.49,65.56,58.45
europe_lau,Les Angles,les_angles,le,31.81,58.84,3.82
europe_lau,Ledce,ledce,le,39.99,65.8,-6.27
europe_lau,Lemmes,lemmes,le,52.85,74.28,56.38
europe_lau,Lérouville,lerouville,le,55.61,70.61,72.33
europe_lau,Levoncourt,levoncourt,le,22.99,54.93,-95.94
europe_lau,Les Monthairons,les_monthairons,le,36.33,57.94,48.4
europe_lau,Leobendorf,leobendorf,le,46.48,58.44,61.92
europe_lau,Le Cateau-Cambrésis,le_cateau_cambresis,le,46.1,58.38,73.91
europe_lau,Le Souich,le_souich,le,45.47,55.23,53.09
europe_lau,Le Grand-Lucé,le_grand_luce,le,32.07,46.53,17.1
europe_lau,Le Grez,le_grez,le,54.38,69.61,33.86
europe_lau,Le Luart,le_luart,le,32.55,60.83,80.28
europe_lau,Le Reposoir,le_reposoir,le,49.68,58.6,47.93
europe_lau,Le Sappey,le_sappey,le,53.98,87.09,56.66
europe_lau,Le Touquet-Paris-Plage,le_touquet_paris_plage,le,50.36,63.8,87.33
europe_lau,Le Transloy,le_transloy,le,66.15,69.96,64.38
europe_lau,Le Lude,le_lude,le,50.4,56.27,67.03
europe_lau,Le Hohwald,le_hohwald,le,51.09,59.59,56.2
europe_lau,Les Chapelles,les_chapelles,le,18.18,37.31,90.96
europe_lau,Le Châtelard,le_chatelard,le,44.48,58.97,73.71
europe_lau,Lewin Kłodzki,lewin_klodzki,le,53.5,66.89,67.63
europe_lau,Lendinara,lendinara,le,51.27,62.46,51.38
europe_lau,Leżajsk,lezajsk,le,44.07,53.58,53.63
europe_lau,Leżajsk,lezajsk,le,31.08,54.72,-30.8
europe_lau,Levanger,levanger,le,42.16,61.53,-18.73
europe_lau,Lenora,lenora,le,40.35,60.96,44.4
europe_lau,Lecce nei Marsi,lecce_nei_marsi,le,39.61,64.24,74.08
europe_lau,Lestizza,lestizza,le,47.03,61.44,-1.31
europe_lau,Lenningen,lenningen,le,44.47,55.86,8.8
europe_lau,Lelkowo,lelkowo,le,64.31,68.75,54.33
europe_lau,Lercara Friddi,lercara_friddi,le,36.52,51.98,21.75
europe_lau,Levate,levate,le,73.15,79.43,59.16
europe_lau,Lewin Brzeski,lewin_brzeski,le,54.36,62.54,45.53
europe_lau,Leka,leka,le,38.04,56.15,27.65
europe_lau,Lety,lety,le,44.88,58.19,21.97
europe_lau,Levico Terme,levico_terme,le,46.11,70.57,79.95
europe_lau,Lettomanoppello,lettomanoppello,le,18.15,58.99,66.12
europe_lau,Leporano,leporano,le,55.39,66.1,37.66
europe_lau,Lesmo,lesmo,le,51.82,66.65,74.61
europe_lau,Lecce,lecce,le,45.82,53.72,55.28
europe_lau,Lequile,lequile,le,40.42,52.35,85.51
europe_lau,Leverano,leverano,le,39.23,51.26,22.68
europe_lau,Lentate sul Seveso,lentate_sul_seveso,le,56.74,59.72,51.13
europe_lau,Leśnica,lesnica,le,57.59,68.68,62.96
europe_lau,Legionowo,legionowo,le,58.62,64.01,38.2
europe_lau,Ledro,ledro,le,45.04,56.67,53.98
europe_lau,Lentella,lentella,le,47.11,69.66,30.68
europe_lau,Lettopalena,lettopalena,le,16.54,67.75,68.99
europe_lau,Leśna,lesna,le,51.44,52.44,57.43
europe_lau,Legnickie Pole,legnickie_pole,le,71.91,72.78,42.59
europe_lau,Legnica,legnica,le,55.95,65.26,56.78
europe_lau,Lenola,lenola,le,49.28,63.33,86.45
europe_lau,Leirfjord,leirfjord,le,30.4,51.48,28.95
europe_lau,Leoncin,leoncin,le,54.41,65.88,59.02
europe_lau,Lesznowola,lesznowola,le,27.75,52.33,15.13
europe_lau,Leszno,leszno,le,45.97,59.59,7.55
europe_lau,Legnago,legnago,le,33.58,51.19,98.46
europe_lau,Legnaro,legnaro,le,41.98,69.81,93.8
europe_lau,Leni,leni,le,38.9,63.28,27.82
europe_lau,Letojanni,letojanni,le,30.13,49.64,28.62
europe_lau,Leszno,leszno,le,51.29,66.67,75.84
europe_lau,Lesja,lesja,le,58.89,77.64,-8.63
europe_lau,Łęczyce,leczyce,le,53.14,62.35,70.68
europe_lau,Lębork,lebork,le,62.35,67.22,41.4
europe_lau,Łeba,leba,le,14.31,40.01,-74.72
europe_lau,Lelis,lelis,le,49.99,62.42,22.05
europe_lau,Lesko,lesko,le,39.08,63.29,91.98
europe_lau,Legnano,legnano,le,37.19,58.09,58.34
europe_lau,Leonforte,leonforte,le,41.33,59.37,97.05
europe_lau,Lesina,lesina,le,18.81,38.41,-72.82
europe_lau,Leudelange,leudelange,le,73.74,70.98,56.34
europe_lau,Letino,letino,le,33.53,64.34,-46.3
europe_lau,Lerma,lerma,le,25.28,52.67,94.75
europe_lau,Lettere,lettere,le,37.39,53.99,5.72
europe_lau,Letterkenny,letterkenny,le,34.52,62.48,-65.35
europe_lau,Leixlip,leixlip,le,52.44,66.91,40.58
europe_lau,Legénd,legend,le,65.09,77.73,42.12
europe_lau,Leányfalu,leanyfalu,le,32.54,45.99,21.81
europe_lau,Levelek,levelek,le,51.56,56.85,71.35
europe_lau,Leonessa,leonessa,le,54.05,60.3,50.41
europe_lau,Letenye,letenye,le,38.2,64.83,78.82
europe_lau,Le Champ-Saint-Père,le_champ_saint_pere,le,31.84,61.74,38.46
europe_lau,Les Epesses,les_epesses,le,64.48,69.45,29.44
europe_lau,Le Fenouiller,le_fenouiller,le,48.48,69.12,6.88
europe_lau,Le Girouard,le_girouard,le,37.5,65.34,-16.23
europe_lau,Le Givre,le_givre,le,24.71,41.68,93.21
europe_lau,Le Gué-de-Velluire,le_gue_de_velluire,le,50.33,63.58,76.6
europe_lau,Les Herbiers,les_herbiers,le,56.59,60.95,48.97
europe_lau,Les Landes-Genusson,les_landes_genusson,le,53.93,65.03,66.75
europe_lau,Le Langon,le_langon,le,48.5,72.6,57.34
europe_lau,Les Lucs-sur-Boulogne,les_lucs_sur_boulogne,le,56.51,71.43,41.08
europe_lau,Les Magnils-Reigniers,les_magnils_reigniers,le,42.34,59.1,94.77
europe_lau,Le Mazeau,le_mazeau,le,56.65,70.04,51.98
europe_lau,Les Groseillers,les_groseillers,le,35.54,63.92,97.24
europe_lau,Leini,leini,le,43.69,66,92.44
europe_lau,Lessolo,lessolo,le,54.14,65.44,70.73
europe_lau,Levone,levone,le,26.78,58.6,11.46
europe_lau,Lengyeltóti,lengyeltoti,le,36.68,62.25,90.98
europe_lau,Lezay,lezay,le,43.79,58.36,43.12
europe_lau,Le Pin,le_pin,le,34.68,45.27,92.97
europe_lau,Le Retail,le_retail,le,51.38,72.13,84.85
europe_lau,Le Verdier,le_verdier,le,42.51,68.19,59.39
europe_lau,Le Vintrou,le_vintrou,le,48.25,58.78,39.83
europe_lau,Les Barthes,les_barthes,le,33.97,51.07,95.67
europe_lau,Leggiuno,leggiuno,le,48.04,67.06,34.54
europe_lau,Léh,leh,le,32.98,61.19,-69.87
europe_lau,Leskovice,leskovice,le,41.89,60.67,90.21
europe_lau,Le Causé,le_cause,le,52.61,73.53,28.46
europe_lau,Le Val-Saint-Germain,le_val_saint_germain,le,48.86,64.78,80.8
europe_lau,Les Ulis,les_ulis,le,46.99,56.09,25.19
europe_lau,Lenti,lenti,le,40.82,54.23,90.64
europe_lau,Lesencefalu,lesencefalu,le,45.2,68.32,95.15
europe_lau,Lequio Berria,lequio_berria,le,45.99,68.97,-0.83
europe_lau,Lequio Tanaro,lequio_tanaro,le,36.54,57.7,79.61
europe_lau,Lesegno,lesegno,le,65.72,73.25,73.73
europe_lau,Levice,levice,le,63.57,71.53,61.88
europe_lau,Lesenceistvánd,lesenceistvand,le,31.97,52.18,96.46
europe_lau,Levallois-Perret,levallois_perret,le,51.7,79.83,36.79
europe_lau,Le Plessis-Robinson,le_plessis_robinson,le,39.34,75.75,-13.22
europe_lau,Les Achards,les_achards,le,43.99,59.25,83.2
europe_lau,Le Perrier,le_perrier,le,44.32,50.77,50.76
europe_lau,Les Pineaux,les_pineaux,le,50.72,58.35,55.15
europe_lau,Les Velluire-sur-Vendée,les_velluire_sur_vendee,le,52.35,69.37,55.46
europe_lau,Le Poiré-sur-Vie,le_poire_sur_vie,le,39.38,58.23,18.12
europe_lau,Les Sables-d'Olonne,les_sables_d_olonne,le,34.4,61.44,69.49
europe_lau,Leskovec,leskovec,le,48.25,68.94,2.18
europe_lau,Lendvadedes,lendvadedes,le,29.32,60.97,89.16
europe_lau,Letkés,letkes,le,60.09,66.14,49.09
europe_lau,Lesignano de' Bagni,lesignano_de_bagni,le,35.57,58.56,85.53
europe_lau,Lezzeno,lezzeno,le,50.17,60.36,39.45
europe_lau,Les Ormes-sur-Voulzie,les_ormes_sur_voulzie,le,54.87,68.7,80.9
europe_lau,Lesencetomaj,lesencetomaj,le,35.63,49.58,94.92
europe_lau,Ledenice,ledenice,le,45.48,56.77,22.56
europe_lau,Le Pin,le_pin,le,45.15,66.62,99.03
europe_lau,Le Plessis-aux-Bois,le_plessis_aux_bois,le,67.5,65.94,60.72
europe_lau,Le Plessis-Feu-Aussoux,le_plessis_feu_aussoux,le,54.36,69.78,28.61
europe_lau,Le Plessis-l'Évêque,le_plessis_l_eveque,le,38.88,53.16,61.96
europe_lau,Le Plessis-Placy,le_plessis_placy,le,43.23,60.43,90.45
europe_lau,Ledce,ledce,le,54.7,73.18,43.44
europe_lau,Lešná,lesna,le,71.41,73.2,39.89
europe_lau,Lengyel,lengyel,le,50.94,63.19,79.73
europe_lau,Levél,level,le,38.57,57.57,19.74
europe_lau,Lébény,lebeny,le,60.72,67.53,29.74
europe_lau,Lenta,lenta,le,63.02,85.51,32.31
europe_lau,Létavértes,letavertes,le,44.75,59.28,93.35
europe_lau,Lećevica,lecevica,le,48.01,58.57,71.3
europe_lau,Leivi,leivi,le,42.18,62.33,32.04
europe_lau,Lendvajakabfa,lendvajakabfa,le,59.46,65.14,61.53
europe_lau,Legyesbénye,legyesbenye,le,66.39,81.66,45.98
europe_lau,Lesa,lesa,le,41.92,55.74,86.36
europe_lau,Levanto,levanto,le,42.83,56.35,88.15
europe_lau,Leányvár,leanyvar,le,47.6,71.74,95.06
europe_lau,Lénárddaróc,lenarddaroc,le,60.55,68.21,62.21
europe_lau,Lepsény,lepseny,le,45.51,49.67,72.48
europe_lau,Leľa,lela,le,40.03,64.23,82.1
europe_lau,Lesůňky,lesunky,le,56.06,70.23,62.36
europe_lau,Legnava,legnava,le,71.4,77.16,71.68
europe_lau,Lesnica,lesnica,le,47.01,75.5,1.93
europe_lau,Lejšovka,lejsovka,le,33.39,42.73,47.86
europe_lau,Lechinţa,lechinta,le,35.1,55.44,99.01
europe_lau,Leşu,lesu,le,34.78,56.19,-39.5
europe_lau,Lebane,lebane,le,32.96,41.69,73.1
europe_lau,Leskovac,leskovac,le,37.57,45.82,76.47
europe_lau,Lednica,lednica,le,39.54,60.17,41.9
europe_lau,Lednické Rovne,lednicke_rovne,le,41.53,59.91,85.84
europe_lau,Leleşti,lelesti,le,39.11,61.4,94.94
europe_lau,Lekárovce,lekarovce,le,40.36,57.41,82.78
europe_lau,Lesné,lesne,le,57.25,77.96,31.84
europe_lau,Leštiny,lestiny,le,38.91,56.36,73.45
europe_lau,Lešť (vojenský obvod),lest_vojensky_obvod,le,50,63.44,71.81
europe_lau,Letničie,letnicie,le,39.24,52.55,96.25
europe_lau,Leorda,leorda,le,32.55,60.24,-20.6
europe_lau,Leleasca,leleasca,le,57.29,64.96,77.98
europe_lau,Lemnia,lemnia,le,35.03,56.19,80.12
europe_lau,Lehota pod Vtáčnikom,lehota_pod_vtacnikom,le,28.64,42.88,64.97
europe_lau,Lechnica,lechnica,le,46.61,55.28,71.61
europe_lau,Lendak,lendak,le,39.64,66.67,90.03
europe_lau,Leles,leles,le,52.26,61.14,81.61
europe_lau,Lehota,lehota,le,37.53,75.37,92.93
europe_lau,Lehôtka,lehotka,le,47.51,58.48,51.77
europe_lau,Lentvora,lentvora,le,37.24,57.51,93.42
europe_lau,Ledeč nad Sázavou,ledec_nad_sazavou,le,29.59,47.6,95.63
europe_lau,Leškovice,leskovice,le,60.23,72.77,72.81
europe_lau,Leština u Světlé,lestina_u_svetle,le,57.69,65.47,56.81
europe_lau,Lessebo,lessebo,le,43.99,49.81,66.61
europe_lau,Lehota nad Rimavicou,lehota_nad_rimavicou,le,48.5,58.14,77.33
europe_lau,Lenartovce,lenartovce,le,41.1,59.21,59.97
europe_lau,Lenka,lenka,le,57.82,62.58,61.9
europe_lau,Levkuška,levkuska,le,24.23,44.07,-9.42
europe_lau,Leváre,levare,le,58.99,76.6,40.85
europe_lau,Leliceni,leliceni,le,61.73,71.47,26.81
europe_lau,Lelese,lelese,le,28.81,56.99,-84.93
europe_lau,Lenartov,lenartov,le,35.5,64.24,94.52
europe_lau,Leština,lestina,le,41.59,52.23,16.58
europe_lau,Lengau,lengau,le,43.68,66.68,51.15
europe_lau,Ležiachov,leziachov,le,26.18,51.8,-31.47
europe_lau,Lehnice,lehnice,le,46.45,53.04,66.67
europe_lau,Letea Veche,letea_veche,le,30.18,57.45,86.29
europe_lau,Lerum,lerum,le,45.81,59.66,84.31
europe_lau,Leštinka,lestinka,le,29.21,55.04,97.78
europe_lau,Lemešany,lemesany,le,52.66,67.68,58.76
europe_lau,Lesíček,lesicek,le,40.47,59.96,61.09
europe_lau,Leu,leu,le,42.31,60.76,47.59
europe_lau,Lesenice,lesenice,le,53.79,81.57,74.08
europe_lau,Lehliu,lehliu,le,39.53,52.13,57.34
europe_lau,Letanovce,letanovce,le,23.42,53.69,93.93
europe_lau,Levoča,levoca,le,32.88,55.46,98.35
europe_lau,Levice,levice,le,38.97,57.96,-10.24
europe_lau,Leopoldov,leopoldov,le,50.8,67.3,6.77
europe_lau,Lekeberg,lekeberg,le,51.68,66.64,73.24
europe_lau,Leksand,leksand,le,34.97,53.6,-14.56
europe_lau,Ledvice,ledvice,le,44.15,66.95,7.79
europe_lau,Lehôtka pod Brehmi,lehotka_pod_brehmi,le,39.74,51.14,6.64
europe_lau,Lespezi,lespezi,le,40.18,48.07,71.12
europe_lau,Leţcani,letcani,le,38.45,58.89,99.4
europe_lau,Lenart,lenart,le,44.21,53.78,87.54
europe_lau,Lendava/Lendva,lendava_lendva,le,24.88,44.38,39.24
europe_lau,Letiny,letiny,le,52.69,58.01,62.16
europe_lau,Leśna Podlaska,lesna_podlaska,le,55.76,65.02,24.07
europe_lau,Lędziny,ledziny,le,57.14,62.32,69.07
europe_lau,Lebesby,lebesby,le,21.19,44.57,96.11
europe_lau,Leiden,leiden,le,49.76,64.28,77.42
europe_lau,Leiderdorp,leiderdorp,le,40.85,66.44,87.45
europe_lau,Leordina,leordina,le,45.57,64.88,26.51
europe_lau,Leffe,leffe,le,63.05,71.34,41.99
europe_lau,Lenna,lenna,le,49.26,68.49,31.46
europe_lau,Leśniowice,lesniowice,le,53.74,57.18,32.64
europe_lau,Lesná,lesna,le,41.19,71.54,90.07
europe_lau,Łęknica,leknica,le,32.08,55,63.38
europe_lau,Lentini,lentini,le,48.01,55.35,33.48
europe_lau,Lessona,lessona,le,18.19,56.72,96.6
europe_lau,Lereşti,leresti,le,31.47,53.09,99.19
europe_lau,Lelystad,lelystad,le,60.66,70.77,51.42
europe_lau,Leudal,leudal,le,46.38,61.81,55.42
europe_lau,Łęki Szlacheckie,leki_szlacheckie,le,57.48,64.92,67.59
europe_lau,Łęczna,leczna,le,45.44,57.7,38.32
europe_lau,Łęka Opatowska,leka_opatowska,le,52.35,68.21,88.38
europe_lau,Lenešice,lenesice,le,58.71,63.16,51.49
europe_lau,Lecco,lecco,le,52.91,61.28,64.9
europe_lau,Leidschendam-Voorburg,leidschendam_voorburg,le,35.05,59.29,20.68
europe_lau,"Lebução, Fiães e Nozelos",lebucao_fiaes_e_nozelos,le,61.22,69.75,42.48
europe_lau,Lei,lei,le,19.66,59.56,67.35
europe_lau,Lesná,lesna,le,58.46,66.55,36.44
europe_lau,Lestkov,lestkov,le,57.45,60.19,57.28
europe_lau,Łęczyca,leczyca,le,61.23,83,63.2
europe_lau,Łęczyca,leczyca,le,47,63.42,44.78
europe_lau,Letca,letca,le,55.36,75.23,20.8
europe_lau,Levín,levin,le,54.85,63.7,38.69
europe_lau,Lenauheim,lenauheim,le,60.15,74.72,65.71
europe_lau,Ledce,ledce,le,54.88,72.45,42.31
europe_lau,Łękawica,lekawica,le,42.72,61.54,39.52
europe_lau,Leeuwarden,leeuwarden,le,42.32,49.79,80.58
europe_lau,Leordeni,leordeni,le,53.48,60.23,74.45
europe_lau,Lelów,lelow,le,43.32,51.89,48.26
europe_lau,Leomil,leomil,le,57.46,72.08,73.07
europe_lau,Letca Nouă,letca_noua,le,42,52.94,84.91
europe_lau,Lerici,lerici,le,38.15,52.19,35.78
europe_lau,Leusden,leusden,le,37.29,61.03,-17.16
europe_lau,Λεμώνα,lemona,le,57.39,69.86,61.32
europe_lau,Lemgow,lemgow,le,39.19,59.09,-9.12
europe_lau,Лесичово,lesicovo,le,31.14,58.91,22.09
europe_lau,Le Cheylard,le_cheylard,le,64.73,79.57,60.82
europe_lau,Lesquielles-Saint-Germain,lesquielles_saint_germain,le,52.88,62.64,31.66
europe_lau,Les Montets,les_montets,le,40.34,52.17,91.17
europe_lau,Lens,lens,le,16.28,44.58,90.62
europe_lau,Leno,leno,le,56.21,71.76,81.19
europe_lau,Lemie,lemie,le,47.64,71,73.23
