category,name,slug,prefix,roundness,rectangularity,mobile_fit
europe_lau,Laakirchen,laakirchen,la,50.28,66.83,63.43
europe_lau,Lánov,lanov,la,52.23,70.91,74.79
europe_lau,Lažánky,lazanky,la,56.12,60.9,75.66
europe_lau,Lázně Bohdaneč,lazne_bohdanec,la,62.04,66.81,43.96
europe_lau,Labské Chrčice,labske_chrcice,la,44.03,54.24,37.37
europe_lau,Lasberg,lasberg,la,54.47,72.4,78.34
europe_lau,Lavičné,lavicne,la,46.73,55.57,55.38
europe_lau,Lazinov,lazinov,la,48.01,80.03,70.49
europe_lau,Lažany,lazany,la,52.74,71.39,81.74
europe_lau,Lanžhot,lanzhot,la,32.42,58.71,90.63
europe_lau,Labuty,labuty,la,50.07,66.77,0.03
europe_lau,Lanžov,lanzov,la,48.16,54.73,47.46
europe_lau,Lanškroun,lanskroun,la,47.4,58.6,80.94
europe_lau,Langenstein,langenstein,la,58.02,66.79,78.39
europe_lau,Lažánky,lazanky,la,61.49,71.14,56.1
europe_lau,Lambrechten,lambrechten,la,38.21,57.44,3.26
europe_lau,Lančov,lancov,la,62.62,66.35,74.94
europe_lau,Laškov,laskov,la,52.52,59.55,44.94
europe_lau,Lägerdorf,lagerdorf,la,51.38,71.94,10.09
europe_lau,Landrecht,landrecht,la,31.3,52.47,82.48
europe_lau,Landscheide,landscheide,la,39.51,67.91,52.62
europe_lau,Lavičky,lavicky,la,41.56,60.18,86.4
europe_lau,Labenz,labenz,la,44.71,64.36,73.37
europe_lau,Langenlehsten,langenlehsten,la,37.12,45.85,54.11
europe_lau,Lankau,lankau,la,47.85,67.14,67.3
europe_lau,Lanze,lanze,la,27.34,62.67,81.66
europe_lau,"Lauenburg/ Elbe, Stadt",lauenburg_elbe_stadt,la,37.34,66.01,22.21
europe_lau,Ladelund,ladelund,la,57.1,61.35,76.61
europe_lau,Langeneß,langeness,la,15.98,60.52,-45.21
europe_lau,Langenhorn,langenhorn,la,45.88,55.39,15.73
europe_lau,Laboe,laboe,la,57.2,79.76,71.14
europe_lau,Lammershagen,lammershagen,la,49.64,64.98,58.58
europe_lau,Langwedel,langwedel,la,50.99,59.93,77.19
europe_lau,Langeln,langeln,la,52.37,79.31,88.11
europe_lau,Laussa,laussa,la,40.45,58.69,8.92
europe_lau,"Langelsheim, Stadt",langelsheim_stadt,la,24.78,40.53,95.31
europe_lau,Landolfshausen,landolfshausen,la,57.08,62.17,28.79
europe_lau,"Laatzen, Stadt",laatzen_stadt,la,32.38,52.26,10.33
europe_lau,"Langenhagen, Stadt",langenhagen_stadt,la,59.07,80.27,50.29
europe_lau,Langballig,langballig,la,56.25,67.5,84.76
europe_lau,Langstedt,langstedt,la,34.41,61.03,43.36
europe_lau,Latendorf,latendorf,la,60.14,65.03,45.14
europe_lau,Lamspringe,lamspringe,la,48.25,63.47,38.12
europe_lau,"Lauenförde, Flecken",lauenforde_flecken,la,31,53.56,92.47
europe_lau,Landesbergen,landesbergen,la,43.65,67.13,-18.65
europe_lau,"Lauenau, Flecken",lauenau_flecken,la,41.28,58,2.51
europe_lau,Lauenhagen,lauenhagen,la,51.42,79.15,84.26
europe_lau,Lambach,lambach,la,22.09,48.85,-68.28
europe_lau,Lachendorf,lachendorf,la,39.65,44.72,41.46
europe_lau,Langlingen,langlingen,la,33.6,43.21,59.84
europe_lau,Lamstedt,lamstedt,la,46.34,60.59,17.14
europe_lau,Lauenbrück,lauenbruck,la,27.75,50.17,-30.49
europe_lau,Lasbek,lasbek,la,41.39,58.86,4.95
europe_lau,"Lampertheim, Stadt",lampertheim_stadt,la,28.18,42.7,15.36
europe_lau,Lautertal (Odenwald),lautertal_odenwald,la,49.21,64.06,53.37
europe_lau,"Langwedel, Flecken",langwedel_flecken,la,41.14,61.13,-6.15
europe_lau,Lastrup,lastrup,la,52.22,72.92,2.88
europe_lau,Lähden,lahden,la,48.87,67.4,29.44
europe_lau,Lahn,lahn,la,72.91,77.26,56.85
europe_lau,Langen,langen,la,48.87,61.5,81.43
europe_lau,Lathen,lathen,la,35.17,52.74,-9.72
europe_lau,Langendorf,langendorf,la,35.67,61.84,89.89
europe_lau,"Langenfeld (Rheinland), Stadt",langenfeld_rheinland_stadt,la,65.77,73.75,82.93
europe_lau,Langerwehe,langerwehe,la,62.59,64.11,62.91
europe_lau,Ladbergen,ladbergen,la,35.49,55.54,47.24
europe_lau,Laer,laer,la,51.13,60.64,32.05
europe_lau,Langenberg,langenberg,la,49.16,59.01,69.79
europe_lau,"Lage, Stadt",lage_stadt,la,54.77,58.48,63.35
europe_lau,Langeoog,langeoog,la,16.31,44.88,-128.83
europe_lau,"Langenselbold, Stadt",langenselbold_stadt,la,62.67,64.99,69.82
europe_lau,"Langen (Hessen), Stadt",langen_hessen_stadt,la,27.45,57.36,56.72
europe_lau,Langgöns,langgons,la,31.38,51.63,46.19
europe_lau,"Laubach, Stadt",laubach_stadt,la,48.72,62.81,-3.04
europe_lau,Lannach,lannach,la,53.02,66.96,88.95
europe_lau,Lahnau,lahnau,la,49.02,70.62,89.29
europe_lau,Lahntal,lahntal,la,31.37,54.24,-42.07
europe_lau,"Lauterbach (Hessen), Kreisstadt",lauterbach_hessen_kreisstadt,la,56.87,64.04,70.94
europe_lau,Lautertal (Vogelsberg),lautertal_vogelsberg,la,42.6,50.7,85.6
europe_lau,Laar,laar,la,60.17,69.56,80.88
europe_lau,Lage,lage,la,32.09,60.48,93.04
europe_lau,Lamprechtshausen,lamprechtshausen,la,45.69,57.45,85.13
europe_lau,Landl,landl,la,60.47,62.27,56.55
europe_lau,Langweiler,langweiler,la,52.72,74.18,73.54
europe_lau,Landkern,landkern,la,33.53,49.41,4.01
europe_lau,Laubach,laubach,la,38.57,46.54,38.49
europe_lau,Langenfeld,langenfeld,la,52.72,72.77,68.29
europe_lau,Langscheid,langscheid,la,48.86,76.52,55.67
europe_lau,Lang,lang,la,60.53,74.16,57.78
europe_lau,Laubach,laubach,la,42.22,62.93,60.42
europe_lau,Laudert,laudert,la,61.66,71.13,76.33
europe_lau,Laufersweiler,laufersweiler,la,53.1,67.28,47.9
europe_lau,Lautzenhausen,lautzenhausen,la,61.02,78.53,38.3
europe_lau,Lahr,lahr,la,75.04,78.47,50.71
europe_lau,Laßnitzhöhe,lassnitzhohe,la,40.54,64.31,47.95
europe_lau,Langenlonsheim,langenlonsheim,la,31.7,57.05,15.31
europe_lau,Langenthal,langenthal,la,32.86,49.8,6.04
europe_lau,Laubenheim,laubenheim,la,42.33,60.83,21.45
europe_lau,Lauschied,lauschied,la,20.62,39.58,45.65
europe_lau,"Lahnstein, Stadt",lahnstein_stadt,la,30.34,47.63,-26.61
europe_lau,Langenscheid,langenscheid,la,32.03,69.86,37.66
europe_lau,Laurenburg,laurenburg,la,16.76,25.1,-6.76
europe_lau,Lautert,lautert,la,41.46,64.7,63.32
europe_lau,Langenbach bei Kirburg,langenbach_bei_kirburg,la,39.82,60.24,58.52
europe_lau,Langenhahn,langenhahn,la,49.82,60.15,60.74
europe_lau,Lautzenbrücken,lautzenbrucken,la,50.11,63.03,56.81
europe_lau,Lahr,lahr,la,40.65,49.12,68
europe_lau,Lautersheim,lautersheim,la,63.34,78.23,24.41
europe_lau,Lassing,lassing,la,51.24,73.41,4.25
europe_lau,Lampaden,lampaden,la,58.14,71.74,45.19
europe_lau,Langsur,langsur,la,42.84,63.27,96.45
europe_lau,"Landau in der Pfalz, Stadt",landau_in_der_pfalz_stadt,la,48.65,57.43,20.26
europe_lau,"Lambrecht (Pfalz), Stadt",lambrecht_pfalz_stadt,la,41.75,72.22,8.73
europe_lau,Laumersheim,laumersheim,la,38.43,62.08,47.1
europe_lau,Laufeld,laufeld,la,39.63,56.12,20.73
europe_lau,Landscheid,landscheid,la,63.3,65.7,58.39
europe_lau,"Lauterstein, Stadt",lauterstein_stadt,la,43.26,52.89,35.35
europe_lau,"Landstuhl, Sickingenstadt, Stadt",landstuhl_sickingenstadt_stadt,la,45.23,77.3,-4.42
europe_lau,Lambsborn,lambsborn,la,48.99,67.5,1.65
europe_lau,Langwieden,langwieden,la,49.06,66.09,34.88
europe_lau,Lambertsberg,lambertsberg,la,60.66,72.19,76.57
europe_lau,Lascheid,lascheid,la,31.81,61.55,-5.65
europe_lau,Lasel,lasel,la,43.34,62.8,-20.91
europe_lau,Lauperath,lauperath,la,41.46,68.56,-33.31
europe_lau,Langenbach,langenbach,la,44.41,57.33,62.9
europe_lau,Langweiler,langweiler,la,53.51,75.46,17.33
europe_lau,"Lauterecken, Stadt",lauterecken_stadt,la,53.76,64.83,72.44
europe_lau,Langenwang,langenwang,la,46.96,66.7,37.86
europe_lau,"Lauffen am Neckar, Stadt",lauffen_am_neckar_stadt,la,45.08,54.89,44.05
europe_lau,Lambsheim,lambsheim,la,58.21,76.82,65.43
europe_lau,Lafnitz,lafnitz,la,27.87,62.63,89.32
europe_lau,Längenfeld,langenfeld,la,52.15,60.28,66.53
europe_lau,"Lahr/Schwarzwald, Stadt",lahr_schwarzwald_stadt,la,41.5,51.03,20.6
europe_lau,Lautenbach,lautenbach,la,64.43,67.53,61.35
europe_lau,Lauf,lauf,la,34.25,71.11,7.23
europe_lau,Lackenbach,lackenbach,la,19.47,54.24,99.03
europe_lau,Lauterbach,lauterbach,la,63.29,72.3,54.32
europe_lau,Lauchringen,lauchringen,la,49.14,74.77,2.13
europe_lau,"Laufenburg (Baden), Stadt",laufenburg_baden_stadt,la,37.89,49.48,67.93
europe_lau,Langenbrettach,langenbrettach,la,47.91,59.2,39.38
europe_lau,"Langenburg, Stadt",langenburg_stadt,la,53.85,62.57,66.17
europe_lau,"Lauda-Königshofen, Stadt",lauda_konigshofen_stadt,la,36.13,56.47,-27.18
europe_lau,"Lauchheim, Stadt",lauchheim_stadt,la,49.37,58.55,34.79
europe_lau,"Ladenburg, Stadt",ladenburg_stadt,la,55.87,68.2,72.71
europe_lau,Laudenbach,laudenbach,la,25.9,61.58,-80.87
europe_lau,Langdorf,langdorf,la,61.08,67.87,71.33
europe_lau,Laberweinting,laberweinting,la,34,58.98,79.17
europe_lau,"Landau a.d.Isar, St",landau_a_d_isar_st,la,61.39,62.54,56.7
europe_lau,"Laichingen, Stadt",laichingen_stadt,la,34.85,48.2,18.18
europe_lau,"Langenau, Stadt",langenau_stadt,la,43.37,60.46,-17.72
europe_lau,Lauterach,lauterach,la,47.66,60.29,20.62
europe_lau,Lans,lans,la,20.7,64.89,42.76
europe_lau,"Landsberg am Lech, GKSt",landsberg_am_lech_gk_st,la,63.21,68.47,71.42
europe_lau,Langenenslingen,langenenslingen,la,49.97,60.93,74.29
europe_lau,"Laupheim, Stadt",laupheim_stadt,la,49.56,59.16,19.03
europe_lau,Langenargen,langenargen,la,45.08,67.47,71.53
europe_lau,"Laufen, St",laufen_st,la,45.49,53.46,42.54
europe_lau,Langenpreising,langenpreising,la,47.68,60.06,14.71
europe_lau,Langenbach,langenbach,la,46.25,66.53,-21.92
europe_lau,Landsberied,landsberied,la,53.14,70.32,70.65
europe_lau,Landshut,landshut,la,18.92,44.71,-42.24
europe_lau,Lalling,lalling,la,48.05,55.78,33.68
europe_lau,"Langquaid, M",langquaid_m,la,47.2,51.09,68.77
europe_lau,Langkampfen,langkampfen,la,37.25,55.71,40.55
europe_lau,Ladis,ladis,la,33.74,48.66,78.12
europe_lau,Langenmosen,langenmosen,la,53.26,68.26,29.25
europe_lau,Lawalde,lawalde,la,44.52,55.6,80.3
europe_lau,Lampertswalde,lampertswalde,la,48.81,67.46,34.3
europe_lau,Langenneufnach,langenneufnach,la,47.6,71.12,34.22
europe_lau,Langerringen,langerringen,la,50.68,61.46,56.38
europe_lau,Langweid a.Lech,langweid_a_lech,la,41.31,53.74,9.14
europe_lau,Laugna,laugna,la,61.69,64.44,51.94
europe_lau,"Lam, M",lam_m,la,47.91,56.53,68.97
europe_lau,"Lauterhofen, M",lauterhofen_m,la,27.84,54.19,43.21
europe_lau,Lanitz-Hassel-Tal,lanitz_hassel_tal,la,33.32,58.04,45.09
europe_lau,"Laucha an der Unstrut, Stadt",laucha_an_der_unstrut_stadt,la,52.28,56.74,55.68
europe_lau,Landensberg,landensberg,la,44.93,57.58,30.41
europe_lau,Laakdal,laakdal,la,35.49,55.75,23.89
europe_lau,Laußig,laussig,la,39.37,51.48,74.24
europe_lau,Lamerdingen,lamerdingen,la,47.32,58.71,37.41
europe_lau,Lachen,lachen,la,51.65,67.37,38.18
europe_lau,Lauben,lauben,la,28.6,58.26,25.66
europe_lau,Lautrach,lautrach,la,18.43,43.21,94.33
europe_lau,Langenorla,langenorla,la,26.65,54.27,-48.52
europe_lau,Lausnitz b. Neustadt an der Orla,lausnitz_b_neustadt_an_der_orla,la,43.23,52.71,47.59
europe_lau,"Landsberg, Stadt",landsberg_stadt,la,57.05,62.92,46.39
europe_lau,Laasdorf,laasdorf,la,47.5,64.36,98.26
europe_lau,Landen,landen,la,48.86,62.59,63.13
europe_lau,Lauben,lauben,la,38.83,56.75,31.85
europe_lau,"Lauscha, Stadt",lauscha_stadt,la,46.54,55.75,47.61
europe_lau,"Langenzenn, St",langenzenn_st,la,60.72,69.64,57.71
europe_lau,"Lauf a.d.Pegnitz, St",lauf_a_d_pegnitz_st,la,34.94,54.05,61.55
europe_lau,Laarne,laarne,la,48.05,69.72,34.43
europe_lau,Lauterbach,lauterbach,la,19.91,46.57,-7.46
europe_lau,Langenwetzendorf,langenwetzendorf,la,39.81,55.76,84.41
europe_lau,Langenwolschendorf,langenwolschendorf,la,54.03,66.14,25.71
europe_lau,Langenleuba-Niederhain,langenleuba_niederhain,la,44.48,66.8,29.35
europe_lau,"Lauchhammer, Stadt",lauchhammer_stadt,la,43.45,53.4,8.81
europe_lau,Langewahl,langewahl,la,45.13,61.21,32.97
europe_lau,Langeland,langeland,la,13.61,41.51,92.4
europe_lau,Læsø,laeso,la,33.65,56.4,-0.43
europe_lau,Laroya,laroya,la,37.1,72.63,97.63
europe_lau,Láujar de Andarax,laujar_de_andarax,la,24.36,55.43,81.29
europe_lau,Laufen-Uhwiesen,laufen_uhwiesen,la,27.79,61.7,-106.45
europe_lau,Lagartos,lagartos,la,33.89,52.95,94.53
europe_lau,Lantadilla,lantadilla,la,53.67,67.18,31.5
europe_lau,Lanestosa,lanestosa,la,6.53,37.21,77.72
europe_lau,Larrabetzu,larrabetzu,la,48.87,69.96,21.31
europe_lau,Laukiz,laukiz,la,66.05,65.42,42.49
europe_lau,Langa,langa,la,71.76,79.95,56.9
europe_lau,Lanzahíta,lanzahita,la,63.63,72.66,71.95
europe_lau,Labastida,labastida,la,46.59,57.12,79.76
europe_lau,Lagrán,lagran,la,35.87,64.74,-24.86
europe_lau,Laguardia,laguardia,la,32.61,42.11,76.1
europe_lau,Lanciego,lanciego,la,30.25,66.09,85.33
europe_lau,Lapuebla de Labarca,lapuebla_de_labarca,la,48.37,57.96,19.6
europe_lau,Laudio,laudio,la,50.63,79.41,83.53
europe_lau,Lantarón,lantaron,la,46.86,56.49,42.55
europe_lau,Langa de Duero,langa_de_duero,la,33.18,59.64,92.36
europe_lau,Лясковец,laskovec,la,44.19,60.84,9.95
europe_lau,Láchar,lachar,la,60.62,78.09,78.36
europe_lau,Lanjarón,lanjaron,la,18.71,57.46,93.45
europe_lau,Lanteira,lanteira,la,20.48,51.99,87.93
europe_lau,Laguna del Marquesado,laguna_del_marquesado,la,46.57,77.35,80.65
europe_lau,Lagunaseca,lagunaseca,la,45.94,69.82,23.6
europe_lau,Landete,landete,la,41.99,55.8,46.26
europe_lau,Langenthal,langenthal,la,41.08,54.08,10.91
europe_lau,La Bruyère,la_bruyere,la,55.43,63.47,41.76
europe_lau,Langnau am Albis,langnau_am_albis,la,54.22,65.8,76.58
europe_lau,"Lapa, La",lapa_la,la,47.13,64.2,72.68
europe_lau,Ladrillar,ladrillar,la,33.88,61.52,12.18
europe_lau,"Labores, Las",labores_las,la,26.79,45.22,91.92
europe_lau,Laxe,laxe,la,54.68,67.21,60.88
europe_lau,"Laracha, A",laracha_a,la,43.3,50.02,52.53
europe_lau,Lautertal,lautertal,la,26.63,65.15,94.69
europe_lau,"Lauter-Bernsbach, Stadt",lauter_bernsbach_stadt,la,38.58,53.18,84.74
europe_lau,Langenprozeltener Forst,langenprozeltener_forst,la,43.16,62.94,12.24
europe_lau,Laufamholzer Forst,laufamholzer_forst,la,65.08,73.02,69.71
europe_lau,Lawitz,lawitz,la,48.82,63.32,17.62
europe_lau,"Laage, Stadt",laage_stadt,la,49.34,58.82,46.21
europe_lau,Lalendorf,lalendorf,la,43.94,56.8,83.81
europe_lau,Lambrechtshagen,lambrechtshagen,la,55.42,67.55,74.51
europe_lau,Langensendelbach,langensendelbach,la,44.67,57.23,3.21
europe_lau,Lackendorf,lackendorf,la,16.86,50.03,82.59
europe_lau,Lääneranna vald,laaneranna_vald,la,56.85,63.51,54.44
europe_lau,Lääne-Harju vald,laane_harju_vald,la,45.15,60.85,29.64
europe_lau,Lääne-Nigula vald,laane_nigula_vald,la,44.32,56.78,79.92
europe_lau,Langemark-Poelkapelle,langemark_poelkapelle,la,56.95,58.58,51.49
europe_lau,Lavant,lavant,la,54.51,73.01,89.42
europe_lau,Langenfeld,langenfeld,la,32.25,54.02,59.01
europe_lau,Langenaltheim,langenaltheim,la,53.81,65.17,37.58
europe_lau,Lanz,lanz,la,51.97,67.6,22.86
europe_lau,Laterns,laterns,la,36.97,58.24,2.74
europe_lau,Lancken-Granitz,lancken_granitz,la,45.17,61.76,79
europe_lau,La Roche-en-Ardenne,la_roche_en_ardenne,la,43.64,54.82,27.02
europe_lau,Langenbacher Forst,langenbacher_forst,la,31.79,52.94,37.36
europe_lau,Lasne,lasne,la,52.35,66,52.67
europe_lau,Langenbernsdorf,langenbernsdorf,la,51.84,66.07,26.51
europe_lau,Langenweißbach,langenweissbach,la,46.97,62.93,58.35
europe_lau,Lanaken,lanaken,la,46.6,54.89,71.68
europe_lau,"Lassan, Stadt",lassan_stadt,la,45.44,60.6,6.39
europe_lau,Laußnitz,laussnitz,la,57.99,64.79,40.23
europe_lau,"Lauta, Stadt",lauta_stadt,la,36.49,43.75,53.18
europe_lau,Laufach,laufach,la,34.96,52.49,-9.07
europe_lau,Langen bei Bregenz,langen_bei_bregenz,la,57.86,78.87,57.76
europe_lau,Langenegg,langenegg,la,33.1,57.46,-40.91
europe_lau,Lauterach,lauterach,la,56.83,71.81,45.54
europe_lau,Landeck,landeck,la,45.72,59.91,64.37
europe_lau,Langfurth,langfurth,la,67.96,66.43,62.15
europe_lau,Langen Brütz,langen_brutz,la,56.49,63.46,40.86
europe_lau,"Laaber, M",laaber_m,la,43.37,56.2,41.42
europe_lau,"Lappersdorf, M",lappersdorf_m,la,45.54,61.81,78.47
europe_lau,La Louvière,la_louviere,la,53.08,60.35,48.1
europe_lau,Lärz,larz,la,46.27,61.39,88.09
europe_lau,Lauter,lauter,la,45.74,68.2,46.07
europe_lau,Laudenbach,laudenbach,la,45.77,60.25,40.8
europe_lau,La Madeleine-de-Nonancourt,la_madeleine_de_nonancourt,la,65.14,68.76,33.85
europe_lau,La Neuve-Grange,la_neuve_grange,la,41.49,67.5,55.05
europe_lau,La Neuve-Lyre,la_neuve_lyre,la,59.43,67.61,45.63
europe_lau,La Neuville-du-Bosc,la_neuville_du_bosc,la,70.5,78.21,52.06
europe_lau,La Noë-Poulain,la_noe_poulain,la,51.57,65.07,59.98
europe_lau,La Chapelle-aux-Brocs,la_chapelle_aux_brocs,la,55.97,68.38,39.63
europe_lau,La Chapelle-aux-Saints,la_chapelle_aux_saints,la,53.99,69.37,70.52
europe_lau,La Chapelle-Saint-Géraud,la_chapelle_saint_geraud,la,45.29,73.98,74.49
europe_lau,Laufen,laufen,la,47.87,57.47,53.41
europe_lau,La Serpent,la_serpent,la,61.76,80.72,73.79
europe_lau,La Tourette-Cabardès,la_tourette_cabardes,la,45.57,58.5,86.02
europe_lau,La Bollène-Vésubie,la_bollene_vesubie,la,50.09,69.29,-0.03
europe_lau,La Colle-sur-Loup,la_colle_sur_loup,la,47.17,66.82,55.04
europe_lau,La Croix-sur-Roudoule,la_croix_sur_roudoule,la,48.76,68.63,88
europe_lau,La Barben,la_barben,la,44.18,65.32,29.15
europe_lau,La Bouilladisse,la_bouilladisse,la,32.23,53.01,-25.66
europe_lau,La Ciotat,la_ciotat,la,38.04,51.19,2.01
europe_lau,La Destrousse,la_destrousse,la,39.74,60.48,92.78
europe_lau,La Fare-les-Oliviers,la_fare_les_oliviers,la,71.51,73.58,54.08
europe_lau,Lamanon,lamanon,la,53.39,71.34,45.65
europe_lau,Lambesc,lambesc,la,52.58,60.97,68.25
europe_lau,Lançon-Provence,lancon_provence,la,45.33,54.54,35.16
europe_lau,La Penne-sur-Huveaune,la_penne_sur_huveaune,la,63.95,74.5,63.66
europe_lau,La Rochebeaucourt-et-Argentine,la_rochebeaucourt_et_argentine,la,40.85,54.48,35.51
europe_lau,La Roche-Chalais,la_roche_chalais,la,50.84,65.42,38.14
europe_lau,La Roque-Gageac,la_roque_gageac,la,53.63,69.41,53.05
europe_lau,Lacelle,lacelle,la,37.07,54.17,28.37
europe_lau,Ladignac-sur-Rondelles,ladignac_sur_rondelles,la,51.46,70.97,83.25
europe_lau,Lafage-sur-Sombre,lafage_sur_sombre,la,43.91,54.77,41.28
europe_lau,Lagarde-Marc-la-Tour,lagarde_marc_la_tour,la,52.39,55.43,36.48
europe_lau,Lagleygeolle,lagleygeolle,la,43,59.88,42.83
europe_lau,Lagraulière,lagrauliere,la,58.82,60.98,46.15
europe_lau,Laguenne-sur-Avalouze,laguenne_sur_avalouze,la,29.08,44.47,0.8
europe_lau,Lamazière-Basse,lamaziere_basse,la,39.7,60.37,97.09
europe_lau,Lamazière-Haute,lamaziere_haute,la,31.63,49.68,67.12
europe_lau,Lamongerie,lamongerie,la,48.36,65.35,20.54
europe_lau,Lanteuil,lanteuil,la,65.3,78.63,24.1
europe_lau,La Rivière-Drugeon,la_riviere_drugeon,la,22.91,62.47,49.02
europe_lau,La Sommette,la_sommette,la,45.1,57.43,80.92
europe_lau,Labastide-sur-Bésorgues,labastide_sur_besorgues,la,33.02,68.5,84.75
europe_lau,Labastide-de-Virac,labastide_de_virac,la,57.29,57.26,41.24
europe_lau,Labatie-d'Andaure,labatie_d_andaure,la,62.21,68.75,43.61
europe_lau,Labeaume,labeaume,la,45.13,53.95,82.87
europe_lau,Labégude,labegude,la,38.76,51.69,20.54
europe_lau,Lablachère,lablachere,la,41.83,66.88,37.16
europe_lau,Laboule,laboule,la,55.92,66.7,36.41
europe_lau,Lachamp-Raphaël,lachamp_raphael,la,36.1,48.29,39.36
europe_lau,Lachapelle-Graillouse,lachapelle_graillouse,la,48.25,59.97,31.53
europe_lau,Lachapelle-sous-Aubenas,lachapelle_sous_aubenas,la,55.5,71.44,55.88
europe_lau,Lachapelle-sous-Chanéac,lachapelle_sous_chaneac,la,64.74,74.67,52.92
europe_lau,Lafarre,lafarre,la,34.69,60.33,77.1
europe_lau,Lagorce,lagorce,la,48.28,60.37,70.84
europe_lau,Lalevade-d'Ardèche,lalevade_d_ardeche,la,37.52,58.15,7.83
europe_lau,Lalouvesc,lalouvesc,la,50.98,65.63,69.08
europe_lau,Lamastre,lamastre,la,48.9,56.92,53.65
europe_lau,Lanarce,lanarce,la,48.99,63.3,57.05
europe_lau,Lanas,lanas,la,61.79,70.42,50.73
europe_lau,Largentière,largentiere,la,45.99,59.42,54.63
europe_lau,Larnas,larnas,la,49.44,76.3,78.52
europe_lau,Laurac-en-Vivarais,laurac_en_vivarais,la,33.29,61.27,85.61
europe_lau,Laveyrune,laveyrune,la,42.91,51.18,61.87
europe_lau,Lavillatte,lavillatte,la,30.65,64.2,94.18
europe_lau,Lavilledieu,lavilledieu,la,58.56,73.79,63.62
europe_lau,Laviolle,laviolle,la,53.99,75.84,62.38
europe_lau,Laupersdorf,laupersdorf,la,47.72,68.78,86.27
europe_lau,La Roque-d'Anthéron,la_roque_d_antheron,la,36.57,51.15,13.91
europe_lau,La Férée,la_feree,la,51.5,72.78,85.87
europe_lau,La Ferté-sur-Chiers,la_ferte_sur_chiers,la,37.49,45.8,34.59
europe_lau,La Francheville,la_francheville,la,46.12,67.03,-8.33
europe_lau,La Grandville,la_grandville,la,66.46,68.41,60.04
europe_lau,La Horgne,la_horgne,la,44.29,59.32,-7.15
europe_lau,La Tremblade,la_tremblade,la,42.06,57.56,71.51
europe_lau,La Vallée,la_vallee,la,54.93,68.08,17.53
europe_lau,La Devise,la_devise,la,37.5,61.81,6.9
europe_lau,La Vergne,la_vergne,la,53.79,68.15,11.11
europe_lau,Lavizzara,lavizzara,la,54.62,69.06,73.47
europe_lau,La Bosse,la_bosse,la,49.22,55.39,39.79
europe_lau,La Bretenière,la_breteniere,la,57.74,68.1,50.4
europe_lau,La Tour-de-Sçay,la_tour_de_scay,la,53.28,62.52,74.15
europe_lau,La Chaux (Cossonay),la_chaux_cossonay,la,46.6,61.94,76.93
europe_lau,La Chapelle-Blanche,la_chapelle_blanche,la,45.04,68.8,38.85
europe_lau,La Chapelle-Neuve,la_chapelle_neuve,la,41.2,69.4,-12.87
europe_lau,La Chèze,la_cheze,la,37.55,56.33,60.17
europe_lau,La Harmoye,la_harmoye,la,51.39,65.46,44.76
europe_lau,Lamballe-Armor,lamballe_armor,la,40.13,46.16,73.28
europe_lau,Lancieux,lancieux,la,62.79,71.86,60.33
europe_lau,Landebaëron,landebaeron,la,48.06,61.26,87.05
europe_lau,Landébia,landebia,la,61.31,70.36,76.92
europe_lau,La Landec,la_landec,la,41.74,63.47,97.42
europe_lau,Landéhen,landehen,la,60.48,69.14,60.2
europe_lau,Lanfains,lanfains,la,62.7,68.86,55.49
europe_lau,Langoat,langoat,la,54.18,61.27,66.27
europe_lau,Langrolay-sur-Rance,langrolay_sur_rance,la,41.68,69.96,37.24
europe_lau,Languédias,languedias,la,48.81,60.79,41.16
europe_lau,Languenan,languenan,la,65.13,70.49,33.31
europe_lau,Langueux,langueux,la,54.94,67.44,52.38
europe_lau,Lanleff,lanleff,la,54.85,67.63,23.49
europe_lau,Lanloup,lanloup,la,47.1,67.13,64.36
europe_lau,Lanmérin,lanmerin,la,37.95,61.1,27.32
europe_lau,La Brillanne,la_brillanne,la,44.4,59.63,95.31
europe_lau,La Condamine-Châtelard,la_condamine_chatelard,la,50.16,68.08,-5.31
europe_lau,Labergement-Foigney,labergement_foigney,la,43.51,63.59,90.76
europe_lau,Labergement-lès-Auxonne,labergement_les_auxonne,la,57.62,75.82,73.45
europe_lau,Labergement-lès-Seurre,labergement_les_seurre,la,53.4,64.16,35.12
europe_lau,Labruyère,labruyere,la,34.98,52.13,7.74
europe_lau,Lacanche,lacanche,la,42.63,49.78,78.12
europe_lau,Lacour-d'Arcenay,lacour_d_arcenay,la,59.69,66.34,67.34
europe_lau,Laignes,laignes,la,61.95,65.05,71.11
europe_lau,Lamarche-sur-Saône,lamarche_sur_saone,la,43.52,47.95,49.5
europe_lau,Lamargelle,lamargelle,la,37.61,50.26,54.96
europe_lau,Lantenay,lantenay,la,50.61,65.4,12
europe_lau,Lanthes,lanthes,la,65.8,69.84,62.82
europe_lau,Lantilly,lantilly,la,56.78,67.51,18.84
europe_lau,Laperrière-sur-Saône,laperriere_sur_saone,la,43,53.22,20.73
europe_lau,Larrey,larrey,la,29.25,55.04,87.85
europe_lau,La Poterie-Mathieu,la_poterie_mathieu,la,39.38,59.5,-10.92
europe_lau,La Pyle,la_pyle,la,43.71,68.92,8.47
europe_lau,La Roquette,la_roquette,la,32.09,58.43,90.71
europe_lau,La Chapelle-Longueville,la_chapelle_longueville,la,32.35,51.9,36.52
europe_lau,La Boisse,la_boisse,la,25.38,44.74,42.66
europe_lau,La Burbanche,la_burbanche,la,27.15,61.41,98.41
europe_lau,La Chapelle-du-Châtelard,la_chapelle_du_chatelard,la,21.24,40.89,94.5
europe_lau,Lapleau,lapleau,la,44.61,65.93,83.81
europe_lau,Larche,larche,la,19.65,37.41,0.44
europe_lau,Laroche-près-Feyt,laroche_pres_feyt,la,39.32,74.11,90.28
europe_lau,Lascaux,lascaux,la,47.77,71.32,87.74
europe_lau,Latronche,latronche,la,55.17,67.77,81.74
europe_lau,Laval-sur-Luzège,laval_sur_luzege,la,56.49,64.36,77.07
europe_lau,La Garde,la_garde,la,51.33,63.37,63
europe_lau,La Javie,la_javie,la,25.21,51.64,71.19
europe_lau,Lambruisse,lambruisse,la,31.54,53.63,96.17
europe_lau,Lardiers,lardiers,la,30.59,61.82,85.56
europe_lau,La Punt Chamues-ch,la_punt_chamues_ch,la,25.53,46.34,65.76
europe_lau,La Bastide-Pradines,la_bastide_pradines,la,45.12,66.95,97.49
europe_lau,La Bastide-Solages,la_bastide_solages,la,55.54,65.66,35.16
europe_lau,La Saunière,la_sauniere,la,56.89,63.26,78.2
europe_lau,La Serre-Bussière-Vieille,la_serre_bussiere_vieille,la,45.84,64.84,71.27
europe_lau,La Souterraine,la_souterraine,la,36.88,42.16,39.72
europe_lau,La Villedieu,la_villedieu,la,50.36,69.22,2.31
europe_lau,La Brée-les-Bains,la_bree_les_bains,la,50.65,68.39,39.08
europe_lau,La Bezole,la_bezole,la,46.04,53.52,54.73
europe_lau,La Cassaigne,la_cassaigne,la,66.53,74.17,54.48
europe_lau,La Rochette,la_rochette,la,40.93,66.6,-33.46
europe_lau,La Tranclière,la_trancliere,la,44.74,56.19,82.8
europe_lau,La Brousse,la_brousse,la,63.4,73.81,70.59
europe_lau,La Chapelle-des-Pots,la_chapelle_des_pots,la,63.27,72.43,33.93
europe_lau,La Clisse,la_clisse,la,55.06,74.88,27.96
europe_lau,La Clotte,la_clotte,la,57.63,72.93,81.16
europe_lau,La Couarde-sur-Mer,la_couarde_sur_mer,la,29.06,64.46,-32.15
europe_lau,La Celette,la_celette,la,39.71,58.34,82.53
europe_lau,La Celle,la_celle,la,44.72,64.62,93.03
europe_lau,La Celle-Condé,la_celle_conde,la,59.02,71.11,57.73
europe_lau,La Chapelle-d'Angillon,la_chapelle_d_angillon,la,48.99,62.62,35.75
europe_lau,La Chapelle-Hugon,la_chapelle_hugon,la,46.77,57.9,53.55
europe_lau,La Chapelle-Montlinard,la_chapelle_montlinard,la,56.32,77.66,75.76
europe_lau,La Chapelle-Saint-Ursin,la_chapelle_saint_ursin,la,38.49,65.22,73.94
europe_lau,La Chapelotte,la_chapelotte,la,46.8,63.26,87.39
europe_lau,La Chaux,la_chaux,la,42.86,59.98,21.65
europe_lau,La Chenalotte,la_chenalotte,la,52.37,72.48,49.22
europe_lau,La Chevillotte,la_chevillotte,la,28.61,34.66,63.24
europe_lau,La Cluse-et-Mijoux,la_cluse_et_mijoux,la,34.28,42.9,77.43
europe_lau,Lavey-Morcles,lavey_morcles,la,66.08,81.48,51.68
europe_lau,La Vespière-Friardel,la_vespiere_friardel,la,47.03,54.89,59.15
europe_lau,La Villette,la_villette,la,65.23,74.42,50.93
europe_lau,La Tour-du-Crieu,la_tour_du_crieu,la,56.12,63.32,29.9
europe_lau,La Motte-du-Caire,la_motte_du_caire,la,49.56,57.93,82.93
europe_lau,La Mure-Argens,la_mure_argens,la,35.16,68.72,89.5
europe_lau,La Palud-sur-Verdon,la_palud_sur_verdon,la,45.93,58.01,75.66
europe_lau,La Robine-sur-Galabre,la_robine_sur_galabre,la,56.44,64.73,69.48
europe_lau,La Rochegiron,la_rochegiron,la,41.47,74.35,89.07
europe_lau,Lausen,lausen,la,55.28,62.05,74.93
europe_lau,La Rochette,la_rochette,la,39.56,60.72,1.6
europe_lau,Langrickenbach,langrickenbach,la,35.97,60.39,75.92
europe_lau,La Motte-Ternant,la_motte_ternant,la,61.6,63.5,58.89
europe_lau,La Boissière,la_boissiere,la,35.8,74.4,49.28
europe_lau,La Bonneville-sur-Iton,la_bonneville_sur_iton,la,36.68,43.61,42.66
europe_lau,La Saussaye,la_saussaye,la,50.15,62.09,79.82
europe_lau,La Brillaz,la_brillaz,la,28.87,68.65,-2.53
europe_lau,La Celle,la_celle,la,59.48,75.29,49.45
europe_lau,La Chapelaude,la_chapelaude,la,35.66,56.67,-12.79
europe_lau,La Chapelle,la_chapelle,la,40.8,69.96,-50.64
europe_lau,La Chapelle-aux-Chasses,la_chapelle_aux_chasses,la,69.93,68.01,48.3
europe_lau,La Capelle-Balaguier,la_capelle_balaguier,la,47.53,62.55,14.77
europe_lau,La Capelle-Bleys,la_capelle_bleys,la,49.38,71.14,92.02
europe_lau,La Capelle-Bonance,la_capelle_bonance,la,53.65,58.91,22.73
europe_lau,La Cavalerie,la_cavalerie,la,58.32,59.95,49.76
europe_lau,La Couvertoirade,la_couvertoirade,la,50.02,62.92,22.82
europe_lau,La Cresse,la_cresse,la,52.2,63.41,17.96
europe_lau,La Fouillade,la_fouillade,la,44.74,60.76,42.64
europe_lau,Lacroix-Barrez,lacroix_barrez,la,40.91,60.13,74.08
europe_lau,Laguiole,laguiole,la,57.42,74.31,14.67
europe_lau,Laissac-Sévérac l'Église,laissac_severac_l_eglise,la,53.19,65.34,69.33
europe_lau,Lanuéjouls,lanuejouls,la,47.22,52.82,63.42
europe_lau,Lapanouse-de-Cernon,lapanouse_de_cernon,la,44.38,64.64,92.79
europe_lau,Lassouts,lassouts,la,46.68,59.49,-0.57
europe_lau,Laval-Roquecezière,laval_roqueceziere,la,31.98,57.48,93.39
europe_lau,La Loubière,la_loubiere,la,43.88,64.46,76.91
europe_lau,La Chapelle-Bayvel,la_chapelle_bayvel,la,18.4,47.04,87.25
europe_lau,La Chapelle-du-Bois-des-Faulx,la_chapelle_du_bois_des_faulx,la,25.87,45.92,88.5
europe_lau,La Chapelle-Gauthier,la_chapelle_gauthier,la,49.07,65.86,-0.88
europe_lau,La Chapelle-Hareng,la_chapelle_hareng,la,26.82,45.97,27.02
europe_lau,La Villedieu,la_villedieu,la,60.46,68.16,78.22
europe_lau,La Villeneuve,la_villeneuve,la,63.25,70.26,47.34
europe_lau,La Villetelle,la_villetelle,la,38.45,59.98,95.23
europe_lau,La Bachellerie,la_bachellerie,la,61.85,67.45,64.05
europe_lau,La Sonnaz,la_sonnaz,la,56.73,61,35.4
europe_lau,La Groutte,la_groutte,la,36.4,63.81,82.18
europe_lau,La Guerche-sur-l'Aubois,la_guerche_sur_l_aubois,la,55.21,62.77,48.25
europe_lau,La Courtète,la_courtete,la,39.31,55.42,-22
europe_lau,La Digne-d'Amont,la_digne_d_amont,la,57.86,69.74,62.81
europe_lau,La Digne-d'Aval,la_digne_d_aval,la,48.51,61.49,50.64
europe_lau,La Fajolle,la_fajolle,la,55.05,70.97,28.45
europe_lau,La Force,la_force,la,36.62,48.93,77.8
europe_lau,Lanzendorf,lanzendorf,la,49.49,64.75,17
europe_lau,Lamone,lamone,la,42.54,67.02,97.36
europe_lau,La Croix-Comtesse,la_croix_comtesse,la,44.25,69.71,-9.11
europe_lau,La Flotte,la_flotte,la,48.02,61.37,16.52
europe_lau,La Genétouze,la_genetouze,la,51.03,67,22.43
europe_lau,La Grève-sur-Mignon,la_greve_sur_mignon,la,35.03,61.36,96.14
europe_lau,La Gripperie-Saint-Symphorien,la_gripperie_saint_symphorien,la,43.73,62.35,52.08
europe_lau,La Jard,la_jard,la,40.01,62.79,91.94
europe_lau,La Jarne,la_jarne,la,45.5,72.96,-8.57
europe_lau,La Jarrie,la_jarrie,la,40.54,73.89,-29.49
europe_lau,La Jarrie-Audouin,la_jarrie_audouin,la,55.91,67.42,84.6
europe_lau,Lagord,lagord,la,45.59,69.38,41.59
europe_lau,La Laigne,la_laigne,la,45.06,65.3,95.7
europe_lau,Landes,landes,la,45.9,60.15,83.31
europe_lau,Landrais,landrais,la,42.07,57.38,15.9
europe_lau,Lantan,lantan,la,43.54,55.7,66.32
europe_lau,Lapan,lapan,la,28.87,52.1,38.98
europe_lau,Lazenay,lazenay,la,41.56,53.12,65.3
europe_lau,La Grange,la_grange,la,62.3,82.34,76.21
europe_lau,La Ségalassière,la_segalassiere,la,43.2,67.92,94.14
europe_lau,La Trinitat,la_trinitat,la,35.74,53.65,92.38
europe_lau,La Chaise,la_chaise,la,36.4,43.09,64.43
europe_lau,La Bouteille,la_bouteille,la,52.12,67.31,86.99
europe_lau,La Bâtie-Montsaléon,la_batie_montsaleon,la,53.96,64.32,71.6
europe_lau,La Bâtie-Neuve,la_batie_neuve,la,41.32,71,-25.59
europe_lau,La Bâtie-Vieille,la_batie_vieille,la,36.76,59.24,94.94
europe_lau,La Beaume,la_beaume,la,49.68,58.62,15.37
europe_lau,La Couture-Boussey,la_couture_boussey,la,36.03,61.62,76.55
europe_lau,La Croisille,la_croisille,la,46.73,75.44,94.92
europe_lau,La Roche-en-Brenil,la_roche_en_brenil,la,38.24,62.02,97.72
europe_lau,La Rochepot,la_rochepot,la,27,40.33,88.81
europe_lau,La Roche-Vanneau,la_roche_vanneau,la,38.45,54.98,23.91
europe_lau,La Chapelle-Saint-Luc,la_chapelle_saint_luc,la,27.47,68.6,-9.18
europe_lau,La Ferté-Hauterive,la_ferte_hauterive,la,32.65,58.22,88.09
europe_lau,La Guillermie,la_guillermie,la,47.74,63.82,57.94
europe_lau,Laféline,lafeline,la,48.15,71.48,85.91
europe_lau,Lalizolle,lalizolle,la,57.32,66.32,50.86
europe_lau,Lamaids,lamaids,la,44.12,62.11,57.46
europe_lau,Langy,langy,la,50.14,57.85,77.99
europe_lau,Lapalisse,lapalisse,la,32.98,57.62,64.97
europe_lau,Laprugne,laprugne,la,42.75,62.08,-1.37
europe_lau,Lavault-Sainte-Anne,lavault_sainte_anne,la,43.02,64.11,-20.23
europe_lau,Lavoine,lavoine,la,33.94,53.18,98.64
europe_lau,La Fare-en-Champsaur,la_fare_en_champsaur,la,53.65,78.66,66.22
europe_lau,La Faurie,la_faurie,la,52.64,64.19,70.75
europe_lau,La Roque-Sainte-Marguerite,la_roque_sainte_marguerite,la,34.5,40.47,57.36
europe_lau,La Rouquette,la_rouquette,la,61.99,64.49,70.99
europe_lau,La Ferrière-sur-Risle,la_ferriere_sur_risle,la,34.5,69.02,75.19
europe_lau,La Forêt-du-Parc,la_foret_du_parc,la,69.54,87.01,73.02
europe_lau,La Baronnie,la_baronnie,la,43.93,72.65,72.68
europe_lau,La Cassagne,la_cassagne,la,56.92,67.68,60.38
europe_lau,La Chapelle-Aubareil,la_chapelle_aubareil,la,39.08,52.45,94.35
europe_lau,La Chapelle-Faucher,la_chapelle_faucher,la,44.09,70.53,85.89
europe_lau,La Chapelle-Gonaguet,la_chapelle_gonaguet,la,56.76,68.36,68.53
europe_lau,La Chapelle-Grésignac,la_chapelle_gresignac,la,39.92,61.71,76.99
europe_lau,La Chapelle-Montabourlet,la_chapelle_montabourlet,la,43.16,69.88,51.05
europe_lau,La Chapelle-Montmoreau,la_chapelle_montmoreau,la,54.07,71.24,66.97
europe_lau,La Chapelle-Saint-Jean,la_chapelle_saint_jean,la,57.8,73.71,68.82
europe_lau,Lahti,lahti,la,54.31,63.58,15.29
europe_lau,Laihia,laihia,la,49.13,67.73,77.19
europe_lau,Laitila,laitila,la,50.44,64.09,50.02
europe_lau,Lapinlahti,lapinlahti,la,53.72,65.78,42.01
europe_lau,Lappajärvi,lappajarvi,la,32.03,50.94,93.4
europe_lau,Lappeenranta,lappeenranta,la,38.88,63.6,72.58
europe_lau,Lapinjärvi,lapinjarvi,la,39.44,48.1,69.4
europe_lau,Lapua,lapua,la,53.78,60.35,43.97
europe_lau,Laukaa,laukaa,la,46.7,60.88,69.62
europe_lau,La Perche,la_perche,la,56,68.19,87.81
europe_lau,Labastide-d'Anjou,labastide_d_anjou,la,51.4,68.87,40.09
europe_lau,Labastide-en-Val,labastide_en_val,la,25.19,44.9,90.96
europe_lau,Labastide-Esparbairenque,labastide_esparbairenque,la,38.72,51.65,64.61
europe_lau,Labécède-Lauragais,labecede_lauragais,la,40.78,52.11,25.36
europe_lau,Lacombe,lacombe,la,38.8,54.32,96.36
europe_lau,Ladern-sur-Lauquet,ladern_sur_lauquet,la,37.31,52.67,-15.4
europe_lau,Lafage,lafage,la,57.76,76.08,81.51
europe_lau,Lagrasse,lagrasse,la,37.96,43.66,69.57
europe_lau,Lairière,lairiere,la,52.94,60.04,58.71
europe_lau,Lanet,lanet,la,51.29,79.48,15.15
europe_lau,La Palme,la_palme,la,46.99,69.3,11.96
europe_lau,Laprade,laprade,la,30.55,62.65,91.56
europe_lau,La Redorte,la_redorte,la,42.1,56.9,19.5
europe_lau,Laroque-de-Fa,laroque_de_fa,la,31.13,63.61,88.04
europe_lau,Lasbordes,lasbordes,la,61.81,70.63,43.42
europe_lau,Lasserre-de-Prouille,lasserre_de_prouille,la,39.25,58.61,-25.64
europe_lau,Lastours,lastours,la,33.71,59.47,89.07
europe_lau,Laurabuc,laurabuc,la,42.95,68.48,83.21
europe_lau,Laurac,laurac,la,60.84,68.23,72.33
europe_lau,Lauraguel,lauraguel,la,53.62,75.96,-5.98
europe_lau,Laure-Minervois,laure_minervois,la,43.74,55.45,65.67
europe_lau,Lavalette,lavalette,la,57.55,67.3,59.85
europe_lau,La Louvière-Lauragais,la_louviere_lauragais,la,58.69,68.79,72.37
europe_lau,La Rivière-Saint-Sauveur,la_riviere_saint_sauveur,la,27.7,47.12,87.62
europe_lau,La Roque-Baignard,la_roque_baignard,la,24.79,62.97,-89.34
europe_lau,La Souche,la_souche,la,36.19,59.48,-48.8
europe_lau,La Voulte-sur-Rhône,la_voulte_sur_rhone,la,47.49,61.12,71.27
europe_lau,La Capelle,la_capelle,la,36.38,60.91,-36.5
europe_lau,La Coquille,la_coquille,la,57.58,70.17,49.83
europe_lau,La Dornac,la_dornac,la,62.33,76.91,37.38
europe_lau,La Douze,la_douze,la,35.27,58.67,62.72
europe_lau,Labergement-Sainte-Marie,labergement_sainte_marie,la,59.66,71.54,52.5
europe_lau,Laire,laire,la,36.93,59.33,15.45
europe_lau,Laissey,laissey,la,28.46,46.5,7.26
europe_lau,Lanans,lanans,la,51.98,80.47,66.23
europe_lau,Landresse,landresse,la,42.35,62.6,-8.65
europe_lau,Lantenne-Vertière,lantenne_vertiere,la,62.09,73.71,59.81
europe_lau,Lanthenans,lanthenans,la,63.37,83.66,74.72
europe_lau,Larnod,larnod,la,32.74,50.46,99.92
europe_lau,Laval-le-Prieuré,laval_le_prieure,la,45.42,65.33,56.29
europe_lau,Lavans-Quingey,lavans_quingey,la,29.02,61.13,-67.22
europe_lau,Lavans-Vuillafans,lavans_vuillafans,la,49.4,62.56,28.87
europe_lau,Lavernay,lavernay,la,37.72,68.25,-18.73
europe_lau,Laviron,laviron,la,56.9,76.54,-6.88
europe_lau,La Longeville,la_longeville,la,34.52,55.56,42.14
europe_lau,La Verrerie,la_verrerie,la,52.48,64.86,61.29
europe_lau,La Chapelle-sur-Chézy,la_chapelle_sur_chezy,la,45.64,62.36,45.92
europe_lau,La Freissinouse,la_freissinouse,la,41.69,58.94,29.81
europe_lau,La Grave,la_grave,la,60.41,69.42,64.69
europe_lau,La Chapelle-en-Valgaudémar,la_chapelle_en_valgaudemar,la,55.5,65.96,44.64
europe_lau,La Haute-Beaume,la_haute_beaume,la,68.4,72.25,52.28
europe_lau,Laragne-Montéglin,laragne_monteglin,la,34.59,50.2,92.31
europe_lau,Lardier-et-Valença,lardier_et_valenca,la,36.87,53.5,88.87
europe_lau,Laye,laye,la,56.13,71.8,66.43
europe_lau,Lazer,lazer,la,56.84,63.84,70.22
europe_lau,La Motte-en-Champsaur,la_motte_en_champsaur,la,52.69,65.14,6.94
europe_lau,La Piarre,la_piarre,la,58.67,69.4,16.42
europe_lau,La Rochelle,la_rochelle,la,36.84,56.95,1.5
europe_lau,La Ronde,la_ronde,la,51.11,67.25,26.3
europe_lau,La Goulafrière,la_goulafriere,la,38,70.49,47.16
europe_lau,Ladoix-Serrigny,ladoix_serrigny,la,49.16,64.74,29.89
europe_lau,Labalme,labalme,la,49.29,73.15,90.38
europe_lau,Lagnieu,lagnieu,la,38.59,54.82,59.07
europe_lau,Laiz,laiz,la,45.91,74.02,-18.73
europe_lau,Lantenay,lantenay,la,47.38,69.26,65.41
europe_lau,Lapeyrouse,lapeyrouse,la,61.92,76.67,36.89
europe_lau,Lavours,lavours,la,57.03,73,89.05
europe_lau,La Petite-Marche,la_petite_marche,la,39.5,64.49,-34.62
europe_lau,La Roche-de-Rame,la_roche_de_rame,la,47.53,66.99,49.24
europe_lau,La Roche-des-Arnauds,la_roche_des_arnauds,la,55.54,63.16,71.44
europe_lau,La Rochette,la_rochette,la,48.29,69.01,65.64
europe_lau,Läufelfingen,laufelfingen,la,50.16,64.24,51.29
europe_lau,La Salvetat-Peyralès,la_salvetat_peyrales,la,39.37,59.82,97.61
europe_lau,La Selve,la_selve,la,43.43,53.63,85.6
europe_lau,La Serre,la_serre,la,58.9,69.17,21.22
europe_lau,La Harengère,la_harengere,la,60.2,67.45,61.07
europe_lau,La Haye-Aubrée,la_haye_aubree,la,45.97,66.94,57.06
europe_lau,La Haye-de-Calleville,la_haye_de_calleville,la,36.96,48.48,67.75
europe_lau,La Haye-de-Routot,la_haye_de_routot,la,57.08,71.37,59.46
europe_lau,La Haye-du-Theil,la_haye_du_theil,la,40.52,57.82,92.06
europe_lau,La Haye-le-Comte,la_haye_le_comte,la,53.49,67.78,15.34
europe_lau,La Haye-Malherbe,la_haye_malherbe,la,36.66,71.49,89.82
europe_lau,La Haye-Saint-Sylvestre,la_haye_saint_sylvestre,la,24.84,44.86,-42.09
europe_lau,La Heunière,la_heuniere,la,46.73,68.57,74.64
europe_lau,La Houssaye,la_houssaye,la,41.58,56.88,84.05
europe_lau,La Lande-Saint-Léger,la_lande_saint_leger,la,43.09,51.12,37.79
europe_lau,Launay,launay,la,32.55,76.18,93.31
europe_lau,La Feuillade,la_feuillade,la,41.67,65.59,42.78
europe_lau,La Pomarède,la_pomarede,la,66.14,71.15,27.87
europe_lau,La Berlière,la_berliere,la,43.93,68.9,-8.72
europe_lau,La Besace,la_besace,la,52.28,72.26,32.47
europe_lau,La Chapelle,la_chapelle,la,34.21,52.03,93.05
europe_lau,La Croix-aux-Bois,la_croix_aux_bois,la,47.85,86.94,22.32
europe_lau,La Jemaye-Ponteyraud,la_jemaye_ponteyraud,la,62.38,70.42,51.63
europe_lau,Lacropte,lacropte,la,45.43,64.81,61.39
europe_lau,La Force,la_force,la,36.52,63.78,95.62
europe_lau,Lalinde,lalinde,la,58.22,69.43,30.03
europe_lau,Lamonzie-Montastruc,lamonzie_montastruc,la,62.39,76.15,44.34
europe_lau,Lamonzie-Saint-Martin,lamonzie_saint_martin,la,49.07,69.88,15.62
europe_lau,Lamothe-Montravel,lamothe_montravel,la,29.43,45.01,16.79
europe_lau,Lanouaille,lanouaille,la,63.48,74.59,46.22
europe_lau,Lanquais,lanquais,la,40.35,63.08,38.25
europe_lau,Larzac,larzac,la,46.16,68.25,52.73
europe_lau,Lavalade,lavalade,la,58.15,70.72,58.61
europe_lau,Lavaur,lavaur,la,56.72,71.75,50.64
europe_lau,La Planée,la_planee,la,48.58,64.56,39.1
europe_lau,La Prétière,la_pretiere,la,24.26,51.68,97.91
europe_lau,La Chapelle-d'Alagnon,la_chapelle_d_alagnon,la,57.08,61.37,49.83
europe_lau,La Chapelle-Laurent,la_chapelle_laurent,la,50.12,70.54,89.87
europe_lau,Labesserette,labesserette,la,55.31,72.52,67.61
europe_lau,Labrousse,labrousse,la,51.73,59.74,42.65
europe_lau,Lacapelle-Barrès,lacapelle_barres,la,23.56,57.01,78.2
europe_lau,Lacapelle-del-Fraisse,lacapelle_del_fraisse,la,41.64,74.65,48.06
europe_lau,Lacapelle-Viescamp,lacapelle_viescamp,la,63.44,64.69,69.45
europe_lau,Ladinhac,ladinhac,la,38.98,68.47,64.53
europe_lau,Lafeuillade-en-Vézie,lafeuillade_en_vezie,la,47.45,62.39,58.76
europe_lau,La Croix-sur-Ourcq,la_croix_sur_ourcq,la,40.49,61.43,88.41
europe_lau,La Salle-les-Alpes,la_salle_les_alpes,la,28.78,63.3,75.08
europe_lau,La Saulce,la_saulce,la,37.17,58.61,80.41
europe_lau,La Tour-Blanche-Cercles,la_tour_blanche_cercles,la,45.76,65.54,-16.73
europe_lau,La Villeneuve-les-Convers,la_villeneuve_les_convers,la,43.03,63.47,-5.84
europe_lau,La Bouillie,la_bouillie,la,51.79,64.29,64.7
europe_lau,La Roque-en-Provence,la_roque_en_provence,la,68.73,67.82,44.36
europe_lau,La Roquette-sur-Siagne,la_roquette_sur_siagne,la,66.65,69.81,71
europe_lau,La Roquette-sur-Var,la_roquette_sur_var,la,31.42,49.66,90.44
europe_lau,Landquart,landquart,la,29.3,54.59,-36.95
europe_lau,La Pommeraye,la_pommeraye,la,52.98,63.8,42.33
europe_lau,La Bazoque,la_bazoque,la,33.99,67.26,84.1
europe_lau,Laifour,laifour,la,50.22,63.14,75.59
europe_lau,Lalobbe,lalobbe,la,59.2,77.72,65.51
europe_lau,Lametz,lametz,la,40.39,59.59,30.77
europe_lau,Lançon,lancon,la,63.29,69.84,67.31
europe_lau,Landres-et-Saint-Georges,landres_et_saint_georges,la,44.45,56.37,21.89
europe_lau,Landrichamps,landrichamps,la,57.38,79.3,94.34
europe_lau,Launois-sur-Vence,launois_sur_vence,la,44.38,61.91,90.91
europe_lau,Laval-Morency,laval_morency,la,43.18,59.27,82.27
europe_lau,La Moncelle,la_moncelle,la,51.02,67.19,41.61
europe_lau,La Neuville-à-Maire,la_neuville_a_maire,la,36.96,69.62,52.84
europe_lau,La Neuville-aux-Joûtes,la_neuville_aux_joutes,la,55.64,80.76,87.41
europe_lau,La Neuville-en-Tourne-à-Fuy,la_neuville_en_tourne_a_fuy,la,51.62,70.36,26.12
europe_lau,La Neuville-lès-Wasigny,la_neuville_les_wasigny,la,48.66,62.48,59.8
europe_lau,La Fère,la_fere,la,48.39,66.5,82.18
europe_lau,La Ferté-Chevresis,la_ferte_chevresis,la,42.26,53.76,40.19
europe_lau,La Ferté-Milon,la_ferte_milon,la,47.49,53.05,66.87
europe_lau,La Flamengrie,la_flamengrie,la,48.06,57.49,33.16
europe_lau,La Vallée-au-Blé,la_vallee_au_ble,la,64.82,73.89,47.16
europe_lau,La Vallée-Mulâtre,la_vallee_mulatre,la,63.78,74.21,48.03
europe_lau,La Ville-aux-Bois-lès-Dizy,la_ville_aux_bois_les_dizy,la,43.6,63.57,9.96
europe_lau,La Ville-aux-Bois-lès-Pontavert,la_ville_aux_bois_les_pontavert,la,46.44,77.56,53.87
europe_lau,Láncara,lancara,la,39.93,56.72,41.53
europe_lau,Lachen,lachen,la,60.52,71.07,59.95
europe_lau,Lagunilla,lagunilla,la,65.53,71.45,50.14
europe_lau,Larrodrigo,larrodrigo,la,57.05,64.83,81.75
europe_lau,La Hérie,la_herie,la,25.03,46.48,70.85
europe_lau,La Tour,la_tour,la,53.76,69.77,75.94
europe_lau,La Trinité,la_trinite,la,27.54,45.34,-20.42
europe_lau,La Turbie,la_turbie,la,55.97,61.45,70.35
europe_lau,La Brigue,la_brigue,la,58.91,80.72,73.66
europe_lau,Lagata,lagata,la,43.06,73.84,92.82
europe_lau,Labuerda,labuerda,la,53.55,80.6,78.7
europe_lau,Laluenga,laluenga,la,41.18,61.37,8.28
europe_lau,Lalueza,lalueza,la,40.31,43.34,69.28
europe_lau,Lanaja,lanaja,la,43.32,62.28,79.65
europe_lau,Laperdiguera,laperdiguera,la,41.46,76.15,-29.88
europe_lau,Lascellas-Ponzano,lascellas_ponzano,la,42.86,63.29,81.83
europe_lau,Lascuarre,lascuarre,la,46.96,63.84,92.36
europe_lau,Laspaúles,laspaules,la,53.05,61.03,80
europe_lau,Laspuña,laspuna,la,49.49,68.85,43.08
europe_lau,Lampenberg,lampenberg,la,49.57,77.09,76.77
europe_lau,Langenbruck,langenbruck,la,56.62,65.67,23.87
europe_lau,Lauwil,lauwil,la,52.4,63.3,56.54
europe_lau,La Boissière,la_boissiere,la,50.68,68.61,29.45
europe_lau,La Caine,la_caine,la,51.79,69.72,62.79
europe_lau,La Cambe,la_cambe,la,43.47,47.53,52.33
europe_lau,Labajos,labajos,la,44.96,59.22,56.43
europe_lau,Laguna de Contreras,laguna_de_contreras,la,39.69,49.64,20.24
europe_lau,Languilla,languilla,la,44.6,64.87,32.39
europe_lau,Lastras de Cuéllar,lastras_de_cuellar,la,31.26,50.7,8.77
europe_lau,Lastras del Pozo,lastras_del_pozo,la,54.16,64.63,27.84
europe_lau,"Lastrilla, La",lastrilla_la,la,53.42,69.68,19.33
europe_lau,La Romagne,la_romagne,la,51.18,63.39,77.16
europe_lau,La Sabotterie,la_sabotterie,la,43.92,61.57,93.29
europe_lau,Landiswil,landiswil,la,53.81,63.99,31.91
europe_lau,La Neuveville,la_neuveville,la,43.03,70.02,24.32
europe_lau,Laffaux,laffaux,la,49.02,68.65,46.02
europe_lau,Laigny,laigny,la,41.92,65.86,58.36
europe_lau,Lanchy,lanchy,la,64.2,75.71,53.7
europe_lau,Landifay-et-Bertaignemont,landifay_et_bertaignemont,la,38.98,63.07,97.52
europe_lau,Landouzy-la-Cour,landouzy_la_cour,la,54.3,73.35,27.05
europe_lau,Landouzy-la-Ville,landouzy_la_ville,la,58.21,76.33,19.54
europe_lau,Landricourt,landricourt,la,22.74,41.31,91.79
europe_lau,Laniscourt,laniscourt,la,36.8,66.2,-14.19
europe_lau,Laon,laon,la,58.41,61.99,68.88
europe_lau,Lappion,lappion,la,54.18,69.39,71.24
europe_lau,Largny-sur-Automne,largny_sur_automne,la,33.8,55.78,76.09
europe_lau,Latilly,latilly,la,46.89,68.28,99.67
europe_lau,Launoy,launoy,la,39.95,50.64,29.74
europe_lau,Laval-en-Laonnois,laval_en_laonnois,la,38.79,67.88,17.96
europe_lau,Lavaqueresse,lavaqueresse,la,40.29,62.01,-28.27
europe_lau,Laversine,laversine,la,18.1,45.08,-117.26
europe_lau,La Malmaison,la_malmaison,la,58.04,63.39,37.32
europe_lau,Lakuntza,lakuntza,la,24.58,50.68,85.97
europe_lau,Lana,lana,la,46.97,61.9,8.16
europe_lau,Lantz,lantz,la,41.24,61.69,99.28
europe_lau,Lapoblación,lapoblacion,la,50.22,63.23,56.56
europe_lau,Larraga,larraga,la,53.38,64.6,23.46
europe_lau,Larraona,larraona,la,56.59,76.45,45.97
europe_lau,Larraun,larraun,la,46.3,67.16,74.92
europe_lau,Lazagurría,lazagurria,la,42.48,66.64,9.11
europe_lau,Lauenen,lauenen,la,52.54,75.78,95.45
europe_lau,La Fosse-Corduan,la_fosse_corduan,la,37.53,59.25,61.14
europe_lau,Lagesse,lagesse,la,30.74,51.57,94.59
europe_lau,Laines-aux-Bois,laines_aux_bois,la,52.23,69.4,54.73
europe_lau,La Ferrière,la_ferriere,la,42.39,57.32,60.56
europe_lau,La Folie,la_folie,la,57.04,66.08,70.62
europe_lau,La Folletière-Abenon,la_folletiere_abenon,la,54.43,70.18,77.13
europe_lau,Lauerz,lauerz,la,60.01,67.93,43.61
europe_lau,Lagartera,lagartera,la,12.7,61.88,79.43
europe_lau,Layos,layos,la,35.06,49.56,75.86
europe_lau,La Neuville-Bosmont,la_neuville_bosmont,la,49.82,60.35,75.42
europe_lau,La Neuville-en-Beine,la_neuville_en_beine,la,47.02,73.56,-27.8
europe_lau,La Neuville-Housset,la_neuville_housset,la,36.82,59.78,97.67
europe_lau,La Neuville-lès-Dorengt,la_neuville_les_dorengt,la,35.81,58.27,46.98
europe_lau,Langendorf,langendorf,la,44.01,61.52,61.23
europe_lau,Landreville,landreville,la,41.51,66.7,89.91
europe_lau,Lantages,lantages,la,44.11,47.2,54.71
europe_lau,Lassicourt,lassicourt,la,45.93,74.86,43.29
europe_lau,Laubressel,laubressel,la,58.39,73.69,43.26
europe_lau,Lavau,lavau,la,31.96,64.58,76.98
europe_lau,La Loge-aux-Chèvres,la_loge_aux_chevres,la,52.97,69.74,41.07
europe_lau,La Loge-Pomblin,la_loge_pomblin,la,26.98,45.43,64.24
europe_lau,La Louptière-Thénard,la_louptiere_thenard,la,52.38,67.17,80.4
europe_lau,Lalín,lalin,la,50.58,56.28,74.02
europe_lau,"Lama, A",lama_a,la,51.27,70.08,80.14
europe_lau,Lahiguera,lahiguera,la,65.29,75.2,48.18
europe_lau,Larva,larva,la,56.77,68.23,78.24
europe_lau,La Motte-Tilly,la_motte_tilly,la,48.63,69.4,29.19
europe_lau,La Hoguette,la_hoguette,la,36.94,49.66,90.58
europe_lau,La Houblonnière,la_houblonniere,la,42.67,57.22,14.71
europe_lau,Laize-Clinchamps,laize_clinchamps,la,60.95,62.51,50.02
europe_lau,Landelles-et-Coupigny,landelles_et_coupigny,la,46.58,62.83,45.5
europe_lau,Landes-sur-Ajon,landes_sur_ajon,la,39.65,62.91,54.31
europe_lau,Langrune-sur-Mer,langrune_sur_mer,la,55.71,65.43,53.53
europe_lau,Lantejuela,lantejuela,la,54.03,65.88,40.1
europe_lau,Larraul,larraul,la,26.7,56.72,-72.8
europe_lau,Lazkao,lazkao,la,37.79,46.61,80.81
europe_lau,Laguna de Duero,laguna_de_duero,la,47.35,69.77,-2.34
europe_lau,Langayo,langayo,la,43.39,60.26,1.61
europe_lau,La Bastide-de-Besplas,la_bastide_de_besplas,la,53.55,58.26,80.3
europe_lau,La Bastide-de-Bousignac,la_bastide_de_bousignac,la,45.33,61.13,17.03
europe_lau,La Bastide-de-Lordat,la_bastide_de_lordat,la,62.66,73.35,50.34
europe_lau,La Bastide-du-Salat,la_bastide_du_salat,la,51.75,67.92,36.41
europe_lau,La Bastide-de-Sérou,la_bastide_de_serou,la,45.39,60.96,-8.85
europe_lau,La Bastide-sur-l'Hers,la_bastide_sur_l_hers,la,47.37,62.76,87.4
europe_lau,Laupen,laupen,la,29.99,53.76,95.71
europe_lau,Langa del Castillo,langa_del_castillo,la,45.76,67.46,72.12
europe_lau,Layana,layana,la,69.76,83.52,33.49
europe_lau,Lavamünd,lavamund,la,43.76,50.95,40.56
europe_lau,Lasarte-Oria,lasarte_oria,la,39.7,64.87,95.16
europe_lau,Lauterbrunnen,lauterbrunnen,la,66.51,67.34,65.34
europe_lau,Laguna Dalga,laguna_dalga,la,55.56,72.88,26.83
europe_lau,Laguna de Negrillos,laguna_de_negrillos,la,58.61,74.01,82.46
europe_lau,Larouco,larouco,la,54.17,64.46,83.52
europe_lau,Laza,laza,la,58.47,64.32,75.17
europe_lau,Lantsch/Lenz,lantsch_lenz,la,40.84,72.14,85.04
europe_lau,La Rivière-de-Corps,la_riviere_de_corps,la,55.53,76.71,35.65
europe_lau,La Rothière,la_rothiere,la,22.58,43.46,22.79
europe_lau,Landeyrat,landeyrat,la,46.8,68.61,95.4
europe_lau,Lanobre,lanobre,la,39.25,56.93,14.29
europe_lau,Lapeyrugue,lapeyrugue,la,62.34,64.93,45.96
europe_lau,Laroquebrou,laroquebrou,la,37.39,45.96,66.99
europe_lau,Laroquevieille,laroquevieille,la,43.59,61.01,66.68
europe_lau,Lascelle,lascelle,la,43.51,53.88,85.58
europe_lau,Lastic,lastic,la,49.37,52.2,68.54
europe_lau,Laurie,laurie,la,41.82,60.4,10.36
europe_lau,Laveissenet,laveissenet,la,19.32,42.3,19.74
europe_lau,Laveissière,laveissiere,la,38.85,64.18,9.55
europe_lau,Lavigerie,lavigerie,la,41.95,65.71,27.73
europe_lau,La Monselie,la_monselie,la,45.12,54.95,34.74
europe_lau,Labatut,labatut,la,23.53,86.29,32.37
europe_lau,Lacave,lacave,la,35.28,61.52,16.4
europe_lau,Lacourt,lacourt,la,45.27,53.09,54.41
europe_lau,Lagarde,lagarde,la,37.49,58.36,0.26
europe_lau,Lanoux,lanoux,la,39.97,72.74,-56.98
europe_lau,Lapège,lapege,la,47.93,72.69,32.11
europe_lau,Lapenne,lapenne,la,49,76.58,1.98
europe_lau,Larbont,larbont,la,57.48,68.44,17.12
europe_lau,Larcat,larcat,la,29.1,62.69,47.21
europe_lau,Larnat,larnat,la,30.89,61.39,94.47
europe_lau,Laroque-d'Olmes,laroque_d_olmes,la,35.71,56.14,-9.44
europe_lau,Lasserre,lasserre,la,47.68,66.78,78.26
europe_lau,Lassur,lassur,la,29.76,60.95,96.2
europe_lau,Lavelanet,lavelanet,la,52.76,62.68,70.13
europe_lau,Laguna de Cameros,laguna_de_cameros,la,45.73,63.4,89.74
europe_lau,Lagunilla del Jubera,lagunilla_del_jubera,la,28.92,65.41,57.45
europe_lau,Lardero,lardero,la,59.19,68.83,48.29
europe_lau,Lamasón,lamason,la,44.81,67.43,97.59
europe_lau,Laredo,laredo,la,40.14,63.16,49.29
europe_lau,La Selve,la_selve,la,42.49,54.66,20.57
europe_lau,Lagueruela,lagueruela,la,68.77,74.65,51.68
europe_lau,Lanzuela,lanzuela,la,41.35,61.5,15.46
europe_lau,La Saulsotte,la_saulsotte,la,38.78,70.01,59.9
europe_lau,La Vendue-Mignot,la_vendue_mignot,la,23.11,59.66,78.23
europe_lau,Laax,laax,la,24.34,55.13,59.72
europe_lau,La Ville-aux-Bois,la_ville_aux_bois,la,64.72,71.47,54.52
europe_lau,La Villeneuve-au-Châtelot,la_villeneuve_au_chatelot,la,34.42,65.7,85.7
europe_lau,La Villeneuve-au-Chêne,la_villeneuve_au_chene,la,35.7,52.09,99.97
europe_lau,La Roche,la_roche,la,52.9,72.69,13.15
europe_lau,Langreo,langreo,la,50.7,58.49,57.47
europe_lau,Laviana,laviana,la,60.37,71.29,70.31
europe_lau,Langnau im Emmental,langnau_im_emmental,la,44.66,59.31,70.37
europe_lau,Lauperswil,lauperswil,la,25.53,54.47,45.65
europe_lau,La Gaude,la_gaude,la,51.17,66.82,85.44
europe_lau,Lantosque,lantosque,la,34.45,55.39,31.68
europe_lau,La Penne,la_penne,la,44.83,58.12,16.69
europe_lau,La Selle-Craonnaise,la_selle_craonnaise,la,66.31,67.22,43.72
europe_lau,La Godefroy,la_godefroy,la,24.47,65.18,-179
europe_lau,La Roche-Noire,la_roche_noire,la,35.62,56.53,70.93
europe_lau,La Porte du Der,la_porte_du_der,la,40.02,62.78,48.35
europe_lau,Lajo,lajo,la,41.42,65.02,50.72
europe_lau,Langogne,langogne,la,58.39,64.01,63.51
europe_lau,Lanuéjols,lanuejols,la,44.19,63.15,27.27
europe_lau,Laubert,laubert,la,64.46,74.75,36.63
europe_lau,Laval-du-Tarn,laval_du_tarn,la,35.38,58.89,91.03
europe_lau,La Malène,la_malene,la,49.79,62.65,85.59
europe_lau,La Panouse,la_panouse,la,54.87,58.01,50.98
europe_lau,Lachamp-Ribennes,lachamp_ribennes,la,42.38,55.22,76.56
europe_lau,La Haye-Bellefond,la_haye_bellefond,la,41.92,53.13,30.05
europe_lau,La Haye-d'Ectot,la_haye_d_ectot,la,58.19,71.35,73.7
europe_lau,La Haye,la_haye,la,40.39,58.96,-12.43
europe_lau,La Haye-Pesnel,la_haye_pesnel,la,27.2,51.92,64.97
europe_lau,Lamberville,lamberville,la,48.51,78.96,48
europe_lau,La Lande-d'Airou,la_lande_d_airou,la,38.57,72.44,0.85
europe_lau,Lapenty,lapenty,la,54.8,68.02,69.99
europe_lau,Laulne,laulne,la,61.31,69.57,61.5
europe_lau,La Lucerne-d'Outremer,la_lucerne_d_outremer,la,26.11,63.63,-123.63
europe_lau,La Luzerne,la_luzerne,la,47.69,57.73,28.91
europe_lau,La Meauffe,la_meauffe,la,63.69,76.42,60.42
europe_lau,La Chamba,la_chamba,la,32.05,54.35,-3.03
europe_lau,La Chambonie,la_chambonie,la,19.29,46.53,51
europe_lau,La Chapelle-en-Lafaye,la_chapelle_en_lafaye,la,66.9,82.75,59.76
europe_lau,La Chapelle-Villars,la_chapelle_villars,la,38.09,56.77,-5.93
europe_lau,La Côte-en-Couzan,la_cote_en_couzan,la,34.41,50.72,40.36
europe_lau,La Rue-Saint-Pierre,la_rue_saint_pierre,la,36.99,57.97,95.1
europe_lau,La Croix-en-Champagne,la_croix_en_champagne,la,48.2,61.29,21.35
europe_lau,La Séauve-sur-Semène,la_seauve_sur_semene,la,40.3,60.55,95.14
europe_lau,La Fouillouse,la_fouillouse,la,57.29,68.06,50.04
europe_lau,La Gimond,la_gimond,la,48.04,73.07,75.81
europe_lau,La Grand-Croix,la_grand_croix,la,63.48,73.68,41.32
europe_lau,La Gresle,la_gresle,la,53.28,72.39,63.39
europe_lau,Lavieu,lavieu,la,36.11,58.51,7.62
europe_lau,Lay,lay,la,51.18,60.18,39.42
europe_lau,Λάπαθος,lapathos,la,39.01,78.27,93.85
europe_lau,Lachambre,lachambre,la,42.93,55.76,36.49
europe_lau,Lafrimbolle,lafrimbolle,la,47.15,63.28,86.28
europe_lau,Lagarde,lagarde,la,45.7,65.34,18.05
europe_lau,Lambach,lambach,la,47.51,64.27,-8.22
europe_lau,Landange,landange,la,57.95,68.86,28.08
europe_lau,Landroff,landroff,la,60.93,72.86,60.62
europe_lau,Laneuveville-lès-Lorquin,laneuveville_les_lorquin,la,57.23,72.28,0.23
europe_lau,Laneuveville-en-Saulnois,laneuveville_en_saulnois,la,41.11,59.33,64.13
europe_lau,Langatte,langatte,la,42.84,65.76,67.86
europe_lau,Languimberg,languimberg,la,38.78,57.47,19.09
europe_lau,Laning,laning,la,45.82,58.23,54.04
europe_lau,Laquenexy,laquenexy,la,44.15,58.83,1.7
europe_lau,Laudrefang,laudrefang,la,53.58,62.15,80.76
europe_lau,Laumesfeld,laumesfeld,la,35.32,50.96,-15.48
europe_lau,Launstroff,launstroff,la,48.58,60.46,33.51
europe_lau,La Selle-la-Forge,la_selle_la_forge,la,26.81,60.78,4.84
europe_lau,La Trinité-des-Laitiers,la_trinite_des_laitiers,la,37.12,49.5,80.81
europe_lau,La Ventrouze,la_ventrouze,la,56.17,72.38,19.9
europe_lau,La Bernerie-en-Retz,la_bernerie_en_retz,la,47.25,86.99,69.54
europe_lau,La Ferté-Saint-Aubin,la_ferte_saint_aubin,la,62.14,64.35,59.98
europe_lau,Laas,laas,la,56.02,78.12,86.95
europe_lau,Ladon,ladon,la,49.61,66.42,24.96
europe_lau,Lailly-en-Val,lailly_en_val,la,41.92,64,66.31
europe_lau,Langesse,langesse,la,31.85,66.35,70.74
europe_lau,La Meurdraquière,la_meurdraquiere,la,39.48,76.86,98.65
europe_lau,Laà-Mondrans,laa_mondrans,la,57.57,69.67,31.04
europe_lau,Laàs,laas,la,52.92,67.92,22.31
europe_lau,Labastide-Cézéracq,labastide_cezeracq,la,46.89,85.88,37.32
europe_lau,La Bastide-Clairence,la_bastide_clairence,la,58.67,75.35,11.4
europe_lau,Labastide-Monréjeau,labastide_monrejeau,la,59.83,81.59,32.8
europe_lau,Labastide-Villefranche,labastide_villefranche,la,32.54,65.11,93.87
europe_lau,Labatmale,labatmale,la,52.99,71.4,73.58
europe_lau,Labatut,labatut,la,55.17,68.93,55.17
europe_lau,Labets-Biscay,labets_biscay,la,34.19,59.97,94.57
europe_lau,Labeyrie,labeyrie,la,51.39,69.33,5.62
europe_lau,Lacadée,lacadee,la,44.69,67.71,91.12
europe_lau,Lacarre,lacarre,la,40.19,51.7,30.7
europe_lau,Lacarry-Arhan-Charritte-de-Haut,lacarry_arhan_charritte_de_haut,la,23.95,56.63,-63.12
europe_lau,Lacommande,lacommande,la,54.22,74.26,89.37
europe_lau,Lacq,lacq,la,58.1,70.93,29.08
europe_lau,Lagor,lagor,la,61.94,66.08,74.29
europe_lau,Lagos,lagos,la,28.93,66.87,-2.44
europe_lau,Laguinge-Restoue,laguinge_restoue,la,48.92,61.75,46.74
europe_lau,Lahonce,lahonce,la,42.03,55.29,0.97
europe_lau,Lahontan,lahontan,la,52.16,61.74,40.3
europe_lau,Lahourcade,lahourcade,la,53.95,61.71,31.51
europe_lau,Lalongue,lalongue,la,40.42,62.88,95.66
europe_lau,Lalonquette,lalonquette,la,51.93,70.08,67.07
europe_lau,Lamayou,lamayou,la,44.87,68.68,47.98
europe_lau,Lanne-en-Barétous,lanne_en_baretous,la,26.33,65.53,92.9
europe_lau,Lannecaube,lannecaube,la,46.43,60.55,76.16
europe_lau,Lanneplaà,lanneplaa,la,54.8,71.05,18.76
europe_lau,Lantabat,lantabat,la,47.17,57.99,63.88
europe_lau,Larceveau-Arros-Cibits,larceveau_arros_cibits,la,52.05,67.83,22.87
europe_lau,Laroin,laroin,la,34.03,53.42,73.81
europe_lau,Larrau,larrau,la,50.64,64.12,11.12
europe_lau,Larressore,larressore,la,53.31,71.16,57.52
europe_lau,Larreule,larreule,la,58.96,62.03,47.3
europe_lau,Larribar-Sorhapuru,larribar_sorhapuru,la,46.21,55.32,69.76
europe_lau,Laruns,laruns,la,51.64,63.2,89.33
europe_lau,Lasclaveries,lasclaveries,la,53.47,66.64,77.1
europe_lau,Lasse,lasse,la,23.93,47.1,50.32
europe_lau,Lasserre,lasserre,la,46.81,57.68,62.86
europe_lau,Lasseube,lasseube,la,59.53,76.68,36.44
europe_lau,Lasseubetat,lasseubetat,la,27,65.33,79.33
europe_lau,Lay-Lamidou,lay_lamidou,la,39.11,52.78,15.93
europe_lau,La Trinité,la_trinite,la,46.45,61.6,66.01
europe_lau,La Trinité-de-Réville,la_trinite_de_reville,la,38.89,59.13,-28.05
europe_lau,La Trinité-de-Thouberville,la_trinite_de_thouberville,la,56.76,72.52,58.38
europe_lau,La Vacherie,la_vacherie,la,63.87,73.37,62.05
europe_lau,Λάνεια,laneia,la,38.09,52.16,93.13
europe_lau,La Tieule,la_tieule,la,42.73,52.77,15.57
europe_lau,La Breille-les-Pins,la_breille_les_pins,la,35.81,70.25,-74.91
europe_lau,La Mouche,la_mouche,la,32.98,55.95,88.39
europe_lau,La Pernelle,la_pernelle,la,25.06,55.18,-39.74
europe_lau,La Pacaudière,la_pacaudiere,la,50.92,63.43,82.22
europe_lau,La Vieille-Lyre,la_vieille_lyre,la,29.2,45.03,95.95
europe_lau,Lavigny,lavigny,la,45.96,62.98,85.23
europe_lau,La Bazoche-Gouet,la_bazoche_gouet,la,45.1,59.02,32.53
europe_lau,La Boissière-du-Doré,la_boissiere_du_dore,la,71.16,73.19,62.09
europe_lau,La Chapelle-des-Marais,la_chapelle_des_marais,la,68.18,74,57.29
europe_lau,La Chapelle-Glain,la_chapelle_glain,la,50.16,63.93,56.83
europe_lau,La Chapelle-Heulin,la_chapelle_heulin,la,56.01,68.69,58.31
europe_lau,La Chapelle-Launay,la_chapelle_launay,la,29.13,60.22,92.59
europe_lau,La Chapelle-sur-Erdre,la_chapelle_sur_erdre,la,34.62,65.77,92.97
europe_lau,La Chevrolière,la_chevroliere,la,57.7,66.31,21.95
europe_lau,La Baule-Escoublac,la_baule_escoublac,la,32.16,55.21,-29.83
europe_lau,La Chapelle-Saint-Laud,la_chapelle_saint_laud,la,31.6,53.7,-7.38
europe_lau,La Chapelle-Enchérie,la_chapelle_encherie,la,65.18,71.43,51.16
europe_lau,La Chapelle-Montmartin,la_chapelle_montmartin,la,24.1,60.81,53.41
europe_lau,La Chapelle-Saint-Martin-en-Plaine,la_chapelle_saint_martin_en_plaine,la,40.53,62.18,59.26
europe_lau,La Chapelle-Vendômoise,la_chapelle_vendomoise,la,41.01,49.46,53.96
europe_lau,La Chapelle-Vicomtesse,la_chapelle_vicomtesse,la,36.62,52.76,-23.11
europe_lau,La Chaussée-Saint-Victor,la_chaussee_saint_victor,la,65.73,72.26,65.88
europe_lau,La Ricamarie,la_ricamarie,la,55.65,66.3,64.18
europe_lau,La Haie-Fouassière,la_haie_fouassiere,la,57.36,78.38,41.39
europe_lau,Lavau-sur-Loire,lavau_sur_loire,la,55.04,71.83,54.43
europe_lau,La Limouzinière,la_limouziniere,la,47.41,72.72,0.02
europe_lau,La Marne,la_marne,la,42.59,65.47,-2.54
europe_lau,La Meilleraye-de-Bretagne,la_meilleraye_de_bretagne,la,54.13,67.51,49.69
europe_lau,La Montagne,la_montagne,la,45.61,62.06,80.14
europe_lau,La Veuve,la_veuve,la,59.65,68.83,69.59
europe_lau,La Villeneuve-lès-Charleville,la_villeneuve_les_charleville,la,35.83,52.3,68.76
europe_lau,La Ville-sous-Orbais,la_ville_sous_orbais,la,46.45,74.13,69.31
europe_lau,La Neuville-sur-Essonne,la_neuville_sur_essonne,la,58.11,71.49,32.66
europe_lau,La Gorgue,la_gorgue,la,30.95,49.52,1.36
europe_lau,La Groise,la_groise,la,45.91,64.08,81.15
europe_lau,La Celle,la_celle,la,54.07,69.77,48.55
europe_lau,La Cellette,la_cellette,la,64.61,72.3,77.04
europe_lau,Laugnac,laugnac,la,38.85,56.51,-0.23
europe_lau,Laussou,laussou,la,57.75,62.3,75.64
europe_lau,Lauzun,lauzun,la,50.8,73.52,23.78
europe_lau,Lavardac,lavardac,la,40.26,58.75,-17.37
europe_lau,Lavergne,lavergne,la,60.93,67.99,28.77
europe_lau,Layrac,layrac,la,44.39,61.61,44.32
europe_lau,La Réunion,la_reunion,la,50.68,69.35,83.45
europe_lau,La Bourdinière-Saint-Loup,la_bourdiniere_saint_loup,la,58.43,65.5,71.15
europe_lau,La Jaille-Yvon,la_jaille_yvon,la,47.38,62.17,50.33
europe_lau,La Lande-Chasles,la_lande_chasles,la,40.67,58.85,-9.3
europe_lau,La Ménitré,la_menitre,la,49.3,68.17,79.53
europe_lau,La Pellerine,la_pellerine,la,52.77,64.08,44.92
europe_lau,La Plaine,la_plaine,la,67.68,73.22,50.54
europe_lau,La Chapelle-Agnon,la_chapelle_agnon,la,56.13,64.79,68.01
europe_lau,La Chapelle-Marcousse,la_chapelle_marcousse,la,32.07,59.94,-72.11
europe_lau,La Chapelle-sur-Usson,la_chapelle_sur_usson,la,50.91,63.21,10.79
europe_lau,La Chaulme,la_chaulme,la,43.02,51.88,82.33
europe_lau,La Crouzille,la_crouzille,la,45.65,62.96,9.43
europe_lau,Langenlois,langenlois,la,45.32,62.22,61.16
europe_lau,La Chapelle-d'Aunainville,la_chapelle_d_aunainville,la,42.09,60.39,-0.89
europe_lau,La Chapelle-du-Noyer,la_chapelle_du_noyer,la,43.63,63.04,94.41
europe_lau,La Chapelle-Forainvilliers,la_chapelle_forainvilliers,la,38.26,68.58,-9.15
europe_lau,La Chapelle-Fortin,la_chapelle_fortin,la,53.97,63.57,23.7
europe_lau,La Chaussée-d'Ivry,la_chaussee_d_ivry,la,32.14,50.34,41.13
europe_lau,La Croix-du-Perche,la_croix_du_perche,la,31.18,57.53,-52.98
europe_lau,La Plaine-sur-Mer,la_plaine_sur_mer,la,40.15,62.12,-27.66
europe_lau,La Planche,la_planche,la,65.18,73.38,52.35
europe_lau,La Possonnière,la_possonniere,la,63.39,72,46.54
europe_lau,La Romagne,la_romagne,la,54.82,69.28,40.54
europe_lau,La Ferté-Beauharnais,la_ferte_beauharnais,la,62.69,71.92,34.67
europe_lau,La Ferté-Imbault,la_ferte_imbault,la,28.2,62.54,80.36
europe_lau,La Ferté-Saint-Cyr,la_ferte_saint_cyr,la,49.32,64.52,77.37
europe_lau,Λαγουδερά,lagoudera,la,27.37,76.34,45.67
europe_lau,La Fontenelle,la_fontenelle,la,32.79,58.62,-53.09
europe_lau,Lamotte-Beuvron,lamotte_beuvron,la,48.25,69.05,-0.58
europe_lau,Lancé,lance,la,55.41,71.33,79.73
europe_lau,Lancôme,lancome,la,46.36,61.14,1.95
europe_lau,Landes-le-Gaulois,landes_le_gaulois,la,54.32,63.18,29.54
europe_lau,Langon-sur-Cher,langon_sur_cher,la,48.51,63.04,47
europe_lau,Lassay-sur-Croisne,lassay_sur_croisne,la,62.49,71.42,48.91
europe_lau,Lavardin,lavardin,la,50.46,57.69,62.43
europe_lau,La Madeleine-Villefrouin,la_madeleine_villefrouin,la,54.6,72.34,38.51
europe_lau,La Marolle-en-Sologne,la_marolle_en_sologne,la,58.63,70.17,33.58
europe_lau,La Hérelle,la_herelle,la,44.55,62.1,66.43
europe_lau,La Houssoye,la_houssoye,la,61.57,68.68,49.45
europe_lau,La Trinité,la_trinite,la,41.31,59.63,35.72
europe_lau,La Vendelée,la_vendelee,la,43.25,71.41,23.09
europe_lau,La Talaudière,la_talaudiere,la,46.14,60.47,73.89
europe_lau,La Terrasse-sur-Dorlay,la_terrasse_sur_dorlay,la,23.85,34.64,9.05
europe_lau,La Tour-en-Jarez,la_tour_en_jarez,la,40.57,57.74,96.37
europe_lau,La Tourette,la_tourette,la,46.48,59.45,66.06
europe_lau,La Tuilière,la_tuiliere,la,43.61,71.53,82.99
europe_lau,La Valla-sur-Rochefort,la_valla_sur_rochefort,la,55.62,72.42,15.8
europe_lau,La Valla-en-Gier,la_valla_en_gier,la,56.73,69.14,54.78
europe_lau,La Versanne,la_versanne,la,57.27,69.83,43.2
europe_lau,La Regrippière,la_regrippiere,la,67.43,71.58,75.22
europe_lau,La Remaudière,la_remaudiere,la,28.05,64.6,-0.36
europe_lau,La Selle-en-Hermoy,la_selle_en_hermoy,la,37.95,66.06,-30.42
europe_lau,La Selle-sur-le-Bied,la_selle_sur_le_bied,la,62.31,63.83,52.8
europe_lau,Λάρνακας Λαπήθου,larnakas_lapethou,la,54.7,68.58,77.26
europe_lau,Λάπηθος,lapethos,la,37.74,59.17,50.12
europe_lau,La Baconnière,la_baconniere,la,60.84,70.69,20.08
europe_lau,La Bazoge-Montpinçon,la_bazoge_montpincon,la,62.72,67.39,64.46
europe_lau,La Bazouge-de-Chemeré,la_bazouge_de_chemere,la,49.26,68.59,43.86
europe_lau,La Bazouge-des-Alleux,la_bazouge_des_alleux,la,55.89,73.08,83.59
europe_lau,Lallaing,lallaing,la,45.63,58.01,20.74
europe_lau,Lambersart,lambersart,la,47.28,73.84,80.33
europe_lau,Lambres-lez-Douai,lambres_lez_douai,la,31.68,53.25,-23.35
europe_lau,Landas,landas,la,39.3,63.64,25.41
europe_lau,Landrecies,landrecies,la,55.52,61.03,62.91
europe_lau,Lannoy,lannoy,la,50.68,82.14,37.48
europe_lau,Larouillies,larouillies,la,40.85,56.17,13.36
europe_lau,Lauwin-Planque,lauwin_planque,la,26.89,56.35,-64.98
europe_lau,La Longueville,la_longueville,la,23.27,41.55,58.78
europe_lau,Láz,laz,la,53.05,69.16,67.43
europe_lau,La Madeleine,la_madeleine,la,48.55,74.53,86.04
europe_lau,La Forestière,la_forestiere,la,42.9,65.83,71.65
europe_lau,Lachy,lachy,la,45.56,59.98,50.27
europe_lau,Lagery,lagery,la,51.14,61.04,33.13
europe_lau,Landricourt,landricourt,la,58.99,68.16,57.04
europe_lau,Larzicourt,larzicourt,la,28.9,41.96,83.45
europe_lau,Laval-sur-Tourbe,laval_sur_tourbe,la,23.99,61.9,-158.11
europe_lau,Lavannes,lavannes,la,56.21,73.87,71.42
europe_lau,La Sauvetat-de-Savères,la_sauvetat_de_saveres,la,33.4,53.66,84.96
europe_lau,La Sauvetat-du-Dropt,la_sauvetat_du_dropt,la,50.72,61.18,74.68
europe_lau,La Sauvetat-sur-Lède,la_sauvetat_sur_lede,la,66.62,64.76,57.37
europe_lau,La Bigottière,la_bigottiere,la,42.4,71.22,73.76
europe_lau,La Boissière,la_boissiere,la,47.08,63.75,-12.97
europe_lau,La Brûlatte,la_brulatte,la,52.59,68.56,23.46
europe_lau,La Chapelle-Anthenaise,la_chapelle_anthenaise,la,58.63,66.13,66.44
europe_lau,La Chapelle-au-Riboul,la_chapelle_au_riboul,la,29.44,49.95,94.03
europe_lau,La Chapelle-Craonnaise,la_chapelle_craonnaise,la,36.94,60.06,-35.08
europe_lau,La Chapelle-Rainsouin,la_chapelle_rainsouin,la,50.91,59.63,30.38
europe_lau,La Croixille,la_croixille,la,46,65.14,18.22
europe_lau,La Cropte,la_cropte,la,51.48,67.15,44.85
europe_lau,La Dorée,la_doree,la,48.62,65.71,34.74
europe_lau,La Séguinière,la_seguiniere,la,47.7,61.84,66.23
europe_lau,La Tessoualle,la_tessoualle,la,56,66.56,33.21
europe_lau,La Forie,la_forie,la,32.48,82.5,6.36
europe_lau,La Godivelle,la_godivelle,la,58.11,63.46,69.78
europe_lau,La Goutelle,la_goutelle,la,59.34,64.59,78.95
europe_lau,Labessette,labessette,la,50.14,72.2,52.63
europe_lau,Lachaux,lachaux,la,36.81,59.29,68.18
europe_lau,Lamontgie,lamontgie,la,27.83,53.88,-49.16
europe_lau,Landogne,landogne,la,42.94,64.27,25.21
europe_lau,Lapeyrouse,lapeyrouse,la,47.37,67.95,-16.36
europe_lau,Laps,laps,la,49.73,70.05,48.63
europe_lau,Laqueuille,laqueuille,la,35.04,53.96,82.15
europe_lau,Larodde,larodde,la,42.21,55.81,25.48
europe_lau,Lastic,lastic,la,47.89,55.57,59.48
europe_lau,La Tour-d'Auvergne,la_tour_d_auvergne,la,31.68,54.65,-33.91
europe_lau,Laberlière,laberliere,la,56.98,71.22,59.2
europe_lau,Laboissière-en-Thelle,laboissiere_en_thelle,la,54.56,62.33,50.39
europe_lau,Labosse,labosse,la,60.27,68.04,59.7
europe_lau,Labruyère,labruyere,la,39.63,51.35,25.66
europe_lau,Lachapelle-aux-Pots,lachapelle_aux_pots,la,44.21,63.37,21.14
europe_lau,Lachapelle-Saint-Pierre,lachapelle_saint_pierre,la,43.34,58.84,76.5
europe_lau,Lachapelle-sous-Gerberoy,lachapelle_sous_gerberoy,la,30.94,60.04,94.86
europe_lau,Lachaussée-du-Bois-d'Écu,lachaussee_du_bois_d_ecu,la,61.52,76.65,44.37
europe_lau,Lachelle,lachelle,la,44.78,63.44,81.36
europe_lau,Lacroix-Saint-Ouen,lacroix_saint_ouen,la,45.1,54.39,49.05
europe_lau,Lafraye,lafraye,la,52.72,76.62,81.9
europe_lau,Lagny,lagny,la,61.14,73,38.26
europe_lau,Lagny-le-Sec,lagny_le_sec,la,53.29,65.36,55.51
europe_lau,Laigneville,laigneville,la,65.06,70.59,51.27
europe_lau,Lalande-en-Son,lalande_en_son,la,46.14,70.02,40.6
europe_lau,Lalandelle,lalandelle,la,59.24,71.75,62.09
europe_lau,Lamécourt,lamecourt,la,49.69,75.2,17.87
europe_lau,Lamorlaye,lamorlaye,la,29.95,69.78,-86.41
europe_lau,Lannoy-Cuillère,lannoy_cuillere,la,35.52,57.3,62.67
europe_lau,Larbroye,larbroye,la,56.31,64.04,62.08
europe_lau,Lassigny,lassigny,la,64.32,66.66,67.93
europe_lau,Lataule,lataule,la,38.03,55.36,95.79
europe_lau,Lattainville,lattainville,la,58.44,62.66,55.39
europe_lau,Lavacquerie,lavacquerie,la,71.84,74.63,43.01
europe_lau,Laverrière,laverriere,la,52.29,68.15,-8.32
europe_lau,Laversines,laversines,la,45.96,55.01,41.62
europe_lau,Lavilletertre,lavilletertre,la,59.35,70.74,33.88
europe_lau,Labry,labry,la,46.06,60.45,39.09
europe_lau,Lachapelle,lachapelle,la,54.42,71.59,20.68
europe_lau,Lagney,lagney,la,57.76,70.42,24.82
europe_lau,Laître-sous-Amance,laitre_sous_amance,la,46.69,62.83,65.14
europe_lau,Laix,laix,la,41.61,56.33,80.07
europe_lau,Lalœuf,laloeuf,la,50.29,72.32,54.12
europe_lau,Lamath,lamath,la,32.62,55.84,-10.62
europe_lau,Landécourt,landecourt,la,49.96,66.86,68.97
europe_lau,Landremont,landremont,la,51.71,66.34,65.8
europe_lau,Landres,landres,la,52.09,65.88,85.15
europe_lau,Laneuvelotte,laneuvelotte,la,31.49,55.26,71.37
europe_lau,Laneuveville-aux-Bois,laneuveville_aux_bois,la,46.4,71.02,41.71
europe_lau,Laneuveville-derrière-Foug,laneuveville_derriere_foug,la,27.09,52.63,-30.25
europe_lau,Laneuveville-devant-Bayon,laneuveville_devant_bayon,la,56.6,72.05,78.35
europe_lau,Laneuveville-devant-Nancy,laneuveville_devant_nancy,la,38.39,58.33,45.96
europe_lau,Lanfroicourt,lanfroicourt,la,41.12,59.54,88.79
europe_lau,Lantéfontaine,lantefontaine,la,27.11,64.76,-66.17
europe_lau,Laronxe,laronxe,la,41.32,64.46,8.16
europe_lau,Laxou,laxou,la,46.45,71.95,-15.72
europe_lau,Lay-Saint-Christophe,lay_saint_christophe,la,59.11,70.25,85.43
europe_lau,Lay-Saint-Remy,lay_saint_remy,la,45.22,62.9,63.36
europe_lau,La Ferté-Vidame,la_ferte_vidame,la,38.04,60.26,30.93
europe_lau,La Framboisière,la_framboisiere,la,64.79,75.17,57.19
europe_lau,La Gaudaine,la_gaudaine,la,30.23,51.48,-53.61
europe_lau,Lamblore,lamblore,la,58.39,70.4,44.41
europe_lau,Landelles,landelles,la,28.43,55.12,-69.11
europe_lau,Laons,laons,la,44.29,58.82,89.25
europe_lau,La Loupe,la_loupe,la,52.25,62.61,43.83
europe_lau,La Mancelière,la_manceliere,la,48.41,61.39,86.51
europe_lau,La Baleine,la_baleine,la,54.83,67.2,48.85
europe_lau,La Barre-de-Semilly,la_barre_de_semilly,la,42.71,59.23,18.42
europe_lau,La Hague,la_hague,la,38.26,51.95,40.39
europe_lau,La Bloutière,la_bloutiere,la,38.58,61.91,29.62
europe_lau,La Bonneville,la_bonneville,la,35.88,46.21,92.12
europe_lau,La Besseyre-Saint-Mary,la_besseyre_saint_mary,la,41.93,53.2,68.18
europe_lau,La Chaise-Dieu,la_chaise_dieu,la,55.06,69.28,86.7
europe_lau,La Chapelle-Bertin,la_chapelle_bertin,la,49.02,64.13,58.33
europe_lau,La Chapelle-d'Aurec,la_chapelle_d_aurec,la,35.88,50.13,-5.02
europe_lau,La Chapelle-Geneste,la_chapelle_geneste,la,52.76,70.82,78.84
europe_lau,La Chomette,la_chomette,la,60.03,71.01,54.73
europe_lau,La Turballe,la_turballe,la,26.89,43.1,91.98
europe_lau,La Chevallerais,la_chevallerais,la,43.38,70.08,94.31
europe_lau,La Roche-Blanche,la_roche_blanche,la,53.52,71.94,75.85
europe_lau,La Grigonnais,la_grigonnais,la,40.6,58.48,23.65
europe_lau,La Gravelle,la_gravelle,la,52.19,63.35,65.84
europe_lau,La Mesnière,la_mesniere,la,44.28,58.27,79.63
europe_lau,La Motte-Fouquet,la_motte_fouquet,la,68.8,75.66,33.2
europe_lau,La Roche-Mabile,la_roche_mabile,la,49.63,65.13,53.88
europe_lau,Lafarre,lafarre,la,41.36,47,55.62
europe_lau,Lamothe,lamothe,la,48.28,56.36,15.28
europe_lau,La Neuville-aux-Bois,la_neuville_aux_bois,la,37.58,71.14,-52.5
europe_lau,La Neuville-aux-Larris,la_neuville_aux_larris,la,13.42,35.89,-162.24
europe_lau,La Neuville-au-Pont,la_neuville_au_pont,la,48.65,62.74,39.79
europe_lau,La Noue,la_noue,la,43.23,60.95,74.77
europe_lau,La Genevroye,la_genevroye,la,63.45,70.85,72.22
europe_lau,La Bastide-Puylaurent,la_bastide_puylaurent,la,33.93,50.44,95.83
europe_lau,La Canourgue,la_canourgue,la,31.66,55.18,99.15
europe_lau,La Fage-Montivernoux,la_fage_montivernoux,la,52.41,64.06,68.31
europe_lau,La Fage-Saint-Julien,la_fage_saint_julien,la,50.49,67.6,0.49
europe_lau,La Haie-Traversaine,la_haie_traversaine,la,41.85,66.67,98.41
europe_lau,Landivy,landivy,la,52.09,62.75,75.21
europe_lau,Larchamp,larchamp,la,48.05,69.67,25.41
europe_lau,Lassay-les-Châteaux,lassay_les_chateaux,la,42.42,55.32,11.8
europe_lau,Laubrières,laubrieres,la,56.86,71.06,61.91
europe_lau,Launay-Villiers,launay_villiers,la,47.96,53.5,47.23
europe_lau,Laval,laval,la,57.75,64.47,56.18
europe_lau,La Roche-Neuville,la_roche_neuville,la,58.19,61.39,63.65
europe_lau,La Pallu,la_pallu,la,61.35,66.38,28.28
europe_lau,La Pellerine,la_pellerine,la,46.3,57.17,56.58
europe_lau,La Chaise-Baudouin,la_chaise_baudouin,la,43.25,57.37,46.19
europe_lau,La Monnerie-le-Montel,la_monnerie_le_montel,la,34.59,55.08,-26.76
europe_lau,La Renaudie,la_renaudie,la,59.42,71.35,58.55
europe_lau,La Roche-Blanche,la_roche_blanche,la,59.37,65.84,20.68
europe_lau,La Caure,la_caure,la,64.56,73.34,34.19
europe_lau,La Celle-sous-Chantemerle,la_celle_sous_chantemerle,la,40.82,59,57.72
europe_lau,La Puisaye,la_puisaye,la,59.11,66.22,56.86
europe_lau,La Bussière,la_bussiere,la,68.37,74.92,40.65
europe_lau,La Chapelle-Cécelin,la_chapelle_cecelin,la,44.84,67.71,64.72
europe_lau,La Chapelle-Urée,la_chapelle_uree,la,53.62,86.72,2.19
europe_lau,La Colombe,la_colombe,la,40.62,56.77,28.93
europe_lau,La Feuillie,la_feuillie,la,40.8,60.3,90.24
europe_lau,La Ville-aux-Clercs,la_ville_aux_clercs,la,43.63,55.16,72.98
europe_lau,La Neuville-en-Hez,la_neuville_en_hez,la,53.27,65.14,39.08
europe_lau,La Neuville-Roy,la_neuville_roy,la,67.13,67.44,63.3
europe_lau,La Neuville-Saint-Pierre,la_neuville_saint_pierre,la,53.62,61.16,78.65
europe_lau,La Neuville-sur-Oudeuil,la_neuville_sur_oudeuil,la,36.98,51.22,21.2
europe_lau,La Neuville-sur-Ressons,la_neuville_sur_ressons,la,32.21,68.26,-12.24
europe_lau,La Neuville-Vault,la_neuville_vault,la,38.54,65.06,-12.25
europe_lau,La Chapelle-Felcourt,la_chapelle_felcourt,la,48.27,68.67,80.64
europe_lau,La Chapelle-Lasson,la_chapelle_lasson,la,57.28,65.46,56.68
europe_lau,La Chapelle-sous-Orbais,la_chapelle_sous_orbais,la,48.77,81.54,-40.44
europe_lau,La Chaussée-sur-Marne,la_chaussee_sur_marne,la,43.92,74.7,33.9
europe_lau,La Cheppe,la_cheppe,la,43.83,60.4,92.68
europe_lau,Λάγεια,lageia,la,41.01,72.36,94.85
europe_lau,Landos,landos,la,54.11,68.89,80.37
europe_lau,Langeac,langeac,la,50.82,60.72,70.28
europe_lau,Lantriac,lantriac,la,49.98,60.35,38.78
europe_lau,Lapte,lapte,la,50.9,60.94,70.46
europe_lau,Laussonne,laussonne,la,56.28,67.07,29.27
europe_lau,Laval-sur-Doulon,laval_sur_doulon,la,38.25,64.94,92.38
europe_lau,Lavaudieu,lavaudieu,la,47.65,67.58,90.7
europe_lau,Lavoûte-Chilhac,lavoute_chilhac,la,33.03,52.68,28.48
europe_lau,Lavoûte-sur-Loire,lavoute_sur_loire,la,48.93,68.47,-18.07
europe_lau,La Chapelle-Onzerain,la_chapelle_onzerain,la,55,68.39,37.54
europe_lau,La Chapelle-Saint-Mesmin,la_chapelle_saint_mesmin,la,47.54,61.92,35.21
europe_lau,La Chapelle-Saint-Sépulcre,la_chapelle_saint_sepulcre,la,50.49,69.46,86.9
europe_lau,La Chapelle-sur-Aveyron,la_chapelle_sur_aveyron,la,57.97,74.4,73.66
europe_lau,La Cour-Marigny,la_cour_marigny,la,50.56,64.22,61.68
europe_lau,Lachapelle-en-Blaisy,lachapelle_en_blaisy,la,37.46,59.52,59.61
europe_lau,Lafauche,lafauche,la,43.47,68.92,46.16
europe_lau,Laferté-sur-Amance,laferte_sur_amance,la,46.7,63.36,90.36
europe_lau,Laferté-sur-Aube,laferte_sur_aube,la,33.36,64.39,-59.43
europe_lau,Lamancine,lamancine,la,73.64,69.08,64.48
europe_lau,Laneuvelle,laneuvelle,la,64.61,70.54,37.88
europe_lau,Laneuville-à-Rémy,laneuville_a_remy,la,50.87,69.51,65.03
europe_lau,Laneuville-au-Pont,laneuville_au_pont,la,43.62,53.79,66.71
europe_lau,Langres,langres,la,46.68,63.46,67.27
europe_lau,Lanques-sur-Rognon,lanques_sur_rognon,la,41.53,56.22,61.9
europe_lau,Lanty-sur-Aube,lanty_sur_aube,la,63.36,79.02,19.05
europe_lau,Larivière-Arnoncourt,lariviere_arnoncourt,la,38.74,46.48,59.63
europe_lau,Latrecey-Ormoy-sur-Aube,latrecey_ormoy_sur_aube,la,45.29,60.28,36.1
europe_lau,Lavernoy,lavernoy,la,52.47,75.69,65.56
europe_lau,Laville-aux-Bois,laville_aux_bois,la,50.52,62.85,55.93
europe_lau,Lavilleneuve,lavilleneuve,la,44.21,67.96,68.65
europe_lau,Lavilleneuve-au-Roi,lavilleneuve_au_roi,la,35.34,71,16.34
europe_lau,La Bénisson-Dieu,la_benisson_dieu,la,53.78,70.25,84.55
europe_lau,Labastide-du-Haut-Mont,labastide_du_haut_mont,la,61.24,65.57,50.29
europe_lau,Labastide-du-Vert,labastide_du_vert,la,51.14,69.64,15.51
europe_lau,Labastide-Marnhac,labastide_marnhac,la,40.82,63.99,41.8
europe_lau,Labathude,labathude,la,28.29,53.9,98.45
europe_lau,Laburgade,laburgade,la,49.14,66.82,82.22
europe_lau,Lacapelle-Cabanac,lacapelle_cabanac,la,64.4,74.68,65.13
europe_lau,Lacapelle-Marival,lacapelle_marival,la,59.44,65.84,30.13
europe_lau,Lacave,lacave,la,64.83,61.71,60.14
europe_lau,Lachapelle-Auzac,lachapelle_auzac,la,44.88,69.75,67
europe_lau,Ladirat,ladirat,la,36.19,63.12,89.99
europe_lau,Lagardelle,lagardelle,la,37.41,69.04,92.25
europe_lau,Lalbenque,lalbenque,la,52.52,64.21,41.41
europe_lau,Lamagdelaine,lamagdelaine,la,66.1,70.47,64.66
europe_lau,Lamothe-Cassel,lamothe_cassel,la,54.74,64.32,60.97
europe_lau,Lamothe-Fénelon,lamothe_fenelon,la,55.57,68.52,50.2
europe_lau,Lanzac,lanzac,la,46.37,62.3,78.23
europe_lau,Laramière,laramiere,la,60.05,74.82,56.07
europe_lau,Larnagol,larnagol,la,46.64,54.95,30.79
europe_lau,Larroque-Toirac,larroque_toirac,la,50.22,67.44,55.72
europe_lau,Latouille-Lentillac,latouille_lentillac,la,28.82,41.61,89.77
europe_lau,Latronquière,latronquiere,la,47.29,59.71,88.75
europe_lau,Lauresses,lauresses,la,48.81,57.79,78.7
europe_lau,Lauzès,lauzes,la,57.4,80.28,75.98
europe_lau,Laval-de-Cère,laval_de_cere,la,25.17,37.76,23.68
europe_lau,Lavercantière,lavercantiere,la,38.86,50.05,1.72
europe_lau,Lavergne,lavergne,la,39.55,58.07,77.48
europe_lau,La Roë,la_roe,la,37.31,63.46,-29.54
europe_lau,La Rouaudière,la_rouaudiere,la,57.81,78.99,31.98
europe_lau,Langau,langau,la,63.22,61.54,47.28
europe_lau,La Tour-Saint-Gelin,la_tour_saint_gelin,la,50.57,56.76,56.54
europe_lau,La Ville-aux-Dames,la_ville_aux_dames,la,56.55,76.83,92.3
europe_lau,La Réole,la_reole,la,39.1,52.5,18.24
europe_lau,La Rivière,la_riviere,la,50.79,72.2,77.02
europe_lau,La Roquille,la_roquille,la,55.19,68.97,33.29
europe_lau,La Nouaille,la_nouaille,la,48.82,61.68,85.31
europe_lau,La Pouge,la_pouge,la,37.48,49.96,46.27
europe_lau,Laufenburg,laufenburg,la,37.74,52.89,46.76
europe_lau,La Barde,la_barde,la,50.49,66.25,74.83
europe_lau,La Roque-sur-Cèze,la_roque_sur_ceze,la,61.8,67.04,67.54
europe_lau,La Rouvière,la_rouviere,la,34.91,44.62,92.43
europe_lau,La Romieu,la_romieu,la,57.3,65.14,49.61
europe_lau,Lampaul-Guimiliau,lampaul_guimiliau,la,52.72,61.09,64.48
europe_lau,Lampaul-Plouarzel,lampaul_plouarzel,la,40.33,53.23,82.43
europe_lau,Lampaul-Ploudalmézeau,lampaul_ploudalmezeau,la,38.21,70.45,88.46
europe_lau,Lanarvily,lanarvily,la,52.08,68.16,75.29
europe_lau,Landéda,landeda,la,35.66,55.83,-13.21
europe_lau,Landeleau,landeleau,la,60.24,66.52,77.17
europe_lau,Landerneau,landerneau,la,39.76,62.75,58.75
europe_lau,La Croix-Blanche,la_croix_blanche,la,62.44,70.07,38.27
europe_lau,Labastide-Castel-Amouroux,labastide_castel_amouroux,la,58.86,60.4,66.55
europe_lau,Labretonie,labretonie,la,38.58,75.91,39.7
europe_lau,Lacapelle-Biron,lacapelle_biron,la,60.61,68.82,71.66
europe_lau,Lacaussade,lacaussade,la,46.38,74.26,-1.5
europe_lau,Lacépède,lacepede,la,29.56,61.82,0.21
europe_lau,Lachapelle,lachapelle,la,51.07,67.5,21.56
europe_lau,Lafitte-sur-Lot,lafitte_sur_lot,la,56.97,61.89,66.56
europe_lau,Lafox,lafox,la,35.04,64.9,-58.21
europe_lau,Lagarrigue,lagarrigue,la,52.03,66.33,80.34
europe_lau,Lagruère,lagruere,la,58.42,78.13,30.19
europe_lau,Lagupie,lagupie,la,40.26,64.57,96.57
europe_lau,Lalandusse,lalandusse,la,48.32,67.87,46.23
europe_lau,Lamontjoie,lamontjoie,la,33.35,58.06,-33.55
europe_lau,Lannes,lannes,la,54.75,61.46,58.99
europe_lau,Laparade,laparade,la,46.06,62.81,88.35
europe_lau,Laperche,laperche,la,44.19,67.57,99.96
europe_lau,Laplume,laplume,la,40.04,54.65,42.94
europe_lau,Laroque-Timbaut,laroque_timbaut,la,38.51,55.53,21.69
europe_lau,Lasserre,lasserre,la,31.07,58.37,87.6
europe_lau,Labarthe,labarthe,la,49.25,59.12,31.43
europe_lau,Labarthète,labarthete,la,67.26,72.05,43.03
europe_lau,Labastide-Savès,labastide_saves,la,63.41,70.69,71.67
europe_lau,Labéjan,labejan,la,61.34,70.01,68.88
europe_lau,Labrihe,labrihe,la,35.28,57.94,67.45
europe_lau,Ladevèze-Rivière,ladeveze_riviere,la,50.17,73.93,58.98
europe_lau,Ladevèze-Ville,ladeveze_ville,la,42.73,59.94,79.57
europe_lau,Lagarde,lagarde,la,58.18,69.35,59.19
europe_lau,Lagarde-Hachan,lagarde_hachan,la,57.94,71.01,78.53
europe_lau,Lagardère,lagardere,la,43.14,78.1,92.88
europe_lau,Lagraulet-du-Gers,lagraulet_du_gers,la,37.85,54.32,82.21
europe_lau,Laguian-Mazous,laguian_mazous,la,39.38,46.82,23.92
europe_lau,Lahas,lahas,la,47.57,64.93,49.6
europe_lau,Lahitte,lahitte,la,69.73,76.41,39.34
europe_lau,Lalanne,lalanne,la,52.14,68.32,69.5
europe_lau,Lalanne-Arqué,lalanne_arque,la,41.35,66.55,-20.3
europe_lau,Lamaguère,lamaguere,la,30.09,69.96,-17.57
europe_lau,Lamazère,lamazere,la,59.22,76.55,38.15
europe_lau,Lamothe-Goas,lamothe_goas,la,37.28,56.65,58.69
europe_lau,Lannemaignan,lannemaignan,la,55.78,63.96,35.03
europe_lau,Lannepax,lannepax,la,38.96,46.22,43.1
europe_lau,Lanne-Soubiran,lanne_soubiran,la,31.86,48.04,18.75
europe_lau,Lannux,lannux,la,42.19,60.48,16.06
europe_lau,Larée,laree,la,49.28,59.65,78.21
europe_lau,Larressingle,larressingle,la,32,60.24,94.93
europe_lau,La Champenoise,la_champenoise,la,46.31,57.58,81.71
europe_lau,La Chapelle-Orthemale,la_chapelle_orthemale,la,53.91,67.46,86.9
europe_lau,La Chapelle-Saint-Laurian,la_chapelle_saint_laurian,la,48.59,71.12,96.8
europe_lau,La Châtre,la_chatre,la,45.11,57.28,76.56
europe_lau,La Châtre-Langlin,la_chatre_langlin,la,57.2,70.43,67.34
europe_lau,Lacs,lacs,la,34.78,59.98,55.85
europe_lau,Langé,lange,la,43.09,64.53,-11.11
europe_lau,Landévennec,landevennec,la,32.78,63.41,-14.11
europe_lau,Landivisiau,landivisiau,la,54.08,71.16,35.21
europe_lau,Landrévarzec,landrevarzec,la,35.82,57.03,96.43
europe_lau,Landudal,landudal,la,58.49,71.08,30.22
europe_lau,Landudec,landudec,la,48.71,58.54,35.91
europe_lau,Landunvez,landunvez,la,54.61,69.89,61.74
europe_lau,Langolen,langolen,la,48.99,57.42,48.37
europe_lau,Lanhouarneau,lanhouarneau,la,55.47,66.76,25.44
europe_lau,Lanildut,lanildut,la,25.31,67.06,-55.32
europe_lau,Lanmeur,lanmeur,la,55.49,69.65,85.76
europe_lau,Lannéanou,lanneanou,la,37.38,69.39,99.93
europe_lau,Lannédern,lannedern,la,63.7,71.07,65.49
europe_lau,Lanneuffret,lanneuffret,la,54.74,75.02,62.74
europe_lau,Lannilis,lannilis,la,28.96,56.89,-70.1
europe_lau,Lanrivoaré,lanrivoare,la,48.86,70.52,92.24
europe_lau,Lanvéoc,lanveoc,la,32.9,59.14,-68.88
europe_lau,Laz,laz,la,37.01,54.09,3.58
europe_lau,La Martyre,la_martyre,la,49.38,53.09,59.06
europe_lau,La Roche-Canillac,la_roche_canillac,la,36.32,63.27,16.86
europe_lau,La Vèze,la_veze,la,40.03,66.67,79.83
europe_lau,Larroque-Engalin,larroque_engalin,la,43.13,74.86,14.11
europe_lau,Larroque-Saint-Sernin,larroque_saint_sernin,la,39.93,60.82,-16.36
europe_lau,Larroque-sur-l'Osse,larroque_sur_l_osse,la,62.78,76.81,74.95
europe_lau,Lartigue,lartigue,la,45.3,54.31,39.33
europe_lau,Lasserrade,lasserrade,la,49.23,72.23,80.42
europe_lau,Lasséran,lasseran,la,53.19,71.69,63.1
europe_lau,Lasseube-Propre,lasseube_propre,la,51.28,61.49,23.12
europe_lau,Laujuzan,laujuzan,la,41.93,63.62,90.33
europe_lau,Lauraët,lauraet,la,47.42,69.48,47.3
europe_lau,Lavardens,lavardens,la,64.99,65.39,60.46
europe_lau,Laveraët,laveraet,la,68.46,76.12,49.31
europe_lau,Laymont,laymont,la,50.4,67.34,-0.09
europe_lau,Lac de la Gruyère/Greyerzersee,lac_de_la_gruyere_greyerzersee,la,8.27,27.44,70.98
europe_lau,La Salette-Fallavaux,la_salette_fallavaux,la,61.2,72.6,30.77
europe_lau,La Salle-en-Beaumont,la_salle_en_beaumont,la,60.71,72.88,30.21
europe_lau,La Sône,la_sone,la,42,68.92,42.26
europe_lau,La Terrasse,la_terrasse,la,58.21,78.08,42.45
europe_lau,La Tour-du-Pin,la_tour_du_pin,la,34.38,66.79,88.86
europe_lau,La Pesse,la_pesse,la,60.05,70.86,61.87
europe_lau,La Balme-les-Grottes,la_balme_les_grottes,la,32.99,60.64,88.31
europe_lau,La Bâtie-Montgascon,la_batie_montgascon,la,39.44,61.58,-22.84
europe_lau,La Buisse,la_buisse,la,69.02,81.55,59.85
europe_lau,La Buissière,la_buissiere,la,46.75,67.09,97.13
europe_lau,La Chapelle-de-la-Tour,la_chapelle_de_la_tour,la,39.62,48.96,62.22
europe_lau,La Chapelle-de-Surieu,la_chapelle_de_surieu,la,53.26,71.38,77.64
europe_lau,La Chapelle-du-Bard,la_chapelle_du_bard,la,31.63,64.69,63.65
europe_lau,La Répara-Auriples,la_repara_auriples,la,32.62,50.44,92.04
europe_lau,La Bâtie-des-Fonds,la_batie_des_fonds,la,51.19,73.57,31.27
europe_lau,La Bâtie-Rolland,la_batie_rolland,la,48.32,68.12,-7.83
europe_lau,La Baume-Cornillane,la_baume_cornillane,la,56.54,66.54,28.04
europe_lau,La Baume-de-Transit,la_baume_de_transit,la,47.05,60.76,57.53
europe_lau,La Baume-d'Hostun,la_baume_d_hostun,la,38.77,59.15,99.7
europe_lau,Lanmodez,lanmodez,la,47.59,68.67,91.08
europe_lau,Lannebert,lannebert,la,60.44,76.71,51.52
europe_lau,Lannion,lannion,la,39.24,49.99,25.66
europe_lau,Lanrelas,lanrelas,la,38.74,59.75,90.7
europe_lau,Lanrivain,lanrivain,la,54.5,61.95,72.14
europe_lau,Lanrodec,lanrodec,la,47.85,59.47,82.38
europe_lau,Lantic,lantic,la,49.59,53.26,56.99
europe_lau,Lanvallay,lanvallay,la,46.45,57.74,59.67
europe_lau,Lanvellec,lanvellec,la,34.49,68.21,86.94
europe_lau,Lanvollon,lanvollon,la,59.48,66.46,64.1
europe_lau,Laurenan,laurenan,la,49.65,71.24,59.82
europe_lau,La Malhoure,la_malhoure,la,47.84,58.13,85.52
europe_lau,La Méaugon,la_meaugon,la,55.96,70.06,67.9
europe_lau,La Motte,la_motte,la,40.72,67.77,0.4
europe_lau,La Tronche,la_tronche,la,30.55,48.41,99.09
europe_lau,La Valette,la_valette,la,25.93,58.92,83.7
europe_lau,"Lago di Lugano (ohne Campione, I)",lago_di_lugano_ohne_campione_i,la,15.59,18.27,53.43
europe_lau,La Verpillière,la_verpilliere,la,64.89,72.17,52.5
europe_lau,Lalden,lalden,la,21.62,57.72,-131.36
europe_lau,La Tène,la_tene,la,53.99,64.61,55.49
europe_lau,La Salvetat-sur-Agout,la_salvetat_sur_agout,la,47.55,64.55,60.65
europe_lau,La Vernarède,la_vernarede,la,56.79,62.34,55.52
europe_lau,La Sauvetat,la_sauvetat,la,67.18,72.2,65.68
europe_lau,La Chapelle,la_chapelle,la,56.8,71.41,8.48
europe_lau,Lassee,lassee,la,52.54,66.89,70.25
europe_lau,La Porta,la_porta,la,17.12,38.94,-13.88
europe_lau,La Motte-Feuilly,la_motte_feuilly,la,42.18,53.15,30.63
europe_lau,La Pérouille,la_perouille,la,40.95,49.34,77.88
europe_lau,La Vieille-Loye,la_vieille_loye,la,62.46,80.59,71.75
europe_lau,Λαζανιάς,lazanias,la,40.59,60.2,59.47
europe_lau,La Roche-Maurice,la_roche_maurice,la,42.31,51.7,26.83
europe_lau,La Rippe,la_rippe,la,27.94,69.25,21.18
europe_lau,La Bégude-de-Mazenc,la_begude_de_mazenc,la,35.03,48.39,88.22
europe_lau,La Chapelle-en-Vercors,la_chapelle_en_vercors,la,44.85,60.76,47
europe_lau,La Charce,la_charce,la,48.64,58.11,59.48
europe_lau,Lago Maggiore,lago_maggiore,la,23.64,57.04,13.45
europe_lau,Lac de Joux,lac_de_joux,la,14.06,88.55,48.63
europe_lau,Lac Léman (VD),lac_leman_vd,la,11.72,30.64,-128.45
europe_lau,Lac Léman (VS),lac_leman_vs,la,44.77,60.3,65.3
europe_lau,La Chailleuse,la_chailleuse,la,48.17,65.72,80.73
europe_lau,La Côte-aux-Fées,la_cote_aux_fees,la,56.2,71.75,26.19
europe_lau,La Tour-sur-Orb,la_tour_sur_orb,la,47.18,54.33,33.47
europe_lau,La Vacquerie-et-Saint-Martin-de-Castries,la_vacquerie_et_saint_martin_de_castries,la,45.71,66.84,76.08
europe_lau,La Grande-Motte,la_grande_motte,la,50.13,62.96,4.93
europe_lau,La Combe-de-Lancey,la_combe_de_lancey,la,22.81,55.37,65.15
europe_lau,La Côte-Saint-André,la_cote_saint_andre,la,47.59,77.57,97.21
europe_lau,La Baroche,la_baroche,la,51.09,57.4,64.65
europe_lau,La Flachère,la_flachere,la,51.11,77.87,83.52
europe_lau,La Forteresse,la_forteresse,la,46.79,74.93,7.48
europe_lau,La Frette,la_frette,la,46.86,65.79,94.6
europe_lau,La Chaudière,la_chaudiere,la,60.92,67.5,45.16
europe_lau,La Coucourde,la_coucourde,la,29.43,54.64,49.79
europe_lau,La Prénessaye,la_prenessaye,la,48.96,72.1,91.33
europe_lau,La Roche-Jaudy,la_roche_jaudy,la,42.85,58.71,75.39
europe_lau,La Barre,la_barre,la,23.63,49.73,98.72
europe_lau,La Boissière,la_boissiere,la,55.85,70.57,27.21
europe_lau,La Sauve,la_sauve,la,55.78,72,78.12
europe_lau,La Baussaine,la_baussaine,la,66.68,69.19,56.58
europe_lau,La Bazouge-du-Désert,la_bazouge_du_desert,la,67.77,71.63,54.47
europe_lau,La Bosse-de-Bretagne,la_bosse_de_bretagne,la,44.46,73.37,-19.84
europe_lau,La Bouëxière,la_bouexiere,la,58.35,61.4,49.15
europe_lau,La Boussac,la_boussac,la,58.32,69.96,79.88
europe_lau,La Tour-de-Peilz,la_tour_de_peilz,la,68.19,77.1,36.51
europe_lau,La Garde,la_garde,la,23.26,34.71,79.82
europe_lau,La Chèvrerie,la_chevrerie,la,66.01,75.33,49.44
europe_lau,La Couronne,la_couronne,la,77.81,71.75,52.89
europe_lau,La Faye,la_faye,la,59.24,66.14,29.76
europe_lau,La Forêt-de-Tessé,la_foret_de_tesse,la,68.27,71.16,61.04
europe_lau,Lachaise,lachaise,la,57.32,69.57,65.29
europe_lau,Ladiville,ladiville,la,51.45,66.45,92.04
europe_lau,Lagarde-sur-le-Né,lagarde_sur_le_ne,la,60.72,63.21,39
europe_lau,Laprade,laprade,la,56.11,68.71,72.25
europe_lau,La Teste-de-Buch,la_teste_de_buch,la,43.94,70.3,96.85
europe_lau,La Bastide-d'Engras,la_bastide_d_engras,la,42.65,63.07,63.33
europe_lau,Laignelet,laignelet,la,34.5,50.33,-10.57
europe_lau,Laillé,laille,la,46.45,60.36,81.45
europe_lau,Lalleu,lalleu,la,54.97,62.53,59.76
europe_lau,Landavran,landavran,la,41.24,62.13,39.3
europe_lau,Landéan,landean,la,37.44,43.94,45.26
europe_lau,Landujan,landujan,la,50.64,74.54,65.65
europe_lau,Langan,langan,la,31.11,56.18,60.48
europe_lau,Langon,langon,la,54.12,58.94,61.17
europe_lau,Langouet,langouet,la,39.53,59.82,-4.75
europe_lau,Lanrigan,lanrigan,la,44.09,70.3,32.15
europe_lau,Lassy,lassy,la,47.59,69.62,-6.62
europe_lau,La Vernelle,la_vernelle,la,54.03,70.52,26.41
europe_lau,La Salvetat-Saint-Gilles,la_salvetat_saint_gilles,la,38.97,59.79,-28.91
europe_lau,La Salvetat-Lauragais,la_salvetat_lauragais,la,58.58,84.52,56.97
europe_lau,La Garde-Adhémar,la_garde_adhemar,la,66.08,72.38,33.39
europe_lau,Laborel,laborel,la,53.3,70.73,7.33
europe_lau,Lachau,lachau,la,66.44,69.71,64.09
europe_lau,Lapeyrouse-Mornay,lapeyrouse_mornay,la,43.97,66.46,-2.33
europe_lau,Larnage,larnage,la,33.5,71.32,88.19
europe_lau,La Laupie,la_laupie,la,26.76,49.13,92.01
europe_lau,Laval-d'Aix,laval_d_aix,la,23.83,48.49,91.97
europe_lau,Laveyron,laveyron,la,19.26,37.68,97.31
europe_lau,La Mézière,la_meziere,la,51.48,68.05,83.79
europe_lau,La Noë-Blanche,la_noe_blanche,la,60.03,64.1,43.21
europe_lau,La Nouaye,la_nouaye,la,66.12,74.78,46.01
europe_lau,La Bretenière,la_breteniere,la,64.81,73.66,35.06
europe_lau,La Chapelle-sur-Furieuse,la_chapelle_sur_furieuse,la,37.91,58.69,88.35
europe_lau,La Charme,la_charme,la,46.95,59.35,18.08
europe_lau,La Chapelle-aux-Filtzméens,la_chapelle_aux_filtzmeens,la,36.22,60.3,-28.31
europe_lau,La Chapelle-Bouëxic,la_chapelle_bouexic,la,35.81,64.74,88.51
europe_lau,La Chapelle-Chaussée,la_chapelle_chaussee,la,43.54,60.94,23.55
europe_lau,La Chapelle-des-Fougeretz,la_chapelle_des_fougeretz,la,49.91,63.95,54.63
europe_lau,La Chapelle du Lou du Lac,la_chapelle_du_lou_du_lac,la,52.12,60.54,81.83
europe_lau,La Chapelle-Erbrée,la_chapelle_erbree,la,41.62,55.37,14.55
europe_lau,La Chapelle-Janson,la_chapelle_janson,la,62.79,65.27,53.76
europe_lau,La Chapelle-Saint-Aubert,la_chapelle_saint_aubert,la,45.57,66.46,48.25
europe_lau,La Chapelle-de-Brain,la_chapelle_de_brain,la,46.45,66.46,33.44
europe_lau,La Chapelle-Thouarault,la_chapelle_thouarault,la,39.56,73.24,17.34
europe_lau,Lax,lax,la,29.13,54.52,74.1
europe_lau,Laffrey,laffrey,la,45.57,56.19,26.8
europe_lau,Lalley,lalley,la,56.62,70.01,67.77
europe_lau,Lans-en-Vercors,lans_en_vercors,la,52.45,74.19,77.98
europe_lau,Laval-en-Belledonne,laval_en_belledonne,la,30.09,57.2,-20.45
europe_lau,Lavaldens,lavaldens,la,52.4,66.09,83.17
europe_lau,Lavars,lavars,la,41.37,64.81,92.37
europe_lau,Lac de Neuchâtel (BE),lac_de_neuchatel_be,la,26.09,67.56,97.67
europe_lau,Lac de Neuchâtel (FR),lac_de_neuchatel_fr,la,28.13,88.42,54.23
europe_lau,Lac de Neuchâtel (VD),lac_de_neuchatel_vd,la,31.32,55.08,38.23
europe_lau,La Sarraz,la_sarraz,la,37.17,48.91,38.02
europe_lau,La Chassagne,la_chassagne,la,58.2,72.39,42.45
europe_lau,La Châtelaine,la_chatelaine,la,39.13,57.98,95.13
europe_lau,La Chaumusse,la_chaumusse,la,46.52,79.27,78.51
europe_lau,La Chaux-du-Dombief,la_chaux_du_dombief,la,28.55,50.58,75.41
europe_lau,La Chaux-en-Bresse,la_chaux_en_bresse,la,58.11,73.59,70.85
europe_lau,Λατσιά ή Λακκιά,latsia_e_lakkia,la,48.82,72.23,92.64
europe_lau,La Boissière,la_boissiere,la,43.36,63.81,99.89
europe_lau,La Couyère,la_couyere,la,36.07,56.3,13.63
europe_lau,La Dominelais,la_dominelais,la,42.47,52.35,49.14
europe_lau,La Fresnais,la_fresnais,la,48.69,62.62,69.21
europe_lau,La Gouesnière,la_gouesniere,la,43.36,59.87,46.09
europe_lau,La Guerche-de-Bretagne,la_guerche_de_bretagne,la,36.51,62.07,-28.22
europe_lau,La Morte,la_morte,la,42.54,67.67,38.12
europe_lau,La Motte-d'Aveillans,la_motte_d_aveillans,la,23.66,50.03,88.79
europe_lau,La Motte-Saint-Martin,la_motte_saint_martin,la,24.12,46.06,84.94
europe_lau,La Mure,la_mure,la,29.21,50.34,97.9
europe_lau,La Murette,la_murette,la,53.09,59.35,70.69
europe_lau,Lac de Neuchâtel (NE),lac_de_neuchatel_ne,la,16.16,51.38,32.37
europe_lau,La Vicomté-sur-Rance,la_vicomte_sur_rance,la,54.06,71.22,17.2
europe_lau,La Magdeleine,la_magdeleine,la,54.48,71.83,55.77
europe_lau,La Caunette,la_caunette,la,65.84,71.16,79.68
europe_lau,La Bruguière,la_bruguiere,la,60.32,68.87,75.12
europe_lau,La Cadière-et-Cambo,la_cadiere_et_cambo,la,41.85,59.14,93.28
europe_lau,La Calmette,la_calmette,la,29.13,61.54,88.46
europe_lau,La Capelle-et-Masmolène,la_capelle_et_masmolene,la,48.86,62.8,81.03
europe_lau,La Celle-Guenand,la_celle_guenand,la,46.23,65.23,16.19
europe_lau,La Celle-Saint-Avant,la_celle_saint_avant,la,49,64.01,39.16
europe_lau,La Chapelle-aux-Naux,la_chapelle_aux_naux,la,41.52,69.36,-19.55
europe_lau,La Chapelle-Blanche-Saint-Martin,la_chapelle_blanche_saint_martin,la,60.09,71.18,66.25
europe_lau,La Chapelle-sur-Loire,la_chapelle_sur_loire,la,25.85,68.48,-53.89
europe_lau,La Croix-en-Touraine,la_croix_en_touraine,la,53.05,78.25,55.02
europe_lau,La Chaux-des-Breuleux,la_chaux_des_breuleux,la,54.72,71.69,61.02
europe_lau,La Ferrière,la_ferriere,la,63.55,71.07,70.15
europe_lau,La Guerche,la_guerche,la,25.09,70.76,82.22
europe_lau,La Rixouse,la_rixouse,la,58.05,83.88,72.1
europe_lau,Larra,larra,la,54.5,58.25,49.77
europe_lau,La Bussière-sur-Ouche,la_bussiere_sur_ouche,la,39.74,57.46,78.2
europe_lau,La Motte-Chalancon,la_motte_chalancon,la,43.44,60.27,89.79
europe_lau,La Motte-de-Galaure,la_motte_de_galaure,la,51.47,59.9,47.96
europe_lau,La Motte-Fanjas,la_motte_fanjas,la,59.63,70.42,64.49
europe_lau,La Penne-sur-l'Ouvèze,la_penne_sur_l_ouveze,la,34.14,79.27,91.67
europe_lau,La Richardais,la_richardais,la,50.65,70.94,65.3
europe_lau,Laconnex,laconnex,la,61.23,68.77,60.28
europe_lau,Lancy,lancy,la,30.91,57.18,80.61
europe_lau,La Tour-du-Meix,la_tour_du_meix,la,48.18,56.87,72.58
europe_lau,La Pierre,la_pierre,la,56.7,78.34,51.59
europe_lau,La Rivière,la_riviere,la,53.1,76.64,74.95
europe_lau,La Roche-de-Glun,la_roche_de_glun,la,28.52,51.15,96.58
europe_lau,La Roche-sur-Grane,la_roche_sur_grane,la,57.03,68.8,50.25
europe_lau,La Roche-sur-le-Buis,la_roche_sur_le_buis,la,48.35,71.13,20.52
europe_lau,La Rochette-du-Buis,la_rochette_du_buis,la,55.18,73.97,38.81
europe_lau,Lavertezzo,lavertezzo,la,38.61,87.23,-14.54
europe_lau,La Brionne,la_brionne,la,55.26,72.23,77.21
europe_lau,La Celle-Dunoise,la_celle_dunoise,la,34.52,56.63,55.41
europe_lau,La Celle-sous-Gouzon,la_celle_sous_gouzon,la,66.82,77.82,50.84
europe_lau,La Cellette,la_cellette,la,56.11,72.35,84.88
europe_lau,La Chapelle-Baloue,la_chapelle_baloue,la,56.38,60.53,73.49
europe_lau,La Chapelle-Saint-Martial,la_chapelle_saint_martial,la,52.31,56.28,46.27
europe_lau,La Chapelle-Taillefert,la_chapelle_taillefert,la,29.49,51.69,96.22
europe_lau,La Chaussade,la_chaussade,la,32.69,48.24,57.2
europe_lau,La Favière,la_faviere,la,41.59,65.72,84.52
europe_lau,La Ferté,la_ferte,la,44.3,66.57,89.16
europe_lau,La Frasnée,la_frasnee,la,32,61.72,90.57
europe_lau,La Grande Béroche,la_grande_beroche,la,47.15,54.3,51.93
europe_lau,La Chaux-de-Fonds,la_chaux_de_fonds,la,42.59,60.61,74.89
europe_lau,La Sagne,la_sagne,la,44.82,78.04,64.63
europe_lau,La Saucelle,la_saucelle,la,70.67,77.61,60.8
europe_lau,Labarde,labarde,la,47.71,74.65,69.87
europe_lau,Labescau,labescau,la,41.7,50.65,37.48
europe_lau,La Brède,la_brede,la,39.45,61.87,-28.06
europe_lau,Lacanau,lacanau,la,57,72.16,52.45
europe_lau,Ladaux,ladaux,la,66.5,77.41,55.95
europe_lau,Lados,lados,la,33.35,63.46,6.76
europe_lau,Lagorce,lagorce,la,42.45,52.78,48.58
europe_lau,La Lande-de-Fronsac,la_lande_de_fronsac,la,61.1,70.8,37.12
europe_lau,Lamarque,lamarque,la,45.22,80.59,-4.72
europe_lau,Lamothe-Landerron,lamothe_landerron,la,51.13,64.11,56.87
europe_lau,Lalande-de-Pomerol,lalande_de_pomerol,la,46.53,68.78,11.72
europe_lau,Landerrouat,landerrouat,la,59.92,62.15,36.14
europe_lau,Landerrouet-sur-Ségur,landerrouet_sur_segur,la,20.4,52.51,96.76
europe_lau,Landiras,landiras,la,46.74,56.99,54.47
europe_lau,Langoiran,langoiran,la,39.86,65.1,18.3
europe_lau,Langon,langon,la,44.98,62.87,64.57
europe_lau,Lansac,lansac,la,54.21,58.88,49.5
europe_lau,Lanton,lanton,la,39.49,57.73,66.57
europe_lau,Lapouyade,lapouyade,la,40.54,55.67,91.24
europe_lau,Laroque,laroque,la,40.25,54.4,-1.55
europe_lau,Lartigue,lartigue,la,43.84,64.63,27.05
europe_lau,Laruscade,laruscade,la,45.84,65.96,94.36
europe_lau,Latresne,latresne,la,53.45,64.45,32.05
europe_lau,Lavazan,lavazan,la,42.67,61.92,95.3
europe_lau,La Courtine,la_courtine,la,46.54,72.55,80.9
europe_lau,La Rochefoucauld-en-Angoumois,la_rochefoucauld_en_angoumois,la,39.33,63.4,2.73
europe_lau,La Rochette,la_rochette,la,52.65,61.55,66.97
europe_lau,La Tâche,la_tache,la,44.41,61.64,32.12
europe_lau,Lacoste,lacoste,la,37.05,61.85,43.53
europe_lau,Lagamas,lagamas,la,60.89,80.56,41.18
europe_lau,Lamalou-les-Bains,lamalou_les_bains,la,46.87,69.68,35.69
europe_lau,Lansargues,lansargues,la,41.75,68.25,86.82
europe_lau,Laroque,laroque,la,50.63,70.79,15.33
europe_lau,Lattes,lattes,la,51.9,64.04,28.97
europe_lau,Laurens,laurens,la,64.71,64.93,48
europe_lau,Lauret,lauret,la,64.67,73.94,22.06
europe_lau,Lauroux,lauroux,la,44.92,64.68,87.68
europe_lau,Lavalette,lavalette,la,41.09,55.01,89.46
europe_lau,Lavérune,laverune,la,53.92,69.46,86.4
europe_lau,La Brévine,la_brevine,la,28.04,70.11,-64.79
europe_lau,La Livinière,la_liviniere,la,25.01,57.37,96.31
europe_lau,La Grand-Combe,la_grand_combe,la,41.64,67.13,88.58
europe_lau,Lamelouze,lamelouze,la,45.38,66,81.79
europe_lau,Langlade,langlade,la,46.83,53.56,38.43
europe_lau,Lanuéjols,lanuejols,la,59.02,64.08,60.29
europe_lau,Lasalle,lasalle,la,39.66,49.04,49.07
europe_lau,Laudun-l'Ardoise,laudun_l_ardoise,la,48.83,68.82,5.13
europe_lau,Laval-Pradel,laval_pradel,la,43.75,64.59,99.91
europe_lau,Laval-Saint-Roman,laval_saint_roman,la,47.58,66.42,58.99
europe_lau,Labarthe-Inard,labarthe_inard,la,53.07,69.04,22.11
europe_lau,Labarthe-Rivière,labarthe_riviere,la,39.2,54.97,86.11
europe_lau,Labarthe-sur-Lèze,labarthe_sur_leze,la,48.72,61.13,90.13
europe_lau,Labastide-Beauvoir,labastide_beauvoir,la,57.42,75.13,77.96
europe_lau,Labastide-Clermont,labastide_clermont,la,42.22,66.55,3.27
europe_lau,Labastide-Paumès,labastide_paumes,la,38.25,58.52,-25.08
europe_lau,Labastide-Saint-Sernin,labastide_saint_sernin,la,50.9,52.96,48.03
europe_lau,Labastidette,labastidette,la,54.35,65.76,47.39
europe_lau,Labège,labege,la,44.81,69.98,50.99
europe_lau,Labroquère,labroquere,la,40.82,61.22,-16.31
europe_lau,Labruyère-Dorsa,labruyere_dorsa,la,55.33,72.99,78.66
europe_lau,Lacaugne,lacaugne,la,53.79,66.48,53.69
europe_lau,Lacroix-Falgarde,lacroix_falgarde,la,33.05,60.26,-34.47
europe_lau,Laffite-Toupière,laffite_toupiere,la,35.84,46.87,60.04
europe_lau,Langeais,langeais,la,53.6,59.99,38.94
europe_lau,Larçay,larcay,la,39.15,66.96,92.52
europe_lau,Lajoux (JU),lajoux_ju,la,51.77,71.99,8.86
europe_lau,La Membrolle-sur-Choisille,la_membrolle_sur_choisille,la,50.79,67.67,63.82
europe_lau,La Riche,la_riche,la,39.15,78.53,6.26
europe_lau,La Roche-Clermault,la_roche_clermault,la,34.84,54.06,89.59
europe_lau,La Praz,la_praz,la,47.42,75.53,22.54
europe_lau,Lama,lama,la,49.07,59.87,23.96
europe_lau,Lano,lano,la,39.26,44.15,54.33
europe_lau,Lavatoggio,lavatoggio,la,53.15,71.59,53.28
europe_lau,La Chaume,la_chaume,la,59.29,67.7,37.59
europe_lau,La Selle-en-Luitré,la_selle_en_luitre,la,37.71,53.55,18.27
europe_lau,La Selle-Guerchaise,la_selle_guerchaise,la,55.59,69.62,70.42
europe_lau,La Ville-ès-Nonais,la_ville_es_nonais,la,46.31,57.65,67.63
europe_lau,La Berthenoux,la_berthenoux,la,52.4,71.23,93.06
europe_lau,La Buxerette,la_buxerette,la,53.24,68.25,53.72
europe_lau,Lac-des-Rouges-Truites,lac_des_rouges_truites,la,50.55,77.81,60.76
europe_lau,Ladoye-sur-Seille,ladoye_sur_seille,la,51.01,66.61,82.7
europe_lau,Lajoux,lajoux,la,23.42,58.82,70.06
europe_lau,Lamoura,lamoura,la,27.89,55.83,13.15
europe_lau,Largillay-Marsonnay,largillay_marsonnay,la,53.33,73.94,40.18
europe_lau,Larnaud,larnaud,la,47.28,57.88,75.82
europe_lau,Larrivoire,larrivoire,la,56.84,69.49,28.09
europe_lau,La Latette,la_latette,la,55.61,68.36,31.06
europe_lau,Lavancia-Epercy,lavancia_epercy,la,38.61,57.51,40.47
europe_lau,Lavangeot,lavangeot,la,45.29,78.72,35.44
europe_lau,Lavans-lès-Dole,lavans_les_dole,la,29.95,44.25,36.34
europe_lau,Lavans-lès-Saint-Claude,lavans_les_saint_claude,la,46.05,55.7,56.88
europe_lau,Lavigny,lavigny,la,58.7,80.32,27.3
europe_lau,Labastide-Chalosse,labastide_chalosse,la,28.41,53.04,62.53
europe_lau,Labastide-d'Armagnac,labastide_d_armagnac,la,34.66,45.87,18.71
europe_lau,Labatut,labatut,la,36.88,54.76,-18.82
europe_lau,Labenne,labenne,la,50.15,66.27,11.47
europe_lau,Labouheyre,labouheyre,la,38.26,67.08,89.51
europe_lau,Labrit,labrit,la,33.74,53.94,49.13
europe_lau,Lacajunte,lacajunte,la,63.46,76.89,42.5
europe_lau,Lacquy,lacquy,la,53.9,72.75,32.62
europe_lau,Lacrabe,lacrabe,la,30.42,60.46,40.39
europe_lau,Laglorieuse,laglorieuse,la,44.02,65.41,11.1
europe_lau,Lagrange,lagrange,la,38.21,56.39,-1.18
europe_lau,Lahosse,lahosse,la,56.24,69,12.28
europe_lau,Laluque,laluque,la,54.04,74.31,3.93
europe_lau,Lamothe,lamothe,la,47.18,62.69,8.04
europe_lau,Larbey,larbey,la,46.39,56,32.89
europe_lau,Larrivière-Saint-Savin,larriviere_saint_savin,la,35.87,55.32,78.3
europe_lau,Latrille,latrille,la,27.53,49.59,89.33
europe_lau,Laurède,laurede,la,46.81,69.29,88.3
europe_lau,Lauret,lauret,la,48.74,65.16,3.7
europe_lau,Laas,laas,la,59.58,65.16,33.59
europe_lau,La Sure en Chartreuse,la_sure_en_chartreuse,la,48.77,62.39,75.66
europe_lau,La Touche,la_touche,la,25.22,55,80.27
europe_lau,La Forêt-du-Temple,la_foret_du_temple,la,60.71,65.03,71.84
europe_lau,Ladapeyre,ladapeyre,la,49.51,58.58,70.52
europe_lau,Lafat,lafat,la,50.02,70.64,5.15
europe_lau,Lavaufranche,lavaufranche,la,51.88,69.68,88.61
europe_lau,Lavaveix-les-Mines,lavaveix_les_mines,la,62.15,76.5,66.05
europe_lau,La Mazière-aux-Bons-Hommes,la_maziere_aux_bons_hommes,la,31.34,54.57,92.39
europe_lau,La Loye,la_loye,la,55.28,64.45,55.96
europe_lau,La Marre,la_marre,la,39.97,56.61,69.68
europe_lau,La Chaux-du-Milieu,la_chaux_du_milieu,la,33.89,67.83,42.56
europe_lau,La Feuillée,la_feuillee,la,43.01,63.82,24.52
europe_lau,La Forest-Landerneau,la_forest_landerneau,la,49.14,65.8,7.22
europe_lau,La Forêt-Fouesnant,la_foret_fouesnant,la,59.62,74.23,64.34
europe_lau,Lafitte-Vigordane,lafitte_vigordane,la,71.95,85.94,43.05
europe_lau,Lagarde,lagarde,la,54.81,66.23,15.41
europe_lau,Lagardelle-sur-Lèze,lagardelle_sur_leze,la,49.11,67.52,96.01
europe_lau,Lagrâce-Dieu,lagrace_dieu,la,24.81,63.88,45.77
europe_lau,Lagraulet-Saint-Nicolas,lagraulet_saint_nicolas,la,48.5,77.5,63.38
europe_lau,Lahage,lahage,la,25.96,65.63,-78.06
europe_lau,Lahitère,lahitere,la,35.32,71.6,85.42
europe_lau,Lalouret-Laffiteau,lalouret_laffiteau,la,52.38,62.38,27.72
europe_lau,Lamasquère,lamasquere,la,44.39,81.03,-4.62
europe_lau,Landorthe,landorthe,la,54.6,62.37,28.8
europe_lau,Lanta,lanta,la,55.6,62.77,67.53
europe_lau,Lapeyrère,lapeyrere,la,61.09,70.53,64.62
europe_lau,Lapeyrouse-Fossat,lapeyrouse_fossat,la,50.44,68.08,88.15
europe_lau,Larcan,larcan,la,51.7,69.36,11.98
europe_lau,Laréole,lareole,la,36.38,65.22,-33.1
europe_lau,Larroque,larroque,la,57.84,66.94,59.33
europe_lau,Lasserre-Pradère,lasserre_pradere,la,35.55,68.17,3.95
europe_lau,Latoue,latoue,la,67.57,79.64,38.51
europe_lau,Latour,latour,la,51.5,59.88,24.85
europe_lau,Latrape,latrape,la,56.48,68.37,46.38
europe_lau,Launac,launac,la,40.06,60.15,-11.67
europe_lau,Launaguet,launaguet,la,54.83,62.5,79.08
europe_lau,Lautignac,lautignac,la,51.32,61.66,62.3
europe_lau,Lauzerville,lauzerville,la,59.05,77.09,20.77
europe_lau,Lavalette,lavalette,la,46.5,60.7,81.21
europe_lau,Lavelanet-de-Comminges,lavelanet_de_comminges,la,61.6,77.53,66.51
europe_lau,Lavernose-Lacasse,lavernose_lacasse,la,54.54,68.35,58.54
europe_lau,Layrac-sur-Tarn,layrac_sur_tarn,la,39.98,70.18,42.08
europe_lau,La Magdelaine-sur-Tarn,la_magdelaine_sur_tarn,la,51.5,80.5,26.49
europe_lau,La Croix-aux-Mines,la_croix_aux_mines,la,47.52,67.2,50.85
europe_lau,La Neuville-lès-Bray,la_neuville_les_bray,la,42.17,62.48,95.4
europe_lau,La Neuville-Sire-Bernard,la_neuville_sire_bernard,la,50.4,75.73,84.82
europe_lau,La Mulatière,la_mulatiere,la,22.11,43.82,85.28
europe_lau,La Hallotière,la_hallotiere,la,61.61,67.73,51.01
europe_lau,La Haye,la_haye,la,33.87,66.85,-36.17
europe_lau,La Houssaye-Béranger,la_houssaye_beranger,la,56.91,63.81,64.71
europe_lau,Lamberville,lamberville,la,30.94,66.42,-19.5
europe_lau,Lammerville,lammerville,la,54.15,62.98,67.28
europe_lau,Landes-Vieilles-et-Neuves,landes_vieilles_et_neuves,la,41.22,46.39,43.22
europe_lau,Lanquetot,lanquetot,la,30.66,48.72,75.66
europe_lau,La Londe,la_londe,la,36.26,54.14,-7.37
europe_lau,La Grande-Fosse,la_grande_fosse,la,51.84,75.67,-8.98
europe_lau,La Haye,la_haye,la,35.87,56.75,17.68
europe_lau,La Houssière,la_houssiere,la,31.35,41.76,64.54
europe_lau,La Ferté-Loupière,la_ferte_loupiere,la,54.66,65.4,44.97
europe_lau,La Tour-d'Aigues,la_tour_d_aigues,la,34.31,58.52,58.49
europe_lau,La Barre-de-Monts,la_barre_de_monts,la,30.77,54.04,-11.5
europe_lau,La Bernardière,la_bernardiere,la,56.2,68.01,79.37
europe_lau,La Boissière-de-Montaigu,la_boissiere_de_montaigu,la,52.56,66.28,75.84
europe_lau,La Boissière-des-Landes,la_boissiere_des_landes,la,41.17,45.11,61.4
europe_lau,La Bretonnière-la-Claye,la_bretonniere_la_claye,la,58.7,63.2,62.49
europe_lau,La Bruffière,la_bruffiere,la,46.15,67.42,32.03
europe_lau,La Caillère-Saint-Hilaire,la_caillere_saint_hilaire,la,55.57,63.57,43.76
europe_lau,La Boissière-en-Gâtine,la_boissiere_en_gatine,la,57.29,68.24,82.41
europe_lau,La Crèche,la_creche,la,45.88,58.79,75.32
europe_lau,Lážovice,lazovice,la,54.87,65.92,53.73
europe_lau,La Motte-Saint-Jean,la_motte_saint_jean,la,41.69,55.99,82.72
europe_lau,Lamarche,lamarche,la,56.67,67.83,45.65
europe_lau,Landaville,landaville,la,57.49,66.39,31.13
europe_lau,Langley,langley,la,37.72,63.46,2.67
europe_lau,Laval-sur-Vologne,laval_sur_vologne,la,44.24,55.01,54.96
europe_lau,Laveline-devant-Bruyères,laveline_devant_bruyeres,la,52.69,66.54,79.81
europe_lau,Laveline-du-Houx,laveline_du_houx,la,63.48,70.75,57.11
europe_lau,Laxenburg,laxenburg,la,60.1,70.62,72.24
europe_lau,La Désirade,la_desirade,la,19.87,74.59,-2.01
europe_lau,Lamentin,lamentin,la,26.91,52.53,45.69
europe_lau,La Chapelle-Bâton,la_chapelle_baton,la,38.2,59.1,97.27
europe_lau,La Chapelle-Bertrand,la_chapelle_bertrand,la,58.53,64.52,65.51
europe_lau,La Chapelle-Pouilloux,la_chapelle_pouilloux,la,46.13,61.32,68.54
europe_lau,La Chapelle-Saint-Laurent,la_chapelle_saint_laurent,la,60.46,73.95,55
europe_lau,La Ferrière-en-Parthenay,la_ferriere_en_parthenay,la,52.85,65.68,69.69
europe_lau,La Forêt-sur-Sèvre,la_foret_sur_sevre,la,32.65,52.91,97.95
europe_lau,Ladendorf,ladendorf,la,57.92,70.24,45.14
europe_lau,La Bastide,la_bastide,la,47.47,74.46,97.29
europe_lau,La Cabanasse,la_cabanasse,la,21.74,43.21,5.77
europe_lau,La Puye,la_puye,la,52.67,71.86,97.08
europe_lau,La Roche-Posay,la_roche_posay,la,53.03,66.82,61.19
europe_lau,La Trimouille,la_trimouille,la,44.19,60.1,79.6
europe_lau,La Villedieu-du-Clain,la_villedieu_du_clain,la,32.33,44.3,45.27
europe_lau,La Tombe,la_tombe,la,65.77,80.12,57.74
europe_lau,La Trétoire,la_tretoire,la,41.87,62.71,20.59
europe_lau,La Sauzière-Saint-Jean,la_sauziere_saint_jean,la,37.57,54.22,90.91
europe_lau,La Ferté-Alais,la_ferte_alais,la,46.22,63.46,-9.22
europe_lau,La Forêt-le-Roi,la_foret_le_roi,la,52.75,72.49,31.69
europe_lau,La Forêt-Sainte-Croix,la_foret_sainte_croix,la,53.18,62.59,57.88
europe_lau,Lardy,lardy,la,29.68,59.01,0.24
europe_lau,Láz,laz,la,50.01,67.2,49.41
europe_lau,La Norville,la_norville,la,44.47,70.3,2.26
europe_lau,La Tour-de-Salvagny,la_tour_de_salvagny,la,41.97,65.31,88.78
europe_lau,La Neuville-Chant-d'Oisel,la_neuville_chant_d_oisel,la,62.26,69.61,62.11
europe_lau,La Chaussée-Tirancourt,la_chaussee_tirancourt,la,49.19,64.39,59.28
europe_lau,La Chavatte,la_chavatte,la,58.38,68.74,48.99
europe_lau,Lailly,lailly,la,59.77,73.9,47.14
europe_lau,Lain,lain,la,54.67,71.08,81.68
europe_lau,Lainsecq,lainsecq,la,67.83,81.02,61.45
europe_lau,Lalande,lalande,la,37,63.79,-44.44
europe_lau,Laroche-Saint-Cydroine,laroche_saint_cydroine,la,44.39,71.47,-14.89
europe_lau,Lasson,lasson,la,36.28,73.21,99.09
europe_lau,Lavau,lavau,la,49.03,66.98,50.09
europe_lau,La Vernaz,la_vernaz,la,55.59,69.64,85.64
europe_lau,La Petite-Verrière,la_petite_verriere,la,49.55,67.05,90.73
europe_lau,La Racineuse,la_racineuse,la,51.51,68.19,51.69
europe_lau,La Roche-Vineuse,la_roche_vineuse,la,33.15,55.53,-3.44
europe_lau,La Neuveville-devant-Lépanges,la_neuveville_devant_lepanges,la,53.78,59.6,31.55
europe_lau,La Neuveville-sous-Châtenois,la_neuveville_sous_chatenois,la,47.61,68.94,89.27
europe_lau,La Neuveville-sous-Montfort,la_neuveville_sous_montfort,la,55.76,75.72,74.59
europe_lau,La Petite-Fosse,la_petite_fosse,la,46.62,59.91,74.47
europe_lau,La Petite-Raon,la_petite_raon,la,47.99,63.93,83.67
europe_lau,La Trinité,la_trinite,la,22.76,42.72,-16.75
europe_lau,La Vaivre,la_vaivre,la,53.48,72.82,80.51
europe_lau,La Vergenne,la_vergenne,la,58.42,72.98,51.05
europe_lau,La Vernotte,la_vernotte,la,41.51,63.82,98.11
europe_lau,La Villedieu-en-Fontenette,la_villedieu_en_fontenette,la,40.38,67.29,97.24
europe_lau,La Villeneuve-Bellenoye-et-la-Maize,la_villeneuve_bellenoye_et_la_maize,la,20.02,32.68,95.36
europe_lau,La Voivre,la_voivre,la,44.61,57.25,50.53
europe_lau,Lamanère,lamanere,la,54.95,65.25,47.1
europe_lau,Lansac,lansac,la,69.61,76.31,68.72
europe_lau,Laroque-des-Albères,laroque_des_alberes,la,29.18,63.85,79.94
europe_lau,Latour-Bas-Elne,latour_bas_elne,la,44.74,71.88,38.37
europe_lau,Latour-de-Carol,latour_de_carol,la,40.41,61.17,74.28
europe_lau,Latour-de-France,latour_de_france,la,52.19,68.62,66.94
europe_lau,La Llagonne,la_llagonne,la,23.36,45.38,-25.85
europe_lau,La Plaine-des-Palmistes,la_plaine_des_palmistes,la,44.22,65.72,22.48
europe_lau,La Possession,la_possession,la,28.71,56.09,88.62
europe_lau,La Bazeuge,la_bazeuge,la,52.98,68.23,78.15
europe_lau,La Chapelle-Montbrandeix,la_chapelle_montbrandeix,la,58.89,69.13,76.89
europe_lau,La Croisille-sur-Briance,la_croisille_sur_briance,la,55.6,73.03,80.17
europe_lau,La Croix-sur-Gartempe,la_croix_sur_gartempe,la,46.67,63.36,0.54
europe_lau,La Geneytouse,la_geneytouse,la,39.02,48.44,39.23
europe_lau,La Boissière-École,la_boissiere_ecole,la,40.34,61.63,-15.09
europe_lau,La Barre,la_barre,la,30.63,50.06,40.72
europe_lau,La Basse-Vaivre,la_basse_vaivre,la,23.45,44.64,-62.73
europe_lau,Labarthe,labarthe,la,43.61,59.1,61.51
europe_lau,Labastide-de-Penne,labastide_de_penne,la,61.8,65.92,68.64
europe_lau,Labastide-Saint-Pierre,labastide_saint_pierre,la,52.3,58.91,65.69
europe_lau,Labastide-du-Temple,labastide_du_temple,la,43.58,55.2,88.2
europe_lau,Labourgade,labourgade,la,44.13,61.64,12.3
europe_lau,Lacapelle-Livron,lacapelle_livron,la,32.89,57.32,-16.66
europe_lau,Lachapelle,lachapelle,la,39.82,59.14,25.21
europe_lau,Lacour,lacour,la,47.1,58.38,27.43
europe_lau,Lacourt-Saint-Pierre,lacourt_saint_pierre,la,33.35,43.12,46.19
europe_lau,Lafitte,lafitte,la,47.13,64.74,58.83
europe_lau,Lafrançaise,lafrancaise,la,58.87,74.15,57.14
europe_lau,Laguépie,laguepie,la,47.48,62.69,18.09
europe_lau,Lamagistère,lamagistere,la,33.57,70.61,-18.07
europe_lau,Lamothe-Capdeville,lamothe_capdeville,la,37.3,60.87,43.08
europe_lau,Lamothe-Cumont,lamothe_cumont,la,49.76,65.17,68.79
europe_lau,Lapenche,lapenche,la,50.51,63.15,71
europe_lau,Larrazet,larrazet,la,50.09,64.81,63.36
europe_lau,Lauzerte,lauzerte,la,32.33,53.76,43.72
europe_lau,Lavaurette,lavaurette,la,50.73,57.53,62.47
europe_lau,La Ville-Dieu-du-Temple,la_ville_dieu_du_temple,la,44.78,63.66,18.38
europe_lau,Lavit,lavit,la,45.53,64.35,66.3
europe_lau,La Faloise,la_faloise,la,52.75,68.08,10.02
europe_lau,La Postolle,la_postolle,la,49.46,67.1,40.77
europe_lau,La Cadière-d'Azur,la_cadiere_d_azur,la,41.52,56.62,71.8
europe_lau,La Celle,la_celle,la,44.2,64.59,3.54
europe_lau,La Bellière,la_belliere,la,50.62,68.82,67.14
europe_lau,La Bouille,la_bouille,la,39.09,58.87,27.76
europe_lau,La Courneuve,la_courneuve,la,58.5,66.56,66.54
europe_lau,La Salle,la_salle,la,32.37,71.44,-84.69
europe_lau,La Crau,la_crau,la,26.67,50.17,93.73
europe_lau,La Croix-Valmer,la_croix_valmer,la,25.45,45.4,23.71
europe_lau,La Farlède,la_farlede,la,38.33,66.41,-10.2
europe_lau,La Garde,la_garde,la,39.97,49.48,46.21
europe_lau,La Garde-Freinet,la_garde_freinet,la,41.22,58.14,60.98
europe_lau,La Londe-les-Maures,la_londe_les_maures,la,50.95,56.11,39.47
europe_lau,La Martre,la_martre,la,31.49,58.37,-52.7
europe_lau,La Môle,la_mole,la,43.91,61.32,97.53
europe_lau,La Motte,la_motte,la,56.68,67.81,49.76
europe_lau,La Celle-les-Bordes,la_celle_les_bordes,la,59.15,64.92,55.43
europe_lau,La Celle-Saint-Cloud,la_celle_saint_cloud,la,44.38,58.28,41.04
europe_lau,La Boulaye,la_boulaye,la,41.88,54.06,81.79
europe_lau,La Chapelle-au-Mans,la_chapelle_au_mans,la,54.03,65.5,28.59
europe_lau,La Chapelle-de-Bragny,la_chapelle_de_bragny,la,38.36,54.31,40
europe_lau,La Taillée,la_taillee,la,44.69,58.92,89.61
europe_lau,La Tardière,la_tardiere,la,58.51,74.13,40.87
europe_lau,La Tranche-sur-Mer,la_tranche_sur_mer,la,24.72,53.23,-76.75
europe_lau,La Faute-sur-Mer,la_faute_sur_mer,la,12.48,56.07,73
europe_lau,La Jonchère-Saint-Maurice,la_jonchere_saint_maurice,la,54.18,61.01,78.6
europe_lau,Ladignac-le-Long,ladignac_le_long,la,48.39,59.58,80.15
europe_lau,Laurière,lauriere,la,44.93,59.04,35.58
europe_lau,Lavignac,lavignac,la,58.45,63.84,53.47
europe_lau,La Meyze,la_meyze,la,47.11,74.84,80.33
europe_lau,La Porcherie,la_porcherie,la,53.77,62.93,33.98
europe_lau,La Roche-l'Abeille,la_roche_l_abeille,la,48.49,55.57,59.26
europe_lau,La Falaise,la_falaise,la,35.97,69.13,97.95
europe_lau,La Vicogne,la_vicogne,la,34.94,56.76,92.19
europe_lau,Labassère,labassere,la,49.19,76.38,78.45
europe_lau,Labastide,labastide,la,59.59,73.54,50.8
europe_lau,Labatut-Rivière,labatut_riviere,la,25.63,49.21,-19.28
europe_lau,Laborde,laborde,la,46,66.76,73.48
europe_lau,Lacassagne,lacassagne,la,62.44,74.43,61.9
europe_lau,Lafitole,lafitole,la,62.1,65.28,64.15
europe_lau,Lagarde,lagarde,la,60.83,67.47,49.42
europe_lau,Lagrange,lagrange,la,39.23,69.16,98.71
europe_lau,Lahitte-Toupière,lahitte_toupiere,la,62.72,67.13,48.88
europe_lau,Lalanne,lalanne,la,37.86,54.58,-9.18
europe_lau,Lalanne-Trie,lalanne_trie,la,40.92,84.21,-26.64
europe_lau,Laloubère,laloubere,la,62.11,72.35,61.38
europe_lau,Lamarque-Pontacq,lamarque_pontacq,la,36.55,54.29,14.32
europe_lau,Lamarque-Rustaing,lamarque_rustaing,la,52.06,66.28,53.4
europe_lau,Laméac,lameac,la,49.2,66.06,15.74
europe_lau,Lançon,lancon,la,60.12,66.23,57.87
europe_lau,Lanespède,lanespede,la,61.46,70.01,56.84
europe_lau,Lanne,lanne,la,58.29,71.71,43.66
europe_lau,Lannemezan,lannemezan,la,35.19,54.53,95.17
europe_lau,Lansac,lansac,la,30.39,71.12,-100.78
europe_lau,Lapeyre,lapeyre,la,41.18,74.03,-13.02
europe_lau,Laran,laran,la,26.25,58.63,-33.48
europe_lau,Larreule,larreule,la,68.01,77.67,70.29
europe_lau,Larroque,larroque,la,42.33,63.29,89.43
europe_lau,Lascazères,lascazeres,la,49.91,68.84,90.29
europe_lau,Laslades,laslades,la,26.09,53.38,-96.53
europe_lau,Lassales,lassales,la,57.92,70.81,59.43
europe_lau,Lau-Balagnas,lau_balagnas,la,42.11,61.38,37.58
europe_lau,Layrisse,layrisse,la,39.39,55.07,43.43
europe_lau,La Salvetat-Belmontet,la_salvetat_belmontet,la,60.57,77.81,32.5
europe_lau,La Roquebrussanne,la_roquebrussanne,la,42.2,58.89,30.14
europe_lau,La Roque-Esclapon,la_roque_esclapon,la,46.11,62.19,18.92
europe_lau,La Cerlangue,la_cerlangue,la,45.54,64.56,76.62
europe_lau,La Chapelle-du-Bourgay,la_chapelle_du_bourgay,la,46.86,63.41,17.75
europe_lau,La Chapelle-Saint-Ouen,la_chapelle_saint_ouen,la,38.38,54.27,47.85
europe_lau,La Chapelle-sur-Dun,la_chapelle_sur_dun,la,49.99,66.99,80.79
europe_lau,La Chaussée,la_chaussee,la,69.73,70.49,62.44
europe_lau,La Crique,la_crique,la,62.34,73.38,60.87
europe_lau,La Bastide,la_bastide,la,51.12,68.34,72.2
europe_lau,La Queue-en-Brie,la_queue_en_brie,la,37.39,59.06,67.16
europe_lau,La Chapelle-en-Vexin,la_chapelle_en_vexin,la,66.28,71.63,63.73
europe_lau,La Vacheresse-et-la-Rouillie,la_vacheresse_et_la_rouillie,la,44.08,64.28,62.77
europe_lau,La Voivre,la_voivre,la,50.59,68.72,87.44
europe_lau,Labin,labin,la,45.81,56.88,81.51
europe_lau,Lanišće,lanisce,la,34.32,61.36,53.85
europe_lau,Lasinja,lasinja,la,56.06,58.75,54
europe_lau,Lastovo,lastovo,la,42.07,64.11,-35.85
europe_lau,La Seyne-sur-Mer,la_seyne_sur_mer,la,43.9,60.14,94.22
europe_lau,La Valette-du-Var,la_valette_du_var,la,50.56,62.81,53.76
europe_lau,La Verdière,la_verdiere,la,41.02,64.33,4.85
europe_lau,La Bastide-des-Jourdans,la_bastide_des_jourdans,la,52.38,61.21,36.73
europe_lau,La Bastidonne,la_bastidonne,la,34.08,63.54,34.63
europe_lau,La Hauteville,la_hauteville,la,50.79,69.88,2.11
europe_lau,Lainville-en-Vexin,lainville_en_vexin,la,58.6,62.57,65.86
europe_lau,La Chapelle-de-Guinchay,la_chapelle_de_guinchay,la,43.13,70.42,-24.03
europe_lau,La Chapelle-du-Mont-de-France,la_chapelle_du_mont_de_france,la,54.79,75.21,29.5
europe_lau,La Chapelle-Naude,la_chapelle_naude,la,59.68,59.07,55.82
europe_lau,La Chapelle-Saint-Sauveur,la_chapelle_saint_sauveur,la,44.95,56.65,13.64
europe_lau,La Chapelle-sous-Brancion,la_chapelle_sous_brancion,la,53.44,64.22,62.74
europe_lau,La Chapelle-sous-Dun,la_chapelle_sous_dun,la,65.51,68.09,32.84
europe_lau,La Chapelle-sous-Uchon,la_chapelle_sous_uchon,la,53.48,60.77,18.5
europe_lau,La Chapelle-Thècle,la_chapelle_thecle,la,56.72,61.61,46.76
europe_lau,La Charmée,la_charmee,la,53.12,63.77,70.23
europe_lau,La Chaux,la_chaux,la,53.76,68.64,3.32
europe_lau,La Clayette,la_clayette,la,39.27,63.16,76.5
europe_lau,La Comelle,la_comelle,la,61.65,65.77,42.12
europe_lau,La Bussière,la_bussiere,la,59.68,72.74,26.29
europe_lau,La Chapelle-Bâton,la_chapelle_baton,la,62.88,69.47,65.19
europe_lau,La Chapelle-Moulière,la_chapelle_mouliere,la,49.33,61.52,20.45
europe_lau,Lázně Toušeň,lazne_tousen,la,61.32,66.44,50.18
europe_lau,La Chaussée,la_chaussee,la,37.85,57.53,79.74
europe_lau,La Roche-Rigault,la_roche_rigault,la,39.93,56.94,83.39
europe_lau,La Ferrière-Airoux,la_ferriere_airoux,la,60.14,67.43,46.62
europe_lau,La Grimaudière,la_grimaudiere,la,43.83,54.07,64.19
europe_lau,La Chapelle-sur-Coise,la_chapelle_sur_coise,la,57.53,67.83,77.29
europe_lau,La Baffe,la_baffe,la,30.83,56.69,89.04
europe_lau,La Vôge-les-Bains,la_voge_les_bains,la,35.55,54.41,99.68
europe_lau,Laboissière-en-Santerre,laboissiere_en_santerre,la,48.18,68.08,77.12
europe_lau,Lachapelle,lachapelle,la,44.68,60.53,93.88
europe_lau,Lafresguimont-Saint-Martin,lafresguimont_saint_martin,la,26.38,56.59,63.27
europe_lau,Lahoussoye,lahoussoye,la,40.06,62.21,85.49
europe_lau,Laleu,laleu,la,51.92,74.41,59.36
europe_lau,Lamaronde,lamaronde,la,52.36,84.37,59.32
europe_lau,Lamotte-Brebière,lamotte_brebiere,la,36.29,47.55,81.71
europe_lau,Lamotte-Buleux,lamotte_buleux,la,49.52,64.25,27.17
europe_lau,Lamotte-Warfusée,lamotte_warfusee,la,38.1,47.47,77.14
europe_lau,Lanchères,lancheres,la,23.31,48.64,85.07
europe_lau,Languevoisin-Quiquery,languevoisin_quiquery,la,49.38,70.86,77.41
europe_lau,Lanches-Saint-Hilaire,lanches_saint_hilaire,la,44.79,52.89,83.61
europe_lau,Laucourt,laucourt,la,49.95,66.74,35.62
europe_lau,Laviéville,lavieville,la,53.09,73.98,84.63
europe_lau,Lawarde-Mauger-l'Hortoy,lawarde_mauger_l_hortoy,la,59.4,67.19,61.6
europe_lau,Labarthe-Bleys,labarthe_bleys,la,45.63,51.88,52.21
europe_lau,Labastide-de-Lévis,labastide_de_levis,la,60.22,68.8,68.74
europe_lau,Labastide-Gabausse,labastide_gabausse,la,55.94,66.88,28.13
europe_lau,Labastide-Rouairoux,labastide_rouairoux,la,34.13,56.29,97.58
europe_lau,Labastide-Saint-Georges,labastide_saint_georges,la,56.43,76.94,-2.31
europe_lau,Labessière-Candeil,labessiere_candeil,la,33.46,50.72,-29.64
europe_lau,Laboulbène,laboulbene,la,54.45,64.31,23.59
europe_lau,Laboutarie,laboutarie,la,31.45,53.01,-24.15
europe_lau,Labruguière,labruguiere,la,40.61,58.17,95.25
europe_lau,Lacabarède,lacabarede,la,42.44,66.3,79.68
europe_lau,Lacapelle-Pinet,lacapelle_pinet,la,63.07,76.56,57.54
europe_lau,Lacapelle-Ségalar,lacapelle_segalar,la,47.07,76.28,-16.23
europe_lau,Lacaune,lacaune,la,67.47,71.8,41.72
europe_lau,Lacaze,lacaze,la,53.02,62.51,80.29
europe_lau,Lachapelle-sous-Chaux,lachapelle_sous_chaux,la,66.72,77.15,33.37
europe_lau,Lachapelle-sous-Rougemont,lachapelle_sous_rougemont,la,47.66,69.23,14.54
europe_lau,Lacollonge,lacollonge,la,35.36,57.44,-11.87
europe_lau,Lagrange,lagrange,la,37.54,61.57,66.6
europe_lau,Lamadeleine-Val-des-Anges,lamadeleine_val_des_anges,la,57.26,71.41,77.93
europe_lau,Larivière,lariviere,la,49.23,69.54,23.27
europe_lau,La Ferté-Saint-Samson,la_ferte_saint_samson,la,58.73,66.63,52.38
europe_lau,La Feuillie,la_feuillie,la,44.45,64.53,32.94
europe_lau,La Fontelaye,la_fontelaye,la,55.78,67.66,75.83
europe_lau,La Frénaye,la_frenaye,la,65.93,68.41,54.85
europe_lau,La Gaillarde,la_gaillarde,la,26.8,62.39,-121.43
europe_lau,La Forge,la_forge,la,44.92,77.85,18.03
europe_lau,Laab im Walde,laab_im_walde,la,64.44,70.03,24.73
europe_lau,La Frette-sur-Seine,la_frette_sur_seine,la,28.61,59.46,88.95
europe_lau,Labbeville,labbeville,la,59.87,64.37,72.21
europe_lau,Lassy,lassy,la,36.93,68.54,44.28
europe_lau,La Belliole,la_belliole,la,67.41,67.85,46.94
europe_lau,La Celle-Saint-Cyr,la_celle_saint_cyr,la,43.91,57.23,79.59
europe_lau,La Chapelle-sur-Oreuse,la_chapelle_sur_oreuse,la,48.51,67.03,91.4
europe_lau,La Chapelle-Vaupelteigne,la_chapelle_vaupelteigne,la,41.43,55.81,-7.64
europe_lau,Lacoste,lacoste,la,29.13,52.67,89.66
europe_lau,Lafare,lafare,la,46.31,61.33,86.31
europe_lau,Lagarde-d'Apt,lagarde_d_apt,la,30.63,69.59,88.23
europe_lau,Lagarde-Paréol,lagarde_pareol,la,62.2,69.23,60.04
europe_lau,Lagnes,lagnes,la,23.66,45.56,85.04
europe_lau,Lamotte-du-Rhône,lamotte_du_rhone,la,38.67,57.04,45.85
europe_lau,Lapalud,lapalud,la,59.06,76.15,51.09
europe_lau,Lauris,lauris,la,40.48,73.32,84.95
europe_lau,La Motte-d'Aigues,la_motte_d_aigues,la,26.01,60.19,80.37
europe_lau,La Roque-Alric,la_roque_alric,la,54.4,66.23,70.59
europe_lau,La Roque-sur-Pernes,la_roque_sur_pernes,la,41.86,50.87,69.39
europe_lau,La Queue-les-Yvelines,la_queue_les_yvelines,la,34.5,62.5,-9.97
europe_lau,La Frette,la_frette,la,50.13,64.19,21.59
europe_lau,La Genête,la_genete,la,42.69,69.89,49.56
europe_lau,La Grande-Verrière,la_grande_verriere,la,58.62,72.34,61.55
europe_lau,La Guiche,la_guiche,la,52.69,68.9,92.69
europe_lau,Lacrost,lacrost,la,45.6,66.14,89.61
europe_lau,Laives,laives,la,56.47,70.82,81.38
europe_lau,Laizé,laize,la,55.89,75.56,92.98
europe_lau,Laizy,laizy,la,57.15,70,71.93
europe_lau,Lalheue,lalheue,la,40.48,54.84,73.52
europe_lau,Lans,lans,la,48.51,64.05,17.03
europe_lau,Lays-sur-le-Doubs,lays_sur_le_doubs,la,41.81,54.14,92.12
europe_lau,La Roche-Guyon,la_roche_guyon,la,25.05,48.46,67.43
europe_lau,Lathus-Saint-Rémy,lathus_saint_remy,la,49.6,56.62,49.95
europe_lau,Latillé,latille,la,55.21,67.78,40.24
europe_lau,Lauthiers,lauthiers,la,62.73,76.95,73.59
europe_lau,Lavoux,lavoux,la,41.36,66.14,-30.47
europe_lau,La Bourgonce,la_bourgonce,la,55.76,69.34,4.8
europe_lau,La Bresse,la_bresse,la,33.05,64.27,-20.9
europe_lau,La Chapelle-aux-Bois,la_chapelle_aux_bois,la,39.78,53.94,78.61
europe_lau,La Chapelle-devant-Bruyères,la_chapelle_devant_bruyeres,la,40.24,56.38,63.29
europe_lau,La Verrière,la_verriere,la,36.31,55.41,23.03
europe_lau,La Villeneuve-en-Chevrie,la_villeneuve_en_chevrie,la,45.78,53.96,47.71
europe_lau,Lacougotte-Cadoul,lacougotte_cadoul,la,44.41,76.82,57.37
europe_lau,Lacroisille,lacroisille,la,52.28,64.8,77.82
europe_lau,Lacrouzette,lacrouzette,la,42.37,67.17,-18.39
europe_lau,Lagardiolle,lagardiolle,la,38.09,57.53,-29.72
europe_lau,Lagarrigue,lagarrigue,la,40.8,58.91,87.52
europe_lau,Lagrave,lagrave,la,68.15,68.76,43.72
europe_lau,Lamillarié,lamillarie,la,39.82,54.57,78.91
europe_lau,Lamontélarié,lamontelarie,la,29.5,52.66,70.75
europe_lau,Laparrouquial,laparrouquial,la,42.7,61.04,92.19
europe_lau,Larroque,larroque,la,39.53,50.91,75.62
europe_lau,Lasfaillades,lasfaillades,la,47.99,62.05,83.35
europe_lau,Lasgraisses,lasgraisses,la,35.36,55.64,1.25
europe_lau,Lautrec,lautrec,la,60.65,69.13,63.14
europe_lau,Lavaur,lavaur,la,32.66,42.28,8.17
europe_lau,Laa an der Thaya,laa_an_der_thaya,la,34.26,47.77,-1.91
europe_lau,Lacenas,lacenas,la,68.5,69.4,74.31
europe_lau,Lachassagne,lachassagne,la,37.68,54.86,-12.96
europe_lau,Lamure-sur-Azergues,lamure_sur_azergues,la,65.96,70.17,58.71
europe_lau,Lancié,lancie,la,30.94,55.76,-46.29
europe_lau,Lantignié,lantignie,la,33.62,64.21,92.79
europe_lau,Larajasse,larajasse,la,56.17,63.21,62.86
europe_lau,La Chavanne,la_chavanne,la,53.53,79.84,29.29
europe_lau,La Compôte,la_compote,la,35.51,69.16,71.72
europe_lau,La Croix-de-la-Rochette,la_croix_de_la_rochette,la,53.98,81.42,37.25
europe_lau,La Giettaz,la_giettaz,la,40.8,54.65,17.78
europe_lau,La Tour-en-Maurienne,la_tour_en_maurienne,la,49.09,65.69,43.8
europe_lau,Laissaud,laissaud,la,42.48,75.8,60.54
europe_lau,Landry,landry,la,31.49,55.94,-17.73
europe_lau,La Plagne Tarentaise,la_plagne_tarentaise,la,30.95,59.67,97.01
europe_lau,La Celle-sur-Morin,la_celle_sur_morin,la,29.09,59.61,83.14
europe_lau,La Chapelle-Gauthier,la_chapelle_gauthier,la,24.59,36.26,5.65
europe_lau,La Chapelle-Iger,la_chapelle_iger,la,60.74,65.51,66.38
europe_lau,La Chapelle-la-Reine,la_chapelle_la_reine,la,41.46,63.99,-32.6
europe_lau,La Chapelle-Rablais,la_chapelle_rablais,la,60.96,66.21,60.93
europe_lau,La Chapelle-Saint-Sulpice,la_chapelle_saint_sulpice,la,55.36,65.91,77.61
europe_lau,La Chapelle-Moutils,la_chapelle_moutils,la,38.93,60.35,95.93
europe_lau,La Quarte,la_quarte,la,42.37,58.64,21.92
europe_lau,La Grande-Résie,la_grande_resie,la,70.32,71.52,55.81
europe_lau,La Résie-Saint-Martin,la_resie_saint_martin,la,53.69,62.32,75.13
europe_lau,La Rochelle,la_rochelle,la,51.15,72.61,51.16
europe_lau,La Rosière,la_rosiere,la,37.26,50.66,94
europe_lau,La Herlière,la_herliere,la,35.35,53.37,62.82
europe_lau,La Chapelle-en-Serval,la_chapelle_en_serval,la,32.77,58.01,52.1
europe_lau,La Trinité-Porhoët,la_trinite_porhoet,la,50.99,70.77,69.87
europe_lau,La Trinité-sur-Mer,la_trinite_sur_mer,la,36.47,60.94,97.23
europe_lau,La Trinité-Surzur,la_trinite_surzur,la,57.31,79.68,-5.14
europe_lau,La Vraie-Croix,la_vraie_croix,la,67.18,76.36,40.79
europe_lau,La Milesse,la_milesse,la,24.16,41.9,78.93
europe_lau,La Quinte,la_quinte,la,47.98,65.79,79.63
europe_lau,La Barthe-de-Neste,la_barthe_de_neste,la,48.79,71.94,40.55
europe_lau,Labaroche,labaroche,la,28.6,50.71,97.08
europe_lau,Landser,landser,la,37.33,61.78,94.71
europe_lau,Lapoutroie,lapoutroie,la,47.96,60.58,53.39
europe_lau,Largitzen,largitzen,la,57.19,66.44,75.71
europe_lau,Lautenbach,lautenbach,la,31.63,58.63,45.23
europe_lau,Lautenbachzell,lautenbachzell,la,28.62,54.15,-58.01
europe_lau,Lauw,lauw,la,45.21,63.18,86.57
europe_lau,La Chapelle-Saint-André,la_chapelle_saint_andre,la,47.34,60.8,76.04
europe_lau,La Charité-sur-Loire,la_charite_sur_loire,la,55.56,73.29,76.8
europe_lau,La Flamengrie,la_flamengrie,la,45.74,52.59,70.47
europe_lau,Lalaye,lalaye,la,40.83,70,-2.66
europe_lau,Lampertheim,lampertheim,la,49.88,67.74,22.81
europe_lau,Lampertsloch,lampertsloch,la,33.5,46.17,96.18
europe_lau,Landersheim,landersheim,la,38.48,70.13,-2.09
europe_lau,Langensoultzbach,langensoultzbach,la,45.6,61.84,85.02
europe_lau,Laubach,laubach,la,45.24,60.37,79.29
europe_lau,Lauterbourg,lauterbourg,la,41.65,55.56,-4.53
europe_lau,La Motte-en-Bauges,la_motte_en_bauges,la,45.33,64.38,93.86
europe_lau,Lazníčky,laznicky,la,29.23,55.73,90
europe_lau,Lazníky,lazniky,la,51.42,70.64,16.5
europe_lau,Lány,lany,la,31.86,59.43,-56.66
europe_lau,La Collancelle,la_collancelle,la,59.29,66.14,80.99
europe_lau,La Fermeté,la_fermete,la,60.5,65.06,70
europe_lau,Lamenay-sur-Loire,lamenay_sur_loire,la,32.2,51.09,97.62
europe_lau,Langeron,langeron,la,49.92,68.42,20.14
europe_lau,Lanty,lanty,la,44.03,60.15,52.22
europe_lau,Labeuvrière,labeuvriere,la,46.56,67.8,30.6
europe_lau,Labourse,labourse,la,34.51,54.72,89.16
europe_lau,Labroye,labroye,la,56.95,74.2,82.14
europe_lau,Lacres,lacres,la,47.07,69.91,35.07
europe_lau,Lagnicourt-Marcel,lagnicourt_marcel,la,55.42,68.12,24.17
europe_lau,Laires,laires,la,46.86,66.28,80.25
europe_lau,Lambres,lambres,la,45.96,73.61,31.16
europe_lau,Landrethun-le-Nord,landrethun_le_nord,la,72.46,74.6,51.86
europe_lau,Landrethun-lès-Ardres,landrethun_les_ardres,la,50.9,68.46,72.54
europe_lau,Lapugnoy,lapugnoy,la,47.19,70.29,80.83
europe_lau,Lattre-Saint-Quentin,lattre_saint_quentin,la,39.61,62.98,75.75
europe_lau,Laventie,laventie,la,56.28,64.51,59.07
europe_lau,La Capelle-lès-Boulogne,la_capelle_les_boulogne,la,38.87,56.72,-7.94
europe_lau,La Bourboule,la_bourboule,la,44.29,61.71,19.9
europe_lau,La Motte-Servolex,la_motte_servolex,la,49.77,60.71,83.72
europe_lau,La Léchère,la_lechere,la,25.66,55.46,76
europe_lau,La Ravoire,la_ravoire,la,45.95,66.68,99.31
europe_lau,La Croix-en-Brie,la_croix_en_brie,la,58.89,77.72,88.53
europe_lau,La Ferté-Gaucher,la_ferte_gaucher,la,31.39,58.28,93.57
europe_lau,La Ferté-sous-Jouarre,la_ferte_sous_jouarre,la,48.03,55.4,51.89
europe_lau,La Maxe,la_maxe,la,51.41,72.09,97.48
europe_lau,La Loge,la_loge,la,45.16,82.15,52.05
europe_lau,La Madelaine-sous-Montreuil,la_madelaine_sous_montreuil,la,43.86,64.54,99.37
europe_lau,La Neuville,la_neuville,la,53.36,63.98,67.85
europe_lau,La Drenne,la_drenne,la,51.48,62.24,87.61
europe_lau,La Corne-en-Vexin,la_corne_en_vexin,la,44.53,50.46,67.36
europe_lau,La Bruyère,la_bruyere,la,23,53.7,97.98
europe_lau,La Genevraye,la_genevraye,la,67.19,76.9,56.37
europe_lau,La Grande-Paroisse,la_grande_paroisse,la,41.87,63.88,79.45
europe_lau,La Haute-Maison,la_haute_maison,la,36.44,59.28,67.63
europe_lau,La Houssaye-en-Brie,la_houssaye_en_brie,la,51.65,70.83,94.02
europe_lau,La Sauvetat,la_sauvetat,la,43.63,57.49,76.7
europe_lau,Larochemillay,larochemillay,la,51.15,58.59,47.89
europe_lau,Lavault-de-Frétoy,lavault_de_fretoy,la,42.18,56.98,38.1
europe_lau,La Chapelle-lès-Luxeuil,la_chapelle_les_luxeuil,la,23.08,34.35,29.03
europe_lau,La Chapelle-Saint-Quillain,la_chapelle_saint_quillain,la,39.23,50.36,76.76
europe_lau,La Poterie-Cap-d'Antifer,la_poterie_cap_d_antifer,la,55.2,63.67,72.89
europe_lau,La Remuée,la_remuee,la,53.68,73.73,14.8
europe_lau,La Rue-Saint-Pierre,la_rue_saint_pierre,la,60.8,71.32,67.86
europe_lau,Λαπηθιού,lapethiou,la,45.41,71.01,2.79
europe_lau,La Petite-Pierre,la_petite_pierre,la,41.89,52.05,39.17
europe_lau,La Villeneuve-sous-Thury,la_villeneuve_sous_thury,la,35.93,54.64,2.44
europe_lau,La Bazoque,la_bazoque,la,22.72,68.06,75.05
europe_lau,La Bellière,la_belliere,la,46.91,57.09,77.4
europe_lau,La Machine,la_machine,la,49.35,66.6,91.3
europe_lau,La Maison-Dieu,la_maison_dieu,la,43.16,57.22,23.72
europe_lau,La Marche,la_marche,la,47.32,61.49,55.67
europe_lau,La Nocle-Maulaix,la_nocle_maulaix,la,54.82,65.64,17.1
europe_lau,La Salle,la_salle,la,31.92,65.4,-54.09
europe_lau,La Table,la_table,la,39.54,51.58,53.24
europe_lau,La Thuile,la_thuile,la,48.47,63.56,65.17
europe_lau,La Trinité,la_trinite,la,45.31,82.75,57.73
europe_lau,Lagny-sur-Marne,lagny_sur_marne,la,34.96,53.12,-14.33
europe_lau,Larchant,larchant,la,62.67,64.54,53.71
europe_lau,Laval-en-Brie,laval_en_brie,la,29.05,69.18,93.29
europe_lau,La Corbière,la_corbiere,la,51.31,66.1,54.78
europe_lau,La Côte,la_cote,la,55.21,68.24,40.48
europe_lau,La Creuse,la_creuse,la,45.81,63.61,39.93
europe_lau,La Madeleine-sur-Loing,la_madeleine_sur_loing,la,38.82,60.2,98.75
europe_lau,La Calotterie,la_calotterie,la,63.07,70.77,56.65
europe_lau,La Sentinelle,la_sentinelle,la,52.8,57.29,59.96
europe_lau,Langenzersdorf,langenzersdorf,la,38.74,50.59,76.28
europe_lau,La Chapelle-Neuve,la_chapelle_neuve,la,40.97,62.97,97.67
europe_lau,La Demie,la_demie,la,72.56,78.5,50.84
europe_lau,La Vancelle,la_vancelle,la,46.6,57.68,15.82
europe_lau,La Wantzenau,la_wantzenau,la,42.36,55.29,20.61
europe_lau,La Chapelle-au-Moine,la_chapelle_au_moine,la,56.71,75.54,58.34
europe_lau,La Chapelle-Biche,la_chapelle_biche,la,56.15,69.76,52.36
europe_lau,La Chapelle-Montligeon,la_chapelle_montligeon,la,61.28,73.54,43.11
europe_lau,La Chapelle-près-Sées,la_chapelle_pres_sees,la,44.93,66.2,99.16
europe_lau,La Chapelle-Souëf,la_chapelle_souef,la,66.34,73.11,66.4
europe_lau,La Chapelle-Viel,la_chapelle_viel,la,52.46,69.8,32.93
europe_lau,La Chaux,la_chaux,la,28.74,46.74,64.34
europe_lau,La Coulonche,la_coulonche,la,44.07,54.11,28.99
europe_lau,La Celle-en-Morvan,la_celle_en_morvan,la,53.91,61.42,66.25
europe_lau,La Tagnière,la_tagniere,la,43.94,70.68,68.21
europe_lau,La Truchère,la_truchere,la,54.36,57.84,33.69
europe_lau,La Vineuse sur Fregande,la_vineuse_sur_fregande,la,61.31,70.97,76.46
europe_lau,La Balme-de-Sillingy,la_balme_de_sillingy,la,38.4,60.17,-5.23
europe_lau,La Balme-de-Thuy,la_balme_de_thuy,la,18.89,44.49,81.79
europe_lau,La Baume,la_baume,la,29.41,55.14,75.74
europe_lau,La Chapelle-d'Abondance,la_chapelle_d_abondance,la,45.86,62.53,73.29
europe_lau,La Chapelle-Rambaud,la_chapelle_rambaud,la,57.33,83.5,20.5
europe_lau,La Chapelle-Saint-Maurice,la_chapelle_saint_maurice,la,52.54,82.46,72.59
europe_lau,La Clusaz,la_clusaz,la,45.85,64.47,33.4
europe_lau,La Côte-d'Arbroz,la_cote_d_arbroz,la,34.18,55.06,-12.44
europe_lau,La Cauchie,la_cauchie,la,60.72,76.18,34.62
europe_lau,La Comté,la_comte,la,46.66,67,65.18
europe_lau,La Couture,la_couture,la,42.83,71.96,49.84
europe_lau,La Broque,la_broque,la,37.18,59.87,4.49
europe_lau,Lambrey,lambrey,la,56.55,74.05,45.83
europe_lau,Lantenot,lantenot,la,54.56,60.2,55.15
europe_lau,La Lanterne-et-les-Armonts,la_lanterne_et_les_armonts,la,59.47,71.38,76.41
europe_lau,Larians-et-Munans,larians_et_munans,la,36.01,52.39,70.93
europe_lau,Larret,larret,la,50.95,63.29,72.62
europe_lau,Lavigney,lavigney,la,61.71,75.57,80.04
europe_lau,Lavoncourt,lavoncourt,la,54.92,69.83,20.58
europe_lau,La Longine,la_longine,la,40.1,60.69,63.53
europe_lau,La Croix-Helléan,la_croix_hellean,la,51.07,64.18,82.83
europe_lau,La Gacilly,la_gacilly,la,39.65,45.26,57.45
europe_lau,La Grée-Saint-Laurent,la_gree_saint_laurent,la,59.2,68.24,64.67
europe_lau,Landaul,landaul,la,38.58,56.37,-3.12
europe_lau,Landévant,landevant,la,53.04,64.31,70.39
europe_lau,Lanester,lanester,la,42.69,60.45,60.62
europe_lau,Langoëlan,langoelan,la,42.68,60.77,86.77
europe_lau,Langonnet,langonnet,la,56.38,66.6,75.42
europe_lau,Languidic,languidic,la,61.37,66.47,57.67
europe_lau,Lantillac,lantillac,la,40.7,65.53,15.4
europe_lau,Lanvaudan,lanvaudan,la,37.55,46.78,23.29
europe_lau,Lanvénégen,lanvenegen,la,52.65,61.59,27.17
europe_lau,Larmor-Baden,larmor_baden,la,36.34,55.23,89.75
europe_lau,Larmor-Plage,larmor_plage,la,64.46,74.36,52.16
europe_lau,Larré,larre,la,43.97,60.13,5.54
europe_lau,Lauzach,lauzach,la,64.89,72.32,33.11
europe_lau,La Suze-sur-Sarthe,la_suze_sur_sarthe,la,64.22,73.1,65.45
europe_lau,La Trinité-du-Mont,la_trinite_du_mont,la,55.76,80.33,47.64
europe_lau,La Ferrière-au-Doyen,la_ferriere_au_doyen,la,58.16,67.3,51.93
europe_lau,La Ferrière-aux-Étangs,la_ferriere_aux_etangs,la,45.62,60.83,50.78
europe_lau,La Ferrière-Béchet,la_ferriere_bechet,la,45.26,69.07,52.76
europe_lau,La Ferrière-Bochard,la_ferriere_bochard,la,55.21,73.13,81.92
europe_lau,La Ferté-en-Ouche,la_ferte_en_ouche,la,39.91,49.69,19.36
europe_lau,La Ferté Macé,la_ferte_mace,la,28.07,42.87,95.99
europe_lau,La Fresnaie-Fayel,la_fresnaie_fayel,la,61.35,78.13,82.47
europe_lau,La Genevraie,la_genevraie,la,35.75,66.76,12.16
europe_lau,La Gonfrière,la_gonfriere,la,31.26,58.35,94.01
europe_lau,Lalacelle,lalacelle,la,49.05,64.42,63.12
europe_lau,Laleu,laleu,la,31.71,48.88,91.05
europe_lau,La Lande-de-Goult,la_lande_de_goult,la,56.92,67.15,66.25
europe_lau,La Lande-de-Lougé,la_lande_de_louge,la,42.9,66.54,88.24
europe_lau,La Lande-Patry,la_lande_patry,la,60.49,81.04,63.42
europe_lau,La Lande-Saint-Siméon,la_lande_saint_simeon,la,54.13,63.33,67.87
europe_lau,Landigou,landigou,la,47.2,62.69,21.87
europe_lau,Landisacq,landisacq,la,30.22,59.57,-18.02
europe_lau,Larré,larre,la,45.89,67.25,66
europe_lau,La Madeleine-Bouvet,la_madeleine_bouvet,la,44.37,72.61,34.55
europe_lau,La Bassée,la_bassee,la,59.29,63.59,75.75
europe_lau,La Vaupalière,la_vaupaliere,la,32.07,48.38,37.26
europe_lau,La Bazoge,la_bazoge,la,52.79,65.99,56.34
europe_lau,La Bosse,la_bosse,la,39.79,47.84,23.35
europe_lau,La Bruère-sur-Loir,la_bruere_sur_loir,la,46.92,66.8,72.27
europe_lau,La Chapelle-aux-Choux,la_chapelle_aux_choux,la,49.11,60.02,81.09
europe_lau,La Chapelle-d'Aligné,la_chapelle_d_aligne,la,64.66,82.47,47.92
europe_lau,La Chapelle-du-Bois,la_chapelle_du_bois,la,28.69,53.8,46.91
europe_lau,La Chapelle-Huon,la_chapelle_huon,la,39.31,53.87,7.85
europe_lau,La Chapelle-Saint-Aubin,la_chapelle_saint_aubin,la,44.48,65.57,-17.62
europe_lau,La Chapelle-Saint-Fray,la_chapelle_saint_fray,la,42.01,65.45,88.57
europe_lau,La Chapelle-Saint-Rémy,la_chapelle_saint_remy,la,40.33,57.67,98.18
europe_lau,La Chartre-sur-le-Loir,la_chartre_sur_le_loir,la,52.22,71.72,39.81
europe_lau,La Forclaz,la_forclaz,la,38.7,51.73,69.27
europe_lau,Larringes,larringes,la,58.2,77.16,30.53
europe_lau,Lathuile,lathuile,la,13.58,53.71,76.05
europe_lau,La Muraz,la_muraz,la,52.96,67.59,54.55
europe_lau,La Malachère,la_malachere,la,52.77,65.59,67.55
europe_lau,La Montagne,la_montagne,la,66.35,73.08,57.98
europe_lau,La Roche-Morey,la_roche_morey,la,47.59,54.58,52.81
europe_lau,La Neuvelle-lès-Lure,la_neuvelle_les_lure,la,27.35,52.13,91.37
europe_lau,La Neuvelle-lès-Scey,la_neuvelle_les_scey,la,58.51,73.86,75.12
europe_lau,La Pisseure,la_pisseure,la,40.44,55.2,81.42
europe_lau,La Roche-Bernard,la_roche_bernard,la,42.35,65.77,56.37
europe_lau,La Balme,la_balme,la,19.8,56.48,88.72
europe_lau,La Bâthie,la_bathie,la,35.33,53.03,63.82
europe_lau,La Bauche,la_bauche,la,59.23,75.84,38.43
europe_lau,La Biolle,la_biolle,la,57.36,63.36,63.84
europe_lau,La Vieux-Rue,la_vieux_rue,la,27.76,49.57,96.45
europe_lau,Labeuville,labeuville,la,24.13,54.97,61.53
europe_lau,Lachalade,lachalade,la,50.5,69.55,22.88
europe_lau,Lachaussée,lachaussee,la,47.69,65.4,47.88
europe_lau,Lacroix-sur-Meuse,lacroix_sur_meuse,la,38.29,51.85,37.49
europe_lau,Lahaymeix,lahaymeix,la,38.75,60.53,-3.43
europe_lau,Lahayville,lahayville,la,24.1,61.34,85.89
europe_lau,Laheycourt,laheycourt,la,56.72,68.1,64.29
europe_lau,Laimont,laimont,la,58.93,70.14,20.96
europe_lau,Lamorville,lamorville,la,36.48,68.75,51.41
europe_lau,Lamouilly,lamouilly,la,55.76,79.12,69.69
europe_lau,Landrecourt-Lempire,landrecourt_lempire,la,29.72,53.23,74.39
europe_lau,Laneuville-au-Rupt,laneuville_au_rupt,la,62.92,61.87,38.29
europe_lau,Laneuville-sur-Meuse,laneuville_sur_meuse,la,35.6,49.11,41.74
europe_lau,Lanhères,lanheres,la,35.31,55.76,84.92
europe_lau,Latour-en-Woëvre,latour_en_woevre,la,43.16,64.71,72.21
europe_lau,Lavallée,lavallee,la,57.19,68.01,58.44
europe_lau,Lavincourt,lavincourt,la,43.26,61.16,30.53
europe_lau,Lavoye,lavoye,la,26.77,58.05,-69.56
europe_lau,Λάσα,lasa,la,45.56,75.66,97.24
europe_lau,La Chapelle-d'Armentières,la_chapelle_d_armentieres,la,53.9,72.41,31.87
europe_lau,La Brosse-Montceaux,la_brosse_montceaux,la,37.1,62.92,97.62
europe_lau,La Ferté-Bernard,la_ferte_bernard,la,56.12,70.26,76.25
europe_lau,La Fontaine-Saint-Martin,la_fontaine_saint_martin,la,66.99,68.71,45.28
europe_lau,La Guierche,la_guierche,la,39.42,60.72,92.89
europe_lau,La Flèche,la_fleche,la,60.12,66.63,54.76
europe_lau,Laigné-en-Belin,laigne_en_belin,la,36.44,47.27,75.54
europe_lau,Lamnay,lamnay,la,50.91,68.15,74.05
europe_lau,Lavardin,lavardin,la,36.93,53.19,-6.04
europe_lau,Lavaré,lavare,la,38.09,50.12,26.66
europe_lau,Lavernat,lavernat,la,36.18,56.22,80.91
europe_lau,La Rivière-Enverse,la_riviere_enverse,la,31.45,53.84,-14.64
europe_lau,La Roche-sur-Foron,la_roche_sur_foron,la,25.2,33.93,69.52
europe_lau,La Tour,la_tour,la,29.94,38.28,93.32
europe_lau,La Romaine,la_romaine,la,47.78,58.41,42.58
europe_lau,La Proiselière-et-Langle,la_proiseliere_et_langle,la,38.06,66.54,78.82
europe_lau,La Celle-sur-Loire,la_celle_sur_loire,la,51.17,62.53,23.83
europe_lau,La Celle-sur-Nièvre,la_celle_sur_nievre,la,52.35,63.79,56.99
europe_lau,La Thieuloye,la_thieuloye,la,40.69,76.97,-80.88
europe_lau,La Bridoire,la_bridoire,la,51.21,71.01,49.24
europe_lau,La Chambre,la_chambre,la,29.1,60.26,86.9
europe_lau,La Chapelle,la_chapelle,la,56.42,71.52,77.89
europe_lau,La Chapelle-Blanche,la_chapelle_blanche,la,38.6,64.14,-11.35
europe_lau,La Chapelle-du-Mont-du-Chat,la_chapelle_du_mont_du_chat,la,29.67,64.52,98.63
europe_lau,La Chapelle-Saint-Martin,la_chapelle_saint_martin,la,34.68,59.18,93.21
europe_lau,Lądek-Zdrój,ladek_zdroj,la,67.37,77.34,51.68
europe_lau,Laghi,laghi,la,39.84,59.39,92.84
europe_lau,Lastebasse,lastebasse,la,40.57,57.89,15.79
europe_lau,Lažiště,laziste,la,51.57,66.59,73.19
europe_lau,Landriano,landriano,la,60.65,66.77,61.71
europe_lau,Langosco,langosco,la,54.73,59.99,44.97
europe_lau,Lardirago,lardirago,la,40.28,57.3,-17.44
europe_lau,Lærdal,laerdal,la,37.19,52.88,2.46
europe_lau,Latisana,latisana,la,21.08,53.35,91.98
europe_lau,Lauco,lauco,la,67.74,70.11,51.94
europe_lau,Lac de la Haute-Sûre,lac_de_la_haute_sure,la,32.65,59.67,-25.89
europe_lau,Lascari,lascari,la,50.41,71.57,64.13
europe_lau,Łambinowice,lambinowice,la,51.4,54.93,47.62
europe_lau,Lasowice Wielkie,lasowice_wielkie,la,55.03,61.1,56.85
europe_lau,Lamon,lamon,la,50.56,71.55,79.57
europe_lau,La Valle Agordina,la_valle_agordina,la,57.67,67.12,61.91
europe_lau,Łapy,lapy,la,55.46,63.6,78.73
europe_lau,La Valle/Wengen,la_valle_wengen,la,52.02,65.62,45.76
europe_lau,Lavarone,lavarone,la,41.53,60.24,-6.21
europe_lau,Laterza,laterza,la,55.28,70.7,74.58
europe_lau,Latiano,latiano,la,45.67,64.34,85.69
europe_lau,Lazzate,lazzate,la,46.76,66.26,51.31
europe_lau,Lacedonia,lacedonia,la,36.86,56.43,21.64
europe_lau,Lapio,lapio,la,30.7,53.87,66.54
europe_lau,Lauro,lauro,la,39.21,62.16,83.04
europe_lau,Lamezia Terme,lamezia_terme,la,47.1,64.62,88.15
europe_lau,Lampedusa e Linosa,lampedusa_e_linosa,la,23.23,57.59,-107.35
europe_lau,Lamporecchio,lamporecchio,la,44.04,69.03,26.32
europe_lau,Larciano,larciano,la,30.91,52.92,67.44
europe_lau,Lastra a Signa,lastra_a_signa,la,54.92,68.04,61.09
europe_lau,Lapedona,lapedona,la,46.15,56.38,65.27
europe_lau,Laganadi,laganadi,la,33.85,49.75,43.57
europe_lau,Laureana di Borrello,laureana_di_borrello,la,19.46,44.58,-101.45
europe_lau,Labico,labico,la,56.54,69.71,14.13
europe_lau,Lanuvio,lanuvio,la,55.88,69.31,88.2
europe_lau,Łasin,lasin,la,61.72,60.86,51.73
europe_lau,Latowicz,latowicz,la,52.06,67.16,24.92
europe_lau,Lama dei Peligni,lama_dei_peligni,la,26.05,49.97,-12.74
europe_lau,Lanciano,lanciano,la,36.98,64.35,86.69
europe_lau,Lažany,lazany,la,57.25,68.84,23
europe_lau,Łagiewniki,lagiewniki,la,56.13,67.52,8.34
europe_lau,Lagosanto,lagosanto,la,56.52,66.57,79.32
europe_lau,Lajatico,lajatico,la,50.86,58.87,64.35
europe_lau,Las Plassas,las_plassas,la,52.18,65.47,35.08
europe_lau,Lariano,lariano,la,55.72,69.85,73.39
europe_lau,Ladispoli,ladispoli,la,36.91,72.32,4.79
europe_lau,Latina,latina,la,52.19,58.77,27.65
europe_lau,Lavenone,lavenone,la,46.54,63.98,73.3
europe_lau,Ladná,ladna,la,45.27,62.93,61.2
europe_lau,Łabiszyn,labiszyn,la,53.5,61.56,66.74
europe_lau,Lavagno,lavagno,la,31.93,68.74,84.36
europe_lau,Lazise,lazise,la,55.64,67.18,30.68
europe_lau,Łaziska,laziska,la,51.81,68.55,93.91
europe_lau,Lądek,ladek,la,30.96,68.59,-100.57
europe_lau,Lanzada,lanzada,la,59.32,66.18,64.99
europe_lau,Laureana Cilento,laureana_cilento,la,47.51,66.62,32.44
europe_lau,Laurino,laurino,la,21.38,47.08,90.54
europe_lau,Laurito,laurito,la,35.2,58.41,81.4
europe_lau,Laviano,laviano,la,51.26,71.81,23.03
europe_lau,Larino,larino,la,50.47,69.41,84.32
europe_lau,Larvik,larvik,la,30.21,58.66,91.12
europe_lau,Laszki,laszki,la,38.09,63.42,-8.48
europe_lau,Łańcut,lancut,la,53.09,65.64,70.88
europe_lau,Łańcut,lancut,la,35.71,48.45,26.33
europe_lau,Lacchiarella,lacchiarella,la,41.26,54.83,48.07
europe_lau,Lainate,lainate,la,59.38,68.91,69.3
europe_lau,Lazdijų rajono savivaldybė,lazdiju_rajono_savivaldybe,la,45.12,56.15,81.82
europe_lau,Larochette,larochette,la,56.48,64.11,45.26
europe_lau,Lázně Kynžvart,lazne_kynzvart,la,36.65,45.49,90.92
europe_lau,Lácacséke,lacacseke,la,43.1,63.67,65.1
europe_lau,Lacco Ameno,lacco_ameno,la,38.7,55.1,85.54
europe_lau,Lásenice,lasenice,la,54.82,67.27,77.12
europe_lau,Lad,lad,la,53.11,75.64,54.95
europe_lau,Labro,labro,la,65.2,70.9,33.47
europe_lau,Lajoskomárom,lajoskomarom,la,40.25,55.07,85.59
europe_lau,Laskod,laskod,la,52.15,84.37,91.06
europe_lau,La Chaize-Giraud,la_chaize_giraud,la,39.9,75.3,-13.99
europe_lau,La Chaize-le-Vicomte,la_chaize_le_vicomte,la,45.61,60.77,75.62
europe_lau,La Chapelle-aux-Lys,la_chapelle_aux_lys,la,52.22,64.38,20.42
europe_lau,La Chapelle-Hermier,la_chapelle_hermier,la,29.9,62.29,0.38
europe_lau,La Chapelle-Palluau,la_chapelle_palluau,la,36.33,67.06,-24.76
europe_lau,La Chapelle-Thémer,la_chapelle_themer,la,51.25,65.9,59.65
europe_lau,La Châtaigneraie,la_chataigneraie,la,39.08,69.79,31.79
europe_lau,La Copechagnière,la_copechagniere,la,35.32,57.39,-17.91
europe_lau,La Couture,la_couture,la,40.87,64.96,99.66
europe_lau,La Ferrière,la_ferriere,la,51.43,66.88,-0.7
europe_lau,La Garnache,la_garnache,la,49.13,63.81,6.35
europe_lau,La Gaubretière,la_gaubretiere,la,48.29,74.72,0.93
europe_lau,La Genétouze,la_genetouze,la,51.27,73.38,-7.6
europe_lau,La Guérinière,la_gueriniere,la,27.57,54.11,-22.06
europe_lau,La Jaudonnière,la_jaudonniere,la,44.4,57.36,75.06
europe_lau,La Jonchère,la_jonchere,la,51.51,68.86,29.22
europe_lau,Lairoux,lairoux,la,45.32,73.15,71.37
europe_lau,Landeronde,landeronde,la,35.58,54.13,48.01
europe_lau,Landevieille,landevieille,la,42.81,66.9,27.8
europe_lau,La Foye-Monjault,la_foye_monjault,la,50.63,57.72,35.47
europe_lau,Lageon,lageon,la,70.34,72.9,32.64
europe_lau,La Cassa,la_cassa,la,53.51,62.58,66.11
europe_lau,La Loggia,la_loggia,la,52.77,65.47,73.36
europe_lau,Lanzo Torinese,lanzo_torinese,la,48.79,64.35,52.26
europe_lau,Lauriano,lauriano,la,42.28,65.27,97.92
europe_lau,Ládbesenyő,ladbesenyo,la,46.74,53.17,56.9
europe_lau,Largeasse,largeasse,la,53.16,62.68,77.7
europe_lau,La Mothe-Saint-Héray,la_mothe_saint_heray,la,46.1,70.79,85.78
europe_lau,La Petite-Boissière,la_petite_boissiere,la,44.98,62.57,87.24
europe_lau,La Peyratte,la_peyratte,la,64.91,66.99,44.62
europe_lau,La Rochénard,la_rochenard,la,41.29,54.7,3.36
europe_lau,Lavena Ponte Tresa,lavena_ponte_tresa,la,37.05,53.5,79.26
europe_lau,Laveno-Mombello,laveno_mombello,la,58.94,65.12,64.97
europe_lau,Laytown  Bettystown,laytown_bettystown,la,31.15,51.37,25.95
europe_lau,Lasztonya,lasztonya,la,26.85,37.11,82.55
europe_lau,La Ville-du-Bois,la_ville_du_bois,la,56.49,68.36,61.28
europe_lau,Lačnov,lacnov,la,44.48,73.15,64.06
europe_lau,Lagnasco,lagnasco,la,56.27,69.86,80.64
europe_lau,La Morra,la_morra,la,49.56,57.39,74.4
europe_lau,La Garenne-Colombes,la_garenne_colombes,la,37.46,84.22,7.97
europe_lau,La Meilleraie-Tillay,la_meilleraie_tillay,la,32.58,46.73,10.81
europe_lau,La Merlatière,la_merlatiere,la,29.69,65.31,66.11
europe_lau,La Rabatelière,la_rabateliere,la,51.63,62.05,53.21
europe_lau,La Réorthe,la_reorthe,la,51.26,69.59,87.23
europe_lau,La Roche-sur-Yon,la_roche_sur_yon,la,56.47,72.1,41.24
europe_lau,Langhirano,langhirano,la,29.88,62.01,82.4
europe_lau,La Magdeleine,la_magdeleine,la,42.9,59.6,14.03
europe_lau,La Salle,la_salle,la,31.57,50.53,97.83
europe_lau,La Thuile,la_thuile,la,41.71,60.9,41.48
europe_lau,Laglio,laglio,la,55.8,66.76,71.87
europe_lau,Laino,laino,la,32.86,58.33,-52.4
europe_lau,Lambrugo,lambrugo,la,44.43,63.11,87.36
europe_lau,Lasnigo,lasnigo,la,59.16,68.94,47.43
europe_lau,Lázi,lazi,la,68.97,74.79,70.43
europe_lau,Lány,lany,la,52.47,58.1,59.52
europe_lau,Lašovice,lasovice,la,50.97,62.29,37.96
europe_lau,Lajosmizse,lajosmizse,la,50.42,54.13,56.9
europe_lau,Labská Stráň,labska_stran,la,39.26,65.1,98.75
europe_lau,Lagonegro,lagonegro,la,64.51,69.95,44.61
europe_lau,Latronico,latronico,la,64.28,71.21,51.93
europe_lau,Laurenzana,laurenzana,la,59.84,65.03,74.7
europe_lau,Lauria,lauria,la,56.22,63.2,78.94
europe_lau,Lavello,lavello,la,39.42,64.83,20.62
europe_lau,La Rochette,la_rochette,la,36.93,55.36,99.97
europe_lau,Laterina Pergine Valdarno,laterina_pergine_valdarno,la,55.47,62.16,74.21
europe_lau,Lábod,labod,la,55.46,75.16,63.28
europe_lau,Lama Mocogno,lama_mocogno,la,43.26,61.51,69.02
europe_lau,Lampertice,lampertice,la,59.7,81.1,77.06
europe_lau,Laigueglia,laigueglia,la,15.17,41.04,93.88
europe_lau,Lánycsók,lanycsok,la,52.97,65.09,68.43
europe_lau,Lápafő,lapafo,la,34.01,59.18,90.53
europe_lau,Látrány,latrany,la,57.7,67.18,67.8
europe_lau,Lamporo,lamporo,la,37.1,55.95,-12.42
europe_lau,Lažany,lazany,la,35.65,76.21,90.27
europe_lau,Ladánybene,ladanybene,la,57.63,81.43,45.26
europe_lau,Langanesbyggð,langanesbyggd,la,22.95,39.77,83.77
europe_lau,Lakitelek,lakitelek,la,62.56,77.69,38.61
europe_lau,Lapáncsa,lapancsa,la,31.42,46.05,12.68
europe_lau,Lago,lago,la,49.29,55.54,78.81
europe_lau,Laino Borgo,laino_borgo,la,33.31,53.32,13.61
europe_lau,Laino Castello,laino_castello,la,23.58,54.95,16.16
europe_lau,Lappano,lappano,la,18.64,44.56,-91.25
europe_lau,Lattarico,lattarico,la,23.38,54.17,-121.52
europe_lau,Lavagna,lavagna,la,50.94,67.55,29.05
europe_lau,Lány,lany,la,46.64,72.34,43.38
europe_lau,Lakhegy,lakhegy,la,35.31,64.73,89.67
europe_lau,Lábatlan,labatlan,la,49.46,59.38,82.63
europe_lau,Latera,latera,la,64.76,78.23,66.31
europe_lau,Lakócsa,lakocsa,la,60.2,63.81,72.35
europe_lau,Lak,lak,la,57.58,61.34,43.55
europe_lau,Landiona,landiona,la,63.15,73.72,49.96
europe_lau,Laces/Latsch,laces_latsch,la,48.42,64.08,81.25
europe_lau,Lagundo/Algund,lagundo_algund,la,38.13,59.75,78.43
europe_lau,Laion/Lajen,laion_lajen,la,45.65,66.83,13.51
europe_lau,Laives/Leifers,laives_leifers,la,52.17,62.98,86.39
europe_lau,Lana/Lana,lana_lana,la,34.09,46.65,56.81
europe_lau,Lasa/Laas,lasa_laas,la,37.88,65.3,95.02
europe_lau,Lauregno/Laurein,lauregno_laurein,la,21.63,55.31,92.93
europe_lau,La Spezia,la_spezia,la,58.45,63.35,51.11
europe_lau,Lázně Bělohrad,lazne_belohrad,la,62.36,71.44,56.01
europe_lau,Lacková,lackova,la,28.49,57.75,97.68
europe_lau,Łaskarzew,laskarzew,la,41.24,47.03,46.91
europe_lau,Łaskarzew,laskarzew,la,51.38,54.27,30.9
europe_lau,Lajkovac,lajkovac,la,36.29,48.78,94.47
europe_lau,Ladce,ladce,la,32.24,61.38,34.22
europe_lau,Lazy pod Makytou,lazy_pod_makytou,la,54.13,68.51,83.77
europe_lau,Lastomír,lastomir,la,50.76,68.36,53.61
europe_lau,Laškovce,laskovce,la,46.86,58.7,84.64
europe_lau,Lackovce,lackovce,la,49.39,73.81,-12.96
europe_lau,Ladomerská Vieska,ladomerska_vieska,la,37.47,66.48,78.92
europe_lau,Ladomirová,ladomirova,la,48.04,65.59,59.87
europe_lau,Lackov,lackov,la,51.99,72.87,26.17
europe_lau,Ladzany,ladzany,la,54.84,61.69,71.95
europe_lau,Lakšárska Nová Ves,laksarska_nova_ves,la,50.61,69.07,17.93
europe_lau,Landal,landal,la,62.28,80.07,62.4
europe_lau,Lazisko,lazisko,la,25.43,59.01,79.25
europe_lau,Lapovo,lapovo,la,46.48,60.7,36.43
europe_lau,Lazany,lazany,la,39.99,70.99,90.96
europe_lau,Lăzarea,lazarea,la,22.53,38.31,-22.25
europe_lau,Lanhoso,lanhoso,la,61,69.57,55.03
europe_lau,Ladmovce,ladmovce,la,46.96,67.41,87.38
europe_lau,Lastovce,lastovce,la,46.66,59.05,27.68
europe_lau,Lascov,lascov,la,48.58,69.25,57.53
europe_lau,Ladice,ladice,la,71.6,80.96,57.69
europe_lau,Látky,latky,la,36.77,55.72,65.19
europe_lau,Lapoş,lapos,la,46.38,58.27,65.54
europe_lau,Lăpugiu de Jos,lapugiu_de_jos,la,41.94,50.1,75.77
europe_lau,Landim,landim,la,30.21,48.48,91.21
europe_lau,Lage,lage,la,55.82,66.8,31.21
europe_lau,Lanhas,lanhas,la,53.55,69.6,90.47
europe_lau,Laskár,laskar,la,34.46,54.3,98.67
europe_lau,Landskrona,landskrona,la,32.87,49.65,36.31
europe_lau,Laholm,laholm,la,63.26,69.55,70.08
europe_lau,Lada,lada,la,26.15,48.57,98.68
europe_lau,Lažany,lazany,la,44.81,62.27,51.87
europe_lau,Lazuri,lazuri,la,39.4,55.72,86.95
europe_lau,Lázně Libverda,lazne_libverda,la,17.58,47.5,-55.61
europe_lau,Ladomirov,ladomirov,la,36.45,59.17,-36.16
europe_lau,Largu,largu,la,49.94,64.11,84.39
europe_lau,Láb,lab,la,52.03,67.25,14.49
europe_lau,Łąck,lack,la,56.68,72,52.11
europe_lau,Lazuri de Beiuş,lazuri_de_beius,la,26.32,60.01,48.33
europe_lau,Lăzăreni,lazareni,la,50.43,64.95,82.82
europe_lau,Laxå,laxa,la,35.94,54.63,99.24
europe_lau,Lahošť,lahost,la,53.59,77.54,82.46
europe_lau,Lăpuşnicel,lapusnicel,la,33.39,52.1,56.36
europe_lau,Lăpuşnicu Mare,lapusnicu_mare,la,54.66,71.25,73.24
europe_lau,Lány u Dašic,lany_u_dasic,la,44.36,60.36,53.45
europe_lau,Laško,lasko,la,49.1,61.95,28.81
europe_lau,Labruge,labruge,la,56.75,74.65,24.32
europe_lau,Landsmeer,landsmeer,la,43.82,77.94,88.31
europe_lau,Langedijk,langedijk,la,42.57,54.15,80.57
europe_lau,Laren,laren,la,35.87,60.49,99.8
europe_lau,Lamosa,lamosa,la,51.06,60.05,59.24
europe_lau,Lajeosa do Dão,lajeosa_do_dao,la,54,69.91,60.04
europe_lau,Lavegadas,lavegadas,la,35.09,46.21,75.78
europe_lau,Łazy,lazy,la,42.88,62.79,19.89
europe_lau,Łaziska Górne,laziska_gorne,la,66.53,69.96,46.73
europe_lau,"Labrujó, Rendufe e Vilar do Monte",labrujo_rendufe_e_vilar_do_monte,la,50.13,62.6,58.78
europe_lau,Lanheses,lanheses,la,28.88,61.32,91.53
europe_lau,Landeira,landeira,la,60.64,66.61,74.99
europe_lau,Łapanów,lapanow,la,53.74,66.2,72.87
europe_lau,Laconi,laconi,la,45.91,59.69,13.37
europe_lau,Larinho,larinho,la,50.29,60.06,70.75
europe_lau,Lăpuş,lapus,la,29.22,49.66,91.2
europe_lau,Lallio,lallio,la,47.41,63.35,91.2
europe_lau,Łagów,lagow,la,33.31,52.21,51.38
europe_lau,Langschlag,langschlag,la,67.65,72.99,56.94
europe_lau,Lama de Arcos,lama_de_arcos,la,37.64,71.19,73.04
europe_lau,Laskowa,laskowa,la,46.62,64.93,5.11
europe_lau,Łabowa,labowa,la,67.11,68.46,40.62
europe_lau,Łącko,lacko,la,40.16,59.44,67.85
europe_lau,Landgraaf,landgraaf,la,49.74,62.18,59.13
europe_lau,Lardosa,lardosa,la,60.7,72.9,34.91
europe_lau,Laloşu,lalosu,la,60.01,72.49,49.67
europe_lau,Lădeşti,ladesti,la,54.29,66.81,34.26
europe_lau,Lăpuşata,lapusata,la,60.94,73.63,61.99
europe_lau,Laerru,laerru,la,53.32,75.41,15.35
europe_lau,La Maddalena,la_maddalena,la,48.33,59.49,74.84
europe_lau,Lansingerland,lansingerland,la,40.38,56.52,71.85
europe_lau,Laarbeek,laarbeek,la,51.56,74.15,31.11
europe_lau,Landerd,landerd,la,37.28,57.86,68.38
europe_lau,Łaszczów,laszczow,la,48.25,61,79.14
europe_lau,Łabunie,labunie,la,74.75,75.76,61
europe_lau,Lagoa (Nossa Senhora do Rosário),lagoa_nossa_senhora_do_rosario,la,53.99,65.02,44.14
europe_lau,Lagoa (Santa Cruz),lagoa_santa_cruz,la,43.31,66.57,15.93
europe_lau,Lacusteni,lacusteni,la,50.86,61.82,64.53
europe_lau,Ładzice,ladzice,la,38.1,59.43,4.2
europe_lau,Łask,lask,la,39.8,55.15,40.67
europe_lau,Lajeosa do Mondego,lajeosa_do_mondego,la,61.93,69.12,59.5
europe_lau,Lanckorona,lanckorona,la,34.76,65.54,73.34
europe_lau,Łapsze Niżne,lapsze_nizne,la,57.75,59.81,38.07
europe_lau,La Valletta Brianza,la_valletta_brianza,la,30.76,53.5,71.83
europe_lau,Lavacolhos,lavacolhos,la,31.4,69.23,52.26
europe_lau,Ladoeiro,ladoeiro,la,37.58,60.91,16.72
europe_lau,Lanusei,lanusei,la,23.36,51.21,34.82
europe_lau,Lajes,lajes,la,51.78,69.55,29.5
europe_lau,Lajes do Pico,lajes_do_pico,la,41.64,62.99,50.83
europe_lau,Lago,lago,la,59.38,70.15,70.61
europe_lau,Łanięta,lanieta,la,47.23,60.79,88.6
europe_lau,Lajedo,lajedo,la,54.4,77.27,82.34
europe_lau,Lajes das Flores,lajes_das_flores,la,38.19,49.33,83.16
europe_lau,Lama,lama,la,36.65,57.2,-7.38
europe_lau,Lamegal,lamegal,la,47.5,65.31,53.25
europe_lau,Lameiras,lameiras,la,54.81,69.35,78.5
europe_lau,Lanhelas,lanhelas,la,62.09,75.35,46.5
europe_lau,Lara,lara,la,57.84,75.56,78.36
europe_lau,Lanzenkirchen,lanzenkirchen,la,32.18,55.42,62.42
europe_lau,Lavos,lavos,la,45.83,67.99,83.8
europe_lau,Lamas,lamas,la,25.55,54.97,-4.67
europe_lau,Langenrohr,langenrohr,la,60.19,73.94,49.58
europe_lau,Łagów,lagow,la,49.42,59.2,64.68
europe_lau,Łączna,laczna,la,37.44,56.26,80.03
europe_lau,Laslea,laslea,la,35.41,63.13,91.29
europe_lau,Laza,laza,la,55.72,67.06,39.33
europe_lau,Lavradas,lavradas,la,48.85,69.65,97.32
europe_lau,Lazsko,lazsko,la,50.71,62.04,91.27
europe_lau,Labruja,labruja,la,45.93,68.59,84.86
europe_lau,Lalim,lalim,la,47.56,70.42,59.05
europe_lau,Lazarim,lazarim,la,45.88,73.18,90.74
europe_lau,Lamego (Almacave e Sé),lamego_almacave_e_se,la,55.41,65.86,29.58
europe_lau,Lapa do Lobo,lapa_do_lobo,la,57.44,69.26,63.76
europe_lau,Lamas,lamas,la,67.47,69.73,59.99
europe_lau,Lagares,lagares,la,46.41,61.16,15.36
europe_lau,Lagares e Figueira,lagares_e_figueira,la,47.18,68.64,-7.78
europe_lau,Laundos,laundos,la,66.27,74.2,57.96
europe_lau,Lagoa,lagoa,la,63.76,77.33,43.37
europe_lau,Lamalonga,lamalonga,la,63.53,74.04,69.53
europe_lau,Lamas,lamas,la,51.04,60.92,73.39
europe_lau,Lamas de Orelhão,lamas_de_orelhao,la,38.73,57.99,-11.52
europe_lau,Λακατάμεια,lakatameia,la,43.74,62.27,56.25
europe_lau,Λάρνακα,larnaka,la,25.83,45.54,95.79
europe_lau,"Lauingen (Donau), St",lauingen_donau_st,la,39.93,58.71,51.2
europe_lau,La Chabanne,la_chabanne,la,44.26,62.51,-6.57
europe_lau,Lausanne,lausanne,la,31.25,54.15,59.92
europe_lau,Lac Léman (GE),lac_leman_ge,la,24.31,53.67,96.47
europe_lau,Lavis,lavis,la,27.72,53.37,80.05
