{
"type": "FeatureCollection",
"name": "lafnitz",
"crs": { "type": "name", "properties": { "name": "urn:ogc:def:crs:OGC:1.3:CRS84" } },
"features": [
{ "type": "Feature", "properties": { "name": "Lafnitz", "metric_roundness": 26.48, "metric_rectangularity": 58.68, "metric_mobile_fit": 88.08, "metric_aspect_ratio": 0.682, "metric_area_km2": 33.99 }, "geometry": { "type": "Polygon", "coordinates": [ [ [ 16.048315708793503, 47.324213151794304 ], [ 16.048357370396094, 47.324191634397515 ], [ 16.048981930948045, 47.324106471840622 ], [ 16.049107627971562, 47.324089258194398 ], [ 16.049171659408643, 47.324095928453104 ], [ 16.049195434163394, 47.324092212037428 ], [ 16.049299451909988, 47.32407569374454 ], [ 16.049436774274362, 47.324047669660928 ], [ 16.049509866600015, 47.324034857625534 ], [ 16.049582412456619, 47.3240294410787 ], [ 16.049691265424432, 47.323996241730768 ], [ 16.049770461349308, 47.323986255384746 ], [ 16.049806944710085, 47.323987638438055 ], [ 16.049853981109486, 47.323995972959409 ], [ 16.049911814355404, 47.323995407683299 ], [ 16.049918106366363, 47.323981303223803 ], [ 16.049923149929331, 47.323968668954237 ], [ 16.049939522510257, 47.323926595179465 ], [ 16.049952636285017, 47.323893241889046 ], [ 16.049965381062311, 47.323860437559382 ], [ 16.049972404465894, 47.323842534397627 ], [ 16.049953443915641, 47.323787976450056 ], [ 16.049926239230967, 47.323709576315053 ], [ 16.049923652251501, 47.323695322919555 ], [ 16.049908042509717, 47.323608094046605 ], [ 16.049897226605825, 47.323547130230409 ], [ 16.049895963192732, 47.323540588018467 ], [ 16.049921894311204, 47.323499007137357 ], [ 16.049952206866976, 47.323449939492072 ], [ 16.049981681549454, 47.323402602355699 ], [ 16.050050731625852, 47.323357564968688 ], [ 16.050106540099037, 47.323333099492956 ], [ 16.050178399856616, 47.323301499840397 ], [ 16.050200022038776, 47.323291982394515 ], [ 16.050234945815323, 47.323232181313251 ], [ 16.050249438343773, 47.323207618218298 ], [ 16.050255145675056, 47.323192447271005 ], [ 16.050271230129869, 47.323149930131805 ], [ 16.050273901616631, 47.323142664099798 ], [ 16.050310009589921, 47.323013240845505 ], [ 16.050304868981019, 47.322838702965285 ], [ 16.05020429973515, 47.322790948095651 ], [ 16.050192522396063, 47.322780784659422 ], [ 16.050177833789363, 47.322768079575937 ], [ 16.050028036853156, 47.322638486986399 ], [ 16.049942072864006, 47.322576069557556 ], [ 16.049924470409895, 47.322563343721761 ], [ 16.04980218785294, 47.322536181898435 ], [ 16.049664640957424, 47.322500559951791 ], [ 16.049459308523556, 47.322472762066234 ], [ 16.049364103571786, 47.322431451178652 ], [ 16.049277588610803, 47.322368596222873 ], [ 16.049206893152824, 47.322324991777286 ], [ 16.049151038644652, 47.322297059899093 ], [ 16.049088859985517, 47.32230835181732 ], [ 16.049069544729615, 47.322367871424021 ], [ 16.049084037325674, 47.322438561248148 ], [ 16.04910149026443, 47.322523045447383 ], [ 16.049084041197187, 47.322590533434315 ], [ 16.04907154412442, 47.322638456977664 ], [ 16.049061294183034, 47.322678584422803 ], [ 16.049004334662779, 47.322719282337928 ], [ 16.048602922471961, 47.322580995482468 ], [ 16.048581930136756, 47.322558986820681 ], [ 16.048525127923607, 47.322499746400297 ], [ 16.048405235471446, 47.322374842706758 ], [ 16.048325854442023, 47.322319380065679 ], [ 16.048321593123354, 47.32231633028254 ], [ 16.048265147335119, 47.322276888078228 ], [ 16.048154465894648, 47.32222811141893 ], [ 16.04804502074159, 47.322205954426799 ], [ 16.047814010401975, 47.32223494327679 ], [ 16.047763832637902, 47.322224701939845 ], [ 16.047724115567068, 47.322180990556213 ], [ 16.04777436803256, 47.322094807017137 ], [ 16.047860847841779, 47.322017935898991 ], [ 16.047916556413028, 47.321968355224627 ], [ 16.047911009675943, 47.321906815875842 ], [ 16.047928920453586, 47.321845709314637 ], [ 16.047933656392413, 47.321829661272602 ], [ 16.047929212612853, 47.321787002203251 ], [ 16.047956481420574, 47.321694162379522 ], [ 16.0480200204757, 47.321639803941473 ], [ 16.048104152599826, 47.321604852799851 ], [ 16.048133319585347, 47.321592725557132 ], [ 16.048268211387779, 47.32156647109462 ], [ 16.048306530725803, 47.321541791997845 ], [ 16.048284898250881, 47.321497020678976 ], [ 16.048209084402284, 47.321454257580662 ], [ 16.048102741460674, 47.321438329101547 ], [ 16.047930921329598, 47.321423596741504 ], [ 16.047835813504641, 47.321399568279226 ], [ 16.047739522970499, 47.32132677108627 ], [ 16.047673956190565, 47.321277281876064 ], [ 16.047672709503455, 47.321188631042602 ], [ 16.047714909707057, 47.321131268710985 ], [ 16.047791315096834, 47.321087678393965 ], [ 16.047898618669642, 47.321063070389521 ], [ 16.048013414697216, 47.321019377689858 ], [ 16.04800446873265, 47.320876261071362 ], [ 16.047994050139742, 47.320838425629439 ], [ 16.047978698311194, 47.320781890980648 ], [ 16.047840867101545, 47.32061698929779 ], [ 16.047852977164265, 47.320522889218303 ], [ 16.047884747160957, 47.320484141026263 ], [ 16.047948772629859, 47.320462452259264 ], [ 16.048001630657918, 47.320460475590394 ], [ 16.048070083462513, 47.320457948139421 ], [ 16.048223066901009, 47.320412807261995 ], [ 16.048336309374911, 47.320393009330814 ], [ 16.048458214698044, 47.320371744901465 ], [ 16.048768360954533, 47.320344744306261 ], [ 16.048932634707544, 47.3203518220745 ], [ 16.049014177094318, 47.320372120771026 ], [ 16.04910917882394, 47.320479069292389 ], [ 16.049124123571865, 47.320602326464098 ], [ 16.049114751616845, 47.32063892184712 ], [ 16.049025827211512, 47.320722244353639 ], [ 16.049036222020774, 47.320834265817844 ], [ 16.049062384580829, 47.320925925460735 ], [ 16.049111970920166, 47.320996771124484 ], [ 16.049142286188623, 47.321022429319747 ], [ 16.049154332036021, 47.321032676498128 ], [ 16.049281661589138, 47.321044773761798 ], [ 16.049424367211873, 47.321005727725733 ], [ 16.049499397623585, 47.320891674651705 ], [ 16.049508501358901, 47.32080610874489 ], [ 16.049484547052327, 47.320698191086237 ], [ 16.049470959862415, 47.320637383174528 ], [ 16.049481491313127, 47.320546111358787 ], [ 16.049431060923684, 47.320430540513172 ], [ 16.049384815899167, 47.320370599304724 ], [ 16.049352327555283, 47.320328427152866 ], [ 16.049357705674865, 47.320242499702836 ], [ 16.049377040539909, 47.320211699431155 ], [ 16.049493148500702, 47.320170404804195 ], [ 16.049597397887368, 47.320150819482819 ], [ 16.049669854675351, 47.320118035439279 ], [ 16.0498211719202, 47.319973627771773 ], [ 16.049920011592935, 47.319933823806387 ], [ 16.050040225027256, 47.319920880748178 ], [ 16.05015109590742, 47.319909060123386 ], [ 16.050257771028775, 47.319921197434127 ], [ 16.050442816242768, 47.319912563602571 ], [ 16.050557047398655, 47.319924880989497 ], [ 16.050836183257278, 47.320020874698272 ], [ 16.050966597056743, 47.320044060500422 ], [ 16.05101994002117, 47.320020643486998 ], [ 16.051028343113405, 47.320001266902359 ], [ 16.051038043457872, 47.319978798389855 ], [ 16.051016439173818, 47.319919171741439 ], [ 16.050886770322109, 47.319812689534629 ], [ 16.050589840683799, 47.319707936171262 ], [ 16.050394144390321, 47.319661364532742 ], [ 16.050309415797624, 47.31960486012084 ], [ 16.050037208428336, 47.319476199173373 ], [ 16.049779365013034, 47.319433715768064 ], [ 16.049720415447105, 47.319453664319688 ], [ 16.049682545627867, 47.31946644916097 ], [ 16.049319201659628, 47.319692065508335 ], [ 16.04924611556013, 47.319730626290124 ], [ 16.049159668699449, 47.319743665849963 ], [ 16.049014887206418, 47.319731983517826 ], [ 16.048879750550299, 47.319689010976916 ], [ 16.048797481435464, 47.319626234861701 ], [ 16.048635497902765, 47.319475683143061 ], [ 16.048552013361814, 47.319427880905288 ], [ 16.048414871152296, 47.319397379797884 ], [ 16.048341607471336, 47.31940416328468 ], [ 16.048301683620991, 47.319407903364443 ], [ 16.048147633400731, 47.319527525390441 ], [ 16.048070832469815, 47.319686995262693 ], [ 16.048057225488108, 47.319811201311197 ], [ 16.047953126560831, 47.319856890630625 ], [ 16.047906937404907, 47.319854657383779 ], [ 16.047805630754478, 47.319856795245386 ], [ 16.047742624521078, 47.319854511493396 ], [ 16.04770061044329, 47.319856230322614 ], [ 16.047671190364866, 47.31985053736669 ], [ 16.047628593940228, 47.319840926111844 ], [ 16.047605068271817, 47.319826270014758 ], [ 16.047563636545494, 47.319839318851557 ], [ 16.047544383759014, 47.319838245893621 ], [ 16.04746312332658, 47.319841437552853 ], [ 16.047369709656451, 47.319863194251511 ], [ 16.0473338114919, 47.31987314047872 ], [ 16.047313583991997, 47.319873711201879 ], [ 16.047293469181216, 47.319879050882562 ], [ 16.047265665472633, 47.319876470493895 ], [ 16.0472487701768, 47.319862016886276 ], [ 16.047205258479785, 47.319847475524668 ], [ 16.047187267281469, 47.319837459465909 ], [ 16.047144171193136, 47.319810393907765 ], [ 16.047128623881232, 47.319806711962137 ], [ 16.047065983867274, 47.319806399817033 ], [ 16.047054071623521, 47.319803891917495 ], [ 16.047007128694219, 47.319779258522097 ], [ 16.046965234296117, 47.319742080883138 ], [ 16.046913796547106, 47.319712422491804 ], [ 16.046906073627653, 47.319701262099137 ], [ 16.046904846318753, 47.319679953934624 ], [ 16.046896527135591, 47.319636576642424 ], [ 16.046904487444397, 47.319600825289285 ], [ 16.046906421024978, 47.319574040164646 ], [ 16.046898225072077, 47.319551096961746 ], [ 16.046894746250313, 47.319524620501461 ], [ 16.046897433419538, 47.31949961808926 ], [ 16.046902796094223, 47.319493188504069 ], [ 16.046912532867001, 47.319481703285987 ], [ 16.046963478346477, 47.319457985036571 ], [ 16.046992719013904, 47.319455039462888 ], [ 16.047025886230401, 47.319446058538801 ], [ 16.047058761924649, 47.319444287005766 ], [ 16.047137995266141, 47.319424848192142 ], [ 16.047208712907132, 47.319402010448201 ], [ 16.047229308496945, 47.319393148146716 ], [ 16.047292701245684, 47.319374625837888 ], [ 16.047325681729358, 47.319359437127481 ], [ 16.047402844568978, 47.319333204978051 ], [ 16.047458431156667, 47.319335395143007 ], [ 16.047487269205799, 47.319304009231949 ], [ 16.047497676232858, 47.319292688092567 ], [ 16.047523541877279, 47.319275597702308 ], [ 16.047557446838624, 47.31926551871414 ], [ 16.047575216347099, 47.319258344070846 ], [ 16.047636693853583, 47.319233474886047 ], [ 16.047650812898805, 47.319209371143067 ], [ 16.047689188077356, 47.319188382154408 ], [ 16.047742271549719, 47.31917793730733 ], [ 16.047813814720474, 47.319189201284594 ], [ 16.047905696285198, 47.31918917806712 ], [ 16.047979881851319, 47.319236391516995 ], [ 16.047993224311814, 47.319256421358737 ], [ 16.048016589865139, 47.319270540993706 ], [ 16.048087868900407, 47.319268936654332 ], [ 16.048148304700664, 47.319267590034009 ], [ 16.048169778648575, 47.319250063704779 ], [ 16.04819177252342, 47.319206596092087 ], [ 16.048199099184281, 47.319192016965822 ], [ 16.048241200663163, 47.319179132021958 ], [ 16.048301910071174, 47.319177958875429 ], [ 16.048342933316256, 47.319162128504033 ], [ 16.048356431413502, 47.319156855901888 ], [ 16.048389222866017, 47.319132848331726 ], [ 16.048407205093945, 47.319091186632896 ], [ 16.04844990016333, 47.319066673500139 ], [ 16.048565714996172, 47.31904546364634 ], [ 16.048641524806087, 47.319041860581407 ], [ 16.048682405445952, 47.319005236314496 ], [ 16.048680551407813, 47.318982052401324 ], [ 16.048662654580617, 47.31892494812184 ], [ 16.048655159861784, 47.318856432672661 ], [ 16.048645576212408, 47.318819387706462 ], [ 16.048647155680072, 47.318757408829569 ], [ 16.048667584340667, 47.318732434677536 ], [ 16.048661179870802, 47.318664523522251 ], [ 16.048594521564027, 47.318634957684729 ], [ 16.048553228811588, 47.318642961870502 ], [ 16.048501840158945, 47.318637431332057 ], [ 16.048455012280169, 47.318607303911122 ], [ 16.048484313546922, 47.318574646275451 ], [ 16.048523771780939, 47.318525811660407 ], [ 16.048540335223251, 47.318477161245113 ], [ 16.0486162784863, 47.318360296012337 ], [ 16.048689666457118, 47.318299310696602 ], [ 16.048741545762397, 47.318231994396449 ], [ 16.048746298704323, 47.318221437787166 ], [ 16.048684480787607, 47.318162406814011 ], [ 16.048661358729451, 47.31816331670862 ], [ 16.04863228348227, 47.318154014580045 ], [ 16.048538105984356, 47.318109347607461 ], [ 16.048510327252146, 47.318089210904091 ], [ 16.048492833914409, 47.31807342123669 ], [ 16.048460872768906, 47.31806463783446 ], [ 16.048360654454161, 47.31803379905358 ], [ 16.048348912722016, 47.318026875724335 ], [ 16.048249929246765, 47.317968548041755 ], [ 16.048228266039551, 47.317910272812036 ], [ 16.048181927978995, 47.317894808701425 ], [ 16.04812880722141, 47.317889049096813 ], [ 16.048083730141308, 47.317903265194289 ], [ 16.047980792253906, 47.317914805299679 ], [ 16.047915150330113, 47.317902410850131 ], [ 16.047850679021462, 47.317894760179676 ], [ 16.047793756616027, 47.317851097716144 ], [ 16.047763467947004, 47.31782075696983 ], [ 16.047744746533404, 47.317775916382843 ], [ 16.047713414975753, 47.317740738740873 ], [ 16.047695619247282, 47.317695876144761 ], [ 16.047704485606566, 47.317672617476717 ], [ 16.04777331392356, 47.317618223353449 ], [ 16.047887251110069, 47.317563117067472 ], [ 16.047957169381544, 47.317568567516631 ], [ 16.047986786975592, 47.317578127007856 ], [ 16.048081696654663, 47.317595857734993 ], [ 16.04815918083203, 47.317596536625047 ], [ 16.048209085314699, 47.317593819725836 ], [ 16.048334979478255, 47.317619366588552 ], [ 16.048351180927757, 47.317620331876213 ], [ 16.048367113294191, 47.317621213527886 ], [ 16.048428594848584, 47.317624793556632 ], [ 16.048469061971204, 47.317623921474912 ], [ 16.048546931722019, 47.317647548841165 ], [ 16.048600981609034, 47.317645633520222 ], [ 16.048663753148467, 47.317648552535118 ], [ 16.048712355693727, 47.317648837396121 ], [ 16.048778074237116, 47.317660149191042 ], [ 16.048828442087562, 47.317687041206895 ], [ 16.048870856668561, 47.317693145095319 ], [ 16.048957027685123, 47.317726298143697 ], [ 16.048961613305263, 47.317743385023661 ], [ 16.048955359919429, 47.317804574755286 ], [ 16.048962954615085, 47.317846708734074 ], [ 16.049047864079142, 47.31793255986549 ], [ 16.049104326470477, 47.318013595543185 ], [ 16.049171312602123, 47.318049545480008 ], [ 16.04925367092066, 47.318080628247877 ], [ 16.049329181906199, 47.318107282224148 ], [ 16.049401435994866, 47.318119518616193 ], [ 16.04946201570197, 47.318123569708156 ], [ 16.049633197127452, 47.318108064289156 ], [ 16.049708220553953, 47.318109791018266 ], [ 16.049872730683227, 47.318075267307201 ], [ 16.049913372283314, 47.318088075291108 ], [ 16.049950407256031, 47.318125997688526 ], [ 16.049942970012147, 47.318169299480047 ], [ 16.04994265969723, 47.318225036082602 ], [ 16.049936870958419, 47.318259205522047 ], [ 16.049945426113304, 47.318291683283761 ], [ 16.04993553767066, 47.318343956456211 ], [ 16.049933360908256, 47.318422605342519 ], [ 16.049964859575269, 47.318484157539949 ], [ 16.049987265706779, 47.318507932922742 ], [ 16.049996448601505, 47.318532022860929 ], [ 16.050014658415197, 47.318554007410221 ], [ 16.050144728804472, 47.318642654805949 ], [ 16.050167922716046, 47.318658578713645 ], [ 16.050235866103943, 47.318679650162878 ], [ 16.05027119696225, 47.318699876891834 ], [ 16.050303801452849, 47.318708284373301 ], [ 16.050384022545263, 47.318708086400704 ], [ 16.050420388132032, 47.318696957656641 ], [ 16.050460695194023, 47.318669799624999 ], [ 16.050482329627872, 47.318642545662165 ], [ 16.050468268082941, 47.318600835712147 ], [ 16.050471252619086, 47.318450412817008 ], [ 16.050510175500275, 47.318432380833436 ], [ 16.050516552077902, 47.318373618888025 ], [ 16.050524877188217, 47.318347581890784 ], [ 16.050543722645347, 47.318322735077516 ], [ 16.050597668775001, 47.318272474607355 ], [ 16.050602255805043, 47.318235542754145 ], [ 16.050648115941527, 47.318177371855114 ], [ 16.050683214563314, 47.318149347319739 ], [ 16.050713941713269, 47.318110983185264 ], [ 16.050688429076555, 47.318104027639492 ], [ 16.050596397653891, 47.31799818015579 ], [ 16.050483259673136, 47.317868076246995 ], [ 16.050424647922664, 47.317750449693442 ], [ 16.050368035698092, 47.317635656536119 ], [ 16.050312455731564, 47.317522909510735 ], [ 16.050300943616364, 47.317499865353234 ], [ 16.050320172475903, 47.317500488241947 ], [ 16.050333781349106, 47.317479367285706 ], [ 16.050365452882065, 47.317454215338358 ], [ 16.050385217496522, 47.317408639526356 ], [ 16.05041047212735, 47.317369415326596 ], [ 16.050416657228162, 47.317366117079779 ], [ 16.050438042928921, 47.317354624466084 ], [ 16.050449383044562, 47.317348592664125 ], [ 16.050466861558082, 47.317325488966965 ], [ 16.050476499137229, 47.317286366232132 ], [ 16.050472891821425, 47.317254851151255 ], [ 16.050490409873806, 47.317199065225061 ], [ 16.050530442347682, 47.317153727389879 ], [ 16.05055603568325, 47.317128810035243 ], [ 16.050579670635319, 47.317107000329187 ], [ 16.05062898526743, 47.317072245325491 ], [ 16.050682348515188, 47.317049278066456 ], [ 16.05074609496263, 47.317027414174085 ], [ 16.050802117080654, 47.317017528127735 ], [ 16.050898267472675, 47.316987330444306 ], [ 16.050952968487923, 47.316985218435462 ], [ 16.050986732507408, 47.316972440797329 ], [ 16.051052083415872, 47.316938024222111 ], [ 16.051076628522289, 47.316908179976863 ], [ 16.051084083056239, 47.316883244014086 ], [ 16.051104510158968, 47.316804250745498 ], [ 16.051112924725935, 47.316764526829537 ], [ 16.051123039044473, 47.316729534109193 ], [ 16.051138424643884, 47.316688924037464 ], [ 16.051137519718125, 47.316655904154381 ], [ 16.051144808972392, 47.316617467451373 ], [ 16.051176372484431, 47.316595378884088 ], [ 16.051226973539588, 47.31654447741262 ], [ 16.051291863637918, 47.316498547665596 ], [ 16.051369416347196, 47.316477435177596 ], [ 16.051406560330214, 47.316478891906513 ], [ 16.051435903560812, 47.316475402521668 ], [ 16.051452088846958, 47.316473486751335 ], [ 16.051531156810615, 47.316466382941854 ], [ 16.051581500323795, 47.316449069045653 ], [ 16.051602437807382, 47.316436596524341 ], [ 16.051628001239148, 47.316421402981973 ], [ 16.051872363385698, 47.316382274502963 ], [ 16.051979092373053, 47.316372441167992 ], [ 16.052084431175153, 47.316327888802405 ], [ 16.052178451496189, 47.316305213290327 ], [ 16.052272798398043, 47.316286311232226 ], [ 16.052327833673836, 47.31627527750225 ], [ 16.052402896818091, 47.316272679960704 ], [ 16.052454287648683, 47.316283430457425 ], [ 16.052479090533598, 47.316304897514065 ], [ 16.052523299491419, 47.316315008708131 ], [ 16.052569981148395, 47.316326861629513 ], [ 16.052610046166553, 47.316367051848324 ], [ 16.052671288685676, 47.316404577014083 ], [ 16.052665706060122, 47.316460709345726 ], [ 16.052691741368054, 47.316477825515818 ], [ 16.052739936915959, 47.316477938267973 ], [ 16.052781022489455, 47.316499377642856 ], [ 16.052890246329909, 47.316548274413151 ], [ 16.052919487626777, 47.316565944403003 ], [ 16.052954741438565, 47.316587252507141 ], [ 16.053031517351421, 47.316628188870375 ], [ 16.053046732842621, 47.316651144579801 ], [ 16.053044490157681, 47.316669294261231 ], [ 16.053061826001176, 47.316715427518865 ], [ 16.053124703366414, 47.316766688294805 ], [ 16.05315441377244, 47.316829452685639 ], [ 16.053165236690287, 47.316890506162899 ], [ 16.053137851143401, 47.316919158098059 ], [ 16.05308311124023, 47.316941078945042 ], [ 16.053070525887136, 47.316946060300161 ], [ 16.052913639675161, 47.317002554864573 ], [ 16.052895182724079, 47.317009206559192 ], [ 16.052838445790709, 47.31704891098483 ], [ 16.052813866147041, 47.317062640871491 ], [ 16.052763987003242, 47.317096690046014 ], [ 16.052734062516947, 47.317132604830327 ], [ 16.052703504723624, 47.317145936861621 ], [ 16.052663213867195, 47.317173365452049 ], [ 16.052637002987826, 47.317211982744709 ], [ 16.052614551682975, 47.317236195551935 ], [ 16.052577887557739, 47.317254354570942 ], [ 16.052523687843721, 47.317273921462203 ], [ 16.05250388475098, 47.31728528676355 ], [ 16.052442760719501, 47.317301507273307 ], [ 16.052368020515551, 47.317328405529793 ], [ 16.052336249617152, 47.317359322416941 ], [ 16.052328175814619, 47.317367077265871 ], [ 16.052283660776311, 47.317410181677459 ], [ 16.05226550394141, 47.317427809920098 ], [ 16.052262861371478, 47.317471627976801 ], [ 16.052290710075841, 47.317498244372757 ], [ 16.052306451238547, 47.317528840309208 ], [ 16.052276982492756, 47.317571046288691 ], [ 16.052272977691931, 47.317598691170517 ], [ 16.052263593693109, 47.317663286864153 ], [ 16.052269584276544, 47.317697356074184 ], [ 16.052294117208774, 47.31771099689842 ], [ 16.052327036224963, 47.31772551842662 ], [ 16.052424596863883, 47.317743272501232 ], [ 16.052465858870072, 47.317750122758127 ], [ 16.05262691230525, 47.317777078570252 ], [ 16.052849768487228, 47.317826690781317 ], [ 16.052913261306401, 47.317859030490482 ], [ 16.052989129881155, 47.317897737747415 ], [ 16.053046018577174, 47.317950941833772 ], [ 16.053207376632461, 47.318102042598859 ], [ 16.053242289498048, 47.318134702687239 ], [ 16.053326880053305, 47.318137099495935 ], [ 16.053381238494108, 47.318138595757915 ], [ 16.053554655025692, 47.318045694401683 ], [ 16.053820316373567, 47.317903328953747 ], [ 16.054114448716152, 47.317745699482295 ], [ 16.054059620159038, 47.317709372694928 ], [ 16.054035632109944, 47.317693468477032 ], [ 16.054052538062553, 47.317646429532886 ], [ 16.054084866241919, 47.317538972330695 ], [ 16.054137133685568, 47.317363696701513 ], [ 16.05414683301581, 47.317330964338915 ], [ 16.054151751968973, 47.317318512864908 ], [ 16.054200498526036, 47.31722137815872 ], [ 16.054254780752746, 47.317113487846051 ], [ 16.054275430039279, 47.317072301728622 ], [ 16.05431391176873, 47.316996929001796 ], [ 16.054323899913278, 47.316977514360822 ], [ 16.054313256550689, 47.31694823771182 ], [ 16.054337222826891, 47.316909763514779 ], [ 16.054389918048809, 47.316925253740401 ], [ 16.054516334718176, 47.316896672596165 ], [ 16.054552057718787, 47.31688852882769 ], [ 16.054828304527692, 47.316825856335093 ], [ 16.054934142860077, 47.316819282599823 ], [ 16.055114678530433, 47.316808137488358 ], [ 16.055354188483797, 47.316654327302253 ], [ 16.05543513706797, 47.316568128485059 ], [ 16.055475804966971, 47.316524934405919 ], [ 16.055491704084833, 47.316491784022517 ], [ 16.055500434318979, 47.316473659688398 ], [ 16.055513831759026, 47.316458755256463 ], [ 16.055551887415593, 47.316416253634856 ], [ 16.055568029404409, 47.316395521768165 ], [ 16.055605214750962, 47.316359253032665 ], [ 16.055630958267574, 47.316337301925671 ], [ 16.05570533434901, 47.316293124128499 ], [ 16.055726143206101, 47.316280743924366 ], [ 16.055799811171205, 47.316245946199039 ], [ 16.055870735565652, 47.31624524566908 ], [ 16.055964947497007, 47.316257134456187 ], [ 16.056130355604708, 47.316260753365036 ], [ 16.056197310802762, 47.316262668147736 ], [ 16.056244011782216, 47.316274879251246 ], [ 16.056369297454982, 47.316275763207138 ], [ 16.056458159011644, 47.316253207138907 ], [ 16.056559807447332, 47.316216751340839 ], [ 16.056575436222879, 47.316198912561909 ], [ 16.05659937190288, 47.316185557313943 ], [ 16.05661284314829, 47.316172091484951 ], [ 16.056625435171128, 47.316159546934877 ], [ 16.056697574734304, 47.316087422051304 ], [ 16.056754610139564, 47.316017638021869 ], [ 16.056763649145363, 47.315972136683342 ], [ 16.056772944715583, 47.31595985079376 ], [ 16.056797592927584, 47.315926941703303 ], [ 16.056802175006649, 47.315905404962528 ], [ 16.056803587892396, 47.315899429197017 ], [ 16.056810100228933, 47.315869113379271 ], [ 16.056813524728472, 47.315848234464518 ], [ 16.056815733487657, 47.315834587052585 ], [ 16.056826586059842, 47.315803717564805 ], [ 16.056844010533599, 47.315769360178507 ], [ 16.056845349618417, 47.315746550308475 ], [ 16.056847579833619, 47.315710214481541 ], [ 16.056842026916097, 47.315689819766881 ], [ 16.056828483284395, 47.315640265404021 ], [ 16.0568128497906, 47.315583558373213 ], [ 16.056788947294915, 47.315497428233435 ], [ 16.056780594382303, 47.315481781924575 ], [ 16.056754215819783, 47.315432353593408 ], [ 16.056744552348167, 47.315414397722499 ], [ 16.05674235104706, 47.315410218747239 ], [ 16.056732381402721, 47.31539145989511 ], [ 16.056708696027655, 47.315345478548657 ], [ 16.056630239631559, 47.315228328145977 ], [ 16.056626788054889, 47.315223008577703 ], [ 16.056577291869484, 47.315161707189418 ], [ 16.056552665217076, 47.315033279543137 ], [ 16.056549732507545, 47.314978970543109 ], [ 16.056566699476324, 47.314884393127436 ], [ 16.056587021050106, 47.314852307499912 ], [ 16.056632686503693, 47.314780273762317 ], [ 16.056644802851238, 47.314761078223427 ], [ 16.056705024441392, 47.314681224708913 ], [ 16.056728287204869, 47.314649699127074 ], [ 16.056790251333496, 47.314629314736393 ], [ 16.05684592623636, 47.314628166960162 ], [ 16.056970776629363, 47.314625819415781 ], [ 16.057053970633667, 47.314596105443741 ], [ 16.057113375976286, 47.314574881591433 ], [ 16.057307737435767, 47.314470040487123 ], [ 16.057359318755992, 47.314417762243508 ], [ 16.057372907665158, 47.314404023405736 ], [ 16.057430360909869, 47.314288493043733 ], [ 16.057472297421469, 47.314187827865837 ], [ 16.05749590779152, 47.314132255433357 ], [ 16.057506354931277, 47.314008843247663 ], [ 16.057485647222141, 47.31384863119888 ], [ 16.057482025410081, 47.313742480544455 ], [ 16.05744587607273, 47.313578045262993 ], [ 16.057430501788541, 47.31355716461713 ], [ 16.05736691009028, 47.313476663017752 ], [ 16.057266786224819, 47.313419360631066 ], [ 16.057178385877375, 47.313368620900071 ], [ 16.057128678989731, 47.313341716782269 ], [ 16.056775946463571, 47.313335274848427 ], [ 16.056693248166948, 47.313371999291086 ], [ 16.056680454755767, 47.313393461778084 ], [ 16.056691970704804, 47.313429379744171 ], [ 16.056640899406155, 47.313501812563871 ], [ 16.056639301102713, 47.313504191497202 ], [ 16.056636951210773, 47.313507398637356 ], [ 16.05660685087847, 47.31352954395615 ], [ 16.056564719332229, 47.31352631724878 ], [ 16.05651472862829, 47.313529850238979 ], [ 16.056458645164525, 47.313505078591277 ], [ 16.056360519068622, 47.313458261460852 ], [ 16.056203950938233, 47.313384567971632 ], [ 16.056154587383261, 47.313428509930496 ], [ 16.055843150791215, 47.313527227364219 ], [ 16.055702872993876, 47.313571806107298 ], [ 16.055482982144863, 47.313576868156403 ], [ 16.055507735514457, 47.313206969559978 ], [ 16.055530468807873, 47.312869800465855 ], [ 16.055548751842224, 47.312597830097495 ], [ 16.055558780060561, 47.312448229036214 ], [ 16.055562422282584, 47.312393043025992 ], [ 16.055568996312434, 47.312294572077029 ], [ 16.055575363689677, 47.312199797337612 ], [ 16.055591260465523, 47.311953452721497 ], [ 16.055639367777999, 47.311207116315323 ], [ 16.055664585847527, 47.310823161559348 ], [ 16.055592872748957, 47.310831533604109 ], [ 16.055072453988657, 47.310892196439653 ], [ 16.053975364586989, 47.311095973409209 ], [ 16.05382221262775, 47.311124380993249 ], [ 16.053040718934472, 47.311269401435588 ], [ 16.052845544450527, 47.31130439051914 ], [ 16.052496381380209, 47.311366994678245 ], [ 16.052005551767802, 47.311462591063822 ], [ 16.051750109789864, 47.311512337758337 ], [ 16.051734715651307, 47.311563031681011 ], [ 16.051687630690548, 47.311715585072719 ], [ 16.051290870502793, 47.311797414809497 ], [ 16.050777659283941, 47.311882644738439 ], [ 16.049841157232446, 47.31203844407387 ], [ 16.049567663200214, 47.31207961211539 ], [ 16.048379890079673, 47.312258391979725 ], [ 16.047880190205319, 47.31233365409102 ], [ 16.047733852243795, 47.312355679219152 ], [ 16.047579140052488, 47.312379613801383 ], [ 16.047456847963772, 47.312395575106038 ], [ 16.047411904035386, 47.312404566091281 ], [ 16.046701319432465, 47.312642119299582 ], [ 16.046616870192022, 47.312639714442817 ], [ 16.046049915364776, 47.31282064222701 ], [ 16.04593195029069, 47.312846132380578 ], [ 16.045667874464307, 47.312903272747093 ], [ 16.045088049632078, 47.31323071150112 ], [ 16.045013640647138, 47.313230497839818 ], [ 16.04485858606353, 47.313180791501814 ], [ 16.044817795462915, 47.313162403453902 ], [ 16.04452009943007, 47.313224840961787 ], [ 16.044426031722608, 47.313277491640335 ], [ 16.044290009416034, 47.313353555962209 ], [ 16.044247993336683, 47.313373189834323 ], [ 16.044181154051206, 47.313404396754045 ], [ 16.044058512182875, 47.313405867673289 ], [ 16.043925155864063, 47.313407502763958 ], [ 16.043848129921535, 47.313407890642779 ], [ 16.043710624006859, 47.31340863364133 ], [ 16.043647328033458, 47.313434084194192 ], [ 16.043613257469215, 47.313466673741949 ], [ 16.043590554077515, 47.313537616717085 ], [ 16.043558475891579, 47.313637411996112 ], [ 16.043500149726086, 47.313715862698871 ], [ 16.04341660630574, 47.313728559121508 ], [ 16.043371286963563, 47.313738007536422 ], [ 16.04329649010128, 47.313753467309581 ], [ 16.043178946192938, 47.313794970028631 ], [ 16.043168443897972, 47.313799270642264 ], [ 16.042986139404331, 47.313873820733072 ], [ 16.042918099444108, 47.313897132658667 ], [ 16.042773162058147, 47.313946577439516 ], [ 16.042735276053044, 47.313959000301168 ], [ 16.042639789092295, 47.313976301001183 ], [ 16.042508883588773, 47.313999933800325 ], [ 16.042386018894451, 47.314028057290464 ], [ 16.042132169758332, 47.314086027000272 ], [ 16.041890661394117, 47.314134250188268 ], [ 16.041860410213843, 47.3141355079051 ], [ 16.041829238089175, 47.314136877488309 ], [ 16.041644054368142, 47.314181153288523 ], [ 16.041588633449457, 47.31417175403854 ], [ 16.041335993202736, 47.314129399020231 ], [ 16.041320238849725, 47.314126801609952 ], [ 16.041290702613686, 47.314126511698674 ], [ 16.041198004244151, 47.314125918959697 ], [ 16.041082401940628, 47.314138203461361 ], [ 16.041021893054371, 47.314153502976772 ], [ 16.040949098155529, 47.314171884726399 ], [ 16.040920276430086, 47.314185532540009 ], [ 16.040773610714677, 47.314255542704082 ], [ 16.040654990902436, 47.314286444635087 ], [ 16.040430384032636, 47.314354520882681 ], [ 16.040409541817699, 47.31436113706237 ], [ 16.0402318584974, 47.314417476894597 ], [ 16.040149613795258, 47.314432300833474 ], [ 16.040102014304949, 47.314451525285847 ], [ 16.039965971411551, 47.314506697598794 ], [ 16.039856382543128, 47.314520098730398 ], [ 16.039834225764558, 47.314524315130164 ], [ 16.03981454896612, 47.314527842533067 ], [ 16.039636090397099, 47.314450234141852 ], [ 16.039447296173758, 47.31431300002221 ], [ 16.039391925677752, 47.314286492691437 ], [ 16.039158805455497, 47.314183259743267 ], [ 16.039119566773731, 47.314174466198786 ], [ 16.038882868348377, 47.314140911186286 ], [ 16.038851518894845, 47.314125898579142 ], [ 16.038579383373971, 47.313992348229 ], [ 16.038314687493148, 47.313898054445097 ], [ 16.038003184199749, 47.313810000474582 ], [ 16.03774942171874, 47.313766313754506 ], [ 16.037664482420713, 47.31374401709126 ], [ 16.037300560420363, 47.313653421357891 ], [ 16.037240038165184, 47.313642610305315 ], [ 16.037191775698243, 47.313677334497605 ], [ 16.0369524856028, 47.313792207316759 ], [ 16.036653985467183, 47.313906410629627 ], [ 16.036244285666644, 47.313821486818846 ], [ 16.036102724800639, 47.31379215638335 ], [ 16.035705475644228, 47.313730614016983 ], [ 16.03540566664736, 47.313679548971294 ], [ 16.035152468025451, 47.313636473419457 ], [ 16.033983155670565, 47.313478761181877 ], [ 16.03299962307058, 47.313334831278965 ], [ 16.032595873537272, 47.313270280880459 ], [ 16.032303439812374, 47.313223535005392 ], [ 16.031843194149904, 47.313151764412794 ], [ 16.03165477646948, 47.313122455495922 ], [ 16.030765899343457, 47.313014622829229 ], [ 16.028852171345882, 47.312832036874255 ], [ 16.028801291750881, 47.312825945456304 ], [ 16.028738725505931, 47.312816528665408 ], [ 16.028728826534977, 47.312814511570174 ], [ 16.02866793701029, 47.312801634013468 ], [ 16.028235975268704, 47.312710635243732 ], [ 16.028201756327263, 47.312706761242694 ], [ 16.026220166943368, 47.312483148915504 ], [ 16.025745335332832, 47.312454732480319 ], [ 16.025513031844532, 47.312410963145403 ], [ 16.02489866906523, 47.312348650361137 ], [ 16.024552450696223, 47.312313866259906 ], [ 16.023894092269348, 47.312247993482352 ], [ 16.023879050814894, 47.312246367233165 ], [ 16.023763280259647, 47.312221545796596 ], [ 16.023722970143865, 47.312215023053206 ], [ 16.023582812635002, 47.312192216495042 ], [ 16.023348151677187, 47.312154080230407 ], [ 16.023182902747969, 47.312122051008465 ], [ 16.022732684111482, 47.312059551207525 ], [ 16.022366993114126, 47.312008833724398 ], [ 16.022080886855107, 47.311969025418485 ], [ 16.021700260571954, 47.311916136666305 ], [ 16.021630789312802, 47.311906248394394 ], [ 16.021459178958072, 47.311881838973953 ], [ 16.021201966625675, 47.311845309613645 ], [ 16.02097224311273, 47.311813084328243 ], [ 16.020783161892997, 47.31178611412912 ], [ 16.020748492540136, 47.311781168163677 ], [ 16.02074022185516, 47.311779922335461 ], [ 16.020312586601051, 47.311718862287776 ], [ 16.019846954852952, 47.311652482557101 ], [ 16.019644871359581, 47.311622305241464 ], [ 16.019620638634468, 47.311619544218892 ], [ 16.019539688137378, 47.311610374894464 ], [ 16.019509332279874, 47.311606947623304 ], [ 16.019495886893797, 47.311605463317797 ], [ 16.019381807813044, 47.31158780012175 ], [ 16.018958305273554, 47.311519435472647 ], [ 16.018289884765295, 47.311395878256107 ], [ 16.018229838429317, 47.31138387570477 ], [ 16.018040519019195, 47.311182878957581 ], [ 16.017812993095124, 47.311185977484868 ], [ 16.017517602927661, 47.311067510072682 ], [ 16.017263509970753, 47.310899455149027 ], [ 16.017109060182207, 47.310991224553526 ], [ 16.016821756732838, 47.310792168729066 ], [ 16.016584594785261, 47.310754077603598 ], [ 16.016354115709742, 47.310751120638514 ], [ 16.016086397576668, 47.310848971173847 ], [ 16.015880628443501, 47.310894678967365 ], [ 16.015941333840736, 47.311154249075848 ], [ 16.015983768669614, 47.311335562393275 ], [ 16.015756440556313, 47.311368632064784 ], [ 16.015633704103067, 47.311391591895259 ], [ 16.015573982598468, 47.311385972443404 ], [ 16.01542746696148, 47.311373388694705 ], [ 16.015321785116949, 47.311380282423407 ], [ 16.015307008806111, 47.31138125969202 ], [ 16.015284628641385, 47.311394119417933 ], [ 16.015179702804634, 47.311452402228483 ], [ 16.014632941737812, 47.312207537218313 ], [ 16.0144223158124, 47.312496706498031 ], [ 16.014397063880264, 47.312531240582381 ], [ 16.014378987262617, 47.312626286194835 ], [ 16.014375892349538, 47.312640943667596 ], [ 16.014372925090132, 47.312655508113394 ], [ 16.014369634202431, 47.312671520632236 ], [ 16.014353613519919, 47.312762736719741 ], [ 16.014328563728203, 47.312905571734703 ], [ 16.014306808247692, 47.313014208149546 ], [ 16.014301662258795, 47.313040617631003 ], [ 16.014239856411237, 47.313296492529645 ], [ 16.014199187057834, 47.313465442681363 ], [ 16.014138346571198, 47.313716883372329 ], [ 16.014151682346679, 47.313875292581052 ], [ 16.014229149122173, 47.313914887562369 ], [ 16.014325782408548, 47.314324234467669 ], [ 16.014333389323877, 47.314747915493967 ], [ 16.01433552225236, 47.31481079614565 ], [ 16.014350180244687, 47.314875273361714 ], [ 16.014385480961693, 47.315124727014641 ], [ 16.014374697581658, 47.315433871911864 ], [ 16.014340542066456, 47.315592945912826 ], [ 16.014330227176565, 47.315809619339703 ], [ 16.014284316561248, 47.316047475125856 ], [ 16.014228146626547, 47.316208416328706 ], [ 16.013947393255282, 47.316584758587332 ], [ 16.013711758861849, 47.316770258652852 ], [ 16.013467103848509, 47.316958040575074 ], [ 16.013383456666485, 47.317193270325767 ], [ 16.013345663763477, 47.317257267988559 ], [ 16.013225595813875, 47.317460941646452 ], [ 16.013208855690753, 47.317548483111977 ], [ 16.0131897966526, 47.317566846243828 ], [ 16.012968578642706, 47.317780905783025 ], [ 16.012705887373848, 47.317983873931624 ], [ 16.0124590195785, 47.318117777672406 ], [ 16.01215603822541, 47.318286037948432 ], [ 16.012118826016447, 47.318306717320198 ], [ 16.012065390127272, 47.318336420058188 ], [ 16.01196591414319, 47.318392861070251 ], [ 16.011654153290142, 47.318743095430399 ], [ 16.011568264858763, 47.318874302008723 ], [ 16.011448514706927, 47.319081837328859 ], [ 16.011297478237516, 47.319322516744435 ], [ 16.011187388461657, 47.319524783555913 ], [ 16.011562701208639, 47.319592147620355 ], [ 16.011809142257924, 47.319640205685886 ], [ 16.0122213877215, 47.319723086799549 ], [ 16.012376230230391, 47.319776713361314 ], [ 16.01220249649829, 47.320013605019881 ], [ 16.012114948845348, 47.32022695780288 ], [ 16.012170508027069, 47.320526173108824 ], [ 16.01222535932563, 47.320730513897757 ], [ 16.012234511893823, 47.32076478051205 ], [ 16.012376819882622, 47.320936639811123 ], [ 16.012373555082522, 47.320945359228418 ], [ 16.012223281785666, 47.321339432154382 ], [ 16.012120985573358, 47.321606608318632 ], [ 16.012111168111392, 47.321632316933659 ], [ 16.012104966641701, 47.321648397608776 ], [ 16.012088833687915, 47.321690549688213 ], [ 16.01204568694822, 47.321750891108927 ], [ 16.011886464505949, 47.321973847240869 ], [ 16.011724007772376, 47.32221920627056 ], [ 16.011674690413663, 47.322293646803736 ], [ 16.011488573774994, 47.32259204745651 ], [ 16.011396267368987, 47.322857908183565 ], [ 16.011270086721268, 47.323218193677384 ], [ 16.011205668743322, 47.32338130690141 ], [ 16.011137902907521, 47.32363506817746 ], [ 16.011043832159405, 47.324012426295255 ], [ 16.01092681514168, 47.32468147734911 ], [ 16.010893496854532, 47.324729433843608 ], [ 16.010711812809909, 47.325530723165265 ], [ 16.010643207416834, 47.325773249968819 ], [ 16.010593496635543, 47.325920983031686 ], [ 16.010487553258784, 47.326181850588476 ], [ 16.010484028029808, 47.326180222657079 ], [ 16.010440105019452, 47.326243642503691 ], [ 16.010337851686216, 47.326391886679666 ], [ 16.010184814601452, 47.326630179902267 ], [ 16.009899743140259, 47.326896865199892 ], [ 16.00988497102534, 47.32691629757894 ], [ 16.009680116856224, 47.327185153808529 ], [ 16.00951190333333, 47.327502937359924 ], [ 16.009412249749012, 47.327890687670163 ], [ 16.009415958544761, 47.328251258212092 ], [ 16.009384678152248, 47.328600764601894 ], [ 16.009373003597698, 47.328704841902777 ], [ 16.009360088140649, 47.328818401348478 ], [ 16.009305090826373, 47.329055296473541 ], [ 16.009200513079353, 47.3294086805615 ], [ 16.009092120844272, 47.329658080007988 ], [ 16.009027004742649, 47.329807703497316 ], [ 16.009005060589441, 47.329858093742232 ], [ 16.00899882975461, 47.329876245549379 ], [ 16.008975726391284, 47.329942958239357 ], [ 16.009013252226286, 47.329954413246675 ], [ 16.00884932667735, 47.330074840846123 ], [ 16.008759357774505, 47.330120792371659 ], [ 16.008533484779655, 47.330262656886489 ], [ 16.008283492238096, 47.330414628846633 ], [ 16.008121240953624, 47.330552481787308 ], [ 16.008017072395592, 47.330676280357977 ], [ 16.007967820500966, 47.330733971939111 ], [ 16.007847313007094, 47.330875078396915 ], [ 16.007636645147826, 47.331212668607783 ], [ 16.007517716200709, 47.331447728194703 ], [ 16.007435839069881, 47.331562001376803 ], [ 16.007259710722668, 47.331778953335203 ], [ 16.007174601806565, 47.331913108369989 ], [ 16.007138888526228, 47.331981916341917 ], [ 16.007013361774458, 47.332256742558286 ], [ 16.006961717854249, 47.332364005664608 ], [ 16.006926809081733, 47.332404255477222 ], [ 16.006816202702851, 47.33253180461594 ], [ 16.006429884162472, 47.332821556127868 ], [ 16.005947519628137, 47.333147314263577 ], [ 16.006320763684602, 47.333229600749483 ], [ 16.006723514244271, 47.333316597267846 ], [ 16.006763897556795, 47.333324294986198 ], [ 16.006857768052352, 47.333342174605995 ], [ 16.006920892470738, 47.333356992519263 ], [ 16.007701152456981, 47.333539763606311 ], [ 16.008347262950892, 47.333691099676962 ], [ 16.008513751290355, 47.333730775102268 ], [ 16.008537072087687, 47.333736260929633 ], [ 16.008641858400864, 47.333760455617714 ], [ 16.008744254778978, 47.333784526125918 ], [ 16.009016810414227, 47.3338867177902 ], [ 16.009060856918047, 47.333898740346292 ], [ 16.009308200974967, 47.333965960311808 ], [ 16.009579236255849, 47.3340355056745 ], [ 16.010224629210274, 47.334146335025615 ], [ 16.010264575810151, 47.334153231503038 ], [ 16.01103197801503, 47.334405784305631 ], [ 16.011176558662292, 47.33443120465104 ], [ 16.01130591417046, 47.334454100790154 ], [ 16.011364210876458, 47.334480733291741 ], [ 16.011783035289024, 47.334625764611843 ], [ 16.012224394410012, 47.33476855545203 ], [ 16.012093512878756, 47.33524283815531 ], [ 16.012055706580863, 47.335379939051258 ], [ 16.012041498950897, 47.335431408860295 ], [ 16.012104741921409, 47.335482413014589 ], [ 16.012157357065703, 47.335524933504459 ], [ 16.01222598266423, 47.33558022281602 ], [ 16.012598304733427, 47.335654228329481 ], [ 16.0128152846289, 47.335770048737416 ], [ 16.013142996423074, 47.335766143077009 ], [ 16.01318559065955, 47.335786030722517 ], [ 16.013630778162618, 47.335863095191534 ], [ 16.01374762167023, 47.335879439990883 ], [ 16.014097618947819, 47.335928396165961 ], [ 16.014679836208774, 47.336009803462979 ], [ 16.015173507423182, 47.336110482144655 ], [ 16.016022890159761, 47.336283832754617 ], [ 16.016689362701804, 47.336365592171894 ], [ 16.017210620408711, 47.336396561598832 ], [ 16.018618578474079, 47.336506262614293 ], [ 16.018932039841655, 47.336531935034955 ], [ 16.019176391463148, 47.33658407958017 ], [ 16.019227403023663, 47.336594944245988 ], [ 16.019536545413786, 47.336590376585825 ], [ 16.019698146129716, 47.336619527545409 ], [ 16.020600187000955, 47.336799168913892 ], [ 16.020508829036558, 47.336916735876436 ], [ 16.020403274477296, 47.337054623253223 ], [ 16.020379852915067, 47.33708884523341 ], [ 16.020088867816302, 47.337783335354423 ], [ 16.02009224745013, 47.337808104052542 ], [ 16.020095534256921, 47.337932537738283 ], [ 16.020079518635448, 47.33801340087772 ], [ 16.020051897343045, 47.338087424605348 ], [ 16.019982554115259, 47.338286310251384 ], [ 16.019945610866547, 47.338484253863498 ], [ 16.019870067211741, 47.338681034478377 ], [ 16.019893994269914, 47.338719184558691 ], [ 16.019774304773051, 47.339011444251277 ], [ 16.019681009225977, 47.33940076528571 ], [ 16.019652360305699, 47.339589960892141 ], [ 16.019659175072405, 47.339760316711718 ], [ 16.019659408859422, 47.339767513582331 ], [ 16.019636399567357, 47.339765623798066 ], [ 16.019584831555552, 47.339978135744268 ], [ 16.01952064895616, 47.340242081045488 ], [ 16.019480458739292, 47.340407510018984 ], [ 16.019433056222795, 47.340868495572359 ], [ 16.019422974127998, 47.340982710046269 ], [ 16.019415437694253, 47.341068865471044 ], [ 16.019381492060326, 47.341237298593548 ], [ 16.01917751948028, 47.341958368927102 ], [ 16.01916194103157, 47.341990605601694 ], [ 16.019153203261073, 47.342008906945168 ], [ 16.019080108305246, 47.342160254310294 ], [ 16.019059741255315, 47.342202506781888 ], [ 16.018872814571157, 47.342522004018143 ], [ 16.018852710681095, 47.342556417688982 ], [ 16.018832848480287, 47.342590375527088 ], [ 16.018801041531972, 47.342644690698116 ], [ 16.018861400431696, 47.342774084903382 ], [ 16.018783692519488, 47.342868641785579 ], [ 16.018516413126417, 47.343095405865107 ], [ 16.018346074860361, 47.343334926121692 ], [ 16.018072439549261, 47.343621708022745 ], [ 16.017998758032167, 47.343579324871946 ], [ 16.017854143758324, 47.343694449326982 ], [ 16.017574866125944, 47.343912039797459 ], [ 16.017553079966927, 47.34392902700673 ], [ 16.017541694736039, 47.343942168688947 ], [ 16.017369543515464, 47.344148779107499 ], [ 16.01731187294833, 47.344251957139669 ], [ 16.01728041947867, 47.344308064101625 ], [ 16.017171979767909, 47.344473024427408 ], [ 16.01702721746225, 47.344692135198052 ], [ 16.016996441235879, 47.344730310301522 ], [ 16.01675628230921, 47.345021884208855 ], [ 16.016657033973313, 47.345114964683681 ], [ 16.016380562585308, 47.345372369027565 ], [ 16.016340250118695, 47.345405366094013 ], [ 16.016125134954859, 47.345543480531376 ], [ 16.015877846747365, 47.345687121430188 ], [ 16.015401830985848, 47.345930481670912 ], [ 16.015113699066109, 47.346086333200567 ], [ 16.014913234273475, 47.346194841823021 ], [ 16.014581173291138, 47.346333446925414 ], [ 16.014556897983606, 47.346337977846659 ], [ 16.014472342943829, 47.346357967791882 ], [ 16.014440151068371, 47.346420483264694 ], [ 16.014341608697652, 47.34653020041209 ], [ 16.014167524863076, 47.346652223255589 ], [ 16.013865909283282, 47.346918313552294 ], [ 16.013731312809767, 47.347108461783705 ], [ 16.013624868692183, 47.347386088123095 ], [ 16.013532541078909, 47.347811301288417 ], [ 16.013336992189259, 47.348695113479273 ], [ 16.013328051507084, 47.348738177088734 ], [ 16.013292338757456, 47.348908809815349 ], [ 16.013269794682639, 47.349002248713205 ], [ 16.012849880547137, 47.349474756278205 ], [ 16.012818751640335, 47.349508706994719 ], [ 16.012493918476533, 47.349834576660697 ], [ 16.012370140874925, 47.350013665770632 ], [ 16.012343742790897, 47.350052096917189 ], [ 16.012061021897331, 47.350474389451072 ], [ 16.012022208650961, 47.350518783379009 ], [ 16.011957179046696, 47.350589540165728 ], [ 16.01169962306318, 47.350870886311668 ], [ 16.011453849623617, 47.351149524880853 ], [ 16.011174761494864, 47.351476568940363 ], [ 16.010990707006954, 47.351671473456307 ], [ 16.010843914309074, 47.35191934199252 ], [ 16.010827419852085, 47.351951958881209 ], [ 16.01072020877487, 47.352058274356715 ], [ 16.010380869220228, 47.352393840136429 ], [ 16.010154004882484, 47.352609372331052 ], [ 16.010018264110119, 47.352738322442008 ], [ 16.00991354948227, 47.352873027783062 ], [ 16.009722799156737, 47.353129396607898 ], [ 16.009635181104425, 47.353225078791127 ], [ 16.009585225619396, 47.353279725945534 ], [ 16.009410494691299, 47.353470628023366 ], [ 16.009303925223382, 47.353587100266196 ], [ 16.009083109580779, 47.353833278365606 ], [ 16.009050506337235, 47.353869603194724 ], [ 16.009006678115703, 47.353911862655963 ], [ 16.00895822784139, 47.353949188690045 ], [ 16.008861842587184, 47.354026169381228 ], [ 16.008607661672137, 47.354220550668877 ], [ 16.008456755312253, 47.354343191589827 ], [ 16.008286282970406, 47.354456207027184 ], [ 16.008034949620804, 47.354651960744043 ], [ 16.008015812070706, 47.354661231485807 ], [ 16.007823588705445, 47.354805185033385 ], [ 16.007755181673435, 47.354861793602716 ], [ 16.007434979369823, 47.35512865987765 ], [ 16.007399623242343, 47.355157756256247 ], [ 16.007348766023021, 47.355194687723788 ], [ 16.006892321014231, 47.355526049803352 ], [ 16.006829772239925, 47.355567575922016 ], [ 16.006784007131259, 47.355597815885503 ], [ 16.006113678493008, 47.356040772034632 ], [ 16.005797712798465, 47.356226778360401 ], [ 16.005428344889861, 47.356478042864069 ], [ 16.004465568972027, 47.356996427955849 ], [ 16.003785100178781, 47.357504157119344 ], [ 16.003624374111318, 47.357577144648232 ], [ 16.003495381056961, 47.357643628712459 ], [ 16.003374981033062, 47.357704510145453 ], [ 16.003018050781936, 47.357885163299514 ], [ 16.00293748672815, 47.357887585351953 ], [ 16.002891121871066, 47.357932242253185 ], [ 16.002589132462425, 47.358180212541662 ], [ 16.00224810387223, 47.358520832845244 ], [ 16.002189687921408, 47.358502750772061 ], [ 16.001222576795776, 47.359547335393593 ], [ 16.00116708542603, 47.359670979605283 ], [ 16.001140702173238, 47.359730924309424 ], [ 16.000070132702994, 47.360829229111502 ], [ 15.999394728052648, 47.361625173002018 ], [ 15.999131810079414, 47.361836840581759 ], [ 15.999033521787409, 47.361986869750602 ], [ 15.998883131953363, 47.362188799944327 ], [ 15.998507280139455, 47.362693531531413 ], [ 15.998466338689253, 47.3627355391666 ], [ 15.998173657452302, 47.363034955815138 ], [ 15.997301033983033, 47.363639401679613 ], [ 15.997058751090201, 47.363824474834828 ], [ 15.996459922511489, 47.364338266185385 ], [ 15.996347327750936, 47.364441361133849 ], [ 15.995775473940002, 47.364899152647304 ], [ 15.995439957497828, 47.365180023161123 ], [ 15.995360242602956, 47.365249400907729 ], [ 15.994831445021617, 47.365694210755358 ], [ 15.994589774064593, 47.365878633762073 ], [ 15.994278442234069, 47.366147954029081 ], [ 15.99366294191152, 47.366636999547481 ], [ 15.993616665637143, 47.36667057673943 ], [ 15.993454705013709, 47.366788231646602 ], [ 15.993249399588043, 47.366931922778669 ], [ 15.993033695639355, 47.367024449350993 ], [ 15.992947483835948, 47.367083353098899 ], [ 15.992799588546486, 47.367169890104165 ], [ 15.992439023111524, 47.367382912374296 ], [ 15.992143408268038, 47.367551659341508 ], [ 15.992106090071946, 47.367684148534302 ], [ 15.992062398265345, 47.367721716203157 ], [ 15.991997765991341, 47.36788545021659 ], [ 15.991985329194874, 47.367959472541465 ], [ 15.991977365896945, 47.368006562426046 ], [ 15.991976710278882, 47.368114521442592 ], [ 15.99198618297566, 47.368171018869361 ], [ 15.991989981122575, 47.368193797685294 ], [ 15.99180700887492, 47.36829699405466 ], [ 15.991752430014797, 47.368460404048207 ], [ 15.991725280582404, 47.368539630001159 ], [ 15.991705602828006, 47.368593564335846 ], [ 15.991585209755167, 47.368752652909329 ], [ 15.991469086199265, 47.368904439805512 ], [ 15.991383809318609, 47.36897673469938 ], [ 15.991271697177625, 47.369102950132138 ], [ 15.991122428451911, 47.369154495746763 ], [ 15.99081198053074, 47.369226353420288 ], [ 15.990770903234768, 47.369213263963637 ], [ 15.990600982428031, 47.36928365470424 ], [ 15.990515234798853, 47.369341375297047 ], [ 15.990225061298693, 47.369407988570678 ], [ 15.990148962020623, 47.369465214541911 ], [ 15.989954508094923, 47.369611617979679 ], [ 15.989677584945817, 47.369549271789104 ], [ 15.989621721528483, 47.369542557387454 ], [ 15.989330778214635, 47.369578126552568 ], [ 15.989330784383718, 47.369607205466266 ], [ 15.989162611231277, 47.369725538328225 ], [ 15.989021955354616, 47.369821895022277 ], [ 15.988764824366134, 47.370044835740032 ], [ 15.988668935776039, 47.370124937320789 ], [ 15.988649677390331, 47.370171478994344 ], [ 15.988575414073017, 47.370336334692524 ], [ 15.98855103993111, 47.370486617396047 ], [ 15.988523397261753, 47.370658852807907 ], [ 15.988499013752071, 47.370798422373404 ], [ 15.98848483931631, 47.370898592635257 ], [ 15.98844106761412, 47.370950475088726 ], [ 15.988320241883734, 47.371093364833769 ], [ 15.988308112662901, 47.371107780922834 ], [ 15.988287471137568, 47.371132117725146 ], [ 15.988256790000298, 47.371151826173055 ], [ 15.988167298789305, 47.371209001606296 ], [ 15.987977424137167, 47.371336029041757 ], [ 15.987734641788688, 47.371372906257839 ], [ 15.987518740467294, 47.371456783627984 ], [ 15.987491057104856, 47.37146759951937 ], [ 15.987325847086344, 47.371531753831967 ], [ 15.987491077540358, 47.371726159298056 ], [ 15.987645889495406, 47.371908382593041 ], [ 15.98765105920536, 47.371953186505593 ], [ 15.987668210977379, 47.372099173706673 ], [ 15.987685831178393, 47.372249201285712 ], [ 15.987692088093779, 47.372302442579269 ], [ 15.987696916787804, 47.372303590854905 ], [ 15.98785322170081, 47.372325799583258 ], [ 15.987941094526398, 47.372455019896847 ], [ 15.987949504097264, 47.372450953418522 ], [ 15.988169140782976, 47.37246493900048 ], [ 15.988293583370323, 47.372472852396527 ], [ 15.988713745154575, 47.372555552615488 ], [ 15.988799680468899, 47.372577774055209 ], [ 15.989113948385532, 47.372636644333468 ], [ 15.989534045922152, 47.372715381857624 ], [ 15.989591175401678, 47.372726118220577 ], [ 15.990126987376659, 47.372855191427824 ], [ 15.990214859542217, 47.372876376508437 ], [ 15.990341943603593, 47.372902502008529 ], [ 15.990762327479796, 47.372971055285184 ], [ 15.99140226810745, 47.373022978801956 ], [ 15.991557629336883, 47.37307635421125 ], [ 15.991970447056422, 47.37321034941737 ], [ 15.992289554262129, 47.37331249214526 ], [ 15.992875885535319, 47.373507538739894 ], [ 15.993671032162002, 47.373759302682892 ], [ 15.994612969453708, 47.374101813800976 ], [ 15.994786977641116, 47.374261974481477 ], [ 15.994946338844528, 47.374407621264019 ], [ 15.995186037095243, 47.374619368668711 ], [ 15.995241422943009, 47.374700544941902 ], [ 15.995345054485494, 47.374852710426943 ], [ 15.995757900417219, 47.375125965493325 ], [ 15.995843475867627, 47.375201306836814 ], [ 15.995990831966926, 47.375334807964506 ], [ 15.996178061032067, 47.375630691452365 ], [ 15.996207614968561, 47.375672676482182 ], [ 15.996261302206465, 47.375749030350683 ], [ 15.996435219624304, 47.375928186805332 ], [ 15.996400917392101, 47.376017933724178 ], [ 15.996376139415746, 47.376083691326031 ], [ 15.996407293000471, 47.376136352411649 ], [ 15.996464513087979, 47.376232790232997 ], [ 15.996467155711468, 47.376266759352553 ], [ 15.996473700634386, 47.376351773614829 ], [ 15.996470346602017, 47.37636409558332 ], [ 15.996433640466336, 47.376495491543395 ], [ 15.996415740590679, 47.37653209983965 ], [ 15.996364456586772, 47.376590012177871 ], [ 15.996330981033868, 47.376627883537395 ], [ 15.996279445698933, 47.376686071771189 ], [ 15.996237065711679, 47.376733963576591 ], [ 15.99610189219981, 47.376810394851177 ], [ 15.996009110011167, 47.376862791474089 ], [ 15.995925344750829, 47.376910026474043 ], [ 15.995833205968276, 47.376962047848536 ], [ 15.995799315317377, 47.376981202835758 ], [ 15.995780632625879, 47.377023320966465 ], [ 15.995732779323175, 47.377130848666916 ], [ 15.995697793591161, 47.377209717818502 ], [ 15.995932609561125, 47.37724827333426 ], [ 15.995939826317214, 47.377249455689622 ], [ 15.997638064358091, 47.377528053428385 ], [ 15.997953133453544, 47.37758886225032 ], [ 15.998343567304248, 47.377661777893792 ], [ 15.998371927952416, 47.377666968659206 ], [ 15.99874075835719, 47.377734624727793 ], [ 15.998752033088744, 47.377737422843545 ], [ 15.998920127019817, 47.377740706215782 ], [ 15.99979440773939, 47.377870126682012 ], [ 16.000722562413948, 47.378029523543397 ], [ 16.001440690220594, 47.378153121600818 ], [ 16.001767152379205, 47.378239852502759 ], [ 16.002233078729713, 47.378044238852979 ], [ 16.002365912033238, 47.378005486738694 ], [ 16.002503187479341, 47.378017856955417 ], [ 16.002883703206578, 47.378054347274499 ], [ 16.003602882974484, 47.378138384808828 ], [ 16.004005293771797, 47.378109899647583 ], [ 16.004034538228282, 47.377967601663087 ], [ 16.004045382673475, 47.377914771687983 ], [ 16.004059520625901, 47.377845839699198 ], [ 16.004074074259407, 47.37777464728385 ], [ 16.004088011107424, 47.377706980385589 ], [ 16.004106812873509, 47.37761498216571 ], [ 16.004122229676934, 47.377539898348587 ], [ 16.004135298553233, 47.377476032913783 ], [ 16.004152314031192, 47.377393259318367 ], [ 16.004157315874551, 47.377369014825796 ], [ 16.004193443389479, 47.377328648337333 ], [ 16.004224548723297, 47.377293800871954 ], [ 16.004272838834815, 47.37723973597079 ], [ 16.004308089580395, 47.377200380237959 ], [ 16.004354621786309, 47.377148246964992 ], [ 16.004402413975718, 47.37709482383427 ], [ 16.004516305841186, 47.376967383378535 ], [ 16.004589057368317, 47.376886008331596 ], [ 16.004819960601136, 47.376635195292891 ], [ 16.005567996909605, 47.376802542510809 ], [ 16.006190822694119, 47.376931309042774 ], [ 16.006224183632387, 47.376969781590823 ], [ 16.00628030981721, 47.377054716841251 ], [ 16.006375677817889, 47.377168624105849 ], [ 16.006650610444563, 47.377237549832188 ], [ 16.006788079305799, 47.377272057408383 ], [ 16.006823652801234, 47.377280948662893 ], [ 16.007020190514314, 47.377330279852281 ], [ 16.00725197801615, 47.377389949865965 ], [ 16.007171967891416, 47.377461413226854 ], [ 16.00714715599101, 47.37748179979863 ], [ 16.006716156214782, 47.377678327891587 ], [ 16.006647637466624, 47.377720262851241 ], [ 16.006604181495156, 47.377746757036121 ], [ 16.00660539722363, 47.37783351620768 ], [ 16.006605796391344, 47.377862316035205 ], [ 16.00660633157668, 47.377901646031631 ], [ 16.006646479202459, 47.377914481687199 ], [ 16.008557843738416, 47.378525903348383 ], [ 16.008673751676572, 47.378569015833008 ], [ 16.009432747484922, 47.378857530970755 ], [ 16.010649894892619, 47.379272787811878 ], [ 16.01107461478129, 47.379422552671095 ], [ 16.011571410729534, 47.379556043028323 ], [ 16.011641800056232, 47.379574470605839 ], [ 16.012004904584838, 47.37966967751894 ], [ 16.012093426889848, 47.379692811645775 ], [ 16.012439763736957, 47.379713596097616 ], [ 16.01285018142444, 47.379738189462941 ], [ 16.014582950895125, 47.379949378938598 ], [ 16.014584594898114, 47.379958253248951 ], [ 16.014590175469259, 47.379989812561263 ], [ 16.014594239858155, 47.38001240453675 ], [ 16.014718732474709, 47.380033882879751 ], [ 16.014909548304807, 47.380066769773528 ], [ 16.015831683623293, 47.380225917058453 ], [ 16.015987070131015, 47.380252791198266 ], [ 16.016474283347208, 47.380361637557812 ], [ 16.017033344422799, 47.3805044470041 ], [ 16.017032288740122, 47.380494118446464 ], [ 16.01702882889602, 47.380457377789163 ], [ 16.016944439963414, 47.380228974274637 ], [ 16.016909839772136, 47.380135075854184 ], [ 16.01684289157182, 47.380001963765856 ], [ 16.016834045586005, 47.379927087188911 ], [ 16.016843123725998, 47.379865834452602 ], [ 16.016864404694985, 47.379807356294343 ], [ 16.016901267609093, 47.37976075635514 ], [ 16.016946837994713, 47.379731597714063 ], [ 16.017027199151627, 47.379703693115914 ], [ 16.017229240310105, 47.379691478209445 ], [ 16.017287297858061, 47.379678501617484 ], [ 16.017396522015868, 47.379634344186648 ], [ 16.017343114455389, 47.379551150697871 ], [ 16.017266950323155, 47.379429688869223 ], [ 16.017239828830458, 47.379386391354736 ], [ 16.01725091745023, 47.379346428255374 ], [ 16.017260217284367, 47.379312989235274 ], [ 16.017250464486033, 47.379256769969452 ], [ 16.017243918503162, 47.379219291494088 ], [ 16.017222974165588, 47.37909941432212 ], [ 16.017135415169655, 47.378964985635491 ], [ 16.017100482107562, 47.37891142808882 ], [ 16.017078488608526, 47.378877733308343 ], [ 16.016989571541309, 47.378799964661702 ], [ 16.016905658488081, 47.37872676000957 ], [ 16.016749470318778, 47.378590250671429 ], [ 16.016729806563955, 47.378568475011491 ], [ 16.016610801627465, 47.378435954373103 ], [ 16.016381352516486, 47.37816720073257 ], [ 16.015804131684032, 47.378083783734361 ], [ 16.015785568171964, 47.378002833062567 ], [ 16.01573758391028, 47.377817688872803 ], [ 16.015634965151854, 47.377611139141607 ], [ 16.015403044892601, 47.377330107713888 ], [ 16.015253399107912, 47.376978003663467 ], [ 16.015347759982074, 47.376805815401966 ], [ 16.015388102126238, 47.37672078194494 ], [ 16.01539442691622, 47.376693984989572 ], [ 16.015516371492549, 47.376230175733006 ], [ 16.015931055950382, 47.376323529554348 ], [ 16.015986765965394, 47.376334826426032 ], [ 16.016043945896712, 47.376346358866712 ], [ 16.016214352794321, 47.376468130705447 ], [ 16.016546117980148, 47.376585845379523 ], [ 16.016735034730257, 47.376638940054306 ], [ 16.016940929953599, 47.376705320313697 ], [ 16.017069233886801, 47.376744532239762 ], [ 16.017315890908744, 47.376822739132727 ], [ 16.018106993504901, 47.376426492494858 ], [ 16.018134727771248, 47.376414137425073 ], [ 16.01840529620489, 47.37629551698025 ], [ 16.018764517048925, 47.376116744766662 ], [ 16.018995137837088, 47.375947654530322 ], [ 16.019104985718219, 47.375892497022626 ], [ 16.019153186152014, 47.375868227198715 ], [ 16.01938050576215, 47.375738466393237 ], [ 16.019805259008532, 47.375495940895661 ], [ 16.020277786449864, 47.375382203061662 ], [ 16.020554490905965, 47.375300975250596 ], [ 16.020851767655063, 47.375194325050927 ], [ 16.021225286833477, 47.375059773068401 ], [ 16.021499525965801, 47.374969237812827 ], [ 16.021684682664556, 47.374893940954728 ], [ 16.021700393069104, 47.374887539563197 ], [ 16.02193999682375, 47.374835179810255 ], [ 16.021753395332826, 47.374642854048737 ], [ 16.021240867748183, 47.374439555356652 ], [ 16.020892294500104, 47.374249415808706 ], [ 16.02061165603816, 47.374042553490362 ], [ 16.020078807324218, 47.373890233872331 ], [ 16.01971678654153, 47.373763787505482 ], [ 16.019651680415077, 47.373726694840137 ], [ 16.01954876251229, 47.373667983303008 ], [ 16.019775299449552, 47.373504838983592 ], [ 16.020006512321352, 47.373306022748885 ], [ 16.020172688212714, 47.373217219770972 ], [ 16.020265225771997, 47.373139780434741 ], [ 16.020336745256685, 47.373099837042282 ], [ 16.020399999448998, 47.373066750038092 ], [ 16.020455348938562, 47.37298775382655 ], [ 16.020660751939889, 47.372906760887879 ], [ 16.020733763725495, 47.372919539294138 ], [ 16.020779562995003, 47.372913240960798 ], [ 16.02083316974992, 47.372893704825429 ], [ 16.020962150592585, 47.372751217290691 ], [ 16.020966635036473, 47.372737787532053 ], [ 16.021073179688273, 47.372737623416526 ], [ 16.021061516374605, 47.372682979773636 ], [ 16.021160404590717, 47.372649594720514 ], [ 16.021310718120471, 47.372553870561099 ], [ 16.021425138548608, 47.372495001892418 ], [ 16.021428521093267, 47.372496362824549 ], [ 16.021335959463375, 47.372672115715098 ], [ 16.021500960475176, 47.372737198375511 ], [ 16.021672248380199, 47.372761799843133 ], [ 16.021770458683903, 47.372717716712714 ], [ 16.021812188543439, 47.372654975258222 ], [ 16.021832380392194, 47.372624700704868 ], [ 16.021891349034973, 47.372533554692978 ], [ 16.022044527321761, 47.372280841065418 ], [ 16.022291718013555, 47.371940748167233 ], [ 16.022319748160218, 47.371918661869842 ], [ 16.022598525105579, 47.371959099493438 ], [ 16.023233032640487, 47.372041673199398 ], [ 16.023575017056633, 47.372248255896011 ], [ 16.02382225762533, 47.372332916922268 ], [ 16.024148588180996, 47.372419587131617 ], [ 16.024432893191936, 47.372518949549644 ], [ 16.024715268113695, 47.372616826223997 ], [ 16.025018967854944, 47.372761195491748 ], [ 16.025305390217078, 47.372896787828168 ], [ 16.025465316862757, 47.372810374806775 ], [ 16.026498123158373, 47.3722523537811 ], [ 16.02668473917025, 47.372151445652442 ], [ 16.027312358718781, 47.372114509972924 ], [ 16.027430487596526, 47.37210245310775 ], [ 16.027410543745148, 47.372051876369056 ], [ 16.027357493034373, 47.371968048663419 ], [ 16.027328940642057, 47.371902009642412 ], [ 16.027296926023229, 47.371827859517268 ], [ 16.027294824134117, 47.37182043659832 ], [ 16.027097692784725, 47.371780247214701 ], [ 16.026818479486582, 47.371723535436416 ], [ 16.026457528032772, 47.371701159241148 ], [ 16.025609566225743, 47.371572763964181 ], [ 16.025288223778272, 47.371524062978246 ], [ 16.024883312918082, 47.371512800307492 ], [ 16.024831505702828, 47.371507808038579 ], [ 16.024655845104046, 47.37149096680448 ], [ 16.024334903912692, 47.371398139312255 ], [ 16.024194133028114, 47.371358598934627 ], [ 16.024111037246165, 47.371335166562844 ], [ 16.02404408358365, 47.371321617544915 ], [ 16.023950212478784, 47.371302580032236 ], [ 16.023824976944681, 47.371253220478337 ], [ 16.023780620768722, 47.371235808380995 ], [ 16.023632064678374, 47.371121546102579 ], [ 16.023537546950525, 47.371087218484234 ], [ 16.023283005223234, 47.371022985388088 ], [ 16.023239115287389, 47.37100691255867 ], [ 16.022704797068144, 47.370812326434589 ], [ 16.022461729261192, 47.370754753890118 ], [ 16.022143812478458, 47.370679495041578 ], [ 16.02134464700028, 47.370501665309419 ], [ 16.02076983408622, 47.370365191200236 ], [ 16.020586783108797, 47.370315026683208 ], [ 16.020537992992995, 47.370301588859093 ], [ 16.02001189020741, 47.370195116118865 ], [ 16.019880534876197, 47.370168583588708 ], [ 16.019686911738727, 47.37012937960526 ], [ 16.019569192642329, 47.37011819136552 ], [ 16.019501718034082, 47.37011257456453 ], [ 16.0191571655334, 47.370084028444552 ], [ 16.019031473948196, 47.370080229307099 ], [ 16.018985278693332, 47.370078703757009 ], [ 16.018977966657339, 47.370078245337524 ], [ 16.018536637932097, 47.37004638911494 ], [ 16.018362188153862, 47.370021947479728 ], [ 16.018313472791736, 47.370015169130141 ], [ 16.018230451753194, 47.370003524660987 ], [ 16.018136088346314, 47.369990345937317 ], [ 16.018127543876236, 47.369989106146328 ], [ 16.018113262023157, 47.369987100810654 ], [ 16.018077094123534, 47.369982098343833 ], [ 16.017966014755377, 47.369955537600525 ], [ 16.017346047525788, 47.369809033459816 ], [ 16.015966030072924, 47.369476538964896 ], [ 16.015908204704132, 47.369462591010354 ], [ 16.015062636085883, 47.369260058897758 ], [ 16.015056465175618, 47.369258583140962 ], [ 16.015025208973825, 47.369251123745435 ], [ 16.015018636410016, 47.369249567380031 ], [ 16.015008302872733, 47.369247018894399 ], [ 16.014989927084319, 47.369242678430979 ], [ 16.014974645892639, 47.36923925568906 ], [ 16.014757245166258, 47.369190968202695 ], [ 16.014741429988355, 47.369187467926892 ], [ 16.014668251156223, 47.369171268658697 ], [ 16.014519611494208, 47.369138293305397 ], [ 16.014386038827233, 47.369112346769477 ], [ 16.014127734818668, 47.369062316565035 ], [ 16.014114484844267, 47.369059746365991 ], [ 16.013985335320566, 47.369034775990855 ], [ 16.013806623206133, 47.369004575598183 ], [ 16.013740857380288, 47.368993423606852 ], [ 16.013685922469676, 47.368984178316296 ], [ 16.013637131006337, 47.368975869301686 ], [ 16.013531939593868, 47.368958169195764 ], [ 16.013347285354829, 47.368925766663608 ], [ 16.013215452859672, 47.368902748945239 ], [ 16.013208610720636, 47.368890665404891 ], [ 16.013138569111842, 47.368766626920582 ], [ 16.012853010929607, 47.36841473541304 ], [ 16.012830399404791, 47.368386996334635 ], [ 16.012759347172889, 47.368300433395078 ], [ 16.012753413611918, 47.368293190099287 ], [ 16.012632903339604, 47.368146026477135 ], [ 16.01250704447504, 47.367992686071055 ], [ 16.012471721964431, 47.367949489772933 ], [ 16.012419443476311, 47.367885534053116 ], [ 16.012413514574643, 47.367878380661274 ], [ 16.01237155130978, 47.367827057308098 ], [ 16.012434323592942, 47.367732316096316 ], [ 16.012448727323374, 47.367710641643328 ], [ 16.012595319734309, 47.367489425685939 ], [ 16.012998380479164, 47.367217093039528 ], [ 16.013258358149251, 47.367135914047033 ], [ 16.013268138728524, 47.367132803815323 ], [ 16.013362941368918, 47.36710258212284 ], [ 16.013366592537107, 47.367101416170605 ], [ 16.013388841695964, 47.367090721242448 ], [ 16.013399708410759, 47.367085514866069 ], [ 16.013513149289562, 47.367030908329347 ], [ 16.013524011411945, 47.367025612019184 ], [ 16.013541993246598, 47.367016997754519 ], [ 16.013584944251161, 47.366996454363942 ], [ 16.013600329191668, 47.366988891299961 ], [ 16.013783689151598, 47.366912478510599 ], [ 16.013887892286281, 47.366869071746329 ], [ 16.013940568963566, 47.366849560552019 ], [ 16.014167271739677, 47.36676555856917 ], [ 16.014267225633212, 47.366729813542534 ], [ 16.014289871668286, 47.366721719965376 ], [ 16.014327875186172, 47.366708134529645 ], [ 16.014399480908242, 47.366654328216306 ], [ 16.014505424253556, 47.366574778386976 ], [ 16.014641743575723, 47.366472368768576 ], [ 16.014789033559417, 47.366361599001671 ], [ 16.014799370393938, 47.366353794071486 ], [ 16.014879783124975, 47.366293388766479 ], [ 16.014884378785496, 47.36628994987904 ], [ 16.014992871774442, 47.366208449135904 ], [ 16.015030777835914, 47.366179920907754 ], [ 16.015226190115673, 47.366033090247321 ], [ 16.015255292621941, 47.366011250586844 ], [ 16.015333033584568, 47.365940014099287 ], [ 16.015365759612113, 47.365916468863858 ], [ 16.015412806368126, 47.365882684392638 ], [ 16.015591863004225, 47.365779090688235 ], [ 16.015759092724721, 47.365661819714369 ], [ 16.015774951071439, 47.365647943190673 ], [ 16.015904213373226, 47.365534533936554 ], [ 16.015939562388532, 47.365502644284263 ], [ 16.015998737451408, 47.365449398704868 ], [ 16.016019419311696, 47.365431357626797 ], [ 16.016089729348856, 47.365370378241693 ], [ 16.01619459022476, 47.365287881157414 ], [ 16.01623230775661, 47.365258276571851 ], [ 16.016307451053756, 47.365203755725204 ], [ 16.016332286153581, 47.365189218266046 ], [ 16.016423909397869, 47.365135660948731 ], [ 16.016523765144903, 47.365077228785047 ], [ 16.016792072407263, 47.364936066449381 ], [ 16.016843563246375, 47.364908929200602 ], [ 16.016882500403497, 47.364895501005961 ], [ 16.017219256690229, 47.364779289206439 ], [ 16.017269718170791, 47.364773602878557 ], [ 16.017371823103584, 47.364762022342042 ], [ 16.017543767136328, 47.36474276972681 ], [ 16.01772110995223, 47.364722849885339 ], [ 16.017864188004669, 47.364706615451603 ], [ 16.017995943340676, 47.364691817156931 ], [ 16.018102994562152, 47.364675888410638 ], [ 16.018302342254149, 47.364645727640927 ], [ 16.018315418537899, 47.364618861848804 ], [ 16.018326094905937, 47.36459691400902 ], [ 16.018355605437836, 47.364536261312288 ], [ 16.018369169882867, 47.364508573781876 ], [ 16.018389199377737, 47.364467320020829 ], [ 16.018417221183753, 47.364400850373137 ], [ 16.018421236009399, 47.364391212958786 ], [ 16.01842467145449, 47.364383209681279 ], [ 16.018463802365332, 47.364290280536935 ], [ 16.018470061819716, 47.364275278663904 ], [ 16.018478698263422, 47.364254909224336 ], [ 16.018501153829625, 47.364201444494441 ], [ 16.018510374199586, 47.36417953083663 ], [ 16.018536630125496, 47.364117424038987 ], [ 16.018565824030873, 47.364047955841833 ], [ 16.018584857754419, 47.364002764141489 ], [ 16.018596085435831, 47.363976031765823 ], [ 16.018622446050248, 47.363913382306968 ], [ 16.018631917286807, 47.363891192654705 ], [ 16.018665841968289, 47.363810539681616 ], [ 16.018668095360844, 47.363802744223541 ], [ 16.018674458857198, 47.363781978017471 ], [ 16.018698489371236, 47.363702187684837 ], [ 16.018719477296134, 47.363632912224233 ], [ 16.018640033231538, 47.363542948794155 ], [ 16.018581111042071, 47.363476090868318 ], [ 16.018502087369615, 47.36338656762176 ], [ 16.018114055247636, 47.363145851510289 ], [ 16.018015266650544, 47.363084521223016 ], [ 16.017999199377805, 47.363023948802656 ], [ 16.017976670673168, 47.362932738138475 ], [ 16.017921473019925, 47.362894781843188 ], [ 16.01793849132007, 47.362862061621804 ], [ 16.017967492173366, 47.362780984327586 ], [ 16.017980146596511, 47.3627406240794 ], [ 16.018043043816505, 47.36260698376929 ], [ 16.018067448028095, 47.362555363950491 ], [ 16.018676447024816, 47.362435903434935 ], [ 16.018956968664551, 47.362410136211892 ], [ 16.019092414835281, 47.362397680576613 ], [ 16.019525527272805, 47.362357882883323 ], [ 16.019992785680696, 47.362715480712964 ], [ 16.020269042381578, 47.363339732435662 ], [ 16.020524312695844, 47.363679263989297 ], [ 16.020537249311129, 47.363696515575114 ], [ 16.021108994714222, 47.363854848493119 ], [ 16.021247296887648, 47.363893189825099 ], [ 16.021349438785208, 47.3639213977944 ], [ 16.021358183410644, 47.363923983058079 ], [ 16.021496185106322, 47.363964221780776 ], [ 16.021501032097177, 47.363965728317098 ], [ 16.021559542659439, 47.363982808261134 ], [ 16.021628698538485, 47.363920141849277 ], [ 16.021751546050336, 47.36380858699615 ], [ 16.021839322679995, 47.36372909712091 ], [ 16.021899224324791, 47.363674660816983 ], [ 16.021998498457268, 47.363537371567652 ], [ 16.022156305651201, 47.36342022231846 ], [ 16.022159367414808, 47.363417899557192 ], [ 16.022474714982078, 47.363183606618982 ], [ 16.022687390936515, 47.363032935118291 ], [ 16.022746728273418, 47.362993456492951 ], [ 16.022895121358008, 47.362894443511252 ], [ 16.022918700491616, 47.36280592988669 ], [ 16.022932024304975, 47.362755379921047 ], [ 16.022975707513268, 47.36259076845117 ], [ 16.023058056637872, 47.362256711880732 ], [ 16.023096260300559, 47.362101592349177 ], [ 16.023181218167061, 47.361969500399496 ], [ 16.023291875970919, 47.361990663924459 ], [ 16.023359981189543, 47.362003645837021 ], [ 16.023414860866971, 47.361975525419808 ], [ 16.023592233785497, 47.361899237021497 ], [ 16.023910239221586, 47.361756347140997 ], [ 16.023940879913667, 47.361741401181256 ], [ 16.024145800233374, 47.361641505869919 ], [ 16.02420488718586, 47.361615356682911 ], [ 16.024246057476368, 47.361588638958843 ], [ 16.024465605668031, 47.361445634623081 ], [ 16.024010112193796, 47.361111275303109 ], [ 16.023427890922211, 47.3606716816304 ], [ 16.023485411854999, 47.360586240206629 ], [ 16.023604808109873, 47.360441003203341 ], [ 16.02388238038553, 47.360253690004313 ], [ 16.02393387030553, 47.360218896864765 ], [ 16.024075668548907, 47.360120667536819 ], [ 16.024210298364217, 47.360027378357131 ], [ 16.024227718566365, 47.360015624496171 ], [ 16.024431843874773, 47.360087343528271 ], [ 16.024450601161401, 47.360094014208876 ], [ 16.024878346811715, 47.360266341695599 ], [ 16.025942404435114, 47.360639659748479 ], [ 16.025960227446973, 47.360534535425671 ], [ 16.025976075434325, 47.36041667342176 ], [ 16.025991413078263, 47.36030179441272 ], [ 16.025995229124824, 47.360272714973817 ], [ 16.026016133983379, 47.360108548626634 ], [ 16.026018210310564, 47.360092114318981 ], [ 16.026026645755799, 47.36001854144461 ], [ 16.025926414756174, 47.359573275551192 ], [ 16.025855803013489, 47.359331949129476 ], [ 16.025792955585196, 47.359162283396707 ], [ 16.025514999644763, 47.359149654834731 ], [ 16.02535538732257, 47.359215444876448 ], [ 16.025162102017262, 47.359369176415434 ], [ 16.02503769894588, 47.359468077873821 ], [ 16.024786783761609, 47.359650534956529 ], [ 16.024449474374759, 47.359583483120083 ], [ 16.024350363152699, 47.359401526249563 ], [ 16.024442471005358, 47.359149975618266 ], [ 16.024363924930736, 47.358994543404151 ], [ 16.024360824894419, 47.358988314326723 ], [ 16.024354191133117, 47.358975146146534 ], [ 16.024053577194373, 47.35865064500365 ], [ 16.024172519155226, 47.358444647972057 ], [ 16.02430220220748, 47.35822066206174 ], [ 16.024439436163817, 47.358087608106537 ], [ 16.024755469461471, 47.357968889577762 ], [ 16.024914835545726, 47.357880148543018 ], [ 16.024969719189571, 47.35776388817019 ], [ 16.024979894182238, 47.357742581607198 ], [ 16.02491515875067, 47.357559185404071 ], [ 16.024872251645427, 47.357437485555067 ], [ 16.025029391079052, 47.357268760427878 ], [ 16.025052719900089, 47.357258577813035 ], [ 16.025067238256486, 47.357252293916069 ], [ 16.025100162327625, 47.357238014025221 ], [ 16.025376762992931, 47.35711779155546 ], [ 16.025690087797237, 47.357135709004993 ], [ 16.025799621867552, 47.357334975006417 ], [ 16.025794257525714, 47.357375254603767 ], [ 16.02578985863321, 47.357408489143793 ], [ 16.025777408598966, 47.357502053155976 ], [ 16.025766770880168, 47.357581799934891 ], [ 16.025775296616345, 47.357754095863974 ], [ 16.025780579728494, 47.357766755610001 ], [ 16.025822077530382, 47.357865980961229 ], [ 16.02628567344702, 47.358027104910619 ], [ 16.026300829975792, 47.358002169683836 ], [ 16.026433616889115, 47.357784680133918 ], [ 16.026443788206223, 47.357768505204199 ], [ 16.026527844950817, 47.35763463097306 ], [ 16.02653494655171, 47.357623209914451 ], [ 16.026599558436011, 47.357518513303376 ], [ 16.026771718620989, 47.357239235352331 ], [ 16.026805013927326, 47.357185513209409 ], [ 16.026823784973384, 47.357163913841006 ], [ 16.026852709483734, 47.357128390658694 ], [ 16.026888795073333, 47.357082615367212 ], [ 16.026900741488692, 47.357067478908704 ], [ 16.026922289070566, 47.357037981499715 ], [ 16.026934549840508, 47.357021217093724 ], [ 16.026955294285873, 47.357007133683744 ], [ 16.027059113517666, 47.356941215771464 ], [ 16.027124682417632, 47.356899427013317 ], [ 16.027154191103612, 47.356880545470567 ], [ 16.02716828536083, 47.356876341977738 ], [ 16.027296002584983, 47.356845152177826 ], [ 16.027464679808581, 47.356803993689503 ], [ 16.0278298315644, 47.356632971499415 ], [ 16.028021014039467, 47.356451375339887 ], [ 16.028198579989869, 47.356272980860659 ], [ 16.028129545538491, 47.356174225527887 ], [ 16.028077091951058, 47.356099207165258 ], [ 16.028056787575608, 47.355974004401233 ], [ 16.028049243744743, 47.355927456839851 ], [ 16.028038623044704, 47.355862165610652 ], [ 16.02798104836582, 47.355666087922316 ], [ 16.027956300627157, 47.35558618484535 ], [ 16.027908299068546, 47.355489364277545 ], [ 16.027948223028517, 47.355438366396456 ], [ 16.028088282504076, 47.355259775978169 ], [ 16.028359158287145, 47.355310557351032 ], [ 16.028643097984659, 47.355526324658101 ], [ 16.028621093528589, 47.35559094482165 ], [ 16.028716526067431, 47.355705912837365 ], [ 16.028736150372676, 47.355729577974117 ], [ 16.029091481444141, 47.356157571219669 ], [ 16.029312326070585, 47.356401113996164 ], [ 16.029332968186125, 47.356423944762433 ], [ 16.02935571469186, 47.356449066656566 ], [ 16.029426195640369, 47.356526810241384 ], [ 16.029437854265982, 47.356539769582412 ], [ 16.029461899295352, 47.356572153237423 ], [ 16.029493349200923, 47.356614625592705 ], [ 16.029663555783685, 47.356844597490237 ], [ 16.031005870339207, 47.35725019547116 ], [ 16.031397005121541, 47.357126264211253 ], [ 16.03145852100219, 47.356994898824496 ], [ 16.031485152515479, 47.356937911388364 ], [ 16.031524145171154, 47.356832466124217 ], [ 16.031565694894844, 47.356720028169484 ], [ 16.031595971751582, 47.356638466506197 ], [ 16.03160934590159, 47.356602048759548 ], [ 16.031683491978313, 47.35640160218022 ], [ 16.03168966857783, 47.356385070905795 ], [ 16.031707705822932, 47.356336208948555 ], [ 16.031718176228626, 47.356307782374984 ], [ 16.031598091004124, 47.356252368325812 ], [ 16.03131858541429, 47.356123652241628 ], [ 16.031303396924017, 47.356116808416402 ], [ 16.031056018424664, 47.356004889096319 ], [ 16.031041505430355, 47.35599829938198 ], [ 16.030914421086504, 47.355940709086326 ], [ 16.030772559438095, 47.355876535147097 ], [ 16.030906975945406, 47.355761365275185 ], [ 16.03103096397577, 47.355654724147001 ], [ 16.031139094969408, 47.355572225087506 ], [ 16.03115415766251, 47.355402973459555 ], [ 16.031161884831416, 47.35532347472305 ], [ 16.031167362100359, 47.35526734683679 ], [ 16.031170843957426, 47.355231792868054 ], [ 16.03117131355167, 47.355121765266432 ], [ 16.031167486032626, 47.355002836116533 ], [ 16.031166434378829, 47.354912290879049 ], [ 16.03114846921623, 47.354752641844435 ], [ 16.0311310045388, 47.354613147686202 ], [ 16.031113315809549, 47.354399294126267 ], [ 16.03110665415792, 47.354302669255027 ], [ 16.031099127073027, 47.354173564022233 ], [ 16.030936277479906, 47.35392937591137 ], [ 16.03079218538722, 47.353754067852186 ], [ 16.030214026152422, 47.353414256132055 ], [ 16.029969662937329, 47.35336105311282 ], [ 16.029980922899529, 47.353280660837463 ], [ 16.029982074254082, 47.353272080832248 ], [ 16.030144431358192, 47.352845649336572 ], [ 16.030234310285405, 47.352696419443241 ], [ 16.030342809852645, 47.352548640631277 ], [ 16.030395451850264, 47.352476994858236 ], [ 16.030448072768731, 47.352423085441778 ], [ 16.030580999672381, 47.352286703813952 ], [ 16.030895415854893, 47.351789969667045 ], [ 16.031028654455675, 47.351579395432836 ], [ 16.031145717908608, 47.351394501291431 ], [ 16.031515462736078, 47.351526758510296 ], [ 16.031624868194726, 47.351554875437827 ], [ 16.031648359164194, 47.351560892941301 ], [ 16.031859915044592, 47.351615137051972 ], [ 16.031916963367657, 47.351629725171378 ], [ 16.032370813838874, 47.351779710087001 ], [ 16.032384156937145, 47.351784166525249 ], [ 16.032523360454054, 47.351830215016001 ], [ 16.032655687266644, 47.351873904940625 ], [ 16.032668921045456, 47.351912485291543 ], [ 16.032707466314925, 47.352023752146053 ], [ 16.032636804978676, 47.352162626952911 ], [ 16.032609482278534, 47.352216390025866 ], [ 16.032607687125495, 47.352222734527004 ], [ 16.032604885072423, 47.352232704010802 ], [ 16.032571492796531, 47.352351702109679 ], [ 16.032570709137747, 47.352354511549123 ], [ 16.03253024994628, 47.352498524824398 ], [ 16.032679195779018, 47.352530388409335 ], [ 16.032684822154167, 47.352531605956671 ], [ 16.032827069442675, 47.352562007041776 ], [ 16.032898332366564, 47.352577339274099 ], [ 16.033165028127939, 47.352318684690552 ], [ 16.033368233994036, 47.352121579554861 ], [ 16.033433618630692, 47.352058274075326 ], [ 16.033506012836018, 47.351976616864405 ], [ 16.033717803550726, 47.35173762428596 ], [ 16.033624789066828, 47.351501692838987 ], [ 16.033616106071694, 47.351479570572174 ], [ 16.033557308167808, 47.351363470770117 ], [ 16.033529909499254, 47.351309559990213 ], [ 16.033525343059932, 47.351300574859543 ], [ 16.03346894187602, 47.351143274666384 ], [ 16.033441842004088, 47.351115915664558 ], [ 16.033329124827308, 47.35100235020478 ], [ 16.033220739887053, 47.35089318378779 ], [ 16.03314853374712, 47.350820524971674 ], [ 16.033117243985544, 47.350788943449999 ], [ 16.033072274505773, 47.350743730460152 ], [ 16.033023940978914, 47.350694905699875 ], [ 16.03298707363135, 47.350657874056189 ], [ 16.032950060223044, 47.350620575762264 ], [ 16.032840772250388, 47.350519623080842 ], [ 16.03266491957454, 47.350515854577104 ], [ 16.032489459266145, 47.350511986505623 ], [ 16.032331723378164, 47.350504998631813 ], [ 16.0322657335605, 47.350502055736385 ], [ 16.032228750488976, 47.350574142930185 ], [ 16.032226224802621, 47.35057915423112 ], [ 16.032172746952448, 47.350683591619422 ], [ 16.032154925553549, 47.350718493997753 ], [ 16.032140473267873, 47.350746744615051 ], [ 16.03200594774934, 47.351009748152748 ], [ 16.031697504037467, 47.351042600466677 ], [ 16.031627722419447, 47.351040647024654 ], [ 16.031110857675927, 47.351026111554219 ], [ 16.030984937614544, 47.350975516428285 ], [ 16.030917550788836, 47.350934883185374 ], [ 16.030873274404875, 47.350908379234653 ], [ 16.030692303658231, 47.350799303460036 ], [ 16.030607420787177, 47.35071181732792 ], [ 16.030578284138969, 47.350649754216697 ], [ 16.030570562835074, 47.350633460994317 ], [ 16.030568890255573, 47.350476308248282 ], [ 16.030564443353516, 47.350430768046095 ], [ 16.030558242137353, 47.350366453000134 ], [ 16.030579488463484, 47.350224874630605 ], [ 16.030586807281875, 47.350176265782729 ], [ 16.030577474959514, 47.350133631822459 ], [ 16.030535521053388, 47.349942588281927 ], [ 16.030469499771549, 47.349850875615203 ], [ 16.030461570737462, 47.34981496076891 ], [ 16.030429726992381, 47.349671394421044 ], [ 16.030490286973937, 47.349500708768183 ], [ 16.030577669607787, 47.349380526940891 ], [ 16.03067855081181, 47.349293787623516 ], [ 16.030959013651259, 47.349239811145793 ], [ 16.031257109977737, 47.34918613787481 ], [ 16.031465702160673, 47.349187784942671 ], [ 16.031477099245215, 47.349187875952303 ], [ 16.031637924394989, 47.349265735577923 ], [ 16.031849964471014, 47.349368494229275 ], [ 16.032046431545638, 47.349500880040274 ], [ 16.032179579532652, 47.349617745367581 ], [ 16.032238246427728, 47.349669207349187 ], [ 16.032253362724639, 47.349682444849314 ], [ 16.032259186511119, 47.34968752903756 ], [ 16.03227749773011, 47.349703662063895 ], [ 16.032446698738326, 47.349851996328454 ], [ 16.032573780883862, 47.349744019540687 ], [ 16.032586346286216, 47.349733279244838 ], [ 16.032627595425886, 47.349698003430476 ], [ 16.032778648875755, 47.349569203386714 ], [ 16.032923731338055, 47.349445405808432 ], [ 16.032943703426042, 47.349405950971502 ], [ 16.033089875700615, 47.349117012341246 ], [ 16.033102960607298, 47.349116433101152 ], [ 16.033306543429621, 47.34910820182477 ], [ 16.033319765241863, 47.349107709354911 ], [ 16.033355456773588, 47.349106235804541 ], [ 16.03364321172949, 47.349096465164585 ], [ 16.033736175099786, 47.349093277954701 ], [ 16.033926547254005, 47.349101293085845 ], [ 16.034438835545018, 47.349125106651968 ], [ 16.034647709479778, 47.349134843959241 ], [ 16.034880919019507, 47.349092058176588 ], [ 16.0348515599492, 47.349082668911578 ], [ 16.034854548345884, 47.348970240693738 ], [ 16.034854350312756, 47.348945667157729 ], [ 16.034854098214421, 47.348922625411603 ], [ 16.034852791639871, 47.348796164006451 ], [ 16.034852402570937, 47.348762682006068 ], [ 16.034852266764688, 47.348754852597722 ], [ 16.034851714214785, 47.348702648200394 ], [ 16.034851863588091, 47.348669333529976 ], [ 16.034749170921287, 47.348614412172658 ], [ 16.034585327674623, 47.348526814922131 ], [ 16.034502249419273, 47.348482413344314 ], [ 16.034411087778377, 47.348461250489883 ], [ 16.034059710706117, 47.348379615848089 ], [ 16.033765575576346, 47.348311212255197 ], [ 16.033387545715147, 47.348226424205755 ], [ 16.033142312869501, 47.348171358341588 ], [ 16.033133068642179, 47.348169326006193 ], [ 16.033086569102167, 47.34815890080592 ], [ 16.032863474891524, 47.348029036513616 ], [ 16.032787835671964, 47.34798499817321 ], [ 16.032627626468077, 47.347924321388724 ], [ 16.032313565534878, 47.347805517906856 ], [ 16.032205366175791, 47.347831931497801 ], [ 16.032045357020984, 47.347871002440272 ], [ 16.031827628488671, 47.347908195182448 ], [ 16.031711647855381, 47.347870510645322 ], [ 16.031645958287438, 47.347844872823067 ], [ 16.031508492223491, 47.347791129931871 ], [ 16.031430945987569, 47.347587962754986 ], [ 16.031431969272671, 47.347579475774452 ], [ 16.031441949677632, 47.347502624597197 ], [ 16.031443287137879, 47.347492509658224 ], [ 16.03151189104117, 47.34738600478078 ], [ 16.031649379624611, 47.347240690802764 ], [ 16.031720385604146, 47.347165639553772 ], [ 16.031830355588699, 47.34704951469589 ], [ 16.031909921520455, 47.347001990401999 ], [ 16.032072375451321, 47.346933061908835 ], [ 16.032215771010765, 47.346872235881683 ], [ 16.032238072200723, 47.346862796158703 ], [ 16.032413916025707, 47.346840726623611 ], [ 16.032947984900439, 47.346731417586412 ], [ 16.033118871065557, 47.346692718489329 ], [ 16.033328445279047, 47.346589453696446 ], [ 16.033400129653316, 47.346540674071484 ], [ 16.033408321093376, 47.346535078700882 ], [ 16.033585746244185, 47.34639377013238 ], [ 16.033682724639196, 47.34631639320974 ], [ 16.033743048661126, 47.34626824194924 ], [ 16.034066803306672, 47.346123564249197 ], [ 16.034096871764781, 47.346110609443777 ], [ 16.034130566459979, 47.346096038405392 ], [ 16.034210878935337, 47.345874196481766 ], [ 16.03421192241338, 47.345871290852799 ], [ 16.034215071251808, 47.34586293365124 ], [ 16.034223997756115, 47.345838054397895 ], [ 16.034340955730141, 47.345623088718391 ], [ 16.034305011462482, 47.345562627886252 ], [ 16.034267044814534, 47.345498883735701 ], [ 16.034242843166492, 47.345458222026295 ], [ 16.034203570932156, 47.345392257966111 ], [ 16.034129656061637, 47.345267962969608 ], [ 16.033812909098295, 47.344865992639619 ], [ 16.033626584353335, 47.34493161667492 ], [ 16.033564521635377, 47.344953520217345 ], [ 16.033492469581766, 47.344979531085173 ], [ 16.03334263145975, 47.345033398748441 ], [ 16.033288008411652, 47.345053145670086 ], [ 16.032790557054916, 47.345235776403925 ], [ 16.032517491812932, 47.345136081958167 ], [ 16.032386241922207, 47.34497064617463 ], [ 16.032387838122268, 47.344900835181328 ], [ 16.032445664728002, 47.344837528502104 ], [ 16.032530833405289, 47.344744226080273 ], [ 16.032800818144963, 47.344633502933441 ], [ 16.033322881223956, 47.34441941009888 ], [ 16.03338196454013, 47.344365166246035 ], [ 16.033458258306581, 47.344295210530071 ], [ 16.033727870487724, 47.344047828181822 ], [ 16.033873601316017, 47.343859371950522 ], [ 16.034040336583665, 47.343643950162473 ], [ 16.034228917665828, 47.34362769853108 ], [ 16.034505731041119, 47.343619534102025 ], [ 16.034520992280658, 47.343622684481588 ], [ 16.034731333211319, 47.343666687936739 ], [ 16.034959377276579, 47.343756367864813 ], [ 16.035130916151935, 47.34382379562296 ], [ 16.035328285588182, 47.3438912424972 ], [ 16.035735427503443, 47.344030343412783 ], [ 16.035879678852965, 47.344079599174798 ], [ 16.035954097423438, 47.344105028041177 ], [ 16.035978631361125, 47.344113360709095 ], [ 16.036221512105438, 47.344177118683547 ], [ 16.036369980824947, 47.344200075286636 ], [ 16.036410431449987, 47.344159685089004 ], [ 16.036534304562604, 47.344036023934507 ], [ 16.036778902822785, 47.343791926718659 ], [ 16.036781552099246, 47.343789343187112 ], [ 16.03686094276668, 47.343710128707968 ], [ 16.036876692259714, 47.343694360872831 ], [ 16.036929743228551, 47.343721555125512 ], [ 16.03750853097478, 47.344020533230854 ], [ 16.037744774450367, 47.344127929712258 ], [ 16.037885677715437, 47.344191937175651 ], [ 16.038091536962781, 47.344285377246067 ], [ 16.038417072387492, 47.34401307152816 ], [ 16.038657008390707, 47.343812565107569 ], [ 16.038698277844503, 47.343604698272109 ], [ 16.038993654822924, 47.343669278064148 ], [ 16.039142347328387, 47.343701768979066 ], [ 16.039181995621057, 47.343710373242928 ], [ 16.039312707724516, 47.34385978901625 ], [ 16.039309315553663, 47.344310381162252 ], [ 16.039308166056941, 47.344448154796886 ], [ 16.039647661733625, 47.344551571596 ], [ 16.039832276401462, 47.344419175520045 ], [ 16.039914316111581, 47.344360693104193 ], [ 16.039936675166025, 47.34434467823182 ], [ 16.039982423950377, 47.344312083875153 ], [ 16.03999290348704, 47.344304633196643 ], [ 16.040193391000891, 47.34416150698528 ], [ 16.040270973931651, 47.344088454926229 ], [ 16.040351036213519, 47.344061169530718 ], [ 16.040535172181045, 47.344100291459206 ], [ 16.040550962200339, 47.344085332408696 ], [ 16.040655933910578, 47.343985882426658 ], [ 16.040684230898304, 47.343959103112311 ], [ 16.040732991369069, 47.343912932512637 ], [ 16.040669371451067, 47.343744282565474 ], [ 16.040650723313068, 47.34371384400972 ], [ 16.040628321883801, 47.343677372318226 ], [ 16.040581194848773, 47.343600432626289 ], [ 16.040686568194811, 47.343560483163223 ], [ 16.040605701011184, 47.343262147942689 ], [ 16.040578323886457, 47.343120908728231 ], [ 16.040562842029573, 47.343041148509506 ], [ 16.040560380460544, 47.342871769621269 ], [ 16.040624618738338, 47.342907880208898 ], [ 16.040641936632127, 47.342917553262112 ], [ 16.040654485876598, 47.342924638396006 ], [ 16.040658282607474, 47.342918606424 ], [ 16.040782886557363, 47.342721638269218 ], [ 16.040879431404473, 47.342568999641259 ], [ 16.040946208517596, 47.342463522059894 ], [ 16.040955343237247, 47.342450521263082 ], [ 16.041120985729766, 47.342217018100833 ], [ 16.04113713370327, 47.342190976721866 ], [ 16.041199847151621, 47.342088926398972 ], [ 16.041118838647687, 47.342074460781419 ], [ 16.041081938585236, 47.34206777274683 ], [ 16.041078305456072, 47.342056334955146 ], [ 16.041037393704684, 47.341924959804516 ], [ 16.041021046294453, 47.34187222927028 ], [ 16.040999639964561, 47.341803503178205 ], [ 16.040987602479586, 47.341765075368251 ], [ 16.04098061011258, 47.34174237334981 ], [ 16.040978678363583, 47.341730535113058 ], [ 16.040970091588566, 47.341679331232903 ], [ 16.040966246550258, 47.341656014443288 ], [ 16.040963967203101, 47.341642563896194 ], [ 16.040951741519454, 47.341569478826926 ], [ 16.040867969852236, 47.341067293655797 ], [ 16.040859012634492, 47.341014027846988 ], [ 16.040841127354412, 47.341016522392721 ], [ 16.040682130264184, 47.341038656392783 ], [ 16.040669371974378, 47.341040399206214 ], [ 16.040585626936807, 47.341031940104486 ], [ 16.040475264397969, 47.341057152803437 ], [ 16.040421455989602, 47.341069411476624 ], [ 16.040238221073665, 47.34099857755011 ], [ 16.040097161682219, 47.340905587003526 ], [ 16.040022445203473, 47.340856219854174 ], [ 16.040002845490736, 47.340843359686744 ], [ 16.039956165560643, 47.34081898695311 ], [ 16.03976114153631, 47.340717101005154 ], [ 16.03970925944887, 47.34066359153006 ], [ 16.039623090526323, 47.34057425183817 ], [ 16.039618329952702, 47.340569232871822 ], [ 16.039522410021799, 47.340431777768863 ], [ 16.039486244451339, 47.340379966628767 ], [ 16.039337652608332, 47.340227823603236 ], [ 16.039331924595331, 47.340222017266626 ], [ 16.039343898578522, 47.340161053183344 ], [ 16.039362568864711, 47.340065358825527 ], [ 16.039430520947001, 47.340016393347611 ], [ 16.039487752632215, 47.339975334339059 ], [ 16.039499886571186, 47.339966584070368 ], [ 16.039696743841063, 47.339980287209052 ], [ 16.039725866800939, 47.339982568332616 ], [ 16.039870110577823, 47.339972399021946 ], [ 16.03996100582734, 47.339962773161545 ], [ 16.039999869068176, 47.339958701392774 ], [ 16.040029239199551, 47.339937388615112 ], [ 16.040036389061886, 47.339932177522094 ], [ 16.040064733145105, 47.339911519255949 ], [ 16.040096141427636, 47.339888627655483 ], [ 16.040129341754596, 47.339864523192738 ], [ 16.040143769114092, 47.339854007938207 ], [ 16.040163431169997, 47.339839677411433 ], [ 16.040247753941784, 47.339815532075683 ], [ 16.040268898460379, 47.339809449204282 ], [ 16.040313638589904, 47.339700442664771 ], [ 16.040325305473868, 47.339672256797343 ], [ 16.040336835448265, 47.339643984141858 ], [ 16.040347900822571, 47.339616982919189 ], [ 16.040371537361157, 47.33960525909319 ], [ 16.040377224216225, 47.339602513463554 ], [ 16.040409001078896, 47.339586815469971 ], [ 16.040449561237484, 47.339566767945733 ], [ 16.040524233189174, 47.339530066747187 ], [ 16.040560529286854, 47.33951210089149 ], [ 16.040574871742152, 47.339505098776854 ], [ 16.04058523666691, 47.339490268234734 ], [ 16.040704934353585, 47.339319164864499 ], [ 16.040866318591828, 47.339015718988527 ], [ 16.04092829547449, 47.338899371309907 ], [ 16.040954387523961, 47.338850316545397 ], [ 16.040991948795124, 47.338779562699877 ], [ 16.041033738628254, 47.338700875968598 ], [ 16.041504478285379, 47.338453658209815 ], [ 16.041719854737877, 47.338340515928628 ], [ 16.041796331315563, 47.33831322425219 ], [ 16.041882562911219, 47.338282460149976 ], [ 16.041938617009727, 47.338262404843022 ], [ 16.042083898783439, 47.338210613907492 ], [ 16.04212851029509, 47.338194701120237 ], [ 16.042370071615103, 47.337972449905465 ], [ 16.042430784255906, 47.337916721817052 ], [ 16.042433845177499, 47.337901524103017 ], [ 16.042440645340218, 47.337868861825903 ], [ 16.04244539360457, 47.337845251259047 ], [ 16.042447204004638, 47.337836655427502 ], [ 16.042453762661054, 47.337804449028596 ], [ 16.042456955850753, 47.337789248176882 ], [ 16.042459189236613, 47.337778571612169 ], [ 16.042458163279349, 47.337771483528947 ], [ 16.042451969083988, 47.337725624811654 ], [ 16.042446136366706, 47.337681648163318 ], [ 16.04244425365696, 47.337668188228548 ], [ 16.042441454203789, 47.337647187467894 ], [ 16.04243416948367, 47.337592981769852 ], [ 16.04242706781859, 47.337539762066385 ], [ 16.042423893070147, 47.337516609471919 ], [ 16.042417891203062, 47.337471916588946 ], [ 16.04238235703545, 47.337207889377126 ], [ 16.042379145411456, 47.337184017411538 ], [ 16.042375704608755, 47.337158260239079 ], [ 16.04236646813883, 47.337089245779794 ], [ 16.042360498669275, 47.337045182339281 ], [ 16.042356677967764, 47.337017183411319 ], [ 16.042353878583906, 47.336996182646821 ], [ 16.042348124472149, 47.336953734648588 ], [ 16.042342521105887, 47.336911643197602 ], [ 16.042337600671214, 47.336875117445544 ], [ 16.042393829987496, 47.336837861883701 ], [ 16.042413942519619, 47.336824600607528 ], [ 16.042542286568423, 47.336739629233904 ], [ 16.042593139872839, 47.336706012248968 ], [ 16.042628495047911, 47.336682666148583 ], [ 16.042693692701487, 47.336639525813879 ], [ 16.042755178784443, 47.336598904290625 ], [ 16.042797190758783, 47.33657107878976 ], [ 16.042809104961872, 47.336563233651709 ], [ 16.04286892201964, 47.336523641983518 ], [ 16.042898509050367, 47.336504033823267 ], [ 16.042918493665962, 47.336490865516211 ], [ 16.042971649032328, 47.336455663230012 ], [ 16.042978438222299, 47.336451180731864 ], [ 16.042984967470797, 47.336446794429385 ], [ 16.042990807636919, 47.336441884287296 ], [ 16.043018854874667, 47.336418081178671 ], [ 16.043107819899799, 47.336342596053676 ], [ 16.043192344205941, 47.336270907443527 ], [ 16.043287148846055, 47.33619051202475 ], [ 16.043452292969764, 47.336221346239981 ], [ 16.043506603847057, 47.336234462706436 ], [ 16.043630914486286, 47.336264464761058 ], [ 16.044351982048571, 47.336438670580264 ], [ 16.044423455816361, 47.336455880863156 ], [ 16.044993771813235, 47.336546780607669 ], [ 16.045111284972545, 47.336565598572953 ], [ 16.045230937760262, 47.336584815781343 ], [ 16.045289361365803, 47.336523288400464 ], [ 16.04532492055441, 47.336485891807477 ], [ 16.045346777426516, 47.336462775241955 ], [ 16.045384848122829, 47.336422708116771 ], [ 16.045388622435166, 47.336418837227122 ], [ 16.045423798509102, 47.33638171978663 ], [ 16.045460989342196, 47.336342573827771 ], [ 16.045498936827158, 47.33630268964631 ], [ 16.045535243185459, 47.336264374934551 ], [ 16.045551702997081, 47.336247058390214 ], [ 16.045571681768227, 47.336226057070618 ], [ 16.045583113798653, 47.336213991637038 ], [ 16.045583156136821, 47.336201926520815 ], [ 16.045583288238724, 47.336173563720457 ], [ 16.045583438819484, 47.336145560603981 ], [ 16.045583640977569, 47.336105672213044 ], [ 16.045583769219441, 47.336064345085916 ], [ 16.045583874070058, 47.336043185386544 ], [ 16.045583959973769, 47.33601392337561 ], [ 16.045584146575873, 47.335971154371499 ], [ 16.045584288676224, 47.335930097006688 ], [ 16.045584494048786, 47.335867070652839 ], [ 16.045584871578541, 47.335802239597442 ], [ 16.045585011513964, 47.335750828754442 ], [ 16.045585214429199, 47.335698065955597 ], [ 16.045585424595785, 47.3356634891827 ], [ 16.045589327254003, 47.335646650818504 ], [ 16.04559606851172, 47.335618041070788 ], [ 16.045628450714585, 47.335480155508399 ], [ 16.045640959791704, 47.335427190558832 ], [ 16.045708062912286, 47.335395437060335 ], [ 16.045789128245143, 47.335357049855965 ], [ 16.045841233813025, 47.335332404675952 ], [ 16.045926949957934, 47.335291746201577 ], [ 16.046015643602374, 47.33524975652638 ], [ 16.046081451249677, 47.335218573743688 ], [ 16.046231811748466, 47.335147300015343 ], [ 16.046248017372072, 47.335153397377773 ], [ 16.046301360909521, 47.33517346784619 ], [ 16.046361726012037, 47.335196162488543 ], [ 16.046556317134058, 47.335269147480759 ], [ 16.046617489968128, 47.335292092901057 ], [ 16.046730788516406, 47.335334597306066 ], [ 16.04710066047295, 47.335473281839057 ], [ 16.047363515763358, 47.335336132610657 ], [ 16.047382474769837, 47.335326228957825 ], [ 16.047375748374197, 47.335208268401892 ], [ 16.047367527823287, 47.335066395159132 ], [ 16.047476828590106, 47.335072351284282 ], [ 16.047536648952867, 47.335025194379604 ], [ 16.047633492574363, 47.334858407173598 ], [ 16.047646303338613, 47.334783017117225 ], [ 16.047735589288532, 47.334703649203703 ], [ 16.047863621313603, 47.334589689007039 ], [ 16.047910354025074, 47.334548154692534 ], [ 16.047968388492844, 47.334479162490247 ], [ 16.048011201070704, 47.334428358082157 ], [ 16.048020315983205, 47.334417607874173 ], [ 16.04807859621312, 47.334348249644563 ], [ 16.048163213549877, 47.334247655005612 ], [ 16.048207780454174, 47.334194918174688 ], [ 16.048247460413524, 47.334165615446572 ], [ 16.048242224734167, 47.334094705568063 ], [ 16.048241109357345, 47.334078166406861 ], [ 16.048232212171008, 47.333956656199902 ], [ 16.048226796194761, 47.333882239403067 ], [ 16.048210174545911, 47.333672322451427 ], [ 16.048195792852063, 47.333508538069061 ], [ 16.048185470465366, 47.333390212804304 ], [ 16.048177975417328, 47.333303691253427 ], [ 16.048176109050996, 47.333282848459447 ], [ 16.048169153075552, 47.333217111214942 ], [ 16.048167133150361, 47.333198432809802 ], [ 16.048168833764809, 47.333053802899705 ], [ 16.048166584867644, 47.332994616067388 ], [ 16.048165321704918, 47.332962325023139 ], [ 16.048188711639007, 47.332904689601129 ], [ 16.048228907390623, 47.332805600705385 ], [ 16.048260752354057, 47.332726967197559 ], [ 16.048147972254398, 47.332702188149817 ], [ 16.048123462013461, 47.332696828616179 ], [ 16.04791250459888, 47.332756130507526 ], [ 16.047829586612796, 47.332791862461761 ], [ 16.047694450729924, 47.332849992388148 ], [ 16.047526402469618, 47.332922228713144 ], [ 16.04731469223945, 47.333023591725684 ], [ 16.047325736211786, 47.333166298225038 ], [ 16.046909247906591, 47.333359675215171 ], [ 16.046859301105272, 47.333457194583602 ], [ 16.046868448378557, 47.333555290889493 ], [ 16.046904853550746, 47.333627170966743 ], [ 16.046986058599114, 47.333733278877816 ], [ 16.047042240269242, 47.33382404573792 ], [ 16.047114590805773, 47.333940807480509 ], [ 16.047131782460781, 47.333968668733498 ], [ 16.047117708692312, 47.333978276241226 ], [ 16.047070887356163, 47.334010359106884 ], [ 16.047048242563605, 47.334025842153657 ], [ 16.047024505194113, 47.334017492998143 ], [ 16.046792921254085, 47.333935844332601 ], [ 16.04675137753765, 47.333921165773589 ], [ 16.046633850452334, 47.333873630136537 ], [ 16.046590792900179, 47.333852685325503 ], [ 16.046467994300102, 47.333792760458046 ], [ 16.04637554722294, 47.333728153276439 ], [ 16.046334067321681, 47.333699248199885 ], [ 16.046278847497483, 47.33366067600641 ], [ 16.046195754116141, 47.333538406940839 ], [ 16.046175191896303, 47.333426897022854 ], [ 16.046197529500187, 47.333374508841622 ], [ 16.046258417194128, 47.333232164739051 ], [ 16.046294361168471, 47.333029642240696 ], [ 16.046299728192608, 47.333000074724254 ], [ 16.046307706512902, 47.332967204083637 ], [ 16.046323031236547, 47.332904628883526 ], [ 16.046358906611928, 47.332757476885554 ], [ 16.046470771475203, 47.332710344847008 ], [ 16.046627230620665, 47.332644507452279 ], [ 16.046755947855299, 47.332590312559823 ], [ 16.046699598060659, 47.33256581222475 ], [ 16.046672096075504, 47.332553771140589 ], [ 16.04656521359842, 47.332507153058444 ], [ 16.046232580100355, 47.332345345301448 ], [ 16.046278574627813, 47.332209566960806 ], [ 16.046293068584546, 47.332166908281245 ], [ 16.046311117553834, 47.332113541539066 ], [ 16.046324573539472, 47.33207387852039 ], [ 16.046326521730268, 47.332067980251722 ], [ 16.046335503155735, 47.332041748053832 ], [ 16.046355727791099, 47.331981757384071 ], [ 16.046356642680934, 47.331978944701632 ], [ 16.046256023175737, 47.331958826716374 ], [ 16.046058666320242, 47.331919398600505 ], [ 16.046006481842909, 47.331908933856162 ], [ 16.045870537766138, 47.331881731690871 ], [ 16.04573312966221, 47.331854384068912 ], [ 16.045712204622497, 47.331939419788135 ], [ 16.045710766955047, 47.331944945799755 ], [ 16.045705759065473, 47.331966041870842 ], [ 16.04569436395661, 47.33201231814629 ], [ 16.04565027469204, 47.332015075600175 ], [ 16.045533714261794, 47.332022344703496 ], [ 16.045436290888304, 47.332028349055435 ], [ 16.045271562282519, 47.332178109718534 ], [ 16.044720425950803, 47.331956932917969 ], [ 16.044697100795222, 47.331884381640947 ], [ 16.044680551975951, 47.331845791150897 ], [ 16.044674691683817, 47.331832245583996 ], [ 16.044684065734018, 47.331798171544264 ], [ 16.044687637897074, 47.331785212367215 ], [ 16.044705865532482, 47.331773976034981 ], [ 16.04476157881194, 47.331739702378101 ], [ 16.044915223055547, 47.331680956512159 ], [ 16.044997351911459, 47.331637592795587 ], [ 16.045182760367677, 47.331539829459487 ], [ 16.045308667400068, 47.331557277298202 ], [ 16.045637431783859, 47.331602679676628 ], [ 16.045790013978532, 47.33162381508388 ], [ 16.045929672416886, 47.331640845681832 ], [ 16.046185815344696, 47.331674916547549 ], [ 16.046201146030281, 47.331676893257942 ], [ 16.046234083644713, 47.331681332797828 ], [ 16.046399121241009, 47.331707753501128 ], [ 16.046422621813402, 47.331711516817116 ], [ 16.046594611358781, 47.331739212618679 ], [ 16.046660574539839, 47.33174979996118 ], [ 16.046904133618295, 47.331788939776438 ], [ 16.046933367174461, 47.331677507459545 ], [ 16.046947193359841, 47.33158579776353 ], [ 16.046952638809671, 47.331490775954244 ], [ 16.046935284691642, 47.331369556620643 ], [ 16.046928966100914, 47.331326491944971 ], [ 16.046919896822995, 47.331309781603167 ], [ 16.046679595396732, 47.330867586717915 ], [ 16.046668763510088, 47.330847497057682 ], [ 16.046664667333548, 47.330839941740017 ], [ 16.046659757968971, 47.330837177369744 ], [ 16.046610225971737, 47.33080873379118 ], [ 16.046576248019203, 47.330789193911457 ], [ 16.046472001145005, 47.330729368722686 ], [ 16.04633595763125, 47.330651212119044 ], [ 16.04629829443822, 47.33060376011894 ], [ 16.046271956233898, 47.330570534090953 ], [ 16.046240811560612, 47.330531390149687 ], [ 16.046156415528092, 47.330424907449988 ], [ 16.046129799116674, 47.330391417907677 ], [ 16.046129330208437, 47.330371982398432 ], [ 16.046126426632878, 47.330263924405422 ], [ 16.046123179456092, 47.330146601402362 ], [ 16.0461214539568, 47.330082090320644 ], [ 16.046119128474871, 47.329993015087538 ], [ 16.046211417029301, 47.329959312504009 ], [ 16.046206130634619, 47.329951785439931 ], [ 16.046153162230425, 47.329877057452691 ], [ 16.04612560296404, 47.329838098429079 ], [ 16.046048645499486, 47.329729458334498 ], [ 16.045902612741095, 47.329595989530873 ], [ 16.045678383694817, 47.329283325540565 ], [ 16.045670069401734, 47.32917818697959 ], [ 16.045579184752125, 47.329089684081048 ], [ 16.045552582614633, 47.329020361843348 ], [ 16.045451721274624, 47.328758246357879 ], [ 16.04535571072358, 47.328675626979972 ], [ 16.045285874979974, 47.328615343917015 ], [ 16.045158547591093, 47.328505648419956 ], [ 16.045048106300161, 47.328327668728143 ], [ 16.045032253208145, 47.328191738540895 ], [ 16.044948653064981, 47.328165093439523 ], [ 16.044784545733965, 47.328112719975621 ], [ 16.044602477544846, 47.328050959267756 ], [ 16.044675731233479, 47.327987009203511 ], [ 16.044729079361126, 47.327940277322718 ], [ 16.044754760812587, 47.327919500810822 ], [ 16.044904377142558, 47.327798008824601 ], [ 16.04498623893647, 47.32773151339012 ], [ 16.045005816660545, 47.32771565335014 ], [ 16.04504838791037, 47.327719504342724 ], [ 16.045280158526101, 47.327740920882981 ], [ 16.045320392030465, 47.327740505803298 ], [ 16.045597935849365, 47.327737877046495 ], [ 16.045617263683063, 47.327737778216715 ], [ 16.045730949999175, 47.32773660911274 ], [ 16.04583974746313, 47.327735646025594 ], [ 16.046147204147893, 47.327732755720881 ], [ 16.04616472549133, 47.327718114714365 ], [ 16.046190506185621, 47.327696705290649 ], [ 16.046251083429159, 47.327646379790721 ], [ 16.046364621051822, 47.327552121730193 ], [ 16.046382525180007, 47.327537201502615 ], [ 16.046363487337572, 47.327527480217761 ], [ 16.046334928276906, 47.327512853323967 ], [ 16.046248160807647, 47.327468368282176 ], [ 16.046076131929972, 47.327380352580519 ], [ 16.045876767447812, 47.327278310790227 ], [ 16.045863030927332, 47.327271254483207 ], [ 16.045827405506728, 47.327253104019228 ], [ 16.045808363249449, 47.327243292720489 ], [ 16.045722691656078, 47.327199501521072 ], [ 16.045758557878742, 47.327160476749 ], [ 16.045796802920052, 47.327118784580094 ], [ 16.045875548670171, 47.327032915799208 ], [ 16.045886080580253, 47.327021411834046 ], [ 16.045908151604138, 47.326997389641967 ], [ 16.045946401028893, 47.326955787343266 ], [ 16.045951290995543, 47.326950449425084 ], [ 16.045974738218778, 47.326924864011531 ], [ 16.046003084614789, 47.326894120514815 ], [ 16.046015503261849, 47.326880681080283 ], [ 16.046010885310285, 47.326793370848733 ], [ 16.046009850506703, 47.326773228525745 ], [ 16.046008078276081, 47.326741309681559 ], [ 16.046007177444377, 47.326723775069908 ], [ 16.046004160817454, 47.326665056600888 ], [ 16.046003361620322, 47.326649500252948 ], [ 16.045963601771117, 47.32659210457053 ], [ 16.045957033080946, 47.326582807338362 ], [ 16.045945721244639, 47.326566240226271 ], [ 16.045895955476862, 47.32649449716564 ], [ 16.045855191563582, 47.326435594771716 ], [ 16.046015442991596, 47.326338246929232 ], [ 16.046022759632482, 47.326333751680799 ], [ 16.04603000922809, 47.326338261104802 ], [ 16.04611206783051, 47.326389070234711 ], [ 16.046244723257562, 47.326471088644027 ], [ 16.046282311304239, 47.326478478686994 ], [ 16.046529368148676, 47.32652689886789 ], [ 16.046875030924731, 47.326430187045148 ], [ 16.046890962850281, 47.326358864241222 ], [ 16.046895045729368, 47.326340400950421 ], [ 16.046925009495446, 47.326207163678838 ], [ 16.046090272953897, 47.326091135744662 ], [ 16.046058209805285, 47.325961892771687 ], [ 16.046039521773142, 47.325886800769325 ], [ 16.046032475085497, 47.325857888178334 ], [ 16.046028478767731, 47.32584195760758 ], [ 16.045946775996704, 47.325511954444828 ], [ 16.045920835555219, 47.325406514223971 ], [ 16.045906903923775, 47.325233265687579 ], [ 16.046276467075113, 47.325112219722968 ], [ 16.046359950440724, 47.32513409490376 ], [ 16.046614837093326, 47.325579814931722 ], [ 16.046632981610145, 47.325618547312764 ], [ 16.046635054907011, 47.325622819540484 ], [ 16.046710884708556, 47.325784334072381 ], [ 16.046721594315549, 47.325807217577541 ], [ 16.046762171816574, 47.32589340345141 ], [ 16.04676560174665, 47.325900884558301 ], [ 16.047043046279189, 47.3259815329559 ], [ 16.047048962388882, 47.325983283042348 ], [ 16.047101787532121, 47.325998593628135 ], [ 16.047181365176279, 47.32602173144722 ], [ 16.04721073033307, 47.326028866404179 ], [ 16.047293192715781, 47.326048874555418 ], [ 16.047327779254434, 47.32599529464661 ], [ 16.047378617387501, 47.325959064635946 ], [ 16.04750583311089, 47.325868261564359 ], [ 16.047533036556985, 47.325848798668709 ], [ 16.047590743736208, 47.325827710572646 ], [ 16.047634090479495, 47.32578742701309 ], [ 16.047681313255463, 47.325740118944701 ], [ 16.047738725120997, 47.325674652562775 ], [ 16.047774911273056, 47.325600687504512 ], [ 16.047788094019023, 47.325532580950693 ], [ 16.047837610531115, 47.325452627113478 ], [ 16.047859844621069, 47.32542923084403 ], [ 16.047889100800376, 47.325411069531214 ], [ 16.047896540157847, 47.325406391177154 ], [ 16.047942480281939, 47.325377929926304 ], [ 16.047961598403113, 47.325366041616505 ], [ 16.04808777916973, 47.325311814976637 ], [ 16.048166622490861, 47.325276899618402 ], [ 16.048220204115658, 47.325252848192576 ], [ 16.048310403179226, 47.325212170921723 ], [ 16.048529629485863, 47.325113417462134 ], [ 16.04859117905368, 47.32507180046774 ], [ 16.048557580537778, 47.325023532349341 ], [ 16.04852970667076, 47.324983591039498 ], [ 16.048496000031605, 47.324943518289281 ], [ 16.048432398044344, 47.324867963768909 ], [ 16.048379663641345, 47.324805475456245 ], [ 16.048312649063782, 47.324779428970096 ], [ 16.048132944747366, 47.324709425033241 ], [ 16.047988105161686, 47.324653087141861 ], [ 16.048048387265361, 47.324566215014109 ], [ 16.048055781247925, 47.32455550565377 ], [ 16.048059726553255, 47.324549829963104 ], [ 16.048280502312032, 47.324231454681218 ], [ 16.048315708793503, 47.324213151794304 ] ] ] } }
]
}
