{
"type": "FeatureCollection",
"name": "lamprechtshausen",
"crs": { "type": "name", "properties": { "name": "urn:ogc:def:crs:OGC:1.3:CRS84" } },
"features": [
{ "type": "Feature", "properties": { "name": "Lamprechtshausen", "feature_type": "entity", "metric_roundness": 44.8, "metric_rectangularity": 55.43, "metric_mobile_fit": 85.62, "metric_aspect_ratio": 0.706, "metric_area_km2": 70.94 }, "geometry": { "type": "Polygon", "coordinates": [ [ [ 12.926962500530472, 47.976821285656001 ], [ 12.92694666283265, 47.977048659859435 ], [ 12.926972174200678, 47.977231106994068 ], [ 12.926944708917455, 47.977471935020894 ], [ 12.927044969614343, 47.977690809972735 ], [ 12.927242041796836, 47.977848758576954 ], [ 12.927316991697609, 47.977962826112332 ], [ 12.927337119444271, 47.977993484511956 ], [ 12.927509973934749, 47.978199028817571 ], [ 12.927585543978786, 47.97847485407533 ], [ 12.927519932266947, 47.978538318934973 ], [ 12.927510855260659, 47.978602881471438 ], [ 12.927545186544261, 47.978685229067096 ], [ 12.927605892602287, 47.978735821685447 ], [ 12.927639441068541, 47.978763738136529 ], [ 12.927674552351585, 47.978762961454876 ], [ 12.927690768134156, 47.978762568418247 ], [ 12.927835687708852, 47.978683637365997 ], [ 12.927918114134409, 47.978663414020765 ], [ 12.927935834453733, 47.978659067788385 ], [ 12.927942412318043, 47.978657471451797 ], [ 12.927978038518747, 47.978659395407803 ], [ 12.928021299108336, 47.978661705922043 ], [ 12.928060187452054, 47.978743979340713 ], [ 12.928128820153422, 47.978809173621045 ], [ 12.928247304935052, 47.97882155325901 ], [ 12.928308540776332, 47.978855773864133 ], [ 12.928305113202951, 47.979038569216144 ], [ 12.928326356456772, 47.979098289778285 ], [ 12.928420900285985, 47.979139733941466 ], [ 12.928616602507574, 47.979112618886646 ], [ 12.928683011187516, 47.979205604003823 ], [ 12.928594954785604, 47.97934708000232 ], [ 12.928564829678228, 47.979413278379418 ], [ 12.928594143203496, 47.979451795525264 ], [ 12.928732732912065, 47.979498161412671 ], [ 12.92897003222544, 47.979549999694214 ], [ 12.929225657739185, 47.979605859843105 ], [ 12.929321772107293, 47.979686982954775 ], [ 12.929369490338775, 47.979892627621226 ], [ 12.929356786965547, 47.980010526394793 ], [ 12.929433368974829, 47.980053166570137 ], [ 12.929515128540977, 47.98006739605492 ], [ 12.929612946693821, 47.980084290409522 ], [ 12.929804165193005, 47.980100250569642 ], [ 12.929886249904222, 47.980107103859844 ], [ 12.930146163193882, 47.980198152885322 ], [ 12.930208884727307, 47.980265934274165 ], [ 12.930303483546249, 47.980300719712751 ], [ 12.93047123955413, 47.980318576348481 ], [ 12.930717497509438, 47.98039095400275 ], [ 12.930848989940831, 47.98048947188542 ], [ 12.930882426035607, 47.980584500257756 ], [ 12.930860187769143, 47.980653425522732 ], [ 12.930875539699366, 47.980713035141669 ], [ 12.930989652770455, 47.980771728308227 ], [ 12.931096165072336, 47.980808263783558 ], [ 12.931247581515509, 47.980860158969243 ], [ 12.931462506187687, 47.981208796156203 ], [ 12.931508430344492, 47.981405077311457 ], [ 12.931504568050977, 47.981523906555346 ], [ 12.931503125754279, 47.981572032370913 ], [ 12.931590954105474, 47.981703504700668 ], [ 12.931602712883283, 47.981760042957902 ], [ 12.93199651355379, 47.98188429889337 ], [ 12.932066211705559, 47.982003832767958 ], [ 12.93216617814225, 47.982038185420578 ], [ 12.932301100812273, 47.982005005974663 ], [ 12.932382860092869, 47.981984867113418 ], [ 12.932592083175566, 47.982030393176004 ], [ 12.932633963708284, 47.982125630119803 ], [ 12.932764907663818, 47.982156940648366 ], [ 12.93288233709676, 47.982203228321758 ], [ 12.932960751793557, 47.982217353821483 ], [ 12.933083458826649, 47.982239459180548 ], [ 12.933381912314104, 47.982426805602287 ], [ 12.933398917621751, 47.982480932738312 ], [ 12.93342154698461, 47.982553072106242 ], [ 12.933453984293674, 47.98265682272244 ], [ 12.933544672045731, 47.982695730311526 ], [ 12.933669214859425, 47.982828317289176 ], [ 12.933829829046038, 47.98288761781965 ], [ 12.934048722105315, 47.982913382464517 ], [ 12.934216607353848, 47.982933123314325 ], [ 12.93437780300383, 47.983074292401078 ], [ 12.93443272321484, 47.983076910545336 ], [ 12.934823861265903, 47.983095709680306 ], [ 12.934972912652599, 47.983090104735616 ], [ 12.935125449301891, 47.983084331650538 ], [ 12.935181673418787, 47.983109265012835 ], [ 12.935184049579496, 47.983254565164223 ], [ 12.935109332189178, 47.983387905009479 ], [ 12.935131714375917, 47.98347524709073 ], [ 12.935279812782063, 47.983542059546814 ], [ 12.93530634971972, 47.98369967779692 ], [ 12.935288946114872, 47.9838557056474 ], [ 12.935369705769521, 47.983984541723515 ], [ 12.935384382712815, 47.98430936235372 ], [ 12.93535149558557, 47.984387068282601 ], [ 12.935345765406742, 47.984400453240553 ], [ 12.935335848298871, 47.984418142088877 ], [ 12.935279204786802, 47.984518347356087 ], [ 12.935163106474155, 47.984612860469127 ], [ 12.935129429015921, 47.98461841245652 ], [ 12.935084749748208, 47.984625725897146 ], [ 12.935013728226405, 47.984660747644305 ], [ 12.934980772372734, 47.984677097753746 ], [ 12.934937004861311, 47.984828356726219 ], [ 12.93485575667585, 47.984921549935933 ], [ 12.934828142142013, 47.984940347400943 ], [ 12.934688450161145, 47.985035768479129 ], [ 12.934375140869889, 47.985141567268535 ], [ 12.934334028929678, 47.985155460078118 ], [ 12.93428848108068, 47.985188679860094 ], [ 12.934292698919718, 47.98523295668749 ], [ 12.934296144486666, 47.985238006540186 ], [ 12.934370496467114, 47.985346039499333 ], [ 12.934634306135774, 47.985563041212828 ], [ 12.934694236112875, 47.985769894761745 ], [ 12.934695072664161, 47.985976275062683 ], [ 12.934695356781551, 47.986044378787426 ], [ 12.935218756089817, 47.986277655827188 ], [ 12.935309744370297, 47.986453937998903 ], [ 12.935320573746571, 47.986474846845354 ], [ 12.935294702463462, 47.986651627150451 ], [ 12.935247723851028, 47.986960312063751 ], [ 12.935251696315618, 47.986984166164078 ], [ 12.935272195810343, 47.987107757120341 ], [ 12.935250931693341, 47.987137192241924 ], [ 12.935233586433796, 47.987144779581712 ], [ 12.935095766345816, 47.987204941660622 ], [ 12.935017518688566, 47.98730840112929 ], [ 12.934779814241308, 47.987321797996984 ], [ 12.934686306558687, 47.987387779739812 ], [ 12.934564143480744, 47.987415608030453 ], [ 12.93441003064531, 47.987450613271342 ], [ 12.93430695488855, 47.987470860072364 ], [ 12.934076633901208, 47.987552563571654 ], [ 12.93406361927129, 47.987642212787819 ], [ 12.934095061107, 47.987648888503237 ], [ 12.934138543793019, 47.987658214651297 ], [ 12.934178577339637, 47.987662940738744 ], [ 12.934258069984077, 47.987659885903817 ], [ 12.934328045247366, 47.987657158094663 ], [ 12.934488662690567, 47.987735619898011 ], [ 12.934412018463762, 47.987769272441973 ], [ 12.934269013750162, 47.987735943137977 ], [ 12.934258758248376, 47.987745174101541 ], [ 12.934250932782543, 47.98775207437162 ], [ 12.934313182781278, 47.987848370269951 ], [ 12.934343784283609, 47.987859811112024 ], [ 12.934406809847964, 47.987889716234726 ], [ 12.934514737012638, 47.988041497104753 ], [ 12.934604055755255, 47.988120612930068 ], [ 12.934817030323027, 47.988187289224783 ], [ 12.934845529552058, 47.988245953766445 ], [ 12.934791006349503, 47.988313509074402 ], [ 12.934788976965917, 47.988316021083911 ], [ 12.934795886329436, 47.988411586544245 ], [ 12.934826238586501, 47.988490859199167 ], [ 12.934911657916523, 47.988501588776906 ], [ 12.934915674812338, 47.988502052409331 ], [ 12.935111286436035, 47.988473396645894 ], [ 12.935158893909172, 47.988469152029204 ], [ 12.935308688959584, 47.988455902231252 ], [ 12.935505853838976, 47.988451991216827 ], [ 12.935525706630736, 47.988449540391052 ], [ 12.93556702307955, 47.988444284403798 ], [ 12.935782724092943, 47.988417225859621 ], [ 12.936110400859532, 47.988415650793563 ], [ 12.936182737334336, 47.988402134285202 ], [ 12.936215215132528, 47.98839603809482 ], [ 12.936231050970491, 47.98839312356067 ], [ 12.93635611370444, 47.988389503744258 ], [ 12.936454904178955, 47.988386603478894 ], [ 12.936544594923983, 47.988399595580447 ], [ 12.93666467334277, 47.988417009918123 ], [ 12.936898078376206, 47.988511551156584 ], [ 12.9371169908268, 47.988573385460853 ], [ 12.937238934713276, 47.988662956633441 ], [ 12.937373673181559, 47.988761927644504 ], [ 12.937526428372875, 47.988782511520157 ], [ 12.937558479308397, 47.988762019270766 ], [ 12.937620021930851, 47.988722735318895 ], [ 12.937745021127689, 47.988692214575828 ], [ 12.937773802239352, 47.988696451176288 ], [ 12.937991603893256, 47.988728232081641 ], [ 12.938181531852218, 47.988795273330176 ], [ 12.938418276780336, 47.988820910523593 ], [ 12.938572251672378, 47.988910679407724 ], [ 12.938649272196907, 47.989039860048265 ], [ 12.93878795302383, 47.989131915598534 ], [ 12.938881859150094, 47.989137093375632 ], [ 12.938961125126278, 47.988969130731121 ], [ 12.939050091674577, 47.988918513949358 ], [ 12.939217146537917, 47.988944542081761 ], [ 12.939224118562898, 47.988944115977219 ], [ 12.939370926988476, 47.988935978705925 ], [ 12.939477951137153, 47.988836572601905 ], [ 12.939664460917566, 47.988806258861686 ], [ 12.939798200671133, 47.988700555790224 ], [ 12.939851786702105, 47.988560933891286 ], [ 12.939900559707811, 47.988526463414921 ], [ 12.940054692296449, 47.98841759058535 ], [ 12.9400798682115, 47.98831331791331 ], [ 12.940046487286622, 47.988172501067737 ], [ 12.940172938211637, 47.988144591587556 ], [ 12.940298896368944, 47.988093109754679 ], [ 12.940444798027174, 47.988062657003361 ], [ 12.940523568067851, 47.98804879974611 ], [ 12.940557205886725, 47.988048733853596 ], [ 12.940584016704831, 47.988083280913315 ], [ 12.940605455050459, 47.988155054812019 ], [ 12.940614605028951, 47.988185763516213 ], [ 12.940600314084191, 47.988232766197029 ], [ 12.940592755406168, 47.988257750540264 ], [ 12.940605782189111, 47.988271919027596 ], [ 12.94062080154367, 47.988288433328336 ], [ 12.940633956217571, 47.988285599069059 ], [ 12.940681339022051, 47.98827550376803 ], [ 12.940703401425893, 47.988299958748627 ], [ 12.940728557514149, 47.988305081969735 ], [ 12.940798792779336, 47.98882045316693 ], [ 12.940804379551755, 47.988861675551277 ], [ 12.940807300866544, 47.988883096851417 ], [ 12.94087393630172, 47.988932622780794 ], [ 12.940896725930868, 47.988949523215652 ], [ 12.941195696483376, 47.989023316203749 ], [ 12.941206209140113, 47.989033247808038 ], [ 12.941425117232193, 47.989239465922992 ], [ 12.941452202964166, 47.98932682248244 ], [ 12.941874292141133, 47.989764214112498 ], [ 12.94208450536018, 47.989933246470642 ], [ 12.942317595429749, 47.990107843429755 ], [ 12.942339051951462, 47.990123929397676 ], [ 12.942353286444295, 47.990155914591156 ], [ 12.942377139713399, 47.990209883412646 ], [ 12.942386627832843, 47.990231416781803 ], [ 12.942475615441145, 47.990321051074694 ], [ 12.942651331475691, 47.990497882803908 ], [ 12.942652387695974, 47.990571656698663 ], [ 12.942652841700175, 47.990600536615617 ], [ 12.942653818432259, 47.990667023170658 ], [ 12.942654059602104, 47.990688525336104 ], [ 12.942644263657561, 47.990708104419177 ], [ 12.942639501045555, 47.990717714489108 ], [ 12.942613512722467, 47.990769895836053 ], [ 12.942573270711796, 47.990810513740804 ], [ 12.942351534796124, 47.991034135504613 ], [ 12.942303653199497, 47.991128435928196 ], [ 12.942268284361333, 47.9911983084057 ], [ 12.942239337836396, 47.991198030781177 ], [ 12.942235515252319, 47.991207374114751 ], [ 12.942210939828197, 47.991267656876389 ], [ 12.942195512728961, 47.991305389598914 ], [ 12.942181241224983, 47.991349873505001 ], [ 12.942076028620255, 47.991368500653039 ], [ 12.941783204535074, 47.991420320282302 ], [ 12.941711187758257, 47.991444457095653 ], [ 12.941698939701221, 47.991433530079696 ], [ 12.941686025605719, 47.991422061028402 ], [ 12.941491745034961, 47.991468815125842 ], [ 12.941354660783022, 47.991501818008082 ], [ 12.941105061815827, 47.991561968845488 ], [ 12.941023294270991, 47.991581663998666 ], [ 12.941040020393809, 47.991727911799046 ], [ 12.941044551735452, 47.991766971427239 ], [ 12.940921478571417, 47.9918436536706 ], [ 12.940781756928935, 47.991942050620302 ], [ 12.94073096086588, 47.99197786404126 ], [ 12.940684875729971, 47.992010994489497 ], [ 12.940374266233444, 47.992234940981966 ], [ 12.940007204397656, 47.992497829269816 ], [ 12.939932147171184, 47.992551642702317 ], [ 12.939239086782221, 47.993051195556554 ], [ 12.938658402505137, 47.993469979722093 ], [ 12.938410170482827, 47.993648971532366 ], [ 12.937737103899908, 47.994141566283155 ], [ 12.936918464254024, 47.994740536095748 ], [ 12.936162334497013, 47.995295092327233 ], [ 12.936078093728502, 47.995356968497916 ], [ 12.936054776032476, 47.995374071629271 ], [ 12.935877676210724, 47.995503012087013 ], [ 12.935428993289527, 47.995829569956591 ], [ 12.935272115614202, 47.99594274530255 ], [ 12.935224000020673, 47.995977575893718 ], [ 12.935204323222147, 47.99599172255818 ], [ 12.935096907566699, 47.996069172070015 ], [ 12.934639071907764, 47.9963994738726 ], [ 12.934339603710571, 47.996614445994851 ], [ 12.934068820223603, 47.996811433468736 ], [ 12.93379089170854, 47.997013523599328 ], [ 12.933393724037421, 47.997295809055167 ], [ 12.933255852127397, 47.99739393333904 ], [ 12.933154907766395, 47.997465735663411 ], [ 12.933076879293063, 47.997520613916883 ], [ 12.932912467560465, 47.997636099071485 ], [ 12.932906850536815, 47.997634460316441 ], [ 12.932830758894994, 47.997611526518924 ], [ 12.932644250626295, 47.997567159439399 ], [ 12.932617635133154, 47.997559600423607 ], [ 12.932364727880394, 47.997486934603401 ], [ 12.932355229413824, 47.997502015635611 ], [ 12.932353329443457, 47.997505067826459 ], [ 12.932313027911666, 47.997569162435013 ], [ 12.932264584001585, 47.997646273581495 ], [ 12.932197956723392, 47.99775229006849 ], [ 12.932486579119901, 47.997834615936775 ], [ 12.932492464221705, 47.997836255639314 ], [ 12.932550006037314, 47.997866052706847 ], [ 12.932543147461278, 47.997868997787521 ], [ 12.932419298454533, 47.9979210182046 ], [ 12.932255376756265, 47.997989812973579 ], [ 12.93249840869148, 47.998214213549815 ], [ 12.932800548354255, 47.998491806488161 ], [ 12.932882932912387, 47.998690551000614 ], [ 12.932931747100584, 47.998809831527979 ], [ 12.932965167501846, 47.998891454048568 ], [ 12.93297424775171, 47.998913436545614 ], [ 12.933027613440066, 47.999033542419255 ], [ 12.933033147837186, 47.999045976517351 ], [ 12.933035387162667, 47.999051112179359 ], [ 12.933092048911783, 47.999178426492186 ], [ 12.933149629208645, 47.999308352887986 ], [ 12.933168073955414, 47.999350249663507 ], [ 12.933184852251063, 47.999347248835107 ], [ 12.933755593626074, 47.999243600842533 ], [ 12.933737550560288, 47.99920170554573 ], [ 12.933750704917959, 47.999199321884966 ], [ 12.933802247963948, 47.999190053413905 ], [ 12.933843321541508, 47.999182638066024 ], [ 12.933874730578015, 47.999176988663415 ], [ 12.933930090814812, 47.999211905430762 ], [ 12.934318526004047, 47.999459833769095 ], [ 12.93439669341379, 47.999509762791796 ], [ 12.934416434973567, 47.999522425653659 ], [ 12.93454769115651, 47.999606453583489 ], [ 12.935065914946451, 47.999938492043619 ], [ 12.935732217071449, 48.000364778297197 ], [ 12.935761297646495, 48.000383320596384 ], [ 12.93584186892541, 48.000434786246196 ], [ 12.935861344472938, 48.000447268015954 ], [ 12.935907232204464, 48.000476663548348 ], [ 12.936121599495369, 48.000613783246841 ], [ 12.936301283834165, 48.000728832615437 ], [ 12.936991937887434, 48.001022408668511 ], [ 12.93734902288103, 48.001289471576925 ], [ 12.937561199529052, 48.001239097054331 ], [ 12.937699382081306, 48.001206372313149 ], [ 12.937815117926839, 48.001482415620153 ], [ 12.937862379048415, 48.001596200837348 ], [ 12.937886470324401, 48.001654219552947 ], [ 12.937902006837669, 48.001691337536407 ], [ 12.938022336960971, 48.001980530933963 ], [ 12.938148801093901, 48.001990858210739 ], [ 12.938977786162805, 48.002058455665889 ], [ 12.939016234884992, 48.002061555283341 ], [ 12.939063926658516, 48.002065496004029 ], [ 12.939104939926528, 48.002066265265171 ], [ 12.939120621250696, 48.002066588495673 ], [ 12.939131255619674, 48.002167203865021 ], [ 12.939156766180702, 48.002410282043144 ], [ 12.939187407471744, 48.002701778000656 ], [ 12.93923162540383, 48.002846319761538 ], [ 12.939547995633063, 48.003307108471418 ], [ 12.939908353281643, 48.003784059047156 ], [ 12.940253719421928, 48.004241075642895 ], [ 12.940246071715624, 48.0042419493398 ], [ 12.94022608043689, 48.004244220585676 ], [ 12.940200980973035, 48.004248363733609 ], [ 12.940161385651868, 48.004254886715536 ], [ 12.940133212481028, 48.004257759933743 ], [ 12.939849737253653, 48.004286575783411 ], [ 12.939798488869005, 48.004291799590732 ], [ 12.939733522858756, 48.004320637175063 ], [ 12.93971388483863, 48.00432938689967 ], [ 12.939684831986449, 48.004342242962771 ], [ 12.93963990673584, 48.004362242179241 ], [ 12.939504055647129, 48.004422595923792 ], [ 12.939397257931518, 48.004470003563554 ], [ 12.939422356034106, 48.004572647178826 ], [ 12.939450223895212, 48.004645792193372 ], [ 12.939460869672056, 48.004673986924523 ], [ 12.939545531634614, 48.00487759193976 ], [ 12.939586066037629, 48.004977679009961 ], [ 12.939589487634652, 48.004986147195069 ], [ 12.939621072129439, 48.005064252770914 ], [ 12.939641339117276, 48.005114341272495 ], [ 12.939707536804605, 48.005277849699432 ], [ 12.93971938051803, 48.005307217992709 ], [ 12.9397609669962, 48.005410097423784 ], [ 12.939769521811096, 48.00543117790928 ], [ 12.939788603619043, 48.005478473488246 ], [ 12.939258541442674, 48.00613502460952 ], [ 12.938975391221243, 48.006492025858002 ], [ 12.938959825784655, 48.006511674876691 ], [ 12.939072295616356, 48.00738227311119 ], [ 12.939087363298729, 48.007499546605473 ], [ 12.939121182102991, 48.007761185066521 ], [ 12.939124354240446, 48.007784946176336 ], [ 12.939061061547333, 48.007804612797024 ], [ 12.939009996869252, 48.007820542523405 ], [ 12.938839897395118, 48.007870073298363 ], [ 12.938181800153766, 48.008061702607144 ], [ 12.937809688374513, 48.008161012437199 ], [ 12.93767535205996, 48.008196809180873 ], [ 12.937223965726472, 48.008319057040133 ], [ 12.937167406858373, 48.008334517362265 ], [ 12.937078069220906, 48.008358771972134 ], [ 12.93705563373978, 48.008364902740787 ], [ 12.936984052802831, 48.008434199650232 ], [ 12.936922238413523, 48.008506138852944 ], [ 12.936693712435321, 48.008798637515383 ], [ 12.937008203712921, 48.009049631353157 ], [ 12.937970842282377, 48.008779430349747 ], [ 12.938239815412645, 48.008703878664342 ], [ 12.938467272552142, 48.008640060090237 ], [ 12.939443465457954, 48.008366024611178 ], [ 12.93972533139506, 48.008286914758663 ], [ 12.939975410611654, 48.007978199913758 ], [ 12.940346494642242, 48.008085885262325 ], [ 12.94083088142408, 48.008227059640056 ], [ 12.940856039021119, 48.008233262332659 ], [ 12.940893774075098, 48.008242746283393 ], [ 12.941023540774175, 48.008279530741078 ], [ 12.941176452378071, 48.008322780754895 ], [ 12.941372203288589, 48.008374272134908 ], [ 12.941390776441372, 48.008382521600744 ], [ 12.941414160299384, 48.008392856485671 ], [ 12.941711281821284, 48.00847788645828 ], [ 12.942134024069139, 48.008598695273555 ], [ 12.942701250607023, 48.008760832878998 ], [ 12.942926937928615, 48.008825377209483 ], [ 12.942993753448784, 48.008908278489614 ], [ 12.942938693388783, 48.008938590612814 ], [ 12.943007708709727, 48.009157613727758 ], [ 12.943075448693209, 48.009439696740174 ], [ 12.943098096202824, 48.009494830505503 ], [ 12.943419235744797, 48.010278321596566 ], [ 12.943576372856068, 48.010780125184418 ], [ 12.943328232777313, 48.010866285016 ], [ 12.943228895940555, 48.010900766520564 ], [ 12.941888842319948, 48.011366126907397 ], [ 12.941255974649406, 48.011585927296416 ], [ 12.941186073548879, 48.011610250801851 ], [ 12.940921945464241, 48.011699769994564 ], [ 12.940904331481592, 48.011706457606614 ], [ 12.940861974756373, 48.011722867435829 ], [ 12.940728073788719, 48.01166420780401 ], [ 12.940440924985971, 48.0118551264327 ], [ 12.940033173337236, 48.012126152284175 ], [ 12.939848429788647, 48.012249044801912 ], [ 12.939409139395428, 48.012541102731852 ], [ 12.939282741338952, 48.012625148571544 ], [ 12.939648299026874, 48.012900868331627 ], [ 12.939998129976987, 48.013164568435954 ], [ 12.940253038311598, 48.013356874713757 ], [ 12.940299434176501, 48.013391847773519 ], [ 12.940535680472667, 48.013569965916517 ], [ 12.941022890322374, 48.0139845466338 ], [ 12.941037678140969, 48.013997191518037 ], [ 12.941212874169818, 48.014146133481361 ], [ 12.941492733586999, 48.014802371196552 ], [ 12.941509362710338, 48.014801977587922 ], [ 12.941543961066863, 48.014801284855771 ], [ 12.941561394661042, 48.014800893958508 ], [ 12.942077052523436, 48.015912600167518 ], [ 12.942356131966497, 48.016514584987803 ], [ 12.942611071714841, 48.017064219111425 ], [ 12.943002342528773, 48.017960219455283 ], [ 12.943106018482636, 48.017956969950802 ], [ 12.943111740924916, 48.017998642087115 ], [ 12.943113780028016, 48.018012863106421 ], [ 12.943114288122224, 48.01801664326311 ], [ 12.943118997751126, 48.01805030528125 ], [ 12.943104377562856, 48.01805088581208 ], [ 12.943069771688217, 48.018052298695636 ], [ 12.943019220227603, 48.018052218477642 ], [ 12.943025023921772, 48.018136803246051 ], [ 12.94304937032401, 48.018485221957803 ], [ 12.943049482209194, 48.018488191113384 ], [ 12.943053357232648, 48.018543801290484 ], [ 12.943136184304128, 48.019732940843639 ], [ 12.943174654068541, 48.020362721003025 ], [ 12.943185176295557, 48.020533685995758 ], [ 12.943206915892453, 48.020890282244586 ], [ 12.943210938720608, 48.020890295780966 ], [ 12.943218985049471, 48.020890232892569 ], [ 12.943300118135969, 48.020889696194239 ], [ 12.943334720456196, 48.021211969810935 ], [ 12.943359283985195, 48.021442087599389 ], [ 12.943419969503845, 48.022006628969834 ], [ 12.94349606569992, 48.022716422089047 ], [ 12.943519584423301, 48.022960930268844 ], [ 12.943522075551098, 48.022986488096819 ], [ 12.943531155822692, 48.023081429441582 ], [ 12.943531122220536, 48.02308592747152 ], [ 12.943548453700064, 48.023261143417223 ], [ 12.943567571237995, 48.023412705124869 ], [ 12.943624722160287, 48.023858573145183 ], [ 12.943961517450346, 48.026834144314144 ], [ 12.943545074800214, 48.027483355659001 ], [ 12.943510337025868, 48.02753748640459 ], [ 12.943490525538367, 48.027568366976944 ], [ 12.943308284767284, 48.027852576111421 ], [ 12.942999299217156, 48.028334366275338 ], [ 12.94293239910701, 48.028438677716998 ], [ 12.940742183581904, 48.031854092469629 ], [ 12.940639106038992, 48.031970155076309 ], [ 12.940357354915776, 48.032408937833161 ], [ 12.940516648040585, 48.03245122017146 ], [ 12.940194280854541, 48.032939614193872 ], [ 12.939560370975373, 48.033919314926216 ], [ 12.939436255296231, 48.033889655590933 ], [ 12.939081608491476, 48.033801456659376 ], [ 12.93898883021059, 48.033778380678733 ], [ 12.93893728637887, 48.033765610635228 ], [ 12.938818422799992, 48.033963843665965 ], [ 12.938091635439285, 48.035176133151801 ], [ 12.937324599740409, 48.036455572217328 ], [ 12.93731196475952, 48.036476670258175 ], [ 12.936982777569165, 48.037025666292514 ], [ 12.936966609666454, 48.037052689741962 ], [ 12.936922727325467, 48.037125769211819 ], [ 12.936906015296032, 48.037153780379477 ], [ 12.936751114557557, 48.03709684431896 ], [ 12.936723425712019, 48.037086583872103 ], [ 12.936709621415245, 48.037102639946625 ], [ 12.936702583417683, 48.037110892424842 ], [ 12.936698792726046, 48.037115467546961 ], [ 12.936702939996772, 48.037116921130234 ], [ 12.936929724858674, 48.037193444909612 ], [ 12.93706769054141, 48.037237188344463 ], [ 12.937350313037676, 48.037326856662332 ], [ 12.93758714668118, 48.037387490097124 ], [ 12.938031208810512, 48.037432906210938 ], [ 12.938336395848602, 48.037448250066554 ], [ 12.938600115029756, 48.037466060897117 ], [ 12.938869404073879, 48.037474623938756 ], [ 12.9391498682571, 48.037495459230364 ], [ 12.939753727269729, 48.037536463810156 ], [ 12.939983124558708, 48.037551995910071 ], [ 12.940378559393105, 48.037571328893918 ], [ 12.940776605410832, 48.037582392821037 ], [ 12.942198199518202, 48.037621921385757 ], [ 12.943993008572436, 48.037639025874313 ], [ 12.944218617576666, 48.037641132464543 ], [ 12.944596331027537, 48.037644738127092 ], [ 12.945527202478228, 48.037653522124153 ], [ 12.946053806876188, 48.037621725797024 ], [ 12.946109311110938, 48.037607697065098 ], [ 12.946440321166579, 48.037523877242641 ], [ 12.946400443063879, 48.037510969544449 ], [ 12.946377962089128, 48.037503607585144 ], [ 12.946300742614099, 48.037425172587227 ], [ 12.946385256037608, 48.037171310767718 ], [ 12.946432723363579, 48.037029058617549 ], [ 12.946660756566008, 48.036504708416722 ], [ 12.946669067461578, 48.036487373375216 ], [ 12.946948878668683, 48.035907868237437 ], [ 12.947214009534976, 48.035263090665744 ], [ 12.947243242935814, 48.035191667825863 ], [ 12.947384340765257, 48.034848750696661 ], [ 12.947480354717641, 48.034852218871293 ], [ 12.947540028700887, 48.034854306609276 ], [ 12.947821499604599, 48.034864508739354 ], [ 12.947885055905827, 48.03524885975348 ], [ 12.947908940225993, 48.035392969039101 ], [ 12.948041296615235, 48.035615616105275 ], [ 12.948204723270424, 48.035736078876759 ], [ 12.948360254646166, 48.035781396559045 ], [ 12.948719071500134, 48.035871919783887 ], [ 12.948726179215678, 48.035872123280171 ], [ 12.948936578671047, 48.035880287715266 ], [ 12.949059912952663, 48.035908134981135 ], [ 12.949101828323634, 48.035917539987125 ], [ 12.949111147399766, 48.035927106879832 ], [ 12.949117896971631, 48.035994151257604 ], [ 12.949123017449693, 48.036045626735053 ], [ 12.949124635959985, 48.036062634997315 ], [ 12.949303909714374, 48.036089947604701 ], [ 12.949466357637036, 48.036107038488794 ], [ 12.949495308625526, 48.036110103069618 ], [ 12.949543965328409, 48.036114852178898 ], [ 12.949665675183619, 48.036126590144157 ], [ 12.949919488314864, 48.036104758986781 ], [ 12.950124430424218, 48.036070800801596 ], [ 12.950366344779338, 48.03602526923094 ], [ 12.950461571174095, 48.035971876069368 ], [ 12.950479350032557, 48.035961948931408 ], [ 12.950484327482364, 48.035959986189091 ], [ 12.950514057380087, 48.035948299248119 ], [ 12.950672711336873, 48.035842577199112 ], [ 12.950837109308093, 48.035794899646014 ], [ 12.950842352355492, 48.035793297613985 ], [ 12.95089343027383, 48.035778802181909 ], [ 12.95090203982361, 48.035775411999751 ], [ 12.950919930901843, 48.035768453924419 ], [ 12.950959883023007, 48.035752932190107 ], [ 12.951035470257235, 48.035706940685571 ], [ 12.951038299564663, 48.035705240725662 ], [ 12.951044227103102, 48.035701751729661 ], [ 12.951212474150916, 48.035604606991548 ], [ 12.95124332737474, 48.035421185265577 ], [ 12.951283789594639, 48.035299329489639 ], [ 12.951410868056781, 48.035127200070946 ], [ 12.951529080966155, 48.035048332384228 ], [ 12.952215686663163, 48.0346847134496 ], [ 12.952503555757566, 48.034553414281305 ], [ 12.952585054057534, 48.034505731881019 ], [ 12.952623101096403, 48.034475359510353 ], [ 12.952756536594475, 48.034368652171167 ], [ 12.952973900405288, 48.034211930947677 ], [ 12.953113459831279, 48.034111360725284 ], [ 12.953189104402353, 48.034056911519855 ], [ 12.953215129212788, 48.034056457048138 ], [ 12.953235519981549, 48.03405607406777 ], [ 12.95328568808911, 48.033982019440622 ], [ 12.953329404358886, 48.033891390554153 ], [ 12.953342448174068, 48.033886845207405 ], [ 12.953367326026806, 48.033878110395733 ], [ 12.95345613090362, 48.033895134337989 ], [ 12.95353778580226, 48.033917802432761 ], [ 12.95356362074876, 48.03392499407159 ], [ 12.953599710320811, 48.03392385277202 ], [ 12.953649215954213, 48.033922305572595 ], [ 12.953826413352148, 48.033884021776629 ], [ 12.954074874561078, 48.0337663539907 ], [ 12.9541479519022, 48.033788093980419 ], [ 12.954203888428378, 48.033805999465422 ], [ 12.95425930874598, 48.033821114399174 ], [ 12.954316685310923, 48.033825440202733 ], [ 12.954517905093088, 48.033840671566047 ], [ 12.954532249570777, 48.03384170800738 ], [ 12.954864803995754, 48.033817154446346 ], [ 12.9551168115732, 48.033764988684922 ], [ 12.955216351969693, 48.033744352012775 ], [ 12.955225889362342, 48.033742403933694 ], [ 12.955248366879898, 48.033731681718706 ], [ 12.955370039091385, 48.033673962564052 ], [ 12.955635389998722, 48.033853582482521 ], [ 12.955965345833688, 48.034076953842685 ], [ 12.956231538941189, 48.033992175445995 ], [ 12.956396899984021, 48.033939635168409 ], [ 12.956489664015541, 48.033910069095924 ], [ 12.956632471905383, 48.033878686336465 ], [ 12.956672909324629, 48.033869821430798 ], [ 12.956743641548467, 48.033937882827544 ], [ 12.956848325509737, 48.033985093149241 ], [ 12.956895309695465, 48.033998380182467 ], [ 12.956932387893588, 48.034008936172775 ], [ 12.956982205894773, 48.034001271116175 ], [ 12.957080011291566, 48.033923591018905 ], [ 12.957120652211035, 48.033905100634684 ], [ 12.957213380474704, 48.033824615117254 ], [ 12.957318289885906, 48.033784742088265 ], [ 12.957335103161874, 48.033778229340449 ], [ 12.957361825015321, 48.033774087736845 ], [ 12.957450183346969, 48.0337601600813 ], [ 12.957646626907431, 48.033693684616424 ], [ 12.957781756030901, 48.033704018148022 ], [ 12.958009692313228, 48.033641332506413 ], [ 12.958086029271614, 48.033620348389512 ], [ 12.958094504516811, 48.033616867276088 ], [ 12.958284452745705, 48.033539484256984 ], [ 12.958304470641226, 48.033534960906145 ], [ 12.958368150905777, 48.033520682858708 ], [ 12.958621393636262, 48.033463925392752 ], [ 12.958783433369673, 48.033368998661786 ], [ 12.958972572758318, 48.033235835173848 ], [ 12.959078699242225, 48.033156830806725 ], [ 12.95913123614144, 48.033125243585175 ], [ 12.959139453953471, 48.033120232202613 ], [ 12.95916844005319, 48.033099544394453 ], [ 12.959233475143382, 48.033027154487563 ], [ 12.959243410895523, 48.032969610555931 ], [ 12.959342323961344, 48.032905066633106 ], [ 12.95934582798639, 48.032902738908653 ], [ 12.959399253017892, 48.032822034916919 ], [ 12.959421533240581, 48.032801235459537 ], [ 12.959483514363367, 48.032743139594793 ], [ 12.959757497386866, 48.032486549871415 ], [ 12.959799796298739, 48.032423532455979 ], [ 12.95988061829617, 48.032356500808902 ], [ 12.960089996134881, 48.032130739276937 ], [ 12.96017571558269, 48.032035205071246 ], [ 12.96022357794765, 48.031981831382843 ], [ 12.960232257362613, 48.031949742695282 ], [ 12.960245420388201, 48.031928373968306 ], [ 12.96025464366625, 48.031914009640438 ], [ 12.960302930383593, 48.031838776395368 ], [ 12.96047527175916, 48.031671280668192 ], [ 12.96061654533073, 48.031553074250354 ], [ 12.960809155858742, 48.031458152941653 ], [ 12.961026263721624, 48.031350985096637 ], [ 12.961063548202702, 48.031332482548756 ], [ 12.961230686211501, 48.031179362981661 ], [ 12.961236075427703, 48.03117596169804 ], [ 12.961276902662917, 48.031149643709348 ], [ 12.961367586066704, 48.031091009160228 ], [ 12.96138645018107, 48.031078834762326 ], [ 12.961448753657111, 48.031012552270923 ], [ 12.961519435260614, 48.030937480279967 ], [ 12.961614119669063, 48.030863114922155 ], [ 12.961647030182842, 48.030837221238144 ], [ 12.961805975029506, 48.030666441910988 ], [ 12.961901579542468, 48.030556903913066 ], [ 12.961935656168283, 48.030517879350903 ], [ 12.961961620283736, 48.03048800497762 ], [ 12.962207999100906, 48.030205681615911 ], [ 12.962317646583438, 48.030101495993563 ], [ 12.962377960881994, 48.030031698085025 ], [ 12.962416779082222, 48.029967049218804 ], [ 12.962420851219939, 48.029960225089965 ], [ 12.962427501651129, 48.029949180967712 ], [ 12.962525088247931, 48.029786840760529 ], [ 12.962567747535541, 48.029728951312983 ], [ 12.962572758454991, 48.029722130179827 ], [ 12.962613656218211, 48.029666754034061 ], [ 12.962629907494268, 48.029644675196877 ], [ 12.962652331329689, 48.029622166275033 ], [ 12.962800032736288, 48.029466103456528 ], [ 12.963203187791681, 48.029145864724597 ], [ 12.963284114666061, 48.029081619834095 ], [ 12.963726973596966, 48.028703030274237 ], [ 12.964104518521733, 48.028380277741924 ], [ 12.96425307942833, 48.028253273683276 ], [ 12.964276017419447, 48.028233734842587 ], [ 12.964969699079024, 48.027621316001344 ], [ 12.965051312285633, 48.027554193234906 ], [ 12.965129148578086, 48.027490117146243 ], [ 12.965153549069354, 48.027472292062171 ], [ 12.965315523612826, 48.027401285948052 ], [ 12.965410474818984, 48.027344460992317 ], [ 12.965450554509847, 48.027271268624375 ], [ 12.965480272924308, 48.027260027612101 ], [ 12.965489417195618, 48.027256548077425 ], [ 12.965565072516709, 48.027273431123092 ], [ 12.96560330646164, 48.027252771011796 ], [ 12.965618922911426, 48.027244364047419 ], [ 12.965641558059563, 48.027191537806722 ], [ 12.965689753231247, 48.027184673530819 ], [ 12.965700224637462, 48.027183177364471 ], [ 12.96572381733705, 48.02708960107914 ], [ 12.965676887838491, 48.027069120747406 ], [ 12.965705237244217, 48.027004707431189 ], [ 12.96592720670302, 48.026869657333485 ], [ 12.965924148327856, 48.026846887100767 ], [ 12.966010284809313, 48.026841762225757 ], [ 12.966014056981775, 48.026839345183895 ], [ 12.966150388230254, 48.026752783095482 ], [ 12.966197695353047, 48.026757700900106 ], [ 12.966210158047899, 48.026759089796094 ], [ 12.96631752557232, 48.02667180607115 ], [ 12.966500246882102, 48.026586919749541 ], [ 12.966743604448645, 48.026403985658376 ], [ 12.966919857414148, 48.026342378544598 ], [ 12.966918184837365, 48.026274991249565 ], [ 12.966862367343092, 48.02627886317984 ], [ 12.966864865160051, 48.026247833965748 ], [ 12.967128825852452, 48.026033387278751 ], [ 12.96715246092133, 48.025933333500113 ], [ 12.967480453573238, 48.025747966193016 ], [ 12.967438222890259, 48.025669475482424 ], [ 12.967734576944931, 48.025654396866109 ], [ 12.967801918554269, 48.025575172147036 ], [ 12.967793697093901, 48.025485273544497 ], [ 12.967948494329089, 48.025441949603419 ], [ 12.967974455679091, 48.025392461984026 ], [ 12.967994126597906, 48.025341155286519 ], [ 12.968161400674393, 48.025143764340086 ], [ 12.968320591724488, 48.025066447852645 ], [ 12.968335797214268, 48.025059118777584 ], [ 12.968304452911466, 48.024996316136701 ], [ 12.968334309254271, 48.025003427206947 ], [ 12.96835257837521, 48.02499907654078 ], [ 12.968395073413825, 48.025020711363844 ], [ 12.968435857723225, 48.025018500682734 ], [ 12.968436761749151, 48.025004289427137 ], [ 12.968438831718725, 48.024976767366525 ], [ 12.968417832493417, 48.024949622522982 ], [ 12.968424067794199, 48.024901782008236 ], [ 12.968469667708279, 48.02488213371285 ], [ 12.968478142097172, 48.024878471908274 ], [ 12.968433068737125, 48.024822823113126 ], [ 12.968439948221285, 48.024797925102988 ], [ 12.968484662143014, 48.024770717149195 ], [ 12.968527207563014, 48.024727578963535 ], [ 12.968533825216022, 48.024720942545315 ], [ 12.968527543695524, 48.024717864052775 ], [ 12.968517921517568, 48.024713065759066 ], [ 12.96848004623136, 48.024721223157847 ], [ 12.968434427152213, 48.024666922082865 ], [ 12.968485783772218, 48.024629479286666 ], [ 12.968536368691128, 48.024625680079119 ], [ 12.968573401544042, 48.024622917772206 ], [ 12.968612791326921, 48.024589935409026 ], [ 12.968722639675397, 48.024549437811757 ], [ 12.968782471145687, 48.024527405148547 ], [ 12.968829784411678, 48.024511990342596 ], [ 12.968874274559083, 48.024497556233499 ], [ 12.968900434217799, 48.024496289012021 ], [ 12.969141638177529, 48.024484811903257 ], [ 12.969192481699091, 48.024482362661878 ], [ 12.969245614394422, 48.024478571145856 ], [ 12.969296734898753, 48.024474863251029 ], [ 12.969369189178993, 48.02446960296988 ], [ 12.96944003294568, 48.024464517514751 ], [ 12.969447547770784, 48.024463821396068 ], [ 12.969454928492002, 48.024463124856034 ], [ 12.969482840248963, 48.024460603523849 ], [ 12.969500285644536, 48.024458948972224 ], [ 12.969479907171852, 48.024419661304506 ], [ 12.96954336095971, 48.024378117714853 ], [ 12.969576862368744, 48.024381731358183 ], [ 12.969645148070725, 48.024358825143835 ], [ 12.969718059093337, 48.02430723530022 ], [ 12.969756764203263, 48.024295391629252 ], [ 12.96982516814318, 48.024293986758785 ], [ 12.969926152841239, 48.024255079562494 ], [ 12.969959904193475, 48.024242050783748 ], [ 12.970025258134607, 48.024235688290325 ], [ 12.970061240897749, 48.024210341586816 ], [ 12.970093787858159, 48.024216201157827 ], [ 12.970147765019689, 48.024225906275298 ], [ 12.970181412496546, 48.024247062923145 ], [ 12.970283303964942, 48.024251250376771 ], [ 12.970375542525392, 48.024255047675609 ], [ 12.970431539678367, 48.024282841480307 ], [ 12.970445477655458, 48.024284144577678 ], [ 12.970499083918874, 48.024289350236494 ], [ 12.970534017060762, 48.024279923495712 ], [ 12.970564825153517, 48.024285147754718 ], [ 12.970680555929791, 48.024304851732992 ], [ 12.970736193755299, 48.024268590844706 ], [ 12.970780591287646, 48.024267380227528 ], [ 12.970844974567285, 48.024265602333159 ], [ 12.970887856583108, 48.024250892536742 ], [ 12.970915237139412, 48.024266901509421 ], [ 12.970934202946291, 48.024278026193102 ], [ 12.970982979021995, 48.024225640423388 ], [ 12.970992708154357, 48.024215055230215 ], [ 12.971022957544804, 48.024204174303584 ], [ 12.971078617339499, 48.024184016637541 ], [ 12.971102492983045, 48.024144687573695 ], [ 12.971132026837118, 48.024140281695715 ], [ 12.971162122560079, 48.024151531070025 ], [ 12.97132544280905, 48.024212495973188 ], [ 12.971481734037921, 48.024165483507701 ], [ 12.971515464982986, 48.02415533301842 ], [ 12.971767104909576, 48.024127689730179 ], [ 12.971807209137463, 48.024126735220797 ], [ 12.971871589715784, 48.024125316598621 ], [ 12.971960607064632, 48.024187578328224 ], [ 12.971997841773781, 48.024213693572413 ], [ 12.972192820156529, 48.024215380535836 ], [ 12.972278642385513, 48.024216187567696 ], [ 12.972431646858311, 48.024237085400038 ], [ 12.972458308494909, 48.024240766884361 ], [ 12.972468394847418, 48.024236659991615 ], [ 12.972496203695991, 48.024248981452921 ], [ 12.972528105689099, 48.024270581797566 ], [ 12.972594436405533, 48.024278075144501 ], [ 12.972598336593338, 48.024276467949882 ], [ 12.972647154106772, 48.024256648096852 ], [ 12.972655468503769, 48.024256673958547 ], [ 12.972717287582055, 48.024257226077033 ], [ 12.972731256070944, 48.024254120823755 ], [ 12.972739851728546, 48.024252258338201 ], [ 12.97279265792011, 48.024256830708396 ], [ 12.972830214128987, 48.024275299856569 ], [ 12.972881093935733, 48.02426754131303 ], [ 12.972917951813534, 48.024270624647201 ], [ 12.972934346578057, 48.024265727657543 ], [ 12.97295248778738, 48.02426038627997 ], [ 12.972979415815383, 48.024264338360084 ], [ 12.973058127561924, 48.024265572530346 ], [ 12.973121016996712, 48.024266487609502 ], [ 12.973630297582387, 48.024274365913811 ], [ 12.973677899889239, 48.024275143305914 ], [ 12.973698684030424, 48.024275477656289 ], [ 12.973714506972136, 48.024275706654258 ], [ 12.974157545945022, 48.0242631355895 ], [ 12.974361960077644, 48.024257831040522 ], [ 12.974619221335452, 48.02425116025961 ], [ 12.974753038300896, 48.02429322684938 ], [ 12.975076075001953, 48.024394533682866 ], [ 12.975429340209569, 48.02450762805465 ], [ 12.975568103680711, 48.024552137953442 ], [ 12.975746063761052, 48.024649936479413 ], [ 12.975760359898084, 48.024657717350308 ], [ 12.975890283178273, 48.024739893940584 ], [ 12.975961187056635, 48.024784733942148 ], [ 12.976226110350835, 48.024952160875465 ], [ 12.97654591586835, 48.02515439166902 ], [ 12.976556876846686, 48.025159643224747 ], [ 12.976781179989352, 48.025266578963546 ], [ 12.977501147728228, 48.025609928629216 ], [ 12.977825043288302, 48.025764308273182 ], [ 12.97784215383934, 48.025772457360929 ], [ 12.978092325923898, 48.025980767689632 ], [ 12.978498793918826, 48.026319101909095 ], [ 12.978805932868028, 48.026493219240777 ], [ 12.978973731676376, 48.026588282763612 ], [ 12.979330154596683, 48.02679286664776 ], [ 12.979920351136517, 48.026857100820273 ], [ 12.980495399556609, 48.026920566190952 ], [ 12.980563770472253, 48.026944344380802 ], [ 12.98103575420372, 48.027097276100839 ], [ 12.981415000212079, 48.027220506747859 ], [ 12.981896343068682, 48.027517853171759 ], [ 12.98198716282859, 48.027573995082527 ], [ 12.982042193406214, 48.027607357960882 ], [ 12.982432618030121, 48.027844151777479 ], [ 12.982552927705255, 48.027942664836601 ], [ 12.982701514433314, 48.028064383625633 ], [ 12.982792479139945, 48.028139147563188 ], [ 12.982855300252176, 48.028190885941498 ], [ 12.982888378512543, 48.02821806461305 ], [ 12.982903716977903, 48.028230705710968 ], [ 12.982896373954071, 48.02824570725749 ], [ 12.982868771879692, 48.028301760437998 ], [ 12.98290204595525, 48.028319763522738 ], [ 12.982912397475562, 48.028336078011542 ], [ 12.982921290666081, 48.028349869143256 ], [ 12.982926191256499, 48.028379031795183 ], [ 12.98290456991662, 48.028403256334109 ], [ 12.982901461129916, 48.028406845439491 ], [ 12.982878484730437, 48.028433135015817 ], [ 12.982855109590998, 48.028458883607463 ], [ 12.982845043753603, 48.028479904407199 ], [ 12.982915435536682, 48.028522759340177 ], [ 12.982962206369496, 48.028528118477574 ], [ 12.983031290870025, 48.028506016480691 ], [ 12.983068630830351, 48.028517734423708 ], [ 12.983116409982799, 48.028532722529278 ], [ 12.98313668184473, 48.028549696691577 ], [ 12.983164022539363, 48.028572539755373 ], [ 12.983182179389271, 48.028584919436923 ], [ 12.983205808983023, 48.028601184024858 ], [ 12.983247626131211, 48.028605268616126 ], [ 12.983262503178519, 48.028606752924624 ], [ 12.983286016659788, 48.028600346602033 ], [ 12.983327938206221, 48.028588867971401 ], [ 12.983339359050113, 48.028585753752843 ], [ 12.983351661208816, 48.02857121695849 ], [ 12.983390757869927, 48.028560989254743 ], [ 12.983395860851113, 48.028560015065644 ], [ 12.983431315898438, 48.02855283508385 ], [ 12.98346122037502, 48.02855337511869 ], [ 12.983482408024623, 48.028553798887543 ], [ 12.983512977421075, 48.028535178907774 ], [ 12.983540538286006, 48.028465181271635 ], [ 12.983533520001322, 48.028391750720594 ], [ 12.983512013682631, 48.028358849544418 ], [ 12.983567398580002, 48.028319613031329 ], [ 12.983654781364704, 48.028308721196389 ], [ 12.983705627634928, 48.028286293916018 ], [ 12.983727957401141, 48.028276375398157 ], [ 12.983737242581233, 48.028271725339913 ], [ 12.983775729241712, 48.02825240945652 ], [ 12.98381895150527, 48.028266933725938 ], [ 12.983842177005089, 48.028283466855171 ], [ 12.9838553144714, 48.02830437774125 ], [ 12.983874894590857, 48.028344560010247 ], [ 12.983884585490866, 48.028359433020746 ], [ 12.983903569182793, 48.028388548102164 ], [ 12.98389786929825, 48.028418578395097 ], [ 12.983917753041082, 48.028473515415875 ], [ 12.983972607318583, 48.028553567352766 ], [ 12.983979561592426, 48.028596590363513 ], [ 12.984065704607353, 48.028590642419637 ], [ 12.984092156302035, 48.028606105662853 ], [ 12.984134628767221, 48.028652564230057 ], [ 12.984166117400127, 48.028656887276391 ], [ 12.984196335804477, 48.028670652549188 ], [ 12.984213317200549, 48.028678350480831 ], [ 12.984317387690362, 48.028699085207052 ], [ 12.984327143766405, 48.028704242428056 ], [ 12.984344117371, 48.028713109828935 ], [ 12.984383142309428, 48.028733648738189 ], [ 12.98441487999191, 48.028740851264807 ], [ 12.984449017897751, 48.028770191769446 ], [ 12.984456767073533, 48.028794684871293 ], [ 12.984498316246107, 48.028818829832893 ], [ 12.984569432132442, 48.028853949157011 ], [ 12.984576302791647, 48.028929628246871 ], [ 12.984599807960064, 48.028984665991359 ], [ 12.984615481429909, 48.028987411994706 ], [ 12.984624189314662, 48.02898887757744 ], [ 12.984642427813204, 48.028989112340945 ], [ 12.984660935143944, 48.028989257947373 ], [ 12.984694147613132, 48.028976493165175 ], [ 12.984694165568884, 48.028953732717767 ], [ 12.984709828734204, 48.028937946411382 ], [ 12.984721769030539, 48.028897229311234 ], [ 12.984759219525197, 48.028872422280166 ], [ 12.984823533510438, 48.028881791739607 ], [ 12.984855711678035, 48.028903389461512 ], [ 12.984887015344301, 48.028915358563907 ], [ 12.984911153567472, 48.028976065781201 ], [ 12.984925229078828, 48.028977097655137 ], [ 12.984952441295247, 48.028979158577705 ], [ 12.985014476886466, 48.028948127944048 ], [ 12.985123813069851, 48.028923536679528 ], [ 12.985147885136975, 48.028913803046279 ], [ 12.985157299016747, 48.028909962923727 ], [ 12.985192334307657, 48.028905390054788 ], [ 12.98520106020081, 48.028904156774601 ], [ 12.985220178062807, 48.028913300369972 ], [ 12.985232477657281, 48.028919184848434 ], [ 12.985277737213988, 48.028970239438564 ], [ 12.985303527883987, 48.028984350980927 ], [ 12.985328723587639, 48.028987125463161 ], [ 12.985359859369019, 48.028984070203748 ], [ 12.985367375232894, 48.028983283092607 ], [ 12.985420956272144, 48.028973098163512 ], [ 12.98546374928463, 48.028971697170874 ], [ 12.985496457638323, 48.028994285890455 ], [ 12.985529944727919, 48.029040896910111 ], [ 12.985549140257154, 48.029078648742029 ], [ 12.985591840848627, 48.029111253229864 ], [ 12.985608319103461, 48.029114001511616 ], [ 12.985615151214805, 48.029115191508119 ], [ 12.985649954936807, 48.02910513009725 ], [ 12.985660360372055, 48.029093376211371 ], [ 12.985688874558194, 48.029061075208801 ], [ 12.98571187032487, 48.029011574830214 ], [ 12.985800200111015, 48.028939149899969 ], [ 12.985812924982564, 48.028921465428716 ], [ 12.985816253990102, 48.028904922313153 ], [ 12.985831412691928, 48.028884276371841 ], [ 12.985867450211497, 48.028870170282026 ], [ 12.985922897218858, 48.028881851587585 ], [ 12.985951324208784, 48.028902897991877 ], [ 12.98596899744471, 48.028927600640095 ], [ 12.985995491194011, 48.028936856161678 ], [ 12.986002870530907, 48.028936428450237 ], [ 12.986020849169606, 48.02893540274421 ], [ 12.98605834038759, 48.028924539596993 ], [ 12.986081642875622, 48.02884904091384 ], [ 12.9861480531188, 48.028805428029578 ], [ 12.98618371399122, 48.028827755507294 ], [ 12.986188121832953, 48.028830467575091 ], [ 12.986198138568659, 48.028836794929781 ], [ 12.986244231067836, 48.028843410183484 ], [ 12.986269518301174, 48.028832420480136 ], [ 12.986321824161028, 48.028792093897131 ], [ 12.986323900391637, 48.028762232575097 ], [ 12.986350388022123, 48.028752236032702 ], [ 12.986364638770025, 48.028726909257173 ], [ 12.986355784447996, 48.028666787846035 ], [ 12.986397111225527, 48.028623639542474 ], [ 12.986452178160887, 48.028591597704725 ], [ 12.986485552325174, 48.02859475624799 ], [ 12.98650552341908, 48.028596615224636 ], [ 12.986530124545277, 48.02860811402649 ], [ 12.986534937719384, 48.028610377481122 ], [ 12.986548293758748, 48.028638935518416 ], [ 12.98655666126569, 48.028671436985491 ], [ 12.986657835578507, 48.028704305877561 ], [ 12.98667432631156, 48.028705164834022 ], [ 12.986703285532373, 48.028706690793008 ], [ 12.98674352745391, 48.0286854899635 ], [ 12.986745436460041, 48.028660576068837 ], [ 12.986748995798179, 48.028609308106468 ], [ 12.98680480686334, 48.028545961390343 ], [ 12.986758244796683, 48.028468724424712 ], [ 12.986756122870958, 48.028465119585036 ], [ 12.986754128487021, 48.028462504713545 ], [ 12.986711727344536, 48.028404981940682 ], [ 12.986655526683592, 48.028325107209163 ], [ 12.986647953324907, 48.028314379036253 ], [ 12.986643581962559, 48.02830617938406 ], [ 12.986625830092855, 48.028273110089515 ], [ 12.986596352770384, 48.028228490539135 ], [ 12.986512788223033, 48.028108950427814 ], [ 12.986343161790868, 48.027862395648484 ], [ 12.986215523762056, 48.027674981673783 ], [ 12.986191728960588, 48.027643153691436 ], [ 12.986188671316121, 48.027639096226743 ], [ 12.986174314702463, 48.027619891240725 ], [ 12.986076475790783, 48.027489242666228 ], [ 12.986009139274632, 48.027390172233595 ], [ 12.985499271443786, 48.02664069576322 ], [ 12.985366696006848, 48.026450477110998 ], [ 12.985277560371511, 48.026322552788635 ], [ 12.985041947218221, 48.02597791860746 ], [ 12.984730176078083, 48.025530947481315 ], [ 12.984491263784994, 48.025199436685128 ], [ 12.984148133264775, 48.024710536905694 ], [ 12.983969769370894, 48.024430305983813 ], [ 12.984408995267579, 48.02434598403665 ], [ 12.984541662695582, 48.024320473923893 ], [ 12.984448407407372, 48.024187768446701 ], [ 12.984419266795083, 48.024153584943946 ], [ 12.984677162546786, 48.023991438360838 ], [ 12.984698440306026, 48.023978097905754 ], [ 12.984701941997493, 48.023975859368356 ], [ 12.984778031403632, 48.023927958108288 ], [ 12.984734450568052, 48.023807007321579 ], [ 12.984721492796144, 48.023719164858342 ], [ 12.984660368084175, 48.023494344429004 ], [ 12.984486468201926, 48.02320854992476 ], [ 12.984437878173026, 48.023134994231597 ], [ 12.984426593918895, 48.023117867379064 ], [ 12.984408537924718, 48.023090644334161 ], [ 12.98427524551197, 48.022889266644228 ], [ 12.984209788532135, 48.022791280195335 ], [ 12.984197307161983, 48.0227727103115 ], [ 12.984004210579055, 48.022771139171134 ], [ 12.983715237127717, 48.022768648937351 ], [ 12.983770728952154, 48.022472299336847 ], [ 12.983775875595628, 48.022444696316377 ], [ 12.98393120574899, 48.022438597186742 ], [ 12.984378283283728, 48.022420961335904 ], [ 12.984425182722829, 48.022105423495134 ], [ 12.984466999141377, 48.02178789113254 ], [ 12.98449049857469, 48.021783103846424 ], [ 12.984507686429959, 48.021779647008977 ], [ 12.984618994022417, 48.02175884056939 ], [ 12.984649875366257, 48.021753085860979 ], [ 12.985025419741707, 48.021682964089884 ], [ 12.984811816725376, 48.021339024692189 ], [ 12.98473428501781, 48.02114168338511 ], [ 12.98475330851827, 48.021144439455341 ], [ 12.984838110924869, 48.021156659392652 ], [ 12.984973992282889, 48.021170742024843 ], [ 12.985282653055906, 48.021195778912571 ], [ 12.985428606786853, 48.021207642176236 ], [ 12.98562503965306, 48.021230901970988 ], [ 12.985763319559211, 48.021247329897705 ], [ 12.985752917626098, 48.021238662300533 ], [ 12.985729445642313, 48.021219249963323 ], [ 12.985724111184691, 48.021214825800442 ], [ 12.985685302748088, 48.021182682739209 ], [ 12.98560675334609, 48.021117494152939 ], [ 12.985469496149848, 48.021008047685314 ], [ 12.985457357675944, 48.020998385261393 ], [ 12.985453356417159, 48.020995134600298 ], [ 12.98540653740827, 48.020957749573078 ], [ 12.98527186724993, 48.020802339687435 ], [ 12.985263883385903, 48.020793049564013 ], [ 12.985221050639176, 48.020741102466921 ], [ 12.985172099461842, 48.020681670077707 ], [ 12.985109385106485, 48.020594847672456 ], [ 12.984878075070045, 48.020192199391708 ], [ 12.984868265728133, 48.020175166959035 ], [ 12.984790090128667, 48.020154780347369 ], [ 12.984641904938318, 48.020116100664474 ], [ 12.984551673810428, 48.020093788419842 ], [ 12.984484736971718, 48.020077213840544 ], [ 12.984323770132926, 48.020044972609462 ], [ 12.984291645708273, 48.020036239490594 ], [ 12.984220768097869, 48.020007417964514 ], [ 12.984224931579895, 48.020006440910024 ], [ 12.984240242777915, 48.020002798536197 ], [ 12.984368506673333, 48.019972417373033 ], [ 12.984389238682837, 48.01996024483465 ], [ 12.984511519932276, 48.019861923649081 ], [ 12.984654427342912, 48.019747111216915 ], [ 12.984860001650256, 48.019625469864962 ], [ 12.984888137860931, 48.019608911314528 ], [ 12.984910217123895, 48.019595753140763 ], [ 12.984977567206668, 48.019550344395149 ], [ 12.985032862933128, 48.019342066842235 ], [ 12.985051155650435, 48.019273390253964 ], [ 12.985057761286022, 48.019248040601248 ], [ 12.985058997515708, 48.019243636139969 ], [ 12.985141964871271, 48.018927486325808 ], [ 12.98521774290993, 48.018623549773537 ], [ 12.985240472369163, 48.01853293554629 ], [ 12.985342406846495, 48.018207396370002 ], [ 12.985470235538859, 48.018261667647359 ], [ 12.985791680577121, 48.018398115514223 ], [ 12.986074217662948, 48.01851789281006 ], [ 12.986252324025218, 48.018593544991681 ], [ 12.986331082168803, 48.018626887012566 ], [ 12.986388579484617, 48.018651259051751 ], [ 12.986828100416378, 48.018837716692914 ], [ 12.98700955224958, 48.018914727134231 ], [ 12.987160091254678, 48.018921743950003 ], [ 12.987240120057578, 48.018925401434338 ], [ 12.987271883778355, 48.018927835270659 ], [ 12.987309813237504, 48.018930647349357 ], [ 12.987632011479228, 48.018954728838864 ], [ 12.987699182056422, 48.018956188563173 ], [ 12.987795960763483, 48.018941363266812 ], [ 12.987815424008209, 48.018938362533099 ], [ 12.988065353366789, 48.018941176161668 ], [ 12.988271303731731, 48.018943498529957 ], [ 12.988494014725598, 48.018945960342066 ], [ 12.988690545998672, 48.018831392356923 ], [ 12.988728187432999, 48.018634125978636 ], [ 12.988730545943541, 48.018622167943086 ], [ 12.988763901595105, 48.018424079138313 ], [ 12.988784554949634, 48.018301701206681 ], [ 12.988793342782957, 48.018250178661333 ], [ 12.988822592680092, 48.01808491402408 ], [ 12.988875374095567, 48.017787743901415 ], [ 12.988941670104735, 48.017372852591862 ], [ 12.988960548057356, 48.017255237342987 ], [ 12.988966789702939, 48.017203437316951 ], [ 12.988986226536008, 48.017041741950621 ], [ 12.988984996085062, 48.017025005217306 ], [ 12.988950094835515, 48.016502487587843 ], [ 12.988986121418424, 48.016163434790094 ], [ 12.988991122336701, 48.016116758940299 ], [ 12.989104325388158, 48.015623469066306 ], [ 12.989546810659652, 48.015459250316226 ], [ 12.989751245061996, 48.015404619127075 ], [ 12.989813032238599, 48.015388069120483 ], [ 12.989859010601972, 48.015389914630823 ], [ 12.990034344117833, 48.015397091159791 ], [ 12.990120670680074, 48.015400585394659 ], [ 12.990190301409189, 48.015353471041571 ], [ 12.990303300383154, 48.015276887190431 ], [ 12.990444229188668, 48.015153245303388 ], [ 12.990445456001364, 48.015150190195001 ], [ 12.990513035014255, 48.014986657660955 ], [ 12.990577241109742, 48.014683312839793 ], [ 12.990608938067155, 48.014593443686664 ], [ 12.990635411770674, 48.014380130041388 ], [ 12.990727439785786, 48.014250135794519 ], [ 12.99072800662014, 48.014143351547837 ], [ 12.990728636634246, 48.014026941456926 ], [ 12.990729415484349, 48.013908282729531 ], [ 12.990866501401525, 48.013613519533521 ], [ 12.990874932746181, 48.013595461898554 ], [ 12.990897640532411, 48.013465442638328 ], [ 12.990956301271281, 48.013373223996133 ], [ 12.990969758960546, 48.013181642777269 ], [ 12.991014809275736, 48.013018043328039 ], [ 12.99129793720725, 48.012738104722565 ], [ 12.991548926913019, 48.012615415799985 ], [ 12.991498151559986, 48.012547973847155 ], [ 12.991490526900202, 48.012463386228852 ], [ 12.991514901474696, 48.012385640173974 ], [ 12.99153400426494, 48.012253001190082 ], [ 12.991567468353253, 48.012138487081003 ], [ 12.991578111516263, 48.012110180134357 ], [ 12.99169942631683, 48.012093174834398 ], [ 12.991725947264898, 48.012097121386873 ], [ 12.991796804277202, 48.012107585917889 ], [ 12.991956593697903, 48.012050300331722 ], [ 12.992022429577256, 48.012008481481644 ], [ 12.99206804393974, 48.01204505074233 ], [ 12.99230060837005, 48.012115006520126 ], [ 12.992674509894725, 48.012202200268852 ], [ 12.992850356688137, 48.012314090910351 ], [ 12.993013119051957, 48.012417666284385 ], [ 12.993182176404273, 48.012460624896015 ], [ 12.993184476923552, 48.012436791475622 ], [ 12.993383848924712, 48.012251242981812 ], [ 12.993570701646608, 48.012052612827162 ], [ 12.993574211525043, 48.012048934633498 ], [ 12.993571164175098, 48.012043348002365 ], [ 12.99353803387177, 48.011983695456777 ], [ 12.993520407887891, 48.01195206681227 ], [ 12.993456005258629, 48.011835735900185 ], [ 12.993339919310433, 48.011626501615318 ], [ 12.993316331288071, 48.011583969936488 ], [ 12.993326308190884, 48.011575452717828 ], [ 12.993340465892116, 48.011563169315814 ], [ 12.993351117827814, 48.011553934371101 ], [ 12.993354892899852, 48.011550706775893 ], [ 12.993395768542031, 48.011573857144811 ], [ 12.993437846757011, 48.011597640765146 ], [ 12.993552144046234, 48.011669766214233 ], [ 12.99364935020936, 48.01173113588591 ], [ 12.993658967035234, 48.011736741763151 ], [ 12.993716934420437, 48.011770647678674 ], [ 12.993751661844485, 48.011790901095587 ], [ 12.993807225427979, 48.011823360517447 ], [ 12.99408791667482, 48.011853150250758 ], [ 12.994096893030243, 48.011854166108286 ], [ 12.994549243671258, 48.011856478408511 ], [ 12.99467459873008, 48.011857114532411 ], [ 12.994698865663638, 48.011857185414577 ], [ 12.994707178093934, 48.011857209693495 ], [ 12.994716696583763, 48.011857327457221 ], [ 12.994738830045019, 48.011855592841528 ], [ 12.994851107353075, 48.011846744474248 ], [ 12.994958516176895, 48.011802976178224 ], [ 12.994950954006844, 48.011790629187665 ], [ 12.994784627513342, 48.011595463860431 ], [ 12.994715789702767, 48.011521763117599 ], [ 12.994677043636973, 48.011480266999513 ], [ 12.994461342198862, 48.011249691474873 ], [ 12.994596325110987, 48.01117136837231 ], [ 12.994666440402392, 48.011130730037948 ], [ 12.99453137143157, 48.010995121104301 ], [ 12.994484482725181, 48.010948203340725 ], [ 12.994421745610937, 48.010884955935929 ], [ 12.99425085129818, 48.010712627006214 ], [ 12.993959793468838, 48.010381071532983 ], [ 12.993930523073555, 48.010325838549633 ], [ 12.993923237685191, 48.010312232813426 ], [ 12.993864180337859, 48.010239999565364 ], [ 12.993896223210349, 48.010054409817563 ], [ 12.993700481882085, 48.009868962632105 ], [ 12.993705223051602, 48.009655404402658 ], [ 12.993707102183734, 48.009572643960311 ], [ 12.993965119798697, 48.00956179431703 ], [ 12.994264709889416, 48.009549176471452 ], [ 12.994522974154201, 48.009562256460917 ], [ 12.994689431633141, 48.009570749515568 ], [ 12.995164412606703, 48.009594896615276 ], [ 12.995918164638425, 48.009633167964459 ], [ 12.99608277044301, 48.009596312286554 ], [ 12.996118166858322, 48.009575183987558 ], [ 12.996301608034784, 48.009465782661842 ], [ 12.996302136268381, 48.009446262231286 ], [ 12.996306201238648, 48.009315018060697 ], [ 12.996360298042404, 48.008826856208842 ], [ 12.99644175911801, 48.008710141062863 ], [ 12.996545005960161, 48.008562182022594 ], [ 12.99673268023737, 48.008564886190527 ], [ 12.997834266125839, 48.008590480141351 ], [ 12.997925416882614, 48.008592633113196 ], [ 12.997954906715956, 48.008593348168993 ], [ 12.997986397094206, 48.008595688338033 ], [ 12.998040130971663, 48.008599802129332 ], [ 12.998582624298516, 48.008338947778839 ], [ 12.998757070570104, 48.008125429378509 ], [ 12.998830037551718, 48.008036126747214 ], [ 12.998776804658945, 48.007995759673747 ], [ 12.998680745733248, 48.007922882274663 ], [ 12.998590826201553, 48.007854340745403 ], [ 12.998534527006024, 48.0078113557758 ], [ 12.998492370277807, 48.007779027262508 ], [ 12.99836363176445, 48.00768041573906 ], [ 12.998231007716234, 48.007581522947454 ], [ 12.997935510998818, 48.007355400993482 ], [ 12.997849282925863, 48.007296855446576 ], [ 12.997577653397224, 48.00711227457753 ], [ 12.997934409604333, 48.006984300279015 ], [ 12.997978617865353, 48.00696841475083 ], [ 12.997983724239647, 48.006966540298471 ], [ 12.998206446328208, 48.006959357576868 ], [ 12.998311450930178, 48.006974864832358 ], [ 12.998349408656942, 48.006972005740209 ], [ 12.99854603480849, 48.00695763987602 ], [ 12.998676394522942, 48.006970431165918 ], [ 12.998812112624337, 48.006983867512311 ], [ 12.999143135209744, 48.006896208640825 ], [ 12.999178990505182, 48.006886685951272 ], [ 12.999398299192643, 48.006742387426016 ], [ 12.999467767288394, 48.006696616395729 ], [ 12.999745967718459, 48.006441022581384 ], [ 13.000279148134018, 48.006122107217791 ], [ 13.000614532706265, 48.005937746381719 ], [ 13.000629634627607, 48.00594507673226 ], [ 13.000737749749117, 48.005998195281705 ], [ 13.000903130712055, 48.006005686761675 ], [ 13.000974520870038, 48.005973504756319 ], [ 13.001010885652443, 48.005968031297677 ], [ 13.001171641434102, 48.005943932102603 ], [ 13.001175391003917, 48.00594457258746 ], [ 13.001271814839331, 48.005960052580605 ], [ 13.001350413617644, 48.005953710389164 ], [ 13.001536432915815, 48.005962249659014 ], [ 13.001569610007289, 48.005952088822653 ], [ 13.001578608931318, 48.005949415684036 ], [ 13.001607307272629, 48.005947878472981 ], [ 13.001680126711939, 48.005943858559554 ], [ 13.001757060961877, 48.005925186391764 ], [ 13.001863235575732, 48.005882937499905 ], [ 13.001882964104503, 48.00587948534875 ], [ 13.001910879763418, 48.00587452722867 ], [ 13.002154138319581, 48.005756831039683 ], [ 13.00222891929149, 48.005697129252283 ], [ 13.002249399587884, 48.005680814468455 ], [ 13.002307858657305, 48.005615848155578 ], [ 13.002411006936178, 48.005500989926773 ], [ 13.002441051581512, 48.005413901477752 ], [ 13.002443646520458, 48.005406351986977 ], [ 13.002477250824796, 48.005371002450786 ], [ 13.002473518954142, 48.005367573203308 ], [ 13.002467388350629, 48.005361888032816 ], [ 13.002462190430597, 48.005357105154665 ], [ 13.002488029209117, 48.005320204078494 ], [ 13.002491411931981, 48.005315265763691 ], [ 13.002522966658795, 48.005307169174216 ], [ 13.002537200394839, 48.005303431342263 ], [ 13.002560602283049, 48.005291443066078 ], [ 13.002562300312997, 48.005256182387626 ], [ 13.002564152343972, 48.00521777344067 ], [ 13.00255767601282, 48.005203180944079 ], [ 13.002549349143822, 48.005184444865364 ], [ 13.002537189997152, 48.005156971432392 ], [ 13.002493635299061, 48.005112495344505 ], [ 13.002488174424034, 48.005106902048951 ], [ 13.002466677794919, 48.005093256272438 ], [ 13.002403256415498, 48.005052951710113 ], [ 13.002392307896157, 48.005045993298125 ], [ 13.002215760548591, 48.005002936624507 ], [ 13.002213030432042, 48.004989524327556 ], [ 13.002318028229421, 48.004942233718332 ], [ 13.002322190169382, 48.004941256008429 ], [ 13.002345951900336, 48.004935926070026 ], [ 13.002405690770457, 48.0049226921208 ], [ 13.002391747920493, 48.004859408271109 ], [ 13.002358456365616, 48.004803176261575 ], [ 13.002371222768918, 48.004777123415273 ], [ 13.002394320383273, 48.004749660651719 ], [ 13.002407840372554, 48.004752757992357 ], [ 13.00248762322958, 48.004770798408337 ], [ 13.002491382992797, 48.004769819544585 ], [ 13.002519044144268, 48.004762611474447 ], [ 13.00252347531273, 48.004761454599453 ], [ 13.002656889087314, 48.0047569772331 ], [ 13.002753372687257, 48.004762740160857 ], [ 13.002831916517085, 48.004764763377075 ], [ 13.002901718491984, 48.004728887164298 ], [ 13.002919008506717, 48.004729386261737 ], [ 13.003005724414926, 48.004732242319989 ], [ 13.003070285383684, 48.004719561547056 ], [ 13.003097130159686, 48.004714240237995 ], [ 13.003104109459132, 48.004712910673462 ], [ 13.003132611571791, 48.004721088539846 ], [ 13.003163923690087, 48.004730084070211 ], [ 13.003171038180971, 48.004728574960538 ], [ 13.003218957173008, 48.004718905451014 ], [ 13.003242568913407, 48.004694862580301 ], [ 13.003252689442853, 48.004684365716763 ], [ 13.00332112930076, 48.004673045294886 ], [ 13.003340319357237, 48.00466986125199 ], [ 13.003345278182532, 48.004670055293893 ], [ 13.003468033823371, 48.004676252260943 ], [ 13.003476268467166, 48.004667189420971 ], [ 13.00348855311681, 48.004653639949858 ], [ 13.003489434489087, 48.004556572288877 ], [ 13.00345435274469, 48.004486481182369 ], [ 13.003447553306783, 48.00441692036506 ], [ 13.003432312831823, 48.004410309688673 ], [ 13.003400227245027, 48.004396454021247 ], [ 13.003401851222963, 48.004394029639762 ], [ 13.003435423063543, 48.00434239640532 ], [ 13.003431298710765, 48.004337436698037 ], [ 13.00338713052801, 48.004283962879192 ], [ 13.003349167350425, 48.004245620505593 ], [ 13.003305621251142, 48.004199795287697 ], [ 13.003334467559116, 48.004174687740139 ], [ 13.003339724577618, 48.004170114587055 ], [ 13.003323895543357, 48.004108174913959 ], [ 13.003309241164134, 48.004051276515156 ], [ 13.00330240112806, 48.004051796820598 ], [ 13.003291805945063, 48.004052576323886 ], [ 13.003227297048968, 48.004057160689669 ], [ 13.003188135817084, 48.004059927986155 ], [ 13.003134087470267, 48.004063822385909 ], [ 13.003102319748953, 48.0038937915877 ], [ 13.003091557131084, 48.003836274501175 ], [ 13.003081355951664, 48.00371119671464 ], [ 13.003094516807533, 48.003707455757045 ], [ 13.003103514697015, 48.003704872459444 ], [ 13.003109289113237, 48.003703269572874 ], [ 13.003103539164911, 48.003701004115271 ], [ 13.003006725626975, 48.003662943773435 ], [ 13.002985908839806, 48.003351252206322 ], [ 13.002956682139503, 48.003182308124778 ], [ 13.002913068569832, 48.003020250180136 ], [ 13.002912700772182, 48.002887733431898 ], [ 13.002893245359108, 48.002827042818687 ], [ 13.002887725790881, 48.002809574235393 ], [ 13.002871914315211, 48.00270265294872 ], [ 13.00288187665798, 48.00265356147159 ], [ 13.002896406037285, 48.002581812298494 ], [ 13.002891146373395, 48.002544462599005 ], [ 13.002874972687279, 48.002431242850157 ], [ 13.002833504909528, 48.002120931664386 ], [ 13.002806188200971, 48.002031610320522 ], [ 13.002820564102388, 48.001962919452602 ], [ 13.002730941843927, 48.00180585807994 ], [ 13.002718745221872, 48.001784412059429 ], [ 13.002742684552596, 48.001644947453023 ], [ 13.002595908607557, 48.001580474982184 ], [ 13.002465040474233, 48.001522974895224 ], [ 13.002453248442844, 48.001501170146369 ], [ 13.002428737499407, 48.00145575873492 ], [ 13.002358113497994, 48.001389344202593 ], [ 13.002322787320351, 48.00137952730735 ], [ 13.002248789026069, 48.001359074258964 ], [ 13.002152509789779, 48.001322094244024 ], [ 13.002034569269956, 48.001255454351146 ], [ 13.001988488997425, 48.00122932327897 ], [ 13.001940986387295, 48.001173860120865 ], [ 13.001845050588972, 48.001061761559619 ], [ 13.001531790503575, 48.000892094333928 ], [ 13.001470345005801, 48.000858182232122 ], [ 13.001426530947496, 48.000834126572862 ], [ 13.001366271009072, 48.000824597838516 ], [ 13.001283245503689, 48.000811585259065 ], [ 13.001184176648776, 48.000791959335523 ], [ 13.000896147883664, 48.00072330138584 ], [ 13.000774266889898, 48.000686516673575 ], [ 13.000765579321936, 48.000682533367304 ], [ 13.000525676726197, 48.000571369992578 ], [ 13.000462184751303, 48.000564260512711 ], [ 13.000419991202529, 48.00055946125071 ], [ 13.000208391281813, 48.000571538143973 ], [ 13.000044561842342, 48.00055469389487 ], [ 12.999885153609567, 48.000538221984932 ], [ 12.999705632226606, 48.000522771525276 ], [ 12.999656331087341, 48.000518491306416 ], [ 12.999640928867043, 48.00051646777677 ], [ 12.99944485542226, 48.000490173674059 ], [ 12.999065585079308, 48.000457323550798 ], [ 12.999002351157589, 48.000451833351399 ], [ 12.998707729383106, 48.000408700477585 ], [ 12.998510572740614, 48.00036332945659 ], [ 12.998358264603107, 48.000347685618202 ], [ 12.998270829350002, 48.000332768900471 ], [ 12.99819062374311, 48.000319222468583 ], [ 12.997943769760507, 48.000164491402018 ], [ 12.997902168724744, 48.000004956152772 ], [ 12.99777414327086, 47.999902837161798 ], [ 12.997759521092, 47.999821198160454 ], [ 12.997708674408896, 47.999765543615958 ], [ 12.997464323624834, 47.999743244653338 ], [ 12.997408220004717, 47.999713034343806 ], [ 12.997339981235125, 47.999589766818943 ], [ 12.997354570906611, 47.999488870327284 ], [ 12.997293091561401, 47.999419240465294 ], [ 12.997157041075276, 47.999231542426656 ], [ 12.997151577098981, 47.999205797082858 ], [ 12.99714273585831, 47.999163308773731 ], [ 12.997169219798661, 47.999109587546521 ], [ 12.997222324449657, 47.999001695651749 ], [ 12.997181756572161, 47.998848730390009 ], [ 12.997176809262191, 47.998742739290613 ], [ 12.99716273505816, 47.998721916952483 ], [ 12.997263552279735, 47.998677317627291 ], [ 12.997423886727411, 47.998569646519584 ], [ 12.997522059530903, 47.998477628649262 ], [ 12.997542556978336, 47.998458435887791 ], [ 12.997615042307913, 47.998358876562499 ], [ 12.997649928887293, 47.998269823974574 ], [ 12.997694939455178, 47.998127992232035 ], [ 12.997674042090686, 47.998105171001086 ], [ 12.997670980079711, 47.998101923454776 ], [ 12.997629850385261, 47.998057092575628 ], [ 12.997627587968577, 47.998054567050403 ], [ 12.997467353834036, 47.998042767473713 ], [ 12.997401973223877, 47.998038079836235 ], [ 12.997281127223317, 47.998029272978037 ], [ 12.997359539808416, 47.99790427136687 ], [ 12.997403433849719, 47.997831888161876 ], [ 12.997497932666464, 47.997852403751502 ], [ 12.997629374464108, 47.997880943039426 ], [ 12.997704013883673, 47.997863166532305 ], [ 12.997754623323429, 47.997851168022486 ], [ 12.997783486044602, 47.997844234444905 ], [ 12.997810066109055, 47.997837923995647 ], [ 12.997815301584289, 47.997836679664587 ], [ 12.997857185377219, 47.997826725007556 ], [ 12.997902919770922, 47.99782244916755 ], [ 12.99791566122464, 47.997821226553668 ], [ 12.997975135961841, 47.997827156300879 ], [ 12.99798343113495, 47.99782951934732 ], [ 12.997988113707905, 47.997830882344786 ], [ 12.998018388959352, 47.997833578869724 ], [ 12.998032588627069, 47.997834879434201 ], [ 12.998124722416673, 47.99784801067846 ], [ 12.998233905008632, 47.99791975725342 ], [ 12.998279529513669, 47.997995278398925 ], [ 12.99830189733745, 47.997997862027738 ], [ 12.998316670142195, 47.997993406562351 ], [ 12.998398591856235, 47.997968723482174 ], [ 12.9984375716272, 47.997993576022651 ], [ 12.998454842056903, 47.997996774636881 ], [ 12.998505582225484, 47.998006187443266 ], [ 12.998540637116299, 47.997995133252779 ], [ 12.998572314212471, 47.99800916905761 ], [ 12.998635667879302, 47.998037330602727 ], [ 12.998670447145956, 47.998069278034983 ], [ 12.998791265853848, 47.998124234535418 ], [ 12.998826683430591, 47.998140260258104 ], [ 12.998887972457991, 47.998197833702385 ], [ 12.998932732540322, 47.998199222331657 ], [ 12.999027882240261, 47.998202015775206 ], [ 12.999061323376237, 47.998212727890547 ], [ 12.999134359850746, 47.998235969102396 ], [ 12.999173103542445, 47.998297795623635 ], [ 12.999218350078676, 47.998369806727112 ], [ 12.999234798615193, 47.998375791716875 ], [ 12.999283607524314, 47.998393835088557 ], [ 12.999329184091639, 47.998393336688054 ], [ 12.999341845706967, 47.998383657138028 ], [ 12.999380367247257, 47.998354530062564 ], [ 12.999429164122029, 47.99833253967499 ], [ 12.999470836304116, 47.998313767423632 ], [ 12.999525863838327, 47.998323551982793 ], [ 12.999610977078573, 47.998302835623484 ], [ 12.999701681950711, 47.998309034319952 ], [ 12.999798916573702, 47.99830022786611 ], [ 12.999851624575717, 47.998295431543163 ], [ 13.000031251464341, 47.998293159345423 ], [ 13.000064665877272, 47.998308099367478 ], [ 13.000069076454887, 47.998310091241223 ], [ 13.000083143030619, 47.99837427550721 ], [ 13.000088614682793, 47.99839903114168 ], [ 13.000099010998024, 47.998408237285958 ], [ 13.000122069063554, 47.998428725239677 ], [ 13.000146067142865, 47.998406933147997 ], [ 13.000154696022056, 47.998399041182836 ], [ 13.000159010460671, 47.998395095200038 ], [ 13.000210916562029, 47.998347923701736 ], [ 13.000258371240522, 47.998305147589328 ], [ 13.000318903123356, 47.998250533875549 ], [ 13.000360457520273, 47.998229152030838 ], [ 13.000400935576485, 47.998208396822541 ], [ 13.000486829456747, 47.998128216328539 ], [ 13.000531082324432, 47.998083001899232 ], [ 13.000584137801141, 47.998065701343542 ], [ 13.000638489943224, 47.99807629310552 ], [ 13.0006898675973, 47.998069873243729 ], [ 13.000706367786576, 47.998067761476918 ], [ 13.000770942264536, 47.998051753377631 ], [ 13.000820964601136, 47.998068720024449 ], [ 13.0008327351233, 47.998093673621462 ], [ 13.000839718177383, 47.998091624497434 ], [ 13.000893164213252, 47.998076124186547 ], [ 13.000982549625963, 47.998057938045037 ], [ 13.00108084203065, 47.998030241258057 ], [ 13.001110651818625, 47.99802187015451 ], [ 13.001168868054396, 47.998015019864681 ], [ 13.001213689976927, 47.998027743164101 ], [ 13.001266093201217, 47.99807080579388 ], [ 13.001278903043659, 47.998100980193023 ], [ 13.001299279969576, 47.998100498786869 ], [ 13.001315366594582, 47.998100185014366 ], [ 13.001348570758834, 47.998084986362976 ], [ 13.001388707396902, 47.998054603760202 ], [ 13.00142373082889, 47.998048406625983 ], [ 13.001458234926194, 47.998060650468027 ], [ 13.001468590726972, 47.998118436548111 ], [ 13.001518888858978, 47.998134234159153 ], [ 13.001554307578026, 47.99812911767647 ], [ 13.001601993035639, 47.998134202141941 ], [ 13.00163923110496, 47.998138087168634 ], [ 13.001648858283954, 47.99814180321259 ], [ 13.001734435807817, 47.998174434849489 ], [ 13.001758624402871, 47.99818583942011 ], [ 13.001796342487873, 47.998219683541713 ], [ 13.001829085078267, 47.998213839614252 ], [ 13.001868670942947, 47.99820684572461 ], [ 13.001939366374136, 47.998197871614487 ], [ 13.0020041827889, 47.998228194609446 ], [ 13.002054732138921, 47.998246691602802 ], [ 13.00206395897024, 47.998250136577909 ], [ 13.002074137756232, 47.998251425154173 ], [ 13.002098244928694, 47.99825455279899 ], [ 13.002112773376897, 47.998246317694331 ], [ 13.002110664246162, 47.998219592573633 ], [ 13.002182586520636, 47.998207383142862 ], [ 13.002212944899188, 47.998218175501862 ], [ 13.002236557562084, 47.998214734385932 ], [ 13.002243276497463, 47.998212054680018 ], [ 13.002281978806607, 47.998196421650661 ], [ 13.002333715732806, 47.9982178907022 ], [ 13.002354035669297, 47.998226405275311 ], [ 13.002394670957408, 47.998223012733753 ], [ 13.002402583099924, 47.998222405580741 ], [ 13.002425720040199, 47.998209426960656 ], [ 13.00242801171556, 47.998186222977331 ], [ 13.002431167469334, 47.998153575316323 ], [ 13.002482741560513, 47.998094976517869 ], [ 13.002490946753223, 47.998069270439956 ], [ 13.002494635838243, 47.998058215486047 ], [ 13.002528676807616, 47.998016659643824 ], [ 13.002530837911003, 47.998014056876343 ], [ 13.00253262872401, 47.997985273736646 ], [ 13.0025309460037, 47.997954681417625 ], [ 13.002548226254573, 47.997935208700852 ], [ 13.002582072209934, 47.997924419728747 ], [ 13.002627333974365, 47.997910064786801 ], [ 13.00275716820485, 47.997833066723381 ], [ 13.002782432365736, 47.99782279299658 ], [ 13.002822479703337, 47.997806353951972 ], [ 13.002908022817122, 47.997759726970258 ], [ 13.002919528218497, 47.997763178373347 ], [ 13.002931033052135, 47.99776671973698 ], [ 13.002952973886856, 47.997730886925687 ], [ 13.003087280985143, 47.997645894506441 ], [ 13.003130587597528, 47.9976227173944 ], [ 13.003142273667114, 47.997618792300372 ], [ 13.003184181864869, 47.997604787440245 ], [ 13.00320635734165, 47.99759540445595 ], [ 13.003212271369543, 47.997592812364424 ], [ 13.003221284123255, 47.997587710125707 ], [ 13.00328989265696, 47.997548231692527 ], [ 13.003336443789454, 47.997520655540384 ], [ 13.003368289156604, 47.997487009965816 ], [ 13.003385351587898, 47.997438298431533 ], [ 13.003406842689635, 47.997409931205055 ], [ 13.003492569810236, 47.99735520761574 ], [ 13.003560801297606, 47.997311679599115 ], [ 13.003665497875794, 47.997266995775838 ], [ 13.004357910595573, 47.997163706013154 ], [ 13.004585245881259, 47.997055675355 ], [ 13.004725599182386, 47.99698896072789 ], [ 13.005181685285651, 47.996781627964609 ], [ 13.005186372342635, 47.99671830706631 ], [ 13.005195750945123, 47.996590945571562 ], [ 13.005213761538968, 47.996348365498832 ], [ 13.005058508239365, 47.996227105150759 ], [ 13.005007758466066, 47.996197993214388 ], [ 13.004032034414834, 47.995638891922397 ], [ 13.003512421728704, 47.995315795484842 ], [ 13.003414027727187, 47.995254520292562 ], [ 13.003395603368563, 47.99524313246306 ], [ 13.003282852343203, 47.995078358419008 ], [ 13.003262932328134, 47.995049153562029 ], [ 13.003408091034052, 47.994454639065701 ], [ 13.00336605927356, 47.994297713231433 ], [ 13.00335532094847, 47.994257828878617 ], [ 13.003219845225145, 47.994083903710653 ], [ 13.003165063570609, 47.994057028538535 ], [ 13.002980409096347, 47.993966538967257 ], [ 13.002942863468743, 47.993948169374541 ], [ 13.002850135599589, 47.993902743377177 ], [ 13.00254135583406, 47.993751443686378 ], [ 13.002624469709474, 47.993685287878229 ], [ 13.002392643291454, 47.993678868494591 ], [ 13.002014216668277, 47.993668431121016 ], [ 13.001632571317371, 47.993658343151694 ], [ 13.00130359610456, 47.993648674715956 ], [ 13.001086780776246, 47.993642295719148 ], [ 13.000941260323206, 47.993637110405231 ], [ 13.000786629087264, 47.993631448950154 ], [ 13.000742596859199, 47.993621606551777 ], [ 13.000671644042516, 47.993608808040776 ], [ 13.000507515671462, 47.993579188682631 ], [ 13.000485734731972, 47.993610973183657 ], [ 13.000463089736359, 47.993610098476957 ], [ 13.000454648480844, 47.993609714379041 ], [ 13.000518691167184, 47.993508059707104 ], [ 13.000546171272452, 47.993423213142442 ], [ 13.000564767175819, 47.993365420053017 ], [ 13.000566986907788, 47.993311538332527 ], [ 13.000571094104179, 47.993213849839094 ], [ 13.000521390703259, 47.993063468185838 ], [ 13.000431634664917, 47.992930874188332 ], [ 13.000363010423674, 47.992868332387154 ], [ 13.000302113754838, 47.992813009824744 ], [ 13.000150691553523, 47.992703898767829 ], [ 13.000144420633365, 47.992699472530838 ], [ 12.999943985333214, 47.992563231244119 ], [ 12.999722372692238, 47.992406416974639 ], [ 12.999560211017252, 47.992279461443658 ], [ 12.999429818823339, 47.992151697578215 ], [ 12.999311587513228, 47.992008584854467 ], [ 12.9992291223764, 47.991868363982746 ], [ 12.999165269271835, 47.991709934124927 ], [ 12.999162752372801, 47.99168437723845 ], [ 12.999150804620237, 47.99156181252021 ], [ 12.999170671926427, 47.991410191363286 ], [ 12.999192585143497, 47.99135771586549 ], [ 12.999224707423799, 47.991280619797429 ], [ 12.999260098270147, 47.991237269452029 ], [ 12.999338038566147, 47.991141862899006 ], [ 12.999474904491201, 47.991011270400733 ], [ 12.999709054004086, 47.99079900107877 ], [ 12.999717545949286, 47.990791378626554 ], [ 12.999957057975893, 47.990557532987509 ], [ 13.000103726141004, 47.990402497850603 ], [ 13.000170650510526, 47.990331799011535 ], [ 13.000378768553123, 47.990081578823762 ], [ 13.000488493958768, 47.989939931569438 ], [ 13.000623082678432, 47.989766148644904 ], [ 13.00077066243821, 47.989593572363077 ], [ 13.000946742079096, 47.989428004823765 ], [ 13.001144676916986, 47.989281661894296 ], [ 13.001357626025408, 47.989155513467807 ], [ 13.001572195112331, 47.989048441557237 ], [ 13.001809487210455, 47.988950610535888 ], [ 13.001856093517858, 47.988934370487243 ], [ 13.001931308407935, 47.988908136316319 ], [ 13.001949027745292, 47.988903508881499 ], [ 13.002026225907111, 47.988881508606937 ], [ 13.0020430117054, 47.988876158780492 ], [ 13.002121147303253, 47.988854251086053 ], [ 13.002403002009789, 47.988787403697998 ], [ 13.003103994542954, 47.988623870385695 ], [ 13.003140499788431, 47.988615427865462 ], [ 13.003148418427841, 47.988613561192551 ], [ 13.003199818867811, 47.98860201236706 ], [ 13.003781061099284, 47.988470970459183 ], [ 13.004116502494906, 47.988406430399763 ], [ 13.004129646372089, 47.988404758430669 ], [ 13.004159019217569, 47.988400973433173 ], [ 13.008345082704265, 47.987860321868432 ], [ 13.008352060734481, 47.98785881205638 ], [ 13.008454321760597, 47.987835708252675 ], [ 13.008458750240257, 47.987834731068183 ], [ 13.008531912858786, 47.987792923165301 ], [ 13.008533670650461, 47.987790409112442 ], [ 13.008590219239203, 47.987704922284735 ], [ 13.008610580667183, 47.987620053744628 ], [ 13.008616773291665, 47.987593981665214 ], [ 13.008603112099724, 47.987549591352803 ], [ 13.008664141810376, 47.987519264701291 ], [ 13.008660011020197, 47.987515474659133 ], [ 13.008614035772956, 47.987473872645296 ], [ 13.008326457484809, 47.987213881465337 ], [ 13.007947333402905, 47.986871045971078 ], [ 13.007550091559075, 47.986511784877607 ], [ 13.006897687637403, 47.985919337913671 ], [ 13.00446382814888, 47.983687925020675 ], [ 13.003989283611112, 47.983248813909526 ], [ 13.003399779473513, 47.982703036382475 ], [ 13.003244445143187, 47.98255928177911 ], [ 13.003238314293215, 47.982554046418045 ], [ 13.003231383447265, 47.982548179031589 ], [ 13.003207392069484, 47.982527868844279 ], [ 13.003171805035684, 47.982497719566545 ], [ 13.003167140195295, 47.982493747870841 ], [ 13.003161142788125, 47.982488602849507 ], [ 13.003102230510544, 47.982438774991515 ], [ 13.002959656681083, 47.982269236762278 ], [ 13.002945445496199, 47.982249224293717 ], [ 13.002902547431207, 47.982188646339772 ], [ 13.002872825620397, 47.982142230253949 ], [ 13.002777289105982, 47.981993427613745 ], [ 13.002539549685681, 47.981595919050655 ], [ 13.002450309763027, 47.981384159449625 ], [ 13.00238236981204, 47.981236784697828 ], [ 13.002324100490647, 47.981064697486651 ], [ 13.002251265852992, 47.980780653674188 ], [ 13.002208078091137, 47.980575862649999 ], [ 13.002192600825495, 47.980502048111035 ], [ 13.002167240897991, 47.980380794403381 ], [ 13.002042514959419, 47.979785867075975 ], [ 13.001931211588957, 47.979293266758582 ], [ 13.00191037003483, 47.979199194944691 ], [ 13.001724147393412, 47.978287958132967 ], [ 13.001704196532209, 47.978201445763027 ], [ 13.001663773350559, 47.978026170415802 ], [ 13.001597544603401, 47.977715875352899 ], [ 13.001595069757615, 47.977704712746579 ], [ 13.001495850980501, 47.977335936568387 ], [ 13.001397676305571, 47.976971751407895 ], [ 13.001340825715785, 47.976725267361715 ], [ 13.001298713469978, 47.976542070133895 ], [ 13.00095458770798, 47.97528761600072 ], [ 13.000907572911053, 47.975075166190173 ], [ 13.000872123406452, 47.974982311633219 ], [ 13.000765771067814, 47.974704467579315 ], [ 13.000655483806907, 47.974518735207944 ], [ 13.000603196094513, 47.974524432711149 ], [ 13.00057437128984, 47.974527498663704 ], [ 13.000524075426048, 47.974535990735212 ], [ 13.000461842530767, 47.974546517659945 ], [ 13.000379357497746, 47.974560404982007 ], [ 13.000078789766441, 47.974611000192851 ], [ 12.99928330726171, 47.974745094669565 ], [ 12.999263054428885, 47.974748544867161 ], [ 12.999231267561974, 47.974753851043651 ], [ 12.99883154141291, 47.974848149407201 ], [ 12.998822551168836, 47.974850282585287 ], [ 12.998738955952852, 47.974870013191989 ], [ 12.998611349515528, 47.974900052413389 ], [ 12.998418127438772, 47.97494564552639 ], [ 12.998290948061699, 47.974992598855508 ], [ 12.998173034794013, 47.975036160220341 ], [ 12.997878385895978, 47.975144883567467 ], [ 12.997607325717619, 47.975314670088828 ], [ 12.997483445356655, 47.975390060701287 ], [ 12.997365885903335, 47.975461691023945 ], [ 12.996954299361091, 47.975627919679781 ], [ 12.996445262840906, 47.975842354118733 ], [ 12.996431313366946, 47.975844742582524 ], [ 12.996377929981048, 47.975853853623441 ], [ 12.995805734034455, 47.975951508257971 ], [ 12.995750885960975, 47.975959175319602 ], [ 12.995716287342782, 47.975964022519058 ], [ 12.99567900680724, 47.975969221747832 ], [ 12.995494078372305, 47.975995132046734 ], [ 12.995397770066537, 47.976012034286974 ], [ 12.99534974957858, 47.976020530748968 ], [ 12.995168134757753, 47.976051937995351 ], [ 12.99490818649646, 47.976096880652079 ], [ 12.994776871235503, 47.976119527770578 ], [ 12.994580187779148, 47.976139824494489 ], [ 12.994401067771822, 47.976158283023452 ], [ 12.994291132581345, 47.976169026929441 ], [ 12.993839457804691, 47.976213405963826 ], [ 12.993668976345184, 47.976221992638557 ], [ 12.993547011938302, 47.976228202373044 ], [ 12.993502381417153, 47.976230410534413 ], [ 12.99344602088372, 47.97624391972564 ], [ 12.99331773462551, 47.976274490904565 ], [ 12.993107803188229, 47.976271535546502 ], [ 12.992900143857423, 47.976248884376801 ], [ 12.992576271746504, 47.976213386096269 ], [ 12.992562615192472, 47.976211906505405 ], [ 12.992260140258885, 47.976141564253723 ], [ 12.992085174051507, 47.976077804362525 ], [ 12.99189901182225, 47.975964171168798 ], [ 12.991492338543589, 47.97558107486315 ], [ 12.991068927630387, 47.975340520552891 ], [ 12.990839738087683, 47.975210205115353 ], [ 12.990773813017622, 47.975211269700601 ], [ 12.989910488155175, 47.975225357111903 ], [ 12.989137775361284, 47.975233049988432 ], [ 12.988946672788263, 47.975219887108999 ], [ 12.9889352894656, 47.975219133558042 ], [ 12.988921361761573, 47.975218192513921 ], [ 12.988883336171801, 47.975295718402933 ], [ 12.988719686655832, 47.975629717894833 ], [ 12.988696870837069, 47.975676251376576 ], [ 12.988664209007476, 47.975692077838524 ], [ 12.988636924108588, 47.975705221369289 ], [ 12.988494315008085, 47.975774159221942 ], [ 12.988456814378321, 47.975792310286323 ], [ 12.988093622977306, 47.975969897053034 ], [ 12.987913137670541, 47.975991940036884 ], [ 12.987843812684497, 47.976000459830203 ], [ 12.987353990693927, 47.97607897608151 ], [ 12.987304357393487, 47.976108246074695 ], [ 12.987095332061399, 47.976231501992842 ], [ 12.987084196425947, 47.976213565878716 ], [ 12.986951224976357, 47.976000493513546 ], [ 12.986745603114571, 47.975671330019146 ], [ 12.986834894148569, 47.97541996777128 ], [ 12.986689852824187, 47.975108168410067 ], [ 12.986576335040059, 47.974710097716063 ], [ 12.986546990769646, 47.974589458070156 ], [ 12.986487260105958, 47.97434376738267 ], [ 12.986251355341061, 47.974520739850263 ], [ 12.985859554817928, 47.974870425125914 ], [ 12.985364934200387, 47.974845819784363 ], [ 12.98474829954252, 47.974815177525151 ], [ 12.983705262404428, 47.974776858456813 ], [ 12.982762675579222, 47.974743782020489 ], [ 12.982675614130301, 47.974740099897659 ], [ 12.982587614861826, 47.974736414869916 ], [ 12.982551473971553, 47.974731447384904 ], [ 12.982554867435841, 47.974645092164828 ], [ 12.982555163177439, 47.974640954713607 ], [ 12.982543095676458, 47.974562559477654 ], [ 12.982449787075584, 47.974372002905518 ], [ 12.982433531751191, 47.97433866696494 ], [ 12.982391832510389, 47.97426369054638 ], [ 12.982326170160928, 47.974126116476064 ], [ 12.982292082382211, 47.974054941568497 ], [ 12.982286051123713, 47.974055283148722 ], [ 12.982276669300251, 47.974055794503542 ], [ 12.981812793203312, 47.974082816523712 ], [ 12.981167420122292, 47.974123409453071 ], [ 12.98045498646959, 47.974174500259799 ], [ 12.980097953038086, 47.974191944762083 ], [ 12.979978246814076, 47.974201475746909 ], [ 12.979862507430276, 47.97421875562295 ], [ 12.979806325787825, 47.974225421459131 ], [ 12.979799353017563, 47.97422629982114 ], [ 12.979740707442653, 47.974240695017556 ], [ 12.97924859414832, 47.974361363153008 ], [ 12.978935353301214, 47.974440473349006 ], [ 12.978902741170966, 47.974448650273516 ], [ 12.97839258934285, 47.974581314770084 ], [ 12.978175722746199, 47.97463390885332 ], [ 12.977851496899744, 47.97471235269235 ], [ 12.977731521581324, 47.974741492700389 ], [ 12.977650703884118, 47.974765354970323 ], [ 12.977309708860036, 47.974866416754196 ], [ 12.976830242679702, 47.975036503761906 ], [ 12.976572109031412, 47.975128012252206 ], [ 12.976524495383948, 47.974605893997349 ], [ 12.976486890108754, 47.974364314535265 ], [ 12.976589101213969, 47.973915168670125 ], [ 12.976612164166733, 47.973814299956146 ], [ 12.976564111784256, 47.973709613676419 ], [ 12.976527281382923, 47.973629252249758 ], [ 12.976462728588663, 47.973488529448183 ], [ 12.976246679062072, 47.973128007162003 ], [ 12.976111781393428, 47.972929940048729 ], [ 12.976053390894167, 47.97284834242717 ], [ 12.975969605639351, 47.972895045270597 ], [ 12.975894991456784, 47.972913257718076 ], [ 12.975822228191328, 47.972935074395465 ], [ 12.9757120092523, 47.972968110884672 ], [ 12.975630565660648, 47.973044508877983 ], [ 12.975606564079921, 47.97306701576202 ], [ 12.97557867271779, 47.973070618158921 ], [ 12.975560034022404, 47.973072989627774 ], [ 12.97557513938365, 47.973156163143237 ], [ 12.975439235022941, 47.973203154450566 ], [ 12.975403723816918, 47.973204304232134 ], [ 12.97533189880137, 47.973206421353943 ], [ 12.975270562136252, 47.973242037509621 ], [ 12.975230318162566, 47.973347261114405 ], [ 12.975246672473476, 47.973404528857664 ], [ 12.975227752884198, 47.973428310868364 ], [ 12.975081991521842, 47.973466814655616 ], [ 12.97490522482796, 47.97351358899521 ], [ 12.974974485263504, 47.973611954136338 ], [ 12.974933805636091, 47.973624333302006 ], [ 12.974823581591306, 47.973657818748812 ], [ 12.97467630776568, 47.973740849587138 ], [ 12.974583433231349, 47.973764582428856 ], [ 12.974572562229943, 47.973767337650564 ], [ 12.974389668722923, 47.973769649949951 ], [ 12.974358047902093, 47.973770001788857 ], [ 12.974200579145647, 47.973815755281649 ], [ 12.974146210363061, 47.973831510368399 ], [ 12.973861530501113, 47.973711784722113 ], [ 12.973782828711258, 47.973661790312505 ], [ 12.973736424257176, 47.973649411152792 ], [ 12.973661802919095, 47.973629477346606 ], [ 12.973650055413705, 47.973623323311102 ], [ 12.973644047689007, 47.973620245876894 ], [ 12.973578367161352, 47.973586035479421 ], [ 12.973540987962158, 47.973566577101693 ], [ 12.973467223139682, 47.973500134369445 ], [ 12.973356519505867, 47.973505907977483 ], [ 12.973291286006601, 47.973542950402823 ], [ 12.97323977160984, 47.973572208557279 ], [ 12.973177202546958, 47.973553121577808 ], [ 12.973152597444415, 47.973546387731609 ], [ 12.973109804924855, 47.973534829226814 ], [ 12.97301342612978, 47.973600383239095 ], [ 12.973006182279827, 47.973601710169596 ], [ 12.9729129568363, 47.973617973558213 ], [ 12.972890287459066, 47.973621951411459 ], [ 12.972883270601677, 47.973726287977975 ], [ 12.972939744026002, 47.973735640024778 ], [ 12.972961153771196, 47.973855988676021 ], [ 12.972922630194462, 47.973847052343608 ], [ 12.972850856214192, 47.97386104335235 ], [ 12.972754309268868, 47.973970229224889 ], [ 12.972830206813201, 47.973960569386705 ], [ 12.97288017089039, 47.973981326648392 ], [ 12.972928576874772, 47.974014314162211 ], [ 12.972931189216787, 47.974043470666686 ], [ 12.972840916682221, 47.974136482583411 ], [ 12.972833629912126, 47.974144016894165 ], [ 12.972860497299012, 47.974153006948839 ], [ 12.97288081546848, 47.974159727516273 ], [ 12.972878512708204, 47.974221615667616 ], [ 12.97286668047804, 47.974266560911225 ], [ 12.972828492102158, 47.974267251753503 ], [ 12.972808329131018, 47.974238040629842 ], [ 12.972795860949615, 47.974219829073704 ], [ 12.972727706488254, 47.9742722459509 ], [ 12.972684052280504, 47.974288393560009 ], [ 12.972670217474564, 47.974293478443322 ], [ 12.972690846721791, 47.974332767023725 ], [ 12.972742715145525, 47.974368824170043 ], [ 12.972799249942881, 47.974388792238337 ], [ 12.972805617880265, 47.974417330681696 ], [ 12.972859383849501, 47.97445024493566 ], [ 12.972793841277001, 47.974473611567021 ], [ 12.972771142952903, 47.974481727656226 ], [ 12.97276292620691, 47.974507521782634 ], [ 12.972789154165474, 47.974531533869076 ], [ 12.972811816494442, 47.974528635582949 ], [ 12.972839440255377, 47.974525122982989 ], [ 12.972848938846729, 47.974527131751366 ], [ 12.97290071468146, 47.974537818655904 ], [ 12.97292119253682, 47.974521418934806 ], [ 12.972936632276948, 47.974458492089461 ], [ 12.972992220031164, 47.974499238826347 ], [ 12.972948577939661, 47.974552451786487 ], [ 12.972920991931858, 47.974569908967311 ], [ 12.972904440318313, 47.974580383272595 ], [ 12.972926466615892, 47.974630831702783 ], [ 12.972881384377377, 47.974640317598343 ], [ 12.972855125149211, 47.974640235890021 ], [ 12.972836501912475, 47.974640267902359 ], [ 12.97279985887524, 47.974649959955869 ], [ 12.972779322095214, 47.974655473814437 ], [ 12.972727468802754, 47.974830652462231 ], [ 12.972746713376576, 47.974857071848035 ], [ 12.972761579603233, 47.974877270079631 ], [ 12.972902196834541, 47.974905506574721 ], [ 12.972883031032044, 47.974964733285546 ], [ 12.972806257685493, 47.974945781850046 ], [ 12.97239072459956, 47.9748386001624 ], [ 12.972320778181233, 47.974820569314581 ], [ 12.972242811189473, 47.97483867899588 ], [ 12.972235028133706, 47.974840454017986 ], [ 12.972211812317443, 47.974845869461063 ], [ 12.9721716881267, 47.97485519060767 ], [ 12.972123243709065, 47.974866465008368 ], [ 12.971731666452156, 47.974956916823047 ], [ 12.970656929750696, 47.975143291449463 ], [ 12.970552311890943, 47.975140354917635 ], [ 12.970070748092997, 47.97512688062946 ], [ 12.970027141087019, 47.975116757864193 ], [ 12.969801749487612, 47.97506441138659 ], [ 12.96958598961842, 47.975014253850048 ], [ 12.969541312241283, 47.975003947611569 ], [ 12.969511191534846, 47.974769586447458 ], [ 12.969462308209698, 47.974632237620703 ], [ 12.96936872707097, 47.974333802503068 ], [ 12.969359951702794, 47.974131895400404 ], [ 12.969352201622744, 47.973955901180254 ], [ 12.969342514237509, 47.973884889027815 ], [ 12.969322763330611, 47.973739175003161 ], [ 12.969265676510565, 47.973606478401955 ], [ 12.969128695368839, 47.973288114460239 ], [ 12.969053858753082, 47.973164898127848 ], [ 12.969002288933099, 47.972817654148727 ], [ 12.969006010914084, 47.97272581242278 ], [ 12.968995969066516, 47.972667304118666 ], [ 12.96882521469372, 47.97215927891223 ], [ 12.968632706314109, 47.971870067808531 ], [ 12.968624222150718, 47.971857176214556 ], [ 12.968405494445163, 47.971620241321055 ], [ 12.968081174284524, 47.971329534334657 ], [ 12.96802499122569, 47.971279157124904 ], [ 12.968006031508729, 47.971250848561766 ], [ 12.967986242158466, 47.971245388293816 ], [ 12.967685662039754, 47.971161942668701 ], [ 12.967350251496052, 47.971001916609708 ], [ 12.966879267719674, 47.970918110285226 ], [ 12.966836018777753, 47.970914824706576 ], [ 12.966723546023808, 47.970906102117048 ], [ 12.966541781291165, 47.970634554366043 ], [ 12.966360786233931, 47.970349064277237 ], [ 12.966326070543332, 47.970294435942428 ], [ 12.965974110943725, 47.969726815189212 ], [ 12.965965381370744, 47.969710863824275 ], [ 12.965961021964075, 47.969702123462156 ], [ 12.965943723376551, 47.969666442738344 ], [ 12.965777678002681, 47.969332508288041 ], [ 12.965717615445195, 47.969205827873374 ], [ 12.965653935945323, 47.969098208373445 ], [ 12.965382274532571, 47.968639157466448 ], [ 12.965290187374244, 47.968475759579746 ], [ 12.965191858219502, 47.96826672985403 ], [ 12.964487372097286, 47.966783855213052 ], [ 12.964221642901038, 47.966246730972067 ], [ 12.964113793724984, 47.96604018882028 ], [ 12.964083017079734, 47.965959662530047 ], [ 12.964023895339164, 47.965814721300539 ], [ 12.963948338425151, 47.965531362347733 ], [ 12.963924803650647, 47.96543079703109 ], [ 12.963889263800938, 47.965266228707677 ], [ 12.962304816393129, 47.965327467605071 ], [ 12.961500093505913, 47.965373107836712 ], [ 12.961380289382204, 47.965379920307441 ], [ 12.961344509521734, 47.965381874578341 ], [ 12.960336827567648, 47.965410930982557 ], [ 12.960187851898317, 47.965413419940475 ], [ 12.959595031259457, 47.965423203870948 ], [ 12.959190195947469, 47.965389059781288 ], [ 12.958640509954346, 47.965342660407863 ], [ 12.958568245754517, 47.965332710439391 ], [ 12.958148488712936, 47.965287448786917 ], [ 12.957182086220378, 47.965183284094735 ], [ 12.956927089299722, 47.965157445523452 ], [ 12.95633498552645, 47.965105319517157 ], [ 12.956070995850506, 47.96508205875304 ], [ 12.955856169646387, 47.965058507808614 ], [ 12.955359192644623, 47.965003987866318 ], [ 12.955268982743892, 47.96499361740689 ], [ 12.954738029159474, 47.964932686362232 ], [ 12.954560161470109, 47.964911053103876 ], [ 12.954459516798998, 47.964898848595467 ], [ 12.954464843302009, 47.964884741595355 ], [ 12.95402287269105, 47.964837323093249 ], [ 12.953679493427044, 47.964808219028683 ], [ 12.953667844985432, 47.964807461127876 ], [ 12.953376367463237, 47.964788332422884 ], [ 12.95313495739302, 47.964773505720316 ], [ 12.953048596213138, 47.964768184172527 ], [ 12.953021550072314, 47.964766476001998 ], [ 12.95272659269482, 47.964728621614753 ], [ 12.952392276110658, 47.964687668191722 ], [ 12.952024770043465, 47.964642556130201 ], [ 12.952019015454658, 47.964641817467758 ], [ 12.951295100692894, 47.964554685198536 ], [ 12.951104653679092, 47.964531745617194 ], [ 12.950965231701135, 47.964510323661749 ], [ 12.950887492021321, 47.964498461552168 ], [ 12.950618678100245, 47.964439636407754 ], [ 12.950575676053155, 47.964476649645647 ], [ 12.950031518395578, 47.96442761859965 ], [ 12.949879984259463, 47.964413982160018 ], [ 12.949487227811449, 47.964378584549593 ], [ 12.949460990972325, 47.964376158511492 ], [ 12.949261801027951, 47.964358314889701 ], [ 12.949088314211485, 47.964342625388639 ], [ 12.949025799727856, 47.964337020090909 ], [ 12.948997286459958, 47.964334496429025 ], [ 12.948943071537229, 47.964329638345085 ], [ 12.948920850569428, 47.964327585371166 ], [ 12.94891000732213, 47.964326649734176 ], [ 12.948363844887023, 47.964277424248259 ], [ 12.948323278940164, 47.964274500497652 ], [ 12.94832323245628, 47.964208106511606 ], [ 12.948323205899277, 47.964175359329744 ], [ 12.94832325363689, 47.964168882041307 ], [ 12.948312917630034, 47.964062779481345 ], [ 12.948281467612928, 47.963968032217231 ], [ 12.948223918495781, 47.96381589073733 ], [ 12.948180560102465, 47.963701221670917 ], [ 12.947978882122836, 47.963167600692977 ], [ 12.947970208918923, 47.963144900760476 ], [ 12.94791365619046, 47.963003198287531 ], [ 12.947868886964732, 47.962862074788006 ], [ 12.947827960512431, 47.962654030402355 ], [ 12.947794106371694, 47.962431525232233 ], [ 12.947758808505281, 47.961987252477293 ], [ 12.94774616144729, 47.961795225889347 ], [ 12.947734509677126, 47.961740578572687 ], [ 12.947670968608801, 47.961511586960292 ], [ 12.947581143563559, 47.961250570302305 ], [ 12.947470396142799, 47.960993352318788 ], [ 12.947371554851834, 47.960756415932003 ], [ 12.947361017125919, 47.960732360250553 ], [ 12.94734402470608, 47.960693618816684 ], [ 12.947274873093216, 47.96053550034754 ], [ 12.947108073528998, 47.960124345466454 ], [ 12.947085143405371, 47.96007352891727 ], [ 12.947073443075428, 47.960043711587211 ], [ 12.947041234251451, 47.959961646338471 ], [ 12.946997589169218, 47.959850304407489 ], [ 12.946897653516251, 47.959562713750437 ], [ 12.946862139268418, 47.959456796765913 ], [ 12.946850219588786, 47.959456667020696 ], [ 12.946816871406545, 47.959456285824501 ], [ 12.946770395267755, 47.959600973830668 ], [ 12.94674739221753, 47.959614391743735 ], [ 12.946736496732454, 47.959620652898359 ], [ 12.946629690057664, 47.959682551843933 ], [ 12.946510570126632, 47.959706984254069 ], [ 12.946394938446923, 47.959730618515174 ], [ 12.946323670549383, 47.95973217965571 ], [ 12.946203372978283, 47.959734746397046 ], [ 12.946016812626718, 47.959714150414612 ], [ 12.94597919964259, 47.959710875843427 ], [ 12.945777418690337, 47.959683751103789 ], [ 12.945774355287774, 47.959699484671226 ], [ 12.945208065470515, 47.959662052021052 ], [ 12.944949127489313, 47.959630236017126 ], [ 12.944804201622636, 47.959612566609692 ], [ 12.944764591109942, 47.959607755541256 ], [ 12.944728728158847, 47.959603316894011 ], [ 12.944529689343479, 47.959603818336667 ], [ 12.944515334670328, 47.959606918904498 ], [ 12.94444410104437, 47.959621883741328 ], [ 12.944427197542504, 47.95962551552681 ], [ 12.944232812127062, 47.959666606163928 ], [ 12.943484114616504, 47.959806322267973 ], [ 12.943242486159495, 47.959842124202261 ], [ 12.9430371183376, 47.959900808917681 ], [ 12.943019266330676, 47.959905876736066 ], [ 12.9428225633722, 47.959934182209253 ], [ 12.942685710036098, 47.959929582252876 ], [ 12.94267379025889, 47.959929452077347 ], [ 12.942527802271416, 47.959928419705776 ], [ 12.942342926505066, 47.959969179405917 ], [ 12.942211764823048, 47.960027303499409 ], [ 12.941739391216675, 47.96023676427167 ], [ 12.941619658161695, 47.960288898705208 ], [ 12.941086895648661, 47.960441654700873 ], [ 12.940994946820213, 47.960468062729326 ], [ 12.940976689901357, 47.960473488719856 ], [ 12.941267563133087, 47.960908463500772 ], [ 12.941279620036935, 47.960926047431734 ], [ 12.941102120542922, 47.961071998827457 ], [ 12.941093090463559, 47.961079435309919 ], [ 12.941087006399268, 47.961086971734915 ], [ 12.941081751644608, 47.961091092311101 ], [ 12.941061999070167, 47.961117295087853 ], [ 12.941052256716219, 47.96113039692861 ], [ 12.941196789820145, 47.961200788984115 ], [ 12.941250706138463, 47.961227061296029 ], [ 12.941317702152293, 47.96125958542175 ], [ 12.941148770305915, 47.961281144748391 ], [ 12.941080124918599, 47.961289908720254 ], [ 12.940950877977075, 47.961306474185918 ], [ 12.940793307371504, 47.961366846260319 ], [ 12.940562391306667, 47.961455308250251 ], [ 12.940158455091112, 47.961609936261397 ], [ 12.939814563536691, 47.961741556033672 ], [ 12.939572346153994, 47.961800649165475 ], [ 12.939399237534898, 47.961842883612277 ], [ 12.939350542447762, 47.961852524104714 ], [ 12.939334981365464, 47.961855619926347 ], [ 12.939088554139877, 47.961904441752523 ], [ 12.939051832798375, 47.961907105638268 ], [ 12.938858439385411, 47.961921561096354 ], [ 12.938619181668894, 47.96192551397943 ], [ 12.93850933231615, 47.961927298666211 ], [ 12.938495266289701, 47.961927520603012 ], [ 12.938458041090705, 47.961925954243341 ], [ 12.938372744059887, 47.961922424636818 ], [ 12.93835654175245, 47.961921739624216 ], [ 12.938237635322281, 47.96191674581182 ], [ 12.938238127419313, 47.961816256957789 ], [ 12.938238268937649, 47.961797544789547 ], [ 12.938240129806868, 47.961409803392101 ], [ 12.938240770214021, 47.961289702727257 ], [ 12.938240931460562, 47.9612683816474 ], [ 12.93824086351494, 47.961259654841271 ], [ 12.938217995278467, 47.961201729526188 ], [ 12.938159239739807, 47.961053986952358 ], [ 12.938101932012174, 47.960909667940435 ], [ 12.938058295679065, 47.960799582144013 ], [ 12.938050409721024, 47.960779673027908 ], [ 12.937943132335059, 47.960194176338248 ], [ 12.937937981302227, 47.960149176392328 ], [ 12.937905916425857, 47.960085371884205 ], [ 12.937899173635948, 47.960056020360781 ], [ 12.937892563429566, 47.960026849218856 ], [ 12.937896957710391, 47.960012559833849 ], [ 12.937911781155703, 47.959965289008309 ], [ 12.93793140813878, 47.959902740578954 ], [ 12.937953147246253, 47.959861970820235 ], [ 12.937963335526366, 47.959843113013484 ], [ 12.937965016984467, 47.959833312599251 ], [ 12.937977615305318, 47.959761473795311 ], [ 12.938000868652079, 47.959626786017743 ], [ 12.937922066851783, 47.959508843096437 ], [ 12.93790975170454, 47.959490178344105 ], [ 12.937807895998132, 47.959445207981361 ], [ 12.937693216120586, 47.959342706244293 ], [ 12.937649569209965, 47.959305041814709 ], [ 12.937594785300368, 47.959305394394768 ], [ 12.937564649020436, 47.95930538136632 ], [ 12.937554202012988, 47.959305345660965 ], [ 12.937558116249532, 47.959071540663309 ], [ 12.937558581758898, 47.959045452476836 ], [ 12.937544696103322, 47.959039647273848 ], [ 12.937443762094322, 47.958996928849132 ], [ 12.937437241218205, 47.958973695649306 ], [ 12.937438489946031, 47.958950309082617 ], [ 12.9374405160151, 47.958948066890542 ], [ 12.937501816705593, 47.958883052002754 ], [ 12.93752771689617, 47.958823403936123 ], [ 12.937528808139469, 47.958820798688109 ], [ 12.93753391263435, 47.958783480761134 ], [ 12.937539300337416, 47.95876181766954 ], [ 12.937455556200234, 47.958306579586278 ], [ 12.93745864043394, 47.958288417246443 ], [ 12.937459902413172, 47.958280954484636 ], [ 12.937537534604754, 47.958146272697903 ], [ 12.937546495139836, 47.958112656498606 ], [ 12.937552279407479, 47.958038635256798 ], [ 12.937550103740268, 47.958007589971757 ], [ 12.937546844674166, 47.957960437287625 ], [ 12.937533767304284, 47.957901015833016 ], [ 12.937527327629542, 47.9578670770983 ], [ 12.937449384993569, 47.957706943228608 ], [ 12.937383893608912, 47.957582837790326 ], [ 12.937339529468169, 47.957498658966053 ], [ 12.93724350882229, 47.957302927014716 ], [ 12.937224468569221, 47.957288107656218 ], [ 12.937119204568448, 47.957357650173229 ], [ 12.937106850850675, 47.957361836247564 ], [ 12.937012722273783, 47.957393541589141 ], [ 12.936948065793636, 47.957406725032357 ], [ 12.936872946267098, 47.957422031771607 ], [ 12.936857251744916, 47.957425216768193 ], [ 12.936680378043134, 47.957276978783902 ], [ 12.936532517010653, 47.957153220406006 ], [ 12.936454926909276, 47.95708826979692 ], [ 12.936446010302134, 47.957080772155919 ], [ 12.936434963798504, 47.957071557882301 ], [ 12.936199667916325, 47.956874357941992 ], [ 12.936102297422151, 47.956804031321319 ], [ 12.936076865995952, 47.956784331744259 ], [ 12.935878600871863, 47.956631700786993 ], [ 12.935749601946807, 47.956528967918715 ], [ 12.935681441888111, 47.956474665000563 ], [ 12.935679181533219, 47.956472498082071 ], [ 12.935672531659462, 47.956466357636195 ], [ 12.93564486691403, 47.956440982506521 ], [ 12.935513992885097, 47.956320789747416 ], [ 12.935368639549962, 47.956167440008166 ], [ 12.935302619898399, 47.956078417783317 ], [ 12.935235007737493, 47.95598750078053 ], [ 12.935190440988331, 47.956000842275778 ], [ 12.935042375375325, 47.956045405453665 ], [ 12.934979014759191, 47.956064439970447 ], [ 12.934733173370851, 47.956127289059616 ], [ 12.934437216915533, 47.95619329369319 ], [ 12.934369734357064, 47.956208355223431 ], [ 12.934366374153083, 47.956385304498532 ], [ 12.934345866901751, 47.956562734470189 ], [ 12.934327545938578, 47.956629245320094 ], [ 12.934319279339348, 47.956659445019355 ], [ 12.934278089062047, 47.956809274451977 ], [ 12.93417398554986, 47.957007018190751 ], [ 12.934168692169834, 47.957016176355815 ], [ 12.934031336311662, 47.957253659739933 ], [ 12.933862652339025, 47.957191541989062 ], [ 12.933573372830804, 47.957101658405456 ], [ 12.933292885091564, 47.957035645147137 ], [ 12.933214274036699, 47.957017110674578 ], [ 12.933172262711734, 47.957011387678278 ], [ 12.932919259513998, 47.95697677625072 ], [ 12.93290547851654, 47.956974929298156 ], [ 12.932783593151857, 47.956958224101193 ], [ 12.932783474270476, 47.956938791285054 ], [ 12.932783085839379, 47.956779822069095 ], [ 12.932777771300112, 47.956756772685125 ], [ 12.932715454544725, 47.956482254279308 ], [ 12.932700169434527, 47.95636218828097 ], [ 12.932653300015009, 47.956361306386285 ], [ 12.932292404432861, 47.956354659101009 ], [ 12.931619772597081, 47.955992198134517 ], [ 12.931134989218155, 47.955759935266236 ], [ 12.930851432850252, 47.95562418257974 ], [ 12.930614201838578, 47.955490479581371 ], [ 12.930214818643192, 47.95526543708224 ], [ 12.930064417395004, 47.955143820600405 ], [ 12.929970317047916, 47.955067742375824 ], [ 12.929891560087134, 47.955068637531291 ], [ 12.929471256689821, 47.95507319994136 ], [ 12.929380445761053, 47.955074142669382 ], [ 12.929306778628634, 47.955074965218856 ], [ 12.928800831992653, 47.955001136773404 ], [ 12.928754696879194, 47.954992069052345 ], [ 12.92870160883856, 47.954981537576444 ], [ 12.928500480774231, 47.954942779374363 ], [ 12.928103966808001, 47.954884804401445 ], [ 12.928097679331056, 47.954883882747154 ], [ 12.927079302599095, 47.954744377086818 ], [ 12.926936820981586, 47.954724894477835 ], [ 12.926925582549943, 47.954723415592568 ], [ 12.926892535479798, 47.954719161205816 ], [ 12.926952937860419, 47.954925662808563 ], [ 12.927044990243928, 47.955471173273367 ], [ 12.927045473479273, 47.955477922337479 ], [ 12.927056810307711, 47.955638999307176 ], [ 12.92704489599952, 47.955810520577884 ], [ 12.926988354637057, 47.956209496421806 ], [ 12.926984109395603, 47.956238720113767 ], [ 12.926982707627905, 47.956487827971294 ], [ 12.926981188426511, 47.956717592948458 ], [ 12.926975940302709, 47.956910189330451 ], [ 12.92695721138786, 47.957010704328532 ], [ 12.926952178577926, 47.95703785605631 ], [ 12.926883762872432, 47.957189656551243 ], [ 12.926806031358051, 47.95729932073808 ], [ 12.926818304686904, 47.957305571402827 ], [ 12.926682606485516, 47.957463343113503 ], [ 12.926487537367152, 47.957643037425278 ], [ 12.926414945414214, 47.957711695423917 ], [ 12.926296858687016, 47.957843528716907 ], [ 12.926247308829355, 47.95789427463346 ], [ 12.926156176051435, 47.957987427686 ], [ 12.92615145125213, 47.957992179208475 ], [ 12.92609285679691, 47.9580519797017 ], [ 12.926071565694153, 47.958068548316291 ], [ 12.925986754546843, 47.958141031552117 ], [ 12.925897493203255, 47.95821736755466 ], [ 12.925856638524852, 47.958252220118332 ], [ 12.925719876953934, 47.958391094313683 ], [ 12.925705835556295, 47.958405439259067 ], [ 12.925663408349315, 47.958452971259874 ], [ 12.925508697471288, 47.958626238537654 ], [ 12.925377986337041, 47.958761894894671 ], [ 12.925311916928143, 47.958835343303015 ], [ 12.925295704237563, 47.958853279139682 ], [ 12.92527020197458, 47.958894483128276 ], [ 12.925254736643094, 47.958919618778886 ], [ 12.92522923290983, 47.958961002682294 ], [ 12.925159180658033, 47.959115585234279 ], [ 12.925088833041251, 47.959256492044098 ], [ 12.925022343194879, 47.959366464512676 ], [ 12.924971565862364, 47.959436817869445 ], [ 12.924919432852985, 47.959509235612103 ], [ 12.924773379794722, 47.95967083697964 ], [ 12.924659950570842, 47.959651364176423 ], [ 12.924581826525001, 47.95963894318183 ], [ 12.924542719629638, 47.959621351957587 ], [ 12.924499562236765, 47.95974481124243 ], [ 12.924422830906391, 47.959965134012215 ], [ 12.924437013098789, 47.960001349943091 ], [ 12.924451723316599, 47.960038557349002 ], [ 12.92455744759677, 47.960306755813548 ], [ 12.924560731296076, 47.960315044166151 ], [ 12.924562568422395, 47.960319908750066 ], [ 12.924661069348124, 47.960569908707022 ], [ 12.92486647669331, 47.961091619459509 ], [ 12.924951059160875, 47.961306213851628 ], [ 12.924928906848306, 47.961312793119284 ], [ 12.924894942396534, 47.961322569452172 ], [ 12.92489597945991, 47.961326981383337 ], [ 12.924901679443092, 47.961351741796896 ], [ 12.92490258467654, 47.961355883368689 ], [ 12.924981052633321, 47.961701624762185 ], [ 12.925232851139647, 47.961944157718889 ], [ 12.925270608355632, 47.961980456600301 ], [ 12.925339290383395, 47.962104670012145 ], [ 12.925402978897367, 47.962233723882569 ], [ 12.925433894110196, 47.962322897866052 ], [ 12.925469150113946, 47.962542356050079 ], [ 12.925515835964632, 47.962756186682263 ], [ 12.925592578078296, 47.962946282461957 ], [ 12.925596782872443, 47.962956733173336 ], [ 12.925338962592326, 47.962969859617232 ], [ 12.925264054849631, 47.962973734058906 ], [ 12.925276136596494, 47.963450499610481 ], [ 12.925233640306949, 47.963626320808366 ], [ 12.925211155244476, 47.964001124430531 ], [ 12.925444085414323, 47.964465802955353 ], [ 12.925449493033739, 47.964476617761946 ], [ 12.925537995698607, 47.964653350153121 ], [ 12.925541082570639, 47.964995766515528 ], [ 12.925540401332126, 47.965083029830154 ], [ 12.925536742141938, 47.96550027297296 ], [ 12.925471809200225, 47.965838851126584 ], [ 12.92537078925816, 47.966132589676995 ], [ 12.925254979238447, 47.966467479795824 ], [ 12.925029602452218, 47.96726341196856 ], [ 12.925140898417888, 47.967712277753549 ], [ 12.925233711174855, 47.968092345303923 ], [ 12.925142026659138, 47.968099309328544 ], [ 12.924965557605354, 47.968138811427366 ], [ 12.92494059700133, 47.968144391180964 ], [ 12.92485225316385, 47.968169539599174 ], [ 12.92479666904425, 47.968185357234077 ], [ 12.924792641136808, 47.968186512565069 ], [ 12.924685322404217, 47.968222659562237 ], [ 12.924649793988449, 47.968243405976835 ], [ 12.924616906004951, 47.968269109749883 ], [ 12.924530188499368, 47.968308927886213 ], [ 12.924442053099218, 47.96835872701844 ], [ 12.924432128856655, 47.968360131413249 ], [ 12.924386666003718, 47.968366448341264 ], [ 12.924300509852019, 47.968368753063707 ], [ 12.924294212363566, 47.968368910751487 ], [ 12.924163634040355, 47.968398587630418 ], [ 12.92410820880092, 47.968411166771986 ], [ 12.924050372972721, 47.968423647403689 ], [ 12.924003585221769, 47.96841097697579 ], [ 12.923970064386067, 47.968431910206398 ], [ 12.923781797967679, 47.968438081913398 ], [ 12.923714641077067, 47.968631268226687 ], [ 12.923707239334483, 47.968652653613781 ], [ 12.923686323957408, 47.968654828751191 ], [ 12.923594617075583, 47.968664490410397 ], [ 12.923495514918219, 47.968592258074764 ], [ 12.92346840705499, 47.968598279735566 ], [ 12.923389633605741, 47.968615723954592 ], [ 12.923422046198933, 47.968684841498167 ], [ 12.923258143269935, 47.968744357604812 ], [ 12.923135215827836, 47.968788994531707 ], [ 12.923094069843444, 47.968774364499339 ], [ 12.92300109081947, 47.96874128801533 ], [ 12.922954578770403, 47.968761725100919 ], [ 12.922896640481778, 47.968787159690905 ], [ 12.922860716915562, 47.968738721406623 ], [ 12.922821082839066, 47.968685141978042 ], [ 12.922601085450287, 47.968654763641801 ], [ 12.922572394694511, 47.968657630719569 ], [ 12.922486589620414, 47.968666322822628 ], [ 12.922205555694351, 47.968629519640018 ], [ 12.922191372490145, 47.968661406713835 ], [ 12.922056318117175, 47.968629799455485 ], [ 12.921740519492348, 47.968720711341106 ], [ 12.921688998729067, 47.968730694229066 ], [ 12.921340426993815, 47.968798367639494 ], [ 12.921321722077998, 47.968809006882985 ], [ 12.921288484863922, 47.968827781198044 ], [ 12.921252422393085, 47.968848074848829 ], [ 12.921176393347542, 47.968891077266491 ], [ 12.921162686860965, 47.968947346308838 ], [ 12.921149671446457, 47.969000918871153 ], [ 12.921123200505154, 47.969044997262046 ], [ 12.921137630648861, 47.969049816742448 ], [ 12.92131239088787, 47.969108825591405 ], [ 12.921380524121684, 47.969336588328851 ], [ 12.921389475167171, 47.969458612102954 ], [ 12.92137606506105, 47.969681136701283 ], [ 12.921292255167984, 47.969793294246685 ], [ 12.921281991548515, 47.97002446660202 ], [ 12.92152774150534, 47.970119533519757 ], [ 12.921608765351836, 47.970309826667155 ], [ 12.921475589862947, 47.97046418211697 ], [ 12.921520377830092, 47.970611703261596 ], [ 12.921800662752368, 47.97089788701836 ], [ 12.921777285322745, 47.971008370332271 ], [ 12.921773810703234, 47.971024281703237 ], [ 12.921868194407416, 47.971117550381223 ], [ 12.922304453433524, 47.971264032211906 ], [ 12.922196338174073, 47.971553514077016 ], [ 12.922276429769916, 47.971760716667553 ], [ 12.922394752432647, 47.9718255511035 ], [ 12.922571462553844, 47.971774268428682 ], [ 12.922692811976988, 47.971777937447165 ], [ 12.922754052292808, 47.971895288302207 ], [ 12.92294341168202, 47.972058525203117 ], [ 12.922995249048032, 47.972059788436631 ], [ 12.923166167376534, 47.972029536023321 ], [ 12.923268128252131, 47.972011454336645 ], [ 12.923290516045187, 47.971992551093741 ], [ 12.923279560963516, 47.971886264269543 ], [ 12.923373955526923, 47.971773872933923 ], [ 12.923750806525872, 47.971758202908219 ], [ 12.923795433333691, 47.971756381493577 ], [ 12.923912294889304, 47.971751486739514 ], [ 12.924246856135865, 47.971593161877529 ], [ 12.924408475357179, 47.971620991838122 ], [ 12.924460652955961, 47.971630082527085 ], [ 12.924652018317191, 47.971725850360706 ], [ 12.924842961831708, 47.972149716770751 ], [ 12.925057976948723, 47.972391039828111 ], [ 12.925100772335828, 47.972812134290322 ], [ 12.925103013639305, 47.972833913583024 ], [ 12.925252396941731, 47.973313770454375 ], [ 12.92532502893504, 47.973431609821411 ], [ 12.925341963729469, 47.973459018656136 ], [ 12.925416052259006, 47.973579112199921 ], [ 12.925468574741654, 47.973664403490751 ], [ 12.925466262193872, 47.973771812849463 ], [ 12.925553323543051, 47.973843461158573 ], [ 12.925850554375476, 47.973903163981149 ], [ 12.925921584753974, 47.97391744828866 ], [ 12.926017763588913, 47.973936769032207 ], [ 12.926127889782871, 47.97404025543856 ], [ 12.926390169232885, 47.974098034698152 ], [ 12.926590332649337, 47.974269939987018 ], [ 12.926856218016288, 47.97434662336255 ], [ 12.927042219273316, 47.974530983196196 ], [ 12.927283803270454, 47.974614507589706 ], [ 12.927343914185641, 47.974654842404107 ], [ 12.92736870422439, 47.974671572699165 ], [ 12.927372295685416, 47.974674913968101 ], [ 12.927410732081126, 47.97471139427693 ], [ 12.927502282934107, 47.974792053252976 ], [ 12.927673068123978, 47.974883245609 ], [ 12.927823038852527, 47.974963389190144 ], [ 12.927896041716798, 47.975414186205903 ], [ 12.927824217333246, 47.97541555414243 ], [ 12.927808137267712, 47.975415857705336 ], [ 12.927484526957729, 47.975421831491147 ], [ 12.927458632730666, 47.975443692061738 ], [ 12.927450156089099, 47.975706898023986 ], [ 12.927430881867446, 47.975721674600763 ], [ 12.927075713224488, 47.975995090594026 ], [ 12.926964982365561, 47.976261266487832 ], [ 12.926960015866777, 47.976382970794084 ], [ 12.926951562335207, 47.976591208535147 ], [ 12.926951042089025, 47.97660641067931 ], [ 12.926962500530472, 47.976821285656001 ] ] ] } },
{ "type": "Feature", "properties": { "name": "Lamprechtshausen", "feature_type": "circle", "metric_roundness": 44.8, "metric_rectangularity": 55.43, "metric_mobile_fit": 85.62, "metric_aspect_ratio": 0.706, "metric_area_km2": 70.94 }, "geometry": { "type": "Polygon", "coordinates": [ [ [ 13.010981569989108, 47.995204381410339 ], [ 13.010894147222269, 47.992970205579169 ], [ 13.010632118541483, 47.990742057130419 ], [ 13.01019620214915, 47.988526044451056 ], [ 13.0095875928618, 47.986328243442095 ], [ 13.008807958835185, 47.984154680843524 ], [ 13.007859436991982, 47.982011317685583 ], [ 13.006744627164633, 47.979904032912266 ], [ 13.005466584969382, 47.977838607222267 ], [ 13.004028813431054, 47.975820707172119 ], [ 13.002435253381497, 47.973855869585748 ], [ 13.000690272658037, 47.971949486313818 ], [ 12.998798654131548, 47.970106789385241 ], [ 12.996765582596922, 47.968332836592445 ], [ 12.994596630561922, 47.966632497550648 ], [ 12.992297742973317, 47.965010440270255 ], [ 12.989875220922185, 47.963471118279934 ], [ 12.987335704373088, 47.962018758336804 ], [ 12.984686153964365, 47.960657348758041 ], [ 12.981933831929517, 47.959390628407014 ], [ 12.979086282191934, 47.958222076364962 ], [ 12.976151309687511, 47.957154902317427 ], [ 12.973136958971878, 47.956192037682506 ], [ 12.970051492170819, 47.955336127506371 ], [ 12.966903366334371, 47.954589523148627 ], [ 12.963701210256627, 47.953954275778585 ], [ 12.960453800824816, 47.953432130700826 ], [ 12.957170038962467, 47.953024522526043 ], [ 12.953858925232593, 47.952732571201196 ], [ 12.950529535167774, 47.952557078909891 ], [ 12.947190994394758, 47.952498527852185 ], [ 12.943852453621739, 47.952557078909891 ], [ 12.94052306355692, 47.952732571201196 ], [ 12.937211949827049, 47.953024522526043 ], [ 12.933928187964698, 47.953432130700826 ], [ 12.930680778532889, 47.953954275778585 ], [ 12.927478622455144, 47.954589523148627 ], [ 12.924330496618696, 47.955336127506371 ], [ 12.921245029817639, 47.956192037682506 ], [ 12.918230679102004, 47.957154902317427 ], [ 12.915295706597583, 47.958222076364962 ], [ 12.912448156859998, 47.959390628407014 ], [ 12.90969583482515, 47.960657348758041 ], [ 12.907046284416426, 47.962018758336804 ], [ 12.90450676786733, 47.963471118279934 ], [ 12.9020842458162, 47.965010440270255 ], [ 12.899785358227593, 47.966632497550648 ], [ 12.897616406192594, 47.968332836592445 ], [ 12.895583334657969, 47.970106789385241 ], [ 12.893691716131478, 47.971949486313818 ], [ 12.89194673540802, 47.973855869585748 ], [ 12.890353175358459, 47.975820707172119 ], [ 12.888915403820132, 47.977838607222267 ], [ 12.887637361624884, 47.979904032912266 ], [ 12.886522551797531, 47.982011317685583 ], [ 12.885574029954331, 47.984154680843524 ], [ 12.884794395927715, 47.986328243442095 ], [ 12.884185786640366, 47.988526044451056 ], [ 12.883749870248032, 47.990742057130419 ], [ 12.883487841567247, 47.992970205579169 ], [ 12.883400418800409, 47.995204381410339 ], [ 12.883487841567247, 47.997438460506714 ], [ 12.883749870248032, 47.99966631981092 ], [ 12.884185786640366, 48.001881854103921 ], [ 12.884794395927715, 48.004078992726001 ], [ 12.885574029954331, 48.006251716194441 ], [ 12.886522551797531, 48.008394072672679 ], [ 12.887637361624881, 48.010500194246113 ], [ 12.888915403820132, 48.012564312960322 ], [ 12.890353175358459, 48.014580776578292 ], [ 12.89194673540802, 48.016544064013928 ], [ 12.893691716131478, 48.018448800400371 ], [ 12.895583334657969, 48.020289771752317 ], [ 12.897616406192594, 48.022061939183132 ], [ 12.899785358227593, 48.023760452638385 ], [ 12.9020842458162, 48.025380664109207 ], [ 12.90450676786733, 48.026918140289972 ], [ 12.907046284416426, 48.028368674646664 ], [ 12.90969583482515, 48.029728298863603 ], [ 12.912448156859998, 48.030993293638211 ], [ 12.915295706597583, 48.032160198795026 ], [ 12.918230679102004, 48.033225822692124 ], [ 12.921245029817639, 48.034187250895179 ], [ 12.924330496618696, 48.035041854095844 ], [ 12.927478622455144, 48.035787295254046 ], [ 12.930680778532889, 48.036421535944662 ], [ 12.933928187964698, 48.036942841892554 ], [ 12.937211949827049, 48.037349787680668 ], [ 12.94052306355692, 48.037641260619317 ], [ 12.943852453621739, 48.037816463766184 ], [ 12.947190994394758, 48.037874918089116 ], [ 12.950529535167774, 48.037816463766184 ], [ 12.953858925232593, 48.037641260619317 ], [ 12.957170038962467, 48.037349787680668 ], [ 12.960453800824816, 48.036942841892554 ], [ 12.963701210256627, 48.036421535944662 ], [ 12.966903366334371, 48.035787295254046 ], [ 12.970051492170819, 48.035041854095844 ], [ 12.973136958971878, 48.034187250895179 ], [ 12.976151309687511, 48.033225822692124 ], [ 12.979086282191934, 48.032160198795026 ], [ 12.981933831929517, 48.030993293638211 ], [ 12.984686153964365, 48.029728298863603 ], [ 12.987335704373088, 48.028368674646664 ], [ 12.989875220922185, 48.026918140289972 ], [ 12.992297742973317, 48.025380664109207 ], [ 12.994596630561922, 48.023760452638385 ], [ 12.996765582596922, 48.022061939183132 ], [ 12.998798654131548, 48.020289771752317 ], [ 13.000690272658037, 48.018448800400371 ], [ 13.002435253381497, 48.016544064013928 ], [ 13.004028813431054, 48.014580776578292 ], [ 13.005466584969382, 48.012564312960322 ], [ 13.006744627164631, 48.010500194246113 ], [ 13.007859436991982, 48.008394072672679 ], [ 13.008807958835185, 48.006251716194441 ], [ 13.0095875928618, 48.004078992726001 ], [ 13.01019620214915, 48.001881854103921 ], [ 13.010632118541483, 47.99966631981092 ], [ 13.010894147222269, 47.997438460506714 ], [ 13.010981569989108, 47.995204381410339 ] ] ] } },
{ "type": "Feature", "properties": { "name": "Lamprechtshausen", "feature_type": "mrr", "metric_roundness": 44.8, "metric_rectangularity": 55.43, "metric_mobile_fit": 85.62, "metric_aspect_ratio": 0.706, "metric_area_km2": 70.94 }, "geometry": { "type": "Polygon", "coordinates": [ [ [ 12.917978516201847, 47.955637014882626 ], [ 12.937028546571298, 48.038549541563775 ], [ 13.018467410032452, 48.030176873044994 ], [ 12.999417379663001, 47.947250881554162 ], [ 12.917978516201847, 47.955637014882626 ] ] ] } }
]
}
