{
"type": "FeatureCollection",
"name": "reichenau",
"crs": { "type": "name", "properties": { "name": "urn:ogc:def:crs:OGC:1.3:CRS84" } },
"features": [
{ "type": "Feature", "properties": { "name": "Reichenau", "feature_type": "entity", "metric_roundness": 48.42, "metric_rectangularity": 53.81, "metric_mobile_fit": 67.0, "metric_aspect_ratio": 0.893, "metric_area_km2": 243.93 }, "geometry": { "type": "Polygon", "coordinates": [ [ [ 13.903642400698018, 46.831871711373573 ], [ 13.903862730291296, 46.831547211051635 ], [ 13.903919522870241, 46.831463602817266 ], [ 13.90392104406245, 46.831458736205335 ], [ 13.903953577097527, 46.831350235758634 ], [ 13.904113212431136, 46.830818816251451 ], [ 13.904473530665141, 46.830602034706509 ], [ 13.904615824541311, 46.830471564568455 ], [ 13.904623968024472, 46.830460725801828 ], [ 13.904659909013299, 46.830413484569704 ], [ 13.904875293342858, 46.830130218214208 ], [ 13.904776608691281, 46.829974780735078 ], [ 13.904761824246599, 46.829843124146386 ], [ 13.904690018873314, 46.829528915432867 ], [ 13.904637670283046, 46.829451976642972 ], [ 13.904555084630353, 46.829330560243569 ], [ 13.904518997930319, 46.828825952580786 ], [ 13.904601884717771, 46.828694252703635 ], [ 13.90461934223006, 46.828659522105831 ], [ 13.9048533339181, 46.828192691833337 ], [ 13.904911234574522, 46.827785058178343 ], [ 13.904637079558707, 46.827452435896539 ], [ 13.904580482073209, 46.827345825032751 ], [ 13.904571454956104, 46.827323105583723 ], [ 13.904467291347254, 46.827059539148848 ], [ 13.90440931744908, 46.826702069906126 ], [ 13.90417139336931, 46.826201810198803 ], [ 13.904192133543109, 46.825996280383514 ], [ 13.904157192880337, 46.825965323496092 ], [ 13.904060314441383, 46.825879701103148 ], [ 13.90404292941121, 46.825762004526695 ], [ 13.903974618762817, 46.82569981278786 ], [ 13.904010057646685, 46.825483501202079 ], [ 13.903988862329856, 46.825242550757409 ], [ 13.903807066551868, 46.825196407971973 ], [ 13.90393358615917, 46.824965150221232 ], [ 13.904005099191238, 46.824726611484934 ], [ 13.904008893963784, 46.824713725150708 ], [ 13.904001641909211, 46.82470980260026 ], [ 13.903892991340033, 46.824650873651031 ], [ 13.903949765600277, 46.824456049759654 ], [ 13.903973912513592, 46.824372786108079 ], [ 13.90392833205234, 46.824351960629201 ], [ 13.903841518191511, 46.824312267260865 ], [ 13.903881852837095, 46.824124724742923 ], [ 13.903892595262501, 46.824075091387769 ], [ 13.903869403252147, 46.824063870838344 ], [ 13.903832111191083, 46.824045792909253 ], [ 13.903702841686787, 46.823983188597893 ], [ 13.903660565411418, 46.823817837916145 ], [ 13.903653309929537, 46.823789080785858 ], [ 13.903711261122547, 46.823581743817073 ], [ 13.903656221531003, 46.82354665905337 ], [ 13.903604616133759, 46.823513986419727 ], [ 13.903572463849326, 46.82348616461892 ], [ 13.903549043853639, 46.823465857140171 ], [ 13.903662433256816, 46.823392131481192 ], [ 13.903513158952872, 46.823211663592708 ], [ 13.903469137898767, 46.823079164469426 ], [ 13.903392285101942, 46.823075862602714 ], [ 13.903161985543377, 46.822808161711954 ], [ 13.903057122272527, 46.822686136692184 ], [ 13.902658058531889, 46.822523301938624 ], [ 13.902464057673608, 46.822364383144382 ], [ 13.902373635230619, 46.822366907606273 ], [ 13.902346377513059, 46.822367674587696 ], [ 13.902301215309055, 46.822201618108878 ], [ 13.902093714631777, 46.822067241245122 ], [ 13.902085010228895, 46.822025444159081 ], [ 13.902068277016568, 46.821943736175434 ], [ 13.902063128490006, 46.821940342809327 ], [ 13.902059299384963, 46.821937752632046 ], [ 13.902025633524381, 46.821915336831822 ], [ 13.901921469128684, 46.821846125723319 ], [ 13.901728375496788, 46.821698088753998 ], [ 13.90170894783911, 46.821683249641552 ], [ 13.901553122844792, 46.821551221564626 ], [ 13.901470316673313, 46.821481092932089 ], [ 13.901414627909455, 46.821433952996749 ], [ 13.900919849456612, 46.820885937220901 ], [ 13.900899196178095, 46.82052207048276 ], [ 13.90081997942058, 46.820321002023107 ], [ 13.900867677772093, 46.820048752222419 ], [ 13.900878795098151, 46.819984900399241 ], [ 13.900890046344937, 46.819921317843914 ], [ 13.900931525384388, 46.81984057732685 ], [ 13.90096491536719, 46.819775713923413 ], [ 13.900811178228741, 46.819469742452696 ], [ 13.900713967134084, 46.819412822687326 ], [ 13.900527854777065, 46.819303800176229 ], [ 13.900445285116772, 46.819255444871374 ], [ 13.90039753668407, 46.819227430448493 ], [ 13.900300033802285, 46.819192287029175 ], [ 13.900172399009284, 46.819146316937896 ], [ 13.899976603715302, 46.819075673665395 ], [ 13.899720062214318, 46.818962593615304 ], [ 13.89958757801776, 46.818904229872174 ], [ 13.899440043648335, 46.818872755431173 ], [ 13.899112264419928, 46.818802951138188 ], [ 13.898915261066218, 46.818754087317473 ], [ 13.898850600778864, 46.818738034211648 ], [ 13.898465388355401, 46.818678413026035 ], [ 13.897746237074241, 46.818499163981471 ], [ 13.897632239454056, 46.818428558378436 ], [ 13.897526686759139, 46.818363219374532 ], [ 13.897076313119634, 46.818289251713487 ], [ 13.896891340267286, 46.818224937800373 ], [ 13.896494689152037, 46.81808699411679 ], [ 13.89612546963088, 46.818014418197045 ], [ 13.896044952754623, 46.817998532375874 ], [ 13.89602968136878, 46.817979802475804 ], [ 13.895740194754604, 46.817625100408776 ], [ 13.895589418341789, 46.817546667403882 ], [ 13.895327023813355, 46.817212525088934 ], [ 13.895210375611411, 46.817014248266439 ], [ 13.895168570484635, 46.81694031220804 ], [ 13.894907538378469, 46.81667274757401 ], [ 13.894759399304844, 46.816520786525807 ], [ 13.894321733028372, 46.816282440997185 ], [ 13.893917878954319, 46.815981030024155 ], [ 13.893814174825966, 46.815903621095543 ], [ 13.893806035097253, 46.815752764569012 ], [ 13.893779947028348, 46.815266100751337 ], [ 13.893611735348648, 46.815173984585577 ], [ 13.893578911904779, 46.815156151135923 ], [ 13.89250789716111, 46.814176257910496 ], [ 13.891858182431189, 46.813698884011558 ], [ 13.891039297817711, 46.81364947685968 ], [ 13.890727039352599, 46.813467996514433 ], [ 13.890644450282158, 46.81340352779705 ], [ 13.89044055524432, 46.813244367602039 ], [ 13.890329754158891, 46.813201722857258 ], [ 13.890102385095176, 46.813116371455635 ], [ 13.889939440076487, 46.813050408213734 ], [ 13.88981675782685, 46.813012050514068 ], [ 13.889742728651063, 46.812951318197435 ], [ 13.889663074977388, 46.812904200511056 ], [ 13.88943630073959, 46.812750010008628 ], [ 13.889336427832703, 46.812674287833659 ], [ 13.889176973640499, 46.812553238466769 ], [ 13.889173360096921, 46.812546057811609 ], [ 13.88909892876495, 46.812396336649336 ], [ 13.888956639410942, 46.812325051651335 ], [ 13.888854190528091, 46.812228376330992 ], [ 13.888849683111202, 46.812223449561394 ], [ 13.888788851071215, 46.812083199302023 ], [ 13.888766961461922, 46.812032647965957 ], [ 13.888693813642336, 46.811892728085525 ], [ 13.888659307804311, 46.811864013888503 ], [ 13.888448841002447, 46.811701913095725 ], [ 13.888439591398846, 46.811694670102689 ], [ 13.888222996568274, 46.811560672793036 ], [ 13.888193237249366, 46.811547231798031 ], [ 13.888132138534292, 46.811519637694829 ], [ 13.888117390416602, 46.81151296153125 ], [ 13.887924512901515, 46.811403591856347 ], [ 13.887768022900296, 46.811251842767746 ], [ 13.887522435963737, 46.811051760861439 ], [ 13.887439679964199, 46.810932672701561 ], [ 13.887350053309497, 46.81083341378018 ], [ 13.887280545836779, 46.810753222017816 ], [ 13.887069778775036, 46.810586621171161 ], [ 13.886999434841002, 46.810526768854032 ], [ 13.886797777244153, 46.81032853987368 ], [ 13.886750507731149, 46.8102820714995 ], [ 13.886666431679085, 46.810136535083494 ], [ 13.886663126497734, 46.810133761870453 ], [ 13.88665069767413, 46.810123205023721 ], [ 13.886538174834921, 46.810027386766585 ], [ 13.886410516096849, 46.809937941037383 ], [ 13.886297302599676, 46.809863901121837 ], [ 13.886098110441687, 46.809763917201202 ], [ 13.885798960427589, 46.809730646698689 ], [ 13.885569538824141, 46.809672740283162 ], [ 13.885483091706723, 46.80963950982003 ], [ 13.885391119254484, 46.809604236721292 ], [ 13.885130202741692, 46.809554851319348 ], [ 13.884899113160866, 46.809373588909864 ], [ 13.884660099060786, 46.809186246022243 ], [ 13.884611061383328, 46.809095245219716 ], [ 13.884580729505089, 46.809038885550102 ], [ 13.884594272033667, 46.808967105360772 ], [ 13.884698921578087, 46.808771068321278 ], [ 13.884718259154463, 46.808664077625792 ], [ 13.88472841458222, 46.808518260277658 ], [ 13.884757995902413, 46.808286687110083 ], [ 13.884738360929214, 46.808111501537759 ], [ 13.884731639923395, 46.808069873504472 ], [ 13.884731083174806, 46.808066726914255 ], [ 13.884710495451154, 46.807938785558648 ], [ 13.884637915803179, 46.80786490580855 ], [ 13.884446074786622, 46.808018627189611 ], [ 13.884434477908711, 46.808025072296452 ], [ 13.884349515214614, 46.808071736114009 ], [ 13.884138542810462, 46.808187758528739 ], [ 13.8841151676615, 46.808195790633668 ], [ 13.883968516810899, 46.808246083867765 ], [ 13.883855296053511, 46.808284876671721 ], [ 13.883736465102723, 46.808364187728003 ], [ 13.883444951702415, 46.808625558812487 ], [ 13.883346867461634, 46.808696220414916 ], [ 13.88308370125873, 46.808885558553406 ], [ 13.883026332965704, 46.808926868368296 ], [ 13.883019318627468, 46.808932931132716 ], [ 13.882987108594863, 46.808961161495965 ], [ 13.882647994063356, 46.809258573946309 ], [ 13.881976191669594, 46.809880448591151 ], [ 13.881779471315115, 46.81000719502542 ], [ 13.881433808452222, 46.810229862060488 ], [ 13.881359702565931, 46.810262344108182 ], [ 13.881085983723032, 46.810382713926764 ], [ 13.880625443633214, 46.810535120479337 ], [ 13.880462971052252, 46.810564340369538 ], [ 13.8801962394318, 46.810612420185244 ], [ 13.879831411170057, 46.810526273241749 ], [ 13.879827075443751, 46.810525214432801 ], [ 13.879766708494747, 46.810504540773337 ], [ 13.879687403056581, 46.810477390032119 ], [ 13.879180726137271, 46.810284220034809 ], [ 13.879148254617148, 46.810274388971877 ], [ 13.878593468325629, 46.810105293281815 ], [ 13.878461635454387, 46.810080554464989 ], [ 13.878008232820447, 46.809995638432213 ], [ 13.87784134242988, 46.809964409216342 ], [ 13.877832681257098, 46.809963281178185 ], [ 13.87772914127761, 46.809949832751862 ], [ 13.877651453794737, 46.809939769021597 ], [ 13.877562480529686, 46.809928229890232 ], [ 13.877371077542385, 46.80996064388922 ], [ 13.876620361889483, 46.809983328737509 ], [ 13.876342681074609, 46.809947230715231 ], [ 13.87577905168787, 46.809873812569982 ], [ 13.875389524051375, 46.809909332918295 ], [ 13.875134908743393, 46.809885988525608 ], [ 13.874184400410687, 46.809798938785271 ], [ 13.8741609180815, 46.809796621629665 ], [ 13.87415304695606, 46.809795849452293 ], [ 13.874093492523087, 46.80979037552612 ], [ 13.873806439145136, 46.809760254796046 ], [ 13.873186282568263, 46.809695012158613 ], [ 13.873074112677683, 46.809709224555235 ], [ 13.872810899610217, 46.809742603410349 ], [ 13.872295240513321, 46.80998000011094 ], [ 13.872269876139509, 46.809985969696939 ], [ 13.872161488448805, 46.810011410665638 ], [ 13.871933861129653, 46.81006486341726 ], [ 13.871630234694681, 46.810067748793323 ], [ 13.871570741992997, 46.810068391888272 ], [ 13.871349522201387, 46.810094549011808 ], [ 13.871329113022266, 46.810098065350232 ], [ 13.871254020572952, 46.810111289717256 ], [ 13.871249572159911, 46.810112030717519 ], [ 13.870988475400983, 46.810212610339867 ], [ 13.870883742647273, 46.810288691462802 ], [ 13.870856301537236, 46.810517641130673 ], [ 13.870889054368146, 46.810568504125534 ], [ 13.870991178141757, 46.810727463261323 ], [ 13.870958281662338, 46.810727349718817 ], [ 13.870924860072364, 46.810727148682986 ], [ 13.870938412368927, 46.810745440184945 ], [ 13.870798856110756, 46.81082537594925 ], [ 13.870781385496972, 46.810821409878379 ], [ 13.87054060672105, 46.810766766306521 ], [ 13.870353425112855, 46.810698550673358 ], [ 13.870278973959691, 46.810671460288901 ], [ 13.870036809167209, 46.810583169701012 ], [ 13.869926579484112, 46.81054302182006 ], [ 13.869766891255752, 46.810484842508579 ], [ 13.86974898693634, 46.810476829235391 ], [ 13.869732793517963, 46.810469527684305 ], [ 13.869265838063061, 46.810260828449877 ], [ 13.868979274497438, 46.810162038400094 ], [ 13.868652035267649, 46.810045264223227 ], [ 13.868647446739404, 46.810045105984138 ], [ 13.86863118760648, 46.810044283149168 ], [ 13.868179210121825, 46.810021407277986 ], [ 13.867977510377001, 46.810007784294697 ], [ 13.867933315251213, 46.810004843932042 ], [ 13.867800627062588, 46.809985765505488 ], [ 13.867740123254189, 46.809977053444719 ], [ 13.867591753199724, 46.809936273718982 ], [ 13.867433443924726, 46.809845241919795 ], [ 13.867045697001565, 46.80962716146508 ], [ 13.866878400794528, 46.809580801394311 ], [ 13.866804365992355, 46.809529502156337 ], [ 13.86672980534075, 46.809478025391059 ], [ 13.866526113309208, 46.809317381913559 ], [ 13.866494013217784, 46.809291978943328 ], [ 13.866394058438475, 46.809151721448742 ], [ 13.866259417732266, 46.809120593113043 ], [ 13.866088655670996, 46.809081266659426 ], [ 13.865971458155277, 46.808946488832035 ], [ 13.865838885511463, 46.808794327171455 ], [ 13.865694383068153, 46.808641681643238 ], [ 13.865620421027739, 46.808623673897067 ], [ 13.865319644046881, 46.80834660123255 ], [ 13.86511737424458, 46.808209433350967 ], [ 13.865060719899891, 46.808165969493764 ], [ 13.865056365812174, 46.808163020628072 ], [ 13.86504409699879, 46.808154890139001 ], [ 13.865013519668718, 46.808137487814761 ], [ 13.864877503882404, 46.808060114607279 ], [ 13.864836788633774, 46.808051128027799 ], [ 13.864722389828382, 46.808025661457179 ], [ 13.864621116949266, 46.808015429698578 ], [ 13.864139675707866, 46.807966582019574 ], [ 13.863724655515732, 46.807928668269987 ], [ 13.863403415819906, 46.807806452106057 ], [ 13.863334485906146, 46.80778032108978 ], [ 13.863320543394718, 46.807775167599125 ], [ 13.863125878056605, 46.807703555948592 ], [ 13.862957901728311, 46.807574591709539 ], [ 13.862745304287483, 46.80738626940721 ], [ 13.862671573773079, 46.807272519985389 ], [ 13.862662718629139, 46.807212184884079 ], [ 13.862656393793849, 46.8071691140902 ], [ 13.862651510391416, 46.807165627731081 ], [ 13.862533127760498, 46.80708178061694 ], [ 13.862475291261203, 46.806998099973804 ], [ 13.862438274344159, 46.806701429307836 ], [ 13.862308232221961, 46.806498952961263 ], [ 13.862137819308074, 46.806308722587836 ], [ 13.862062254620325, 46.806221165530147 ], [ 13.862046478839318, 46.806202883384437 ], [ 13.862039187770563, 46.80619445935983 ], [ 13.862022485804108, 46.806175281741893 ], [ 13.861929030425815, 46.806067562755693 ], [ 13.861669209393909, 46.805767704139527 ], [ 13.861535813649892, 46.805636236783606 ], [ 13.861500304911894, 46.80561021848488 ], [ 13.861362290672785, 46.805475443243786 ], [ 13.861357667803656, 46.805471775653643 ], [ 13.861138620700567, 46.80529238854519 ], [ 13.861120256827304, 46.805277357632278 ], [ 13.861060173487649, 46.805217801402549 ], [ 13.861052497612922, 46.805210188931447 ], [ 13.86104023465689, 46.805189280836295 ], [ 13.860998776723283, 46.805118210197392 ], [ 13.860971716675561, 46.805071906822874 ], [ 13.860879068218464, 46.804912894662401 ], [ 13.860763477394293, 46.804752819708035 ], [ 13.860301515309585, 46.804218693201086 ], [ 13.859977349372835, 46.804022697565451 ], [ 13.85977657641021, 46.803901349795765 ], [ 13.859314524255833, 46.80370167514544 ], [ 13.859292675906641, 46.803691968966291 ], [ 13.859264246591559, 46.80367932405624 ], [ 13.859086456157783, 46.803602678174641 ], [ 13.859080271853466, 46.803600097512593 ], [ 13.858582968741899, 46.803373139930812 ], [ 13.858357485957711, 46.803270260358765 ], [ 13.858195214874716, 46.803185802754378 ], [ 13.858155538447868, 46.803148735240768 ], [ 13.858138344815259, 46.803132618661749 ], [ 13.858108574575805, 46.803063562284038 ], [ 13.858090558403143, 46.803017126285745 ], [ 13.85799945914477, 46.802921090582871 ], [ 13.857607949559879, 46.802604467725288 ], [ 13.857545435262654, 46.802496871670442 ], [ 13.857401815723037, 46.802149945076124 ], [ 13.857282588641143, 46.80204486123246 ], [ 13.857095422457117, 46.801879985431789 ], [ 13.856830801316939, 46.801646903292898 ], [ 13.856790347279672, 46.801597151747572 ], [ 13.856652318544322, 46.801445274772966 ], [ 13.856562561471193, 46.801311890075603 ], [ 13.856486499331753, 46.801198687419209 ], [ 13.856428481456145, 46.801108256124998 ], [ 13.856297321174329, 46.800881573665329 ], [ 13.856154807741479, 46.800552636428279 ], [ 13.856051913723665, 46.800241781775824 ], [ 13.85601253483555, 46.800034200275391 ], [ 13.855950649299119, 46.799802968112687 ], [ 13.85586074878533, 46.799467308777615 ], [ 13.855853385024481, 46.799464643413728 ], [ 13.855813020666607, 46.79945052315319 ], [ 13.855809156625883, 46.799443972478493 ], [ 13.855727389936252, 46.799363278437909 ], [ 13.85568796160041, 46.799324319361752 ], [ 13.855641777329101, 46.799210978123511 ], [ 13.855581362922692, 46.799062790408385 ], [ 13.855514800052084, 46.798808544787136 ], [ 13.855461075682863, 46.798353314782531 ], [ 13.855465663400292, 46.79796548034102 ], [ 13.855466015397337, 46.797934525639192 ], [ 13.855377834836421, 46.79769360683396 ], [ 13.85531070526917, 46.797568574828368 ], [ 13.855154701038375, 46.797278749991222 ], [ 13.854956822269269, 46.79699415703454 ], [ 13.854911446657415, 46.796936329370347 ], [ 13.854807032916577, 46.796803550855358 ], [ 13.854661796839835, 46.79662291125247 ], [ 13.854467885304167, 46.796381759449083 ], [ 13.854323949325787, 46.796226667712709 ], [ 13.854208170109027, 46.796070186355564 ], [ 13.854143644326269, 46.795983203169804 ], [ 13.854062336322119, 46.795935258526903 ], [ 13.854044415518688, 46.795924813426964 ], [ 13.853923328196004, 46.795814965799543 ], [ 13.853767819389249, 46.795668564729873 ], [ 13.853756711461809, 46.795658088221963 ], [ 13.853740843127049, 46.795643134633863 ], [ 13.853517758868783, 46.795432618701902 ], [ 13.853506253610417, 46.795421694098927 ], [ 13.85345951763637, 46.795385287332557 ], [ 13.853349410983173, 46.795299503183017 ], [ 13.853035464981421, 46.795055031929422 ], [ 13.852597422101002, 46.794727178702374 ], [ 13.852459086379019, 46.794621457856607 ], [ 13.852380915359531, 46.794558920885798 ], [ 13.85171828176928, 46.793310881763951 ], [ 13.851190833506585, 46.792732299477471 ], [ 13.851236452655622, 46.792721562849557 ], [ 13.851131128294384, 46.792223377170124 ], [ 13.851070133217108, 46.791986289781114 ], [ 13.851064142736387, 46.791963012444455 ], [ 13.851060624788577, 46.791951511139708 ], [ 13.851032743270121, 46.791859499497889 ], [ 13.850842566824221, 46.791054781006345 ], [ 13.850793113834753, 46.790845804331219 ], [ 13.850656493728037, 46.790267319592132 ], [ 13.850649530752271, 46.790238287979733 ], [ 13.850584380633842, 46.789964057723353 ], [ 13.850599389164961, 46.78991764944552 ], [ 13.850639071473905, 46.789794825377456 ], [ 13.850654714831776, 46.789746344651498 ], [ 13.850702389991996, 46.789731729688043 ], [ 13.851059235859747, 46.789622480025152 ], [ 13.85147237025957, 46.789401036348124 ], [ 13.851828679113542, 46.78920999505371 ], [ 13.852501671769408, 46.788876140290071 ], [ 13.852577878164958, 46.788818473113757 ], [ 13.852665398777047, 46.788752295801871 ], [ 13.85287359983043, 46.788594774178755 ], [ 13.853094619763942, 46.788327867744385 ], [ 13.853118702633655, 46.788298783502768 ], [ 13.853128224996116, 46.788294600643191 ], [ 13.853241714271853, 46.788245129686914 ], [ 13.853381332540888, 46.78817493302779 ], [ 13.853426437658344, 46.788152230547546 ], [ 13.853683543406445, 46.788079963220945 ], [ 13.854292859674466, 46.787908624437883 ], [ 13.854643773355098, 46.787730556157115 ], [ 13.855139811594325, 46.787322728278127 ], [ 13.855527333945194, 46.787004299644693 ], [ 13.856018420680192, 46.78660053983068 ], [ 13.856300672477378, 46.786368525995982 ], [ 13.856859956623312, 46.786120831897001 ], [ 13.85658101449205, 46.785821950775663 ], [ 13.856480399541836, 46.78571408077552 ], [ 13.856429694838249, 46.785659697681929 ], [ 13.856235890238025, 46.785506368986127 ], [ 13.856122354101293, 46.785416554416507 ], [ 13.856005369353708, 46.785349070680105 ], [ 13.855869281369142, 46.785270427660706 ], [ 13.855894976678263, 46.785192296357067 ], [ 13.855974352920235, 46.784951053353389 ], [ 13.856044661002155, 46.784613303873719 ], [ 13.855760953676791, 46.783492387176807 ], [ 13.855494531743727, 46.782316232395225 ], [ 13.855202814322071, 46.781712915390628 ], [ 13.854652999265634, 46.781384327073354 ], [ 13.854500027861555, 46.781225408386 ], [ 13.854335279017603, 46.781054126576336 ], [ 13.85411195064462, 46.780906509218838 ], [ 13.853684807741004, 46.780624050470479 ], [ 13.853611399517849, 46.780591275857716 ], [ 13.853550751437945, 46.78056411119217 ], [ 13.853368775463727, 46.780506191853732 ], [ 13.853294276521867, 46.780482420034744 ], [ 13.853243997521036, 46.78047086398513 ], [ 13.853045243698505, 46.780425078600842 ], [ 13.852694553065868, 46.780379541269902 ], [ 13.852514975410797, 46.780406370501332 ], [ 13.852344836811907, 46.780407151943628 ], [ 13.852337502122396, 46.78040718562594 ], [ 13.852128427520675, 46.780323654521496 ], [ 13.851770995363559, 46.780258169768814 ], [ 13.851546566155662, 46.78021186967689 ], [ 13.851289594300994, 46.780186413634439 ], [ 13.851273861445248, 46.780184866099717 ], [ 13.850990526166692, 46.780196151960752 ], [ 13.850782546483806, 46.780238675025927 ], [ 13.850249047084228, 46.780318768892919 ], [ 13.850085687693495, 46.780343270590009 ], [ 13.849998266647873, 46.78036454557293 ], [ 13.849835709139283, 46.780404249822162 ], [ 13.849291296552101, 46.780277255624917 ], [ 13.848006602264364, 46.780057803970926 ], [ 13.847277508949968, 46.779971052114384 ], [ 13.847232670219137, 46.779966577061138 ], [ 13.847009265130573, 46.779944467884057 ], [ 13.846797635892679, 46.779921045050592 ], [ 13.846661138884508, 46.779905918650073 ], [ 13.845881313172606, 46.77984152324386 ], [ 13.845588584649393, 46.779856617324015 ], [ 13.845473378201886, 46.779862538226354 ], [ 13.845455692211424, 46.779862168470693 ], [ 13.845420321095105, 46.779861518926857 ], [ 13.84487971316987, 46.779842731940242 ], [ 13.844826062845128, 46.779875457443431 ], [ 13.844786736062504, 46.779899390068316 ], [ 13.844616576063331, 46.779938761290254 ], [ 13.84458599419828, 46.779945828075064 ], [ 13.844321529918677, 46.78004015312343 ], [ 13.844152857285922, 46.780125496556025 ], [ 13.843660472548711, 46.780259811196728 ], [ 13.843647983308607, 46.780255008685984 ], [ 13.843358492767921, 46.780143300944943 ], [ 13.843234651400405, 46.780095540642357 ], [ 13.843194006090354, 46.780077548112871 ], [ 13.843015775386709, 46.779998989928394 ], [ 13.842635286467425, 46.779945367688526 ], [ 13.842252013583913, 46.779860713710868 ], [ 13.841899408991017, 46.77981911069579 ], [ 13.841318234272197, 46.779762787742079 ], [ 13.840799800401443, 46.779761517616379 ], [ 13.840683937896607, 46.779767346605126 ], [ 13.840541498529586, 46.779774464488995 ], [ 13.840495047686842, 46.779779441870666 ], [ 13.83952267263312, 46.779809805360031 ], [ 13.83891169885602, 46.779732368312409 ], [ 13.838492870913038, 46.779723623567634 ], [ 13.838446117071653, 46.779724282437201 ], [ 13.838122764292933, 46.779728336577556 ], [ 13.837500630878742, 46.779730933689848 ], [ 13.837361226539874, 46.779754320347458 ], [ 13.837271908225746, 46.779769295360104 ], [ 13.837235527722751, 46.779772696843324 ], [ 13.837198100263388, 46.779776192962203 ], [ 13.837122450979646, 46.779782288907064 ], [ 13.836524090043643, 46.779958435416795 ], [ 13.836305598638669, 46.77973463882627 ], [ 13.836221785064049, 46.779722234693772 ], [ 13.83584652783596, 46.779666856764166 ], [ 13.835629195087622, 46.779649107139875 ], [ 13.835352352460399, 46.779626582599896 ], [ 13.835225086433242, 46.779589806296087 ], [ 13.834933386702222, 46.779505530693676 ], [ 13.834837133441287, 46.779465556998041 ], [ 13.834755344181655, 46.779431547684631 ], [ 13.834427202582294, 46.779427604325498 ], [ 13.834246036262734, 46.779425348144031 ], [ 13.833993314568044, 46.779488553948404 ], [ 13.833748027814382, 46.779506646466167 ], [ 13.833522635538852, 46.779523210728179 ], [ 13.833096690492718, 46.779579352828399 ], [ 13.832781309578378, 46.779595413718688 ], [ 13.832616255605769, 46.77955142314908 ], [ 13.832386074327449, 46.779490173922724 ], [ 13.831699831245114, 46.779289758252744 ], [ 13.831119844033632, 46.779120273357357 ], [ 13.83087752108106, 46.779048816881414 ], [ 13.830711071824396, 46.779121713208141 ], [ 13.830466381558315, 46.778992949259731 ], [ 13.830365242107209, 46.77901849842889 ], [ 13.830091222682299, 46.779087547862261 ], [ 13.830058081332163, 46.779087153655261 ], [ 13.830005159616693, 46.779086486452989 ], [ 13.829797272677496, 46.779083980662627 ], [ 13.829697869083393, 46.779070920356247 ], [ 13.829607382622264, 46.779058990540122 ], [ 13.829045638678824, 46.77913208992166 ], [ 13.829025492139415, 46.779134697718156 ], [ 13.828774446909359, 46.779167381402239 ], [ 13.828653312408829, 46.779141458380771 ], [ 13.828218516395102, 46.7790485247031 ], [ 13.827662745274061, 46.778904200361687 ], [ 13.827562173856633, 46.778878096249947 ], [ 13.827073144390228, 46.778939440402581 ], [ 13.82696521301987, 46.778953048912918 ], [ 13.826771246822581, 46.778940309064772 ], [ 13.826473877099929, 46.77892091175751 ], [ 13.826468793269351, 46.778923543349123 ], [ 13.826317581199923, 46.779001765470753 ], [ 13.825745825095259, 46.779480430078991 ], [ 13.825673921990061, 46.780091074834161 ], [ 13.825560078204601, 46.780670679313545 ], [ 13.825020196942654, 46.781355884446832 ], [ 13.825002590309433, 46.781378365959789 ], [ 13.825189066713467, 46.782296606028233 ], [ 13.824992135437569, 46.782659720706285 ], [ 13.824995734650431, 46.783362715562468 ], [ 13.825007728690954, 46.783924855861265 ], [ 13.824980268574096, 46.784327903925629 ], [ 13.824974259384526, 46.784414940330834 ], [ 13.82497696455648, 46.784424196461572 ], [ 13.825006190096024, 46.784525206391045 ], [ 13.825020666942757, 46.784575172067036 ], [ 13.825148398815308, 46.785017045991381 ], [ 13.82523299010494, 46.785127352773458 ], [ 13.825443678942063, 46.78540258302025 ], [ 13.826019390808408, 46.785756124214501 ], [ 13.826136248727511, 46.785813921550989 ], [ 13.826206258142994, 46.785848528371211 ], [ 13.826396942318054, 46.785942805143762 ], [ 13.82680835703848, 46.786051414640731 ], [ 13.827078621938989, 46.786449743834559 ], [ 13.827294776382573, 46.786634607301323 ], [ 13.8278119064511, 46.787138031616188 ], [ 13.828246176941171, 46.787449619970964 ], [ 13.828361174762424, 46.787532167582526 ], [ 13.828426159597065, 46.787603686701253 ], [ 13.828552824001001, 46.787743410064621 ], [ 13.828620572145802, 46.787886720714255 ], [ 13.828719056463768, 46.788095221836116 ], [ 13.828781228170252, 46.78835732995357 ], [ 13.828784089441722, 46.788369194723778 ], [ 13.828795135698892, 46.788416025694687 ], [ 13.828848443855655, 46.7886405611453 ], [ 13.828861807476693, 46.788697099752667 ], [ 13.82904928159515, 46.789487288740673 ], [ 13.829095060173028, 46.789620347818691 ], [ 13.829143260556625, 46.789760234709973 ], [ 13.829144369626679, 46.789766798359203 ], [ 13.829068238468457, 46.789793136386919 ], [ 13.829106571428323, 46.789970768040497 ], [ 13.82911300450427, 46.790000433107409 ], [ 13.829118754978603, 46.790027131839729 ], [ 13.829130085777019, 46.790048137378044 ], [ 13.829146215428619, 46.790078029850825 ], [ 13.829167010438942, 46.79011653990284 ], [ 13.829188342032531, 46.790156397292037 ], [ 13.829208870918466, 46.790194458605889 ], [ 13.829230296758462, 46.790230356469756 ], [ 13.829291120718908, 46.790332936351014 ], [ 13.829386813031073, 46.790494029919621 ], [ 13.829548298145601, 46.790967693854078 ], [ 13.829607363305998, 46.791106363135803 ], [ 13.829751748428185, 46.791445582297868 ], [ 13.829781285070769, 46.791578622470418 ], [ 13.829789356109268, 46.791615298722782 ], [ 13.83003614365211, 46.791906918416473 ], [ 13.830381624374251, 46.792315167209082 ], [ 13.83065022772155, 46.792472889911835 ], [ 13.830694969656884, 46.792494108224552 ], [ 13.830756687854795, 46.792523439968917 ], [ 13.830985138069593, 46.792632029710113 ], [ 13.831212798130696, 46.792740082596708 ], [ 13.831433669090112, 46.792808483909766 ], [ 13.831546667412052, 46.792843527917256 ], [ 13.831695141326211, 46.792889482919456 ], [ 13.831705784046294, 46.792892765247139 ], [ 13.831733419243495, 46.792905870420078 ], [ 13.832142018119711, 46.793098694228057 ], [ 13.832312078250721, 46.79309920341592 ], [ 13.83348769282656, 46.793102556145762 ], [ 13.834427524571739, 46.793570337506473 ], [ 13.834652217919853, 46.793682175822632 ], [ 13.836229239216488, 46.793876185895314 ], [ 13.836098873343865, 46.794042328435332 ], [ 13.836039639233233, 46.794249185276172 ], [ 13.836030383373053, 46.794281889070866 ], [ 13.836044452161495, 46.794328885897464 ], [ 13.836061362978556, 46.79438549791292 ], [ 13.836306543696599, 46.794487883976608 ], [ 13.836643273774088, 46.794628463251328 ], [ 13.836722641430722, 46.79468092795576 ], [ 13.836898780421942, 46.794797387061159 ], [ 13.837009394811938, 46.794870497690908 ], [ 13.837025253128326, 46.794884913769174 ], [ 13.837030142232205, 46.794889300991649 ], [ 13.837093835918655, 46.794946784160324 ], [ 13.837365129853676, 46.795191579467705 ], [ 13.837379658667647, 46.795203931891301 ], [ 13.83739537766408, 46.79521744874269 ], [ 13.837726578459749, 46.795506785974688 ], [ 13.838006950529595, 46.795671907208018 ], [ 13.838261759770951, 46.79597373116821 ], [ 13.838294885889185, 46.796012904352381 ], [ 13.838408385711446, 46.796058197011156 ], [ 13.838556737775292, 46.796117370646442 ], [ 13.838773671940917, 46.796293211144928 ], [ 13.838884466644744, 46.796440012572084 ], [ 13.839034938520593, 46.796639634485665 ], [ 13.839080178459291, 46.796698818739927 ], [ 13.839094640221637, 46.796717829748566 ], [ 13.839119964437428, 46.796846027566275 ], [ 13.839174769344334, 46.796919025871688 ], [ 13.839289158571299, 46.79707156953728 ], [ 13.839441525411305, 46.797166805942496 ], [ 13.839590258068506, 46.797707188238377 ], [ 13.839849222888878, 46.797865202477652 ], [ 13.840094501216123, 46.798113257236665 ], [ 13.840196841374466, 46.798141771939378 ], [ 13.840281280109803, 46.79823056328015 ], [ 13.840285616618413, 46.798231893531209 ], [ 13.840403353256868, 46.79826735742941 ], [ 13.840429938005272, 46.798334812988315 ], [ 13.840433160377657, 46.798342986692752 ], [ 13.840493190208868, 46.798331289989513 ], [ 13.840833884264967, 46.798265155676958 ], [ 13.84116694366079, 46.79826419997822 ], [ 13.841244508685294, 46.798263941517519 ], [ 13.84131562154397, 46.798301593475813 ], [ 13.841347886204835, 46.798318724614418 ], [ 13.841297278334356, 46.798356653530547 ], [ 13.841077279950598, 46.798521224988249 ], [ 13.840785166113859, 46.798790766189029 ], [ 13.840706753111057, 46.799004910032359 ], [ 13.840696537605616, 46.799032939582943 ], [ 13.840598708796175, 46.799162049624414 ], [ 13.840588877808608, 46.799161643834822 ], [ 13.840402757878586, 46.799155370346689 ], [ 13.840403234808273, 46.799164186224218 ], [ 13.840408627376798, 46.799276546759963 ], [ 13.840408787495013, 46.799279605353711 ], [ 13.840424245271485, 46.799596084826305 ], [ 13.840434831119177, 46.799813608413409 ], [ 13.840413131189276, 46.799874082163207 ], [ 13.840367684414501, 46.800000257656116 ], [ 13.840258715122173, 46.800032869071877 ], [ 13.839654545230941, 46.80021346636947 ], [ 13.839592021296275, 46.800252527633084 ], [ 13.839438577823163, 46.800348503182803 ], [ 13.839226777395842, 46.800480911521468 ], [ 13.839086357563216, 46.800568640154999 ], [ 13.839050643065217, 46.801071966710097 ], [ 13.839260994863535, 46.801808409755701 ], [ 13.839362897708826, 46.801914399778852 ], [ 13.839405907645672, 46.801959017195514 ], [ 13.839571731601003, 46.802131395909832 ], [ 13.839620451296943, 46.80226668728519 ], [ 13.839543343928288, 46.802370959166211 ], [ 13.839466432189859, 46.802413054100256 ], [ 13.839085782983872, 46.802621440957033 ], [ 13.839033378962016, 46.802650198939894 ], [ 13.83901830046184, 46.802690667293433 ], [ 13.838848226554424, 46.803147985139645 ], [ 13.838840946245828, 46.803167903217194 ], [ 13.838564148963142, 46.803785411807397 ], [ 13.838500114287918, 46.80392831584728 ], [ 13.838461776917521, 46.804598206507258 ], [ 13.838336463645893, 46.804746423062085 ], [ 13.83790816382156, 46.805252941686831 ], [ 13.837836189895818, 46.80560967268854 ], [ 13.837994057310434, 46.805951431184972 ], [ 13.837946866553546, 46.806392902569939 ], [ 13.837831037783308, 46.806782311976896 ], [ 13.837492017333833, 46.807225534743964 ], [ 13.837438297472472, 46.807295868487607 ], [ 13.83723447783372, 46.807957138467806 ], [ 13.837139114981841, 46.808086324440843 ], [ 13.837070018811181, 46.80817994129314 ], [ 13.837043274534254, 46.808289835746287 ], [ 13.836975406647559, 46.808568985345829 ], [ 13.836717484048565, 46.809136556459364 ], [ 13.836466410509358, 46.809972146222911 ], [ 13.83635625375595, 46.81043684191566 ], [ 13.836537873539831, 46.811017393153307 ], [ 13.836718785112385, 46.811231099744901 ], [ 13.836732806024939, 46.811230857370418 ], [ 13.83680120775383, 46.811229743033117 ], [ 13.836856857649748, 46.8112799739067 ], [ 13.836980764515021, 46.811272133755175 ], [ 13.83706584132581, 46.811177186063198 ], [ 13.837245152419472, 46.811165859533467 ], [ 13.837268731568194, 46.811178531586968 ], [ 13.837272287844124, 46.811180405314182 ], [ 13.837301531180207, 46.811196111431379 ], [ 13.837530208296691, 46.811318814262556 ], [ 13.837631110486475, 46.81137289207566 ], [ 13.837711752767015, 46.81150192334389 ], [ 13.83773793567528, 46.811928220745898 ], [ 13.837738727176369, 46.811942613980698 ], [ 13.837714138370531, 46.81194794248259 ], [ 13.837704067630357, 46.811950146914775 ], [ 13.837536393172931, 46.811986526636325 ], [ 13.837294756221153, 46.812004339994374 ], [ 13.837233593820752, 46.81200884159913 ], [ 13.837031643537824, 46.812287598860728 ], [ 13.83690770364027, 46.812458662521934 ], [ 13.836755387546642, 46.81251170892326 ], [ 13.83643272564175, 46.812623909965083 ], [ 13.836162476010639, 46.812748834132023 ], [ 13.836120457546205, 46.812768276628937 ], [ 13.836121984886095, 46.812777357795355 ], [ 13.836124477998087, 46.812791563514892 ], [ 13.836162187029977, 46.813009956720627 ], [ 13.836203306657248, 46.813075819032122 ], [ 13.836228277892516, 46.813194301331144 ], [ 13.83623088513127, 46.813206706945714 ], [ 13.836238014010537, 46.813212164009492 ], [ 13.836538372843826, 46.813444235433806 ], [ 13.836589295051645, 46.813479370885851 ], [ 13.836788497125987, 46.813616603191257 ], [ 13.836795225293223, 46.813621252186408 ], [ 13.836811587688857, 46.813646823577848 ], [ 13.836836730849233, 46.813686212758753 ], [ 13.837069602948885, 46.814029888245535 ], [ 13.837286874233266, 46.814372822974754 ], [ 13.837397840221248, 46.814548058953385 ], [ 13.837524341930621, 46.814730603908046 ], [ 13.83753948886674, 46.814752311486245 ], [ 13.837562740348211, 46.814785590320255 ], [ 13.837601805217812, 46.814841743485466 ], [ 13.837607388960409, 46.81485008670797 ], [ 13.837615631388035, 46.814862377185641 ], [ 13.837628423549781, 46.814884545151479 ], [ 13.837681284184805, 46.814971949738286 ], [ 13.837909777877352, 46.815350375287402 ], [ 13.837916749008636, 46.815366810486672 ], [ 13.837930692987731, 46.815399860835896 ], [ 13.837972662906738, 46.815499731096608 ], [ 13.838075343192848, 46.815740688662039 ], [ 13.83842977204001, 46.815687277888237 ], [ 13.83864850048894, 46.815601629789498 ], [ 13.8386813870463, 46.815710988259639 ], [ 13.838735923865004, 46.815781378695142 ], [ 13.838867136022696, 46.815962281502856 ], [ 13.838879514678499, 46.816023682374485 ], [ 13.838697094610618, 46.816137332352291 ], [ 13.838577218946957, 46.816212101298056 ], [ 13.838499690860942, 46.81626049684256 ], [ 13.838447051421014, 46.816265860809565 ], [ 13.838338369086499, 46.816277053766825 ], [ 13.838240493491613, 46.816280640069934 ], [ 13.838158340551983, 46.816283616227942 ], [ 13.837988978623661, 46.816309296502375 ], [ 13.837960969067423, 46.816313470576752 ], [ 13.837836234994986, 46.81640130748076 ], [ 13.837717186559155, 46.816494427696547 ], [ 13.837579663443128, 46.816602116906466 ], [ 13.837551040100347, 46.816624559513805 ], [ 13.837388881089089, 46.816691327536851 ], [ 13.837386288703284, 46.816694398404032 ], [ 13.837292721752195, 46.816807200150429 ], [ 13.837147316150133, 46.816885410581349 ], [ 13.836928869507663, 46.816960076959035 ], [ 13.83670185456571, 46.817140687262771 ], [ 13.836451846614377, 46.817287836933772 ], [ 13.83634795914563, 46.817349035400852 ], [ 13.836238987817639, 46.817413225711356 ], [ 13.836336152420238, 46.817528507612188 ], [ 13.83638811533104, 46.817590182585668 ], [ 13.836433273549313, 46.817625253788528 ], [ 13.836749934778689, 46.817832057936812 ], [ 13.836620899138117, 46.818006293229118 ], [ 13.836585257374134, 46.818229511738046 ], [ 13.836668306679901, 46.818307244621181 ], [ 13.836677233474882, 46.818391965858552 ], [ 13.836681564113336, 46.818434147108363 ], [ 13.836682723993334, 46.81844592929928 ], [ 13.836721298629394, 46.818505504197077 ], [ 13.836946629707667, 46.818853532676506 ], [ 13.836928262874773, 46.818921189288218 ], [ 13.836957104250203, 46.818949404498674 ], [ 13.837120754338299, 46.819108929675835 ], [ 13.837139540895208, 46.819127291850535 ], [ 13.837232941929214, 46.819218295229227 ], [ 13.837506779508812, 46.819123045955003 ], [ 13.837559691646817, 46.81910463415057 ], [ 13.837603387141165, 46.819137281964011 ], [ 13.837684705552553, 46.819198015651047 ], [ 13.837804896713964, 46.819169585871094 ], [ 13.837971647951052, 46.819130240628795 ], [ 13.838049256966785, 46.819131423974561 ], [ 13.838118344611519, 46.819132465340481 ], [ 13.838408721611154, 46.819136747704228 ], [ 13.839177947155674, 46.819847749647614 ], [ 13.839251309345139, 46.819953777655932 ], [ 13.839537053559136, 46.820366856195328 ], [ 13.839556951705861, 46.820571111312475 ], [ 13.839568570165129, 46.820690282574908 ], [ 13.839566482898242, 46.820705138587996 ], [ 13.839516046189512, 46.821067083212689 ], [ 13.839777287151287, 46.821604443015168 ], [ 13.839959347536617, 46.821713223096438 ], [ 13.840020839526066, 46.821769814893578 ], [ 13.840031154313136, 46.821779306546929 ], [ 13.84001912763884, 46.821962019478207 ], [ 13.840018899699126, 46.821965619692499 ], [ 13.84002637698465, 46.821979982968621 ], [ 13.840110107764627, 46.822142021433024 ], [ 13.840272445741315, 46.822299388518864 ], [ 13.840275488816415, 46.82230234421435 ], [ 13.840166128877263, 46.822464078171357 ], [ 13.83998411558604, 46.822732853567111 ], [ 13.839746164868348, 46.823171221166191 ], [ 13.839287816469655, 46.823757871322599 ], [ 13.839283673061304, 46.823763288646362 ], [ 13.838913526527584, 46.824086171729952 ], [ 13.838911701967044, 46.824101116536731 ], [ 13.838849398867238, 46.824636325077073 ], [ 13.838861499690514, 46.824640590027172 ], [ 13.839103639108494, 46.824724988411234 ], [ 13.839477280281617, 46.824962933377307 ], [ 13.839502005668827, 46.824971370819647 ], [ 13.839530544529074, 46.824981050908328 ], [ 13.839733766285013, 46.824694455291777 ], [ 13.839813506458828, 46.82469832731843 ], [ 13.839884707172708, 46.82496227926007 ], [ 13.840272713648821, 46.825772699023723 ], [ 13.840546466602735, 46.826216512132468 ], [ 13.840566723553161, 46.826265010413962 ], [ 13.840686395646005, 46.826552319243682 ], [ 13.840923470979863, 46.826957154751383 ], [ 13.841076566830337, 46.827477361021039 ], [ 13.841254302177392, 46.827652653667201 ], [ 13.841095976309825, 46.827780775943118 ], [ 13.84116150714825, 46.827861373659573 ], [ 13.841220537423796, 46.827933902339105 ], [ 13.841421483028963, 46.828068329645745 ], [ 13.841516083918084, 46.828131520453113 ], [ 13.841788329449953, 46.828552392598503 ], [ 13.841872973819882, 46.82871235621861 ], [ 13.841984259087816, 46.828820191628715 ], [ 13.842055594656987, 46.829027904288886 ], [ 13.84209841925297, 46.829160431992825 ], [ 13.842108553026158, 46.829191969348216 ], [ 13.842111694532909, 46.829205182259116 ], [ 13.842186115053197, 46.829516177855886 ], [ 13.842315987752434, 46.82971678856422 ], [ 13.842398132630672, 46.82990294720075 ], [ 13.842499993082425, 46.829998227353968 ], [ 13.842527243559367, 46.830023658979584 ], [ 13.842639756738023, 46.830163521075043 ], [ 13.842880442187258, 46.830462790020341 ], [ 13.842893706076666, 46.830670763745537 ], [ 13.842924770674914, 46.830752235560404 ], [ 13.843008146806897, 46.830970780985901 ], [ 13.843090584392851, 46.831187081086739 ], [ 13.843184173721308, 46.831719250229995 ], [ 13.843136767868108, 46.831820961177854 ], [ 13.843335827888245, 46.831879630626531 ], [ 13.843393152494968, 46.831896468357492 ], [ 13.84328094456043, 46.832117874826196 ], [ 13.843110961416414, 46.832453636031609 ], [ 13.843054084827664, 46.832565917265946 ], [ 13.84300897017966, 46.832770194899496 ], [ 13.842847229607218, 46.833049681137403 ], [ 13.842818596405506, 46.833099209046807 ], [ 13.842591282762568, 46.833363423684638 ], [ 13.842402849075823, 46.833566636513055 ], [ 13.842361709265214, 46.833610911768645 ], [ 13.842337441451729, 46.833637115123167 ], [ 13.842302661341392, 46.833674613251958 ], [ 13.842311652223724, 46.833709934894358 ], [ 13.842323232150219, 46.833755502593888 ], [ 13.84228815590664, 46.833748282050678 ], [ 13.842263326699939, 46.833743174916961 ], [ 13.842087921030979, 46.833855538907244 ], [ 13.842070251472208, 46.833927422308435 ], [ 13.842065916311727, 46.833926542004242 ], [ 13.842036884710021, 46.833920733878905 ], [ 13.841951287254286, 46.834032693788963 ], [ 13.841986749937195, 46.834107847506871 ], [ 13.842033926817486, 46.834146506691226 ], [ 13.842095905655071, 46.834197426534992 ], [ 13.842172288052502, 46.834260068926952 ], [ 13.842131328968099, 46.83429588517496 ], [ 13.842096351019469, 46.834326455677598 ], [ 13.842065906430665, 46.834474789444606 ], [ 13.841728766102882, 46.834745074881582 ], [ 13.841301674670326, 46.835138945664696 ], [ 13.841248515955767, 46.835188043405459 ], [ 13.84113252305418, 46.83523409391298 ], [ 13.841071913731076, 46.835258120626897 ], [ 13.840865791236318, 46.835340027389442 ], [ 13.84060155602193, 46.835543037318665 ], [ 13.840384120831445, 46.835635071664903 ], [ 13.840372367811085, 46.835640073232184 ], [ 13.840356435459842, 46.835646803145849 ], [ 13.840084643479965, 46.835731162276588 ], [ 13.840051400105024, 46.835723752866045 ], [ 13.840032478816394, 46.83571951857725 ], [ 13.840020784125127, 46.835716871557963 ], [ 13.839994636248168, 46.835711049990181 ], [ 13.839923350138788, 46.835729275207918 ], [ 13.839481639279304, 46.835842467330387 ], [ 13.839429972754456, 46.83585565556691 ], [ 13.839107288405536, 46.835938350413286 ], [ 13.838603007623613, 46.835980014871133 ], [ 13.838566453475547, 46.835982967494346 ], [ 13.838467667438289, 46.835991146872786 ], [ 13.838385551524404, 46.836001231304948 ], [ 13.838285100178574, 46.836013557031315 ], [ 13.838260580278616, 46.836013486507774 ], [ 13.838219931732629, 46.83601330799749 ], [ 13.838073072004544, 46.836012613593837 ], [ 13.837899331489348, 46.836011768947849 ], [ 13.837761597034868, 46.836033168485542 ], [ 13.837454444299384, 46.836080967153734 ], [ 13.83718882340318, 46.836125340754386 ], [ 13.837174480569857, 46.836189290320796 ], [ 13.836518591555475, 46.836283268983429 ], [ 13.836263677568606, 46.836406415124465 ], [ 13.835891790010022, 46.836653262750737 ], [ 13.835574237676527, 46.836738984001805 ], [ 13.835377402817253, 46.836792225895515 ], [ 13.835269894762641, 46.836821226520613 ], [ 13.834917520199356, 46.836829537793115 ], [ 13.834766556429418, 46.836824898173568 ], [ 13.834622281262424, 46.836820408676537 ], [ 13.834420537769775, 46.836797997616443 ], [ 13.834159203838929, 46.83676901153931 ], [ 13.83376948404559, 46.836724036538058 ], [ 13.833620714991069, 46.836715696512016 ], [ 13.833506449526425, 46.836709363271197 ], [ 13.833261580323864, 46.837009628468927 ], [ 13.832979602514223, 46.837086367191489 ], [ 13.832812359869429, 46.837163588507721 ], [ 13.832745678675199, 46.837183948373294 ], [ 13.832595055989014, 46.837229783024974 ], [ 13.832469117508088, 46.837279197748636 ], [ 13.832424307218373, 46.837296761537388 ], [ 13.832249370654903, 46.837434662349935 ], [ 13.832242557437647, 46.837463215995307 ], [ 13.83223347004726, 46.837500957609521 ], [ 13.832205938093107, 46.837543369525228 ], [ 13.832097490781853, 46.8377104902765 ], [ 13.832042166904834, 46.837893663113341 ], [ 13.832026649725394, 46.837944930024314 ], [ 13.832001267223614, 46.837978874312299 ], [ 13.831887176684313, 46.838131622960482 ], [ 13.831807750572658, 46.838345585000795 ], [ 13.831828285176957, 46.838466157452991 ], [ 13.831832587294437, 46.838491512804438 ], [ 13.831828437147722, 46.838510426850597 ], [ 13.831810341387635, 46.83859445774371 ], [ 13.831854142436558, 46.838721136288477 ], [ 13.831884061083354, 46.83880756503526 ], [ 13.831981491239786, 46.839004101479098 ], [ 13.83207598269636, 46.839194802109624 ], [ 13.83232995163875, 46.839794297569973 ], [ 13.832344432304554, 46.839828336055291 ], [ 13.832889889222297, 46.840243975271214 ], [ 13.833018615457151, 46.840323308921839 ], [ 13.833170175687346, 46.840390484259309 ], [ 13.833225611134136, 46.840414983799256 ], [ 13.833412248190788, 46.840419197913192 ], [ 13.834714376231217, 46.840448167416056 ], [ 13.834738100426373, 46.840711793188341 ], [ 13.834823644794199, 46.84080040412293 ], [ 13.834972543527021, 46.840904840515442 ], [ 13.835022863681381, 46.840970842567707 ], [ 13.835135684480743, 46.841337909915367 ], [ 13.835166749219129, 46.841698411351132 ], [ 13.835319521109865, 46.841865636057449 ], [ 13.835551828995376, 46.841942707672544 ], [ 13.835656406592339, 46.841977335583614 ], [ 13.835726632214579, 46.841984672078667 ], [ 13.835836105037796, 46.84199606328778 ], [ 13.835965301309802, 46.842138197478832 ], [ 13.836180044829765, 46.842160278169494 ], [ 13.836334002404442, 46.842160943550454 ], [ 13.836464485436025, 46.842161443168521 ], [ 13.836781577282874, 46.842079230809354 ], [ 13.836996429843548, 46.841918650354877 ], [ 13.837080744859557, 46.841945988800909 ], [ 13.837253191482718, 46.842002088185879 ], [ 13.837453559445439, 46.841987788640211 ], [ 13.837489334409812, 46.841985199785739 ], [ 13.837755242173483, 46.841926517525224 ], [ 13.837816615900442, 46.841913016858854 ], [ 13.837831271545204, 46.841909712238639 ], [ 13.838060512340393, 46.841787217057018 ], [ 13.83815588739912, 46.841736222883007 ], [ 13.838331015401575, 46.841715465857945 ], [ 13.838355247521644, 46.841712568326813 ], [ 13.838372240258593, 46.841803642086361 ], [ 13.838445757222264, 46.842199585259628 ], [ 13.838786921015341, 46.842844207201253 ], [ 13.838909962975222, 46.843262603788858 ], [ 13.83901231383301, 46.843366073178153 ], [ 13.83917387715598, 46.843393964625967 ], [ 13.839365221058204, 46.84339553851887 ], [ 13.83952194897763, 46.843645971341168 ], [ 13.839858788401022, 46.843764497137435 ], [ 13.839996535342156, 46.843728608312766 ], [ 13.840528000927632, 46.844248200643079 ], [ 13.840536598283609, 46.844255900376673 ], [ 13.840576681311431, 46.844292432494385 ], [ 13.84054224694472, 46.844339556354527 ], [ 13.840480107056484, 46.844424325996201 ], [ 13.840348063098558, 46.844604877511316 ], [ 13.839798124368153, 46.845135612231061 ], [ 13.839514574123578, 46.845409250118607 ], [ 13.838183395471638, 46.846783791022439 ], [ 13.838108929821207, 46.846897137949895 ], [ 13.837995032050459, 46.847070407331174 ], [ 13.837983266187054, 46.847088185839482 ], [ 13.837943446812613, 46.847148739911155 ], [ 13.837866457581859, 46.847231144851506 ], [ 13.837799984031665, 46.847302255375354 ], [ 13.837699299582267, 46.847403031746644 ], [ 13.837562199141001, 46.847522236214132 ], [ 13.837215646002507, 46.847917711778493 ], [ 13.837211492845714, 46.847922319245207 ], [ 13.837161669375918, 46.847979138427519 ], [ 13.836795222228723, 46.848324042588501 ], [ 13.836598064071639, 46.848472396594993 ], [ 13.836424866268986, 46.848602737740038 ], [ 13.836158533506623, 46.848772903674806 ], [ 13.83571333797406, 46.849057327782837 ], [ 13.835423943812298, 46.849202399987952 ], [ 13.835070455333229, 46.849379608514731 ], [ 13.834383982677998, 46.849432768869427 ], [ 13.832684247494623, 46.84961385314007 ], [ 13.832344116478135, 46.849650175714132 ], [ 13.831510349666312, 46.850095560285254 ], [ 13.830445317192858, 46.850664597313248 ], [ 13.8301434907093, 46.850786945645396 ], [ 13.829706689598449, 46.850964053137197 ], [ 13.829487308098066, 46.851053015456849 ], [ 13.829075720950275, 46.851219932208785 ], [ 13.828764351416774, 46.851275823559376 ], [ 13.827961440369972, 46.851420064221337 ], [ 13.826752582744037, 46.851817923351589 ], [ 13.826677055178626, 46.851919119994228 ], [ 13.826419768924783, 46.852264054147007 ], [ 13.826332579510728, 46.852380777892876 ], [ 13.826292762539049, 46.852485957770803 ], [ 13.826134762173393, 46.852902082648846 ], [ 13.825900609877939, 46.853054718001758 ], [ 13.825685128602036, 46.853212490465395 ], [ 13.825542733236052, 46.853316766604308 ], [ 13.825413104175009, 46.85341162915401 ], [ 13.825287098775711, 46.853572251032134 ], [ 13.825136329917129, 46.85376420337326 ], [ 13.825228542120877, 46.853892563698324 ], [ 13.825445256619654, 46.854194313583754 ], [ 13.825565022686792, 46.854422881301289 ], [ 13.825522205142198, 46.854530143485903 ], [ 13.825875935296228, 46.85468399966831 ], [ 13.826018033927001, 46.854745827129321 ], [ 13.826070579687935, 46.854768633194674 ], [ 13.826424806573778, 46.854834125344567 ], [ 13.826252036236619, 46.854958870141118 ], [ 13.826134640268601, 46.85504360248882 ], [ 13.823472331442076, 46.855067581158551 ], [ 13.822116752820426, 46.855183849092761 ], [ 13.821746879654647, 46.855156832370703 ], [ 13.82164821552055, 46.855139532112347 ], [ 13.821549551450508, 46.85512223176805 ], [ 13.821360106320586, 46.855089036505611 ], [ 13.821355639445276, 46.85508824594983 ], [ 13.818566808775312, 46.854931255640977 ], [ 13.818186849669894, 46.854905350310169 ], [ 13.816679878766463, 46.854802561107562 ], [ 13.816460269009736, 46.85469696283009 ], [ 13.815064116770552, 46.85402590697727 ], [ 13.813490954304687, 46.853924706918349 ], [ 13.813472056245493, 46.853923527382584 ], [ 13.813409251772013, 46.853911466604742 ], [ 13.813343162710447, 46.853898789866022 ], [ 13.812407671893482, 46.853719465282076 ], [ 13.811712364552253, 46.853586177335877 ], [ 13.811123123297383, 46.853696192365582 ], [ 13.810106088321591, 46.853886199762051 ], [ 13.809520336397979, 46.854123153058367 ], [ 13.808730147390884, 46.854336577793582 ], [ 13.808164641903524, 46.854800727640004 ], [ 13.807711526555353, 46.85538164708688 ], [ 13.80756184503006, 46.855880131935464 ], [ 13.807422428255673, 46.856618459387718 ], [ 13.807528096772538, 46.857275318206668 ], [ 13.807788170482846, 46.857889419266911 ], [ 13.807795404232289, 46.857906305120849 ], [ 13.807758775736811, 46.858153092968223 ], [ 13.807635596628858, 46.858417339692338 ], [ 13.807858706876035, 46.858945484978406 ], [ 13.808148749834029, 46.859462101608976 ], [ 13.808890513077271, 46.859942538144004 ], [ 13.808988016957731, 46.860005654075003 ], [ 13.809702192772564, 46.860142658820074 ], [ 13.810443624773159, 46.860217458190938 ], [ 13.810521352663452, 46.860225318658792 ], [ 13.811557944785722, 46.860388485717451 ], [ 13.812521991786527, 46.860696367926103 ], [ 13.812657270638987, 46.860729177581945 ], [ 13.812665553254512, 46.86073121203863 ], [ 13.813405711801332, 46.860910733866525 ], [ 13.813432399513065, 46.860917189186011 ], [ 13.813642616383991, 46.860968215598071 ], [ 13.813744296290384, 46.861217117881317 ], [ 13.813822365674408, 46.861407993408143 ], [ 13.813990523735848, 46.862074749051473 ], [ 13.81398261454355, 46.862361188118705 ], [ 13.813975184117309, 46.862628009572305 ], [ 13.813903322078144, 46.862878098438379 ], [ 13.813826881389554, 46.863144223086024 ], [ 13.813843725836856, 46.863208217146749 ], [ 13.814059173117995, 46.8640264778061 ], [ 13.81432339370428, 46.86479720151133 ], [ 13.814462395785821, 46.865661855924067 ], [ 13.814466471256363, 46.866200007424077 ], [ 13.814373414464967, 46.866413294986707 ], [ 13.814357347552665, 46.866450074998141 ], [ 13.8143506639317, 46.866465399955764 ], [ 13.814179547907687, 46.866838733073187 ], [ 13.814170669716889, 46.866858026450693 ], [ 13.814155101288899, 46.866891924963447 ], [ 13.813775524780958, 46.867368359719755 ], [ 13.813469136567672, 46.868017963701476 ], [ 13.813403995261172, 46.86815599895737 ], [ 13.813377702627074, 46.868484806434672 ], [ 13.813365910385851, 46.868632063289454 ], [ 13.813361574586194, 46.869286234360601 ], [ 13.812947635035396, 46.869286009357303 ], [ 13.812401181578368, 46.869285623882114 ], [ 13.81121585218041, 46.869483100637524 ], [ 13.811037161615525, 46.869512918295172 ], [ 13.810918266950379, 46.869626974369858 ], [ 13.810684638093164, 46.869851019507905 ], [ 13.810676702843383, 46.869858611265514 ], [ 13.81060424559559, 46.869928021199961 ], [ 13.810589743742455, 46.869964164207374 ], [ 13.810388540417961, 46.870468808733314 ], [ 13.810348633318355, 46.870568944367115 ], [ 13.81022545875611, 46.870645046294676 ], [ 13.810187488608388, 46.870668510991834 ], [ 13.809721138382347, 46.871058646953863 ], [ 13.809554985057783, 46.87134665126468 ], [ 13.809537657682506, 46.871375067764504 ], [ 13.809535718644359, 46.871378315190867 ], [ 13.809517114649626, 46.871410696165015 ], [ 13.809489596182527, 46.871458591142549 ], [ 13.809215523728225, 46.871709977175449 ], [ 13.808847487418076, 46.872047597906111 ], [ 13.808488517571927, 46.872328402174787 ], [ 13.808256585467271, 46.872509784721345 ], [ 13.807914759932972, 46.87259498932837 ], [ 13.807726107527781, 46.872642029598126 ], [ 13.807621688798518, 46.872659383299052 ], [ 13.806591390221637, 46.872831147325769 ], [ 13.80557252635918, 46.873257316814041 ], [ 13.805560891383516, 46.8732621342714 ], [ 13.805450410999352, 46.873291568526504 ], [ 13.805318331043731, 46.873326671468512 ], [ 13.805178136103601, 46.873364057571038 ], [ 13.804719324824031, 46.873486181795393 ], [ 13.803719290593159, 46.873611094130482 ], [ 13.803632565048659, 46.873567094466424 ], [ 13.80344988786695, 46.873474364331734 ], [ 13.803439211725582, 46.873468919905761 ], [ 13.802953143960556, 46.873476606020191 ], [ 13.80287806508286, 46.873503371467343 ], [ 13.802430860878173, 46.873662869797244 ], [ 13.802112853618869, 46.873578976326648 ], [ 13.801807041384965, 46.8733748186756 ], [ 13.801726001396224, 46.873320626330838 ], [ 13.801708837220186, 46.873323396735735 ], [ 13.80131851297212, 46.873386107149258 ], [ 13.80085808986526, 46.873460173228416 ], [ 13.800410198091299, 46.873811143098735 ], [ 13.800094669052196, 46.874443651725244 ], [ 13.799381174603168, 46.87497306212105 ], [ 13.798824944335415, 46.875271743507277 ], [ 13.798450589575657, 46.8754822148573 ], [ 13.798120889343442, 46.875667667259449 ], [ 13.798000471431012, 46.875792333469143 ], [ 13.797876279999468, 46.875920704197874 ], [ 13.79714889759283, 46.876668178014398 ], [ 13.796512239664604, 46.877405783104678 ], [ 13.79607687844597, 46.877104044117388 ], [ 13.795225380863018, 46.877550095032134 ], [ 13.794262508105032, 46.877481675638755 ], [ 13.793926576106735, 46.877451981854058 ], [ 13.793541609334925, 46.877417951436186 ], [ 13.792876936767291, 46.877496720092026 ], [ 13.792564222412162, 46.877469015553942 ], [ 13.791979553711558, 46.878068742201727 ], [ 13.790293889724445, 46.878073236974252 ], [ 13.789402272145006, 46.878711431231757 ], [ 13.788970340783679, 46.879044547156617 ], [ 13.788258612849745, 46.879593441304436 ], [ 13.78764235241346, 46.880068695518503 ], [ 13.787071268028635, 46.880564577576536 ], [ 13.786453993612344, 46.881100556519684 ], [ 13.785879773599651, 46.881599126431553 ], [ 13.785169699333897, 46.882233087993143 ], [ 13.785548756853137, 46.882797690069957 ], [ 13.785995361571526, 46.883506474084221 ], [ 13.785918897569839, 46.884069071055698 ], [ 13.786287148918252, 46.884706147506506 ], [ 13.78643497406782, 46.884961880858299 ], [ 13.786680000718736, 46.88532441755595 ], [ 13.78716284504023, 46.886110974351631 ], [ 13.787322553777605, 46.88637109494627 ], [ 13.788607240650357, 46.887163785878101 ], [ 13.78904139865041, 46.887424599896271 ], [ 13.789487141583805, 46.887704351295817 ], [ 13.789535304480376, 46.887734480390996 ], [ 13.79002418648979, 46.888192395458546 ], [ 13.790337648067666, 46.888824227283777 ], [ 13.790579154081296, 46.889421076842375 ], [ 13.790565299446603, 46.889443087808019 ], [ 13.790420942999646, 46.889674468271934 ], [ 13.790328370779704, 46.889822588404733 ], [ 13.790327296954757, 46.889835099902996 ], [ 13.790292595399119, 46.890241857761978 ], [ 13.790513887368711, 46.890608711211463 ], [ 13.790561688208463, 46.890703266743039 ], [ 13.790719176771338, 46.890793150237464 ], [ 13.790804120881578, 46.890841666042078 ], [ 13.791075518339344, 46.891356512413843 ], [ 13.792201920288333, 46.892175627191477 ], [ 13.79342544081171, 46.89306515036548 ], [ 13.793834398214287, 46.893927598527846 ], [ 13.793993810346821, 46.894263734967829 ], [ 13.79397543078194, 46.895015553558181 ], [ 13.793951745436873, 46.895985504357661 ], [ 13.793473325580456, 46.897062471772692 ], [ 13.793473131874205, 46.897062841476206 ], [ 13.792204725296338, 46.897905068116067 ], [ 13.79214638083479, 46.898293926475006 ], [ 13.792125650017367, 46.898432129173948 ], [ 13.792109513801984, 46.898539900145451 ], [ 13.792317148794664, 46.898687705229698 ], [ 13.792396134592019, 46.898743892315885 ], [ 13.792303606527147, 46.898989641746113 ], [ 13.792462181462682, 46.899202250743194 ], [ 13.792389172810328, 46.899397712483619 ], [ 13.792393424676977, 46.8994036339056 ], [ 13.792488835597311, 46.899537586733956 ], [ 13.793004089110543, 46.899963079946403 ], [ 13.793104112250941, 46.900660915891777 ], [ 13.793342247031708, 46.900675785397432 ], [ 13.793483705767834, 46.900836004393675 ], [ 13.79361727762724, 46.901556468471618 ], [ 13.794124613237399, 46.902186152689517 ], [ 13.794425723280449, 46.902331954052187 ], [ 13.79465478455036, 46.90291957819327 ], [ 13.794891499301247, 46.903526246392794 ], [ 13.79473210034925, 46.903705685358233 ], [ 13.79465747087915, 46.903789670399263 ], [ 13.794580241295979, 46.903876635306304 ], [ 13.794067709890708, 46.904453601127699 ], [ 13.793480436357354, 46.904905886523174 ], [ 13.793453439651948, 46.90492669150462 ], [ 13.793366480951034, 46.905042848492258 ], [ 13.793338301799441, 46.905063568268453 ], [ 13.793160227700994, 46.905194851740504 ], [ 13.79276359532661, 46.906090858688607 ], [ 13.792359995872111, 46.907002638867681 ], [ 13.792172099825889, 46.907427114182063 ], [ 13.792138746024333, 46.907502652206951 ], [ 13.79222274242132, 46.907803383806176 ], [ 13.792360936989633, 46.908298701638856 ], [ 13.792240940604596, 46.909334763374069 ], [ 13.791867807075434, 46.909611072112959 ], [ 13.791311230488182, 46.910023180791633 ], [ 13.791402094657162, 46.910648891638559 ], [ 13.79158760548507, 46.911927111773878 ], [ 13.79161677891728, 46.912128008247457 ], [ 13.791641772446059, 46.912300937960588 ], [ 13.791643237693558, 46.912303361482834 ], [ 13.792235987484796, 46.913327089663156 ], [ 13.792455904947843, 46.913491581201278 ], [ 13.793457842002729, 46.914241005828501 ], [ 13.793689710560953, 46.91478417077851 ], [ 13.793962466002847, 46.915423357285626 ], [ 13.794236486247799, 46.915374193728965 ], [ 13.79436929974581, 46.915350258636614 ], [ 13.794469008367386, 46.915370188245582 ], [ 13.794523334240875, 46.91538094463187 ], [ 13.794942103929579, 46.915684720091548 ], [ 13.795124862423361, 46.915817235185251 ], [ 13.795305291310967, 46.915847722560507 ], [ 13.795360261888964, 46.915857036245271 ], [ 13.795859818839061, 46.916027129019326 ], [ 13.79586502645801, 46.916188081366158 ], [ 13.796058387140683, 46.916406752201496 ], [ 13.796186499443241, 46.916551636029411 ], [ 13.796219521864698, 46.916588932657689 ], [ 13.796463191078489, 46.916703290798132 ], [ 13.796863506947258, 46.916891150895701 ], [ 13.797497267118631, 46.917013987936983 ], [ 13.797688131723278, 46.917050907326036 ], [ 13.798182574348656, 46.91705436855014 ], [ 13.798572015114928, 46.916943714704807 ], [ 13.798581184994383, 46.916941157619476 ], [ 13.798619303437588, 46.916930293503775 ], [ 13.79878512229053, 46.917181375553923 ], [ 13.799674510210782, 46.91740248759227 ], [ 13.800700762015905, 46.917954873307167 ], [ 13.800871365962108, 46.918046668567065 ], [ 13.800926409407854, 46.918048960850335 ], [ 13.801777940390391, 46.918084314657953 ], [ 13.802448090056625, 46.918399350286556 ], [ 13.802533675591002, 46.918603699727988 ], [ 13.802885614126513, 46.918871011160363 ], [ 13.803287699609987, 46.91901691086376 ], [ 13.803338588093625, 46.919024438037418 ], [ 13.803390660045277, 46.919032140237981 ], [ 13.803662459832866, 46.919072313010687 ], [ 13.804169806826661, 46.919092340890025 ], [ 13.804566894629055, 46.919177520537083 ], [ 13.80572329737422, 46.919425458255624 ], [ 13.806479985297379, 46.919587773718895 ], [ 13.806587087499341, 46.919610721161277 ], [ 13.806753292351235, 46.919531114617428 ], [ 13.80708975302036, 46.919369814320994 ], [ 13.807375788944922, 46.919371227400326 ], [ 13.807437848077939, 46.919232218988022 ], [ 13.807870446614713, 46.918262765907002 ], [ 13.807859008944826, 46.918246617455814 ], [ 13.80755685247977, 46.917820928641341 ], [ 13.807845999240561, 46.917803971612351 ], [ 13.808392774282128, 46.917975791213863 ], [ 13.808860538088132, 46.918122745494756 ], [ 13.809517677645037, 46.91832927854162 ], [ 13.809625401371271, 46.918363108047551 ], [ 13.810456540554009, 46.918334506842115 ], [ 13.810750077347942, 46.918543103193926 ], [ 13.812131551305734, 46.918597920250392 ], [ 13.812453161288262, 46.918948111740399 ], [ 13.812615625963884, 46.919125044715258 ], [ 13.812548725751164, 46.919220796221254 ], [ 13.813799042477239, 46.918477667075372 ], [ 13.813803120608602, 46.918478459600308 ], [ 13.813837055579802, 46.918484434320433 ], [ 13.813920316427447, 46.91849928778376 ], [ 13.816248872365158, 46.918914181951465 ], [ 13.817564007707956, 46.918344665741344 ], [ 13.818874404824889, 46.917777044040889 ], [ 13.818975672580089, 46.917692928804826 ], [ 13.819514456135499, 46.917245128106778 ], [ 13.821499079282766, 46.91630098448735 ], [ 13.821827772964312, 46.916144622543804 ], [ 13.821917986573293, 46.916101673093699 ], [ 13.822102969805188, 46.916040048880149 ], [ 13.82266616464042, 46.915852439413428 ], [ 13.823100144699254, 46.915707946229752 ], [ 13.823225543384135, 46.915664393733259 ], [ 13.823346885357443, 46.915622388299546 ], [ 13.823388379523708, 46.915607992018714 ], [ 13.823411417883346, 46.915600064123034 ], [ 13.823473594246334, 46.915578559921002 ], [ 13.824586724891542, 46.91523469495673 ], [ 13.825991686873218, 46.913933964189589 ], [ 13.826229981064934, 46.913930228363036 ], [ 13.826588668856104, 46.913924528277306 ], [ 13.826640660755698, 46.913923762034841 ], [ 13.826723373924576, 46.913922412089015 ], [ 13.827530113798945, 46.914046127601587 ], [ 13.828133822351257, 46.914138601430423 ], [ 13.828746688049124, 46.914354034526347 ], [ 13.828869604186321, 46.914397227226402 ], [ 13.829511766033971, 46.9145712273058 ], [ 13.82996962811834, 46.914695283100784 ], [ 13.830296791234396, 46.914856712186349 ], [ 13.830522509604549, 46.914968196794156 ], [ 13.8309686750409, 46.91509059028899 ], [ 13.831045296724021, 46.915111668949876 ], [ 13.831061374408483, 46.915117806936536 ], [ 13.831534087429615, 46.915298388576595 ], [ 13.831662170191263, 46.915402022053136 ], [ 13.832057798449021, 46.915721869529541 ], [ 13.832067325288897, 46.915729565867977 ], [ 13.83238801913569, 46.91540998480388 ], [ 13.832835815293281, 46.914963960634537 ], [ 13.832936278949338, 46.914908989852862 ], [ 13.832987360818803, 46.914881140759988 ], [ 13.833024463718052, 46.914860911609388 ], [ 13.833082468447905, 46.914829162804615 ], [ 13.83310206483039, 46.914818458736463 ], [ 13.83311120986254, 46.914813469501908 ], [ 13.83311891811876, 46.914809296423719 ], [ 13.833138122255011, 46.91479877403934 ], [ 13.833882254867849, 46.91439219897628 ], [ 13.834512123988333, 46.914235278917126 ], [ 13.835029964124693, 46.913547429948416 ], [ 13.835346855850901, 46.913356978433185 ], [ 13.83576678592436, 46.913593653828961 ], [ 13.835984933869023, 46.913889979969383 ], [ 13.836313181559923, 46.914150814785962 ], [ 13.836592913681171, 46.914168828326737 ], [ 13.836920329392969, 46.914452250070582 ], [ 13.837175988707811, 46.914673543911803 ], [ 13.837827251653655, 46.914613148748138 ], [ 13.838456106678258, 46.914419499431325 ], [ 13.838497145779158, 46.91441301786557 ], [ 13.839165032419956, 46.914306111214223 ], [ 13.839641968920692, 46.914541977972462 ], [ 13.839854380982384, 46.914646935007831 ], [ 13.840256438653483, 46.913321711373783 ], [ 13.840874967734925, 46.912116989677365 ], [ 13.841220457614657, 46.911803030942508 ], [ 13.841320183002447, 46.911727270601489 ], [ 13.841333609796344, 46.911717042660726 ], [ 13.841406090024627, 46.911662009818521 ], [ 13.841803421633172, 46.911359964084063 ], [ 13.843154852774278, 46.910775499394106 ], [ 13.843828575795513, 46.910461494776847 ], [ 13.84390321545443, 46.910426696090127 ], [ 13.844294189919294, 46.910244433562411 ], [ 13.844360985779845, 46.91021326914759 ], [ 13.84539031230811, 46.909986820816002 ], [ 13.845510645945433, 46.910006882299427 ], [ 13.846661382124134, 46.910198730469844 ], [ 13.846842607481241, 46.91022895231476 ], [ 13.847061689486534, 46.91039946104214 ], [ 13.847651488644546, 46.911688808392569 ], [ 13.847747534810487, 46.911898925626886 ], [ 13.847934193947605, 46.912110160916839 ], [ 13.847917891288226, 46.912379545208964 ], [ 13.848077865141171, 46.91247887632381 ], [ 13.848327141304413, 46.912633768918759 ], [ 13.848491226801828, 46.912954161727335 ], [ 13.849680074660588, 46.913831634248837 ], [ 13.849729274630599, 46.913867941922334 ], [ 13.849993452742389, 46.913987670767149 ], [ 13.850313157345076, 46.914132430054558 ], [ 13.850700112011406, 46.914575975103773 ], [ 13.851825741493057, 46.915601911280952 ], [ 13.851894636176558, 46.915664582044279 ], [ 13.851976295064471, 46.915810785824583 ], [ 13.852125984498876, 46.916079050976279 ], [ 13.852174631761899, 46.916166018916151 ], [ 13.852263509359508, 46.916325146572163 ], [ 13.852461983835065, 46.91668064848858 ], [ 13.853304683583271, 46.918014248394854 ], [ 13.853478528480734, 46.91803864493626 ], [ 13.853517059252068, 46.91804413680395 ], [ 13.853592278006042, 46.918054679060695 ], [ 13.854032150867349, 46.918116364483687 ], [ 13.854942762700162, 46.918186409909879 ], [ 13.856464090136972, 46.918303389193177 ], [ 13.857053321100684, 46.918395776343402 ], [ 13.860068822071387, 46.918868591501017 ], [ 13.860575992425083, 46.918948114748289 ], [ 13.861163417917853, 46.919187966460974 ], [ 13.861272243104134, 46.919355722360855 ], [ 13.861289115196055, 46.919375259423582 ], [ 13.861330834079236, 46.919423924259 ], [ 13.861497473655097, 46.919541831488232 ], [ 13.861526040411544, 46.919562033848557 ], [ 13.861608236223047, 46.919587115067444 ], [ 13.861883935034799, 46.919671220601394 ], [ 13.862006700359697, 46.919748120820458 ], [ 13.862176240922141, 46.919906594576943 ], [ 13.862237133009796, 46.919968306705286 ], [ 13.862331458764809, 46.9200641451663 ], [ 13.862286988907522, 46.92026725799299 ], [ 13.862289211205113, 46.920305849103926 ], [ 13.862400711164415, 46.920345819648858 ], [ 13.862443945263085, 46.920401405480519 ], [ 13.862493830529495, 46.920465508351974 ], [ 13.862508965566636, 46.920468766940992 ], [ 13.862576479178767, 46.920483118410608 ], [ 13.862818526259915, 46.920589783921507 ], [ 13.86284648404461, 46.920614667767687 ], [ 13.862893655441674, 46.920656738009811 ], [ 13.862968630706238, 46.920642260727973 ], [ 13.863063599309864, 46.920670520490035 ], [ 13.863096466618527, 46.920740011482394 ], [ 13.863156874944323, 46.920779320328947 ], [ 13.863173347525951, 46.920785002040496 ], [ 13.863225007622514, 46.920803026457087 ], [ 13.8633142733298, 46.920799279742035 ], [ 13.863390812459556, 46.920796762228584 ], [ 13.863427036670465, 46.920794523238648 ], [ 13.863517354026365, 46.92084358979789 ], [ 13.863553086666458, 46.920857909417158 ], [ 13.863572997005075, 46.920865914469864 ], [ 13.863692331049615, 46.920861576858542 ], [ 13.863782237614313, 46.920843070029562 ], [ 13.863907478691761, 46.920785796204846 ], [ 13.863957117123118, 46.920759109613648 ], [ 13.864044375979089, 46.92071218124179 ], [ 13.864131313030091, 46.920646178514545 ], [ 13.864217086381515, 46.920608344963114 ], [ 13.864359344310333, 46.920545592101888 ], [ 13.864573052189696, 46.920575723579837 ], [ 13.864744768690683, 46.920517151175311 ], [ 13.864995251403363, 46.920429325351847 ], [ 13.865124003484555, 46.920342520203739 ], [ 13.865212419039681, 46.920240697591304 ], [ 13.865354030921642, 46.920205480437907 ], [ 13.865575326580563, 46.920114641042659 ], [ 13.865663986057587, 46.920063565746339 ], [ 13.865703693372675, 46.919989505482718 ], [ 13.865938276541169, 46.919874938159424 ], [ 13.866336654158552, 46.919278655965869 ], [ 13.866421045003563, 46.919208074446331 ], [ 13.866454915432021, 46.91922006242558 ], [ 13.866569574190587, 46.919260643875667 ], [ 13.866846694296632, 46.919354898446322 ], [ 13.867032309636194, 46.919294817426241 ], [ 13.867183548147601, 46.919028393526538 ], [ 13.867205391745575, 46.918980421155581 ], [ 13.867258091316097, 46.918866527878528 ], [ 13.867299081060308, 46.918776624485922 ], [ 13.867419167971612, 46.918638478838865 ], [ 13.867480873555207, 46.91858455979375 ], [ 13.86753965816705, 46.918462089579251 ], [ 13.867566235812994, 46.918454046023214 ], [ 13.867594253409042, 46.918445545770879 ], [ 13.867645019669355, 46.918426950446367 ], [ 13.86766525136477, 46.918427754848551 ], [ 13.867680490342845, 46.918428312850224 ], [ 13.867708078444869, 46.918429352495323 ], [ 13.867720952832592, 46.918429831662351 ], [ 13.867763780819919, 46.91843151926404 ], [ 13.867822241739011, 46.918433762974018 ], [ 13.86804804605338, 46.918518268833381 ], [ 13.868137011426152, 46.918589563203312 ], [ 13.868513925078098, 46.918513010151095 ], [ 13.868779155630826, 46.918574203436002 ], [ 13.868857834027891, 46.918575811197229 ], [ 13.868956608355992, 46.918577773816722 ], [ 13.869313314086932, 46.918659318860151 ], [ 13.869633125007429, 46.918598148837248 ], [ 13.869865235826584, 46.918669574117331 ], [ 13.869881903310482, 46.918681552546538 ], [ 13.870062722966528, 46.918810537670922 ], [ 13.870305385289214, 46.918795261133454 ], [ 13.870369561075535, 46.918791177836525 ], [ 13.870378747803747, 46.918790594416521 ], [ 13.870463949713212, 46.918787941077717 ], [ 13.870846110236684, 46.918775961190512 ], [ 13.870880747866066, 46.918772827535463 ], [ 13.871014181536649, 46.918760766989735 ], [ 13.871057347458644, 46.918756872972246 ], [ 13.871206882792775, 46.918635859723466 ], [ 13.871233585232046, 46.918614227700012 ], [ 13.871357239483226, 46.918622098798927 ], [ 13.872655285773, 46.918705008687304 ], [ 13.876132225887064, 46.918927124758099 ], [ 13.876161502255014, 46.91892626467633 ], [ 13.876203513625498, 46.918925073637375 ], [ 13.876538775356517, 46.918731449120465 ], [ 13.876594744494794, 46.918695368663691 ], [ 13.87704509451873, 46.918404102113968 ], [ 13.877082927799181, 46.918379625904834 ], [ 13.878065378849245, 46.917715621871018 ], [ 13.878140065627901, 46.917776359417779 ], [ 13.878231967210727, 46.917851051060126 ], [ 13.878271430694081, 46.917883254185746 ], [ 13.878282157489926, 46.91789202066694 ], [ 13.878314336976969, 46.917918230128691 ], [ 13.878374589339575, 46.917967159546954 ], [ 13.879060825088903, 46.918525693616914 ], [ 13.879138826430076, 46.918346077213535 ], [ 13.879194119910219, 46.918218758708704 ], [ 13.879265193698703, 46.918055192075911 ], [ 13.879403544645417, 46.917946819043976 ], [ 13.87955427289544, 46.9178289382481 ], [ 13.879723391460425, 46.917762797221563 ], [ 13.879762435207603, 46.917766838025528 ], [ 13.879860242959289, 46.917777073990443 ], [ 13.879882329629462, 46.917779486911286 ], [ 13.879896002022925, 46.917780950630096 ], [ 13.879965683833506, 46.917712229486369 ], [ 13.88094706663907, 46.917523211408913 ], [ 13.881162656486573, 46.917557801531167 ], [ 13.881206589375756, 46.917564787550745 ], [ 13.88141889022762, 46.917598763227417 ], [ 13.881706661512835, 46.91756524799753 ], [ 13.881750600580069, 46.917560086435508 ], [ 13.881764645576391, 46.917559478578688 ], [ 13.882062730815498, 46.917545618212053 ], [ 13.882375073211069, 46.917500824735804 ], [ 13.882419344411392, 46.917566025908364 ], [ 13.882852246847612, 46.91767460318102 ], [ 13.883252946038404, 46.917614981920103 ], [ 13.883525856745493, 46.91754140296289 ], [ 13.883926840153576, 46.91743327853785 ], [ 13.884328702036633, 46.91702974300199 ], [ 13.88436886190703, 46.91698941649053 ], [ 13.884373794923803, 46.916983903701784 ], [ 13.884647366742232, 46.916683118475461 ], [ 13.884947961620391, 46.916506553846794 ], [ 13.885095708233933, 46.916204040477936 ], [ 13.885114994181787, 46.916164355219387 ], [ 13.885350159367166, 46.91601024326004 ], [ 13.885281220323911, 46.915643369339428 ], [ 13.885280381131581, 46.915638424508806 ], [ 13.8853279556507, 46.915515549564915 ], [ 13.885795522680631, 46.91486613226509 ], [ 13.885979759336802, 46.914613648810118 ], [ 13.886051615509567, 46.914515219751721 ], [ 13.886179178445772, 46.914457639878293 ], [ 13.886217603811431, 46.914440266146102 ], [ 13.88648501342065, 46.914319467130248 ], [ 13.886574411050969, 46.914279079401574 ], [ 13.886638321889897, 46.914250153583943 ], [ 13.886888475170016, 46.913985469316039 ], [ 13.887163828472522, 46.913682059743905 ], [ 13.887456641148789, 46.913365876875822 ], [ 13.88771099330363, 46.91315209909969 ], [ 13.888123236637185, 46.912805546576777 ], [ 13.888147785342642, 46.912792379222623 ], [ 13.889069402028031, 46.912298459490621 ], [ 13.889469103875175, 46.912210747050715 ], [ 13.889522946998367, 46.912198875292134 ], [ 13.889559308899649, 46.912172782447705 ], [ 13.890157261645006, 46.911744328274871 ], [ 13.890763753233404, 46.911492640336462 ], [ 13.890777873151075, 46.911486812124387 ], [ 13.890787939778386, 46.911482623499602 ], [ 13.891025487915559, 46.911384005761853 ], [ 13.891486977544115, 46.911191694751032 ], [ 13.89173301777325, 46.911089254508092 ], [ 13.891942362720313, 46.910855983203888 ], [ 13.892527691572827, 46.910204067309543 ], [ 13.893234588045761, 46.909826437748549 ], [ 13.894278854073949, 46.909268522816959 ], [ 13.894469773089376, 46.909070160401527 ], [ 13.89452445132617, 46.909013381886979 ], [ 13.894680302216091, 46.908851454907534 ], [ 13.895139052045604, 46.908589497595543 ], [ 13.8952429459976, 46.908406502094365 ], [ 13.895405203218811, 46.908254800093793 ], [ 13.895531837859656, 46.908235995741428 ], [ 13.895745518985096, 46.908204431862004 ], [ 13.895755613131303, 46.908202942067227 ], [ 13.895796139113502, 46.908186274467518 ], [ 13.895821501018755, 46.908175890788279 ], [ 13.895862942187144, 46.908158858699196 ], [ 13.896153685121996, 46.908039540414769 ], [ 13.896177653092003, 46.908021515243838 ], [ 13.896198493881499, 46.908005755114395 ], [ 13.896384107273276, 46.907865453150691 ], [ 13.896516725932232, 46.907866323666134 ], [ 13.896757145722182, 46.907867827729973 ], [ 13.897108460857341, 46.907616744330369 ], [ 13.897306400181268, 46.90747529973725 ], [ 13.897843344683483, 46.907494940776182 ], [ 13.898584982807629, 46.907045210014054 ], [ 13.898623608442342, 46.907035209428912 ], [ 13.898918992590005, 46.906958421585387 ], [ 13.899213700906905, 46.907077433796402 ], [ 13.902554078010168, 46.908425704132704 ], [ 13.90282981286486, 46.908536974047387 ], [ 13.902951491592749, 46.908582792293366 ], [ 13.904075473556617, 46.909005352991407 ], [ 13.904236175295138, 46.909065730088017 ], [ 13.906469829558256, 46.909905578706351 ], [ 13.91040133778862, 46.911389468001595 ], [ 13.911699363957954, 46.911879362440764 ], [ 13.912081084940791, 46.912049546153895 ], [ 13.912313048442174, 46.912153008499267 ], [ 13.912837409700082, 46.912386796843393 ], [ 13.914301044879, 46.912381911243131 ], [ 13.916126681054125, 46.912375685297043 ], [ 13.916185374326556, 46.912375563360463 ], [ 13.916264247650334, 46.912359680953209 ], [ 13.917677149634867, 46.912075443011133 ], [ 13.91922603061947, 46.911763760104861 ], [ 13.920147725806679, 46.911578309364586 ], [ 13.920510029471275, 46.911497789365868 ], [ 13.921245504391081, 46.91133426001381 ], [ 13.922042445659176, 46.91114881116976 ], [ 13.922401845138008, 46.91132834426115 ], [ 13.923346037264974, 46.911799789226556 ], [ 13.923479095405781, 46.911815652739833 ], [ 13.923696959286511, 46.911841691991086 ], [ 13.924404637840089, 46.912261451646017 ], [ 13.925187273676242, 46.912725625821437 ], [ 13.926943280647441, 46.912903419998926 ], [ 13.928731637903207, 46.913084436331339 ], [ 13.932612719872289, 46.913477168344976 ], [ 13.933206837482329, 46.913308460116262 ], [ 13.933429090007934, 46.913245286571751 ], [ 13.933647677725657, 46.913183211773443 ], [ 13.934210415351219, 46.91143397258341 ], [ 13.934262710517141, 46.911274339335158 ], [ 13.934265249079848, 46.911266587527095 ], [ 13.934277565264736, 46.911229360156206 ], [ 13.934369716290593, 46.910948131430999 ], [ 13.934397766312083, 46.910862410939714 ], [ 13.934538217693488, 46.910126343059773 ], [ 13.934636761896376, 46.909609420576338 ], [ 13.935210196067228, 46.908893368398914 ], [ 13.936023732525991, 46.908302549282006 ], [ 13.936370525648886, 46.908050737476252 ], [ 13.936511599803216, 46.907963425036229 ], [ 13.936875886227245, 46.90773788289912 ], [ 13.937177540228809, 46.907546956071393 ], [ 13.938359481191709, 46.907201603098201 ], [ 13.939084926431024, 46.906743593826086 ], [ 13.939506368882924, 46.906477426140953 ], [ 13.939624861793344, 46.906402557959737 ], [ 13.939886701669137, 46.906164237036577 ], [ 13.940196442929588, 46.905774671139994 ], [ 13.940351255738488, 46.90540806982559 ], [ 13.940364719632807, 46.904482095192897 ], [ 13.940320117936741, 46.903852198578392 ], [ 13.939962507446277, 46.903531082879539 ], [ 13.939919794840588, 46.903492619831795 ], [ 13.939727646900137, 46.902955923197361 ], [ 13.939391462564412, 46.902244354372414 ], [ 13.939167345006084, 46.901770004595839 ], [ 13.938984753270912, 46.901148943677228 ], [ 13.938479885151105, 46.900205403688702 ], [ 13.938331501870861, 46.900132681918443 ], [ 13.938175197816557, 46.900056043091695 ], [ 13.937803883407522, 46.900016003939506 ], [ 13.937532988236581, 46.899986765617527 ], [ 13.937249476170587, 46.899956244198677 ], [ 13.936901679362641, 46.899871446262928 ], [ 13.936787282895166, 46.899843531790623 ], [ 13.936669333098846, 46.89981482630111 ], [ 13.936471608983277, 46.899766659693313 ], [ 13.936448372312661, 46.89976660344346 ], [ 13.936424478277017, 46.899766460707696 ], [ 13.936339145203446, 46.899766195114765 ], [ 13.935906023538333, 46.899287372622901 ], [ 13.935550074087608, 46.898794731161125 ], [ 13.934854822044747, 46.897770664878792 ], [ 13.934532969699893, 46.897296555267779 ], [ 13.934453467399168, 46.89713807117699 ], [ 13.934298626799089, 46.896829358974145 ], [ 13.934227051132112, 46.896686849252404 ], [ 13.934127404450676, 46.896487980464954 ], [ 13.933970689372289, 46.896175678548168 ], [ 13.933808067739196, 46.895851620259009 ], [ 13.933418263720197, 46.895263142356526 ], [ 13.933111976753604, 46.894478782821452 ], [ 13.933010701224779, 46.89411129783344 ], [ 13.93298367961553, 46.893833310444521 ], [ 13.933033548401445, 46.89338962138693 ], [ 13.933069486735313, 46.893282354038746 ], [ 13.933320052732125, 46.892536076591092 ], [ 13.933538919617476, 46.891598307572011 ], [ 13.933713989448391, 46.890862777011193 ], [ 13.933957678732765, 46.89024169772096 ], [ 13.933979141012111, 46.890154662515563 ], [ 13.934034994701996, 46.889928334694361 ], [ 13.93434471820833, 46.889344156321229 ], [ 13.934532172085634, 46.888777092627478 ], [ 13.934541054178366, 46.888750051258157 ], [ 13.934806952293007, 46.888167993785508 ], [ 13.935305865476554, 46.887869576464681 ], [ 13.935351623355862, 46.887842159067127 ], [ 13.935550760465993, 46.88758996412993 ], [ 13.936042576486575, 46.886966930699707 ], [ 13.936480529341466, 46.886560315715016 ], [ 13.936637117645391, 46.886468871075444 ], [ 13.937086409009055, 46.886206432465329 ], [ 13.937578806881032, 46.886007378476712 ], [ 13.937919395068352, 46.885869779868315 ], [ 13.938719599734734, 46.885282699869713 ], [ 13.938725994359643, 46.885279516360761 ], [ 13.939246003936834, 46.885017050964528 ], [ 13.939609911058929, 46.884888230557976 ], [ 13.939758531951314, 46.884835605921666 ], [ 13.939812255214829, 46.884816602240093 ], [ 13.939811028893075, 46.884858719813927 ], [ 13.939808128154326, 46.884961223460259 ], [ 13.939936114732498, 46.885044220148671 ], [ 13.94023811327005, 46.885068426688392 ], [ 13.940323105269025, 46.885109902249425 ], [ 13.940660305344425, 46.885274648956212 ], [ 13.941057482351841, 46.88543916283249 ], [ 13.941323851757357, 46.885549579316852 ], [ 13.941407844917293, 46.885560915867714 ], [ 13.941548621686399, 46.885579865735728 ], [ 13.941737769833061, 46.885605304150104 ], [ 13.941877419423836, 46.885663401315661 ], [ 13.942073375971395, 46.88574477065022 ], [ 13.94223491969384, 46.885869605437605 ], [ 13.942356076181207, 46.885963073920443 ], [ 13.942511317695637, 46.88621373538259 ], [ 13.942919142402861, 46.88644738077933 ], [ 13.943302554458558, 46.886451525163551 ], [ 13.943956008258924, 46.886667917108774 ], [ 13.944842496232488, 46.886924528511273 ], [ 13.944932435244098, 46.886950497238473 ], [ 13.945096776836746, 46.886998109339999 ], [ 13.945618267979381, 46.887105337886524 ], [ 13.946320652803282, 46.887249737026231 ], [ 13.947172813062764, 46.887384412082959 ], [ 13.947683037641111, 46.886810357176387 ], [ 13.947781342563317, 46.886594499702774 ], [ 13.947976796972256, 46.886438042209328 ], [ 13.948528106031834, 46.886240780258618 ], [ 13.948589927794321, 46.886218579086389 ], [ 13.948774611601246, 46.886152519497401 ], [ 13.948850782298596, 46.886077331458345 ], [ 13.948868950285402, 46.886059506488571 ], [ 13.948944732213906, 46.88598477040226 ], [ 13.949732466706699, 46.885453108000156 ], [ 13.950678789862311, 46.884802610756729 ], [ 13.95090330618741, 46.884595870365388 ], [ 13.9513610311944, 46.884400274499939 ], [ 13.951627065315922, 46.884197895105956 ], [ 13.951639682867789, 46.884188198265889 ], [ 13.95167285613543, 46.884163002463957 ], [ 13.951775886566493, 46.884084606420807 ], [ 13.951838367464907, 46.884051692130548 ], [ 13.95220398622163, 46.883858755339745 ], [ 13.952455497711162, 46.883593016795473 ], [ 13.952668613148232, 46.883546681133694 ], [ 13.952725296049973, 46.883534403681438 ], [ 13.953003078850827, 46.883474036597285 ], [ 13.953075993110629, 46.883458160900915 ], [ 13.953138827859588, 46.883444499862648 ], [ 13.953400376784895, 46.883308726662726 ], [ 13.953701526414262, 46.882866170977969 ], [ 13.953785134575366, 46.882743248938631 ], [ 13.953816228621726, 46.882697458262143 ], [ 13.95381066706741, 46.882670674421909 ], [ 13.953778739092732, 46.882521031130914 ], [ 13.954130198090974, 46.882364517896391 ], [ 13.954420294854812, 46.882269167200604 ], [ 13.955084284397014, 46.88205091928932 ], [ 13.95530051417934, 46.881979816780941 ], [ 13.955429423640107, 46.881747227893641 ], [ 13.955573876186804, 46.881351238076299 ], [ 13.955678647944078, 46.881243135153589 ], [ 13.955749577150439, 46.881170040756366 ], [ 13.95576615733172, 46.880893258282882 ], [ 13.955774385428315, 46.880755182319263 ], [ 13.955913214793926, 46.879889972424344 ], [ 13.955970580213217, 46.879667134204993 ], [ 13.956178434285331, 46.878937055703744 ], [ 13.956263885414268, 46.878748345582551 ], [ 13.956298430612684, 46.878762372535554 ], [ 13.956361324378458, 46.878787941036521 ], [ 13.95658626458542, 46.878879293633517 ], [ 13.958723168233394, 46.879652056534695 ], [ 13.959728450649385, 46.880015602335121 ], [ 13.961049293734071, 46.87965052430097 ], [ 13.961090758681575, 46.879639136812521 ], [ 13.961096774608116, 46.879637393825355 ], [ 13.961157859812351, 46.879620588669731 ], [ 13.961352360761811, 46.879566781345382 ], [ 13.961454254501252, 46.879538592069395 ], [ 13.961882977212674, 46.87948321451394 ], [ 13.962130124338888, 46.879475993721655 ], [ 13.962343558809254, 46.879469859459746 ], [ 13.962509802782392, 46.879590230315848 ], [ 13.962566188032879, 46.87963103834258 ], [ 13.962620455783789, 46.879670328431651 ], [ 13.96266053459704, 46.879630514077235 ], [ 13.962772986894761, 46.879518672596497 ], [ 13.963715696751226, 46.879050746591474 ], [ 13.965029203894941, 46.87817115131481 ], [ 13.965538287248695, 46.877867143911786 ], [ 13.965692952434058, 46.877774769649477 ], [ 13.965747023046497, 46.87775323217722 ], [ 13.966306531727804, 46.877530192519515 ], [ 13.966362365025297, 46.877469323192287 ], [ 13.966619497990257, 46.877464016313496 ], [ 13.96672269063667, 46.877435275112987 ], [ 13.966816465764703, 46.877409105969811 ], [ 13.967049615842623, 46.877207953597932 ], [ 13.967217041098348, 46.877063496787905 ], [ 13.967334148545595, 46.876969170943745 ], [ 13.967562381098364, 46.87678514142425 ], [ 13.968317613620709, 46.876107670894591 ], [ 13.968398849036575, 46.875943539829073 ], [ 13.968616015999681, 46.875778556202548 ], [ 13.968556268380528, 46.875730931488214 ], [ 13.96843213714072, 46.875632018745812 ], [ 13.968051709584671, 46.875321557653002 ], [ 13.967792288365306, 46.875111915978707 ], [ 13.967781966238464, 46.875104595368448 ], [ 13.967528408263339, 46.874924344047272 ], [ 13.967517808791909, 46.874915765232302 ], [ 13.967388504300484, 46.874811841405048 ], [ 13.967425440940566, 46.874795258027213 ], [ 13.968014808082719, 46.87454846749548 ], [ 13.968029692703492, 46.874542265355927 ], [ 13.968502337626891, 46.874135870219732 ], [ 13.968562993440045, 46.874083790867623 ], [ 13.968864254393779, 46.874237137756189 ], [ 13.969067297082576, 46.874340555960075 ], [ 13.969167762627125, 46.874391730969599 ], [ 13.969294048387169, 46.87429762145603 ], [ 13.96942020464501, 46.874203692488898 ], [ 13.969472097816595, 46.874165069044587 ], [ 13.969576996955784, 46.874104102400196 ], [ 13.969911498412317, 46.873909572969431 ], [ 13.969949376816649, 46.873895053030878 ], [ 13.969873723087101, 46.87379002055323 ], [ 13.969887583324644, 46.873687184279646 ], [ 13.970057459379605, 46.873617573631336 ], [ 13.970133087696718, 46.873588804306998 ], [ 13.970198265876768, 46.873563962892987 ], [ 13.970275393002561, 46.873386266402086 ], [ 13.970252808484499, 46.873352020677878 ], [ 13.970054279032706, 46.87331867446732 ], [ 13.969987356466975, 46.873263442474048 ], [ 13.970061455889246, 46.873183662536285 ], [ 13.970032251195756, 46.873144415057254 ], [ 13.970014113893624, 46.873119952214765 ], [ 13.970379589753989, 46.873036463774099 ], [ 13.970462943095068, 46.873017368716418 ], [ 13.96999589675017, 46.872693724437198 ], [ 13.969539405644392, 46.872220740409588 ], [ 13.969385298071233, 46.87213819376467 ], [ 13.969352068643291, 46.872036521882791 ], [ 13.96931755230821, 46.872024838260977 ], [ 13.969267095209183, 46.872007755314939 ], [ 13.969029698104334, 46.871927475564618 ], [ 13.968861148352083, 46.871964954018722 ], [ 13.968632794797948, 46.871949768950401 ], [ 13.968570045451614, 46.871958129314933 ], [ 13.968129882146359, 46.872016746017501 ], [ 13.967976052288316, 46.872100390873442 ], [ 13.967719744717497, 46.872260913621055 ], [ 13.967756208725614, 46.87229292252777 ], [ 13.967720131409747, 46.872436554417376 ], [ 13.96768493051022, 46.872576672124765 ], [ 13.96766804186192, 46.872634894481592 ], [ 13.967599155516336, 46.872557716728338 ], [ 13.967519495249967, 46.872468271877722 ], [ 13.96744693316395, 46.872423957695375 ], [ 13.967389703029141, 46.87238900562113 ], [ 13.967294275190172, 46.872330692361409 ], [ 13.967118687066606, 46.872229006978117 ], [ 13.9667776848258, 46.872031427256566 ], [ 13.966664346424631, 46.871879183509542 ], [ 13.966466521528655, 46.871760975020443 ], [ 13.966376762996914, 46.871506110768955 ], [ 13.96630302575182, 46.871296507320032 ], [ 13.965846058800269, 46.871055842292485 ], [ 13.965280723453553, 46.8708818263853 ], [ 13.965170237692266, 46.870847800296296 ], [ 13.965100653829342, 46.870832981784083 ], [ 13.964944611724382, 46.870774464882615 ], [ 13.964828898744322, 46.870731109598538 ], [ 13.964786594536449, 46.870715328916106 ], [ 13.964623870615247, 46.870624365701744 ], [ 13.964587548282495, 46.870604052544067 ], [ 13.964553862729844, 46.870573736784998 ], [ 13.964435698538555, 46.870467408074326 ], [ 13.964358778490602, 46.870353830872524 ], [ 13.964391959778871, 46.87027518251783 ], [ 13.963985946421722, 46.870092353805738 ], [ 13.963874437949647, 46.869993905777605 ], [ 13.963892428319575, 46.869950884658422 ], [ 13.963921555782205, 46.869873338792416 ], [ 13.96367164711498, 46.869588050935661 ], [ 13.963536867654877, 46.86944105242582 ], [ 13.963257106418595, 46.869116248224749 ], [ 13.962933849783797, 46.868741025940487 ], [ 13.96268616915776, 46.868543455033304 ], [ 13.962670010641283, 46.868530587590882 ], [ 13.962659812115342, 46.868522456010062 ], [ 13.962656694758373, 46.868514015126024 ], [ 13.962619278046239, 46.868412004710692 ], [ 13.962479851403941, 46.868226518952987 ], [ 13.962465722999822, 46.868207791438259 ], [ 13.962420701416752, 46.868172769060273 ], [ 13.962262732770107, 46.868050192782853 ], [ 13.961932064204925, 46.867923986223737 ], [ 13.961798953565275, 46.867873166085261 ], [ 13.96166398368624, 46.86775370063603 ], [ 13.961323615968906, 46.867605770754651 ], [ 13.961314789723495, 46.867524836848091 ], [ 13.961324947048551, 46.867451625989901 ], [ 13.96133957213204, 46.867345637280081 ], [ 13.961348514054361, 46.867280621428449 ], [ 13.961401788431923, 46.867192324529285 ], [ 13.961501384097982, 46.867026926870338 ], [ 13.961516050871264, 46.867002370672743 ], [ 13.961519270078638, 46.866997223896462 ], [ 13.961521328757835, 46.866993793197487 ], [ 13.961534452035517, 46.866971855009318 ], [ 13.961879673959768, 46.866141844191453 ], [ 13.962029660194485, 46.865788825921463 ], [ 13.962816374191428, 46.863963869566135 ], [ 13.963411259606888, 46.862583941430593 ], [ 13.963567482864665, 46.861850626742559 ], [ 13.963583143241872, 46.861777205068343 ], [ 13.963596802495291, 46.861778568718869 ], [ 13.963656955262776, 46.861784532479469 ], [ 13.963771938739242, 46.861823393853669 ], [ 13.963887579325474, 46.861862341433117 ], [ 13.964183076950642, 46.861857275876581 ], [ 13.964325644315625, 46.861854771689487 ], [ 13.964445130538884, 46.861742169300548 ], [ 13.964444743692509, 46.861665237721041 ], [ 13.964444589183625, 46.861630056020097 ], [ 13.964443291081617, 46.86139872216355 ], [ 13.964443282593189, 46.861386934702836 ], [ 13.964443015036105, 46.861353283308937 ], [ 13.964083457895832, 46.860977907016888 ], [ 13.964022322107398, 46.860933167165093 ], [ 13.963990034619934, 46.860909592063642 ], [ 13.963909314961032, 46.860850564294743 ], [ 13.963791583447328, 46.860656951107735 ], [ 13.963638767811752, 46.860247668810587 ], [ 13.963549197979622, 46.859884014517469 ], [ 13.963479331183756, 46.859533567669693 ], [ 13.9631914700051, 46.858996363697351 ], [ 13.963061888129596, 46.858576513619234 ], [ 13.962978881038282, 46.858390174884534 ], [ 13.962884821122257, 46.858178702895103 ], [ 13.962880778726474, 46.858169637299945 ], [ 13.962872128682852, 46.857992692864464 ], [ 13.962860912529685, 46.857765103421976 ], [ 13.962909112294327, 46.857625814782544 ], [ 13.963010332575521, 46.857333443536781 ], [ 13.963017623931764, 46.857140213864177 ], [ 13.963024678100856, 46.856960212711499 ], [ 13.963024762463853, 46.856956253080149 ], [ 13.963021838579847, 46.856953030030681 ], [ 13.962979969081545, 46.856906472836748 ], [ 13.96273526883208, 46.856634561542059 ], [ 13.962727227915481, 46.85662011931818 ], [ 13.962461828040992, 46.85613911683491 ], [ 13.962351144151762, 46.85578565692358 ], [ 13.9623534610443, 46.855593084821756 ], [ 13.962075336098399, 46.855144545343627 ], [ 13.961872647494811, 46.854963729554392 ], [ 13.961730255205783, 46.854868330521377 ], [ 13.96170162360618, 46.854842934881844 ], [ 13.961501201050769, 46.854664985252825 ], [ 13.961344920876069, 46.854526292004586 ], [ 13.961275727010291, 46.854464769003357 ], [ 13.961252909848907, 46.854331723799177 ], [ 13.961256390959672, 46.854270967357316 ], [ 13.961263493859381, 46.854150263521433 ], [ 13.961258574252964, 46.854144622014225 ], [ 13.961249531526953, 46.854134144409173 ], [ 13.961096480594378, 46.853957640926481 ], [ 13.960926958853873, 46.853897124006778 ], [ 13.960857544017598, 46.85387240418352 ], [ 13.960794582370433, 46.853849898068674 ], [ 13.960756516229315, 46.853836341997344 ], [ 13.960264669439907, 46.853503618401753 ], [ 13.95995817747567, 46.853372953648346 ], [ 13.959560069428871, 46.853203203383153 ], [ 13.959299982834416, 46.853092345859842 ], [ 13.959188551957803, 46.853063718256536 ], [ 13.959089881161303, 46.853038259314076 ], [ 13.958790066831767, 46.852894957187388 ], [ 13.958316012899999, 46.852668394377304 ], [ 13.958030975164192, 46.852532117163868 ], [ 13.957802129294887, 46.852422793447971 ], [ 13.957417363199649, 46.852327106378446 ], [ 13.957250881879979, 46.852223016494527 ], [ 13.957296528316601, 46.851562575060555 ], [ 13.958393085194476, 46.850909112084437 ], [ 13.958687148147318, 46.85080931856416 ], [ 13.959024579939678, 46.850694707627405 ], [ 13.959398385630289, 46.850249124661886 ], [ 13.959327171994948, 46.849948082515724 ], [ 13.959315853444183, 46.849900095312321 ], [ 13.959522921540239, 46.849429339511495 ], [ 13.959604389977377, 46.849420070615544 ], [ 13.959608450178239, 46.849419598244253 ], [ 13.959968904570168, 46.849378821351422 ], [ 13.96046386097578, 46.849399744871057 ], [ 13.960499290186466, 46.849401258190497 ], [ 13.96053327574743, 46.849402689518072 ], [ 13.960714490012833, 46.849243408721527 ], [ 13.960802628844231, 46.84916580646744 ], [ 13.960922573354765, 46.849060493621913 ], [ 13.961105211968947, 46.848899854576587 ], [ 13.961164459619432, 46.84880801533469 ], [ 13.961546472669253, 46.848215800671426 ], [ 13.961559479270178, 46.84819548276743 ], [ 13.961587041738504, 46.848152768793575 ], [ 13.96159760436533, 46.848136513593211 ], [ 13.961674623110506, 46.848017041262537 ], [ 13.961992265019409, 46.847338800715988 ], [ 13.962338140323121, 46.847008718508114 ], [ 13.962352146097331, 46.846995323488734 ], [ 13.962360227837289, 46.846991139448193 ], [ 13.962382645605535, 46.846979317327758 ], [ 13.962641234993718, 46.846843268274014 ], [ 13.96291569080193, 46.846607251523878 ], [ 13.962936528955339, 46.846539469938676 ], [ 13.962570244657682, 46.846340219684741 ], [ 13.962248809382475, 46.846029412635673 ], [ 13.961589036237537, 46.845474835506835 ], [ 13.96098702774799, 46.844968883882601 ], [ 13.960839332778212, 46.844788301395269 ], [ 13.961121974199676, 46.844546034918693 ], [ 13.961478617987067, 46.84424055032148 ], [ 13.961518483472481, 46.843962377994963 ], [ 13.961562596502308, 46.84365520822027 ], [ 13.961563685439311, 46.843647463816602 ], [ 13.961817662085592, 46.843099329586444 ], [ 13.962006157491107, 46.842692378686841 ], [ 13.962028876304689, 46.842506171939263 ], [ 13.961826834333253, 46.842075925704123 ], [ 13.961588676463293, 46.841718674198816 ], [ 13.961364579267974, 46.841319143135415 ], [ 13.96087232099225, 46.840997672794408 ], [ 13.960846816947994, 46.840981077775361 ], [ 13.96082911227553, 46.84094752309332 ], [ 13.960704120611069, 46.840711746307598 ], [ 13.960311306518944, 46.839969961345446 ], [ 13.959742287512007, 46.839687243343853 ], [ 13.959294621762345, 46.839464858334132 ], [ 13.959031604809434, 46.839478370393088 ], [ 13.958981578914916, 46.839707288412114 ], [ 13.958932639656149, 46.839749580052917 ], [ 13.958069623740109, 46.84049444059729 ], [ 13.957590003784711, 46.840667331253798 ], [ 13.956663009589782, 46.841001591220781 ], [ 13.955345355190946, 46.841616482255077 ], [ 13.954547260333399, 46.842031538813281 ], [ 13.953643153377444, 46.842521854929686 ], [ 13.95341823182379, 46.842643841886378 ], [ 13.953234503266733, 46.842733479592518 ], [ 13.952538049565893, 46.843073190937169 ], [ 13.952227178502124, 46.843224799542313 ], [ 13.952210230439944, 46.843244688009811 ], [ 13.95218849849365, 46.843270451389351 ], [ 13.952180477133616, 46.843279853260114 ], [ 13.951946581720991, 46.84355566356254 ], [ 13.951817215316533, 46.843708348264563 ], [ 13.951021720147141, 46.844646783887661 ], [ 13.94997973030639, 46.84579639241035 ], [ 13.949090197902082, 46.846581009424895 ], [ 13.948691518936689, 46.846933473131521 ], [ 13.948289380707507, 46.847100323816754 ], [ 13.947908373691666, 46.84712101948206 ], [ 13.947839041837575, 46.84711356762746 ], [ 13.947620936219554, 46.847090186915985 ], [ 13.947448791495693, 46.847026424964781 ], [ 13.947423633993619, 46.847017023510162 ], [ 13.947336705783455, 46.846984832128854 ], [ 13.946864921505281, 46.846809858631715 ], [ 13.946727409862847, 46.846701277368417 ], [ 13.94661888419936, 46.846615663931011 ], [ 13.946480960388463, 46.846471182276275 ], [ 13.946304008804416, 46.846285700652452 ], [ 13.9462469272765, 46.846225812665701 ], [ 13.946230303588379, 46.846068976217396 ], [ 13.946146485403851, 46.845280838591229 ], [ 13.946138106205487, 46.845202240766447 ], [ 13.946137368774474, 46.845195136278321 ], [ 13.946134207932031, 46.845148363390862 ], [ 13.946040055378678, 46.84374643285399 ], [ 13.946037745443199, 46.84373942686026 ], [ 13.945739469368135, 46.842832415596263 ], [ 13.945736482149881, 46.842823523666077 ], [ 13.945672297408821, 46.842658666304736 ], [ 13.945500295094048, 46.842217791340175 ], [ 13.945415173167973, 46.84199959853094 ], [ 13.944704126526933, 46.841802425234761 ], [ 13.944491976577096, 46.841804650963688 ], [ 13.944329551690517, 46.841763327085246 ], [ 13.944230913030369, 46.841738215106638 ], [ 13.943668053898486, 46.841724065932411 ], [ 13.943556852267525, 46.841746980862204 ], [ 13.94327099770352, 46.841805839693222 ], [ 13.942348703473591, 46.841860926307213 ], [ 13.941872091447935, 46.841889314794372 ], [ 13.941264495819301, 46.841712619104761 ], [ 13.940818605612323, 46.841399091344343 ], [ 13.940675703239316, 46.841298450131205 ], [ 13.940538677507327, 46.840919466856775 ], [ 13.94051159754556, 46.840844568245998 ], [ 13.940513645718649, 46.840782650524922 ], [ 13.940525244302329, 46.840419606091118 ], [ 13.940531739915908, 46.840218644304407 ], [ 13.940504032234116, 46.839524771747847 ], [ 13.940497809616732, 46.839369948333413 ], [ 13.940493652611018, 46.839361872374567 ], [ 13.94044751586779, 46.83927159932454 ], [ 13.940255504670235, 46.838876714236385 ], [ 13.940132838257499, 46.838767595641635 ], [ 13.940087903387477, 46.838759738333472 ], [ 13.939937328748647, 46.838733101518862 ], [ 13.939019782821987, 46.838740086136184 ], [ 13.938685145180722, 46.838820699941607 ], [ 13.938176453581516, 46.838943364419755 ], [ 13.937185434247137, 46.839259360593005 ], [ 13.937059761168678, 46.839289454852469 ], [ 13.936110362977915, 46.839460620542461 ], [ 13.935403315036503, 46.839588018161415 ], [ 13.935048678317534, 46.839651991167798 ], [ 13.934785582436932, 46.840321226344606 ], [ 13.934398457135032, 46.84083023433768 ], [ 13.93420332299995, 46.840945636073506 ], [ 13.934029080294424, 46.840983363245535 ], [ 13.933954255641675, 46.840999597014957 ], [ 13.933859911342578, 46.841261851454703 ], [ 13.932429245088892, 46.842299263244904 ], [ 13.932353782822268, 46.84235230140397 ], [ 13.93241516170205, 46.842411273725368 ], [ 13.932103894025543, 46.842660637856774 ], [ 13.932053698317739, 46.842709942892469 ], [ 13.932036447271965, 46.842726860542676 ], [ 13.931866917543166, 46.842881264307003 ], [ 13.931525778276328, 46.843191971647904 ], [ 13.931092683398704, 46.843640834081455 ], [ 13.930720979416749, 46.843600685949795 ], [ 13.93031221488009, 46.843822575743381 ], [ 13.929986924027936, 46.84400407257106 ], [ 13.928995452757446, 46.844738048692655 ], [ 13.928738672424119, 46.844948784879662 ], [ 13.928735942738124, 46.844950958776089 ], [ 13.928386305545899, 46.844808918765118 ], [ 13.927977515785638, 46.844912745609122 ], [ 13.927727612060512, 46.844976235069048 ], [ 13.927727417684528, 46.844970567311627 ], [ 13.927725667199113, 46.844884195121466 ], [ 13.927599868459346, 46.844881166584742 ], [ 13.927457672957489, 46.844877774089149 ], [ 13.927383223039854, 46.844845951868237 ], [ 13.926783673854455, 46.844589683438542 ], [ 13.926343523009614, 46.844373877794133 ], [ 13.926167884895749, 46.844287696820004 ], [ 13.925215261268866, 46.843849078987908 ], [ 13.925174003191893, 46.843830038926562 ], [ 13.925003700944616, 46.843751656571662 ], [ 13.924706522172279, 46.843679155939427 ], [ 13.924552411106477, 46.843641629461914 ], [ 13.924420016818726, 46.843575735444212 ], [ 13.924145470684321, 46.843439048961741 ], [ 13.924066036920571, 46.843430465589819 ], [ 13.923687380810842, 46.843389520873345 ], [ 13.92349984403922, 46.843436029232464 ], [ 13.923342778687161, 46.843475000005832 ], [ 13.922917259637311, 46.843595722168928 ], [ 13.922761170036885, 46.843639995900595 ], [ 13.922538737608511, 46.843732934420281 ], [ 13.92222349154801, 46.843864507282596 ], [ 13.922209785378447, 46.843870247381801 ], [ 13.921722076745397, 46.844166930666439 ], [ 13.921298670397922, 46.844301672683002 ], [ 13.921220260807985, 46.844326554753756 ], [ 13.92120998805845, 46.844132430093666 ], [ 13.921196073974013, 46.843869759171774 ], [ 13.921184150561508, 46.843644869739833 ], [ 13.92100514144917, 46.843573095214907 ], [ 13.920939149121944, 46.843546623699325 ], [ 13.920855095496057, 46.843452040664801 ], [ 13.920851107997503, 46.843447202417664 ], [ 13.920773112477191, 46.843354927365773 ], [ 13.920763909897405, 46.843329060740267 ], [ 13.92074306505919, 46.843270141707784 ], [ 13.920463191519092, 46.843077416133355 ], [ 13.920295621596056, 46.842912901196328 ], [ 13.919965325925842, 46.84307118006484 ], [ 13.919936758103967, 46.843084915217425 ], [ 13.919764304020209, 46.843131789095565 ], [ 13.919580211735235, 46.843181692360382 ], [ 13.919436782788132, 46.843220677040314 ], [ 13.919359715343258, 46.842974079612901 ], [ 13.919348570819805, 46.842938505035896 ], [ 13.919278346297178, 46.842956324898495 ], [ 13.918725142669283, 46.842162410458101 ], [ 13.918419843592758, 46.841969811434133 ], [ 13.918147619257818, 46.841779650106929 ], [ 13.918143635092836, 46.841775081690898 ], [ 13.918002305601604, 46.84161078773144 ], [ 13.917941300530179, 46.841357267883559 ], [ 13.917863119177118, 46.841068024490589 ], [ 13.91778407062465, 46.840986550531426 ], [ 13.917746270796217, 46.840947604235879 ], [ 13.917694897977597, 46.840890641939019 ], [ 13.917682022009002, 46.840876401530437 ], [ 13.917568789693863, 46.840750833534827 ], [ 13.917370671688353, 46.840657106779751 ], [ 13.917539803769197, 46.840271926956909 ], [ 13.917476865475868, 46.840224472230119 ], [ 13.917529727969995, 46.840130349656306 ], [ 13.917656938527298, 46.840131672397796 ], [ 13.91774401967538, 46.840132662375154 ], [ 13.917788880771331, 46.839679738729401 ], [ 13.917632942206213, 46.839390356923111 ], [ 13.917617013241191, 46.839360745607827 ], [ 13.917583417253086, 46.839298472607865 ], [ 13.91778856315684, 46.838933532014146 ], [ 13.917780896044112, 46.838927902843835 ], [ 13.917735160575008, 46.83889457633375 ], [ 13.917611965628344, 46.838804782123333 ], [ 13.917363668533515, 46.838666414221734 ], [ 13.916702351529493, 46.838003430080953 ], [ 13.916512532644488, 46.83787618636029 ], [ 13.916343093329001, 46.837789868426675 ], [ 13.916285093464669, 46.837845865181144 ], [ 13.916148460009481, 46.837833701823264 ], [ 13.916098452315708, 46.837829190425282 ], [ 13.916094891494271, 46.837827319174401 ], [ 13.916072338646952, 46.837815377940814 ], [ 13.915994790325767, 46.837774476252733 ], [ 13.915852998434126, 46.837794192195261 ], [ 13.914774314903589, 46.837428570844502 ], [ 13.914745753232927, 46.837430697181006 ], [ 13.914636617104572, 46.837438906258193 ], [ 13.914581461221408, 46.837407156557241 ], [ 13.914523535288327, 46.837373891390023 ], [ 13.913782614852911, 46.83770405385188 ], [ 13.913464186274709, 46.837770832770865 ], [ 13.91325753515296, 46.837626303707999 ], [ 13.91317957918187, 46.837571815143832 ], [ 13.912781910314326, 46.837405678855731 ], [ 13.912647011938919, 46.837287595397044 ], [ 13.912379455934602, 46.837281586547839 ], [ 13.912210791435541, 46.837277860568655 ], [ 13.911827891371974, 46.837143048576216 ], [ 13.911508032454407, 46.837198761715399 ], [ 13.911504237918519, 46.837199500948529 ], [ 13.911228401565282, 46.837264166343736 ], [ 13.911213004802276, 46.83724696873422 ], [ 13.91101147009579, 46.837259155419162 ], [ 13.910778091762694, 46.83727312390851 ], [ 13.910273857972866, 46.837242763257741 ], [ 13.910188703607835, 46.837237618637381 ], [ 13.910179627415555, 46.837234965496222 ], [ 13.909917992589769, 46.837158106044058 ], [ 13.909690164110037, 46.837091151601385 ], [ 13.90968396666123, 46.837087943874344 ], [ 13.909579807695932, 46.837035026011293 ], [ 13.909406047842445, 46.836899500478935 ], [ 13.909352227007261, 46.836857483683893 ], [ 13.909196129672043, 46.83677891550817 ], [ 13.909028827817963, 46.836694825342704 ], [ 13.908791427158828, 46.836445437511934 ], [ 13.908384107286523, 46.836197002896739 ], [ 13.907946143800324, 46.835866660327305 ], [ 13.907479802187314, 46.835299361721489 ], [ 13.907424821451533, 46.835088546667208 ], [ 13.907445163841768, 46.834944294833605 ], [ 13.907462945742431, 46.83481796209049 ], [ 13.907355369047798, 46.834398479384291 ], [ 13.907388926085972, 46.834348999866464 ], [ 13.907285771154482, 46.834339895299081 ], [ 13.907278028004848, 46.834339214735394 ], [ 13.907417691691123, 46.834134700546031 ], [ 13.907409492238147, 46.834128173580375 ], [ 13.90728333471791, 46.834028485476871 ], [ 13.907167741772481, 46.833899230081791 ], [ 13.906983088399134, 46.833895127562151 ], [ 13.90691318785483, 46.833893592362934 ], [ 13.906512826407342, 46.833960317232631 ], [ 13.906357248742998, 46.83392889230884 ], [ 13.906062258841098, 46.833869559208964 ], [ 13.906046030961011, 46.833884578100054 ], [ 13.90594733731767, 46.833863482344022 ], [ 13.905582262324973, 46.833785336859094 ], [ 13.905521146138716, 46.83378375637114 ], [ 13.90551393235136, 46.833783522912114 ], [ 13.905484292492355, 46.833782773000486 ], [ 13.905011741184406, 46.833720195862817 ], [ 13.905011839471246, 46.833717136033108 ], [ 13.905012138984679, 46.833696169090146 ], [ 13.904760001109603, 46.833585597203118 ], [ 13.904366637393011, 46.833326550168671 ], [ 13.904136914377318, 46.833031583968037 ], [ 13.903538155630581, 46.832470876202564 ], [ 13.903532348549271, 46.832467306254905 ], [ 13.903262427172814, 46.832299053311921 ], [ 13.903254244869876, 46.832294055629532 ], [ 13.903219927036821, 46.832272633210309 ], [ 13.903261556275213, 46.832217625468019 ], [ 13.90329503949148, 46.832173276431575 ], [ 13.903546192218236, 46.831984401828151 ], [ 13.903628416892575, 46.831888158290639 ], [ 13.903642400698018, 46.831871711373573 ] ] ] } },
{ "type": "Feature", "properties": { "name": "Reichenau", "feature_type": "circle", "metric_roundness": 48.42, "metric_rectangularity": 53.81, "metric_mobile_fit": 67.0, "metric_aspect_ratio": 0.893, "metric_area_km2": 243.93 }, "geometry": { "type": "Polygon", "coordinates": [ [ [ 13.975424178790371, 46.852969607506104 ], [ 13.975268251184605, 46.848897239673533 ], [ 13.974800895754035, 46.844835726404078 ], [ 13.974023393487411, 46.840796203811713 ], [ 13.972937875464401, 46.836789750216909 ], [ 13.971547317014457, 46.832827355713107 ], [ 13.969855529561627, 46.828919891948466 ], [ 13.967867150177733, 46.825078082207 ], [ 13.965587628872447, 46.821312471872233 ], [ 13.963023213655227, 46.817633399355898 ], [ 13.960180933409926, 46.814050967573451 ], [ 13.957068578629135, 46.810575016046265 ], [ 13.953694680060975, 46.807215093709516 ], [ 13.950068485326899, 46.803980432502676 ], [ 13.946199933574619, 46.800879921817454 ], [ 13.942099628235592, 46.797922083876088 ], [ 13.937778807961742, 46.795115050110283 ], [ 13.933249315821103, 46.792466538608267 ], [ 13.928523566836789, 46.789983832694865 ], [ 13.923614513958288, 46.787673760706092 ], [ 13.918535612558312, 46.785542677016629 ], [ 13.913300783552572, 46.783596444374957 ], [ 13.9079243752435, 46.781840417597294 ], [ 13.902421123992566, 46.780279428667754 ], [ 13.896806113828916, 46.778917773287702 ], [ 13.891094735105122, 46.777759198913749 ], [ 13.885302642313265, 46.776806894319115 ], [ 13.879445711177093, 46.776063480708686 ], [ 13.873539995137731, 46.775531004413963 ], [ 13.867601681352344, 46.77521093118898 ], [ 13.861647046326256, 46.775104142123979 ], [ 13.855692411300168, 46.77521093118898 ], [ 13.849754097514781, 46.775531004413963 ], [ 13.84384838147542, 46.776063480708686 ], [ 13.837991450339247, 46.776806894319115 ], [ 13.83219935754739, 46.777759198913749 ], [ 13.826487978823595, 46.778917773287702 ], [ 13.820872968659947, 46.780279428667754 ], [ 13.815369717409013, 46.781840417597294 ], [ 13.809993309099941, 46.783596444374957 ], [ 13.8047584800942, 46.785542677016629 ], [ 13.799679578694224, 46.787673760706092 ], [ 13.794770525815723, 46.789983832694865 ], [ 13.79004477683141, 46.792466538608267 ], [ 13.785515284690771, 46.795115050110283 ], [ 13.78119446441692, 46.797922083876088 ], [ 13.777094159077894, 46.800879921817454 ], [ 13.773225607325614, 46.803980432502676 ], [ 13.769599412591537, 46.807215093709516 ], [ 13.766225514023375, 46.810575016046265 ], [ 13.763113159242586, 46.814050967573451 ], [ 13.760270878997286, 46.817633399355898 ], [ 13.757706463780066, 46.821312471872233 ], [ 13.755426942474779, 46.825078082207 ], [ 13.753438563090885, 46.828919891948466 ], [ 13.751746775638056, 46.832827355713107 ], [ 13.750356217188111, 46.836789750216909 ], [ 13.7492706991651, 46.840796203811713 ], [ 13.748493196898478, 46.844835726404078 ], [ 13.748025841467907, 46.848897239673533 ], [ 13.747869913862141, 46.852969607506104 ], [ 13.748025841467907, 46.857041666559098 ], [ 13.748493196898478, 46.861102256872869 ], [ 13.7492706991651, 46.865140252445563 ], [ 13.750356217188111, 46.869144591687082 ], [ 13.751746775638056, 46.873104307669337 ], [ 13.753438563090885, 46.877008558090623 ], [ 13.755426942474779, 46.880846654873068 ], [ 13.757706463780066, 46.884608093313169 ], [ 13.760270878997286, 46.888282580707362 ], [ 13.763113159242586, 46.891860064375827 ], [ 13.766225514023375, 46.895330759009831 ], [ 13.769599412591537, 46.898685173269833 ], [ 13.773225607325614, 46.90191413556407 ], [ 13.777094159077894, 46.905008818939336 ], [ 13.78119446441692, 46.907960765018622 ], [ 13.785515284690771, 46.910761906922716 ], [ 13.79004477683141, 46.913404591115849 ], [ 13.794770525815723, 46.915881598118403 ], [ 13.799679578694224, 46.918186162032775 ], [ 13.8047584800942, 46.920311988831877 ], [ 13.809993309099941, 46.922253273362777 ], [ 13.815369717409013, 46.924004715021717 ], [ 13.820872968659947, 46.925561532060073 ], [ 13.826487978823595, 46.926919474484521 ], [ 13.83219935754739, 46.928074835518323 ], [ 13.837991450339247, 46.929024461594231 ], [ 13.84384838147542, 46.929765760853719 ], [ 13.849754097514781, 46.93029671013052 ], [ 13.855692411300168, 46.930615860400906 ], [ 13.861647046326256, 46.930722340686692 ], [ 13.867601681352344, 46.930615860400906 ], [ 13.873539995137731, 46.93029671013052 ], [ 13.879445711177093, 46.929765760853719 ], [ 13.885302642313265, 46.929024461594231 ], [ 13.891094735105122, 46.928074835518323 ], [ 13.896806113828916, 46.926919474484521 ], [ 13.902421123992566, 46.925561532060073 ], [ 13.9079243752435, 46.924004715021717 ], [ 13.913300783552572, 46.922253273362777 ], [ 13.918535612558312, 46.920311988831877 ], [ 13.923614513958288, 46.918186162032775 ], [ 13.928523566836789, 46.915881598118403 ], [ 13.933249315821103, 46.913404591115849 ], [ 13.937778807961742, 46.910761906922716 ], [ 13.942099628235592, 46.907960765018622 ], [ 13.946199933574619, 46.905008818939336 ], [ 13.950068485326899, 46.90191413556407 ], [ 13.953694680060975, 46.898685173269833 ], [ 13.957068578629135, 46.895330759009831 ], [ 13.960180933409926, 46.891860064375827 ], [ 13.963023213655227, 46.888282580707362 ], [ 13.965587628872447, 46.884608093313169 ], [ 13.967867150177733, 46.880846654873068 ], [ 13.969855529561627, 46.877008558090623 ], [ 13.971547317014457, 46.873104307669337 ], [ 13.972937875464401, 46.869144591687082 ], [ 13.974023393487411, 46.865140252445563 ], [ 13.974800895754035, 46.861102256872869 ], [ 13.975268251184605, 46.857041666559098 ], [ 13.975424178790371, 46.852969607506104 ] ] ] } },
{ "type": "Feature", "properties": { "name": "Reichenau", "feature_type": "mrr", "metric_roundness": 48.42, "metric_rectangularity": 53.81, "metric_mobile_fit": 67.0, "metric_aspect_ratio": 0.893, "metric_area_km2": 243.93 }, "geometry": { "type": "Polygon", "coordinates": [ [ [ 13.827255538661216, 46.775653544057612 ], [ 13.772847068741484, 46.913399343515046 ], [ 13.942141172475441, 46.944633722255645 ], [ 13.996549642395172, 46.806968134748566 ], [ 13.827255538661216, 46.775653544057612 ] ] ] } }
]
}
