{
"type": "FeatureCollection",
"name": "pierbach",
"crs": { "type": "name", "properties": { "name": "urn:ogc:def:crs:OGC:1.3:CRS84" } },
"features": [
{ "type": "Feature", "properties": { "name": "Pierbach", "metric_roundness": 37.26, "metric_rectangularity": 58.82, "metric_mobile_fit": 93.18, "metric_aspect_ratio": 0.631, "metric_area_km2": 51.46 }, "geometry": { "type": "Polygon", "coordinates": [ [ [ 14.77687027468459, 48.396566378056953 ], [ 14.776836121367838, 48.396499507530471 ], [ 14.776806823213484, 48.396442023146903 ], [ 14.77680429571293, 48.396399861217816 ], [ 14.776801846016465, 48.396360487215247 ], [ 14.776777930330551, 48.396282874191876 ], [ 14.776727066216296, 48.396236812238804 ], [ 14.776596233535765, 48.39611832904523 ], [ 14.776458208674521, 48.396022875568441 ], [ 14.776420876416147, 48.395996977963172 ], [ 14.776394288425379, 48.395978504406642 ], [ 14.776359162103764, 48.395954198844677 ], [ 14.776318388603144, 48.39592600471336 ], [ 14.776295153720278, 48.395872763465583 ], [ 14.776283752661316, 48.395846634965892 ], [ 14.776277544358958, 48.395832317498517 ], [ 14.776265932636603, 48.395827693049583 ], [ 14.776219760873598, 48.395809371767228 ], [ 14.776294425974916, 48.395759507526002 ], [ 14.776251044901736, 48.395652357049372 ], [ 14.77623305518186, 48.395607957352865 ], [ 14.776225109761235, 48.395604007257177 ], [ 14.776169486833842, 48.395576176705681 ], [ 14.776036258274765, 48.39539105903566 ], [ 14.776133952284122, 48.395188510615299 ], [ 14.776073167900069, 48.395067630884583 ], [ 14.776070591655662, 48.395062444826841 ], [ 14.775936046296973, 48.394931771675282 ], [ 14.775842704728099, 48.394805986620362 ], [ 14.775787495401071, 48.394681529175628 ], [ 14.775822735797012, 48.394487130404656 ], [ 14.775944956091797, 48.394282479420653 ], [ 14.776001999830488, 48.394182093418685 ], [ 14.776116332844019, 48.394024051305436 ], [ 14.77613844924517, 48.393993639676069 ], [ 14.776183540689384, 48.393857055850646 ], [ 14.77623094185325, 48.393798442463748 ], [ 14.776285632619556, 48.393797765836901 ], [ 14.776299001473323, 48.393797600435327 ], [ 14.776392535534702, 48.39373661691706 ], [ 14.776420021630388, 48.393661426530016 ], [ 14.776430569548355, 48.393632777333359 ], [ 14.776437989138669, 48.393632415634777 ], [ 14.776476837571044, 48.393630405546091 ], [ 14.776545791636758, 48.393569636075064 ], [ 14.776515857458298, 48.393508650830086 ], [ 14.776502396111024, 48.393481288323187 ], [ 14.77644747397386, 48.393463975056903 ], [ 14.776308090736958, 48.393251764510197 ], [ 14.776041977216838, 48.392990291698148 ], [ 14.77599793855139, 48.392849772400517 ], [ 14.775960567452605, 48.392715827965986 ], [ 14.775941385985623, 48.392638336049508 ], [ 14.77593377144202, 48.392607482506484 ], [ 14.775916433690687, 48.392537974603364 ], [ 14.775870270562702, 48.392495632609233 ], [ 14.775858761670497, 48.392484979240166 ], [ 14.775854367418564, 48.392477566551626 ], [ 14.775838508653168, 48.392451403152577 ], [ 14.775836935103726, 48.392443415789131 ], [ 14.775819511118844, 48.392356275924712 ], [ 14.775859688906227, 48.392353529872004 ], [ 14.77597603615323, 48.392345343412025 ], [ 14.775987441111447, 48.392308676810124 ], [ 14.77600828354519, 48.392242295193434 ], [ 14.776088865214733, 48.392162579553336 ], [ 14.776097676761891, 48.392154013897652 ], [ 14.776107237269724, 48.39198341316596 ], [ 14.776114083605316, 48.391860797005208 ], [ 14.776121009760079, 48.391736200633311 ], [ 14.77618925854107, 48.39166959233637 ], [ 14.776230722911741, 48.391601606056433 ], [ 14.77625401697942, 48.391468170569098 ], [ 14.776247737698432, 48.39143676072355 ], [ 14.776212761638753, 48.391349927998334 ], [ 14.776244362493726, 48.391272167648964 ], [ 14.77645146410312, 48.391045503801941 ], [ 14.776545973810292, 48.390990625529163 ], [ 14.776557405879917, 48.390984006618893 ], [ 14.77661854938323, 48.390948433716602 ], [ 14.776660286847465, 48.390924166575005 ], [ 14.776738702126849, 48.390737869371186 ], [ 14.776859404045224, 48.390653518173373 ], [ 14.776864621006697, 48.390409649976256 ], [ 14.776840561734364, 48.390370363422662 ], [ 14.776842350814148, 48.390357026540478 ], [ 14.776854994319667, 48.390263127090357 ], [ 14.776818907930611, 48.390228487622352 ], [ 14.776835352824641, 48.390140118913102 ], [ 14.776922923301164, 48.390078668809302 ], [ 14.776909554246602, 48.389967458298457 ], [ 14.77690498697576, 48.389929639795923 ], [ 14.776973222326658, 48.389862671253191 ], [ 14.776977427798345, 48.389858480828323 ], [ 14.776978587349751, 48.389851629174828 ], [ 14.776989433403276, 48.389790139144104 ], [ 14.776993746819546, 48.389765615412095 ], [ 14.777038514566881, 48.389651526051424 ], [ 14.777046834112877, 48.389630191442386 ], [ 14.777073192682312, 48.38956311148673 ], [ 14.777171193660362, 48.389497933456731 ], [ 14.777213754270425, 48.38942093670309 ], [ 14.777233146396085, 48.389380122620224 ], [ 14.777247327566798, 48.389317151822588 ], [ 14.777336573569766, 48.389228691267554 ], [ 14.777469449045567, 48.389149946317886 ], [ 14.777707430239282, 48.389008993498834 ], [ 14.777727550501641, 48.388955575268781 ], [ 14.777766520993755, 48.38885163338832 ], [ 14.777776381214071, 48.388580718027917 ], [ 14.777969437440474, 48.38847567710215 ], [ 14.77804507060995, 48.388427058937026 ], [ 14.778199954187132, 48.388265902800562 ], [ 14.778405655452827, 48.38798500364048 ], [ 14.778440655451105, 48.387937248560185 ], [ 14.778568947698904, 48.387859008869412 ], [ 14.778677050205079, 48.387792984554878 ], [ 14.778686767400135, 48.387778199891386 ], [ 14.778732768413416, 48.387708446969931 ], [ 14.778973340308456, 48.387641230213696 ], [ 14.779088200327733, 48.387609218312996 ], [ 14.779308963585969, 48.387529201561108 ], [ 14.779401911426529, 48.387442942487972 ], [ 14.779461595443079, 48.387369870815988 ], [ 14.779388919813654, 48.387345402014937 ], [ 14.779412367992085, 48.387290322794883 ], [ 14.779457132007895, 48.387268176180534 ], [ 14.77950349362076, 48.387245200054437 ], [ 14.779484661951253, 48.387204499685623 ], [ 14.779641128282144, 48.387129238044736 ], [ 14.779620368084593, 48.387067869747739 ], [ 14.779672342508999, 48.387042754750553 ], [ 14.779691454551077, 48.386938878442223 ], [ 14.779768051631997, 48.386891056805368 ], [ 14.779875370311169, 48.386903400238609 ], [ 14.779772246564415, 48.386838195525819 ], [ 14.77975691254299, 48.386763175277778 ], [ 14.77979772085342, 48.386696185223606 ], [ 14.779973270039729, 48.386680332959344 ], [ 14.779989700317097, 48.386635146803663 ], [ 14.779948364834569, 48.38657700263029 ], [ 14.77995235315718, 48.386531251105708 ], [ 14.779952857258447, 48.386525127255084 ], [ 14.779999052011823, 48.386496215315503 ], [ 14.780000167333155, 48.386434665647215 ], [ 14.780073976836164, 48.386441756816765 ], [ 14.780089956933619, 48.386443267889156 ], [ 14.78003131541208, 48.386394154985133 ], [ 14.780036418663006, 48.386378617750616 ], [ 14.780047474727633, 48.386344114083073 ], [ 14.780098479506405, 48.386327827444049 ], [ 14.780113804895672, 48.386301097727575 ], [ 14.780119476642263, 48.386291401139083 ], [ 14.780154299025247, 48.386290519275704 ], [ 14.780201675678585, 48.386289391670545 ], [ 14.780256120651508, 48.386241574638468 ], [ 14.780303180531005, 48.386200146744095 ], [ 14.780322094055856, 48.386205130007426 ], [ 14.780359516059457, 48.386215101551223 ], [ 14.780391883704498, 48.386218208522862 ], [ 14.780434410481803, 48.386222358956871 ], [ 14.780481436530058, 48.386218356718089 ], [ 14.780564259514742, 48.386137260286525 ], [ 14.780584244913024, 48.386064680639009 ], [ 14.780566704316417, 48.386017037113355 ], [ 14.780568525038667, 48.385975900650095 ], [ 14.780662700770897, 48.385933707917623 ], [ 14.78063940803594, 48.385892883145502 ], [ 14.780765796670568, 48.385843453196813 ], [ 14.780764760056512, 48.385806400603826 ], [ 14.780858101078902, 48.385811629468705 ], [ 14.780963211329638, 48.385817521836962 ], [ 14.780966544606457, 48.385777356194623 ], [ 14.781012821169993, 48.385751411648755 ], [ 14.781014697763229, 48.385717111794165 ], [ 14.781062754643493, 48.385692044772036 ], [ 14.781115201623576, 48.385664584141203 ], [ 14.781150610432068, 48.385646061608114 ], [ 14.781140754631311, 48.385607589108602 ], [ 14.78112757361402, 48.38555647286605 ], [ 14.781111942564277, 48.385548120285414 ], [ 14.781082873470883, 48.385532557432654 ], [ 14.78110506901627, 48.385519686805168 ], [ 14.781111049156751, 48.385516193899143 ], [ 14.781124739491579, 48.385508286959208 ], [ 14.781172453104901, 48.385480615171176 ], [ 14.781154965015714, 48.385434860324821 ], [ 14.781230401415311, 48.38540360557375 ], [ 14.781162495657529, 48.385337155087704 ], [ 14.781206666061719, 48.385240794212379 ], [ 14.78128897161551, 48.385242651116897 ], [ 14.781322351750498, 48.385180610777248 ], [ 14.781302955429268, 48.385172844765115 ], [ 14.781231796501778, 48.3851445797632 ], [ 14.781296549618965, 48.385132170277068 ], [ 14.78132381946403, 48.385126883597835 ], [ 14.781267219883262, 48.385044548941984 ], [ 14.781342381291356, 48.38500349136158 ], [ 14.781374586440164, 48.385010468555798 ], [ 14.781405976468275, 48.385017275934025 ], [ 14.781461220380994, 48.385002915250361 ], [ 14.781437126934962, 48.38498657097567 ], [ 14.781407257124139, 48.38496651990841 ], [ 14.781412268992636, 48.384933260674501 ], [ 14.781364734834305, 48.384914238637926 ], [ 14.781381056008595, 48.384870043195974 ], [ 14.78135349716454, 48.384826392650162 ], [ 14.781278702069555, 48.384832269475091 ], [ 14.781278493366951, 48.384771725782748 ], [ 14.781307346351985, 48.384769928071862 ], [ 14.781357636548179, 48.384766784575504 ], [ 14.781356461095463, 48.38472478562705 ], [ 14.781257815229784, 48.384713325518845 ], [ 14.781297792633, 48.384674684053628 ], [ 14.781267482603999, 48.384638894582878 ], [ 14.781307063337016, 48.384537822487239 ], [ 14.781296654091474, 48.384426485388261 ], [ 14.781224956231986, 48.384330663530328 ], [ 14.78127706214312, 48.384305546111236 ], [ 14.781273738750619, 48.384302618540758 ], [ 14.781239409634138, 48.384272816641079 ], [ 14.781269981599591, 48.384211800764135 ], [ 14.781248018499427, 48.384112302535087 ], [ 14.781152493817624, 48.38405789039043 ], [ 14.781119058293783, 48.383963482641278 ], [ 14.781082888760347, 48.383930644742584 ], [ 14.78108502292474, 48.38392486049888 ], [ 14.78112230233571, 48.38381877897546 ], [ 14.781059866903677, 48.383711236542602 ], [ 14.781050080468754, 48.383694534628269 ], [ 14.781046814131114, 48.383688817434034 ], [ 14.781019445901606, 48.383671254223344 ], [ 14.781000466939275, 48.38365907470655 ], [ 14.781011006122634, 48.383635103189725 ], [ 14.781018246355469, 48.383618729672108 ], [ 14.780978966362788, 48.38351332876006 ], [ 14.780961156243791, 48.38346568859216 ], [ 14.780949922419127, 48.383435869775653 ], [ 14.780868675243807, 48.383365536309036 ], [ 14.780858314351978, 48.383308987098069 ], [ 14.780814894276785, 48.383287304793441 ], [ 14.780804760024228, 48.383282302600477 ], [ 14.780806432143688, 48.383279313004977 ], [ 14.780817904692213, 48.383259738191235 ], [ 14.780820871570421, 48.383254753297066 ], [ 14.780831314339105, 48.383236990561194 ], [ 14.780766582697687, 48.383216292510163 ], [ 14.780729146801972, 48.383171954723572 ], [ 14.78066409159303, 48.383158997606884 ], [ 14.780670343176004, 48.383107280207305 ], [ 14.780651635367006, 48.383042018027176 ], [ 14.780585700749926, 48.38297347352654 ], [ 14.780569003915994, 48.382955957690974 ], [ 14.780562641721307, 48.382916811993844 ], [ 14.780554960477081, 48.382869136008949 ], [ 14.780505402635576, 48.382816311975809 ], [ 14.780475365034027, 48.382799861346044 ], [ 14.780462747905176, 48.382793000676848 ], [ 14.780458494677577, 48.382790624411733 ], [ 14.780451636013266, 48.382786841044165 ], [ 14.780333668292762, 48.382779758367469 ], [ 14.780347964525323, 48.382735588159406 ], [ 14.780249255109986, 48.382678245967476 ], [ 14.780323679471014, 48.382610928384231 ], [ 14.780311625756484, 48.382503480028191 ], [ 14.78038082703309, 48.382466725293447 ], [ 14.780394799267542, 48.38245926474567 ], [ 14.780398261717275, 48.38245751244434 ], [ 14.780383197799306, 48.382440426140477 ], [ 14.780366173338141, 48.382420845149369 ], [ 14.780409771633142, 48.382333038198411 ], [ 14.780415912497162, 48.382320816734961 ], [ 14.780421278519352, 48.382309864394976 ], [ 14.780472032647248, 48.382299248408451 ], [ 14.780499691017813, 48.382293417286753 ], [ 14.780546944150101, 48.382263862135794 ], [ 14.780581187752844, 48.382242385343218 ], [ 14.780581279206981, 48.382207028022769 ], [ 14.780622100439563, 48.382184120103915 ], [ 14.780683110022053, 48.382187681141872 ], [ 14.780727614923903, 48.38211299766953 ], [ 14.78067290049216, 48.38207859053631 ], [ 14.780651179265305, 48.382064915598406 ], [ 14.780632484415976, 48.382043556079601 ], [ 14.780619090950376, 48.382028248366623 ], [ 14.780642688017631, 48.382017249655995 ], [ 14.780654152800908, 48.382011889388778 ], [ 14.780700679402926, 48.38199017012839 ], [ 14.780666001632056, 48.381957493504864 ], [ 14.78065546179206, 48.381947638231281 ], [ 14.780672058518894, 48.381893993095474 ], [ 14.78059881397146, 48.381819961499019 ], [ 14.78051744203928, 48.381865773962012 ], [ 14.780568888649952, 48.38168196696386 ], [ 14.780573798410833, 48.381664362875149 ], [ 14.78069047138295, 48.381630077511105 ], [ 14.780709234002193, 48.381624896543826 ], [ 14.780718616568299, 48.381622351025904 ], [ 14.780724914098409, 48.381620563521253 ], [ 14.780732819133245, 48.381618306237556 ], [ 14.780686623226817, 48.381569758846325 ], [ 14.780538502963767, 48.38161442062394 ], [ 14.780467515967842, 48.381654886203712 ], [ 14.780368694817113, 48.381680403138525 ], [ 14.780221872940103, 48.381718390991814 ], [ 14.780151468758275, 48.381716925516592 ], [ 14.780137280419517, 48.381716651743325 ], [ 14.779901074029674, 48.381649139892346 ], [ 14.7798695695998, 48.381647821402275 ], [ 14.779836580093306, 48.3816465213269 ], [ 14.779344369149401, 48.381822659973039 ], [ 14.779061236779327, 48.381868904122477 ], [ 14.779042625817326, 48.381869854593639 ], [ 14.778875817242747, 48.38187893993404 ], [ 14.778863409092622, 48.381879543584191 ], [ 14.778769920917251, 48.381878453410643 ], [ 14.778675752682615, 48.381877191662255 ], [ 14.778651063199026, 48.381873269351949 ], [ 14.778493150560692, 48.381847877315678 ], [ 14.778459858273783, 48.381826068624079 ], [ 14.778454630022114, 48.381822624793315 ], [ 14.778340171296053, 48.381747663166607 ], [ 14.778333406680215, 48.381616668253479 ], [ 14.778352308449067, 48.381485895045266 ], [ 14.778418105068056, 48.38137559241801 ], [ 14.778602120291074, 48.381252488910739 ], [ 14.77862054700798, 48.381240115255395 ], [ 14.778628634164505, 48.381234707087337 ], [ 14.778741721684824, 48.381159084281499 ], [ 14.778710328875809, 48.381074726540163 ], [ 14.778587498582359, 48.38099977895628 ], [ 14.778539337390365, 48.38098715106964 ], [ 14.778501241978121, 48.380977097351625 ], [ 14.778288871062832, 48.380921432111705 ], [ 14.778227382779622, 48.380915176826583 ], [ 14.778007703667521, 48.380892798670658 ], [ 14.777899692542446, 48.380835839662232 ], [ 14.777785598831901, 48.380628714610616 ], [ 14.777758569665547, 48.380579658746257 ], [ 14.777748467178641, 48.38056125113539 ], [ 14.777697252216226, 48.380468232156225 ], [ 14.777608623589472, 48.380307303299233 ], [ 14.777598764706489, 48.380297619248552 ], [ 14.777541711844252, 48.380242187856446 ], [ 14.777430819348407, 48.380043209589324 ], [ 14.777420872165397, 48.380025519743924 ], [ 14.777392682406836, 48.379988083632114 ], [ 14.777312746654163, 48.379882105378016 ], [ 14.777305930111677, 48.379845933952843 ], [ 14.777324649683738, 48.379723079998548 ], [ 14.777327261884814, 48.379719898877106 ], [ 14.777412414444317, 48.379616014416314 ], [ 14.777550107746764, 48.379604322868651 ], [ 14.777586536889423, 48.379525692147489 ], [ 14.777554835372891, 48.379449524699069 ], [ 14.777538750990731, 48.379434519860155 ], [ 14.777504777035439, 48.379402733237079 ], [ 14.777433501373682, 48.379336052406025 ], [ 14.777254454860623, 48.379245066217031 ], [ 14.777205021354707, 48.379215810044705 ], [ 14.77710506497267, 48.379161809372256 ], [ 14.776951630404367, 48.379151384016865 ], [ 14.776903057265823, 48.379148116919744 ], [ 14.776529562149411, 48.379091654400902 ], [ 14.776467379120772, 48.379089455231707 ], [ 14.776428178796806, 48.379088141120008 ], [ 14.776406951544313, 48.379092092406331 ], [ 14.776301630252854, 48.379112018623175 ], [ 14.776232732354183, 48.379169279249552 ], [ 14.776123711830291, 48.379259963469934 ], [ 14.776044331163762, 48.379290004372955 ], [ 14.77593635351451, 48.379330924933335 ], [ 14.775865769284929, 48.379318033601756 ], [ 14.775613570903634, 48.379272122690857 ], [ 14.77548274022635, 48.379244142541033 ], [ 14.775382612888921, 48.379222709807216 ], [ 14.775123092188924, 48.379204777510523 ], [ 14.775098181542337, 48.379197708427753 ], [ 14.774915907007101, 48.37914580336097 ], [ 14.774827591634985, 48.379107220755699 ], [ 14.774742959981204, 48.378958475568197 ], [ 14.774757081769099, 48.378903062566557 ], [ 14.774752735234497, 48.37883429318623 ], [ 14.774752044634273, 48.378824045730077 ], [ 14.774739387839363, 48.378621781261963 ], [ 14.7747885579127, 48.378457437320705 ], [ 14.774818324234321, 48.378357658127662 ], [ 14.774597167293503, 48.378107230979907 ], [ 14.774564918200294, 48.377933637532351 ], [ 14.774238695320438, 48.377605429256889 ], [ 14.774182148942469, 48.377548550539188 ], [ 14.774049091137041, 48.377357939811375 ], [ 14.774012099836584, 48.377304957753573 ], [ 14.773830802045822, 48.376860971904556 ], [ 14.773737941449641, 48.376498840826613 ], [ 14.773728235780096, 48.376470351887413 ], [ 14.773723082921412, 48.376455031544907 ], [ 14.773550855234921, 48.376297921257134 ], [ 14.773453032012512, 48.376208624897778 ], [ 14.773379908913405, 48.376152850191517 ], [ 14.773084952884151, 48.375821733445584 ], [ 14.772995406502659, 48.375758064466645 ], [ 14.772992374127693, 48.375755852787719 ], [ 14.772389086103411, 48.375466776366117 ], [ 14.772371567132316, 48.375458355970132 ], [ 14.772152829843842, 48.375279506396275 ], [ 14.772043119289302, 48.375189905746609 ], [ 14.771410288128166, 48.374862593945117 ], [ 14.771311964646902, 48.374672451278158 ], [ 14.770866367569839, 48.374386370089418 ], [ 14.77074084484428, 48.374305869729689 ], [ 14.770606632898415, 48.374243109489811 ], [ 14.770562987216065, 48.374222595755015 ], [ 14.770463954973335, 48.374162370502894 ], [ 14.770370827330973, 48.374105670984903 ], [ 14.770347912136982, 48.374097406769337 ], [ 14.7703400029327, 48.374094625379435 ], [ 14.769926568348749, 48.373945250800233 ], [ 14.769579939290917, 48.373925860812889 ], [ 14.769516780412653, 48.373922320561149 ], [ 14.769364356399773, 48.373942820900474 ], [ 14.769317945478379, 48.373949150317976 ], [ 14.769295237652422, 48.373948350433281 ], [ 14.769135077985167, 48.373943125815465 ], [ 14.769000915113413, 48.373857691986387 ], [ 14.768916112728997, 48.373774888938499 ], [ 14.768913338143934, 48.373772224156156 ], [ 14.768883915085681, 48.373743527787859 ], [ 14.768848937913461, 48.373709321975468 ], [ 14.768845379788852, 48.373366869258376 ], [ 14.768891125778321, 48.373214894952824 ], [ 14.768797645625602, 48.373086946292787 ], [ 14.768817162329807, 48.372928907441434 ], [ 14.768781279634313, 48.372784145809355 ], [ 14.768901049010319, 48.372355697246519 ], [ 14.76913043564697, 48.372150271177425 ], [ 14.769188010755338, 48.372098641874544 ], [ 14.769212253659882, 48.372076931612135 ], [ 14.769203490826955, 48.372004437780312 ], [ 14.769158415270265, 48.371630558559055 ], [ 14.769073107768193, 48.371422350560096 ], [ 14.768755644330724, 48.371183264377329 ], [ 14.768724337817355, 48.371159629188192 ], [ 14.768588216546744, 48.370935133045833 ], [ 14.768560107960424, 48.370900212811115 ], [ 14.768382806745951, 48.370680631686994 ], [ 14.768384446464795, 48.370603421493264 ], [ 14.768235126396881, 48.370399509464121 ], [ 14.76820267451467, 48.370173826718172 ], [ 14.768212746876808, 48.370040374518616 ], [ 14.768162736335036, 48.36998979994884 ], [ 14.768109389205319, 48.36993575778618 ], [ 14.768098134439414, 48.369924290813415 ], [ 14.768072853081572, 48.369898781991992 ], [ 14.768001246886069, 48.369843615026269 ], [ 14.767643009430291, 48.36971127637181 ], [ 14.767360300694243, 48.369663564317726 ], [ 14.76724084342451, 48.369616182725892 ], [ 14.767120188993161, 48.369457349024991 ], [ 14.767006170909712, 48.369333340026813 ], [ 14.766918183874214, 48.369232671609765 ], [ 14.766882697013603, 48.368975178146485 ], [ 14.766964963404618, 48.368898595776081 ], [ 14.767002741863525, 48.368863494603573 ], [ 14.76700380980744, 48.368828934876113 ], [ 14.76700685535026, 48.368734164181234 ], [ 14.766981167875761, 48.368679331498242 ], [ 14.766855011041725, 48.368536219092107 ], [ 14.766816677771702, 48.368492787518107 ], [ 14.766808350669747, 48.368479755012636 ], [ 14.766793395866054, 48.368456547985652 ], [ 14.766790576838419, 48.368452264326194 ], [ 14.766783804199406, 48.36844173172662 ], [ 14.766781407529059, 48.368438072628962 ], [ 14.766773125281052, 48.368426658941075 ], [ 14.766717243982496, 48.368349256378266 ], [ 14.766599629571694, 48.368280529757904 ], [ 14.766458409217064, 48.368197968715272 ], [ 14.766351202293684, 48.368139369918779 ], [ 14.766249813560128, 48.36801781390011 ], [ 14.7661514540357, 48.367878857293697 ], [ 14.766250115024048, 48.367814129191771 ], [ 14.766270886203174, 48.367808475956153 ], [ 14.766297148876351, 48.367801225804257 ], [ 14.766316445319761, 48.367795950549393 ], [ 14.76633922611485, 48.367789732806578 ], [ 14.766364686411087, 48.367782762398242 ], [ 14.766450506792244, 48.36777118142691 ], [ 14.76652754403688, 48.367759348518305 ], [ 14.766679567525413, 48.367749382464964 ], [ 14.766826741953693, 48.367739835703823 ], [ 14.766898057961034, 48.367726183636833 ], [ 14.766905911655144, 48.367722128586557 ], [ 14.767058395827256, 48.367645942032993 ], [ 14.767081937771021, 48.367623341126347 ], [ 14.767225011737853, 48.36748042598407 ], [ 14.767352500225416, 48.367345169488104 ], [ 14.767465030210364, 48.367254809555611 ], [ 14.767501481957133, 48.367225482270065 ], [ 14.767473456161309, 48.367159342820486 ], [ 14.767537862547965, 48.367086398346153 ], [ 14.76758342437958, 48.367059388003206 ], [ 14.767641744220892, 48.367020165328306 ], [ 14.767658843722126, 48.367008709279581 ], [ 14.767666820896375, 48.366989628471323 ], [ 14.767678085440755, 48.366962500311217 ], [ 14.767682231881457, 48.366931861130084 ], [ 14.767674986843231, 48.366889666645811 ], [ 14.76766462451749, 48.36688601561444 ], [ 14.767628351404294, 48.366873057128274 ], [ 14.767604173949515, 48.366848344296031 ], [ 14.767583615366352, 48.3668275453999 ], [ 14.767577955545757, 48.366779213771956 ], [ 14.767636711232077, 48.366755729635258 ], [ 14.767638475023068, 48.366702448543933 ], [ 14.767638532729565, 48.366699658913163 ], [ 14.767612827172668, 48.366688009836189 ], [ 14.767576869396791, 48.366671808708084 ], [ 14.767593923380838, 48.366634353287246 ], [ 14.767585053852738, 48.366591998850943 ], [ 14.767583734301983, 48.366558997862676 ], [ 14.767524663232798, 48.366590582724292 ], [ 14.767520271583404, 48.366592885886988 ], [ 14.767463344388451, 48.366570285297442 ], [ 14.767417614211244, 48.366552225117175 ], [ 14.767433515455306, 48.366521891150363 ], [ 14.767452868933228, 48.366484587388378 ], [ 14.767430866910152, 48.36642143261848 ], [ 14.767387185852209, 48.366379866301891 ], [ 14.767350160227259, 48.366344605621634 ], [ 14.767347386120957, 48.366341940793347 ], [ 14.767430931239895, 48.366248338792431 ], [ 14.767542303306474, 48.366228345745192 ], [ 14.767609607901266, 48.366216182005068 ], [ 14.767620057703244, 48.366218122625497 ], [ 14.767655880973059, 48.366224609152837 ], [ 14.767675151007602, 48.366228150575566 ], [ 14.767672847140268, 48.366188864130045 ], [ 14.76767078790707, 48.366153533142779 ], [ 14.7676309682038, 48.366114888250941 ], [ 14.76760932268874, 48.366093832834814 ], [ 14.767537311050033, 48.366023826292391 ], [ 14.767541038038244, 48.365987794352016 ], [ 14.767544467282869, 48.365955634578434 ], [ 14.767622814826259, 48.365898622240771 ], [ 14.767644478858706, 48.365905732818938 ], [ 14.767710741652246, 48.365914453762883 ], [ 14.767723478350064, 48.365916096336839 ], [ 14.767799768572598, 48.365926133281334 ], [ 14.767808423587182, 48.36589741783154 ], [ 14.767815588610624, 48.365873398908377 ], [ 14.76781880859498, 48.365862923316655 ], [ 14.767904769331896, 48.365866273721984 ], [ 14.767908119636321, 48.36585075847114 ], [ 14.767911127358834, 48.365837496566868 ], [ 14.767930203890018, 48.365751255031803 ], [ 14.768000205397492, 48.365797445296948 ], [ 14.768005018958325, 48.365800624800364 ], [ 14.768090905384124, 48.365757463957834 ], [ 14.768099161996336, 48.365704642703264 ], [ 14.76810146242196, 48.365690219950437 ], [ 14.768103425261975, 48.365678230414034 ], [ 14.768128622841287, 48.365656958359651 ], [ 14.76814946376372, 48.365639248570631 ], [ 14.76816856873009, 48.365641712359476 ], [ 14.768205151599302, 48.365646390060711 ], [ 14.768226153571637, 48.365649100384324 ], [ 14.768223997924984, 48.36562978439359 ], [ 14.768222746490613, 48.365618734074062 ], [ 14.76822113038069, 48.36560426956445 ], [ 14.768219331933745, 48.365588097959652 ], [ 14.768242773237624, 48.365591138113324 ], [ 14.768262420546542, 48.365593685175675 ], [ 14.76829172401305, 48.365579289863348 ], [ 14.768306508212332, 48.365572000608346 ], [ 14.768362712157499, 48.365597758474678 ], [ 14.768370081038249, 48.365585972274175 ], [ 14.768425564946821, 48.365498112868501 ], [ 14.768432158918058, 48.365487595717077 ], [ 14.768426298054637, 48.365485598673118 ], [ 14.768402989570804, 48.365477608832741 ], [ 14.768403893493048, 48.365451777677507 ], [ 14.768496490536819, 48.365436423129495 ], [ 14.768505694013751, 48.365422635095342 ], [ 14.768556370556311, 48.365346440324188 ], [ 14.768621955300869, 48.365316124171599 ], [ 14.768717969644202, 48.365326637360184 ], [ 14.768729817468881, 48.365310837508041 ], [ 14.768751043544635, 48.365282686891078 ], [ 14.768961231642999, 48.365272091443472 ], [ 14.769055598710137, 48.365237821937001 ], [ 14.769100377781498, 48.365221616424009 ], [ 14.769222680297489, 48.365177196466789 ], [ 14.76928856952623, 48.365143277567519 ], [ 14.769374158910486, 48.365099219747236 ], [ 14.769438862565003, 48.365080969325504 ], [ 14.769451051982383, 48.365077490430849 ], [ 14.769471814227888, 48.365071566814663 ], [ 14.769502221522826, 48.365062915365648 ], [ 14.769507784374392, 48.365020113313214 ], [ 14.769512544712162, 48.364982449169041 ], [ 14.7694877227857, 48.364949107979086 ], [ 14.76945925208943, 48.364910773682418 ], [ 14.769517482002291, 48.364897641029152 ], [ 14.769562731423559, 48.364859478002828 ], [ 14.76958502868259, 48.364840760378492 ], [ 14.76957500056008, 48.364800489521841 ], [ 14.769653578136456, 48.364766504025404 ], [ 14.769672893649499, 48.364747373298044 ], [ 14.769716778405158, 48.364703829104016 ], [ 14.769733573563768, 48.364710639432317 ], [ 14.769777261000844, 48.36472809412512 ], [ 14.769820384545659, 48.364652261724316 ], [ 14.769888968619984, 48.364642509923797 ], [ 14.770189319232331, 48.364460946462273 ], [ 14.770348305312607, 48.364454128407651 ], [ 14.770410470996701, 48.364436898335121 ], [ 14.770415697080283, 48.364435484423225 ], [ 14.770430703013735, 48.364431340940506 ], [ 14.7705132331076, 48.364408461816254 ], [ 14.770696785510726, 48.364357707193392 ], [ 14.770701206799616, 48.364356483123359 ], [ 14.770701534263122, 48.364353690159653 ], [ 14.770709688371179, 48.364282696916497 ], [ 14.770771793874678, 48.364258450090986 ], [ 14.770787154660994, 48.36425250287806 ], [ 14.770794632609766, 48.36424953176742 ], [ 14.77090195629002, 48.364161751474192 ], [ 14.770919116648649, 48.36414768516665 ], [ 14.770945766711748, 48.364139889355343 ], [ 14.77099799211627, 48.364124490900437 ], [ 14.771043876471859, 48.364133551247171 ], [ 14.771100040770184, 48.36411414568628 ], [ 14.771103474827303, 48.364111404366732 ], [ 14.771157629909062, 48.364068272704948 ], [ 14.771163453294895, 48.364064062464365 ], [ 14.771174307782941, 48.364056281513072 ], [ 14.7712948891068, 48.363969506846608 ], [ 14.771406072460698, 48.363928370475513 ], [ 14.771451726898766, 48.363914582292502 ], [ 14.771535135472554, 48.363889352485614 ], [ 14.771594845794469, 48.363871252406234 ], [ 14.771636293833083, 48.363866422625648 ], [ 14.77174691187224, 48.363853542028373 ], [ 14.771820280608017, 48.363826546636865 ], [ 14.771871093282988, 48.363789483557497 ], [ 14.771898752682988, 48.363769439773129 ], [ 14.771928853520611, 48.363667227444296 ], [ 14.771932487355949, 48.36364253207644 ], [ 14.771935203981448, 48.363623695779388 ], [ 14.771936226152503, 48.363616755827934 ], [ 14.772052606381891, 48.36352463425925 ], [ 14.77205709753172, 48.363521070173249 ], [ 14.772358477943019, 48.363479024509488 ], [ 14.772650017514538, 48.363393826210732 ], [ 14.77271789132927, 48.363344046870289 ], [ 14.772728120843848, 48.363347789059432 ], [ 14.772795241302786, 48.363372870210306 ], [ 14.772786225515931, 48.363325389840512 ], [ 14.772840229037426, 48.363310868233491 ], [ 14.772900484072666, 48.363336663870015 ], [ 14.772942839331277, 48.363354763597243 ], [ 14.772976571619074, 48.363349218939618 ], [ 14.773006005204017, 48.363344447090761 ], [ 14.773058465722135, 48.363390941003608 ], [ 14.773110252602937, 48.36338409371325 ], [ 14.773147111480514, 48.363379320074642 ], [ 14.773225053700585, 48.363395450690682 ], [ 14.773231728991199, 48.363387901097653 ], [ 14.773267467135829, 48.363347694883707 ], [ 14.773295875173416, 48.363315766068098 ], [ 14.773330232456624, 48.363318130544883 ], [ 14.773409763813353, 48.363323445551998 ], [ 14.773426533827759, 48.363324497875382 ], [ 14.773431944720722, 48.363324880850719 ], [ 14.773463865237423, 48.363327005498334 ], [ 14.773470955700548, 48.363329526890809 ], [ 14.773541018080735, 48.363353581648227 ], [ 14.77357850897846, 48.363342412516666 ], [ 14.77359671833673, 48.363336969518663 ], [ 14.773662188015944, 48.363317267781312 ], [ 14.773701685734743, 48.363305444052799 ], [ 14.77371508501313, 48.363326060490358 ], [ 14.773729466560473, 48.363348014269562 ], [ 14.773763326785716, 48.36335677230845 ], [ 14.773819895479566, 48.363371367350105 ], [ 14.773851056437222, 48.363438366366857 ], [ 14.773913223062056, 48.363440656880357 ], [ 14.773928226131332, 48.36344128114284 ], [ 14.773941604676711, 48.363441745550688 ], [ 14.774033507532977, 48.363445287851924 ], [ 14.774092297674677, 48.363447530038698 ], [ 14.774097298699104, 48.363447738118722 ], [ 14.774101217541427, 48.363447869609715 ], [ 14.774245557447211, 48.363453372567292 ], [ 14.774348637999742, 48.363426817944038 ], [ 14.774397430340834, 48.363414249312264 ], [ 14.774424506917498, 48.363407257108271 ], [ 14.77452074941804, 48.363382406251006 ], [ 14.77464899047988, 48.363149159470545 ], [ 14.774657464525662, 48.363133490656686 ], [ 14.774673911461512, 48.363035674735237 ], [ 14.774678803650273, 48.363012583076355 ], [ 14.774689042142764, 48.362953619042926 ], [ 14.77469112078145, 48.362940998170856 ], [ 14.774738685170224, 48.362666195166867 ], [ 14.774744230394575, 48.36265686014594 ], [ 14.774753256684287, 48.362641634318543 ], [ 14.77476901138874, 48.362635321831888 ], [ 14.774822948223674, 48.362613602871178 ], [ 14.774960059342183, 48.362558377637612 ], [ 14.7749571025735, 48.362515230765375 ], [ 14.774903445831175, 48.362537306188912 ], [ 14.774922448281471, 48.362511880825672 ], [ 14.775097109842958, 48.36222956785609 ], [ 14.775134033112362, 48.362193214879838 ], [ 14.775260705895802, 48.362097723863904 ], [ 14.775503836686578, 48.361985947489742 ], [ 14.775665660279582, 48.361805093600083 ], [ 14.775696829780681, 48.361736693928599 ], [ 14.775756315567769, 48.361613784557427 ], [ 14.775753364951379, 48.361561191220048 ], [ 14.775753039527588, 48.361554357864655 ], [ 14.775752280915052, 48.361536823968329 ], [ 14.775739798713047, 48.361229386164624 ], [ 14.775739123565998, 48.361224536378856 ], [ 14.775737540579374, 48.361211331029509 ], [ 14.775731898823095, 48.361163899024575 ], [ 14.775728076007894, 48.361142984353847 ], [ 14.775715029991234, 48.3610720729951 ], [ 14.775715125620428, 48.360983455714397 ], [ 14.775729868738434, 48.360863349138562 ], [ 14.77573086064948, 48.360860188067726 ], [ 14.775739080876084, 48.360835435767548 ], [ 14.775741199648822, 48.360829111955482 ], [ 14.775743935545076, 48.360820711297542 ], [ 14.775758253321449, 48.3607919250489 ], [ 14.775803499392879, 48.360720022374785 ], [ 14.775844744770177, 48.360654736682385 ], [ 14.775908757821085, 48.360568387124864 ], [ 14.775956904362097, 48.360489161265875 ], [ 14.776073674617304, 48.360300137587409 ], [ 14.776194585714823, 48.360090190478495 ], [ 14.776257902202065, 48.359969212546467 ], [ 14.776281322541465, 48.359927988232904 ], [ 14.776348978928699, 48.359856167714121 ], [ 14.776618843042183, 48.35986119303292 ], [ 14.776875375188261, 48.359872230618386 ], [ 14.777058863130296, 48.359848995893316 ], [ 14.777137963097855, 48.35983901948611 ], [ 14.777318399807251, 48.359749967280877 ], [ 14.777336092270289, 48.359740571584481 ], [ 14.777398085824267, 48.359707775724253 ], [ 14.777424691948081, 48.359693681324224 ], [ 14.777472319056422, 48.359668530575867 ], [ 14.777490011463698, 48.359659134855804 ], [ 14.777572890828855, 48.35961528422424 ], [ 14.777588644576104, 48.359589628723832 ], [ 14.777612923567913, 48.359550192794195 ], [ 14.777658640532803, 48.359475944372896 ], [ 14.777838844111526, 48.35927218795149 ], [ 14.777974380402725, 48.359127102724976 ], [ 14.778015880154634, 48.359008193454258 ], [ 14.778017947784207, 48.358995212762785 ], [ 14.778023616485909, 48.358961315389045 ], [ 14.778028059425335, 48.358917357048583 ], [ 14.777962505362508, 48.358716106612903 ], [ 14.777939473314072, 48.358645409140792 ], [ 14.777845216179212, 48.358528182518803 ], [ 14.777658144361279, 48.358461497248761 ], [ 14.777612595437381, 48.358401424808221 ], [ 14.777480361179286, 48.358321284556887 ], [ 14.777454122262229, 48.358304966022096 ], [ 14.777421383359433, 48.358287918328422 ], [ 14.77731431447609, 48.358229147816289 ], [ 14.777267603282155, 48.358161262624265 ], [ 14.777220280800778, 48.357960145738687 ], [ 14.777074502567567, 48.357747653298048 ], [ 14.776934837291742, 48.357676870960333 ], [ 14.776887213461821, 48.357643993589008 ], [ 14.776768424040409, 48.357561796730906 ], [ 14.776576411122157, 48.357462963219312 ], [ 14.776439866049666, 48.357392681453199 ], [ 14.776349353531675, 48.357336943827541 ], [ 14.776220105240638, 48.357257215025314 ], [ 14.776108086672991, 48.357166027069667 ], [ 14.776069688132715, 48.357081484793866 ], [ 14.776070507409823, 48.357076976364688 ], [ 14.776087268082133, 48.356990581694987 ], [ 14.776122286455928, 48.356939317534987 ], [ 14.776129155179577, 48.356929066372132 ], [ 14.776188118062235, 48.35687480678687 ], [ 14.776347624794376, 48.35672771716564 ], [ 14.776468219444311, 48.356603600594255 ], [ 14.776745372885886, 48.356473676452595 ], [ 14.776815916160418, 48.356384546305414 ], [ 14.776821148053701, 48.356325284015711 ], [ 14.776822066607236, 48.356314656675515 ], [ 14.776812800208754, 48.356234072133311 ], [ 14.776726223927273, 48.35606285992381 ], [ 14.776591963768062, 48.355885580702186 ], [ 14.776469558927952, 48.355813954304715 ], [ 14.776383822924799, 48.355740614222398 ], [ 14.776324743555289, 48.355592092474396 ], [ 14.776359580022197, 48.35558761267022 ], [ 14.776428180944984, 48.355578936202214 ], [ 14.776455857648239, 48.355569416974639 ], [ 14.776466417563309, 48.355565687579187 ], [ 14.776482462349049, 48.355560180912533 ], [ 14.776492490025003, 48.355556728002909 ], [ 14.776571708696528, 48.355468929980972 ], [ 14.776629133751648, 48.355320854803679 ], [ 14.776651766017023, 48.355295024218726 ], [ 14.776660925864674, 48.35528465467258 ], [ 14.776614974240083, 48.355205154176858 ], [ 14.776611815956578, 48.35520807219666 ], [ 14.776608111285862, 48.355167183624403 ], [ 14.776599225843013, 48.35506635200143 ], [ 14.776516915380672, 48.355004485210074 ], [ 14.776532962091665, 48.354940950545014 ], [ 14.776647868479175, 48.354908309372206 ], [ 14.776780736641349, 48.354750123187948 ], [ 14.776893337196579, 48.354654174361507 ], [ 14.776988058940578, 48.354589934947732 ], [ 14.777089720885597, 48.354488993365713 ], [ 14.777079032304753, 48.35443001820709 ], [ 14.777077597163487, 48.354422118989952 ], [ 14.777027811724826, 48.354408431174711 ], [ 14.777016794112319, 48.354405418856146 ], [ 14.777016838759838, 48.354402179531803 ], [ 14.777017218015111, 48.354372216199259 ], [ 14.777017557638557, 48.354345672060354 ], [ 14.777017646933386, 48.354339193411484 ], [ 14.776997381451192, 48.354338544800541 ], [ 14.776958064912408, 48.354337232524379 ], [ 14.776948471916043, 48.354336901528129 ], [ 14.776973548516443, 48.354297095873235 ], [ 14.776903713029066, 48.354261434807661 ], [ 14.776848936231421, 48.354233324240603 ], [ 14.776836064194136, 48.35422673624052 ], [ 14.776822919781036, 48.354220061646906 ], [ 14.776822201151299, 48.3541797658375 ], [ 14.776756244749571, 48.354176714248581 ], [ 14.776801518036903, 48.354149613559905 ], [ 14.776806297979057, 48.354146765412274 ], [ 14.776797850780197, 48.354134274818925 ], [ 14.77676068816872, 48.354079496069723 ], [ 14.776779773420316, 48.354047501725873 ], [ 14.77678235176106, 48.354043151428236 ], [ 14.776745892281943, 48.354023270724753 ], [ 14.776710791577129, 48.354023075708 ], [ 14.776624827569794, 48.353994721540616 ], [ 14.776589712064787, 48.353969786055174 ], [ 14.776544680699265, 48.353937776088394 ], [ 14.776512194220023, 48.353915147134643 ], [ 14.776478500154711, 48.353912145687161 ], [ 14.776496592625351, 48.353897796994779 ], [ 14.776543264391465, 48.353862762086081 ], [ 14.776569964616714, 48.353842458999871 ], [ 14.77661435994543, 48.35380808201392 ], [ 14.776796940635386, 48.353694982687529 ], [ 14.776856411671249, 48.353668785698545 ], [ 14.777002691533363, 48.353604447365861 ], [ 14.777151644667548, 48.35356337689241 ], [ 14.777208840084036, 48.353547553990751 ], [ 14.777505429958579, 48.353432770998751 ], [ 14.777656184297792, 48.353330500717739 ], [ 14.777753470142709, 48.353169605415324 ], [ 14.777810547205004, 48.353023782896599 ], [ 14.77795206322936, 48.352808179641947 ], [ 14.778057859354792, 48.352618569352572 ], [ 14.77816935894187, 48.352406036871891 ], [ 14.778176411183145, 48.352392724437429 ], [ 14.778135888656312, 48.35226592499501 ], [ 14.778004674604462, 48.352110561103181 ], [ 14.77787487046241, 48.351996024141407 ], [ 14.777710060735988, 48.351865277214593 ], [ 14.777672027602039, 48.351817976676621 ], [ 14.777581976885827, 48.351705915547434 ], [ 14.777676487466163, 48.351576272756056 ], [ 14.777716987126189, 48.351412032667241 ], [ 14.777725843291405, 48.351376296360591 ], [ 14.777725302451827, 48.35136658673602 ], [ 14.777713401824856, 48.351177085902435 ], [ 14.777708817577103, 48.351119204612608 ], [ 14.777694799498702, 48.350940885789889 ], [ 14.777407033409045, 48.350931137232848 ], [ 14.777017399470077, 48.350917881840594 ], [ 14.776993759641243, 48.350917185082963 ], [ 14.776833425639476, 48.350912873677409 ], [ 14.776573994547473, 48.350956031938935 ], [ 14.776480483803793, 48.350971494629832 ], [ 14.776423220377472, 48.350979940855453 ], [ 14.776302646805068, 48.350997807756343 ], [ 14.776128717533258, 48.350994833282698 ], [ 14.776002244707593, 48.350985063389345 ], [ 14.77592149012027, 48.350978775870502 ], [ 14.775765846886346, 48.350953892683876 ], [ 14.775538911068059, 48.350845683491563 ], [ 14.77552591513343, 48.350839456746932 ], [ 14.775520717762548, 48.350837002022644 ], [ 14.775485138226014, 48.350819539122327 ], [ 14.775333784900633, 48.350745120989146 ], [ 14.775217639213173, 48.350616647304783 ], [ 14.775086254067377, 48.350551608137017 ], [ 14.775082463574671, 48.350473654531214 ], [ 14.775077339477388, 48.350367198205923 ], [ 14.775102299302993, 48.350153580032497 ], [ 14.775136838224197, 48.350124003708224 ], [ 14.775204724165784, 48.350065675468336 ], [ 14.775579605181928, 48.349820916981621 ], [ 14.775867003229408, 48.34965299163003 ], [ 14.775947401344364, 48.349602964842099 ], [ 14.776046105495405, 48.34954146559793 ], [ 14.77584622659344, 48.34932874134217 ], [ 14.775736636148849, 48.349227176783508 ], [ 14.775604920943529, 48.3490872005681 ], [ 14.77557163957011, 48.348677367295224 ], [ 14.775515470072371, 48.348681391236447 ], [ 14.775249441262998, 48.348700517471393 ], [ 14.775303336778613, 48.348546998212697 ], [ 14.775340775610774, 48.348485897785309 ], [ 14.775424184523917, 48.348350186361081 ], [ 14.775527461316258, 48.348283322912096 ], [ 14.775608991745676, 48.348230403376796 ], [ 14.775802209565629, 48.348160627077213 ], [ 14.775852779492388, 48.348159101394302 ], [ 14.77594609648621, 48.348156236778657 ], [ 14.776066787179253, 48.348152493370435 ], [ 14.776157858545179, 48.348156223913755 ], [ 14.776362568039856, 48.348164664849847 ], [ 14.776576634940575, 48.348150498003562 ], [ 14.776662316137449, 48.348144848473467 ], [ 14.776664908222264, 48.348078061516112 ], [ 14.776672696507623, 48.347873292142943 ], [ 14.776401132373447, 48.34782924345842 ], [ 14.776095271305195, 48.347779771009485 ], [ 14.775999145153659, 48.347764137515902 ], [ 14.776035836623354, 48.347685952519868 ], [ 14.775693785417078, 48.347563064930746 ], [ 14.775433126097596, 48.347469487640936 ], [ 14.775335221530934, 48.34741420056563 ], [ 14.775224979207149, 48.34735204872571 ], [ 14.774750412021159, 48.347084243351382 ], [ 14.774247743849653, 48.346800679645227 ], [ 14.773832406247093, 48.34662885169854 ], [ 14.773799910914585, 48.346615398640708 ], [ 14.773893826405761, 48.346411004151655 ], [ 14.773979372776587, 48.346352098284008 ], [ 14.774210803837343, 48.346273485184341 ], [ 14.774337164799553, 48.346182676146185 ], [ 14.77437953308743, 48.34608534860908 ], [ 14.774432572005326, 48.346036830657567 ], [ 14.774505219920451, 48.345970346817104 ], [ 14.774511942844018, 48.345964595797298 ], [ 14.774520114777161, 48.34595756732876 ], [ 14.774565846072901, 48.345918046344437 ], [ 14.77462686683115, 48.345865381091826 ], [ 14.774752401619249, 48.345817675573699 ], [ 14.774855228402396, 48.345691170598492 ], [ 14.775059130040338, 48.345569172761074 ], [ 14.775099553862155, 48.345489322410963 ], [ 14.775267634641988, 48.345365338327881 ], [ 14.775355310817933, 48.345334564442517 ], [ 14.775510748791513, 48.345246093167319 ], [ 14.775540442749898, 48.345188057301343 ], [ 14.775551729567505, 48.345176581856471 ], [ 14.775639268437802, 48.345087601317118 ], [ 14.775650353028027, 48.345078557452375 ], [ 14.775754468543093, 48.344993600033661 ], [ 14.775829671029802, 48.344825151954602 ], [ 14.775921538793288, 48.344678449235644 ], [ 14.776012961434104, 48.344593288840997 ], [ 14.776019274267989, 48.344587362871735 ], [ 14.776054301051925, 48.344527011660354 ], [ 14.776160022885472, 48.344344780442931 ], [ 14.776202818509095, 48.344190318246454 ], [ 14.776191090559307, 48.344181106989431 ], [ 14.776164459077743, 48.34416011477466 ], [ 14.776140448535747, 48.344141159322533 ], [ 14.776115600989225, 48.344121224601231 ], [ 14.776103137108338, 48.344124347824433 ], [ 14.776039984381555, 48.344153649107902 ], [ 14.775665191110695, 48.344327335801339 ], [ 14.775470799668895, 48.34441745905675 ], [ 14.775311581085152, 48.344462163580452 ], [ 14.775258941670497, 48.344471631713269 ], [ 14.775249408114863, 48.344473369085918 ], [ 14.775226980764282, 48.344477335243255 ], [ 14.775159433879736, 48.344489416898632 ], [ 14.775136874109165, 48.344493474643265 ], [ 14.775050125134968, 48.344509032629155 ], [ 14.77456254127466, 48.344562926772767 ], [ 14.77449096406596, 48.344570829478236 ], [ 14.773859853153478, 48.344607782859484 ], [ 14.773309849099604, 48.344605854716825 ], [ 14.773220365736695, 48.344605611078734 ], [ 14.773127301643544, 48.344583369908513 ], [ 14.773093608714287, 48.344575329428764 ], [ 14.773084779501144, 48.344573279340814 ], [ 14.772795806745997, 48.344504247032184 ], [ 14.772559897028753, 48.344436088006084 ], [ 14.772365345555167, 48.344379833048336 ], [ 14.772178936893413, 48.344359193778565 ], [ 14.771937295146159, 48.344332398754382 ], [ 14.771561153291708, 48.344317159809357 ], [ 14.771511613812722, 48.344316781669754 ], [ 14.771460455413438, 48.344316423491087 ], [ 14.771178883113613, 48.344314500572033 ], [ 14.770829930607215, 48.344320965442826 ], [ 14.770682498809396, 48.344323683933382 ], [ 14.77059913932642, 48.344325252032661 ], [ 14.7704115695459, 48.344316229899277 ], [ 14.770173730916262, 48.344304858497047 ], [ 14.770153666892991, 48.344301597241518 ], [ 14.770133737782324, 48.3442983343189 ], [ 14.770053346814546, 48.344285290911998 ], [ 14.769793062030946, 48.344243157203714 ], [ 14.76964167466617, 48.344205438398482 ], [ 14.769523582380819, 48.344176035713602 ], [ 14.769474026222806, 48.344160452643756 ], [ 14.769270490533611, 48.344096386288101 ], [ 14.768858289204378, 48.344011949285417 ], [ 14.768812233839194, 48.343991194738265 ], [ 14.76867051046635, 48.343927175489256 ], [ 14.76872453849629, 48.343807124893573 ], [ 14.768599652484525, 48.343732192166406 ], [ 14.768462148317859, 48.343610992219368 ], [ 14.768450946553321, 48.343601233922122 ], [ 14.768211222873473, 48.343516829301976 ], [ 14.768197867052029, 48.343512126613405 ], [ 14.768144326853928, 48.343475459012467 ], [ 14.768050315457591, 48.343451992959793 ], [ 14.768266107791719, 48.343369238723398 ], [ 14.76827631970129, 48.343348150853366 ], [ 14.767731485126539, 48.343288734517316 ], [ 14.767605937756326, 48.343301885695389 ], [ 14.767459669350698, 48.343317271042359 ], [ 14.767287334620848, 48.343351420059911 ], [ 14.767164256807124, 48.343375786125975 ], [ 14.766708309954563, 48.343495023336445 ], [ 14.766640979901821, 48.343505208096779 ], [ 14.766554435125418, 48.343518418125647 ], [ 14.766083030890087, 48.343479052900221 ], [ 14.76585696582443, 48.343429652257186 ], [ 14.765843118129888, 48.343426673700748 ], [ 14.765827774009303, 48.34342326371047 ], [ 14.765803743534732, 48.34341807122545 ], [ 14.765560222900827, 48.343352330864356 ], [ 14.765532494256158, 48.343374443496849 ], [ 14.765449832887651, 48.343440235107856 ], [ 14.765429762162039, 48.343456225861935 ], [ 14.765392388960876, 48.343466311585999 ], [ 14.765339206027594, 48.34348055011376 ], [ 14.765290715004502, 48.343493651360625 ], [ 14.765274907763619, 48.343497894103095 ], [ 14.765259635178641, 48.343501950340517 ], [ 14.765078358403715, 48.343447049616969 ], [ 14.764920667941704, 48.34337638465631 ], [ 14.76483565371627, 48.343357096862235 ], [ 14.764802652328457, 48.343349585307159 ], [ 14.764737466486498, 48.343334822031053 ], [ 14.764590608833117, 48.343304508260402 ], [ 14.764553015682518, 48.343296873108777 ], [ 14.764272135905191, 48.343192813626025 ], [ 14.764204096400125, 48.343167559076306 ], [ 14.764096653760411, 48.343127764032992 ], [ 14.764010073230912, 48.343095719701424 ], [ 14.763951172146969, 48.343073951434782 ], [ 14.763926068466446, 48.343064093510208 ], [ 14.763757997134073, 48.342998592556718 ], [ 14.763479696990007, 48.342890091184984 ], [ 14.763305745658819, 48.34284130547767 ], [ 14.763302075863077, 48.34284036089138 ], [ 14.76316960248559, 48.342812837688939 ], [ 14.763090335370219, 48.342796357020532 ], [ 14.763071667811682, 48.342799644939518 ], [ 14.763037690448916, 48.342805639769765 ], [ 14.762998206745559, 48.342812601816057 ], [ 14.762842015679318, 48.342840068607558 ], [ 14.762804678014062, 48.342846554427311 ], [ 14.762779297367757, 48.342851094218894 ], [ 14.762618535071052, 48.342859633962568 ], [ 14.762588752989293, 48.342861168861582 ], [ 14.762527665131135, 48.342862817871008 ], [ 14.762519303405117, 48.342863010405665 ], [ 14.762508785655927, 48.342863319352276 ], [ 14.762449366315169, 48.342866747174099 ], [ 14.762369715211106, 48.342860796750116 ], [ 14.762314811594322, 48.342856701939105 ], [ 14.762178792115201, 48.342837587946406 ], [ 14.762151971429319, 48.342833958354746 ], [ 14.762077744871286, 48.342824072671476 ], [ 14.761921216016717, 48.342785507324102 ], [ 14.761748839215937, 48.342690997281771 ], [ 14.761634848716643, 48.342614304247391 ], [ 14.761502783492404, 48.342513451874929 ], [ 14.761492860398876, 48.342501068235798 ], [ 14.761483496776453, 48.342489397465997 ], [ 14.761463769117016, 48.342459140804742 ], [ 14.761458949167348, 48.342450743080981 ], [ 14.761383885037397, 48.34232238200601 ], [ 14.761325321752379, 48.34217087730967 ], [ 14.76125523530381, 48.341978309370184 ], [ 14.761195717043849, 48.341821508304655 ], [ 14.761135165035414, 48.341749557829296 ], [ 14.761035905320455, 48.341668635219627 ], [ 14.760950865772276, 48.34159932383276 ], [ 14.760840591244094, 48.341510439083613 ], [ 14.760652610610604, 48.341363668435299 ], [ 14.760671005114229, 48.341350487979646 ], [ 14.760820936734095, 48.341242940997162 ], [ 14.76086777979177, 48.341209259555143 ], [ 14.760903813703816, 48.341184887073339 ], [ 14.760907126754653, 48.341182687293738 ], [ 14.760917713142966, 48.341175090397329 ], [ 14.761001072473928, 48.341114961270641 ], [ 14.761025650507579, 48.341086230824082 ], [ 14.761063304601238, 48.341042315804103 ], [ 14.761242688967654, 48.340818621000835 ], [ 14.761274783474168, 48.340778642581427 ], [ 14.761278908370461, 48.340776522806244 ], [ 14.761523718395459, 48.340649908712564 ], [ 14.761648536411537, 48.340649638100949 ], [ 14.761816537582058, 48.340649377694994 ], [ 14.762062716011799, 48.34068981267869 ], [ 14.762128058378746, 48.340700616990112 ], [ 14.761955091084225, 48.340579574495891 ], [ 14.761784585055954, 48.340459671130901 ], [ 14.761699674549796, 48.340399895089199 ], [ 14.761587932853695, 48.340321375104082 ], [ 14.761569768859236, 48.340308642659529 ], [ 14.761525180713631, 48.340277251291802 ], [ 14.761474414514945, 48.340246925265419 ], [ 14.7613695901406, 48.340184334243922 ], [ 14.761122212505256, 48.340036672947981 ], [ 14.760980771738145, 48.339996841903186 ], [ 14.760975740797248, 48.339995464094386 ], [ 14.760907331139542, 48.339976149953991 ], [ 14.76055361653958, 48.339906711396544 ], [ 14.760391960502014, 48.33987270518216 ], [ 14.760238448167366, 48.339840398326885 ], [ 14.760077519073137, 48.339808272064687 ], [ 14.759959892079266, 48.339800086118991 ], [ 14.759932717978478, 48.339798259682119 ], [ 14.759845216051216, 48.339810846763122 ], [ 14.759655292800739, 48.339838182632256 ], [ 14.759651260699725, 48.339838771791804 ], [ 14.759638222581627, 48.339840640765829 ], [ 14.759537103158971, 48.339853664221899 ], [ 14.759509672963695, 48.339857238784816 ], [ 14.759493267318124, 48.339859328897447 ], [ 14.759363775791707, 48.339876028250359 ], [ 14.75933473173885, 48.339879802457538 ], [ 14.759321418847962, 48.339881494826855 ], [ 14.759312005642228, 48.339882689633818 ], [ 14.759264270065339, 48.339888851783989 ], [ 14.759131633733045, 48.339913866243258 ], [ 14.759084904303842, 48.339922265157171 ], [ 14.759081009565016, 48.339922942581879 ], [ 14.759024347110405, 48.339933262348275 ], [ 14.758870261520007, 48.339948732683474 ], [ 14.758804186974967, 48.339955388932239 ], [ 14.75864295768349, 48.339927042943934 ], [ 14.758696404844617, 48.33989795979852 ], [ 14.758894135625955, 48.339869900206324 ], [ 14.759076002607042, 48.339844013664596 ], [ 14.759173377275804, 48.339842012298028 ], [ 14.759348301419065, 48.339838431913343 ], [ 14.759372308453855, 48.339837958134332 ], [ 14.759414252075917, 48.339837084866922 ], [ 14.759486677871694, 48.339835658520371 ], [ 14.759503130571291, 48.33983527718766 ], [ 14.75952201144897, 48.339834866128292 ], [ 14.759603342627104, 48.339813808058864 ], [ 14.759820137164784, 48.339757713986991 ], [ 14.75982884611353, 48.339755448168667 ], [ 14.759833802676264, 48.339754127955054 ], [ 14.760121982938811, 48.33966378182101 ], [ 14.760193293960725, 48.339641496553462 ], [ 14.760335376227877, 48.339596932496015 ], [ 14.760613654097257, 48.339509675288774 ], [ 14.760683443635008, 48.339486058862676 ], [ 14.760756573325947, 48.339461231910612 ], [ 14.760919545942834, 48.339405975104377 ], [ 14.760941149952552, 48.33939176563068 ], [ 14.761002913817261, 48.339351153791533 ], [ 14.761117821714429, 48.339275433614887 ], [ 14.761208032203346, 48.339204514319533 ], [ 14.76122053992526, 48.339193205224753 ], [ 14.761331802369538, 48.33909296875057 ], [ 14.761419651361358, 48.338985372041655 ], [ 14.761481558864746, 48.338896176456743 ], [ 14.761577660672748, 48.338789378105801 ], [ 14.761651948554118, 48.338723421839326 ], [ 14.761666572225458, 48.338710557325676 ], [ 14.761719878513201, 48.338632442916705 ], [ 14.761806048255387, 48.338532513587928 ], [ 14.761811540199567, 48.338526148618101 ], [ 14.761890128811647, 48.338435128857476 ], [ 14.761831921399155, 48.338384471907659 ], [ 14.761716245155691, 48.338353952238009 ], [ 14.761707871751103, 48.338353695036119 ], [ 14.761678027736814, 48.338352891375933 ], [ 14.761658038490458, 48.338352236786442 ], [ 14.761619955968907, 48.338351174251542 ], [ 14.761486569346717, 48.338368373612134 ], [ 14.761383942136861, 48.338380427575423 ], [ 14.761316815920289, 48.338348862557083 ], [ 14.76145228394998, 48.338240772053922 ], [ 14.761483895525526, 48.338183345995056 ], [ 14.761589002937697, 48.337992138884353 ], [ 14.761637581060047, 48.337933425175137 ], [ 14.761639934732219, 48.337930697333647 ], [ 14.761644269641508, 48.337926415776963 ], [ 14.761693145313535, 48.337878494335186 ], [ 14.761778280275824, 48.337814474175211 ], [ 14.761969863725307, 48.337720449410817 ], [ 14.762000542715343, 48.337702619750367 ], [ 14.762119808317895, 48.337633412562475 ], [ 14.762145254573584, 48.337611778490839 ], [ 14.76224665207666, 48.337525876660521 ], [ 14.762374874751233, 48.337346080823885 ], [ 14.762377603253199, 48.337342268773561 ], [ 14.762397112987918, 48.337340230130735 ], [ 14.762424021937344, 48.337337380989474 ], [ 14.762448542534782, 48.337336000599713 ], [ 14.762494750989813, 48.337333274555469 ], [ 14.762583212102371, 48.337336057868974 ], [ 14.762668565739345, 48.337338699308781 ], [ 14.762731460440904, 48.337280529182756 ], [ 14.762763697230957, 48.337250714689709 ], [ 14.762879220228264, 48.337143766788877 ], [ 14.762885406212897, 48.337138112974614 ], [ 14.762894880076786, 48.337129359962361 ], [ 14.762949228979373, 48.337113578705008 ], [ 14.763017769590125, 48.337093754712441 ], [ 14.763031289354414, 48.337089810213833 ], [ 14.763051795306499, 48.337074984027666 ], [ 14.763189108497743, 48.336975325544103 ], [ 14.763350663627238, 48.336893542504264 ], [ 14.763419196194363, 48.336858783968317 ], [ 14.763433360518256, 48.336853751914077 ], [ 14.763465828553155, 48.336842107558851 ], [ 14.763834337329302, 48.336710100959372 ], [ 14.76382564968211, 48.336708228378363 ], [ 14.763797823230902, 48.33670227242029 ], [ 14.763752619017483, 48.33669248134747 ], [ 14.763683117904803, 48.336677500632234 ], [ 14.763750900987443, 48.336640052105686 ], [ 14.763934581569675, 48.336538653800872 ], [ 14.763948992115525, 48.336439963757137 ], [ 14.763950344955406, 48.336430320751447 ], [ 14.763954775843018, 48.336400217599362 ], [ 14.763968141252166, 48.336307658088863 ], [ 14.763969276480474, 48.336299907046779 ], [ 14.763970634281904, 48.336290443911807 ], [ 14.764029285372146, 48.336244830454092 ], [ 14.76408621510069, 48.336200407667476 ], [ 14.764243880931469, 48.336144041579033 ], [ 14.76435104399418, 48.336081458208028 ], [ 14.764343019144196, 48.336074269512359 ], [ 14.764292407303197, 48.336029908049007 ], [ 14.76427872778109, 48.33601829049136 ], [ 14.764216489704221, 48.335963365811175 ], [ 14.764193673995996, 48.335943403626835 ], [ 14.764179425146862, 48.335930713454694 ], [ 14.7641743100315, 48.335926277964674 ], [ 14.764169884268249, 48.335922373805538 ], [ 14.764163245624628, 48.335916517566474 ], [ 14.764153290146796, 48.335907823142932 ], [ 14.764052461927728, 48.335818735309303 ], [ 14.763918884049684, 48.335711516504496 ], [ 14.763826309130167, 48.335642749478218 ], [ 14.76380702489319, 48.335628501698743 ], [ 14.763796554821345, 48.335620713227001 ], [ 14.763783744463709, 48.335611244130838 ], [ 14.763756053250592, 48.335590621997646 ], [ 14.76361027365539, 48.335471497179213 ], [ 14.76351216105302, 48.335343869958393 ], [ 14.763468636615206, 48.335287365643552 ], [ 14.763396277600906, 48.335193249495802 ], [ 14.762922517516881, 48.334674650630582 ], [ 14.762806623167032, 48.334547960756503 ], [ 14.762799653024354, 48.334539859349853 ], [ 14.762736117494498, 48.334467136471936 ], [ 14.762708509962174, 48.33447395279768 ], [ 14.762412870089339, 48.334547033948212 ], [ 14.762269201498741, 48.33458244372023 ], [ 14.762229841662766, 48.334574109812685 ], [ 14.761816833919157, 48.334486599670988 ], [ 14.761665178465437, 48.334359627472402 ], [ 14.761447094470519, 48.334177240516468 ], [ 14.76129250049244, 48.334163841356236 ], [ 14.761226765867356, 48.334158079571083 ], [ 14.761217973613768, 48.334157287678011 ], [ 14.76119842733125, 48.334148170765324 ], [ 14.760796772945701, 48.334188449983138 ], [ 14.760731243052003, 48.3341950107936 ], [ 14.760521544811002, 48.334248231097227 ], [ 14.760517523068486, 48.33424918003189 ], [ 14.760486570516289, 48.33425702643985 ], [ 14.760477367593566, 48.334260917769328 ], [ 14.760320650405058, 48.33432716349887 ], [ 14.760157443797189, 48.334402755021848 ], [ 14.759850079678406, 48.334633234274428 ], [ 14.759802357159922, 48.334669085426597 ], [ 14.759643032020843, 48.334748497215877 ], [ 14.758889521302184, 48.334888621408062 ], [ 14.758777965774803, 48.334909419187127 ], [ 14.758622863085815, 48.334975642809162 ], [ 14.758566457229302, 48.335068638261077 ], [ 14.758559751384682, 48.335231919025553 ], [ 14.758552571545684, 48.335412299156523 ], [ 14.758520474546712, 48.335515883071594 ], [ 14.758479865901498, 48.335584754179457 ], [ 14.758339134321911, 48.335678061322866 ], [ 14.758177314185465, 48.335725833429457 ], [ 14.758158198111214, 48.335771590125411 ], [ 14.757668567103448, 48.336538511424024 ], [ 14.757316091791605, 48.336630897212046 ], [ 14.75693729035663, 48.336727742064596 ], [ 14.756686849420655, 48.336855405252017 ], [ 14.756628298178768, 48.336885269625526 ], [ 14.756325058237557, 48.337257115277374 ], [ 14.75570592408326, 48.337309659148765 ], [ 14.755389172819468, 48.337587832550867 ], [ 14.755351887132541, 48.337620675452897 ], [ 14.755149909995744, 48.337660926385304 ], [ 14.755059988937649, 48.337668861204669 ], [ 14.755013681934191, 48.337672934985605 ], [ 14.754860424266534, 48.337679033530172 ], [ 14.754823511983153, 48.337676335113933 ], [ 14.754774157426505, 48.337672618938754 ], [ 14.754768749350905, 48.337672235093365 ], [ 14.754736575622694, 48.337670108596143 ], [ 14.754728734531017, 48.33766957450171 ], [ 14.754715620257981, 48.337668654913152 ], [ 14.754648081405572, 48.337661202038547 ], [ 14.75457282897354, 48.337652943566439 ], [ 14.754461591909379, 48.337602030278688 ], [ 14.754421827132553, 48.337583892373743 ], [ 14.754347479470271, 48.337529919973882 ], [ 14.754106846997093, 48.337440009906871 ], [ 14.75396197885925, 48.337422343895661 ], [ 14.753830644096796, 48.337342166230229 ], [ 14.753820489368112, 48.337335992425714 ], [ 14.753816667186461, 48.337329471509271 ], [ 14.753800806830359, 48.337302225253602 ], [ 14.753770791214283, 48.337250860757074 ], [ 14.753731997930124, 48.337184488978721 ], [ 14.753714726574227, 48.337027079051019 ], [ 14.753707024397341, 48.336957809136237 ], [ 14.753807942549789, 48.336785103381224 ], [ 14.753817477978929, 48.336768703258045 ], [ 14.753821072376292, 48.336762001942539 ], [ 14.75387724850267, 48.336655336941277 ], [ 14.753846858589025, 48.336531284437093 ], [ 14.754101450570651, 48.336259631048641 ], [ 14.754076005858673, 48.336217477372351 ], [ 14.753951913305858, 48.336012608484417 ], [ 14.753762069132559, 48.335835800909315 ], [ 14.753482148731436, 48.335921892458821 ], [ 14.753410695189487, 48.335943815555829 ], [ 14.752939962601033, 48.336088460397939 ], [ 14.752929613811768, 48.336094884130546 ], [ 14.752922842932627, 48.336098925145336 ], [ 14.752889930281139, 48.336119028771456 ], [ 14.752856218128576, 48.336139501994062 ], [ 14.752434969811471, 48.336396179251508 ], [ 14.75195836000433, 48.336429963496855 ], [ 14.751949484353043, 48.336431061204507 ], [ 14.751853210919926, 48.336443479263501 ], [ 14.751598404293865, 48.336476180437494 ], [ 14.751424545239102, 48.336498539260226 ], [ 14.751237381917035, 48.336552457887926 ], [ 14.751222715786824, 48.336553985880158 ], [ 14.751169304601321, 48.336559763996803 ], [ 14.751157601134338, 48.336561075991561 ], [ 14.750971804759089, 48.336581150331675 ], [ 14.75096695608346, 48.336581479232237 ], [ 14.750897075877182, 48.336587007799963 ], [ 14.750877281421921, 48.336588508184718 ], [ 14.750867449177404, 48.336589167619103 ], [ 14.750542285902629, 48.336610037332868 ], [ 14.750357748971561, 48.336621908462234 ], [ 14.750075867390949, 48.336690921999157 ], [ 14.749968368816203, 48.33671723979247 ], [ 14.749403038701029, 48.336664825360181 ], [ 14.749062541506484, 48.336657897905944 ], [ 14.749013164735574, 48.336668124299983 ], [ 14.748862753450837, 48.3366992809 ], [ 14.748820895460252, 48.336698260074591 ], [ 14.748771611093744, 48.336697059566312 ], [ 14.748759188834251, 48.336696760665156 ], [ 14.748730564910602, 48.336696118811076 ], [ 14.748701668747723, 48.336695390291531 ], [ 14.748691811875341, 48.33669515018147 ], [ 14.748495450724192, 48.336669376309253 ], [ 14.748362736662415, 48.336651915602687 ], [ 14.748304903510862, 48.33661933065347 ], [ 14.748258078952352, 48.336614321482692 ], [ 14.748151168799753, 48.336602934714712 ], [ 14.74800372292194, 48.336594469175672 ], [ 14.747923580408887, 48.336589864457551 ], [ 14.747880268206284, 48.336589940544798 ], [ 14.747805379293238, 48.336589950183495 ], [ 14.74769743969709, 48.336590271071614 ], [ 14.747361880495308, 48.336591195707911 ], [ 14.747289673029098, 48.336615283336201 ], [ 14.747248495305545, 48.336639174251495 ], [ 14.747089351250064, 48.336731071567428 ], [ 14.747081423005101, 48.336761936123089 ], [ 14.747058565442602, 48.336774808734056 ], [ 14.746983231070745, 48.336817826952576 ], [ 14.746930132851633, 48.336815322455337 ], [ 14.746909819294476, 48.336857133189334 ], [ 14.746888246483087, 48.336857754813018 ], [ 14.746873952899609, 48.336858108178014 ], [ 14.746885725656266, 48.336874159194942 ], [ 14.746896936760157, 48.336889407332485 ], [ 14.746856236340928, 48.336891250663378 ], [ 14.746825059402871, 48.336999767956577 ], [ 14.746900878039515, 48.336984363504705 ], [ 14.746906131837786, 48.336998874232314 ], [ 14.746920279327748, 48.337037657803698 ], [ 14.746900923629479, 48.337040411708038 ], [ 14.746861939988053, 48.337045832844353 ], [ 14.746848238695279, 48.337097549546755 ], [ 14.746905381097987, 48.337178995070346 ], [ 14.74692054355924, 48.337200582838129 ], [ 14.746846302444327, 48.337249075605257 ], [ 14.746754824621277, 48.337308753285399 ], [ 14.746781214713181, 48.337316530035849 ], [ 14.74680134574632, 48.337322403471234 ], [ 14.746709016220782, 48.337360769530541 ], [ 14.746634698284247, 48.337391629773734 ], [ 14.746465947932823, 48.337428313691504 ], [ 14.746332340551339, 48.337457283889648 ], [ 14.746026537870501, 48.337441200012861 ], [ 14.74602099744431, 48.337440907333402 ], [ 14.7459450730023, 48.33753656203087 ], [ 14.745766376434641, 48.337589559377513 ], [ 14.745576203743616, 48.337657180063175 ], [ 14.745287879106138, 48.337782308664679 ], [ 14.745119113756367, 48.337877918400572 ], [ 14.745024763329207, 48.337931331872156 ], [ 14.744934403034776, 48.337992523943292 ], [ 14.744735402137986, 48.338127454645111 ], [ 14.744492065742701, 48.338289371967896 ], [ 14.744299042310324, 48.338415952623038 ], [ 14.7442264156204, 48.338469372211065 ], [ 14.744182081947715, 48.338545930193618 ], [ 14.744119020048453, 48.338608680284551 ], [ 14.744041365283323, 48.338650914912449 ], [ 14.744037187962764, 48.338665989779713 ], [ 14.744035348269103, 48.338672759489441 ], [ 14.744017657111199, 48.338677202097934 ], [ 14.74397853428685, 48.338692430202173 ], [ 14.743937239603605, 48.338746819700773 ], [ 14.743914313608355, 48.338777055886354 ], [ 14.743834537980533, 48.338786028713031 ], [ 14.743805074020703, 48.338789264334892 ], [ 14.743774135479374, 48.338807722015844 ], [ 14.743728486532875, 48.33880629540927 ], [ 14.743709406258752, 48.338834055919577 ], [ 14.74364778033096, 48.33884055975205 ], [ 14.743624775933256, 48.338862969804808 ], [ 14.743592223797517, 48.338871730666398 ], [ 14.743490412461162, 48.338899053110445 ], [ 14.743432974556519, 48.338871049251296 ], [ 14.743393137747397, 48.338884846343603 ], [ 14.743417888757575, 48.338916664548684 ], [ 14.743388072841752, 48.338946624152314 ], [ 14.743375860467339, 48.338959007302286 ], [ 14.743301365906502, 48.338948843102578 ], [ 14.743283127439092, 48.338957970439893 ], [ 14.743247584969938, 48.338975853933803 ], [ 14.743220536769996, 48.338978610341691 ], [ 14.743160117337284, 48.338984829415217 ], [ 14.743106552590502, 48.338950390959305 ], [ 14.743047643536713, 48.33901704867808 ], [ 14.743062000441499, 48.339038826596692 ], [ 14.743066365881209, 48.339045521203978 ], [ 14.74305698428085, 48.339047883868041 ], [ 14.74302655601384, 48.339055359348521 ], [ 14.742970581167929, 48.339150500657162 ], [ 14.74300284248892, 48.339175660575073 ], [ 14.743009874057725, 48.339181153369907 ], [ 14.742947274218329, 48.339181640904982 ], [ 14.742946223163514, 48.339207473787631 ], [ 14.742874465841943, 48.339238390533389 ], [ 14.742890104593865, 48.339277516348183 ], [ 14.742917984387425, 48.339275559649494 ], [ 14.742912812428731, 48.339308639647832 ], [ 14.742878932174845, 48.339333070409111 ], [ 14.742803366797947, 48.339387694164614 ], [ 14.742736266397046, 48.339426111599728 ], [ 14.742766919054695, 48.339446702789658 ], [ 14.742658006774931, 48.339540415118215 ], [ 14.742625177471977, 48.339539012927212 ], [ 14.742612043267821, 48.339581995483208 ], [ 14.742582022621717, 48.339574711533984 ], [ 14.742576317718052, 48.339573341089512 ], [ 14.742520193237565, 48.3396035287128 ], [ 14.742485611485062, 48.339622030100394 ], [ 14.742465653807333, 48.339622541388941 ], [ 14.742389328013813, 48.339624454153274 ], [ 14.742293434439544, 48.339705683366091 ], [ 14.742275883627057, 48.339809536101058 ], [ 14.742224937765647, 48.339856484531353 ], [ 14.742210854717005, 48.339849727477841 ], [ 14.742190208415808, 48.339839811025136 ], [ 14.741548763371116, 48.339480416072377 ], [ 14.741530408556768, 48.339465433727874 ], [ 14.741520333525882, 48.339457188695739 ], [ 14.741494667704464, 48.339436356977863 ], [ 14.741468724770412, 48.339415258706651 ], [ 14.741311441485164, 48.339228861417737 ], [ 14.741304052264171, 48.339220134079802 ], [ 14.74124151476391, 48.339178246100822 ], [ 14.740953856766495, 48.338986046610948 ], [ 14.74055971657382, 48.338788295266404 ], [ 14.740483104035604, 48.338749815662027 ], [ 14.740466686728828, 48.338741557177855 ], [ 14.740359051669358, 48.338643984855707 ], [ 14.740224368772285, 48.338573998677916 ], [ 14.740139939123639, 48.338545779375352 ], [ 14.740116382219316, 48.338537966918494 ], [ 14.740021009014106, 48.338509249915774 ], [ 14.739726450778916, 48.338420411378429 ], [ 14.73951556739933, 48.33835683215716 ], [ 14.73961997561036, 48.338171682006156 ], [ 14.739621852552451, 48.338101666031179 ], [ 14.739621889754929, 48.338098066953833 ], [ 14.739627923184786, 48.337863093652466 ], [ 14.738952561318685, 48.337391007122662 ], [ 14.738614752083052, 48.33708542045386 ], [ 14.737719018700602, 48.33642768666158 ], [ 14.737569704219371, 48.336479597476796 ], [ 14.737561818824677, 48.33648239149732 ], [ 14.737515703385839, 48.336498511421908 ], [ 14.737418258007148, 48.336532523411556 ], [ 14.73720331605713, 48.33660753620007 ], [ 14.737210501101785, 48.336628681523784 ], [ 14.737274296463349, 48.33681675075406 ], [ 14.737288821071861, 48.336859759253237 ], [ 14.737262160120231, 48.337190344627871 ], [ 14.737263643264109, 48.337225143477035 ], [ 14.737264974449928, 48.33725931439708 ], [ 14.737269293882472, 48.337363892437956 ], [ 14.736739929834963, 48.337323848322313 ], [ 14.736592593706298, 48.337289546876384 ], [ 14.736516277027945, 48.337271753243186 ], [ 14.736150851403734, 48.337186458296749 ], [ 14.735976241900694, 48.33710669196261 ], [ 14.735967712927057, 48.33710067698555 ], [ 14.735887531230821, 48.33704478403628 ], [ 14.735834030274935, 48.337007462622452 ], [ 14.735786029810324, 48.336973943491337 ], [ 14.735776074021214, 48.336965066775534 ], [ 14.735768609617187, 48.336958499174465 ], [ 14.735615710031668, 48.336823322001194 ], [ 14.735569396238878, 48.336782315328747 ], [ 14.73553361962543, 48.336736773492241 ], [ 14.735431309386, 48.336606115203388 ], [ 14.735228536343108, 48.336422956297746 ], [ 14.735094822046728, 48.336173920915037 ], [ 14.735088423357862, 48.336161852540371 ], [ 14.73489501079945, 48.33592559063203 ], [ 14.734860750160143, 48.335896134206664 ], [ 14.734781729173825, 48.335828171137649 ], [ 14.734778507467492, 48.335823801575899 ], [ 14.734574679248119, 48.335541601996908 ], [ 14.734481253850376, 48.335504760185692 ], [ 14.734419195950492, 48.33548022621126 ], [ 14.73445963285508, 48.33538887451153 ], [ 14.734507960598389, 48.335279974535943 ], [ 14.734658079125065, 48.335123157916378 ], [ 14.734669625543219, 48.335111053581905 ], [ 14.735036530253428, 48.334857794208915 ], [ 14.735150227022759, 48.334736321839976 ], [ 14.735224240462655, 48.334624323482842 ], [ 14.735313639365575, 48.334467606858979 ], [ 14.735378053299703, 48.334354914219702 ], [ 14.735477276461987, 48.334207255708911 ], [ 14.735477931862672, 48.33419159377631 ], [ 14.735478350618896, 48.334182142330121 ], [ 14.735478629620296, 48.33417251263446 ], [ 14.735479839623926, 48.334142449502714 ], [ 14.735480662525124, 48.334123006991049 ], [ 14.735479404226027, 48.334111416551778 ], [ 14.735467705089688, 48.334003238573821 ], [ 14.735430190513213, 48.33386352342275 ], [ 14.735424992844656, 48.333855938890657 ], [ 14.73536026217972, 48.333762523798207 ], [ 14.735066156465422, 48.333634263264351 ], [ 14.735020413106172, 48.333614211520775 ], [ 14.734988396238416, 48.333592825043361 ], [ 14.734965859157334, 48.333577712066067 ], [ 14.734871309519781, 48.333514164265345 ], [ 14.734327400764604, 48.333039659920132 ], [ 14.734200961409718, 48.332889498188621 ], [ 14.734110511351069, 48.332673138554433 ], [ 14.734097116346994, 48.332352481565366 ], [ 14.734096401448616, 48.332336026418325 ], [ 14.734091752067446, 48.332223984921889 ], [ 14.73405341272162, 48.332143386743255 ], [ 14.733951249564774, 48.331927887512144 ], [ 14.73394953372962, 48.331924309510029 ], [ 14.733946099627849, 48.331917063569136 ], [ 14.733938947076377, 48.331902035310954 ], [ 14.733887575437855, 48.331793524430168 ], [ 14.733633093118678, 48.331937560314373 ], [ 14.733454112337201, 48.332049649944487 ], [ 14.733417888363888, 48.332072216923102 ], [ 14.733148831196244, 48.332166315927601 ], [ 14.732869143023446, 48.332196576344167 ], [ 14.73262940934964, 48.332222487613329 ], [ 14.732289852055048, 48.332259133632228 ], [ 14.73212556930061, 48.332276130752497 ], [ 14.731971108392928, 48.332292110054034 ], [ 14.731807641596157, 48.332329339223577 ], [ 14.731470758004141, 48.332440082522325 ], [ 14.731220667443981, 48.332532239999395 ], [ 14.730992962373813, 48.332663983161495 ], [ 14.730976980522847, 48.332671732036516 ], [ 14.730804513050501, 48.332755490076664 ], [ 14.730470318306933, 48.332871056295744 ], [ 14.730373786784703, 48.332898843879541 ], [ 14.729641690037676, 48.333109324619393 ], [ 14.72958431866441, 48.333133313403657 ], [ 14.729543760570879, 48.333150353214606 ], [ 14.729525062841617, 48.333152466597973 ], [ 14.729469774089946, 48.333158617157352 ], [ 14.729447983757943, 48.333161127456044 ], [ 14.729214926685918, 48.333264771907942 ], [ 14.729179916137692, 48.333342471942004 ], [ 14.729168200162661, 48.33336834251029 ], [ 14.729168321359762, 48.333372839341564 ], [ 14.729168773071045, 48.333394605620995 ], [ 14.729169548733548, 48.333423385340623 ], [ 14.729169747497204, 48.33343076014372 ], [ 14.729172265275567, 48.333534190490262 ], [ 14.729176763446834, 48.333711099045402 ], [ 14.729180381741452, 48.333855360599109 ], [ 14.729246498340054, 48.334270929348762 ], [ 14.729152972237955, 48.33430020926766 ], [ 14.729080455796586, 48.334323029757009 ], [ 14.728736729159602, 48.334430877956045 ], [ 14.728727687786558, 48.334435844401014 ], [ 14.728452450083774, 48.334586774549948 ], [ 14.728289442601183, 48.334651432638907 ], [ 14.728186511085175, 48.334692250019245 ], [ 14.728167410366469, 48.334709482221768 ], [ 14.728123009711183, 48.334749238845383 ], [ 14.728035278318069, 48.334768282350467 ], [ 14.727937603583779, 48.334818932782298 ], [ 14.727815316042811, 48.334882562905449 ], [ 14.727788177861624, 48.334886936210033 ], [ 14.727761309449694, 48.334891306279069 ], [ 14.727750694549036, 48.334892962753763 ], [ 14.727739679829957, 48.334894803944394 ], [ 14.727275791260725, 48.334970078994267 ], [ 14.727197926822303, 48.334964713089363 ], [ 14.727055308667319, 48.334954813890384 ], [ 14.726854425970162, 48.334940843329207 ], [ 14.726554495746392, 48.334971690330583 ], [ 14.726368938711758, 48.334990732931402 ], [ 14.726345288650426, 48.334999382532899 ], [ 14.726049068525946, 48.335108004052273 ], [ 14.725675028968411, 48.335358530898787 ], [ 14.724971283200064, 48.335661936800086 ], [ 14.724962079777971, 48.335665915258808 ], [ 14.724828386881908, 48.335767283976317 ], [ 14.724794795225458, 48.335802681784855 ], [ 14.724779831045824, 48.335818244618693 ], [ 14.72430555743915, 48.33614031701633 ], [ 14.723962596015921, 48.336207117404548 ], [ 14.723548535276793, 48.336173824029395 ], [ 14.723398528426742, 48.336150153823858 ], [ 14.72319133492184, 48.3361173594717 ], [ 14.722897978472215, 48.336091800149539 ], [ 14.722810065775606, 48.336084122088977 ], [ 14.722711236879601, 48.335976352660388 ], [ 14.722589910097945, 48.335965474323366 ], [ 14.722513624727306, 48.335958647001092 ], [ 14.722426112158432, 48.33595078395156 ], [ 14.722411775237088, 48.335949515456512 ], [ 14.722331082258087, 48.33601480287826 ], [ 14.721797257272797, 48.336104294555192 ], [ 14.721745136854743, 48.336113012628466 ], [ 14.721720420719898, 48.336117175706974 ], [ 14.721540721005468, 48.336148555959753 ], [ 14.72121019947169, 48.336206383358039 ], [ 14.721024038979499, 48.336248455691575 ], [ 14.720899546303585, 48.33641655445421 ], [ 14.720736347824223, 48.336484712670938 ], [ 14.720709391321007, 48.336495919511755 ], [ 14.720697383618111, 48.336501010607442 ], [ 14.720681102758087, 48.336507771967 ], [ 14.720560546084771, 48.336525671257476 ], [ 14.71999363786659, 48.336609520818413 ], [ 14.719822648081616, 48.336628649386505 ], [ 14.719505693010664, 48.33666417894419 ], [ 14.719416746357167, 48.336663258023542 ], [ 14.719277186399131, 48.336661859595978 ], [ 14.719261933998343, 48.336661681187678 ], [ 14.719257884837514, 48.336661639393618 ], [ 14.719060045845929, 48.336796871628366 ], [ 14.718682451025218, 48.336961590683273 ], [ 14.718571266349491, 48.337017161873952 ], [ 14.71852554077876, 48.337204473543657 ], [ 14.71852285939887, 48.337215211296581 ], [ 14.718504426775811, 48.33722730588142 ], [ 14.718378450211073, 48.337310042335531 ], [ 14.718152598426624, 48.337291045608019 ], [ 14.717769055622556, 48.337531313160156 ], [ 14.717738582965163, 48.33755236729381 ], [ 14.717187951027604, 48.337932804929949 ], [ 14.716760758867952, 48.338297289652239 ], [ 14.716760519032178, 48.338525714190382 ], [ 14.716760294656487, 48.338739564159191 ], [ 14.716667092897341, 48.339008857119133 ], [ 14.71665420382957, 48.338996145137948 ], [ 14.716586436956003, 48.338929475865953 ], [ 14.71651091180135, 48.338855251623414 ], [ 14.716414818857164, 48.338794046566321 ], [ 14.716281664989335, 48.338709350628442 ], [ 14.716276204251582, 48.338706986390015 ], [ 14.716184477381137, 48.338667770791332 ], [ 14.715896679773785, 48.338608210883528 ], [ 14.715685870316635, 48.338601895839446 ], [ 14.715681430720799, 48.338602398343227 ], [ 14.715348887081108, 48.338640890273268 ], [ 14.715323328641826, 48.338643892414723 ], [ 14.71532420624748, 48.338611044713282 ], [ 14.715325407425853, 48.33857009630659 ], [ 14.715327688793055, 48.338493778767685 ], [ 14.71537229938787, 48.338335000800271 ], [ 14.715389436558263, 48.338178258061745 ], [ 14.71539014997261, 48.338048249881773 ], [ 14.715472272179653, 48.33774283335427 ], [ 14.715545804613749, 48.337530182817744 ], [ 14.715126158211772, 48.337656883903804 ], [ 14.714106259271054, 48.33782731508223 ], [ 14.713522298069513, 48.337748138110079 ], [ 14.713320646411095, 48.337720748451112 ], [ 14.712863765058119, 48.337326264296138 ], [ 14.712574883293119, 48.33713437034455 ], [ 14.712508262475117, 48.337090176466482 ], [ 14.712439854630629, 48.337044744193108 ], [ 14.712296099624558, 48.337123995856203 ], [ 14.712063241809945, 48.337252253308186 ], [ 14.711852654615985, 48.337395990653675 ], [ 14.711675993575101, 48.337516565027784 ], [ 14.711257319336065, 48.337705496443739 ], [ 14.710933712248016, 48.337851558372613 ], [ 14.710704021958611, 48.33793173416516 ], [ 14.710329000403556, 48.338062568361586 ], [ 14.71027870288408, 48.33807908667081 ], [ 14.710065999901344, 48.338148624446596 ], [ 14.709833564298785, 48.338247453696312 ], [ 14.709812215179433, 48.338256522519181 ], [ 14.70956380865357, 48.338409428990069 ], [ 14.70951203175257, 48.338436310417883 ], [ 14.709463593484783, 48.338451726822036 ], [ 14.709175684021233, 48.338550130384974 ], [ 14.709110695123403, 48.338572399508628 ], [ 14.709047590475283, 48.338558930218724 ], [ 14.708894245498897, 48.338607702649369 ], [ 14.70893548171226, 48.338646260590053 ], [ 14.708924897291935, 48.338842149502391 ], [ 14.708943443308444, 48.33887485772572 ], [ 14.708946140157316, 48.338879863924781 ], [ 14.709155405098388, 48.339168339762566 ], [ 14.709173191948167, 48.339192780130112 ], [ 14.70932345654337, 48.339363198564293 ], [ 14.709407651090805, 48.339484736506805 ], [ 14.70945283819424, 48.339550057174563 ], [ 14.709583480293936, 48.339738610083181 ], [ 14.70975807048643, 48.339981342363295 ], [ 14.709793264520748, 48.340066663223389 ], [ 14.709781280124215, 48.340184389079582 ], [ 14.709780529454084, 48.340191685113837 ], [ 14.709790375869117, 48.340221976955746 ], [ 14.709859185320839, 48.340434740902587 ], [ 14.709891895888106, 48.340497689779951 ], [ 14.709965261890874, 48.340648323967443 ], [ 14.710163858046302, 48.340986764588351 ], [ 14.710207003176622, 48.341071631480325 ], [ 14.710207619586809, 48.34111003924221 ], [ 14.710209834140082, 48.341254226928626 ], [ 14.710210290330838, 48.341286608927852 ], [ 14.710226476580029, 48.341347233961031 ], [ 14.71024825471781, 48.341405003991156 ], [ 14.710282313569797, 48.341452642766882 ], [ 14.710505231351004, 48.341690574339204 ], [ 14.710698060953295, 48.341923553255462 ], [ 14.71072742995409, 48.341972416886627 ], [ 14.710733054396755, 48.341975859026903 ], [ 14.710767899455218, 48.341997218596859 ], [ 14.710783676806759, 48.342006928213763 ], [ 14.710857819449423, 48.342125705022383 ], [ 14.710970662736464, 48.342223062352126 ], [ 14.711157434818347, 48.342390527680614 ], [ 14.711261809693683, 48.342484026417772 ], [ 14.711535722197466, 48.342634806638898 ], [ 14.711778730398466, 48.342785502032413 ], [ 14.711994228455779, 48.342876066006681 ], [ 14.712075117456862, 48.342908485832076 ], [ 14.712272971444472, 48.342990171627541 ], [ 14.71246128134772, 48.343245512444845 ], [ 14.712507622692796, 48.343308299226265 ], [ 14.712536679494479, 48.343335214651873 ], [ 14.712744365577333, 48.343527530115416 ], [ 14.712795988563078, 48.343621382119714 ], [ 14.712859661371583, 48.343736952908706 ], [ 14.712860474898225, 48.343742161242609 ], [ 14.712870935017875, 48.343810590671538 ], [ 14.712832393351249, 48.343964617130702 ], [ 14.712850584670685, 48.344014242315993 ], [ 14.712985594893532, 48.344213895260587 ], [ 14.713160058231793, 48.344465890232563 ], [ 14.713214722315573, 48.344496550653453 ], [ 14.713286687442722, 48.344538341724181 ], [ 14.713310051626456, 48.344660507248321 ], [ 14.713373920529497, 48.344930185283985 ], [ 14.713610948865142, 48.345281209574736 ], [ 14.713636278584001, 48.345396064567893 ], [ 14.713637359646709, 48.345401179759683 ], [ 14.713656176467088, 48.345448908131225 ], [ 14.713672539128046, 48.345490637925572 ], [ 14.71370924549521, 48.34556649329334 ], [ 14.713791952034903, 48.345651699803589 ], [ 14.713948395037345, 48.345931076428862 ], [ 14.714051468334356, 48.346010733501963 ], [ 14.714215089471816, 48.346078427333637 ], [ 14.714384091991633, 48.346115109240259 ], [ 14.714726210371287, 48.346165572481191 ], [ 14.714736632549011, 48.34616670842923 ], [ 14.714847224233109, 48.346179071912452 ], [ 14.714902643029786, 48.346207563447074 ], [ 14.714967917495013, 48.346241246020128 ], [ 14.71506219612068, 48.346517219886707 ], [ 14.715069633569517, 48.346563283669063 ], [ 14.715076547135697, 48.346620059481658 ], [ 14.715015661697887, 48.346750870658546 ], [ 14.714998304007263, 48.346788231968169 ], [ 14.715030086754478, 48.346836256188411 ], [ 14.715041191717978, 48.346852857969495 ], [ 14.715101094496763, 48.346862223690479 ], [ 14.715252889719205, 48.346886153474777 ], [ 14.715516298831316, 48.346935388743866 ], [ 14.715566640377208, 48.346960701458926 ], [ 14.715568090635886, 48.347040303157655 ], [ 14.715563020408551, 48.347052598523973 ], [ 14.715546920500042, 48.347091564360973 ], [ 14.715552779920847, 48.347194774508964 ], [ 14.71553660992746, 48.347261450347084 ], [ 14.715532729469544, 48.347277869980388 ], [ 14.71555810208751, 48.347298080990257 ], [ 14.715660137238956, 48.347379098443078 ], [ 14.715687144443352, 48.34741503388215 ], [ 14.715810713974061, 48.347498854536042 ], [ 14.715839443003013, 48.347518395909333 ], [ 14.71590081996073, 48.347598096246756 ], [ 14.715953632103068, 48.347705787279978 ], [ 14.716147259912168, 48.347795073813003 ], [ 14.716322525202109, 48.347939636453781 ], [ 14.716337299337425, 48.347967260238015 ], [ 14.716345687316023, 48.347983174423355 ], [ 14.716355313616294, 48.347999973558757 ], [ 14.716360697685555, 48.3480095358928 ], [ 14.716382012662176, 48.348074867268856 ], [ 14.716446268602224, 48.348272387076975 ], [ 14.716624730768833, 48.348354655654681 ], [ 14.716675962353561, 48.348393002232513 ], [ 14.716689402536534, 48.348481817889905 ], [ 14.716721056363559, 48.34855017522603 ], [ 14.716725635826457, 48.348559927024347 ], [ 14.716728876257628, 48.348630690869769 ], [ 14.716788908745912, 48.348680178515039 ], [ 14.717046362989908, 48.348576900765671 ], [ 14.717076943050381, 48.348564662271414 ], [ 14.717155418766916, 48.348465938563741 ], [ 14.717214587593231, 48.348457858756362 ], [ 14.717277663451725, 48.348464666679114 ], [ 14.717334251313845, 48.348466063772705 ], [ 14.717349660173605, 48.348487112458358 ], [ 14.717388746110926, 48.348540627115277 ], [ 14.717218233879571, 48.348760906974462 ], [ 14.717329153481892, 48.348956972440959 ], [ 14.717282822914138, 48.348975785565351 ], [ 14.717206849558469, 48.349041912349406 ], [ 14.717191020678793, 48.349111193310748 ], [ 14.717285247782021, 48.349243222160666 ], [ 14.717280502608707, 48.34930301515044 ], [ 14.71727415636196, 48.349383698988284 ], [ 14.717250590761132, 48.349416006334394 ], [ 14.717236012834469, 48.349436151652249 ], [ 14.717153487810268, 48.349499567279821 ], [ 14.717119497084242, 48.349525610899036 ], [ 14.716977443830338, 48.34968977413488 ], [ 14.71699060308665, 48.349702392881291 ], [ 14.717095209948726, 48.349803620616491 ], [ 14.717104496007499, 48.349837966856839 ], [ 14.7170419564286, 48.34989673678183 ], [ 14.716737043517776, 48.349880924669229 ], [ 14.716722367085815, 48.349892344501349 ], [ 14.716640643055948, 48.34995548033374 ], [ 14.716640751429363, 48.349989845588674 ], [ 14.716640686188786, 48.3499924553414 ], [ 14.716682765304556, 48.350041796293709 ], [ 14.716859729250714, 48.350249583157606 ], [ 14.716761105872349, 48.350372296440455 ], [ 14.716557199838958, 48.350626168487302 ], [ 14.716586315083761, 48.350796485990195 ], [ 14.716587752912771, 48.350804835643004 ], [ 14.716616127341627, 48.350826180326116 ], [ 14.7166362402575, 48.350841415506473 ], [ 14.716652533966618, 48.350860204645514 ], [ 14.716676074685282, 48.350887544366969 ], [ 14.716639268041236, 48.350954735126699 ], [ 14.716576158565429, 48.350972037777069 ], [ 14.716535958547826, 48.350982950861301 ], [ 14.716442600953119, 48.351030030939988 ], [ 14.716452160835079, 48.351104948050626 ], [ 14.716453853715221, 48.35111779291254 ], [ 14.716457493653305, 48.351127735793462 ], [ 14.716502266875048, 48.35124757715689 ], [ 14.716583133898007, 48.351303834835868 ], [ 14.716654595263639, 48.351316211366736 ], [ 14.716743686491874, 48.351331707255923 ], [ 14.716760786215021, 48.351335192807547 ], [ 14.716769337279082, 48.351336980550514 ], [ 14.716813967551333, 48.351375675317847 ], [ 14.716799579454609, 48.351392849466151 ], [ 14.716772892423226, 48.351424563977915 ], [ 14.716734176102859, 48.351576884035097 ], [ 14.716702121960259, 48.351589589723972 ], [ 14.71669691252978, 48.351591630789336 ], [ 14.716658771740075, 48.35170993731748 ], [ 14.716678965195952, 48.351783738552186 ], [ 14.716802900389963, 48.351875740585534 ], [ 14.716812123455059, 48.351882468406394 ], [ 14.716816320408777, 48.351887996391206 ], [ 14.716867910325876, 48.351954767459105 ], [ 14.716930278279078, 48.351945030509917 ], [ 14.716947887027979, 48.351942302427936 ], [ 14.716955817739093, 48.351925924654566 ], [ 14.7169703259045, 48.351842535046671 ], [ 14.716971631742529, 48.351770187920344 ], [ 14.71705208856649, 48.35170499779337 ], [ 14.717144988122762, 48.351711451690917 ], [ 14.717255617462541, 48.351785348422482 ], [ 14.71728798539452, 48.351885364636267 ], [ 14.717250793262638, 48.352034068159135 ], [ 14.717179785366811, 48.352074046053531 ], [ 14.717104635962512, 48.352105526435061 ], [ 14.717081677641513, 48.352115155379195 ], [ 14.717060054210611, 48.352124228679884 ], [ 14.716993178792501, 48.352157230105249 ], [ 14.716927160364076, 48.352237452776265 ], [ 14.716935993959529, 48.352305361196855 ], [ 14.717009528986594, 48.352354868315985 ], [ 14.71709235238295, 48.35237313731632 ], [ 14.717157143306347, 48.352347987520574 ], [ 14.717272519174461, 48.352286341046963 ], [ 14.717282603351272, 48.352279833794931 ], [ 14.717294536332016, 48.352302093286731 ], [ 14.717355918272354, 48.352265558346772 ], [ 14.717374208404966, 48.352273168049045 ], [ 14.717429898048271, 48.352296347267334 ], [ 14.717431370000769, 48.352300917983996 ], [ 14.71745401281393, 48.352375409707285 ], [ 14.717551550977371, 48.352444243695217 ], [ 14.717696940331379, 48.352460149714858 ], [ 14.717789101720498, 48.352464182836357 ], [ 14.718053964895082, 48.352475790099284 ], [ 14.718060540530018, 48.352474362493332 ], [ 14.718139325216477, 48.352457682476967 ], [ 14.718236372477307, 48.35247785083164 ], [ 14.718424224209379, 48.352516912030318 ], [ 14.718924040080932, 48.352526984011021 ], [ 14.718990530424067, 48.352540137953206 ], [ 14.719181043096061, 48.352577726865199 ], [ 14.719190036868573, 48.352621252797633 ], [ 14.71908791189127, 48.3527089233392 ], [ 14.719055661756087, 48.352749611023008 ], [ 14.719057237378433, 48.352758048969882 ], [ 14.719062424417864, 48.352785426526502 ], [ 14.719560372584857, 48.352836541930486 ], [ 14.719605900559879, 48.352848145585718 ], [ 14.719978823513125, 48.352943209766373 ], [ 14.719984948195298, 48.352995496356222 ], [ 14.719984559972811, 48.353036434922622 ], [ 14.720020310082202, 48.353081081850995 ], [ 14.720224653828387, 48.353141085645376 ], [ 14.720405649598634, 48.353286833470932 ], [ 14.720474365368734, 48.353322541234363 ], [ 14.720481348272793, 48.35332623663399 ], [ 14.721008465806868, 48.353367552411825 ], [ 14.721046006940869, 48.353383299028572 ], [ 14.721169408516081, 48.353434818721588 ], [ 14.721464269233788, 48.353558157107578 ], [ 14.721479830361426, 48.353564629139292 ], [ 14.721532385944439, 48.353586584248937 ], [ 14.721536236496132, 48.353589237322453 ], [ 14.72166805903915, 48.353677901580106 ], [ 14.721790025151458, 48.353791603352668 ], [ 14.72186536540905, 48.353872933461844 ], [ 14.721964066586086, 48.354100537690883 ], [ 14.722275113142725, 48.354474772708464 ], [ 14.722347146851543, 48.354558570958531 ], [ 14.722427348505875, 48.354680146946571 ], [ 14.722454484971436, 48.354841310128393 ], [ 14.722463820220812, 48.354967869146471 ], [ 14.722465966420202, 48.355007607958498 ], [ 14.72243310938825, 48.355085998989487 ], [ 14.722284535921377, 48.355344169155671 ], [ 14.722286724678307, 48.355365374732934 ], [ 14.722289293604817, 48.355435966384455 ], [ 14.72228940460411, 48.355440103436443 ], [ 14.722317114507263, 48.355537114954636 ], [ 14.722319652223639, 48.355546171140588 ], [ 14.722326911037685, 48.355570195157739 ], [ 14.722338118957296, 48.355585445533961 ], [ 14.722354717676012, 48.355610437806483 ], [ 14.722462605528928, 48.355787821697739 ], [ 14.722503275914324, 48.355844644405558 ], [ 14.722511073261545, 48.355893762130208 ], [ 14.722523773117691, 48.355914302618906 ], [ 14.722551992374651, 48.355959848214908 ], [ 14.72261836986474, 48.35624523451515 ], [ 14.722913276922879, 48.356424886634606 ], [ 14.722907617857079, 48.356646537021618 ], [ 14.723062176046188, 48.356817426193174 ], [ 14.72308808612876, 48.356832231284223 ], [ 14.723270861253459, 48.356922805139654 ], [ 14.72339357761102, 48.356983597055653 ], [ 14.723414781415956, 48.356994049941129 ], [ 14.723435165901146, 48.357004152736842 ], [ 14.723579238896598, 48.357045887114964 ], [ 14.723808274636037, 48.35705449029561 ], [ 14.723980668758065, 48.357220847168364 ], [ 14.723986831730445, 48.357616078211933 ], [ 14.723936041965207, 48.357695223348976 ], [ 14.72373974133717, 48.357744526928109 ], [ 14.72342244299551, 48.357701620262901 ], [ 14.723416249948269, 48.35770223391718 ], [ 14.723378819353695, 48.357705829119162 ], [ 14.723368317677842, 48.357706854018247 ], [ 14.722806872597754, 48.357761320169416 ], [ 14.722784152526595, 48.357794967900794 ], [ 14.722605908962951, 48.358059429480427 ], [ 14.722780967255231, 48.358214420754379 ], [ 14.722856331670249, 48.358281265578114 ], [ 14.722986755184813, 48.358442996244023 ], [ 14.723010353397379, 48.358472223247681 ], [ 14.72302026525851, 48.358479392191633 ], [ 14.723387553091687, 48.358744905878538 ], [ 14.723486098676576, 48.358845480423632 ], [ 14.723624312660762, 48.358869921497302 ], [ 14.724229202654088, 48.358773999219999 ], [ 14.724338393894477, 48.358778363844422 ], [ 14.724512720125826, 48.358785279592489 ], [ 14.724563546424262, 48.358767759551974 ], [ 14.72460286858214, 48.358754155329976 ], [ 14.724755173562682, 48.358700157662291 ], [ 14.724764362614154, 48.358705535798059 ], [ 14.724886967807636, 48.358777033280447 ], [ 14.724914674797054, 48.358984160812398 ], [ 14.725159330374716, 48.359176732449676 ], [ 14.725229236250112, 48.359346650396397 ], [ 14.725348224186353, 48.359544590829202 ], [ 14.725362447378417, 48.359671900753106 ], [ 14.725368112972788, 48.359721943350515 ], [ 14.725370594848163, 48.359743955027042 ], [ 14.725394391963029, 48.359840742567648 ], [ 14.725404085837068, 48.359879941299816 ], [ 14.725407733439205, 48.359895101744307 ], [ 14.725409543938472, 48.35990218732028 ], [ 14.725416060387372, 48.359928649033868 ], [ 14.725442338601033, 48.360037372210925 ], [ 14.725604297202372, 48.360497765469994 ], [ 14.725858107639466, 48.360754281023105 ], [ 14.726042836331482, 48.360951885059066 ], [ 14.726207168507919, 48.361018564263958 ], [ 14.726528875222714, 48.361058891857937 ], [ 14.72668624166719, 48.36118772919076 ], [ 14.726755204633106, 48.361387525662721 ], [ 14.726761732340362, 48.361439447121818 ], [ 14.726765358112406, 48.36146882217615 ], [ 14.726809570222699, 48.36154152473037 ], [ 14.726884012972631, 48.361653990006737 ], [ 14.726997618758665, 48.361812048799187 ], [ 14.727098136000922, 48.361834957355001 ], [ 14.727109002800596, 48.361837436381123 ], [ 14.727177989022174, 48.361847497128693 ], [ 14.727426826456831, 48.361883745644803 ], [ 14.727503934795424, 48.361879584623196 ], [ 14.72751227307517, 48.361878405310989 ], [ 14.727649876439816, 48.361859755993656 ], [ 14.727725698683212, 48.361827901133381 ], [ 14.727996187522958, 48.361881072640472 ], [ 14.728308369894096, 48.362048629250125 ], [ 14.728319547337781, 48.362268008937285 ], [ 14.728556753489052, 48.362418559264789 ], [ 14.728575475368144, 48.362547164358261 ], [ 14.72827667416971, 48.362725991630747 ], [ 14.728172761572376, 48.362847697666851 ], [ 14.727891843663786, 48.362988884655422 ], [ 14.727732032153593, 48.363180531705332 ], [ 14.72771528680143, 48.363210420308278 ], [ 14.727667656785428, 48.363306622330938 ], [ 14.727713148696878, 48.363597113187801 ], [ 14.727705271195751, 48.363620418256176 ], [ 14.727710612404589, 48.363658319363999 ], [ 14.72768588916075, 48.363667701530218 ], [ 14.727460113824829, 48.363961707050663 ], [ 14.727395487880246, 48.364188830522899 ], [ 14.727373204350062, 48.364223643372753 ], [ 14.727290770628747, 48.364386115377016 ], [ 14.727263330733392, 48.364485134498366 ], [ 14.727293362877511, 48.364522470440384 ], [ 14.727308631538261, 48.364618189911376 ], [ 14.7273207855043, 48.364653400575797 ], [ 14.727243386449516, 48.364912613995308 ], [ 14.727185073545325, 48.365108534056723 ], [ 14.72728849708793, 48.365404539628038 ], [ 14.727351130377221, 48.365629691159143 ], [ 14.727383887763521, 48.365728080286836 ], [ 14.727392702821724, 48.365754604317679 ], [ 14.727450070138978, 48.365904518574695 ], [ 14.727490859125634, 48.365920134353594 ], [ 14.727508731287015, 48.365927027780231 ], [ 14.727546109773785, 48.365941334865752 ], [ 14.727571485129761, 48.365951107362569 ], [ 14.727623535378946, 48.365973785548448 ], [ 14.727656732347928, 48.365988232580328 ], [ 14.727700168233692, 48.366006875413987 ], [ 14.727767646865924, 48.366035936378303 ], [ 14.727974765515482, 48.366151581719087 ], [ 14.728074968775521, 48.366207600140221 ], [ 14.728107496146844, 48.366287369188917 ], [ 14.728059572967863, 48.366322668850891 ], [ 14.728047907404477, 48.366465941729444 ], [ 14.728114057516684, 48.366711202737051 ], [ 14.72811883704961, 48.366728238774002 ], [ 14.728149702218507, 48.366986786837813 ], [ 14.728052867986499, 48.367035806518196 ], [ 14.727805859307407, 48.367053335911393 ], [ 14.727571515908171, 48.367069903614635 ], [ 14.727493183403197, 48.367114113343725 ], [ 14.727590741049269, 48.367252301239105 ], [ 14.727709359525432, 48.36744052717755 ], [ 14.727717961099106, 48.367454098862062 ], [ 14.727700777226694, 48.367477785098458 ], [ 14.727660806743531, 48.367532691616809 ], [ 14.727619184498039, 48.367531300219902 ], [ 14.727594652416657, 48.367507753105471 ], [ 14.727554736309045, 48.367469455912556 ], [ 14.727535324920602, 48.367455563684764 ], [ 14.727527201688993, 48.367449723196856 ], [ 14.727457508505887, 48.367418709361537 ], [ 14.727292982424276, 48.367345646695881 ], [ 14.727202141345025, 48.367361577076338 ], [ 14.727023040842289, 48.367509370737388 ], [ 14.726951717991497, 48.367568250417449 ], [ 14.726895736312024, 48.367705485473365 ], [ 14.727020127670169, 48.367777229261314 ], [ 14.727054957786335, 48.367832230831809 ], [ 14.727053800039922, 48.367844389852351 ], [ 14.727053600328899, 48.367847001204353 ], [ 14.72704905093695, 48.367948805199823 ], [ 14.727156407898496, 48.3681700932054 ], [ 14.727305238414559, 48.368422282690624 ], [ 14.727314720139908, 48.368438452838461 ], [ 14.72728809835481, 48.368542859837397 ], [ 14.727251990825295, 48.368565782669897 ], [ 14.727173405875934, 48.368615752855867 ], [ 14.727169986616536, 48.368659246474955 ], [ 14.727163552342663, 48.368741190878602 ], [ 14.727304897915831, 48.368865810551632 ], [ 14.727312383769386, 48.36889810816453 ], [ 14.727327230218451, 48.368963064742779 ], [ 14.727331957086822, 48.368983160208636 ], [ 14.727287685038185, 48.36898368961657 ], [ 14.727144878257917, 48.368985307230119 ], [ 14.727103491109506, 48.369002715351336 ], [ 14.727065842084084, 48.369018549372541 ], [ 14.727065883955957, 48.369155474437612 ], [ 14.727083687139796, 48.36917982181803 ], [ 14.727114392573817, 48.369222007778994 ], [ 14.727110521407779, 48.36923869744647 ], [ 14.727093574430704, 48.369311321271923 ], [ 14.727137791935112, 48.369333823435475 ], [ 14.727289612018634, 48.36931590450191 ], [ 14.727490285553099, 48.369292093224999 ], [ 14.727500302891006, 48.369293052992674 ], [ 14.727539820226104, 48.369296448835691 ], [ 14.727675503746159, 48.369351143600277 ], [ 14.727867479434272, 48.369400396709104 ], [ 14.728067383424555, 48.369533401319252 ], [ 14.728152283592875, 48.369497299452235 ], [ 14.728190908850388, 48.369497646966352 ], [ 14.728197255196664, 48.369497660993225 ], [ 14.728336852814481, 48.369527208139807 ], [ 14.728442365238253, 48.369549516084319 ], [ 14.728449333928872, 48.369552581433894 ], [ 14.728516849121437, 48.369582811077557 ], [ 14.728503786125767, 48.369619133044694 ], [ 14.728318470708915, 48.369801998967489 ], [ 14.728342679869728, 48.369863604657262 ], [ 14.728343697442387, 48.369866291407185 ], [ 14.728451403858442, 48.369964952725468 ], [ 14.728459453221245, 48.369973043138323 ], [ 14.728617709053694, 48.370203796567289 ], [ 14.728727348419497, 48.370293977858474 ], [ 14.72875084936611, 48.370309260362284 ], [ 14.728791943658724, 48.370311017557405 ], [ 14.728897922540602, 48.37031550660344 ], [ 14.728935900195571, 48.370316851237206 ], [ 14.728978797642252, 48.370305362038508 ], [ 14.728983087870935, 48.370304231104832 ], [ 14.729033238632764, 48.370296343581458 ], [ 14.729053301282153, 48.370304290123777 ], [ 14.729066614250808, 48.37032230350485 ], [ 14.729078803735515, 48.370338710979688 ], [ 14.729087463511906, 48.370349403003878 ], [ 14.729111617789375, 48.370378891961728 ], [ 14.729094482094709, 48.37040437707676 ], [ 14.729090195136472, 48.370410635936111 ], [ 14.729007057511646, 48.37041199116986 ], [ 14.728935412536638, 48.370413928472416 ], [ 14.728897987757371, 48.370433089061301 ], [ 14.728865930790231, 48.370496087917594 ], [ 14.728890170098207, 48.370573796720166 ], [ 14.728917419962688, 48.370592902772557 ], [ 14.728932698615472, 48.370603695497749 ], [ 14.728982207240971, 48.370617047243066 ], [ 14.729017336304539, 48.370662958242249 ], [ 14.729028108140128, 48.370676863695259 ], [ 14.729034967137027, 48.370685867961896 ], [ 14.729081434760287, 48.370746667214014 ], [ 14.729174637415744, 48.370823100426733 ], [ 14.729178916413915, 48.370826557795745 ], [ 14.729193720762989, 48.370839785199919 ], [ 14.729214889475703, 48.370858694105195 ], [ 14.729291735781093, 48.370949447454862 ], [ 14.729311947578587, 48.370967917980188 ], [ 14.729466794534273, 48.371047031409432 ], [ 14.729489299332061, 48.371055398452036 ], [ 14.729512475580712, 48.371098663561156 ], [ 14.72953917172511, 48.371132260338719 ], [ 14.729540046107401, 48.371169674975803 ], [ 14.729470010412657, 48.371186257484972 ], [ 14.729440091516491, 48.371193363107082 ], [ 14.729359916039995, 48.371214475226587 ], [ 14.729326557267902, 48.371234216999575 ], [ 14.729307283333634, 48.371245513396246 ], [ 14.729268872847392, 48.371268194498676 ], [ 14.729246863038718, 48.371293198202515 ], [ 14.729240366056482, 48.371357690359439 ], [ 14.729226169531449, 48.371432080804418 ], [ 14.729317753745656, 48.371563591357479 ], [ 14.729354322258486, 48.371592751672296 ], [ 14.729390893238627, 48.371622001910396 ], [ 14.729450783408204, 48.371669775387886 ], [ 14.729457408151736, 48.371675093902098 ], [ 14.729466513536932, 48.371682271955841 ], [ 14.729578894382852, 48.371683714926981 ], [ 14.729636840796893, 48.371684460321902 ], [ 14.729797511645968, 48.371764133313015 ], [ 14.729852252310794, 48.371791186545309 ], [ 14.729820703030708, 48.371807937958089 ], [ 14.729813380891462, 48.371811804165013 ], [ 14.729779700978302, 48.371829660658996 ], [ 14.729743830080382, 48.371861397870973 ], [ 14.729710598136702, 48.371890854357197 ], [ 14.729667600636349, 48.371928704505677 ], [ 14.729628302534048, 48.371963541510603 ], [ 14.729580578331388, 48.37201638228963 ], [ 14.729541034400585, 48.372052121848235 ], [ 14.729523260985697, 48.372099026112998 ], [ 14.729521343744539, 48.372148079545042 ], [ 14.729519626103162, 48.372194521624721 ], [ 14.729540363846041, 48.372212446023362 ], [ 14.729546031647301, 48.372217326172155 ], [ 14.729548934253597, 48.372219810405682 ], [ 14.729671018139307, 48.37222050734367 ], [ 14.72976693392941, 48.372232223343936 ], [ 14.729814078295417, 48.372237956113509 ], [ 14.729844805913505, 48.372260798785611 ], [ 14.729916463653829, 48.372314278730727 ], [ 14.729955737577116, 48.372343586376239 ], [ 14.730007829278842, 48.372367522525558 ], [ 14.730074815571028, 48.372367979481801 ], [ 14.730112818189102, 48.372340175059556 ], [ 14.730111834563296, 48.372313737378555 ], [ 14.730105179812142, 48.372137217436816 ], [ 14.730113758622892, 48.372124879523014 ], [ 14.730145473675856, 48.372079247546345 ], [ 14.730199871102881, 48.372098567810887 ], [ 14.730286528740386, 48.372112463491241 ], [ 14.730352301797893, 48.372123010810817 ], [ 14.730404243401527, 48.372131384779799 ], [ 14.730452658444927, 48.372139171239851 ], [ 14.730602915199821, 48.372188110226475 ], [ 14.730615582841574, 48.372192186713868 ], [ 14.730650731264065, 48.372213716693111 ], [ 14.730656085491752, 48.372216981192359 ], [ 14.730665969474366, 48.372222980287169 ], [ 14.730738961038334, 48.372420836263203 ], [ 14.730785907428295, 48.372519234119913 ], [ 14.730807278359752, 48.372530583322572 ], [ 14.730820687228366, 48.372552103953289 ], [ 14.73083573996888, 48.37254949447734 ], [ 14.730867995489332, 48.372543889888746 ], [ 14.73093180465132, 48.372471693384398 ], [ 14.731036714885915, 48.372286458877511 ], [ 14.731137985513733, 48.372186463988214 ], [ 14.731153770627138, 48.372170980807738 ], [ 14.731277901805008, 48.372187485214198 ], [ 14.731351468204128, 48.372266581205245 ], [ 14.731428992564265, 48.372367221090876 ], [ 14.731477149898719, 48.372385446066751 ], [ 14.73159985603897, 48.37241915038868 ], [ 14.731871390029928, 48.372493802279863 ], [ 14.731926681261626, 48.372506183782534 ], [ 14.731978850854111, 48.372517972961028 ], [ 14.73212023861411, 48.372583389903298 ], [ 14.732131780267148, 48.372595756444653 ], [ 14.732155565255855, 48.372621470710776 ], [ 14.732126625835518, 48.3726448487798 ], [ 14.732090547900542, 48.372673890270868 ], [ 14.732045569633415, 48.372688374370739 ], [ 14.732041515213766, 48.372688243086408 ], [ 14.73202340044941, 48.372687470815656 ], [ 14.732002178593753, 48.372686645855048 ], [ 14.731987650096389, 48.372683671411998 ], [ 14.731864106241622, 48.372658973960299 ], [ 14.731815502046295, 48.37264921113637 ], [ 14.731687639043926, 48.372669547406375 ], [ 14.731523610690491, 48.372695715134505 ], [ 14.731505524056942, 48.372735966113929 ], [ 14.731540990195953, 48.372774225356196 ], [ 14.731684381433919, 48.372928773296209 ], [ 14.731931051116796, 48.37289270749811 ], [ 14.732005563442153, 48.372881827541811 ], [ 14.732034929415743, 48.372889212142482 ], [ 14.732048252824477, 48.372892560895238 ], [ 14.732126159848583, 48.373012268133515 ], [ 14.732170877737181, 48.37302810506273 ], [ 14.732223779913348, 48.373046992516542 ], [ 14.732240141143251, 48.373052823793365 ], [ 14.732342405648108, 48.373084523529634 ], [ 14.732374951842406, 48.373094658772288 ], [ 14.732438818020789, 48.373169462243652 ], [ 14.732445490715808, 48.37317154130448 ], [ 14.732462379798537, 48.37317691639484 ], [ 14.732494386128176, 48.373187058083793 ], [ 14.732507090702303, 48.373182497363544 ], [ 14.732520335220311, 48.373177930161575 ], [ 14.732529496097394, 48.373172152470751 ], [ 14.732549288106696, 48.373160039655673 ], [ 14.732578800730199, 48.373072959961185 ], [ 14.732590555648109, 48.373038272624449 ], [ 14.732618141591916, 48.37300978273062 ], [ 14.732711449771159, 48.37302485630422 ], [ 14.73276566676082, 48.373027444212475 ], [ 14.732943188129598, 48.373035838939693 ], [ 14.733007519373915, 48.373037945452616 ], [ 14.733052596415439, 48.373082026494714 ], [ 14.733073211763802, 48.373115335625023 ], [ 14.733071033803624, 48.373129666082633 ], [ 14.73306681286612, 48.373158325376757 ], [ 14.733063263186592, 48.373181848651605 ], [ 14.733028637470046, 48.373224637513886 ], [ 14.732976232415146, 48.37328905129614 ], [ 14.732862676940089, 48.373429049359792 ], [ 14.732852095650172, 48.37344222119053 ], [ 14.732847948747999, 48.373468630477696 ], [ 14.732857870924487, 48.373481016387828 ], [ 14.732904591162779, 48.37351095337921 ], [ 14.732939628336499, 48.37353329369148 ], [ 14.733006748686472, 48.373523671383992 ], [ 14.733024097549299, 48.373506100007255 ], [ 14.733093109815009, 48.373436628750227 ], [ 14.733156713991294, 48.373381886547399 ], [ 14.733188255786239, 48.373354878414119 ], [ 14.733488388267723, 48.373393287483339 ], [ 14.733841365766413, 48.3734384380327 ], [ 14.733924538863556, 48.373453182578039 ], [ 14.733948251899914, 48.373466212395769 ], [ 14.733943145564433, 48.373526999580662 ], [ 14.733883617124553, 48.373577644864525 ], [ 14.733807064580866, 48.373642888893357 ], [ 14.733779477646818, 48.373666341081311 ], [ 14.733753370083587, 48.373724501669706 ], [ 14.733778756781435, 48.373749476654361 ], [ 14.733863887950813, 48.373746744672204 ], [ 14.733920013737636, 48.373744990840819 ], [ 14.733942265955923, 48.373738965800293 ], [ 14.733961705329847, 48.373733784226687 ], [ 14.73414127319994, 48.373678008097997 ], [ 14.73417662513492, 48.373667057508186 ], [ 14.734209164223968, 48.373656950384792 ], [ 14.734263309198971, 48.37371171770824 ], [ 14.734246850688933, 48.373767153501475 ], [ 14.734231762585718, 48.373818344506155 ], [ 14.734224703696826, 48.37384190998295 ], [ 14.734205677925715, 48.373852394517648 ], [ 14.734123862774181, 48.373897819895767 ], [ 14.734104595589191, 48.373934306964962 ], [ 14.734084434579215, 48.373972694017326 ], [ 14.734076474262741, 48.373987903643723 ], [ 14.734067352599666, 48.374005106434886 ], [ 14.734054236159222, 48.374029374427835 ], [ 14.734119897891366, 48.374080584801561 ], [ 14.734142657946771, 48.374098304168157 ], [ 14.734159556155806, 48.374108986793544 ], [ 14.734177693617736, 48.374120554167803 ], [ 14.734302241677577, 48.374187160450937 ], [ 14.734327550380476, 48.374189285351392 ], [ 14.734336751553553, 48.374189984457985 ], [ 14.734362008833983, 48.374180234696468 ], [ 14.734369092643885, 48.374177540606446 ], [ 14.734402545314564, 48.374086454686044 ], [ 14.734432476295398, 48.374004947279211 ], [ 14.734478142787447, 48.374010875873942 ], [ 14.734726644899798, 48.374147063635455 ], [ 14.734733425762704, 48.37420797784953 ], [ 14.734642526571385, 48.374232101300407 ], [ 14.734619061754877, 48.374238231010743 ], [ 14.734568297446646, 48.374243519299625 ], [ 14.734563407559319, 48.374247446531498 ], [ 14.734547409916816, 48.374260053864354 ], [ 14.7345449254128, 48.374297958647496 ], [ 14.734570071684697, 48.374314029896929 ], [ 14.734654394517271, 48.374435997423937 ], [ 14.73470387873696, 48.374473187581096 ], [ 14.734780099088818, 48.374530298270884 ], [ 14.734825603132977, 48.37460001329071 ], [ 14.734888149952859, 48.374695702985392 ], [ 14.735043816936624, 48.374749519324567 ], [ 14.735084918405537, 48.374746416191819 ], [ 14.735119822486151, 48.374743837381047 ], [ 14.73521887803679, 48.374646924435034 ], [ 14.735223335152334, 48.37464696080427 ], [ 14.73524089850685, 48.374647289395803 ], [ 14.73537669093295, 48.374710160769311 ], [ 14.73538041364815, 48.374712994854235 ], [ 14.735489990017269, 48.374795073846187 ], [ 14.735523148093483, 48.374822743880067 ], [ 14.735543734481396, 48.374839949334991 ], [ 14.735576284415252, 48.37486510767107 ], [ 14.735623141929448, 48.374885055913602 ], [ 14.735634019188026, 48.374887803935671 ], [ 14.735651552433342, 48.37489200128843 ], [ 14.735669107071066, 48.374887022034386 ], [ 14.735678353200969, 48.374884391821027 ], [ 14.736016994448075, 48.375022911242944 ], [ 14.736031469290085, 48.375028854655397 ], [ 14.736043622467742, 48.375033836393236 ], [ 14.736063108149725, 48.375045297293198 ], [ 14.736156298317743, 48.375100673529388 ], [ 14.736136784342646, 48.375123039519252 ], [ 14.735961820579636, 48.375323875476589 ], [ 14.735886364914673, 48.375324963170257 ], [ 14.73570589275665, 48.375327583953577 ], [ 14.735747994694863, 48.375396259964859 ], [ 14.735891820312135, 48.375630865670921 ], [ 14.735948809179851, 48.375670843876051 ], [ 14.735962024461614, 48.375680131124653 ], [ 14.736205169832358, 48.375658133262121 ], [ 14.736281279883711, 48.375651279786872 ], [ 14.736300750553953, 48.37565221502043 ], [ 14.736454090946578, 48.375659905884923 ], [ 14.736421918105341, 48.375842920336076 ], [ 14.736429797692965, 48.375879530886451 ], [ 14.736453452377736, 48.375885363771182 ], [ 14.736527813250278, 48.37590363119206 ], [ 14.736557681820473, 48.37589958317475 ], [ 14.736645402472325, 48.375887641694412 ], [ 14.736698116833685, 48.375854620085789 ], [ 14.736709403465563, 48.375847556987509 ], [ 14.736724815698416, 48.37581336501237 ], [ 14.73676570209369, 48.37572263878188 ], [ 14.736896706316395, 48.375723310840208 ], [ 14.736966394432693, 48.375723641399844 ], [ 14.737079977240869, 48.375724253100032 ], [ 14.737069445400568, 48.376008036951504 ], [ 14.73707673181284, 48.376012807287253 ], [ 14.737114398356857, 48.37603736380899 ], [ 14.737140477395288, 48.376047935466374 ], [ 14.737170515184557, 48.37606007880597 ], [ 14.737199357521272, 48.376058022193682 ], [ 14.737204207541875, 48.3760576039368 ], [ 14.737243415125558, 48.376054342932512 ], [ 14.737259466345879, 48.376043713805238 ], [ 14.73726264763838, 48.376041516356771 ], [ 14.737266577893475, 48.376037060785059 ], [ 14.737277835999571, 48.376023970375797 ], [ 14.737347978426834, 48.375901674067393 ], [ 14.737402282893294, 48.375852619362028 ], [ 14.737448412901992, 48.375810860212567 ], [ 14.737468570821317, 48.375812236796214 ], [ 14.737535420501679, 48.375852275408555 ], [ 14.737542994911562, 48.375867658021015 ], [ 14.737511503579256, 48.376001004365996 ], [ 14.737510906704358, 48.376003890408455 ], [ 14.737510137589133, 48.376025311146201 ], [ 14.737507485498064, 48.376096774644239 ], [ 14.737532961986281, 48.376100066373674 ], [ 14.737564061855778, 48.37610158104853 ], [ 14.737590109137825, 48.376096049401355 ], [ 14.737610380961017, 48.376091666882395 ], [ 14.737726150374799, 48.376018570960973 ], [ 14.737880823255793, 48.375921075777079 ], [ 14.737930723014466, 48.375928661361066 ], [ 14.737989981285587, 48.375937753528191 ], [ 14.738001515867177, 48.375979627836188 ], [ 14.738003017163473, 48.375985187528201 ], [ 14.737999424595536, 48.375997106084952 ], [ 14.737955093822055, 48.376139963519996 ], [ 14.737859335666384, 48.376129421799853 ], [ 14.737778205723554, 48.376120503072272 ], [ 14.73774815933683, 48.376147854265739 ], [ 14.737769086684024, 48.37620742835356 ], [ 14.737793018980883, 48.376213527517805 ], [ 14.73788507652548, 48.376236978752694 ], [ 14.737917522279865, 48.376233349162185 ], [ 14.738082031908785, 48.376125119442925 ], [ 14.738100044711363, 48.376127061550008 ], [ 14.738148206473689, 48.376155179818703 ], [ 14.738220518603212, 48.376227269439539 ], [ 14.738236163292234, 48.376226541136013 ], [ 14.73828148230869, 48.376224555603287 ], [ 14.738382825093383, 48.376107550418816 ], [ 14.738492866191118, 48.376042349643299 ], [ 14.738614038894319, 48.37602406586403 ], [ 14.738657936091522, 48.376044318478179 ], [ 14.738763921713071, 48.376093330898279 ], [ 14.739124196565591, 48.376202432230954 ], [ 14.739130050181718, 48.376204160933867 ], [ 14.73920807619278, 48.376148521852329 ], [ 14.739201703937933, 48.376053146663558 ], [ 14.739201052176167, 48.37604406813724 ], [ 14.739173269113515, 48.375975760457379 ], [ 14.739196723179356, 48.375959284083272 ], [ 14.739225349128537, 48.375939326698202 ], [ 14.739286951957684, 48.375925359096932 ], [ 14.739292197155363, 48.375924576130451 ], [ 14.739370629551095, 48.375913734208439 ], [ 14.739425518709213, 48.375906144994431 ], [ 14.739480945381027, 48.375898459307301 ], [ 14.739594535363706, 48.375904286402267 ], [ 14.739739459377981, 48.375989803570917 ], [ 14.739797784990259, 48.376024186022406 ], [ 14.739861792905863, 48.376078831808876 ], [ 14.739813210513747, 48.37613960396417 ], [ 14.739793751503901, 48.376163949119743 ], [ 14.739806360524067, 48.37618071028448 ], [ 14.739820930360022, 48.376200056755614 ], [ 14.739845596244141, 48.376233135917765 ], [ 14.740012725315982, 48.37631082787572 ], [ 14.740054422165686, 48.376349459219782 ], [ 14.740060334506541, 48.376353346309159 ], [ 14.740196738246315, 48.376443284002029 ], [ 14.740219931257359, 48.3764817787117 ], [ 14.74026349521888, 48.376554303960589 ], [ 14.740265892835664, 48.37655805352469 ], [ 14.740294747404215, 48.376606106069353 ], [ 14.74030002926318, 48.376631502202166 ], [ 14.740315150986998, 48.37670590004889 ], [ 14.740369059158013, 48.376721802899475 ], [ 14.740374233005911, 48.376723359815919 ], [ 14.740495801401565, 48.376759317743556 ], [ 14.740498497899319, 48.376769091297753 ], [ 14.740504472457035, 48.376790160778349 ], [ 14.74050211590437, 48.376792888146781 ], [ 14.740483135815204, 48.3768149785258 ], [ 14.740417204063304, 48.376838625158925 ], [ 14.740384170666838, 48.376850449275992 ], [ 14.740361999512661, 48.376874377428791 ], [ 14.74033811985246, 48.376900035514844 ], [ 14.740338380509082, 48.376919554601272 ], [ 14.740346089806147, 48.376994491709482 ], [ 14.740198820497284, 48.377026496828471 ], [ 14.740182890416063, 48.377031637081693 ], [ 14.740118777295397, 48.377052652632656 ], [ 14.7401468478834, 48.377111600331716 ], [ 14.740317034381825, 48.37715758757605 ], [ 14.74031862342926, 48.377196163038185 ], [ 14.740226441892444, 48.377371895904183 ], [ 14.740229033717014, 48.377492056773143 ], [ 14.740229627396319, 48.377518858934025 ], [ 14.740253941035464, 48.377548883469856 ], [ 14.740281749467535, 48.377583274072514 ], [ 14.740320353940247, 48.377582628286689 ], [ 14.740450072122274, 48.377580523040571 ], [ 14.740705450474572, 48.377531379006697 ], [ 14.740746822425743, 48.377543114730834 ], [ 14.740828951193759, 48.377583686756999 ], [ 14.740891921943916, 48.377659666009485 ], [ 14.740917887813307, 48.377690839998294 ], [ 14.74086240460838, 48.37781566038668 ], [ 14.740882743709996, 48.377913025978394 ], [ 14.740888968982356, 48.377933372692048 ], [ 14.74089160734893, 48.377936039765785 ], [ 14.740989109230478, 48.378035352622646 ], [ 14.740994793865099, 48.378035823775569 ], [ 14.741014825086056, 48.378037471178736 ], [ 14.741149682859479, 48.378050507061154 ], [ 14.741165389230233, 48.378052026731076 ], [ 14.74121616555531, 48.378056991387545 ], [ 14.741288487470133, 48.378124220945914 ], [ 14.741407120490683, 48.378206005160685 ], [ 14.741552783264845, 48.37822403805049 ], [ 14.741583979223376, 48.378238955170602 ], [ 14.74164199001684, 48.378266593200451 ], [ 14.741678089607055, 48.378387248934807 ], [ 14.741821297857287, 48.378582990381261 ], [ 14.741878662460955, 48.378661285927357 ], [ 14.741883039825105, 48.378683184301877 ], [ 14.741856954096372, 48.378870894780604 ], [ 14.741910256096654, 48.379028137946186 ], [ 14.741926955046726, 48.37912563727361 ], [ 14.741921188472071, 48.379241220902756 ], [ 14.74191828558914, 48.379298293238485 ], [ 14.741948705525463, 48.379329323219331 ], [ 14.74205071937871, 48.379346173521455 ], [ 14.742112849166483, 48.379356398476276 ], [ 14.742176635809086, 48.37951675352938 ], [ 14.742197267259554, 48.379545382724487 ], [ 14.742201196712406, 48.37955082305627 ], [ 14.742283918795469, 48.379593186187805 ], [ 14.742429634461649, 48.379617964693708 ], [ 14.74246775889781, 48.379624431184176 ], [ 14.742640220048729, 48.379649425977036 ], [ 14.742752133273926, 48.379682619457732 ], [ 14.742852063460901, 48.379712179199629 ], [ 14.742874228883, 48.379752485072707 ], [ 14.742916274991877, 48.379729395769537 ], [ 14.742947542605002, 48.379712194464489 ], [ 14.74305786475489, 48.379711760299109 ], [ 14.743137797193123, 48.379800398133959 ], [ 14.743111085374727, 48.379920373421442 ], [ 14.743106155452836, 48.379942654171771 ], [ 14.743088242706278, 48.380023748512862 ], [ 14.743189298062864, 48.380104483961368 ], [ 14.743237507281233, 48.380094454789685 ], [ 14.743293349089974, 48.380057254094901 ], [ 14.743366832653241, 48.380008324618267 ], [ 14.74339362554783, 48.37999045759625 ], [ 14.743448129570897, 48.380008241094636 ], [ 14.743493640029927, 48.380023074557613 ], [ 14.74350095444391, 48.380093248091718 ], [ 14.743502940176358, 48.380156198974788 ], [ 14.743505877116281, 48.380249096409671 ], [ 14.74350860082488, 48.380334169540092 ], [ 14.743509238296337, 48.380352604477579 ], [ 14.743509409870382, 48.380358899891803 ], [ 14.743510765699998, 48.380398737604331 ], [ 14.743509002888089, 48.380408385086263 ], [ 14.743495479606764, 48.380486997360045 ], [ 14.743334198617751, 48.38057504346957 ], [ 14.743294736128604, 48.38066818371373 ], [ 14.743318952631009, 48.380749038507233 ], [ 14.743450441483594, 48.380796748729331 ], [ 14.743510277988962, 48.380811948718154 ], [ 14.743515307529719, 48.380813147387386 ], [ 14.74354109840276, 48.380817963418025 ], [ 14.743558744792354, 48.380821258593592 ], [ 14.743567996292574, 48.380823755659264 ], [ 14.743574933079934, 48.380825561007164 ], [ 14.743724014352019, 48.380750706945676 ], [ 14.743734272526288, 48.380745544871054 ], [ 14.743730592883775, 48.380610553229737 ], [ 14.743733191787014, 48.380557263029132 ], [ 14.743757136055635, 48.380509202439271 ], [ 14.743786103697753, 48.380496796838059 ], [ 14.743846804416497, 48.380499121328079 ], [ 14.743853699491801, 48.380499397773562 ], [ 14.743936189806302, 48.380587644261986 ], [ 14.743954272570395, 48.380606947713723 ], [ 14.743969012540745, 48.3806126170564 ], [ 14.74400354164035, 48.380625873860133 ], [ 14.744034111458751, 48.38063755920173 ], [ 14.744060996905842, 48.380647849686447 ], [ 14.744174256966755, 48.380641171418354 ], [ 14.744231284186245, 48.380607824397039 ], [ 14.744267309090555, 48.380586786686784 ], [ 14.744432222015428, 48.380582451933122 ], [ 14.744505615424714, 48.380604504547911 ], [ 14.744540883556658, 48.380615143289681 ], [ 14.744710277815065, 48.38066617182001 ], [ 14.744993646363165, 48.380751536049743 ], [ 14.745124328760054, 48.380848824412865 ], [ 14.745257407820228, 48.380875551718326 ], [ 14.745272346852003, 48.380878609527493 ], [ 14.745279038235301, 48.380881317387988 ], [ 14.745362349205568, 48.38091539453491 ], [ 14.745454128860425, 48.38095296762657 ], [ 14.745450753666969, 48.380967852587595 ], [ 14.745448460989222, 48.380977866374259 ], [ 14.745442120594191, 48.380978123089513 ], [ 14.745382501730457, 48.380980824313269 ], [ 14.745324004611216, 48.380989989340961 ], [ 14.745231348333347, 48.381004426038082 ], [ 14.745207815441823, 48.381008129630857 ], [ 14.745203779969438, 48.381008718279993 ], [ 14.745075574375853, 48.381106172380079 ], [ 14.74505096613181, 48.381124912970691 ], [ 14.744987104377534, 48.381219608701926 ], [ 14.744973215593358, 48.381240198706571 ], [ 14.744983004532445, 48.381267339325689 ], [ 14.744998657521428, 48.38131141216865 ], [ 14.745013297151438, 48.381318342093977 ], [ 14.745086632821593, 48.381353079992536 ], [ 14.745224551080604, 48.381418523292709 ], [ 14.745342478718337, 48.381483848658803 ], [ 14.745427103989039, 48.381506664330914 ], [ 14.745494720800023, 48.381524827870926 ], [ 14.745540839481013, 48.381551978267794 ], [ 14.745603564204938, 48.381588823570119 ], [ 14.745628157816274, 48.38163386761066 ], [ 14.745753150793723, 48.381621557912581 ], [ 14.745840027260423, 48.38161303850179 ], [ 14.745885014393307, 48.38160862506188 ], [ 14.745870775026379, 48.381660886794094 ], [ 14.745859363385041, 48.381702948321127 ], [ 14.74586980088197, 48.381724143377838 ], [ 14.745876094805347, 48.38173702196611 ], [ 14.746004275073295, 48.381831550774692 ], [ 14.746059702484461, 48.38185337027118 ], [ 14.746066664052433, 48.38185607481384 ], [ 14.746088400459019, 48.381855811456283 ], [ 14.74611189197892, 48.381855526829284 ], [ 14.746137710243937, 48.381826695376773 ], [ 14.746155816138428, 48.381827015780289 ], [ 14.746160681361603, 48.381827136758254 ], [ 14.74616838176663, 48.381827223382892 ], [ 14.746310794858976, 48.381898908443226 ], [ 14.746327501716177, 48.381907342545574 ], [ 14.746334073015028, 48.381910591586568 ], [ 14.746349547607297, 48.38191841086968 ], [ 14.746364811513825, 48.381953131978712 ], [ 14.746362293160894, 48.381964767869718 ], [ 14.746355452362762, 48.381996158285411 ], [ 14.746351054301535, 48.382047761026655 ], [ 14.746428462737628, 48.382137596747057 ], [ 14.746590073467102, 48.382234688590756 ], [ 14.746603634781344, 48.382305955735653 ], [ 14.746605213337499, 48.382314303266135 ], [ 14.746544155678842, 48.382378108138411 ], [ 14.746535618295317, 48.382386938129045 ], [ 14.746531360027085, 48.382423875025175 ], [ 14.746546783123875, 48.382424857634007 ], [ 14.74662836623658, 48.382430166318201 ], [ 14.746839421957185, 48.382443711592828 ], [ 14.746935750732895, 48.382449920879012 ], [ 14.746987567778181, 48.382453251101389 ], [ 14.747052588806376, 48.382455431608676 ], [ 14.747071107329317, 48.382456016762333 ], [ 14.747145597040362, 48.382483452299162 ], [ 14.747192583561668, 48.382497816624095 ], [ 14.747239165077804, 48.382512185841335 ], [ 14.747254239709433, 48.382515241757361 ], [ 14.747274204210619, 48.382519317946169 ], [ 14.747340617560139, 48.382532906854713 ], [ 14.747496266243662, 48.382564935732745 ], [ 14.74756640688093, 48.382601240234088 ], [ 14.747622027523086, 48.382630073857207 ], [ 14.747661339909525, 48.382744121363629 ], [ 14.747676158516416, 48.382787214366687 ], [ 14.74764863730841, 48.382822904080662 ], [ 14.747645637760153, 48.382826808919972 ], [ 14.747640156582042, 48.382833802639368 ], [ 14.747662574565947, 48.382863398814656 ], [ 14.74769053420002, 48.382863509500645 ], [ 14.747701069999385, 48.38286356163384 ], [ 14.747853709872896, 48.382884291061217 ], [ 14.747902645679153, 48.382890894543038 ], [ 14.747966381177621, 48.382949767541227 ], [ 14.7479579526465, 48.383026789118908 ], [ 14.747917591078266, 48.383071990937587 ], [ 14.747911432392765, 48.383078902924119 ], [ 14.747916185304526, 48.383089730922698 ], [ 14.747931580701636, 48.383124270302247 ], [ 14.747935179759269, 48.38313241337449 ], [ 14.748042479309328, 48.383169346360603 ], [ 14.748073481888085, 48.383196769129555 ], [ 14.748074083654492, 48.383203958957715 ], [ 14.748074658370689, 48.383210159508764 ], [ 14.748079241350419, 48.383259224310827 ], [ 14.748080019936046, 48.383267941383387 ], [ 14.748095198122318, 48.383274774429317 ], [ 14.748112975976754, 48.38328283542895 ], [ 14.748159072013747, 48.383289293333874 ], [ 14.748178248444836, 48.383284292557555 ], [ 14.748238460747062, 48.383268627904471 ], [ 14.748310610403239, 48.383249939511416 ], [ 14.748342176491436, 48.383253514880799 ], [ 14.74843325842417, 48.383299910616714 ], [ 14.748459396471537, 48.383337108444692 ], [ 14.748470777713374, 48.383353253826357 ], [ 14.748561430012824, 48.383393807010059 ], [ 14.748613937348965, 48.383387771874915 ], [ 14.748651477361795, 48.383372742045069 ], [ 14.748689552482702, 48.38335752577941 ], [ 14.748756482747924, 48.383330713728412 ], [ 14.748784932864282, 48.383319122865096 ], [ 14.748795753236099, 48.383314763203984 ], [ 14.74882086493068, 48.383304562318315 ], [ 14.74894446624425, 48.383320244987381 ], [ 14.748983016483614, 48.383327333960274 ], [ 14.748981656842361, 48.383331938637639 ], [ 14.748974132220747, 48.383358029623395 ], [ 14.748973145626593, 48.383361460237936 ], [ 14.749021868780687, 48.383409629264875 ], [ 14.749024358068059, 48.383411758181865 ], [ 14.749044699560001, 48.383429594006387 ], [ 14.749050124678197, 48.383430427780986 ], [ 14.749133403955923, 48.383443361090798 ], [ 14.749245843932867, 48.383460798317145 ], [ 14.749269886800764, 48.38353985472969 ], [ 14.749271512233637, 48.38354496294739 ], [ 14.749272990347672, 48.383549623133334 ], [ 14.749301740067718, 48.383573654301443 ], [ 14.749317498296794, 48.38358686759986 ], [ 14.749403228188594, 48.383605438701409 ], [ 14.749462156224249, 48.383616868217914 ], [ 14.749488314114265, 48.383644889239079 ], [ 14.74950152931404, 48.383658943074728 ], [ 14.749494753613478, 48.3837173221184 ], [ 14.749483122545495, 48.383746341858895 ], [ 14.749481978809747, 48.383748964708815 ], [ 14.749395142765749, 48.383813354015402 ], [ 14.749391431301472, 48.383815918082476 ], [ 14.749354056456399, 48.383841921762759 ], [ 14.74930050769575, 48.383879007491103 ], [ 14.749331922050496, 48.383916500910729 ], [ 14.749382733446536, 48.383942243363009 ], [ 14.749434449128978, 48.383946743280703 ], [ 14.749471543912776, 48.383949981315141 ], [ 14.749560526345826, 48.383959066573112 ], [ 14.74968190264542, 48.384001944665087 ], [ 14.749782784051606, 48.38404606119542 ], [ 14.749769045750037, 48.384091839883844 ], [ 14.749739406514928, 48.384124137171078 ], [ 14.749720489230592, 48.38414847733673 ], [ 14.749711230641692, 48.384160555024167 ], [ 14.749704446232984, 48.384169273985975 ], [ 14.749702696361791, 48.384174423195134 ], [ 14.749691583603084, 48.384207575004119 ], [ 14.749683347208364, 48.384232325212139 ], [ 14.749654720861058, 48.384316429496074 ], [ 14.749653721984135, 48.384319410443922 ], [ 14.749649463830904, 48.384331607317598 ], [ 14.749679369422948, 48.384343569162588 ], [ 14.749740142989225, 48.384368110888822 ], [ 14.749771690964938, 48.384380862437773 ], [ 14.749768240812804, 48.384427505752363 ], [ 14.749767750395543, 48.384434259017119 ], [ 14.749645127449355, 48.384503761310789 ], [ 14.749652460921828, 48.384515097679021 ], [ 14.749723556783724, 48.384625609678608 ], [ 14.749681637655373, 48.384682976150422 ], [ 14.74966470654908, 48.384774945167614 ], [ 14.749689118392347, 48.384847699495481 ], [ 14.749734867128334, 48.384880880343928 ], [ 14.74979907747721, 48.384927331532708 ], [ 14.749833938429633, 48.384952547830288 ], [ 14.749916572419778, 48.3850256744144 ], [ 14.750002798351927, 48.385101726117227 ], [ 14.749995730329498, 48.385124752825682 ], [ 14.749989646399117, 48.38514425897889 ], [ 14.749961114040133, 48.385236728821013 ], [ 14.749960938000271, 48.385245097618473 ], [ 14.749960417267813, 48.38527047381325 ], [ 14.749959463611628, 48.385314567793927 ], [ 14.749957732755067, 48.385399334974373 ], [ 14.750012770025286, 48.385416569196764 ], [ 14.750080342267841, 48.385437789448559 ], [ 14.750137014612632, 48.385455543532245 ], [ 14.750158498738632, 48.385500264534322 ], [ 14.750134822779371, 48.385543195164388 ], [ 14.750113203637472, 48.385582322308039 ], [ 14.750285542078057, 48.385887995377153 ], [ 14.750362911016957, 48.386025240021901 ], [ 14.750346345316936, 48.386051620861004 ], [ 14.750332631798685, 48.386073648764807 ], [ 14.750327197440152, 48.386082351348648 ], [ 14.750318873739912, 48.386118708003934 ], [ 14.750338572113643, 48.386147527028136 ], [ 14.750358407992415, 48.386176434342019 ], [ 14.750373878456825, 48.386198827324776 ], [ 14.750383276580532, 48.386206629956519 ], [ 14.750473243851495, 48.386281106451115 ], [ 14.750483520989391, 48.386316067533443 ], [ 14.75045507992693, 48.386332966548601 ], [ 14.750379046266911, 48.386333260769291 ], [ 14.750364189109586, 48.386333261381139 ], [ 14.750323673172398, 48.386333393853469 ], [ 14.750287885408058, 48.386333558823871 ], [ 14.750281787778016, 48.386337771261694 ], [ 14.750274764709626, 48.386342714656372 ], [ 14.75026628104718, 48.38634857543834 ], [ 14.750251833201004, 48.386422701426753 ], [ 14.750249462840291, 48.386434785408589 ], [ 14.750187031810878, 48.386463252890387 ], [ 14.750172892029392, 48.386469722171356 ], [ 14.750166222273446, 48.386472772021541 ], [ 14.750136161925434, 48.386474936529048 ], [ 14.750102733446731, 48.386477411841582 ], [ 14.750048948858488, 48.386481303983224 ], [ 14.750002580549481, 48.38648474614731 ], [ 14.750000509296886, 48.386492958036207 ], [ 14.749996980327928, 48.386507125259655 ], [ 14.749991986252347, 48.386526978015098 ], [ 14.749987608174592, 48.386544664150186 ], [ 14.749981345356478, 48.386656295618039 ], [ 14.74999449954699, 48.386692751171481 ], [ 14.750009556792529, 48.386734581444728 ], [ 14.750013217994695, 48.386744972792286 ], [ 14.749984187205101, 48.386760079568752 ], [ 14.749796944812733, 48.386857266121545 ], [ 14.74975418680347, 48.386884054970075 ], [ 14.749722694651895, 48.38691286610343 ], [ 14.749711493558085, 48.386923078119707 ], [ 14.749614668056521, 48.387111199296676 ], [ 14.749613046486871, 48.387125973085325 ], [ 14.749651731193502, 48.387182270530772 ], [ 14.749686860190133, 48.38725669391097 ], [ 14.749719600496389, 48.387268531357435 ], [ 14.749770350955401, 48.387286987302033 ], [ 14.749825864592344, 48.387311682846764 ], [ 14.7498701685067, 48.387331476549093 ], [ 14.749881105773973, 48.387336291711073 ], [ 14.749897613872031, 48.387347246716232 ], [ 14.749962136454476, 48.387390185415036 ], [ 14.750034830771407, 48.387450387853718 ], [ 14.750061365995798, 48.387472376554868 ], [ 14.750065242695804, 48.387475838053113 ], [ 14.750076052807923, 48.387485872653116 ], [ 14.750106953580808, 48.387514375678343 ], [ 14.75008696735679, 48.387539178660461 ], [ 14.750044250906365, 48.387597094635161 ], [ 14.750024743905032, 48.387599940571789 ], [ 14.749978468172609, 48.387606800218975 ], [ 14.749969951055323, 48.387626245940474 ], [ 14.749950281559224, 48.387652754364616 ], [ 14.749954552701244, 48.387675553329828 ], [ 14.749969978690736, 48.387691379524561 ], [ 14.749974147612475, 48.387695647151517 ], [ 14.749992757122708, 48.387704417479746 ], [ 14.750057068000578, 48.38773467377677 ], [ 14.75009407368109, 48.387754286167556 ], [ 14.750108737981687, 48.387762024840086 ], [ 14.750127377093499, 48.387771874355231 ], [ 14.750152661508695, 48.387777774679591 ], [ 14.750171695414647, 48.38778231151656 ], [ 14.750246280423578, 48.387783294554346 ], [ 14.750327299333614, 48.387777542031891 ], [ 14.750418036884032, 48.387791283502786 ], [ 14.750426032725121, 48.387816916037671 ], [ 14.750432547769512, 48.387837798475289 ], [ 14.750435725697045, 48.387850264850698 ], [ 14.750368005403397, 48.387882935009372 ], [ 14.750339249510535, 48.387903166466316 ], [ 14.750328062193352, 48.38790402211535 ], [ 14.750320110534467, 48.387904658519261 ], [ 14.750289280883196, 48.387933011918953 ], [ 14.75028733680178, 48.387936004351836 ], [ 14.750285132523949, 48.387939359802132 ], [ 14.75025325152294, 48.387988507643158 ], [ 14.750264286374984, 48.388011674234143 ], [ 14.750282778265666, 48.388021075693771 ], [ 14.750300722674565, 48.388030213910874 ], [ 14.75034170997281, 48.38804231083521 ], [ 14.750371821408171, 48.388051840982605 ], [ 14.750441859577061, 48.388098850739091 ], [ 14.750445677692362, 48.388105101819619 ], [ 14.750456277551146, 48.388122246092621 ], [ 14.750460797893277, 48.388129478242817 ], [ 14.750464193693603, 48.388135104706905 ], [ 14.750468856453516, 48.38814260501799 ], [ 14.750450773166399, 48.388197432894927 ], [ 14.750430655211526, 48.388232223528107 ], [ 14.750384043626443, 48.388276152561723 ], [ 14.750335081425202, 48.388308234894502 ], [ 14.750323671226477, 48.388315750583068 ], [ 14.750290569627369, 48.388335135185251 ], [ 14.750275844457679, 48.388335044211196 ], [ 14.750260849237018, 48.388334956516495 ], [ 14.750252742780344, 48.388334875084027 ], [ 14.7502587674296, 48.38836251078159 ], [ 14.750264461121501, 48.388368199294788 ], [ 14.750309475525375, 48.388413893820413 ], [ 14.750355925110469, 48.388447875575757 ], [ 14.750376916908452, 48.388489363775605 ], [ 14.750408772556041, 48.388508318935536 ], [ 14.750418732451713, 48.388507028375969 ], [ 14.750454675985385, 48.388502633185126 ], [ 14.750459027905793, 48.388493853797343 ], [ 14.750479891576164, 48.38845176702182 ], [ 14.750556978036059, 48.388440484376126 ], [ 14.750704568591143, 48.388438960536462 ], [ 14.750744333199076, 48.388470504398654 ], [ 14.750754829246279, 48.388478923401408 ], [ 14.750768951803122, 48.388516176755935 ], [ 14.750747323045186, 48.388589490376901 ], [ 14.750722894646215, 48.388629641319028 ], [ 14.750716303983737, 48.388640517097436 ], [ 14.750674644899139, 48.38866801260513 ], [ 14.750527670261009, 48.388647667674199 ], [ 14.750468541052786, 48.388648836046443 ], [ 14.750413623998865, 48.388695295033678 ], [ 14.75041091519107, 48.388842958779492 ], [ 14.750406781554478, 48.388849846268478 ], [ 14.750371670232912, 48.388909289258173 ], [ 14.750521253704768, 48.38899032834572 ], [ 14.750655056166559, 48.389091890888984 ], [ 14.750708237263456, 48.389139825066252 ], [ 14.750607252741878, 48.389205736447003 ], [ 14.750558949756796, 48.389207672924258 ], [ 14.750543568909103, 48.389208309660653 ], [ 14.75042466944867, 48.38914291132803 ], [ 14.750374474124969, 48.389149728776346 ], [ 14.750350775242865, 48.389226396112448 ], [ 14.75036352509237, 48.389287506621272 ], [ 14.750541019851964, 48.389430821420319 ], [ 14.750474074526235, 48.389501716839547 ], [ 14.750444100186774, 48.389497223027462 ], [ 14.750400833934181, 48.389490731587323 ], [ 14.750330713808546, 48.389480248157405 ], [ 14.750179018575013, 48.389489828144136 ], [ 14.750153176571088, 48.389517850987211 ], [ 14.750160840646897, 48.389565888565443 ], [ 14.750165368023419, 48.389568442514907 ], [ 14.750192519976366, 48.38958331653815 ], [ 14.750324859911192, 48.389656108763418 ], [ 14.750395753185101, 48.389714533565858 ], [ 14.750387007379125, 48.389784811680975 ], [ 14.750386116830827, 48.389791749722434 ], [ 14.750360385355725, 48.38979422151656 ], [ 14.750264473566622, 48.38980375352331 ], [ 14.750196254635023, 48.389808450808317 ], [ 14.750021935048881, 48.389820554544208 ], [ 14.74991216312511, 48.389817209866187 ], [ 14.749840750601088, 48.38991739741855 ], [ 14.749900076670796, 48.389962828284119 ], [ 14.749906570412618, 48.389963199225178 ], [ 14.750071911735823, 48.389973425819605 ], [ 14.750138659472782, 48.389959390239298 ], [ 14.750145579322618, 48.389975319743158 ], [ 14.750187336550542, 48.390069724332754 ], [ 14.750304141204721, 48.390162137520448 ], [ 14.750393880134672, 48.390163925982904 ], [ 14.750453752743917, 48.390165177661899 ], [ 14.750479160608119, 48.390165678590513 ], [ 14.750651939113455, 48.39025012416954 ], [ 14.750669737010059, 48.39025881429216 ], [ 14.750677542164514, 48.390262677844412 ], [ 14.75079777214618, 48.390322302061335 ], [ 14.750797609153514, 48.390410018832078 ], [ 14.750793862786939, 48.390411323861194 ], [ 14.750665521281819, 48.39045498679522 ], [ 14.750597571471816, 48.390508981237893 ], [ 14.750544627072907, 48.390612723239762 ], [ 14.750504500723062, 48.390691299493483 ], [ 14.750513826716531, 48.390706300095196 ], [ 14.750533610712658, 48.390738176781234 ], [ 14.75052341046128, 48.390849046251162 ], [ 14.750518627953108, 48.39090128340689 ], [ 14.750523670292733, 48.390947283628513 ], [ 14.750364329012463, 48.391047730238768 ], [ 14.750267576959656, 48.391130233103645 ], [ 14.750230089781029, 48.391162175899701 ], [ 14.750130142868084, 48.391241478758381 ], [ 14.75009969984985, 48.391279093618536 ], [ 14.750097870960769, 48.391281364932119 ], [ 14.750081031166129, 48.391366855217704 ], [ 14.750042571686993, 48.39148661445406 ], [ 14.750157517825022, 48.391629430083796 ], [ 14.750118843891581, 48.391711766988159 ], [ 14.750117246082452, 48.391717544083122 ], [ 14.750106481290263, 48.391758518428936 ], [ 14.750057570779198, 48.391832073243378 ], [ 14.750047326672513, 48.39184767146093 ], [ 14.749962210306304, 48.391960530402926 ], [ 14.749930014166926, 48.392003204467969 ], [ 14.749954269602348, 48.392010916623711 ], [ 14.750013367757786, 48.392003541435415 ], [ 14.750056313411312, 48.391998251672909 ], [ 14.750100737052463, 48.391992674048424 ], [ 14.750159567559301, 48.391985392000699 ], [ 14.750205339065218, 48.391979707997692 ], [ 14.750303711122109, 48.392035190041504 ], [ 14.75029974146045, 48.392146703429006 ], [ 14.750298372553887, 48.392185494460399 ], [ 14.750472464925313, 48.392283149023697 ], [ 14.750533627057013, 48.39234124214483 ], [ 14.750543335813814, 48.392350480402342 ], [ 14.750564278156254, 48.392370377806209 ], [ 14.750579770204954, 48.392418140253007 ], [ 14.750568290956396, 48.392482333973199 ], [ 14.750512489773078, 48.392516388619612 ], [ 14.750497874754686, 48.392525292700178 ], [ 14.750372945258196, 48.392540845041552 ], [ 14.750289063912684, 48.39260510873207 ], [ 14.750258368495686, 48.392628602354762 ], [ 14.750246591636598, 48.392637561884833 ], [ 14.750212113249663, 48.392804053900065 ], [ 14.750210316778347, 48.392812442356259 ], [ 14.750218006712855, 48.392841677123663 ], [ 14.750260248522963, 48.392864914364125 ], [ 14.750299654133464, 48.392883238040369 ], [ 14.750323050996954, 48.392894109285457 ], [ 14.750327838893453, 48.39289630020815 ], [ 14.750363824271339, 48.392913046070042 ], [ 14.750368202131806, 48.392915062045475 ], [ 14.750493804930388, 48.392973361802632 ], [ 14.750591866323639, 48.392992771906165 ], [ 14.750602325822111, 48.392994893896294 ], [ 14.750688294527817, 48.39300680394917 ], [ 14.750781587345283, 48.39301979445402 ], [ 14.750813439540005, 48.393048375667355 ], [ 14.750791181515849, 48.393084001951721 ], [ 14.750760898567911, 48.393132410653799 ], [ 14.750759344646907, 48.393134858561162 ], [ 14.750754979089603, 48.393157942343741 ], [ 14.750742969598251, 48.393222502359897 ], [ 14.75072895027308, 48.393297522595461 ], [ 14.750699099374414, 48.393322265553508 ], [ 14.750620245630687, 48.393387637878462 ], [ 14.750572165833182, 48.39342744634093 ], [ 14.750659272572969, 48.393569610114234 ], [ 14.750673412234578, 48.393592648930834 ], [ 14.750711269044455, 48.39360865223486 ], [ 14.750852722811707, 48.393668558252124 ], [ 14.750912174742814, 48.393693745215494 ], [ 14.750984019631833, 48.393683155863066 ], [ 14.751096225956079, 48.393666588043374 ], [ 14.751160781318255, 48.393680827228138 ], [ 14.75121964219978, 48.39377808219399 ], [ 14.75124312865421, 48.393816840933482 ], [ 14.751312181126783, 48.39393106506067 ], [ 14.751331564192348, 48.393963036424815 ], [ 14.751368208641347, 48.394023496352894 ], [ 14.751375143650055, 48.394035017358043 ], [ 14.751277419573164, 48.394200479293232 ], [ 14.751265166464581, 48.394211783764987 ], [ 14.751233147787236, 48.394241231315505 ], [ 14.751172234701153, 48.39426626204169 ], [ 14.751132720921346, 48.394327827767995 ], [ 14.751117434349307, 48.394351674057539 ], [ 14.751121709744858, 48.394404160904969 ], [ 14.751122120329821, 48.394409283846507 ], [ 14.751123912501621, 48.394430313573586 ], [ 14.751048725019027, 48.394511205298585 ], [ 14.751014538250868, 48.394589709364801 ], [ 14.75107295075653, 48.394665648422965 ], [ 14.751144239015385, 48.394831844465841 ], [ 14.751131188525322, 48.394873206491745 ], [ 14.751125469564819, 48.394891268754797 ], [ 14.7511104383036, 48.39493922220619 ], [ 14.7510871917597, 48.395012735246766 ], [ 14.751096798303319, 48.395116796441584 ], [ 14.751102567670941, 48.395179431009986 ], [ 14.751106980098559, 48.395227058133742 ], [ 14.75111197267843, 48.395281065626598 ], [ 14.751047777144526, 48.395275098687009 ], [ 14.750960695178346, 48.395267070834301 ], [ 14.750928333501463, 48.395264315444372 ], [ 14.750897597279938, 48.395261720216979 ], [ 14.750755840519567, 48.395333884621358 ], [ 14.750756346226256, 48.395381919083768 ], [ 14.750756523180783, 48.395408096365394 ], [ 14.750782669982456, 48.395430539416736 ], [ 14.750836982875045, 48.395460377025529 ], [ 14.750841508336121, 48.395462841008332 ], [ 14.750919276152116, 48.395505618177921 ], [ 14.750985474134252, 48.395545207269322 ], [ 14.750993992302943, 48.395550411590001 ], [ 14.750997037740641, 48.39555802148621 ], [ 14.75101243695927, 48.395597418330084 ], [ 14.751053987957743, 48.395703790123221 ], [ 14.75107330708046, 48.395753125277977 ], [ 14.751075045935416, 48.395757422397843 ], [ 14.751006690424719, 48.395821497734467 ], [ 14.750987761939152, 48.395820918133353 ], [ 14.750903800396802, 48.39581834008505 ], [ 14.750867026255374, 48.395817257649703 ], [ 14.750782116945512, 48.395814601069183 ], [ 14.750758862096031, 48.39581389408167 ], [ 14.750741187470547, 48.395829492662742 ], [ 14.750616536725451, 48.395939323675407 ], [ 14.750612394674526, 48.395940993353371 ], [ 14.750546180007962, 48.395959970598909 ], [ 14.750499131418538, 48.395973407074777 ], [ 14.750416036447346, 48.395997537348762 ], [ 14.750360794645513, 48.396042290699867 ], [ 14.75031982726866, 48.396075535185169 ], [ 14.750305844162581, 48.396132202233922 ], [ 14.75035671330061, 48.396169458918799 ], [ 14.750401664352038, 48.39617314108115 ], [ 14.750474638913399, 48.396179001719574 ], [ 14.75057577896278, 48.396182360946774 ], [ 14.750665427795909, 48.396185409908519 ], [ 14.750669484103737, 48.396185540544039 ], [ 14.750695803283465, 48.396184680931086 ], [ 14.750707277262658, 48.396184361570022 ], [ 14.750763024140458, 48.396182694507914 ], [ 14.750842956622007, 48.396205833344077 ], [ 14.750873188229258, 48.39621464221657 ], [ 14.750892154579482, 48.39629546895582 ], [ 14.750896674334189, 48.396337157157284 ], [ 14.750922321939633, 48.396370941661353 ], [ 14.751130167464019, 48.396452531330745 ], [ 14.751180831829137, 48.396472427166849 ], [ 14.751216402198999, 48.396508430038573 ], [ 14.751290185405827, 48.396583192497893 ], [ 14.751321728619086, 48.396615195932021 ], [ 14.751311666959639, 48.396731101465718 ], [ 14.751307451463962, 48.396779373226295 ], [ 14.751316997108987, 48.396792481832414 ], [ 14.751335241146299, 48.396817359888132 ], [ 14.751385496505591, 48.396886380756598 ], [ 14.751398833948834, 48.396904751110263 ], [ 14.751392793542061, 48.396925876040207 ], [ 14.751378361302077, 48.396975981322711 ], [ 14.751371657410818, 48.396992616135556 ], [ 14.751368623359744, 48.397000209967842 ], [ 14.751367637526402, 48.397033238606241 ], [ 14.751367307456196, 48.397045837527472 ], [ 14.751365460971185, 48.397111533425921 ], [ 14.751364959423327, 48.397127732976557 ], [ 14.751364768776991, 48.397135562129947 ], [ 14.751364580596094, 48.397143481216965 ], [ 14.751364362829081, 48.397150321100121 ], [ 14.75132821864926, 48.397236315928396 ], [ 14.751245589696097, 48.397203584085723 ], [ 14.751184675153185, 48.3971794046602 ], [ 14.751170064721757, 48.397173734629426 ], [ 14.75115636865516, 48.397176779953256 ], [ 14.751029222082064, 48.397205494469418 ], [ 14.751005456508214, 48.397210821293882 ], [ 14.750969890053025, 48.397239052339245 ], [ 14.750934583797561, 48.397266920356032 ], [ 14.750911652134841, 48.397406192839874 ], [ 14.750908974866524, 48.397421879046014 ], [ 14.750910092320634, 48.397447864946848 ], [ 14.750910727199312, 48.397461171844228 ], [ 14.750932551674381, 48.397513175448736 ], [ 14.750981098088854, 48.397628278605033 ], [ 14.750992460554674, 48.39773231834824 ], [ 14.75099681095703, 48.397772749089633 ], [ 14.751054517476174, 48.397803085131613 ], [ 14.751071850735594, 48.397804583756091 ], [ 14.75124883960239, 48.397819885266983 ], [ 14.751253983837653, 48.397820272549083 ], [ 14.751293797081871, 48.397823746950181 ], [ 14.751348540287758, 48.39774598262612 ], [ 14.751352834214833, 48.3977399928255 ], [ 14.751343916967134, 48.397616761133314 ], [ 14.751498657006405, 48.39753013408076 ], [ 14.751568667449083, 48.397536210023183 ], [ 14.751577467857937, 48.397536912688693 ], [ 14.751584510157921, 48.397537546767566 ], [ 14.751653030449379, 48.397587812914367 ], [ 14.751751330768197, 48.397659937888321 ], [ 14.751772333040796, 48.397686851493027 ], [ 14.751821476989731, 48.397690662060512 ], [ 14.751858977059685, 48.397693534654344 ], [ 14.751884698196809, 48.397695470928248 ], [ 14.75201073796317, 48.397705183422374 ], [ 14.752117545203054, 48.397722956560806 ], [ 14.752174185461698, 48.397743948810522 ], [ 14.752221912462957, 48.397765049461725 ], [ 14.752256376815319, 48.397780373837215 ], [ 14.752282801142924, 48.397807941101298 ], [ 14.75238436035373, 48.397929865749326 ], [ 14.752593797830839, 48.397936223905127 ], [ 14.752759767750579, 48.397953636411735 ], [ 14.752844647760188, 48.398019086560765 ], [ 14.752903469559461, 48.398026017586361 ], [ 14.752914448158828, 48.398027323387588 ], [ 14.753040708229848, 48.398025336827189 ], [ 14.753019759641889, 48.397882279745673 ], [ 14.75302380160759, 48.397867116657977 ], [ 14.753025767406553, 48.39785998560388 ], [ 14.753029861533561, 48.39783195708123 ], [ 14.753035765939533, 48.397791131687391 ], [ 14.75304100567468, 48.397755622237277 ], [ 14.753059058580819, 48.397724275079561 ], [ 14.753030992823124, 48.397691060255575 ], [ 14.753006121730589, 48.39764134319433 ], [ 14.752998976774693, 48.397627125940517 ], [ 14.75301461077885, 48.397611012085072 ], [ 14.753304106544373, 48.397581038767889 ], [ 14.753361664105666, 48.397625589755471 ], [ 14.753387111723317, 48.397637245102715 ], [ 14.753638710499423, 48.397752303930147 ], [ 14.753763598784715, 48.397852891845261 ], [ 14.753789207598878, 48.398027829160249 ], [ 14.753897305977452, 48.398294244457354 ], [ 14.753924010552774, 48.398331973834686 ], [ 14.754182377199303, 48.398526027114869 ], [ 14.754292381217564, 48.398556804070985 ], [ 14.754621511590491, 48.398685850230457 ], [ 14.754685809167057, 48.398715024625517 ], [ 14.754778825822202, 48.398865030016381 ], [ 14.754786986719543, 48.398871947726569 ], [ 14.754817127701914, 48.398897040115251 ], [ 14.754962295640611, 48.39906188353261 ], [ 14.755041270281076, 48.399143327643394 ], [ 14.755102031513239, 48.399206011384187 ], [ 14.755133600191357, 48.3992879432979 ], [ 14.755160218658284, 48.399356890818069 ], [ 14.755181132241857, 48.399567240708336 ], [ 14.755186105402945, 48.399610542546256 ], [ 14.755186202049948, 48.399668118076796 ], [ 14.755082051076583, 48.40006171885004 ], [ 14.755056714878869, 48.400157389065718 ], [ 14.755034970239041, 48.400221528242611 ], [ 14.754886503946539, 48.400659391124698 ], [ 14.754872462611031, 48.400699056247547 ], [ 14.754874815441493, 48.40070109673578 ], [ 14.754736974603279, 48.40111274038393 ], [ 14.754749647975418, 48.401195352404791 ], [ 14.754728680899801, 48.401273066502966 ], [ 14.754651824915019, 48.401372063249845 ], [ 14.754541497800272, 48.40148217340807 ], [ 14.754537817449561, 48.401485906753031 ], [ 14.754533736206369, 48.401514384949778 ], [ 14.754525782046073, 48.401569089715487 ], [ 14.754508547023789, 48.40168922106232 ], [ 14.75469729464738, 48.401866398509235 ], [ 14.754895945327313, 48.402005670295061 ], [ 14.755070736071698, 48.402215673981409 ], [ 14.755397119652601, 48.402347090578459 ], [ 14.755464673015524, 48.402386390741938 ], [ 14.755809898460555, 48.402603491632981 ], [ 14.755896070325541, 48.402686016877588 ], [ 14.756040486012759, 48.402862293382995 ], [ 14.756285350229279, 48.40307027107869 ], [ 14.756366700294697, 48.403139540198566 ], [ 14.756600729111748, 48.403331725882019 ], [ 14.756853350130577, 48.403413928763378 ], [ 14.757126414315806, 48.403477978852379 ], [ 14.757379078285142, 48.403537149429965 ], [ 14.757531003338558, 48.403701277334434 ], [ 14.757608010177067, 48.403784453005471 ], [ 14.757608134010775, 48.403788949668098 ], [ 14.757608307377993, 48.40379524499572 ], [ 14.757609589145117, 48.403836882441887 ], [ 14.75757116681903, 48.403996946777745 ], [ 14.757483308222874, 48.404363630979574 ], [ 14.757468257076527, 48.404386215630822 ], [ 14.757317249190995, 48.404613687416948 ], [ 14.757281188515188, 48.40466819563224 ], [ 14.757241379893072, 48.404699449049794 ], [ 14.757226831920773, 48.404710872054913 ], [ 14.757124200380654, 48.404791382528828 ], [ 14.756804150772414, 48.405013539625308 ], [ 14.756773327851754, 48.405012926136052 ], [ 14.756744398370607, 48.405012379498629 ], [ 14.756598816812184, 48.405005159430225 ], [ 14.756485708725272, 48.404999612179274 ], [ 14.756446742093303, 48.404997658539237 ], [ 14.756388779581052, 48.404924055843878 ], [ 14.756337285858333, 48.404933320483508 ], [ 14.756153358138965, 48.404966331446211 ], [ 14.755983252828663, 48.405079420905878 ], [ 14.755961565692575, 48.405189890552506 ], [ 14.75599303699182, 48.405287746783664 ], [ 14.755986410782791, 48.405371043732288 ], [ 14.756037778120721, 48.405475044707238 ], [ 14.756222094014133, 48.405588669551562 ], [ 14.756358253185322, 48.405685518618697 ], [ 14.7565050187339, 48.405789705096879 ], [ 14.756660474330614, 48.40585123268459 ], [ 14.756846938016567, 48.405924976570006 ], [ 14.756966986424189, 48.406010776104189 ], [ 14.757001164961666, 48.406035098932477 ], [ 14.757197568865342, 48.40617538382687 ], [ 14.757386692153187, 48.406379991125377 ], [ 14.757394164364118, 48.406386377275147 ], [ 14.757549305460524, 48.406519788277713 ], [ 14.758021978935842, 48.406820072170326 ], [ 14.75802954753787, 48.406869189706526 ], [ 14.75799217471762, 48.407067385601991 ], [ 14.757990634295824, 48.407075231226592 ], [ 14.757909957170005, 48.407236711067291 ], [ 14.757767046825386, 48.407419912181197 ], [ 14.757685944467852, 48.407669021309857 ], [ 14.757670265127301, 48.407708076902871 ], [ 14.757666215166523, 48.407718022316025 ], [ 14.757650498973586, 48.407736116898747 ], [ 14.757684722240104, 48.407766916339618 ], [ 14.757698459041523, 48.407770167229422 ], [ 14.757795567186532, 48.407793091733843 ], [ 14.757793810167083, 48.407778359200691 ], [ 14.757792557463956, 48.407767219042995 ], [ 14.757791826416852, 48.407760300792447 ], [ 14.758190701003979, 48.407716025841005 ], [ 14.758334157788092, 48.407699789530639 ], [ 14.758351400404296, 48.407697869610146 ], [ 14.758356923642495, 48.407697262363698 ], [ 14.758455558610228, 48.407765779089466 ], [ 14.758468646097413, 48.407774885438798 ], [ 14.758575752717334, 48.407817389130351 ], [ 14.758584089022786, 48.407820795857091 ], [ 14.75860213718409, 48.407828492137071 ], [ 14.758804331726502, 48.407913735999678 ], [ 14.759071684249275, 48.408078430542815 ], [ 14.759110947065075, 48.408086137367825 ], [ 14.759137030577898, 48.408091216389003 ], [ 14.75921270476873, 48.408106125053337 ], [ 14.759361015158072, 48.408089468317364 ], [ 14.759429042925076, 48.408081889505965 ], [ 14.759739955728371, 48.408008276885063 ], [ 14.760132160622947, 48.407991605647908 ], [ 14.760369835347875, 48.407942457425769 ], [ 14.760488618467063, 48.407913475588394 ], [ 14.760621124918618, 48.407950898639662 ], [ 14.760925083105738, 48.408036603117871 ], [ 14.760985548693903, 48.408053675938902 ], [ 14.761012279441202, 48.408062615048387 ], [ 14.761499722526352, 48.408226139891035 ], [ 14.761555341987204, 48.408224289469374 ], [ 14.761650116401, 48.408221329905011 ], [ 14.761942116771344, 48.408157748951126 ], [ 14.761984427732781, 48.40813393029584 ], [ 14.762020617053439, 48.408113515238448 ], [ 14.762029275445265, 48.408001404756028 ], [ 14.761921467593019, 48.407840700855537 ], [ 14.761948037220778, 48.407736197850632 ], [ 14.762066235133448, 48.407632282018206 ], [ 14.7620806129984, 48.407619601017061 ], [ 14.762162894936713, 48.407599790926767 ], [ 14.762321012285692, 48.407561598984849 ], [ 14.762535520071687, 48.407569047179848 ], [ 14.762563653019084, 48.407570051974972 ], [ 14.762675639546991, 48.407573897841466 ], [ 14.762737764915128, 48.407626574947493 ], [ 14.762759351249798, 48.407644932890115 ], [ 14.762804042113311, 48.40768279968561 ], [ 14.762917641561108, 48.407779197944109 ], [ 14.763202903081572, 48.407843444449156 ], [ 14.763318631799475, 48.40785066245077 ], [ 14.763376968936651, 48.407854265613373 ], [ 14.763558346382027, 48.407865626626304 ], [ 14.763596244783223, 48.407867950869225 ], [ 14.763665024345775, 48.407877813270126 ], [ 14.763725524491816, 48.407886337729636 ], [ 14.763837712554109, 48.407902325085765 ], [ 14.763819556922778, 48.407954276695015 ], [ 14.763860688565163, 48.407980671413561 ], [ 14.763865090616331, 48.407983496265501 ], [ 14.763983926606667, 48.407956489396092 ], [ 14.764010030845075, 48.407942764716474 ], [ 14.764020287410677, 48.407937421054768 ], [ 14.764046928005172, 48.407933315879241 ], [ 14.764118782515137, 48.407922448707851 ], [ 14.764160840257539, 48.407894404069104 ], [ 14.764198682181778, 48.407889801622787 ], [ 14.764241774647825, 48.407884505019851 ], [ 14.764361396751232, 48.407832208382374 ], [ 14.764577143192174, 48.407737888954031 ], [ 14.764738880017759, 48.407708465738438 ], [ 14.764797364077184, 48.407697852157057 ], [ 14.764856064140272, 48.407680398670443 ], [ 14.764997993734818, 48.407638353359175 ], [ 14.76523713138358, 48.407642255651716 ], [ 14.765387548711868, 48.407633482141193 ], [ 14.765501038972316, 48.407574512315527 ], [ 14.765621855981143, 48.407511763918052 ], [ 14.765785737497492, 48.407462251037451 ], [ 14.765807712917905, 48.407455593794793 ], [ 14.765812002930696, 48.407454371592152 ], [ 14.765860750836662, 48.407423995082283 ], [ 14.765922119026062, 48.407385816675863 ], [ 14.766280625331984, 48.407162622370009 ], [ 14.766429652950071, 48.407103754871038 ], [ 14.766541400827998, 48.407035629112706 ], [ 14.766696726997148, 48.406994406701564 ], [ 14.766808434029992, 48.406876081511541 ], [ 14.766935367514133, 48.406717265408773 ], [ 14.767042943055479, 48.406605917932112 ], [ 14.767274490910799, 48.406389858336055 ], [ 14.767492772390113, 48.406172971729816 ], [ 14.76756573681128, 48.406099923890068 ], [ 14.767637780470663, 48.406027786956628 ], [ 14.767707042402971, 48.406020997763285 ], [ 14.767808600693979, 48.405955874831371 ], [ 14.767827874957517, 48.405900580087497 ], [ 14.767848652782611, 48.405841038559075 ], [ 14.768018228671021, 48.405773009847351 ], [ 14.768092944061518, 48.405787474732321 ], [ 14.768132114502007, 48.40578699297081 ], [ 14.768208426828439, 48.405785964395832 ], [ 14.768256590247828, 48.405773586742605 ], [ 14.768284897971061, 48.405766311344181 ], [ 14.768293617660376, 48.405764044959177 ], [ 14.768376967361808, 48.405704993123294 ], [ 14.76839816933785, 48.405689978269848 ], [ 14.768418178129972, 48.405675787763364 ], [ 14.768444403215023, 48.40561294041099 ], [ 14.76862918497293, 48.405552460596226 ], [ 14.768716488694864, 48.405489851271824 ], [ 14.768779591190313, 48.405446162152487 ], [ 14.768966912111319, 48.405360370750955 ], [ 14.769038109137316, 48.405350318245944 ], [ 14.769146047719635, 48.40533504541024 ], [ 14.76929161222013, 48.405283143931015 ], [ 14.769570836601419, 48.405183715274255 ], [ 14.769643720592995, 48.405137116365758 ], [ 14.76965088942122, 48.405132529915427 ], [ 14.769656597469139, 48.405128861087462 ], [ 14.769723226685132, 48.405119764035916 ], [ 14.769732781592722, 48.405118386893463 ], [ 14.769797930022419, 48.405109487959436 ], [ 14.769868171591163, 48.405084512731676 ], [ 14.770014967511631, 48.404965122382315 ], [ 14.770029570510925, 48.404946050157569 ], [ 14.770111980443369, 48.404838698079409 ], [ 14.770148969219138, 48.404832664751652 ], [ 14.770190930512989, 48.404825670527693 ], [ 14.770233044913121, 48.404799871985261 ], [ 14.770275159271254, 48.404774073427319 ], [ 14.770293567310272, 48.404726615723007 ], [ 14.77034790711272, 48.404722617691441 ], [ 14.770384446096637, 48.404695538316076 ], [ 14.770388020451756, 48.404692885335997 ], [ 14.770391594806501, 48.404690232355804 ], [ 14.770402210020412, 48.404595729634991 ], [ 14.770472375510474, 48.404572914092427 ], [ 14.770445805468439, 48.404545442628695 ], [ 14.770433292065771, 48.404532731971777 ], [ 14.770504188801539, 48.404468164225271 ], [ 14.770538961324513, 48.404455320828902 ], [ 14.770554476636436, 48.404449641887432 ], [ 14.77058751075992, 48.404437449640099 ], [ 14.770586723491345, 48.404409120760867 ], [ 14.770585856140629, 48.404382772070292 ], [ 14.770584843940567, 48.404346349224603 ], [ 14.770545064632172, 48.404222779317372 ], [ 14.770547816162773, 48.404214828607536 ], [ 14.770594029190525, 48.404083721830204 ], [ 14.770598532935605, 48.404012415044093 ], [ 14.770602875454598, 48.403993649078423 ], [ 14.770689178322742, 48.403948683401772 ], [ 14.770692040661253, 48.403900967337606 ], [ 14.77069251353535, 48.403893674445946 ], [ 14.770648970978135, 48.403843741282635 ], [ 14.770641432515836, 48.40383501771705 ], [ 14.770624552030393, 48.403708916572057 ], [ 14.770668123598425, 48.403555711183877 ], [ 14.770577495745314, 48.403308887640854 ], [ 14.770542991566479, 48.403214670850737 ], [ 14.770551930568468, 48.403113351450045 ], [ 14.770554309776042, 48.403087142672163 ], [ 14.770544603260708, 48.403063601784417 ], [ 14.770509961515716, 48.402979012798355 ], [ 14.770450766648326, 48.402866567623725 ], [ 14.77042221878847, 48.402850545913964 ], [ 14.770416898864692, 48.402848722213434 ], [ 14.770272485669725, 48.402800751251931 ], [ 14.770215050349472, 48.402756476845703 ], [ 14.7699988819274, 48.402635079300026 ], [ 14.769813516660204, 48.402498997794041 ], [ 14.769717658039392, 48.402428477053661 ], [ 14.769652972935864, 48.40238096298495 ], [ 14.76961188048486, 48.402166185561221 ], [ 14.769620837755786, 48.402148172472565 ], [ 14.769753230112524, 48.401880159383367 ], [ 14.769763340383637, 48.401859882986308 ], [ 14.769866685053021, 48.40154814513059 ], [ 14.769879936913679, 48.401378310115483 ], [ 14.769881523341228, 48.40135759889241 ], [ 14.769805386251235, 48.401126339814731 ], [ 14.769801788808605, 48.40094816570479 ], [ 14.770090341994495, 48.400874170169175 ], [ 14.770143062368756, 48.400860655952393 ], [ 14.770197663384049, 48.400851616739224 ], [ 14.770407195943154, 48.400817098311492 ], [ 14.770434565245671, 48.400810193755156 ], [ 14.77044918655006, 48.400806415061062 ], [ 14.770541891461262, 48.40078296182282 ], [ 14.770549269634623, 48.400781071637219 ], [ 14.770662455973628, 48.400741082479222 ], [ 14.770896316330894, 48.400658312628707 ], [ 14.771011427527199, 48.400648707200794 ], [ 14.771073971467201, 48.400643528085432 ], [ 14.771299164313609, 48.40059406092773 ], [ 14.771463018462041, 48.400549397972817 ], [ 14.771490640090896, 48.400541860306078 ], [ 14.771626464799651, 48.400426921017157 ], [ 14.771875205741905, 48.400296374747725 ], [ 14.771996680525396, 48.400180442438348 ], [ 14.772072883978385, 48.400107801271652 ], [ 14.772196241277587, 48.400006149782897 ], [ 14.772345518993701, 48.39993296684812 ], [ 14.772528492287989, 48.399847222834104 ], [ 14.772587040614317, 48.399819871090735 ], [ 14.772757875817385, 48.399739764276028 ], [ 14.772796389878277, 48.399667317806227 ], [ 14.772952272369341, 48.39954997019877 ], [ 14.772994536178325, 48.399524888396584 ], [ 14.77306670142916, 48.399481984490365 ], [ 14.77319973977988, 48.399403063231176 ], [ 14.773447600929067, 48.399255790994452 ], [ 14.773507843525882, 48.399221400656174 ], [ 14.773623541700367, 48.399155377912436 ], [ 14.773750155012417, 48.39899133939501 ], [ 14.773817827830314, 48.39890359842169 ], [ 14.773873462764545, 48.398863866942058 ], [ 14.773952938588957, 48.398807017705103 ], [ 14.773981948887126, 48.398786327525279 ], [ 14.774006164710045, 48.398763267526881 ], [ 14.774092896847399, 48.398680778772885 ], [ 14.774145019533208, 48.398631374420226 ], [ 14.774195104700519, 48.398547628941934 ], [ 14.774318471582157, 48.398495095301108 ], [ 14.774464113287113, 48.398378951610333 ], [ 14.774465055037428, 48.398310927136976 ], [ 14.774593288612714, 48.39818096395183 ], [ 14.774809054996849, 48.397982805665144 ], [ 14.775076113775656, 48.397904294947452 ], [ 14.775201670085561, 48.397867387019225 ], [ 14.775718465281273, 48.397835357575346 ], [ 14.775895273264405, 48.397717926945816 ], [ 14.776090917363097, 48.397660718938937 ], [ 14.776430474418982, 48.397478929076883 ], [ 14.776524083238982, 48.39737197302648 ], [ 14.776655775081601, 48.397342004783582 ], [ 14.776748136098034, 48.397321069718799 ], [ 14.77680852985228, 48.397292253499245 ], [ 14.776949718446302, 48.397225012187576 ], [ 14.777077880343667, 48.397141198608011 ], [ 14.777102779800993, 48.397123347383562 ], [ 14.777115360805384, 48.397114285197986 ], [ 14.777230399091543, 48.397068508809781 ], [ 14.777245880147092, 48.396863288781901 ], [ 14.777146047745962, 48.396790753987069 ], [ 14.776984992430636, 48.396673724915061 ], [ 14.77687027468459, 48.396566378056953 ] ] ] } }
]
}
