category,name,slug,prefix,roundness,rectangularity,mobile_fit
europe_lau,Makov,makov,ma,37,59.06,81.87
europe_lau,Malá Lhota,mala_lhota,ma,61.18,90.09,78.88
europe_lau,Malá Roudka,mala_roudka,ma,51.28,69.68,36.85
europe_lau,Makov,makov,ma,33.45,64.34,94.9
europe_lau,Malíkov,malikov,ma,62.29,67.58,50.82
europe_lau,Maňovice,manovice,ma,74.84,77.59,49.62
europe_lau,Malínky,malinky,ma,47.36,64.1,86.83
europe_lau,Malešovice,malesovice,ma,67.45,81.69,55.07
europe_lau,Malhostovice,malhostovice,ma,55.88,64.09,73.23
europe_lau,Maršov,marsov,ma,66.06,68.93,56.81
europe_lau,Machová,machova,ma,55.41,73.85,92.35
europe_lau,Malá Vrbka,mala_vrbka,ma,35.94,69.75,95.62
europe_lau,Malý Beranov,maly_beranov,ma,48.28,71.35,58.21
europe_lau,Markvartice,markvartice,ma,57.57,68.98,45.22
europe_lau,Malá Úpa,mala_upa,ma,61.61,63.17,59.04
europe_lau,Malé Svatoňovice,male_svatonovice,ma,49.25,58.05,18.48
europe_lau,Maršov u Úpice,marsov_u_upice,ma,64.59,75.36,58
europe_lau,Martinice,martinice,ma,27.59,51.23,-38.91
europe_lau,Mauthausen,mauthausen,ma,37.8,69.21,-42.97
europe_lau,Markvartice,markvartice,ma,37.26,63.49,69.22
europe_lau,Mastník,mastnik,ma,33.5,67.94,-12.05
europe_lau,Malá Morávka,mala_moravka,ma,47.54,59.73,83.17
europe_lau,"Marne, Stadt",marne_stadt,ma,49.39,61.97,12.08
europe_lau,Marnerdeich,marnerdeich,ma,48.17,67.25,83.07
europe_lau,Mackovice,mackovice,ma,63.49,72.12,53.59
europe_lau,Mašovice,masovice,ma,55.58,72.64,40.36
europe_lau,Malé Hradisko,male_hradisko,ma,33.54,54.98,31.28
europe_lau,Marz,marz,ma,36.18,60.38,65.59
europe_lau,Manning,manning,ma,41.88,54.45,82.29
europe_lau,Malá Losenice,mala_losenice,ma,57.62,64.14,42.82
europe_lau,Martinice,martinice,ma,62.35,70.08,42.86
europe_lau,Matějov,matejov,ma,40.09,62.96,61.49
europe_lau,Mayrhof,mayrhof,ma,42.42,58.27,59.87
europe_lau,Maria Neustift,maria_neustift,ma,37.23,51.21,52.23
europe_lau,Martensrade,martensrade,ma,33.43,47.44,93.34
europe_lau,Malente,malente,ma,54.43,62.62,44.23
europe_lau,Manhagen,manhagen,ma,59.33,66.43,71.59
europe_lau,Mariental,mariental,ma,51.15,56.62,23.23
europe_lau,"Mariental, gemfr. Gebiet",mariental_gemfr_gebiet,ma,18.15,39.26,75.74
europe_lau,Maasen,maasen,ma,29.74,53.55,96.82
europe_lau,Marl,marl,ma,26.24,50.78,2.66
europe_lau,Martfeld,martfeld,ma,53.31,71.4,44.62
europe_lau,Maasbüll,maasbull,ma,50.06,60.63,40.05
europe_lau,Maasholm,maasholm,ma,30.63,44.34,65.51
europe_lau,Marklohe,marklohe,ma,51.7,63.44,17.04
europe_lau,Marchtrenk,marchtrenk,ma,58.53,77.23,43.55
europe_lau,Mattersburg,mattersburg,ma,30.15,43.99,50.98
europe_lau,"Marienhafe, Flecken",marienhafe_flecken,ma,10.7,39.32,-116.73
europe_lau,Marschacht,marschacht,ma,51,69.64,83.29
europe_lau,Marxen,marxen,ma,44.03,57.12,72.37
europe_lau,Marienheide,marienheide,ma,53.22,74.96,-13.86
europe_lau,"Marl, Stadt",marl_stadt,ma,55.59,70.64,50
europe_lau,"Marienmünster, Stadt",marienmunster_stadt,ma,56.29,67.6,49.22
europe_lau,"Marsberg, Stadt",marsberg_stadt,ma,40.96,52.76,60.14
europe_lau,Mariapfarr,mariapfarr,ma,22.35,53.02,87.56
europe_lau,Mauterndorf,mauterndorf,ma,64.98,70.59,56.49
europe_lau,"Maintal, Stadt",maintal_stadt,ma,58.39,70.47,47.09
europe_lau,Mainhausen,mainhausen,ma,45.36,54.28,62.64
europe_lau,Maishofen,maishofen,ma,63.33,71.23,41.17
europe_lau,Maria Alm am Steinernen Meer,maria_alm_am_steinernen_meer,ma,49.56,62.8,75.52
europe_lau,Malberg,malberg,ma,62.83,67.83,55.9
europe_lau,Mammelzen,mammelzen,ma,42.79,62.02,37.97
europe_lau,Mauden,mauden,ma,42.75,67.24,25.48
europe_lau,Malsfeld,malsfeld,ma,40.43,64.33,-12.26
europe_lau,MALËSI E MADHE,malesi_e_madhe,ma,30,67.3,97.43
europe_lau,Mayschoß,mayschoss,ma,37.34,73.23,89.96
europe_lau,"Marburg, Universitätsstadt",marburg_universitatsstadt,ma,54.99,61.25,35.02
europe_lau,Mattsee,mattsee,ma,50.42,75.98,71.26
europe_lau,Mähren,mahren,ma,36.15,63.35,-29.1
europe_lau,Mackenrodt,mackenrodt,ma,19.99,43.6,45.25
europe_lau,Masburg,masburg,ma,54.96,68.55,50.8
europe_lau,"Mayen, Stadt",mayen_stadt,ma,35.63,49.25,3.74
europe_lau,Macken,macken,ma,58.4,76.68,40.38
europe_lau,Marienhausen,marienhausen,ma,51.69,64.37,67.43
europe_lau,Maisborn,maisborn,ma,54.01,67.05,61.39
europe_lau,Maitzborn,maitzborn,ma,54.42,68.53,11.07
europe_lau,Mastershausen,mastershausen,ma,34.82,51.45,88.24
europe_lau,Mautern in Steiermark,mautern_in_steiermark,ma,41.83,53.71,41.54
europe_lau,Mandel,mandel,ma,36,59.53,-35.62
europe_lau,Martinstein,martinstein,ma,53.53,73.94,48.49
europe_lau,Marienfels,marienfels,ma,38.89,47.72,65.33
europe_lau,Marzhausen,marzhausen,ma,68.86,73.24,48.83
europe_lau,Malberg,malberg,ma,52.88,61.99,52.11
europe_lau,Malbergweich,malbergweich,ma,30.84,54.58,92.56
europe_lau,Mannweiler-Cölln,mannweiler_colln,ma,39.7,62.06,9.67
europe_lau,Marnheim,marnheim,ma,46.56,60.41,75.7
europe_lau,Marienrachdorf,marienrachdorf,ma,51.81,65.16,61.23
europe_lau,Maroth,maroth,ma,32.09,42.91,92.45
europe_lau,Maxsain,maxsain,ma,62.65,73.63,39.28
europe_lau,Markt Hartmannsdorf,markt_hartmannsdorf,ma,59.48,71.83,47.18
europe_lau,Mannebach,mannebach,ma,52.27,72.3,53.86
europe_lau,Mandern,mandern,ma,46.73,64.78,35.77
europe_lau,Mannebach,mannebach,ma,65.65,80.23,27.57
europe_lau,"Mainz, Stadt",mainz_stadt,ma,46.36,62.24,64.82
europe_lau,Mauchenheim,mauchenheim,ma,49.93,70.62,34.75
europe_lau,Malborn,malborn,ma,49.91,60.84,24.07
europe_lau,"Manderscheid, Stadt",manderscheid_stadt,ma,35.55,65.93,91.99
europe_lau,Maring-Noviand,maring_noviand,ma,57.31,65.43,39.19
europe_lau,"Marbach am Neckar, Stadt",marbach_am_neckar_stadt,ma,42.48,55.82,58
europe_lau,"Markgröningen, Stadt",markgroningen_stadt,ma,55.96,62.28,31.01
europe_lau,Mackenbach,mackenbach,ma,27.36,63.17,-3.24
europe_lau,Martinshöhe,martinshohe,ma,66.05,78.45,51.2
europe_lau,Manderscheid,manderscheid,ma,30.03,55.19,9.51
europe_lau,Masthorn,masthorn,ma,50.6,73.8,-5.68
europe_lau,Matzerath,matzerath,ma,34.77,50.88,25.3
europe_lau,Mauel,mauel,ma,35.89,53.36,75.21
europe_lau,Maria Lankowitz,maria_lankowitz,ma,46.69,58.87,79.68
europe_lau,Matzenbach,matzenbach,ma,43.22,56.61,85.22
europe_lau,Maikammer,maikammer,ma,15.15,40.44,-97.03
europe_lau,Mariazell,mariazell,ma,41.16,56.09,11.03
europe_lau,Massenbachhausen,massenbachhausen,ma,63.79,75.62,69.85
europe_lau,Maxdorf,maxdorf,ma,59.73,74.92,71.29
europe_lau,Manubach,manubach,ma,31.19,65.71,10.26
europe_lau,Maßweiler,massweiler,ma,49.16,66.88,67.5
europe_lau,Mauschbach,mauschbach,ma,37.32,57.1,95.73
europe_lau,Magstadt,magstadt,ma,39.33,66.22,-48.09
europe_lau,"Maulbronn, Stadt",maulbronn_stadt,ma,39.85,59.74,-2.8
europe_lau,March,march,ma,57.31,71.67,58.53
europe_lau,Malterdingen,malterdingen,ma,46.28,73.75,43.39
europe_lau,"Mahlberg, Stadt",mahlberg_stadt,ma,29.64,42.41,91.35
europe_lau,Mahlstetten,mahlstetten,ma,47,58.49,54.35
europe_lau,Maulburg,maulburg,ma,37.66,65.15,93.58
europe_lau,Malsburg-Marzell,malsburg_marzell,ma,40.53,66.99,96.48
europe_lau,Mainhardt,mainhardt,ma,58.98,73.45,37.17
europe_lau,Malsch,malsch,ma,63.65,70.03,58.11
europe_lau,Marxzell,marxzell,ma,58.58,61.61,72.34
europe_lau,"Mannheim, Universitätsstadt",mannheim_universitatsstadt,ma,39.6,62.34,92.9
europe_lau,Malsch,malsch,ma,44.13,62.59,44.7
europe_lau,Mauer,mauer,ma,30.49,60.49,20.88
europe_lau,Malgersdorf,malgersdorf,ma,54.29,67.3,70.19
europe_lau,"Massing, M",massing_m,ma,55.06,63.65,76.94
europe_lau,"Mallersdorf-Pfaffenberg, M",mallersdorf_pfaffenberg_m,ma,50.88,57.61,61.1
europe_lau,Mariaposching,mariaposching,ma,58.6,65.89,72.53
europe_lau,Mamming,mamming,ma,61.87,78.23,74.8
europe_lau,Marklkofen,marklkofen,ma,42.98,48.42,43.99
europe_lau,Matrei am Brenner,matrei_am_brenner,ma,29.15,63.39,85.37
europe_lau,Mannersdorf an der Rabnitz,mannersdorf_an_der_rabnitz,ma,37.87,52.98,19.99
europe_lau,Maselheim,maselheim,ma,57.34,55.15,57.85
europe_lau,"Markdorf, Stadt",markdorf_stadt,ma,32.26,63.82,26.65
europe_lau,Markt Sankt Martin,markt_sankt_martin,ma,27.64,48.72,-53.88
europe_lau,"Marktl, M",marktl_m,ma,37.06,43.33,75.53
europe_lau,"Marktschellenberg, M",marktschellenberg_m,ma,63.59,69.94,51.27
europe_lau,"Markt Indersdorf, M",markt_indersdorf_m,ma,46.84,56.83,77.6
europe_lau,"Markt Schwaben, M",markt_schwaben_m,ma,57.85,69.24,48.64
europe_lau,Mauern,mauern,ma,40.59,56.08,80.91
europe_lau,Maisach,maisach,ma,53.59,58.69,41.96
europe_lau,Mammendorf,mammendorf,ma,62.79,70.22,54.69
europe_lau,Marquartstein,marquartstein,ma,32.99,64.04,-78.91
europe_lau,Mauth,mauth,ma,37.42,59.2,97.36
europe_lau,Mauther Forst,mauther_forst,ma,22.88,46.3,16
europe_lau,"Mainburg, St",mainburg_st,ma,53.94,60.6,59.92
europe_lau,Mariastein,mariastein,ma,30.85,63.29,97.78
europe_lau,Malching,malching,ma,36.37,55.46,45.46
europe_lau,"Mantel, M",mantel_m,ma,30.73,51.35,-41.09
europe_lau,Maitenbeth,maitenbeth,ma,50.22,66.67,3.77
europe_lau,"Manching, M",manching_m,ma,39.88,52.8,22.66
europe_lau,Markersdorf,markersdorf,ma,60.73,73.1,68.15
europe_lau,Mayrhofen,mayrhofen,ma,54.13,59.11,70.6
europe_lau,Machern,machern,ma,45.58,63.69,58.68
europe_lau,"Markkleeberg, Stadt",markkleeberg_stadt,ma,48.28,62.79,15.36
europe_lau,"Markranstädt, Stadt",markranstadt_stadt,ma,46.69,67.01,86.48
europe_lau,Maierhöfen,maierhofen,ma,48.26,61.95,77.44
europe_lau,"Magdeburg, Landeshauptstadt",magdeburg_landeshauptstadt,ma,50.5,57.4,82.19
europe_lau,"Marktoberdorf, St",marktoberdorf_st,ma,53.44,61.6,45.9
europe_lau,Mauerstetten,mauerstetten,ma,34.96,76.66,80.69
europe_lau,"Markt Rettenbach, M",markt_rettenbach_m,ma,51.23,57.65,78.91
europe_lau,"Markt Wald, M",markt_wald_m,ma,50.15,59.89,43.41
europe_lau,Markvippach,markvippach,ma,42.09,55.95,90.79
europe_lau,Marisfeld,marisfeld,ma,45.64,53.54,46.06
europe_lau,Masserberg,masserberg,ma,50.7,58.74,47.9
europe_lau,Martinroda,martinroda,ma,47.89,67.05,70.51
europe_lau,Marienwerder,marienwerder,ma,44.91,59.68,52.88
europe_lau,"Märkisch Buchholz, Stadt",markisch_buchholz_stadt,ma,34.01,52.97,71.28
europe_lau,Märkische Heide/Markojska Góla,markische_heide_markojska_gola,ma,54.23,65.46,72.17
europe_lau,"Mansfeld, Stadt",mansfeld_stadt,ma,39.43,57.7,12.1
europe_lau,Mandelbachtal,mandelbachtal,ma,34.81,62.74,94.4
europe_lau,Marpingen,marpingen,ma,45.99,57.01,77.59
europe_lau,Maihingen,maihingen,ma,60.03,76.53,71.88
europe_lau,Marktoffingen,marktoffingen,ma,39.96,59.84,97.71
europe_lau,Marxheim,marxheim,ma,44.36,48.91,56.09
europe_lau,"Magdala, Stadt",magdala_stadt,ma,48.88,60.84,35.3
europe_lau,Mark,mark,ma,44.82,58.72,59.51
europe_lau,Mackenrode,mackenrode,ma,42.12,51.74,80.23
europe_lau,Marth,marth,ma,42.62,64.42,-2.52
europe_lau,Machelen (Halle-Vilvoorde),machelen_halle_vilvoorde,ma,53.66,65.64,81.06
europe_lau,Massen-Niederlausitz,massen_niederlausitz,ma,44.08,54.03,60.16
europe_lau,Märkisch Luch,markisch_luch,ma,51.22,55.24,37.56
europe_lau,Märkische Höhe,markische_hohe,ma,60.56,74.36,84.6
europe_lau,Maldegem,maldegem,ma,41.81,57.79,65.52
europe_lau,Marolterode,marolterode,ma,54.53,70.89,61.43
europe_lau,Mariagerfjord,mariagerfjord,ma,35.76,51.27,13.87
europe_lau,Мадан,madan,ma,49.7,67.46,88.81
europe_lau,Malta,malta,ma,41.82,63.64,43.04
europe_lau,Macael,macael,ma,52.08,60.34,65.42
europe_lau,María,maria,ma,39.17,54.17,93
europe_lau,Макреш,makres,ma,29.7,42.8,-12.62
europe_lau,Maó-Mahón,mao_mahon,ma,37.36,45.31,83.35
europe_lau,Manacor,manacor,ma,44.75,60.2,74.93
europe_lau,Mancor de la Vall,mancor_de_la_vall,ma,58.95,69.23,81.61
europe_lau,Maria de la Salut,maria_de_la_salut,ma,28.95,52.23,-48.49
europe_lau,Marratxí,marratxi,ma,54.42,73.68,28.38
europe_lau,Magaz de Pisuerga,magaz_de_pisuerga,ma,53.12,67.1,22.53
europe_lau,Manquillos,manquillos,ma,55.5,70.14,71.95
europe_lau,Mantinos,mantinos,ma,39.59,68.18,-34.6
europe_lau,Marcilla de Campos,marcilla_de_campos,ma,61.3,77.5,24.11
europe_lau,Mazariegos,mazariegos,ma,57.62,70.42,67.33
europe_lau,Mazuecos de Valdeginate,mazuecos_de_valdeginate,ma,37.49,59.7,13.64
europe_lau,Mallabia,mallabia,ma,64.32,75.01,43.06
europe_lau,Mañaria,manaria,ma,52.9,67.17,83.74
europe_lau,Mallnitz,mallnitz,ma,40.97,69.55,-42.57
europe_lau,Maur,maur,ma,35.84,66.15,58.96
europe_lau,Markina-Xemein,markina_xemein,ma,49.25,53.45,66.65
europe_lau,Massonnens,massonnens,ma,62.92,80.82,69.26
europe_lau,Maruri-Jatabe,maruri_jatabe,ma,61.94,71.43,53.29
europe_lau,Madrigal de las Altas Torres,madrigal_de_las_altas_torres,ma,53.41,61.39,33.89
europe_lau,Maello,maello,ma,39.68,44.54,51.44
europe_lau,Malpartida de Corneja,malpartida_de_corneja,ma,49.69,64.64,93.28
europe_lau,Mamblas,mamblas,ma,47.16,72.59,73.01
europe_lau,Mancera de Arriba,mancera_de_arriba,ma,61.13,65.68,67.5
europe_lau,Manjabálago y Ortigosa de Rioalmar,manjabalago_y_ortigosa_de_rioalmar,ma,45.76,54.15,60.98
europe_lau,Marlín,marlin,ma,44.98,71.45,79.01
europe_lau,Martiherrero,martiherrero,ma,37.1,59.55,20.27
europe_lau,Martínez,martinez,ma,45.08,64.49,29.4
europe_lau,Magaña,magana,ma,34.79,50.91,-6.34
europe_lau,Maján,majan,ma,58.76,76.79,57.9
europe_lau,Matalebreras,matalebreras,ma,67.69,70.01,64.53
europe_lau,Matamala de Almazán,matamala_de_almazan,ma,61.37,70.52,45.49
europe_lau,"Malahá, La",malaha_la,ma,44.54,64.43,1.88
europe_lau,Maracena,maracena,ma,52.91,72.84,24
europe_lau,Marchal,marchal,ma,26.58,50.65,36.99
europe_lau,Marthalen,marthalen,ma,37.73,56,51.94
europe_lau,Marganell,marganell,ma,38.39,54.59,88.4
europe_lau,"Majadas, Las",majadas_las,ma,44.44,66.41,99.31
europe_lau,Mariana,mariana,ma,50.77,70.01,18.87
europe_lau,Masegosa,masegosa,ma,22.87,48.06,-29.81
europe_lau,"Mata de Morella, la",mata_de_morella_la,ma,43.19,50.7,68.47
europe_lau,Matet,matet,ma,42.89,63.62,4.51
europe_lau,Madrigueras,madrigueras,ma,46.06,78.01,98.63
europe_lau,Mahora,mahora,ma,51.19,67.42,79.88
europe_lau,Masegoso,masegoso,ma,64.39,73.97,74.98
europe_lau,Марица,marica,ma,36.94,58.33,-38.57
europe_lau,Malgrat de Mar,malgrat_de_mar,ma,40.63,81.36,3.58
europe_lau,Malla,malla,ma,55.52,72.12,43.72
europe_lau,Manresa,manresa,ma,49.14,63.25,45.24
europe_lau,Martorell,martorell,ma,40.48,60.49,61.08
europe_lau,Martorelles,martorelles,ma,57.38,95.4,42.35
europe_lau,"Masies de Roda, Les",masies_de_roda_les,ma,42.17,56.5,0.86
europe_lau,"Masies de Voltregà, Les",masies_de_voltrega_les,ma,45.33,52.36,81.97
europe_lau,"Masnou, El",masnou_el,ma,24.18,56.11,-64.58
europe_lau,Masquefa,masquefa,ma,49.9,57.45,64.84
europe_lau,Matadepera,matadepera,ma,57.01,65.1,81.21
europe_lau,Mataró,mataro,ma,51.33,59.67,69.37
europe_lau,Madiswil,madiswil,ma,47.66,54.67,38.44
europe_lau,Maarkedal,maarkedal,ma,65.6,74.01,28.32
europe_lau,Maschwanden,maschwanden,ma,50.03,80.96,65.39
europe_lau,Magacela,magacela,ma,52.51,62,86.53
europe_lau,Malcocinado,malcocinado,ma,32.79,54.55,93.98
europe_lau,Malpartida de la Serena,malpartida_de_la_serena,ma,41.91,61.93,98.41
europe_lau,Manchita,manchita,ma,33.14,58.69,87.32
europe_lau,Männedorf,mannedorf,ma,61.49,78.32,64.84
europe_lau,Madrigal de la Vera,madrigal_de_la_vera,ma,17.43,49.38,72.97
europe_lau,Madrigalejo,madrigalejo,ma,38.25,57.22,76.63
europe_lau,Madroñera,madronera,ma,56.7,65.87,53.57
europe_lau,Majadas,majadas,ma,58.92,70.21,23.57
europe_lau,Malpartida de Cáceres,malpartida_de_caceres,ma,62.58,81.3,52.88
europe_lau,Malpartida de Plasencia,malpartida_de_plasencia,ma,35.77,51.35,13.39
europe_lau,Marchagaz,marchagaz,ma,74.39,76.4,38.36
europe_lau,Mata de Alcántara,mata_de_alcantara,ma,66.38,79.33,44.63
europe_lau,Malagón,malagon,ma,31.73,50.43,2.37
europe_lau,Manzanares,manzanares,ma,38.91,52.28,50.1
europe_lau,Madremanya,madremanya,ma,44.1,60.37,25.76
europe_lau,Maià de Montcal,maia_de_montcal,ma,62.85,76.61,62.03
europe_lau,Masarac,masarac,ma,57.5,68.91,33.99
europe_lau,Massanes,massanes,ma,64.85,77.54,78.12
europe_lau,Malpica de Bergantiños,malpica_de_bergantinos,ma,33.22,57.51,16.27
europe_lau,Mañón,manon,ma,13.83,51.04,85.54
europe_lau,Mazaricos,mazaricos,ma,52.84,62.73,60.64
europe_lau,Madrigal del Monte,madrigal_del_monte,ma,53.86,69.75,-1.75
europe_lau,Madrigalejo del Monte,madrigalejo_del_monte,ma,41.64,60.25,62.33
europe_lau,Mahamud,mahamud,ma,37.96,66.62,53.48
europe_lau,Mambrilla de Castrejón,mambrilla_de_castrejon,ma,38.94,66.32,7.36
europe_lau,Mambrillas de Lara,mambrillas_de_lara,ma,40.6,59.57,49.33
europe_lau,Mamolar,mamolar,ma,55.92,64.98,65.35
europe_lau,Manciles,manciles,ma,57.47,66.83,66.86
europe_lau,Mazuela,mazuela,ma,47.77,56.53,70.93
europe_lau,Maçanet de Cabrenys,macanet_de_cabrenys,ma,63.83,73.39,34.34
europe_lau,Maçanet de la Selva,macanet_de_la_selva,ma,52.64,67.93,7.67
europe_lau,"Marienberg, Stadt",marienberg_stadt,ma,35.82,47.69,89.3
europe_lau,Manage,manage,ma,57.59,61.62,68.81
europe_lau,Marchin,marchin,ma,48.9,80.12,87.92
europe_lau,"Marktheidenfeld, St",marktheidenfeld_st,ma,28.47,41.19,78.07
europe_lau,Märkisch Linden,markisch_linden,ma,44.32,54.94,59.1
europe_lau,Martinlamitzer Forst-Nord,martinlamitzer_forst_nord,ma,48.7,64.3,49.91
europe_lau,Maardu linn,maardu_linn,ma,54.17,60.65,58.67
europe_lau,Märjamaa vald,marjamaa_vald,ma,56.26,66.17,81.42
europe_lau,"Marktrodach, M",marktrodach_m,ma,49.96,63.84,68.5
europe_lau,Maria Saal,maria_saal,ma,50.82,62.34,25.85
europe_lau,"Marktbergel, M",marktbergel_m,ma,46.07,69.17,91.25
europe_lau,"Markt Bibart, M",markt_bibart_m,ma,43.55,62.94,45.14
europe_lau,"Markt Erlbach, M",markt_erlbach_m,ma,33.78,50.19,-27.2
europe_lau,"Markt Nordheim, M",markt_nordheim_m,ma,51.82,58.05,46.69
europe_lau,"Markneukirchen, Stadt",markneukirchen_stadt,ma,53.6,67.46,53.86
europe_lau,Margetshöchheim,margetshochheim,ma,54.79,76.84,62.76
europe_lau,"Markt Berolzheim, M",markt_berolzheim_m,ma,53.6,74.19,64.16
europe_lau,Marienfließ,marienfliess,ma,44.65,60.1,32.99
europe_lau,Mäder,mader,ma,31.92,55.41,52.4
europe_lau,"Marlow, Stadt",marlow_stadt,ma,46.08,57.83,21.72
europe_lau,Malmedy,malmedy,ma,35.42,56.38,97.84
europe_lau,"Mainleus, M",mainleus_m,ma,38.82,54.1,93.69
europe_lau,"Marktleugast, M",marktleugast_m,ma,57.58,66.16,64.39
europe_lau,"Marktschorgast, M",marktschorgast_m,ma,49.66,59.05,75.66
europe_lau,"Marktgraitz, M",marktgraitz_m,ma,49.89,64.5,69.53
europe_lau,"Marktzeuln, M",marktzeuln_m,ma,41.05,53.49,14.38
europe_lau,Matrei in Osttirol,matrei_in_osttirol,ma,35.2,52.14,84.89
europe_lau,"Marktleuthen, St",marktleuthen_st,ma,49.87,62.02,45.73
europe_lau,"Marktredwitz, GKSt",marktredwitz_gk_st,ma,55.81,64.96,21.85
europe_lau,Martinlamitzer Forst-Süd,martinlamitzer_forst_sud,ma,29.95,54.88,55.19
europe_lau,Malschwitz / Malešecy,malschwitz_malesecy,ma,36.84,50.68,87.89
europe_lau,Maasmechelen,maasmechelen,ma,48.16,58.19,49.04
europe_lau,Mainaschaff,mainaschaff,ma,25.03,37.88,98.75
europe_lau,"Maßbach, M",massbach_m,ma,49.6,56.67,50.12
europe_lau,Mariasdorf,mariasdorf,ma,33.84,53,84.41
europe_lau,Mark Landin,mark_landin,ma,47.64,66.56,48.12
europe_lau,Малко Търново,malko_t_rnovo,ma,33.38,52.77,13.58
europe_lau,Marche-en-Famenne,marche_en_famenne,ma,40.79,56.81,17.55
europe_lau,Manhay,manhay,ma,50.51,60.45,83.56
europe_lau,Manteler Forst,manteler_forst,ma,64.14,63.76,57.6
europe_lau,Marloffstein,marloffstein,ma,43.54,53.98,19.49
europe_lau,Maria Wörth,maria_worth,ma,18.73,43.18,-112.4
europe_lau,"Maxhütte-Haidhof, St",maxhutte_haidhof_st,ma,50.68,62.85,72.39
europe_lau,Malk Göhren,malk_gohren,ma,36.12,60.08,92.53
europe_lau,Malliß,malliss,ma,62.68,70.61,20.4
europe_lau,"Maroldsweisach, M",maroldsweisach_m,ma,42.34,60.8,-12.37
europe_lau,Markt Allhau,markt_allhau,ma,60.41,69.76,71.82
europe_lau,"Malchin, Stadt",malchin_stadt,ma,37.37,44.97,62.66
europe_lau,"Malchow, Stadt",malchow_stadt,ma,57.37,63.86,47.22
europe_lau,Маджарово,madzarovo,ma,48.01,60.08,40.06
europe_lau,Maaseik,maaseik,ma,32.72,44.85,28.07
europe_lau,"Mähring, M",mahring_m,ma,60.47,70.04,52.32
europe_lau,Malle,malle,ma,55.3,64.08,49.7
europe_lau,"Mainbernheim, St",mainbernheim_st,ma,46.81,60.31,79.26
europe_lau,Mainstockheim,mainstockheim,ma,45.31,66.33,-7.11
europe_lau,"Marktbreit, St",marktbreit_st,ma,35.24,62.78,74.99
europe_lau,"Markt Einersheim, M",markt_einersheim_m,ma,25.93,47.29,5.95
europe_lau,"Marktsteft, St",marktsteft_st,ma,58.02,68.16,42.46
europe_lau,Martinsheim,martinsheim,ma,53.81,72.61,70.66
europe_lau,Martelange,martelange,ma,41.63,67.25,97.54
europe_lau,Maria Rain,maria_rain,ma,50.52,66.07,1.57
europe_lau,Magdalensberg,magdalensberg,ma,45.82,62.36,78.01
europe_lau,Markt Neuhodis,markt_neuhodis,ma,34.72,65.86,86.39
europe_lau,Mainneville,mainneville,ma,52.63,77.56,33.4
europe_lau,Malleville-sur-le-Bec,malleville_sur_le_bec,ma,38.17,48.53,23.5
europe_lau,Malouy,malouy,ma,44.38,59.48,31.64
europe_lau,Mandeville,mandeville,ma,39.83,79.14,94.27
europe_lau,Mandres,mandres,ma,46.1,57.35,27.43
europe_lau,Manneville-la-Raoult,manneville_la_raoult,ma,50.3,62.61,25.89
europe_lau,Manneville-sur-Risle,manneville_sur_risle,ma,49.52,75.68,60.78
europe_lau,Marais-Vernier,marais_vernier,ma,43.32,67.75,99.2
europe_lau,Marbeuf,marbeuf,ma,62.76,82.7,83.26
europe_lau,Marcilly-la-Campagne,marcilly_la_campagne,ma,61.31,61.14,49.41
europe_lau,Marcilly-sur-Eure,marcilly_sur_eure,ma,43.3,65.93,56.27
europe_lau,Martagny,martagny,ma,41.02,66.28,21.02
europe_lau,Martainville,martainville,ma,53.54,63.75,20.45
europe_lau,Martot,martot,ma,29.8,53.63,94.5
europe_lau,Maria-Lanzendorf,maria_lanzendorf,ma,36.44,50.86,68.05
europe_lau,Madulain,madulain,ma,16.3,40.88,78.84
europe_lau,Maillane,maillane,ma,56.47,75.56,58
europe_lau,Mallemort,mallemort,ma,34.45,49.57,12.33
europe_lau,Marignane,marignane,ma,48.6,59.58,39.31
europe_lau,Marseille,marseille,ma,41.1,54.78,60.22
europe_lau,Martigues,martigues,ma,55.41,70.01,84.33
europe_lau,Mas-Blanc-des-Alpilles,mas_blanc_des_alpilles,ma,58.06,77.1,68.53
europe_lau,Maussane-les-Alpilles,maussane_les_alpilles,ma,45.26,60.07,67.58
europe_lau,MAT,mat,ma,50.49,71.62,42.19
europe_lau,Maienfeld,maienfeld,ma,29.94,35.52,66.29
europe_lau,Malans,malans,ma,42.14,55.89,75.73
europe_lau,Maggia,maggia,ma,55.18,72.47,36.81
europe_lau,Märstetten,marstetten,ma,49.49,66.86,27.16
europe_lau,Matzendorf,matzendorf,ma,34.49,63.66,99.91
europe_lau,Maconge,maconge,ma,46.9,72.37,42.81
europe_lau,Magnien,magnien,ma,50.08,63.65,49.87
europe_lau,Magny-Lambert,magny_lambert,ma,43.54,58.02,51.87
europe_lau,Magny-la-Ville,magny_la_ville,ma,34.11,73.51,72.2
europe_lau,Magny-lès-Aubigny,magny_les_aubigny,ma,34.86,42.55,9.62
europe_lau,Magny-Montarlot,magny_montarlot,ma,39.3,52.32,68.93
europe_lau,Magny-lès-Villers,magny_les_villers,ma,46.03,55.16,21.06
europe_lau,Magny-Saint-Médard,magny_saint_medard,ma,46.67,63.16,73.23
europe_lau,Magny-sur-Tille,magny_sur_tille,ma,33.91,51.08,75.28
europe_lau,Maisey-le-Duc,maisey_le_duc,ma,27.71,42.57,17.35
europe_lau,Mâlain,malain,ma,46.67,69.36,75.83
europe_lau,Maligny,maligny,ma,52.17,65.96,19.54
europe_lau,Manlay,manlay,ma,54.99,67.26,32.27
europe_lau,Marandeuil,marandeuil,ma,46.84,62.61,89.27
europe_lau,Marcellois,marcellois,ma,36.92,55.81,41.84
europe_lau,Marcenay,marcenay,ma,39.88,59.95,89.23
europe_lau,Marcheseuil,marcheseuil,ma,52.68,70.27,24.15
europe_lau,Marcigny-sous-Thil,marcigny_sous_thil,ma,63.7,70.22,38.31
europe_lau,Marcilly-et-Dracy,marcilly_et_dracy,ma,67.12,70.96,72.15
europe_lau,Marcilly-Ogny,marcilly_ogny,ma,61.31,66.5,40.91
europe_lau,Marcilly-sur-Tille,marcilly_sur_tille,ma,41.31,70.78,65.99
europe_lau,Marey-lès-Fussey,marey_les_fussey,ma,42.83,60.24,6.29
europe_lau,Marey-sur-Tille,marey_sur_tille,ma,55.16,57.44,53.22
europe_lau,Marigny-le-Cahouët,marigny_le_cahouet,ma,41.58,62.92,44.21
europe_lau,Marigny-lès-Reullée,marigny_les_reullee,ma,52.84,63.51,81.57
europe_lau,Marliens,marliens,ma,60.86,75.57,72.07
europe_lau,Marmagne,marmagne,ma,38.13,70.39,92.1
europe_lau,Marsannay-la-Côte,marsannay_la_cote,ma,29.29,59.73,-36.48
europe_lau,Marsannay-le-Bois,marsannay_le_bois,ma,54.52,81.12,80.02
europe_lau,Martrois,martrois,ma,29.4,57.24,-78.22
europe_lau,Massingy,massingy,ma,62.11,75.3,63.66
europe_lau,Massingy-lès-Semur,massingy_les_semur,ma,60.99,73.88,71.99
europe_lau,Massingy-lès-Vitteaux,massingy_les_vitteaux,ma,53.75,66.2,73.98
europe_lau,Mauvilly,mauvilly,ma,36.94,58.22,-26.7
europe_lau,Mavilly-Mandelot,mavilly_mandelot,ma,48.15,63.92,67.46
europe_lau,Maxilly-sur-Saône,maxilly_sur_saone,ma,53.5,65.94,85.89
europe_lau,Madranges,madranges,ma,46.03,57.42,51.88
europe_lau,Malemort,malemort,ma,44.17,61.87,29.04
europe_lau,Mansac,mansac,ma,46.4,63.75,76.23
europe_lau,Marcillac-la-Croisille,marcillac_la_croisille,ma,56.51,66.92,80.55
europe_lau,Marcillac-la-Croze,marcillac_la_croze,ma,45.92,73.93,93.88
europe_lau,Margerides,margerides,ma,41.37,68.61,59.22
europe_lau,Masseret,masseret,ma,61.92,61.8,48.93
europe_lau,Maussac,maussac,ma,39.67,55.47,88.12
europe_lau,Malarce-sur-la-Thines,malarce_sur_la_thines,ma,38.34,58.8,89.47
europe_lau,Malbosc,malbosc,ma,53.68,60.73,71.97
europe_lau,Marcols-les-Eaux,marcols_les_eaux,ma,54.75,69.52,83.56
europe_lau,Mariac,mariac,ma,58.54,69.81,38.45
europe_lau,Mars,mars,ma,58.31,62.87,34.09
europe_lau,Mauves,mauves,ma,55.08,69.1,29.32
europe_lau,Mayres,mayres,ma,72.32,77.59,46.56
europe_lau,Mazan-l'Abbaye,mazan_l_abbaye,ma,42.8,62.03,68.41
europe_lau,Majastres,majastres,ma,47.09,59.8,65.18
europe_lau,Malijai,malijai,ma,35.73,50.92,93.42
europe_lau,Mallefougasse-Augès,mallefougasse_auges,ma,35.78,51.5,85.59
europe_lau,Mallemoisson,mallemoisson,ma,54.54,64.02,36.02
europe_lau,Mane,mane,ma,35.27,62.6,61.81
europe_lau,Manosque,manosque,ma,47.77,70.36,72.54
europe_lau,Marcoux,marcoux,ma,50.43,70.51,73.28
europe_lau,Marracos,marracos,ma,44.21,63.87,92.34
europe_lau,Maleville,maleville,ma,55.15,54.6,62.82
europe_lau,Manhac,manhac,ma,50.42,71.47,78.42
europe_lau,Marcillac-Vallon,marcillac_vallon,ma,62.23,69.69,30.24
europe_lau,Marnhagues-et-Latour,marnhagues_et_latour,ma,52.94,61.85,70.61
europe_lau,Martiel,martiel,ma,43.5,51.67,87.18
europe_lau,Marbois,marbois,ma,32.76,56.03,-28.54
europe_lau,Magden,magden,ma,59.82,62.83,76.65
europe_lau,Masein,masein,ma,31.33,64.3,92.2
europe_lau,Magliaso,magliaso,ma,47.43,57.63,82.14
europe_lau,Maisonnais,maisonnais,ma,49.09,57.28,63.04
europe_lau,Marçais,marcais,ma,38.24,58.36,95.25
europe_lau,Mareuil-sur-Arnon,mareuil_sur_arnon,ma,43.42,64.98,95
europe_lau,Marmagne,marmagne,ma,46.24,62.76,39.62
europe_lau,Marseilles-lès-Aubigny,marseilles_les_aubigny,ma,47.28,61.71,2.79
europe_lau,Massay,massay,ma,59.3,68.48,62.82
europe_lau,Macqueville,macqueville,ma,51.65,70.35,68.76
europe_lau,Marans,marans,ma,45.22,55.28,53.67
europe_lau,Martrin,martrin,ma,51,63,42.73
europe_lau,Mayran,mayran,ma,52.8,67.02,84.87
europe_lau,Mauborget,mauborget,ma,37.32,61.77,82.95
europe_lau,Manno,manno,ma,48.79,73.22,76.46
europe_lau,Maroggia,maroggia,ma,45.34,58.06,62.2
europe_lau,Massagno,massagno,ma,59.1,79.66,34.05
europe_lau,Maalahti,maalahti,ma,54.66,66.65,75.75
europe_lau,Maarianhamina - Mariehamn,maarianhamina_mariehamn,ma,22.04,62.23,73.76
europe_lau,Marttila,marttila,ma,45.43,66.27,84.01
europe_lau,Masku,masku,ma,31.45,49.12,6.5
europe_lau,Mathon,mathon,ma,43.9,66.29,-27.24
europe_lau,Magrie,magrie,ma,46.98,70.84,37.73
europe_lau,Mailhac,mailhac,ma,55.67,58.64,53.21
europe_lau,Maisons,maisons,ma,31.96,59.68,5.75
europe_lau,Malras,malras,ma,47.93,69.79,0.42
europe_lau,Malves-en-Minervois,malves_en_minervois,ma,65.62,71.83,36.47
europe_lau,Malviès,malvies,ma,45.23,64.92,12.5
europe_lau,Marcorignan,marcorignan,ma,53.63,66.93,52.99
europe_lau,Marquein,marquein,ma,55.25,66.85,63.49
europe_lau,Marsa,marsa,ma,49.29,74.93,-3.03
europe_lau,Marseillette,marseillette,ma,50.57,63.92,25.54
europe_lau,Mas-Cabardès,mas_cabardes,ma,18.54,48.03,88.33
europe_lau,Mas-des-Cours,mas_des_cours,ma,51.96,76.7,71.11
europe_lau,Massac,massac,ma,42.6,72.31,-11.54
europe_lau,Mas-Saintes-Puelles,mas_saintes_puelles,ma,66.09,68.04,57.01
europe_lau,Mayreville,mayreville,ma,63.86,74.88,61.09
europe_lau,Mayronnes,mayronnes,ma,39.3,59.28,-18.07
europe_lau,Mazerolles-du-Razès,mazerolles_du_razes,ma,56.71,64.11,75.1
europe_lau,Mazuby,mazuby,ma,52.13,68.23,94.13
europe_lau,Marennes-Hiers-Brouage,marennes_hiers_brouage,ma,49.31,54.58,45.42
europe_lau,Marignac,marignac,ma,62.69,77.18,35.45
europe_lau,Marsais,marsais,ma,51.41,65.5,10.88
europe_lau,Marsilly,marsilly,ma,53.72,63.36,18.96
europe_lau,Massac,massac,ma,55.75,73.7,68.98
europe_lau,Matha,matha,ma,48.12,68.86,77.19
europe_lau,Mazeray,mazeray,ma,48.75,67.01,92.4
europe_lau,Mazerolles,mazerolles,ma,34.49,57.54,32.43
europe_lau,Magny-Châtelard,magny_chatelard,ma,34.71,65.86,94.95
europe_lau,Maîche,maiche,ma,46.87,53.38,41.02
europe_lau,Maisons-du-Bois-Lièvremont,maisons_du_bois_lievremont,ma,58.46,77.02,89.77
europe_lau,Malans,malans,ma,53.97,70.55,85.54
europe_lau,Malbrans,malbrans,ma,39.5,67.2,38.76
europe_lau,Malbuisson,malbuisson,ma,54.61,67.31,41.13
europe_lau,Malpas,malpas,ma,20.07,70.83,85.66
europe_lau,Mamirolle,mamirolle,ma,52.3,71.25,20.48
europe_lau,Mancenans,mancenans,ma,53.86,74.31,88.62
europe_lau,Mancenans-Lizerne,mancenans_lizerne,ma,45.36,73.25,69.41
europe_lau,Mandeure,mandeure,ma,52.69,67.85,89.68
europe_lau,Marchaux-Chaudefontaine,marchaux_chaudefontaine,ma,31.69,60.77,41.29
europe_lau,Marvelise,marvelise,ma,67.05,80.03,58.44
europe_lau,Mathay,mathay,ma,44.73,56.17,66.74
europe_lau,Mazerolles-le-Salin,mazerolles_le_salin,ma,58.34,68.62,46.94
europe_lau,Manteyer,manteyer,ma,58.82,64.92,51.41
europe_lau,Mäntsälä,mantsala,ma,52.85,61.61,86.83
europe_lau,Mäntyharju,mantyharju,ma,38.19,52.78,60.37
europe_lau,Mänttä-Vilppula,mantta_vilppula,ma,48.32,64.03,63.18
europe_lau,Magnieu,magnieu,ma,56.93,65.57,58.9
europe_lau,Maillat,maillat,ma,40.07,53.21,85.26
europe_lau,Mantenay-Montlin,mantenay_montlin,ma,61.16,67.85,68.04
europe_lau,Magnet,magnet,ma,66.45,83.28,40.56
europe_lau,Malicorne,malicorne,ma,33.93,59.44,-59.3
europe_lau,Marcenat,marcenat,ma,54.41,72.83,89.77
europe_lau,Marcillat-en-Combraille,marcillat_en_combraille,ma,67.38,65.82,46.79
europe_lau,Marigny,marigny,ma,56.44,69.03,67.89
europe_lau,Mariol,mariol,ma,43.87,63.41,33.89
europe_lau,Mazerier,mazerier,ma,53.63,63.59,70.06
europe_lau,Mazirat,mazirat,ma,52.59,65.23,34.07
europe_lau,Maisprach,maisprach,ma,57.82,70.49,83.57
europe_lau,Manzac-sur-Vern,manzac_sur_vern,ma,69.8,74.24,74.59
europe_lau,Marcillac-Saint-Quentin,marcillac_saint_quentin,ma,58.56,69.39,48.09
europe_lau,Mareuil en Périgord,mareuil_en_perigord,ma,46.21,60.07,78.12
europe_lau,Marnac,marnac,ma,41.91,50.53,63.27
europe_lau,Marquay,marquay,ma,45.88,63.51,55.61
europe_lau,Marsac-sur-l'Isle,marsac_sur_l_isle,ma,51.96,55.8,46.75
europe_lau,Marsalès,marsales,ma,39.66,54.4,45
europe_lau,Mauzac-et-Grand-Castang,mauzac_et_grand_castang,ma,32.2,61.4,94.43
europe_lau,Mauzens-et-Miremont,mauzens_et_miremont,ma,71.78,73.06,55.99
europe_lau,Mayac,mayac,ma,46.09,70.39,85.51
europe_lau,Mazeyrolles,mazeyrolles,ma,33.78,54.06,56.42
europe_lau,Marchissy,marchissy,ma,35.71,60.18,56.46
europe_lau,Manziat,manziat,ma,71.59,83.17,50.08
europe_lau,Marboz,marboz,ma,32.82,63.34,85.26
europe_lau,Marchamp,marchamp,ma,54.75,74.77,54.48
europe_lau,Marignieu,marignieu,ma,47.01,60.44,52.77
europe_lau,Marsonnas,marsonnas,ma,47.32,62.4,20.18
europe_lau,Martignat,martignat,ma,55.85,66.33,49.87
europe_lau,Massieux,massieux,ma,20.28,68.59,32.78
europe_lau,Massignieu-de-Rives,massignieu_de_rives,ma,53.41,64.29,44
europe_lau,Matafelon-Granges,matafelon_granges,ma,15.78,37.87,54.22
europe_lau,Mammern,mammern,ma,30.55,62.88,21.11
europe_lau,Malherbe-sur-Ajon,malherbe_sur_ajon,ma,25.52,53.39,65.61
europe_lau,Macastre,macastre,ma,49.81,64.26,66.58
europe_lau,Manises,manises,ma,44.18,59.28,4.72
europe_lau,Manuel,manuel,ma,48.08,59.9,67.04
europe_lau,Marines,marines,ma,37.13,42.96,76.37
europe_lau,Massalavés,massalaves,ma,59.81,66.52,67.83
europe_lau,Machault,machault,ma,68.37,81.67,75.66
europe_lau,Maisoncelle-et-Villers,maisoncelle_et_villers,ma,50.54,67.04,92.68
europe_lau,Malandry,malandry,ma,41.25,55.93,-11.7
europe_lau,Manre,manre,ma,55.02,65.93,44.17
europe_lau,Maranwez,maranwez,ma,44.53,56.82,29.54
europe_lau,Marby,marby,ma,39.01,67.36,90.88
europe_lau,Marcq,marcq,ma,44.92,71.2,58.97
europe_lau,Margny,margny,ma,30.3,54.59,-33.01
europe_lau,Margut,margut,ma,52.03,78.08,18.68
europe_lau,Marlemont,marlemont,ma,35.16,46.58,8.67
europe_lau,Marquigny,marquigny,ma,65.9,77.26,39.86
europe_lau,Mars-sous-Bourcq,mars_sous_bourcq,ma,47.05,62.57,23.05
europe_lau,Marvaux-Vieux,marvaux_vieux,ma,35.26,75.26,-61.11
europe_lau,Matton-et-Clémency,matton_et_clemency,ma,36.59,55.62,2.29
europe_lau,Maubert-Fontaine,maubert_fontaine,ma,31.87,56.29,74.04
europe_lau,Mazerny,mazerny,ma,52.4,65.9,76.02
europe_lau,MALLAKASTËR,mallakaster,ma,55.57,62.97,70.02
europe_lau,Massalfassar,massalfassar,ma,30.04,74.26,6.22
europe_lau,Massamagrell,massamagrell,ma,13.55,51.32,11.2
europe_lau,Massanassa,massanassa,ma,11.1,36.74,56.62
europe_lau,Macotera,macotera,ma,46.62,61.72,16.24
europe_lau,Machacón,machacon,ma,56.71,61.64,33.7
europe_lau,Madroñal,madronal,ma,46.51,62.82,64.63
europe_lau,"Maíllo, El",maillo_el,ma,55.94,64.86,60.36
europe_lau,Malpartida,malpartida,ma,50.74,78.13,64.43
europe_lau,Mancera de Abajo,mancera_de_abajo,ma,44.71,52.64,54.61
europe_lau,"Manzano, El",manzano_el,ma,57.42,72.18,33.73
europe_lau,Martiago,martiago,ma,27.62,59.47,84.59
europe_lau,Martinamor,martinamor,ma,59.35,65.19,31.64
europe_lau,Martín de Yeltes,martin_de_yeltes,ma,52.39,66.11,49.97
europe_lau,Masueco,masueco,ma,37.96,65.7,99.46
europe_lau,"Mata de Ledesma, La",mata_de_ledesma_la,ma,39.74,60.83,-17.85
europe_lau,Matilla de los Caños del Río,matilla_de_los_canos_del_rio,ma,37.39,51.5,-15.79
europe_lau,"Maya, La",maya_la,ma,48.53,68.14,14.34
europe_lau,Mattstetten,mattstetten,ma,24.28,50.08,99.65
europe_lau,Majaelrayo,majaelrayo,ma,31.67,51.14,66.68
europe_lau,Málaga del Fresno,malaga_del_fresno,ma,56.07,54.18,48.08
europe_lau,Malaguilla,malaguilla,ma,42.77,65.12,95.48
europe_lau,Mandayona,mandayona,ma,40.19,55.48,84.68
europe_lau,Mantiel,mantiel,ma,50.32,64.99,84.9
europe_lau,Maranchón,maranchon,ma,46.54,64.72,24.57
europe_lau,Marchamalo,marchamalo,ma,51.1,63.35,90.96
europe_lau,Masegoso de Tajuña,masegoso_de_tajuna,ma,44.2,66.5,94.71
europe_lau,Matarrubia,matarrubia,ma,69.72,67.54,59.94
europe_lau,Matillas,matillas,ma,63.51,82.32,75.76
europe_lau,Mazarete,mazarete,ma,33.62,39.9,45.46
europe_lau,Mazuecos,mazuecos,ma,25.87,59.05,34.24
europe_lau,Malters,malters,ma,36.4,64.14,18.51
europe_lau,Maderuelo,maderuelo,ma,40.51,46.39,52.67
europe_lau,Marazuela,marazuela,ma,50.61,69.72,51.55
europe_lau,Martín Miguel,martin_miguel,ma,48.34,69.77,34.89
europe_lau,Martín Muñoz de la Dehesa,martin_munoz_de_la_dehesa,ma,51.95,67.03,60.77
europe_lau,Martín Muñoz de las Posadas,martin_munoz_de_las_posadas,ma,61.35,65.86,50.18
europe_lau,Marugán,marugan,ma,36.27,48.17,94.46
europe_lau,Matabuena,matabuena,ma,48.21,81.39,76.52
europe_lau,Mata de Cuéllar,mata_de_cuellar,ma,65.98,72.46,58.21
europe_lau,"Matilla, La",matilla_la,ma,36.3,49.25,41.32
europe_lau,Maldà,malda,ma,59.92,72.58,30.87
europe_lau,Maast-et-Violaine,maast_et_violaine,ma,39.74,59.4,98.67
europe_lau,Mâchecourt,machecourt,ma,54.28,64.55,60.41
europe_lau,Macogny,macogny,ma,32.69,52.25,91.96
europe_lau,Macquigny,macquigny,ma,68.57,72.23,64.82
europe_lau,Magny-la-Fosse,magny_la_fosse,ma,48.28,61.07,48.52
europe_lau,Maissemy,maissemy,ma,32.31,56.69,73.97
europe_lau,Maizy,maizy,ma,40.75,61.37,15.77
europe_lau,Malzy,malzy,ma,54.49,74.64,75.63
europe_lau,Manicamp,manicamp,ma,44.1,61.02,93.55
europe_lau,Marchais,marchais,ma,44.67,73.98,27.83
europe_lau,Marcy,marcy,ma,38.27,59.71,6
europe_lau,Marcy-sous-Marle,marcy_sous_marle,ma,39.28,69.3,80.51
europe_lau,Marest-Dampcourt,marest_dampcourt,ma,57.05,81.6,45.92
europe_lau,Mareuil-en-Dôle,mareuil_en_dole,ma,39.98,51.42,66.02
europe_lau,Marfontaine,marfontaine,ma,52,72.12,91.95
europe_lau,Margival,margival,ma,57.83,67.13,83.01
europe_lau,Marigny-en-Orxois,marigny_en_orxois,ma,48.05,66.19,53.44
europe_lau,Marizy-Sainte-Geneviève,marizy_sainte_genevieve,ma,48.28,59.67,81.83
europe_lau,Marizy-Saint-Mard,marizy_saint_mard,ma,43.03,57.74,67.36
europe_lau,Marle,marle,ma,31.48,65.11,72.63
europe_lau,Marly-Gomont,marly_gomont,ma,52.16,62.9,84.1
europe_lau,Martigny,martigny,ma,52.16,71.33,60.6
europe_lau,Martigny-Courpierre,martigny_courpierre,ma,48.18,56.51,83.25
europe_lau,Mauregny-en-Haye,mauregny_en_haye,ma,34.08,54.34,90.83
europe_lau,Mayot,mayot,ma,32.85,66.98,-23.01
europe_lau,"Maderal, El",maderal_el,ma,60.86,74.09,73.86
europe_lau,Madridanos,madridanos,ma,53.61,63.99,23.04
europe_lau,Mahide,mahide,ma,47.22,69.37,81.44
europe_lau,Maire de Castroponce,maire_de_castroponce,ma,63.68,75.27,48.26
europe_lau,Malva,malva,ma,59.37,64.44,54.07
europe_lau,Manganeses de la Lampreana,manganeses_de_la_lampreana,ma,39.85,61.74,-20.86
europe_lau,Mañeru,maneru,ma,33.73,56.59,91.53
europe_lau,Marañón,maranon,ma,35.8,54.11,28.7
europe_lau,Manganeses de la Polvorosa,manganeses_de_la_polvorosa,ma,52.37,66.47,10.94
europe_lau,Manzanal de Arriba,manzanal_de_arriba,ma,46.25,63.63,-12.97
europe_lau,Manzanal del Barco,manzanal_del_barco,ma,56.06,67.01,75.41
europe_lau,Manzanal de los Infantes,manzanal_de_los_infantes,ma,52.03,61.7,21.65
europe_lau,Matilla de Arzón,matilla_de_arzon,ma,47.75,57.04,81.24
europe_lau,Matilla la Seca,matilla_la_seca,ma,67.58,70.76,34.11
europe_lau,Mayalde,mayalde,ma,53.5,65.53,38.75
europe_lau,Marazoleja,marazoleja,ma,43.08,59.15,82.13
europe_lau,Madarcos,madarcos,ma,58.6,85.26,86.41
europe_lau,Madrid,madrid,ma,47.78,60.19,71.14
europe_lau,Majadahonda,majadahonda,ma,52.49,65.94,12.78
europe_lau,Manzanares el Real,manzanares_el_real,ma,52.19,67.29,55.06
europe_lau,Marcilla,marcilla,ma,23.16,41.19,95.98
europe_lau,Massalcoreig,massalcoreig,ma,36.37,68.04,90.09
europe_lau,Massoteres,massoteres,ma,52.24,61.48,67.28
europe_lau,Maials,maials,ma,53.12,69.73,87.36
europe_lau,Margalef,margalef,ma,68.24,71.28,69.45
europe_lau,Marçà,marca,ma,43.29,68.2,6.64
europe_lau,Mas de Barberans,mas_de_barberans,ma,49.63,65.01,34.05
europe_lau,Masdenverge,masdenverge,ma,32.99,59.81,98.29
europe_lau,Masllorenç,masllorenc,ma,34.13,58.37,2.58
europe_lau,"Masó, La",maso_la,ma,53.18,74.1,86.85
europe_lau,Maspujols,maspujols,ma,34.45,73.3,57.37
europe_lau,"Masroig, El",masroig_el,ma,58.34,64.83,25.61
europe_lau,Madridejos,madridejos,ma,30.2,48.41,94.57
europe_lau,Magán,magan,ma,52.31,62.61,62.51
europe_lau,Malpica de Tajo,malpica_de_tajo,ma,51.83,71.76,16.18
europe_lau,Manzaneque,manzaneque,ma,38.94,73.93,68.69
europe_lau,Maqueda,maqueda,ma,36.01,53.2,-7.71
europe_lau,Marjaliza,marjaliza,ma,39.61,72.5,-30.74
europe_lau,Marrupe,marrupe,ma,29.45,52.79,33.95
europe_lau,Mascaraque,mascaraque,ma,33.34,52.77,89.44
europe_lau,"Mata, La",mata_la,ma,51.06,62.65,67.86
europe_lau,Mazarambroz,mazarambroz,ma,49.45,57.34,66.16
europe_lau,Marín,marin,ma,51.61,68.01,77.58
europe_lau,Mancha Real,mancha_real,ma,23.45,49.4,82.84
europe_lau,Marmolejo,marmolejo,ma,51.29,73.42,80.62
europe_lau,Martos,martos,ma,35.93,52.72,22.98
europe_lau,Macey,macey,ma,54.53,58.84,59.78
europe_lau,Machy,machy,ma,28.03,60.66,63.28
europe_lau,Magnant,magnant,ma,54.74,67.31,85.67
europe_lau,Magnicourt,magnicourt,ma,65.97,74.67,24.17
europe_lau,Magny-Fouchard,magny_fouchard,ma,45.13,58.72,63.09
europe_lau,Mailly-le-Camp,mailly_le_camp,ma,65.81,67.62,65.73
europe_lau,Maison-des-Champs,maison_des_champs,ma,40.99,64.81,98.38
europe_lau,Maisons-lès-Chaource,maisons_les_chaource,ma,39.09,61.05,99.88
europe_lau,Maisons-lès-Soulaines,maisons_les_soulaines,ma,55.36,77.45,50.2
europe_lau,Maizières-la-Grande-Paroisse,maizieres_la_grande_paroisse,ma,68.34,84.78,64.8
europe_lau,Maizières-lès-Brienne,maizieres_les_brienne,ma,26.59,64.17,-115.84
europe_lau,Maraye-en-Othe,maraye_en_othe,ma,54.2,60.47,56.64
europe_lau,Marcilly-le-Hayer,marcilly_le_hayer,ma,40.4,64.8,96.58
europe_lau,Marigny-le-Châtel,marigny_le_chatel,ma,54.83,68.27,74.29
europe_lau,Marnay-sur-Seine,marnay_sur_seine,ma,54.78,77.06,68.95
europe_lau,Marolles-lès-Bailly,marolles_les_bailly,ma,16.16,39.46,95.42
europe_lau,Marolles-sous-Lignières,marolles_sous_lignieres,ma,31.4,64.2,90.55
europe_lau,Mathaux,mathaux,ma,39.42,56.54,82.21
europe_lau,Maupas,maupas,ma,34.32,46.87,86.43
europe_lau,Mauensee,mauensee,ma,39.34,54.91,40.66
europe_lau,"Madroño, El",madrono_el,ma,43.15,64.88,-22.84
europe_lau,Mairena del Alcor,mairena_del_alcor,ma,51.44,62.14,47.9
europe_lau,Mairena del Aljarafe,mairena_del_aljarafe,ma,24.9,50.22,-35.24
europe_lau,Marchena,marchena,ma,63.19,69.67,63.05
europe_lau,Marinaleda,marinaleda,ma,37.03,65.7,47.79
europe_lau,Martín de la Jara,martin_de_la_jara,ma,62.74,68.95,66.75
europe_lau,Manzanillo,manzanillo,ma,25.21,58,-112.01
europe_lau,Marzales,marzales,ma,52.84,71.54,56.58
europe_lau,Matapozuelos,matapozuelos,ma,49.64,61.43,82.38
europe_lau,Matilla de los Caños,matilla_de_los_canos,ma,44.47,64.55,38.16
europe_lau,Mayorga,mayorga,ma,54.03,67.47,40.68
europe_lau,Magny-en-Bessin,magny_en_bessin,ma,64.25,72.58,76.79
europe_lau,Maisoncelles-Pelvey,maisoncelles_pelvey,ma,55.81,78.55,40.14
europe_lau,Maisoncelles-sur-Ajon,maisoncelles_sur_ajon,ma,49.28,67.61,70.95
europe_lau,Maisons,maisons,ma,51.06,74.01,-9.06
europe_lau,Maizet,maizet,ma,36.87,55.21,-14.58
europe_lau,Maizières,maizieres,ma,38.18,61.7,48.51
europe_lau,Maltot,maltot,ma,33.59,61.98,-11.69
europe_lau,Mandeville-en-Bessin,mandeville_en_bessin,ma,56.38,72.01,8.62
europe_lau,Manerbe,manerbe,ma,45.24,63.02,44.31
europe_lau,Manneville-la-Pipard,manneville_la_pipard,ma,58.42,69.6,58.02
europe_lau,Manvieux,manvieux,ma,49.2,70.6,76.1
europe_lau,"Matanza de Acentejo, La",matanza_de_acentejo_la,ma,31.76,61.09,53.94
europe_lau,Marbach (SG),marbach_sg,ma,30.25,66.63,58.04
europe_lau,Maella,maella,ma,52.81,63.24,27.05
europe_lau,Magallón,magallon,ma,46.77,53.71,28.34
europe_lau,Mainar,mainar,ma,32.01,72.38,83.85
europe_lau,Malanquilla,malanquilla,ma,46.52,69,76.18
europe_lau,Maleján,malejan,ma,46.82,75.32,19.95
europe_lau,Malón,malon,ma,60.2,64.39,63.11
europe_lau,Maluenda,maluenda,ma,39.73,54.42,59.18
europe_lau,Mallén,mallen,ma,23.92,57.82,-23.27
europe_lau,Manchones,manchones,ma,24.51,62.56,0.24
europe_lau,Mara,mara,ma,57.46,71.18,51.87
europe_lau,María de Huerva,maria_de_huerva,ma,31.84,65.18,69.63
europe_lau,Matten bei Interlaken,matten_bei_interlaken,ma,26.81,44.93,-42.27
europe_lau,Maceda,maceda,ma,33.2,51.25,26.24
europe_lau,Manzaneda,manzaneda,ma,48.36,68.35,44.44
europe_lau,Madic,madic,ma,50.66,64.95,57.28
europe_lau,Malbo,malbo,ma,36.94,56.2,99.62
europe_lau,Mandailles-Saint-Julien,mandailles_saint_julien,ma,45.77,65.77,37.66
europe_lau,Marcenat,marcenat,ma,31.86,50.99,-28.26
europe_lau,Marchastel,marchastel,ma,36.58,59.78,74.83
europe_lau,Marcolès,marcoles,ma,56.2,61.71,66.9
europe_lau,Marmanhac,marmanhac,ma,47.06,57.41,11.22
europe_lau,Massiac,massiac,ma,52.82,61.33,60.29
europe_lau,Mauriac,mauriac,ma,52.49,67.38,41.97
europe_lau,Maurines,maurines,ma,44.41,68.17,95.95
europe_lau,Maurs,maurs,ma,47.12,56.85,81.49
europe_lau,Marly,marly,ma,51.08,59.74,13.45
europe_lau,Matran,matran,ma,38.3,59.1,27.51
europe_lau,Manzanilla,manzanilla,ma,26.27,46.31,69.69
europe_lau,"Marines, Los",marines_los,ma,41.34,54.69,46.54
europe_lau,Macharaviaya,macharaviaya,ma,43.6,63.89,99.59
europe_lau,Málaga,malaga,ma,46.74,62.45,54.47
europe_lau,Manilva,manilva,ma,42.46,63.56,53.09
europe_lau,Marbella,marbella,ma,23.3,48.11,-82.26
europe_lau,Maside,maside,ma,67.97,71.55,51.1
europe_lau,Manjarrés,manjarres,ma,51.3,70.58,6.39
europe_lau,Mansilla de la Sierra,mansilla_de_la_sierra,ma,17.06,54.2,69.44
europe_lau,Manzanares de Rioja,manzanares_de_rioja,ma,36.7,51.2,85.91
europe_lau,Matute,matute,ma,36.9,57.39,72.39
europe_lau,Marina de Cudeyo,marina_de_cudeyo,ma,48.25,55.76,26.87
europe_lau,Mazcuerras,mazcuerras,ma,49.66,64.07,42.66
europe_lau,Madière,madiere,ma,45.71,59.76,13.62
europe_lau,Malegoude,malegoude,ma,60.19,78.73,29.95
europe_lau,Malléon,malleon,ma,44.05,63.13,99.35
europe_lau,Manses,manses,ma,43.08,59.93,93.82
europe_lau,Mauvezin-de-Prat,mauvezin_de_prat,ma,31.22,59.61,99.32
europe_lau,Mauvezin-de-Sainte-Croix,mauvezin_de_sainte_croix,ma,61.26,73.04,56.96
europe_lau,Mazères,mazeres,ma,44.44,65.8,88.63
europe_lau,Maicas,maicas,ma,54.63,75.35,25.39
europe_lau,Manzanera,manzanera,ma,66.33,79.7,47.21
europe_lau,Martín del Río,martin_del_rio,ma,50.39,71.7,22.89
europe_lau,Mas de las Matas,mas_de_las_matas,ma,54.39,73.37,33.7
europe_lau,"Mata de los Olmos, La",mata_de_los_olmos_la,ma,40.67,53.13,81.36
europe_lau,Mazaleón,mazaleon,ma,64.64,71.18,62.79
europe_lau,Magaz de Cepeda,magaz_de_cepeda,ma,66.45,75.33,62.7
europe_lau,Mansilla de las Mulas,mansilla_de_las_mulas,ma,25.66,55.85,-4.54
europe_lau,Mansilla Mayor,mansilla_mayor,ma,53.32,63.43,71.8
europe_lau,Maraña,marana,ma,51.42,66.66,48.71
europe_lau,Matadeón de los Oteros,matadeon_de_los_oteros,ma,44.71,54.37,78.25
europe_lau,Matallana de Torío,matallana_de_torio,ma,56,65,57.09
europe_lau,Matanza,matanza,ma,51.49,59.48,58.77
europe_lau,Marolles,marolles,ma,42.67,54.32,26.01
europe_lau,Martainville,martainville,ma,40.65,69.03,99.51
europe_lau,Martigny-sur-l'Ante,martigny_sur_l_ante,ma,64.91,75.36,52.98
europe_lau,Mathieu,mathieu,ma,51.6,77.06,87.38
europe_lau,May-sur-Orne,may_sur_orne,ma,62.41,77.66,75.02
europe_lau,Mägenwil,magenwil,ma,52.1,65.11,62.02
europe_lau,Mazarrón,mazarron,ma,68.78,68.41,55.26
europe_lau,Malaussène,malaussene,ma,30.63,64.2,-27.95
europe_lau,Mandelieu-la-Napoule,mandelieu_la_napoule,ma,49.35,64.35,82.47
europe_lau,Marie,marie,ma,36.39,50.78,14.62
europe_lau,Massoins,massoins,ma,15.05,33.94,83.44
europe_lau,Μάρωνας,maronas,ma,49.79,60.42,50.86
europe_lau,Maâtz,maatz,ma,26.57,47.13,44.34
europe_lau,Magneux,magneux,ma,58.96,71.73,26.01
europe_lau,Maisoncelles,maisoncelles,ma,51.06,57.94,35.99
europe_lau,Maizières,maizieres,ma,57.42,76.77,77.87
europe_lau,Maizières-sur-Amance,maizieres_sur_amance,ma,58.46,72.17,23.34
europe_lau,Malaincourt-sur-Meuse,malaincourt_sur_meuse,ma,69.58,81.59,64.26
europe_lau,Mandres-la-Côte,mandres_la_cote,ma,60.82,68.18,64.47
europe_lau,Manois,manois,ma,24.05,51.88,99.59
europe_lau,Marac,marac,ma,32.36,52.06,-4
europe_lau,Maranville,maranville,ma,38.88,51.23,62.34
europe_lau,Marbéville,marbeville,ma,47.35,58.79,89.83
europe_lau,Marcilly-en-Bassigny,marcilly_en_bassigny,ma,47.25,58.84,39.48
europe_lau,Mardor,mardor,ma,69.29,72.17,38.06
europe_lau,Mareilles,mareilles,ma,38.68,60.07,85.07
europe_lau,Marnay-sur-Marne,marnay_sur_marne,ma,47.78,62.49,80.35
europe_lau,Mathons,mathons,ma,50.91,55.69,66.89
europe_lau,Marchastel,marchastel,ma,44.01,62.71,93.9
europe_lau,Marvejols,marvejols,ma,39.13,56.38,80.09
europe_lau,Massegros Causses Gorges,massegros_causses_gorges,ma,65.44,69.01,77.91
europe_lau,Mas-Saint-Chély,mas_saint_chely,ma,52,58.78,45.38
europe_lau,Magneville,magneville,ma,62.18,64.67,49.92
europe_lau,Marcey-les-Grèves,marcey_les_greves,ma,42.71,71.23,99.84
europe_lau,Marchésieux,marchesieux,ma,33.17,44.6,32.66
europe_lau,Marcilly,marcilly,ma,41.22,65.4,-5.5
europe_lau,Margueray,margueray,ma,35.41,70.33,76.3
europe_lau,Marigny-Le-Lozon,marigny_le_lozon,ma,29.53,44.65,79.81
europe_lau,Martinvast,martinvast,ma,40.97,62.66,3.1
europe_lau,Maupertuis,maupertuis,ma,35.73,55.89,77.51
europe_lau,Maupertus-sur-Mer,maupertus_sur_mer,ma,50.14,65.39,68.04
europe_lau,Majetín,majetin,ma,43.03,63.28,6.58
europe_lau,Marcilly-en-Villette,marcilly_en_villette,ma,64.95,71.46,25.74
europe_lau,Mardié,mardie,ma,34.01,51.73,80.01
europe_lau,Mareau-aux-Bois,mareau_aux_bois,ma,50.71,61.37,77.23
europe_lau,Mareau-aux-Prés,mareau_aux_pres,ma,30.77,64.89,15.26
europe_lau,Marigny-les-Usages,marigny_les_usages,ma,47.76,74.13,35.49
europe_lau,Marsainvilliers,marsainvilliers,ma,65.06,72.91,36.38
europe_lau,Maria Laach am Jauerling,maria_laach_am_jauerling,ma,50.8,59.49,66.78
europe_lau,Μαμώνια,mamonia,ma,41.21,58.58,8.12
europe_lau,Μαζωτός,mazotos,ma,49.7,56.76,57.23
europe_lau,Mably,mably,ma,57.18,73.38,84.28
europe_lau,Machézal,machezal,ma,49.08,64.67,67.82
europe_lau,Μάσαρη,masare,ma,39.42,61.81,66.25
europe_lau,Maclas,maclas,ma,58.12,66.28,48
europe_lau,Magneux-Haute-Rive,magneux_haute_rive,ma,54.18,72.73,14.03
europe_lau,Maizilly,maizilly,ma,61.59,72.49,39.89
europe_lau,Malleval,malleval,ma,67.86,75.66,53
europe_lau,Marcenod,marcenod,ma,59.95,73.69,36.04
europe_lau,Marcilly-le-Châtel,marcilly_le_chatel,ma,49.32,71.05,46.03
europe_lau,Marclopt,marclopt,ma,45.37,68.08,-29.39
europe_lau,Marcoux,marcoux,ma,54.2,75.78,40.61
europe_lau,Margerie-Chantagret,margerie_chantagret,ma,43.27,68.57,-8.47
europe_lau,Maringes,maringes,ma,34.83,50.69,-5.91
europe_lau,Marlhes,marlhes,ma,60.91,74.72,71.53
europe_lau,Marols,marols,ma,51.98,62.77,33.89
europe_lau,Mars,mars,ma,57.45,66.73,27.9
europe_lau,Mailberg,mailberg,ma,48.94,68.02,65.67
europe_lau,Mayrac,mayrac,ma,51.43,73.19,-3.67
europe_lau,Machecoul-Saint-Même,machecoul_saint_meme,ma,36.96,53.99,24.06
europe_lau,Maisdon-sur-Sèvre,maisdon_sur_sevre,ma,60.39,67.66,80.55
europe_lau,Malville,malville,ma,52.95,67.74,67.47
europe_lau,Μανσούρα,mansoura,ma,23.82,38.52,22.48
europe_lau,Marsac-sur-Don,marsac_sur_don,ma,57.96,70.18,46.91
europe_lau,Massérac,masserac,ma,50.01,65.54,15.72
europe_lau,Mauves-sur-Loire,mauves_sur_loire,ma,34.17,61.07,59.51
europe_lau,Magenta,magenta,ma,45.85,64.4,88.98
europe_lau,Madaillan,madaillan,ma,49.29,64.93,-3.54
europe_lau,Marcellus,marcellus,ma,46.06,66.32,79.78
europe_lau,Marmande,marmande,ma,44.74,56.04,53.28
europe_lau,Marmont-Pachas,marmont_pachas,ma,54.93,64.99,79.49
europe_lau,Masquières,masquieres,ma,46.36,66.76,89.68
europe_lau,Massels,massels,ma,58.29,73.75,73.94
europe_lau,Massoulès,massoules,ma,51.26,63,19.71
europe_lau,Mauvezin-sur-Gupie,mauvezin_sur_gupie,ma,64.31,73.2,65.61
europe_lau,Mazières-Naresse,mazieres_naresse,ma,33.95,48.29,88.84
europe_lau,Μαραθόβουνος,marathobounos,ma,34.4,56.43,29.65
europe_lau,Μαλιά,malia,ma,52.36,65.65,27.38
europe_lau,Marcé,marce,ma,49.22,67.05,73.86
europe_lau,Maulévrier,maulevrier,ma,33.91,54.95,9.98
europe_lau,Mazé-Milon,maze_milon,ma,39.86,70.45,83.72
europe_lau,Mazières-en-Mauges,mazieres_en_mauges,ma,33.52,63.05,67.94
europe_lau,Mauges-sur-Loire,mauges_sur_loire,ma,35.82,56.84,-26.5
europe_lau,Μανδριά Πάφου,mandria_paphou,ma,43.3,53.73,40.85
europe_lau,Maissau,maissau,ma,37.29,64.33,-3.27
europe_lau,Maray,maray,ma,61.51,74.18,38.72
europe_lau,Marchenoir,marchenoir,ma,51.49,66.34,65.25
europe_lau,Marcilly-en-Beauce,marcilly_en_beauce,ma,30.69,50.34,96.61
europe_lau,Marcilly-en-Gault,marcilly_en_gault,ma,54.97,65.36,70.95
europe_lau,Mareuil-sur-Cher,mareuil_sur_cher,ma,47.44,75.14,30.91
europe_lau,Marolles,marolles,ma,47.3,66.02,69.48
europe_lau,Maslives,maslives,ma,35.03,43.71,75.85
europe_lau,Maves,maves,ma,48.39,56.36,78.17
europe_lau,Mazangé,mazange,ma,44.13,63.13,83.05
europe_lau,Maing,maing,ma,60.99,69.07,69.72
europe_lau,Mairieux,mairieux,ma,47.23,57.09,32.2
europe_lau,Malincourt,malincourt,ma,61.26,71.08,66.83
europe_lau,Marbaix,marbaix,ma,46.47,66.75,78.85
europe_lau,Marchiennes,marchiennes,ma,29.42,49.57,3.46
europe_lau,Marcoing,marcoing,ma,30.65,46.7,75.07
europe_lau,Marcq-en-Barœul,marcq_en_baroeul,ma,36.87,53.75,91.99
europe_lau,Marcq-en-Ostrevent,marcq_en_ostrevent,ma,70.72,77.25,60.42
europe_lau,Maresches,maresches,ma,57.6,71.61,25.21
europe_lau,Maretz,maretz,ma,68.61,71.79,69
europe_lau,Marly,marly,ma,48.71,74.41,33.06
europe_lau,Maroilles,maroilles,ma,60.38,71.53,62.63
europe_lau,Marpent,marpent,ma,34.58,86.92,89.19
europe_lau,Marquette-lez-Lille,marquette_lez_lille,ma,30.04,55.01,0.7
europe_lau,Marquette-en-Ostrevant,marquette_en_ostrevant,ma,59.79,62.96,42.19
europe_lau,Marquillies,marquillies,ma,60.09,60.25,43.63
europe_lau,Masnières,masnieres,ma,45.2,65.95,42.95
europe_lau,Masny,masny,ma,36.81,55.1,99.58
europe_lau,Mastaing,mastaing,ma,38.61,59.92,-31.13
europe_lau,Maubeuge,maubeuge,ma,42.95,61.41,32.08
europe_lau,Maulde,maulde,ma,54.72,67.24,62.05
europe_lau,Maurois,maurois,ma,30.06,66.83,44.77
europe_lau,Mazinghien,mazinghien,ma,31.45,61.02,74.32
europe_lau,Maffrécourt,maffrecourt,ma,55.97,67.42,23.62
europe_lau,Μαθικολώνη,mathikolone,ma,28.51,53.72,91.46
europe_lau,Magneux,magneux,ma,39.05,62.76,48.85
europe_lau,Mailly-Champagne,mailly_champagne,ma,35.52,72.76,91.93
europe_lau,Mairy-sur-Marne,mairy_sur_marne,ma,58.93,75.62,45.74
europe_lau,Maisons-en-Champagne,maisons_en_champagne,ma,33.63,67.94,11.16
europe_lau,Malmy,malmy,ma,41.33,51.06,32.9
europe_lau,Mancy,mancy,ma,58.68,74.74,54.35
europe_lau,Marcilly-sur-Seine,marcilly_sur_seine,ma,44.89,71.45,89.83
europe_lau,Μαραθούντα,marathounta,ma,52.49,63.68,79.43
europe_lau,Μανδριά Λεμεσού,mandria_lemesou,ma,38.15,62.59,-24.85
europe_lau,Madriat,madriat,ma,35.35,61.81,-38.9
europe_lau,Malauzat,malauzat,ma,23.65,45.9,93.61
europe_lau,Malintrat,malintrat,ma,58.53,63.82,49.43
europe_lau,Manglieu,manglieu,ma,41.93,59.05,89.11
europe_lau,Manzat,manzat,ma,47.39,68.61,82.9
europe_lau,Marat,marat,ma,55.83,65.83,56.86
europe_lau,Marcillat,marcillat,ma,57.01,63.26,61.34
europe_lau,Mareugheol,mareugheol,ma,26.35,46.29,-38.72
europe_lau,Maringues,maringues,ma,57.2,65,75.76
europe_lau,Marsac-en-Livradois,marsac_en_livradois,ma,59.34,65.6,21.34
europe_lau,Marsat,marsat,ma,56.31,75.89,43.15
europe_lau,Martres-sur-Morge,martres_sur_morge,ma,53.33,64.46,68.34
europe_lau,Mauzun,mauzun,ma,48.65,67.8,48.75
europe_lau,Mayres,mayres,ma,33.57,53.35,85.24
europe_lau,Mazaye,mazaye,ma,34.18,57.17,39.27
europe_lau,Mazoires,mazoires,ma,55.82,65.62,67.96
europe_lau,Μαρί,mari,ma,43.52,65.19,15.8
europe_lau,Magny,magny,ma,44.01,53.38,49.09
europe_lau,Maillebois,maillebois,ma,60.57,65.77,43.42
europe_lau,Maintenon,maintenon,ma,31.91,51.69,28.43
europe_lau,Mainvilliers,mainvilliers,ma,44.75,63.37,61.67
europe_lau,Maisons,maisons,ma,56.77,71.45,63.79
europe_lau,Manou,manou,ma,30.85,55.8,51.17
europe_lau,Marboué,marboue,ma,57.59,70.07,35.77
europe_lau,Machemont,machemont,ma,32.8,66.3,82.72
europe_lau,Maignelay-Montigny,maignelay_montigny,ma,62.87,66.58,66.98
europe_lau,Maimbeville,maimbeville,ma,54.61,63.55,72.59
europe_lau,Maisoncelle-Saint-Pierre,maisoncelle_saint_pierre,ma,37.78,63.64,94.15
europe_lau,Maisoncelle-Tuilerie,maisoncelle_tuilerie,ma,61.76,70.22,52.35
europe_lau,Marest-sur-Matz,marest_sur_matz,ma,59.85,70.26,69.44
europe_lau,Mareuil-la-Motte,mareuil_la_motte,ma,40.2,58.51,-8.65
europe_lau,Mareuil-sur-Ourcq,mareuil_sur_ourcq,ma,45.76,60.6,29.88
europe_lau,Margny-aux-Cerises,margny_aux_cerises,ma,64.18,68.57,55.43
europe_lau,Margny-lès-Compiègne,margny_les_compiegne,ma,39.16,66.48,28.75
europe_lau,Margny-sur-Matz,margny_sur_matz,ma,57.73,67.85,61.54
europe_lau,Marolles,marolles,ma,31.39,49.41,95.4
europe_lau,Marquéglise,marqueglise,ma,48.89,64.17,-4.45
europe_lau,Marseille-en-Beauvaisis,marseille_en_beauvaisis,ma,31.91,53.65,53.7
europe_lau,Martincourt,martincourt,ma,22.82,47.02,57.18
europe_lau,Maucourt,maucourt,ma,36.92,57.1,68.53
europe_lau,Maulers,maulers,ma,50.46,74.36,56.21
europe_lau,Maysel,maysel,ma,51.92,66.83,81.56
europe_lau,Μαρώνι,maroni,ma,67.97,75.03,61.47
europe_lau,Mardeuil,mardeuil,ma,62.49,74.7,47.71
europe_lau,Mareuil-en-Brie,mareuil_en_brie,ma,32.18,57.81,95.72
europe_lau,Mareuil-le-Port,mareuil_le_port,ma,49.69,56.55,61.14
europe_lau,Marfaux,marfaux,ma,37.3,63.28,71.92
europe_lau,Margerie-Hancourt,margerie_hancourt,ma,15.95,31.23,-86.71
europe_lau,Margny,margny,ma,55.04,75.27,67.72
europe_lau,Marigny,marigny,ma,59.08,72.56,60.78
europe_lau,Marolles,marolles,ma,60.93,74.09,38.8
europe_lau,Marsangis,marsangis,ma,59.59,64.36,57.74
europe_lau,Marson,marson,ma,40.75,60.38,47.1
europe_lau,Massiges,massiges,ma,46.72,70.44,21.7
europe_lau,Matignicourt-Goncourt,matignicourt_goncourt,ma,40.19,62.62,4.39
europe_lau,Matougues,matougues,ma,53.03,64.09,64.52
europe_lau,Maurupt-le-Montois,maurupt_le_montois,ma,45.33,61.76,59.16
europe_lau,Magnières,magnieres,ma,35.43,48.06,81.87
europe_lau,Μάνδρες Αμμοχώστου,mandres_ammochostou,ma,49.51,69.47,52.92
europe_lau,Madré,madre,ma,46.01,61.33,91
europe_lau,Maisoncelles-du-Maine,maisoncelles_du_maine,ma,53.82,69.24,36.88
europe_lau,Marcillé-la-Ville,marcille_la_ville,ma,47.77,63.81,77.91
europe_lau,Marigné-Peuton,marigne_peuton,ma,51.29,69.38,63.35
europe_lau,Martigné-sur-Mayenne,martigne_sur_mayenne,ma,59.8,68.45,58.5
europe_lau,Mayenne,mayenne,ma,62.37,72.03,70.94
europe_lau,Maidières,maidieres,ma,54.56,74.4,24.69
europe_lau,Mailly-sur-Seille,mailly_sur_seille,ma,42.22,63.09,46.6
europe_lau,Mairy-Mainville,mairy_mainville,ma,28.83,48.61,7.47
europe_lau,Maixe,maixe,ma,41.22,67.18,97.16
europe_lau,Maizières,maizieres,ma,28.73,40.96,58.96
europe_lau,Malavillers,malavillers,ma,52.83,70.62,74.81
europe_lau,Malleloy,malleloy,ma,27.21,65.74,76.96
europe_lau,Malzéville,malzeville,ma,48.84,67.77,81.99
europe_lau,Mamey,mamey,ma,51.34,76.33,73.25
europe_lau,Mandres-aux-Quatre-Tours,mandres_aux_quatre_tours,ma,18.79,61.42,95.88
europe_lau,Mangonville,mangonville,ma,58.17,73.91,3.16
europe_lau,Manoncourt-en-Vermois,manoncourt_en_vermois,ma,50.78,76.07,83.23
europe_lau,Manoncourt-en-Woëvre,manoncourt_en_woevre,ma,31.64,40.54,15.19
europe_lau,Manonville,manonville,ma,38.92,60.24,71.3
europe_lau,Manonviller,manonviller,ma,42.5,62,55.12
europe_lau,Marainviller,marainviller,ma,50.13,64.78,81.94
europe_lau,Marbache,marbache,ma,44.62,60.55,47.9
europe_lau,Maron,maron,ma,37.86,58.08,92.91
europe_lau,Mars-la-Tour,mars_la_tour,ma,40.43,60.71,14.36
europe_lau,Marthemont,marthemont,ma,53.38,68.61,56.93
europe_lau,Martincourt,martincourt,ma,57.89,64.01,59.8
europe_lau,Mattexey,mattexey,ma,62.85,73.15,80.16
europe_lau,Maxéville,maxeville,ma,21.83,54.49,-27.27
europe_lau,Mazerulles,mazerulles,ma,35.85,53.81,68.66
europe_lau,Marchéville,marcheville,ma,44.61,53.61,29.99
europe_lau,Marchezais,marchezais,ma,58.91,87.23,60.82
europe_lau,Marolles-les-Buis,marolles_les_buis,ma,55.54,65.28,25.03
europe_lau,Marville-Moutiers-Brûlé,marville_moutiers_brule,ma,38.49,60.45,84.96
europe_lau,Malrevers,malrevers,ma,53.94,68.11,57.23
europe_lau,Malvalette,malvalette,ma,53.82,60.02,53.96
europe_lau,Malvières,malvieres,ma,63.98,67.9,54.88
europe_lau,Mazet-Saint-Voy,mazet_saint_voy,ma,45.01,61,76.31
europe_lau,Mazerat-Aurouze,mazerat_aurouze,ma,54.95,66.5,28.05
europe_lau,Mazeyrat-d'Allier,mazeyrat_d_allier,ma,52.76,69.37,25.72
europe_lau,Μακράσυκα,makrasyka,ma,55.69,74.89,48.9
europe_lau,Marcilhac-sur-Célé,marcilhac_sur_cele,ma,45.74,57.19,92.07
europe_lau,Marminiac,marminiac,ma,40.11,59.54,62.73
europe_lau,Martel,martel,ma,47.22,57.4,72.62
europe_lau,Masclat,masclat,ma,46.84,69.48,78.89
europe_lau,Mauroux,mauroux,ma,56.41,67.45,85.16
europe_lau,Maxou,maxou,ma,45.86,64.56,67.64
europe_lau,Mayrinhac-Lentour,mayrinhac_lentour,ma,54.41,61.51,47.29
europe_lau,Malvezie,malvezie,ma,49.62,72.74,39.01
europe_lau,Mancioux,mancioux,ma,36.7,58.02,54.88
europe_lau,Mane,mane,ma,53.28,75.44,77.67
europe_lau,Marignac,marignac,ma,28.55,67.89,82.33
europe_lau,Marignac-Lasclares,marignac_lasclares,ma,54.84,74.07,22.37
europe_lau,Marignac-Laspeyres,marignac_laspeyres,ma,61.57,64.2,44.34
europe_lau,Marliac,marliac,ma,33.44,52.17,-10.57
europe_lau,Marquefave,marquefave,ma,53.6,68.05,68.18
europe_lau,Marsoulas,marsoulas,ma,71.25,76.57,55.46
europe_lau,Martisserre,martisserre,ma,50.37,66.75,66
europe_lau,Martres-de-Rivière,martres_de_riviere,ma,49.94,59.95,72.08
europe_lau,Martres-Tolosane,martres_tolosane,ma,38.39,51.2,4.27
europe_lau,Mascarville,mascarville,ma,66.84,75.39,60.44
europe_lau,Massabrac,massabrac,ma,46.04,65.26,73.17
europe_lau,Mauran,mauran,ma,32.51,61.15,-41.84
europe_lau,Mauremont,mauremont,ma,39.16,54.73,33.91
europe_lau,Maurens,maurens,ma,46.67,69.05,45.07
europe_lau,Mauressac,mauressac,ma,37.28,61.17,64.23
europe_lau,Maureville,maureville,ma,60.01,72.74,55.46
europe_lau,Mauvaisin,mauvaisin,ma,70.42,74.32,47.67
europe_lau,Mauvezin,mauvezin,ma,36.57,45.98,38.69
europe_lau,Mauzac,mauzac,ma,46.47,73.73,-0.15
europe_lau,Mayrègne,mayregne,ma,49.1,70.92,85.36
europe_lau,Mazères-sur-Salat,mazeres_sur_salat,ma,41.63,64.7,87.73
europe_lau,Marchegg,marchegg,ma,45.59,60.32,49.63
europe_lau,Μαράθα,maratha,ma,42.7,68.08,97.27
europe_lau,Maillet,maillet,ma,43.58,67.35,77.12
europe_lau,Malicornay,malicornay,ma,37.21,64.16,89.05
europe_lau,Mâron,maron,ma,52,63.22,29.09
europe_lau,Martizay,martizay,ma,58.86,62.4,56.31
europe_lau,Mauvières,mauvieres,ma,31.73,48.41,88.3
europe_lau,Mahalon,mahalon,ma,32.8,46.63,-2.14
europe_lau,Magnan,magnan,ma,60.84,70.82,60.72
europe_lau,Magnas,magnas,ma,52.05,65.63,76.23
europe_lau,Maignaut-Tauzia,maignaut_tauzia,ma,59.06,76.56,58.08
europe_lau,Malabat,malabat,ma,72.57,78.81,36.57
europe_lau,Manas-Bastanous,manas_bastanous,ma,49.98,59.37,51.28
europe_lau,Manciet,manciet,ma,40.58,56.73,33.01
europe_lau,Manent-Montané,manent_montane,ma,63.46,80.68,74.73
europe_lau,Mansempuy,mansempuy,ma,52.43,66.19,20.97
europe_lau,Mansencôme,mansencome,ma,38.24,63.22,-46.18
europe_lau,Marambat,marambat,ma,49.59,66.71,-12.03
europe_lau,Maravat,maravat,ma,22.68,43.98,-6.47
europe_lau,Marciac,marciac,ma,51.29,60.56,19.1
europe_lau,Marestaing,marestaing,ma,53.17,67.95,29.77
europe_lau,Margouët-Meymes,margouet_meymes,ma,49.12,59.54,21
europe_lau,Marguestau,marguestau,ma,52.37,75.17,62.44
europe_lau,Marsan,marsan,ma,49.12,66.25,65.81
europe_lau,Marseillan,marseillan,ma,57.43,73.51,46.06
europe_lau,Marsolan,marsolan,ma,58.77,68.32,37.88
europe_lau,Mascaras,mascaras,ma,49.36,63.21,74.45
europe_lau,Mas-d'Auvignon,mas_d_auvignon,ma,21.52,44.69,-51.69
europe_lau,Masseube,masseube,ma,42.89,54.4,77.63
europe_lau,Mauléon-d'Armagnac,mauleon_d_armagnac,ma,62.28,66.65,66.97
europe_lau,Maulichères,maulicheres,ma,44.33,58.22,79.66
europe_lau,Maumusson-Laguian,maumusson_laguian,ma,54.28,82.98,87.48
europe_lau,Maupas,maupas,ma,53.43,83.72,29.27
europe_lau,Maurens,maurens,ma,52.19,70.31,33.42
europe_lau,Mauroux,mauroux,ma,55.77,73.02,30.73
europe_lau,Mauvezin,mauvezin,ma,49.88,60.32,85.4
europe_lau,Μάνδρες Λευκωσίας,mandres_leukosias,ma,42.03,64.83,-19.82
europe_lau,Maël-Carhaix,mael_carhaix,ma,61.97,72.93,48.17
europe_lau,Maël-Pestivien,mael_pestivien,ma,42.33,55.81,88.3
europe_lau,Magoar,magoar,ma,38.1,67.86,81.29
europe_lau,Mantallot,mantallot,ma,35.96,64.76,-28.49
europe_lau,Matignon,matignon,ma,64.44,74.41,71.41
europe_lau,Markgrafneusiedl,markgrafneusiedl,ma,52.13,73.65,73.31
europe_lau,Mandach,mandach,ma,64.98,70.44,62.44
europe_lau,Maracon,maracon,ma,36.68,53.04,63.47
europe_lau,Martigny,martigny,ma,43.53,51.82,35.97
europe_lau,Martigny-Combe,martigny_combe,ma,49.67,58.65,85.55
europe_lau,Μαλούντα,malounta,ma,30.03,52.92,75.15
europe_lau,MALIQ,maliq,ma,31.94,59.82,-45.27
europe_lau,Mauraz,mauraz,ma,31.18,78.28,-21.27
europe_lau,Matzen-Raggendorf,matzen_raggendorf,ma,26.49,40.42,57.47
europe_lau,Mainxe-Gondeville,mainxe_gondeville,ma,36.16,52.71,21.19
europe_lau,Mannersdorf am Leithagebirge,mannersdorf_am_leithagebirge,ma,44.85,77.18,75.65
europe_lau,Marcillé-Raoul,marcille_raoul,ma,65.2,75.2,53.82
europe_lau,Marcillé-Robert,marcille_robert,ma,60.99,69.41,83.55
europe_lau,Marpiré,marpire,ma,56.07,74.37,27.23
europe_lau,Martigné-Ferchaud,martigne_ferchaud,ma,46.07,62.61,43.61
europe_lau,Maxent,maxent,ma,38.14,63.61,36.25
europe_lau,Magescq,magescq,ma,55.48,61.57,54.85
europe_lau,Maillas,maillas,ma,37.28,65.56,96.24
europe_lau,Maillères,mailleres,ma,32.85,61.41,20.67
europe_lau,Mano,mano,ma,65.39,73.41,43.64
europe_lau,Mant,mant,ma,57.23,72.72,49.81
europe_lau,Marpaps,marpaps,ma,60.1,69.14,67.47
europe_lau,Mauries,mauries,ma,24.52,61.05,-0.98
europe_lau,Maurrin,maurrin,ma,32.5,56.88,66.88
europe_lau,Mauvezin-d'Armagnac,mauvezin_d_armagnac,ma,51.62,76.84,-2.8
europe_lau,Maylis,maylis,ma,46.77,71.21,25.43
europe_lau,Mazerolles,mazerolles,ma,46.5,69.91,92.8
europe_lau,Malleval-en-Vercors,malleval_en_vercors,ma,43.56,67.14,91.62
europe_lau,Marcieu,marcieu,ma,43.31,67.64,96.51
europe_lau,Marcilloles,marcilloles,ma,44.93,54.25,12.34
europe_lau,Marcollin,marcollin,ma,58.11,78.95,23.4
europe_lau,Marnans,marnans,ma,65.54,80.67,45.85
europe_lau,Massieu,massieu,ma,57.87,69.04,42.99
europe_lau,Maubec,maubec,ma,69.12,71.36,60.88
europe_lau,Mayres-Savel,mayres_savel,ma,54.83,58.04,74.85
europe_lau,Malataverne,malataverne,ma,74.71,78.18,51.06
europe_lau,Malissard,malissard,ma,48.58,66.85,69.43
europe_lau,Manas,manas,ma,45.28,74.08,53.45
europe_lau,Manthes,manthes,ma,31.54,38.75,37
europe_lau,Marches,marches,ma,55.5,59.3,52.86
europe_lau,Margès,marges,ma,43.07,62.67,78.85
europe_lau,Marignac-en-Diois,marignac_en_diois,ma,54.73,62.1,37.54
europe_lau,Marsanne,marsanne,ma,55.87,67.8,78.92
europe_lau,Marsaz,marsaz,ma,32.83,53.11,86.5
europe_lau,Marcheprime,marcheprime,ma,44.47,79.79,48.28
europe_lau,Massongex,massongex,ma,23.57,36.66,86.01
europe_lau,Magnac-Lavalette-Villars,magnac_lavalette_villars,ma,65.05,77.33,54.17
europe_lau,Magnac-sur-Touvre,magnac_sur_touvre,ma,38.32,54.96,84.4
europe_lau,Maine-de-Boixe,maine_de_boixe,ma,62.03,70.02,59.41
europe_lau,Mainzac,mainzac,ma,67.94,73.34,26.55
europe_lau,Manot,manot,ma,31.22,50.75,93.83
europe_lau,Mansle,mansle,ma,48.25,65.89,91.35
europe_lau,Marcillac-Lanville,marcillac_lanville,ma,44.63,64.49,96.02
europe_lau,Mareuil,mareuil,ma,58.37,73.19,50.59
europe_lau,Marillac-le-Franc,marillac_le_franc,ma,53.59,65.04,57.22
europe_lau,Marsac,marsac,ma,47.98,62.97,87.53
europe_lau,Marthon,marthon,ma,52.73,71.04,77.25
europe_lau,Massignac,massignac,ma,39.04,49.52,42.81
europe_lau,Mazerolles,mazerolles,ma,55.25,68.76,66.56
europe_lau,Mannsdorf an der Donau,mannsdorf_an_der_donau,ma,33.13,62.73,93.93
europe_lau,Marignana,marignana,ma,24.71,61.2,-17.49
europe_lau,Maen Roch,maen_roch,ma,58.18,61.69,66.32
europe_lau,Macau,macau,ma,32.52,40.41,29.16
europe_lau,Madirac,madirac,ma,54.81,68.77,65.65
europe_lau,Maransin,maransin,ma,48.33,62.35,61.7
europe_lau,Marcenais,marcenais,ma,52.87,65.14,73.75
europe_lau,Margaux-Cantenac,margaux_cantenac,ma,57.34,66.42,31.02
europe_lau,Margueron,margueron,ma,36.21,58.06,-28.85
europe_lau,Marimbault,marimbault,ma,53.86,70.21,41.12
europe_lau,Marions,marions,ma,32.96,60.62,88.4
europe_lau,Marsas,marsas,ma,45.2,55.24,70.88
europe_lau,Martignas-sur-Jalle,martignas_sur_jalle,ma,46.06,75.12,-21.4
europe_lau,Martillac,martillac,ma,47.73,61.44,58.12
europe_lau,Martres,martres,ma,48.98,55.81,20.37
europe_lau,Masseilles,masseilles,ma,32.05,60.57,89.01
europe_lau,Massugas,massugas,ma,52.63,62.42,66.72
europe_lau,Mauriac,mauriac,ma,57.03,69.52,56.14
europe_lau,Mazères,mazeres,ma,34.99,54.4,99.79
europe_lau,Mazion,mazion,ma,55.37,68.63,61.02
europe_lau,Malons-et-Elze,malons_et_elze,ma,47.76,68.57,64.69
europe_lau,Mandagout,mandagout,ma,64.17,77.28,73.99
europe_lau,Manduel,manduel,ma,55.26,64.24,55.81
europe_lau,Marguerittes,marguerittes,ma,45.44,58.86,73.45
europe_lau,Martignargues,martignargues,ma,39.26,63.21,86.43
europe_lau,Maruéjols-lès-Gardon,maruejols_les_gardon,ma,38.17,67.01,-3.91
europe_lau,Massanes,massanes,ma,52.45,70.14,73.68
europe_lau,Massillargues-Attuech,massillargues_attuech,ma,46.22,72.98,98.13
europe_lau,Mauressargues,mauressargues,ma,46.63,71.31,46.6
europe_lau,Maillé,maille,ma,52.09,62.87,86.47
europe_lau,Manthelan,manthelan,ma,54.45,68.58,37.17
europe_lau,Marçay,marcay,ma,51.36,64.03,80.95
europe_lau,Marcé-sur-Esves,marce_sur_esves,ma,69.1,76.42,72.3
europe_lau,Marcilly-sur-Maulne,marcilly_sur_maulne,ma,48.56,62.54,79.47
europe_lau,Marcilly-sur-Vienne,marcilly_sur_vienne,ma,29.13,58.58,93.33
europe_lau,Marigny-Marmande,marigny_marmande,ma,45.53,69.47,60.92
europe_lau,Marray,marray,ma,59.11,66.7,63.06
europe_lau,Mazières-de-Touraine,mazieres_de_touraine,ma,44.37,73.99,-11.65
europe_lau,Manso,manso,ma,52.53,67.15,15.97
europe_lau,Matra,matra,ma,51.01,74.66,92.35
europe_lau,Mausoléo,mausoleo,ma,24.03,66.59,29.95
europe_lau,Mazzola,mazzola,ma,30.29,45.25,91.06
europe_lau,Μαργί,margi,ma,60.4,72.76,74.45
europe_lau,Magnat-l'Étrange,magnat_l_etrange,ma,45.55,59.03,38.4
europe_lau,Mainsat,mainsat,ma,45.8,58.39,85.32
europe_lau,Maison-Feyne,maison_feyne,ma,48.89,64.4,74.66
europe_lau,Maisonnisses,maisonnisses,ma,39.69,58.39,99.67
europe_lau,Malleret,malleret,ma,61.52,70.8,64.79
europe_lau,Malleret-Boussac,malleret_boussac,ma,49.6,61.03,77.36
europe_lau,Mansat-la-Courrière,mansat_la_courriere,ma,34.21,49.14,74.58
europe_lau,Marsac,marsac,ma,64.11,73.89,67.86
europe_lau,Mautes,mautes,ma,58.8,60.94,41.73
europe_lau,Mazeirat,mazeirat,ma,48.84,54.64,33.89
europe_lau,Macornay,macornay,ma,33.82,63.33,86.76
europe_lau,Maisod,maisod,ma,30.62,54.89,88.26
europe_lau,Malange,malange,ma,42.88,60.41,53.74
europe_lau,Mantry,mantry,ma,49.49,56.74,38.9
europe_lau,Marigna-sur-Valouse,marigna_sur_valouse,ma,55.24,83.07,83.33
europe_lau,Marigny,marigny,ma,40.43,57.33,23.97
europe_lau,Marnézia,marnezia,ma,40.61,50.04,46.46
europe_lau,Marnoz,marnoz,ma,47.86,61.7,82.44
europe_lau,Martigna,martigna,ma,44.21,80.48,74.8
europe_lau,Mathenay,mathenay,ma,24.14,41.18,47.99
europe_lau,Maynal,maynal,ma,29.32,66.63,13.21
europe_lau,Μαργό,margo,ma,53.2,65.03,81.11
europe_lau,Magalas,magalas,ma,50.38,60.02,55.62
europe_lau,Maraussan,maraussan,ma,50.43,65.01,79.14
europe_lau,Margon,margon,ma,52.64,72.61,62.18
europe_lau,Marseillan,marseillan,ma,49.39,70.04,70.4
europe_lau,Marsillargues,marsillargues,ma,30.22,59.3,74.49
europe_lau,Mas-de-Londres,mas_de_londres,ma,45.66,63.28,61.08
europe_lau,Mauguio,mauguio,ma,56.32,65.22,44.49
europe_lau,Maureilhan,maureilhan,ma,41.94,60.07,-12.4
europe_lau,Mailholas,mailholas,ma,38.6,48.24,64.5
europe_lau,Maucourt,maucourt,ma,30.22,49.24,96.62
europe_lau,Maurepas,maurepas,ma,57.09,64.53,47.33
europe_lau,Mahouš,mahous,ma,46.14,63.94,10.35
europe_lau,Martijanec,martijanec,ma,30.1,60.14,85.68
europe_lau,Malaunay,malaunay,ma,23.4,45.36,-62.86
europe_lau,Malleville-les-Grès,malleville_les_gres,ma,37.41,66.71,96.57
europe_lau,Manéglise,maneglise,ma,32.13,67.08,99.66
europe_lau,Mâcon,macon,ma,27.81,43.62,56.57
europe_lau,Mailly,mailly,ma,39.69,60.36,81.05
europe_lau,Malay,malay,ma,51.01,70.23,57.84
europe_lau,Maltat,maltat,ma,48.94,59.72,42.57
europe_lau,Mancey,mancey,ma,43.76,67.48,49.4
europe_lau,Marcigny,marcigny,ma,41.31,54.07,30.37
europe_lau,Marcilly-la-Gueurce,marcilly_la_gueurce,ma,40.75,61.58,71.08
europe_lau,Marcilly-lès-Buxy,marcilly_les_buxy,ma,41.24,55.98,46.69
europe_lau,Marigny,marigny,ma,49.69,60.32,9.76
europe_lau,Marly-sous-Issy,marly_sous_issy,ma,40.23,60.44,68.75
europe_lau,Marly-sur-Arroux,marly_sur_arroux,ma,66.51,70.92,33.77
europe_lau,Marmagne,marmagne,ma,40.06,57.78,98.78
europe_lau,Marnay,marnay,ma,52.32,64.37,54.65
europe_lau,Martailly-lès-Brancion,martailly_les_brancion,ma,42.2,54.35,33.75
europe_lau,Martigny-le-Comte,martigny_le_comte,ma,39.61,64.23,93.46
europe_lau,Mary,mary,ma,64.25,70.08,69.2
europe_lau,Massilly,massilly,ma,69.14,78.35,73.09
europe_lau,Matour,matour,ma,55.87,70,10.45
europe_lau,Mazille,mazille,ma,63.71,70.96,46.21
europe_lau,Maconcourt,maconcourt,ma,51.9,62.85,32.64
europe_lau,Madecourt,madecourt,ma,52.66,69.56,47.66
europe_lau,Madegney,madegney,ma,38.92,59.51,99.82
europe_lau,Madonne-et-Lamerey,madonne_et_lamerey,ma,20.25,54.75,92.97
europe_lau,Malaincourt,malaincourt,ma,43.69,54.84,38.16
europe_lau,Mandray,mandray,ma,50.56,75.01,4.95
europe_lau,Mandres-sur-Vair,mandres_sur_vair,ma,62.19,72.43,80.15
europe_lau,Marainville-sur-Madon,marainville_sur_madon,ma,46.1,63.79,73.31
europe_lau,Marey,marey,ma,29.32,51.93,65.83
europe_lau,Maroncourt,maroncourt,ma,28.74,59.94,57.01
europe_lau,Martigny-les-Bains,martigny_les_bains,ma,59.05,68.62,39.85
europe_lau,Martigny-les-Gerbonvaux,martigny_les_gerbonvaux,ma,68.28,74.68,72.57
europe_lau,Martinvelle,martinvelle,ma,31.72,50.85,40.98
europe_lau,Mattaincourt,mattaincourt,ma,30.95,59.22,-43.43
europe_lau,Maxey-sur-Meuse,maxey_sur_meuse,ma,49.96,60.57,21.58
europe_lau,Mazeley,mazeley,ma,47.29,57.27,14.27
europe_lau,Mauléon,mauleon,ma,31.36,43.67,-11.75
europe_lau,Maisse,maisse,ma,42.16,73.52,-14.02
europe_lau,Marcoussis,marcoussis,ma,51.53,68.26,17.08
europe_lau,Marolles-en-Beauce,marolles_en_beauce,ma,46.73,64.61,0.29
europe_lau,Marolles-en-Hurepoix,marolles_en_hurepoix,ma,52.81,69.79,86.12
europe_lau,Massy,massy,ma,45.31,60.64,-1.52
europe_lau,Mauchamps,mauchamps,ma,42.45,71.87,93.63
europe_lau,Manéhouville,manehouville,ma,50.79,64.14,87.84
europe_lau,Maniquerville,maniquerville,ma,40.74,66.84,99.08
europe_lau,Manneville-ès-Plains,manneville_es_plains,ma,63.36,80.65,37.94
europe_lau,Manneville-la-Goupil,manneville_la_goupil,ma,45.11,56.64,25.96
europe_lau,Mannevillette,mannevillette,ma,65.16,77.68,81.29
europe_lau,Maromme,maromme,ma,59.72,71.07,64.08
europe_lau,Marques,marques,ma,43.55,62.27,84.48
europe_lau,Martainville-Épreville,martainville_epreville,ma,39.99,55.15,62.38
europe_lau,Martigny,martigny,ma,49.31,68.36,55.81
europe_lau,Martin-Église,martin_eglise,ma,47.41,60.59,44.13
europe_lau,Massy,massy,ma,44.32,78.28,47.03
europe_lau,Mathonville,mathonville,ma,77.58,77.18,59.05
europe_lau,Maucomble,maucomble,ma,64.52,68.94,51.22
europe_lau,Maulévrier-Sainte-Gertrude,maulevrier_sainte_gertrude,ma,45,67.76,8.91
europe_lau,Mauny,mauny,ma,35.97,57.81,93.18
europe_lau,Mauquenchy,mauquenchy,ma,38.74,63.69,3.41
europe_lau,Mazirot,mazirot,ma,47.95,63.54,31.07
europe_lau,Magny,magny,ma,36.99,61.57,85.33
europe_lau,Maillot,maillot,ma,23.55,59.72,69.63
europe_lau,Mailly-la-Ville,mailly_la_ville,ma,42.35,60.8,76.64
europe_lau,Mailly-le-Château,mailly_le_chateau,ma,38.57,56.13,38.86
europe_lau,Malay-le-Grand,malay_le_grand,ma,39.72,63.86,74.34
europe_lau,Malay-le-Petit,malay_le_petit,ma,52.72,65.39,44.65
europe_lau,Maligny,maligny,ma,52.62,70.17,30.91
europe_lau,Marmeaux,marmeaux,ma,42.21,60.22,72.4
europe_lau,Marsangy,marsangy,ma,53.29,67.67,37.02
europe_lau,Massangis,massangis,ma,50.23,63.59,13.01
europe_lau,Malíkovice,malikovice,ma,49.43,69.99,11.4
europe_lau,Marbach an der Donau,marbach_an_der_donau,ma,23.69,40.39,-11.52
europe_lau,Macouba,macouba,ma,37.96,57.17,91.29
europe_lau,Macouria,macouria,ma,37.23,50.17,34.72
europe_lau,Mana,mana,ma,30.68,54.4,94.8
europe_lau,Matoury,matoury,ma,48.82,65.64,86.31
europe_lau,Maripasoula,maripasoula,ma,50.55,62.34,73.75
europe_lau,Maria Enzersdorf,maria_enzersdorf,ma,35.87,56.95,-25.81
europe_lau,Malšín,malsin,ma,31.87,43.04,-1.82
europe_lau,Mantet,mantet,ma,64.14,69.57,62.4
europe_lau,Marquixanes,marquixanes,ma,28.31,44.16,93.86
europe_lau,Matemale,matemale,ma,33.19,70.91,88.76
europe_lau,Maureillas-las-Illas,maureillas_las_illas,ma,36.13,55.9,89.32
europe_lau,Maury,maury,ma,31.45,64.16,5.65
europe_lau,Marennes,marennes,ma,50.54,73.24,87.67
europe_lau,Malause,malause,ma,58.45,68.35,47.58
europe_lau,Mansonville,mansonville,ma,55.97,67.81,19.26
europe_lau,Marignac,marignac,ma,37.26,64.13,-41.36
europe_lau,Marsac,marsac,ma,32.51,55.84,73.4
europe_lau,Mas-Grenier,mas_grenier,ma,58.76,69.79,75.25
europe_lau,Maubec,maubec,ma,42.43,51.32,72.15
europe_lau,Maumusson,maumusson,ma,52.94,87.43,46.73
europe_lau,Maisons-Alfort,maisons_alfort,ma,43.11,52.87,51.27
europe_lau,Mandres-les-Roses,mandres_les_roses,ma,44.45,73.48,-6.59
europe_lau,Marolles-en-Brie,marolles_en_brie,ma,44.74,63.77,80.72
europe_lau,Mamoudzou,mamoudzou,ma,40.14,60.63,35.4
europe_lau,Mazaugues,mazaugues,ma,47.35,72.2,-27.68
europe_lau,Maria Taferl,maria_taferl,ma,25.98,63.85,-140.81
europe_lau,Marcillé,marcille,ma,67.09,78.05,47.12
europe_lau,Magnac-Bourg,magnac_bourg,ma,43.46,61.18,81.44
europe_lau,Magnac-Laval,magnac_laval,ma,49.82,65.7,78.79
europe_lau,Mailhac-sur-Benaize,mailhac_sur_benaize,ma,53.84,67.75,70.29
europe_lau,Maisonnais-sur-Tardoire,maisonnais_sur_tardoire,ma,55.94,68.95,16.02
europe_lau,Marval,marval,ma,49.31,59.92,79.03
europe_lau,Masléon,masleon,ma,53.27,65.34,52.94
europe_lau,Malá Morava,mala_morava,ma,32.52,56.04,91.09
europe_lau,Maletín,maletin,ma,44.79,55.28,64.41
europe_lau,Mačkov,mackov,ma,62.75,85.3,62.87
europe_lau,Magnanville,magnanville,ma,56.29,64.6,41.4
europe_lau,Magny-les-Hameaux,magny_les_hameaux,ma,25,46.63,-6.35
europe_lau,Maisons-Laffitte,maisons_laffitte,ma,48.68,75.25,44.58
europe_lau,Mantes-la-Jolie,mantes_la_jolie,ma,37.24,66.13,-14.59
europe_lau,Mantes-la-Ville,mantes_la_ville,ma,66.69,66.73,47.06
europe_lau,Marcq,marcq,ma,61.19,73.33,80.15
europe_lau,Mareil-le-Guyon,mareil_le_guyon,ma,48.24,71.69,46.93
europe_lau,Mareil-Marly,mareil_marly,ma,46.66,74.31,13.18
europe_lau,Mareil-sur-Mauldre,mareil_sur_mauldre,ma,46.17,72.76,83.17
europe_lau,Marly-le-Roi,marly_le_roi,ma,43.12,58.2,91.82
europe_lau,Maule,maule,ma,64.77,70.82,36.33
europe_lau,Maulette,maulette,ma,33.38,50.06,61.32
europe_lau,Maurecourt,maurecourt,ma,35.98,59.84,-27.32
europe_lau,Madiran,madiran,ma,57.96,66.06,30.77
europe_lau,Mansan,mansan,ma,30.58,77.41,-23.83
europe_lau,Marquerie,marquerie,ma,48.45,59.55,21.91
europe_lau,Marsac,marsac,ma,48.51,66.53,78.75
europe_lau,Marsas,marsas,ma,60.79,74.78,25.58
europe_lau,Mače,mace,ma,42.99,67.7,99.72
europe_lau,Makarska,makarska,ma,55.29,79.76,72.64
europe_lau,Mala Subotica,mala_subotica,ma,41.6,56.69,82.58
europe_lau,Mali Bukovec,mali_bukovec,ma,35.52,58.84,82.4
europe_lau,Mali Lošinj,mali_losinj,ma,30.32,62.9,98.84
europe_lau,Malinska-Dubašnica,malinska_dubasnica,ma,45.02,48.88,69.66
europe_lau,Marčana,marcana,ma,50.35,56.09,62.99
europe_lau,Marija Bistrica,marija_bistrica,ma,46.56,59.96,27.44
europe_lau,Marijanci,marijanci,ma,31.52,62.99,86.82
europe_lau,Marina,marina,ma,50.86,58.74,74.49
europe_lau,Martinska Ves,martinska_ves,ma,48.91,66.23,65.84
europe_lau,Maruševec,marusevec,ma,57.5,68.32,51.13
europe_lau,Matulji,matulji,ma,44.63,56.56,58.06
europe_lau,Maurepas,maurepas,ma,49.39,68.57,21.25
europe_lau,Marseillan,marseillan,ma,50.62,65.23,73.12
europe_lau,Mascaras,mascaras,ma,34.55,59.5,37.47
europe_lau,Maubourguet,maubourguet,ma,45.49,56.15,63.74
europe_lau,Mauléon-Barousse,mauleon_barousse,ma,20.7,46.03,71.75
europe_lau,Mauvezin,mauvezin,ma,49.97,58,32.22
europe_lau,Mazères-de-Neste,mazeres_de_neste,ma,30.95,42.06,49.23
europe_lau,Mazerolles,mazerolles,ma,53.67,75.33,67.18
europe_lau,Mazouau,mazouau,ma,37.92,61.96,99.29
europe_lau,Machiel,machiel,ma,42.21,63.14,15.23
europe_lau,Machy,machy,ma,58.46,77.34,71.73
europe_lau,Mailly-Maillet,mailly_maillet,ma,28.16,49.31,69.42
europe_lau,Mailly-Raineval,mailly_raineval,ma,46.5,63.43,2.13
europe_lau,Maisnières,maisnieres,ma,44.02,54.38,20.84
europe_lau,Maison-Ponthieu,maison_ponthieu,ma,46.78,58.44,33.19
europe_lau,Maison-Roland,maison_roland,ma,61.88,68.19,50.67
europe_lau,Maizicourt,maizicourt,ma,59.69,71.7,62.8
europe_lau,Malpart,malpart,ma,70.43,72.4,61.5
europe_lau,Marcelcave,marcelcave,ma,53,73.23,77.89
europe_lau,Marché-Allouarde,marche_allouarde,ma,27.29,50.61,22.63
europe_lau,Marchélepot-Misery,marchelepot_misery,ma,33.57,53.39,70.68
europe_lau,Marestmontiers,marestmontiers,ma,64.25,74.82,64.02
europe_lau,Mareuil-Caubert,mareuil_caubert,ma,38.07,60.43,42.52
europe_lau,Maricourt,maricourt,ma,73.49,77.89,63.2
europe_lau,Marieux,marieux,ma,39.03,73.8,89.19
europe_lau,Marlers,marlers,ma,32.84,49.86,-12.9
europe_lau,Marquaix,marquaix,ma,38.81,79.13,84.26
europe_lau,Marquivillers,marquivillers,ma,41.31,58.06,90.09
europe_lau,Martainneville,martainneville,ma,44.19,61.17,88.03
europe_lau,Matigny,matigny,ma,54.52,72.53,49.47
europe_lau,Maffliers,maffliers,ma,49.3,63.48,21.81
europe_lau,Magny-en-Vexin,magny_en_vexin,ma,51.72,56.68,59.46
europe_lau,Mareil-en-France,mareil_en_france,ma,74.09,75.24,43.52
europe_lau,Margency,margency,ma,58.19,68.73,59.87
europe_lau,Marines,marines,ma,57.72,69.7,80.39
europe_lau,Marly-la-Ville,marly_la_ville,ma,58.31,75.39,75.2
europe_lau,Maudétour-en-Vexin,maudetour_en_vexin,ma,26.13,55.22,90.47
europe_lau,Máslovice,maslovice,ma,41.98,58.98,82.92
europe_lau,Malaucène,malaucene,ma,29.68,46.4,16.8
europe_lau,Malemort-du-Comtat,malemort_du_comtat,ma,57.86,72.68,25.21
europe_lau,Maubec,maubec,ma,25.17,58.61,79.47
europe_lau,Mazan,mazan,ma,58.39,73.01,48.08
europe_lau,Magné,magne,ma,58.16,70.01,42.21
europe_lau,Maillé,maille,ma,64.85,73.94,47.29
europe_lau,Mairé,maire,ma,37.19,57.99,-2.85
europe_lau,Maisonneuve,maisonneuve,ma,58.74,80.76,36.17
europe_lau,Marçay,marcay,ma,70.99,73.67,57.11
europe_lau,Marigny-Chemereau,marigny_chemereau,ma,54.75,69.05,84.97
europe_lau,Marnay,marnay,ma,43.19,60.07,62.34
europe_lau,Martaizé,martaize,ma,65.61,74.76,79.9
europe_lau,Massognes,massognes,ma,60.71,62.72,44.93
europe_lau,Maulay,maulay,ma,27.96,45.85,66.08
europe_lau,Mauprévoir,mauprevoir,ma,55.48,63.36,42.72
europe_lau,Mazerolles,mazerolles,ma,48.74,67.76,58.25
europe_lau,Mazeuil,mazeuil,ma,47.72,53,62.88
europe_lau,Magrin,magrin,ma,46.56,60.59,15.22
europe_lau,Mailhoc,mailhoc,ma,61.66,64.22,59.2
europe_lau,Marnaves,marnaves,ma,47.38,63.44,13.96
europe_lau,Marssac-sur-Tarn,marssac_sur_tarn,ma,45.67,61.77,-4.6
europe_lau,Marzens,marzens,ma,39.97,60.6,67.62
europe_lau,Massac-Séran,massac_seran,ma,54.54,74.35,51.16
europe_lau,Massaguel,massaguel,ma,27.75,50.25,83.19
europe_lau,Massals,massals,ma,43.97,59.36,31.19
europe_lau,Maurens-Scopont,maurens_scopont,ma,58.57,65.82,62.9
europe_lau,Mazamet,mazamet,ma,44.95,54.01,29.09
europe_lau,Marchampt,marchampt,ma,60.81,72.61,71.93
europe_lau,Marcilly-d'Azergues,marcilly_d_azergues,ma,31.88,63.33,89.68
europe_lau,Marcy,marcy,ma,62.69,81.32,77.36
europe_lau,Marcy-l'Étoile,marcy_l_etoile,ma,68.34,79.21,34.55
europe_lau,Marcieux,marcieux,ma,23.02,27.47,40.61
europe_lau,Marthod,marthod,ma,37.46,63.2,8.98
europe_lau,Malotice,malotice,ma,30.42,65.9,36.28
europe_lau,Malé Přítočno,male_pritocno,ma,43.71,66.22,16.6
europe_lau,Mazelov,mazelov,ma,45.43,71.59,36.31
europe_lau,Maisoncelles,maisoncelles,ma,50.12,80.63,-24.62
europe_lau,Malicorne-sur-Sarthe,malicorne_sur_sarthe,ma,30.21,39.61,47.05
europe_lau,Mamers,mamers,ma,55.28,83.8,75.61
europe_lau,Mansigné,mansigne,ma,46.74,55.98,71.19
europe_lau,Marçon,marcon,ma,61.1,64.91,44.49
europe_lau,Mareil-en-Champagne,mareil_en_champagne,ma,52.6,71.23,-12.73
europe_lau,Mareil-sur-Loir,mareil_sur_loir,ma,47.67,67.75,93.53
europe_lau,Maresché,maresche,ma,54.76,71.98,2.88
europe_lau,Marigné-Laillé,marigne_laille,ma,52.11,56.68,75.02
europe_lau,Marollette,marollette,ma,74.08,79.38,64.85
europe_lau,Marolles-les-Braults,marolles_les_braults,ma,56.47,58.95,70.89
europe_lau,Marolles-lès-Saint-Calais,marolles_les_saint_calais,ma,44.43,53.34,81.98
europe_lau,Mayet,mayet,ma,69.44,74.77,47.36
europe_lau,Makotřasy,makotrasy,ma,34.22,52.84,90.36
europe_lau,Malé Kyšice,male_kysice,ma,33.11,54.6,-29.09
europe_lau,Magny,magny,ma,31.13,38.4,34.58
europe_lau,Magstatt-le-Bas,magstatt_le_bas,ma,58.28,72.18,65.59
europe_lau,Magstatt-le-Haut,magstatt_le_haut,ma,44.04,71.29,96.95
europe_lau,Malmerspach,malmerspach,ma,34.21,66.4,13.37
europe_lau,Manspach,manspach,ma,45.27,67.55,72.92
europe_lau,Masevaux-Niederbruck,masevaux_niederbruck,ma,34.82,40.74,67.62
europe_lau,Mackenheim,mackenheim,ma,24.92,49.24,-83.44
europe_lau,Mackwiller,mackwiller,ma,54.2,69.71,26.69
europe_lau,Maennolsheim,maennolsheim,ma,40.24,63.31,-20.73
europe_lau,Maisonsgoutte,maisonsgoutte,ma,53.29,60.52,55.56
europe_lau,Marckolsheim,marckolsheim,ma,63.56,81.46,49.72
europe_lau,Marlenheim,marlenheim,ma,40.59,61.5,25.18
europe_lau,Marmoutier,marmoutier,ma,44.76,61.66,61.84
europe_lau,Matzenheim,matzenheim,ma,26.98,70.17,39.27
europe_lau,Macheren,macheren,ma,44.87,57.15,35.31
europe_lau,Mainvillers,mainvillers,ma,45.7,71.73,71.7
europe_lau,Maizeroy,maizeroy,ma,27.36,45.41,58.6
europe_lau,Maizières-lès-Metz,maizieres_les_metz,ma,43.07,62.25,88.41
europe_lau,Maizières-lès-Vic,maizieres_les_vic,ma,50.81,58.53,79.73
europe_lau,Malaucourt-sur-Seille,malaucourt_sur_seille,ma,52.4,74.04,31.35
europe_lau,Malling,malling,ma,44.1,49.49,67.16
europe_lau,Malroy,malroy,ma,39.02,60.2,87.19
europe_lau,Manderen-Ritzing,manderen_ritzing,ma,72.98,71.8,59.91
europe_lau,Manhoué,manhoue,ma,17.19,56.36,-193.17
europe_lau,Manom,manom,ma,47.86,70.32,-1.34
europe_lau,Many,many,ma,58.22,70.96,28.2
europe_lau,Marange-Silvange,marange_silvange,ma,37.17,55.01,36.14
europe_lau,Marange-Zondrange,marange_zondrange,ma,57.98,68.89,43.69
europe_lau,Marieulles,marieulles,ma,46.58,68.74,0.74
europe_lau,Marimont-lès-Bénestroff,marimont_les_benestroff,ma,41.94,58.52,70.28
europe_lau,Marly,marly,ma,52.56,62.84,73.3
europe_lau,Marsal,marsal,ma,40.93,56.93,6.03
europe_lau,Marsilly,marsilly,ma,58.77,65.35,32.96
europe_lau,Marthille,marthille,ma,52.93,75.51,79.19
europe_lau,Maxstadt,maxstadt,ma,57.19,69.85,35.46
europe_lau,Magnicourt-en-Comte,magnicourt_en_comte,ma,58.6,71.66,35.98
europe_lau,Magnicourt-sur-Canche,magnicourt_sur_canche,ma,36.58,53.72,75.73
europe_lau,Maintenay,maintenay,ma,51.73,67.18,39.51
europe_lau,Maisnil,maisnil,ma,41.04,47.68,47.5
europe_lau,Maisnil-lès-Ruitz,maisnil_les_ruitz,ma,58.7,76.41,49.21
europe_lau,Maisoncelle,maisoncelle,ma,70.75,78.42,52.98
europe_lau,Maizières,maizieres,ma,60.78,74.99,66.45
europe_lau,Mametz,mametz,ma,51.07,64.8,38.03
europe_lau,Manin,manin,ma,44.65,52.79,75.49
europe_lau,Maninghem,maninghem,ma,61.96,69.61,67.44
europe_lau,Maninghen-Henne,maninghen_henne,ma,40.88,65.88,38.31
europe_lau,Marant,marant,ma,42.68,69.76,73.6
europe_lau,Marck,marck,ma,48.91,61.9,86.76
europe_lau,Marconne,marconne,ma,22.5,39.7,0.82
europe_lau,Μαμούνταλη,mamountale,ma,25.96,49.48,-34.86
europe_lau,Mautern an der Donau,mautern_an_der_donau,ma,33.24,43.03,31.28
europe_lau,Malhotice,malhotice,ma,45.01,70.55,83.56
europe_lau,Magny-Cours,magny_cours,ma,56.39,62.03,26.47
europe_lau,Magny-Lormes,magny_lormes,ma,40.5,66.26,-7.89
europe_lau,Marcy,marcy,ma,51.83,58.14,14.84
europe_lau,Marigny-l'Église,marigny_l_eglise,ma,42.3,59.8,90.57
europe_lau,Mars-sur-Allier,mars_sur_allier,ma,52,62,85.89
europe_lau,Marigny-sur-Yonne,marigny_sur_yonne,ma,54.31,65.76,77.9
europe_lau,Marzy,marzy,ma,59.16,77.72,74.82
europe_lau,Maux,maux,ma,59.73,68.55,62.35
europe_lau,Marconnelle,marconnelle,ma,48.1,73.32,31.63
europe_lau,Marenla,marenla,ma,44.72,57.66,15.44
europe_lau,Maresquel-Ecquemicourt,maresquel_ecquemicourt,ma,48.66,64.97,40.87
europe_lau,Marest,marest,ma,42.61,54.57,51.55
europe_lau,Maresville,maresville,ma,38.11,54.52,42.99
europe_lau,Marles-les-Mines,marles_les_mines,ma,58,66.87,43.52
europe_lau,Marles-sur-Canche,marles_sur_canche,ma,54.09,65.28,25.22
europe_lau,Marœuil,maroeuil,ma,43.69,64.38,15.89
europe_lau,Marquay,marquay,ma,43.21,60.15,66.82
europe_lau,Marquion,marquion,ma,48.35,62.9,28.94
europe_lau,Marquise,marquise,ma,37.76,51.89,24.86
europe_lau,Martinpuich,martinpuich,ma,50.64,68.36,18.13
europe_lau,Matringhem,matringhem,ma,27.61,59.18,-86
europe_lau,Mazingarbe,mazingarbe,ma,42.98,64.71,-6.11
europe_lau,Mazinghem,mazinghem,ma,47.82,68.3,-7.5
europe_lau,Machault,machault,ma,41.57,53.51,79.65
europe_lau,Magny-le-Hongre,magny_le_hongre,ma,51.44,61.97,61.25
europe_lau,Maincy,maincy,ma,67.3,72.05,71.97
europe_lau,Maisoncelles-en-Brie,maisoncelles_en_brie,ma,62.23,75.85,45.61
europe_lau,Maisoncelles-en-Gâtinais,maisoncelles_en_gatinais,ma,56.84,67.68,53.24
europe_lau,Maison-Rouge,maison_rouge,ma,42.13,69.47,57.74
europe_lau,Marchémoret,marchemoret,ma,31.38,61.48,-79.85
europe_lau,Marcilly,marcilly,ma,62.96,64.72,37.6
europe_lau,Mareuil-lès-Meaux,mareuil_les_meaux,ma,35.41,41.68,51.98
europe_lau,Marles-en-Brie,marles_en_brie,ma,51.94,63.99,0.41
europe_lau,Marolles-en-Brie,marolles_en_brie,ma,59.57,68.17,49
europe_lau,Marolles-sur-Seine,marolles_sur_seine,ma,50.14,66.52,16.67
europe_lau,Mary-sur-Marne,mary_sur_marne,ma,35.85,56.93,-7.98
europe_lau,Mauperthuis,mauperthuis,ma,36.27,70.87,99.77
europe_lau,Mauregard,mauregard,ma,31.96,58.89,41.79
europe_lau,May-en-Multien,may_en_multien,ma,64.55,71.99,44.22
europe_lau,Malá Víska,mala_viska,ma,19.08,46.09,78.04
europe_lau,Malešov,malesov,ma,33.38,43.67,39.37
europe_lau,Málkov,malkov,ma,56.1,72.83,18.01
europe_lau,Magnivray,magnivray,ma,62.03,74.71,29.73
europe_lau,Magnoncourt,magnoncourt,ma,47.53,56,77.45
europe_lau,Magny-Danigon,magny_danigon,ma,56.22,65.9,20.22
europe_lau,Magny-Jobert,magny_jobert,ma,47.56,74.1,23.5
europe_lau,Magny-lès-Jussey,magny_les_jussey,ma,48.72,68.93,12.65
europe_lau,Magny-Vernois,magny_vernois,ma,54.4,65.97,66.65
europe_lau,Macaye,macaye,ma,43.25,62.22,60.65
europe_lau,Malaussanne,malaussanne,ma,52.37,63.3,50.35
europe_lau,Mascaraàs-Haron,mascaraas_haron,ma,64.28,69.73,68.88
europe_lau,Maslacq,maslacq,ma,43.5,58.53,94.58
europe_lau,Masparraute,masparraute,ma,44.83,60.8,90.63
europe_lau,Maspie-Lalonquère-Juillacq,maspie_lalonquere_juillacq,ma,42.99,66.69,96.44
europe_lau,Maucor,maucor,ma,52.55,60.88,42.49
europe_lau,Mauléon-Licharre,mauleon_licharre,ma,30.45,59.54,23.21
europe_lau,Maure,maure,ma,55.35,62.69,65.27
europe_lau,Mazères-Lezons,mazeres_lezons,ma,34.06,53.62,98.95
europe_lau,Mazerolles,mazerolles,ma,49.8,60.66,66.7
europe_lau,Μακούντα,makounta,ma,49.25,67.44,10.38
europe_lau,Malansac,malansac,ma,42.98,69.75,-12.89
europe_lau,Malestroit,malestroit,ma,50.08,67.67,56.78
europe_lau,Malguénac,malguenac,ma,54.19,68.56,15.7
europe_lau,Marzan,marzan,ma,47.53,56.7,44.98
europe_lau,Mauron,mauron,ma,58.78,66.26,78.09
europe_lau,Macé,mace,ma,48.18,58.37,33.33
europe_lau,Magny-le-Désert,magny_le_desert,ma,53.26,67.59,88.63
europe_lau,Mahéru,maheru,ma,38.17,56.41,96.72
europe_lau,Mantilly,mantilly,ma,53.67,73.35,80.49
europe_lau,Marchemaisons,marchemaisons,ma,59.92,73.97,56.03
europe_lau,Mardilly,mardilly,ma,56.49,70.85,64.62
europe_lau,Mauves-sur-Huisne,mauves_sur_huisne,ma,46.87,63.67,96.06
europe_lau,Markvartovice,markvartovice,ma,50.79,72.76,78.9
europe_lau,Machilly,machilly,ma,25.39,47.69,42.67
europe_lau,Magland,magland,ma,34.1,47.88,8.88
europe_lau,Manigod,manigod,ma,58.77,70.6,63.82
europe_lau,Marcellaz-Albanais,marcellaz_albanais,ma,41.28,55.93,65.38
europe_lau,Marcellaz,marcellaz,ma,62.09,68.78,44.95
europe_lau,Margencel,margencel,ma,39.43,50.12,84.37
europe_lau,Marignier,marignier,ma,61.57,63.43,68.99
europe_lau,Marigny-Saint-Marcel,marigny_saint_marcel,ma,50.15,66.54,15.31
europe_lau,Marin,marin,ma,69.19,70.52,44.44
europe_lau,Marlioz,marlioz,ma,42.63,54.97,75.29
europe_lau,Marnaz,marnaz,ma,30.87,61.19,91.7
europe_lau,Massingy,massingy,ma,60.18,63.33,58.79
europe_lau,Massongy,massongy,ma,42.75,64.1,21.91
europe_lau,Maxilly-sur-Léman,maxilly_sur_leman,ma,51.79,79.96,60.9
europe_lau,Mailleroncourt-Charette,mailleroncourt_charette,ma,59.38,69.58,61.75
europe_lau,Mailleroncourt-Saint-Pancras,mailleroncourt_saint_pancras,ma,34.4,55.91,98.46
europe_lau,Mailley-et-Chazelot,mailley_et_chazelot,ma,48.41,61.83,69.07
europe_lau,Maizières,maizieres,ma,38.73,59.37,-17.2
europe_lau,Malans,malans,ma,47.9,67.43,53.84
europe_lau,Malbouhans,malbouhans,ma,50.12,72.88,19.68
europe_lau,Malvillers,malvillers,ma,60.11,71.18,54.87
europe_lau,Mandrevillars,mandrevillars,ma,28.58,50.32,62.43
europe_lau,Mantoche,mantoche,ma,50.84,63.91,68.95
europe_lau,Marast,marast,ma,35.21,66.1,80.51
europe_lau,Marnay,marnay,ma,58.23,67.57,74.39
europe_lau,Maussans,maussans,ma,52.82,69.41,73.26
europe_lau,Mank,mank,ma,55.33,64.09,65.26
europe_lau,Maizeray,maizeray,ma,63.16,76.59,30.73
europe_lau,Maizey,maizey,ma,37.2,52.71,9.63
europe_lau,Malancourt,malancourt,ma,65.63,70.43,53.42
europe_lau,Mandres-en-Barrois,mandres_en_barrois,ma,39.37,57.83,95.86
europe_lau,Mangiennes,mangiennes,ma,40.5,61.99,72.59
europe_lau,Manheulles,manheulles,ma,43.53,66.32,92.17
europe_lau,Marchéville-en-Woëvre,marcheville_en_woevre,ma,57.4,66.31,38.98
europe_lau,Marre,marre,ma,52.98,62.02,53.81
europe_lau,Marson-sur-Barboure,marson_sur_barboure,ma,40.08,66.48,72.69
europe_lau,Martincourt-sur-Meuse,martincourt_sur_meuse,ma,34.06,63.55,99.15
europe_lau,Marville,marville,ma,48.27,54.16,54.22
europe_lau,Maucourt-sur-Orne,maucourt_sur_orne,ma,29.05,62.07,21.76
europe_lau,Maulan,maulan,ma,31.77,56.34,96.31
europe_lau,Mauvages,mauvages,ma,53.21,69.77,51.58
europe_lau,Maxey-sur-Vaise,maxey_sur_vaise,ma,38.58,59.4,80.31
europe_lau,Maršovice,marsovice,ma,54.88,67.48,56.65
europe_lau,Malý Újezd,maly_ujezd,ma,48.42,60.5,59.84
europe_lau,Maigné,maigne,ma,46.26,55.97,80.2
europe_lau,Marcinowice,marcinowice,ma,57.31,60.96,69.63
europe_lau,Malczyce,malczyce,ma,31.83,52.43,95.03
europe_lau,Malbork,malbork,ma,48.94,57.1,37.28
europe_lau,Malbork,malbork,ma,44.3,57.47,61.76
europe_lau,Malo,malo,ma,46.85,53.96,56.24
europe_lau,Marano Vicentino,marano_vicentino,ma,55.96,69.06,70.03
europe_lau,Marostica,marostica,ma,41.83,52.22,78.47
europe_lau,Masfjorden,masfjorden,ma,41.02,55.41,27.17
europe_lau,Malvik,malvik,ma,41.91,62.33,40.87
europe_lau,Magliano de' Marsi,magliano_de_marsi,ma,40.35,45.83,45.48
europe_lau,Magnano in Riviera,magnano_in_riviera,ma,40.83,59.49,89.23
europe_lau,Majano,majano,ma,45.45,62.64,64.19
europe_lau,Malborghetto Valbruna,malborghetto_valbruna,ma,40.73,55.51,82.61
europe_lau,Manzano,manzano,ma,46.32,65.55,57.83
europe_lau,Marano Lagunare,marano_lagunare,ma,38.38,55.63,-16.69
europe_lau,Manowo,manowo,ma,51.59,63.11,49.39
europe_lau,Malechowo,malechowo,ma,52.21,55.36,39.48
europe_lau,Macugnaga,macugnaga,ma,67.33,70.25,32.36
europe_lau,Madonna del Sasso,madonna_del_sasso,ma,52.25,75.07,58.03
europe_lau,Malesco,malesco,ma,35.69,59,56.69
europe_lau,Masera,masera,ma,21.2,52.54,18.23
europe_lau,Massiola,massiola,ma,34.14,56.59,97.16
europe_lau,Manternach,manternach,ma,50.32,58.36,60.72
europe_lau,Marineo,marineo,ma,32.8,53.59,50.29
europe_lau,Madone,madone,ma,52.35,73,-0.3
europe_lau,Mapello,mapello,ma,53.63,62.33,58.22
europe_lau,Martinengo,martinengo,ma,73.26,82.94,32.7
europe_lau,Maltignano,maltignano,ma,59.23,67.43,53.64
europe_lau,Massignano,massignano,ma,54.92,64.89,27.9
europe_lau,Massa,massa,ma,42.9,71.69,64.06
europe_lau,Massarosa,massarosa,ma,45.31,56.07,60.63
europe_lau,Markusy,markusy,ma,46.08,56.17,34.14
europe_lau,Małdyty,maldyty,ma,49.75,57.62,40.51
europe_lau,Målselv,malselv,ma,38.36,63.77,59.87
europe_lau,Martínkov,martinkov,ma,42.74,63.88,73.01
europe_lau,Malovice,malovice,ma,29.07,45.26,-6.8
europe_lau,Magherno,magherno,ma,54.6,73.88,63.93
europe_lau,Marcignago,marcignago,ma,56.96,71.6,68.81
europe_lau,Marzano,marzano,ma,54.78,62.51,46.82
europe_lau,Martignacco,martignacco,ma,59.47,72.07,48.25
europe_lau,Mały Płock,maly_plock,ma,58.16,63.49,43.93
europe_lau,Martinsicuro,martinsicuro,ma,35.47,73.81,97.87
europe_lau,Manoppello,manoppello,ma,32.04,49.34,97.1
europe_lau,Manduria,manduria,ma,37.34,53.39,56.4
europe_lau,Martina Franca,martina_franca,ma,40.97,53.34,51.45
europe_lau,Maruggio,maruggio,ma,64.13,75.94,30.14
europe_lau,Massafra,massafra,ma,35.92,68.19,95.89
europe_lau,Maszewo,maszewo,ma,46.69,62.44,36.13
europe_lau,Marianowo,marianowo,ma,38.41,51.55,65.21
europe_lau,Macherio,macherio,ma,21.26,57.06,-30.66
europe_lau,Massa di Somma,massa_di_somma,ma,16.71,51.84,-13.79
europe_lau,Manocalzati,manocalzati,ma,42.21,62.73,94.65
europe_lau,Marzano di Nola,marzano_di_nola,ma,43.34,67.05,82.41
europe_lau,Marianopoli,marianopoli,ma,44.96,68.11,1.19
europe_lau,Mazzarino,mazzarino,ma,46.37,63.55,43.31
europe_lau,Marliana,marliana,ma,60.76,70.86,64.45
europe_lau,Massa e Cozzile,massa_e_cozzile,ma,20.71,51.85,77.63
europe_lau,Marradi,marradi,ma,40.93,57.22,21.79
europe_lau,Magliano di Tenna,magliano_di_tenna,ma,49.2,63.43,81.15
europe_lau,Massa Fermana,massa_fermana,ma,46.98,72.38,-8.85
europe_lau,Mammola,mammola,ma,50.62,62.23,88.45
europe_lau,Marina di Gioiosa Ionica,marina_di_gioiosa_ionica,ma,36.88,49.93,86.99
europe_lau,Maropati,maropati,ma,23.02,59.45,-95.47
europe_lau,Martone,martone,ma,9.97,22.7,78.79
europe_lau,Magliano Romano,magliano_romano,ma,60.59,74.14,82.39
europe_lau,Mandela,mandela,ma,56.89,72.03,76.72
europe_lau,Manziana,manziana,ma,29.21,63.63,63.23
europe_lau,Marano Equo,marano_equo,ma,57.19,74.39,72.8
europe_lau,Marcellina,marcellina,ma,48.29,60.89,33.16
europe_lau,Marino,marino,ma,40.26,58.59,-0.85
europe_lau,Mazzano Romano,mazzano_romano,ma,20.4,52.48,74.36
europe_lau,Mansuè,mansue,ma,52.63,64.36,58.7
europe_lau,Mareno di Piave,mareno_di_piave,ma,37.31,57.16,83.37
europe_lau,Maser,maser,ma,56.48,64.46,79.5
europe_lau,Maserada sul Piave,maserada_sul_piave,ma,50.98,60.53,41.74
europe_lau,Mariano del Friuli,mariano_del_friuli,ma,52.92,76.93,31.05
europe_lau,Malé,male,ma,37.7,43.11,69.11
europe_lau,Massimeno,massimeno,ma,27.61,59.48,-0.2
europe_lau,Mazzin,mazzin,ma,28.19,65.03,-17.33
europe_lau,Maria-Anzbach,maria_anzbach,ma,60.78,70.85,63.95
europe_lau,Maglie,maglie,ma,22.25,39.55,9.4
europe_lau,Martano,martano,ma,59.56,74.33,70.01
europe_lau,Martignano,martignano,ma,72.85,76.78,42.82
europe_lau,Matino,matino,ma,43.32,58.36,28.17
europe_lau,Marciszów,marciszow,ma,55.35,55.73,54.43
europe_lau,Margherita di Savoia,margherita_di_savoia,ma,13.54,56.95,8.16
europe_lau,Malalbergo,malalbergo,ma,35.42,52.91,71.48
europe_lau,Marzabotto,marzabotto,ma,59.27,64.92,47.18
europe_lau,Masi Torello,masi_torello,ma,55.44,65.66,61.25
europe_lau,Massa Lombarda,massa_lombarda,ma,34.38,43.62,69.1
europe_lau,Marciana,marciana,ma,28.3,51.73,-53.46
europe_lau,Marciana Marina,marciana_marina,ma,28.85,66.57,-31
europe_lau,Malá Štáhle,mala_stahle,ma,38.12,70.17,98.23
europe_lau,Malý Bor,maly_bor,ma,65.51,70.81,68.05
europe_lau,Mandas,mandas,ma,45.04,63.61,-2.16
europe_lau,Masainas,masainas,ma,37.88,51.97,28.35
europe_lau,Marsala,marsala,ma,42.75,48.21,59.54
europe_lau,Mazara del Vallo,mazara_del_vallo,ma,53.21,63.44,71.79
europe_lau,Maenza,maenza,ma,52.93,64.65,64.97
europe_lau,Maclodio,maclodio,ma,33.75,63.55,90.31
europe_lau,Magasa,magasa,ma,58.76,61.34,63.4
europe_lau,Mairano,mairano,ma,45.92,63.72,89.25
europe_lau,Malegno,malegno,ma,64.44,69.01,58.99
europe_lau,Malonno,malonno,ma,43.78,62.07,62.07
europe_lau,Manerba del Garda,manerba_del_garda,ma,55.26,84.99,-10.45
europe_lau,Manerbio,manerbio,ma,45.52,54.41,85.43
europe_lau,Marcheno,marcheno,ma,26.75,42.36,53.01
europe_lau,Marmentino,marmentino,ma,30.58,50.78,52.27
europe_lau,Marone,marone,ma,30.13,46.63,16.07
europe_lau,Mazzano,mazzano,ma,41.14,59.41,89.68
europe_lau,Marcon,marcon,ma,44.54,68.98,-25.61
europe_lau,Martellago,martellago,ma,36.47,50.84,77.09
europe_lau,Marciano della Chiana,marciano_della_chiana,ma,55.67,58.22,59.04
europe_lau,Marker,marker,ma,27.59,67.48,87.78
europe_lau,Martinice u Onšova,martinice_u_onsova,ma,33.99,61.84,88.05
europe_lau,Marki,marki,ma,51.72,66.67,80.5
europe_lau,Madruzzo,madruzzo,ma,36.92,59.76,14.8
europe_lau,Malcesine,malcesine,ma,44.29,80.56,88.37
europe_lau,Marano di Valpolicella,marano_di_valpolicella,ma,38.68,75.58,92.75
europe_lau,Maserà di Padova,masera_di_padova,ma,28.6,49.24,51.07
europe_lau,Markuszów,markuszow,ma,40.2,62.87,99.93
europe_lau,Malanów,malanow,ma,45.52,62.9,73.14
europe_lau,Madesimo,madesimo,ma,60.13,66.24,38.35
europe_lau,Mantello,mantello,ma,30.1,47.97,84.76
europe_lau,Mazzo di Valtellina,mazzo_di_valtellina,ma,20.2,52.28,-16.02
europe_lau,Magliano Vetere,magliano_vetere,ma,50.63,61.67,14.89
europe_lau,Maiori,maiori,ma,40.53,58.71,16.89
europe_lau,Malfa,malfa,ma,26.23,68.45,-154.33
europe_lau,Malvagna,malvagna,ma,24.25,51.17,97.47
europe_lau,Mandanici,mandanici,ma,40.23,69.55,83.74
europe_lau,Mazzarrà Sant'Andrea,mazzarra_sant_andrea,ma,27.16,69.02,76.61
europe_lau,Macchia Valfortore,macchia_valfortore,ma,37.05,50.76,33.59
europe_lau,Mafalda,mafalda,ma,50.78,76.87,61.56
europe_lau,Macerata Feltria,macerata_feltria,ma,61.14,68.57,53.76
europe_lau,Maccastorna,maccastorna,ma,55.2,70.84,52.55
europe_lau,Mairago,mairago,ma,51.07,67.85,43.45
europe_lau,Maleo,maleo,ma,61.68,61.04,50.19
europe_lau,Marudo,marudo,ma,42.14,75.61,-19.07
europe_lau,Massalengo,massalengo,ma,40.72,63.97,80.15
europe_lau,Mauren,mauren,ma,46.16,59.7,56.4
europe_lau,Marijampolės savivaldybė,marijampoles_savivaldybe,ma,55.43,60.61,47.75
europe_lau,Masi,masi,ma,44.84,67.03,62.14
europe_lau,Massanzago,massanzago,ma,48.32,64.87,77.2
europe_lau,Maiolo,maiolo,ma,49.65,61.95,79.26
europe_lau,Maków Mazowiecki,makow_mazowiecki,ma,59.84,70.99,83.95
europe_lau,Markersdorf-Haindorf,markersdorf_haindorf,ma,48.31,51.41,40.99
europe_lau,Matrice,matrice,ma,31.6,56.78,97.81
europe_lau,Majdan Królewski,majdan_krolewski,ma,46.96,53.04,42.26
europe_lau,Markowa,markowa,ma,35.35,64.73,82.82
europe_lau,Margonin,margonin,ma,55.02,60.48,52.09
europe_lau,Małkinia Górna,malkinia_gorna,ma,48.63,54.15,71.24
europe_lau,Magenta,magenta,ma,35.85,66.91,54.18
europe_lau,Magnago,magnago,ma,55.57,63.62,64.3
europe_lau,Marcallo con Casone,marcallo_con_casone,ma,46.03,63.95,40.33
europe_lau,Masate,masate,ma,48.86,65.91,72.7
europe_lau,Manfredonia,manfredonia,ma,34.48,59.8,97.31
europe_lau,Mattinata,mattinata,ma,46.14,68.69,34.07
europe_lau,Maiolati Spontini,maiolati_spontini,ma,29.3,59.84,52.65
europe_lau,Macerata,macerata,ma,57.19,61.53,53.28
europe_lau,Matelica,matelica,ma,41.23,60.46,80.07
europe_lau,Maierato,maierato,ma,41.06,54.14,-1.33
europe_lau,Mažeikių rajono savivaldybė,mazeikiu_rajono_savivaldybe,ma,60.07,72.51,40.65
europe_lau,Mamer,mamer,ma,44.13,66.29,38.63
europe_lau,Maletto,maletto,ma,26.05,68.13,25.94
europe_lau,Mascali,mascali,ma,47.01,72.25,-2.74
europe_lau,Mascalucia,mascalucia,ma,42.39,59.76,96.12
europe_lau,Mazzarrone,mazzarrone,ma,61.88,71.17,59.9
europe_lau,Maniace,maniace,ma,42.26,56.14,15.6
europe_lau,Macerata Campania,macerata_campania,ma,27.32,45.64,22.71
europe_lau,Maddaloni,maddaloni,ma,57.05,61.94,26.51
europe_lau,Marcianise,marcianise,ma,31.53,62.57,-61.45
europe_lau,Marzano Appio,marzano_appio,ma,38.22,71.91,29.38
europe_lau,Márok,marok,ma,64.97,70.48,80.51
europe_lau,Mátyus,matyus,ma,35.48,63.82,-57.3
europe_lau,Malvicino,malvicino,ma,48.08,67.54,37.24
europe_lau,Masio,masio,ma,44.85,66.5,29.57
europe_lau,Marano di Napoli,marano_di_napoli,ma,39.06,48.05,7.63
europe_lau,Mariglianella,mariglianella,ma,26.6,49.53,90.14
europe_lau,Marigliano,marigliano,ma,43.43,56.87,88.09
europe_lau,Massa Lubrense,massa_lubrense,ma,49.51,55.44,62.37
europe_lau,Mauerbach,mauerbach,ma,58.42,69.98,65.34
europe_lau,Macroom,macroom,ma,48.06,63.37,-6.32
europe_lau,Mallow,mallow,ma,48.73,61.21,84.75
europe_lau,Maynooth,maynooth,ma,49.35,62.44,13.46
europe_lau,Martfű,martfu,ma,32.68,47.72,2.56
europe_lau,Magyarszentmiklós,magyarszentmiklos,ma,42.52,62.86,-22.15
europe_lau,Markóc,markoc,ma,41.25,63.01,91.11
europe_lau,Magisano,magisano,ma,43.97,58.93,92.07
europe_lau,Maida,maida,ma,29.03,51.06,-38.25
europe_lau,Marcedusa,marcedusa,ma,24.11,62.39,69.97
europe_lau,Marcellinara,marcellinara,ma,32.47,57.97,-28.33
europe_lau,Martirano,martirano,ma,25.79,47.13,85.62
europe_lau,Martirano Lombardo,martirano_lombardo,ma,46.78,63.61,74.71
europe_lau,Magliano Sabina,magliano_sabina,ma,35.58,53.97,95.31
europe_lau,Marcetelli,marcetelli,ma,32.46,58,80.08
europe_lau,Manorhamilton,manorhamilton,ma,46.73,62.05,80.3
europe_lau,Máriakálnok,mariakalnok,ma,56.26,56.64,56.77
europe_lau,Markaz,markaz,ma,28.51,71.32,86.31
europe_lau,Magy,magy,ma,45.61,65.97,76.47
europe_lau,Maché,mache,ma,67.13,67.37,66.19
europe_lau,Maillé,maille,ma,48.93,64.98,41.07
europe_lau,Maillezais,maillezais,ma,47.43,70.73,28.95
europe_lau,Mallièvre,mallievre,ma,53.28,68.66,59.36
europe_lau,Mareuil-sur-Lay-Dissais,mareuil_sur_lay_dissais,ma,37.34,51.37,9.49
europe_lau,Marillet,marillet,ma,69.29,75.35,37.16
europe_lau,Marsais-Sainte-Radégonde,marsais_sainte_radegonde,ma,46.85,65.55,62.83
europe_lau,Martinet,martinet,ma,63.91,76.96,76.45
europe_lau,Macello,macello,ma,47.69,81.75,-22.04
europe_lau,Maglione,maglione,ma,44.64,60.22,92.4
europe_lau,Marentino,marentino,ma,34.82,63.86,88.44
europe_lau,Massello,massello,ma,48.8,70.95,18.3
europe_lau,Mathi,mathi,ma,25.27,40.96,94.9
europe_lau,Mattie,mattie,ma,52.72,76.15,81.37
europe_lau,Mazzè,mazze,ma,41.69,59.9,92.79
europe_lau,Magyargencs,magyargencs,ma,55.78,65.84,30.25
europe_lau,Maglóca,magloca,ma,62.09,83.65,46.34
europe_lau,Malonty,malonty,ma,60.17,75.29,52.08
europe_lau,Magyargéc,magyargec,ma,58.4,69.36,48.74
europe_lau,Magyarlak,magyarlak,ma,33.28,65.67,94.04
europe_lau,Magné,magne,ma,74.22,83.38,47.95
europe_lau,Mairé-Levescault,maire_levescault,ma,61.9,77.51,74.8
europe_lau,Maisonnay,maisonnay,ma,55.31,77.16,45.94
europe_lau,Maisontiers,maisontiers,ma,46.68,54.34,46.35
europe_lau,Marigny,marigny,ma,54.22,65.8,40.35
europe_lau,Marnes,marnes,ma,46.1,58.29,12.44
europe_lau,Mauzé-sur-le-Mignon,mauze_sur_le_mignon,ma,46.87,60.96,14.2
europe_lau,Mazières-en-Gâtine,mazieres_en_gatine,ma,26.56,50.54,91.13
europe_lau,Malgesso,malgesso,ma,54.99,74.13,73.62
europe_lau,Malnate,malnate,ma,62.19,65.27,41.53
europe_lau,Marchirolo,marchirolo,ma,22.91,50.53,89.27
europe_lau,Marnate,marnate,ma,38.68,70.81,16.12
europe_lau,Marzio,marzio,ma,37.64,62.49,67.4
europe_lau,Masciago Primo,masciago_primo,ma,46.73,55.33,64.05
europe_lau,Majdalena,majdalena,ma,40.17,51.5,56.56
europe_lau,Malomsok,malomsok,ma,45,63.49,75.55
europe_lau,Magyarhomorog,magyarhomorog,ma,33.98,54.76,88.28
europe_lau,Mád,mad,ma,46.3,57.35,64.12
europe_lau,Mátyásdomb,matyasdomb,ma,51.18,63.27,57.03
europe_lau,Márokföld,marokfold,ma,44.38,65.21,79.85
europe_lau,Malá Hraštice,mala_hrastice,ma,53.54,73.67,23.13
europe_lau,Magyarszerdahely,magyarszerdahely,ma,34.45,47.87,27.13
europe_lau,Magyarszecsőd,magyarszecsod,ma,48.81,83.99,68.16
europe_lau,Macra,macra,ma,31.66,46.54,70.85
europe_lau,Magliano Alfieri,magliano_alfieri,ma,61.23,70.22,38.9
europe_lau,Magliano Alpi,magliano_alpi,ma,44.93,57.85,75.8
europe_lau,Mango,mango,ma,35.18,53.59,98.64
europe_lau,Manta,manta,ma,27.02,59.69,-106.3
europe_lau,Marene,marene,ma,50.96,79.3,85.89
europe_lau,Margarita,margarita,ma,53.26,73.03,56.17
europe_lau,Marsaglia,marsaglia,ma,38.49,49.09,10.36
europe_lau,Martiniana Po,martiniana_po,ma,46.86,64.01,38.15
europe_lau,Magyarföld,magyarfold,ma,31.1,52.11,-24.33
europe_lau,Malakoff,malakoff,ma,31.2,58.11,-10.41
europe_lau,Marnes-la-Coquette,marnes_la_coquette,ma,38.95,62.89,29.21
europe_lau,Maccagno con Pino e Veddasca,maccagno_con_pino_e_veddasca,ma,37.65,44.77,59.13
europe_lau,Magyarsarlós,magyarsarlos,ma,51.91,64.16,63.27
europe_lau,Markvartice,markvartice,ma,45.5,68.71,55.04
europe_lau,Magyarnádalja,magyarnadalja,ma,15.45,71.98,61.16
europe_lau,Mályi,malyi,ma,27.69,59.16,-36.34
europe_lau,Magyaralmás,magyaralmas,ma,45.89,65.79,38.51
europe_lau,Maklár,maklar,ma,54.74,64.47,35.86
europe_lau,Marcaltő,marcalto,ma,29.26,46.91,57.46
europe_lau,Magyarszék,magyarszek,ma,48.46,64.82,89.56
europe_lau,Máriahalom,mariahalom,ma,65.84,77.17,65.59
europe_lau,Madaras,madaras,ma,53.31,73.33,29.74
europe_lau,Mány,many,ma,45.12,65.49,67.17
europe_lau,Magyarlukafa,magyarlukafa,ma,14.72,50.92,76.33
europe_lau,Mátraszőlős,matraszolos,ma,58.31,75.41,76.17
europe_lau,Magyartelek,magyartelek,ma,41.46,66.61,97.84
europe_lau,Makád,makad,ma,43.38,57.26,82.79
europe_lau,Márianosztra,marianosztra,ma,50.93,69.48,68.78
europe_lau,Martonvásár,martonvasar,ma,58.23,87.53,36.04
europe_lau,Mándok,mandok,ma,50.7,58.29,42.16
europe_lau,Maratea,maratea,ma,32.07,59.41,72.48
europe_lau,Marsico Nuovo,marsico_nuovo,ma,55.57,60.49,65.57
europe_lau,Marsicovetere,marsicovetere,ma,35.5,53.82,99.2
europe_lau,Maschito,maschito,ma,25.31,59.3,-40.35
europe_lau,Márkó,marko,ma,63.88,69.1,46.91
europe_lau,Magyarnándor,magyarnandor,ma,61.76,69.13,63.11
europe_lau,Magyarkeresztúr,magyarkeresztur,ma,48.99,57.81,82.68
europe_lau,Magliano in Toscana,magliano_in_toscana,ma,45.94,55.87,51.64
europe_lau,Manciano,manciano,ma,40,44.13,66.56
europe_lau,Massa Marittima,massa_marittima,ma,59.42,74.63,39.25
europe_lau,Madignano,madignano,ma,59.76,70.83,64.48
europe_lau,Malagnino,malagnino,ma,38.53,57.41,37.85
europe_lau,Martignana di Po,martignana_di_po,ma,25.24,65.98,75.05
europe_lau,Márfa,marfa,ma,26.82,68.26,93.1
europe_lau,Malíč,malic,ma,56.31,76.87,9.18
europe_lau,Mappano,mappano,ma,53.63,62.94,60.38
europe_lau,Mátételke,matetelke,ma,64.18,75.93,79.73
europe_lau,Majs,majs,ma,50.78,64.22,68.51
europe_lau,Magyarbánhegyes,magyarbanhegyes,ma,55.9,81.16,66.3
europe_lau,Maranello,maranello,ma,42.92,60.31,85.28
europe_lau,Marano sul Panaro,marano_sul_panaro,ma,41.79,51.27,62.37
europe_lau,Mátraszele,matraszele,ma,51.7,64.25,85.21
europe_lau,Magreglio,magreglio,ma,20.54,55.95,-103.3
europe_lau,Mariano Comense,mariano_comense,ma,36.85,53.56,99.47
europe_lau,Maslianico,maslianico,ma,51.92,63.44,65.65
europe_lau,Magyarmecske,magyarmecske,ma,29.04,59.27,82.34
europe_lau,Magyarhertelend,magyarhertelend,ma,41.88,54.95,61.3
europe_lau,Marcali,marcali,ma,48.24,68.74,53.11
europe_lau,Mátészalka,mateszalka,ma,46.78,62.11,28.92
europe_lau,Malenice,malenice,ma,49.41,62.39,48.22
europe_lau,Matera,matera,ma,59.43,67.13,34.06
europe_lau,Magliolo,magliolo,ma,44.7,60.62,51
europe_lau,Mallare,mallare,ma,57.17,72.71,76.07
europe_lau,Massimino,massimino,ma,50.47,71.83,76.53
europe_lau,Márokpapi,marokpapi,ma,65.37,71.27,60.29
europe_lau,Marija Gorica,marija_gorica,ma,48.15,57.33,48.94
europe_lau,Majur,majur,ma,44.31,63.9,31.28
europe_lau,Máriakéménd,mariakemend,ma,47.59,57.05,70.26
europe_lau,Márkháza,markhaza,ma,19.66,63.7,-218.75
europe_lau,Maranzana,maranzana,ma,36.31,55.73,77.52
europe_lau,Maretto,maretto,ma,52.74,61.07,68.9
europe_lau,Magione,magione,ma,36.89,43.95,63.82
europe_lau,Marsciano,marsciano,ma,47.2,58.01,69.7
europe_lau,Massa Martana,massa_martana,ma,40.52,64.03,98.95
europe_lau,Magnacavallo,magnacavallo,ma,53.77,72.29,37.54
europe_lau,Marcaria,marcaria,ma,36.57,60.11,74.16
europe_lau,Mátraterenye,matraterenye,ma,36.18,48.32,56.28
europe_lau,Magyaratád,magyaratad,ma,31.19,52.07,75.64
europe_lau,Maroslele,maroslele,ma,54.7,64.5,48.05
europe_lau,Majosháza,majoshaza,ma,46.36,66.95,24.98
europe_lau,Mátraderecske,matraderecske,ma,54.58,66.56,70.15
europe_lau,Mályinka,malyinka,ma,46.58,59.17,83.4
europe_lau,Matty,matty,ma,38.55,66.58,94.23
europe_lau,Mátraszentimre,matraszentimre,ma,34.35,57.87,-44.61
europe_lau,Marcalgergelyi,marcalgergelyi,ma,38.39,73.33,98.08
europe_lau,Madocsa,madocsa,ma,53.29,70.85,61.19
europe_lau,Mariana Mantovana,mariana_mantovana,ma,29.83,50.07,82.54
europe_lau,Marmirolo,marmirolo,ma,38.04,54.47,96.41
europe_lau,Malenovice,malenovice,ma,42.79,61.74,56.83
europe_lau,Magyarbóly,magyarboly,ma,56.03,65.09,84.36
europe_lau,Magadenovac,magadenovac,ma,33.81,53.41,-8.96
europe_lau,Magyarcsanád,magyarcsanad,ma,27.51,42.34,99
europe_lau,Magyarkeszi,magyarkeszi,ma,50.6,69.02,32.55
europe_lau,Mátranovák,matranovak,ma,53.21,69.39,50.55
europe_lau,Makkoshotyka,makkoshotyka,ma,28.21,60.15,92.56
europe_lau,Máriapócs,mariapocs,ma,49.35,55.73,63.98
europe_lau,Maierà,maiera,ma,32.87,52.7,-19.54
europe_lau,Malito,malito,ma,46.54,65.48,65.03
europe_lau,Malvito,malvito,ma,23.44,50.37,11.95
europe_lau,Mandatoriccio,mandatoriccio,ma,39.83,60.52,85.29
europe_lau,Mangone,mangone,ma,19.17,59.57,-164.96
europe_lau,Marano Marchesato,marano_marchesato,ma,18.68,50.99,-24
europe_lau,Marano Principato,marano_principato,ma,19.32,40.76,21.19
europe_lau,Marzi,marzi,ma,17.44,35.91,14.35
europe_lau,Masone,masone,ma,47.4,75.52,-1.3
europe_lau,Máza,maza,ma,20.75,58.59,90.54
europe_lau,Mánfa,manfa,ma,43.71,67.67,-22.5
europe_lau,Markušica,markusica,ma,36.19,49.46,-3.66
europe_lau,Martonyi,martonyi,ma,57.26,66.96,47.04
europe_lau,Mánd,mand,ma,47.74,69.12,66.34
europe_lau,Maróc,maroc,ma,56.38,75.26,88.56
europe_lau,Marócsa,marocsa,ma,36.45,52.94,-16.35
europe_lau,Malá Bystřice,mala_bystrice,ma,51.04,68.48,68.22
europe_lau,Mátraballa,matraballa,ma,43.73,62.73,8.58
europe_lau,Mátramindszent,matramindszent,ma,42.78,71.52,93.77
europe_lau,Marta,marta,ma,41.88,65.67,95.15
europe_lau,Maglód,maglod,ma,30.04,45.28,47.98
europe_lau,Magyardombegyház,magyardombegyhaz,ma,27.32,43.02,-33.64
europe_lau,Maggiora,maggiora,ma,32.67,81.28,56.64
europe_lau,Mandello Vitta,mandello_vitta,ma,62.39,76.85,49.15
europe_lau,Marano Ticino,marano_ticino,ma,30.18,61.41,-47.47
europe_lau,Massino Visconti,massino_visconti,ma,58.28,69.5,63.31
europe_lau,Magyaregregy,magyaregregy,ma,47.38,61.28,66.87
europe_lau,Maráza,maraza,ma,46.68,64.95,75.69
europe_lau,Magosliget,magosliget,ma,31.74,61.25,-14
europe_lau,Mátraverebély,matraverebely,ma,54.46,58.99,58.71
europe_lau,Magrè sulla strada del vino/Margreid an der Weinstraße,magre_sulla_strada_del_vino_margreid_an_der_weinstrasse,ma,41.96,52.84,15.24
europe_lau,Malles Venosta/Mals,malles_venosta_mals,ma,45.52,67.53,14.99
europe_lau,Marebbe/Enneberg,marebbe_enneberg,ma,33.76,44.98,66.54
europe_lau,Marlengo/Marling,marlengo_marling,ma,35.81,47.47,30.68
europe_lau,Martello/Martell,martello_martell,ma,42.23,77.72,40.27
europe_lau,Malšice,malsice,ma,41.17,52.04,32.06
europe_lau,Maissana,maissana,ma,41.17,57.88,90.36
europe_lau,Magyaregres,magyaregres,ma,36.49,52.93,91.73
europe_lau,Magyarszombatfa,magyarszombatfa,ma,42.79,58.42,22.21
europe_lau,Mártély,martely,ma,42.95,62.59,86.26
europe_lau,Martonfa,martonfa,ma,62.35,68.17,49.72
europe_lau,Markotabödöge,markotabodoge,ma,50.98,55.28,60.66
europe_lau,Mágocs,magocs,ma,56.47,79.36,93
europe_lau,Makó,mako,ma,34.57,55.48,44.49
europe_lau,Magyarpolány,magyarpolany,ma,59.21,64.76,68.35
europe_lau,Malá Ida,mala_ida,ma,46.37,82.54,91.02
europe_lau,Malá Lodina,mala_lodina,ma,54.72,67.54,53.46
europe_lau,Malá nad Hronom,mala_nad_hronom,ma,52.23,66.86,81.57
europe_lau,Malé Kosihy,male_kosihy,ma,44.55,68.32,0.88
europe_lau,Maňa,mana,ma,41.41,54.33,69.6
europe_lau,Markvartice,markvartice,ma,48.03,62.85,37.43
europe_lau,Martinice v Krkonoších,martinice_v_krkonosich,ma,48.1,61.66,69.13
europe_lau,Malý Lipník,maly_lipnik,ma,54.27,62.58,60.42
europe_lau,Matysová,matysova,ma,39.76,70.58,65.18
europe_lau,Maria Schmolln,maria_schmolln,ma,21.23,51.75,83.26
europe_lau,Macov,macov,ma,53.14,74.9,51.85
europe_lau,Mad,mad,ma,30.94,52.75,-48.99
europe_lau,Malé Dvorníky,male_dvorniky,ma,31.3,81.37,81.53
europe_lau,Matúškovo,matuskovo,ma,62.03,72.32,52.99
europe_lau,Mădăras,madaras,ma,31.36,56.35,-44.32
europe_lau,Măgeşti,magesti,ma,44.69,67.06,99.81
europe_lau,Maieru,maieru,ma,35.97,54.28,97.12
europe_lau,Matei,matei,ma,29.27,58.54,91.4
europe_lau,Măgura Ilvei,magura_ilvei,ma,46.62,67.14,50.4
europe_lau,Mărişelu,mariselu,ma,60.29,65.3,53.4
europe_lau,Máslojedy,maslojedy,ma,36.79,66.36,8.76
europe_lau,Machov,machov,ma,70,68.2,44.74
europe_lau,Martínkovice,martinkovice,ma,52.09,77.58,52.38
europe_lau,Malý Lapáš,maly_lapas,ma,32.97,50.66,15.4
europe_lau,Malý Cetín,maly_cetin,ma,50.89,82.04,61.05
europe_lau,Malé Vozokany,male_vozokany,ma,33.78,42.23,53.09
europe_lau,Makov,makov,ma,29.03,42.19,18.32
europe_lau,Măguri-Răcătău,maguri_racatau,ma,33.81,55.5,32.83
europe_lau,Mănăstireni,manastireni,ma,65.8,75.3,59.09
europe_lau,Mărgău,margau,ma,47.34,67.41,50.69
europe_lau,Mărişel,marisel,ma,27.17,48.69,8.14
europe_lau,Maciejowice,maciejowice,ma,47.05,62.24,59.18
europe_lau,Matca,matca,ma,55.59,68.28,46.6
europe_lau,Măstăcani,mastacani,ma,34.74,41.97,23.96
europe_lau,Majdanpek,majdanpek,ma,42.92,53.72,59
europe_lau,Mali Zvornik,mali_zvornik,ma,35.06,52.13,96.97
europe_lau,Malo Crniće,malo_crnice,ma,57.48,72.51,44.03
europe_lau,Malé Chyndice,male_chyndice,ma,51.68,59.19,63.75
europe_lau,Malé Lednice,male_lednice,ma,32,52.83,94
europe_lau,Malý Krtíš,maly_krtis,ma,25.51,43.98,-34.22
europe_lau,Malé Straciny,male_straciny,ma,37.58,44.32,51.95
europe_lau,Malá Tŕňa,mala_trna,ma,34.75,58.06,-5.47
europe_lau,Malá Čierna,mala_cierna,ma,54.06,69.92,81.66
europe_lau,Maršová-Rašov,marsova_rasov,ma,36.47,67.65,18.64
europe_lau,Malčice,malcice,ma,47.9,58.49,74.47
europe_lau,Malé Raškovce,male_raskovce,ma,30.75,71.77,-66.62
europe_lau,Markovce,markovce,ma,33.97,84.16,19.58
europe_lau,Maškovce,maskovce,ma,41.58,55.8,82.76
europe_lau,Malá Franková,mala_frankova,ma,61.04,72.93,62.84
europe_lau,Malachov,malachov,ma,20.97,45.39,-105.41
europe_lau,Malé Uherce,male_uherce,ma,37.09,61.8,86.53
europe_lau,Malé Kozmálovce,male_kozmalovce,ma,48.9,64.11,64.07
europe_lau,Malý Slavkov,maly_slavkov,ma,17.42,66.24,38.32
europe_lau,Malá Mača,mala_maca,ma,44.87,68.15,33.7
europe_lau,Makovce,makovce,ma,55.1,86.93,16.83
europe_lau,Malá Poľana,mala_polana,ma,39.58,57.08,0.79
europe_lau,Matovce,matovce,ma,44.78,64.86,76.46
europe_lau,Malatiná,malatina,ma,59.66,64.08,61.1
europe_lau,Markovci,markovci,ma,56.71,65.85,42.73
europe_lau,Makole,makole,ma,48.79,71.91,84.45
europe_lau,Malé Leváre,male_levare,ma,54.5,65.85,63.5
europe_lau,Manoleasa,manoleasa,ma,46.63,63.69,78.11
europe_lau,Maceira,maceira,ma,40.7,61.71,93.95
europe_lau,Mărunţei,maruntei,ma,32.29,48.16,34.24
europe_lau,Mattighofen,mattighofen,ma,57.79,61.21,64.76
europe_lau,Macinhata do Vouga,macinhata_do_vouga,ma,42.24,65.27,18.54
europe_lau,Mansores,mansores,ma,43.62,67.43,73.64
europe_lau,Mătăsari,matasari,ma,39.93,53.64,33.19
europe_lau,Martinchel,martinchel,ma,64.48,71.02,45.72
europe_lau,Malá Čausa,mala_causa,ma,40.4,65.38,37.71
europe_lau,Malinová,malinova,ma,41.08,71.29,13.21
europe_lau,Mărtiniş,martinis,ma,31.68,60.73,91.69
europe_lau,Majere,majere,ma,26.62,63,99.84
europe_lau,Matiašovce,matiasovce,ma,59.28,74.27,24.63
europe_lau,Malá Hradná,mala_hradna,ma,58.35,65.04,56.38
europe_lau,Malé Hoste,male_hoste,ma,39.61,72.85,45.17
europe_lau,Marinha Grande,marinha_grande,ma,59.58,63.91,67.18
europe_lau,Malé Ozorovce,male_ozorovce,ma,22.44,53.44,25.32
europe_lau,Malé Trakany,male_trakany,ma,51.3,71.44,36.05
europe_lau,Malý Horeš,maly_hores,ma,42.8,63.63,95.1
europe_lau,Malý Kamenec,maly_kamenec,ma,47.19,63.93,18.07
europe_lau,Maťovské Vojkovce,matovske_vojkovce,ma,55.51,65.23,76.29
europe_lau,Malatíny,malatiny,ma,15.85,53.46,73.74
europe_lau,Malé Borové,male_borove,ma,54.84,71.52,77.44
europe_lau,Malužiná,maluzina,ma,29.52,47.78,71.55
europe_lau,Martinček,martincek,ma,16.66,43.43,79.48
europe_lau,Machulince,machulince,ma,34.3,43.66,21.68
europe_lau,Malé Zálužie,male_zaluzie,ma,38.93,64.34,-12.88
europe_lau,Mankovce,mankovce,ma,50.4,80.65,98.41
europe_lau,Martin nad Žitavou,martin_nad_zitavou,ma,45.72,71.66,95.95
europe_lau,Malé Kršteňany,male_krstenany,ma,29.52,57.9,-9.22
europe_lau,Malé Ripňany,male_ripnany,ma,44.21,61.21,-2.86
europe_lau,Malé Březno,male_brezno,ma,44.15,57.78,68.22
europe_lau,Mariánské Radčice,marianske_radcice,ma,55.88,57.69,63.58
europe_lau,Măieruş,maierus,ma,23.08,46.59,-81.93
europe_lau,Mândra,mandra,ma,45.41,63.41,91.03
europe_lau,Mărăcineni,maracineni,ma,43.09,73.21,99.58
europe_lau,Mauerkirchen,mauerkirchen,ma,70.45,80.78,51.28
europe_lau,Malnaş,malnas,ma,24.2,40.94,-43.2
europe_lau,Malé Březno,male_brezno,ma,57.21,62.48,65.51
europe_lau,Malečov,malecov,ma,44.74,51.88,79.74
europe_lau,Malu,malu,ma,40.5,62.57,46.78
europe_lau,Maia,maia,ma,39.26,69.92,-5.91
europe_lau,Mărculeşti,marculesti,ma,28.71,55.55,99.89
europe_lau,Mădăraş,madaras,ma,24.69,53.11,-89.43
europe_lau,Markaryd,markaryd,ma,59.17,77.04,69.5
europe_lau,Măgurele,magurele,ma,45.82,56.77,64.86
europe_lau,Măgureni,magureni,ma,56.45,66.78,46.56
europe_lau,Măneciu,maneciu,ma,39.51,63.15,96.72
europe_lau,Măneşti,manesti,ma,44.54,61.82,88.27
europe_lau,Marinhais,marinhais,ma,54.51,67.27,58.81
europe_lau,Malu Cu Flori,malu_cu_flori,ma,47.76,62.57,41.41
europe_lau,Măneşti,manesti,ma,45.1,63.9,-12.64
europe_lau,Mătăsaru,matasaru,ma,31.32,51.66,96.9
europe_lau,Martinová,martinova,ma,54.83,72.68,88.75
europe_lau,Mankovice,mankovice,ma,32.33,57.91,29.02
europe_lau,Mărtineşti,martinesti,ma,64.79,66.9,71.09
europe_lau,Malcov,malcov,ma,27.65,39.5,94.53
europe_lau,Marhaň,marhan,ma,59.26,66.1,63.79
europe_lau,Marvila,marvila,ma,48.82,76.84,61.99
europe_lau,Majerovce,majerovce,ma,48.37,79.6,62.5
europe_lau,Malá Domaša,mala_domasa,ma,28.87,54.81,86.76
europe_lau,Matiaška,matiaska,ma,51.23,70.38,87.64
europe_lau,Málinec,malinec,ma,37.08,58.06,89.45
europe_lau,Mašková,maskova,ma,39.6,72.06,80.67
europe_lau,Marcelová,marcelova,ma,43.79,54.25,69.79
europe_lau,Martovce,martovce,ma,52.9,63.98,36.93
europe_lau,Măraşu,marasu,ma,14.64,64.92,66.62
europe_lau,Măxineni,maxineni,ma,51.19,55.19,42.83
europe_lau,Mafra,mafra,ma,50.84,59.68,33.32
europe_lau,Martin,martin,ma,53.35,66.28,44.41
europe_lau,Malý Čepčín,maly_cepcin,ma,59.65,63.06,61.46
europe_lau,Măgura,magura,ma,44,64.22,23.22
europe_lau,Mărgineni,margineni,ma,40.24,55.81,-4.88
europe_lau,Măgireşti,magiresti,ma,42.87,59.2,37.15
europe_lau,Mănăstirea Caşin,manastirea_casin,ma,35.49,59.3,-4.04
europe_lau,Malčín,malcin,ma,48.97,55.57,36.61
europe_lau,Maleč,malec,ma,57.38,61.73,42.23
europe_lau,Malmö,malmo,ma,58.77,66.09,47.9
europe_lau,Măceşu de Jos,macesu_de_jos,ma,28.61,48,77.79
europe_lau,Malá Čalomija,mala_calomija,ma,36.8,47.63,81.47
europe_lau,Malé Zlievce,male_zlievce,ma,31.59,52.94,75.04
europe_lau,Malý Slivník,maly_slivnik,ma,51.51,63.63,61.81
europe_lau,Malý Šariš,maly_saris,ma,43.18,65.75,70.8
europe_lau,Malå,mala,ma,46.85,68.71,61.52
europe_lau,Margecany,margecany,ma,38.88,52.74,32.68
europe_lau,Markušovce,markusovce,ma,34.13,45.19,43.57
europe_lau,Matejovce nad Hornádom,matejovce_nad_hornadom,ma,50.6,79.04,93.49
europe_lau,Mařenice,marenice,ma,30.3,49.9,60.42
europe_lau,Magnuszew,magnuszew,ma,39.02,62.61,85.79
europe_lau,Málaš,malas,ma,40.8,53.03,41.96
europe_lau,Madunice,madunice,ma,24.18,55.28,80.08
europe_lau,Majcichov,majcichov,ma,49.8,60.54,62.45
europe_lau,Malženice,malzenice,ma,40.81,63.56,89.25
europe_lau,Măgura,magura,ma,41.73,56.29,38.03
europe_lau,Mărăcineni,maracineni,ma,59,66.33,59.12
europe_lau,Mărgăriteşti,margaritesti,ma,49.1,64.8,54.16
europe_lau,Mânzăleşti,manzalesti,ma,31.48,60.25,94.67
europe_lau,Magnezitovce,magnezitovce,ma,55.52,72.13,69.55
europe_lau,Markuška,markuska,ma,33.69,60.25,68.2
europe_lau,Malacky,malacky,ma,40.24,71.59,90.66
europe_lau,Malinovo,malinovo,ma,57.67,69.21,83.63
europe_lau,Marianka,marianka,ma,44.36,68.99,21.06
europe_lau,Mała Wieś,mala_wies,ma,37.8,62.19,49.27
europe_lau,Măceşu de Sus,macesu_de_sus,ma,50.05,69.12,42.25
europe_lau,Maglavit,maglavit,ma,62.56,70.43,64.24
europe_lau,Malu Mare,malu_mare,ma,38.52,55.82,69.99
europe_lau,Mârşani,marsani,ma,27.26,46.44,-1.96
europe_lau,Malé Ludince,male_ludince,ma,54.41,66.61,34.2
europe_lau,Mark,mark,ma,54,60.34,57.13
europe_lau,Mariestad,mariestad,ma,50.94,67.74,78.3
europe_lau,Malung-Sälen,malung_salen,ma,22.38,57.42,92.6
europe_lau,Marga,marga,ma,27.07,40.84,89.14
europe_lau,Măureni,maureni,ma,42.91,59.26,85
europe_lau,Malá Lehota,mala_lehota,ma,36.2,51.57,8.94
europe_lau,Mădârjac,madarjac,ma,54.49,71.75,67.74
europe_lau,Mali Iđoš,mali_idos,ma,69.77,68.91,59.66
europe_lau,Majšperk,majsperk,ma,46.43,56.61,61.93
europe_lau,Maribor,maribor,ma,42.7,55.8,28.13
europe_lau,Malé Žernoseky,male_zernoseky,ma,31.94,62.38,-15.43
europe_lau,Martiněves,martineves,ma,53.95,80.16,99.78
europe_lau,Măicăneşti,maicanesti,ma,61.19,73.59,43.22
europe_lau,Macieira da Maia,macieira_da_maia,ma,38.73,64.24,-23.55
europe_lau,Madalena,madalena,ma,49.88,71.98,31.35
europe_lau,Manhouce,manhouce,ma,47.97,65.63,72.01
europe_lau,Maiorga,maiorga,ma,52.14,65,58.81
europe_lau,Maçãs de Dona Maria,macas_de_dona_maria,ma,55.93,68.51,71.03
europe_lau,Marklowice,marklowice,ma,72.98,76,61.93
europe_lau,Marginea,marginea,ma,33.89,60.7,65.45
europe_lau,Mălini,malini,ma,25.63,59.07,71.16
europe_lau,Mănăstirea Humorului,manastirea_humorului,ma,28.24,64.21,59.3
europe_lau,Måsøy,masoy,ma,51.49,56.93,54.77
europe_lau,Marrubiu,marrubiu,ma,47.81,62.37,36.93
europe_lau,Masullas,masullas,ma,37.68,59.11,2.57
europe_lau,Magomadas,magomadas,ma,25.17,49.86,-50.82
europe_lau,Maassluis,maassluis,ma,43.56,76.32,40.73
europe_lau,Malá Veleň,mala_velen,ma,54.3,61.85,66.4
europe_lau,Malšovice,malsovice,ma,44.55,69.91,-0.62
europe_lau,Matela,matela,ma,49.57,67.05,79.68
europe_lau,Mahmudia,mahmudia,ma,37.75,55.41,42.48
europe_lau,Maliuc,maliuc,ma,36.22,68.78,-49.15
europe_lau,Madonas novads,madonas_novads,ma,50.11,55.84,27.44
europe_lau,Mālpils novads,malpils_novads,ma,45.44,54.85,48.62
europe_lau,Mārupes novads,marupes_novads,ma,54.18,65.43,31.48
europe_lau,Machico,machico,ma,46.77,58.49,73.36
europe_lau,Madalena do Mar,madalena_do_mar,ma,22.84,45.95,88.91
europe_lau,Macieira de Sarnes,macieira_de_sarnes,ma,48.59,69.52,70.5
europe_lau,Maceda,maceda,ma,37.91,70.27,19.24
europe_lau,Maszewo,maszewo,ma,55.19,67.65,70.69
europe_lau,Małomice,malomice,ma,23.07,37.07,83.31
europe_lau,Mavrodin,mavrodin,ma,48.82,55.51,58.7
europe_lau,Măgura,magura,ma,43.8,66.17,-14.57
europe_lau,Măldăeni,maldaeni,ma,53.79,77.22,77.17
europe_lau,Mârzăneşti,marzanesti,ma,42.89,58.05,-2.9
europe_lau,Mairos,mairos,ma,62.24,77.34,54
europe_lau,Martim Longo,martim_longo,ma,43.03,65.91,-0.01
europe_lau,Marmelete,marmelete,ma,39.71,60.85,99.64
europe_lau,Malinová,malinova,ma,54.76,64.24,20.12
europe_lau,Mariánské Lázně,marianske_lazne,ma,30.19,55.37,99.72
europe_lau,Magnano,magnano,ma,36.71,76.29,2.62
europe_lau,Massazza,massazza,ma,55.77,66.35,71.2
europe_lau,Masserano,masserano,ma,22.61,59.33,89.07
europe_lau,Maastricht,maastricht,ma,53.69,67.08,83.85
europe_lau,Maçainhas,macainhas,ma,59.96,77.84,86.5
europe_lau,Malpica do Tejo,malpica_do_tejo,ma,42.19,58.65,48.82
europe_lau,Malovăţ,malovat,ma,49.35,68.81,71.45
europe_lau,Macea,macea,ma,56.39,61.22,70.57
europe_lau,Mălureni,malureni,ma,49.68,74.49,88.65
europe_lau,Malaia,malaia,ma,30.33,43.56,-13.37
europe_lau,Mateeşti,mateesti,ma,43.55,73.91,76.23
europe_lau,Măciuca,maciuca,ma,63.13,69.65,48.42
europe_lau,Mădulari,madulari,ma,54.04,64.2,67.11
europe_lau,Măldăreşti,maldaresti,ma,52.8,63.04,38.1
europe_lau,Mara,mara,ma,48.68,65.2,79.63
europe_lau,Martis,martis,ma,36.7,57.75,-30.38
europe_lau,Mazsalacas novads,mazsalacas_novads,ma,51.05,64.09,71.74
europe_lau,Македонска Каменица,makedonska_kamenica,ma,47.68,62.1,78.33
europe_lau,Македонски Брод,makedonski_brod,ma,52.78,64.27,87.37
europe_lau,Maia,maia,ma,46.04,58.2,87.2
europe_lau,Macieira de Cambra,macieira_de_cambra,ma,40.65,60.6,87.79
europe_lau,Маврово и Ростуше,mavrovo_i_rostuse,ma,57.69,66.52,61.6
europe_lau,Masłowice,maslowice,ma,38.39,52.97,58.74
europe_lau,Martinsberg,martinsberg,ma,55.52,65.04,58.27
europe_lau,Málkov,malkov,ma,32.15,56.61,86.29
europe_lau,Maçal do Chão,macal_do_chao,ma,46.72,64.78,-4.67
europe_lau,Mašťov,mastov,ma,51.1,56.76,57.83
europe_lau,Mata de Lobos,mata_de_lobos,ma,49.66,69.57,85.31
europe_lau,Maceira,maceira,ma,44.32,65.63,98.65
europe_lau,Matança,matanca,ma,49.01,76.62,41.26
europe_lau,Markt Piesting,markt_piesting,ma,29.89,49.17,-17.67
europe_lau,Malgrate,malgrate,ma,60.19,82.73,52.5
europe_lau,Mandello del Lario,mandello_del_lario,ma,61.5,63.66,53.72
europe_lau,Margno,margno,ma,35.14,64.3,-63.58
europe_lau,Madeirã,madeira,ma,34.26,58.83,60.02
europe_lau,Mažice,mazice,ma,40.96,68.64,92.35
europe_lau,Măgherani,magherani,ma,33.28,52.81,53.67
europe_lau,Macomer,macomer,ma,23.95,46.45,84.4
europe_lau,Mamoiada,mamoiada,ma,54.01,68.93,88.32
europe_lau,Marsaskala,marsaskala,ma,54.29,65.01,79.84
europe_lau,Manadas (Santa Bárbara),manadas_santa_barbara,ma,45.08,72.94,5.56
europe_lau,Madalena,madalena,ma,24.96,51.84,30.69
europe_lau,Macieira,macieira,ma,56.52,71.57,5.61
europe_lau,Malá Skála,mala_skala,ma,23.08,51.28,87.13
europe_lau,Marca,marca,ma,27.73,60.89,96.99
europe_lau,Măerişte,maeriste,ma,46.71,62.56,52.64
europe_lau,Margina,margina,ma,48.04,71.1,64.55
europe_lau,Maşloc,masloc,ma,43.41,59.64,88.27
europe_lau,Mănăştiur,manastiur,ma,38.89,76.4,86.98
europe_lau,Macieira de Rates,macieira_de_rates,ma,61.5,67.6,44.05
europe_lau,Manhente,manhente,ma,43.04,63.29,17.87
europe_lau,Martim,martim,ma,30.83,54.67,80.67
europe_lau,Maçainhas,macainhas,ma,80.29,79.69,54.53
europe_lau,Marmeleiro,marmeleiro,ma,66.26,72.2,43.16
europe_lau,Manteigas (Santa Maria),manteigas_santa_maria,ma,39.96,48.59,55.34
europe_lau,Manteigas (São Pedro),manteigas_sao_pedro,ma,47.44,77.6,60.36
europe_lau,Marialva,marialva,ma,52.17,71.22,90.09
europe_lau,Manigoto,manigoto,ma,58.49,75.05,44.78
europe_lau,Maków Podhalański,makow_podhalanski,ma,50.96,58.4,35.73
europe_lau,Manětín,manetin,ma,37.43,40.97,68.57
europe_lau,Mateus,mateus,ma,52.18,69.85,37.24
europe_lau,Madaraş,madaras,ma,40.42,61.02,14.48
europe_lau,Mărgineni,margineni,ma,57.43,64.34,75.92
europe_lau,Marco,marco,ma,46.61,61.06,86.71
europe_lau,Maracalagonis,maracalagonis,ma,19.55,34.7,20.75
europe_lau,Maniago,maniago,ma,40.01,65.63,74.42
europe_lau,Macedo do Mato,macedo_do_mato,ma,58.7,65.52,48.73
europe_lau,Marzagão,marzagao,ma,34.73,61.29,88.32
europe_lau,Maršovice,marsovice,ma,42.79,64.16,76.98
europe_lau,Margem,margem,ma,60.33,64.42,64.41
europe_lau,Maiorca,maiorca,ma,51.4,72.32,78.84
europe_lau,Marinha das Ondas,marinha_das_ondas,ma,38.58,73.29,-10.22
europe_lau,Manasia,manasia,ma,33.47,75.48,56.32
europe_lau,Maków,makow,ma,50.3,63.22,12.24
europe_lau,Masłów,maslow,ma,41.84,55.38,-9.84
europe_lau,Mancelos,mancelos,ma,46.89,62.63,64.19
europe_lau,Marpod,marpod,ma,49.86,59.53,39.66
europe_lau,Măluşteni,malusteni,ma,35.58,51.36,4.28
europe_lau,Matzendorf-Hölles,matzendorf_holles,ma,45.63,64.79,-11.62
europe_lau,Malcata,malcata,ma,44.71,63.87,26.77
europe_lau,Małogoszcz,malogoszcz,ma,59.85,65.52,56.75
europe_lau,Masojedy,masojedy,ma,44.44,69.95,47.65
europe_lau,Marmeleira,marmeleira,ma,45.13,58.16,23.03
europe_lau,Macchia d'Isernia,macchia_d_isernia,ma,30.28,51.58,93.19
europe_lau,Macchiagodena,macchiagodena,ma,45.7,70.27,82.31
europe_lau,Macedo de Cavaleiros,macedo_de_cavaleiros,ma,47.45,63.99,80.76
europe_lau,Malhadas,malhadas,ma,54.63,75.84,48.46
europe_lau,Mascarenhas,mascarenhas,ma,80.4,74.6,55.71
europe_lau,Mânăstirea,manastirea,ma,24.42,46.85,40.07
europe_lau,Mârşa,marsa,ma,33.04,59.48,35.11
europe_lau,Mantova,mantova,ma,32.64,58.66,6.6
europe_lau,Maasgouw,maasgouw,ma,37.1,53.42,76.89
europe_lau,Malhada Sorda,malhada_sorda,ma,48.83,70.21,63.83
europe_lau,Marsaxlokk,marsaxlokk,ma,32.36,43.47,33.28
europe_lau,Maasdriel,maasdriel,ma,28.84,47.51,13.96
europe_lau,Μαθιάτης,mathiates,ma,45.11,79.08,80.1
europe_lau,Μάμμαρη,mammare,ma,64.4,68.9,38.43
europe_lau,Marzling,marzling,ma,38.64,48.89,91.17
europe_lau,Manlleu,manlleu,ma,64.17,76.57,54.55
europe_lau,Maguilla,maguilla,ma,64.22,68.65,41.77
europe_lau,"Markt Taschendorf, M",markt_taschendorf_m,ma,51.42,57.59,76.55
europe_lau,Malafretaz,malafretaz,ma,43,57.54,88.9
europe_lau,Marlieux,marlieux,ma,44.51,71.73,46.61
europe_lau,Marsens,marsens,ma,18.43,58.19,-215.67
europe_lau,Massat,massat,ma,37.68,60.25,-42.24
europe_lau,Matzingen,matzingen,ma,40.97,57.65,97.45
europe_lau,Mathod,mathod,ma,50.34,58.39,52.41
europe_lau,Massa d'Albe,massa_d_albe,ma,61.58,66.05,62.12
europe_lau,Marmora,marmora,ma,36.67,59.02,97.55
europe_lau,Malé Výkleky,male_vykleky,ma,48.57,74.4,11.61
