{
"type": "FeatureCollection",
"name": "geras",
"crs": { "type": "name", "properties": { "name": "urn:ogc:def:crs:OGC:1.3:CRS84" } },
"features": [
{ "type": "Feature", "properties": { "name": "Geras", "metric_roundness": 49.94, "metric_rectangularity": 57.66, "metric_mobile_fit": 46.9, "metric_aspect_ratio": 1.094, "metric_area_km2": 155.64 }, "geometry": { "type": "Polygon", "coordinates": [ [ [ 15.693205603810116, 48.741981586339868 ], [ 15.693120097220991, 48.74195037393082 ], [ 15.693064480935984, 48.741930167553129 ], [ 15.693042131584223, 48.741881940380189 ], [ 15.693061288947634, 48.741588238086528 ], [ 15.692998345786592, 48.741565479674996 ], [ 15.692954493193414, 48.741549625572638 ], [ 15.692952288175251, 48.741501623418024 ], [ 15.692948464150255, 48.741415414567037 ], [ 15.692916959485304, 48.74140183162249 ], [ 15.692885874963222, 48.741388510151559 ], [ 15.692822738061185, 48.741361526734217 ], [ 15.692750723515784, 48.741351546916555 ], [ 15.692593280095233, 48.741329787241696 ], [ 15.692582311452169, 48.741321999868902 ], [ 15.692445226400185, 48.741225152023993 ], [ 15.692439135105777, 48.741225814244558 ], [ 15.692310941933631, 48.741239636372114 ], [ 15.692180389392053, 48.741219855238498 ], [ 15.6921216145246, 48.741151575447141 ], [ 15.692006017356299, 48.741137522014654 ], [ 15.691770173302167, 48.741108878374959 ], [ 15.691391920565, 48.741062939730242 ], [ 15.691259744546885, 48.741072971785236 ], [ 15.691117935651256, 48.741039109547494 ], [ 15.691089879502698, 48.741032474902646 ], [ 15.691089400648622, 48.741019078300639 ], [ 15.691089029069353, 48.741008018884514 ], [ 15.69108648553804, 48.740928892297077 ], [ 15.690927901780254, 48.740888168679191 ], [ 15.690916752658504, 48.740885333382899 ], [ 15.690738497639877, 48.740771675146391 ], [ 15.690725367745415, 48.740716784298677 ], [ 15.690659312445385, 48.740685449579992 ], [ 15.690601745807832, 48.740658263202704 ], [ 15.690516600928548, 48.740563699566081 ], [ 15.690427296342333, 48.740464450712139 ], [ 15.690446620592455, 48.74040827855567 ], [ 15.690464503617077, 48.740356274156042 ], [ 15.69042485946296, 48.740304614734178 ], [ 15.690444536522547, 48.740229450844289 ], [ 15.690452293694067, 48.740199873430541 ], [ 15.69046676631296, 48.74014469839419 ], [ 15.690481461222353, 48.740088439196015 ], [ 15.690459030552741, 48.740068015341528 ], [ 15.690401252924008, 48.740015460261446 ], [ 15.690424876859334, 48.739842504676005 ], [ 15.69042723969778, 48.739825811937294 ], [ 15.690447191668074, 48.73967956253113 ], [ 15.690452275335339, 48.739642121003442 ], [ 15.6904548109791, 48.739623265401448 ], [ 15.690462055754422, 48.739570664748427 ], [ 15.690263977676166, 48.739294639578127 ], [ 15.690172388574659, 48.739172222905481 ], [ 15.690109554439822, 48.739113201021631 ], [ 15.690085530389483, 48.739090649684641 ], [ 15.690015163477424, 48.739024580964973 ], [ 15.689990116792165, 48.738979736415004 ], [ 15.689983295991375, 48.738967456802165 ], [ 15.689978975303788, 48.738959265847335 ], [ 15.689974951173888, 48.738951608788561 ], [ 15.68952245341686, 48.739069018873693 ], [ 15.689395300520921, 48.739206262263252 ], [ 15.689445405785053, 48.739302159594821 ], [ 15.689393244774205, 48.739360160136648 ], [ 15.68939050644261, 48.739368672695292 ], [ 15.689387875158054, 48.739376553283542 ], [ 15.689405479998536, 48.739431174548614 ], [ 15.689408021462018, 48.739439131296983 ], [ 15.689397348770637, 48.739485232499462 ], [ 15.689390619331181, 48.739486807116251 ], [ 15.689372049539315, 48.739491228565846 ], [ 15.689155361451322, 48.739470743067756 ], [ 15.689075982504425, 48.739463248142449 ], [ 15.689003228077134, 48.73950528625398 ], [ 15.68892768953153, 48.739548909736186 ], [ 15.688898102390217, 48.739541495525444 ], [ 15.688796450233689, 48.739516992141432 ], [ 15.688768391093998, 48.739510267044665 ], [ 15.688741983468464, 48.739503958686711 ], [ 15.68851726358236, 48.739450702423085 ], [ 15.687922868282016, 48.739300848435342 ], [ 15.687914474906393, 48.73929876737477 ], [ 15.687841133403904, 48.739259749431888 ], [ 15.687584859102859, 48.739123447766069 ], [ 15.687225757976174, 48.738960684952652 ], [ 15.687137855054903, 48.738957138542474 ], [ 15.686877288694198, 48.738946795832909 ], [ 15.686627051368587, 48.73893327638195 ], [ 15.686446221305497, 48.738923404101428 ], [ 15.685285973869634, 48.738895903640781 ], [ 15.685193198258878, 48.738919625679742 ], [ 15.685027373674826, 48.738857175491546 ], [ 15.684923953032252, 48.738853398365016 ], [ 15.684855550943938, 48.73885089930743 ], [ 15.68471093388934, 48.738755453209137 ], [ 15.684671938114635, 48.738729691612406 ], [ 15.684666044894007, 48.738725760769107 ], [ 15.68435160370049, 48.738715231652307 ], [ 15.684279670796602, 48.738662327270724 ], [ 15.684108185482629, 48.738675297790941 ], [ 15.684038370644551, 48.738680564350787 ], [ 15.683989107429133, 48.738668234327719 ], [ 15.683694904144783, 48.73859458611885 ], [ 15.683678838441461, 48.738594277872338 ], [ 15.683541199083333, 48.738588845126841 ], [ 15.683221771765174, 48.738576343391216 ], [ 15.682865279494742, 48.738562423050901 ], [ 15.682399860703953, 48.738504613882121 ], [ 15.682278969563992, 48.738469782871377 ], [ 15.682243408526231, 48.738459607333688 ], [ 15.681115518808834, 48.738068281982294 ], [ 15.680934253996607, 48.737828525383094 ], [ 15.680797292276313, 48.737614605208535 ], [ 15.680751139058858, 48.737542288719624 ], [ 15.680721088176702, 48.737575280272033 ], [ 15.680688310612299, 48.737611115531507 ], [ 15.680548410223389, 48.737764529359339 ], [ 15.680179074353168, 48.738169058635833 ], [ 15.680118188503448, 48.738235776852306 ], [ 15.680078547948831, 48.73827921694668 ], [ 15.679934100741351, 48.738437399450071 ], [ 15.679688783011933, 48.738349808080777 ], [ 15.679499884405589, 48.738282322876152 ], [ 15.679495905622357, 48.738314343264449 ], [ 15.679494627399004, 48.738325075750105 ], [ 15.679494021343581, 48.738329676550563 ], [ 15.679488356184176, 48.738375406731031 ], [ 15.679458434170121, 48.738619745033333 ], [ 15.67945703644661, 48.738630839801374 ], [ 15.679413129319482, 48.738866819941165 ], [ 15.679399045791518, 48.738942679739843 ], [ 15.679325626355919, 48.739089455091253 ], [ 15.679249351553645, 48.739242225724098 ], [ 15.678936154394432, 48.739777351090872 ], [ 15.678906189041673, 48.739827165563348 ], [ 15.678796065654417, 48.740010303406606 ], [ 15.678590115631442, 48.740353079801416 ], [ 15.678117479077716, 48.740894355728415 ], [ 15.677607957426904, 48.741214849463361 ], [ 15.67746963581299, 48.741301916499054 ], [ 15.677465800976053, 48.74130433237768 ], [ 15.677460252590301, 48.741307952125737 ], [ 15.677207637078693, 48.741475037947055 ], [ 15.677081028030809, 48.741580315391943 ], [ 15.676965820599021, 48.741676097803833 ], [ 15.676911875322309, 48.741653601208263 ], [ 15.676534156597853, 48.7414968461879 ], [ 15.676226326475474, 48.741369106854911 ], [ 15.676148970880584, 48.741331421500355 ], [ 15.67607203133932, 48.741293907744087 ], [ 15.675776249775382, 48.741149911507982 ], [ 15.675733952470125, 48.741129251437677 ], [ 15.675642826584793, 48.741084912438062 ], [ 15.675567835650321, 48.741048349207595 ], [ 15.67506976312392, 48.741241379913319 ], [ 15.675009147732018, 48.741269490910675 ], [ 15.674969980008585, 48.741287636944435 ], [ 15.67494613500074, 48.741298729367948 ], [ 15.674932014992079, 48.741305309111588 ], [ 15.674645267633744, 48.741425113712808 ], [ 15.67462993746736, 48.74141111349784 ], [ 15.674491278583581, 48.741284945231939 ], [ 15.674075857860151, 48.740906608347402 ], [ 15.674057686866487, 48.740889965466778 ], [ 15.673897555900865, 48.740767193670322 ], [ 15.673873170662684, 48.740748515247503 ], [ 15.673824197289157, 48.740715661132064 ], [ 15.673702536218112, 48.740634050207674 ], [ 15.673612600843168, 48.740582937895013 ], [ 15.673361787514938, 48.740440378856768 ], [ 15.673353690347142, 48.740456735535702 ], [ 15.673351580500245, 48.740461186306256 ], [ 15.673135178968622, 48.740363287957905 ], [ 15.673073231860958, 48.740335280722874 ], [ 15.67301125705411, 48.740318610733247 ], [ 15.672971907437031, 48.740308867792443 ], [ 15.672803365223819, 48.740267148773128 ], [ 15.672394421532479, 48.740200886885837 ], [ 15.672370300651361, 48.740196958630591 ], [ 15.672209592017945, 48.74017190787113 ], [ 15.672161366685947, 48.74016441084953 ], [ 15.672091079654002, 48.74015339435379 ], [ 15.672045045299168, 48.740146213543696 ], [ 15.671569769542737, 48.740072092555167 ], [ 15.670691971291012, 48.739935173053375 ], [ 15.670362749907749, 48.739868936819825 ], [ 15.670358301955531, 48.739881801643165 ], [ 15.670355177250398, 48.739890861225348 ], [ 15.670264579984085, 48.739875929116565 ], [ 15.67015301268629, 48.739857545373951 ], [ 15.670123546663005, 48.739852733320461 ], [ 15.670081654399814, 48.739837911512048 ], [ 15.669851141413623, 48.739896122909123 ], [ 15.669748801280729, 48.739922092272735 ], [ 15.669562264203833, 48.739969171066399 ], [ 15.669549842120864, 48.739959251155867 ], [ 15.669542080876548, 48.739953107393916 ], [ 15.669513716328909, 48.739930638388046 ], [ 15.669419458005498, 48.739951858003167 ], [ 15.669396565810661, 48.739956992064108 ], [ 15.669349434566419, 48.739967556887706 ], [ 15.667929985315121, 48.740286131734877 ], [ 15.666520350237803, 48.740602514603644 ], [ 15.665700927697529, 48.740786414057474 ], [ 15.665603761651145, 48.740650774104964 ], [ 15.66552518457234, 48.74054103721474 ], [ 15.665483508730988, 48.740483022094949 ], [ 15.665344063445595, 48.740288029170486 ], [ 15.6649488655073, 48.739736150188378 ], [ 15.664925553147357, 48.739702063156223 ], [ 15.664912961213012, 48.739706361999382 ], [ 15.664501915319562, 48.739848223915352 ], [ 15.664302353883274, 48.739917146525613 ], [ 15.663635574472314, 48.740290185366561 ], [ 15.663259947184503, 48.740442316640092 ], [ 15.66321212242017, 48.740461620170372 ], [ 15.663157525106717, 48.740484567024396 ], [ 15.662748089238168, 48.74065617185304 ], [ 15.662295784302495, 48.740863445205321 ], [ 15.661869193641458, 48.741058870153658 ], [ 15.661837983304695, 48.741075594302053 ], [ 15.661716869927941, 48.741140707391025 ], [ 15.66158712554453, 48.741210490151531 ], [ 15.661504654044412, 48.741254772745933 ], [ 15.661426496464944, 48.741295190863553 ], [ 15.661347868435749, 48.741337237776392 ], [ 15.661307887021863, 48.741358544363244 ], [ 15.661198307654473, 48.741417040103471 ], [ 15.661168287525419, 48.741433020679587 ], [ 15.661119279654834, 48.74145927472896 ], [ 15.660986756162329, 48.741515795789134 ], [ 15.660979015660246, 48.741519098292116 ], [ 15.660810862348523, 48.741590901090142 ], [ 15.660658453341748, 48.741655913510073 ], [ 15.66057811065857, 48.741690166163053 ], [ 15.660495633944441, 48.741725360784336 ], [ 15.660242596460346, 48.741833304731159 ], [ 15.659805966262367, 48.742026671365963 ], [ 15.659398141300008, 48.742207319311284 ], [ 15.659244771592569, 48.742275227982688 ], [ 15.659128877882262, 48.74232655889508 ], [ 15.658938562422041, 48.742410764272002 ], [ 15.658518726617357, 48.742596685374906 ], [ 15.658135965199637, 48.742766215580659 ], [ 15.657993038484411, 48.742824468589049 ], [ 15.657900470047212, 48.742862200374049 ], [ 15.6577542017758, 48.742921778850551 ], [ 15.657507750995549, 48.743022208417074 ], [ 15.657268780596615, 48.74311961026396 ], [ 15.657130391846442, 48.743175972902911 ], [ 15.657055454477742, 48.743206517130758 ], [ 15.657024997514229, 48.743218906297606 ], [ 15.656975173759072, 48.743239236422539 ], [ 15.656861766295027, 48.743285477283536 ], [ 15.656604625442506, 48.743390255148391 ], [ 15.656323840286102, 48.743504677411295 ], [ 15.656251040100749, 48.743534369066204 ], [ 15.656394855898281, 48.743685198568407 ], [ 15.656357201588339, 48.743706907198202 ], [ 15.656276050562665, 48.743753499076313 ], [ 15.655959537036912, 48.743935297284416 ], [ 15.655906365662615, 48.743965860110059 ], [ 15.655751226846979, 48.744055032628687 ], [ 15.655650318163833, 48.744112991502881 ], [ 15.655604303334989, 48.744139363864853 ], [ 15.655565185726042, 48.7441618209442 ], [ 15.655456456330938, 48.74422434297685 ], [ 15.655406905071731, 48.744247726094521 ], [ 15.65540344017136, 48.744249324150523 ], [ 15.655234384101686, 48.744328604152635 ], [ 15.655030286766532, 48.744424231994174 ], [ 15.654957326714548, 48.744363143015427 ], [ 15.654945832316697, 48.744301468700598 ], [ 15.654942019077888, 48.744280310413508 ], [ 15.654917518289523, 48.74427701589515 ], [ 15.654900410141481, 48.744274744880265 ], [ 15.654843665345204, 48.744340647327689 ], [ 15.654695278337986, 48.744522087344784 ], [ 15.654687431696896, 48.744529080408483 ], [ 15.653888214966608, 48.745231730424727 ], [ 15.653818343730773, 48.745293213068173 ], [ 15.653786025032566, 48.745321653337797 ], [ 15.653770454999007, 48.745335366972739 ], [ 15.653758544675043, 48.745345769263551 ], [ 15.653806711990445, 48.745370010001899 ], [ 15.653896088024959, 48.745415029997453 ], [ 15.654173815295467, 48.745554758436533 ], [ 15.654196570610292, 48.745615760365872 ], [ 15.654204782021958, 48.745637911416758 ], [ 15.65421437112618, 48.745663454217912 ], [ 15.654220103094586, 48.745678906285242 ], [ 15.654232800679649, 48.745713025070138 ], [ 15.654634887029323, 48.746388783638672 ], [ 15.655300844836205, 48.747508199602329 ], [ 15.655302321999391, 48.74751077961556 ], [ 15.655246301933509, 48.747538609157942 ], [ 15.655208106482402, 48.747557448869209 ], [ 15.655270031064273, 48.747627123348948 ], [ 15.655310304442173, 48.747672303333118 ], [ 15.655327506226556, 48.747691667330663 ], [ 15.65517540884586, 48.747785187207882 ], [ 15.655014043530391, 48.747884378437163 ], [ 15.654941770889668, 48.747928904187688 ], [ 15.654764519380635, 48.74803785624313 ], [ 15.654355509590379, 48.748268983040703 ], [ 15.653873399619727, 48.748535472466784 ], [ 15.653694197690326, 48.748634474327154 ], [ 15.653681717697705, 48.748677458028119 ], [ 15.653662253131939, 48.748743522810557 ], [ 15.653775798191504, 48.74923604053717 ], [ 15.653790684714563, 48.749300526904953 ], [ 15.653914736465699, 48.749709341983213 ], [ 15.653922357825701, 48.749727455892838 ], [ 15.653957709146274, 48.749811241938232 ], [ 15.6540831360605, 48.750108913119782 ], [ 15.6540963569916, 48.750118458922813 ], [ 15.654121398867151, 48.750136678459313 ], [ 15.654142072319306, 48.750151565341703 ], [ 15.654152765143593, 48.750159361636541 ], [ 15.654159093589893, 48.75016391517498 ], [ 15.654169926419645, 48.750171798674643 ], [ 15.654501612617564, 48.750412039610204 ], [ 15.65455222214932, 48.750517297357895 ], [ 15.654559354231413, 48.750560703267588 ], [ 15.654579177688797, 48.750683214407758 ], [ 15.654530297982605, 48.750866105522086 ], [ 15.654525225514931, 48.751654007787167 ], [ 15.654764112206927, 48.751993252538483 ], [ 15.654773800648901, 48.752026980793325 ], [ 15.654841341935061, 48.752259934987613 ], [ 15.654846184173229, 48.75227675416329 ], [ 15.654892293093374, 48.752435904380178 ], [ 15.65487869671766, 48.752704022045805 ], [ 15.654869745307016, 48.752882255055624 ], [ 15.654864597829114, 48.752918885732299 ], [ 15.654848254630602, 48.753035039667388 ], [ 15.654833819837156, 48.75304561784916 ], [ 15.654813655468731, 48.753060385036456 ], [ 15.654249440216523, 48.752942991084154 ], [ 15.654198109256697, 48.752932308905315 ], [ 15.654156855172223, 48.75294408272817 ], [ 15.653984181541853, 48.752993362542547 ], [ 15.653604913162793, 48.753334995899685 ], [ 15.653319241440041, 48.753401928124696 ], [ 15.653390958831025, 48.753539483353791 ], [ 15.653283130053909, 48.753618521790507 ], [ 15.653089314196734, 48.753610095460019 ], [ 15.652960331347979, 48.753550975494363 ], [ 15.652930499938009, 48.753537303951731 ], [ 15.652588924684537, 48.753620102847179 ], [ 15.652507629198114, 48.753639810519125 ], [ 15.652172163319213, 48.753721128957721 ], [ 15.652135118955176, 48.753690549802108 ], [ 15.652043448816263, 48.753614893045523 ], [ 15.652167789863043, 48.753521206161281 ], [ 15.652140725457782, 48.753420242336894 ], [ 15.65195083082604, 48.753293404736183 ], [ 15.651947263957883, 48.753294869721984 ], [ 15.651688301359144, 48.753401605428976 ], [ 15.651187726029178, 48.75356783896445 ], [ 15.650861804271392, 48.753591121926497 ], [ 15.650788780537605, 48.753596341556573 ], [ 15.650678607172811, 48.753604210490266 ], [ 15.65057593234609, 48.75362296202416 ], [ 15.650455847558749, 48.753644882055411 ], [ 15.650366074625223, 48.753534916063458 ], [ 15.650349210882377, 48.753527268157498 ], [ 15.650095534630028, 48.75341225758239 ], [ 15.649987309806296, 48.753285650443594 ], [ 15.649933938867834, 48.75328945624323 ], [ 15.648800857694015, 48.753370217518658 ], [ 15.648498456589223, 48.753450414726302 ], [ 15.648381556754368, 48.753481420056218 ], [ 15.648040277288201, 48.75349665742273 ], [ 15.647894793390957, 48.753563683705231 ], [ 15.647907273368949, 48.753596043807086 ], [ 15.647804128275796, 48.753627326334282 ], [ 15.647597139290587, 48.753690093818506 ], [ 15.647528049171527, 48.753711051067306 ], [ 15.647482238913982, 48.753705403626206 ], [ 15.647381697109303, 48.753693006840457 ], [ 15.647349947999905, 48.753714955794599 ], [ 15.647296716202806, 48.753751759535227 ], [ 15.64716769386993, 48.753798828591634 ], [ 15.647106352307231, 48.753799092237941 ], [ 15.647067572522506, 48.753784893721601 ], [ 15.646990206989503, 48.753756573804608 ], [ 15.646642242105569, 48.753629179502632 ], [ 15.646579583373249, 48.753606237938271 ], [ 15.646358307192266, 48.753525229742543 ], [ 15.646059115162604, 48.75339880770391 ], [ 15.645847614801779, 48.753309436590676 ], [ 15.645759496352884, 48.7532299353417 ], [ 15.645648769700459, 48.753130014500819 ], [ 15.644795463769009, 48.753165929065652 ], [ 15.64499222277723, 48.753396407938389 ], [ 15.644797224847537, 48.753454768735693 ], [ 15.644039858097685, 48.75363954731953 ], [ 15.643826147292252, 48.753704527662244 ], [ 15.643520581552092, 48.753779006878446 ], [ 15.643232411824929, 48.753844874724216 ], [ 15.642931367342634, 48.753943376028893 ], [ 15.642829589016749, 48.753976687600897 ], [ 15.642784359793003, 48.754005738215518 ], [ 15.642577499657436, 48.754138105702609 ], [ 15.642572006577566, 48.754140013140933 ], [ 15.642402019618826, 48.75419670847748 ], [ 15.642446388152845, 48.754272582590396 ], [ 15.642451258474154, 48.754281034210138 ], [ 15.642547876349571, 48.754447652812907 ], [ 15.642570696850804, 48.754531508165861 ], [ 15.642584206888916, 48.754586845408689 ], [ 15.642614039452777, 48.754708621150243 ], [ 15.642634877504019, 48.75479377506899 ], [ 15.642673857125621, 48.754952529483973 ], [ 15.642758875550783, 48.755124414382294 ], [ 15.642790307808845, 48.755187946580854 ], [ 15.642954967331447, 48.755521025194795 ], [ 15.643054756608031, 48.75564007566237 ], [ 15.643243829661166, 48.755865426939636 ], [ 15.643326215537149, 48.755963585974769 ], [ 15.643023318152556, 48.756051416906331 ], [ 15.642882148305585, 48.756092430805829 ], [ 15.642682041171781, 48.756133073723312 ], [ 15.642470070759087, 48.756176198807502 ], [ 15.642270489512979, 48.75622249891687 ], [ 15.642066329893034, 48.756269878359092 ], [ 15.641559675337172, 48.756386902212903 ], [ 15.641100793779449, 48.756483011468887 ], [ 15.641095803819312, 48.756484009224273 ], [ 15.64102961515959, 48.756497905661973 ], [ 15.640900020204038, 48.756533111447716 ], [ 15.64086560330726, 48.756542424869991 ], [ 15.640808740289559, 48.756557937425413 ], [ 15.6405846383092, 48.756618841896874 ], [ 15.640508951289874, 48.756639402588462 ], [ 15.640176009446822, 48.756770462832876 ], [ 15.639964207702075, 48.756853797477739 ], [ 15.639673639768487, 48.756998239725803 ], [ 15.639606554644324, 48.75703158689425 ], [ 15.639485161524561, 48.757091912168157 ], [ 15.639351688089025, 48.757152924320792 ], [ 15.639164612865317, 48.757238471196231 ], [ 15.639086027192219, 48.757273303408375 ], [ 15.638757670145289, 48.75741875492875 ], [ 15.63846216915462, 48.757553483879896 ], [ 15.638192100596779, 48.757681864861802 ], [ 15.637910357943399, 48.757820011241513 ], [ 15.637661207467723, 48.757698938298255 ], [ 15.637575368475636, 48.757657075728694 ], [ 15.637320886099225, 48.757538445943659 ], [ 15.637286694155566, 48.757522471767423 ], [ 15.637065834558854, 48.757413168863714 ], [ 15.636927358301307, 48.757344536805107 ], [ 15.636922762807039, 48.757342197683357 ], [ 15.63683947192345, 48.757299474874642 ], [ 15.636806570794128, 48.757269799520088 ], [ 15.636786987164378, 48.75725488831889 ], [ 15.63642183597474, 48.757754284287621 ], [ 15.636351831303765, 48.757850037266252 ], [ 15.63639034572825, 48.757953289642614 ], [ 15.63636426985383, 48.758075802710593 ], [ 15.636347403156353, 48.758176092112208 ], [ 15.636338161734665, 48.758230976173664 ], [ 15.635861188927993, 48.758637371937027 ], [ 15.636158385993836, 48.758901281721705 ], [ 15.636269336592106, 48.759002394301696 ], [ 15.636316439513298, 48.759045287144204 ], [ 15.636323675974998, 48.759051893161143 ], [ 15.636489860199227, 48.759173875809282 ], [ 15.636551068457726, 48.759218741305006 ], [ 15.636812658862414, 48.759410740357481 ], [ 15.637009472421282, 48.759551105738232 ], [ 15.637079765255139, 48.759601281095158 ], [ 15.637098321489209, 48.759614502931328 ], [ 15.637146112391276, 48.759654502861608 ], [ 15.637347193575135, 48.759823215088197 ], [ 15.637497746755313, 48.759945502926314 ], [ 15.637618926685525, 48.760043984389284 ], [ 15.637782561961847, 48.760196965560887 ], [ 15.63784346389712, 48.760250113818032 ], [ 15.637871222633603, 48.760274311511189 ], [ 15.638099609655034, 48.760472177507751 ], [ 15.638196595925647, 48.760556107761758 ], [ 15.638200128242921, 48.760559007526638 ], [ 15.638283800102965, 48.760628263622245 ], [ 15.638399551308003, 48.760723971721916 ], [ 15.638602240357377, 48.761049561104905 ], [ 15.638636041844014, 48.761111338218626 ], [ 15.638663600020667, 48.761161361565044 ], [ 15.638681393317997, 48.761193942062228 ], [ 15.638768396042101, 48.761355533466869 ], [ 15.638818583281639, 48.761448838966892 ], [ 15.638836701184749, 48.761482582701774 ], [ 15.638909286051426, 48.761620074598312 ], [ 15.638964173229128, 48.761724084404079 ], [ 15.639308225881241, 48.762366927550275 ], [ 15.63924299160186, 48.762453771119617 ], [ 15.639176801262948, 48.762540543437602 ], [ 15.639174359089042, 48.762543740381908 ], [ 15.639147107424403, 48.762579364234355 ], [ 15.638873013534297, 48.762936892888277 ], [ 15.638653229411592, 48.763224976588056 ], [ 15.638383478698803, 48.76353995199419 ], [ 15.638371582448572, 48.763553861093463 ], [ 15.638246076299218, 48.763701807636934 ], [ 15.638036155493783, 48.7639490292472 ], [ 15.637974368915623, 48.764006653518067 ], [ 15.637728244476257, 48.76423569064189 ], [ 15.637517600031931, 48.764433530961874 ], [ 15.63743735942742, 48.764522736976858 ], [ 15.637386937100393, 48.764578878415847 ], [ 15.637279366482739, 48.764705058764626 ], [ 15.637233346362832, 48.76475922439279 ], [ 15.637162241191414, 48.764842762772687 ], [ 15.636895182763988, 48.765099829652812 ], [ 15.636866741254769, 48.765127198818014 ], [ 15.63665355639451, 48.765320138730914 ], [ 15.636402841497848, 48.765541165234104 ], [ 15.636243460077182, 48.765607719333204 ], [ 15.636110530610193, 48.765663228082708 ], [ 15.63569880701275, 48.765820559871628 ], [ 15.635677236613898, 48.765828180293077 ], [ 15.635673349609426, 48.765829516064812 ], [ 15.635614656730388, 48.765850010081799 ], [ 15.635580785683866, 48.765862550041746 ], [ 15.635572887776149, 48.76586549392065 ], [ 15.635475825322697, 48.765901405077173 ], [ 15.634996269561087, 48.766078867462532 ], [ 15.634986047814744, 48.766081586911511 ], [ 15.634387642367537, 48.766316077580726 ], [ 15.63427547510428, 48.766361190700444 ], [ 15.634151538596793, 48.766410942785591 ], [ 15.634117047336117, 48.766424844021714 ], [ 15.634077473321254, 48.766440734179447 ], [ 15.634066687383953, 48.766443014737142 ], [ 15.634016672974802, 48.766453711041677 ], [ 15.633983507305595, 48.766460748456666 ], [ 15.633977304480636, 48.766462039546681 ], [ 15.633939823615501, 48.766469971190311 ], [ 15.632634237245604, 48.766747358857224 ], [ 15.632165271633147, 48.766857753360867 ], [ 15.631945599381067, 48.766909376185673 ], [ 15.631921223780223, 48.766915161378762 ], [ 15.631668522226889, 48.766964730720083 ], [ 15.631130059025358, 48.767070272468935 ], [ 15.63065706370376, 48.767133324802494 ], [ 15.630574614668619, 48.767124860145309 ], [ 15.630385922695503, 48.767105426805273 ], [ 15.630352285563395, 48.767101945763343 ], [ 15.630236611486712, 48.767090081734281 ], [ 15.630126404981507, 48.767078740506641 ], [ 15.629897512847304, 48.767055143829928 ], [ 15.629880158418887, 48.767053593657579 ], [ 15.629695391122921, 48.767036691668068 ], [ 15.62967898055458, 48.767034943076048 ], [ 15.629667901511814, 48.767033720076121 ], [ 15.62943966156822, 48.767009479970184 ], [ 15.629294570446021, 48.766994141210958 ], [ 15.629176381494837, 48.766983854801921 ], [ 15.628927033006946, 48.766962365432484 ], [ 15.628580678012218, 48.766932513952028 ], [ 15.628194839261456, 48.76689929400434 ], [ 15.627928596853062, 48.766874353722059 ], [ 15.627770188190173, 48.766859453130941 ], [ 15.627495475037463, 48.766833777587031 ], [ 15.627205903227708, 48.766804522749943 ], [ 15.62716392732893, 48.766800213926686 ], [ 15.626757327549392, 48.766759207255426 ], [ 15.626231215969153, 48.766702627365973 ], [ 15.625704744723834, 48.766717219263228 ], [ 15.625478955465663, 48.766717305863423 ], [ 15.625359325639776, 48.766717390422215 ], [ 15.625254394071126, 48.766717458048475 ], [ 15.624964504410396, 48.766717624451765 ], [ 15.624279032268159, 48.766676560080562 ], [ 15.623665647571094, 48.766695446700091 ], [ 15.623614405836937, 48.766696985415116 ], [ 15.623504897058622, 48.766716484465888 ], [ 15.623492610764764, 48.766718703317345 ], [ 15.623076759870445, 48.766793656935199 ], [ 15.623022287117209, 48.766802096151132 ], [ 15.622592208639992, 48.766878494917776 ], [ 15.622325710028457, 48.766643194946745 ], [ 15.621893457599187, 48.766689133380687 ], [ 15.621653675350656, 48.766705050169094 ], [ 15.621315972003551, 48.76671342646366 ], [ 15.621096682342847, 48.766718866298248 ], [ 15.621008044980428, 48.766721132036693 ], [ 15.620431044179865, 48.766701325590041 ], [ 15.620219185838655, 48.766711657494405 ], [ 15.620167308109181, 48.766714196763203 ], [ 15.62005934114126, 48.766719447172015 ], [ 15.620035960078264, 48.766723141190063 ], [ 15.619805248870399, 48.766759390997017 ], [ 15.619654618963152, 48.766769340032582 ], [ 15.619500185449091, 48.766779452856916 ], [ 15.619157402270384, 48.766802137168575 ], [ 15.618972500120929, 48.766812662130931 ], [ 15.618727349050129, 48.766830296838613 ], [ 15.618591413019942, 48.766840138621902 ], [ 15.617829133524586, 48.766868278628827 ], [ 15.617781655006704, 48.766868751943221 ], [ 15.617690097575943, 48.76686963241621 ], [ 15.617306453829077, 48.766873312176976 ], [ 15.61695056721647, 48.766849280017446 ], [ 15.616602248655518, 48.766796489017509 ], [ 15.616465457290069, 48.766768737192237 ], [ 15.616379623800885, 48.766751421299702 ], [ 15.616338420868651, 48.766743044925946 ], [ 15.616217015875117, 48.766718502693621 ], [ 15.61609369932312, 48.766690758532171 ], [ 15.616058095805968, 48.766682813092615 ], [ 15.615974902343666, 48.766663646201295 ], [ 15.615465558380969, 48.766588968374336 ], [ 15.615165343093913, 48.766580314119835 ], [ 15.615146809363974, 48.766579774365105 ], [ 15.615057140350578, 48.766577197234405 ], [ 15.614876022579347, 48.766571807417215 ], [ 15.614699906233367, 48.766531951404595 ], [ 15.614323617684136, 48.766446857540195 ], [ 15.61395221490986, 48.766401254746015 ], [ 15.613471504796118, 48.766327632022652 ], [ 15.613391059459524, 48.766321275798397 ], [ 15.613208727698602, 48.766306909927017 ], [ 15.61278617730186, 48.766304762131469 ], [ 15.612552209682079, 48.766316768758607 ], [ 15.612484313898126, 48.766320245171336 ], [ 15.612310739098335, 48.766365178612915 ], [ 15.612277234385168, 48.76637383589437 ], [ 15.612201206381609, 48.766350478699572 ], [ 15.61195477583126, 48.766363805512981 ], [ 15.611931558598743, 48.766365065527943 ], [ 15.611640626939074, 48.76639994796534 ], [ 15.611430386051289, 48.76642525774237 ], [ 15.611139317726836, 48.766460141574491 ], [ 15.610956670659416, 48.766472409612803 ], [ 15.610841195840518, 48.766480226296949 ], [ 15.610575389572045, 48.766501663257678 ], [ 15.610550980286485, 48.766503665867276 ], [ 15.610462154159228, 48.766510875690265 ], [ 15.610444352251649, 48.766511490628723 ], [ 15.610346375753792, 48.766514919006347 ], [ 15.60999502070556, 48.766528475720563 ], [ 15.60996696021091, 48.766527939814374 ], [ 15.609571289570322, 48.766521210896137 ], [ 15.609379310796827, 48.766510264931654 ], [ 15.609352430338097, 48.766508716343488 ], [ 15.609054567691075, 48.766486766274838 ], [ 15.608949150791398, 48.766476473151073 ], [ 15.608744521667818, 48.76644141616412 ], [ 15.607992557044938, 48.766327211271509 ], [ 15.606533542416551, 48.766211110011248 ], [ 15.605718218231726, 48.766133483957759 ], [ 15.605629601300231, 48.766166021747196 ], [ 15.6054728112278, 48.766172400941471 ], [ 15.605461731546821, 48.766251105379389 ], [ 15.605277774355571, 48.766432768147368 ], [ 15.60399890949153, 48.767695428392486 ], [ 15.603907387968128, 48.767785781821168 ], [ 15.603855589662485, 48.767836932242403 ], [ 15.603830900915632, 48.767879722352333 ], [ 15.603788452562112, 48.76791086261229 ], [ 15.603706323993405, 48.767971110246442 ], [ 15.603521607872629, 48.768166666921971 ], [ 15.603446073228413, 48.76824123616219 ], [ 15.603322077225126, 48.768363652097982 ], [ 15.603078406661858, 48.768604369372412 ], [ 15.602727474272807, 48.769633478901063 ], [ 15.602644644402442, 48.769679182038125 ], [ 15.600688718227067, 48.769732686740682 ], [ 15.599785115046782, 48.769674914210817 ], [ 15.599777616380244, 48.769683875917309 ], [ 15.599257053035455, 48.769669624177517 ], [ 15.599200020532409, 48.769669554419679 ], [ 15.598442503275169, 48.769667875684625 ], [ 15.598139498976641, 48.769738225063271 ], [ 15.598115382282792, 48.76974381820645 ], [ 15.598062568738969, 48.769756082428358 ], [ 15.597708365744939, 48.769838303861782 ], [ 15.597241661533342, 48.76994662388843 ], [ 15.597211628316748, 48.769953860327647 ], [ 15.59710347195514, 48.769979696224475 ], [ 15.597003299056482, 48.770035338193381 ], [ 15.596937312651121, 48.770069898305479 ], [ 15.596519346827005, 48.770215603596405 ], [ 15.596033146068068, 48.770341838338368 ], [ 15.595848051147422, 48.770397765054668 ], [ 15.595713539127683, 48.770403144151452 ], [ 15.595676615919654, 48.770414651462907 ], [ 15.595489315380743, 48.770473049252253 ], [ 15.595370624676498, 48.770510062640618 ], [ 15.595321480226586, 48.770525313936496 ], [ 15.595297850055056, 48.77053269651659 ], [ 15.59513041853668, 48.770584863178605 ], [ 15.59462463752533, 48.770742598389795 ], [ 15.594199806997375, 48.770890316622612 ], [ 15.593983460345672, 48.770956828273846 ], [ 15.593800029672311, 48.771019737281691 ], [ 15.593680485986987, 48.771062163498677 ], [ 15.593410894395914, 48.771165236359693 ], [ 15.593382918221415, 48.771175941044753 ], [ 15.593372744704405, 48.771179825483692 ], [ 15.59294564008839, 48.771350255114804 ], [ 15.592896691940874, 48.771370000070554 ], [ 15.592693463092617, 48.771465587120915 ], [ 15.59249236594197, 48.771560143148513 ], [ 15.592161090035283, 48.77169678805587 ], [ 15.591751032131398, 48.771852670233109 ], [ 15.591427800135385, 48.772005172964889 ], [ 15.591348454221412, 48.772042505663073 ], [ 15.591004682954605, 48.772251093041788 ], [ 15.59095033032262, 48.772284166515767 ], [ 15.590797654517045, 48.772409008586123 ], [ 15.590643512706437, 48.772543865219745 ], [ 15.590428878352833, 48.77277651091395 ], [ 15.590203715936156, 48.773020514577979 ], [ 15.590140054636555, 48.773089574294453 ], [ 15.589838855256023, 48.773173812143476 ], [ 15.589694799121386, 48.77321616499804 ], [ 15.589561092477975, 48.773255529896389 ], [ 15.589335733916718, 48.773321755787798 ], [ 15.589233213714028, 48.773392460712067 ], [ 15.589169146556067, 48.773483300257929 ], [ 15.588921202566057, 48.773463048400465 ], [ 15.588891831531317, 48.773460643194419 ], [ 15.58879455144484, 48.773458551807536 ], [ 15.588697547322061, 48.773456545013033 ], [ 15.588554133635659, 48.773519757010817 ], [ 15.588531715384763, 48.773579567100043 ], [ 15.588479100954785, 48.773596501459565 ], [ 15.588457892758509, 48.773603296307584 ], [ 15.588397069391435, 48.773628575388955 ], [ 15.588325311287051, 48.773665220488283 ], [ 15.588312238281651, 48.77368058622676 ], [ 15.588263696816535, 48.773737568689306 ], [ 15.58818411781275, 48.773726320104032 ], [ 15.58804180683757, 48.773706198599079 ], [ 15.587960064535554, 48.77379755650702 ], [ 15.587948380836018, 48.773810466370215 ], [ 15.587942156633671, 48.773817513438679 ], [ 15.58782907532183, 48.773870965633186 ], [ 15.587746506791753, 48.773903229328496 ], [ 15.587691338137711, 48.773902308414144 ], [ 15.587622005284434, 48.773901209356787 ], [ 15.587595576997268, 48.773900726696212 ], [ 15.587452672272391, 48.774053087181834 ], [ 15.587408076160767, 48.773976748916361 ], [ 15.587398957074813, 48.773961269168467 ], [ 15.587093202529635, 48.773759034663613 ], [ 15.586990632487909, 48.773692265278079 ], [ 15.586816029849766, 48.773578383731099 ], [ 15.586503920914261, 48.773315000446445 ], [ 15.586381870503265, 48.77313308338001 ], [ 15.586303213705044, 48.773015651975676 ], [ 15.586091400295558, 48.772723713633532 ], [ 15.586019651870496, 48.772627202433299 ], [ 15.585895403557865, 48.772460261914219 ], [ 15.585620610471592, 48.772240515904059 ], [ 15.585584966110295, 48.772216097656681 ], [ 15.58540561737917, 48.772093128166908 ], [ 15.585538198080394, 48.772018791448446 ], [ 15.585843211469706, 48.771847760916074 ], [ 15.585934077283939, 48.771796805709883 ], [ 15.586342713187575, 48.77151510412412 ], [ 15.586379179561041, 48.771490023175524 ], [ 15.586672665145228, 48.771282863690303 ], [ 15.587033080489752, 48.771031504228617 ], [ 15.58697093212054, 48.770995538824167 ], [ 15.586935181722438, 48.770974901727023 ], [ 15.586490109599318, 48.770717757165052 ], [ 15.58562252102702, 48.770236409462406 ], [ 15.585192450697358, 48.769970335490228 ], [ 15.584776275798536, 48.769685819890547 ], [ 15.58460565716943, 48.769569249702833 ], [ 15.584444142951925, 48.769452324905856 ], [ 15.584241023838494, 48.769305337389383 ], [ 15.584143468581381, 48.769234690804765 ], [ 15.58370413865689, 48.769005406518303 ], [ 15.583692159674122, 48.768999158143032 ], [ 15.58361745545197, 48.768971618719263 ], [ 15.583228444520067, 48.768828279529259 ], [ 15.58302536267713, 48.768753444803792 ], [ 15.582763716621193, 48.768680810587369 ], [ 15.582507033918809, 48.76860961026933 ], [ 15.582208879325634, 48.768526877368679 ], [ 15.582022046890994, 48.768474942057054 ], [ 15.581877654948837, 48.768434879957724 ], [ 15.581664098607128, 48.76837562816646 ], [ 15.581624675394929, 48.768168463077707 ], [ 15.581588468277269, 48.767972572573719 ], [ 15.581569226994722, 48.767868846049097 ], [ 15.581444936789531, 48.767877522139955 ], [ 15.581137892008615, 48.767908678136493 ], [ 15.581126376242597, 48.767909888111838 ], [ 15.58107064615171, 48.767914643031105 ], [ 15.581049762887758, 48.767916392083507 ], [ 15.580958234016174, 48.767924171000438 ], [ 15.580682438753676, 48.76792611770562 ], [ 15.580619827001883, 48.767922906786417 ], [ 15.580467051124124, 48.76791512244835 ], [ 15.580448182349565, 48.767913144117344 ], [ 15.580396643035362, 48.767907921925016 ], [ 15.580305862455734, 48.767898591824896 ], [ 15.580085790086404, 48.767867622277478 ], [ 15.579694909459178, 48.76780554981206 ], [ 15.579471818577284, 48.767774007053241 ], [ 15.579433338343756, 48.767768624758745 ], [ 15.579069529736925, 48.767752906773431 ], [ 15.578653612701993, 48.767750059442982 ], [ 15.578518694654264, 48.767749128871309 ], [ 15.578025568332743, 48.767773395966387 ], [ 15.577494206474542, 48.767816565112632 ], [ 15.577312891386692, 48.767837752111596 ], [ 15.577181407944479, 48.767853128826616 ], [ 15.576885259130593, 48.767900080123631 ], [ 15.576740974813397, 48.767927756663973 ], [ 15.576701428501009, 48.767935349418352 ], [ 15.576691979958147, 48.767937149271887 ], [ 15.576573701777969, 48.767958840924265 ], [ 15.576508078366667, 48.7679708001655 ], [ 15.57634377917103, 48.767988961703928 ], [ 15.576326772644451, 48.767989106426391 ], [ 15.576270173572349, 48.767989557121339 ], [ 15.576202963400151, 48.767990120378215 ], [ 15.576181810431917, 48.767988814753743 ], [ 15.576079733027298, 48.767982576065521 ], [ 15.575950275309989, 48.767960215581731 ], [ 15.575896489510432, 48.767944058047945 ], [ 15.575884905424784, 48.767940590407427 ], [ 15.575828772511901, 48.767923667917842 ], [ 15.575790909302787, 48.767907476343566 ], [ 15.575725998195397, 48.767879655120076 ], [ 15.575582848607311, 48.767805553294529 ], [ 15.575563074921064, 48.767795314277258 ], [ 15.575296429261696, 48.76766391918671 ], [ 15.575273476920405, 48.767652571175141 ], [ 15.575096131107269, 48.767565176041074 ], [ 15.574965242079704, 48.767500646205313 ], [ 15.574646531679473, 48.767361246077051 ], [ 15.57446235877539, 48.767295123030593 ], [ 15.574394194654104, 48.767270692004558 ], [ 15.574288539864128, 48.767244816751493 ], [ 15.57417545554271, 48.767217103779238 ], [ 15.574132258548032, 48.767209650462746 ], [ 15.573890480612611, 48.767167657298714 ], [ 15.573619025152745, 48.767131717651893 ], [ 15.573306499389506, 48.767090262546191 ], [ 15.573288155533014, 48.767087823222155 ], [ 15.57325102976575, 48.767085382086847 ], [ 15.573093112248291, 48.767075077144135 ], [ 15.572918176647171, 48.767074003339978 ], [ 15.572885232471688, 48.767073821582052 ], [ 15.572823398788236, 48.767079048815738 ], [ 15.572648057494369, 48.767093636990033 ], [ 15.572610630887731, 48.76709677947953 ], [ 15.572574696215213, 48.767099803553471 ], [ 15.57248796089236, 48.767114502123029 ], [ 15.572308009747376, 48.767145102192899 ], [ 15.571701692092169, 48.767310772108381 ], [ 15.571679820009543, 48.767317936485256 ], [ 15.571442291724441, 48.767395246467672 ], [ 15.571431021555648, 48.76739896995015 ], [ 15.57134858071908, 48.767387314854773 ], [ 15.571332560401437, 48.76738510087408 ], [ 15.571375543223413, 48.767465704236855 ], [ 15.57146180476175, 48.767627445090561 ], [ 15.571510569651254, 48.767718914496747 ], [ 15.571367485221042, 48.767845977464731 ], [ 15.571179724237536, 48.768012847815882 ], [ 15.571279511062619, 48.768597276023741 ], [ 15.571331038747823, 48.76889886068286 ], [ 15.571104292954518, 48.769105070028964 ], [ 15.57102560966544, 48.769176564504377 ], [ 15.570990527068597, 48.769208541876573 ], [ 15.570940800798894, 48.769232430987621 ], [ 15.570794554795974, 48.769302692802817 ], [ 15.570779089087445, 48.769310094866889 ], [ 15.570766288391022, 48.769316186613551 ], [ 15.570420572791502, 48.769362895576542 ], [ 15.570284856932521, 48.769381224042888 ], [ 15.569673343486977, 48.76946897844055 ], [ 15.569608357649084, 48.769492527620557 ], [ 15.569073992818785, 48.769686053529902 ], [ 15.568732718537177, 48.769819223085804 ], [ 15.56846102777209, 48.769871895286713 ], [ 15.568281340496799, 48.76989006818026 ], [ 15.567899064587456, 48.769928738019196 ], [ 15.56763430292628, 48.770003048982375 ], [ 15.56747966986828, 48.770155967493437 ], [ 15.567424603381683, 48.770210456055281 ], [ 15.567413377171365, 48.770221465775016 ], [ 15.567232310291567, 48.770433186355248 ], [ 15.567213241043097, 48.770451632643869 ], [ 15.567067344697112, 48.770592688470281 ], [ 15.566921587457907, 48.77073383141375 ], [ 15.566912268008545, 48.770741745890817 ], [ 15.566878020344953, 48.770771096970101 ], [ 15.566743157453603, 48.770884232195499 ], [ 15.566588064196051, 48.77095159773728 ], [ 15.566542925967415, 48.770971529031762 ], [ 15.566502597598639, 48.770989389579825 ], [ 15.566231775122734, 48.771109156673035 ], [ 15.566128144559803, 48.771154940750684 ], [ 15.565957410922129, 48.771241406101197 ], [ 15.56566907585111, 48.771387325625312 ], [ 15.565383801540216, 48.771550460261864 ], [ 15.565032934299252, 48.771760903964349 ], [ 15.56498358888069, 48.771790541187755 ], [ 15.564901716701474, 48.771823405221319 ], [ 15.564273233947379, 48.772075915757327 ], [ 15.56411069604937, 48.772141259951141 ], [ 15.564094509456082, 48.772147775088165 ], [ 15.564090363735991, 48.772149473229398 ], [ 15.564068823031361, 48.772158069319318 ], [ 15.563809881787867, 48.772219485201745 ], [ 15.563619380337508, 48.772264666699215 ], [ 15.563512406709316, 48.77228999894843 ], [ 15.563526791794143, 48.772307809627932 ], [ 15.563783136381844, 48.772625211792935 ], [ 15.56387419013096, 48.772737833570908 ], [ 15.564055573761838, 48.77302157028393 ], [ 15.564109753667358, 48.773106281850865 ], [ 15.564191934600176, 48.773205756465998 ], [ 15.564246098858456, 48.773271304944636 ], [ 15.564254708271989, 48.773416170943989 ], [ 15.564082675705516, 48.773545033143584 ], [ 15.564047215425001, 48.773571617278435 ], [ 15.56394022779789, 48.773684399612947 ], [ 15.563803227988986, 48.7737048139414 ], [ 15.563738716762233, 48.773714405524409 ], [ 15.56372805323768, 48.773729002904858 ], [ 15.563695814050618, 48.773773339569402 ], [ 15.563642123378145, 48.773847143233347 ], [ 15.563684727361563, 48.773931714796937 ], [ 15.563707520303346, 48.773976986221186 ], [ 15.563735825906797, 48.774033219142716 ], [ 15.563739522196814, 48.774036837696322 ], [ 15.563830028735813, 48.774124278646177 ], [ 15.564007766148974, 48.774295803717202 ], [ 15.56403575477642, 48.774322802792788 ], [ 15.564065166002344, 48.774351214353366 ], [ 15.564068992673596, 48.774364097186066 ], [ 15.564154366368609, 48.77465289504152 ], [ 15.564085437222525, 48.774720600385834 ], [ 15.564033742196818, 48.774771424313066 ], [ 15.564028310412338, 48.774809314221081 ], [ 15.564013015719871, 48.774914687835384 ], [ 15.563878318030332, 48.775079008149056 ], [ 15.563734783478502, 48.775246734870805 ], [ 15.563676489056087, 48.77531486785589 ], [ 15.563300670988662, 48.775465589949583 ], [ 15.563109889055847, 48.775604882667899 ], [ 15.562835409257623, 48.775957728745617 ], [ 15.562761799375297, 48.776052512539472 ], [ 15.562753267586192, 48.776081734213165 ], [ 15.562716196814021, 48.776209203047614 ], [ 15.562876601784625, 48.776551998544164 ], [ 15.562875166131645, 48.776562821994254 ], [ 15.562831517705304, 48.776889875613421 ], [ 15.562856797722947, 48.776970457539463 ], [ 15.562947819718834, 48.777260858038488 ], [ 15.562983738465267, 48.777407724724895 ], [ 15.562985570428779, 48.777415427248755 ], [ 15.562993337570797, 48.777446948756136 ], [ 15.563187330039021, 48.777610159314015 ], [ 15.563401381504155, 48.777815184086023 ], [ 15.563452946676504, 48.778156085395189 ], [ 15.563515760364304, 48.77821382265801 ], [ 15.563631752302777, 48.778320573081224 ], [ 15.563811925106227, 48.77844130992591 ], [ 15.563827627829451, 48.77845180809507 ], [ 15.563830344976559, 48.778454815448427 ], [ 15.563837625626432, 48.778462594478498 ], [ 15.563847182724331, 48.778466371692794 ], [ 15.563971693254366, 48.778515380349148 ], [ 15.564296900263551, 48.778643619867054 ], [ 15.564433211553004, 48.778697892093106 ], [ 15.564451638019056, 48.778705279546273 ], [ 15.564634499967648, 48.77876253640536 ], [ 15.564934818134899, 48.778856788862605 ], [ 15.565283103935634, 48.779099297161153 ], [ 15.565668095093569, 48.779190320214958 ], [ 15.566116364478551, 48.779296424099677 ], [ 15.566561072214176, 48.779445778822989 ], [ 15.566699882452459, 48.779497931721956 ], [ 15.567041856509501, 48.77962638499352 ], [ 15.567268668535954, 48.779754957157252 ], [ 15.567604068794259, 48.779944982225061 ], [ 15.567613708616614, 48.779950646904595 ], [ 15.567679636412421, 48.779989069569083 ], [ 15.567812887737462, 48.780066697968685 ], [ 15.56781324160527, 48.780274968121397 ], [ 15.567813533282864, 48.78044428311474 ], [ 15.567432921802919, 48.78092961104317 ], [ 15.567317026138307, 48.781081881340114 ], [ 15.567311870769773, 48.781088547026059 ], [ 15.567306462913219, 48.781095667352922 ], [ 15.567082785189813, 48.781389616962898 ], [ 15.56681557129941, 48.781887631812715 ], [ 15.566881796294551, 48.781967254748885 ], [ 15.566884813242956, 48.781970886113044 ], [ 15.566913824121114, 48.782005602340249 ], [ 15.566917708090196, 48.782010386813774 ], [ 15.567027037908581, 48.782032510436686 ], [ 15.567158899264411, 48.78205933390003 ], [ 15.567407233861999, 48.782053443980885 ], [ 15.567603205815626, 48.782048728933731 ], [ 15.567909681852605, 48.782118115733283 ], [ 15.568005238349182, 48.782139690617655 ], [ 15.567705487936871, 48.782299865291478 ], [ 15.56748425722215, 48.782399887231989 ], [ 15.567376245181208, 48.782448723948974 ], [ 15.567221441312247, 48.782492242143938 ], [ 15.566956621716354, 48.782566730841076 ], [ 15.567042064345307, 48.78274693283403 ], [ 15.56706950838705, 48.782805070543368 ], [ 15.567159574707709, 48.782991392373937 ], [ 15.567207610406397, 48.783090973905416 ], [ 15.567318314953779, 48.783476182975036 ], [ 15.565961135290397, 48.784065352679427 ], [ 15.565375467819212, 48.784319570401003 ], [ 15.565372156904548, 48.784321702544872 ], [ 15.565362896506262, 48.78432790627123 ], [ 15.564801731757687, 48.784594701032255 ], [ 15.56448466280623, 48.784745389095434 ], [ 15.5640171187096, 48.784901631271211 ], [ 15.563874115587161, 48.784906774386982 ], [ 15.563063012681082, 48.784936379518157 ], [ 15.562918537009862, 48.7849640414058 ], [ 15.562736120370868, 48.784998990451818 ], [ 15.562674381073821, 48.785025712425565 ], [ 15.562561453854375, 48.785074457748131 ], [ 15.562310612985948, 48.785182858193203 ], [ 15.562500919236694, 48.785279383350669 ], [ 15.56251567481768, 48.785286840741264 ], [ 15.562855655352243, 48.785221463096207 ], [ 15.562986746224029, 48.785233551167998 ], [ 15.563331084043661, 48.78526534488698 ], [ 15.563367717399514, 48.785268698393686 ], [ 15.563729162245277, 48.785340112175156 ], [ 15.563733041570124, 48.785341657983537 ], [ 15.563804241537655, 48.785369726378796 ], [ 15.563866575093778, 48.785394274306768 ], [ 15.563945393939067, 48.785425346910969 ], [ 15.563949409313054, 48.785426890130431 ], [ 15.563967591985483, 48.785428614317397 ], [ 15.564391674610009, 48.785468877956305 ], [ 15.564467736208682, 48.785458437324088 ], [ 15.564687806599927, 48.785400188795975 ], [ 15.564774996636697, 48.785360746916588 ], [ 15.56519918869461, 48.785168708018603 ], [ 15.565343354824076, 48.78511828727364 ], [ 15.565671117499402, 48.785003740927806 ], [ 15.566081222980239, 48.784860459053824 ], [ 15.566148836119503, 48.784903079053528 ], [ 15.566201183564488, 48.784935912599352 ], [ 15.566548674605228, 48.784886845616327 ], [ 15.566643622028121, 48.784938122717477 ], [ 15.566771335853224, 48.78500713060528 ], [ 15.567085004659798, 48.785013045499696 ], [ 15.567058116292587, 48.785067807303115 ], [ 15.567150966844176, 48.785217908871921 ], [ 15.567225510538954, 48.785338398922349 ], [ 15.567199669649225, 48.78554860575818 ], [ 15.56719535383516, 48.785583955286874 ], [ 15.567179959211119, 48.785708853712954 ], [ 15.567174348315676, 48.785755113992259 ], [ 15.567160489710691, 48.785774540589777 ], [ 15.567043862664093, 48.785938429760627 ], [ 15.567018497340385, 48.785965632335369 ], [ 15.567002206487393, 48.785988613888179 ], [ 15.566821401067791, 48.786242071077048 ], [ 15.566843423904926, 48.7864915838774 ], [ 15.567176215903025, 48.786614453666786 ], [ 15.567495450657205, 48.786732362084535 ], [ 15.568201043015918, 48.787018091970261 ], [ 15.568584774736493, 48.787163111091026 ], [ 15.568911060955953, 48.787286459678661 ], [ 15.569676651974795, 48.787398930759551 ], [ 15.569725745353683, 48.787403844611838 ], [ 15.569841295548578, 48.787415321169348 ], [ 15.570314826981884, 48.787449404743612 ], [ 15.570797714587163, 48.787504450833687 ], [ 15.571068521585387, 48.78767923178799 ], [ 15.571216921933871, 48.787788326814685 ], [ 15.571277971203298, 48.787833228154987 ], [ 15.571284889304255, 48.787842003281739 ], [ 15.571655783505232, 48.788313571448619 ], [ 15.571704096493283, 48.78869078743277 ], [ 15.571715433061643, 48.788779010199875 ], [ 15.5717165092844, 48.788788076483939 ], [ 15.572109124866833, 48.788705475822709 ], [ 15.572158819390799, 48.788692923417955 ], [ 15.572226827686816, 48.788675703691304 ], [ 15.572322446573162, 48.788651570254721 ], [ 15.572496442996632, 48.788607590186302 ], [ 15.572583664667079, 48.788590723980278 ], [ 15.572738938640489, 48.788560775374592 ], [ 15.572872281734337, 48.788539971323374 ], [ 15.572882966443926, 48.788538328256088 ], [ 15.572958159677871, 48.788526639194714 ], [ 15.572978359611589, 48.78852463488095 ], [ 15.573252859843338, 48.788496732265841 ], [ 15.573509200542913, 48.788470794525836 ], [ 15.573601465308071, 48.78859130282116 ], [ 15.573641896439314, 48.788644153262311 ], [ 15.573660953046573, 48.788668981139935 ], [ 15.573780504637572, 48.788825046451507 ], [ 15.573719458470554, 48.788870744260151 ], [ 15.573434269253175, 48.789084275995542 ], [ 15.573365197139836, 48.789123918754925 ], [ 15.573000699419056, 48.78933293283928 ], [ 15.572969485733884, 48.789350891422593 ], [ 15.572662299757186, 48.789678289997212 ], [ 15.572387639298686, 48.789971060151252 ], [ 15.572885449831844, 48.79011785117023 ], [ 15.572907103616149, 48.790124186214086 ], [ 15.572918276515262, 48.790127482094256 ], [ 15.573209662030592, 48.790327147208622 ], [ 15.573774958760673, 48.790669138855463 ], [ 15.573965936576515, 48.790876743729335 ], [ 15.574246666550978, 48.790981873073363 ], [ 15.574294008352972, 48.790999593941059 ], [ 15.574486540251449, 48.791061869920597 ], [ 15.574526175650226, 48.791074609444934 ], [ 15.574559602418876, 48.791085488034966 ], [ 15.574605038354749, 48.791100096235404 ], [ 15.574623959973467, 48.791106213160923 ], [ 15.574725060676673, 48.791138923146391 ], [ 15.575096483556663, 48.791247269400536 ], [ 15.575419030537667, 48.791365093725773 ], [ 15.575653918968049, 48.791424400698965 ], [ 15.575979898865622, 48.791461816513262 ], [ 15.576417602182881, 48.791516352747742 ], [ 15.576734158247675, 48.791540631033421 ], [ 15.576887864692708, 48.791527621049894 ], [ 15.577853207532826, 48.791560294392447 ], [ 15.578326624225207, 48.791550264236314 ], [ 15.579071153602648, 48.791521737673882 ], [ 15.579099689026767, 48.791520382796875 ], [ 15.579214238862821, 48.791514955421498 ], [ 15.579250385297231, 48.791513275156021 ], [ 15.579310304326972, 48.791500974257048 ], [ 15.579349304527749, 48.791492941659236 ], [ 15.579416511270907, 48.791479151934816 ], [ 15.579452814017383, 48.791471710653227 ], [ 15.579573816843203, 48.791511053768019 ], [ 15.579688492526794, 48.791508502507938 ], [ 15.579825870802138, 48.791508216313858 ], [ 15.579841392478261, 48.791508189581407 ], [ 15.579880194700856, 48.791508077794795 ], [ 15.579952629188986, 48.791507952992355 ], [ 15.580012020755257, 48.791527150698712 ], [ 15.58019710850837, 48.791587130615149 ], [ 15.580493321269591, 48.791647415096556 ], [ 15.58063029324374, 48.791755997325112 ], [ 15.58065695362404, 48.791780228902518 ], [ 15.580677367908399, 48.791798641983867 ], [ 15.580684586870049, 48.791820456223171 ], [ 15.580697295967374, 48.791858809625616 ], [ 15.58070263430101, 48.791874991818226 ], [ 15.580779474063121, 48.7919039320075 ], [ 15.580839836254937, 48.791926619510456 ], [ 15.580912939756654, 48.791954191558155 ], [ 15.580970701752927, 48.791970361029293 ], [ 15.581000894951634, 48.79197887050524 ], [ 15.58101826201675, 48.791983666620325 ], [ 15.581049643891109, 48.792025531577089 ], [ 15.58106078676211, 48.792077859968991 ], [ 15.58107157092638, 48.79212821591625 ], [ 15.581113143768711, 48.792160259386328 ], [ 15.581184319500892, 48.79221530844876 ], [ 15.581228519857003, 48.792232726778821 ], [ 15.581367505579658, 48.79228773855624 ], [ 15.581556648816752, 48.792362483594651 ], [ 15.581636327950438, 48.792412691410661 ], [ 15.581775803776901, 48.792500621724422 ], [ 15.581980525537054, 48.792576597583057 ], [ 15.58213699280528, 48.792635862448982 ], [ 15.582190159505425, 48.792655897913185 ], [ 15.582208822024167, 48.792668496312537 ], [ 15.582526502289253, 48.792882840610936 ], [ 15.582898373544689, 48.793193312772758 ], [ 15.583043541369687, 48.793314690859127 ], [ 15.583139797780991, 48.79339507966997 ], [ 15.583398258612467, 48.793597149771507 ], [ 15.583422028864986, 48.793608210726177 ], [ 15.583431625697996, 48.793612795351159 ], [ 15.583872476574239, 48.793819200416799 ], [ 15.58422656965622, 48.79399100789928 ], [ 15.58428555943798, 48.794019567897969 ], [ 15.584320569637795, 48.794032302785347 ], [ 15.584351287134368, 48.794043410465036 ], [ 15.584758661001045, 48.794191164245333 ], [ 15.584793052237897, 48.794195993642248 ], [ 15.585070799032987, 48.794235298079883 ], [ 15.585129564517839, 48.794240110337419 ], [ 15.5851749331666, 48.794243739698054 ], [ 15.585378275814357, 48.794260087243195 ], [ 15.585453131662915, 48.79425919299419 ], [ 15.585721377910923, 48.794255763044497 ], [ 15.585843951881834, 48.79429650925249 ], [ 15.586065063115669, 48.794370184829894 ], [ 15.586070312275638, 48.794371883605677 ], [ 15.5869025499281, 48.794485396797342 ], [ 15.586929357788303, 48.794491180665659 ], [ 15.586984769930458, 48.794503343723591 ], [ 15.587559479404446, 48.794628626676655 ], [ 15.587732118733181, 48.794652756413292 ], [ 15.588167140979454, 48.794713508810545 ], [ 15.58882947879029, 48.794700802744174 ], [ 15.58897260942538, 48.794697966514732 ], [ 15.589051754822275, 48.794698607110817 ], [ 15.589244372129409, 48.794700129105834 ], [ 15.589337411407781, 48.79470086275871 ], [ 15.589502373087969, 48.794702105346495 ], [ 15.590105051198167, 48.794707631073933 ], [ 15.590239928915549, 48.794699823534813 ], [ 15.590250661795391, 48.794699257605586 ], [ 15.590515639206314, 48.794683373904562 ], [ 15.590726024169381, 48.794677084936815 ], [ 15.591054045010575, 48.794667276844883 ], [ 15.591466513335975, 48.794289674019005 ], [ 15.591829556567992, 48.794243383495292 ], [ 15.591875458710977, 48.794237463369377 ], [ 15.591888597000429, 48.794235861420617 ], [ 15.591915541997661, 48.794232374770814 ], [ 15.592040260414658, 48.794219632120154 ], [ 15.592688936111378, 48.794209145984908 ], [ 15.593032073453474, 48.794221084068909 ], [ 15.593178610007428, 48.794230682847747 ], [ 15.593210838467982, 48.794232762350248 ], [ 15.593249889627719, 48.794235160525396 ], [ 15.593439807542685, 48.794246534084962 ], [ 15.593694106852857, 48.794235616784299 ], [ 15.593722262943187, 48.794234895456746 ], [ 15.59389243983064, 48.794230903372267 ], [ 15.594004658541804, 48.794231174532186 ], [ 15.594070982147878, 48.794231338560905 ], [ 15.594169064112453, 48.79422909240477 ], [ 15.594270819633564, 48.794226775513309 ], [ 15.59448047858845, 48.794210237326865 ], [ 15.594659605903168, 48.794217767887517 ], [ 15.594927824732851, 48.794229162270753 ], [ 15.595637093465847, 48.794292707900084 ], [ 15.596017857093093, 48.79433954076881 ], [ 15.596098226656158, 48.794349419821479 ], [ 15.596311941228581, 48.794356911902291 ], [ 15.596713860267396, 48.794370856602022 ], [ 15.596797672130918, 48.794369242882951 ], [ 15.597194822037679, 48.79436150535075 ], [ 15.597437306810864, 48.794323546962602 ], [ 15.597587286862515, 48.794300055438292 ], [ 15.597668790364816, 48.794286249814817 ], [ 15.597757325199778, 48.794271319036504 ], [ 15.59780449602461, 48.794263302865666 ], [ 15.597840721520017, 48.794257206925082 ], [ 15.597939913578976, 48.79424000143257 ], [ 15.598057618530632, 48.794219560203061 ], [ 15.598488550421273, 48.794144230719546 ], [ 15.598833149874126, 48.794078210791156 ], [ 15.599271502624283, 48.794013711562897 ], [ 15.599380052795615, 48.79399875360803 ], [ 15.59984377032146, 48.793935112800753 ], [ 15.600041040739706, 48.794257805882538 ], [ 15.60028339651833, 48.794522139160165 ], [ 15.60057426171015, 48.794743970813478 ], [ 15.600604597689555, 48.794771006149787 ], [ 15.600629836977603, 48.794793641339325 ], [ 15.600652944045805, 48.794814248366151 ], [ 15.600708803500167, 48.794864183280794 ], [ 15.601081186241473, 48.795078593447613 ], [ 15.601293941769729, 48.795181371977442 ], [ 15.60154382386151, 48.795292250741731 ], [ 15.601588553215285, 48.795312170491947 ], [ 15.601082167363931, 48.795670838834731 ], [ 15.601069307083938, 48.795678734256541 ], [ 15.60084782341772, 48.795816070274938 ], [ 15.600818914482611, 48.795889142665921 ], [ 15.60078573187209, 48.7959733636267 ], [ 15.600671830426428, 48.796197063423342 ], [ 15.600663621785019, 48.796223942443781 ], [ 15.600618688128536, 48.796371997832608 ], [ 15.600586564879801, 48.796541848454368 ], [ 15.600588449632163, 48.796698537535953 ], [ 15.600611827259312, 48.796774560046558 ], [ 15.600621849100724, 48.796807205328733 ], [ 15.600626184897534, 48.796994706366824 ], [ 15.600637643661573, 48.797062951519116 ], [ 15.600659095406384, 48.797190923062026 ], [ 15.600758349107613, 48.797316764273717 ], [ 15.600800108196598, 48.797368050704378 ], [ 15.600850220008006, 48.797429612377996 ], [ 15.600875322581448, 48.797483019419786 ], [ 15.600919217200872, 48.797576459909187 ], [ 15.600978937408859, 48.797726005458244 ], [ 15.601020406068143, 48.797847742846777 ], [ 15.600998469449195, 48.797853654066543 ], [ 15.600779643279081, 48.797912665648717 ], [ 15.600594388529494, 48.797973278595805 ], [ 15.600504850827786, 48.798002625687012 ], [ 15.600400937359028, 48.798045655246682 ], [ 15.600303307703545, 48.79808604442016 ], [ 15.600187211514219, 48.798118422500124 ], [ 15.600137302155341, 48.798132340308392 ], [ 15.600131902073224, 48.798136493015491 ], [ 15.600116226237693, 48.798148491180932 ], [ 15.599983162670352, 48.798246873260844 ], [ 15.59996682733448, 48.798256275030973 ], [ 15.599738668337602, 48.798387709293081 ], [ 15.599698759870787, 48.798412230335479 ], [ 15.599403472196954, 48.798593271065315 ], [ 15.599285690805962, 48.798655370308865 ], [ 15.599224365195617, 48.798685252237618 ], [ 15.599221030942349, 48.798686845964838 ], [ 15.599337738975576, 48.798773125576375 ], [ 15.599429673306325, 48.79884116914095 ], [ 15.599488408914826, 48.799005489098043 ], [ 15.599495136994953, 48.799037568138537 ], [ 15.599531737883979, 48.799212571129452 ], [ 15.599535134605736, 48.799215474615501 ], [ 15.599542648108182, 48.799222167392578 ], [ 15.599612354459632, 48.799283351830546 ], [ 15.599824879207633, 48.799469988144942 ], [ 15.599839088089364, 48.799477181607955 ], [ 15.599928386818203, 48.799522513571318 ], [ 15.600018105833769, 48.799568107271227 ], [ 15.600386026780511, 48.79975480541961 ], [ 15.600422531681678, 48.799773444723506 ], [ 15.600440774212386, 48.799782539641321 ], [ 15.60069966747597, 48.799911959988883 ], [ 15.601044411209577, 48.800030187235691 ], [ 15.601260305258844, 48.800194263920538 ], [ 15.601578120545019, 48.800316337930063 ], [ 15.601866788641047, 48.800376715288508 ], [ 15.602370949088609, 48.800585789792329 ], [ 15.602405281749302, 48.800592234700076 ], [ 15.602946685327471, 48.800694874971462 ], [ 15.603287825812949, 48.800740650696646 ], [ 15.603752667918233, 48.800765773071575 ], [ 15.604156794094871, 48.800772992995853 ], [ 15.604256037176469, 48.800784391467303 ], [ 15.604339536200706, 48.800793934724773 ], [ 15.604729246738508, 48.80070624436047 ], [ 15.604904693307441, 48.800725436816883 ], [ 15.604936169570665, 48.800728877248865 ], [ 15.605327440050136, 48.800771789172941 ], [ 15.605497443330648, 48.800827973078228 ], [ 15.605627457958079, 48.800897615188369 ], [ 15.605788948823697, 48.800644741001925 ], [ 15.605934127546435, 48.800417193126286 ], [ 15.605977116908377, 48.800354643638556 ], [ 15.605998363293221, 48.800323913498879 ], [ 15.606119807988406, 48.800147836347428 ], [ 15.606180207760513, 48.800060208807146 ], [ 15.606508209159692, 48.799585040457103 ], [ 15.606696027716751, 48.799376370083323 ], [ 15.606709012707043, 48.799328255625284 ], [ 15.606775134693818, 48.799083971420004 ], [ 15.606593991357277, 48.799059044014292 ], [ 15.60664653878235, 48.798963290846494 ], [ 15.606705896089684, 48.798855260180282 ], [ 15.606825056594538, 48.798627764065472 ], [ 15.606945276707767, 48.798399617506369 ], [ 15.607059670949042, 48.798258223413519 ], [ 15.60718968271709, 48.797928402307278 ], [ 15.60721824149983, 48.797924431119149 ], [ 15.607907892940558, 48.797829578262288 ], [ 15.60800809906457, 48.797546396778827 ], [ 15.608036908191528, 48.79746513727298 ], [ 15.607834582247168, 48.79746914184517 ], [ 15.607779339503839, 48.797470210621441 ], [ 15.607769817551381, 48.79749810525206 ], [ 15.6074311425125, 48.797378520620505 ], [ 15.607433419089119, 48.797300833448944 ], [ 15.607434225646312, 48.797269868555105 ], [ 15.607360827589128, 48.797245377295681 ], [ 15.607161774463359, 48.797178781828705 ], [ 15.606954590308332, 48.797091560477185 ], [ 15.606899637167157, 48.797068421622654 ], [ 15.606943303119035, 48.796870635283931 ], [ 15.606960747896748, 48.796791035321704 ], [ 15.607037407664805, 48.796443532337207 ], [ 15.607043673987853, 48.796388260203848 ], [ 15.607047117744056, 48.796358413890921 ], [ 15.607137839124986, 48.795559984349694 ], [ 15.607167433694956, 48.795533320933011 ], [ 15.607190872386353, 48.795512174714943 ], [ 15.607195715428301, 48.795507762528835 ], [ 15.607726038534077, 48.795029574879301 ], [ 15.607773929071755, 48.794957932688426 ], [ 15.607853370037024, 48.794839256020069 ], [ 15.607858101391626, 48.794832326831262 ], [ 15.60786371741975, 48.794823851051973 ], [ 15.608052247407699, 48.794625600143775 ], [ 15.608109164765445, 48.794576365341001 ], [ 15.608130020943999, 48.794558417797695 ], [ 15.608270738853097, 48.794436665666538 ], [ 15.608311946591241, 48.794401679967301 ], [ 15.608324809979674, 48.794390814681265 ], [ 15.608345545891218, 48.794373229298586 ], [ 15.608366674019781, 48.79435527644506 ], [ 15.608371136576576, 48.794351501350441 ], [ 15.608383660184101, 48.794360615763068 ], [ 15.608398996613779, 48.794371745025721 ], [ 15.608629323944568, 48.794538858234176 ], [ 15.608824656719371, 48.794666072344263 ], [ 15.609260736562563, 48.794848274933173 ], [ 15.609469081769884, 48.7949249433739 ], [ 15.609476556554009, 48.794927677656588 ], [ 15.609572768431056, 48.794963061945708 ], [ 15.609648632806284, 48.794991012850801 ], [ 15.609660125105389, 48.794995288771887 ], [ 15.609843169842868, 48.795063359596497 ], [ 15.610012922024955, 48.795126469369102 ], [ 15.610191792853156, 48.795174107549649 ], [ 15.610355397329947, 48.795193790874961 ], [ 15.610389763721738, 48.795197983541144 ], [ 15.611055210149026, 48.795227557527795 ], [ 15.611135877234174, 48.795228693614497 ], [ 15.61129094468515, 48.795230907116981 ], [ 15.611421485476026, 48.795232785986578 ], [ 15.611779581326818, 48.79523781196103 ], [ 15.612001686031537, 48.795240884479533 ], [ 15.612103066175875, 48.795242338163995 ], [ 15.612173376798271, 48.795243314416098 ], [ 15.612217906306359, 48.795261704601977 ], [ 15.612254940901195, 48.795276911206969 ], [ 15.612737801151475, 48.795475648317847 ], [ 15.612897181432739, 48.795541204343508 ], [ 15.613026333126964, 48.795557773355441 ], [ 15.61309755586735, 48.795567008537788 ], [ 15.613341897535891, 48.795598527418086 ], [ 15.613756669047527, 48.795659218749059 ], [ 15.614026970559943, 48.795698779714769 ], [ 15.614412699926786, 48.795740238967518 ], [ 15.614579237778688, 48.795749243193811 ], [ 15.614733082051567, 48.795757593832178 ], [ 15.614749169045949, 48.795761060344965 ], [ 15.614875123873732, 48.79578839572239 ], [ 15.614887361208522, 48.795791037237578 ], [ 15.615096587283888, 48.795862730503273 ], [ 15.61516586923887, 48.795886487159031 ], [ 15.61537673022924, 48.796016358281513 ], [ 15.615484451404075, 48.796099108124267 ], [ 15.61555466903685, 48.796153076046842 ], [ 15.61572128751318, 48.796292442500786 ], [ 15.615899083712664, 48.796441218401817 ], [ 15.616103733365161, 48.796590552238591 ], [ 15.616117803575879, 48.796600715451959 ], [ 15.61632795775491, 48.796723760985259 ], [ 15.616348507020664, 48.796735687703588 ], [ 15.616480498749148, 48.796812927051519 ], [ 15.616724962569092, 48.796947991222289 ], [ 15.616785834612374, 48.796981626971686 ], [ 15.617174147669328, 48.797166528078087 ], [ 15.617447240559402, 48.797323616889003 ], [ 15.617614804470804, 48.797419777151418 ], [ 15.617662371282098, 48.797380885892018 ], [ 15.617812822958822, 48.797257853485256 ], [ 15.617859389079824, 48.797242373581867 ], [ 15.617967692421143, 48.79720653046067 ], [ 15.618072290229309, 48.797218982762544 ], [ 15.618118700425008, 48.797233645479182 ], [ 15.618236797024032, 48.797270936708145 ], [ 15.618418458653407, 48.797481802540489 ], [ 15.618446176460706, 48.797514012582276 ], [ 15.618441560856429, 48.797688642603674 ], [ 15.61847729071777, 48.797723395980533 ], [ 15.618484799772387, 48.797812499491293 ], [ 15.618506666675612, 48.798074154770376 ], [ 15.618469204234307, 48.798073893287651 ], [ 15.618329167304241, 48.798073016390347 ], [ 15.618301530080286, 48.798103783201263 ], [ 15.618277518562261, 48.798130340953179 ], [ 15.618278607351995, 48.798151732460525 ], [ 15.618280864958809, 48.798193254350359 ], [ 15.618371477904569, 48.798203549056879 ], [ 15.61834477153403, 48.79842035406574 ], [ 15.618374444047564, 48.798545374319353 ], [ 15.618295154701807, 48.798743498032309 ], [ 15.618279347183647, 48.798783031816598 ], [ 15.618347235079607, 48.798900741563642 ], [ 15.618411885555753, 48.7990130260754 ], [ 15.618499668658588, 48.799155450429438 ], [ 15.618536944804118, 48.799215724962991 ], [ 15.618769704328422, 48.799393387997213 ], [ 15.618783099487063, 48.799403653992456 ], [ 15.618847105763004, 48.799452522537905 ], [ 15.618789830063047, 48.799545584433567 ], [ 15.618872739085154, 48.799624405103145 ], [ 15.618973145952852, 48.799719979676894 ], [ 15.619027974939417, 48.799880768208283 ], [ 15.61908840337067, 48.799901275937565 ], [ 15.619115365855366, 48.799910378428308 ], [ 15.619127813934821, 48.79996357807493 ], [ 15.619142935775136, 48.800027881906892 ], [ 15.619377981701598, 48.800067216759238 ], [ 15.619438354103321, 48.800077288983189 ], [ 15.619579819282933, 48.800024515282715 ], [ 15.619622782693705, 48.80004122378768 ], [ 15.619674054662417, 48.800061009591339 ], [ 15.619719167635349, 48.800187078737949 ], [ 15.619785648365166, 48.800218084776048 ], [ 15.61988273014879, 48.800263430512075 ], [ 15.619945025761115, 48.800224971708374 ], [ 15.620222729110729, 48.800286327406056 ], [ 15.620347488372717, 48.800295686549298 ], [ 15.620422685384828, 48.800235024046273 ], [ 15.620511596180906, 48.800222318176438 ], [ 15.620595767220379, 48.80025909752213 ], [ 15.620639239559569, 48.800278044992027 ], [ 15.620656741369743, 48.800285711748764 ], [ 15.620698990362198, 48.800326095659358 ], [ 15.620797997188554, 48.80042070630747 ], [ 15.620909707050973, 48.800448942372206 ], [ 15.620964253301871, 48.800462725952769 ], [ 15.620969007845469, 48.800462453501837 ], [ 15.620973218096513, 48.800462191641451 ], [ 15.621083533112261, 48.800456086460834 ], [ 15.62116640542993, 48.800451504859531 ], [ 15.621184611165383, 48.80045052080073 ], [ 15.621265867264542, 48.800455507312982 ], [ 15.621320624983818, 48.800458760220835 ], [ 15.621350196940472, 48.800459174386077 ], [ 15.621343895611112, 48.80071184049141 ], [ 15.621364290229568, 48.800927909402098 ], [ 15.621437085721636, 48.8012501117543 ], [ 15.621413401967665, 48.801378688727105 ], [ 15.621390722296677, 48.801502297840841 ], [ 15.621381321609796, 48.801676301136077 ], [ 15.621379263072395, 48.801712598751983 ], [ 15.621372180545487, 48.801843911552652 ], [ 15.621385964804505, 48.801905632018538 ], [ 15.621409105454688, 48.802009185970114 ], [ 15.621521567661389, 48.802145819630915 ], [ 15.621545706892444, 48.802164873130884 ], [ 15.621636896586509, 48.802236783057772 ], [ 15.621654907678751, 48.802246688988781 ], [ 15.62175974835781, 48.802304028047928 ], [ 15.621824380341307, 48.802339297504808 ], [ 15.622003385308902, 48.802410487521932 ], [ 15.62228226848085, 48.80243690757721 ], [ 15.62292062114742, 48.802635275968441 ], [ 15.623157859408584, 48.802714237191054 ], [ 15.623240118291669, 48.802741605190178 ], [ 15.62326389701607, 48.802749509198151 ], [ 15.623398348591767, 48.802795833700003 ], [ 15.623443449383798, 48.802817627461998 ], [ 15.623540607530002, 48.802864498258089 ], [ 15.623645899944066, 48.802922726573584 ], [ 15.623718515264478, 48.802962877777141 ], [ 15.623811099762102, 48.803014066000735 ], [ 15.623822887262282, 48.803018784671096 ], [ 15.624005563880134, 48.803092779198721 ], [ 15.624566326318037, 48.803209429035554 ], [ 15.624673506591199, 48.803215347589465 ], [ 15.624762431850586, 48.803248612565227 ], [ 15.624805671382573, 48.803262254899096 ], [ 15.624832884717847, 48.803270811412027 ], [ 15.624872946258071, 48.803283436029346 ], [ 15.625118656532441, 48.803341535359344 ], [ 15.62515507257695, 48.80335791967584 ], [ 15.625201215067067, 48.803378612846068 ], [ 15.625269180051417, 48.803409137095514 ], [ 15.625469184901926, 48.803498986068149 ], [ 15.625506003715127, 48.803530477246888 ], [ 15.625511107454354, 48.803534966176088 ], [ 15.625639701515929, 48.803645190506778 ], [ 15.625757864596487, 48.803823724731132 ], [ 15.625778039608159, 48.803942990352425 ], [ 15.625814536032253, 48.804159284353815 ], [ 15.625835913900081, 48.804290222482713 ], [ 15.625872688907815, 48.804643803884943 ], [ 15.6258738754502, 48.804655116859152 ], [ 15.625889681663294, 48.804807666201022 ], [ 15.625995211791858, 48.805081363857632 ], [ 15.626032737217065, 48.805412078301906 ], [ 15.626032999803295, 48.805844644497711 ], [ 15.625952432210067, 48.806019855716016 ], [ 15.626028579216737, 48.806227279113187 ], [ 15.626040359296221, 48.80652439708674 ], [ 15.626127713526794, 48.806869794269517 ], [ 15.626146558274916, 48.806944011124031 ], [ 15.626177149003661, 48.807006752807162 ], [ 15.626197381329236, 48.807048013936431 ], [ 15.626286768069043, 48.807185902791545 ], [ 15.62637571487255, 48.807323080404437 ], [ 15.626398749625071, 48.807530639517211 ], [ 15.626418184703065, 48.807706419783457 ], [ 15.62681239501099, 48.807944436826979 ], [ 15.627118123260106, 48.808134875642899 ], [ 15.627430500249259, 48.808440434238321 ], [ 15.627438387404531, 48.8084492772606 ], [ 15.627628833026362, 48.808662926629559 ], [ 15.627706944503696, 48.808749572149324 ], [ 15.627863028133746, 48.808922775785483 ], [ 15.628057711391847, 48.809033147377235 ], [ 15.628181049133616, 48.809144191284524 ], [ 15.628291752072261, 48.809243785689503 ], [ 15.628728106640319, 48.809433830246157 ], [ 15.629194409610413, 48.809462064098462 ], [ 15.629270132414133, 48.809483077893255 ], [ 15.629747640647405, 48.809615544793452 ], [ 15.629978220742164, 48.809727371521475 ], [ 15.629982260123811, 48.809729361916141 ], [ 15.630420664040495, 48.809925388242739 ], [ 15.630771549213767, 48.810080297650217 ], [ 15.630957192111008, 48.810204516491808 ], [ 15.63095806915214, 48.810376160213799 ], [ 15.630958594534437, 48.810488251317508 ], [ 15.630940406130557, 48.810708670837663 ], [ 15.630918214053825, 48.810818416744759 ], [ 15.630897269365716, 48.810922560191223 ], [ 15.630791752634197, 48.811069741676889 ], [ 15.63068213523619, 48.81122878908694 ], [ 15.630583808381807, 48.81135099844726 ], [ 15.63035337878628, 48.811559099400746 ], [ 15.630002871937613, 48.811832703195932 ], [ 15.629627527546091, 48.812111469213377 ], [ 15.629477319179559, 48.812209859170189 ], [ 15.629307265952582, 48.812321411947757 ], [ 15.629026057699996, 48.812503060898081 ], [ 15.62888875350956, 48.81264024459054 ], [ 15.628495876470101, 48.812828840276921 ], [ 15.628429152176263, 48.812942063677674 ], [ 15.628423581803652, 48.812951529143824 ], [ 15.62842181306827, 48.812954622601424 ], [ 15.628361030967037, 48.813057563508551 ], [ 15.628578104887234, 48.813244780507048 ], [ 15.628608998913663, 48.813271528035187 ], [ 15.628870098289495, 48.813444030034645 ], [ 15.628987950372943, 48.813493101684394 ], [ 15.629228095148243, 48.81359304728965 ], [ 15.629359227659551, 48.813664891310246 ], [ 15.629563816404753, 48.813776956472594 ], [ 15.63005510664977, 48.813836008866026 ], [ 15.63015056971304, 48.813847459832346 ], [ 15.630184643262302, 48.813856960823287 ], [ 15.630516687874028, 48.813949530870808 ], [ 15.630561106566907, 48.813961888614656 ], [ 15.630782651891746, 48.814023597826946 ], [ 15.630858861015668, 48.814085716931146 ], [ 15.630866212460484, 48.814091691187663 ], [ 15.630928423566299, 48.814142387776712 ], [ 15.63099147560847, 48.814193607716732 ], [ 15.631036441409449, 48.814230336142053 ], [ 15.631074181471352, 48.814236526368155 ], [ 15.631292391047623, 48.814272388804234 ], [ 15.631485329814273, 48.814327998006519 ], [ 15.631503822197242, 48.814333304666015 ], [ 15.631562201969775, 48.814350157560035 ], [ 15.631781008684763, 48.814414527549673 ], [ 15.631907636160083, 48.814446510698325 ], [ 15.632036605857365, 48.814479077712967 ], [ 15.63204184248147, 48.814480414856767 ], [ 15.632419795103711, 48.814445136271608 ], [ 15.632682049156944, 48.814600423440261 ], [ 15.633003444356664, 48.814686177257208 ], [ 15.633197880373915, 48.814717372868166 ], [ 15.633374889533869, 48.814745760082403 ], [ 15.633800921214783, 48.814719343366896 ], [ 15.634019103031298, 48.814705898411056 ], [ 15.634270920542155, 48.814780234374801 ], [ 15.634695341074135, 48.814833288477523 ], [ 15.634747952332248, 48.814833878361512 ], [ 15.635653120843553, 48.814844231623965 ], [ 15.635817667445542, 48.814719372169556 ], [ 15.63587444650822, 48.814676245010808 ], [ 15.635986763217629, 48.814589655033309 ], [ 15.636277498640862, 48.814365607391728 ], [ 15.636511077601064, 48.814185413626127 ], [ 15.636617916784786, 48.814231724494064 ], [ 15.636797830945977, 48.814309622592233 ], [ 15.636871576920223, 48.814219648610987 ], [ 15.637065159737054, 48.813983106775162 ], [ 15.637140837384663, 48.813890665585674 ], [ 15.637149539608625, 48.813878169351106 ], [ 15.637162590917971, 48.813859380052875 ], [ 15.637355122278718, 48.8135812925346 ], [ 15.637359727383521, 48.813574634570351 ], [ 15.637411927909168, 48.813499387371216 ], [ 15.637549319985585, 48.813300922738946 ], [ 15.637642285895266, 48.813117273634639 ], [ 15.637650794035425, 48.813100462639248 ], [ 15.637664434269219, 48.813073564511647 ], [ 15.637740772521306, 48.813008010655651 ], [ 15.637785632572873, 48.812969524507949 ], [ 15.637969269958145, 48.812811988674696 ], [ 15.637994717150587, 48.812790167289251 ], [ 15.638016358636323, 48.812771569400851 ], [ 15.638118675378855, 48.812683913551751 ], [ 15.638175728098558, 48.812634841823879 ], [ 15.638220323367106, 48.812596540617228 ], [ 15.638287540510525, 48.812549338898073 ], [ 15.638362549354296, 48.812496676232399 ], [ 15.638412861968918, 48.81246132182963 ], [ 15.638434780649444, 48.81244586734185 ], [ 15.638501998325024, 48.812410811313512 ], [ 15.638558830073226, 48.812381087079196 ], [ 15.638676219437148, 48.812319676129441 ], [ 15.638786424574601, 48.812262094635749 ], [ 15.638794825371304, 48.812258061265908 ], [ 15.638829224964873, 48.812241462320785 ], [ 15.638913889080058, 48.812200575882201 ], [ 15.639023223054878, 48.812147869568328 ], [ 15.639285294267662, 48.81201101600157 ], [ 15.639303400153681, 48.812001664040771 ], [ 15.639320301313237, 48.811992785546934 ], [ 15.639534065023469, 48.811881350281446 ], [ 15.639678775095971, 48.811806536872993 ], [ 15.640051270170883, 48.81161407402854 ], [ 15.640077095857192, 48.811600701833576 ], [ 15.640094801233825, 48.811591537537979 ], [ 15.640231237160771, 48.81148422687086 ], [ 15.640483641241087, 48.811335504213027 ], [ 15.640702069214178, 48.811264281410303 ], [ 15.640899878876199, 48.811152616722687 ], [ 15.640932504507811, 48.811093586423667 ], [ 15.641252892100413, 48.811060218119188 ], [ 15.64143252654533, 48.811165285416052 ], [ 15.641501220526326, 48.811205502919684 ], [ 15.641682320926298, 48.811267445767989 ], [ 15.641787468591595, 48.811303438723627 ], [ 15.641990683133494, 48.811417848954747 ], [ 15.642064670411479, 48.811518151696106 ], [ 15.64213431599452, 48.811612781597006 ], [ 15.642217845847329, 48.811785862002324 ], [ 15.642255086891314, 48.81186268434935 ], [ 15.642401729413621, 48.811951933599481 ], [ 15.642406630577211, 48.81195489631871 ], [ 15.642562770193466, 48.812112875383278 ], [ 15.642872611536525, 48.812235446773045 ], [ 15.642878989653619, 48.812237930619965 ], [ 15.643072104867649, 48.812276153439143 ], [ 15.64343881919716, 48.812348752963452 ], [ 15.643473081811369, 48.812341242226054 ], [ 15.643801872523532, 48.81227351369904 ], [ 15.644135249377753, 48.81220479442122 ], [ 15.64421757976598, 48.812187791820016 ], [ 15.644340346417618, 48.812173323380151 ], [ 15.644711223810159, 48.812129686684329 ], [ 15.644800658769228, 48.812119201760908 ], [ 15.644935842025129, 48.812096121478639 ], [ 15.645277225752306, 48.811996561945463 ], [ 15.645759615699815, 48.811758374859558 ], [ 15.646166685519599, 48.811716900802288 ], [ 15.646228875626775, 48.811736640531478 ], [ 15.646318839716049, 48.811765100799491 ], [ 15.646333880017918, 48.811745191629562 ], [ 15.646335936048269, 48.811742452105506 ], [ 15.646395769894927, 48.811664621229042 ], [ 15.646429090767642, 48.811621140347846 ], [ 15.646586384038796, 48.811611118637231 ], [ 15.646663671664825, 48.811606179421752 ], [ 15.646957460147641, 48.811442143319283 ], [ 15.647075948379266, 48.811314754450187 ], [ 15.647203665282179, 48.811177557112785 ], [ 15.647324283416562, 48.810976620935442 ], [ 15.647361283345219, 48.81091507344577 ], [ 15.647324577353547, 48.810771754517951 ], [ 15.647304236447834, 48.810692261829402 ], [ 15.647312037879752, 48.810608526604881 ], [ 15.647369867093532, 48.810447062885565 ], [ 15.647406274525482, 48.810420705113053 ], [ 15.647463000317913, 48.810379732288091 ], [ 15.647482049215601, 48.810364152561277 ], [ 15.64750254651721, 48.810347464692136 ], [ 15.647530506347067, 48.810312006256403 ], [ 15.647544934203147, 48.810293638432974 ], [ 15.647613217501645, 48.810206913468051 ], [ 15.647631905359921, 48.810183333525934 ], [ 15.647644269135503, 48.810167525458596 ], [ 15.647671791609792, 48.810137473764463 ], [ 15.647814711742829, 48.809981082747349 ], [ 15.648040453831612, 48.809809655781251 ], [ 15.648057838547105, 48.80979644791698 ], [ 15.648079696398993, 48.809779733151849 ], [ 15.648138692204318, 48.809734756613324 ], [ 15.648293821301465, 48.809616541624031 ], [ 15.648454215012178, 48.809494264093772 ], [ 15.648472450378245, 48.809484818139147 ], [ 15.648500137568442, 48.809470507668387 ], [ 15.648591598609119, 48.809423542140379 ], [ 15.648663891811783, 48.80938649073466 ], [ 15.648701571012339, 48.809367215079597 ], [ 15.648750966194864, 48.809354006593637 ], [ 15.648756889469585, 48.809352450445836 ], [ 15.648763353067638, 48.809350793688708 ], [ 15.648795254651272, 48.809342338157727 ], [ 15.648940094407129, 48.809304037976098 ], [ 15.648979668141617, 48.809293541948279 ], [ 15.649022296817471, 48.809284335291117 ], [ 15.649367013458281, 48.809232021628254 ], [ 15.649548835372974, 48.809201269488476 ], [ 15.649648191288934, 48.809184377414525 ], [ 15.649689828410231, 48.80917734931564 ], [ 15.649716350888026, 48.809170439005435 ], [ 15.64973519714043, 48.80916547929808 ], [ 15.650049021722698, 48.809086691258734 ], [ 15.649894912649037, 48.808958911407267 ], [ 15.649738283976802, 48.808820564566304 ], [ 15.64991825660803, 48.80870968521041 ], [ 15.650008108568409, 48.808654293052655 ], [ 15.650168217267312, 48.808586180385298 ], [ 15.650204164581913, 48.808570807040176 ], [ 15.650210447284159, 48.808568164096869 ], [ 15.650216862019057, 48.808565428581957 ], [ 15.650455819542353, 48.808463732651575 ], [ 15.650511415015732, 48.808440054689861 ], [ 15.650569015284447, 48.808415527465137 ], [ 15.650629794354069, 48.808392017203573 ], [ 15.650679728537474, 48.808372679304902 ], [ 15.65089004969094, 48.808291430116668 ], [ 15.650970777265947, 48.80826023894592 ], [ 15.651064757589797, 48.808296263846444 ], [ 15.651091496900676, 48.80827909237896 ], [ 15.651115987606994, 48.808263404744345 ], [ 15.651307011353166, 48.808140969102972 ], [ 15.651342689940938, 48.808119662682614 ], [ 15.651352500786397, 48.808113711210993 ], [ 15.651397330021588, 48.808086916164058 ], [ 15.651426902666916, 48.808069148939587 ], [ 15.65158966018301, 48.808077816257722 ], [ 15.651604880175039, 48.808055923431269 ], [ 15.65167576173827, 48.807954569463327 ], [ 15.651806915131482, 48.807845639204345 ], [ 15.651838947276108, 48.807819006328458 ], [ 15.651842962958456, 48.80780840067662 ], [ 15.651849267798761, 48.807791182088721 ], [ 15.651927687966902, 48.807579376241577 ], [ 15.651945730633102, 48.807451173284086 ], [ 15.651949742132325, 48.807422393793367 ], [ 15.651969194821527, 48.807409774308709 ], [ 15.652047017671393, 48.807359566006348 ], [ 15.652143082730543, 48.807342286765412 ], [ 15.652216179067123, 48.807329149176468 ], [ 15.651944618540266, 48.807176427200375 ], [ 15.651888576058646, 48.807144963171297 ], [ 15.652032921283171, 48.807002483577257 ], [ 15.652041393275422, 48.80699403928287 ], [ 15.652186261689536, 48.806851099304914 ], [ 15.652395555275874, 48.806825648800235 ], [ 15.652483882588438, 48.806814999696819 ], [ 15.652628188040433, 48.80663554243462 ], [ 15.652443230215342, 48.806623805667073 ], [ 15.652361404786392, 48.806618581777066 ], [ 15.652272140386604, 48.806527133407414 ], [ 15.652260190941211, 48.806512883911267 ], [ 15.652227358943565, 48.806473584756858 ], [ 15.652155662520208, 48.806388087730227 ], [ 15.652034299041926, 48.806375995890072 ], [ 15.65199147623767, 48.806371802020919 ], [ 15.65195457095148, 48.806561826484099 ], [ 15.651685285877427, 48.806573883948708 ], [ 15.651454601109226, 48.806541904283471 ], [ 15.650884637226618, 48.806564565768362 ], [ 15.650833925222718, 48.806566644923862 ], [ 15.650790417745126, 48.806568402123276 ], [ 15.650587059767199, 48.806580507235097 ], [ 15.650285624889355, 48.806598503291852 ], [ 15.650277762327326, 48.80659631900528 ], [ 15.65003046465975, 48.806528226123937 ], [ 15.649943814799348, 48.806431236393138 ], [ 15.649933480698788, 48.806419563973471 ], [ 15.649948324887959, 48.806347115687807 ], [ 15.649965631198977, 48.806262832834889 ], [ 15.649982047659188, 48.806182976030108 ], [ 15.650006729882429, 48.805951357115241 ], [ 15.650003364153491, 48.805716961898312 ], [ 15.649992592206212, 48.80568352539359 ], [ 15.649990045454937, 48.805675388310718 ], [ 15.649795966082284, 48.805657619250255 ], [ 15.649615840604465, 48.805641194446665 ], [ 15.64959469270935, 48.805637382462216 ], [ 15.649311780023353, 48.805585824425769 ], [ 15.64895860411292, 48.805483377002744 ], [ 15.648645910934407, 48.805360427989477 ], [ 15.648599038065473, 48.805341917477669 ], [ 15.648607373528341, 48.805312333197925 ], [ 15.648640099770713, 48.805195447706254 ], [ 15.648643592585952, 48.805173246338626 ], [ 15.648648851163935, 48.805138864266695 ], [ 15.6486713340066, 48.804994199823426 ], [ 15.648651235642745, 48.804971383361547 ], [ 15.648597116780374, 48.804910009930246 ], [ 15.648539982091846, 48.804845187032207 ], [ 15.648540202654941, 48.804825929132733 ], [ 15.648541249807568, 48.804710297200494 ], [ 15.648379595958971, 48.804674523200639 ], [ 15.648203495461081, 48.804635524580817 ], [ 15.648106989943489, 48.804558430965102 ], [ 15.648177522257978, 48.804485516305448 ], [ 15.648218386380515, 48.804443325625634 ], [ 15.648221461724409, 48.804439036492838 ], [ 15.648265704719512, 48.804378155500395 ], [ 15.648297894117125, 48.804333886331456 ], [ 15.648171580672749, 48.804320628485492 ], [ 15.647987864173142, 48.804321096348978 ], [ 15.647832613132366, 48.804321543411199 ], [ 15.647436044381823, 48.804250265595961 ], [ 15.647406056980909, 48.804234661209328 ], [ 15.647176059404627, 48.804114939214962 ], [ 15.647157301375696, 48.804082559321976 ], [ 15.647151243659978, 48.804072062086547 ], [ 15.647126143632294, 48.804028920637407 ], [ 15.64703356430061, 48.803869696369567 ], [ 15.647163565637774, 48.803804699000693 ], [ 15.64728423967348, 48.803744293569629 ], [ 15.647472446478655, 48.803650169678093 ], [ 15.647751357102562, 48.803266086344102 ], [ 15.647781106727992, 48.803225104227245 ], [ 15.647785734416354, 48.803185786234685 ], [ 15.647812213940233, 48.802960610006643 ], [ 15.647800583751851, 48.802757146944451 ], [ 15.647970064980031, 48.802679765265324 ], [ 15.647985141648524, 48.802672810676967 ], [ 15.647994484543222, 48.802641407161076 ], [ 15.647999094030711, 48.802625841577282 ], [ 15.64802415868998, 48.80254140613031 ], [ 15.648008721857128, 48.802196225240976 ], [ 15.647916855908575, 48.801820339663756 ], [ 15.647804757881968, 48.801352183101898 ], [ 15.647970412084971, 48.801138751909683 ], [ 15.648087043034948, 48.80105530271026 ], [ 15.648198260891839, 48.800975648736703 ], [ 15.648317418683408, 48.80087577497914 ], [ 15.648320378011787, 48.800871937965432 ], [ 15.648463944550761, 48.800685212129487 ], [ 15.648652316822911, 48.80058901335083 ], [ 15.648711158513805, 48.800558974144565 ], [ 15.64872220909278, 48.800553358309514 ], [ 15.648822454772874, 48.800493173372978 ], [ 15.648878148518829, 48.80045977721052 ], [ 15.6488948513546, 48.80044964149922 ], [ 15.648985687087817, 48.800395219892664 ], [ 15.6491377627483, 48.800222090944104 ], [ 15.649163278524275, 48.800192977835877 ], [ 15.649254850970113, 48.800133773068929 ], [ 15.649393925410143, 48.800043762360879 ], [ 15.649472362041189, 48.79992588571762 ], [ 15.64967230443265, 48.799811553166144 ], [ 15.649748909379358, 48.799767757861844 ], [ 15.649809515157445, 48.79966219830667 ], [ 15.649944930573559, 48.799605817861888 ], [ 15.649952392382565, 48.799596133987265 ], [ 15.649955227621497, 48.799592569281529 ], [ 15.650029110306649, 48.799497544396921 ], [ 15.650132092289189, 48.799365328137092 ], [ 15.650121632172905, 48.799272415080345 ], [ 15.650151454711198, 48.799233140185038 ], [ 15.650249171728504, 48.799104986231256 ], [ 15.650288690738073, 48.799090441958853 ], [ 15.650319767340774, 48.799078943104163 ], [ 15.650334099292207, 48.79907362231468 ], [ 15.650372353049551, 48.799058203246247 ], [ 15.650414787410051, 48.799078060079026 ], [ 15.65043203735876, 48.799086087334508 ], [ 15.650526850256773, 48.799086647826321 ], [ 15.650552838670809, 48.799110247625336 ], [ 15.650560124888589, 48.79913286648798 ], [ 15.65056390609781, 48.799144218182199 ], [ 15.650564795161838, 48.799163904143981 ], [ 15.650495561900104, 48.799205035567425 ], [ 15.650495016593636, 48.799247242360728 ], [ 15.650556456080887, 48.799265734889289 ], [ 15.650595296611341, 48.799260290883829 ], [ 15.650613840548408, 48.799257766089582 ], [ 15.650646842046257, 48.799264763081041 ], [ 15.650664859531147, 48.799283751545218 ], [ 15.650670435736474, 48.799310722678001 ], [ 15.650672354715207, 48.799320041758918 ], [ 15.650659573842985, 48.799347644636271 ], [ 15.650639479428605, 48.799391226429208 ], [ 15.650683929335019, 48.799482839693717 ], [ 15.650686688345324, 48.799528850073088 ], [ 15.650647526375996, 48.799551304814344 ], [ 15.650633626890066, 48.799557156935855 ], [ 15.650617590891489, 48.799563950869498 ], [ 15.650473489234175, 48.799578757120329 ], [ 15.650451667333515, 48.799581076584204 ], [ 15.650444620148289, 48.799581845268293 ], [ 15.650425239372993, 48.79958393667485 ], [ 15.650414473505878, 48.799589816980195 ], [ 15.650404639824368, 48.799595229061346 ], [ 15.650380319631459, 48.799608574116697 ], [ 15.650393700427065, 48.799711866126529 ], [ 15.650330526925043, 48.79973641344516 ], [ 15.650317719632772, 48.799754389981011 ], [ 15.650358458201461, 48.799869378770509 ], [ 15.65034475763235, 48.799949002503126 ], [ 15.650333831253318, 48.799954346140318 ], [ 15.650288393333453, 48.799976564551329 ], [ 15.6502458338556, 48.7999750640559 ], [ 15.65023805755186, 48.799974767452724 ], [ 15.650188573992734, 48.799997875282777 ], [ 15.650187487367353, 48.800000955683082 ], [ 15.65017076352337, 48.800046810169448 ], [ 15.650166880933673, 48.800096550226975 ], [ 15.650165316530392, 48.800116194556992 ], [ 15.650172904737595, 48.800223919275048 ], [ 15.650044918286916, 48.800303095940862 ], [ 15.649952898283299, 48.800343326442174 ], [ 15.649892179930468, 48.800346862070739 ], [ 15.649746154869261, 48.800355317393425 ], [ 15.649711940557992, 48.800393868938698 ], [ 15.649655565837195, 48.800457418927671 ], [ 15.649606815838302, 48.800599362605489 ], [ 15.649582878438906, 48.800669471092959 ], [ 15.649506659404748, 48.80072486478204 ], [ 15.649317711142936, 48.800741902578814 ], [ 15.649167735288453, 48.800940451871185 ], [ 15.649087924129134, 48.801046029368095 ], [ 15.64899669762594, 48.801058622613226 ], [ 15.648977884869263, 48.801061242400259 ], [ 15.648742921606411, 48.801018365754942 ], [ 15.648704916271011, 48.801024242515695 ], [ 15.648577378072369, 48.801044028380623 ], [ 15.648574434978546, 48.801048224961235 ], [ 15.648505106749543, 48.801144688556853 ], [ 15.648516792342956, 48.801216524478193 ], [ 15.648455045008927, 48.801254628111217 ], [ 15.648355006492107, 48.801316428052651 ], [ 15.648313171962702, 48.801331017205058 ], [ 15.64819531089832, 48.801372114934082 ], [ 15.648155243552633, 48.801410781208304 ], [ 15.648106044329472, 48.801458354352832 ], [ 15.648131907877275, 48.801554652912742 ], [ 15.648158277082, 48.801653100788819 ], [ 15.648241278456124, 48.801684575551867 ], [ 15.648272817002031, 48.801719492741647 ], [ 15.648303285654707, 48.801839362705408 ], [ 15.648286314547642, 48.801903935466029 ], [ 15.648281558793036, 48.801922293021377 ], [ 15.648331283239218, 48.802043313318187 ], [ 15.648273515407681, 48.802172658030052 ], [ 15.64827058391724, 48.802303892030579 ], [ 15.648312084255103, 48.802378469778397 ], [ 15.648323198554367, 48.802398404223119 ], [ 15.648338259894006, 48.802406204969039 ], [ 15.648429769374061, 48.802454156539731 ], [ 15.64859004846689, 48.802538091406852 ], [ 15.648600442312645, 48.802617510188732 ], [ 15.648607675430503, 48.802672159487081 ], [ 15.648602386105368, 48.802681710494987 ], [ 15.648593578672054, 48.80269780862109 ], [ 15.648517865641292, 48.802716213891614 ], [ 15.648510711770516, 48.802726701309965 ], [ 15.648493340969546, 48.802752234959698 ], [ 15.648567589543671, 48.802867374018049 ], [ 15.64857403130239, 48.802877323808275 ], [ 15.648584986492702, 48.80291183649836 ], [ 15.648552434658937, 48.802923903685524 ], [ 15.648511307661295, 48.802939108727834 ], [ 15.648490816248803, 48.802946799793922 ], [ 15.648469326891801, 48.802965576814628 ], [ 15.648395962331406, 48.803030000381433 ], [ 15.64839425192789, 48.803034352618383 ], [ 15.648366227148497, 48.803107510195332 ], [ 15.648294601470555, 48.803162182692368 ], [ 15.648281362677295, 48.803170630619817 ], [ 15.648076138518512, 48.803301078903814 ], [ 15.648058425335631, 48.803337145697654 ], [ 15.648162204909484, 48.803367221804635 ], [ 15.648190577540392, 48.803380248664169 ], [ 15.648192833691342, 48.80338497265204 ], [ 15.648202735614163, 48.803405200879425 ], [ 15.648198512258618, 48.803417250033704 ], [ 15.64818727234433, 48.803448870840271 ], [ 15.64812567427153, 48.803460160211408 ], [ 15.648024492763243, 48.803478616692395 ], [ 15.648016884519217, 48.803506207305979 ], [ 15.64800763070228, 48.803539588390301 ], [ 15.647966211528967, 48.803569464075267 ], [ 15.647960670554514, 48.803573441863293 ], [ 15.647893398811528, 48.803622000382418 ], [ 15.647881243946625, 48.803663535854888 ], [ 15.647871701631304, 48.803696562722735 ], [ 15.647841380933748, 48.803712814360232 ], [ 15.647757193978947, 48.803739663138089 ], [ 15.647736917523842, 48.803746090250606 ], [ 15.647732935918308, 48.803781616772774 ], [ 15.647759233447641, 48.803866390604391 ], [ 15.647771351734253, 48.803905558884694 ], [ 15.647854323613434, 48.80394234275262 ], [ 15.647858994516982, 48.803949268458311 ], [ 15.647891278578456, 48.803997666538443 ], [ 15.647939458503117, 48.804008953993943 ], [ 15.648011456267497, 48.804025890497954 ], [ 15.648047696800093, 48.804077449564829 ], [ 15.64810110223036, 48.804153232479095 ], [ 15.648328570334245, 48.804289287064897 ], [ 15.648589797285961, 48.804340374665919 ], [ 15.648659604400631, 48.804354025032964 ], [ 15.648700006019606, 48.804361956526478 ], [ 15.648988613081949, 48.804554926466871 ], [ 15.649004190438758, 48.804574143149445 ], [ 15.649066215644678, 48.804650745547342 ], [ 15.649129590000744, 48.804721023446255 ], [ 15.649226456418353, 48.804724603721084 ], [ 15.649313106291752, 48.804646692463308 ], [ 15.649340269429347, 48.804572562018237 ], [ 15.649563909140776, 48.80449096244471 ], [ 15.649738855888872, 48.804597909080513 ], [ 15.649954319060647, 48.804600681717083 ], [ 15.650045501310709, 48.804635233001861 ], [ 15.650262287704166, 48.8046099983479 ], [ 15.650504538685261, 48.804705271057429 ], [ 15.650513507681817, 48.804716880366925 ], [ 15.650514350205606, 48.804732518536632 ], [ 15.650519679772646, 48.804817345147939 ], [ 15.650552643949675, 48.804835499224296 ], [ 15.650613756184102, 48.804801365817674 ], [ 15.650621068129208, 48.80480041198193 ], [ 15.650630000890422, 48.804799156292084 ], [ 15.650641779215182, 48.804797574609886 ], [ 15.650793401418237, 48.80483435298904 ], [ 15.650816815734343, 48.804840099423124 ], [ 15.65082860800352, 48.804853902312104 ], [ 15.650849617182883, 48.804878769778504 ], [ 15.650855720627565, 48.804878199628057 ], [ 15.650946335941871, 48.804870025669324 ], [ 15.650957210326537, 48.804875569401119 ], [ 15.651027617656409, 48.804911519107719 ], [ 15.651038900308766, 48.804917054784511 ], [ 15.651040988134941, 48.804927090266418 ], [ 15.651027666047035, 48.804936709745853 ], [ 15.651010119232117, 48.804949291538819 ], [ 15.650998245320579, 48.804957802829072 ], [ 15.651023304386976, 48.804999954639882 ], [ 15.651024027316314, 48.805009927056084 ], [ 15.650944523310907, 48.805056029318926 ], [ 15.650902584752098, 48.8050804280915 ], [ 15.65090622236926, 48.805085574649361 ], [ 15.650923504626123, 48.805109345952445 ], [ 15.650937449868309, 48.805128594560749 ], [ 15.651128558594461, 48.805110792164797 ], [ 15.651249086828171, 48.805050205614343 ], [ 15.651278255588355, 48.805035595273885 ], [ 15.651308573818106, 48.805034367791372 ], [ 15.651401888361567, 48.805070855352568 ], [ 15.651417675971393, 48.805091687045213 ], [ 15.651425063025421, 48.805101438106561 ], [ 15.651464017444095, 48.805116504827147 ], [ 15.651525147431705, 48.805140041353667 ], [ 15.651551673515767, 48.805172447376798 ], [ 15.651561627914203, 48.805184756941095 ], [ 15.651562369195737, 48.805204175840622 ], [ 15.651552786395101, 48.80521516117355 ], [ 15.651504120813158, 48.805271542161599 ], [ 15.651461542402966, 48.805320965397989 ], [ 15.651450080440377, 48.805389838455604 ], [ 15.651512614172407, 48.805429361969495 ], [ 15.651568837336324, 48.805464871253164 ], [ 15.651605974243592, 48.805472866137109 ], [ 15.651802935723962, 48.805515227153393 ], [ 15.651819395917661, 48.805523809615082 ], [ 15.65182077506781, 48.805539257255035 ], [ 15.651736516098074, 48.805603717698681 ], [ 15.651705275354281, 48.805668932114216 ], [ 15.651703904342694, 48.805671748215417 ], [ 15.651682534865328, 48.805684135563965 ], [ 15.6516746378514, 48.805684201299378 ], [ 15.651628060093556, 48.805684309932232 ], [ 15.651558796604766, 48.805709877466093 ], [ 15.651537904183421, 48.805772008761927 ], [ 15.65151688781126, 48.805834412404444 ], [ 15.651623399997968, 48.805960969425911 ], [ 15.651762731859851, 48.805963800355336 ], [ 15.651816483868583, 48.805983793449649 ], [ 15.65187148507003, 48.806004301707432 ], [ 15.651888623871981, 48.806027895759918 ], [ 15.65190683536609, 48.806129472597071 ], [ 15.651944561977453, 48.806174613338371 ], [ 15.65194787885172, 48.806178686549863 ], [ 15.651945366354891, 48.806186383538709 ], [ 15.651903431428515, 48.80621690052741 ], [ 15.651875074647748, 48.806237433007865 ], [ 15.651896438325201, 48.806264092697262 ], [ 15.651916071479143, 48.806288627228263 ], [ 15.651950003842121, 48.806285978780302 ], [ 15.65203347386487, 48.806279384453575 ], [ 15.652102516601209, 48.806270015601484 ], [ 15.652163975014263, 48.806261606007688 ], [ 15.652255619600528, 48.806179725406146 ], [ 15.65229600283225, 48.806181178221784 ], [ 15.652305549214816, 48.806181439796937 ], [ 15.652324754023294, 48.806211560848908 ], [ 15.652332092583043, 48.80621420518397 ], [ 15.652345936930928, 48.806219150397325 ], [ 15.652384967381108, 48.806214781816387 ], [ 15.652405026950667, 48.806212586784916 ], [ 15.652440915529128, 48.806232122189826 ], [ 15.652453764658924, 48.806239156328594 ], [ 15.652465216352104, 48.806245408298672 ], [ 15.652553867653296, 48.806235922338438 ], [ 15.652584874340796, 48.806186637003918 ], [ 15.652606642060515, 48.806183058695837 ], [ 15.652657609425061, 48.806174585862358 ], [ 15.652668615970862, 48.806161952901334 ], [ 15.652671459511653, 48.80615856792312 ], [ 15.652695156366143, 48.806131379414417 ], [ 15.652725428530555, 48.806132131827596 ], [ 15.652740022299071, 48.806132563713795 ], [ 15.652747247076134, 48.806132691108658 ], [ 15.652760927854789, 48.806185233613064 ], [ 15.652770342935273, 48.80622175563677 ], [ 15.652861574537241, 48.80625126550914 ], [ 15.652867674058539, 48.806250605364959 ], [ 15.652949397061407, 48.806241525688826 ], [ 15.653019193174639, 48.806233760891452 ], [ 15.653067557123372, 48.806246032334968 ], [ 15.653119795572891, 48.806298803777125 ], [ 15.653137119422809, 48.806305389681377 ], [ 15.653214961898213, 48.806258688960895 ], [ 15.653230741611354, 48.806249200690829 ], [ 15.653296882821316, 48.806281094630755 ], [ 15.653335706025123, 48.806341418238347 ], [ 15.653349045243095, 48.806362297988542 ], [ 15.653355492432473, 48.80637233738674 ], [ 15.653304745592001, 48.806421832477007 ], [ 15.653287265990148, 48.806438911772347 ], [ 15.653285905297324, 48.806444966607387 ], [ 15.653283220495659, 48.806457885285248 ], [ 15.653364852718965, 48.806525101653619 ], [ 15.653281247130886, 48.806625088416865 ], [ 15.653209919200759, 48.806710437683101 ], [ 15.653167528840497, 48.806712803510102 ], [ 15.653028802445563, 48.806720398773372 ], [ 15.653006023048894, 48.806725706541812 ], [ 15.652979170286676, 48.806779498493746 ], [ 15.652964065206589, 48.806809936410573 ], [ 15.652960041846962, 48.80682639031042 ], [ 15.653015262974371, 48.806896916998156 ], [ 15.653087242004101, 48.806988615868427 ], [ 15.653068730486218, 48.807013003043288 ], [ 15.652980575912176, 48.807036514872593 ], [ 15.652966016646531, 48.807045889052937 ], [ 15.652965931434913, 48.807050029350656 ], [ 15.652964204773925, 48.807129326918457 ], [ 15.652939894148751, 48.807154998078779 ], [ 15.652921827211067, 48.807174158199899 ], [ 15.652918924902082, 48.80718528175386 ], [ 15.652917076690512, 48.807192605776933 ], [ 15.652943793921468, 48.807238233293525 ], [ 15.65293488321624, 48.807242997541721 ], [ 15.652901649345823, 48.80726110730739 ], [ 15.652774090270574, 48.80723555295458 ], [ 15.652740963524545, 48.807228918835257 ], [ 15.652629209313485, 48.807206471425836 ], [ 15.652601871606725, 48.807207370524246 ], [ 15.652547946749044, 48.807276991205931 ], [ 15.652561338624006, 48.807293011619414 ], [ 15.652579461036872, 48.807302190983656 ], [ 15.652595702683403, 48.80731797524458 ], [ 15.652583123752953, 48.807331988747464 ], [ 15.652573268594038, 48.807342979518559 ], [ 15.652564969295694, 48.807352230173024 ], [ 15.652418774470462, 48.807363390840337 ], [ 15.652402998251759, 48.807366940903869 ], [ 15.652385060847884, 48.807370893468438 ], [ 15.652375203863388, 48.807402937212082 ], [ 15.652404099773118, 48.807415412950675 ], [ 15.652412571927538, 48.807419024593884 ], [ 15.652380739367418, 48.807444034248618 ], [ 15.652359956377603, 48.807460368804492 ], [ 15.652323987969988, 48.807460178472134 ], [ 15.652317876041378, 48.807454540937435 ], [ 15.652292739763821, 48.807431824435284 ], [ 15.652277428609986, 48.80743059690554 ], [ 15.652273260642584, 48.807434817718288 ], [ 15.652237597281022, 48.807471508995846 ], [ 15.652238324487286, 48.807475543299248 ], [ 15.65224079047675, 48.807487910510943 ], [ 15.652290488321828, 48.807541722063924 ], [ 15.652283631047478, 48.807546715672679 ], [ 15.652274409476012, 48.807553645275554 ], [ 15.652252525495374, 48.807569731613206 ], [ 15.652246756878402, 48.807568675768309 ], [ 15.652148546209668, 48.807550549265727 ], [ 15.652143807427652, 48.807551182534851 ], [ 15.652125400722701, 48.807553794764338 ], [ 15.652112315864564, 48.807571686892757 ], [ 15.652082266905012, 48.80766629796517 ], [ 15.652009386442026, 48.807895178919566 ], [ 15.651941469128472, 48.807986757913376 ], [ 15.651942419793169, 48.80800176413193 ], [ 15.651945686170986, 48.808049923560205 ], [ 15.651883025162455, 48.808070952478339 ], [ 15.651886009125068, 48.808109850580806 ], [ 15.651940437849714, 48.808144765288723 ], [ 15.651981815998147, 48.808171210237674 ], [ 15.652007478809951, 48.808238721396357 ], [ 15.652017222734054, 48.808264440569808 ], [ 15.651973236720345, 48.808312901955468 ], [ 15.651882404475568, 48.80841285006931 ], [ 15.651868167567116, 48.808414300394418 ], [ 15.651783970933218, 48.808422978159101 ], [ 15.651702904419453, 48.808413510216532 ], [ 15.651577936611414, 48.808490559001022 ], [ 15.651536600951541, 48.808492183655524 ], [ 15.65149159890651, 48.808494060515315 ], [ 15.651482618762758, 48.808503324502155 ], [ 15.651452546125913, 48.808534147209464 ], [ 15.651393386269911, 48.80854224114281 ], [ 15.651377619706448, 48.808555057756564 ], [ 15.65135803641418, 48.808570828641045 ], [ 15.651370763992285, 48.808593250128233 ], [ 15.651373569099393, 48.808598053199361 ], [ 15.651376382330669, 48.808603036049853 ], [ 15.651400986671614, 48.808613977179206 ], [ 15.651437754183149, 48.80861073320397 ], [ 15.651439433958032, 48.808620776706277 ], [ 15.65144168855268, 48.808634497638174 ], [ 15.651443068958928, 48.808773563721225 ], [ 15.651402212080955, 48.80882799114832 ], [ 15.651397733173601, 48.808828349352019 ], [ 15.651362826135982, 48.808830566968034 ], [ 15.651338660613845, 48.808799194039416 ], [ 15.651327371057979, 48.808784481604576 ], [ 15.651315059804165, 48.808768259822742 ], [ 15.651189242222829, 48.808778297418179 ], [ 15.651114183232414, 48.808805328343219 ], [ 15.651027870981411, 48.808836539692912 ], [ 15.65102187853695, 48.808854651758786 ], [ 15.651020688169991, 48.808858453951366 ], [ 15.651025238025976, 48.80886871079629 ], [ 15.651027370768944, 48.808873707066532 ], [ 15.651047748131944, 48.808884551644041 ], [ 15.65113880691263, 48.808901110640754 ], [ 15.651191686397409, 48.80891077471744 ], [ 15.65119425993246, 48.808916482054357 ], [ 15.651164393946674, 48.808957917031698 ], [ 15.651158998711878, 48.808977186939167 ], [ 15.651150064882687, 48.809008582544536 ], [ 15.651097861483958, 48.809016899074244 ], [ 15.651050657004657, 48.809024307322332 ], [ 15.65104629378266, 48.809030241357192 ], [ 15.65104116272912, 48.809037270163103 ], [ 15.651052279530356, 48.809057204273827 ], [ 15.651077013586034, 48.809101161815548 ], [ 15.650960244929715, 48.809208997845801 ], [ 15.650911603534599, 48.809253951737794 ], [ 15.65074387832852, 48.809331392385346 ], [ 15.650720032533894, 48.809367400370419 ], [ 15.650695790602029, 48.809403686065117 ], [ 15.650699489405218, 48.809509687478986 ], [ 15.650650214039098, 48.809540618462542 ], [ 15.650575362419787, 48.80958734828544 ], [ 15.650512775100891, 48.809652280173644 ], [ 15.65043809973796, 48.809705934094524 ], [ 15.650416986178351, 48.809721015193617 ], [ 15.65039688554576, 48.809761537754561 ], [ 15.650414089259399, 48.809810682097627 ], [ 15.65043081451555, 48.809825107562411 ], [ 15.650422727670829, 48.809836063274886 ], [ 15.650414177798625, 48.809842799534771 ], [ 15.650402479354709, 48.809852206956137 ], [ 15.650482530558053, 48.809848200379271 ], [ 15.650561497037678, 48.809844305092739 ], [ 15.650735191170497, 48.809814521050882 ], [ 15.650887251832307, 48.809788312056291 ], [ 15.651167427135558, 48.809802853097935 ], [ 15.651183947591194, 48.809803697068276 ], [ 15.651351478000803, 48.809812360705394 ], [ 15.651177415006078, 48.809981695969014 ], [ 15.651199640150583, 48.810289674045691 ], [ 15.651200253524188, 48.810297219410231 ], [ 15.651203716825378, 48.810304528660083 ], [ 15.651701134305373, 48.811358254650671 ], [ 15.651728780901642, 48.811511827622518 ], [ 15.651733875531249, 48.811540157592049 ], [ 15.651746471966085, 48.811610895306629 ], [ 15.651762923951665, 48.811634322938652 ], [ 15.651802247081907, 48.811690588420632 ], [ 15.651814612007605, 48.811707978688311 ], [ 15.651844694542666, 48.811749671318793 ], [ 15.65184731501043, 48.811753398378762 ], [ 15.651857636406294, 48.811767769964177 ], [ 15.651905127720406, 48.811772681637834 ], [ 15.651984373373896, 48.811780925855309 ], [ 15.651937800338956, 48.81180838518106 ], [ 15.651348688885198, 48.812156215540277 ], [ 15.651275002424409, 48.812171523316238 ], [ 15.650316954571924, 48.812370882431303 ], [ 15.650007450207399, 48.812425113823238 ], [ 15.649870403513145, 48.812449136359483 ], [ 15.648901798188739, 48.812571767755863 ], [ 15.648652740436043, 48.812610140250435 ], [ 15.648546944159635, 48.812626348383333 ], [ 15.648019062777577, 48.812707635855816 ], [ 15.647243734612733, 48.812760411397726 ], [ 15.64691165445093, 48.812806531637307 ], [ 15.64676874355675, 48.812800256213862 ], [ 15.646479234891469, 48.812787507460754 ], [ 15.646406439257797, 48.81278938917157 ], [ 15.646312415369666, 48.81279177833715 ], [ 15.646277308513628, 48.812792648770866 ], [ 15.646136068503386, 48.812796236351353 ], [ 15.645930075447344, 48.812816931778201 ], [ 15.646034917200721, 48.812845999399507 ], [ 15.646048990359045, 48.812849951195204 ], [ 15.646129800805701, 48.812877781918928 ], [ 15.646224869270695, 48.812910640360471 ], [ 15.646295994488341, 48.812935152652521 ], [ 15.646461912278946, 48.812992438614103 ], [ 15.646626579966114, 48.813061265021062 ], [ 15.646764737096804, 48.813119186614799 ], [ 15.646873589616725, 48.81321601153261 ], [ 15.646896299010711, 48.813236257727333 ], [ 15.6469185757792, 48.813255972612616 ], [ 15.646964066452762, 48.81328899610655 ], [ 15.647187468745937, 48.813285770307473 ], [ 15.647331232925456, 48.813283751272238 ], [ 15.647663548146292, 48.813279011223635 ], [ 15.648091910255875, 48.813286504939526 ], [ 15.648150999998089, 48.813291819633079 ], [ 15.648184920540455, 48.81329484068425 ], [ 15.648251373182866, 48.813315395168864 ], [ 15.648312580833524, 48.81333443341628 ], [ 15.648536376692011, 48.813406321800343 ], [ 15.648677235408059, 48.813451592288011 ], [ 15.648780633392063, 48.813484824528317 ], [ 15.649464000091504, 48.81360965063935 ], [ 15.649569543986491, 48.813693402777332 ], [ 15.649601617356497, 48.813718862205413 ], [ 15.649750140716229, 48.813810134809302 ], [ 15.649966999652534, 48.813927411815207 ], [ 15.650013017013334, 48.813959973945188 ], [ 15.650045385414728, 48.813982908298883 ], [ 15.650255549651758, 48.814184168216869 ], [ 15.650451044275766, 48.814304924227656 ], [ 15.650488712182252, 48.814451192149455 ], [ 15.650497292309707, 48.814484311791425 ], [ 15.650527772697094, 48.814477503325669 ], [ 15.650572010280106, 48.814467634726114 ], [ 15.650715949809237, 48.814490529706099 ], [ 15.650892354251777, 48.814647019181919 ], [ 15.650933082812267, 48.814683104027367 ], [ 15.651014374350028, 48.814839038507792 ], [ 15.651115184427214, 48.814875198779184 ], [ 15.651188904322927, 48.81494797064768 ], [ 15.651237507585417, 48.814965366477914 ], [ 15.651344965096561, 48.81500391468456 ], [ 15.651400441105052, 48.81500758959502 ], [ 15.651448951130501, 48.815010861971814 ], [ 15.651721559345871, 48.815029150151631 ], [ 15.651859177020526, 48.815102011482495 ], [ 15.651995808101839, 48.815243448846886 ], [ 15.651943961102067, 48.815518967874574 ], [ 15.651956603380505, 48.815560554423072 ], [ 15.651958681648548, 48.815567351127505 ], [ 15.652068326727486, 48.815581923691653 ], [ 15.6520953276403, 48.815585529923041 ], [ 15.652201413575, 48.815599722691466 ], [ 15.652218943639571, 48.815610803162258 ], [ 15.652298063671486, 48.815661335391646 ], [ 15.652415195976976, 48.815736039541129 ], [ 15.652430046448881, 48.815739075569617 ], [ 15.652451631439297, 48.815743418305871 ], [ 15.652693056881043, 48.815701679795424 ], [ 15.652793496983135, 48.815684404096409 ], [ 15.653080232835329, 48.815719774678264 ], [ 15.653192746311978, 48.815707388750248 ], [ 15.653623016822724, 48.815660213599543 ], [ 15.654160147395926, 48.815460678995912 ], [ 15.65420943401946, 48.815463035224688 ], [ 15.654457112544588, 48.815475241327668 ], [ 15.654521456282726, 48.815506270440409 ], [ 15.654593725098715, 48.815501695093559 ], [ 15.654980232192075, 48.815492985982544 ], [ 15.654986080905632, 48.815492780552233 ], [ 15.655135078466888, 48.815527986156091 ], [ 15.655244416339084, 48.815553808037912 ], [ 15.655643252474928, 48.815618808331003 ], [ 15.655959202509536, 48.815869072187283 ], [ 15.656348268685466, 48.816686858516384 ], [ 15.656342189402551, 48.816700024180605 ], [ 15.656166270985372, 48.817084249892247 ], [ 15.656112960126981, 48.817200643722529 ], [ 15.656191925070571, 48.817217527876522 ], [ 15.656263458393369, 48.817232759373368 ], [ 15.65642689016313, 48.817267678326274 ], [ 15.656611277083066, 48.817271953342036 ], [ 15.656635414377003, 48.817272466187383 ], [ 15.656656144703446, 48.817272956362132 ], [ 15.656872137239173, 48.817259152514886 ], [ 15.656994025039374, 48.817288233702889 ], [ 15.657370424440908, 48.817377873488311 ], [ 15.657412981229166, 48.817388008809999 ], [ 15.657669015113738, 48.817449076632236 ], [ 15.65774628069228, 48.817467522825766 ], [ 15.657888550994908, 48.817501418497407 ], [ 15.657982620273819, 48.81757198466245 ], [ 15.658053275508884, 48.817624929689352 ], [ 15.658243946830218, 48.817767811014292 ], [ 15.658315027255021, 48.817821107361759 ], [ 15.658352756947352, 48.817826929268641 ], [ 15.65909895975048, 48.817941551501605 ], [ 15.659700157235504, 48.818016031937724 ], [ 15.659995656943424, 48.818127056991749 ], [ 15.660311806585895, 48.81824577001953 ], [ 15.660764155543333, 48.818408571212103 ], [ 15.66112562108829, 48.818532053415346 ], [ 15.661392432331171, 48.818623219749561 ], [ 15.661451623811402, 48.818546563553433 ], [ 15.662451752185882, 48.818525142266473 ], [ 15.662870599270414, 48.818382072277885 ], [ 15.663214984655795, 48.818264407802815 ], [ 15.663329238141104, 48.818206273180074 ], [ 15.663558276553941, 48.81808972314181 ], [ 15.663927372211615, 48.817883306579802 ], [ 15.664174290619487, 48.817752545603184 ], [ 15.664306427561097, 48.817692256149599 ], [ 15.664373430346917, 48.817661687981733 ], [ 15.664582449943389, 48.817566405585687 ], [ 15.665479334943036, 48.817204399495736 ], [ 15.665505687778307, 48.817193710328866 ], [ 15.665559602102565, 48.817171948129001 ], [ 15.665630953332217, 48.817255014856308 ], [ 15.66563832846898, 48.81729436535818 ], [ 15.665708384044967, 48.817669499795088 ], [ 15.66571019893828, 48.817679450452914 ], [ 15.665769367045703, 48.817872072025885 ], [ 15.665929316267849, 48.818183704163467 ], [ 15.666201419010493, 48.818579752413534 ], [ 15.6662758278332, 48.818688039603565 ], [ 15.666373870714407, 48.818830676230704 ], [ 15.665480700982886, 48.819083121521082 ], [ 15.665373088199855, 48.819113505832284 ], [ 15.664774533732109, 48.819193569584648 ], [ 15.664349040932146, 48.819250407070029 ], [ 15.663576334309264, 48.819353799408127 ], [ 15.663107913016669, 48.819416431201887 ], [ 15.662111542272049, 48.819547996075087 ], [ 15.661612076108888, 48.819614115554188 ], [ 15.661484365784322, 48.819640035723765 ], [ 15.661114199764146, 48.819715289546608 ], [ 15.660990267720663, 48.819740414633415 ], [ 15.660939693203, 48.819763817941471 ], [ 15.66086829557363, 48.819796720232745 ], [ 15.66055351732734, 48.819942671814033 ], [ 15.660132029267283, 48.820130050286572 ], [ 15.659641434975901, 48.820298820812994 ], [ 15.659160362807153, 48.820458314001932 ], [ 15.658647771096561, 48.820658914546655 ], [ 15.658183791115245, 48.820831920950305 ], [ 15.65763442860384, 48.82096990526869 ], [ 15.657151124157849, 48.821080400753893 ], [ 15.656941734961768, 48.821174147022262 ], [ 15.6567025670495, 48.821281256780708 ], [ 15.656277490731995, 48.821474179813521 ], [ 15.656220755091182, 48.821882051448085 ], [ 15.656189119894281, 48.822110118516356 ], [ 15.65617719670108, 48.822195824778873 ], [ 15.656231785177249, 48.822552734347141 ], [ 15.656295036523286, 48.822938442833802 ], [ 15.656326461543859, 48.823132875463131 ], [ 15.656332868096742, 48.823181062401567 ], [ 15.656340667324438, 48.823238938507849 ], [ 15.656270005230599, 48.823360442923608 ], [ 15.656132074698437, 48.823597176691784 ], [ 15.655859040554317, 48.823973690979535 ], [ 15.655790726075015, 48.824029741091515 ], [ 15.655399499697397, 48.82435091751563 ], [ 15.655094129283803, 48.824576200206025 ], [ 15.654696450711242, 48.824745993471353 ], [ 15.654683306777757, 48.824786738948525 ], [ 15.654625907909962, 48.824963581276485 ], [ 15.654594306465743, 48.824972841937992 ], [ 15.653997491370779, 48.825282865385176 ], [ 15.653182467103985, 48.825706231702476 ], [ 15.653178513074504, 48.825709188690169 ], [ 15.653141990084309, 48.825736179922394 ], [ 15.652816455271237, 48.825976968614 ], [ 15.652734972035224, 48.826037235070785 ], [ 15.65271599000396, 48.826051374602365 ], [ 15.652702659125762, 48.826085015930424 ], [ 15.652670261427932, 48.826167076611583 ], [ 15.652683171504586, 48.826232589342666 ], [ 15.652752709296069, 48.826586055622542 ], [ 15.652761935291085, 48.826633377287699 ], [ 15.652754264940446, 48.826647563679813 ], [ 15.652690053235778, 48.82676434984424 ], [ 15.652537443097977, 48.826909059793536 ], [ 15.652447484659671, 48.82696274541302 ], [ 15.652425726523925, 48.82697577001764 ], [ 15.652369601941661, 48.827009265289966 ], [ 15.652202369258692, 48.827056646811492 ], [ 15.652094335655832, 48.827087296555234 ], [ 15.651924190601274, 48.827121509657104 ], [ 15.651814541265257, 48.827143553974786 ], [ 15.651750666145325, 48.827156328925938 ], [ 15.651698562038966, 48.82734808977132 ], [ 15.651544435888573, 48.82791451197005 ], [ 15.651496227632508, 48.828108085180048 ], [ 15.651444059277694, 48.828527557982284 ], [ 15.651433965683534, 48.828608728767755 ], [ 15.651343505121138, 48.828934758687417 ], [ 15.651264169311991, 48.829220533171068 ], [ 15.651234762346656, 48.82932664590821 ], [ 15.651122708816393, 48.82962422098251 ], [ 15.651010170330355, 48.829923154957591 ], [ 15.650986444801299, 48.829986150614332 ], [ 15.650963690593231, 48.830046518035303 ], [ 15.650953248923987, 48.830358195235043 ], [ 15.65105406599951, 48.830475237509937 ], [ 15.651265030874949, 48.830719754255256 ], [ 15.651550639744285, 48.830972516336637 ], [ 15.65166732425846, 48.831075750117485 ], [ 15.651797640810269, 48.831191130798871 ], [ 15.651949531213322, 48.831325519363865 ], [ 15.652143521358996, 48.831327093941326 ], [ 15.652986146443441, 48.831333963928927 ], [ 15.653125742333817, 48.831335079952574 ], [ 15.653188516522901, 48.83167437347894 ], [ 15.653263037317007, 48.83207749294931 ], [ 15.653287184388613, 48.832105176949632 ], [ 15.653559664795466, 48.832416762773889 ], [ 15.65391070065103, 48.832961436635138 ], [ 15.653965372656709, 48.833046278233027 ], [ 15.654004068539228, 48.83310633370769 ], [ 15.654940194384103, 48.832553000375562 ], [ 15.654981600716857, 48.832528431522157 ], [ 15.655270959193002, 48.832399913575827 ], [ 15.655618568686345, 48.832245683562945 ], [ 15.655658378596909, 48.832240039398719 ], [ 15.655898323048778, 48.832206062737448 ], [ 15.656155737573069, 48.832169671361278 ], [ 15.656226692071895, 48.832159633374168 ], [ 15.656257282235551, 48.832158039705462 ], [ 15.656626241714985, 48.832138248198071 ], [ 15.656673387524366, 48.832132098937336 ], [ 15.656709289458528, 48.832127431279339 ], [ 15.65679464365955, 48.832116388811166 ], [ 15.656899774647908, 48.832102706452787 ], [ 15.657051646907194, 48.832082972544299 ], [ 15.657217605845817, 48.832061340736715 ], [ 15.657261095697494, 48.832055713299866 ], [ 15.657486509396309, 48.831995839482374 ], [ 15.657540893928523, 48.831993055643593 ], [ 15.657755168357529, 48.831982074489908 ], [ 15.658504014177675, 48.832574205797819 ], [ 15.658514897687159, 48.832582807633074 ], [ 15.658700832642692, 48.83250580800464 ], [ 15.658974924152133, 48.832392427387212 ], [ 15.659248748537198, 48.832642705371029 ], [ 15.659446794536878, 48.832823675616204 ], [ 15.659470115214019, 48.83284507693174 ], [ 15.659516486511283, 48.832821847780039 ], [ 15.659691435129297, 48.832733997650941 ], [ 15.659757397098097, 48.832701024244464 ], [ 15.659789773503034, 48.832684729419903 ], [ 15.659774706236181, 48.832668023269207 ], [ 15.659696788729747, 48.832581664526096 ], [ 15.659538232968295, 48.832406031714065 ], [ 15.659728681756949, 48.832371496422248 ], [ 15.659798428314639, 48.83235887106509 ], [ 15.659878445175945, 48.832344333150772 ], [ 15.659943774646932, 48.832477634567617 ], [ 15.659999633341609, 48.83259142007271 ], [ 15.660173920780482, 48.832645193230306 ], [ 15.660340741904765, 48.832696594691207 ], [ 15.660658806520942, 48.832765426952015 ], [ 15.660799281498161, 48.832830844298613 ], [ 15.660794794418363, 48.832900119121248 ], [ 15.660905077170987, 48.83296388443641 ], [ 15.661000383291322, 48.83301894908589 ], [ 15.661071606550143, 48.833032834586369 ], [ 15.661094152650914, 48.833037156835552 ], [ 15.661221794500749, 48.833008990088373 ], [ 15.661247563856071, 48.833003261984551 ], [ 15.661291604700303, 48.833051783423194 ], [ 15.661327179722393, 48.833090935669702 ], [ 15.661415402034503, 48.833188065658263 ], [ 15.661578044006456, 48.833261410543543 ], [ 15.662089349508424, 48.833492047272891 ], [ 15.662222241972332, 48.833537460033646 ], [ 15.662231008298519, 48.833643449763976 ], [ 15.662333117432475, 48.833740214218111 ], [ 15.66241955935091, 48.833822084015893 ], [ 15.662404867630354, 48.833828672690188 ], [ 15.662132901298095, 48.833949846420829 ], [ 15.662089008439001, 48.834189672495349 ], [ 15.662001679188107, 48.834244302749823 ], [ 15.661858164754031, 48.834334143159623 ], [ 15.66183219160922, 48.83435040176564 ], [ 15.661336576784848, 48.834603575504104 ], [ 15.661174876090113, 48.834686127534901 ], [ 15.660628489304104, 48.834991854773982 ], [ 15.660593269651736, 48.835014593807088 ], [ 15.660627565952089, 48.835046574032319 ], [ 15.660814142432086, 48.835220751324577 ], [ 15.660554710198614, 48.835483193917248 ], [ 15.660515333875312, 48.83551645150505 ], [ 15.660388796063522, 48.835623138152464 ], [ 15.660354802361963, 48.835651880749452 ], [ 15.660338785933675, 48.835665332965313 ], [ 15.660312348567706, 48.835683399756029 ], [ 15.659952577101679, 48.835777064825848 ], [ 15.659705264872587, 48.836015423947295 ], [ 15.659710991341068, 48.836024487519033 ], [ 15.659724340872861, 48.836045366187854 ], [ 15.659737542014025, 48.836065977883337 ], [ 15.659739747643455, 48.836069533016421 ], [ 15.659758234155854, 48.836098497252422 ], [ 15.659895716834638, 48.836314042583631 ], [ 15.659937241790628, 48.836379168447763 ], [ 15.660236731994171, 48.836455656911518 ], [ 15.66074864773163, 48.836600097503499 ], [ 15.661079596435938, 48.836706011085269 ], [ 15.661205451253615, 48.836746346110445 ], [ 15.661249547946666, 48.836772014375242 ], [ 15.66148486178032, 48.83690878895689 ], [ 15.661716145433898, 48.836986803327903 ], [ 15.661959403218379, 48.837058372424785 ], [ 15.662091181583602, 48.837097059819001 ], [ 15.662160359904401, 48.837119802152095 ], [ 15.662453939529273, 48.837216015258292 ], [ 15.662548610706509, 48.837298891600589 ], [ 15.662598184897234, 48.837349102356761 ], [ 15.662830182836577, 48.8375837359306 ], [ 15.662838457624559, 48.837606873984384 ], [ 15.662859669916241, 48.837626786916601 ], [ 15.662875462723672, 48.837641409027846 ], [ 15.662885142936481, 48.837650484137527 ], [ 15.66301774681928, 48.837773274895206 ], [ 15.663158838951349, 48.837860899609332 ], [ 15.663331099602551, 48.837935581214836 ], [ 15.663468491531699, 48.837995748428838 ], [ 15.663648863440045, 48.838074947313828 ], [ 15.66376519851665, 48.838118617127463 ], [ 15.663789048913735, 48.838127591433938 ], [ 15.663875295776881, 48.838159981232273 ], [ 15.664016365089292, 48.838184087506782 ], [ 15.664106333491359, 48.838199399336602 ], [ 15.664254457925612, 48.838216797853974 ], [ 15.664385848282199, 48.838228859698056 ], [ 15.664587446605013, 48.838217308055206 ], [ 15.664719039411168, 48.838209842306981 ], [ 15.664814627093572, 48.838198861357618 ], [ 15.664965807707365, 48.838181560465763 ], [ 15.66517850032168, 48.838153233700019 ], [ 15.665227404500826, 48.838146686399774 ], [ 15.665290264751665, 48.838138333003478 ], [ 15.665803416065573, 48.838072560590142 ], [ 15.666103301605785, 48.838013533619026 ], [ 15.6662971477003, 48.837975411996638 ], [ 15.666904364005962, 48.837931161399354 ], [ 15.667432387488752, 48.83801551469319 ], [ 15.667569829843583, 48.838031771432178 ], [ 15.667952147809887, 48.838076997590107 ], [ 15.667951864284099, 48.838073764337999 ], [ 15.667951318793452, 48.838064778278628 ], [ 15.667945419643303, 48.837971147805916 ], [ 15.66794445555521, 48.837955962202173 ], [ 15.667938707877134, 48.837865657565317 ], [ 15.667935409308548, 48.837814170869194 ], [ 15.66793378104038, 48.837787392461827 ], [ 15.667933706557967, 48.837776777615744 ], [ 15.667933098645591, 48.837724517776849 ], [ 15.667932414351085, 48.837655615214061 ], [ 15.667931863745281, 48.837604613798433 ], [ 15.667930947532652, 48.837515652776752 ], [ 15.667930874952424, 48.837511065804989 ], [ 15.667942513822569, 48.837425454406798 ], [ 15.667954169026444, 48.837340202553776 ], [ 15.667957532876571, 48.837315304396604 ], [ 15.667958161602161, 48.837311153352708 ], [ 15.667963474114311, 48.837272181383199 ], [ 15.667971951795129, 48.837209934635226 ], [ 15.667985423480072, 48.837110701544802 ], [ 15.667988481126187, 48.837088058680997 ], [ 15.66799612727627, 48.83703149646373 ], [ 15.668009309068465, 48.836934878208758 ], [ 15.668031103467012, 48.836868768434925 ], [ 15.668097101665616, 48.836668987360333 ], [ 15.668115306139804, 48.836613835034662 ], [ 15.668130152281783, 48.836568735898609 ], [ 15.668157935994895, 48.836484513440155 ], [ 15.66819543095691, 48.836371128251663 ], [ 15.668285338411911, 48.836070916997393 ], [ 15.668344827349575, 48.835871894617931 ], [ 15.668475736450915, 48.835670015149901 ], [ 15.668535206461325, 48.835578325980926 ], [ 15.668577513939344, 48.835537719941222 ], [ 15.668613423643473, 48.835503268797261 ], [ 15.668660300196343, 48.835458253519199 ], [ 15.668666957936189, 48.835451823535792 ], [ 15.668767757837795, 48.835316038741006 ], [ 15.668811164583477, 48.835257686887026 ], [ 15.668900145136382, 48.835137701214521 ], [ 15.668949194677989, 48.835071589910655 ], [ 15.669009669516136, 48.834981050088714 ], [ 15.669278965768992, 48.834577140602022 ], [ 15.669361575809951, 48.834341310838575 ], [ 15.66928560986578, 48.834020010123524 ], [ 15.669201454877184, 48.833710387956792 ], [ 15.66918425074218, 48.833646851476537 ], [ 15.669179915163649, 48.833632452532051 ], [ 15.669194179056413, 48.833631449572188 ], [ 15.669259371375757, 48.833626556403971 ], [ 15.669277435419984, 48.833625208072917 ], [ 15.66940001392828, 48.833614586950723 ], [ 15.669421180942976, 48.833612547198975 ], [ 15.66989630745252, 48.833592675318258 ], [ 15.670004038438604, 48.833588196440594 ], [ 15.670058448558313, 48.833585946147139 ], [ 15.670106463324029, 48.833583912826491 ], [ 15.670434281402985, 48.833570293468064 ], [ 15.670574661617051, 48.833564535685895 ], [ 15.670601559507118, 48.833562651774521 ], [ 15.670710380570169, 48.833555181608908 ], [ 15.671164017174666, 48.833524305458901 ], [ 15.671369034020131, 48.833507455627135 ], [ 15.671953938672013, 48.833459302612781 ], [ 15.672235986425921, 48.833386398630246 ], [ 15.672394867161529, 48.833350041192105 ], [ 15.672603117933955, 48.833302535346377 ], [ 15.673809384326949, 48.832963111398513 ], [ 15.673906396106593, 48.832935810022775 ], [ 15.673957388025739, 48.832921390088295 ], [ 15.674017622882642, 48.8329034573675 ], [ 15.674710976861656, 48.832696675974503 ], [ 15.675053265699685, 48.832594225750995 ], [ 15.675126942913536, 48.832572246157618 ], [ 15.675244308112847, 48.832537071033784 ], [ 15.675792664548469, 48.832387240995878 ], [ 15.675906805691024, 48.832356088039909 ], [ 15.676354697434357, 48.832286259251667 ], [ 15.676620589903377, 48.83224479563934 ], [ 15.676753604053937, 48.832224062251477 ], [ 15.676777551390153, 48.832220256355114 ], [ 15.676783237011408, 48.83221942334221 ], [ 15.676798684670207, 48.83221749617406 ], [ 15.677196226435836, 48.832167200807397 ], [ 15.677440388835706, 48.83213633480279 ], [ 15.677462714558024, 48.832132830985032 ], [ 15.677500058872781, 48.83212695860378 ], [ 15.677578201720022, 48.832110286621791 ], [ 15.677634885065238, 48.832098180814306 ], [ 15.677932618618145, 48.832034846881264 ], [ 15.678131013735431, 48.83199256572361 ], [ 15.678392305251148, 48.831936974562872 ], [ 15.678501211454273, 48.831910601798633 ], [ 15.678597042223076, 48.831887368622489 ], [ 15.678761407046023, 48.831840006733835 ], [ 15.678901019543707, 48.831799705903478 ], [ 15.678953404272931, 48.831780037740707 ], [ 15.679076126155014, 48.831733955539832 ], [ 15.679296387903957, 48.831651379835378 ], [ 15.679303752930938, 48.831648533877882 ], [ 15.679312863267809, 48.831645113298038 ], [ 15.679429867383334, 48.83159023774617 ], [ 15.67958742253777, 48.831516199529396 ], [ 15.679720303236625, 48.831453899429548 ], [ 15.679760318425759, 48.831431958454928 ], [ 15.679924397580454, 48.831342674742118 ], [ 15.680031032641253, 48.831284586542687 ], [ 15.680112135212884, 48.831240323085453 ], [ 15.680148700634478, 48.831220430119295 ], [ 15.680200157074736, 48.831192412717343 ], [ 15.680211194348059, 48.831186434473508 ], [ 15.680511605651297, 48.831053763772921 ], [ 15.680632753388824, 48.831000153824199 ], [ 15.680688722541841, 48.830975464998829 ], [ 15.680816017620939, 48.830919213038783 ], [ 15.680835785222605, 48.830910451400463 ], [ 15.681080488642083, 48.830802282915968 ], [ 15.681112213696547, 48.83078383577638 ], [ 15.681118320219088, 48.830780295058453 ], [ 15.681383808751567, 48.830626096457365 ], [ 15.681687096541259, 48.830422469040172 ], [ 15.681694412457599, 48.830412606267565 ], [ 15.681704558989647, 48.830399088199464 ], [ 15.681779958391393, 48.830298796256791 ], [ 15.681794966542911, 48.830269436423436 ], [ 15.681846638644434, 48.830168808371283 ], [ 15.681842288570394, 48.830100608187337 ], [ 15.681838404007742, 48.830039596286497 ], [ 15.681835998289049, 48.830001946992887 ], [ 15.681833279399898, 48.829960435251607 ], [ 15.68171100095905, 48.829766112504963 ], [ 15.681681016220553, 48.829718397327404 ], [ 15.681600195026418, 48.8295901843533 ], [ 15.681655294189714, 48.829540590751819 ], [ 15.681658830198579, 48.829537461192437 ], [ 15.681745080746971, 48.829459894871704 ], [ 15.681787091901844, 48.82942207860885 ], [ 15.682086944580123, 48.829152570564553 ], [ 15.682310234327923, 48.829032320940343 ], [ 15.682342151639009, 48.829015129157874 ], [ 15.682361765890413, 48.829003041412861 ], [ 15.682370780845508, 48.828997553176599 ], [ 15.682373825721646, 48.828995603008039 ], [ 15.682593307400511, 48.828860673799866 ], [ 15.682697791558343, 48.828770686601025 ], [ 15.682736905816578, 48.828726180076607 ], [ 15.682757630565909, 48.828702643910873 ], [ 15.682773560927959, 48.82868451171673 ], [ 15.683025191765136, 48.828427480217997 ], [ 15.683136751368272, 48.828313509227868 ], [ 15.683422077325615, 48.82803655010629 ], [ 15.683431814106264, 48.828028978051613 ], [ 15.683607768739032, 48.827892936985954 ], [ 15.683728838095849, 48.827799198519216 ], [ 15.68385012038995, 48.827724979134096 ], [ 15.683965617270156, 48.827670218759827 ], [ 15.684017628950052, 48.827645517310749 ], [ 15.684126462133083, 48.827602945904694 ], [ 15.684530607910135, 48.827444978685655 ], [ 15.684534812346245, 48.827432658732427 ], [ 15.684565353211683, 48.827343877709538 ], [ 15.684581583513252, 48.827329338039 ], [ 15.685049131056127, 48.826910808067353 ], [ 15.685185216269767, 48.826814788404768 ], [ 15.685239070986983, 48.826776823931397 ], [ 15.685244215525735, 48.826773122269842 ], [ 15.685296749987995, 48.826736083865072 ], [ 15.685575704829979, 48.826525644149093 ], [ 15.685701743113961, 48.8264096714422 ], [ 15.685819794272858, 48.826282971938582 ], [ 15.6859630431961, 48.826129317125236 ], [ 15.686153048945691, 48.825925603201362 ], [ 15.68628954258128, 48.825779190678908 ], [ 15.686327987225914, 48.825738025064823 ], [ 15.686476084719898, 48.825556471755839 ], [ 15.686613756518392, 48.825364510323013 ], [ 15.68661759309698, 48.825359035358048 ], [ 15.686620748996194, 48.825353574010826 ], [ 15.686691869993924, 48.825231681074143 ], [ 15.686694563846117, 48.825225059356377 ], [ 15.68670655622461, 48.825195399180416 ], [ 15.686769001349168, 48.825041830316529 ], [ 15.686873672518058, 48.824795916836187 ], [ 15.68688019045463, 48.824780581457986 ], [ 15.686897050441017, 48.824741197044816 ], [ 15.686987579088203, 48.824528585440248 ], [ 15.68700370049344, 48.824490925215635 ], [ 15.687006526274367, 48.824484210876179 ], [ 15.687012751254521, 48.824474369531259 ], [ 15.687210225060037, 48.824166408504176 ], [ 15.687269858630184, 48.824073355495258 ], [ 15.687520305264801, 48.823776659607134 ], [ 15.687668639264112, 48.823523303374799 ], [ 15.687862482053946, 48.823136419679585 ], [ 15.687921556406154, 48.823046076541125 ], [ 15.687932380426322, 48.823029575233619 ], [ 15.687963569565751, 48.822981806421971 ], [ 15.687985341292945, 48.822948531408564 ], [ 15.687996672644836, 48.822931210204189 ], [ 15.688032197024159, 48.82287696668817 ], [ 15.688038875330731, 48.82286513684933 ], [ 15.68806890913449, 48.822812982584075 ], [ 15.688153548754894, 48.822665176256272 ], [ 15.688164995328465, 48.822641464829033 ], [ 15.688202568889022, 48.822563607986829 ], [ 15.688225709426263, 48.822515640341408 ], [ 15.68824959239268, 48.822466038358272 ], [ 15.688332588454667, 48.822294332638101 ], [ 15.688338053851908, 48.822282796971614 ], [ 15.688340912357898, 48.822276801693334 ], [ 15.688384086712604, 48.822181468342173 ], [ 15.688397195314229, 48.822152415350708 ], [ 15.688449151110369, 48.822037652471984 ], [ 15.688509644921393, 48.821904094722321 ], [ 15.688515456697466, 48.821891202551527 ], [ 15.688555166307459, 48.821824279158349 ], [ 15.688616877481605, 48.821720207244596 ], [ 15.68873131534234, 48.821527088329034 ], [ 15.688750144755593, 48.821492072637689 ], [ 15.688791688985903, 48.821414675826446 ], [ 15.688946336216775, 48.821127002170314 ], [ 15.688984263531328, 48.82108062753958 ], [ 15.68902865429556, 48.821026655891949 ], [ 15.689031879860808, 48.82102272255846 ], [ 15.689165810508806, 48.820859532712952 ], [ 15.689215484660902, 48.82079897728007 ], [ 15.689223226773755, 48.820789555243522 ], [ 15.689305671634402, 48.82068902624961 ], [ 15.689484806626693, 48.820462940791792 ], [ 15.689489310756651, 48.82045718241978 ], [ 15.68954519987671, 48.820386605558461 ], [ 15.689602247867228, 48.820314565919801 ], [ 15.689778056940421, 48.820039872484323 ], [ 15.689783394080049, 48.820031488262899 ], [ 15.68982496516492, 48.819966596334261 ], [ 15.689860256494846, 48.819874749073122 ], [ 15.689861955682128, 48.819870216500391 ], [ 15.689870554519809, 48.819843862781752 ], [ 15.689936371439941, 48.819642449513317 ], [ 15.689966635062635, 48.819497530326025 ], [ 15.689974204799999, 48.819439887451566 ], [ 15.689982574356428, 48.819375930607428 ], [ 15.689993805626491, 48.819297161242432 ], [ 15.689999058414779, 48.819260258019625 ], [ 15.68999948311278, 48.819257640362665 ], [ 15.689999887159106, 48.819254573266583 ], [ 15.690011637888443, 48.819172284631463 ], [ 15.69001952866747, 48.819172036547343 ], [ 15.690032179485428, 48.819171603111009 ], [ 15.690028198255652, 48.819159087003371 ], [ 15.689984978243164, 48.81902202810938 ], [ 15.689961476774579, 48.818845616813704 ], [ 15.689931750881476, 48.818388441934246 ], [ 15.689804271016939, 48.817814104477321 ], [ 15.689803643617363, 48.817806379571806 ], [ 15.689785708614115, 48.817576144120231 ], [ 15.689807894279454, 48.817341415960669 ], [ 15.689818109088083, 48.817234596029031 ], [ 15.689896035928896, 48.816875760951277 ], [ 15.68996060580692, 48.816579093238204 ], [ 15.689984660821551, 48.816447343918973 ], [ 15.690009824891641, 48.816310084142955 ], [ 15.689992891247412, 48.816003803162523 ], [ 15.689945753586212, 48.815763626098139 ], [ 15.689926926082466, 48.815712630063857 ], [ 15.689837240121982, 48.815468537071965 ], [ 15.689734839449084, 48.815303513167422 ], [ 15.689686735085093, 48.815226112468451 ], [ 15.689617258945662, 48.814941487366113 ], [ 15.689607985819652, 48.814917560988754 ], [ 15.689567659383933, 48.8148137329216 ], [ 15.689431311921691, 48.814556179120849 ], [ 15.689346276908937, 48.814362826012385 ], [ 15.689267029727411, 48.814182762536959 ], [ 15.68914707310549, 48.813863789812373 ], [ 15.688936805879857, 48.813426334942953 ], [ 15.688872250695445, 48.813305087720408 ], [ 15.688791300388518, 48.813153128904382 ], [ 15.688720340370176, 48.81301995378459 ], [ 15.688621295555041, 48.812809156429225 ], [ 15.688400145444266, 48.812389642745075 ], [ 15.688296373645626, 48.812215287997972 ], [ 15.688226253837989, 48.812097390786427 ], [ 15.688199993698277, 48.812059499079858 ], [ 15.687965250307736, 48.811720600762001 ], [ 15.687447639921846, 48.811071477158457 ], [ 15.687322032612418, 48.810913933374763 ], [ 15.687139446374106, 48.810675386541426 ], [ 15.68711872653981, 48.810648360148107 ], [ 15.687084594929622, 48.810599199443075 ], [ 15.686928265073032, 48.810374702015444 ], [ 15.686938492886769, 48.810371978118681 ], [ 15.686947240141127, 48.810369643738447 ], [ 15.686970516659205, 48.810363329740888 ], [ 15.687003076555733, 48.810354490681341 ], [ 15.687190905080481, 48.810303586237715 ], [ 15.687316731643227, 48.810284872690687 ], [ 15.687375582645108, 48.810276047043118 ], [ 15.687453379763278, 48.810264502829511 ], [ 15.687499648080445, 48.810257548495166 ], [ 15.687506279638518, 48.810256605992883 ], [ 15.687514531967937, 48.8102553611294 ], [ 15.687572166292412, 48.810246739681851 ], [ 15.687629804722965, 48.810238208094411 ], [ 15.687660516892183, 48.810233634477584 ], [ 15.687664278061312, 48.810232479522305 ], [ 15.687694515880439, 48.810223506815831 ], [ 15.687749894121115, 48.810207282917055 ], [ 15.68776629148403, 48.810202456057539 ], [ 15.687789943106031, 48.810195414615471 ], [ 15.687840611583137, 48.81018045459615 ], [ 15.688213440105054, 48.810070511940019 ], [ 15.688290374430423, 48.810046118586243 ], [ 15.688299373124723, 48.810043329212128 ], [ 15.688446469993648, 48.810001335817127 ], [ 15.688491512896933, 48.809988467539917 ], [ 15.688545781238455, 48.809971815628693 ], [ 15.688816602804511, 48.809889105929379 ], [ 15.689061631874587, 48.809814289925257 ], [ 15.689122622001909, 48.809795703657457 ], [ 15.689114653577009, 48.809779398594358 ], [ 15.689232695740017, 48.809754360988343 ], [ 15.689357347736207, 48.809710116962464 ], [ 15.689386166212399, 48.809699912649428 ], [ 15.689418160400976, 48.809693603425771 ], [ 15.689422886534725, 48.809692698990972 ], [ 15.689435844217453, 48.809690100115624 ], [ 15.689556533734844, 48.809666358698031 ], [ 15.689629025744889, 48.809652040240969 ], [ 15.689678567563307, 48.809642230331505 ], [ 15.689699224764068, 48.809638217542719 ], [ 15.689747009723266, 48.809628712722564 ], [ 15.68992769907268, 48.809591532478635 ], [ 15.689934413266391, 48.809595356648011 ], [ 15.689940290251426, 48.809598747740047 ], [ 15.68994998576412, 48.809596304155022 ], [ 15.690284589832626, 48.809514382020843 ], [ 15.690518142678561, 48.809450769392683 ], [ 15.690530654790617, 48.809447369585911 ], [ 15.690585841291389, 48.809427009482405 ], [ 15.69099827468059, 48.809275056995268 ], [ 15.691138870389217, 48.80921618592879 ], [ 15.691274389290507, 48.809159485825184 ], [ 15.691809368879282, 48.808935435261489 ], [ 15.691889281124743, 48.808907740778416 ], [ 15.691978583317193, 48.808876888840658 ], [ 15.692030614620245, 48.808864958639141 ], [ 15.692158669997813, 48.808835578481919 ], [ 15.692191117048058, 48.808830249082106 ], [ 15.692208425169884, 48.808827472649966 ], [ 15.692504799078767, 48.808779330343704 ], [ 15.69372220568831, 48.808563980032062 ], [ 15.693913664799176, 48.808530086202154 ], [ 15.693949682512848, 48.808522435344926 ], [ 15.694471682302856, 48.808410377168265 ], [ 15.695151018165562, 48.808280761088852 ], [ 15.695633800977689, 48.808160218288833 ], [ 15.695828684905408, 48.808106098887251 ], [ 15.695871184131899, 48.808094268491779 ], [ 15.695885307933057, 48.808090385860098 ], [ 15.69614775393431, 48.807991902105556 ], [ 15.696169444316849, 48.807983728708273 ], [ 15.696442874603996, 48.807881244742411 ], [ 15.69647695614441, 48.80786706409048 ], [ 15.696753892220325, 48.807752002885486 ], [ 15.696843443934158, 48.807714844119992 ], [ 15.696911883453144, 48.807689536033962 ], [ 15.696928357256791, 48.807683446720418 ], [ 15.697032688494673, 48.807644821088545 ], [ 15.697100191777489, 48.807619891594264 ], [ 15.69717412367191, 48.807592583537172 ], [ 15.697319579064864, 48.807538915411975 ], [ 15.697335112583414, 48.807533114857392 ], [ 15.697397659028239, 48.807509994298364 ], [ 15.697435294909821, 48.807496101780309 ], [ 15.697506682206777, 48.80746974438037 ], [ 15.697659501577775, 48.807413318582384 ], [ 15.698087350135468, 48.807469494296598 ], [ 15.698338003201858, 48.807502421078929 ], [ 15.698430372818169, 48.807514598741321 ], [ 15.698549466092922, 48.807530287504584 ], [ 15.698798197943324, 48.80756289207649 ], [ 15.699027602883724, 48.807601733117814 ], [ 15.699039133757665, 48.807603660442794 ], [ 15.699400191757805, 48.807664684079114 ], [ 15.699567542595382, 48.807692986463906 ], [ 15.699631243105959, 48.80770376074458 ], [ 15.699648539485572, 48.807706651642711 ], [ 15.699655418529385, 48.807708132693833 ], [ 15.699666834094231, 48.807710512136296 ], [ 15.699685264793878, 48.807714369888295 ], [ 15.699714150155108, 48.807720446470341 ], [ 15.699764080936786, 48.807730957964331 ], [ 15.699841243337806, 48.807747129413933 ], [ 15.700058020078998, 48.807792700578538 ], [ 15.700174246507428, 48.807817082688416 ], [ 15.700204781635303, 48.807823485830319 ], [ 15.700397274053444, 48.807856409351928 ], [ 15.700573014578897, 48.807886430839453 ], [ 15.700602534957518, 48.807891504735494 ], [ 15.700688617495226, 48.807906146480889 ], [ 15.700806694987472, 48.807926352016338 ], [ 15.700918798821677, 48.807938130416836 ], [ 15.701022555655948, 48.807949087099097 ], [ 15.701161214328138, 48.807963659509326 ], [ 15.701213367043593, 48.807969177217949 ], [ 15.701246219218904, 48.807972654343587 ], [ 15.701401852621789, 48.807989043955168 ], [ 15.701599233921469, 48.808009810885409 ], [ 15.701712322223964, 48.808016350356688 ], [ 15.70176326599006, 48.80801928299806 ], [ 15.702103755909942, 48.808038875938905 ], [ 15.702375135993236, 48.80805446200592 ], [ 15.702428401650215, 48.808057527523857 ], [ 15.702496963247762, 48.808061454460649 ], [ 15.702740349830117, 48.808075534364029 ], [ 15.702778043256624, 48.808077653908832 ], [ 15.702783779754641, 48.808077988171711 ], [ 15.702819563786477, 48.808080056207615 ], [ 15.702833358600953, 48.808080857884718 ], [ 15.702854799313139, 48.808082045314215 ], [ 15.702870507679076, 48.808082988369371 ], [ 15.703044371845804, 48.808092980344988 ], [ 15.703055308546933, 48.808040756335586 ], [ 15.703055992207091, 48.808037863465529 ], [ 15.703062786344445, 48.808005066840018 ], [ 15.703069156535127, 48.807974887934584 ], [ 15.703079174722282, 48.807926371266639 ], [ 15.703081851218446, 48.80791354135367 ], [ 15.703459217524763, 48.806926953709301 ], [ 15.703726514964725, 48.806105521866236 ], [ 15.70369551938057, 48.805711800491146 ], [ 15.70364988575, 48.805130962872795 ], [ 15.703657202878984, 48.804997477149954 ], [ 15.703659646066619, 48.804953071794721 ], [ 15.703665651647562, 48.804844264774694 ], [ 15.703677678372859, 48.804624041215028 ], [ 15.703680051894956, 48.804581076802862 ], [ 15.70368433131112, 48.804502715036421 ], [ 15.703686163423701, 48.804468668747489 ], [ 15.703690229779546, 48.804394539947175 ], [ 15.703692475507641, 48.804351758048718 ], [ 15.703693607163242, 48.804332031400918 ], [ 15.703688379057565, 48.804283731947827 ], [ 15.703657878878055, 48.804000935497641 ], [ 15.703608080018473, 48.803539214106856 ], [ 15.703605966607597, 48.803520002729954 ], [ 15.703601181088521, 48.803475383178686 ], [ 15.703602218211925, 48.803456558146763 ], [ 15.703603863182453, 48.803430253194023 ], [ 15.703636863422773, 48.802885707768688 ], [ 15.703743459269559, 48.802530868765082 ], [ 15.703785707443391, 48.802389930665875 ], [ 15.703830678064486, 48.802240120393492 ], [ 15.703923114707191, 48.80193262186615 ], [ 15.703857057412828, 48.801808802744929 ], [ 15.703826042367632, 48.801750676379918 ], [ 15.703796962452188, 48.801696109869319 ], [ 15.703701070943264, 48.80151611984904 ], [ 15.703492172797583, 48.801127603583751 ], [ 15.703357861545896, 48.800920766388906 ], [ 15.703209339557519, 48.800692262320005 ], [ 15.70310200612988, 48.800526897950625 ], [ 15.702248625830373, 48.80000525379419 ], [ 15.702131041299777, 48.799933396102162 ], [ 15.702108594059053, 48.79991918294207 ], [ 15.702088802660178, 48.799906445791542 ], [ 15.702149744865613, 48.799893071674937 ], [ 15.702163363166594, 48.799890098121608 ], [ 15.70234335291113, 48.799850482580624 ], [ 15.702585228524592, 48.799797293449387 ], [ 15.702768167740466, 48.799750779928232 ], [ 15.702948542112479, 48.799704767670981 ], [ 15.703042095557459, 48.799680928821459 ], [ 15.703325809211915, 48.799604761686723 ], [ 15.703585569117871, 48.799487689624179 ], [ 15.703831351410949, 48.799374677620087 ], [ 15.70388376212798, 48.799350587976875 ], [ 15.70453715746109, 48.798939734401365 ], [ 15.704668176577135, 48.798857286438292 ], [ 15.704683647445915, 48.798847257386939 ], [ 15.704737335831728, 48.79881252485027 ], [ 15.70478308463581, 48.798782810938576 ], [ 15.704825531493416, 48.798755322946484 ], [ 15.704881862029202, 48.798718827569303 ], [ 15.704897596633119, 48.798708613222793 ], [ 15.704980367048506, 48.798654849604496 ], [ 15.705411238098307, 48.798400712528142 ], [ 15.705750779489998, 48.799272979423648 ], [ 15.705813410737129, 48.799249042540232 ], [ 15.706161492954527, 48.799115966606763 ], [ 15.706625451530229, 48.799035433486409 ], [ 15.70706184692293, 48.798959683728128 ], [ 15.7071965402305, 48.799377674226868 ], [ 15.707207310054248, 48.799419113901472 ], [ 15.707228903819692, 48.79950316179189 ], [ 15.707238017750482, 48.799538246870462 ], [ 15.707270203885896, 48.799662838277754 ], [ 15.707419822923647, 48.799638043733211 ], [ 15.707712162784256, 48.799589493103731 ], [ 15.70776473896907, 48.799580783611695 ], [ 15.707775825682038, 48.799579030168466 ], [ 15.707813563521452, 48.799573409479201 ], [ 15.707822380440764, 48.79956675340182 ], [ 15.707832388673564, 48.79955935348454 ], [ 15.707935218259792, 48.799538832254271 ], [ 15.708084331500073, 48.799509008619253 ], [ 15.708179195401479, 48.799489997656842 ], [ 15.70827810792402, 48.799470185051753 ], [ 15.708421955808527, 48.799441367068013 ], [ 15.708451104685897, 48.799435559797949 ], [ 15.708614012803427, 48.799403657339035 ], [ 15.708807342777337, 48.799364032150734 ], [ 15.70905359838642, 48.799305612600271 ], [ 15.709143884284774, 48.799275986650656 ], [ 15.709158558530916, 48.79927524024319 ], [ 15.709263174831623, 48.799269797065904 ], [ 15.709369366389618, 48.799236610488251 ], [ 15.709476212919862, 48.79921168802607 ], [ 15.709609193700999, 48.799180568971863 ], [ 15.709808654825441, 48.799135149917191 ], [ 15.71010676982411, 48.799067312369608 ], [ 15.710127869659864, 48.799061217538657 ], [ 15.710153001463954, 48.799053961520563 ], [ 15.710224224634903, 48.799033267482564 ], [ 15.710512752818554, 48.798976059497285 ], [ 15.710727725064764, 48.798933294293697 ], [ 15.710852122596554, 48.798908015630666 ], [ 15.710894888428392, 48.79889923319066 ], [ 15.710918935799324, 48.79899789642252 ], [ 15.710954934831195, 48.799145802738444 ], [ 15.71102780546121, 48.799445736393402 ], [ 15.7111158078258, 48.79969012090978 ], [ 15.71112878846135, 48.799726297173287 ], [ 15.711164399933326, 48.799889326577144 ], [ 15.711168226571722, 48.799907243648704 ], [ 15.711172904347352, 48.799928832371009 ], [ 15.711174433057195, 48.799935369432468 ], [ 15.711175148125099, 48.799939043835515 ], [ 15.711182032194239, 48.799970035028686 ], [ 15.711203359271918, 48.800068753182728 ], [ 15.71137269690392, 48.799969867431528 ], [ 15.711422809540847, 48.799940332548822 ], [ 15.711505404393634, 48.799891696253781 ], [ 15.712169207910996, 48.799500832560341 ], [ 15.712357484089894, 48.799402191881946 ], [ 15.712369050875726, 48.799396109611543 ], [ 15.712510255417584, 48.79932208394316 ], [ 15.713402005257183, 48.79886316902536 ], [ 15.713424104029857, 48.798852194855975 ], [ 15.71350091999869, 48.798814110856924 ], [ 15.713675203978012, 48.798760377563219 ], [ 15.713811082191135, 48.798718398311031 ], [ 15.713896872127302, 48.798700556087283 ], [ 15.713999655861628, 48.798679130664695 ], [ 15.714087271308852, 48.798659541854619 ], [ 15.714160733504157, 48.798643118723241 ], [ 15.714306050650343, 48.798558030839295 ], [ 15.714415689532412, 48.798411404396958 ], [ 15.714571250684555, 48.798385670490887 ], [ 15.714740582343193, 48.798275173214513 ], [ 15.714915019188904, 48.798280546875127 ], [ 15.714956618356364, 48.798281863490857 ], [ 15.715111170178007, 48.79828134161955 ], [ 15.715388436671796, 48.798313242510773 ], [ 15.715408661551713, 48.798314722135039 ], [ 15.715440544420172, 48.798312096715811 ], [ 15.715446786600296, 48.798311610343092 ], [ 15.7154568608935, 48.798343796336518 ], [ 15.715462449382056, 48.798361497667344 ], [ 15.715483079952877, 48.798365848181007 ], [ 15.71549807353421, 48.798369053297485 ], [ 15.715506737291014, 48.798370857140142 ], [ 15.715512737425041, 48.798365157259667 ], [ 15.71559860230005, 48.798284421418856 ], [ 15.71560124347516, 48.798259175576781 ], [ 15.715611737200497, 48.798156664108078 ], [ 15.715707842071923, 48.798146888981321 ], [ 15.715862790897676, 48.798178388311484 ], [ 15.715983300593994, 48.798095870368712 ], [ 15.716137791710599, 48.79809111965465 ], [ 15.716161569302574, 48.798010742038947 ], [ 15.716201635731899, 48.798014248620156 ], [ 15.716263852690705, 48.798019645494641 ], [ 15.716301961211453, 48.797980994571105 ], [ 15.716317051349174, 48.797965753238799 ], [ 15.716585048986031, 48.797956451767334 ], [ 15.716676689775822, 48.797935609727624 ], [ 15.716735984752901, 48.797922081363495 ], [ 15.716753189386269, 48.797920113053273 ], [ 15.71680452698026, 48.797914123736597 ], [ 15.716912755590775, 48.797901492602684 ], [ 15.716939442742349, 48.797898432278032 ], [ 15.716981690985559, 48.797896136106509 ], [ 15.717024075286238, 48.797893837160977 ], [ 15.71723501510532, 48.797826039226514 ], [ 15.717266546763648, 48.797815862721947 ], [ 15.717440787139115, 48.797825825201755 ], [ 15.717482216394009, 48.797846938350808 ], [ 15.717528945488434, 48.797870733155257 ], [ 15.717565630307796, 48.797824912857244 ], [ 15.717589835580274, 48.797794820943579 ], [ 15.717682415514746, 48.797794202909529 ], [ 15.717753485284222, 48.79779375116442 ], [ 15.717771915551594, 48.79782108893766 ], [ 15.71786981621571, 48.797803088084081 ], [ 15.717897223511658, 48.797777429789186 ], [ 15.717956616336096, 48.797722061513596 ], [ 15.717960267290211, 48.79771856849478 ], [ 15.718015092563199, 48.797705579999963 ], [ 15.718037185101926, 48.797700363305296 ], [ 15.718074959171068, 48.797683851835913 ], [ 15.718123145406828, 48.797662810447584 ], [ 15.718193868773861, 48.797649049499825 ], [ 15.718264456042464, 48.797635291269636 ], [ 15.718312503194891, 48.797622979974811 ], [ 15.718387601813451, 48.797603731783596 ], [ 15.718400202938289, 48.797605275587003 ], [ 15.718458429744718, 48.797612731648243 ], [ 15.718487066942711, 48.79761646932976 ], [ 15.71850537712244, 48.797608989993734 ], [ 15.718577290613537, 48.797579819330316 ], [ 15.718650952747454, 48.797564828830687 ], [ 15.718764682060717, 48.797541647519495 ], [ 15.718794549513882, 48.797501543443595 ], [ 15.718796209641525, 48.797499170466295 ], [ 15.71882454044326, 48.797461166934497 ], [ 15.718867506631554, 48.797453817034494 ], [ 15.719173959040599, 48.797401711992677 ], [ 15.719228138678897, 48.797392424902711 ], [ 15.719333129842157, 48.797374638787957 ], [ 15.719366051084869, 48.797359215080839 ], [ 15.719480288273237, 48.797305971848019 ], [ 15.719687868428975, 48.797280254854662 ], [ 15.719719823786564, 48.797276277193326 ], [ 15.720027391281983, 48.797166204771237 ], [ 15.720317703320989, 48.797013114982668 ], [ 15.720476414656151, 48.796929366641855 ], [ 15.720482267410024, 48.796926368665844 ], [ 15.72053443138635, 48.796900117023107 ], [ 15.720744949748701, 48.796794172654437 ], [ 15.720753251517976, 48.796791124928802 ], [ 15.720795968142665, 48.796775501871565 ], [ 15.720883276847987, 48.796743587809161 ], [ 15.72095957938914, 48.796609778030984 ], [ 15.720967412412312, 48.796602511085212 ], [ 15.720975364759905, 48.796594881823907 ], [ 15.721077245369637, 48.796499177796356 ], [ 15.72115239568074, 48.796469975723994 ], [ 15.72147643014705, 48.796344314420459 ], [ 15.721594060753338, 48.796364363971733 ], [ 15.722055887945539, 48.796251619855759 ], [ 15.722454741379279, 48.796090911530577 ], [ 15.722485647197374, 48.796078451983277 ], [ 15.722641947523933, 48.795962656195194 ], [ 15.72264613264452, 48.795957190751345 ], [ 15.722650227129336, 48.79595182611974 ], [ 15.722716360025162, 48.795865295570415 ], [ 15.722891419316545, 48.795749954875127 ], [ 15.722962359658087, 48.795703211461429 ], [ 15.723024437479816, 48.795618229698874 ], [ 15.72305107808023, 48.795581743936353 ], [ 15.723119850773649, 48.795515952212732 ], [ 15.723270576727439, 48.795371765363875 ], [ 15.723393159671812, 48.795299939948137 ], [ 15.723425042027841, 48.795281270136627 ], [ 15.723518977407942, 48.795226231168435 ], [ 15.723747114458353, 48.7950895029443 ], [ 15.723895326256859, 48.795020907688141 ], [ 15.723921401405345, 48.795008842882254 ], [ 15.724086435862588, 48.794932455496173 ], [ 15.724187547308318, 48.794881813651585 ], [ 15.724237690406913, 48.794856699027655 ], [ 15.724243851437988, 48.794853604608598 ], [ 15.724290774045546, 48.794830102998233 ], [ 15.724393603250004, 48.794768404326362 ], [ 15.724621967006849, 48.794631372758317 ], [ 15.724754452652457, 48.794600291130457 ], [ 15.724780978429145, 48.794593813281757 ], [ 15.724858816368156, 48.794575044896995 ], [ 15.724907615272746, 48.794538341789618 ], [ 15.724907684974493, 48.794538376360798 ], [ 15.725090856601613, 48.794484210736258 ], [ 15.725646477278643, 48.794413585365746 ], [ 15.725813243725073, 48.794353409341241 ], [ 15.725823020422789, 48.794338490755379 ], [ 15.725875511601085, 48.794258327023769 ], [ 15.725770659867299, 48.794235988325596 ], [ 15.725724087127837, 48.794226076410226 ], [ 15.725535304912471, 48.794185858450184 ], [ 15.725225680723025, 48.79415331752638 ], [ 15.72490837922831, 48.794119960278572 ], [ 15.724883151371188, 48.7941189259938 ], [ 15.7246556249439, 48.794109635862846 ], [ 15.724548915176667, 48.794051497597557 ], [ 15.724459809134485, 48.794016349184311 ], [ 15.724459105022351, 48.794016435485169 ], [ 15.724448447108202, 48.794011865707994 ], [ 15.72440947024978, 48.793995158757077 ], [ 15.724009862996693, 48.793823825982969 ], [ 15.72379671772908, 48.793700803658915 ], [ 15.723576470929265, 48.793501898088408 ], [ 15.723402133982745, 48.793497768170965 ], [ 15.723253999319914, 48.793494256936306 ], [ 15.723213007488775, 48.793434268520784 ], [ 15.723126144347574, 48.793307175003683 ], [ 15.723094001440744, 48.793278119345864 ], [ 15.72277033189577, 48.792985610438109 ], [ 15.722771777202983, 48.792974829273312 ], [ 15.722785744011174, 48.792870320520443 ], [ 15.722720997228402, 48.792844986591312 ], [ 15.72261649918374, 48.792859688885272 ], [ 15.722377021272512, 48.79289336560722 ], [ 15.722366116925304, 48.792894900831151 ], [ 15.722138897559631, 48.792839128604086 ], [ 15.722124984772082, 48.792835713441519 ], [ 15.722105258390261, 48.792819451296211 ], [ 15.721708673906548, 48.792587470625534 ], [ 15.721552848246551, 48.792597420587555 ], [ 15.721455065074732, 48.792603662920214 ], [ 15.721042721149436, 48.792533043035405 ], [ 15.720982530463553, 48.792492923022905 ], [ 15.720872745205751, 48.792419737513406 ], [ 15.720740862613905, 48.792396971743834 ], [ 15.720684537563773, 48.792387246948117 ], [ 15.720148853833477, 48.792294764191539 ], [ 15.720138412488936, 48.792296883631479 ], [ 15.71997981931869, 48.792329003089563 ], [ 15.719968231181591, 48.792331352736014 ], [ 15.719680466832827, 48.792389631280265 ], [ 15.719506197390215, 48.792424929471075 ], [ 15.719267200402948, 48.792473336681709 ], [ 15.719267548893512, 48.792476145763288 ], [ 15.719289145164707, 48.792649796172206 ], [ 15.719197079453798, 48.792677091214138 ], [ 15.719151010398742, 48.792665358061271 ], [ 15.718883251842346, 48.792597185390001 ], [ 15.718627463680287, 48.79222228523421 ], [ 15.718543049543682, 48.792181278967895 ], [ 15.718531484674021, 48.792189989090851 ], [ 15.718344696132574, 48.792330664022792 ], [ 15.718340054743468, 48.792325143881001 ], [ 15.718222212818528, 48.792184873634696 ], [ 15.718086525616858, 48.792168984069264 ], [ 15.718017819527256, 48.792160939760834 ], [ 15.717587677989149, 48.792037674893585 ], [ 15.717473956354311, 48.792005080979976 ], [ 15.717376907455947, 48.792024180174693 ], [ 15.717342713688641, 48.792030910857889 ], [ 15.717243938955965, 48.791952478267731 ], [ 15.717179224791913, 48.791901084522799 ], [ 15.717169584685772, 48.791904330106284 ], [ 15.716987076117162, 48.791965703869835 ], [ 15.71691883309305, 48.791899311076804 ], [ 15.71683343461955, 48.791775503471847 ], [ 15.716766631062251, 48.791768238621472 ], [ 15.716660999013369, 48.791756749516182 ], [ 15.716645601686535, 48.791755073302518 ], [ 15.716616946194684, 48.791770805745905 ], [ 15.716514993015267, 48.791826802602479 ], [ 15.716228598925866, 48.791984105103964 ], [ 15.716204391767089, 48.791997398970622 ], [ 15.716197261004783, 48.792001313387594 ], [ 15.716182660067705, 48.791994501509187 ], [ 15.715682659038244, 48.791761349420909 ], [ 15.715654348577157, 48.791748148339252 ], [ 15.715658379296377, 48.791726149246614 ], [ 15.715683228157891, 48.791590578284335 ], [ 15.715456265778569, 48.791442071066541 ], [ 15.715380318746311, 48.791436709219035 ], [ 15.714918598702949, 48.791404119605161 ], [ 15.714897663137375, 48.791375824424883 ], [ 15.714725941674645, 48.791143826409467 ], [ 15.714724073727256, 48.791138492869997 ], [ 15.714915066878719, 48.790994409518596 ], [ 15.714924036862433, 48.790941809549516 ], [ 15.714934024736616, 48.790883268735179 ], [ 15.714941731041103, 48.79083806314776 ], [ 15.714958625097637, 48.790739083518702 ], [ 15.71514589456612, 48.790638918984058 ], [ 15.715120339987221, 48.790592075034503 ], [ 15.715121326436059, 48.790590444530281 ], [ 15.715117736050125, 48.790587314244831 ], [ 15.715027960528676, 48.790422746337406 ], [ 15.715047887544634, 48.790207217209471 ], [ 15.7147875134419, 48.790055103033104 ], [ 15.714734230560504, 48.789975872675917 ], [ 15.714645552645305, 48.789844005399942 ], [ 15.71463086855389, 48.789822178532127 ], [ 15.714646503671556, 48.7898005291852 ], [ 15.714707675146641, 48.789715830945042 ], [ 15.714788843805712, 48.789603429707917 ], [ 15.714794924080973, 48.789521719006274 ], [ 15.714799914508415, 48.78945466898849 ], [ 15.714972275832357, 48.789316208194379 ], [ 15.715060266891049, 48.789287460356896 ], [ 15.715152912469595, 48.789257196559404 ], [ 15.715294473464905, 48.789171291807932 ], [ 15.71540374620581, 48.789104980553894 ], [ 15.715516369460699, 48.789036639873082 ], [ 15.7156328463759, 48.788965962646252 ], [ 15.715890444732066, 48.788809640601599 ], [ 15.71592277433165, 48.788757520670572 ], [ 15.716102553470352, 48.788481563765529 ], [ 15.716269188273866, 48.788266838770859 ], [ 15.716320069923734, 48.788201386451057 ], [ 15.716343303033659, 48.788150440497219 ], [ 15.716399790372328, 48.788026841814123 ], [ 15.716477645715184, 48.787900110648977 ], [ 15.716489010774236, 48.787892682364102 ], [ 15.716525619629364, 48.787868816991541 ], [ 15.716534110505982, 48.787866935340539 ], [ 15.716596510167223, 48.787853073863758 ], [ 15.716603113250734, 48.787851590378281 ], [ 15.71665900772758, 48.787809069362602 ], [ 15.716662647726134, 48.787787761889909 ], [ 15.716671661768768, 48.787735574627106 ], [ 15.716704535606246, 48.787704587076121 ], [ 15.716722280670327, 48.787687942105961 ], [ 15.716828252123353, 48.787644765433413 ], [ 15.716847362668812, 48.787637000095927 ], [ 15.716854398868339, 48.787636047651326 ], [ 15.716930461754888, 48.787626137651195 ], [ 15.716952254688792, 48.787623356396075 ], [ 15.716959562952594, 48.787622398427715 ], [ 15.716979764175592, 48.787611731807843 ], [ 15.717154684763571, 48.787519830630259 ], [ 15.71729769617111, 48.787403473863989 ], [ 15.717428553096576, 48.787333249778108 ], [ 15.717506468130164, 48.787298739138137 ], [ 15.71759065550736, 48.787261491984331 ], [ 15.717658164935745, 48.787246266640352 ], [ 15.717731461097193, 48.787229574265879 ], [ 15.717772533566974, 48.787158202035137 ], [ 15.717776939722214, 48.787150464923769 ], [ 15.717786641611852, 48.787133623055084 ], [ 15.717796969365144, 48.787115598836358 ], [ 15.717907624034796, 48.787035527072852 ], [ 15.717967823633684, 48.786991928326906 ], [ 15.718012344863928, 48.786959624382447 ], [ 15.718022308057956, 48.786965990285324 ], [ 15.718186792106382, 48.787071520564105 ], [ 15.718219630407029, 48.787092537807105 ], [ 15.718549582277911, 48.78730420745628 ], [ 15.718905074819309, 48.787628814088286 ], [ 15.719369561173513, 48.787450955848229 ], [ 15.719519611989414, 48.787392396155745 ], [ 15.719660834744765, 48.787337254536631 ], [ 15.719744285742102, 48.78730469937291 ], [ 15.719929941679029, 48.787230030781743 ], [ 15.720007869332138, 48.787198757227642 ], [ 15.720095101794859, 48.787162616058218 ], [ 15.720275039164136, 48.787087973047129 ], [ 15.720308568731488, 48.787074066038535 ], [ 15.720407282139174, 48.787033012851808 ], [ 15.720623805653029, 48.786942870607419 ], [ 15.720772786206526, 48.786884780844844 ], [ 15.720890727572948, 48.786841447221882 ], [ 15.720957264788272, 48.786817062416105 ], [ 15.721032637838412, 48.786789438979064 ], [ 15.721167042975191, 48.786740012312656 ], [ 15.721284096184323, 48.786701015043697 ], [ 15.721296699103332, 48.786696800161451 ], [ 15.721322444877952, 48.7866882694493 ], [ 15.721397262866411, 48.786663356247352 ], [ 15.721606621131835, 48.78658901306045 ], [ 15.721671173924141, 48.786557110391662 ], [ 15.721772331931476, 48.786507188936376 ], [ 15.721853524400323, 48.786467120335914 ], [ 15.722047828298614, 48.786370678878065 ], [ 15.722578922715281, 48.786109037964209 ], [ 15.722688171703444, 48.786054542497318 ], [ 15.722856894730267, 48.785970226230113 ], [ 15.722977331023351, 48.785904526268489 ], [ 15.722991007195922, 48.785897050329787 ], [ 15.722995648935473, 48.785891467572689 ], [ 15.723144269879345, 48.785717586089632 ], [ 15.723183739062332, 48.785693840307736 ], [ 15.72323883680879, 48.785660689397858 ], [ 15.723249566295692, 48.785654263052379 ], [ 15.723259768409397, 48.785648207323561 ], [ 15.72327499728241, 48.785638990279111 ], [ 15.723283077351685, 48.785634147353974 ], [ 15.724442394776375, 48.785296739838763 ], [ 15.724598358951605, 48.785268913976644 ], [ 15.724892333398639, 48.785216596080886 ], [ 15.725283961872444, 48.78515617185225 ], [ 15.725466357429411, 48.785108282621415 ], [ 15.72563033066316, 48.785065356734755 ], [ 15.725750336751567, 48.785005150931191 ], [ 15.725808604867057, 48.784975803086127 ], [ 15.725633538166033, 48.784885884058006 ], [ 15.725934587099767, 48.78468748223991 ], [ 15.72597482040112, 48.78466848851253 ], [ 15.72627044196868, 48.784528949048052 ], [ 15.726795209589781, 48.784298907600252 ], [ 15.726861522720062, 48.78426984522563 ], [ 15.726870596328524, 48.784265881542005 ], [ 15.72709233169482, 48.78437554220293 ], [ 15.72792910121208, 48.784789200618356 ], [ 15.727992659877291, 48.784820746040261 ], [ 15.728021925761063, 48.784835175358026 ], [ 15.728081434926281, 48.784864553899546 ], [ 15.728252581457287, 48.784949150828879 ], [ 15.728284021514513, 48.78496056664774 ], [ 15.728332494850996, 48.78497811346822 ], [ 15.728367713675681, 48.784942126089369 ], [ 15.728428012839654, 48.784918403868801 ], [ 15.728474136475906, 48.784900188974383 ], [ 15.728495632812537, 48.784899840874203 ], [ 15.728548279150615, 48.784898857951404 ], [ 15.728552095648457, 48.784893111828254 ], [ 15.728566319568072, 48.784871138282199 ], [ 15.728632377798787, 48.784848288295045 ], [ 15.72864618863056, 48.784799960853391 ], [ 15.728698820349159, 48.784781163359554 ], [ 15.728761226684981, 48.784758837592747 ], [ 15.728970319019561, 48.784588754187794 ], [ 15.728966449290676, 48.784549604508179 ], [ 15.72896260893787, 48.784511084045207 ], [ 15.729022758826142, 48.784452094825873 ], [ 15.728997418924674, 48.784294257517118 ], [ 15.728955080846212, 48.784031857245544 ], [ 15.729013845295064, 48.783922780843156 ], [ 15.728933080106048, 48.783863874765757 ], [ 15.72890066610273, 48.783840332514409 ], [ 15.728931598738415, 48.78375629630483 ], [ 15.728967248772133, 48.783659567591336 ], [ 15.72897135748139, 48.783648417063269 ], [ 15.728980298726039, 48.783624121828389 ], [ 15.728993344466204, 48.783588586175036 ], [ 15.729004457179087, 48.783558308402768 ], [ 15.728928434389569, 48.78351640067627 ], [ 15.728912644287101, 48.783507725149583 ], [ 15.728916324618281, 48.783501981782656 ], [ 15.728927986980748, 48.783483479382106 ], [ 15.728951698769306, 48.783446016817607 ], [ 15.728976172112919, 48.783407369063859 ], [ 15.729005589450606, 48.783360882776506 ], [ 15.728964958934331, 48.783310066013001 ], [ 15.728933867724828, 48.783285687042373 ], [ 15.728925247328869, 48.783278934771687 ], [ 15.728912667282744, 48.783269024153732 ], [ 15.728851784919096, 48.783242283264691 ], [ 15.728866346762295, 48.783215894044815 ], [ 15.728881163851883, 48.783189139724428 ], [ 15.728908127704759, 48.783171765009996 ], [ 15.728941168120897, 48.783150397552227 ], [ 15.728956065287012, 48.783110775330456 ], [ 15.729063596679362, 48.783118930379416 ], [ 15.729074392724833, 48.783119789991225 ], [ 15.729092064681833, 48.783116280667322 ], [ 15.729129835994812, 48.783108762659126 ], [ 15.729124982661336, 48.78305145828746 ], [ 15.729119548553093, 48.782984628525973 ], [ 15.729056873265172, 48.782977808511291 ], [ 15.729042861440076, 48.78294597347589 ], [ 15.729085511614523, 48.782911723767647 ], [ 15.729100128855139, 48.782877775577184 ], [ 15.72910824188191, 48.782859075579829 ], [ 15.729105210973179, 48.782852479300587 ], [ 15.729081260947444, 48.782800242847287 ], [ 15.729030711340886, 48.782781928909671 ], [ 15.729034172748266, 48.782765663057667 ], [ 15.7290348420211, 48.782762500330094 ], [ 15.729046725966501, 48.782707913874169 ], [ 15.729019059806122, 48.782657732583566 ], [ 15.729008186302782, 48.782637710116326 ], [ 15.728995847715421, 48.78261546816632 ], [ 15.728987268721959, 48.782513342765981 ], [ 15.728934548335417, 48.782431011650893 ], [ 15.728897721183145, 48.782327482615095 ], [ 15.728887844316448, 48.782311308696677 ], [ 15.7288853389982, 48.782307220965869 ], [ 15.728873699850427, 48.782288293777711 ], [ 15.728848498103186, 48.7822471495708 ], [ 15.728864808704063, 48.782217395651983 ], [ 15.728891157526041, 48.782169352366921 ], [ 15.728954531355367, 48.782054063658371 ], [ 15.728955516378157, 48.782048915068152 ], [ 15.728965714151958, 48.781999041610057 ], [ 15.728981761516629, 48.781919897368368 ], [ 15.729079853750846, 48.781775469090455 ], [ 15.729083468562122, 48.781765408298114 ], [ 15.729106408487349, 48.781702678714709 ], [ 15.729162830683009, 48.781665988806616 ], [ 15.729158528855258, 48.781617580565836 ], [ 15.729150080469594, 48.781524089949912 ], [ 15.729187693611754, 48.781481125392453 ], [ 15.7291848981036, 48.781429987221244 ], [ 15.729183562066261, 48.78140428191606 ], [ 15.729247078033284, 48.781318321571305 ], [ 15.729217801908561, 48.781274471296797 ], [ 15.729219629209799, 48.781261117902083 ], [ 15.729226271613872, 48.781213836143351 ], [ 15.729268480255351, 48.781105996621328 ], [ 15.729287899058832, 48.7810874259876 ], [ 15.729300279294806, 48.78107556694728 ], [ 15.729271620402711, 48.781030354489005 ], [ 15.729227088606256, 48.78096009297105 ], [ 15.729249882214775, 48.780920489608725 ], [ 15.729254298693307, 48.780913021705224 ], [ 15.729246060819603, 48.78089987350711 ], [ 15.729232952608742, 48.780878636970421 ], [ 15.729257659031914, 48.78075459903485 ], [ 15.729259969876898, 48.780742855308127 ], [ 15.729310366422327, 48.78072293331558 ], [ 15.7293095454234, 48.780717011772289 ], [ 15.729306087650262, 48.780692519376139 ], [ 15.729328455626117, 48.780681716336048 ], [ 15.729325198230281, 48.780670266079788 ], [ 15.729320609345395, 48.780653624479491 ], [ 15.729357430795133, 48.780611215815405 ], [ 15.729398131346079, 48.780599409173348 ], [ 15.72941199501245, 48.780587249948148 ], [ 15.729428469864295, 48.780572698158828 ], [ 15.729404975930757, 48.780547714534713 ], [ 15.729395660811736, 48.780537737397452 ], [ 15.729411128417587, 48.780466612513614 ], [ 15.729425705088827, 48.780399734566345 ], [ 15.729339635198173, 48.780349574413279 ], [ 15.729286031243669, 48.780318276652231 ], [ 15.729242501483428, 48.780292801738874 ], [ 15.729237746936295, 48.780290109477846 ], [ 15.729109265265448, 48.780215081256486 ], [ 15.728743286272652, 48.780001565537908 ], [ 15.728579234812123, 48.77982361175097 ], [ 15.728267916867997, 48.779485986055946 ], [ 15.728238668968915, 48.779454371417934 ], [ 15.728152084876495, 48.779361033388284 ], [ 15.727926390911314, 48.779028949783687 ], [ 15.727835955862444, 48.778958093520927 ], [ 15.727767564732128, 48.778904512918565 ], [ 15.727631455630304, 48.778762158048337 ], [ 15.727586233288227, 48.778714943319173 ], [ 15.727423931564323, 48.778545139941883 ], [ 15.727409626274646, 48.778530315743346 ], [ 15.727355215765606, 48.778475820270138 ], [ 15.727299518405015, 48.778420001377455 ], [ 15.727228831741382, 48.778349282199237 ], [ 15.727065234317191, 48.778116612898081 ], [ 15.72705261165232, 48.778102834070694 ], [ 15.727049311595151, 48.778099212356793 ], [ 15.726950488021247, 48.777991457009129 ], [ 15.72685108310767, 48.777882903654834 ], [ 15.726827218618672, 48.777849919387883 ], [ 15.726810046415558, 48.77782615610851 ], [ 15.726739748516517, 48.777728706439738 ], [ 15.726689251306954, 48.777658835378517 ], [ 15.726603815873579, 48.777540370084743 ], [ 15.726558360060618, 48.777476424554145 ], [ 15.7265308317572, 48.77743784647906 ], [ 15.726409826651272, 48.777263061894132 ], [ 15.726383556152811, 48.777225177962293 ], [ 15.726373525250809, 48.777193981294637 ], [ 15.726353951121473, 48.777133287531548 ], [ 15.726325788152483, 48.777046046375155 ], [ 15.726310973155419, 48.776999831483252 ], [ 15.726259567742893, 48.776840364576046 ], [ 15.726162175227746, 48.776593839434327 ], [ 15.726155547667641, 48.776577239213225 ], [ 15.725947537461812, 48.775782864768033 ], [ 15.725907276571128, 48.775669687338521 ], [ 15.725883012158441, 48.775601801063736 ], [ 15.725880559294289, 48.775590064398301 ], [ 15.725877283976173, 48.775575285358933 ], [ 15.72587613086338, 48.77557099008007 ], [ 15.725872208735748, 48.775551095685984 ], [ 15.725869531893458, 48.775537474124249 ], [ 15.725866677155196, 48.775522956443346 ], [ 15.726011543192687, 48.775362822025173 ], [ 15.726026688576281, 48.775346048372477 ], [ 15.726063975602102, 48.775304890748203 ], [ 15.726093364564669, 48.775272441477078 ], [ 15.72612448867881, 48.775250933708293 ], [ 15.726453016399834, 48.77502416672791 ], [ 15.726460703261255, 48.775019691419757 ], [ 15.726849145566574, 48.774796291695651 ], [ 15.7273113108239, 48.774574627710848 ], [ 15.727366436389209, 48.774548221859853 ], [ 15.727417492663271, 48.774525047987268 ], [ 15.727510813626045, 48.774482838165987 ], [ 15.727647097676895, 48.774372362157614 ], [ 15.727782475063773, 48.774283318316243 ], [ 15.727795952744032, 48.774274586097654 ], [ 15.727896461856897, 48.77420847627166 ], [ 15.728032497401555, 48.774118968833029 ], [ 15.72859427402874, 48.773715950645453 ], [ 15.728579652770655, 48.773691415786466 ], [ 15.728576189316232, 48.773684288443256 ], [ 15.728567887452158, 48.773666822709323 ], [ 15.728526579448966, 48.773563384526945 ], [ 15.72852288774469, 48.773554282399992 ], [ 15.728516269908541, 48.773514558682457 ], [ 15.728502522048931, 48.773438720656735 ], [ 15.728483749608841, 48.77337189250315 ], [ 15.72847180462376, 48.773328858343326 ], [ 15.72845924437987, 48.773284307159585 ], [ 15.728425919247897, 48.773165230628237 ], [ 15.728416776955761, 48.773132666326767 ], [ 15.728413545405033, 48.773121755329448 ], [ 15.728393622330648, 48.77305360099308 ], [ 15.728364768564196, 48.772954497569103 ], [ 15.728321317980146, 48.772799277751346 ], [ 15.728319127095871, 48.772796083331237 ], [ 15.728301637774106, 48.772771336968404 ], [ 15.728245794632334, 48.772691858171306 ], [ 15.7281548247127, 48.772562619677039 ], [ 15.728014327790905, 48.772360881451625 ], [ 15.728008472954995, 48.772352093313884 ], [ 15.727972915037959, 48.772298923350448 ], [ 15.727959299121235, 48.772278416765822 ], [ 15.727904406620874, 48.772195949278981 ], [ 15.727852853037811, 48.772109184928652 ], [ 15.727795386170575, 48.772012373956684 ], [ 15.727678293463628, 48.771813307484486 ], [ 15.727663758867129, 48.771787691047003 ], [ 15.727614679097842, 48.771701416025131 ], [ 15.727607525022155, 48.771691034803183 ], [ 15.72757656939134, 48.77164604857856 ], [ 15.727515911555766, 48.771556680385288 ], [ 15.72746234456244, 48.771470496730835 ], [ 15.727426987189205, 48.771424520463086 ], [ 15.727397578569846, 48.771386430696346 ], [ 15.727376915789579, 48.771354910803055 ], [ 15.727336333133518, 48.771293205484476 ], [ 15.727290599793296, 48.771258237508391 ], [ 15.727187847522165, 48.771179803918677 ], [ 15.727166673600967, 48.771163590046186 ], [ 15.726975420581809, 48.771017499089531 ], [ 15.72677531343974, 48.770882924963232 ], [ 15.726756062688272, 48.770870000895712 ], [ 15.726746254286205, 48.770863992460917 ], [ 15.726608359418567, 48.770779166253106 ], [ 15.726572486075082, 48.770757133428468 ], [ 15.726567299441497, 48.770753910020545 ], [ 15.726557210725202, 48.770747727331283 ], [ 15.726478875744268, 48.770699567034477 ], [ 15.726442021259926, 48.770676924334303 ], [ 15.726418895945589, 48.770662639538244 ], [ 15.726370325547569, 48.770639785564569 ], [ 15.726361276788351, 48.770635471140181 ], [ 15.726175343497482, 48.77054793386818 ], [ 15.72614114268934, 48.770535494111932 ], [ 15.726018882315429, 48.770491107226611 ], [ 15.72598454140549, 48.770478580304577 ], [ 15.725830710498244, 48.770422689574978 ], [ 15.72564434053456, 48.770354954737499 ], [ 15.725455893551317, 48.77028645212917 ], [ 15.725338341704205, 48.770243768179135 ], [ 15.725295249631932, 48.770227460346838 ], [ 15.725272388690113, 48.77021883833438 ], [ 15.725201728407205, 48.770192204792799 ], [ 15.725196048222724, 48.770190071065713 ], [ 15.725116649113509, 48.770159926421925 ], [ 15.725081990374088, 48.770140567662182 ], [ 15.725043279149908, 48.770118952050844 ], [ 15.724956073883657, 48.770070251536922 ], [ 15.724800668909706, 48.769983440359056 ], [ 15.72459886499442, 48.76987067097533 ], [ 15.724474763704302, 48.769801307125448 ], [ 15.724231034683985, 48.769647552271437 ], [ 15.724140585978024, 48.769590549558444 ], [ 15.724095850208727, 48.769562308158093 ], [ 15.724032599495965, 48.769533993601399 ], [ 15.723781398636902, 48.769421418176684 ], [ 15.723719257080841, 48.769393530761775 ], [ 15.723650029672816, 48.769362548394845 ], [ 15.723505593826705, 48.769297826035547 ], [ 15.723354896740574, 48.769230171741029 ], [ 15.723348432064034, 48.76920241119975 ], [ 15.723239487620313, 48.768733431625883 ], [ 15.723185951564176, 48.768606757001223 ], [ 15.723143440942518, 48.7685297938609 ], [ 15.723124254718609, 48.768494824186703 ], [ 15.72312024425522, 48.768487617836271 ], [ 15.723109114542432, 48.768464900751667 ], [ 15.723102037137927, 48.768450288909698 ], [ 15.723090296563363, 48.768426144658193 ], [ 15.722954494149139, 48.768146207309968 ], [ 15.722885294392176, 48.767992948773802 ], [ 15.7228301972218, 48.767870714463072 ], [ 15.72267672404289, 48.767638012808732 ], [ 15.722665891727573, 48.767621677812791 ], [ 15.722617035862006, 48.767507774061677 ], [ 15.722599478011436, 48.767466832871776 ], [ 15.722587578936636, 48.767439272762267 ], [ 15.722578765316742, 48.767439991841364 ], [ 15.722569008200828, 48.767440910055321 ], [ 15.722559922619793, 48.767441634663534 ], [ 15.722549621582033, 48.767442563936896 ], [ 15.722531355459756, 48.767319130615697 ], [ 15.722478341947108, 48.766960850871122 ], [ 15.722439200456687, 48.766824615772634 ], [ 15.722436775952003, 48.766816387427731 ], [ 15.722432682413093, 48.766778141564508 ], [ 15.722416437985906, 48.766627944672678 ], [ 15.722392399945672, 48.766403857283564 ], [ 15.722381136563428, 48.766264176056808 ], [ 15.722374690214474, 48.766184139904695 ], [ 15.722372021334021, 48.766150183831684 ], [ 15.722363875504765, 48.766133074378288 ], [ 15.722371132547874, 48.766128158163234 ], [ 15.722696304821635, 48.765906236546414 ], [ 15.723667100395666, 48.765443454440337 ], [ 15.723883413331995, 48.765298242986063 ], [ 15.724080191041711, 48.765166115045659 ], [ 15.72410724536082, 48.765147929484037 ], [ 15.724197075414493, 48.765112900809676 ], [ 15.72527781074249, 48.764690965053099 ], [ 15.725671920818122, 48.764561564527767 ], [ 15.725714345274195, 48.76454027636909 ], [ 15.726685366512479, 48.764054249828582 ], [ 15.72668990153824, 48.764052267971046 ], [ 15.727159567942055, 48.763850512838722 ], [ 15.72714380420733, 48.763804317102689 ], [ 15.727141776758286, 48.763798779980291 ], [ 15.727070173727265, 48.763599955170115 ], [ 15.726927134629905, 48.763202931807868 ], [ 15.726869473839487, 48.762984928070672 ], [ 15.726857772481557, 48.762932441257156 ], [ 15.726744455414909, 48.762422613455811 ], [ 15.726724847094138, 48.762337716830885 ], [ 15.72670296009953, 48.762241889697201 ], [ 15.726658375013082, 48.761875160933556 ], [ 15.726619521072358, 48.761555462147854 ], [ 15.726613691234512, 48.761342790412449 ], [ 15.726611210779978, 48.761257454812579 ], [ 15.726604970803608, 48.761132336938275 ], [ 15.726597880351862, 48.760988971484295 ], [ 15.726595102755338, 48.760870981043482 ], [ 15.72659415198291, 48.760824303454228 ], [ 15.726589631748373, 48.760733161019154 ], [ 15.726266971883021, 48.76070131477087 ], [ 15.7263060154014, 48.760557909273146 ], [ 15.726338933551569, 48.760437842045199 ], [ 15.726358806467159, 48.760364917458965 ], [ 15.726405775195902, 48.760193008353077 ], [ 15.726438167672502, 48.760038311432766 ], [ 15.726458877352151, 48.759939546960823 ], [ 15.726467136981087, 48.759900689482315 ], [ 15.726467985479701, 48.759889695256859 ], [ 15.726483172315332, 48.759687032268666 ], [ 15.726490476258084, 48.759589710546116 ], [ 15.726493078083399, 48.759555017191367 ], [ 15.726496005893706, 48.759515638498002 ], [ 15.726503999466539, 48.759409755095305 ], [ 15.726487300277181, 48.759264605812795 ], [ 15.726477888553237, 48.759182380497691 ], [ 15.72645982753307, 48.758937926581865 ], [ 15.72643885785155, 48.758639816828087 ], [ 15.726423886511412, 48.758426611192355 ], [ 15.726409501391311, 48.758220141714119 ], [ 15.726406040799683, 48.758172165564226 ], [ 15.7263897654058, 48.757939731788063 ], [ 15.726371109268783, 48.757664968246921 ], [ 15.726363630725688, 48.757551212215411 ], [ 15.726357892169871, 48.757466032790923 ], [ 15.726356598528975, 48.757449953613822 ], [ 15.726355210824972, 48.757434776103189 ], [ 15.726310321529569, 48.756915364883064 ], [ 15.726298221538915, 48.756845520809129 ], [ 15.726157093476957, 48.756027553115317 ], [ 15.726272963570471, 48.756008547277403 ], [ 15.726530638281163, 48.755966407856604 ], [ 15.726496680356867, 48.755658215120306 ], [ 15.726458803154486, 48.755315551724351 ], [ 15.726454837395666, 48.755280092338886 ], [ 15.726438840369447, 48.755135378314819 ], [ 15.726430360550179, 48.755058532346361 ], [ 15.726427028872921, 48.755027918695717 ], [ 15.726426383399142, 48.755008227286339 ], [ 15.726426238690404, 48.755002201898805 ], [ 15.726418396307107, 48.754725867986984 ], [ 15.726400940700049, 48.754114752235949 ], [ 15.726400789904082, 48.754111516200865 ], [ 15.726402757484339, 48.754071976998397 ], [ 15.726405184683061, 48.754024780537982 ], [ 15.726407202521951, 48.75398632001194 ], [ 15.726384621344977, 48.753732420139528 ], [ 15.726376371112231, 48.753578730590618 ], [ 15.726331713648804, 48.752906535612553 ], [ 15.726318049075129, 48.752884860046052 ], [ 15.726267070054504, 48.75280411114796 ], [ 15.726141087775027, 48.752211671246904 ], [ 15.726111143352799, 48.75207128999832 ], [ 15.726103160457955, 48.752034292829364 ], [ 15.72593499801469, 48.751044570989848 ], [ 15.725897311270657, 48.750802225318495 ], [ 15.725881187712325, 48.750698542258718 ], [ 15.725878869718578, 48.750683833519439 ], [ 15.725873206488114, 48.750646969011356 ], [ 15.72587202655553, 48.750639165191195 ], [ 15.72587146380857, 48.750635847566457 ], [ 15.725859620694553, 48.750559789712298 ], [ 15.725858083868165, 48.750526800059824 ], [ 15.725857723740202, 48.750519069514496 ], [ 15.725847057073615, 48.750424452763973 ], [ 15.725790498358624, 48.749928850812907 ], [ 15.725783606441901, 48.749868527738776 ], [ 15.725806255483571, 48.749875714277394 ], [ 15.725890786879548, 48.74990278442813 ], [ 15.725928355486889, 48.749914795610998 ], [ 15.725992722409371, 48.749935438339051 ], [ 15.726190383847515, 48.750019317372534 ], [ 15.726323234258295, 48.750099298039245 ], [ 15.726358371517563, 48.750120446142262 ], [ 15.726404886928327, 48.750163856251127 ], [ 15.726518966189577, 48.750270222064728 ], [ 15.726691817358722, 48.750367652256905 ], [ 15.726655400124885, 48.750289845828547 ], [ 15.725983929728248, 48.748855912350813 ], [ 15.725905364801688, 48.748688179077106 ], [ 15.725731914731268, 48.748317774424102 ], [ 15.725631740566621, 48.748103783868594 ], [ 15.725343616658161, 48.74748837180983 ], [ 15.7253230666674, 48.747444432439487 ], [ 15.724902008773178, 48.746545244631477 ], [ 15.724892342725614, 48.746524657124453 ], [ 15.724792782029557, 48.746312002923261 ], [ 15.724115514325087, 48.74658978051729 ], [ 15.723802179578675, 48.746718345497733 ], [ 15.723534233934068, 48.746828260667378 ], [ 15.723123566997073, 48.74699668432028 ], [ 15.72285188360236, 48.74710820349862 ], [ 15.72226791474985, 48.747347631530879 ], [ 15.721591690451534, 48.747625012736151 ], [ 15.721034147319477, 48.747853639760933 ], [ 15.720771263205185, 48.747961465958539 ], [ 15.720393578705153, 48.748108064920196 ], [ 15.72006614109465, 48.74823510658652 ], [ 15.719961092366606, 48.748275840757586 ], [ 15.719819165886541, 48.748331090411604 ], [ 15.718853147689055, 48.748705938190007 ], [ 15.718608700548142, 48.748800788301985 ], [ 15.718519821673848, 48.748835254357928 ], [ 15.718202928480379, 48.748949299973255 ], [ 15.71797087915329, 48.749032830001696 ], [ 15.717685702839644, 48.749135523132864 ], [ 15.717399858242031, 48.749238499033908 ], [ 15.717128459587979, 48.74933614239864 ], [ 15.716946047657228, 48.749398688352713 ], [ 15.716922206213273, 48.7494068201012 ], [ 15.716622060566479, 48.749509544420697 ], [ 15.716310534548127, 48.74961627780128 ], [ 15.71625870404158, 48.749634064778483 ], [ 15.716253893848378, 48.749635961874986 ], [ 15.716248951891949, 48.749637951619732 ], [ 15.716075159232682, 48.749707429319379 ], [ 15.715871841789804, 48.749788662596266 ], [ 15.715537482141647, 48.749922399675725 ], [ 15.715132988986863, 48.750084190653638 ], [ 15.715099321209731, 48.750097559889639 ], [ 15.714807220460795, 48.750206684408269 ], [ 15.714699555756196, 48.750246926857606 ], [ 15.714617165874783, 48.750277659261627 ], [ 15.714348398758164, 48.750394137317862 ], [ 15.71425463208438, 48.750434817388829 ], [ 15.714111646670281, 48.750496829424677 ], [ 15.714005738617674, 48.750542704021399 ], [ 15.713947587180108, 48.750567996003028 ], [ 15.713924779605252, 48.750577905660499 ], [ 15.713577597314908, 48.750717025368409 ], [ 15.713211175630212, 48.750863821814058 ], [ 15.712793595759713, 48.751031268019815 ], [ 15.712734947903156, 48.751054679955899 ], [ 15.712702230428667, 48.751068029220477 ], [ 15.712673120782858, 48.751079955764666 ], [ 15.712668201682368, 48.75102957951475 ], [ 15.712659516101835, 48.750886155569461 ], [ 15.712636131098888, 48.750492989175214 ], [ 15.712636487444698, 48.750488933086011 ], [ 15.71264307656484, 48.750419698881124 ], [ 15.712656045347286, 48.750282584328019 ], [ 15.712677579277734, 48.750024909804146 ], [ 15.712681194691697, 48.749964913262374 ], [ 15.712724425014231, 48.749282747199388 ], [ 15.71273041983768, 48.749203627731653 ], [ 15.712791496653379, 48.748389826233449 ], [ 15.712793570600418, 48.748361172162333 ], [ 15.712471952346025, 48.748097312905628 ], [ 15.712337762229522, 48.747961379713757 ], [ 15.71229165036109, 48.747914627015398 ], [ 15.71167788464388, 48.74733844146521 ], [ 15.711475438985763, 48.747394366658632 ], [ 15.71135091134429, 48.747428829332158 ], [ 15.711141806276116, 48.747558398343521 ], [ 15.711021971823197, 48.747632534574457 ], [ 15.710704143995699, 48.747829445717976 ], [ 15.710402995467511, 48.748042843656364 ], [ 15.710142021911288, 48.748227715428683 ], [ 15.710120036110863, 48.748214214256564 ], [ 15.709939663106317, 48.748103326355086 ], [ 15.709917817501506, 48.748089912284271 ], [ 15.709902445125214, 48.748081135889834 ], [ 15.709896297839931, 48.74807766128778 ], [ 15.709874914118314, 48.748065407536672 ], [ 15.709998146507619, 48.747920573465066 ], [ 15.710051146880515, 48.747892778348991 ], [ 15.710110122576149, 48.747861803133489 ], [ 15.710312677660919, 48.747614141534861 ], [ 15.710351821347148, 48.747569171576941 ], [ 15.710408017196684, 48.747504601821426 ], [ 15.710628664317817, 48.747283385926004 ], [ 15.710665459227547, 48.747246471163173 ], [ 15.710670667488818, 48.74724141710999 ], [ 15.710659232973411, 48.74723247112523 ], [ 15.710130285616563, 48.746815706036067 ], [ 15.710082978271361, 48.746778334096071 ], [ 15.710054316221392, 48.746755790577062 ], [ 15.710043730755091, 48.746747547151585 ], [ 15.710005018675902, 48.746798896524254 ], [ 15.709994249741735, 48.746813150554104 ], [ 15.709955386721928, 48.746767150027374 ], [ 15.709923426727595, 48.746729197519237 ], [ 15.709905000826311, 48.746707346570979 ], [ 15.709841209887109, 48.746707737697896 ], [ 15.709807479414561, 48.746707970380548 ], [ 15.709704476526634, 48.746710684474415 ], [ 15.709429949908142, 48.746723077191206 ], [ 15.708931873114709, 48.746738101980476 ], [ 15.708909997304504, 48.746738724432703 ], [ 15.70865790939501, 48.746747962201795 ], [ 15.70817553847828, 48.746764285660923 ], [ 15.707605466821331, 48.746784719533593 ], [ 15.707053940557483, 48.746820791322087 ], [ 15.707019757686036, 48.746823011793929 ], [ 15.706949727581987, 48.74682676654718 ], [ 15.706609758946446, 48.746845064002478 ], [ 15.706212936442059, 48.746866668600759 ], [ 15.705388880172585, 48.746911297772655 ], [ 15.704662572713088, 48.746948459012103 ], [ 15.70383203507045, 48.746932295165116 ], [ 15.703243932736735, 48.746907004672835 ], [ 15.70302744611471, 48.746897606930069 ], [ 15.70280782910471, 48.746888181973347 ], [ 15.702660310599423, 48.746875592556002 ], [ 15.702477272875155, 48.746859850576016 ], [ 15.702149180276507, 48.746831828462575 ], [ 15.701371063946148, 48.746742700140928 ], [ 15.701000310948938, 48.746680534876937 ], [ 15.700465578205959, 48.74659099238157 ], [ 15.700448653657382, 48.746483543865054 ], [ 15.700437369544849, 48.746412871268163 ], [ 15.70039092073919, 48.746119410337734 ], [ 15.700359285726545, 48.745925972557536 ], [ 15.700338096949277, 48.74579683606509 ], [ 15.700329392079462, 48.745743746492657 ], [ 15.700322658267082, 48.745730475983386 ], [ 15.700311304853477, 48.745708481061335 ], [ 15.700309211365012, 48.745704384419412 ], [ 15.700300548996911, 48.745687643765493 ], [ 15.700184147131072, 48.745461544011107 ], [ 15.700076548570353, 48.745252271940274 ], [ 15.699849116233874, 48.744830914899957 ], [ 15.699825581080217, 48.744553367240123 ], [ 15.699809916217175, 48.744369864505522 ], [ 15.699828398575688, 48.744227691851179 ], [ 15.699863455587773, 48.743958050825519 ], [ 15.70004597563989, 48.743540578510803 ], [ 15.7000531479295, 48.743498415731771 ], [ 15.700054431033802, 48.743490831989206 ], [ 15.70006845894034, 48.743408492253437 ], [ 15.700085048851022, 48.743310895133646 ], [ 15.700150797070652, 48.743202499992073 ], [ 15.700238426672021, 48.743058213692692 ], [ 15.70036209901601, 48.742884228915408 ], [ 15.70029598458124, 48.742801615009995 ], [ 15.700235790853048, 48.742726439619886 ], [ 15.700107027934488, 48.74256555054518 ], [ 15.700035714876316, 48.742476383132185 ], [ 15.699889488722823, 48.742098826415372 ], [ 15.699844821093643, 48.741687371744597 ], [ 15.699830373196546, 48.741426915678083 ], [ 15.69982540403703, 48.741336770997123 ], [ 15.699813697470482, 48.741118097970549 ], [ 15.699802815097881, 48.740917313317858 ], [ 15.698207088587207, 48.74078714584202 ], [ 15.697742743676157, 48.740803784355208 ], [ 15.697618883727735, 48.740808257668405 ], [ 15.697396449457539, 48.740867080760488 ], [ 15.697204387335665, 48.7409178241071 ], [ 15.696770222494891, 48.741067103894721 ], [ 15.696728034755653, 48.741081539182652 ], [ 15.696452223191651, 48.74119254039023 ], [ 15.696298088926889, 48.741254575559971 ], [ 15.695970450960997, 48.741386412904539 ], [ 15.695943456029518, 48.741399912398492 ], [ 15.695932555110922, 48.741405440230118 ], [ 15.69556929386879, 48.741588019074058 ], [ 15.695460930274125, 48.741642564188666 ], [ 15.695130142270536, 48.741756287540191 ], [ 15.694729982381961, 48.741893898616667 ], [ 15.694156529257739, 48.742034992299907 ], [ 15.694099413749914, 48.742047297397058 ], [ 15.693769512247401, 48.742118261000236 ], [ 15.693675214494935, 48.74213851124199 ], [ 15.693626587048604, 48.742149025950908 ], [ 15.693255796550854, 48.742105822347007 ], [ 15.693211755282864, 48.742100679107089 ], [ 15.693205603810116, 48.741981586339868 ] ] ] } }
]
}
