{
"type": "FeatureCollection",
"name": "unserfrau_altweitra",
"crs": { "type": "name", "properties": { "name": "urn:ogc:def:crs:OGC:1.3:CRS84" } },
"features": [
{ "type": "Feature", "properties": { "name": "Unserfrau-Altweitra", "feature_type": "entity", "metric_roundness": 23.66, "metric_rectangularity": 48.63, "metric_mobile_fit": 24.15, "metric_aspect_ratio": 1.321, "metric_area_km2": 92.38 }, "geometry": { "type": "Polygon", "coordinates": [ [ [ 14.948193244982816, 48.71938693279273 ], [ 14.948168690199548, 48.719366941052343 ], [ 14.948149070376319, 48.719209792016834 ], [ 14.948138714419338, 48.719126817274415 ], [ 14.948131493491307, 48.719070065878306 ], [ 14.948089209860902, 48.718732421645456 ], [ 14.948044363372453, 48.718373763426534 ], [ 14.948011735348368, 48.717979945054843 ], [ 14.948003735461137, 48.717314217414234 ], [ 14.947998104981084, 48.716858049288405 ], [ 14.947997874541086, 48.716833405119061 ], [ 14.948000639730846, 48.716800264085634 ], [ 14.948047301916375, 48.716238850152394 ], [ 14.948121101463819, 48.716026353464763 ], [ 14.94818104362114, 48.715857405096429 ], [ 14.948405165713558, 48.715224554493261 ], [ 14.948465886843884, 48.715063151288355 ], [ 14.948504399707886, 48.714960703574924 ], [ 14.948514688272599, 48.714933395920944 ], [ 14.948516145376347, 48.714897574218099 ], [ 14.948521049633882, 48.714776788593163 ], [ 14.948523640707256, 48.714712166031752 ], [ 14.948611480140546, 48.714535637076843 ], [ 14.948685390255404, 48.714387365356842 ], [ 14.948733466853485, 48.714290812812123 ], [ 14.948765431945427, 48.714226595540339 ], [ 14.948815170046208, 48.714126691786305 ], [ 14.948855070217256, 48.714046803233892 ], [ 14.948907746540646, 48.713940922023724 ], [ 14.948928845879665, 48.713898623106338 ], [ 14.949025382075659, 48.713704792809772 ], [ 14.949080568162644, 48.713665802703353 ], [ 14.949159159006278, 48.713610298653769 ], [ 14.949180135869254, 48.713577086717116 ], [ 14.949308651731956, 48.713375799460792 ], [ 14.949398171757856, 48.713235587999769 ], [ 14.949500127122322, 48.713075865111946 ], [ 14.94960169685883, 48.712916867055462 ], [ 14.949795628776727, 48.712613030251028 ], [ 14.949909629373789, 48.712434430585667 ], [ 14.949940971481182, 48.712385063892945 ], [ 14.949993685642395, 48.712302119810666 ], [ 14.950019436777398, 48.712265153808104 ], [ 14.950139994174775, 48.712091950747499 ], [ 14.950218670682652, 48.711978784144698 ], [ 14.950252746551982, 48.71192991941281 ], [ 14.9502687550335, 48.711868440139185 ], [ 14.950298846898862, 48.711753424059786 ], [ 14.950311587770351, 48.711734987849731 ], [ 14.950432309372859, 48.711588678424874 ], [ 14.950524121059749, 48.711478299076461 ], [ 14.950699888316558, 48.711267093571543 ], [ 14.950847223846441, 48.711081106940824 ], [ 14.95099183538515, 48.710890659928246 ], [ 14.951048741086055, 48.710815753363349 ], [ 14.9510884226929, 48.710763662674601 ], [ 14.951092337352016, 48.710758481328547 ], [ 14.951109824517667, 48.71073539193015 ], [ 14.95119361720201, 48.710625122499039 ], [ 14.951220246912612, 48.710590213011123 ], [ 14.951305578822387, 48.710502950537865 ], [ 14.95142370757477, 48.710382402559993 ], [ 14.951552365216278, 48.710250914773731 ], [ 14.951554867373599, 48.710248361556786 ], [ 14.951557743155464, 48.71024472373788 ], [ 14.951565719485375, 48.710234718798816 ], [ 14.951691599595305, 48.710075473283986 ], [ 14.951739706293987, 48.710014720512184 ], [ 14.951845197579344, 48.709881392903853 ], [ 14.951958271062871, 48.709738515419758 ], [ 14.952053039567518, 48.709618648699418 ], [ 14.95208723930865, 48.709552240539871 ], [ 14.952214827372854, 48.709304905580183 ], [ 14.952390231056013, 48.709030824070098 ], [ 14.952405305324074, 48.708995893762108 ], [ 14.952492474728812, 48.708734093606282 ], [ 14.952568501720959, 48.708558713252522 ], [ 14.952693880797256, 48.70834064320519 ], [ 14.953015432346168, 48.707925564410303 ], [ 14.953093527620135, 48.707824547309244 ], [ 14.95362894781548, 48.707420637516087 ], [ 14.953717500668356, 48.707353928097824 ], [ 14.954761902677204, 48.706846373123085 ], [ 14.954818260871262, 48.706819057897107 ], [ 14.95498987378275, 48.706735727657751 ], [ 14.955025249528143, 48.706732630148565 ], [ 14.955052765569652, 48.706730270920275 ], [ 14.955186547490625, 48.706718707081976 ], [ 14.955328732460979, 48.706706397271063 ], [ 14.955570407416781, 48.706685515718164 ], [ 14.955692252046791, 48.706653156915927 ], [ 14.955790778221541, 48.706626967404148 ], [ 14.95604349519289, 48.706559785559946 ], [ 14.956461320727088, 48.706448760731476 ], [ 14.956536799703128, 48.706428736379564 ], [ 14.956762236908437, 48.706504867990169 ], [ 14.956901811934019, 48.70655196234204 ], [ 14.95703177235958, 48.706595861236615 ], [ 14.957248281098925, 48.706668967048635 ], [ 14.957455311399457, 48.706738875323175 ], [ 14.957648606238154, 48.706804205757656 ], [ 14.957725126694767, 48.70683004303644 ], [ 14.957742434728615, 48.706835830421277 ], [ 14.95781060584013, 48.706838305082755 ], [ 14.958081654413103, 48.706848046072416 ], [ 14.958112405862957, 48.706849149560377 ], [ 14.958128467966016, 48.706849916684888 ], [ 14.958261869784224, 48.706856435460708 ], [ 14.958369951514735, 48.706861685509779 ], [ 14.958485111920615, 48.706867287208304 ], [ 14.958577813695529, 48.706871850499084 ], [ 14.958673507132017, 48.706876462238654 ], [ 14.958888991509983, 48.706886970888036 ], [ 14.958931053057366, 48.706888996957026 ], [ 14.959066085334923, 48.706895492237244 ], [ 14.959209340667405, 48.706908440123009 ], [ 14.959261271943747, 48.706913117929723 ], [ 14.959472269034899, 48.706932143409041 ], [ 14.959685176783278, 48.706951411896874 ], [ 14.959808393490505, 48.706962477840079 ], [ 14.960018983421945, 48.706981507984793 ], [ 14.960122028304205, 48.706990784242613 ], [ 14.960373941752909, 48.706997097063343 ], [ 14.960697451572386, 48.707006734385416 ], [ 14.960716089313966, 48.707007285532441 ], [ 14.960744678622531, 48.707008778133208 ], [ 14.961027715998478, 48.707023653411525 ], [ 14.961286800350267, 48.707037510961086 ], [ 14.961387954165561, 48.707042854342205 ], [ 14.961512237525396, 48.707048956204666 ], [ 14.961545997913968, 48.707050646733279 ], [ 14.961570636083927, 48.70705183413255 ], [ 14.961619640717229, 48.70705421268547 ], [ 14.961633798118445, 48.707054915804086 ], [ 14.9618920083961, 48.7069853962266 ], [ 14.961987004982236, 48.70722110833038 ], [ 14.96203382864692, 48.70721470142805 ], [ 14.962127065526257, 48.707201803308735 ], [ 14.962311507013363, 48.707176214963603 ], [ 14.962404314306117, 48.707166920769339 ], [ 14.962636540448701, 48.7071438170059 ], [ 14.962754465619078, 48.707142269732046 ], [ 14.962876874003802, 48.707140660089529 ], [ 14.963504539154838, 48.707132392947273 ], [ 14.964480936922429, 48.70710191473411 ], [ 14.964952621100903, 48.707056677406065 ], [ 14.965032103641704, 48.707051524382123 ], [ 14.965506697585042, 48.707020906973241 ], [ 14.965663086898958, 48.707010815853451 ], [ 14.966131100270839, 48.70689285145302 ], [ 14.966198787970773, 48.706875807801588 ], [ 14.966429892648694, 48.706821767665907 ], [ 14.966440318246669, 48.706807679604424 ], [ 14.966496622089982, 48.706731783884635 ], [ 14.966636304403593, 48.706803332985345 ], [ 14.96681294839151, 48.706780544673975 ], [ 14.966931458280271, 48.706844472105004 ], [ 14.966996449869459, 48.706879459358994 ], [ 14.967264113837523, 48.706727037874842 ], [ 14.967282940589991, 48.706716430957769 ], [ 14.967324456669459, 48.706692734556356 ], [ 14.967411301383635, 48.706765288270468 ], [ 14.967540476208807, 48.706737132835585 ], [ 14.967669246189418, 48.706709072848845 ], [ 14.967751386998025, 48.706663581215807 ], [ 14.967882952989093, 48.706590954435825 ], [ 14.968093209389405, 48.706650724282404 ], [ 14.968459136115458, 48.70675474159664 ], [ 14.968622042265965, 48.706821377102898 ], [ 14.968695303480544, 48.706851390643259 ], [ 14.968723669879534, 48.706862959345166 ], [ 14.968817603694724, 48.7068421301447 ], [ 14.968909552574125, 48.706827265547354 ], [ 14.968926321248317, 48.706824603067453 ], [ 14.968975976528569, 48.706808978525416 ], [ 14.969579794668743, 48.706713485160897 ], [ 14.969657281155646, 48.706701160435514 ], [ 14.969517135919697, 48.706555408600849 ], [ 14.969411708967495, 48.706445694251691 ], [ 14.96944546081132, 48.706374519219402 ], [ 14.969511581447815, 48.706235696634543 ], [ 14.969397741464849, 48.706160552259163 ], [ 14.969561258375739, 48.706195154038078 ], [ 14.969608140262219, 48.70619063232504 ], [ 14.969637407116231, 48.706187795479053 ], [ 14.969654467164442, 48.706113164955006 ], [ 14.969671849970515, 48.706087105541307 ], [ 14.969720883802026, 48.706013558407662 ], [ 14.969518466264885, 48.705965196395944 ], [ 14.969415318234295, 48.705837369333764 ], [ 14.969383974123355, 48.705685242873599 ], [ 14.969373237818928, 48.705429021187285 ], [ 14.96933702916181, 48.705367457106149 ], [ 14.969270794143865, 48.705254947355954 ], [ 14.969146774455169, 48.705248490253595 ], [ 14.968992764024497, 48.705145209813281 ], [ 14.968987534544123, 48.705147441617811 ], [ 14.968966217651021, 48.705156644258821 ], [ 14.968954015524039, 48.705161851799538 ], [ 14.968897028630199, 48.705152031366012 ], [ 14.968986740081165, 48.705049851649932 ], [ 14.969030548929869, 48.705000035722144 ], [ 14.96911265239636, 48.704906507650101 ], [ 14.969276227774378, 48.704819220094755 ], [ 14.96927823759985, 48.704664559602364 ], [ 14.968982217161294, 48.704548865947075 ], [ 14.968975058656003, 48.704545997209692 ], [ 14.968926273897731, 48.704409495924025 ], [ 14.968873016367304, 48.704260553215896 ], [ 14.968801397650308, 48.704264969635524 ], [ 14.96876927318778, 48.704233483338292 ], [ 14.968748093801025, 48.70421281900154 ], [ 14.968725222616632, 48.704143242763543 ], [ 14.968718139911189, 48.704121392467044 ], [ 14.968730561823508, 48.704054742671772 ], [ 14.968782673845601, 48.703996805100232 ], [ 14.968792022933673, 48.70399163733169 ], [ 14.968860140521928, 48.703954076338668 ], [ 14.968778832770681, 48.70395296062685 ], [ 14.968772852661822, 48.703952954012649 ], [ 14.968689930387351, 48.703913899760977 ], [ 14.968726518622965, 48.703846463408588 ], [ 14.968740024578972, 48.703839528569837 ], [ 14.968807022361123, 48.703805221585604 ], [ 14.968880367472089, 48.703744019525125 ], [ 14.968962965153507, 48.70361909030531 ], [ 14.968981122491501, 48.703591760787035 ], [ 14.968933953876604, 48.703570109394541 ], [ 14.968900026703265, 48.703554570278072 ], [ 14.968868799400436, 48.703555545233925 ], [ 14.96884123706476, 48.703556379147955 ], [ 14.968740182122898, 48.703506962961356 ], [ 14.968765033005242, 48.703446526726545 ], [ 14.96870099111703, 48.703390027961703 ], [ 14.968638985660842, 48.703363365828331 ], [ 14.96858635214204, 48.703340800949015 ], [ 14.968576017914664, 48.703336357252219 ], [ 14.968584109926658, 48.70322757890554 ], [ 14.968640069217548, 48.703149617748878 ], [ 14.968736600060517, 48.703086743316739 ], [ 14.968967224422279, 48.703009676020365 ], [ 14.968980534279446, 48.70300940054895 ], [ 14.969020186440604, 48.703008398082396 ], [ 14.969041644079578, 48.703007919079539 ], [ 14.969034627192343, 48.702988136836083 ], [ 14.969023426208489, 48.702956448900537 ], [ 14.968955937459508, 48.702949653459008 ], [ 14.968942013679454, 48.702883640663188 ], [ 14.968934331806491, 48.702847226009652 ], [ 14.968933059123446, 48.702841396674259 ], [ 14.968991232763093, 48.702803164562361 ], [ 14.968935654140557, 48.702799081661382 ], [ 14.96875511952809, 48.702797369931012 ], [ 14.968502126000558, 48.702794958466221 ], [ 14.968383943558926, 48.702800923036648 ], [ 14.967853282620469, 48.702827925878211 ], [ 14.967843513314245, 48.702828421772104 ], [ 14.967821812637537, 48.702829803491625 ], [ 14.967566167529329, 48.702846587345498 ], [ 14.966793603774747, 48.702873805526139 ], [ 14.96664299046572, 48.702907026331012 ], [ 14.965627676708941, 48.702882113091597 ], [ 14.965155802858369, 48.702556202503501 ], [ 14.965002021885397, 48.702489615312409 ], [ 14.964831977903463, 48.702415877728754 ], [ 14.964011668719031, 48.702180173648031 ], [ 14.963828019642587, 48.702127313316694 ], [ 14.963408409752104, 48.702231913366639 ], [ 14.963278842702589, 48.702213113451904 ], [ 14.963241705497969, 48.702207692258469 ], [ 14.963030494564753, 48.702177072545965 ], [ 14.962867028994413, 48.702092086392554 ], [ 14.962307145053146, 48.701801389627072 ], [ 14.962286818358388, 48.701794655316135 ], [ 14.962274045544117, 48.701790424834009 ], [ 14.962158133726092, 48.701752183800039 ], [ 14.961995251795363, 48.701698402691541 ], [ 14.961633226366452, 48.701582977178326 ], [ 14.960985493977015, 48.701534752110071 ], [ 14.960200861987992, 48.701476367581577 ], [ 14.959814997605916, 48.701560876793948 ], [ 14.959716471120064, 48.701582392271384 ], [ 14.959680839580138, 48.701590172451731 ], [ 14.959251204039035, 48.701691568237813 ], [ 14.959049225301067, 48.701712087732943 ], [ 14.958796243446308, 48.701671154616143 ], [ 14.958358841830082, 48.701574214417072 ], [ 14.957694674863118, 48.701470246951729 ], [ 14.956810836716757, 48.701364367620769 ], [ 14.956428225630791, 48.701366961807253 ], [ 14.956230399744179, 48.701368348610004 ], [ 14.956154176366734, 48.701368863035782 ], [ 14.956131843235005, 48.701320056597282 ], [ 14.956022790755272, 48.7010812955251 ], [ 14.955814794706084, 48.70111349684997 ], [ 14.955357690936868, 48.701184313722742 ], [ 14.955067206134146, 48.701229527924525 ], [ 14.955004648685337, 48.70126691408575 ], [ 14.954563064458556, 48.701088698604686 ], [ 14.95433869276911, 48.701011018971471 ], [ 14.95390346111337, 48.70102557619682 ], [ 14.953802958127605, 48.701053410822738 ], [ 14.952756830878878, 48.701343113976876 ], [ 14.952109860765979, 48.701629460842206 ], [ 14.9516148596378, 48.702107020793925 ], [ 14.951531033617005, 48.702163948624502 ], [ 14.951519455876198, 48.702171754419965 ], [ 14.951284159316019, 48.702256497722807 ], [ 14.950633494152617, 48.702490803295674 ], [ 14.950572757628171, 48.702512779678727 ], [ 14.950480304207941, 48.702546077618805 ], [ 14.950465256599594, 48.702551592304424 ], [ 14.950390049999502, 48.702562883496199 ], [ 14.949633533255495, 48.702676933492093 ], [ 14.948753843562324, 48.702659901380756 ], [ 14.948407053890277, 48.702665304475062 ], [ 14.94800701897252, 48.702671619102851 ], [ 14.947627069716816, 48.702780923797043 ], [ 14.947376284377848, 48.702853098647545 ], [ 14.947369548612579, 48.702854990382065 ], [ 14.94731486716481, 48.702870764863967 ], [ 14.947189745106522, 48.702915483922517 ], [ 14.947032555189848, 48.702990688608516 ], [ 14.946823551878094, 48.703090803237828 ], [ 14.94676478908826, 48.703197397594899 ], [ 14.946619071841655, 48.703352413438694 ], [ 14.946592372632342, 48.703380756311745 ], [ 14.946362661665548, 48.703734916106015 ], [ 14.946218819048058, 48.703880460392455 ], [ 14.946104873731068, 48.703995638795092 ], [ 14.946166658129812, 48.704219225827181 ], [ 14.946168794129477, 48.704226662683304 ], [ 14.946183672354477, 48.704280700684343 ], [ 14.946156394613318, 48.704286292931506 ], [ 14.945921570292594, 48.704334677084681 ], [ 14.945696217637291, 48.704312406415404 ], [ 14.945616544157769, 48.70432438554171 ], [ 14.945438933673325, 48.704351023291316 ], [ 14.945390273029584, 48.704316159783815 ], [ 14.945330629516437, 48.704273441185784 ], [ 14.945223093015597, 48.704285353008558 ], [ 14.945071945789351, 48.704302091553608 ], [ 14.945078436923142, 48.70435741427309 ], [ 14.944875517717913, 48.704456811990433 ], [ 14.944693442109465, 48.70442773823779 ], [ 14.944582258211048, 48.704410014623214 ], [ 14.944611584281722, 48.704348353079006 ], [ 14.944652650244244, 48.704262332614533 ], [ 14.944687814010399, 48.70405738358631 ], [ 14.944667213852437, 48.703777368705843 ], [ 14.944667882295983, 48.703603567711042 ], [ 14.944675337748485, 48.703511891798634 ], [ 14.944685259331342, 48.703390497075695 ], [ 14.944695455755989, 48.703351586731721 ], [ 14.944701280264432, 48.703329288023177 ], [ 14.944715483295186, 48.703275120369931 ], [ 14.944735258811612, 48.70319928714207 ], [ 14.944777607154409, 48.703080505558397 ], [ 14.944837571717182, 48.702947089330593 ], [ 14.944796403424498, 48.702938749185911 ], [ 14.944780101062745, 48.702709139557655 ], [ 14.944658145805432, 48.702677171258017 ], [ 14.944450522368172, 48.702699991858744 ], [ 14.944306958649358, 48.702715725832853 ], [ 14.944300593694885, 48.702716442892445 ], [ 14.944294769299532, 48.702717062576461 ], [ 14.944137381602696, 48.702725339993776 ], [ 14.943940785571483, 48.702735774519887 ], [ 14.943544057695201, 48.702743557759305 ], [ 14.943262638997599, 48.702749038124544 ], [ 14.943256392974988, 48.702749213769387 ], [ 14.943194187542007, 48.7027504269779 ], [ 14.943143390213599, 48.702751393700801 ], [ 14.943055787516846, 48.702753135147013 ], [ 14.943035549527155, 48.702753502713648 ], [ 14.943025635706304, 48.702753728658415 ], [ 14.94282626761675, 48.70275376463271 ], [ 14.942766470774265, 48.70275377517266 ], [ 14.942414215876093, 48.702753928194959 ], [ 14.9417885763079, 48.702716628587247 ], [ 14.941777955136875, 48.702715964578744 ], [ 14.94170416720192, 48.702711848539543 ], [ 14.941629289711907, 48.702707657432512 ], [ 14.941241969123197, 48.702685978851015 ], [ 14.941110931623367, 48.702667714444239 ], [ 14.941074625552748, 48.702662724651631 ], [ 14.940988488063731, 48.702654819370075 ], [ 14.940981285512498, 48.702654828089614 ], [ 14.9405434204358, 48.702659566583726 ], [ 14.940497907016198, 48.70266001002193 ], [ 14.940488805456496, 48.702660134673792 ], [ 14.940079585449764, 48.702694343947307 ], [ 14.939791002298211, 48.702718444668506 ], [ 14.939420839962118, 48.702750047991408 ], [ 14.939081443674977, 48.702778980297602 ], [ 14.939050269637498, 48.702781655722951 ], [ 14.939017060736656, 48.702784448937393 ], [ 14.938683498396788, 48.702795669225928 ], [ 14.937955766461974, 48.702787811545512 ], [ 14.937828520499814, 48.702786492993461 ], [ 14.93758265343666, 48.702798939832164 ], [ 14.937541576677514, 48.702802200004605 ], [ 14.937341126483219, 48.702815464724686 ], [ 14.937336108645194, 48.702815803174815 ], [ 14.937326344658354, 48.702816476360859 ], [ 14.937052363452553, 48.702838211830631 ], [ 14.936965395974058, 48.702834182976389 ], [ 14.93685039120534, 48.702828828048638 ], [ 14.936783024662052, 48.702825790578679 ], [ 14.936771727113701, 48.702825225314101 ], [ 14.93625972315302, 48.702801545784759 ], [ 14.936219844965267, 48.702799661732364 ], [ 14.936161197786731, 48.702797314394452 ], [ 14.936112481291564, 48.702795281162565 ], [ 14.936023490304008, 48.702791729021072 ], [ 14.935404572159371, 48.702812953774355 ], [ 14.935336963493421, 48.702815226077895 ], [ 14.935258903178442, 48.702817910880931 ], [ 14.935224492554207, 48.702834482412385 ], [ 14.935062473407038, 48.702912255476193 ], [ 14.935038885409339, 48.702918514408417 ], [ 14.934821198575865, 48.702976177563968 ], [ 14.934510221020707, 48.702953344936411 ], [ 14.934447971764799, 48.702948797036591 ], [ 14.934385040494037, 48.70294416845487 ], [ 14.934374808666647, 48.70294727653944 ], [ 14.934179181103364, 48.703006346654391 ], [ 14.934148754434016, 48.703015577229074 ], [ 14.933904093405873, 48.703136664469561 ], [ 14.933811553810104, 48.703171929273545 ], [ 14.933746277306609, 48.703196747329713 ], [ 14.933613306871109, 48.703247315836883 ], [ 14.933504647257923, 48.703288647233705 ], [ 14.933463010721683, 48.703304507177378 ], [ 14.933056646301656, 48.703539970141186 ], [ 14.933033015497911, 48.703553605479456 ], [ 14.932946695213843, 48.703596610799586 ], [ 14.93290453848334, 48.703617605010095 ], [ 14.932692305601314, 48.70373716813522 ], [ 14.932647693423103, 48.703762243646821 ], [ 14.932594665462176, 48.703792021488617 ], [ 14.932482070290973, 48.7038554442777 ], [ 14.932405804568887, 48.703898402119506 ], [ 14.932020199598808, 48.704115587606346 ], [ 14.931766378941086, 48.704235265742874 ], [ 14.931733964835745, 48.704250549659591 ], [ 14.93170623832436, 48.704263610824015 ], [ 14.931663652298294, 48.704279572989222 ], [ 14.931567056006099, 48.704315610837128 ], [ 14.93149907676017, 48.704341004126881 ], [ 14.931494765931104, 48.704342232236158 ], [ 14.93137986221803, 48.704375190945704 ], [ 14.931302544448396, 48.704397472941551 ], [ 14.931151537513216, 48.704440728015548 ], [ 14.931015622499228, 48.704479819448871 ], [ 14.930937761016963, 48.704502108601233 ], [ 14.93072489933734, 48.704518589299568 ], [ 14.930668464529782, 48.704535009463882 ], [ 14.930515319378777, 48.704579462209324 ], [ 14.930493395097004, 48.704604318033709 ], [ 14.930486435297199, 48.704612148797366 ], [ 14.930455710735762, 48.704646839412725 ], [ 14.930409885739255, 48.704698556916028 ], [ 14.930404106664488, 48.704705022295883 ], [ 14.930080281023368, 48.704754495763474 ], [ 14.929838885609719, 48.70475373209733 ], [ 14.929619642144335, 48.704752936478677 ], [ 14.92951511758455, 48.704752559140559 ], [ 14.929469384498979, 48.70475911813179 ], [ 14.929244106777697, 48.704791596886054 ], [ 14.929230089085056, 48.704790977929392 ], [ 14.929040780946833, 48.704782577816246 ], [ 14.92889734088962, 48.704776342344879 ], [ 14.928226943304491, 48.70474677514828 ], [ 14.927915973530455, 48.704733190115256 ], [ 14.927857029330493, 48.704738848539755 ], [ 14.927695109497778, 48.704754631537334 ], [ 14.927613148902889, 48.704732446967782 ], [ 14.927522005566315, 48.704707778422538 ], [ 14.927417293282437, 48.704679426106829 ], [ 14.927397117785224, 48.704677451315114 ], [ 14.927380077990781, 48.704675793742204 ], [ 14.927344362629794, 48.704672320899959 ], [ 14.927301780258373, 48.704670920305311 ], [ 14.927260828088787, 48.704669497553304 ], [ 14.92722593110779, 48.704587213948678 ], [ 14.92721274288146, 48.704556358977129 ], [ 14.927259021189172, 48.704462178361233 ], [ 14.927236428835128, 48.704382246334688 ], [ 14.927300689778876, 48.704228092046243 ], [ 14.927398107754591, 48.704117654691395 ], [ 14.927457708637537, 48.704049919357018 ], [ 14.927510485042902, 48.703990012734288 ], [ 14.927433656701586, 48.703883471492624 ], [ 14.927568479498378, 48.70371270647415 ], [ 14.92767446801167, 48.703694625067662 ], [ 14.927782227669647, 48.703597809788732 ], [ 14.927791616259679, 48.703589406460729 ], [ 14.927818614351491, 48.703530929372079 ], [ 14.927850076990788, 48.703463036399285 ], [ 14.927849717244326, 48.70345143722588 ], [ 14.927846974710056, 48.703341100971059 ], [ 14.927841762168958, 48.703124832484036 ], [ 14.927841513974688, 48.703116829952023 ], [ 14.927841427525021, 48.703114042553239 ], [ 14.927840597293528, 48.703091655292475 ], [ 14.927837997844557, 48.703020986780828 ], [ 14.927792137428259, 48.702883170720973 ], [ 14.927682911834873, 48.702555782941864 ], [ 14.92769598853854, 48.702460343979482 ], [ 14.927707509144293, 48.702376080450321 ], [ 14.927714259192705, 48.702326424075729 ], [ 14.927693833413656, 48.702237467208725 ], [ 14.927670140088381, 48.702231582292868 ], [ 14.927645487499174, 48.70222544054306 ], [ 14.927569065067679, 48.702206419068879 ], [ 14.927517156781809, 48.702162776932958 ], [ 14.927322927840265, 48.701999720107935 ], [ 14.927386582392549, 48.701948840993758 ], [ 14.927396794166263, 48.701940696366428 ], [ 14.927590811675927, 48.701785768439535 ], [ 14.927664877520176, 48.701667462086498 ], [ 14.927702686328418, 48.701607038989216 ], [ 14.927744635637099, 48.701539903018187 ], [ 14.927850568490522, 48.701393097861619 ], [ 14.92786763586057, 48.701369387932935 ], [ 14.927887832334488, 48.701341407639923 ], [ 14.927928225216416, 48.701285447042196 ], [ 14.927972264317866, 48.701263799335173 ], [ 14.928029287511588, 48.701235768328658 ], [ 14.928176667153231, 48.701163421279027 ], [ 14.928315747005584, 48.70109514482953 ], [ 14.928328717113441, 48.70108831193231 ], [ 14.92837805559639, 48.701062274238055 ], [ 14.928516177588726, 48.700989422900854 ], [ 14.928666335067913, 48.70091029088757 ], [ 14.928747273431203, 48.700825263287129 ], [ 14.928751326044418, 48.70076754759868 ], [ 14.92869915298256, 48.700728497217511 ], [ 14.928566635557582, 48.700635936936557 ], [ 14.928549571956147, 48.700633470284018 ], [ 14.928501516622953, 48.700626387504521 ], [ 14.928454689435222, 48.70061946791882 ], [ 14.928392708791369, 48.700610325536694 ], [ 14.928342194448966, 48.700602826347421 ], [ 14.928330864008725, 48.700601181275431 ], [ 14.928324038577092, 48.70060019460098 ], [ 14.928304136323515, 48.700598216268013 ], [ 14.928258066483879, 48.700593805025555 ], [ 14.928115925477078, 48.700488871425492 ], [ 14.928075730945958, 48.700459193110021 ], [ 14.928025631594252, 48.700386201548824 ], [ 14.928016095345219, 48.700372298303677 ], [ 14.928001581645891, 48.700351266370866 ], [ 14.927963580937265, 48.700295921278759 ], [ 14.927955467246328, 48.700284067641363 ], [ 14.927842031323554, 48.700118744218841 ], [ 14.927781882636408, 48.700041571306457 ], [ 14.927557984784888, 48.699754151533881 ], [ 14.927330322494177, 48.699792326492869 ], [ 14.927142709577669, 48.699763480935083 ], [ 14.927101882483646, 48.699757198955226 ], [ 14.9270837500067, 48.699759694088172 ], [ 14.92704775672158, 48.699764680655896 ], [ 14.926819067191227, 48.699796032056064 ], [ 14.92677535621922, 48.699801932931678 ], [ 14.926444685424778, 48.699813799056315 ], [ 14.926431192968719, 48.6998125429729 ], [ 14.925962356133445, 48.699768622901416 ], [ 14.925472981897521, 48.699895262716126 ], [ 14.925155161935281, 48.699927190496162 ], [ 14.925016052070445, 48.699919902219392 ], [ 14.92477798800615, 48.699907479191339 ], [ 14.924527730960895, 48.699957739094472 ], [ 14.924511389221811, 48.699961019130676 ], [ 14.924485247179847, 48.69995939462963 ], [ 14.924334945773783, 48.699950548175387 ], [ 14.92401527064041, 48.699909365368583 ], [ 14.92339989763992, 48.699758577046609 ], [ 14.922389728699308, 48.699580479296216 ], [ 14.922217164802936, 48.699563565905812 ], [ 14.921101079865672, 48.699453817070697 ], [ 14.920424282025445, 48.69939496783558 ], [ 14.920220208461069, 48.699387383149613 ], [ 14.919885665446799, 48.699374995609816 ], [ 14.919306777977107, 48.699353496285191 ], [ 14.919149914778533, 48.699347700394867 ], [ 14.919128208666493, 48.699344485539264 ], [ 14.9183876077291, 48.699234763338467 ], [ 14.917935433371287, 48.699122581098187 ], [ 14.917653833011137, 48.699077448655771 ], [ 14.917562468657215, 48.699062760373963 ], [ 14.917538023891117, 48.699058862570446 ], [ 14.917496372521535, 48.699047820840818 ], [ 14.916545093561652, 48.69879070816117 ], [ 14.916524266705437, 48.698785142162961 ], [ 14.916362447758047, 48.698741898653068 ], [ 14.916296125195396, 48.698723993027102 ], [ 14.916225140011974, 48.69870471099977 ], [ 14.916140862674105, 48.698681830166656 ], [ 14.916107998608329, 48.698691358817889 ], [ 14.916068669827425, 48.698702773738063 ], [ 14.915968458567971, 48.698731741254619 ], [ 14.915889931164623, 48.698754389322566 ], [ 14.915881312465089, 48.69875693431861 ], [ 14.915713850967142, 48.698799672004498 ], [ 14.915184502468135, 48.698934903692241 ], [ 14.915129435767795, 48.698947160129634 ], [ 14.914987039558421, 48.698978674442941 ], [ 14.914876263343398, 48.698995549687709 ], [ 14.91470124175995, 48.699022286056099 ], [ 14.914658586320227, 48.699027178694529 ], [ 14.91464802433566, 48.699028400478781 ], [ 14.914627574011854, 48.699030655058522 ], [ 14.914353622036053, 48.699061782500074 ], [ 14.914331954695253, 48.699064233333551 ], [ 14.914296204684339, 48.699068313166656 ], [ 14.914215359632081, 48.699077498241472 ], [ 14.914219593951568, 48.699095881734202 ], [ 14.914233995710061, 48.699157665908096 ], [ 14.914226533964335, 48.69918016494772 ], [ 14.914221074911556, 48.6991882443888 ], [ 14.914205607125266, 48.69921112115086 ], [ 14.914159369345823, 48.699320498282532 ], [ 14.91411897346981, 48.699416573472227 ], [ 14.914068179690672, 48.699536896341527 ], [ 14.914024985798166, 48.69963921598977 ], [ 14.913817063589843, 48.700005969823629 ], [ 14.913755200004848, 48.700146411342779 ], [ 14.913629917582046, 48.700270615697093 ], [ 14.913551586637011, 48.700348401157704 ], [ 14.913481958317307, 48.700417523761288 ], [ 14.913267796140248, 48.700630089711403 ], [ 14.913199921925603, 48.700698828694264 ], [ 14.913178112956185, 48.700723229924904 ], [ 14.913169443146067, 48.700732971701079 ], [ 14.91314960820324, 48.700755277412384 ], [ 14.913132396109726, 48.700774489381025 ], [ 14.913100733357382, 48.700809907659639 ], [ 14.913091930440491, 48.700819741174961 ], [ 14.913086302505866, 48.700822335646528 ], [ 14.91297321967058, 48.700874861750911 ], [ 14.912813470649251, 48.70098315752653 ], [ 14.912630953392737, 48.701106781772218 ], [ 14.912519128139749, 48.70118258850308 ], [ 14.912496425235354, 48.701213298383657 ], [ 14.912489382548344, 48.701222928253522 ], [ 14.912448412982357, 48.70127835135235 ], [ 14.912441888788567, 48.701287164658055 ], [ 14.912437876540722, 48.701293695317567 ], [ 14.912400834703432, 48.701353113457593 ], [ 14.912357956049419, 48.701421605494396 ], [ 14.912278808793008, 48.701548155892986 ], [ 14.912171161913291, 48.701720246425289 ], [ 14.912161967158623, 48.701735032585873 ], [ 14.912418749470611, 48.701936401964019 ], [ 14.912600474495161, 48.702078871793219 ], [ 14.912951938185065, 48.70225224950768 ], [ 14.912961460609353, 48.702256978823641 ], [ 14.913059709437945, 48.702305400622365 ], [ 14.913055980712546, 48.702409617167199 ], [ 14.913028605440719, 48.702447496365629 ], [ 14.913019480341152, 48.702460122763512 ], [ 14.913012570663263, 48.702469660913096 ], [ 14.913000450975726, 48.702486555443002 ], [ 14.912897508076, 48.702541913349208 ], [ 14.912779194152202, 48.702605663829914 ], [ 14.912754865365976, 48.702618854652435 ], [ 14.91267936389902, 48.702638491228647 ], [ 14.912594558108186, 48.702660501813511 ], [ 14.912565167579025, 48.702668183589843 ], [ 14.91241163003383, 48.702686891167424 ], [ 14.91234108939036, 48.702695486424119 ], [ 14.912241031096293, 48.702707627175393 ], [ 14.912061360753135, 48.702729474464363 ], [ 14.912022095361493, 48.702734230529018 ], [ 14.911899923847129, 48.702774194282838 ], [ 14.911841934859426, 48.702793234918587 ], [ 14.911755015079347, 48.702821660029791 ], [ 14.911602029826335, 48.702871662964597 ], [ 14.9114448496129, 48.702922261830373 ], [ 14.911440408098157, 48.702923670863996 ], [ 14.911404745645463, 48.702935124786706 ], [ 14.911312696352672, 48.702964697984875 ], [ 14.911293444235957, 48.702970623941248 ], [ 14.911238651636182, 48.70298755235725 ], [ 14.911107116561441, 48.703028000983025 ], [ 14.911146956954241, 48.703095110416584 ], [ 14.911198621250268, 48.703184369342715 ], [ 14.911283299504909, 48.703330844570189 ], [ 14.911325202293229, 48.703403143513896 ], [ 14.911280994906729, 48.703415162061525 ], [ 14.911260373106508, 48.703420746611854 ], [ 14.91102208255538, 48.703485478743872 ], [ 14.910995665523794, 48.703497078094607 ], [ 14.910955438297574, 48.703514800035428 ], [ 14.910851250508063, 48.703560727671366 ], [ 14.910792516230458, 48.703586524298949 ], [ 14.910707435558235, 48.703723677716532 ], [ 14.910611991385844, 48.703877431846585 ], [ 14.910455390515024, 48.703938186267806 ], [ 14.910439675516464, 48.703944244445317 ], [ 14.910311814911543, 48.703993817995276 ], [ 14.910303755001642, 48.70399689477113 ], [ 14.910288577846394, 48.704002765793135 ], [ 14.910212289987328, 48.70403230618269 ], [ 14.910173207492841, 48.704047493760491 ], [ 14.910071533595691, 48.704086820281809 ], [ 14.910034330844287, 48.704101262927459 ], [ 14.909917615343817, 48.704146458475826 ], [ 14.909799826629754, 48.704192118088997 ], [ 14.909720585364283, 48.704222867218981 ], [ 14.909683443070223, 48.704239287914568 ], [ 14.909673386697344, 48.704243740766003 ], [ 14.909662925531279, 48.70424828900741 ], [ 14.909641448767838, 48.704257033120633 ], [ 14.909607758562307, 48.704270798770366 ], [ 14.909544936334823, 48.704296289839924 ], [ 14.909491915290543, 48.704317871188636 ], [ 14.909442920074659, 48.704337779280571 ], [ 14.909409764892491, 48.704351267825317 ], [ 14.90939526953597, 48.704357219524638 ], [ 14.909136773844116, 48.704459099988696 ], [ 14.909094205457281, 48.704475863212544 ], [ 14.909127029852037, 48.704513652681321 ], [ 14.909189155742734, 48.704585141038216 ], [ 14.909055043697951, 48.704617076278424 ], [ 14.909015917136443, 48.70462641707217 ], [ 14.908850369380842, 48.704665880477172 ], [ 14.908839037841206, 48.704668641258031 ], [ 14.908789250643027, 48.704680463887115 ], [ 14.908821686651132, 48.704763235376596 ], [ 14.908866512498909, 48.70487777398926 ], [ 14.908879628351682, 48.704911060583491 ], [ 14.908786990482666, 48.704903848646083 ], [ 14.908703071915735, 48.704897329168048 ], [ 14.908684272096247, 48.704895872422568 ], [ 14.908569226046069, 48.704880325588668 ], [ 14.908399453068522, 48.704857327413677 ], [ 14.908375707536576, 48.704854137929424 ], [ 14.90834554670352, 48.704850045053234 ], [ 14.908280994385848, 48.704841286381516 ], [ 14.908259654746528, 48.704841212955721 ], [ 14.908065984307589, 48.704841113323546 ], [ 14.90788155174438, 48.704840889426187 ], [ 14.907955163366424, 48.705003437069607 ], [ 14.907968132696327, 48.705031958190716 ], [ 14.907875999611031, 48.705036792518506 ], [ 14.907834478583771, 48.705038968762608 ], [ 14.907759579356092, 48.70504294210199 ], [ 14.907769231238207, 48.705065211011267 ], [ 14.907775230738487, 48.705079163253352 ], [ 14.907778894143593, 48.705087839585346 ], [ 14.907813139834978, 48.70516761857521 ], [ 14.907679221934529, 48.705161589260086 ], [ 14.907652818915274, 48.705164821971728 ], [ 14.907538137760557, 48.705178953853498 ], [ 14.907341948904932, 48.705203174209295 ], [ 14.907329222856744, 48.70520478415056 ], [ 14.907215472921349, 48.705244899754796 ], [ 14.907153084374155, 48.705266875500641 ], [ 14.907126898723142, 48.705277211495186 ], [ 14.907050798059412, 48.705308546317433 ], [ 14.907042041971783, 48.705311092477174 ], [ 14.906957867896814, 48.705353959579575 ], [ 14.906952915666773, 48.705356454725909 ], [ 14.906747142465287, 48.705484968593126 ], [ 14.906614584029573, 48.705567793751428 ], [ 14.906606983493463, 48.705572573220003 ], [ 14.906547637767925, 48.705609620003138 ], [ 14.906488161606617, 48.705646848409586 ], [ 14.906434949405952, 48.705680034870781 ], [ 14.906428812958367, 48.705683805214697 ], [ 14.90638867495521, 48.705708990457509 ], [ 14.906145281405733, 48.70580292566904 ], [ 14.906130374950243, 48.705808792506268 ], [ 14.906111301039147, 48.705816154446453 ], [ 14.906037900145579, 48.705855818062155 ], [ 14.905925456904715, 48.705916514170497 ], [ 14.905838152427451, 48.70596374013769 ], [ 14.905781732323582, 48.705994270671539 ], [ 14.905771916725232, 48.705997730462748 ], [ 14.905639325715857, 48.706044033848912 ], [ 14.905449448893631, 48.706110354509136 ], [ 14.905416126542107, 48.706118446924712 ], [ 14.905406413754397, 48.706120825867544 ], [ 14.905362433114554, 48.706131489781846 ], [ 14.905156969877748, 48.706181467334233 ], [ 14.90505389984709, 48.70620650548198 ], [ 14.904981049543554, 48.706224212433433 ], [ 14.904955013728781, 48.706230587974417 ], [ 14.904910095099149, 48.706317274804604 ], [ 14.904864915602234, 48.706404324917905 ], [ 14.904817294840624, 48.706464871481629 ], [ 14.904787571942471, 48.706479572056203 ], [ 14.904711929428109, 48.706517105939817 ], [ 14.904644181807642, 48.706528357666294 ], [ 14.9043382843311, 48.706574101323959 ], [ 14.904287683084625, 48.706581615134134 ], [ 14.90384581559915, 48.706647707889907 ], [ 14.903813075786539, 48.706652643680911 ], [ 14.903764368130426, 48.706659862063354 ], [ 14.903637193525141, 48.706678924767111 ], [ 14.903478360476601, 48.706711634023698 ], [ 14.903483662302573, 48.706747274522492 ], [ 14.903492245720297, 48.706805809188488 ], [ 14.90350253376341, 48.706875655151883 ], [ 14.903506937334789, 48.70693973288305 ], [ 14.903508218072037, 48.70695941550305 ], [ 14.903512411648558, 48.707021067304019 ], [ 14.903516111063714, 48.707075439504088 ], [ 14.903517375329551, 48.707094582623718 ], [ 14.903498872682249, 48.707165173587605 ], [ 14.903514116307907, 48.707241519819874 ], [ 14.903532344820958, 48.707322143865277 ], [ 14.90355075593903, 48.707404294666347 ], [ 14.903565692477914, 48.707488380967497 ], [ 14.903571959185406, 48.707524458305343 ], [ 14.903586596231779, 48.707589838342699 ], [ 14.903611467632759, 48.707701047519933 ], [ 14.903481389556013, 48.707731932724187 ], [ 14.903401507585901, 48.707750902111613 ], [ 14.903323380739531, 48.707769488151797 ], [ 14.902990226351285, 48.707848695543277 ], [ 14.902749537573033, 48.707902648010531 ], [ 14.902661747771807, 48.70792082310215 ], [ 14.90252655119189, 48.707948807219566 ], [ 14.902449431012693, 48.707964770566818 ], [ 14.902341557093138, 48.707988431221345 ], [ 14.902166852375329, 48.708026747992264 ], [ 14.901870367281671, 48.708091789087938 ], [ 14.901791249936496, 48.708109127985132 ], [ 14.901638008989996, 48.708142659447851 ], [ 14.901455741683799, 48.708182605405376 ], [ 14.901354754581551, 48.708204823823131 ], [ 14.901295077351868, 48.708217854756526 ], [ 14.900987008491612, 48.708299779620987 ], [ 14.900795963724622, 48.708350546198574 ], [ 14.900669496936954, 48.708384078592665 ], [ 14.90064758893387, 48.708387699430688 ], [ 14.900546561499755, 48.708404160682221 ], [ 14.900504093099263, 48.708411024500379 ], [ 14.900511538544752, 48.708432333911382 ], [ 14.900526001482225, 48.708469831120787 ], [ 14.90039573368338, 48.708516906929049 ], [ 14.900136140177908, 48.708610775662549 ], [ 14.900035850886956, 48.708647016282882 ], [ 14.899840651545439, 48.70871762639792 ], [ 14.899783649002378, 48.708738176901576 ], [ 14.899585623265164, 48.708809723834392 ], [ 14.899532120054307, 48.708829148075729 ], [ 14.899546324872704, 48.708858193248993 ], [ 14.899503136231839, 48.70889942836677 ], [ 14.899424552734596, 48.708974508354075 ], [ 14.89934580791542, 48.708968452808584 ], [ 14.899332726785484, 48.708967368011173 ], [ 14.899300052447501, 48.708970052812667 ], [ 14.899277141019713, 48.708971977670359 ], [ 14.899213688923441, 48.708977142022533 ], [ 14.899215052976151, 48.708999612078308 ], [ 14.899217456233563, 48.709038349764938 ], [ 14.899140717748411, 48.70911601356908 ], [ 14.899076669973974, 48.7091194766843 ], [ 14.899022121627254, 48.70912245322549 ], [ 14.898916814582668, 48.709159119607364 ], [ 14.898913048761768, 48.70916042918396 ], [ 14.898868396870769, 48.70917595701156 ], [ 14.898827281596443, 48.709209428247675 ], [ 14.898823171161382, 48.709212811337046 ], [ 14.898723425437817, 48.709293750184692 ], [ 14.898710709419541, 48.709402852862041 ], [ 14.898760149450187, 48.709504380024725 ], [ 14.898789863526639, 48.709565151718401 ], [ 14.898633073565213, 48.709790326318647 ], [ 14.898558456614847, 48.709897555913187 ], [ 14.898564635577927, 48.709944249047396 ], [ 14.898567989094619, 48.70996957105779 ], [ 14.89858357285261, 48.709981416921501 ], [ 14.898598743546774, 48.709993088386177 ], [ 14.898645092765566, 48.710028811227225 ], [ 14.898638480586044, 48.71004823929966 ], [ 14.898622768897207, 48.710094684663858 ], [ 14.898605262470602, 48.710100045461537 ], [ 14.898478008633779, 48.710139162966009 ], [ 14.898406501952214, 48.710161075565757 ], [ 14.898381455451347, 48.710168785699473 ], [ 14.898373507824983, 48.710171140502645 ], [ 14.898368557452093, 48.710173725196753 ], [ 14.898178075713654, 48.710270085965682 ], [ 14.898152137289694, 48.71027528925876 ], [ 14.898117688582079, 48.71028222516248 ], [ 14.898072159080941, 48.710291287751353 ], [ 14.898020956040448, 48.71030150539535 ], [ 14.897970426835412, 48.710311534127797 ], [ 14.897945147566595, 48.710311601270305 ], [ 14.897928838184315, 48.710311638784106 ], [ 14.897828808035534, 48.710311892796895 ], [ 14.897717381567421, 48.710312838345011 ], [ 14.897696047882002, 48.710313032748637 ], [ 14.897659902074867, 48.710313334621155 ], [ 14.8976240307354, 48.710313722777286 ], [ 14.897562744258888, 48.710314179793443 ], [ 14.897420616520952, 48.71028441052654 ], [ 14.897408852717261, 48.710281958662485 ], [ 14.897274657349392, 48.710253792615362 ], [ 14.897218353296878, 48.710234843183905 ], [ 14.897144608336546, 48.710210009315659 ], [ 14.897101848013056, 48.710220743735299 ], [ 14.89709793526119, 48.710221695397316 ], [ 14.896681411878623, 48.710326912156553 ], [ 14.896188968970565, 48.710411819547993 ], [ 14.895850745827145, 48.710521927520922 ], [ 14.895695562002398, 48.710572388039751 ], [ 14.89556836720319, 48.710626973440874 ], [ 14.895470960247641, 48.710668838690616 ], [ 14.895401411145086, 48.710741816589213 ], [ 14.89532194427837, 48.710868628277609 ], [ 14.895256646321172, 48.710951804122566 ], [ 14.895229616023729, 48.710997140252609 ], [ 14.895200457087663, 48.711003735032698 ], [ 14.895141139129375, 48.711033219340386 ], [ 14.895138658721065, 48.711036580601558 ], [ 14.895133961443532, 48.711043029758358 ], [ 14.895096127835984, 48.711095166119854 ], [ 14.89508986569539, 48.711103794965162 ], [ 14.895084000229639, 48.711112058720452 ], [ 14.895026756614806, 48.711097978199589 ], [ 14.894977645665914, 48.711132363963891 ], [ 14.894961943749504, 48.711143457175815 ], [ 14.894957153564468, 48.711146849165146 ], [ 14.895337687159614, 48.711252517342203 ], [ 14.895552875285862, 48.711311360938069 ], [ 14.895891352543872, 48.711437466694797 ], [ 14.896031285195798, 48.711457552145966 ], [ 14.896187604256903, 48.711480117820443 ], [ 14.896489143845683, 48.711562546883542 ], [ 14.896693097580988, 48.711618389687544 ], [ 14.896794095886593, 48.711734792603984 ], [ 14.896846075176317, 48.711794728392022 ], [ 14.896775481437377, 48.711873567914871 ], [ 14.896583788584415, 48.711894651510725 ], [ 14.896545177707775, 48.711898853828245 ], [ 14.896298031765365, 48.712000553595857 ], [ 14.896064199676818, 48.712204891599569 ], [ 14.895882795991914, 48.712363284881235 ], [ 14.895794515939523, 48.712401430702606 ], [ 14.8957092069748, 48.712430001912068 ], [ 14.895616229750642, 48.712461193804813 ], [ 14.895511110639516, 48.712490928077699 ], [ 14.895409629888798, 48.712519624351721 ], [ 14.895371699305702, 48.712532812496299 ], [ 14.895308612031267, 48.712554611068825 ], [ 14.895224070805869, 48.712595045462621 ], [ 14.895229950296546, 48.712605131883599 ], [ 14.895255487978817, 48.71264931865521 ], [ 14.895258361160076, 48.712654407727058 ], [ 14.89525993498925, 48.712656995413042 ], [ 14.895268108669006, 48.712671009222902 ], [ 14.895278149787016, 48.712688326432605 ], [ 14.895306582589317, 48.712787525744929 ], [ 14.895305686589809, 48.712923546212274 ], [ 14.895326296305083, 48.712975534479455 ], [ 14.895331893929963, 48.712989762470947 ], [ 14.895379778537698, 48.713120726058051 ], [ 14.895455020505526, 48.713172347029143 ], [ 14.895456832229764, 48.71323196157477 ], [ 14.895477422940813, 48.71331462394172 ], [ 14.895428253000912, 48.713445529878932 ], [ 14.895408395708783, 48.713717991044881 ], [ 14.89542536332006, 48.713779832592706 ], [ 14.895450752341095, 48.713872775642805 ], [ 14.895482222760435, 48.71394665772862 ], [ 14.895544435299753, 48.714092812414648 ], [ 14.895703263294948, 48.714278159770465 ], [ 14.895736692819465, 48.714331506492037 ], [ 14.895743262925121, 48.714341943499619 ], [ 14.895776260303132, 48.714394486387462 ], [ 14.895752471365492, 48.714474950882476 ], [ 14.895744223095271, 48.714503215862727 ], [ 14.895739386966747, 48.71450957692393 ], [ 14.895735993554711, 48.714514209680097 ], [ 14.895730244548712, 48.714521842229637 ], [ 14.89564246891465, 48.714639319375159 ], [ 14.895344134182476, 48.715038631776672 ], [ 14.895316616178684, 48.715072460351536 ], [ 14.895214146085337, 48.715198498253585 ], [ 14.895117296444935, 48.715330578045332 ], [ 14.894890842016853, 48.71563969964113 ], [ 14.894518761061436, 48.716202714815047 ], [ 14.894440654715329, 48.71632096180074 ], [ 14.894385808601271, 48.716403907845347 ], [ 14.894252689463652, 48.716662312715023 ], [ 14.894252954993126, 48.716675532205763 ], [ 14.89425432502958, 48.716734073082321 ], [ 14.894200280243972, 48.716762856937734 ], [ 14.894114330627945, 48.716815362701432 ], [ 14.893930695428667, 48.716995010735531 ], [ 14.893910176746699, 48.717013184078844 ], [ 14.893618161046705, 48.717272261240055 ], [ 14.893526208361505, 48.71746292338495 ], [ 14.893508795832075, 48.717565520732613 ], [ 14.893476690223466, 48.71780657028593 ], [ 14.893328061411989, 48.717961824581735 ], [ 14.893311097459456, 48.717962769645062 ], [ 14.893048541134354, 48.718014742958182 ], [ 14.892937124052294, 48.718029986054589 ], [ 14.892872599270222, 48.718027065330567 ], [ 14.892483684208056, 48.718009563705586 ], [ 14.892550179919363, 48.718090896974203 ], [ 14.892613938638755, 48.718216433197377 ], [ 14.892436135860857, 48.718391503525602 ], [ 14.892428746606612, 48.718394390193446 ], [ 14.892371912628132, 48.718416463760178 ], [ 14.89236142990201, 48.71843837146524 ], [ 14.892238377851312, 48.718693041760019 ], [ 14.89217179427841, 48.719048068471771 ], [ 14.89223337167253, 48.719155463429693 ], [ 14.892354396256094, 48.719317929261656 ], [ 14.892281047743461, 48.719848812612888 ], [ 14.892279701145712, 48.719938872772708 ], [ 14.892290872765182, 48.720154789876524 ], [ 14.892281432818848, 48.72019764258836 ], [ 14.892214488777418, 48.720500501468059 ], [ 14.892168914278743, 48.720669767204825 ], [ 14.892155596417082, 48.720719237903296 ], [ 14.891854308022706, 48.720875257640152 ], [ 14.891774556092198, 48.720948638044405 ], [ 14.891644149539569, 48.721068656415085 ], [ 14.891629205132448, 48.721082437583298 ], [ 14.891300008680242, 48.721335974686042 ], [ 14.891344680292001, 48.721459695799147 ], [ 14.891345574715697, 48.72146229254308 ], [ 14.891543857419631, 48.721549702980909 ], [ 14.891652711919129, 48.721597641823109 ], [ 14.891953254540761, 48.721735146768573 ], [ 14.89196924757759, 48.721742490415956 ], [ 14.891993967073217, 48.721741712449727 ], [ 14.892317081644789, 48.721731395122006 ], [ 14.89246293456349, 48.721663433155179 ], [ 14.893118227295369, 48.721448737507288 ], [ 14.893285445563745, 48.721265081829365 ], [ 14.893457842321959, 48.721265489392479 ], [ 14.893494838133, 48.721283977648852 ], [ 14.893294485119052, 48.721500186905978 ], [ 14.893230774878653, 48.721569037410241 ], [ 14.892981659705283, 48.721670305360597 ], [ 14.892775662809411, 48.721718557832759 ], [ 14.892327357182609, 48.721823639605056 ], [ 14.892242475144238, 48.721943053992881 ], [ 14.89220036144644, 48.722002352027388 ], [ 14.892180406502858, 48.722030232337588 ], [ 14.892169454795663, 48.722045669639272 ], [ 14.892081256595004, 48.722010949829588 ], [ 14.892073964055868, 48.722008078236236 ], [ 14.891968014394221, 48.72196630791386 ], [ 14.891910913638267, 48.721943858355459 ], [ 14.891901892188853, 48.721937771425743 ], [ 14.891753529216269, 48.721837825206464 ], [ 14.891737984336842, 48.721827327253173 ], [ 14.89150471803687, 48.721742990098512 ], [ 14.891269992297323, 48.721650846012565 ], [ 14.891234743417682, 48.721649604707977 ], [ 14.890951798443986, 48.721639596596212 ], [ 14.890793945244083, 48.721549399990892 ], [ 14.89073210170285, 48.721513969719936 ], [ 14.890688761515568, 48.721474515955713 ], [ 14.890639264889375, 48.72142929695223 ], [ 14.890605136824313, 48.721366333375158 ], [ 14.890500877522284, 48.721173869361991 ], [ 14.890499230896413, 48.72114195816561 ], [ 14.890491201477818, 48.720980150667586 ], [ 14.890430421245863, 48.720786839964219 ], [ 14.890426669750576, 48.720775195933889 ], [ 14.890374050259009, 48.720716615351947 ], [ 14.890355233034398, 48.720696805588034 ], [ 14.890307348797327, 48.720646437775379 ], [ 14.890212284585271, 48.720546502321021 ], [ 14.890171726553941, 48.720432800859214 ], [ 14.890006416859697, 48.720195000492268 ], [ 14.889996175915124, 48.720193517153902 ], [ 14.889980879722112, 48.72019120132758 ], [ 14.889475864289441, 48.720115770619444 ], [ 14.88946152211024, 48.720113532031576 ], [ 14.88936558160785, 48.720101310956224 ], [ 14.889240285959943, 48.720093886547431 ], [ 14.888817719707463, 48.720056489421744 ], [ 14.888753175434207, 48.720030538892885 ], [ 14.888749873209585, 48.720029233364208 ], [ 14.888464470154956, 48.720112892213834 ], [ 14.888273961409462, 48.720156254159441 ], [ 14.887864726361709, 48.720249467532021 ], [ 14.887773050749834, 48.720261385822681 ], [ 14.887699927113982, 48.720270899541418 ], [ 14.887668000666723, 48.720280587354544 ], [ 14.887384559490508, 48.720366286449782 ], [ 14.887360041780475, 48.720373717244748 ], [ 14.887339301876189, 48.72038019850212 ], [ 14.887045317045118, 48.720472422939835 ], [ 14.886753606027854, 48.720549954331098 ], [ 14.886685248901992, 48.72057325696634 ], [ 14.886606938862721, 48.720600109437001 ], [ 14.886540331915407, 48.720622849114712 ], [ 14.886442909602586, 48.720656071094702 ], [ 14.886303460590961, 48.720697674810587 ], [ 14.886085866628598, 48.720762620153657 ], [ 14.886001864807984, 48.720785589602364 ], [ 14.885822135934434, 48.720834921658529 ], [ 14.885669844175368, 48.720865450433358 ], [ 14.88539309402714, 48.720925329823629 ], [ 14.885316832444063, 48.720939021321406 ], [ 14.885303718565854, 48.72094144349699 ], [ 14.885101710357354, 48.720977846012559 ], [ 14.885069897308492, 48.720982314382319 ], [ 14.8848527584907, 48.721012889676835 ], [ 14.884738430016883, 48.721022046587613 ], [ 14.884496917924695, 48.721087394973921 ], [ 14.884459030398283, 48.721088795118902 ], [ 14.884408240998887, 48.721090635578904 ], [ 14.884359068827932, 48.72103344608287 ], [ 14.88417203381796, 48.721043473095605 ], [ 14.884037500966944, 48.721040842657985 ], [ 14.883917462879896, 48.721131121005158 ], [ 14.883776390048599, 48.721137032143979 ], [ 14.883669502459751, 48.721239639875307 ], [ 14.883646024848174, 48.721245526957681 ], [ 14.883593943558363, 48.721258628131018 ], [ 14.883611725898428, 48.721185622083723 ], [ 14.88355748588414, 48.721167718289891 ], [ 14.883542105613095, 48.721162614222578 ], [ 14.883411554505077, 48.721237918914959 ], [ 14.883365799964078, 48.721176815954543 ], [ 14.883089338728762, 48.721277974021469 ], [ 14.882992673712643, 48.721277810877027 ], [ 14.882819195256493, 48.721277582133347 ], [ 14.882755025865283, 48.721273031981411 ], [ 14.882722329644624, 48.721270764963506 ], [ 14.882659324594133, 48.721286798407661 ], [ 14.882616962431486, 48.721297612022518 ], [ 14.882510320925856, 48.721318269111578 ], [ 14.882471261233166, 48.721325890770579 ], [ 14.882291501166216, 48.721360825427375 ], [ 14.882223411622761, 48.721366041527745 ], [ 14.882038807144681, 48.721380080891528 ], [ 14.882002243069076, 48.721380293404039 ], [ 14.881971519799496, 48.721380338901398 ], [ 14.881600149733814, 48.721381819251626 ], [ 14.881524333276483, 48.721464495573876 ], [ 14.881506939312311, 48.721536956419655 ], [ 14.881496179916841, 48.721581444646425 ], [ 14.881452675457274, 48.7215949714573 ], [ 14.881408227825917, 48.721608780545388 ], [ 14.881345493267025, 48.721629307303068 ], [ 14.881298645482577, 48.721644677182226 ], [ 14.88108777281999, 48.721666797276896 ], [ 14.881083136298839, 48.721688896640956 ], [ 14.881028926099294, 48.721699056312104 ], [ 14.881025142657371, 48.721699825808329 ], [ 14.880946987040332, 48.721713899210584 ], [ 14.880896530840346, 48.721695224699261 ], [ 14.880837828829732, 48.721673600498264 ], [ 14.880756204274393, 48.721671798003406 ], [ 14.880748308739012, 48.721671452318851 ], [ 14.880719996237035, 48.721670296333308 ], [ 14.880601736474272, 48.721693443558515 ], [ 14.880506992690743, 48.721711963043752 ], [ 14.880416279166393, 48.7217333977528 ], [ 14.88028182732017, 48.721765123571842 ], [ 14.880250590990931, 48.721779747593175 ], [ 14.8801736990952, 48.721813233444635 ], [ 14.880159472638525, 48.721819357728329 ], [ 14.880102280727476, 48.721807248172148 ], [ 14.880100967987865, 48.721786216712744 ], [ 14.880093937666443, 48.721674589019656 ], [ 14.880091946624693, 48.72164457130043 ], [ 14.880037783122765, 48.721629183541914 ], [ 14.879955096135919, 48.721605626116606 ], [ 14.879943605073748, 48.721603258853349 ], [ 14.879920073955315, 48.721598351652304 ], [ 14.879804894938516, 48.72157027482568 ], [ 14.879711155804467, 48.721536338447031 ], [ 14.879510485809258, 48.721463781812062 ], [ 14.879381006541372, 48.721448396243588 ], [ 14.87924566218752, 48.721432368153771 ], [ 14.879105230271334, 48.721414427957114 ], [ 14.879092812359632, 48.721412882383298 ], [ 14.87908612371178, 48.721411980984279 ], [ 14.879076024144689, 48.721410674737918 ], [ 14.879016275222225, 48.721435568576759 ], [ 14.878992782784165, 48.721445502752537 ], [ 14.878974258996662, 48.721453392561429 ], [ 14.878914792583938, 48.72147864243486 ], [ 14.878914770261163, 48.721482420710096 ], [ 14.878914630171435, 48.721527488474294 ], [ 14.878827394920485, 48.721533494378669 ], [ 14.878809823839394, 48.721514296086362 ], [ 14.878789154900263, 48.721491540496942 ], [ 14.878783247174816, 48.721484961828132 ], [ 14.878714146229733, 48.721506290597254 ], [ 14.878709715731771, 48.721508147959831 ], [ 14.8786910505746, 48.721515859680068 ], [ 14.878627776371996, 48.721437085147407 ], [ 14.878533968313306, 48.721432473076945 ], [ 14.878451093470787, 48.721484026935862 ], [ 14.878414794727941, 48.721506632867182 ], [ 14.878376754860351, 48.721539156413542 ], [ 14.878294335759136, 48.721610403626052 ], [ 14.878237620857591, 48.721659364241113 ], [ 14.878233777162684, 48.721662653093368 ], [ 14.878207140375011, 48.721685581562411 ], [ 14.878059362119693, 48.721744375813778 ], [ 14.877817672428694, 48.721840386214488 ], [ 14.877791333841426, 48.721850627443246 ], [ 14.877771345825664, 48.721836947865874 ], [ 14.877709846445063, 48.721794580033354 ], [ 14.877623408674348, 48.721790949690941 ], [ 14.877463531903937, 48.721849812377847 ], [ 14.877315755857198, 48.72190419799967 ], [ 14.877291734663375, 48.72191917608496 ], [ 14.877073020654011, 48.722055990739911 ], [ 14.87699375586554, 48.722105607058658 ], [ 14.876854045447207, 48.722202253340946 ], [ 14.876772485948438, 48.722211691194659 ], [ 14.876618037341148, 48.722229553230186 ], [ 14.876469227871121, 48.722344668826565 ], [ 14.876429335820594, 48.722347262088057 ], [ 14.876295678298002, 48.722355765265384 ], [ 14.875990879119579, 48.722491820241324 ], [ 14.875978190290983, 48.722562779062038 ], [ 14.875973651357173, 48.722588205118306 ], [ 14.875915739282382, 48.722601919163871 ], [ 14.875794522250501, 48.722630857254245 ], [ 14.875702595539465, 48.722652753963416 ], [ 14.875693825123447, 48.722650440492401 ], [ 14.875665456501501, 48.722642897442483 ], [ 14.875451152832868, 48.722578069002971 ], [ 14.875423782575387, 48.722603794947467 ], [ 14.875351191994453, 48.722672032412497 ], [ 14.875047843915249, 48.722707049944795 ], [ 14.87505079118632, 48.722714657141147 ], [ 14.875119429129608, 48.722890780831577 ], [ 14.875123721776031, 48.722970421730636 ], [ 14.874984515642552, 48.72301155880124 ], [ 14.874911838665771, 48.723013502646054 ], [ 14.874843782293201, 48.723015385773458 ], [ 14.874812734249137, 48.723063557844213 ], [ 14.87460259135991, 48.723123886078291 ], [ 14.874576170575896, 48.723131429088184 ], [ 14.874523559859256, 48.723204081180555 ], [ 14.874454342666938, 48.723217133334757 ], [ 14.874419677124029, 48.7232625642743 ], [ 14.874386063676523, 48.723306812018301 ], [ 14.874362434675684, 48.723312249440234 ], [ 14.87426895099118, 48.723291348404764 ], [ 14.874203523890571, 48.723276645524102 ], [ 14.874188928440372, 48.723297705896769 ], [ 14.874181622622963, 48.72330796633328 ], [ 14.874117934026899, 48.723396595130062 ], [ 14.87396451917507, 48.723349314985811 ], [ 14.87385103995171, 48.723314463651462 ], [ 14.873708231531502, 48.723394235735604 ], [ 14.87367399866929, 48.723413304909094 ], [ 14.873627731386701, 48.723439098444395 ], [ 14.873227500124916, 48.722790939616026 ], [ 14.873222951959159, 48.722784342846019 ], [ 14.872955411747093, 48.722403667992211 ], [ 14.872929996669253, 48.722381243512501 ], [ 14.872867995706203, 48.722326556388531 ], [ 14.872793283590257, 48.722319530448459 ], [ 14.872657859865177, 48.722146529996984 ], [ 14.872540076018431, 48.721936058069424 ], [ 14.872476586466362, 48.721813476668714 ], [ 14.872433026303044, 48.72172535532934 ], [ 14.87228854671725, 48.721513164231744 ], [ 14.871879161461511, 48.72114397112351 ], [ 14.87186389264137, 48.721133466973853 ], [ 14.871746435413877, 48.721051800898309 ], [ 14.871075587093731, 48.720585734942539 ], [ 14.870816376199999, 48.720400771093452 ], [ 14.870436459498006, 48.72012986415946 ], [ 14.870365751888317, 48.720079337554026 ], [ 14.870119212813742, 48.719981549470475 ], [ 14.86946723115668, 48.719722746264388 ], [ 14.869327924336197, 48.719664841140812 ], [ 14.869219523159758, 48.719603922891579 ], [ 14.869194635458713, 48.719589946178367 ], [ 14.868999539660814, 48.719480238724728 ], [ 14.86857771977494, 48.719685539143846 ], [ 14.868538295136419, 48.719708272837607 ], [ 14.868519720426267, 48.719719040115166 ], [ 14.868482435090785, 48.71974057643839 ], [ 14.868347323090376, 48.719818532446602 ], [ 14.868009749163173, 48.720013553982547 ], [ 14.867874945323951, 48.720070006919343 ], [ 14.867798415335407, 48.720102130619921 ], [ 14.867591634713735, 48.720179313434379 ], [ 14.867298479536021, 48.720286768947858 ], [ 14.867257330930901, 48.720301878821395 ], [ 14.867230193481801, 48.720308170235612 ], [ 14.867180243001471, 48.720319886975368 ], [ 14.867149732348752, 48.720327032011326 ], [ 14.867038081005502, 48.720353047616037 ], [ 14.866608628197975, 48.720412358825733 ], [ 14.866422233908519, 48.720421089864224 ], [ 14.866144220349508, 48.720430117436322 ], [ 14.866123577907477, 48.720430836730074 ], [ 14.865923231991738, 48.720441278322177 ], [ 14.865593347617551, 48.720411313085101 ], [ 14.865469301007057, 48.720400069076682 ], [ 14.865330261638674, 48.720424011804567 ], [ 14.865065964943604, 48.720510126292268 ], [ 14.864746084794776, 48.720683588736932 ], [ 14.864527879663843, 48.72082927832561 ], [ 14.864510819983883, 48.720840744797954 ], [ 14.864410982139978, 48.720907441818476 ], [ 14.86435829807531, 48.720946088528272 ], [ 14.864218871692614, 48.721048382818232 ], [ 14.864138734559306, 48.721110145189982 ], [ 14.863987755513046, 48.721226262476897 ], [ 14.863806346390305, 48.721365983794392 ], [ 14.863778304194232, 48.721387577960911 ], [ 14.863756496482598, 48.721403963601652 ], [ 14.863446404527551, 48.721637112482142 ], [ 14.863135209489819, 48.721751089036729 ], [ 14.862831970506132, 48.721913175113443 ], [ 14.862771481275932, 48.721945446241811 ], [ 14.86271036275196, 48.721974847086429 ], [ 14.86255435006475, 48.722049920126764 ], [ 14.862435597650334, 48.722107057030797 ], [ 14.862083025276075, 48.722265286084685 ], [ 14.862072425685586, 48.722270011642863 ], [ 14.862020547496845, 48.722299291782697 ], [ 14.861948746599415, 48.722339805401162 ], [ 14.861927752796076, 48.722351592556102 ], [ 14.861746787303829, 48.722442550994643 ], [ 14.861714908580915, 48.722458617593482 ], [ 14.861561536560163, 48.722535723761922 ], [ 14.861410314412181, 48.722611992173604 ], [ 14.861147581728506, 48.722687282973048 ], [ 14.860998187886555, 48.722719900579754 ], [ 14.860810707888986, 48.722761019233012 ], [ 14.860784636846564, 48.722766665586427 ], [ 14.860585854274879, 48.72279344875038 ], [ 14.860300546476104, 48.722831971312452 ], [ 14.860150513896331, 48.722852272786703 ], [ 14.860063570382305, 48.722863657982579 ], [ 14.859993696861457, 48.72287302210114 ], [ 14.859839939404901, 48.722941855435046 ], [ 14.859825718226668, 48.72294824700159 ], [ 14.859805592198471, 48.722957233985845 ], [ 14.859760778252685, 48.722977246190439 ], [ 14.859472313974852, 48.72310638883053 ], [ 14.85939088259215, 48.723152333154225 ], [ 14.859035063568903, 48.723352872108883 ], [ 14.858594812879634, 48.723457179534947 ], [ 14.858352327932286, 48.723500358086312 ], [ 14.858188012560051, 48.723529657780141 ], [ 14.85800669098519, 48.723572311004745 ], [ 14.857800256625387, 48.723620867033283 ], [ 14.857410845342647, 48.723752574573986 ], [ 14.857280173554624, 48.723761107204759 ], [ 14.857201203401685, 48.723766360005932 ], [ 14.856985957914373, 48.723825013545706 ], [ 14.856652164553871, 48.723915968327695 ], [ 14.856640564825387, 48.723919087234371 ], [ 14.856626540158086, 48.723922957215002 ], [ 14.856269359422516, 48.724036792120764 ], [ 14.856193397222381, 48.724060984938589 ], [ 14.856101273039517, 48.724090334663714 ], [ 14.856062492456957, 48.724098393585138 ], [ 14.856002087139686, 48.724110780777636 ], [ 14.855812282520843, 48.724137979004894 ], [ 14.855786290195049, 48.724141734230621 ], [ 14.855572699963592, 48.724137037966706 ], [ 14.855503588863993, 48.724135505384638 ], [ 14.855465224011315, 48.724134653541014 ], [ 14.855428239260503, 48.72414826594585 ], [ 14.855248842013294, 48.724214726975106 ], [ 14.854962214689929, 48.724323865221749 ], [ 14.85472344914794, 48.724414842019314 ], [ 14.854634180001378, 48.724448831034394 ], [ 14.854415498995809, 48.724511032382487 ], [ 14.854114841734051, 48.724596423252521 ], [ 14.853921496544972, 48.724600546783336 ], [ 14.853784128310346, 48.724603405341178 ], [ 14.85377584341323, 48.724603692541415 ], [ 14.85370915385705, 48.724605905485646 ], [ 14.853667454895829, 48.724607255057784 ], [ 14.85364898242579, 48.724607854080638 ], [ 14.85364119302573, 48.724611103244492 ], [ 14.853575394791404, 48.724638850711649 ], [ 14.853522217319101, 48.724661217547926 ], [ 14.853487438079391, 48.724675880181685 ], [ 14.85347199780249, 48.724682466644211 ], [ 14.853444200506544, 48.724694160421386 ], [ 14.853400197479006, 48.724723334649951 ], [ 14.853367528290532, 48.724744986119305 ], [ 14.853314992103201, 48.724779847770165 ], [ 14.853020768363164, 48.724843834058511 ], [ 14.853007060483097, 48.724844641157439 ], [ 14.852988196156184, 48.724845784854509 ], [ 14.852828322355547, 48.724855410083961 ], [ 14.85281000164435, 48.724856546716374 ], [ 14.852793734839921, 48.724867371489843 ], [ 14.85266253151717, 48.724954613082105 ], [ 14.852555195126259, 48.7250259841204 ], [ 14.852404245169849, 48.725070754137001 ], [ 14.852228764584886, 48.725122767565182 ], [ 14.852170000935981, 48.725140168776974 ], [ 14.852155176103981, 48.725144588271128 ], [ 14.852075383682624, 48.725168108306953 ], [ 14.851965802898011, 48.725200379071588 ], [ 14.851905690630748, 48.72521815739757 ], [ 14.85184288143873, 48.725236690184097 ], [ 14.851687645558913, 48.725306701009501 ], [ 14.851543143706909, 48.725371895353909 ], [ 14.85140452359232, 48.725456712753164 ], [ 14.851191612946449, 48.725507409553586 ], [ 14.851036890439241, 48.725544220893624 ], [ 14.851002462327171, 48.725552401749255 ], [ 14.850972602919072, 48.7255495495018 ], [ 14.850836534121212, 48.72553664633633 ], [ 14.850826988714253, 48.725535690303857 ], [ 14.850708175247751, 48.725568439010388 ], [ 14.850702645505208, 48.725569949697437 ], [ 14.850491179859207, 48.725628182424977 ], [ 14.850230415601441, 48.725715926031462 ], [ 14.850132413895722, 48.725749034899621 ], [ 14.85007574052575, 48.725768207054827 ], [ 14.849933311317397, 48.725811604425253 ], [ 14.849673782811855, 48.725890605547363 ], [ 14.849231453283053, 48.725971876585263 ], [ 14.84907323806982, 48.72600099460147 ], [ 14.848998967446835, 48.726022822092574 ], [ 14.848790173093354, 48.726084165493567 ], [ 14.848681664963063, 48.726116059475885 ], [ 14.84860768889012, 48.726161719931035 ], [ 14.848481233403696, 48.726239720374735 ], [ 14.848296591575675, 48.7264239840366 ], [ 14.848198185236217, 48.726572593533874 ], [ 14.848162421924021, 48.726590865275831 ], [ 14.848002767256535, 48.726672711652796 ], [ 14.847990656446756, 48.726681593141599 ], [ 14.847948335209963, 48.726712632507102 ], [ 14.847882860969493, 48.726760791368712 ], [ 14.847778657917424, 48.726837334571492 ], [ 14.847518637504086, 48.726969138330809 ], [ 14.847367792915671, 48.727054738065441 ], [ 14.847279798682562, 48.727104626194254 ], [ 14.847147390696904, 48.727197633717218 ], [ 14.847052016337008, 48.727264707499216 ], [ 14.846860112733593, 48.727428913306881 ], [ 14.846713300936718, 48.727554578262755 ], [ 14.846627574239562, 48.727598409931133 ], [ 14.846460139565913, 48.727684042359051 ], [ 14.846285740062962, 48.727773272373007 ], [ 14.846253994411287, 48.727789512809778 ], [ 14.846244802510414, 48.727805192759334 ], [ 14.846193412487093, 48.727893107310386 ], [ 14.846183186179806, 48.727910599600101 ], [ 14.846102735717629, 48.728018227992649 ], [ 14.845958172045288, 48.72821114619142 ], [ 14.845932266652085, 48.728245661263372 ], [ 14.845809850403857, 48.728387291781367 ], [ 14.845764413805242, 48.728404967753242 ], [ 14.845533069876549, 48.728495199948867 ], [ 14.845460077275964, 48.728523665006897 ], [ 14.845423648903306, 48.728537896643509 ], [ 14.845405637260345, 48.728544964873542 ], [ 14.8451492421695, 48.72862949220773 ], [ 14.844754551205577, 48.728745842909781 ], [ 14.844646565053511, 48.728837363669982 ], [ 14.844482868423949, 48.728976375775247 ], [ 14.84443598965998, 48.729037516002926 ], [ 14.844422241898226, 48.729055503193592 ], [ 14.844408096951474, 48.729073855297237 ], [ 14.844292687398989, 48.729176535182276 ], [ 14.844232399472141, 48.729230202063661 ], [ 14.844194491025849, 48.72924499205358 ], [ 14.844123508950851, 48.729272530866623 ], [ 14.844064867612596, 48.729326716172395 ], [ 14.843843666683815, 48.729530961885381 ], [ 14.843786359839623, 48.729607437650913 ], [ 14.843764907012652, 48.729636228013753 ], [ 14.843732982385459, 48.729678825594064 ], [ 14.843721598815574, 48.729693993805128 ], [ 14.843700796439041, 48.729721786328525 ], [ 14.84368358002896, 48.729732801883721 ], [ 14.843574276040647, 48.729802750336496 ], [ 14.843483790223676, 48.729860673100291 ], [ 14.843425317671779, 48.729948407496259 ], [ 14.843339360156266, 48.730077153052726 ], [ 14.843222076273248, 48.73025964214181 ], [ 14.843154469154873, 48.730286417322937 ], [ 14.843055005418707, 48.730325745428907 ], [ 14.8430314834777, 48.730335042944319 ], [ 14.84296650509345, 48.730418902893923 ], [ 14.842878337523452, 48.73053265470859 ], [ 14.842797390463124, 48.730642265839123 ], [ 14.842703842982099, 48.73079971272918 ], [ 14.842593328211677, 48.730948922263714 ], [ 14.842613361464672, 48.731070817721076 ], [ 14.842596361316, 48.731107736102871 ], [ 14.842538083206895, 48.731234595982855 ], [ 14.842532331123863, 48.731247083103831 ], [ 14.842526427268913, 48.731259032471449 ], [ 14.842480820725999, 48.731349749186954 ], [ 14.842398774365424, 48.731426632072157 ], [ 14.842243543247051, 48.731646037661221 ], [ 14.842152360970985, 48.73191193399277 ], [ 14.841988435865682, 48.732113190905608 ], [ 14.841961909868186, 48.732186931389492 ], [ 14.841846785502215, 48.732313621677442 ], [ 14.841647899748626, 48.732528370013355 ], [ 14.841423531947823, 48.732736698962 ], [ 14.841366533378139, 48.732800756188254 ], [ 14.84126421115478, 48.732914328531393 ], [ 14.841223382436864, 48.73295946831206 ], [ 14.84110311835933, 48.733077948328777 ], [ 14.841034129577801, 48.733145847305913 ], [ 14.840829184380318, 48.733316506188764 ], [ 14.84074491284764, 48.733382622273538 ], [ 14.840740836227406, 48.733387352032942 ], [ 14.840736756968465, 48.733391991875592 ], [ 14.840718069704486, 48.733413190236206 ], [ 14.840639115839949, 48.733502984896766 ], [ 14.840618983391247, 48.733525910849757 ], [ 14.840605295165709, 48.733541378139265 ], [ 14.840454574794528, 48.733660068464538 ], [ 14.840352045428157, 48.733724979375161 ], [ 14.840345234324875, 48.73372920451154 ], [ 14.840305316553511, 48.733754453193164 ], [ 14.840119482686658, 48.73387215448691 ], [ 14.840081102612366, 48.73406577057014 ], [ 14.840066547973347, 48.734139806635021 ], [ 14.840035044729026, 48.734238706586943 ], [ 14.840032304737539, 48.734247287035018 ], [ 14.840023335089194, 48.734275286758368 ], [ 14.839943159451975, 48.7345275469917 ], [ 14.839856654092138, 48.734684540917812 ], [ 14.839805785882392, 48.734776942936939 ], [ 14.839692366337747, 48.734823013375049 ], [ 14.83961872402994, 48.734852922087597 ], [ 14.839489487369773, 48.734925370779834 ], [ 14.839371892035983, 48.734991373489827 ], [ 14.839045994739982, 48.735174284232741 ], [ 14.839001203134053, 48.735191049641216 ], [ 14.83892587599342, 48.735219180498049 ], [ 14.838648506281235, 48.735317993948719 ], [ 14.838370327798415, 48.735417086942384 ], [ 14.838334063332127, 48.735423218608261 ], [ 14.838092350256799, 48.735495218259729 ], [ 14.837839043537828, 48.735570694106826 ], [ 14.837548262056417, 48.735657443485323 ], [ 14.837476194195009, 48.73569011910012 ], [ 14.837390573149522, 48.735728994935833 ], [ 14.837289225756692, 48.735783453624343 ], [ 14.837113475222262, 48.735976668882294 ], [ 14.837121586304404, 48.736040069899765 ], [ 14.837122099383613, 48.736043661339856 ], [ 14.837072514522214, 48.736073260307869 ], [ 14.836896638167254, 48.736178595401846 ], [ 14.83684633652522, 48.736206944143142 ], [ 14.836832022875795, 48.736215043033546 ], [ 14.836619717099396, 48.736334876353688 ], [ 14.83649114094924, 48.736360449057642 ], [ 14.836050105377407, 48.73644785856397 ], [ 14.836013375869875, 48.736461371366332 ], [ 14.835688068926839, 48.736581479573971 ], [ 14.835411455740427, 48.73681825905053 ], [ 14.835366565367861, 48.736822431261395 ], [ 14.835334288321038, 48.7368254526695 ], [ 14.835229996328879, 48.73683515196501 ], [ 14.834878904317225, 48.736803661792521 ], [ 14.83438818939991, 48.736833952181478 ], [ 14.834302925925437, 48.736824697779788 ], [ 14.833934731360149, 48.736784968082056 ], [ 14.833866110268101, 48.736777479596689 ], [ 14.833738284631423, 48.736763641491933 ], [ 14.833699952123151, 48.736759543809647 ], [ 14.833664482196818, 48.736755679391436 ], [ 14.833602412464248, 48.736749006550383 ], [ 14.833245875500896, 48.73664274255767 ], [ 14.833207602375628, 48.736631357995492 ], [ 14.833048196546988, 48.736583831400047 ], [ 14.833009279481701, 48.736564359484646 ], [ 14.832979329610726, 48.736549270546178 ], [ 14.832867956323263, 48.736493394573593 ], [ 14.832771210430336, 48.736444797582287 ], [ 14.832701634234756, 48.736423198445728 ], [ 14.832622172018482, 48.736384365112812 ], [ 14.832512491065643, 48.736330536053678 ], [ 14.832484668595159, 48.736332420408601 ], [ 14.832004060695938, 48.736364101005243 ], [ 14.831326650065927, 48.736408814519336 ], [ 14.83093032674433, 48.7364349179717 ], [ 14.83055554850028, 48.736337063989964 ], [ 14.830414270798041, 48.736300186679429 ], [ 14.830354115033055, 48.736284492721282 ], [ 14.830295190596029, 48.736269052886037 ], [ 14.830049083430469, 48.736204727427726 ], [ 14.82985847641763, 48.736154985678048 ], [ 14.829841622648486, 48.736150613011461 ], [ 14.829797636071731, 48.736139120262351 ], [ 14.829611139061273, 48.736090405139784 ], [ 14.829319941220604, 48.736009292348619 ], [ 14.829303746281191, 48.736004191611613 ], [ 14.829206422450619, 48.735972959456852 ], [ 14.829126122343904, 48.735947267179249 ], [ 14.829019604638855, 48.735913183630892 ], [ 14.829007388547904, 48.735909291475238 ], [ 14.828933127402641, 48.735885501050163 ], [ 14.82885196271716, 48.735872142761487 ], [ 14.828632383282656, 48.735836080640667 ], [ 14.828569802834584, 48.735825813659581 ], [ 14.828401699417915, 48.735806276100313 ], [ 14.828302774518177, 48.735794762658024 ], [ 14.828161688584592, 48.735778388843734 ], [ 14.828028243908268, 48.735762907047878 ], [ 14.827901274676609, 48.735754988440043 ], [ 14.82777784765482, 48.735747294465099 ], [ 14.827646656652981, 48.735739159461872 ], [ 14.827514919335611, 48.735730941314173 ], [ 14.827293315616027, 48.735723416635153 ], [ 14.82722894489739, 48.735717039573792 ], [ 14.826899578501322, 48.735683989997099 ], [ 14.826864528090191, 48.735680478003665 ], [ 14.826842569303009, 48.735678238692422 ], [ 14.826407783086038, 48.735634745047662 ], [ 14.826303094880064, 48.735616736857502 ], [ 14.826270692502669, 48.735624794576125 ], [ 14.82599249353146, 48.73573339287946 ], [ 14.82590630441762, 48.735767050351171 ], [ 14.825797120922624, 48.735809635216562 ], [ 14.82572485732633, 48.735835829607311 ], [ 14.82555044983372, 48.735898852266637 ], [ 14.825393538665912, 48.735955625695986 ], [ 14.825382640117784, 48.735959632026464 ], [ 14.825310556107743, 48.735996707823595 ], [ 14.825306135487464, 48.735999012740344 ], [ 14.825221443723139, 48.73602338581842 ], [ 14.825036555176213, 48.736076736302515 ], [ 14.824975981741455, 48.736093426916092 ], [ 14.824970316784508, 48.736095028026327 ], [ 14.824797508020708, 48.73614291763004 ], [ 14.824573998456613, 48.736163476406006 ], [ 14.824328522124363, 48.736228389159479 ], [ 14.824323934190378, 48.736229616762948 ], [ 14.824182105241601, 48.736271984937012 ], [ 14.823918662454806, 48.736350437510247 ], [ 14.82362407551158, 48.736438189782909 ], [ 14.823589452542423, 48.736449423176268 ], [ 14.82336218076291, 48.73652318777831 ], [ 14.823336093751587, 48.736523968540354 ], [ 14.823311321787205, 48.736523203461836 ], [ 14.822996744643534, 48.736512532701646 ], [ 14.822890844304339, 48.736509018786691 ], [ 14.822715793773604, 48.736503143658716 ], [ 14.82252644897239, 48.736496729948698 ], [ 14.822446272198565, 48.736493968809263 ], [ 14.822319544801191, 48.736489729039356 ], [ 14.822313289060869, 48.736489718412223 ], [ 14.822185314351803, 48.736489362159823 ], [ 14.822094740753435, 48.736489161248024 ], [ 14.821953438940719, 48.736488793804938 ], [ 14.821701572875263, 48.736488208521202 ], [ 14.821659413947943, 48.736488113218662 ], [ 14.8214640615221, 48.736485551837099 ], [ 14.821407877573048, 48.736484824629855 ], [ 14.821332918594754, 48.736483795608002 ], [ 14.821313753457861, 48.736488805804079 ], [ 14.821248433526414, 48.736506004364621 ], [ 14.821186080748204, 48.736522355744277 ], [ 14.821041809880064, 48.736560343472782 ], [ 14.820827358660514, 48.736616760261938 ], [ 14.820622621641443, 48.736670535020529 ], [ 14.820423013416343, 48.736722985167248 ], [ 14.820230971001891, 48.736750243159541 ], [ 14.820171316808811, 48.73675648543702 ], [ 14.820050110443798, 48.736769173829806 ], [ 14.819877142637825, 48.736802396279643 ], [ 14.819849687585547, 48.736807601125477 ], [ 14.81971323307568, 48.736833794767868 ], [ 14.81952457396519, 48.73686991380216 ], [ 14.819316623231032, 48.736826761005254 ], [ 14.819121806161066, 48.736786320062343 ], [ 14.818501240347862, 48.736657536492345 ], [ 14.818478302128927, 48.736649641166757 ], [ 14.818095656938295, 48.736518745688912 ], [ 14.817967499832724, 48.736455602174594 ], [ 14.817556836067228, 48.736253818941748 ], [ 14.817064642445416, 48.73601168756359 ], [ 14.816897315904104, 48.735929428750396 ], [ 14.816656604900688, 48.735811127337939 ], [ 14.816536732079701, 48.735752195226929 ], [ 14.816436470810714, 48.735604774521676 ], [ 14.816421604164761, 48.73557968638702 ], [ 14.816296449017003, 48.735370694479116 ], [ 14.816143442459023, 48.735120137503607 ], [ 14.816105361278026, 48.735077532402052 ], [ 14.816068555116244, 48.734867064764416 ], [ 14.816049308893666, 48.734775019234519 ], [ 14.815973336080676, 48.734602105438412 ], [ 14.815854350737126, 48.734361732539888 ], [ 14.815819975197547, 48.734292005638999 ], [ 14.815730357292704, 48.734136264459018 ], [ 14.815660353475193, 48.73401463645655 ], [ 14.815647935470251, 48.733914139291393 ], [ 14.815637644153558, 48.733830795703689 ], [ 14.815625792266735, 48.733735778324572 ], [ 14.815597554129912, 48.733577103358108 ], [ 14.815582122011525, 48.733489956800625 ], [ 14.815560048128082, 48.733365834712018 ], [ 14.815479589500494, 48.733268265221568 ], [ 14.815404480634855, 48.733177014594915 ], [ 14.81540029382699, 48.73317328954375 ], [ 14.815283265288434, 48.733066556852194 ], [ 14.815027703661016, 48.732833483548184 ], [ 14.814805941059971, 48.732631285828354 ], [ 14.814749586662058, 48.732596196763453 ], [ 14.81432023241187, 48.732329424436266 ], [ 14.813910957255729, 48.732075080312974 ], [ 14.813845893874326, 48.732011406601735 ], [ 14.813453287775449, 48.731627502682201 ], [ 14.813352272360225, 48.731528841608934 ], [ 14.813043724835083, 48.731391149183644 ], [ 14.812977192921847, 48.73136140463447 ], [ 14.812886284005973, 48.731320903379824 ], [ 14.812841379771603, 48.731300870668193 ], [ 14.812813416909723, 48.731288360169735 ], [ 14.812291331303287, 48.731087063141452 ], [ 14.812067760036403, 48.73100091852173 ], [ 14.811837997938499, 48.73091224288919 ], [ 14.811704688789918, 48.730948102447854 ], [ 14.81151578767429, 48.730998873827048 ], [ 14.811501755093786, 48.731002648485926 ], [ 14.811436041427106, 48.731020206445322 ], [ 14.81135643362385, 48.731041627215568 ], [ 14.811305562838605, 48.731055220359238 ], [ 14.811256391791822, 48.73106645338715 ], [ 14.81121478331635, 48.73107588215688 ], [ 14.811153318161958, 48.731089878432186 ], [ 14.811094691858663, 48.731103299246044 ], [ 14.811016714871204, 48.731124699256547 ], [ 14.811011455212984, 48.731126204648753 ], [ 14.810999581828224, 48.7311294123732 ], [ 14.810905417997654, 48.73115533361478 ], [ 14.810816639323821, 48.731179388017352 ], [ 14.810708837460083, 48.731208628957496 ], [ 14.810646872261287, 48.731224160403414 ], [ 14.810506741994621, 48.731259294849181 ], [ 14.810417618730998, 48.731280834681925 ], [ 14.810366577934872, 48.731293260200964 ], [ 14.810342541064607, 48.731299049515663 ], [ 14.810293928779416, 48.731310814804182 ], [ 14.810201861518991, 48.731334010600847 ], [ 14.81008724724799, 48.731362796947224 ], [ 14.810082387559147, 48.731364027416816 ], [ 14.810053364308297, 48.731366641189112 ], [ 14.810022989561174, 48.731369541801151 ], [ 14.809985292971628, 48.731373164136258 ], [ 14.809858375033928, 48.731385464259759 ], [ 14.80968019118955, 48.731402366652176 ], [ 14.809651000386884, 48.731413347770584 ], [ 14.809646966564967, 48.731414927637509 ], [ 14.809633380259665, 48.731420045706223 ], [ 14.80952939800669, 48.731459221956975 ], [ 14.80942447445306, 48.731498769745897 ], [ 14.80920453836632, 48.731581679793038 ], [ 14.809185298308741, 48.731593525163603 ], [ 14.809173540921856, 48.731600778985836 ], [ 14.809164052938291, 48.731606565084341 ], [ 14.809151628832296, 48.7316142770337 ], [ 14.809013211883407, 48.731699670100042 ], [ 14.808965915435193, 48.731728868562371 ], [ 14.808900312148086, 48.731769270948789 ], [ 14.808807193469399, 48.731826929632867 ], [ 14.808722339333658, 48.731878817551724 ], [ 14.808634948901872, 48.731932356370358 ], [ 14.808519217716059, 48.73199335722321 ], [ 14.808490552857091, 48.732008469126804 ], [ 14.80833477040961, 48.732090571472682 ], [ 14.808306100279854, 48.732105503495653 ], [ 14.808289352084806, 48.73211416916498 ], [ 14.808276088935097, 48.732121082007765 ], [ 14.808254383714354, 48.732132328534568 ], [ 14.807857549003263, 48.732338800204936 ], [ 14.807674427390037, 48.732449129389302 ], [ 14.80760128909105, 48.732516070858871 ], [ 14.807569477500861, 48.73253526977588 ], [ 14.807538735250281, 48.7325538256096 ], [ 14.807499598010137, 48.732583100906687 ], [ 14.807393634354495, 48.732652882991374 ], [ 14.807296748447822, 48.732716794235969 ], [ 14.807230337606063, 48.732790757034991 ], [ 14.807050339853893, 48.732920025367889 ], [ 14.806866041943499, 48.733060591086286 ], [ 14.806837695016648, 48.733082085005869 ], [ 14.806739600446326, 48.733151317958921 ], [ 14.806507803034776, 48.733314156980768 ], [ 14.806490206755983, 48.733402348571374 ], [ 14.806479876103403, 48.733454649014639 ], [ 14.806470042284088, 48.733519536181703 ], [ 14.806451926516628, 48.733546928269568 ], [ 14.80633202607574, 48.733728331840773 ], [ 14.806215396028696, 48.733810389782001 ], [ 14.806160167799696, 48.733871348818845 ], [ 14.806063427733074, 48.73397843297267 ], [ 14.806035617288897, 48.734009184765377 ], [ 14.80601290793485, 48.734075582594798 ], [ 14.805998617846948, 48.734117858263552 ], [ 14.805908488078195, 48.734237362364482 ], [ 14.80580499268372, 48.734374484220879 ], [ 14.805790317101646, 48.734393827526816 ], [ 14.805772631013367, 48.734417256315567 ], [ 14.805721460286472, 48.7344679999212 ], [ 14.805353664793328, 48.734578391974075 ], [ 14.805319578914458, 48.7346606734353 ], [ 14.805266275544843, 48.734788890187524 ], [ 14.805097104888123, 48.734983232982366 ], [ 14.804938245000724, 48.735233754725023 ], [ 14.804677354348705, 48.735639548357589 ], [ 14.804458862587332, 48.735911504874927 ], [ 14.804369443375149, 48.73602281328229 ], [ 14.804345354161304, 48.736045872285786 ], [ 14.804308426558876, 48.736081235295316 ], [ 14.80405553301461, 48.736424682000838 ], [ 14.803953838195264, 48.736734302535034 ], [ 14.8037952204423, 48.737003169013697 ], [ 14.803501679552822, 48.737337858439595 ], [ 14.803403167812789, 48.737502260025302 ], [ 14.803397977166258, 48.737510960152072 ], [ 14.803393432776245, 48.737518482845509 ], [ 14.803276881168811, 48.737713063293377 ], [ 14.803183390928174, 48.737886666576387 ], [ 14.8029961076062, 48.73822335255565 ], [ 14.802931443825301, 48.738339836732301 ], [ 14.802847686678037, 48.738497216914993 ], [ 14.80265810868884, 48.73887269907636 ], [ 14.802527517475729, 48.73934692683067 ], [ 14.802388578829898, 48.739657730856599 ], [ 14.80229055538388, 48.739725339633353 ], [ 14.801819138030384, 48.740498862652579 ], [ 14.801560391103855, 48.740843455251145 ], [ 14.801274871129447, 48.741131713819925 ], [ 14.801131881657451, 48.741596289708326 ], [ 14.80085079879631, 48.741973451317094 ], [ 14.800739992271279, 48.742122262560478 ], [ 14.800598445440327, 48.742385243408535 ], [ 14.79995829806056, 48.742933653671749 ], [ 14.799920728821096, 48.742965874861959 ], [ 14.799753910295365, 48.743206143103158 ], [ 14.799672167106962, 48.743525223656441 ], [ 14.799606334221455, 48.743782310451678 ], [ 14.79955158716616, 48.743998961598578 ], [ 14.799404855916178, 48.744600123660781 ], [ 14.799370385270128, 48.744764800822999 ], [ 14.799163304682368, 48.745191135179788 ], [ 14.799079037464605, 48.745360031627634 ], [ 14.798981009333664, 48.74555671404319 ], [ 14.798977279360457, 48.745564226352194 ], [ 14.798974062449981, 48.745570652871237 ], [ 14.798970927654262, 48.745589491320075 ], [ 14.798916786644369, 48.745908586167253 ], [ 14.798875061299324, 48.746090803650908 ], [ 14.798815319017276, 48.746351861248698 ], [ 14.798794647142856, 48.746442517825095 ], [ 14.798785570787381, 48.746481938741134 ], [ 14.798757877297339, 48.746602995688974 ], [ 14.798722077140113, 48.746692581705034 ], [ 14.798677824003551, 48.746752859880715 ], [ 14.798540484694456, 48.74694004784277 ], [ 14.798140665187873, 48.747090122383604 ], [ 14.797873044873077, 48.747340189370455 ], [ 14.797827526478651, 48.74747541033625 ], [ 14.797783134141813, 48.747607199176088 ], [ 14.797744257629525, 48.747722548531883 ], [ 14.797715234438368, 48.748083335243635 ], [ 14.797716827403541, 48.748091500723426 ], [ 14.797735119622887, 48.748184459610407 ], [ 14.797790191610751, 48.748465402616844 ], [ 14.797921466807985, 48.748752231499317 ], [ 14.797974825643539, 48.748944416291195 ], [ 14.797982239482456, 48.748970678829053 ], [ 14.798020123237219, 48.749030382142855 ], [ 14.798100005998041, 48.749155763977747 ], [ 14.798204662743295, 48.749205459738789 ], [ 14.798286979313634, 48.749244460293241 ], [ 14.798450096613971, 48.749321760549229 ], [ 14.798430160860429, 48.749519356759961 ], [ 14.798414042806909, 48.749679126858823 ], [ 14.798399179324543, 48.749825658829621 ], [ 14.798395677041107, 48.749860242822535 ], [ 14.798367269004153, 48.750099410986721 ], [ 14.798452998665532, 48.750219862382046 ], [ 14.798467624360786, 48.750293887629034 ], [ 14.798514185203709, 48.750528972427432 ], [ 14.798521196685464, 48.750564954391677 ], [ 14.798629789372621, 48.750695284650888 ], [ 14.798777990179017, 48.750855073574627 ], [ 14.798856443464075, 48.750939725910456 ], [ 14.798874964521588, 48.7509595533839 ], [ 14.798875762427452, 48.750987517466626 ], [ 14.798877368504273, 48.751043805297414 ], [ 14.798878823212679, 48.751094788043574 ], [ 14.798882466409019, 48.751217702415069 ], [ 14.79891411075965, 48.751316071222142 ], [ 14.798939772174078, 48.751395445552383 ], [ 14.799419206833479, 48.751836597334879 ], [ 14.799460275518527, 48.751874312915973 ], [ 14.79948458270818, 48.751896676580948 ], [ 14.799918698194949, 48.752170008123805 ], [ 14.800012199847712, 48.752228926377079 ], [ 14.800106457501663, 48.752242860797836 ], [ 14.80038281658492, 48.752283934176681 ], [ 14.800940528689678, 48.752298015422966 ], [ 14.801008726732301, 48.752299681898528 ], [ 14.800485528650968, 48.752960504193702 ], [ 14.800390374722754, 48.753139071272692 ], [ 14.800349092455813, 48.75322728672635 ], [ 14.800280771558143, 48.753373766714788 ], [ 14.800273333969317, 48.753389600598496 ], [ 14.800385305589492, 48.753423552031627 ], [ 14.800497282494808, 48.753457683190462 ], [ 14.800513610920731, 48.753462606317591 ], [ 14.80052225749812, 48.753465286726978 ], [ 14.800531722545129, 48.75346804686145 ], [ 14.800751769162343, 48.753532849611865 ], [ 14.800819674473059, 48.753552779436816 ], [ 14.800871117925329, 48.753567877762741 ], [ 14.801316125403671, 48.753721796255086 ], [ 14.801418895212764, 48.753757390833989 ], [ 14.801423013288526, 48.753758688596257 ], [ 14.801454852037264, 48.753768454870077 ], [ 14.802108240548424, 48.75396905769292 ], [ 14.802023057757705, 48.754263085294461 ], [ 14.802033419830218, 48.754287691598982 ], [ 14.80222518043286, 48.754804477038682 ], [ 14.802245997267741, 48.754852159316776 ], [ 14.802264199210656, 48.754894027632723 ], [ 14.802453167952534, 48.755341587123446 ], [ 14.802474909176464, 48.755393035629922 ], [ 14.802530772059614, 48.755462676730886 ], [ 14.8025488293791, 48.755485207869128 ], [ 14.802568718874879, 48.755509964802599 ], [ 14.802775946979141, 48.755768223531987 ], [ 14.802824183871236, 48.755823298271984 ], [ 14.802847457206656, 48.755871219545327 ], [ 14.802866649061981, 48.755928636464695 ], [ 14.802882051252105, 48.755986730426514 ], [ 14.803079249676141, 48.756393529086189 ], [ 14.803252375997516, 48.756596085715209 ], [ 14.803354705257153, 48.756706341390107 ], [ 14.803574379625557, 48.756942855268512 ], [ 14.803664279087368, 48.757032308236198 ], [ 14.803907282517081, 48.757290027181014 ], [ 14.803916434334703, 48.757334077315726 ], [ 14.80392274691885, 48.757364490824088 ], [ 14.803976828905203, 48.757623584958701 ], [ 14.804130382460755, 48.757878735265955 ], [ 14.804140955968208, 48.757896412679479 ], [ 14.80432937868167, 48.758091220490215 ], [ 14.804400047852585, 48.758212125774143 ], [ 14.804470571056935, 48.758332673045722 ], [ 14.804539103061868, 48.758450186960623 ], [ 14.804738062671163, 48.758442837985697 ], [ 14.804757256194408, 48.758443227228177 ], [ 14.805578839668803, 48.758462437145404 ], [ 14.805651811074705, 48.758464221102308 ], [ 14.805711359975348, 48.758524549782514 ], [ 14.805949985595136, 48.758766578396042 ], [ 14.806109302410787, 48.75892810750841 ], [ 14.806693339220084, 48.759520470569498 ], [ 14.806789328788089, 48.759617940122723 ], [ 14.806796055413244, 48.759624781785398 ], [ 14.807002335890694, 48.759801281724933 ], [ 14.807034413190779, 48.759828673410389 ], [ 14.807059237896194, 48.759849859676713 ], [ 14.807094384672407, 48.759879911293957 ], [ 14.807210635081244, 48.760043328363864 ], [ 14.807223255264162, 48.760061159717949 ], [ 14.807229777101883, 48.76007034258317 ], [ 14.807232497890197, 48.760075075714504 ], [ 14.807235501003076, 48.760080165097463 ], [ 14.807298199801215, 48.760188485893281 ], [ 14.807653041787557, 48.760620553014562 ], [ 14.80772705542811, 48.760710651952891 ], [ 14.808098637256727, 48.761251614979969 ], [ 14.808122174491116, 48.761284780312202 ], [ 14.80848439746218, 48.761821721905577 ], [ 14.808492493295962, 48.761833583384707 ], [ 14.808559149578237, 48.761932679041578 ], [ 14.808721586444152, 48.762145345976791 ], [ 14.808730686154084, 48.762239497551995 ], [ 14.808758087905705, 48.762520781629327 ], [ 14.808830007739822, 48.762945064066514 ], [ 14.808792562761521, 48.763242363649667 ], [ 14.808774957348483, 48.763382544250774 ], [ 14.808736859306039, 48.763462986685049 ], [ 14.808590355598399, 48.763771909659809 ], [ 14.808717637361742, 48.763939953797518 ], [ 14.808791456308835, 48.76403725028532 ], [ 14.808851419345638, 48.764116371293966 ], [ 14.808906593743551, 48.764194562980059 ], [ 14.809125714184297, 48.764504470919334 ], [ 14.809161620360502, 48.764537120855032 ], [ 14.80919333508163, 48.764565955656053 ], [ 14.809267937684986, 48.764633649026415 ], [ 14.809329550128036, 48.764689632372011 ], [ 14.809341567718452, 48.764700634981409 ], [ 14.809353580144732, 48.764711457758047 ], [ 14.809435979607528, 48.765078760493815 ], [ 14.809380382162049, 48.765236778346633 ], [ 14.809369181540262, 48.765268400920711 ], [ 14.809128337073702, 48.765443137351802 ], [ 14.809034905553094, 48.765510962445433 ], [ 14.808988341689201, 48.765547796369916 ], [ 14.808979029942019, 48.765555199118786 ], [ 14.808895216344945, 48.765621554076986 ], [ 14.808729370108278, 48.7657973265976 ], [ 14.8086288327167, 48.765954109328298 ], [ 14.808612177780331, 48.765971138748142 ], [ 14.808543833627626, 48.766040807169652 ], [ 14.80852030727492, 48.766064938801271 ], [ 14.808499156867061, 48.766086522050365 ], [ 14.8083943334313, 48.766193617040706 ], [ 14.808361944202922, 48.76639235923858 ], [ 14.808328327153562, 48.766600471417533 ], [ 14.808313931724459, 48.766625118008882 ], [ 14.808300837054828, 48.766647679463311 ], [ 14.80826232259494, 48.766713735089688 ], [ 14.808206685256973, 48.76680896891434 ], [ 14.808166503906939, 48.76689753244311 ], [ 14.80816266870073, 48.766906125649371 ], [ 14.808107192673324, 48.76720122199076 ], [ 14.808099046964424, 48.76724449929835 ], [ 14.808094704492616, 48.767429666897279 ], [ 14.808095523102468, 48.767529229111005 ], [ 14.808095894098065, 48.767580045099116 ], [ 14.808096417467024, 48.767636166107629 ], [ 14.808098219120287, 48.767850489659672 ], [ 14.808000403883376, 48.768035930849244 ], [ 14.807939328299431, 48.768069798210625 ], [ 14.807628318855876, 48.768242083511289 ], [ 14.807418573546489, 48.768358499192765 ], [ 14.807380267395237, 48.768379757726635 ], [ 14.807356829988834, 48.76839282435548 ], [ 14.807310530206083, 48.768420029760897 ], [ 14.806928561692132, 48.768694484628135 ], [ 14.806799907814463, 48.768787035370956 ], [ 14.806779905283422, 48.76885816518076 ], [ 14.806732033088963, 48.769029756507095 ], [ 14.806729196098868, 48.769039956197425 ], [ 14.806685140404843, 48.769197557698583 ], [ 14.806597001511939, 48.769284203286517 ], [ 14.806241810148574, 48.769633876165592 ], [ 14.806170609095913, 48.769703848616558 ], [ 14.806156579797822, 48.769717606592842 ], [ 14.806117540507129, 48.769756053915685 ], [ 14.805817396244441, 48.770018325642717 ], [ 14.80573595142236, 48.770091754237086 ], [ 14.805588974435318, 48.770224110160285 ], [ 14.805478476232199, 48.770323627651706 ], [ 14.805143951838268, 48.770654238810607 ], [ 14.805091179056481, 48.77070733936624 ], [ 14.804899934583831, 48.770900064057933 ], [ 14.804612002709403, 48.771190063253499 ], [ 14.804539922363094, 48.771262744043149 ], [ 14.804302862163997, 48.771504613039404 ], [ 14.80422459355418, 48.771584566895456 ], [ 14.804161263498353, 48.771649222492336 ], [ 14.804047290089489, 48.771755887854709 ], [ 14.80360490657198, 48.772169786362497 ], [ 14.803621113153232, 48.772260520723464 ], [ 14.803627761704847, 48.772297855783542 ], [ 14.803506882379279, 48.772415310732598 ], [ 14.804039290677997, 48.772707005190107 ], [ 14.804043143422481, 48.772708486082713 ], [ 14.804734851980594, 48.772974347491456 ], [ 14.804979089694646, 48.773068162778443 ], [ 14.805236320833396, 48.773202201333241 ], [ 14.80538310437691, 48.773352284384366 ], [ 14.805533587128773, 48.773460495232975 ], [ 14.805604034929321, 48.773511152681593 ], [ 14.805829967325298, 48.773673555799533 ], [ 14.805850372191481, 48.773687511853439 ], [ 14.805857590522741, 48.773692458474677 ], [ 14.805867309096394, 48.773699172719702 ], [ 14.805886048014305, 48.773711980322844 ], [ 14.805893962010582, 48.773717457910763 ], [ 14.805899650417848, 48.773721254380703 ], [ 14.806265294353231, 48.773967266233782 ], [ 14.806276116810128, 48.773974506295403 ], [ 14.806366683435531, 48.774019604206799 ], [ 14.806391395349854, 48.774031887121623 ], [ 14.806517853174157, 48.774094704449048 ], [ 14.806754018927547, 48.774286300462265 ], [ 14.806770266454734, 48.774302377278879 ], [ 14.806774466311895, 48.774306462213474 ], [ 14.806845479096991, 48.774376720432322 ], [ 14.806866627392207, 48.77439759296022 ], [ 14.806948984763382, 48.774479042273214 ], [ 14.807105007738945, 48.774633054961086 ], [ 14.807114067872915, 48.774645264168576 ], [ 14.807081345897227, 48.774657367724629 ], [ 14.806878006769658, 48.774732415366692 ], [ 14.806552388588475, 48.774847673101469 ], [ 14.80650550344104, 48.774864181581883 ], [ 14.806420215848467, 48.774894033935205 ], [ 14.806327518194493, 48.774926497637885 ], [ 14.806264852427107, 48.774962182765464 ], [ 14.806183170682766, 48.775008630057428 ], [ 14.806103575261444, 48.775070881924272 ], [ 14.806060185637334, 48.775104886199131 ], [ 14.80604869392816, 48.775140739414283 ], [ 14.806039085471431, 48.775171082222826 ], [ 14.806011910949127, 48.775191571026696 ], [ 14.80601852491945, 48.775241858805408 ], [ 14.806044663649264, 48.775284885992669 ], [ 14.80604542706036, 48.77529252197241 ], [ 14.806065335823439, 48.775497892697636 ], [ 14.80606972621565, 48.775560800994477 ], [ 14.806058837904802, 48.775598715433119 ], [ 14.806046502039981, 48.775619378072811 ], [ 14.806009617531242, 48.775680914701518 ], [ 14.805958605735851, 48.775710157265749 ], [ 14.805953387841164, 48.775732259808031 ], [ 14.805944747645146, 48.775767897370756 ], [ 14.805978401302168, 48.77585940208678 ], [ 14.806099965904178, 48.775979217980236 ], [ 14.806149216338129, 48.776035627525197 ], [ 14.806214748132151, 48.776412855843802 ], [ 14.806221494938729, 48.776420326881357 ], [ 14.80619682659256, 48.77643331864973 ], [ 14.806200108630097, 48.776462330575917 ], [ 14.806204387908801, 48.77646443568608 ], [ 14.806233642010907, 48.776478460656222 ], [ 14.806242884484355, 48.776615604776808 ], [ 14.806244286364688, 48.776636005299288 ], [ 14.806214247747929, 48.776736943119808 ], [ 14.80620323138182, 48.77674193835179 ], [ 14.806194499398314, 48.776745915530583 ], [ 14.806156884089408, 48.776763027235901 ], [ 14.806153257312159, 48.776764691743239 ], [ 14.806141200479766, 48.776799832432012 ], [ 14.806146778445482, 48.776818741457255 ], [ 14.806149647060778, 48.776828599735666 ], [ 14.80613281629037, 48.776849138802675 ], [ 14.806110537197554, 48.776860031811502 ], [ 14.806094431046395, 48.776867879190156 ], [ 14.805998451846312, 48.776956870717292 ], [ 14.805962129764167, 48.776990606441252 ], [ 14.805907664640751, 48.777060818336309 ], [ 14.805859303343107, 48.777092366241085 ], [ 14.805830582225987, 48.777111165342824 ], [ 14.805822790867158, 48.777124215404946 ], [ 14.805779027264949, 48.777197441310335 ], [ 14.805741648085144, 48.777237036789508 ], [ 14.80563698835523, 48.777322358946485 ], [ 14.805645917096633, 48.777329982573995 ], [ 14.805651079751758, 48.777334415272001 ], [ 14.805747588749899, 48.777415688036811 ], [ 14.805882033876033, 48.77752895644246 ], [ 14.80591714371076, 48.777562066933598 ], [ 14.805885754950376, 48.777597000066443 ], [ 14.805877842309267, 48.77760582411571 ], [ 14.805873096786657, 48.777611190477145 ], [ 14.805855290106571, 48.777630932191158 ], [ 14.805844944728333, 48.777645093620329 ], [ 14.805755985847647, 48.777765388595313 ], [ 14.805677362873841, 48.777918654670152 ], [ 14.805616222210064, 48.778007659077964 ], [ 14.805557044700317, 48.778093940431177 ], [ 14.805523991119747, 48.77814202663248 ], [ 14.805537928309745, 48.778210392002912 ], [ 14.805561854892714, 48.778328103328107 ], [ 14.805598271937063, 48.778539653242056 ], [ 14.80563389136503, 48.778656948214746 ], [ 14.805679790773155, 48.778786257288644 ], [ 14.805685186946624, 48.778808316752276 ], [ 14.805691962314148, 48.778835755782346 ], [ 14.805713652180343, 48.778922912943436 ], [ 14.805726735513945, 48.77897572806193 ], [ 14.805748153202122, 48.779214719839878 ], [ 14.805769076690847, 48.779270404987443 ], [ 14.80579220090635, 48.779331639296807 ], [ 14.805822786748088, 48.779387293324454 ], [ 14.805842609065609, 48.779423563615119 ], [ 14.805882957258897, 48.779496904896689 ], [ 14.806113563524617, 48.779588819897299 ], [ 14.806163264031522, 48.779608615137761 ], [ 14.806199972518822, 48.779626234540984 ], [ 14.806301957508257, 48.779675237020562 ], [ 14.806430713633096, 48.779737036189118 ], [ 14.806454724827423, 48.779748518341897 ], [ 14.806886333863671, 48.779996129752398 ], [ 14.806896852017475, 48.78000220424849 ], [ 14.806904705144019, 48.780005523788326 ], [ 14.806980191663316, 48.780036958386994 ], [ 14.806988338951099, 48.780017337649461 ], [ 14.807008949564969, 48.779967248367498 ], [ 14.807068623946019, 48.779907764464724 ], [ 14.807115328985201, 48.779861125742798 ], [ 14.80714324364194, 48.779833161847982 ], [ 14.807155391350932, 48.779820147038137 ], [ 14.807208206731943, 48.779763537436558 ], [ 14.807336504695161, 48.779638700497998 ], [ 14.807391846089436, 48.779584757545571 ], [ 14.807501476886916, 48.779497122919089 ], [ 14.807622985135119, 48.779410778349181 ], [ 14.80788140680543, 48.779599124434874 ], [ 14.808034044323731, 48.779710453122703 ], [ 14.808335481467147, 48.779865787453829 ], [ 14.808474317985359, 48.779937262174194 ], [ 14.808835337452889, 48.780110376564579 ], [ 14.809127287558555, 48.780271674574458 ], [ 14.809158356602724, 48.78029664961965 ], [ 14.809207123354392, 48.780335973904116 ], [ 14.80929211487225, 48.780404435962723 ], [ 14.809512278446038, 48.780596676937776 ], [ 14.809522330385915, 48.78060545548032 ], [ 14.809582500870579, 48.780657948595696 ], [ 14.809713271347063, 48.780770629148563 ], [ 14.809798966241349, 48.780844568797832 ], [ 14.80987861135498, 48.780897446747339 ], [ 14.810011814510968, 48.780952709963209 ], [ 14.810134140191515, 48.781003612336185 ], [ 14.810248148476262, 48.781030333300421 ], [ 14.810394360327022, 48.781064654768883 ], [ 14.810661850585296, 48.781089806179637 ], [ 14.810668396807506, 48.78109026358112 ], [ 14.810694592048735, 48.781092452842955 ], [ 14.811536049334773, 48.781160486942859 ], [ 14.811710282677256, 48.781175295557468 ], [ 14.811897752267578, 48.781200731095979 ], [ 14.811989847979865, 48.781213244506255 ], [ 14.81231175308886, 48.781261003974677 ], [ 14.812604861463454, 48.781301299579248 ], [ 14.813348357654677, 48.781403384493167 ], [ 14.813916587457955, 48.78148311705791 ], [ 14.814297870307836, 48.781536689288792 ], [ 14.814450003628462, 48.78155438080875 ], [ 14.814679982930452, 48.781581255085889 ], [ 14.814887468885567, 48.781606883346939 ], [ 14.815437940076253, 48.781674779496761 ], [ 14.81551957250333, 48.781683104622516 ], [ 14.815543054891299, 48.78168559686322 ], [ 14.815580189774666, 48.781689535980448 ], [ 14.815662374268294, 48.781698123887821 ], [ 14.815698962342841, 48.781701979916555 ], [ 14.81658280000344, 48.781794718817629 ], [ 14.81665557605521, 48.781802705185868 ], [ 14.816690272460585, 48.781807034518778 ], [ 14.816701065203556, 48.781808427414838 ], [ 14.816873466477499, 48.781844479154415 ], [ 14.81690687771299, 48.781851433123357 ], [ 14.817428601645659, 48.781960519041654 ], [ 14.817472625540065, 48.781995582366967 ], [ 14.817593545101342, 48.782091648482513 ], [ 14.817858500199058, 48.78231119221261 ], [ 14.817965042193576, 48.782399524160411 ], [ 14.818125865508348, 48.782571631013816 ], [ 14.818154368356778, 48.7826112076351 ], [ 14.818196766955385, 48.782670037361783 ], [ 14.818289087788964, 48.782798395413273 ], [ 14.818512457001223, 48.783048145721764 ], [ 14.818539606554261, 48.783078564702514 ], [ 14.819138981202565, 48.783382207777116 ], [ 14.819809511873457, 48.783769138809951 ], [ 14.82020084725352, 48.783901089143107 ], [ 14.820659399768665, 48.784055663947996 ], [ 14.821574167316177, 48.784401266585505 ], [ 14.821663967475326, 48.784423515891831 ], [ 14.821721550034127, 48.784437807982059 ], [ 14.821970443236061, 48.784492042543256 ], [ 14.822102189563624, 48.784500987724336 ], [ 14.822329269572768, 48.784516460603101 ], [ 14.82248189614087, 48.784531976859363 ], [ 14.822565583051956, 48.78454054096558 ], [ 14.822748942959556, 48.784545683311158 ], [ 14.822939508556159, 48.784100276872948 ], [ 14.823225077112857, 48.783715819539417 ], [ 14.823297376965849, 48.78352439412302 ], [ 14.82330429559862, 48.783518909565316 ], [ 14.823601949744893, 48.783283700859606 ], [ 14.823893512079151, 48.78305441518286 ], [ 14.823952406980029, 48.783029562328231 ], [ 14.823984272169678, 48.783016025855474 ], [ 14.823992339204475, 48.783012595484472 ], [ 14.824063469303045, 48.782982550333166 ], [ 14.824160684316192, 48.782941470515553 ], [ 14.824271303207219, 48.782813601026923 ], [ 14.824342556361708, 48.782773749845234 ], [ 14.824353596746525, 48.782750853041421 ], [ 14.824371048347048, 48.782714382760361 ], [ 14.824389023267438, 48.782677186255711 ], [ 14.824414678816639, 48.782567034721176 ], [ 14.824423872711044, 48.782527431070143 ], [ 14.824418663510873, 48.782521470662985 ], [ 14.824345198433635, 48.782438301583795 ], [ 14.824449244346553, 48.782285689700572 ], [ 14.824435532581447, 48.782155709389485 ], [ 14.824476169644024, 48.782102124720197 ], [ 14.824758234002571, 48.781930433680103 ], [ 14.824881634685632, 48.781895946902246 ], [ 14.824911306169959, 48.781760109135881 ], [ 14.824919481622338, 48.781722946933769 ], [ 14.824983400027099, 48.781716469044831 ], [ 14.825257938404134, 48.781688698621544 ], [ 14.825294769814031, 48.781560415398673 ], [ 14.825326295246375, 48.781497771394832 ], [ 14.825331696014313, 48.78148690911032 ], [ 14.825560268916602, 48.781385604520537 ], [ 14.825823800180146, 48.781255522018853 ], [ 14.825915377032308, 48.781343677203473 ], [ 14.826505263821458, 48.781184622648652 ], [ 14.82640895735474, 48.781172533845947 ], [ 14.826342146020568, 48.781177790002737 ], [ 14.826245187797442, 48.781185407903855 ], [ 14.826181769982611, 48.781190351021053 ], [ 14.826003601912893, 48.781204217152847 ], [ 14.825677893526249, 48.781241453969962 ], [ 14.825319977273763, 48.781163336004838 ], [ 14.825240531761271, 48.781145995138274 ], [ 14.824947193546526, 48.781130919196116 ], [ 14.824884082145175, 48.781127672481027 ], [ 14.824652259406474, 48.781117122042275 ], [ 14.824660292358541, 48.781051628120686 ], [ 14.824676810992152, 48.780917486352514 ], [ 14.824685658461865, 48.780833183008852 ], [ 14.824696772670325, 48.780728522707818 ], [ 14.824726552628727, 48.780446518419879 ], [ 14.824776675807575, 48.780260410091365 ], [ 14.824874772646448, 48.780020353873816 ], [ 14.824982130542974, 48.779846111726066 ], [ 14.82509104717143, 48.779669331130883 ], [ 14.825353182377306, 48.779276079847186 ], [ 14.825672933464961, 48.778875170275221 ], [ 14.826033313307605, 48.778490923708468 ], [ 14.826180355629306, 48.778347747898657 ], [ 14.826199543990217, 48.778328974894983 ], [ 14.826157233857282, 48.778278062130362 ], [ 14.826086152918217, 48.778192525051601 ], [ 14.825978546939933, 48.778063107506654 ], [ 14.82584147314771, 48.777978048617193 ], [ 14.825842776219977, 48.777971375923684 ], [ 14.825902659664237, 48.777662453856017 ], [ 14.825911885726351, 48.777614664283107 ], [ 14.825998366672673, 48.777363960408039 ], [ 14.826052457009373, 48.777277103265035 ], [ 14.826073267372111, 48.777243917992422 ], [ 14.826193919982376, 48.777012388516987 ], [ 14.826215510341227, 48.776945192971873 ], [ 14.826400930803086, 48.776366990432706 ], [ 14.8264590617379, 48.776255345995004 ], [ 14.826548621362393, 48.776091941873254 ], [ 14.826729806208501, 48.775681815222498 ], [ 14.826899663039219, 48.775195826011092 ], [ 14.827224978646029, 48.775048223876702 ], [ 14.827442081706767, 48.774988796568771 ], [ 14.8276774108529, 48.774924369843234 ], [ 14.828229794798409, 48.774199828241471 ], [ 14.828360009639152, 48.774030868162676 ], [ 14.828463318421658, 48.773811879257757 ], [ 14.828582395013436, 48.77355958866216 ], [ 14.828625605048257, 48.773487260193612 ], [ 14.828738908076703, 48.773363848674634 ], [ 14.828927793211591, 48.773158251885725 ], [ 14.829035411791953, 48.773077997586874 ], [ 14.829052753092476, 48.773065993649666 ], [ 14.829235201132677, 48.772938463359111 ], [ 14.829681774213853, 48.772572355134258 ], [ 14.829947509669651, 48.772389074531901 ], [ 14.830057192015, 48.772314369732158 ], [ 14.830047703287235, 48.772306305293235 ], [ 14.830178690480189, 48.772238884673754 ], [ 14.830275892787121, 48.772188894509533 ], [ 14.830299218900674, 48.77217681413623 ], [ 14.830394537503061, 48.772127567451889 ], [ 14.830600705025773, 48.772025008184656 ], [ 14.830738727688505, 48.771956237992981 ], [ 14.83075041293033, 48.771950962036918 ], [ 14.830816770531687, 48.771921243026597 ], [ 14.830893065845901, 48.771886989863461 ], [ 14.831004149818776, 48.771837092005995 ], [ 14.831098978812943, 48.771799094506761 ], [ 14.831196899648955, 48.771759798241192 ], [ 14.831358078655811, 48.771705843447883 ], [ 14.831419800852066, 48.771685178011765 ], [ 14.831693330936055, 48.771610811280333 ], [ 14.831813623333964, 48.77157806530294 ], [ 14.831952850016396, 48.771545977214345 ], [ 14.832220357931019, 48.771484458702702 ], [ 14.832616717039786, 48.771399078405764 ], [ 14.832803604589406, 48.77135882552335 ], [ 14.832836870923829, 48.77135165489738 ], [ 14.832872978113642, 48.771343908319359 ], [ 14.833026732392575, 48.771310734066638 ], [ 14.833129445031, 48.77128648632813 ], [ 14.833238506297432, 48.771260628340841 ], [ 14.833349783086659, 48.771212794555368 ], [ 14.833411066324484, 48.771186466903025 ], [ 14.833432971111428, 48.771177012534189 ], [ 14.833456892682506, 48.77116672287908 ], [ 14.833666192418203, 48.771087864453094 ], [ 14.833743181113446, 48.771058817540379 ], [ 14.83399695120097, 48.77090455357466 ], [ 14.834502477936987, 48.770597129004571 ], [ 14.83453844627229, 48.770575351713198 ], [ 14.834572953955071, 48.770475697686273 ], [ 14.834574086182371, 48.77047253502441 ], [ 14.834576450541784, 48.770469626466607 ], [ 14.834864660595599, 48.770120541791854 ], [ 14.8349137340614, 48.770081596643799 ], [ 14.835199012104887, 48.769911546058502 ], [ 14.835384977522262, 48.769812114594416 ], [ 14.835427890804993, 48.769762634032624 ], [ 14.835528195827935, 48.769646937230469 ], [ 14.835653249564206, 48.76950277001913 ], [ 14.835733148615054, 48.769410540633068 ], [ 14.835790636318508, 48.769342973807277 ], [ 14.835844964544091, 48.769279045291384 ], [ 14.835856159812835, 48.769275663990577 ], [ 14.835947746480334, 48.76924804796441 ], [ 14.835963147951672, 48.769244253071207 ], [ 14.836094463174321, 48.769211811348427 ], [ 14.83611175316733, 48.769207452591687 ], [ 14.836182927148414, 48.769189092294418 ], [ 14.836300012244669, 48.76915863130754 ], [ 14.836481224062597, 48.769110799352468 ], [ 14.836580038610544, 48.769102339361822 ], [ 14.836719976101968, 48.769090204954736 ], [ 14.836661873932268, 48.768997311821693 ], [ 14.836561804213972, 48.768837404150752 ], [ 14.836688490612383, 48.768804931006791 ], [ 14.83669308116049, 48.768803702942741 ], [ 14.836746380113158, 48.768783682063741 ], [ 14.836780297128161, 48.76877092514345 ], [ 14.836907108477634, 48.768682322218226 ], [ 14.83700751628157, 48.768612136706999 ], [ 14.837178439574201, 48.768468639987617 ], [ 14.837315023843807, 48.768244538786689 ], [ 14.837400144287871, 48.768061303205592 ], [ 14.837518999506424, 48.767914874441814 ], [ 14.837546911956636, 48.76787368041925 ], [ 14.837691737819567, 48.76766161623199 ], [ 14.837736962454247, 48.767588988308091 ], [ 14.837436959420065, 48.767339263580737 ], [ 14.837357668792743, 48.767173333738562 ], [ 14.837353607434794, 48.76716475064832 ], [ 14.837105379404907, 48.766875414530467 ], [ 14.837102561619519, 48.766872122490142 ], [ 14.837059031226078, 48.766821408817577 ], [ 14.837037474444825, 48.766791551871712 ], [ 14.836808852127078, 48.766474619788617 ], [ 14.836706594806836, 48.766300258315987 ], [ 14.836668927144016, 48.766235977168996 ], [ 14.83666768459565, 48.76617959520329 ], [ 14.836665477672218, 48.766085626996684 ], [ 14.8368350392231, 48.766151458659706 ], [ 14.836925011431273, 48.766152556057136 ], [ 14.837262855222729, 48.766156867334878 ], [ 14.837551296411588, 48.766109729773412 ], [ 14.837835000241638, 48.766063461695026 ], [ 14.837954993468564, 48.766007146363933 ], [ 14.838333032822947, 48.765790565263075 ], [ 14.838503027099788, 48.765727222514762 ], [ 14.838651256538272, 48.765631596885306 ], [ 14.83871952086866, 48.76558844634247 ], [ 14.838841831184864, 48.765550899682367 ], [ 14.83888064216235, 48.765561286188941 ], [ 14.838972800306301, 48.76558592059019 ], [ 14.839079144256919, 48.765569986100772 ], [ 14.83915866283354, 48.765557993263471 ], [ 14.839235210160338, 48.765546758043904 ], [ 14.83925092713635, 48.765544487781227 ], [ 14.839514880961355, 48.765520865965641 ], [ 14.839440247032735, 48.765407137896091 ], [ 14.839376440972982, 48.765310001472805 ], [ 14.839386420449538, 48.765302317853099 ], [ 14.839400393294055, 48.765291614733087 ], [ 14.83943711540587, 48.76526325987524 ], [ 14.839440041764533, 48.765260973642576 ], [ 14.839500315954528, 48.765214506986673 ], [ 14.839441603521974, 48.765142580925044 ], [ 14.839292837236341, 48.764960002669156 ], [ 14.839273078219085, 48.764935789831782 ], [ 14.839177810283342, 48.764818997934434 ], [ 14.839313642752952, 48.764787933651263 ], [ 14.839344458344332, 48.764780882452243 ], [ 14.839374463129767, 48.764774021535644 ], [ 14.839458532473513, 48.76475486417997 ], [ 14.839537211391718, 48.764737484894049 ], [ 14.839611687078037, 48.764720609184664 ], [ 14.839674403546343, 48.764706402756623 ], [ 14.839718735806905, 48.764696299801244 ], [ 14.839801591341431, 48.764677517553821 ], [ 14.839814582516485, 48.764675102262395 ], [ 14.839858836747565, 48.764666979129466 ], [ 14.839917706355582, 48.764656150003617 ], [ 14.840007515632347, 48.764633230742724 ], [ 14.840041683834434, 48.764624517285654 ], [ 14.84014121722663, 48.764599134549513 ], [ 14.840323667790207, 48.76455244974575 ], [ 14.840619776572863, 48.764465628589001 ], [ 14.840642439043755, 48.764458951483832 ], [ 14.840674006975037, 48.7644497315042 ], [ 14.840863001012471, 48.764394236852553 ], [ 14.84114710606473, 48.764301811620562 ], [ 14.841446167288662, 48.764204426416299 ], [ 14.841552638340893, 48.764169778615397 ], [ 14.841661533662805, 48.764134290053065 ], [ 14.841715982587958, 48.76411659069128 ], [ 14.841903619394095, 48.76405202690394 ], [ 14.842034681106311, 48.764006898681323 ], [ 14.842285195594576, 48.763924436543299 ], [ 14.842348125488391, 48.763903659643013 ], [ 14.842391921665062, 48.763889244992804 ], [ 14.842604837258383, 48.763819138332771 ], [ 14.842678918232247, 48.76379354065832 ], [ 14.842690906767602, 48.763789428892366 ], [ 14.842748792205484, 48.763772944178434 ], [ 14.842960362853672, 48.76371265857825 ], [ 14.842967518464587, 48.763710767656875 ], [ 14.843148168751002, 48.763663202013198 ], [ 14.843199649734462, 48.763651026975985 ], [ 14.843212621983172, 48.763647981902295 ], [ 14.843348889831859, 48.763613399257167 ], [ 14.843402909932713, 48.7635996623628 ], [ 14.843443733365294, 48.763590592511271 ], [ 14.843466330470337, 48.763586344312657 ], [ 14.843750004788907, 48.763516585324304 ], [ 14.843769889600742, 48.763512641781531 ], [ 14.843797892600291, 48.763507154683801 ], [ 14.844096316227981, 48.763448538807829 ], [ 14.844143604946453, 48.763423374643494 ], [ 14.844147888427708, 48.763420980887005 ], [ 14.844145885962364, 48.763408413768957 ], [ 14.844020579955494, 48.762608488822259 ], [ 14.844008605664502, 48.762488200949498 ], [ 14.84399333026118, 48.762422194822641 ], [ 14.843907026045956, 48.761902679019713 ], [ 14.844245154383485, 48.761862081610403 ], [ 14.844252610798934, 48.761861176176957 ], [ 14.844599957752871, 48.761819469744047 ], [ 14.844805083358271, 48.761794793444928 ], [ 14.844867721309601, 48.761787331354732 ], [ 14.844959420089598, 48.761773378786515 ], [ 14.844985562957014, 48.76176944445529 ], [ 14.845224907517263, 48.761733263386418 ], [ 14.845350602712141, 48.761714105713814 ], [ 14.845702630361153, 48.761660462463894 ], [ 14.845708446735093, 48.761659308201395 ], [ 14.84573536843379, 48.76165410438751 ], [ 14.845884988476383, 48.761625013589288 ], [ 14.846036504450179, 48.761595628339279 ], [ 14.846096297420136, 48.761583974606673 ], [ 14.846182704620873, 48.761570538953862 ], [ 14.846299852051304, 48.761552209915493 ], [ 14.846344644794078, 48.761553252161939 ], [ 14.846355671651413, 48.761553469952709 ], [ 14.846797735144341, 48.7615634272817 ], [ 14.846882008595049, 48.761565309964503 ], [ 14.846897256857723, 48.76156565321967 ], [ 14.846906651681307, 48.76156589198402 ], [ 14.847062659967644, 48.761582771371401 ], [ 14.847079446680898, 48.761584533968602 ], [ 14.847089273373406, 48.761585576696973 ], [ 14.847271275348589, 48.761611925355467 ], [ 14.847499861467766, 48.761644689407923 ], [ 14.847832698526174, 48.761692389998679 ], [ 14.848031770667408, 48.761720856118792 ], [ 14.848060170810191, 48.761724267835056 ], [ 14.848138880220079, 48.761735845923482 ], [ 14.848159925571773, 48.761738992646727 ], [ 14.84886783734183, 48.76213598381625 ], [ 14.849038644765018, 48.762197824216372 ], [ 14.849068913505016, 48.762209217066804 ], [ 14.849172930224691, 48.762248442185445 ], [ 14.849402577808895, 48.762409186633313 ], [ 14.849429198069039, 48.762444463016251 ], [ 14.849608845956302, 48.76268122970103 ], [ 14.849913107427199, 48.762912789665535 ], [ 14.850008348552358, 48.76294043393515 ], [ 14.850040519069935, 48.762997766035369 ], [ 14.850042678683497, 48.763001785870813 ], [ 14.85003118947764, 48.763050416809996 ], [ 14.850085539328443, 48.763112409783936 ], [ 14.850153685485511, 48.763190055680241 ], [ 14.850191427051241, 48.763316216897849 ], [ 14.850277019894804, 48.76337186976891 ], [ 14.850302147283466, 48.763411842582094 ], [ 14.850316445641448, 48.76342146243222 ], [ 14.850530212388731, 48.763564779686945 ], [ 14.850592570139609, 48.763570810567487 ], [ 14.850641424460443, 48.763612545732869 ], [ 14.85065817589798, 48.763626901169481 ], [ 14.850662559547475, 48.763632511356562 ], [ 14.850705166702664, 48.76368844919616 ], [ 14.850760045804282, 48.763703841340551 ], [ 14.850803673903103, 48.763716050652917 ], [ 14.850824385618763, 48.763730894611982 ], [ 14.85088082755048, 48.763771542237848 ], [ 14.850959096294559, 48.763901587244177 ], [ 14.850973838706361, 48.763926222792925 ], [ 14.85095109664733, 48.763943966689837 ], [ 14.850799593728512, 48.764061418256908 ], [ 14.850788151978945, 48.764070201151881 ], [ 14.85065874305111, 48.764189435997856 ], [ 14.850550924044612, 48.764288782976024 ], [ 14.850538454705374, 48.764304235351297 ], [ 14.850493554395436, 48.764359504230754 ], [ 14.850333540469181, 48.764557389621245 ], [ 14.850064136751728, 48.764870652449858 ], [ 14.850089383819979, 48.764983752365097 ], [ 14.850094232317534, 48.765005097663099 ], [ 14.850057529702358, 48.765010878455087 ], [ 14.8500294946815, 48.765015288061655 ], [ 14.850002678454615, 48.765019502030597 ], [ 14.849941053130872, 48.765029112510284 ], [ 14.849871750472452, 48.76509665932273 ], [ 14.849729309105529, 48.765235490231071 ], [ 14.849515438517869, 48.765577268316839 ], [ 14.849391036189045, 48.765916992050265 ], [ 14.849275978886523, 48.76636129566247 ], [ 14.849179300314775, 48.766902776685811 ], [ 14.84919896123259, 48.766923481155942 ], [ 14.849213882793814, 48.766944966358082 ], [ 14.849268007481099, 48.766999226906833 ], [ 14.84945743549471, 48.76718882391669 ], [ 14.849880967685316, 48.767532540198616 ], [ 14.849953602342536, 48.767591508720642 ], [ 14.849957783837722, 48.767594872809781 ], [ 14.849980787382881, 48.767613555126673 ], [ 14.850156422111066, 48.767838139294312 ], [ 14.85019149010548, 48.767869078787015 ], [ 14.850332314555727, 48.767993099367551 ], [ 14.850348941941578, 48.768007816227666 ], [ 14.850402165686379, 48.768054532170638 ], [ 14.850574547503108, 48.768205759350998 ], [ 14.850629307743167, 48.768253804585683 ], [ 14.850880916798976, 48.768452130931486 ], [ 14.850954756836636, 48.768510363676967 ], [ 14.850986203685322, 48.768543058732241 ], [ 14.851015566773892, 48.768583516302698 ], [ 14.851219754296096, 48.768738019636622 ], [ 14.851324277220233, 48.76879846431185 ], [ 14.851356811335965, 48.768817293084489 ], [ 14.851400704900918, 48.768861340694997 ], [ 14.85141459381596, 48.768875463141242 ], [ 14.851446960998977, 48.76891165419179 ], [ 14.851498544269118, 48.76898105796694 ], [ 14.851604588559718, 48.769125135250498 ], [ 14.851890379362276, 48.769356298882364 ], [ 14.852060111400711, 48.769468250449428 ], [ 14.852183832594102, 48.769556600247597 ], [ 14.852187032967286, 48.769558987501249 ], [ 14.852263607710189, 48.769543965653369 ], [ 14.852481153355326, 48.769501216029965 ], [ 14.85260413140376, 48.769477048882088 ], [ 14.852678190953549, 48.769459810556597 ], [ 14.852935501306563, 48.769399725462243 ], [ 14.852982787612472, 48.769388230112789 ], [ 14.853232733346211, 48.769327609957124 ], [ 14.853398499428428, 48.769254945704937 ], [ 14.853402796274564, 48.769253001191657 ], [ 14.853466120553303, 48.769227086234203 ], [ 14.853518823552228, 48.769214711048996 ], [ 14.8535726067247, 48.769202052017853 ], [ 14.853586086334978, 48.76920232736699 ], [ 14.853621335228224, 48.769197913563488 ], [ 14.853791276135425, 48.769197333809153 ], [ 14.853819208820047, 48.769198591451122 ], [ 14.853858455397022, 48.769200512224728 ], [ 14.853872201729244, 48.76920060419166 ], [ 14.853983804667237, 48.769201318745729 ], [ 14.854196451538323, 48.769200005834037 ], [ 14.854347979240586, 48.769184192368598 ], [ 14.854413774658365, 48.769177404041429 ], [ 14.854434156536822, 48.76911210707366 ], [ 14.854448440636654, 48.769066048173904 ], [ 14.854480639079844, 48.768963269386497 ], [ 14.854601432161454, 48.76857609414801 ], [ 14.85461075730038, 48.768546380187367 ], [ 14.854637350975377, 48.768461123995131 ], [ 14.854656792749406, 48.768336562707624 ], [ 14.854692250795196, 48.76810961191287 ], [ 14.854859809397553, 48.7680976378808 ], [ 14.855064966828998, 48.768032016785725 ], [ 14.855226446732074, 48.768026147537192 ], [ 14.855273445704167, 48.768023380016132 ], [ 14.855417955121446, 48.768014222298305 ], [ 14.855470149410028, 48.768016874293423 ], [ 14.855483876769448, 48.768016336670136 ], [ 14.855546395327675, 48.768013817739224 ], [ 14.855666873791492, 48.76805696159758 ], [ 14.855701806796471, 48.768069461674799 ], [ 14.855836055651656, 48.768104331533138 ], [ 14.855997591444698, 48.768137048660755 ], [ 14.856011417490807, 48.768139837813507 ], [ 14.856107645128256, 48.768154421826424 ], [ 14.856127138382702, 48.76823359424295 ], [ 14.856141380310335, 48.768291696676002 ], [ 14.856171539605612, 48.768280871720748 ], [ 14.856284911557832, 48.768240364457682 ], [ 14.856310424752477, 48.768238054897964 ], [ 14.856336615380592, 48.768235646603067 ], [ 14.856455577339487, 48.768223040883882 ], [ 14.856477244613123, 48.768224109256707 ], [ 14.856486512680497, 48.768224618761188 ], [ 14.856488179615338, 48.768230353894943 ], [ 14.856493508477378, 48.768249443974383 ], [ 14.856497007739989, 48.768271076344696 ], [ 14.856499312131618, 48.768284538836561 ], [ 14.856500000279871, 48.768298561973964 ], [ 14.85650096315171, 48.768317258902563 ], [ 14.856501645966125, 48.768331102210645 ], [ 14.856502867558602, 48.768353933443059 ], [ 14.856515683112285, 48.768428155208277 ], [ 14.8568007596139, 48.768464936523259 ], [ 14.856860993066929, 48.768472520825028 ], [ 14.85699266179375, 48.76848916316689 ], [ 14.857060408491479, 48.76849772933187 ], [ 14.857136073797882, 48.768507182208261 ], [ 14.857191386566855, 48.768514020612265 ], [ 14.85724560851156, 48.768520783188372 ], [ 14.857244622396593, 48.768560913272587 ], [ 14.857512153176186, 48.768588745618977 ], [ 14.858007083746758, 48.768640161921901 ], [ 14.858026329540557, 48.768642160922759 ], [ 14.858113153357296, 48.768468331993837 ], [ 14.858124092995018, 48.768447231890732 ], [ 14.858126541214679, 48.768442612716107 ], [ 14.85813748084143, 48.76842151261144 ], [ 14.858138899635795, 48.768418885675679 ], [ 14.858144948161581, 48.768407203748922 ], [ 14.858164640524175, 48.76836925952157 ], [ 14.858299040042464, 48.768024269449782 ], [ 14.858306434139685, 48.767911287309772 ], [ 14.858314665860759, 48.76780360129078 ], [ 14.858316170638295, 48.767748892674653 ], [ 14.858319395787543, 48.767628408892165 ], [ 14.858321732513456, 48.767569641760552 ], [ 14.858351123039597, 48.767496311535439 ], [ 14.858399386145207, 48.767375782878865 ], [ 14.858450765842926, 48.767167783129175 ], [ 14.858454176401118, 48.767154336431751 ], [ 14.858456813583437, 48.767142338959417 ], [ 14.858471170028412, 48.767075950009115 ], [ 14.858530987259453, 48.766799299365914 ], [ 14.85867310519925, 48.766838021611122 ], [ 14.858779005028802, 48.766866779788771 ], [ 14.858818653160112, 48.766877688596082 ], [ 14.858899688307183, 48.766898494152727 ], [ 14.858921352631898, 48.766904059568184 ], [ 14.859105937438303, 48.766737145683464 ], [ 14.859328280868095, 48.766535920184751 ], [ 14.85947262816703, 48.766397862243764 ], [ 14.859480247432256, 48.766393265817143 ], [ 14.859498827552416, 48.766382050675354 ], [ 14.85969352215667, 48.76626240771698 ], [ 14.85975285443161, 48.766226017034356 ], [ 14.859961483732514, 48.766158633006377 ], [ 14.860008812947951, 48.766139578453746 ], [ 14.860093515793992, 48.766105286573065 ], [ 14.860331667170945, 48.766069810051995 ], [ 14.860378860003161, 48.766082779065776 ], [ 14.860823778010383, 48.766205533422756 ], [ 14.861003087852698, 48.766254923070392 ], [ 14.861251481697749, 48.766344161144801 ], [ 14.861381042416063, 48.766390689116776 ], [ 14.86156691548682, 48.766505115850279 ], [ 14.861575509035294, 48.766510401036228 ], [ 14.861578976334503, 48.766512604671092 ], [ 14.861700092078291, 48.766590814337704 ], [ 14.861874753453465, 48.766744514366813 ], [ 14.86205688137232, 48.766879317592924 ], [ 14.862151351727897, 48.766949148384775 ], [ 14.862620715384233, 48.767083631166798 ], [ 14.862718100690524, 48.76710053338963 ], [ 14.862843250257908, 48.767122201234436 ], [ 14.862904075311144, 48.767131393822751 ], [ 14.863015065225685, 48.767148208650163 ], [ 14.863230925714275, 48.767191092497704 ], [ 14.863279962934268, 48.767201967512953 ], [ 14.863364475234402, 48.767220655908659 ], [ 14.863458714517991, 48.767241556258355 ], [ 14.863729392259822, 48.767292900166389 ], [ 14.863741331723002, 48.767268908093186 ], [ 14.863831586574509, 48.767087653992135 ], [ 14.863858291505526, 48.76703405614662 ], [ 14.863923556956856, 48.767041571281361 ], [ 14.86404944456919, 48.767056032287591 ], [ 14.864155242724284, 48.767094951261129 ], [ 14.864187395137176, 48.767105416233584 ], [ 14.864211984780288, 48.767104106420533 ], [ 14.864304635976222, 48.767099121380234 ], [ 14.864581231965218, 48.767084273461123 ], [ 14.864589392999243, 48.767084167106837 ], [ 14.864693691398225, 48.76708190835069 ], [ 14.865001263094333, 48.767074571275501 ], [ 14.865237313816374, 48.767068975416102 ], [ 14.865255584129249, 48.767061091520475 ], [ 14.865510682470248, 48.766950545719439 ], [ 14.86574813429049, 48.766836901362701 ], [ 14.866130505639422, 48.76677362668228 ], [ 14.866402221564183, 48.766773140060124 ], [ 14.866725805160693, 48.766746160457195 ], [ 14.866798963112636, 48.766744576057711 ], [ 14.866983078090485, 48.766740464010134 ], [ 14.867159989550871, 48.766736625607273 ], [ 14.867554484921401, 48.766733094305124 ], [ 14.868074611719694, 48.766753646315927 ], [ 14.868227197245547, 48.76673717132465 ], [ 14.868246325522577, 48.76673979983137 ], [ 14.86829195652474, 48.766745949942759 ], [ 14.86878829675323, 48.766799191336659 ], [ 14.868970668019093, 48.766818665718134 ], [ 14.869188801809914, 48.766787300671147 ], [ 14.869256546371803, 48.766777600100944 ], [ 14.869483857163649, 48.766684589107456 ], [ 14.869677887776142, 48.766629881544631 ], [ 14.870400174736753, 48.766426414056191 ], [ 14.870487008360831, 48.766240791662121 ], [ 14.87058920578465, 48.766209321541709 ], [ 14.870864657974703, 48.766124672877432 ], [ 14.870939125374429, 48.766107777332671 ], [ 14.871127550087515, 48.76581603368075 ], [ 14.872073726068512, 48.76574679821362 ], [ 14.872714065510385, 48.76570171112148 ], [ 14.872781917030883, 48.76569110758885 ], [ 14.87279205063208, 48.7656887260773 ], [ 14.873438246939395, 48.765512321798951 ], [ 14.87360640802212, 48.765466401954562 ], [ 14.873703898198501, 48.765436879717313 ], [ 14.873817838816336, 48.765402374386639 ], [ 14.873873393076757, 48.765385545018674 ], [ 14.87387757439255, 48.765384320850252 ], [ 14.873937204715599, 48.765362760627106 ], [ 14.874207889732171, 48.765264674016585 ], [ 14.874292327932588, 48.765244587259545 ], [ 14.874546580726735, 48.765183864563198 ], [ 14.874957694881616, 48.765122432517146 ], [ 14.875021630531624, 48.765112868497575 ], [ 14.875212550383463, 48.765109013980243 ], [ 14.875237979159213, 48.765108500378169 ], [ 14.87553279294748, 48.765102652231192 ], [ 14.87562322175997, 48.765100835611179 ], [ 14.875721944572314, 48.765098820094543 ], [ 14.875964537911903, 48.765093926212501 ], [ 14.876031211536548, 48.765089452825563 ], [ 14.876410253260309, 48.765047506104523 ], [ 14.876493007661916, 48.765034815737877 ], [ 14.876689802533987, 48.76500461633708 ], [ 14.87697233277486, 48.76496132693498 ], [ 14.877092228754467, 48.764948507971106 ], [ 14.877277302696614, 48.764926736952148 ], [ 14.877734244996011, 48.764923430082796 ], [ 14.877777070609689, 48.764745846049664 ], [ 14.877797770012219, 48.764660481487738 ], [ 14.877824451965216, 48.764538788519829 ], [ 14.877861786316892, 48.76436865247522 ], [ 14.877903296135289, 48.764197112261598 ], [ 14.878028098480613, 48.763890631679708 ], [ 14.878087285813494, 48.763782093647791 ], [ 14.878431052852566, 48.763151522542493 ], [ 14.87843300096152, 48.763148438628328 ], [ 14.878540143164514, 48.762983230879982 ], [ 14.87855882395284, 48.762921279586827 ], [ 14.878695556307713, 48.762468922264453 ], [ 14.878713408833951, 48.762361377221843 ], [ 14.878720204588813, 48.762320450580916 ], [ 14.878733255709143, 48.762094054903955 ], [ 14.878739089621938, 48.761994043813935 ], [ 14.878691837853188, 48.761780224736221 ], [ 14.878810790944517, 48.761220970400636 ], [ 14.878810834092343, 48.761118426881112 ], [ 14.878837371869624, 48.760969480442256 ], [ 14.878847120231606, 48.760900090726118 ], [ 14.878832705033608, 48.760719480904022 ], [ 14.878895079445572, 48.760563316731982 ], [ 14.87894252325956, 48.760444498284123 ], [ 14.879906068954439, 48.76035023334672 ], [ 14.880117708734559, 48.760339261649712 ], [ 14.88051223425142, 48.760347379295652 ], [ 14.8807157280411, 48.760332466044595 ], [ 14.881125409630172, 48.760288210979297 ], [ 14.881361960523833, 48.760205488489333 ], [ 14.881365730533791, 48.760204179512606 ], [ 14.881382692865728, 48.760198199201412 ], [ 14.881658849595727, 48.760156601100455 ], [ 14.881750540885074, 48.760142799645138 ], [ 14.882091386272194, 48.76012589373569 ], [ 14.882647920903281, 48.760015832721059 ], [ 14.882928679543717, 48.759987033783716 ], [ 14.882931927546643, 48.759945883740777 ], [ 14.882932738783627, 48.75993669812884 ], [ 14.883006618673411, 48.759449902982851 ], [ 14.883006680966037, 48.759379830999741 ], [ 14.883000555958542, 48.759082176789711 ], [ 14.882998366031643, 48.759014113404511 ], [ 14.882992246681361, 48.758824849020726 ], [ 14.882964024425577, 48.758651527501584 ], [ 14.882957499728217, 48.758611135984566 ], [ 14.882941544652464, 48.75857833472282 ], [ 14.882581738469581, 48.75783559406144 ], [ 14.882574271232322, 48.757818062294184 ], [ 14.882531507419118, 48.757717342292722 ], [ 14.882525320727224, 48.75770618010035 ], [ 14.882497990521497, 48.757657067883841 ], [ 14.8824066221654, 48.757383744629252 ], [ 14.882305085336405, 48.756831889477169 ], [ 14.88228201192894, 48.756693850209601 ], [ 14.882261355818132, 48.756563784630025 ], [ 14.8822784319884, 48.756516515484869 ], [ 14.882337084277051, 48.756354731123672 ], [ 14.88234709760412, 48.756019174457258 ], [ 14.882274154626629, 48.755580818961505 ], [ 14.882326221832232, 48.755164651839131 ], [ 14.882334215169511, 48.755100411843607 ], [ 14.882291387236133, 48.754893730970046 ], [ 14.882161426711777, 48.754747925960352 ], [ 14.882001583071553, 48.754603594176587 ], [ 14.881805209903636, 48.75440271517629 ], [ 14.881648287676823, 48.754273995766134 ], [ 14.88164145375382, 48.754268418967598 ], [ 14.881629211246196, 48.754254907873154 ], [ 14.881342487485281, 48.753940352293853 ], [ 14.881218347017205, 48.753815967675315 ], [ 14.881157795095655, 48.753761266167643 ], [ 14.881100460290041, 48.753709490602674 ], [ 14.881013691182792, 48.753633456413979 ], [ 14.880997342466307, 48.753619099849814 ], [ 14.880625947274041, 48.753225602194348 ], [ 14.880390012773244, 48.752975499344082 ], [ 14.880036328773292, 48.75260065613115 ], [ 14.880018963492205, 48.752566073972048 ], [ 14.879980608815346, 48.752489491478279 ], [ 14.879969611119577, 48.752467598429455 ], [ 14.879864863203933, 48.752237085376578 ], [ 14.879853789804693, 48.752212674699805 ], [ 14.879770974313606, 48.752073532279759 ], [ 14.879709220075288, 48.751987812947128 ], [ 14.879556752264746, 48.751776187736453 ], [ 14.879533610989574, 48.75174402024102 ], [ 14.879509760088927, 48.751710872626738 ], [ 14.879504944725037, 48.751704549529563 ], [ 14.879308347916245, 48.751445831107326 ], [ 14.879204435375003, 48.751319738895262 ], [ 14.878831861245464, 48.750867963073603 ], [ 14.878769361113607, 48.750788999329203 ], [ 14.87876653071973, 48.750785348598988 ], [ 14.87874970598145, 48.750764161746169 ], [ 14.878747867985673, 48.750761847215891 ], [ 14.878636019797506, 48.750620567315025 ], [ 14.878619191666269, 48.750535965395208 ], [ 14.878599306716598, 48.750435662348067 ], [ 14.878594003886771, 48.75006045861906 ], [ 14.878611525760359, 48.749630084710752 ], [ 14.878630330172259, 48.749170010136361 ], [ 14.878469406037409, 48.748713019502219 ], [ 14.878302477472754, 48.748553754040969 ], [ 14.878193900309485, 48.748466760751043 ], [ 14.878151247730584, 48.748432510864504 ], [ 14.877907215333043, 48.748644765332664 ], [ 14.877855515344583, 48.74868961091299 ], [ 14.877720594947922, 48.748902678855089 ], [ 14.877664732658952, 48.748908630481175 ], [ 14.877649824765733, 48.748910445600025 ], [ 14.877527029098461, 48.748925102874345 ], [ 14.877523558242432, 48.748945387377255 ], [ 14.877503070675196, 48.749064751235132 ], [ 14.877434007948272, 48.749147424191364 ], [ 14.877417206637002, 48.749167704028714 ], [ 14.877285279926971, 48.74932208428298 ], [ 14.877127207791538, 48.749507211277333 ], [ 14.87681139022847, 48.74950821348002 ], [ 14.876762745354016, 48.749523514625608 ], [ 14.87660603828148, 48.749573067545967 ], [ 14.876552301191746, 48.749649781739322 ], [ 14.876519879841341, 48.749652726313023 ], [ 14.876385043722522, 48.749665111885626 ], [ 14.876076603542892, 48.74978043218082 ], [ 14.876001008778921, 48.749808769982991 ], [ 14.875988767732318, 48.749813338324842 ], [ 14.87597491393325, 48.749818557499609 ], [ 14.875944513907568, 48.749829930708842 ], [ 14.875854027055391, 48.749924037875516 ], [ 14.875831472601238, 48.749947541284001 ], [ 14.875686431624027, 48.750000627704026 ], [ 14.875476670925453, 48.750077321132245 ], [ 14.875375378002268, 48.750087915871269 ], [ 14.875370490112841, 48.750092747413703 ], [ 14.875352382948659, 48.750110345560906 ], [ 14.875339669381654, 48.750099178710087 ], [ 14.875329889510848, 48.750090581907337 ], [ 14.875315917115657, 48.750078262224065 ], [ 14.875277313569695, 48.750047466244737 ], [ 14.87526379770034, 48.750036759670131 ], [ 14.875253599142082, 48.750027808555551 ], [ 14.875193802671333, 48.74997525289502 ], [ 14.875146953958071, 48.749932601696912 ], [ 14.875110317321571, 48.749899351182776 ], [ 14.875098291812959, 48.749888445125762 ], [ 14.875093397868991, 48.749884011841409 ], [ 14.875050345976755, 48.749863618476951 ], [ 14.874842542799959, 48.749765331485044 ], [ 14.874203546820507, 48.749463116968919 ], [ 14.87419620822719, 48.749458805668155 ], [ 14.874140177842374, 48.74943651337091 ], [ 14.874136324824111, 48.749435034756964 ], [ 14.874131642498844, 48.749433117269419 ], [ 14.874011185229358, 48.749385224606954 ], [ 14.873558129239706, 48.749205058947524 ], [ 14.873283078826995, 48.749095777573601 ], [ 14.872873975460072, 48.748866100015839 ], [ 14.872837057115685, 48.748836990215125 ], [ 14.872626877254577, 48.748699961870123 ], [ 14.872614547041232, 48.748692477672215 ], [ 14.872587382612911, 48.748675653128039 ], [ 14.872184320466737, 48.748424935576445 ], [ 14.872150361919859, 48.748403792373814 ], [ 14.871982407107955, 48.748291305855176 ], [ 14.871853872901587, 48.748205197927966 ], [ 14.871698966856313, 48.748101445179387 ], [ 14.871195249213567, 48.747764071024839 ], [ 14.870936638701417, 48.747558321994546 ], [ 14.870712785740819, 48.747377663384128 ], [ 14.870461052660477, 48.747174341905598 ], [ 14.870455476862814, 48.747169827403134 ], [ 14.870367666923004, 48.747099016177216 ], [ 14.870289625106517, 48.747027357459324 ], [ 14.870048658530745, 48.746806443820631 ], [ 14.869533293090253, 48.746251624775304 ], [ 14.869328282500126, 48.746027540844253 ], [ 14.869244789184689, 48.745923570543198 ], [ 14.869103417909288, 48.745717093824666 ], [ 14.868989269653197, 48.745447565475175 ], [ 14.868940356010386, 48.745317327005822 ], [ 14.868911687113787, 48.745240974040712 ], [ 14.86882510078436, 48.745038008324748 ], [ 14.868816474487391, 48.74501788223214 ], [ 14.868786244033322, 48.74497573084907 ], [ 14.86872404000313, 48.74489226040123 ], [ 14.868527469856744, 48.744654482145343 ], [ 14.868373086917071, 48.744467513935966 ], [ 14.868247944247733, 48.744339620698938 ], [ 14.868112275028574, 48.744200800969544 ], [ 14.867819020249172, 48.743981645406194 ], [ 14.867781042116704, 48.74395326747257 ], [ 14.867657612903553, 48.743882649731958 ], [ 14.867648342734933, 48.743877373804651 ], [ 14.867416131242219, 48.743748359779097 ], [ 14.867367311987039, 48.743721292678678 ], [ 14.867047141948015, 48.743543414276907 ], [ 14.866585042753604, 48.743285532991045 ], [ 14.866284016219991, 48.743165600634029 ], [ 14.866123169750727, 48.743085215326794 ], [ 14.866017516202538, 48.743035862075601 ], [ 14.865881102642485, 48.74297206828652 ], [ 14.865843026940537, 48.742954035323393 ], [ 14.865550973690587, 48.742815634104545 ], [ 14.865338935611247, 48.742715137017392 ], [ 14.864797569779228, 48.742466648186642 ], [ 14.864763787078333, 48.742451167463493 ], [ 14.864022950956466, 48.742112806831344 ], [ 14.864019639903887, 48.742111230876212 ], [ 14.863582561965698, 48.741907072115197 ], [ 14.863386020372696, 48.741815184787598 ], [ 14.863398292770874, 48.741811696726629 ], [ 14.863431929535103, 48.741799474961432 ], [ 14.863436237096558, 48.741797979630014 ], [ 14.863441885414343, 48.741795837175943 ], [ 14.863743557394436, 48.74168684407163 ], [ 14.864083172075311, 48.741564132878736 ], [ 14.864151255277088, 48.741539498479163 ], [ 14.864246533124707, 48.741528361932957 ], [ 14.864605282122259, 48.741486445266744 ], [ 14.864826332183158, 48.741460625418384 ], [ 14.864912258718814, 48.741450599732232 ], [ 14.864958010835798, 48.741425086725812 ], [ 14.865078413466442, 48.741358032331583 ], [ 14.865445362880754, 48.741331207773378 ], [ 14.865731977641381, 48.74131037762038 ], [ 14.865852421235557, 48.741313123586984 ], [ 14.865916933477749, 48.741314710385659 ], [ 14.865935169418803, 48.741315102059261 ], [ 14.865989200181252, 48.74131637584982 ], [ 14.866240819422771, 48.741294112196464 ], [ 14.866471414675386, 48.741273741578262 ], [ 14.866847904817702, 48.741215755083154 ], [ 14.866861437952965, 48.7412135095012 ], [ 14.86727078184693, 48.741144478442727 ], [ 14.867345702362044, 48.741116604578025 ], [ 14.867732809920282, 48.740972483644818 ], [ 14.867749354275528, 48.740966330734807 ], [ 14.867934261288397, 48.740900769238557 ], [ 14.867945690613091, 48.740896392203418 ], [ 14.867972451452333, 48.740886237876381 ], [ 14.868181961236768, 48.740806592014408 ], [ 14.868306211996368, 48.740759273084883 ], [ 14.868353007477664, 48.740736893355084 ], [ 14.868364804272121, 48.740731162213528 ], [ 14.868401140897371, 48.740713776511264 ], [ 14.868438951423441, 48.740695651925016 ], [ 14.868554392491237, 48.74064026236239 ], [ 14.868660048916052, 48.740589678041374 ], [ 14.868913859323637, 48.740390626689987 ], [ 14.869065877032861, 48.740271343026016 ], [ 14.869167134733772, 48.74019194154247 ], [ 14.869385463770376, 48.74002078809314 ], [ 14.869426375987009, 48.740001813043833 ], [ 14.869800890625168, 48.739828165969556 ], [ 14.870024402413874, 48.739744015845709 ], [ 14.870077524984856, 48.739724071224998 ], [ 14.8707514190565, 48.739470404575954 ], [ 14.870882002449674, 48.7394212908425 ], [ 14.87096618827373, 48.739389605288984 ], [ 14.871093033495086, 48.739338291487407 ], [ 14.871339596245576, 48.739238365384495 ], [ 14.87136399472087, 48.739222034583747 ], [ 14.871380246005767, 48.739210667830321 ], [ 14.871734332185358, 48.738963792018168 ], [ 14.872020566170457, 48.738690099240813 ], [ 14.872228123367391, 48.738491286457794 ], [ 14.872231236407044, 48.738481710863098 ], [ 14.872256529652182, 48.738404471346563 ], [ 14.872324368977111, 48.738290244109876 ], [ 14.872467055507107, 48.738150479239202 ], [ 14.872478545602954, 48.738139084771596 ], [ 14.872498365575753, 48.738119755390066 ], [ 14.872870267876653, 48.737755346228816 ], [ 14.873185134906514, 48.737416510142978 ], [ 14.87318865163193, 48.737411336820337 ], [ 14.873348295263458, 48.737179598338152 ], [ 14.873788448322395, 48.73676517753897 ], [ 14.873908995237802, 48.73669460364345 ], [ 14.873985837527767, 48.736649519476089 ], [ 14.87399226540605, 48.736646196903735 ], [ 14.874075955594986, 48.736602731899957 ], [ 14.874228177423189, 48.736554499681361 ], [ 14.874381695208081, 48.736508678932594 ], [ 14.874588890075701, 48.736443443642905 ], [ 14.874769434587652, 48.736382875465971 ], [ 14.874923132558243, 48.736329495733706 ], [ 14.875065243972106, 48.736284273567335 ], [ 14.875188932388037, 48.736218784270129 ], [ 14.875196428727305, 48.736214817942262 ], [ 14.875199362634703, 48.736212890445323 ], [ 14.875275228248947, 48.736162511105903 ], [ 14.875319687415082, 48.73614861453396 ], [ 14.87532777065192, 48.73614607970854 ], [ 14.875584963800382, 48.736061296309664 ], [ 14.875600711619034, 48.736055872314822 ], [ 14.875726968617126, 48.736012566624062 ], [ 14.875836936598443, 48.735974781883741 ], [ 14.875924696611573, 48.735944664772752 ], [ 14.875941357304633, 48.735928884356156 ], [ 14.875959875173182, 48.735911550369615 ], [ 14.876003785068955, 48.735870315595392 ], [ 14.876035067335827, 48.735838781523746 ], [ 14.876123633149875, 48.735749465804048 ], [ 14.8761963114616, 48.735669983532354 ], [ 14.876265788263408, 48.735610692339868 ], [ 14.876347942555178, 48.735602236835511 ], [ 14.876385901321733, 48.735598319892873 ], [ 14.876540990630886, 48.735582339377956 ], [ 14.87676588843302, 48.73557245731299 ], [ 14.877017461644362, 48.735576886187651 ], [ 14.87712132876875, 48.735616718346414 ], [ 14.877265780129328, 48.73567211807805 ], [ 14.877401429352897, 48.735724215231187 ], [ 14.877557298959758, 48.735783962026659 ], [ 14.877646859511563, 48.735818314940786 ], [ 14.877720188057683, 48.735846494736492 ], [ 14.877796820545122, 48.735839819917153 ], [ 14.877874399145032, 48.735832952700591 ], [ 14.877981549172178, 48.735823627569815 ], [ 14.878136029286546, 48.735809991698424 ], [ 14.878244128052462, 48.735800563894372 ], [ 14.878368365063027, 48.735789664335229 ], [ 14.878413011384936, 48.735804638452855 ], [ 14.878428670100035, 48.735809829489206 ], [ 14.878505650353217, 48.735837331092434 ], [ 14.878744947081756, 48.735826895973169 ], [ 14.879094814876774, 48.735871134461789 ], [ 14.87928124124883, 48.735825503664486 ], [ 14.879403545144191, 48.735795558795729 ], [ 14.879430664283204, 48.735792952952153 ], [ 14.880170571369623, 48.735720602513858 ], [ 14.880538483210289, 48.735700193909786 ], [ 14.880560398309397, 48.73570089461802 ], [ 14.880687259049106, 48.735704889936926 ], [ 14.880930502863269, 48.735712658448719 ], [ 14.881044141877355, 48.735724653397511 ], [ 14.88119925106853, 48.735740958968975 ], [ 14.881567305755238, 48.735756885578866 ], [ 14.881738331186781, 48.735764345264478 ], [ 14.881841273252578, 48.735768834637256 ], [ 14.882066474829262, 48.735764515397584 ], [ 14.882612856295859, 48.735741386511229 ], [ 14.882809098397599, 48.735737268020991 ], [ 14.882838315996034, 48.735736612627157 ], [ 14.883006613019083, 48.735730253966565 ], [ 14.88303201904556, 48.735729468923161 ], [ 14.883167063824207, 48.735725257940707 ], [ 14.883246935818816, 48.73572231475341 ], [ 14.883322191487711, 48.735719612348632 ], [ 14.883326538649717, 48.735719465015904 ], [ 14.883455732809013, 48.735715151024813 ], [ 14.883594077903352, 48.73571215530221 ], [ 14.883606034629745, 48.735711817545798 ], [ 14.8837470685305, 48.735707796679904 ], [ 14.883898939354268, 48.73569787566101 ], [ 14.883925821624143, 48.73569644127118 ], [ 14.884000226339511, 48.735692580300181 ], [ 14.884147880418331, 48.735682624690924 ], [ 14.884295032870604, 48.735588481046442 ], [ 14.884323851575525, 48.735570110131462 ], [ 14.884490187017807, 48.735458262285086 ], [ 14.884561970224107, 48.735462171400407 ], [ 14.884701863766892, 48.735469948072812 ], [ 14.884782917416272, 48.735479131659247 ], [ 14.884885943183816, 48.735490903316659 ], [ 14.884944483785587, 48.735497595764322 ], [ 14.88498745345902, 48.735538045803416 ], [ 14.885022585552884, 48.735571133430035 ], [ 14.885029388961774, 48.735611791503274 ], [ 14.885031220958011, 48.735622921265751 ], [ 14.885033525928719, 48.7356362036112 ], [ 14.885112293326815, 48.735650724316365 ], [ 14.88512008769435, 48.73565215048712 ], [ 14.885179846337037, 48.735663144389534 ], [ 14.885310850008032, 48.735687229077385 ], [ 14.885321104768753, 48.735689072473633 ], [ 14.885358456332003, 48.735696584474582 ], [ 14.885824736016893, 48.735790356695446 ], [ 14.88605880202433, 48.735849868042322 ], [ 14.886211330183068, 48.735888688998038 ], [ 14.886271353002607, 48.735903906572396 ], [ 14.886297726865648, 48.735908145301892 ], [ 14.886638518567063, 48.735962286147505 ], [ 14.886781997003485, 48.735985124777606 ], [ 14.886865862965591, 48.736001825653254 ], [ 14.887011840110706, 48.736030837594377 ], [ 14.887070376189603, 48.736041846719729 ], [ 14.887079676824849, 48.736043612637012 ], [ 14.88727635237626, 48.736080768656748 ], [ 14.887289600562397, 48.736082662221229 ], [ 14.88731200530731, 48.736086053735711 ], [ 14.887471829162797, 48.736109754637376 ], [ 14.887511579208025, 48.736115615090924 ], [ 14.887567997591876, 48.736124043407791 ], [ 14.887888592500126, 48.736193739716064 ], [ 14.887936145249345, 48.736196798188438 ], [ 14.888272834431083, 48.736218606132589 ], [ 14.888339496874462, 48.736219522415077 ], [ 14.888513909437906, 48.736221980085489 ], [ 14.888807498836421, 48.736226097157548 ], [ 14.888934875491964, 48.736233584866213 ], [ 14.889067972335202, 48.736241356459182 ], [ 14.889411641716825, 48.736273592991061 ], [ 14.889702923567711, 48.736282325932436 ], [ 14.889872247159358, 48.736287367679225 ], [ 14.889916099360956, 48.736280489792691 ], [ 14.89034526849044, 48.736212733545671 ], [ 14.890519431588787, 48.736260796945295 ], [ 14.890807418571947, 48.736340272704744 ], [ 14.890861448510563, 48.73635511768282 ], [ 14.890971345783353, 48.736378126783421 ], [ 14.891112582216302, 48.736407646308898 ], [ 14.891187071899948, 48.736437961229818 ], [ 14.891206622803022, 48.736445887440816 ], [ 14.891250432116045, 48.736477958616717 ], [ 14.891444695857551, 48.736610308375049 ], [ 14.891488068066213, 48.736645893370664 ], [ 14.891733797010243, 48.73684745204946 ], [ 14.891827315443052, 48.736926717493127 ], [ 14.891876028340622, 48.736967988359694 ], [ 14.891909385835772, 48.737063433892722 ], [ 14.8919375773054, 48.737235136867433 ], [ 14.891979832335595, 48.737561099792309 ], [ 14.891986580132819, 48.737613182065566 ], [ 14.891997232423767, 48.737695346244365 ], [ 14.892003476964522, 48.737744286892799 ], [ 14.892016267966477, 48.737843153643453 ], [ 14.892124761510278, 48.737927347299852 ], [ 14.892440393962556, 48.737980816010186 ], [ 14.892535305616819, 48.737993858129983 ], [ 14.892834654614621, 48.738035038743462 ], [ 14.892931205930475, 48.738048328625112 ], [ 14.892993342239654, 48.738056858330729 ], [ 14.89306390736318, 48.738069773624225 ], [ 14.89309920085751, 48.738076590915782 ], [ 14.893130940825362, 48.738082825736946 ], [ 14.893294182982482, 48.7381068332109 ], [ 14.89330811434049, 48.738108806980534 ], [ 14.893523471270756, 48.738138238526005 ], [ 14.893616336203612, 48.738151037117063 ], [ 14.893718934827257, 48.738166404841799 ], [ 14.894047769591666, 48.738215646024599 ], [ 14.894078509014077, 48.738220274763286 ], [ 14.894104773353954, 48.73822532277768 ], [ 14.894187943797618, 48.738241308117807 ], [ 14.894494824845578, 48.738288591070152 ], [ 14.894791237671903, 48.738327017273285 ], [ 14.894803785150993, 48.738328199704668 ], [ 14.894823154230311, 48.738330100991561 ], [ 14.894945225093219, 48.738341790574083 ], [ 14.895186767721649, 48.738364664219851 ], [ 14.895515599375958, 48.738395821117237 ], [ 14.895998688598286, 48.738441655480131 ], [ 14.896071580779079, 48.738446082574775 ], [ 14.89622663647612, 48.738455712753073 ], [ 14.896258656316595, 48.738457715290792 ], [ 14.896310456615975, 48.73842149501818 ], [ 14.896529254043642, 48.738268903392481 ], [ 14.896631102302402, 48.738179125250774 ], [ 14.896718116263767, 48.738102407572399 ], [ 14.896724022853277, 48.738095402669238 ], [ 14.896848082751815, 48.737949018948882 ], [ 14.8969718656819, 48.73776674809627 ], [ 14.896976992142816, 48.737760922935976 ], [ 14.897036707703984, 48.737694373195247 ], [ 14.897083922237663, 48.737641572574475 ], [ 14.897204193843471, 48.737460157747506 ], [ 14.89720900549576, 48.737443992337155 ], [ 14.897269391750076, 48.73724313581765 ], [ 14.897337403667215, 48.737042627432672 ], [ 14.897389630347089, 48.736935609039513 ], [ 14.897463011189686, 48.736907016500716 ], [ 14.897858466014261, 48.736750449824846 ], [ 14.897934478447983, 48.736660924669735 ], [ 14.897998412521542, 48.736576687639001 ], [ 14.898009265237222, 48.736562420625305 ], [ 14.898011097134855, 48.736560057473568 ], [ 14.898019990226652, 48.73654842516725 ], [ 14.898023368457537, 48.736543252910216 ], [ 14.898026224853634, 48.736538807219453 ], [ 14.898074787679672, 48.736494623530703 ], [ 14.89809886789728, 48.736472624310622 ], [ 14.898155237150934, 48.736421320333321 ], [ 14.898185988811834, 48.73638618920198 ], [ 14.898223309856114, 48.736343504528037 ], [ 14.898255594044622, 48.736305114693089 ], [ 14.898286962247694, 48.73626790642664 ], [ 14.89831844543693, 48.736234474587604 ], [ 14.898326607701202, 48.736225640495647 ], [ 14.898376366705048, 48.736171635994197 ], [ 14.898390579239996, 48.736156064837218 ], [ 14.898439683090423, 48.736102878601926 ], [ 14.89845298239606, 48.736088578931486 ], [ 14.898483452180393, 48.736070992043011 ], [ 14.898554808260426, 48.736029562682333 ], [ 14.89858340503376, 48.736012990200884 ], [ 14.898606388446842, 48.735999640845847 ], [ 14.898684572846106, 48.735954702217832 ], [ 14.898711917041021, 48.735941654516317 ], [ 14.898813516387712, 48.735893075445503 ], [ 14.898905465332721, 48.73584912253083 ], [ 14.898967117897628, 48.735819515996887 ], [ 14.899066583526334, 48.735763409203571 ], [ 14.89914518592402, 48.735718824486241 ], [ 14.899190638595318, 48.735693121864813 ], [ 14.89919478126777, 48.735690727878463 ], [ 14.899266438257412, 48.735650283518311 ], [ 14.899290500571768, 48.735636649779394 ], [ 14.899312021259124, 48.735624399205882 ], [ 14.899360015375244, 48.735597313347107 ], [ 14.899372579277284, 48.735590129556442 ], [ 14.899378328458987, 48.735586904572656 ], [ 14.899573639606409, 48.735476447530957 ], [ 14.899578184558626, 48.735473868261145 ], [ 14.899593692313884, 48.73546511600037 ], [ 14.899618955916813, 48.73545074655344 ], [ 14.899662463945585, 48.73542372040216 ], [ 14.899745691823897, 48.735365850656777 ], [ 14.899863815402488, 48.735283947964405 ], [ 14.899872470032642, 48.735277895690317 ], [ 14.900014193380969, 48.735247490201445 ], [ 14.900103767743667, 48.735228304716799 ], [ 14.900245115920391, 48.73516777011293 ], [ 14.900357600511683, 48.735119494151796 ], [ 14.90039883864055, 48.735116155318991 ], [ 14.90064408691436, 48.735095971217056 ], [ 14.900712079404073, 48.735073655153059 ], [ 14.900816832671715, 48.735039424463643 ], [ 14.900824908989927, 48.735036708052021 ], [ 14.900832533622921, 48.735032558440992 ], [ 14.900995893769187, 48.734944743532886 ], [ 14.901022784978913, 48.734792096142925 ], [ 14.901069852582877, 48.734743613393114 ], [ 14.901135781947621, 48.734675988909018 ], [ 14.901159737918942, 48.734596511466997 ], [ 14.901181099948451, 48.73452561407219 ], [ 14.901247829481274, 48.734453031477642 ], [ 14.901367215536999, 48.734323525800797 ], [ 14.901402554064179, 48.734273940196445 ], [ 14.901469334168702, 48.734180757812489 ], [ 14.901540408859725, 48.734085718990364 ], [ 14.901566537983987, 48.734050738566424 ], [ 14.901577639077436, 48.734035748250875 ], [ 14.901632125634332, 48.733963059059228 ], [ 14.901680334502657, 48.733898549352389 ], [ 14.901729589503276, 48.733832676370852 ], [ 14.901830969159544, 48.733772673587993 ], [ 14.901839384386566, 48.733767703777708 ], [ 14.901930365986528, 48.733710088596446 ], [ 14.901936927618046, 48.733706762674011 ], [ 14.90196959709027, 48.733690044956916 ], [ 14.902131363825271, 48.733603688838294 ], [ 14.902263305797234, 48.7334936238911 ], [ 14.902461531407871, 48.733358835777103 ], [ 14.902584875777942, 48.733274521621404 ], [ 14.902664868998871, 48.733222269896366 ], [ 14.902810279422161, 48.733139189753523 ], [ 14.902892134035676, 48.733094468945112 ], [ 14.902946907796853, 48.733062433498155 ], [ 14.903122717736075, 48.732959606911919 ], [ 14.903138438291156, 48.732948962317295 ], [ 14.903144170458482, 48.732945197653322 ], [ 14.903297646647028, 48.73284132009325 ], [ 14.903468133530829, 48.732742342112431 ], [ 14.90353298808671, 48.732697578300822 ], [ 14.903651645945184, 48.73261575432354 ], [ 14.903677181610467, 48.732601470260818 ], [ 14.903819833166859, 48.732521663962203 ], [ 14.903878820887718, 48.732494069290929 ], [ 14.903973787976188, 48.732442425899677 ], [ 14.90405963379593, 48.732421578070777 ], [ 14.904083782799113, 48.732415318191336 ], [ 14.904239463870461, 48.732370328380803 ], [ 14.904263264006595, 48.732361554475446 ], [ 14.904295667048446, 48.732349517145487 ], [ 14.904325349165791, 48.732346331506051 ], [ 14.904520793306043, 48.732325456145695 ], [ 14.904538941114801, 48.732323054457673 ], [ 14.904560068248255, 48.732320253091046 ], [ 14.904812239932596, 48.732286834416911 ], [ 14.904830512637727, 48.732284071203807 ], [ 14.904847839374881, 48.732281500552695 ], [ 14.90506534669799, 48.732261768216709 ], [ 14.905143862214512, 48.73225469041148 ], [ 14.905213039296148, 48.732231276349111 ], [ 14.905311151031123, 48.73219802991138 ], [ 14.905666623404063, 48.732429844158588 ], [ 14.906054318086859, 48.732514783870904 ], [ 14.906368360886475, 48.732583528203918 ], [ 14.906773030947585, 48.73267210608833 ], [ 14.906796887868236, 48.732656314647635 ], [ 14.9068463246278, 48.732623269429524 ], [ 14.906872045895946, 48.732606193660089 ], [ 14.906963861118346, 48.732544965187046 ], [ 14.90702476408609, 48.732504480103515 ], [ 14.906959214309607, 48.73241099891478 ], [ 14.906998691208965, 48.732221480575525 ], [ 14.907217976141698, 48.732060045905492 ], [ 14.907278954758425, 48.731999860150189 ], [ 14.907326268265487, 48.731955239348821 ], [ 14.907335260364988, 48.731946933168679 ], [ 14.907337907205877, 48.731944558933051 ], [ 14.907362139285446, 48.731923275258204 ], [ 14.9073926255882, 48.731906405339835 ], [ 14.907480666085968, 48.731859619351354 ], [ 14.907513582388487, 48.731842177109598 ], [ 14.907739784072225, 48.731777886877893 ], [ 14.907821086716073, 48.731755298133081 ], [ 14.908002705251871, 48.731704918120265 ], [ 14.908051085183629, 48.731690686519386 ], [ 14.908056475220029, 48.731689085045481 ], [ 14.908077544925909, 48.731679987161549 ], [ 14.908138337717205, 48.731653715367599 ], [ 14.908357553119497, 48.731561182700055 ], [ 14.908550457906905, 48.731479796842464 ], [ 14.90858670187494, 48.731464468496405 ], [ 14.908609396938687, 48.731455168803336 ], [ 14.908814046121732, 48.731371016319073 ], [ 14.908873127177717, 48.731386504894118 ], [ 14.908952492804744, 48.731407208320725 ], [ 14.909288962868219, 48.731551113744352 ], [ 14.909544417648121, 48.731660394802233 ], [ 14.909552683293757, 48.731663881928782 ], [ 14.909625428544832, 48.731570704405208 ], [ 14.909635766390446, 48.731557522558539 ], [ 14.909719910934344, 48.731454746954476 ], [ 14.909777529486604, 48.731378233649963 ], [ 14.909861842810995, 48.731307568585912 ], [ 14.909897897382233, 48.731277220356894 ], [ 14.910045289237617, 48.731387771370237 ], [ 14.910112376003058, 48.731438143217488 ], [ 14.910220520002602, 48.731519266993686 ], [ 14.910485811267664, 48.731621127801446 ], [ 14.910508927640151, 48.731629992418071 ], [ 14.910515396003388, 48.731632514145574 ], [ 14.910556595510551, 48.731641315756022 ], [ 14.910573840343778, 48.731644952052662 ], [ 14.910725221576708, 48.731677190245613 ], [ 14.911157164551565, 48.731750544574119 ], [ 14.911360083071099, 48.731822657830143 ], [ 14.91154938483761, 48.731916272432976 ], [ 14.911706658805182, 48.731994215831044 ], [ 14.911794198337978, 48.732037475430857 ], [ 14.91207375850823, 48.732231791626987 ], [ 14.912111691647034, 48.732258177291818 ], [ 14.912513074961087, 48.732549262060964 ], [ 14.912595454354101, 48.732490944513771 ], [ 14.912665086618407, 48.732438195491213 ], [ 14.912744550457679, 48.732377938098672 ], [ 14.912799298944774, 48.732336453312264 ], [ 14.912829864837564, 48.732313374194007 ], [ 14.912833440795982, 48.732310267715874 ], [ 14.91284045678802, 48.732304056587729 ], [ 14.912852372036701, 48.732293551800723 ], [ 14.912875281460554, 48.732273544087455 ], [ 14.912899905351729, 48.732251804213583 ], [ 14.912927045424457, 48.732227871631643 ], [ 14.91310316567098, 48.732122596869864 ], [ 14.913591280670358, 48.73230222969093 ], [ 14.913760313587915, 48.732364450390563 ], [ 14.9138024248969, 48.732212763848473 ], [ 14.914062724038999, 48.732041498961671 ], [ 14.914281502106348, 48.731895259534035 ], [ 14.914384760665676, 48.731835040401549 ], [ 14.914427242429113, 48.731810361160107 ], [ 14.914438452030236, 48.731807871456169 ], [ 14.914643603345048, 48.731762381433612 ], [ 14.914708291478149, 48.731756742756808 ], [ 14.914744635552294, 48.731753554698457 ], [ 14.915041343339533, 48.731731567693643 ], [ 14.915048669283676, 48.73173101924484 ], [ 14.915058297596516, 48.731730169923438 ], [ 14.915158916367455, 48.731721168494865 ], [ 14.915426559988552, 48.731678253367164 ], [ 14.915435489296645, 48.731676783767149 ], [ 14.915457775188715, 48.731671895911852 ], [ 14.915910354900962, 48.731571796609217 ], [ 14.916113776296109, 48.731695347678901 ], [ 14.916150524630211, 48.731705286770151 ], [ 14.916216753774501, 48.731723193988856 ], [ 14.916740677434721, 48.731864371246722 ], [ 14.916996529358874, 48.731699186447855 ], [ 14.917674325202587, 48.731265197726337 ], [ 14.917764140288194, 48.731311570572743 ], [ 14.918153235460105, 48.731512040443349 ], [ 14.918187640062055, 48.731529746439044 ], [ 14.918215678794212, 48.731508588980496 ], [ 14.918317600556286, 48.731431653209519 ], [ 14.918583048349554, 48.731194283426028 ], [ 14.918664469975251, 48.731122841339158 ], [ 14.918696910409873, 48.731094518084859 ], [ 14.918808708287278, 48.730998378590897 ], [ 14.918963643820872, 48.731083989952225 ], [ 14.918971222007869, 48.731078400516083 ], [ 14.918997820546284, 48.73105906135509 ], [ 14.919076953091484, 48.731001592502601 ], [ 14.919230746280411, 48.731089827565249 ], [ 14.919296360207747, 48.731127440943439 ], [ 14.919342522531517, 48.731089936918714 ], [ 14.919384310445842, 48.731056090060548 ], [ 14.919475774925134, 48.730984061965366 ], [ 14.920053561303254, 48.731337054446421 ], [ 14.920092032958175, 48.731354345122583 ], [ 14.92011340611098, 48.731363951048245 ], [ 14.920155396303979, 48.731332260041292 ], [ 14.920306619381462, 48.731218315416392 ], [ 14.920371414570104, 48.731141339880452 ], [ 14.920384559461517, 48.731126679866072 ], [ 14.920441349527733, 48.731063485256342 ], [ 14.920464721196057, 48.731036543416316 ], [ 14.920492034343855, 48.731005140622401 ], [ 14.920526301236062, 48.730965548102162 ], [ 14.920566562247833, 48.730921916633257 ], [ 14.920591334464939, 48.73089189744811 ], [ 14.920658807382356, 48.730923638039826 ], [ 14.921050809026697, 48.731112275404975 ], [ 14.921066958948897, 48.731120062787923 ], [ 14.921139425611342, 48.731154973868122 ], [ 14.921184421895751, 48.73117658362834 ], [ 14.921745523603111, 48.731446857414895 ], [ 14.921828850538901, 48.731388790230326 ], [ 14.921947054587989, 48.731306503656938 ], [ 14.922106764315785, 48.731387998486419 ], [ 14.922126449340407, 48.731369381821551 ], [ 14.922250885956574, 48.731251209517488 ], [ 14.922796016957308, 48.731528081107477 ], [ 14.922864951418315, 48.731563038954377 ], [ 14.923253355162489, 48.73130978126494 ], [ 14.923277614148816, 48.731293980943967 ], [ 14.923535550162269, 48.73112659444633 ], [ 14.923543979553513, 48.731122162562961 ], [ 14.923907081244771, 48.730890743890804 ], [ 14.923993891888857, 48.730835506395493 ], [ 14.924116446175352, 48.730753338520159 ], [ 14.92438609206792, 48.730573467879495 ], [ 14.924680346787039, 48.730380399829109 ], [ 14.924896432139512, 48.730249378474227 ], [ 14.924902966777788, 48.730245242029248 ], [ 14.924973630042041, 48.730199937521924 ], [ 14.925010563392123, 48.730176319035877 ], [ 14.925186776635716, 48.730070664536449 ], [ 14.925275684559635, 48.730017376554137 ], [ 14.925373001841283, 48.729959027081684 ], [ 14.925423559533501, 48.729953843908731 ], [ 14.925481573138963, 48.729947929941233 ], [ 14.925787236990933, 48.729890712598447 ], [ 14.926018840872731, 48.729786734245479 ], [ 14.926581424023938, 48.729534340331099 ], [ 14.926963639525352, 48.729266761178955 ], [ 14.92733766216948, 48.728704516899754 ], [ 14.927563961580539, 48.728548164894015 ], [ 14.927710788097718, 48.728446683404314 ], [ 14.927775749243247, 48.728401814343286 ], [ 14.928371715298367, 48.728134925350616 ], [ 14.929261898513776, 48.727959564132043 ], [ 14.929537342099467, 48.72808993931163 ], [ 14.92959830890104, 48.728117895324566 ], [ 14.929614861326561, 48.728125496171863 ], [ 14.929655966398103, 48.72814436710334 ], [ 14.930296258389763, 48.728437901135244 ], [ 14.930543475050476, 48.728552376466297 ], [ 14.930979412110904, 48.728754056318508 ], [ 14.931030864607733, 48.728751467159867 ], [ 14.931147077920174, 48.728745747852606 ], [ 14.931156308850921, 48.728745262418158 ], [ 14.931572912587756, 48.728723040807289 ], [ 14.931806154417641, 48.728711589902588 ], [ 14.931969067916983, 48.728690391753062 ], [ 14.932114243793045, 48.728671593780852 ], [ 14.932377702409468, 48.728639310971175 ], [ 14.932625813880287, 48.728668764362915 ], [ 14.933089548790933, 48.728727932347205 ], [ 14.933149622193763, 48.728735839230907 ], [ 14.933192978551117, 48.728735248450675 ], [ 14.933262840808402, 48.728734386416249 ], [ 14.933604567587661, 48.728669910577686 ], [ 14.933611190930041, 48.728668650915019 ], [ 14.933702569759522, 48.728651393783345 ], [ 14.934072280958226, 48.728581767612312 ], [ 14.934144484442328, 48.728573137182465 ], [ 14.934174556260141, 48.728569488861133 ], [ 14.934193123100744, 48.728567526600806 ], [ 14.934578108350694, 48.72852557595337 ], [ 14.934993020359281, 48.728479707622014 ], [ 14.935175409346416, 48.728459588607002 ], [ 14.93555470709326, 48.728418431953664 ], [ 14.935774350814651, 48.728385210187383 ], [ 14.935808723932849, 48.728379973538317 ], [ 14.936065107196127, 48.728352006757767 ], [ 14.936185166429254, 48.728338853802775 ], [ 14.936203053548901, 48.728336900501773 ], [ 14.936307742887086, 48.72835409148739 ], [ 14.936534611122898, 48.728391202811615 ], [ 14.936550463915667, 48.728393774883799 ], [ 14.936556477721519, 48.728394772200375 ], [ 14.936640672583202, 48.728413142273155 ], [ 14.936900242379506, 48.728469865835685 ], [ 14.937024007312862, 48.728479599416389 ], [ 14.937103066693272, 48.728485895657407 ], [ 14.93716216499161, 48.728488686495446 ], [ 14.937204243355991, 48.728490720324444 ], [ 14.937316862792374, 48.728513649030624 ], [ 14.937554701377318, 48.728562392367145 ], [ 14.937701749171646, 48.728586199584285 ], [ 14.937721430100069, 48.728589438812847 ], [ 14.937755853690064, 48.728585820057411 ], [ 14.938043718124518, 48.728555799604734 ], [ 14.938081395149757, 48.728551866427253 ], [ 14.938142677728406, 48.728550579034696 ], [ 14.938397998652912, 48.728545199878859 ], [ 14.938432670912917, 48.728532132460792 ], [ 14.938523919145322, 48.728497692315592 ], [ 14.938728457664142, 48.728420594550144 ], [ 14.938889587603622, 48.728359831811765 ], [ 14.938898096690087, 48.72835800634293 ], [ 14.938927002082785, 48.728351854064719 ], [ 14.939063994776827, 48.728319306594308 ], [ 14.939106098685336, 48.72830910578201 ], [ 14.939378812464801, 48.728242498446072 ], [ 14.93944627070583, 48.728238697157948 ], [ 14.939595166983574, 48.72819114396858 ], [ 14.939676081390989, 48.728182840706779 ], [ 14.939683400944682, 48.728182110891325 ], [ 14.939881278149837, 48.728161682665544 ], [ 14.940012746909218, 48.728148189748772 ], [ 14.940330360954036, 48.72809131032016 ], [ 14.940399977587944, 48.728108707858794 ], [ 14.940412036215001, 48.728111691157928 ], [ 14.940427659473722, 48.728115615146393 ], [ 14.940499057083811, 48.728133438014027 ], [ 14.94056414937892, 48.728149638046055 ], [ 14.940681454337652, 48.72817888606636 ], [ 14.940713660758535, 48.728186990687945 ], [ 14.940799993885847, 48.728208476880013 ], [ 14.940893043017908, 48.728231670114852 ], [ 14.940934156906314, 48.728241991494357 ], [ 14.941208501690946, 48.728288428544857 ], [ 14.941346987585002, 48.72834275260356 ], [ 14.941402050208044, 48.728364306819373 ], [ 14.941580884497258, 48.728452260138759 ], [ 14.941605881417132, 48.72846460111429 ], [ 14.941827524784376, 48.728573556390543 ], [ 14.941910203850004, 48.728608584797605 ], [ 14.941918612741935, 48.728612247619111 ], [ 14.941995688517355, 48.728615959115132 ], [ 14.942107359324909, 48.728621535314325 ], [ 14.942291220787936, 48.728635477259068 ], [ 14.942343424590012, 48.728639529367001 ], [ 14.94241579698607, 48.728645014153201 ], [ 14.942674743376656, 48.728698945048485 ], [ 14.942912887889516, 48.728748572948767 ], [ 14.942968542418798, 48.72877596527632 ], [ 14.94312197841319, 48.728851671050869 ], [ 14.943184180243033, 48.728875375385073 ], [ 14.943267688161121, 48.728906433549646 ], [ 14.943327531702861, 48.728928640943629 ], [ 14.943348092707117, 48.728938253836283 ], [ 14.943520862629484, 48.729019091159429 ], [ 14.943664697340211, 48.729083413914708 ], [ 14.943830051273777, 48.729153198320596 ], [ 14.94401897737646, 48.729228865889787 ], [ 14.944136636272409, 48.729269259830119 ], [ 14.944229090757227, 48.729316745947457 ], [ 14.944241336542879, 48.729321345446131 ], [ 14.944281230954815, 48.729336090101818 ], [ 14.944373401571056, 48.729370176992106 ], [ 14.944377662848044, 48.729371647723873 ], [ 14.944387150900475, 48.729375025704329 ], [ 14.944507882303473, 48.729417985758197 ], [ 14.944514878798891, 48.729419958669453 ], [ 14.944519819657804, 48.729421420070544 ], [ 14.944531346450143, 48.729424770062622 ], [ 14.944777101697454, 48.729495788582945 ], [ 14.944839804173656, 48.729513728183981 ], [ 14.945021430241971, 48.72956898505403 ], [ 14.945179719828253, 48.729617185863049 ], [ 14.945315186478561, 48.7296486986722 ], [ 14.945331759165278, 48.729652519028441 ], [ 14.945452515357625, 48.729713558356814 ], [ 14.945555752510058, 48.729753609193438 ], [ 14.945575850090846, 48.729761429003489 ], [ 14.945599937191528, 48.729770723229898 ], [ 14.945685024915923, 48.729804366646938 ], [ 14.945779753826681, 48.729841925488323 ], [ 14.945924324038334, 48.729907854572836 ], [ 14.945933152464001, 48.72991187116142 ], [ 14.945938792743153, 48.72991395256912 ], [ 14.945956817842532, 48.729920721342395 ], [ 14.945988068665274, 48.729932975503765 ], [ 14.945998916087714, 48.729936334684901 ], [ 14.946016768601492, 48.729941936429313 ], [ 14.946077549016954, 48.729963589855622 ], [ 14.946124443909623, 48.729980396611552 ], [ 14.946204617207883, 48.730009069789261 ], [ 14.946239001796661, 48.73003018619378 ], [ 14.946273802629943, 48.730051566729585 ], [ 14.946366837166195, 48.730108758156625 ], [ 14.94646084308514, 48.730166565836932 ], [ 14.946467330388595, 48.730165307317726 ], [ 14.946508689410582, 48.730157362924338 ], [ 14.946613301689705, 48.73013721532628 ], [ 14.946671554248946, 48.730125980346379 ], [ 14.946827659770026, 48.730095859817162 ], [ 14.946869556699264, 48.730087727996661 ], [ 14.946958489927995, 48.730070584100751 ], [ 14.947061628615081, 48.730059811473851 ], [ 14.94709483210883, 48.73005629671102 ], [ 14.947213871208353, 48.730032262204226 ], [ 14.947336750093033, 48.730004936478942 ], [ 14.947376761335715, 48.729993052365053 ], [ 14.947449783915683, 48.729971539201465 ], [ 14.947530644371225, 48.72994847898542 ], [ 14.947686047961126, 48.72990037632011 ], [ 14.947710153739704, 48.729892938577947 ], [ 14.947880205123354, 48.729839327010474 ], [ 14.948071069640442, 48.729764379915174 ], [ 14.94814129389319, 48.729744703858458 ], [ 14.948249391004488, 48.729714342142501 ], [ 14.948421485355098, 48.729665199329112 ], [ 14.948532071504482, 48.729627516901161 ], [ 14.948606047313769, 48.729606079840437 ], [ 14.948641348976354, 48.729595789280296 ], [ 14.948771413980371, 48.729541916921846 ], [ 14.948812888727531, 48.729524704932075 ], [ 14.948947061032918, 48.729432815611005 ], [ 14.949118698572221, 48.729369195566683 ], [ 14.949220233669573, 48.729337753845527 ], [ 14.94924460796344, 48.729330222130763 ], [ 14.949425208941713, 48.729279251618266 ], [ 14.949537205397279, 48.729269164440247 ], [ 14.94951922035774, 48.729172892205824 ], [ 14.949503378386632, 48.729088554243873 ], [ 14.949514089064406, 48.72889734614769 ], [ 14.949519075468483, 48.728822436414866 ], [ 14.949523852248756, 48.728749508535493 ], [ 14.949528259048316, 48.72865184860283 ], [ 14.949530472423646, 48.728601174455427 ], [ 14.949538717514638, 48.72846127360058 ], [ 14.949540186100691, 48.728412858531442 ], [ 14.949540293899062, 48.728407639758437 ], [ 14.94953508617216, 48.728350141358916 ], [ 14.949529719921326, 48.728291925513524 ], [ 14.949520048150722, 48.728131402112083 ], [ 14.949513705955848, 48.728050801328138 ], [ 14.949508490149773, 48.727984397653529 ], [ 14.949505917516221, 48.727954478624611 ], [ 14.949496521485463, 48.727841626640355 ], [ 14.949486786662369, 48.727705031643218 ], [ 14.94947481915665, 48.727536354041014 ], [ 14.949451988568171, 48.727411363357227 ], [ 14.949430471583769, 48.72729355084514 ], [ 14.949399740502448, 48.727124861621739 ], [ 14.949367834882636, 48.726949082231606 ], [ 14.949337622211159, 48.726783894010076 ], [ 14.949295036339461, 48.726623013928382 ], [ 14.949254915894381, 48.726484318364356 ], [ 14.949215885938655, 48.726341379962484 ], [ 14.949179616336229, 48.72620838837112 ], [ 14.949145885693625, 48.726035062709599 ], [ 14.949135216549077, 48.725864388095239 ], [ 14.949127985084797, 48.725746828601764 ], [ 14.949116736291193, 48.725622577886526 ], [ 14.949116240334979, 48.725572210814647 ], [ 14.949115349189789, 48.725496302416701 ], [ 14.949114709660522, 48.725428396404993 ], [ 14.949113697764478, 48.725331350613736 ], [ 14.949112747663264, 48.725244918468768 ], [ 14.949109099302422, 48.725098614483471 ], [ 14.949106288792391, 48.724957336346876 ], [ 14.94910441104507, 48.724789509100816 ], [ 14.949124581724289, 48.724596461283078 ], [ 14.949138233039337, 48.724438225198448 ], [ 14.949145008491259, 48.724372645835196 ], [ 14.94915375821463, 48.724287699303538 ], [ 14.949168624631829, 48.724176761982633 ], [ 14.949185898397984, 48.724047261103834 ], [ 14.949188430401016, 48.724028336025555 ], [ 14.949186125245641, 48.723790710676127 ], [ 14.949185350334073, 48.723709853162113 ], [ 14.949175857884711, 48.723632803724968 ], [ 14.949171878609514, 48.723601374774454 ], [ 14.949148557963507, 48.723413153233679 ], [ 14.948941787826964, 48.722068854980016 ], [ 14.948927962194578, 48.721979361552236 ], [ 14.948924370660393, 48.721955933099707 ], [ 14.948843164331349, 48.721426954233586 ], [ 14.948840931010727, 48.721364557176848 ], [ 14.948839701521569, 48.721325444284261 ], [ 14.948809754835835, 48.721043132235039 ], [ 14.948811325644648, 48.72099795390772 ], [ 14.948819304006387, 48.720776018501823 ], [ 14.948715030137613, 48.720045050940328 ], [ 14.948605125929891, 48.719506841294624 ], [ 14.948438156340407, 48.719501672547551 ], [ 14.948330111213128, 48.719498391516865 ], [ 14.948287835149479, 48.71946389120393 ], [ 14.948193244982816, 48.71938693279273 ] ] ] } },
{ "type": "Feature", "properties": { "name": "Unserfrau-Altweitra", "feature_type": "circle", "metric_roundness": 23.66, "metric_rectangularity": 48.63, "metric_mobile_fit": 24.15, "metric_aspect_ratio": 1.321, "metric_area_km2": 92.38 }, "geometry": { "type": "Polygon", "coordinates": [ [ [ 14.987598730895421, 48.74116466270106 ], [ 14.987461462854519, 48.737707609086641 ], [ 14.98705003497396, 48.734259794229907 ], [ 14.986365574948978, 48.730830671267263 ], [ 14.98540995883692, 48.727429644012673 ], [ 14.984185805915123, 48.72406604112966 ], [ 14.982696471501662, 48.72074909048888 ], [ 14.980946037758633, 48.717487893782405 ], [ 14.978939302503266, 48.714291401465367 ], [ 14.976681766057396, 48.711168388094734 ], [ 14.974179616171513, 48.708127428134318 ], [ 14.97143971106453, 48.705176872293926 ], [ 14.96846956062589, 48.702324824469187 ], [ 14.965277305831501, 48.699579119347113 ], [ 14.961871696429858, 48.696947300740923 ], [ 14.958262066959609, 48.694436600715456 ], [ 14.954458311164236, 48.692053919562539 ], [ 14.950470854873972, 48.689805806683644 ], [ 14.94631062742935, 48.687698442434062 ], [ 14.941989031724614, 48.685737620981087 ], [ 14.937517912953206, 48.683928734224949 ], [ 14.932909526140897, 48.682276756829118 ], [ 14.928176502555605, 48.680786232402696 ], [ 14.923331815086, 48.679461260875307 ], [ 14.918388742683678, 48.678305487100403 ], [ 14.913360833966507, 48.677322090720303 ], [ 14.908261870082798, 48.676513777322363 ], [ 14.903105826938129, 48.675882770911635 ], [ 14.897906836888366, 48.675430807722179 ], [ 14.892679150003863, 48.675159131384881 ], [ 14.887437095010995, 48.675068489465744 ], [ 14.882195040018123, 48.675159131384881 ], [ 14.876967353133619, 48.675430807722179 ], [ 14.871768363083859, 48.675882770911635 ], [ 14.866612319939192, 48.676513777322363 ], [ 14.861513356055481, 48.677322090720303 ], [ 14.85648544733831, 48.678305487100403 ], [ 14.851542374935988, 48.679461260875307 ], [ 14.846697687466381, 48.680786232402696 ], [ 14.841964663881091, 48.682276756829118 ], [ 14.837356277068778, 48.683928734224949 ], [ 14.832885158297376, 48.685737620981087 ], [ 14.82856356259264, 48.687698442434062 ], [ 14.824403335148013, 48.689805806683644 ], [ 14.820415878857753, 48.692053919562539 ], [ 14.816612123062379, 48.694436600715456 ], [ 14.81300249359213, 48.696947300740923 ], [ 14.809596884190487, 48.699579119347113 ], [ 14.806404629396095, 48.702324824469187 ], [ 14.803434478957458, 48.705176872293926 ], [ 14.800694573850473, 48.708127428134318 ], [ 14.79819242396459, 48.711168388094734 ], [ 14.795934887518722, 48.714291401465367 ], [ 14.793928152263353, 48.717487893782405 ], [ 14.792177718520326, 48.72074909048888 ], [ 14.790688384106865, 48.72406604112966 ], [ 14.789464231185068, 48.727429644012673 ], [ 14.788508615073008, 48.730830671267263 ], [ 14.787824155048025, 48.734259794229907 ], [ 14.787412727167471, 48.737707609086641 ], [ 14.787275459126567, 48.74116466270106 ], [ 14.787412727167471, 48.744621478556631 ], [ 14.787824155048025, 48.748068582741737 ], [ 14.788508615073008, 48.751496529906284 ], [ 14.789464231185068, 48.754895929118582 ], [ 14.790688384106865, 48.758257469552312 ], [ 14.792177718520326, 48.761571945933468 ], [ 14.793928152263353, 48.764830283678506 ], [ 14.795934887518722, 48.768023563655717 ], [ 14.79819242396459, 48.771143046503234 ], [ 14.800694573850473, 48.774180196438401 ], [ 14.803434478957458, 48.777126704494883 ], [ 14.806404629396095, 48.779974511125445 ], [ 14.809596884190487, 48.782715828110511 ], [ 14.81300249359213, 48.785343159714223 ], [ 14.816612123062379, 48.787849323032297 ], [ 14.820415878857753, 48.790227467477997 ], [ 14.824403335148013, 48.79247109335499 ], [ 14.82856356259264, 48.794574069468496 ], [ 14.832885158297376, 48.796530649728545 ], [ 14.837356277068778, 48.798335488702271 ], [ 14.841964663881091, 48.799983656074573 ], [ 14.846697687466381, 48.801470649979677 ], [ 14.851542374935988, 48.802792409169093 ], [ 14.85648544733831, 48.803945323984401 ], [ 14.861513356055481, 48.804926246106554 ], [ 14.866612319939192, 48.805732497056724 ], [ 14.871768363083859, 48.806361875426404 ], [ 14.876967353133619, 48.806812662818679 ], [ 14.882195040018123, 48.807083628484939 ], [ 14.887437095010995, 48.80717403264542 ], [ 14.892679150003863, 48.807083628484939 ], [ 14.897906836888366, 48.806812662818679 ], [ 14.903105826938129, 48.806361875426404 ], [ 14.908261870082798, 48.805732497056724 ], [ 14.913360833966507, 48.804926246106554 ], [ 14.918388742683678, 48.803945323984401 ], [ 14.923331815086, 48.802792409169093 ], [ 14.928176502555605, 48.801470649979677 ], [ 14.932909526140897, 48.799983656074573 ], [ 14.937517912953206, 48.798335488702271 ], [ 14.941989031724614, 48.796530649728545 ], [ 14.94631062742935, 48.794574069468496 ], [ 14.950470854873972, 48.79247109335499 ], [ 14.954458311164236, 48.790227467477997 ], [ 14.958262066959609, 48.787849323032297 ], [ 14.961871696429858, 48.785343159714223 ], [ 14.965277305831501, 48.782715828110511 ], [ 14.96846956062589, 48.779974511125445 ], [ 14.97143971106453, 48.777126704494883 ], [ 14.974179616171513, 48.774180196438401 ], [ 14.976681766057396, 48.771143046503234 ], [ 14.978939302503266, 48.768023563655717 ], [ 14.980946037758633, 48.764830283678506 ], [ 14.982696471501662, 48.761571945933468 ], [ 14.984185805915123, 48.758257469552312 ], [ 14.98540995883692, 48.754895929118582 ], [ 14.986365574948978, 48.751496529906284 ], [ 14.98705003497396, 48.748068582741737 ], [ 14.987461462854519, 48.744621478556631 ], [ 14.987598730895421, 48.74116466270106 ] ] ] } },
{ "type": "Feature", "properties": { "name": "Unserfrau-Altweitra", "feature_type": "mrr", "metric_roundness": 23.66, "metric_rectangularity": 48.63, "metric_mobile_fit": 24.15, "metric_aspect_ratio": 1.321, "metric_area_km2": 92.38 }, "geometry": { "type": "Polygon", "coordinates": [ [ [ 14.812915497234979, 48.788054077906679 ], [ 14.987736922501172, 48.7256444606112 ], [ 14.951019163960963, 48.680894768660764 ], [ 14.776197738694769, 48.743359927442896 ], [ 14.812915497234979, 48.788054077906679 ] ] ] } }
]
}
