{
"type": "FeatureCollection",
"name": "aigen_schlagl",
"crs": { "type": "name", "properties": { "name": "urn:ogc:def:crs:OGC:1.3:CRS84" } },
"features": [
{ "type": "Feature", "properties": { "name": "Aigen-Schlägl", "metric_roundness": 48.13, "metric_rectangularity": 53.85, "metric_mobile_fit": 62.3, "metric_aspect_ratio": 0.94, "metric_area_km2": 105.07 }, "geometry": { "type": "Polygon", "coordinates": [ [ [ 14.0218992084197, 48.684017155081783 ], [ 14.022782662698068, 48.683836313058919 ], [ 14.023073082394038, 48.683776864257482 ], [ 14.02376459830958, 48.683585541235956 ], [ 14.023899582780579, 48.683583397403872 ], [ 14.02418883293665, 48.683578635937835 ], [ 14.024236363009019, 48.683577906246327 ], [ 14.024541027571283, 48.683476997679946 ], [ 14.024736969350224, 48.683412075562018 ], [ 14.024995111919024, 48.683285987158854 ], [ 14.025103810699788, 48.683228144492489 ], [ 14.025131592901305, 48.683213410407461 ], [ 14.025676570746011, 48.682923736925773 ], [ 14.025707858397912, 48.682907093274636 ], [ 14.025802935094577, 48.682856525525885 ], [ 14.026147099676304, 48.682673624383888 ], [ 14.026151011656076, 48.682671622602875 ], [ 14.026409348371397, 48.682540313352419 ], [ 14.026525363424298, 48.682481346814797 ], [ 14.026502516314601, 48.682469160129379 ], [ 14.026892763626035, 48.681836286200507 ], [ 14.026933278124748, 48.681798901521709 ], [ 14.0269970006389, 48.681740063862811 ], [ 14.027096040301913, 48.681681466945314 ], [ 14.027176542902941, 48.681658325898233 ], [ 14.027391158517572, 48.681609118121358 ], [ 14.02776311251127, 48.681523811985578 ], [ 14.028054635393028, 48.681477025631679 ], [ 14.028221625971538, 48.681441589387845 ], [ 14.02826563444868, 48.681421631827611 ], [ 14.028377278545728, 48.681371233566466 ], [ 14.028488475038666, 48.681287740046422 ], [ 14.028496408885903, 48.681281846938099 ], [ 14.02885135190143, 48.680933294711487 ], [ 14.029004437996052, 48.680793879547885 ], [ 14.029145543978288, 48.680702653001042 ], [ 14.029178048278911, 48.680695804600894 ], [ 14.029473426422825, 48.68063325233873 ], [ 14.030235467569959, 48.680489409688498 ], [ 14.030510802772442, 48.680441364257767 ], [ 14.030707411732882, 48.680407007500293 ], [ 14.030678258804125, 48.680390542004069 ], [ 14.030656085805882, 48.680377992345896 ], [ 14.030594220957351, 48.68034301386686 ], [ 14.030591607666503, 48.680340601031268 ], [ 14.030562452837753, 48.680313972325486 ], [ 14.030492049366199, 48.680150070947278 ], [ 14.030479112144381, 48.680047346708491 ], [ 14.030509945516869, 48.679736961136832 ], [ 14.030500558584054, 48.679615598236218 ], [ 14.030464893005407, 48.679509411492376 ], [ 14.030487755326362, 48.679502709977086 ], [ 14.031047919744482, 48.679166241516938 ], [ 14.031514711006055, 48.678765299728447 ], [ 14.031638780189548, 48.678620387429241 ], [ 14.031710263019583, 48.678483612934244 ], [ 14.031738796495357, 48.678484522281259 ], [ 14.031741821997191, 48.678437285839479 ], [ 14.031742724004996, 48.678423699549391 ], [ 14.031722074242401, 48.678383259655654 ], [ 14.031697379960262, 48.6783350190763 ], [ 14.031612077458401, 48.678224181498983 ], [ 14.031528238632282, 48.678111086644037 ], [ 14.031473402760989, 48.67801346859914 ], [ 14.031447235815323, 48.677966765705278 ], [ 14.031400570045152, 48.677840677980321 ], [ 14.031375921195423, 48.677685678409766 ], [ 14.031407683568538, 48.677704376712093 ], [ 14.031837411814667, 48.677935571559047 ], [ 14.031946040778928, 48.677973958364788 ], [ 14.032147086744262, 48.678007027565172 ], [ 14.032154574220179, 48.678008332044044 ], [ 14.032159883965896, 48.678009289740601 ], [ 14.032615551428451, 48.678090127560608 ], [ 14.03280993175793, 48.678102369323987 ], [ 14.03306476396653, 48.678075755796193 ], [ 14.033178100433416, 48.678040812368408 ], [ 14.0332193721156, 48.67801969999968 ], [ 14.033252822291756, 48.678002681594698 ], [ 14.033296794051179, 48.677980383863655 ], [ 14.033492373163005, 48.67788118180821 ], [ 14.033635781633185, 48.677790655396443 ], [ 14.033784346682209, 48.677869364906165 ], [ 14.034027167482114, 48.677997967352937 ], [ 14.034043583876842, 48.678006683370882 ], [ 14.034128263342618, 48.678051507061959 ], [ 14.03423387400159, 48.678107448076247 ], [ 14.034308977718057, 48.678147202295655 ], [ 14.034396044694651, 48.678108097598503 ], [ 14.034573824075974, 48.678028337228106 ], [ 14.034583918529325, 48.678021621311558 ], [ 14.034625240802495, 48.677994302288546 ], [ 14.034660773808158, 48.677970705409912 ], [ 14.034924573901362, 48.677795183638679 ], [ 14.035382275947342, 48.677746305197182 ], [ 14.035525138316212, 48.677745359886543 ], [ 14.035571445534352, 48.677744992650538 ], [ 14.035837613552729, 48.677743128613642 ], [ 14.036033261191132, 48.677659301594325 ], [ 14.036048648643487, 48.677602637165599 ], [ 14.036087312839888, 48.677460390294932 ], [ 14.03607136493825, 48.677008897340521 ], [ 14.03608933980941, 48.676813619878942 ], [ 14.036335485405615, 48.676867457580599 ], [ 14.036640836899448, 48.676960423339551 ], [ 14.03686300027084, 48.676988501057586 ], [ 14.036902517872504, 48.677018034098381 ], [ 14.037376724012399, 48.677371799985508 ], [ 14.037395987299528, 48.677390032083501 ], [ 14.037449646571257, 48.677440615921554 ], [ 14.037561816440267, 48.67752907285378 ], [ 14.037638299926311, 48.67756036232273 ], [ 14.037755483922746, 48.6776083159724 ], [ 14.037782152511468, 48.677661490164851 ], [ 14.037788992807048, 48.677675030006569 ], [ 14.037796699948757, 48.67768244872348 ], [ 14.037838255361446, 48.677721862597551 ], [ 14.037908452988511, 48.677750311574812 ], [ 14.037988482651821, 48.677782658787947 ], [ 14.038002958988605, 48.677788507835864 ], [ 14.038135385400357, 48.677799044431659 ], [ 14.038257581522206, 48.677845978116295 ], [ 14.038420515529291, 48.677852823339947 ], [ 14.03845081913375, 48.67785408017032 ], [ 14.038531955750171, 48.677868072607673 ], [ 14.038684020511425, 48.677894409858716 ], [ 14.038827713988294, 48.677904518144558 ], [ 14.038954306444301, 48.677895661885486 ], [ 14.03904494212248, 48.677889270380732 ], [ 14.039350662564853, 48.677929162307741 ], [ 14.039515079578063, 48.677905507438417 ], [ 14.039657199138672, 48.677909778090012 ], [ 14.039777579240774, 48.677913370075004 ], [ 14.039812274392972, 48.67792782127308 ], [ 14.039893825302537, 48.677962046766936 ], [ 14.039979336835771, 48.677997867257069 ], [ 14.040214383890948, 48.678073529194947 ], [ 14.040309545629437, 48.678129617704641 ], [ 14.040414159982193, 48.678152101537222 ], [ 14.04041771558728, 48.678153878897454 ], [ 14.040478432517299, 48.678184092366727 ], [ 14.040563887456479, 48.678195988743759 ], [ 14.040567833164175, 48.678196504587355 ], [ 14.040753832966798, 48.678162104905958 ], [ 14.041020205512883, 48.678125601004261 ], [ 14.041190413628444, 48.678098401182019 ], [ 14.041470579194844, 48.677998405310973 ], [ 14.041547242331486, 48.677973478671383 ], [ 14.041589994443186, 48.677951634876045 ], [ 14.041729713224015, 48.677880188052264 ], [ 14.041771655323599, 48.677858708841825 ], [ 14.041878782620101, 48.677817138918883 ], [ 14.042246230095913, 48.67767461178105 ], [ 14.042576088376991, 48.677554166241606 ], [ 14.042608135605713, 48.677543989070983 ], [ 14.042671960903569, 48.677523816211199 ], [ 14.042787913658211, 48.677442798329686 ], [ 14.042851602722447, 48.677383232465019 ], [ 14.042944640171003, 48.677334461654631 ], [ 14.043036806981725, 48.677301345602132 ], [ 14.043178410768837, 48.677278183394279 ], [ 14.043271233021803, 48.677263051194018 ], [ 14.043558094275022, 48.677186304175649 ], [ 14.043594357098769, 48.677176550899368 ], [ 14.043718446529967, 48.677104656671432 ], [ 14.043842219038952, 48.677068830186933 ], [ 14.04407666487687, 48.677022259550078 ], [ 14.044125588262624, 48.677004874407125 ], [ 14.044144252498914, 48.677009078397177 ], [ 14.044193708187356, 48.677020380876151 ], [ 14.04429145175019, 48.677017449876644 ], [ 14.044303261362817, 48.677017018516644 ], [ 14.044346114153678, 48.677022245040312 ], [ 14.044404630740223, 48.677001293951804 ], [ 14.044415441254934, 48.676997360976536 ], [ 14.044498998663181, 48.677019429221502 ], [ 14.044507200374639, 48.677013443437652 ], [ 14.044558156100488, 48.676976079094864 ], [ 14.044601467505112, 48.676975186819782 ], [ 14.044715501108822, 48.676893189283518 ], [ 14.044742380060578, 48.676862896299291 ], [ 14.044873454564346, 48.676756151639175 ], [ 14.044934541025633, 48.67672466169801 ], [ 14.044958242429844, 48.676641413236432 ], [ 14.044978569011537, 48.67661853504206 ], [ 14.044993144586835, 48.676602077491594 ], [ 14.044976422214335, 48.676551722588968 ], [ 14.045010542611569, 48.676465712675437 ], [ 14.045058770825866, 48.676388341311124 ], [ 14.045127540354924, 48.676323256972211 ], [ 14.045176210506584, 48.676248401192105 ], [ 14.045314521223663, 48.676242704740098 ], [ 14.045460511171967, 48.6762619648391 ], [ 14.045513484776137, 48.676262542527553 ], [ 14.045604625043044, 48.676263428011737 ], [ 14.045615958573739, 48.676258052704291 ], [ 14.045671276933716, 48.676231813927359 ], [ 14.04574866294907, 48.676239798179168 ], [ 14.045845769568906, 48.676249821119285 ], [ 14.045880800413229, 48.676249248501549 ], [ 14.045967836821822, 48.676248000077628 ], [ 14.04603159821769, 48.676243025625617 ], [ 14.046110146599139, 48.676236881977452 ], [ 14.046132145770191, 48.676226944783714 ], [ 14.046212314724261, 48.676190751218066 ], [ 14.046307178373386, 48.676156536874963 ], [ 14.046473622713403, 48.676074039012853 ], [ 14.046594611727478, 48.676063049980883 ], [ 14.04663178260385, 48.676050322204276 ], [ 14.046749242751728, 48.676010123936017 ], [ 14.046800366777008, 48.675985079357545 ], [ 14.046919611542029, 48.675926702150321 ], [ 14.047026989847991, 48.675835299069888 ], [ 14.047195096221428, 48.675882483727378 ], [ 14.047205575043995, 48.675884038857731 ], [ 14.047277836699815, 48.675894661560555 ], [ 14.047339308374507, 48.675871532425631 ], [ 14.047508824920429, 48.675902878583784 ], [ 14.047558443222325, 48.675906353866452 ], [ 14.047633617570488, 48.675911562201534 ], [ 14.047856894775689, 48.675873056634934 ], [ 14.047907350388023, 48.675848825102378 ], [ 14.047911532595718, 48.675846820933671 ], [ 14.047935500317491, 48.675822211156152 ], [ 14.048127563066458, 48.675853688844313 ], [ 14.048165628191207, 48.67584671129584 ], [ 14.048253354573143, 48.675777911909641 ], [ 14.048274834173432, 48.675779489815717 ], [ 14.048303520991745, 48.675781743295936 ], [ 14.048444320732941, 48.675828193258425 ], [ 14.048534529193068, 48.675820717710415 ], [ 14.048598014465979, 48.675815473721485 ], [ 14.048689499687928, 48.675782627141103 ], [ 14.048810536336763, 48.675775143191103 ], [ 14.049083162477201, 48.675798932523115 ], [ 14.04917299605235, 48.67585234826236 ], [ 14.049239093388017, 48.67585913996286 ], [ 14.04924806848889, 48.675859984570238 ], [ 14.049254767726076, 48.675902215546074 ], [ 14.049288359851142, 48.675964159103962 ], [ 14.04929330237629, 48.675967996353982 ], [ 14.049329543409849, 48.675995836406102 ], [ 14.049331868330867, 48.676016508446487 ], [ 14.049336036917008, 48.676052548995855 ], [ 14.049460598735756, 48.676151891757762 ], [ 14.049550612773105, 48.67618893699467 ], [ 14.049608067141108, 48.676199199003229 ], [ 14.049649999268425, 48.676206587778424 ], [ 14.049765051679802, 48.676247167446213 ], [ 14.049955777232928, 48.676348174055619 ], [ 14.050015024804527, 48.676360403590337 ], [ 14.050070321727889, 48.676371757840663 ], [ 14.050075482053352, 48.676371726299983 ], [ 14.050275765350127, 48.676369152861177 ], [ 14.05032061795783, 48.676361953237695 ], [ 14.050382137343469, 48.676352043419975 ], [ 14.050409993859557, 48.676343418705741 ], [ 14.050445018815417, 48.676332681524165 ], [ 14.050488788386266, 48.676335471816095 ], [ 14.050512441054869, 48.676337036024051 ], [ 14.050549016755486, 48.676349853647345 ], [ 14.050596238651167, 48.676366473567661 ], [ 14.050749273608918, 48.676384334904981 ], [ 14.050775329272769, 48.676382916333665 ], [ 14.050830833038061, 48.676379878536444 ], [ 14.050950940434594, 48.676412781203027 ], [ 14.050985932430374, 48.67640941915441 ], [ 14.05099312094635, 48.676408745579906 ], [ 14.051079231269021, 48.676438438446432 ], [ 14.05108987624291, 48.676442150777561 ], [ 14.051130543681783, 48.676456202337555 ], [ 14.051225076242112, 48.676427652262667 ], [ 14.051254763314169, 48.676423693029193 ], [ 14.05136890446563, 48.676408603751518 ], [ 14.051442321376888, 48.676385129501732 ], [ 14.0514845319665, 48.676383252081223 ], [ 14.051653103954177, 48.676375833843458 ], [ 14.051687023446549, 48.676363753959016 ], [ 14.051696482827873, 48.676360368225282 ], [ 14.05177229830282, 48.676362781841355 ], [ 14.051836806221431, 48.676352942889721 ], [ 14.051841549098706, 48.676352194307761 ], [ 14.051929720926523, 48.676354442171139 ], [ 14.051941155686514, 48.676346637244173 ], [ 14.051964560847903, 48.676330484463193 ], [ 14.052090836553152, 48.676328541320494 ], [ 14.052096947458283, 48.676328503864447 ], [ 14.052127226617296, 48.676328048446749 ], [ 14.052160419167867, 48.67632226869226 ], [ 14.052192122962662, 48.67631685781538 ], [ 14.052277822703195, 48.676326855426225 ], [ 14.052302989314553, 48.676329849034396 ], [ 14.052340245746086, 48.676303897713495 ], [ 14.052416516339898, 48.676300012310257 ], [ 14.052507173943479, 48.676295498982952 ], [ 14.052610961233057, 48.676307274163833 ], [ 14.052658008767791, 48.676282252025658 ], [ 14.052689066202181, 48.676279183423482 ], [ 14.052877034012024, 48.676260311976264 ], [ 14.052934762930814, 48.676241609936326 ], [ 14.052968562595218, 48.676230699635902 ], [ 14.052974963959258, 48.676232009454303 ], [ 14.053064710077848, 48.676249716514548 ], [ 14.053144644132818, 48.676216487650983 ], [ 14.053158262336355, 48.676180338041355 ], [ 14.053213144198367, 48.676152299559106 ], [ 14.053317208946783, 48.676077190184785 ], [ 14.053468470912744, 48.67602661437359 ], [ 14.053529036406839, 48.676026242417208 ], [ 14.053560269733056, 48.676026050588924 ], [ 14.05358598967349, 48.675981282275998 ], [ 14.053518829571818, 48.675937444183269 ], [ 14.053580190403379, 48.675916291127606 ], [ 14.053600642364646, 48.675892960934334 ], [ 14.053612270273037, 48.675879578361126 ], [ 14.053680469469198, 48.675842463830335 ], [ 14.053716321788523, 48.675822996380035 ], [ 14.053812381589058, 48.675826093768123 ], [ 14.05380688075704, 48.675695174610446 ], [ 14.053878129100033, 48.675672161839401 ], [ 14.053905175900894, 48.6756542774189 ], [ 14.053940968780879, 48.675630583071381 ], [ 14.053985720980267, 48.67562599092043 ], [ 14.054048103966325, 48.675619671468617 ], [ 14.054045871065131, 48.67558631736825 ], [ 14.054100859556652, 48.675546585569847 ], [ 14.054140296397959, 48.675530963381988 ], [ 14.054785611281471, 48.675276241507092 ], [ 14.056153745260458, 48.674649296843462 ], [ 14.056168901035258, 48.674645425926997 ], [ 14.056205167261995, 48.674636208335151 ], [ 14.056215452164766, 48.67463362660375 ], [ 14.056222625195845, 48.674631873518202 ], [ 14.056289789192281, 48.674569670462404 ], [ 14.056343102069782, 48.674555850712011 ], [ 14.056360151321085, 48.674551428453718 ], [ 14.056402527628858, 48.674551796737475 ], [ 14.056500578837218, 48.674532484497796 ], [ 14.056510355450866, 48.674542047815983 ], [ 14.056638188152425, 48.674554570536039 ], [ 14.056685041945462, 48.67452568049962 ], [ 14.056671764232245, 48.674508583806954 ], [ 14.056617539301158, 48.674438225205201 ], [ 14.056724318319256, 48.674324961252282 ], [ 14.056781881405591, 48.674246447988637 ], [ 14.056837518747042, 48.67420482210747 ], [ 14.056946008226641, 48.674164938687106 ], [ 14.056982032759732, 48.674157880909156 ], [ 14.057008172300794, 48.67415286281328 ], [ 14.057115668715085, 48.674090680159921 ], [ 14.057207957818207, 48.674019057608319 ], [ 14.057217604092955, 48.674019357820377 ], [ 14.057297361933085, 48.674022283154066 ], [ 14.057222222987125, 48.674000172014473 ], [ 14.057048580853165, 48.673878295401657 ], [ 14.057004263692166, 48.67362412767271 ], [ 14.056898434945351, 48.673380053040084 ], [ 14.056898562710231, 48.673360175431178 ], [ 14.056899344479611, 48.673241988964008 ], [ 14.05694571197459, 48.67321723905296 ], [ 14.056984396361079, 48.67319658385594 ], [ 14.056995885725417, 48.673183111833644 ], [ 14.057006163101359, 48.673170366812997 ], [ 14.056907979692255, 48.673141472281593 ], [ 14.05681704385654, 48.673087169764571 ], [ 14.056835089536888, 48.673008810290852 ], [ 14.05692813611857, 48.67290426505339 ], [ 14.056815681157063, 48.672826171180304 ], [ 14.056667614236213, 48.672832660972404 ], [ 14.056649462027782, 48.672826207299963 ], [ 14.056558479274434, 48.672787824316785 ], [ 14.056509211594078, 48.672799460671961 ], [ 14.056446751408707, 48.672800025756132 ], [ 14.056422197455548, 48.672782548859885 ], [ 14.056394366673031, 48.672696197826632 ], [ 14.056473803286115, 48.672686084333243 ], [ 14.056580875217755, 48.672613201817008 ], [ 14.056539874408926, 48.672546359169075 ], [ 14.056525147361279, 48.672542042921187 ], [ 14.056500613530593, 48.672554965770608 ], [ 14.056483087551934, 48.672564067898989 ], [ 14.056382229813181, 48.672499393141443 ], [ 14.05632920799194, 48.672427497940923 ], [ 14.056264895406674, 48.672383194091537 ], [ 14.056227654981697, 48.672322983735668 ], [ 14.056139492958501, 48.672311295335646 ], [ 14.055894044576441, 48.672307051924548 ], [ 14.055815671912237, 48.672257527986503 ], [ 14.055823931508664, 48.672226807415171 ], [ 14.055951127930905, 48.672068807761462 ], [ 14.055964198065707, 48.672042194789285 ], [ 14.055983342520927, 48.672003312481849 ], [ 14.056117525334884, 48.671994660611084 ], [ 14.05614013917741, 48.67199973775692 ], [ 14.056205528992168, 48.672014444640567 ], [ 14.056287077148035, 48.671942079472252 ], [ 14.05626152633638, 48.671853645685566 ], [ 14.056193381470916, 48.671797493278945 ], [ 14.056192077791692, 48.671782031561591 ], [ 14.056303829948881, 48.671704083736351 ], [ 14.056337206143677, 48.671711612817205 ], [ 14.0564526698842, 48.671607918992031 ], [ 14.056451466515211, 48.671589938324473 ], [ 14.056449262575635, 48.671558742581787 ], [ 14.056363382862992, 48.671535437960209 ], [ 14.056213162393512, 48.671494721751387 ], [ 14.056259002812981, 48.671432560103604 ], [ 14.056295647153416, 48.671382776978824 ], [ 14.056354478908867, 48.671356061665954 ], [ 14.056374690442894, 48.6712385647361 ], [ 14.056464196605033, 48.671210760802587 ], [ 14.056397479762909, 48.671111248387561 ], [ 14.056403880848972, 48.671035299157985 ], [ 14.056408751882223, 48.670976088288626 ], [ 14.056529168564168, 48.670886754269162 ], [ 14.056587263334755, 48.670865619683717 ], [ 14.05665170825775, 48.670842197383578 ], [ 14.056600540354724, 48.670747535870866 ], [ 14.056645186681886, 48.67068745003747 ], [ 14.056644009861005, 48.670565138226763 ], [ 14.056592364249489, 48.670513741025147 ], [ 14.056575455782529, 48.670470134240468 ], [ 14.056675873778278, 48.670416899595402 ], [ 14.056693805884402, 48.670417418551459 ], [ 14.056806965600021, 48.670420497880009 ], [ 14.056872510879444, 48.67037881073658 ], [ 14.056903602017544, 48.670359101783639 ], [ 14.056937702171162, 48.670273357916955 ], [ 14.056992929878843, 48.670241537890945 ], [ 14.056997247058774, 48.67023953255439 ], [ 14.057063758490502, 48.670208632196832 ], [ 14.057048118964341, 48.670158721802423 ], [ 14.056966816537194, 48.670122797692358 ], [ 14.056962259378947, 48.670098092174278 ], [ 14.056985528401444, 48.670014663638781 ], [ 14.056917163696175, 48.669855890819605 ], [ 14.056845000886831, 48.669822878256831 ], [ 14.056744959329896, 48.669777266104219 ], [ 14.056638460264828, 48.669755258122557 ], [ 14.056605502752696, 48.669748446068709 ], [ 14.056557904894685, 48.669617876191936 ], [ 14.056596770074714, 48.669533002404485 ], [ 14.056563261866017, 48.66947735601952 ], [ 14.056508942783864, 48.669419229708339 ], [ 14.056511205229697, 48.669396640675892 ], [ 14.056482920745291, 48.669306874575831 ], [ 14.056464104543918, 48.669282077092525 ], [ 14.0563962371942, 48.669245440135839 ], [ 14.056325439077842, 48.669270790254757 ], [ 14.056096522090041, 48.66924369045104 ], [ 14.056079073429052, 48.669229227640081 ], [ 14.056045224128678, 48.669033275932996 ], [ 14.056002595777432, 48.668995313945317 ], [ 14.056060843337454, 48.66886921800274 ], [ 14.056067697831072, 48.668854515437602 ], [ 14.056085881730739, 48.66881500937675 ], [ 14.05615477323736, 48.668769974161123 ], [ 14.05616338466721, 48.668764344756234 ], [ 14.056215953649769, 48.668649706179529 ], [ 14.056132767735804, 48.668518186250751 ], [ 14.055897041163178, 48.668431407496875 ], [ 14.055857201047854, 48.668437229332064 ], [ 14.055797036053139, 48.668446144434952 ], [ 14.055752213828454, 48.668358278839307 ], [ 14.055813378994774, 48.668304567179547 ], [ 14.055813710535054, 48.668299168700855 ], [ 14.055815107432624, 48.668282611023471 ], [ 14.055805428709556, 48.668231584405085 ], [ 14.055802639275331, 48.668216671454203 ], [ 14.055891099647852, 48.668153437729671 ], [ 14.055962161085805, 48.668137260168386 ], [ 14.056109343352871, 48.668078431187503 ], [ 14.056158109947607, 48.668031451372876 ], [ 14.056075591797063, 48.667957039541569 ], [ 14.056095731134816, 48.667911765204877 ], [ 14.056221401581153, 48.66787789229101 ], [ 14.056230887267056, 48.66784752381654 ], [ 14.056234524674432, 48.667835809108595 ], [ 14.056222079919156, 48.667819876408039 ], [ 14.056163039747574, 48.667744510407054 ], [ 14.056243091251432, 48.667585451521695 ], [ 14.056241085830697, 48.667481402570509 ], [ 14.056222436340127, 48.667439425339047 ], [ 14.056217382898954, 48.667427674272822 ], [ 14.056278781697886, 48.667342391727097 ], [ 14.05647944032655, 48.667272439606421 ], [ 14.056487871937707, 48.667254039708006 ], [ 14.056502365809841, 48.667222561021646 ], [ 14.056460694591399, 48.667175329379894 ], [ 14.056513919530092, 48.667117169247895 ], [ 14.056523146293019, 48.667107038981243 ], [ 14.0564870800657, 48.667081808235132 ], [ 14.056415630376145, 48.667031612320415 ], [ 14.056482796801747, 48.666922010093579 ], [ 14.056509785772992, 48.666910061396294 ], [ 14.056698364759708, 48.666898554878415 ], [ 14.056744111830209, 48.666888019383073 ], [ 14.056968932375792, 48.666682556581556 ], [ 14.057029922228585, 48.666491146103247 ], [ 14.057054921471332, 48.666472913708859 ], [ 14.057071493223768, 48.666473351056432 ], [ 14.05714688454043, 48.666475583860809 ], [ 14.057163667994862, 48.66648141633015 ], [ 14.057205451548072, 48.666478729960311 ], [ 14.057238417522695, 48.666476637663699 ], [ 14.057262349147656, 48.666469384581625 ], [ 14.057277628076772, 48.666464793203652 ], [ 14.057431504649429, 48.666303208851176 ], [ 14.05746065461952, 48.666232605238193 ], [ 14.057439335980387, 48.666078218759644 ], [ 14.057458791353683, 48.666013431219589 ], [ 14.05750531629551, 48.665971411358896 ], [ 14.057500361100391, 48.665937714193959 ], [ 14.057302452848147, 48.66592283706607 ], [ 14.057224076401758, 48.665824206338868 ], [ 14.057212515304599, 48.665764916839514 ], [ 14.057280773176265, 48.665733106058539 ], [ 14.057286304301423, 48.665730553563726 ], [ 14.057282182876373, 48.665698200348857 ], [ 14.057100109524255, 48.665563783805155 ], [ 14.057110440139297, 48.665545282178165 ], [ 14.057150320946937, 48.6654749721299 ], [ 14.057149728775968, 48.665365338015313 ], [ 14.05716057133961, 48.665296376459175 ], [ 14.057135623388914, 48.665250660698902 ], [ 14.057074792501577, 48.665192664685591 ], [ 14.057071996804728, 48.665138717489008 ], [ 14.057076108194346, 48.665131766670051 ], [ 14.0571129786789, 48.665069479928725 ], [ 14.057278361482012, 48.665011796130386 ], [ 14.057285091080278, 48.664988280034592 ], [ 14.057318223754596, 48.664872681424114 ], [ 14.057271189620051, 48.664666198014032 ], [ 14.057209392808213, 48.664597415126053 ], [ 14.057108420976874, 48.66458148942138 ], [ 14.057095897910097, 48.664569604608118 ], [ 14.056953586690843, 48.664443036977964 ], [ 14.056897734777751, 48.664381772254899 ], [ 14.056884909917208, 48.664367730702011 ], [ 14.056874566803184, 48.664356372055167 ], [ 14.056831953525112, 48.664309596003761 ], [ 14.056785258536877, 48.664233254601058 ], [ 14.056780548904531, 48.664226628044247 ], [ 14.056714031912804, 48.664131071654573 ], [ 14.05652070222235, 48.663919824205124 ], [ 14.056473750974718, 48.663883148147391 ], [ 14.056455082140369, 48.663868692888101 ], [ 14.056447621888774, 48.66385956494041 ], [ 14.056411163069416, 48.663815898696228 ], [ 14.056343757025953, 48.663782586612669 ], [ 14.056319464078777, 48.663735067795294 ], [ 14.056276384061267, 48.663703314528185 ], [ 14.056268547634689, 48.663706061076503 ], [ 14.056261387502264, 48.663708623572305 ], [ 14.05625982025551, 48.663713040336773 ], [ 14.056247657970472, 48.663746123614303 ], [ 14.056197397426395, 48.663763792104369 ], [ 14.05617387909636, 48.663752064926108 ], [ 14.056164033276803, 48.663747088946437 ], [ 14.056154558107286, 48.663739502397 ], [ 14.056031787187427, 48.663640784738014 ], [ 14.055943358963736, 48.663599417399119 ], [ 14.055927368434295, 48.663591960930844 ], [ 14.055723309169249, 48.663447784188371 ], [ 14.055569171470804, 48.663339096000861 ], [ 14.055507154476805, 48.66324468041087 ], [ 14.055444009034664, 48.663195601916676 ], [ 14.05543183121139, 48.66312120591359 ], [ 14.055464842814748, 48.663054806117238 ], [ 14.055456736503274, 48.662999632372333 ], [ 14.055546944856211, 48.662984146502424 ], [ 14.055616659412623, 48.662930561967308 ], [ 14.055641753470304, 48.662880490186708 ], [ 14.055656141335739, 48.662754484341413 ], [ 14.055625898060208, 48.662718244631201 ], [ 14.055552883465493, 48.66270115599562 ], [ 14.055534600627187, 48.662656118314558 ], [ 14.055554829200915, 48.662636656411621 ], [ 14.055565949700096, 48.66262606482158 ], [ 14.055537648296925, 48.662583067558927 ], [ 14.05542456912408, 48.662565146361274 ], [ 14.05536714522405, 48.662556056256904 ], [ 14.055351525782477, 48.662545989137911 ], [ 14.055279314363416, 48.662499035018683 ], [ 14.055197409883444, 48.662496661269216 ], [ 14.055184914791544, 48.66249637844404 ], [ 14.055197708521781, 48.662440536329605 ], [ 14.055223578726341, 48.662397385294376 ], [ 14.055229281419564, 48.662387726505223 ], [ 14.05522288264409, 48.662357455833906 ], [ 14.055219539295383, 48.662341736768752 ], [ 14.055228329535336, 48.662290866046533 ], [ 14.055245712340453, 48.662252444191644 ], [ 14.055249532032331, 48.662244056168404 ], [ 14.055214481529877, 48.662145786741199 ], [ 14.055184500768107, 48.662070151185773 ], [ 14.055081778957899, 48.661967801332729 ], [ 14.055080677986437, 48.661947391529033 ], [ 14.055068961000906, 48.661896107416467 ], [ 14.055043196951319, 48.661850036411252 ], [ 14.055060084394997, 48.661834372671066 ], [ 14.055115049882774, 48.661842488710377 ], [ 14.055121171683869, 48.661843350427773 ], [ 14.055161504087073, 48.661805236978097 ], [ 14.055184368051055, 48.661731704421129 ], [ 14.055167443687951, 48.66166732100465 ], [ 14.055086175651754, 48.661574732537431 ], [ 14.055061202072254, 48.661546285080746 ], [ 14.055004954801202, 48.661514522448464 ], [ 14.055001121525063, 48.661502583905083 ], [ 14.054982801261014, 48.661445134499502 ], [ 14.054970036460368, 48.66142560595771 ], [ 14.054975205467221, 48.661377905453712 ], [ 14.0550067322479, 48.66134119536521 ], [ 14.054986145288778, 48.661277014340392 ], [ 14.054936842505253, 48.661227310679813 ], [ 14.054803446312334, 48.661144846425103 ], [ 14.054711087166218, 48.66106482772863 ], [ 14.05468731107082, 48.661044287620427 ], [ 14.054683403868687, 48.660978654783676 ], [ 14.054742321608535, 48.660929814064829 ], [ 14.054857367327838, 48.660855894111251 ], [ 14.054936893496606, 48.66083408861067 ], [ 14.05499518524052, 48.66081808005633 ], [ 14.05513545213746, 48.660790324144529 ], [ 14.055145064375848, 48.660788376199655 ], [ 14.055183879896783, 48.660748653118652 ], [ 14.055216804091515, 48.66071481246383 ], [ 14.055254624852335, 48.660691284854181 ], [ 14.055278984771743, 48.66067602475735 ], [ 14.055292567244598, 48.660618378898832 ], [ 14.055313170436888, 48.6605676152519 ], [ 14.055315138627339, 48.660562746318526 ], [ 14.055322011159504, 48.660549392730019 ], [ 14.055341575501533, 48.660511676913423 ], [ 14.05538217386021, 48.660463578268619 ], [ 14.055431317305386, 48.660395550018734 ], [ 14.05557440928834, 48.660298341734787 ], [ 14.055606475076919, 48.66017438538794 ], [ 14.055683378394402, 48.660004552663096 ], [ 14.055678168088164, 48.659884873308798 ], [ 14.05567894220785, 48.659881990426882 ], [ 14.055679850819171, 48.659879016775214 ], [ 14.055684508162196, 48.659862618815581 ], [ 14.055697187031061, 48.659818019894068 ], [ 14.055710113393612, 48.65977171056592 ], [ 14.055694963353112, 48.659640310176364 ], [ 14.055691755149445, 48.659634213957219 ], [ 14.055657049641985, 48.659570119990377 ], [ 14.055580940017549, 48.65951599474608 ], [ 14.055516984473845, 48.659486258530961 ], [ 14.055448929895736, 48.659454658770066 ], [ 14.055263650943159, 48.659351108612775 ], [ 14.055293841423621, 48.659248299979403 ], [ 14.055292287565642, 48.659243992380219 ], [ 14.055285078958743, 48.659223710105167 ], [ 14.055271434997117, 48.659209223687654 ], [ 14.055248834616608, 48.659185348618486 ], [ 14.05519851033195, 48.659111097414524 ], [ 14.05520027475022, 48.658965921727422 ], [ 14.055084477988165, 48.658889195515926 ], [ 14.054981713409489, 48.658705898769767 ], [ 14.054976351275631, 48.6586817376391 ], [ 14.055055107514725, 48.658518189658196 ], [ 14.055058118016628, 48.658471491716057 ], [ 14.055060253195894, 48.658439819318424 ], [ 14.055020852482659, 48.6584086724678 ], [ 14.055014399037479, 48.658403495617115 ], [ 14.054986244020061, 48.658341699559827 ], [ 14.054956268706535, 48.658324345584568 ], [ 14.054941895087302, 48.658315889666774 ], [ 14.054935586241683, 48.658311341508899 ], [ 14.054851245940045, 48.658250970563138 ], [ 14.054762956185428, 48.658238112744279 ], [ 14.054735035291825, 48.658202667914885 ], [ 14.054728673837809, 48.658145954251466 ], [ 14.054666343586192, 48.658096420527357 ], [ 14.054581934174527, 48.658050440381693 ], [ 14.05453384905298, 48.658000189349941 ], [ 14.054480497451403, 48.657981000367222 ], [ 14.05446876249164, 48.657976755388383 ], [ 14.054455299346731, 48.65797512933085 ], [ 14.054438977901535, 48.657972981208573 ], [ 14.054283011912467, 48.657906844509299 ], [ 14.054157204041841, 48.657842051155505 ], [ 14.054108829778754, 48.65780987988213 ], [ 14.054018316414268, 48.657764206685108 ], [ 14.05390666150562, 48.657672703487989 ], [ 14.05366054538348, 48.657518797946572 ], [ 14.053676716863533, 48.657461765863111 ], [ 14.053637213554353, 48.657384389451437 ], [ 14.053507348770156, 48.657301182400538 ], [ 14.053340220012016, 48.657261735588975 ], [ 14.053283041927807, 48.657221253525584 ], [ 14.053261638968129, 48.657214909218737 ], [ 14.053175755687409, 48.65718953361938 ], [ 14.053057625900516, 48.657139622152052 ], [ 14.053037626780641, 48.657117169728515 ], [ 14.052807950310935, 48.656992931952601 ], [ 14.052778441246526, 48.656931143651313 ], [ 14.052768804066686, 48.656873010905116 ], [ 14.052687148273439, 48.65679067628065 ], [ 14.05266895826348, 48.656790787908264 ], [ 14.052611400556245, 48.656791051166046 ], [ 14.052624635459852, 48.656708404013962 ], [ 14.052621680392823, 48.656691243394548 ], [ 14.052602203286542, 48.656676972331844 ], [ 14.052582757656898, 48.656674663240906 ], [ 14.052527412219444, 48.656668077359257 ], [ 14.052519767676905, 48.656655352623851 ], [ 14.052550669873568, 48.656612890697616 ], [ 14.052531739469744, 48.656560031529025 ], [ 14.052499661991909, 48.656557260280231 ], [ 14.052450848816394, 48.656542089879338 ], [ 14.05248052165491, 48.656440814016889 ], [ 14.052457223665529, 48.656395986388105 ], [ 14.052453318466029, 48.656388545232687 ], [ 14.052388977719795, 48.656350265254005 ], [ 14.052369029482785, 48.656311982760087 ], [ 14.052333454239916, 48.656292054166713 ], [ 14.05231023553899, 48.656301460521334 ], [ 14.052287743289277, 48.65632399382018 ], [ 14.052264578577322, 48.656346980944349 ], [ 14.052236572345183, 48.656344094712885 ], [ 14.052183928509368, 48.656307361824119 ], [ 14.052169096029555, 48.656265989924982 ], [ 14.0521391391595, 48.656259517987515 ], [ 14.052097743287606, 48.656250507892722 ], [ 14.052073668877728, 48.656218096822705 ], [ 14.052020460880918, 48.656189551961781 ], [ 14.051993442647166, 48.656189357848902 ], [ 14.051917049924498, 48.656172647431212 ], [ 14.051930403679091, 48.656117881359236 ], [ 14.051952962401813, 48.656119541884337 ], [ 14.052013030600175, 48.656124120374024 ], [ 14.052037465951491, 48.656114346852931 ], [ 14.052075633274599, 48.65603802262698 ], [ 14.05206397822929, 48.656020015922849 ], [ 14.051976491529537, 48.655957413644614 ], [ 14.051955781794346, 48.655952054201968 ], [ 14.051911635875433, 48.655969683479022 ], [ 14.051897272205879, 48.65596185671172 ], [ 14.05182766382787, 48.655896266606696 ], [ 14.051787206192266, 48.655759983930736 ], [ 14.051755191512122, 48.655703337346914 ], [ 14.051766481182849, 48.655675746159368 ], [ 14.051799227885386, 48.655687597560842 ], [ 14.051818739668329, 48.655694673255958 ], [ 14.051857016915786, 48.655684545100215 ], [ 14.051849117938769, 48.655634136532385 ], [ 14.051917466175357, 48.65560952337848 ], [ 14.05197378486557, 48.655569244233696 ], [ 14.051939950997221, 48.655557309604276 ], [ 14.051923580181416, 48.655551563790858 ], [ 14.051910214741024, 48.655527721377901 ], [ 14.051935092314965, 48.655510749869535 ], [ 14.051944370654361, 48.65550439710627 ], [ 14.051980024654583, 48.655491137049822 ], [ 14.052016082096468, 48.655477604685224 ], [ 14.052037659273903, 48.65542845445237 ], [ 14.0520222714906, 48.655405613803289 ], [ 14.051980816423297, 48.655343718623016 ], [ 14.051946863288183, 48.655332953961519 ], [ 14.051927077804978, 48.65530627278973 ], [ 14.052006017611697, 48.655233296233767 ], [ 14.051982064247046, 48.655219232388717 ], [ 14.051931903775696, 48.655214413265384 ], [ 14.051911096190855, 48.655221466296737 ], [ 14.051829353936192, 48.655249309498338 ], [ 14.051795483665749, 48.655254194049213 ], [ 14.051782883491509, 48.655255980162515 ], [ 14.051717414516149, 48.655233986071906 ], [ 14.051690724773291, 48.655237837231802 ], [ 14.051632466086545, 48.655246109080245 ], [ 14.051628354896497, 48.655243346097336 ], [ 14.051579295901123, 48.655210458427909 ], [ 14.051561673899217, 48.655173420702319 ], [ 14.051605991854151, 48.655129257845026 ], [ 14.051636116959838, 48.655099212769123 ], [ 14.051568531141815, 48.65503253080108 ], [ 14.051502935756369, 48.655001453305765 ], [ 14.051498448750332, 48.655000941150242 ], [ 14.051461200309864, 48.654997211950359 ], [ 14.05143045690566, 48.654953778825565 ], [ 14.051372215588, 48.65492436508567 ], [ 14.051364335053949, 48.654923873713237 ], [ 14.051328190180385, 48.654921396887737 ], [ 14.051325527008563, 48.6549153871416 ], [ 14.05130687854844, 48.654872869248891 ], [ 14.05132978760906, 48.654802394913332 ], [ 14.051385059729069, 48.654784427857656 ], [ 14.051387872906847, 48.654703913256959 ], [ 14.051426001209947, 48.654692886733073 ], [ 14.051497165299063, 48.654724199978418 ], [ 14.051550210026351, 48.654712002726896 ], [ 14.051531532091442, 48.654696557345538 ], [ 14.051517935577508, 48.65468530806303 ], [ 14.051523917289966, 48.654666473702015 ], [ 14.051531584540465, 48.654641962717278 ], [ 14.05155134367908, 48.654637614410241 ], [ 14.051576919576442, 48.654631791397875 ], [ 14.051632471119897, 48.654653306697035 ], [ 14.051679117231004, 48.654630085829616 ], [ 14.051643018317097, 48.654591992104471 ], [ 14.051544362255346, 48.654536203512748 ], [ 14.051463367352961, 48.654500813229568 ], [ 14.051446510448798, 48.654499117681063 ], [ 14.05141755508558, 48.654496237072507 ], [ 14.051371945089301, 48.65436996920532 ], [ 14.051373898740868, 48.65434459381602 ], [ 14.051377583506342, 48.654297352106823 ], [ 14.051331709482243, 48.654249424630002 ], [ 14.051306086676783, 48.654222689158395 ], [ 14.051157386787697, 48.6540535210614 ], [ 14.051108471725282, 48.654001654703457 ], [ 14.051100342684007, 48.653993070125487 ], [ 14.051042313649216, 48.65396905138828 ], [ 14.051007643773453, 48.653965216316919 ], [ 14.050981673736791, 48.65396222738196 ], [ 14.050914225438245, 48.653914971474343 ], [ 14.050864556328749, 48.653916085012391 ], [ 14.050812831609342, 48.653857400196387 ], [ 14.05081135759454, 48.653849044684861 ], [ 14.050791100760732, 48.653739800142255 ], [ 14.050756414121587, 48.653715278616012 ], [ 14.050752986807947, 48.653712871180346 ], [ 14.050738728333975, 48.653702795092052 ], [ 14.050751269849203, 48.653677354901433 ], [ 14.050755759550055, 48.653668333297567 ], [ 14.05076235961425, 48.653654891655748 ], [ 14.050755438534562, 48.65364531030572 ], [ 14.050742148112638, 48.653626773815937 ], [ 14.050607165582804, 48.653623372678702 ], [ 14.05059291593793, 48.653613926107141 ], [ 14.050560310677488, 48.653592629670207 ], [ 14.050532128185537, 48.653538027903345 ], [ 14.050484185886543, 48.65351691523022 ], [ 14.05042865183267, 48.653477051264403 ], [ 14.050405777970552, 48.653433209936161 ], [ 14.050367358471281, 48.653452512515777 ], [ 14.050358190979326, 48.653457065659317 ], [ 14.050296991662329, 48.653439271891898 ], [ 14.050202741352605, 48.653426627007441 ], [ 14.050188117201136, 48.653419521149296 ], [ 14.050160510289018, 48.653406198801761 ], [ 14.050174108265605, 48.653368879964937 ], [ 14.05015775380026, 48.653354499444376 ], [ 14.050053243134284, 48.653365391853697 ], [ 14.049956984516271, 48.653354737760147 ], [ 14.049935319149997, 48.653358647751759 ], [ 14.049913247820873, 48.653362650162492 ], [ 14.04988780356687, 48.65335839859479 ], [ 14.04984997841561, 48.653352154058844 ], [ 14.049784362455393, 48.653368114989355 ], [ 14.049765068231933, 48.65340582836172 ], [ 14.049677594681901, 48.653421653006433 ], [ 14.049689629272811, 48.65338902072741 ], [ 14.049686391378945, 48.653370962327358 ], [ 14.049685060810777, 48.653363145571497 ], [ 14.049668533407182, 48.653365585052306 ], [ 14.049631819946185, 48.653370936071838 ], [ 14.049611854233358, 48.653389675920792 ], [ 14.049460199925575, 48.653397797884651 ], [ 14.049439767541275, 48.653422026970155 ], [ 14.049381386074216, 48.653431107939866 ], [ 14.049356215704339, 48.653407517218668 ], [ 14.049350164410544, 48.653401887887178 ], [ 14.049349118356252, 48.653365737900813 ], [ 14.049322545118869, 48.653368148758908 ], [ 14.049276583958472, 48.65337229697947 ], [ 14.049172029243945, 48.653360523680213 ], [ 14.049160768718686, 48.653390273057852 ], [ 14.049150557796949, 48.653417407728121 ], [ 14.04904704952027, 48.653393036154306 ], [ 14.049040784331499, 48.653391545409711 ], [ 14.048991124545712, 48.653334735947041 ], [ 14.048966102603487, 48.653331560896163 ], [ 14.048919731138986, 48.653325728005257 ], [ 14.048760374776226, 48.653355931688182 ], [ 14.048749136086204, 48.65335797899305 ], [ 14.048687979553703, 48.653313921288699 ], [ 14.0486803248083, 48.653271066038769 ], [ 14.048615882001586, 48.653293315040983 ], [ 14.048595593401306, 48.653288851848473 ], [ 14.048563324930527, 48.653281943400877 ], [ 14.048534423123982, 48.653263322041504 ], [ 14.048523191426384, 48.653256105335323 ], [ 14.04844930071693, 48.653282279367168 ], [ 14.048379191827696, 48.653307081162232 ], [ 14.048296211869413, 48.653314153063533 ], [ 14.04824183996277, 48.653318711947051 ], [ 14.048095161456148, 48.653401632893953 ], [ 14.048045963346953, 48.653456167453129 ], [ 14.047923489219489, 48.653512767689598 ], [ 14.04790900939426, 48.653525807501282 ], [ 14.047897482072077, 48.653536400898744 ], [ 14.047880455686494, 48.653551794702956 ], [ 14.047870268246761, 48.653561120752315 ], [ 14.047879658626155, 48.653611700407836 ], [ 14.047865989443677, 48.65362446544782 ], [ 14.04782954200383, 48.653658775346976 ], [ 14.047764330118245, 48.653684356384197 ], [ 14.047731607071448, 48.653713157136742 ], [ 14.047644659448567, 48.653737611405354 ], [ 14.047605715364242, 48.653748551734907 ], [ 14.047530080949553, 48.653727426729255 ], [ 14.04745131026791, 48.653724848669967 ], [ 14.047340577508734, 48.653678753840296 ], [ 14.047383153473737, 48.653645845820037 ], [ 14.047385975268751, 48.653643759982032 ], [ 14.047342738818065, 48.653619289540494 ], [ 14.047305006131261, 48.653619699270969 ], [ 14.047290890620053, 48.653619875193499 ], [ 14.047112978176333, 48.653584712455526 ], [ 14.046990361535142, 48.653621345627464 ], [ 14.047030835581158, 48.653691343263731 ], [ 14.046996956358344, 48.653715114141697 ], [ 14.046964825487787, 48.65373770512921 ], [ 14.046888580425639, 48.653741047433691 ], [ 14.046608420882139, 48.653792040413428 ], [ 14.046603169467662, 48.653795130370419 ], [ 14.046546478556369, 48.653828303871407 ], [ 14.046476828174976, 48.653807951248005 ], [ 14.046302561022632, 48.653810540401615 ], [ 14.046254731631139, 48.653856251622514 ], [ 14.046228637483534, 48.653863875450938 ], [ 14.046141971583021, 48.653889136354756 ], [ 14.046075500577011, 48.65387290145329 ], [ 14.04606995771219, 48.653874554099446 ], [ 14.046012905161499, 48.653891450184865 ], [ 14.045891171097303, 48.653884095592296 ], [ 14.045879486352426, 48.653883357155458 ], [ 14.045845371128864, 48.653929344598637 ], [ 14.045838360030212, 48.653932804982283 ], [ 14.045798993254174, 48.653952471570484 ], [ 14.045749194512419, 48.653924622672321 ], [ 14.045736745146701, 48.653917682927805 ], [ 14.045683255333866, 48.653907574846286 ], [ 14.045588934338264, 48.653889800041625 ], [ 14.045519473307145, 48.653912527522031 ], [ 14.045500153179601, 48.653978032139491 ], [ 14.045472844613734, 48.653996006410836 ], [ 14.045412266468631, 48.65398378268408 ], [ 14.045336092859449, 48.654021750889612 ], [ 14.045120294143222, 48.654181987579804 ], [ 14.045094494645687, 48.654201121830624 ], [ 14.04509486662897, 48.654228011975761 ], [ 14.045080121871033, 48.654241592683327 ], [ 14.045076100685161, 48.654245304688118 ], [ 14.045067527931925, 48.654243827744118 ], [ 14.045037863270817, 48.654238701341413 ], [ 14.044938182547252, 48.654265299543503 ], [ 14.044910906645748, 48.654246397610983 ], [ 14.044906794652537, 48.654243544457429 ], [ 14.044828549551248, 48.654269202962269 ], [ 14.04471462695655, 48.65430650047675 ], [ 14.04470232933371, 48.654310532522487 ], [ 14.044642954230758, 48.654287148396328 ], [ 14.044618795244572, 48.654277671301479 ], [ 14.044576358400022, 48.654281526460572 ], [ 14.044564728587742, 48.654324049247755 ], [ 14.044562532893051, 48.654332157273465 ], [ 14.044534693523348, 48.654341230368068 ], [ 14.044447124283105, 48.654370003188582 ], [ 14.044452946410628, 48.654408192848884 ], [ 14.044416827544524, 48.65443701325357 ], [ 14.044388347919723, 48.654448878371653 ], [ 14.044351097357666, 48.654464574215297 ], [ 14.04432819756725, 48.654447984073606 ], [ 14.044317481539986, 48.654448588721579 ], [ 14.044258338532428, 48.654451825569417 ], [ 14.044208785225614, 48.654431889357511 ], [ 14.044149182826922, 48.654431351409045 ], [ 14.044155084570205, 48.654465493247997 ], [ 14.044106507793488, 48.654516244797186 ], [ 14.044076075508709, 48.654524344151802 ], [ 14.044065751700129, 48.654563171376019 ], [ 14.043965629784056, 48.654567735840601 ], [ 14.043916747875334, 48.65464556143322 ], [ 14.043835786973194, 48.654700736413197 ], [ 14.043725429165336, 48.654711208888472 ], [ 14.043561873596364, 48.654772100808991 ], [ 14.043484298800157, 48.654757910429126 ], [ 14.043443542258062, 48.654716334734601 ], [ 14.043398325603981, 48.65471552936696 ], [ 14.043380401583748, 48.65471518824156 ], [ 14.043368372904997, 48.654689537950205 ], [ 14.043320585115158, 48.654679484193416 ], [ 14.043280012707555, 48.654670915713638 ], [ 14.043138748051266, 48.654733830614269 ], [ 14.043129707422757, 48.654796844133337 ], [ 14.043035822905248, 48.654869815205558 ], [ 14.042999997623074, 48.654860948063011 ], [ 14.042958724092122, 48.654850764777514 ], [ 14.042859466936694, 48.654878707742668 ], [ 14.042888421193247, 48.654940591826247 ], [ 14.042842073323758, 48.654966055889638 ], [ 14.042750595244053, 48.654977312569969 ], [ 14.042738750994504, 48.654974865904094 ], [ 14.042695459897347, 48.654966043853406 ], [ 14.042692889600005, 48.655006083192774 ], [ 14.042598389795772, 48.655044340366004 ], [ 14.042600907535256, 48.65504972159615 ], [ 14.042616434846837, 48.655082995780852 ], [ 14.042494883164492, 48.655069340674125 ], [ 14.042402243285428, 48.655075117703625 ], [ 14.042393037561325, 48.655096669310055 ], [ 14.042377777316116, 48.65513201852518 ], [ 14.042330052512462, 48.655126550979766 ], [ 14.042304082393954, 48.655123560125112 ], [ 14.042293431880942, 48.655128931067807 ], [ 14.042262556352592, 48.655144317853441 ], [ 14.042293972181149, 48.655168142109197 ], [ 14.04230453586454, 48.655176172912071 ], [ 14.042294143193775, 48.655180552943207 ], [ 14.042235703833796, 48.655205370365671 ], [ 14.042182374444074, 48.655206952059608 ], [ 14.042115243232006, 48.655221658643356 ], [ 14.042094400658687, 48.655176994020124 ], [ 14.041971722153132, 48.655209664836605 ], [ 14.041966872588217, 48.655212392387398 ], [ 14.041928746092367, 48.655233579148238 ], [ 14.041833506720886, 48.655208341772017 ], [ 14.04182655785479, 48.655206495011612 ], [ 14.041761368268425, 48.655234051228767 ], [ 14.041458946952726, 48.655217080947388 ], [ 14.041316001099363, 48.655237011941324 ], [ 14.041265337863186, 48.655225175895971 ], [ 14.041240959543973, 48.655219476960362 ], [ 14.041233092304317, 48.655210080662151 ], [ 14.041205767406812, 48.655177687018991 ], [ 14.041160739854755, 48.655161050017426 ], [ 14.041140407862631, 48.655153437863859 ], [ 14.041154557222765, 48.655086616150307 ], [ 14.04110778986397, 48.655071788455707 ], [ 14.041055136046529, 48.655013914512359 ], [ 14.041039946567251, 48.65501499557508 ], [ 14.040999804088983, 48.65501793616977 ], [ 14.040811245419423, 48.654988494457065 ], [ 14.040751134476993, 48.654960885586064 ], [ 14.040741708946806, 48.654956625300052 ], [ 14.040721213726602, 48.654976625967016 ], [ 14.040669235826138, 48.655027126758 ], [ 14.040651702868635, 48.655025613621348 ], [ 14.040627100207752, 48.655023333672808 ], [ 14.040624181631793, 48.655018404525485 ], [ 14.040612910850156, 48.654998415677355 ], [ 14.040557934180427, 48.654998657457654 ], [ 14.040554540872995, 48.65500857144869 ], [ 14.04054437454063, 48.65503930269054 ], [ 14.040485884381086, 48.655030841352314 ], [ 14.040459354886384, 48.655115545998846 ], [ 14.040394756673987, 48.655126908496115 ], [ 14.040376251860659, 48.655153462790345 ], [ 14.040306109347773, 48.655176281195452 ], [ 14.040113170141071, 48.655173847098567 ], [ 14.040071087853029, 48.655193707988353 ], [ 14.039894298668264, 48.655230480392333 ], [ 14.039668993925911, 48.655312965119073 ], [ 14.039654000568001, 48.655318451930604 ], [ 14.039519811628411, 48.655343454599105 ], [ 14.039506210271608, 48.65536134486819 ], [ 14.039450687743726, 48.65535151601955 ], [ 14.039441569528186, 48.655349862068881 ], [ 14.039437608303551, 48.655348087110738 ], [ 14.039385824878869, 48.655323845141019 ], [ 14.039342152725984, 48.655267445341821 ], [ 14.039309491839008, 48.65525172249707 ], [ 14.039303585812656, 48.655226934341407 ], [ 14.039239774514666, 48.655236312757076 ], [ 14.039183241365789, 48.655281443843194 ], [ 14.039152799281066, 48.655269125353229 ], [ 14.039139501446254, 48.655269565190977 ], [ 14.03904371037992, 48.655273289893529 ], [ 14.038932079500656, 48.655260380837596 ], [ 14.038905515660344, 48.655293279278247 ], [ 14.038786269521738, 48.655289320085657 ], [ 14.038752235769524, 48.655232862060913 ], [ 14.038671524734516, 48.655217608087021 ], [ 14.038657984539787, 48.655160756888627 ], [ 14.038439123729859, 48.655297524851932 ], [ 14.038426671149148, 48.655300208049816 ], [ 14.038378887094302, 48.65531020911191 ], [ 14.03834954991402, 48.655348790389695 ], [ 14.03827279037119, 48.655384149171176 ], [ 14.038236374319181, 48.655381669944276 ], [ 14.038209325546752, 48.655389117829323 ], [ 14.038184028668306, 48.655415442787756 ], [ 14.038190501790455, 48.655442026404444 ], [ 14.038141528353748, 48.65543458596256 ], [ 14.038133639244279, 48.655433464165988 ], [ 14.03806315609155, 48.655401779008997 ], [ 14.038002949307931, 48.655396834454706 ], [ 14.037945733805978, 48.655392231652172 ], [ 14.03794039909873, 48.655438853167837 ], [ 14.037893354154994, 48.655443363185064 ], [ 14.037841292867801, 48.655448353038793 ], [ 14.037767137129013, 48.655426043644439 ], [ 14.037758276895975, 48.655423398661625 ], [ 14.037755621438862, 48.655417838277124 ], [ 14.037744026021514, 48.655393893709906 ], [ 14.037687105424162, 48.655390997888418 ], [ 14.037685166230085, 48.655408008393231 ], [ 14.037593135973765, 48.655379060720989 ], [ 14.037494400097261, 48.65538585984379 ], [ 14.03742099323696, 48.655408336357326 ], [ 14.037405110577954, 48.65542821878325 ], [ 14.037393275093415, 48.655426401113438 ], [ 14.037336954438409, 48.655417745293626 ], [ 14.03727537831055, 48.655372245194208 ], [ 14.037172011160292, 48.655348132150635 ], [ 14.036992889716011, 48.655353524754396 ], [ 14.036931128886534, 48.655334198418188 ], [ 14.036902047498026, 48.655341928025038 ], [ 14.036865120072955, 48.655351683419703 ], [ 14.036836455454326, 48.655340253073618 ], [ 14.036828675077606, 48.655337151834658 ], [ 14.036823015690249, 48.655340243795251 ], [ 14.036786624588322, 48.655359439752182 ], [ 14.036681962025868, 48.655310060628842 ], [ 14.036647004337299, 48.655314947320896 ], [ 14.036639010269685, 48.655316074578998 ], [ 14.036623276084761, 48.655346838869427 ], [ 14.036464094977889, 48.655400769104261 ], [ 14.036451934648532, 48.655404979335508 ], [ 14.036433544214034, 48.655400322777069 ], [ 14.036362028483534, 48.655382403771121 ], [ 14.036287198581393, 48.655400121234116 ], [ 14.036245792708904, 48.655409993231409 ], [ 14.036071475399812, 48.655409329569437 ], [ 14.036048319911091, 48.655373851755968 ], [ 14.036093793793984, 48.65533382520298 ], [ 14.036081913549314, 48.655318786342129 ], [ 14.035981534578504, 48.655314621239796 ], [ 14.035934792558622, 48.655271729747113 ], [ 14.035892927346117, 48.655267843400594 ], [ 14.035827602334129, 48.655315543895 ], [ 14.035799376318868, 48.65533621960504 ], [ 14.035790670363138, 48.655334922664558 ], [ 14.035686883780713, 48.655319804929739 ], [ 14.035583221651994, 48.655274016477023 ], [ 14.035499343760243, 48.655275328442663 ], [ 14.035446818728987, 48.655276182725679 ], [ 14.03541743573421, 48.655271771735414 ], [ 14.035393220780692, 48.655268049311658 ], [ 14.035325283830257, 48.655303443251391 ], [ 14.03523167323992, 48.655287904406599 ], [ 14.035177863280198, 48.655353793601584 ], [ 14.035117485513084, 48.655346240302968 ], [ 14.035114451361038, 48.655372611179288 ], [ 14.035111048004067, 48.655401772436299 ], [ 14.035059236714888, 48.655395247110548 ], [ 14.035052028846479, 48.655394300910693 ], [ 14.035001715615575, 48.655417986763119 ], [ 14.034950875050638, 48.655373140717863 ], [ 14.034935898560683, 48.655290304769579 ], [ 14.034899813555288, 48.655272262734712 ], [ 14.034893794280617, 48.655268881004247 ], [ 14.034889280438277, 48.655266389673024 ], [ 14.034679437960111, 48.655149283098133 ], [ 14.034672122253378, 48.655140422712627 ], [ 14.034663428286459, 48.655130041576321 ], [ 14.03468263770616, 48.655095209412941 ], [ 14.034651387168035, 48.655043410498848 ], [ 14.034582728670122, 48.655045799981757 ], [ 14.034560822411622, 48.65503217006448 ], [ 14.03453672590836, 48.65501720413075 ], [ 14.034532551919956, 48.655009763997541 ], [ 14.034510155744078, 48.654970144051816 ], [ 14.034459362562334, 48.654968559127397 ], [ 14.034306441293852, 48.654963897402922 ], [ 14.03425743701882, 48.654954117061799 ], [ 14.034214166258307, 48.654966607784793 ], [ 14.034204429599249, 48.65496936423505 ], [ 14.034060998826149, 48.654943869071573 ], [ 14.033999579243702, 48.654969419715322 ], [ 14.033994327557961, 48.65500245945406 ], [ 14.033961453518582, 48.655000857139157 ], [ 14.033903447633341, 48.654997965971781 ], [ 14.033869425925378, 48.655031717301298 ], [ 14.033864410818152, 48.655032286920367 ], [ 14.033819148901406, 48.655038133762908 ], [ 14.033812568557611, 48.655043389665437 ], [ 14.033809075996546, 48.655046108767031 ], [ 14.033778052605335, 48.655070758110426 ], [ 14.033744077136527, 48.655097943433006 ], [ 14.033668277911817, 48.655094349002901 ], [ 14.033627625293738, 48.655119685425085 ], [ 14.033622645673359, 48.655122863110314 ], [ 14.033560831307536, 48.655099487981659 ], [ 14.033531505762802, 48.655069353054429 ], [ 14.033527541759069, 48.655017480783314 ], [ 14.033451164017725, 48.65499131448081 ], [ 14.0334246355161, 48.654977172315583 ], [ 14.033390857647143, 48.654959026096861 ], [ 14.033369829901149, 48.654960051093362 ], [ 14.033320717055046, 48.654962233162159 ], [ 14.033237546295686, 48.654935657583074 ], [ 14.033124303415603, 48.654933815377447 ], [ 14.033055054325965, 48.654932699794031 ], [ 14.032989959416296, 48.654917618519775 ], [ 14.032965446417263, 48.654911918673392 ], [ 14.032752524827746, 48.654997284207049 ], [ 14.032713526597849, 48.654984565403915 ], [ 14.032626671212347, 48.655006489568457 ], [ 14.032605724035662, 48.655023433500681 ], [ 14.032570141074293, 48.655052247007944 ], [ 14.032517604969268, 48.655082240923051 ], [ 14.032502517948277, 48.655090875309739 ], [ 14.032354350029673, 48.655076379119393 ], [ 14.032328658109607, 48.655073834105188 ], [ 14.03227890562607, 48.655068914214098 ], [ 14.032241956082894, 48.655037115551814 ], [ 14.032199037457509, 48.655015605738853 ], [ 14.032164730464324, 48.654998451675382 ], [ 14.032196102834005, 48.654909492880599 ], [ 14.032093902706807, 48.654841117453586 ], [ 14.031909785700496, 48.654848420844267 ], [ 14.031876695078186, 48.654860850029664 ], [ 14.031730684774406, 48.654915234985424 ], [ 14.031702886046462, 48.654957492993418 ], [ 14.031645801441334, 48.654992460370948 ], [ 14.031611652359816, 48.654976924143398 ], [ 14.031541594622004, 48.654986245636294 ], [ 14.03150204256186, 48.655022727441882 ], [ 14.031482577267507, 48.65507887660614 ], [ 14.031481008157673, 48.65508329305942 ], [ 14.031470858002093, 48.655085602039591 ], [ 14.031424162393769, 48.655095863602313 ], [ 14.031396551514417, 48.655101964145544 ], [ 14.03128460662459, 48.655075738430583 ], [ 14.031258332422279, 48.655080301985628 ], [ 14.031246979311225, 48.655033960047184 ], [ 14.031054831979789, 48.655039780907792 ], [ 14.031023486537205, 48.655040776958629 ], [ 14.030972539225523, 48.654977761763192 ], [ 14.030905002337411, 48.654972767257902 ], [ 14.03086525475609, 48.654994859455797 ], [ 14.030736477515903, 48.65498870028069 ], [ 14.030636890016384, 48.655002783915727 ], [ 14.030618191750181, 48.65500541349757 ], [ 14.030573991972462, 48.654989487054785 ], [ 14.030505724677223, 48.65494060547524 ], [ 14.030427811800088, 48.654931265303489 ], [ 14.03039851422729, 48.654943131864812 ], [ 14.030367461743893, 48.654955728382362 ], [ 14.030360431402356, 48.654977895665816 ], [ 14.030339474865185, 48.655044306771245 ], [ 14.030284725391967, 48.655071344788837 ], [ 14.030279257940196, 48.655068589128675 ], [ 14.03024235539694, 48.655050190766609 ], [ 14.030128774202783, 48.654993303814933 ], [ 14.030125761084481, 48.65499134302592 ], [ 14.030114390977086, 48.654983765635578 ], [ 14.030074665325296, 48.654957379257567 ], [ 14.030012350789629, 48.654987160345875 ], [ 14.029985119152636, 48.655031303325863 ], [ 14.029950450766817, 48.655037535414813 ], [ 14.029841973373419, 48.655056797840579 ], [ 14.029783378440431, 48.655030433548802 ], [ 14.029751020179832, 48.654956604405058 ], [ 14.029699454723211, 48.654948096555124 ], [ 14.029512652814784, 48.654917546987953 ], [ 14.029463955054966, 48.654819980456331 ], [ 14.029454336337654, 48.654811403250001 ], [ 14.029383168149108, 48.654748687340678 ], [ 14.029322189557684, 48.654716670692174 ], [ 14.029256048294029, 48.654714455122352 ], [ 14.029250337928822, 48.654723842886128 ], [ 14.029240378720027, 48.654740271270455 ], [ 14.029212268830898, 48.654729555303582 ], [ 14.029065715331891, 48.654673672541513 ], [ 14.029059119623199, 48.654617588531217 ], [ 14.029041458244556, 48.654606540681634 ], [ 14.028977520040604, 48.654566446733654 ], [ 14.028904525502995, 48.654569398275051 ], [ 14.028812265478312, 48.654573183612321 ], [ 14.028806871901173, 48.654565840456151 ], [ 14.028779633772618, 48.654529216215614 ], [ 14.028586313147819, 48.654488270703666 ], [ 14.028511571589441, 48.654472434702363 ], [ 14.028529200643403, 48.654430867358776 ], [ 14.028507117979698, 48.654414089429892 ], [ 14.028499573272484, 48.65440828801394 ], [ 14.028435199496158, 48.654406241382624 ], [ 14.028412654433374, 48.654405475670217 ], [ 14.028363808118474, 48.654357017320905 ], [ 14.028338057228435, 48.654350064677111 ], [ 14.028285465902956, 48.654335896009648 ], [ 14.028197633115679, 48.654365917378897 ], [ 14.028188445282312, 48.654369119780576 ], [ 14.028105127425722, 48.654371592378808 ], [ 14.027986709833913, 48.65432822316783 ], [ 14.027973203555593, 48.65432326651802 ], [ 14.027936232193008, 48.654309724651192 ], [ 14.027846256633589, 48.654291640038927 ], [ 14.027827117827174, 48.654261623217018 ], [ 14.027786704704075, 48.654254577445641 ], [ 14.027763037767201, 48.654210916414051 ], [ 14.027716775937078, 48.654213079248606 ], [ 14.027647671325344, 48.65423264604491 ], [ 14.027602388599831, 48.654226888229331 ], [ 14.027565401797503, 48.654222250493007 ], [ 14.027511825131585, 48.654185332251245 ], [ 14.027459142140135, 48.654174401632076 ], [ 14.027273322333533, 48.654135837948132 ], [ 14.027205873840279, 48.654097022991991 ], [ 14.027055584104922, 48.654025510112319 ], [ 14.027072774223086, 48.653981517175573 ], [ 14.027088523323449, 48.653941400226245 ], [ 14.027116455289063, 48.653938986372268 ], [ 14.027067215474322, 48.653881355830421 ], [ 14.026983105961452, 48.65392574481654 ], [ 14.02690622047801, 48.653891752406082 ], [ 14.026920185591619, 48.653830060199915 ], [ 14.026820863402865, 48.653803305836647 ], [ 14.0267588767507, 48.653766796770888 ], [ 14.026765910877362, 48.653724662777222 ], [ 14.026712020191418, 48.653664361369032 ], [ 14.026698512999063, 48.65364924124664 ], [ 14.026662713202843, 48.653631914526507 ], [ 14.026647956504487, 48.653624806537046 ], [ 14.026628651384351, 48.653602525423246 ], [ 14.026502984443519, 48.653575027207786 ], [ 14.026474409179817, 48.653559906229148 ], [ 14.026454122346045, 48.653565512597773 ], [ 14.026423826008195, 48.653573786440717 ], [ 14.026370047065273, 48.65356205234567 ], [ 14.026285226569522, 48.65354357629468 ], [ 14.026280218873486, 48.653534611801994 ], [ 14.026265476961505, 48.653508436188055 ], [ 14.026228536818239, 48.653507215513791 ], [ 14.026181275736802, 48.653505696073601 ], [ 14.026109081578833, 48.653477251749557 ], [ 14.026030610863964, 48.653446416068647 ], [ 14.026016471113222, 48.653444790753944 ], [ 14.025996347997646, 48.65344239132834 ], [ 14.025959094351091, 48.653417877706524 ], [ 14.0259387724095, 48.653420875905262 ], [ 14.025846099580926, 48.653434195106165 ], [ 14.025781805439161, 48.653458139499193 ], [ 14.025771809241183, 48.653461796193717 ], [ 14.025681444642313, 48.653434808066741 ], [ 14.025601355984538, 48.653475394797354 ], [ 14.025526778651423, 48.653431224520304 ], [ 14.025493265641686, 48.653392118221454 ], [ 14.025453208224917, 48.653401348866147 ], [ 14.025419782593826, 48.653409101282634 ], [ 14.025392100538134, 48.653409894321143 ], [ 14.025333616872365, 48.653411678678381 ], [ 14.025302754238833, 48.653428320086441 ], [ 14.025191063382524, 48.653400288252676 ], [ 14.025110498567477, 48.653425677432175 ], [ 14.025106951244549, 48.653424349254053 ], [ 14.025068196134677, 48.6534092880161 ], [ 14.0250269057781, 48.653427789711735 ], [ 14.024986542050648, 48.65342434032609 ], [ 14.02495619357763, 48.653428746635271 ], [ 14.024908601391962, 48.653402584808894 ], [ 14.024872146154809, 48.653366733570294 ], [ 14.024792460379262, 48.653346427328017 ], [ 14.024731057002583, 48.653353175363364 ], [ 14.024675638533294, 48.653320403975954 ], [ 14.024619217591622, 48.653324154512262 ], [ 14.024591315222217, 48.653348962902299 ], [ 14.02455817667737, 48.653357882612404 ], [ 14.024439690798186, 48.653389880768103 ], [ 14.024381473766264, 48.653391303314422 ], [ 14.024367224917896, 48.653391657145868 ], [ 14.024278308443552, 48.653411788473228 ], [ 14.024266668800808, 48.653414375435396 ], [ 14.024244364792541, 48.653401195649344 ], [ 14.024223019413725, 48.65338863979516 ], [ 14.024218053871573, 48.653392896290178 ], [ 14.024192014167921, 48.653414905433486 ], [ 14.024175950002853, 48.65341149242083 ], [ 14.024120538057861, 48.653399407158503 ], [ 14.024022157403101, 48.653442618956589 ], [ 14.02395864155751, 48.653423476036032 ], [ 14.023936943594306, 48.653455442985972 ], [ 14.02389861357404, 48.653451801361548 ], [ 14.023857566385542, 48.653447995850669 ], [ 14.023806392524705, 48.653438133996097 ], [ 14.023772503260556, 48.653431588059284 ], [ 14.023783879711369, 48.653368922131413 ], [ 14.023821386628777, 48.653331465619409 ], [ 14.023826878251626, 48.653325946868399 ], [ 14.023795447387771, 48.653310392358392 ], [ 14.023761693315546, 48.653293682292407 ], [ 14.023726700607769, 48.653215010182464 ], [ 14.023693604204489, 48.653206840615283 ], [ 14.023642936159687, 48.653194187540301 ], [ 14.023593746163362, 48.653190519836414 ], [ 14.023566704276931, 48.653188430563446 ], [ 14.023487483778162, 48.653182511253007 ], [ 14.023433857331501, 48.653171944150223 ], [ 14.023391083764894, 48.653181100141637 ], [ 14.02335260202071, 48.653166126670392 ], [ 14.023323293201079, 48.653136708631301 ], [ 14.023234049590828, 48.653102067042965 ], [ 14.023225452331836, 48.65309869989013 ], [ 14.023222299708049, 48.653086306592066 ], [ 14.023116342324803, 48.653070650895465 ], [ 14.023004143277328, 48.653024811662938 ], [ 14.02298145233981, 48.652972599529598 ], [ 14.022873858442527, 48.652966486987609 ], [ 14.022823322197734, 48.652963636350606 ], [ 14.02278717196797, 48.652940284467689 ], [ 14.022646823133075, 48.653012253272564 ], [ 14.022588869918769, 48.65302320712302 ], [ 14.022547583769322, 48.653072467732912 ], [ 14.022522908543589, 48.653074771410566 ], [ 14.022494979240722, 48.653077364039397 ], [ 14.022497891856171, 48.653132660608229 ], [ 14.022449364567125, 48.653148056012959 ], [ 14.022382688687911, 48.653146289426715 ], [ 14.022335255174566, 48.653182544656843 ], [ 14.02232522265658, 48.653183503041653 ], [ 14.022288071576636, 48.653186779415954 ], [ 14.022239555223257, 48.653172584092587 ], [ 14.022231651153435, 48.653170292084546 ], [ 14.022121658821664, 48.653187847420476 ], [ 14.021916378504693, 48.653287089236748 ], [ 14.021821813221781, 48.653311209285825 ], [ 14.021775117061047, 48.653311303690408 ], [ 14.021630412294289, 48.653311523960532 ], [ 14.021524815989865, 48.653333010318633 ], [ 14.021402162339324, 48.653358014472644 ], [ 14.021424112864525, 48.653324517520261 ], [ 14.021496349758284, 48.653214275521321 ], [ 14.021583450452127, 48.652997456093154 ], [ 14.021761510638985, 48.652578454670973 ], [ 14.021765737585742, 48.652214618527701 ], [ 14.021790809954277, 48.65180577930203 ], [ 14.021813323244748, 48.651439047419821 ], [ 14.021772508412734, 48.651229274831707 ], [ 14.021683967701053, 48.651114940155026 ], [ 14.02166836050657, 48.651094885021323 ], [ 14.02164156415772, 48.651060325146595 ], [ 14.021547547858042, 48.650942514815739 ], [ 14.021391409129274, 48.650747000277349 ], [ 14.021309183349398, 48.650465247883936 ], [ 14.021241466555228, 48.650233057719419 ], [ 14.021234249276697, 48.649987650831449 ], [ 14.021255449821204, 48.649928614971991 ], [ 14.021355439210657, 48.649650739581823 ], [ 14.021380567006343, 48.649580887698058 ], [ 14.021450793025648, 48.649340962174414 ], [ 14.021507260421982, 48.649148156582939 ], [ 14.021534227522459, 48.648931689769348 ], [ 14.02153802727716, 48.648901177405186 ], [ 14.021534059566347, 48.648878535532781 ], [ 14.021442031781493, 48.648340688060848 ], [ 14.021332511508598, 48.648169453444254 ], [ 14.020774056609822, 48.647434762972544 ], [ 14.020507746144842, 48.646997501561572 ], [ 14.020599303652187, 48.646789650110421 ], [ 14.020566837629534, 48.64675719182712 ], [ 14.020415651548234, 48.646606077592452 ], [ 14.020087419972244, 48.646278007033999 ], [ 14.020071187878539, 48.646261822785441 ], [ 14.019893380645291, 48.646139645057637 ], [ 14.019689272808728, 48.645999363017168 ], [ 14.019420580106701, 48.645850464616494 ], [ 14.018932620309707, 48.645645555986043 ], [ 14.018887134045466, 48.645623876413147 ], [ 14.018837140393462, 48.645600064597822 ], [ 14.018773201445928, 48.645578852683443 ], [ 14.018739936688389, 48.645567804582477 ], [ 14.018680466081902, 48.645535593646912 ], [ 14.0186495700245, 48.645518955308063 ], [ 14.018599688737048, 48.645483180543238 ], [ 14.018580640835912, 48.645469530907242 ], [ 14.018506916164309, 48.645447296772296 ], [ 14.018225652304254, 48.645383373704121 ], [ 14.018177050596973, 48.645372325135448 ], [ 14.018126083799249, 48.645367136550739 ], [ 14.017945455378069, 48.645348584707328 ], [ 14.017802328499071, 48.645322888077601 ], [ 14.017730220452517, 48.645309907966059 ], [ 14.017600347373133, 48.645280625976127 ], [ 14.017593676932776, 48.645279135922728 ], [ 14.017579408757969, 48.645277870113517 ], [ 14.017423005334047, 48.645264212731597 ], [ 14.017333766108937, 48.645248993905184 ], [ 14.017318938347927, 48.645246472152515 ], [ 14.017280892964179, 48.645233113067874 ], [ 14.017178212078148, 48.645197106193699 ], [ 14.016975047507449, 48.645106551453097 ], [ 14.016774613495953, 48.645017149672618 ], [ 14.016707067926449, 48.645000184908668 ], [ 14.016616914768939, 48.64497741579963 ], [ 14.016571703101379, 48.644966076977468 ], [ 14.016410927469082, 48.644899018614801 ], [ 14.0162235385746, 48.644820872456641 ], [ 14.016202792886247, 48.644812179099453 ], [ 14.016095256481822, 48.644778358163009 ], [ 14.016040467485743, 48.64476122875157 ], [ 14.015651756172005, 48.644638923950112 ], [ 14.015340101271606, 48.644493324345021 ], [ 14.015140519064003, 48.644416596539322 ], [ 14.014945630349942, 48.644345777220842 ], [ 14.014900293273563, 48.64431465139846 ], [ 14.014804551424595, 48.64424892145977 ], [ 14.014691237324175, 48.64419885346009 ], [ 14.014652463628439, 48.644181630282191 ], [ 14.014627617286646, 48.644170711954786 ], [ 14.014605431651384, 48.644155730795035 ], [ 14.014601734046764, 48.644153233934659 ], [ 14.014539833151034, 48.644111411308259 ], [ 14.014340102546408, 48.644002753837142 ], [ 14.014192130243506, 48.64394892934213 ], [ 14.014092528064852, 48.643888797609058 ], [ 14.013971036030693, 48.643815481618645 ], [ 14.013927027643215, 48.643761592546255 ], [ 14.013862645828304, 48.643706562594197 ], [ 14.01384555808775, 48.643697307929017 ], [ 14.013836397567651, 48.643692234469817 ], [ 14.013826126376351, 48.643685278691777 ], [ 14.013822153850851, 48.643682513579115 ], [ 14.013797774668211, 48.643665836117961 ], [ 14.013715372086722, 48.643602816005249 ], [ 14.013566629656168, 48.643449520081745 ], [ 14.013504572560503, 48.643385482300658 ], [ 14.013426158453756, 48.643172326734472 ], [ 14.013398936495726, 48.643063745631373 ], [ 14.013351870741426, 48.64297353776665 ], [ 14.013280369596812, 48.64275962241701 ], [ 14.013232966265349, 48.64271573625399 ], [ 14.01306261589102, 48.642590806601049 ], [ 14.012942981997853, 48.642513971030198 ], [ 14.012888092282026, 48.642478672573041 ], [ 14.012870571870819, 48.642467441562175 ], [ 14.012865366232573, 48.642463784153271 ], [ 14.012753716013355, 48.642385103263017 ], [ 14.012701659830354, 48.642348529109668 ], [ 14.012630859236031, 48.64227995452363 ], [ 14.012524582341911, 48.642166165124642 ], [ 14.012515771191399, 48.642156682407887 ], [ 14.01248507264587, 48.642123851845156 ], [ 14.012321079940335, 48.641873595894474 ], [ 14.012307481141383, 48.641861262777816 ], [ 14.012152002430151, 48.641721315332219 ], [ 14.012011869796455, 48.641612938169111 ], [ 14.011873382833551, 48.641505810486059 ], [ 14.011819809742397, 48.641436416103225 ], [ 14.011742791054916, 48.641379839173425 ], [ 14.01171102266443, 48.641358437153279 ], [ 14.011393299597929, 48.641244341612634 ], [ 14.011232590371991, 48.641170620076807 ], [ 14.011020132546005, 48.64111437642282 ], [ 14.010900960991783, 48.641072163518317 ], [ 14.010750974593844, 48.641019065845299 ], [ 14.010540266314869, 48.640951298708224 ], [ 14.010452595689612, 48.640910162471762 ], [ 14.010415315094301, 48.640892659433433 ], [ 14.010246356585464, 48.640790023074779 ], [ 14.010219471004046, 48.64076832261825 ], [ 14.010201499695118, 48.640753676035814 ], [ 14.010167510511225, 48.640738762207143 ], [ 14.00999387790908, 48.640600535674693 ], [ 14.009710260422313, 48.640540563247654 ], [ 14.009570630873494, 48.640511148820643 ], [ 14.009458072066876, 48.640445241692269 ], [ 14.009307221181077, 48.640357070003574 ], [ 14.009125874348209, 48.640292548717326 ], [ 14.009030494409137, 48.640242911441568 ], [ 14.008989796220874, 48.640223448945328 ], [ 14.008977776400872, 48.640217582117813 ], [ 14.008953467723719, 48.640206029893186 ], [ 14.008865763092047, 48.640172447745663 ], [ 14.008855396526283, 48.640168460144629 ], [ 14.008836164397676, 48.640161105876871 ], [ 14.00879454243114, 48.640153970615295 ], [ 14.008741221678326, 48.640144744177164 ], [ 14.008652010440294, 48.640161807583389 ], [ 14.008530939512514, 48.640212422780145 ], [ 14.008364325063495, 48.640267347589266 ], [ 14.008335813123505, 48.640276775804374 ], [ 14.008263843018872, 48.640283935976825 ], [ 14.008195397648466, 48.64029080598057 ], [ 14.008162811019686, 48.640299987796418 ], [ 14.008092905787626, 48.64031972777105 ], [ 14.008059508437622, 48.640329184050636 ], [ 14.008021732008464, 48.640335877350758 ], [ 14.007962427018827, 48.640346382186529 ], [ 14.007821320946986, 48.640359516474376 ], [ 14.007776879825908, 48.6403547355565 ], [ 14.007773289406529, 48.64040179558323 ], [ 14.00775363592005, 48.640403707530247 ], [ 14.007741436715902, 48.640404857039997 ], [ 14.007668226208256, 48.640472734437765 ], [ 14.007627945677061, 48.640474765066898 ], [ 14.007527083720307, 48.640514200121565 ], [ 14.007224654244933, 48.640530510305453 ], [ 14.00708255464696, 48.640478172070686 ], [ 14.006985422777506, 48.640429352691399 ], [ 14.006893385942378, 48.640396513514702 ], [ 14.006767428799803, 48.640374662185259 ], [ 14.006761851999595, 48.640373704880432 ], [ 14.006623242791227, 48.640287258236135 ], [ 14.006610367450895, 48.640257471668157 ], [ 14.006521747693515, 48.640216068131757 ], [ 14.006425860690101, 48.640220846217957 ], [ 14.006409042879598, 48.640221662354044 ], [ 14.006306176853125, 48.640180520369569 ], [ 14.006197171425152, 48.640136895189983 ], [ 14.005961830692307, 48.640083921744584 ], [ 14.005757727419571, 48.640063867013048 ], [ 14.005683741681834, 48.640051789707115 ], [ 14.005435806706014, 48.640011209446754 ], [ 14.005269005590971, 48.640010457186939 ], [ 14.005051799366433, 48.639963853709219 ], [ 14.00485072177773, 48.639905195192775 ], [ 14.004728880016403, 48.639886555985569 ], [ 14.004633039258474, 48.639863630389961 ], [ 14.004628001843953, 48.639862400069539 ], [ 14.004620380217503, 48.6398607348466 ], [ 14.004560510797793, 48.63985918904816 ], [ 14.004551143809074, 48.639858972881392 ], [ 14.004485987034132, 48.639868250301461 ], [ 14.004453786009098, 48.639875809932235 ], [ 14.004435646437059, 48.639879331598443 ], [ 14.004409752725634, 48.639871025405206 ], [ 14.004376088802541, 48.639860065462891 ], [ 14.004362966384235, 48.639852855357972 ], [ 14.004297008769059, 48.639800707277466 ], [ 14.004231180246935, 48.639716809101678 ], [ 14.004225560187551, 48.639712524091969 ], [ 14.004022583604282, 48.639560066134827 ], [ 14.003973254956479, 48.639513399053484 ], [ 14.003939818232332, 48.639499019911433 ], [ 14.003932187307127, 48.639496635165727 ], [ 14.003817716483955, 48.639460324312054 ], [ 14.003785643881109, 48.639446476968971 ], [ 14.003768038819484, 48.63943893268015 ], [ 14.003554735938259, 48.639347873040379 ], [ 14.003513388957185, 48.639330481013815 ], [ 14.003494515822261, 48.639319346279748 ], [ 14.003480566577325, 48.639311151448766 ], [ 14.003425345623686, 48.639312186789532 ], [ 14.003410013748239, 48.639312454350971 ], [ 14.003396406175225, 48.639309654041533 ], [ 14.00333803237322, 48.639297845747329 ], [ 14.003312316979651, 48.639292776183481 ], [ 14.003284584706106, 48.639278724003333 ], [ 14.003270699893484, 48.639275475557369 ], [ 14.003159078652095, 48.639249491033297 ], [ 14.003062769592455, 48.639242576407725 ], [ 14.00298684142934, 48.639237523938419 ], [ 14.002905273443645, 48.639205791045562 ], [ 14.002862854059954, 48.639189394273949 ], [ 14.002824525612112, 48.639174503117019 ], [ 14.002727121841074, 48.639104275708235 ], [ 14.002680277199453, 48.6390502186931 ], [ 14.002672703733568, 48.639041807461616 ], [ 14.002633156517167, 48.639016669881102 ], [ 14.00260767658456, 48.638977511016101 ], [ 14.002548161938213, 48.63888835921378 ], [ 14.002518969124868, 48.6388454439928 ], [ 14.002501294237275, 48.638842936632855 ], [ 14.002435188831022, 48.638800052307801 ], [ 14.00231749408162, 48.638651241658401 ], [ 14.002251171982884, 48.638560329732627 ], [ 14.002255700741532, 48.638522438528902 ], [ 14.002283253362917, 48.638293020462932 ], [ 14.002252606796588, 48.638159092703766 ], [ 14.002291982446422, 48.637930956215918 ], [ 14.00230292308472, 48.637864337058105 ], [ 14.002205847193224, 48.637735555408376 ], [ 14.002206198298392, 48.637720803000427 ], [ 14.002205786882811, 48.637689145945643 ], [ 14.002151493360781, 48.637656986993839 ], [ 14.00214506419387, 48.637653066266516 ], [ 14.002166447252016, 48.637627670650545 ], [ 14.002108648809102, 48.637618196940828 ], [ 14.002101901788249, 48.637589813939876 ], [ 14.002027438743026, 48.63756154759222 ], [ 14.002017828129015, 48.637532101630612 ], [ 14.00200317137319, 48.637479839325863 ], [ 14.001922335545682, 48.637378846607895 ], [ 14.001904956302972, 48.637357269874279 ], [ 14.001849625269019, 48.637349670729883 ], [ 14.001859069263821, 48.637334956381672 ], [ 14.001904031397508, 48.637265175053486 ], [ 14.001862173254477, 48.6372396006782 ], [ 14.00182250263514, 48.637215272988399 ], [ 14.001699502552286, 48.637117308848595 ], [ 14.001685418938468, 48.637088248135811 ], [ 14.001657793370894, 48.637030033673007 ], [ 14.00166866811149, 48.637010544276443 ], [ 14.001679931242947, 48.636989613598999 ], [ 14.001653944785605, 48.636869510017767 ], [ 14.001580971727005, 48.636809575468789 ], [ 14.001629795110444, 48.636744539105017 ], [ 14.001634818594042, 48.636671567873094 ], [ 14.001669612033728, 48.636581607763922 ], [ 14.001684187056586, 48.636544019005292 ], [ 14.001710441708271, 48.636475783495278 ], [ 14.00172064623464, 48.636446494282801 ], [ 14.001641040841129, 48.636398289995959 ], [ 14.001574839793369, 48.636358193886515 ], [ 14.001560888153046, 48.636349729009858 ], [ 14.001173783059274, 48.636061245033879 ], [ 14.001049912861784, 48.635728537658046 ], [ 14.00102653068992, 48.635589351415518 ], [ 14.001055111607561, 48.635438896159918 ], [ 14.001092863522956, 48.635420063098088 ], [ 14.001101088156233, 48.635415968851717 ], [ 14.001118484116011, 48.63532385946209 ], [ 14.001061129223356, 48.635180999333549 ], [ 14.001070428868916, 48.634893672861708 ], [ 14.001123329309301, 48.634630472022373 ], [ 14.001156086098435, 48.63453000040532 ], [ 14.001251981101614, 48.634348850974156 ], [ 14.001274368562264, 48.634264987681675 ], [ 14.001286022583201, 48.634221929137603 ], [ 14.001357067151536, 48.63412312792483 ], [ 14.001363227352266, 48.63410636365461 ], [ 14.001379488792789, 48.634062829118228 ], [ 14.00127155433657, 48.633901729412571 ], [ 14.001292910893058, 48.633863922102215 ], [ 14.001302210251399, 48.633859012234737 ], [ 14.001299289069671, 48.633832586041585 ], [ 14.001299791867577, 48.633798135519228 ], [ 14.001294157262494, 48.633761291562259 ], [ 14.001331199082202, 48.633740123964877 ], [ 14.001411617192701, 48.633631735428828 ], [ 14.001516516017015, 48.633559004001455 ], [ 14.001518035670509, 48.633550630758918 ], [ 14.001608099808912, 48.633537255414041 ], [ 14.001730506710373, 48.633443917219225 ], [ 14.001833087921877, 48.633349522772228 ], [ 14.001852328526001, 48.633274221734084 ], [ 14.001808485095848, 48.633252256300963 ], [ 14.001841261699047, 48.633226615784743 ], [ 14.001904531527698, 48.633177146587265 ], [ 14.001861939505458, 48.633167945753051 ], [ 14.001778662101867, 48.633150072810288 ], [ 14.001758961354446, 48.633127250077415 ], [ 14.001722108818605, 48.633131597643249 ], [ 14.001683114014291, 48.633106816308732 ], [ 14.001678071492265, 48.633105136182053 ], [ 14.001642232276302, 48.63309346832029 ], [ 14.001636521139146, 48.633071645065527 ], [ 14.001642782713514, 48.633062705119755 ], [ 14.001677816148961, 48.633012317805139 ], [ 14.001653619687087, 48.632967215157336 ], [ 14.001655086955042, 48.632892105463789 ], [ 14.00174593742344, 48.632688588735419 ], [ 14.001751547375701, 48.632681721158818 ], [ 14.001964883666595, 48.632412117716122 ], [ 14.002018799149308, 48.632394721072998 ], [ 14.002012271496749, 48.632372722604984 ], [ 14.001990969254184, 48.632299721554482 ], [ 14.002039761839686, 48.632253572781302 ], [ 14.002087149044499, 48.632245477365295 ], [ 14.002165050086139, 48.632194305523903 ], [ 14.002161595427202, 48.632147735421768 ], [ 14.002160929996574, 48.632138295337171 ], [ 14.002163469519205, 48.632124879519125 ], [ 14.002177578979317, 48.632051586385607 ], [ 14.002196593147435, 48.632052916900911 ], [ 14.00227373645404, 48.632058322668698 ], [ 14.00230660235543, 48.632008307275569 ], [ 14.002319892721188, 48.631945092273078 ], [ 14.002321935052219, 48.631935187017611 ], [ 14.002253810451112, 48.631892853668134 ], [ 14.002230758008723, 48.631841808425108 ], [ 14.002203103436749, 48.631749865948173 ], [ 14.002163851064608, 48.631715642345391 ], [ 14.002151635224219, 48.631704919071538 ], [ 14.002144443091046, 48.631694436942844 ], [ 14.002284244199148, 48.631634816856199 ], [ 14.002258081492659, 48.631605465338936 ], [ 14.002161673834443, 48.631464537345636 ], [ 14.002150750459155, 48.631459293140566 ], [ 14.00213299866447, 48.631450670128139 ], [ 14.002131893620147, 48.631428280933385 ], [ 14.002129264940903, 48.631372172268044 ], [ 14.002125973190921, 48.631306803382394 ], [ 14.002117103882561, 48.63129255326951 ], [ 14.002141989658375, 48.631275861916826 ], [ 14.002249064046708, 48.631203926767938 ], [ 14.00235106890065, 48.631128242911323 ], [ 14.002443316030696, 48.631084813855743 ], [ 14.002509952416871, 48.631033616136214 ], [ 14.002492268695018, 48.630998909665102 ], [ 14.002553260558662, 48.63086841548283 ], [ 14.002554522729728, 48.630840256486081 ], [ 14.002567238074876, 48.630805916020726 ], [ 14.002588330276341, 48.630800129196885 ], [ 14.002598723889875, 48.63075419949611 ], [ 14.002571914587246, 48.630737713410632 ], [ 14.00258136321284, 48.630671282373342 ], [ 14.002610463952914, 48.630644853118227 ], [ 14.002566213195673, 48.630591410638488 ], [ 14.002585749827949, 48.630549476086514 ], [ 14.002561987565251, 48.630527306255978 ], [ 14.002525447104285, 48.630492887381273 ], [ 14.002515931542954, 48.630376736890192 ], [ 14.002719086496297, 48.63028518473871 ], [ 14.002758525300806, 48.630292064792641 ], [ 14.00270158542857, 48.630201908648161 ], [ 14.002641701623928, 48.630177516780755 ], [ 14.002598583459951, 48.630117232251443 ], [ 14.00261224355398, 48.630113826365303 ], [ 14.00265701108118, 48.630102687641255 ], [ 14.002622225364874, 48.630046672721399 ], [ 14.002588329630044, 48.630038231944752 ], [ 14.002598435255111, 48.630022344448378 ], [ 14.002614449802168, 48.630012179472388 ], [ 14.002631542738895, 48.630001468682075 ], [ 14.002620364676551, 48.629987051904422 ], [ 14.002599097378745, 48.629989781715729 ], [ 14.002583112107835, 48.629991761814068 ], [ 14.002575362261583, 48.629969680390438 ], [ 14.002560530268161, 48.629966437270106 ], [ 14.002542974225346, 48.629962400231896 ], [ 14.002538814002872, 48.629934631963714 ], [ 14.002549571112395, 48.629916672086544 ], [ 14.002525881749799, 48.62987921171122 ], [ 14.002731213745598, 48.629767410148887 ], [ 14.002683399714481, 48.629752932880322 ], [ 14.002619648494365, 48.629733689781851 ], [ 14.002648055104329, 48.62970609522273 ], [ 14.002670966987735, 48.629600282624132 ], [ 14.002719826627423, 48.629517796584771 ], [ 14.00273011460787, 48.629463772674228 ], [ 14.002700841645863, 48.629393425502286 ], [ 14.002711632572121, 48.629325907433589 ], [ 14.002691945719732, 48.62931450735811 ], [ 14.002713240815444, 48.629303502715132 ], [ 14.00272456032411, 48.629276635354721 ], [ 14.002738641271314, 48.629243006572167 ], [ 14.002710507556186, 48.629218523249371 ], [ 14.002750404039277, 48.629208491614826 ], [ 14.002774613738339, 48.629202507051062 ], [ 14.002764461562977, 48.629162630864357 ], [ 14.002749457879389, 48.62912530077152 ], [ 14.002731835435817, 48.629126570712515 ], [ 14.002637621372569, 48.629133225064763 ], [ 14.002580866524925, 48.629067621896262 ], [ 14.002620883421823, 48.629045987112043 ], [ 14.002577528707084, 48.629009178731913 ], [ 14.002564219846859, 48.628997832139994 ], [ 14.002572380326182, 48.62895758149331 ], [ 14.002576077509362, 48.628939302166692 ], [ 14.002574053179188, 48.628877523644405 ], [ 14.002573381911249, 48.628857200608884 ], [ 14.002571572555617, 48.628853703210893 ], [ 14.0025604345572, 48.628831910955377 ], [ 14.002549514273285, 48.628774680343483 ], [ 14.002540200997222, 48.628726254856304 ], [ 14.00253612271773, 48.628704782036486 ], [ 14.002538812845634, 48.628692534569403 ], [ 14.00254688322166, 48.628655792167322 ], [ 14.002469687762146, 48.628635546480908 ], [ 14.002463402053626, 48.628496442238273 ], [ 14.002381022169445, 48.628463544294874 ], [ 14.00249730562861, 48.628380313443735 ], [ 14.002524461227537, 48.628360910752598 ], [ 14.002498798252683, 48.628338571863637 ], [ 14.002275690813557, 48.628147100512884 ], [ 14.002158049446582, 48.628052703588843 ], [ 14.002178955381185, 48.627980450794141 ], [ 14.002188308875017, 48.627948468001087 ], [ 14.002188114776805, 48.627943972012162 ], [ 14.002187848229065, 48.627933900036339 ], [ 14.002043712097445, 48.6279097190356 ], [ 14.00201918352646, 48.627922450921268 ], [ 14.001965051778928, 48.627933283104348 ], [ 14.001935882667599, 48.627923016321681 ], [ 14.001901669210984, 48.62791088953955 ], [ 14.001811307243573, 48.627931911970101 ], [ 14.001726492012004, 48.627920343701234 ], [ 14.001731868323962, 48.62787462252021 ], [ 14.001699822178844, 48.627862213487582 ], [ 14.001690959198898, 48.627858846259976 ], [ 14.001656730919667, 48.627887373248633 ], [ 14.001562944249507, 48.62786407364927 ], [ 14.001572326368818, 48.627823816083527 ], [ 14.001579902481861, 48.627790764173746 ], [ 14.001562597158248, 48.62775371686481 ], [ 14.001547110444873, 48.627720886450781 ], [ 14.001517647104862, 48.6276983891375 ], [ 14.00144912669607, 48.62764598402233 ], [ 14.00142677459626, 48.627617330075751 ], [ 14.001358825092453, 48.62760890326512 ], [ 14.001312224574816, 48.627572742504412 ], [ 14.001282936465008, 48.627563735425106 ], [ 14.001114163356521, 48.6275124413472 ], [ 14.001009593919202, 48.627463209547066 ], [ 14.000919496645677, 48.627420910653569 ], [ 14.0008399125542, 48.627383678477727 ], [ 14.000608210078202, 48.627323837978892 ], [ 14.000405233634607, 48.627292434991816 ], [ 14.000254015546499, 48.627255520366816 ], [ 14.000081156377137, 48.627213332204853 ], [ 13.999789170508393, 48.627254927942602 ], [ 13.99974866824965, 48.627260015223627 ], [ 13.999692835520046, 48.627223276746875 ], [ 13.999617165550239, 48.627173879315343 ], [ 13.999508840734874, 48.6271383387162 ], [ 13.99940460242826, 48.627104033969218 ], [ 13.999364535404013, 48.627090320775203 ], [ 13.999337513321763, 48.62704667267451 ], [ 13.999327141526868, 48.627031531450115 ], [ 13.999298347175269, 48.627029176773831 ], [ 13.999260861883407, 48.627026241902087 ], [ 13.999105768511289, 48.627035757878623 ], [ 13.998959136550718, 48.627049093075492 ], [ 13.998864080448961, 48.627021841089309 ], [ 13.998756770092513, 48.626991240841178 ], [ 13.998657670046065, 48.626976513590506 ], [ 13.998461495883664, 48.626862322014446 ], [ 13.998363709597413, 48.626833735995532 ], [ 13.998217172582175, 48.626875401444337 ], [ 13.998155651386178, 48.626891850217355 ], [ 13.998149838551569, 48.626893502161558 ], [ 13.997971112961768, 48.626869602405797 ], [ 13.997837497900775, 48.626850753071317 ], [ 13.99775016262598, 48.626874993125 ], [ 13.997725140451154, 48.626870548003147 ], [ 13.997607922773488, 48.626850166336311 ], [ 13.997545640682162, 48.626860233224875 ], [ 13.997408928850037, 48.62687476942363 ], [ 13.996964109749568, 48.626669704188593 ], [ 13.99684010462734, 48.626691093271951 ], [ 13.99680815655319, 48.626696670739442 ], [ 13.996778077801141, 48.626678852704828 ], [ 13.996715179189263, 48.626641073528425 ], [ 13.996707950980806, 48.6265750071274 ], [ 13.996634574949192, 48.626524335597729 ], [ 13.996649946429395, 48.626464257274343 ], [ 13.996635777931484, 48.626459750461912 ], [ 13.996571876522765, 48.62643888597264 ], [ 13.996543354382586, 48.626394436243807 ], [ 13.996533122683335, 48.626379563805202 ], [ 13.996457121809266, 48.62633574261131 ], [ 13.996385698025987, 48.626362859667829 ], [ 13.996329325553754, 48.626357692273899 ], [ 13.996254779996715, 48.626321507779387 ], [ 13.996245496739544, 48.62631706321573 ], [ 13.996115332155766, 48.626365828750529 ], [ 13.996106930450509, 48.626345549403887 ], [ 13.996083014688733, 48.626290010640275 ], [ 13.995964763649205, 48.626262977476649 ], [ 13.995862554670731, 48.626101390230538 ], [ 13.99581135084337, 48.626086659507585 ], [ 13.995790098941949, 48.626079944102649 ], [ 13.995775751504636, 48.626050973983247 ], [ 13.995763355487073, 48.62602604021523 ], [ 13.995805489792131, 48.626021304842965 ], [ 13.995829604800127, 48.626018560146193 ], [ 13.995818535984531, 48.626012416749305 ], [ 13.995721238128105, 48.62595828224881 ], [ 13.995695221782693, 48.625950334579763 ], [ 13.995668383349917, 48.625941761959325 ], [ 13.995690565407076, 48.625894237117379 ], [ 13.995693600091023, 48.625887564252167 ], [ 13.995643642680898, 48.625843145556253 ], [ 13.995627154241197, 48.625837572434953 ], [ 13.995520588229843, 48.625801208735304 ], [ 13.995471999274782, 48.625757681649617 ], [ 13.995450735986042, 48.625750066827585 ], [ 13.995396209571553, 48.625730138068633 ], [ 13.995325570509566, 48.62567054598648 ], [ 13.995317202411533, 48.625663397917698 ], [ 13.995448604744679, 48.625267899867154 ], [ 13.995466108202859, 48.625215274801299 ], [ 13.995465345690784, 48.625050505353869 ], [ 13.995351385518781, 48.624924331218779 ], [ 13.99521137706483, 48.624777077835731 ], [ 13.995080176664466, 48.624639488259042 ], [ 13.994680879229113, 48.624384958818382 ], [ 13.994510573369427, 48.624276370820617 ], [ 13.994197049808916, 48.624076579953034 ], [ 13.994076197942695, 48.624015561467743 ], [ 13.994036870217297, 48.623995726222951 ], [ 13.993672277329109, 48.623844071156128 ], [ 13.993472890330336, 48.623742031464694 ], [ 13.99343348924373, 48.623716440139169 ], [ 13.993309402113482, 48.623635741783346 ], [ 13.993132361839427, 48.623477631639339 ], [ 13.992945700604333, 48.623299158549663 ], [ 13.992829482011263, 48.62316534954644 ], [ 13.99262270054912, 48.622930505579092 ], [ 13.992606221187909, 48.622914948409331 ], [ 13.992422052856528, 48.622740148050205 ], [ 13.992196547440296, 48.622430666769723 ], [ 13.992043092722334, 48.622196151347474 ], [ 13.991960455792414, 48.622035799537905 ], [ 13.99179551077078, 48.621666435171193 ], [ 13.991686924882854, 48.621662188667571 ], [ 13.991687722656939, 48.621650311822179 ], [ 13.991690849399495, 48.621608381213818 ], [ 13.99155004594421, 48.621715753963407 ], [ 13.991435058908811, 48.621762630324213 ], [ 13.991289829740255, 48.621821009157912 ], [ 13.991111780095741, 48.621816522698353 ], [ 13.990983649086727, 48.621832802160689 ], [ 13.990961369470838, 48.621830408870686 ], [ 13.990929987175836, 48.621826987375265 ], [ 13.99065775822034, 48.621756561702028 ], [ 13.990612087943637, 48.621717873050464 ], [ 13.990574711843218, 48.621701893197447 ], [ 13.990386354341821, 48.621740096039652 ], [ 13.990169244725891, 48.621725843676863 ], [ 13.990037495987103, 48.621649951725509 ], [ 13.990014176286795, 48.62164045866006 ], [ 13.989969173944148, 48.62162218287483 ], [ 13.989917436552719, 48.621586406113252 ], [ 13.989913056610334, 48.621583372633118 ], [ 13.989835718614271, 48.621582636878522 ], [ 13.989760959203304, 48.62158197656413 ], [ 13.98957720232726, 48.621555394002151 ], [ 13.98956320355072, 48.621553403762782 ], [ 13.989461210947697, 48.621523574699182 ], [ 13.989236904314053, 48.621466098771648 ], [ 13.989201458916169, 48.621452536107739 ], [ 13.989180182755096, 48.621433047859 ], [ 13.989176612211324, 48.621429650050899 ], [ 13.989117002660651, 48.62135092468116 ], [ 13.989036141807075, 48.621243986477651 ], [ 13.989024193822061, 48.621221927599741 ], [ 13.988925723854795, 48.6211596991851 ], [ 13.988915601899622, 48.62115319006319 ], [ 13.988871456044549, 48.621127533808107 ], [ 13.988731908679435, 48.621046197561114 ], [ 13.988694179915784, 48.621023743248685 ], [ 13.988529594607762, 48.620925727669466 ], [ 13.988442783836449, 48.620884120317882 ], [ 13.988369211606436, 48.620848734816818 ], [ 13.988029897742702, 48.620825627995472 ], [ 13.987662655400559, 48.620793232291973 ], [ 13.987527375243157, 48.620780586564024 ], [ 13.987229350830027, 48.620718481751652 ], [ 13.986937241734594, 48.620630709667154 ], [ 13.986851447580058, 48.620604925283104 ], [ 13.986682310392784, 48.620554062191566 ], [ 13.986544903630529, 48.62051273565443 ], [ 13.986322886597998, 48.620431946380755 ], [ 13.986269988037256, 48.620411284760443 ], [ 13.98623658690197, 48.620398339399983 ], [ 13.9859914849301, 48.620251480763777 ], [ 13.985893881123451, 48.620192932602947 ], [ 13.985829495995469, 48.620154346350155 ], [ 13.985322523821484, 48.619896517166559 ], [ 13.985241070223394, 48.619870527558994 ], [ 13.985158663741396, 48.61984427337142 ], [ 13.98513714222673, 48.619837377651578 ], [ 13.985126381471551, 48.619833929790161 ], [ 13.985102680457537, 48.619826326655371 ], [ 13.985009104150761, 48.619796446890255 ], [ 13.984832847089049, 48.619740044333675 ], [ 13.984811327937576, 48.619733328425291 ], [ 13.984416008150017, 48.619614644343898 ], [ 13.984402378380226, 48.619609593405642 ], [ 13.984397880340689, 48.619607909507842 ], [ 13.984340708550373, 48.619442284009246 ], [ 13.984227428504253, 48.619356029456767 ], [ 13.984205512092702, 48.619339332064357 ], [ 13.984198391280081, 48.61933406504707 ], [ 13.984179764562272, 48.61932004763392 ], [ 13.983958255595653, 48.619149938481691 ], [ 13.983872242919865, 48.619042125869385 ], [ 13.983830843329956, 48.618975798593638 ], [ 13.983785069037543, 48.618906797331135 ], [ 13.983686294028846, 48.618765866781295 ], [ 13.98360983332136, 48.618640911905636 ], [ 13.983540328264345, 48.618572581944179 ], [ 13.983514878140149, 48.618544571319504 ], [ 13.983448299644699, 48.618471638003214 ], [ 13.98328696235723, 48.618339329025574 ], [ 13.983039863169154, 48.618441255377014 ], [ 13.982851058284872, 48.618518753428241 ], [ 13.982802346266105, 48.618539350489748 ], [ 13.982764562599693, 48.61855520994127 ], [ 13.9826015474865, 48.61862321059143 ], [ 13.98248684680707, 48.618682128905689 ], [ 13.982443570158843, 48.618692712107361 ], [ 13.982413412708466, 48.618700164555207 ], [ 13.982090871329017, 48.618779481734443 ], [ 13.981976168265863, 48.618827516549814 ], [ 13.981790964229244, 48.618911108986325 ], [ 13.981728164243375, 48.618879527193492 ], [ 13.981715331827806, 48.618873122396764 ], [ 13.981691821769411, 48.618869834740437 ], [ 13.981632981077727, 48.618861795826177 ], [ 13.981620749022294, 48.618859974746378 ], [ 13.981613681763877, 48.618858934557828 ], [ 13.981460988454632, 48.619003507183514 ], [ 13.981436305482191, 48.619025589654022 ], [ 13.981306811034255, 48.619138014284836 ], [ 13.981271786009854, 48.619168338668977 ], [ 13.981160304648954, 48.619008948252848 ], [ 13.981060191464046, 48.618868922359049 ], [ 13.981023733364003, 48.618817677061649 ], [ 13.980975953152448, 48.618750664538204 ], [ 13.980959249102602, 48.618727641767208 ], [ 13.980885539855104, 48.618626774435654 ], [ 13.980868496898756, 48.618619943114638 ], [ 13.980819145037751, 48.618600518619033 ], [ 13.980776335925363, 48.618583576316105 ], [ 13.980497668746015, 48.618473318306769 ], [ 13.980088070051533, 48.618393463631762 ], [ 13.979796714939202, 48.61834209620126 ], [ 13.9796571744359, 48.618281165989025 ], [ 13.979591018115599, 48.618252209896639 ], [ 13.979470310080009, 48.618200169763803 ], [ 13.979409069942298, 48.618173794770115 ], [ 13.979244491578161, 48.618149878470398 ], [ 13.979078147718173, 48.618125791789694 ], [ 13.978982879707505, 48.618111926257164 ], [ 13.978867092063224, 48.618095205654143 ], [ 13.97851164432779, 48.618006052793966 ], [ 13.97844213309069, 48.618001578806414 ], [ 13.978302296781202, 48.617992635189474 ], [ 13.978113237559661, 48.617974428528846 ], [ 13.978051440157151, 48.617968472768631 ], [ 13.977800579821512, 48.617933157003264 ], [ 13.97774961947824, 48.617925972204041 ], [ 13.977719451114806, 48.617921731023756 ], [ 13.977700963989756, 48.617918684759957 ], [ 13.97764155766683, 48.617908668231408 ], [ 13.977404801117119, 48.617862121203359 ], [ 13.977186623834534, 48.617815111794769 ], [ 13.977083112519749, 48.617792835473594 ], [ 13.976782717138095, 48.617777397183467 ], [ 13.976727470406312, 48.617774552713684 ], [ 13.976712810663988, 48.617773823765262 ], [ 13.976327227980947, 48.617693464282134 ], [ 13.9763016392127, 48.617686589272822 ], [ 13.976201461256156, 48.617659616882818 ], [ 13.97606165076097, 48.617641766181862 ], [ 13.975906872345801, 48.617620219864868 ], [ 13.97577840357647, 48.617608962320922 ], [ 13.975742551967393, 48.617605831113266 ], [ 13.975711011804846, 48.617600337751242 ], [ 13.975611770478919, 48.617583163417393 ], [ 13.975516189368248, 48.617565789046104 ], [ 13.975477304279753, 48.617558716935115 ], [ 13.975207862181163, 48.617501551623086 ], [ 13.975182283748076, 48.617495485792873 ], [ 13.975101330070496, 48.617476232077834 ], [ 13.975106056312761, 48.617561561292625 ], [ 13.975106243524332, 48.617565697606203 ], [ 13.97497712096799, 48.617774081510284 ], [ 13.97488147565274, 48.617795112271608 ], [ 13.974799404249184, 48.617914825085393 ], [ 13.974679163986735, 48.617965221575908 ], [ 13.974509565867493, 48.618071742222966 ], [ 13.974471481421231, 48.618118091021081 ], [ 13.974426834968428, 48.618116806396557 ], [ 13.974325198317132, 48.618114304652963 ], [ 13.974263169310348, 48.618166001067571 ], [ 13.974204987161096, 48.618178011921756 ], [ 13.974168549933477, 48.618182348632537 ], [ 13.974086024673735, 48.618178572863236 ], [ 13.974027836191345, 48.618222782943 ], [ 13.973996094577895, 48.618244722568512 ], [ 13.97396113012625, 48.618258405138377 ], [ 13.973849489038074, 48.618302277891978 ], [ 13.973652184708119, 48.618373691473707 ], [ 13.97363885607645, 48.618392742126929 ], [ 13.973577728921631, 48.618429772672059 ], [ 13.973578412575408, 48.618473840566395 ], [ 13.973503279006366, 48.618508159429886 ], [ 13.97345803605586, 48.618535299399014 ], [ 13.973446535922065, 48.618548673682369 ], [ 13.973384972042204, 48.618561512084803 ], [ 13.973343068728017, 48.618584496421263 ], [ 13.973332174490315, 48.618613877074985 ], [ 13.97334257794304, 48.618643231291408 ], [ 13.973343838270011, 48.618668228306383 ], [ 13.973333606973437, 48.618685463153902 ], [ 13.973308104930105, 48.618696485496301 ], [ 13.973291375228845, 48.618703862217764 ], [ 13.973278158936072, 48.618710140434942 ], [ 13.973230699177515, 48.618711748870879 ], [ 13.973217136691082, 48.618712002852519 ], [ 13.973098271574605, 48.618742333083482 ], [ 13.973045961814885, 48.618779405118381 ], [ 13.97299014659693, 48.618785466254863 ], [ 13.972965583883102, 48.618850268756496 ], [ 13.972952302255269, 48.618862213643879 ], [ 13.972923736666122, 48.618888722668508 ], [ 13.972919045976274, 48.61889333532951 ], [ 13.97292061630808, 48.618899622699708 ], [ 13.972924603259623, 48.618914801138828 ], [ 13.972911650806061, 48.618909565286749 ], [ 13.972880970307349, 48.618896871103445 ], [ 13.972840737674911, 48.618901497947263 ], [ 13.972827733522132, 48.618924863948628 ], [ 13.9728513699161, 48.618949289077989 ], [ 13.972830110704235, 48.618963346177331 ], [ 13.972807376594416, 48.618967877465543 ], [ 13.972783288235494, 48.618972596027163 ], [ 13.972779539732899, 48.618965690952855 ], [ 13.972769411806309, 48.61894757794785 ], [ 13.972760963040876, 48.618933593109979 ], [ 13.972729473761321, 48.618932236004241 ], [ 13.972698428992478, 48.618966673408835 ], [ 13.972713096437424, 48.619000771327215 ], [ 13.9726899347437, 48.619014568959912 ], [ 13.972647919592605, 48.619017676451897 ], [ 13.972579721547502, 48.619009774018217 ], [ 13.972564865610579, 48.619026044671678 ], [ 13.972471715592016, 48.619051646861358 ], [ 13.972414764590024, 48.619053666525936 ], [ 13.97245064937175, 48.619103118736241 ], [ 13.972438280809294, 48.619123063424034 ], [ 13.972431896959357, 48.619133351653545 ], [ 13.972426669191728, 48.619138416934824 ], [ 13.972380417499334, 48.619182740910752 ], [ 13.972292273967447, 48.619163614434157 ], [ 13.972260604011963, 48.619224228265615 ], [ 13.972270142342651, 48.619238566961371 ], [ 13.972230991131743, 48.619264773787101 ], [ 13.972213711295264, 48.619260640768694 ], [ 13.97219466133296, 48.61925597775069 ], [ 13.972130444694869, 48.619273776765667 ], [ 13.972111403997253, 48.619302662069195 ], [ 13.972155623141509, 48.619324096930519 ], [ 13.972157546646788, 48.61934792108265 ], [ 13.972170183074834, 48.619371416976797 ], [ 13.972163839935231, 48.619374059893744 ], [ 13.972142921469606, 48.619382808423993 ], [ 13.972140408588109, 48.619431750603113 ], [ 13.972120102505205, 48.619435189208204 ], [ 13.972101420861904, 48.619438349124358 ], [ 13.972099336874964, 48.619456258956795 ], [ 13.972098721114978, 48.619461299069457 ], [ 13.972089034072985, 48.619478710714006 ], [ 13.97207523801705, 48.619482023865515 ], [ 13.972069151652491, 48.619483496130229 ], [ 13.971985961377834, 48.61947000876016 ], [ 13.971951162662208, 48.6194643522715 ], [ 13.971934347290658, 48.619453920736611 ], [ 13.97189874672806, 48.619471113883101 ], [ 13.971812997593599, 48.61950288118787 ], [ 13.971800650582543, 48.619426137991148 ], [ 13.971730042875297, 48.619453685362451 ], [ 13.971732125566003, 48.619457541518337 ], [ 13.971750039172475, 48.619490902316009 ], [ 13.971730555144859, 48.619505938895422 ], [ 13.971726173997997, 48.619557409620491 ], [ 13.971761264943229, 48.619586629396373 ], [ 13.971654021562639, 48.619613566929196 ], [ 13.971653178330898, 48.619633088945783 ], [ 13.971652645038594, 48.619644784316279 ], [ 13.971621900881045, 48.619659792299998 ], [ 13.971561491021424, 48.619689262713806 ], [ 13.971528039783697, 48.619682879220782 ], [ 13.971507370848208, 48.619678944449319 ], [ 13.971413978698392, 48.619696092549148 ], [ 13.971358555870436, 48.61970107145725 ], [ 13.971363957993534, 48.619721009159342 ], [ 13.971377044109209, 48.619769866334003 ], [ 13.971391832729513, 48.619824740346864 ], [ 13.971308114553068, 48.619911001069894 ], [ 13.971245693761288, 48.619975289826918 ], [ 13.971172463620441, 48.619977397542499 ], [ 13.971114827720616, 48.619978970588285 ], [ 13.970981972187049, 48.620019178489969 ], [ 13.970808605358876, 48.62009639301445 ], [ 13.970739091240052, 48.620113770373209 ], [ 13.970546508679115, 48.620162037809109 ], [ 13.970543853539937, 48.620166729237951 ], [ 13.970538939082335, 48.620175210522049 ], [ 13.970527782591178, 48.620194518803693 ], [ 13.970472335463006, 48.620263356235228 ], [ 13.970402590484758, 48.620349810093991 ], [ 13.970357016557386, 48.620405282347818 ], [ 13.970320762247407, 48.62043552014309 ], [ 13.970194544525128, 48.620540898966979 ], [ 13.969937224139585, 48.620806547328883 ], [ 13.969817210281738, 48.620942022552754 ], [ 13.969781909334353, 48.620939696001628 ], [ 13.969682028606979, 48.620937000780621 ], [ 13.969400097043593, 48.620923961564898 ], [ 13.969056334300534, 48.621144116972793 ], [ 13.969044738987908, 48.62116090910699 ], [ 13.968990496216836, 48.621239632862618 ], [ 13.968937716606654, 48.621316010158999 ], [ 13.968891371640074, 48.621386146519811 ], [ 13.968873792788083, 48.621412774771478 ], [ 13.968853213404891, 48.621526033368845 ], [ 13.968669194967623, 48.621554284073973 ], [ 13.968649438204423, 48.621558348681916 ], [ 13.968621156272359, 48.621564168422239 ], [ 13.968566453826822, 48.621572739762058 ], [ 13.968542216000401, 48.621576468886481 ], [ 13.968513375892377, 48.621581032440901 ], [ 13.968414937878121, 48.62159640663485 ], [ 13.968353198264415, 48.62151840197005 ], [ 13.968227928364774, 48.621360153694837 ], [ 13.968056827811905, 48.621214745514045 ], [ 13.968042294380066, 48.621202322343038 ], [ 13.967982484730973, 48.621192752820214 ], [ 13.967958425223742, 48.621188925737528 ], [ 13.967853354478637, 48.621194441791893 ], [ 13.967735288884439, 48.621169267999171 ], [ 13.967581735754944, 48.621214710782873 ], [ 13.967465092841378, 48.621227934214282 ], [ 13.967309266943966, 48.621265114285961 ], [ 13.967199487382995, 48.621284866062155 ], [ 13.967162623227011, 48.621298826667662 ], [ 13.96711483201223, 48.621295757425095 ], [ 13.967081067355339, 48.621319055191982 ], [ 13.967034591620259, 48.621334686716111 ], [ 13.966989952028163, 48.621323145831781 ], [ 13.966885569918883, 48.621296458087286 ], [ 13.966854021330647, 48.621279359884198 ], [ 13.966786145343237, 48.621242670923777 ], [ 13.966651117889381, 48.621217138064232 ], [ 13.966611684221393, 48.621209706215211 ], [ 13.966570502715216, 48.621148408597023 ], [ 13.966542588615354, 48.621140015026029 ], [ 13.966446999157716, 48.621111210693037 ], [ 13.966248159756525, 48.621081525181694 ], [ 13.965970071881998, 48.621072144564799 ], [ 13.965917426449828, 48.621038340920151 ], [ 13.965818672450489, 48.621016928403996 ], [ 13.965544289232994, 48.620988818856304 ], [ 13.965518303430336, 48.620993815978494 ], [ 13.965479866226026, 48.621001218786454 ], [ 13.965379877400398, 48.620989706176061 ], [ 13.965163463977483, 48.620987096233193 ], [ 13.965049774266971, 48.6209756572487 ], [ 13.964997777194435, 48.620983582741083 ], [ 13.96487357386949, 48.620977686741291 ], [ 13.964821904266726, 48.620968071718366 ], [ 13.964816193591254, 48.620967023204315 ], [ 13.964668016090844, 48.620931035759469 ], [ 13.964548955670271, 48.620901996625534 ], [ 13.964411509463584, 48.620867120268855 ], [ 13.964333042493188, 48.620862686158375 ], [ 13.964254162139788, 48.620835588861929 ], [ 13.96423094693648, 48.620812059190278 ], [ 13.96418643777279, 48.620766788322889 ], [ 13.964157278156382, 48.620745269375028 ], [ 13.964096494110578, 48.620700355950937 ], [ 13.963911613389774, 48.620514182323717 ], [ 13.963806459153673, 48.620357709808161 ], [ 13.963790881258181, 48.620293125416637 ], [ 13.963792607842882, 48.620256869525974 ], [ 13.963830974363205, 48.620099714329257 ], [ 13.963805128350359, 48.620071791574148 ], [ 13.963741642413416, 48.62008310621124 ], [ 13.963720300264598, 48.620068470602675 ], [ 13.963717017112291, 48.620066239724693 ], [ 13.963691618339173, 48.619952959636528 ], [ 13.963686020745229, 48.619927895960409 ], [ 13.963673969828463, 48.619874355417913 ], [ 13.963668061738057, 48.619823929782015 ], [ 13.963687077787235, 48.619726150483174 ], [ 13.963705381452423, 48.619680991054153 ], [ 13.963713722575575, 48.619664216957617 ], [ 13.96373437628996, 48.619622642552272 ], [ 13.963817294972172, 48.619470104369142 ], [ 13.963784085390477, 48.619261797647617 ], [ 13.963738805010291, 48.619208795724646 ], [ 13.963719941238955, 48.61919711485691 ], [ 13.963640520501905, 48.619147804379544 ], [ 13.963564678517681, 48.619102701864009 ], [ 13.96339477209523, 48.618820388687567 ], [ 13.963316856011041, 48.618705502177718 ], [ 13.963260709221522, 48.618618020781142 ], [ 13.963170662683282, 48.618542773888784 ], [ 13.962936779214777, 48.618397515873809 ], [ 13.962772298183735, 48.618314394118372 ], [ 13.962631882879647, 48.618213514192405 ], [ 13.962550881106417, 48.61819002481829 ], [ 13.962520386495502, 48.618181194442087 ], [ 13.962500734437718, 48.618127154921503 ], [ 13.962391455781656, 48.61807647496363 ], [ 13.962347311281814, 48.618005208153235 ], [ 13.962342814103421, 48.618003523407673 ], [ 13.962337498657293, 48.61800148328841 ], [ 13.962325739751911, 48.61799390136845 ], [ 13.962313845204527, 48.61798632017576 ], [ 13.962250311037106, 48.618015712633955 ], [ 13.962208281790526, 48.618017647215353 ], [ 13.962195673345493, 48.61801825456768 ], [ 13.962131681596928, 48.618021296406717 ], [ 13.962073366684281, 48.617944888934005 ], [ 13.962046482034141, 48.617909506158995 ], [ 13.962020288825119, 48.617875198970047 ], [ 13.96195672084268, 48.617812940531124 ], [ 13.961909370512844, 48.617756801017954 ], [ 13.961884465752284, 48.617739126156934 ], [ 13.961846151445027, 48.617711989397691 ], [ 13.961767492051814, 48.617669149375708 ], [ 13.961736317934356, 48.617671295369163 ], [ 13.961561473551916, 48.61762789194573 ], [ 13.961515602234979, 48.617615096396669 ], [ 13.961486634661268, 48.617620198575779 ], [ 13.961477565132009, 48.617621776233158 ], [ 13.961453470751989, 48.617592674296347 ], [ 13.961302851987258, 48.617533490647794 ], [ 13.961286395152326, 48.617529981203866 ], [ 13.961144403080869, 48.617499622490229 ], [ 13.96110315604562, 48.617454422859929 ], [ 13.961003551935935, 48.617462691722118 ], [ 13.960913687570153, 48.617457596888848 ], [ 13.960820436775553, 48.617464032710146 ], [ 13.960712355815611, 48.617466860276828 ], [ 13.960601136178232, 48.617457022728054 ], [ 13.960586304953198, 48.617453324595473 ], [ 13.960485617205098, 48.617428320270335 ], [ 13.960326468981576, 48.617314676173208 ], [ 13.960180458200741, 48.617210405456447 ], [ 13.960154903326508, 48.617183829445452 ], [ 13.960142263184975, 48.617170675616038 ], [ 13.960090389478513, 48.617065900927912 ], [ 13.960083072304705, 48.617055416866769 ], [ 13.960060287237788, 48.61702235018403 ], [ 13.960061394063084, 48.617001837475058 ], [ 13.960076490602342, 48.616971626103137 ], [ 13.960113034005392, 48.616942559141648 ], [ 13.960096034869318, 48.616939052433189 ], [ 13.960063396315581, 48.616932301558727 ], [ 13.960041636554703, 48.616927741013257 ], [ 13.959998236174465, 48.616906117328035 ], [ 13.959806905616338, 48.616901024874139 ], [ 13.959757808245421, 48.616845973132051 ], [ 13.959746532372213, 48.616833441555897 ], [ 13.959740894437671, 48.616827175767426 ], [ 13.959653726630886, 48.616809473663274 ], [ 13.959625915587008, 48.616831568248294 ], [ 13.959613531646033, 48.616828306615929 ], [ 13.959586043262592, 48.616821168300177 ], [ 13.959544792663374, 48.616786671238877 ], [ 13.9595246519863, 48.616759076775736 ], [ 13.959564461903092, 48.616708586309137 ], [ 13.959473128847241, 48.616682991442083 ], [ 13.959434019090173, 48.616679512903467 ], [ 13.959411107644948, 48.616669471932774 ], [ 13.959359459604491, 48.616705814782598 ], [ 13.959308770996255, 48.61670950351629 ], [ 13.95927906511586, 48.616754273543684 ], [ 13.959250602038308, 48.616767377319682 ], [ 13.959235324534474, 48.616805054743089 ], [ 13.959188042020463, 48.616832290036456 ], [ 13.959109800263121, 48.616845839660179 ], [ 13.959050273856702, 48.616859019416914 ], [ 13.95900309417315, 48.616872403010539 ], [ 13.958960700337219, 48.616877756178013 ], [ 13.958922674235287, 48.616896487363405 ], [ 13.958865766606772, 48.616901918021853 ], [ 13.958824702614804, 48.616927411053275 ], [ 13.958797560958962, 48.61692647670197 ], [ 13.958739305237394, 48.616954939659088 ], [ 13.958696946450681, 48.616952017876095 ], [ 13.958672916922065, 48.616950437283982 ], [ 13.95862047128738, 48.617010528753511 ], [ 13.958577951484564, 48.617016691932129 ], [ 13.958549881686837, 48.6170398669421 ], [ 13.958529204299651, 48.617068578888741 ], [ 13.958479128827159, 48.617078110219325 ], [ 13.95841405406621, 48.617125946944014 ], [ 13.958340357494384, 48.617156380889938 ], [ 13.958296138042163, 48.617145464051319 ], [ 13.958255855015224, 48.617112400454509 ], [ 13.958218374916004, 48.617109092698072 ], [ 13.958164430875588, 48.617135193866204 ], [ 13.958089905513328, 48.617108518892621 ], [ 13.958056351223789, 48.617149261732187 ], [ 13.958016746647498, 48.61714974280833 ], [ 13.958037470515682, 48.617113655461409 ], [ 13.958009047972357, 48.617107780948245 ], [ 13.957974956733869, 48.617070726780796 ], [ 13.95772688808062, 48.617051542802933 ], [ 13.957348458298462, 48.616998785044174 ], [ 13.957170741142608, 48.617064849828424 ], [ 13.957064696550692, 48.617045357568621 ], [ 13.957018423731533, 48.617066470541779 ], [ 13.956992973444109, 48.617104381714533 ], [ 13.956982313717983, 48.617120268271819 ], [ 13.956877370846103, 48.61718054853764 ], [ 13.956868661268777, 48.617200651975203 ], [ 13.956864307022155, 48.617210748661755 ], [ 13.956838958430456, 48.617245871053754 ], [ 13.956792754662613, 48.617239101545799 ], [ 13.956738597416573, 48.617247664495906 ], [ 13.956631862052491, 48.617271977276559 ], [ 13.956620892973824, 48.617262321917259 ], [ 13.956612391614067, 48.617254812032229 ], [ 13.956550587329751, 48.617236792758924 ], [ 13.95648990022622, 48.617232618576978 ], [ 13.95638757600358, 48.61722911558639 ], [ 13.956281418242853, 48.617233907561051 ], [ 13.956218223572659, 48.617269141171036 ], [ 13.956182350874364, 48.617308996372586 ], [ 13.956136776346261, 48.617331814175806 ], [ 13.956106545178168, 48.617333414005579 ], [ 13.956067808694682, 48.617338386905701 ], [ 13.956039527982208, 48.6173554463697 ], [ 13.956016300564364, 48.617364114354757 ], [ 13.955987005829217, 48.617364629870927 ], [ 13.955966126146675, 48.617354307604444 ], [ 13.955882461560853, 48.617334605354223 ], [ 13.955845234778735, 48.617307370923157 ], [ 13.955805853505177, 48.617303892616825 ], [ 13.955786786180541, 48.617297608075404 ], [ 13.955613750809221, 48.617268666849675 ], [ 13.955599478875666, 48.617266314246052 ], [ 13.95559058703755, 48.617260155492211 ], [ 13.955550779974912, 48.617232664850953 ], [ 13.955495088269904, 48.617248970388808 ], [ 13.955431046258415, 48.61732639086442 ], [ 13.955364682568009, 48.617312712401727 ], [ 13.955289940987431, 48.617335414954972 ], [ 13.955246111094187, 48.617367936878509 ], [ 13.955163757156939, 48.61740057339027 ], [ 13.954841674993954, 48.61754313215495 ], [ 13.954780339890496, 48.617552721647336 ], [ 13.954720565200146, 48.617556726426407 ], [ 13.954280224158451, 48.617578309471078 ], [ 13.95424043903504, 48.617586345351157 ], [ 13.954162088467623, 48.617602320663174 ], [ 13.954093419482628, 48.617633714624823 ], [ 13.954011502410436, 48.617702684551205 ], [ 13.953947413290164, 48.617765174068786 ], [ 13.953942184928254, 48.61777032846517 ], [ 13.953905782290779, 48.617845173174629 ], [ 13.953842749379506, 48.617939046770729 ], [ 13.953800773248812, 48.618001688864695 ], [ 13.953727965685063, 48.618038680926958 ], [ 13.953676800856499, 48.618059278819693 ], [ 13.953658003132348, 48.618086630790131 ], [ 13.953649739373654, 48.618098816720106 ], [ 13.953600603725654, 48.61811895412135 ], [ 13.953527001291393, 48.618112508311711 ], [ 13.953468200528143, 48.618107333212535 ], [ 13.953365805760191, 48.618131889832917 ], [ 13.953167569648569, 48.618207051278389 ], [ 13.953114146079599, 48.618231618320209 ], [ 13.953019368403522, 48.618269175903748 ], [ 13.952726002767639, 48.618409148354644 ], [ 13.952697237956329, 48.618442489039538 ], [ 13.952653461325911, 48.618490929397069 ], [ 13.952578142020327, 48.618533510407502 ], [ 13.952556333342852, 48.618558719504541 ], [ 13.952550846447105, 48.618564954505267 ], [ 13.952527376838781, 48.618632535012544 ], [ 13.95249373577091, 48.618700349168272 ], [ 13.952481283417704, 48.618725238960153 ], [ 13.952476251026056, 48.618735428997361 ], [ 13.952461197145398, 48.618848565533533 ], [ 13.952453377483321, 48.618897715140129 ], [ 13.952429153183596, 48.619049215378695 ], [ 13.952418426591336, 48.619116098892839 ], [ 13.952372630616441, 48.619165898926219 ], [ 13.952350133475987, 48.619167726726843 ], [ 13.952279797746582, 48.619173584901361 ], [ 13.952009978332283, 48.619196416654667 ], [ 13.951960742141976, 48.619197036493986 ], [ 13.951857114022843, 48.61919821339643 ], [ 13.951727094412954, 48.619272292522865 ], [ 13.951661945337213, 48.619438938980679 ], [ 13.951651240046704, 48.619609345359933 ], [ 13.951651008711668, 48.619612674429497 ], [ 13.95164820746842, 48.619695705539336 ], [ 13.951642437221789, 48.619757436103683 ], [ 13.951638999327232, 48.619776162155098 ], [ 13.951633778975921, 48.619804611334246 ], [ 13.951620406227232, 48.619877175047677 ], [ 13.951598318520007, 48.619924421165024 ], [ 13.9515988635073, 48.619958506241588 ], [ 13.951579360673245, 48.620006368300942 ], [ 13.951579101681942, 48.620018691698235 ], [ 13.951577748403025, 48.620075452132873 ], [ 13.951574647646371, 48.620099662850635 ], [ 13.951573897459513, 48.620104973378005 ], [ 13.951546600630641, 48.620170325281237 ], [ 13.951538134273264, 48.620199601059497 ], [ 13.951550961916391, 48.620284978076299 ], [ 13.951531939124946, 48.62030504556526 ], [ 13.951527908386781, 48.620364788202309 ], [ 13.951476689375694, 48.620494125021573 ], [ 13.951383138868092, 48.620589147542695 ], [ 13.951335250357531, 48.620623038464842 ], [ 13.951202328005632, 48.62072690298028 ], [ 13.951102067625632, 48.620839409362972 ], [ 13.951005326852178, 48.620973932825486 ], [ 13.950957863625792, 48.621032015677848 ], [ 13.95090644072212, 48.621099293447543 ], [ 13.950854736124999, 48.621143097875766 ], [ 13.950837813616674, 48.621225213984239 ], [ 13.950793305095749, 48.621416574866153 ], [ 13.950744542488797, 48.621558670058569 ], [ 13.950732879880224, 48.621581666680228 ], [ 13.950704889983385, 48.62164594268021 ], [ 13.950673459099109, 48.621762672840426 ], [ 13.950645249397402, 48.62198965456637 ], [ 13.950647051574151, 48.622038123657717 ], [ 13.950647722757774, 48.622060155842426 ], [ 13.950617786949644, 48.622177147906221 ], [ 13.950582638278043, 48.622198829209658 ], [ 13.95051423710237, 48.622321150614475 ], [ 13.950511753421585, 48.622328988630244 ], [ 13.950440529515173, 48.622555387402386 ], [ 13.950375655300753, 48.622575876120251 ], [ 13.950325818722442, 48.622605909351563 ], [ 13.950283552914344, 48.622622411430164 ], [ 13.950132030690337, 48.62273707561517 ], [ 13.950052597091329, 48.622821949121743 ], [ 13.949981242339463, 48.622890410652182 ], [ 13.949911344288378, 48.622989894344876 ], [ 13.949866656960028, 48.623076113808423 ], [ 13.949839344591156, 48.623151808567201 ], [ 13.949748832239253, 48.62329727089093 ], [ 13.949731584155494, 48.623329740655734 ], [ 13.949695490154353, 48.623397206949996 ], [ 13.949667757442537, 48.623449159270763 ], [ 13.949618988736827, 48.623489170085087 ], [ 13.949611678153316, 48.623535798321697 ], [ 13.949572961086002, 48.62359950082152 ], [ 13.94951615491552, 48.623591435097019 ], [ 13.949475928392671, 48.623585710557336 ], [ 13.949460174601064, 48.623573021712232 ], [ 13.949424420671884, 48.62354424856818 ], [ 13.949384430971801, 48.623558309912745 ], [ 13.949337312592833, 48.623577535407378 ], [ 13.949331358410767, 48.623612823843153 ], [ 13.949262086533635, 48.623764829719548 ], [ 13.949193898328643, 48.623803323511957 ], [ 13.949162858055407, 48.623896396411361 ], [ 13.949152642271988, 48.623927030272597 ], [ 13.949099218041216, 48.623986222897258 ], [ 13.949140786175958, 48.624013346618298 ], [ 13.949187270066389, 48.624088473301576 ], [ 13.949166551379355, 48.624103062833065 ], [ 13.949052064438009, 48.624127319343124 ], [ 13.949014016350285, 48.624337802815511 ], [ 13.949003200325231, 48.624397670830561 ], [ 13.948999171849115, 48.624446530292111 ], [ 13.94899228757733, 48.624528863035124 ], [ 13.948979011069214, 48.624689298668464 ], [ 13.948965465591106, 48.624827250305721 ], [ 13.948872550955395, 48.624908416199922 ], [ 13.94891348271427, 48.624984381609416 ], [ 13.948744109236365, 48.624991207740415 ], [ 13.94869035430483, 48.625090965520862 ], [ 13.948614257089726, 48.625160350442151 ], [ 13.948446627150396, 48.625313142123652 ], [ 13.94836320749134, 48.625610027481208 ], [ 13.94833714638049, 48.625711258597292 ], [ 13.948318351550945, 48.625784749562591 ], [ 13.948261213502063, 48.625987597840442 ], [ 13.948101955336529, 48.626114621723147 ], [ 13.948127537839898, 48.62616638370752 ], [ 13.948216665169303, 48.626347148022973 ], [ 13.94804144749393, 48.62654665846766 ], [ 13.947870527161557, 48.626640284954426 ], [ 13.947797117250316, 48.626741854222978 ], [ 13.947601674789803, 48.626793066616145 ], [ 13.947487521544002, 48.626891341609131 ], [ 13.947464095375713, 48.626906574595452 ], [ 13.947229261800288, 48.627022390955332 ], [ 13.947127609377162, 48.627076798576951 ], [ 13.946996647204644, 48.627142332514438 ], [ 13.946751770595627, 48.627223932813827 ], [ 13.946630953979652, 48.627230051851662 ], [ 13.946574796231367, 48.627231155330662 ], [ 13.946373311240457, 48.627196773026853 ], [ 13.946105133924645, 48.627258706789561 ], [ 13.946067379754608, 48.627324111821466 ], [ 13.946055061093254, 48.627349269917303 ], [ 13.945964796152715, 48.627380232174595 ], [ 13.945893882756039, 48.627406955862241 ], [ 13.945819260768962, 48.627407076234348 ], [ 13.945683029339646, 48.627463282322623 ], [ 13.94572003638657, 48.627517503424727 ], [ 13.945731081572605, 48.627533545196911 ], [ 13.945687731301435, 48.627550590865177 ], [ 13.945634917007579, 48.627559051610248 ], [ 13.945598939429038, 48.62754574844886 ], [ 13.945504499175943, 48.627510895049106 ], [ 13.945468602343929, 48.627538604713678 ], [ 13.945430283715815, 48.627568035908283 ], [ 13.945383100832238, 48.62753662306514 ], [ 13.945377904704941, 48.627533232440427 ], [ 13.945349512073706, 48.62753023283534 ], [ 13.945298880240122, 48.627539671381911 ], [ 13.945299273943307, 48.627595612886502 ], [ 13.945181379043607, 48.627596498557892 ], [ 13.945130911565013, 48.627596942031253 ], [ 13.945076268828304, 48.627702728679829 ], [ 13.944820070127969, 48.627688326596413 ], [ 13.944771418630646, 48.627716012680864 ], [ 13.944638433937047, 48.627748725882952 ], [ 13.944522462527653, 48.62777451461988 ], [ 13.944243914009514, 48.627774708450964 ], [ 13.943814480670058, 48.627888564501312 ], [ 13.943396613347863, 48.628062619450667 ], [ 13.94309706139531, 48.628076680960746 ], [ 13.942946794253231, 48.628105254942767 ], [ 13.942687052044517, 48.628135477551993 ], [ 13.942198263338634, 48.628187217065964 ], [ 13.94212050639176, 48.628197694628206 ], [ 13.941950444587068, 48.628216116883365 ], [ 13.941905455482521, 48.62822093762766 ], [ 13.941850710692481, 48.62822688832923 ], [ 13.941670090354638, 48.62827036872023 ], [ 13.941642711658577, 48.628226889343459 ], [ 13.941628882935383, 48.628204835581414 ], [ 13.941622776568943, 48.628170329810345 ], [ 13.941616221744605, 48.628132318654174 ], [ 13.94157287243833, 48.627896987319296 ], [ 13.941543234785131, 48.627731199375276 ], [ 13.941450753864851, 48.627184386172225 ], [ 13.941431628606988, 48.62706999005249 ], [ 13.941317715027115, 48.626913903419663 ], [ 13.941200996138495, 48.626830413947324 ], [ 13.941160494024126, 48.626801483100223 ], [ 13.940839489958458, 48.626698726359095 ], [ 13.940560843438449, 48.626609600149912 ], [ 13.940151270274127, 48.626416909495923 ], [ 13.94010570168369, 48.62639546966745 ], [ 13.940084555488086, 48.626385595704981 ], [ 13.939905945662609, 48.626299907145814 ], [ 13.939833219418055, 48.626265026683484 ], [ 13.93974998542522, 48.626224983972058 ], [ 13.939510900997947, 48.626130793611011 ], [ 13.939419819279099, 48.62605796265315 ], [ 13.939381863620707, 48.626026229827858 ], [ 13.939255791320566, 48.625919941674617 ], [ 13.939166717812524, 48.625844761650306 ], [ 13.939142043145045, 48.625800188369681 ], [ 13.939048333641137, 48.625630773591517 ], [ 13.938898298369564, 48.625701703667524 ], [ 13.938400462168936, 48.626009357659996 ], [ 13.938336630277922, 48.626061583568884 ], [ 13.938212054752329, 48.62616332108616 ], [ 13.938036423712401, 48.626307774387712 ], [ 13.938030644938035, 48.626312481173031 ], [ 13.937849356966607, 48.626437446096389 ], [ 13.937690775419826, 48.626566610764499 ], [ 13.93756968783349, 48.626665181615294 ], [ 13.937422723777694, 48.626813263602244 ], [ 13.937401293243548, 48.626836938760768 ], [ 13.937187657782145, 48.627073057066482 ], [ 13.937102589687351, 48.627281439991947 ], [ 13.937060787350672, 48.627430688266784 ], [ 13.937108543611256, 48.627465159485169 ], [ 13.937117350209869, 48.627718568793519 ], [ 13.937129424910495, 48.62783417110974 ], [ 13.936991500448668, 48.627932018589455 ], [ 13.936861891158776, 48.627952203698548 ], [ 13.936566110824838, 48.627975582978706 ], [ 13.936316917873668, 48.628026333694152 ], [ 13.936238590542796, 48.628069279100323 ], [ 13.936118206903217, 48.628124223185459 ], [ 13.936044268513378, 48.62819439808851 ], [ 13.93602709300445, 48.62821076583419 ], [ 13.936027816648494, 48.628214629587049 ], [ 13.936035350766712, 48.628255514115885 ], [ 13.936053459833849, 48.628353636839975 ], [ 13.936043503362066, 48.628441920477769 ], [ 13.936029245821718, 48.628568451286746 ], [ 13.936023815497562, 48.628626131589307 ], [ 13.936016710018468, 48.628702978001087 ], [ 13.936011523471775, 48.628746716146729 ], [ 13.936007449525206, 48.628781184615534 ], [ 13.936000079375081, 48.628812252273299 ], [ 13.935982620451176, 48.62888555428961 ], [ 13.936105561460757, 48.628944552807845 ], [ 13.93630092733123, 48.629082056918683 ], [ 13.936328732522707, 48.629092796687459 ], [ 13.936508507865069, 48.629161845457752 ], [ 13.936592205329161, 48.629183360134654 ], [ 13.936684166410007, 48.629203752895009 ], [ 13.936918421592496, 48.6292556114674 ], [ 13.93694372473194, 48.629261237330375 ], [ 13.93696469575236, 48.629267694982424 ], [ 13.937078992721769, 48.629306770060268 ], [ 13.93709016348414, 48.629310579961086 ], [ 13.937116727838438, 48.629319617054442 ], [ 13.937216993457975, 48.629353907489467 ], [ 13.937296432215291, 48.629382459036592 ], [ 13.937381359345746, 48.629520260856296 ], [ 13.937445410279835, 48.629624981946094 ], [ 13.937513196530698, 48.629735799736167 ], [ 13.937436480857935, 48.629800593306008 ], [ 13.93739335285505, 48.629836972083005 ], [ 13.937342701803292, 48.629879775460658 ], [ 13.937208630944037, 48.62997112742768 ], [ 13.937115077862243, 48.630034928275066 ], [ 13.937196553447906, 48.630109789118229 ], [ 13.937139255859492, 48.630152806543542 ], [ 13.937167780710338, 48.630178562585876 ], [ 13.937200555922345, 48.630208074242503 ], [ 13.937098531322594, 48.630417263735744 ], [ 13.93706767654338, 48.630690304365324 ], [ 13.937091812975849, 48.630966569250106 ], [ 13.937263880781199, 48.631083505265202 ], [ 13.937561103813762, 48.631273997034555 ], [ 13.937657143153785, 48.631329355112065 ], [ 13.937773934152768, 48.631441718684314 ], [ 13.937856394856496, 48.631507759713571 ], [ 13.937996811215127, 48.63170220736162 ], [ 13.93809495404574, 48.631867192483632 ], [ 13.938007576277261, 48.631879335870302 ], [ 13.937804640913832, 48.631907365499231 ], [ 13.937425897121004, 48.631950961883334 ], [ 13.937069827523002, 48.631995789306409 ], [ 13.936780385590387, 48.632098824134808 ], [ 13.936382485828927, 48.63232590574377 ], [ 13.935691888738951, 48.6327032538602 ], [ 13.934981393500767, 48.633097249129108 ], [ 13.934802778077794, 48.633267795130195 ], [ 13.934776341131951, 48.633293024410548 ], [ 13.934237253422998, 48.63351605637672 ], [ 13.933775669871494, 48.63360179836689 ], [ 13.933760234079664, 48.633604665650431 ], [ 13.93339947797832, 48.633667763858433 ], [ 13.933127018585614, 48.633960298159323 ], [ 13.93306037229851, 48.633993557757876 ], [ 13.933066532554735, 48.634149573862054 ], [ 13.933216884684059, 48.63454544385889 ], [ 13.93334150956696, 48.634771277044237 ], [ 13.933266486097482, 48.634865919384787 ], [ 13.933235458803379, 48.634904932762424 ], [ 13.933221981423955, 48.634901224252438 ], [ 13.933201560774624, 48.634895572591041 ], [ 13.933066230584027, 48.634542887355948 ], [ 13.933018651102593, 48.634419102295894 ], [ 13.932804014384141, 48.634084361103035 ], [ 13.932748129381714, 48.634027984219131 ], [ 13.932673706694073, 48.633952814533785 ], [ 13.932497092301244, 48.633783279722223 ], [ 13.932353943526381, 48.633609256357111 ], [ 13.932112792163847, 48.63331584235997 ], [ 13.931911898005902, 48.63292508582451 ], [ 13.931776944915557, 48.632661978179335 ], [ 13.931755702166859, 48.632527175102091 ], [ 13.93174702544934, 48.632516156672928 ], [ 13.931744682221396, 48.632513020705055 ], [ 13.931705837955239, 48.632463211885394 ], [ 13.931644952931327, 48.632385004302307 ], [ 13.931451897860303, 48.632387968820915 ], [ 13.931386099567593, 48.632389024268733 ], [ 13.930785368816837, 48.632398745103231 ], [ 13.93042756297014, 48.632446709086665 ], [ 13.930371261417564, 48.632447625619676 ], [ 13.929706328294669, 48.63251424101815 ], [ 13.929562319211881, 48.632522529079459 ], [ 13.929527884340251, 48.63253691501329 ], [ 13.92941742166968, 48.632582987287968 ], [ 13.929190944119819, 48.632676149110118 ], [ 13.928973498831329, 48.632717368589631 ], [ 13.928684299101711, 48.632807880252507 ], [ 13.928302797067813, 48.632895802005756 ], [ 13.928149413641606, 48.632867979644118 ], [ 13.928040766368921, 48.632848204564475 ], [ 13.928000109245668, 48.632840855904945 ], [ 13.927759928372723, 48.632852238169924 ], [ 13.927701190668486, 48.632900744573618 ], [ 13.927616512729559, 48.632970788497886 ], [ 13.927437683093954, 48.632995529892817 ], [ 13.92735301045761, 48.633007291825713 ], [ 13.927176725888037, 48.633052706345531 ], [ 13.926609857939585, 48.633128520589963 ], [ 13.926617358467697, 48.633178849558981 ], [ 13.926625883456598, 48.633235649088974 ], [ 13.926639260373843, 48.63332489273882 ], [ 13.926735279208989, 48.633449784143536 ], [ 13.926764621180112, 48.633487860430414 ], [ 13.926798232746183, 48.633531401480063 ], [ 13.926862637378042, 48.633597631522932 ], [ 13.926888042341888, 48.633623765574072 ], [ 13.926903805055264, 48.633637446679202 ], [ 13.926917512761484, 48.633649429316023 ], [ 13.926945339404002, 48.633673752264876 ], [ 13.927076105804543, 48.633787584447987 ], [ 13.927126184072385, 48.633952822000438 ], [ 13.927175096255391, 48.634064010919239 ], [ 13.927276498490372, 48.634314162291183 ], [ 13.927223675275428, 48.634322704646415 ], [ 13.927249018270897, 48.63437869931748 ], [ 13.927311965818378, 48.634518418220836 ], [ 13.927340935435458, 48.63453589976254 ], [ 13.927424566051759, 48.634586472208873 ], [ 13.927525140734815, 48.634647211924232 ], [ 13.927561899853284, 48.634669420772596 ], [ 13.927681699477443, 48.634667553896328 ], [ 13.927788066834646, 48.634665844995702 ], [ 13.927957235918081, 48.634838032835724 ], [ 13.928095770278073, 48.634989509656172 ], [ 13.928326160034342, 48.635116325736945 ], [ 13.92840284859504, 48.63539960985505 ], [ 13.928405539044631, 48.635409309806555 ], [ 13.928374769759126, 48.635424036513648 ], [ 13.928357495821301, 48.635432308868538 ], [ 13.928056414446928, 48.635576393944874 ], [ 13.927848199181438, 48.635724683942989 ], [ 13.927641561626263, 48.635986201102391 ], [ 13.927542374606011, 48.636010628475994 ], [ 13.927569823756153, 48.636072638389969 ], [ 13.927586400171387, 48.636109699886738 ], [ 13.927593923899357, 48.636126660546672 ], [ 13.927564201782317, 48.636126361597491 ], [ 13.92751914419855, 48.63612596053607 ], [ 13.927483722946111, 48.636125690470323 ], [ 13.927443279988216, 48.636125355918182 ], [ 13.927413015097933, 48.636125059683089 ], [ 13.927295507310351, 48.636208221178272 ], [ 13.927208553685011, 48.636269731813435 ], [ 13.927195977189808, 48.636297047639275 ], [ 13.927143406814658, 48.636410009975954 ], [ 13.927084881431119, 48.636536133822574 ], [ 13.927056600213973, 48.636660755255086 ], [ 13.926995001264677, 48.636743992841218 ], [ 13.926877147622365, 48.636903245562998 ], [ 13.926792962891785, 48.63701672761983 ], [ 13.926788505107682, 48.637053805812862 ], [ 13.926773740686766, 48.637173861630949 ], [ 13.926752789715795, 48.637345844612504 ], [ 13.926768459216822, 48.637433727339364 ], [ 13.926786876066386, 48.637536256492304 ], [ 13.926794517579459, 48.637610508872356 ], [ 13.926745112230622, 48.637609769766783 ], [ 13.926725295190243, 48.637609420432312 ], [ 13.926556176534762, 48.637606859099328 ], [ 13.926319463895389, 48.637603200600132 ], [ 13.926244411708769, 48.6376025910861 ], [ 13.925966113389947, 48.637640874834339 ], [ 13.925703586662232, 48.637681776402097 ], [ 13.925551105260787, 48.63773345372168 ], [ 13.925464996774357, 48.63776266998596 ], [ 13.92535758301363, 48.637685773804122 ], [ 13.924962206975781, 48.637503032658337 ], [ 13.924615909574133, 48.637386868493223 ], [ 13.924518218278502, 48.637447351969499 ], [ 13.924429484572997, 48.637484315629493 ], [ 13.924076173640362, 48.637608237155369 ], [ 13.92394438490652, 48.637618435296396 ], [ 13.923896126623584, 48.637658522310367 ], [ 13.923891452119545, 48.637747857038164 ], [ 13.923889614268557, 48.637753262746827 ], [ 13.92385257029156, 48.637860029245459 ], [ 13.923793371187969, 48.637940105042375 ], [ 13.923740026181067, 48.637939024760762 ], [ 13.923429117481684, 48.638151592040948 ], [ 13.923385355550957, 48.638181492881046 ], [ 13.923332108654384, 48.638200828462836 ], [ 13.923216424296717, 48.638242783690899 ], [ 13.923027934683336, 48.638350042458534 ], [ 13.923034687252454, 48.638477454458062 ], [ 13.923038490912447, 48.638548848233697 ], [ 13.923066911999424, 48.638624974897361 ], [ 13.923325885175622, 48.639031102432781 ], [ 13.923202481113218, 48.639062753314114 ], [ 13.923051017227023, 48.63912089791765 ], [ 13.922878879224282, 48.63918688124874 ], [ 13.922704325953642, 48.639255304870083 ], [ 13.922525279630673, 48.639322491651882 ], [ 13.922362841244055, 48.639477196862337 ], [ 13.922342407987513, 48.63970763758622 ], [ 13.922333119425637, 48.639844663875195 ], [ 13.922355510894665, 48.639939438680017 ], [ 13.922374049021466, 48.640017683772861 ], [ 13.922305762052709, 48.640086741695107 ], [ 13.922218117540583, 48.640160124076289 ], [ 13.922171650696491, 48.64021477168486 ], [ 13.922102285906048, 48.64029642658145 ], [ 13.922123322154345, 48.64039138809833 ], [ 13.922129473375378, 48.640418968953952 ], [ 13.922133961029665, 48.64043162802804 ], [ 13.922151492204511, 48.640481187142512 ], [ 13.922207315222009, 48.640639291995335 ], [ 13.922285009342273, 48.640680633925918 ], [ 13.922331572209588, 48.640705493293254 ], [ 13.92240880944134, 48.640837317674524 ], [ 13.922490279096845, 48.640995023604567 ], [ 13.92264775269846, 48.641117450279403 ], [ 13.922720922969082, 48.641237692554775 ], [ 13.922732910068698, 48.641360041375044 ], [ 13.922764363152442, 48.641440110138831 ], [ 13.922771071823981, 48.641457075157184 ], [ 13.92281448615967, 48.641550574815419 ], [ 13.922844541934316, 48.641615270745447 ], [ 13.922793767430768, 48.641744141184823 ], [ 13.922713155249868, 48.641874780611403 ], [ 13.922655573558854, 48.64202554076148 ], [ 13.922661557241899, 48.642180658086211 ], [ 13.922770033408941, 48.642444627527318 ], [ 13.922769778691157, 48.642635662460066 ], [ 13.922764264260405, 48.642651879491744 ], [ 13.922763347248589, 48.642654762200991 ], [ 13.922754816534663, 48.642680168336895 ], [ 13.922732638493258, 48.642746386169392 ], [ 13.922546711375157, 48.642877465164801 ], [ 13.922544786326903, 48.642910842768714 ], [ 13.922430401147125, 48.643114683406239 ], [ 13.922499061687253, 48.643314995403337 ], [ 13.922834405718259, 48.643609302871539 ], [ 13.922983333719237, 48.643719540062023 ], [ 13.923082606122499, 48.643783977474513 ], [ 13.922998700062182, 48.643864266870395 ], [ 13.92314615960129, 48.643929181247422 ], [ 13.92320304320962, 48.643954258114249 ], [ 13.923272748991378, 48.643984936647584 ], [ 13.92340029484582, 48.644041226737095 ], [ 13.923482687312038, 48.644077507506537 ], [ 13.92355616269475, 48.644164649485674 ], [ 13.923569371859823, 48.644180322527703 ], [ 13.924012212642825, 48.644083743508808 ], [ 13.924185146801562, 48.644239457956495 ], [ 13.924283890419186, 48.644328540694929 ], [ 13.924345175364037, 48.644370413673116 ], [ 13.924599753910721, 48.644544243405811 ], [ 13.924868120862092, 48.644736710582656 ], [ 13.924900008514488, 48.644759664294511 ], [ 13.924919162886257, 48.644772968717227 ], [ 13.925015344112003, 48.644839668597022 ], [ 13.925035980845555, 48.644863848306741 ], [ 13.925239936462477, 48.645037482539273 ], [ 13.925400228170297, 48.645167266232754 ], [ 13.925588741617315, 48.645307969736358 ], [ 13.925796045480435, 48.645418447893398 ], [ 13.925936272311262, 48.645467475866027 ], [ 13.926183338936596, 48.645553828094997 ], [ 13.92589268579923, 48.645795888787795 ], [ 13.926391888315033, 48.645842830577571 ], [ 13.926764164848025, 48.645876112572289 ], [ 13.927365216573886, 48.645962827690866 ], [ 13.927288468435417, 48.645687009762071 ], [ 13.927215633839532, 48.645538527540673 ], [ 13.927234113045229, 48.645340385087039 ], [ 13.927290427732355, 48.645163006956039 ], [ 13.927318236654628, 48.644785475911711 ], [ 13.927336676856042, 48.644501710240341 ], [ 13.927338394621724, 48.644462397550328 ], [ 13.927307565678962, 48.644343112886915 ], [ 13.92730590124005, 48.644316498944917 ], [ 13.927304900086027, 48.644300314735034 ], [ 13.927304090706398, 48.644288986338381 ], [ 13.927298033969137, 48.644187564185138 ], [ 13.927297694024071, 48.644181629836851 ], [ 13.927298378550143, 48.64417038380742 ], [ 13.92730091581349, 48.644131516659648 ], [ 13.927537034124041, 48.644292662106842 ], [ 13.927540455045483, 48.644295073152179 ], [ 13.927543690402084, 48.644293167995706 ], [ 13.927757903021835, 48.644167513960134 ], [ 13.928050936220762, 48.643945043294543 ], [ 13.928175551885221, 48.643864813415604 ], [ 13.928412305292074, 48.643763867289515 ], [ 13.928685280211859, 48.64364987515237 ], [ 13.928919010803307, 48.643569359838196 ], [ 13.928922966916288, 48.643582830807823 ], [ 13.928930448066401, 48.64360770630563 ], [ 13.929125421767008, 48.643942642919761 ], [ 13.929281200053856, 48.644209513679371 ], [ 13.929294216621003, 48.64423184266095 ], [ 13.929346975120918, 48.644322324276132 ], [ 13.92935440479204, 48.644331010712968 ], [ 13.929407246647044, 48.644393520382685 ], [ 13.929922971758943, 48.644684101777422 ], [ 13.930072157406789, 48.644768156005568 ], [ 13.930082555296471, 48.644775298291336 ], [ 13.930087070444992, 48.644778423213857 ], [ 13.930429254531768, 48.64501430280886 ], [ 13.930631510469988, 48.645390662189342 ], [ 13.930696636361315, 48.645388711280361 ], [ 13.931013174723276, 48.645379182442902 ], [ 13.931448036771982, 48.64534377559189 ], [ 13.931869915400227, 48.645359069922783 ], [ 13.931897212501719, 48.645360459478979 ], [ 13.932253431088787, 48.645378426259349 ], [ 13.932538798285814, 48.645524379796655 ], [ 13.932943625248004, 48.645963107176591 ], [ 13.933148799510182, 48.646192034842706 ], [ 13.933317968530247, 48.64639434423929 ], [ 13.933359950639568, 48.646444495919063 ], [ 13.933515449525432, 48.646638330668573 ], [ 13.93361640738693, 48.646764179829489 ], [ 13.933869091135769, 48.647051054231632 ], [ 13.934484394104491, 48.646937992201423 ], [ 13.934503764189945, 48.646957859603432 ], [ 13.934636921805243, 48.647086150959652 ], [ 13.935031461053379, 48.647466642342621 ], [ 13.935117586057975, 48.64762359577567 ], [ 13.935319705461078, 48.647880056969633 ], [ 13.935347560599276, 48.647905816702696 ], [ 13.935386417933817, 48.647955444044044 ], [ 13.935419036144635, 48.647982258573414 ], [ 13.935582238305088, 48.648137376555297 ], [ 13.935603409486175, 48.648160292483794 ], [ 13.935766248543281, 48.648295895009369 ], [ 13.935876666861077, 48.648359544740735 ], [ 13.935999497616024, 48.64842834707494 ], [ 13.93618406284598, 48.648483430603711 ], [ 13.936260341394529, 48.648506242791413 ], [ 13.936271434282926, 48.648514640111863 ], [ 13.936359629344485, 48.648581371755341 ], [ 13.936476761294987, 48.648673407521891 ], [ 13.936757056883422, 48.64889357758009 ], [ 13.936812318237873, 48.648941321159846 ], [ 13.936832611586015, 48.648958755021219 ], [ 13.936718717132505, 48.649027156507614 ], [ 13.936683537951332, 48.64904829372972 ], [ 13.93646932076714, 48.649231345705289 ], [ 13.936426132842042, 48.649275638726373 ], [ 13.936411111533442, 48.649291095823386 ], [ 13.93648149134485, 48.649424294985053 ], [ 13.936491483096203, 48.649442951144515 ], [ 13.936453154103047, 48.64945016375443 ], [ 13.936370266264584, 48.649465790217995 ], [ 13.936098634949213, 48.649521871361564 ], [ 13.935859773646424, 48.649571307690309 ], [ 13.935803839707855, 48.649582028330734 ], [ 13.935449392376047, 48.649648427114421 ], [ 13.935404160886268, 48.649657383708814 ], [ 13.935096297216992, 48.649714458115362 ], [ 13.934974946552693, 48.649737566244902 ], [ 13.934746597546221, 48.649780740441813 ], [ 13.934528263815315, 48.649891138137377 ], [ 13.934370555576942, 48.649985754777447 ], [ 13.934277668572976, 48.65005188751941 ], [ 13.934379092545321, 48.65006584776917 ], [ 13.934382899299219, 48.650066367886865 ], [ 13.934416345705449, 48.650071053117571 ], [ 13.93449950201609, 48.650078271497755 ], [ 13.934568157994146, 48.650110747485044 ], [ 13.934626031435306, 48.650138152161006 ], [ 13.934661303370913, 48.65014804449067 ], [ 13.934794900829534, 48.650185493579535 ], [ 13.934949061131398, 48.650228593133974 ], [ 13.934983889190621, 48.650235339736369 ], [ 13.935040212161445, 48.650246203160201 ], [ 13.93523178398895, 48.650389213759887 ], [ 13.935354373667032, 48.650529880215444 ], [ 13.935403012956456, 48.650545279948659 ], [ 13.935448655653779, 48.650559795655212 ], [ 13.935484962544033, 48.650623286807054 ], [ 13.935644072881733, 48.650775997169468 ], [ 13.935701757253749, 48.650810327681889 ], [ 13.935728821785851, 48.650826377811839 ], [ 13.935838729685603, 48.650869164010729 ], [ 13.935866410814429, 48.650879904464844 ], [ 13.935938928666893, 48.650952203314851 ], [ 13.935960488195384, 48.650961806000346 ], [ 13.936107586687505, 48.651027515342115 ], [ 13.936245389530512, 48.651099208376451 ], [ 13.936234980473396, 48.651172383331399 ], [ 13.93623222724381, 48.651192274285151 ], [ 13.936428967523293, 48.651219773057726 ], [ 13.936454529677242, 48.651223418999223 ], [ 13.9365027962141, 48.651230095992119 ], [ 13.936657960898808, 48.651242698393929 ], [ 13.936685649781921, 48.651254068196145 ], [ 13.936831735549843, 48.651314295488646 ], [ 13.936987326763004, 48.651328514183433 ], [ 13.937014639830263, 48.651330981761511 ], [ 13.937151885985235, 48.651343495929183 ], [ 13.937404341234576, 48.651445446326271 ], [ 13.937598138140141, 48.651499580619507 ], [ 13.937635677863442, 48.651505952693711 ], [ 13.937740681184691, 48.651523848958334 ], [ 13.937768393702139, 48.651537197068272 ], [ 13.937827504738433, 48.651565673060574 ], [ 13.93784115635976, 48.651572258221393 ], [ 13.937871391874953, 48.651580826461284 ], [ 13.937879563409062, 48.651583122755078 ], [ 13.938285962945203, 48.651697408317524 ], [ 13.93838845734038, 48.65180201932462 ], [ 13.938391620821719, 48.651863252278595 ], [ 13.938392493045729, 48.651879706834478 ], [ 13.938393204151676, 48.651894003656935 ], [ 13.938396886605716, 48.651976279937308 ], [ 13.938501368429755, 48.652065141037973 ], [ 13.938646247424165, 48.652091644722184 ], [ 13.938787862545707, 48.652163764772702 ], [ 13.938924099089638, 48.652205602596389 ], [ 13.938964152610037, 48.652217897310329 ], [ 13.939252236575607, 48.652197790628733 ], [ 13.939531822284872, 48.65226290057101 ], [ 13.93984755168378, 48.652319458366371 ], [ 13.940018180618155, 48.652330807083047 ], [ 13.940167210585628, 48.652340828346809 ], [ 13.94022068139509, 48.652397303740429 ], [ 13.940226728058304, 48.65240356824313 ], [ 13.940417012806618, 48.652435590781828 ], [ 13.940463247810269, 48.652408009454007 ], [ 13.94049735245744, 48.652387776108057 ], [ 13.940501463819123, 48.65239108259609 ], [ 13.940555464068073, 48.652434873525912 ], [ 13.94061852585612, 48.652475829330257 ], [ 13.940690890036718, 48.652522852826692 ], [ 13.940717154282506, 48.652539895293231 ], [ 13.940762822370804, 48.652544785199893 ], [ 13.941050683220979, 48.652655088560472 ], [ 13.941136482881095, 48.652655812849886 ], [ 13.941162977379022, 48.652669346354571 ], [ 13.941366444052059, 48.652782874750322 ], [ 13.941422851841043, 48.652835017225385 ], [ 13.941539350107821, 48.652848893086379 ], [ 13.941735921320802, 48.652999062279754 ], [ 13.941851569032027, 48.652998371936278 ], [ 13.941959750086598, 48.652997630313635 ], [ 13.942385460613751, 48.652998476761645 ], [ 13.942632439844806, 48.652991796611865 ], [ 13.942733810540531, 48.652989110996309 ], [ 13.942810697689913, 48.652970813083016 ], [ 13.942934606617552, 48.652865388311618 ], [ 13.942957220995165, 48.652814904166284 ], [ 13.942995175895836, 48.652730162934688 ], [ 13.943186035602189, 48.652615755324959 ], [ 13.943404741359787, 48.652560203234486 ], [ 13.943476847474008, 48.652562346194557 ], [ 13.94354485321379, 48.652585016831182 ], [ 13.943603821142462, 48.652566721746638 ], [ 13.943635876622759, 48.652556931220552 ], [ 13.943903818557999, 48.652578200568378 ], [ 13.944187167838653, 48.652559455538203 ], [ 13.944195988595558, 48.652559229682623 ], [ 13.944279858990377, 48.652557533341096 ], [ 13.944335705461855, 48.652573611328116 ], [ 13.944403266998458, 48.652593135876522 ], [ 13.944426228889917, 48.652606327306579 ], [ 13.944591609578019, 48.652701341158355 ], [ 13.944777963924839, 48.652859203512968 ], [ 13.944771589604054, 48.652882531286295 ], [ 13.944730872478321, 48.653031594765622 ], [ 13.944713681802821, 48.653069998974345 ], [ 13.944707202694223, 48.653084513147085 ], [ 13.944698871337691, 48.653103084290983 ], [ 13.944668720220294, 48.653170336964678 ], [ 13.944662901612034, 48.653183318705238 ], [ 13.94490628308621, 48.653296452893201 ], [ 13.945022679788153, 48.653335868848998 ], [ 13.945058526669772, 48.653348093501187 ], [ 13.945079585443754, 48.65334960250749 ], [ 13.945102547771517, 48.653351371394443 ], [ 13.9451067588851, 48.653351619233668 ], [ 13.945608248423758, 48.653389113782765 ], [ 13.945741958590284, 48.653377622360338 ], [ 13.94578160551754, 48.653401159402101 ], [ 13.94579075547494, 48.653394366071915 ], [ 13.94582636914893, 48.653489606518853 ], [ 13.945491201300499, 48.653728619859741 ], [ 13.945190083906528, 48.653943170592783 ], [ 13.944938585303849, 48.654141002547341 ], [ 13.944477705082205, 48.654345772029131 ], [ 13.944422330937108, 48.654369625078516 ], [ 13.944529207371737, 48.654430227084887 ], [ 13.944267084178762, 48.654488256011568 ], [ 13.944275873117496, 48.654496754511591 ], [ 13.944280265985977, 48.654500868859465 ], [ 13.944340548812091, 48.65455883581884 ], [ 13.944607780860888, 48.654645134013499 ], [ 13.944715517462432, 48.654675241652861 ], [ 13.944764143160462, 48.654688928713135 ], [ 13.944793926337022, 48.654704872620734 ], [ 13.944812560485643, 48.654730768103164 ], [ 13.944794942835815, 48.654767555591988 ], [ 13.944810383308452, 48.654787441746677 ], [ 13.944841567778296, 48.654784221082515 ], [ 13.944860400752216, 48.654792577193263 ], [ 13.94485717937331, 48.654852763949393 ], [ 13.944889609138793, 48.654874360251299 ], [ 13.944900282611037, 48.6548814997685 ], [ 13.944936789016154, 48.654914856942277 ], [ 13.944934363928484, 48.654950665767714 ], [ 13.944933563405497, 48.654963261562692 ], [ 13.944941355329346, 48.654979230244756 ], [ 13.944947479849677, 48.654991969782827 ], [ 13.944967725947224, 48.655004995388197 ], [ 13.944973472070098, 48.655008742887048 ], [ 13.944981255412005, 48.655012569694286 ], [ 13.945014714605083, 48.655029393761815 ], [ 13.945076293080799, 48.655059202314348 ], [ 13.945087308826766, 48.655095120866662 ], [ 13.945082557944813, 48.655117990454507 ], [ 13.945081267881296, 48.655123663415516 ], [ 13.945213747866095, 48.655202388990517 ], [ 13.945238630796274, 48.655217189143706 ], [ 13.945274671704105, 48.655257024327369 ], [ 13.945369032439736, 48.655303750182426 ], [ 13.945374725399116, 48.655325845722061 ], [ 13.945408193626353, 48.655354811544264 ], [ 13.945485214981343, 48.655347573846932 ], [ 13.945507171451711, 48.655356003479341 ], [ 13.945542902304348, 48.655369757566341 ], [ 13.945553504788085, 48.655405138588982 ], [ 13.94556466917455, 48.655419290809093 ], [ 13.945594025819654, 48.655456372664524 ], [ 13.94563503669186, 48.655457507526094 ], [ 13.945635346714043, 48.655460743750403 ], [ 13.945639214502025, 48.655500567012183 ], [ 13.945654936643482, 48.65552126104032 ], [ 13.945688697645213, 48.655529179266743 ], [ 13.94567800654, 48.655566200506271 ], [ 13.945683189459658, 48.655568242050308 ], [ 13.945707878079389, 48.655578096412185 ], [ 13.945732118365322, 48.65561871262662 ], [ 13.945746253176264, 48.655631500206404 ], [ 13.945773426153437, 48.655656181690063 ], [ 13.945787974643727, 48.655669506743685 ], [ 13.945792093031187, 48.655673352647518 ], [ 13.94583837826697, 48.655695595801141 ], [ 13.94586819720592, 48.655691662483363 ], [ 13.945902893827808, 48.655709738989771 ], [ 13.945925432053251, 48.655721403346512 ], [ 13.945931816357501, 48.655721729738495 ], [ 13.945951782670555, 48.655722614720759 ], [ 13.946060013669509, 48.655782578652264 ], [ 13.946082152224614, 48.655794874648855 ], [ 13.946086147852036, 48.655845400093781 ], [ 13.946124136524292, 48.65585491501448 ], [ 13.946146059034998, 48.655860466621242 ], [ 13.94615466349352, 48.655864828697382 ], [ 13.946194139281953, 48.655885218571385 ], [ 13.946241810195419, 48.655909792762053 ], [ 13.946340983767287, 48.655950106915597 ], [ 13.94636947213931, 48.656016783401789 ], [ 13.946405498788225, 48.656100868825824 ], [ 13.946395430359305, 48.656110365198863 ], [ 13.946388180445163, 48.656117148626208 ], [ 13.946402765663496, 48.656133531372561 ], [ 13.946453354354148, 48.656140911657957 ], [ 13.946486809020797, 48.656145863234492 ], [ 13.94652712896692, 48.656180099351964 ], [ 13.946534209214777, 48.656181861111747 ], [ 13.946554632267233, 48.656186880846413 ], [ 13.94656726994033, 48.656199316397895 ], [ 13.946577984657178, 48.656209873267393 ], [ 13.946643837503476, 48.656233632640934 ], [ 13.946672605454015, 48.656244005093512 ], [ 13.946679542463672, 48.656245138013531 ], [ 13.946701849922716, 48.656248798760323 ], [ 13.94670636001069, 48.656262715870717 ], [ 13.946734038800653, 48.656272824187766 ], [ 13.946813362888772, 48.656299211166811 ], [ 13.946925133852602, 48.656302943215188 ], [ 13.947095439534337, 48.656308707095583 ], [ 13.947106063699801, 48.656323041874522 ], [ 13.947107205432609, 48.656350467620307 ], [ 13.947125226985882, 48.656381762334703 ], [ 13.947156656931423, 48.656399046114451 ], [ 13.947187993003231, 48.656442592879877 ], [ 13.947227634366707, 48.656465409919122 ], [ 13.947278206927653, 48.656505528121563 ], [ 13.947295475284742, 48.65651919849897 ], [ 13.94732980373216, 48.656506337124029 ], [ 13.947359352529013, 48.656479739946754 ], [ 13.947390524983028, 48.656475439394285 ], [ 13.947391888494776, 48.656510059180036 ], [ 13.947414424187485, 48.656521453442373 ], [ 13.947498803727742, 48.656527756834841 ], [ 13.947527820500548, 48.656547571481852 ], [ 13.947718508616784, 48.656463917154305 ], [ 13.947773180974178, 48.656472174866728 ], [ 13.947780796774191, 48.656473304163342 ], [ 13.947821018051513, 48.656465088635322 ], [ 13.947846260266234, 48.656441661814235 ], [ 13.947895554308191, 48.656454264791549 ], [ 13.947910124363299, 48.656457965878531 ], [ 13.947927065882871, 48.656455628543199 ], [ 13.947942652079517, 48.656453478192525 ], [ 13.947946740975626, 48.656443473402163 ], [ 13.94795452226667, 48.656424365300872 ], [ 13.947983819968185, 48.656422232983083 ], [ 13.948052180891622, 48.656405865137472 ], [ 13.948085698155642, 48.656381945162778 ], [ 13.948105767933489, 48.656391463485335 ], [ 13.948164381779049, 48.656456902236663 ], [ 13.948268677665089, 48.656573457081663 ], [ 13.948298260033898, 48.656606489763504 ], [ 13.948331337756862, 48.65662529356505 ], [ 13.948425240354441, 48.656678674924748 ], [ 13.948746508625307, 48.656866042564253 ], [ 13.948834297521023, 48.656953003339687 ], [ 13.948843344549458, 48.657141829962988 ], [ 13.948844254636009, 48.657161162296269 ], [ 13.948844807144345, 48.657173301302578 ], [ 13.948864532701972, 48.657176705377402 ], [ 13.948903261718934, 48.657202584601485 ], [ 13.948905459371636, 48.657216064068102 ], [ 13.948906488171652, 48.657222624289041 ], [ 13.948931692445921, 48.657207381987455 ], [ 13.948966999023712, 48.65720818588963 ], [ 13.948978706659508, 48.657222244984887 ], [ 13.948996473363259, 48.657243467457377 ], [ 13.949004891959548, 48.657243603117408 ], [ 13.949041009828818, 48.657244132915793 ], [ 13.949097523317382, 48.657258676145318 ], [ 13.949112911410868, 48.657262642605581 ], [ 13.949120920499679, 48.657273932975507 ], [ 13.949253233621366, 48.657315059894245 ], [ 13.949242362744533, 48.657336882511132 ], [ 13.949243092096676, 48.657341105861057 ], [ 13.949248191104704, 48.657370129703843 ], [ 13.949271395487049, 48.657391953140433 ], [ 13.949262718208525, 48.657404230585676 ], [ 13.949311104191803, 48.657420255461922 ], [ 13.949348258465943, 48.657450639816027 ], [ 13.949387028753053, 48.657502601275681 ], [ 13.949452501697799, 48.657641754143505 ], [ 13.949462671039321, 48.65766337623775 ], [ 13.949476942011461, 48.657676072706188 ], [ 13.94949093825867, 48.657688500796901 ], [ 13.949515586589898, 48.657706179350477 ], [ 13.949596513134063, 48.657764035035022 ], [ 13.949711946414626, 48.657846532657643 ], [ 13.949780974710004, 48.657897075698678 ], [ 13.949817133007162, 48.657923597716668 ], [ 13.949849700483171, 48.657967676916158 ], [ 13.949870420859302, 48.657974763130902 ], [ 13.949944304043239, 48.657999917449622 ], [ 13.949961514320641, 48.658008641034101 ], [ 13.949994567679177, 48.65802528592814 ], [ 13.950213907657359, 48.65807791589878 ], [ 13.950232771826613, 48.658088699359773 ], [ 13.950282121023745, 48.658117040548653 ], [ 13.950315612010678, 48.658136201369402 ], [ 13.950381141038934, 48.658200523297452 ], [ 13.950398174884043, 48.658217162468404 ], [ 13.950410126595525, 48.658228881691024 ], [ 13.950432162052966, 48.658266360610092 ], [ 13.950517109905029, 48.658365027248706 ], [ 13.950545434335883, 48.658406160570486 ], [ 13.950685837462807, 48.658555441103005 ], [ 13.950814066033953, 48.658674385874839 ], [ 13.950890719722212, 48.658704022001004 ], [ 13.950899128046958, 48.658714590620704 ], [ 13.950905883587277, 48.65872318926781 ], [ 13.950925591807305, 48.658736396548662 ], [ 13.950970481590954, 48.658766379859749 ], [ 13.951053380151498, 48.658795982973075 ], [ 13.951112818337984, 48.65882777829836 ], [ 13.951145373119459, 48.658859355533117 ], [ 13.951188568553441, 48.65889519379035 ], [ 13.951193300437302, 48.658927457306369 ], [ 13.951331638376345, 48.658983660036697 ], [ 13.951578071873968, 48.659030928088981 ], [ 13.951672644508539, 48.659049046810445 ], [ 13.951712123520947, 48.659114494736428 ], [ 13.951791358761618, 48.659245838780585 ], [ 13.951812999925215, 48.659250401473606 ], [ 13.951820349041196, 48.659251891676028 ], [ 13.951889627512895, 48.659266456145446 ], [ 13.951924680768654, 48.659279942038893 ], [ 13.951946230544463, 48.659288192729079 ], [ 13.951999139608436, 48.659296277904588 ], [ 13.95218244608744, 48.659343608038725 ], [ 13.95221128938195, 48.659360004711957 ], [ 13.952255513432732, 48.659345830510894 ], [ 13.952268897370656, 48.659329840462796 ], [ 13.952293933557984, 48.659334475080435 ], [ 13.952313694902251, 48.659363331403817 ], [ 13.952321593560207, 48.659365358312805 ], [ 13.952361226942804, 48.659375851869932 ], [ 13.952367530223315, 48.659403250276689 ], [ 13.952386803202167, 48.659425363667509 ], [ 13.952377138898761, 48.659468406018462 ], [ 13.952391014175017, 48.659493246113691 ], [ 13.952391278855259, 48.659526522507932 ], [ 13.952439958337555, 48.659555405957803 ], [ 13.952428434920703, 48.659568058417761 ], [ 13.952419591968473, 48.659577818640223 ], [ 13.952426066624724, 48.659585609221537 ], [ 13.952436393299598, 48.659597606636112 ], [ 13.952451093831948, 48.659600766830266 ], [ 13.952485802346956, 48.659608138458218 ], [ 13.952505655726151, 48.659622064224372 ], [ 13.952512176311199, 48.659622389540374 ], [ 13.952547227163583, 48.659624362943376 ], [ 13.952553805124019, 48.659629454772642 ], [ 13.952691938262692, 48.659736023361695 ], [ 13.952797045072506, 48.659817043495522 ], [ 13.952843931658297, 48.659888657734768 ], [ 13.952848729317681, 48.659903742292329 ], [ 13.952874394388735, 48.659983113571421 ], [ 13.952838630548603, 48.6599895983897 ], [ 13.952816853550338, 48.66000761153326 ], [ 13.952834589223471, 48.660026045431891 ], [ 13.952847259308788, 48.660052240936665 ], [ 13.952880862636983, 48.660057999369727 ], [ 13.9529090534042, 48.660053982947105 ], [ 13.952914474996714, 48.660053234770423 ], [ 13.952940117422685, 48.66002926513935 ], [ 13.952994136606495, 48.660061807668399 ], [ 13.953009947191177, 48.660066940603485 ], [ 13.953037753103558, 48.660076057418337 ], [ 13.953058307918225, 48.660069293190631 ], [ 13.953086612443624, 48.660074719819519 ], [ 13.953080578921949, 48.660092290011619 ], [ 13.953074940747818, 48.660108868773463 ], [ 13.953103070533627, 48.660111058483828 ], [ 13.953115165873193, 48.660112073810453 ], [ 13.953135635242818, 48.660132022188229 ], [ 13.953144714684697, 48.660130625079894 ], [ 13.953149998358013, 48.660129697741745 ], [ 13.953148911528595, 48.660118371054089 ], [ 13.953147486003818, 48.660101469879947 ], [ 13.953179276881652, 48.660103280453292 ], [ 13.95319064358933, 48.660100162387081 ], [ 13.953211618667618, 48.660094475189624 ], [ 13.953211348531923, 48.660083324063272 ], [ 13.953211107656301, 48.660074601161057 ], [ 13.953239430624503, 48.660081556634928 ], [ 13.953400928741477, 48.660177747654529 ], [ 13.953409560303211, 48.660195510105595 ], [ 13.953444608683728, 48.660231030858341 ], [ 13.953468925804495, 48.66026606873416 ], [ 13.953511800479273, 48.66029759070328 ], [ 13.95351663957363, 48.660316092730397 ], [ 13.953525187935933, 48.66031568774217 ], [ 13.953552596780389, 48.660314373501535 ], [ 13.953557227703081, 48.660315608157845 ], [ 13.953585015412585, 48.66032319596016 ], [ 13.953575951785703, 48.660348427105454 ], [ 13.953596749539816, 48.660361808047853 ], [ 13.95359154112478, 48.660402758284697 ], [ 13.953594095153683, 48.660423161137992 ], [ 13.953588167159529, 48.660438212476819 ], [ 13.953584481977556, 48.660447855550863 ], [ 13.953596167964548, 48.66044869311434 ], [ 13.95358996065139, 48.660474358844432 ], [ 13.95356812689937, 48.660566482934975 ], [ 13.953535740838051, 48.660605418406981 ], [ 13.953566220871918, 48.660622345721769 ], [ 13.953689915824327, 48.660690854967839 ], [ 13.953725358273132, 48.660702719342083 ], [ 13.953730265089691, 48.660704312291038 ], [ 13.953794009011609, 48.66081136317996 ], [ 13.953822596991511, 48.660851504943928 ], [ 13.953838518395704, 48.660877053543857 ], [ 13.953875697558312, 48.660976600105677 ], [ 13.953905813101521, 48.660985794426878 ], [ 13.953954740982052, 48.661046334774724 ], [ 13.953980356370687, 48.661110146433359 ], [ 13.954025916241697, 48.661094075772191 ], [ 13.954169061260123, 48.661165359590747 ], [ 13.954252742086169, 48.661191808395358 ], [ 13.954261873791594, 48.661194728041274 ], [ 13.954387362126596, 48.661220415644109 ], [ 13.954418913709338, 48.661224835409691 ], [ 13.954512072963027, 48.661237922700799 ], [ 13.954527753730897, 48.661243505818334 ], [ 13.954543298742578, 48.661249089653204 ], [ 13.954582137929251, 48.661249873157438 ], [ 13.954608873888626, 48.661260254428413 ], [ 13.954654160068857, 48.661277732563548 ], [ 13.954672717913473, 48.661296701459271 ], [ 13.954752819568281, 48.661341516621924 ], [ 13.95476046231628, 48.661344803882116 ], [ 13.95482227878871, 48.661370738610024 ], [ 13.955085229116092, 48.661446602572475 ], [ 13.955252212915921, 48.661524234296806 ], [ 13.955366225259041, 48.661577593292257 ], [ 13.955431753720793, 48.661618527965686 ], [ 13.955452407899809, 48.661687312318655 ], [ 13.955462404358352, 48.661694364517302 ], [ 13.955521704362869, 48.661736681293739 ], [ 13.955515759376862, 48.66175029377348 ], [ 13.955564767321674, 48.661772338737165 ], [ 13.955597034731523, 48.661813449866258 ], [ 13.955611791805875, 48.661832438786952 ], [ 13.955646967463647, 48.661855816303103 ], [ 13.955653776193946, 48.661857489014423 ], [ 13.955675428590316, 48.661862860395615 ], [ 13.955690213749918, 48.661872945107277 ], [ 13.955731696513579, 48.661901415685989 ], [ 13.955778362483079, 48.661898199884021 ], [ 13.955867054061782, 48.661912209224695 ], [ 13.956068122464337, 48.662001350950476 ], [ 13.956025285475022, 48.662062917517581 ], [ 13.955996253952376, 48.662132145565749 ], [ 13.956029536819711, 48.662189800116082 ], [ 13.956034527677659, 48.662198317893214 ], [ 13.956049884684948, 48.662221980443398 ], [ 13.956051546491723, 48.662224669811984 ], [ 13.956054311815215, 48.662228792356473 ], [ 13.956079239365321, 48.662246737848115 ], [ 13.956125363141632, 48.662333284792055 ], [ 13.956123136096762, 48.662351194659877 ], [ 13.956134096179785, 48.66235932095892 ], [ 13.956142042269363, 48.662365214773416 ], [ 13.956174565703209, 48.662404975276772 ], [ 13.956191722937831, 48.662476386314417 ], [ 13.956183802582155, 48.662495045951964 ], [ 13.956198630492892, 48.662508638025514 ], [ 13.956191924021098, 48.662515419150367 ], [ 13.95618333864568, 48.662524009055531 ], [ 13.956188837034283, 48.662540798596261 ], [ 13.956189967785281, 48.662544480122776 ], [ 13.956181875720294, 48.66256017265615 ], [ 13.95617488135124, 48.662599243721985 ], [ 13.956179688546056, 48.662671080132206 ], [ 13.9561883228717, 48.662801087293303 ], [ 13.956187082842776, 48.66281080738657 ], [ 13.956184578826495, 48.662828269023422 ], [ 13.956176737171848, 48.662864646389913 ], [ 13.956173359293325, 48.663000563452186 ], [ 13.956169633385166, 48.663018031579043 ], [ 13.95615962525676, 48.663066112631192 ], [ 13.956164605331947, 48.663073731058255 ], [ 13.956171384102714, 48.663084128063417 ], [ 13.956157416584496, 48.663186463874077 ], [ 13.956156413224599, 48.663193304632713 ], [ 13.956079243416051, 48.663301282657208 ], [ 13.956091426585328, 48.663343129896461 ], [ 13.956116420018875, 48.663366471412367 ], [ 13.956122131954521, 48.663367250524949 ], [ 13.956195972215243, 48.663376751588913 ], [ 13.956289275937282, 48.663390196468441 ], [ 13.956312211926297, 48.663400597540758 ], [ 13.95633252045878, 48.663407055219793 ], [ 13.956345469351742, 48.663411213573802 ], [ 13.956347957479174, 48.66343728290073 ], [ 13.956332495555996, 48.663472261727627 ], [ 13.956360281463349, 48.663770984076962 ], [ 13.956423230132314, 48.663856452085021 ], [ 13.956491887145226, 48.663897549387301 ], [ 13.95660198667901, 48.663963609461788 ], [ 13.956692038928063, 48.664011158496479 ], [ 13.956794126904649, 48.664110718596838 ], [ 13.956800710489903, 48.664172202405226 ], [ 13.956787461634638, 48.664244134764658 ], [ 13.95680836901079, 48.664299966121966 ], [ 13.956812720607164, 48.664311725090649 ], [ 13.956825952698619, 48.664328023756603 ], [ 13.95684125074774, 48.664346739806973 ], [ 13.956864271722146, 48.664375308154298 ], [ 13.956906172087301, 48.664404405651439 ], [ 13.956997780432735, 48.664468225269765 ], [ 13.957096110908793, 48.664548917727089 ], [ 13.957142387840157, 48.664625390115518 ], [ 13.95715133930838, 48.664635775496059 ], [ 13.957207808288441, 48.664701760605851 ], [ 13.957231325210225, 48.664715216356058 ], [ 13.957239528054801, 48.664719849568158 ], [ 13.957257166575554, 48.664730008826865 ], [ 13.957281778400507, 48.664744178257727 ], [ 13.957355573240347, 48.664816906499127 ], [ 13.957389815530984, 48.664841457656188 ], [ 13.95740460842887, 48.664852081739646 ], [ 13.957408717507636, 48.664855027877273 ], [ 13.957447616373452, 48.664882881999141 ], [ 13.957471942145002, 48.664907036226921 ], [ 13.957510145422209, 48.664944697465735 ], [ 13.957515362495247, 48.664949436495469 ], [ 13.957583468077051, 48.665012031687482 ], [ 13.957645090462849, 48.665055054497124 ], [ 13.957834615907084, 48.665187515624801 ], [ 13.957932022703622, 48.665270190960157 ], [ 13.958078894855793, 48.665512785305751 ], [ 13.958082494804943, 48.665518522264598 ], [ 13.958133699752949, 48.665609268391499 ], [ 13.958223272502407, 48.665650523005823 ], [ 13.95844351622406, 48.665751790173665 ], [ 13.958523889574018, 48.665806944330718 ], [ 13.958715461909188, 48.665950995318639 ], [ 13.958840711258079, 48.666045213514629 ], [ 13.959171392618549, 48.66625057984259 ], [ 13.959212077142519, 48.666279952812104 ], [ 13.959218378501317, 48.666284506096119 ], [ 13.959317280965321, 48.666355839866647 ], [ 13.959654264424987, 48.666598945847333 ], [ 13.959876754494239, 48.666750294724487 ], [ 13.960199467934556, 48.666969641360083 ], [ 13.960339562927652, 48.66702258617066 ], [ 13.960378849142847, 48.66703739597844 ], [ 13.960424547497087, 48.667054689785964 ], [ 13.960468472036675, 48.667071273546988 ], [ 13.960551819790938, 48.667102756248241 ], [ 13.960722560684033, 48.667129993766153 ], [ 13.960766627481775, 48.66713596377064 ], [ 13.960927251012771, 48.667157498997973 ], [ 13.961073458367594, 48.667177132525524 ], [ 13.961201175160667, 48.667194796288378 ], [ 13.961530191935251, 48.667240252074699 ], [ 13.961537546866992, 48.667242101397179 ], [ 13.961569146693391, 48.667250116577712 ], [ 13.961638610717657, 48.667267642315302 ], [ 13.961672526447312, 48.667276274634169 ], [ 13.961821670811181, 48.667313969368671 ], [ 13.962049406338988, 48.667371568838952 ], [ 13.962212720357766, 48.667435359537677 ], [ 13.962262519348705, 48.667454789186522 ], [ 13.962493996917555, 48.667540698723286 ], [ 13.962660273792523, 48.667602404285674 ], [ 13.962667500743091, 48.667604883802269 ], [ 13.962693135616613, 48.667613650218392 ], [ 13.963037166761872, 48.667731692454801 ], [ 13.96313889105175, 48.667766672202603 ], [ 13.963147618199011, 48.66776968326856 ], [ 13.963124046356958, 48.667796342104971 ], [ 13.963107694119492, 48.667813788306319 ], [ 13.963096837146526, 48.667825358906896 ], [ 13.963054208452512, 48.667870377849887 ], [ 13.963045225907761, 48.667879779824688 ], [ 13.963040474466757, 48.667890957866078 ], [ 13.962980253404737, 48.66802960853218 ], [ 13.963264954754482, 48.668292231943212 ], [ 13.963274706242345, 48.668301263452832 ], [ 13.963391583077003, 48.668409192562549 ], [ 13.963541814181465, 48.668479797185711 ], [ 13.9636062763396, 48.668510030137725 ], [ 13.963627643174034, 48.668513962552254 ], [ 13.963695145878429, 48.668526371057375 ], [ 13.963799665298994, 48.668545505820411 ], [ 13.963893025581712, 48.668562631897686 ], [ 13.96423911124216, 48.668692441643103 ], [ 13.964344970099853, 48.668732164893633 ], [ 13.964670503455439, 48.668902107125696 ], [ 13.964712255163716, 48.668929493755485 ], [ 13.964769749663597, 48.668967228581373 ], [ 13.964932375778975, 48.669073830459439 ], [ 13.965193068898051, 48.669160476661666 ], [ 13.965277057628441, 48.669188354964483 ], [ 13.965565293452768, 48.669284115660375 ], [ 13.965763676986208, 48.669349960776707 ], [ 13.965789012803874, 48.669400550058477 ], [ 13.96579499957247, 48.669412569673383 ], [ 13.965841776605036, 48.669506214296668 ], [ 13.96598452763976, 48.669796128935431 ], [ 13.966010154264993, 48.669848245564019 ], [ 13.966025818925575, 48.670183365940133 ], [ 13.966085380165865, 48.670422014002739 ], [ 13.966137998456734, 48.670515716880168 ], [ 13.966205194086491, 48.670635333581927 ], [ 13.966511929870785, 48.670953502566057 ], [ 13.966604667452856, 48.671062997785945 ], [ 13.966629059134327, 48.671091916515081 ], [ 13.966649176156698, 48.671115551895205 ], [ 13.966648942237995, 48.671118611103743 ], [ 13.966626271555864, 48.671494141239343 ], [ 13.96663019701808, 48.672066585123211 ], [ 13.966760461329542, 48.672433284322274 ], [ 13.96678850213357, 48.67248277943122 ], [ 13.966872210853934, 48.672630727310221 ], [ 13.966881330271734, 48.672643449441367 ], [ 13.967036189497803, 48.672658441912397 ], [ 13.967444072482898, 48.672697968607096 ], [ 13.967765639998671, 48.672752711047188 ], [ 13.967902814547285, 48.672776162439625 ], [ 13.96796406231365, 48.672809378370978 ], [ 13.968419459057946, 48.673056404711701 ], [ 13.968581466117957, 48.673144207412278 ], [ 13.968592368258728, 48.673147296226794 ], [ 13.968821324629822, 48.67321306043111 ], [ 13.969105885586051, 48.673294801740063 ], [ 13.96936559125797, 48.673343219706481 ], [ 13.969868400712047, 48.673327449880027 ], [ 13.970157870070677, 48.673377683178899 ], [ 13.970592960988354, 48.673365605790551 ], [ 13.970797400988006, 48.673337602567642 ], [ 13.971089179282451, 48.673322075250773 ], [ 13.971089206217645, 48.673322057116366 ], [ 13.971451394989836, 48.673389564779058 ], [ 13.972069589239963, 48.673699251122095 ], [ 13.972178425160863, 48.673748826424912 ], [ 13.972317165235651, 48.673860737608834 ], [ 13.972593535980234, 48.674083657134133 ], [ 13.972722834784578, 48.674215936627441 ], [ 13.972810972067238, 48.674399526081494 ], [ 13.972904512913988, 48.674601514574299 ], [ 13.972992573171929, 48.674640139881404 ], [ 13.9731569524458, 48.674678528573125 ], [ 13.973212159713396, 48.674697321453685 ], [ 13.97341606427316, 48.674766739043427 ], [ 13.973522530561862, 48.6748427682234 ], [ 13.973760560131675, 48.675088559007754 ], [ 13.973776772802687, 48.6751625175919 ], [ 13.973764182646271, 48.675307478778315 ], [ 13.973678576304634, 48.675456256421121 ], [ 13.973700791809069, 48.675462610735963 ], [ 13.973712213829675, 48.675485572847229 ], [ 13.9737869942276, 48.675525277398513 ], [ 13.974246009410752, 48.675851407962675 ], [ 13.97431712404163, 48.675902014877863 ], [ 13.974418245414958, 48.675973863273043 ], [ 13.974466049184523, 48.676017402390826 ], [ 13.974696278299165, 48.676227141150804 ], [ 13.97473432977166, 48.67626182949811 ], [ 13.974907612942769, 48.676446246584241 ], [ 13.974872839178385, 48.676478365322737 ], [ 13.974807456436526, 48.676538982407656 ], [ 13.974926013874823, 48.676897911363803 ], [ 13.974963429424649, 48.677012199438423 ], [ 13.974930821709417, 48.677283275176642 ], [ 13.974934675695488, 48.677309156619486 ], [ 13.974952390212829, 48.677411860355036 ], [ 13.974714510848976, 48.677612827038644 ], [ 13.974494370612835, 48.677798856229117 ], [ 13.9746365561101, 48.677819844015303 ], [ 13.974716697750845, 48.677831727378646 ], [ 13.974795614957358, 48.677843437506901 ], [ 13.974925826463089, 48.677862601719227 ], [ 13.974996044438999, 48.677906377705732 ], [ 13.975119780287041, 48.677983408115679 ], [ 13.975554300930943, 48.678129249116537 ], [ 13.975609947011648, 48.678148011474285 ], [ 13.975700084701982, 48.678133757017214 ], [ 13.975847559473634, 48.678110554163872 ], [ 13.976085316921043, 48.678160786404959 ], [ 13.976291143649982, 48.678242402188509 ], [ 13.976326358776795, 48.678256419507214 ], [ 13.976353929530312, 48.678267330858496 ], [ 13.976379505696872, 48.678270788178693 ], [ 13.976408619523463, 48.678274765728446 ], [ 13.976621256087311, 48.678303549213915 ], [ 13.976675401815372, 48.678310897006284 ], [ 13.976693872994524, 48.678332650917874 ], [ 13.976708348479084, 48.678349839844586 ], [ 13.976889738529497, 48.678551477741493 ], [ 13.977036797842073, 48.678625230247626 ], [ 13.977099369514685, 48.678632981288274 ], [ 13.977276471570768, 48.678654673583686 ], [ 13.977343667449579, 48.678662938736579 ], [ 13.97740800693486, 48.678670859782763 ], [ 13.977660181982143, 48.678679097936509 ], [ 13.978075708681645, 48.678847159048729 ], [ 13.978320205598653, 48.678892852752192 ], [ 13.978466362131108, 48.678948530637015 ], [ 13.97856434585222, 48.678985855979683 ], [ 13.978825421622597, 48.679270246222877 ], [ 13.979206119617093, 48.679411243434863 ], [ 13.980128358494694, 48.67979271934928 ], [ 13.980141738956998, 48.679798311721342 ], [ 13.980342450766761, 48.679882556849485 ], [ 13.981284301767305, 48.680277766112681 ], [ 13.981595361271825, 48.680657569284492 ], [ 13.981686540255227, 48.680768769749761 ], [ 13.981764536107182, 48.680803864502231 ], [ 13.981841301828403, 48.680838336430838 ], [ 13.982266931981544, 48.68102962106682 ], [ 13.982457269337178, 48.681173639624241 ], [ 13.982587129830746, 48.68127167400678 ], [ 13.983040364790931, 48.681422060527893 ], [ 13.983252960468764, 48.681661200093856 ], [ 13.983488984157237, 48.68192692131521 ], [ 13.983647505533632, 48.681992597373842 ], [ 13.983894683676219, 48.682130542243456 ], [ 13.984179751783261, 48.682343105717671 ], [ 13.984684739984999, 48.68262136198134 ], [ 13.984808051150802, 48.682630660280871 ], [ 13.985809358550428, 48.682705948908456 ], [ 13.986040156389688, 48.682740460389965 ], [ 13.986271226170409, 48.682774969904585 ], [ 13.986278846707693, 48.682776096685508 ], [ 13.987018735497173, 48.682886647354273 ], [ 13.987122179673822, 48.68289299603066 ], [ 13.987142977851285, 48.682894319108946 ], [ 13.987153172072574, 48.682894891849664 ], [ 13.987161463723401, 48.682895385257531 ], [ 13.987939951794706, 48.682943566943585 ], [ 13.989008960891937, 48.68301206471493 ], [ 13.989738864098161, 48.683041888691449 ], [ 13.989771751226581, 48.68304323357944 ], [ 13.989848669337759, 48.683046400579357 ], [ 13.989954032608166, 48.683022156687741 ], [ 13.989968929933212, 48.683018745526155 ], [ 13.99019300075012, 48.683302508063015 ], [ 13.990275976967354, 48.683407721843402 ], [ 13.990367701188047, 48.683453436744443 ], [ 13.991050243297268, 48.683793988017676 ], [ 13.991580489517348, 48.684290535270115 ], [ 13.991622968099964, 48.684690885848141 ], [ 13.991648136255339, 48.684927374458489 ], [ 13.991743398082246, 48.685164189063613 ], [ 13.991679853337986, 48.685494982101957 ], [ 13.991793212928956, 48.68570237486378 ], [ 13.991828124685284, 48.685766215490197 ], [ 13.992116408120294, 48.686013547940753 ], [ 13.992144333074799, 48.686040912441896 ], [ 13.992503369368018, 48.686392625486782 ], [ 13.99268749890026, 48.686525419814089 ], [ 13.992800265044343, 48.686643685249365 ], [ 13.992919178570775, 48.686965807838256 ], [ 13.992978708998066, 48.687127273381165 ], [ 13.993094839012098, 48.687232298548274 ], [ 13.99316327979486, 48.68729415134478 ], [ 13.993253848370948, 48.687365503074496 ], [ 13.993316423128279, 48.687414797320535 ], [ 13.99333906564355, 48.687432657712186 ], [ 13.99336402764345, 48.687451314497707 ], [ 13.993554942347123, 48.68759369271428 ], [ 13.993661168535311, 48.687837009328888 ], [ 13.993708650817487, 48.687906264850646 ], [ 13.993922941415562, 48.688218495547659 ], [ 13.993983664132253, 48.688282100156478 ], [ 13.993989308289027, 48.688287914399126 ], [ 13.994066640700602, 48.688333257726804 ], [ 13.994113724682398, 48.688360873561585 ], [ 13.994313969734055, 48.688478374777446 ], [ 13.994802182859772, 48.688636883039109 ], [ 13.995590573788702, 48.68897195381048 ], [ 13.995968081032347, 48.689045910046012 ], [ 13.996105084260243, 48.689072747226177 ], [ 13.996563756051328, 48.689488730492627 ], [ 13.996651624239817, 48.689613338698663 ], [ 13.99675250263576, 48.689756580548305 ], [ 13.996787375772069, 48.689806209474867 ], [ 13.996909873383759, 48.690003562072427 ], [ 13.996910798481132, 48.690075238174828 ], [ 13.996792473797708, 48.690222328119162 ], [ 13.996549677184765, 48.690524546925701 ], [ 13.996395317098765, 48.690721666325665 ], [ 13.995810609687616, 48.691531632015554 ], [ 13.9957766818845, 48.6915553876131 ], [ 13.995549689188113, 48.691714422109939 ], [ 13.995499605197221, 48.691749511190878 ], [ 13.995544206629337, 48.692037603310418 ], [ 13.995417217575243, 48.692272071175118 ], [ 13.995490870106632, 48.692421403548529 ], [ 13.99572747381133, 48.692660114337009 ], [ 13.99571648193165, 48.692671598636572 ], [ 13.99559475833912, 48.692956312657472 ], [ 13.995439938071295, 48.693150195283167 ], [ 13.994957276790162, 48.69343712521011 ], [ 13.993208376167363, 48.694332513373546 ], [ 13.993117811914169, 48.6943788915368 ], [ 13.992447858338011, 48.694544817333892 ], [ 13.991909300608066, 48.694596139287505 ], [ 13.991123784132881, 48.694671058728296 ], [ 13.98996581077664, 48.694868126500928 ], [ 13.989154976877428, 48.695206065022376 ], [ 13.988786564261991, 48.695389980030271 ], [ 13.988308326105733, 48.695516766542205 ], [ 13.987493102324086, 48.695564755895717 ], [ 13.987171523096878, 48.695650191651659 ], [ 13.987099882343111, 48.695849804873539 ], [ 13.98750611873449, 48.696256670621189 ], [ 13.987539971961814, 48.696290568538352 ], [ 13.988053294269596, 48.697178995484599 ], [ 13.988352109901316, 48.697364309509375 ], [ 13.988620660716952, 48.697530724868734 ], [ 13.989245780797381, 48.697957227218367 ], [ 13.989366823518495, 48.698137146838384 ], [ 13.989472352656593, 48.698293769090355 ], [ 13.989869217270316, 48.698623421620923 ], [ 13.990404671648392, 48.69919746879976 ], [ 13.990804213333909, 48.699820392253741 ], [ 13.991187097593281, 48.700637944306393 ], [ 13.991187213438717, 48.700731929251688 ], [ 13.991187914925064, 48.701158323062309 ], [ 13.990659399755877, 48.702106717088022 ], [ 13.990068424407182, 48.702687880157256 ], [ 13.989941346302679, 48.703312942725404 ], [ 13.989744157820121, 48.703544917556748 ], [ 13.989513133339175, 48.703744973325861 ], [ 13.988705718176837, 48.703840054103622 ], [ 13.988122930877518, 48.703893943312245 ], [ 13.987797115633992, 48.703938841636294 ], [ 13.987082977885791, 48.703985903494853 ], [ 13.986789465326769, 48.7040814340723 ], [ 13.986503438115877, 48.704252830031677 ], [ 13.985228747894926, 48.705165146691726 ], [ 13.985043148936107, 48.705263131037157 ], [ 13.983613000329168, 48.706018091773636 ], [ 13.983566901670011, 48.706036964434254 ], [ 13.982110802782167, 48.706634208960516 ], [ 13.981298748855428, 48.706969578229057 ], [ 13.980784167636754, 48.707047607045524 ], [ 13.980427860482774, 48.707176744932731 ], [ 13.980064677234202, 48.707288741474905 ], [ 13.979989753519774, 48.707436113016009 ], [ 13.979931066392492, 48.707664339147179 ], [ 13.979737932282431, 48.707888629215454 ], [ 13.979470100954458, 48.708148945705759 ], [ 13.979360804839338, 48.708243172873971 ], [ 13.979288607239429, 48.708467155932077 ], [ 13.97923830617496, 48.708573649467247 ], [ 13.979154448772357, 48.708659282216672 ], [ 13.978851148534288, 48.708898477096497 ], [ 13.978042184245179, 48.709311332517977 ], [ 13.977575424436122, 48.709455548289071 ], [ 13.977473505418763, 48.709488305574133 ], [ 13.97631325597685, 48.709729676713685 ], [ 13.976165513455244, 48.709760435501067 ], [ 13.976011893859107, 48.709788528157965 ], [ 13.975998793751048, 48.709795075429426 ], [ 13.975966919987629, 48.709810899174322 ], [ 13.975574432655181, 48.710005245116626 ], [ 13.975166077043035, 48.710158844771954 ], [ 13.975128038406881, 48.710181627211611 ], [ 13.974954976842332, 48.710285372513646 ], [ 13.974932720243395, 48.710298715062471 ], [ 13.97483578736408, 48.710371914742382 ], [ 13.974701257375628, 48.710503329685658 ], [ 13.974647552552593, 48.710555787105122 ], [ 13.974625529177574, 48.710587835364777 ], [ 13.974549853233608, 48.710698332705036 ], [ 13.974450017274574, 48.710843947765987 ], [ 13.9744468030293, 48.710847742711792 ], [ 13.97392127875732, 48.711469114377074 ], [ 13.973883447353304, 48.711497741206365 ], [ 13.973743963283113, 48.71160283025052 ], [ 13.973698469568475, 48.711649126617672 ], [ 13.973664247309392, 48.711683849436817 ], [ 13.973691073179452, 48.711764467063027 ], [ 13.973695165349756, 48.711776586314777 ], [ 13.973700672480524, 48.711793194727264 ], [ 13.97373786501171, 48.711855048732104 ], [ 13.973761818311218, 48.711846913550147 ], [ 13.973807695461355, 48.711831373749781 ], [ 13.973819468822191, 48.711827352230628 ], [ 13.973867240590129, 48.711811172501598 ], [ 13.973983279644237, 48.711754957543633 ], [ 13.974057974611343, 48.711696360037109 ], [ 13.974127831643207, 48.711554956305775 ], [ 13.974312533127591, 48.711446921672888 ], [ 13.974495501035095, 48.711330711881885 ], [ 13.974559042965289, 48.711249690555078 ], [ 13.974605934479756, 48.711130356790029 ], [ 13.974632871394199, 48.711110872968725 ], [ 13.974679741688895, 48.711076980097559 ], [ 13.974749685588748, 48.710997182789249 ], [ 13.974918888010157, 48.710823577342616 ], [ 13.975010542085759, 48.710773790290958 ], [ 13.975129172918805, 48.710685991834666 ], [ 13.975134345709819, 48.7106758005785 ], [ 13.975141638824967, 48.710661280713659 ], [ 13.975187134789726, 48.710571813628043 ], [ 13.975465087594745, 48.710466234904459 ], [ 13.975628505325458, 48.710493401062763 ], [ 13.975660846974625, 48.71049322402385 ], [ 13.975814808404037, 48.710492291175782 ], [ 13.976004824327491, 48.710429463365273 ], [ 13.976089911988073, 48.710474146049251 ], [ 13.976170348061256, 48.710516335898291 ], [ 13.97624387327145, 48.71057097496589 ], [ 13.976413970884838, 48.710567164850211 ], [ 13.976448614820784, 48.710566345412538 ], [ 13.976505752252406, 48.710560276220704 ], [ 13.97656587586118, 48.710553920817965 ], [ 13.976628742331545, 48.710560411444504 ], [ 13.976715013329446, 48.710569291966586 ], [ 13.97681775923963, 48.710602365269295 ], [ 13.976821675263439, 48.710600365163401 ], [ 13.976850438433921, 48.710585727444588 ], [ 13.97690794065716, 48.710478566026147 ], [ 13.976946655570853, 48.71047727442383 ], [ 13.977080326628689, 48.710473033574495 ], [ 13.977077702927334, 48.710437162804674 ], [ 13.977126396293007, 48.710440493161641 ], [ 13.977254116744662, 48.710449415674951 ], [ 13.977502971579179, 48.710429702458917 ], [ 13.977517596256714, 48.710436367502609 ], [ 13.977584703373029, 48.710466757780452 ], [ 13.977631752425403, 48.710534042701894 ], [ 13.977788057340511, 48.710568260061684 ], [ 13.977864163870613, 48.710557679072878 ], [ 13.977906627325867, 48.710551869675925 ], [ 13.978177075443103, 48.710552632160777 ], [ 13.978264461356604, 48.710552871393624 ], [ 13.97832782508616, 48.710533995929566 ], [ 13.978359443723832, 48.710519522017364 ], [ 13.978370523436672, 48.710514424595289 ], [ 13.978505552646885, 48.710499292187578 ], [ 13.9785516137889, 48.710520264229253 ], [ 13.978558994717233, 48.710523641278023 ], [ 13.978602463102078, 48.710532935647386 ], [ 13.978674411431127, 48.710548369013118 ], [ 13.978715696226983, 48.710567748379653 ], [ 13.978813532980697, 48.710610200471528 ], [ 13.979065777211122, 48.710719615929605 ], [ 13.979127677721824, 48.710746526407824 ], [ 13.979157456549911, 48.710758683984608 ], [ 13.979448001587757, 48.710876971524101 ], [ 13.979536521350465, 48.710891683548724 ], [ 13.979588679286129, 48.710900300134725 ], [ 13.979758092446119, 48.710993261975183 ], [ 13.979816252064269, 48.711025229212879 ], [ 13.979842366694147, 48.711037766554725 ], [ 13.979924539362768, 48.711077246140007 ], [ 13.980005966879339, 48.711133098444733 ], [ 13.980006193112349, 48.711161877277561 ], [ 13.980007114927298, 48.711289134106565 ], [ 13.980031425358787, 48.711352676047397 ], [ 13.98026794185086, 48.71145372144467 ], [ 13.980291509995542, 48.711458268266476 ], [ 13.980391504792181, 48.711477593142931 ], [ 13.980641408932716, 48.711540880052524 ], [ 13.980812583876059, 48.711503690738397 ], [ 13.981078590539003, 48.711550609135827 ], [ 13.981084419158972, 48.711549407770001 ], [ 13.981162767472483, 48.711533326075561 ], [ 13.981322908650499, 48.711558793600119 ], [ 13.981534710758361, 48.711542604177644 ], [ 13.981748129869729, 48.711482246002468 ], [ 13.981828360201932, 48.71143224692937 ], [ 13.981848357840365, 48.711433845226274 ], [ 13.981881822375575, 48.711436448341431 ], [ 13.982003492945999, 48.711471840838939 ], [ 13.982205034070926, 48.711471805784484 ], [ 13.982331610154148, 48.711400594575203 ], [ 13.982360622407406, 48.711384245311656 ], [ 13.982414956305595, 48.711382146016177 ], [ 13.982419866363539, 48.711437340639897 ], [ 13.982519876957626, 48.711436337687338 ], [ 13.982606164761476, 48.711435590457008 ], [ 13.982776830897036, 48.711455061872726 ], [ 13.982873783559482, 48.711373401369571 ], [ 13.982881056910433, 48.711368234655062 ], [ 13.982889811425917, 48.711361980487723 ], [ 13.983007448029925, 48.711336236598029 ], [ 13.983119082536478, 48.711330222198498 ], [ 13.983213334294327, 48.711325203344231 ], [ 13.983324624306873, 48.71135642489439 ], [ 13.983352992103255, 48.711364362151436 ], [ 13.983446179404947, 48.711339652635118 ], [ 13.983594708649315, 48.711263641652231 ], [ 13.983634783761353, 48.711294627971867 ], [ 13.983667859041319, 48.711320166868425 ], [ 13.983741081474566, 48.711296467142937 ], [ 13.983868035222345, 48.711255291382074 ], [ 13.983896528802751, 48.711230220645206 ], [ 13.983922334135192, 48.71120750318817 ], [ 13.984014865372409, 48.711152487818694 ], [ 13.98438553103507, 48.711039628440524 ], [ 13.984391912623806, 48.710985540416125 ], [ 13.984414806640622, 48.710969044707497 ], [ 13.984518119521635, 48.711024952351352 ], [ 13.984669783266591, 48.71099272229641 ], [ 13.984815908841936, 48.710995328722483 ], [ 13.984913658970545, 48.710976888341925 ], [ 13.985192170080555, 48.710830991275579 ], [ 13.985222601743938, 48.710808787449629 ], [ 13.985235485742431, 48.71075313429985 ], [ 13.985345180098918, 48.710712142739865 ], [ 13.985400345309097, 48.710743494307891 ], [ 13.985673182668398, 48.71066472121727 ], [ 13.985719830433762, 48.710678132423176 ], [ 13.985811351479008, 48.710704335081964 ], [ 13.985880048865171, 48.71067760127994 ], [ 13.985936439614848, 48.710655612650164 ], [ 13.986025085187531, 48.710615906704838 ], [ 13.986005640567583, 48.710679241157997 ], [ 13.98605244142319, 48.710683297846387 ], [ 13.986100332830176, 48.710687618262831 ], [ 13.986189930639757, 48.710637294231667 ], [ 13.986211386264532, 48.710625303060219 ], [ 13.986293460162573, 48.710635279160392 ], [ 13.986370171943078, 48.710683148873763 ], [ 13.986454887182651, 48.710687084326565 ], [ 13.986611830118797, 48.710653383354902 ], [ 13.986660038070072, 48.710671911959153 ], [ 13.98674292280635, 48.710745649156486 ], [ 13.986814973363497, 48.710768901569452 ], [ 13.986911553301898, 48.710765395714425 ], [ 13.987069061884663, 48.710701381930484 ], [ 13.987237238612616, 48.710749550906321 ], [ 13.987363174111682, 48.710746150898508 ], [ 13.987375151869035, 48.710747613079455 ], [ 13.987442523762155, 48.710755601754471 ], [ 13.987648336905433, 48.710739074901298 ], [ 13.988051290812962, 48.710729362401963 ], [ 13.988174133502921, 48.710717884374134 ], [ 13.98841085615763, 48.710727445533138 ], [ 13.9884790234967, 48.710723197625654 ], [ 13.988622555707201, 48.710714301745661 ], [ 13.988789877618634, 48.710663361762592 ], [ 13.988896578977441, 48.710537122490429 ], [ 13.988922678252699, 48.710526993570632 ], [ 13.989039647531285, 48.710481281119613 ], [ 13.989257294929811, 48.710444449281432 ], [ 13.989474504057974, 48.710628776714508 ], [ 13.989651108368619, 48.710698210394348 ], [ 13.989772136182852, 48.710778747278084 ], [ 13.989818327387672, 48.710809517422739 ], [ 13.989889524191042, 48.710819012240265 ], [ 13.98995800129377, 48.710775189081424 ], [ 13.990091048509031, 48.710658334698785 ], [ 13.990263580620638, 48.710621753502885 ], [ 13.990411959525165, 48.710545554764501 ], [ 13.99042303114974, 48.710539916616597 ], [ 13.99049593943845, 48.710523859124024 ], [ 13.990597440922082, 48.710501435713923 ], [ 13.990954370802726, 48.71050609127402 ], [ 13.991010974406882, 48.710500917383932 ], [ 13.991253272758073, 48.710478963297646 ], [ 13.991330139904136, 48.710464322093621 ], [ 13.991349391231788, 48.710460706559957 ], [ 13.99140425815189, 48.710415429917582 ], [ 13.991521376833852, 48.71028607189173 ], [ 13.991528020397476, 48.710284865433223 ], [ 13.991793235264572, 48.710237868874039 ], [ 13.991969099613176, 48.710185797128752 ], [ 13.99203555830365, 48.710196756247562 ], [ 13.992113182917745, 48.710209451398512 ], [ 13.992300982224346, 48.710240324841124 ], [ 13.992428861252053, 48.710240236178173 ], [ 13.992608657710303, 48.710240485252498 ], [ 13.992667230210621, 48.710240515897432 ], [ 13.992685811149036, 48.710237623413498 ], [ 13.992887618302374, 48.710205730476616 ], [ 13.99291041406031, 48.71020299414149 ], [ 13.99291964061173, 48.71020186302254 ], [ 13.992947107999337, 48.71010781342757 ], [ 13.993200140092314, 48.710022388722876 ], [ 13.993415508023165, 48.710041233540331 ], [ 13.993639673491673, 48.710014969550976 ], [ 13.993745187981945, 48.709987754106635 ], [ 13.993847996981394, 48.709929795019633 ], [ 13.993881597826604, 48.70990073579096 ], [ 13.993922023953798, 48.709821182938477 ], [ 13.993944984273075, 48.709820693922957 ], [ 13.993983706355094, 48.709820026222552 ], [ 13.994201180823389, 48.709875912172862 ], [ 13.994455511012781, 48.709986722032717 ], [ 13.994506454482124, 48.709995878475183 ], [ 13.994517487995864, 48.709997884876508 ], [ 13.994617976617301, 48.709992012258347 ], [ 13.994746938441233, 48.70997050973277 ], [ 13.99483738680286, 48.709955339973682 ], [ 13.99486113355905, 48.709952597896937 ], [ 13.994922601485875, 48.709945326116966 ], [ 13.995017658442864, 48.709897572693578 ], [ 13.995171366032976, 48.709855963924866 ], [ 13.995274289420678, 48.709828132146718 ], [ 13.995368748426209, 48.709828948307077 ], [ 13.995524504166156, 48.709830317863535 ], [ 13.995882270751322, 48.709731525032574 ], [ 13.996007064122985, 48.709713552231293 ], [ 13.996186786486417, 48.70972926556648 ], [ 13.996233098926968, 48.709695457069088 ], [ 13.996265814346023, 48.709671618550978 ], [ 13.996349518008588, 48.709607739338132 ], [ 13.996482975755042, 48.709534585082643 ], [ 13.99670470056307, 48.709540616745436 ], [ 13.996775936410263, 48.709542642316933 ], [ 13.997092470546702, 48.709534556509297 ], [ 13.997114404015472, 48.70953874945743 ], [ 13.997182247386945, 48.709551676471079 ], [ 13.997208435202905, 48.709569605845495 ], [ 13.997276714315893, 48.709616257086935 ], [ 13.997348132772968, 48.709642924288616 ], [ 13.997359740079496, 48.709647265564122 ], [ 13.997397407429279, 48.709649120969438 ], [ 13.997410597738583, 48.709649765823393 ], [ 13.997621387588307, 48.70958777458128 ], [ 13.997794805844418, 48.709525814713523 ], [ 13.997923208656179, 48.709492799780534 ], [ 13.9980259549646, 48.709430430379946 ], [ 13.998064653024235, 48.709406917213038 ], [ 13.998130316093958, 48.709345837047479 ], [ 13.998224711849453, 48.709257792502754 ], [ 13.998398038181051, 48.709304387435488 ], [ 13.998634498174528, 48.709231006594592 ], [ 13.99878744993077, 48.709204866675314 ], [ 13.998854298259692, 48.709193425162532 ], [ 13.99898341203034, 48.709236402658426 ], [ 13.999018218187928, 48.709258689706473 ], [ 13.999141007915286, 48.709348470680141 ], [ 13.999235539784449, 48.709333993847338 ], [ 13.999357603979449, 48.709315313452848 ], [ 13.999522010128709, 48.709229298768356 ], [ 13.999674986925395, 48.709110791182127 ], [ 13.999765637504881, 48.709132401113358 ], [ 13.999793446743286, 48.709139078455003 ], [ 13.99984219109573, 48.709135833628125 ], [ 14.000033503040703, 48.70912314475882 ], [ 14.000152153077922, 48.709124179362561 ], [ 14.000178927150115, 48.709124386956681 ], [ 14.000261777570715, 48.709215113252711 ], [ 14.000281402933835, 48.709229931418463 ], [ 14.000292794643052, 48.709238590657264 ], [ 14.000318057194034, 48.709247980491845 ], [ 14.000408727647603, 48.70928155157425 ], [ 14.000467994831999, 48.709282833504702 ], [ 14.000496542506985, 48.70928357057111 ], [ 14.000592759545929, 48.709241921771508 ], [ 14.000611273122793, 48.709233901941694 ], [ 14.000694032746363, 48.709160581455166 ], [ 14.000708774186126, 48.709155101328825 ], [ 14.000711099839295, 48.70914582448215 ], [ 14.000713553202306, 48.709135917342685 ], [ 14.000718198665268, 48.709116913991849 ], [ 14.000822917180786, 48.709081152554077 ], [ 14.0009054485206, 48.709053072050764 ], [ 14.001126395388749, 48.708905215758051 ], [ 14.00113744211453, 48.708897777966456 ], [ 14.001248060116968, 48.708751358736677 ], [ 14.001301295805916, 48.708727761729492 ], [ 14.001310912625428, 48.70870441302101 ], [ 14.001314075662581, 48.708696840215794 ], [ 14.001342196377584, 48.708664752106884 ], [ 14.001358536942888, 48.70864640164681 ], [ 14.001443755390692, 48.708584668611117 ], [ 14.001521587866701, 48.708571544138145 ], [ 14.001582571200437, 48.708537649936915 ], [ 14.00165073941351, 48.708418813220398 ], [ 14.00180814936159, 48.708317815440338 ], [ 14.001867967321045, 48.708246603409386 ], [ 14.001982176345145, 48.708209347822425 ], [ 14.002081229524274, 48.708177035161789 ], [ 14.002223498975763, 48.708050940421472 ], [ 14.002284488454956, 48.707996719789492 ], [ 14.002447119026447, 48.7079107110184 ], [ 14.002454765050386, 48.707861291383175 ], [ 14.00247532852603, 48.707728965058372 ], [ 14.002471292077084, 48.707700747502543 ], [ 14.002435210240474, 48.707444809432289 ], [ 14.002571363261172, 48.707339704673608 ], [ 14.002576708816575, 48.707207555027011 ], [ 14.002548497875384, 48.707076046457985 ], [ 14.002558214584498, 48.706778655425836 ], [ 14.00268342711535, 48.706793590430294 ], [ 14.002800390922287, 48.70682206309457 ], [ 14.002933168404189, 48.70685440267718 ], [ 14.003246087181004, 48.706914314068356 ], [ 14.003489394131758, 48.706971384468311 ], [ 14.003514202780371, 48.706977268627021 ], [ 14.003631032930269, 48.707016263996827 ], [ 14.003711694413543, 48.707043144374069 ], [ 14.00395317506082, 48.707199695876604 ], [ 14.00404335407775, 48.707258179865903 ], [ 14.004131067030617, 48.70725264190331 ], [ 14.004147496809024, 48.707251648590862 ], [ 14.004207375411831, 48.707247888588711 ], [ 14.004422645181624, 48.707218147144495 ], [ 14.004462461263156, 48.707207756394453 ], [ 14.004540332808688, 48.707187434615989 ], [ 14.004662130411409, 48.707117665279455 ], [ 14.00487427887, 48.706973899228259 ], [ 14.004974116988414, 48.706960376672455 ], [ 14.005197838437844, 48.706870416754285 ], [ 14.005815690400272, 48.706462514962638 ], [ 14.005957346703999, 48.706363310548376 ], [ 14.006176355388973, 48.706173184520992 ], [ 14.006243105163016, 48.7060508454489 ], [ 14.006453471960318, 48.705948098476931 ], [ 14.006566097919617, 48.705842494334306 ], [ 14.006650462328251, 48.70579937948586 ], [ 14.006750946329452, 48.705721276006081 ], [ 14.007022691516955, 48.705532554433255 ], [ 14.007040601492408, 48.705520130049621 ], [ 14.007055010520398, 48.705510154099947 ], [ 14.006825291409719, 48.705359477239895 ], [ 14.006794863151434, 48.705339505721838 ], [ 14.006782771803566, 48.705329322158988 ], [ 14.006654161235423, 48.705220785260018 ], [ 14.006592622574276, 48.705139114667503 ], [ 14.006554040942159, 48.70508798127959 ], [ 14.006014301920725, 48.704724218651066 ], [ 14.005660560030725, 48.704690270921752 ], [ 14.005472965972993, 48.704497528673002 ], [ 14.005512766582948, 48.704195197799891 ], [ 14.005519073909886, 48.704147584281877 ], [ 14.005605734152274, 48.703926918679031 ], [ 14.005975131621895, 48.702987463662538 ], [ 14.006749691250159, 48.701902140241117 ], [ 14.006871909173773, 48.701730825376941 ], [ 14.006948048628884, 48.701610140491127 ], [ 14.007169279074422, 48.701259638890541 ], [ 14.007287209037349, 48.701134576538784 ], [ 14.007381016686876, 48.701035105251464 ], [ 14.007423353139673, 48.700979010185598 ], [ 14.007509893649962, 48.700864201051971 ], [ 14.007508823397485, 48.700637562113386 ], [ 14.007508107812683, 48.700510483074289 ], [ 14.007737646059356, 48.700483171553365 ], [ 14.007822449583371, 48.700443201006117 ], [ 14.007992415552057, 48.700349227244928 ], [ 14.008030184240265, 48.700328234236217 ], [ 14.008137793040046, 48.700431584290158 ], [ 14.008179763495328, 48.700471905156377 ], [ 14.008347230119528, 48.700632561285182 ], [ 14.008617493062321, 48.70089200759773 ], [ 14.00868643617421, 48.700958255193669 ], [ 14.008970525127923, 48.700698046177635 ], [ 14.009046243890468, 48.700628537284075 ], [ 14.009881303440734, 48.699863383932467 ], [ 14.010575280131343, 48.699127189511088 ], [ 14.009925150135182, 48.69775451950818 ], [ 14.009409401868494, 48.697702630340217 ], [ 14.008928568824659, 48.697567794240243 ], [ 14.00889993180089, 48.697559774736355 ], [ 14.008777746399922, 48.697525492157403 ], [ 14.008658568810867, 48.697440916404005 ], [ 14.007953927207746, 48.69694032464465 ], [ 14.007223263948001, 48.69614299030151 ], [ 14.007153520256104, 48.696066853057779 ], [ 14.007863612461904, 48.695855733062672 ], [ 14.008119453180401, 48.695784469177198 ], [ 14.008332111806546, 48.695725235191325 ], [ 14.008902016208337, 48.695588665211609 ], [ 14.009461896689926, 48.695454578561296 ], [ 14.009562727634895, 48.695466678720202 ], [ 14.009638801791548, 48.695517775089002 ], [ 14.009685058183047, 48.695532977872098 ], [ 14.00987417962464, 48.695595294160121 ], [ 14.009934226401016, 48.695646662647867 ], [ 14.009985376225579, 48.695672359927791 ], [ 14.010024354982109, 48.695692011557306 ], [ 14.010090685743696, 48.695756294900796 ], [ 14.010201056939481, 48.695822212812786 ], [ 14.010319341922033, 48.695921632118733 ], [ 14.010371728128591, 48.69598959332459 ], [ 14.010510384707546, 48.696098698184635 ], [ 14.010521446250655, 48.696123637311317 ], [ 14.01057521829822, 48.696245193933578 ], [ 14.010725513521914, 48.696392005622798 ], [ 14.010816415956329, 48.696475303609496 ], [ 14.010858162002505, 48.696488373447146 ], [ 14.010907819478254, 48.696503825920573 ], [ 14.010971568122381, 48.696578196806541 ], [ 14.011001385393945, 48.696593314152373 ], [ 14.011028009385813, 48.696654768401238 ], [ 14.011086032811608, 48.69668645138448 ], [ 14.011116482340643, 48.696728906430899 ], [ 14.011135466611584, 48.696736441537546 ], [ 14.011193785097564, 48.696759578580185 ], [ 14.011230783617252, 48.696793811326302 ], [ 14.011298856862426, 48.696825166311925 ], [ 14.011344670422201, 48.69687877484759 ], [ 14.011449026539434, 48.696962174452189 ], [ 14.011571006536041, 48.697032341012282 ], [ 14.011636620705877, 48.697062630753344 ], [ 14.011652307374531, 48.697098245732526 ], [ 14.011661130764365, 48.697118251053368 ], [ 14.01169367098823, 48.697144055187536 ], [ 14.011711793529669, 48.697158340589532 ], [ 14.01178796891676, 48.697185871009488 ], [ 14.011906892762493, 48.697497900153088 ], [ 14.011918853509805, 48.697529129644579 ], [ 14.012261694944119, 48.698428241916879 ], [ 14.012361645959873, 48.698434948460665 ], [ 14.012541149332582, 48.698446950439156 ], [ 14.012792318338173, 48.698463753534668 ], [ 14.013018298103434, 48.69778799409044 ], [ 14.013027859695423, 48.697771300027192 ], [ 14.013188688466357, 48.697491198251278 ], [ 14.013209010323994, 48.697456004367666 ], [ 14.013435179134209, 48.697062290593216 ], [ 14.014416917531081, 48.697122879769402 ], [ 14.015388001669198, 48.696943476070722 ], [ 14.015388572353677, 48.696935288322607 ], [ 14.015392812595159, 48.696875994003989 ], [ 14.015425812030353, 48.6964140563 ], [ 14.015428668971204, 48.696373387342 ], [ 14.015433032562626, 48.696354115062043 ], [ 14.015470987995441, 48.696183820041945 ], [ 14.015488140488618, 48.696094231162398 ], [ 14.015611547374883, 48.695452699162999 ], [ 14.015643797899672, 48.695098332290812 ], [ 14.015669760016083, 48.694812715237461 ], [ 14.015473387504267, 48.694654755411719 ], [ 14.015027086598295, 48.694295435686215 ], [ 14.014227524944777, 48.693696949076561 ], [ 14.013728318226278, 48.69333190550406 ], [ 14.013597128073645, 48.693201805210087 ], [ 14.013511368721371, 48.69311695045262 ], [ 14.013450200298774, 48.693052728953226 ], [ 14.013418515128418, 48.693019545306683 ], [ 14.013385147918971, 48.692592168883166 ], [ 14.013860716646631, 48.692239548086945 ], [ 14.014968937691318, 48.69179511028134 ], [ 14.015259177549636, 48.691718054378846 ], [ 14.015716330552049, 48.691596676222609 ], [ 14.016049887233523, 48.691508123955074 ], [ 14.016604097843704, 48.691360994409948 ], [ 14.016501256126297, 48.691197094857429 ], [ 14.017330735385318, 48.691073811026669 ], [ 14.018264064146514, 48.690935074983976 ], [ 14.019541251582297, 48.690493563849579 ], [ 14.019681988619981, 48.690473223621829 ], [ 14.020091319912165, 48.690414166054502 ], [ 14.020557037597104, 48.690305130282475 ], [ 14.020865121216803, 48.690232902464508 ], [ 14.021614677317874, 48.690057352225608 ], [ 14.022587930265475, 48.689788025350182 ], [ 14.02258969055217, 48.689402535501323 ], [ 14.022590416761375, 48.689254041557234 ], [ 14.022591222940783, 48.689091246791243 ], [ 14.022526489734727, 48.688802112718449 ], [ 14.02249021669645, 48.688639715661701 ], [ 14.022502162636702, 48.688608706363318 ], [ 14.022824034114716, 48.687772627763295 ], [ 14.024093719740664, 48.687398204496837 ], [ 14.024232753517845, 48.687049680046727 ], [ 14.024413569821904, 48.686596129789883 ], [ 14.024441015463553, 48.686586524434965 ], [ 14.024462781813961, 48.686578841266886 ], [ 14.024474544225171, 48.686574724682053 ], [ 14.024654357660614, 48.686511606767844 ], [ 14.024884193685665, 48.686430925273314 ], [ 14.025187401581503, 48.686331642773609 ], [ 14.025478166933148, 48.686236480180412 ], [ 14.025652101184091, 48.686170697224192 ], [ 14.02575210978137, 48.686132871926631 ], [ 14.025886309722857, 48.686082073254241 ], [ 14.025791180234911, 48.685564313965031 ], [ 14.02578237930666, 48.685515978501805 ], [ 14.025743545141898, 48.685506944009838 ], [ 14.025149722346125, 48.685368613746284 ], [ 14.025127647766352, 48.685363437526789 ], [ 14.024546623716514, 48.685449427648365 ], [ 14.024178703714318, 48.685503850222467 ], [ 14.024125090051772, 48.685506864197173 ], [ 14.023713278479606, 48.685529705256151 ], [ 14.023410323924438, 48.685546508058721 ], [ 14.022890875437261, 48.685575285918603 ], [ 14.022980546108542, 48.685293248270476 ], [ 14.023200804353024, 48.684600138636739 ], [ 14.022941630023293, 48.684589341141866 ], [ 14.021880061862054, 48.684545032308293 ], [ 14.021774332775561, 48.684094696490753 ], [ 14.021863719062164, 48.684024468657555 ], [ 14.0218992084197, 48.684017155081783 ] ] ] } }
]
}
