{
"type": "FeatureCollection",
"name": "gostling_an_der_ybbs",
"crs": { "type": "name", "properties": { "name": "urn:ogc:def:crs:OGC:1.3:CRS84" } },
"features": [
{ "type": "Feature", "properties": { "name": "Göstling an der Ybbs", "feature_type": "entity", "metric_roundness": 62.84, "metric_rectangularity": 70.43, "metric_mobile_fit": 50.32, "metric_aspect_ratio": 1.059, "metric_area_km2": 318.08 }, "geometry": { "type": "Polygon", "coordinates": [ [ [ 14.923977886879975, 47.834518808259737 ], [ 14.92438075460144, 47.834276895918151 ], [ 14.924389728244002, 47.834264354114353 ], [ 14.9244053584721, 47.834242182007095 ], [ 14.92448097172278, 47.834135765743007 ], [ 14.924508265893765, 47.834097235296269 ], [ 14.924570374612102, 47.834008192521445 ], [ 14.924682374679604, 47.834012766578148 ], [ 14.92477209825342, 47.834018727677616 ], [ 14.924792555383835, 47.83403221328156 ], [ 14.924830053307275, 47.834056712009129 ], [ 14.924875193757702, 47.834086414446176 ], [ 14.924894693918256, 47.834099193349047 ], [ 14.924980882475355, 47.83415586506117 ], [ 14.925074705537131, 47.834217470572369 ], [ 14.925082612510833, 47.834222580645573 ], [ 14.925132794620406, 47.834255452906476 ], [ 14.925156285606175, 47.834263227479219 ], [ 14.925175864170789, 47.834269796234153 ], [ 14.925341105434303, 47.834302340434952 ], [ 14.925479150156326, 47.834363425319331 ], [ 14.925506881176405, 47.834435841090844 ], [ 14.925558769709056, 47.834463290471277 ], [ 14.925591543440058, 47.834446730652814 ], [ 14.92572967398876, 47.834374545086227 ], [ 14.92607736905966, 47.834192922890011 ], [ 14.92615214977609, 47.834177762598017 ], [ 14.926167026856383, 47.83417476761975 ], [ 14.926366937827263, 47.834380234319326 ], [ 14.926615819798061, 47.834648914260832 ], [ 14.926637632745262, 47.83468055795479 ], [ 14.926822150501106, 47.834946526991089 ], [ 14.926847871439854, 47.834983605798975 ], [ 14.92686143276906, 47.835003215349225 ], [ 14.926880271546256, 47.835068824734236 ], [ 14.926932620003434, 47.835251672656575 ], [ 14.926971490045116, 47.835386924283632 ], [ 14.926996617016485, 47.835474673273353 ], [ 14.926951140892211, 47.835609470332301 ], [ 14.926937662635169, 47.835649610218233 ], [ 14.926929817092704, 47.835672844947304 ], [ 14.92691875282075, 47.835669398356067 ], [ 14.926912997353192, 47.835669117917917 ], [ 14.926802713811043, 47.835663982351576 ], [ 14.926779427500513, 47.835662954212602 ], [ 14.926481367604067, 47.835649073666211 ], [ 14.926268038082487, 47.835630692933194 ], [ 14.92617621022486, 47.835889230222826 ], [ 14.926275080148375, 47.83605055933387 ], [ 14.92630278729359, 47.836095799533808 ], [ 14.926498027542142, 47.836318787741767 ], [ 14.926510170219402, 47.836348855270472 ], [ 14.926656990568389, 47.836710910005877 ], [ 14.926692220130063, 47.836717892253027 ], [ 14.926773841734768, 47.836734132152067 ], [ 14.926910195974516, 47.836761404094496 ], [ 14.926946636190277, 47.836768639498771 ], [ 14.927023551942057, 47.83678395438524 ], [ 14.927158161828755, 47.836911854233428 ], [ 14.927241293925624, 47.836990793024775 ], [ 14.927829829340329, 47.836887635147512 ], [ 14.927853961715527, 47.836920776315829 ], [ 14.928040194947291, 47.83684369387916 ], [ 14.928254606762698, 47.836875464328962 ], [ 14.92837852505366, 47.836893727926828 ], [ 14.928500197407994, 47.836943517480243 ], [ 14.928537013016046, 47.836958665947193 ], [ 14.928732152353609, 47.83696325633624 ], [ 14.92896941779564, 47.836938018354729 ], [ 14.929170048353798, 47.836916706120888 ], [ 14.92919591104863, 47.836940824502349 ], [ 14.929235940442275, 47.836978064804519 ], [ 14.929426594488818, 47.837059024049758 ], [ 14.92943810852552, 47.837072812552911 ], [ 14.929552690129025, 47.837209895381896 ], [ 14.929837326049691, 47.837335356353599 ], [ 14.929904402039785, 47.837343516657853 ], [ 14.930049951050654, 47.837361029197176 ], [ 14.930251873972303, 47.837395128490506 ], [ 14.930559651539429, 47.837481753436421 ], [ 14.930578153945051, 47.837483656930623 ], [ 14.930882634002767, 47.837514805413555 ], [ 14.930972651772425, 47.837525796913155 ], [ 14.931120085757644, 47.837543731939199 ], [ 14.931228570225249, 47.837577323886919 ], [ 14.931473484822144, 47.837496183602084 ], [ 14.931564912856778, 47.83746585159237 ], [ 14.931684607350737, 47.837428918863765 ], [ 14.931780337754361, 47.837399426930126 ], [ 14.931967129926003, 47.837327639532823 ], [ 14.932024331308208, 47.83730570018713 ], [ 14.93203094402808, 47.837299039580664 ], [ 14.932124451607606, 47.837205598193194 ], [ 14.932154284250213, 47.837193396600384 ], [ 14.932251968836731, 47.837153528803825 ], [ 14.932369497081776, 47.837115725509683 ], [ 14.932451687694517, 47.837089300222544 ], [ 14.932575168598451, 47.837075710394842 ], [ 14.932652960639148, 47.83706716314569 ], [ 14.932858701081209, 47.837051262787185 ], [ 14.932996298984696, 47.83707536084173 ], [ 14.933316505967293, 47.837131300905874 ], [ 14.933529519308138, 47.837139054768272 ], [ 14.933757114015817, 47.837147235857344 ], [ 14.933826798993955, 47.837153288017298 ], [ 14.93390586603824, 47.837160199813994 ], [ 14.933996261095235, 47.837091816129401 ], [ 14.934407062234275, 47.837059659735971 ], [ 14.934522420671337, 47.837055809039633 ], [ 14.934707293274494, 47.83705243309776 ], [ 14.934829918213651, 47.837050190960099 ], [ 14.934957440635564, 47.836998388422366 ], [ 14.935072316653805, 47.836952610412844 ], [ 14.935109311707684, 47.836943008178189 ], [ 14.935117269616299, 47.83694100798094 ], [ 14.935248543334882, 47.836906970248805 ], [ 14.935498212927746, 47.836854820721349 ], [ 14.935708735449529, 47.836868544217943 ], [ 14.935901047120574, 47.836920404406804 ], [ 14.936026993143514, 47.83707451049905 ], [ 14.936100123377948, 47.837101390174041 ], [ 14.936134865673159, 47.837114225417729 ], [ 14.936140859704848, 47.837117921551673 ], [ 14.936229704265836, 47.837173468320721 ], [ 14.936489618651912, 47.837346499231629 ], [ 14.936588677968254, 47.83744311736536 ], [ 14.93659239540013, 47.837446665142878 ], [ 14.93660445653448, 47.837452076657044 ], [ 14.936914540265883, 47.837591744490616 ], [ 14.936984450702443, 47.837631266411776 ], [ 14.936998732234219, 47.837639346600561 ], [ 14.937059495069722, 47.83768565459858 ], [ 14.937183898349282, 47.837780570131962 ], [ 14.937305458649762, 47.837861217288861 ], [ 14.937368216123161, 47.83790281812513 ], [ 14.937530266166526, 47.837939618817003 ], [ 14.93755226759404, 47.837972787670985 ], [ 14.93777258996332, 47.83812278997371 ], [ 14.937906301021135, 47.83824655079507 ], [ 14.937938217891569, 47.838276162201488 ], [ 14.938032227963872, 47.83841280314433 ], [ 14.938058697238267, 47.838434751495598 ], [ 14.938133705781839, 47.838496608339575 ], [ 14.938166317483104, 47.838618535652195 ], [ 14.938219385087823, 47.838714532385225 ], [ 14.938250071549307, 47.838856463343674 ], [ 14.938218746225596, 47.838994217732633 ], [ 14.938208557329265, 47.839089024726484 ], [ 14.938163868281501, 47.83926169957541 ], [ 14.938122972269333, 47.839370701549328 ], [ 14.938079671736567, 47.839532018798444 ], [ 14.938047906569677, 47.839720801264264 ], [ 14.938296301174319, 47.839722565203516 ], [ 14.938912539488612, 47.839737747125589 ], [ 14.939741435081853, 47.839713880549432 ], [ 14.940301271080148, 47.839781312391104 ], [ 14.940371836577366, 47.839789778012126 ], [ 14.94061856079939, 47.839915470981133 ], [ 14.940710083192075, 47.839962158454234 ], [ 14.940853744624683, 47.84003529516955 ], [ 14.941176780454242, 47.839995429194786 ], [ 14.941895256526434, 47.839983974292736 ], [ 14.942062947632563, 47.839986585367996 ], [ 14.94225122754802, 47.83998935900869 ], [ 14.942363431423281, 47.840008760956216 ], [ 14.942682163515544, 47.840063616116595 ], [ 14.943024702261354, 47.839984328955047 ], [ 14.943187810013981, 47.839946598593947 ], [ 14.943200817310867, 47.839943627524327 ], [ 14.943205991847044, 47.839942385500464 ], [ 14.943249753538433, 47.839935475820475 ], [ 14.943386889397447, 47.839913765168752 ], [ 14.943801085337707, 47.839848053386071 ], [ 14.944788971436076, 47.839947821668467 ], [ 14.944799159112705, 47.839966126525475 ], [ 14.944888638788584, 47.840128561421167 ], [ 14.94517913077315, 47.840208100450909 ], [ 14.945228210596873, 47.84020894451433 ], [ 14.945312194354745, 47.840210380715426 ], [ 14.945516104156548, 47.840334231965066 ], [ 14.945758454734419, 47.840603683102351 ], [ 14.945835176656598, 47.840738039947716 ], [ 14.945895083164729, 47.840803882371688 ], [ 14.94594930084544, 47.841049326598622 ], [ 14.945954787543592, 47.841123218500549 ], [ 14.945964410107143, 47.841253203929746 ], [ 14.945964696280145, 47.841258149166244 ], [ 14.945937417871876, 47.841288135877647 ], [ 14.945923195455395, 47.841303722292032 ], [ 14.945879887858252, 47.841351390334616 ], [ 14.945829592844014, 47.841406534878267 ], [ 14.945805025726891, 47.841433424133619 ], [ 14.945807310865192, 47.841459848112443 ], [ 14.945820471140559, 47.841613540425975 ], [ 14.945827849007369, 47.841701083777203 ], [ 14.945742365475358, 47.841824479597967 ], [ 14.945620863202281, 47.841945859076425 ], [ 14.945541891716234, 47.842024710599638 ], [ 14.945477705063256, 47.842184252965325 ], [ 14.945466158497819, 47.842212939892512 ], [ 14.945453725798357, 47.842225891635721 ], [ 14.94545113403422, 47.842228537446161 ], [ 14.945359297281673, 47.842323676098232 ], [ 14.945324500664702, 47.842439344442589 ], [ 14.945277103355238, 47.842597212310913 ], [ 14.945266198653329, 47.842633719032207 ], [ 14.945274382944888, 47.842721431088698 ], [ 14.945277596570179, 47.842756300783641 ], [ 14.945273361594399, 47.84276634840375 ], [ 14.945224632914906, 47.842881041522446 ], [ 14.945203828251563, 47.842930284589443 ], [ 14.945218175417805, 47.843109516347312 ], [ 14.945263762658374, 47.843196435892771 ], [ 14.945307646882748, 47.843280139715603 ], [ 14.945383441064276, 47.843445015032621 ], [ 14.945507834305639, 47.843660053358583 ], [ 14.945529156440585, 47.843783666210378 ], [ 14.945582750168644, 47.843922125742658 ], [ 14.945607731360859, 47.843986656603327 ], [ 14.945611497843421, 47.844009100482054 ], [ 14.945636356182067, 47.844152010891946 ], [ 14.945592465349623, 47.844263217042524 ], [ 14.945588129979228, 47.844274345904388 ], [ 14.945588746173341, 47.844289994863793 ], [ 14.945590667356484, 47.844334961034406 ], [ 14.945607608371583, 47.844385836375871 ], [ 14.945608791002265, 47.844389509277647 ], [ 14.945600754549842, 47.844414997635276 ], [ 14.945593929432277, 47.844436419694325 ], [ 14.94558261262943, 47.844472572238971 ], [ 14.94556287789057, 47.844534848368248 ], [ 14.945561048389099, 47.844540543051608 ], [ 14.945533867009615, 47.844630099004959 ], [ 14.945467785326326, 47.844780309137839 ], [ 14.945422473765852, 47.8449408473777 ], [ 14.945283765479694, 47.845206804231658 ], [ 14.945667298534543, 47.845476262725526 ], [ 14.945733703956362, 47.845522937372571 ], [ 14.945747231669019, 47.845532466820245 ], [ 14.945719020747129, 47.845666670233896 ], [ 14.945675655453323, 47.845773279724199 ], [ 14.945662615730363, 47.845805586937729 ], [ 14.9456427751861, 47.84586444506261 ], [ 14.945617554621911, 47.845939575837143 ], [ 14.945606043727725, 47.846064817206525 ], [ 14.945611438529916, 47.846287457139894 ], [ 14.945606800588729, 47.84646218473469 ], [ 14.945612576610426, 47.846489099820133 ], [ 14.9456185334097, 47.846517542140788 ], [ 14.945822652634778, 47.846586678584011 ], [ 14.945984552464612, 47.846643536749319 ], [ 14.94620347228193, 47.846728753137839 ], [ 14.946432054624657, 47.84676317192497 ], [ 14.94664153737304, 47.846832771877729 ], [ 14.946897476026555, 47.84690460137881 ], [ 14.947209029952708, 47.846972232993153 ], [ 14.947442707374414, 47.847054721052061 ], [ 14.94764813495455, 47.847109798200052 ], [ 14.947769182539698, 47.847142299312054 ], [ 14.948093095263365, 47.847224783318282 ], [ 14.948327002091562, 47.847284319970242 ], [ 14.948679050607584, 47.84745099542144 ], [ 14.94918094423655, 47.847643197262734 ], [ 14.949404890829193, 47.847704760952396 ], [ 14.949551582299089, 47.847745089795957 ], [ 14.949594031962901, 47.847764742064918 ], [ 14.9497209802757, 47.847823704393043 ], [ 14.949971520736028, 47.847932497083889 ], [ 14.950304836522713, 47.848046428346834 ], [ 14.95051683225349, 47.848114816352457 ], [ 14.950533846943543, 47.848120336997283 ], [ 14.950660505169882, 47.848161215181264 ], [ 14.950802351888999, 47.848226356533424 ], [ 14.950837609013396, 47.848242509733119 ], [ 14.950976338282281, 47.848306254798842 ], [ 14.951018129244289, 47.848317547085458 ], [ 14.951068149250847, 47.848331243598004 ], [ 14.951480837575538, 47.848443878741044 ], [ 14.951509583625562, 47.848456973533615 ], [ 14.951589179581264, 47.848493291494641 ], [ 14.951762886892578, 47.84857274258146 ], [ 14.951883297508129, 47.848627654916186 ], [ 14.952015901501827, 47.848661879255715 ], [ 14.95217100772116, 47.848701816826164 ], [ 14.952518814510873, 47.848795561598777 ], [ 14.952542135114548, 47.848801803341374 ], [ 14.952934455555711, 47.848929926827296 ], [ 14.953137599154992, 47.848971258546243 ], [ 14.953234868561312, 47.848991129803807 ], [ 14.953496119254957, 47.848996460588772 ], [ 14.95388287984086, 47.849031343362419 ], [ 14.954244213344978, 47.849073960888198 ], [ 14.954260446275311, 47.849075802542629 ], [ 14.954268820119603, 47.849074245135135 ], [ 14.954298855149677, 47.849068514039132 ], [ 14.954575684339325, 47.849015762465157 ], [ 14.954718054837613, 47.84901565178523 ], [ 14.954876466059909, 47.84901549548966 ], [ 14.954928516018843, 47.848883384275865 ], [ 14.954957387235119, 47.848835825803775 ], [ 14.954985749004992, 47.848789084357925 ], [ 14.955089149798013, 47.848700614552691 ], [ 14.95513629454766, 47.848660358039687 ], [ 14.955207471091505, 47.848524288415383 ], [ 14.955226708145005, 47.848493692690184 ], [ 14.955299191342236, 47.848378211462176 ], [ 14.955350898657992, 47.848304055919264 ], [ 14.955459941148884, 47.848147566881948 ], [ 14.955511241486613, 47.847926739505368 ], [ 14.955513592324294, 47.847834470619716 ], [ 14.955472662467265, 47.847695837394788 ], [ 14.955475186692901, 47.847686713304149 ], [ 14.955508725141851, 47.847565570332904 ], [ 14.955613602703712, 47.847430016440001 ], [ 14.955683095756793, 47.847304408502971 ], [ 14.955626147160171, 47.847084653006775 ], [ 14.955701762965401, 47.846876351614199 ], [ 14.955804564515477, 47.846704112307705 ], [ 14.955788119615857, 47.846518791955511 ], [ 14.955803628460417, 47.846424088346495 ], [ 14.955863230459707, 47.846281341965543 ], [ 14.955960637957045, 47.846073183823094 ], [ 14.956002245322058, 47.845932130178404 ], [ 14.956014273952739, 47.845837295488153 ], [ 14.956015893002039, 47.845824854617057 ], [ 14.956068334655356, 47.845752937979235 ], [ 14.956193989739113, 47.845580646772092 ], [ 14.956454075371955, 47.845393956329779 ], [ 14.956363805303974, 47.845207514791163 ], [ 14.956318895953348, 47.844901923215104 ], [ 14.956314155206782, 47.844869774812295 ], [ 14.95631161492525, 47.844852533179093 ], [ 14.956298590449943, 47.84479467523348 ], [ 14.956255153405884, 47.844601095821297 ], [ 14.956253287597882, 47.844592663354703 ], [ 14.956283870522375, 47.844337661976127 ], [ 14.956316817122042, 47.844059770799426 ], [ 14.956312367220802, 47.844011150806423 ], [ 14.956308285061384, 47.843965765146706 ], [ 14.956301101911206, 47.84388937783217 ], [ 14.956362977904657, 47.843850173282952 ], [ 14.956453036109794, 47.843793024914667 ], [ 14.956752375715183, 47.843923792986587 ], [ 14.956866420330041, 47.84392452794129 ], [ 14.956974452357191, 47.843925347393522 ], [ 14.957224299101599, 47.843908603253404 ], [ 14.957234275859971, 47.843911342399274 ], [ 14.957540000916827, 47.843993695931886 ], [ 14.95777181373721, 47.84405477269128 ], [ 14.957982612488625, 47.844084829644089 ], [ 14.958170582576875, 47.844111518261172 ], [ 14.95852989393028, 47.843853506074858 ], [ 14.958750815205695, 47.843654493729886 ], [ 14.959144380696461, 47.843509559759291 ], [ 14.959561598605621, 47.843308589460513 ], [ 14.959624154852724, 47.843278462150707 ], [ 14.959822220494582, 47.843139880705266 ], [ 14.960002233689172, 47.843087040507505 ], [ 14.960122107739938, 47.843051785454186 ], [ 14.960202640670881, 47.843028063347866 ], [ 14.960223103262619, 47.842998349257201 ], [ 14.96028013285413, 47.84291520751902 ], [ 14.96033095350937, 47.842873097127139 ], [ 14.960499045126987, 47.842733587336951 ], [ 14.960622925397857, 47.842565095316843 ], [ 14.960634338517076, 47.842536678602038 ], [ 14.960679734848807, 47.84242337528611 ], [ 14.960822396149954, 47.842265686449686 ], [ 14.960857304338676, 47.842219120967442 ], [ 14.960977434371628, 47.842059050152137 ], [ 14.961199800441253, 47.841876929856646 ], [ 14.961279068095276, 47.841782585429733 ], [ 14.961387909460196, 47.841685034049803 ], [ 14.961538040388254, 47.841557024360526 ], [ 14.961593508909791, 47.841509718541644 ], [ 14.961670755218575, 47.841462105334777 ], [ 14.961832199698456, 47.841362641254136 ], [ 14.962023905988897, 47.84125204135097 ], [ 14.962298922032829, 47.841108319676316 ], [ 14.962458431105139, 47.84101545102002 ], [ 14.962555033819056, 47.840949926510767 ], [ 14.962656999195344, 47.840880636735712 ], [ 14.962709824659759, 47.840860093673044 ], [ 14.962848612298178, 47.840805761369673 ], [ 14.963110780052773, 47.840683096024385 ], [ 14.963227980489442, 47.840588034326359 ], [ 14.963242448910803, 47.840576221661067 ], [ 14.963250277329506, 47.840570081966661 ], [ 14.963357403811306, 47.840486320779384 ], [ 14.963476844608747, 47.840381688582504 ], [ 14.96349768746809, 47.840359977279839 ], [ 14.963588572187827, 47.84026546699004 ], [ 14.9637674539396, 47.840193919464902 ], [ 14.963892470189398, 47.840143829869156 ], [ 14.963997291755758, 47.840101944387925 ], [ 14.964201349729516, 47.840001964509767 ], [ 14.964374609332587, 47.839938774254477 ], [ 14.964626770597379, 47.839846932221704 ], [ 14.964711537064787, 47.839817747792793 ], [ 14.964875252958858, 47.839761440712294 ], [ 14.965000936282566, 47.839694242989516 ], [ 14.965155581672327, 47.839599999441134 ], [ 14.965119408139996, 47.839575854748212 ], [ 14.96502412214136, 47.839512052114294 ], [ 14.964894845576152, 47.839425513556236 ], [ 14.964763567610079, 47.839347641874475 ], [ 14.964633654103768, 47.839270650620271 ], [ 14.964276787932615, 47.83913369721509 ], [ 14.964004373583442, 47.839103173064004 ], [ 14.963973658448657, 47.839099737775875 ], [ 14.963784842439964, 47.839045444852864 ], [ 14.963768502682379, 47.839027228519903 ], [ 14.963725438614359, 47.838979244343939 ], [ 14.963641938850019, 47.838886118374276 ], [ 14.963489546591498, 47.838782537520558 ], [ 14.963399422120027, 47.838721270258624 ], [ 14.963402717380552, 47.838646894764963 ], [ 14.963104178445645, 47.838425606109887 ], [ 14.963097063110292, 47.838420307430347 ], [ 14.963026231292606, 47.838386213255738 ], [ 14.962821466421889, 47.838287510738255 ], [ 14.962629867189467, 47.838109433725883 ], [ 14.96240117606497, 47.837903354427731 ], [ 14.962339417152746, 47.837847264982408 ], [ 14.962163770357979, 47.837687769164262 ], [ 14.961991055150463, 47.837540829824221 ], [ 14.961888908548582, 47.837453904984137 ], [ 14.961787972461613, 47.837350045489018 ], [ 14.961677974949902, 47.837191242010753 ], [ 14.961586776898233, 47.837065288164446 ], [ 14.961572855274612, 47.837051716703805 ], [ 14.961477182854377, 47.836958041126429 ], [ 14.961326686006895, 47.836846331957723 ], [ 14.961315738006594, 47.836838117699671 ], [ 14.961145200367213, 47.836623566467971 ], [ 14.961101103943037, 47.836568037035455 ], [ 14.96098037037466, 47.836381938482482 ], [ 14.960919855846468, 47.836339958640274 ], [ 14.960673010984907, 47.836168507022684 ], [ 14.960517553934285, 47.836030410741273 ], [ 14.960362650451346, 47.83591867252261 ], [ 14.960345150435874, 47.83590605125292 ], [ 14.960335652715571, 47.835897186544393 ], [ 14.960195489143327, 47.835765173211833 ], [ 14.960166433795852, 47.835737687110225 ], [ 14.96002691599513, 47.835652187542912 ], [ 14.959962198081339, 47.835612516149112 ], [ 14.959951843671872, 47.835606183114216 ], [ 14.959781202865333, 47.835435274883608 ], [ 14.959760000395585, 47.835415326827047 ], [ 14.959631294038758, 47.835294939542557 ], [ 14.959526192684427, 47.835160001487559 ], [ 14.959439747269137, 47.835061964832335 ], [ 14.959298948209987, 47.834930859267814 ], [ 14.959252343409547, 47.834884813098391 ], [ 14.959244763858203, 47.834877451039617 ], [ 14.959238916023221, 47.834874203956531 ], [ 14.959218102048034, 47.834862439108157 ], [ 14.959094039505018, 47.834792468272475 ], [ 14.95883421727682, 47.834667448834729 ], [ 14.958671254896959, 47.834588577086535 ], [ 14.958452222734635, 47.834580504575001 ], [ 14.958269039493, 47.834590643897734 ], [ 14.958100197343171, 47.834554777776013 ], [ 14.958071340003832, 47.834516399998215 ], [ 14.958011364229979, 47.834384064561085 ], [ 14.957849188217196, 47.834300321325685 ], [ 14.957719757084442, 47.834203698635825 ], [ 14.95769956208856, 47.834125784670206 ], [ 14.957519019656806, 47.834096111573132 ], [ 14.957381732959842, 47.834073568079283 ], [ 14.957372598701733, 47.834072076916094 ], [ 14.957142313539999, 47.834032935034649 ], [ 14.957090572714288, 47.834002168044719 ], [ 14.956928951914248, 47.833906087570391 ], [ 14.95681745191348, 47.833835937531767 ], [ 14.956793735836213, 47.833821063569395 ], [ 14.956684500314269, 47.833737743498858 ], [ 14.956563008260686, 47.833565239138309 ], [ 14.95648874430384, 47.833381451710167 ], [ 14.956430580134478, 47.833191048657163 ], [ 14.956394083562607, 47.833044254155304 ], [ 14.956259620329019, 47.832910176277686 ], [ 14.956161652675643, 47.83278935277459 ], [ 14.956061354644033, 47.832683859690313 ], [ 14.956025019107951, 47.832645586614561 ], [ 14.956005220537387, 47.83261050039598 ], [ 14.955973820652543, 47.832554700480117 ], [ 14.955803324551091, 47.832409250712772 ], [ 14.955550712784527, 47.832205834344087 ], [ 14.955447539841666, 47.832067896019552 ], [ 14.955364097016224, 47.831906823582514 ], [ 14.955169598009688, 47.831788796379904 ], [ 14.955043468843142, 47.831712101372986 ], [ 14.955010059005959, 47.831664698211902 ], [ 14.954916946495816, 47.831532197160158 ], [ 14.95486194274182, 47.831421926940628 ], [ 14.95481670005419, 47.831152333226967 ], [ 14.954813062158257, 47.831142755800407 ], [ 14.954793998712981, 47.831092541299718 ], [ 14.954782937530963, 47.831063361157703 ], [ 14.954764160823622, 47.831013772527314 ], [ 14.954752052538753, 47.830972368925423 ], [ 14.954734399504202, 47.830911606158473 ], [ 14.954660490261, 47.830764797064937 ], [ 14.954601100201296, 47.830482803969083 ], [ 14.954414588511559, 47.830346306017915 ], [ 14.954303347823446, 47.830236735864979 ], [ 14.954256587585485, 47.830194019427765 ], [ 14.954121679394802, 47.830088291163264 ], [ 14.953983703608808, 47.829952550324442 ], [ 14.953988819213127, 47.829673430022559 ], [ 14.954132975469239, 47.82931865702303 ], [ 14.954190657131113, 47.829192045210618 ], [ 14.954171436771087, 47.82914966163915 ], [ 14.954093478451487, 47.829031614796662 ], [ 14.953900607291988, 47.828797479946111 ], [ 14.953820347428948, 47.82871294028115 ], [ 14.953739531235488, 47.828627688484637 ], [ 14.953633007626058, 47.828536498694682 ], [ 14.953605000640058, 47.828512415756393 ], [ 14.953409439077472, 47.828333659671273 ], [ 14.953291763645886, 47.828253424601911 ], [ 14.953163201894505, 47.828158224546172 ], [ 14.952984082648397, 47.828039977818904 ], [ 14.952922766036679, 47.827997465256516 ], [ 14.952714888463717, 47.827774697535766 ], [ 14.952643145042334, 47.827714783827837 ], [ 14.952619825196075, 47.827695314158518 ], [ 14.952590864631922, 47.827670614462278 ], [ 14.952447578841429, 47.827548624352595 ], [ 14.952391021912238, 47.827517383015639 ], [ 14.95238313834343, 47.827513084332161 ], [ 14.952359298389505, 47.827498391202816 ], [ 14.952233704048792, 47.827421235797907 ], [ 14.952071327446632, 47.82729546378566 ], [ 14.952062700924127, 47.827288745869183 ], [ 14.951926552351267, 47.82717277405628 ], [ 14.951792855983992, 47.827062616808178 ], [ 14.951649189752466, 47.826958448422957 ], [ 14.951569359348648, 47.8269005372508 ], [ 14.951339942537778, 47.826732781178336 ], [ 14.951032678795327, 47.826558197699981 ], [ 14.951023991286851, 47.826553820215089 ], [ 14.951016658942445, 47.826550053629276 ], [ 14.950785897911134, 47.826433787673906 ], [ 14.950780196239112, 47.826430898072068 ], [ 14.950471875504912, 47.826278194702319 ], [ 14.950051568513505, 47.826215967040284 ], [ 14.949679135159073, 47.826163505424383 ], [ 14.949364996344604, 47.82611643493761 ], [ 14.949254477494394, 47.826111774294411 ], [ 14.949173927892181, 47.826108313457247 ], [ 14.949145069276643, 47.826099809074663 ], [ 14.949090187562183, 47.826083750418647 ], [ 14.949049600619446, 47.82606326212359 ], [ 14.948905849193004, 47.825990676887244 ], [ 14.948889320794191, 47.825979030174224 ], [ 14.948849569192866, 47.825950971238477 ], [ 14.948839460172715, 47.825943823919395 ], [ 14.948745368671505, 47.825921565296348 ], [ 14.948625309462333, 47.825850267647922 ], [ 14.948555208522613, 47.825808685725541 ], [ 14.948472321612785, 47.825764133279691 ], [ 14.948405292950099, 47.82572250824623 ], [ 14.948402432497941, 47.825720748569402 ], [ 14.948356561837983, 47.825654620850841 ], [ 14.948345101134098, 47.825638313787373 ], [ 14.948249930493901, 47.825485859327507 ], [ 14.948217419026454, 47.825384989664755 ], [ 14.94812336413052, 47.825203723779026 ], [ 14.948119388265628, 47.825196130585077 ], [ 14.948098231333198, 47.825164391573161 ], [ 14.947986145087143, 47.82499633608564 ], [ 14.947893115576672, 47.824856899413696 ], [ 14.947752219631196, 47.824651542624267 ], [ 14.947433279709717, 47.824257995942169 ], [ 14.947220358069929, 47.824017741841239 ], [ 14.947059463431108, 47.823843979396415 ], [ 14.946991084681896, 47.823689169350239 ], [ 14.946952192514599, 47.823537276228656 ], [ 14.946939211149148, 47.823324369626242 ], [ 14.946938352648166, 47.823309533851159 ], [ 14.946941150987854, 47.823287627960504 ], [ 14.94696204235871, 47.823124549937738 ], [ 14.946962775855249, 47.823105012585728 ], [ 14.946968578340023, 47.822933596934071 ], [ 14.946882671942978, 47.822803958323242 ], [ 14.946840634205943, 47.822740655959116 ], [ 14.946739612873481, 47.822593141396595 ], [ 14.946610799195506, 47.822462932994497 ], [ 14.946465335325692, 47.82233871648112 ], [ 14.946342799122506, 47.822303715789644 ], [ 14.94620628457238, 47.822235705401525 ], [ 14.946103415892495, 47.822166864416246 ], [ 14.945996585572104, 47.82209519916622 ], [ 14.94592049921086, 47.822019594476551 ], [ 14.945893247924294, 47.821993789410797 ], [ 14.945890629920425, 47.821991216404733 ], [ 14.945875625735853, 47.82197693835171 ], [ 14.945786977962115, 47.821892600536003 ], [ 14.945679965289404, 47.82179331166796 ], [ 14.945671713441458, 47.821785688183887 ], [ 14.945667743254511, 47.821782594157128 ], [ 14.945642141544759, 47.821762615100852 ], [ 14.945426369621714, 47.821594026955928 ], [ 14.945534844697203, 47.821476337937696 ], [ 14.945574665984148, 47.821433127619613 ], [ 14.9456303777367, 47.821363599026235 ], [ 14.945707444500862, 47.821267315786876 ], [ 14.945732461566655, 47.821237990343221 ], [ 14.945831241131234, 47.82112223629867 ], [ 14.946014526242566, 47.820934840996948 ], [ 14.946138969151981, 47.820793441557051 ], [ 14.946302779574093, 47.820620176033984 ], [ 14.946320259793993, 47.820606433559725 ], [ 14.946393177433503, 47.820548992080255 ], [ 14.946684104094718, 47.820373138079667 ], [ 14.946930213286871, 47.820199800103104 ], [ 14.947181538326918, 47.819918404577315 ], [ 14.947225762273693, 47.819831758448665 ], [ 14.947297582730718, 47.819691184019611 ], [ 14.947254137361064, 47.819512898501358 ], [ 14.94723714870806, 47.819442946635093 ], [ 14.947160005601182, 47.819285379655774 ], [ 14.947124704215796, 47.819180499239593 ], [ 14.94711351941508, 47.819147090718793 ], [ 14.947132541802942, 47.819049098983811 ], [ 14.947170121537528, 47.818855371668839 ], [ 14.947172785276594, 47.818842106348043 ], [ 14.947175432365352, 47.818828301339913 ], [ 14.94720497032068, 47.818677070271555 ], [ 14.94725456755226, 47.818431162406569 ], [ 14.94727734300789, 47.81829460378475 ], [ 14.947311294373828, 47.818091568529887 ], [ 14.947316608172263, 47.818060268769393 ], [ 14.94733287801972, 47.817964025232612 ], [ 14.947386682956022, 47.817724627387143 ], [ 14.947414076571109, 47.817512595182919 ], [ 14.947428405283746, 47.81740108103714 ], [ 14.947427137223791, 47.817143466744625 ], [ 14.947423161719959, 47.816819750067303 ], [ 14.947415415651612, 47.816577344181439 ], [ 14.947414720164987, 47.816398910170406 ], [ 14.947436801377243, 47.81630051553001 ], [ 14.947509139223698, 47.816090283756765 ], [ 14.947569542954195, 47.815930611571154 ], [ 14.947620153787224, 47.815838926463655 ], [ 14.947665003282745, 47.815777017621564 ], [ 14.947750595173071, 47.815658656583878 ], [ 14.947800435651271, 47.815593978204781 ], [ 14.947901663209775, 47.815462799983187 ], [ 14.948078561125007, 47.815277109926434 ], [ 14.948546065619967, 47.815330493816411 ], [ 14.948567384636819, 47.815332984793244 ], [ 14.94887600463333, 47.81538949261823 ], [ 14.948981383138911, 47.815423111109659 ], [ 14.949186407786042, 47.81546478188686 ], [ 14.949441192117108, 47.81553869013436 ], [ 14.949456693810083, 47.815543152199083 ], [ 14.949460878036614, 47.815544533347648 ], [ 14.949707717223323, 47.815625031416701 ], [ 14.949993190681196, 47.815762488938375 ], [ 14.950253799888976, 47.815864839590446 ], [ 14.950495346641183, 47.815985814307702 ], [ 14.950542839858539, 47.816009534708343 ], [ 14.950633174907097, 47.816044802475623 ], [ 14.950848062639052, 47.816128805811765 ], [ 14.951087336718203, 47.816184840685544 ], [ 14.951527036592275, 47.816306452792809 ], [ 14.951746706556559, 47.816389487509262 ], [ 14.951967676547468, 47.816479972478163 ], [ 14.95209565627469, 47.816548725763496 ], [ 14.952119160066376, 47.816561353940621 ], [ 14.952353349605644, 47.816660201368975 ], [ 14.95245893898236, 47.816704792177994 ], [ 14.952581143487205, 47.816742310590016 ], [ 14.952854551799698, 47.816826208423613 ], [ 14.952927136325323, 47.81684471619095 ], [ 14.952976959791052, 47.816857334496504 ], [ 14.953068118574137, 47.816888899361039 ], [ 14.953188852311303, 47.816930667181282 ], [ 14.953493457277863, 47.817038241798322 ], [ 14.953762791304014, 47.817154410065115 ], [ 14.954012470304665, 47.817270044062397 ], [ 14.95425256601691, 47.817391121459615 ], [ 14.954503030297575, 47.817480287230573 ], [ 14.954759688992674, 47.81757530450966 ], [ 14.954832539809185, 47.817598036739334 ], [ 14.954845491257938, 47.817602084016286 ], [ 14.954918208602937, 47.817624818069454 ], [ 14.955126891881056, 47.817715109928407 ], [ 14.95535517406686, 47.817808365285345 ], [ 14.955482789237129, 47.817847874274833 ], [ 14.955608109202664, 47.81788660553071 ], [ 14.955722366937566, 47.817921892803923 ], [ 14.955784605319428, 47.81792119716728 ], [ 14.956073227800465, 47.81791803606643 ], [ 14.956104619660755, 47.817917864294536 ], [ 14.956226575756691, 47.817917047969338 ], [ 14.956437379506692, 47.817916240872307 ], [ 14.956551595464353, 47.817915713116307 ], [ 14.956831821612568, 47.817917527594965 ], [ 14.956877531328317, 47.817922373288276 ], [ 14.956964399028619, 47.81793176875766 ], [ 14.957337246929137, 47.817994908863731 ], [ 14.957341142127763, 47.817995573905741 ], [ 14.957349736599117, 47.817996982652964 ], [ 14.95738232070946, 47.818009391919183 ], [ 14.957637841157498, 47.818106218660709 ], [ 14.957850881549145, 47.81821183207601 ], [ 14.957902172521941, 47.818237205762387 ], [ 14.957934136660974, 47.818251153388061 ], [ 14.958141091518751, 47.818341464236958 ], [ 14.95814786389176, 47.818344428376236 ], [ 14.958275282434776, 47.818386096776955 ], [ 14.958306731569126, 47.818396362092081 ], [ 14.958379578347211, 47.818410273447689 ], [ 14.958537233239008, 47.818440357104457 ], [ 14.958725574224987, 47.818473337572222 ], [ 14.958855786874288, 47.818514606012386 ], [ 14.958978846201937, 47.818553545495966 ], [ 14.959077667618615, 47.818599305605495 ], [ 14.959298497241717, 47.818701747037863 ], [ 14.959552105787404, 47.818822803077651 ], [ 14.959741695315453, 47.818891579131645 ], [ 14.959793854915345, 47.818910460680371 ], [ 14.960016701670849, 47.818996044749547 ], [ 14.96048463303911, 47.819164738173789 ], [ 14.960627429172096, 47.819215275741662 ], [ 14.960631886682762, 47.819216832609825 ], [ 14.960893837066505, 47.819309512130204 ], [ 14.960951487049078, 47.819328765615204 ], [ 14.961216926862781, 47.819417615712624 ], [ 14.961381261249207, 47.819477566934857 ], [ 14.961558816390781, 47.819545880037772 ], [ 14.961595462179471, 47.819559940545005 ], [ 14.961639501712778, 47.819579745803864 ], [ 14.961764981317803, 47.819636195667563 ], [ 14.961839643115713, 47.819669696415417 ], [ 14.961859833430317, 47.81967876995845 ], [ 14.962154676949702, 47.819806437068223 ], [ 14.962360547027449, 47.819887217194619 ], [ 14.962415330077448, 47.819908760134332 ], [ 14.962716013364389, 47.820009347233857 ], [ 14.962734241781739, 47.820015478773108 ], [ 14.963046904960034, 47.820131733485887 ], [ 14.963312627301727, 47.820255129886419 ], [ 14.96336129854266, 47.820277748624839 ], [ 14.96339720006843, 47.82029361883157 ], [ 14.963605572430827, 47.820385969742368 ], [ 14.963807986105685, 47.820480024294888 ], [ 14.963847981408332, 47.820498626086177 ], [ 14.963951511100724, 47.820536576655314 ], [ 14.964117749920312, 47.820597396999325 ], [ 14.964423459605513, 47.820764679062002 ], [ 14.964656653616066, 47.820864505933898 ], [ 14.965098642555892, 47.821074312105864 ], [ 14.965362704930053, 47.821165601988127 ], [ 14.965662899866716, 47.821254400158018 ], [ 14.965957321226199, 47.821359386980511 ], [ 14.966238692586186, 47.821448630120145 ], [ 14.966275668628302, 47.821460344829781 ], [ 14.966297125761699, 47.821467149998298 ], [ 14.966551665473755, 47.821540034696419 ], [ 14.96669211799041, 47.821583579094671 ], [ 14.966749997593617, 47.821601476677415 ], [ 14.966807821062057, 47.821617575284598 ], [ 14.966896779665534, 47.821642321558734 ], [ 14.967012830295513, 47.821674602868278 ], [ 14.967245186136578, 47.82175157975729 ], [ 14.967250451016033, 47.821753304910544 ], [ 14.967266120528857, 47.821758752102845 ], [ 14.967466443436034, 47.821828263508394 ], [ 14.967672627834316, 47.821901470968797 ], [ 14.967872156108808, 47.821971172917564 ], [ 14.968043947414635, 47.822025519930605 ], [ 14.968132070783588, 47.822053426655835 ], [ 14.968247012414942, 47.822092921434326 ], [ 14.968321704394238, 47.82211858876537 ], [ 14.968472062846939, 47.82216262051103 ], [ 14.968652088153263, 47.822215320112143 ], [ 14.96879569902957, 47.822265746218307 ], [ 14.968872030774184, 47.822292559779207 ], [ 14.968897284442946, 47.822301110375498 ], [ 14.969005058642677, 47.822337826467717 ], [ 14.969077177183564, 47.822362359982719 ], [ 14.969158802347843, 47.822391797895015 ], [ 14.969303675291355, 47.822444095209619 ], [ 14.969468616282082, 47.822514285059412 ], [ 14.969509377112175, 47.822531614248319 ], [ 14.969710009843565, 47.822610836045236 ], [ 14.96991995180624, 47.822701443756593 ], [ 14.969936340328053, 47.822708500158733 ], [ 14.969958164062966, 47.822718449006359 ], [ 14.970179666385071, 47.822819780653127 ], [ 14.970331992975614, 47.822879619825031 ], [ 14.970419445884652, 47.82291590315684 ], [ 14.970594212876764, 47.822988291622131 ], [ 14.970856943140991, 47.82310469448575 ], [ 14.970993658940039, 47.823165204382057 ], [ 14.97135933790423, 47.823338995884036 ], [ 14.971662443850793, 47.823485869086909 ], [ 14.9718513126637, 47.823577492601245 ], [ 14.972021038313272, 47.823484554126175 ], [ 14.97203299506346, 47.823478085138589 ], [ 14.972053128293384, 47.82346817044872 ], [ 14.972206963591873, 47.823392645018345 ], [ 14.972399023982488, 47.82328760026607 ], [ 14.972598649153039, 47.823279003933628 ], [ 14.97264348579901, 47.823277106829089 ], [ 14.972722215631803, 47.823273738083749 ], [ 14.972830681710487, 47.823289743766111 ], [ 14.972962772813434, 47.823309192949786 ], [ 14.973020752332388, 47.823330145580854 ], [ 14.973165225413362, 47.823382263835555 ], [ 14.973280958977504, 47.823429751283015 ], [ 14.97330207636821, 47.823438449732038 ], [ 14.973411287201895, 47.82338443422605 ], [ 14.973549577397115, 47.823316057044039 ], [ 14.973586333103748, 47.823286558429039 ], [ 14.973649549849101, 47.823235896414872 ], [ 14.973720000266937, 47.823190080777231 ], [ 14.973820963432779, 47.823124483831627 ], [ 14.974294003523605, 47.823227628818252 ], [ 14.974410851371363, 47.823263760896467 ], [ 14.974520004629989, 47.823297392721535 ], [ 14.974887133625879, 47.823406271769016 ], [ 14.974910198220998, 47.823413142467523 ], [ 14.975070446255394, 47.823499498956728 ], [ 14.975303273064648, 47.823552516546535 ], [ 14.975311482367832, 47.823554379393229 ], [ 14.975369131036455, 47.823573265863125 ], [ 14.975556529240741, 47.823634848596178 ], [ 14.975744065918878, 47.823688060241771 ], [ 14.975906526217749, 47.823734159779178 ], [ 14.976271999283247, 47.823870954132801 ], [ 14.97640815673642, 47.823921927019839 ], [ 14.976492736890952, 47.823989922272517 ], [ 14.976924001691684, 47.824328068684544 ], [ 14.977012734267628, 47.824583447907756 ], [ 14.977063002431594, 47.824699085072552 ], [ 14.977066024902912, 47.824705971018155 ], [ 14.977085691129508, 47.824749244585142 ], [ 14.977141104991222, 47.824871287464127 ], [ 14.977175718479307, 47.824918217436327 ], [ 14.977317369419094, 47.825109851095533 ], [ 14.977869234419622, 47.825250012763618 ], [ 14.978156882163082, 47.825031831223946 ], [ 14.97820297741468, 47.824925438771757 ], [ 14.978206087403432, 47.824918105447331 ], [ 14.978198116139026, 47.824668864302424 ], [ 14.978200660122038, 47.824664778592648 ], [ 14.978310022729236, 47.824488193544447 ], [ 14.978364835904177, 47.824399854099823 ], [ 14.978527457044139, 47.824285230345851 ], [ 14.978610074676062, 47.824226999859057 ], [ 14.978741875001294, 47.824058643064788 ], [ 14.978776102210036, 47.823944590740581 ], [ 14.978841062073286, 47.823728594207196 ], [ 14.978850073537087, 47.823683741925443 ], [ 14.97897708859308, 47.823690388497859 ], [ 14.97903848795597, 47.823658556757636 ], [ 14.979091341648505, 47.82363116631894 ], [ 14.97937179801046, 47.82352034901448 ], [ 14.979398088128335, 47.823485328664468 ], [ 14.979817769165601, 47.823348856444447 ], [ 14.979804173114287, 47.823239535894153 ], [ 14.97984349746142, 47.823181382576166 ], [ 14.979846163478127, 47.823176935133851 ], [ 14.979996113276874, 47.822952885422559 ], [ 14.980491092214319, 47.823120122906275 ], [ 14.981100675458762, 47.82320959165822 ], [ 14.981834742947097, 47.823238066257709 ], [ 14.982326076933488, 47.823145284361281 ], [ 14.982757035651678, 47.823040495605369 ], [ 14.983285599950307, 47.822679374374957 ], [ 14.983519624241062, 47.822439808998162 ], [ 14.983570364127493, 47.822387880105566 ], [ 14.983644528586401, 47.822311859301472 ], [ 14.983753771432182, 47.822199971379206 ], [ 14.983875874458592, 47.822101847361608 ], [ 14.984012569177445, 47.82199190597192 ], [ 14.984073034871663, 47.821943347150032 ], [ 14.984210787994364, 47.821854267465923 ], [ 14.984340213232072, 47.821814619993404 ], [ 14.984465668514204, 47.821776199046646 ], [ 14.985069721284784, 47.821716166605569 ], [ 14.9856049001908, 47.82175151467689 ], [ 14.985857828646859, 47.821768228020204 ], [ 14.986556803317814, 47.821934046276745 ], [ 14.98695834833177, 47.822036364660441 ], [ 14.987016056368361, 47.821917563488 ], [ 14.987025220187915, 47.821898894646438 ], [ 14.987033872525883, 47.821880953038779 ], [ 14.987040817068728, 47.821863935794134 ], [ 14.98707727052579, 47.821791333021125 ], [ 14.987126630407744, 47.821717015371405 ], [ 14.98714826019561, 47.821695378143758 ], [ 14.987154088186854, 47.821689535364463 ], [ 14.987169816128466, 47.821675631710434 ], [ 14.987185671929419, 47.821661546245316 ], [ 14.987203221282243, 47.821646086677667 ], [ 14.987227399931214, 47.82162477283272 ], [ 14.987227504943927, 47.821619642033227 ], [ 14.987227970599887, 47.821604787400446 ], [ 14.987230831714264, 47.82158962845245 ], [ 14.98724833920342, 47.821492550716393 ], [ 14.987237717394212, 47.821380578477928 ], [ 14.98723509107189, 47.821352450018566 ], [ 14.98723030745421, 47.821302575493576 ], [ 14.987224634155263, 47.821241465274596 ], [ 14.987244821042669, 47.821140389648797 ], [ 14.98718827251545, 47.821088737808033 ], [ 14.987049444932337, 47.820961866297807 ], [ 14.986980795864341, 47.820831738691787 ], [ 14.986963666037937, 47.820784380858449 ], [ 14.986961016567518, 47.820725926894497 ], [ 14.987107716792408, 47.820704565987356 ], [ 14.987124798347763, 47.82062360213903 ], [ 14.987129299131443, 47.820613818934099 ], [ 14.987140926148168, 47.820588545653699 ], [ 14.987205442821157, 47.82044849958028 ], [ 14.987387422839918, 47.820228749537044 ], [ 14.987458464105661, 47.820142962253904 ], [ 14.987480513668681, 47.820121948836139 ], [ 14.987496857612992, 47.820106416510484 ], [ 14.987664930838672, 47.819945537397452 ], [ 14.987667396912228, 47.819934793490773 ], [ 14.987708856920049, 47.819754403398719 ], [ 14.98776435008376, 47.819717792230726 ], [ 14.987961275646617, 47.819607431749326 ], [ 14.988118753432534, 47.819529852544214 ], [ 14.988160064921948, 47.819509552461341 ], [ 14.988329119730716, 47.819400941059655 ], [ 14.988613868997618, 47.819215979075764 ], [ 14.988682311901414, 47.819170632740132 ], [ 14.988831898229288, 47.819071748716709 ], [ 14.989113844343054, 47.818874317378061 ], [ 14.98923205177967, 47.818788751573599 ], [ 14.989352867140209, 47.818701168461203 ], [ 14.989515285059742, 47.818594090332894 ], [ 14.98976708419929, 47.818474299730518 ], [ 14.990003233563675, 47.818379300033527 ], [ 14.990159754296371, 47.818356084274917 ], [ 14.990349527635869, 47.818361906500833 ], [ 14.990422252492275, 47.818346373497249 ], [ 14.990456223886955, 47.81833904628089 ], [ 14.990593842841298, 47.8182801064278 ], [ 14.990616739701496, 47.818256380561323 ], [ 14.990679205161689, 47.818191141601567 ], [ 14.9907335701397, 47.818131688254518 ], [ 14.990767532919842, 47.818094575112447 ], [ 14.99094022984799, 47.8180548379976 ], [ 14.991044220097093, 47.818030936261202 ], [ 14.991047936577614, 47.818030162935678 ], [ 14.991414997717488, 47.817976742487005 ], [ 14.991651313218425, 47.817941938781615 ], [ 14.991937106718646, 47.817891664982191 ], [ 14.992099459708093, 47.817854414561509 ], [ 14.992204748096755, 47.817858839255663 ], [ 14.992280204557101, 47.817862073222138 ], [ 14.992541273918665, 47.817630468142006 ], [ 14.99264432116416, 47.817488424473176 ], [ 14.992708109750547, 47.817376551610494 ], [ 14.992783881105971, 47.817250738133311 ], [ 14.992758132972712, 47.81710028900747 ], [ 14.99275734536346, 47.816987005632967 ], [ 14.992757236946904, 47.816983587654569 ], [ 14.9927906457026, 47.816941712489943 ], [ 14.992806966550621, 47.816921320349778 ], [ 14.992840888803682, 47.816895635594165 ], [ 14.992972790351651, 47.816795650609521 ], [ 14.993047100419338, 47.816695414504046 ], [ 14.993089293935872, 47.816610398606564 ], [ 14.993101119793245, 47.816591510921221 ], [ 14.993290465891533, 47.816289305855243 ], [ 14.99332095712302, 47.816176562057649 ], [ 14.99332455868136, 47.816167961363981 ], [ 14.993388656638286, 47.816015409059681 ], [ 14.993466081333311, 47.815853396099854 ], [ 14.993552183665782, 47.815775396833381 ], [ 14.993596859739894, 47.815734978966965 ], [ 14.993686689576924, 47.815715508054566 ], [ 14.99387443787232, 47.815674649783638 ], [ 14.993885052527476, 47.815672337223589 ], [ 14.993898585069461, 47.815669352729365 ], [ 14.993942876270726, 47.815604193587482 ], [ 14.993945682807876, 47.815600013727718 ], [ 14.994031705434478, 47.815473241775315 ], [ 14.994038813107192, 47.815465670417808 ], [ 14.994115173511561, 47.81538385152939 ], [ 14.994152515603373, 47.815343899008305 ], [ 14.994165046269703, 47.815330400322686 ], [ 14.994259234769853, 47.815246254837163 ], [ 14.994352508188687, 47.815162752364969 ], [ 14.994473099109225, 47.815022343870538 ], [ 14.994579000181446, 47.814898974608049 ], [ 14.994649919641635, 47.8147931169405 ], [ 14.994658558212985, 47.814766446038746 ], [ 14.994693447327341, 47.814657687875027 ], [ 14.994714407775538, 47.814543641107356 ], [ 14.99472399971782, 47.814391333262684 ], [ 14.994798575133197, 47.814388009087217 ], [ 14.994942523731977, 47.814381615528774 ], [ 14.99507072929544, 47.814375898597802 ], [ 14.995314411468961, 47.814426379521827 ], [ 14.995485885328574, 47.814651397611364 ], [ 14.99560844998666, 47.81472882030743 ], [ 14.995994638049206, 47.814967030152253 ], [ 14.996009218163998, 47.814975998703105 ], [ 14.996194913320364, 47.815122881129057 ], [ 14.996468870087508, 47.81533967084642 ], [ 14.996990314704448, 47.815675903298171 ], [ 14.99703519027314, 47.81570486192426 ], [ 14.997087974239433, 47.815738835749144 ], [ 14.997320481080504, 47.81586614354358 ], [ 14.997498590016319, 47.815879321247891 ], [ 14.997725982008637, 47.8158961967887 ], [ 14.9979399829298, 47.815912095340856 ], [ 14.99813753828264, 47.816024158141815 ], [ 14.998241184011821, 47.816149184935227 ], [ 14.998286317439009, 47.816194607170097 ], [ 14.99848064694228, 47.816389954887406 ], [ 14.998593723312823, 47.816404069955517 ], [ 14.998637452488492, 47.816409557657217 ], [ 14.998937167894152, 47.81648648827094 ], [ 14.999077510956084, 47.81653872391248 ], [ 14.999228126634971, 47.816594680473528 ], [ 14.999435654558047, 47.816684100036781 ], [ 14.999493359885514, 47.816708912895017 ], [ 14.999642892079084, 47.816768574089295 ], [ 14.999949126937254, 47.816890671896537 ], [ 15.000008631331198, 47.81688387270087 ], [ 15.000543641744429, 47.816822866174292 ], [ 15.00069786281972, 47.816899645950798 ], [ 15.000715373615106, 47.816908301583567 ], [ 15.000899598410385, 47.817000035231231 ], [ 15.001368598770437, 47.817035096787166 ], [ 15.001843101153206, 47.81694103393167 ], [ 15.00200063039407, 47.816874323123642 ], [ 15.002087679445411, 47.816843097456804 ], [ 15.002189126690116, 47.816806714012593 ], [ 15.002232057349708, 47.816791334679294 ], [ 15.002426632848611, 47.816721657453108 ], [ 15.002521741355432, 47.816687615156127 ], [ 15.002661882845789, 47.816469615115977 ], [ 15.002693384525481, 47.816380790768591 ], [ 15.003017792094159, 47.816138615470862 ], [ 15.00306021580726, 47.815948306222488 ], [ 15.003077375260014, 47.815925020798694 ], [ 15.003247475574323, 47.815695607587713 ], [ 15.00349667556892, 47.815399537106977 ], [ 15.003409815977482, 47.815256634063402 ], [ 15.003340593706117, 47.815143081637103 ], [ 15.003357349229391, 47.815128080921774 ], [ 15.003543093806103, 47.814961972254181 ], [ 15.003818360497052, 47.814951055896067 ], [ 15.004011701158579, 47.814943395579945 ], [ 15.004328390100952, 47.814932687763097 ], [ 15.00451147573088, 47.814938583451116 ], [ 15.004754205292409, 47.814946314006221 ], [ 15.004895680032984, 47.814933554728007 ], [ 15.005195812503539, 47.814906436702458 ], [ 15.005324036040523, 47.814780033916705 ], [ 15.005412763524758, 47.814692808632074 ], [ 15.005473359657698, 47.814582324297902 ], [ 15.005248697116523, 47.814353952162037 ], [ 15.005003807521824, 47.814102925834447 ], [ 15.004993365906868, 47.814102267310183 ], [ 15.004843035111829, 47.814092838036778 ], [ 15.004687070396194, 47.813948867844502 ], [ 15.004554991581193, 47.813691076118175 ], [ 15.004530199396617, 47.813642661810277 ], [ 15.004540628888035, 47.813609484976645 ], [ 15.004568909354388, 47.813520346709673 ], [ 15.004571216641736, 47.81351311421102 ], [ 15.00455343330399, 47.813224059769823 ], [ 15.004618742692356, 47.813072922834372 ], [ 15.004768716886971, 47.812849647911825 ], [ 15.004660073024326, 47.812668816479416 ], [ 15.004540851954244, 47.812470500547164 ], [ 15.00454649256225, 47.812425424667296 ], [ 15.004555107782835, 47.812356368797026 ], [ 15.004591369801965, 47.812216001470048 ], [ 15.004622766009145, 47.812094782162106 ], [ 15.004696300888675, 47.812092456482084 ], [ 15.004753553706795, 47.812090636733124 ], [ 15.00480413576202, 47.812089093629517 ], [ 15.004965348049524, 47.812138229932408 ], [ 15.005014319578324, 47.81215317793977 ], [ 15.005161157512049, 47.8121203630648 ], [ 15.005177338977131, 47.812116708897996 ], [ 15.005437989499708, 47.812058576533957 ], [ 15.005651792990587, 47.811834644653814 ], [ 15.005672217896398, 47.811813291165478 ], [ 15.005707507026631, 47.811776334089942 ], [ 15.005812611254564, 47.811654135334443 ], [ 15.005938520990437, 47.811631161751023 ], [ 15.006372478814745, 47.811632875064511 ], [ 15.006713544216836, 47.81179602410856 ], [ 15.006804305148139, 47.811839431122451 ], [ 15.006897100820682, 47.811883798406257 ], [ 15.00700297482115, 47.81216995440483 ], [ 15.007058285593846, 47.812312053032741 ], [ 15.007076705974315, 47.812428500511416 ], [ 15.007226066103911, 47.812758479304897 ], [ 15.007355657245379, 47.813096843849394 ], [ 15.007513749035079, 47.813419856391661 ], [ 15.007525612314854, 47.813444070982214 ], [ 15.007533238204843, 47.813465287491582 ], [ 15.007590158313, 47.813624190303273 ], [ 15.007626968262786, 47.813726602460363 ], [ 15.007652201512977, 47.813797056873803 ], [ 15.007687766079087, 47.813889768356518 ], [ 15.007765747478151, 47.814093089447255 ], [ 15.007828369172648, 47.814213034399287 ], [ 15.007982378497923, 47.814508479170065 ], [ 15.008041710920789, 47.814655018321943 ], [ 15.008056651428989, 47.814691876515923 ], [ 15.008144514326203, 47.81489496384652 ], [ 15.008273291617297, 47.815157479025672 ], [ 15.008342456650057, 47.815298115952174 ], [ 15.008344735525187, 47.815331738468487 ], [ 15.008357758002905, 47.815513145661633 ], [ 15.008489558865914, 47.815836628725194 ], [ 15.00858844396739, 47.816079240420549 ], [ 15.008654483101944, 47.816259877357361 ], [ 15.00866793568237, 47.816329512814896 ], [ 15.008702196509661, 47.816506561917429 ], [ 15.008815651920221, 47.816665902561112 ], [ 15.008859713880428, 47.816727624235476 ], [ 15.008861391281062, 47.816729939558421 ], [ 15.008875592628765, 47.816802083780779 ], [ 15.008929632675587, 47.817075222845034 ], [ 15.008987266986844, 47.817172742565489 ], [ 15.009127536258713, 47.817409983066767 ], [ 15.009247546877859, 47.817715458941898 ], [ 15.009251045849608, 47.817724586893917 ], [ 15.009400002167352, 47.81810361228284 ], [ 15.009424704818441, 47.818165705096213 ], [ 15.009456362384253, 47.818244704597092 ], [ 15.009713481927676, 47.818888612619659 ], [ 15.0097536095442, 47.818915025774245 ], [ 15.00976739471472, 47.818924094170875 ], [ 15.00998072150967, 47.819064344147492 ], [ 15.010452554834041, 47.819374511965485 ], [ 15.010657227487323, 47.819557271041063 ], [ 15.010699452735949, 47.819594901897474 ], [ 15.01071265991026, 47.819606768226677 ], [ 15.010775793275561, 47.819663082468502 ], [ 15.010879771511036, 47.819751468277396 ], [ 15.011206514364146, 47.81999085305727 ], [ 15.011315445210295, 47.820087805301682 ], [ 15.011437859704754, 47.820196889637238 ], [ 15.011568660813587, 47.820313320829491 ], [ 15.011824203303775, 47.820528003364487 ], [ 15.012062574186853, 47.820715488890876 ], [ 15.012485513892221, 47.821058396158584 ], [ 15.012650841845915, 47.821180532645059 ], [ 15.012842314578815, 47.821322085579411 ], [ 15.013138218651273, 47.821549225808788 ], [ 15.013527095754029, 47.821817125359118 ], [ 15.013710330029353, 47.821943318938793 ], [ 15.013923513101048, 47.822090852986705 ], [ 15.014011519618725, 47.822151752416296 ], [ 15.014084410822374, 47.822216291615405 ], [ 15.01435424252824, 47.822455057311387 ], [ 15.014620274650136, 47.822683619124632 ], [ 15.014759194998458, 47.822802808078876 ], [ 15.014783789833128, 47.822823866715346 ], [ 15.014807150868696, 47.822843953463867 ], [ 15.015089357182026, 47.823064269463899 ], [ 15.015278121225064, 47.823195959268467 ], [ 15.015356303851041, 47.8232504318255 ], [ 15.01538526214985, 47.82327835579737 ], [ 15.015536408962134, 47.823424451999117 ], [ 15.015666996323169, 47.823529543289858 ], [ 15.016081328877137, 47.823856815391984 ], [ 15.016437273427533, 47.824167480406921 ], [ 15.016447036958905, 47.824176066788276 ], [ 15.01684493120014, 47.82450294620417 ], [ 15.017107374792603, 47.824739743779475 ], [ 15.017114810080125, 47.824746564330184 ], [ 15.017529744733588, 47.824515085356317 ], [ 15.018013644753633, 47.824329841342539 ], [ 15.018514909741256, 47.824103036878107 ], [ 15.018752597399594, 47.823957022219531 ], [ 15.018857729314481, 47.823956115768631 ], [ 15.018935609214557, 47.823955427532809 ], [ 15.019664456726318, 47.823949272642267 ], [ 15.020231939469063, 47.823982008674605 ], [ 15.020448944826194, 47.823994492507296 ], [ 15.020837601809916, 47.823959740340243 ], [ 15.021335521894679, 47.823907189856165 ], [ 15.021472420635179, 47.823892767768498 ], [ 15.021629614476419, 47.823894426324742 ], [ 15.022172714339769, 47.823900333237752 ], [ 15.022687837571057, 47.823975038594376 ], [ 15.022793358807768, 47.823990320772751 ], [ 15.023264813154274, 47.824086450574228 ], [ 15.023667332547477, 47.824120956827841 ], [ 15.024142606443039, 47.824120199513089 ], [ 15.024590580845119, 47.823990077172652 ], [ 15.024668733434218, 47.823985421574768 ], [ 15.025258496611018, 47.823950854758948 ], [ 15.025513896649143, 47.82393576928564 ], [ 15.025666180351744, 47.823888900592074 ], [ 15.025798482577901, 47.823848084175758 ], [ 15.02664270868147, 47.823587954125422 ], [ 15.026880575427665, 47.823572043149881 ], [ 15.027004186680385, 47.823539361919863 ], [ 15.027294999880008, 47.823462560198138 ], [ 15.027313813692604, 47.823457604463769 ], [ 15.027353382151572, 47.823045505566483 ], [ 15.027362880487146, 47.822946828564127 ], [ 15.027410754378307, 47.822448758472241 ], [ 15.027412352377596, 47.822432087110506 ], [ 15.027413456495205, 47.822412543368308 ], [ 15.027459493000444, 47.821601969725712 ], [ 15.027512908956531, 47.821093559264511 ], [ 15.027536337010078, 47.820756657628152 ], [ 15.027539142924356, 47.820715401613761 ], [ 15.027532563711581, 47.820524632365832 ], [ 15.027530886256471, 47.820476963029186 ], [ 15.027383522915089, 47.820324707254997 ], [ 15.027373848167029, 47.820314770640692 ], [ 15.02729781494156, 47.820236157538169 ], [ 15.026849487033477, 47.819813496114222 ], [ 15.026490337502896, 47.819475012960936 ], [ 15.026541405760383, 47.81905896558802 ], [ 15.026549868236977, 47.818990179999297 ], [ 15.026591228744303, 47.818654005023255 ], [ 15.026610668524153, 47.818495069578688 ], [ 15.026610396549749, 47.818441260349864 ], [ 15.026608704045655, 47.818153681411509 ], [ 15.026996355323247, 47.817998517652072 ], [ 15.02724142273933, 47.817900430091598 ], [ 15.027436452833342, 47.817820894832927 ], [ 15.027833893536105, 47.817658745219902 ], [ 15.028111200919318, 47.817545513860608 ], [ 15.028682596885915, 47.817334010473346 ], [ 15.028686556526905, 47.81733251244161 ], [ 15.028788346040782, 47.817294840481523 ], [ 15.028855567223451, 47.817250027641094 ], [ 15.029595796798066, 47.816757161935627 ], [ 15.029602859282495, 47.816752468622937 ], [ 15.029076037526522, 47.816092409936964 ], [ 15.029221643921103, 47.816001089807052 ], [ 15.02931716051182, 47.815947221602677 ], [ 15.030120255545524, 47.815494372341824 ], [ 15.03088828145567, 47.815048152732295 ], [ 15.030972203899767, 47.814999403157799 ], [ 15.030991968064191, 47.814986783718339 ], [ 15.03136515763264, 47.81474938770485 ], [ 15.031849072026466, 47.814441248076115 ], [ 15.032080495119555, 47.814294036817635 ], [ 15.032540521114562, 47.814011622917157 ], [ 15.032967795825988, 47.813749307417581 ], [ 15.033498855139671, 47.813416618530987 ], [ 15.034080053252985, 47.813052501325544 ], [ 15.034513122509619, 47.812796303580555 ], [ 15.03486243559745, 47.812671914148282 ], [ 15.035919998399661, 47.812295087664054 ], [ 15.036309847390791, 47.812156236877087 ], [ 15.036730921270539, 47.811991726526784 ], [ 15.037213597392411, 47.811803177126464 ], [ 15.038207693494115, 47.811414758408766 ], [ 15.038494997974107, 47.81130252312478 ], [ 15.03868112351341, 47.811229758977923 ], [ 15.038751169203225, 47.811091759513488 ], [ 15.03940906683367, 47.810525264056011 ], [ 15.039631861173344, 47.810417759840966 ], [ 15.040320496171985, 47.810085585821717 ], [ 15.04035792562498, 47.8098365714634 ], [ 15.040359885933663, 47.809822954068942 ], [ 15.040386012520942, 47.809649248020442 ], [ 15.040573139134027, 47.809607422138299 ], [ 15.040582023506531, 47.809605400816693 ], [ 15.040593560717983, 47.809602800279016 ], [ 15.040671674198247, 47.809585355591715 ], [ 15.040933596150408, 47.809526763434448 ], [ 15.042746748654226, 47.809121311865866 ], [ 15.043462212050681, 47.808961230213448 ], [ 15.043657669100185, 47.808916935968014 ], [ 15.043893834310214, 47.808863398486331 ], [ 15.044352635406469, 47.808759312489265 ], [ 15.044933294996708, 47.808627588801137 ], [ 15.045660872732078, 47.808462544017765 ], [ 15.046781289139371, 47.808459847561792 ], [ 15.04812239014511, 47.808489854101673 ], [ 15.048400449345666, 47.808496067146258 ], [ 15.050184975910836, 47.808535921088371 ], [ 15.050574854203534, 47.808290022997987 ], [ 15.051521078738284, 47.807693513914607 ], [ 15.051527023939368, 47.807658959316853 ], [ 15.051743651834427, 47.806408925239595 ], [ 15.051788003627841, 47.806152783718332 ], [ 15.052317352724904, 47.805712942435328 ], [ 15.052781417176268, 47.805327256078357 ], [ 15.052879068162801, 47.805246158854743 ], [ 15.053298400211908, 47.80489776320524 ], [ 15.053588324949903, 47.804647855802202 ], [ 15.054351846504701, 47.803990154706852 ], [ 15.055004391089113, 47.803435163984872 ], [ 15.056224858666548, 47.802397257233984 ], [ 15.056095830701151, 47.802230904476588 ], [ 15.055133671889937, 47.800990820581106 ], [ 15.055135138082752, 47.800946073745905 ], [ 15.055140575040697, 47.800774381964047 ], [ 15.055186700461773, 47.799330616037011 ], [ 15.055330491289684, 47.799121941513214 ], [ 15.056188685762136, 47.798933278684054 ], [ 15.056618178200292, 47.79883884893863 ], [ 15.057033978198131, 47.798884286650399 ], [ 15.057406084858018, 47.798925066940598 ], [ 15.057980977768768, 47.798800920503417 ], [ 15.058236261375635, 47.798745716735162 ], [ 15.059311594874931, 47.798394678856816 ], [ 15.059507636134065, 47.798049781520668 ], [ 15.059642835907457, 47.797812073122358 ], [ 15.060133764275191, 47.796949005050273 ], [ 15.060056793963128, 47.796696746088095 ], [ 15.059945220065774, 47.796330718024407 ], [ 15.059749807091785, 47.795690305985964 ], [ 15.059736615387534, 47.795646678399208 ], [ 15.059690408372413, 47.795638641390809 ], [ 15.059400277764709, 47.795588362197385 ], [ 15.054479939572172, 47.794734857812088 ], [ 15.053053342900839, 47.794258686004554 ], [ 15.050251667688148, 47.793323341055533 ], [ 15.050106111671827, 47.793274754772114 ], [ 15.04966809569512, 47.79312856496157 ], [ 15.048338623468016, 47.792703803693435 ], [ 15.047757374133294, 47.792424573092219 ], [ 15.047016032860585, 47.792068438886176 ], [ 15.046258591501299, 47.791681132854414 ], [ 15.04612046469466, 47.791610383733975 ], [ 15.045741681030243, 47.791416684398804 ], [ 15.045571707891185, 47.791348027579701 ], [ 15.0453137669583, 47.791243691329747 ], [ 15.045045138380893, 47.791135103735151 ], [ 15.046358983803714, 47.788685228844933 ], [ 15.046730965459954, 47.788663501372902 ], [ 15.047739744165376, 47.788604315361809 ], [ 15.047850794246012, 47.788570177098634 ], [ 15.048343786090935, 47.788418948499348 ], [ 15.04930503579023, 47.788123962294918 ], [ 15.051401478601221, 47.787480618087912 ], [ 15.052029889521549, 47.787354981560433 ], [ 15.052229605451581, 47.787406447129513 ], [ 15.05245410098073, 47.787464292001474 ], [ 15.0525027162907, 47.787476795382325 ], [ 15.052832683333476, 47.787387732248831 ], [ 15.052874904208025, 47.787376303523779 ], [ 15.053223001793061, 47.787351401649005 ], [ 15.054303524068089, 47.787273988946602 ], [ 15.055959536284385, 47.787155299491559 ], [ 15.055969789907524, 47.787146327199039 ], [ 15.056411078195316, 47.786756012460636 ], [ 15.056939941592184, 47.786288254503994 ], [ 15.057151207768712, 47.786187635358388 ], [ 15.05740848564502, 47.786065089818408 ], [ 15.060907711182828, 47.784398173630009 ], [ 15.060721360307925, 47.78405972352261 ], [ 15.060050396098047, 47.78284087025574 ], [ 15.058762369129878, 47.780500434737171 ], [ 15.05872332030448, 47.780429657024015 ], [ 15.058534290268479, 47.780086024128543 ], [ 15.058162369090761, 47.779317404211724 ], [ 15.058021826927924, 47.779026948965452 ], [ 15.057959305443001, 47.778320560080282 ], [ 15.057781218806561, 47.776310499181328 ], [ 15.057674078226926, 47.775481400552984 ], [ 15.057299650480275, 47.773937907000281 ], [ 15.057311800450396, 47.773816328022754 ], [ 15.057366634779651, 47.773268005292692 ], [ 15.057267732385302, 47.772356261241541 ], [ 15.057196654565391, 47.771855717423897 ], [ 15.056040591595153, 47.77044692833519 ], [ 15.055467550854425, 47.769765717560851 ], [ 15.055197438508753, 47.769341399689402 ], [ 15.05516816411869, 47.769295492059499 ], [ 15.055091449180544, 47.769174881309532 ], [ 15.054868916175662, 47.768825263730633 ], [ 15.054776165062306, 47.768679695039246 ], [ 15.054375855377316, 47.768411834378362 ], [ 15.053991247321825, 47.768154536733654 ], [ 15.053698767125926, 47.767958855565247 ], [ 15.053413113516461, 47.767767751264643 ], [ 15.053076282337599, 47.767542403906852 ], [ 15.052328150564714, 47.76696575086762 ], [ 15.052299116985616, 47.766943326474916 ], [ 15.051900854964451, 47.76663538114834 ], [ 15.051349343871841, 47.766208772664413 ], [ 15.050644801300583, 47.765665835406239 ], [ 15.050302052216283, 47.765401692512633 ], [ 15.050189716149326, 47.765264781289964 ], [ 15.050132579088654, 47.765195260193643 ], [ 15.049993413952977, 47.765025722079045 ], [ 15.049949758309779, 47.764968418697286 ], [ 15.049773903592969, 47.76473823347326 ], [ 15.048334331387402, 47.762853224335707 ], [ 15.0476810305885, 47.761997779583645 ], [ 15.0462455091841, 47.761346005083972 ], [ 15.045749152526632, 47.761166294443399 ], [ 15.045530349893259, 47.761087025549237 ], [ 15.045206336923679, 47.76096972398738 ], [ 15.044422103017057, 47.76018118031967 ], [ 15.04420462745721, 47.75996258399806 ], [ 15.043468560391116, 47.759585565064867 ], [ 15.042964870370778, 47.759327569916387 ], [ 15.041391902610492, 47.758962686100396 ], [ 15.040593304002929, 47.758046003920917 ], [ 15.040555875234794, 47.758003183277474 ], [ 15.039080850066204, 47.757877901243475 ], [ 15.038820428245794, 47.757855840166734 ], [ 15.038779612302456, 47.757852394921869 ], [ 15.038629595252582, 47.757839677552639 ], [ 15.037338344243693, 47.757012877276544 ], [ 15.037295410931424, 47.756985345418954 ], [ 15.036448503305671, 47.756443080230511 ], [ 15.035116792085198, 47.755592826613217 ], [ 15.03509512797257, 47.75557910819736 ], [ 15.035071004495014, 47.755563626305957 ], [ 15.034696248791111, 47.755324388720133 ], [ 15.034436456959286, 47.755329485714071 ], [ 15.034224277463068, 47.755333699057338 ], [ 15.034186844154565, 47.755302845203452 ], [ 15.032277876810998, 47.753731530896367 ], [ 15.031926069993405, 47.7534420014319 ], [ 15.031654198538599, 47.753382927359624 ], [ 15.030863185702753, 47.753211188126059 ], [ 15.030157740591672, 47.753258569147121 ], [ 15.029050436493472, 47.753332920697233 ], [ 15.028258303485778, 47.753386065795716 ], [ 15.027991995217885, 47.753403932910231 ], [ 15.026701810514995, 47.753241218590354 ], [ 15.026655268453561, 47.753258641032922 ], [ 15.026476223893368, 47.753325796154535 ], [ 15.025985393671819, 47.753159779393158 ], [ 15.025469470442866, 47.752985220214683 ], [ 15.025133459008833, 47.75199351516968 ], [ 15.023570338249854, 47.750951071906613 ], [ 15.023115544075447, 47.750647819367842 ], [ 15.022865167998205, 47.75048078126725 ], [ 15.022501453681919, 47.750341052183941 ], [ 15.02230041192179, 47.750263819400764 ], [ 15.020797877288283, 47.750030092287759 ], [ 15.020395828191591, 47.749967589915514 ], [ 15.019506961584483, 47.749252677182511 ], [ 15.018628384200193, 47.748607979506097 ], [ 15.018618155643761, 47.748605249502596 ], [ 15.018159251669717, 47.748483818055838 ], [ 15.016862613900749, 47.748140389954571 ], [ 15.01366518220766, 47.747514411517855 ], [ 15.012538379934707, 47.747035542089421 ], [ 15.011824028844774, 47.746731980918462 ], [ 15.009292294784046, 47.746553147236348 ], [ 15.008768397234912, 47.746333995812101 ], [ 15.008646009974283, 47.746282772256635 ], [ 15.008151827293016, 47.746078934040092 ], [ 15.007088840977039, 47.745640479547006 ], [ 15.005892729525351, 47.745586855823284 ], [ 15.005280511223297, 47.745559390034131 ], [ 15.0050065358457, 47.745519902330649 ], [ 15.004245195115169, 47.745410095213813 ], [ 15.002162779052059, 47.745109578903254 ], [ 15.000379023898521, 47.744839708211465 ], [ 14.999735982595517, 47.744358751214889 ], [ 14.999527559971611, 47.744202845208825 ], [ 14.999523743004884, 47.744200290734391 ], [ 14.999397267046241, 47.744116540413039 ], [ 14.999082770161289, 47.743981336045259 ], [ 14.998536834116676, 47.743746619547068 ], [ 14.997419973432118, 47.743300667417969 ], [ 14.996968772717612, 47.743128827236468 ], [ 14.995978870703464, 47.74275184905823 ], [ 14.995932414685772, 47.742734161913411 ], [ 14.995912563348444, 47.742726619426904 ], [ 14.994903508596344, 47.742321561979438 ], [ 14.994433246734335, 47.742132889073872 ], [ 14.993533829172618, 47.74207566797282 ], [ 14.990152612584534, 47.741860607480447 ], [ 14.988429329518059, 47.741636928418806 ], [ 14.987879553423086, 47.741565548430259 ], [ 14.987698439088136, 47.741542053675737 ], [ 14.987676200570764, 47.741539133551107 ], [ 14.985720653541852, 47.741285274834176 ], [ 14.983629239736413, 47.740825724929906 ], [ 14.979955426056142, 47.741339873654717 ], [ 14.979819290604734, 47.741401753139932 ], [ 14.979717223556282, 47.741448207145432 ], [ 14.979340253202055, 47.741619626518322 ], [ 14.978277599864855, 47.7421030255178 ], [ 14.975336029735505, 47.743441031784755 ], [ 14.971704239784478, 47.744278994458277 ], [ 14.971139074554538, 47.744287303785782 ], [ 14.970936772355772, 47.744290270807952 ], [ 14.970652990819449, 47.744294485975225 ], [ 14.970044350325932, 47.744303408055444 ], [ 14.968091150361117, 47.742487458222996 ], [ 14.966361611321732, 47.741289948474922 ], [ 14.965626128496517, 47.740780600328762 ], [ 14.965449692895827, 47.740658466544048 ], [ 14.965259892906715, 47.740526983073273 ], [ 14.965407929920497, 47.739895952088851 ], [ 14.965602714397566, 47.739065562408477 ], [ 14.964851420216261, 47.737961516493463 ], [ 14.964789711760636, 47.737946192833512 ], [ 14.962782190152954, 47.737449804194974 ], [ 14.960637315322609, 47.736919326794052 ], [ 14.95894648480072, 47.736704290665124 ], [ 14.955933426452132, 47.736321054092507 ], [ 14.955215923314428, 47.735964638838659 ], [ 14.954922203235386, 47.735818674576727 ], [ 14.954497615996369, 47.735607780600844 ], [ 14.953822673161085, 47.735272534899693 ], [ 14.953716810956298, 47.735106015728697 ], [ 14.951398520530599, 47.73402050874688 ], [ 14.949200929178813, 47.733562823339611 ], [ 14.948682571371503, 47.732874664423221 ], [ 14.948600093235694, 47.732765045484079 ], [ 14.948250866908571, 47.732301373260505 ], [ 14.948002748745944, 47.732075652038716 ], [ 14.946806633752189, 47.730986909793643 ], [ 14.946617119360813, 47.730814357589281 ], [ 14.9462996228183, 47.730531202324897 ], [ 14.946016143480941, 47.730278435835167 ], [ 14.946009833422018, 47.730272764948516 ], [ 14.945666963068572, 47.730005711452122 ], [ 14.94486342985833, 47.72937957219186 ], [ 14.944117415871093, 47.72881030546732 ], [ 14.943683225634285, 47.72847892218703 ], [ 14.943561258337125, 47.728385780140783 ], [ 14.943517898425721, 47.728372348378052 ], [ 14.943101931076757, 47.728243182641528 ], [ 14.942812774465702, 47.728108643044102 ], [ 14.941504084099943, 47.727499891075425 ], [ 14.940871473195317, 47.727164520010611 ], [ 14.940097600661225, 47.72675426699643 ], [ 14.939909788950793, 47.726662130184316 ], [ 14.939597806762951, 47.726509003635158 ], [ 14.939759513155387, 47.726054104291897 ], [ 14.939825691750762, 47.725867894121272 ], [ 14.940165923291138, 47.724911065344905 ], [ 14.939101480049668, 47.724061037425635 ], [ 14.938935926706876, 47.72392890361931 ], [ 14.938770232624748, 47.72379650157923 ], [ 14.938160384538413, 47.7233096177467 ], [ 14.938065370760812, 47.723233642081119 ], [ 14.937718690273419, 47.722956900015625 ], [ 14.937299964209922, 47.722622398265287 ], [ 14.933879072584508, 47.721210670016291 ], [ 14.932812737069263, 47.71938819494617 ], [ 14.931772436040632, 47.719051060968617 ], [ 14.930592621173149, 47.71866878984671 ], [ 14.930387502676117, 47.718602344899303 ], [ 14.929959622094849, 47.718463669438748 ], [ 14.929855378226053, 47.718429839902562 ], [ 14.929643797732188, 47.718361323559293 ], [ 14.928578218235124, 47.718015962877686 ], [ 14.927706201454832, 47.716182020220515 ], [ 14.92768255434121, 47.71613231414414 ], [ 14.927677541420843, 47.716103407262757 ], [ 14.927497198818443, 47.715057898224494 ], [ 14.927408497843814, 47.714543942057894 ], [ 14.927345874341073, 47.714181525393045 ], [ 14.92728614585547, 47.713835356520057 ], [ 14.927277882399865, 47.713787237065659 ], [ 14.927239854583453, 47.71356711162904 ], [ 14.926225685196433, 47.712575440019464 ], [ 14.926103104724557, 47.712455471950776 ], [ 14.924964496220893, 47.711342497298958 ], [ 14.924835408663034, 47.711346172288792 ], [ 14.924058086857558, 47.711368347825122 ], [ 14.923480858604318, 47.711384873899924 ], [ 14.922582041824237, 47.711410517887337 ], [ 14.921819506387559, 47.711432294113322 ], [ 14.92115048710151, 47.71145133526047 ], [ 14.920353181528231, 47.711474121406582 ], [ 14.920045852852699, 47.711474219603907 ], [ 14.913489280872611, 47.711475972176665 ], [ 14.913040221558861, 47.711476107849876 ], [ 14.912806091874787, 47.71147617180285 ], [ 14.912578228930458, 47.711476239272912 ], [ 14.91229889929067, 47.711476292523344 ], [ 14.91027155547275, 47.709870892575672 ], [ 14.910049474854363, 47.709695038766831 ], [ 14.90922618463124, 47.710129980515759 ], [ 14.908659862565505, 47.710429206136006 ], [ 14.907192252194827, 47.711204647508296 ], [ 14.905813395049881, 47.710953171701895 ], [ 14.905752262280632, 47.710942038567566 ], [ 14.905177663974039, 47.710837222875938 ], [ 14.904446349469753, 47.710703857987689 ], [ 14.904034642716239, 47.710766710340685 ], [ 14.903965891552271, 47.710777187408539 ], [ 14.9034213267092, 47.710860298262915 ], [ 14.902707273203362, 47.71095597657758 ], [ 14.898419706847859, 47.711530266769842 ], [ 14.896828896033636, 47.711565118148791 ], [ 14.896787854452215, 47.711565945680505 ], [ 14.895599970050265, 47.711591795960494 ], [ 14.895226882380447, 47.711599919583762 ], [ 14.895178115972938, 47.711601031355364 ], [ 14.895047668801944, 47.711603881469109 ], [ 14.894886801848369, 47.711691102910763 ], [ 14.894820274646431, 47.711727100861005 ], [ 14.893631885405854, 47.71237223411179 ], [ 14.893151641094978, 47.712632959743544 ], [ 14.892898396428157, 47.712770473660832 ], [ 14.891748799250829, 47.713394453791985 ], [ 14.890995074033659, 47.713803663290193 ], [ 14.888435492563719, 47.713892359669927 ], [ 14.88781824017018, 47.713913746590109 ], [ 14.887340581290253, 47.713930275816921 ], [ 14.887015172873989, 47.713941598251452 ], [ 14.884724112181887, 47.714020917457724 ], [ 14.880669452881172, 47.714161260084531 ], [ 14.880107111235549, 47.714656461400402 ], [ 14.880084531591582, 47.714663963857284 ], [ 14.879752178194478, 47.714774525226218 ], [ 14.879042968449758, 47.715010460731285 ], [ 14.877742184824907, 47.715443215116643 ], [ 14.87592123299383, 47.716048864086808 ], [ 14.875816385305773, 47.716083744590442 ], [ 14.875052207063421, 47.716337939160702 ], [ 14.87457034859748, 47.716498181070243 ], [ 14.874314164565597, 47.71658331981611 ], [ 14.873998031031798, 47.716688517758314 ], [ 14.873849998806978, 47.716737742545519 ], [ 14.873922669677553, 47.717018970045046 ], [ 14.874131689226001, 47.717488515449226 ], [ 14.874144968712834, 47.717518393435476 ], [ 14.874212496191896, 47.717669927910059 ], [ 14.8743148698334, 47.717900004661495 ], [ 14.874330603302027, 47.718385275438415 ], [ 14.874564839127819, 47.718714372225051 ], [ 14.874132727495724, 47.719737553492401 ], [ 14.873992622607284, 47.720238228169833 ], [ 14.873996402654667, 47.720720689105491 ], [ 14.874092810369989, 47.721001688586419 ], [ 14.874123149944309, 47.721090189843373 ], [ 14.874197515343758, 47.72167375132949 ], [ 14.874142610516449, 47.721992591060918 ], [ 14.874183869191643, 47.722166703929759 ], [ 14.87426958879076, 47.722528564797855 ], [ 14.87378789379648, 47.723059367396452 ], [ 14.87364889163899, 47.723334788478205 ], [ 14.873662728529222, 47.723560561079907 ], [ 14.873858240696585, 47.723900975766902 ], [ 14.873828204691934, 47.725093257398683 ], [ 14.873734512257586, 47.725458419093826 ], [ 14.873741305373184, 47.725503501725143 ], [ 14.87379261231119, 47.725837927166651 ], [ 14.873630639463677, 47.726330344259807 ], [ 14.873740034261122, 47.726658143260359 ], [ 14.87377104462742, 47.726751224891061 ], [ 14.873659192474774, 47.727025022484149 ], [ 14.873355153262848, 47.727348814277185 ], [ 14.873125331790325, 47.727611321190409 ], [ 14.87278538976242, 47.728038896675308 ], [ 14.872383442893307, 47.728571594942927 ], [ 14.872291432136349, 47.728726612787881 ], [ 14.872199863627511, 47.728833121637457 ], [ 14.872179874795078, 47.728856425503317 ], [ 14.872048584033772, 47.729009178577975 ], [ 14.871959156619852, 47.729084163149366 ], [ 14.871949133690014, 47.729092575908993 ], [ 14.871773398587569, 47.729239803512897 ], [ 14.871718545974542, 47.729279500879514 ], [ 14.871714758799493, 47.729282251096535 ], [ 14.871710971624056, 47.729285001313428 ], [ 14.871480439038237, 47.729514758840317 ], [ 14.871432819932906, 47.729846367139729 ], [ 14.871532932879731, 47.729894522398759 ], [ 14.871401858083575, 47.730032063955363 ], [ 14.871322934342331, 47.730115096463486 ], [ 14.871163133727567, 47.730282807157074 ], [ 14.870797210161976, 47.730666989449709 ], [ 14.870820126550946, 47.730675232169723 ], [ 14.870846141150201, 47.730684513352244 ], [ 14.870867844410558, 47.730692322329482 ], [ 14.87055541068408, 47.731090457247753 ], [ 14.870552836467811, 47.731093641161614 ], [ 14.870549776433633, 47.731098451326758 ], [ 14.870539043880733, 47.731114522314677 ], [ 14.869930390131936, 47.732036644434409 ], [ 14.869802423480353, 47.732230474274992 ], [ 14.869118715103799, 47.73288183282849 ], [ 14.8691080612346, 47.732891513549532 ], [ 14.8688834141879, 47.733095450568278 ], [ 14.868864445653488, 47.733112711067044 ], [ 14.868760763792865, 47.733343470270654 ], [ 14.868734839890447, 47.733401047615345 ], [ 14.86867592800778, 47.733461764468174 ], [ 14.868658185640561, 47.733479908445652 ], [ 14.868613431544615, 47.733477535675839 ], [ 14.868562533515359, 47.733474884866936 ], [ 14.868381433949809, 47.733603731049179 ], [ 14.868011515119145, 47.733689020707864 ], [ 14.867999026823188, 47.733704394940233 ], [ 14.867961807835767, 47.733704261133383 ], [ 14.86763840748065, 47.733674556297956 ], [ 14.867499893617959, 47.733654355323871 ], [ 14.867487646111904, 47.733696182407989 ], [ 14.867467992280389, 47.733776622525035 ], [ 14.867362122857282, 47.733860011126197 ], [ 14.867243478459132, 47.733953558355587 ], [ 14.866921569600901, 47.734207289957716 ], [ 14.866650464284128, 47.734592714557131 ], [ 14.866629460264637, 47.73462250993078 ], [ 14.865575008786571, 47.735548292956175 ], [ 14.863764482537157, 47.737137690750821 ], [ 14.863051933122176, 47.737820259403229 ], [ 14.862766310519671, 47.738093833455871 ], [ 14.861656886552939, 47.739156547778393 ], [ 14.860792961810862, 47.739984099010464 ], [ 14.860337562683618, 47.740420274479916 ], [ 14.857834933084328, 47.742026037437917 ], [ 14.857766046332415, 47.742070232860911 ], [ 14.855266936117635, 47.741193977938892 ], [ 14.854999179049845, 47.741363541347511 ], [ 14.854328341912437, 47.741788500937076 ], [ 14.854110361363675, 47.741926629370923 ], [ 14.853650420498687, 47.742217959291203 ], [ 14.853363581084791, 47.742695793677413 ], [ 14.853351109573813, 47.742716565157082 ], [ 14.853348693197846, 47.742720646435217 ], [ 14.853177911708423, 47.743005187514498 ], [ 14.852941327720998, 47.743399120072972 ], [ 14.85276537265154, 47.743675629944036 ], [ 14.852574484321018, 47.744136538319765 ], [ 14.852316622212541, 47.744372104381512 ], [ 14.851661048772637, 47.744971329208234 ], [ 14.851589305896615, 47.745036975153681 ], [ 14.850076839598232, 47.745214381304386 ], [ 14.849491943028953, 47.745472514769197 ], [ 14.849095422882666, 47.745647538331937 ], [ 14.848422399950753, 47.745562179365891 ], [ 14.847639307800538, 47.745462876290837 ], [ 14.84755389790871, 47.745531308950774 ], [ 14.84649066092188, 47.746384494209238 ], [ 14.846331544523869, 47.746511035469112 ], [ 14.846235292807245, 47.746587618283797 ], [ 14.845846104192642, 47.746998747322976 ], [ 14.844468878711009, 47.748453632862685 ], [ 14.844766314841374, 47.748639780057637 ], [ 14.844939833936717, 47.748748455368776 ], [ 14.844981142874403, 47.748774369038081 ], [ 14.84499282592313, 47.748781594537625 ], [ 14.845090900361633, 47.749318153188007 ], [ 14.844923244587886, 47.749523722002465 ], [ 14.844680321800107, 47.749821344034196 ], [ 14.845710222997138, 47.751123688478494 ], [ 14.845727947557073, 47.751146042193128 ], [ 14.845749277673161, 47.751173117811398 ], [ 14.845753706872209, 47.751178638774903 ], [ 14.846039450033969, 47.752132786103068 ], [ 14.846582494896756, 47.752653689759917 ], [ 14.847257300228407, 47.75330090904356 ], [ 14.84753727331664, 47.753569436015397 ], [ 14.848411927247271, 47.754375815874937 ], [ 14.850012970046516, 47.755796499022019 ], [ 14.850512017680179, 47.756058084723648 ], [ 14.852798926452028, 47.757256967343316 ], [ 14.852853941084145, 47.757285756998691 ], [ 14.853092437022887, 47.757410840514879 ], [ 14.853136749239949, 47.757434102130055 ], [ 14.853559399083363, 47.757655559343931 ], [ 14.853604794554714, 47.757679346402185 ], [ 14.853612248871453, 47.757683297385391 ], [ 14.853847908093796, 47.757526670805845 ], [ 14.853883125809578, 47.757503259494086 ], [ 14.853945706231286, 47.757461669732514 ], [ 14.854001475313531, 47.757424489183151 ], [ 14.8540148310004, 47.757415674211671 ], [ 14.854778832125902, 47.757673473663829 ], [ 14.855298772335582, 47.757848916480071 ], [ 14.855461845494045, 47.757903992775788 ], [ 14.856929205450012, 47.758398053421786 ], [ 14.857937524926994, 47.758543807320741 ], [ 14.858146452189537, 47.758573976728499 ], [ 14.858293716490548, 47.758704666635069 ], [ 14.858303580523812, 47.758713444664345 ], [ 14.858395773154628, 47.758795191226731 ], [ 14.858320915103642, 47.758864211725083 ], [ 14.858349222197162, 47.758869326114365 ], [ 14.858385174984866, 47.75887577904858 ], [ 14.858511416559336, 47.758898583809547 ], [ 14.858540662727167, 47.758903865690414 ], [ 14.858574201268848, 47.758909900602646 ], [ 14.858589372365033, 47.758913029202922 ], [ 14.858611388764938, 47.758917506936456 ], [ 14.858673279015893, 47.758930185310447 ], [ 14.858716239410064, 47.758938974970732 ], [ 14.858755613742041, 47.75894835202034 ], [ 14.858778462008914, 47.758953898538564 ], [ 14.858684733542233, 47.7589981530543 ], [ 14.858667355280071, 47.759006301946854 ], [ 14.858505974432253, 47.759050822235309 ], [ 14.858386624137445, 47.759076788637529 ], [ 14.858314086388058, 47.759092596665056 ], [ 14.857996716766808, 47.75917895504179 ], [ 14.857959511417809, 47.759189075988779 ], [ 14.857734660010875, 47.759253782227589 ], [ 14.857712060684685, 47.75926595945041 ], [ 14.857704002026464, 47.75927794424652 ], [ 14.857602482535381, 47.759430554113457 ], [ 14.857383687769934, 47.759501658490436 ], [ 14.857026474553097, 47.759617696736605 ], [ 14.856864694401544, 47.759813756333138 ], [ 14.857044008019692, 47.759830461615508 ], [ 14.857144237665562, 47.759839844108704 ], [ 14.858661386108199, 47.760702977206158 ], [ 14.858701418922971, 47.760725753480948 ], [ 14.859922912591884, 47.761420731759927 ], [ 14.86016233093804, 47.761580793318117 ], [ 14.860348534309813, 47.761705385435107 ], [ 14.860471986735901, 47.761787885828738 ], [ 14.860745303727377, 47.761970713203773 ], [ 14.861760029959306, 47.762365250975805 ], [ 14.862070644639466, 47.762485939987798 ], [ 14.862078879725054, 47.762489160186632 ], [ 14.864254449815355, 47.763334843124504 ], [ 14.864522690459138, 47.763439171381684 ], [ 14.865512742164753, 47.76362244741027 ], [ 14.866277629553993, 47.763764078328819 ], [ 14.867586033399855, 47.764672617455638 ], [ 14.87030202392928, 47.766558248402092 ], [ 14.870306796551265, 47.766561694189605 ], [ 14.870755495634544, 47.766901613917192 ], [ 14.871013770880518, 47.76709730630666 ], [ 14.871248293947009, 47.767274958032367 ], [ 14.871713799258719, 47.767627697774351 ], [ 14.871721173143696, 47.767633358423709 ], [ 14.87085545962837, 47.768451550421872 ], [ 14.870329911843918, 47.768713493338709 ], [ 14.870240325032366, 47.76875815171892 ], [ 14.870119429161075, 47.768818435300503 ], [ 14.868853619542977, 47.769449467324819 ], [ 14.867832678662674, 47.769869716207467 ], [ 14.867423331189805, 47.770034892542391 ], [ 14.867071232941283, 47.770176898792592 ], [ 14.864563165762279, 47.769972335995682 ], [ 14.864139157809648, 47.769937746680185 ], [ 14.861849612021263, 47.770620001563216 ], [ 14.861472208157902, 47.770732540840733 ], [ 14.859788813375175, 47.771234120022903 ], [ 14.859124397231835, 47.771442329042344 ], [ 14.859057993783912, 47.771463095232328 ], [ 14.85895230437794, 47.771496169714325 ], [ 14.858572638349061, 47.771435236751422 ], [ 14.857861313074409, 47.771320830619487 ], [ 14.857285311418353, 47.7712282965675 ], [ 14.856732818727339, 47.771411524971626 ], [ 14.856594133753358, 47.771457541544763 ], [ 14.856476072901639, 47.771496716349795 ], [ 14.856436014585631, 47.771510023868146 ], [ 14.856087646874837, 47.771625580865894 ], [ 14.855928731329563, 47.771678252974148 ], [ 14.85591947738005, 47.771681344790721 ], [ 14.85522259256023, 47.77200856116945 ], [ 14.854753870199909, 47.772194902653574 ], [ 14.854148432433202, 47.772435598398971 ], [ 14.853451801377346, 47.772712498431808 ], [ 14.852456396912665, 47.7731082452365 ], [ 14.851898050582768, 47.773330220855009 ], [ 14.851218287973492, 47.773600405737248 ], [ 14.851208006732529, 47.773614128990928 ], [ 14.850509425338753, 47.77453884202361 ], [ 14.849552611702579, 47.774936934220179 ], [ 14.849499321522087, 47.774959051975088 ], [ 14.848940618389632, 47.775497226249755 ], [ 14.8489271530972, 47.775520889558365 ], [ 14.848899340453563, 47.775570027480143 ], [ 14.848896930026335, 47.775574378484656 ], [ 14.848859593415231, 47.775640378951287 ], [ 14.848831147278165, 47.77569069499593 ], [ 14.848765463834845, 47.775805840345889 ], [ 14.848204442996355, 47.776790458716086 ], [ 14.848165645610347, 47.776967520078259 ], [ 14.84806349925061, 47.777432827438794 ], [ 14.848040500996941, 47.777537692745106 ], [ 14.847974574588147, 47.777838390536438 ], [ 14.847978621070986, 47.777945959831506 ], [ 14.847980876859548, 47.778010089736654 ], [ 14.847982090997643, 47.778042828445372 ], [ 14.847982404005982, 47.778049033320265 ], [ 14.847996947032376, 47.778445587552305 ], [ 14.847997994639584, 47.778472569384569 ], [ 14.847801143430402, 47.779356203013656 ], [ 14.847797595225003, 47.779371997075636 ], [ 14.847237881729185, 47.779886688755305 ], [ 14.846812759473426, 47.780277679884939 ], [ 14.845659990803849, 47.781337722593236 ], [ 14.845636063481795, 47.781359813019009 ], [ 14.845524734015244, 47.781462057391508 ], [ 14.845401838127449, 47.781575251636681 ], [ 14.845094385505632, 47.781857879483532 ], [ 14.844981728634671, 47.782062183909929 ], [ 14.84487642976128, 47.782253163873065 ], [ 14.844838876136048, 47.782321235300294 ], [ 14.844642860071499, 47.782676547933136 ], [ 14.844497210880744, 47.782940584674613 ], [ 14.844351685894443, 47.783204349610813 ], [ 14.844095778569734, 47.783668248575324 ], [ 14.843253582861927, 47.784728602190782 ], [ 14.842958408700625, 47.785100058087508 ], [ 14.842378665599119, 47.786804138570346 ], [ 14.842073888327345, 47.787700060089307 ], [ 14.842095518117667, 47.787876057538206 ], [ 14.842115367358305, 47.788036600868303 ], [ 14.842151423153284, 47.788328580056415 ], [ 14.842158544670868, 47.788385717274473 ], [ 14.842177211052615, 47.788537637504959 ], [ 14.84217028405943, 47.788603057278735 ], [ 14.842013111888772, 47.789209543729804 ], [ 14.8420028940801, 47.789248820932066 ], [ 14.841938700053399, 47.789370420989052 ], [ 14.841911223410193, 47.789422431986743 ], [ 14.841867380860586, 47.789494993777311 ], [ 14.841665387626247, 47.789829861735257 ], [ 14.841622180687519, 47.789901335278863 ], [ 14.841406338409429, 47.790339596633174 ], [ 14.841370136475916, 47.790413228031383 ], [ 14.841348868838812, 47.790458318775912 ], [ 14.841295755960527, 47.79057068494064 ], [ 14.841185676818315, 47.790777560592986 ], [ 14.84132441184957, 47.790828386737651 ], [ 14.841903525371031, 47.791041001676682 ], [ 14.842197875678684, 47.791149090013889 ], [ 14.842423547974668, 47.791232521095608 ], [ 14.842545965412279, 47.791277710415997 ], [ 14.843994226903908, 47.791813045427787 ], [ 14.844562281864601, 47.792007255278818 ], [ 14.8448089525003, 47.792091576263914 ], [ 14.845369866028642, 47.792283356268939 ], [ 14.845472369359406, 47.792346260848703 ], [ 14.845972364129681, 47.792707918891146 ], [ 14.846077248278672, 47.792783839522606 ], [ 14.846110387444897, 47.792807700539974 ], [ 14.846613256681602, 47.793171477789635 ], [ 14.846838982617431, 47.79333471635492 ], [ 14.847953934835873, 47.793783673784532 ], [ 14.848110394637038, 47.793846586953258 ], [ 14.849102818567445, 47.794246212101946 ], [ 14.850198266218557, 47.79468433655682 ], [ 14.851284814751189, 47.795118878599325 ], [ 14.851777583492879, 47.795302796819456 ], [ 14.851957291773786, 47.795351990844075 ], [ 14.851984429587079, 47.795357572330346 ], [ 14.852769585898454, 47.795520356791791 ], [ 14.852804115631557, 47.795527550367467 ], [ 14.852847913862934, 47.795536601426861 ], [ 14.853900573137368, 47.795754791941732 ], [ 14.85396412078441, 47.795767901346913 ], [ 14.853970839904392, 47.795769342456666 ], [ 14.855078594294989, 47.795998943506746 ], [ 14.855085580464044, 47.796000381026879 ], [ 14.855135559459834, 47.796010699408704 ], [ 14.855412064534962, 47.796068058622801 ], [ 14.855874517460631, 47.796163904530843 ], [ 14.855912673338461, 47.796171769172012 ], [ 14.856019756952334, 47.796194020797273 ], [ 14.856932845421781, 47.796383252582466 ], [ 14.857482636581459, 47.796497194524058 ], [ 14.857496609184928, 47.796500069272234 ], [ 14.857535977490226, 47.796508277291728 ], [ 14.859387442905806, 47.796891954262229 ], [ 14.859612764546279, 47.796938642957493 ], [ 14.859620010088706, 47.796939806816141 ], [ 14.860502453701926, 47.797089372981134 ], [ 14.86076846491698, 47.797134530539758 ], [ 14.860844941152665, 47.797142065772945 ], [ 14.861005128790994, 47.797157940057104 ], [ 14.861017986525331, 47.797159209424059 ], [ 14.861040513405541, 47.797157741077179 ], [ 14.861100759575002, 47.797153703171062 ], [ 14.861767589470265, 47.797108689552992 ], [ 14.862322459571049, 47.797071276128271 ], [ 14.863032741568851, 47.797023429184769 ], [ 14.863284784144737, 47.797006406546679 ], [ 14.864824148579645, 47.796740035728519 ], [ 14.864834513882615, 47.796738278283371 ], [ 14.864836859647028, 47.796740856691798 ], [ 14.865753717326745, 47.797746045786006 ], [ 14.865851130660985, 47.797852823126739 ], [ 14.865940404536101, 47.797950710072477 ], [ 14.866255693372226, 47.798296380710177 ], [ 14.866458525792989, 47.798518646574763 ], [ 14.866864617392054, 47.798963891468659 ], [ 14.866915259877752, 47.799019458579927 ], [ 14.867527201573612, 47.799361089053349 ], [ 14.868423344213452, 47.799861625698775 ], [ 14.868492725636431, 47.799900295327113 ], [ 14.868498022001038, 47.799903284297685 ], [ 14.868528299993971, 47.799920158270382 ], [ 14.869054182129387, 47.800213884855971 ], [ 14.869356225915507, 47.800257283073329 ], [ 14.869665649938225, 47.800301841946407 ], [ 14.869757122774583, 47.800315020531833 ], [ 14.872121604897179, 47.800655213267568 ], [ 14.872656229608257, 47.800732122255262 ], [ 14.873451764443409, 47.801265188853655 ], [ 14.873495721523616, 47.801302035530874 ], [ 14.8736167786402, 47.80140363142533 ], [ 14.873729355499632, 47.801453058996898 ], [ 14.873752358938336, 47.801463189935887 ], [ 14.873794708177506, 47.801481700966804 ], [ 14.874203720413206, 47.801751050332307 ], [ 14.874356539106065, 47.80185168103953 ], [ 14.874540410362773, 47.801972683051979 ], [ 14.87595811874426, 47.801998264423801 ], [ 14.876266362577622, 47.802002238141419 ], [ 14.876389013083008, 47.80200815535904 ], [ 14.876407872328096, 47.802009072745342 ], [ 14.877069681939979, 47.802041156081557 ], [ 14.877119170501937, 47.802043552901516 ], [ 14.877585432340227, 47.802066103644243 ], [ 14.877641000336574, 47.802102523297393 ], [ 14.877647811173325, 47.802107021321859 ], [ 14.878109266385046, 47.802410119050151 ], [ 14.878333514263996, 47.802477842627646 ], [ 14.878639432273424, 47.802570296933446 ], [ 14.879284984141799, 47.80263498035837 ], [ 14.879444662790833, 47.80265092611662 ], [ 14.879546556636672, 47.802659457987012 ], [ 14.879641086172484, 47.80266736865871 ], [ 14.879756368351917, 47.80267698056835 ], [ 14.879851164972237, 47.802684887486095 ], [ 14.881197198900395, 47.802797122403028 ], [ 14.882778494000956, 47.802929036404507 ], [ 14.88596105739048, 47.803194420388664 ], [ 14.886855353163096, 47.80326902935991 ], [ 14.886932744648309, 47.803275455290631 ], [ 14.88699206131081, 47.803280415023742 ], [ 14.889701606275629, 47.803506267112219 ], [ 14.889797743698047, 47.803514237778558 ], [ 14.88982131143386, 47.803516259228786 ], [ 14.889846884532384, 47.803518343585743 ], [ 14.889886385728056, 47.80352167966258 ], [ 14.889939676162669, 47.803526089348409 ], [ 14.889627907774516, 47.80375877203177 ], [ 14.889617715797739, 47.803766378425316 ], [ 14.889031740237968, 47.804390238901746 ], [ 14.888586741400136, 47.804863808145171 ], [ 14.888465895910727, 47.805022283220524 ], [ 14.888313818667566, 47.805222032863256 ], [ 14.888731675989327, 47.806095466049712 ], [ 14.888998645244831, 47.806678120505097 ], [ 14.889428556998645, 47.806936516809593 ], [ 14.889440387332632, 47.806943555991779 ], [ 14.889629950853148, 47.807056538933502 ], [ 14.889696858023777, 47.807096489266769 ], [ 14.889841955648391, 47.807182986418681 ], [ 14.889848891013411, 47.807187122115977 ], [ 14.889805015800793, 47.807234416958892 ], [ 14.889745612846317, 47.807298568733557 ], [ 14.889665111805607, 47.807385411683249 ], [ 14.889626317891844, 47.807428408538428 ], [ 14.889443981898474, 47.807630367647143 ], [ 14.888821034746256, 47.807600709564639 ], [ 14.888770338689911, 47.80759833398109 ], [ 14.888400321935258, 47.807571020276242 ], [ 14.888055872543626, 47.807545520287491 ], [ 14.887884653402194, 47.807532891329643 ], [ 14.887682510453264, 47.807517979442487 ], [ 14.887347835623107, 47.807493245431765 ], [ 14.886846906844385, 47.807461122201971 ], [ 14.886413965605261, 47.807433390171788 ], [ 14.886353179734012, 47.80756810742308 ], [ 14.886334008163999, 47.807610748839267 ], [ 14.885996706466566, 47.807709056500883 ], [ 14.885875002165571, 47.807744529912306 ], [ 14.885834344123436, 47.807756325569585 ], [ 14.885826797346573, 47.80775858683905 ], [ 14.885446189069079, 47.807869534029678 ], [ 14.884962812537852, 47.808172632211758 ], [ 14.883816663995466, 47.808261028818535 ], [ 14.882921656970055, 47.80833200129107 ], [ 14.88236058080129, 47.808488286455713 ], [ 14.882381418370802, 47.808524360616772 ], [ 14.882412944492971, 47.808578558212439 ], [ 14.88248561626949, 47.808750173865889 ], [ 14.88256363030388, 47.808912719150669 ], [ 14.882604920411993, 47.808998910293596 ], [ 14.882646627572722, 47.809081136459611 ], [ 14.882709044378267, 47.809204117672742 ], [ 14.882711882373373, 47.809214247888328 ], [ 14.882752602384985, 47.809357857328358 ], [ 14.882822833700502, 47.809446988941311 ], [ 14.882838772415226, 47.809470980822987 ], [ 14.882908511539993, 47.809575056576683 ], [ 14.883159257795862, 47.810044559791258 ], [ 14.883173837445268, 47.810108343440952 ], [ 14.883225593945674, 47.810335850719923 ], [ 14.883253389294607, 47.810457947219767 ], [ 14.883307937959456, 47.810594801631808 ], [ 14.883312989911136, 47.810607511646921 ], [ 14.883319307295414, 47.810626863570114 ], [ 14.883412044619616, 47.810911950421051 ], [ 14.883474797490884, 47.811104755351835 ], [ 14.883544167420903, 47.811317987949998 ], [ 14.88355839637741, 47.81136539891672 ], [ 14.883575292797037, 47.811421682571087 ], [ 14.883647327273275, 47.811661694917888 ], [ 14.883653969265831, 47.811705518477233 ], [ 14.883664095127509, 47.811772241464077 ], [ 14.883880105458642, 47.811799302104696 ], [ 14.88390839835867, 47.811802881003217 ], [ 14.8839894726925, 47.811788922839966 ], [ 14.884066428768872, 47.81177573988704 ], [ 14.884111936842746, 47.811778727272632 ], [ 14.884230118992912, 47.811786316288085 ], [ 14.884479782925611, 47.811871593635644 ], [ 14.884540510527652, 47.811892283208756 ], [ 14.884755231984368, 47.811916390043429 ], [ 14.884881236536534, 47.811935481265543 ], [ 14.885107651065182, 47.811943952621583 ], [ 14.885247661012333, 47.81195781578365 ], [ 14.885361145902923, 47.811969156268624 ], [ 14.885446911326611, 47.812000756539376 ], [ 14.885631413893822, 47.81206891143519 ], [ 14.885704616828649, 47.812095821422673 ], [ 14.885713665048364, 47.812099119054004 ], [ 14.88600836841745, 47.812207452936896 ], [ 14.886053534849664, 47.812230420924912 ], [ 14.886109827361965, 47.812259178107361 ], [ 14.886171680293796, 47.812290739915632 ], [ 14.88633065014969, 47.812371745526278 ], [ 14.886428541631609, 47.812429277536282 ], [ 14.886471366218679, 47.812454346571108 ], [ 14.886522622241975, 47.812484431190406 ], [ 14.886614940385158, 47.812538708656831 ], [ 14.887170321236502, 47.812738372509848 ], [ 14.887712176985003, 47.812819885204661 ], [ 14.887727851490231, 47.812821383635196 ], [ 14.887976774188912, 47.812845383439232 ], [ 14.888105656366076, 47.812884769094353 ], [ 14.88820905976997, 47.812916399482205 ], [ 14.888633322969181, 47.813046105942846 ], [ 14.88866730611471, 47.813065804318647 ], [ 14.888776453497869, 47.813128851639306 ], [ 14.889081516654739, 47.813203293512835 ], [ 14.889163602864116, 47.813223332581693 ], [ 14.889330240669491, 47.813265446944499 ], [ 14.889578199415553, 47.81318957246296 ], [ 14.889690102523668, 47.813219467089581 ], [ 14.88983318152645, 47.813206107706378 ], [ 14.89008989454743, 47.813182035566996 ], [ 14.890416090928209, 47.813180960758636 ], [ 14.890476000212933, 47.813169533480803 ], [ 14.89051120278322, 47.81316284910649 ], [ 14.890706111208862, 47.813275038365148 ], [ 14.890749941456249, 47.813459456572176 ], [ 14.890885754364373, 47.813727038750123 ], [ 14.891060087508279, 47.813906364565163 ], [ 14.891144404760009, 47.813947428712183 ], [ 14.891305582509329, 47.814025878181617 ], [ 14.891516331497444, 47.814055245407566 ], [ 14.891571198169936, 47.814062872652805 ], [ 14.891680426302191, 47.814101530122912 ], [ 14.891760218808535, 47.814129697063947 ], [ 14.89188306927093, 47.814096451796587 ], [ 14.892014797028454, 47.814060746779198 ], [ 14.892241130846385, 47.814169269248794 ], [ 14.892311024361632, 47.814259749624512 ], [ 14.892691476849242, 47.814402451686533 ], [ 14.893244907329199, 47.814378409130406 ], [ 14.893417221055872, 47.814305979290936 ], [ 14.893607789574588, 47.814236451681133 ], [ 14.893642412110893, 47.814223745174473 ], [ 14.893762851956117, 47.814226164786838 ], [ 14.893999856350021, 47.814230966098016 ], [ 14.894228573284648, 47.814235609146372 ], [ 14.894232849233767, 47.814235641252175 ], [ 14.895408278424599, 47.814242580823453 ], [ 14.8965977527631, 47.81425903646371 ], [ 14.896883084566154, 47.814258227480387 ], [ 14.897012257597288, 47.814257825720098 ], [ 14.897070339217111, 47.814256768148063 ], [ 14.897334565475951, 47.81425156500007 ], [ 14.897865692434992, 47.814259117728369 ], [ 14.898241787287942, 47.814264542716906 ], [ 14.89855825734451, 47.814273025462683 ], [ 14.899356304799639, 47.815539176773648 ], [ 14.900094663038191, 47.815511330174999 ], [ 14.901138843342016, 47.815858611028638 ], [ 14.901056710736206, 47.815984447785375 ], [ 14.900838145846166, 47.816318926119052 ], [ 14.900828820208938, 47.816333180629272 ], [ 14.900802152049597, 47.816366117928823 ], [ 14.900786962172992, 47.816434353552772 ], [ 14.900715240448278, 47.816756127241042 ], [ 14.900874832675198, 47.816941398105136 ], [ 14.901155952615495, 47.817267643846463 ], [ 14.900705066552382, 47.81747786034088 ], [ 14.90017871646951, 47.817572928925813 ], [ 14.900028823336951, 47.817599981399376 ], [ 14.899930317701914, 47.817598620039043 ], [ 14.899815641998742, 47.817597118302238 ], [ 14.899549204882071, 47.817640600807565 ], [ 14.899498282174376, 47.817648851185318 ], [ 14.899487171053917, 47.817737367937312 ], [ 14.899464569596178, 47.817915126464889 ], [ 14.899438225022113, 47.817945539421594 ], [ 14.899431253037225, 47.817953642820264 ], [ 14.899444157774511, 47.817969664975685 ], [ 14.899474271551709, 47.818007139948129 ], [ 14.899459904022523, 47.818303747575079 ], [ 14.899505232817281, 47.818586136620752 ], [ 14.899648771853693, 47.818797452978124 ], [ 14.899865047999855, 47.818948120708491 ], [ 14.8999413973605, 47.81903490949275 ], [ 14.900022727242794, 47.81912738964391 ], [ 14.900039730592894, 47.819262406963773 ], [ 14.900087267312227, 47.819640690375799 ], [ 14.900401712488812, 47.819830246965537 ], [ 14.900443894701063, 47.819842361743653 ], [ 14.900615596961158, 47.819891950107859 ], [ 14.900699563637236, 47.819916274886033 ], [ 14.900723345211672, 47.820009896607736 ], [ 14.900835537006632, 47.820450020913832 ], [ 14.900859500093762, 47.820491718466734 ], [ 14.900885710614796, 47.820537074875091 ], [ 14.900910298018154, 47.82054609917428 ], [ 14.901020003854001, 47.820586631214823 ], [ 14.901375330119217, 47.820847078047287 ], [ 14.901440492426635, 47.820894784264006 ], [ 14.901948056028516, 47.820902909451128 ], [ 14.901958562780031, 47.820870101781779 ], [ 14.901959416756995, 47.820867390599261 ], [ 14.902034074447258, 47.820893100842412 ], [ 14.902077142851924, 47.820907992535531 ], [ 14.902161624589571, 47.820913772239166 ], [ 14.902418953840666, 47.820931418079049 ], [ 14.902882627663738, 47.821093201783043 ], [ 14.903145669427493, 47.821069644854923 ], [ 14.903274911251243, 47.821030901508585 ], [ 14.903447851249055, 47.820979055104615 ], [ 14.903907627322786, 47.820997540715418 ], [ 14.904218515558851, 47.820947773814488 ], [ 14.904490028481739, 47.82097053100275 ], [ 14.904519485138824, 47.8209370149889 ], [ 14.904659155716404, 47.820911895797174 ], [ 14.90472254860534, 47.820900593730613 ], [ 14.904735400471086, 47.821043765739041 ], [ 14.904763501506649, 47.821356532848128 ], [ 14.904775171255535, 47.821487032971319 ], [ 14.904847075125071, 47.822288274993653 ], [ 14.904386025892025, 47.823117564534286 ], [ 14.904427824179795, 47.823374803828578 ], [ 14.90451579069525, 47.823514252952002 ], [ 14.904781463617415, 47.823760253400764 ], [ 14.904789301021305, 47.823767615417417 ], [ 14.904815430500364, 47.824090307581983 ], [ 14.90485740672306, 47.824606882636481 ], [ 14.904218040239654, 47.825189970209223 ], [ 14.904202489400124, 47.825219427302635 ], [ 14.904038506367804, 47.825529950954767 ], [ 14.903998141702377, 47.82561859645363 ], [ 14.903837191643371, 47.825972361473106 ], [ 14.903833926799054, 47.825979334811301 ], [ 14.903875806119803, 47.826003420587824 ], [ 14.90397822626325, 47.826032261049136 ], [ 14.904035770858878, 47.826048484678061 ], [ 14.904036644251427, 47.82606422024611 ], [ 14.904037435395148, 47.826081666658617 ], [ 14.904046027948954, 47.826247662867331 ], [ 14.904186709676264, 47.826295778903372 ], [ 14.904410296781524, 47.826376960018983 ], [ 14.90455409148397, 47.826417474430251 ], [ 14.904770967945861, 47.82647984931836 ], [ 14.904762721743216, 47.826574536429746 ], [ 14.904761909899003, 47.826583096113083 ], [ 14.904760752545608, 47.826589050924113 ], [ 14.904745090416753, 47.826668181589696 ], [ 14.904677024338769, 47.826759904268371 ], [ 14.904672017727698, 47.826766721387443 ], [ 14.904668303592324, 47.826772081130549 ], [ 14.904634499944898, 47.826821133809773 ], [ 14.904571618905255, 47.826889749496097 ], [ 14.904535132500625, 47.826929570182912 ], [ 14.904506827437265, 47.827068263444843 ], [ 14.90443937154418, 47.827158087953649 ], [ 14.904374654720748, 47.827370255354609 ], [ 14.904326580178855, 47.827509217816804 ], [ 14.904293640940448, 47.82768495813621 ], [ 14.904230522179228, 47.827790200919985 ], [ 14.904120778550922, 47.827922534346079 ], [ 14.904118201613386, 47.827925718930359 ], [ 14.904080869021724, 47.828213280909935 ], [ 14.904076919046313, 47.828233041512455 ], [ 14.903993363920179, 47.828351970262553 ], [ 14.903990645790872, 47.828372703926497 ], [ 14.90398531879141, 47.828413359896999 ], [ 14.903986895841971, 47.828545976955482 ], [ 14.90398125330689, 47.828593926040348 ], [ 14.903905259530321, 47.829240606228836 ], [ 14.903955281908789, 47.829322171780518 ], [ 14.903949686048573, 47.82959418388964 ], [ 14.903948438453735, 47.829659440297561 ], [ 14.903944739269869, 47.829678657558311 ], [ 14.903933761775427, 47.829735857777202 ], [ 14.903904313241505, 47.829965631536268 ], [ 14.90392531369802, 47.830068648831016 ], [ 14.903950936735782, 47.830165394186061 ], [ 14.904276580444822, 47.830209101882801 ], [ 14.904412449786186, 47.830270151192046 ], [ 14.904691608553804, 47.830376760755662 ], [ 14.904819073253957, 47.830420466919144 ], [ 14.904862687318309, 47.830435440203082 ], [ 14.905085000198238, 47.830455807396163 ], [ 14.905102161810669, 47.830453233930591 ], [ 14.905234508820081, 47.830445941368694 ], [ 14.90525372008724, 47.830444869701331 ], [ 14.905272306705445, 47.830445246309907 ], [ 14.905520096398043, 47.830450687838514 ], [ 14.905600697880001, 47.830491342470552 ], [ 14.905682790508305, 47.830532696604969 ], [ 14.905752401827511, 47.830567831859383 ], [ 14.905850077773993, 47.830629670097188 ], [ 14.906000611208041, 47.830724982078912 ], [ 14.906231155616382, 47.83077016082246 ], [ 14.906446845827288, 47.830850186080951 ], [ 14.906515427261663, 47.830851050478529 ], [ 14.906790203422199, 47.830949436159443 ], [ 14.907162569845708, 47.831093372152829 ], [ 14.907202942079893, 47.831116037560129 ], [ 14.90722971792629, 47.83113096974941 ], [ 14.907559022321877, 47.831153921688632 ], [ 14.907575493551496, 47.831155046682653 ], [ 14.907734050270641, 47.83116602056819 ], [ 14.908085501253659, 47.831249858852061 ], [ 14.908105554002365, 47.831254534295404 ], [ 14.908327968126423, 47.831353541218284 ], [ 14.908635101757676, 47.831394609948745 ], [ 14.908814246100377, 47.831383614705601 ], [ 14.908963909221495, 47.831374371663578 ], [ 14.909101121319637, 47.831337762956451 ], [ 14.909133599748042, 47.831329040613923 ], [ 14.909211576420708, 47.831313487697543 ], [ 14.909528139058061, 47.831250581979539 ], [ 14.909592711921086, 47.831229272911663 ], [ 14.910070783954602, 47.831071383509176 ], [ 14.910232066410547, 47.831017617119443 ], [ 14.910307214045107, 47.83099247367376 ], [ 14.910445739675266, 47.830946306914122 ], [ 14.910596597296367, 47.830905820421421 ], [ 14.911059180261285, 47.831045360868281 ], [ 14.911549383094538, 47.83117453320687 ], [ 14.91213853466326, 47.831438317409834 ], [ 14.912347157926048, 47.831531746372924 ], [ 14.912424272511496, 47.83156290558366 ], [ 14.912684973814924, 47.831668219002992 ], [ 14.912975674581316, 47.831753504181705 ], [ 14.913171654889814, 47.831782225219705 ], [ 14.913442495122883, 47.831855903145517 ], [ 14.913478338232125, 47.831865670515015 ], [ 14.913794247612953, 47.831953667850769 ], [ 14.913948481755689, 47.831993937784951 ], [ 14.91425291059482, 47.832073452577042 ], [ 14.914481343621009, 47.83209254811436 ], [ 14.915031243862948, 47.832228626351913 ], [ 14.915367618404526, 47.832361241642552 ], [ 14.915630508685885, 47.832401638872412 ], [ 14.915771622463168, 47.832423369363767 ], [ 14.915809677243692, 47.832435535290678 ], [ 14.915837879614596, 47.832444506899648 ], [ 14.915913855669576, 47.8324688405297 ], [ 14.915954475856852, 47.832481871070158 ], [ 14.916323806849087, 47.832537543682157 ], [ 14.916565310473995, 47.832604238133761 ], [ 14.916731687802933, 47.832749710907294 ], [ 14.916773558983495, 47.832786390213784 ], [ 14.916713047440183, 47.833021273435861 ], [ 14.916667490957551, 47.833198360541516 ], [ 14.916655523753857, 47.833244507449159 ], [ 14.916652479344593, 47.833298450619466 ], [ 14.916645252951506, 47.833426149405646 ], [ 14.916682324942894, 47.83366185279916 ], [ 14.916660818873266, 47.833927065599234 ], [ 14.916841070153829, 47.834049491455175 ], [ 14.916875865342721, 47.834073129960295 ], [ 14.917292468168641, 47.834294804042145 ], [ 14.917620506289261, 47.834381004855885 ], [ 14.917694332259133, 47.834400417670444 ], [ 14.917986996191912, 47.834624691296362 ], [ 14.91812490742725, 47.834734558903158 ], [ 14.918168457890159, 47.834769234965506 ], [ 14.918233511058423, 47.834821072802029 ], [ 14.918260351901026, 47.834842390571559 ], [ 14.91827705893934, 47.834855658874403 ], [ 14.918473132823456, 47.8349531188112 ], [ 14.918485753138382, 47.834959424361358 ], [ 14.918489281047226, 47.834961175596881 ], [ 14.918570591898362, 47.834905616977551 ], [ 14.918745836160864, 47.834809713625582 ], [ 14.918785670756906, 47.834787929553947 ], [ 14.918985454006577, 47.834685929486461 ], [ 14.919052636345619, 47.834662509612698 ], [ 14.919263171696507, 47.834588976684088 ], [ 14.919327662951732, 47.834569373039827 ], [ 14.919395030561425, 47.834556478735685 ], [ 14.919584216766589, 47.834563415951571 ], [ 14.920252862833015, 47.834525550313849 ], [ 14.921618887930375, 47.834764955634867 ], [ 14.922810849805476, 47.834832854982892 ], [ 14.923295217689857, 47.834803098776462 ], [ 14.923977886879975, 47.834518808259737 ] ] ] } },
{ "type": "Feature", "properties": { "name": "Göstling an der Ybbs", "feature_type": "circle", "metric_roundness": 62.84, "metric_rectangularity": 70.43, "metric_mobile_fit": 50.32, "metric_aspect_ratio": 1.059, "metric_area_km2": 318.08 }, "geometry": { "type": "Polygon", "coordinates": [ [ [ 15.06604083065459, 47.772605996264986 ], [ 15.065884523945282, 47.768594152079245 ], [ 15.065416032243187, 47.764592995868647 ], [ 15.064636639651484, 47.760613498319891 ], [ 15.063548482431109, 47.756666573241937 ], [ 15.062154543145351, 47.752763047583159 ], [ 15.06045864248491, 47.748913631660152 ], [ 15.058465428795611, 47.745128889680799 ], [ 15.056180365337633, 47.741419210643642 ], [ 15.053609715311081, 47.737794779694852 ], [ 15.050760524688993, 47.734265550023416 ], [ 15.047640602904815, 47.730841215373289 ], [ 15.044258501447304, 47.727531183250328 ], [ 15.04062349042146, 47.724344548899872 ], [ 15.036745533139843, 47.721290070128823 ], [ 15.032635258813807, 47.71837614304399 ], [ 15.028303933419577, 47.71561077877611 ], [ 15.023763428818992, 47.713001581255973 ], [ 15.019026190219556, 47.710555726106818 ], [ 15.014105202062989, 47.708279940713496 ], [ 15.009013952435774, 47.706180485525984 ], [ 15.00376639609925, 47.704263136651456 ], [ 14.998376916240586, 47.702533169785063 ], [ 14.992860285049451, 47.70099534552643 ], [ 14.987231623228485, 47.699653896124175 ], [ 14.981506358548501, 47.698512513687412 ], [ 14.975700183562022, 47.697574339898331 ], [ 14.969829012591106, 47.696841957256048 ], [ 14.963908938107284, 47.696317381877286 ], [ 14.957956186623219, 47.696002057874914 ], [ 14.951987074216959, 47.695896853330829 ], [ 14.946017961810693, 47.696002057874914 ], [ 14.94006521032663, 47.696317381877286 ], [ 14.934145135842806, 47.696841957256048 ], [ 14.928273964871892, 47.697574339898331 ], [ 14.922467789885411, 47.698512513687412 ], [ 14.916742525205427, 47.699653896124175 ], [ 14.911113863384463, 47.70099534552643 ], [ 14.905597232193328, 47.702533169785063 ], [ 14.900207752334664, 47.704263136651456 ], [ 14.89496019599814, 47.706180485525984 ], [ 14.889868946370925, 47.708279940713496 ], [ 14.884947958214356, 47.710555726106818 ], [ 14.88021071961492, 47.713001581255973 ], [ 14.875670215014335, 47.71561077877611 ], [ 14.871338889620109, 47.71837614304399 ], [ 14.867228615294069, 47.721290070128823 ], [ 14.863350658012452, 47.724344548899872 ], [ 14.859715646986608, 47.727531183250328 ], [ 14.856333545529097, 47.730841215373289 ], [ 14.853213623744921, 47.734265550023416 ], [ 14.850364433122833, 47.737794779694852 ], [ 14.847793783096282, 47.741419210643642 ], [ 14.845508719638302, 47.745128889680799 ], [ 14.843515505949002, 47.748913631660152 ], [ 14.841819605288563, 47.752763047583159 ], [ 14.840425666002808, 47.756666573241937 ], [ 14.839337508782428, 47.760613498319891 ], [ 14.838558116190729, 47.764592995868647 ], [ 14.83808962448863, 47.768594152079245 ], [ 14.837933317779322, 47.772605996264986 ], [ 14.83808962448863, 47.77661753097275 ], [ 14.838558116190729, 47.780617762140174 ], [ 14.839337508782428, 47.784595729215518 ], [ 14.840425666002808, 47.788540535158049 ], [ 14.841819605288563, 47.792441376237122 ], [ 14.843515505949002, 47.796287571548994 ], [ 14.845508719638302, 47.800068592171513 ], [ 14.847793783096282, 47.803774089878175 ], [ 14.850364433122833, 47.807393925334388 ], [ 14.853213623744921, 47.810918195700388 ], [ 14.856333545529097, 47.814337261567474 ], [ 14.859715646986608, 47.817641773155714 ], [ 14.863350658012452, 47.820822695703939 ], [ 14.867228615294069, 47.823871333984968 ], [ 14.871338889620109, 47.826779355881641 ], [ 14.875670215014335, 47.82953881496173 ], [ 14.88021071961492, 47.832142171992871 ], [ 14.884947958214356, 47.834582315341457 ], [ 14.889868946370925, 47.83685258020229 ], [ 14.89496019599814, 47.838946766609453 ], [ 14.900207752334664, 47.840859156181601 ], [ 14.905597232193328, 47.842584527558678 ], [ 14.911113863384463, 47.844118170490155 ], [ 14.916742525205427, 47.84545589853883 ], [ 14.922467789885411, 47.846594060367515 ], [ 14.928273964871892, 47.847529549579583 ], [ 14.934145135842806, 47.848259813088674 ], [ 14.94006521032663, 47.848782857995694 ], [ 14.946017961810693, 47.849097256955915 ], [ 14.951987074216959, 47.849202152022393 ], [ 14.957956186623219, 47.849097256955915 ], [ 14.963908938107284, 47.848782857995694 ], [ 14.969829012591106, 47.848259813088674 ], [ 14.975700183562022, 47.847529549579583 ], [ 14.981506358548501, 47.846594060367515 ], [ 14.987231623228485, 47.84545589853883 ], [ 14.992860285049451, 47.844118170490155 ], [ 14.998376916240586, 47.842584527558678 ], [ 15.00376639609925, 47.840859156181601 ], [ 15.009013952435774, 47.838946766609453 ], [ 15.014105202062989, 47.83685258020229 ], [ 15.019026190219556, 47.834582315341457 ], [ 15.023763428818992, 47.832142171992871 ], [ 15.028303933419577, 47.82953881496173 ], [ 15.032635258813807, 47.826779355881641 ], [ 15.036745533139843, 47.823871333984968 ], [ 15.04062349042146, 47.820822695703939 ], [ 15.044258501447304, 47.817641773155714 ], [ 15.047640602904815, 47.814337261567474 ], [ 15.050760524688993, 47.810918195700388 ], [ 15.053609715311081, 47.807393925334388 ], [ 15.056180365337633, 47.803774089878175 ], [ 15.058465428795611, 47.800068592171513 ], [ 15.06045864248491, 47.796287571548994 ], [ 15.062154543145351, 47.792441376237122 ], [ 15.063548482431109, 47.788540535158049 ], [ 15.064636639651484, 47.784595729215518 ], [ 15.065416032243187, 47.780617762140174 ], [ 15.065884523945282, 47.77661753097275 ], [ 15.06604083065459, 47.772605996264986 ] ] ] } },
{ "type": "Feature", "properties": { "name": "Göstling an der Ybbs", "feature_type": "mrr", "metric_roundness": 62.84, "metric_rectangularity": 70.43, "metric_mobile_fit": 50.32, "metric_aspect_ratio": 1.059, "metric_area_km2": 318.08 }, "geometry": { "type": "Polygon", "coordinates": [ [ [ 15.081782441731129, 47.773053571472339 ], [ 14.889053409959979, 47.697200450838373 ], [ 14.806626362374528, 47.791916847329979 ], [ 14.999355394145677, 47.867631989208107 ], [ 15.081782441731129, 47.773053571472339 ] ] ] } }
]
}
