category,name,slug,prefix,roundness,rectangularity,mobile_fit
europe_lau,Kočín,kocin,ko,51.82,76.96,11.34
europe_lau,Kornatice,kornatice,ko,43.2,71.34,78.97
europe_lau,Kocbeře,kocbere,ko,56.79,62.45,53.3
europe_lau,Kohoutov,kohoutov,ko,39.74,48.97,69.93
europe_lau,Kosořín,kosorin,ko,55.49,74.94,40.76
europe_lau,Kobylnice,kobylnice,ko,37.23,63.51,7.77
europe_lau,Kovalovice,kovalovice,ko,58.53,79.04,66.84
europe_lau,Königswiesen,konigswiesen,ko,38.52,66.76,70.56
europe_lau,Kojice,kojice,ko,55.69,64.94,57.9
europe_lau,Kostěnice,kostenice,ko,45.17,72.87,96.44
europe_lau,Kostelec nad Orlicí,kostelec_nad_orlici,ko,54.66,63.23,37.94
europe_lau,Kostelecké Horky,kostelecke_horky,ko,62.91,72.44,70.87
europe_lau,Kounov,kounov,ko,54.57,64.36,25.28
europe_lau,Košťálov,kostalov,ko,50.45,54.71,47.83
europe_lau,Kovčín,kovcin,ko,31.7,52.68,21.52
europe_lau,Koclířov,koclirov,ko,43.34,63.36,49.17
europe_lau,Korouhev,korouhev,ko,38.15,51.83,59.23
europe_lau,Koruna,koruna,ko,30.45,48.28,13.92
europe_lau,Komňa,komna,ko,40.7,62.17,85.48
europe_lau,Korytná,korytna,ko,62.54,78.3,45.36
europe_lau,Kostelany nad Moravou,kostelany_nad_moravou,ko,30.42,45.14,94.74
europe_lau,Košíky,kosiky,ko,36.52,70.09,38.17
europe_lau,Kobeřice u Brna,koberice_u_brna,ko,56.71,70.59,53.43
europe_lau,Kojátky,kojatky,ko,49.19,55.35,56.39
europe_lau,Komořany,komorany,ko,28.03,61.49,99.49
europe_lau,Kožušice,kozusice,ko,29.12,69.98,98.8
europe_lau,Kobylí,kobyli,ko,44.29,56.81,29.04
europe_lau,Kostice,kostice,ko,35.38,40.02,48.36
europe_lau,Kostelec,kostelec,ko,50.71,74.2,97.27
europe_lau,Kozojídky,kozojidky,ko,44.91,77.24,29.16
europe_lau,Kostelec,kostelec,ko,45.13,60.74,79.37
europe_lau,Kostelní Myslová,kostelni_myslova,ko,48.68,56.55,37.53
europe_lau,Kozlov,kozlov,ko,58.36,67.36,69.58
europe_lau,Koldín,koldin,ko,43.27,49.57,48.21
europe_lau,Kořenec,korenec,ko,64.08,76.27,28.65
europe_lau,Kotvrdovice,kotvrdovice,ko,41.35,63.38,62.82
europe_lau,Kozárov,kozarov,ko,62.05,77.51,86.26
europe_lau,Kostelany,kostelany,ko,39.03,58.58,83.7
europe_lau,Komárno,komarno,ko,46.18,64.61,31.24
europe_lau,Koryčany,korycany,ko,48.15,63.94,24.54
europe_lau,Kostelec u Holešova,kostelec_u_holesova,ko,34.82,47.99,63.64
europe_lau,Kojatice,kojatice,ko,47.79,58.89,24.43
europe_lau,Kojetice,kojetice,ko,43.3,63.67,93.82
europe_lau,Komárovice,komarovice,ko,21.94,43.52,15.02
europe_lau,Koněšín,konesin,ko,59.04,72.01,54.94
europe_lau,Kostníky,kostniky,ko,28.22,39.49,85.15
europe_lau,Kouty,kouty,ko,55.56,75.02,84.19
europe_lau,Kozlany,kozlany,ko,70.46,74.95,59.84
europe_lau,Kollerschlag,kollerschlag,ko,49,60.55,37.97
europe_lau,Kozlovice,kozlovice,ko,42.62,53.23,60.7
europe_lau,Kojčice,kojcice,ko,56.02,69.25,63.85
europe_lau,Korkyně,korkyne,ko,67.17,74.18,25.5
europe_lau,Komárov,komarov,ko,47.6,66.27,82.31
europe_lau,Koryta,koryta,ko,41.23,67.15,41.39
europe_lau,Kopřivnice,koprivnice,ko,57.94,72.22,36.31
europe_lau,Korolupy,korolupy,ko,47.76,67,41.02
europe_lau,Konice,konice,ko,42.71,60.08,70.65
europe_lau,Kostelec na Hané,kostelec_na_hane,ko,27.42,45.89,16.45
europe_lau,Koválovice-Osíčany,kovalovice_osicany,ko,50.13,66.4,77.32
europe_lau,Kollmoor,kollmoor,ko,52.64,71.64,26.52
europe_lau,Koroužné,korouzne,ko,51.69,66.63,52.85
europe_lau,Kotlasy,kotlasy,ko,36.95,67.24,-18.61
europe_lau,Kozlov,kozlov,ko,52.58,70.6,85.33
europe_lau,Koberg,koberg,ko,62.62,72.33,79.12
europe_lau,Köthel,kothel,ko,33.36,45.55,25.65
europe_lau,Kollow,kollow,ko,51.73,78.08,85.26
europe_lau,Kopfing im Innkreis,kopfing_im_innkreis,ko,55.19,70.26,86.2
europe_lau,Koldenbüttel,koldenbuttel,ko,51.51,58.58,52.88
europe_lau,Kolkerheide,kolkerheide,ko,39.02,67.92,8.45
europe_lau,Kotzenbüll,kotzenbull,ko,56.65,70.76,59.48
europe_lau,Köhn,kohn,ko,46.82,53.7,60.73
europe_lau,Königshügel,konigshugel,ko,30.45,54.28,4.61
europe_lau,Kosel,kosel,ko,55.68,61.98,64.54
europe_lau,Königsdorf,konigsdorf,ko,39.01,63.47,94.32
europe_lau,Kölln-Reisiek,kolln_reisiek,ko,52.12,62.68,23.92
europe_lau,"Königslutter am Elm, Stadt",konigslutter_am_elm_stadt,ko,58.38,63.08,74.47
europe_lau,"Königslutter, gemfr. Gebiet",konigslutter_gemfr_gebiet,ko,50.5,65.05,78.51
europe_lau,Kollmar,kollmar,ko,53.92,67.37,12.85
europe_lau,Köthel,kothel,ko,43.22,67.53,85.47
europe_lau,Königsmoor,konigsmoor,ko,23.13,63.8,-53.38
europe_lau,"Korschenbroich, Stadt",korschenbroich_stadt,ko,45.81,55.36,56.37
europe_lau,"Köln, Stadt",koln_stadt,ko,42.3,60.49,60.1
europe_lau,"Königswinter, Stadt",konigswinter_stadt,ko,46.07,58.7,7.6
europe_lau,"Königstein im Taunus, Stadt",konigstein_im_taunus_stadt,ko,42.03,51.59,63.08
europe_lau,Körle,korle,ko,35.69,57.22,-47.43
europe_lau,"Korbach, Hansestadt, Kreisstadt",korbach_hansestadt_kreisstadt,ko,55.05,62.43,37.52
europe_lau,"Koblenz, Stadt",koblenz_stadt,ko,58.06,63.68,52.58
europe_lau,Kottenborn,kottenborn,ko,47.54,71.55,60.49
europe_lau,Köstendorf,kostendorf,ko,37.67,58.83,56.1
europe_lau,Koppl,koppl,ko,39.11,51.15,9.3
europe_lau,Kollig,kollig,ko,45.72,70.05,52.16
europe_lau,Kottenheim,kottenheim,ko,46.43,68.96,42.5
europe_lau,Kobern-Gondorf,kobern_gondorf,ko,32.96,50.58,67.67
europe_lau,Korweiler,korweiler,ko,39.66,67.8,92.7
europe_lau,Königsau,konigsau,ko,55.44,84.29,15.35
europe_lau,Kördorf,kordorf,ko,47.25,68.12,43.78
europe_lau,Kölbingen,kolbingen,ko,62.14,70.49,71.83
europe_lau,Körperich,korperich,ko,31.7,63.07,73.2
europe_lau,Koxhausen,koxhausen,ko,49.22,62.05,29.38
europe_lau,Kobenz,kobenz,ko,39.29,51.64,89.1
europe_lau,Kötterichen,kotterichen,ko,47.78,67.05,22.42
europe_lau,Kolverath,kolverath,ko,33.77,77.05,-33.58
europe_lau,Kopp,kopp,ko,48.64,69.92,84.81
europe_lau,Köwerich,kowerich,ko,48.58,80.63,16.22
europe_lau,"Konz, Stadt",konz_stadt,ko,42.14,47.21,45.2
europe_lau,Kordel,kordel,ko,35.16,46.81,65.58
europe_lau,Korlingen,korlingen,ko,47.26,65.05,73.87
europe_lau,"Kornwestheim, Stadt",kornwestheim_stadt,ko,63.56,69.25,21.23
europe_lau,"Korntal-Münchingen, Stadt",korntal_munchingen_stadt,ko,51.05,63.43,22.34
europe_lau,Kollweiler,kollweiler,ko,56.56,81.06,54.68
europe_lau,Kottweiler-Schwanden,kottweiler_schwanden,ko,51.89,74.27,22.2
europe_lau,Köflach,koflach,ko,21.66,41.61,89.04
europe_lau,Körborn,korborn,ko,32.71,45.79,61.61
europe_lau,Konken,konken,ko,48.93,67.58,-11.8
europe_lau,Korb,korb,ko,51.92,57.02,68.18
europe_lau,Köngernheim,kongernheim,ko,47.9,72.06,-33.5
europe_lau,Köngen,kongen,ko,35.52,62.65,2.49
europe_lau,Kohlberg,kohlberg,ko,66.87,69.6,26.16
europe_lau,Königsbach-Stein,konigsbach_stein,ko,55.97,70.69,29.37
europe_lau,Kobersdorf,kobersdorf,ko,36.39,50.93,90.45
europe_lau,Königsfeld im Schwarzwald,konigsfeld_im_schwarzwald,ko,41.86,57.16,6.73
europe_lau,Königsheim,konigsheim,ko,36.05,56.11,-15.21
europe_lau,Kolbingen,kolbingen,ko,33.56,59.61,41.51
europe_lau,"Konstanz, Universitätsstadt",konstanz_universitatsstadt,ko,38.22,63.67,74.66
europe_lau,Königheim,konigheim,ko,59.3,72.05,75.83
europe_lau,Königsbronn,konigsbronn,ko,44.27,61.75,36.8
europe_lau,Kollnburg,kollnburg,ko,58.18,71.14,44.25
europe_lau,Konzell,konzell,ko,47.54,68.13,91.05
europe_lau,Kolsass,kolsass,ko,38.29,56.61,24.84
europe_lau,Kolsassberg,kolsassberg,ko,32.24,70.67,98.73
europe_lau,Königseggwald,konigseggwald,ko,48.54,73.94,16.94
europe_lau,Kochel a.See,kochel_a_see,ko,33.99,54.67,68.73
europe_lau,Königsdorf,konigsdorf,ko,58.84,70.12,54.2
europe_lau,"Kösching, M",kosching_m,ko,39.38,61.52,99.19
europe_lau,Kottgeisering,kottgeisering,ko,72.63,79.42,51.27
europe_lau,"Kößlarn, M",kosslarn_m,ko,55.82,71.28,54.49
europe_lau,"Kohlberg, M",kohlberg_m,ko,44.02,57.63,34.93
europe_lau,Königsmoos,konigsmoos,ko,23.69,52.16,81.01
europe_lau,Kössen,kossen,ko,32.05,43.14,13.88
europe_lau,"Kolbermoor, St",kolbermoor_st,ko,53.02,58.4,52.5
europe_lau,Königsfeld,konigsfeld,ko,46.21,59.65,86.96
europe_lau,Κοινότητα Νέας Απολλωνίας,koinoteta_neas_apollonias,ko,55.59,74.46,64.39
europe_lau,Κοινότητα Μελισσουργού,koinoteta_melissourgou,ko,54.72,66.98,10.61
europe_lau,Κοινότητα Νικομηδινού,koinoteta_nikomedinou,ko,59.81,87.45,71.33
europe_lau,Κοινότητα Περιστερώνας,koinoteta_peristeronas,ko,45.52,62.55,38.5
europe_lau,Κοινότητα Στίβου,koinoteta_stibou,ko,57.22,70.42,69.02
europe_lau,Κοινότητα Αρέθουσας,koinoteta_arethousas,ko,49.17,78.05,0.95
europe_lau,Κοινότητα Μαυρούδας,koinoteta_mauroudas,ko,57.48,65.74,78.21
europe_lau,Κοινότητα Σκεπαστού,koinoteta_skepastou,ko,45.75,68.24,89.03
europe_lau,Κοινότητα Στεφανινών,koinoteta_stephaninon,ko,28.34,59.11,-64.74
europe_lau,Κοινότητα Φιλαδελφίου,koinoteta_philadelphiou,ko,63.25,67.77,62.88
europe_lau,Κοινότητα Προφήτου,koinoteta_prophetou,ko,23.68,34.8,28.87
europe_lau,Κοινότητα Ευαγγελισμού,koinoteta_euangelismou,ko,49.89,65.08,68.4
europe_lau,Κοινότητα Νυμφοπέτρας,koinoteta_nymphopetras,ko,48.02,66.63,2.1
europe_lau,Κοινότητα Σχολαρίου,koinoteta_scholariou,ko,51.86,57.37,58.56
europe_lau,Κοινότητα Νέας Μαδύτου,koinoteta_neas_madytou,ko,48.24,64.99,30.1
europe_lau,Κοινότητα Απολλωνίας,koinoteta_apollonias,ko,52.52,69.73,61.39
europe_lau,Κοινότητα Μοδίου,koinoteta_modiou,ko,32.53,59.81,45.32
europe_lau,Κοινότητα Σίνδου,koinoteta_sindou,ko,47.68,57.01,75.76
europe_lau,Κοινότητα Διαβατών,koinoteta_diabaton,ko,46.99,60.14,89.72
europe_lau,Κοινότητα Καλοχωρίου,koinoteta_kalochoriou,ko,50.51,58.12,62.56
europe_lau,Κοινότητα Νέας Μαγνησίας,koinoteta_neas_magnesias,ko,28.69,62.84,96.61
europe_lau,Κοινότητα Κυμίνων,koinoteta_kyminon,ko,33.11,39.57,69.14
europe_lau,Κοινότητα Βραχιάς,koinoteta_brachias,ko,48.4,57.4,71.11
europe_lau,Κοινότητα Νέων Μαλγάρων,koinoteta_neon_malgaron,ko,29.13,53.13,98.26
europe_lau,Κοινότητα Χαλάστρας,koinoteta_chalastras,ko,28.22,38.22,35.65
europe_lau,Κοινότητα Ανατολικού,koinoteta_anatolikou,ko,60.25,69.61,46.61
europe_lau,Κοινότητα Περαίας,koinoteta_peraias,ko,27.93,58.01,82.5
europe_lau,Κοινότητα Αγίας Τριάδος,koinoteta_agias_triados,ko,43.22,70.2,-3.23
europe_lau,Κοινότητα Νέων Επιβατών,koinoteta_neon_epibaton,ko,40.1,60.72,99.26
europe_lau,Κοινότητα Επανομής,koinoteta_epanomes,ko,27.07,44.29,55.81
europe_lau,Κοινότητα Μεσημερίου,koinoteta_mesemeriou,ko,27.5,62.49,78.99
europe_lau,Κοινότητα Νέας Μηχανιώνας,koinoteta_neas_mechanionas,ko,29.11,44.03,70.38
europe_lau,Κοινότητα Αγγελοχωρίου,koinoteta_angelochoriou,ko,51.74,75.79,55.83
europe_lau,Κοινότητα Ν.Κερασιάς,koinoteta_n_kerasias,ko,45.31,70.73,34.65
europe_lau,Κοινότητα Θέρμης,koinoteta_thermes,ko,39.37,57.51,-2.81
europe_lau,Κοινότητα Νέας Ραιδεστού,koinoteta_neas_raidestou,ko,35.93,58.23,65.97
europe_lau,Κοινότητα Νέου Ρυσίου,koinoteta_neou_rysiou,ko,50.71,59.88,50.59
europe_lau,Κοινότητα Ταγαράδων,koinoteta_tagaradon,ko,29.82,58.19,95.61
europe_lau,Κοινότητα Βασιλικών,koinoteta_basilikon,ko,36.66,53.42,75.59
europe_lau,Κοινότητα Αγίας Παρασκευής,koinoteta_agias_paraskeues,ko,59.05,75.61,69.7
europe_lau,Κοινότητα Αγίου Αντωνίου,koinoteta_agiou_antoniou,ko,44.86,61.5,60.11
europe_lau,Κοινότητα Λιβαδίου,koinoteta_libadiou,ko,49.37,56.53,77.09
europe_lau,Κοινότητα Περιστεράς,koinoteta_peristeras,ko,43.11,68.34,56.27
europe_lau,Κοινότητα Σουρωτής,koinoteta_sourotes,ko,44.65,72.89,97.26
europe_lau,Κοινότητα Τριλόφου,koinoteta_trilophou,ko,27.31,47.18,97.96
europe_lau,Κοινότητα Καρδίας,koinoteta_kardias,ko,18.4,45.77,81.52
europe_lau,Κοινότητα Κάτω Σχολαρίου,koinoteta_kato_scholariou,ko,31.92,50.41,95
europe_lau,Κοινότητα Πλαγιαρίου,koinoteta_plagiariou,ko,37.71,71.13,88.77
europe_lau,Κοινότητα Ευόσμου,koinoteta_euosmou,ko,52.16,60.99,73.51
europe_lau,Κοινότητα Ελευθερίου - Κορδελιού,koinoteta_eleutheriou_kordeliou,ko,45.99,67.4,-11.06
europe_lau,Κοινότητα Λαγκαδά,koinoteta_lankada,ko,20.7,44.07,85.28
europe_lau,Κοινότητα Αναλήψεως,koinoteta_analepseos,ko,46.76,67.33,79.87
europe_lau,Κοινότητα Ηρακλείου,koinoteta_erakleiou,ko,61.33,74.59,75.52
europe_lau,Κοινότητα Καβαλλαρίου,koinoteta_kaballariou,ko,63.68,66.33,48.97
europe_lau,Κοινότητα Κολχικού,koinoteta_kolchikou,ko,43.22,74.99,93.11
europe_lau,Κοινότητα Λαγυνών,koinoteta_lagynon,ko,52.7,68.17,47.47
europe_lau,Κοινότητα Περιβολακίου,koinoteta_peribolakiou,ko,57.3,67.75,66.7
europe_lau,Κοινότητα Χρυσαυγής,koinoteta_chrysauges,ko,72.51,72.15,57.77
europe_lau,Κοινότητα Ασσήρου,koinoteta_asserou,ko,40.94,52.92,90.11
europe_lau,Κοινότητα Κριθίας,koinoteta_krithias,ko,76.31,72.85,55.46
europe_lau,Kodersdorf,kodersdorf,ko,52.81,61.78,65.79
europe_lau,Königshain,konigshain,ko,71.28,73.45,57.58
europe_lau,Kottmar,kottmar,ko,37.03,51.78,86.52
europe_lau,"Königsbrunn, St",konigsbrunn_st,ko,45.39,70.46,99.23
europe_lau,Koblentz,koblentz,ko,71.22,67.45,57.69
europe_lau,Korswandt,korswandt,ko,31.29,50.07,-9.63
europe_lau,Koserow,koserow,ko,30.53,60.16,45.09
europe_lau,Κοινότητα Όσσης,koinoteta_osses,ko,50.24,65.59,34.35
europe_lau,Κοινότητα Βερτίσκου,koinoteta_bertiskou,ko,45.38,64.63,89.9
europe_lau,Κοινότητα Εξαλόφου,koinoteta_exalophou,ko,45.08,61.91,18.27
europe_lau,Κοινότητα Λοφίσκου,koinoteta_lophiskou,ko,50.47,65.89,32.94
europe_lau,Κοινότητα Ζαγκλιβερίου,koinoteta_zankliberiou,ko,35.98,51.42,17.35
europe_lau,Κοινότητα Αδάμ,koinoteta_adam,ko,49.93,58.34,23.25
europe_lau,Κοινότητα Νέων Καλινδοίων,koinoteta_neon_kalindoion,ko,58.4,60.11,59.61
europe_lau,Κοινότητα Πετροκεράσων,koinoteta_petrokerason,ko,46.58,61.61,64.93
europe_lau,Κοινότητα Σαρακήνας,koinoteta_sarakenas,ko,55.1,69.63,69.3
europe_lau,Κοινότητα Γερακαρούς,koinoteta_gerakarous,ko,42.25,66.88,99.82
europe_lau,Κοινότητα Αγίου Βασιλείου,koinoteta_agiou_basileiou,ko,53.53,72.29,19.99
europe_lau,Κοινότητα Αρδαμερίου,koinoteta_ardameriou,ko,65.99,73,56.41
europe_lau,Κοινότητα Βασιλουδίου,koinoteta_basiloudiou,ko,51.67,79.25,93.4
europe_lau,Κοινότητα Λαγκαδικίων,koinoteta_lankadikion,ko,27.62,45.2,83.38
europe_lau,Κοινότητα Ξυλοπόλεως,koinoteta_xylopoleos,ko,62.47,70.72,50.03
europe_lau,Κοινότητα Καρτερών,koinoteta_karteron,ko,47.9,54.03,60.6
europe_lau,Κοινότητα Λαχανά,koinoteta_lachana,ko,68.26,67.45,59.27
europe_lau,Κοινότητα Νικοπόλεως,koinoteta_nikopoleos,ko,51.4,76.18,5.89
europe_lau,Κοινότητα Σοχού,koinoteta_sochou,ko,36.41,52.62,79.5
europe_lau,Κοινότητα Ασκού,koinoteta_askou,ko,45.18,53.5,56.74
europe_lau,"Königstein, M",konigstein_m,ko,36.4,52.88,25.57
europe_lau,Koekelberg,koekelberg,ko,30.34,48.8,-22.41
europe_lau,Κοινότητα Κρυονερίου,koinoteta_kryoneriou,ko,49.72,62.71,87.14
europe_lau,Κοινότητα Συκεών,koinoteta_sykeon,ko,28.59,53.84,-65.09
europe_lau,Κοινότητα Αγίου Παύλου,koinoteta_agiou_paulou,ko,51.21,65.81,39.25
europe_lau,Κοινότητα Νεαπόλεως,koinoteta_neapoleos,ko,38.43,54.37,-14.66
europe_lau,Κοινότητα Πεύκων,koinoteta_peukon,ko,44.6,75.77,42.31
europe_lau,Κοινότητα Σταυρουπόλεως,koinoteta_stauroupoleos,ko,33.71,57.86,92.71
europe_lau,Κοινότητα Ευκαρπίας,koinoteta_eukarpias,ko,50.6,63.66,53.75
europe_lau,Κοινότητα Πολίχνης,koinoteta_polichnes,ko,44.84,53.91,43.81
europe_lau,Κοινότητα Πανοράματος,koinoteta_panoramatos,ko,54.36,74.81,76.87
europe_lau,Κοινότητα Πυλαίας,koinoteta_pylaias,ko,27.09,52.31,93.01
europe_lau,Κοινότητα Ασβεστοχωρίου,koinoteta_asbestochoriou,ko,42.08,59.35,-7.73
europe_lau,Κοινότητα Εξοχής,koinoteta_exoches,ko,51.92,80.5,13.27
europe_lau,Κοινότητα Φιλύρου,koinoteta_philyrou,ko,50.64,72.08,75.39
europe_lau,Κοινότητα Χορτιάτη,koinoteta_chortiate,ko,45.57,53.26,85.18
europe_lau,Κοινότητα Κουφαλίων,koinoteta_kouphalion,ko,42.23,50.58,42.94
europe_lau,Κοινότητα Προχώματος,koinoteta_prochomatos,ko,32.29,66.91,86.96
europe_lau,Κοινότητα Αγίου Αθανασίου,koinoteta_agiou_athanasiou,ko,46.15,66.34,88.24
europe_lau,Κοινότητα Αγχιάλου,koinoteta_anchialou,ko,47.37,67.41,44.13
europe_lau,Κοινότητα Βαθυλάκκου,koinoteta_bathylakkou,ko,46.44,55.24,26.13
europe_lau,Κοινότητα Γεφύρας,koinoteta_gephyras,ko,44.58,61.89,87.96
europe_lau,Κοινότητα Νέας Μεσημβρίας,koinoteta_neas_mesembrias,ko,47.37,72.43,87.59
europe_lau,Κοινότητα Ξηροχωρίου,koinoteta_xerochoriou,ko,57.52,78.58,85.9
europe_lau,Κοινότητα Χαλκηδόνος,koinoteta_chalkedonos,ko,67.67,79.21,20.11
europe_lau,Κοινότητα Αδένδρου,koinoteta_adendrou,ko,52.48,57.95,61.27
europe_lau,Κοινότητα Βαλτοχωρίου,koinoteta_baltochoriou,ko,52.7,64.94,28.1
europe_lau,Κοινότητα Ελεούσης,koinoteta_eleouses,ko,48.5,72.15,64.27
europe_lau,Κοινότητα Μικρού Μοναστηρίου,koinoteta_mikrou_monasteriou,ko,55.73,64.4,19.18
europe_lau,Κοινότητα Παρθενίου,koinoteta_partheniou,ko,65.7,71.39,22.14
europe_lau,Κοινότητα Ωραιοκάστρου,koinoteta_oraiokastrou,ko,58.34,71.41,80.26
europe_lau,Κοινότητα Πενταλόφου,koinoteta_pentalophou,ko,58.09,70.5,35.42
europe_lau,Κοινότητα Μεσαίου,koinoteta_mesaiou,ko,61.38,70.4,56.31
europe_lau,Κοινότητα Νέας Φιλαδελφείας,koinoteta_neas_philadelpheias,ko,49.73,60.76,72.96
europe_lau,Κοινότητα Λητής,koinoteta_letes,ko,48.31,66.07,73.05
europe_lau,Κοινότητα Δρυμού,koinoteta_drymou,ko,35,53.08,48.33
europe_lau,Κοινότητα Μελισσοχωρίου,koinoteta_melissochoriou,ko,40.26,58.66,74.48
europe_lau,Κοινότητα Βέροιας,koinoteta_beroias,ko,38.03,46.37,40.15
europe_lau,Κοινότητα Αγίας Βαρβάρας,koinoteta_agias_barbaras,ko,38.49,54.7,36.69
europe_lau,Κοινότητα Άμμος,koinoteta_ammos,ko,45.82,64.55,86.51
europe_lau,Κοινότητα Ασώματα,koinoteta_asomata,ko,35.37,54.16,98.95
europe_lau,Κοινότητα Γεωργιανών,koinoteta_georgianon,ko,57.84,67.23,67.13
europe_lau,"Königstein/Sächs. Schw., Stadt",konigstein_sachs_schw_stadt,ko,41.17,55.87,12.8
europe_lau,Kötz,kotz,ko,41.16,62.64,-28.21
europe_lau,Κοινότητα Καστανέας,koinoteta_kastaneas,ko,67.48,69.75,66.84
europe_lau,Κοινότητα Κάτω Βερμίου,koinoteta_kato_bermiou,ko,52.51,60.62,62.71
europe_lau,Κοινότητα Κουμαριάς,koinoteta_koumarias,ko,46.27,59.32,9.91
europe_lau,Κοινότητα Προφήτης Ηλίας,koinoteta_prophetes_elias,ko,27.93,68.45,98.61
europe_lau,Κοινότητα Ράχης,koinoteta_raches,ko,55,69.92,89.42
europe_lau,Κοινότητα Τριποτάμου,koinoteta_tripotamou,ko,36.05,51.77,95.97
europe_lau,Kötschach-Mauthen,kotschach_mauthen,ko,52.4,75.44,60.39
europe_lau,Κοινότητα Μακροχωρίου,koinoteta_makrochoriou,ko,22.95,47.66,93.03
europe_lau,Κοινότητα Διαβατού,koinoteta_diabatou,ko,34.84,59.58,20.63
europe_lau,Κοινότητα Κουλούρας,koinoteta_koulouras,ko,55.41,66.9,82.19
europe_lau,Κοινότητα Λυκόγιαννης,koinoteta_lykogiannes,ko,29.17,58.37,98.75
europe_lau,Κοινότητα Νέας Νικομηδείας,koinoteta_neas_nikomedeias,ko,27.25,54.71,96.42
europe_lau,Κοινότητα Βεργίνης,koinoteta_bergines,ko,40.77,52.24,86.13
europe_lau,Κοινότητα Μετόχιο Προδρόμου,koinoteta_metochio_prodromou,ko,56.42,64.95,68.56
europe_lau,Κοινότητα Παλατιτσίων,koinoteta_palatitsion,ko,41.67,65.82,85.91
europe_lau,Κοινότητα Συκέας,koinoteta_sykeas,ko,49,69.03,61.23
europe_lau,Κοινότητα Αγίου Γεωργίου,koinoteta_agiou_georgiou,ko,21.15,38.22,12.35
europe_lau,Κοινότητα Αγίας Μαρίνης,koinoteta_agias_marines,ko,21.09,48.87,14.72
europe_lau,Κοινότητα Πατρίδος,koinoteta_patridos,ko,30.52,50.64,65.62
europe_lau,Κοινότητα Τριλόφου,koinoteta_trilophou,ko,55.02,67.11,88.14
europe_lau,Κοινότητα Φυτείας,koinoteta_phyteias,ko,48.64,56.89,24.28
europe_lau,Κοινότητα Ριζωμάτων,koinoteta_rizomaton,ko,44.66,54.32,39.23
europe_lau,Κοινότητα Δασκίου,koinoteta_daskiou,ko,60.67,64.42,53.37
europe_lau,Κοινότητα Πολυδένδρου,koinoteta_polydendrou,ko,56.94,66.38,50.46
europe_lau,Κοινότητα Σφηκιάς,koinoteta_sphekias,ko,38.87,54.62,15.2
europe_lau,Κοινότητα Αλεξανδρείας,koinoteta_alexandreias,ko,28.47,42.35,98.81
europe_lau,Κοινότητα Βρυσακίου,koinoteta_brysakiou,ko,48.64,61.97,40.27
europe_lau,Κοινότητα Καμποχωρίου,koinoteta_kampochoriou,ko,26.71,66.18,45.75
europe_lau,Κοινότητα Λουτρού,koinoteta_loutrou,ko,43.71,57.08,40.22
europe_lau,Κοινότητα Νεοχωρίου,koinoteta_neochoriou,ko,61.53,81.21,77.46
europe_lau,Κοινότητα Νησίου,koinoteta_nesiou,ko,47.44,60.36,81.42
europe_lau,Κοινότητα Καβασίλων,koinoteta_kabasilon,ko,43.47,54.25,74.85
europe_lau,Κοινότητα Επισκοπής,koinoteta_episkopes,ko,35.72,65.57,75.95
europe_lau,Κοινότητα Κεφαλοχωρίου,koinoteta_kephalochoriou,ko,53.04,75.48,51.29
europe_lau,Κοινότητα Ξεχασμένης,koinoteta_xechasmenes,ko,54.38,64.7,77.25
europe_lau,Κοινότητα Παλαιού Σκυλλιτσίου,koinoteta_palaiou_skyllitsiou,ko,52.16,70.46,83.72
europe_lau,Κοινότητα Σταυρού,koinoteta_staurou,ko,28.94,67.39,79.65
europe_lau,Κοινότητα Μελίκης,koinoteta_melikes,ko,44.61,54.92,77.05
europe_lau,Κοινότητα Αγκαθιάς,koinoteta_ankathias,ko,36.3,57.03,88.37
europe_lau,Κοινότητα Κυψέλης,koinoteta_kypseles,ko,39.07,54.77,98.41
europe_lau,Κοινότητα Νεοκάστρου,koinoteta_neokastrou,ko,20.52,57.95,76.8
europe_lau,Κοινότητα Προδρόμου,koinoteta_prodromou,ko,37.65,44.34,52.42
europe_lau,Κοινότητα Πλατέος,koinoteta_plateos,ko,47.95,65.17,71.8
europe_lau,Κοινότητα Αράχου,koinoteta_arachou,ko,47.71,66.42,48.13
europe_lau,Κοινότητα Κλειδίου,koinoteta_kleidiou,ko,35.06,56.92,90.08
europe_lau,Κοινότητα Κορυφής,koinoteta_koryphes,ko,48.43,62.29,6.39
europe_lau,Κοινότητα Λιανοβεργίου,koinoteta_lianobergiou,ko,42.62,49.77,31.29
europe_lau,Κοινότητα Πλατάνου,koinoteta_platanou,ko,56.55,80.65,97.24
europe_lau,Κοινότητα Πρασινάδας,koinoteta_prasinadas,ko,34.24,56.64,53.3
europe_lau,Κοινότητα Τρικάλων,koinoteta_trikalon,ko,45.3,69.57,46.38
europe_lau,Κοινότητα Νάουσας,koinoteta_naousas,ko,45.27,49.41,44.12
europe_lau,Κοινότητα Αρκοχωρίου,koinoteta_arkochoriou,ko,55.56,67.37,61.56
europe_lau,Κοινότητα Γιαννακοχωρίου,koinoteta_giannakochoriou,ko,21.88,47.95,-72.54
europe_lau,Κοινότητα Ροδοχωρίου,koinoteta_rodochoriou,ko,28.17,71.18,-45
europe_lau,Κοινότητα Στενημάχου,koinoteta_stenemachou,ko,64.61,74.15,64.14
europe_lau,Κοινότητα Κοπανού,koinoteta_kopanou,ko,72.04,73.74,54.37
europe_lau,Κοινότητα Επισκοπής Νάουσας,koinoteta_episkopes_naousas,ko,52.42,72.28,61.41
europe_lau,Κοινότητα Λευκαδίων,koinoteta_leukadion,ko,52.69,60.49,55.09
europe_lau,Κοινότητα Μαρίνης,koinoteta_marines,ko,39,69.37,67.63
europe_lau,Κοινότητα Χαριέσσης,koinoteta_chariesses,ko,67.09,81.25,44.69
europe_lau,Κοινότητα Αγγελοχωρίου,koinoteta_angelochoriou,ko,63.99,73.5,49.87
europe_lau,"Köthen (Anhalt), Stadt",kothen_anhalt_stadt,ko,35.21,46.87,31.56
europe_lau,"Kölleda, Stadt",kolleda_stadt,ko,38.66,56.83,66.25
europe_lau,Κοινότητα Ζερβοχωρίου,koinoteta_zerbochoriou,ko,29.72,43.24,2.53
europe_lau,Κοινότητα Πολυπλατάνου,koinoteta_polyplatanou,ko,40.38,56.4,-1.28
europe_lau,Κοινότητα Κιλκίς,koinoteta_kilkis,ko,44.73,58.28,61.77
europe_lau,Κοινότητα Βαπτιστού,koinoteta_baptistou,ko,38.51,55.26,48.52
europe_lau,Κοινότητα Καστανεών,koinoteta_kastaneon,ko,62.97,66.97,61.19
europe_lau,Κοινότητα Κρηστώνης,koinoteta_krestones,ko,40.65,58.25,26.43
europe_lau,Κοινότητα Λειψυδρίου,koinoteta_leipsydriou,ko,39.29,45.72,43.55
europe_lau,Κοινότητα Μεγάλης Βρύσης,koinoteta_megales_bryses,ko,37.24,72.31,71.27
europe_lau,Κοινότητα Μελανθίου,koinoteta_melanthiou,ko,43.8,71.03,37.97
europe_lau,Κοινότητα Μεσιανού,koinoteta_mesianou,ko,44.18,75.71,-28.05
europe_lau,Κοινότητα Σταυροχωρίου,koinoteta_staurochoriou,ko,56.5,64.53,78.2
europe_lau,Κοινότητα Χωρυγίου,koinoteta_chorygiou,ko,60.58,68.47,64.79
europe_lau,Κοινότητα Καμπάνη,koinoteta_kampane,ko,45.76,70.92,85.69
europe_lau,Κοινότητα Γαλλικού,koinoteta_gallikou,ko,33.6,51.72,84.3
europe_lau,Κοινότητα Μανδρών,koinoteta_mandron,ko,40.73,53.82,47.38
europe_lau,Κοινότητα Νέας Σάντας,koinoteta_neas_santas,ko,49.52,68.23,-2.6
europe_lau,Κοινότητα Πεδινού,koinoteta_pedinou,ko,54.56,66.47,84.68
europe_lau,Κοινότητα Χρυσοπέτρας,koinoteta_chrysopetras,ko,52.44,69.53,67.2
europe_lau,Κοινότητα Δροσάτου,koinoteta_drosatou,ko,37.97,57.48,35.95
europe_lau,Κοινότητα Ακρίτας,koinoteta_akritas,ko,33.96,43.03,7.89
europe_lau,Κοινότητα Αμαράντων,koinoteta_amaranton,ko,45.19,76.69,22.33
europe_lau,Κοινότητα Τερπύλλου,koinoteta_terpyllou,ko,53.26,65.13,80.66
europe_lau,Κοινότητα Αγίου Μάρκου,koinoteta_agiou_markou,ko,55.65,70.78,7.84
europe_lau,Κοινότητα Αναβρυτού,koinoteta_anabrytou,ko,37.71,62.51,-40.46
europe_lau,Κοινότητα Αντιγονείας,koinoteta_antigoneias,ko,28.92,53.4,89.97
europe_lau,Κοινότητα Βάθης,koinoteta_bathes,ko,32.94,58.28,90.63
europe_lau,Κοινότητα Γερακαρίου,koinoteta_gerakariou,ko,35.7,72.22,86.47
europe_lau,Κοινότητα Ελληνικού,koinoteta_ellenikou,ko,35.68,55.21,61.16
europe_lau,Κοινότητα Επταλόφου,koinoteta_eptalophou,ko,45.78,60.36,31.64
europe_lau,Κοινότητα Ευκαρπίας,koinoteta_eukarpias,ko,59.88,61.08,41.01
europe_lau,Κοινότητα Θεοδοσίων,koinoteta_theodosion,ko,56.89,74.07,39.74
europe_lau,Κοινότητα Ισώματος,koinoteta_isomatos,ko,55.84,79.11,41.91
europe_lau,Κοινότητα Κάτω Θεοδωρακίου,koinoteta_kato_theodorakiou,ko,55.02,63.99,80.94
europe_lau,Κοινότητα Κεντρικού,koinoteta_kentrikou,ko,43.82,66.45,47.83
europe_lau,Κοινότητα Κοιλαδίου,koinoteta_koiladiou,ko,50.33,68.49,92.34
europe_lau,Κοινότητα Κοκκινιάς,koinoteta_kokkinias,ko,39.27,55.53,23.47
europe_lau,Κοινότητα Κορωνούδας,koinoteta_koronoudas,ko,68.71,75.27,73.1
europe_lau,Κοινότητα Ποντοκερασέας,koinoteta_pontokeraseas,ko,42.04,64.29,-15.02
europe_lau,Κοινότητα Τριποτάμου,koinoteta_tripotamou,ko,19.93,41.18,97.22
europe_lau,Κοινότητα Φύσκας,koinoteta_physkas,ko,36.04,58.33,19.26
europe_lau,Κοινότητα Σταθμού Μουριών,koinoteta_stathmou_mourion,ko,34.16,61.19,92.69
europe_lau,Κοινότητα Αγίας Παρασκευής,koinoteta_agias_paraskeues,ko,24.98,65.81,75.16
europe_lau,Κοινότητα Μουριών,koinoteta_mourion,ko,32.95,73.02,79.76
europe_lau,Κοινότητα Μυριοφύτου,koinoteta_myriophytou,ko,45.8,61.73,1.35
europe_lau,Κοινότητα Μικροκάμπου,koinoteta_mikrokampou,ko,56.61,74.44,71.93
europe_lau,Κοινότητα Ανθοφύτου,koinoteta_anthophytou,ko,47.43,68.03,86.2
europe_lau,Κοινότητα Μαυρονερίου,koinoteta_mauroneriou,ko,51.5,58.99,70.21
europe_lau,Κοινότητα Νέου Αγιονερίου,koinoteta_neou_agioneriou,ko,51.41,67.23,90.13
europe_lau,Κοινότητα Νέου Γυναικοκάστρου,koinoteta_neou_gynaikokastrou,ko,52.55,67.48,23.22
europe_lau,Κοινότητα Παλαιού Αγιονερίου,koinoteta_palaiou_agioneriou,ko,28.96,67.1,81.49
europe_lau,Κοινότητα Χέρσου,koinoteta_chersou,ko,48.25,67.24,86.08
europe_lau,Κοινότητα Ηλιόλουστου,koinoteta_elioloustou,ko,55.89,63.57,54.77
europe_lau,Κοινότητα Μεγάλης Στέρνας,koinoteta_megales_sternas,ko,54.53,60.24,63.43
europe_lau,Κοινότητα Πλαγιάς,koinoteta_plagias,ko,58.82,82.85,96.6
europe_lau,Κοινότητα Πολυκάστρου,koinoteta_polykastrou,ko,54.47,61.28,64.31
europe_lau,Κοινότητα Αξιοχωρίου,koinoteta_axiochoriou,ko,47.32,67.04,-14.29
europe_lau,Κοινότητα Άσπρου,koinoteta_asprou,ko,59.38,72.76,77.47
europe_lau,Κοινότητα Βαφιοχωρίου,koinoteta_baphiochoriou,ko,30.07,54.86,88.68
europe_lau,Κοινότητα Ειρηνικού,koinoteta_eirenikou,ko,50.42,70.7,22.91
europe_lau,Κοινότητα Ευζώνων,koinoteta_euzonon,ko,36,39.58,45.11
europe_lau,"Königsee, Stadt",konigsee_stadt,ko,45.28,50.14,56.61
europe_lau,Κοινότητα Κορώνας,koinoteta_koronas,ko,49.78,68.7,74.25
europe_lau,Κοινότητα Λιμνοτόπου,koinoteta_limnotopou,ko,35.43,56.75,42.64
europe_lau,Κοινότητα Μικρού Δάσους,koinoteta_mikrou_dasous,ko,39.12,55.6,50.59
europe_lau,Κοινότητα Πευκοδάσους,koinoteta_peukodasous,ko,46.33,56.02,34.23
europe_lau,Κοινότητα Ποντοηρακλείας,koinoteta_pontoerakleias,ko,42.87,75.85,92.69
europe_lau,Κοινότητα Αξιουπόλεως,koinoteta_axioupoleos,ko,27.45,46.39,62.25
europe_lau,Κοινότητα Γοργόπης,koinoteta_gorgopes,ko,35.21,57.54,-10.91
europe_lau,Κοινότητα Ειδομένης,koinoteta_eidomenes,ko,23.93,64.95,-124.59
europe_lau,Κοινότητα Πλαγιών,koinoteta_plagion,ko,31.42,48.57,77.43
europe_lau,Κοινότητα Ρυζιών,koinoteta_ryzion,ko,48.56,62.87,82.01
europe_lau,Κοινότητα Σκρα,koinoteta_skra,ko,55.11,71.06,81.86
europe_lau,Κοινότητα Φανού,koinoteta_phanou,ko,60.29,70.15,66.61
europe_lau,Κοινότητα Γουμένισσας,koinoteta_goumenissas,ko,38.36,53.39,64.22
europe_lau,Κοινότητα Γρίβας,koinoteta_gribas,ko,47.18,66.95,-8.52
europe_lau,Κοινότητα Κάρπης,koinoteta_karpes,ko,39.95,57.14,2.41
europe_lau,Κοινότητα Καστανερής,koinoteta_kastaneres,ko,29.88,60.68,-99.45
europe_lau,Κοινότητα Πενταλόφου,koinoteta_pentalophou,ko,34.58,53.16,65.27
europe_lau,Κοινότητα Στάθη,koinoteta_stathe,ko,42.39,66.12,52.97
europe_lau,Κοινότητα Φιλυρίας,koinoteta_philyrias,ko,49.72,74.56,25.51
europe_lau,Κοινότητα Ευρωπού,koinoteta_europou,ko,42.89,60.51,22.82
europe_lau,Κοινότητα Αγίου Πέτρου,koinoteta_agiou_petrou,ko,40.05,62.95,-7.36
europe_lau,Κοινότητα Μεσιάς,koinoteta_mesias,ko,33.52,80.75,-71.73
europe_lau,Κοινότητα Πολυπέτρου,koinoteta_polypetrou,ko,55.31,65.67,64.44
europe_lau,Κοινότητα Τούμπας,koinoteta_toumpas,ko,46.94,66.74,74.67
europe_lau,Κοινότητα Λιβαδίων,koinoteta_libadion,ko,45.58,62.82,56.6
europe_lau,Κοινότητα Εδέσσης,koinoteta_edesses,ko,31.67,55.05,96.88
europe_lau,Κοινότητα Άγρα,koinoteta_agra,ko,36.47,60.76,42.67
europe_lau,Κοινότητα Βρυτών,koinoteta_bryton,ko,53.12,65.27,30.18
europe_lau,Κοινότητα Καρυδιάς,koinoteta_karydias,ko,45.04,53.32,53.1
europe_lau,Κοινότητα Μεσημερίου,koinoteta_mesemeriou,ko,40.73,69.52,5.1
europe_lau,Κοινότητα Νησίου,koinoteta_nesiou,ko,33.93,54.35,7.68
europe_lau,Κοινότητα Πλατάνης,koinoteta_platanes,ko,42.22,58.21,86.07
europe_lau,Κοινότητα Ριζαρίου,koinoteta_rizariou,ko,55.62,65.42,29.26
europe_lau,Κοινότητα Σωτήρας,koinoteta_soteras,ko,38.92,52.87,45.05
europe_lau,Κοινότητα Φλαμουριάς,koinoteta_phlamourias,ko,48.44,70.4,30.89
europe_lau,Κοινότητα Αρνίσσης,koinoteta_arnisses,ko,38.99,62.07,34.74
europe_lau,Κοινότητα Αγίου Αθανασίου,koinoteta_agiou_athanasiou,ko,45.49,63.31,79.39
europe_lau,Κοινότητα Γραμματικού,koinoteta_grammatikou,ko,56.04,62.71,50.39
europe_lau,Κοινότητα Παναγίτσας,koinoteta_panagitsas,ko,64.78,66.91,53.67
europe_lau,Κοινότητα Περαίας,koinoteta_peraias,ko,54.28,66.19,58.83
europe_lau,Κοινότητα Αριδαίας,koinoteta_aridaias,ko,45.12,75.45,16.55
europe_lau,Κοινότητα Αλώρου,koinoteta_alorou,ko,28.43,62.46,85.54
europe_lau,Κοινότητα Αψάλου,koinoteta_apsalou,ko,64.09,81.41,51.23
europe_lau,Κοινότητα Βορεινού,koinoteta_boreinou,ko,38.11,51.64,90.79
europe_lau,Κοινότητα Γαρεφείου,koinoteta_garepheiou,ko,31.2,59.09,93.91
europe_lau,Κοινότητα Δωροθέας,koinoteta_dorotheas,ko,38.45,57.16,50.38
europe_lau,Κοινότητα Λουτρακίου,koinoteta_loutrakiou,ko,35.94,46.24,30.4
europe_lau,Κοινότητα Λυκοστόμου,koinoteta_lykostomou,ko,27.32,48.2,18.94
europe_lau,Κοινότητα Μεγαπλατάνου,koinoteta_megaplatanou,ko,48.39,67.06,91.79
europe_lau,Κοινότητα Ξιφιανής,koinoteta_xiphianes,ko,48.03,62.63,91.73
europe_lau,Κοινότητα Όρμης,koinoteta_ormes,ko,32.19,62.7,-51.73
europe_lau,Κοινότητα Πιπεριών,koinoteta_piperion,ko,56.29,75.3,6.87
europe_lau,Κοινότητα Πολυκαρπίου,koinoteta_polykarpiou,ko,48.54,58.29,85.3
europe_lau,Κοινότητα Προμάχων,koinoteta_promachon,ko,56.32,72.64,83.11
europe_lau,Κοινότητα Σαρακηνών,koinoteta_sarakenon,ko,36.21,56.1,-24.1
europe_lau,Κοινότητα Σωσάνδρας,koinoteta_sosandras,ko,60.88,70,39.97
europe_lau,Κοινότητα Τσάκων,koinoteta_tsakon,ko,27.17,52.83,-68.58
europe_lau,Κοινότητα Εξαπλατάνου,koinoteta_exaplatanou,ko,36.69,56.6,59.74
europe_lau,Κοινότητα Αρχαγγέλου,koinoteta_archangelou,ko,38.54,59.17,76.94
europe_lau,Κοινότητα Θεοδωρακείου,koinoteta_theodorakeiou,ko,59.88,69.63,41.46
europe_lau,Κοινότητα Θηριοπέτρας,koinoteta_theriopetras,ko,66.57,76.08,46.08
europe_lau,Κοινότητα Ίδας,koinoteta_idas,ko,24.61,75.58,-191.08
europe_lau,"Königs Wusterhausen, Stadt",konigs_wusterhausen_stadt,ko,47.26,61.21,71.51
europe_lau,Kospoda,kospoda,ko,57.15,69.05,69.76
europe_lau,Κοινότητα Κωνσταντίας,koinoteta_konstantias,ko,39.65,60.61,-32.94
europe_lau,"Könnern, Stadt",konnern_stadt,ko,43.38,54.37,15.52
europe_lau,Kortenaken,kortenaken,ko,58.79,63.89,67.41
europe_lau,Kortenberg,kortenberg,ko,48.66,65.85,77.28
europe_lau,Κοινότητα Μηλέας,koinoteta_meleas,ko,34.82,50.28,37.54
europe_lau,Koksijde,koksijde,ko,51.54,67.01,6.42
europe_lau,Κοινότητα Νερομύλων,koinoteta_neromylon,ko,32.05,43.85,1.5
europe_lau,Κοινότητα Νοτίας,koinoteta_notias,ko,55.86,62.52,65.11
europe_lau,Κοινότητα Περικλείας,koinoteta_perikleias,ko,50.91,63.8,74.75
europe_lau,Κοινότητα Φιλωτείας,koinoteta_philoteias,ko,51.65,78.24,-15.6
europe_lau,Κοινότητα Φούστανης,koinoteta_phoustanes,ko,48.54,69.72,44.22
europe_lau,Κοινότητα Χρυσής,koinoteta_chryses,ko,45.28,58.21,85.7
europe_lau,Κοινότητα Γιαννιτσών,koinoteta_giannitson,ko,37.32,63.24,94.32
europe_lau,Κοινότητα Αμπελειών,koinoteta_ampeleion,ko,43.32,71.38,90.67
europe_lau,Κοινότητα Μελισσίου,koinoteta_melissiou,ko,42.67,58.69,34.29
europe_lau,Κοινότητα Κρύας Βρύσης,koinoteta_kryas_bryses,ko,49.43,68.69,67.39
europe_lau,Κοινότητα Αγίου Λουκά,koinoteta_agiou_louka,ko,52.34,73.79,83.67
europe_lau,Κοινότητα Ακρολίμνης,koinoteta_akrolimnes,ko,38.92,57.51,91.41
europe_lau,Κοινότητα Εσωβάλτων,koinoteta_esobalton,ko,52.54,66.68,34.85
europe_lau,Κοινότητα Μυλοτόπου,koinoteta_mylotopou,ko,41.39,65.74,81.4
europe_lau,Κοινότητα Αξού,koinoteta_axou,ko,42.13,61.14,92.41
europe_lau,Κοινότητα Αραβησσού,koinoteta_arabessou,ko,26.96,56.95,86.01
europe_lau,Κοινότητα Αχλαδοχωρίου,koinoteta_achladochoriou,ko,43.61,58.28,88.68
europe_lau,Κοινότητα Λάκκας,koinoteta_lakkas,ko,39.8,52.21,73.81
europe_lau,Κοινότητα Παλαιού Μυλοτόπου,koinoteta_palaiou_mylotopou,ko,67.77,67.67,67.21
europe_lau,Κοινότητα Πλαγιαρίου,koinoteta_plagiariou,ko,29.63,62.79,90.12
europe_lau,Κοινότητα Γαλατάδων,koinoteta_galatadon,ko,36.95,47.88,50.55
europe_lau,Κοινότητα Αγίου Γεωργίου,koinoteta_agiou_georgiou,ko,41.06,65.87,21.46
europe_lau,Κοινότητα Δροσερού,koinoteta_droserou,ko,17.87,35.9,86.2
europe_lau,Κοινότητα Καρυωτίσσης,koinoteta_karyotisses,ko,36.23,61.74,76.67
europe_lau,Κοινότητα Λιπαρού,koinoteta_liparou,ko,61.3,78.75,62
europe_lau,Κοινότητα Παλαιφύτου,koinoteta_palaiphytou,ko,53.71,65.93,24.42
europe_lau,Κοινότητα Τριφυλλίου,koinoteta_triphylliou,ko,56.55,78.15,95.86
europe_lau,Κοινότητα Πέλλης,koinoteta_pelles,ko,41.96,51.54,79.27
europe_lau,Κοινότητα Αγροσυκέας,koinoteta_agrosykeas,ko,29.45,46.99,98.04
europe_lau,Κοινότητα Αθύρων,koinoteta_athyron,ko,50.06,65.61,17.64
europe_lau,Κοινότητα Δυτικού,koinoteta_dytikou,ko,30.73,62.32,4.72
europe_lau,Κοινότητα Νέας Πέλλης,koinoteta_neas_pelles,ko,27.24,71.34,89.24
europe_lau,Κοινότητα Ραχώνας,koinoteta_rachonas,ko,55,71.7,36.58
europe_lau,Κοινότητα Σκύδρας,koinoteta_skydras,ko,67,78.17,55.8
europe_lau,Κοινότητα Αρσενίου,koinoteta_arseniou,ko,61.35,74.81,19.14
europe_lau,Κοινότητα Άσπρου,koinoteta_asprou,ko,60.53,76.82,32.25
europe_lau,Κοινότητα Δάφνης,koinoteta_daphnes,ko,31.3,58.55,12.6
europe_lau,Κοινότητα Καλυβίων,koinoteta_kalybion,ko,37.61,56.69,79.7
europe_lau,Κοινότητα Λιποχωρίου,koinoteta_lipochoriou,ko,44.61,53.81,39.47
europe_lau,Κοινότητα Μαυροβουνίου,koinoteta_maurobouniou,ko,39.97,62.7,24.46
europe_lau,Κοινότητα Νέας Ζωής,koinoteta_neas_zoes,ko,37.19,64.27,84.21
europe_lau,Κοινότητα Πετραίας,koinoteta_petraias,ko,25.77,50.34,1.67
europe_lau,Κοινότητα Ριζού,koinoteta_rizou,ko,54.16,71.94,39.62
europe_lau,Κοινότητα Σεβαστιανών,koinoteta_sebastianon,ko,59.24,71.56,44.87
europe_lau,Κοινότητα Λουτροχώρίου,koinoteta_loutrochoriou,ko,29.54,65.8,95.05
europe_lau,Κοινότητα Καλής,koinoteta_kales,ko,27.27,48.56,90.97
europe_lau,Κοινότητα Ανύδρου,koinoteta_anydrou,ko,32.56,41.07,26.31
europe_lau,Κοινότητα Καλλιπόλεως,koinoteta_kallipoleos,ko,41.06,53.06,26.51
europe_lau,Κοινότητα Κρανέας,koinoteta_kraneas,ko,54.95,60.66,44.76
europe_lau,Κοινότητα Μανδάλου,koinoteta_mandalou,ko,60.94,65.94,67.79
europe_lau,Κοινότητα Προφήτου Ηλιού,koinoteta_prophetou_eliou,ko,49.8,76,80.06
europe_lau,Κοινότητα Κατερίνης,koinoteta_katerines,ko,22.1,47.96,44.61
europe_lau,Κοινότητα Άνω Αγίου Ιωάννου,koinoteta_ano_agiou_ioannou,ko,31.91,77.77,75.2
europe_lau,Κοινότητα Γανοχώρας,koinoteta_ganochoras,ko,54.26,67.22,63.37
europe_lau,Κοινότητα Νεοκαισαρείας,koinoteta_neokaisareias,ko,40.77,65.35,22.52
europe_lau,Κοινότητα Σβορώνου,koinoteta_sboronou,ko,49.14,65.68,43.41
europe_lau,Κοινότητα Παλαιού Κεραμιδίου,koinoteta_palaiou_keramidiou,ko,50.64,71.22,47.79
europe_lau,Κοινότητα Αρωνά,koinoteta_arona,ko,37.8,74.42,77.35
europe_lau,Κοινότητα Ελάφου,koinoteta_elaphou,ko,50,79.04,73.27
europe_lau,Κοινότητα Εξοχής,koinoteta_exoches,ko,50.07,69.04,50.98
europe_lau,Κοινότητα Λόφου,koinoteta_lophou,ko,30.58,64.3,-63.85
europe_lau,Κοινότητα Μοσχοχωρίου,koinoteta_moschochoriou,ko,41.73,64.37,-25.07
europe_lau,Κοινότητα Φωτεινών,koinoteta_photeinon,ko,36.05,46.56,17.5
europe_lau,Κοινότητα Ρητίνης,koinoteta_retines,ko,22.46,54.56,-29.02
europe_lau,Κοινότητα Βρίας,koinoteta_brias,ko,13.22,44.53,-173.42
europe_lau,Κοινότητα Ελατοχωρίου,koinoteta_elatochoriou,ko,40.54,65.21,25.43
europe_lau,Κοινότητα Λιτοχώρου,koinoteta_litochorou,ko,32.42,49.29,56.55
europe_lau,Κοινότητα Λεπτοκαρυάς,koinoteta_leptokaryas,ko,34.55,65.38,-58.68
europe_lau,Κοινότητα Παντελεήμονος,koinoteta_panteleemonos,ko,25.2,49.03,67.97
europe_lau,Κοινότητα Πλαταμώνος,koinoteta_platamonos,ko,9.73,19.03,-25.28
europe_lau,Κοινότητα Πόρων,koinoteta_poron,ko,17.77,42.84,-148.65
europe_lau,Κοινότητα Σκοτίνης,koinoteta_skotines,ko,33.74,53.15,65.77
europe_lau,Κοινότητα Κονταριωτίσσης,koinoteta_kontariotisses,ko,37.81,59.74,0.83
europe_lau,Κοινότητα Αγίου Σπυρίδωνος,koinoteta_agiou_spyridonos,ko,19.24,48.43,-147.99
europe_lau,Κοινότητα Βροντούς,koinoteta_brontous,ko,30.35,42.65,37.04
europe_lau,Κοινότητα Δίου,koinoteta_diou,ko,14.23,43.26,31.88
europe_lau,Κοινότητα Καρίτσης,koinoteta_karitses,ko,18.94,55.79,47.12
europe_lau,Κοινότητα Νέας Εφέσου,koinoteta_neas_ephesou,ko,51.23,67.36,63.69
europe_lau,Κοινότητα Αιγινίου,koinoteta_aiginiou,ko,36.05,56.45,-5.23
europe_lau,Κοινότητα Καταχά,koinoteta_katacha,ko,45.94,58.54,70.55
europe_lau,Κοινότητα Κολινδρού,koinoteta_kolindrou,ko,49.66,67.42,82.23
europe_lau,Κοινότητα Καστανέας,koinoteta_kastaneas,ko,52.96,67.72,44.23
europe_lau,Κοινότητα Λιβαδίου,koinoteta_libadiou,ko,42.73,64.01,77.18
europe_lau,Κοινότητα Ρυακίων,koinoteta_ryakion,ko,42.04,54.79,24.28
europe_lau,Κοινότητα Μακρυγιάλου,koinoteta_makrygialou,ko,39.53,59,52.62
europe_lau,Κοινότητα Μεθώνης,koinoteta_methones,ko,34.75,53.34,70.85
europe_lau,Κοινότητα Νέας Αγαθουπόλεως,koinoteta_neas_agathoupoleos,ko,57.05,67.84,65.83
europe_lau,Κοινότητα Παλαιού Ελευθεροχωρίου,koinoteta_palaiou_eleutherochoriou,ko,36.57,51.74,-2.8
europe_lau,Κοινότητα Πύδνας,koinoteta_pydnas,ko,48.39,71.62,9.06
europe_lau,Κοινότητα Αλωνίων,koinoteta_alonion,ko,32.23,46.68,51.81
europe_lau,Κοινότητα Παλαιοστάνης,koinoteta_palaiostanes,ko,44.43,55.84,75.18
europe_lau,Κοινότητα Σφενδαμίου,koinoteta_sphendamiou,ko,33.93,58.02,35.08
europe_lau,Κοινότητα Σερρών,koinoteta_serron,ko,20.72,51.72,77.43
europe_lau,Κοινότητα Ελαιώνος,koinoteta_elaionos,ko,33.09,53.42,76.38
europe_lau,Κοινότητα Επταμύλων,koinoteta_eptamylon,ko,59.18,66.78,73.43
europe_lau,Κοινότητα Οινούσσας,koinoteta_oinoussas,ko,23.58,63.92,78.29
europe_lau,Κοινότητα Άνω Βροντούς,koinoteta_ano_brontous,ko,49.35,63.93,91.41
europe_lau,Κοινότητα Προβατά,koinoteta_probata,ko,53.43,69.01,62.33
europe_lau,Κοινότητα Αναγεννήσεως,koinoteta_anagenneseos,ko,32.75,50.12,81.44
europe_lau,Κοινότητα Άνω Καμήλας,koinoteta_ano_kamelas,ko,44.19,66.01,89.49
europe_lau,Κοινότητα Βαμβακιάς,koinoteta_bambakias,ko,60.95,72.2,60.32
europe_lau,Κοινότητα Μητρουσίου,koinoteta_metrousiou,ko,58.94,68.31,56.53
europe_lau,Κοινότητα Μονοκκλησιάς,koinoteta_monokklesias,ko,34.53,54.1,86.77
europe_lau,Κοινότητα Λευκώνα,koinoteta_leukona,ko,15.29,44.63,82.78
europe_lau,Κοινότητα Καλών Δένδρων,koinoteta_kalon_dendron,ko,68.48,78.54,50.54
europe_lau,Κοινότητα Χριστού,koinoteta_christou,ko,32,64.36,82.37
europe_lau,Κοινότητα Ορεινής,koinoteta_oreines,ko,39.87,64.48,92.71
europe_lau,Κοινότητα Σκουτάρεως,koinoteta_skoutareos,ko,45.96,64.29,90.06
europe_lau,Κοινότητα Αγίας Ελένης,koinoteta_agias_elenes,ko,27.9,52.43,99.26
europe_lau,Κοινότητα Αδελφικού,koinoteta_adelphikou,ko,33.36,54.51,52.85
europe_lau,Κοινότητα Βαμβακούσσης,koinoteta_bambakousses,ko,33.5,61.74,90.54
europe_lau,Κοινότητα Κάτω Καμήλας,koinoteta_kato_kamelas,ko,39.65,47.42,60.76
europe_lau,Κοινότητα Κουβουκλίων,koinoteta_koubouklion,ko,23.99,42.44,90.14
europe_lau,Κοινότητα Κουμαριάς,koinoteta_koumarias,ko,69.6,74.61,64.88
europe_lau,Κοινότητα Κωνσταντινάτου,koinoteta_konstantinatou,ko,57.96,67.42,78.1
europe_lau,Κοινότητα Πεπονιάς,koinoteta_peponias,ko,56.05,63.76,81.14
europe_lau,Κοινότητα Ροδολίβους,koinoteta_rodolibous,ko,33.67,55.6,-21.9
europe_lau,Κοινότητα Δομίρου,koinoteta_domirou,ko,51.43,71.14,60.34
europe_lau,Κοινότητα Μικρού Σουλίου,koinoteta_mikrou_souliou,ko,19.65,66.43,-134.55
europe_lau,Κοινότητα Παλαιοκώμης,koinoteta_palaiokomes,ko,22.39,59.3,-142.34
europe_lau,Κοινότητα Αμφιπόλεως,koinoteta_amphipoleos,ko,51.75,63.91,76.92
europe_lau,Κοινότητα Μεσολακκιάς,koinoteta_mesolakkias,ko,28.69,54.52,-58.91
europe_lau,Κοινότητα Νέων Κερδυλίων,koinoteta_neon_kerdylion,ko,32.32,54.74,-24.74
europe_lau,Κοινότητα Νέας Μπάφρας,koinoteta_neas_mpaphras,ko,17.84,50.2,82.45
europe_lau,Κοινότητα Ηλιοκώμης,koinoteta_eliokomes,ko,20.72,35.96,94.8
europe_lau,Κοινότητα Κορμίστης,koinoteta_kormistes,ko,42.03,61.94,96.82
europe_lau,Κοινότητα Συμβολής,koinoteta_symboles,ko,45.26,53.52,29.09
europe_lau,Κοινότητα Πρώτης,koinoteta_protes,ko,31.86,52.45,20.31
europe_lau,Κοινότητα Αγγίστης,koinoteta_angistes,ko,68.26,77.36,42.44
europe_lau,Κοινότητα Κρηνίδος,koinoteta_krenidos,ko,57.08,65.26,46.22
europe_lau,Κοινότητα Νιγρίτης,koinoteta_nigrites,ko,31.07,53.58,65.37
europe_lau,Κοινότητα Ανθής,koinoteta_anthes,ko,59.53,75.19,58.86
europe_lau,Κοινότητα Θερμών,koinoteta_thermon,ko,41.37,61.18,65.27
europe_lau,Κοινότητα Τερπνής,koinoteta_terpnes,ko,24.1,47.02,61.82
europe_lau,Κοινότητα Φλαμπούρου,koinoteta_phlampourou,ko,27.68,53.24,-55.46
europe_lau,Κοινότητα Σιτοχωρίου,koinoteta_sitochoriou,ko,57.24,67.92,55.29
europe_lau,Κοινότητα Αχινού,koinoteta_achinou,ko,52.36,71.28,87.31
europe_lau,Κοινότητα Δάφνης,koinoteta_daphnes,ko,19.42,48.44,74.07
europe_lau,Κοινότητα Ζερβοχωρίου,koinoteta_zerbochoriou,ko,24.45,46.04,90.75
europe_lau,Κοινότητα Λευκοτόπου,koinoteta_leukotopou,ko,33.7,60.12,41.49
europe_lau,Κοινότητα Πατρικίου,koinoteta_patrikiou,ko,52.4,77.32,95.67
europe_lau,Κοινότητα Χουμνικού,koinoteta_choumnikou,ko,26.21,48.7,90.98
europe_lau,Κοινότητα Δημητρητσίου,koinoteta_demetretsiou,ko,56.32,68.95,54.77
europe_lau,Κοινότητα Αγίας Παρασκευής,koinoteta_agias_paraskeues,ko,36.39,64.25,96.07
europe_lau,Κοινότητα Αμπέλων,koinoteta_ampelon,ko,25.77,52.04,-41.97
europe_lau,Κοινότητα Βέργης,koinoteta_berges,ko,59.03,75.52,57.04
europe_lau,Κοινότητα Λυγαριάς,koinoteta_lygarias,ko,54.6,72.06,85.86
europe_lau,Κοινότητα Νικοκλείας,koinoteta_nikokleias,ko,29.39,50.92,48.66
europe_lau,Κοινότητα Σησαμίας,koinoteta_sesamias,ko,32.93,49.95,46.06
europe_lau,Κοινότητα Τριανταφυλλιάς,koinoteta_triantaphyllias,ko,43.07,64.01,25.01
europe_lau,Κοινότητα Μαυροθαλάσσης,koinoteta_maurothalasses,ko,56.42,65.94,56.93
europe_lau,Κοινότητα Αγίου Δημητρίου,koinoteta_agiou_demetriou,ko,44.52,64.51,-13.5
europe_lau,Κοινότητα Αηδονοχωρίου,koinoteta_aedonochoriou,ko,25.15,56.18,73.95
europe_lau,Κοινότητα Ευκαρπίας,koinoteta_eukarpias,ko,49.44,66.66,64.75
europe_lau,Κοινότητα Ιβήρων,koinoteta_iberon,ko,54.37,66.97,78.29
europe_lau,Κοινότητα Καστανοχωρίου,koinoteta_kastanochoriou,ko,39.77,64.2,73.34
europe_lau,Κοινότητα Τραγίλου,koinoteta_tragilou,ko,42.3,79.52,20.32
europe_lau,Κοινότητα Χρυσού,koinoteta_chrysou,ko,54.43,78.46,70.41
europe_lau,Κοινότητα Αγίου Πνεύματος,koinoteta_agiou_pneumatos,ko,29.77,64.79,77.77
europe_lau,Κοινότητα Δαφνουδίου,koinoteta_daphnoudiou,ko,16.43,52.6,85.67
europe_lau,Κοινότητα Εμμανουήλ Παππά,koinoteta_emmanouel_pappa,ko,20.37,47.58,87.74
europe_lau,Κοινότητα Μετάλλων,koinoteta_metallon,ko,35.77,56.35,97.61
europe_lau,Κοινότητα Νέου Σουλίου,koinoteta_neou_souliou,ko,36.88,55.36,12.63
europe_lau,Κοινότητα Πενταπόλεως,koinoteta_pentapoleos,ko,44.33,67.63,79.73
europe_lau,Κοινότητα Τούμπας,koinoteta_toumpas,ko,36.45,54.25,92.84
europe_lau,Κοινότητα Νέου Σκοπού,koinoteta_neou_skopou,ko,44.08,56.78,50.66
europe_lau,Κοινότητα Βαλτοτοπίου,koinoteta_baltotopiou,ko,51.9,66.7,88.32
europe_lau,Kohfidisch,kohfidisch,ko,74.59,79.67,39.54
europe_lau,Kotzen,kotzen,ko,59.02,63.21,42.26
europe_lau,Korbußen,korbussen,ko,63.92,73.8,34.08
europe_lau,København,kobenhavn,ko,57,66.36,64.47
europe_lau,Κοινότητα Κάτω Ποροΐων,koinoteta_kato_poroion,ko,21.37,47.37,86.02
europe_lau,Κοινότητα Κερκίνης,koinoteta_kerkines,ko,51.54,70.21,67.44
europe_lau,Κοινότητα Λιβαδιάς,koinoteta_libadias,ko,39.84,73.16,-50.03
europe_lau,Κοινότητα Μακρινίτσης,koinoteta_makrinitses,ko,30.1,57.23,90.09
europe_lau,Κοινότητα Νεοχωρίου,koinoteta_neochoriou,ko,47.61,74.54,92.07
europe_lau,Κοινότητα Πλατανακίων,koinoteta_platanakion,ko,37.42,72.56,92.4
europe_lau,Κοινότητα Νέου Πετριτσίου,koinoteta_neou_petritsiou,ko,50.61,64.33,89.08
europe_lau,Κοινότητα Ακριτοχωρίου,koinoteta_akritochoriou,ko,31.32,58.44,87.44
europe_lau,Κοινότητα Βυρωνείας,koinoteta_byroneias,ko,53.13,69.09,66.79
europe_lau,Κοινότητα Γονίμου,koinoteta_gonimou,ko,43.66,60.35,41.44
europe_lau,Κοινότητα Μανδρακίου,koinoteta_mandrakiou,ko,38.47,78.89,88.7
europe_lau,Κοινότητα Μεγαλοχωρίου,koinoteta_megalochoriou,ko,44.55,70.57,18.77
europe_lau,Κοινότητα Προμαχώνος,koinoteta_promachonos,ko,31.53,51.36,96.43
europe_lau,Κοινότητα Πολυγύρου,koinoteta_polygyrou,ko,58.41,66.76,78.24
europe_lau,Κοινότητα Αγίου Προδρόμου,koinoteta_agiou_prodromou,ko,64.56,74.68,57.01
europe_lau,Κοινότητα Βραστάμων,koinoteta_brastamon,ko,40.93,54.03,22.07
europe_lau,Κοινότητα Ολύνθου,koinoteta_olynthou,ko,36.66,60.12,96.67
europe_lau,Κοινότητα Παλαιοκάστρου,koinoteta_palaiokastrou,ko,38.42,56.76,-0.15
europe_lau,Κοινότητα Σανών,koinoteta_sanon,ko,51.06,74.95,94.92
europe_lau,Κοινότητα Ταξιάρχου,koinoteta_taxiarchou,ko,42.41,63.7,-6.27
europe_lau,Κοινότητα Γαλατίστης,koinoteta_galatistes,ko,34.66,46.21,40.7
europe_lau,Κοινότητα Βάβδου,koinoteta_babdou,ko,43.31,51.68,38.8
europe_lau,Κοινότητα Γαλαρινού,koinoteta_galarinou,ko,63.78,78.08,80.6
europe_lau,Κοινότητα Δουμπιών,koinoteta_doumpion,ko,64.95,75.06,71.03
europe_lau,Κοινότητα Παλαιοχώρας,koinoteta_palaiochoras,ko,66.2,76.6,72.33
europe_lau,Κοινότητα Γεροπλατάνου,koinoteta_geroplatanou,ko,35.13,64.91,98.5
europe_lau,Κοινότητα Κρήμνης,koinoteta_kremnes,ko,41.35,67.38,94.19
europe_lau,Κοινότητα Μαραθούσσης,koinoteta_marathousses,ko,38.5,62.02,-27.92
europe_lau,Κοινότητα Ριζών,koinoteta_rizon,ko,22.73,44.36,91.97
europe_lau,Κοινότητα Ορμυλίας,koinoteta_ormylias,ko,68.49,77.55,62.98
europe_lau,Κοινότητα Μεταμορφώσεως,koinoteta_metamorphoseos,ko,45.8,59.68,76.54
europe_lau,Κοινότητα Ιερισσού,koinoteta_ierissou,ko,32.36,59.73,45.41
europe_lau,Κοινότητα Αμμουλιανής,koinoteta_ammoulianes,ko,27.25,49.96,8.74
europe_lau,Κοινότητα Νέων Ρόδων,koinoteta_neon_rodon,ko,32.77,58.79,-32.11
europe_lau,Κοινότητα Ολυμπιάδος,koinoteta_olympiados,ko,54.18,64.5,46.86
europe_lau,Κοινότητα Ουρανοπόλεως,koinoteta_ouranopoleos,ko,39.52,53.89,96.72
europe_lau,Κοινότητα Σταγίρων,koinoteta_stagiron,ko,27.55,52.72,89.34
europe_lau,Κοινότητα Στρατονίκης,koinoteta_stratonikes,ko,43.56,46.24,54.53
europe_lau,Κοινότητα Στρατωνίου,koinoteta_stratoniou,ko,34.96,54.14,18.12
europe_lau,Κοινότητα Αρναίας,koinoteta_arnaias,ko,39.39,45.74,38.61
europe_lau,Κοινότητα Βαρβάρας,koinoteta_barbaras,ko,48.42,63.47,35.04
europe_lau,Κοινότητα Νεοχωρίου,koinoteta_neochoriou,ko,49.4,59.16,50.54
europe_lau,Κοινότητα Παλαιοχωρίου,koinoteta_palaiochoriou,ko,32.24,54.9,98.99
europe_lau,Κοινότητα Στανού,koinoteta_stanou,ko,52.9,59.5,35.89
europe_lau,Κοινότητα Μεγάλης Παναγίας,koinoteta_megales_panagias,ko,39.29,58.38,68.35
europe_lau,Κοινότητα Γοματίου,koinoteta_gomatiou,ko,62.16,70.14,66.95
europe_lau,Κοινότητα Πυργαδικίων,koinoteta_pyrgadikion,ko,64.74,72.22,45.79
europe_lau,Κοινότητα Κασσανδρείας,koinoteta_kassandreias,ko,39.57,60.81,21.21
europe_lau,Κοινότητα Αφύτου,koinoteta_aphytou,ko,58.58,72.4,58.21
europe_lau,Κοινότητα Καλάνδρας,koinoteta_kalandras,ko,33.17,59.91,-0.27
europe_lau,Κοινότητα Καλλιθέας,koinoteta_kallitheas,ko,47.27,67.64,52.51
europe_lau,Κοινότητα Κασσανδρηνού,koinoteta_kassandrenou,ko,41.66,57.64,70.2
europe_lau,Κοινότητα Κρυοπηγής,koinoteta_kryopeges,ko,43.43,62.61,65.61
europe_lau,Κοινότητα Νέας Φωκαίας,koinoteta_neas_phokaias,ko,42.59,65.54,10.91
europe_lau,Κοινότητα Φούρκας,koinoteta_phourkas,ko,58.03,67.35,53.55
europe_lau,Κοινότητα Χανιώτη,koinoteta_chaniote,ko,59.95,76.01,72.48
europe_lau,Κοινότητα Αγίας Παρασκευής,koinoteta_agias_paraskeues,ko,53.79,85.33,38.29
europe_lau,Κοινότητα Νέας Σκιώνης,koinoteta_neas_skiones,ko,43.36,67.02,70.42
europe_lau,Κοινότητα Παλιουρίου,koinoteta_paliouriou,ko,37.47,46.06,28.7
europe_lau,Κοινότητα Πευκοχωρίου,koinoteta_peukochoriou,ko,38.55,67.92,5.29
europe_lau,Κοινότητα Πολυχρόνου,koinoteta_polychronou,ko,47.43,80.84,39.77
europe_lau,Körner,korner,ko,46.02,59.22,85.56
europe_lau,Køge,koge,ko,55.96,71.09,48.32
europe_lau,Kolding,kolding,ko,58.62,63.78,71.93
europe_lau,Κοινότητα Καταλωνίων,koinoteta_katalonion,ko,33.38,54.05,48.64
europe_lau,Κοινότητα Λαγορράχης,koinoteta_lagorraches,ko,38.65,60.27,38.89
europe_lau,Κοινότητα Μοσχοποτάμου,koinoteta_moschopotamou,ko,33.66,57.28,83.38
europe_lau,Κοινότητα Τριλόφου,koinoteta_trilophou,ko,50.48,67.42,86.97
europe_lau,Κοινότητα Κορινού,koinoteta_korinou,ko,53.17,73.97,24.12
europe_lau,Κοινότητα Κάτω Αγίου Ιωάννου,koinoteta_kato_agiou_ioannou,ko,46.55,53.08,80.08
europe_lau,Κοινότητα Κούκκου,koinoteta_koukkou,ko,43.04,64.44,74.23
europe_lau,Κοινότητα Νέας Τραπεζούντος,koinoteta_neas_trapezountos,ko,46.21,50.97,50.75
europe_lau,Κοινότητα Σεβαστής,koinoteta_sebastes,ko,44.78,60.47,75.02
europe_lau,Κοινότητα Καλλιθέας,koinoteta_kallitheas,ko,55.79,71.93,27.12
europe_lau,Κοινότητα Παραλίας,koinoteta_paralias,ko,43.02,69.24,85.72
europe_lau,Κοινότητα Περιστάσεως,koinoteta_peristaseos,ko,31.89,49.46,64.39
europe_lau,Κοινότητα Μηλιάς,koinoteta_melias,ko,14.6,44.96,-97.29
europe_lau,Κοινότητα Αγίου Δημητρίου,koinoteta_agiou_demetriou,ko,38.31,58.98,60.14
europe_lau,Κοινότητα Κεφαλίου,koinoteta_kephaliou,ko,18.82,59.12,-26.59
europe_lau,Κοινότητα Περιβολίων Κισσάμου,koinoteta_peribolion_kissamou,ko,54.88,70.81,65.58
europe_lau,Κοινότητα Στροβλών,koinoteta_stroblon,ko,45.16,65.01,79.99
europe_lau,Κοινότητα Δραπανιά,koinoteta_drapania,ko,53.06,62.19,36.05
europe_lau,Κοινότητα Βουλγάρω,koinoteta_boulgaro,ko,29.6,59.26,83.53
europe_lau,Κοινότητα Καλουδιανών,koinoteta_kaloudianon,ko,36.25,52.77,80.87
europe_lau,Κοινότητα Μαλαθύρου,koinoteta_malathyrou,ko,46.96,74.43,97.43
europe_lau,Κοινότητα Περβολακίων,koinoteta_perbolakion,ko,58.68,84.49,74.39
europe_lau,Κοινότητα Ποταμίδας,koinoteta_potamidas,ko,59.15,72.1,34.34
europe_lau,Κοινότητα Ρόκκας,koinoteta_rokkas,ko,48.53,76.97,41.09
europe_lau,Κοινότητα Σασάλου,koinoteta_sasalou,ko,51.95,61.58,29.73
europe_lau,Κοινότητα Σφακοπηγαδίου,koinoteta_sphakopegadiou,ko,53.26,79.15,60.13
europe_lau,Κοινότητα Τοπολίων,koinoteta_topolion,ko,33.54,56.99,93.36
europe_lau,Κοινότητα Φαλελιανών,koinoteta_phalelianon,ko,64.41,77.04,71.9
europe_lau,Κοινότητα Χαιρεθιανών,koinoteta_chairethianon,ko,63.41,73.09,59.61
europe_lau,Κοινότητα Γερανίου,koinoteta_geraniou,ko,31.39,59.43,97.46
europe_lau,Κοινότητα Βλαχερωνιτίσσης,koinoteta_blacheronitisses,ko,49.66,77.14,87.25
europe_lau,Κοινότητα Βρυσών Κυδωνίας,koinoteta_bryson_kydonias,ko,62.97,70.84,70.3
europe_lau,Κοινότητα Ζουνακίου,koinoteta_zounakiou,ko,26.93,48.94,87.29
europe_lau,Κοινότητα Κοντομαρίου,koinoteta_kontomariou,ko,24.29,67.8,76.52
europe_lau,Κοινότητα Κυπαρίσσου,koinoteta_kyparissou,ko,42.43,77.82,90.58
europe_lau,Κοινότητα Μάλεμε,koinoteta_maleme,ko,40.54,68.98,16.01
europe_lau,Κοινότητα Μανολιοπούλου,koinoteta_manoliopoulou,ko,67.47,70.65,56.24
europe_lau,Κοινότητα Μοδίου,koinoteta_modiou,ko,30.13,58.26,93.96
europe_lau,Κοινότητα Ντερέ,koinoteta_ntere,ko,43.45,64.72,84.73
europe_lau,Κοινότητα Ξαμουδοχωρίου,koinoteta_xamoudochoriou,ko,47.48,65.69,80.29
europe_lau,Κοινότητα Πλατανιά,koinoteta_platania,ko,32.94,58.42,76.02
europe_lau,Κοινότητα Σιριλίου,koinoteta_siriliou,ko,40.53,55.25,51.72
europe_lau,Κοινότητα Βουκολιών,koinoteta_boukolion,ko,23.18,46.7,94.27
europe_lau,Κοινότητα Ανώσκελης,koinoteta_anoskeles,ko,49.53,66.85,70.5
europe_lau,Κοινότητα Κακοπέτρου,koinoteta_kakopetrou,ko,65.94,74.48,72.36
europe_lau,Κοινότητα Νέου Χωρίου Κυδωνίας,koinoteta_neou_choriou_kydonias,ko,33.56,54.66,97.3
europe_lau,Κοινότητα Νεριανών,koinoteta_nerianon,ko,55.37,68.21,64.28
europe_lau,Κοινότητα Παλαιών Ρουμάτων,koinoteta_palaion_roumaton,ko,63.33,69.95,58.12
europe_lau,Κοινότητα Πολεμαρχίου,koinoteta_polemarchiou,ko,66.43,81.34,64.34
europe_lau,Κοινότητα Ταυρωνίτου,koinoteta_tauronitou,ko,41.86,77.85,78.45
europe_lau,Κοινότητα Χρυσαυγής,koinoteta_chrysauges,ko,41.55,68.22,89.12
europe_lau,Κοινότητα Κολυμβαρίου,koinoteta_kolymbariou,ko,38.87,52.64,86.54
europe_lau,Κοινότητα Αφράτων,koinoteta_aphraton,ko,45.2,82.35,92.23
europe_lau,Κοινότητα Βασιλοπούλου,koinoteta_basilopoulou,ko,62.18,71.66,73.74
europe_lau,Κοινότητα Βουβών,koinoteta_boubon,ko,31.05,63.18,94.94
europe_lau,Κοινότητα Γλώσσης,koinoteta_glosses,ko,46.9,62.6,87.2
europe_lau,Κοινότητα Δελιανών,koinoteta_delianon,ko,43.63,71.2,94.11
europe_lau,Κοινότητα Δρακόνας,koinoteta_drakonas,ko,41.18,74.08,-57.48
europe_lau,Κοινότητα Επισκοπής,koinoteta_episkopes,ko,33.9,49.46,60.48
europe_lau,Κοινότητα Ζυμπραγού,koinoteta_zympragou,ko,59.01,73.97,75.18
europe_lau,Κοινότητα Καλυδονίας,koinoteta_kalydonias,ko,58.85,74.74,32.47
europe_lau,Κοινότητα Καμισιανών,koinoteta_kamisianon,ko,63.94,84.25,79.24
europe_lau,Κοινότητα Καρών Κισσάμου,koinoteta_karon_kissamou,ko,57.26,64.72,81.14
europe_lau,Κοινότητα Νοχιών,koinoteta_nochion,ko,32.73,67.54,-59.74
europe_lau,Κοινότητα Πανεθήμου,koinoteta_panethemou,ko,64.83,72.7,78.05
europe_lau,Κοινότητα Ραβδούχας,koinoteta_rabdouchas,ko,25.78,54.92,90.79
europe_lau,Κοινότητα Ροδωπού,koinoteta_rodopou,ko,28.94,65.61,80.22
europe_lau,Κοινότητα Σπηλιάς,koinoteta_spelias,ko,49.45,67.24,52.44
europe_lau,Κοινότητα Αλικιανού,koinoteta_alikianou,ko,42.8,54.99,80.92
europe_lau,Κοινότητα Βατολάκκου,koinoteta_batolakkou,ko,51.47,69.43,58.03
europe_lau,Κοινότητα Καράνου,koinoteta_karanou,ko,13.1,34.14,77.89
europe_lau,Κοινότητα Κουφού,koinoteta_kouphou,ko,51.78,78.59,-0.52
europe_lau,Κοινότητα Λάκκων,koinoteta_lakkon,ko,30.03,55.86,96.1
europe_lau,Κοινότητα Μεσκλών,koinoteta_mesklon,ko,23.75,57.07,80.01
europe_lau,Κοινότητα Ορθουνίου,koinoteta_orthouniou,ko,47.12,68.39,95.27
europe_lau,Κοινότητα Βελιών,koinoteta_belion,ko,35.08,63.59,-68.62
europe_lau,Κοινότητα Κουλεντίων,koinoteta_koulention,ko,69.11,67.06,69.18
europe_lau,Κοινότητα Λιρών,koinoteta_liron,ko,44.79,53.97,49.85
europe_lau,Κοινότητα Νομίων,koinoteta_nomion,ko,16.69,42.53,97.21
europe_lau,Κοινότητα Ταλάντων,koinoteta_talanton,ko,52.9,62.73,15.38
europe_lau,Κοινότητα Καλαμάτας,koinoteta_kalamatas,ko,30.83,39.32,15.83
europe_lau,Κοινότητα Αλαγονίας,koinoteta_alagonias,ko,41.77,55.16,23.26
europe_lau,Κοινότητα Αντικαλάμου,koinoteta_antikalamou,ko,23.38,43.74,98.98
europe_lau,Κοινότητα Αρτεμισίας,koinoteta_artemisias,ko,37.82,53.37,-14.05
europe_lau,Κοινότητα Χολαργού,koinoteta_cholargou,ko,26.51,53.57,47.26
europe_lau,Κοινότητα Παπάγου,koinoteta_papagou,ko,24.34,46.31,40.97
europe_lau,Κοινότητα Μελισσίων,koinoteta_melission,ko,40.93,63.78,80.32
europe_lau,Κοινότητα Νέας Πεντέλης,koinoteta_neas_penteles,ko,20.35,47.54,64.48
europe_lau,Κοινότητα Πεντέλης,koinoteta_penteles,ko,31.88,57.87,-39.59
europe_lau,Κοινότητα Ψυχικού,koinoteta_psychikou,ko,58.34,71.88,70.34
europe_lau,Κοινότητα Νέου Ψυχικού,koinoteta_neou_psychikou,ko,46.92,66.55,-8.45
europe_lau,Κοινότητα Φιλοθέης,koinoteta_philothees,ko,47.74,73.14,62.87
europe_lau,Κοινότητα Αγίων Αναργύρων,koinoteta_agion_anargyron,ko,19.63,68.14,91.73
europe_lau,Κοινότητα Καματερού,koinoteta_kamaterou,ko,39.69,65.82,-18.97
europe_lau,Κοινότητα Αργυρούπολης,koinoteta_argyroupoles,ko,27.09,48.94,-54.23
europe_lau,Κοινότητα Ελληνικού,koinoteta_ellenikou,ko,56.95,68.85,56.66
europe_lau,Κοινότητα Μοσχάτου,koinoteta_moschatou,ko,34.52,66.7,60.83
europe_lau,Κοινότητα Ταύρου,koinoteta_taurou,ko,53.73,72.04,54.98
europe_lau,Κοινότητα Αχαρνών,koinoteta_acharnon,ko,33.41,60.33,95.45
europe_lau,Κοινότητα Θρακομακεδόνων,koinoteta_thrakomakedonon,ko,43.77,69.81,83.94
europe_lau,Κοινότητα Βούλας,koinoteta_boulas,ko,34.8,42.31,67.86
europe_lau,Κοινότητα Βάρης,koinoteta_bares,ko,39.9,52.23,68.06
europe_lau,Κοινότητα Βουλιαγμένης,koinoteta_bouliagmenes,ko,39.43,47.87,63.12
europe_lau,Κοινότητα Αγίου Στεφάνου,koinoteta_agiou_stephanou,ko,42.5,60.58,17.74
europe_lau,Κοινότητα Ανοίξεως,koinoteta_anoixeos,ko,44.67,82.62,30.77
europe_lau,Κοινότητα Διονύσου,koinoteta_dionysou,ko,37.55,66.74,-8.97
europe_lau,Κοινότητα Δροσιάς,koinoteta_drosias,ko,49.27,75.88,96.99
europe_lau,Κοινότητα Κρυονερίου,koinoteta_kryoneriou,ko,34.82,67.06,88.21
europe_lau,Κοινότητα Ροδοπόλεως,koinoteta_rodopoleos,ko,28.5,66.26,-102.76
europe_lau,Κοινότητα Σταμάτας,koinoteta_stamatas,ko,40.83,54.96,0.93
europe_lau,Κοινότητα Λαυρεωτικής,koinoteta_laureotikes,ko,37.85,58.89,97.8
europe_lau,Κοινότητα Αγίου Κωνσταντίνου,koinoteta_agiou_konstantinou,ko,17.52,43.3,82.47
europe_lau,Κοινότητα Κερατέας,koinoteta_kerateas,ko,29.86,47.84,96.75
europe_lau,Κοινότητα Μαραθώνος,koinoteta_marathonos,ko,44.57,53.09,26.26
europe_lau,Κοινότητα Βαρνάβα,koinoteta_barnaba,ko,48.83,68.69,80.97
europe_lau,Κοινότητα Γραμματικού,koinoteta_grammatikou,ko,44.04,53.77,36.73
europe_lau,Κοινότητα Νέας Μάκρης,koinoteta_neas_makres,ko,48.64,59.52,48.6
europe_lau,Κοινότητα Παιανίας,koinoteta_paianias,ko,38.03,50.5,25.83
europe_lau,Κοινότητα Γλυκών Νερών,koinoteta_glykon_neron,ko,50.14,72.92,88.45
europe_lau,Κοινότητα Γέρακα,koinoteta_geraka,ko,34,53.24,86.3
europe_lau,Κοινότητα Ανθούσας,koinoteta_anthousas,ko,25.44,62.59,85.32
europe_lau,Κοινότητα Παλλήνης,koinoteta_pallenes,ko,39.62,49.38,61.51
europe_lau,Κοινότητα Βουνού,koinoteta_bounou,ko,21.22,57.04,93.33
europe_lau,Κοινότητα Έξω Διδύμας,koinoteta_exo_didymas,ko,24.54,71.8,-95.09
europe_lau,Κοινότητα Θολοποταμίου,koinoteta_tholopotamiou,ko,34.23,47.59,63.86
europe_lau,Κοινότητα Καταρράκτου,koinoteta_katarraktou,ko,66.59,79.13,74.05
europe_lau,Κοινότητα Κοινής,koinoteta_koines,ko,67.51,68.7,35.71
europe_lau,Κοινότητα Μέσα Διδύμας,koinoteta_mesa_didymas,ko,27.78,60.94,-26.93
europe_lau,Κοινότητα Ασπροχώματος,koinoteta_asprochomatos,ko,39.6,66.14,93.74
europe_lau,Κοινότητα Βέργας,koinoteta_bergas,ko,51.62,62.67,24.64
europe_lau,Κοινότητα Ελαιοχωρίου,koinoteta_elaiochoriou,ko,42.5,83.47,-39.37
europe_lau,Κοινότητα Καρβελίου,koinoteta_karbeliou,ko,27.98,59.63,-10.16
europe_lau,Κοινότητα Λαδά,koinoteta_lada,ko,14.45,42.33,-59.94
europe_lau,Κοινότητα Λαιίκων,koinoteta_laiikon,ko,57.74,72.8,88.13
europe_lau,Κοινότητα Μικράς Μαντινείας,koinoteta_mikras_mantineias,ko,42.34,57.93,35.29
europe_lau,Κοινότητα Νεδούσης,koinoteta_nedouses,ko,63.92,69.78,45.5
europe_lau,Κοινότητα Πηγών,koinoteta_pegon,ko,36.59,68.92,-1.91
europe_lau,Κοινότητα Σπερχογείας,koinoteta_sperchogeias,ko,20.08,44.53,98.84
europe_lau,Κοινότητα Άριος,koinoteta_arios,ko,65.29,68.89,70.82
europe_lau,Κοινότητα Αλωνίων,koinoteta_alonion,ko,39.24,56.54,1.73
europe_lau,Κοινότητα Άμμου,koinoteta_ammou,ko,58.53,72.83,60.49
europe_lau,Κοινότητα Ανεμομύλου,koinoteta_anemomylou,ko,27.7,66.22,-25.18
europe_lau,Κοινότητα Αριοχωρίου,koinoteta_ariochoriou,ko,47.77,62.87,47.26
europe_lau,Κοινότητα Ασπροπουλιάς,koinoteta_aspropoulias,ko,57.32,66.25,39.3
europe_lau,Κοινότητα Αρφαρών,koinoteta_arpharon,ko,23.27,42.96,-4.31
europe_lau,Κοινότητα Αγίου Φλώρου,koinoteta_agiou_phlorou,ko,36.84,58.22,93.91
europe_lau,Κοινότητα Αγρίλου,koinoteta_agrilou,ko,62.44,79.14,27.73
europe_lau,Κοινότητα Βελανιδιάς,koinoteta_belanidias,ko,47.11,61.73,3.05
europe_lau,Κοινότητα Βρομόβρυσης,koinoteta_bromobryses,ko,53.66,70.37,89.03
europe_lau,Κοινότητα Πηδήματος,koinoteta_pedematos,ko,40.75,55.98,90.33
europe_lau,Κοινότητα Πλατέος,koinoteta_plateos,ko,54.29,64.31,36.66
europe_lau,Κοινότητα Σταματινού,koinoteta_stamatinou,ko,37.76,59.2,10.97
europe_lau,Κοινότητα Θουρίας,koinoteta_thourias,ko,52.6,68.13,4.5
europe_lau,Κοινότητα Αιθαίας,koinoteta_aithaias,ko,33.62,74.98,-111.57
europe_lau,Κοινότητα Αμφείας,koinoteta_ampheias,ko,45.14,58.56,33.18
europe_lau,Κοινότητα Ανθείας,koinoteta_antheias,ko,45.76,64.71,72.08
europe_lau,Κοινότητα Μικρομάνης,koinoteta_mikromanes,ko,56.62,64.15,68.59
europe_lau,Κοινότητα Πολιανής,koinoteta_polianes,ko,41.95,54.87,13.43
europe_lau,Κοινότητα Καρδαμύλης,koinoteta_kardamyles,ko,33.14,56.25,14.19
europe_lau,Κοινότητα Αγίου Νικολάου,koinoteta_agiou_nikolaou,ko,33.4,64.83,90.4
europe_lau,Κοινότητα Αγίου Νίκωνος,koinoteta_agiou_nikonos,ko,40.45,58.97,13.06
europe_lau,Κοινότητα Εξωχωρίου,koinoteta_exochoriou,ko,46.99,63.86,-8.61
europe_lau,Κοινότητα Θαλαμών,koinoteta_thalamon,ko,21.69,51.84,69.21
europe_lau,Κοινότητα Καρυοβουνίου,koinoteta_karyobouniou,ko,48.42,61.94,66.07
europe_lau,Κοινότητα Καστανέας,koinoteta_kastaneas,ko,57.41,74.6,61.47
europe_lau,Κοινότητα Λαγκάδας,koinoteta_lankadas,ko,49.08,71.32,83.04
europe_lau,Κοινότητα Μηλέας,koinoteta_meleas,ko,36.09,52.98,85.93
europe_lau,Κοινότητα Νεοχωρίου,koinoteta_neochoriou,ko,59.78,65.57,42.71
europe_lau,Κοινότητα Νομιτσή,koinoteta_nomitse,ko,25.93,74.78,35.53
europe_lau,Κοινότητα Πλάτσης,koinoteta_platses,ko,54.01,70.2,45.5
europe_lau,Κοινότητα Προαστίου,koinoteta_proastiou,ko,54.39,68.76,68.38
europe_lau,Κοινότητα Προσηλίου,koinoteta_proseliou,ko,52.68,62.07,76.23
europe_lau,Κοινότητα Πύργου Καλαμών,koinoteta_pyrgou_kalamon,ko,63.58,74.48,50.57
europe_lau,Κοινότητα Ριγκλίων,koinoteta_rinklion,ko,23.44,60.52,22.87
europe_lau,Κοινότητα Σαϊδόνας,koinoteta_saidonas,ko,37.44,61.98,8.64
europe_lau,Κοινότητα Τραχήλας,koinoteta_trachelas,ko,42.85,52.72,77.54
europe_lau,Κοινότητα Τσερίων,koinoteta_tserion,ko,29.64,68.61,0.83
europe_lau,Κοινότητα Κάμπου,koinoteta_kampou,ko,45.91,70.18,17.61
europe_lau,Κοινότητα Αβίας,koinoteta_abias,ko,52.19,64.01,34.45
europe_lau,Κοινότητα Αλτομιρών,koinoteta_altomiron,ko,53.67,66.32,35.88
europe_lau,Κοινότητα Δολών,koinoteta_dolon,ko,51.18,73.35,76.4
europe_lau,Κοινότητα Μιαμούς,koinoteta_miamous,ko,61.26,65.91,64.76
europe_lau,Κοινότητα Πλατάνου,koinoteta_platanou,ko,25.12,47.35,38.43
europe_lau,Κοινότητα Πλώρας,koinoteta_ploras,ko,49.7,57.33,79.9
europe_lau,Κοινότητα Χουστουλιανών,koinoteta_choustoulianon,ko,46.92,69.84,-1.59
europe_lau,Κοινότητα Αγίας Βαρβάρας,koinoteta_agias_barbaras,ko,46.59,59.83,64.45
europe_lau,Κοινότητα Αγίου Θωμά,koinoteta_agiou_thoma,ko,35.51,52.42,98.61
europe_lau,Κοινότητα Άνω Μουλίων,koinoteta_ano_moulion,ko,38.11,58.27,88.06
europe_lau,Κοινότητα Δουλίου,koinoteta_douliou,ko,39.2,51.83,78.97
europe_lau,Κοινότητα Λαρανίου,koinoteta_laraniou,ko,64.18,70.3,38.96
europe_lau,Κοινότητα Μεγάλης Βρύσης,koinoteta_megales_bryses,ko,45.97,72.55,95.9
europe_lau,Κοινότητα Πρινιά,koinoteta_prinia,ko,37.28,61.51,-19.07
europe_lau,Κοινότητα Ασημίου,koinoteta_asemiou,ko,59.46,66.39,66.32
europe_lau,Κοινότητα Άνω Ακρίων,koinoteta_ano_akrion,ko,42.4,61.16,-3.92
europe_lau,Κοινότητα Διονυσίου,koinoteta_dionysiou,ko,33.17,54.3,99.32
europe_lau,Κοινότητα Λουρών,koinoteta_louron,ko,42.23,64.31,49.1
europe_lau,Κοινότητα Σοκαρά,koinoteta_sokara,ko,50.97,64.63,61.88
europe_lau,Κοινότητα Σταβιών,koinoteta_stabion,ko,36.82,44.82,72.44
europe_lau,Κοινότητα Στερνών,koinoteta_sternon,ko,20.57,52.28,84.72
europe_lau,Κοινότητα Στόλων,koinoteta_stolon,ko,36.39,66,99.91
europe_lau,Κοινότητα Γέργερης,koinoteta_gergeres,ko,22.54,55.77,93.41
europe_lau,Κοινότητα Νυβρίτου,koinoteta_nybritou,ko,34.55,61.95,98.13
europe_lau,Κοινότητα Πανάσου,koinoteta_panasou,ko,62.25,75.52,87.48
europe_lau,Κοινότητα Ραφήνας,koinoteta_raphenas,ko,39.55,61.65,11.17
europe_lau,Κοινότητα Πικερμίου,koinoteta_pikermiou,ko,39.72,63.76,29.04
europe_lau,Κοινότητα Καλυβίων Θορικού,koinoteta_kalybion_thorikou,ko,36.43,55.95,88.99
europe_lau,Κοινότητα Αναβύσσου,koinoteta_anabyssou,ko,60.88,67.76,51.37
europe_lau,Κοινότητα Κουβαρά,koinoteta_koubara,ko,38.34,66.09,-36.34
europe_lau,Κοινότητα Παλαιάς Φωκαίας,koinoteta_palaias_phokaias,ko,37.78,71.61,92.55
europe_lau,Κοινότητα Αλικάμπου,koinoteta_alikampou,ko,41.63,66.71,51.71
europe_lau,Κοινότητα Βαφέ,koinoteta_baphe,ko,22.79,69.63,48.87
europe_lau,Κοινότητα Εμπροσνέρου,koinoteta_emprosnerou,ko,44.3,56.56,53.55
europe_lau,Κοινότητα Μάζης,koinoteta_mazes,ko,50.33,75.56,14.03
europe_lau,Κοινότητα Νίπους,koinoteta_nipous,ko,43.07,65.94,10.77
europe_lau,Κοινότητα Καλυβών,koinoteta_kalybon,ko,42.24,76.14,44.7
europe_lau,Κοινότητα Αρμένων,koinoteta_armenon,ko,47.9,68.07,82.19
europe_lau,Κοινότητα Καρών Αποκορώνου,koinoteta_karon_apokoronou,ko,16.02,42.63,61.37
europe_lau,Κοινότητα Μαχαιρών,koinoteta_machairon,ko,37.45,64.42,68.33
europe_lau,Κοινότητα Νέου Χωρίου Αποκορώνου,koinoteta_neou_choriou_apokoronou,ko,38.15,63.84,93.93
europe_lau,Κοινότητα Ραμνής,koinoteta_ramnes,ko,18.08,39.11,75
europe_lau,Κοινότητα Στύλου,koinoteta_stylou,ko,49.16,73.37,69.91
europe_lau,Κοινότητα Ασή Γωνιάς,koinoteta_ase_gonias,ko,35.35,50.42,9.18
europe_lau,Κοινότητα Βάμου,koinoteta_bamou,ko,48.38,67.33,84.53
europe_lau,Κοινότητα Γαβαλοχωρίου,koinoteta_gabalochoriou,ko,46.65,63.79,70.3
europe_lau,Κοινότητα Κάινας,koinoteta_kainas,ko,56.75,75.73,81.77
europe_lau,Κοινότητα Καλαμιτσίου Αλεξάνδρου,koinoteta_kalamitsiou_alexandrou,ko,51.79,65.59,90.21
europe_lau,Κοινότητα Κεφαλά,koinoteta_kephala,ko,40.25,60.19,90.99
europe_lau,Κοινότητα Κοκκίνου Χωρίου,koinoteta_kokkinou_choriou,ko,57.35,79.45,42.62
europe_lau,Κοινότητα Ξηροστερνίου,koinoteta_xerosterniou,ko,48.74,69.85,70.67
europe_lau,Κοινότητα Πλάκας,koinoteta_plakas,ko,39.84,52.96,24.62
europe_lau,Κοινότητα Σελλίων,koinoteta_sellion,ko,52.94,68.95,25.53
europe_lau,Κοινότητα Κουρνά,koinoteta_kourna,ko,26.15,39.85,87.18
europe_lau,Κοινότητα Γεωργιουπόλεως,koinoteta_georgioupoleos,ko,52.12,70.31,95.15
europe_lau,Κοινότητα Καλαμιτσίου Αμυγδαλίου,koinoteta_kalamitsiou_amygdaliou,ko,43.33,69.24,41.4
europe_lau,Κοινότητα Καστέλλου,koinoteta_kastellou,ko,20.6,43.83,85.38
europe_lau,Κοινότητα Φυλακής,koinoteta_phylakes,ko,13.99,63.05,80.85
europe_lau,Κοινότητα Φρε,koinoteta_phre,ko,19.88,47.53,38.44
europe_lau,Κοινότητα Μελιδονίου,koinoteta_melidoniou,ko,12.39,51.13,75.79
europe_lau,Κοινότητα Παϊδοχωρίου,koinoteta_paidochoriou,ko,44.46,51.43,45.46
europe_lau,Κοινότητα Πεμονίων,koinoteta_pemonion,ko,9.12,41.13,34.07
europe_lau,Κοινότητα Τζιτζιφέ,koinoteta_tzitziphe,ko,35.43,66.48,71.41
europe_lau,Κοινότητα Παλαιοχώρας,koinoteta_palaiochoras,ko,40.15,55.58,-18.9
europe_lau,Κοινότητα Βοθιανών,koinoteta_bothianon,ko,64.01,77.25,57.51
europe_lau,Κοινότητα Βουτά,koinoteta_bouta,ko,32.46,51.14,86.71
europe_lau,Κοινότητα Σαρακήνας,koinoteta_sarakenas,ko,44.29,70.34,99.23
europe_lau,Κοινότητα Σκλαβοπούλας,koinoteta_sklabopoulas,ko,52.25,62.32,77.82
europe_lau,Κοινότητα Καμπανού,koinoteta_kampanou,ko,35.44,62.31,13.11
europe_lau,Κοινότητα Επανωχωρίου,koinoteta_epanochoriou,ko,52.39,62.68,24.21
europe_lau,Κοινότητα Ροδοβανίου,koinoteta_rodobaniou,ko,54.48,67.99,72.32
europe_lau,Κοινότητα Σκάφης,koinoteta_skaphes,ko,47.02,67.99,69.9
europe_lau,Κοινότητα Σούγιας,koinoteta_sougias,ko,38.8,62.22,-15.19
europe_lau,Κοινότητα Τεμενίων,koinoteta_temenion,ko,53.51,67.86,48.9
europe_lau,Κοινότητα Κανδάνου,koinoteta_kandanou,ko,44.18,55.76,82.35
europe_lau,Κοινότητα Κακοδικίου,koinoteta_kakodikiou,ko,66.98,83.5,54.15
europe_lau,Κοινότητα Πλεμενιανών,koinoteta_plemenianon,ko,24.8,46.07,87.48
europe_lau,Κοινότητα Κισσάμου,koinoteta_kissamou,ko,43.01,57.28,71.57
europe_lau,Κοινότητα Γραμβουσής,koinoteta_grambouses,ko,17.24,49.86,77.79
europe_lau,Κοινότητα Καλαθενών,koinoteta_kalathenon,ko,34.82,54.61,88.2
europe_lau,Κοινότητα Καλλεργιανών,koinoteta_kallergianon,ko,46.1,70.76,97.81
europe_lau,Κοινότητα Κουκουναράς,koinoteta_koukounaras,ko,52.09,68.13,74.15
europe_lau,Κοινότητα Λουσακιών,koinoteta_lousakion,ko,44.83,81.33,97.58
europe_lau,Κοινότητα Πλατάνου,koinoteta_platanou,ko,17.37,45.7,76.83
europe_lau,Κοινότητα Πολυρρηνίας,koinoteta_polyrrenias,ko,24.83,53.27,94.58
europe_lau,Κοινότητα Σηρικαρίου,koinoteta_serikariou,ko,54.38,75.06,77.87
europe_lau,Κοινότητα Έλους,koinoteta_elous,ko,38.17,60.85,74.58
europe_lau,Κοινότητα Αμυγδαλοκεφαλίου,koinoteta_amygdalokephaliou,ko,65.64,66.14,67.35
europe_lau,Κοινότητα Βάθης,koinoteta_bathes,ko,33.82,54,62.99
europe_lau,Κοινότητα Βλάτους,koinoteta_blatous,ko,46.2,78.01,43.41
europe_lau,Κοινότητα Κάμπου,koinoteta_kampou,ko,53.88,65.28,55.87
europe_lau,Κοινότητα Μυρμηγκίου,koinoteta_myrmenkiou,ko,41.42,74.88,-24.93
europe_lau,Κοινότητα Νενήτων,koinoteta_neneton,ko,44.37,65.07,90.71
europe_lau,Κοινότητα Παγίδος,koinoteta_pagidos,ko,47.02,78.77,92.48
europe_lau,Κοινότητα Φλατσίων,koinoteta_phlatsion,ko,14.55,58.26,68.01
europe_lau,Κοινότητα Χαλκείου,koinoteta_chalkeiou,ko,29.05,49.67,95.85
europe_lau,Κοινότητα Αγίου Γεωργίου Συκούση,koinoteta_agiou_georgiou_sykouse,ko,69.43,72.92,58.96
europe_lau,Κοινότητα Βαβιλών,koinoteta_babilon,ko,64.52,72.25,69.2
europe_lau,Κοινότητα Βασιλεωνοίκου,koinoteta_basileonoikou,ko,33.09,71.53,89.03
europe_lau,Κοινότητα Βερβεράτου,koinoteta_berberatou,ko,59.44,66.62,41.51
europe_lau,Κοινότητα Δαφνώνος,koinoteta_daphnonos,ko,50.25,75.6,56.74
europe_lau,Κοινότητα Ζυφιά,koinoteta_zyphia,ko,34.46,75.88,76.74
europe_lau,Κοινότητα Καρδαμύλων,koinoteta_kardamylon,ko,49.72,54.66,34.27
europe_lau,Κοινότητα Αμάδων,koinoteta_amadon,ko,31.89,55.11,67.68
europe_lau,Κοινότητα Βικίου,koinoteta_bikiou,ko,42.31,54.97,86.31
europe_lau,Κοινότητα Καμπιών,koinoteta_kampion,ko,57.98,68.56,80.51
europe_lau,Κοινότητα Πιτυούντος,koinoteta_pityountos,ko,58.61,69.32,73.11
europe_lau,Κοινότητα Σπαρτούντος,koinoteta_spartountos,ko,56.24,73.97,17.68
europe_lau,Κοινότητα Πυργίου,koinoteta_pyrgiou,ko,50.06,66.23,77.69
europe_lau,Κοινότητα Αρμολίων,koinoteta_armolion,ko,37.02,50.45,75.29
europe_lau,Κοινότητα Βέσσης,koinoteta_besses,ko,40.48,49.3,61.59
europe_lau,Κοινότητα Ελάτας,koinoteta_elatas,ko,30.39,58.65,88.02
europe_lau,Κοινότητα Καλαμωτής,koinoteta_kalamotes,ko,36.5,61.11,93.85
europe_lau,Κοινότητα Λιθίου,koinoteta_lithiou,ko,51.91,62.89,58.08
europe_lau,Κοινότητα Μεστών,koinoteta_meston,ko,43.88,65,78.54
europe_lau,Κοινότητα Ολύμπων,koinoteta_olympon,ko,36.12,59.18,91.48
europe_lau,Κοινότητα Πατρικών,koinoteta_patrikon,ko,44.24,78.35,93.29
europe_lau,Κοινότητα Βροντάδου,koinoteta_brontadou,ko,51.35,56,56.02
europe_lau,Κοινότητα Ανάβατου,koinoteta_anabatou,ko,61.02,69.56,77.06
europe_lau,Κοινότητα Αυγώνυμων,koinoteta_augonymon,ko,45.44,70.32,72.57
europe_lau,Κοινότητα Καρυών,koinoteta_karyon,ko,48.87,55.71,54.63
europe_lau,Κοινότητα Λαγκάδας,koinoteta_lankadas,ko,46.84,73.8,12.94
europe_lau,Κοινότητα Σιδηρούντος,koinoteta_siderountos,ko,40.07,63.71,96.32
europe_lau,Κοινότητα Συκιάδας,koinoteta_sykiadas,ko,34.29,65.26,-19.23
europe_lau,Κοινότητα Ερμουπόλεως,koinoteta_ermoupoleos,ko,34.47,49.86,87.73
europe_lau,Κοινότητα Μάννα,koinoteta_manna,ko,50.9,70.42,21.31
europe_lau,Κοινότητα Άνω Σύρου,koinoteta_ano_syrou,ko,41.91,59.34,91.15
europe_lau,Κοινότητα Γαλησσά,koinoteta_galessa,ko,41.4,57.83,23.87
europe_lau,Κοινότητα Πάγου,koinoteta_pagou,ko,64.01,75.45,70.53
europe_lau,Κοινότητα Χρούσων,koinoteta_chrouson,ko,49.45,63.39,15.13
europe_lau,Κοινότητα Ποσειδωνίας,koinoteta_poseidonias,ko,47.25,61.32,58.86
europe_lau,Κοινότητα Βάρης,koinoteta_bares,ko,29.04,55.77,-12.84
europe_lau,Κοινότητα Φοίνικος,koinoteta_phoinikos,ko,37.76,74.27,-77.87
europe_lau,Κοινότητα Άνδρου,koinoteta_androu,ko,46.92,59.51,85.9
europe_lau,Κοινότητα Αποικίων,koinoteta_apoikion,ko,24.81,56.72,56.94
europe_lau,Κοινότητα Βουρκωτής,koinoteta_bourkotes,ko,38.74,56.6,32.13
europe_lau,Κοινότητα Λαμύρων,koinoteta_lamyron,ko,44.9,66.18,32.84
europe_lau,Κοινότητα Μεσαριάς Άνδρου,koinoteta_mesarias_androu,ko,38.14,44.1,82.52
europe_lau,Κοινότητα Πιτροφού,koinoteta_pitrophou,ko,48.23,63.45,85.37
europe_lau,Κοινότητα Στενιών,koinoteta_stenion,ko,39.87,63.4,57.39
europe_lau,Κοινότητα Όρμου Κορθίου,koinoteta_ormou_korthiou,ko,26.02,46.98,-68.93
europe_lau,Κοινότητα Καππαριάς,koinoteta_kapparias,ko,47.62,64.1,16.71
europe_lau,Κοινότητα Κορθίου,koinoteta_korthiou,ko,43.51,52.21,61.37
europe_lau,Κοινότητα Κοχύλου,koinoteta_kochylou,ko,33.97,56.78,43.39
europe_lau,Κοινότητα Παλαιοκάστρου,koinoteta_palaiokastrou,ko,50.64,57.86,60.92
europe_lau,Κοινότητα Γαζίου,koinoteta_gaziou,ko,43.85,60.55,-0.05
europe_lau,Κοινότητα Αχλάδας,koinoteta_achladas,ko,42.61,50.81,42.87
europe_lau,Κοινότητα Καλεσιών,koinoteta_kalesion,ko,31.3,63.59,98.84
europe_lau,Κοινότητα Ροδιάς,koinoteta_rodias,ko,44.75,59.96,40
europe_lau,Κοινότητα Φόδελε,koinoteta_phodele,ko,45.75,54.83,81.97
europe_lau,Κοινότητα Κρουσώνος,koinoteta_krousonos,ko,53.66,75.05,28.09
europe_lau,Κοινότητα Κορφών,koinoteta_korphon,ko,29.94,54.92,-32.35
europe_lau,Κοινότητα Λουτρακίου,koinoteta_loutrakiou,ko,38.96,61.77,-10.73
europe_lau,Κοινότητα Σάρχου,koinoteta_sarchou,ko,9.9,33.78,65.4
europe_lau,Κοινότητα Τυλίσου,koinoteta_tylisou,ko,68.09,74.49,52.23
europe_lau,Κοινότητα Αηδονοχωρίου,koinoteta_aedonochoriou,ko,54.71,64.14,44.84
europe_lau,Κοινότητα Αστυρακίου,koinoteta_astyrakiou,ko,42.77,56.8,33.14
europe_lau,Κοινότητα Γωνιών Μαλεβιζίου,koinoteta_gonion_malebiziou,ko,59.29,71.69,36.09
europe_lau,Κοινότητα Δαμάστας,koinoteta_damastas,ko,55.48,72.65,36.11
europe_lau,Κοινότητα Καμαρίου,koinoteta_kamariou,ko,60.27,81.89,17.03
europe_lau,Κοινότητα Καμαριώτου,koinoteta_kamariotou,ko,45.74,60.42,26.66
europe_lau,Κοινότητα Κεραμουτσίου,koinoteta_keramoutsiou,ko,38.59,76.23,99.82
europe_lau,Κοινότητα Μαράθου,koinoteta_marathou,ko,44.94,62.57,13.15
europe_lau,Κοινότητα Μονής,koinoteta_mones,ko,33.36,62.6,-56.83
europe_lau,Κοινότητα Καστελλίου,koinoteta_kastelliou,ko,23.02,49.52,85.12
europe_lau,Κοινότητα Αμαριανού,koinoteta_amarianou,ko,27.84,53.28,-31.89
europe_lau,Κοινότητα Αποστόλων,koinoteta_apostolon,ko,56.42,67.55,83.93
europe_lau,Κοινότητα Αρχαγγέλου,koinoteta_archangelou,ko,48.87,63.96,80.17
europe_lau,Κοινότητα Ασκών,koinoteta_askon,ko,70.3,77.75,52.69
europe_lau,Κοινότητα Γερακίου,koinoteta_gerakiou,ko,45.71,68.03,-4.72
europe_lau,Κοινότητα Ευαγγελισμού,koinoteta_euangelismou,ko,47.88,54.71,63.33
europe_lau,Κοινότητα Καρουζανών,koinoteta_karouzanon,ko,49.26,55.96,63.76
europe_lau,Κοινότητα Κασταμονίτσης,koinoteta_kastamonitses,ko,53.49,62.9,72.41
europe_lau,Κοινότητα Λιλιανού,koinoteta_lilianou,ko,52.23,68.4,60.8
europe_lau,Κοινότητα Λυττού,koinoteta_lyttou,ko,61.04,66.07,63.27
europe_lau,Копривщица,koprivsica,ko,54.24,68.97,54.07
europe_lau,Κοινότητα Μαθιάς,koinoteta_mathias,ko,28.2,63.47,-32.88
europe_lau,Κοινότητα Πολυθέας,koinoteta_polytheas,ko,41.86,61.25,71.88
europe_lau,Κοινότητα Σμαρίου,koinoteta_smariou,ko,69.96,72.33,58.87
europe_lau,Κοινότητα Αρκαλοχωρίου,koinoteta_arkalochoriou,ko,65.32,78.64,54.66
europe_lau,Κοινότητα Γαρίπας,koinoteta_garipas,ko,64.64,68.79,62.02
europe_lau,Κοινότητα Δεματίου,koinoteta_dematiou,ko,45.44,58.36,85.98
europe_lau,Κοινότητα Ινίου,koinoteta_iniou,ko,58.4,68.17,49.83
europe_lau,Κοινότητα Καραβάδου,koinoteta_karabadou,ko,65.68,68.77,59.29
europe_lau,Κοινότητα Κασάνου,koinoteta_kasanou,ko,43.61,62.74,91.8
europe_lau,Κοινότητα Καστελλιανών,koinoteta_kastellianon,ko,37.23,54.3,81.76
europe_lau,Костенец,kostenec,ko,35.99,41.94,59.51
europe_lau,Κοινότητα Πρασέ,koinoteta_prase,ko,51.07,68.16,82.44
europe_lau,Κοινότητα Σέμπρωνα,koinoteta_semprona,ko,35.91,70.86,86.49
europe_lau,Κοινότητα Σκινέ,koinoteta_skine,ko,53.75,74.11,52.78
europe_lau,Κοινότητα Φουρνέ,koinoteta_phourne,ko,58.5,72.15,51.65
europe_lau,Κοινότητα Ψαθογιάννου,koinoteta_psathogiannou,ko,68.41,81.71,58.34
europe_lau,Κοινότητα Χώρας Σφακίων,koinoteta_choras_sphakion,ko,33.33,69.79,92.03
europe_lau,Κοινότητα Αγίας Ρουμέλης,koinoteta_agias_roumeles,ko,52.7,72.01,66.21
europe_lau,Κοινότητα Αγίου Ιωάννου,koinoteta_agiou_ioannou,ko,38.13,55.19,82.43
europe_lau,Κοινότητα Ανωπόλεως,koinoteta_anopoleos,ko,33.23,67.16,82.71
europe_lau,Κοινότητα Ασκύφου,koinoteta_askyphou,ko,29.8,60.01,-43.36
europe_lau,Κοινότητα Ασφένδου,koinoteta_asphendou,ko,48.78,77.45,93.58
europe_lau,Κοινότητα Ίμπρου,koinoteta_improu,ko,31.4,52.65,94.24
europe_lau,Κοινότητα Πατσιανού,koinoteta_patsianou,ko,25.89,39.59,93.97
europe_lau,Κοινότητα Σκαλωτής,koinoteta_skalotes,ko,46.76,69.46,65.93
europe_lau,Κοινότητα Σαρωνίδος,koinoteta_saronidos,ko,56.38,61.01,70.19
europe_lau,Κοινότητα Σπάτων - Λούτσας,koinoteta_spaton_loutsas,ko,55.67,62.35,42.85
europe_lau,Κοινότητα Αρτέμιδας,koinoteta_artemidas,ko,31.62,53.42,99.83
europe_lau,Κοινότητα Σκάλας Ωρωπού,koinoteta_skalas_oropou,ko,48.59,72.98,82.8
europe_lau,Κοινότητα Νέων Παλατίων,koinoteta_neon_palation,ko,41.13,69.36,-16.64
europe_lau,Κοινότητα Ωρωπού,koinoteta_oropou,ko,52.43,68.92,91.45
europe_lau,Κοινότητα Χαλκουτσίου,koinoteta_chalkoutsiou,ko,24.42,61.96,-166.13
europe_lau,Κοινότητα Αυλώνος,koinoteta_aulonos,ko,55.65,59.65,64.24
europe_lau,Κοινότητα Αφιδνών,koinoteta_aphidnon,ko,55.29,72.38,49.91
europe_lau,Κοινότητα Καλάμου,koinoteta_kalamou,ko,50.46,68.36,27.95
europe_lau,Κοινότητα Καπανδριτίου,koinoteta_kapandritiou,ko,24.16,39.01,99.44
europe_lau,Κοινότητα Μαλακάσης,koinoteta_malakases,ko,41.35,51.24,81.06
europe_lau,Κοινότητα Μαρκοπούλου Ωρωπού,koinoteta_markopoulou_oropou,ko,40.72,72.75,89.38
europe_lau,Κοινότητα Πολυδενδρίου,koinoteta_polydendriou,ko,31.67,62.76,93.32
europe_lau,Κοινότητα Συκαμίνου,koinoteta_sykaminou,ko,50.54,66.39,36.86
europe_lau,Κοινότητα Ελευσίνος,koinoteta_eleusinos,ko,25.58,36.36,63.25
europe_lau,Κοινότητα Μαγούλας,koinoteta_magoulas,ko,37.8,63.75,99.6
europe_lau,Κοινότητα Μάνδρας,koinoteta_mandras,ko,48.15,54.32,45.81
europe_lau,Κοινότητα Βιλίων,koinoteta_bilion,ko,32.66,46.99,-22.98
europe_lau,Κοινότητα Ερυθρών,koinoteta_erythron,ko,47.71,69.04,57.72
europe_lau,Κοινότητα Οινόης,koinoteta_oinoes,ko,46.27,75.6,-38.51
europe_lau,Κοινότητα Μεγαρέων,koinoteta_megareon,ko,32.73,55.17,-46.5
europe_lau,Κοινότητα Κινέτας,koinoteta_kinetas,ko,30.45,54.86,-65.21
europe_lau,Κοινότητα Νέας Περάμου,koinoteta_neas_peramou,ko,14.12,40.05,-4.84
europe_lau,Κοινότητα Άνω Λιοσίων,koinoteta_ano_liosion,ko,32.71,55.18,93.53
europe_lau,Κοινότητα Ζεφυρίου,koinoteta_zephyriou,ko,36.41,67.25,91.68
europe_lau,Κοινότητα Φυλής,koinoteta_phyles,ko,25.01,59.53,81.43
europe_lau,Κοινότητα Κερατσινίου,koinoteta_keratsiniou,ko,38.73,64.8,92.04
europe_lau,Κοινότητα Δραπετσώνας,koinoteta_drapetsonas,ko,53.69,73.23,0.45
europe_lau,Κοινότητα Νικαίας,koinoteta_nikaias,ko,28.22,40.41,17.05
europe_lau,Κοινότητα Αγίου Ιωάννου Ρέντη,koinoteta_agiou_ioannou_rente,ko,64.52,67.52,43.22
europe_lau,Κοινότητα Σαλαμίνος,koinoteta_salaminos,ko,36.27,47.86,18.64
europe_lau,Κοινότητα Αιαντείου,koinoteta_aianteiou,ko,39,54.52,-5.1
europe_lau,Κοινότητα Αμπελακίων,koinoteta_ampelakion,ko,20.56,38.63,-51.6
europe_lau,Κοινότητα Σεληνίων,koinoteta_selenion,ko,53.06,62.35,34.46
europe_lau,Κοινότητα Κέντρου,koinoteta_kentrou,ko,41.82,63.51,7.65
europe_lau,Κοινότητα Πηγαδίων,koinoteta_pegadion,ko,39.45,53.86,28.81
europe_lau,Κοινότητα Σταυροπηγίου,koinoteta_stauropegiou,ko,49.02,68.26,84.2
europe_lau,Κοινότητα Σωτηριανίκων,koinoteta_soterianikon,ko,42.9,67.36,57.17
europe_lau,Κοινότητα Μεσσήνης,koinoteta_messenes,ko,63.35,66.85,48.03
europe_lau,Κοινότητα Αβραμιού,koinoteta_abramiou,ko,44.94,60.51,72.18
europe_lau,Κοινότητα Αναλήψεως,koinoteta_analepseos,ko,59.4,75.27,68.77
europe_lau,Κοινότητα Βελίκας,koinoteta_belikas,ko,38.27,81.98,58.58
europe_lau,Κοινότητα Καρτερολίου,koinoteta_karteroliou,ko,38.11,62.59,65.97
europe_lau,Κοινότητα Λευκοχώρας,koinoteta_leukochoras,ko,56.72,61.9,63.65
europe_lau,Κοινότητα Λυκοτράφου,koinoteta_lykotraphou,ko,46.66,58.29,42.91
europe_lau,Κοινότητα Μαδένης,koinoteta_madenes,ko,40.16,54.86,90.14
europe_lau,Κοινότητα Μαυρομματίου Παμίσου,koinoteta_maurommatiou_pamisou,ko,39.53,68.26,-43.4
europe_lau,Κοινότητα Νεοχωρίου Αριστομένους,koinoteta_neochoriou_aristomenous,ko,48.79,62.73,54.49
europe_lau,Κοινότητα Πιλαλίστρας,koinoteta_pilalistras,ko,34.95,43.5,74.08
europe_lau,Κοινότητα Πιπερίτσης,koinoteta_piperitses,ko,42.22,72.42,-25.98
europe_lau,Κοινότητα Σπιταλίου,koinoteta_spitaliou,ko,51.68,61.96,65.4
europe_lau,Κοινότητα Τριόδου,koinoteta_triodou,ko,55.99,79.52,47.28
europe_lau,Κοινότητα Λογγάς,koinoteta_longas,ko,59.47,76.12,76.7
europe_lau,Κοινότητα Αδριανής,koinoteta_adrianes,ko,48.88,65.37,93.48
europe_lau,Κοινότητα Μηλίτσης,koinoteta_melitses,ko,48.09,69.57,73.48
europe_lau,Κοινότητα Νέας Κορώνης,koinoteta_neas_korones,ko,24.4,43.5,-13.88
europe_lau,Κοινότητα Χράνων,koinoteta_chranon,ko,62.48,72.62,51.82
europe_lau,Κοινότητα Ανδρούσης,koinoteta_androuses,ko,53.34,69.04,88.35
europe_lau,Κοινότητα Αγριλιάς Μεσσήνης,koinoteta_agrilias_messenes,ko,24.93,56.18,13.75
europe_lau,Κοινότητα Αμφιθέας,koinoteta_amphitheas,ko,34.48,52.63,39.08
europe_lau,Κοινότητα Ελληνοεκκλησίας,koinoteta_ellenoekklesias,ko,33.26,59.39,94.67
europe_lau,Κοινότητα Εύας,koinoteta_euas,ko,37.48,61.69,-8.09
europe_lau,Κοινότητα Καλαμαρά,koinoteta_kalamara,ko,36.43,54.19,8.69
europe_lau,Κοινότητα Καλογερόρραχης,koinoteta_kalogerorraches,ko,54.67,69.84,58.88
europe_lau,Κοινότητα Μαγγανιακού,koinoteta_manganiakou,ko,57.1,68.33,74.26
europe_lau,Κοινότητα Πολυλόφου,koinoteta_polylophou,ko,49.69,65.05,78.31
europe_lau,Κοινότητα Αριστομένους,koinoteta_aristomenous,ko,27.91,46.59,89.6
europe_lau,Κοινότητα Βουταίνης,koinoteta_boutaines,ko,40.24,73.9,89.82
europe_lau,Κοινότητα Διοδίων,koinoteta_diodion,ko,55.32,64.25,66.59
europe_lau,Κοινότητα Κεφαλοβρύσου,koinoteta_kephalobrysou,ko,47.63,73.28,83.84
europe_lau,Κοινότητα Κουτίφαρη,koinoteta_koutiphare,ko,35.48,71.77,60.11
europe_lau,Κοινότητα Μάνεση,koinoteta_manese,ko,44.56,54.81,77.71
europe_lau,Κοινότητα Πελεκανάδας,koinoteta_pelekanadas,ko,66.48,74.2,58.61
europe_lau,Κοινότητα Πλατανόβρυσης,koinoteta_platanobryses,ko,50.39,62.13,72.73
europe_lau,Κοινότητα Πουλιτσίου,koinoteta_poulitsiou,ko,60.36,68.97,47.36
europe_lau,Κοινότητα Στέρνας,koinoteta_sternas,ko,19.43,50.81,76.96
europe_lau,Κοινότητα Στρεφίου,koinoteta_strephiou,ko,55.91,70.37,37.62
europe_lau,Κοινότητα Χατζή,koinoteta_chatze,ko,44.26,60.74,62.05
europe_lau,Κοινότητα Βλάση,koinoteta_blase,ko,63.13,71.08,58.98
europe_lau,Κοινότητα Κουρτακίου,koinoteta_kourtakiou,ko,49.64,61.81,38.02
europe_lau,Κοινότητα Μηλιωτίου,koinoteta_meliotiou,ko,35.11,57.83,74.91
europe_lau,Κοινότητα Πετριτσίου,koinoteta_petritsiou,ko,31.38,64.7,61
europe_lau,Κοινότητα Χαραυγής,koinoteta_charauges,ko,54.68,77.21,33.91
europe_lau,Κοινότητα Βαλύρας,koinoteta_balyras,ko,47.93,71.4,63.94
europe_lau,Κοινότητα Αριστοδημείου,koinoteta_aristodemeiou,ko,44.33,77.76,-14.8
europe_lau,Κοινότητα Αρσινόης,koinoteta_arsinoes,ko,60.77,74.98,62.97
europe_lau,Κοινότητα Αρχαίας Μεσσήνης,koinoteta_archaias_messenes,ko,32.53,40.64,17.65
europe_lau,Κοινότητα Ζερμπισίων,koinoteta_zermpision,ko,60.93,69,56.33
europe_lau,Κοινότητα Κεφαλινού,koinoteta_kephalinou,ko,56.3,67.74,38.17
europe_lau,Κοινότητα Λαμπαίνης,koinoteta_lampaines,ko,23.86,57.75,-53.74
europe_lau,Κοινότητα Ρευματιάς,koinoteta_reumatias,ko,46.95,70.75,-19.67
europe_lau,Κοινότητα Πεταλιδίου,koinoteta_petalidiou,ko,30.61,48.35,76.65
europe_lau,Κοινότητα Αχλαδοχωρίου,koinoteta_achladochoriou,ko,58.75,71.8,82.41
europe_lau,Κοινότητα Δάρα,koinoteta_dara,ko,28.85,55.84,35.06
europe_lau,Κοινότητα Δροσιάς,koinoteta_drosias,ko,64.75,71.15,60.75
europe_lau,Κοινότητα Λευκοχωρίου,koinoteta_leukochoriou,ko,49.46,70.64,9.87
europe_lau,Κοινότητα Νιπιδιτού,koinoteta_nipiditou,ko,59.95,59.82,68.46
europe_lau,Κοινότητα Παναγίας,koinoteta_panagias,ko,26.36,45.74,-10.78
europe_lau,Κοινότητα Πανοράματος,koinoteta_panoramatos,ko,47.38,67.89,97.83
europe_lau,Κοινότητα Παρτίρων,koinoteta_partiron,ko,37.87,54.1,99.08
europe_lau,Κοινότητα Πατσιδερού,koinoteta_patsiderou,ko,39.39,61.58,86.88
europe_lau,Κοινότητα Σκινιά,koinoteta_skinia,ko,49.9,66.72,65.77
europe_lau,Κοινότητα Θραψανού,koinoteta_thrapsanou,ko,62.78,66.5,65.4
europe_lau,Κοινότητα Βόνης,koinoteta_bones,ko,45.96,66.1,82.88
europe_lau,Κοινότητα Ζωφόρων,koinoteta_zophoron,ko,49.11,68.74,12.02
europe_lau,Κοινότητα Γαλήνης,koinoteta_galenes,ko,27.31,48.7,80.94
europe_lau,Κοινότητα Γλαύκης,koinoteta_glaukes,ko,55.17,71.97,46.65
europe_lau,Κοινότητα Ελευθερίου,koinoteta_eleutheriou,ko,55.26,61.34,30.37
europe_lau,Κοινότητα Μελίας,koinoteta_melias,ko,37.35,53.11,60.39
europe_lau,Κοινότητα Μελισσοχωρίου,koinoteta_melissochoriou,ko,41.6,64.23,88.18
europe_lau,Κοινότητα Λανθίου,koinoteta_lanthiou,ko,40.52,66.86,40.71
europe_lau,Κοινότητα Λατζοΐου,koinoteta_latzoiou,ko,50.06,71.19,29.35
europe_lau,Κοινότητα Μαγούλας,koinoteta_magoulas,ko,43.01,66.93,47.5
europe_lau,Κοινότητα Μουζακίου,koinoteta_mouzakiou,ko,54.46,64.94,58.2
europe_lau,Κοινότητα Πεύκης,koinoteta_peukes,ko,34.54,51.14,65.03
europe_lau,Κοινότητα Σοπίου,koinoteta_sopiou,ko,51.88,79.47,36.24
europe_lau,Κοινότητα Χαριάς,koinoteta_charias,ko,57.9,71.59,30.38
europe_lau,Κοινότητα Χειμαδιού,koinoteta_cheimadiou,ko,41.37,52.53,21.57
europe_lau,Κοινότητα Ωλένης,koinoteta_olenes,ko,74.36,72.96,39.79
europe_lau,Κοινότητα Αμαλιάδος,koinoteta_amaliados,ko,49.4,56.07,39.08
europe_lau,Κοινότητα Αγίου Δημητρίου,koinoteta_agiou_demetriou,ko,49.31,68.24,1.41
europe_lau,Κοινότητα Αγίου Ηλία Πηνηίων,koinoteta_agiou_elia_peneion,ko,43.1,69.06,36.71
europe_lau,Κοινότητα Αμπελοκάμπου,koinoteta_ampelokampou,ko,69.16,78.45,75.26
europe_lau,Κοινότητα Αρχαίας Ήλιδας,koinoteta_archaias_elidas,ko,51.29,62,61.66
europe_lau,Κοινότητα Αυγείου,koinoteta_augeiou,ko,37.25,64.19,21.89
europe_lau,Κοινότητα Γερακίου,koinoteta_gerakiou,ko,46.06,70.86,34.58
europe_lau,Κοινότητα Δάφνης,koinoteta_daphnes,ko,40.69,58.52,-5.28
europe_lau,Κοινότητα Δαφνιωτίσσης,koinoteta_daphniotisses,ko,35.11,49.12,26.14
europe_lau,Κοινότητα Δουναίικων,koinoteta_dounaiikon,ko,48.51,72.34,-15.75
europe_lau,Κοινότητα Καλυβίων Ήλιδος,koinoteta_kalybion_elidos,ko,53.74,79,26.63
europe_lau,Κοινότητα Καρδαμά,koinoteta_kardama,ko,38.82,62.34,-25.73
europe_lau,Κοινότητα Κέντρου,koinoteta_kentrou,ko,56.69,73.85,72.02
europe_lau,Κοινότητα Κεραμιδιάς,koinoteta_keramidias,ko,28.31,49.57,-43.71
europe_lau,Κοινότητα Κρυονέρου,koinoteta_kryonerou,ko,44.14,62.76,60.9
europe_lau,Κοινότητα Περιστερίου,koinoteta_peristeriou,ko,51.21,69.83,65.01
europe_lau,Κοινότητα Ροβιάτας,koinoteta_robiatas,ko,15.77,59.38,37.4
europe_lau,Κοινότητα Σαβαλίων,koinoteta_sabalion,ko,36.37,51.58,75.67
europe_lau,Κοινότητα Σωστίου,koinoteta_sostiou,ko,23.74,45.35,95.29
europe_lau,Κοινότητα Χαβαρίου,koinoteta_chabariou,ko,57.25,67.44,25.81
europe_lau,Κοινότητα Σιμοπούλου,koinoteta_simopoulou,ko,56.58,73.56,16.03
europe_lau,Κοινότητα Αγνάντων,koinoteta_agnanton,ko,27.33,68.21,-157.62
europe_lau,Κοινότητα Αγραπιδοχωρίου,koinoteta_agrapidochoriou,ko,43.2,58.6,-8.28
europe_lau,Κοινότητα Ανθώνος,koinoteta_anthonos,ko,46.46,64.99,-9.08
europe_lau,Κοινότητα Αυγής,koinoteta_auges,ko,42.81,59.24,96.81
europe_lau,Κοινότητα Βελανιδίου,koinoteta_belanidiou,ko,39.78,60.49,-32.18
europe_lau,Κοινότητα Βουλιαγμένης,koinoteta_bouliagmenes,ko,19.41,70.65,-57.01
europe_lau,Κοινότητα Εφύρας,koinoteta_ephyras,ko,33.11,51.57,80.59
europe_lau,Κοινότητα Κάμπου,koinoteta_kampou,ko,39.02,57.13,86.97
europe_lau,Κοινότητα Λαγανά,koinoteta_lagana,ko,51.57,63.88,78.93
europe_lau,Κοινότητα Λάτα,koinoteta_lata,ko,58.68,79.66,33.24
europe_lau,Κοινότητα Λουκά,koinoteta_louka,ko,26.13,73.47,-112.97
europe_lau,Κοινότητα Μαζαρακίου,koinoteta_mazarakiou,ko,24.91,48.36,57.41
europe_lau,Κοινότητα Οινόης,koinoteta_oinoes,ko,61.02,71.11,35.48
europe_lau,Κοινότητα Ροδιάς,koinoteta_rodias,ko,47.63,64.13,-4.14
europe_lau,Κοινότητα Σκλίβας,koinoteta_sklibas,ko,16.88,78.34,-21.46
europe_lau,Κοινότητα Λεχαινών,koinoteta_lechainon,ko,36.42,45.92,41.93
europe_lau,Κοινότητα Άγιος Χαράλαμπος,koinoteta_agios_charalampos,ko,53.04,82.68,4.6
europe_lau,Κοινότητα Αρετής,koinoteta_aretes,ko,41.89,66.44,97.01
europe_lau,Κοινότητα Μελίσσα,koinoteta_melissa,ko,54.61,65.85,60.25
europe_lau,Κοινότητα Μπόρσιον,koinoteta_mporsion,ko,60.34,65.32,60.46
europe_lau,Κοινότητα Μυρσίνης,koinoteta_myrsines,ko,47.11,59.09,30.07
europe_lau,Κοινότητα Ανδραβίδας,koinoteta_andrabidas,ko,29.53,54.97,-24.54
europe_lau,Κοινότητα Σταφιδοκάμπου,koinoteta_staphidokampou,ko,48.09,60.2,54.02
europe_lau,Κοινότητα Στρουσίου,koinoteta_strousiou,ko,62.77,75.29,74.17
europe_lau,Κοινότητα Βάρδας,koinoteta_bardas,ko,46.87,55.61,55.07
europe_lau,Κοινότητα Αετορράχης,koinoteta_aetorraches,ko,37.48,55.34,25.37
europe_lau,Κοινότητα Καπελέτου,koinoteta_kapeletou,ko,42.14,68.03,35.08
europe_lau,Κοινότητα Κουρτεσίου,koinoteta_kourtesiou,ko,37.77,60.56,57.85
europe_lau,Κοινότητα Μανολάδος,koinoteta_manolados,ko,24.45,43.4,79.08
europe_lau,Κοινότητα Νεαπόλεως,koinoteta_neapoleos,ko,60.12,74.33,44.69
europe_lau,Κοινότητα Νέας Μανολάδος,koinoteta_neas_manolados,ko,27.19,70.24,36.64
europe_lau,Κοινότητα Νησίου,koinoteta_nesiou,ko,50.12,61,60.85
europe_lau,Κοινότητα Αγίου Σπυρίδωνος,koinoteta_agiou_spyridonos,ko,38.09,67.66,96.5
europe_lau,Κοινότητα Διονύσου,koinoteta_dionysou,ko,53.9,60.74,22.85
europe_lau,Κοινότητα Καρυάς,koinoteta_karyas,ko,37.5,76.42,-75.92
europe_lau,Κοινότητα Λουτσίου,koinoteta_loutsiou,ko,35.16,65.16,54.02
europe_lau,Κοινότητα Παύλου,koinoteta_paulou,ko,49.21,57.14,79.07
europe_lau,Κοινότητα Πύργου,koinoteta_pyrgou,ko,26.73,58,21.46
europe_lau,Κοινότητα Ακραιφνίου,koinoteta_akraiphniou,ko,40.94,69.05,4.25
europe_lau,Κοινότητα Κάστρου,koinoteta_kastrou,ko,37.15,54.96,48.16
europe_lau,Κοινότητα Κοκκίνου,koinoteta_kokkinou,ko,16.03,40.39,-106.52
europe_lau,Κοινότητα Αίγινας,koinoteta_aiginas,ko,33.36,55.33,37.1
europe_lau,Κοινότητα Βαθέος,koinoteta_batheos,ko,43.05,59.4,35.29
europe_lau,Κοινότητα Κυψέλης,koinoteta_kypseles,ko,51.74,68.26,54.91
europe_lau,Κοινότητα Μεσαγρού,koinoteta_mesagrou,ko,53.55,68.71,35.03
europe_lau,Κοινότητα Πέρδικας,koinoteta_perdikas,ko,46.87,66.37,19.59
europe_lau,Κοινότητα Κυθήρων,koinoteta_kytheron,ko,34.65,56.01,-23.43
europe_lau,Κοινότητα Αρωνιαδίκων,koinoteta_aroniadikon,ko,54.15,67.08,82.49
europe_lau,Κοινότητα Καραβά,koinoteta_karaba,ko,54.51,64.18,66.58
europe_lau,Κοινότητα Καρβουνάδων,koinoteta_karbounadon,ko,16.6,59.95,-186.18
europe_lau,Κοινότητα Κοντολιανίκων,koinoteta_kontolianikon,ko,13.18,51.97,-165.96
europe_lau,Κοινότητα Λιβαδίου,koinoteta_libadiou,ko,46.93,75.48,-18.04
europe_lau,Κοινότητα Λογοθετιανίκων,koinoteta_logothetianikon,ko,66.84,67.53,61.94
europe_lau,Κοινότητα Μητάτων,koinoteta_metaton,ko,38.14,72.65,-85.68
europe_lau,Κοινότητα Μυλοποτάμου,koinoteta_mylopotamou,ko,65.27,71.89,58.84
europe_lau,Κοινότητα Μυρτιδίων,koinoteta_myrtidion,ko,48.39,60.67,40.7
europe_lau,Κοινότητα Ποταμού,koinoteta_potamou,ko,60.58,76.83,79.17
europe_lau,Κοινότητα Φρατσίων,koinoteta_phratsion,ko,17.14,38.73,-109.38
europe_lau,Κοινότητα Φριλιγκιανίκων,koinoteta_phrilinkianikon,ko,34.87,45.8,5.02
europe_lau,Κοινότητα Αντικυθήρων,koinoteta_antikytheron,ko,24.06,61.44,96.73
europe_lau,Κοινότητα Συνετίου,koinoteta_synetiou,ko,49.64,75.38,66.06
europe_lau,Κοινότητα Γαυρίου,koinoteta_gauriou,ko,20.74,53.78,12.55
europe_lau,Κοινότητα Αμμολόχου,koinoteta_ammolochou,ko,54.62,73.93,52.35
europe_lau,Κοινότητα Άνω Γαυρίου,koinoteta_ano_gauriou,ko,51.93,72.37,42.67
europe_lau,Κοινότητα Απροβάτου,koinoteta_aprobatou,ko,50.54,57.94,49.58
europe_lau,Κοινότητα Αρνά,koinoteta_arna,ko,48.11,73.2,99.07
europe_lau,Κοινότητα Βιταλίου,koinoteta_bitaliou,ko,41.38,70.94,66.95
europe_lau,Κοινότητα Κατακοίλου,koinoteta_katakoilou,ko,21.42,43.25,87.03
europe_lau,Κοινότητα Μακροταντάλου,koinoteta_makrotantalou,ko,44.46,65.51,28.53
europe_lau,Κοινότητα Μπατσίου,koinoteta_mpatsiou,ko,46.87,55.11,83.32
europe_lau,Κοινότητα Παλαιοπόλεως,koinoteta_palaiopoleos,ko,51.73,64.87,83
europe_lau,Κοινότητα Φελλού,koinoteta_phellou,ko,41.16,53.96,75.68
europe_lau,Κοινότητα Θήρας,koinoteta_theras,ko,42.14,53.66,58.92
europe_lau,Κοινότητα Ακρωτηρίου,koinoteta_akroteriou,ko,33.04,68.42,-83.41
europe_lau,Κοινότητα Βόθωνος,koinoteta_bothonos,ko,20.1,64.48,-45.25
europe_lau,Κοινότητα Βουρβούλου,koinoteta_bourboulou,ko,60.19,82.17,24.16
europe_lau,Κοινότητα Εμπορείου,koinoteta_emporeiou,ko,52.72,64.06,39.03
europe_lau,Κοινότητα Έξω Γωνιάς,koinoteta_exo_gonias,ko,35.32,76.49,-100.66
europe_lau,Κοινότητα Επισκοπής Γωνιάς,koinoteta_episkopes_gonias,ko,37.74,59.34,36.6
europe_lau,Κοινότητα Ημεροβιγλίου,koinoteta_emerobigliou,ko,32.68,47.79,94.06
europe_lau,Κοινότητα Καρτεράδου,koinoteta_karteradou,ko,44.31,74.45,20.56
europe_lau,Κοινότητα Μεγαλοχωρίου,koinoteta_megalochoriou,ko,34.5,68.77,97.78
europe_lau,Κοινότητα Μεσαριάς,koinoteta_mesarias,ko,30.81,60.23,-9.87
europe_lau,Κοινότητα Πύργου Καλλίστης,koinoteta_pyrgou_kallistes,ko,22.71,46.63,17.6
europe_lau,Κοινότητα Οίας,koinoteta_oias,ko,48.77,75.49,-23.99
europe_lau,Κοινότητα Θηρασίας,koinoteta_therasias,ko,36.94,60.52,97.66
europe_lau,Κοινότητα Φολεγάνδρου,koinoteta_pholegandrou,ko,51.28,68.89,30.75
europe_lau,Κοινότητα Άνω Μεριάς,koinoteta_ano_merias,ko,39.13,69.15,6.18
europe_lau,Κοινότητα Καρπάθου,koinoteta_karpathou,ko,43.71,70.49,52.15
europe_lau,Κοινότητα Απερίου,koinoteta_aperiou,ko,53.64,62.88,84.29
europe_lau,Κοινότητα Αρκάσας,koinoteta_arkasas,ko,31.2,58.33,77.71
europe_lau,Κοινότητα Βωλάδας,koinoteta_boladas,ko,52.95,72.82,72.41
europe_lau,Κοινότητα Μενετών,koinoteta_meneton,ko,34.78,58.07,75.89
europe_lau,Κοινότητα Μεσοχωρίου,koinoteta_mesochoriou,ko,23.59,59.99,99.81
europe_lau,Κοινότητα Όθους,koinoteta_othous,ko,36.53,64.42,94.18
europe_lau,Κοινότητα Πυλών,koinoteta_pylon,ko,29.84,58.25,97.56
europe_lau,Κοινότητα Σπόων,koinoteta_spoon,ko,32.94,73.86,95.09
europe_lau,Κοινότητα Ολύμπου,koinoteta_olympou,ko,27.85,62.5,96.95
europe_lau,Κοινότητα Ιουλίδος,koinoteta_ioulidos,ko,36.31,63.36,82.69
europe_lau,Κοινότητα Κορησσίας,koinoteta_koressias,ko,30.03,62.45,35.06
europe_lau,Κοινότητα Κύθνου,koinoteta_kythnou,ko,44.44,50.79,55.21
europe_lau,Κοινότητα Δρυοπίδος,koinoteta_dryopidos,ko,36.69,65.66,82.99
europe_lau,Κοινότητα Κω,koinoteta_ko,ko,54.68,71.74,32.86
europe_lau,Κοινότητα Ασφενδιού,koinoteta_asphendiou,ko,43.73,75.34,60.97
europe_lau,Κοινότητα Πυλίου,koinoteta_pyliou,ko,57.18,75.91,57.47
europe_lau,Κοινότητα Αντιμαχείας,koinoteta_antimacheias,ko,49.65,65.97,69.24
europe_lau,Κοινότητα Καρδαμαίνης,koinoteta_kardamaines,ko,23.21,55.96,7.27
europe_lau,Κοινότητα Κεφάλου,koinoteta_kephalou,ko,31.54,44.45,70.78
europe_lau,Κοινότητα Μανδρακίου,koinoteta_mandrakiou,ko,61.95,71.56,77.94
europe_lau,Κοινότητα Εμπορειού,koinoteta_emporeiou,ko,33.14,66.31,80.41
europe_lau,Κοινότητα Νικιών,koinoteta_nikion,ko,57.84,69.73,35.07
europe_lau,Костинброд,kostinbrod,ko,54.69,70.97,78.39
europe_lau,Κοινότητα Σαμπά,koinoteta_sampa,ko,54.89,72.11,33.35
europe_lau,Κοινότητα Μοιρών,koinoteta_moiron,ko,52.34,65.39,70.87
europe_lau,Κοινότητα Αληθινής,koinoteta_alethines,ko,34.62,50.11,99.21
europe_lau,Κοινότητα Αντισκαρίου,koinoteta_antiskariou,ko,49.71,72.2,89.69
europe_lau,Κοινότητα Γαλιάς,koinoteta_galias,ko,50.79,61.04,54.43
europe_lau,Κοινότητα Καστελλίου,koinoteta_kastelliou,ko,40.13,58.28,90.25
europe_lau,Κοινότητα Κουσέ,koinoteta_kouse,ko,44.89,59.99,89.72
europe_lau,Κοινότητα Περίου,koinoteta_periou,ko,49.87,60.82,50.16
europe_lau,Κοινότητα Πετροκεφαλίου,koinoteta_petrokephaliou,ko,48.67,73.25,79.75
europe_lau,Κοινότητα Πηγαϊδακίων,koinoteta_pegaidakion,ko,38.32,62.49,8.32
europe_lau,Κοινότητα Πόμπιας,koinoteta_pompias,ko,54.52,79.68,98.95
europe_lau,Κοινότητα Ρουφά,koinoteta_roupha,ko,36.66,64.12,-6.85
europe_lau,Κοινότητα Σκουρβούλων,koinoteta_skourboulon,ko,33.7,66.8,88.87
europe_lau,Κοινότητα Ζαρού,koinoteta_zarou,ko,27.23,62.34,78.25
europe_lau,Κοινότητα Βοριζίων,koinoteta_borizion,ko,33.24,51.32,98.47
europe_lau,Κοινότητα Μορονίου,koinoteta_moroniou,ko,58.46,75.24,41.14
europe_lau,Κοινότητα Τυμπακίου,koinoteta_tympakiou,ko,42.78,62.12,40.08
europe_lau,Κοινότητα Βώρων,koinoteta_boron,ko,45.43,71.38,94.07
europe_lau,Κοινότητα Γρηγορίας,koinoteta_gregorias,ko,51.45,62.41,53.25
europe_lau,Κοινότητα Καμαρών,koinoteta_kamaron,ko,34.78,69.46,84.8
europe_lau,Κοινότητα Καμηλαρίου,koinoteta_kamelariou,ko,31.35,59.18,-37.42
europe_lau,Κοινότητα Κλήματος,koinoteta_klematos,ko,46.23,64.06,10.5
europe_lau,Κοινότητα Λαγολίου,koinoteta_lagoliou,ko,50.39,78.08,56.55
europe_lau,Κοινότητα Μαγαρικαρίου,koinoteta_magarikariou,ko,46.22,48.59,52.49
europe_lau,Κοινότητα Πιτσιδίων,koinoteta_pitsidion,ko,37.79,59.6,73.45
europe_lau,Κοινότητα Σίβα,koinoteta_siba,ko,31.46,62.34,94.99
europe_lau,Κοινότητα Φανερωμένης,koinoteta_phaneromenes,ko,36.13,60.05,93.44
europe_lau,Κοινότητα Ανωπόλεως,koinoteta_anopoleos,ko,38.8,62.91,78.68
europe_lau,Κοινότητα Γουβών,koinoteta_goubon,ko,65.7,71.23,57.63
europe_lau,Κοινότητα Ελαίας,koinoteta_elaias,ko,63.38,81.24,76.91
europe_lau,Κοινότητα Επάνω Βαθείας,koinoteta_epano_batheias,ko,54.97,69.07,34.78
europe_lau,Κοινότητα Καλού Χωρίου,koinoteta_kalou_choriou,ko,63.35,73.67,54.86
europe_lau,Κοινότητα Κάτω Βαθείας,koinoteta_kato_batheias,ko,21.99,62.53,86.76
europe_lau,Κοινότητα Κόξαρης,koinoteta_koxares,ko,41.11,54.34,80.02
europe_lau,Κοινότητα Χαράσου,koinoteta_charasou,ko,45.97,68.6,64.56
europe_lau,Κοινότητα Επισκοπής,koinoteta_episkopes,ko,46.17,57.95,40.11
europe_lau,Κοινότητα Αϊτανίων,koinoteta_aitanion,ko,54.55,76.17,92.74
europe_lau,Κοινότητα Γαλίφας,koinoteta_galiphas,ko,52.83,58,64.59
europe_lau,Κοινότητα Καινούργιου Χωρίου,koinoteta_kainourgiou_choriou,ko,42.31,57.1,85.23
europe_lau,Κοινότητα Σγουροκεφαλίου,koinoteta_sgourokephaliou,ko,35.4,63.72,-27.81
europe_lau,Κοινότητα Μαλίων,koinoteta_malion,ko,62.93,71.45,48.84
europe_lau,Κοινότητα Κρασίου,koinoteta_krasiou,ko,39.6,63.99,11.52
europe_lau,Κοινότητα Μοχού,koinoteta_mochou,ko,54.67,76.18,51.31
europe_lau,Κοινότητα Λιμένος Χερσονήσου,koinoteta_limenos_chersonesou,ko,31.58,44.59,78.39
europe_lau,Κοινότητα Αβδού,koinoteta_abdou,ko,46.52,55.76,51.21
europe_lau,Κοινότητα Γωνιών Πεδιάδος,koinoteta_gonion_pediados,ko,34.14,63.1,87.72
europe_lau,Κοινότητα Κεράς,koinoteta_keras,ko,54.78,69.88,82.63
europe_lau,Κοινότητα Ποταμιών,koinoteta_potamion,ko,56.43,67.55,74.43
europe_lau,Κοινότητα Χερσονήσου,koinoteta_chersonesou,ko,41.2,66.9,85.8
europe_lau,Κοινότητα Αγίου Νικολάου,koinoteta_agiou_nikolaou,ko,40.77,55.29,88.97
europe_lau,Κοινότητα Βρουχά,koinoteta_broucha,ko,37.2,60.71,44.59
europe_lau,Κοινότητα Σχηματαρίου,koinoteta_schematariou,ko,47.21,70.52,45.54
europe_lau,Κοινότητα Πύλης,koinoteta_pyles,ko,47.15,58.24,82.63
europe_lau,Κοινότητα Δάφνης,koinoteta_daphnes,ko,68.31,71.07,50.79
europe_lau,Κοινότητα Σκούρτων,koinoteta_skourton,ko,59.52,61.43,49.15
europe_lau,Κοινότητα Στεφάνης,koinoteta_stephanes,ko,43.64,61.61,41.48
europe_lau,Κοινότητα Οινοφύτων,koinoteta_oinophyton,ko,63.75,71.64,71.64
europe_lau,Κοινότητα Αγίου Θωμά,koinoteta_agiou_thoma,ko,48.17,66.12,88.96
europe_lau,Κοινότητα Κλειδίου,koinoteta_kleidiou,ko,29.8,55.66,90.27
europe_lau,Κοινότητα Άρματος,koinoteta_armatos,ko,48.09,68.25,80.6
europe_lau,Κοινότητα Ασωπίας,koinoteta_asopias,ko,61.6,72.79,24.52
europe_lau,Κοινότητα Καλλιθέας,koinoteta_kallitheas,ko,61.21,71.85,78.27
europe_lau,Κοινότητα Τανάγρας,koinoteta_tanagras,ko,28.14,52.05,71.57
europe_lau,Κοινότητα Δηλεσίου,koinoteta_delesiou,ko,50.7,75.81,20.53
europe_lau,Κοινότητα Πλάκας Δηλεσίου,koinoteta_plakas_delesiou,ko,44.07,60.85,6.6
europe_lau,Κοινότητα Χαλκιδέων,koinoteta_chalkideon,ko,42.42,60.77,26.32
europe_lau,Κοινότητα Δροσιάς,koinoteta_drosias,ko,46.74,59.8,46.31
europe_lau,Κοινότητα Ανθηδόνα,koinoteta_anthedona,ko,32.68,58.06,-13.46
europe_lau,Κοινότητα Βαθέος,koinoteta_batheos,ko,36.69,55,-11.92
europe_lau,Κοινότητα Καλοχωρίου - Παντειχίου,koinoteta_kalochoriou_panteichiou,ko,27.64,58.64,-41.83
europe_lau,Κοινότητα Παραλίας Αυλίδος,koinoteta_paralias_aulidos,ko,45.09,57.86,63.71
europe_lau,Κοινότητα Φάρου,koinoteta_pharou,ko,21.12,57.02,75.61
europe_lau,Κοινότητα Βασιλικού,koinoteta_basilikou,ko,31.06,52.19,-30.65
europe_lau,Κοινότητα Αγίου Νικολάου,koinoteta_agiou_nikolaou,ko,39.57,54.92,89.44
europe_lau,Κοινότητα Αφρατίου,koinoteta_aphratiou,ko,58.31,63.75,44.3
europe_lau,Κοινότητα Μύτικα,koinoteta_mytika,ko,55.62,67.64,41.05
europe_lau,Κοινότητα Νέας Λαμψάκου,koinoteta_neas_lampsakou,ko,25.67,59.71,80.04
europe_lau,Κοινότητα Φύλλων,koinoteta_phyllon,ko,34.03,50.16,7.11
europe_lau,Κοινότητα Νέας Αρτάκης,koinoteta_neas_artakes,ko,58.98,66,57.29
europe_lau,Κοινότητα Ψαχνών,koinoteta_psachnon,ko,35.11,53.74,95.47
europe_lau,Κοινότητα Αγίας Σοφίας,koinoteta_agias_sophias,ko,55.51,74.65,40.43
europe_lau,Κοινότητα Άτταλης,koinoteta_attales,ko,38.18,52.06,76.89
europe_lau,Κοινότητα Καμαρίτσης,koinoteta_kamaritses,ko,25.27,62.4,93.99
europe_lau,Κοινότητα Καστέλλας,koinoteta_kastellas,ko,56.6,65.25,79.6
europe_lau,Κοινότητα Κοντοδεσποτίου,koinoteta_kontodespotiou,ko,27.47,65.55,97.19
europe_lau,Κοινότητα Κυπαρισσίου,koinoteta_kyparissiou,ko,28.08,46.26,98.9
europe_lau,Κοινότητα Μακρυκάπας,koinoteta_makrykapas,ko,25.61,55.41,82.36
europe_lau,Κοινότητα Νεροτριβιάς,koinoteta_nerotribias,ko,41.62,60.68,83.7
europe_lau,Κοινότητα Παγώντα,koinoteta_pagonta,ko,51.83,66.58,9.59
europe_lau,Κοινότητα Πολιτικών,koinoteta_politikon,ko,34.42,49.47,2.99
europe_lau,Κοινότητα Σταυρού,koinoteta_staurou,ko,18.04,47.49,99.37
europe_lau,Κοινότητα Τριάδος,koinoteta_triados,ko,60.64,70.38,57.9
europe_lau,Κοινότητα Στενής Δίρφυος,koinoteta_stenes_dirphyos,ko,24.94,51.32,89.67
europe_lau,Κοινότητα Αγίου Αθανασίου,koinoteta_agiou_athanasiou,ko,28.03,54.4,93.04
europe_lau,Κοινότητα Αμφιθέας,koinoteta_amphitheas,ko,45.95,73.19,64.5
europe_lau,Κοινότητα Βούνων,koinoteta_bounon,ko,57.37,79.49,67.53
europe_lau,Κοινότητα Γλυφάδας,koinoteta_glyphadas,ko,53.5,82.63,37.79
europe_lau,Κοινότητα Θεολόγου,koinoteta_theologou,ko,39.46,60.61,-10.93
europe_lau,Κοινότητα Καθενών,koinoteta_kathenon,ko,40.41,67.75,80.54
europe_lau,Κοινότητα Καμπιών,koinoteta_kampion,ko,20.67,55.38,81.87
europe_lau,Κοινότητα Λούτσας,koinoteta_loutsas,ko,29.28,49.12,89.39
europe_lau,Κοινότητα Μίστρου,koinoteta_mistrou,ko,56.36,67.51,75.46
europe_lau,Κοινότητα Πάλιουρα,koinoteta_palioura,ko,23.26,52.06,83.43
europe_lau,Κοινότητα Δραγασιάς,koinoteta_dragasias,ko,47.17,62.79,-3.89
europe_lau,Κοινότητα Ζώνης,koinoteta_zones,ko,30.89,63.93,-90.78
europe_lau,Κοινότητα Κλεισωρείας,koinoteta_kleisoreias,ko,50.42,61.27,63.35
europe_lau,Κοινότητα Κορυφής,koinoteta_koryphes,ko,41,61.22,83.12
europe_lau,Κοινότητα Κριμηνίου,koinoteta_krimeniou,ko,30.89,66.03,98.13
europe_lau,Κοινότητα Λικνάδων,koinoteta_liknadon,ko,40.51,56.44,1.72
europe_lau,Κοινότητα Λούβρης,koinoteta_loubres,ko,66.8,80.32,85.66
europe_lau,Κοινότητα Λουκομίου,koinoteta_loukomiou,ko,46.42,71.74,66.71
europe_lau,Κοινότητα Μόρφης,koinoteta_morphes,ko,42.18,66.41,95.31
europe_lau,Κοινότητα Ομαλής,koinoteta_omales,ko,58.32,68.92,83.27
europe_lau,Κοινότητα Πλακίδας,koinoteta_plakidas,ko,64.88,73.06,72.27
europe_lau,Κοινότητα Πολυκαστάνου,koinoteta_polykastanou,ko,24.69,45.85,3.18
europe_lau,Κοινότητα Ροδοχωρίου,koinoteta_rodochoriou,ko,45.43,77.05,91.98
europe_lau,Κοινότητα Σταυροδρομίου,koinoteta_staurodromiou,ko,45.14,55.16,72.18
europe_lau,Κοινότητα Χρυσαυγής,koinoteta_chrysauges,ko,72.07,73.38,44.72
europe_lau,Κοινότητα Πτολεμαΐδος,koinoteta_ptolemaidos,ko,60.05,66.71,44.24
europe_lau,Κοινότητα Ασβεστοπέτρας,koinoteta_asbestopetras,ko,75.02,80.67,64.35
europe_lau,Κοινότητα Γαλατείας,koinoteta_galateias,ko,21.75,57.56,-159.56
europe_lau,Κοινότητα Δροσερού,koinoteta_droserou,ko,50.42,63.14,26.11
europe_lau,Κοινότητα Καρδίας,koinoteta_kardias,ko,53.51,70.5,83.16
europe_lau,Κοινότητα Κομάνου,koinoteta_komanou,ko,56.61,84.14,83.68
europe_lau,Κοινότητα Μαυροπηγής,koinoteta_mauropeges,ko,50.93,71.01,83.09
europe_lau,Κοινότητα Ολυμπιάδος,koinoteta_olympiados,ko,30.49,66.38,-75.85
europe_lau,Κοινότητα Πενταβρύσου,koinoteta_pentabrysou,ko,29.6,47.38,95.68
europe_lau,Κοινότητα Περδίκκα,koinoteta_perdikka,ko,56.5,73.46,32.4
europe_lau,Κοινότητα Προαστίου,koinoteta_proastiou,ko,64.6,81.36,43.4
europe_lau,Κοινότητα Πτελεώνος,koinoteta_pteleonos,ko,53.01,60.88,21.4
europe_lau,Κοινότητα Αγίου Χριστοφόρου,koinoteta_agiou_christophorou,ko,28.16,48.31,-27.45
europe_lau,Κοινότητα Ερμακιάς,koinoteta_ermakias,ko,62.53,68.01,47.96
europe_lau,Κοινότητα Καρυοχωρίου,koinoteta_karyochoriou,ko,19.67,43.69,44.74
europe_lau,Κοινότητα Σπηλιάς,koinoteta_spelias,ko,19.1,59.24,60.22
europe_lau,Κοινότητα Κομνηνών,koinoteta_komnenon,ko,29.96,59.23,-72.79
europe_lau,Κοινότητα Ανατολικού,koinoteta_anatolikou,ko,23.57,59.15,-143.17
europe_lau,Κοινότητα Μεσοβούνου,koinoteta_mesobounou,ko,35.23,55.64,47.65
europe_lau,Κοινότητα Πύργων,koinoteta_pyrgon,ko,56.12,67.04,24.3
europe_lau,Κοινότητα Βλάστης,koinoteta_blastes,ko,24.2,45.95,37.48
europe_lau,Κοινότητα Εμπορίου,koinoteta_emporiou,ko,55.59,68.73,49.66
europe_lau,Κοινότητα Αναρράχης,koinoteta_anarraches,ko,40.89,50.79,60.39
europe_lau,Κοινότητα Αρδάσσης,koinoteta_ardasses,ko,54.48,66.92,60.53
europe_lau,Κοινότητα Μηλοχωρίου,koinoteta_melochoriou,ko,36.22,49.18,41.1
europe_lau,Κοινότητα Φούφα,koinoteta_phoupha,ko,57.69,68.84,26.69
europe_lau,Κοινότητα Σερβίων,koinoteta_serbion,ko,26.25,57.13,81.93
europe_lau,Κοινότητα Αυλών,koinoteta_aulon,ko,44.03,69.84,1.26
europe_lau,Κοινότητα Βαθυλάκκου,koinoteta_bathylakkou,ko,21.38,46.49,90.13
europe_lau,Κοινότητα Γουλών,koinoteta_goulon,ko,42.68,61.74,66.34
europe_lau,Κοινότητα Ιμέρων,koinoteta_imeron,ko,43.64,62.15,35.43
europe_lau,Κοινότητα Καστανιάς,koinoteta_kastanias,ko,44.3,57.72,87.55
europe_lau,Κοινότητα Κρανιδίων,koinoteta_kranidion,ko,58.02,65.32,45.09
europe_lau,Κοινότητα Λευκάρων,koinoteta_leukaron,ko,44.9,66.76,89.47
europe_lau,Κοινότητα Μεσιανής,koinoteta_mesianes,ko,15.54,53.44,92.93
europe_lau,Κοινότητα Μεταξά,koinoteta_metaxa,ko,63.85,72.63,51.59
europe_lau,Κοινότητα Νεράιδας,koinoteta_neraidas,ko,42.44,60.75,81.55
europe_lau,Κοινότητα Πλατανορρεύματος,koinoteta_platanorreumatos,ko,28.4,67.58,29.29
europe_lau,Κοινότητα Πολυρράχου,koinoteta_polyrrachou,ko,50.03,60.39,15.03
europe_lau,Κοινότητα Ροδίτου,koinoteta_roditou,ko,18.25,45.96,76.68
europe_lau,Κοινότητα Τριγωνικού,koinoteta_trigonikou,ko,45.14,55.57,71.86
europe_lau,Κοινότητα Τρανοβάλτου,koinoteta_tranobaltou,ko,45.63,64.23,85.52
europe_lau,Κοινότητα Ελάτης,koinoteta_elates,ko,40.2,59,-8.05
europe_lau,Κοινότητα Μικροβάλτου,koinoteta_mikrobaltou,ko,52.39,67.14,45.6
europe_lau,Κοινότητα Λιβαδερού,koinoteta_libaderou,ko,55.77,70.99,79.54
europe_lau,Κοινότητα Βελβεντού,koinoteta_belbentou,ko,54.64,66.83,56.53
europe_lau,Κοινότητα Αγίας Κυριακής,koinoteta_agias_kyriakes,ko,51.8,71.11,11.59
europe_lau,Κοινότητα Ναμάτων,koinoteta_namaton,ko,48.99,62.83,67.78
europe_lau,Κοινότητα Ομορφοχωρίου,koinoteta_omorphochoriou,ko,60.07,70.21,29.59
europe_lau,Κοινότητα Χάλκης,koinoteta_chalkes,ko,48.82,61.82,90.33
europe_lau,Κοινότητα Μακρυχωρίου,koinoteta_makrychoriou,ko,40.76,68.01,77.62
europe_lau,Κοινότητα Ελατείας,koinoteta_elateias,ko,43.5,53.24,78.19
europe_lau,Κοινότητα Ευαγγελισμού Λαρίσης,koinoteta_euangelismou_larises,ko,50.28,72.6,10.66
europe_lau,Κοινότητα Παραποτάμου,koinoteta_parapotamou,ko,36.43,59.98,-11.01
europe_lau,Κοινότητα Αμπελακίων,koinoteta_ampelakion,ko,48.08,60.03,19.01
europe_lau,Κοινότητα Τεμπών,koinoteta_tempon,ko,23,53.2,54.02
europe_lau,Κοινότητα Γόννων,koinoteta_gonnon,ko,34.01,53.93,73.51
europe_lau,Κοινότητα Ιτέας,koinoteta_iteas,ko,57.9,73.72,50.29
europe_lau,Κοινότητα Καλλιπεύκης,koinoteta_kallipeukes,ko,47.46,61.23,63
europe_lau,Κοινότητα Πυργετού,koinoteta_pyrgetou,ko,46.35,64.21,-1.43
europe_lau,Κοινότητα Αιγάνης,koinoteta_aiganes,ko,20.92,44.31,-104.72
europe_lau,Κοινότητα Κρανέας,koinoteta_kraneas,ko,42.12,64.24,-14.72
europe_lau,Κοινότητα Ραψάνης,koinoteta_rapsanes,ko,36.5,58.98,-14.13
europe_lau,Κοινότητα Συκουρίου,koinoteta_sykouriou,ko,23.28,35.88,42.8
europe_lau,Κοινότητα Καλοχωρίου,koinoteta_kalochoriou,ko,48.62,67.5,87.9
europe_lau,Κοινότητα Κυψελοχωρίου,koinoteta_kypselochoriou,ko,57.38,74.14,83.13
europe_lau,Κοινότητα Νέσσωνος,koinoteta_nessonos,ko,30.67,48.86,28.61
europe_lau,Κοινότητα Όσσης,koinoteta_osses,ko,31.73,53.57,-37.8
europe_lau,Κοινότητα Πουρναρίου,koinoteta_pournariou,ko,37.68,65.02,55.51
europe_lau,Κοινότητα Σπηλιάς,koinoteta_spelias,ko,67.34,71.72,59.17
europe_lau,Κοινότητα Τυρνάβου,koinoteta_tyrnabou,ko,47.31,72.23,82.04
europe_lau,Κοινότητα Αργυροπουλείου,koinoteta_argyropouleiou,ko,31.28,55.03,64.18
europe_lau,Κοινότητα Δαμασίου,koinoteta_damasiou,ko,41.36,55.64,86.71
europe_lau,Κοινότητα Δένδρων Τυρνάβου,koinoteta_dendron_tyrnabou,ko,60.68,65.45,32
europe_lau,Κοινότητα Αμπελώνος,koinoteta_ampelonos,ko,47.84,68.05,71.08
europe_lau,Κοινότητα Βρυοτόπου,koinoteta_bryotopou,ko,42.16,62.2,-6.54
europe_lau,Κοινότητα Δελερίων,koinoteta_delerion,ko,34.92,47.15,73.19
europe_lau,Κοινότητα Ροδιάς,koinoteta_rodias,ko,28.99,55.93,86.55
europe_lau,Κοινότητα Φαρσάλων,koinoteta_pharsalon,ko,47.57,52.94,66.15
europe_lau,Κοινότητα Αχιλλείου,koinoteta_achilleiou,ko,46.21,76.67,94.39
europe_lau,Κοινότητα Βρυσιών,koinoteta_brysion,ko,64.96,69.52,45.03
europe_lau,Κοινότητα Μεγάλου Ευυδρίου,koinoteta_megalou_euudriou,ko,45.62,63.66,20.52
europe_lau,Κοινότητα Αγίου Γεωργίου Φαρσάλων,koinoteta_agiou_georgiou_pharsalon,ko,44.85,52.17,48.06
europe_lau,Κοινότητα Γαλατά,koinoteta_galata,ko,46.9,69.81,32.88
europe_lau,Κοινότητα Άνω Φαναρίου,koinoteta_ano_phanariou,ko,45.93,69.03,70.99
europe_lau,Κοινότητα Δρυόπης,koinoteta_dryopes,ko,42.03,64.28,75.45
europe_lau,Κοινότητα Καρατζά,koinoteta_karatza,ko,32.23,39.69,57.05
europe_lau,Κοινότητα Τακτικουπόλεως,koinoteta_taktikoupoleos,ko,34.09,60.21,-58.57
europe_lau,Κοινότητα Τροιζήνος,koinoteta_troizenos,ko,70.73,77.77,42.85
europe_lau,Κοινότητα Λουτροπόλεως Μεθάνων,koinoteta_loutropoleos_methanon,ko,37.51,54.3,97.57
europe_lau,Κοινότητα Κουνουπίτσης,koinoteta_kounoupitses,ko,40.94,56.99,-10.89
europe_lau,Κοινότητα Κυψέλης Μεθάνων,koinoteta_kypseles_methanon,ko,54.77,64.72,62.43
europe_lau,Κοινότητα Μεγαλοχωρίου,koinoteta_megalochoriou,ko,20.54,46.68,88.61
europe_lau,Κοινότητα Μυτιλήνης,koinoteta_mytilenes,ko,22.57,39.17,84.28
europe_lau,Κοινότητα Αγίας Μαρίνης,koinoteta_agias_marines,ko,55.94,79.07,81.23
europe_lau,Κοινότητα Αλυφαντών,koinoteta_alyphanton,ko,42.03,65.17,94.59
europe_lau,Κοινότητα Αφάλωνος,koinoteta_aphalonos,ko,29.05,61.46,-99.41
europe_lau,Κοινότητα Λουτρών,koinoteta_loutron,ko,43.58,67.3,79.23
europe_lau,Κοινότητα Μόριας,koinoteta_morias,ko,39.76,63.23,-39.26
europe_lau,Κοινότητα Παμφίλων,koinoteta_pamphilon,ko,26.92,64.75,-100.77
europe_lau,Κοινότητα Παναγιούδας,koinoteta_panagioudas,ko,46,64.09,75.48
europe_lau,Κοινότητα Ταξιαρχών,koinoteta_taxiarchon,ko,54.7,65.01,33.51
europe_lau,Κοινότητα Αγιάσου,koinoteta_agiasou,ko,54.43,61.64,55.72
europe_lau,Κοινότητα Παππάδου,koinoteta_pappadou,ko,28.67,51.77,-45.41
europe_lau,Κοινότητα Μεσαγρού,koinoteta_mesagrou,ko,12.46,26.53,20.07
europe_lau,Κοινότητα Παλαιοκήπου,koinoteta_palaiokepou,ko,33,50.86,-32.77
europe_lau,Κοινότητα Περάματος,koinoteta_peramatos,ko,51.26,62.33,42.14
europe_lau,Κοινότητα Πλακάδου,koinoteta_plakadou,ko,13.99,36.98,-148.86
europe_lau,Κοινότητα Σκοπέλου,koinoteta_skopelou,ko,41.79,58.28,21.16
europe_lau,Κοινότητα Συκούντος,koinoteta_sykountos,ko,40.1,64.01,-10.15
europe_lau,Κοινότητα Ασωμάτου,koinoteta_asomatou,ko,33.56,53.1,93.07
europe_lau,Κοινότητα Ιππείου,koinoteta_ippeiou,ko,30.89,39.57,54.92
europe_lau,Κοινότητα Κάτω Τρίτους,koinoteta_kato_tritous,ko,37.81,51.46,61.92
europe_lau,Koppigen,koppigen,ko,61.01,70.56,65.75
europe_lau,Κοινότητα Καλοχωρίου,koinoteta_kalochoriou,ko,42.44,70.13,72.48
europe_lau,Κοινότητα Καρποφόρων,koinoteta_karpophoron,ko,64.38,80.44,53.48
europe_lau,Κοινότητα Καστανίων,koinoteta_kastanion,ko,35.01,65.51,66.72
europe_lau,Κοινότητα Κοκκίνου,koinoteta_kokkinou,ko,30.56,64.29,93.88
europe_lau,Κοινότητα Λυκίσσης,koinoteta_lykisses,ko,46.94,77.13,95.35
europe_lau,Κοινότητα Μαθίας,koinoteta_mathias,ko,38.68,51.97,87.32
europe_lau,Κοινότητα Νερομύλου,koinoteta_neromylou,ko,50.29,71.5,47.78
europe_lau,Κοινότητα Πανιπερίου,koinoteta_paniperiou,ko,47.47,63.02,39.15
europe_lau,Κοινότητα Τρικόρφου,koinoteta_trikorphou,ko,44.55,80.33,86.47
europe_lau,Κοινότητα Δραΐνας,koinoteta_drainas,ko,26.18,59.15,93.99
europe_lau,Κοινότητα Κλήματος,koinoteta_klematos,ko,43.13,88.55,84.29
europe_lau,Κοινότητα Κορομηλέας,koinoteta_koromeleas,ko,44.11,64.79,84.34
europe_lau,Κοινότητα Παλαιοκάστρου,koinoteta_palaiokastrou,ko,50.77,68.75,91.45
europe_lau,Κοινότητα Μελιγαλά,koinoteta_meligala,ko,39.02,50.83,20.39
europe_lau,Κοινότητα Ανθούσης,koinoteta_anthouses,ko,60.76,76.39,45.04
europe_lau,Κοινότητα Ζευγολατείου,koinoteta_zeugolateiou,ko,55.43,63.65,46.15
europe_lau,Κοινότητα Καλλιρρόης,koinoteta_kallirroes,ko,62.07,78.43,54.44
europe_lau,Κοινότητα Μαγούλας,koinoteta_magoulas,ko,58.5,67.8,67.06
europe_lau,Κοινότητα Μίλα,koinoteta_mila,ko,64.63,73.57,61.53
europe_lau,Κοινότητα Νεοχωρίου Ιθώμης,koinoteta_neochoriou_ithomes,ko,47.66,69.76,69.65
europe_lau,Κοινότητα Πολίχνης,koinoteta_polichnes,ko,46.45,62.37,24.57
europe_lau,Κοινότητα Σκάλας,koinoteta_skalas,ko,43.73,63.66,66.33
europe_lau,Κοινότητα Στενυκλάρου,koinoteta_stenyklarou,ko,43.05,68.94,-14.54
europe_lau,Κοινότητα Τσουκαλαιίκων,koinoteta_tsoukalaiikon,ko,36.41,56.41,-31
europe_lau,Κοινότητα Διαβολιτσίου,koinoteta_diabolitsiou,ko,35.87,75.72,82.92
europe_lau,Κοινότητα Αγριλοβούνου,koinoteta_agrilobounou,ko,54.31,76.42,60.75
europe_lau,Κοινότητα Άνω Μελπείας,koinoteta_ano_melpeias,ko,54.27,65.34,75.36
europe_lau,Κοινότητα Δασοχωρίου,koinoteta_dasochoriou,ko,44.88,61.84,26.83
europe_lau,Κοινότητα Δεσύλλα,koinoteta_desylla,ko,51.1,71.02,34.9
europe_lau,Κοινότητα Ηλέκτρας,koinoteta_elektras,ko,47.97,63.53,79.06
europe_lau,Κοινότητα Καρνασίου,koinoteta_karnasiou,ko,59.22,69.17,28.16
europe_lau,Κοινότητα Κάτω Μελπείας,koinoteta_kato_melpeias,ko,46.56,64.96,59.02
europe_lau,Κοινότητα Κεντρικού,koinoteta_kentrikou,ko,55.88,70.73,74.08
europe_lau,Κοινότητα Κωνσταντίνων,koinoteta_konstantinon,ko,56.1,71.64,21.56
europe_lau,Κοινότητα Μάλτας,koinoteta_maltas,ko,33.46,61.04,26.86
europe_lau,Κοινότητα Μάνδρας,koinoteta_mandras,ko,44.77,64.9,5.62
europe_lau,Κοινότητα Μαντζαρίου,koinoteta_mantzariou,ko,40.67,69.57,14.14
europe_lau,Κοινότητα Παραπουγκίου,koinoteta_parapounkiou,ko,40.66,57.01,88.91
europe_lau,Κοινότητα Δωρίου,koinoteta_doriou,ko,51.84,66.08,46.28
europe_lau,Κοινότητα Άνω Δωρίου,koinoteta_ano_doriou,ko,43.99,59.13,97.05
europe_lau,Κοινότητα Βασιλικού,koinoteta_basilikou,ko,40.53,68.98,95.5
europe_lau,Κοινότητα Κόκλα,koinoteta_kokla,ko,20.19,52,87.21
europe_lau,Κοινότητα Κούβελα,koinoteta_koubela,ko,65.62,76.56,61.92
europe_lau,Κοινότητα Μάλθης,koinoteta_malthes,ko,34.05,50.75,89.78
europe_lau,Κοινότητα Χαλκιά,koinoteta_chalkia,ko,52.74,61.57,64.5
europe_lau,Κοινότητα Χρυσοχωρίου,koinoteta_chrysochoriou,ko,51.49,68.22,84.62
europe_lau,Κοινότητα Ψαρίου,koinoteta_psariou,ko,41.56,55.64,86.84
europe_lau,Κοινότητα Νέδας,koinoteta_nedas,ko,52.53,70.77,92.17
europe_lau,Κοινότητα Αγίου Σώστου,koinoteta_agiou_sostou,ko,43.52,55.53,63.98
europe_lau,Κοινότητα Αμπελιώνας,koinoteta_ampelionas,ko,43.29,53.91,33.86
europe_lau,Κοινότητα Κακαλετρίου,koinoteta_kakaletriou,ko,34.13,47.39,41.45
europe_lau,Κοινότητα Πέτρας,koinoteta_petras,ko,52.25,58.65,58.32
europe_lau,Κοινότητα Σκληρού,koinoteta_sklerou,ko,44.4,56.23,78.8
europe_lau,Κοινότητα Στασίμου,koinoteta_stasimou,ko,53.19,72.04,38.16
europe_lau,Κοινότητα Συρρίζου,koinoteta_syrrizou,ko,31.06,52.62,95.14
europe_lau,Κοινότητα Μερόπης,koinoteta_meropes,ko,20.36,52.27,-30.47
europe_lau,Κοινότητα Ανδανίας,koinoteta_andanias,ko,50.7,70.71,70.89
europe_lau,Κοινότητα Καλυβίων,koinoteta_kalybion,ko,25.65,76.68,34.03
europe_lau,Κοινότητα Κατσαρού,koinoteta_katsarou,ko,56.77,64.42,60.36
europe_lau,Κοινότητα Βασιλή,koinoteta_basile,ko,59.71,70.08,33.02
europe_lau,Κοινότητα Κατωχωρίου,koinoteta_katochoriou,ko,48.89,64.86,21.92
europe_lau,Κοινότητα Κρήνης,koinoteta_krenes,ko,56.16,66.77,30.03
europe_lau,Κοινότητα Πολυνερίου,koinoteta_polyneriou,ko,64.06,67.89,49.72
europe_lau,Κοινότητα Σταυρού,koinoteta_staurou,ko,52.76,65.71,85.13
europe_lau,Κοινότητα Υπερείας,koinoteta_ypereias,ko,46.87,53.57,63.49
europe_lau,Κοινότητα Ναρθακίου,koinoteta_narthakiou,ko,36,48.01,85.02
europe_lau,Κοινότητα Δένδρων Φαρσάλων,koinoteta_dendron_pharsalon,ko,37.67,65.04,92.36
europe_lau,Κοινότητα Διλόφου Φαρσάλων,koinoteta_dilophou_pharsalon,ko,24.32,45.53,87.69
europe_lau,Κοινότητα Καλλιθέας Φαρσάλων,koinoteta_kallitheas_pharsalon,ko,48.43,72.86,-10.77
europe_lau,Κοινότητα Σκοπιάς,koinoteta_skopias,ko,49.02,69.66,-2.61
europe_lau,Κοινότητα Βαμβακούς,koinoteta_bambakous,ko,31.12,36.61,76.12
europe_lau,Κοινότητα Αμπελείας,koinoteta_ampeleias,ko,54.2,58.98,45.3
europe_lau,Κοινότητα Δασολόφου,koinoteta_dasolophou,ko,44.69,58.71,75.53
europe_lau,Κοινότητα Ερετρίας,koinoteta_eretrias,ko,56.98,74.76,53.29
europe_lau,Κοινότητα Ζωοδόχου Πηγής,koinoteta_zoodochou_peges,ko,58.53,77.88,61.69
europe_lau,Κοινότητα Κάτω Βασιλικών,koinoteta_kato_basilikon,ko,63.06,75.33,65.22
europe_lau,Κοινότητα Νεράιδας,koinoteta_neraidas,ko,31.67,59.35,65.44
europe_lau,Κοινότητα Πολυδαμείου,koinoteta_polydameiou,ko,40.14,47.87,58.6
europe_lau,Κοινότητα Ρευματιάς,koinoteta_reumatias,ko,13.79,33.99,81.65
europe_lau,Κοινότητα Σιτοχώρου,koinoteta_sitochorou,ko,40.75,75.35,89.48
europe_lau,Κοινότητα Σκοτούσσης,koinoteta_skotousses,ko,41.24,67.96,-13.57
europe_lau,Κοινότητα Χαλκιάδων,koinoteta_chalkiadon,ko,54.44,72.69,5.53
europe_lau,Κοινότητα Καρδίτσης,koinoteta_karditses,ko,46.93,67.14,67.72
europe_lau,Κοινότητα Αγιοπηγής,koinoteta_agiopeges,ko,73.4,79.22,79.28
europe_lau,Κοινότητα Ξενιών,koinoteta_xenion,ko,26.14,65.42,-141.21
europe_lau,Κοινότητα Κυλλήνης,koinoteta_kyllenes,ko,45.46,73.12,84.17
europe_lau,Κοινότητα Κάστρου,koinoteta_kastrou,ko,49.32,60.58,54.65
europe_lau,Κοινότητα Κάτω Παναγίας,koinoteta_kato_panagias,ko,41.45,58.69,3.53
europe_lau,Κοινότητα Νεοχωρίου Μυρτουντίων,koinoteta_neochoriou_myrtountion,ko,51.12,65.25,5.85
europe_lau,Κοινότητα Κρεστένων,koinoteta_krestenon,ko,45.53,68.91,-22.22
europe_lau,Κοινότητα Βρίνας,koinoteta_brinas,ko,59.45,70.62,70.65
europe_lau,Κοινότητα Γραίκα,koinoteta_graika,ko,62.56,70.36,65.4
europe_lau,Κοινότητα Γρύλλου,koinoteta_gryllou,ko,59.5,66.21,63.97
europe_lau,Κοινότητα Διασέλλων,koinoteta_diasellon,ko,68.17,77.28,53.09
europe_lau,Κοινότητα Καλλικώμου,koinoteta_kallikomou,ko,23.77,30.41,52.49
europe_lau,Κοινότητα Καλυβακίων,koinoteta_kalybakion,ko,66.88,73.34,63.84
europe_lau,Κοινότητα Κάτω Σαμικού,koinoteta_kato_samikou,ko,15.31,29.33,6.24
europe_lau,Κοινότητα Μακρισίων,koinoteta_makrision,ko,41.72,63.33,-33.3
europe_lau,Κοινότητα Πλατιάνας,koinoteta_platianas,ko,52.48,66.06,6.98
europe_lau,Κοινότητα Πλουτοχωρίου,koinoteta_ploutochoriou,ko,43.91,54,60.4
europe_lau,Κοινότητα Ραχών,koinoteta_rachon,ko,55.06,72.98,28.46
europe_lau,Κοινότητα Σαμικού,koinoteta_samikou,ko,49.93,61.35,90.62
europe_lau,Κοινότητα Σκιλλουντίας,koinoteta_skillountias,ko,46.84,66.72,14.5
europe_lau,Κοινότητα Τρυπητής,koinoteta_trypetes,ko,52.69,69.85,87.15
europe_lau,Κοινότητα Φρίξης,koinoteta_phrixes,ko,54.25,65.75,63.52
europe_lau,Κοινότητα Καλλιθέας,koinoteta_kallitheas,ko,49.16,61.1,81.02
europe_lau,Κοινότητα Αλιφείρας,koinoteta_alipheiras,ko,40.58,66.53,96.67
europe_lau,Κοινότητα Αμυγδαλεών,koinoteta_amygdaleon,ko,11.73,55.09,61.58
europe_lau,Κοινότητα Βρεστού,koinoteta_brestou,ko,50,66.65,72.13
europe_lau,Κοινότητα Λιβαδακίου,koinoteta_libadakiou,ko,36.86,77.08,21.8
europe_lau,Κοινότητα Μυρωνίων,koinoteta_myronion,ko,41.83,60.44,61.18
europe_lau,Κοινότητα Ανδριτσαίνης,koinoteta_andritsaines,ko,39.3,55.11,97.72
europe_lau,Κοινότητα Δαφνούλας,koinoteta_daphnoulas,ko,45.28,82.2,96.1
europe_lau,Κοινότητα Δραγωγίου,koinoteta_dragogiou,ko,56.35,65.81,79.84
europe_lau,Κοινότητα Θεισόας,koinoteta_theisoas,ko,55.75,74.3,58.88
europe_lau,Κοινότητα Κουφοπούλου,koinoteta_kouphopoulou,ko,45.13,66.55,77.58
europe_lau,Κοινότητα Λινισταίνης,koinoteta_linistaines,ko,48.14,68.25,91.74
europe_lau,Κοινότητα Ματεσίου,koinoteta_matesiou,ko,51.62,66.81,68.55
europe_lau,Κοινότητα Ροβίων,koinoteta_robion,ko,52.79,63.33,55.17
europe_lau,Κοινότητα Σέκουλα,koinoteta_sekoula,ko,31.38,57.69,90.45
europe_lau,Κοινότητα Φαναρίου,koinoteta_phanariou,ko,37.1,56.7,98.81
europe_lau,Κοινότητα Αρχαίας Ολυμπίας,koinoteta_archaias_olympias,ko,49.55,75.08,61.98
europe_lau,Κοινότητα Αρχαίας Πίσας,koinoteta_archaias_pisas,ko,45.5,71.47,72.97
europe_lau,Κοινότητα Άσπρων Σπιτιών,koinoteta_aspron_spition,ko,45.55,56.77,74.53
europe_lau,Κοινότητα Βασιλακίου,koinoteta_basilakiou,ko,43.81,59.55,53.51
europe_lau,Κοινότητα Ηρακλείας,koinoteta_erakleias,ko,27.54,56.03,89.66
europe_lau,Κοινότητα Καμένης,koinoteta_kamenes,ko,28.95,40.23,95.06
europe_lau,Κοινότητα Καυκωνίας,koinoteta_kaukonias,ko,48.49,65.52,2.44
europe_lau,Κοινότητα Κλαδέου,koinoteta_kladeou,ko,47.52,58.14,42.05
europe_lau,Κοινότητα Κοσκινά,koinoteta_koskina,ko,35.5,56.6,-23.96
europe_lau,Κοινότητα Κρυονερίου Ηλείας,koinoteta_kryoneriou_eleias,ko,62.28,76,66.63
europe_lau,Κοινότητα Λιναριάς,koinoteta_linarias,ko,42.98,61.07,61.01
europe_lau,Κοινότητα Λούβρου,koinoteta_loubrou,ko,50.2,74.15,92.7
europe_lau,Κοινότητα Κεραμείων,koinoteta_kerameion,ko,53.25,68.36,55.62
europe_lau,Κοινότητα Λάμπου Μύλων,koinoteta_lampou_mylon,ko,44.84,52.12,76.46
europe_lau,Κοινότητα Μυχού,koinoteta_mychou,ko,28.63,57.56,90.6
europe_lau,Κοινότητα Λουτροπόλεως Θερμής,koinoteta_loutropoleos_thermes,ko,51.07,58.86,63.21
europe_lau,Κοινότητα Κώμης,koinoteta_komes,ko,35.06,63.68,96.51
europe_lau,Κοινότητα Μιστεγνών,koinoteta_mistegnon,ko,57.94,64.9,19.3
europe_lau,Κοινότητα Νέων Κυδωνιών,koinoteta_neon_kydonion,ko,56.03,77.55,37.28
europe_lau,Κοινότητα Πηγής,koinoteta_peges,ko,36.69,70.38,96.02
europe_lau,Κοινότητα Πύργων Θερμής,koinoteta_pyrgon_thermes,ko,21.47,43.39,-93.47
europe_lau,Κοινότητα Πλωμαρίου,koinoteta_plomariou,ko,43.37,54.64,58.81
europe_lau,Κοινότητα Ακρασίου,koinoteta_akrasiou,ko,39.34,71.6,41.4
europe_lau,Κοινότητα Αμπελικού,koinoteta_ampelikou,ko,52.32,54.53,54.75
europe_lau,Κοινότητα Μεγαλοχωρίου,koinoteta_megalochoriou,ko,66.24,74.05,42.31
europe_lau,Κοινότητα Νεοχωρίου,koinoteta_neochoriou,ko,49.1,66.32,97.07
europe_lau,Κοινότητα Παλαιοχωρίου,koinoteta_palaiochoriou,ko,54.17,77.33,37.02
europe_lau,Κοινότητα Πλαγιάς,koinoteta_plagias,ko,42.59,75.09,0.77
europe_lau,Κοινότητα Τρύγονα,koinoteta_trygona,ko,52.25,63.46,51.28
europe_lau,Κοινότητα Καλλονής,koinoteta_kallones,ko,31.89,44.13,30
europe_lau,Κοινότητα Άγρας,koinoteta_agras,ko,64.47,66.06,72.93
europe_lau,Κοινότητα Ανεμότιας,koinoteta_anemotias,ko,77.22,74.56,57.71
europe_lau,Κοινότητα Αρίσβης,koinoteta_arisbes,ko,53.47,65.84,48.58
europe_lau,Κοινότητα Δαφίων,koinoteta_daphion,ko,68.63,72.56,56.72
europe_lau,Κοινότητα Κεραμίου,koinoteta_keramiou,ko,58.64,73.18,37.31
europe_lau,Κοινότητα Παρακοίλων,koinoteta_parakoilon,ko,61.27,63.94,54.88
europe_lau,Κοινότητα Σκαλοχωρίου,koinoteta_skalochoriou,ko,52.65,65.2,37.51
europe_lau,Κοινότητα Φίλιας,koinoteta_philias,ko,27.33,41.3,63.54
europe_lau,Κοινότητα Αγίας Παρασκευής,koinoteta_agias_paraskeues,ko,48.41,59.47,62.18
europe_lau,Κοινότητα Νάπης,koinoteta_napes,ko,31.69,53.51,-1.92
europe_lau,Κοινότητα Ερεσού,koinoteta_eresou,ko,43.5,68.46,83.56
europe_lau,Κοινότητα Αντίσσης,koinoteta_antisses,ko,49.66,56.66,35.23
europe_lau,Κοινότητα Μήλου,koinoteta_melou,ko,45.33,51.86,38.92
europe_lau,Κοινότητα Αδάμαντος,koinoteta_adamantos,ko,29.36,53.43,-52.7
europe_lau,Κοινότητα Πέραν Τριοβασάλου,koinoteta_peran_triobasalou,ko,12.73,45.61,-1.54
europe_lau,Κοινότητα Τριοβασάλου,koinoteta_triobasalou,ko,25.81,46.87,-56.84
europe_lau,Κοινότητα Τρυπητής,koinoteta_trypetes,ko,57.31,59.76,52.87
europe_lau,Κοινότητα Απολλωνίας,koinoteta_apollonias,ko,54.1,63.75,59.65
europe_lau,Κοινότητα Αρτεμώνος,koinoteta_artemonos,ko,28.24,58.27,29.84
europe_lau,Κοινότητα Μυκονίων,koinoteta_mykonion,ko,46.41,62.51,86.49
europe_lau,Κοινότητα Άνω Μεράς,koinoteta_ano_meras,ko,54.88,57.89,69.83
europe_lau,Κοινότητα Αμοργού,koinoteta_amorgou,ko,31.72,55.27,66.82
europe_lau,Κοινότητα Αιγιάλης,koinoteta_aigiales,ko,25.2,57.59,-4.19
europe_lau,Κοινότητα Αρκεσίνης,koinoteta_arkesines,ko,50.44,67.56,20.82
europe_lau,Κοινότητα Βρούτση,koinoteta_broutse,ko,43.36,60.83,12.06
europe_lau,Κοινότητα Θολαρίων,koinoteta_tholarion,ko,13.22,31.42,-76.8
europe_lau,Κοινότητα Καταπόλων,koinoteta_katapolon,ko,37.51,55.37,95.97
europe_lau,Κοινότητα Νάξου,koinoteta_naxou,ko,47.62,56.12,69.86
europe_lau,Κοινότητα Αγίου Αρσενίου,koinoteta_agiou_arseniou,ko,43.97,74.96,25.62
europe_lau,Κοινότητα Βίβλου,koinoteta_biblou,ko,50.19,69.96,34.87
europe_lau,Κοινότητα Γαλανάδου,koinoteta_galanadou,ko,40.54,63.85,71.25
europe_lau,Κοινότητα Γαλήνης,koinoteta_galenes,ko,44.89,67.77,91.35
europe_lau,Κοινότητα Γλινάδου,koinoteta_glinadou,ko,43.46,63.19,73.18
europe_lau,Κοινότητα Εγγαρών,koinoteta_engaron,ko,28.25,53.09,89.33
europe_lau,Κοινότητα Κινιδάρου,koinoteta_kinidarou,ko,63.07,72.17,71.84
europe_lau,Κοινότητα Μελάνων,koinoteta_melanon,ko,56.01,70.07,14.07
europe_lau,Κοινότητα Ποταμιάς,koinoteta_potamias,ko,47.68,61.26,59.46
europe_lau,Κοινότητα Σαγκρίου,koinoteta_sankriou,ko,34.9,51.36,69.28
europe_lau,Κοινότητα Δονούσης,koinoteta_donouses,ko,44.43,54.18,52.4
europe_lau,Κοινότητα Χαλκείου,koinoteta_chalkeiou,ko,48.1,57.02,28.64
europe_lau,Κοινότητα Απεράθου,koinoteta_aperathou,ko,25.5,45.72,95.3
europe_lau,Κοινότητα Δαμαριώνος,koinoteta_damarionos,ko,18.26,41.77,98.03
europe_lau,Κοινότητα Δανακού,koinoteta_danakou,ko,46.64,58.01,46.91
europe_lau,Κοινότητα Κεραμωτής,koinoteta_keramotes,ko,69.26,70.39,64.06
europe_lau,Κοινότητα Κορωνίδος,koinoteta_koronidos,ko,58.74,72.35,56.35
europe_lau,Κοινότητα Κορώνου,koinoteta_koronou,ko,36.57,56.97,-11.73
europe_lau,Κοινότητα Μέσης,koinoteta_meses,ko,44.78,57.08,74
europe_lau,Κοινότητα Μονής,koinoteta_mones,ko,49.48,67.46,40.72
europe_lau,Κοινότητα Σκαδού,koinoteta_skadou,ko,22.11,37.6,91.37
europe_lau,Κοινότητα Φιλοτίου,koinoteta_philotiou,ko,37.16,60.81,97.63
europe_lau,Κοινότητα Ηρακλείας,koinoteta_erakleias,ko,48.39,62.84,52.26
europe_lau,Κοινότητα Κουφονησίων,koinoteta_kouphonesion,ko,32.34,56.6,-59.94
europe_lau,Κοινότητα Σχοινούσσης,koinoteta_schoinousses,ko,46.2,55.53,66.28
europe_lau,Κοινότητα Πάρου,koinoteta_parou,ko,27.7,59.05,94.5
europe_lau,Κοινότητα Αγκαιριάς,koinoteta_ankairias,ko,66.21,68.66,53.67
europe_lau,Κοινότητα Αρχιλόχου,koinoteta_archilochou,ko,48.26,57.33,35.67
europe_lau,Κοινότητα Κώστου,koinoteta_kostou,ko,38.68,64.79,-32.45
europe_lau,Κοινότητα Λευκών,koinoteta_leukon,ko,38.47,47.28,84.76
europe_lau,Κοινότητα Μαρπήσσης,koinoteta_marpesses,ko,43.82,61.04,67.98
europe_lau,Κοινότητα Ναούσης,koinoteta_naouses,ko,40.06,53.18,30.7
europe_lau,Κοινότητα Ρόδου,koinoteta_rodou,ko,40.81,61.92,93.16
europe_lau,Κοινότητα Αρχαγγέλου,koinoteta_archangelou,ko,61.06,64.07,58.83
europe_lau,Κοινότητα Μαλώνος,koinoteta_malonos,ko,46.16,51.58,34.96
europe_lau,Κοινότητα Μασάρων,koinoteta_masaron,ko,64.87,73.32,61.1
europe_lau,Κοινότητα Έμπωνα,koinoteta_empona,ko,42.18,55.92,65.01
europe_lau,Κοινότητα Αγίου Ισιδώρου,koinoteta_agiou_isidorou,ko,53.44,61.67,67.73
europe_lau,Κοινότητα Κρητηνίας,koinoteta_kretenias,ko,40.74,65.64,71.54
europe_lau,Κοινότητα Μονολίθου,koinoteta_monolithou,ko,45.78,60.41,56.72
europe_lau,Κοινότητα Σιάνων,koinoteta_sianon,ko,38.87,53.74,93.07
europe_lau,Κοινότητα Αφάντου,koinoteta_aphantou,ko,49.95,60.32,65.46
europe_lau,Κοινότητα Αρχιπόλεως,koinoteta_archipoleos,ko,60.66,73.81,68.82
europe_lau,Κοινότητα Λουτρού,koinoteta_loutrou,ko,18.35,65.15,-136.66
europe_lau,Κοινότητα Οιχαλίας,koinoteta_oichalias,ko,18.34,55.42,-39.02
europe_lau,Κοινότητα Πεύκου,koinoteta_peukou,ko,37.63,63.76,84.84
europe_lau,Κοινότητα Ελούντας,koinoteta_elountas,ko,47.62,58.47,72.23
europe_lau,Κοινότητα Έξω Λακκωνίων,koinoteta_exo_lakkonion,ko,38.65,69.17,-53.48
europe_lau,Κοινότητα Έξω Ποτάμων,koinoteta_exo_potamon,ko,68.41,74.36,43.35
europe_lau,Κοινότητα Ζενίων,koinoteta_zenion,ko,45.6,61.72,1.95
europe_lau,Κοινότητα Καλού Χωρίου,koinoteta_kalou_choriou,ko,48.42,58.73,26.37
europe_lau,Κοινότητα Κριτσάς,koinoteta_kritsas,ko,35.68,61.72,-41.71
europe_lau,Κοινότητα Κρούστα,koinoteta_krousta,ko,35.65,67.91,-54.93
europe_lau,Κοινότητα Λιμνών,koinoteta_limnon,ko,37.66,56.95,5.68
europe_lau,Κοινότητα Λούμα,koinoteta_louma,ko,32.81,67.59,84.58
europe_lau,Κοινότητα Μέσα Λακκωνίων,koinoteta_mesa_lakkonion,ko,44.79,62.71,-12.13
europe_lau,Κοινότητα Πρίνας,koinoteta_prinas,ko,49.29,59.36,65
europe_lau,Κοινότητα Σκινιά,koinoteta_skinia,ko,40.88,57.55,75.41
europe_lau,Κοινότητα Βραχασίου,koinoteta_brachasiou,ko,43.4,61.39,79.33
europe_lau,Κοινότητα Νεαπόλεως,koinoteta_neapoleos,ko,30.72,59.05,83.06
europe_lau,Κοινότητα Αγίου Αντωνίου,koinoteta_agiou_antoniou,ko,45.03,60.78,89.2
europe_lau,Κοινότητα Βουλισμένης,koinoteta_boulismenes,ko,17.64,67.14,92.4
europe_lau,Κοινότητα Βρυσών,koinoteta_bryson,ko,38.78,69.21,-66.04
europe_lau,Κοινότητα Καρυδίου Μιραμπέλλου,koinoteta_karydiou_mirampellou,ko,51.49,70.67,75.34
europe_lau,Κοινότητα Καστελλίου Φουρνής,koinoteta_kastelliou_phournes,ko,40.43,74.43,69.54
europe_lau,Κοινότητα Λατσίδας,koinoteta_latsidas,ko,33.83,55.46,97.52
europe_lau,Κοινότητα Νικηθιανού,koinoteta_nikethianou,ko,66.94,78.59,60.85
europe_lau,Κοινότητα Φουρνής,koinoteta_phournes,ko,29.64,66.21,61.68
europe_lau,Κοινότητα Χουμεριάκου,koinoteta_choumeriakou,ko,51.05,60.47,46.81
europe_lau,Κοινότητα Ιεράπετρας,koinoteta_ierapetras,ko,39.53,45.69,54.31
europe_lau,Κοινότητα Αγίου Ιωάννου,koinoteta_agiou_ioannou,ko,33.88,55.07,80.83
europe_lau,Κοινότητα Ανατολής,koinoteta_anatoles,ko,58.08,73.52,79.68
europe_lau,Κοινότητα Γδοχίων,koinoteta_gdochion,ko,48.81,62.77,88.38
europe_lau,Κοινότητα Καβουσίου,koinoteta_kabousiou,ko,62.32,71.27,63.77
europe_lau,Κοινότητα Καλαμαύκας,koinoteta_kalamaukas,ko,35.23,60.49,38.4
europe_lau,Κοινότητα Κάτω Χωρίου,koinoteta_kato_choriou,ko,31.4,52.69,14.05
europe_lau,Κοινότητα Μακρυλιάς,koinoteta_makrylias,ko,74.15,85.36,50.87
europe_lau,Κοινότητα Μαλών,koinoteta_malon,ko,41.2,68.85,81.57
europe_lau,Κοινότητα Μεσελέρων,koinoteta_meseleron,ko,51.2,61.84,34.49
europe_lau,Κοινότητα Μεταξοχωρίου,koinoteta_metaxochoriou,ko,25.09,62.89,-7.1
europe_lau,Κοινότητα Μουρνιών,koinoteta_mournion,ko,22.82,65.2,-146.84
europe_lau,Κοινότητα Μύθων,koinoteta_mython,ko,21.75,67.53,-58.44
europe_lau,Κοινότητα Μύρτου,koinoteta_myrtou,ko,25.63,59.28,-68.75
europe_lau,Κοινότητα Παχείας Άμμου,koinoteta_pacheias_ammou,ko,36.93,55.58,4.25
europe_lau,Κοινότητα Ρίζης,koinoteta_rizes,ko,59.65,69.59,46.53
europe_lau,Κοινότητα Χριστού,koinoteta_christou,ko,26.36,45.2,45.85
europe_lau,Κοινότητα Σταυροχωρίου,koinoteta_staurochoriou,ko,45.85,76.31,99.86
europe_lau,Κοινότητα Αγίου Στεφάνου,koinoteta_agiou_stephanou,ko,29.8,71.38,79.24
europe_lau,Κοινότητα Ορεινού,koinoteta_oreinou,ko,38.84,58.17,98.36
europe_lau,Κοινότητα Σχινοκαψάλων,koinoteta_schinokapsalon,ko,48.62,72.61,85.39
europe_lau,Κοινότητα Τζερμιάδου,koinoteta_tzermiadou,ko,33.65,60.44,40.08
europe_lau,Κοινότητα Αβρακόντε,koinoteta_abrakonte,ko,25.33,45.07,89.74
europe_lau,Κοινότητα Αγίου Γεωργίου Λασιθίου,koinoteta_agiou_georgiou_lasithiou,ko,22.29,53.56,80.52
europe_lau,Κοινότητα Αγίου Κωνσταντίνου,koinoteta_agiou_konstantinou,ko,31.91,58.72,88.99
europe_lau,Κοινότητα Καμινακίου,koinoteta_kaminakiou,ko,23.79,45.02,88.49
europe_lau,Κοινότητα Κάτω Μετοχίου,koinoteta_kato_metochiou,ko,61.32,63.8,57.77
europe_lau,Κοινότητα Λαγού,koinoteta_lagou,ko,60.79,75.55,27.6
europe_lau,Κοινότητα Μαρμακέτου,koinoteta_marmaketou,ko,43.19,57.62,45.22
europe_lau,Κοινότητα Μέσα Λασιθίου,koinoteta_mesa_lasithiou,ko,49.05,73.84,2.49
europe_lau,Κοινότητα Πλάτης,koinoteta_plates,ko,31.45,51.55,10.85
europe_lau,Κοινότητα Ψυχρού,koinoteta_psychrou,ko,37.46,56.01,86.76
europe_lau,Κοινότητα Σητείας,koinoteta_seteias,ko,24.89,44.67,-37.9
europe_lau,Κοινότητα Αγίου Γεωργίου Σητείας,koinoteta_agiou_georgiou_seteias,ko,45.48,74.74,3.5
europe_lau,Κοινότητα Αχλαδίων,koinoteta_achladion,ko,47.33,76.52,40.74
europe_lau,Κοινότητα Έξω Μουλιανών,koinoteta_exo_moulianon,ko,29.44,57.7,86.84
europe_lau,Κοινότητα Κατσιδωνίου,koinoteta_katsidoniou,ko,38.41,59.21,9.7
europe_lau,Κοινότητα Κρυών,koinoteta_kryon,ko,47.99,68.68,79.82
europe_lau,Κοινότητα Μάγειρα,koinoteta_mageira,ko,21.92,51.83,-141.24
europe_lau,Κοινότητα Μουριάς,koinoteta_mourias,ko,36.15,72.73,98.55
europe_lau,Κοινότητα Ξηροκάμπου,koinoteta_xerokampou,ko,53.08,83.96,11.8
europe_lau,Κοινότητα Πελοπίου,koinoteta_pelopiou,ko,27.27,57.72,89.31
europe_lau,Κοινότητα Πεύκων,koinoteta_peukon,ko,54.43,61.09,62.74
europe_lau,Κοινότητα Πλατάνου,koinoteta_platanou,ko,36.86,58.85,54.85
europe_lau,Κοινότητα Πουρναρίου,koinoteta_pournariou,ko,22.53,57.96,95.81
europe_lau,Κοινότητα Σμίλας,koinoteta_smilas,ko,49.31,65.69,71.21
europe_lau,Κοινότητα Στρεφίου,koinoteta_strephiou,ko,57.82,75.76,61.5
europe_lau,Κοινότητα Φλόκα,koinoteta_phloka,ko,50.61,71.16,27.11
europe_lau,Κοινότητα Χελιδονίου,koinoteta_chelidoniou,ko,62.87,62.4,57.09
europe_lau,Κοινότητα Λαμπείας,koinoteta_lampeias,ko,51.75,67.38,66.73
europe_lau,Κοινότητα Πισσώνος,koinoteta_pissonos,ko,62.06,68.92,50.9
europe_lau,Κοινότητα Πούρνου,koinoteta_pournou,ko,35.55,59.08,-18.97
europe_lau,Κοινότητα Στροπώνων,koinoteta_stroponon,ko,56.45,68.21,86.83
europe_lau,Κοινότητα Ερέτριας,koinoteta_eretrias,ko,41.28,55.27,17.38
europe_lau,Κοινότητα Αμαρύνθου,koinoteta_amarynthou,ko,31.92,58.07,-35.64
europe_lau,Κοινότητα Άνω Βάθειας,koinoteta_ano_batheias,ko,40.13,56.77,11.65
europe_lau,Κοινότητα Γυμνού,koinoteta_gymnou,ko,54.28,62.31,38.45
europe_lau,Κοινότητα Καλλιθέας,koinoteta_kallitheas,ko,45.46,63.14,27.85
europe_lau,Κοινότητα Σέτας,koinoteta_setas,ko,24.84,49.12,93.86
europe_lau,Κοινότητα Ιστιαίας,koinoteta_istiaias,ko,56.15,65.75,70.88
europe_lau,Κοινότητα Αβγαριάς,koinoteta_abgarias,ko,60.31,68.93,40.87
europe_lau,Κοινότητα Βουτά,koinoteta_bouta,ko,43.24,65.61,91.08
europe_lau,Κοινότητα Γαλατσάδων,koinoteta_galatsadon,ko,39.43,72.51,97.78
europe_lau,Κοινότητα Γαλατσώνας,koinoteta_galatsonas,ko,33.86,53.5,-20.47
europe_lau,Κοινότητα Καμαρίων,koinoteta_kamarion,ko,63.31,69.85,52.62
europe_lau,Κοινότητα Κοκκινομηλέας,koinoteta_kokkinomeleas,ko,60.58,68.38,59.23
europe_lau,Κοινότητα Κρυονερίτη,koinoteta_kryonerite,ko,62.01,68.99,41.53
europe_lau,Κοινότητα Μηλεών,koinoteta_meleon,ko,33.78,61.42,-71.44
europe_lau,Κοινότητα Μονοκαρυάς,koinoteta_monokaryas,ko,59.83,72.56,29.15
europe_lau,Κοινότητα Λουτρών Αιδηψού,koinoteta_loutron_aidepsou,ko,20.44,47.24,-70.16
europe_lau,Κοινότητα Αγίου,koinoteta_agiou,ko,41.05,56.97,39.94
europe_lau,Κοινότητα Γιάλτρων,koinoteta_gialtron,ko,47.86,61.09,58
europe_lau,Κοινότητα Αρτεμισίου,koinoteta_artemisiou,ko,58.61,74.84,47.36
europe_lau,Κοινότητα Αγδινών,koinoteta_agdinon,ko,42.6,73.06,86.24
europe_lau,Κοινότητα Αγριοβοτάνου,koinoteta_agriobotanou,ko,47.73,61.85,75.47
europe_lau,Κοινότητα Ασμηνίου,koinoteta_asmeniou,ko,31.26,53.7,-6.89
europe_lau,Κοινότητα Βασιλικών,koinoteta_basilikon,ko,49.79,70.56,28.67
europe_lau,Κοινότητα Γερακιούς,koinoteta_gerakious,ko,54.9,66.45,18.56
europe_lau,Κοινότητα Γουβών,koinoteta_goubon,ko,33.9,56.31,35.88
europe_lau,Κοινότητα Ελληνικών,koinoteta_ellenikon,ko,38.12,51.36,21.96
europe_lau,Κοινότητα Λιχάδος,koinoteta_lichados,ko,40.57,59.98,16.58
europe_lau,Κοινότητα Ωρεών,koinoteta_oreon,ko,54.82,64.94,71.99
europe_lau,Κοινότητα Καστανιωτίσσης,koinoteta_kastaniotisses,ko,28.32,44.54,95.41
europe_lau,Κοινότητα Νέου Πύργου,koinoteta_neou_pyrgou,ko,28.99,34.8,31.68
europe_lau,Κοινότητα Ταξιάρχου,koinoteta_taxiarchou,ko,48.63,67.62,63.8
europe_lau,Κοινότητα Καρύστου,koinoteta_karystou,ko,47.81,56.15,41.64
europe_lau,Κοινότητα Αετού,koinoteta_aetou,ko,30.5,58.25,98.08
europe_lau,Κοινότητα Γραμπιάς,koinoteta_grampias,ko,36.46,47.14,86.63
europe_lau,Κοινότητα Καλυβίων,koinoteta_kalybion,ko,37.25,56.53,22.51
europe_lau,Κοινότητα Μύλων,koinoteta_mylon,ko,32.77,54.78,95.64
europe_lau,Κοινότητα Πλατανιστού,koinoteta_platanistou,ko,43.77,51.09,68.83
europe_lau,Κοινότητα Αμυγδαλέας,koinoteta_amygdaleas,ko,30.17,53.22,71.6
europe_lau,Κοινότητα Κομίτου,koinoteta_komitou,ko,50.79,59.68,31.53
europe_lau,Κοινότητα Μαρμαρίου,koinoteta_marmariou,ko,33.45,48.74,85.65
europe_lau,Κοινότητα Αγίου Δημητρίου,koinoteta_agiou_demetriou,ko,64.23,72.33,78.95
europe_lau,Κοινότητα Ακταίου,koinoteta_aktaiou,ko,43.66,55.2,74.41
europe_lau,Κοινότητα Γιαννιτσίου,koinoteta_giannitsiou,ko,44.82,61.79,56.46
europe_lau,Κοινότητα Καλλιανού,koinoteta_kallianou,ko,43.88,60.38,73.24
europe_lau,Κοινότητα Κατσαρωνίου,koinoteta_katsaroniou,ko,49.38,79.46,-6.75
europe_lau,Κοινότητα Μελισσώνος,koinoteta_melissonos,ko,59.4,69.67,73.16
europe_lau,Κοινότητα Παραδεισίου,koinoteta_paradeisiou,ko,46.09,62.52,26.72
europe_lau,Κοινότητα Στουππαίων,koinoteta_stouppaion,ko,41.75,56.67,85.61
europe_lau,Κοινότητα Στύρων,koinoteta_styron,ko,59.07,63.47,67.34
europe_lau,Κοινότητα Αλμυροποτάμου,koinoteta_almyropotamou,ko,46.97,65.97,22.95
europe_lau,Κοινότητα Μεσοχωρίων,koinoteta_mesochorion,ko,29.8,53.45,39.59
europe_lau,Κοινότητα Νέων Στύρων,koinoteta_neon_styron,ko,31.45,54.55,5.29
europe_lau,Κοινότητα Πολυποτάμου,koinoteta_polypotamou,ko,50.19,67.3,28.83
europe_lau,Κοινότητα Αλιβερίου,koinoteta_aliberiou,ko,47.01,64.28,46.31
europe_lau,Κοινότητα Αγίου Ιωάννου,koinoteta_agiou_ioannou,ko,45.27,60.63,88.51
europe_lau,Κοινότητα Αγίου Λουκά,koinoteta_agiou_louka,ko,42.66,67.16,97.72
europe_lau,Κοινότητα Γαβαλά,koinoteta_gabala,ko,60.82,69.93,68.15
europe_lau,Κοινότητα Θαρουνίων,koinoteta_tharounion,ko,31.19,40.76,32.4
europe_lau,Κοινότητα Καταφυγίου,koinoteta_kataphygiou,ko,44.4,66.95,80.28
europe_lau,Κοινότητα Πολυφύτου,koinoteta_polyphytou,ko,60.79,68.53,76.21
europe_lau,Κοινότητα Γρεβενών,koinoteta_grebenon,ko,40.94,57.43,36.26
europe_lau,Κοινότητα Αγίων Θεοδώρων,koinoteta_agion_theodoron,ko,47.84,49.55,67.47
europe_lau,Κοινότητα Αμυγδαλεών,koinoteta_amygdaleon,ko,33.14,57.49,11.43
europe_lau,Κοινότητα Βατολάκκου,koinoteta_batolakkou,ko,42.45,59.25,5.29
europe_lau,Κοινότητα Ελάτου,koinoteta_elatou,ko,44.26,64.25,7.96
europe_lau,Κοινότητα Ελευθέρου,koinoteta_eleutherou,ko,50.87,63.14,49.07
europe_lau,Κοινότητα Καλοχίου,koinoteta_kalochiou,ko,35.17,54.17,-28.01
europe_lau,Κοινότητα Κυρακαλής,koinoteta_kyrakales,ko,61.92,75.84,51.78
europe_lau,Κοινότητα Μεγάλου Σειρηνίου,koinoteta_megalou_seireniou,ko,62.83,76.19,19.48
europe_lau,Κοινότητα Μυρσίνης,koinoteta_myrsines,ko,39.92,52.65,58.18
europe_lau,Κοινότητα Ροδιάς,koinoteta_rodias,ko,63.28,78.82,64.57
europe_lau,Κοινότητα Συνδένδρου,koinoteta_syndendrou,ko,46.26,72.37,81.57
europe_lau,Κοινότητα Φελλίου,koinoteta_phelliou,ko,46.55,55.84,49.42
europe_lau,Κοινότητα Αβδέλλας,koinoteta_abdellas,ko,48.15,53.99,36.49
europe_lau,Κοινότητα Μεγάρου,koinoteta_megarou,ko,71.37,74.82,61.96
europe_lau,Κοινότητα Αγίου Κοσμά,koinoteta_agiou_kosma,ko,52.65,55.99,65.88
europe_lau,Κοινότητα Δασυλλίου,koinoteta_dasylliou,ko,44.83,72.69,62.58
europe_lau,Κοινότητα Καληράχης,koinoteta_kaleraches,ko,31.16,50.46,-31.63
europe_lau,Κοινότητα Καλλονής,koinoteta_kallones,ko,55.33,64.48,68.1
europe_lau,Κοινότητα Κυδωνιών,koinoteta_kydonion,ko,54.77,73.78,89.83
europe_lau,Κοινότητα Κυπαρισσίου,koinoteta_kyparissiou,ko,31.55,57.79,98.24
europe_lau,Κοινότητα Οροπεδίου,koinoteta_oropediou,ko,50.89,72.47,39.33
europe_lau,Κοινότητα Τρικόρφου,koinoteta_trikorphou,ko,48.77,65.42,23.71
europe_lau,Κοινότητα Κνίδης,koinoteta_knides,ko,34.47,40.92,47.89
europe_lau,Κοινότητα Εξάρχου,koinoteta_exarchou,ko,43.2,75.3,30.09
europe_lau,Κοινότητα Κέντρου,koinoteta_kentrou,ko,52.39,67.16,69.13
europe_lau,Κοινότητα Παλαιοχωρίου,koinoteta_palaiochoriou,ko,52.45,61.93,69.86
europe_lau,Κοινότητα Ποντινής,koinoteta_pontines,ko,38.16,53.15,-0.24
europe_lau,Κοινότητα Πυλωρών,koinoteta_pyloron,ko,31.9,61.92,28.26
europe_lau,Κοινότητα Σαρακήνας,koinoteta_sarakenas,ko,35.37,60.65,97.49
europe_lau,Κοινότητα Κηπουρείου,koinoteta_kepoureiou,ko,48.67,63.13,34.85
europe_lau,Κοινότητα Καλλιθέας,koinoteta_kallitheas,ko,51.74,62.93,73.88
europe_lau,Κοινότητα Κρανέας,koinoteta_kraneas,ko,35.65,52.83,-15.9
europe_lau,Κοινότητα Μικρολιβάδου,koinoteta_mikrolibadou,ko,23.07,39.97,17.47
europe_lau,Κοινότητα Πηγαδίτσης,koinoteta_pegaditses,ko,64.03,77.6,66.8
europe_lau,Κοινότητα Σιταρά,koinoteta_sitara,ko,57.26,67.24,65.35
europe_lau,Κοινότητα Δοτσικού,koinoteta_dotsikou,ko,47.37,58.29,49.94
europe_lau,Κοινότητα Αγίου Γεωργίου,koinoteta_agiou_georgiou,ko,43.42,65.53,85.64
europe_lau,Κοινότητα Αηδονίων,koinoteta_aedonion,ko,48.62,62.35,81.49
europe_lau,Κοινότητα Κιβωτού,koinoteta_kibotou,ko,43.43,74.13,89.33
europe_lau,Κοινότητα Κληματακίου,koinoteta_klematakiou,ko,44.69,69.49,97.71
europe_lau,Κοινότητα Κοκκινιάς,koinoteta_kokkinias,ko,50.67,67.18,14.24
europe_lau,Κοινότητα Μηλέας,koinoteta_meleas,ko,46.66,75.43,-25.76
europe_lau,Κοινότητα Πολυδένδρου,koinoteta_polydendrou,ko,37.69,63.27,-38.67
europe_lau,Κοινότητα Ταξιάρχου,koinoteta_taxiarchou,ko,36.16,55.22,25.43
europe_lau,Κοινότητα Μαυραναίων,koinoteta_mauranaion,ko,53.81,60.9,52.89
europe_lau,Κοινότητα Αλατόπετρας,koinoteta_alatopetras,ko,51.46,69.89,41.82
europe_lau,Κοινότητα Αναβρυτών,koinoteta_anabryton,ko,41.2,63.62,-13.45
europe_lau,Κοινότητα Ζιάκα,koinoteta_ziaka,ko,43.52,73.57,-39.99
europe_lau,Κοινότητα Κοσματίου,koinoteta_kosmatiou,ko,46.76,65.61,6.18
europe_lau,Κοινότητα Λάβδα,koinoteta_labda,ko,51.54,64.9,36.55
europe_lau,Κοινότητα Μοναχιτίου,koinoteta_monachitiou,ko,30.31,52.19,44.2
europe_lau,Κοινότητα Πανοράματος,koinoteta_panoramatos,ko,53.22,74.81,56.92
europe_lau,Κοινότητα Πολυνερίου,koinoteta_polyneriou,ko,53.32,62.21,50.37
europe_lau,Κοινότητα Προσβόρρου,koinoteta_prosborrou,ko,67.41,76.14,42.77
europe_lau,Κοινότητα Σπηλαίου,koinoteta_spelaiou,ko,34.57,61.96,-45.01
europe_lau,Κοινότητα Τρικώμου,koinoteta_trikomou,ko,63.01,67.66,50.55
europe_lau,Κοινότητα Μεσολουρίου,koinoteta_mesolouriou,ko,52.43,70.29,30.68
europe_lau,Κοινότητα Περιβολίου,koinoteta_periboliou,ko,43.42,51.3,43.24
europe_lau,Κοινότητα Σαμαρίνας,koinoteta_samarinas,ko,54.64,65.3,71.52
europe_lau,Κοινότητα Αρτεσιανού,koinoteta_artesianou,ko,52.81,69.87,90.38
europe_lau,Κοινότητα Καρδιτσομαγούλας,koinoteta_karditsomagoulas,ko,33.44,60.93,98.15
europe_lau,Κοινότητα Παλαιοκκλησίου,koinoteta_palaiokklesiou,ko,34.73,58.57,94.62
europe_lau,Κοινότητα Ρούσσου,koinoteta_roussou,ko,45.61,54.76,60.57
europe_lau,Κοινότητα Καλλιθήρου,koinoteta_kallitherou,ko,41.59,63.27,45.49
europe_lau,Κοινότητα Αμαράντου,koinoteta_amarantou,ko,50.13,80.52,63.03
europe_lau,Κοινότητα Αμπελικού,koinoteta_ampelikou,ko,39.36,61.6,26.84
europe_lau,Κοινότητα Καροπλεσίου,koinoteta_karoplesiou,ko,42.27,52.13,77.75
europe_lau,Κοινότητα Καστανέας,koinoteta_kastaneas,ko,48.77,56.79,31.58
europe_lau,Κοινότητα Καταφυγίου,koinoteta_kataphygiou,ko,29.27,50.35,-51.84
europe_lau,Κοινότητα Νεράιδας,koinoteta_neraidas,ko,36.19,62.97,77.57
europe_lau,Κοινότητα Ραχούλας,koinoteta_rachoulas,ko,29.71,54.34,23.44
europe_lau,Κοινότητα Καλλιφωνίου,koinoteta_kalliphoniou,ko,47.37,56.34,47.82
europe_lau,Κοινότητα Απιδέας,koinoteta_apideas,ko,69.06,71.16,53.24
europe_lau,Κοινότητα Δαφνοσπηλιάς,koinoteta_daphnospelias,ko,52.71,60.55,30.33
europe_lau,Κοινότητα Βατούσσης,koinoteta_batousses,ko,50.82,67.6,14.16
europe_lau,Κοινότητα Μεσοτόπου,koinoteta_mesotopou,ko,63.88,67.88,51.51
europe_lau,Κοινότητα Πτερούντος,koinoteta_pterountos,ko,66.6,74.4,57.63
europe_lau,Κοινότητα Σιγρίου,koinoteta_sigriou,ko,55.3,65.6,64.76
europe_lau,Κοινότητα Χιδήρων,koinoteta_chideron,ko,70.89,71.86,56.16
europe_lau,Κοινότητα Μανταμάδου,koinoteta_mantamadou,ko,52.78,64.15,81.04
europe_lau,Κοινότητα Κάπης,koinoteta_kapes,ko,28.17,38.93,87.47
europe_lau,Κοινότητα Κλειούς,koinoteta_kleious,ko,26.38,54.98,14.29
europe_lau,Κοινότητα Πελόπης,koinoteta_pelopes,ko,40.72,60.44,97.95
europe_lau,Κοινότητα Μηθύμνης,koinoteta_methymnes,ko,52.44,62.93,27.51
europe_lau,Κοινότητα Αργέννου,koinoteta_argennou,ko,51.8,73.23,82.52
europe_lau,Κοινότητα Λεπετύμνου,koinoteta_lepetymnou,ko,45.51,68.06,88.48
europe_lau,Κοινότητα Συκαμινέας,koinoteta_sykamineas,ko,40.4,62.56,42.96
europe_lau,Κοινότητα Πέτρας,koinoteta_petras,ko,38.01,48.55,14.04
europe_lau,Κοινότητα Λαφιώνας,koinoteta_laphionas,ko,40.07,65.66,63.92
europe_lau,Κοινότητα Σκουτάρου,koinoteta_skoutarou,ko,62.63,70.47,83.85
europe_lau,Κοινότητα Στύψης,koinoteta_stypses,ko,43.84,61.24,82.84
europe_lau,Κοινότητα Υψηλομετώπου,koinoteta_ypselometopou,ko,29.57,60.12,84.22
europe_lau,Κοινότητα Πολιχνίτου,koinoteta_polichnitou,ko,47.77,63.76,46.65
europe_lau,Κοινότητα Βασιλικών,koinoteta_basilikon,ko,37.4,56.95,75.25
europe_lau,Κοινότητα Βρίσας,koinoteta_brisas,ko,37.78,49.73,46.1
europe_lau,Κοινότητα Λισβορίου,koinoteta_lisboriou,ko,66.65,71.22,60.85
europe_lau,Κοινότητα Σταυρού,koinoteta_staurou,ko,41.44,68.36,93.49
europe_lau,Κοινότητα Βασιλικής,koinoteta_basilikes,ko,49.23,68.13,77.35
europe_lau,Κοινότητα Γοράνων,koinoteta_goranon,ko,31.5,49.68,-9.91
europe_lau,Κοινότητα Καμινίων,koinoteta_kaminion,ko,15.39,48.25,-174.8
europe_lau,Κοινότητα Λευκοχώματος,koinoteta_leukochomatos,ko,53.99,65.85,4.65
europe_lau,Κοινότητα Παλαιοπαναγίας,koinoteta_palaiopanagias,ko,19.09,63.45,-70.49
europe_lau,Κοινότητα Πολοβίτσης,koinoteta_polobitses,ko,52.66,74.39,95.88
europe_lau,Κοινότητα Ποταμιάς,koinoteta_potamias,ko,41.77,61.5,80.52
europe_lau,Κοινότητα Σπαρτιάς,koinoteta_spartias,ko,67.63,76.58,67.55
europe_lau,Κοινότητα Τραπεζαντής,koinoteta_trapezantes,ko,35.45,51.95,-19.34
europe_lau,Κοινότητα Γυθείου,koinoteta_gytheiou,ko,43.25,53.64,85.85
europe_lau,Κοινότητα Αγίου Βασιλείου,koinoteta_agiou_basileiou,ko,40.48,69.91,-21.04
europe_lau,Κοινότητα Αιγιών,koinoteta_aigion,ko,57.87,76,26.74
europe_lau,Κοινότητα Δροσοπηγής,koinoteta_drosopeges,ko,62.69,77.87,52.84
europe_lau,Κοινότητα Καλυβίων,koinoteta_kalybion,ko,37.53,56.66,62.9
europe_lau,Κοινότητα Καρβελά,koinoteta_karbela,ko,53.13,66.77,85.62
europe_lau,Κοινότητα Καρυουπόλεως,koinoteta_karyoupoleos,ko,19.57,48.99,-92.97
europe_lau,Κοινότητα Κονακίων,koinoteta_konakion,ko,49.34,60.93,67.66
europe_lau,Κοινότητα Κρήνης,koinoteta_krenes,ko,40.32,71.17,-38.61
europe_lau,Κοινότητα Λυγερέα,koinoteta_lygerea,ko,53.21,77.91,55.24
europe_lau,Κοινότητα Μαραθέας,koinoteta_maratheas,ko,45.08,48.61,51.11
europe_lau,Κοινότητα Μυρσίνης,koinoteta_myrsines,ko,45.23,74.67,95.31
europe_lau,Κοινότητα Νεοχωρίου,koinoteta_neochoriou,ko,37.33,50.82,20.99
europe_lau,Κοινότητα Πλατάνου,koinoteta_platanou,ko,53.82,64.36,47.7
europe_lau,Κοινότητα Σιδηροκάστρου,koinoteta_siderokastrou,ko,54.04,66.51,77.1
europe_lau,Κοινότητα Σκαμνακίου,koinoteta_skamnakiou,ko,40.29,67.52,57.28
europe_lau,Κοινότητα Σκουταρίου,koinoteta_skoutariou,ko,56.06,62.55,53.49
europe_lau,Κοινότητα Χωσιαρίου,koinoteta_chosiariou,ko,38.81,52.84,31.62
europe_lau,Κοινότητα Κότρωνα,koinoteta_kotrona,ko,46.45,62,-4.97
europe_lau,Κοινότητα Δρυμού,koinoteta_drymou,ko,59.68,80.57,53.7
europe_lau,Κοινότητα Έξω Νυμφίου,koinoteta_exo_nymphiou,ko,52.96,71.27,80.19
europe_lau,Κοινότητα Κοκκάλας,koinoteta_kokkalas,ko,39.7,58.8,66.79
europe_lau,Κοινότητα Λαγίας,koinoteta_lagias,ko,21.6,50,81.93
europe_lau,Κοινότητα Πυρρίχου,koinoteta_pyrrichou,ko,47.04,67.39,5.55
europe_lau,Κοινότητα Αρεοπόλεως,koinoteta_areopoleos,ko,46.08,56.62,29.96
europe_lau,Κοινότητα Αλίκων,koinoteta_alikon,ko,52.06,59.71,49.72
europe_lau,Κοινότητα Άνω Μπουλαριών,koinoteta_ano_mpoularion,ko,52,72.72,60.74
europe_lau,Κοινότητα Βάθειας,koinoteta_batheias,ko,37.12,53.7,89.2
europe_lau,Κοινότητα Σιάμου,koinoteta_siamou,ko,44.76,62.41,30.93
europe_lau,Κοινότητα Σολακίου,koinoteta_solakiou,ko,46.09,70.09,-1.52
europe_lau,Κοινότητα Φίλια,koinoteta_philia,ko,62.1,74.72,29.83
europe_lau,Κοινότητα Πύλου,koinoteta_pylou,ko,29.13,38.23,90.55
europe_lau,Κοινότητα Αμπελοκήπων,koinoteta_ampelokepon,ko,41.28,64.7,99.47
europe_lau,Κοινότητα Γλυφάδας,koinoteta_glyphadas,ko,57.24,60.67,62.96
europe_lau,Κοινότητα Ικλαίνης,koinoteta_iklaines,ko,31.96,59.79,33.92
europe_lau,Κοινότητα Καλλιθέας,koinoteta_kallitheas,ko,49.5,65.46,91.24
europe_lau,Κοινότητα Κυνηγού,koinoteta_kynegou,ko,63.77,74.26,64.16
europe_lau,Κοινότητα Μεσοχωρίου,koinoteta_mesochoriou,ko,39.03,58.76,37.41
europe_lau,Κοινότητα Παππουλίων,koinoteta_pappoulion,ko,23.93,58.58,-73.31
europe_lau,Κοινότητα Πηδάσου,koinoteta_pedasou,ko,33.64,58.57,75.48
europe_lau,Κοινότητα Πύλας,koinoteta_pylas,ko,33.18,64.63,30.27
europe_lau,Κοινότητα Χωματάδας,koinoteta_chomatadas,ko,45.91,63.47,91.61
europe_lau,Κοινότητα Κορώνης,koinoteta_korones,ko,43.29,62.95,15.5
europe_lau,Κοινότητα Ακριτοχωρίου,koinoteta_akritochoriou,ko,50.02,72.82,98.52
europe_lau,Κοινότητα Βασιλιτσίου,koinoteta_basilitsiou,ko,38.02,72.14,71.31
europe_lau,Κοινότητα Βουναρίων,koinoteta_bounarion,ko,32.27,57.59,-32.34
europe_lau,Κοινότητα Καπλανίου,koinoteta_kaplaniou,ko,40.58,56.77,96.53
europe_lau,Κοινότητα Κόμπων,koinoteta_kompon,ko,54.69,64.56,42.66
europe_lau,Κοινότητα Υαμείας,koinoteta_yameias,ko,40.33,66.84,70.35
europe_lau,Κοινότητα Φαλάνθης,koinoteta_phalanthes,ko,48.66,73.33,76.83
europe_lau,Κοινότητα Χαρακοπίου,koinoteta_charakopiou,ko,44.73,56.8,21.88
europe_lau,Κοινότητα Χρυσοκελλαριάς,koinoteta_chrysokellarias,ko,54.77,74.4,50.21
europe_lau,Κοινότητα Μεθώνης,koinoteta_methones,ko,49.45,58.06,65.47
europe_lau,Κοινότητα Ευαγγελισμού,koinoteta_euangelismou,ko,56.91,67.24,83.94
europe_lau,Κοινότητα Καινούργιου Χωρίου,koinoteta_kainourgiou_choriou,ko,58.31,68.15,46.92
europe_lau,Κοινότητα Λαχανάδας,koinoteta_lachanadas,ko,42.12,64.46,84.17
europe_lau,Κοινότητα Φοινίκης,koinoteta_phoinikes,ko,29.42,61.42,89.35
europe_lau,Κοινότητα Φοινικούντος,koinoteta_phoinikountos,ko,34.74,64.69,97.45
europe_lau,Κοινότητα Χώρας,koinoteta_choras,ko,24.59,48.47,66.3
europe_lau,Κοινότητα Αμπελοφύτου,koinoteta_ampelophytou,ko,41.06,71.87,83.58
europe_lau,Κοινότητα Κορυφασίου,koinoteta_koryphasiou,ko,60.51,75.31,64.07
europe_lau,Κοινότητα Μεταξάδας,koinoteta_metaxadas,ko,37.58,62.36,95.52
europe_lau,Κοινότητα Μυρσινοχωρίου,koinoteta_myrsinochoriou,ko,22.02,76.88,-34.24
europe_lau,Κοινότητα Παλαιού Λουτρού,koinoteta_palaiou_loutrou,ko,29.58,75.59,66.74
europe_lau,Κοινότητα Ρωμανού,koinoteta_romanou,ko,54.55,77.55,68.27
europe_lau,Κοινότητα Φλεσιάδος,koinoteta_phlesiados,ko,38.8,57.83,87.07
europe_lau,Κοινότητα Βλαχοπούλου,koinoteta_blachopoulou,ko,60.04,74.54,49.35
europe_lau,Κοινότητα Μανιακίου,koinoteta_maniakiou,ko,36.47,66.04,98.68
europe_lau,Κοινότητα Μαργελίου,koinoteta_margeliou,ko,38.33,53.11,58.33
europe_lau,Κοινότητα Μεταμορφώσεως,koinoteta_metamorphoseos,ko,42.76,67.04,86.61
europe_lau,Κοινότητα Παπαφλέσσα,koinoteta_papaphlessa,ko,31.29,64.64,94.23
europe_lau,Κοινότητα Χανδρινού,koinoteta_chandrinou,ko,59.74,70.65,69.07
europe_lau,Κοινότητα Κουκκουνάρας,koinoteta_koukkounaras,ko,46.58,64.85,60.73
europe_lau,Κοινότητα Ζαϊμίου,koinoteta_zaimiou,ko,48.78,82.82,33.06
europe_lau,Κοινότητα Μολόχας,koinoteta_molochas,ko,45.7,68.15,75.63
europe_lau,Κοινότητα Παλιουρίου,koinoteta_paliouriou,ko,43.23,66.35,97.22
europe_lau,Κοινότητα Σταυρού,koinoteta_staurou,ko,59.53,71.72,46.48
europe_lau,Κοινότητα Αγίου Θεοδώρου,koinoteta_agiou_theodorou,ko,53.77,72.2,74.6
europe_lau,Κοινότητα Μακρυχωρίου,koinoteta_makrychoriou,ko,67.76,79.6,36.98
europe_lau,Κοινότητα Μελίσσης,koinoteta_melisses,ko,36.83,66.9,95.5
europe_lau,Κοινότητα Μυρίνης,koinoteta_myrines,ko,43.61,69.53,64.46
europe_lau,Κοινότητα Προδρόμου,koinoteta_prodromou,ko,46.49,76.75,43.05
europe_lau,Κοινότητα Πτελοπούλας,koinoteta_ptelopoulas,ko,33.73,47.28,81.19
europe_lau,Κοινότητα Μητρόπολης,koinoteta_metropoles,ko,35.06,52.11,-17.6
europe_lau,Κοινότητα Αγίου Γεωργίου,koinoteta_agiou_georgiou,ko,37.26,56.81,7.9
europe_lau,Κοινότητα Γεωργικού,koinoteta_georgikou,ko,40.86,69.47,58.63
europe_lau,Κοινότητα Κρύας Βρύσης,koinoteta_kryas_bryses,ko,44.85,60.41,91.61
europe_lau,Κοινότητα Ξινονερίου,koinoteta_xinoneriou,ko,43.31,55.91,74.07
europe_lau,Κοινότητα Πορτίτσης,koinoteta_portitses,ko,52.66,70.7,57.37
europe_lau,Κοινότητα Φράγκου,koinoteta_phrankou,ko,48.97,74.36,6.4
europe_lau,Κοινότητα Ανθηρού,koinoteta_antherou,ko,39.82,60.02,79.13
europe_lau,Κοινότητα Αργιθέας,koinoteta_argitheas,ko,47.99,63.89,82.54
europe_lau,Κοινότητα Ελληνικών,koinoteta_ellenikon,ko,36.03,66.15,67.54
europe_lau,Κοινότητα Θερινού,koinoteta_therinou,ko,44.75,68.49,95.41
europe_lau,Κοινότητα Καλής Κώμης,koinoteta_kales_komes,ko,47.74,61.6,53.39
europe_lau,Κοινότητα Καρυάς,koinoteta_karyas,ko,52.79,72.89,37.72
europe_lau,Κοινότητα Μεσοβουνίου,koinoteta_mesobouniou,ko,50.84,57.87,71.51
europe_lau,Κοινότητα Πετρωτού,koinoteta_petrotou,ko,49.23,65.1,68.42
europe_lau,Κοινότητα Πετρίλου,koinoteta_petrilou,ko,44,64.13,81.37
europe_lau,Κοινότητα Βλασίου,koinoteta_blasiou,ko,42.14,48.3,39.35
europe_lau,Κοινότητα Δροσάτου,koinoteta_drosatou,ko,35.71,73.63,99.78
europe_lau,Κοινότητα Κουμπουριανών,koinoteta_koumpourianon,ko,40.38,55.19,61.74
europe_lau,Κοινότητα Λεοντίτου,koinoteta_leontitou,ko,41.32,67.95,86.85
europe_lau,Κοινότητα Πετροχωρίου,koinoteta_petrochoriou,ko,44.24,85.74,95.18
europe_lau,Κοινότητα Στεφανιάδος,koinoteta_stephaniados,ko,30.8,59.24,74.42
europe_lau,Κοινότητα Φουντωτού,koinoteta_phountotou,ko,41.69,59.01,91.89
europe_lau,Κοινότητα Βραγκιανών,koinoteta_brankianon,ko,46.67,62.16,0.52
europe_lau,Κοινότητα Αργυρίου,koinoteta_argyriou,ko,33.91,71.15,47.07
europe_lau,Κοινότητα Καταφυλλίου,koinoteta_kataphylliou,ko,61.57,70.53,48.84
europe_lau,Κοινότητα Μαράθου,koinoteta_marathou,ko,49.66,58.13,65.04
europe_lau,Κοινότητα Μορφοβουνίου,koinoteta_morphobouniou,ko,35.65,55.53,-16.05
europe_lau,Κοινότητα Κερασέας,koinoteta_keraseas,ko,46.86,59.56,27.75
europe_lau,Κοινότητα Λαμπερού,koinoteta_lamperou,ko,53.96,71.13,69.85
europe_lau,Κοινότητα Μεσενικόλα,koinoteta_mesenikola,ko,49.83,72.5,13.62
europe_lau,Κοινότητα Μοσχάτου,koinoteta_moschatou,ko,33.91,63.25,31.29
europe_lau,Κοινότητα Πεζούλας,koinoteta_pezoulas,ko,27.86,56.84,30.61
europe_lau,Κοινότητα Καρβασαρά,koinoteta_karbasara,ko,61.27,75.3,70.21
europe_lau,Κοινότητα Καρίτσης Δολόπων,koinoteta_karitses_dolopon,ko,49.89,66.66,47.25
europe_lau,Κοινότητα Κρυονερίου,koinoteta_kryoneriou,ko,39.06,73.71,-33.7
europe_lau,Κοινότητα Αστρά,koinoteta_astra,ko,43.72,67.7,4.17
europe_lau,Κοινότητα Ορεινής,koinoteta_oreines,ko,57.37,71.72,33.86
europe_lau,Κοινότητα Αντρωνίου,koinoteta_antroniou,ko,34.68,54.93,-33.35
europe_lau,Κοινότητα Αγίας Κυριακής,koinoteta_agias_kyriakes,ko,23.57,66.7,44.06
europe_lau,Κοινότητα Αγίας Τριάδος,koinoteta_agias_triados,ko,23.52,56.16,60.63
europe_lau,Κοινότητα Κακοταρίου,koinoteta_kakotariou,ko,44.14,53.57,55.79
europe_lau,Κοινότητα Κρυόβρυσης,koinoteta_kryobryses,ko,40.4,64.94,54.46
europe_lau,Κοινότητα Τσιπιανών,koinoteta_tsipianon,ko,46.67,60.2,32.53
europe_lau,Κοινότητα Λάλα,koinoteta_lala,ko,39.39,63.88,17.1
europe_lau,Κοινότητα Αχλαδινής,koinoteta_achladines,ko,56.42,73.73,59.28
europe_lau,Κοινότητα Δούκα,koinoteta_douka,ko,24.82,51.54,-11.5
europe_lau,Κοινότητα Κούμανη,koinoteta_koumane,ko,57.76,61.89,48.07
europe_lau,Κοινότητα Μηλεών,koinoteta_meleon,ko,44.38,59.36,22.89
europe_lau,Κοινότητα Νεμούτας,koinoteta_nemoutas,ko,46.44,56.51,34.18
europe_lau,Κοινότητα Νεράιδας,koinoteta_neraidas,ko,30.44,72.05,-82.16
europe_lau,Κοινότητα Περσαίνης,koinoteta_persaines,ko,32.96,50.38,49.68
europe_lau,Κοινότητα Φολόης,koinoteta_pholoes,ko,30.77,63.47,46.69
europe_lau,Κοινότητα Ζαχάρως,koinoteta_zacharos,ko,37,47.32,29.2
europe_lau,Κοινότητα Αγίου Ηλία,koinoteta_agiou_elia,ko,51.02,68.43,31.49
europe_lau,Κοινότητα Ανηλίου,koinoteta_aneliou,ko,43.46,82.62,-0.61
europe_lau,Κοινότητα Αρήνης,koinoteta_arenes,ko,51.52,72.93,24.89
europe_lau,Κοινότητα Αρτέμιδας,koinoteta_artemidas,ko,51.43,73.18,81.32
europe_lau,Κοινότητα Γιαννιτσοχωρίου,koinoteta_giannitsochoriou,ko,38.9,49.25,52.52
europe_lau,Κοινότητα Κακοβάτου,koinoteta_kakobatou,ko,44.12,80.05,83.64
europe_lau,Κοινότητα Καλιδόνης,koinoteta_kalidones,ko,27.69,59.58,-73.06
europe_lau,Κοινότητα Λεπρέου,koinoteta_lepreou,ko,35.81,71.73,-1.29
europe_lau,Κοινότητα Μακίστου,koinoteta_makistou,ko,59.22,80.9,56.77
europe_lau,Κοινότητα Μηλέας,koinoteta_meleas,ko,55.08,70.28,46.09
europe_lau,Κοινότητα Μίνθης,koinoteta_minthes,ko,62.17,63.26,43.39
europe_lau,Κοινότητα Αγίου Κηρύκου,koinoteta_agiou_kerykou,ko,17.76,66.42,52.6
europe_lau,Κοινότητα Περδικίου,koinoteta_perdikiou,ko,20.22,59.76,25.02
europe_lau,Κοινότητα Χρυσοστόμου,koinoteta_chrysostomou,ko,37.11,73.05,24.44
europe_lau,Κοινότητα Ευδήλου,koinoteta_eudelou,ko,53.03,72.49,26.78
europe_lau,Κοινότητα Αρεθούσης,koinoteta_arethouses,ko,46.66,67.96,56.74
europe_lau,Κοινότητα Δάφνης,koinoteta_daphnes,ko,54.86,73.77,83.97
europe_lau,Κοινότητα Καραβοστάμου,koinoteta_karabostamou,ko,47.09,63.49,41.04
europe_lau,Κοινότητα Μαγγανίτου,koinoteta_manganitou,ko,35.77,67.77,42.17
europe_lau,Κοινότητα Φραντάτου,koinoteta_phrantatou,ko,29.21,58.65,85.23
europe_lau,Κοινότητα Ραχών,koinoteta_rachon,ko,43.82,63.93,77.52
europe_lau,Κοινότητα Αγίου Πολυκάρπου,koinoteta_agiou_polykarpou,ko,32.74,62.68,91.41
europe_lau,Κοινότητα Καρκιναγρίου,koinoteta_karkinagriou,ko,42.9,63.88,-2.68
europe_lau,Κοινότητα Μυριναίων,koinoteta_myrinaion,ko,46.52,57.01,47.28
europe_lau,Κοινότητα Θάνους,koinoteta_thanous,ko,31.87,54.95,45.96
europe_lau,Κοινότητα Κάσπακα,koinoteta_kaspaka,ko,30.52,64.56,94.75
europe_lau,Κοινότητα Κορνού,koinoteta_kornou,ko,52.29,62.83,83.88
europe_lau,Κοινότητα Πλατέος,koinoteta_plateos,ko,20.04,36.07,67.09
europe_lau,Κοινότητα Ατσικής,koinoteta_atsikes,ko,57.82,65.35,71.22
europe_lau,Κοινότητα Αγίου Δημητρίου,koinoteta_agiou_demetriou,ko,30.4,52.57,63.07
europe_lau,Κοινότητα Βάρους,koinoteta_barous,ko,46.57,64.81,73.42
europe_lau,Κοινότητα Δάφνης,koinoteta_daphnes,ko,40.37,56.5,82.47
europe_lau,Κοινότητα Καρπασίου,koinoteta_karpasiou,ko,44.54,57.34,35.56
europe_lau,Κοινότητα Καταλάκκου,koinoteta_katalakkou,ko,63.34,72.02,58.18
europe_lau,Κοινότητα Σαρδών,koinoteta_sardon,ko,33.89,58.37,49.03
europe_lau,Κοινότητα Μούδρου,koinoteta_moudrou,ko,56.45,61.2,61.43
europe_lau,Κοινότητα Καλλιόπης,koinoteta_kalliopes,ko,49.3,51.82,45.21
europe_lau,Κοινότητα Καμινίων,koinoteta_kaminion,ko,60.92,67.76,49.47
europe_lau,Κοινότητα Κοντοπουλίου,koinoteta_kontopouliou,ko,53.97,61.18,61.57
europe_lau,Κοινότητα Λύχνων,koinoteta_lychnon,ko,49.44,69.32,-7.55
europe_lau,Κοινότητα Παναγίας,koinoteta_panagias,ko,45.15,73.01,66.12
europe_lau,Κοινότητα Πλάκας,koinoteta_plakas,ko,30.25,36.47,56.44
europe_lau,Κοινότητα Ρεπανιδίου,koinoteta_repanidiou,ko,72.17,73.06,61.43
europe_lau,Κοινότητα Ρουσσοπουλίου,koinoteta_roussopouliou,ko,64.99,75.29,28.39
europe_lau,Κοινότητα Ρωμανού,koinoteta_romanou,ko,36.85,62.61,22.33
europe_lau,Κοινότητα Σκανδαλίου,koinoteta_skandaliou,ko,29.54,54.06,52.36
europe_lau,Κοινότητα Φισίνης,koinoteta_phisines,ko,35.64,60.33,19.99
europe_lau,Κοινότητα Κοντιά,koinoteta_kontia,ko,32.78,62.86,92.33
europe_lau,Κοινότητα Αγκαρυώνων,koinoteta_ankaryonon,ko,70.97,72.5,56.02
europe_lau,Κοινότητα Βαχού,koinoteta_bachou,ko,58.16,73.56,50.65
europe_lau,Κοινότητα Γέρμας,koinoteta_germas,ko,56.15,65.91,57.04
europe_lau,Κοινότητα Γερολιμένος,koinoteta_gerolimenos,ko,58.8,72.48,72.87
europe_lau,Κοινότητα Δρυάλου,koinoteta_dryalou,ko,41.55,71.24,4.78
europe_lau,Κοινότητα Καρέας,koinoteta_kareas,ko,39.46,57.72,-4
europe_lau,Κοινότητα Κελεφάς,koinoteta_kelephas,ko,65.66,81.5,66.24
europe_lau,Κοινότητα Κοίτας,koinoteta_koitas,ko,47.82,60.93,39.23
europe_lau,Κοινότητα Κούνου,koinoteta_kounou,ko,29.54,60.79,87.74
europe_lau,Κοινότητα Κρυονερίου,koinoteta_kryoneriou,ko,38.91,51.1,49.24
europe_lau,Κοινότητα Μίνας,koinoteta_minas,ko,53.74,62.22,72.31
europe_lau,Κοινότητα Νέου Οιτύλου,koinoteta_neou_oitylou,ko,39.63,48.64,42.82
europe_lau,Κοινότητα Οιτύλου,koinoteta_oitylou,ko,72.27,81.27,58.45
europe_lau,Κοινότητα Πύργου Διρού,koinoteta_pyrgou_dirou,ko,62.05,73.45,62.92
europe_lau,Κοινότητα Τσικκαλιών,koinoteta_tsikkalion,ko,42.23,74.99,64.89
europe_lau,Κοινότητα Αγίου Νικολάου,koinoteta_agiou_nikolaou,ko,51.46,67.1,71.34
europe_lau,Κοινότητα Αρχοντικού,koinoteta_archontikou,ko,42.33,61.67,2.97
europe_lau,Κοινότητα Καστανιάς,koinoteta_kastanias,ko,19.91,43.53,88.92
europe_lau,Κοινότητα Κόκκινων Λουριών,koinoteta_kokkinon_lourion,ko,29.68,52.88,18.81
europe_lau,Κοινότητα Μελίσσης,koinoteta_melisses,ko,43.49,68.72,-17.55
europe_lau,Κοινότητα Μελιτίνης,koinoteta_melitines,ko,60.93,74.72,40.46
europe_lau,Κοινότητα Παλαιόβρυσης,koinoteta_palaiobryses,ko,37.42,65.84,74.85
europe_lau,Κοινότητα Πετρίνας,koinoteta_petrinas,ko,43.87,68.22,51.3
europe_lau,Κοινότητα Προσηλίου,koinoteta_proseliou,ko,49.81,67.7,93.14
europe_lau,Кочериново,kocerinovo,ko,34.14,61.47,-31.35
europe_lau,Κοινότητα Σελεγουδίου,koinoteta_selegoudiou,ko,45.27,66.48,93.74
europe_lau,Κοινότητα Ιαλυσού,koinoteta_ialysou,ko,45.56,57.26,26.35
europe_lau,Κοινότητα Καλυθιών,koinoteta_kalythion,ko,67.95,67.28,50.54
europe_lau,Κοινότητα Κοσκινού,koinoteta_koskinou,ko,40.06,55.14,0.19
europe_lau,Κοινότητα Ψίνθου,koinoteta_psinthou,ko,70.81,71.29,43.52
europe_lau,Κοινότητα Σορωνής,koinoteta_sorones,ko,42.66,61.57,88.69
europe_lau,Κοινότητα Απόλλωνα,koinoteta_apollona,ko,64.79,72.26,47.24
europe_lau,Κοινότητα Διμυλιάς,koinoteta_dimylias,ko,61.19,64.49,78.37
europe_lau,Κοινότητα Καλαβάρδα,koinoteta_kalabarda,ko,58.72,72.81,78.88
europe_lau,Κοινότητα Πλατανίων,koinoteta_platanion,ko,56.61,74.9,63.47
europe_lau,Κοινότητα Σαλάκου,koinoteta_salakou,ko,45.74,55.81,31.29
europe_lau,Κοινότητα Φανών,koinoteta_phanon,ko,65.32,78.95,63.04
europe_lau,Κοινότητα Λίνδου,koinoteta_lindou,ko,52.41,68.04,72.57
europe_lau,Κοινότητα Καλάθου,koinoteta_kalathou,ko,29.26,55.55,35.6
europe_lau,Κοινότητα Λαέρμων,koinoteta_laermon,ko,55.47,59.06,60.71
europe_lau,Κοινότητα Λάρδου,koinoteta_lardou,ko,49.1,60.49,67.53
europe_lau,Κοινότητα Πυλώνος,koinoteta_pylonos,ko,38.72,67.94,63.89
europe_lau,Κοινότητα Γενναδίου,koinoteta_gennadiou,ko,55.51,68.42,64.05
europe_lau,Κοινότητα Απολακκιάς,koinoteta_apolakkias,ko,37,50.02,90.89
europe_lau,Κοινότητα Αρνίθας,koinoteta_arnithas,ko,43.39,69,78.91
europe_lau,Κοινότητα Ασκληπιείου,koinoteta_asklepieiou,ko,40.45,59.94,57.23
europe_lau,Κοινότητα Βατίου,koinoteta_batiou,ko,54.09,60.52,72.4
europe_lau,Κοινότητα Ιστρίου,koinoteta_istriou,ko,66.58,74.51,65.39
europe_lau,Κοινότητα Κατταβίας,koinoteta_kattabias,ko,62.3,69.33,62.47
europe_lau,Κοινότητα Λαχανιάς,koinoteta_lachanias,ko,56.48,65.57,65.96
europe_lau,Κοινότητα Μεσαναγρού,koinoteta_mesanagrou,ko,47.87,60.2,22.27
europe_lau,Κοινότητα Προφίλιας,koinoteta_prophilias,ko,34.08,55.43,39.65
europe_lau,Κοινότητα Κρεμαστής,koinoteta_kremastes,ko,49.93,69.29,81.63
europe_lau,Κοινότητα Δαματρίας,koinoteta_damatrias,ko,57.74,77.49,36.28
europe_lau,Κοινότητα Θεολόγου,koinoteta_theologou,ko,43.15,74.41,87.57
europe_lau,Κοινότητα Μαριτσών,koinoteta_maritson,ko,46.08,70.79,-1.1
europe_lau,Κοινότητα Παραδεισίου,koinoteta_paradeisiou,ko,29.98,72.68,8.88
europe_lau,Κοινότητα Παστίδας,koinoteta_pastidas,ko,51.03,61.74,78.83
europe_lau,Κοινότητα Μεγάλου Χωρίου,koinoteta_megalou_choriou,ko,56.72,62.32,56.49
europe_lau,Κοινότητα Λιβαδίων,koinoteta_libadion,ko,47.07,53.99,52.7
europe_lau,Κοινότητα Τήνου,koinoteta_tenou,ko,37.31,44.88,68.25
europe_lau,Κοινότητα Δύο Χωρίων,koinoteta_dyo_chorion,ko,34.86,56.3,38.54
europe_lau,Κοινότητα Τριαντάρου,koinoteta_triantarou,ko,32.83,56.45,59.67
europe_lau,Κοινότητα Κάμπου,koinoteta_kampou,ko,45.92,55.63,33.45
europe_lau,Κοινότητα Αγάπης,koinoteta_agapes,ko,41.97,63.06,94.47
europe_lau,Κοινότητα Καλλονής,koinoteta_kallones,ko,55.54,66.85,83.08
europe_lau,Κοινότητα Καρδιανής,koinoteta_kardianes,ko,46.05,68.73,44.34
europe_lau,Κοινότητα Κτικάδου,koinoteta_ktikadou,ko,38.58,62,-9.34
europe_lau,Κοινότητα Κώμης,koinoteta_komes,ko,29.48,49.08,99.18
europe_lau,Κοινότητα Στενής,koinoteta_stenes,ko,38.88,52.89,30.81
europe_lau,Κοινότητα Υστερνίων,koinoteta_ysternion,ko,44.76,56.27,11.36
europe_lau,Κοινότητα Φαλατάδου,koinoteta_phalatadou,ko,50.34,61.99,63.77
europe_lau,Κοινότητα Πανόρμου,koinoteta_panormou,ko,43.9,62.28,-2.92
europe_lau,Κοινότητα Βασιλειών,koinoteta_basileion,ko,51.59,72.03,79.61
europe_lau,Κοινότητα Κρεμμυδίων,koinoteta_kremmydion,ko,60.04,66.94,42.39
europe_lau,Κοινότητα Μεσοποτάμου,koinoteta_mesopotamou,ko,25.77,49.67,91.04
europe_lau,Κοινότητα Σουληναρίου,koinoteta_soulenariou,ko,41.83,66.63,98.99
europe_lau,Κοινότητα Κυπαρισσίας,koinoteta_kyparissias,ko,28.44,42.02,56.93
europe_lau,Κοινότητα Αρμενιών,koinoteta_armenion,ko,28.76,61.11,42.33
europe_lau,Κοινότητα Βρυσών,koinoteta_bryson,ko,27.15,56.18,83.85
europe_lau,Κοινότητα Μουριατάδας,koinoteta_mouriatadas,ko,48.87,68.44,78.15
europe_lau,Κοινότητα Μύρου,koinoteta_myrou,ko,43.14,56.98,89.52
europe_lau,Κοινότητα Ξηροκάμπου,koinoteta_xerokampou,ko,33.51,52.53,81.06
europe_lau,Κοινότητα Περδικονερίου,koinoteta_perdikoneriou,ko,65.82,73.96,34.91
europe_lau,Κοινότητα Ραχών,koinoteta_rachon,ko,54.38,70.94,33.11
europe_lau,Κοινότητα Σπηλιάς,koinoteta_spelias,ko,43.88,74.41,57.59
europe_lau,Κοινότητα Στασιού,koinoteta_stasiou,ko,39.11,77.62,65.54
europe_lau,Κοινότητα Φαρακλάδας,koinoteta_pharakladas,ko,36.32,71.75,53.91
europe_lau,Κοινότητα Κοπανακίου,koinoteta_kopanakiou,ko,31.33,51.53,87.33
europe_lau,Κοινότητα Αγριλιάς Τριφυλίας,koinoteta_agrilias_triphylias,ko,35.79,61.24,69.6
europe_lau,Κοινότητα Λάστρου,koinoteta_lastrou,ko,37.69,64.02,93.52
europe_lau,Κοινότητα Μαρωνίας,koinoteta_maronias,ko,35.53,50.48,5.82
europe_lau,Κοινότητα Μέσα Μουλιανών,koinoteta_mesa_moulianon,ko,21.32,60.99,71.31
europe_lau,Κοινότητα Μυρσίνης,koinoteta_myrsines,ko,40.56,65.51,98.66
europe_lau,Κοινότητα Πισκοκεφάλου,koinoteta_piskokephalou,ko,49.46,60.59,43.44
europe_lau,Κοινότητα Πραισού,koinoteta_praisou,ko,67.79,82.82,41.14
europe_lau,Κοινότητα Ρούσσας Εκκλησίας,koinoteta_roussas_ekklesias,ko,32.53,58.56,36.49
europe_lau,Κοινότητα Σκοπής,koinoteta_skopes,ko,46.89,62.45,89.51
europe_lau,Κοινότητα Σταυρωμένου,koinoteta_stauromenou,ko,47.89,64.21,70.21
europe_lau,Κοινότητα Σφάκας,koinoteta_sphakas,ko,31.44,76.14,89.05
europe_lau,Κοινότητα Τουρλωτής,koinoteta_tourlotes,ko,22.28,62.37,94.59
europe_lau,Κοινότητα Χαμεζίου,koinoteta_chameziou,ko,29.62,52.76,94.9
europe_lau,Κοινότητα Παλαικάστρου,koinoteta_palaikastrou,ko,23.38,36.13,68.87
europe_lau,Κοινότητα Ζάκρου,koinoteta_zakrou,ko,46.28,61.12,73.14
europe_lau,Κοινότητα Καρυδίου,koinoteta_karydiou,ko,24.01,48.92,-2.5
europe_lau,Κοινότητα Ζίρου,koinoteta_zirou,ko,59.71,66.97,41.72
europe_lau,Κοινότητα Αγίας Τριάδος,koinoteta_agias_triados,ko,37.87,65.41,93.86
europe_lau,Κοινότητα Απιδίων,koinoteta_apidion,ko,30.57,63.06,89.85
europe_lau,Κοινότητα Αρμένων,koinoteta_armenon,ko,29.65,51.54,96.43
europe_lau,Κοινότητα Παππαγιαννάδων,koinoteta_pappagiannadon,ko,63.63,70.16,49.41
europe_lau,Κοινότητα Χανδρά,koinoteta_chandra,ko,46.65,58.01,54.35
europe_lau,Κοινότητα Λιθινών,koinoteta_lithinon,ko,37.48,60.82,82.31
europe_lau,Κοινότητα Περιβολακίων,koinoteta_peribolakion,ko,50.76,65.02,66.66
europe_lau,Κοινότητα Πεύκων,koinoteta_peukon,ko,38.5,72.92,92.05
europe_lau,Κοινότητα Χρυσοπηγής,koinoteta_chrysopeges,ko,34.26,62.18,-69.04
europe_lau,Κοινότητα Ρεθύμνης,koinoteta_rethymnes,ko,41.73,53.83,-1.46
europe_lau,Κοινότητα Αρμένων,koinoteta_armenon,ko,28.86,55.5,88.72
europe_lau,Κοινότητα Γουλεδιανών,koinoteta_gouledianon,ko,40.77,61.81,61.58
europe_lau,Κοινότητα Καρές,koinoteta_kares,ko,31.36,77.41,78.72
europe_lau,Κοινότητα Καστέλλου,koinoteta_kastellou,ko,45.43,65.01,88.94
europe_lau,Κοινότητα Κούμων,koinoteta_koumon,ko,53.1,75.2,84.05
europe_lau,Κοινότητα Μαρουλά,koinoteta_maroula,ko,35.31,72.56,90.47
europe_lau,Κοινότητα Όρους,koinoteta_orous,ko,55.14,71.83,80.18
europe_lau,Κοινότητα Πρασιών,koinoteta_prasion,ko,37.55,60.11,98.87
europe_lau,Κοινότητα Ρουσσοσπιτίου,koinoteta_roussospitiou,ko,23.1,44.52,88.01
europe_lau,Κοινότητα Σελλίου,koinoteta_selliou,ko,58.33,71.15,48.95
europe_lau,Κοινότητα Χρομοναστηρίου,koinoteta_chromonasteriou,ko,32.06,58.5,92.29
europe_lau,Κοινότητα Άδελε,koinoteta_adele,ko,18.95,54.33,94.97
europe_lau,Κοινότητα Αμνάτου,koinoteta_amnatou,ko,28.68,63.83,88.88
europe_lau,Κοινότητα Αρχαίας Ελεύθερνας,koinoteta_archaias_eleuthernas,ko,20.28,63.99,88.77
europe_lau,Κοινότητα Ελευθέρνης,koinoteta_eleuthernes,ko,22.8,48.11,95.09
europe_lau,Κοινότητα Έρφων,koinoteta_erphon,ko,35.73,59.33,19.31
europe_lau,Κοινότητα Κυριάννας,koinoteta_kyriannas,ko,46.68,78.18,92.38
europe_lau,Κοινότητα Μέσης,koinoteta_meses,ko,42.78,60.36,86.8
europe_lau,Κοινότητα Παγκαλοχωρίου,koinoteta_pankalochoriou,ko,39.68,74.84,94.28
europe_lau,Κοινότητα Πηγής,koinoteta_peges,ko,54.78,75.85,78.33
europe_lau,Κοινότητα Πρίνου,koinoteta_prinou,ko,59.33,68.11,61.18
europe_lau,Κοινότητα Σκουλουφίων,koinoteta_skoulouphion,ko,44.32,60.3,38.4
europe_lau,Κοινότητα Χαμαλευρίου,koinoteta_chamaleuriou,ko,40.94,75.89,94.92
europe_lau,Κοινότητα Χαρκίων,koinoteta_charkion,ko,48.78,69.58,-6.95
europe_lau,Κοινότητα Επισκοπής,koinoteta_episkopes,ko,56.12,79.72,74.49
europe_lau,Κοινότητα Αργυρουπόλεως,koinoteta_argyroupoleos,ko,30.79,57.59,82.92
europe_lau,Κοινότητα Αρχοντικής,koinoteta_archontikes,ko,42.52,59.24,50.45
europe_lau,Κοινότητα Βιλανδρέδου,koinoteta_bilandredou,ko,65.91,70.38,65.74
europe_lau,Κοινότητα Καρωτής,koinoteta_karotes,ko,46.73,80.26,99.43
europe_lau,Κοινότητα Κάτω Πόρου,koinoteta_kato_porou,ko,40.02,72.95,96.92
europe_lau,Κοινότητα Κούφης,koinoteta_kouphes,ko,62.13,73.21,65.84
europe_lau,Κοινότητα Μυριοκεφάλων,koinoteta_myriokephalon,ko,64.37,69.75,45.78
europe_lau,Κοινότητα Γωνιάς,koinoteta_gonias,ko,53.37,72.53,36.75
europe_lau,Κοινότητα Αγίου Κωνσταντίνου,koinoteta_agiou_konstantinou,ko,25.83,71.5,77.18
europe_lau,Κοινότητα Νεοχωρίου,koinoteta_neochoriou,ko,38.47,73.83,10.06
europe_lau,Κοινότητα Ξηροχωρίου,koinoteta_xerochoriou,ko,42.39,58.71,24.48
europe_lau,Κοινότητα Πρασιδακίου,koinoteta_prasidakiou,ko,61.36,71.96,38.67
europe_lau,Κοινότητα Ροδινών,koinoteta_rodinon,ko,63.55,81.94,42.14
europe_lau,Κοινότητα Σμέρνας,koinoteta_smernas,ko,57.77,67.54,81.07
europe_lau,Κοινότητα Σχίνων,koinoteta_schinon,ko,21.11,55.49,-63.27
europe_lau,Κοινότητα Ταξιαρχών,koinoteta_taxiarchon,ko,19.35,48.75,41.39
europe_lau,Κοινότητα Χρυσοχωρίου,koinoteta_chrysochoriou,ko,56.46,81.52,80.33
europe_lau,Κοινότητα Νέας Φιγαλείας,koinoteta_neas_phigaleias,ko,54.48,66.06,66.13
europe_lau,Κοινότητα Κρυονερίου Ολυμπίας,koinoteta_kryoneriou_olympias,ko,63.02,81.42,26.65
europe_lau,Κοινότητα Περιβολίων,koinoteta_peribolion,ko,49.93,61.65,11.78
europe_lau,Κοινότητα Πετραλώνων,koinoteta_petralonon,ko,31.57,47.39,82.67
europe_lau,Κοινότητα Στομίου,koinoteta_stomiou,ko,61.98,74.02,52.2
europe_lau,Κοινότητα Φιγαλείας,koinoteta_phigaleias,ko,39.74,73.55,-39.45
europe_lau,Κοινότητα Γαστούνης,koinoteta_gastounes,ko,67.9,74.16,61.14
europe_lau,Κοινότητα Καβάσιλα,koinoteta_kabasila,ko,56.65,63.97,61.91
europe_lau,Κοινότητα Καρδιακαυτίου,koinoteta_kardiakautiou,ko,56.11,67.44,63.88
europe_lau,Κοινότητα Κοροίβου,koinoteta_koroibou,ko,41.06,56.7,54.77
europe_lau,Κοινότητα Λευκοχωρίου,koinoteta_leukochoriou,ko,54.38,65.86,54.67
europe_lau,Κοινότητα Παλαιοχωρίου,koinoteta_palaiochoriou,ko,63.99,72.61,60.55
europe_lau,Κοινότητα Ρουπακίου,koinoteta_roupakiou,ko,62.85,80.4,62.21
europe_lau,Κοινότητα Βαρθολομιού,koinoteta_bartholomiou,ko,46.48,58.37,82.76
europe_lau,Κοινότητα Δήμητρας,koinoteta_demetras,ko,65.66,69.41,72.24
europe_lau,Κοινότητα Καλυβίων Μυρτουντίων,koinoteta_kalybion_myrtountion,ko,18.54,38.06,92.73
europe_lau,Κοινότητα Λυγιάς,koinoteta_lygias,ko,55.28,67.51,31.85
europe_lau,Κοινότητα Μάχου,koinoteta_machou,ko,38.59,55.96,-1.12
europe_lau,Κοινότητα Τραγανού,koinoteta_traganou,ko,32.52,57.43,-30.71
europe_lau,Κοινότητα Αγίας Μαύρας,koinoteta_agias_mauras,ko,48.56,55.78,29.56
europe_lau,Κοινότητα Σιμίζα,koinoteta_simiza,ko,46.18,68.2,29.9
europe_lau,Κοινότητα Τριπόλεως,koinoteta_tripoleos,ko,56.07,70.39,49.44
europe_lau,Κοινότητα Αγίου Βασιλείου Μαντινείας,koinoteta_agiou_basileiou_mantineias,ko,34.13,71.36,-20.26
europe_lau,Κοινότητα Αγίου Κωνσταντίνου,koinoteta_agiou_konstantinou,ko,53.4,68.23,72.76
europe_lau,Κοινότητα Παρθενίου,koinoteta_partheniou,ko,63.09,69.29,67.08
europe_lau,Κοινότητα Καλεντζίου,koinoteta_kalentziou,ko,39.19,48.41,3.36
europe_lau,Κοινότητα Τραχηλίου,koinoteta_tracheliou,ko,36.86,53.7,54.84
europe_lau,Κοινότητα Αυλωναρίου,koinoteta_aulonariou,ko,56.64,72.43,60.05
europe_lau,Κοινότητα Αγίου Γεωργίου,koinoteta_agiou_georgiou,ko,70.04,81.95,61.02
europe_lau,Κοινότητα Αχλαδερής,koinoteta_achladeres,ko,48.27,66.39,78.35
europe_lau,Κοινότητα Νεοχωρίου,koinoteta_neochoriou,ko,46.78,58.32,47.5
europe_lau,Κοινότητα Οκτωνιάς,koinoteta_oktonias,ko,55.23,66.67,53.28
europe_lau,Κοινότητα Ορίου,koinoteta_oriou,ko,46.72,60.68,54.34
europe_lau,Κοινότητα Πυργίου,koinoteta_pyrgiou,ko,37.65,73.23,-75.15
europe_lau,Κοινότητα Ωρολογίου,koinoteta_orologiou,ko,75.98,81.34,48.82
europe_lau,Κοινότητα Κριεζών,koinoteta_kriezon,ko,24.95,40.39,92.79
europe_lau,Κοινότητα Αργυρού,koinoteta_argyrou,ko,52.36,59.1,79.96
europe_lau,Κοινότητα Βέλους,koinoteta_belous,ko,48.31,71.38,57
europe_lau,Κοινότητα Δύστου,koinoteta_dystou,ko,47.61,64.48,67.9
europe_lau,Κοινότητα Ζαράκων,koinoteta_zarakon,ko,50.25,62,52.71
europe_lau,Κοινότητα Κοσκίνων,koinoteta_koskinon,ko,74.38,73.23,62.86
europe_lau,Κοινότητα Λεπούρων,koinoteta_lepouron,ko,51.06,75.64,62.2
europe_lau,Κοινότητα Πετριών,koinoteta_petrion,ko,47.44,56.84,65.57
europe_lau,Κοινότητα Κονιστρών,koinoteta_konistron,ko,58.8,71.27,81.25
europe_lau,Κοινότητα Αγίου Βλασίου,koinoteta_agiou_blasiou,ko,48.13,69.99,36.52
europe_lau,Κοινότητα Άνω Κουρουνίου,koinoteta_ano_kourouniou,ko,61.06,76.81,50.22
europe_lau,Κοινότητα Βρύσης,koinoteta_bryses,ko,53.58,63.48,47.86
europe_lau,Κοινότητα Καδίου,koinoteta_kadiou,ko,33.2,66.58,-37.81
europe_lau,Κοινότητα Κάτω Κουρουνίου,koinoteta_kato_kourouniou,ko,59.13,81.9,70.89
europe_lau,Κοινότητα Κήπων,koinoteta_kepon,ko,37.21,59.84,79.98
europe_lau,Κοινότητα Κρεμαστού,koinoteta_kremastou,ko,33.46,53.93,26.81
europe_lau,Κοινότητα Μακρυχωρίου,koinoteta_makrychoriou,ko,37.11,48.52,83.2
europe_lau,Κοινότητα Μανικίων,koinoteta_manikion,ko,47.79,67.92,79.58
europe_lau,Κοινότητα Μονοδρύου,koinoteta_monodryou,ko,43.94,49.89,31.31
europe_lau,Κοινότητα Κύμης,koinoteta_kymes,ko,31.49,54.12,0.28
europe_lau,Κοινότητα Ανδρωνιάνων,koinoteta_andronianon,ko,33.81,62.36,-52.36
europe_lau,Κοινότητα Άνω Ποταμιάς,koinoteta_ano_potamias,ko,47.08,76.48,52.76
europe_lau,Κοινότητα Βιτάλων,koinoteta_bitalon,ko,33.78,55.33,43.08
europe_lau,Κοινότητα Ενορίας,koinoteta_enorias,ko,61.44,68.87,70.56
europe_lau,Κοινότητα Καλημεριάνων,koinoteta_kalemerianon,ko,53.52,63.61,73.64
europe_lau,Κοινότητα Μαλετιάνων,koinoteta_maletianon,ko,33.13,63.76,92.47
europe_lau,Κοινότητα Μετοχίου Διρφύων,koinoteta_metochiou_dirphyon,ko,60.7,66.14,69.8
europe_lau,Κοινότητα Οξυλίθου,koinoteta_oxylithou,ko,60.08,70.85,58.07
europe_lau,Κοινότητα Πλατάνας,koinoteta_platanas,ko,29.6,55.38,92.65
europe_lau,Κοινότητα Πύργου,koinoteta_pyrgou,ko,43.44,69.12,97.87
europe_lau,Κοινότητα Ταξιαρχών,koinoteta_taxiarchon,ko,37.03,53.82,2.54
europe_lau,Κοινότητα Βουτών,koinoteta_bouton,ko,18.51,52.7,91.96
europe_lau,Κοινότητα Δαφνέ,koinoteta_daphne,ko,49.78,61.3,59.15
europe_lau,Κοινότητα Σκαλανίου,koinoteta_skalaniou,ko,52.14,74.25,71.13
europe_lau,Κοινότητα Σταυρακίων,koinoteta_staurakion,ko,28.69,43.25,73.44
europe_lau,Κοινότητα Αγίου Μύρωνος,koinoteta_agiou_myronos,ko,29.01,44.12,-35.89
europe_lau,Κοινότητα Άνω Ασιτών,koinoteta_ano_asiton,ko,33.12,51.71,-7.87
europe_lau,Κοινότητα Κάτω Ασιτών,koinoteta_kato_asiton,ko,21.82,60.07,-27.31
europe_lau,Κοινότητα Πενταμοδίου,koinoteta_pentamodiou,ko,62.22,77.36,78.88
europe_lau,Κοινότητα Πετροκεφάλου,koinoteta_petrokephalou,ko,47.36,67.31,30.64
europe_lau,Κοινότητα Πυργούς,koinoteta_pyrgous,ko,55.28,70.84,40.86
europe_lau,Κοινότητα Άνω Βαλσαμονέρου,koinoteta_ano_balsamonerou,ko,45.5,63.09,31.63
europe_lau,Κοινότητα Ατσιποπούλου,koinoteta_atsipopoulou,ko,41.36,65.17,90.72
europe_lau,Κοινότητα Λίμνης,koinoteta_limnes,ko,32.33,58.63,63.94
europe_lau,Κοινότητα Κεχριών,koinoteta_kechrion,ko,37.09,45.29,60.15
europe_lau,Κοινότητα Κουρκουλών,koinoteta_kourkoulon,ko,43.89,68.87,92.72
europe_lau,Κοινότητα Ροβιών,koinoteta_robion,ko,54.44,67.45,74.49
europe_lau,Κοινότητα Σκεπαστής,koinoteta_skepastes,ko,38.84,71.12,87.28
europe_lau,Κοινότητα Μαντουδίου,koinoteta_mantoudiou,ko,60.64,67.65,60.69
europe_lau,Κοινότητα Βλαχιάς,koinoteta_blachias,ko,47.77,58.36,6.13
europe_lau,Κοινότητα Δαφνούσσης,koinoteta_daphnousses,ko,51.09,63.86,46.1
europe_lau,Κοινότητα Κηρίνθου,koinoteta_kerinthou,ko,46.6,58.93,63.06
europe_lau,Κοινότητα Μετοχίου Κηρέως,koinoteta_metochiou_kereos,ko,48.6,70.01,83.35
europe_lau,Κοινότητα Πηλίου,koinoteta_peliou,ko,56.8,70.52,49.4
europe_lau,Κοινότητα Προκοπίου,koinoteta_prokopiou,ko,46.06,64.13,73.87
europe_lau,Κοινότητα Σπαθαρίου,koinoteta_spathariou,ko,59.89,65.61,49.09
europe_lau,Κοινότητα Στροφυλιάς,koinoteta_strophylias,ko,52.31,68.05,56.84
europe_lau,Κοινότητα Φαράκλας,koinoteta_pharaklas,ko,50.67,75.64,24.26
europe_lau,Κοινότητα Αγίας Άννης,koinoteta_agias_annes,ko,39.8,56.6,32.95
europe_lau,Κοινότητα Αμελάντων,koinoteta_amelanton,ko,46.34,63.21,87.64
europe_lau,Κοινότητα Αχλαδίου,koinoteta_achladiou,ko,60.55,61.78,68.9
europe_lau,Κοινότητα Κεραμείας,koinoteta_kerameias,ko,51.11,70.74,93.66
europe_lau,Κοινότητα Κερασέας,koinoteta_keraseas,ko,43.42,48.6,67.88
europe_lau,Κοινότητα Σμίξης,koinoteta_smixes,ko,49.78,67.89,18.36
europe_lau,Κοινότητα Φιλιππαίων,koinoteta_philippaion,ko,27.34,54.16,-32.82
europe_lau,Κοινότητα Δεσκάτης,koinoteta_deskates,ko,44.55,52.17,23.38
europe_lau,Κοινότητα Δασοχωρίου,koinoteta_dasochoriou,ko,70.93,75.33,39.06
europe_lau,Κοινότητα Παλιουριάς,koinoteta_paliourias,ko,52.56,64.1,40.07
europe_lau,Κοινότητα Παναγίας,koinoteta_panagias,ko,29,48.4,96.03
europe_lau,Κοινότητα Παρασκευής,koinoteta_paraskeues,ko,48.85,69.09,87.98
europe_lau,Κοινότητα Καρπερού,koinoteta_karperou,ko,30.74,61.65,29.37
europe_lau,Κοινότητα Κατάκαλης,koinoteta_katakales,ko,53.69,73.7,37.77
europe_lau,Κοινότητα Τρικοκκιάς,koinoteta_trikokkias,ko,33.51,67.74,0.64
europe_lau,Κοινότητα Καστοριάς,koinoteta_kastorias,ko,44.56,67.26,77.83
europe_lau,Κοινότητα Μανιάκων,koinoteta_maniakon,ko,46.03,55.36,54.71
europe_lau,Κοινότητα Αυγής,koinoteta_auges,ko,64.49,72.12,47.23
europe_lau,Κοινότητα Κορομηλέας,koinoteta_koromeleas,ko,69.88,70.54,50.71
europe_lau,Κοινότητα Λεύκης,koinoteta_leukes,ko,33.43,46.94,91.68
europe_lau,Κοινότητα Ομορφοκκλησιάς,koinoteta_omorphokklesias,ko,53.5,64.71,71.1
europe_lau,Κοινότητα Πενταβρύσου,koinoteta_pentabrysou,ko,47.35,64.41,86.94
europe_lau,Κοινότητα Τσάκονης,koinoteta_tsakones,ko,56.89,70.42,64.87
europe_lau,Κοινότητα Χιλιοδένδρου,koinoteta_chiliodendrou,ko,45.64,58.15,36.23
europe_lau,Κοινότητα Πορειάς,koinoteta_poreias,ko,57.53,71.91,65.95
europe_lau,Κοινότητα Κορησού,koinoteta_koresou,ko,46.48,79.19,70.59
europe_lau,Κοινότητα Βασιλειάδος,koinoteta_basileiados,ko,58.79,70.27,82.8
europe_lau,Κοινότητα Λιθιάς,koinoteta_lithias,ko,45.85,62.21,15.18
europe_lau,Κοινότητα Μελισσοτόπου,koinoteta_melissotopou,ko,32.09,60.9,85.83
europe_lau,Κοινότητα Τοιχίου,koinoteta_toichiou,ko,47.87,71.42,23.67
europe_lau,Κοινότητα Βυσσινέας,koinoteta_byssineas,ko,47.93,61.57,86.29
europe_lau,Κοινότητα Μεταμορφώσεως,koinoteta_metamorphoseos,ko,58.85,69.29,27.05
europe_lau,Κοινότητα Οξυάς,koinoteta_oxyas,ko,32.74,60.34,55.16
europe_lau,Κοινότητα Πολυκεράσου,koinoteta_polykerasou,ko,31.74,44.24,75.34
europe_lau,Κοινότητα Σιδηροχωρίου,koinoteta_siderochoriou,ko,38.94,55.45,-11.23
europe_lau,Κοινότητα Ιεροπηγής,koinoteta_ieropeges,ko,56.13,67.12,54.39
europe_lau,Κοινότητα Δενδροχωρίου,koinoteta_dendrochoriou,ko,48.72,56.96,73.31
europe_lau,Κοινότητα Κλεισούρας,koinoteta_kleisouras,ko,43.16,51.12,69.73
europe_lau,Κοινότητα Γάβρου,koinoteta_gabrou,ko,68.53,73.12,32.03
europe_lau,Κοινότητα Αγίου Αντωνίου,koinoteta_agiou_antoniou,ko,61.8,68.33,66.08
europe_lau,Κοινότητα Κρανιώνος,koinoteta_kranionos,ko,33.84,42.29,88.45
europe_lau,Κοινότητα Μακροχωρίου,koinoteta_makrochoriou,ko,51.15,76.44,-10.51
europe_lau,Κοινότητα Μαυροκάμπου,koinoteta_maurokampou,ko,38.75,57.86,39.07
europe_lau,Κοινότητα Μελά,koinoteta_mela,ko,58.03,71,53.56
europe_lau,Κοινότητα Χαλάρων,koinoteta_chalaron,ko,41.93,74.54,-23.03
europe_lau,Κοινότητα Μαυροχωρίου,koinoteta_maurochoriou,ko,36.84,58.55,16.9
europe_lau,Κοινότητα Δισπηλίου,koinoteta_dispeliou,ko,59.65,65.18,47.28
europe_lau,Κοινότητα Πολυκάρπης,koinoteta_polykarpes,ko,26.38,55.08,-55.93
europe_lau,Κοινότητα Μεσοποταμιάς,koinoteta_mesopotamias,ko,32.24,46.24,23.94
europe_lau,Κοινότητα Αγία Κυριακή,koinoteta_agia_kyriake,ko,47.25,61.4,88.58
europe_lau,Κοινότητα Καλοχωρίου,koinoteta_kalochoriou,ko,43.86,58.75,3.59
europe_lau,Κοινότητα Οινόης,koinoteta_oinoes,ko,62.29,72.32,73.28
europe_lau,Κοινότητα Πτεριάς,koinoteta_pterias,ko,50.1,61.9,41.95
europe_lau,Κοινότητα Νεστορίου,koinoteta_nestoriou,ko,57.38,61.14,44.87
europe_lau,Κοινότητα Κοτύλης,koinoteta_kotyles,ko,49.27,54.38,47.56
europe_lau,Κοινότητα Κυψέλης,koinoteta_kypseles,ko,63.15,80.23,67.04
europe_lau,Κοινότητα Πτελέας,koinoteta_pteleas,ko,42.49,69.27,-4.99
europe_lau,Κοινότητα Διποταμιάς,koinoteta_dipotamias,ko,23.2,41.92,91.43
europe_lau,Κοινότητα Κομνηνάδων,koinoteta_komnenadon,ko,43.51,66.44,86.89
europe_lau,Κοινότητα Πολυανέμου,koinoteta_polyanemou,ko,44.97,60.18,23.23
europe_lau,Κοινότητα Καλλιθέας,koinoteta_kallitheas,ko,44.96,73.31,40.83
europe_lau,Κοινότητα Λιβαδοχωρίου,koinoteta_libadochoriou,ko,60.48,70.37,44.15
europe_lau,Κοινότητα Νέας Κούταλης,koinoteta_neas_koutales,ko,55.79,77.83,57.71
europe_lau,Κοινότητα Πεδινού,koinoteta_pedinou,ko,40.78,65.62,63.62
europe_lau,Κοινότητα Πορτιανού,koinoteta_portianou,ko,44.56,63.57,23.11
europe_lau,Κοινότητα Τσιμανδρίων,koinoteta_tsimandrion,ko,24.02,50.44,94.8
europe_lau,Κοινότητα Σαμίων,koinoteta_samion,ko,37.12,51.67,79.81
europe_lau,Κοινότητα Αγίου Κωνσταντίνου,koinoteta_agiou_konstantinou,ko,26.02,49.29,75.23
europe_lau,Κοινότητα Αμπέλου,koinoteta_ampelou,ko,29.54,47.37,80.82
europe_lau,Κοινότητα Βαθέος,koinoteta_batheos,ko,31.56,42.5,-4.59
europe_lau,Κοινότητα Βουρλιωτών,koinoteta_bourlioton,ko,41.56,65.02,92.92
europe_lau,Κοινότητα Κοκκαρίου,koinoteta_kokkariou,ko,33.41,55.93,46.69
europe_lau,Κοινότητα Μανολατών,koinoteta_manolaton,ko,65.53,79.73,38.21
europe_lau,Κοινότητα Σκάλας,koinoteta_skalas,ko,35.14,47.58,85.54
europe_lau,Κοινότητα Βρονταμά,koinoteta_brontama,ko,59.35,67.82,56.1
europe_lau,Κοινότητα Γραμμούσης,koinoteta_grammouses,ko,55.37,75.23,50.19
europe_lau,Κοινότητα Λεήμονα,koinoteta_leemona,ko,49.92,62.16,80.57
europe_lau,Κοινότητα Περιστερίου,koinoteta_peristeriou,ko,33.76,53.99,68.57
europe_lau,Κοινότητα Στεφανιάς,koinoteta_stephanias,ko,39.58,56.9,83.48
europe_lau,Κοινότητα Βλαχιώτη,koinoteta_blachiote,ko,14.1,40.54,73.12
europe_lau,Κοινότητα Αγίου Ιωάννη,koinoteta_agiou_ioanne,ko,31.86,54.71,-2.27
europe_lau,Κοινότητα Αστερίου,koinoteta_asteriou,ko,51.87,79.01,85.29
europe_lau,Κοινότητα Γλυκόβρυσης,koinoteta_glykobryses,ko,59.98,71.52,51.48
europe_lau,Κοινότητα Γουβών,koinoteta_goubon,ko,29.93,52.36,96.01
europe_lau,Κοινότητα Έλους,koinoteta_elous,ko,54.15,73.68,74.62
europe_lau,Κοινότητα Μυρτέας,koinoteta_myrteas,ko,29.48,65.01,84.55
europe_lau,Κοινότητα Γερακίου,koinoteta_gerakiou,ko,39.63,51.12,81.47
europe_lau,Κοινότητα Αλεποχωρίου,koinoteta_alepochoriou,ko,53.18,67.73,75.79
europe_lau,Κοινότητα Ζαραφώνα,koinoteta_zaraphona,ko,52.87,69.26,87.86
europe_lau,Κοινότητα Καρίτσης,koinoteta_karitses,ko,62.36,74.05,85.93
europe_lau,Κοινότητα Κροκεών,koinoteta_krokeon,ko,41.22,53.39,41.67
europe_lau,Κοινότητα Βασιλακίου,koinoteta_basilakiou,ko,69.88,79.64,19.95
europe_lau,Κοινότητα Δαφνίου,koinoteta_daphniou,ko,50.79,61.19,37.74
europe_lau,Κοινότητα Λάγιου,koinoteta_lagiou,ko,49.99,59.39,84.86
europe_lau,Κοινότητα Αγίου Δημητρίου Ζάρακος,koinoteta_agiou_demetriou_zarakos,ko,43.33,54.09,83.71
europe_lau,Κοινότητα Απιδέα,koinoteta_apidea,ko,56.96,72.23,68.9
europe_lau,Κοινότητα Κρεμαστής,koinoteta_kremastes,ko,43.51,62.58,87.35
europe_lau,Κοινότητα Νιάτων,koinoteta_niaton,ko,58.83,65.35,69.58
europe_lau,Κοινότητα Μολάων,koinoteta_molaon,ko,37.6,60.02,77.68
europe_lau,Κοινότητα Αετού,koinoteta_aetou,ko,45.97,67.57,97.8
europe_lau,Κοινότητα Αρτικίου,koinoteta_artikiou,ko,44.75,61.04,90.75
europe_lau,Κοινότητα Γλυκορριζίου,koinoteta_glykorriziou,ko,37.89,51.18,85.45
europe_lau,Κοινότητα Καμαρίου,koinoteta_kamariou,ko,26.29,60.33,83.96
europe_lau,Κοινότητα Κεφαλόβρυσης,koinoteta_kephalobryses,ko,41.37,64.19,73.93
europe_lau,Κοινότητα Κρυονερίου,koinoteta_kryoneriou,ko,44.27,56.14,63.9
europe_lau,Κοινότητα Μοναστηρίου,koinoteta_monasteriou,ko,28.4,59.85,85.56
europe_lau,Κοινότητα Πολυθέας,koinoteta_polytheas,ko,26.94,60.38,71.28
europe_lau,Κοινότητα Σιτοχωρίου,koinoteta_sitochoriou,ko,21.81,42.64,87.91
europe_lau,Κοινότητα Σιδηροκάστρου,koinoteta_siderokastrou,ko,42.54,60.63,84.51
europe_lau,Κοινότητα Αγαλιανής,koinoteta_agalianes,ko,43.02,59.59,80.04
europe_lau,Κοινότητα Αυλώνος,koinoteta_aulonos,ko,47.83,60.89,33.95
europe_lau,Κοινότητα Βανάδας,koinoteta_banadas,ko,37.99,64.42,97.82
europe_lau,Κοινότητα Ελαίας,koinoteta_elaias,ko,30.02,49.18,96.79
europe_lau,Κοινότητα Καλιτσαίνης,koinoteta_kalitsaines,ko,68.12,80.92,56.52
europe_lau,Κοινότητα Καλού Νερού,koinoteta_kalou_nerou,ko,44.6,63.24,61.93
europe_lau,Κοινότητα Καρυών,koinoteta_karyon,ko,46.35,70.58,17.52
europe_lau,Κοινότητα Πλατανίων,koinoteta_platanion,ko,52.78,71.17,62.52
europe_lau,Κοινότητα Προδρόμου,koinoteta_prodromou,ko,62.18,71.34,39.1
europe_lau,Κοινότητα Γαργαλιάνων,koinoteta_gargalianon,ko,40.78,58.79,92.07
europe_lau,Κοινότητα Βάλτας,koinoteta_baltas,ko,38.25,66.93,-44.04
europe_lau,Κοινότητα Λεύκης,koinoteta_leukes,ko,28.94,72,77.75
europe_lau,Κοινότητα Μαραθοπόλεως,koinoteta_marathopoleos,ko,13.85,28.98,93.75
europe_lau,Κοινότητα Μουζακίου,koinoteta_mouzakiou,ko,47.99,60.57,66.03
europe_lau,Κοινότητα Πύργου Τριφυλίας,koinoteta_pyrgou_triphylias,ko,34.07,45.68,92.42
europe_lau,Κοινότητα Φλόκας,koinoteta_phlokas,ko,33.32,65.5,94.63
europe_lau,Κοινότητα Ραπτοπούλου,koinoteta_raptopoulou,ko,45.87,61.9,79.81
europe_lau,Κοινότητα Καλογερεσίου,koinoteta_kalogeresiou,ko,50.57,68.95,95.26
europe_lau,Κοινότητα Λαντζουνάτου,koinoteta_lantzounatou,ko,48.74,72.73,88.18
europe_lau,Κοινότητα Λυκουδεσίου,koinoteta_lykoudesiou,ko,55.74,71.47,83.99
europe_lau,Κοινότητα Ροδιάς,koinoteta_rodias,ko,46.39,76.42,2.03
europe_lau,Κοινότητα Σελλά,koinoteta_sella,ko,55.32,71.7,30.12
europe_lau,Κοινότητα Τριπύλας,koinoteta_tripylas,ko,30.03,56.32,69.2
europe_lau,Κοινότητα Φιλιατρών,koinoteta_philiatron,ko,36.59,53.32,94.07
europe_lau,Κοινότητα Χιονάδου,koinoteta_chionadou,ko,39.97,70.94,98.82
europe_lau,Κοινότητα Επταχωρίου,koinoteta_eptachoriou,ko,54.92,64.48,44.5
europe_lau,Κοινότητα Ζούζουλης,koinoteta_zouzoules,ko,61.59,70.62,62.02
europe_lau,Κοινότητα Χρυσής,koinoteta_chryses,ko,47.51,66.97,58.31
europe_lau,Κοινότητα Γράμου,koinoteta_gramou,ko,56.47,73.4,80.89
europe_lau,Κοινότητα Άργους Ορεστικού,koinoteta_argous_orestikou,ko,44.04,50.6,57.9
europe_lau,Κοινότητα Αγίου Ηλία,koinoteta_agiou_elia,ko,50.65,65.74,41.56
europe_lau,Κοινότητα Μπελοκομίτης,koinoteta_mpelokomites,ko,55.12,71.71,48.36
europe_lau,Κοινότητα Νεοχωρίου,koinoteta_neochoriou,ko,46.28,55.56,57.24
europe_lau,Κοινότητα Φυλακτής,koinoteta_phylaktes,ko,29.91,48.72,15.52
europe_lau,Κοινότητα Μουζακίου,koinoteta_mouzakiou,ko,38.47,60.48,2.07
europe_lau,Κοινότητα Αμυγδαλής,koinoteta_amygdales,ko,65.18,69.85,55.49
europe_lau,Κοινότητα Ανθοχωρίου,koinoteta_anthochoriou,ko,52.93,65.68,88.1
europe_lau,Κοινότητα Βατσουνιάς,koinoteta_batsounias,ko,34.83,60.23,21.81
europe_lau,Κοινότητα Γελάνθης,koinoteta_gelanthes,ko,43.03,61.19,64.44
europe_lau,Κοινότητα Δρακότρυπας,koinoteta_drakotrypas,ko,35.04,60.85,10.98
europe_lau,Κοινότητα Ελληνοκάστρου,koinoteta_ellenokastrou,ko,45.4,62.58,59.61
europe_lau,Κοινότητα Κρυοπηγής,koinoteta_kryopeges,ko,49,61.5,75.84
europe_lau,Κοινότητα Λαζαρίνας,koinoteta_lazarinas,ko,43.88,67.32,91.24
europe_lau,Κοινότητα Μαγουλίτσης,koinoteta_magoulitses,ko,56.07,76.67,57.29
europe_lau,Κοινότητα Μαυρομματίου,koinoteta_maurommatiou,ko,47.98,67.49,-7.29
europe_lau,Κοινότητα Οξυάς,koinoteta_oxyas,ko,65.75,78.07,78.78
europe_lau,Κοινότητα Πευκοφύτου,koinoteta_peukophytou,ko,36.52,70.3,81.5
europe_lau,Κοινότητα Πορτής,koinoteta_portes,ko,33.65,64.1,44.63
europe_lau,Κοινότητα Φαναρίου,koinoteta_phanariou,ko,41.87,49.82,21.58
europe_lau,Κοινότητα Αγίου Ακακίου,koinoteta_agiou_akakiou,ko,60.12,66.56,33.58
europe_lau,Κοινότητα Ελληνοπύργου,koinoteta_ellenopyrgou,ko,31.14,45.35,91.75
europe_lau,Κοινότητα Καναλίων,koinoteta_kanalion,ko,50.55,54.07,43.26
europe_lau,Κοινότητα Καππά,koinoteta_kappa,ko,40.72,58.72,61.9
europe_lau,Κοινότητα Λοξάδας,koinoteta_loxadas,ko,27.49,64.74,-102.51
europe_lau,Κοινότητα Πύργου Ιθώμης,koinoteta_pyrgou_ithomes,ko,53.08,71.66,64.02
europe_lau,Κοινότητα Χάρματος,koinoteta_charmatos,ko,31.48,47.91,52.32
europe_lau,Κοινότητα Αγναντερού,koinoteta_agnanterou,ko,54.1,68.92,62.27
europe_lau,Κοινότητα Κρανέας,koinoteta_kraneas,ko,45.22,61.84,65.94
europe_lau,Κοινότητα Μαγούλας,koinoteta_magoulas,ko,52.41,64.46,14.02
europe_lau,Κοινότητα Παλαιοχωρίου,koinoteta_palaiochoriou,ko,54.81,67.73,38.74
europe_lau,Κοινότητα Ριζοβουνίου,koinoteta_rizobouniou,ko,44.26,62.67,2.48
europe_lau,Κοινότητα Παλαμά,koinoteta_palama,ko,52.63,63.26,40.11
europe_lau,Κοινότητα Αγίου Δημητρίου,koinoteta_agiou_demetriou,ko,40.42,56.01,80.48
europe_lau,Κοινότητα Βλοχού,koinoteta_blochou,ko,55.9,65.47,61.65
europe_lau,Κοινότητα Γοργοβιτών,koinoteta_gorgobiton,ko,52.05,63.23,62.9
europe_lau,Κοινότητα Καλυβακίων,koinoteta_kalybakion,ko,55.01,58.96,31.73
europe_lau,Κοινότητα Κοσκινά,koinoteta_koskina,ko,43.96,56.11,65.97
europe_lau,Κοινότητα Μάρκου,koinoteta_markou,ko,40.37,62.55,82.63
europe_lau,Κοινότητα Μεταμορφώσεως,koinoteta_metamorphoseos,ko,43.31,52.07,55.8
europe_lau,Κοινότητα Προαστίου,koinoteta_proastiou,ko,47.02,63.67,42.11
europe_lau,Κοινότητα Αγίας Τριάδος,koinoteta_agias_triados,ko,46.15,67.29,30.45
europe_lau,Κοινότητα Καλογριανών,koinoteta_kalogrianon,ko,45.44,58.95,79.59
europe_lau,Κοινότητα Μαραθέας,koinoteta_maratheas,ko,63.73,70.12,67.22
europe_lau,Κοινότητα Πεδινού,koinoteta_pedinou,ko,41.98,59.39,25.84
europe_lau,Κοινότητα Ιτέας,koinoteta_iteas,ko,27.87,43.16,34.75
europe_lau,Κοινότητα Αστρίτσης,koinoteta_astritses,ko,42.39,61.1,84.63
europe_lau,Κοινότητα Λεύκης,koinoteta_leukes,ko,52.98,75.88,8.14
europe_lau,Κοινότητα Ορφανών,koinoteta_orphanon,ko,31.96,51.22,34.64
europe_lau,Κοινότητα Πετρίνου,koinoteta_petrinou,ko,48.47,70.25,90.48
europe_lau,Κοινότητα Συκεών,koinoteta_sykeon,ko,51.08,58.55,50.09
europe_lau,Κοινότητα Φύλλου,koinoteta_phyllou,ko,41.68,62.45,96.26
europe_lau,Κοινότητα Σοφάδων,koinoteta_sophadon,ko,47.85,58.23,28.06
europe_lau,Κοινότητα Αγίας Παρασκευής,koinoteta_agias_paraskeues,ko,53.81,69.04,14.46
europe_lau,Κοινότητα Αγίου Βησσαρίου,koinoteta_agiou_bessariou,ko,33.83,54.9,7.16
europe_lau,Κοινότητα Αμπέλου,koinoteta_ampelou,ko,55.33,70.71,42.65
europe_lau,Κοινότητα Ανωγείου,koinoteta_anogeiou,ko,33.48,59.31,95.2
europe_lau,Κοινότητα Γεφυρίων,koinoteta_gephyrion,ko,52.88,66.56,89.45
europe_lau,Κοινότητα Δασοχωρίου,koinoteta_dasochoriou,ko,33.67,48.51,3.85
europe_lau,Κοινότητα Καππαδοκικού,koinoteta_kappadokikou,ko,45.21,59.17,11.74
europe_lau,Κοινότητα Καρποχωρίου,koinoteta_karpochoriou,ko,41.08,61.67,46.45
europe_lau,Κοινότητα Μασχολουρίου,koinoteta_mascholouriou,ko,30.43,70.94,-85.15
europe_lau,Κοινότητα Μαυραχάδων,koinoteta_maurachadon,ko,51.98,60.31,26.97
europe_lau,Κοινότητα Μελισσοχωρίου,koinoteta_melissochoriou,ko,55.52,80.34,6.43
europe_lau,Κοινότητα Πλατάνου,koinoteta_platanou,ko,16.69,43.08,75.23
europe_lau,Κοινότητα Περάματος,koinoteta_peramatos,ko,30.57,56.98,73.61
europe_lau,Κοινότητα Αγγελιανών,koinoteta_angelianon,ko,38.3,62.11,58.82
europe_lau,Κοινότητα Αγίου Μάμαντος,koinoteta_agiou_mamantos,ko,31.22,67.12,85.47
europe_lau,Κοινότητα Αλφάς,koinoteta_alphas,ko,55.94,70.65,86.06
europe_lau,Κοινότητα Παλαιοκάστρου,koinoteta_palaiokastrou,ko,53.01,72.88,5.52
europe_lau,Κοινότητα Σταυρινήδων,koinoteta_staurinedon,ko,47.31,62.41,66.13
europe_lau,Κοινότητα Πυθαγορείου,koinoteta_pythagoreiou,ko,29.96,64.07,-94.4
europe_lau,Κοινότητα Κουμαραδαίων,koinoteta_koumaradaion,ko,42.86,56.16,66.55
europe_lau,Κοινότητα Μαυρατζαίων,koinoteta_mauratzaion,ko,34.47,55.12,99.38
europe_lau,Κοινότητα Μεσογείου,koinoteta_mesogeiou,ko,33.92,58.87,96.37
europe_lau,Κοινότητα Μύλων,koinoteta_mylon,ko,39.19,58.02,8.75
europe_lau,Κοινότητα Μυτιληνιών,koinoteta_mytilenion,ko,36.52,66.38,4.35
europe_lau,Κοινότητα Παγώνδου,koinoteta_pagondou,ko,53.52,65.68,41.35
europe_lau,Κοινότητα Πανδρόσου,koinoteta_pandrosou,ko,55.17,70.12,79.44
europe_lau,Κοινότητα Πύργου,koinoteta_pyrgou,ko,43.55,57.68,64.09
europe_lau,Κοινότητα Σπαθαραίων,koinoteta_spatharaion,ko,37.03,55.84,86.8
europe_lau,Κοινότητα Χώρας,koinoteta_choras,ko,49.58,56.92,65.16
europe_lau,Κοινότητα Καρλοβασίων,koinoteta_karlobasion,ko,40.32,46.79,55.78
europe_lau,Κοινότητα Αγίων Θεοδώρων,koinoteta_agion_theodoron,ko,54.27,72.64,83.08
europe_lau,Κοινότητα Δρακαίων,koinoteta_drakaion,ko,58.6,64.13,54.65
europe_lau,Κοινότητα Καστανέας,koinoteta_kastaneas,ko,63.74,85.13,42.1
europe_lau,Κοινότητα Κονταιίκων,koinoteta_kontaiikon,ko,51.15,77.37,71.08
europe_lau,Κοινότητα Κοντακαιίκων,koinoteta_kontakaiikon,ko,42.43,65.17,31
europe_lau,Κοινότητα Κοσμαδαίων,koinoteta_kosmadaion,ko,48.39,72.39,83.45
europe_lau,Κοινότητα Λέκας,koinoteta_lekas,ko,61.07,70.81,33.06
europe_lau,Κοινότητα Πλατάνου,koinoteta_platanou,ko,51.57,70.25,49.32
europe_lau,Κοινότητα Υδρούσσης,koinoteta_ydrousses,ko,61.35,74.01,47.48
europe_lau,Κοινότητα Μαραθοκάμπου,koinoteta_marathokampou,ko,29.07,58.93,-21.81
europe_lau,Κοινότητα Καλλιθέας,koinoteta_kallitheas,ko,69.37,72.32,63.78
europe_lau,Κοινότητα Κουμαιίκων,koinoteta_koumaiikon,ko,56.38,76.85,36.02
europe_lau,Κοινότητα Νεοχωρίου,koinoteta_neochoriou,ko,68.58,75.99,54.45
europe_lau,Ковачевци,kovacevci,ko,38.23,58.22,97.71
europe_lau,Κοινότητα Σκουραιίκων,koinoteta_skouraiikon,ko,56.12,64.34,37.28
europe_lau,Κοινότητα Χίου,koinoteta_chiou,ko,31.67,65.82,87.01
europe_lau,Κοινότητα Θυμιανών,koinoteta_thymianon,ko,53.29,65.5,74.75
europe_lau,Κοινότητα Νεοχωρίου,koinoteta_neochoriou,ko,38.75,73.46,82.92
europe_lau,Κοινότητα Βολισσού,koinoteta_bolissou,ko,49.85,56.91,37.84
europe_lau,Κοινότητα Αγίου Γάλακτος,koinoteta_agiou_galaktos,ko,39.58,48.53,55.5
europe_lau,Κοινότητα Διευχών,koinoteta_dieuchon,ko,51.92,68.08,84.22
europe_lau,Κοινότητα Κεράμου,koinoteta_keramou,ko,19.54,44.75,95.36
europe_lau,Κοινότητα Κουρουνίων,koinoteta_kourounion,ko,36.63,53.6,93.77
europe_lau,Κοινότητα Λεπτοπόδων,koinoteta_leptopodon,ko,37.01,63.35,98.42
europe_lau,Κοινότητα Μελανιού,koinoteta_melaniou,ko,33.96,52.71,-24.36
europe_lau,Κοινότητα Νέας Ποταμιάς,koinoteta_neas_potamias,ko,53.14,76.1,94.24
europe_lau,Κοινότητα Νενητουρίων,koinoteta_nenetourion,ko,35.04,66.81,90.46
europe_lau,Κοινότητα Παρπαριάς,koinoteta_parparias,ko,48.4,70.23,83.98
europe_lau,Κοινότητα Πιραμάς,koinoteta_piramas,ko,51.95,74.23,88.75
europe_lau,Κοινότητα Πισπιλούντος,koinoteta_pispilountos,ko,60.35,73.22,82.74
europe_lau,Κοινότητα Τρυπών,koinoteta_trypon,ko,41.5,65.49,50.48
europe_lau,Κοινότητα Φυτών,koinoteta_phyton,ko,58.43,69.62,73.03
europe_lau,Κοινότητα Χαλάνδρων,koinoteta_chalandron,ko,23.68,37.73,95.44
europe_lau,Κοινότητα Καλλιμασιάς,koinoteta_kallimasias,ko,67.65,76,74.22
europe_lau,Κοινότητα Ελαίας,koinoteta_elaias,ko,26.34,44.48,-7.82
europe_lau,Κοινότητα Κουπιών,koinoteta_koupion,ko,46.92,62.71,83.27
europe_lau,Κοινότητα Μεταμορφώσεως,koinoteta_metamorphoseos,ko,70.66,69.09,68.26
europe_lau,Κοινότητα Πακίων,koinoteta_pakion,ko,67.91,70.97,56.14
europe_lau,Κοινότητα Συκέας,koinoteta_sykeas,ko,42.74,54.24,56.52
europe_lau,Κοινότητα Παπαδιανίκων,koinoteta_papadianikon,ko,46.11,63.56,59.75
europe_lau,Κοινότητα Ασωπού,koinoteta_asopou,ko,29.93,53.75,62
europe_lau,Κοινότητα Δαιμονίας,koinoteta_daimonias,ko,42.83,65.55,83.92
europe_lau,Κοινότητα Φοινικίου,koinoteta_phoinikiou,ko,61.31,74.28,50.09
europe_lau,Κοινότητα Νεαπόλεως,koinoteta_neapoleos,ko,34.24,60.17,-19.43
europe_lau,Κοινότητα Αγίου Γεωργίου,koinoteta_agiou_georgiou,ko,52.87,59.27,40.01
europe_lau,Κοινότητα Αγίου Νικολάου Βοιών,koinoteta_agiou_nikolaou_boion,ko,28.57,53.25,-14.52
europe_lau,Κοινότητα Αγίων Αποστόλων,koinoteta_agion_apostolon,ko,56.54,74.89,27.2
europe_lau,Κοινότητα Άνω Καστανέας,koinoteta_ano_kastaneas,ko,42.86,58.07,52.36
europe_lau,Κοινότητα Βελανιδίων,koinoteta_belanidion,ko,21.28,49.71,24.93
europe_lau,Κοινότητα Ελίκας,koinoteta_elikas,ko,60.59,71.24,42.22
europe_lau,Κοινότητα Κάμπου,koinoteta_kampou,ko,41.68,56.89,43.2
europe_lau,Κοινότητα Καστανέας Επιδαύρου Λιμηράς,koinoteta_kastaneas_epidaurou_limeras,ko,47.74,58.27,66.05
europe_lau,Κοινότητα Λαχίου,koinoteta_lachiou,ko,59.69,68.53,49.46
europe_lau,Κοινότητα Μεσοχωρίου,koinoteta_mesochoriou,ko,57.27,69.45,53.63
europe_lau,Κοινότητα Παντανάσσης,koinoteta_pantanasses,ko,40.78,64.94,93.38
europe_lau,Κοινότητα Φαρακλού,koinoteta_pharaklou,ko,47.22,71.43,11.79
europe_lau,Κοινότητα Ρειχέας,koinoteta_reicheas,ko,54.52,62.05,22.89
europe_lau,Κοινότητα Ιέρακος,koinoteta_ierakos,ko,43.73,57.93,66.43
europe_lau,Κοινότητα Κυπαρισσίου,koinoteta_kyparissiou,ko,43.29,60.89,95.18
europe_lau,Κοινότητα Λαμποκάμπου,koinoteta_lampokampou,ko,38.18,53.89,-1.48
europe_lau,Κοινότητα Χάρακος,koinoteta_charakos,ko,26.06,58.63,15.75
europe_lau,Κοινότητα Μονεμβασίας,koinoteta_monembasias,ko,47.26,54.42,43.79
europe_lau,Κοινότητα Αγγελώνας,koinoteta_angelonas,ko,36.77,71.18,96.37
europe_lau,Κοινότητα Αγίου Δημητρίου Μονεμβασίας,koinoteta_agiou_demetriou_monembasias,ko,67.01,70.12,60.27
europe_lau,Κοινότητα Αγίου Ιωάννου Επιδαύρου Λιμήρας,koinoteta_agiou_ioannou_epidaurou_limeras,ko,44.47,55.11,86.4
europe_lau,Κοινότητα Αγίου Νικολάου Μονεμβασίας,koinoteta_agiou_nikolaou_monembasias,ko,72.5,74.03,44.53
europe_lau,Κοινότητα Νέας Αλικαρνασσού,koinoteta_neas_alikarnassou,ko,61.53,80.39,17.43
europe_lau,Κοινότητα Καλλιθέας,koinoteta_kallitheas,ko,47.26,58.71,55.19
europe_lau,Κοινότητα Βενεράτου,koinoteta_beneratou,ko,59.44,68.81,75.12
europe_lau,Κοινότητα Αυγενικής,koinoteta_augenikes,ko,65.58,72.44,50.96
europe_lau,Κοινότητα Κερασίων,koinoteta_kerasion,ko,53.31,81.66,24.31
europe_lau,Κοινότητα Σίβας,koinoteta_sibas,ko,41.87,52.71,61.59
europe_lau,Κοινότητα Προφήτη Ηλία,koinoteta_prophete_elia,ko,37.53,62.71,67.51
europe_lau,Κοινότητα Αγίου Σύλλα,koinoteta_agiou_sylla,ko,35.65,46.68,83.81
europe_lau,Κοινότητα Κυπαρίσσου,koinoteta_kyparissou,ko,59.73,72.21,39.28
europe_lau,Κοινότητα Πεζών,koinoteta_pezon,ko,58.3,80.67,54.69
europe_lau,Κοινότητα Αγίου Βασιλείου,koinoteta_agiou_basileiou,ko,31.59,69.01,99.7
europe_lau,Κοινότητα Αγίων Παρασκιών,koinoteta_agion_paraskion,ko,57.89,79.77,61.79
europe_lau,Κοινότητα Αλαγνίου,koinoteta_alagniou,ko,59.85,80.87,42.87
europe_lau,Κοινότητα Αστράκων,koinoteta_astrakon,ko,40.42,72.24,91.54
europe_lau,Κοινότητα Αστριτσίου,koinoteta_astritsiou,ko,46.6,61.53,81.42
europe_lau,Κοινότητα Δαμανίων,koinoteta_damanion,ko,51.61,65.71,82.92
europe_lau,Κοινότητα Καλλονής,koinoteta_kallones,ko,46.19,74.28,-34.09
europe_lau,Κοινότητα Καταλαγαρίου,koinoteta_katalagariou,ko,37.65,66.35,75.71
europe_lau,Κοινότητα Κουνάβων,koinoteta_kounabon,ko,43.8,70.08,96.68
europe_lau,Κοινότητα Μελεσών,koinoteta_meleson,ko,16.35,44.91,65.98
europe_lau,Κοινότητα Μεταξοχωρίου,koinoteta_metaxochoriou,ko,59.93,72.3,87.62
europe_lau,Κοινότητα Μυρτιάς,koinoteta_myrtias,ko,27.07,56.76,84.21
europe_lau,Κοινότητα Χουδετσίου,koinoteta_choudetsiou,ko,49.87,60.1,85.92
europe_lau,Κοινότητα Αρχανών,koinoteta_archanon,ko,52.89,60.28,74.59
europe_lau,Κοινότητα Κάτω Αρχανών,koinoteta_kato_archanon,ko,60.42,73.44,61.54
europe_lau,Κοινότητα Πύργου,koinoteta_pyrgou,ko,33.55,73.68,86.93
europe_lau,Κοινότητα Αχεντριά,koinoteta_achentria,ko,65.66,79.49,62.45
europe_lau,Κοινότητα Εθιάς,koinoteta_ethias,ko,35.16,55.78,92.79
europe_lau,Κοινότητα Καλυβίων,koinoteta_kalybion,ko,46.09,64.24,17.86
europe_lau,Κοινότητα Λιγορτύνου,koinoteta_ligortynou,ko,52.05,64.06,47.78
europe_lau,Κοινότητα Μεσοχωρίου,koinoteta_mesochoriou,ko,54.84,67.21,74.52
europe_lau,Κοινότητα Παρανύμφων,koinoteta_paranymphon,ko,48.37,72.92,80.26
europe_lau,Κοινότητα Πραιτωρίων,koinoteta_praitorion,ko,53.82,71.67,-4.04
europe_lau,Κοινότητα Τεφελίου,koinoteta_tepheliou,ko,45.36,62.85,28.49
europe_lau,Κοινότητα Χαρακίου,koinoteta_charakiou,ko,42.94,54.18,63.39
europe_lau,Κοινότητα Χάρακος,koinoteta_charakos,ko,63.49,68.97,62.96
europe_lau,Κοινότητα Άνω Βιάννου,koinoteta_ano_biannou,ko,39.32,71.07,94.95
europe_lau,Κοινότητα Αγίου Βασιλείου,koinoteta_agiou_basileiou,ko,33.67,77,80.12
europe_lau,Κοινότητα Αμιρά,koinoteta_amira,ko,16.38,52.69,72.58
europe_lau,Κοινότητα Εξοχικού,koinoteta_exochikou,ko,37.27,72.21,89.48
europe_lau,Κοινότητα Μάλης,koinoteta_males,ko,48.66,55.66,63.74
europe_lau,Κοινότητα Πλάτης,koinoteta_plates,ko,60.5,69.15,44.39
europe_lau,Κοινότητα Χαλαζονίου,koinoteta_chalazoniou,ko,38.85,52.42,76.03
europe_lau,Κοινότητα Χριστιανουπόλεως,koinoteta_christianoupoleos,ko,59.52,70.41,43.11
europe_lau,Κοινότητα Δάφνης,koinoteta_daphnes,ko,55.18,75.52,51.77
europe_lau,Κοινότητα Υμηττού,koinoteta_ymettou,ko,49.72,63.35,22.39
europe_lau,Κοινότητα Νέας Φιλαδελφείας,koinoteta_neas_philadelpheias,ko,40.77,77.64,97.28
europe_lau,Κοινότητα Νέας Χαλκηδόνος,koinoteta_neas_chalkedonos,ko,17.05,49.76,72.1
europe_lau,Κοινότητα Κηφισιάς,koinoteta_kephisias,ko,31.98,56.93,-39.26
europe_lau,Κοινότητα Εκάλης,koinoteta_ekales,ko,41.4,57.69,61.2
europe_lau,Κοινότητα Νέας Ερυθραίας,koinoteta_neas_erythraias,ko,44.62,62.95,99.1
europe_lau,Κοινότητα Πεύκης,koinoteta_peukes,ko,42.06,73.38,80.29
europe_lau,Κοινότητα Λυκοβρύσεως,koinoteta_lykobryseos,ko,58.26,77.03,66.64
europe_lau,Κοινότητα Γερανίου,koinoteta_geraniou,ko,49.26,77.18,5.85
europe_lau,Κοινότητα Ζουριδίου,koinoteta_zouridiou,ko,35.39,65.78,88.69
europe_lau,Κοινότητα Καλονύκτου,koinoteta_kalonyktou,ko,52.22,69.26,59.98
europe_lau,Κοινότητα Κάτω Βαλσαμονέρου,koinoteta_kato_balsamonerou,ko,53.67,72.08,43.26
europe_lau,Κοινότητα Μαλακίων,koinoteta_malakion,ko,34.93,59.69,99.14
europe_lau,Κοινότητα Μούντρου,koinoteta_mountrou,ko,43.44,67.86,95.13
europe_lau,Κοινότητα Πρινέ,koinoteta_prine,ko,33.63,70.08,93.2
europe_lau,Κοινότητα Ρουστίκων,koinoteta_roustikon,ko,32.09,49.56,88.83
europe_lau,Κοινότητα Σαϊτουρών,koinoteta_saitouron,ko,45.61,71.74,97.61
europe_lau,Κοινότητα Φραντζεσκιανών Μετοχίων,koinoteta_phrantzeskianon_metochion,ko,48.49,61.54,48.78
europe_lau,Κοινότητα Σπηλίου,koinoteta_speliou,ko,64.14,66.58,68.89
europe_lau,Κοινότητα Αγίας Γαλήνης,koinoteta_agias_galenes,ko,50.33,69.12,3.26
europe_lau,Κοινότητα Ακουμίων,koinoteta_akoumion,ko,64.33,70.91,63.46
europe_lau,Κοινότητα Αρδάκτου,koinoteta_ardaktou,ko,28.5,52.84,87.82
europe_lau,Κοινότητα Δριμίσκου,koinoteta_drimiskou,ko,45.37,67.77,13.39
europe_lau,Κοινότητα Καρινών,koinoteta_karinon,ko,28.9,52.89,-25.69
europe_lau,Κοινότητα Κεντροχωρίου,koinoteta_kentrochoriou,ko,30.78,52.43,73.81
europe_lau,Κοινότητα Κεραμέ,koinoteta_kerame,ko,48.09,60.61,18.55
europe_lau,Κοινότητα Κισσού,koinoteta_kissou,ko,50.1,68.08,91.33
europe_lau,Κοινότητα Κρύας Βρύσης,koinoteta_kryas_bryses,ko,50.67,61.87,55.6
europe_lau,Κοινότητα Λαμπηνής,koinoteta_lampenes,ko,58.25,72.75,58.5
europe_lau,Κοινότητα Μελάμπων,koinoteta_melampon,ko,47.17,69.27,37.2
europe_lau,Κοινότητα Μουρνές,koinoteta_mournes,ko,58.27,69.26,13.63
europe_lau,Κοινότητα Μυξόρρουμα,koinoteta_myxorrouma,ko,41.07,62.76,33.89
europe_lau,Κοινότητα Ορνές,koinoteta_ornes,ko,52.01,64.79,31.95
europe_lau,Κοινότητα Σακτουρίων,koinoteta_saktourion,ko,42.45,58.85,-10.24
europe_lau,Κοινότητα Σελλίων,koinoteta_sellion,ko,47.12,72.75,32.24
europe_lau,Κοινότητα Αγίου Βασιλείου,koinoteta_agiou_basileiou,ko,41.21,54.15,11.29
europe_lau,Κοινότητα Αγίου Ιωάννου Αγίου Βασιλείου,koinoteta_agiou_ioannou_agiou_basileiou,ko,32.95,69.17,-63.78
europe_lau,Κοινότητα Αγκουσελιανών,koinoteta_ankouselianon,ko,44.52,67.51,75.29
europe_lau,Κοινότητα Ασωμάτου,koinoteta_asomatou,ko,45.21,57.04,79.27
europe_lau,Κοινότητα Κοξαρές,koinoteta_koxares,ko,52.6,74.92,64.24
europe_lau,Κοινότητα Λευκογείων,koinoteta_leukogeion,ko,60.06,76.61,55.41
europe_lau,Κοινότητα Μαριού,koinoteta_mariou,ko,52.48,74.67,91.63
europe_lau,Κοινότητα Μύρθιου,koinoteta_myrthiou,ko,34.76,72.88,82.65
europe_lau,Κοινότητα Ροδακίνου,koinoteta_rodakinou,ko,53.42,60.99,58.23
europe_lau,Κοινότητα Αποστόλων,koinoteta_apostolon,ko,34.74,51.41,84.71
europe_lau,Κοινότητα Αμαρίου,koinoteta_amariou,ko,44.46,59.79,85.15
europe_lau,Κοινότητα Άνω Μέρους,koinoteta_ano_merous,ko,47.5,69.55,10.4
europe_lau,Κοινότητα Βισταγής,koinoteta_bistages,ko,39.06,55.81,-2.66
europe_lau,Κοινότητα Βρυσών,koinoteta_bryson,ko,43.62,62.74,65.57
europe_lau,Κοινότητα Βωλεώνων,koinoteta_boleonon,ko,61.47,75.83,61.4
europe_lau,Κοινότητα Γερακαρίου,koinoteta_gerakariou,ko,46,72.03,30.35
europe_lau,Κοινότητα Ελενών,koinoteta_elenon,ko,18.54,53.01,-118.66
europe_lau,Κοινότητα Θρόνου,koinoteta_thronou,ko,38.49,58.29,90.44
europe_lau,Κοινότητα Καλογέρου,koinoteta_kalogerou,ko,32.15,45.37,97.89
europe_lau,Κοινότητα Αχλαδέ,koinoteta_achlade,ko,42.84,72.3,17.03
europe_lau,Κοινότητα Καλανδαρές,koinoteta_kalandares,ko,10.85,31.8,85.85
europe_lau,Κοινότητα Μαργαριτών,koinoteta_margariton,ko,17.66,55.8,92.07
europe_lau,Κοινότητα Μελιδονίου,koinoteta_melidoniou,ko,37.38,52.96,-7.19
europe_lau,Κοινότητα Μελισσουργακίου,koinoteta_melissourgakiou,ko,14.51,58.11,72.2
europe_lau,Κοινότητα Ορθέ,koinoteta_orthe,ko,14.94,61.94,91.25
europe_lau,Κοινότητα Πανόρμου,koinoteta_panormou,ko,24.57,56.07,-72.46
europe_lau,Κοινότητα Πασαλιτών,koinoteta_pasaliton,ko,53.62,88.4,84.71
europe_lau,Κοινότητα Ρουμελής,koinoteta_roumeles,ko,38.16,64.83,20.55
europe_lau,Κοινότητα Σισών,koinoteta_sison,ko,43.09,66.38,-23.29
europe_lau,Κοινότητα Σκεπαστής,koinoteta_skepastes,ko,50.48,75.1,0.23
europe_lau,Κοινότητα Χουμερίου,koinoteta_choumeriou,ko,25.8,64.19,85.59
europe_lau,Κοινότητα Ζωνιανών,koinoteta_zonianon,ko,20.45,49.33,86.73
europe_lau,Κοινότητα Γαράζου,koinoteta_garazou,ko,51.47,75.53,78.3
europe_lau,Κοινότητα Αγιάς,koinoteta_agias,ko,46.36,62.85,19.61
europe_lau,Κοινότητα Αγίου Ιωάννου Μυλοποτάμου,koinoteta_agiou_ioannou_mylopotamou,ko,35.71,46.83,85.81
europe_lau,Κοινότητα Αΐμονα,koinoteta_aimona,ko,58.62,67.63,84.26
europe_lau,Κοινότητα Αλοΐδων,koinoteta_aloidon,ko,50.55,63.19,55.99
europe_lau,Κοινότητα Αξού,koinoteta_axou,ko,35.61,61.42,92.58
europe_lau,Κοινότητα Απλαδιανών,koinoteta_apladianon,ko,33.81,53.5,94.68
europe_lau,Κοινότητα Βενίου,koinoteta_beniou,ko,47.94,71.03,42.9
europe_lau,Κοινότητα Δαμαβόλου,koinoteta_damabolou,ko,40.16,71.76,92.76
europe_lau,Κοινότητα Δοξαρού,koinoteta_doxarou,ko,57.73,73.88,84.82
europe_lau,Κοινότητα Επισκοπής,koinoteta_episkopes,ko,42.54,79.81,84.24
europe_lau,Κοινότητα Θεοδώρας,koinoteta_theodoras,ko,30.45,58.26,87.05
europe_lau,Κοινότητα Καλύβου,koinoteta_kalybou,ko,21.3,78.08,95.33
europe_lau,Κοινότητα Κρυονερίου,koinoteta_kryoneriou,ko,55.91,77.2,23.45
europe_lau,Κοινότητα Λιβαδίων,koinoteta_libadion,ko,29.67,63.16,99.02
europe_lau,Κοινότητα Χώνου,koinoteta_chonou,ko,36.11,59.21,77.06
europe_lau,Κοινότητα Χανίων,koinoteta_chanion,ko,39.44,47.92,36.97
europe_lau,Κοινότητα Αρωνίου,koinoteta_aroniou,ko,53.58,71.39,41.73
europe_lau,Κοινότητα Κουνουπιδιανών,koinoteta_kounoupidianon,ko,33.43,53.23,97.26
europe_lau,Κοινότητα Μουζουρά,koinoteta_mouzoura,ko,19.92,42.18,35.7
europe_lau,Κοινότητα Στερνών,koinoteta_sternon,ko,43.85,69.13,-0.05
europe_lau,Κοινότητα Χωρδακίου,koinoteta_chordakiou,ko,41.99,70.93,34.18
europe_lau,Κοινότητα Μουρνιών,koinoteta_mournion,ko,29.83,57.88,90.13
europe_lau,Κοινότητα Νεροκούρου,koinoteta_nerokourou,ko,38.73,68.15,90.43
europe_lau,Κοινότητα Βαμβακοπούλου,koinoteta_bambakopoulou,ko,36.09,72.44,14.71
europe_lau,Κοινότητα Αγιάς,koinoteta_agias,ko,69.34,76.43,62.33
europe_lau,Κοινότητα Βαρύπετρου,koinoteta_barypetrou,ko,52.41,62.45,56.99
europe_lau,Κοινότητα Θερίσου,koinoteta_therisou,ko,27.37,55.74,92.11
europe_lau,Κοινότητα Περιβολίων Κυδωνίας,koinoteta_peribolion_kydonias,ko,39.15,55.13,90.95
europe_lau,Κοινότητα Παππαδιανών,koinoteta_pappadianon,ko,45.99,61.72,44.61
europe_lau,Κοινότητα Δρακόνας,koinoteta_drakonas,ko,42.57,78.07,98.71
europe_lau,Κοινότητα Κάμπων,koinoteta_kampon,ko,20.64,58.84,80.06
europe_lau,Κοινότητα Κοντοπούλων,koinoteta_kontopoulon,ko,38.17,51.26,12.25
europe_lau,Κοινότητα Μαλάξας,koinoteta_malaxas,ko,52.26,66.97,6.38
europe_lau,Κοινότητα Πλατυβόλας,koinoteta_platybolas,ko,36.68,57.69,85.35
europe_lau,Κοινότητα Δαράτσου,koinoteta_daratsou,ko,44.66,57.88,71.04
europe_lau,Котел,kotel,ko,38.46,54.25,46.53
europe_lau,Κοινότητα Αγίας Μαρίνης,koinoteta_agias_marines,ko,43.51,56.84,89.82
europe_lau,Κοινότητα Γαλατά,koinoteta_galata,ko,50.31,73.84,83.96
europe_lau,Κοινότητα Σταλού,koinoteta_stalou,ko,49.71,85.22,81.25
europe_lau,Κοινότητα Σούδας,koinoteta_soudas,ko,23.15,41.87,25.03
europe_lau,Κοινότητα Απτέρων,koinoteta_apteron,ko,50.34,69.42,-10.84
europe_lau,Κοινότητα Τσικαλαριών,koinoteta_tsikalarion,ko,42.04,64.4,-4.82
europe_lau,Κοινότητα Βρυσών Αποκορώνου,koinoteta_bryson_apokoronou,ko,37.22,52.42,79.48
europe_lau,Köniz,koniz,ko,50,62.31,29.85
europe_lau,Κοινότητα Αφρατίου,koinoteta_aphratiou,ko,53.32,71.14,58.8
europe_lau,Κοινότητα Βαχού,koinoteta_bachou,ko,18.39,49.37,80.83
europe_lau,Κοινότητα Εμπάρου,koinoteta_emparou,ko,35.64,63.12,48.86
europe_lau,Κοινότητα Καλαμίου,koinoteta_kalamiou,ko,33.29,48.28,99.47
europe_lau,Κοινότητα Κάτω Βιάννου,koinoteta_kato_biannou,ko,40.83,58.98,29.73
europe_lau,Κοινότητα Κάτω Σύμης,koinoteta_kato_symes,ko,40.92,53.98,90.21
europe_lau,Κοινότητα Κεφαλοβρυσίου,koinoteta_kephalobrysiou,ko,17.93,64.92,68.94
europe_lau,Κοινότητα Μάρθας,koinoteta_marthas,ko,55.53,69.7,60.96
europe_lau,Κοινότητα Μιλλιαράδων,koinoteta_milliaradon,ko,26.89,58.35,-95.55
europe_lau,Κοινότητα Ξενιάκου,koinoteta_xeniakou,ko,43.84,62.16,6.93
europe_lau,Κοινότητα Πεύκου,koinoteta_peukou,ko,11.95,48.36,68.02
europe_lau,Κοινότητα Συκολόγου,koinoteta_sykologou,ko,37.59,50.6,84.08
europe_lau,Κοινότητα Χόνδρου,koinoteta_chondrou,ko,38.56,62.36,44.83
europe_lau,Κοινότητα Αγίων Δέκα,koinoteta_agion_deka,ko,51.62,65.8,79.93
europe_lau,Κοινότητα Αγίου Κυρίλλου,koinoteta_agiou_kyrillou,ko,17.79,46.7,78.55
europe_lau,Κοινότητα Αμπελούζου,koinoteta_ampelouzou,ko,57.7,66.35,29.49
europe_lau,Κοινότητα Απεσωκαρίου,koinoteta_apesokariou,ko,34.2,74.16,84.23
europe_lau,Κοινότητα Βαγιονιάς,koinoteta_bagionias,ko,31.43,54.71,96.78
europe_lau,Κοινότητα Βασιλικής,koinoteta_basilikes,ko,46.03,63.54,73.42
europe_lau,Κοινότητα Βασιλικών Ανωγείων,koinoteta_basilikon_anogeion,ko,40.85,71.14,93.1
europe_lau,Κοινότητα Γκαγκαλών,koinoteta_nkankalon,ko,51.16,72.45,68.07
europe_lau,Κοινότητα Μητροπόλεως,koinoteta_metropoleos,ko,41.17,54.37,47.35
europe_lau,Κοινότητα Μέρωνα,koinoteta_merona,ko,42.45,64.54,-2.37
europe_lau,Κοινότητα Μοναστηρακίου,koinoteta_monasterakiou,ko,45.68,55.74,74.9
europe_lau,Κοινότητα Παντανάσσης,koinoteta_pantanasses,ko,31.89,42.61,81.84
europe_lau,Κοινότητα Πατσού,koinoteta_patsou,ko,53.67,65.45,87.49
europe_lau,Κοινότητα Φουρφουρά,koinoteta_phourphoura,ko,36.56,57.19,58.28
europe_lau,Κοινότητα Αγίας Παρασκευής,koinoteta_agias_paraskeues,ko,59.78,70.32,43.55
europe_lau,Κοινότητα Αγίου Ιωάννου Αμαρίου,koinoteta_agiou_ioannou_amariou,ko,67.8,72.39,63.44
europe_lau,Κοινότητα Αποδούλου,koinoteta_apodoulou,ko,50.92,57.49,59.19
europe_lau,Κοινότητα Βιζαρίου,koinoteta_bizariou,ko,32.35,79.42,77.65
europe_lau,Κοινότητα Κουρουτών,koinoteta_kourouton,ko,26.52,54.3,62.42
europe_lau,Κοινότητα Λαμπιωτών,koinoteta_lampioton,ko,34.16,58.11,-20.1
europe_lau,Κοινότητα Λοχριάς,koinoteta_lochrias,ko,18.59,59.89,71.98
europe_lau,Κοινότητα Νιθαύρεως,koinoteta_nithaureos,ko,15.76,25.84,93.95
europe_lau,Κοινότητα Πετροχωρίου,koinoteta_petrochoriou,ko,34.93,54.48,32.95
europe_lau,Κοινότητα Πλατανίων,koinoteta_platanion,ko,28.98,69.71,-86.62
europe_lau,Козлодуй,kozloduj,ko,66.91,73.01,52.01
europe_lau,Κοινότητα Πεύκης,koinoteta_peukes,ko,45.63,70.01,91.19
europe_lau,Κοινότητα Τρυγόνος,koinoteta_trygonos,ko,55.18,73.85,48.61
europe_lau,Κοινότητα Κονισκού,koinoteta_koniskou,ko,30.9,55.26,68.41
europe_lau,Κοινότητα Γερακαρίου,koinoteta_gerakariou,ko,29.67,50.38,91.75
europe_lau,Κοινότητα Καλλιθέας,koinoteta_kallitheas,ko,42.23,52.67,76.98
europe_lau,Κοινότητα Λογγάς,koinoteta_longas,ko,22.29,49.93,92.55
europe_lau,Κοινότητα Μαυρελίου,koinoteta_maureliou,ko,20.32,45.96,-122.56
europe_lau,Κοινότητα Φλαμπουρεσίου,koinoteta_phlampouresiou,ko,57.42,68.9,49.27
europe_lau,Κοινότητα Φωτεινού,koinoteta_photeinou,ko,42.97,57.18,6.76
europe_lau,Κοινότητα Ασπροκκλησιάς,koinoteta_asprokklesias,ko,48.18,56.94,28.01
europe_lau,Κοινότητα Αγιοφύλλου,koinoteta_agiophyllou,ko,57.35,60.21,66.33
europe_lau,Κοινότητα Αγναντιάς,koinoteta_agnantias,ko,62.5,76.89,17.27
europe_lau,Κοινότητα Αχλαδέας,koinoteta_achladeas,ko,41.07,60.07,93.01
europe_lau,Κοινότητα Γάβρου,koinoteta_gabrou,ko,40.52,62.09,77.65
europe_lau,Koppenwinder Forst,koppenwinder_forst,ko,58.32,70.21,71.32
europe_lau,Köllnholz,kollnholz,ko,47.75,71.14,69.21
europe_lau,Κοινότητα Σταυροσκιαδίου,koinoteta_stauroskiadiou,ko,34.57,54.13,27.91
europe_lau,Κοινότητα Αρταίων,koinoteta_artaion,ko,38.6,56.89,59.22
europe_lau,Κοινότητα Κεραματών,koinoteta_keramaton,ko,53.01,67.02,82.06
europe_lau,Κοινότητα Κωστακιών,koinoteta_kostakion,ko,56.92,63.98,58.86
europe_lau,Κοινότητα Ευαγγελιστρίας,koinoteta_euangelistrias,ko,44.96,74.73,-12.84
europe_lau,Κοινότητα Πέτρας,koinoteta_petras,ko,31.39,63.76,85.89
europe_lau,Κοινότητα Σωληναρίου,koinoteta_solenariou,ko,22.51,48.52,98.66
europe_lau,Κοινότητα Υψηλάντου,koinoteta_ypselantou,ko,47.85,69.68,83.47
europe_lau,Κοινότητα Θεσπιών,koinoteta_thespion,ko,47.65,59.26,66.8
europe_lau,Κοινότητα Άσκρης,koinoteta_askres,ko,40.86,63.15,-25.43
europe_lau,Κοινότητα Λεονταρίου,koinoteta_leontariou,ko,33.19,45.32,6.57
europe_lau,Κοινότητα Μαυρομματίου,koinoteta_maurommatiou,ko,18.81,35.68,89.68
europe_lau,Κοινότητα Νεοχωρίου Θεσπιών,koinoteta_neochoriou_thespion,ko,46.99,57.32,26.32
europe_lau,Κοινότητα Διστόμου,koinoteta_distomou,ko,47.3,57.91,59.75
europe_lau,Κοινότητα Στειρίου,koinoteta_steiriou,ko,45.12,66.66,85.68
europe_lau,Κοινότητα Αντικύρας,koinoteta_antikyras,ko,30.99,67.53,84.38
europe_lau,Κοινότητα Αραχόβης,koinoteta_arachobes,ko,44.04,61.79,57.17
europe_lau,Κοινότητα Θηβαίων,koinoteta_thebaion,ko,53.09,56.92,48.06
europe_lau,Κοινότητα Αμπελοχωρίου,koinoteta_ampelochoriou,ko,63.78,66.21,38.27
europe_lau,Κοινότητα Ελεώνος,koinoteta_eleonos,ko,46.42,68.37,88.69
europe_lau,Κοινότητα Μουρικίου,koinoteta_mourikiou,ko,33.75,62.98,-12.04
europe_lau,Κοινότητα Νεοχωρακίου,koinoteta_neochorakiou,ko,51.89,65.96,43.86
europe_lau,Κοινότητα Υπάτου,koinoteta_ypatou,ko,36.63,62,74.79
europe_lau,Κοινότητα Βαγίων,koinoteta_bagion,ko,56.07,73.78,88.78
europe_lau,Κοινότητα Δομβραίνης,koinoteta_dombraines,ko,49.84,62.17,60.44
europe_lau,Κοινότητα Ελλοπίας,koinoteta_ellopias,ko,47.15,63.38,63.64
europe_lau,Κοινότητα Θίσβης,koinoteta_thisbes,ko,33.76,59.3,92.89
europe_lau,Κοινότητα Ξηρονομής,koinoteta_xeronomes,ko,36.42,57.99,99.14
europe_lau,Κοινότητα Χώστια,koinoteta_chostia,ko,40.61,62.51,84.69
europe_lau,Κοινότητα Καπαρελλίου,koinoteta_kaparelliou,ko,25.85,48.46,13.34
europe_lau,Κοινότητα Λεύκτρων,koinoteta_leuktron,ko,19.03,51.18,49.28
europe_lau,Κοινότητα Λουτουφίου,koinoteta_loutouphiou,ko,69.81,76.67,57.04
europe_lau,Κοινότητα Μελισσοχωρίου,koinoteta_melissochoriou,ko,52.54,71.98,89.2
europe_lau,Κοινότητα Πλαταιών,koinoteta_plataion,ko,32.4,53.31,67.11
europe_lau,Κοινότητα Ορχομενού,koinoteta_orchomenou,ko,43.98,57.68,14.13
europe_lau,Κοινότητα Αγίου Δημητρίου,koinoteta_agiou_demetriou,ko,36.61,58.33,-28.26
europe_lau,Κοινότητα Καισάρειας,koinoteta_kaisareias,ko,51.13,74.72,48.76
europe_lau,Κοινότητα Κάτω Κώμης,koinoteta_kato_komes,ko,60.81,76.44,54.94
europe_lau,Κοινότητα Κοντοβουνίου,koinoteta_kontobouniou,ko,27.86,69.72,52.71
europe_lau,Κοινότητα Μηλέα,koinoteta_melea,ko,39.31,67.78,77.21
europe_lau,Κοινότητα Σπάρτου,koinoteta_spartou,ko,40.42,71.69,66.51
europe_lau,Κοινότητα Κοιλάδος,koinoteta_koilados,ko,30.28,49.76,19.69
europe_lau,Κοινότητα Αγίου Δημητρίου,koinoteta_agiou_demetriou,ko,17.92,47.24,46.36
europe_lau,Κοινότητα Αγίου Χαραλάμπους,koinoteta_agiou_charalampous,ko,24.39,56.04,78.18
europe_lau,Κοινότητα Ακρινής,koinoteta_akrines,ko,19.67,58.81,52.97
europe_lau,Κοινότητα Αυγής,koinoteta_auges,ko,43.86,67.23,-9.47
europe_lau,Κοινότητα Βοσκοχωρίου,koinoteta_boskochoriou,ko,25.65,50.9,88.83
europe_lau,Κοινότητα Δρεπάνου,koinoteta_drepanou,ko,52.69,60.45,67.97
europe_lau,Κοινότητα Καπνοχωρίου,koinoteta_kapnochoriou,ko,50.62,68.02,49.4
europe_lau,Κοινότητα Κλείτου,koinoteta_kleitou,ko,41.19,63.12,66.97
europe_lau,Κοινότητα Πολυμύλου,koinoteta_polymylou,ko,45.56,47,60.22
europe_lau,Κοινότητα Ρυακίου,koinoteta_ryakiou,ko,24.36,62.25,50.17
europe_lau,Κοινότητα Τετραλόφου,koinoteta_tetralophou,ko,27.07,53.44,87.98
europe_lau,Κοινότητα Νεάπολης,koinoteta_neapoles,ko,46.65,57.45,61.63
europe_lau,Κοινότητα Αηδονοχωρίου,koinoteta_aedonochoriou,ko,38.43,52.31,59.21
europe_lau,Κοινότητα Αλιάκμονος,koinoteta_aliakmonos,ko,61.73,64.72,71.85
europe_lau,Κοινότητα Αξιοκάστρου,koinoteta_axiokastrou,ko,51.73,63.94,57.12
europe_lau,Κοινότητα Ασπρούλας,koinoteta_asproulas,ko,56.39,62.72,54.09
europe_lau,Κοινότητα Βελανιδιάς,koinoteta_belanidias,ko,39.88,53.25,20.98
europe_lau,Κοινότητα Δρυοβούνου,koinoteta_dryobounou,ko,40.44,55.76,70.92
europe_lau,Κοινότητα Λευκοθέας,koinoteta_leukotheas,ko,37.34,62.15,12.11
europe_lau,Κοινότητα Μεσολόγγου,koinoteta_mesolongou,ko,52.37,69.07,52.18
europe_lau,Κοινότητα Μολόχας,koinoteta_molochas,ko,49.08,72.75,-16.95
europe_lau,Κοινότητα Πεπονιάς,koinoteta_peponias,ko,52.69,64.9,22.37
europe_lau,Κοινότητα Περιστέρας,koinoteta_peristeras,ko,43.18,68.15,17.02
europe_lau,Κοινότητα Πλατανιάς,koinoteta_platanias,ko,46.33,63.18,91.15
europe_lau,Κοινότητα Πολυλάκκου,koinoteta_polylakkou,ko,49.95,58.15,51.62
europe_lau,Κοινότητα Πυλωρίου,koinoteta_pyloriou,ko,31.92,52.68,94.27
europe_lau,Κοινότητα Σημάντρου,koinoteta_semantrou,ko,29.24,51.98,89.74
europe_lau,Κοινότητα Σκαλοχωρίου,koinoteta_skalochoriou,ko,50.43,68.29,85.21
europe_lau,Κοινότητα Τραπεζίτσης,koinoteta_trapezitses,ko,39.59,62.11,-8.98
europe_lau,Κοινότητα Χειμερινού,koinoteta_cheimerinou,ko,47.62,64.08,43.62
europe_lau,Κοινότητα Χορηγού,koinoteta_choregou,ko,68.43,74.13,56.77
europe_lau,Κοινότητα Καλονερίου,koinoteta_kaloneriou,ko,50.34,61.67,24.72
europe_lau,Κοινότητα Γαλατινής,koinoteta_galatines,ko,58.02,69.55,74.71
europe_lau,Κοινότητα Ερατύρας,koinoteta_eratyras,ko,36.02,68.09,64.03
europe_lau,Κοινότητα Ναμάτων,koinoteta_namaton,ko,31.81,59.23,99.08
europe_lau,Κοινότητα Πελεκάνου,koinoteta_pelekanou,ko,33.75,55.77,98.83
europe_lau,Κοινότητα Σισανίου,koinoteta_sisaniou,ko,47.57,62.81,79.95
europe_lau,Κοινότητα Νέου Χειμωνίου,koinoteta_neou_cheimoniou,ko,27.61,58.44,-43.95
europe_lau,Κοινότητα Νεοχωρίου,koinoteta_neochoriou,ko,57.72,68.69,75.67
europe_lau,Κοινότητα Χανδρά,koinoteta_chandra,ko,61.4,67.8,50.55
europe_lau,Κοινότητα Νέας Βύσσης,koinoteta_neas_bysses,ko,43.28,53.76,48.49
europe_lau,Κοινότητα Καβύλης,koinoteta_kabyles,ko,48.59,56.93,55.9
europe_lau,Κοινότητα Καστανεών,koinoteta_kastaneon,ko,66.15,76.03,64.09
europe_lau,Κοινότητα Ριζίων,koinoteta_rizion,ko,46.41,65.52,78.41
europe_lau,Κοινότητα Στέρνας,koinoteta_sternas,ko,56.56,70.92,34.11
europe_lau,Κοινότητα Κυπρίνος,koinoteta_kyprinos,ko,49.62,49.06,56.24
europe_lau,Κοινότητα Γαλήνης,koinoteta_galenes,ko,43.75,68.33,94.8
europe_lau,Κοινότητα Ζώνης,koinoteta_zones,ko,43.57,62.75,55.11
europe_lau,Κοινότητα Φυλακίου,koinoteta_phylakiou,ko,48.32,66.28,30.5
europe_lau,Κοινότητα Δικαίων,koinoteta_dikaion,ko,33.43,56.51,-53.24
europe_lau,Κοινότητα Άρζου,koinoteta_arzou,ko,57.43,65.14,58.05
europe_lau,Κοινότητα Θεραπειό,koinoteta_therapeio,ko,54.7,70.24,29.77
europe_lau,Κοινότητα Κομάρων,koinoteta_komaron,ko,43.88,61.74,-13.82
europe_lau,Κοινότητα Μαρασίων,koinoteta_marasion,ko,21.43,47.42,-74.09
europe_lau,Κοινότητα Μηλέα,koinoteta_melea,ko,51.49,75.81,90.54
europe_lau,Κοινότητα Ορμενίου,koinoteta_ormeniou,ko,43.68,65.68,19.29
europe_lau,Κοινότητα Πενταλόφου,koinoteta_pentalophou,ko,40.49,63.25,-8.06
europe_lau,Κοινότητα Πετρωτών,koinoteta_petroton,ko,55.74,73.16,64.59
europe_lau,Κοινότητα Πλάτης,koinoteta_plates,ko,50.93,58.54,57.55
europe_lau,Κοινότητα Πτελέας,koinoteta_pteleas,ko,39.59,61.56,34.42
europe_lau,Κοινότητα Σπηλαίου,koinoteta_spelaiou,ko,53.46,71.05,18.49
europe_lau,Κοινότητα Σουφλίου,koinoteta_souphliou,ko,46.56,66.91,13.41
europe_lau,Κοινότητα Δαδιάς,koinoteta_dadias,ko,45.3,61.35,33.95
europe_lau,Κοινότητα Κορνοφωλεάς,koinoteta_kornopholeas,ko,41.6,65.42,52.16
europe_lau,Κοινότητα Λαγυνών,koinoteta_lagynon,ko,35.6,48.76,41.25
europe_lau,Κοινότητα Λυκόφωτος,koinoteta_lykophotos,ko,40.49,56.98,29.93
europe_lau,Κοινότητα Λαβάρων,koinoteta_labaron,ko,47.8,56.82,60.62
europe_lau,Κοινότητα Αμορίου,koinoteta_amoriou,ko,70.13,77.45,53.2
europe_lau,Κοινότητα Κυριακής,koinoteta_kyriakes,ko,60.58,69.4,61.8
europe_lau,Κοινότητα Μάνδρας,koinoteta_mandras,ko,42.73,55.97,80.18
europe_lau,Κοινότητα Μαυροκκλησίου,koinoteta_maurokklesiou,ko,27.29,55.07,-6.02
europe_lau,Κοινότητα Μικρού Δερείου,koinoteta_mikrou_dereiou,ko,44.96,60.64,76.31
europe_lau,Κοινότητα Πρωτοκκλησίου,koinoteta_protokklesiou,ko,52.81,76.12,83.57
europe_lau,Κοινότητα Τυχερού,koinoteta_tycherou,ko,59.48,74.54,26.3
europe_lau,Κοινότητα Λευκίμμης,koinoteta_leukimmes,ko,58.28,62.98,41.1
europe_lau,Κοινότητα Λύρας,koinoteta_lyras,ko,43.97,67,1.52
europe_lau,Κοινότητα Προβατώνος,koinoteta_probatonos,ko,20.71,53.3,96.99
europe_lau,Κοινότητα Φυλακτού,koinoteta_phylaktou,ko,30.47,72.41,-134.93
europe_lau,Κοινότητα Θάσου,koinoteta_thasou,ko,39.1,46.13,65.29
europe_lau,Königswalde,konigswalde,ko,47.67,66.01,91.76
europe_lau,Κοινότητα Πύργου,koinoteta_pyrgou,ko,49.14,78.27,85.39
europe_lau,Κοινότητα Σεργούλας,koinoteta_sergoulas,ko,38.48,63.29,82.48
europe_lau,Κοινότητα Τειχίου,koinoteta_teichiou,ko,57.81,68.43,15.39
europe_lau,Κοινότητα Τρικόρφου,koinoteta_trikorphou,ko,45.03,73.9,99.59
europe_lau,Κοινότητα Φιλοθέης,koinoteta_philothees,ko,40.05,61.43,29.27
europe_lau,Κοινότητα Κροκυλείου,koinoteta_krokyleiou,ko,61.97,78.74,88.06
europe_lau,Κοινότητα Αλποχωρίου,koinoteta_alpochoriou,ko,57.25,69.26,44.68
europe_lau,Κοινότητα Αρτοτίνας,koinoteta_artotinas,ko,53.87,61.14,68.77
europe_lau,Κοινότητα Διχωρίου,koinoteta_dichoriou,ko,35.72,59.1,99.34
europe_lau,Κοινότητα Ζωριάνου,koinoteta_zorianou,ko,32.13,60.63,67.73
europe_lau,Κοινότητα Κερασεών,koinoteta_keraseon,ko,37.82,54.67,49.18
europe_lau,Κοινότητα Κοκκίνου,koinoteta_kokkinou,ko,49.65,85.92,60.27
europe_lau,Κοινότητα Κουπακίου,koinoteta_koupakiou,ko,38.51,49.48,65.47
europe_lau,Κοινότητα Κριατσίου,koinoteta_kriatsiou,ko,57.05,65.56,36.94
europe_lau,Κοινότητα Πενταγιών,koinoteta_pentagion,ko,27.95,45.67,-29.38
europe_lau,Κοινότητα Περιβολίου,koinoteta_periboliou,ko,37.11,53.55,65.61
europe_lau,Κοινότητα Τριστένου,koinoteta_tristenou,ko,34.2,62.59,-70.35
europe_lau,Κοινότητα Υψηλού Χωρίου,koinoteta_ypselou_choriou,ko,42.22,74.85,85.87
europe_lau,Κοινότητα Λιδωρικίου,koinoteta_lidorikiou,ko,65.83,69.14,38.83
europe_lau,Κοινότητα Αβόρου,koinoteta_aborou,ko,34.25,52.7,86.46
europe_lau,Κοινότητα Αμυγδαλιάς,koinoteta_amygdalias,ko,49.42,59.89,69.23
europe_lau,Κοινότητα Βραΐλας,koinoteta_brailas,ko,49.11,80.97,22.62
europe_lau,Κοινότητα Δάφνου,koinoteta_daphnou,ko,50.3,69,72.73
europe_lau,Κοινότητα Διακοπίου,koinoteta_diakopiou,ko,49.94,63.42,69.89
europe_lau,Κοινότητα Δωρικού,koinoteta_dorikou,ko,37.46,61.3,92.02
europe_lau,Κοινότητα Καλλίου,koinoteta_kalliou,ko,40.75,64.73,92.05
europe_lau,Κοινότητα Καρουτών,koinoteta_karouton,ko,62.68,64.6,46.8
europe_lau,Κοινότητα Κονιάκου,koinoteta_koniakou,ko,63.99,71.32,79.19
europe_lau,Κοινότητα Λευκαδιτίου,koinoteta_leukaditiou,ko,58.58,68.3,41.89
europe_lau,Κοινότητα Μαλανδρίνου,koinoteta_malandrinou,ko,53.16,70.76,93.47
europe_lau,Κοινότητα Πενταπόλεως,koinoteta_pentapoleos,ko,35.76,61.74,-31.86
europe_lau,Κοινότητα Περιθιωτίσσης,koinoteta_perithiotisses,ko,42.26,63.15,97.97
europe_lau,Κοινότητα Στίλιας,koinoteta_stilias,ko,44.96,53.65,80.02
europe_lau,Κοινότητα Συκέας,koinoteta_sykeas,ko,63.72,72.17,69.05
europe_lau,Κοινότητα Σωταίνης,koinoteta_sotaines,ko,42.49,76,99.59
europe_lau,Κοινότητα Ερατεινής,koinoteta_erateines,ko,33.13,51.97,94.04
europe_lau,Κοινότητα Γλυφάδας,koinoteta_glyphadas,ko,49.57,67.16,77.36
europe_lau,Κοινότητα Ελαίας,koinoteta_elaias,ko,33.49,65.52,91.94
europe_lau,Κοινότητα Καλλιθέας,koinoteta_kallitheas,ko,36.12,50.38,77.34
europe_lau,Κοινότητα Μακρινής,koinoteta_makrines,ko,41.3,71.94,39.02
europe_lau,Κοινότητα Μηλέας,koinoteta_meleas,ko,54.28,62.91,56.96
europe_lau,Κοινότητα Πανόρμου,koinoteta_panormou,ko,31.9,54.04,49.24
europe_lau,Κοινότητα Τολοφώνος,koinoteta_tolophonos,ko,53.46,66.19,84.07
europe_lau,Κοινότητα Τριζονίων,koinoteta_trizonion,ko,31.81,61.19,47.55
europe_lau,Κοινότητα Κερκυραίων,koinoteta_kerkyraion,ko,21.96,40.58,8.39
europe_lau,Κοινότητα Αλεπούς,koinoteta_alepous,ko,41.76,73.64,-48.5
europe_lau,Κοινότητα Εβροπούλων,koinoteta_ebropoulon,ko,19.16,46,-18.12
europe_lau,Κοινότητα Καναλίου,koinoteta_kanaliou,ko,48.76,62.54,25.27
europe_lau,Κοινότητα Γαστουρίου,koinoteta_gastouriou,ko,23.41,50.85,82.66
europe_lau,Κοινότητα Αγίου Προκοπίου,koinoteta_agiou_prokopiou,ko,49.47,91.14,83.89
europe_lau,Κοινότητα Αγίων Δέκα,koinoteta_agion_deka,ko,50.05,66.66,63.72
europe_lau,Κοινότητα Κατσικά,koinoteta_katsika,ko,37,58.02,94.4
europe_lau,Κοινότητα Ανατολικής,koinoteta_anatolikes,ko,27.81,55.19,42.59
europe_lau,Κοινότητα Βασιλικής,koinoteta_basilikes,ko,40.71,77.17,-8.06
europe_lau,Κοινότητα Δαφνούλας,koinoteta_daphnoulas,ko,45.15,62.26,3.66
europe_lau,Κοινότητα Δροσοχωρίου,koinoteta_drosochoriou,ko,51.48,72.37,3.27
europe_lau,Κοινότητα Ηλιοκάλης,koinoteta_eliokales,ko,15.88,34.16,-82.03
europe_lau,Κοινότητα Καστρίτσης,koinoteta_kastritses,ko,36.41,68.25,93.7
europe_lau,Κοινότητα Κουτσελιού,koinoteta_koutseliou,ko,54.57,66.31,77.82
europe_lau,Κοινότητα Κράψης,koinoteta_krapses,ko,37.81,51.13,21.79
europe_lau,Κοινότητα Λογγάδων,koinoteta_longadon,ko,43.76,69.73,-5.16
europe_lau,Κοινότητα Μουζακαίων,koinoteta_mouzakaion,ko,40.85,63.23,-14.29
europe_lau,Κοινότητα Πλατανιάς,koinoteta_platanias,ko,23.29,41.28,-7.63
europe_lau,Κοινότητα Πλατάνου,koinoteta_platanou,ko,27.59,70,49.98
europe_lau,Κοινότητα Χαροκοπίου,koinoteta_charokopiou,ko,14.38,40.36,50.49
europe_lau,Κοινότητα Περάματος,koinoteta_peramatos,ko,33.84,41.05,67.48
europe_lau,Κοινότητα Αμφιθέας,koinoteta_amphitheas,ko,27.49,43.1,13.16
europe_lau,Κοινότητα Κρανούλας,koinoteta_kranoulas,ko,44.75,71.34,21.73
europe_lau,Κοινότητα Κρύας,koinoteta_kryas,ko,66.29,76.25,54.85
europe_lau,Κοινότητα Κρυόβρυση,koinoteta_kryobryse,ko,52.28,63.55,44.15
europe_lau,Κοινότητα Λιγκιάδων,koinoteta_linkiadon,ko,37.68,57.99,65.11
europe_lau,Κοινότητα Μάζιας,koinoteta_mazias,ko,46.8,56.97,72.7
europe_lau,Κοινότητα Περιβλέπτου,koinoteta_peribleptou,ko,44.19,69.91,21.54
europe_lau,Κοινότητα Σπόθων,koinoteta_spothon,ko,65.59,78.41,75.38
europe_lau,Κοινότητα Πραμάντων,koinoteta_pramanton,ko,36.04,51.97,5.25
europe_lau,Κοινότητα Λιμίνης,koinoteta_limines,ko,77.91,76.58,53.26
europe_lau,Κοινότητα Ανέζης,koinoteta_anezes,ko,27.7,66.67,97.14
europe_lau,Κοινότητα Βίγλας,koinoteta_biglas,ko,27.78,38.47,25.87
europe_lau,Κοινότητα Γαβριάς,koinoteta_gabrias,ko,61.82,80.52,41.75
europe_lau,Κοινότητα Καλογερικού,koinoteta_kalogerikou,ko,70.41,69.65,76.26
europe_lau,Κοινότητα Κορωνησίας,koinoteta_koronesias,ko,26.19,47.89,82.39
europe_lau,Κοινότητα Πολυδρόσου,koinoteta_polydrosou,ko,22.06,44.46,95.7
europe_lau,Κοινότητα Ράχης,koinoteta_raches,ko,56.15,74.25,36.34
europe_lau,Κοινότητα Στρογγυλής,koinoteta_strongyles,ko,26.28,40.41,29.71
europe_lau,Κοινότητα Ψαθοτοπίου,koinoteta_psathotopiou,ko,44.44,63.99,95.21
europe_lau,Κοινότητα Γραμμενίτσης,koinoteta_grammenitses,ko,61.5,78.06,56.27
europe_lau,Κοινότητα Βλαχέρνας,koinoteta_blachernas,ko,53.36,64.07,78.57
europe_lau,Κοινότητα Γριμπόβου,koinoteta_grimpobou,ko,48.98,67.23,51.19
europe_lau,Κοινότητα Κορφοβουνίου,koinoteta_korphobouniou,ko,63.14,70.9,53.16
europe_lau,Κοινότητα Αμμοτόπου,koinoteta_ammotopou,ko,34.16,54.04,82.31
europe_lau,Κοινότητα Δαφνωτής,koinoteta_daphnotes,ko,51.64,66.74,17.9
europe_lau,Κοινότητα Καμπής,koinoteta_kampes,ko,43.85,59.36,91.95
europe_lau,Κοινότητα Παντανάσσης,koinoteta_pantanasses,ko,66,64.65,43.4
europe_lau,Κοινότητα Πιστιανών,koinoteta_pistianon,ko,59.61,77.46,41.5
europe_lau,Κοινότητα Ροδαυγής,koinoteta_rodauges,ko,57.95,73.59,66.3
europe_lau,Κοινότητα Σκούπας,koinoteta_skoupas,ko,64.91,70.18,66.73
europe_lau,Κοινότητα Φανερωμένης,koinoteta_phaneromenes,ko,44.13,73.3,92.08
europe_lau,Κοινότητα Χαλκιάδων,koinoteta_chalkiadon,ko,47.59,65.15,35.64
europe_lau,Κοινότητα Αγίου Σπυρίδωνος,koinoteta_agiou_spyridonos,ko,38.83,72.88,72.56
europe_lau,Κοινότητα Καλαμιάς,koinoteta_kalamias,ko,47.93,62.93,51.29
europe_lau,Κοινότητα Καλοβάτου,koinoteta_kalobatou,ko,52.03,75.03,64.56
europe_lau,Κοινότητα Κιρκιζατών,koinoteta_kirkizaton,ko,55.67,67.11,76.5
europe_lau,Κοινότητα Ρόκκας,koinoteta_rokkas,ko,27.68,64.09,67.54
europe_lau,Κοινότητα Άνω Καλεντίνης,koinoteta_ano_kalentines,ko,42.96,57.15,88.15
europe_lau,Κοινότητα Βελεντζικού,koinoteta_belentzikou,ko,31.91,59.23,19.88
europe_lau,Κοινότητα Διχομοιρίου,koinoteta_dichomoiriou,ko,38,61.32,67.33
europe_lau,Κοινότητα Ρετσιανών,koinoteta_retsianon,ko,59.1,67.13,62.94
europe_lau,Κοινότητα Διάσελλου,koinoteta_diasellou,ko,39.85,53.84,37.24
europe_lau,Κοινότητα Δημαρίου,koinoteta_demariou,ko,58.7,68.17,81.1
europe_lau,Κοινότητα Κλειδίου,koinoteta_kleidiou,ko,40.33,51.72,2.47
europe_lau,Κοινότητα Πέτρας,koinoteta_petras,ko,56.14,79.91,60.44
europe_lau,Κοινότητα Σκουληκαριάς,koinoteta_skoulekarias,ko,54.37,70.3,55.89
europe_lau,Κοινότητα Αστροχωρίου,koinoteta_astrochoriou,ko,51.77,66.32,11.98
europe_lau,Κοινότητα Ελάτης,koinoteta_elates,ko,49.88,61.7,41.34
europe_lau,Κοινότητα Καστανέας,koinoteta_kastaneas,ko,44.09,65.07,31.93
europe_lau,Κοινότητα Μεγαλόχαρης,koinoteta_megalochares,ko,49.97,59.89,39.84
europe_lau,Κοινότητα Μεσοπύργου,koinoteta_mesopyrgou,ko,57.21,69.51,42.01
europe_lau,Κοινότητα Μηλιανών,koinoteta_melianon,ko,52.93,73.69,75.05
europe_lau,Κοινότητα Πηγών,koinoteta_pegon,ko,56.34,70.36,84.75
europe_lau,Κοινότητα Βουργαρελίου,koinoteta_bourgareliou,ko,35.71,48.08,71.97
europe_lau,Κοινότητα Αθαμανίου,koinoteta_athamaniou,ko,59.33,63.77,71.21
europe_lau,Κοινότητα Ανεμορράχης,koinoteta_anemorraches,ko,47.86,65.51,41.94
europe_lau,Κοινότητα Διστράτου,koinoteta_distratou,ko,47.26,57.44,69.87
europe_lau,Κοινότητα Κάτω Αθαμανίου,koinoteta_kato_athamaniou,ko,36.63,60.3,42.28
europe_lau,Κοινότητα Κάτω Καλεντίνης,koinoteta_kato_kalentines,ko,47.02,67.1,34.66
europe_lau,Κοινότητα Καψάλων,koinoteta_kapsalon,ko,54.21,75.04,52.17
europe_lau,Κοινότητα Κεντρικού,koinoteta_kentrikou,ko,60.73,69.11,73.39
europe_lau,Κοινότητα Κυψέλης,koinoteta_kypseles,ko,40.55,57.19,74.76
europe_lau,Κοινότητα Μεσούντας,koinoteta_mesountas,ko,44.6,67.4,-23.64
europe_lau,Κοινότητα Παλαιοκατούνου,koinoteta_palaiokatounou,ko,52.44,77.81,21.72
europe_lau,Κοινότητα Τετρακώμου,koinoteta_tetrakomou,ko,50.57,74.64,56.48
europe_lau,Κοινότητα Αγνάντων,koinoteta_agnanton,ko,37.42,58.37,-35.07
europe_lau,Κοινότητα Γραικικού,koinoteta_graikikou,ko,60.63,76.95,67.94
europe_lau,Κοινότητα Λιβαρτζίου,koinoteta_libartziou,ko,36.5,62.19,97.69
europe_lau,Κοινότητα Πλάκας,koinoteta_plakas,ko,33.7,72.31,97.92
europe_lau,Κοινότητα Σειρών,koinoteta_seiron,ko,38.25,56.83,64.81
europe_lau,Κοινότητα Κλειτορίας,koinoteta_kleitorias,ko,43.73,65.44,88.12
europe_lau,Κοινότητα Αγίου Νικολάου,koinoteta_agiou_nikolaou,ko,40.26,72.24,-37.79
europe_lau,Κοινότητα Άνω Κλειτορίας,koinoteta_ano_kleitorias,ko,35.6,59.22,99.23
europe_lau,Κοινότητα Άρμπουνα,koinoteta_armpouna,ko,32.2,50.61,33.25
europe_lau,Κοινότητα Γλάστρας,koinoteta_glastras,ko,41.24,54.54,67.46
europe_lau,Κοινότητα Δρυμού,koinoteta_drymou,ko,32.88,51,45.21
europe_lau,Κοινότητα Καστελλίου,koinoteta_kastelliou,ko,48.77,67.69,87.31
europe_lau,Κοινότητα Καστρίων,koinoteta_kastrion,ko,36.74,65.67,46.28
europe_lau,Κοινότητα Κλείτορος,koinoteta_kleitoros,ko,63.41,72.43,36.52
europe_lau,Κοινότητα Κρινοφύτων,koinoteta_krinophyton,ko,53.52,66.15,16.81
europe_lau,Κοινότητα Λευκασίου,koinoteta_leukasiou,ko,44.81,63.36,-6.64
europe_lau,Κοινότητα Λυκουρίας,koinoteta_lykourias,ko,41.89,56.98,3.11
europe_lau,Κοινότητα Παγκρατίου,koinoteta_pankratiou,ko,55.86,69.43,29.5
europe_lau,Κοινότητα Πλανητέρου,koinoteta_planeterou,ko,18.06,26.93,55.64
europe_lau,Κοινότητα Τουρλάδας,koinoteta_tourladas,ko,35.62,65.31,-23.19
europe_lau,Κοινότητα Πενταλόφου,koinoteta_pentalophou,ko,28.17,37.37,46.34
europe_lau,Κοινότητα Αγίας Σωτήρας,koinoteta_agias_soteras,ko,44.4,71.04,95.59
europe_lau,Κοινότητα Βυθού,koinoteta_bythou,ko,30.18,51.65,37.72
europe_lau,Κοινότητα Διλόφου,koinoteta_dilophou,ko,22.32,47.48,-39.17
europe_lau,Κοινότητα Σιατίστης,koinoteta_siatistes,ko,36.94,53.7,22.31
europe_lau,Κοινότητα Μικροκάστρου,koinoteta_mikrokastrou,ko,35.35,54.55,83.01
europe_lau,Κοινότητα Παλαιοκάστρου,koinoteta_palaiokastrou,ko,54.56,65.64,18.53
europe_lau,Κοινότητα Τσοτυλίου,koinoteta_tsotyliou,ko,47.86,61.3,79.9
europe_lau,Κοινότητα Αγιάσματος,koinoteta_agiasmatos,ko,45.45,65.71,10.58
europe_lau,Κοινότητα Αγίων Αναργύρων,koinoteta_agion_anargyron,ko,47.4,67.16,87.42
europe_lau,Κοινότητα Ανθούσης,koinoteta_anthouses,ko,62.85,72.36,58.81
europe_lau,Κοινότητα Ανθοχωρίου,koinoteta_anthochoriou,ko,48.86,66.43,30.61
europe_lau,Κοινότητα Αυγερινού,koinoteta_augerinou,ko,31.2,67.76,10.46
europe_lau,Κοινότητα Βουχωρίνας,koinoteta_bouchorinas,ko,46.6,57.25,80.04
europe_lau,Κοινότητα Βροντής,koinoteta_brontes,ko,44.33,62.79,5.21
europe_lau,Κοινότητα Δαμασκηνιάς,koinoteta_damaskenias,ko,41.94,58.93,34.16
europe_lau,Κοινότητα Δάφνης,koinoteta_daphnes,ko,67.43,72.54,30.73
europe_lau,Κοινότητα Διχειμάρρου,koinoteta_dicheimarrou,ko,59.74,71.1,76.31
europe_lau,Κοινότητα Βερδικούσσης,koinoteta_berdikousses,ko,51.72,63.52,56.07
europe_lau,Κοινότητα Καρυάς,koinoteta_karyas,ko,47.78,57.19,73.52
europe_lau,Κοινότητα Κρυόβρυσης,koinoteta_kryobryses,ko,50.32,62.84,76.97
europe_lau,Κοινότητα Συκαμινέας,koinoteta_sykamineas,ko,22.56,46.38,84.36
europe_lau,Κοινότητα Λιβαδίου,koinoteta_libadiou,ko,50.93,60.78,74.66
europe_lau,Κοινότητα Δολίχης,koinoteta_doliches,ko,35.74,63.21,44.76
europe_lau,Κοινότητα Καλλιθέας Ελασσόνος,koinoteta_kallitheas_elassonos,ko,59.27,59.03,53.75
europe_lau,Κοινότητα Κοκκινογείου,koinoteta_kokkinogeiou,ko,55.89,65.77,46.94
europe_lau,Κοινότητα Κοκκινοπηλού,koinoteta_kokkinopelou,ko,34.31,55.74,93.76
europe_lau,Κοινότητα Λόφου,koinoteta_lophou,ko,49.2,68.49,26.52
europe_lau,Κοινότητα Ολυμπιάδος,koinoteta_olympiados,ko,28.56,54.38,73.44
europe_lau,Κοινότητα Πυθίου,koinoteta_pythiou,ko,51.35,59.61,45.92
europe_lau,Κοινότητα Φλαμπούρου,koinoteta_phlampourou,ko,26.18,38.79,76.13
europe_lau,Κοινότητα Βλαχογιαννίου,koinoteta_blachogianniou,ko,63.82,64.93,42.39
europe_lau,Κοινότητα Αμουρίου,koinoteta_amouriou,ko,44.5,78.06,95.45
europe_lau,Κοινότητα Δομενίκου,koinoteta_domenikou,ko,54.38,66.51,75.53
europe_lau,Κοινότητα Μαγούλας,koinoteta_magoulas,ko,50.16,61.38,42.22
europe_lau,Κοινότητα Μεγάλου Ελευθεροχωρίου,koinoteta_megalou_eleutherochoriou,ko,36.63,53.05,-5.61
europe_lau,Κοινότητα Μεσοχωρίου,koinoteta_mesochoriou,ko,49.22,61.08,77.46
europe_lau,Κοινότητα Πραιτωρίου,koinoteta_praitoriou,ko,40.78,64.5,-8.35
europe_lau,Κοινότητα Συκέας,koinoteta_sykeas,ko,26.3,50.22,-3.68
europe_lau,Κοινότητα Σαρανταπόρου,koinoteta_sarantaporou,ko,54.66,68.68,45.25
europe_lau,Κοινότητα Αζώρου,koinoteta_azorou,ko,27.35,53.13,0.76
europe_lau,Κοινότητα Γερανίων,koinoteta_geranion,ko,45.25,62.79,97.14
europe_lau,Κοινότητα Γιαννωτών,koinoteta_giannoton,ko,47.8,60.37,32.24
europe_lau,Κοινότητα Λυκουδίου,koinoteta_lykoudiou,ko,62.55,67.35,78.04
europe_lau,Κοινότητα Μηλέας,koinoteta_meleas,ko,50.22,69.29,63.6
europe_lau,Κοινότητα Τσαπουρνιάς,koinoteta_tsapournias,ko,28.81,55.26,-4.09
europe_lau,Κοινότητα Τσαριτσάνης,koinoteta_tsaritsanes,ko,57.17,67.84,66.05
europe_lau,Κοινότητα Νικαίας,koinoteta_nikaias,ko,73.42,73.78,45.78
europe_lau,Κοινότητα Διλόφου Λαρίσης,koinoteta_dilophou_larises,ko,32.88,50.72,85.48
europe_lau,Κοινότητα Ζαππείου,koinoteta_zappeiou,ko,55.24,75.49,53.43
europe_lau,Κοινότητα Μοσχοχωρίου,koinoteta_moschochoriou,ko,40.99,56.97,45.57
europe_lau,Κοινότητα Μύρων,koinoteta_myron,ko,48.3,63.48,51.19
europe_lau,Κοινότητα Νέας Λεύκης,koinoteta_neas_leukes,ko,59.68,82.12,87.31
europe_lau,Κοινότητα Νέων Καρυών,koinoteta_neon_karyon,ko,46.12,70.34,-31.78
europe_lau,Κοινότητα Χαράς,koinoteta_charas,ko,35.87,57.05,-32.93
europe_lau,Κοινότητα Αρμενίου,koinoteta_armeniou,ko,54.78,61.23,44.63
europe_lau,Κοινότητα Μεγάλου Μοναστηρίου,koinoteta_megalou_monasteriou,ko,41.96,54.17,46.08
europe_lau,Κοινότητα Νίκης,koinoteta_nikes,ko,53.6,83.88,44.46
europe_lau,Κοινότητα Σωτηρίου,koinoteta_soteriou,ko,50.28,59.14,37.37
europe_lau,Κοινότητα Κιλελέρ,koinoteta_kileler,ko,31.52,49.73,88.51
europe_lau,Κοινότητα Αγναντερής,koinoteta_agnanteres,ko,36.72,59.22,30.27
europe_lau,Κοινότητα Καλαμακίου,koinoteta_kalamakiou,ko,41.14,68.5,73.76
europe_lau,Κοινότητα Μελίσσης,koinoteta_melisses,ko,39.67,75.67,57.37
europe_lau,Κοινότητα Νέου Περιβολίου,koinoteta_neou_periboliou,ko,37.65,66.72,91.72
europe_lau,Κοινότητα Αγίων Αναργύρων,koinoteta_agion_anargyron,ko,41.49,69.64,92.03
europe_lau,Κοινότητα Αγίου Γεωργίου Λαρίσης,koinoteta_agiou_georgiou_larises,ko,50.16,66.77,76.22
europe_lau,Κοινότητα Βουναίνων,koinoteta_bounainon,ko,48.04,63.33,37.32
europe_lau,Κοινότητα Δοξαρά,koinoteta_doxara,ko,67.53,76.89,50.2
europe_lau,Κοινότητα Κραννώνος,koinoteta_krannonos,ko,59.47,69.4,49.46
europe_lau,Κοινότητα Κυπαρίσσου,koinoteta_kyparissou,ko,29.04,54.86,78.37
europe_lau,Κοινότητα Μαυροβουνίου,koinoteta_maurobouniou,ko,60.83,73.41,24.73
europe_lau,Κοινότητα Μικρού Βουνού,koinoteta_mikrou_bounou,ko,46.34,62.04,90.51
europe_lau,Κοινότητα Ψυχικού,koinoteta_psychikou,ko,54.48,69.36,47.37
europe_lau,Κοινότητα Πλατυκάμπου,koinoteta_platykampou,ko,30.78,57.09,59.26
europe_lau,Königsfeld,konigsfeld,ko,44.57,62.63,69.88
europe_lau,Königshain-Wiederau,konigshain_wiederau,ko,46.72,56.47,34.73
europe_lau,Kolitzheim,kolitzheim,ko,53.75,60.42,69.97
europe_lau,Κοινότητα Αμπελοχωρίου,koinoteta_ampelochoriou,ko,53.38,82.56,4.5
europe_lau,Κοινότητα Ραφταναίων,koinoteta_raphtanaion,ko,32.18,49.84,98.05
europe_lau,Κοινότητα Βαθυπέδου,koinoteta_bathypedou,ko,62.64,77.93,81.23
europe_lau,Κοινότητα Καλαρρυτών,koinoteta_kalarryton,ko,32.84,45.82,99.06
europe_lau,Κοινότητα Καλεντζίου,koinoteta_kalentziou,ko,38.01,62.49,41.23
europe_lau,Κοινότητα Αετορράχης,koinoteta_aetorraches,ko,46.87,62.3,30.01
europe_lau,Κοινότητα Ελληνικού,koinoteta_ellenikou,ko,61.5,73.09,55.26
europe_lau,Κοινότητα Κορίτιανης,koinoteta_koritianes,ko,48.13,74.95,95.89
europe_lau,Κοινότητα Μονολιθίου,koinoteta_monolithiou,ko,38.39,62.73,-25.47
europe_lau,Κοινότητα Πηγαδίων,koinoteta_pegadion,ko,54.89,76.92,84.36
europe_lau,Κοινότητα Πλαισίων Μαλακασίου,koinoteta_plaision_malakasiou,ko,37.74,45.83,70.3
europe_lau,Κοινότητα Πλατανούσσης,koinoteta_platanousses,ko,61.9,73.5,64.18
europe_lau,Κοινότητα Φορτοσίου,koinoteta_phortosiou,ko,68.66,71.69,50.68
europe_lau,Κοινότητα Ματσουκίου,koinoteta_matsoukiou,ko,45.77,61.34,84.19
europe_lau,Κοινότητα Συρράκου,koinoteta_syrrakou,ko,25.68,62.36,77.48
europe_lau,Κοινότητα Χουλιαράδων,koinoteta_chouliaradon,ko,51.85,64.29,64.81
europe_lau,Κοινότητα Βαπτιστού,koinoteta_baptistou,ko,36.93,59.56,85.1
europe_lau,Κοινότητα Κέδρου,koinoteta_kedrou,ko,58.24,71.72,64.38
europe_lau,Κοινότητα Μιχαλιτσίου,koinoteta_michalitsiou,ko,44.02,81.74,65.57
europe_lau,Κοινότητα Παλαιοχωρίου Σιράκου,koinoteta_palaiochoriou_sirakou,ko,58.37,68.67,63.43
europe_lau,Κοινότητα Πετροβουνίου,koinoteta_petrobouniou,ko,55.35,66.29,55.8
europe_lau,Κοινότητα Ποτιστικών,koinoteta_potistikon,ko,47.25,75.74,87.38
europe_lau,Κοινότητα Προσηλίου,koinoteta_proseliou,ko,56.79,71.23,73.96
europe_lau,Κοινότητα Θεριακησίου,koinoteta_theriakesiou,ko,44.76,59.04,92.66
europe_lau,Κοινότητα Αβγού,koinoteta_abgou,ko,38.55,62.11,-31.94
europe_lau,Κοινότητα Αγίας Τριάδος,koinoteta_agias_triados,ko,44.36,70.38,-21.83
europe_lau,Κοινότητα Βαρλαάμ,koinoteta_barlaam,ko,43.42,54.28,53.83
europe_lau,Κοινότητα Βουλιάστης,koinoteta_bouliastes,ko,40.98,72.98,-7.85
europe_lau,Κοινότητα Επισκοπικού,koinoteta_episkopikou,ko,65.91,68.63,42.2
europe_lau,Κοινότητα Κοπάνης,koinoteta_kopanes,ko,31.67,53.57,8.48
europe_lau,Κοινότητα Κουκλεσίου,koinoteta_kouklesiou,ko,43.78,55.33,44.59
europe_lau,Κοινότητα Κρυφοβού,koinoteta_kryphobou,ko,39.95,64.92,-25.97
europe_lau,Κοινότητα Μελιάς,koinoteta_melias,ko,51.34,73.67,69.96
europe_lau,Κοινότητα Μουσιωτίτσης,koinoteta_mousiotitses,ko,37.01,64.46,95.83
europe_lau,Κοινότητα Μυροδάφνης,koinoteta_myrodaphnes,ko,41.97,57.08,79.69
europe_lau,Κοινότητα Πέρδικας,koinoteta_perdikas,ko,44.96,56.08,80.29
europe_lau,Κοινότητα Πεστών,koinoteta_peston,ko,52.92,65.49,39.14
europe_lau,Κοινότητα Ραβενίων,koinoteta_rabenion,ko,29.68,50.54,-16.53
europe_lau,Κοινότητα Περατάτων,koinoteta_perataton,ko,40.34,67.91,-7.89
europe_lau,Κοινότητα Πεσάδας,koinoteta_pesadas,ko,44.55,53.87,68.51
europe_lau,Κοινότητα Σβορωνάτων,koinoteta_sboronaton,ko,46.35,58.87,13.39
europe_lau,Κοινότητα Σπαρτιών,koinoteta_spartion,ko,55.75,73.13,77.64
europe_lau,Κοινότητα Ομαλών,koinoteta_omalon,ko,58.82,66.08,40.37
europe_lau,Κοινότητα Ληξουρίου,koinoteta_lexouriou,ko,27.51,56.31,83.55
europe_lau,Κοινότητα Αγίας Θέκλης,koinoteta_agias_thekles,ko,30.05,55.45,91.76
europe_lau,Κοινότητα Αθέρος,koinoteta_atheros,ko,50.63,68.26,84.18
europe_lau,Κοινότητα Δαμουλιανάτων,koinoteta_damoulianaton,ko,57.94,67.87,62.68
europe_lau,Κοινότητα Καμιναράτων,koinoteta_kaminaraton,ko,31.45,63.51,83.3
europe_lau,Κοινότητα Κατωγής,koinoteta_katoges,ko,59.73,68.02,65.82
europe_lau,Κοινότητα Κοντογενάδας,koinoteta_kontogenadas,ko,17.34,54.27,86.29
europe_lau,Κοινότητα Κουβαλάτων,koinoteta_koubalaton,ko,20.92,49.66,77.92
europe_lau,Κοινότητα Μονοπολάτων,koinoteta_monopolaton,ko,44.67,71.2,58.97
europe_lau,Κοινότητα Ριφίου,koinoteta_riphiou,ko,22.17,55.42,60.22
europe_lau,Κοινότητα Σκινέως,koinoteta_skineos,ko,29.51,47.66,91.59
europe_lau,Κοινότητα Σουλλάρων,koinoteta_soullaron,ko,38.38,69.34,77.46
europe_lau,Κοινότητα Φαβατάτων,koinoteta_phabataton,ko,58.91,75.77,40.14
europe_lau,Κοινότητα Χαβδάτων,koinoteta_chabdaton,ko,37.52,59.25,-28.08
europe_lau,Κοινότητα Χαβριάτων,koinoteta_chabriaton,ko,46.89,57.29,31.34
europe_lau,Κοινότητα Σάμης,koinoteta_sames,ko,14.14,39.13,-61.44
europe_lau,Κοινότητα Γριζάτων,koinoteta_grizaton,ko,46.9,63.45,70.99
europe_lau,Κοινότητα Καραβομύλου,koinoteta_karabomylou,ko,50.57,64.74,17.3
europe_lau,Κοινότητα Πουλάτων,koinoteta_poulaton,ko,28.36,53.91,-23.51
europe_lau,Κοινότητα Πυργίου,koinoteta_pyrgiou,ko,46.2,65.84,69.18
europe_lau,Κοινότητα Χαλιωτάτων,koinoteta_chaliotaton,ko,45.38,55.4,57.83
europe_lau,Κοινότητα Βασιλικιάδων,koinoteta_basilikiadon,ko,38.84,52.8,-2.73
europe_lau,Κοινότητα Αντιπάτων Ερίσου,koinoteta_antipaton_erisou,ko,60.74,78.02,62.53
europe_lau,Κοινότητα Άσου,koinoteta_asou,ko,42.13,53.29,44.72
europe_lau,Κοινότητα Βαρέος,koinoteta_bareos,ko,32.13,77.3,-136.48
europe_lau,Κοινότητα Καρυάς,koinoteta_karyas,ko,27.16,58.39,-101.99
europe_lau,Κοινότητα Κοθρέα,koinoteta_kothrea,ko,49.83,75.35,73.08
europe_lau,Κοινότητα Κομιτάτων,koinoteta_komitaton,ko,62.23,75.44,51.97
europe_lau,Κοινότητα Μεσοβουνίων,koinoteta_mesobounion,ko,43.51,64.38,18.16
europe_lau,Κοινότητα Νεοχωρίου,koinoteta_neochoriou,ko,48.79,68.48,61.9
europe_lau,Κοινότητα Πατρικάτων,koinoteta_patrikaton,ko,50.34,73.47,63.56
europe_lau,Κοινότητα Πλαγιάς,koinoteta_plagias,ko,51.48,72.31,7
europe_lau,Κοινότητα Φιλίων,koinoteta_philion,ko,39.71,57.23,43.73
europe_lau,Κοινότητα Δάφνης,koinoteta_daphnes,ko,72.34,69.04,54.58
europe_lau,Κοινότητα Αμυγδαλέας,koinoteta_amygdaleas,ko,26.61,66.26,62.82
europe_lau,Κοινότητα Νασίων,koinoteta_nasion,ko,41.43,51.26,58.89
europe_lau,Κοινότητα Πάου,koinoteta_paou,ko,48.62,67.03,4.79
europe_lau,Κοινότητα Πεύκου,koinoteta_peukou,ko,38.26,61.36,92.03
europe_lau,Κοινότητα Σκοτάνης,koinoteta_skotanes,ko,42.9,61.25,98.98
europe_lau,Κοινότητα Χόβολης,koinoteta_choboles,ko,56.38,66.4,86.5
europe_lau,Κοινότητα Μεσολογγίου,koinoteta_mesolongiou,ko,29.28,37.47,90.22
europe_lau,Κοινότητα Αγίου Γεωργίου,koinoteta_agiou_georgiou,ko,46.51,53.22,79
europe_lau,Κοινότητα Αγίου Θωμά,koinoteta_agiou_thoma,ko,28.78,67.2,96.51
europe_lau,Κοινότητα Άνω Κουδουνίου,koinoteta_ano_koudouniou,ko,30.3,57.21,89.2
europe_lau,Κοινότητα Ελληνικών,koinoteta_ellenikon,ko,54.06,68.7,37.68
europe_lau,Κοινότητα Ευηνοχωρίου,koinoteta_euenochoriou,ko,47.24,74.5,92.9
europe_lau,Κοινότητα Μουσούρων,koinoteta_mousouron,ko,35.16,49.96,-17.98
europe_lau,Κοινότητα Ρετσίνων,koinoteta_retsinon,ko,49.49,58.69,38.51
europe_lau,Κοινότητα Αιτωλικού,koinoteta_aitolikou,ko,36.31,48.28,73.21
europe_lau,Κοινότητα Αγίου Ηλία,koinoteta_agiou_elia,ko,39.11,62.51,62.61
europe_lau,Κοινότητα Σταμνάς,koinoteta_stamnas,ko,41.16,64.46,67.56
europe_lau,Κοινότητα Φραγκουλαιίκων,koinoteta_phrankoulaiikon,ko,32.89,58.27,95.85
europe_lau,Κοινότητα Χρυσοβεργίου,koinoteta_chrysobergiou,ko,66.23,76.55,71.94
europe_lau,Κοινότητα Νεοχωρίου Μεσολογγίου,koinoteta_neochoriou_mesolongiou,ko,47.08,63.12,38.99
europe_lau,Κοινότητα Γουριάς,koinoteta_gourias,ko,42.43,61.82,93.1
europe_lau,Κοινότητα Κατοχής,koinoteta_katoches,ko,35.92,48.87,44.71
europe_lau,Κοινότητα Λεσινίου,koinoteta_lesiniou,ko,48.94,72.52,-6.7
europe_lau,Κοινότητα Μάστρου,koinoteta_mastrou,ko,49.13,63.63,67.79
europe_lau,Κοινότητα Πενταλόφου,koinoteta_pentalophou,ko,47.37,63.26,8.95
europe_lau,Κοινότητα Βόνιτσας,koinoteta_bonitsas,ko,53.71,60.04,33.78
europe_lau,Κοινότητα Αγίου Νικολάου Βονίτσης Και Ξηρομέρου,koinoteta_agiou_nikolaou_bonitses_kai_xeromerou,ko,26.87,64.67,81.88
europe_lau,Κοινότητα Δρυμού,koinoteta_drymou,ko,44.14,71.4,98.56
europe_lau,Κοινότητα Θυρίου,koinoteta_thyriou,ko,33.98,53.27,97.42
europe_lau,Κοινότητα Μοναστηρακίου,koinoteta_monasterakiou,ko,31.82,49.47,12.46
europe_lau,Κοινότητα Παλιαμπέλων,koinoteta_paliampelon,ko,38.43,49.44,21.18
europe_lau,Κοινότητα Κατούνας,koinoteta_katounas,ko,46.62,51.8,68.49
europe_lau,Κοινότητα Αετού,koinoteta_aetou,ko,54.3,65.43,68.3
europe_lau,Κοινότητα Αχυρών,koinoteta_achyron,ko,53.39,71.5,4.31
europe_lau,Κοινότητα Κομπωτής,koinoteta_kompotes,ko,44.7,64.31,12.35
europe_lau,Κοινότητα Κονοπίνας,koinoteta_konopinas,ko,46.63,55.51,66.01
europe_lau,Κοινότητα Τρύφου,koinoteta_tryphou,ko,46.14,58.15,18.86
europe_lau,Κοινότητα Παλαίρου,koinoteta_palairou,ko,28.76,45.69,94.73
europe_lau,Κοινότητα Βάτου,koinoteta_batou,ko,60.95,68.59,70.05
europe_lau,Κοινότητα Περατιάς,koinoteta_peratias,ko,34.91,50.53,60.77
europe_lau,Κοινότητα Πλαγιάς,koinoteta_plagias,ko,33.93,58.01,82.31
europe_lau,Κοινότητα Πογωνίας,koinoteta_pogonias,ko,20.26,45.7,96.95
europe_lau,Κοινότητα Κακοπλευρίου,koinoteta_kakopleuriou,ko,30.53,47.29,14.84
europe_lau,Κοινότητα Οξυνείας,koinoteta_oxyneias,ko,56.27,71.33,73.04
europe_lau,Κοινότητα Σκεπαρίου,koinoteta_skepariou,ko,49.3,57.11,63.37
europe_lau,Κοινότητα Πύλης,koinoteta_pyles,ko,45.47,63.12,38.81
europe_lau,Κοινότητα Αγίου Βησσαρίωνος,koinoteta_agiou_bessarionos,ko,38.64,77.08,14.42
europe_lau,Κοινότητα Αγίου Προκοπίου,koinoteta_agiou_prokopiou,ko,47.76,61.49,50.66
europe_lau,Κοινότητα Κοτρωνίου,koinoteta_kotroniou,ko,61.77,80.59,64.38
europe_lau,Κοινότητα Παλαιοκαρυάς,koinoteta_palaiokaryas,ko,46.34,57.79,23.07
europe_lau,Κοινότητα Πετροχωρίου,koinoteta_petrochoriou,ko,36.04,49.96,67.87
europe_lau,Κοινότητα Ροποτού,koinoteta_ropotou,ko,34.82,56.99,54.35
europe_lau,Κοινότητα Ελάτης,koinoteta_elates,ko,45.49,47.99,37.75
europe_lau,Κοινότητα Αγίου Νικολάου,koinoteta_agiou_nikolaou,ko,50.76,72.18,25.11
europe_lau,Κοινότητα Αθαμανίας,koinoteta_athamanias,ko,57.8,66.84,43.22
europe_lau,Κοινότητα Βροντερού,koinoteta_bronterou,ko,47.77,63.61,-1.77
europe_lau,Κοινότητα Γαρδικίου,koinoteta_gardikiou,ko,49.72,55.61,40.58
europe_lau,Κοινότητα Δέσης,koinoteta_deses,ko,27.03,50.08,89.69
europe_lau,Κοινότητα Δροσοχωρίου,koinoteta_drosochoriou,ko,52.1,66.61,69.4
europe_lau,Κοινότητα Καλογήρων,koinoteta_kalogeron,ko,51.41,70.35,5.97
europe_lau,Κοινότητα Νεραϊδοχωρίου,koinoteta_neraidochoriou,ko,57.78,70.79,74.99
europe_lau,Κοινότητα Περτουλίου,koinoteta_pertouliou,ko,52.45,63.57,33.06
europe_lau,Κοινότητα Πύρρας,koinoteta_pyrras,ko,34.76,54.07,95.55
europe_lau,Κοινότητα Λυγαριάς,koinoteta_lygarias,ko,61.46,76.71,46.1
europe_lau,Κοινότητα Γόμφων,koinoteta_gomphon,ko,60.02,71.07,40.47
europe_lau,Κοινότητα Δροσερού,koinoteta_droserou,ko,62.13,68.16,63.24
europe_lau,Κοινότητα Μουριάς,koinoteta_mourias,ko,59.83,74.92,26.05
europe_lau,Κοινότητα Παλαιομοναστήρου,koinoteta_palaiomonasterou,ko,59.57,72.22,71.71
europe_lau,Κοινότητα Πηγής,koinoteta_peges,ko,65.39,77.26,41.16
europe_lau,Κοινότητα Μυροφύλλου,koinoteta_myrophyllou,ko,39.69,55.33,15.31
europe_lau,Κοινότητα Νεράιδας,koinoteta_neraidas,ko,31.08,58.61,53.02
europe_lau,Κοινότητα Αρματολικού,koinoteta_armatolikou,ko,46.79,60.09,39.21
europe_lau,Κοινότητα Κορυφής,koinoteta_koryphes,ko,36.42,59.57,97.99
europe_lau,Κοινότητα Θεολόγου,koinoteta_theologou,ko,47.75,67.13,36.52
europe_lau,Κοινότητα Καλλιράχης,koinoteta_kalliraches,ko,39.65,60.12,46.87
europe_lau,Κοινότητα Λιμεναρίων,koinoteta_limenarion,ko,22.88,72.53,-0.16
europe_lau,Κοινότητα Μαριών,koinoteta_marion,ko,23.13,65.02,33.36
europe_lau,Κοινότητα Παναγίας,koinoteta_panagias,ko,37.45,54.7,-12.68
europe_lau,Κοινότητα Ποταμιάς,koinoteta_potamias,ko,41.07,66.72,7
europe_lau,Κοινότητα Πρίνου,koinoteta_prinou,ko,33.82,57.26,-12.23
europe_lau,Κοινότητα Ραχωνίου,koinoteta_rachoniou,ko,48.77,60.64,62.52
europe_lau,Κοινότητα Τουλιάτων,koinoteta_touliaton,ko,48.1,59.57,9.59
europe_lau,Κοινότητα Φισκάρδου,koinoteta_phiskardou,ko,33.12,59.19,98.97
europe_lau,Κοινότητα Αγίας Ευφημίας,koinoteta_agias_euphemias,ko,35.55,51.62,93.66
europe_lau,Κοινότητα Διβαράτων,koinoteta_dibaraton,ko,42.08,63.34,61.54
europe_lau,Κοινότητα Μακρυωτίκων,koinoteta_makryotikon,ko,66.23,65.86,65.59
europe_lau,Κοινότητα Λευκάδος,koinoteta_leukados,ko,40.63,47.76,57.4
europe_lau,Κοινότητα Αγίου Νικήτα,koinoteta_agiou_niketa,ko,35.4,62.31,79.52
europe_lau,Κοινότητα Αλεξάνδρου,koinoteta_alexandrou,ko,44.69,53.84,38.42
europe_lau,Κοινότητα Απολπαίνης,koinoteta_apolpaines,ko,52.32,78.39,33.28
europe_lau,Κοινότητα Καλαμιτσίου,koinoteta_kalamitsiou,ko,28.39,73.33,83.38
europe_lau,Κοινότητα Καριωτών,koinoteta_karioton,ko,35.83,80.3,49.11
europe_lau,Κοινότητα Κατούνης,koinoteta_katounes,ko,47.1,68.97,94.9
europe_lau,Κοινότητα Τσουκαλάδων,koinoteta_tsoukaladon,ko,54.95,72.05,62.25
europe_lau,Κοινότητα Βασιλικής,koinoteta_basilikes,ko,40.47,54.76,77.11
europe_lau,Κοινότητα Αγίου Ηλία,koinoteta_agiou_elia,ko,53.42,61.6,79.43
europe_lau,Κοινότητα Αγίου Πέτρου,koinoteta_agiou_petrou,ko,42.38,71.13,96.62
europe_lau,Κοινότητα Αθανίου,koinoteta_athaniou,ko,18.91,57.03,76.28
europe_lau,Κοινότητα Βουρνικά,koinoteta_bournika,ko,46.46,59.64,75.29
europe_lau,Κοινότητα Δραγάνου,koinoteta_draganou,ko,54.07,73.21,22.55
europe_lau,Κοινότητα Ευγήρου,koinoteta_eugerou,ko,29.05,48.67,63.45
europe_lau,Κοινότητα Κομηλίου,koinoteta_komeliou,ko,37.09,64.24,98.66
europe_lau,Κοινότητα Κονταραίνης,koinoteta_kontaraines,ko,31.59,49.75,99.66
europe_lau,Κοινότητα Μαραντοχωρίου,koinoteta_marantochoriou,ko,23.47,41.28,91.04
europe_lau,Κοινότητα Νικολή,koinoteta_nikole,ko,35.58,60.2,89.47
europe_lau,Κοινότητα Σύβρου,koinoteta_sybrou,ko,30.21,64.22,83.44
europe_lau,Κοινότητα Λυκοσούρας,koinoteta_lykosouras,ko,39.16,62.55,-10.16
europe_lau,Κοινότητα Λυκοχίων,koinoteta_lykochion,ko,59.25,78.18,84.55
europe_lau,Κοινότητα Μακρυσίου,koinoteta_makrysiou,ko,37.62,61.19,73.57
europe_lau,Κοινότητα Μαλλωτών,koinoteta_malloton,ko,54.74,79.12,69.4
europe_lau,Κοινότητα Μαραθούσσης,koinoteta_marathousses,ko,59.54,73.11,16.21
europe_lau,Κοινότητα Νέας Εκκλησούλας,koinoteta_neas_ekklesoulas,ko,48.88,61.15,32.51
europe_lau,Κοινότητα Νεοχωρίου Λυκοσούρας,koinoteta_neochoriou_lykosouras,ko,29.51,48.28,47.91
europe_lau,Κοινότητα Παραδεισίων,koinoteta_paradeision,ko,59.03,67.76,65.77
europe_lau,Κοινότητα Περιβολίων,koinoteta_peribolion,ko,67.99,77.67,48.34
europe_lau,Κοινότητα Πλάκας,koinoteta_plakas,ko,38.43,64.59,-25.72
europe_lau,Κοινότητα Ραψομμάτη,koinoteta_rapsommate,ko,36.24,61.86,73.37
europe_lau,Κοινότητα Σουλίου,koinoteta_souliou,ko,48.94,74.02,84.63
europe_lau,Κοινότητα Σούλου,koinoteta_soulou,ko,31.06,49.56,-21.85
europe_lau,Κοινότητα Τριλόφου,koinoteta_trilophou,ko,27.48,49.1,98.41
europe_lau,Κοινότητα Τριποτάμου,koinoteta_tripotamou,ko,59.16,68.6,69.73
europe_lau,Κοινότητα Χιράδων,koinoteta_chiradon,ko,59.48,66.25,36.7
europe_lau,Κοινότητα Χράνων,koinoteta_chranon,ko,38.42,63.35,92.62
europe_lau,Κοινότητα Χωρέμη,koinoteta_choreme,ko,64.58,66.86,60.43
europe_lau,Κοινότητα Καριταίνης,koinoteta_karitaines,ko,40.07,59.46,42
europe_lau,Κοινότητα Ατσιχόλου,koinoteta_atsicholou,ko,35.58,72.68,90.01
europe_lau,Κοινότητα Ζώνης,koinoteta_zones,ko,58.57,78.03,29.25
europe_lau,Κοινότητα Κατσίμπαλη,koinoteta_katsimpale,ko,58.55,81.55,45.75
europe_lau,Κοινότητα Κουρουνιού,koinoteta_kourouniou,ko,53.35,69.25,69.31
europe_lau,Κοινότητα Κυπαρισσίων,koinoteta_kyparission,ko,62.45,69.74,44.02
europe_lau,Κοινότητα Κοτιλίου,koinoteta_kotiliou,ko,63.62,69.74,32.91
europe_lau,Κοινότητα Μάραθα,koinoteta_maratha,ko,38.55,66.79,73.09
europe_lau,Κοινότητα Μαυριών,koinoteta_maurion,ko,54,77.14,33.45
europe_lau,Κοινότητα Σαρακινίου,koinoteta_sarakiniou,ko,49.39,68.11,58.39
europe_lau,Κοινότητα Λεονταρίου,koinoteta_leontariou,ko,55.34,60.17,47.41
europe_lau,Κοινότητα Ακόβου,koinoteta_akobou,ko,42.47,54.32,81.96
europe_lau,Κοινότητα Αναβρυτού,koinoteta_anabrytou,ko,49.46,60.78,14.61
europe_lau,Κοινότητα Ανεμοδουρίου,koinoteta_anemodouriou,ko,46.14,70.3,-3.72
europe_lau,Κοινότητα Βελιγοστής,koinoteta_beligostes,ko,34.07,77.14,95.84
europe_lau,Κοινότητα Βουτσαρά,koinoteta_boutsara,ko,41.17,67.29,58.27
europe_lau,Κοινότητα Γιανναίων,koinoteta_giannaion,ko,34.86,62.93,8.55
europe_lau,Κοινότητα Γραικού,koinoteta_graikou,ko,46.06,64.59,-9.22
europe_lau,Κοινότητα Δυρραχίου,koinoteta_dyrrachiou,ko,35.87,54.63,97.48
europe_lau,Κοινότητα Ελληνίτσης,koinoteta_ellenitses,ko,37.25,58.69,99.46
europe_lau,Κοινότητα Καμάρας,koinoteta_kamaras,ko,32.58,61.39,32.63
europe_lau,Κοινότητα Λεπτινίου,koinoteta_leptiniou,ko,36.91,71.59,95.1
europe_lau,Κοινότητα Νεοχωρίου Φαλαισίας,koinoteta_neochoriou_phalaisias,ko,25.81,61.34,80.84
europe_lau,Κοινότητα Πετρίνας,koinoteta_petrinas,ko,39.01,71.8,90.48
europe_lau,Κοινότητα Ποταμιάς,koinoteta_potamias,ko,69.79,82.43,76.88
europe_lau,Κοινότητα Ρουτσίου,koinoteta_routsiou,ko,38.17,71.47,-47.02
europe_lau,Κοινότητα Σκορτσινού,koinoteta_skortsinou,ko,64.74,75.05,61
europe_lau,Κοινότητα Σουλαρίου,koinoteta_soulariou,ko,71.53,76.59,38.08
europe_lau,Κοινότητα Τουρκολέκα,koinoteta_tourkoleka,ko,51.24,59.99,62.25
europe_lau,Κοινότητα Φαλαισίας,koinoteta_phalaisias,ko,54.07,68.05,67.33
europe_lau,Κοινότητα Λεωνιδίου,koinoteta_leonidiou,ko,32.29,50.15,64.03
europe_lau,Κοινότητα Αγίου Βασιλείου Κυνουρίας,koinoteta_agiou_basileiou_kynourias,ko,49.5,71.32,1.12
europe_lau,Κοινότητα Παχτουρίου,koinoteta_pachtouriou,ko,45.57,72.74,-4.29
europe_lau,Κοινότητα Φήκης,koinoteta_phekes,ko,64.94,75.34,68.18
europe_lau,Κοινότητα Ελευθεροχωρίου,koinoteta_eleutherochoriou,ko,26.86,42.73,-0.12
europe_lau,Κοινότητα Παραποτάμου,koinoteta_parapotamou,ko,23.32,35,76.73
europe_lau,Κοινότητα Πιαλείας,koinoteta_pialeias,ko,44.62,67,-6.43
europe_lau,Κοινότητα Φιλύρας,koinoteta_philyras,ko,32.97,68.34,-16.21
europe_lau,Κοινότητα Στουρναραιίκων,koinoteta_stournaraiikon,ko,43.2,58.26,74.59
europe_lau,Κοινότητα Βαθυρρεύματος,koinoteta_bathyrreumatos,ko,49.06,73.22,80.87
europe_lau,Κοινότητα Βαλκάνου,koinoteta_balkanou,ko,57.52,71.85,46.15
europe_lau,Κοινότητα Λιβαδοχωρίου,koinoteta_libadochoriou,ko,55.38,67.79,66.64
europe_lau,Κοινότητα Μεσοχώρας,koinoteta_mesochoras,ko,45.81,58.46,78.89
europe_lau,Κοινότητα Μοσχοφύτου,koinoteta_moschophytou,ko,50.8,76.36,13.32
europe_lau,Κοινότητα Νέας Πεύκης,koinoteta_neas_peukes,ko,54.36,63.19,41.31
europe_lau,Κοινότητα Παραμέρου,koinoteta_paramerou,ko,36.26,54.13,94.09
europe_lau,Κοινότητα Πολυνερίου,koinoteta_polyneriou,ko,36.65,60.42,91.29
europe_lau,Κοινότητα Φαρκαδόνος,koinoteta_pharkadonos,ko,40.65,60.93,99.18
europe_lau,Κοινότητα Αχλαδοχωρίου,koinoteta_achladochoriou,ko,49.84,80.01,79.98
europe_lau,Κοινότητα Γριζάνου,koinoteta_grizanou,ko,43.22,52.23,89.28
europe_lau,Κοινότητα Διασέλλου,koinoteta_diasellou,ko,61.73,73.05,68.52
europe_lau,Κοινότητα Ζάρκου,koinoteta_zarkou,ko,39.6,62.42,95.56
europe_lau,Κοινότητα Κεραμιδίου,koinoteta_keramidiou,ko,27.87,40.62,-1.2
europe_lau,Κοινότητα Παναγίτσας,koinoteta_panagitsas,ko,46.89,66.64,23.98
europe_lau,Κοινότητα Πηνειάδος,koinoteta_peneiados,ko,49.38,57.16,71.69
europe_lau,Κοινότητα Οιχαλίας,koinoteta_oichalias,ko,38.34,58.51,70.24
europe_lau,Κοινότητα Γεωργανάδων,koinoteta_georganadon,ko,29.08,49.99,-53.02
europe_lau,Κοινότητα Κλοκοτού,koinoteta_klokotou,ko,23.59,52.08,79.76
europe_lau,Κοινότητα Κρήνης,koinoteta_krenes,ko,16.04,44.75,92.85
europe_lau,Κοινότητα Πετρωτού,koinoteta_petrotou,ko,43.23,52.98,27.99
europe_lau,Κοινότητα Ταξιαρχών,koinoteta_taxiarchon,ko,62.93,74.58,71.4
europe_lau,Κοινότητα Νομής,koinoteta_nomes,ko,40.41,58.89,-11.08
europe_lau,Köditz,koditz,ko,45.13,55.13,86.93
europe_lau,Konradsreuth,konradsreuth,ko,58.47,73.44,70.99
europe_lau,Kohila vald,kohila_vald,ko,48.91,64.02,25.05
europe_lau,Kohtla-Järve linn,kohtla_jarve_linn,ko,56.66,72.38,68.3
europe_lau,Kose vald,kose_vald,ko,49.03,66.45,41.78
europe_lau,Κοινότητα Κομοτηνής,koinoteta_komotenes,ko,25.12,44.37,53.95
europe_lau,Κοινότητα Μεσοκώμης,koinoteta_mesokomes,ko,40.7,55.04,62.8
europe_lau,Κοινότητα Μονόβρυσης,koinoteta_monobryses,ko,48.96,68.32,80.52
europe_lau,Κοινότητα Νεοχωρίου Σερρών,koinoteta_neochoriou_serron,ko,41.22,63.95,90.54
europe_lau,Κοινότητα Παραλιμνίου,koinoteta_paralimniou,ko,49.64,68.27,93.53
europe_lau,Κοινότητα Πεθελινού,koinoteta_pethelinou,ko,33.74,50.1,98.05
europe_lau,Κοινότητα Σωτήρος,koinoteta_soteros,ko,35.03,60.12,11.76
europe_lau,Κοινότητα Καβάλας,koinoteta_kabalas,ko,24.7,44.82,37.05
europe_lau,Κοινότητα Νέας Καρβάλης,koinoteta_neas_karbales,ko,41.08,70.22,98.89
europe_lau,Κοινότητα Χαλκερού,koinoteta_chalkerou,ko,29.64,55.64,86.1
europe_lau,Κοινότητα Κρηνίδων,koinoteta_krenidon,ko,25.8,75.77,93.17
europe_lau,Κοινότητα Αμυγδαλεώνος,koinoteta_amygdaleonos,ko,48.09,63.34,64.54
europe_lau,Κοινότητα Ζυγού,koinoteta_zygou,ko,39.85,67.73,72.68
europe_lau,Κοινότητα Κορυφών,koinoteta_koryphon,ko,37.5,72.67,93.05
europe_lau,Κοινότητα Κρυονερίου,koinoteta_kryoneriou,ko,20.16,53.98,74.68
europe_lau,Κοινότητα Λιμνιών,koinoteta_limnion,ko,25.67,53.8,38.03
europe_lau,Κοινότητα Λυδίας,koinoteta_lydias,ko,26.82,52.1,68.8
europe_lau,Κοινότητα Παλαιάς Καβάλας,koinoteta_palaias_kabalas,ko,30.06,60.69,83.03
europe_lau,Κοινότητα Πολυνέρου,koinoteta_polynerou,ko,51.5,63.31,72.01
europe_lau,Κοινότητα Πολυστύλου,koinoteta_polystylou,ko,44.89,70.32,93.44
europe_lau,Κοινότητα Φιλίππων,koinoteta_philippon,ko,25.54,62.7,87.62
europe_lau,Κοινότητα Χρυσούπολης,koinoteta_chrysoupoles,ko,48.24,54.15,58.3
europe_lau,Κοινότητα Αβραμυλιάς,koinoteta_abramylias,ko,25.12,66.79,68.89
europe_lau,Κοινότητα Γέροντα,koinoteta_geronta,ko,64.19,70.91,51.67
europe_lau,Κοινότητα Γραβούνης,koinoteta_grabounes,ko,44.06,70.95,98.57
europe_lau,Κοινότητα Διαλεκτού,koinoteta_dialektou,ko,37.76,61.13,46.11
europe_lau,Κοινότητα Ερατεινού,koinoteta_erateinou,ko,30.34,51.77,25.23
europe_lau,Κοινότητα Ζαρκαδιάς,koinoteta_zarkadias,ko,31.88,52.85,29.07
europe_lau,Κοινότητα Ξεριά,koinoteta_xeria,ko,33.34,62.63,78.4
europe_lau,Κοινότητα Παραδείσου,koinoteta_paradeisou,ko,59.76,77.89,34.98
europe_lau,Κοινότητα Πέρνης,koinoteta_pernes,ko,22.03,32.08,84.65
europe_lau,Κοινότητα Πετροπηγής,koinoteta_petropeges,ko,33.45,50.03,86.33
europe_lau,Κοινότητα Ποντολιβάδου,koinoteta_pontolibadou,ko,43.39,65.11,94.51
europe_lau,Κοινότητα Χρυσοχωρίου,koinoteta_chrysochoriou,ko,63.95,65.13,64.58
europe_lau,Κοινότητα Κεραμωτής,koinoteta_keramotes,ko,36.56,60.22,-41.35
europe_lau,Κοινότητα Αγιάσματος,koinoteta_agiasmatos,ko,45.95,58.64,77.74
europe_lau,Κοινότητα Νέας Καρυάς,koinoteta_neas_karyas,ko,37.1,61.17,-38.2
europe_lau,Κοινότητα Πηγών,koinoteta_pegon,ko,29.34,59.41,95.32
europe_lau,Κοινότητα Αγίου Κοσμά,koinoteta_agiou_kosma,ko,54.71,64.19,38.01
europe_lau,Κοινότητα Διποτάμου,koinoteta_dipotamou,ko,54.36,62.67,70.13
europe_lau,Κοινότητα Δυσβάτου,koinoteta_dysbatou,ko,41.95,57.21,4.96
europe_lau,Κοινότητα Ελαφοχωρίου,koinoteta_elaphochoriou,ko,55.41,63.6,45.83
europe_lau,Κοινότητα Κεχροκάμπου,koinoteta_kechrokampou,ko,70.49,76.13,65.66
europe_lau,Κοινότητα Μακρυχωρίου,koinoteta_makrychoriou,ko,33.46,50.07,1.06
europe_lau,Κοινότητα Πλαταμώνος,koinoteta_platamonos,ko,41.26,49.46,72.87
europe_lau,Κοινότητα Ελευθερούπολης,koinoteta_eleutheroupoles,ko,43.5,63.89,93.36
europe_lau,Κοινότητα Αμισιανών,koinoteta_amisianon,ko,41.92,51.22,49.05
europe_lau,Κοινότητα Αντιφιλίππων,koinoteta_antiphilippon,ko,40.3,68.08,94.92
europe_lau,Κοινότητα Κηπίων,koinoteta_kepion,ko,23.6,39.91,91.02
europe_lau,Κοινότητα Κοκκινοχώματος,koinoteta_kokkinochomatos,ko,38.46,57.72,95.68
europe_lau,Κοινότητα Χρυσοκάστρου,koinoteta_chrysokastrou,ko,25.99,57.04,91.88
europe_lau,Κοινότητα Νέας Περάμου,koinoteta_neas_peramou,ko,30.57,36.87,56.56
europe_lau,Κοινότητα Αγίου Ανδρέου,koinoteta_agiou_andreou,ko,57.9,61.33,65.63
europe_lau,Κοινότητα Ελαιοχωρίου,koinoteta_elaiochoriou,ko,33.05,42.49,84.55
europe_lau,Κοινότητα Ελευθερών,koinoteta_eleutheron,ko,50.93,69.19,57.08
europe_lau,Κοινότητα Μυρτοφύτου,koinoteta_myrtophytou,ko,32.56,59.62,92.98
europe_lau,Κοινότητα Νέας Ηρακλίτσης,koinoteta_neas_eraklitses,ko,26.72,52.36,90.58
europe_lau,Κοινότητα Φωλεάς,koinoteta_pholeas,ko,43.77,66.46,97.51
europe_lau,Κοινότητα Γαληψού,koinoteta_galepsou,ko,27.37,47.79,85.06
europe_lau,Κοινότητα Βλησιδιάς,koinoteta_blesidias,ko,49.86,61.65,60.46
europe_lau,Κοινότητα Κουνουπιάς,koinoteta_kounoupias,ko,47.99,54.45,64.49
europe_lau,Κοινότητα Μαρίου,koinoteta_mariou,ko,57.81,72.73,40.39
europe_lau,Κοινότητα Παλαιοχωρίου,koinoteta_palaiochoriou,ko,49.67,72.41,58.96
europe_lau,Κοινότητα Πελετών,koinoteta_peleton,ko,41.71,58.84,51.56
europe_lau,Κοινότητα Πηγαδίου,koinoteta_pegadiou,ko,45.07,59.45,89.54
europe_lau,Κοινότητα Πλατανακίου,koinoteta_platanakiou,ko,50.63,62.22,62.06
europe_lau,Κοινότητα Πουλίθρων,koinoteta_poulithron,ko,45.24,53.32,27.3
europe_lau,Κοινότητα Πραγματευτή,koinoteta_pragmateute,ko,47.81,61.11,48.95
europe_lau,Κοινότητα Τσιταλίων,koinoteta_tsitalion,ko,48.21,61.5,16.91
europe_lau,Κοινότητα Κοσμά,koinoteta_kosma,ko,58.29,75.89,64.1
europe_lau,Κοινότητα Άνω Γαρούνας,koinoteta_ano_garounas,ko,38.38,58.07,66.87
europe_lau,Κοινότητα Βαρυπατάδων,koinoteta_barypatadon,ko,54.64,75.36,84.75
europe_lau,Κοινότητα Βιρού,koinoteta_birou,ko,44.57,61.01,44.26
europe_lau,Κοινότητα Καλαφατιώνων,koinoteta_kalaphationon,ko,54.3,70.89,73.89
europe_lau,Κοινότητα Καμάρας,koinoteta_kamaras,ko,53.78,65.86,78.49
europe_lau,Κοινότητα Καστελλάνων Μέσης,koinoteta_kastellanon_meses,ko,27.32,49.96,95.41
europe_lau,Κοινότητα Κάτω Γαρούνας,koinoteta_kato_garounas,ko,41.46,65.94,65.37
europe_lau,Κοινότητα Κουραμάδων,koinoteta_kouramadon,ko,43.3,71.38,26.26
europe_lau,Κοινότητα Κυνοπιαστών,koinoteta_kynopiaston,ko,31.65,62.88,76.39
europe_lau,Κοινότητα Μπενιτσών,koinoteta_mpenitson,ko,16.12,48.9,91.13
europe_lau,Κοινότητα Σταυρού,koinoteta_staurou,ko,57.54,80.15,74.76
europe_lau,Κοινότητα Ερεικούσσης,koinoteta_ereikousses,ko,57.9,69.89,70.69
europe_lau,Κοινότητα Μαθρακίου,koinoteta_mathrakiou,ko,29.52,72.6,80.98
europe_lau,Κοινότητα Οθωνών,koinoteta_othonon,ko,47.42,59.74,15.78
europe_lau,Κοινότητα Λακώνων,koinoteta_lakonon,ko,63.76,66.21,51.41
europe_lau,Κοινότητα Αλειμματάδων,koinoteta_aleimmatadon,ko,38.18,64.94,39.68
europe_lau,Κοινότητα Γαρδελάδων,koinoteta_gardeladon,ko,25.78,51.46,27.95
europe_lau,Κοινότητα Δουκάδων,koinoteta_doukadon,ko,49.21,62.94,31.64
europe_lau,Κοινότητα Κρήνης,koinoteta_krenes,ko,33.21,54.11,88.16
europe_lau,Κοινότητα Λιαπάδων,koinoteta_liapadon,ko,53.35,66.02,72.86
europe_lau,Κοινότητα Μακράδων,koinoteta_makradon,ko,37.86,55.96,80.87
europe_lau,Κοινότητα Σκριπερού,koinoteta_skriperou,ko,29.06,67.94,82.14
europe_lau,Κοινότητα Κοκκινίου,koinoteta_kokkiniou,ko,45.05,66.52,28.66
europe_lau,Κοινότητα Αγίου Ιωάννου,koinoteta_agiou_ioannou,ko,24.25,64.21,13.75
europe_lau,Κοινότητα Άφρας,koinoteta_aphras,ko,25.93,76.29,23.9
europe_lau,Κοινότητα Βάτου,koinoteta_batou,ko,65.66,73.87,58.87
europe_lau,Κοινότητα Γιαννάδων,koinoteta_giannadon,ko,37.15,61.51,-35.91
europe_lau,Κοινότητα Κανακάδων,koinoteta_kanakadon,ko,30.74,68.81,-117.77
europe_lau,Κοινότητα Κομπιτσίου,koinoteta_kompitsiou,ko,52.16,66.24,39.24
europe_lau,Κοινότητα Μαρμάρου,koinoteta_marmarou,ko,38.94,77.36,-78.94
europe_lau,Κοινότητα Πέλεκα,koinoteta_peleka,ko,52.58,75.39,41.2
europe_lau,Κοινότητα Σιναράδων,koinoteta_sinaradon,ko,31.67,67.11,89.67
europe_lau,Κοινότητα Κάτω Κορακιάνας,koinoteta_kato_korakianas,ko,44.61,64.33,82.28
europe_lau,Κοινότητα Αγίου Μάρκου,koinoteta_agiou_markou,ko,42.19,76.49,-0.45
europe_lau,Κοινότητα Άνω Κορακιάνας,koinoteta_ano_korakianas,ko,38.04,78.03,93.95
europe_lau,Κοινότητα Ζυγού,koinoteta_zygou,ko,57.3,66.77,37.21
europe_lau,Κοινότητα Σγουράδων,koinoteta_sgouradon,ko,35.91,61.71,83.35
europe_lau,Κοινότητα Σπαρτύλα,koinoteta_spartyla,ko,47.08,68.33,17
europe_lau,Κοινότητα Σωκρακίου,koinoteta_sokrakiou,ko,22.55,67.36,-192.16
europe_lau,Κοινότητα Γαΐου,koinoteta_gaiou,ko,32.08,51.04,-9.4
europe_lau,Κοινότητα Λάκκας,koinoteta_lakkas,ko,51.85,67.61,90.43
europe_lau,Κοινότητα Λογγού,koinoteta_longou,ko,43.36,66.85,56.63
europe_lau,Κοινότητα Μαγαζιών,koinoteta_magazion,ko,46.68,72.15,-23.19
europe_lau,Κοινότητα Αγίου Παντελεήμονα,koinoteta_agiou_panteleemona,ko,31.85,55.44,93.33
europe_lau,Κοινότητα Επισκέψεως,koinoteta_episkepseos,ko,37.99,70.26,89.87
europe_lau,Κοινότητα Κληματιάς,koinoteta_klematias,ko,47.72,66.89,12.56
europe_lau,Κοινότητα Λαυκίου,koinoteta_laukiou,ko,39.19,56.04,97.32
europe_lau,Κοινότητα Λουτσών,koinoteta_loutson,ko,69.37,79.79,64.38
europe_lau,Κοινότητα Νυμφών,koinoteta_nymphon,ko,39.92,58.63,78
europe_lau,Κοινότητα Ξανθάτων,koinoteta_xanthaton,ko,42.98,61.79,89.78
europe_lau,Κοινότητα Περιθείας,koinoteta_peritheias,ko,32.58,60.38,94.1
europe_lau,Κοινότητα Πεταλείας,koinoteta_petaleias,ko,70.66,71.82,52.35
europe_lau,Κοινότητα Σφακερών,koinoteta_sphakeron,ko,28.24,53.03,95.24
europe_lau,Κοινότητα Αγρού,koinoteta_agrou,ko,42.15,64.06,-10.92
europe_lau,Κοινότητα Αγίου Αθανασίου,koinoteta_agiou_athanasiou,ko,43.9,63.25,24.05
europe_lau,Κοινότητα Αρκαδάδων,koinoteta_arkadadon,ko,63.57,79.52,41.71
europe_lau,Κοινότητα Αρμενάδων,koinoteta_armenadon,ko,21.3,41.92,92.96
europe_lau,Κοινότητα Αφιώνος,koinoteta_aphionos,ko,26.4,46.21,95.11
europe_lau,Κοινότητα Δάφνης,koinoteta_daphnes,ko,44.59,62.83,44.73
europe_lau,Κοινότητα Δροσάτου,koinoteta_drosatou,ko,33.88,68.35,98.44
europe_lau,Κοινότητα Καββαδάδων,koinoteta_kabbadadon,ko,34.58,41.79,62.1
europe_lau,Κοινότητα Καστελλάνων Γύρου,koinoteta_kastellanon_gyrou,ko,41.54,59.3,49.05
europe_lau,Κοινότητα Σερβιανών,koinoteta_serbianon,ko,44.96,58.36,39.41
europe_lau,Κοινότητα Σκλίβανης,koinoteta_sklibanes,ko,53.35,63.48,80.98
europe_lau,Κοινότητα Τερόβου,koinoteta_terobou,ko,43.67,68.55,83.4
europe_lau,Κοινότητα Καταρράκτου,koinoteta_katarraktou,ko,37.33,53.28,-7.93
europe_lau,Κοινότητα Κουκκουλίων,koinoteta_koukkoulion,ko,48.03,65.62,68.01
europe_lau,Κοινότητα Κτιστάδων,koinoteta_ktistadon,ko,33.69,55.53,83.27
europe_lau,Κοινότητα Λεπιανών,koinoteta_lepianon,ko,24.75,66.14,-38.53
europe_lau,Κοινότητα Μικροσπηλιάς,koinoteta_mikrospelias,ko,33.41,63.12,-41.17
europe_lau,Κοινότητα Ράμιας,koinoteta_ramias,ko,26.86,51.84,10.22
europe_lau,Κοινότητα Θεοδωριάνων,koinoteta_theodorianon,ko,36.21,55.13,35.34
europe_lau,Κοινότητα Μελισσουργών,koinoteta_melissourgon,ko,53.13,59.69,61.5
europe_lau,Κοινότητα Πέτα,koinoteta_peta,ko,47.7,60.51,66.65
europe_lau,Κοινότητα Μαρκινιάδας,koinoteta_markiniadas,ko,57.61,63.49,47.09
europe_lau,Κοινότητα Μεγάρχης,koinoteta_megarches,ko,47.51,64.33,59.88
europe_lau,Κοινότητα Νεοχωρίου,koinoteta_neochoriou,ko,34.65,47,48.79
europe_lau,Κοινότητα Αγίας Παρασκευής,koinoteta_agias_paraskeues,ko,33.31,61.04,81.44
europe_lau,Κοινότητα Ακροποταμιάς,koinoteta_akropotamias,ko,43.38,60.74,91.03
europe_lau,Κοινότητα Λουτροτόπου,koinoteta_loutrotopou,ko,54.88,75.29,70.43
europe_lau,Κοινότητα Παχυκαλάμου,koinoteta_pachykalamou,ko,42.16,56.64,36.45
europe_lau,Κοινότητα Περάνθης,koinoteta_peranthes,ko,57.61,66.02,48.12
europe_lau,Κοινότητα Συκεών,koinoteta_sykeon,ko,26.88,56.63,85.23
europe_lau,Κοινότητα Κομμένου,koinoteta_kommenou,ko,32.16,46.61,34.67
europe_lau,Κοινότητα Κομποτίου,koinoteta_kompotiou,ko,30.83,42.72,95.56
europe_lau,Κοινότητα Σελλάδων,koinoteta_selladon,ko,27.51,69.71,37.54
europe_lau,Κοινότητα Φωτεινού,koinoteta_photeinou,ko,49.76,67.76,77.28
europe_lau,Κοινότητα Ηγουμενίτσης,koinoteta_egoumenitses,ko,15.49,50.05,-110.98
europe_lau,Κοινότητα Αγίας Μαρίνης,koinoteta_agias_marines,ko,31.35,47.52,-17.53
europe_lau,Κοινότητα Αγίου Βλασίου,koinoteta_agiou_blasiou,ko,22.67,37.82,-38.34
europe_lau,Κοινότητα Γραικοχωρίου,koinoteta_graikochoriou,ko,60.24,63.52,41.98
europe_lau,Κοινότητα Καστρίου,koinoteta_kastriou,ko,27.69,61.49,-92.91
europe_lau,Κοινότητα Κρυόβρυσης,koinoteta_kryobryses,ko,47.07,60.91,10.71
europe_lau,Κοινότητα Λαδοχωρίου,koinoteta_ladochoriou,ko,24.61,49.99,-86.5
europe_lau,Κοινότητα Μαυρουδίου,koinoteta_mauroudiou,ko,48.32,66.66,68.88
europe_lau,Κοινότητα Νέας Σελευκείας,koinoteta_neas_seleukeias,ko,45.2,70.33,-19.66
europe_lau,Κοινότητα Μαργαριτίου,koinoteta_margaritiou,ko,37.21,64.28,86.01
europe_lau,Κοινότητα Ελευθερίου,koinoteta_eleutheriou,ko,33.51,66.65,15.54
europe_lau,Κοινότητα Καρτερίου,koinoteta_karteriou,ko,54.42,67.34,36.62
europe_lau,Κοινότητα Καταβόθρας,koinoteta_katabothras,ko,45.42,58.52,34.28
europe_lau,Κοινότητα Μαζαρακιάς,koinoteta_mazarakias,ko,53.57,83.32,47.61
europe_lau,Κοινότητα Μεσοβουνίου,koinoteta_mesobouniou,ko,47.58,70.77,73.56
europe_lau,Κοινότητα Σπαθαραίων,koinoteta_spatharaion,ko,61.37,66.15,53.72
europe_lau,Κοινότητα Παραποτάμου,koinoteta_parapotamou,ko,50.81,68.94,47.62
europe_lau,Κοινότητα Γεροπλάτανος,koinoteta_geroplatanos,ko,52.12,61.48,29.56
europe_lau,Κοινότητα Δράμεσης,koinoteta_drameses,ko,60.21,74.26,71.68
europe_lau,Κοινότητα Δρίμιτσας,koinoteta_drimitsas,ko,66.04,85.87,40.41
europe_lau,Κοινότητα Κορίτιανης,koinoteta_koritianes,ko,63.78,74.96,66.13
europe_lau,Κοινότητα Πέρδικας,koinoteta_perdikas,ko,53.27,63.15,74.26
europe_lau,Κοινότητα Πλαταριάς,koinoteta_platarias,ko,32.77,49.14,63.02
europe_lau,Κοινότητα Αργυροτόπου,koinoteta_argyrotopou,ko,36.98,68.26,61.84
europe_lau,Κοινότητα Συβότων,koinoteta_syboton,ko,30.75,53.45,6.6
europe_lau,Κοινότητα Φασκομηλιάς,koinoteta_phaskomelias,ko,51.01,73.08,19.17
europe_lau,Κοινότητα Παραμυθίας,koinoteta_paramythias,ko,44.75,57.38,53.27
europe_lau,Κοινότητα Αγίας Κυριακής,koinoteta_agias_kyriakes,ko,65.71,77.06,80.81
europe_lau,Κοινότητα Αμπελιάς,koinoteta_ampelias,ko,32.05,40.59,54.33
europe_lau,Κοινότητα Γκρίκας,koinoteta_nkrikas,ko,57.81,65.86,38.82
europe_lau,Κοινότητα Ελαταριάς,koinoteta_elatarias,ko,53.51,67.25,80.73
europe_lau,Κοινότητα Ζερβοχωρίου,koinoteta_zerbochoriou,ko,33.68,57.45,70.92
europe_lau,Κοινότητα Καλλιθέας Σουλίου,koinoteta_kallitheas_souliou,ko,54.7,71.48,79.78
europe_lau,Κοινότητα Καρβουναρίου,koinoteta_karbounariou,ko,62.27,73.66,68.57
europe_lau,Κοινότητα Καριωτίου,koinoteta_kariotiou,ko,33.99,64.62,-26.67
europe_lau,Κοινότητα Κρυσταλλοπηγής,koinoteta_krystallopeges,ko,42.76,58.77,77.71
europe_lau,Κοινότητα Νεοχωρίου,koinoteta_neochoriou,ko,49.19,67.94,82.3
europe_lau,Κοινότητα Ψυχικού,koinoteta_psychikou,ko,29.33,55.65,88.58
europe_lau,Κοινότητα Ηρακλείας,koinoteta_erakleias,ko,33.35,52.4,39.75
europe_lau,Κοινότητα Βαλτερού,koinoteta_balterou,ko,43.45,62.52,85.12
europe_lau,Κοινότητα Δασοχωρίου,koinoteta_dasochoriou,ko,63.47,68.01,59.17
europe_lau,Κοινότητα Καρπερής,koinoteta_karperes,ko,35.24,55.85,96.46
europe_lau,Κοινότητα Κοιμήσεως,koinoteta_koimeseos,ko,46.36,70.03,99.22
europe_lau,Κοινότητα Λιθοτόπου,koinoteta_lithotopou,ko,50.86,63.57,38.39
europe_lau,Κοινότητα Λιμνοχωρίου,koinoteta_limnochoriou,ko,59.67,67.52,43.33
europe_lau,Κοινότητα Ποντισμένου,koinoteta_pontismenou,ko,43.05,53.53,59.02
europe_lau,Κοινότητα Χρυσοχωράφων,koinoteta_chrysochoraphon,ko,63.62,79.24,71.29
europe_lau,Κοινότητα Σκοτούσσης,koinoteta_skotousses,ko,48.9,53.14,51.11
europe_lau,Κοινότητα Αμμουδιάς,koinoteta_ammoudias,ko,54.42,76.23,74.55
europe_lau,Κοινότητα Γεφυρουδίου,koinoteta_gephyroudiou,ko,48.39,79.29,69.83
europe_lau,Κοινότητα Μελενικιτσίου,koinoteta_melenikitsiou,ko,21.61,49.61,81.53
europe_lau,Κοινότητα Νέας Τυρολόης,koinoteta_neas_tyroloes,ko,75.65,76.61,48.06
europe_lau,Κοινότητα Παλαιοκάστρου,koinoteta_palaiokastrou,ko,24.29,54.84,60.47
europe_lau,Κοινότητα Στρυμονικού,koinoteta_strymonikou,ko,45.53,66.74,19.3
europe_lau,Κοινότητα Ζευγολατιού,koinoteta_zeugolatiou,ko,32.67,55.86,26.46
europe_lau,Κοινότητα Καλοκάστρου,koinoteta_kalokastrou,ko,37.69,58.18,71.91
europe_lau,Κοινότητα Λιβαδοχωρίου,koinoteta_libadochoriou,ko,36.31,62.42,-51.2
europe_lau,Κοινότητα Τριάδος,koinoteta_triados,ko,35.87,64.69,18.45
europe_lau,Κοινότητα Χειμάρρου,koinoteta_cheimarrou,ko,43.72,69.14,12.04
europe_lau,Κοινότητα Νέας Ζίχνης,koinoteta_neas_zichnes,ko,26.27,54.56,88.38
europe_lau,Κοινότητα Αγίου Χριστοφόρου,koinoteta_agiou_christophorou,ko,14.42,39.02,82.66
europe_lau,Κοινότητα Αγριανής,koinoteta_agrianes,ko,52.13,63.93,88.02
europe_lau,Κοινότητα Αναστασίας,koinoteta_anastasias,ko,33.06,73.26,87.13
europe_lau,Κοινότητα Γαζώρου,koinoteta_gazorou,ko,37.22,52.32,59.48
europe_lau,Κοινότητα Δήμητρας,koinoteta_demetras,ko,34.29,52.02,43.46
europe_lau,Κοινότητα Δραβήσκου,koinoteta_drabeskou,ko,24.44,49.94,-61.37
europe_lau,Κοινότητα Θολού,koinoteta_tholou,ko,32.76,45.15,83.72
europe_lau,Κοινότητα Μαυρολόφου,koinoteta_maurolophou,ko,21.66,53.78,-71.68
europe_lau,Κοινότητα Μεσορράχης,koinoteta_mesorraches,ko,25.63,40.4,79.87
europe_lau,Κοινότητα Μυρκίνου,koinoteta_myrkinou,ko,49.64,75.17,68.16
europe_lau,Κοινότητα Μυρρίνης,koinoteta_myrrines,ko,38.67,57.2,-17.07
europe_lau,Κοινότητα Νέας Πέτρας,koinoteta_neas_petras,ko,38.75,56.15,98.53
europe_lau,Κοινότητα Σφελινού,koinoteta_sphelinou,ko,25.48,59.19,82.29
europe_lau,Κοινότητα Αλιστράτης,koinoteta_alistrates,ko,60.72,76.99,55.08
europe_lau,Κοινότητα Αγιοχωρίου,koinoteta_agiochoriou,ko,26.07,55.68,-16.11
europe_lau,Κοινότητα Λευκοθέας,koinoteta_leukotheas,ko,57.51,71.76,76.35
europe_lau,Κοινότητα Μανδηλίου,koinoteta_mandeliou,ko,25.7,55.37,92.53
europe_lau,Κοινότητα Σκοπιάς,koinoteta_skopias,ko,35.05,56.89,85.54
europe_lau,Κοινότητα Σταθμού Αγγίστης,koinoteta_stathmou_angistes,ko,32.21,67.05,43.78
europe_lau,Κοινότητα Σιδηροκάστρου,koinoteta_siderokastrou,ko,39.14,55.17,19.82
europe_lau,Κοινότητα Βαμβακοφύτου,koinoteta_bambakophytou,ko,63.47,72.67,65.77
europe_lau,Κοινότητα Καμαρωτού,koinoteta_kamarotou,ko,51.97,65.18,67.07
europe_lau,Κοινότητα Στρυμονοχωρίου,koinoteta_strymonochoriou,ko,53.1,72.92,42.14
europe_lau,Κοινότητα Χαροπού,koinoteta_charopou,ko,35.3,62.81,92.84
europe_lau,Κοινότητα Χορτερού,koinoteta_chorterou,ko,49.4,83.26,50.04
europe_lau,Κοινότητα Αγκίστρου,koinoteta_ankistrou,ko,49.18,66.91,-6.79
europe_lau,Κοινότητα Αχλαδοχωρίου,koinoteta_achladochoriou,ko,42.89,53.74,3.89
europe_lau,Κοινότητα Καπνοφύτου,koinoteta_kapnophytou,ko,43.39,61.29,14.97
europe_lau,Κοινότητα Ροδοπόλεως,koinoteta_rodopoleos,ko,21.85,48.87,84.08
europe_lau,Κοινότητα Ανατολής,koinoteta_anatoles,ko,70.96,71.24,43.86
europe_lau,Κοινότητα Άνω Ποροΐων,koinoteta_ano_poroion,ko,54.03,75.53,86.86
europe_lau,Κοινότητα Καστανούσσης,koinoteta_kastanousses,ko,38.74,70.52,93.51
europe_lau,Κοινότητα Δωδώνης,koinoteta_dodones,ko,27.03,59.86,55.43
europe_lau,Κοινότητα Αγίας Αναστασίας,koinoteta_agias_anastasias,ko,61.6,71.85,45.21
europe_lau,Κοινότητα Δραγοψάς,koinoteta_dragopsas,ko,63.9,77.81,69.6
europe_lau,Κοινότητα Δραμεσιών,koinoteta_dramesion,ko,39.72,62.15,68.93
europe_lau,Κοινότητα Κωστάνιανης,koinoteta_kostanianes,ko,42.79,65.32,-0.58
europe_lau,Κοινότητα Μαντείου,koinoteta_manteiou,ko,31.81,62.29,55.98
europe_lau,Κοινότητα Μελιγγών,koinoteta_melingon,ko,35.57,40.24,73.55
europe_lau,Κοινότητα Πολυγύρου,koinoteta_polygyrou,ko,41.03,62.92,44.35
europe_lau,Κοινότητα Ψήνας,koinoteta_psenas,ko,46.66,66.7,84.48
europe_lau,Κοινότητα Δερβιζιάνων,koinoteta_derbizianon,ko,68.08,77.76,40.85
europe_lau,Κοινότητα Αλεποχωρίου Μπότσαρη,koinoteta_alepochoriou_mpotsare,ko,32.17,59.97,-74.26
europe_lau,Κοινότητα Αρδόσεως,koinoteta_ardoseos,ko,55.85,65.75,60.11
europe_lau,Κοινότητα Αχλαδεών,koinoteta_achladeon,ko,36.71,67.67,95.46
europe_lau,Κοινότητα Βαργιάδων,koinoteta_bargiadon,ko,53.96,66.93,43.33
europe_lau,Κοινότητα Γεωργάνων,koinoteta_georganon,ko,49.05,58.2,42.38
europe_lau,Κοινότητα Ελάφου,koinoteta_elaphou,ko,41.64,61.59,84.25
europe_lau,Κοινότητα Μπεστιάς,koinoteta_mpestias,ko,39.91,65.35,2.95
europe_lau,Κοινότητα Παλαιοχωρίου Μπότσαρη,koinoteta_palaiochoriou_mpotsare,ko,58,68.53,27.63
europe_lau,Κοινότητα Πεντολάκκου,koinoteta_pentolakkou,ko,49.61,75.94,33.86
europe_lau,Κοινότητα Ρωμανού,koinoteta_romanou,ko,32.03,72.53,-114.22
europe_lau,Κοινότητα Σεριζιανών,koinoteta_serizianon,ko,36.4,75.4,85.96
europe_lau,Κοινότητα Σιστρουνίου,koinoteta_sistrouniou,ko,48.91,73.3,15.44
europe_lau,Κοινότητα Σμυρτιάς,koinoteta_smyrtias,ko,23.65,81.47,82.86
europe_lau,Κοινότητα Μπαουσιών,koinoteta_mpaousion,ko,44.36,57.33,31.64
europe_lau,Κοινότητα Αγίου Ανδρέου,koinoteta_agiou_andreou,ko,44.8,58.2,84.53
europe_lau,Κοινότητα Αγίου Νικολάου,koinoteta_agiou_nikolaou,ko,58.15,70.51,76.66
europe_lau,Κοινότητα Ανθοχωρίου Δωδώνης,koinoteta_anthochoriou_dodones,ko,51.7,60.44,59.22
europe_lau,Κοινότητα Αρτοπούλας,koinoteta_artopoulas,ko,53.4,71.57,78.77
europe_lau,Κοινότητα Ασπροχωρίου,koinoteta_asprochoriou,ko,44.37,70.23,-9.72
europe_lau,Κοινότητα Βαλανιδιάς,koinoteta_balanidias,ko,65.77,73.78,55.42
europe_lau,Κοινότητα Ζωτικού,koinoteta_zotikou,ko,56.38,82.76,57.44
europe_lau,Κοινότητα Καταμάχης,koinoteta_katamaches,ko,53.7,65.43,48.08
europe_lau,Κοινότητα Κερασέας,koinoteta_keraseas,ko,56.08,64.19,44.19
europe_lau,Κοινότητα Κουμαριάς,koinoteta_koumarias,ko,49.53,78.15,74.33
europe_lau,Κοινότητα Λίππας,koinoteta_lippas,ko,44.26,53.25,53.17
europe_lau,Κοινότητα Παρδαλίτσης,koinoteta_pardalitses,ko,63.02,77.31,43.64
europe_lau,Κοινότητα Τσεριτσάνων,koinoteta_tseritsanon,ko,33.48,64.29,-57.97
europe_lau,Κοινότητα Σενίκου,koinoteta_senikou,ko,43.23,51.86,43.46
europe_lau,Κοινότητα Ασπραγγέλων,koinoteta_asprangelon,ko,41.63,56.42,63.67
europe_lau,Κοινότητα Αγίου Μηνά,koinoteta_agiou_mena,ko,49.45,62.72,17.01
europe_lau,Κοινότητα Άνω Πεδινών,koinoteta_ano_pedinon,ko,35.87,59.64,18.83
europe_lau,Κοινότητα Αρίστης,koinoteta_aristes,ko,26.91,59.38,-41.64
europe_lau,Κοινότητα Βίτσης,koinoteta_bitses,ko,56.56,72.39,53.2
europe_lau,Κοινότητα Δικορύφου,koinoteta_dikoryphou,ko,41.68,53.05,49.63
europe_lau,Κοινότητα Διλόφου,koinoteta_dilophou,ko,61.37,75.6,70.74
europe_lau,Κοινότητα Διποτάμου,koinoteta_dipotamou,ko,56.09,68.98,70.05
europe_lau,Κοινότητα Ελάτης,koinoteta_elates,ko,45.5,53.79,69.76
europe_lau,Κοινότητα Ελαφότοπου,koinoteta_elaphotopou,ko,42.97,64.13,-18.36
europe_lau,Κοινότητα Καλουτά,koinoteta_kalouta,ko,24.85,45.6,89.42
europe_lau,Κοινότητα Κάτω Πεδινών,koinoteta_kato_pedinon,ko,45.9,69.06,33.75
europe_lau,Κοινότητα Μανασσή,koinoteta_manasse,ko,33.21,64.08,92.92
europe_lau,Κοινότητα Μεσοβουνίου,koinoteta_mesobouniou,ko,57.48,70.99,57.92
europe_lau,Κοινότητα Μονοδενδρίου,koinoteta_monodendriou,ko,59.5,68.43,81.86
europe_lau,Κοινότητα Δεματίου,koinoteta_dematiou,ko,50.73,59.41,30.25
europe_lau,Κοινότητα Αγία Παρασκευή,koinoteta_agia_paraskeue,ko,40.09,76.02,21
europe_lau,Κοινότητα Ανθρακίτη,koinoteta_anthrakite,ko,48.6,63.44,90.85
europe_lau,Κοινότητα Γρεβενιτίου,koinoteta_grebenitiou,ko,40.89,62.77,31.56
europe_lau,Κοινότητα Δόλιανης,koinoteta_dolianes,ko,46.98,74.4,95.41
europe_lau,Κοινότητα Χορτάτων,koinoteta_chortaton,ko,53.76,71.2,74.45
europe_lau,Κοινότητα Νυδρίου,koinoteta_nydriou,ko,47.43,75.2,58.64
europe_lau,Κοινότητα Βαυκερής,koinoteta_baukeres,ko,51.01,79.98,50.42
europe_lau,Κοινότητα Βλυχού,koinoteta_blychou,ko,39.19,48.72,72.25
europe_lau,Κοινότητα Κατωχωρίου,koinoteta_katochoriou,ko,72.46,77.17,42.64
europe_lau,Κοινότητα Νεοχωρίου,koinoteta_neochoriou,ko,41.4,68.11,-30.76
europe_lau,Κοινότητα Πλατυστόμων,koinoteta_platystomon,ko,21.69,65.73,-1.76
europe_lau,Κοινότητα Πόρου,koinoteta_porou,ko,49.55,61.28,81.51
europe_lau,Κοινότητα Φτερνού,koinoteta_phternou,ko,38.77,67.14,93.81
europe_lau,Κοινότητα Χαραδιατίκων,koinoteta_charadiatikon,ko,40.18,62.61,9.59
europe_lau,Κοινότητα Καλάμου,koinoteta_kalamou,ko,25.44,56.27,58.6
europe_lau,Κοινότητα Καρυάς,koinoteta_karyas,ko,33.21,45.84,22.71
europe_lau,Κοινότητα Εγκλουβής,koinoteta_enkloubes,ko,63.99,68.93,59.46
europe_lau,Κοινότητα Πηγαδησάνων,koinoteta_pegadesanon,ko,17.04,41.2,-133.74
europe_lau,Κοινότητα Καστού,koinoteta_kastou,ko,12.18,41.32,98.95
europe_lau,Κοινότητα Λαζαράτων,koinoteta_lazaraton,ko,35.96,57.11,-12.82
europe_lau,Κοινότητα Ξηρολόφου,koinoteta_xerolophou,ko,39.32,56.51,93.07
europe_lau,Κοινότητα Αγρινίου,koinoteta_agriniou,ko,29.87,46.15,92.28
europe_lau,Κοινότητα Αγίου Κωνσταντίνου,koinoteta_agiou_konstantinou,ko,50.61,70.57,87.8
europe_lau,Κοινότητα Αγίου Νικολάου Τριχωνίδος,koinoteta_agiou_nikolaou_trichonidos,ko,16.81,49.18,85.63
europe_lau,Κοινότητα Δοκιμίου,koinoteta_dokimiou,ko,34.27,69.02,97.53
europe_lau,Κοινότητα Καλυβίων,koinoteta_kalybion,ko,58.09,64.08,58.91
europe_lau,Κοινότητα Καμαρούλας,koinoteta_kamaroulas,ko,43.81,74.58,91.32
europe_lau,Κοινότητα Σκουτεσιάδας,koinoteta_skoutesiadas,ko,51.62,65.81,81.55
europe_lau,Κοινότητα Αγγελοκάστρου,koinoteta_angelokastrou,ko,51.25,65.61,64.26
europe_lau,Κοινότητα Κλεισορρευμάτων,koinoteta_kleisorreumaton,ko,51.8,78.08,48.29
europe_lau,Κοινότητα Λυσιμαχείας,koinoteta_lysimacheias,ko,62.92,76.76,70.01
europe_lau,Κοινότητα Παππαδατών,koinoteta_pappadaton,ko,31.24,63.44,99.39
europe_lau,Κοινότητα Άνω Κερασόβου,koinoteta_ano_kerasobou,ko,56.73,70.49,81.02
europe_lau,Κοινότητα Γραμματικούς,koinoteta_grammatikous,ko,29.36,80.53,74.58
europe_lau,Κοινότητα Ζευγαρακίου,koinoteta_zeugarakiou,ko,55.61,65.71,82.92
europe_lau,Κοινότητα Κάτω Κερασόβου,koinoteta_kato_kerasobou,ko,25.4,45.93,89.87
europe_lau,Κοινότητα Ματαράγκας,koinoteta_matarankas,ko,25.34,59.97,86.89
europe_lau,Κοινότητα Καινουργίου,koinoteta_kainourgiou,ko,30.2,61.78,85.79
europe_lau,Κοινότητα Νέας Αβόρανης,koinoteta_neas_aboranes,ko,34.07,65.04,92.62
europe_lau,Κοινότητα Παναιτωλίου,koinoteta_panaitoliou,ko,31.26,53.76,-36.75
europe_lau,Κοινότητα Προσηλίων,koinoteta_proselion,ko,34.25,47.33,66.56
europe_lau,Κοινότητα Γαβαλούς,koinoteta_gabalous,ko,30.19,55.62,89.3
europe_lau,Κοινότητα Αγίου Ανδρέου,koinoteta_agiou_andreou,ko,16.36,38.82,80.54
europe_lau,Κοινότητα Ακρών,koinoteta_akron,ko,43.47,55.74,34.08
europe_lau,Κοινότητα Δαφνιά,koinoteta_daphnia,ko,62.83,71.62,78.88
europe_lau,Κοινότητα Κάτω Μακρινούς,koinoteta_kato_makrinous,ko,14.75,33.93,28.62
europe_lau,Κοινότητα Καψοράχης,koinoteta_kapsoraches,ko,47.89,70,96.39
europe_lau,Κοινότητα Μακρινούς,koinoteta_makrinous,ko,51.05,60.42,75.59
europe_lau,Κοινότητα Μεσαρίστης,koinoteta_mesaristes,ko,36.58,65.51,94.89
europe_lau,Κοινότητα Ποταμούλας Μεσολογγίου,koinoteta_potamoulas_mesolongiou,ko,47.68,59.04,32.91
europe_lau,Κοινότητα Τριχωνίου,koinoteta_trichoniou,ko,41.58,78.82,88.55
europe_lau,Κοινότητα Ελαιοφύτου,koinoteta_elaiophytou,ko,21.9,36.11,77.43
europe_lau,Κοινότητα Μεγάλης Χώρας,koinoteta_megales_choras,ko,50.06,61.56,82.9
europe_lau,Κοινότητα Νεάπολης,koinoteta_neapoles,ko,26.47,64.72,73.15
europe_lau,Κοινότητα Σπολάιτης,koinoteta_spolaites,ko,39.43,61.43,95.17
europe_lau,Κοινότητα Σκουτεράς,koinoteta_skouteras,ko,42.81,63.56,94.19
europe_lau,Κοινότητα Αγίας Βαρβάρας,koinoteta_agias_barbaras,ko,29.34,63.97,-108.73
europe_lau,Κοινότητα Αγίας Παρασκευής,koinoteta_agias_paraskeues,ko,40.4,75.59,-59.76
europe_lau,Κοινότητα Καστανούλας,koinoteta_kastanoulas,ko,30.04,51.63,-56.27
europe_lau,Κοινότητα Κερασέας,koinoteta_keraseas,ko,25.76,57.6,-106.62
europe_lau,Κοινότητα Σιτομένων,koinoteta_sitomenon,ko,37.55,59.1,-30.89
europe_lau,Κοινότητα Παραβόλας,koinoteta_parabolas,ko,46.4,66.93,95.52
europe_lau,Κοινότητα Αφράτου,koinoteta_aphratou,ko,61.66,76,63.5
europe_lau,Κοινότητα Καλλιθέας,koinoteta_kallitheas,ko,38.41,54.91,61.03
europe_lau,Κοινότητα Κυρά Βγένας,koinoteta_kyra_bgenas,ko,44.42,72.1,82.78
europe_lau,Κοινότητα Λαμπιρίου,koinoteta_lampiriou,ko,57.68,65.37,66.83
europe_lau,Κοινότητα Νερομάννας,koinoteta_neromannas,ko,24.76,61.91,92.98
europe_lau,Κοινότητα Παλαιοκαρυάς,koinoteta_palaiokaryas,ko,51.47,70.07,77.48
europe_lau,Κοινότητα Παντανάσσης,koinoteta_pantanasses,ko,22.14,62.64,83.59
europe_lau,Κοινότητα Περιστερίου,koinoteta_peristeriou,ko,36.38,63.8,60.5
europe_lau,Κοινότητα Σπαρτιά,koinoteta_spartia,ko,40.28,58.19,65.07
europe_lau,Κοινότητα Αγίου Βλασίου,koinoteta_agiou_blasiou,ko,46.89,78.1,78.2
europe_lau,Κοινότητα Αγαλιανού,koinoteta_agalianou,ko,48.84,70.65,78.77
europe_lau,Κοινότητα Αμπελίων,koinoteta_ampelion,ko,49.06,59.41,79.25
europe_lau,Κοινότητα Κυπαρίσσου,koinoteta_kyparissou,ko,38.42,69.37,92.01
europe_lau,Κοινότητα Πεντακόρφου,koinoteta_pentakorphou,ko,45.84,64.55,66.21
europe_lau,Κοινότητα Ποταμούλας Τριχωνίδος,koinoteta_potamoulas_trichonidos,ko,48.17,70.4,94.94
europe_lau,Κοινότητα Σαργιάδας,koinoteta_sargiadas,ko,60.64,73.45,74.88
europe_lau,Κοινότητα Σιδήρων,koinoteta_sideron,ko,41.64,61.29,6.38
europe_lau,Κοινότητα Χούνης,koinoteta_chounes,ko,34.2,55.13,74.64
europe_lau,Κοινότητα Πετροπόρου,koinoteta_petroporou,ko,33.02,54.12,77.94
europe_lau,Κοινότητα Σερβωτών,koinoteta_serboton,ko,58.68,70.16,70.52
europe_lau,Κοινότητα Φανερωμένης,koinoteta_phaneromenes,ko,44.65,56.12,75.79
europe_lau,Κοινότητα Λαμιέων,koinoteta_lamieon,ko,49.1,62.95,75.67
europe_lau,Κοινότητα Αγίας Παρασκευής,koinoteta_agias_paraskeues,ko,48.13,66.56,78.76
europe_lau,Κοινότητα Ανθήλης,koinoteta_antheles,ko,45.66,62.7,-3.16
europe_lau,Κοινότητα Δίβρης,koinoteta_dibres,ko,48.5,60.5,20.07
europe_lau,Κοινότητα Θερμοπυλών,koinoteta_thermopylon,ko,50.22,73.96,61.33
europe_lau,Κοινότητα Καλαμακίου,koinoteta_kalamakiou,ko,36.59,52.81,82.53
europe_lau,Κοινότητα Κόμματος,koinoteta_kommatos,ko,56.26,70.48,34.34
europe_lau,Κοινότητα Κωσταλέξη,koinoteta_kostalexe,ko,19.82,57.21,80.36
europe_lau,Κοινότητα Λυγαριάς,koinoteta_lygarias,ko,52.3,73.42,32.41
europe_lau,Koblach,koblach,ko,62.37,75.73,71.07
europe_lau,Κοινότητα Ασπρογερακάτων,koinoteta_asprogerakaton,ko,33.65,56.33,66.21
europe_lau,Κοινότητα Δρυμώνος,koinoteta_drymonos,ko,61.65,73.28,78.58
europe_lau,Κοινότητα Εξανθείας,koinoteta_exantheias,ko,36.55,59.87,95.51
europe_lau,Κοινότητα Καβάλου,koinoteta_kabalou,ko,53.07,66.76,33.06
europe_lau,Κοινότητα Πινακοχωρίου,koinoteta_pinakochoriou,ko,23.8,78.56,-15.69
europe_lau,Κοινότητα Σπανοχωρίου,koinoteta_spanochoriou,ko,44.99,83.11,60.71
europe_lau,Κοινότητα Κατωμερίου,koinoteta_katomeriou,ko,45.87,55.63,56.77
europe_lau,Κοινότητα Βαθέως,koinoteta_batheos,ko,54.81,79.22,91.84
europe_lau,Κοινότητα Σπαρτοχωρίου,koinoteta_spartochoriou,ko,28.62,51.5,93.77
europe_lau,Κοινότητα Ελικίστρας,koinoteta_elikistras,ko,39.83,65.65,-11.96
europe_lau,Κοινότητα Μοίρας,koinoteta_moiras,ko,42.1,53.61,73.58
europe_lau,Κοινότητα Σουλίου,koinoteta_souliou,ko,38.69,60.15,8.5
europe_lau,Κοινότητα Βραχναιίκων,koinoteta_brachnaiikon,ko,66.27,67.02,65.07
europe_lau,Κοινότητα Θεριανού,koinoteta_therianou,ko,43.92,58.13,51.12
europe_lau,Κοινότητα Καμινίων,koinoteta_kaminion,ko,47.81,80.96,29.28
europe_lau,Κοινότητα Μονοδενδρίου,koinoteta_monodendriou,ko,18.42,48.8,80.81
europe_lau,Κοινότητα Τσουκαλαιίκων,koinoteta_tsoukalaiikon,ko,43.39,69,26
europe_lau,Κοινότητα Οβριάς,koinoteta_obrias,ko,38.23,65.5,93.13
europe_lau,Κοινότητα Θέας,koinoteta_theas,ko,36.21,64.34,91.04
europe_lau,Κοινότητα Καλλιθέας,koinoteta_kallitheas,ko,45.49,71.62,-18.88
europe_lau,Κοινότητα Κρήνης Πατρών,koinoteta_krenes_patron,ko,41.27,57.42,41.46
europe_lau,Κοινότητα Κρυσταλλόβρυσης,koinoteta_krystallobryses,ko,32.83,58.93,89.36
europe_lau,Κοινότητα Πετρωτού,koinoteta_petrotou,ko,14.15,48.72,61.45
europe_lau,Κοινότητα Σαραβαλίου,koinoteta_sarabaliou,ko,55.49,75.77,-0.75
europe_lau,Κοινότητα Παραλίας,koinoteta_paralias,ko,44.8,65.21,5.27
europe_lau,Κοινότητα Μιντιλογλίου,koinoteta_mintilogliou,ko,44.34,62.92,93.57
europe_lau,Κοινότητα Ρογιτίκων,koinoteta_rogitikon,ko,39.39,58.8,83.21
europe_lau,Κοινότητα Ρίου,koinoteta_riou,ko,56.51,71.43,65.09
europe_lau,Κοινότητα Αγίου Βασιλείου,koinoteta_agiou_basileiou,ko,25.58,65.74,-9.1
europe_lau,Κοινότητα Ακταίου,koinoteta_aktaiou,ko,54.15,74.9,37.5
europe_lau,Κοινότητα Άνω Καστριτσίου,koinoteta_ano_kastritsiou,ko,46.49,63.39,61.71
europe_lau,Κοινότητα Αραχοβιτίκων,koinoteta_arachobitikon,ko,30.37,50.19,88.84
europe_lau,Κοινότητα Αργυράς,koinoteta_argyras,ko,30.25,52.91,89.17
europe_lau,Κοινότητα Δρεπάνου,koinoteta_drepanou,ko,44.19,54.48,77.33
europe_lau,Κοινότητα Κάτω Καστριτσίου,koinoteta_kato_kastritsiou,ko,34.65,56.59,-12.33
europe_lau,Κοινότητα Πιτίτσης,koinoteta_pititses,ko,32.52,66.75,72.92
europe_lau,Κοινότητα Πλατανίου,koinoteta_plataniou,ko,46.2,60.82,70.09
europe_lau,Κοινότητα Σελλών,koinoteta_sellon,ko,27.59,46.97,97.36
europe_lau,Κοινότητα Ψαθοπύργου,koinoteta_psathopyrgou,ko,48.09,62.55,36.65
europe_lau,Κοινότητα Αιγίου,koinoteta_aigiou,ko,44.59,56.58,28.84
europe_lau,Κοινότητα Βαλιμιτίκων,koinoteta_balimitikon,ko,54.09,65.97,68.69
europe_lau,Κοινότητα Δαφνών,koinoteta_daphnon,ko,46.2,68.29,22.58
europe_lau,Κοινότητα Διγελιωτίκων,koinoteta_digeliotikon,ko,43.28,57.61,23.23
europe_lau,Κοινότητα Κουλούρας,koinoteta_koulouras,ko,50.28,68.22,72.96
europe_lau,Κοινότητα Τυρού,koinoteta_tyrou,ko,64.86,69.17,60.19
europe_lau,Κοινότητα Πέρα Μελάνων,koinoteta_pera_melanon,ko,29.08,54.38,-58.04
europe_lau,Κοινότητα Σαπουνακαίϊκων,koinoteta_sapounakaiikon,ko,45.07,64.82,10.26
europe_lau,Κοινότητα Ναυπλιέων,koinoteta_nauplieon,ko,28.41,55.44,93.53
europe_lau,Κοινότητα Αρίας,koinoteta_arias,ko,54.18,55.98,65.69
europe_lau,Κοινότητα Λευκακίων,koinoteta_leukakion,ko,37.78,62.72,-37.73
europe_lau,Κοινότητα Πυργιωτίκων,koinoteta_pyrgiotikon,ko,61.74,80.43,58.76
europe_lau,Κοινότητα Δρεπάνου,koinoteta_drepanou,ko,59.14,68.73,34.2
europe_lau,Κοινότητα Ασίνης,koinoteta_asines,ko,45.18,59.46,15.61
europe_lau,Κοινότητα Ιρίων,koinoteta_irion,ko,20.32,33,-9.57
europe_lau,Κοινότητα Καρνεζαίικων,koinoteta_karnezaiikon,ko,34.36,64.62,-70
europe_lau,Κοινότητα Τολού,koinoteta_tolou,ko,45.61,65.27,43.76
europe_lau,Κοινότητα Αγίας Τριάδας,koinoteta_agias_triadas,ko,41.32,52.68,10.43
europe_lau,Κοινότητα Ανυφίου,koinoteta_anyphiou,ko,40.83,54.24,86.23
europe_lau,Κοινότητα Αραχναίου,koinoteta_arachnaiou,ko,49.15,63.45,9.33
europe_lau,Κοινότητα Αργολικού,koinoteta_argolikou,ko,33.96,57.79,93.21
europe_lau,Κοινότητα Ηραίου,koinoteta_eraiou,ko,47.88,76.49,96.77
europe_lau,Κοινότητα Μάνεση,koinoteta_manese,ko,38.14,57.21,93.75
europe_lau,Κοινότητα Μιδέας,koinoteta_mideas,ko,43.29,51.15,50.61
europe_lau,Κοινότητα Παναρίτη,koinoteta_panarite,ko,50.58,74.21,-10.95
europe_lau,Κοινότητα Πουλλακίδας,koinoteta_poullakidas,ko,37.84,68.75,10.3
europe_lau,Κοινότητα Νέας Τίρυνθας,koinoteta_neas_tirynthas,ko,38.33,60.29,22.17
europe_lau,Κοινότητα Αγίου Αδριανού,koinoteta_agiou_adrianou,ko,25.92,55.21,9.62
europe_lau,Κοινότητα Νέου Ροεινού,koinoteta_neou_roeinou,ko,27.21,64.51,-67.21
europe_lau,Κοινότητα Άργους,koinoteta_argous,ko,48.82,59.18,75.99
europe_lau,Κοινότητα Δαλαμανάρας,koinoteta_dalamanaras,ko,48.16,67.15,91.93
europe_lau,Κοινότητα Ελληνικού,koinoteta_ellenikou,ko,23.9,64.12,-176.03
europe_lau,Κοινότητα Ήρας,koinoteta_eras,ko,45.89,74.3,62.57
europe_lau,Κοινότητα Ινάχου,koinoteta_inachou,ko,48.82,61.7,87.02
europe_lau,Κοινότητα Μεγάλης Βρύσης,koinoteta_megales_bryses,ko,46.26,56.26,51.62
europe_lau,Κοινότητα Ροδίτσης,koinoteta_roditses,ko,38.75,48.43,24.51
europe_lau,Κοινότητα Σταυρού,koinoteta_staurou,ko,49.95,65.85,48.08
europe_lau,Κοινότητα Φραντζή,koinoteta_phrantze,ko,29.27,56.58,6.93
europe_lau,Κοινότητα Μοσχοχωρίου,koinoteta_moschochoriou,ko,36.95,54.57,23.8
europe_lau,Κοινότητα Βαρδάτων,koinoteta_bardaton,ko,35.96,62.95,-5.78
europe_lau,Κοινότητα Γοργοποτάμου,koinoteta_gorgopotamou,ko,28.12,66.13,-34.03
europe_lau,Κοινότητα Δαμάστας,koinoteta_damastas,ko,57.41,69.37,61.19
europe_lau,Κοινότητα Δελφίνου,koinoteta_delphinou,ko,45.89,72.26,12.24
europe_lau,Κοινότητα Δύο Βουνών,koinoteta_dyo_bounon,ko,52.61,61.34,35.59
europe_lau,Κοινότητα Ελευθεροχωρίου,koinoteta_eleutherochoriou,ko,47.11,59.1,2.9
europe_lau,Κοινότητα Ηρακλείας,koinoteta_erakleias,ko,60.14,73.89,57.46
europe_lau,Κοινότητα Κουμαριτσίου,koinoteta_koumaritsiou,ko,37.79,61.65,70.41
europe_lau,Κοινότητα Νέου Κρικέλλου,koinoteta_neou_krikellou,ko,63.31,74.49,54.15
europe_lau,Κοινότητα Οίτης,koinoteta_oites,ko,24.4,59.87,-111.19
europe_lau,Κοινότητα Λειανοκλαδίου,koinoteta_leianokladiou,ko,63.4,64.96,52.24
europe_lau,Κοινότητα Αμουρίου,koinoteta_amouriou,ko,44.99,67.06,86.65
europe_lau,Κοινότητα Ζηλευτού,koinoteta_zeleutou,ko,33.77,58.67,98.18
europe_lau,Κοινότητα Μοσχοκαρυάς,koinoteta_moschokaryas,ko,53.5,64.93,87.55
europe_lau,Κοινότητα Στίρφακας,koinoteta_stirphakas,ko,39.66,66.97,91.59
europe_lau,Κοινότητα Παύλιανης,koinoteta_paulianes,ko,28.67,54.02,-0.88
europe_lau,Κοινότητα Υπάτης,koinoteta_ypates,ko,36.36,57.81,78.45
europe_lau,Κοινότητα Αργυροχωρίου,koinoteta_argyrochoriou,ko,29.68,45.67,71.86
europe_lau,Κοινότητα Βασιλικών,koinoteta_basilikon,ko,56.48,69.8,80.67
europe_lau,Κοινότητα Δάφνης,koinoteta_daphnes,ko,48.42,66.58,71.39
europe_lau,Κοινότητα Καστανέας,koinoteta_kastaneas,ko,46.54,68.86,50.49
europe_lau,Κοινότητα Κομποτάδων,koinoteta_kompotadon,ko,31.35,69.54,75.02
europe_lau,Κοινότητα Λαδικούς,koinoteta_ladikous,ko,43.19,61.57,32.06
europe_lau,Κοινότητα Λουτρών Υπάτης,koinoteta_loutron_ypates,ko,65.52,74.51,76.56
europe_lau,Κοινότητα Λυχνού,koinoteta_lychnou,ko,60.94,69.74,45.09
europe_lau,Κοινότητα Μεξιατών,koinoteta_mexiaton,ko,63.95,86.79,68.47
europe_lau,Κοινότητα Μεσοχωρίου Υπάτης,koinoteta_mesochoriou_ypates,ko,25.24,60.88,81.66
europe_lau,Κοινότητα Νεοχωρίου Υπάτης,koinoteta_neochoriou_ypates,ko,58.75,64.91,36.41
europe_lau,Κοινότητα Περιστερίου,koinoteta_peristeriou,ko,38.17,56.03,86.3
europe_lau,Κοινότητα Πύργου,koinoteta_pyrgou,ko,39.77,62.01,97.72
europe_lau,Κοινότητα Ροδωνιάς,koinoteta_rodonias,ko,32.42,57.32,-13.4
europe_lau,Κοινότητα Συκά Υπάτης,koinoteta_syka_ypates,ko,53.05,69.32,82.38
europe_lau,Κοινότητα Κάτω Τιθορέας,koinoteta_kato_tithoreas,ko,44.24,53.3,68.29
europe_lau,Κοινότητα Αγίας Μαρίνης Λοκρίδος,koinoteta_agias_marines_lokridos,ko,32.79,63.14,67.81
europe_lau,Κοινότητα Αγίας Παρασκευής,koinoteta_agias_paraskeues,ko,60.79,66.16,41.98
europe_lau,Κοινότητα Μοδίου,koinoteta_modiou,ko,69.76,79.21,48.74
europe_lau,Κοινότητα Τιθορέας,koinoteta_tithoreas,ko,38.87,67.98,97.53
europe_lau,Κοινότητα Αμφικλείας,koinoteta_amphikleias,ko,32.46,40.93,49.07
europe_lau,Κοινότητα Δρυμαίας,koinoteta_drymaias,ko,46.51,73.73,41.79
europe_lau,Κοινότητα Μπράλου,koinoteta_mpralou,ko,57.78,66.06,55.26
europe_lau,Κοινότητα Ξυλικών,koinoteta_xylikon,ko,40.6,53.34,91.03
europe_lau,Κοινότητα Παλαιοχωρίου Δωριέων,koinoteta_palaiochoriou_dorieon,ko,49.72,80.88,89.27
europe_lau,Κοινότητα Τιθρωνίου,koinoteta_tithroniou,ko,47.01,68.57,87.4
europe_lau,Κοινότητα Ελάτειας,koinoteta_elateias,ko,61.73,67.22,78.21
europe_lau,Ködnitz,kodnitz,ko,48.19,61.93,91.13
europe_lau,Kolkwitz/Gołkojce,kolkwitz_golkojce,ko,43.9,61.94,35.09
europe_lau,Κοινότητα Ανθοχωρίου,koinoteta_anthochoriou,ko,67.13,71.46,69.08
europe_lau,Κοινότητα Θρυλορίου,koinoteta_thryloriou,ko,54.04,64.6,76.99
europe_lau,Κοινότητα Ιτέας,koinoteta_iteas,ko,12.49,53.56,-132.81
europe_lau,Κοινότητα Κάλχαντος,koinoteta_kalchantos,ko,24.72,37.01,92.23
europe_lau,Κοινότητα Καρυδιάς,koinoteta_karydias,ko,42.53,68.31,92.03
europe_lau,Κοινότητα Κηκιδίου,koinoteta_kekidiou,ko,42.5,71.52,55.27
europe_lau,Κοινότητα Κοσμίου,koinoteta_kosmiou,ko,50.33,69.84,12.32
europe_lau,Κοινότητα Πανδρόσου,koinoteta_pandrosou,ko,53.53,66.05,62.98
europe_lau,Κοινότητα Σιδηράδων,koinoteta_sideradon,ko,15.68,36.45,95.94
europe_lau,Κοινότητα Στυλάριου,koinoteta_stylariou,ko,20.72,58.96,79.77
europe_lau,Κοινότητα Αιγείρου,koinoteta_aigeirou,ko,24.89,49.16,87.59
europe_lau,Κοινότητα Αρωγής,koinoteta_aroges,ko,43.59,67.8,91.45
europe_lau,Κοινότητα Γλυφάδας,koinoteta_glyphadas,ko,47.89,66.59,83.5
europe_lau,Κοινότητα Καλλίστης,koinoteta_kallistes,ko,42.95,66.84,51.91
europe_lau,Κοινότητα Μελέτης,koinoteta_meletes,ko,36.95,61.52,24.52
europe_lau,Κοινότητα Μέσης,koinoteta_meses,ko,69.27,76.84,42.41
europe_lau,Κοινότητα Νέας Καλλίστης,koinoteta_neas_kallistes,ko,40.89,53.75,81.32
europe_lau,Κοινότητα Παραλίας Μέσης,koinoteta_paralias_meses,ko,50,67.46,9.55
europe_lau,Κοινότητα Πόρπης,koinoteta_porpes,ko,46.33,64.41,29.18
europe_lau,Κοινότητα Φαναρίου,koinoteta_phanariou,ko,60.64,71.44,72.24
europe_lau,Κοινότητα Νέου Σιδηροχωρίου,koinoteta_neou_siderochoriou,ko,42.07,58.52,86.11
europe_lau,Κοινότητα Αγίων Θεοδώρων,koinoteta_agion_theodoron,ko,39.61,51.94,44.57
europe_lau,Κοινότητα Μεγάλου Δουκάτου,koinoteta_megalou_doukatou,ko,17.06,40.17,-33.39
europe_lau,Κοινότητα Παγουρίων,koinoteta_pagourion,ko,30.7,61.16,93.84
europe_lau,Κοινότητα Φιλλύρας,koinoteta_phillyras,ko,45.26,56.87,46.26
europe_lau,Κοινότητα Άγρας,koinoteta_agras,ko,51.82,84.07,-3.99
europe_lau,Κοινότητα Άνω Δροσίνης,koinoteta_ano_drosines,ko,60.28,70.02,32.19
europe_lau,Κοινότητα Αράτου,koinoteta_aratou,ko,40.25,67.81,43.11
europe_lau,Κοινότητα Αρδείας,koinoteta_ardeias,ko,50.96,62.79,64.63
europe_lau,Κοινότητα Αρχοντικών,koinoteta_archontikon,ko,40.09,51.04,61.23
europe_lau,Κοινότητα Βραγιάς,koinoteta_bragias,ko,36.87,55.01,74.79
europe_lau,Κοινότητα Δοκού,koinoteta_dokou,ko,42.74,71.78,97.95
europe_lau,Κοινότητα Δροσιάς,koinoteta_drosias,ko,62.12,72.56,63.26
europe_lau,Κοινότητα Δρύμης,koinoteta_drymes,ko,50.02,60.74,19.49
europe_lau,Κοινότητα Εσοχής,koinoteta_esoches,ko,51.13,59.78,81.19
europe_lau,Κοινότητα Κάτω Δροσινής,koinoteta_kato_drosines,ko,42.41,68.65,22.04
europe_lau,Κοινότητα Λαμπρού,koinoteta_lamprou,ko,62.65,70.09,42.64
europe_lau,Κοινότητα Νέου Καλλυντήριου,koinoteta_neou_kallynteriou,ko,38.14,60.61,99.54
europe_lau,Κοινότητα Νεύρων,koinoteta_neuron,ko,27.18,47.89,85.37
europe_lau,Κοινότητα Ομηρικού,koinoteta_omerikou,ko,42.65,62.03,59.97
europe_lau,Κοινότητα Πάσσου,koinoteta_passou,ko,37.62,46.26,26.95
europe_lau,Κοινότητα Πατερμών,koinoteta_patermon,ko,55.31,70.48,80.23
europe_lau,Κοινότητα Ραγάδας,koinoteta_ragadas,ko,30.5,59.57,97.24
europe_lau,Κοινότητα Σκιάδας,koinoteta_skiadas,ko,41.99,60.58,88.29
europe_lau,Κοινότητα Αρριανών,koinoteta_arrianon,ko,53.91,61.68,61.39
europe_lau,Κοινότητα Αγιοχωρίου,koinoteta_agiochoriou,ko,27.39,47.97,-47.01
europe_lau,Κοινότητα Δαρμένης,koinoteta_darmenes,ko,35.06,63.08,96.09
europe_lau,Κοινότητα Δειλινών,koinoteta_deilinon,ko,64.28,74.04,56.19
europe_lau,Κοινότητα Ηπίου,koinoteta_epiou,ko,26.1,46.58,43.44
europe_lau,Κοινότητα Κινύρων,koinoteta_kinyron,ko,57.13,84.44,87.72
europe_lau,Κοινότητα Λυκείου,koinoteta_lykeiou,ko,58.08,68.69,45.05
europe_lau,Κοινότητα Ακροποτάμου,koinoteta_akropotamou,ko,60.95,69.82,63
europe_lau,Κοινότητα Καριανής,koinoteta_karianes,ko,59.29,70.91,55.74
europe_lau,Κοινότητα Ορφανίου,koinoteta_orphaniou,ko,56.29,64.44,56.71
europe_lau,Κοινότητα Οφρυνίου,koinoteta_ophryniou,ko,44.83,59.46,75.07
europe_lau,Κοινότητα Ποδοχωρίου,koinoteta_podochoriou,ko,45.96,52.53,66.91
europe_lau,Κοινότητα Νικήσιανης,koinoteta_nikesianes,ko,31.15,45.75,77.17
europe_lau,Κοινότητα Γεωργιανής,koinoteta_georgianes,ko,19.69,41.45,69.66
europe_lau,Κοινότητα Παλαιοχωρίου,koinoteta_palaiochoriou,ko,25.74,47.46,60.42
europe_lau,Κοινότητα Μουσθένης,koinoteta_mousthenes,ko,24.77,65.9,74.58
europe_lau,Κοινότητα Αυλής,koinoteta_aules,ko,21.59,56.5,97.36
europe_lau,Κοινότητα Δωματίων,koinoteta_domation,ko,23.26,52.18,80.98
europe_lau,Κοινότητα Μελισσοκομείου,koinoteta_melissokomeiou,ko,20.87,43.24,91.2
europe_lau,Κοινότητα Μεσιάς,koinoteta_mesias,ko,43.23,59.84,73.4
europe_lau,Κοινότητα Μεσορόπης,koinoteta_mesoropes,ko,21.95,52.13,77.52
europe_lau,Κοινότητα Πλατανοτόπου,koinoteta_platanotopou,ko,30.19,58.98,89.73
europe_lau,Κοινότητα Σιδηροχωρίου,koinoteta_siderochoriou,ko,51.42,61.96,75.33
europe_lau,Κοινότητα Ξάνθης,koinoteta_xanthes,ko,49.02,61.44,70.95
europe_lau,Κοινότητα Ευμοίρου,koinoteta_eumoirou,ko,26.57,60.59,91.41
europe_lau,Κοινότητα Κιμμερίων,koinoteta_kimmerion,ko,38.63,52.68,20.07
europe_lau,Κοινότητα Σταυρουπόλεως,koinoteta_stauroupoleos,ko,27.79,52.04,88.12
europe_lau,Κοινότητα Γέρακα,koinoteta_geraka,ko,34.03,64.22,78.28
europe_lau,Κοινότητα Δαφνώνος,koinoteta_daphnonos,ko,54.27,65.37,29.41
europe_lau,Κοινότητα Καρυοφύτου,koinoteta_karyophytou,ko,38.68,65.29,99.55
europe_lau,Κοινότητα Κομνηνών,koinoteta_komnenon,ko,43.46,70.81,-47.43
europe_lau,Κοινότητα Νεοχωρίου,koinoteta_neochoriou,ko,38.5,64.98,92.38
europe_lau,Κοινότητα Πασχαλιάς,koinoteta_paschalias,ko,34.37,55.04,-18.34
europe_lau,Κοινότητα Γενισέας,koinoteta_geniseas,ko,74.74,72.29,64.35
europe_lau,Κοινότητα Κουτσού,koinoteta_koutsou,ko,49.47,70.23,92.91
europe_lau,Κοινότητα Μαγικού,koinoteta_magikou,ko,53.99,65.19,61.52
europe_lau,Κοινότητα Πηγαδίων,koinoteta_pegadion,ko,38.34,66.27,35.64
europe_lau,Kortrijk,kortrijk,ko,30.81,50.65,86.77
europe_lau,Κοινότητα Πολυσίτου,koinoteta_polysitou,ko,23.2,47.74,-84.07
europe_lau,Κοινότητα Σελίνου,koinoteta_selinou,ko,48.21,87.92,-44.38
europe_lau,Κοινότητα Σουνίου,koinoteta_souniou,ko,22.19,51.86,92.12
europe_lau,Κοινότητα Αβδήρων,koinoteta_abderon,ko,41.23,53.15,76.75
europe_lau,Κοινότητα Μάνδρας,koinoteta_mandras,ko,57.65,64.89,78.8
europe_lau,Κοινότητα Μυρωδάτου,koinoteta_myrodatou,ko,45.99,76.7,67.2
europe_lau,Κοινότητα Νέας Κεσσάνης,koinoteta_neas_kessanes,ko,53.07,65.86,7.79
europe_lau,Κοινότητα Σελέρου,koinoteta_selerou,ko,71.78,73.83,69.96
europe_lau,Κοινότητα Μύκης,koinoteta_mykes,ko,66.06,62.75,53.12
europe_lau,Κοινότητα Εχίνου,koinoteta_echinou,ko,36.51,58.87,47.17
europe_lau,Κοινότητα Ωραίου,koinoteta_oraiou,ko,52.66,70.71,55.49
europe_lau,Κοινότητα Θερμών,koinoteta_thermon,ko,25.77,65.34,-16.13
europe_lau,Κοινότητα Κοτύλης,koinoteta_kotyles,ko,46.21,65.85,84.95
europe_lau,Κοινότητα Σατρών,koinoteta_satron,ko,50.09,60.42,44.88
europe_lau,Κοινότητα Ευλάλου,koinoteta_eulalou,ko,41.5,55.45,72.26
europe_lau,Κοινότητα Αβάτου,koinoteta_abatou,ko,41.03,54.7,22.3
europe_lau,Κοινότητα Γαλάνης,koinoteta_galanes,ko,45.89,61.9,34.34
europe_lau,Κοινότητα Εξοχής,koinoteta_exoches,ko,38.41,62.36,96.8
europe_lau,Κοινότητα Ερασμίου,koinoteta_erasmiou,ko,57.36,71.19,73.44
europe_lau,Κοινότητα Μαγγάνων,koinoteta_manganon,ko,47.97,63.8,39.53
europe_lau,Κοινότητα Ολβίου,koinoteta_olbiou,ko,47.42,68.71,88.84
europe_lau,Κοινότητα Τοξοτών,koinoteta_toxoton,ko,32.07,58.74,94.16
europe_lau,Κοινότητα Τριανδρίας,koinoteta_triandrias,ko,31.33,71.69,93.26
europe_lau,Κοινότητα Αμπελοκήπων,koinoteta_ampelokepon,ko,49.84,74.56,29.01
europe_lau,Κοινότητα Μενεμένης,koinoteta_menemenes,ko,37.98,49.71,33.1
europe_lau,Κοινότητα Σταυρού,koinoteta_staurou,ko,31.69,43.56,22.95
europe_lau,Κοινότητα Άνω Σταυρού,koinoteta_ano_staurou,ko,54.27,65.04,4.2
europe_lau,Κοινότητα Βόλβης,koinoteta_bolbes,ko,27.39,66.54,-81.04
europe_lau,Κοινότητα Ασπροβάλτας,koinoteta_asprobaltas,ko,47.41,55.68,55.1
europe_lau,Κοινότητα Βρασνών,koinoteta_brasnon,ko,67.32,71.88,71.52
europe_lau,Κοινότητα Κεφαλαρίου,koinoteta_kephalariou,ko,51.7,72.89,40.72
europe_lau,Κοινότητα Κουρτακίου,koinoteta_kourtakiou,ko,40.96,56.09,20.08
europe_lau,Κοινότητα Λάλουκα,koinoteta_lalouka,ko,45.32,62.77,81.77
europe_lau,Κοινότητα Πυργέλλας,koinoteta_pyrgellas,ko,47.02,77.58,-38.56
europe_lau,Κοινότητα Σκοτεινής,koinoteta_skoteines,ko,34.88,63.71,53.62
europe_lau,Κοινότητα Αγίου Νικολάου,koinoteta_agiou_nikolaou,ko,25.76,51.61,89.61
europe_lau,Κοινότητα Αλέας,koinoteta_aleas,ko,45.51,65.74,61.23
europe_lau,Κοινότητα Φρουσιούνας,koinoteta_phrousiounas,ko,51.71,62.75,72.88
europe_lau,Κοινότητα Αχλαδοκάμπου,koinoteta_achladokampou,ko,57.5,65.86,12.32
europe_lau,Κοινότητα Κουτσοποδίου,koinoteta_koutsopodiou,ko,66.51,70.52,57.13
europe_lau,Κοινότητα Βρουστίου,koinoteta_broustiou,ko,30.26,55.95,-47.12
europe_lau,Κοινότητα Μαλαντρενίου,koinoteta_malantreniou,ko,49.53,70.02,88.89
europe_lau,Κοινότητα Σχινοχωρίου,koinoteta_schinochoriou,ko,51.62,64.56,7.82
europe_lau,Κοινότητα Μύλων,koinoteta_mylon,ko,46.74,62.19,68.85
europe_lau,Κοινότητα Ανδρίτσης,koinoteta_andritses,ko,60.21,72.09,37.35
europe_lau,Κοινότητα Κιβερίου,koinoteta_kiberiou,ko,38.86,54.68,68.77
europe_lau,Κοινότητα Σκαφιδακίου,koinoteta_skaphidakiou,ko,38.22,58.3,-10.87
europe_lau,Κοινότητα Λυρκείας,koinoteta_lyrkeias,ko,43.4,57.29,70.68
europe_lau,Κοινότητα Γυμνού,koinoteta_gymnou,ko,45.69,66.17,-5.69
europe_lau,Κοινότητα Καπαρελλίου,koinoteta_kaparelliou,ko,63.28,75.77,79.77
europe_lau,Κοινότητα Καρυάς,koinoteta_karyas,ko,30.44,57.17,-70.09
europe_lau,Κοινότητα Κεφαλοβρύσου,koinoteta_kephalobrysou,ko,51.08,67.28,55.18
europe_lau,Κοινότητα Νεοχωρίου,koinoteta_neochoriou,ko,33.26,65.38,90.2
europe_lau,Κοινότητα Στέρνας,koinoteta_sternas,ko,61.03,66.1,66.99
europe_lau,Κοινότητα Φρεγκαίνης,koinoteta_phrenkaines,ko,16.3,52.02,-227.48
europe_lau,Κοινότητα Μυκηνών,koinoteta_mykenon,ko,41.03,53.74,84.82
europe_lau,Κοινότητα Λιμνών,koinoteta_limnon,ko,58.62,67.84,52.8
europe_lau,Κοινότητα Μοναστηρακίου,koinoteta_monasterakiou,ko,56.97,74.3,40.74
europe_lau,Κοινότητα Μπόρσα,koinoteta_mporsa,ko,39.16,67.31,96.24
europe_lau,Κοινότητα Νέου Ηραίου,koinoteta_neou_eraiou,ko,65.48,78.73,64.97
europe_lau,Κοινότητα Προσύμνης,koinoteta_prosymnes,ko,51.35,66.92,15.96
europe_lau,Κοινότητα Φιχτίου,koinoteta_phichtiou,ko,40.98,59.02,95.03
europe_lau,Κοινότητα Μεσαριάς,koinoteta_mesarias,ko,56.8,71.98,56.78
europe_lau,Κοινότητα Πάγων,koinoteta_pagon,ko,38.47,63.72,74.97
europe_lau,Κοινότητα Ραχτάδων,koinoteta_rachtadon,ko,52.67,66.51,80.96
europe_lau,Κοινότητα Χωρεπισκόπων,koinoteta_chorepiskopon,ko,29.21,58.06,88.5
europe_lau,Κοινότητα Βελονάδων,koinoteta_belonadon,ko,44.03,64.79,84.18
europe_lau,Κοινότητα Αγίων Δούλων,koinoteta_agion_doulon,ko,45.05,72.9,18.72
europe_lau,Κοινότητα Αγραφών,koinoteta_agraphon,ko,54.05,64.15,34.77
europe_lau,Kortessem,kortessem,ko,52.3,61.34,74.37
europe_lau,Κοινότητα Αντιπερνών,koinoteta_antipernon,ko,39.36,63.96,-26.12
europe_lau,Κοινότητα Αυλιωτών,koinoteta_aulioton,ko,33.09,54.93,30.04
europe_lau,Κοινότητα Βαλανείου,koinoteta_balaneiou,ko,36.07,56.97,19.32
europe_lau,Κοινότητα Καβαλλουρίου,koinoteta_kaballouriou,ko,32.44,70.69,16.92
europe_lau,Κοινότητα Καρουσάδων,koinoteta_karousadon,ko,39.63,69.01,-35.15
europe_lau,Κοινότητα Μαγουλάδων,koinoteta_magouladon,ko,15.76,46.85,-15.86
europe_lau,Κοινότητα Περουλάδων,koinoteta_perouladon,ko,56.15,64.8,52.64
europe_lau,Κοινότητα Σιδαρίου,koinoteta_sidariou,ko,57.15,75.79,69.31
europe_lau,Κοινότητα Γιμαρίου,koinoteta_gimariou,ko,32.59,56.24,86.12
europe_lau,Κοινότητα Κασσιόπης,koinoteta_kassiopes,ko,56.68,72.9,53.95
europe_lau,Κοινότητα Νησακίου,koinoteta_nesakiou,ko,46.23,64.88,42.38
europe_lau,Κοινότητα Σινιών,koinoteta_sinion,ko,38.31,53.21,40.75
europe_lau,Κοινότητα Λευκίμμης,koinoteta_leukimmes,ko,18.88,56.32,92.38
europe_lau,Κοινότητα Άνω Λευκίμμης,koinoteta_ano_leukimmes,ko,39.23,59.6,95.11
europe_lau,Κοινότητα Βιταλάδων,koinoteta_bitaladon,ko,53.59,79.14,82.09
europe_lau,Κοινότητα Νεοχωρίου,koinoteta_neochoriou,ko,41.53,77.38,10.03
europe_lau,Κοινότητα Αργυράδων,koinoteta_argyradon,ko,53.99,65.78,16.58
europe_lau,Κοινότητα Αγίου Νικολάου,koinoteta_agiou_nikolaou,ko,69.08,81.52,41.47
europe_lau,Κοινότητα Βασιλατίκων,koinoteta_basilatikon,ko,37.97,54.21,60.66
europe_lau,Κοινότητα Κουσπάδων,koinoteta_kouspadon,ko,60.77,73.96,51.2
europe_lau,Κοινότητα Περιβολίου,koinoteta_periboliou,ko,44.78,64.13,78.1
europe_lau,Κοινότητα Πετριτής,koinoteta_petrites,ko,42.3,66.49,50.38
europe_lau,Κοινότητα Μοραΐτικων,koinoteta_moraitikon,ko,56.11,79.2,69.1
europe_lau,Κοινότητα Αγίου Ματθαίου,koinoteta_agiou_matthaiou,ko,54.15,70.1,78.98
europe_lau,Κοινότητα Άνω Παυλιάνας,koinoteta_ano_paulianas,ko,53.78,60.2,57.33
europe_lau,Κοινότητα Βουνιατάδων,koinoteta_bouniatadon,ko,40.17,60.26,69.04
europe_lau,Κοινότητα Κάτω Παυλιάνας,koinoteta_kato_paulianas,ko,46.77,71.58,27.49
europe_lau,Κοινότητα Πεντατίου,koinoteta_pentatiou,ko,35.36,66.67,87.57
europe_lau,Κοινότητα Στρογγυλής,koinoteta_strongyles,ko,32.33,52.8,99.85
europe_lau,Κοινότητα Χλοματιανών,koinoteta_chlomatianon,ko,43.31,61.64,55.41
europe_lau,Κοινότητα Χλομού,koinoteta_chlomou,ko,48.09,69.89,44.69
europe_lau,Κοινότητα Ζακυνθίων,koinoteta_zakynthion,ko,21.42,36.48,92.09
europe_lau,Κοινότητα Αμπελοκήπων,koinoteta_ampelokepon,ko,43.48,69.74,37.75
europe_lau,Κοινότητα Αργασίου,koinoteta_argasiou,ko,56.34,65.42,61.41
europe_lau,Κοινότητα Βασιλικού,koinoteta_basilikou,ko,31.68,65.16,60.38
europe_lau,Κοινότητα Παγκρατών,koinoteta_pankraton,ko,63.46,77.97,56.84
europe_lau,Κοινότητα Πέντε Εκκλησιών,koinoteta_pente_ekklesion,ko,51.32,59.77,40.51
europe_lau,Κοινότητα Πετουσίου,koinoteta_petousiou,ko,38.53,62.2,99.2
europe_lau,Κοινότητα Πετροβίτσας,koinoteta_petrobitsas,ko,48.23,63.93,31.24
europe_lau,Κοινότητα Πλακωτής,koinoteta_plakotes,ko,47.47,83.83,34.34
europe_lau,Κοινότητα Πολυδρόσου,koinoteta_polydrosou,ko,33.13,57.08,89.84
europe_lau,Κοινότητα Προδρομίου,koinoteta_prodromiou,ko,32.15,59.1,64.67
europe_lau,Κοινότητα Σαλονίκης,koinoteta_salonikes,ko,56.44,68.95,11.65
europe_lau,Κοινότητα Σεβαστού,koinoteta_sebastou,ko,38.1,60.41,36.54
europe_lau,Κοινότητα Χρυσαυγής,koinoteta_chrysauges,ko,29.74,72.99,-2.84
europe_lau,Κοινότητα Ψάκας,koinoteta_psakas,ko,51.29,62.28,23.55
europe_lau,Κοινότητα Γαρδικίου,koinoteta_gardikiou,ko,32.76,50.55,98.24
europe_lau,Κοινότητα Γλυκής,koinoteta_glykes,ko,30.27,47.18,33.79
europe_lau,Κοινότητα Σκανδάλου,koinoteta_skandalou,ko,36.53,49.5,65.42
europe_lau,Κοινότητα Χόικας,koinoteta_choikas,ko,35.04,58.87,86.49
europe_lau,Κοινότητα Σαμονίδας,koinoteta_samonidas,ko,29.39,66.47,94.66
europe_lau,Κοινότητα Αυλοτόπου,koinoteta_aulotopou,ko,49.82,80.79,96.14
europe_lau,Κοινότητα Κουκουλιών,koinoteta_koukoulion,ko,47.49,63.48,86.05
europe_lau,Κοινότητα Τσαγγαρίου,koinoteta_tsangariou,ko,29.82,69.04,98.74
europe_lau,Κοινότητα Φροσύνης,koinoteta_phrosynes,ko,43.42,61.29,74.16
europe_lau,Κοινότητα Φιλιατών,koinoteta_philiaton,ko,36.55,57.14,48.23
europe_lau,Κοινότητα Αγίου Νικολάου,koinoteta_agiou_nikolaou,ko,50.8,65.42,41.34
europe_lau,Κοινότητα Αγίων Πάντων,koinoteta_agion_panton,ko,50.33,62.94,71.82
europe_lau,Κοινότητα Αετού,koinoteta_aetou,ko,50.25,67.34,55.88
europe_lau,Κοινότητα Αμπελώνος,koinoteta_ampelonos,ko,37.44,59.58,38.49
europe_lau,Κοινότητα Αναβρυτού,koinoteta_anabrytou,ko,45.91,58.83,67.83
europe_lau,Κοινότητα Αχλαδέας,koinoteta_achladeas,ko,42.41,66.57,23.05
europe_lau,Κοινότητα Βαβουρίου,koinoteta_babouriou,ko,31.49,52.91,92.87
europe_lau,Κοινότητα Βρυσέλλας,koinoteta_brysellas,ko,38.12,57.7,-22.31
europe_lau,Κοινότητα Γαρδικίου Φιλιατών,koinoteta_gardikiou_philiaton,ko,36.99,58.19,98.46
europe_lau,Κοινότητα Γιρομερίου,koinoteta_giromeriou,ko,55.4,65.25,67.91
europe_lau,Κοινότητα Γολάς,koinoteta_golas,ko,34.45,52.04,36.75
europe_lau,Κοινότητα Καλλιθέας Φιλιατών,koinoteta_kallitheas_philiaton,ko,69.9,71.58,47.01
europe_lau,Κοινότητα Κάτω Ξεχώρου,koinoteta_kato_xechorou,ko,57.56,64.11,68.71
europe_lau,Κοινότητα Κεραμίτσης,koinoteta_keramitses,ko,57.94,62.75,58.84
europe_lau,Κοινότητα Κερασοχωρίου,koinoteta_kerasochoriou,ko,49.91,64.22,4.94
europe_lau,Κοινότητα Κεφαλοχωρίου,koinoteta_kephalochoriou,ko,50.04,61.26,64.05
europe_lau,Κοινότητα Κοκκινιάς,koinoteta_kokkinias,ko,57.27,70.43,31.7
europe_lau,Κοινότητα Κοκκινολιθαρίου,koinoteta_kokkinolithariou,ko,42.93,64.27,77.3
europe_lau,Κοινότητα Κουρεμαδίου,koinoteta_kouremadiou,ko,33.47,68.98,-75.48
europe_lau,Κοινότητα Κρυονερίου,koinoteta_kryoneriou,ko,44.57,63.47,64.42
europe_lau,Κοινότητα Κυπαρίσσου,koinoteta_kyparissou,ko,30.89,55.59,-69.82
europe_lau,Κοινότητα Μικρού Πιστού,koinoteta_mikrou_pistou,ko,61.26,86.34,80.24
europe_lau,Κοινότητα Μύστακα,koinoteta_mystaka,ko,45.1,64.35,90.09
europe_lau,Κοινότητα Νέδας,koinoteta_nedas,ko,27.78,45.21,20.75
europe_lau,Κοινότητα Νικητών,koinoteta_niketon,ko,21.32,51.66,95.52
europe_lau,Κοινότητα Πλαγιάς,koinoteta_plagias,ko,30.54,55.79,-25.66
europe_lau,Κοινότητα Σκαλώματος,koinoteta_skalomatos,ko,53.14,71.46,84.14
europe_lau,Κοινότητα Στροφής,koinoteta_strophes,ko,15.71,44.26,-105.09
europe_lau,Κοινότητα Κέχρου,koinoteta_kechrou,ko,47.38,58.19,84.38
europe_lau,Κοινότητα Οργάνης,koinoteta_organes,ko,39.81,51.29,26.41
europe_lau,Κοινότητα Ιάσμου,koinoteta_iasmou,ko,32.02,56.78,95.87
europe_lau,Kontich,kontich,ko,51.05,64.35,60.56
europe_lau,"Königsbrück, Stadt",konigsbruck_stadt,ko,28.83,46.89,95.16
europe_lau,Königswartha / Rakecy,konigswartha_rakecy,ko,41.68,53.96,14.43
europe_lau,Κοινότητα Πασχαλίτσης,koinoteta_paschalitses,ko,59.87,67.06,70.4
europe_lau,Κοινότητα Φιλίας,koinoteta_philias,ko,47.91,61.47,14.35
europe_lau,Κοινότητα Ματαράγκας,koinoteta_matarankas,ko,52.38,60.18,50.55
europe_lau,Κοινότητα Ερμητσίου,koinoteta_ermetsiou,ko,52.93,66.92,59.97
europe_lau,Κοινότητα Κυψέλης,koinoteta_kypseles,ko,52.76,60.85,57.15
europe_lau,Κοινότητα Πύργου Κιερίου,koinoteta_pyrgou_kieriou,ko,39.67,62.09,-28.01
europe_lau,Κοινότητα Κέδρου,koinoteta_kedrou,ko,33.48,49.17,81.05
europe_lau,Κοινότητα Αηδονοχωρίου,koinoteta_aedonochoriou,ko,48.23,73.21,45.59
europe_lau,Κοινότητα Βαθυλάκκου,koinoteta_bathylakkou,ko,35.92,63.74,4.52
europe_lau,Κοινότητα Θραψιμίου,koinoteta_thrapsimiou,ko,61.49,69.01,78.27
europe_lau,Κοινότητα Λουτροπηγής,koinoteta_loutropeges,ko,47.9,60.67,67.59
europe_lau,Κοινότητα Λουτρού,koinoteta_loutrou,ko,53.03,65.95,76
europe_lau,Κοινότητα Ρεντίνας,koinoteta_rentinas,ko,59.07,74.63,32.36
europe_lau,Κοινότητα Λεονταρίου,koinoteta_leontariou,ko,38,66.85,44.56
europe_lau,Κοινότητα Ανάβρας,koinoteta_anabras,ko,37.66,66.24,76.84
europe_lau,Κοινότητα Ασημοχωρίου,koinoteta_asemochoriou,ko,28.55,66.49,57.02
europe_lau,Κοινότητα Αχλαδέας,koinoteta_achladeas,ko,18.58,38.26,83.76
europe_lau,Κοινότητα Γραμματικού,koinoteta_grammatikou,ko,54.15,65.75,53.3
europe_lau,Κοινότητα Κτιμένης,koinoteta_ktimenes,ko,55.07,72.76,57.44
europe_lau,Κοινότητα Βόλου,koinoteta_bolou,ko,24.21,44.15,98
europe_lau,Κοινότητα Αγριάς,koinoteta_agrias,ko,34.45,60.42,32.69
europe_lau,Κοινότητα Δρακείας,koinoteta_drakeias,ko,38.94,68.81,58.04
europe_lau,Κοινότητα Διμηνίου,koinoteta_dimeniou,ko,36.32,57.31,96.24
europe_lau,Κοινότητα Σέσκλου,koinoteta_sesklou,ko,29.69,57.07,92.38
europe_lau,Κοινότητα Άνω Λεχωνίων,koinoteta_ano_lechonion,ko,35.88,65.08,62.77
europe_lau,Κοινότητα Αγίου Βλασίου,koinoteta_agiou_blasiou,ko,34.36,55.77,97.43
europe_lau,Κοινότητα Γαϊτανίου,koinoteta_gaitaniou,ko,30.25,57.05,90.75
europe_lau,Κοινότητα Μποχάλης,koinoteta_mpochales,ko,29,47.02,94.53
europe_lau,Κοινότητα Κατασταρίου,koinoteta_katastariou,ko,62.84,70.61,42.75
europe_lau,Κοινότητα Αγίου Δημητρίου,koinoteta_agiou_demetriou,ko,33.14,57.76,-33.4
europe_lau,Κοινότητα Αλικανά,koinoteta_alikana,ko,28.66,48.91,-7.95
europe_lau,Κοινότητα Άνω Γερακαρίου,koinoteta_ano_gerakariou,ko,62.21,75.73,69.31
europe_lau,Κοινότητα Καλλιθέας,koinoteta_kallitheas,ko,27.5,57.34,63.12
europe_lau,Κοινότητα Κάτω Γερακαρίου,koinoteta_kato_gerakariou,ko,47.62,77.13,-0.27
europe_lau,Κοινότητα Μέσου Γερακαρίου,koinoteta_mesou_gerakariou,ko,41.02,76.19,90.11
europe_lau,Κοινότητα Πηγαδακίων,koinoteta_pegadakion,ko,39.31,78.31,17.69
europe_lau,Κοινότητα Σκουληκάδου,koinoteta_skoulekadou,ko,32.06,68.06,46.59
europe_lau,Κοινότητα Βανάτου,koinoteta_banatou,ko,55.17,75.93,65.1
europe_lau,Κοινότητα Αγίου Κηρύκου,koinoteta_agiou_kerykou,ko,52.13,58.27,40.88
europe_lau,Κοινότητα Καλιπάδου,koinoteta_kalipadou,ko,36.33,59.43,7.58
europe_lau,Κοινότητα Κυψέλης,koinoteta_kypseles,ko,46.64,70.1,81.47
europe_lau,Κοινότητα Πλάνου,koinoteta_planou,ko,62.9,82.24,54.94
europe_lau,Κοινότητα Σαρακηνάδου,koinoteta_sarakenadou,ko,63.75,72.87,57.59
europe_lau,Κοινότητα Τραγακίου,koinoteta_tragakiou,ko,39.74,72.29,35.3
europe_lau,Κοινότητα Ελατοχωρίου,koinoteta_elatochoriou,ko,37.58,45.81,50.16
europe_lau,Κοινότητα Ιτέας,koinoteta_iteas,ko,27.07,47.52,25.61
europe_lau,Κοινότητα Καβαλλαρίου,koinoteta_kaballariou,ko,49.57,62.01,78.76
europe_lau,Κοινότητα Καρυών,koinoteta_karyon,ko,54.82,67.2,63.64
europe_lau,Κοινότητα Καστανώνος Ζαγορίου,koinoteta_kastanonos_zagoriou,ko,42.09,59.14,49.34
europe_lau,Κοινότητα Μακρίνου,koinoteta_makrinou,ko,51.13,54.81,77.21
europe_lau,Κοινότητα Πέτρα,koinoteta_petra,ko,29.53,54.04,97.92
europe_lau,Κοινότητα Ποταμιά,koinoteta_potamia,ko,20.66,51.88,55.07
europe_lau,Κοινότητα Τριστένου,koinoteta_tristenou,ko,27.38,67.52,-29.94
europe_lau,Κοινότητα Φλαμπουραρίου,koinoteta_phlampourariou,ko,28.3,54.6,-14.11
europe_lau,Κοινότητα Βοβούσης,koinoteta_bobouses,ko,39.53,56.91,84.91
europe_lau,Κοινότητα Παπίγκου,koinoteta_papinkou,ko,38.62,55.73,55.63
europe_lau,Κοινότητα Τσεπελόβου,koinoteta_tsepelobou,ko,24.4,64.03,75.49
europe_lau,Κοινότητα Βραδέτου,koinoteta_bradetou,ko,25.13,57.88,87.55
europe_lau,Κοινότητα Βρυσοχωρίου,koinoteta_brysochoriou,ko,52.4,66.15,12.1
europe_lau,Κοινότητα Ηλιοχωρίου,koinoteta_eliochoriou,ko,44.83,52.86,78.69
europe_lau,Κοινότητα Καπεσόβου,koinoteta_kapesobou,ko,32.27,49.94,78.1
europe_lau,Κοινότητα Κήπων,koinoteta_kepon,ko,34.21,69.15,93.15
europe_lau,Κοινότητα Κουκκουλίου,koinoteta_koukkouliou,ko,41.38,66.83,86.93
europe_lau,Κοινότητα Λαΐστης,koinoteta_laistes,ko,49.31,63.05,73.49
europe_lau,Κοινότητα Λεπτοκαρυάς Ζαγορίου,koinoteta_leptokaryas_zagoriou,ko,37.64,56.28,96.79
europe_lau,Κοινότητα Νεγάδων,koinoteta_negadon,ko,47.93,72.21,34.72
europe_lau,Κοινότητα Σκαμνελλίου,koinoteta_skamnelliou,ko,45.89,52.6,57.84
europe_lau,Κοινότητα Φραγκάδων,koinoteta_phrankadon,ko,46.22,70.26,83.01
europe_lau,Κοινότητα Ελεούσης,koinoteta_eleouses,ko,31.03,53.26,33.66
europe_lau,Κοινότητα Αγίου Ιωάννου,koinoteta_agiou_ioannou,ko,41.91,68.63,15.99
europe_lau,Κοινότητα Αναργύρων,koinoteta_anargyron,ko,48.63,64.78,15.87
europe_lau,Κοινότητα Άνω Λαψίστης,koinoteta_ano_lapsistes,ko,60.51,71.39,17.28
europe_lau,Κοινότητα Βαγενιτίου,koinoteta_bagenitiou,ko,47.16,63.79,32.44
europe_lau,Κοινότητα Βουνοπλαγιάς,koinoteta_bounoplagias,ko,44.5,54.91,46.03
europe_lau,Κοινότητα Γραμμένου,koinoteta_grammenou,ko,31.62,52.51,1.82
europe_lau,Κοινότητα Ζωοδόχου,koinoteta_zoodochou,ko,51.08,69.84,57.98
europe_lau,Κοινότητα Κάτω Λαψίστης,koinoteta_kato_lapsistes,ko,36.89,52.1,32.09
europe_lau,Κοινότητα Λοφίσκου,koinoteta_lophiskou,ko,41.17,58.35,93.25
europe_lau,Κοινότητα Λύγγου,koinoteta_lyngou,ko,42.69,66.09,-15.78
europe_lau,Κοινότητα Μεγάλου Γαρδικίου,koinoteta_megalou_gardikiou,ko,63.19,71.98,60.49
europe_lau,Κοινότητα Νεοχωρίου,koinoteta_neochoriou,ko,56.61,74.1,44.85
europe_lau,Κοινότητα Περάτη,koinoteta_perate,ko,40.34,66.71,62.79
europe_lau,Κοινότητα Πετραλώνων,koinoteta_petralonon,ko,58.54,71.8,42.23
europe_lau,Κοινότητα Πολυλόφου,koinoteta_polylophou,ko,38,53.7,-13
europe_lau,Κοινότητα Ροδοτοπίου,koinoteta_rodotopiou,ko,64.59,80.15,82.58
europe_lau,Κοινότητα Μεταμόρφωσης,koinoteta_metamorphoses,ko,57.91,66.36,46.54
europe_lau,Κοινότητα Ασφάκας,koinoteta_asphakas,ko,55.43,62.28,48.02
europe_lau,Κοινότητα Βατατάδων,koinoteta_batatadon,ko,25.21,84.98,94.63
europe_lau,Κοινότητα Βλαχατάνου,koinoteta_blachatanou,ko,24.38,63.16,96.16
europe_lau,Κοινότητα Γαβρισιών,koinoteta_gabrision,ko,49.16,59.14,57.39
europe_lau,Κοινότητα Λιγοψάς,koinoteta_ligopsas,ko,38.1,80.76,86.68
europe_lau,Κοινότητα Πετσαλίου,koinoteta_petsaliou,ko,53.63,78.46,88.95
europe_lau,Κοινότητα Κληματιάς,koinoteta_klematias,ko,33.69,63.31,-53.86
europe_lau,Κοινότητα Βασιλοπούλου,koinoteta_basilopoulou,ko,32.72,55.02,61.54
europe_lau,Κοινότητα Δελβινακοπούλου,koinoteta_delbinakopoulou,ko,54.78,79.03,52.17
europe_lau,Κοινότητα Κοκκινοχώματος,koinoteta_kokkinochomatos,ko,60.46,70.36,41.65
europe_lau,Κοινότητα Λευκοθέας,koinoteta_leukotheas,ko,22.86,57.88,26.96
europe_lau,Κοινότητα Παλιούρης,koinoteta_palioures,ko,45.55,65.84,80.46
europe_lau,Κοινότητα Ραΐκου,koinoteta_raikou,ko,63.08,66.85,52.55
europe_lau,Κοινότητα Σουλοπούλου,koinoteta_soulopoulou,ko,62.69,64.04,65.09
europe_lau,Κοινότητα Λεπτοκαρυάς,koinoteta_leptokaryas,ko,29.57,59.86,97.02
europe_lau,Κοινότητα Λιας,koinoteta_lias,ko,45.63,60.13,71.22
europe_lau,Κοινότητα Λίστας,koinoteta_listas,ko,42.86,56.63,71.68
europe_lau,Κοινότητα Μαλουνίου,koinoteta_malouniou,ko,59.07,59.65,68.84
europe_lau,Κοινότητα Μηλέας,koinoteta_meleas,ko,40.58,54.48,43.71
europe_lau,Κοινότητα Ξεχώρου,koinoteta_xechorou,ko,41.25,59.24,76.84
europe_lau,Κοινότητα Παλαιοκκλησίου,koinoteta_palaiokklesiou,ko,57.07,68.2,79.81
europe_lau,Κοινότητα Παλαιοχωρίου,koinoteta_palaiochoriou,ko,50.05,64.92,7.08
europe_lau,Κοινότητα Παλαμπά,koinoteta_palampa,ko,37.48,73.49,86.59
europe_lau,Κοινότητα Πηγαδούλια,koinoteta_pegadoulia,ko,39.97,69.21,-30.62
europe_lau,Κοινότητα Πλαισίου,koinoteta_plaisiou,ko,48.56,55,66.79
europe_lau,Κοινότητα Πλατάνου,koinoteta_platanou,ko,68.33,74.62,52.89
europe_lau,Κοινότητα Ραβενής,koinoteta_rabenes,ko,46.96,56.5,60.81
europe_lau,Κοινότητα Ριζού,koinoteta_rizou,ko,53.4,65.86,69.93
europe_lau,Κοινότητα Σίδερης,koinoteta_sideres,ko,43.61,61.04,35.47
europe_lau,Κοινότητα Τρικορύφου,koinoteta_trikoryphou,ko,56.44,72.57,22.48
europe_lau,Κοινότητα Τσαμαντά,koinoteta_tsamanta,ko,46.38,67.51,63.32
europe_lau,Κοινότητα Φανερωμένης,koinoteta_phaneromenes,ko,38.2,67.72,19.81
europe_lau,Κοινότητα Φοινικίου,koinoteta_phoinikiou,ko,45.77,67.56,60
europe_lau,Κοινότητα Χαραυγής,koinoteta_charauges,ko,58.78,66.25,19.52
europe_lau,Κοινότητα Ψηλοβράχου,koinoteta_pselobrachou,ko,39.73,74.6,97.13
europe_lau,Κοινότητα Στράτου,koinoteta_stratou,ko,16.31,51.16,75.74
europe_lau,Κοινότητα Γουριωτίσσης,koinoteta_gouriotisses,ko,51.51,61.5,32.07
europe_lau,Κοινότητα Καστρακίου,koinoteta_kastrakiou,ko,40.73,73.62,91.82
europe_lau,Κοινότητα Κυψέλης,koinoteta_kypseles,ko,33.55,57.75,87.07
europe_lau,Κοινότητα Λεπενούς,koinoteta_lepenous,ko,36.95,75.55,98.46
europe_lau,Κοινότητα Ματσουκίου,koinoteta_matsoukiou,ko,29.88,69.32,78.5
europe_lau,Κοινότητα Οχθίων,koinoteta_ochthion,ko,39.61,54.8,78.31
europe_lau,Κοινότητα Ρίγανης,koinoteta_riganes,ko,67.16,73.11,54.6
europe_lau,Κοινότητα Αμφιλοχίας,koinoteta_amphilochias,ko,53.72,57.56,71.66
europe_lau,Κοινότητα Αμπελακίου,koinoteta_ampelakiou,ko,38.7,75.87,-69.22
europe_lau,Κοινότητα Ανοιξιάτικου,koinoteta_anoixiatikou,ko,61.86,65.48,58.27
europe_lau,Κοινότητα Βαρετάδας,koinoteta_baretadas,ko,69,70.24,52.65
europe_lau,Κοινότητα Κεχρινιάς,koinoteta_kechrinias,ko,48.03,73.16,70.86
europe_lau,Κοινότητα Λουτρού,koinoteta_loutrou,ko,22.95,62.93,-115.14
europe_lau,Κοινότητα Μέγα Κάμπου,koinoteta_mega_kampou,ko,50.73,68.69,0.39
europe_lau,Κοινότητα Σαρδινίων,koinoteta_sardinion,ko,31.91,61.83,-74.15
europe_lau,Κοινότητα Σπάρτου,koinoteta_spartou,ko,60.02,69.14,80.26
europe_lau,Κοινότητα Στάνου,koinoteta_stanou,ko,57.19,75.61,67.2
europe_lau,Κοινότητα Χαλκιοπούλων,koinoteta_chalkiopoulon,ko,42.75,62.9,-29.08
europe_lau,Κοινότητα Αγριδίου,koinoteta_agridiou,ko,31.65,55.89,-27.22
europe_lau,Κοινότητα Αλευράδας,koinoteta_aleuradas,ko,48.25,61.68,86.45
europe_lau,Κοινότητα Αμοργιανών,koinoteta_amorgianon,ko,36.99,57.33,95.52
europe_lau,Κοινότητα Βρουβιανών,koinoteta_broubianon,ko,40.97,65.19,74.56
europe_lau,Κοινότητα Γιαννοπούλων,koinoteta_giannopoulon,ko,37.93,71.2,57.45
europe_lau,Κοινότητα Εμπεσού,koinoteta_empesou,ko,45.78,64.34,88.91
europe_lau,Κοινότητα Μαλεσιάδας,koinoteta_malesiadas,ko,53.12,67.78,31.51
europe_lau,Κοινότητα Μπαμπαλιού,koinoteta_mpampaliou,ko,52.21,67.37,56.23
europe_lau,Κοινότητα Πατιοπούλου,koinoteta_patiopoulou,ko,45.75,65.85,43.07
europe_lau,Κοινότητα Περδικακίου,koinoteta_perdikakiou,ko,28.68,49.76,96.13
europe_lau,Κοινότητα Πετρώνας,koinoteta_petronas,ko,44.38,59.16,88.58
europe_lau,Κοινότητα Ποδογοράς,koinoteta_podogoras,ko,36.6,56.87,77.95
europe_lau,Κοινότητα Σταθά,koinoteta_statha,ko,58.46,67.13,41.76
europe_lau,Κοινότητα Τρικλίνου,koinoteta_triklinou,ko,31.48,73.18,33.76
europe_lau,Κοινότητα Μενιδίου,koinoteta_menidiou,ko,46.51,62.39,17.52
europe_lau,Κοινότητα Φλωριάδος,koinoteta_phloriados,ko,33.61,55.14,-13.02
europe_lau,Κοινότητα Θέρμου,koinoteta_thermou,ko,36.35,50.03,88.17
europe_lau,Κοινότητα Αβαρίκου,koinoteta_abarikou,ko,41.34,63.37,6.69
europe_lau,Κοινότητα Αγίας Σοφίας,koinoteta_agias_sophias,ko,40.99,66.1,33.81
europe_lau,Κοινότητα Αετοπέτρας,koinoteta_aetopetras,ko,33.6,65.9,-15.44
europe_lau,Κοινότητα Αμβρακίας,koinoteta_ambrakias,ko,36.31,55.62,82.8
europe_lau,Κοινότητα Αναλήψεως,koinoteta_analepseos,ko,53.89,67.58,80.08
europe_lau,Κοινότητα Αργυρού Πηγαδίου,koinoteta_argyrou_pegadiou,ko,68.87,78.69,33.62
europe_lau,Κοινότητα Διασελλακίου,koinoteta_diasellakiou,ko,52.98,62.8,63.6
europe_lau,Κοινότητα Διπλατάνου,koinoteta_diplatanou,ko,55.78,74.35,57.44
europe_lau,Κοινότητα Δρυμώνος,koinoteta_drymonos,ko,37.95,50.06,51.16
europe_lau,Κοινότητα Καλουδίου,koinoteta_kaloudiou,ko,45.53,63.19,39.75
europe_lau,Κοινότητα Κάτω Χρυσοβίτσης,koinoteta_kato_chrysobitses,ko,60.66,67.95,33.68
europe_lau,Κοινότητα Κοκκινόβρυσης,koinoteta_kokkinobryses,ko,48.12,67.41,69.95
europe_lau,Κοινότητα Κονίσκης,koinoteta_koniskes,ko,39.93,68.27,68.65
europe_lau,Κοινότητα Λευκού,koinoteta_leukou,ko,43.19,66.63,76.84
europe_lau,Κοινότητα Μυρτιάς,koinoteta_myrtias,ko,35.94,61.42,44.49
europe_lau,Κοινότητα Νεροχωρίου,koinoteta_nerochoriou,ko,37.14,76.94,68.19
europe_lau,Κοινότητα Παμφίου,koinoteta_pamphiou,ko,26.54,56.91,44.25
europe_lau,Κοινότητα Πέρκου,koinoteta_perkou,ko,44.62,68.55,75.29
europe_lau,Κοινότητα Πετροχωρίου,koinoteta_petrochoriou,ko,54.12,70.11,18.05
europe_lau,Κοινότητα Σιταραλώνων,koinoteta_sitaralonon,ko,18.29,45.21,28.33
europe_lau,Κοινότητα Αγίου Λαυρεντίου,koinoteta_agiou_laurentiou,ko,19.24,60.53,53.62
europe_lau,Κοινότητα Κάτω Λεχωνίων,koinoteta_kato_lechonion,ko,34.22,69.36,48.49
europe_lau,Κοινότητα Άνω Βόλου,koinoteta_ano_bolou,ko,24.89,48.64,74.86
europe_lau,Κοινότητα Αγίου Ονουφρίου,koinoteta_agiou_onouphriou,ko,20.78,65.94,-121.05
europe_lau,Κοινότητα Ανακασιάς,koinoteta_anakasias,ko,34.88,43.59,65.59
europe_lau,Κοινότητα Μακρινίτσης,koinoteta_makrinitses,ko,51.42,61.9,19.17
europe_lau,Κοινότητα Νέας Αγχιάλου,koinoteta_neas_anchialou,ko,51.33,63.09,32.5
europe_lau,Κοινότητα Αϊδινίου,koinoteta_aidiniou,ko,24.97,59.09,-123.52
europe_lau,Κοινότητα Μικροθηβών,koinoteta_mikrothebon,ko,32.83,55.9,-14.42
europe_lau,Κοινότητα Νέας Ιωνίας,koinoteta_neas_ionias,ko,50.39,62.71,40.58
europe_lau,Κοινότητα Γλαφυρών,koinoteta_glaphyron,ko,43.1,64.9,32.75
europe_lau,Κοινότητα Πορταριάς,koinoteta_portarias,ko,37.37,68.09,-29.3
europe_lau,Κοινότητα Άλλης Μεριάς,koinoteta_alles_merias,ko,55.26,65.26,46.5
europe_lau,Κοινότητα Κατωχωρίου,koinoteta_katochoriou,ko,38.88,52.12,61.57
europe_lau,Κοινότητα Σταγιατών,koinoteta_stagiaton,ko,38.76,51.24,75.16
europe_lau,Κοινότητα Αλμυρού,koinoteta_almyrou,ko,40.32,44.72,33.26
europe_lau,Κοινότητα Ανθοτόπου,koinoteta_anthotopou,ko,34.85,71.63,49.75
europe_lau,Κοινότητα Ευξεινουπόλεως,koinoteta_euxeinoupoleos,ko,49.61,68.98,6.87
europe_lau,Κοινότητα Κοκκωτών,koinoteta_kokkoton,ko,34.93,62.61,73.05
europe_lau,Κοινότητα Κροκίου,koinoteta_krokiou,ko,28.87,57.48,-37.84
europe_lau,Κοινότητα Κωφών,koinoteta_kophon,ko,42.05,61.35,30.93
europe_lau,Κοινότητα Πλατάνου,koinoteta_platanou,ko,30.48,56.48,4.3
europe_lau,Κοινότητα Φυλάκης,koinoteta_phylakes,ko,57.28,73.59,20.51
europe_lau,Κοινότητα Ανάβρας,koinoteta_anabras,ko,63.84,71.38,42.34
europe_lau,Κοινότητα Πτελεού,koinoteta_pteleou,ko,25.16,50.4,17.34
europe_lau,Κοινότητα Αγίων Θεοδώρων,koinoteta_agion_theodoron,ko,63.43,67.43,64.18
europe_lau,Κοινότητα Αχιλλείου,koinoteta_achilleiou,ko,23.91,54.76,-8.56
europe_lau,Κοινότητα Σούρπης,koinoteta_sourpes,ko,38.46,44.25,75.1
europe_lau,Κοινότητα Αγίας Τριάδος,koinoteta_agias_triados,ko,29.13,39.19,87.93
europe_lau,Κοινότητα Αγίου Ιωάννου,koinoteta_agiou_ioannou,ko,24.47,54.05,22.39
europe_lau,Κοινότητα Αμαλιαπόλεως,koinoteta_amaliapoleos,ko,44.44,48.34,67.8
europe_lau,Κοινότητα Βρυναίνης,koinoteta_brynaines,ko,24.46,43.79,93.72
europe_lau,Κοινότητα Δρυμώνος,koinoteta_drymonos,ko,64.99,70.23,76.56
europe_lau,Κοινότητα Ζαγοράς,koinoteta_zagoras,ko,45.59,60.4,48.1
europe_lau,Κοινότητα Μακρυρράχης,koinoteta_makryrraches,ko,23.55,73.15,51.71
europe_lau,Κοινότητα Ευάνδρου,koinoteta_euandrou,ko,61.16,71.88,48.78
europe_lau,Κοινότητα Θάνα,koinoteta_thana,ko,30.1,47.66,99.13
europe_lau,Κοινότητα Μάκρης,koinoteta_makres,ko,36.75,64.83,77.78
europe_lau,Κοινότητα Μερκοβουνίου,koinoteta_merkobouniou,ko,27.01,38.47,97.24
europe_lau,Κοινότητα Παλλαντίου,koinoteta_pallantiou,ko,45.59,55.35,43.53
europe_lau,Κοινότητα Πελάγους,koinoteta_pelagous,ko,45.49,60.67,65.72
europe_lau,Κοινότητα Περθωρίου,koinoteta_perthoriou,ko,45.71,62.2,92.06
europe_lau,Κοινότητα Σκοπής,koinoteta_skopes,ko,57.27,82.92,17.67
europe_lau,Κοινότητα Ασέας,koinoteta_aseas,ko,79.83,78.19,56.08
europe_lau,Κοινότητα Αγριακόνας,koinoteta_agriakonas,ko,36.59,59.21,93.86
europe_lau,Κοινότητα Αθηναίου,koinoteta_athenaiou,ko,48.24,55.6,33.97
europe_lau,Κοινότητα Αμπελακίου,koinoteta_ampelakiou,ko,38.5,62.27,70.64
europe_lau,Κοινότητα Αραχαμιτών,koinoteta_arachamiton,ko,51.05,57.27,56.93
europe_lau,Κοινότητα Βαλτετσίου,koinoteta_baltetsiou,ko,66.47,71.88,51.07
europe_lau,Κοινότητα Δάφνης,koinoteta_daphnes,ko,56.79,71.2,65.11
europe_lau,Κοινότητα Δόριζα,koinoteta_doriza,ko,66.45,73.22,42.28
europe_lau,Κοινότητα Καλτεζών,koinoteta_kaltezon,ko,51.91,69.94,69.17
europe_lau,Κοινότητα Κεραστάρη,koinoteta_kerastare,ko,61.6,68.94,29.22
europe_lau,Κοινότητα Μάναρη,koinoteta_manare,ko,63.18,72.35,61.1
europe_lau,Κοινότητα Μαυρογιάννη,koinoteta_maurogianne,ko,49.7,69.17,6.37
europe_lau,Κοινότητα Παλαιοχούνης,koinoteta_palaiochounes,ko,46.69,71.65,85.58
europe_lau,Κοινότητα Πάπαρη,koinoteta_papare,ko,55.28,64.57,49.29
europe_lau,Κοινότητα Στενού,koinoteta_stenou,ko,30.07,51.65,57.67
europe_lau,Κοινότητα Αγιωργιτίκων,koinoteta_agiorgitikon,ko,51.03,72.46,73.85
europe_lau,Κοινότητα Ελαιοχωρίου,koinoteta_elaiochoriou,ko,57.76,72.58,71.83
europe_lau,Κοινότητα Ζευγολατείου,koinoteta_zeugolateiou,ko,33.6,60.05,90.59
europe_lau,Κοινότητα Νεοχωρίου Μαντινείας,koinoteta_neochoriou_mantineias,ko,19.12,47.4,-17.29
europe_lau,Κοινότητα Παρθενίου,koinoteta_partheniou,ko,58.12,73.37,75.69
europe_lau,Κοινότητα Λεβιδίου,koinoteta_lebidiou,ko,51.07,61.47,70.16
europe_lau,Κοινότητα Βλαχέρνης,koinoteta_blachernes,ko,46.84,64.76,86.92
europe_lau,Κοινότητα Δάρα,koinoteta_dara,ko,40.26,57.7,81.78
europe_lau,Κοινότητα Κανδήλας,koinoteta_kandelas,ko,65.12,67.79,43.68
europe_lau,Κοινότητα Καρδαρά,koinoteta_kardara,ko,52.06,68.47,23.54
europe_lau,Κοινότητα Κώμης,koinoteta_komes,ko,43.61,79.64,91.37
europe_lau,Κοινότητα Λίμνης,koinoteta_limnes,ko,41.97,64.62,92.39
europe_lau,Κοινότητα Ορχομενού,koinoteta_orchomenou,ko,59.59,73.68,70.98
europe_lau,Κοινότητα Παλαιοπύργου,koinoteta_palaiopyrgou,ko,45.14,55.35,28.93
europe_lau,Κοινότητα Παναγίτσας,koinoteta_panagitsas,ko,43.96,72.74,93.33
europe_lau,Κοινότητα Χωτούσσης,koinoteta_chotousses,ko,49.64,69.98,23.19
europe_lau,Κοινότητα Νεστάνης,koinoteta_nestanes,ko,45.99,61.83,-11.83
europe_lau,Κοινότητα Ζίτσης,koinoteta_zitses,ko,58.94,69.94,51.94
europe_lau,Κοινότητα Δαφνοφύτου,koinoteta_daphnophytou,ko,57.87,64.16,48.01
europe_lau,Κοινότητα Καρίτσης,koinoteta_karitses,ko,28.54,54.51,-54.48
europe_lau,Κοινότητα Λιθίνου,koinoteta_lithinou,ko,36.58,58.3,92.98
europe_lau,Κοινότητα Πρωτόπαππα,koinoteta_protopappa,ko,46.03,65.79,26.1
europe_lau,Κοινότητα Βουτσαρά,koinoteta_boutsara,ko,45.04,57.26,89.12
europe_lau,Κοινότητα Κούμαρη,koinoteta_koumare,ko,35.48,56.79,52.76
europe_lau,Κοινότητα Κουνινάς,koinoteta_kouninas,ko,23.22,54.55,52.5
europe_lau,Κοινότητα Μαυρικίου,koinoteta_maurikiou,ko,19.63,40.04,95.39
europe_lau,Κοινότητα Μελισσίων,koinoteta_melission,ko,55.19,70.63,47.2
europe_lau,Κοινότητα Παρασκευής,koinoteta_paraskeues,ko,44.06,67.66,57.96
europe_lau,Κοινότητα Πτέρης,koinoteta_pteres,ko,37.56,48.87,66.53
europe_lau,Κοινότητα Σελινούντος,koinoteta_selinountos,ko,49.53,58.38,55.38
europe_lau,Κοινότητα Τέμενης,koinoteta_temenes,ko,50.9,66.84,33.15
europe_lau,Κοινότητα Χατζή,koinoteta_chatze,ko,52.6,64.88,45.62
europe_lau,Κοινότητα Αιγείρας,koinoteta_aigeiras,ko,66.42,68.93,54.99
europe_lau,Κοινότητα Αιγών,koinoteta_aigon,ko,37.71,56.73,99.76
europe_lau,Κοινότητα Αμπελοκήπων,koinoteta_ampelokepon,ko,28.82,63.39,68.15
europe_lau,Κοινότητα Βελάς,koinoteta_belas,ko,60.45,72.6,41.19
europe_lau,Κοινότητα Εξοχής,koinoteta_exoches,ko,55.28,60.92,42.9
europe_lau,Κοινότητα Μοναστηρίου,koinoteta_monasteriou,ko,58.05,77.34,65.65
europe_lau,Κοινότητα Οάσεως,koinoteta_oaseos,ko,56.98,85.11,81.63
europe_lau,Κοινότητα Περιθωρίου,koinoteta_perithoriou,ko,47.43,68.35,62.59
europe_lau,Κοινότητα Σελιάνας,koinoteta_selianas,ko,52.15,78.99,70.65
europe_lau,Κοινότητα Σινεβρού,koinoteta_sinebrou,ko,43.1,81.37,97.37
europe_lau,Κοινότητα Χρυσανθίου,koinoteta_chrysanthiou,ko,43.48,70.35,56.18
europe_lau,Κοινότητα Ακράτας,koinoteta_akratas,ko,21.4,44.31,77.63
europe_lau,Κοινότητα Αγίας Βαρβάρας,koinoteta_agias_barbaras,ko,54.97,68.93,26.99
europe_lau,Κοινότητα Αμπέλου,koinoteta_ampelou,ko,42.01,66.49,94.82
europe_lau,Κοινότητα Βαλιμής,koinoteta_balimes,ko,37.8,59.09,54.35
europe_lau,Κοινότητα Βουτσίμου,koinoteta_boutsimou,ko,25.44,70.82,86.49
europe_lau,Κοινότητα Ζαρούχλης,koinoteta_zarouchles,ko,65.22,74.18,48.7
europe_lau,Κοινότητα Καλαμιά,koinoteta_kalamia,ko,16.36,37.37,58.51
europe_lau,Κοινότητα Κραθίου,koinoteta_krathiou,ko,49.4,74.11,88.76
europe_lau,Κοινότητα Μεσορρουγίου,koinoteta_mesorrougiou,ko,60.16,71,65.54
europe_lau,Κοινότητα Παραλίας Πλατάνου,koinoteta_paralias_platanou,ko,27.34,54.47,-31.6
europe_lau,Κοινότητα Περιστέρας,koinoteta_peristeras,ko,33.96,50.06,45.77
europe_lau,Κοινότητα Πλατάνου,koinoteta_platanou,ko,68.42,67.42,63.59
europe_lau,Κοινότητα Ποροβίτσης,koinoteta_porobitses,ko,51.44,70.68,64.83
europe_lau,Κοινότητα Συλιβαινιώτικων,koinoteta_sylibainiotikon,ko,46.17,67.62,87.62
europe_lau,Κοινότητα Διακοπτού,koinoteta_diakoptou,ko,22.96,46.61,84.04
europe_lau,Κοινότητα Άνω Διακοπτού,koinoteta_ano_diakoptou,ko,27.82,53.8,86.7
europe_lau,Κοινότητα Ελαιώνος,koinoteta_elaionos,ko,49.99,72.02,55.59
europe_lau,Κοινότητα Ελίκης,koinoteta_elikes,ko,48.95,69.36,-5.17
europe_lau,Κοινότητα Ζαχλωριτίκων,koinoteta_zachloritikon,ko,53.87,68.44,73.88
europe_lau,Κοινότητα Καθολικού,koinoteta_katholikou,ko,38.29,50.32,83.7
europe_lau,Κοινότητα Κερυνείας,koinoteta_keryneias,ko,39.25,59.38,-18.1
europe_lau,Κοινότητα Μαμουσιάς,koinoteta_mamousias,ko,46.78,66.2,37.76
europe_lau,Κοινότητα Νικολαιίκων,koinoteta_nikolaiikon,ko,43.81,53.41,85.2
europe_lau,Κοινότητα Ριζομύλου,koinoteta_rizomylou,ko,29.09,59.27,38.41
europe_lau,Κοινότητα Ροδιάς,koinoteta_rodias,ko,33.32,54.58,98.63
europe_lau,Κοινότητα Τραπέζης,koinoteta_trapezes,ko,43.11,69.87,45.35
europe_lau,Κοινότητα Ζήριας,koinoteta_zerias,ko,62.39,69.04,34.16
europe_lau,Κοινότητα Αρραβωνίτσης,koinoteta_arrabonitses,ko,45.13,61.19,12.34
europe_lau,Κοινότητα Δαμακινίου,koinoteta_damakiniou,ko,43.27,61.42,83.76
europe_lau,Κοινότητα Καμάρων,koinoteta_kamaron,ko,20.87,51.9,30.52
europe_lau,Κοινότητα Νέου Ερινεού,koinoteta_neou_erineou,ko,52.48,71.39,42.92
europe_lau,Κοινότητα Σαλμενίκου,koinoteta_salmenikou,ko,19.68,52.12,49.99
europe_lau,Κοινότητα Ροδοδάφνης,koinoteta_rododaphnes,ko,42.72,58.47,-12.85
europe_lau,Κοινότητα Αγίου Κωνσταντίνου,koinoteta_agiou_konstantinou,ko,30.8,59.62,9.71
europe_lau,Κοινότητα Άλσους,koinoteta_alsous,ko,25.1,63.89,-16.58
europe_lau,Κοινότητα Βερίνου,koinoteta_berinou,ko,30.22,52.8,47.81
europe_lau,Κοινότητα Γκραίκα,koinoteta_nkraika,ko,36.42,70.84,-4.11
europe_lau,Κοινότητα Γρηγόρη,koinoteta_gregore,ko,43,72.94,-11.94
europe_lau,Κοινότητα Δημητροπούλου,koinoteta_demetropoulou,ko,32.38,52.36,14.63
europe_lau,Κοινότητα Δουκαναιίκων,koinoteta_doukanaiikon,ko,54.14,80.48,-15.73
europe_lau,Κοινότητα Κρήνης Αιγιαλείας,koinoteta_krenes_aigialeias,ko,35.75,62.7,32.78
europe_lau,Κοινότητα Λάκκας,koinoteta_lakkas,ko,22.01,62.75,-56.56
europe_lau,Κοινότητα Νέας Κίου,koinoteta_neas_kiou,ko,57.43,75.88,34.9
europe_lau,Κοινότητα Ασκληπιείου,koinoteta_asklepieiou,ko,43.82,63.93,56.89
europe_lau,Κοινότητα Αγίου Δημητρίου,koinoteta_agiou_demetriou,ko,43.77,65.08,71.54
europe_lau,Κοινότητα Αδαμίου,koinoteta_adamiou,ko,30.99,57.73,29.32
europe_lau,Κοινότητα Αρκαδικού,koinoteta_arkadikou,ko,40.46,45.99,56.22
europe_lau,Κοινότητα Αρχαίας Επιδαύρου,koinoteta_archaias_epidaurou,ko,49.16,63.93,43.01
europe_lau,Κοινότητα Δημαίνης,koinoteta_demaines,ko,53,70.47,92.53
europe_lau,Κοινότητα Νέας Επιδαύρου,koinoteta_neas_epidaurou,ko,48.61,62.68,31.93
europe_lau,Κοινότητα Χαλικίου Αμβρακίας,koinoteta_chalikiou_ambrakias,ko,51.71,68.11,70.23
europe_lau,Κοινότητα Χρυσοβίτσας,koinoteta_chrysobitsas,ko,62.84,70.93,40.28
europe_lau,Κοινότητα Ναυπάκτου,koinoteta_naupaktou,ko,33.13,52.43,-20.52
europe_lau,Κοινότητα Αφροξυλιάς,koinoteta_aphroxylias,ko,46.52,53.42,63.87
europe_lau,Κοινότητα Βελβίνας,koinoteta_belbinas,ko,40.97,61.87,50.98
europe_lau,Κοινότητα Ζελίου,koinoteta_zeliou,ko,46.41,58.43,4.73
europe_lau,Κοινότητα Λευκοχωρίου,koinoteta_leukochoriou,ko,38.69,60.07,64.34
europe_lau,Κοινότητα Παναγίτσας,koinoteta_panagitsas,ko,45.48,75.49,96.83
europe_lau,Κοινότητα Σφάκας,koinoteta_sphakas,ko,66.27,68.94,68.75
europe_lau,Κοινότητα Δομοκού,koinoteta_domokou,ko,54.89,66.23,13.65
europe_lau,Κοινότητα Αχλαδέας,koinoteta_achladeas,ko,70.87,77.36,37.28
europe_lau,Κοινότητα Βουζίου,koinoteta_bouziou,ko,55.55,70.39,40.13
europe_lau,Κοινότητα Γερακλίου,koinoteta_gerakliou,ko,48.86,67.62,14.34
europe_lau,Κοινότητα Καρυών,koinoteta_karyon,ko,33.98,45.38,2.65
europe_lau,Κοινότητα Λεύκας,koinoteta_leukas,ko,42.78,78.24,41.21
europe_lau,Κοινότητα Μακρολιβάδου,koinoteta_makrolibadou,ko,31.35,51.13,89.33
europe_lau,Κοινότητα Μαντασιάς,koinoteta_mantasias,ko,56.34,68.72,55.57
europe_lau,Κοινότητα Μελιταίας,koinoteta_melitaias,ko,43.86,70.66,91.87
europe_lau,Κοινότητα Νέας Μακρίσης,koinoteta_neas_makrises,ko,42.12,62.41,73.03
europe_lau,Κοινότητα Νεοχωρίου,koinoteta_neochoriou,ko,38.73,70.75,-49.99
europe_lau,Κοινότητα Παλαμά,koinoteta_palama,ko,49.76,64.92,68.04
europe_lau,Κοινότητα Πετρωτού,koinoteta_petrotou,ko,40.84,49.74,39.57
europe_lau,Κοινότητα Πολυδενδρίου,koinoteta_polydendriou,ko,52.12,67.87,72.21
europe_lau,Κοινότητα Πουρναρίου,koinoteta_pournariou,ko,30.88,48.78,-32
europe_lau,Κοινότητα Φυλιαδώνος,koinoteta_phyliadonos,ko,43.64,67.43,95.45
europe_lau,Κοινότητα Νέου Μοναστηρίου,koinoteta_neou_monasteriou,ko,39.61,61.28,22.79
europe_lau,Κοινότητα Αγραπιδιάς,koinoteta_agrapidias,ko,15.94,55.16,-274.32
europe_lau,Κοινότητα Βαρδαλής,koinoteta_bardales,ko,35.34,57.61,3.13
europe_lau,Κοινότητα Βελεσιωτών,koinoteta_belesioton,ko,49.67,71.19,94.66
europe_lau,Κοινότητα Γαβρακίων,koinoteta_gabrakion,ko,30.9,48.22,84.88
europe_lau,Κοινότητα Εκκάρας,koinoteta_ekkaras,ko,44.15,57.11,88.44
europe_lau,Κοινότητα Θαυμακού,koinoteta_thaumakou,ko,28.13,48.49,95.92
europe_lau,Κοινότητα Σοφιάδας,koinoteta_sophiadas,ko,57.07,78.5,56.61
europe_lau,Κοινότητα Ομβριακής,koinoteta_ombriakes,ko,40.7,63.46,53.03
europe_lau,Κοινότητα Αγίου Γεωργίου Δομοκού,koinoteta_agiou_georgiou_domokou,ko,33.15,70.6,83.48
europe_lau,Κοινότητα Αγίου Στεφάνου,koinoteta_agiou_stephanou,ko,44.02,53.93,58.1
europe_lau,Κοινότητα Κορομηλέας,koinoteta_koromeleas,ko,35.85,62.08,97.48
europe_lau,Κοινότητα Μακρυρράχης,koinoteta_makryrraches,ko,59.85,76.22,43.41
europe_lau,Κοινότητα Ξυνιάδος,koinoteta_xyniados,ko,38.5,50.08,75.27
europe_lau,Κοινότητα Παναγίας,koinoteta_panagias,ko,31.14,60.56,84.77
europe_lau,Κοινότητα Περιβολίου Δομοκού,koinoteta_periboliou_domokou,ko,60.47,68.94,59.86
europe_lau,Κοινότητα Αταλάντης,koinoteta_atalantes,ko,39.78,58.82,39.37
europe_lau,Κοινότητα Εξάρχου,koinoteta_exarchou,ko,50.33,76.86,-21.34
europe_lau,Κοινότητα Καλαποδίου,koinoteta_kalapodiou,ko,43.17,64.34,12.59
europe_lau,Κοινότητα Κυπαρισσίου,koinoteta_kyparissiou,ko,47.63,60.85,67.25
europe_lau,Κοινότητα Κυρτώνης,koinoteta_kyrtones,ko,65.12,68.12,50.11
europe_lau,Κοινότητα Μεγαπλατάνου,koinoteta_megaplatanou,ko,42.78,68.76,24.17
europe_lau,Κοινότητα Τραγάνας,koinoteta_traganas,ko,35.91,59.9,49.18
europe_lau,Κοινότητα Λιβανατών,koinoteta_libanaton,ko,28.03,41.3,15.71
europe_lau,Κοινότητα Αρκίτσας,koinoteta_arkitsas,ko,26.29,59.4,-130.19
europe_lau,Κοινότητα Γουλεμίου,koinoteta_goulemiou,ko,39.61,58.67,80.57
europe_lau,Κοινότητα Μαλεσίνης,koinoteta_malesines,ko,37.51,52.96,4.5
europe_lau,Κοινότητα Προσκυνά,koinoteta_proskyna,ko,38.75,58.45,81.65
europe_lau,Κοινότητα Μαρτίνου,koinoteta_martinou,ko,27.75,49.16,-47.94
europe_lau,Κοινότητα Λαρύμνης,koinoteta_larymnes,ko,62.95,64.77,64.51
europe_lau,Κοινότητα Σπερχειάδος,koinoteta_spercheiados,ko,47.31,68.03,92.57
europe_lau,Κοινότητα Αγίου Σώστου,koinoteta_agiou_sostou,ko,19.65,40.67,64.52
europe_lau,Κοινότητα Ανατολής,koinoteta_anatoles,ko,23.69,50.12,99.28
europe_lau,Κοινότητα Αργυρίων,koinoteta_argyrion,ko,44.27,76.11,96.98
europe_lau,Κοινότητα Γαρδικίου,koinoteta_gardikiou,ko,24.71,60.62,98.1
europe_lau,Κοινότητα Καλλιθέας Σπερχειάδος,koinoteta_kallitheas_spercheiados,ko,23.45,39.8,56.15
europe_lau,Κοινότητα Καμπιών,koinoteta_kampion,ko,35.21,47.11,55.49
europe_lau,Κοινότητα Καναλίων,koinoteta_kanalion,ko,26.68,43.49,20.09
europe_lau,Κοινότητα Κλωνίου,koinoteta_kloniou,ko,37.47,69.82,97.89
europe_lau,Κοινότητα Κολοκυθιάς,koinoteta_kolokythias,ko,27.19,56.36,86.01
europe_lau,Κοινότητα Κυριακοχωρίου,koinoteta_kyriakochoriou,ko,31.27,51.9,91.52
europe_lau,Κοινότητα Αμβροσίας,koinoteta_ambrosias,ko,42.23,61.55,71.66
europe_lau,Κοινότητα Σάλπης,koinoteta_salpes,ko,50.8,61.07,69.97
europe_lau,Κοινότητα Αμαξάδων,koinoteta_amaxadon,ko,35.05,57.69,93.18
europe_lau,Κοινότητα Σώστη,koinoteta_soste,ko,21.55,48.69,79.28
europe_lau,Κοινότητα Ασωμάτων,koinoteta_asomaton,ko,45.22,66.14,78.01
europe_lau,Κοινότητα Κερασέας,koinoteta_keraseas,ko,46.3,55.12,52.22
europe_lau,Κοινότητα Ληνού,koinoteta_lenou,ko,34.41,71.31,81.81
europe_lau,Κοινότητα Μέγα Πιστού,koinoteta_mega_pistou,ko,33.58,66.3,97.77
europe_lau,Κοινότητα Μίσχου,koinoteta_mischou,ko,29.85,69.45,97.01
europe_lau,Κοινότητα Πολυάνθου,koinoteta_polyanthou,ko,30.26,47.95,99.93
europe_lau,Κοινότητα Σαπών,koinoteta_sapon,ko,41.24,52.88,20.44
europe_lau,Κοινότητα Αμφίας,koinoteta_amphias,ko,63.1,74.76,63.89
europe_lau,Κοινότητα Αρίσβης,koinoteta_arisbes,ko,41.26,62.09,69.58
europe_lau,Κοινότητα Έβρενου,koinoteta_ebrenou,ko,52.34,79.23,-18.72
europe_lau,Κοινότητα Ιασίου,koinoteta_iasiou,ko,49.28,64.92,47.1
europe_lau,Κοινότητα Κιζαρίου,koinoteta_kizariou,ko,35.14,57.83,34.24
europe_lau,Κοινότητα Κρωβύλης,koinoteta_krobyles,ko,30.67,36.1,76.27
europe_lau,Κοινότητα Λοφαρίου,koinoteta_lophariou,ko,47.84,61.81,38.13
europe_lau,Κοινότητα Στρύμης,koinoteta_strymes,ko,40.15,57.05,51.31
europe_lau,Κοινότητα Ξυλαγανής,koinoteta_xylaganes,ko,57.67,83.35,60.26
europe_lau,Κοινότητα Αμαράντων,koinoteta_amaranton,ko,41.1,58.75,-0.08
europe_lau,Κοινότητα Ιμέρου,koinoteta_imerou,ko,45,62.39,44.39
europe_lau,Κοινότητα Μαρωνείας,koinoteta_maroneias,ko,50.84,60.18,41.05
europe_lau,Κοινότητα Μιράνων,koinoteta_miranon,ko,46.18,53.26,46.96
europe_lau,Κοινότητα Πελαγίας,koinoteta_pelagias,ko,26.34,58.38,82.42
europe_lau,Κοινότητα Προσκυνητών,koinoteta_proskyneton,ko,41.58,67.72,35.39
europe_lau,Κοινότητα Δράμας,koinoteta_dramas,ko,49.72,60.91,43.72
europe_lau,Κοινότητα Καλλιφύτου,koinoteta_kalliphytou,ko,49.5,60.05,60.81
europe_lau,Κοινότητα Καλού Αγρού,koinoteta_kalou_agrou,ko,55.48,67.46,79.74
europe_lau,Κοινότητα Κουδουνίων,koinoteta_koudounion,ko,36.17,58.3,99.68
europe_lau,Κοινότητα Λιβαδερού,koinoteta_libaderou,ko,45.74,66.75,-6.42
europe_lau,Κοινότητα Μακρυπλαγίου,koinoteta_makryplagiou,ko,46.71,59.21,65.31
europe_lau,Κοινότητα Μαυροβάτου,koinoteta_maurobatou,ko,53.8,70.52,61.6
europe_lau,Κοινότητα Μικροχωρίου,koinoteta_mikrochoriou,ko,35.16,55.08,79.5
europe_lau,Κοινότητα Μοναστηρακίου,koinoteta_monasterakiou,ko,19.55,40.08,85.59
europe_lau,Κοινότητα Μυλοποτάμου,koinoteta_mylopotamou,ko,10.6,33.9,69.96
europe_lau,Κοινότητα Νικοτσάρας,koinoteta_nikotsaras,ko,22.66,44.23,95.05
europe_lau,Κοινότητα Ξηροποτάμου,koinoteta_xeropotamou,ko,36.12,67.83,87.93
europe_lau,Κοινότητα Χωριστής,koinoteta_choristes,ko,34.46,46.07,65
europe_lau,Κοινότητα Σιδηρονέρου,koinoteta_sideronerou,ko,37.04,40.7,77.14
europe_lau,Κοινότητα Σκαλωτής,koinoteta_skalotes,ko,54.79,65.59,61.25
europe_lau,Κοινότητα Αρτεμισίου,koinoteta_artemisiou,ko,33.15,59.45,90.86
europe_lau,Κοινότητα Κάψα,koinoteta_kapsa,ko,49.84,53.74,54.22
europe_lau,Κοινότητα Λουκά,koinoteta_louka,ko,32.45,57.52,-52.14
europe_lau,Κοινότητα Πικέρνη,koinoteta_pikerne,ko,39.96,69.34,99.44
europe_lau,Κοινότητα Σάγκα,koinoteta_sanka,ko,49.25,70.7,90.67
europe_lau,Κοινότητα Σιμιάδων,koinoteta_simiadon,ko,71.69,70.72,70.47
europe_lau,Κοινότητα Βλαχοκερασέας,koinoteta_blachokeraseas,ko,46.89,66.59,84.65
europe_lau,Κοινότητα Αγίας Βαρβάρας,koinoteta_agias_barbaras,ko,45.41,57.68,46.65
europe_lau,Κοινότητα Αλεποχωρίου,koinoteta_alepochoriou,ko,37.46,65.24,94.13
europe_lau,Κοινότητα Βουρβούρων,koinoteta_bourbouron,ko,46.72,70.5,-15.86
europe_lau,Κοινότητα Κερασιάς,koinoteta_kerasias,ko,53.57,61.71,64.83
europe_lau,Κοινότητα Κολλινών,koinoteta_kollinon,ko,57.89,61.09,71.13
europe_lau,Κοινότητα Πηγαδακίων,koinoteta_pegadakion,ko,31.22,57.06,91.8
europe_lau,Κοινότητα Σταδίου,koinoteta_stadiou,ko,17.79,38.9,91.95
europe_lau,Κοινότητα Αλέας,koinoteta_aleas,ko,17.46,64.75,80.51
europe_lau,Κοινότητα Βουνού,koinoteta_bounou,ko,65.52,72.95,66.09
europe_lau,Κοινότητα Γαρέας,koinoteta_gareas,ko,27.48,58.01,84.98
europe_lau,Κοινότητα Επισκοπής,koinoteta_episkopes,ko,44.08,65.67,51.63
europe_lau,Κοινότητα Καμαρίου,koinoteta_kamariou,ko,50.33,61.26,41.43
europe_lau,Κοινότητα Κανδάλου,koinoteta_kandalou,ko,36.45,59.12,62.23
europe_lau,Κοινότητα Κερασίτσης,koinoteta_kerasitses,ko,48.79,75.11,97.27
europe_lau,Κοινότητα Λιθοβουνίων,koinoteta_lithobounion,ko,47.43,76.49,49.13
europe_lau,Κοινότητα Κοτσικιάς,koinoteta_kotsikias,ko,42.56,62.28,60.66
europe_lau,Κοινότητα Παππάδων,koinoteta_pappadon,ko,39.57,49.32,59.84
europe_lau,Κοινότητα Καρπενησίου,koinoteta_karpenesiou,ko,56.55,69.57,37.26
europe_lau,Κοινότητα Αγίας Βλαχέρνης,koinoteta_agias_blachernes,ko,53.86,63.44,32.72
europe_lau,Κοινότητα Αγίου Ανδρέου,koinoteta_agiou_andreou,ko,39.71,62.12,54.05
europe_lau,Κοινότητα Αγίου Νικολάου,koinoteta_agiou_nikolaou,ko,42.64,66.99,98.04
europe_lau,Κοινότητα Βουτύρου,koinoteta_boutyrou,ko,58.19,65.73,63.53
europe_lau,Κοινότητα Καλεσμένου,koinoteta_kalesmenou,ko,60.34,71.22,71.72
europe_lau,Κοινότητα Κορυσχάδων,koinoteta_koryschadon,ko,29.37,63.07,92.29
europe_lau,Κοινότητα Μυρίκης,koinoteta_myrikes,ko,53.79,67.93,83.25
europe_lau,Κοινότητα Παππαρουσίου,koinoteta_papparousiou,ko,58.33,69.08,55.38
europe_lau,Κοινότητα Παυλοπούλου,koinoteta_paulopoulou,ko,40.8,59.62,61.35
europe_lau,Κοινότητα Σελλών,koinoteta_sellon,ko,66.3,80.18,77.48
europe_lau,Κοινότητα Στενώματος,koinoteta_stenomatos,ko,48.76,72.25,-19.27
europe_lau,Κοινότητα Στεφανίου,koinoteta_stephaniou,ko,62.39,75.59,54.21
europe_lau,Κοινότητα Φιδακίων,koinoteta_phidakion,ko,56.53,87.99,53.88
europe_lau,Κοινότητα Κρικέλλου,koinoteta_krikellou,ko,60.01,74.68,54.59
europe_lau,Κοινότητα Άμπλιανης,koinoteta_amplianes,ko,40.23,59.63,98.69
europe_lau,Κοινότητα Δομνίστης,koinoteta_domnistes,ko,49.16,57.42,72.96
europe_lau,Κοινότητα Μεσοκώμης,koinoteta_mesokomes,ko,57.64,64.8,74.83
europe_lau,Κοινότητα Ροσκάς,koinoteta_roskas,ko,41.88,53.83,92.78
europe_lau,Κοινότητα Στάβλων,koinoteta_stablon,ko,47.19,71.33,75.41
europe_lau,Κοινότητα Ψιανών,koinoteta_psianon,ko,30.12,54.43,94.67
europe_lau,Κοινότητα Αγίας Τριάδος,koinoteta_agias_triados,ko,70.71,74.5,66.88
europe_lau,Κοινότητα Αγίου Χαραλάμπους,koinoteta_agiou_charalampous,ko,28.04,52.71,89.03
europe_lau,Κοινότητα Δομιανών,koinoteta_domianon,ko,57.01,58.88,70.03
europe_lau,Κοινότητα Πετραλώνων,koinoteta_petralonon,ko,40.82,66.08,-35.05
europe_lau,Κοινότητα Χόχλιας,koinoteta_chochlias,ko,44.46,65.27,7.67
europe_lau,Κοινότητα Μεγάλου Χωρίου,koinoteta_megalou_choriou,ko,32.37,60.81,92.32
europe_lau,Κοινότητα Ανιάδας,koinoteta_aniadas,ko,62.08,67.83,81.53
europe_lau,Κοινότητα Δερματίου,koinoteta_dermatiou,ko,55.45,72.86,70.23
europe_lau,Κοινότητα Καρίτσης Καρπενησίου,koinoteta_karitses_karpenesiou,ko,49.22,63.32,56.72
europe_lau,Κοινότητα Κλαυσίου,koinoteta_klausiou,ko,39.98,63.81,99.59
europe_lau,Κοινότητα Μικρού Χωρίου,koinoteta_mikrou_choriou,ko,61.49,70.86,66.35
europe_lau,Κοινότητα Μουζίλου,koinoteta_mouzilou,ko,54.55,72.36,47.47
europe_lau,Κοινότητα Νοστίμου,koinoteta_nostimou,ko,52.65,74.31,66.33
europe_lau,Κοινότητα Συγκρέλλου,koinoteta_synkrellou,ko,52.56,70.36,80.06
europe_lau,Κοινότητα Χελιδόνος,koinoteta_chelidonos,ko,54.61,64.52,33.62
europe_lau,Κοινότητα Προυσού,koinoteta_prousou,ko,44.53,55.8,73.54
europe_lau,Κοινότητα Αλεστίων,koinoteta_alestion,ko,63.87,78.84,68.54
europe_lau,Κοινότητα Ασπροπύργου,koinoteta_aspropyrgou,ko,55.31,63.85,73.65
europe_lau,Κοινότητα Βελωτών,koinoteta_beloton,ko,34.24,70.09,90.44
europe_lau,Κοινότητα Εσωχωρίων,koinoteta_esochorion,ko,39.34,69.43,90.72
europe_lau,Κοινότητα Καστανέας,koinoteta_kastaneas,ko,36.93,71.49,89.09
europe_lau,Κοινότητα Καταβόθρας,koinoteta_katabothras,ko,51.39,76.81,91.2
europe_lau,Κοινότητα Προδρόμου,koinoteta_prodromou,ko,51.18,61.03,62.37
europe_lau,Κοινότητα Σαρκίνης,koinoteta_sarkines,ko,23.2,61.7,74.24
europe_lau,Κοινότητα Σταυροχωρίου,koinoteta_staurochoriou,ko,73.73,73.41,45.47
europe_lau,Κοινότητα Τόρνου,koinoteta_tornou,ko,35.59,68.58,91.01
europe_lau,Κοινότητα Φουρνάς,koinoteta_phournas,ko,46.18,74.6,71.26
europe_lau,Κοινότητα Βράχας,koinoteta_brachas,ko,55.08,62.73,16.32
europe_lau,Κοινότητα Τραχειάς,koinoteta_tracheias,ko,41.17,61.49,42.2
europe_lau,Κοινότητα Κρανιδίου,koinoteta_kranidiou,ko,44.53,50.58,64.08
europe_lau,Κοινότητα Διδύμων,koinoteta_didymon,ko,42.37,61.14,-14.21
europe_lau,Κοινότητα Κοιλάδος,koinoteta_koilados,ko,42.06,53.83,44.3
europe_lau,Κοινότητα Πορτοχελίου,koinoteta_portocheliou,ko,30.95,56.91,38.95
europe_lau,Κοινότητα Φούρνων,koinoteta_phournon,ko,26.04,76.45,-184.54
europe_lau,Κοινότητα Ερμιόνης,koinoteta_ermiones,ko,32.53,49.34,52.43
europe_lau,Κοινότητα Ηλιοκάστρου,koinoteta_eliokastrou,ko,53.09,64.2,69.48
europe_lau,Κοινότητα Θερμησίας,koinoteta_thermesias,ko,43.2,66.5,-9.59
europe_lau,Κοινότητα Κορίνθου,koinoteta_korinthou,ko,49.98,68.94,0.04
europe_lau,Κοινότητα Αρχαίας Κορίνθου,koinoteta_archaias_korinthou,ko,39.41,59.97,59.91
europe_lau,Κοινότητα Εξαμιλίων,koinoteta_examilion,ko,47.06,51.95,46.29
europe_lau,Κοινότητα Ξυλοκερίζης,koinoteta_xylokerizes,ko,37.02,60.98,-8.45
europe_lau,Κοινότητα Σολομού,koinoteta_solomou,ko,49.76,70.62,14.33
europe_lau,Κοινότητα Περιγιαλίου,koinoteta_perigialiou,ko,35.73,56.71,96.72
europe_lau,Κοινότητα Άσσου,koinoteta_assou,ko,17.18,57.11,67.6
europe_lau,Κοινότητα Κάτω Άσσου,koinoteta_kato_assou,ko,46.52,67.54,75.47
europe_lau,Κοινότητα Λεχαίου,koinoteta_lechaiou,ko,49.64,65.7,81.75
europe_lau,Κοινότητα Αθικίων,koinoteta_athikion,ko,61.93,78.34,55.42
europe_lau,Κοινότητα Αγίου Ιωάννου,koinoteta_agiou_ioannou,ko,67.13,82.26,46.49
europe_lau,Κοινότητα Γαλατακίου,koinoteta_galatakiou,ko,47.67,68.01,63.56
europe_lau,Κοινότητα Κατακαλίου,koinoteta_katakaliou,ko,54.8,78.77,-8.33
europe_lau,Κοινότητα Σοφικού,koinoteta_sophikou,ko,53.05,62.5,40.62
europe_lau,Κοινότητα Αγγελοκάστρου,koinoteta_angelokastrou,ko,35.27,53.04,-25.63
europe_lau,Κοινότητα Κόρφου,koinoteta_korphou,ko,29.99,51.34,76.44
europe_lau,Κοινότητα Χιλιομοδίου,koinoteta_chiliomodiou,ko,29.57,40.3,58.48
europe_lau,Κοινότητα Αγιονορίου,koinoteta_agionoriou,ko,47.1,65.71,28.91
europe_lau,Κοινότητα Αγίου Βασιλείου,koinoteta_agiou_basileiou,ko,45.46,58.29,61.61
europe_lau,Κοινότητα Κλένιας,koinoteta_klenias,ko,50.91,70.05,21.08
europe_lau,Κοινότητα Κουταλά,koinoteta_koutala,ko,44.66,61.51,-5.46
europe_lau,Κοινότητα Στεφανίου,koinoteta_stephaniou,ko,45.75,76.68,-33.68
europe_lau,Κοινότητα Ζευγολατείου,koinoteta_zeugolateiou,ko,37.05,62.82,88.79
europe_lau,Κοινότητα Βοχαϊκού,koinoteta_bochaikou,ko,17.41,56.41,52.83
europe_lau,Κοινότητα Βραχατίου,koinoteta_brachatiou,ko,45.79,72.81,24.55
europe_lau,Κοινότητα Ευαγγελιστρίας,koinoteta_euangelistrias,ko,9.7,76.76,70.85
europe_lau,Κοινότητα Μπολατίου,koinoteta_mpolatiou,ko,13.4,58.56,55.3
europe_lau,Κοινότητα Σουληναρίου,koinoteta_soulenariou,ko,34.38,51.44,93.51
europe_lau,Κοινότητα Χαλκείου,koinoteta_chalkeiou,ko,55.9,65.28,57.75
europe_lau,Κοινότητα Βέλου,koinoteta_belou,ko,16.35,49.78,35.79
europe_lau,Κοινότητα Ελληνοχωρίου,koinoteta_ellenochoriou,ko,45.63,61.93,67.2
europe_lau,Κοινότητα Κοκκωνίου,koinoteta_kokkoniou,ko,47.96,69.94,8.6
europe_lau,Κοινότητα Κρηνών,koinoteta_krenon,ko,24.84,65.29,-51.22
europe_lau,Κοινότητα Νεράντζης,koinoteta_nerantzes,ko,55.31,76.36,73.47
europe_lau,Κοινότητα Πουλλίτσης,koinoteta_poullitses,ko,15.33,63.42,63.76
europe_lau,Κοινότητα Στιμάγκας,koinoteta_stimankas,ko,53.01,62.42,47.93
europe_lau,Κοινότητα Ταρσινών,koinoteta_tarsinon,ko,28.11,76.61,62.95
europe_lau,Κοινότητα Λουτρακίου Περαχώρας,koinoteta_loutrakiou_perachoras,ko,40.86,52.23,52.52
europe_lau,Κοινότητα Ισθμίας,koinoteta_isthmias,ko,43.28,58.51,9.77
europe_lau,Κοινότητα Πισίων,koinoteta_pision,ko,41.86,57.77,7.57
europe_lau,Κοινότητα Αγίων Θεοδώρων,koinoteta_agion_theodoron,ko,57.83,59.25,57.59
europe_lau,Κοινότητα Νεμέας,koinoteta_nemeas,ko,54.12,61.26,75.7
europe_lau,Κοινότητα Αηδονίων,koinoteta_aedonion,ko,49.96,62.04,72.3
europe_lau,Κοινότητα Αρχαίας Νεμέας,koinoteta_archaias_nemeas,ko,47.73,68.56,94.02
europe_lau,Köfering,kofering,ko,33.87,55.81,5.12
europe_lau,Κοινότητα Ασπροκκλησίου,koinoteta_asprokklesiou,ko,30.76,48,68.55
europe_lau,Κοινότητα Κεστρίνης,koinoteta_kestrines,ko,37.6,53,51.29
europe_lau,Κοινότητα Ραγίου,koinoteta_ragiou,ko,42.57,66.03,-7.54
europe_lau,Κοινότητα Σαγιάδας,koinoteta_sagiadas,ko,10.44,28.47,-5.42
europe_lau,Κοινότητα Σμέρτου,koinoteta_smertou,ko,46.23,59.6,57.41
europe_lau,Κοινότητα Πρεβέζης,koinoteta_prebezes,ko,35.47,50.2,-3.81
europe_lau,Κοινότητα Μιχαλιτσίου,koinoteta_michalitsiou,ko,27.82,42.28,82.04
europe_lau,Κοινότητα Μύτικα,koinoteta_mytika,ko,16.05,42.64,75
europe_lau,Κοινότητα Νικοπόλεως,koinoteta_nikopoleos,ko,30.24,46.51,72.79
europe_lau,Κοινότητα Φλαμπούρων,koinoteta_phlampouron,ko,56,78.2,14.39
europe_lau,Κοινότητα Καναλίου,koinoteta_kanaliou,ko,27.48,50.33,51.69
europe_lau,Κοινότητα Βράχου,koinoteta_brachou,ko,56.68,85.88,66.89
europe_lau,Κοινότητα Εκκλησιών,koinoteta_ekklesion,ko,40.46,69.95,92.91
europe_lau,Κοινότητα Καμαρίνας,koinoteta_kamarinas,ko,34.88,69.97,41.81
europe_lau,Κοινότητα Κρυοπηγής,koinoteta_kryopeges,ko,72.75,80.08,73.62
europe_lau,Κοινότητα Μυρσίνης,koinoteta_myrsines,ko,31.14,72.22,46.52
europe_lau,Κοινότητα Νέας Σαμψούντος,koinoteta_neas_sampsountos,ko,49.67,69.77,87.91
europe_lau,Κοινότητα Νέας Σινώπης,koinoteta_neas_sinopes,ko,19.97,30.42,38.35
europe_lau,Κοινότητα Ριζών,koinoteta_rizon,ko,38.85,83.51,43.75
europe_lau,Κοινότητα Χειμαδιού,koinoteta_cheimadiou,ko,47.4,57.81,86.52
europe_lau,Κοινότητα Λούρου,koinoteta_lourou,ko,44.32,75.9,89.28
europe_lau,Κοινότητα Άνω Ράχη,koinoteta_ano_rache,ko,40.74,72.35,92.05
europe_lau,Κοινότητα Βρυσούλας,koinoteta_brysoulas,ko,54.34,78.07,88.3
europe_lau,Κοινότητα Κοτσανοπούλου,koinoteta_kotsanopoulou,ko,63.24,78.79,77.03
europe_lau,Κοινότητα Καλαμπακίου,koinoteta_kalampakiou,ko,49.96,61.26,80.3
europe_lau,Κοινότητα Αγίας Παρασκευής,koinoteta_agias_paraskeues,ko,52.41,76.42,49.34
europe_lau,Κοινότητα Καλαμώνος,koinoteta_kalamonos,ko,39.97,56.84,20.42
europe_lau,Κοινότητα Νεροφράκτου,koinoteta_nerophraktou,ko,45.52,74.86,98.5
europe_lau,Κοινότητα Φτελιάς,koinoteta_phtelias,ko,42.69,62.35,50.6
europe_lau,Κοινότητα Κυρίων,koinoteta_kyrion,ko,52.87,72.36,21.32
europe_lau,Κοινότητα Αγίου Αθανασίου,koinoteta_agiou_athanasiou,ko,39.48,54.74,77.73
europe_lau,Κοινότητα Αγοράς,koinoteta_agoras,ko,41.65,70.66,-6.47
europe_lau,Κοινότητα Δοξάτου,koinoteta_doxatou,ko,41.62,66.05,81.21
europe_lau,Κοινότητα Κεφαλαρίου,koinoteta_kephalariou,ko,50.71,64.03,81.09
europe_lau,Κοινότητα Πηγαδίων,koinoteta_pegadion,ko,27.26,53.12,-48.31
europe_lau,Κοινότητα Κάτω Νευροκοπίου,koinoteta_kato_neurokopiou,ko,52.94,71.97,13.98
europe_lau,Κοινότητα Αχλαδέας,koinoteta_achladeas,ko,41.92,68.73,96.96
europe_lau,Κοινότητα Βαθυτόπου,koinoteta_bathytopou,ko,37.73,66.87,49.54
europe_lau,Κοινότητα Βώλακος,koinoteta_bolakos,ko,40.02,59.09,21.77
europe_lau,Κοινότητα Γρανίτου,koinoteta_granitou,ko,51.88,60.01,77.03
europe_lau,Κοινότητα Δασωτού,koinoteta_dasotou,ko,73.19,75.61,63.93
europe_lau,Κοινότητα Εξοχής,koinoteta_exoches,ko,46.59,66.55,62.89
europe_lau,Κοινότητα Καταφύτου,koinoteta_kataphytou,ko,49.93,66.2,38.04
europe_lau,Κοινότητα Κάτω Βροντούς,koinoteta_kato_brontous,ko,53.75,63.82,61.28
europe_lau,Kobrow,kobrow,ko,40.45,63.19,90.17
europe_lau,Kogel,kogel,ko,43.77,58.47,85.8
europe_lau,Κοινότητα Κλειτσού,koinoteta_kleitsou,ko,59.26,76.68,46.01
europe_lau,Κοινότητα Κερασοχωρίου,koinoteta_kerasochoriou,ko,56.19,64.55,35.13
europe_lau,Κοινότητα Αγίου Δημητρίου,koinoteta_agiou_demetriou,ko,65.51,68.48,56.79
europe_lau,Κοινότητα Βίνιανης,koinoteta_binianes,ko,56.42,66.95,69.24
europe_lau,Κοινότητα Δάφνης,koinoteta_daphnes,ko,46.75,58.03,51.28
europe_lau,Κοινότητα Μαυρομμάτας,koinoteta_maurommatas,ko,64.74,75.55,80.84
europe_lau,Κοινότητα Χρύσως,koinoteta_chrysos,ko,45.46,55.1,20.62
europe_lau,Κοινότητα Αγράφων,koinoteta_agraphon,ko,57.62,66.44,78.65
europe_lau,Κοινότητα Βραγγιανών,koinoteta_brangianon,ko,62.26,66.1,58.94
europe_lau,Κοινότητα Επινιανών,koinoteta_epinianon,ko,43.54,71.89,93.64
europe_lau,Κοινότητα Αμμουδάρας,koinoteta_ammoudaras,ko,34.05,65.16,-20.99
europe_lau,Κοινότητα Ασπροκκλησιάς,koinoteta_asprokklesias,ko,41.53,60.13,20.45
europe_lau,Κοινότητα Βράχου,koinoteta_brachou,ko,35.22,56.01,97.65
europe_lau,Κοινότητα Διαλεκτού,koinoteta_dialektou,ko,28.5,57.17,52.76
europe_lau,Κοινότητα Καστανοφύτου,koinoteta_kastanophytou,ko,23.43,48.03,29.5
europe_lau,Κοινότητα Λάγκας,koinoteta_lankas,ko,37.43,62.86,98.36
europe_lau,Κοινότητα Λακκωμάτων,koinoteta_lakkomaton,ko,49.05,64.19,37.59
europe_lau,Κοινότητα Μελανθίου,koinoteta_melanthiou,ko,64.48,70.49,62.86
europe_lau,Κοινότητα Νοστίμου,koinoteta_nostimou,ko,39.45,64,7.26
europe_lau,Κοινότητα Σπηλαίων,koinoteta_spelaion,ko,42.93,50.22,38.28
europe_lau,Κοινότητα Σπήλιου,koinoteta_speliou,ko,58.88,65.76,53.02
europe_lau,Κοινότητα Βογατσικού,koinoteta_bogatsikou,ko,60.77,63.73,58.39
europe_lau,Κοινότητα Αμπελοκήπων,koinoteta_ampelokepon,ko,31.31,50.67,-9.3
europe_lau,Κοινότητα Γέρμα,koinoteta_germa,ko,46.05,66.18,89.77
europe_lau,Κοινότητα Κωσταραζίου,koinoteta_kostaraziou,ko,37.68,54.34,54.16
europe_lau,Κοινότητα Μηλίτσας,koinoteta_melitsas,ko,41.1,62.85,11.06
europe_lau,Κοινότητα Φλωρίνης,koinoteta_phlorines,ko,51.32,75.92,7.96
europe_lau,Κοινότητα Αλώνων,koinoteta_alonon,ko,50.75,74.3,25.28
europe_lau,Κοινότητα Αρμενοχωρίου,koinoteta_armenochoriou,ko,50.99,63.5,32.35
europe_lau,Κοινότητα Μεσονησίου,koinoteta_mesonesiou,ko,38.36,55.31,44.64
europe_lau,Κοινότητα Πρώτης,koinoteta_protes,ko,29.58,67.56,-26.55
europe_lau,Κοινότητα Σκοπιάς,koinoteta_skopias,ko,38.12,63.07,18.03
europe_lau,Κοινότητα Σίμος Ιωαννίδης,koinoteta_simos_ioannides,ko,35.28,44.63,63.62
europe_lau,Κοινότητα Κάτω Κλεινών,koinoteta_kato_kleinon,ko,57.38,72.36,23.19
europe_lau,Κοινότητα Αγίας Παρασκευής,koinoteta_agias_paraskeues,ko,64.79,76.82,62.69
europe_lau,Κοινότητα Ακρίτα,koinoteta_akrita,ko,60.36,74.25,18.65
europe_lau,Κοινότητα Άνω Καλλινίκης,koinoteta_ano_kallinikes,ko,61.69,66.34,53.41
europe_lau,Κοινότητα Άνω Κλεινών,koinoteta_ano_kleinon,ko,51.54,69.45,29.49
europe_lau,Κοινότητα Εθνικού,koinoteta_ethnikou,ko,56.55,78.46,39.49
europe_lau,Κοινότητα Κάτω Καλλινίκης,koinoteta_kato_kallinikes,ko,50.47,54.08,50.5
europe_lau,Κοινότητα Κλαδορράχης,koinoteta_kladorraches,ko,25,68.78,-38.06
europe_lau,Κοινότητα Κρατερού,koinoteta_kraterou,ko,36.6,73.82,-54.33
europe_lau,Κοινότητα Μαρίνης,koinoteta_marines,ko,33.86,58.86,-50.32
europe_lau,Κοινότητα Μεσοκάμπου,koinoteta_mesokampou,ko,35.91,58.85,10.83
europe_lau,Κοινότητα Μεσοχωρίου,koinoteta_mesochoriou,ko,34.67,69.64,-23.41
europe_lau,Κοινότητα Νέου Καυκάσου,koinoteta_neou_kaukasou,ko,52.36,68.43,28.11
europe_lau,Κοινότητα Νίκης,koinoteta_nikes,ko,46.65,65.68,-0.35
europe_lau,Κοινότητα Παρορείου,koinoteta_paroreiou,ko,35.1,79.7,-1.77
europe_lau,Κοινότητα Πολυπλατάνου,koinoteta_polyplatanou,ko,46.17,70.79,-4.03
europe_lau,Κοινότητα Νεοχωρακίου,koinoteta_neochorakiou,ko,30.76,63.94,95.47
europe_lau,Κοινότητα Αχλάδας,koinoteta_achladas,ko,26.6,37.36,19.47
europe_lau,Κοινότητα Βεύης,koinoteta_beues,ko,44.79,56.87,59.37
europe_lau,Κοινότητα Ιτέας,koinoteta_iteas,ko,45.04,53.89,63.53
europe_lau,Κοινότητα Λόφων,koinoteta_lophon,ko,39.06,70.85,-22.61
europe_lau,Κοινότητα Μελίτης,koinoteta_melites,ko,50.25,75.47,1.91
europe_lau,Κοινότητα Παλαίστρας,koinoteta_palaistras,ko,59.15,72.14,11.78
europe_lau,Κοινότητα Παππαγιάννη,koinoteta_pappagianne,ko,50.38,64.6,7.68
europe_lau,Κοινότητα Σιταριάς,koinoteta_sitarias,ko,71.21,80.67,48.94
europe_lau,Κοινότητα Σκοπού,koinoteta_skopou,ko,47.27,62.97,8.64
europe_lau,Κοινότητα Τριποτάμου,koinoteta_tripotamou,ko,36.02,59.38,-32.33
europe_lau,Κοινότητα Περάσματος,koinoteta_perasmatos,ko,41.8,65,97.16
europe_lau,Κοινότητα Αγίου Βαρθολομαίου,koinoteta_agiou_bartholomaiou,ko,45.33,67.38,73.92
europe_lau,Κοινότητα Αμμοχωρίου,koinoteta_ammochoriou,ko,61.91,77.13,24.86
europe_lau,Κοινότητα Άνω Υδρούσσης,koinoteta_ano_ydrousses,ko,41.33,58.07,82.07
europe_lau,Κοινότητα Ατραπού,koinoteta_atrapou,ko,32.93,58.93,55.12
europe_lau,Κοινότητα Δροσοπηγής,koinoteta_drosopeges,ko,45.01,58.54,77.91
europe_lau,Κοινότητα Κολχικής,koinoteta_kolchikes,ko,29.54,62.48,83.47
europe_lau,Κοινότητα Λεπτοκαρυών,koinoteta_leptokaryon,ko,29.03,69.13,86.94
europe_lau,Κοινότητα Πολυποτάμου,koinoteta_polypotamou,ko,74.38,73.83,52.83
europe_lau,Κοινότητα Τριανταφυλλέας,koinoteta_triantaphylleas,ko,30.57,69.82,24.38
europe_lau,Κοινότητα Πουρίου,koinoteta_pouriou,ko,67.8,75.68,51.06
europe_lau,Κοινότητα Τσαγκαράδας,koinoteta_tsankaradas,ko,55.06,69.78,49.59
europe_lau,Κοινότητα Αγίου Δημητρίου Πηλίου,koinoteta_agiou_demetriou_peliou,ko,48.29,83.25,10.52
europe_lau,Κοινότητα Ανηλίου,koinoteta_aneliou,ko,17.01,50.23,26
europe_lau,Κοινότητα Αετοπέτρας Δωδώνης,koinoteta_aetopetras_dodones,ko,35.51,48.12,63.95
europe_lau,Κοινότητα Βερενίκης,koinoteta_berenikes,ko,64.24,72.3,39.37
europe_lau,Κοινότητα Βροσίνας,koinoteta_brosinas,ko,59.92,62.98,57.6
europe_lau,Κοινότητα Βρυσούλας,koinoteta_brysoulas,ko,44.5,76.67,1
europe_lau,Κοινότητα Γιουργάνιστας,koinoteta_giourganistas,ko,49.55,64.8,77.47
europe_lau,Κοινότητα Γκριμπόβου,koinoteta_nkrimpobou,ko,51.57,63.4,66.78
europe_lau,Κοινότητα Γρανίτσης,koinoteta_granitses,ko,48.26,62.54,89.05
europe_lau,Κοινότητα Γρανιτσοπούλας,koinoteta_granitsopoulas,ko,35.87,75.31,79.16
europe_lau,Κοινότητα Δεσποτικού,koinoteta_despotikou,ko,68.86,75.81,31.71
europe_lau,Κοινότητα Δοβλά,koinoteta_dobla,ko,40.74,68.5,-3.81
europe_lau,Κοινότητα Εκκλησοχωρίου,koinoteta_ekklesochoriou,ko,65.72,71.1,51.4
europe_lau,Κοινότητα Ζαλόγγου,koinoteta_zalongou,ko,62.74,75.24,48.39
europe_lau,Κοινότητα Καλοχωρίου,koinoteta_kalochoriou,ko,44.54,65.3,24.86
europe_lau,Κοινότητα Κουρέντων,koinoteta_kourenton,ko,35.56,54.08,94.5
europe_lau,Κοινότητα Πολυδώρου,koinoteta_polydorou,ko,55.72,72.44,75.13
europe_lau,Κοινότητα Ραδοβιζίου,koinoteta_radobiziou,ko,33.71,45.61,71.98
europe_lau,Κοινότητα Ρίζου,koinoteta_rizou,ko,50.14,78.53,71.48
europe_lau,Κοινότητα Φωτεινού,koinoteta_photeinou,ko,36.05,70.35,58.45
europe_lau,Κοινότητα Χίνκας,koinoteta_chin_kas,ko,57.4,74.76,50.08
europe_lau,Κοινότητα Κονίτσης,koinoteta_konitses,ko,29.91,46.85,-21.62
europe_lau,Κοινότητα Αγίας Βαρβάρας,koinoteta_agias_barbaras,ko,42.16,74.75,50.06
europe_lau,Κοινότητα Αγίας Παρασκευής,koinoteta_agias_paraskeues,ko,57.99,67.31,66.64
europe_lau,Κοινότητα Αετοπέτρας Κονίτσης,koinoteta_aetopetras_konitses,ko,49.25,64.48,83.97
europe_lau,Κοινότητα Αηδονοχωρίου,koinoteta_aedonochoriou,ko,77.56,78.55,43.74
europe_lau,Κοινότητα Αμαράντου,koinoteta_amarantou,ko,42.38,56.62,84.62
europe_lau,Κοινότητα Αρμάτων,koinoteta_armaton,ko,36.47,64.73,89.48
europe_lau,Κοινότητα Γαναδιού,koinoteta_ganadiou,ko,44.52,61.43,49.32
europe_lau,Κοινότητα Ελευθέρου,koinoteta_eleutherou,ko,53.46,72.82,73.53
europe_lau,Κοινότητα Εξοχής,koinoteta_exoches,ko,57.97,77.6,56.65
europe_lau,Κοινότητα Ηλιορράχης,koinoteta_eliorraches,ko,61.66,68.95,41.01
europe_lau,Κοινότητα Καβασίλων,koinoteta_kabasilon,ko,59.22,70.99,47.19
europe_lau,Κοινότητα Καλλιθέας,koinoteta_kallitheas,ko,46.33,73.86,-41.75
europe_lau,Κοινότητα Κλειδωνιάς,koinoteta_kleidonias,ko,29.35,45.95,84.56
europe_lau,Κοινότητα Μαζίου,koinoteta_maziou,ko,60.4,78.32,85.48
europe_lau,Κοινότητα Μελισσόπετρας,koinoteta_melissopetras,ko,39.2,60.89,-11.16
europe_lau,Κοινότητα Μολίστης,koinoteta_molistes,ko,29.05,64.44,41.96
europe_lau,Κοινότητα Μολυβδοσκεπάστου,koinoteta_molybdoskepastou,ko,55.75,67.48,49.45
europe_lau,Κοινότητα Μοναστηρίου,koinoteta_monasteriou,ko,34.78,74.7,-7.59
europe_lau,Κοινότητα Νέου Σφηνωτού,koinoteta_neou_sphenotou,ko,59.75,81.33,13.13
europe_lau,Κοινότητα Ρευματιάς,koinoteta_reumatias,ko,52.99,69.36,52.14
europe_lau,Κοινότητα Σκιαδά,koinoteta_skiada,ko,57.36,74.52,56.66
europe_lau,Κοινότητα Στεφάνης,koinoteta_stephanes,ko,68.2,76.62,56.21
europe_lau,Κοινότητα Τρικάστρου,koinoteta_trikastrou,ko,27.09,57.41,98.78
europe_lau,Κοινότητα Ωρωπού,koinoteta_oropou,ko,34.02,58.55,66.54
europe_lau,Κοινότητα Φιλιππιάδος,koinoteta_philippiados,ko,28.59,51.88,94.71
europe_lau,Κοινότητα Αγίου Γεωργίου,koinoteta_agiou_georgiou,ko,42.92,51.83,79.38
europe_lau,Κοινότητα Γυμνοτόπου,koinoteta_gymnotopou,ko,35.51,55.84,58.55
europe_lau,Κοινότητα Δρυοφύτου,koinoteta_dryophytou,ko,54.62,66.55,39.78
europe_lau,Κοινότητα Κερασώνος,koinoteta_kerasonos,ko,56.68,75.93,41.93
europe_lau,Κοινότητα Κλεισούρας,koinoteta_kleisouras,ko,47.66,69.78,64.06
europe_lau,Κοινότητα Νέας Κερασούντος,koinoteta_neas_kerasountos,ko,50.33,68.74,72.08
europe_lau,Κοινότητα Παναγίας,koinoteta_panagias,ko,50.88,61.23,8.92
europe_lau,Κοινότητα Πέτρας,koinoteta_petras,ko,56.73,68.15,33.48
europe_lau,Κοινότητα Ρωμιάς,koinoteta_romias,ko,31.29,58.41,86.42
europe_lau,Κοινότητα Γοργομύλου,koinoteta_gorgomylou,ko,40.38,55.22,59.2
europe_lau,Κοινότητα Ανωγείου,koinoteta_anogeiou,ko,50.23,72.34,73.72
europe_lau,Κοινότητα Τσαγκαροπούλου,koinoteta_tsankaropoulou,ko,41.64,59.62,74.56
europe_lau,Κοινότητα Θεσπρωτικού,koinoteta_thesprotikou,ko,29.45,58.27,65.28
europe_lau,Κοινότητα Άσσου,koinoteta_assou,ko,35.36,55.96,99.23
europe_lau,Κοινότητα Γαλατά,koinoteta_galata,ko,60.94,71.42,34.18
europe_lau,Κοινότητα Μελιανών,koinoteta_melianon,ko,51.26,70.28,76.54
europe_lau,Κοινότητα Νικολιτσίου,koinoteta_nikolitsiou,ko,57.25,82.98,92
europe_lau,Κοινότητα Παππαδατών,koinoteta_pappadaton,ko,53.74,71.66,76.92
europe_lau,Κοινότητα Πολυσταφύλου,koinoteta_polystaphylou,ko,47.8,71.65,78.14
europe_lau,Komen-Waasten,komen_waasten,ko,33.92,52.31,57.12
europe_lau,Κοινότητα Ριζοβουνίου,koinoteta_rizobouniou,ko,58.44,76.27,59
europe_lau,Κοινότητα Κρανέας,koinoteta_kraneas,ko,33.81,58.26,79.48
europe_lau,Κοινότητα Καναλλακίου,koinoteta_kanallakiou,ko,60.7,67.43,67.91
europe_lau,Κοινότητα Αηδονιάς,koinoteta_aedonias,ko,64.1,73.5,59.28
europe_lau,Κοινότητα Αμμουδιάς,koinoteta_ammoudias,ko,63.08,71.33,63.15
europe_lau,Κοινότητα Άνω Σκαφιδωτής,koinoteta_ano_skaphidotes,ko,31.05,68.18,87.69
europe_lau,Κοινότητα Αχερουσίας,koinoteta_acherousias,ko,36.87,46.61,46.89
europe_lau,Κοινότητα Βαλανιδοράχης,koinoteta_balanidoraches,ko,41.37,57.4,5.02
europe_lau,Κοινότητα Βαλανιδούσσας,koinoteta_balanidoussas,ko,44.16,62.9,88.17
europe_lau,Κοινότητα Βουβοποτάμου,koinoteta_boubopotamou,ko,33.81,54.03,38.47
europe_lau,Κοινότητα Βλαχομάνδρας,koinoteta_blachomandras,ko,40.99,62.15,16.56
europe_lau,Κοινότητα Βομβοκούς,koinoteta_bombokous,ko,43.09,64.87,27.87
europe_lau,Κοινότητα Δάφνης,koinoteta_daphnes,ko,30.2,62.41,96.26
europe_lau,Κοινότητα Λυγιά,koinoteta_lygia,ko,57.3,70.08,26.07
europe_lau,Κοινότητα Μαμουλάδας,koinoteta_mamouladas,ko,46.59,58.4,43.23
europe_lau,Κοινότητα Νεοκάστρου,koinoteta_neokastrou,ko,40,63.41,86.71
europe_lau,Κοινότητα Ξηροπηγάδου,koinoteta_xeropegadou,ko,47.23,74.27,87.64
europe_lau,Κοινότητα Παλαιοχωρακίου,koinoteta_palaiochorakiou,ko,32.87,74.06,73.44
europe_lau,Κοινότητα Πιτσιναιίκων,koinoteta_pitsinaiikon,ko,32.38,56.94,85.57
europe_lau,Κοινότητα Ριγανίου,koinoteta_riganiou,ko,47.39,63.18,82.93
europe_lau,Κοινότητα Σκάλας,koinoteta_skalas,ko,19.28,43.76,87.02
europe_lau,Κοινότητα Αντιρρίου,koinoteta_antirriou,ko,48.99,75.56,1.62
europe_lau,Κοινότητα Μακυνείας,koinoteta_makyneias,ko,41.19,54.21,71.37
europe_lau,Κοινότητα Μολυκρείου,koinoteta_molykreiou,ko,57.73,68.8,68.05
europe_lau,Κοινότητα Άνω Χώρας,koinoteta_ano_choras,ko,39.61,47.93,52.51
europe_lau,Κοινότητα Αμπελακιωτίσσης,koinoteta_ampelakiotisses,ko,51.65,69.23,86.54
europe_lau,Κοινότητα Αναβρυτής,koinoteta_anabrytes,ko,51.05,67.81,78.7
europe_lau,Κοινότητα Ασπριάς,koinoteta_asprias,ko,65.74,75.12,69.15
europe_lau,Κοινότητα Γραμμένης Οξυάς,koinoteta_grammenes_oxyas,ko,42.19,78.68,92.2
europe_lau,Κοινότητα Γρηγορίου,koinoteta_gregoriou,ko,52.21,61,57.88
europe_lau,Κοινότητα Ελατόβρυσης,koinoteta_elatobryses,ko,43.77,63.4,91.72
europe_lau,Κοινότητα Ελατούς,koinoteta_elatous,ko,51.13,78.5,12.02
europe_lau,Κοινότητα Καλλονής,koinoteta_kallones,ko,49.91,74.43,11.75
europe_lau,Κοινότητα Καταφυγίου,koinoteta_kataphygiou,ko,52.26,71.57,86.01
europe_lau,Κοινότητα Κάτω Χώρας,koinoteta_kato_choras,ko,66.59,69.53,47.63
europe_lau,Κοινότητα Κεντρικής,koinoteta_kentrikes,ko,55.15,77.11,38.58
europe_lau,Κοινότητα Κοκκινοχωρίου,koinoteta_kokkinochoriou,ko,56.42,64.21,50.79
europe_lau,Κοινότητα Κρυονερίων,koinoteta_kryonerion,ko,51.06,60.06,65.47
europe_lau,Κοινότητα Κυδωνέας,koinoteta_kydoneas,ko,50.02,68.25,29.45
europe_lau,Κοινότητα Λεύκας,koinoteta_leukas,ko,36.09,52.55,92.02
europe_lau,Κοινότητα Λιμνίτσης,koinoteta_limnitses,ko,30.78,63.89,60.91
europe_lau,Κοινότητα Μανδρινής,koinoteta_mandrines,ko,28.96,57.08,94.66
europe_lau,Κοινότητα Πόδου,koinoteta_podou,ko,43.67,73.09,96.31
europe_lau,Κοινότητα Τερψιθέας,koinoteta_terpsitheas,ko,47.87,69.09,34.93
europe_lau,Κοινότητα Πλατάνου,koinoteta_platanou,ko,67.69,78.59,44.22
europe_lau,Κοινότητα Αγίου Δημητρίου,koinoteta_agiou_demetriou,ko,52.32,66.48,40.17
europe_lau,Κοινότητα Αραχόβης,koinoteta_arachobes,ko,35.67,66.96,89.85
europe_lau,Κοινότητα Αχλαδοκάστρου,koinoteta_achladokastrou,ko,53.18,75.79,71
europe_lau,"Königsberg i.Bay., St",konigsberg_i_bay_st,ko,24.84,51.19,-55
europe_lau,Κοινότητα Κισσού,koinoteta_kissou,ko,37.78,61.72,17.62
europe_lau,Κοινότητα Μουρεσίου,koinoteta_mouresiou,ko,26.8,47.53,91.61
europe_lau,Κοινότητα Ξορυχτίου,koinoteta_xorychtiou,ko,44.99,73.63,-12.25
europe_lau,Κοινότητα Αργαλαστής,koinoteta_argalastes,ko,40.98,50.18,40.56
europe_lau,Κοινότητα Μετοχίου,koinoteta_metochiou,ko,67.03,75.73,31.52
europe_lau,Κοινότητα Ξινόβρυσης,koinoteta_xinobryses,ko,43.29,64.1,7.2
europe_lau,Κοινότητα Νεοχωρίου,koinoteta_neochoriou,ko,40.38,59.08,34.06
europe_lau,Κοινότητα Αφετών,koinoteta_apheton,ko,36.52,58.13,59.21
europe_lau,Κοινότητα Πρόπαν,koinoteta_propan,ko,50.57,63.22,36.32
europe_lau,Κοινότητα Λαμπινούς,koinoteta_lampinous,ko,35.07,78,-10.88
europe_lau,Κοινότητα Συκής,koinoteta_sykes,ko,51.58,83.01,9.06
europe_lau,Κοινότητα Μηλεών,koinoteta_meleon,ko,43.24,55.33,87.55
europe_lau,Κοινότητα Αγίου Γεωργίου Νηλείας,koinoteta_agiou_georgiou_neleias,ko,39.92,64.8,96.59
europe_lau,Κοινότητα Βυζίτσης,koinoteta_byzitses,ko,25.17,63.53,75.74
europe_lau,Κοινότητα Καλών Νερών,koinoteta_kalon_neron,ko,28.26,64.71,77.54
europe_lau,Κοινότητα Πινακατών,koinoteta_pinakaton,ko,19.5,59.1,70.47
europe_lau,Κοινότητα Λαύκου,koinoteta_laukou,ko,16.89,43.17,43.91
europe_lau,Κοινότητα Μηλίνης,koinoteta_melines,ko,36.42,72.38,88.11
europe_lau,Κοινότητα Προμυρίου,koinoteta_promyriou,ko,51.89,68.19,87.84
europe_lau,Κοινότητα Τρικερίου,koinoteta_trikeriou,ko,40.54,64.88,83.17
europe_lau,Κοινότητα Βελεστίνου,koinoteta_belestinou,ko,28.38,39.56,-8.32
europe_lau,Κοινότητα Αγίου Γεωργίου Φερών,koinoteta_agiou_georgiou_pheron,ko,55.69,63.3,50.98
europe_lau,Κοινότητα Αερινού,koinoteta_aerinou,ko,56.68,61.77,62.63
europe_lau,Κοινότητα Μικρού Περιβολακίου,koinoteta_mikrou_peribolakiou,ko,55.61,62.55,51.22
europe_lau,Κοινότητα Περιβλέπτου,koinoteta_peribleptou,ko,59.85,66.46,47.28
europe_lau,Κοινότητα Στεφανοβικείου,koinoteta_stephanobikeiou,ko,52.69,58.5,37.92
europe_lau,Κοινότητα Καναλίων,koinoteta_kanalion,ko,46.44,65.32,25.4
europe_lau,Κοινότητα Κερασέας,koinoteta_keraseas,ko,47.49,57.51,24.88
europe_lau,Κοινότητα Ριζομύλου,koinoteta_rizomylou,ko,16.66,44.6,-27.47
europe_lau,Κοινότητα Κεραμιδίου,koinoteta_keramidiou,ko,32.66,42.06,3.92
europe_lau,Κοινότητα Σκοπέλου,koinoteta_skopelou,ko,52.64,67.18,33.96
europe_lau,Κοινότητα Γλώσσης,koinoteta_glosses,ko,45.91,69.69,63.11
europe_lau,Κοινότητα Κλήματος,koinoteta_klematos,ko,65.11,69.29,70.94
europe_lau,Κοινότητα Τρικκαίων,koinoteta_trikkaion,ko,39.87,58.67,53.28
europe_lau,Κοινότητα Μεγαλοχωρίου,koinoteta_megalochoriou,ko,51.63,66.12,49.73
europe_lau,Κοινότητα Λόγγου,koinoteta_longou,ko,64.15,76.79,23.74
europe_lau,Κοινότητα Πατουλιάς,koinoteta_patoulias,ko,58.45,69.93,85.9
europe_lau,Κοινότητα Χρυσαυγής,koinoteta_chrysauges,ko,50.77,67.66,58.07
europe_lau,Κοινότητα Βαλτινού,koinoteta_baltinou,ko,39.91,66.52,32.28
europe_lau,Κοινότητα Δενδροχωρίου,koinoteta_dendrochoriou,ko,34.67,49.09,26.98
europe_lau,Κοινότητα Κάτω Ελάτης,koinoteta_kato_elates,ko,62.98,76.22,50.41
europe_lau,Κοινότητα Φωτάδας,koinoteta_photadas,ko,41.05,66.53,55.27
europe_lau,Κοινότητα Πρίνου,koinoteta_prinou,ko,33.02,50.46,35.6
europe_lau,Κοινότητα Γενεσίου,koinoteta_genesiou,ko,52.25,78.32,3.53
europe_lau,Κοινότητα Γοργογυρίου,koinoteta_gorgogyriou,ko,21.29,33.26,-24.47
europe_lau,Κοινότητα Ξυλοπαροίκου,koinoteta_xyloparoikou,ko,52.14,78.45,-11.48
europe_lau,Κοινότητα Προδρόμου,koinoteta_prodromou,ko,34.93,58.64,-34.01
europe_lau,Κοινότητα Μεγάλων Καλυβίων,koinoteta_megalon_kalybion,ko,47.13,59.83,35.02
europe_lau,Κοινότητα Αγίας Κυριακής,koinoteta_agias_kyriakes,ko,44.05,75.06,-22.98
europe_lau,Κοινότητα Γλίνου,koinoteta_glinou,ko,28.28,44.5,11.08
europe_lau,Κοινότητα Παλαιοπύργου,koinoteta_palaiopyrgou,ko,37.12,58.95,-22.3
europe_lau,Κοινότητα Αγρελιάς,koinoteta_agrelias,ko,47.55,57.86,68.41
europe_lau,Κοινότητα Αρδανίου,koinoteta_ardaniou,ko,42.69,52.84,79.95
europe_lau,Κοινότητα Ζηλευτής,koinoteta_zeleutes,ko,21.95,43.16,37.93
europe_lau,Κοινότητα Κουμαριάς,koinoteta_koumarias,ko,37.62,44.32,66.72
europe_lau,Κοινότητα Μαγούλας,koinoteta_magoulas,ko,48.31,57.16,65.44
europe_lau,Κοινότητα Μανθυρέας,koinoteta_manthyreas,ko,58.31,71.14,63.02
europe_lau,Κοινότητα Μαυρικίου,koinoteta_maurikiou,ko,62.18,70.38,43.62
europe_lau,Κοινότητα Ριζών,koinoteta_rizon,ko,56.2,78.34,35.81
europe_lau,Κοινότητα Στρίγκου,koinoteta_strinkou,ko,49.05,60.13,45.77
europe_lau,Κοινότητα Τζίβα,koinoteta_tziba,ko,52.63,71.84,66.6
europe_lau,Κοινότητα Ψηλής Βρύσης,koinoteta_pseles_bryses,ko,52.66,70.76,85.78
europe_lau,Κοινότητα Τσελεπάκου,koinoteta_tselepakou,ko,28.55,60.63,71.22
europe_lau,Κοινότητα Αλωνισταίνης,koinoteta_alonistaines,ko,62.74,79.97,74.94
europe_lau,Κοινότητα Μαινάλου,koinoteta_mainalou,ko,49.27,60.35,26.64
europe_lau,Κοινότητα Πιάνας,koinoteta_pianas,ko,40.08,59.79,-2.45
europe_lau,Κοινότητα Ροεινού,koinoteta_roeinou,ko,51.37,69.87,12.19
europe_lau,Κοινότητα Σιλίμνης,koinoteta_silimnes,ko,55.68,65.72,41.17
europe_lau,Κοινότητα Χρυσοβιτσίου,koinoteta_chrysobitsiou,ko,53.23,71.98,87.21
europe_lau,Κοινότητα Άστρους,koinoteta_astrous,ko,36.13,64.43,56.07
europe_lau,Κοινότητα Αγίας Σοφίας,koinoteta_agias_sophias,ko,57.82,62.72,70.06
europe_lau,Κοινότητα Αγίου Ανδρέου,koinoteta_agiou_andreou,ko,40.55,52.35,69.21
europe_lau,Κοινότητα Αγίου Γεωργίου,koinoteta_agiou_georgiou,ko,41.05,48.69,70.63
europe_lau,Κοινότητα Νικάνορος,koinoteta_nikanoros,ko,38.9,61.7,-31.07
europe_lau,Κοινότητα Πάδων,koinoteta_padon,ko,58.85,78.71,89.26
europe_lau,Κοινότητα Παλαιοσελλίου,koinoteta_palaioselliou,ko,27.11,51.25,86.19
europe_lau,Κοινότητα Πηγής,koinoteta_peges,ko,43.47,69.52,-22.44
europe_lau,Κοινότητα Πουρνιάς,koinoteta_pournias,ko,52.98,71.81,95.14
europe_lau,Κοινότητα Πύργου,koinoteta_pyrgou,ko,47.73,66.84,98.09
europe_lau,Κοινότητα Αετομηλίτσης,koinoteta_aetomelitses,ko,43.25,57.37,94.25
europe_lau,Κοινότητα Διστράτου,koinoteta_distratou,ko,70.69,80.25,55.34
europe_lau,Κοινότητα Πυρσόγιαννης,koinoteta_pyrsogiannes,ko,56.3,62.09,36.39
europe_lau,Κοινότητα Ασημοχωρίου,koinoteta_asemochoriou,ko,53.27,64.44,62.07
europe_lau,Κοινότητα Βούρμπιανης,koinoteta_bourmpianes,ko,35.8,61.42,70.19
europe_lau,Κοινότητα Γοργοποτάμου,koinoteta_gorgopotamou,ko,35.94,48.19,50.95
europe_lau,Κοινότητα Δροσοπηγής,koinoteta_drosopeges,ko,48.9,63.5,46.05
europe_lau,Κοινότητα Καστάνιανης,koinoteta_kastanianes,ko,53.74,71.44,77.06
europe_lau,Κοινότητα Κεφαλοχωρίου,koinoteta_kephalochoriou,ko,54.73,71.28,68.15
europe_lau,Κοινότητα Λαγκάδας,koinoteta_lankadas,ko,42.93,59.24,60.41
europe_lau,Κοινότητα Οξυάς,koinoteta_oxyas,ko,45.78,57.03,77.13
europe_lau,Κοινότητα Πλαγιάς,koinoteta_plagias,ko,35.61,53.54,72.56
europe_lau,Κοινότητα Πληκατίου,koinoteta_plekatiou,ko,68.34,75.9,59.69
europe_lau,Κοινότητα Χιονάδων,koinoteta_chionadon,ko,55.88,75.43,83.58
europe_lau,Κοινότητα Φούρκας,koinoteta_phourkas,ko,63.5,76.39,57.96
europe_lau,Κοινότητα Μετσόβου,koinoteta_metsobou,ko,55.47,65.31,55.92
europe_lau,Κοινότητα Ανηλίου,koinoteta_aneliou,ko,43.74,55.01,60.31
europe_lau,Κοινότητα Λόγγου,koinoteta_longou,ko,53.87,68.89,78.06
europe_lau,Κοινότητα Μάγειρα,koinoteta_mageira,ko,37.37,59.23,98.58
europe_lau,Κοινότητα Μυρόβρυσης,koinoteta_myrobryses,ko,38.38,67.13,82.4
europe_lau,Κοινότητα Νεραντζιών,koinoteta_nerantzion,ko,57.95,70.58,48.63
europe_lau,Κοινότητα Σελιανιτίκων,koinoteta_selianitikon,ko,34.22,58.86,-25.49
europe_lau,Κοινότητα Τούμπας,koinoteta_toumpas,ko,25.46,51.08,4.04
europe_lau,Κοινότητα Κάτω Αχαΐας,koinoteta_kato_achaias,ko,45.64,60.35,82.2
europe_lau,Κοινότητα Αγιοβλασιτίκων,koinoteta_agioblasitikon,ko,41.46,52.91,79.98
europe_lau,Κοινότητα Αλισσού,koinoteta_alissou,ko,62.5,72.23,40.48
europe_lau,Κοινότητα Άνω Αχαΐας,koinoteta_ano_achaias,ko,63.2,78.47,76.97
europe_lau,Κοινότητα Ελαιοχωρίου,koinoteta_elaiochoriou,ko,42.21,68.17,95.46
europe_lau,Κοινότητα Κάτω Αλισσού,koinoteta_kato_alissou,ko,30.2,65.56,80.23
europe_lau,Κοινότητα Νιφοραιίκων,koinoteta_niphoraiikon,ko,56.55,69.91,76.64
europe_lau,Κοινότητα Πετροχωρίου,koinoteta_petrochoriou,ko,32.2,66.85,87.89
europe_lau,Κοινότητα Μετοχίου,koinoteta_metochiou,ko,46.77,64.15,95.65
europe_lau,Κοινότητα Αγίου Νικολάου Σπάτων,koinoteta_agiou_nikolaou_spaton,ko,30.83,53.53,-29.54
europe_lau,Κοινότητα Απιδεώνος,koinoteta_apideonos,ko,46.88,67.91,38.86
europe_lau,Κοινότητα Αράξου,koinoteta_araxou,ko,30.88,50.13,73.25
europe_lau,Κοινότητα Βελιτσών,koinoteta_belitson,ko,32,52.29,94.53
europe_lau,Κοινότητα Καγκαδίου,koinoteta_kankadiou,ko,48.84,72.07,35.53
europe_lau,Κοινότητα Λακκοπέτρας,koinoteta_lakkopetras,ko,31.3,55.78,16.94
europe_lau,Κοινότητα Ματαράγκας,koinoteta_matarankas,ko,38.65,70.27,-44.31
europe_lau,Κοινότητα Μιχοΐου,koinoteta_michoiou,ko,53.11,62.08,45.08
europe_lau,Κοινότητα Πέτα,koinoteta_peta,ko,23.73,52.19,-63.76
europe_lau,Κοινότητα Ριόλου,koinoteta_riolou,ko,34.09,70.39,36.87
europe_lau,Κοινότητα Σαγαιίκων,koinoteta_sagaiikon,ko,64.21,64.78,58.89
europe_lau,Κοινότητα Καραιίκων,koinoteta_karaiikon,ko,56.2,78.29,75.59
europe_lau,Κοινότητα Κρίνου,koinoteta_krinou,ko,29.05,51.24,40.6
europe_lau,Κοινότητα Λιμνοχωρίου,koinoteta_limnochoriou,ko,57.47,67.5,60.17
europe_lau,Κοινότητα Μύρτου,koinoteta_myrtou,ko,45.32,67.94,57.91
europe_lau,Κοινότητα Φράγκας,koinoteta_phrankas,ko,35.1,62.14,29.47
europe_lau,Κοινότητα Λουσικών,koinoteta_lousikon,ko,34.98,47.4,35.74
europe_lau,Κοινότητα Αγίου Νικολάου Κράλης,koinoteta_agiou_nikolaou_krales,ko,59.95,69.23,30.2
europe_lau,Κοινότητα Αγίου Στεφάνου,koinoteta_agiou_stephanou,ko,33.63,54.98,-22.72
europe_lau,Κοινότητα Άνω Σουδεναιίκων,koinoteta_ano_soudenaiikon,ko,48.16,70.88,91.3
europe_lau,Κοινότητα Άρλας,koinoteta_arlas,ko,41.71,61.34,80.67
europe_lau,Κοινότητα Αχαϊκού,koinoteta_achaikou,ko,52.1,73.26,-9.22
europe_lau,Κοινότητα Γαλαναίϊκα,koinoteta_galanaiika,ko,36.52,61.36,-23.45
europe_lau,Κοινότητα Γκανέϊκα,koinoteta_nkaneika,ko,50.14,69.6,59.47
europe_lau,Κοινότητα Κάτω Μαζαράκι,koinoteta_kato_mazaraki,ko,55.63,64.94,72.17
europe_lau,Κοινότητα Μιτοπόλεως,koinoteta_mitopoleos,ko,58.06,69.59,43.5
europe_lau,Κοινότητα Πορτών,koinoteta_porton,ko,61.02,73.06,62.84
europe_lau,Κοινότητα Σαντομερίου,koinoteta_santomeriou,ko,50.57,75.02,92.91
europe_lau,Κοινότητα Φλόκα,koinoteta_phloka,ko,61.12,73.05,73.67
europe_lau,Κοινότητα Φωσταίνης,koinoteta_phostaines,ko,61.46,77.69,73.31
europe_lau,Κοινότητα Χαραυγής,koinoteta_charauges,ko,40.66,75.97,89.53
europe_lau,Κοινότητα Χαϊκαλίου,koinoteta_chaikaliou,ko,43.61,57.03,24.89
europe_lau,Κοινότητα Χαλανδρίτσης,koinoteta_chalandritses,ko,40.41,48.49,48.38
europe_lau,Κοινότητα Βασιλικού,koinoteta_basilikou,ko,52.98,70.74,42.41
europe_lau,Κοινότητα Ελληνικού,koinoteta_ellenikou,ko,33.72,52.04,74.86
europe_lau,Κοινότητα Ισώματος,koinoteta_isomatos,ko,54.89,65.24,61.46
europe_lau,Κοινότητα Δενδροχωρίου,koinoteta_dendrochoriou,ko,52.22,74.33,41.59
europe_lau,Κοινότητα Καστανέας,koinoteta_kastaneas,ko,46.2,67.03,89.47
europe_lau,Κοινότητα Κλεπάς,koinoteta_klepas,ko,52.87,60.88,48.43
europe_lau,Κοινότητα Λιβαδακίου,koinoteta_libadakiou,ko,33.12,62.75,-20.71
europe_lau,Κοινότητα Νεοχωρίου Ναυπακτίας,koinoteta_neochoriou_naupaktias,ko,28.97,59.81,95.51
europe_lau,Κοινότητα Περδικόβρυσης,koinoteta_perdikobryses,ko,31.42,52.14,35.9
europe_lau,Κοινότητα Περίστης,koinoteta_peristes,ko,32.48,58.16,96.97
europe_lau,Κοινότητα Χόμορης,koinoteta_chomores,ko,65.28,72.46,66.36
europe_lau,Κοινότητα Σίμου,koinoteta_simou,ko,49.48,62.35,57.28
europe_lau,Κοινότητα Ανθοφύτου,koinoteta_anthophytou,ko,12.98,42.48,70.9
europe_lau,Κοινότητα Γάβρου,koinoteta_gabrou,ko,35.99,67.33,98.63
europe_lau,Κοινότητα Δορβιτσιάς,koinoteta_dorbitsias,ko,42.48,73.22,93.37
europe_lau,Κοινότητα Ελευθεριανής,koinoteta_eleutherianes,ko,45.74,70.95,99.96
europe_lau,Κοινότητα Μηλέας,koinoteta_meleas,ko,62.25,69.04,68.2
europe_lau,Κοινότητα Παλαιοπύργου,koinoteta_palaiopyrgou,ko,39.33,57.91,86.57
europe_lau,Κοινότητα Ποκίστης,koinoteta_pokistes,ko,52.57,76.01,68.76
europe_lau,Κοινότητα Στρανώμης,koinoteta_stranomes,ko,49.41,66.37,80.23
europe_lau,Κοινότητα Στύλιας,koinoteta_stylias,ko,48.7,57.5,60.33
europe_lau,Κοινότητα Φαμίλας,koinoteta_phamilas,ko,62.99,83.9,49.93
europe_lau,Κοινότητα Τρικόρφου,koinoteta_trikorphou,ko,52.92,67.85,81.37
europe_lau,Κοινότητα Άνω Βασιλικής,koinoteta_ano_basilikes,ko,55.77,68.5,71.32
europe_lau,Κοινότητα Βασιλικής,koinoteta_basilikes,ko,40.16,57.99,16.13
europe_lau,Κοινότητα Γαβρολίμνης,koinoteta_gabrolimnes,ko,41.8,78.07,61.8
europe_lau,Κοινότητα Λευκάδος,koinoteta_leukados,ko,69.04,69.51,43.7
europe_lau,Κοινότητα Μαρμάρων,koinoteta_marmaron,ko,41.83,63.58,83.82
europe_lau,Κοινότητα Μεσοποταμιάς,koinoteta_mesopotamias,ko,33.22,49.74,-5.08
europe_lau,Κοινότητα Νικολιτσίου,koinoteta_nikolitsiou,ko,52.92,80.48,91.61
europe_lau,Κοινότητα Παλαιοβράχας,koinoteta_palaiobrachas,ko,39.56,57.71,87.84
europe_lau,Κοινότητα Παλαιοχωρίου Τυμφρηστού,koinoteta_palaiochoriou_tymphrestou,ko,29.85,68.85,88.23
europe_lau,Κοινότητα Περιβολίου Φθιώτιδος,koinoteta_periboliou_phthiotidos,ko,59.13,73.01,65.77
europe_lau,Κοινότητα Πιτσίου,koinoteta_pitsiou,ko,46.36,60.26,59.13
europe_lau,Κοινότητα Πλατάνου,koinoteta_platanou,ko,51.48,58.09,66.68
europe_lau,Κοινότητα Πουγκακίων,koinoteta_pounkakion,ko,55.38,69.69,44.53
europe_lau,Κοινότητα Φτέρης,koinoteta_phteres,ko,20.44,55.23,74.05
europe_lau,Κοινότητα Αγίου Γεωργίου Φθιώτιδος,koinoteta_agiou_georgiou_phthiotidos,ko,40.84,53.27,78.06
europe_lau,Κοινότητα Βίτολης,koinoteta_bitoles,ko,41.43,50.8,37.81
europe_lau,Κοινότητα Δικάστρου,koinoteta_dikastrou,ko,57.09,75.91,75.11
europe_lau,Κοινότητα Μαυρίλου,koinoteta_maurilou,ko,55.99,68.14,50.74
europe_lau,Κοινότητα Μεγάλης Κάψης,koinoteta_megales_kapses,ko,21.7,44.5,-56.35
europe_lau,Κοινότητα Μερκάδας,koinoteta_merkadas,ko,39.24,60.9,40.7
europe_lau,Κοινότητα Μεσαίας Κάψης,koinoteta_mesaias_kapses,ko,18.2,58.88,-99.86
europe_lau,Κοινότητα Νεοχωρίου Τυμφρηστού,koinoteta_neochoriou_tymphrestou,ko,42.33,56.38,52.05
europe_lau,Κοινότητα Παλαιοκάστρου,koinoteta_palaiokastrou,ko,36.43,59.16,69.31
europe_lau,Κοινότητα Περιβλέπτου,koinoteta_peribleptou,ko,28.91,43.93,88.54
europe_lau,Κοινότητα Πιτσιωτών,koinoteta_pitsioton,ko,32.89,72.31,80.51
europe_lau,Κοινότητα Πτελέας,koinoteta_pteleas,ko,41.42,55.79,59.43
europe_lau,Κοινότητα Μακρακώμης,koinoteta_makrakomes,ko,48.7,77.96,-6.64
europe_lau,Κοινότητα Αρχανίου,koinoteta_archaniou,ko,36.08,50.3,97.93
europe_lau,Κοινότητα Ασβεστίου,koinoteta_asbestiou,ko,46.03,55.82,68.18
europe_lau,Κοινότητα Γιαννιτσούς,koinoteta_giannitsous,ko,36.83,61.24,-5.91
europe_lau,Κοινότητα Γραμμένης,koinoteta_grammenes,ko,46.12,68,22.13
europe_lau,Κοινότητα Καστρίου,koinoteta_kastriou,ko,41.78,64.3,50.01
europe_lau,Κοινότητα Λιτοσέλου,koinoteta_litoselou,ko,40.93,63.89,43.91
europe_lau,Κοινότητα Μάκρης,koinoteta_makres,ko,57.2,75.12,60.47
europe_lau,Κοινότητα Παλαιάς Γιαννιτσούς,koinoteta_palaias_giannitsous,ko,34.71,72.24,-19.95
europe_lau,Κοινότητα Παππά,koinoteta_pappa,ko,55.99,69.58,73.81
europe_lau,Κοινότητα Πλατυστόμου,koinoteta_platystomou,ko,53.57,74.34,-10.53
europe_lau,Κοινότητα Ροβολιαρίου,koinoteta_roboliariou,ko,46.62,59.77,55.58
europe_lau,Κοινότητα Τριλόφου,koinoteta_trilophou,ko,55.2,74.57,14.29
europe_lau,Κοινότητα Τσούκκας,koinoteta_tsoukkas,ko,45.39,67.91,87.09
europe_lau,Κοινότητα Τυμφρηστού,koinoteta_tymphrestou,ko,39.19,63.61,62.7
europe_lau,Κοινότητα Καμένων Βούρλων,koinoteta_kamenon_bourlon,ko,49.12,57.18,69.07
europe_lau,Κοινότητα Καινουργίου,koinoteta_kainourgiou,ko,51.57,62.15,72.62
europe_lau,Κοινότητα Ρεγκινίου,koinoteta_renkiniou,ko,54.8,70.47,20.45
europe_lau,Κοινότητα Αγίου Κωνσταντίνου,koinoteta_agiou_konstantinou,ko,33.96,60.53,9.9
europe_lau,Κοινότητα Αγνάντης,koinoteta_agnantes,ko,52.26,69.04,13.39
europe_lau,Κοινότητα Μώλου,koinoteta_molou,ko,58.72,71.99,78.37
europe_lau,Κοινότητα Αγίας Τριάδος,koinoteta_agias_triados,ko,40.36,50.5,72.05
europe_lau,Κοινότητα Αγίου Σεραφείμ,koinoteta_agiou_serapheim,ko,27.72,59.22,87.28
europe_lau,Κοινότητα Αγίου Χαραλάμπους,koinoteta_agiou_charalampous,ko,43.3,64.23,36.28
europe_lau,Κοινότητα Ανάβρας,koinoteta_anabras,ko,42.04,76.47,70.85
europe_lau,Κοινότητα Καλλιδρόμου,koinoteta_kallidromou,ko,63.9,73.64,68.18
europe_lau,Κοινότητα Κομνίνης,koinoteta_komnines,ko,68.16,68.95,73.51
europe_lau,Κοινότητα Μενδενίτσης,koinoteta_mendenitses,ko,39.92,54.43,17.86
europe_lau,Κοινότητα Λευκογείων,koinoteta_leukogeion,ko,49.24,60.62,86.07
europe_lau,Κοινότητα Μικροκλεισούρας,koinoteta_mikrokleisouras,ko,37.79,57.82,-14.38
europe_lau,Κοινότητα Μικρομηλέας,koinoteta_mikromeleas,ko,40.68,65.88,85.63
europe_lau,Κοινότητα Οχυρού,koinoteta_ochyrou,ko,56.44,69.42,9.9
europe_lau,Κοινότητα Παγονερίου,koinoteta_pagoneriou,ko,24.54,43.5,90.46
europe_lau,Κοινότητα Περιθωρίου,koinoteta_perithoriou,ko,58.68,73.98,42.3
europe_lau,Κοινότητα Ποταμών,koinoteta_potamon,ko,28.27,52.54,94.73
europe_lau,Κοινότητα Χρυσοκεφάλου,koinoteta_chrysokephalou,ko,25.89,48.42,-59.98
europe_lau,Κοινότητα Παρανεστίου,koinoteta_paranestiou,ko,48.84,67.77,46.49
europe_lau,Κοινότητα Θολού,koinoteta_tholou,ko,33.11,53.98,56.15
europe_lau,Κοινότητα Σίλης,koinoteta_siles,ko,43.47,61.95,37.57
europe_lau,Κοινότητα Νικηφόρου,koinoteta_nikephorou,ko,40.53,44.85,63.06
europe_lau,Κοινότητα Αδριανής,koinoteta_adrianes,ko,26.21,55,88.24
europe_lau,Κοινότητα Άνω Πυξαρίου,koinoteta_ano_pyxariou,ko,32.45,64.65,94.36
europe_lau,Κοινότητα Πλατανιάς,koinoteta_platanias,ko,25.11,53.48,62.85
europe_lau,Κοινότητα Πλατανόβρυσης,koinoteta_platanobryses,ko,42.81,52.75,52.36
europe_lau,Κοινότητα Πτελέας Πλατανιάς,koinoteta_pteleas_platanias,ko,40.1,67.99,56.57
europe_lau,Κοινότητα Υψηλής Ράχης,koinoteta_ypseles_raches,ko,31.81,66.54,89.16
europe_lau,Κοινότητα Προσοτσάνης,koinoteta_prosotsanes,ko,29.04,48.81,91.65
europe_lau,Κοινότητα Ανθοχωρίου,koinoteta_anthochoriou,ko,43.75,64.47,20.04
europe_lau,Κοινότητα Γραμμένης,koinoteta_grammenes,ko,28.13,62.96,-39.19
europe_lau,Κοινότητα Καλής Βρύσης,koinoteta_kales_bryses,ko,47.77,63.37,37.98
europe_lau,Κοινότητα Καλλιθέας,koinoteta_kallitheas,ko,32.29,55.17,-39.03
europe_lau,Κοινότητα Κοκκινογείων,koinoteta_kokkinogeion,ko,61.77,71.07,57.31
europe_lau,Κοινότητα Μικροπόλεως,koinoteta_mikropoleos,ko,38.24,56.37,7.61
europe_lau,Κοινότητα Πανοράματος,koinoteta_panoramatos,ko,31.29,42.09,21.52
europe_lau,Κοινότητα Πετρούσσης,koinoteta_petrousses,ko,37.75,59.26,99.27
europe_lau,Κοινότητα Χαριτωμένης,koinoteta_charitomenes,ko,33.97,57.09,44.63
europe_lau,Κοινότητα Φωτολίβους,koinoteta_photolibous,ko,59.96,69.48,61.73
europe_lau,Κοινότητα Αργυρούπολις,koinoteta_argyroupolis,ko,42.33,67.5,97.1
europe_lau,Κοινότητα Αγίου Πέτρου,koinoteta_agiou_petrou,ko,60.87,70.56,40.17
europe_lau,Κοινότητα Βερβένων,koinoteta_berbenon,ko,48.78,72.11,87.97
europe_lau,Κοινότητα Δολιανών,koinoteta_dolianon,ko,59.74,70.88,25.89
europe_lau,Κοινότητα Ελάτου,koinoteta_elatou,ko,34.69,64.2,-72.23
europe_lau,Κοινότητα Καράτουλα Κυνουρίας,koinoteta_karatoula_kynourias,ko,23.36,66.22,-105.22
europe_lau,Κοινότητα Καστανίτσης,koinoteta_kastanitses,ko,41.52,61.19,92.88
europe_lau,Κοινότητα Καστρίου,koinoteta_kastriou,ko,55.85,68.13,82.26
europe_lau,Κοινότητα Κορακοβουνίου,koinoteta_korakobouniou,ko,37.37,61.23,87.46
europe_lau,Κοινότητα Κουτρούφων,koinoteta_koutrouphon,ko,31.17,45.6,75.25
europe_lau,Κοινότητα Μελιγούς,koinoteta_meligous,ko,24.46,34.89,32.2
europe_lau,Κοινότητα Μεσορράχης,koinoteta_mesorraches,ko,42.24,58.16,74.29
europe_lau,Κοινότητα Νέας Χώρας,koinoteta_neas_choras,ko,25.9,60.07,-136.41
europe_lau,Κοινότητα Ξηροπηγάδου,koinoteta_xeropegadou,ko,37.76,55.66,96.65
europe_lau,Κοινότητα Παραλίου Άστρους,koinoteta_paraliou_astrous,ko,53.19,70.5,83.18
europe_lau,Κοινότητα Περδικόβρυσης,koinoteta_perdikobryses,ko,73.6,83.24,46.89
europe_lau,Κοινότητα Πλατάνας,koinoteta_platanas,ko,57.18,81.11,70.41
europe_lau,Κοινότητα Πλατάνου,koinoteta_platanou,ko,49.87,66.21,50.24
europe_lau,Κοινότητα Πραστού,koinoteta_prastou,ko,44.73,60.99,77.95
europe_lau,Κοινότητα Σιταίνης,koinoteta_sitaines,ko,47.03,55.37,69.86
europe_lau,Κοινότητα Στόλου,koinoteta_stolou,ko,57.27,70.6,63.89
europe_lau,Κοινότητα Χαράδρου,koinoteta_charadrou,ko,55.07,75.39,46.06
europe_lau,Κοινότητα Ωριάς Ή Ωργιάς,koinoteta_orias_e_orgias,ko,19.96,41.25,-17.83
europe_lau,Κοινότητα Δημητσάνης,koinoteta_demetsanes,ko,40.45,56.48,83.46
europe_lau,Κοινότητα Ζατούνης,koinoteta_zatounes,ko,34.03,64,89.73
europe_lau,Κοινότητα Ζιγοβιστίου,koinoteta_zigobistiou,ko,53,64.14,45.09
europe_lau,Κοινότητα Μελισσοπέτρας,koinoteta_melissopetras,ko,40.26,59.2,37.11
europe_lau,Κοινότητα Παναγίας,koinoteta_panagias,ko,58.12,72.95,42.22
europe_lau,Κοινότητα Ράδου,koinoteta_radou,ko,58.36,75.07,44.2
europe_lau,Κοινότητα Ριζοσπηλιάς,koinoteta_rizospelias,ko,45.49,67.29,37.21
europe_lau,Κοινότητα Βυτίνας,koinoteta_bytinas,ko,50.81,61.81,58.91
europe_lau,Κοινότητα Ελάτης,koinoteta_elates,ko,53.57,65.15,79.68
europe_lau,Κοινότητα Καμενίτσης,koinoteta_kamenitses,ko,65.42,71.65,64.68
europe_lau,Κοινότητα Λάστης,koinoteta_lastes,ko,45.32,76.15,96.2
europe_lau,Κοινότητα Μαγουλιάνων,koinoteta_magoulianon,ko,43.15,60.92,81.39
europe_lau,Κοινότητα Νυμφασίας,koinoteta_nymphasias,ko,58.48,75.08,39.25
europe_lau,Κοινότητα Πυργακίου,koinoteta_pyrgakiou,ko,51.3,69.18,87.22
europe_lau,Κοινότητα Παλούμπας,koinoteta_paloumpas,ko,57.95,72.17,25.9
europe_lau,Κοινότητα Αγίου Ιωάννου Αρχαίας Ηραίας,koinoteta_agiou_ioannou_archaias_eraias,ko,44.95,68.19,40.03
europe_lau,Κοινότητα Αραχόβης,koinoteta_arachobes,ko,71.03,80.54,74.45
europe_lau,Κοινότητα Κακουραίικων,koinoteta_kakouraiikon,ko,68.19,69.61,56.15
europe_lau,Κοινότητα Κοκκινορράχης,koinoteta_kokkinorraches,ko,46.45,66.26,48.33
europe_lau,Κοινότητα Κοκκορά,koinoteta_kokkora,ko,25.12,45.81,73.9
europe_lau,Κοινότητα Λιοδώρας,koinoteta_liodoras,ko,31.09,62.95,-21.79
europe_lau,Κοινότητα Μαράθου,koinoteta_marathou,ko,47.9,64.28,79.65
europe_lau,Κοινότητα Μοναστηρακίου,koinoteta_monasterakiou,ko,46.64,71.72,99.64
europe_lau,Κοινότητα Τριδένδρου,koinoteta_tridendrou,ko,44.26,73.07,92.04
europe_lau,Κοινότητα Τροβάτου,koinoteta_trobatou,ko,70.24,73.57,65.26
europe_lau,Κοινότητα Γρανίτσης,koinoteta_granitses,ko,45.4,62.16,34.3
europe_lau,Κοινότητα Βαλαώρας,koinoteta_balaoras,ko,35.41,62.81,-9.79
europe_lau,Κοινότητα Βούλπης,koinoteta_boulpes,ko,46.34,59.75,77.26
europe_lau,Κοινότητα Λημερίου,koinoteta_lemeriou,ko,35.34,70.64,-38.47
europe_lau,Κοινότητα Λιθοχωρίου,koinoteta_lithochoriou,ko,63.74,83.4,44.05
europe_lau,Κοινότητα Σιβίστης,koinoteta_sibistes,ko,28.14,61.91,-2.13
europe_lau,Κοινότητα Τοπολιάνων,koinoteta_topolianon,ko,48.08,64.63,50.58
europe_lau,Κοινότητα Ραπτοπούλου,koinoteta_raptopoulou,ko,41.24,48.72,77.27
europe_lau,Κοινότητα Κέδρων,koinoteta_kedron,ko,37.36,48.55,56.45
europe_lau,Κοινότητα Λεπιανών,koinoteta_lepianon,ko,55.12,72.73,78.25
europe_lau,Κοινότητα Νέου Αργυρίου,koinoteta_neou_argyriou,ko,40.88,66.28,97.77
europe_lau,Κοινότητα Πρασιάς,koinoteta_prasias,ko,65.24,68.88,65.32
europe_lau,Κοινότητα Δυτικής Φραγκίστας,koinoteta_dytikes_phrankistas,ko,56.57,75.01,67.7
europe_lau,Κοινότητα Ανατολικής Φραγκίστας,koinoteta_anatolikes_phrankistas,ko,23.33,60.86,81.18
europe_lau,Κοινότητα Επισκοπής,koinoteta_episkopes,ko,47.24,65.74,6.11
europe_lau,Κοινότητα Μαραθιάς,koinoteta_marathias,ko,42.1,64.64,90.31
europe_lau,Κοινότητα Παλαιοκατούνας,koinoteta_palaiokatounas,ko,34.72,59.94,93.71
europe_lau,Κοινότητα Παλαιοχωρίου,koinoteta_palaiochoriou,ko,36.75,68.01,-36.8
europe_lau,Κοινότητα Τριποτάμου,koinoteta_tripotamou,ko,39.07,59.1,96.33
europe_lau,Κοινότητα Αμφίσσης,koinoteta_amphisses,ko,17.26,40.51,18.94
europe_lau,Κοινότητα Αγίας Ευθυμίας,koinoteta_agias_euthymias,ko,36.39,55.89,4.37
europe_lau,Κοινότητα Αγίου Γεωργίου,koinoteta_agiou_georgiou,ko,35.89,74.18,27.72
europe_lau,Κοινότητα Αγίου Κωνσταντίνου,koinoteta_agiou_konstantinou,ko,33.23,56.12,20.84
europe_lau,Κοινότητα Δροσοχωρίου,koinoteta_drosochoriou,ko,26.26,55.81,86.21
europe_lau,Κοινότητα Ελαιώνος,koinoteta_elaionos,ko,25.1,42.94,78.75
europe_lau,Κοινότητα Προσηλίου,koinoteta_proseliou,ko,56.56,59.55,43.98
europe_lau,Κοινότητα Καλανίστρας,koinoteta_kalanistras,ko,36.51,57.37,25.72
europe_lau,Κοινότητα Καλάνου,koinoteta_kalanou,ko,19.12,39.2,70.66
europe_lau,Κοινότητα Καλουσίου,koinoteta_kalousiou,ko,44.21,69.18,20.83
europe_lau,Κοινότητα Καταρράκτου,koinoteta_katarraktou,ko,34.35,59.52,56.67
europe_lau,Κοινότητα Κριθαρακίων,koinoteta_kritharakion,ko,34.14,45.88,51.82
europe_lau,Κοινότητα Λακκωμάτων,koinoteta_lakkomaton,ko,59.02,77.88,57.76
europe_lau,Κοινότητα Μιραλίου,koinoteta_miraliou,ko,30.82,57.16,77.05
europe_lau,Κοινότητα Νέου Κομπηγαδίου,koinoteta_neou_kompegadiou,ko,30.91,45.3,86.85
europe_lau,Κοινότητα Πλατανόβρυσης,koinoteta_platanobryses,ko,51.16,74.54,61.07
europe_lau,Κοινότητα Αρχαίων Κλεωνών,koinoteta_archaion_kleonon,ko,62.06,71.04,79.82
europe_lau,Κοινότητα Γαλατά,koinoteta_galata,ko,35.13,68.95,82.44
europe_lau,Κοινότητα Δάφνης,koinoteta_daphnes,ko,54.59,69.62,49.5
europe_lau,Κοινότητα Καστρακίου,koinoteta_kastrakiou,ko,37.65,61.41,26.86
europe_lau,Κοινότητα Κουτσίου,koinoteta_koutsiou,ko,69.31,77.75,56.68
europe_lau,Κοινότητα Λεοντίου,koinoteta_leontiou,ko,51.29,61.55,70.28
europe_lau,Κοινότητα Πετρίου,koinoteta_petriou,ko,42.87,68.49,59.39
europe_lau,Κοινότητα Ξυλοκάστρου,koinoteta_xylokastrou,ko,37.98,58.71,14.81
europe_lau,Κοινότητα Άνω Τρικάλων,koinoteta_ano_trikalon,ko,34.97,57.11,65.18
europe_lau,Κοινότητα Γελινιατίκων,koinoteta_geliniatikon,ko,39.63,69.13,-13.38
europe_lau,Κοινότητα Δένδρου,koinoteta_dendrou,ko,53.59,70.18,58.07
europe_lau,Κοινότητα Ζεμενού,koinoteta_zemenou,ko,44.03,62.11,72.23
europe_lau,Κοινότητα Θαλερού,koinoteta_thalerou,ko,42.29,72.64,86.95
europe_lau,Κοινότητα Θροφαρίου,koinoteta_throphariou,ko,19.29,57.47,55.29
europe_lau,Κοινότητα Καμαρίου,koinoteta_kamariou,ko,54.61,74.59,65.46
europe_lau,Κοινότητα Καρυάς,koinoteta_karyas,ko,61.98,70.21,82.32
europe_lau,Κοινότητα Κάτω Λουτρού,koinoteta_kato_loutrou,ko,41.99,66.58,11.93
europe_lau,Κοινότητα Κάτω Συνοικίας Τρικάλων,koinoteta_kato_synoikias_trikalon,ko,44.38,72.17,20.56
europe_lau,Κοινότητα Κορφιωτίσσης,koinoteta_korphiotisses,ko,55.98,70.58,25.85
europe_lau,Κοινότητα Λαγκαδαιίκων,koinoteta_lankadaiikon,ko,30.83,47.18,-29.41
europe_lau,Κοινότητα Μάννας,koinoteta_mannas,ko,31.44,52.02,71.4
europe_lau,Κοινότητα Μελισσίου,koinoteta_melissiou,ko,40.02,51.34,68.07
europe_lau,Κοινότητα Μέσης Συνοικίας Τρικάλων,koinoteta_meses_synoikias_trikalon,ko,27.15,60.05,57.85
europe_lau,Κοινότητα Νέων Βρυσουλών,koinoteta_neon_brysoulon,ko,34.39,59.06,-41.16
europe_lau,Κοινότητα Ξανθοχωρίου,koinoteta_xanthochoriou,ko,57.3,68.85,29.75
europe_lau,Κοινότητα Παναριτίου,koinoteta_panaritiou,ko,43.72,60.16,93.85
europe_lau,Κοινότητα Πελλήνης,koinoteta_pellenes,ko,57.7,65.94,44.18
europe_lau,Κοινότητα Πιτσών,koinoteta_pitson,ko,32.79,59.77,-1.82
europe_lau,Κοινότητα Ρεθίου,koinoteta_rethiou,ko,43.56,62.99,-23.33
europe_lau,Κοινότητα Ρίζης,koinoteta_rizes,ko,48.08,59.55,57.31
europe_lau,Κοινότητα Σοφιανών,koinoteta_sophianon,ko,28.82,51.35,-36.82
europe_lau,Κοινότητα Στυλίων,koinoteta_stylion,ko,58.03,67.21,61.56
europe_lau,Κοινότητα Συκέας,koinoteta_sykeas,ko,20.88,67.84,78.93
europe_lau,Κοινότητα Δερβενίου,koinoteta_derbeniou,ko,21.99,38.02,-14.96
europe_lau,Κοινότητα Ελληνικού,koinoteta_ellenikou,ko,37.02,60.49,37.83
europe_lau,Κοινότητα Ευρωστίνης Ροζενών,koinoteta_eurostines_rozenon,ko,38.82,76.74,83.94
europe_lau,Κοινότητα Καλλιθέας,koinoteta_kallitheas,ko,37.29,77.87,-85.37
europe_lau,Κοινότητα Λυγιάς,koinoteta_lygias,ko,45.85,59.6,44.3
europe_lau,Κοινότητα Λυκοποριάς,koinoteta_lykoporias,ko,36.27,56.11,40.96
europe_lau,Κοινότητα Πύργου,koinoteta_pyrgou,ko,65.39,72.94,63.19
europe_lau,Κοινότητα Σαρανταπήχου,koinoteta_sarantapechou,ko,60,69.02,51.94
europe_lau,Κοινότητα Στομίου,koinoteta_stomiou,ko,29.68,62.1,98.57
europe_lau,Κοινότητα Χελυδορέου,koinoteta_chelydoreou,ko,17.91,43.84,87.85
europe_lau,Κοινότητα Σικυώνος - Κιάτου,koinoteta_sikyonos_kiatou,ko,40.7,58.87,66.42
europe_lau,Κοινότητα Βελίνης,koinoteta_belines,ko,34.73,71.81,39.86
europe_lau,Κοινότητα Γονούσσης,koinoteta_gonousses,ko,37.75,53.01,2.4
europe_lau,Κοινότητα Διμηνιού,koinoteta_dimeniou,ko,55.23,63.77,55.83
europe_lau,Κοινότητα Κάτω Διμηνιού,koinoteta_kato_dimeniou,ko,49.5,68.01,81.72
europe_lau,Κοινότητα Κλημεντίου,koinoteta_klementiou,ko,37.23,45.09,70.98
europe_lau,Κοινότητα Κρυονερίου,koinoteta_kryoneriou,ko,38.17,59.39,-4.66
europe_lau,Κοινότητα Λαλιώτου,koinoteta_laliotou,ko,60.42,72.58,13.71
europe_lau,Κοινότητα Μεγάλου Βάλτου,koinoteta_megalou_baltou,ko,15.99,45.99,-197.24
europe_lau,Κοινότητα Μικρού Βάλτου,koinoteta_mikrou_baltou,ko,17.49,46.64,37.46
europe_lau,Κοινότητα Μουλκίου,koinoteta_moulkiou,ko,41.52,67.22,18.28
europe_lau,Κοινότητα Μποζικά,koinoteta_mpozika,ko,36.83,52.6,-4.85
europe_lau,Κοινότητα Παραδεισίου,koinoteta_paradeisiou,ko,33.02,60.32,-56.79
europe_lau,Κοινότητα Πασίου,koinoteta_pasiou,ko,54.69,65.99,46.73
europe_lau,Κοινότητα Αρχαίας Σικυώνας - Βασιλικού,koinoteta_archaias_sikyonas_basilikou,ko,35.66,72.09,11.1
europe_lau,Κοινότητα Σουλίου,koinoteta_souliou,ko,26.44,73.12,-156.82
europe_lau,Κοινότητα Τιτάνης,koinoteta_titanes,ko,21.83,53.06,57.28
europe_lau,Κοινότητα Σκαρφείας,koinoteta_skarpheias,ko,27.42,59.53,82.63
europe_lau,Κοινότητα Στυλίδος,koinoteta_stylidos,ko,49.45,57.33,34.1
europe_lau,Κοινότητα Αγίας Μαρίνης Φθιώτιδος,koinoteta_agias_marines_phthiotidos,ko,51.48,68.69,38.43
europe_lau,Κοινότητα Ανύδρου,koinoteta_anydrou,ko,22.47,63.01,77.54
europe_lau,Κοινότητα Αυλακίου,koinoteta_aulakiou,ko,44.71,60.57,59.57
europe_lau,Κοινότητα Λογγιτσίου,koinoteta_longitsiou,ko,39.31,68.7,93.93
europe_lau,Κοινότητα Νεράιδας,koinoteta_neraidas,ko,46.35,65.38,94.97
europe_lau,Κοινότητα Ραχών,koinoteta_rachon,ko,62.58,77.82,69.65
europe_lau,Κοινότητα Αχινού,koinoteta_achinou,ko,37.2,57.09,86.93
europe_lau,Κοινότητα Αχλαδίου,koinoteta_achladiou,ko,53.81,83.55,49.66
europe_lau,Κοινότητα Νέων Μουδανιών,koinoteta_neon_moudanion,ko,38.16,59.33,42.44
europe_lau,Κοινότητα Αγίου Μάμαντος,koinoteta_agiou_mamantos,ko,36.35,56.78,86.7
europe_lau,Κοινότητα Αγίου Παντελεήμονος,koinoteta_agiou_panteleemonos,ko,53.57,60.04,78.04
europe_lau,Κοινότητα Διονυσίου,koinoteta_dionysiou,ko,42.15,61.4,56.88
europe_lau,Κοινότητα Ζωγράφου,koinoteta_zographou,ko,25.94,49.66,61.47
europe_lau,Κοινότητα Νέας Ποτειδαίας,koinoteta_neas_poteidaias,ko,31.32,52.84,91.08
europe_lau,Κοινότητα Πορταριάς,koinoteta_portarias,ko,31.34,51.32,65.97
europe_lau,Κοινότητα Σημάντρων,koinoteta_semantron,ko,59.23,64.7,60.21
europe_lau,Κοινότητα Φλογητών,koinoteta_phlogeton,ko,25.72,66.48,94.81
europe_lau,Κοινότητα Νέας Καλλικράτειας,koinoteta_neas_kallikrateias,ko,33.47,50.43,-0.18
europe_lau,Κοινότητα Αγίου Παύλου,koinoteta_agiou_paulou,ko,37.75,55.6,-13.15
europe_lau,Κοινότητα Λακκώματος,koinoteta_lakkomatos,ko,38.63,56.86,93.95
europe_lau,Κοινότητα Νέας Γωνιάς,koinoteta_neas_gonias,ko,47.49,55.13,54.31
europe_lau,Κοινότητα Νέων Σιλάτων,koinoteta_neon_silaton,ko,21.86,58.71,84.32
europe_lau,Κοινότητα Νέας Τριγλίας,koinoteta_neas_triglias,ko,34.84,54.99,91.52
europe_lau,Κοινότητα Ελαιοχωρίων,koinoteta_elaiochorion,ko,54.9,83.79,98.87
europe_lau,Κοινότητα Κρήνης,koinoteta_krenes,ko,31.25,53.21,70.54
europe_lau,Κοινότητα Νέας Τενέδου,koinoteta_neas_tenedou,ko,28.83,52.63,93.52
europe_lau,Κοινότητα Νέων Πλαγίων,koinoteta_neon_plagion,ko,37.46,74.17,63.79
europe_lau,Κοινότητα Πετραλώνων,koinoteta_petralonon,ko,34.54,61.8,96.74
europe_lau,Κοινότητα Νικήτης,koinoteta_niketes,ko,21.85,53.16,49.94
europe_lau,Κοινότητα Αγίου Νικολάου,koinoteta_agiou_nikolaou,ko,15.33,40.87,51.82
europe_lau,Κοινότητα Μεταγκιτσίου,koinoteta_metankitsiou,ko,52.09,70.19,43.31
europe_lau,Κοινότητα Νέου Μαρμαρά,koinoteta_neou_marmara,ko,45.4,66.51,92.37
europe_lau,Κοινότητα Συκέας,koinoteta_sykeas,ko,43.44,53.83,83.23
europe_lau,Κοινότητα Σάρτης,koinoteta_sartes,ko,59.25,63.97,54.17
europe_lau,Κοινότητα Κοζάνης,koinoteta_kozanes,ko,43.34,68.77,30.92
europe_lau,Κοινότητα Αλωνακίων,koinoteta_alonakion,ko,30.25,69.13,96.84
europe_lau,Κοινότητα Ανθοτόπου,koinoteta_anthotopou,ko,48.55,61.53,36
europe_lau,Κοινότητα Αργίλου,koinoteta_argilou,ko,33.06,53.21,-33.52
europe_lau,Κοινότητα Βατερού,koinoteta_baterou,ko,39.25,59.2,85.41
europe_lau,Κοινότητα Εξοχής,koinoteta_exoches,ko,29.49,52.01,-9.62
europe_lau,Κοινότητα Καλαμιάς,koinoteta_kalamias,ko,48.38,82.99,83.27
europe_lau,Κοινότητα Καρυδίτσας,koinoteta_karyditsas,ko,52.09,78.7,81.08
europe_lau,Κοινότητα Κοίλων,koinoteta_koilon,ko,51.24,69.96,72.84
europe_lau,Κοινότητα Λευκόβρυσης,koinoteta_leukobryses,ko,75.32,76.09,62.68
europe_lau,Κοινότητα Λευκοπηγής,koinoteta_leukopeges,ko,51.01,58.13,47.39
europe_lau,Κοινότητα Λυγερής,koinoteta_lygeres,ko,19.98,52.93,88.94
europe_lau,Κοινότητα Μεταμορφώσεως,koinoteta_metamorphoseos,ko,64.45,73.98,69.92
europe_lau,Κοινότητα Νέας Νικόπολης,koinoteta_neas_nikopoles,ko,47.35,58.62,70.94
europe_lau,Κοινότητα Ξηρολίμνης,koinoteta_xerolimnes,ko,52.23,70.95,91.46
europe_lau,Κοινότητα Οινόης,koinoteta_oinoes,ko,57.61,70.14,45.83
europe_lau,Κοινότητα Πετρανών,koinoteta_petranon,ko,46.8,59.97,79.13
europe_lau,Κοινότητα Πρωτοχωρίου,koinoteta_protochoriou,ko,29.74,63.42,-69.04
europe_lau,Κοινότητα Πτελέας,koinoteta_pteleas,ko,47.24,76.89,84.38
europe_lau,Κοινότητα Σκήτης,koinoteta_sketes,ko,19.61,46.17,86.91
europe_lau,Κοινότητα Χαραυγής,koinoteta_charauges,ko,35.39,50.91,87
europe_lau,Κοινότητα Αιανής,koinoteta_aianes,ko,54.89,64.66,72.74
europe_lau,Κοινότητα Αγίας Παρασκευής,koinoteta_agias_paraskeues,ko,55.25,66.28,40.45
europe_lau,Κοινότητα Κερασέα,koinoteta_kerasea,ko,28.48,44.53,-25.22
europe_lau,Κοινότητα Κτένιον,koinoteta_ktenion,ko,50.13,76.73,17.05
europe_lau,Κοινότητα Ροδιανής,koinoteta_rodianes,ko,48.02,58.76,66.51
europe_lau,Κοινότητα Ρυμνίου,koinoteta_rymniou,ko,51.06,55.83,54.91
europe_lau,Κοινότητα Χρωμίου,koinoteta_chromiou,ko,46.85,60.61,80.58
europe_lau,Κοινότητα Μαυροδενδρίου,koinoteta_maurodendriou,ko,56.47,69.9,54.47
europe_lau,Κοινότητα Λιβερών,koinoteta_liberon,ko,39.95,59.94,0.13
europe_lau,Κοινότητα Ποντοκώμης,koinoteta_pontokomes,ko,56.91,78.35,38.71
europe_lau,Κοινότητα Σιδερά,koinoteta_sidera,ko,61.65,76.44,24.64
europe_lau,Κοινότητα Κρόκου,koinoteta_krokou,ko,42.86,67.63,20.43
europe_lau,Κοινότητα Αμυγδαλέας,koinoteta_amygdaleas,ko,41.73,67.41,69.17
europe_lau,Κοινότητα Άνω Κώμης,koinoteta_ano_komes,ko,53.06,80.23,60.3
europe_lau,Κοινότητα Δεσποτικού,koinoteta_despotikou,ko,47.32,68.2,75.5
europe_lau,Κοινότητα Θεμέλου,koinoteta_themelou,ko,43.87,60.03,8.52
europe_lau,Κοινότητα Καστρίου,koinoteta_kastriou,ko,42.83,69.77,95
europe_lau,Κοινότητα Μαυρολεύκης,koinoteta_mauroleukes,ko,35.35,52.34,90.52
europe_lau,Κοινότητα Μεγαλοκάμπου,koinoteta_megalokampou,ko,41.04,69.77,67.66
europe_lau,Κοινότητα Μικροκάμπου,koinoteta_mikrokampou,ko,39.29,67.83,29.5
europe_lau,Κοινότητα Περιχώρας,koinoteta_perichoras,ko,27.33,52.91,-4.93
europe_lau,Κοινότητα Σιταγρών,koinoteta_sitagron,ko,34.5,69.97,92.31
europe_lau,Κοινότητα Αλεξανδρούπολης,koinoteta_alexandroupoles,ko,44.96,60.76,19.02
europe_lau,Κοινότητα Άβαντος,koinoteta_abantos,ko,75.4,71.9,56.23
europe_lau,Κοινότητα Αισύμης,koinoteta_aisymes,ko,62.82,65.36,29.17
europe_lau,Κοινότητα Κίρκης,koinoteta_kirkes,ko,61.64,73.39,29.41
europe_lau,Κοινότητα Μάκρης,koinoteta_makres,ko,42.55,68.28,-41.93
europe_lau,Κοινότητα Συκορράχης,koinoteta_sykorraches,ko,49.7,72.16,52.56
europe_lau,Κοινότητα Ανθείας,koinoteta_antheias,ko,35.61,57.37,95.1
europe_lau,Κοινότητα Δωρικού,koinoteta_dorikou,ko,38.13,61.58,76.48
europe_lau,Κοινότητα Λουτρού,koinoteta_loutrou,ko,36.17,73.79,93.24
europe_lau,Κοινότητα Νίψης,koinoteta_nipses,ko,63.1,75.2,47.55
europe_lau,Κοινότητα Φερών,koinoteta_pheron,ko,53.15,63.48,73.24
europe_lau,Κοινότητα Αρδανίου,koinoteta_ardaniou,ko,39.96,61.89,97.28
europe_lau,Κοινότητα Δορίσκου,koinoteta_doriskou,ko,41.99,55.15,88.88
europe_lau,Κοινότητα Καβησού,koinoteta_kabesou,ko,45.43,69.15,46.34
europe_lau,Κοινότητα Πέπλου,koinoteta_peplou,ko,56.47,62.94,54.33
europe_lau,Κοινότητα Πυλαίας,koinoteta_pylaias,ko,48.73,56.1,81.45
europe_lau,Κοινότητα Τριφυλλίου,koinoteta_triphylliou,ko,54.61,64.42,68.72
europe_lau,Κοινότητα Διδυμοτείχου,koinoteta_didymoteichou,ko,46.13,65.88,95.18
europe_lau,Κοινότητα Ασβεστάδων,koinoteta_asbestadon,ko,58.29,64.18,65.78
europe_lau,Κοινότητα Ασημένιου,koinoteta_asemeniou,ko,52.77,59.76,58.48
europe_lau,Κοινότητα Ελληνοχωρίου,koinoteta_ellenochoriou,ko,46.65,55.85,81.74
europe_lau,Κοινότητα Ισαακίου,koinoteta_isaakiou,ko,46.39,72.94,98.57
europe_lau,Κοινότητα Καρωτής,koinoteta_karotes,ko,34.67,64.73,92.16
europe_lau,Κοινότητα Κουφοβούνου,koinoteta_kouphobounou,ko,59.48,64.07,62.49
europe_lau,Κοινότητα Κυανής,koinoteta_kyanes,ko,26.75,38.96,93.18
europe_lau,Κοινότητα Μάνης,koinoteta_manes,ko,48.67,51.24,61.37
europe_lau,Κοινότητα Σερνικακίου,koinoteta_sernikakiou,ko,37.19,65.72,83.68
europe_lau,Κοινότητα Γαλαξιδίου,koinoteta_galaxidiou,ko,47.44,59,77.88
europe_lau,Κοινότητα Αγίων Πάντων,koinoteta_agion_panton,ko,45.83,66.55,48.26
europe_lau,Κοινότητα Βουνιχώρας,koinoteta_bounichoras,ko,37.31,48.35,58.57
europe_lau,Κοινότητα Πεντεορίων,koinoteta_penteorion,ko,50.58,56.36,54.96
europe_lau,Κοινότητα Γραβιάς,koinoteta_grabias,ko,29.61,65.96,11
europe_lau,Κοινότητα Αποστολιά,koinoteta_apostolia,ko,45.17,56.8,28.43
europe_lau,Κοινότητα Βαργιάνης,koinoteta_bargianes,ko,29.94,54.99,37.6
europe_lau,Κοινότητα Καλοσκοπής,koinoteta_kaloskopes,ko,35.72,57.38,83.78
europe_lau,Κοινότητα Καστελλίων,koinoteta_kastellion,ko,29.38,56.94,0.58
europe_lau,Κοινότητα Μαριολάτας,koinoteta_mariolatas,ko,31.55,58.01,98.5
europe_lau,Κοινότητα Οινοχωρίου,koinoteta_oinochoriou,ko,52.44,63.41,34.29
europe_lau,Κοινότητα Σκλήθρου,koinoteta_sklethrou,ko,33.8,58.71,-30.91
europe_lau,Κοινότητα Δελφών,koinoteta_delphon,ko,33.75,57.41,99.96
europe_lau,Κοινότητα Χρισσού,koinoteta_chrissou,ko,53.1,61.43,74.87
europe_lau,Κοινότητα Δεσφίνης,koinoteta_desphines,ko,40.62,58.33,91.94
europe_lau,Κοινότητα Ιτέας,koinoteta_iteas,ko,50.51,67.57,75.16
europe_lau,Κοινότητα Κίρρας,koinoteta_kirras,ko,44.07,63.19,66.25
europe_lau,Κοινότητα Τριταίας,koinoteta_tritaias,ko,60.73,69.92,82.23
europe_lau,Κοινότητα Μαυρολιθαρίου,koinoteta_maurolithariou,ko,44.51,70.35,82.95
europe_lau,Κοινότητα Αθανασίου Διάκου,koinoteta_athanasiou_diakou,ko,40.6,58.38,-5.55
europe_lau,Κοινότητα Καστριωτίσσης,koinoteta_kastriotisses,ko,30.63,60.41,42.24
europe_lau,Κοινότητα Μουσουνίτσης,koinoteta_mousounitses,ko,59.26,67.04,30.64
europe_lau,Κοινότητα Πανουργιά,koinoteta_panourgia,ko,28.58,54.17,99.34
europe_lau,Κοινότητα Πυράς,koinoteta_pyras,ko,53.08,64.27,80.55
europe_lau,Κοινότητα Στρόμης,koinoteta_stromes,ko,43.63,58.99,68.39
europe_lau,Κοινότητα Πολυδρόσου,koinoteta_polydrosou,ko,29.54,64.86,98.73
europe_lau,Κοινότητα Επταλόφου,koinoteta_eptalophou,ko,48.7,61.26,66.07
europe_lau,Κοινότητα Λιλαίας,koinoteta_lilaias,ko,40.94,67.06,71.73
europe_lau,Κοινότητα Ευπαλίου,koinoteta_eupaliou,ko,25.18,60.34,84.04
europe_lau,Κοινότητα Τροπαιούχου,koinoteta_tropaiouchou,ko,47.48,63.92,76.51
europe_lau,Κοινότητα Υδρούσσης,koinoteta_ydrousses,ko,48.52,64.4,84.74
europe_lau,Κοινότητα Φλαμπούρου,koinoteta_phlampourou,ko,48.38,73.11,68.98
europe_lau,Κοινότητα Αμυνταίου,koinoteta_amyntaiou,ko,51.5,65.37,76.83
europe_lau,Κοινότητα Αγίου Παντελεήμονος,koinoteta_agiou_panteleemonos,ko,49.72,80.21,85.33
europe_lau,Κοινότητα Κέλλης,koinoteta_kelles,ko,69.83,81.13,61.35
europe_lau,Κοινότητα Κλειδίου,koinoteta_kleidiou,ko,17.78,41.71,22.1
europe_lau,Κοινότητα Ξινού Νερού,koinoteta_xinou_nerou,ko,47.25,62.04,44.23
europe_lau,Κοινότητα Πετρών,koinoteta_petron,ko,45.44,69.54,65.65
europe_lau,Κοινότητα Ροδώνος,koinoteta_rodonos,ko,51.97,63.59,76.38
europe_lau,Κοινότητα Φανού,koinoteta_phanou,ko,31.41,63.38,58.5
europe_lau,Κοινότητα Αετού,koinoteta_aetou,ko,54.33,80.69,76.84
europe_lau,Κοινότητα Αγραπιδεών,koinoteta_agrapideon,ko,60.95,76.76,38.31
europe_lau,Κοινότητα Αναργύρων,koinoteta_anargyron,ko,35.67,55.5,35.05
europe_lau,Κοινότητα Ασπρογείων,koinoteta_asprogeion,ko,42.87,58.2,18.07
europe_lau,Κοινότητα Βαλτονέρων,koinoteta_baltoneron,ko,47.24,63.48,36.53
europe_lau,Κοινότητα Λιμνοχωρίου,koinoteta_limnochoriou,ko,63.4,74.39,35.2
europe_lau,Κοινότητα Πεδινού,koinoteta_pedinou,ko,27.03,47.49,64.41
europe_lau,Κοινότητα Σκλήθρου,koinoteta_sklethrou,ko,50.63,58.3,61.21
europe_lau,Κοινότητα Βαρικού,koinoteta_barikou,ko,52.52,67.03,70.27
europe_lau,Κοινότητα Λεχόβου,koinoteta_lechobou,ko,30.79,61.32,-90.66
europe_lau,Κοινότητα Νυμφαίου,koinoteta_nymphaiou,ko,53.47,73.24,52.21
europe_lau,Κοινότητα Φιλώτα,koinoteta_philota,ko,53.88,72.93,5.31
europe_lau,Κοινότητα Αντιγονείας,koinoteta_antigoneias,ko,46.49,66.85,65.51
europe_lau,Κοινότητα Βεγόρων,koinoteta_begoron,ko,62.08,76.76,44.38
europe_lau,Κοινότητα Λεβαίας,koinoteta_lebaias,ko,44.94,74.41,-24.12
europe_lau,Κοινότητα Μανιακίου,koinoteta_maniakiou,ko,79.97,74.51,50.68
europe_lau,Κοινότητα Πελαργού,koinoteta_pelargou,ko,52.38,69.59,7.73
europe_lau,Κοινότητα Φαραγγίου,koinoteta_pharangiou,ko,48.67,62,53.95
europe_lau,Κοινότητα Λαιμού,koinoteta_laimou,ko,49.23,65.16,23.89
europe_lau,Κοινότητα Αγίου Αχιλλείου,koinoteta_agiou_achilleiou,ko,52.99,69.51,92.29
europe_lau,Κοινότητα Αγίου Γερμανού,koinoteta_agiou_germanou,ko,66.79,69.08,42.67
europe_lau,Κοινότητα Ανταρτικού,koinoteta_antartikou,ko,46.61,61.6,39.43
europe_lau,Κοινότητα Βροντερού,koinoteta_bronterou,ko,42.62,62.3,67.13
europe_lau,Κοινότητα Καλλιθέας,koinoteta_kallitheas,ko,39.71,58.28,-22.94
europe_lau,Κοινότητα Καρυών,koinoteta_karyon,ko,34.98,49.01,87.52
europe_lau,Κοινότητα Λευκώνος,koinoteta_leukonos,ko,28.64,51.78,-50.15
europe_lau,Κοινότητα Μικρολίμνης,koinoteta_mikrolimnes,ko,31.51,53.5,79.21
europe_lau,Κοινότητα Πισοδερίου,koinoteta_pisoderiou,ko,50.12,65.81,75.1
europe_lau,Κοινότητα Πλατέος,koinoteta_plateos,ko,14.92,64.12,-229.7
europe_lau,Κοινότητα Πρασίνου,koinoteta_prasinou,ko,46.23,84.15,-3.46
europe_lau,Κοινότητα Ψαράδων,koinoteta_psaradon,ko,60.63,79.49,32.39
europe_lau,Κοινότητα Κρυσταλλοπηγής,koinoteta_krystallopeges,ko,60.55,71.88,75.93
europe_lau,Κοινότητα Βατοχωρίου,koinoteta_batochoriou,ko,43.69,58.61,-10.08
europe_lau,Κοινότητα Κώτα,koinoteta_kota,ko,65.54,77.51,18.43
europe_lau,"Konnersreuth, M",konnersreuth_m,ko,59.98,65.15,72.29
europe_lau,Königsfeld,konigsfeld,ko,47.38,61.54,43.23
europe_lau,Κοινότητα Ανθοχωρίου Μετσόβου,koinoteta_anthochoriou_metsobou,ko,42.07,66,95.35
europe_lau,Κοινότητα Βοτονοσίου,koinoteta_botonosiou,ko,52.9,66.67,84.5
europe_lau,Κοινότητα Μικρού Περιστερίου,koinoteta_mikrou_peristeriou,ko,33.96,65.34,91.34
europe_lau,Κοινότητα Μεγάλης Γότιστας,koinoteta_megales_gotistas,ko,33.57,59.31,-47.5
europe_lau,Κοινότητα Μεγάλου Περιστερίου,koinoteta_megalou_peristeriou,ko,29.5,58.9,33.37
europe_lau,Κοινότητα Μικράς Γότιστας,koinoteta_mikras_gotistas,ko,30.34,44.98,31.7
europe_lau,Κοινότητα Σίτσαινα,koinoteta_sitsaina,ko,37.53,54.49,88.04
europe_lau,Κοινότητα Χρυσοβίτσης,koinoteta_chrysobitses,ko,61.56,74.78,79.49
europe_lau,Κοινότητα Μηλέας,koinoteta_meleas,ko,55.9,67.48,36.74
europe_lau,Κοινότητα Καλπακίου,koinoteta_kalpakiou,ko,56.77,69.72,74.35
europe_lau,Κοινότητα Άνω Ραβενίων,koinoteta_ano_rabenion,ko,58.15,68.64,58.63
europe_lau,Κοινότητα Γεροπλατάνου,koinoteta_geroplatanou,ko,62.98,71.52,61.98
europe_lau,Κοινότητα Δολιανών,koinoteta_dolianon,ko,56.99,74.23,76.55
europe_lau,Κοινότητα Κάτω Ραβενίων,koinoteta_kato_rabenion,ko,39.01,70.51,90.57
europe_lau,Κοινότητα Μαυροβουνίου,koinoteta_maurobouniou,ko,64.74,83.41,46.73
europe_lau,Κοινότητα Νεγράδων,koinoteta_negradon,ko,28.94,55.82,-14.3
europe_lau,Κοινότητα Χρυσορράχης,koinoteta_chrysorraches,ko,43.61,59.78,82.26
europe_lau,Κοινότητα Παρακαλάμου,koinoteta_parakalamou,ko,35.77,48.2,42.27
europe_lau,Κοινότητα Αρετής,koinoteta_aretes,ko,23.08,65.36,89.76
europe_lau,Κοινότητα Βροντισμένης,koinoteta_brontismenes,ko,56.6,82.54,75.31
europe_lau,Κοινότητα Κορυφούλας,koinoteta_koryphoulas,ko,51.53,77.46,94.62
europe_lau,Κοινότητα Κορώνης,koinoteta_korones,ko,43.37,57.91,22.82
europe_lau,Κοινότητα Κουκκουλίου,koinoteta_koukkouliou,ko,31.59,66.79,89.43
europe_lau,Κοινότητα Κυψέλης,koinoteta_kypseles,ko,70.73,76.09,69.33
europe_lau,Κοινότητα Λούτσης,koinoteta_loutses,ko,52.41,66.34,62.82
europe_lau,Κοινότητα Μεσοποτάμου,koinoteta_mesopotamou,ko,33.04,44.34,33.81
europe_lau,Κοινότητα Μουζακαιίκων,koinoteta_mouzakaiikon,ko,67.75,77.36,34.11
europe_lau,Κοινότητα Ναρκίσσου,koinoteta_narkissou,ko,39.94,56.17,49.41
europe_lau,Κοινότητα Σκεπαστού,koinoteta_skepastou,ko,19.62,34.87,94.78
europe_lau,Κοινότητα Σταυροχωρίου,koinoteta_staurochoriou,ko,37.93,67.82,80.52
europe_lau,Κοινότητα Πάργας,koinoteta_pargas,ko,26.73,56.61,-76.69
europe_lau,Κοινότητα Αγιάς,koinoteta_agias,ko,43.23,60.33,21.67
europe_lau,Κοινότητα Ανθούσης,koinoteta_anthouses,ko,19,48.06,-93.89
europe_lau,Κοινότητα Λιβαδαρίου,koinoteta_libadariou,ko,48.07,73.76,42.77
europe_lau,Κοινότητα Τερψιθέας,koinoteta_terpsitheas,ko,62.33,66.86,44.63
europe_lau,Κοινότητα Γιάννουλης,koinoteta_giannoules,ko,29.75,54.83,-36.72
europe_lau,Κοινότητα Φαλάννης,koinoteta_phalannes,ko,43.94,52.48,69.07
europe_lau,Κοινότητα Κοιλάδος,koinoteta_koilados,ko,46.35,71.28,55.52
europe_lau,Κοινότητα Αμυγδαλέας,koinoteta_amygdaleas,ko,41.86,62.61,22.45
europe_lau,Κοινότητα Ελευθερών,koinoteta_eleutheron,ko,32.87,61.34,58.77
europe_lau,Κοινότητα Κουτσοχέρου,koinoteta_koutsocherou,ko,35.45,61.25,92.72
europe_lau,Κοινότητα Λουτρού Λαρίσης,koinoteta_loutrou_larises,ko,56.78,73.44,41.19
europe_lau,Κοινότητα Μάνδρας,koinoteta_mandras,ko,68.31,78.5,68.65
europe_lau,Κοινότητα Ραχούλας,koinoteta_rachoulas,ko,21.37,52.72,-2.09
europe_lau,Κοινότητα Αγιάς,koinoteta_agias,ko,53.13,64.75,47.76
europe_lau,Κοινότητα Αετολόφου,koinoteta_aetolophou,ko,40.64,58.57,80.95
europe_lau,Κοινότητα Ανάβρας,koinoteta_anabras,ko,61.79,79.02,74.77
europe_lau,Κοινότητα Γερακαρίου,koinoteta_gerakariou,ko,53.96,75.95,31.92
europe_lau,Κοινότητα Ελάφου,koinoteta_elaphou,ko,49.42,62.97,82.8
europe_lau,Κοινότητα Μεγαλοβρύσου,koinoteta_megalobrysou,ko,29.76,52.38,96.64
europe_lau,Κοινότητα Μεταξοχωρίου,koinoteta_metaxochoriou,ko,20.78,54.51,77.56
europe_lau,Κοινότητα Νερομύλων,koinoteta_neromylon,ko,35.54,63.82,95.74
europe_lau,Κοινότητα Ποταμιάς,koinoteta_potamias,ko,54.35,67.28,72.75
europe_lau,Κοινότητα Στομίου,koinoteta_stomiou,ko,58.55,69.29,59.28
europe_lau,Κοινότητα Καρίτσης,koinoteta_karitses,ko,50.22,62.07,59.44
europe_lau,Κοινότητα Ομολίου,koinoteta_omoliou,ko,57.5,71.03,36.45
europe_lau,Κοινότητα Παλαιοπύργου,koinoteta_palaiopyrgou,ko,53.74,63.35,31.37
europe_lau,Κοινότητα Δήμητρας,koinoteta_demetras,ko,48.6,55.68,52.6
europe_lau,Κοινότητα Αμυγδαλής,koinoteta_amygdales,ko,61.67,69.52,63.38
europe_lau,Κοινότητα Ανατολής,koinoteta_anatoles,ko,45.73,62.37,73.01
europe_lau,Κοινότητα Καστρίου,koinoteta_kastriou,ko,48.95,64.32,67.48
europe_lau,Κοινότητα Μαρμαρίνης,koinoteta_marmarines,ko,31.33,57.85,71.09
europe_lau,Κοινότητα Σωτηρίτσης,koinoteta_soteritses,ko,40.53,58.5,28.3
europe_lau,Κοινότητα Μελιβοίας,koinoteta_meliboias,ko,53.27,68.64,71.53
europe_lau,Κοινότητα Σκήτης,koinoteta_sketes,ko,49.74,62.16,61.6
europe_lau,Κοινότητα Σκλήθρου,koinoteta_sklethrou,ko,47.98,75.75,70.78
europe_lau,Κοινότητα Ελασσόνος,koinoteta_elassonos,ko,32.5,42.28,17.23
europe_lau,Κοινότητα Βαλανίδας,koinoteta_balanidas,ko,52.03,68.8,71.04
europe_lau,Κοινότητα Γαλανόβρυσης,koinoteta_galanobryses,ko,39.38,59.69,89.45
europe_lau,Κοινότητα Δρυμού,koinoteta_drymou,ko,59.83,75.43,48.01
europe_lau,Κοινότητα Ευαγγελισμού Ελασσόνος,koinoteta_euangelismou_elassonos,ko,60.37,66.65,55.62
europe_lau,Κοινότητα Κεφαλοβρύσου,koinoteta_kephalobrysou,ko,56.67,71.53,76.92
europe_lau,Κοινότητα Παλαιοκάστρου,koinoteta_palaiokastrou,ko,35.49,57.19,6.77
europe_lau,Κοινότητα Στεφανοβούνου,koinoteta_stephanobounou,ko,36.47,52.35,98.79
europe_lau,Κοινότητα Κρανέας Ελασσόνος,koinoteta_kraneas_elassonos,ko,48.74,63.72,63.42
europe_lau,Κοινότητα Άκρης,koinoteta_akres,ko,47.33,60.2,87.97
europe_lau,Κοινότητα Λουτρού Ελασσόνος,koinoteta_loutrou_elassonos,ko,24.81,53.38,-49.61
europe_lau,Κοινότητα Γαλατά,koinoteta_galata,ko,37.96,57.63,53.1
europe_lau,Κοινότητα Καλαβρούζης,koinoteta_kalabrouzes,ko,27.6,42.22,98.64
europe_lau,Κοινότητα Περιθωρίου,koinoteta_perithoriou,ko,52.52,72.4,51.23
europe_lau,Κοινότητα Αστακού,koinoteta_astakou,ko,41.36,53.02,48.18
europe_lau,Κοινότητα Αγραμπέλων,koinoteta_agrampelon,ko,59.64,70.15,69.43
europe_lau,Κοινότητα Βασιλοπούλου,koinoteta_basilopoulou,ko,38.09,76.11,6.81
europe_lau,Κοινότητα Βλιζιανών,koinoteta_blizianon,ko,43.98,73.86,88.92
europe_lau,Κοινότητα Καραϊσκάκη,koinoteta_karaiskake,ko,32.45,62.32,-30.44
europe_lau,Κοινότητα Μαχαιρά,koinoteta_machaira,ko,60.33,65.55,41.27
europe_lau,Κοινότητα Μπαμπίνης,koinoteta_mpampines,ko,61.36,68.4,69.8
europe_lau,Κοινότητα Παλαιομανίνας,koinoteta_palaiomaninas,ko,42.54,61.02,87.08
europe_lau,Κοινότητα Προδρόμου,koinoteta_prodromou,ko,34.63,50.28,7.25
europe_lau,Κοινότητα Σκουρτούς,koinoteta_skourtous,ko,43.46,67.91,-26.71
europe_lau,Κοινότητα Στρογγυλοβουνίου,koinoteta_strongylobouniou,ko,29.21,47.88,91.39
europe_lau,Κοινότητα Χρυσοβίτσης,koinoteta_chrysobitses,ko,32.5,64.2,99.07
europe_lau,Κοινότητα Κανδήλας,koinoteta_kandelas,ko,36.72,54.39,99.31
europe_lau,Κοινότητα Ιωαννιτών,koinoteta_ioanniton,ko,45.69,61.94,44.5
europe_lau,Κοινότητα Εξοχή,koinoteta_exoche,ko,35.01,61.19,-47.7
europe_lau,Κοινότητα Μαρμάρων,koinoteta_marmaron,ko,47.52,56.03,84.82
europe_lau,Κοινότητα Νεοχωροπούλου,koinoteta_neochoropoulou,ko,52.65,58.61,66.27
europe_lau,Κοινότητα Σταυρακίου,koinoteta_staurakiou,ko,49.87,66.08,70.55
europe_lau,Köttmannsdorf,kottmannsdorf,ko,42.12,67.75,-44
europe_lau,Κοινότητα Ανατολής,koinoteta_anatoles,ko,25.63,48.34,84.04
europe_lau,Κοινότητα Μπάφρας,koinoteta_mpaphras,ko,30.12,48.52,74.13
europe_lau,Κοινότητα Νεοκαισαρείας,koinoteta_neokaisareias,ko,43.21,51.2,62.7
europe_lau,Κοινότητα Πεδινής,koinoteta_pedines,ko,66.9,78.44,71.37
europe_lau,Κοινότητα Αμπελιάς,koinoteta_ampelias,ko,43.92,57.76,75.02
europe_lau,Κοινότητα Ασβεστοχωρίου,koinoteta_asbestochoriou,ko,57.57,64.75,43.03
europe_lau,Κοινότητα Κόντσικας,koinoteta_kontsikas,ko,42,59.84,36.03
europe_lau,Κοινότητα Κοσμηράς,koinoteta_kosmeras,ko,42.26,67.22,94.27
europe_lau,Κοινότητα Μανολιάσης,koinoteta_manoliases,ko,43.98,62.16,93.09
europe_lau,Κοινότητα Μπιζανίου,koinoteta_mpizaniou,ko,45.12,66.35,71.51
europe_lau,Κοινότητα Νήσου Ιωαννίνων (Νήσος),koinoteta_nesou_ioanninon_nesos,ko,38.3,74.52,0.2
europe_lau,Κοινότητα Μαχαιράδου,koinoteta_machairadou,ko,15.23,47.9,-46.64
europe_lau,Κοινότητα Αγίας Μαρίνης,koinoteta_agias_marines,ko,26.25,63.69,-72.49
europe_lau,Κοινότητα Αγίου Λέοντος,koinoteta_agiou_leontos,ko,67.3,70.8,72.9
europe_lau,Κοινότητα Αγίων Πάντων,koinoteta_agion_panton,ko,16.62,54.2,-23.05
europe_lau,Κοινότητα Βουγιάτου,koinoteta_bougiatou,ko,17.65,75.01,27.48
europe_lau,Κοινότητα Γαλάρου,koinoteta_galarou,ko,18.78,62.83,14.43
europe_lau,Κοινότητα Γυρίου,koinoteta_gyriou,ko,39.87,62.25,63.44
europe_lau,Κοινότητα Κοιλιωμένου,koinoteta_koiliomenou,ko,44.15,51.37,49.19
europe_lau,Κοινότητα Λαγκαδακίων,koinoteta_lankadakion,ko,20.97,59.01,1.06
europe_lau,Κοινότητα Λαγωπόδου,koinoteta_lagopodou,ko,14.62,70.97,-39.73
europe_lau,Κοινότητα Λούχας,koinoteta_louchas,ko,36.85,57.13,23.97
europe_lau,Κοινότητα Ρομιρίου,koinoteta_romiriou,ko,16.97,62.91,23.68
europe_lau,Κοινότητα Φιολίτη,koinoteta_phiolite,ko,25.37,65.59,37.82
europe_lau,Κοινότητα Βολιμών,koinoteta_bolimon,ko,37.79,60.04,60.9
europe_lau,Κοινότητα Αναφωνητρίας,koinoteta_anaphonetrias,ko,42.11,56.66,17.82
europe_lau,Κοινότητα Άνω Βολιμών,koinoteta_ano_bolimon,ko,48.6,67.39,-12.08
europe_lau,Κοινότητα Έξω Χώρας,koinoteta_exo_choras,ko,36.49,44.66,57.85
europe_lau,Κοινότητα Μαριών,koinoteta_marion,ko,36.67,68.82,-15.96
europe_lau,Κοινότητα Ορθονιών,koinoteta_orthonion,ko,42.97,73.16,26.1
europe_lau,Κοινότητα Παντοκράτορος,koinoteta_pantokratoros,ko,31.3,70.32,-101.02
europe_lau,Κοινότητα Αγαλά,koinoteta_agala,ko,66.99,73.28,46.37
europe_lau,Κοινότητα Καλαμακίου,koinoteta_kalamakiou,ko,40.4,57.62,78.12
europe_lau,Κοινότητα Κερίου,koinoteta_keriou,ko,60.38,68.11,54.73
europe_lau,Κοινότητα Λιθακιάς,koinoteta_lithakias,ko,58.47,71.82,5.52
europe_lau,Κοινότητα Μουζακίου,koinoteta_mouzakiou,ko,22.87,57.81,-71.16
europe_lau,Κοινότητα Ιθάκης,koinoteta_ithakes,ko,41.88,50.99,25.66
europe_lau,Κοινότητα Ανωγής,koinoteta_anoges,ko,33.28,52.13,98.35
europe_lau,Κοινότητα Εξωγής,koinoteta_exoges,ko,50.41,79.21,88.43
europe_lau,Κοινότητα Κιονίου,koinoteta_kioniou,ko,37.75,65.88,81.47
europe_lau,Κοινότητα Λεύκης,koinoteta_leukes,ko,22.82,74.92,85.63
europe_lau,Κοινότητα Περαχωρίου,koinoteta_perachoriou,ko,53.17,72.09,45.63
europe_lau,Κοινότητα Πλατρειθιά,koinoteta_platreithia,ko,43.87,54.48,82.97
europe_lau,Κοινότητα Σταυρού,koinoteta_staurou,ko,49.46,75.23,7.82
europe_lau,Κοινότητα Αργοστολίου,koinoteta_argostoliou,ko,30.16,42.97,79.59
europe_lau,Κοινότητα Αγκώνος,koinoteta_ankonos,ko,58.3,68.52,49.52
europe_lau,Κοινότητα Δαυγάτων,koinoteta_daugaton,ko,41.66,69.97,94.19
europe_lau,Κοινότητα Διλινάτων,koinoteta_dilinaton,ko,61.91,67.16,51.49
europe_lau,Κοινότητα Ζόλων,koinoteta_zolon,ko,56.15,76.27,42.05
europe_lau,Κοινότητα Θηναίας,koinoteta_thenaias,ko,42.15,59.12,70
europe_lau,Κοινότητα Κουρουκλάτων,koinoteta_kourouklaton,ko,14.1,67.92,71.87
europe_lau,Κοινότητα Νυφίου,koinoteta_nyphiou,ko,40.64,53.16,68.2
europe_lau,Κοινότητα Τρωιανάτων,koinoteta_troianaton,ko,72.41,74.71,49.73
europe_lau,Κοινότητα Φαρακλάτων,koinoteta_pharaklaton,ko,68.37,75.46,66.02
europe_lau,Κοινότητα Φάρσων,koinoteta_pharson,ko,19.94,49.51,81.64
europe_lau,Κοινότητα Πάστρας,koinoteta_pastras,ko,70.18,76.51,62.45
europe_lau,Κοινότητα Αγίας Ειρήνης,koinoteta_agias_eirenes,ko,51.21,74.44,64.98
europe_lau,Κοινότητα Αγίου Νικολάου,koinoteta_agiou_nikolaou,ko,34.01,68.56,3.23
europe_lau,Κοινότητα Αργινίων,koinoteta_arginion,ko,57.94,72.76,66.85
europe_lau,Κοινότητα Βαλεριάνου,koinoteta_balerianou,ko,54.51,74.81,70.5
europe_lau,Κοινότητα Μαρκοπούλου,koinoteta_markopoulou,ko,53.77,58.87,28.01
europe_lau,Κοινότητα Μαυράτων,koinoteta_mauraton,ko,38.74,74.56,-28.79
europe_lau,Κοινότητα Ξενοπούλου,koinoteta_xenopoulou,ko,58.88,63.46,65.36
europe_lau,Κοινότητα Πόρου,koinoteta_porou,ko,46.85,64.84,65.41
europe_lau,Κοινότητα Σκάλας,koinoteta_skalas,ko,32.91,60.83,78.34
europe_lau,Κοινότητα Χιονάτων,koinoteta_chionaton,ko,37.64,63.88,43.84
europe_lau,Κοινότητα Κεραμειών,koinoteta_kerameion,ko,38.41,71.31,-26.68
europe_lau,Κοινότητα Βλαχάτων Εικοσιμίας,koinoteta_blachaton_eikosimias,ko,55.55,76.54,52.24
europe_lau,Κοινότητα Καραβάδου,koinoteta_karabadou,ko,43.21,60.15,49.83
europe_lau,Κοινότητα Ιερομνήμης,koinoteta_ieromnemes,ko,42.25,68.14,14.93
europe_lau,Κοινότητα Καταρράκτου,koinoteta_katarraktou,ko,43.3,66.8,96.65
europe_lau,Κοινότητα Κουκλιών,koinoteta_kouklion,ko,59.08,68.37,59.42
europe_lau,Κοινότητα Μαζαρακίου,koinoteta_mazarakiou,ko,59.75,74.27,80.98
europe_lau,Κοινότητα Μαυρονόρους,koinoteta_mauronorous,ko,52.47,75.93,2.06
europe_lau,Κοινότητα Ρεπετίστης,koinoteta_repetistes,ko,22.87,75.53,42.78
europe_lau,Κοινότητα Ριαχόβου,koinoteta_riachobou,ko,51.29,71.89,96.77
europe_lau,Κοινότητα Σιταριάς,koinoteta_sitarias,ko,51.34,72.77,52.73
europe_lau,Κοινότητα Κεφαλοβρύσου,koinoteta_kephalobrysou,ko,17.53,34.19,38.8
europe_lau,Κοινότητα Αγίου Κοσμά,koinoteta_agiou_kosma,ko,40.96,62.79,99.79
europe_lau,Κοινότητα Βασιλικού,koinoteta_basilikou,ko,24.5,45.66,34.48
europe_lau,Κοινότητα Κακολάκκου,koinoteta_kakolakkou,ko,40.12,65.73,81.46
europe_lau,Κοινότητα Κάτω Μερόπης,koinoteta_kato_meropes,ko,66.23,72.82,65.56
europe_lau,Κοινότητα Μερόπης,koinoteta_meropes,ko,18.2,50.89,91.57
europe_lau,Κοινότητα Παλαιοπύργου,koinoteta_palaiopyrgou,ko,22.26,47.75,99.26
europe_lau,Κοινότητα Ρουψιάς,koinoteta_roupsias,ko,45.65,65.26,89.97
europe_lau,Κοινότητα Ωραιοκάστρου,koinoteta_oraiokastrou,ko,46.84,58.2,56.73
europe_lau,Κοινότητα Δελβινακίου,koinoteta_delbinakiou,ko,59.51,66.29,65.4
europe_lau,Κοινότητα Αγίας Μαρίνης,koinoteta_agias_marines,ko,58.16,78.38,37.13
europe_lau,Κοινότητα Αργυροχωρίου,koinoteta_argyrochoriou,ko,41.93,54,45.64
europe_lau,Κοινότητα Βήσσανης,koinoteta_bessanes,ko,50.88,67.63,73.57
europe_lau,Κοινότητα Καστάνιανης,koinoteta_kastanianes,ko,41.26,62.3,53.46
europe_lau,Κοινότητα Κερασόβου,koinoteta_kerasobou,ko,36.4,72.23,27.23
europe_lau,Κοινότητα Κρυονερίου,koinoteta_kryoneriou,ko,70.25,83.84,62.36
europe_lau,Κοινότητα Κτισμάτων,koinoteta_ktismaton,ko,31.61,61.11,-6.67
europe_lau,Κοινότητα Ζαραβίνας,koinoteta_zarabinas,ko,65.1,68.29,64.2
europe_lau,Κοινότητα Μαυροπούλου,koinoteta_mauropoulou,ko,32.28,53.11,9.51
europe_lau,Κοινότητα Ορεινού Ξηροβάλτου,koinoteta_oreinou_xerobaltou,ko,37.67,62.94,27.49
europe_lau,Κοινότητα Περιστερίου,koinoteta_peristeriou,ko,48.9,64.52,48.95
europe_lau,Κοινότητα Ποντικατών,koinoteta_pontikaton,ko,52.92,76.64,77.33
europe_lau,Κοινότητα Στρατινίστης,koinoteta_stratinistes,ko,59.62,71.62,47.59
europe_lau,Κοινότητα Τεριαχίου,koinoteta_teriachiou,ko,66.16,70.78,52.53
europe_lau,Κοινότητα Φαραγγίου,koinoteta_pharangiou,ko,52.08,64.85,65.78
europe_lau,Κοινότητα Χαραυγής,koinoteta_charauges,ko,54.66,65.21,33.32
europe_lau,Κοινότητα Λάβδανης,koinoteta_labdanes,ko,43.08,61.59,35.56
europe_lau,Κοινότητα Διμοκορίου,koinoteta_dimokoriou,ko,46.23,73.29,71.15
europe_lau,Κοινότητα Πωγωνιανής,koinoteta_pogonianes,ko,38.71,63.99,92.54
europe_lau,Κοινότητα Δολού,koinoteta_dolou,ko,31.08,46.39,78.25
europe_lau,Κοινότητα Δρυμάδων,koinoteta_drymadon,ko,41.72,66.64,44.95
europe_lau,Κοινότητα Σταροχωρίου,koinoteta_starochoriou,ko,61.47,69.14,76.33
europe_lau,Κοινότητα Φαρών,koinoteta_pharon,ko,53.83,67.02,39.95
europe_lau,Κοινότητα Χρυσοπηγής,koinoteta_chrysopeges,ko,34.65,55.08,98.88
europe_lau,Κοινότητα Καλεντζίου,koinoteta_kalentziou,ko,21.16,48.73,21.63
europe_lau,Κοινότητα Λεοντίου,koinoteta_leontiou,ko,54.19,66.69,72.79
europe_lau,Κοινότητα Άνω Μαζαράκι,koinoteta_ano_mazaraki,ko,41.27,72.11,8.85
europe_lau,Κοινότητα Δεμεστίχων,koinoteta_demestichon,ko,44.49,52.37,47.84
europe_lau,Κοινότητα Σταυροδρομίου,koinoteta_staurodromiou,ko,45.52,55.28,64.88
europe_lau,Κοινότητα Αγίας Βαρβάρας,koinoteta_agias_barbaras,ko,63,66.53,69.48
europe_lau,Κοινότητα Αγίας Μαρίνης,koinoteta_agias_marines,ko,60.17,76.67,13.55
europe_lau,Κοινότητα Αλεποχωρίου,koinoteta_alepochoriou,ko,35.57,51.03,36.56
europe_lau,Κοινότητα Βελιμαχίου,koinoteta_belimachiou,ko,46.98,66.47,79.78
europe_lau,Κοινότητα Δροσιάς,koinoteta_drosias,ko,42.82,57.52,-9.18
europe_lau,Κοινότητα Ερυμανθείας,koinoteta_erymantheias,ko,45.49,62.59,72.08
europe_lau,Κοινότητα Κάλφα,koinoteta_kalpha,ko,31.56,56.03,34.34
europe_lau,Κοινότητα Μανεσίου Πατρών,koinoteta_manesiou_patron,ko,35.56,64.76,87.73
europe_lau,Κοινότητα Ρουπακιάς,koinoteta_roupakias,ko,39.92,68.85,99.53
europe_lau,Κοινότητα Σκιαδά,koinoteta_skiada,ko,55.42,69.65,71.54
europe_lau,Κοινότητα Σκούρα,koinoteta_skoura,ko,67.05,74.58,57.26
europe_lau,Κοινότητα Σπαρτιάς,koinoteta_spartias,ko,22.4,62.08,52.85
europe_lau,Κοινότητα Χιόνας,koinoteta_chionas,ko,52.54,72.55,22.7
europe_lau,Κοινότητα Καλαβρύτων,koinoteta_kalabryton,ko,27.89,37.11,39.98
europe_lau,Κοινότητα Άνω Βλασίας,koinoteta_ano_blasias,ko,67.42,76.92,42.49
europe_lau,Κοινότητα Άνω Λουσών,koinoteta_ano_louson,ko,26.28,51.55,43.53
europe_lau,Κοινότητα Βάλτας,koinoteta_baltas,ko,44.5,54.86,28.3
europe_lau,Κοινότητα Βιλιβίνης,koinoteta_bilibines,ko,63.16,70.34,63.91
europe_lau,Κοινότητα Γουμένισσας,koinoteta_goumenissas,ko,29.65,42.49,-4.95
europe_lau,Κοινότητα Δουμενών,koinoteta_doumenon,ko,54.09,69.25,70.14
europe_lau,Κοινότητα Δροσάτου,koinoteta_drosatou,ko,22.93,54.59,-126.65
europe_lau,Κοινότητα Καλλιφωνίου,koinoteta_kalliphoniou,ko,50.21,65.22,87.18
europe_lau,Κοινότητα Κανδάλου,koinoteta_kandalou,ko,55.55,75.11,77.55
europe_lau,Κοινότητα Κάτω Βλασίας,koinoteta_kato_blasias,ko,43.69,57.85,80.39
europe_lau,Κοινότητα Κάτω Ζαχλωρούς,koinoteta_kato_zachlorous,ko,38.27,61.22,96.38
europe_lau,Κοινότητα Κάτω Λουσών,koinoteta_kato_louson,ko,29.62,59.86,-41.61
europe_lau,Κοινότητα Κερπινής,koinoteta_kerpines,ko,46.38,58.39,49.98
europe_lau,Κοινότητα Αρχοντοχωρίου,koinoteta_archontochoriou,ko,49.4,68.54,96.49
europe_lau,Κοινότητα Βάρνακα,koinoteta_barnaka,ko,37.89,44.59,70.07
europe_lau,Κοινότητα Μύτικα,koinoteta_mytika,ko,11.58,30.66,-90.67
europe_lau,Κοινότητα Παναγούλας,koinoteta_panagoulas,ko,40.14,67.69,81.65
europe_lau,Κοινότητα Φυτειών,koinoteta_phyteion,ko,47.67,60.46,38.17
europe_lau,Κοινότητα Παππαδάτου,koinoteta_pappadatou,ko,61.91,78.97,31.22
europe_lau,Κοινότητα Πύργου,koinoteta_pyrgou,ko,31.22,44.46,84.24
europe_lau,Κοινότητα Αγίου Γεωργίου,koinoteta_agiou_georgiou,ko,49.38,66.11,63.16
europe_lau,Κοινότητα Αγίου Ηλία Πύργου,koinoteta_agiou_elia_pyrgou,ko,56.65,67.98,42.82
europe_lau,Κοινότητα Αγίου Ιωάννου,koinoteta_agiou_ioannou,ko,59.96,76.61,82.21
europe_lau,Κοινότητα Αμπελώνος,koinoteta_ampelonos,ko,37.56,60.57,42.1
europe_lau,Κοινότητα Βαρβασαίνης,koinoteta_barbasaines,ko,34.01,62.63,96.72
europe_lau,Κοινότητα Βυτιναιίκων,koinoteta_bytinaiikon,ko,35.17,51.21,46.56
europe_lau,Κοινότητα Γρανιτσαιίκων,koinoteta_granitsaiikon,ko,30.13,64.7,82.98
europe_lau,Κοινότητα Ελαιώνος,koinoteta_elaionos,ko,32.59,68.57,93.71
europe_lau,Κοινότητα Κατακόλου,koinoteta_katakolou,ko,36.64,64.49,97.44
europe_lau,Κοινότητα Κολιρίου,koinoteta_koliriou,ko,25.81,53.92,91.75
europe_lau,Κοινότητα Κορακοχωρίου,koinoteta_korakochoriou,ko,58.55,69.2,57.44
europe_lau,Κοινότητα Λασταιίκων,koinoteta_lastaiikon,ko,53.83,73.63,65.89
europe_lau,Κοινότητα Λεβεντοχωρίου,koinoteta_lebentochoriou,ko,65.65,79.85,24.81
europe_lau,Κοινότητα Μυρτέας,koinoteta_myrteas,ko,51.65,71.6,70.35
europe_lau,Κοινότητα Παλαιοβαρβασαίνης,koinoteta_palaiobarbasaines,ko,54.81,73.18,51.12
europe_lau,Κοινότητα Σαλμώνης,koinoteta_salmones,ko,57.74,73.4,18.44
europe_lau,Κοινότητα Σκαφιδιάς,koinoteta_skaphidias,ko,58.28,62.96,51
europe_lau,Κοινότητα Σκουροχωρίου,koinoteta_skourochoriou,ko,50.43,69.83,82.16
europe_lau,Κοινότητα Επιταλίου,koinoteta_epitaliou,ko,24.02,55.84,48.72
europe_lau,Κοινότητα Αγριδίου,koinoteta_agridiou,ko,61.99,83.57,37.39
europe_lau,Κοινότητα Αλφειούσης,koinoteta_alpheiouses,ko,32.61,48.63,-28.87
europe_lau,Κοινότητα Ανεμοχωρίου,koinoteta_anemochoriou,ko,43.25,84.31,57.54
europe_lau,Κοινότητα Βουνάργου,koinoteta_bounargou,ko,39.12,61.4,98.15
europe_lau,Κοινότητα Αγίων Αποστόλων,koinoteta_agion_apostolon,ko,31.71,73.05,83.04
europe_lau,Κοινότητα Αλποχωρίου,koinoteta_alpochoriou,ko,45.05,62.41,85.34
europe_lau,Κοινότητα Βροχίτσης,koinoteta_brochitses,ko,40.24,64.06,93.77
europe_lau,Κοινότητα Κατσαρού,koinoteta_katsarou,ko,19.87,47.37,-47.16
europe_lau,Κοινότητα Κορυφής,koinoteta_koryphes,ko,25.57,59.61,16.45
europe_lau,Κοινότητα Ξυλοκέρας,koinoteta_xylokeras,ko,39.75,65.52,98.82
europe_lau,Κοινότητα Πρασίνου,koinoteta_prasinou,ko,29.99,63.26,10.96
europe_lau,Κοινότητα Φοναϊτίκων,koinoteta_phonaitikon,ko,38.78,74.65,88.68
europe_lau,Κοινότητα Καράτουλα,koinoteta_karatoula,ko,32.58,58.04,69.88
europe_lau,Κοινότητα Αγίας Άννης,koinoteta_agias_annes,ko,47.78,70.05,41.68
europe_lau,Κοινότητα Αρβανίτη,koinoteta_arbanite,ko,51.57,65.5,4.09
europe_lau,Κοινότητα Γουμέρου,koinoteta_goumerou,ko,52.84,71.89,32.12
europe_lau,Κοινότητα Καρυάς,koinoteta_karyas,ko,42.35,76.64,-41.77
europe_lau,Κοινότητα Κλινδιάς,koinoteta_klindias,ko,52.16,75.82,69.73
europe_lau,Κοινότητα Κουτσοχέρας,koinoteta_koutsocheras,ko,54.35,62.56,77.05
europe_lau,Κοινότητα Καραβομύλου,koinoteta_karabomylou,ko,34.45,56.54,89.77
europe_lau,Κοινότητα Παλαιοκερασέας,koinoteta_palaiokeraseas,ko,17.03,42.97,79.05
europe_lau,Κοινότητα Σπαρτιάς,koinoteta_spartias,ko,25.9,65.95,95.27
europe_lau,Κοινότητα Πελασγίας,koinoteta_pelasgias,ko,40.7,57.03,87.8
europe_lau,Κοινότητα Βαθυκοίλου,koinoteta_bathykoilou,ko,37.58,54.78,81.77
europe_lau,Κοινότητα Γλύφας,koinoteta_glyphas,ko,29.28,51.12,54.42
europe_lau,Κοινότητα Μύλων,koinoteta_mylon,ko,33.18,68.76,93.09
europe_lau,Κοινότητα Λεβαδέων,koinoteta_lebadeon,ko,45.33,50.46,62.16
europe_lau,Κοινότητα Λαφυστίου,koinoteta_laphystiou,ko,32.83,61.52,27.89
europe_lau,Κοινότητα Ρωμαιίκου,koinoteta_romaiikou,ko,37.06,54.37,-6.29
europe_lau,Κοινότητα Δαυλείας,koinoteta_dauleias,ko,46.14,64.47,-2.59
europe_lau,Κοινότητα Μαυρονερίου,koinoteta_mauroneriou,ko,54.82,69.9,21.86
europe_lau,Κοινότητα Παρορίου,koinoteta_paroriou,ko,38.53,53.98,22.9
europe_lau,Κοινότητα Αγίου Γεωργίου,koinoteta_agiou_georgiou,ko,36.6,63.09,14.73
europe_lau,Κοινότητα Αγίας Άννας,koinoteta_agias_annas,ko,35.35,55.21,35.46
europe_lau,Κοινότητα Αγίας Τριάδος,koinoteta_agias_triados,ko,40.57,60.32,75.38
europe_lau,Κοινότητα Αλαλκομενών,koinoteta_alalkomenon,ko,40.61,63.52,34.11
europe_lau,Κοινότητα Κορωνείας,koinoteta_koroneias,ko,35.24,56.24,98.31
europe_lau,Κοινότητα Κυριακίου,koinoteta_kyriakiou,ko,62.51,70.97,52.55
europe_lau,Κοινότητα Χαιρωνείας,koinoteta_chaironeias,ko,41.25,63.15,97.13
europe_lau,Κοινότητα Αγίου Βλασίου,koinoteta_agiou_blasiou,ko,38.96,60.16,66.71
europe_lau,Κοινότητα Ακοντίου,koinoteta_akontiou,ko,44.42,63.26,-13.48
europe_lau,Κοινότητα Ανθοχωρίου,koinoteta_anthochoriou,ko,50.84,58.15,46.26
europe_lau,Κοινότητα Βασιλικών,koinoteta_basilikon,ko,53.66,65.61,66.35
europe_lau,Κοινότητα Θουρίου,koinoteta_thouriou,ko,50.72,75.4,30.14
europe_lau,Κοινότητα Προσηλίου,koinoteta_proseliou,ko,38.48,62.34,-0.14
europe_lau,Κοινότητα Προφήτου Ηλία,koinoteta_prophetou_elia,ko,36.88,65.33,-44.82
europe_lau,Κοινότητα Αλιάρτου,koinoteta_aliartou,ko,33.05,56.48,94.93
europe_lau,Κοινότητα Πετράδων,koinoteta_petradon,ko,44.09,58.53,72.51
europe_lau,Κοινότητα Ποιμενικού,koinoteta_poimenikou,ko,26.41,49.33,86.76
europe_lau,Κοινότητα Πραγγίου,koinoteta_prangiou,ko,42.81,66.26,89.56
europe_lau,Κοινότητα Πυθίου,koinoteta_pythiou,ko,54.66,67.91,58.88
europe_lau,Κοινότητα Σιτοχωρίου,koinoteta_sitochoriou,ko,31.17,65.92,83.51
europe_lau,Κοινότητα Σοφικό,koinoteta_sophiko,ko,31.29,52.35,-36.11
europe_lau,Koekelare,koekelare,ko,47.07,61.96,75.48
europe_lau,Κοινότητα Μεταξάδων,koinoteta_metaxadon,ko,52.39,61.16,71.47
europe_lau,Κοινότητα Αλεποχωρίου,koinoteta_alepochoriou,ko,44.25,72.64,23.04
europe_lau,Κοινότητα Ασπρονερίου,koinoteta_asproneriou,ko,39.88,58.6,58.68
europe_lau,Κοινότητα Βρυσικών,koinoteta_brysikon,ko,37.59,46.86,74.58
europe_lau,Κοινότητα Δόξης,koinoteta_doxes,ko,49.98,70.18,83.02
europe_lau,Κοινότητα Ελαφοχωρίου,koinoteta_elaphochoriou,ko,39.72,61.54,97.14
europe_lau,Κοινότητα Λάδης,koinoteta_lades,ko,30.51,51.33,63.69
europe_lau,Κοινότητα Παλιουρίου,koinoteta_paliouriou,ko,33.62,60.2,94.97
europe_lau,Κοινότητα Ορεστιάδος,koinoteta_orestiados,ko,63.58,69.43,45.2
europe_lau,Κοινότητα Αμπελακίων,koinoteta_ampelakion,ko,43.26,58.26,62.79
europe_lau,Kortemark,kortemark,ko,62.62,69.18,54.26
europe_lau,Κοινότητα Βάλτου,koinoteta_baltou,ko,49.93,55.62,67.18
europe_lau,Κοινότητα Θουρίου,koinoteta_thouriou,ko,27.76,49.27,-53.87
europe_lau,Κοινότητα Μεγάλης Δοξιπάρας,koinoteta_megales_doxiparas,ko,38.74,54.62,91.12
europe_lau,Κοινότητα Λακήθρας,koinoteta_lakethras,ko,47.2,78.72,-24.61
europe_lau,Κοινότητα Λουρδάτων,koinoteta_lourdaton,ko,29.72,72.66,52.77
europe_lau,Κοινότητα Μεταξάτων,koinoteta_metaxaton,ko,44.09,68.33,91.17
europe_lau,Κοινότητα Μουσάτων,koinoteta_mousaton,ko,37.89,44.99,60.24
europe_lau,Κοινότητα Λουτρών Ηραίας,koinoteta_loutron_eraias,ko,50.94,66.2,90.58
europe_lau,Κοινότητα Λυκούρεση,koinoteta_lykourese,ko,39.27,55.61,88.02
europe_lau,Κοινότητα Λυσσαρέας,koinoteta_lyssareas,ko,63.25,69.39,31.51
europe_lau,Κοινότητα Όχθιας,koinoteta_ochthias,ko,39.01,76.34,-41.58
europe_lau,Κοινότητα Πυρρή,koinoteta_pyrre,ko,33.61,50.61,27.19
europe_lau,Κοινότητα Ράφτη,koinoteta_raphte,ko,53.05,74.97,51.91
europe_lau,Κοινότητα Σαρακινίου Ηραίας,koinoteta_sarakiniou_eraias,ko,46.84,66.05,-2.33
europe_lau,Κοινότητα Σέρβου,koinoteta_serbou,ko,37.07,52.03,44.8
europe_lau,Κοινότητα Χρυσοχωρίου,koinoteta_chrysochoriou,ko,56.91,80.15,-8.38
europe_lau,Κοινότητα Ψαρίου,koinoteta_psariou,ko,49.53,66.71,78.57
europe_lau,Κοινότητα Μυγδαλιάς,koinoteta_mygdalias,ko,38.73,65.26,-34.13
europe_lau,Κοινότητα Αγριδίου,koinoteta_agridiou,ko,50.46,66.25,16.58
europe_lau,Κοινότητα Βαλτεσινίκου,koinoteta_baltesinikou,ko,53.88,60.93,57.25
europe_lau,Κοινότητα Δρακοβουνίου,koinoteta_drakobouniou,ko,44.12,65.09,58.38
europe_lau,Κοινότητα Θεοκτίστου,koinoteta_theoktistou,ko,55.48,65.57,42.82
europe_lau,Κοινότητα Κερπινής,koinoteta_kerpines,ko,36.37,55.31,78.91
europe_lau,Κοινότητα Ξηροκαριταίνης,koinoteta_xerokaritaines,ko,60.08,73.46,59.06
europe_lau,Κοινότητα Πουρναριάς,koinoteta_pournarias,ko,55.8,60.68,61.86
europe_lau,Κοινότητα Πρασίνου,koinoteta_prasinou,ko,50.72,71.42,28.77
europe_lau,Κοινότητα Κοντοβαζαίνης,koinoteta_kontobazaines,ko,33.68,68.07,86.86
europe_lau,Κοινότητα Βάχλιας,koinoteta_bachlias,ko,39,55.58,63.83
europe_lau,Κοινότητα Βελημαχίου,koinoteta_belemachiou,ko,36.25,67.98,76.77
europe_lau,Κοινότητα Βιδιακίου,koinoteta_bidiakiou,ko,40.01,72.48,92.33
europe_lau,Κοινότητα Βούτση,koinoteta_boutse,ko,51.82,69.18,65.89
europe_lau,Κοινότητα Δήμητρας,koinoteta_demetras,ko,38.45,61.27,77.4
europe_lau,Κοινότητα Καρδαριτσίου,koinoteta_kardaritsiou,ko,57.62,67.05,71.31
europe_lau,Κοινότητα Μοναστηρακίου,koinoteta_monasterakiou,ko,32.89,48.81,91.27
europe_lau,Κοινότητα Παραλογγών,koinoteta_paralongon,ko,22.53,66.81,34.77
europe_lau,Κοινότητα Λαγκαδίων,koinoteta_lankadion,ko,45.45,58.46,72.4
europe_lau,Κοινότητα Λευκοχωρίου,koinoteta_leukochoriou,ko,43.36,64.82,37.71
europe_lau,Κοινότητα Στεμνίτσης,koinoteta_stemnitses,ko,53.26,69.85,34.77
europe_lau,Κοινότητα Ελληνικού,koinoteta_ellenikou,ko,58.08,67.77,83.87
europe_lau,Κοινότητα Παλαμαρίου,koinoteta_palamariou,ko,27.96,54.27,87.36
europe_lau,Κοινότητα Παύλιας,koinoteta_paulias,ko,50.12,69.32,87.5
europe_lau,Κοινότητα Σύρνας,koinoteta_syrnas,ko,34.56,49.56,68.39
europe_lau,Κοινότητα Τροπαίων,koinoteta_tropaion,ko,36.89,57.67,-10.81
europe_lau,Κοινότητα Αετορράχη,koinoteta_aetorrache,ko,26.56,60.35,-73.85
europe_lau,Κοινότητα Βυζικίου,koinoteta_byzikiou,ko,15.73,48.31,-226.54
europe_lau,Κοινότητα Δόξης,koinoteta_doxes,ko,46.96,76.65,1.79
europe_lau,Κοινότητα Καλλιανίου,koinoteta_kallianiou,ko,42.59,51.28,16.04
europe_lau,Κοινότητα Καστρακίου,koinoteta_kastrakiou,ko,40.6,58.59,46.48
europe_lau,Κοινότητα Λιβαδακίου,koinoteta_libadakiou,ko,67.79,75.18,54.14
europe_lau,Κοινότητα Νεοχωρίου Γορτυνίας,koinoteta_neochoriou_gortynias,ko,43.4,63.18,19.02
europe_lau,Κοινότητα Περδικονερίου,koinoteta_perdikoneriou,ko,46.56,68.72,98.21
europe_lau,Κοινότητα Ραχών,koinoteta_rachon,ko,32.25,69.23,90.44
europe_lau,Κοινότητα Σπάθαρη,koinoteta_spathare,ko,29.99,55.76,34.51
europe_lau,Κοινότητα Σταυροδρομίου,koinoteta_staurodromiou,ko,45.74,63.83,32.63
europe_lau,Κοινότητα Τριποταμιάς,koinoteta_tripotamias,ko,31.21,69.84,81.39
europe_lau,Κοινότητα Χώρας,koinoteta_choras,ko,21.7,49.35,94.68
europe_lau,Κοινότητα Μεγαλοπόλεως,koinoteta_megalopoleos,ko,39.23,49.87,74.49
europe_lau,Κοινότητα Ανθοχωρίου,koinoteta_anthochoriou,ko,42.9,67.13,97.16
europe_lau,Κοινότητα Άνω Καρυών,koinoteta_ano_karyon,ko,33.25,41.55,35.39
europe_lau,Κοινότητα Βάγγου,koinoteta_bangou,ko,40.97,70.05,40.01
europe_lau,Κοινότητα Βάστα,koinoteta_basta,ko,46.1,58.26,86.96
europe_lau,Κοινότητα Γεφύρας,koinoteta_gephyras,ko,65.22,75.17,14.19
europe_lau,Κοινότητα Θωκνίας,koinoteta_thoknias,ko,45.65,70.54,79.59
europe_lau,Κοινότητα Ίσαρη,koinoteta_isare,ko,59.62,64.54,57.26
europe_lau,Κοινότητα Ισώματος Καρυών,koinoteta_isomatos_karyon,ko,40.48,56.13,11.56
europe_lau,Κοινότητα Καράτουλα,koinoteta_karatoula,ko,27.78,59.92,44.33
europe_lau,Κοινότητα Καστανοχωρίου,koinoteta_kastanochoriou,ko,42.69,62.44,66.51
europe_lau,Κοινότητα Κάτω Καρυών,koinoteta_kato_karyon,ko,67.86,76.69,44.56
europe_lau,Κοινότητα Λυκαίου,koinoteta_lykaiou,ko,38.54,45.4,50.97
europe_lau,Κοινότητα Δροσάτου,koinoteta_drosatou,ko,65.59,78.25,69.22
europe_lau,Κοινότητα Κάμπου,koinoteta_kampou,ko,48.29,60.24,84.67
europe_lau,Κοινότητα Καστρακίου,koinoteta_kastrakiou,ko,56.46,74.8,37.22
europe_lau,Κοινότητα Κλήματος Ευπαλίου,koinoteta_klematos_eupaliou,ko,54.77,66.89,66.94
europe_lau,Κοινότητα Μαλαμάτων,koinoteta_malamaton,ko,35.87,47.37,83.76
europe_lau,Κοινότητα Μαναγούλης,koinoteta_managoules,ko,52.44,63.33,66.11
europe_lau,Κοινότητα Μαραθιά,koinoteta_marathia,ko,48.12,59.09,14.23
europe_lau,Κοινότητα Μοναστηρακίου,koinoteta_monasterakiou,ko,16.62,39.17,-28.89
europe_lau,Κοινότητα Παλαιοξαρίου,koinoteta_palaioxariou,ko,31.22,48.11,89.6
europe_lau,Κοινότητα Ποτιδάνειας,koinoteta_potidaneias,ko,45.03,68.84,99.11
europe_lau,Κοινότητα Κερτέζης,koinoteta_kertezes,ko,35.04,67.11,-33.86
europe_lau,Κοινότητα Κορφών,koinoteta_korphon,ko,39.44,61.96,-35.11
europe_lau,Κοινότητα Κούτελης,koinoteta_kouteles,ko,44.62,66.49,17.51
europe_lau,Κοινότητα Κρυονερίου,koinoteta_kryoneriou,ko,39.09,55.34,91.82
europe_lau,Κοινότητα Λαγοβουνίου,koinoteta_lagobouniou,ko,37.41,60.05,89.22
europe_lau,Κοινότητα Λαπαναγών,koinoteta_lapanagon,ko,54.74,68.12,60.44
europe_lau,Κοινότητα Μανεσίου Καλαβρύτων,koinoteta_manesiou_kalabryton,ko,36.32,54.53,96.6
europe_lau,Κοινότητα Μικρού Ποντιά,koinoteta_mikrou_pontia,ko,68.1,68.97,60.86
europe_lau,Κοινότητα Πετσάκων,koinoteta_petsakon,ko,40.97,51.24,47.06
europe_lau,Κοινότητα Πλατανιωτίσσης,koinoteta_plataniotisses,ko,54.03,61.17,49.17
europe_lau,Κοινότητα Πριολίθου,koinoteta_priolithou,ko,51.7,58.28,74.9
europe_lau,Κοινότητα Προφήτου Ηλιού,koinoteta_prophetou_eliou,ko,58.58,70.11,31.04
europe_lau,Κοινότητα Ρογών,koinoteta_rogon,ko,53.45,71.45,81.83
europe_lau,Κοινότητα Σιγουνίου,koinoteta_sigouniou,ko,63.86,80.24,68.31
europe_lau,Κοινότητα Σκεπαστού,koinoteta_skepastou,ko,34.47,53.16,95.45
europe_lau,Κοινότητα Τρεχλού,koinoteta_trechlou,ko,44.86,63.29,29.73
europe_lau,Κοινότητα Φλαμπούρων,koinoteta_phlampouron,ko,29.68,52.68,68.12
europe_lau,Κοινότητα Ψωφίδος,koinoteta_psophidos,ko,29.88,62.54,99.39
europe_lau,Κοινότητα Αγραμπέλων,koinoteta_agrampelon,ko,50.71,61.39,79.05
europe_lau,Κοινότητα Αγριδίου,koinoteta_agridiou,ko,51.11,69.63,-3.46
europe_lau,Κοινότητα Αλεσταίνης,koinoteta_alestaines,ko,54.75,75.65,9.95
europe_lau,Κοινότητα Αναστάσεως,koinoteta_anastaseos,ko,53.82,81.6,18.31
europe_lau,Κοινότητα Αροανίας,koinoteta_aroanias,ko,57.39,69.61,69.43
europe_lau,Κοινότητα Δεσινού,koinoteta_desinou,ko,31.19,53.09,97.68
europe_lau,Κοινότητα Καμενιάνων,koinoteta_kamenianon,ko,52.08,71.05,88.85
europe_lau,Κοινότητα Λεχουρίου,koinoteta_lechouriou,ko,39.19,64.31,94
europe_lau,Κοινότητα Κρηνίτσης,koinoteta_krenitses,ko,71.97,83.33,43.42
europe_lau,Κοινότητα Λιοπράσου,koinoteta_lioprasou,ko,39.06,67.31,74
europe_lau,Κοινότητα Ριζώματος,koinoteta_rizomatos,ko,38.74,58.09,96.83
europe_lau,Κοινότητα Ελληνοκάστρου,koinoteta_ellenokastrou,ko,54.9,60.72,51.04
europe_lau,Κοινότητα Πλατάνου,koinoteta_platanou,ko,58.36,72.21,89.58
europe_lau,Κοινότητα Ράξας,koinoteta_raxas,ko,45.8,64.78,27.68
europe_lau,Κοινότητα Σπαθάδων,koinoteta_spathadon,ko,45.89,65.45,89.34
europe_lau,Κοινότητα Κεφαλοβρύσου,koinoteta_kephalobrysou,ko,44.7,55.53,49.4
europe_lau,Κοινότητα Διαλεκτού,koinoteta_dialektou,ko,28.86,58.1,52.89
europe_lau,Κοινότητα Διποτάμου,koinoteta_dipotamou,ko,47.53,70.77,72.07
europe_lau,Κοινότητα Μεγάλου Κεφαλοβρύσου,koinoteta_megalou_kephalobrysou,ko,35.46,62.38,45.8
europe_lau,Κοινότητα Μεγάρχης,koinoteta_megarches,ko,38.19,57.39,-8.84
europe_lau,Κοινότητα Καλαμπάκας,koinoteta_kalampakas,ko,30.09,44.25,61.33
europe_lau,Κοινότητα Αύρας,koinoteta_auras,ko,38.54,66.02,49.1
europe_lau,Κοινότητα Βλαχάβας,koinoteta_blachabas,ko,53.43,68.23,68.5
europe_lau,Κοινότητα Διάβας,koinoteta_diabas,ko,59.6,65.65,79.25
europe_lau,Κοινότητα Καστρακίου,koinoteta_kastrakiou,ko,39.97,59.32,40.66
europe_lau,Κοινότητα Κρύας Βρύσης,koinoteta_kryas_bryses,ko,42.7,70.73,98.19
europe_lau,Κοινότητα Μεγάλης Κερασέας,koinoteta_megales_keraseas,ko,48.86,56.11,50.97
europe_lau,Κοινότητα Ορθοβουνίου,koinoteta_orthobouniou,ko,55.94,73.36,78.7
europe_lau,Κοινότητα Σαρακήνας,koinoteta_sarakenas,ko,63.88,68.93,62.06
europe_lau,Κοινότητα Καλλιρρόης,koinoteta_kallirroes,ko,58.61,74.24,69.59
europe_lau,Κοινότητα Αγίας Παρασκευής,koinoteta_agias_paraskeues,ko,52.47,66.16,39.32
europe_lau,Κοινότητα Ανθούσης,koinoteta_anthouses,ko,32.09,74.96,40.43
europe_lau,Κοινότητα Καταφύτου,koinoteta_kataphytou,ko,52.34,57.39,67.55
europe_lau,Κοινότητα Κρανέας,koinoteta_kraneas,ko,65.05,69.11,67.9
europe_lau,Κοινότητα Πολυθέας,koinoteta_polytheas,ko,57.87,64.99,68.32
europe_lau,Κοινότητα Στεφανίου,koinoteta_stephaniou,ko,55.64,75.33,32.32
europe_lau,Κοινότητα Χαλικίου,koinoteta_chalikiou,ko,49.92,70.2,21.77
europe_lau,Κοινότητα Βασιλικής,koinoteta_basilikes,ko,63.97,69.09,67.56
europe_lau,Κοινότητα Θεοπέτρας,koinoteta_theopetras,ko,54.25,62.94,63.76
europe_lau,Κοινότητα Περιστέρας,koinoteta_peristeras,ko,46.9,60.69,21.39
europe_lau,Κοινότητα Καστανέας,koinoteta_kastaneas,ko,23.17,60.2,-70.51
europe_lau,Κοινότητα Αμαράντου,koinoteta_amarantou,ko,48.78,72.6,13.1
europe_lau,Κοινότητα Αμπελοχωρίου,koinoteta_ampelochoriou,ko,51.88,71.79,20.16
europe_lau,Κοινότητα Καλομοίρας,koinoteta_kalomoiras,ko,32.1,59.85,-41.27
europe_lau,Κοινότητα Ματονερίου,koinoteta_matoneriou,ko,57.71,70.89,37.92
europe_lau,Κοινότητα Ελαφίου,koinoteta_elaphiou,ko,57.94,74.07,41.48
europe_lau,Κοινότητα Κλεινού,koinoteta_kleinou,ko,31.9,56.13,45
europe_lau,Κοινότητα Αηδόνος,koinoteta_aedonos,ko,54.63,65.87,83.68
europe_lau,Κοινότητα Γλυκομηλέας,koinoteta_glykomeleas,ko,23.34,54.87,81.39
europe_lau,Κοινότητα Καλογριανής,koinoteta_kalogrianes,ko,55.41,70.88,30.37
europe_lau,Κοινότητα Παλαιοχωρίου,koinoteta_palaiochoriou,ko,54.27,71.02,89.81
europe_lau,Κοινότητα Χρυσομηλέας,koinoteta_chrysomeleas,ko,47.45,67.31,89.35
europe_lau,Κοινότητα Παναγίας,koinoteta_panagias,ko,45.36,54.69,71.59
europe_lau,Κοινότητα Κορυδαλλού,koinoteta_korydallou,ko,52.69,66.27,67.7
europe_lau,Κοινότητα Μαλακασίου,koinoteta_malakasiou,ko,53.76,66.75,91.14
europe_lau,Kottingbrunn,kottingbrunn,ko,33.38,64.17,22.26
europe_lau,Kokemäki,kokemaki,ko,52.94,62.53,81.85
europe_lau,Kokkola,kokkola,ko,25.56,42.2,43.69
europe_lau,Kolari,kolari,ko,45.74,64.88,82.88
europe_lau,Konnevesi,konnevesi,ko,50.24,58.53,86.21
europe_lau,Kontiolahti,kontiolahti,ko,41.75,59.12,89.92
europe_lau,Korsnäs,korsnas,ko,36.6,54.88,96.44
europe_lau,Koski Tl,koski_tl,ko,46.85,67.68,84.39
europe_lau,Kotka,kotka,ko,41.45,60.74,93.57
europe_lau,Kouvola,kouvola,ko,55.6,59.65,75.42
europe_lau,Kökar,kokar,ko,46.99,63.57,26.84
europe_lau,Kölliken,kolliken,ko,51.37,64.94,81.08
europe_lau,Κοινότητα Αγίου Ιωάννου Λακεδαίμονος,koinoteta_agiou_ioannou_lakedaimonos,ko,49.48,75.1,91.58
europe_lau,Κοινότητα Αναβρυτής,koinoteta_anabrytes,ko,50.24,62.21,8.26
europe_lau,Κοινότητα Λογγάστρας,koinoteta_longastras,ko,18.78,46.66,-49.04
europe_lau,Κοινότητα Μυστρά,koinoteta_mystra,ko,36.31,60.33,-0.58
europe_lau,Κοινότητα Παρορείου,koinoteta_paroreiou,ko,50.03,76.31,28.07
europe_lau,Κοινότητα Σουστιάνων,koinoteta_soustianon,ko,15.68,60.75,-249.59
europe_lau,Κοινότητα Τρύπης,koinoteta_trypes,ko,16.34,36.87,-21.79
europe_lau,Κοινότητα Σελλασίας,koinoteta_sellasias,ko,51.49,58.39,73.28
europe_lau,Κοινότητα Βαμβακούς,koinoteta_bambakous,ko,48.44,59.21,57.76
europe_lau,Κοινότητα Βαρβίτσης,koinoteta_barbitses,ko,49.4,59.95,68.56
europe_lau,Κοινότητα Βασαρά,koinoteta_basara,ko,45.9,66.28,34.02
europe_lau,Κοινότητα Βουτιάνων,koinoteta_boutianon,ko,37.04,68.24,99.5
europe_lau,Κοινότητα Βρεσθένων,koinoteta_bresthenon,ko,56.53,61.79,48.18
europe_lau,Κοινότητα Θεολόγου,koinoteta_theologou,ko,27.96,64.16,86.36
europe_lau,Κοινότητα Κονιδίτσης,koinoteta_koniditses,ko,55.94,63.62,72.7
europe_lau,Κοινότητα Καστορείου,koinoteta_kastoreiou,ko,36.94,60.94,34.33
europe_lau,Κοινότητα Αγίου Κωνσταντίνου,koinoteta_agiou_konstantinou,ko,38.38,54.07,46.51
europe_lau,Κοινότητα Αγόριανης,koinoteta_agorianes,ko,18.29,44.37,31.97
europe_lau,Κοινότητα Αλευρούς,koinoteta_aleurous,ko,15.33,51.23,11.7
europe_lau,Κοινότητα Βορδονίας,koinoteta_bordonias,ko,30.54,68.47,-63.26
europe_lau,Κοινότητα Γεωργιτσίου,koinoteta_georgitsiou,ko,43.56,50.3,44.4
europe_lau,Κοινότητα Λογκανίκου,koinoteta_lonkanikou,ko,48.14,67.89,75.09
europe_lau,Κοινότητα Πελλάνας,koinoteta_pellanas,ko,46.1,57.22,11.89
europe_lau,Κοινότητα Περιβολίων,koinoteta_peribolion,ko,59.49,68.08,59.39
europe_lau,Κοινότητα Ξηροκαμπίου,koinoteta_xerokampiou,ko,19.36,60.79,-47.97
europe_lau,Κοινότητα Ανωγείων,koinoteta_anogeion,ko,18.23,60.65,-63.76
europe_lau,Κοινότητα Άρνης,koinoteta_arnes,ko,59.78,71.88,77.3
europe_lau,Kortezubi,kortezubi,ko,41.14,61.01,-6.53
europe_lau,Konolfingen,konolfingen,ko,58.87,67.69,58.79
europe_lau,Κοινότητα Καλιανών,koinoteta_kalianon,ko,60.78,69.61,80.62
europe_lau,Κοινότητα Ασπροκάμπου,koinoteta_asprokampou,ko,63.69,71.21,79.71
europe_lau,Κοινότητα Δροσοπηγής,koinoteta_drosopeges,ko,59.9,66.08,76.04
europe_lau,Κοινότητα Καισαρίου,koinoteta_kaisariou,ko,47.98,60.06,74.6
europe_lau,Κοινότητα Καστανέας,koinoteta_kastaneas,ko,43.18,52.76,61.98
europe_lau,Κοινότητα Κεφαλαρίου,koinoteta_kephalariou,ko,50.88,60.47,66.92
europe_lau,Κοινότητα Κυλλήνης,koinoteta_kyllenes,ko,47.67,71.01,69.84
europe_lau,Κοινότητα Λαύκας,koinoteta_laukas,ko,28.84,51.34,-5.63
europe_lau,Κοινότητα Στυμφαλίας,koinoteta_stymphalias,ko,61.31,74.91,71.63
europe_lau,Κοινότητα Ψαρίου,koinoteta_psariou,ko,63.45,70.33,57.57
europe_lau,Κοινότητα Γκούρας,koinoteta_nkouras,ko,33.17,45.01,23.94
europe_lau,Κοινότητα Αρχαίας Φενεού,koinoteta_archaias_pheneou,ko,35.34,48.67,91.05
europe_lau,Κοινότητα Κάτω Ταρσού,koinoteta_kato_tarsou,ko,59.2,72.85,16.11
europe_lau,Κοινότητα Ματίου,koinoteta_matiou,ko,48.43,68.2,67.04
europe_lau,Κοινότητα Μεσινού,koinoteta_mesinou,ko,34.78,40.53,79.08
europe_lau,Κοινότητα Μοσιάς,koinoteta_mosias,ko,41.03,70.99,99.17
europe_lau,Κοινότητα Πανοράματος,koinoteta_panoramatos,ko,35.83,58.57,92.66
europe_lau,Κοινότητα Στενού,koinoteta_stenou,ko,58.75,73.3,44.68
europe_lau,Κοινότητα Φενεού,koinoteta_pheneou,ko,60.99,77.27,48.19
europe_lau,Κοινότητα Σπαρτιατών,koinoteta_spartiaton,ko,33.61,54.32,95.16
europe_lau,Κοινότητα Αμυκλών,koinoteta_amyklon,ko,52.71,73.82,29.21
europe_lau,Κοινότητα Αφισίου,koinoteta_aphisiou,ko,52.53,68.13,74.91
europe_lau,Κοινότητα Καλυβίων Σοχάς,koinoteta_kalybion_sochas,ko,40.45,65.94,16.32
europe_lau,Κοινότητα Κλαδά,koinoteta_klada,ko,37.2,57.08,91.04
europe_lau,Κοινότητα Γκοριτσάς,koinoteta_nkoritsas,ko,51.92,66.28,92.37
europe_lau,Κοινότητα Αγίων Αναργύρων,koinoteta_agion_anargyron,ko,47.46,72.09,87.45
europe_lau,Κοινότητα Αγριάνων,koinoteta_agrianon,ko,38.35,53.56,82.21
europe_lau,Κοινότητα Καλλονής,koinoteta_kallones,ko,38.48,63.56,74.51
europe_lau,Κοινότητα Κεφαλά,koinoteta_kephala,ko,34.77,58.62,90.15
europe_lau,Κοινότητα Πλατάνας,koinoteta_platanas,ko,39.5,60.43,97.68
europe_lau,Κοινότητα Σκούρας,koinoteta_skouras,ko,42.42,55.74,75.43
europe_lau,Κοινότητα Χρυσάφων,koinoteta_chrysaphon,ko,51.02,55.37,47.48
europe_lau,Κοινότητα Καρυών,koinoteta_karyon,ko,53.36,61.13,39.74
europe_lau,Κοινότητα Μαγούλας,koinoteta_magoulas,ko,60.98,80.69,53.19
europe_lau,Κοινότητα Αγίας Ειρήνης,koinoteta_agias_eirenes,ko,36.61,49.62,-9.72
europe_lau,Kozly,kozly,ko,54.78,73.2,83.63
europe_lau,Kojetín,kojetin,ko,44.36,58.94,71.27
europe_lau,Kostelec,kostelec,ko,48.39,53.58,56.51
europe_lau,Κοκκινοτριμιθιά,kokkinotrimithia,ko,39.73,58.93,-14.98
europe_lau,Κούκλια Αμμοχώστου,kouklia_ammochostou,ko,40.01,69.33,95.43
europe_lau,Kœnigsmacker,koenigsmacker,ko,55.59,62.51,70.14
europe_lau,Κονιά,konia,ko,65.68,73.93,53.36
europe_lau,Kokory,kokory,ko,49.23,55.52,71.68
europe_lau,Κώμη (Κώμη Κεπίρ),kome_kome_kepir,ko,51.04,61.91,54.37
europe_lau,Κοντέα,kontea,ko,32.32,64.31,84.56
europe_lau,Κοράκου,korakou,ko,55.58,76.08,42.92
europe_lau,Κόκκινα,kokkina,ko,32.44,44.99,90.55
europe_lau,Κουκά,kouka,ko,49.28,78.5,74.65
europe_lau,Κούκλια Πάφου,kouklia_paphou,ko,43.29,66.93,18.63
europe_lau,Κώμα του Γιαλού,koma_tou_gialou,ko,36.49,50.63,53.47
europe_lau,Κόρνος,kornos,ko,49.08,61.07,80.51
europe_lau,Κόση,kose,ko,44.01,63.01,90.96
europe_lau,Κουτσοβέντης,koutsobentes,ko,51.69,68.22,67.24
europe_lau,Κολόσσι,kolossi,ko,35.62,67.48,86.89
europe_lau,Kojatín,kojatin,ko,27.62,47.39,92.82
europe_lau,Κορνόκηπος,kornokepos,ko,48.72,68.29,91.24
europe_lau,Κοιλάνι,koilani,ko,60.3,64.36,63.03
europe_lau,Κοιλάνεμος,koilanemos,ko,52.15,67.2,48.62
europe_lau,Κορόβεια,korobeia,ko,50.96,62.56,74.85
europe_lau,Kotenčice,kotencice,ko,37.44,62.17,-3.47
europe_lau,Κοντεμένος,kontemenos,ko,52.08,69.62,64.25
europe_lau,Κορφή,korphe,ko,24.72,52.34,98.78
europe_lau,Κοίλη,koile,ko,46.89,64.84,-4.61
europe_lau,Κούρδακα,kourdaka,ko,20.61,61.56,94.87
europe_lau,Κοφίνου,kophinou,ko,60.61,69.75,67.6
europe_lau,Kožušany-Tážaly,kozusany_tazaly,ko,34.72,71.54,-105.18
europe_lau,Κορμακίτης,kormakites,ko,44.1,61.57,2.88
europe_lau,Koblenz,koblenz,ko,41.38,61.77,5.8
europe_lau,KORÇË,korce,ko,51.36,64.29,33.43
europe_lau,Κουρού Μοναστήρι,kourou_monasteri,ko,44.66,52.74,59.6
europe_lau,Kovanice,kovanice,ko,64.41,78.93,64.77
europe_lau,Kozárovice,kozarovice,ko,33.28,52.21,40.02
europe_lau,Kotovice,kotovice,ko,57.79,70.88,45.99
europe_lau,Kozlovice,kozlovice,ko,35.89,52.67,43.62
europe_lau,Kourou,kourou,ko,35.37,56.46,94.38
europe_lau,Kokašice,kokasice,ko,60.52,69.15,70.48
europe_lau,Kobylnice,kobylnice,ko,69.29,70.48,44.7
europe_lau,Kolín,kolin,ko,46.79,52.27,55.96
europe_lau,Koungou,koungou,ko,34.95,56.97,-29.73
europe_lau,Kosov,kosov,ko,49.88,57.82,30.08
europe_lau,Kojetice,kojetice,ko,78.89,80.85,52.62
europe_lau,Komiža,komiza,ko,54.96,71.79,52.1
europe_lau,Konavle,konavle,ko,23.2,51.45,51.19
europe_lau,Končanica,koncanica,ko,33.94,62.97,-14.64
europe_lau,Konjščina,konjscina,ko,55.78,62.24,73.48
europe_lau,Koprivnica,koprivnica,ko,59.05,64.08,59.82
europe_lau,Koprivnički Bregi,koprivnicki_bregi,ko,38.31,50.3,59.61
europe_lau,Koprivnički Ivanec,koprivnicki_ivanec,ko,55.4,69.18,43.15
europe_lau,Korčula,korcula,ko,34.35,68.29,-92.5
europe_lau,Koška,koska,ko,54.96,72.79,17.82
europe_lau,Kotoriba,kotoriba,ko,37.24,62.58,-2.96
europe_lau,Kostelec u Křížků,kostelec_u_krizku,ko,34.72,66.65,17.98
europe_lau,Korno,korno,ko,40.66,61.85,-20.26
europe_lau,Konětopy,konetopy,ko,53.08,76.27,82.47
europe_lau,Kolaje,kolaje,ko,39.09,56.86,11.33
europe_lau,Kostelní Lhota,kostelni_lhota,ko,60.42,71.92,66.11
europe_lau,Kostomlaty nad Labem,kostomlaty_nad_labem,ko,54.93,62.51,76.38
europe_lau,Košík,kosik,ko,51.16,58.3,78.49
europe_lau,Kounice,kounice,ko,55.34,66.35,35.59
europe_lau,Kosova Hora,kosova_hora,ko,45.76,60.3,36.21
europe_lau,Kočov,kocov,ko,41.66,55.87,0.92
europe_lau,Kosoř,kosor,ko,47.35,58.01,62.16
europe_lau,Kocelovice,kocelovice,ko,49.33,63.77,25.56
europe_lau,Kozlov,kozlov,ko,55.51,73.26,36.82
europe_lau,Komárov,komarov,ko,34.85,44.13,72.51
europe_lau,Koněprusy,koneprusy,ko,70.77,80.68,33.76
europe_lau,Kœstlach,koestlach,ko,50.33,66.91,63.31
europe_lau,Kœtzingue,koetzingue,ko,32.49,53.71,70.69
europe_lau,Κοιλίνεια,koilineia,ko,26.5,50.79,66.8
europe_lau,Korneuburg,korneuburg,ko,48.74,61.19,39.24
europe_lau,Komorní Lhotka,komorni_lhotka,ko,57.15,66.44,76.95
europe_lau,Košařiska,kosariska,ko,38.96,66.55,51.07
europe_lau,Kobeřice,koberice,ko,57.01,66.21,36.89
europe_lau,Kotopeky,kotopeky,ko,35.12,64.14,14.13
europe_lau,Kochánky,kochanky,ko,57.58,71.53,47.46
europe_lau,Kosořice,kosorice,ko,64.94,81.67,31.89
europe_lau,Kœur-la-Grande,koeur_la_grande,ko,48.44,53.38,44.26
europe_lau,Kondrac,kondrac,ko,48.77,59.79,71.82
europe_lau,Kozmice,kozmice,ko,51.79,59.43,71.33
europe_lau,Kokořín,kokorin,ko,42.54,56.27,82.78
europe_lau,Kostelec nad Labem,kostelec_nad_labem,ko,62.78,62.77,50.54
europe_lau,Konárovice,konarovice,ko,37.38,52.68,86.21
europe_lau,Kořenice,korenice,ko,57.09,64.26,43.8
europe_lau,Koleč,kolec,ko,49.75,70.52,48.93
europe_lau,Kouty,kouty,ko,40.19,51.57,9.87
europe_lau,Kostelec nad Černými lesy,kostelec_nad_cernymi_lesy,ko,40.32,64.12,98.33
europe_lau,Kouřim,kourim,ko,48.86,66.3,34.48
europe_lau,Kostomlátky,kostomlatky,ko,48.08,71.2,26.66
europe_lau,Kozojedy,kozojedy,ko,53.28,62.91,59.84
europe_lau,Kœur-la-Petite,koeur_la_petite,ko,33.86,48.74,-24.52
europe_lau,Kostelní Vydří,kostelni_vydri,ko,36.48,55.46,26.76
europe_lau,Kostelní Radouň,kostelni_radoun,ko,34.92,60.57,20.16
europe_lau,Komařice,komarice,ko,48.46,66.71,58.24
europe_lau,Koupě,koupe,ko,46.07,82.13,0.65
europe_lau,Kogenheim,kogenheim,ko,57.26,65.86,38.48
europe_lau,Kolbsheim,kolbsheim,ko,47.51,64.78,72.31
europe_lau,Kondratowice,kondratowice,ko,55.48,65.77,83.96
europe_lau,Kostomłoty,kostomloty,ko,35.15,58.49,22.09
europe_lau,Konarzyny,konarzyny,ko,43.66,59.11,85.9
europe_lau,Koczała,koczala,ko,53.65,63.34,77.03
europe_lau,Kościerzyna,koscierzyna,ko,67.74,69.19,48.03
europe_lau,Kościerzyna,koscierzyna,ko,55.07,59.72,61.3
europe_lau,Kostelec nad Vltavou,kostelec_nad_vltavou,ko,58.86,73.83,28.37
europe_lau,Kovářov,kovarov,ko,41.77,56.7,-15.01
europe_lau,Kołobrzeg,kolobrzeg,ko,25.38,54.07,-44.41
europe_lau,Kołobrzeg,kolobrzeg,ko,34.81,64.79,-17.58
europe_lau,Koszalin,koszalin,ko,48.75,55.53,66.19
europe_lau,Kozielice,kozielice,ko,38.94,61.63,99.89
europe_lau,Kokneses novads,kokneses_novads,ko,47.31,56.76,48.77
europe_lau,Kobierzyce,kobierzyce,ko,39.58,60.35,92.9
europe_lau,Korfantów,korfantow,ko,32.77,60.8,48
europe_lau,Kowale Oleckie,kowale_oleckie,ko,37.28,59.14,-44.37
europe_lau,Komprachcice,komprachcice,ko,52.41,65.56,54.44
europe_lau,Kožlí,kozli,ko,52.93,67.16,68.63
europe_lau,Korycin,korycin,ko,35.92,61.11,91.88
europe_lau,Kolno,kolno,ko,52.39,71.98,61.28
europe_lau,Kolno,kolno,ko,37.68,55.12,67.07
europe_lau,Kobylin-Borzymy,kobylin_borzymy,ko,42.97,57.96,34.06
europe_lau,Kołbaskowo,kolbaskowo,ko,45.14,53.73,75.88
europe_lau,Kobylanka,kobylanka,ko,45.7,56.21,48.45
europe_lau,Kowary,kowary,ko,68.53,72.69,67.44
europe_lau,Kolonowskie,kolonowskie,ko,47.54,63.09,-1.79
europe_lau,Koronowo,koronowo,ko,64.89,66.82,57.78
europe_lau,Kowalewo Pomorskie,kowalewo_pomorskie,ko,45.3,53.14,23.18
europe_lau,Kołaki Kościelne,kolaki_koscielne,ko,56.04,61.91,71.27
europe_lau,Kozlany,kozlany,ko,32.08,47.12,75.01
europe_lau,Kopřivná,koprivna,ko,61.49,75.02,46.21
europe_lau,Kotla,kotla,ko,45.99,61.51,25.98
europe_lau,Košice,kosice,ko,49.21,73.46,81.61
europe_lau,Kolinec,kolinec,ko,54.04,64.78,20.3
europe_lau,Koneck,koneck,ko,50.44,59.67,38.05
europe_lau,Kowal,kowal,ko,50.79,64.93,87.6
europe_lau,Kongsberg,kongsberg,ko,37.09,57.71,58.13
europe_lau,Kowal,kowal,ko,48.17,52.5,68.41
europe_lau,Kołbiel,kolbiel,ko,63.58,65.45,71.74
europe_lau,Kobyłka,kobylka,ko,65.86,72.47,55.88
europe_lau,Konstancin-Jeziorna,konstancin_jeziorna,ko,54.61,68.48,61.18
europe_lau,Końskowola,konskowola,ko,48.51,61.52,85.17
europe_lau,Kołaczyce,kolaczyce,ko,56.04,77.03,10.23
europe_lau,Kołaczkowo,kolaczkowo,ko,48.56,58.61,63.44
europe_lau,Konin,konin,ko,37.53,54.65,98.86
europe_lau,Kościan,koscian,ko,58.58,65.2,46.11
europe_lau,Kościan,koscian,ko,45.3,61.62,43.57
europe_lau,Kolbudy,kolbudy,ko,43.76,60.43,61.69
europe_lau,Komárov,komarov,ko,44.78,64.03,54.91
europe_lau,Kongsvinger,kongsvinger,ko,49.88,61.08,71.2
europe_lau,Korczyna,korczyna,ko,41.96,51.93,78.98
europe_lau,Kosakowo,kosakowo,ko,68.65,75.15,59.66
europe_lau,Kołczygłowy,kolczyglowy,ko,28.69,51.08,93.34
europe_lau,Komańcza,komancza,ko,37.86,59.19,83.17
europe_lau,Kolbuszowa,kolbuszowa,ko,60.57,65.27,37.96
europe_lau,Kostelec,kostelec,ko,45.36,62.17,37.02
europe_lau,Kovač,kovac,ko,48.07,53.52,37.77
europe_lau,Komorniki,komorniki,ko,54.56,60.44,50.3
europe_lau,Kostrzyn,kostrzyn,ko,61.45,66.04,43.05
europe_lau,Kórnik,kornik,ko,52.87,61.05,69.4
europe_lau,Koerich,koerich,ko,71.97,76.09,56.3
europe_lau,Kopstal,kopstal,ko,49.54,67.88,59.27
europe_lau,Kobylnica,kobylnica,ko,63.16,66.88,47.45
europe_lau,Koberovice,koberovice,ko,58,64.65,58.55
europe_lau,Kocs,kocs,ko,55.74,68.04,38.27
europe_lau,Komorovice,komorovice,ko,37.21,41.86,36.44
europe_lau,Környe,kornye,ko,39.67,55.3,88.8
europe_lau,Kőszárhegy,koszarhegy,ko,43.07,67.55,33.71
europe_lau,Körösszakál,korosszakal,ko,55.75,63.14,76.93
europe_lau,Komlóska,komloska,ko,43.93,57.07,85.72
europe_lau,Kölcse,kolcse,ko,59.63,69,68.76
europe_lau,Kocsord,kocsord,ko,42.6,56.19,84.58
europe_lau,Kömlőd,komlod,ko,46.99,66.75,0
europe_lau,Kórós,koros,ko,61.97,73.16,52.62
europe_lau,Koppányszántó,koppanyszanto,ko,33.98,61.66,99.21
europe_lau,Komló,komlo,ko,48.04,60.88,59.69
europe_lau,Köröm,korom,ko,37.59,65.82,33.51
europe_lau,Košetice,kosetice,ko,47.75,65.82,19.49
europe_lau,Kouty,kouty,ko,40.6,67.78,57.43
europe_lau,Kolšov,kolsov,ko,58.91,67.9,72.63
europe_lau,Kökény,kokeny,ko,56,74.8,20.57
europe_lau,Kolešovice,kolesovice,ko,53.63,67.1,20.1
europe_lau,Kounov,kounov,ko,50.04,65.56,54.83
europe_lau,Kőszeg,koszeg,ko,36.29,64.04,-45.93
europe_lau,Kóka,koka,ko,55.99,72.31,33.42
europe_lau,Kozly,kozly,ko,56.97,72.83,69.71
europe_lau,Köröstarcsa,korostarcsa,ko,59.15,70.04,63.09
europe_lau,Kondorfa,kondorfa,ko,44.97,70.73,-7.94
europe_lau,Kozmadombja,kozmadombja,ko,18.72,56.15,9.57
europe_lau,Kokad,kokad,ko,32.88,53.46,96.76
europe_lau,Körösszegapáti,korosszegapati,ko,39.53,51.16,70.74
europe_lau,Komárov,komarov,ko,44.81,77.52,68.36
europe_lau,Kozmice,kozmice,ko,49.72,71.75,79.34
europe_lau,Komoró,komoro,ko,54.3,71.32,78.16
europe_lau,Kosd,kosd,ko,56.87,74.74,77.27
europe_lau,Komlódtótfalu,komlodtotfalu,ko,44.43,54.99,79.81
europe_lau,Kocsola,kocsola,ko,55.69,59.79,64.56
europe_lau,Korlát,korlat,ko,51.88,77.1,74.15
europe_lau,Kővágóörs,kovagoors,ko,40.68,46.78,81.22
europe_lau,Kostelní Hlavno,kostelni_hlavno,ko,43.39,55.29,26.03
europe_lau,Köcsk,kocsk,ko,32.24,51.51,-44.29
europe_lau,Kölked,kolked,ko,35.98,61.83,24.48
europe_lau,Kondó,kondo,ko,49.73,66.59,-0.53
europe_lau,Körmend,kormend,ko,47.65,62.05,27.05
europe_lau,Kőkút,kokut,ko,38.24,53.84,78.65
europe_lau,Kömpöc,kompoc,ko,41.8,73.63,68.9
europe_lau,Kozárd,kozard,ko,53.38,71.54,83.91
europe_lau,Kötcse,kotcse,ko,53.73,65.29,32.97
europe_lau,Kocsér,kocser,ko,63.19,78.5,48.53
europe_lau,Komlósd,komlosd,ko,49.32,66.71,92.45
europe_lau,Kövegy,kovegy,ko,43.35,80.3,14.46
europe_lau,Kovácsvágás,kovacsvagas,ko,34.26,66.59,86.77
europe_lau,Kömörő,komoro,ko,58.18,65.55,52.26
europe_lau,Kótaj,kotaj,ko,47.57,53.66,33.93
europe_lau,Kožichovice,kozichovice,ko,53.46,62.26,35.36
europe_lau,Kompolt,kompolt,ko,35.36,47.82,30.52
europe_lau,Kovácshida,kovacshida,ko,53.65,67.08,65
europe_lau,Komárom,komarom,ko,34.22,57.46,-46.7
europe_lau,Koloveč,kolovec,ko,37.8,67.16,-67.89
europe_lau,Kout na Šumavě,kout_na_sumave,ko,40.42,63.57,73.34
europe_lau,Kőröstetétlen,korostetetlen,ko,53.51,70.15,60.51
europe_lau,Kostrena,kostrena,ko,28.25,67.74,13.76
europe_lau,Kovácsszénája,kovacsszenaja,ko,45.14,66.92,68.21
europe_lau,Kömlő,komlo,ko,35.73,48.25,52.22
europe_lau,Kondoros,kondoros,ko,51.12,64.87,71.95
europe_lau,Kölesd,kolesd,ko,32.28,58.74,95.09
europe_lau,Komjáti,komjati,ko,40.16,68.04,64.95
europe_lau,Körösnagyharsány,korosnagyharsany,ko,73.09,78.05,44.89
europe_lau,Kőszegdoroszló,koszegdoroszlo,ko,24.93,45.11,54.79
europe_lau,Košice,kosice,ko,49.83,56.13,54.95
europe_lau,Kópavogsbær,kopavogsbaer,ko,46.21,60,44.18
europe_lau,Koroncó,koronco,ko,54.47,67.87,25.9
europe_lau,Kóspallag,kospallag,ko,53.25,64.48,81.07
europe_lau,Köblény,kobleny,ko,64.67,77.9,58.06
europe_lau,Kozármisleny,kozarmisleny,ko,55.77,65.18,84.51
europe_lau,Kolan,kolan,ko,54.96,67.31,68.95
europe_lau,Komádi,komadi,ko,52.23,58.27,51.74
europe_lau,Kőröshegy,koroshegy,ko,53.64,63.2,58.78
europe_lau,Kővágószőlős,kovagoszolos,ko,26.14,60.76,86.41
europe_lau,Kőszegszerdahely,koszegszerdahely,ko,34.68,58.46,97.55
europe_lau,Kőtelek,kotelek,ko,42.05,61.4,-1.48
europe_lau,Kóny,kony,ko,62.4,68.91,49.66
europe_lau,Körösladány,korosladany,ko,40.81,50.06,40.16
europe_lau,Körösújfalu,korosujfalu,ko,57.76,76.27,6.78
europe_lau,Kolontár,kolontar,ko,62.35,73.02,75.84
europe_lau,Kochánov,kochanov,ko,32.46,67.37,96.51
europe_lau,Köveskál,koveskal,ko,53.24,61.82,38.54
europe_lau,Konyár,konyar,ko,60.5,80.42,77.87
europe_lau,Kőszegpaty,koszegpaty,ko,27.24,49.22,99.27
europe_lau,Kötegyán,kotegyan,ko,67.71,73.07,69.96
europe_lau,Kópháza,kophaza,ko,41.25,56.31,22.72
europe_lau,Kővágótöttös,kovagotottos,ko,19.9,40.63,86.09
europe_lau,Kokšov-Bakša,koksov_baksa,ko,77.21,81.72,56.41
europe_lau,Komárovce,komarovce,ko,49.72,67.67,82.06
europe_lau,Košická Belá,kosicka_bela,ko,57.39,64.97,82.02
europe_lau,Košická Polianka,kosicka_polianka,ko,57.96,83.03,12.12
europe_lau,Košické Oľšany,kosicke_olsany,ko,43.04,63.6,-22.91
europe_lau,Košický Klečenov,kosicky_klecenov,ko,41.21,58.04,86.26
europe_lau,Kolta,kolta,ko,47.74,55.1,56.98
europe_lau,Komjatice,komjatice,ko,47.82,67.87,5.44
europe_lau,Komoča,komoca,ko,57.83,70.02,54.25
europe_lau,Konecchlumí,konecchlumi,ko,51.6,62.86,67.4
europe_lau,Kopidlno,kopidlno,ko,38.16,60.27,52.97
europe_lau,Kolačkov,kolackov,ko,30.76,52.78,91.87
europe_lau,Kolárovice,kolarovice,ko,31.97,74.87,99.97
europe_lau,Konská (okres Žilina),konska_okres_zilina,ko,49.48,62.27,70.13
europe_lau,Kotešová,kotesova,ko,53.51,72.5,80.52
europe_lau,Kobylice,kobylice,ko,47.19,63.63,79.95
europe_lau,Korňa,korna,ko,53.1,69.46,41.18
europe_lau,Korczew,korczew,ko,53.05,60.14,19.34
europe_lau,Kotuń,kotun,ko,59.32,65.69,43.5
europe_lau,Kosów Lacki,kosow_lacki,ko,49.61,64.99,72.53
europe_lau,Korytnica,korytnica,ko,58.89,60.47,38.39
europe_lau,Kosjerić,kosjeric,ko,51.86,59.28,40.98
europe_lau,Koceljeva,koceljeva,ko,46.07,59.74,13.86
europe_lau,Kojetín,kojetin,ko,46.07,58.93,46.94
europe_lau,Kozlov,kozlov,ko,53.01,60.44,58.59
europe_lau,Kostolec,kostolec,ko,48.21,59.84,58.13
europe_lau,Košeca,koseca,ko,42.24,58.66,28.28
europe_lau,Košecké Podhradie,kosecke_podhradie,ko,52.62,61.68,74.37
europe_lau,Kotrčiná Lúčka,kotrcina_lucka,ko,38.17,59.55,98.1
europe_lau,Kolibabovce,kolibabovce,ko,64.1,79.66,54.24
europe_lau,Koňuš,konus,ko,33.66,63.48,-49.03
europe_lau,Koromľa,koromla,ko,18.57,64.77,25.76
europe_lau,Kostolná pri Dunaji,kostolna_pri_dunaji,ko,35.21,47.33,54.09
europe_lau,Košúty,kosuty,ko,34.97,62.11,48.45
europe_lau,Korytárky,korytarky,ko,48.54,63.52,29.64
europe_lau,Korytné,korytne,ko,31.75,64.03,-13.99
europe_lau,Kostoľany nad Hornádom,kostolany_nad_hornadom,ko,46.3,58.41,54.8
europe_lau,Košice - mestská časť Kavečany,kosice_mestska_cast_kavecany,ko,43.3,69.71,87.2
europe_lau,Košice - mestská časť Ťahanovce,kosice_mestska_cast_tahanovce,ko,25.24,47.66,87.1
europe_lau,Košice - mestská časť Sever,kosice_mestska_cast_sever,ko,40.12,60.17,62.32
europe_lau,Košice - mestská časť Staré Mesto,kosice_mestska_cast_stare_mesto,ko,54.79,84.71,41.34
europe_lau,Košice - mestská časť Lorinčík,kosice_mestska_cast_lorincik,ko,34.1,45.57,39.3
europe_lau,Košice - mestská časť Pereš,kosice_mestska_cast_peres,ko,60.46,73.96,44.96
europe_lau,Košice - mestská časť Myslava,kosice_mestska_cast_myslava,ko,33.52,67.76,69.2
europe_lau,Košice - mestská časť Západ,kosice_mestska_cast_zapad,ko,52.11,72.14,93.5
europe_lau,Košice - mestská časť Dargovských hrdinov,kosice_mestska_cast_dargovskych_hrdinov,ko,28.16,43.59,92.19
europe_lau,Košice - mestská časť Košická Nová Ves,kosice_mestska_cast_kosicka_nova_ves,ko,51.83,70.63,73.71
europe_lau,Košice - mestská časť Barca,kosice_mestska_cast_barca,ko,29.37,59.95,-15.37
europe_lau,Košice - mestská časť Šebastovce,kosice_mestska_cast_sebastovce,ko,51.33,80.18,-24.03
europe_lau,Košice - mestská časť Krásna,kosice_mestska_cast_krasna,ko,34.2,58.13,93.6
europe_lau,Košice - mestská časť Nad jazerom,kosice_mestska_cast_nad_jazerom,ko,43.77,73.08,78.5
europe_lau,Košice - mestská časť Juh,kosice_mestska_cast_juh,ko,51.43,62.87,76.81
europe_lau,Kolbovce,kolbovce,ko,52.77,60.59,66.36
europe_lau,Korejovce,korejovce,ko,55.25,69.31,48.06
europe_lau,Korunková,korunkova,ko,54.49,72.93,17.76
europe_lau,Kožuchovce,kozuchovce,ko,66.22,85.07,54.39
europe_lau,Kováň,kovan,ko,16.69,44.25,53.98
europe_lau,Kovanec,kovanec,ko,55.41,64.52,42.44
europe_lau,Kováčová (okres Zvolen),kovacova_okres_zvolen,ko,41.51,67.38,49.34
europe_lau,Kozí Vrbovok,kozi_vrbovok,ko,43.6,72.91,65.94
europe_lau,Komenda,komenda,ko,49.26,69.73,75.23
europe_lau,Kostel,kostel,ko,37.53,52.8,2.53
europe_lau,Kostanjevica na Krki,kostanjevica_na_krki,ko,48.67,65.24,80.35
europe_lau,Kopčany,kopcany,ko,36.16,43.16,60.13
europe_lau,Košariská,kosariska,ko,37.98,52.22,25.19
europe_lau,Koválov,kovalov,ko,45.02,67.08,92.8
europe_lau,Koválovec,kovalovec,ko,26.52,51.85,-7.63
europe_lau,Korozluky,korozluky,ko,48.8,66.91,13.46
europe_lau,Komjatná,komjatna,ko,60.6,68.49,55.08
europe_lau,Kožlí,kozli,ko,35.55,62.67,99.91
europe_lau,Kostolac,kostolac,ko,31.11,58.13,42.09
europe_lau,Kovačica,kovacica,ko,49.24,57.89,60.04
europe_lau,Kovin,kovin,ko,43.2,50.46,60.88
europe_lau,Kocurany,kocurany,ko,27.78,60.5,82.47
europe_lau,Kostolná Ves,kostolna_ves,ko,30.96,50.62,67.46
europe_lau,Koš,kos,ko,50.15,58.76,73.18
europe_lau,Kočí,koci,ko,60.76,66.16,45.85
europe_lau,Kožuchov,kozuchov,ko,36.01,58.98,-33.21
europe_lau,Komárany,komarany,ko,61.08,77.06,55.55
europe_lau,Košarovce,kosarovce,ko,43.33,77.35,98.21
europe_lau,Kobylnice,kobylnice,ko,37.07,52.15,89.23
europe_lau,Kobylnice,kobylnice,ko,47.87,71.04,97.76
europe_lau,Kobyly,kobyly,ko,55.62,73.05,49.03
europe_lau,Kochanovce (okres Bardejov),kochanovce_okres_bardejov,ko,41.49,56.35,10.77
europe_lau,Komárov,komarov,ko,55.34,78.43,84.4
europe_lau,Koprivnica,koprivnica,ko,38,62.36,30.43
europe_lau,Kožany,kozany,ko,62.48,73.13,35.75
europe_lau,Kolíňany,kolinany,ko,46.89,64.87,0.39
europe_lau,Kostoľany pod Tribečom,kostolany_pod_tribecom,ko,54.36,72.03,71.94
europe_lau,Kotmanová,kotmanova,ko,27.79,57.2,85.36
europe_lau,Kokava nad Rimavicou,kokava_nad_rimavicou,ko,30.77,52.56,34.62
europe_lau,Kostelec u Heřmanova Městce,kostelec_u_hermanova_mestce,ko,52.58,69.43,75.56
europe_lau,Kobyly,kobyly,ko,40.48,49.33,71.64
europe_lau,Kosmonosy,kosmonosy,ko,53.63,58.78,42.65
europe_lau,Kociha,kociha,ko,43.3,63.21,14.74
europe_lau,Konrádovce,konradovce,ko,59.08,67.76,49.26
europe_lau,Kojatice,kojatice,ko,60.65,66.38,77.03
europe_lau,Kozojedy,kozojedy,ko,42.04,65.29,-13.92
europe_lau,Komárno,komarno,ko,48.03,57.87,20
europe_lau,Kolárovo,kolarovo,ko,44.33,59.79,48.7
europe_lau,Kočovce,kocovce,ko,40.52,69.04,-29.86
europe_lau,Kostolná-Záriečie,kostolna_zariecie,ko,54.72,71.1,41.75
europe_lau,Kostolné,kostolne,ko,45,56.41,31.43
europe_lau,Košťany nad Turcom,kostany_nad_turcom,ko,46.72,58.15,72.97
europe_lau,Kostolné Kračany,kostolne_kracany,ko,38.92,63.67,97.95
europe_lau,Kokošovce,kokosovce,ko,47.64,75.67,11.4
europe_lau,Koláre,kolare,ko,49.93,67.75,68.42
europe_lau,Kosihovce,kosihovce,ko,22.23,58.68,75.81
europe_lau,Kosihy nad Ipľom,kosihy_nad_iplom,ko,39.18,68.01,90.54
europe_lau,Kováčovce,kovacovce,ko,49.24,64.39,70.41
europe_lau,Kochanovce (okres Humenné),kochanovce_okres_humenne,ko,48.58,57.69,53.75
europe_lau,Kolbasov,kolbasov,ko,57.21,69.53,64.36
europe_lau,Kolonica,kolonica,ko,68.02,71.01,70.86
europe_lau,Koškovce,koskovce,ko,33.1,62.19,6.87
europe_lau,Kozomín,kozomin,ko,43.63,61.13,86.79
europe_lau,Kolačno,kolacno,ko,65.48,79.76,69.24
europe_lau,Koniarovce,koniarovce,ko,16.87,76.08,-76.43
europe_lau,Kovarce,kovarce,ko,36.98,75.18,20.44
europe_lau,Kojšov,kojsov,ko,62.93,68.82,66.82
europe_lau,Kolinovce,kolinovce,ko,50.27,69.74,62
europe_lau,Kozienice,kozienice,ko,47.24,56.2,53.02
europe_lau,Kozárovce,kozarovce,ko,53.91,64.22,64.05
europe_lau,Kočín-Lančár,kocin_lancar,ko,24.43,68.13,74.13
europe_lau,Koplotovce,koplotovce,ko,51.2,64.88,72.96
europe_lau,Košolná,kosolna,ko,60.68,75.4,54.8
europe_lau,Konská (okres Liptovský Mikuláš),konska_okres_liptovsky_mikulas,ko,27.1,62.84,98.59
europe_lau,Kobeliarovo,kobeliarovo,ko,52.36,72.95,80.35
europe_lau,Koceľovce,kocelovce,ko,40.87,60.03,66.64
europe_lau,Kováčová (okres Rožňava),kovacova_okres_roznava,ko,26.45,53.31,89.1
europe_lau,Kostolište,kostoliste,ko,44.24,74.78,93.11
europe_lau,Kowala,kowala,ko,49.95,62.73,37.18
europe_lau,Kostomlaty pod Milešovkou,kostomlaty_pod_milesovkou,ko,64.45,70.47,38.12
europe_lau,Košťany,kostany,ko,27.84,52.26,91.52
europe_lau,Köping,koping,ko,38,54.84,18.35
europe_lau,Kosice,kosice,ko,57.87,66.1,74.48
europe_lau,Kosičky,kosicky,ko,42.68,63.41,89.07
europe_lau,Kordíky,kordiky,ko,41.19,59.08,63.73
europe_lau,Kolomuty,kolomuty,ko,58.9,72.86,33.91
europe_lau,Kopernica,kopernica,ko,41.32,65.87,98.71
europe_lau,Kosorín,kosorin,ko,27.56,72.76,86.36
europe_lau,Kozelník,kozelnik,ko,34.34,71.7,88.36
europe_lau,Kočevje,kocevje,ko,55.11,60.88,56.98
europe_lau,Kobarid,kobarid,ko,31.93,54.02,-55.74
europe_lau,Kobilje,kobilje,ko,61.44,82.2,45.57
europe_lau,Komen,komen,ko,22.41,45.2,-89.19
europe_lau,Koper/Capodistria,koper_capodistria,ko,52.07,59.12,30.61
europe_lau,Kozje,kozje,ko,37.67,59.39,57.37
europe_lau,Koprzywnica,koprzywnica,ko,41.33,59.78,11.33
europe_lau,Kodeń,koden,ko,38.78,58.1,98.91
europe_lau,Konstantynów,konstantynow,ko,35.93,52.81,97.22
europe_lau,Kottes-Purk,kottes_purk,ko,60.04,68.25,58.64
europe_lau,Konojedy,konojedy,ko,47.68,58.44,71.71
europe_lau,Kobiór,kobior,ko,28.92,75.04,-53.64
europe_lau,Kostrzyn nad Odrą,kostrzyn_nad_odra,ko,50.69,72.9,52.31
europe_lau,Kocmyrzów-Luborzyca,kocmyrzow_luborzyca,ko,45.28,61.53,41.97
europe_lau,Kolová,kolova,ko,51.47,60.77,38.76
europe_lau,Komarówka Podlaska,komarowka_podlaska,ko,58.68,68.48,48.19
europe_lau,Korsze,korsze,ko,52.31,66.73,76.49
europe_lau,Kozłowo,kozlowo,ko,37.29,63.82,97.31
europe_lau,Kolno,kolno,ko,50.15,59.59,22.47
europe_lau,Koluszki,koluszki,ko,43.63,55.76,1.33
europe_lau,Konstantynów Łódzki,konstantynow_lodzki,ko,46.39,57.14,10.54
europe_lau,Kozłów,kozlow,ko,43.7,63.49,1.52
europe_lau,Koniusza,koniusza,ko,47.52,62.63,91.16
europe_lau,Koszyce,koszyce,ko,30.83,59.21,-16.37
europe_lau,Kolsko,kolsko,ko,44.7,57.58,80.65
europe_lau,Kożuchów,kozuchow,ko,53.53,61.46,50.65
europe_lau,Kotlin,kotlin,ko,56.15,69.12,67.96
europe_lau,Kovářská,kovarska,ko,68.57,73.48,41.35
europe_lau,Kopidlo,kopidlo,ko,60.35,69.08,62.87
europe_lau,Koryta,koryta,ko,59.01,76.25,27.92
europe_lau,Kozojedy,kozojedy,ko,50.76,58.4,65.81
europe_lau,Korzenna,korzenna,ko,49.45,60.28,48.93
europe_lau,Kozolupy,kozolupy,ko,50.78,66.22,78.96
europe_lau,Koźminek,kozminek,ko,51.53,64.18,43.34
europe_lau,Kozojedy,kozojedy,ko,32.29,45.39,95.64
europe_lau,Kocēnu novads,kocenu_novads,ko,42.86,62.77,61.23
europe_lau,Кочани,kocani,ko,50.83,57.49,73.13
europe_lau,Königsbrunn am Wagram,konigsbrunn_am_wagram,ko,26.38,44.87,93.15
europe_lau,Kobylá nad Vidnavkou,kobyla_nad_vidnavkou,ko,27.54,61.99,85.79
europe_lau,Конче,konce,ko,53.21,64.4,50.27
europe_lau,Koggenland,koggenland,ko,62.31,69.9,53.72
europe_lau,Komarów-Osada,komarow_osada,ko,60.09,74.14,28.96
europe_lau,Kock,kock,ko,47.4,59.33,50.6
europe_lau,Kobiele Wielkie,kobiele_wielkie,ko,40.17,53.01,21.79
europe_lau,Kodrąb,kodrab,ko,63.77,69.37,47.38
europe_lau,Konstantinovy Lázně,konstantinovy_lazne,ko,67.46,67.19,44.7
europe_lau,Kožlany,kozlany,ko,48.76,59,48.99
europe_lau,Konopnica,konopnica,ko,55.22,65.94,61.35
europe_lau,Kobylin,kobylin,ko,47.01,61.81,26.12
europe_lau,Koźmin Wielkopolski,kozmin_wielkopolski,ko,54.33,65.63,20.99
europe_lau,Kobyla Góra,kobyla_gora,ko,55.77,68.97,65.7
europe_lau,Koło,kolo,ko,35.05,50.29,77.65
europe_lau,Koło,kolo,ko,38.39,51.73,91.49
europe_lau,Kościelec,koscielec,ko,41.61,67.41,0.89
europe_lau,Koštice,kostice,ko,64.44,70.61,54.63
europe_lau,Königstetten,konigstetten,ko,62.7,74.23,46.31
europe_lau,Koberovy,koberovy,ko,53.45,61.84,38.26
europe_lau,Kořenov,korenov,ko,28.66,58.83,97.45
europe_lau,Kostomlaty pod Řípem,kostomlaty_pod_ripem,ko,34.46,47.22,6.59
europe_lau,Konopnica,konopnica,ko,55.7,66.01,40.79
europe_lau,Kocierzew Południowy,kocierzew_poludniowy,ko,48.16,64.85,82.8
europe_lau,Kościelisko,koscielisko,ko,54.58,64.96,85.42
europe_lau,Kozy,kozy,ko,44.15,58.75,90.64
europe_lau,Koszarawa,koszarawa,ko,69.89,75.13,53.69
europe_lau,Kochanowice,kochanowice,ko,45.81,53.02,21.6
europe_lau,Koszęcin,koszecin,ko,39.28,50.85,56.33
europe_lau,Košín,kosin,ko,59.23,75.51,53.67
europe_lau,Kowiesy,kowiesy,ko,55.4,61.24,25.24
europe_lau,Końskie,konskie,ko,46.37,59.6,37.16
europe_lau,Košátky,kosatky,ko,40.2,65.29,-16.32
europe_lau,Koniecpol,koniecpol,ko,59,66.76,55.1
europe_lau,Konopiska,konopiska,ko,61.22,64.72,63.21
europe_lau,Koziegłowy,kozieglowy,ko,60.17,65.7,56.28
europe_lau,Kornowac,kornowac,ko,48.12,57.08,27.83
europe_lau,Kolešov,kolesov,ko,40.65,49.25,75.28
europe_lau,Κοτσιάτης,kotsiates,ko,50.04,68.74,71.84
europe_lau,Königsfeld,konigsfeld,ko,32.69,59.87,-32.63
europe_lau,Kommen,kommen,ko,43.99,55.86,78.35
europe_lau,Κοινότητα Λευκοχωρίου,koinoteta_leukochoriou,ko,38.35,62.63,13.11
europe_lau,Κοινότητα Νεοχωρούδας,koinoteta_neochoroudas,ko,37.64,60.59,76.03
europe_lau,Κοινότητα Μονοσπίτων,koinoteta_monospiton,ko,60.14,70.8,61.54
europe_lau,Κοινότητα Ξυλοκερατέας,koinoteta_xylokerateas,ko,44.9,61.87,79.75
europe_lau,Κοινότητα Ελαίας,koinoteta_elaias,ko,29.62,59.98,-48.92
europe_lau,Κοινότητα Λεκάνης,koinoteta_lekanes,ko,62.97,73.66,52.2
europe_lau,Κοινότητα Γρατίνης,koinoteta_gratines,ko,31.07,63.18,91.17
europe_lau,Κοινότητα Διομηδείας,koinoteta_diomedeias,ko,47.28,59.6,81.26
europe_lau,Κοινότητα Νέας Σάντας,koinoteta_neas_santas,ko,26.1,57.05,-80.12
europe_lau,Κοινότητα Πύργων,koinoteta_pyrgon,ko,40.38,64.23,23.28
europe_lau,KONISPOL,konispol,ko,36.99,66,-22.08
europe_lau,KOLONJË,kolonje,ko,46.76,63.94,91.9
europe_lau,Košice - mestská časť Šaca,kosice_mestska_cast_saca,ko,35.67,48.51,76.69
europe_lau,Košice - mestská časť Poľov,kosice_mestska_cast_polov,ko,44.55,57.28,29.5
europe_lau,Košice - mestská časť Sídlisko Ťahanovce,kosice_mestska_cast_sidlisko_tahanovce,ko,26.45,63.41,94.84
europe_lau,Košice - mestská časť Sídlisko KVP,kosice_mestska_cast_sidlisko_kvp,ko,31.31,68.56,95.21
europe_lau,Košice - mestská časť Džungľa,kosice_mestska_cast_dzungla,ko,36.42,73.87,30.65
europe_lau,Košice - mestská časť Vyšné Opátske,kosice_mestska_cast_vysne_opatske,ko,28.66,48.29,96.1
europe_lau,Košice - mestská časť Luník IX,kosice_mestska_cast_lunik_ix,ko,54.33,76.81,61.41
