{
"type": "FeatureCollection",
"name": "muhlen",
"crs": { "type": "name", "properties": { "name": "urn:ogc:def:crs:OGC:1.3:CRS84" } },
"features": [
{ "type": "Feature", "properties": { "name": "Mühlen", "metric_roundness": 38.14, "metric_rectangularity": 59.92, "metric_mobile_fit": -1.9, "metric_aspect_ratio": 1.581, "metric_area_km2": 109.06 }, "geometry": { "type": "Polygon", "coordinates": [ [ [ 14.521523591896091, 47.009977699379341 ], [ 14.521492817925258, 47.00997820136805 ], [ 14.521235072860826, 47.009989176967018 ], [ 14.521205835772284, 47.009981923789091 ], [ 14.521071032412086, 47.009948688330056 ], [ 14.520953003091998, 47.009983128600858 ], [ 14.520831688196917, 47.010011843843792 ], [ 14.520647554409713, 47.010055344011377 ], [ 14.520551573932918, 47.010069755843972 ], [ 14.520407606118948, 47.010132723117962 ], [ 14.520326566152242, 47.010168125861966 ], [ 14.520175492221588, 47.010183923166359 ], [ 14.520077672176896, 47.010210232300985 ], [ 14.519912737682553, 47.010194498168246 ], [ 14.519847517735856, 47.010201928812464 ], [ 14.519771406857824, 47.010210643062841 ], [ 14.519608100830926, 47.010173564206418 ], [ 14.519479238055435, 47.010158892415333 ], [ 14.519454836638724, 47.010156087698796 ], [ 14.519367923221983, 47.010170043860448 ], [ 14.519363037591805, 47.010186922733247 ], [ 14.519355232226228, 47.010214450740726 ], [ 14.519329486471316, 47.010239826427807 ], [ 14.519238760504596, 47.010253912297536 ], [ 14.51917898334213, 47.010251746936085 ], [ 14.519136982900209, 47.010250295789852 ], [ 14.519074446621461, 47.010242399925041 ], [ 14.518921672389194, 47.010223297789331 ], [ 14.51881967887709, 47.010239480712769 ], [ 14.518792412856071, 47.010243904836912 ], [ 14.518722377384197, 47.010235997080251 ], [ 14.5185948400435, 47.010221760392753 ], [ 14.518212548622158, 47.010358573077731 ], [ 14.518129410378126, 47.010341262902294 ], [ 14.517936563960896, 47.010300980320906 ], [ 14.517896118951617, 47.010292583379339 ], [ 14.517612691522409, 47.010320106555255 ], [ 14.517593479997601, 47.010319946964593 ], [ 14.517546030629095, 47.01031603238193 ], [ 14.517511893955756, 47.010313238786701 ], [ 14.517496847302874, 47.010311056000717 ], [ 14.517478633885135, 47.010308456294332 ], [ 14.517473882733436, 47.010307785932866 ], [ 14.517456594044116, 47.010305356556607 ], [ 14.517081632802528, 47.010257612688363 ], [ 14.516917309543132, 47.010168887231927 ], [ 14.516856185459265, 47.01013577867262 ], [ 14.516777755695299, 47.010170341758879 ], [ 14.516768505210489, 47.010174397658261 ], [ 14.516732286428322, 47.010190343121003 ], [ 14.516613603632596, 47.010171962457527 ], [ 14.5164941317362, 47.010153589893036 ], [ 14.516360797140333, 47.010133021933207 ], [ 14.516295265632722, 47.010138294057704 ], [ 14.51619992277417, 47.010145946426348 ], [ 14.516107342688235, 47.010177236888474 ], [ 14.515867469343123, 47.010258295074159 ], [ 14.515602692219602, 47.010302176865018 ], [ 14.515458917508402, 47.010368195394186 ], [ 14.515301530127696, 47.010466931231377 ], [ 14.515219445441907, 47.010496941861959 ], [ 14.515098299281942, 47.010521599703452 ], [ 14.514996656980493, 47.010518158052619 ], [ 14.514899015068011, 47.010499376659489 ], [ 14.51468916486704, 47.010362887958671 ], [ 14.51460034042225, 47.01035013378857 ], [ 14.5144284478885, 47.010358670962759 ], [ 14.514342382007008, 47.010375314097928 ], [ 14.514268141094098, 47.01043268891128 ], [ 14.514158768015458, 47.010448404447466 ], [ 14.514147882916612, 47.010449957454647 ], [ 14.514038459606178, 47.010433817513317 ], [ 14.513954539116682, 47.010440449335434 ], [ 14.513951149294652, 47.010441834405484 ], [ 14.513852766825083, 47.010484431884798 ], [ 14.513700452715526, 47.01050374298805 ], [ 14.513611621502488, 47.010478839686222 ], [ 14.513530469152332, 47.010456106215358 ], [ 14.513442740100363, 47.010397895634469 ], [ 14.51338317813506, 47.010328413694523 ], [ 14.513374887554338, 47.010227622900139 ], [ 14.513397411828217, 47.010205161698309 ], [ 14.513413760504495, 47.010188973868487 ], [ 14.513460035969079, 47.010134139973076 ], [ 14.513473161321143, 47.010073531383064 ], [ 14.513476793092067, 47.01005342623332 ], [ 14.513487501885159, 47.010038016914372 ], [ 14.513538248029878, 47.0099653188243 ], [ 14.51360098510119, 47.009952698290803 ], [ 14.513618928763242, 47.009949092222392 ], [ 14.513538389215311, 47.009835464148573 ], [ 14.513541730008322, 47.009784496011747 ], [ 14.5134395012595, 47.009683511694263 ], [ 14.51336992385875, 47.00967838553219 ], [ 14.513369987283973, 47.009639779866227 ], [ 14.513359358878514, 47.009599575532341 ], [ 14.513341271514111, 47.00953155231911 ], [ 14.51333837916162, 47.009519793900999 ], [ 14.513326783787324, 47.009471590649042 ], [ 14.513140569541363, 47.009380117688181 ], [ 14.512931320222361, 47.009359164632492 ], [ 14.512813982828973, 47.009401238227838 ], [ 14.512803806669188, 47.009428790377726 ], [ 14.512793756035666, 47.009456071257638 ], [ 14.512819957822032, 47.009528149727693 ], [ 14.512896622939451, 47.009597724245822 ], [ 14.512903847364205, 47.009603138487648 ], [ 14.512987206395978, 47.009666074259883 ], [ 14.513026503634073, 47.009699861576671 ], [ 14.513138416881146, 47.009834131315657 ], [ 14.513236369831924, 47.00995585765277 ], [ 14.513246230321879, 47.009985181385673 ], [ 14.513199477573956, 47.010024452166732 ], [ 14.51308429672531, 47.010021509442232 ], [ 14.512969229755857, 47.010023694754153 ], [ 14.512907181606314, 47.010067353761194 ], [ 14.512820093025121, 47.010156446988894 ], [ 14.51279368600537, 47.010211434198268 ], [ 14.512787773705835, 47.010223644036294 ], [ 14.51284423015812, 47.0102599528363 ], [ 14.512871723008454, 47.010277574934797 ], [ 14.512934182367497, 47.010317600845703 ], [ 14.513038050774016, 47.010367995129869 ], [ 14.5130630945108, 47.010458983135678 ], [ 14.513113599507475, 47.010547186929685 ], [ 14.513116062975225, 47.010551480775881 ], [ 14.513121228999788, 47.010558986123762 ], [ 14.513187446748924, 47.010655665515557 ], [ 14.513168524855203, 47.010704095877806 ], [ 14.513097222202104, 47.010769448341883 ], [ 14.513048097403473, 47.010814502950623 ], [ 14.513047998160356, 47.010821883026573 ], [ 14.513046336671016, 47.010942574668654 ], [ 14.513042320275279, 47.011040163768953 ], [ 14.513018954284792, 47.011095839340832 ], [ 14.512846739599539, 47.011131463933467 ], [ 14.512826439876996, 47.011135634277821 ], [ 14.512767811050283, 47.011197075368649 ], [ 14.512771322898255, 47.011284147612258 ], [ 14.51280846140954, 47.011368800852061 ], [ 14.512896324131111, 47.011450767466307 ], [ 14.512922443449204, 47.011525006497806 ], [ 14.512814925565936, 47.011588845206262 ], [ 14.512747900259118, 47.011615817969123 ], [ 14.512794089828917, 47.011758509679197 ], [ 14.512795642572385, 47.01176326293367 ], [ 14.512871141660995, 47.011845357989671 ], [ 14.512925243011033, 47.011858474235858 ], [ 14.513026005484956, 47.011762939720462 ], [ 14.513094735448711, 47.011747557581153 ], [ 14.513129592088253, 47.011747195438282 ], [ 14.51315918734789, 47.011746887950075 ], [ 14.513205901781198, 47.011776908633529 ], [ 14.513080920138401, 47.011960793527145 ], [ 14.513182538975311, 47.012170400477928 ], [ 14.51323009868006, 47.012232538214633 ], [ 14.513253669281164, 47.012263069320035 ], [ 14.51330357563881, 47.01237161663478 ], [ 14.513366480111827, 47.012508555167464 ], [ 14.513405163799639, 47.012573844675202 ], [ 14.513415960882558, 47.012592000108434 ], [ 14.513417083123038, 47.012595138038527 ], [ 14.513425875554743, 47.012617813720979 ], [ 14.513447106233947, 47.012673295880006 ], [ 14.513526822200587, 47.012808889771492 ], [ 14.513594078348204, 47.013005445242221 ], [ 14.513683587754835, 47.013155425369142 ], [ 14.513684193447277, 47.013182685546042 ], [ 14.51361662714066, 47.013250519141465 ], [ 14.513645299596103, 47.013297465014325 ], [ 14.513673025770325, 47.013319583929373 ], [ 14.513729684024046, 47.013364799076932 ], [ 14.513732212045964, 47.01340751726952 ], [ 14.513734504581029, 47.013445558515187 ], [ 14.51367987315745, 47.013550782836013 ], [ 14.513561897679569, 47.013629668978957 ], [ 14.513578616976417, 47.013689337469017 ], [ 14.513659914959172, 47.013759853258875 ], [ 14.513701215086668, 47.013889547145538 ], [ 14.513644084362818, 47.013941524314141 ], [ 14.513589219767328, 47.01396522155688 ], [ 14.51359456748108, 47.014063793213559 ], [ 14.513567617933164, 47.014129944780045 ], [ 14.513460875544961, 47.014205204509771 ], [ 14.513402838723049, 47.014246032411343 ], [ 14.513383781676085, 47.014252889580234 ], [ 14.513331311998853, 47.014271882412956 ], [ 14.513248645002273, 47.014210829386201 ], [ 14.513156013146819, 47.014257955835042 ], [ 14.513103541698237, 47.014318343219045 ], [ 14.513074708858653, 47.014400442162867 ], [ 14.512706163908108, 47.01463689010145 ], [ 14.51253454052582, 47.014652260579943 ], [ 14.512498369185215, 47.014712028472054 ], [ 14.512489994964968, 47.01472597362897 ], [ 14.512459074065882, 47.014850388601161 ], [ 14.512374341169782, 47.014903731560011 ], [ 14.512173769976435, 47.014930920532812 ], [ 14.512136723824348, 47.014957221726583 ], [ 14.512141789441479, 47.015043197984568 ], [ 14.512043252121686, 47.015102983165612 ], [ 14.512022765377599, 47.015104725605944 ], [ 14.511966032694959, 47.015109543885458 ], [ 14.511873183600924, 47.01511734661711 ], [ 14.511723414917913, 47.015080025852754 ], [ 14.511530617544487, 47.014947583728869 ], [ 14.511480184609743, 47.014933888802666 ], [ 14.511419423557557, 47.014917241395729 ], [ 14.51133992035407, 47.014927604893018 ], [ 14.511332049755488, 47.014928676408026 ], [ 14.510973492310489, 47.014886141240147 ], [ 14.510880131088479, 47.014882699935448 ], [ 14.510749110892903, 47.014877939233756 ], [ 14.510608803417714, 47.014917188951927 ], [ 14.51055918493668, 47.015035228046429 ], [ 14.510462318064805, 47.015099223971475 ], [ 14.510400718048095, 47.015080335010026 ], [ 14.51023393363656, 47.015029150486512 ], [ 14.509846895243584, 47.015019482684345 ], [ 14.509693895580984, 47.014972833953806 ], [ 14.509699760651324, 47.015035675009308 ], [ 14.509844082044731, 47.015189499702302 ], [ 14.50990826494801, 47.015224020166507 ], [ 14.509937913784256, 47.015273566494081 ], [ 14.509910136068513, 47.015308499782179 ], [ 14.509767422422334, 47.015453059664559 ], [ 14.509739501048291, 47.015481515240438 ], [ 14.509704649905702, 47.01548223621365 ], [ 14.509627320068004, 47.015483847123356 ], [ 14.509527105582769, 47.015485874980108 ], [ 14.509178779044559, 47.015513329025936 ], [ 14.508993161194011, 47.015580222316373 ], [ 14.508898449034499, 47.015599020459831 ], [ 14.508832164433732, 47.01561221496415 ], [ 14.508762889807061, 47.01563893861757 ], [ 14.508741988784291, 47.015693327886382 ], [ 14.508859737729237, 47.015823671941845 ], [ 14.50888172304388, 47.015848011161125 ], [ 14.508873464163182, 47.015908838732734 ], [ 14.508770818709383, 47.015931858343464 ], [ 14.508664082665966, 47.015835415781858 ], [ 14.508568496138281, 47.015814717846396 ], [ 14.508441482924429, 47.015842488744951 ], [ 14.508423283782605, 47.015846546555593 ], [ 14.508384692205073, 47.015820939265112 ], [ 14.50833213378499, 47.015598132221591 ], [ 14.508287276074448, 47.015574749451716 ], [ 14.508196476853069, 47.01562770206052 ], [ 14.508094165138017, 47.01573719632232 ], [ 14.508120559994566, 47.015782457333557 ], [ 14.508165898433017, 47.015904912265867 ], [ 14.508167717953013, 47.015909842796702 ], [ 14.508130803757997, 47.015960078166444 ], [ 14.508074049449698, 47.015975873279835 ], [ 14.507829372640508, 47.015954467155119 ], [ 14.507759967774412, 47.015975342297722 ], [ 14.507709645128175, 47.015990440796557 ], [ 14.50745047752666, 47.016027766052275 ], [ 14.507245399887559, 47.016077579892567 ], [ 14.507138777189306, 47.016135014636994 ], [ 14.507047588600715, 47.016027521306704 ], [ 14.507020656189331, 47.015951939575217 ], [ 14.507047621120794, 47.01588012024115 ], [ 14.50701673870525, 47.015834185463007 ], [ 14.506998373893589, 47.015806928850807 ], [ 14.506852286478576, 47.015793230540659 ], [ 14.506789229371655, 47.015815569293174 ], [ 14.506819547393306, 47.015895525514608 ], [ 14.506805485116123, 47.01597369061961 ], [ 14.50673735476515, 47.016004630645057 ], [ 14.506687073145924, 47.016027557239646 ], [ 14.506688843785929, 47.016107718457029 ], [ 14.506674985557053, 47.016201089445183 ], [ 14.506597524229123, 47.016214668073559 ], [ 14.50658336895615, 47.016217154008451 ], [ 14.506531731940692, 47.01617872256427 ], [ 14.506561375862679, 47.016085188515582 ], [ 14.506453973974955, 47.016101416052521 ], [ 14.506305221048976, 47.016116000868557 ], [ 14.506280597598504, 47.016150900659675 ], [ 14.506340068821872, 47.016168733981871 ], [ 14.506392388938025, 47.016184481423338 ], [ 14.50641053972975, 47.016219929270449 ], [ 14.506415493923464, 47.01622977680001 ], [ 14.506396709436999, 47.016249048339141 ], [ 14.50632555193507, 47.016321683926911 ], [ 14.506243015276935, 47.016397406604945 ], [ 14.506232311485505, 47.01640723588212 ], [ 14.506144044180431, 47.016431994351549 ], [ 14.506060069520279, 47.01635916119654 ], [ 14.506001641674651, 47.016352835444359 ], [ 14.505986868793276, 47.016351188223751 ], [ 14.505909987239022, 47.016462577581493 ], [ 14.505843998694756, 47.016489265498436 ], [ 14.505602908370992, 47.016487344976241 ], [ 14.505597120279251, 47.016511251598708 ], [ 14.505627389252782, 47.016589048911605 ], [ 14.505699068766805, 47.016677127329672 ], [ 14.50582564396271, 47.016808193249609 ], [ 14.505847863587539, 47.016831270791108 ], [ 14.50584443300988, 47.016860642367362 ], [ 14.50584255415801, 47.016876859643695 ], [ 14.505795412579618, 47.016899033505588 ], [ 14.505728656971741, 47.016890993819231 ], [ 14.505659606100052, 47.016778951418111 ], [ 14.505615322366706, 47.016781568262964 ], [ 14.505548936066067, 47.016837956216825 ], [ 14.505462656599263, 47.01691110728207 ], [ 14.505383655590732, 47.01692056150258 ], [ 14.50532165719542, 47.016895554698657 ], [ 14.505299619843793, 47.016886693311349 ], [ 14.505276259981743, 47.016889454045575 ], [ 14.505218121426072, 47.016896263177507 ], [ 14.505181729711932, 47.016970339033428 ], [ 14.505147395531628, 47.016994540183653 ], [ 14.505106076231051, 47.016988397384523 ], [ 14.505005719935767, 47.016900614464284 ], [ 14.504945518826256, 47.016903395266986 ], [ 14.504892527469559, 47.016940747116479 ], [ 14.504897071602308, 47.017003601987049 ], [ 14.504851076370894, 47.017077776802154 ], [ 14.504899088812193, 47.01724420961034 ], [ 14.504920840140478, 47.017365379293906 ], [ 14.504886838940209, 47.017404694942762 ], [ 14.504826351536028, 47.017394520329951 ], [ 14.504777612083881, 47.017362177398411 ], [ 14.504749038087922, 47.017343304651341 ], [ 14.504567859903799, 47.017325645881627 ], [ 14.504509583911107, 47.017326246877552 ], [ 14.50437132443189, 47.017327582629228 ], [ 14.504236128242301, 47.017348504053196 ], [ 14.504198755881825, 47.017354288656584 ], [ 14.503943261735104, 47.017415414810245 ], [ 14.503898125255798, 47.017528635238193 ], [ 14.503920209481553, 47.017665009660647 ], [ 14.503902663403029, 47.01773457139771 ], [ 14.503819557791642, 47.017736957756178 ], [ 14.503677677269822, 47.017741209594334 ], [ 14.503605000251268, 47.01775707653956 ], [ 14.503573358528367, 47.017790068296854 ], [ 14.503546088376577, 47.017818425603267 ], [ 14.503457954112173, 47.017992740911808 ], [ 14.503444512693484, 47.018003767969958 ], [ 14.503364513889331, 47.018069563637958 ], [ 14.503243871064459, 47.01806432734184 ], [ 14.503108788692717, 47.018126370817193 ], [ 14.502872272786687, 47.018332539914276 ], [ 14.502798734871755, 47.018512553592963 ], [ 14.502874668926363, 47.018650533382583 ], [ 14.502720258884215, 47.018695407696512 ], [ 14.50255820130079, 47.01867979850612 ], [ 14.502474716258067, 47.018635123969503 ], [ 14.502361384633891, 47.018525695172627 ], [ 14.502351289696692, 47.018521389665452 ], [ 14.502281294818712, 47.018491784126446 ], [ 14.502142709433842, 47.01853226533111 ], [ 14.502074095816162, 47.018595333236483 ], [ 14.502071127532895, 47.018597973439114 ], [ 14.502015349819434, 47.018688265607643 ], [ 14.501991459295885, 47.018726756408867 ], [ 14.501930244266202, 47.018827093166934 ], [ 14.50192739366009, 47.018829102237753 ], [ 14.501792812580833, 47.018926054350061 ], [ 14.501677578909479, 47.018987351939906 ], [ 14.501614107398439, 47.019021030524634 ], [ 14.501613986023013, 47.019069355400539 ], [ 14.501613621470623, 47.019142519502452 ], [ 14.501570334812479, 47.019190568497983 ], [ 14.501374487790978, 47.019266013208345 ], [ 14.501356483775881, 47.019273037470349 ], [ 14.501328393670571, 47.019294113617853 ], [ 14.501287878162328, 47.019324586317701 ], [ 14.50126988499273, 47.019338089599216 ], [ 14.501205032947915, 47.019386810162004 ], [ 14.500988797391825, 47.019360867262506 ], [ 14.50086824679048, 47.019359946897843 ], [ 14.500751571929236, 47.01942161829529 ], [ 14.500717753508091, 47.019439513598471 ], [ 14.500668577930671, 47.019453157322339 ], [ 14.500547470747279, 47.019486797771471 ], [ 14.500492530588783, 47.019621354697158 ], [ 14.500484284895347, 47.019641326809378 ], [ 14.500454467334235, 47.019655671379361 ], [ 14.500415274699998, 47.019674521698974 ], [ 14.500375014256409, 47.019722629112998 ], [ 14.500381790922177, 47.01988732770549 ], [ 14.500455848288624, 47.020083820618062 ], [ 14.500450991833846, 47.020132284128159 ], [ 14.500445506159737, 47.020188043140848 ], [ 14.500454611005463, 47.020386823298033 ], [ 14.500526545151434, 47.020480661556924 ], [ 14.500720202811312, 47.020598715317185 ], [ 14.500966065803484, 47.020703183777478 ], [ 14.501009500271602, 47.020721634732155 ], [ 14.501082729714595, 47.02080250104644 ], [ 14.501107330350747, 47.020957837562733 ], [ 14.501110238421171, 47.020970405998597 ], [ 14.501131559374175, 47.021060354869483 ], [ 14.501143602207803, 47.021111344293836 ], [ 14.501192337519758, 47.021352911214933 ], [ 14.501115832097303, 47.021542043001268 ], [ 14.501093577410218, 47.021655026932159 ], [ 14.501019972785283, 47.021778617470964 ], [ 14.500951421444638, 47.021910614890892 ], [ 14.500872153110731, 47.022033993586895 ], [ 14.500793364236783, 47.022149268365055 ], [ 14.500697841874301, 47.022281542851573 ], [ 14.500341196084982, 47.022890827874583 ], [ 14.500331804654015, 47.023002419626714 ], [ 14.500331379217398, 47.023007013391101 ], [ 14.500331599733718, 47.02301106058983 ], [ 14.500338500571107, 47.023217332398865 ], [ 14.500386796872844, 47.023289276574587 ], [ 14.500533647601451, 47.023474582858327 ], [ 14.500712268836317, 47.023644444426985 ], [ 14.500907766587025, 47.023749880732076 ], [ 14.501008113290249, 47.023824979093618 ], [ 14.501083039646602, 47.023881081268684 ], [ 14.50116728728381, 47.024019966606787 ], [ 14.501234762354539, 47.024066336595034 ], [ 14.501382043450624, 47.024187205914721 ], [ 14.501387941158169, 47.024192094610029 ], [ 14.501392764577483, 47.024196004483684 ], [ 14.501431362944146, 47.024269667755313 ], [ 14.501489010695066, 47.024317938426094 ], [ 14.501735078295308, 47.024532548759659 ], [ 14.501900871812158, 47.024621461187117 ], [ 14.502080683594921, 47.024737405547356 ], [ 14.502355192392665, 47.024826998372873 ], [ 14.502370832171003, 47.024832056714985 ], [ 14.502403788076185, 47.024870502400177 ], [ 14.502422615592945, 47.024942659071314 ], [ 14.502375980890637, 47.025065972862691 ], [ 14.502061287054415, 47.025578274195816 ], [ 14.502016597910451, 47.025784086912545 ], [ 14.502000935235646, 47.025861727839036 ], [ 14.502054253951162, 47.026024147724407 ], [ 14.50199460338122, 47.026112229929041 ], [ 14.502012009991956, 47.026167663493226 ], [ 14.502084615592187, 47.026399175777236 ], [ 14.502109013482302, 47.026455347283814 ], [ 14.502144357963484, 47.026536512831257 ], [ 14.50213245434945, 47.026671347538503 ], [ 14.502050736713512, 47.026761366605008 ], [ 14.502052662720711, 47.026824968389036 ], [ 14.502221561839516, 47.026887211983166 ], [ 14.50222084697076, 47.026908546524794 ], [ 14.502219291599413, 47.026951486865187 ], [ 14.502216988785703, 47.027020261488339 ], [ 14.502162190613523, 47.027101634714498 ], [ 14.502144268347987, 47.027184248253917 ], [ 14.502189570747321, 47.027227516313438 ], [ 14.502281213386508, 47.0272535696812 ], [ 14.502355971414568, 47.027289785431684 ], [ 14.502386000308697, 47.027314763040202 ], [ 14.502500582199515, 47.027372525924719 ], [ 14.502555710622451, 47.027377897689213 ], [ 14.502641303836617, 47.027386195391109 ], [ 14.502732501251277, 47.027392005653788 ], [ 14.502978567675717, 47.027492148578382 ], [ 14.503050212317467, 47.027649879922429 ], [ 14.503069027820279, 47.027691530645406 ], [ 14.503088861453911, 47.027707704238239 ], [ 14.503107357558788, 47.027722901732481 ], [ 14.503434025851913, 47.027867477638573 ], [ 14.503505643605607, 47.028000012309938 ], [ 14.503541830296346, 47.028131202182671 ], [ 14.503521134387743, 47.028296903584383 ], [ 14.503505700646379, 47.02842070628553 ], [ 14.503636451603443, 47.02864468956728 ], [ 14.503598607632915, 47.028659297585591 ], [ 14.503551156564566, 47.028673914575919 ], [ 14.503408805185051, 47.028717855395712 ], [ 14.502956084806668, 47.02893327006084 ], [ 14.502901169610663, 47.028901799720813 ], [ 14.502767478068987, 47.028825066470581 ], [ 14.5024488762216, 47.028580788737152 ], [ 14.502202126926504, 47.02835412835941 ], [ 14.502153797313531, 47.028310891445805 ], [ 14.50172474436515, 47.027927186779969 ], [ 14.500517379813965, 47.026860192265445 ], [ 14.50032756634358, 47.026983986441955 ], [ 14.500058194214839, 47.027266346625346 ], [ 14.500053793004808, 47.027263692190012 ], [ 14.500011656551179, 47.027238658359764 ], [ 14.499477865329499, 47.02692054263801 ], [ 14.499469997859887, 47.026915854041214 ], [ 14.499246374546562, 47.026782537613812 ], [ 14.49891567664239, 47.026585438170372 ], [ 14.498774188063649, 47.026704594372831 ], [ 14.498765658309535, 47.026711700959801 ], [ 14.498361987026817, 47.027051407484748 ], [ 14.498107311142796, 47.026996246995651 ], [ 14.49780298637342, 47.026687378709845 ], [ 14.497768404400224, 47.026826764763463 ], [ 14.49776380705463, 47.026845169454283 ], [ 14.497738518953497, 47.026838229647296 ], [ 14.497552364788453, 47.026787044856988 ], [ 14.497433942080857, 47.02674587421258 ], [ 14.49739495623213, 47.02673241559642 ], [ 14.497380500515947, 47.026727344434519 ], [ 14.497292713701585, 47.026696928210526 ], [ 14.497174159824239, 47.026655758643521 ], [ 14.496852523065337, 47.026553497810745 ], [ 14.496563748607578, 47.026629705750224 ], [ 14.496424482881544, 47.026550142653079 ], [ 14.496255977668692, 47.026589662940687 ], [ 14.496167115172589, 47.026582203813717 ], [ 14.496123342776967, 47.026578512473556 ], [ 14.496088356141215, 47.026573381359121 ], [ 14.496039242109122, 47.026566145146909 ], [ 14.495927940923847, 47.026513561561565 ], [ 14.495775802933421, 47.026513228896128 ], [ 14.495574456326775, 47.026567482344767 ], [ 14.495256184703223, 47.026612852910183 ], [ 14.495171485163844, 47.026639275897445 ], [ 14.495125343395815, 47.026653606008644 ], [ 14.495111744549348, 47.026657614584273 ], [ 14.495077748408187, 47.026667681000141 ], [ 14.495012555384127, 47.026665378160743 ], [ 14.494939035587516, 47.026697535853799 ], [ 14.494568560348711, 47.026859252876285 ], [ 14.494551431038476, 47.026876345735374 ], [ 14.494501955216258, 47.026912756731292 ], [ 14.494436946806102, 47.026918910542435 ], [ 14.494428673472278, 47.026919715017208 ], [ 14.494357618608472, 47.026926200553838 ], [ 14.494348567637594, 47.026927552899267 ], [ 14.494315641263304, 47.026932388846191 ], [ 14.494224663845904, 47.026936558263884 ], [ 14.494166522353371, 47.026931753191832 ], [ 14.494104205425579, 47.026910522959135 ], [ 14.494051806937442, 47.026867414247668 ], [ 14.494054759515178, 47.026833908546919 ], [ 14.49405654400389, 47.026813193075881 ], [ 14.493818381894776, 47.026622152408962 ], [ 14.493734096263736, 47.026571180428952 ], [ 14.49368453439199, 47.026543430518991 ], [ 14.493666369523856, 47.026537226936178 ], [ 14.49360152784797, 47.026514852382064 ], [ 14.49346067327839, 47.026494873968069 ], [ 14.493433082470853, 47.026490926332386 ], [ 14.493383171678344, 47.026489366356422 ], [ 14.49336499909246, 47.026488832046901 ], [ 14.493252693489744, 47.026450384238821 ], [ 14.493213272583237, 47.026404892927168 ], [ 14.493170520871089, 47.026327399897362 ], [ 14.493166253486059, 47.026312775433318 ], [ 14.493126869156068, 47.026178555584529 ], [ 14.493037152396186, 47.026035490879821 ], [ 14.492973401439246, 47.026008785417389 ], [ 14.492954315464115, 47.025948328384736 ], [ 14.492941601981313, 47.025908503523318 ], [ 14.492795900744737, 47.025871386083551 ], [ 14.492774857383528, 47.025865931648525 ], [ 14.492760962012444, 47.025862383981242 ], [ 14.492634291472822, 47.025768649626876 ], [ 14.492566619498854, 47.025664774292686 ], [ 14.49255558927301, 47.025647789153638 ], [ 14.492485690563988, 47.025646882723045 ], [ 14.492309432716761, 47.025644721865007 ], [ 14.492095157540597, 47.025607043392029 ], [ 14.492082737025461, 47.025604740428101 ], [ 14.491996046774558, 47.025588167118549 ], [ 14.491381498317589, 47.025594974339221 ], [ 14.490480792221037, 47.025604963810686 ], [ 14.490359618788373, 47.025606288197082 ], [ 14.489902797206629, 47.025628488337063 ], [ 14.489349880176643, 47.025655444191116 ], [ 14.489228440250839, 47.025614295792778 ], [ 14.48904628365143, 47.02555270790382 ], [ 14.488863332187256, 47.025490857849796 ], [ 14.488791874254007, 47.025466658147771 ], [ 14.488478601005228, 47.025360599263905 ], [ 14.488434190857742, 47.025345662977344 ], [ 14.48834112326495, 47.0253141237731 ], [ 14.488378622154917, 47.025241212211135 ], [ 14.488381782232596, 47.025235240875261 ], [ 14.488350212992534, 47.025145124077206 ], [ 14.488304901085893, 47.025016092271883 ], [ 14.488291291856664, 47.024977265902059 ], [ 14.488284277181041, 47.024957269931313 ], [ 14.488280023965579, 47.02493112670448 ], [ 14.488264053413779, 47.024832122446334 ], [ 14.488247456365201, 47.024782977845646 ], [ 14.488237883755033, 47.024754279056609 ], [ 14.488232263054638, 47.024737868424531 ], [ 14.488191742469256, 47.024617336710023 ], [ 14.488108891725712, 47.024371702257667 ], [ 14.488052639781076, 47.024308382755571 ], [ 14.488013250342997, 47.024264059221217 ], [ 14.487978180611764, 47.024224731082057 ], [ 14.487921390980377, 47.024160877056602 ], [ 14.487762066593049, 47.0241202022249 ], [ 14.487681471798647, 47.024099334277139 ], [ 14.487669582274819, 47.024072998676161 ], [ 14.487650787946031, 47.024031705271845 ], [ 14.487577349204786, 47.02404945931211 ], [ 14.487448265721238, 47.023989399295104 ], [ 14.487435637977224, 47.023983588407603 ], [ 14.487391636288136, 47.023963158316988 ], [ 14.487152880265123, 47.023852109289429 ], [ 14.487138262137213, 47.023839479510926 ], [ 14.487040359156424, 47.023754805564536 ], [ 14.487025475998109, 47.02374208847624 ], [ 14.486965806008914, 47.023690951535777 ], [ 14.486692730692129, 47.023587089216079 ], [ 14.486644698006279, 47.023568859484108 ], [ 14.486280451016102, 47.023490218647382 ], [ 14.486050801856187, 47.023483280836231 ], [ 14.485434939215285, 47.023464782890755 ], [ 14.485380996759254, 47.023459210873725 ], [ 14.485004458249053, 47.023420465269304 ], [ 14.483695215676859, 47.0232857032128 ], [ 14.483326913139773, 47.023280794060227 ], [ 14.483276104191987, 47.023280138650371 ], [ 14.483250040925665, 47.023279772612867 ], [ 14.483195546245826, 47.023279064494844 ], [ 14.483134621020142, 47.023187983707977 ], [ 14.483131629240006, 47.023183514604689 ], [ 14.482925793123773, 47.022969537462011 ], [ 14.482868425724643, 47.022927283903755 ], [ 14.482708094328498, 47.022809312735973 ], [ 14.482164674000973, 47.022483205683898 ], [ 14.482124880147948, 47.022450312709211 ], [ 14.482054272608542, 47.022392084856001 ], [ 14.481999108049454, 47.02234818881174 ], [ 14.481724617792636, 47.022129414630385 ], [ 14.481460975516816, 47.021925378130248 ], [ 14.481340268245733, 47.021868736141876 ], [ 14.481168268948839, 47.021801183966119 ], [ 14.480916110000347, 47.021702135896398 ], [ 14.480756424307895, 47.021674593232341 ], [ 14.480741472525843, 47.021670784823428 ], [ 14.480590629508905, 47.021632264074505 ], [ 14.480514015300701, 47.021612610727843 ], [ 14.480346722660212, 47.021604491695506 ], [ 14.480222926582789, 47.0216240993634 ], [ 14.480168502164959, 47.021632657840513 ], [ 14.479908316806151, 47.021673709549056 ], [ 14.479823707299218, 47.021685992116737 ], [ 14.479776220477261, 47.021692860593326 ], [ 14.479710451653444, 47.021712331890257 ], [ 14.479535242653961, 47.021764223402833 ], [ 14.479468443688802, 47.021748159795258 ], [ 14.479314345373945, 47.021711200001199 ], [ 14.479097479902466, 47.021649856629338 ], [ 14.479079740260044, 47.021644906286681 ], [ 14.478900475015667, 47.021594161731073 ], [ 14.478870287301632, 47.021585557426867 ], [ 14.478834272165141, 47.021575212134579 ], [ 14.478616198548007, 47.021512710199744 ], [ 14.478581768395504, 47.021508737974315 ], [ 14.478465018166856, 47.021495067203553 ], [ 14.478431116214638, 47.02149117959479 ], [ 14.478425178581329, 47.021490429570008 ], [ 14.478413436814284, 47.021489018161368 ], [ 14.478293364716599, 47.021473850915285 ], [ 14.47827714799627, 47.021472394617177 ], [ 14.477904144286963, 47.021437999440046 ], [ 14.477867456401793, 47.021433059886945 ], [ 14.478158113442195, 47.021114633510265 ], [ 14.47803077458096, 47.021036997778332 ], [ 14.47779848661828, 47.020894818463397 ], [ 14.477774484386243, 47.020880122366407 ], [ 14.477683142141782, 47.02082417051524 ], [ 14.477672522536649, 47.020819868118053 ], [ 14.477392512972809, 47.020704085273998 ], [ 14.476399149568049, 47.020293484891624 ], [ 14.476251550667619, 47.020283091948791 ], [ 14.476092130834605, 47.020249240982153 ], [ 14.475956902146516, 47.020220545676523 ], [ 14.475897575971917, 47.020215293327311 ], [ 14.4758399658475, 47.020210293647324 ], [ 14.475579673778231, 47.020191134796669 ], [ 14.475406270996787, 47.020155623752977 ], [ 14.475367943654243, 47.020147820284414 ], [ 14.47514572032858, 47.020106050679082 ], [ 14.475134095084469, 47.020097798700775 ], [ 14.47509587245492, 47.020070376775742 ], [ 14.475022507246315, 47.020018021580682 ], [ 14.474457610826986, 47.019595177582183 ], [ 14.474303017184283, 47.019479566848432 ], [ 14.474162501472042, 47.019327099532198 ], [ 14.474135688397919, 47.019297852917624 ], [ 14.47412382163378, 47.019290593129391 ], [ 14.474042878560986, 47.019240653118082 ], [ 14.473964804530377, 47.019195633556713 ], [ 14.473890462434554, 47.019152826155462 ], [ 14.473744712646772, 47.019032266535461 ], [ 14.473710554205287, 47.019004083446646 ], [ 14.473510955273065, 47.018839070408703 ], [ 14.473816292631327, 47.01875033632227 ], [ 14.473829500265152, 47.018746514194113 ], [ 14.473836377909002, 47.018742035731428 ], [ 14.47406181111131, 47.018596601259546 ], [ 14.474288408798008, 47.018487059706288 ], [ 14.474111739613456, 47.018360422065136 ], [ 14.47403690168545, 47.01830673124303 ], [ 14.473939079637336, 47.01823662349647 ], [ 14.473660888050237, 47.018039014630631 ], [ 14.473532013026501, 47.017974977550367 ], [ 14.473461823463859, 47.017910981099114 ], [ 14.473428004545921, 47.017880184882813 ], [ 14.473397763372299, 47.017832165099925 ], [ 14.473348862655994, 47.017754636695997 ], [ 14.473263898549691, 47.017664332068627 ], [ 14.47324868392743, 47.017648197020577 ], [ 14.473101107424885, 47.017491299952688 ], [ 14.472738428354385, 47.017022774119745 ], [ 14.472728820164765, 47.017010362236491 ], [ 14.472674687863488, 47.016940355020324 ], [ 14.472622588745571, 47.016873116999506 ], [ 14.472545703726288, 47.016717669747017 ], [ 14.472535117263574, 47.016696448873233 ], [ 14.472711757641243, 47.01660747877964 ], [ 14.472649479936925, 47.016458274165352 ], [ 14.472523664482825, 47.01615627797748 ], [ 14.472505265159581, 47.016126586648973 ], [ 14.472479776565553, 47.016085358024434 ], [ 14.472456879994267, 47.016048422801347 ], [ 14.472437801793319, 47.016017748408203 ], [ 14.472435853595135, 47.015920761275858 ], [ 14.47243261052113, 47.015769524585679 ], [ 14.472391872892935, 47.015624603164589 ], [ 14.47234002849709, 47.015434169397615 ], [ 14.472383166601155, 47.015218576277903 ], [ 14.472406010872634, 47.015118100911742 ], [ 14.472376403063643, 47.014903147454376 ], [ 14.472351948744416, 47.014787398667281 ], [ 14.472333340740935, 47.014698857492547 ], [ 14.472371104157286, 47.014649885397404 ], [ 14.472407712558276, 47.014602274689068 ], [ 14.472431714038311, 47.014555780290344 ], [ 14.472437523840338, 47.014544473558132 ], [ 14.472452051228448, 47.0145163416786 ], [ 14.472478445823409, 47.014464873943481 ], [ 14.472493480043765, 47.014435837097615 ], [ 14.472499191938176, 47.01437701786864 ], [ 14.47250967490818, 47.014270727290018 ], [ 14.472582963727174, 47.014117552996993 ], [ 14.472623539013076, 47.013929791651407 ], [ 14.47275963325157, 47.013674571033974 ], [ 14.472770637274191, 47.013653943436758 ], [ 14.472747141418212, 47.013625833081051 ], [ 14.472714869712679, 47.013587282218339 ], [ 14.472404712330313, 47.013186079265601 ], [ 14.472337840417909, 47.013086233828119 ], [ 14.472218375637439, 47.01290817664426 ], [ 14.472198251797455, 47.012883901830548 ], [ 14.472083288759292, 47.012713268338615 ], [ 14.472047992470776, 47.012619495216128 ], [ 14.472016042191276, 47.012534507320233 ], [ 14.472007764972423, 47.012535040258044 ], [ 14.471836603009979, 47.012547554961749 ], [ 14.471795543442161, 47.012307609640111 ], [ 14.471760507782536, 47.011986525054375 ], [ 14.471759684296408, 47.011978794373427 ], [ 14.471755444973164, 47.011940592128823 ], [ 14.471753035779615, 47.011926398235275 ], [ 14.471744313549433, 47.011875462688465 ], [ 14.471734549126785, 47.011818868368181 ], [ 14.471732594316823, 47.011807459535738 ], [ 14.471727269706346, 47.011798424164418 ], [ 14.471665573550293, 47.011694387039007 ], [ 14.471635819291658, 47.011644292233868 ], [ 14.471617795877558, 47.011607487987426 ], [ 14.471548311505369, 47.011465374115993 ], [ 14.471493060474389, 47.01124455833974 ], [ 14.471464282631995, 47.011129482635589 ], [ 14.471429473597599, 47.010990800626274 ], [ 14.471403865372695, 47.010888561372212 ], [ 14.471275352743195, 47.010631674796905 ], [ 14.471222848759963, 47.010526735443236 ], [ 14.471051472593771, 47.010332369618588 ], [ 14.471025571375263, 47.010253260043953 ], [ 14.471023738154781, 47.010247519203226 ], [ 14.471016846111734, 47.010226711126279 ], [ 14.470987557046351, 47.010136836971917 ], [ 14.470881642991861, 47.009896821217197 ], [ 14.470849422443013, 47.009823624108968 ], [ 14.470828844703091, 47.009790354853315 ], [ 14.470799130824252, 47.009742059193222 ], [ 14.4707356109303, 47.009638669781879 ], [ 14.470706987984803, 47.009592162924008 ], [ 14.470502937652803, 47.009333872434077 ], [ 14.470132749097044, 47.009113240070214 ], [ 14.470125420669129, 47.009108904045981 ], [ 14.470015220421548, 47.009037207284997 ], [ 14.469953048331558, 47.008996705306537 ], [ 14.469758809083919, 47.008858538771634 ], [ 14.469713655842401, 47.008826415157145 ], [ 14.46950102823511, 47.008695721217961 ], [ 14.469293327832906, 47.008567767213407 ], [ 14.469233872031758, 47.008531197131795 ], [ 14.469215873434811, 47.008520038746539 ], [ 14.469050035566873, 47.008417941903517 ], [ 14.469030995619319, 47.008413452987746 ], [ 14.46893750963079, 47.008391171197161 ], [ 14.468875299547459, 47.008434987400634 ], [ 14.468507144788887, 47.008364338836394 ], [ 14.468469099340993, 47.008504739872926 ], [ 14.468482316221992, 47.008575337986706 ], [ 14.468498815063445, 47.008664080781315 ], [ 14.46850564582167, 47.008700547452968 ], [ 14.468481711903708, 47.008873382918658 ], [ 14.468477483553512, 47.008903301068763 ], [ 14.468419724001908, 47.009100051416375 ], [ 14.468178904941071, 47.009263086341193 ], [ 14.468087564720527, 47.009365955118099 ], [ 14.468025180732983, 47.009518747531828 ], [ 14.467828385967364, 47.009698169417732 ], [ 14.467734104914824, 47.009835892467954 ], [ 14.467738117554827, 47.009974523229509 ], [ 14.467766641024012, 47.010010323283723 ], [ 14.467794179661766, 47.010061611032967 ], [ 14.468153098730228, 47.010136673718193 ], [ 14.468358478881987, 47.010254394444708 ], [ 14.46845596739576, 47.010266828082955 ], [ 14.468497549901583, 47.010390415283112 ], [ 14.468516554331128, 47.01052250704452 ], [ 14.46854091245021, 47.010658864685141 ], [ 14.468541965831488, 47.010665063297509 ], [ 14.468545375372026, 47.010787682288765 ], [ 14.468510816562988, 47.010937407166267 ], [ 14.468559281743557, 47.011210664881617 ], [ 14.468529512766686, 47.01132596661877 ], [ 14.468439539721778, 47.011468326524998 ], [ 14.46829138781526, 47.011590930668447 ], [ 14.468232017858487, 47.011613930956251 ], [ 14.468167952937241, 47.011638867872264 ], [ 14.468158166582066, 47.01164265516536 ], [ 14.468067062538438, 47.011645905273589 ], [ 14.467976221554439, 47.011649152680185 ], [ 14.467569778544387, 47.011708735504918 ], [ 14.467396917886592, 47.011734038737288 ], [ 14.467258080651435, 47.011769260541897 ], [ 14.467172238717664, 47.011790994820601 ], [ 14.467097711727574, 47.011781930304899 ], [ 14.467039036141689, 47.011812841933924 ], [ 14.466840658257588, 47.011782966737947 ], [ 14.466596200059632, 47.011825541125084 ], [ 14.466481925391685, 47.011809583886688 ], [ 14.466310138138429, 47.011842073749001 ], [ 14.466168764265447, 47.011875609757965 ], [ 14.465840202727319, 47.01195366670602 ], [ 14.46576336303969, 47.011971890602979 ], [ 14.465618051104972, 47.011937974543152 ], [ 14.465594251874638, 47.011932452647784 ], [ 14.465553687730246, 47.011905770862313 ], [ 14.465517926032105, 47.011882190744011 ], [ 14.465390313018, 47.011629248259887 ], [ 14.465337526436786, 47.011590809895786 ], [ 14.465311068365704, 47.01157163634435 ], [ 14.465120520494763, 47.011532501380515 ], [ 14.465027972281746, 47.011492659422082 ], [ 14.464907806225428, 47.011440944293085 ], [ 14.464681274133444, 47.011404776820193 ], [ 14.464650252318101, 47.01139986661488 ], [ 14.464404024768902, 47.011476739155356 ], [ 14.464253729387822, 47.011474366639135 ], [ 14.464229908138545, 47.011473973968712 ], [ 14.464129246346571, 47.011442310965663 ], [ 14.4641079664069, 47.011443872687884 ], [ 14.464083531541531, 47.011445555810042 ], [ 14.46401219804614, 47.01145049553061 ], [ 14.463883632647498, 47.011405881988402 ], [ 14.46378629356624, 47.011412880229386 ], [ 14.463777492214417, 47.011413507773867 ], [ 14.463736011105153, 47.011393133605729 ], [ 14.463636028770418, 47.011343915843646 ], [ 14.463454378591166, 47.01131476813736 ], [ 14.463296981925772, 47.011232106202208 ], [ 14.46313143599971, 47.011242572201951 ], [ 14.462971165337308, 47.011210331411135 ], [ 14.462871000598579, 47.011232924815552 ], [ 14.462687232074238, 47.01110409082942 ], [ 14.462402378590072, 47.011047351812927 ], [ 14.462355210618535, 47.01103792217868 ], [ 14.462322945372676, 47.011017815821297 ], [ 14.46218374659972, 47.010930832011979 ], [ 14.462001791601706, 47.010732418597129 ], [ 14.461995769389453, 47.010727619132268 ], [ 14.461990816646692, 47.010723618924288 ], [ 14.461895795855765, 47.010647714050798 ], [ 14.461842930598012, 47.010605405417479 ], [ 14.461773616226516, 47.010600065103361 ], [ 14.461769136462518, 47.010599749671911 ], [ 14.461750048249529, 47.010586801191856 ], [ 14.461628974703796, 47.010504495924607 ], [ 14.461554086235241, 47.010453497231438 ], [ 14.461458454404053, 47.010454087419355 ], [ 14.461405343199631, 47.01052408538655 ], [ 14.461227919791808, 47.010638062219428 ], [ 14.460973382520473, 47.010695392584985 ], [ 14.460795440381562, 47.010735404191642 ], [ 14.460756684089706, 47.010744157831695 ], [ 14.460637662481844, 47.010770895937249 ], [ 14.460434859494521, 47.010792526379667 ], [ 14.460360432718321, 47.010800464101806 ], [ 14.460192512464735, 47.010816798575988 ], [ 14.459892380105774, 47.010845872970833 ], [ 14.459355575766107, 47.011055288873841 ], [ 14.459093916600585, 47.011211311827026 ], [ 14.458612489723038, 47.011358443759121 ], [ 14.458363806889727, 47.011518565809141 ], [ 14.458168595193339, 47.011644142399852 ], [ 14.457784540219023, 47.011798495028934 ], [ 14.457542960642641, 47.011778480116227 ], [ 14.457389260564488, 47.011758224728837 ], [ 14.457275404352067, 47.011743243977484 ], [ 14.457220159547358, 47.011793553797744 ], [ 14.457125828179347, 47.012042312662025 ], [ 14.456999734498201, 47.012238743120363 ], [ 14.456945763888497, 47.012498620809978 ], [ 14.456774079919997, 47.01283498253688 ], [ 14.456722820859762, 47.012992967559789 ], [ 14.456680820054814, 47.013122154996239 ], [ 14.456672289851928, 47.013148065757662 ], [ 14.456655862386899, 47.013198711181282 ], [ 14.456616010949961, 47.013429563064271 ], [ 14.456563464394113, 47.013495593639846 ], [ 14.456545520524296, 47.013518087995536 ], [ 14.456518751344472, 47.013596101861751 ], [ 14.456474761237455, 47.013724588987259 ], [ 14.45645901771282, 47.013938284734252 ], [ 14.456416622466177, 47.013955531665971 ], [ 14.45619722334078, 47.014350406166379 ], [ 14.456151031078234, 47.014493042941318 ], [ 14.456163450449317, 47.014582637549324 ], [ 14.456083838540057, 47.014650555263572 ], [ 14.455935260232092, 47.014841897472373 ], [ 14.45590541670092, 47.014880347128162 ], [ 14.455891071656191, 47.01489884635312 ], [ 14.455879463770469, 47.014990838193448 ], [ 14.455879041798946, 47.015002000797423 ], [ 14.455825499534136, 47.014971214447556 ], [ 14.45567712909922, 47.014886023094441 ], [ 14.455568049138105, 47.014823390055369 ], [ 14.455467669778146, 47.014711717819189 ], [ 14.455388918776222, 47.014577514932334 ], [ 14.455333889799059, 47.014357949580265 ], [ 14.455333305146972, 47.014348956621447 ], [ 14.455331488058402, 47.014325217913473 ], [ 14.45530263086901, 47.013936937634796 ], [ 14.45517792358306, 47.013489312773537 ], [ 14.455084170073984, 47.013354807969989 ], [ 14.454995849590421, 47.013228348290077 ], [ 14.454967039469629, 47.013141255142415 ], [ 14.454933456986076, 47.013039991123726 ], [ 14.454797614314401, 47.012930918287466 ], [ 14.45467820875947, 47.012727916167023 ], [ 14.454525942933296, 47.012588679458162 ], [ 14.454476440838945, 47.012543454636649 ], [ 14.454455648037223, 47.01252449261986 ], [ 14.454468892117628, 47.012516173013239 ], [ 14.45435370937571, 47.012400956524502 ], [ 14.454293497983766, 47.012396871575703 ], [ 14.454228329549203, 47.012313736654285 ], [ 14.454235568759238, 47.011983411657624 ], [ 14.454245290730199, 47.011858053312402 ], [ 14.454190917486782, 47.011532025968712 ], [ 14.454171485576799, 47.011415414206589 ], [ 14.454190175078887, 47.01126612070366 ], [ 14.454190164592854, 47.01112844017446 ], [ 14.454261109258372, 47.01080576515502 ], [ 14.454267688388022, 47.010799581069499 ], [ 14.454437895266942, 47.010635923507756 ], [ 14.45448569597507, 47.01051333872514 ], [ 14.454694955422237, 47.010367472611222 ], [ 14.454760117272919, 47.010344422241175 ], [ 14.454785689707398, 47.010321852821384 ], [ 14.454859581019598, 47.010313474105054 ], [ 14.454904599764149, 47.010308440096452 ], [ 14.454987079527248, 47.010264431459959 ], [ 14.45500854680809, 47.010253060971642 ], [ 14.455013827093575, 47.010253908685385 ], [ 14.455050125736527, 47.010259579265686 ], [ 14.455538874913035, 47.01001691346405 ], [ 14.45580212503188, 47.009886169464181 ], [ 14.455829694354472, 47.009802478637091 ], [ 14.455860348458478, 47.009709128657917 ], [ 14.455934729918621, 47.009611926848045 ], [ 14.456041008538032, 47.009542485671638 ], [ 14.456197761903423, 47.009439879850085 ], [ 14.456336281084997, 47.009308658182476 ], [ 14.456469770735513, 47.009182255418644 ], [ 14.456656642150529, 47.009085560163847 ], [ 14.45666488120926, 47.009077019840674 ], [ 14.456864781513497, 47.00886861097478 ], [ 14.456953753179903, 47.00869009546858 ], [ 14.457059516267366, 47.008397399679048 ], [ 14.457135146814698, 47.00827858770301 ], [ 14.457222883832015, 47.008141298413257 ], [ 14.457238673588069, 47.008116575563655 ], [ 14.457245042477782, 47.008106703896175 ], [ 14.457218908536728, 47.008052880147524 ], [ 14.457217803032773, 47.008050371442707 ], [ 14.457238396444184, 47.00802263146165 ], [ 14.457305430189402, 47.007932790410813 ], [ 14.457301061461617, 47.007925274714459 ], [ 14.457283847712265, 47.00789511935487 ], [ 14.457281939727208, 47.007891988682367 ], [ 14.457311078483025, 47.007801802830102 ], [ 14.457260479087129, 47.007741922152796 ], [ 14.457258050714884, 47.007739066593182 ], [ 14.457307027060033, 47.007523241939055 ], [ 14.457368362166273, 47.007319533200459 ], [ 14.457146154724647, 47.006902121483655 ], [ 14.457079416164852, 47.006707329386316 ], [ 14.45687063736419, 47.00650791371654 ], [ 14.456797483867621, 47.00627718998593 ], [ 14.456775493920079, 47.006207757323132 ], [ 14.456765772078731, 47.006177257800999 ], [ 14.456724552262898, 47.006088038194441 ], [ 14.456626253854232, 47.005875020701922 ], [ 14.456784665952791, 47.005471929613037 ], [ 14.456845546831053, 47.005178328225789 ], [ 14.456889010392299, 47.00490712604406 ], [ 14.456936938473307, 47.004710209251755 ], [ 14.457003493203791, 47.00448593189563 ], [ 14.457006589633615, 47.004252923862516 ], [ 14.457044550749254, 47.00398285590601 ], [ 14.457046186298106, 47.003767859806956 ], [ 14.457033233883795, 47.003584593668201 ], [ 14.457097065147334, 47.003194316421535 ], [ 14.457079539340368, 47.002713957130894 ], [ 14.457073526151614, 47.002547809904961 ], [ 14.457022648283276, 47.002325234689074 ], [ 14.456902869351847, 47.001923456520458 ], [ 14.456900538531952, 47.001918980216885 ], [ 14.456829445985552, 47.00177921341507 ], [ 14.456701677393296, 47.001528243023209 ], [ 14.456669048852046, 47.001409692508517 ], [ 14.456579695602917, 47.001084282253117 ], [ 14.456567152814875, 47.001038512771927 ], [ 14.456549057078002, 47.000972731036867 ], [ 14.456437485187291, 47.000666437854463 ], [ 14.456178248191225, 47.000150764653483 ], [ 14.455916239433069, 46.999235934226228 ], [ 14.455810546172144, 46.998939840921672 ], [ 14.455591408490205, 46.998435108429106 ], [ 14.455564997469365, 46.998374088099368 ], [ 14.455537067778771, 46.998309663255341 ], [ 14.455487228261314, 46.998310155911881 ], [ 14.455387150916023, 46.998310965121348 ], [ 14.455286055916082, 46.998338330579131 ], [ 14.455179727290686, 46.998367007487666 ], [ 14.455139537253991, 46.998363535177724 ], [ 14.455017785549332, 46.998353219825042 ], [ 14.454691124266988, 46.998412149116902 ], [ 14.454570968884935, 46.99843385302259 ], [ 14.454532809730656, 46.998302218418651 ], [ 14.454502113939295, 46.998193906812837 ], [ 14.454407889081891, 46.998023231417086 ], [ 14.454243620145583, 46.997618470519122 ], [ 14.454222672275204, 46.997566934614447 ], [ 14.454219759813437, 46.997528628751098 ], [ 14.454211751514107, 46.997423332610637 ], [ 14.454183474107465, 46.997392206213831 ], [ 14.45411317618526, 46.997314431280472 ], [ 14.454112258148713, 46.997308321202873 ], [ 14.454082892475791, 46.997113338527178 ], [ 14.45405920081364, 46.996956634448992 ], [ 14.453995803912488, 46.996844326158346 ], [ 14.453883623846192, 46.996645301616134 ], [ 14.45365764667099, 46.996663279761037 ], [ 14.453643073081123, 46.996664503432754 ], [ 14.453329149732779, 46.996665891255368 ], [ 14.452635102853773, 46.996597957073156 ], [ 14.45241634429242, 46.996571497811644 ], [ 14.452281977940643, 46.996555274773144 ], [ 14.452253377263416, 46.996546197995542 ], [ 14.452000871132929, 46.996466078163927 ], [ 14.45176068218292, 46.996389975845162 ], [ 14.451739494803553, 46.996383165573135 ], [ 14.451263440924984, 46.996155057447055 ], [ 14.450667740102402, 46.995978697939769 ], [ 14.450400480595105, 46.9959598211938 ], [ 14.449969262646, 46.995880825423718 ], [ 14.449928289629282, 46.99587753896779 ], [ 14.449423306201036, 46.995836971358386 ], [ 14.448074590396963, 46.995670608913194 ], [ 14.44788002332302, 46.99561834702952 ], [ 14.447669847649337, 46.995561828660065 ], [ 14.44748798852504, 46.995519699914475 ], [ 14.447312606935023, 46.995479127086163 ], [ 14.44726000565981, 46.995466955055825 ], [ 14.44717806335944, 46.995447961905668 ], [ 14.446884777244534, 46.995404495812757 ], [ 14.446487267080025, 46.995345673349256 ], [ 14.446008592821713, 46.995185599551647 ], [ 14.44531317204539, 46.996326522761031 ], [ 14.445290407650822, 46.996363730494373 ], [ 14.44527184335444, 46.996394238028245 ], [ 14.445253015760043, 46.996418449032205 ], [ 14.44524591660301, 46.996500316953146 ], [ 14.445243288028951, 46.996531838227533 ], [ 14.445227118257055, 46.996720789798388 ], [ 14.445228113728499, 46.9968877963328 ], [ 14.445229581780941, 46.997121388782098 ], [ 14.445211853746322, 46.997380455653804 ], [ 14.445207032069856, 46.997395170795727 ], [ 14.445126967915339, 46.997642069982483 ], [ 14.445034404079239, 46.997920227087121 ], [ 14.445028716375084, 46.997937560330328 ], [ 14.444979491334973, 46.998174888712974 ], [ 14.444974309634194, 46.998210124453962 ], [ 14.444951261366993, 46.998365848049311 ], [ 14.444909348907441, 46.998500069428836 ], [ 14.444845106687447, 46.998679772988012 ], [ 14.444827135091186, 46.998713514173851 ], [ 14.444789159274659, 46.998784435950412 ], [ 14.444745408458459, 46.998855954173479 ], [ 14.444744024009728, 46.998858937305066 ], [ 14.444739102336055, 46.998868884080927 ], [ 14.444708582316185, 46.99893154400047 ], [ 14.444707449582113, 46.998933984744156 ], [ 14.444698233620853, 46.998952432354962 ], [ 14.444658469291207, 46.999032190339172 ], [ 14.444556578288816, 46.998757646890354 ], [ 14.444510211835073, 46.998634908243233 ], [ 14.444418966630321, 46.998492001751771 ], [ 14.444281034305682, 46.998267573735816 ], [ 14.444161667619602, 46.998125842113581 ], [ 14.444099628685452, 46.998052389676815 ], [ 14.444056639481545, 46.998003047370325 ], [ 14.443916896475312, 46.997842887512853 ], [ 14.443704462031931, 46.997672190108965 ], [ 14.443539874940162, 46.997525230958907 ], [ 14.443462589173574, 46.99745849636011 ], [ 14.443410486203007, 46.997413562326372 ], [ 14.443361195577491, 46.997371030424546 ], [ 14.443332439947561, 46.997348184886285 ], [ 14.443242571956576, 46.997277253783125 ], [ 14.443198575465306, 46.997242588924777 ], [ 14.442867461349291, 46.997214510077121 ], [ 14.44257915641048, 46.997208328799964 ], [ 14.442516783965122, 46.997206958516379 ], [ 14.442495990020864, 46.99720635179952 ], [ 14.442335432006026, 46.997201801279417 ], [ 14.442127612952376, 46.997188893407305 ], [ 14.441986960466451, 46.997180188537122 ], [ 14.441908370489747, 46.997170607491888 ], [ 14.441626051708713, 46.997136109373216 ], [ 14.441565131659736, 46.997128695248804 ], [ 14.441149520424535, 46.997059952180592 ], [ 14.441117414017199, 46.99705297653022 ], [ 14.440841401836559, 46.996992858579631 ], [ 14.440657878728187, 46.996952894828532 ], [ 14.440511470366577, 46.996920397690616 ], [ 14.440484911478686, 46.996914537590783 ], [ 14.440442894042693, 46.996905318745313 ], [ 14.440283544642094, 46.99687033789467 ], [ 14.440228709983149, 46.996858274375192 ], [ 14.440211848067076, 46.996856998992307 ], [ 14.439885430336588, 46.99683318508005 ], [ 14.439494072953103, 46.996779407404084 ], [ 14.439257774467631, 46.996725107767212 ], [ 14.439121018550482, 46.996707632652942 ], [ 14.439003780746345, 46.996692666888187 ], [ 14.438720650309634, 46.996644221492517 ], [ 14.438819055577387, 46.996828726696506 ], [ 14.439128518116128, 46.997074347107137 ], [ 14.439601274758239, 46.997449486776446 ], [ 14.439863669122417, 46.997657769318359 ], [ 14.440018233246686, 46.997810230637619 ], [ 14.439613249378342, 46.997898315864816 ], [ 14.439567814828729, 46.997908207259975 ], [ 14.439146745784308, 46.997956583255863 ], [ 14.439084257446112, 46.997962321190748 ], [ 14.438928914934905, 46.997999918992406 ], [ 14.438584984805786, 46.998082996542614 ], [ 14.437851742614468, 46.998198477360546 ], [ 14.437652338199781, 46.998229843040576 ], [ 14.437326011713576, 46.998305726508981 ], [ 14.437202364642198, 46.998134333639534 ], [ 14.437100765641555, 46.998049203865605 ], [ 14.436792888132448, 46.997791054359887 ], [ 14.436425395765431, 46.997524844575857 ], [ 14.43636450304512, 46.997480712672655 ], [ 14.436345673793461, 46.997467037613887 ], [ 14.436314407507908, 46.997475170275145 ], [ 14.436290073423013, 46.997481435835034 ], [ 14.435991003959124, 46.99755867043713 ], [ 14.435802079330125, 46.997549886846286 ], [ 14.435619739158231, 46.997541488943398 ], [ 14.435244111600808, 46.997491503310108 ], [ 14.435122111137771, 46.997475229955313 ], [ 14.43506803526059, 46.99746801588622 ], [ 14.43505600710486, 46.997465163045675 ], [ 14.434740613789526, 46.99738948478948 ], [ 14.434480738788555, 46.997327125166464 ], [ 14.434085833472169, 46.997336894135316 ], [ 14.433981322016734, 46.997339437245657 ], [ 14.433729181710351, 46.997345661027495 ], [ 14.433575067363853, 46.997417254679561 ], [ 14.433115892423789, 46.997511960978414 ], [ 14.433078304246713, 46.997519704053424 ], [ 14.432920588894556, 46.997582602947389 ], [ 14.4327158144421, 46.997576937319103 ], [ 14.432272061910547, 46.997698846872972 ], [ 14.432240804168394, 46.997707428257662 ], [ 14.43188500167496, 46.997738317912642 ], [ 14.4316774282675, 46.997756344072783 ], [ 14.43152665099387, 46.997894133047765 ], [ 14.431467672729049, 46.998006107468349 ], [ 14.431470415490985, 46.998259754270272 ], [ 14.431445374578947, 46.998333695838426 ], [ 14.431702091059874, 46.998815882313565 ], [ 14.432011721708479, 46.999274249539539 ], [ 14.431661595972106, 46.999453022070185 ], [ 14.431253557630219, 46.999642792074901 ], [ 14.43123768065535, 46.999644655372421 ], [ 14.430964625044801, 46.999676811450847 ], [ 14.430879598278803, 46.999686812166175 ], [ 14.43064957798466, 46.999713782113751 ], [ 14.430611921007575, 46.999718285487425 ], [ 14.430329789157042, 46.999820537620025 ], [ 14.43006675347555, 46.999694577590923 ], [ 14.429770014357684, 46.9998793974937 ], [ 14.429546264112231, 46.999859691393439 ], [ 14.428951991652374, 47.000012556736543 ], [ 14.428656853475895, 47.000154074505517 ], [ 14.42854080370334, 47.000209726182796 ], [ 14.428508388576244, 47.000238834707382 ], [ 14.428409983511369, 47.000327341239824 ], [ 14.428137682815583, 47.000402766904493 ], [ 14.427953271461694, 47.000453857945587 ], [ 14.427770312340897, 47.000549928147926 ], [ 14.427516304462202, 47.000683397495628 ], [ 14.427383602715969, 47.000824786017361 ], [ 14.427391413844196, 47.000903899234117 ], [ 14.427392399265663, 47.000913428351446 ], [ 14.427472346419643, 47.000988786828991 ], [ 14.427606487443782, 47.00111527540637 ], [ 14.427491275325819, 47.001154270324896 ], [ 14.427486181620617, 47.001156029167269 ], [ 14.427396048912556, 47.001186503484725 ], [ 14.427045934581745, 47.001673916512516 ], [ 14.42700947958879, 47.001743287660119 ], [ 14.426755241845697, 47.002070499256767 ], [ 14.426320571499875, 47.00262999386451 ], [ 14.425886013572942, 47.003144222225266 ], [ 14.425863733355424, 47.003442473210413 ], [ 14.42576995212438, 47.003743571873457 ], [ 14.425730219267495, 47.003871195633209 ], [ 14.4252539196559, 47.00593953643908 ], [ 14.424965765315154, 47.005987660637373 ], [ 14.424758044979258, 47.005795285931562 ], [ 14.424260842906483, 47.005586255499523 ], [ 14.424097867296055, 47.005497114552306 ], [ 14.423867274603285, 47.005337353262519 ], [ 14.423541344549369, 47.005858717580814 ], [ 14.423398554355618, 47.006060939192267 ], [ 14.423166680803403, 47.006076033209162 ], [ 14.42315907142836, 47.006166812984063 ], [ 14.423559860759816, 47.006453352849888 ], [ 14.4241452352124, 47.006574072125829 ], [ 14.424752081758177, 47.006587227682054 ], [ 14.424974295393888, 47.006556475618957 ], [ 14.424983037725019, 47.006585007390676 ], [ 14.425278950662673, 47.007554290144832 ], [ 14.425189152142424, 47.007825654228817 ], [ 14.425174037731891, 47.007871152951893 ], [ 14.425122395050458, 47.00802759677763 ], [ 14.425107280525342, 47.008073095491618 ], [ 14.424903528235435, 47.0086889448432 ], [ 14.424639400847498, 47.010163668699057 ], [ 14.425114359518991, 47.010677337307115 ], [ 14.425427624654189, 47.010748743997119 ], [ 14.425076622322152, 47.011081651163323 ], [ 14.425013779433415, 47.011141376716665 ], [ 14.425005409006365, 47.011892847463351 ], [ 14.424924909912086, 47.01190010038551 ], [ 14.424979991754883, 47.012045259591645 ], [ 14.424427623731024, 47.012150993752257 ], [ 14.424023924349262, 47.012109518652935 ], [ 14.423001228238487, 47.012171079524514 ], [ 14.422525627515684, 47.012164754007067 ], [ 14.422477462560392, 47.012164136146247 ], [ 14.421979226405833, 47.012157485525556 ], [ 14.421937737682981, 47.012219434248678 ], [ 14.422048110162745, 47.012283166593519 ], [ 14.420635400277337, 47.013203499178459 ], [ 14.419891799003945, 47.013770064502452 ], [ 14.419370826904212, 47.014260886691027 ], [ 14.418793825414328, 47.014592155534778 ], [ 14.418736428776366, 47.01460989161879 ], [ 14.418606205098524, 47.014650010503914 ], [ 14.418568550177509, 47.014661618705325 ], [ 14.418327582764778, 47.014735820678261 ], [ 14.418285823165798, 47.01478481250065 ], [ 14.417784999267599, 47.014723456044734 ], [ 14.417648440058047, 47.014743297322838 ], [ 14.417822445070904, 47.014836931663751 ], [ 14.4180254580479, 47.015010916788228 ], [ 14.418192477388406, 47.015161848868075 ], [ 14.418318693422229, 47.01528617454052 ], [ 14.418417512320879, 47.015383225920267 ], [ 14.418487746163756, 47.015497917812844 ], [ 14.418630126078087, 47.015640535977333 ], [ 14.418667734815127, 47.015678150954088 ], [ 14.41874917536768, 47.01582612067066 ], [ 14.418788234081074, 47.016044145179904 ], [ 14.418730046871758, 47.016267958450584 ], [ 14.418707474932162, 47.016483332492506 ], [ 14.418759837375099, 47.016560400603538 ], [ 14.419051861412079, 47.016589104452407 ], [ 14.419201998749717, 47.016628252994913 ], [ 14.419318204307437, 47.01661661335239 ], [ 14.419281287953911, 47.016748077071156 ], [ 14.41919544069205, 47.016976834393276 ], [ 14.419118393117994, 47.01766830936193 ], [ 14.418998849798157, 47.017896578785169 ], [ 14.418805565019507, 47.018012619555762 ], [ 14.41858802340181, 47.018210149818209 ], [ 14.418487926324577, 47.018347076271425 ], [ 14.418212949348558, 47.018509249872587 ], [ 14.418197599569513, 47.018556549551548 ], [ 14.418188185818002, 47.018585255257612 ], [ 14.418168878005909, 47.018644920923386 ], [ 14.417853059318556, 47.018566229340735 ], [ 14.417467424453008, 47.018805946496073 ], [ 14.417454171177383, 47.018814171817425 ], [ 14.417243422501022, 47.018867835804883 ], [ 14.416959108628303, 47.018940288681804 ], [ 14.416922588415117, 47.018949635809143 ], [ 14.416994524272802, 47.018999341982997 ], [ 14.417315107189676, 47.019221159355745 ], [ 14.417455320768955, 47.019573198812111 ], [ 14.417561657844114, 47.019761065804232 ], [ 14.41790279580697, 47.02014502139393 ], [ 14.418150064922571, 47.020423238389121 ], [ 14.419070407432553, 47.021114180587617 ], [ 14.419595176207332, 47.021494036000128 ], [ 14.419890678876918, 47.021717166052085 ], [ 14.41992716757329, 47.021744802841212 ], [ 14.42023737683887, 47.021979129645914 ], [ 14.420422446761641, 47.022560562570028 ], [ 14.420958243633624, 47.023432803910239 ], [ 14.421385846620085, 47.024521417716151 ], [ 14.421523168541677, 47.024608289180975 ], [ 14.421865143023386, 47.02482467000344 ], [ 14.421872036149683, 47.024846380740861 ], [ 14.421882165587917, 47.024878318953917 ], [ 14.421926610826869, 47.025017912410306 ], [ 14.421937998221043, 47.025053438033304 ], [ 14.422132665871516, 47.025665101957514 ], [ 14.422167925751857, 47.025735313586345 ], [ 14.422209223889991, 47.025817615533839 ], [ 14.422332305656731, 47.026063359255708 ], [ 14.422854931119316, 47.02683556318933 ], [ 14.423310573322762, 47.027363463589431 ], [ 14.423860456085482, 47.028000511354996 ], [ 14.42439787808388, 47.028395521768438 ], [ 14.424703219227542, 47.028454139414521 ], [ 14.425255717400612, 47.028935388363713 ], [ 14.425362174997261, 47.029069255197555 ], [ 14.425838671374597, 47.029668304915468 ], [ 14.425916511713984, 47.029888743855011 ], [ 14.425975414748407, 47.03008425857994 ], [ 14.425883476479497, 47.030566752385873 ], [ 14.425830188786781, 47.031539842479461 ], [ 14.425969024449257, 47.031545526124226 ], [ 14.426064311783934, 47.031839766333853 ], [ 14.42629908101469, 47.032215722379838 ], [ 14.42622180133878, 47.032355315567138 ], [ 14.426006513304035, 47.032414438236572 ], [ 14.425378001341681, 47.032795727046931 ], [ 14.425160278584823, 47.033568736821785 ], [ 14.425139921771084, 47.033641281863382 ], [ 14.424964710456655, 47.033739737486073 ], [ 14.424746951352454, 47.033951130106928 ], [ 14.424675461296919, 47.034058946202563 ], [ 14.424577917499157, 47.034230507205024 ], [ 14.424549703899922, 47.034303784504168 ], [ 14.424472095298736, 47.034505245497201 ], [ 14.424506521788983, 47.034696514703121 ], [ 14.424403206981204, 47.035063240321563 ], [ 14.42436375791954, 47.035125260142088 ], [ 14.424336842293563, 47.035167578457376 ], [ 14.424273562498977, 47.035267045638193 ], [ 14.424260317440956, 47.035272617030969 ], [ 14.42407710497355, 47.035349695198079 ], [ 14.424026879278507, 47.035403566576797 ], [ 14.423997671378352, 47.035434910430645 ], [ 14.423899371328611, 47.035544243202331 ], [ 14.423679644565469, 47.035916134955698 ], [ 14.423489886650726, 47.03616820024881 ], [ 14.423482942302149, 47.036177436538402 ], [ 14.42325589194512, 47.036671176776522 ], [ 14.423178648148072, 47.036620832329824 ], [ 14.422731680516495, 47.036926304961753 ], [ 14.422635975047951, 47.036922408367843 ], [ 14.422406940345015, 47.036913067899675 ], [ 14.422406887705401, 47.036913068404296 ], [ 14.422322208514291, 47.036950054808578 ], [ 14.421838473451999, 47.037161300216106 ], [ 14.421640968974856, 47.037402107176796 ], [ 14.421428004019596, 47.03754371649795 ], [ 14.42137482531704, 47.037569332108141 ], [ 14.421359966634082, 47.037576493375724 ], [ 14.420616275880208, 47.037422177092971 ], [ 14.419971907792524, 47.037123467207273 ], [ 14.419538700468511, 47.036922620241313 ], [ 14.419288244846589, 47.036679350903349 ], [ 14.419090770673137, 47.036394270795299 ], [ 14.41892787857835, 47.036158892508453 ], [ 14.418520942799843, 47.035677932111916 ], [ 14.418365156703913, 47.035493777591242 ], [ 14.418365182471522, 47.03549375034914 ], [ 14.418123367769835, 47.035192867530149 ], [ 14.417952948576364, 47.035018390787009 ], [ 14.417928188952718, 47.035024098366577 ], [ 14.41782422413276, 47.035048037501845 ], [ 14.417790639761009, 47.035017996598611 ], [ 14.416735250349191, 47.035397632723623 ], [ 14.416734283334888, 47.035397974896362 ], [ 14.416734376553066, 47.035398027999371 ], [ 14.41669982530113, 47.035413475257812 ], [ 14.41673082410256, 47.035442605275904 ], [ 14.417306809639618, 47.035984769725111 ], [ 14.417491816632996, 47.03616261770761 ], [ 14.417538942328269, 47.036207971183984 ], [ 14.417760318662236, 47.036310422754958 ], [ 14.41805743814402, 47.036447965420173 ], [ 14.418475002300493, 47.036656706220839 ], [ 14.418949646282879, 47.036914572736791 ], [ 14.41982213647295, 47.037375242670528 ], [ 14.420402386609185, 47.037666648127292 ], [ 14.421086223194484, 47.037970376971806 ], [ 14.42136429557898, 47.038102514343507 ], [ 14.421492830622363, 47.038163554116416 ], [ 14.421765055504189, 47.038292866958109 ], [ 14.422411190365992, 47.038528919187662 ], [ 14.422484531565793, 47.038555752054009 ], [ 14.422708531396836, 47.03863756204769 ], [ 14.422794604659034, 47.038669041930291 ], [ 14.423313197733849, 47.038866537945161 ], [ 14.423450926049089, 47.038913539393327 ], [ 14.423546664113733, 47.038954104628722 ], [ 14.423674138390117, 47.039008133188439 ], [ 14.423709724250802, 47.039023179398455 ], [ 14.423787416704407, 47.039056718683085 ], [ 14.423805540315522, 47.039067523115037 ], [ 14.424119029246208, 47.039064873684453 ], [ 14.42486431681305, 47.039154361532717 ], [ 14.425327095455053, 47.039159093073302 ], [ 14.425594700540083, 47.039178297443442 ], [ 14.425709044485421, 47.039560091905251 ], [ 14.42638034248637, 47.039744407481422 ], [ 14.426615733983699, 47.039560639189979 ], [ 14.427300543961136, 47.039435894577892 ], [ 14.427523626202733, 47.039504565945599 ], [ 14.427657144208951, 47.039717448619577 ], [ 14.42786939618578, 47.03983535644997 ], [ 14.429038290940749, 47.03973329272393 ], [ 14.429066306009373, 47.03934310951378 ], [ 14.429704618233576, 47.039070590410276 ], [ 14.429717661912751, 47.039071184430824 ], [ 14.430947985975482, 47.039127244900506 ], [ 14.431078929015243, 47.039132188867448 ], [ 14.431773593214979, 47.039115486184208 ], [ 14.432802696142341, 47.039090773933552 ], [ 14.433574193074396, 47.038957863439869 ], [ 14.434104994290612, 47.039113528450251 ], [ 14.434428266832958, 47.039500129277556 ], [ 14.43517528492856, 47.039563976675922 ], [ 14.435699906942018, 47.039224945961195 ], [ 14.436685086085646, 47.039202154520012 ], [ 14.43699195468438, 47.039020279811375 ], [ 14.437666319205874, 47.038939037628225 ], [ 14.439502453781691, 47.039268704996779 ], [ 14.439774884565317, 47.039456014805133 ], [ 14.440006276519039, 47.039549957247054 ], [ 14.44021244858112, 47.039633796424894 ], [ 14.441076510217156, 47.039811828161007 ], [ 14.441326501315206, 47.039863292692971 ], [ 14.441413755500131, 47.039881339012886 ], [ 14.442006545954795, 47.04000342756752 ], [ 14.442210443776945, 47.039978131050027 ], [ 14.442509466387547, 47.039938047523052 ], [ 14.443006081717478, 47.039898553115307 ], [ 14.443231063852041, 47.039880697726538 ], [ 14.443797195961878, 47.039835661414592 ], [ 14.443842928910355, 47.039832064861876 ], [ 14.444287989712455, 47.039908072253155 ], [ 14.444326585338173, 47.039884208212214 ], [ 14.44435444196392, 47.039862968813118 ], [ 14.444402982906189, 47.039830008780335 ], [ 14.444439890326066, 47.039813540151826 ], [ 14.444519363365359, 47.039755351129607 ], [ 14.444702702165934, 47.039672389483528 ], [ 14.444741464600774, 47.039643934323756 ], [ 14.44496060850147, 47.039460466332685 ], [ 14.445150908575558, 47.039049972716739 ], [ 14.445078898242041, 47.038992995652059 ], [ 14.445182089156933, 47.038829199137368 ], [ 14.445490505398856, 47.038678691537086 ], [ 14.445640181342238, 47.038427961897646 ], [ 14.44587649792318, 47.038197530613999 ], [ 14.44667279406303, 47.037912299619435 ], [ 14.446748139254481, 47.03785837883084 ], [ 14.44705276320783, 47.037640503676037 ], [ 14.447181256283727, 47.037528739748076 ], [ 14.447316261739774, 47.03785289959005 ], [ 14.447474967684157, 47.038233788734374 ], [ 14.4475107939206, 47.03830389733718 ], [ 14.447539138832029, 47.038343663641022 ], [ 14.447574446926119, 47.038420436356397 ], [ 14.447651811445203, 47.038412568589337 ], [ 14.448205411263505, 47.038373392226198 ], [ 14.44874271241517, 47.038335363036204 ], [ 14.448784114103709, 47.038332436912967 ], [ 14.449525923962399, 47.038279887700874 ], [ 14.449728173440562, 47.037913722291343 ], [ 14.449774961658088, 47.03782894450945 ], [ 14.449703557427277, 47.037012112485314 ], [ 14.449615661082332, 47.036005479487386 ], [ 14.451783644864621, 47.035031371440645 ], [ 14.453051219481019, 47.035602452220218 ], [ 14.453535238582583, 47.035885279879309 ], [ 14.453786063385589, 47.035770682215656 ], [ 14.453984175870382, 47.035684320058216 ], [ 14.454230551896559, 47.0357331821765 ], [ 14.454543097067708, 47.035861299445642 ], [ 14.454816513469195, 47.035825575344582 ], [ 14.455171450268558, 47.035785806064929 ], [ 14.455589007624733, 47.035763234573579 ], [ 14.455884439799192, 47.03568562628233 ], [ 14.456041304352143, 47.035628194049963 ], [ 14.456171877528719, 47.035547444781727 ], [ 14.456247994247324, 47.035368787521904 ], [ 14.456324266208494, 47.035241061490659 ], [ 14.456361539843211, 47.035161324217739 ], [ 14.456412033218726, 47.035053200225242 ], [ 14.456504820847464, 47.034953386832221 ], [ 14.456720315396456, 47.034817984859032 ], [ 14.457002451859028, 47.03468462293695 ], [ 14.457363010420448, 47.034544005299743 ], [ 14.457737631018826, 47.034452200431375 ], [ 14.458002144568896, 47.034444002829851 ], [ 14.458355792026971, 47.03439982687317 ], [ 14.458652686441701, 47.034379338758114 ], [ 14.458900994660411, 47.034339354071832 ], [ 14.459184460596262, 47.034355982417516 ], [ 14.45927743362911, 47.034451437443778 ], [ 14.459391864366332, 47.034571876167995 ], [ 14.45958259709931, 47.0347463606658 ], [ 14.459776787143486, 47.03494105773288 ], [ 14.459913664862578, 47.035033737238393 ], [ 14.460140927071496, 47.035130739387775 ], [ 14.46043567454919, 47.035213573460936 ], [ 14.460969842767536, 47.035308788473706 ], [ 14.46141739371218, 47.035372465665873 ], [ 14.461694834902184, 47.03552646841645 ], [ 14.461771381736066, 47.0356476410361 ], [ 14.461850679352874, 47.035879650765978 ], [ 14.461888127034923, 47.036056194008481 ], [ 14.461847690022758, 47.036253038204826 ], [ 14.46185652598197, 47.036427256034628 ], [ 14.461797289595534, 47.036631395954437 ], [ 14.461733603626445, 47.036880123796223 ], [ 14.461764023698445, 47.037060426361123 ], [ 14.461795182007645, 47.037095841870411 ], [ 14.461923723814712, 47.037241784393416 ], [ 14.462124876166353, 47.037410222109663 ], [ 14.4623508734475, 47.037577062771213 ], [ 14.462514349465636, 47.03766965489438 ], [ 14.46256719202473, 47.037703414876432 ], [ 14.462733858711953, 47.037809833038992 ], [ 14.463060592044018, 47.037959833073543 ], [ 14.463208924691575, 47.037977795255486 ], [ 14.463326957593134, 47.038074977588231 ], [ 14.463480611854463, 47.038182154016646 ], [ 14.463753289914301, 47.038247471708232 ], [ 14.464053587851959, 47.038293166568138 ], [ 14.464332105640104, 47.038323599623801 ], [ 14.464652231599674, 47.038360816676303 ], [ 14.464812427307905, 47.038379468537961 ], [ 14.465107108065004, 47.038408568894518 ], [ 14.465307787888609, 47.038523283311498 ], [ 14.465545930339315, 47.038660210901959 ], [ 14.465720012432048, 47.038725066652155 ], [ 14.465989551248803, 47.038865099919505 ], [ 14.466287927501302, 47.038974699192138 ], [ 14.466322627579068, 47.039145059387799 ], [ 14.466367101034905, 47.039384792435186 ], [ 14.466380805253568, 47.039440987923186 ], [ 14.466445269368254, 47.039704548233274 ], [ 14.466543955838267, 47.040011141138116 ], [ 14.466597185066339, 47.040179966633112 ], [ 14.466619010779663, 47.040246609620837 ], [ 14.466647227398346, 47.040335145799027 ], [ 14.466868316240571, 47.040868905628422 ], [ 14.467033817864777, 47.041332939517794 ], [ 14.467149895707058, 47.041658435753504 ], [ 14.467204465750788, 47.041840565756857 ], [ 14.467242877791049, 47.041968774519162 ], [ 14.46729844084477, 47.042154224108337 ], [ 14.467332030751662, 47.042266193236578 ], [ 14.467431537033065, 47.042592214555853 ], [ 14.467614677730959, 47.042612073374748 ], [ 14.467756109562162, 47.04258978426261 ], [ 14.467848079287894, 47.042575277857416 ], [ 14.467941329937418, 47.042793196267382 ], [ 14.46802778044496, 47.042994714807357 ], [ 14.468170907545003, 47.043273416413214 ], [ 14.468776632338393, 47.04314606174988 ], [ 14.469092325580725, 47.043005315622281 ], [ 14.469491849649335, 47.042820446365354 ], [ 14.469880642952766, 47.042632533452633 ], [ 14.470466142951478, 47.042397296951918 ], [ 14.470904057518197, 47.042118451363756 ], [ 14.471005741942671, 47.042053632073085 ], [ 14.471132873908491, 47.041935465204467 ], [ 14.47147180338086, 47.041804648226197 ], [ 14.471696756071616, 47.041717896296156 ], [ 14.471724824547032, 47.041706996537975 ], [ 14.47216781983874, 47.041321909719613 ], [ 14.472309840824847, 47.041198462956878 ], [ 14.472883684392412, 47.04104080988121 ], [ 14.47293262773467, 47.041027360769633 ], [ 14.472982747799536, 47.04101353988311 ], [ 14.473404251946612, 47.040897276602614 ], [ 14.47371658712837, 47.040803614570699 ], [ 14.473870332047181, 47.040791092822126 ], [ 14.475149279261451, 47.040459330814897 ], [ 14.475302829424262, 47.040419452835984 ], [ 14.476946816613767, 47.03999158341643 ], [ 14.477673590584477, 47.040536249906999 ], [ 14.477996640252929, 47.040695783377068 ], [ 14.477341811674547, 47.041492740320237 ], [ 14.477683925767217, 47.041638764590381 ], [ 14.477698802935098, 47.041815980419827 ], [ 14.477721080142777, 47.041963965712519 ], [ 14.4777403181895, 47.042050340068101 ], [ 14.477806792363396, 47.042349419386724 ], [ 14.477807678003334, 47.042421040640491 ], [ 14.477807825916315, 47.042440116533761 ], [ 14.477861499015079, 47.04241401938679 ], [ 14.477947355021898, 47.042348093423612 ], [ 14.478343225473846, 47.042044265804037 ], [ 14.478540448730261, 47.041892988548803 ], [ 14.478949597167459, 47.041588664958184 ], [ 14.479387045232322, 47.041321039330569 ], [ 14.479770600559064, 47.041069433665669 ], [ 14.480130996961819, 47.040861074547429 ], [ 14.480464709985345, 47.040703376785551 ], [ 14.480465596907527, 47.040750521389256 ], [ 14.480467187473907, 47.040830234438467 ], [ 14.480467572339579, 47.040848048118619 ], [ 14.480482234381668, 47.040862568078182 ], [ 14.480505856603735, 47.040889685833342 ], [ 14.480789852794803, 47.041227331510072 ], [ 14.480850230086238, 47.041304471109314 ], [ 14.481010386027975, 47.041509375256418 ], [ 14.481171348422286, 47.041714990943412 ], [ 14.481309571325292, 47.041891680149028 ], [ 14.481341793213197, 47.041932928908835 ], [ 14.48140567179019, 47.042013632359101 ], [ 14.481604068236017, 47.042263953049932 ], [ 14.481613906129082, 47.042280591341523 ], [ 14.481853885485114, 47.042688329827058 ], [ 14.482361839441516, 47.042546232770242 ], [ 14.482626348588642, 47.042536088532202 ], [ 14.482775445776872, 47.042582363776404 ], [ 14.482873181613853, 47.042670192890967 ], [ 14.483075790243111, 47.042695139171542 ], [ 14.483536641385532, 47.042694074335124 ], [ 14.483695875203006, 47.04286181922744 ], [ 14.483797990337791, 47.04296940053478 ], [ 14.483986751957714, 47.043114619073393 ], [ 14.484292791312802, 47.043350166933799 ], [ 14.484424137563833, 47.043336508034123 ], [ 14.484699552716098, 47.043179568451755 ], [ 14.485250458424643, 47.042839050084936 ], [ 14.485355985086519, 47.042800365287704 ], [ 14.485403133942514, 47.042783149499414 ], [ 14.48541682582559, 47.042795338995141 ], [ 14.485439919931755, 47.042816161967203 ], [ 14.485452830443261, 47.042810541800122 ], [ 14.485736723535075, 47.042686629183621 ], [ 14.485966889421061, 47.042586207785455 ], [ 14.486166003407654, 47.042425899142074 ], [ 14.486273903308668, 47.042338955935463 ], [ 14.486388004427718, 47.042301173019318 ], [ 14.486656981414885, 47.042211964744332 ], [ 14.486936120721905, 47.042069469845643 ], [ 14.487035908917925, 47.042142426615101 ], [ 14.487259742750192, 47.042102178707907 ], [ 14.48739683615209, 47.041953386243911 ], [ 14.487480171531207, 47.041862911878809 ], [ 14.487821669582583, 47.04183388586965 ], [ 14.488113294849896, 47.041878345864212 ], [ 14.488324400727267, 47.041827966588279 ], [ 14.48858343840948, 47.041766211037711 ], [ 14.488843705006625, 47.04170651211291 ], [ 14.489216963930733, 47.041528049003318 ], [ 14.489388959698454, 47.041416693881594 ], [ 14.489722431862512, 47.041200659013846 ], [ 14.490919611120901, 47.040425010702712 ], [ 14.491150254391975, 47.040250783665911 ], [ 14.491918654306708, 47.039933212200665 ], [ 14.492072302616144, 47.039862264594326 ], [ 14.492220334518059, 47.039823499748948 ], [ 14.492580213994316, 47.039744778431086 ], [ 14.492904930338655, 47.039635189040354 ], [ 14.493214205182058, 47.039584068529187 ], [ 14.493466699926895, 47.039573031679105 ], [ 14.493633278514416, 47.039545774021498 ], [ 14.493678985731377, 47.039613428090369 ], [ 14.493711481358577, 47.039763196088302 ], [ 14.493772862803144, 47.040060159279264 ], [ 14.492588008196721, 47.040439405628703 ], [ 14.492911278056352, 47.04078777955889 ], [ 14.493253533749398, 47.041028873152158 ], [ 14.493498361369159, 47.041160635433485 ], [ 14.493761858763017, 47.041285277447436 ], [ 14.493993406570196, 47.041357422326769 ], [ 14.4943538418595, 47.041514458212824 ], [ 14.49460405421474, 47.04163338484814 ], [ 14.494714828574041, 47.041702623170998 ], [ 14.494829705343475, 47.041833011257701 ], [ 14.494856357210573, 47.041877912751637 ], [ 14.494949150908672, 47.042033813090391 ], [ 14.495021842293427, 47.04210721996359 ], [ 14.495093841818663, 47.042209160048053 ], [ 14.495111038402719, 47.042267116430907 ], [ 14.495557009825662, 47.042163748664066 ], [ 14.495565216348549, 47.042400333060129 ], [ 14.495505312568325, 47.042664610530018 ], [ 14.495503988907826, 47.04267029331055 ], [ 14.495560916158285, 47.042781206100017 ], [ 14.49568077995662, 47.042928730055543 ], [ 14.495894363505702, 47.043093832523816 ], [ 14.496211334487665, 47.043188945735324 ], [ 14.496667991951563, 47.04326661010338 ], [ 14.496759325158814, 47.043511702077211 ], [ 14.496728854130144, 47.043719166404053 ], [ 14.496780324486201, 47.043761113709934 ], [ 14.49684781488998, 47.043807216370581 ], [ 14.497691154532356, 47.045009095837372 ], [ 14.49862313899194, 47.046337213395113 ], [ 14.498660922266794, 47.04639117866661 ], [ 14.498685242672657, 47.04642557462617 ], [ 14.498752422503838, 47.046511274110458 ], [ 14.498808346042612, 47.046563973425329 ], [ 14.498866014345486, 47.046618184613202 ], [ 14.498884969946408, 47.046636077767374 ], [ 14.4988896109845, 47.046643589154449 ], [ 14.498952121654009, 47.046744454405285 ], [ 14.498873555957678, 47.046799793040151 ], [ 14.498758342417936, 47.047008847054265 ], [ 14.498620504777259, 47.04709889885391 ], [ 14.498595431624182, 47.047324125976409 ], [ 14.498714470685471, 47.047517189286502 ], [ 14.49873695565706, 47.047575900823318 ], [ 14.498805507314113, 47.047754003896515 ], [ 14.498810443311793, 47.047846910875329 ], [ 14.498839149265807, 47.04838087520686 ], [ 14.498725820937894, 47.048681967524324 ], [ 14.498446085627005, 47.048899457416077 ], [ 14.498404013082514, 47.048926075290751 ], [ 14.49798249752622, 47.049192351242084 ], [ 14.497877441618867, 47.049258669201663 ], [ 14.497785175067554, 47.049325845873661 ], [ 14.497592474960456, 47.049466041891506 ], [ 14.497299478182077, 47.049601505719764 ], [ 14.49713381913925, 47.049678072424577 ], [ 14.497004393566289, 47.049737890036717 ], [ 14.496649384968187, 47.049981612756575 ], [ 14.496591276413453, 47.050021532344807 ], [ 14.496045322819134, 47.05022761290688 ], [ 14.495947710530416, 47.050327418375929 ], [ 14.495924262280361, 47.050447072270501 ], [ 14.495866836339866, 47.050740660498526 ], [ 14.495806853187599, 47.050863387751484 ], [ 14.49564934776012, 47.051186345774489 ], [ 14.495533414493821, 47.051429689022662 ], [ 14.495492901362763, 47.051509652677161 ], [ 14.495526901880279, 47.051541160687172 ], [ 14.495628431152619, 47.051584036415242 ], [ 14.495631173204796, 47.051607045280818 ], [ 14.495766741753753, 47.05166514064554 ], [ 14.495735591644197, 47.051697674958618 ], [ 14.495859241431996, 47.051734564989076 ], [ 14.495878061523024, 47.05174022167634 ], [ 14.49590138672856, 47.051747182091319 ], [ 14.495964204882776, 47.051765886836122 ], [ 14.496019073802652, 47.051782333191206 ], [ 14.496114893594303, 47.051810958825619 ], [ 14.496176662836941, 47.051859910135626 ], [ 14.496254254510642, 47.052060149206326 ], [ 14.496283952505273, 47.052279865814704 ], [ 14.496377773980067, 47.052373482982901 ], [ 14.496518393142507, 47.052517734240574 ], [ 14.496663536247775, 47.052718181488196 ], [ 14.496889739689195, 47.052898451226667 ], [ 14.497039745851716, 47.053050344718159 ], [ 14.497231687273736, 47.0532351940723 ], [ 14.497388510655389, 47.053295589536518 ], [ 14.497567548794013, 47.053366285800578 ], [ 14.497690293533555, 47.05339769389618 ], [ 14.497874756186171, 47.053439537956926 ], [ 14.497993453434205, 47.053466487805963 ], [ 14.498142235318099, 47.053514366341396 ], [ 14.498145591818107, 47.053577323517871 ], [ 14.498469865253083, 47.053864120606157 ], [ 14.498768333795267, 47.054276804653028 ], [ 14.498932254644433, 47.054450330130905 ], [ 14.498998807615365, 47.054512999058254 ], [ 14.499328493682043, 47.054638119851653 ], [ 14.500199215587802, 47.054511568738356 ], [ 14.500242135532739, 47.054505368816884 ], [ 14.501394256603422, 47.05433803381564 ], [ 14.501771009023027, 47.053993106267583 ], [ 14.502199094157504, 47.054323279657389 ], [ 14.502257322663128, 47.054486099032921 ], [ 14.502581788833803, 47.054636910752116 ], [ 14.502893652363507, 47.054604095663521 ], [ 14.503183236905217, 47.05474932544751 ], [ 14.503445975374312, 47.054853346425027 ], [ 14.503711065511379, 47.055063978441268 ], [ 14.504594465835911, 47.05502878094191 ], [ 14.50473181064514, 47.055023315908656 ], [ 14.505120656113075, 47.055048013500233 ], [ 14.505425987151138, 47.055094988278867 ], [ 14.505689615482835, 47.055149591490718 ], [ 14.505862797797226, 47.055258400237499 ], [ 14.505911666573509, 47.055289031920957 ], [ 14.505056246980544, 47.056299691923535 ], [ 14.505036354374512, 47.056323113937367 ], [ 14.504824997255664, 47.056572849972078 ], [ 14.505401049121682, 47.0565655608588 ], [ 14.505431325645999, 47.056565158628601 ], [ 14.505446951750868, 47.056563197711526 ], [ 14.506109915313168, 47.056478698718607 ], [ 14.506167656194075, 47.056499610024218 ], [ 14.506421715417316, 47.056591565439859 ], [ 14.50694440817327, 47.056761555913624 ], [ 14.507031011791828, 47.056753822478953 ], [ 14.507066218310333, 47.056767946975945 ], [ 14.50715403622439, 47.056803215226516 ], [ 14.507599565452526, 47.056871773159934 ], [ 14.508320598677896, 47.056864591007852 ], [ 14.50851107191346, 47.056962868427917 ], [ 14.508736713017505, 47.057079409376385 ], [ 14.509321248921097, 47.057466700747497 ], [ 14.509442903511601, 47.057763122711634 ], [ 14.509897074391871, 47.057900243294569 ], [ 14.509964815652161, 47.057920689223451 ], [ 14.510153871506082, 47.057913152550057 ], [ 14.510211428029359, 47.057925604854852 ], [ 14.510483861940768, 47.05798451537968 ], [ 14.510493388561464, 47.057986576425158 ], [ 14.510524084790324, 47.057993187577168 ], [ 14.510533611414152, 47.057995248619292 ], [ 14.510575553700331, 47.058004262941935 ], [ 14.510589734090514, 47.058026163161131 ], [ 14.51060704219798, 47.058052530389254 ], [ 14.510626534536025, 47.058082384528156 ], [ 14.510693352829108, 47.058108688820049 ], [ 14.511265767187227, 47.058334297258511 ], [ 14.511501146304759, 47.058450012005991 ], [ 14.512286706178028, 47.0587680732678 ], [ 14.5127710071365, 47.0586603720269 ], [ 14.513186494388524, 47.058650030420594 ], [ 14.513500741643606, 47.058569647892746 ], [ 14.513793471337952, 47.058492817541186 ], [ 14.513951305990862, 47.058490548191379 ], [ 14.514430717803933, 47.058157470067037 ], [ 14.514706275746278, 47.057965990774122 ], [ 14.514850101389117, 47.058067982177356 ], [ 14.515048837585335, 47.058128547822704 ], [ 14.515116850428473, 47.05814925784653 ], [ 14.515135014593818, 47.058154828221497 ], [ 14.515691739477303, 47.058183593415755 ], [ 14.516715955700326, 47.058331673113805 ], [ 14.517021763417986, 47.058445923322331 ], [ 14.517286725134035, 47.0585471899686 ], [ 14.517428661089246, 47.058581886619294 ], [ 14.517916926376362, 47.05826291949105 ], [ 14.517934590911326, 47.058246087542784 ], [ 14.5179507057597, 47.058230621568491 ], [ 14.517959473197076, 47.058222251261867 ], [ 14.519316480195682, 47.056927655120546 ], [ 14.519537613857354, 47.056811962025527 ], [ 14.520574677868927, 47.056269392077454 ], [ 14.520607346362821, 47.056252312969875 ], [ 14.520712509647563, 47.05619731128477 ], [ 14.521290165182364, 47.056191274675378 ], [ 14.522609820403122, 47.056027012423108 ], [ 14.526215518169373, 47.055577886624924 ], [ 14.526764442189263, 47.055202001125828 ], [ 14.52711894052589, 47.05580075078592 ], [ 14.527980014123187, 47.056499417186416 ], [ 14.528208217014511, 47.056692230227121 ], [ 14.528840606186993, 47.056654776786239 ], [ 14.529724475850141, 47.056737921072028 ], [ 14.530574129934768, 47.056696325900695 ], [ 14.53078423041171, 47.05670554098819 ], [ 14.530851395946963, 47.05670600315316 ], [ 14.531257686408901, 47.056709010521615 ], [ 14.53178051354924, 47.056712137457616 ], [ 14.532234968785067, 47.056777985377963 ], [ 14.532654074505798, 47.05683529565917 ], [ 14.532740251533896, 47.056855443562242 ], [ 14.532775861428849, 47.056863796645054 ], [ 14.532781289398633, 47.056865089188634 ], [ 14.532846949606599, 47.056880504166621 ], [ 14.533202319986813, 47.056960892258822 ], [ 14.533328164670566, 47.056994119214487 ], [ 14.533462829228535, 47.057021403640256 ], [ 14.533612906493802, 47.057107197692673 ], [ 14.533683521915737, 47.057248543880078 ], [ 14.533790163393665, 47.057515583517571 ], [ 14.533756436344861, 47.05764291364536 ], [ 14.533701048986247, 47.057819786273846 ], [ 14.534184164434881, 47.057900531897104 ], [ 14.534221713408472, 47.057889786467086 ], [ 14.534261655799728, 47.057874246339033 ], [ 14.534397300284072, 47.057822509344703 ], [ 14.534635931028724, 47.057730628633529 ], [ 14.535162472001446, 47.057525107274351 ], [ 14.535404879139266, 47.057431475202819 ], [ 14.53577507608799, 47.057294106028813 ], [ 14.535949975890521, 47.057516327140775 ], [ 14.536017359494865, 47.057601913197509 ], [ 14.536081812410952, 47.057686000423892 ], [ 14.536762875366309, 47.058279195182905 ], [ 14.536881479774147, 47.058381966152169 ], [ 14.536965162088574, 47.058454510701104 ], [ 14.537240389005015, 47.058693125186394 ], [ 14.537285253974968, 47.058732064969249 ], [ 14.537273464523118, 47.058758016594304 ], [ 14.537750552008495, 47.059007719761226 ], [ 14.537866768912261, 47.059458312180489 ], [ 14.537955831579161, 47.05980376158918 ], [ 14.538095806966941, 47.059887650193623 ], [ 14.538216521765815, 47.059999000374958 ], [ 14.538233068209593, 47.060072390693563 ], [ 14.538309411149335, 47.060320292006693 ], [ 14.538356559797078, 47.060419121624534 ], [ 14.538562527587748, 47.060609810459034 ], [ 14.538550857384475, 47.060716975717725 ], [ 14.538498133131684, 47.060853984578948 ], [ 14.538405471562665, 47.060836879328512 ], [ 14.53835284835198, 47.061025342558089 ], [ 14.538592335367914, 47.061430118961134 ], [ 14.538660856584878, 47.061911578575646 ], [ 14.538687364551194, 47.062538941354568 ], [ 14.538529563644326, 47.06258497005274 ], [ 14.538206163499675, 47.062679287172884 ], [ 14.538040879411668, 47.062812242546364 ], [ 14.538127073397149, 47.06311108113637 ], [ 14.538142193840594, 47.063446488516171 ], [ 14.538115054621324, 47.064030235525813 ], [ 14.538154972138811, 47.064136430966947 ], [ 14.538213239921173, 47.064284609559856 ], [ 14.538221382816364, 47.064295231893212 ], [ 14.538951769052892, 47.066131345856718 ], [ 14.539025950562039, 47.06631661958329 ], [ 14.5391254036061, 47.066564968208461 ], [ 14.539220669110906, 47.066802868500396 ], [ 14.539311411531894, 47.067029469136394 ], [ 14.539640269575745, 47.066959802116216 ], [ 14.539945952745956, 47.066813916766414 ], [ 14.540200262583967, 47.066719221639701 ], [ 14.540392567775186, 47.066694070686616 ], [ 14.540545701140415, 47.066596390600061 ], [ 14.540742554463451, 47.066534412374594 ], [ 14.54125621367576, 47.066478183619694 ], [ 14.541576361675379, 47.066269157011995 ], [ 14.541796864861691, 47.066229683695404 ], [ 14.54215747826864, 47.066207887654173 ], [ 14.542291228389196, 47.066158528253204 ], [ 14.54244512567594, 47.06607378680382 ], [ 14.542647064336084, 47.066015530669873 ], [ 14.54295302396342, 47.065981175162491 ], [ 14.543755224734758, 47.065735308553108 ], [ 14.544597318234681, 47.06554578502022 ], [ 14.544783501204614, 47.065595985401373 ], [ 14.545843528809051, 47.065678757461271 ], [ 14.546272258652502, 47.065663015859883 ], [ 14.547284642347845, 47.065742377389725 ], [ 14.547608940338259, 47.065872510970379 ], [ 14.547868670812301, 47.06590151120016 ], [ 14.548228819140975, 47.065975223952002 ], [ 14.548400592007798, 47.065978517320566 ], [ 14.548714623077773, 47.066000024041102 ], [ 14.548850171507546, 47.065974835622612 ], [ 14.549240750311215, 47.066032129782954 ], [ 14.549709931354259, 47.066022304753339 ], [ 14.550594190934616, 47.066112915671702 ], [ 14.551478200259071, 47.066333061410489 ], [ 14.55202341478039, 47.066414425672846 ], [ 14.552529941703565, 47.066408850071419 ], [ 14.552536699441223, 47.066368210598839 ], [ 14.552792312030711, 47.066409203328256 ], [ 14.55296367812273, 47.066482397563014 ], [ 14.553397831263091, 47.066574017711574 ], [ 14.553923383349147, 47.06679202515263 ], [ 14.554137447152881, 47.066903445402531 ], [ 14.554605528675603, 47.067068154579374 ], [ 14.555022358917796, 47.067226204567596 ], [ 14.555232692605751, 47.06733331642009 ], [ 14.555780302383756, 47.067630016637075 ], [ 14.556258038598118, 47.067957711285679 ], [ 14.556765369078647, 47.068305710956047 ], [ 14.557181292857825, 47.068411182397931 ], [ 14.557600631187663, 47.068648035462438 ], [ 14.55780637441655, 47.068377058410903 ], [ 14.55808379997508, 47.068161308825289 ], [ 14.558656770223603, 47.067715690940275 ], [ 14.559070606977116, 47.067393829170406 ], [ 14.559678104099278, 47.066921322875807 ], [ 14.561189652902648, 47.065745649925127 ], [ 14.562757776172917, 47.065015042153185 ], [ 14.563823658166916, 47.064518422595761 ], [ 14.564421423348531, 47.064239912991667 ], [ 14.564592612067845, 47.06377371493523 ], [ 14.564643025911153, 47.063636385368078 ], [ 14.564694547215147, 47.063495714180156 ], [ 14.564949666397805, 47.063258528484411 ], [ 14.56611990803758, 47.062170382079877 ], [ 14.566147106933881, 47.062145070094978 ], [ 14.566848325459416, 47.061117885113717 ], [ 14.567013281375422, 47.060713483231247 ], [ 14.567465274978781, 47.060058314508126 ], [ 14.5680939875382, 47.059460167071457 ], [ 14.568137533344983, 47.059418748902537 ], [ 14.568250870602148, 47.059099945621092 ], [ 14.568353207700019, 47.058812128037324 ], [ 14.568664616946842, 47.058120956190933 ], [ 14.569261964822333, 47.057404536953619 ], [ 14.569207707185571, 47.057098893615091 ], [ 14.569071455713342, 47.056625322003875 ], [ 14.568653732964925, 47.056108645550935 ], [ 14.568429208111368, 47.055202464614901 ], [ 14.568535481537792, 47.054767291588767 ], [ 14.568440873639195, 47.054600309926876 ], [ 14.568031429802991, 47.053878186011993 ], [ 14.567882403017244, 47.053330060865662 ], [ 14.568106941055559, 47.052873355836418 ], [ 14.567995409289184, 47.052521989826573 ], [ 14.567921951402068, 47.051497810607316 ], [ 14.568752679641918, 47.05048747228669 ], [ 14.569257132592387, 47.050093953366513 ], [ 14.56952247972419, 47.049886881517644 ], [ 14.570047850410575, 47.049414030831542 ], [ 14.571778256108681, 47.047856458382356 ], [ 14.572024290729809, 47.047635102647121 ], [ 14.573341877505888, 47.046816947444846 ], [ 14.576976948625269, 47.046321964869719 ], [ 14.575697242645141, 47.045526689048081 ], [ 14.574180587752602, 47.044584064757011 ], [ 14.57441131798303, 47.042312372836037 ], [ 14.575229063879627, 47.041034137331422 ], [ 14.576754722056062, 47.03864910932564 ], [ 14.577043992438362, 47.038196985796851 ], [ 14.578067670903216, 47.036505761833808 ], [ 14.579676947326387, 47.033847287001457 ], [ 14.57988107010431, 47.033509926474942 ], [ 14.579960582473046, 47.033405098091222 ], [ 14.579952462668448, 47.033404026329748 ], [ 14.580037875988053, 47.033207451823479 ], [ 14.580289600460329, 47.032627937251611 ], [ 14.580590914281805, 47.031980682423942 ], [ 14.580840576314193, 47.031240476825637 ], [ 14.580977945675162, 47.030942002728395 ], [ 14.58102610662962, 47.030045267996513 ], [ 14.581349232441905, 47.029351588632345 ], [ 14.581817149045708, 47.028849524521355 ], [ 14.582215666985247, 47.028312495546778 ], [ 14.582519909562176, 47.027902577275704 ], [ 14.582829635695784, 47.027485398647869 ], [ 14.582849663795567, 47.027458451431428 ], [ 14.583044069240733, 47.027196602827246 ], [ 14.584041766197192, 47.026319201890686 ], [ 14.585707732020708, 47.025526934897499 ], [ 14.586661168810483, 47.025202984516888 ], [ 14.58688502849696, 47.025086227301671 ], [ 14.587154129529758, 47.024589213858384 ], [ 14.587093863699021, 47.023535830161528 ], [ 14.586803318239252, 47.0229176583452 ], [ 14.586509312272016, 47.022291964899978 ], [ 14.585584841476905, 47.021352950581971 ], [ 14.585142352734428, 47.020461711627675 ], [ 14.584899772599559, 47.020302673689947 ], [ 14.584753145917093, 47.020111171642966 ], [ 14.584532470085588, 47.019295417257652 ], [ 14.58453936142732, 47.019085215552984 ], [ 14.584567940951841, 47.018449483909578 ], [ 14.58456953453568, 47.018444516922898 ], [ 14.584578953887323, 47.018414266620347 ], [ 14.5846067861481, 47.018373032694164 ], [ 14.584115810227404, 47.018064017268792 ], [ 14.582751572930794, 47.017205657837479 ], [ 14.582751520523937, 47.017205667413009 ], [ 14.58275536813499, 47.017156670740491 ], [ 14.583004077551113, 47.013963982601311 ], [ 14.583124270383628, 47.01242329749315 ], [ 14.582319998239894, 47.012479480828922 ], [ 14.581879903240234, 47.012507537764478 ], [ 14.581733950166381, 47.012516881503309 ], [ 14.581001814289573, 47.012563533431539 ], [ 14.580554339276636, 47.012591126363674 ], [ 14.580180699824936, 47.012614217277708 ], [ 14.580099798920925, 47.012620414911709 ], [ 14.57978538567577, 47.012644384076701 ], [ 14.579725367077629, 47.012649002386361 ], [ 14.579630018325984, 47.012656258156227 ], [ 14.579593928517008, 47.01266016382791 ], [ 14.579426780602086, 47.012669017281283 ], [ 14.579268040324363, 47.01267732829389 ], [ 14.579227175124091, 47.012679576441741 ], [ 14.579184209579159, 47.012682027596945 ], [ 14.579146238143116, 47.012684243967918 ], [ 14.579095259499855, 47.012687232946249 ], [ 14.577636287020157, 47.012889237215667 ], [ 14.577116693148573, 47.012961161688871 ], [ 14.576969679578864, 47.012981489618618 ], [ 14.576859763235502, 47.0130015911082 ], [ 14.57642035799762, 47.013081903156667 ], [ 14.575975721416015, 47.013242361377067 ], [ 14.5759540631215, 47.013250157491498 ], [ 14.575639040202368, 47.013282040864802 ], [ 14.575307873644276, 47.01331562974211 ], [ 14.57510753213557, 47.01328920400703 ], [ 14.574531685139327, 47.013347063409491 ], [ 14.574444869951169, 47.013342342926002 ], [ 14.574420894519188, 47.013341075134655 ], [ 14.574394641448475, 47.01335495045835 ], [ 14.574316654562789, 47.013395848036545 ], [ 14.574199011794505, 47.013406312504898 ], [ 14.574185883313003, 47.013407535832521 ], [ 14.574115059617597, 47.013321379884978 ], [ 14.573676247893351, 47.013320324304942 ], [ 14.573649274450155, 47.013320258959276 ], [ 14.573471054793613, 47.013277660595477 ], [ 14.573462365522019, 47.013266146849936 ], [ 14.573410236271743, 47.01319733426228 ], [ 14.573261993730606, 47.013176365641527 ], [ 14.572990901384872, 47.013196423313339 ], [ 14.572924964529459, 47.013201192612343 ], [ 14.572831885807915, 47.013311455768893 ], [ 14.572787385798623, 47.013321480356275 ], [ 14.572606247596239, 47.013362422681389 ], [ 14.572439624092006, 47.013331844729279 ], [ 14.57236338110611, 47.013317828377538 ], [ 14.57224900088579, 47.013304588010904 ], [ 14.572126839074652, 47.01329053252357 ], [ 14.572114620210723, 47.013285626408738 ], [ 14.571985261592008, 47.013233763735734 ], [ 14.571865733410126, 47.013185933215546 ], [ 14.571591657050499, 47.013145727187116 ], [ 14.571346956634278, 47.013095751363593 ], [ 14.571266976752023, 47.013079435297861 ], [ 14.571226541102638, 47.013060618359169 ], [ 14.570970500153313, 47.012941743490479 ], [ 14.570518272577175, 47.012731686632712 ], [ 14.570458744055522, 47.012740434209199 ], [ 14.570409612798203, 47.012692825125249 ], [ 14.570048345531054, 47.012721957144883 ], [ 14.569915575649999, 47.012715573935637 ], [ 14.569592740635152, 47.012700101210697 ], [ 14.569205879801304, 47.012765864871128 ], [ 14.569046128118238, 47.012792980362981 ], [ 14.569033683040074, 47.012767018873156 ], [ 14.568961249101337, 47.012775276167972 ], [ 14.568856140196502, 47.012787218533738 ], [ 14.568671079556671, 47.012823607791354 ], [ 14.568370307377869, 47.012823369744943 ], [ 14.568209263760647, 47.012823231333748 ], [ 14.567988387751958, 47.012875397114044 ], [ 14.567483396401201, 47.012874137276043 ], [ 14.567155772592164, 47.01303202910178 ], [ 14.567026000633433, 47.013035778731336 ], [ 14.566858164537241, 47.013037781944952 ], [ 14.566580094635981, 47.013023704155287 ], [ 14.566522970279694, 47.013017035377494 ], [ 14.566334443302305, 47.012994875406449 ], [ 14.56624716381379, 47.012981424751317 ], [ 14.566075640737608, 47.012954940231431 ], [ 14.565906811112098, 47.012942464550143 ], [ 14.565788328514664, 47.01293376169734 ], [ 14.565749070151931, 47.012942916725251 ], [ 14.565637836311657, 47.012968780925149 ], [ 14.565441251415207, 47.013041645621009 ], [ 14.565323780948608, 47.013053898804678 ], [ 14.565267474945205, 47.013059819018849 ], [ 14.565219253253485, 47.013062591870835 ], [ 14.565027940701373, 47.013073486020488 ], [ 14.56473816065685, 47.013042342785134 ], [ 14.564581132163303, 47.013084900589803 ], [ 14.564419062195814, 47.013097276434024 ], [ 14.564263032409633, 47.013109136626994 ], [ 14.563857806129805, 47.013109478871762 ], [ 14.56375519617351, 47.013178262631378 ], [ 14.56361514684437, 47.013272288948826 ], [ 14.56334658294924, 47.013253960748109 ], [ 14.56310534263533, 47.013176932999478 ], [ 14.562823859575539, 47.013191589549201 ], [ 14.562757010733083, 47.013208151401386 ], [ 14.562614938280589, 47.013243255417876 ], [ 14.562557639461199, 47.013257464040592 ], [ 14.562501943924209, 47.013244298552372 ], [ 14.562372825007918, 47.013213749890909 ], [ 14.562244584080672, 47.013226836359948 ], [ 14.561951853852628, 47.013153423016249 ], [ 14.5618626592629, 47.013131080788625 ], [ 14.561810468604532, 47.013104468652983 ], [ 14.561696235173272, 47.013046221496552 ], [ 14.561258773142558, 47.012972482085559 ], [ 14.560932040199882, 47.012902133492013 ], [ 14.560897472101926, 47.012915015678018 ], [ 14.560840615962503, 47.012948386349201 ], [ 14.560677484035796, 47.012948979744429 ], [ 14.56048391162561, 47.012981668047189 ], [ 14.560187546725066, 47.013012766929627 ], [ 14.56018313330501, 47.013009664989099 ], [ 14.560066127674187, 47.012928138964135 ], [ 14.55989103706681, 47.012923641042754 ], [ 14.559723329830053, 47.012948309599544 ], [ 14.559554011633715, 47.01291459232305 ], [ 14.559480653981716, 47.01289999627727 ], [ 14.559123090263343, 47.012907456082885 ], [ 14.559022095403229, 47.012909626084024 ], [ 14.558810918301912, 47.012949160739652 ], [ 14.558289785030521, 47.013046662344387 ], [ 14.557964220041434, 47.013249409733625 ], [ 14.557813077645099, 47.013370635147531 ], [ 14.557827906657371, 47.013431757860175 ], [ 14.557455758381803, 47.013737143711992 ], [ 14.55745457827164, 47.013828675390585 ], [ 14.557187995239593, 47.013982010544645 ], [ 14.557178020049285, 47.014063018281725 ], [ 14.557176922286462, 47.014072478971642 ], [ 14.556928585560769, 47.014046988426443 ], [ 14.556834409901422, 47.014059701699857 ], [ 14.556759253496235, 47.014069870278433 ], [ 14.556754925137698, 47.014070456843918 ], [ 14.556608636061881, 47.014076982165378 ], [ 14.55652688087657, 47.014080562476089 ], [ 14.556416155002779, 47.014054488376722 ], [ 14.55578448443322, 47.014077577933257 ], [ 14.555715547572179, 47.014077870054031 ], [ 14.555375335586891, 47.014079281903307 ], [ 14.554934697402274, 47.013998983120352 ], [ 14.554880023395713, 47.013978693780444 ], [ 14.554552122112625, 47.013857405607666 ], [ 14.554445964737612, 47.013818232056288 ], [ 14.554228008050021, 47.013660394968269 ], [ 14.554199775887099, 47.013639911013932 ], [ 14.553982620224343, 47.013482514803783 ], [ 14.553883369752368, 47.013474762673567 ], [ 14.553839476751623, 47.013471274913066 ], [ 14.55370979583703, 47.013398877574097 ], [ 14.553489665821939, 47.013335281023132 ], [ 14.553387069279482, 47.013256293072729 ], [ 14.553168366081795, 47.013065706008568 ], [ 14.553141159314418, 47.01307265744876 ], [ 14.552981307535619, 47.013112979718848 ], [ 14.552951425303371, 47.013106551478039 ], [ 14.552775973473631, 47.013069110475122 ], [ 14.552538403196563, 47.013007949113792 ], [ 14.552471664188813, 47.012943423565623 ], [ 14.552148463746962, 47.012831526962216 ], [ 14.552092928910298, 47.012727735708538 ], [ 14.551919182956052, 47.012626922806739 ], [ 14.551910828108662, 47.012624042823859 ], [ 14.551774228003616, 47.012576734527038 ], [ 14.551602403470358, 47.012530973827317 ], [ 14.551298198672493, 47.012530097503522 ], [ 14.551068423751907, 47.012493146539384 ], [ 14.550753723153667, 47.012493551168966 ], [ 14.55062571245255, 47.012493753612283 ], [ 14.55034084342644, 47.012458201660294 ], [ 14.55021982470959, 47.012424762810809 ], [ 14.550167920832822, 47.012410380828925 ], [ 14.54986833252288, 47.012404231852891 ], [ 14.549562264964644, 47.012373674473956 ], [ 14.549347226168702, 47.012342411504093 ], [ 14.549084822033198, 47.012345581088624 ], [ 14.548980333080982, 47.012379005757737 ], [ 14.548765703023046, 47.012331089352273 ], [ 14.548546829642815, 47.012362228282349 ], [ 14.548479754475965, 47.012346028129507 ], [ 14.548188575238955, 47.012276072550122 ], [ 14.548050245795404, 47.012279532102752 ], [ 14.547927299747149, 47.012282556981248 ], [ 14.547849550276027, 47.012282848623165 ], [ 14.547814950424701, 47.012282948704637 ], [ 14.547684185461135, 47.012375595965288 ], [ 14.547532070185676, 47.012466671579226 ], [ 14.547319517870198, 47.012555693434059 ], [ 14.547277812974652, 47.012573057197727 ], [ 14.547196661706932, 47.012585713241165 ], [ 14.547004070901259, 47.012615578350577 ], [ 14.546859771940063, 47.012709089195823 ], [ 14.546782208827656, 47.012723326396312 ], [ 14.546682633917689, 47.012741578274664 ], [ 14.546447822265648, 47.012881500082123 ], [ 14.546459881812183, 47.012960201567225 ], [ 14.546313910142649, 47.013043920772724 ], [ 14.546277287157134, 47.013064919424998 ], [ 14.546139231012493, 47.0132014673474 ], [ 14.545890069049873, 47.013289257653234 ], [ 14.545919208945653, 47.013384244780582 ], [ 14.54577495874827, 47.013508889852609 ], [ 14.54547068196865, 47.013533915444405 ], [ 14.54545554810614, 47.013637564246046 ], [ 14.545309181015632, 47.013634896978239 ], [ 14.545193877506355, 47.013632797917786 ], [ 14.545084666812661, 47.013603637051112 ], [ 14.545078577062341, 47.013601992242968 ], [ 14.544951687392061, 47.013726450993936 ], [ 14.544701035225062, 47.013760621152507 ], [ 14.544626258677548, 47.013735591968803 ], [ 14.544557049895346, 47.013712393118233 ], [ 14.544389580521262, 47.013805607943972 ], [ 14.544375545118319, 47.0138017081225 ], [ 14.544274237101924, 47.013772912145299 ], [ 14.543741119524347, 47.013906020043827 ], [ 14.543727383770973, 47.013909496037805 ], [ 14.543521540413376, 47.013866155479015 ], [ 14.543457591240003, 47.013877455644177 ], [ 14.543325105339129, 47.013900824657561 ], [ 14.543201667181696, 47.013859305125195 ], [ 14.543142003419023, 47.013839243324249 ], [ 14.542985779005805, 47.013860165170215 ], [ 14.542839330589604, 47.013946404591401 ], [ 14.542746701535131, 47.013957829835796 ], [ 14.542735023222031, 47.013959214053159 ], [ 14.542513023220154, 47.013922792904118 ], [ 14.542271311777876, 47.013598346830399 ], [ 14.542015580536951, 47.013536547007014 ], [ 14.541906413115028, 47.013439801010755 ], [ 14.5418920458718, 47.013427085508724 ], [ 14.541844349490955, 47.013400956407573 ], [ 14.541630910427003, 47.013283812443476 ], [ 14.541538184927925, 47.013221536866546 ], [ 14.541409246332574, 47.013134719557627 ], [ 14.541261375413644, 47.013141061974871 ], [ 14.541105616316656, 47.013147668073444 ], [ 14.541076435505722, 47.013148878316152 ], [ 14.540841480646719, 47.013138508514515 ], [ 14.540559376274544, 47.013126029802322 ], [ 14.540003075459778, 47.013188545380139 ], [ 14.539825908669746, 47.013208425575961 ], [ 14.539667015370341, 47.013331958475391 ], [ 14.539496576398621, 47.013341058012138 ], [ 14.53939328985253, 47.013346654462076 ], [ 14.539263817885658, 47.013346319667022 ], [ 14.539122108823731, 47.013345934683194 ], [ 14.53903215641731, 47.013312963997606 ], [ 14.538969268517622, 47.013289874640677 ], [ 14.538932634544564, 47.013281534657814 ], [ 14.538797470198981, 47.013250663572386 ], [ 14.538641834990171, 47.013262754288142 ], [ 14.538597442647376, 47.013266195088967 ], [ 14.538302800901771, 47.01322882695213 ], [ 14.53813207723722, 47.013033922868736 ], [ 14.538116436147417, 47.012814156200342 ], [ 14.538125690101646, 47.012769693545202 ], [ 14.53808760347534, 47.012749490186124 ], [ 14.537881731039782, 47.012640627973262 ], [ 14.537863621827176, 47.012631101274252 ], [ 14.537652390231059, 47.012628212302516 ], [ 14.537618487596616, 47.012635860939625 ], [ 14.537458138985089, 47.012672117029851 ], [ 14.537225230692108, 47.012780953208996 ], [ 14.537130308283592, 47.012784029240144 ], [ 14.536929157413704, 47.012790570863771 ], [ 14.536882055273633, 47.012778921604749 ], [ 14.536639528627539, 47.012718769611418 ], [ 14.53656188961658, 47.01271815246259 ], [ 14.53632213474501, 47.012716463124555 ], [ 14.536157231338507, 47.01266781622985 ], [ 14.536110576180716, 47.012652652357765 ], [ 14.535889370353757, 47.012581114344329 ], [ 14.535477967987822, 47.012523378062568 ], [ 14.534949340164404, 47.012645958384262 ], [ 14.534623826767039, 47.012633654337087 ], [ 14.534297889226824, 47.012556022029379 ], [ 14.53412810747103, 47.012565016589484 ], [ 14.533752539509852, 47.012585005354374 ], [ 14.533346466735534, 47.012623312979578 ], [ 14.53327557134361, 47.012630001397532 ], [ 14.532932211072259, 47.01253815110276 ], [ 14.53284930079383, 47.012490523014456 ], [ 14.532773190391996, 47.012446872535378 ], [ 14.532633481770281, 47.012430080411335 ], [ 14.532582556678916, 47.01242386907969 ], [ 14.532346215747378, 47.012404317551294 ], [ 14.532019347235073, 47.01237267280424 ], [ 14.531809546706631, 47.01241565210443 ], [ 14.531686474779544, 47.012337310955488 ], [ 14.531606344403254, 47.012354534475961 ], [ 14.531442159745971, 47.012390012621296 ], [ 14.531259056845421, 47.012333361722135 ], [ 14.530973355534696, 47.012411965750474 ], [ 14.530968033261379, 47.012409322222346 ], [ 14.530923057030822, 47.012386849448923 ], [ 14.530897775247091, 47.012374247693302 ], [ 14.530683881787615, 47.012323229917207 ], [ 14.530530180459577, 47.012298483777151 ], [ 14.530312055552439, 47.012228972255791 ], [ 14.530187608275975, 47.012264659631711 ], [ 14.530129277766978, 47.012332675905299 ], [ 14.529981081582269, 47.012453022695986 ], [ 14.529971700172071, 47.012457081056333 ], [ 14.52996805162033, 47.012458649311007 ], [ 14.529921274054503, 47.012478849746216 ], [ 14.529881386801446, 47.012495378012908 ], [ 14.529877317293844, 47.0124957808478 ], [ 14.529862358674619, 47.012497558260804 ], [ 14.529750288377503, 47.012510347605797 ], [ 14.529730734096123, 47.012512533374995 ], [ 14.529606062565829, 47.012444825515175 ], [ 14.529251188782748, 47.012431465565733 ], [ 14.529026338964634, 47.012256015801924 ], [ 14.528864896243194, 47.012232158829484 ], [ 14.528646489659945, 47.012050611261934 ], [ 14.52851391574894, 47.011853761746366 ], [ 14.528250741815514, 47.011734866754352 ], [ 14.52816370877497, 47.011725973791762 ], [ 14.527981734555761, 47.01170755095572 ], [ 14.527949992443178, 47.011694296610976 ], [ 14.527715176986041, 47.011596069406103 ], [ 14.527536683993775, 47.011574459646255 ], [ 14.527502912275857, 47.011570405360821 ], [ 14.527482569216344, 47.0115609005219 ], [ 14.527421402481348, 47.01153211746432 ], [ 14.527083997218273, 47.011505428787125 ], [ 14.527053817414876, 47.011503136380696 ], [ 14.526992056951068, 47.011436204170948 ], [ 14.526883126852839, 47.011290037833938 ], [ 14.526683080626238, 47.011111263238107 ], [ 14.526684541860336, 47.011035747451892 ], [ 14.526620024269826, 47.010969024001881 ], [ 14.526354539461259, 47.010694108777031 ], [ 14.52632457462037, 47.010636920884885 ], [ 14.526262058777744, 47.010583134566794 ], [ 14.526198606183121, 47.01052863814742 ], [ 14.526194897050523, 47.010527507260036 ], [ 14.525846020392205, 47.010429034609032 ], [ 14.525441189669129, 47.01025834758218 ], [ 14.525227623502177, 47.010244751483768 ], [ 14.525065698717437, 47.010122806715401 ], [ 14.524931463466691, 47.010085700337825 ], [ 14.524655714999659, 47.010009583721143 ], [ 14.524541865859279, 47.009936987492075 ], [ 14.524526798852072, 47.009933905963251 ], [ 14.524371909843065, 47.00990268487574 ], [ 14.524194670189035, 47.009936669716716 ], [ 14.523889127309369, 47.009857714122333 ], [ 14.523618270170259, 47.009876481642017 ], [ 14.523511627219788, 47.00993168257483 ], [ 14.523432766343584, 47.009929179545267 ], [ 14.523252530866499, 47.009923419374879 ], [ 14.523245561255168, 47.009929431653468 ], [ 14.523153658999114, 47.010008414725178 ], [ 14.522970390750551, 47.009873102399517 ], [ 14.522938275954509, 47.009866599722628 ], [ 14.52280942226041, 47.009840593057682 ], [ 14.522236827278126, 47.009885644707161 ], [ 14.522201109585509, 47.009870990590727 ], [ 14.522180529224386, 47.009862567165406 ], [ 14.522056513024641, 47.00981167217325 ], [ 14.521891686991404, 47.009841923914145 ], [ 14.52168404829766, 47.009975570323157 ], [ 14.521674183556421, 47.009975673560362 ], [ 14.521628809770849, 47.009976328375402 ], [ 14.521586853749033, 47.009976857418785 ], [ 14.521548845635298, 47.009977435123844 ], [ 14.521540164662474, 47.009977525962299 ], [ 14.521523591896091, 47.009977699379341 ] ] ] } }
]
}
