category,name,slug,prefix,roundness,rectangularity,mobile_fit
europe_lau,Unín,unin,un,37.42,50.38,84.22
europe_lau,Unterweißenbach,unterweissenbach,un,45.2,58.92,67.26
europe_lau,Unterweitersdorf,unterweitersdorf,un,53.94,60.98,67.48
europe_lau,Unkovice,unkovice,un,33.87,75.35,-106.23
europe_lau,Unčín,uncin,un,50.91,57.73,68.77
europe_lau,Únanov,unanov,un,67.2,70.69,47.11
europe_lau,Ungenach,ungenach,un,56.79,64.46,46.64
europe_lau,Unterach am Attersee,unterach_am_attersee,un,40.25,54.16,4.59
europe_lau,"Unna, Stadt",unna_stadt,un,49.52,67.11,6.86
europe_lau,Unternberg,unternberg,un,52.36,68.96,12.71
europe_lau,Undeloh,undeloh,un,47.23,67.36,23.85
europe_lau,Untertauern,untertauern,un,50.04,63.18,85.55
europe_lau,Unken,unken,un,40.03,58.17,-20.89
europe_lau,Unnau,unnau,un,33.68,47.92,6.78
europe_lau,Unzenberg,unzenberg,un,54.27,57.75,73.49
europe_lau,Unkenbach,unkenbach,un,59.51,74.47,84.58
europe_lau,Unzmarkt-Frauenburg,unzmarkt_frauenburg,un,52.2,68.12,44.38
europe_lau,Untershausen,untershausen,un,45.71,57.65,23.97
europe_lau,Unterensingen,unterensingen,un,52.52,67.65,10.69
europe_lau,Unterjeckenbach,unterjeckenbach,un,43.04,60.25,-5.95
europe_lau,Untereisesheim,untereisesheim,un,39.48,66.04,-15.77
europe_lau,Untergruppenbach,untergruppenbach,un,38.44,62.71,-50.68
europe_lau,Undenheim,undenheim,un,66.53,72.73,26.83
europe_lau,Unterreichenbach,unterreichenbach,un,24.45,28.83,39.25
europe_lau,Unterkirnach,unterkirnach,un,40.02,56.21,70.34
europe_lau,Untermünkheim,untermunkheim,un,60.4,66.15,54.38
europe_lau,Unterlamm,unterlamm,un,30.77,60.21,49.72
europe_lau,Unterschneidheim,unterschneidheim,un,48.74,62.54,0.28
europe_lau,Unterdietfurt,unterdietfurt,un,39.61,61.31,94.55
europe_lau,Untermarchtal,untermarchtal,un,44.11,65.97,92.45
europe_lau,Unterstadion,unterstadion,un,42.65,64.37,-11.75
europe_lau,Unterwachingen,unterwachingen,un,49.56,79.2,57.59
europe_lau,Unterperfuss,unterperfuss,un,45.98,65.97,92.06
europe_lau,Unterammergau,unterammergau,un,41.67,61.68,35.77
europe_lau,Unterdießen,unterdiessen,un,37.27,67.77,26.73
europe_lau,Unlingen,unlingen,un,54.99,56.35,33.82
europe_lau,Unterwaldhausen,unterwaldhausen,un,41.6,50.89,76.26
europe_lau,Unterneukirchen,unterneukirchen,un,66.73,72.46,55.11
europe_lau,Unterwössen,unterwossen,un,51.83,71.45,27.09
europe_lau,"Untergriesbach, M",untergriesbach_m,un,40.89,49.85,62.53
europe_lau,Unterföhring,unterfohring,un,59.37,70.38,26.72
europe_lau,Unterhaching,unterhaching,un,48.85,69.08,37.23
europe_lau,"Unterschleißheim, St",unterschleissheim_st,un,48.28,56.4,35.83
europe_lau,Untermeitingen,untermeitingen,un,39.39,68.63,-51.14
europe_lau,Ungerhausen,ungerhausen,un,47.26,59.66,82.09
europe_lau,Unteregg,unteregg,un,45.75,63.01,45.51
europe_lau,Ungerhauser Wald,ungerhauser_wald,un,24.32,59.25,79.43
europe_lau,Unterroth,unterroth,un,39.91,59.18,11.63
europe_lau,Unterroggenburger Wald,unterroggenburger_wald,un,50.03,57.73,70.72
europe_lau,Untermaßfeld,untermassfeld,un,57.46,73.26,70.3
europe_lau,"Unterthingau, M",unterthingau_m,un,38.44,50.86,88.27
europe_lau,Untrasried,untrasried,un,37.66,57.38,93.88
europe_lau,Unterweißbach,unterweissbach,un,43.49,61.64,76.25
europe_lau,Unterwellenborn,unterwellenborn,un,42.84,61.1,51.09
europe_lau,Unterspreewald,unterspreewald,un,42.78,51.77,87.52
europe_lau,Unterkohlstätten,unterkohlstatten,un,48.69,66.78,68.63
europe_lau,Unterbodnitz,unterbodnitz,un,54.12,61.32,30.69
europe_lau,Unterwart,unterwart,un,28.72,59.45,51.46
europe_lau,Unterrabnitz-Schwendgraben,unterrabnitz_schwendgraben,un,46.92,71.62,71.73
europe_lau,Untertilliach,untertilliach,un,39.66,65.25,87.7
europe_lau,Unterbreizbach,unterbreizbach,un,51.97,63.98,77.76
europe_lau,Unstruttal,unstruttal,un,59.87,63.65,64.2
europe_lau,Unstrut-Hainich,unstrut_hainich,un,31.78,68.83,52.53
europe_lau,Uña,una,un,26.84,47.03,25.72
europe_lau,Unterengstringen,unterengstringen,un,20.45,52.03,-22.24
europe_lau,Untersiemau,untersiemau,un,49.25,61.41,42.02
europe_lau,Unterleinleiter,unterleinleiter,un,53.73,69.28,34.48
europe_lau,Unterpleichfeld,unterpleichfeld,un,38.03,57.39,34.42
europe_lau,Untersteinach,untersteinach,un,38.85,50.45,17.74
europe_lau,Unterfrauenhaid,unterfrauenhaid,un,40.3,60.71,92.29
europe_lau,Unterschwaningen,unterschwaningen,un,41.69,60.98,53.57
europe_lau,Unterer Wald,unterer_wald,un,44.86,81.3,-32.65
europe_lau,Unsleben,unsleben,un,34.07,67.59,-31.5
europe_lau,Untermerzbach,untermerzbach,un,40.71,53.16,92.18
europe_lau,Untervaz,untervaz,un,53.74,69.54,44.02
europe_lau,Uncastillo,uncastillo,un,42.16,59.73,39.43
europe_lau,Undués de Lerda,undues_de_lerda,un,52.92,67.45,51.9
europe_lau,Unac,unac,un,37.5,49.1,69.01
europe_lau,Unzent,unzent,un,43.06,66,95.47
europe_lau,Unterramsern,unterramsern,un,54.13,91.2,26.49
europe_lau,Untersiggenthal,untersiggenthal,un,56.32,69.22,54.36
europe_lau,Uncey-le-Franc,uncey_le_franc,un,32.68,46.71,30.21
europe_lau,Unterentfelden,unterentfelden,un,45.71,62.24,6.6
europe_lau,Untereggen,untereggen,un,46.69,72.39,13.31
europe_lau,Unterlangenegg,unterlangenegg,un,49.12,65.45,15.02
europe_lau,Unciti,unciti,un,50.5,61.08,47.68
europe_lau,Unzué,unzue,un,21.08,64.6,29.13
europe_lau,Uña de Quintana,una_de_quintana,un,40.31,64.43,73.28
europe_lau,Unteriberg,unteriberg,un,49.07,57.1,42.99
europe_lau,Unterlunkhofen,unterlunkhofen,un,26.27,38.73,6.59
europe_lau,"Unión de Campos, La",union_de_campos_la,un,64.46,70.12,46.01
europe_lau,Unterschächen,unterschachen,un,48.48,65.67,65.87
europe_lau,Unterseen,unterseen,un,33.49,62.32,57.63
europe_lau,Unienville,unienville,un,59.48,73.9,60.73
europe_lau,"Unión, La",union_la,un,35.4,64.5,58.22
europe_lau,Unchair,unchair,un,61,70.77,84.76
europe_lau,Unias,unias,un,52.72,61.51,62.18
europe_lau,Unieux,unieux,un,43.98,53.68,20.62
europe_lau,Untersiebenbrunn,untersiebenbrunn,un,35.83,74.34,92.89
europe_lau,Unserfrau-Altweitra,unserfrau_altweitra,un,24.6,50.51,22.38
europe_lau,Unterbäch,unterbach,un,32.56,57.95,98.74
europe_lau,Unverre,unverre,un,41.11,51.78,41.05
europe_lau,Unterkulm,unterkulm,un,58.23,67.05,61.15
europe_lau,Únětice,unetice,un,52.15,61.48,75.94
europe_lau,Unhošť,unhost,un,46.94,58.67,54.34
europe_lau,Únehle,unehle,un,54.69,63.36,71.41
europe_lau,Unterstinkenbrunn,unterstinkenbrunn,un,33.09,74.85,85.21
europe_lau,Únětice,unetice,un,54.3,58.44,71.93
europe_lau,Ungersheim,ungersheim,un,30.48,59.8,92.99
europe_lau,Uničov,unicov,un,46.46,61.82,61.12
europe_lau,Unisław,unislaw,un,45.53,58.73,50.13
europe_lau,Únějovice,unejovice,un,49.93,65.76,58.38
europe_lau,Und,und,un,59.16,76.76,71.19
europe_lau,Úny,uny,un,66.96,79.89,49.56
europe_lau,Unešić,unesic,un,41.74,66.37,-10.76
europe_lau,Unguraş,unguras,un,53.19,59.3,62.19
europe_lau,"União das freguesias de Caldas da Rainha - Nossa Senhora do Pópulo, Coto e São Gregório",uniao_das_freguesias_de_caldas_da_rainha_nossa_senhora_do_populo_coto_e_sao_gregorio,un,17.82,39.95,73.46
europe_lau,União das freguesias de Caldas da Rainha - Santo Onofre e Serra do Bouro,uniao_das_freguesias_de_caldas_da_rainha_santo_onofre_e_serra_do_bouro,un,23.04,43.8,97.99
europe_lau,União das freguesias de Tornada e Salir do Porto,uniao_das_freguesias_de_tornada_e_salir_do_porto,un,37.9,66.96,95.32
europe_lau,União das freguesias de Castanheira de Pêra e Coentral,uniao_das_freguesias_de_castanheira_de_pera_e_coentral,un,32.34,71.95,96.09
europe_lau,União das freguesias de Figueiró dos Vinhos e Bairradas,uniao_das_freguesias_de_figueiro_dos_vinhos_e_bairradas,un,37.95,58.82,99.95
europe_lau,União das freguesias de Barrô e Aguada de Baixo,uniao_das_freguesias_de_barro_e_aguada_de_baixo,un,44.41,61.37,61.45
europe_lau,"União das freguesias de Belazaima do Chão, Castanheira do Vouga e Agadão",uniao_das_freguesias_de_belazaima_do_chao_castanheira_do_vouga_e_agadao,un,52.89,67.37,57.68
europe_lau,União das freguesias de Recardães e Espinhel,uniao_das_freguesias_de_recardaes_e_espinhel,un,61.74,68.25,75.98
europe_lau,União das freguesias de Travassô e Óis da Ribeira,uniao_das_freguesias_de_travasso_e_ois_da_ribeira,un,40.6,52.05,32.26
europe_lau,"União das freguesias de Trofa, Segadães e Lamas do Vouga",uniao_das_freguesias_de_trofa_segadaes_e_lamas_do_vouga,un,39.51,47.9,53.61
europe_lau,União das freguesias do Préstimo e Macieira de Alcoba,uniao_das_freguesias_do_prestimo_e_macieira_de_alcoba,un,34.02,57.62,-41.36
europe_lau,"União das freguesias de Amoreira da Gândara, Paredes do Bairro e Ancas",uniao_das_freguesias_de_amoreira_da_gandara_paredes_do_bairro_e_ancas,un,51.26,71.98,37.08
europe_lau,União das freguesias de Arcos e Mogofores,uniao_das_freguesias_de_arcos_e_mogofores,un,63.12,68.16,38.11
europe_lau,"União das freguesias de Tamengos, Aguim e Óis do Bairro",uniao_das_freguesias_de_tamengos_aguim_e_ois_do_bairro,un,42.74,63.16,-13.21
europe_lau,União das freguesias de Arouca e Burgo,uniao_das_freguesias_de_arouca_e_burgo,un,43.99,64.56,79.11
europe_lau,União das freguesias de Cabreiros e Albergaria da Serra,uniao_das_freguesias_de_cabreiros_e_albergaria_da_serra,un,37.25,57.22,-21.3
europe_lau,União das freguesias de Canelas e Espiunca,uniao_das_freguesias_de_canelas_e_espiunca,un,48.68,70.08,92.88
europe_lau,União das freguesias de Covelo de Paivó e Janarde,uniao_das_freguesias_de_covelo_de_paivo_e_janarde,un,47.16,71.31,85.2
europe_lau,União das freguesias de Glória e Vera Cruz,uniao_das_freguesias_de_gloria_e_vera_cruz,un,48.99,64.66,78.76
europe_lau,"União das freguesias de Raiva, Pedorido e Paraíso",uniao_das_freguesias_de_raiva_pedorido_e_paraiso,un,52.32,58.72,54.34
europe_lau,Unirea,unirea,un,43.58,60.23,-3.74
europe_lau,União das freguesias de Serzedo e Perosinho,uniao_das_freguesias_de_serzedo_e_perosinho,un,56.07,62.63,37.1
europe_lau,União das freguesias de Alvarelhos e Guidões,uniao_das_freguesias_de_alvarelhos_e_guidoes,un,43.82,67.98,93.17
europe_lau,União das freguesias de Bougado (São Martinho e Santiago),uniao_das_freguesias_de_bougado_sao_martinho_e_santiago,un,42.05,61.74,-25.52
europe_lau,União das freguesias de Coronado (São Romão e São Mamede),uniao_das_freguesias_de_coronado_sao_romao_e_sao_mamede,un,58.54,76.96,69.79
europe_lau,União das freguesias de Abrantes (São Vicente e São João) e Alferrarede,uniao_das_freguesias_de_abrantes_sao_vicente_e_sao_joao_e_alferrarede,un,50.33,57.04,80
europe_lau,União das freguesias de Aldeia do Mato e Souto,uniao_das_freguesias_de_aldeia_do_mato_e_souto,un,40.41,62.48,73.28
europe_lau,União das freguesias de Alvega e Concavada,uniao_das_freguesias_de_alvega_e_concavada,un,38.86,61.34,16.13
europe_lau,União das freguesias de São Facundo e Vale das Mós,uniao_das_freguesias_de_sao_facundo_e_vale_das_mos,un,59.76,64.65,42.4
europe_lau,União das freguesias de São Miguel do Rio Torto e Rossio ao Sul do Tejo,uniao_das_freguesias_de_sao_miguel_do_rio_torto_e_rossio_ao_sul_do_tejo,un,65.92,71.38,64.03
europe_lau,União das freguesias de Alcanena e Vila Moreira,uniao_das_freguesias_de_alcanena_e_vila_moreira,un,45.41,54.77,63.19
europe_lau,"União das freguesias de Malhou, Louriceira e Espinheiro",uniao_das_freguesias_de_malhou_louriceira_e_espinheiro,un,34.15,40.02,51.16
europe_lau,União das freguesias do Cartaxo e Vale da Pinta,uniao_das_freguesias_do_cartaxo_e_vale_da_pinta,un,39.13,58.74,71.59
europe_lau,União das freguesias de Ereira e Lapa,uniao_das_freguesias_de_ereira_e_lapa,un,56.45,73.82,31.64
europe_lau,União das freguesias da Chamusca e Pinheiro Grande,uniao_das_freguesias_da_chamusca_e_pinheiro_grande,un,37,54.64,62.13
europe_lau,União das freguesias de Parreira e Chouto,uniao_das_freguesias_de_parreira_e_chouto,un,50.02,71.96,56.09
europe_lau,"União das freguesias de Coruche, Fajarda e Erra",uniao_das_freguesias_de_coruche_fajarda_e_erra,un,42.57,50.8,43.18
europe_lau,União das freguesias de Areias e Pias,uniao_das_freguesias_de_areias_e_pias,un,57.88,68.87,61.49
europe_lau,União das freguesias de Abação e Gémeos,uniao_das_freguesias_de_abacao_e_gemeos,un,48.45,67.95,76.03
europe_lau,"União das freguesias de Airão Santa Maria, Airão São João e Vermil",uniao_das_freguesias_de_airao_santa_maria_airao_sao_joao_e_vermil,un,42.16,57.1,38.9
europe_lau,União das freguesias de Arosa e Castelões,uniao_das_freguesias_de_arosa_e_casteloes,un,27.06,50.54,65.27
europe_lau,União das freguesias de Atães e Rendufe,uniao_das_freguesias_de_ataes_e_rendufe,un,35.44,70.98,98.9
europe_lau,União das freguesias de Briteiros Santo Estêvão e Donim,uniao_das_freguesias_de_briteiros_santo_estevao_e_donim,un,33.85,46.85,83.98
europe_lau,Uňatín,unatin,un,22,52.21,87.31
europe_lau,Unín,unin,un,53.79,73.06,4.09
europe_lau,União das freguesias de Briteiros São Salvador e Briteiros Santa Leocádia,uniao_das_freguesias_de_briteiros_sao_salvador_e_briteiros_santa_leocadia,un,56.92,67.82,52.12
europe_lau,União das freguesias de Candoso São Tiago e Mascotelos,uniao_das_freguesias_de_candoso_sao_tiago_e_mascotelos,un,63.72,74.18,59.02
europe_lau,União das freguesias de Conde e Gandarela,uniao_das_freguesias_de_conde_e_gandarela,un,44.33,66.76,18.29
europe_lau,"União das freguesias de Leitões, Oleiros e Figueiredo",uniao_das_freguesias_de_leitoes_oleiros_e_figueiredo,un,73.55,81.78,62.48
europe_lau,"União das freguesias de Oliveira, São Paio e São Sebastião",uniao_das_freguesias_de_oliveira_sao_paio_e_sao_sebastiao,un,36.73,48.17,37.68
europe_lau,União das freguesias de Prazins Santo Tirso e Corvite,uniao_das_freguesias_de_prazins_santo_tirso_e_corvite,un,45.49,75.24,30.01
europe_lau,União das freguesias de Sande São Lourenço e Balazar,uniao_das_freguesias_de_sande_sao_lourenco_e_balazar,un,32.88,55.35,-13.07
europe_lau,União das freguesias de Sande Vila Nova e Sande São Clemente,uniao_das_freguesias_de_sande_vila_nova_e_sande_sao_clemente,un,34.29,63.48,46.66
europe_lau,União das freguesias de Selho São Lourenço e Gominhães,uniao_das_freguesias_de_selho_sao_lourenco_e_gominhaes,un,44.38,65.35,98.69
europe_lau,União das freguesias de Serzedo e Calvos,uniao_das_freguesias_de_serzedo_e_calvos,un,49.9,67.56,53.48
europe_lau,"União das freguesias de Souto Santa Maria, Souto São Salvador e Gondomar",uniao_das_freguesias_de_souto_santa_maria_souto_sao_salvador_e_gondomar,un,38.2,66.65,67.53
europe_lau,União das freguesias de Tabuadelo e São Faustino,uniao_das_freguesias_de_tabuadelo_e_sao_faustino,un,51.48,62.76,60.13
europe_lau,União das freguesias de Águas Santas e Moure,uniao_das_freguesias_de_aguas_santas_e_moure,un,64.18,71.76,52.12
europe_lau,União das freguesias de Calvos e Frades,uniao_das_freguesias_de_calvos_e_frades,un,45.15,58.63,77.12
europe_lau,União das freguesias de Campos e Louredo,uniao_das_freguesias_de_campos_e_louredo,un,57.07,66.92,32.85
europe_lau,União das freguesias de Esperança e Brunhais,uniao_das_freguesias_de_esperanca_e_brunhais,un,43.6,64.46,13.66
europe_lau,União das freguesias de Fonte Arcada e Oliveira,uniao_das_freguesias_de_fonte_arcada_e_oliveira,un,40.48,55.55,51.04
europe_lau,"União das freguesias de Verim, Friande e Ajude",uniao_das_freguesias_de_verim_friande_e_ajude,un,41.26,69.26,12.32
europe_lau,União das freguesias de Chamoim e Vilar,uniao_das_freguesias_de_chamoim_e_vilar,un,58.28,70.64,29.93
europe_lau,União das freguesias de Chorense e Monte,uniao_das_freguesias_de_chorense_e_monte,un,36.81,62.19,-37.78
europe_lau,União das freguesias de Cibões e Brufe,uniao_das_freguesias_de_ciboes_e_brufe,un,44.05,58.48,27.35
europe_lau,União das freguesias de Colmeias e Memória,uniao_das_freguesias_de_colmeias_e_memoria,un,50.56,64.47,10.99
europe_lau,"União das freguesias de Leiria, Pousos, Barreira e Cortes",uniao_das_freguesias_de_leiria_pousos_barreira_e_cortes,un,58.03,64.74,80.29
europe_lau,União das freguesias de Marrazes e Barosa,uniao_das_freguesias_de_marrazes_e_barosa,un,32.86,63.39,8.32
europe_lau,União das freguesias de Monte Real e Carvide,uniao_das_freguesias_de_monte_real_e_carvide,un,60,68.15,70.07
europe_lau,União das freguesias de Monte Redondo e Carreira,uniao_das_freguesias_de_monte_redondo_e_carreira,un,56.46,62.13,57.23
europe_lau,União das freguesias de Parceiros e Azoia,uniao_das_freguesias_de_parceiros_e_azoia,un,48.8,70.93,93.68
europe_lau,União das freguesias de Santa Catarina da Serra e Chainça,uniao_das_freguesias_de_santa_catarina_da_serra_e_chainca,un,59.68,70.89,61.95
europe_lau,União das freguesias de Santa Eufémia e Boa Vista,uniao_das_freguesias_de_santa_eufemia_e_boa_vista,un,54.96,68.96,90.43
europe_lau,União das freguesias de Souto da Carpalhosa e Ortigosa,uniao_das_freguesias_de_souto_da_carpalhosa_e_ortigosa,un,44.94,68.9,37.97
europe_lau,Ungureni,ungureni,un,53.17,69.3,44.01
europe_lau,Unţeni,unteni,un,26.13,62.04,86.63
europe_lau,"União das freguesias de Guia, Ilha e Mata Mourisca",uniao_das_freguesias_de_guia_ilha_e_mata_mourisca,un,26.14,46.56,-62.73
europe_lau,União das freguesias de Santiago e São Simão de Litém e Albergaria dos Doze,uniao_das_freguesias_de_santiago_e_sao_simao_de_litem_e_albergaria_dos_doze,un,51.42,67.15,49.21
europe_lau,União das freguesias de Alvados e Alcaria,uniao_das_freguesias_de_alvados_e_alcaria,un,63.79,67.45,56.25
europe_lau,União das freguesias de Arrimal e Mendiga,uniao_das_freguesias_de_arrimal_e_mendiga,un,50.56,62.43,52.16
europe_lau,União das freguesias de Abrigada e Cabanas de Torres,uniao_das_freguesias_de_abrigada_e_cabanas_de_torres,un,59.58,67.11,76.38
europe_lau,União das freguesias de Aldeia Galega da Merceana e Aldeia Gavinha,uniao_das_freguesias_de_aldeia_galega_da_merceana_e_aldeia_gavinha,un,32.49,45.28,32.99
europe_lau,União das freguesias de Alenquer (Santo Estêvão e Triana),uniao_das_freguesias_de_alenquer_santo_estevao_e_triana,un,48.68,65.33,43.15
europe_lau,União das freguesias de Carregado e Cadafais,uniao_das_freguesias_de_carregado_e_cadafais,un,30.88,50.62,-47.41
europe_lau,União das freguesias de Ribafria e Pereiro de Palhacana,uniao_das_freguesias_de_ribafria_e_pereiro_de_palhacana,un,41.32,60.83,49.94
europe_lau,Ungra,ungra,un,26.45,42.86,0.68
europe_lau,"União das freguesias de Mação, Penhascoso e Aboboreira",uniao_das_freguesias_de_macao_penhascoso_e_aboboreira,un,57.98,68.15,63.4
europe_lau,União das freguesias de Azambujeira e Malaqueijo,uniao_das_freguesias_de_azambujeira_e_malaqueijo,un,29.57,56.15,45.34
europe_lau,União das freguesias de Marmeleira e Assentiz,uniao_das_freguesias_de_marmeleira_e_assentiz,un,48.88,72.21,-14.32
europe_lau,União das freguesias de Outeiro da Cortiçada e Arruda dos Pisões,uniao_das_freguesias_de_outeiro_da_corticada_e_arruda_dos_pisoes,un,41.48,64.79,48.28
europe_lau,União das freguesias de São João da Ribeira e Ribeira de São João,uniao_das_freguesias_de_sao_joao_da_ribeira_e_ribeira_de_sao_joao,un,53.66,61.13,36.78
europe_lau,União das freguesias de Glória do Ribatejo e Granho,uniao_das_freguesias_de_gloria_do_ribatejo_e_granho,un,46.24,66.91,90.59
europe_lau,União das freguesias de Salvaterra de Magos e Foros de Salvaterra,uniao_das_freguesias_de_salvaterra_de_magos_e_foros_de_salvaterra,un,42.16,63.16,47.03
europe_lau,"União das freguesias de Achete, Azoia de Baixo e Póvoa de Santarém",uniao_das_freguesias_de_achete_azoia_de_baixo_e_povoa_de_santarem,un,41.49,57.64,98.99
europe_lau,União das freguesias de Azoia de Cima e Tremês,uniao_das_freguesias_de_azoia_de_cima_e_tremes,un,49.56,60.67,67.07
europe_lau,União das freguesias de Casével e Vaqueiros,uniao_das_freguesias_de_casevel_e_vaqueiros,un,52.96,61.17,34.68
europe_lau,União das freguesias de Romeira e Várzea,uniao_das_freguesias_de_romeira_e_varzea,un,43.4,65.61,95.23
europe_lau,União de freguesias da cidade de Santarém,uniao_de_freguesias_da_cidade_de_santarem,un,42.58,54.34,70.37
europe_lau,União das freguesias de São Vicente do Paul e Vale de Figueira,uniao_das_freguesias_de_sao_vicente_do_paul_e_vale_de_figueira,un,48.38,60.31,82.43
europe_lau,União das freguesias de Além da Ribeira e Pedreira,uniao_das_freguesias_de_alem_da_ribeira_e_pedreira,un,41.46,72.65,99.7
europe_lau,União das freguesias de Casais e Alviobeira,uniao_das_freguesias_de_casais_e_alviobeira,un,46.17,69.44,86.61
europe_lau,União das freguesias de Madalena e Beselga,uniao_das_freguesias_de_madalena_e_beselga,un,23.83,52.59,66.22
europe_lau,União das freguesias de Serra e Junceira,uniao_das_freguesias_de_serra_e_junceira,un,51.21,64.67,42.21
europe_lau,União das freguesias de Tomar (São João Baptista) e Santa Maria dos Olivais,uniao_das_freguesias_de_tomar_sao_joao_baptista_e_santa_maria_dos_olivais,un,65.91,72.99,56.67
europe_lau,"União das freguesias de Brogueira, Parceiros de Igreja e Alcorochel",uniao_das_freguesias_de_brogueira_parceiros_de_igreja_e_alcorochel,un,48.02,68.28,36.69
europe_lau,União das freguesias de Olaia e Paço,uniao_das_freguesias_de_olaia_e_paco,un,39.46,55.03,90.14
europe_lau,"União das freguesias de Torres Novas (Santa Maria, Salvador e Santiago)",uniao_das_freguesias_de_torres_novas_santa_maria_salvador_e_santiago,un,32.19,41.38,65.39
europe_lau,"União das freguesias de Torres Novas (São Pedro), Lapas e Ribeira Branca",uniao_das_freguesias_de_torres_novas_sao_pedro_lapas_e_ribeira_branca,un,51.32,63.67,48.29
europe_lau,União das freguesias de Anissó e Soutelo,uniao_das_freguesias_de_anisso_e_soutelo,un,47.84,67.69,16.39
europe_lau,União das freguesias de Anjos e Vilar do Chão,uniao_das_freguesias_de_anjos_e_vilar_do_chao,un,47.78,78.45,38.49
europe_lau,União das freguesias de Caniçada e Soengas,uniao_das_freguesias_de_canicada_e_soengas,un,35.06,67.56,9.53
europe_lau,União das freguesias de Ruivães e Campos,uniao_das_freguesias_de_ruivaes_e_campos,un,61.57,74.46,56.02
europe_lau,União das freguesias de Ventosa e Cova,uniao_das_freguesias_de_ventosa_e_cova,un,66.35,76.22,33.13
europe_lau,União das freguesias de Antas e Abade de Vermoim,uniao_das_freguesias_de_antas_e_abade_de_vermoim,un,60.77,70.51,67.33
europe_lau,União das freguesias de Avidos e Lagoa,uniao_das_freguesias_de_avidos_e_lagoa,un,53.76,65.09,73.59
europe_lau,União das freguesias de Carreira e Bente,uniao_das_freguesias_de_carreira_e_bente,un,38.11,57.31,86.77
europe_lau,União das freguesias de Esmeriz e Cabeçudos,uniao_das_freguesias_de_esmeriz_e_cabecudos,un,60.84,73.18,40.39
europe_lau,"União das freguesias de Gondifelos, Cavalões e Outiz",uniao_das_freguesias_de_gondifelos_cavaloes_e_outiz,un,47.54,61.1,-4.07
europe_lau,"União das freguesias de Lemenhe, Mouquim e Jesufrei",uniao_das_freguesias_de_lemenhe_mouquim_e_jesufrei,un,54.29,63.32,54.93
europe_lau,União das freguesias de Ruivães e Novais,uniao_das_freguesias_de_ruivaes_e_novais,un,53.22,66.09,53.91
europe_lau,União das freguesias de Seide,uniao_das_freguesias_de_seide,un,50.58,77.61,-5.65
europe_lau,"União das freguesias de Vale (São Cosme), Telhado e Portela",uniao_das_freguesias_de_vale_sao_cosme_telhado_e_portela,un,65.8,75.25,41.38
europe_lau,União das freguesias de Vila Nova de Famalicão e Calendário,uniao_das_freguesias_de_vila_nova_de_famalicao_e_calendario,un,27.82,47.77,93.2
europe_lau,União das freguesias da Ribeira do Neiva,uniao_das_freguesias_da_ribeira_do_neiva,un,55.61,69.79,76.96
europe_lau,União das freguesias de Carreiras (São Miguel) e Carreiras (Santiago),uniao_das_freguesias_de_carreiras_sao_miguel_e_carreiras_santiago,un,54.59,67.19,46.23
europe_lau,União das freguesias de Escariz (São Mamede) e Escariz (São Martinho),uniao_das_freguesias_de_escariz_sao_mamede_e_escariz_sao_martinho,un,51.12,80.3,93.25
europe_lau,"União das freguesias de Manique do Intendente, Vila Nova de São Pedro e Maçussa",uniao_das_freguesias_de_manique_do_intendente_vila_nova_de_sao_pedro_e_macussa,un,60.96,66.75,40.22
europe_lau,União das freguesias do Cadaval e Pêro Moniz,uniao_das_freguesias_do_cadaval_e_pero_moniz,un,47.85,71.44,57.4
europe_lau,União das freguesias de Lamas e Cercal,uniao_das_freguesias_de_lamas_e_cercal,un,54.97,65.06,41.96
europe_lau,União das freguesias de Painho e Figueiros,uniao_das_freguesias_de_painho_e_figueiros,un,55.66,69.8,56.11
europe_lau,União das freguesias de Carcavelos e Parede,uniao_das_freguesias_de_carcavelos_e_parede,un,39.36,53.77,28.8
europe_lau,União das freguesias de Cascais e Estoril,uniao_das_freguesias_de_cascais_e_estoril,un,33.96,58.44,-34.45
europe_lau,Unirea,unirea,un,52.83,73.02,64.26
europe_lau,União das freguesias de Moscavide e Portela,uniao_das_freguesias_de_moscavide_e_portela,un,48.53,83.37,38.37
europe_lau,União das freguesias de Sacavém e Prior Velho,uniao_das_freguesias_de_sacavem_e_prior_velho,un,49.24,58.75,39.92
europe_lau,"União das freguesias de Santa Iria de Azoia, São João da Talha e Bobadela",uniao_das_freguesias_de_santa_iria_de_azoia_sao_joao_da_talha_e_bobadela,un,39.62,60.85,99.61
europe_lau,União das freguesias de Santo Antão e São Julião do Tojal,uniao_das_freguesias_de_santo_antao_e_sao_juliao_do_tojal,un,62.83,67.43,42.87
europe_lau,União das freguesias de Santo António dos Cavaleiros e Frielas,uniao_das_freguesias_de_santo_antonio_dos_cavaleiros_e_frielas,un,35.35,50.37,29.6
europe_lau,"União das freguesias de Camarate, Unhos e Apelação",uniao_das_freguesias_de_camarate_unhos_e_apelacao,un,43.93,63.71,91
europe_lau,União das freguesias de Lourinhã e Atalaia,uniao_das_freguesias_de_lourinha_e_atalaia,un,58.09,65.09,56.81
europe_lau,União das freguesias de Miragaia e Marteleira,uniao_das_freguesias_de_miragaia_e_marteleira,un,51.43,74.74,88.74
europe_lau,União das freguesias de São Bartolomeu dos Galegos e Moledo,uniao_das_freguesias_de_sao_bartolomeu_dos_galegos_e_moledo,un,53.34,64.7,54.05
europe_lau,União das freguesias de Azueira e Sobral da Abelheira,uniao_das_freguesias_de_azueira_e_sobral_da_abelheira,un,45.68,60.18,27.64
europe_lau,"União das freguesias de Enxara do Bispo, Gradil e Vila Franca do Rosário",uniao_das_freguesias_de_enxara_do_bispo_gradil_e_vila_franca_do_rosario,un,48.38,71.33,61.92
europe_lau,União das freguesias de Igreja Nova e Cheleiros,uniao_das_freguesias_de_igreja_nova_e_cheleiros,un,42.43,58.24,18.72
europe_lau,União das freguesias de Malveira e São Miguel de Alcainça,uniao_das_freguesias_de_malveira_e_sao_miguel_de_alcainca,un,60.03,72.79,21.06
europe_lau,União das freguesias de Venda do Pinheiro e Santo Estêvão das Galés,uniao_das_freguesias_de_venda_do_pinheiro_e_santo_estevao_das_gales,un,42.64,59.47,87.02
europe_lau,Ungheni,ungheni,un,47.16,59.92,42.68
europe_lau,"União das freguesias de Freixianda, Ribeira do Fárrio e Formigais",uniao_das_freguesias_de_freixianda_ribeira_do_farrio_e_formigais,un,22.55,46.94,98.85
europe_lau,União das freguesias de Gondemaria e Olival,uniao_das_freguesias_de_gondemaria_e_olival,un,45.35,52.48,55.63
europe_lau,União das freguesias de Matas e Cercal,uniao_das_freguesias_de_matas_e_cercal,un,39.03,59.21,98.61
europe_lau,União das freguesias de Rio de Couros e Casal dos Bernardos,uniao_das_freguesias_de_rio_de_couros_e_casal_dos_bernardos,un,33.67,66.81,61.23
europe_lau,União das freguesias de Alcácer do Sal (Santa Maria do Castelo e Santiago) e Santa Susana,uniao_das_freguesias_de_alcacer_do_sal_santa_maria_do_castelo_e_santiago_e_santa_susana,un,53.6,63.55,38.99
europe_lau,"União das freguesias de Almada, Cova da Piedade, Pragal e Cacilhas",uniao_das_freguesias_de_almada_cova_da_piedade_pragal_e_cacilhas,un,51.04,77.11,18.51
europe_lau,União das freguesias de Caparica e Trafaria,uniao_das_freguesias_de_caparica_e_trafaria,un,42.73,52.33,36.32
europe_lau,União das freguesias de Charneca de Caparica e Sobreda,uniao_das_freguesias_de_charneca_de_caparica_e_sobreda,un,23.53,60.12,80.98
europe_lau,União das freguesias de Laranjeiro e Feijó,uniao_das_freguesias_de_laranjeiro_e_feijo,un,46.95,68.07,24.74
europe_lau,"União das freguesias de Alto do Seixalinho, Santo André e Verderena",uniao_das_freguesias_de_alto_do_seixalinho_santo_andre_e_verderena,un,44.01,63.99,67.78
europe_lau,União das freguesias de Barreiro e Lavradio,uniao_das_freguesias_de_barreiro_e_lavradio,un,36.24,41.74,56.64
europe_lau,União das freguesias de Palhais e Coina,uniao_das_freguesias_de_palhais_e_coina,un,41.91,72.44,97.72
europe_lau,União das freguesias de Grândola e Santa Margarida da Serra,uniao_das_freguesias_de_grandola_e_santa_margarida_da_serra,un,44.82,55.53,48.65
europe_lau,União das freguesias de Baixa da Banheira e Vale da Amoreira,uniao_das_freguesias_de_baixa_da_banheira_e_vale_da_amoreira,un,21.55,47.88,89.13
europe_lau,União das freguesias de Gaio-Rosário e Sarilhos Pequenos,uniao_das_freguesias_de_gaio_rosario_e_sarilhos_pequenos,un,60.59,69.09,58.62
europe_lau,União das freguesias de Atalaia e Alto Estanqueiro-Jardia,uniao_das_freguesias_de_atalaia_e_alto_estanqueiro_jardia,un,41.22,70.18,97.64
europe_lau,União das freguesias de Montijo e Afonsoeiro,uniao_das_freguesias_de_montijo_e_afonsoeiro,un,30.12,60.59,-81.45
europe_lau,União das freguesias de Pegões,uniao_das_freguesias_de_pegoes,un,29.22,54.4,-61.53
europe_lau,União das freguesias de Poceirão e Marateca,uniao_das_freguesias_de_poceirao_e_marateca,un,50.57,57.89,72.28
europe_lau,"União das freguesias de Santiago do Cacém, Santa Cruz e São Bartolomeu da Serra",uniao_das_freguesias_de_santiago_do_cacem_santa_cruz_e_sao_bartolomeu_da_serra,un,53.58,59.37,72.38
europe_lau,União das freguesias de São Domingos e Vale de Água,uniao_das_freguesias_de_sao_domingos_e_vale_de_agua,un,54.85,67.1,21.89
europe_lau,"União das freguesias do Seixal, Arrentela e Aldeia de Paio Pires",uniao_das_freguesias_do_seixal_arrentela_e_aldeia_de_paio_pires,un,47.77,71.7,85.46
europe_lau,União das freguesias de Azeitão (São Lourenço e São Simão),uniao_das_freguesias_de_azeitao_sao_lourenco_e_sao_simao,un,44.85,63.54,97.84
europe_lau,"União das freguesias de Setúbal (São Julião, Nossa Senhora da Anunciada e Santa Maria da Graça)",uniao_das_freguesias_de_setubal_sao_juliao_nossa_senhora_da_anunciada_e_santa_maria_da_graca,un,29.76,53.44,55.7
europe_lau,Unirea,unirea,un,28.99,53.07,98.59
europe_lau,Unguriu,unguriu,un,48.81,61.17,79.15
europe_lau,Unirea,unirea,un,50.45,78.94,29.73
europe_lau,Ungureni,ungureni,un,54.92,72.01,82.38
europe_lau,Ungheni,ungheni,un,52.6,64.65,41.76
europe_lau,União das freguesias de Águeda e Borralha,uniao_das_freguesias_de_agueda_e_borralha,un,47.15,60.37,60.98
europe_lau,União das freguesias de Arnoso (Santa Maria e Santa Eulália) e Sezures,uniao_das_freguesias_de_arnoso_santa_maria_e_santa_eulalia_e_sezures,un,32.23,62.83,-74.86
europe_lau,"União das freguesias de Aver-o-Mar, Amorim e Terroso",uniao_das_freguesias_de_aver_o_mar_amorim_e_terroso,un,38.99,61.07,-1.79
europe_lau,União das freguesias de Aguçadoura e Navais,uniao_das_freguesias_de_agucadoura_e_navais,un,56.59,70.65,43.43
europe_lau,"União das freguesias da Póvoa de Varzim, Beiriz e Argivai",uniao_das_freguesias_da_povoa_de_varzim_beiriz_e_argivai,un,45.25,53.89,38.83
europe_lau,"União das freguesias de Areias, Sequeiró, Lama e Palmeira",uniao_das_freguesias_de_areias_sequeiro_lama_e_palmeira,un,32.09,63.17,-73.17
europe_lau,União das freguesias de Carreira e Refojos de Riba de Ave,uniao_das_freguesias_de_carreira_e_refojos_de_riba_de_ave,un,42.87,58.31,18.25
europe_lau,União das freguesias de Lamelas e Guimarei,uniao_das_freguesias_de_lamelas_e_guimarei,un,43.12,64.75,79.67
europe_lau,Únice,unice,un,43.81,63.45,78.19
europe_lau,"União das freguesias de Santo Tirso, Couto (Santa Cristina e São Miguel) e Burgães",uniao_das_freguesias_de_santo_tirso_couto_santa_cristina_e_sao_miguel_e_burgaes,un,45.29,64.35,-1.59
europe_lau,União das freguesias de Campo e Sobrado,uniao_das_freguesias_de_campo_e_sobrado,un,31.03,57.84,87.05
europe_lau,"União das freguesias de Bagunte, Ferreiró, Outeiro Maior e Parada",uniao_das_freguesias_de_bagunte_ferreiro_outeiro_maior_e_parada,un,48.72,57.98,43.51
europe_lau,União das freguesias de Fornelo e Vairão,uniao_das_freguesias_de_fornelo_e_vairao,un,41.13,59.62,16.94
europe_lau,União das freguesias de Malta e Canidelo,uniao_das_freguesias_de_malta_e_canidelo,un,37.25,70.39,41.68
europe_lau,União das freguesias de Retorta e Tougues,uniao_das_freguesias_de_retorta_e_tougues,un,59.57,77.68,34.7
europe_lau,União das freguesias de Rio Mau e Arcos,uniao_das_freguesias_de_rio_mau_e_arcos,un,42.59,60.54,19.83
europe_lau,União das freguesias de Touguinha e Touguinhó,uniao_das_freguesias_de_touguinha_e_touguinho,un,51.8,60.41,82.67
europe_lau,União das freguesias de Vilar e Mosteiró,uniao_das_freguesias_de_vilar_e_mosteiro,un,33.85,60.07,-59.48
europe_lau,União das freguesias de Grijó e Sermonde,uniao_das_freguesias_de_grijo_e_sermonde,un,65.99,67.45,50.81
europe_lau,União das freguesias de Gulpilhares e Valadares,uniao_das_freguesias_de_gulpilhares_e_valadares,un,56.61,70.72,65.36
europe_lau,União das freguesias de Mafamude e Vilar do Paraíso,uniao_das_freguesias_de_mafamude_e_vilar_do_paraiso,un,34.8,57.49,98.02
europe_lau,União das freguesias de Pedroso e Seixezelo,uniao_das_freguesias_de_pedroso_e_seixezelo,un,41.51,57.94,86.79
europe_lau,"União das freguesias de Sandim, Olival, Lever e Crestuma",uniao_das_freguesias_de_sandim_olival_lever_e_crestuma,un,55.45,60.71,55.92
europe_lau,União das freguesias de Santa Marinha e São Pedro da Afurada,uniao_das_freguesias_de_santa_marinha_e_sao_pedro_da_afurada,un,37.84,46.05,25.02
europe_lau,União das freguesias de Alvite e Passos,uniao_das_freguesias_de_alvite_e_passos,un,34.63,45.67,5.6
europe_lau,União das freguesias de Arco de Baúlhe e Vila Nune,uniao_das_freguesias_de_arco_de_baulhe_e_vila_nune,un,41.57,71.92,98.19
europe_lau,União das freguesias de Gondiães e Vilar de Cunhas,uniao_das_freguesias_de_gondiaes_e_vilar_de_cunhas,un,55.62,70.67,73.69
europe_lau,"União das freguesias de Refojos de Basto, Outeiro e Painzela",uniao_das_freguesias_de_refojos_de_basto_outeiro_e_painzela,un,45.47,61.12,-2.9
europe_lau,"União das freguesias de Britelo, Gémeos e Ourilhe",uniao_das_freguesias_de_britelo_gemeos_e_ourilhe,un,37.04,57.36,74.51
europe_lau,União das freguesias de Caçarilhe e Infesta,uniao_das_freguesias_de_cacarilhe_e_infesta,un,50.32,72.65,94
europe_lau,União das freguesias de Canedo de Basto e Corgo,uniao_das_freguesias_de_canedo_de_basto_e_corgo,un,62.22,71.18,52.83
europe_lau,União das freguesias de Carvalho e Basto (Santa Tecla),uniao_das_freguesias_de_carvalho_e_basto_santa_tecla,un,76.89,77.53,45.13
europe_lau,"União das freguesias de Veade, Gagos e Molares",uniao_das_freguesias_de_veade_gagos_e_molares,un,47.45,64.99,37.22
europe_lau,União das freguesias de Apúlia e Fão,uniao_das_freguesias_de_apulia_e_fao,un,26.16,51.52,99.19
europe_lau,União das freguesias de Belinho e Mar,uniao_das_freguesias_de_belinho_e_mar,un,51.79,64.93,52.95
europe_lau,"União das freguesias de Esposende, Marinhas e Gandra",uniao_das_freguesias_de_esposende_marinhas_e_gandra,un,41.21,76.05,88.35
europe_lau,União das freguesias de Ferreirim e Macieira,uniao_das_freguesias_de_ferreirim_e_macieira,un,40.02,63.4,97.38
europe_lau,União das freguesias de Fonte Arcada e Escurquela,uniao_das_freguesias_de_fonte_arcada_e_escurquela,un,39.4,73.17,92.59
europe_lau,União das freguesias de Penso e Freixinho,uniao_das_freguesias_de_penso_e_freixinho,un,52.63,64.03,64.54
europe_lau,União das freguesias de Sernancelhe e Sarzeda,uniao_das_freguesias_de_sernancelhe_e_sarzeda,un,34.73,58.01,89.07
europe_lau,União das freguesias de Barcos e Santa Leocádia,uniao_das_freguesias_de_barcos_e_santa_leocadia,un,40.6,59.8,44.34
europe_lau,União das freguesias de Paradela e Granjinha,uniao_das_freguesias_de_paradela_e_granjinha,un,59.97,63.65,45.96
europe_lau,União das freguesias de Pinheiros e Vale de Figueira,uniao_das_freguesias_de_pinheiros_e_vale_de_figueira,un,43.09,60.55,71.77
europe_lau,União das freguesias de Távora e Pereiro,uniao_das_freguesias_de_tavora_e_pereiro,un,34.92,54.4,-19.41
europe_lau,União das freguesias de Gouviães e Ucanha,uniao_das_freguesias_de_gouviaes_e_ucanha,un,57.22,67.92,57.56
europe_lau,União das freguesias de Granja Nova e Vila Chã da Beira,uniao_das_freguesias_de_granja_nova_e_vila_cha_da_beira,un,34.14,51.84,12.36
europe_lau,União das freguesias de Tarouca e Dálvares,uniao_das_freguesias_de_tarouca_e_dalvares,un,39.65,48,72.99
europe_lau,União das freguesias de Barreiro de Besteiros e Tourigo,uniao_das_freguesias_de_barreiro_de_besteiros_e_tourigo,un,48.17,54.13,64.92
europe_lau,União das freguesias de Caparrosa e Silvares,uniao_das_freguesias_de_caparrosa_e_silvares,un,59.63,68.5,24.55
europe_lau,União das freguesias de Mouraz e Vila Nova da Rainha,uniao_das_freguesias_de_mouraz_e_vila_nova_da_rainha,un,49.63,61.3,36.84
europe_lau,União das freguesias de São João do Monte e Mosteirinho,uniao_das_freguesias_de_sao_joao_do_monte_e_mosteirinho,un,64.62,71.2,67.46
europe_lau,União das freguesias de São Miguel do Outeiro e Sabugosa,uniao_das_freguesias_de_sao_miguel_do_outeiro_e_sabugosa,un,27.16,45.06,72.2
europe_lau,União das freguesias de Tondela e Nandufe,uniao_das_freguesias_de_tondela_e_nandufe,un,27.53,45.66,85.66
europe_lau,União das freguesias de Vilar de Besteiros e Mosteiro de Fráguas,uniao_das_freguesias_de_vilar_de_besteiros_e_mosteiro_de_fraguas,un,58.53,73.27,65.2
europe_lau,"União das freguesias de Vila Nova de Paiva, Alhais e Fráguas",uniao_das_freguesias_de_vila_nova_de_paiva_alhais_e_fraguas,un,45.28,83.47,33.52
europe_lau,União das freguesias de Arca e Varzielas,uniao_das_freguesias_de_arca_e_varzielas,un,37.6,49.05,52.64
europe_lau,União das freguesias de Destriz e Reigoso,uniao_das_freguesias_de_destriz_e_reigoso,un,39.86,58.31,98.77
europe_lau,"União das freguesias de Oliveira de Frades, Souto de Lafões e Sejães",uniao_das_freguesias_de_oliveira_de_frades_souto_de_lafoes_e_sejaes,un,38.79,46.37,36.73
europe_lau,União das freguesias de Antas e Matela,uniao_das_freguesias_de_antas_e_matela,un,47,65.74,71.05
europe_lau,União das freguesias de Vila Cova do Covelo/Mareco,uniao_das_freguesias_de_vila_cova_do_covelo_mareco,un,39.57,68.58,91
europe_lau,União das freguesias de Antas e Ourozinho,uniao_das_freguesias_de_antas_e_ourozinho,un,46.13,60.15,78.96
europe_lau,União das freguesias de Penedono e Granja,uniao_das_freguesias_de_penedono_e_granja,un,50.15,56.34,58.86
europe_lau,União das freguesias de Anreade e São Romão de Aregos,uniao_das_freguesias_de_anreade_e_sao_romao_de_aregos,un,45.8,60.32,77.99
europe_lau,União das freguesias de Felgueiras e Feirão,uniao_das_freguesias_de_felgueiras_e_feirao,un,30.4,56.38,95.78
europe_lau,União das freguesias de Freigil e Miomães,uniao_das_freguesias_de_freigil_e_miomaes,un,45.7,71.17,98.43
europe_lau,União das freguesias de Ovadas e Panchorra,uniao_das_freguesias_de_ovadas_e_panchorra,un,49.18,62.93,91.59
europe_lau,União das freguesias de Ovoa e Vimieiro,uniao_das_freguesias_de_ovoa_e_vimieiro,un,30.2,56.79,55.61
europe_lau,União das freguesias de Santa Comba Dão e Couto do Mosteiro,uniao_das_freguesias_de_santa_comba_dao_e_couto_do_mosteiro,un,45.15,56.04,77.65
europe_lau,União das freguesias de Treixedo e Nagozela,uniao_das_freguesias_de_treixedo_e_nagozela,un,43.41,63.13,59.61
europe_lau,União das freguesias de São João da Pesqueira e Várzea de Trevões,uniao_das_freguesias_de_sao_joao_da_pesqueira_e_varzea_de_trevoes,un,44.93,68.94,48.41
europe_lau,União das freguesias de Trevões e Espinhosa,uniao_das_freguesias_de_trevoes_e_espinhosa,un,40.63,51.61,10.4
europe_lau,União das freguesias de Vilarouco e Pereiros,uniao_das_freguesias_de_vilarouco_e_pereiros,un,61.78,69.05,67.59
europe_lau,União das freguesias de Carvalhais e Candal,uniao_das_freguesias_de_carvalhais_e_candal,un,31.89,56.69,52.82
europe_lau,União das freguesias de Santa Cruz da Trapa e São Cristóvão de Lafões,uniao_das_freguesias_de_santa_cruz_da_trapa_e_sao_cristovao_de_lafoes,un,48.23,61.56,91.91
europe_lau,União das freguesias de São Martinho das Moitas e Covas do Rio,uniao_das_freguesias_de_sao_martinho_das_moitas_e_covas_do_rio,un,38.85,42.53,79.1
europe_lau,"União das freguesias de São Pedro do Sul, Várzea e Baiões",uniao_das_freguesias_de_sao_pedro_do_sul_varzea_e_baioes,un,50.24,62.36,41.25
europe_lau,União das freguesias de Pinheiro de Coja e Meda de Mouros,uniao_das_freguesias_de_pinheiro_de_coja_e_meda_de_mouros,un,38.68,62.71,78.65
europe_lau,"União das freguesias de Alandroal (Nossa Senhora da Conceição), São Brás dos Matos (Mina do Bugalho) e Juromenha (Nossa Senhora do Loreto)",uniao_das_freguesias_de_alandroal_nossa_senhora_da_conceicao_sao_bras_dos_matos_mina_do_bugalho_e_juromenha_nossa_senhora_do_loreto,un,44.38,51.31,58.29
europe_lau,União das freguesias de Gafanhoeira (São Pedro) e Sabugueiro,uniao_das_freguesias_de_gafanhoeira_sao_pedro_e_sabugueiro,un,39.47,61.66,87.26
europe_lau,União das freguesias de Fonte Boa e Rio Tinto,uniao_das_freguesias_de_fonte_boa_e_rio_tinto,un,48.05,62.93,3.89
europe_lau,União das freguesias de Palmeira de Faro e Curvos,uniao_das_freguesias_de_palmeira_de_faro_e_curvos,un,35.91,64.42,88.89
europe_lau,"União de freguesias de Aboim, Felgueiras, Gontim e Pedraído",uniao_de_freguesias_de_aboim_felgueiras_gontim_e_pedraido,un,48.1,62.61,76.51
europe_lau,União de freguesias de Agrela e Serafão,uniao_de_freguesias_de_agrela_e_serafao,un,62.49,73.22,20.46
europe_lau,União de freguesias de Antime e Silvares (São Clemente),uniao_de_freguesias_de_antime_e_silvares_sao_clemente,un,56.51,64.79,71
europe_lau,"União de freguesias de Ardegão, Arnozela e Seidões",uniao_de_freguesias_de_ardegao_arnozela_e_seidoes,un,35.87,65.33,96.31
europe_lau,União de freguesias de Cepães e Fareja,uniao_de_freguesias_de_cepaes_e_fareja,un,30.85,49.93,30.12
europe_lau,União de freguesias de Freitas e Vila Cova,uniao_de_freguesias_de_freitas_e_vila_cova,un,45.23,56.19,36.84
europe_lau,União de freguesias de Monte e Queimadela,uniao_de_freguesias_de_monte_e_queimadela,un,56.56,66.62,76.58
europe_lau,União de freguesias de Moreira do Rei e Várzea Cova,uniao_de_freguesias_de_moreira_do_rei_e_varzea_cova,un,29.05,52.82,87.75
europe_lau,"União das freguesias de Torre do Terrenho, Sebadelhe da Serra e Terrenho",uniao_das_freguesias_de_torre_do_terrenho_sebadelhe_da_serra_e_terrenho,un,39.71,56.76,56.43
europe_lau,União das freguesias de Trancoso (São Pedro e Santa Maria) e Souto Maior,uniao_das_freguesias_de_trancoso_sao_pedro_e_santa_maria_e_souto_maior,un,35.2,51.12,-13.23
europe_lau,União das freguesias de Vale do Seixo e Vila Garcia,uniao_das_freguesias_de_vale_do_seixo_e_vila_garcia,un,46.81,66.21,-20.81
europe_lau,União das freguesias de Vila Franca das Naves e Feital,uniao_das_freguesias_de_vila_franca_das_naves_e_feital,un,40.23,64.73,87.14
europe_lau,União das freguesias de Vilares e Carnicães,uniao_das_freguesias_de_vilares_e_carnicaes,un,43.27,57.53,33.97
europe_lau,União das freguesias de Alcobaça e Vestiaria,uniao_das_freguesias_de_alcobaca_e_vestiaria,un,49.32,75.78,35.41
europe_lau,"União das freguesias de Coz, Alpedriz e Montes",uniao_das_freguesias_de_coz_alpedriz_e_montes,un,61.77,66.39,59.6
europe_lau,União das freguesias de Pataias e Martingança,uniao_das_freguesias_de_pataias_e_martinganca,un,43.96,56.1,38.08
europe_lau,União das freguesias do Bombarral e Vale Covo,uniao_das_freguesias_do_bombarral_e_vale_covo,un,55.28,68.8,74.07
europe_lau,União das freguesias de Gandra e Taião,uniao_das_freguesias_de_gandra_e_taiao,un,41.84,62.79,30.28
europe_lau,União das freguesias de Gondomil e Sanfins,uniao_das_freguesias_de_gondomil_e_sanfins,un,61.22,65.69,66.42
europe_lau,União das freguesias de São Julião e Silva,uniao_das_freguesias_de_sao_juliao_e_silva,un,36.85,64.19,97.2
europe_lau,"União das freguesias de Valença, Cristelo Covo e Arão",uniao_das_freguesias_de_valenca_cristelo_covo_e_arao,un,43.87,66.18,93.84
europe_lau,União das freguesias de Barroselas e Carvoeiro,uniao_das_freguesias_de_barroselas_e_carvoeiro,un,37.15,50.73,40.5
europe_lau,União das freguesias de Cardielos e Serreleis,uniao_das_freguesias_de_cardielos_e_serreleis,un,60.68,77.27,57.85
europe_lau,"União das freguesias de Geraz do Lima (Santa Maria, Santa Leocádia e Moreira) e Deão",uniao_das_freguesias_de_geraz_do_lima_santa_maria_santa_leocadia_e_moreira_e_deao,un,59.15,70.39,50.77
europe_lau,União das freguesias de Mazarefes e Vila Fria,uniao_das_freguesias_de_mazarefes_e_vila_fria,un,39.36,65.18,93.65
europe_lau,"União das freguesias de Nogueira, Meixedo e Vilar de Murteda",uniao_das_freguesias_de_nogueira_meixedo_e_vilar_de_murteda,un,37.46,52.21,87.38
europe_lau,"União das freguesias de Subportela, Deocriste e Portela Susã",uniao_das_freguesias_de_subportela_deocriste_e_portela_susa,un,40.84,60.58,33.03
europe_lau,União das freguesias de Torre e Vila Mou,uniao_das_freguesias_de_torre_e_vila_mou,un,54.23,81.76,63.99
europe_lau,União das freguesias de Viana do Castelo (Santa Maria Maior e Monserrate) e Meadela,uniao_das_freguesias_de_viana_do_castelo_santa_maria_maior_e_monserrate_e_meadela,un,50.9,60.4,52.17
europe_lau,União das freguesias de São Gregório e Santa Justa,uniao_das_freguesias_de_sao_gregorio_e_santa_justa,un,41.83,55.89,28.59
europe_lau,União das freguesias de Estremoz (Santa Maria e Santo André),uniao_das_freguesias_de_estremoz_santa_maria_e_santo_andre,un,45.15,61.9,63.39
europe_lau,União das freguesias de São Bento do Cortiço e Santo Estêvão,uniao_das_freguesias_de_sao_bento_do_cortico_e_santo_estevao,un,56.89,77.91,34.51
europe_lau,União das freguesias de São Lourenço de Mamporcão e São Bento de Ana Loura,uniao_das_freguesias_de_sao_lourenco_de_mamporcao_e_sao_bento_de_ana_loura,un,47.94,56.34,42.17
europe_lau,União das freguesias do Ameixial (Santa Vitória e São Bento),uniao_das_freguesias_do_ameixial_santa_vitoria_e_sao_bento,un,41.52,58.14,61.18
europe_lau,União das freguesias de Bacelo e Senhora da Saúde,uniao_das_freguesias_de_bacelo_e_senhora_da_saude,un,29.22,36.97,40.74
europe_lau,"União das freguesias de Évora (São Mamede, Sé, São Pedro e Santo Antão)",uniao_das_freguesias_de_evora_sao_mamede_se_sao_pedro_e_santo_antao,un,65.36,73.86,65.31
europe_lau,União das freguesias de Malagueira e Horta das Figueiras,uniao_das_freguesias_de_malagueira_e_horta_das_figueiras,un,52.74,63.12,47.77
europe_lau,União das freguesias de Nossa Senhora da Tourega e Nossa Senhora de Guadalupe,uniao_das_freguesias_de_nossa_senhora_da_tourega_e_nossa_senhora_de_guadalupe,un,37.45,63.22,99.6
europe_lau,União das freguesias de São Manços e São Vicente do Pigeiro,uniao_das_freguesias_de_sao_mancos_e_sao_vicente_do_pigeiro,un,45.5,59.4,23.89
europe_lau,União das freguesias de São Sebastião da Giesteira e Nossa Senhora da Boa Fé,uniao_das_freguesias_de_sao_sebastiao_da_giesteira_e_nossa_senhora_da_boa_fe,un,42.14,58.38,70.45
europe_lau,União das freguesias de Cortiçadas de Lavre e Lavre,uniao_das_freguesias_de_corticadas_de_lavre_e_lavre,un,37.86,57.91,1.52
europe_lau,"União das freguesias de Nossa Senhora da Vila, Nossa Senhora do Bispo e Silveiras",uniao_das_freguesias_de_nossa_senhora_da_vila_nossa_senhora_do_bispo_e_silveiras,un,48.87,57.76,30.31
europe_lau,União das freguesias de Amieira e Alqueva,uniao_das_freguesias_de_amieira_e_alqueva,un,37.71,53.89,73.26
europe_lau,União das freguesias de São Bartolomeu do Outeiro e Oriola,uniao_das_freguesias_de_sao_bartolomeu_do_outeiro_e_oriola,un,47.35,63.11,83.83
europe_lau,União das freguesias de Campo e Campinho,uniao_das_freguesias_de_campo_e_campinho,un,55.22,59.73,70.92
europe_lau,Unjárga - Nesseby,unjarga_nesseby,un,39.03,60.82,93.81
europe_lau,União das freguesias de Campos e Vila Meã,uniao_das_freguesias_de_campos_e_vila_mea,un,44.87,66.72,10.08
europe_lau,União das freguesias de Candemil e Gondar,uniao_das_freguesias_de_candemil_e_gondar,un,39.7,60.72,93.25
europe_lau,União das freguesias de Reboreda e Nogueira,uniao_das_freguesias_de_reboreda_e_nogueira,un,45.94,55.51,42.53
europe_lau,União das freguesias de Vila Nova de Cerveira e Lovelhe,uniao_das_freguesias_de_vila_nova_de_cerveira_e_lovelhe,un,35.91,51.73,58.2
europe_lau,União das freguesias de Carlão e Amieiro,uniao_das_freguesias_de_carlao_e_amieiro,un,49.05,58.16,55.35
europe_lau,União das freguesias de Castedo e Cotas,uniao_das_freguesias_de_castedo_e_cotas,un,60.61,71.31,31.14
europe_lau,União das freguesias de Pópulo e Ribalonga,uniao_das_freguesias_de_populo_e_ribalonga,un,37.45,58.33,37.11
europe_lau,"União das freguesias de Vale de Mendiz, Casal de Loivos e Vilarinho de Cotas",uniao_das_freguesias_de_vale_de_mendiz_casal_de_loivos_e_vilarinho_de_cotas,un,27.73,53.23,88.11
europe_lau,União das freguesias de Avantos e Romeu,uniao_das_freguesias_de_avantos_e_romeu,un,47.51,62.95,4.78
europe_lau,"União das freguesias de Avidagos, Navalho e Pereira",uniao_das_freguesias_de_avidagos_navalho_e_pereira,un,49.6,57.9,60.41
europe_lau,"União das freguesias de Barcel, Marmelos e Valverde da Gestosa",uniao_das_freguesias_de_barcel_marmelos_e_valverde_da_gestosa,un,38.36,55.21,77.36
europe_lau,União das freguesias de Franco e Vila Boa,uniao_das_freguesias_de_franco_e_vila_boa,un,33.93,59.35,93.06
europe_lau,União das freguesias de Freixeda e Vila Verde,uniao_das_freguesias_de_freixeda_e_vila_verde,un,46.94,62.09,55.51
europe_lau,"União das freguesias de Brunhozinho, Castanheira e Sanhoane",uniao_das_freguesias_de_brunhozinho_castanheira_e_sanhoane,un,37.42,73.6,46.97
europe_lau,"União das freguesias de Mogadouro, Valverde, Vale de Porco e Vilar de Rei",uniao_das_freguesias_de_mogadouro_valverde_vale_de_porco_e_vilar_de_rei,un,34.13,52.47,-10.41
europe_lau,União das freguesias de Remondes e Soutelo,uniao_das_freguesias_de_remondes_e_soutelo,un,44.46,56.74,23.52
europe_lau,União das freguesias de Vilarinho dos Galegos e Ventozelo,uniao_das_freguesias_de_vilarinho_dos_galegos_e_ventozelo,un,62.38,68.65,52.27
europe_lau,União das freguesias de Adeganha e Cardanha,uniao_das_freguesias_de_adeganha_e_cardanha,un,46.17,54.84,71.42
europe_lau,União das freguesias de Felgar e Souto da Velha,uniao_das_freguesias_de_felgar_e_souto_da_velha,un,57.42,68.68,70.89
europe_lau,União das freguesias de Felgueiras e Maçores,uniao_das_freguesias_de_felgueiras_e_macores,un,58.98,62.89,50.23
europe_lau,União das freguesias de Urros e Peredo dos Castelhanos,uniao_das_freguesias_de_urros_e_peredo_dos_castelhanos,un,54.55,76.44,51.76
europe_lau,União das freguesias de Assares e Lodões,uniao_das_freguesias_de_assares_e_lodoes,un,63.61,70.39,44.58
europe_lau,União das freguesias de Candoso e Carvalho de Egas,uniao_das_freguesias_de_candoso_e_carvalho_de_egas,un,37.95,58.26,-5.04
europe_lau,União das freguesias de Valtorno e Mourão,uniao_das_freguesias_de_valtorno_e_mourao,un,67.84,72.68,47.16
europe_lau,União das freguesias de Vila Flor e Nabo,uniao_das_freguesias_de_vila_flor_e_nabo,un,36.44,68.67,82.78
europe_lau,União das freguesias de Vilas Boas e Vilarinho das Azenhas,uniao_das_freguesias_de_vilas_boas_e_vilarinho_das_azenhas,un,61.48,69.53,35.6
europe_lau,"União das freguesias de Algoso, Campo de Víboras e Uva",uniao_das_freguesias_de_algoso_campo_de_viboras_e_uva,un,48.34,67.39,45.76
europe_lau,União das freguesias de Caçarelhos e Angueira,uniao_das_freguesias_de_cacarelhos_e_angueira,un,37.93,60.97,81.55
europe_lau,União das freguesias de Vale de Frades e Avelanoso,uniao_das_freguesias_de_vale_de_frades_e_avelanoso,un,48.34,60.53,47.71
europe_lau,União das freguesias de Barreiros e Cepões,uniao_das_freguesias_de_barreiros_e_cepoes,un,47.83,63.27,49.65
europe_lau,"União das freguesias de Boa Aldeia, Farminhão e Torredeita",uniao_das_freguesias_de_boa_aldeia_farminhao_e_torredeita,un,58.44,78.72,39.08
europe_lau,União das freguesias de Cambra e Carvalhal de Vermilhas,uniao_das_freguesias_de_cambra_e_carvalhal_de_vermilhas,un,55.36,73.36,67.69
europe_lau,União das freguesias de Fataunços e Figueiredo das Donas,uniao_das_freguesias_de_fatauncos_e_figueiredo_das_donas,un,45.42,57.25,64.25
europe_lau,União das freguesias de Vouzela e Paços de Vilharigues,uniao_das_freguesias_de_vouzela_e_pacos_de_vilharigues,un,49.17,58.99,46.24
europe_lau,União das freguesias de Sobrado e Bairros,uniao_das_freguesias_de_sobrado_e_bairros,un,36.27,52.37,84.11
europe_lau,União das freguesias de Anta e Guetim,uniao_das_freguesias_de_anta_e_guetim,un,49.57,58.22,73.09
europe_lau,União das freguesias de Beduído e Veiros,uniao_das_freguesias_de_beduido_e_veiros,un,38.26,65.89,21.81
europe_lau,União das freguesias de Canelas e Fermelã,uniao_das_freguesias_de_canelas_e_fermela,un,43.86,56.03,13.67
europe_lau,União das freguesias de Caldas de São Jorge e Pigeiros,uniao_das_freguesias_de_caldas_de_sao_jorge_e_pigeiros,un,46.7,64.99,73.49
europe_lau,"União das freguesias de Canedo, Vale e Vila Maior",uniao_das_freguesias_de_canedo_vale_e_vila_maior,un,43.21,57.18,62.64
europe_lau,"União das freguesias de Lobão, Gião, Louredo e Guisande",uniao_das_freguesias_de_lobao_giao_louredo_e_guisande,un,51.77,70.5,42.03
europe_lau,"União das freguesias de Santa Maria da Feira, Travanca, Sanfins e Espargo",uniao_das_freguesias_de_santa_maria_da_feira_travanca_sanfins_e_espargo,un,37.01,54.39,45.37
europe_lau,União de freguesias de São Miguel de Souto e Mosteirô,uniao_de_freguesias_de_sao_miguel_de_souto_e_mosteiro,un,43.6,67.83,17.52
europe_lau,"União das freguesias da Mealhada, Ventosa do Bairro e Antes",uniao_das_freguesias_da_mealhada_ventosa_do_bairro_e_antes,un,37.54,64,33.91
europe_lau,União das freguesias de Nogueira do Cravo e Pindelo,uniao_das_freguesias_de_nogueira_do_cravo_e_pindelo,un,48.89,79.53,97.07
europe_lau,"União das freguesias de Oliveira de Azeméis, Santiago de Riba-Ul, Ul, Macinhata da Seixa e Madail",uniao_das_freguesias_de_oliveira_de_azemeis_santiago_de_riba_ul_ul_macinhata_da_seixa_e_madail,un,65.79,67.3,64.78
europe_lau,"União das freguesias de Pinheiro da Bemposta, Travanca e Palmaz",uniao_das_freguesias_de_pinheiro_da_bemposta_travanca_e_palmaz,un,38.4,49.2,8.5
europe_lau,"União das freguesias de Bustos, Troviscal e Mamarrosa",uniao_das_freguesias_de_bustos_troviscal_e_mamarrosa,un,54.1,61.31,19.51
europe_lau,"União das freguesias de Ovar, São João, Arada e São Vicente de Pereira Jusã",uniao_das_freguesias_de_ovar_sao_joao_arada_e_sao_vicente_de_pereira_jusa,un,37.49,52.62,42.7
europe_lau,Úněšov,unesov,un,51.15,62.53,68.98
europe_lau,União das freguesias da Madalena e Samaiões,uniao_das_freguesias_da_madalena_e_samaioes,un,27.19,41.74,97.98
europe_lau,União das freguesias de Alcoutim e Pereiro,uniao_das_freguesias_de_alcoutim_e_pereiro,un,61.72,71.03,51.74
europe_lau,União das freguesias de Conceição e Estoi,uniao_das_freguesias_de_conceicao_e_estoi,un,55.84,66.12,62
europe_lau,União das freguesias de Faro (Sé e São Pedro),uniao_das_freguesias_de_faro_se_e_sao_pedro,un,30.44,46.38,77.59
europe_lau,União das freguesias de Estômbar e Parchal,uniao_das_freguesias_de_estombar_e_parchal,un,42.11,62.74,76.23
europe_lau,União das freguesias de Lagoa e Carvoeiro,uniao_das_freguesias_de_lagoa_e_carvoeiro,un,61.58,68.37,39.81
europe_lau,"União de freguesias de Querença, Tôr e Benafim",uniao_de_freguesias_de_querenca_tor_e_benafim,un,29.48,43.84,-3.78
europe_lau,União das freguesias de Moncarapacho e Fuseta,uniao_das_freguesias_de_moncarapacho_e_fuseta,un,51.32,67.55,70.23
europe_lau,União das freguesias de Alcantarilha e Pêra,uniao_das_freguesias_de_alcantarilha_e_pera,un,35.71,56.96,96.39
europe_lau,União das freguesias de Algoz e Tunes,uniao_das_freguesias_de_algoz_e_tunes,un,64.09,80.05,45.16
europe_lau,União das freguesias de Conceição e Cabanas de Tavira,uniao_das_freguesias_de_conceicao_e_cabanas_de_tavira,un,33.31,76.11,78.13
europe_lau,União das freguesias de Luz de Tavira e Santo Estêvão,uniao_das_freguesias_de_luz_de_tavira_e_santo_estevao,un,42.22,67.36,99.57
europe_lau,União das freguesias de Tavira (Santa Maria e Santiago),uniao_das_freguesias_de_tavira_santa_maria_e_santiago,un,39.66,64.66,94.52
europe_lau,"União das freguesias das Eiras, São Julião de Montenegro e Cela",uniao_das_freguesias_das_eiras_sao_juliao_de_montenegro_e_cela,un,33.39,49.49,63.56
europe_lau,União das freguesias de Calvão e Soutelinho da Raia,uniao_das_freguesias_de_calvao_e_soutelinho_da_raia,un,45.63,58.13,46.89
europe_lau,União das freguesias de Loivos e Póvoa de Agrações,uniao_das_freguesias_de_loivos_e_povoa_de_agracoes,un,30.63,59,91.86
europe_lau,União das freguesias de Santa Cruz/Trindade e Sanjurge,uniao_das_freguesias_de_santa_cruz_trindade_e_sanjurge,un,35.63,62.34,14.3
europe_lau,União das freguesias de Soutelo e Seara Velha,uniao_das_freguesias_de_soutelo_e_seara_velha,un,38.11,65.03,46.74
europe_lau,União das freguesias de Travancas e Roriz,uniao_das_freguesias_de_travancas_e_roriz,un,46.47,58.13,43.07
europe_lau,União das freguesias de Campanhó e Paradança,uniao_das_freguesias_de_campanho_e_paradanca,un,39.3,55.45,84.56
europe_lau,União das freguesias de Ermelo e Pardelhas,uniao_das_freguesias_de_ermelo_e_pardelhas,un,49,66.12,43.45
europe_lau,União das freguesias de Curopos e Vale de Janeiro,uniao_das_freguesias_de_curopos_e_vale_de_janeiro,un,58.61,67.77,54.39
europe_lau,União das freguesias de Moimenta e Montouto,uniao_das_freguesias_de_moimenta_e_montouto,un,39.27,59.3,-9.16
europe_lau,União das freguesias de Nunes e Ousilhão,uniao_das_freguesias_de_nunes_e_ousilhao,un,50.69,66.87,24.66
europe_lau,União das freguesias de Quirás e Pinheiro Novo,uniao_das_freguesias_de_quiras_e_pinheiro_novo,un,59.43,66.88,73.97
europe_lau,União das freguesias de Sobreiro de Baixo e Alvaredos,uniao_das_freguesias_de_sobreiro_de_baixo_e_alvaredos,un,45.89,66.01,86.65
europe_lau,"União das freguesias de Soeira, Fresulfe e Mofreita",uniao_das_freguesias_de_soeira_fresulfe_e_mofreita,un,35.12,61.21,91.58
europe_lau,União das freguesias de Travanca e Santa Cruz,uniao_das_freguesias_de_travanca_e_santa_cruz,un,60.23,69.56,38.91
europe_lau,União das freguesias de Vilar de Lomba e São Jomil,uniao_das_freguesias_de_vilar_de_lomba_e_sao_jomil,un,40.61,61.49,89.42
europe_lau,União das freguesias de Cebolais de Cima e Retaxo,uniao_das_freguesias_de_cebolais_de_cima_e_retaxo,un,28.12,61.69,-53.32
europe_lau,União das freguesias de Escalos de Baixo e Mata,uniao_das_freguesias_de_escalos_de_baixo_e_mata,un,51.49,59.65,68.35
europe_lau,União das freguesias de Escalos de Cima e Lousa,uniao_das_freguesias_de_escalos_de_cima_e_lousa,un,57.8,63.22,62.52
europe_lau,União das freguesias de Freixial e Juncal do Campo,uniao_das_freguesias_de_freixial_e_juncal_do_campo,un,51.72,62.44,39.33
europe_lau,União das freguesias de Ninho do Açor e Sobral do Campo,uniao_das_freguesias_de_ninho_do_acor_e_sobral_do_campo,un,40.35,55.7,30.9
europe_lau,União das freguesias de Póvoa de Rio de Moinhos e Cafede,uniao_das_freguesias_de_povoa_de_rio_de_moinhos_e_cafede,un,25.05,53.96,98.41
europe_lau,Unhais da Serra,unhais_da_serra,un,36.27,60.82,90.95
europe_lau,União das freguesias de Barco e Coutada,uniao_das_freguesias_de_barco_e_coutada,un,60.04,65.98,80.46
europe_lau,União das freguesias de Cantar-Galo e Vila do Carvalho,uniao_das_freguesias_de_cantar_galo_e_vila_do_carvalho,un,56.76,73.4,31.65
europe_lau,União das freguesias de Casegas e Ourondo,uniao_das_freguesias_de_casegas_e_ourondo,un,53.81,66.36,63.61
europe_lau,União das freguesias de Covilhã e Canhoso,uniao_das_freguesias_de_covilha_e_canhoso,un,31.23,52.53,-18.52
europe_lau,União das freguesias de Peso e Vales do Rio,uniao_das_freguesias_de_peso_e_vales_do_rio,un,59.34,68.89,35.34
europe_lau,União das freguesias de Teixoso e Sarzedo,uniao_das_freguesias_de_teixoso_e_sarzedo,un,42.26,49.85,78.97
europe_lau,União das freguesias de Vale Formoso e Aldeia do Souto,uniao_das_freguesias_de_vale_formoso_e_aldeia_do_souto,un,53.49,71.25,33.53
europe_lau,União das freguesias de Cedrim e Paradela,uniao_das_freguesias_de_cedrim_e_paradela,un,42.18,53.51,64.46
europe_lau,União das freguesias de Fonte de Angeão e Covão do Lobo,uniao_das_freguesias_de_fonte_de_angeao_e_covao_do_lobo,un,52.06,71.86,38.41
europe_lau,União das freguesias de Ponte de Vagos e Santa Catarina,uniao_das_freguesias_de_ponte_de_vagos_e_santa_catarina,un,49.59,71.71,39.34
europe_lau,União das freguesias de Vagos e Santo António,uniao_das_freguesias_de_vagos_e_santo_antonio,un,59.86,80.93,82.31
europe_lau,"União das freguesias de Vila Chã, Codal e Vila Cova de Perrinho",uniao_das_freguesias_de_vila_cha_codal_e_vila_cova_de_perrinho,un,28.16,50.88,98.54
europe_lau,União das freguesias de Aljustrel e Rio de Moinhos,uniao_das_freguesias_de_aljustrel_e_rio_de_moinhos,un,45.99,58.68,48.24
europe_lau,União das freguesias de Almodôvar e Graça dos Padrões,uniao_das_freguesias_de_almodovar_e_graca_dos_padroes,un,37.08,43.82,62
europe_lau,União das freguesias de Santa Clara-a-Nova e Gomes Aires,uniao_das_freguesias_de_santa_clara_a_nova_e_gomes_aires,un,33.11,53.09,71.16
europe_lau,União das freguesias de Albernoa e Trindade,uniao_das_freguesias_de_albernoa_e_trindade,un,54.51,63.83,40.13
europe_lau,União das freguesias de Beja (Salvador e Santa Maria da Feira),uniao_das_freguesias_de_beja_salvador_e_santa_maria_da_feira,un,32.96,57.37,97.91
europe_lau,União das freguesias de Beja (Santiago Maior e São João Baptista),uniao_das_freguesias_de_beja_santiago_maior_e_sao_joao_baptista,un,40.56,50.2,36.27
europe_lau,União das freguesias de Salvada e Quintos,uniao_das_freguesias_de_salvada_e_quintos,un,46.05,63.78,91.46
europe_lau,União das freguesias de Santa Vitória e Mombeja,uniao_das_freguesias_de_santa_vitoria_e_mombeja,un,33.58,54.68,99.31
europe_lau,União das freguesias de Trigaches e São Brissos,uniao_das_freguesias_de_trigaches_e_sao_brissos,un,50.48,63.53,51.86
europe_lau,União das freguesias de Castro Verde e Casével,uniao_das_freguesias_de_castro_verde_e_casevel,un,55.64,59.47,54.98
europe_lau,União das freguesias de Alfundão e Peroguarda,uniao_das_freguesias_de_alfundao_e_peroguarda,un,56.55,64.59,70.98
europe_lau,União das freguesias de Ferreira do Alentejo e Canhestros,uniao_das_freguesias_de_ferreira_do_alentejo_e_canhestros,un,35.78,53.3,-10.85
europe_lau,"União das freguesias de São Miguel do Pinheiro, São Pedro de Solis e São Sebastião dos Carros",uniao_das_freguesias_de_sao_miguel_do_pinheiro_sao_pedro_de_solis_e_sao_sebastiao_dos_carros,un,45.94,53.75,62.21
europe_lau,União das freguesias de Moura (Santo Agostinho e São João Baptista) e Santo Amador,uniao_das_freguesias_de_moura_santo_agostinho_e_sao_joao_baptista_e_santo_amador,un,54.24,63.1,48.31
europe_lau,"União das freguesias de Cambeses do Rio, Donões e Mourilhe",uniao_das_freguesias_de_cambeses_do_rio_donoes_e_mourilhe,un,47.37,73.12,97.48
europe_lau,União das freguesias de Meixedo e Padornelos,uniao_das_freguesias_de_meixedo_e_padornelos,un,35.05,59.96,95.98
europe_lau,União das freguesias de Montalegre e Padroso,uniao_das_freguesias_de_montalegre_e_padroso,un,28.88,50.11,99.8
europe_lau,"União das freguesias de Paradela, Contim e Fiães",uniao_das_freguesias_de_paradela_contim_e_fiaes,un,28.04,64.38,14.13
europe_lau,União das freguesias de Sezelhe e Covelães,uniao_das_freguesias_de_sezelhe_e_covelaes,un,50.3,66.67,87.72
europe_lau,União das freguesias de Venda Nova e Pondras,uniao_das_freguesias_de_venda_nova_e_pondras,un,33.41,61.67,10.89
europe_lau,União das freguesias de Viade de Baixo e Fervidelas,uniao_das_freguesias_de_viade_de_baixo_e_fervidelas,un,50.91,59.91,70.84
europe_lau,União das freguesias de Vilar de Perdizes e Meixide,uniao_das_freguesias_de_vilar_de_perdizes_e_meixide,un,37.67,54.71,98.35
europe_lau,União das freguesias de Carva e Vilares,uniao_das_freguesias_de_carva_e_vilares,un,46.48,69.54,18.86
europe_lau,União das freguesias de Noura e Palheiros,uniao_das_freguesias_de_noura_e_palheiros,un,49.31,67.03,79.68
europe_lau,União das freguesias de Galafura e Covelinhas,uniao_das_freguesias_de_galafura_e_covelinhas,un,45.44,56.3,87.94
europe_lau,União das freguesias de Moura Morta e Vinhós,uniao_das_freguesias_de_moura_morta_e_vinhos,un,24.84,44.07,79.78
europe_lau,União das freguesias de Peso da Régua e Godim,uniao_das_freguesias_de_peso_da_regua_e_godim,un,44.6,58.38,47.99
europe_lau,União das freguesias de Poiares e Canelas,uniao_das_freguesias_de_poiares_e_canelas,un,44.88,58.1,62.94
europe_lau,União das freguesias de Safara e Santo Aleixo da Restauração,uniao_das_freguesias_de_safara_e_santo_aleixo_da_restauracao,un,43.86,57.07,14.59
europe_lau,União das freguesias de Aguiar da Beira e Coruche,uniao_das_freguesias_de_aguiar_da_beira_e_coruche,un,49.86,63.8,79.84
europe_lau,União das freguesias de Sequeiros e Gradiz,uniao_das_freguesias_de_sequeiros_e_gradiz,un,31.76,60.77,16.65
europe_lau,União das freguesias de Souto de Aguiar da Beira e Valverde,uniao_das_freguesias_de_souto_de_aguiar_da_beira_e_valverde,un,42.19,59.68,47.55
europe_lau,"União das freguesias de Amoreira, Parada e Cabreira",uniao_das_freguesias_de_amoreira_parada_e_cabreira,un,45.19,56.34,91.13
europe_lau,"União das freguesias de Azinhal, Peva e Valverde",uniao_das_freguesias_de_azinhal_peva_e_valverde,un,36.35,59.85,93.95
europe_lau,"União das freguesias de Castelo Mendo, Ade, Monteperobolso e Mesquitela",uniao_das_freguesias_de_castelo_mendo_ade_monteperobolso_e_mesquitela,un,44.84,65.17,71.53
europe_lau,União das freguesias de Junça e Naves,uniao_das_freguesias_de_junca_e_naves,un,57.69,74.06,64
europe_lau,"União das freguesias de Leomil, Mido, Senouras e Aldeia Nova",uniao_das_freguesias_de_leomil_mido_senouras_e_aldeia_nova,un,52.16,70.99,91.84
europe_lau,União das freguesias de Malpartida e Vale de Coelha,uniao_das_freguesias_de_malpartida_e_vale_de_coelha,un,36.83,51.23,38.29
europe_lau,União das freguesias de Miuzela e Porto de Ovelha,uniao_das_freguesias_de_miuzela_e_porto_de_ovelha,un,33.92,59.72,65.82
europe_lau,União das freguesias de Açores e Velosa,uniao_das_freguesias_de_acores_e_velosa,un,48.02,66.89,50.54
europe_lau,União das freguesias de Celorico (São Pedro e Santa Maria) e Vila Boa do Mondego,uniao_das_freguesias_de_celorico_sao_pedro_e_santa_maria_e_vila_boa_do_mondego,un,45.65,52.68,41.89
europe_lau,"União das freguesias de Cortiçô da Serra, Vide entre Vinhas e Salgueirais",uniao_das_freguesias_de_cortico_da_serra_vide_entre_vinhas_e_salgueirais,un,58.19,68.82,80.21
europe_lau,União das freguesias de Rapa e Cadafaz,uniao_das_freguesias_de_rapa_e_cadafaz,un,40.39,55.2,32.86
europe_lau,"União das freguesias de Algodres, Vale de Afonsinho e Vilar de Amargo",uniao_das_freguesias_de_algodres_vale_de_afonsinho_e_vilar_de_amargo,un,56.01,64.81,40.71
europe_lau,União das freguesias de Almofala e Escarigo,uniao_das_freguesias_de_almofala_e_escarigo,un,32.95,54,97.84
europe_lau,União das freguesias de Cinco Vilas e Reigada,uniao_das_freguesias_de_cinco_vilas_e_reigada,un,34.63,57.39,-14.18
europe_lau,"União das freguesias de Freixeda do Torrão, Quintã de Pêro Martins e Penha de Águia",uniao_das_freguesias_de_freixeda_do_torrao_quinta_de_pero_martins_e_penha_de_aguia,un,54.3,73.42,25.97
europe_lau,União das freguesias do Colmeal e Vilar Torpim,uniao_das_freguesias_do_colmeal_e_vilar_torpim,un,34.02,61.52,-54.35
europe_lau,União das freguesias de Cortiçô e Vila Chã,uniao_das_freguesias_de_cortico_e_vila_cha,un,64.43,70.48,60.94
europe_lau,"União das freguesias de Juncais, Vila Ruiva e Vila Soeiro do Chão",uniao_das_freguesias_de_juncais_vila_ruiva_e_vila_soeiro_do_chao,un,40.52,59.1,74.84
europe_lau,União das freguesias de Sobral Pichorro e Fuinhas,uniao_das_freguesias_de_sobral_pichorro_e_fuinhas,un,43.04,60.52,86.22
europe_lau,União das freguesias de Cerva e Limões,uniao_das_freguesias_de_cerva_e_limoes,un,37.81,59.42,58.76
europe_lau,União das freguesias de Ribeira de Pena (Salvador) e Santo Aleixo de Além-Tâmega,uniao_das_freguesias_de_ribeira_de_pena_salvador_e_santo_aleixo_de_alem_tamega,un,49.84,59.55,40.17
europe_lau,"União das freguesias de Provesende, Gouvães do Douro e São Cristóvão do Douro",uniao_das_freguesias_de_provesende_gouvaes_do_douro_e_sao_cristovao_do_douro,un,49.64,73.33,85.51
europe_lau,União das freguesias de São Martinho de Antas e Paradela de Guiães,uniao_das_freguesias_de_sao_martinho_de_antas_e_paradela_de_guiaes,un,23.9,58.74,79.73
europe_lau,União das freguesias de Lobrigos (São Miguel e São João Baptista) e Sanhoane,uniao_das_freguesias_de_lobrigos_sao_miguel_e_sao_joao_baptista_e_sanhoane,un,59.48,66.43,61.59
europe_lau,União das freguesias de Louredo e Fornelos,uniao_das_freguesias_de_louredo_e_fornelos,un,47.18,68.35,-13.71
europe_lau,União das freguesias de Janeiro de Cima e Bogas de Baixo,uniao_das_freguesias_de_janeiro_de_cima_e_bogas_de_baixo,un,43.27,54.05,19.15
europe_lau,"União das freguesias de Fundão, Valverde, Donas, Aldeia de Joanes e Aldeia Nova do Cabo",uniao_das_freguesias_de_fundao_valverde_donas_aldeia_de_joanes_e_aldeia_nova_do_cabo,un,61.54,70.98,46.91
europe_lau,União das freguesias de Póvoa de Atalaia e Atalaia do Campo,uniao_das_freguesias_de_povoa_de_atalaia_e_atalaia_do_campo,un,67.41,74.91,62.74
europe_lau,União das freguesias de Vale de Prazeres e Mata da Rainha,uniao_das_freguesias_de_vale_de_prazeres_e_mata_da_rainha,un,40.5,55.63,-0.23
europe_lau,União das freguesias de Monfortinho e Salvaterra do Extremo,uniao_das_freguesias_de_monfortinho_e_salvaterra_do_extremo,un,46.68,59.26,89.17
europe_lau,União das freguesias de Monsanto e Idanha-a-Velha,uniao_das_freguesias_de_monsanto_e_idanha_a_velha,un,50.24,58.61,76.6
europe_lau,União das freguesias de Zebreira e Segura,uniao_das_freguesias_de_zebreira_e_segura,un,59.53,66.68,62.18
europe_lau,"União das freguesias de Aldeia do Bispo, Águas e Aldeia de João Pires",uniao_das_freguesias_de_aldeia_do_bispo_aguas_e_aldeia_de_joao_pires,un,56.49,68.47,30.09
europe_lau,União das freguesias de Olo e Canadelo,uniao_das_freguesias_de_olo_e_canadelo,un,26.69,51.58,-39.72
europe_lau,"União das freguesias de Vila Garcia, Aboim e Chapa",uniao_das_freguesias_de_vila_garcia_aboim_e_chapa,un,66.19,72.67,54.33
europe_lau,União das freguesias de Ancede e Ribadouro,uniao_das_freguesias_de_ancede_e_ribadouro,un,38.93,59.04,-21.04
europe_lau,União das freguesias de Baião (Santa Leocádia) e Mesquinhata,uniao_das_freguesias_de_baiao_santa_leocadia_e_mesquinhata,un,42.99,68.27,77.01
europe_lau,União das freguesias de Campelo e Ovil,uniao_das_freguesias_de_campelo_e_ovil,un,59.49,72.71,65.88
europe_lau,União das freguesias de Loivos da Ribeira e Tresouras,uniao_das_freguesias_de_loivos_da_ribeira_e_tresouras,un,53.11,73.28,74.56
europe_lau,União das freguesias de Santa Cruz do Douro e São Tomé de Covelas,uniao_das_freguesias_de_santa_cruz_do_douro_e_sao_tome_de_covelas,un,63.9,68.44,26.61
europe_lau,União das freguesias de Teixeira e Teixeiró,uniao_das_freguesias_de_teixeira_e_teixeiro,un,43.97,64.59,81.26
europe_lau,União das freguesias de Macieira da Lixa e Caramos,uniao_das_freguesias_de_macieira_da_lixa_e_caramos,un,47.8,64.93,27.83
europe_lau,"União das freguesias de Margaride (Santa Eulália), Várzea, Lagares, Varziela e Moure",uniao_das_freguesias_de_margaride_santa_eulalia_varzea_lagares_varziela_e_moure,un,41.72,54.3,13.02
europe_lau,"União das freguesias de Pedreira, Rande e Sernande",uniao_das_freguesias_de_pedreira_rande_e_sernande,un,53.1,58.64,47.96
europe_lau,União das freguesias de Torrados e Sousa,uniao_das_freguesias_de_torrados_e_sousa,un,57.62,76.43,43.75
europe_lau,União das freguesias de Unhão e Lordelo,uniao_das_freguesias_de_unhao_e_lordelo,un,48.37,68.65,68.58
europe_lau,"União das freguesias de Algés, Linda-a-Velha e Cruz Quebrada-Dafundo",uniao_das_freguesias_de_alges_linda_a_velha_e_cruz_quebrada_dafundo,un,58.25,81.35,15.54
europe_lau,União das freguesias de Carnaxide e Queijas,uniao_das_freguesias_de_carnaxide_e_queijas,un,36.44,58.33,-42.45
europe_lau,"União das freguesias de Oeiras e São Julião da Barra, Paço de Arcos e Caxias",uniao_das_freguesias_de_oeiras_e_sao_juliao_da_barra_paco_de_arcos_e_caxias,un,35.28,60.98,25.38
europe_lau,União das freguesias de Agualva e Mira-Sintra,uniao_das_freguesias_de_agualva_e_mira_sintra,un,42.2,63.55,83.97
europe_lau,"União das freguesias de Almargem do Bispo, Pêro Pinheiro e Montelavar",uniao_das_freguesias_de_almargem_do_bispo_pero_pinheiro_e_montelavar,un,63.27,65.64,54.47
europe_lau,União das freguesias do Cacém e São Marcos,uniao_das_freguesias_do_cacem_e_sao_marcos,un,31.81,63.98,90.13
europe_lau,União das freguesias de Massamá e Monte Abraão,uniao_das_freguesias_de_massama_e_monte_abraao,un,30.66,45.94,-8.17
europe_lau,União das freguesias de Queluz e Belas,uniao_das_freguesias_de_queluz_e_belas,un,41.95,52.16,84
europe_lau,União das freguesias de São João das Lampas e Terrugem,uniao_das_freguesias_de_sao_joao_das_lampas_e_terrugem,un,57.9,73.46,62.82
europe_lau,"União das freguesias de Sintra (Santa Maria e São Miguel, São Martinho e São Pedro de Penaferrim)",uniao_das_freguesias_de_sintra_santa_maria_e_sao_miguel_sao_martinho_e_sao_pedro_de_penaferrim,un,44.44,60.57,67.78
europe_lau,União das freguesias de A dos Cunhados e Maceira,uniao_das_freguesias_de_a_dos_cunhados_e_maceira,un,54.48,64.2,33.49
europe_lau,União das freguesias de Campelos e Outeiro da Cabeça,uniao_das_freguesias_de_campelos_e_outeiro_da_cabeca,un,33.21,49.05,-29.22
europe_lau,União das freguesias de Pedrógão de São Pedro e Bemposta,uniao_das_freguesias_de_pedrogao_de_sao_pedro_e_bemposta,un,54.73,72.51,45.19
europe_lau,União das freguesias de Proença-a-Nova e Peral,uniao_das_freguesias_de_proenca_a_nova_e_peral,un,39.97,53.29,29.65
europe_lau,União das freguesias de Sobreira Formosa e Alvito da Beira,uniao_das_freguesias_de_sobreira_formosa_e_alvito_da_beira,un,38.83,53.76,91.34
europe_lau,"União das freguesias de Cernache do Bonjardim, Nesperal e Palhais",uniao_das_freguesias_de_cernache_do_bonjardim_nesperal_e_palhais,un,59.15,65.3,67.73
europe_lau,União das freguesias de Cumeada e Marmeleiro,uniao_das_freguesias_de_cumeada_e_marmeleiro,un,46.7,67.86,-11.57
europe_lau,União das freguesias de Ermida e Figueiredo,uniao_das_freguesias_de_ermida_e_figueiredo,un,45.45,52.21,40.98
europe_lau,União das freguesias de Vila Cova da Lixa e Borba de Godim,uniao_das_freguesias_de_vila_cova_da_lixa_e_borba_de_godim,un,47.25,69.99,10.34
europe_lau,União das freguesias de Vila Fria e Vizela (São Jorge),uniao_das_freguesias_de_vila_fria_e_vizela_sao_jorge,un,33.52,65.78,22.09
europe_lau,União das freguesias de Vila Verde e Santão,uniao_das_freguesias_de_vila_verde_e_santao,un,56.62,90.99,39.32
europe_lau,União das freguesias de Fânzeres e São Pedro da Cova,uniao_das_freguesias_de_fanzeres_e_sao_pedro_da_cova,un,40.64,54.29,56.31
europe_lau,União das freguesias de Foz do Sousa e Covelo,uniao_das_freguesias_de_foz_do_sousa_e_covelo,un,65.55,66.96,42.77
europe_lau,"União das freguesias de Gondomar (São Cosme), Valbom e Jovim",uniao_das_freguesias_de_gondomar_sao_cosme_valbom_e_jovim,un,55.67,66.77,64.31
europe_lau,União das freguesias de Melres e Medas,uniao_das_freguesias_de_melres_e_medas,un,55.46,67.14,41.58
europe_lau,União das freguesias de Cernadelo e Lousada (São Miguel e Santa Margarida),uniao_das_freguesias_de_cernadelo_e_lousada_sao_miguel_e_santa_margarida,un,33.32,65.1,-1.43
europe_lau,"União das freguesias de Cristelos, Boim e Ordem",uniao_das_freguesias_de_cristelos_boim_e_ordem,un,21.62,42.85,86.95
europe_lau,União das freguesias de Figueiras e Covas,uniao_das_freguesias_de_figueiras_e_covas,un,51.65,75.93,90.04
europe_lau,União das freguesias de Lustosa e Barrosas (Santo Estêvão),uniao_das_freguesias_de_lustosa_e_barrosas_santo_estevao,un,54.45,69.35,12.61
europe_lau,União das freguesias de Nespereira e Casais,uniao_das_freguesias_de_nespereira_e_casais,un,41.19,60.34,88.68
europe_lau,"União das freguesias de Silvares, Pias, Nogueira e Alvarenga",uniao_das_freguesias_de_silvares_pias_nogueira_e_alvarenga,un,44.1,63.37,94.99
europe_lau,União das freguesias de Garvão e Santa Luzia,uniao_das_freguesias_de_garvao_e_santa_luzia,un,46.01,63.16,24.72
europe_lau,União das freguesias de Panoias e Conceição,uniao_das_freguesias_de_panoias_e_conceicao,un,40.4,58.94,40.37
europe_lau,União das freguesias de Serpa (Salvador e Santa Maria),uniao_das_freguesias_de_serpa_salvador_e_santa_maria,un,47.31,61.45,78.12
europe_lau,União das freguesias de Vila Nova de São Bento e Vale de Vargo,uniao_das_freguesias_de_vila_nova_de_sao_bento_e_vale_de_vargo,un,31.25,63.03,86.29
europe_lau,União das freguesias de Amares e Figueiredo,uniao_das_freguesias_de_amares_e_figueiredo,un,57.54,75.51,27.63
europe_lau,"União das freguesias de Caldelas, Sequeiros e Paranhos",uniao_das_freguesias_de_caldelas_sequeiros_e_paranhos,un,57.9,74.02,31.61
europe_lau,"União das freguesias de Ferreiros, Prozelo e Besteiros",uniao_das_freguesias_de_ferreiros_prozelo_e_besteiros,un,41.92,50.58,46.53
europe_lau,União das freguesias de Torre e Portela,uniao_das_freguesias_de_torre_e_portela,un,39.11,59.54,17.81
europe_lau,"União das freguesias de Vilela, Seramil e Paredes Secas",uniao_das_freguesias_de_vilela_seramil_e_paredes_secas,un,43.67,58.52,41.31
europe_lau,Uniejów,uniejow,un,52.99,64.32,89.82
europe_lau,União das freguesias de Carvoeira e Carmões,uniao_das_freguesias_de_carvoeira_e_carmoes,un,35.89,54.72,79.58
europe_lau,União das freguesias de Dois Portos e Runa,uniao_das_freguesias_de_dois_portos_e_runa,un,65.18,66.47,58.8
europe_lau,União das freguesias de Maxial e Monte Redondo,uniao_das_freguesias_de_maxial_e_monte_redondo,un,50.9,69.02,68.32
europe_lau,"União das freguesias de Alhandra, São João dos Montes e Calhandriz",uniao_das_freguesias_de_alhandra_sao_joao_dos_montes_e_calhandriz,un,39.49,47.05,39.86
europe_lau,União das freguesias de Alverca do Ribatejo e Sobralinho,uniao_das_freguesias_de_alverca_do_ribatejo_e_sobralinho,un,58.06,76.32,82.88
europe_lau,União das freguesias de Castanheira do Ribatejo e Cachoeiras,uniao_das_freguesias_de_castanheira_do_ribatejo_e_cachoeiras,un,43.71,62.2,2.36
europe_lau,União das freguesias de Póvoa de Santa Iria e Forte da Casa,uniao_das_freguesias_de_povoa_de_santa_iria_e_forte_da_casa,un,40.86,76.48,59.73
europe_lau,União das freguesias de Pontinha e Famões,uniao_das_freguesias_de_pontinha_e_famoes,un,42.33,67.97,86.6
europe_lau,União das freguesias de Póvoa de Santo Adrião e Olival Basto,uniao_das_freguesias_de_povoa_de_santo_adriao_e_olival_basto,un,52.3,61.04,74.78
europe_lau,União das freguesias de Ramada e Caneças,uniao_das_freguesias_de_ramada_e_canecas,un,34.4,62.71,-11.42
europe_lau,União das freguesias de Alcórrego e Maranhão,uniao_das_freguesias_de_alcorrego_e_maranhao,un,42.17,60.59,4.61
europe_lau,União das freguesias de Benavila e Valongo,uniao_das_freguesias_de_benavila_e_valongo,un,55.86,63.92,66.25
europe_lau,União das freguesias de Pensalvos e Parada de Monteiros,uniao_das_freguesias_de_pensalvos_e_parada_de_monteiros,un,55.73,67.62,6.62
europe_lau,União das freguesias de Aldeias e Mangualde da Serra,uniao_das_freguesias_de_aldeias_e_mangualde_da_serra,un,45.76,60.87,78.56
europe_lau,União das freguesias de Figueiró da Serra e Freixo da Serra,uniao_das_freguesias_de_figueiro_da_serra_e_freixo_da_serra,un,42,56.92,61.24
europe_lau,União das freguesias de Melo e Nabais,uniao_das_freguesias_de_melo_e_nabais,un,36.69,52.47,82.47
europe_lau,União das freguesias de Moimenta da Serra e Vinhó,uniao_das_freguesias_de_moimenta_da_serra_e_vinho,un,54.84,65.37,87.26
europe_lau,União das freguesias de Rio Torto e Lagarinhos,uniao_das_freguesias_de_rio_torto_e_lagarinhos,un,48.36,60.04,64.44
europe_lau,União de freguesias de Avelãs de Ambom e Rocamondo,uniao_de_freguesias_de_avelas_de_ambom_e_rocamondo,un,63.55,78.7,56.11
europe_lau,União de freguesias de Corujeira e Trinta,uniao_de_freguesias_de_corujeira_e_trinta,un,32.65,47.42,2.13
europe_lau,"União de freguesias de Mizarela, Pêro Soares e Vila Soeiro",uniao_de_freguesias_de_mizarela_pero_soares_e_vila_soeiro,un,55.08,72.56,60.1
europe_lau,União de freguesias de Pousade e Albardo,uniao_de_freguesias_de_pousade_e_albardo,un,39.88,52.16,80.16
europe_lau,União de freguesias de Rochoso e Monte Margarida,uniao_de_freguesias_de_rochoso_e_monte_margarida,un,56.69,70.74,57.53
europe_lau,"União das freguesias de Vale Flor, Carvalhal e Pai Penela",uniao_das_freguesias_de_vale_flor_carvalhal_e_pai_penela,un,52.97,64.21,88.54
europe_lau,União das freguesias de Alvora e Loureda,uniao_das_freguesias_de_alvora_e_loureda,un,34.63,63.92,93.22
europe_lau,União das freguesias de Arcos de Valdevez (São Paio) e Giela,uniao_das_freguesias_de_arcos_de_valdevez_sao_paio_e_giela,un,51.88,71.74,64.53
europe_lau,"União das freguesias de Arcos de Valdevez (Salvador), Vila Fonche e Parada",uniao_das_freguesias_de_arcos_de_valdevez_salvador_vila_fonche_e_parada,un,59.7,70.46,41.51
europe_lau,União das freguesias de Eiras e Mei,uniao_das_freguesias_de_eiras_e_mei,un,54.29,67.35,38.22
europe_lau,União das freguesias de Grade e Carralcova,uniao_das_freguesias_de_grade_e_carralcova,un,34.7,63.56,89.48
europe_lau,União das freguesias de Guilhadeses e Santar,uniao_das_freguesias_de_guilhadeses_e_santar,un,49.35,66.53,83.54
europe_lau,União das freguesias de Jolda (Madalena) e Rio Cabrão,uniao_das_freguesias_de_jolda_madalena_e_rio_cabrao,un,40.49,53.2,48.51
europe_lau,União das freguesias de Padreiro (Salvador e Santa Cristina),uniao_das_freguesias_de_padreiro_salvador_e_santa_cristina,un,19.53,61.65,86.45
europe_lau,União das freguesias de Portela e Extremo,uniao_das_freguesias_de_portela_e_extremo,un,50.76,58.59,50.64
europe_lau,União das freguesias de São Jorge e Ermelo,uniao_das_freguesias_de_sao_jorge_e_ermelo,un,30.13,64.19,12.01
europe_lau,União das freguesias de Souto e Tabaçô,uniao_das_freguesias_de_souto_e_tabaco,un,60.78,66.32,79.69
europe_lau,União das freguesias de Távora (Santa Maria e São Vicente),uniao_das_freguesias_de_tavora_santa_maria_e_sao_vicente,un,45.32,68.75,76.33
europe_lau,"União das freguesias de Vilela, São Cosme e São Damião e Sá",uniao_das_freguesias_de_vilela_sao_cosme_e_sao_damiao_e_sa,un,47.62,80.01,85.36
europe_lau,"União das freguesias de Arga (Baixo, Cima e São João)",uniao_das_freguesias_de_arga_baixo_cima_e_sao_joao,un,54.38,73.21,51.59
europe_lau,União das freguesias de Caminha (Matriz) e Vilarelho,uniao_das_freguesias_de_caminha_matriz_e_vilarelho,un,56.23,72.44,56.53
europe_lau,União das freguesias de Gondar e Orbacém,uniao_das_freguesias_de_gondar_e_orbacem,un,40.7,69.35,88.78
europe_lau,União das freguesias de Moledo e Cristelo,uniao_das_freguesias_de_moledo_e_cristelo,un,54.49,69.28,70.98
europe_lau,União das freguesias de Venade e Azevedo,uniao_das_freguesias_de_venade_e_azevedo,un,57.53,70.88,73.41
europe_lau,União das freguesias de Castro Laboreiro e Lamas de Mouro,uniao_das_freguesias_de_castro_laboreiro_e_lamas_de_mouro,un,36.56,51.58,87.19
europe_lau,União das freguesias de Chaviães e Paços,uniao_das_freguesias_de_chaviaes_e_pacos,un,44.9,56.73,22.13
europe_lau,União das freguesias de Parada do Monte e Cubalhão,uniao_das_freguesias_de_parada_do_monte_e_cubalhao,un,50.61,65.16,89.06
europe_lau,União das freguesias de Prado e Remoães,uniao_das_freguesias_de_prado_e_remoaes,un,59.83,67.5,62.55
europe_lau,União das freguesias de Vila e Roussas,uniao_das_freguesias_de_vila_e_roussas,un,23.59,47.96,67.14
europe_lau,União das freguesias de Adoufe e Vilarinho de Samardã,uniao_das_freguesias_de_adoufe_e_vilarinho_de_samarda,un,38.23,72.33,98.2
europe_lau,União das freguesias de Borbela e Lamas de Olo,uniao_das_freguesias_de_borbela_e_lamas_de_olo,un,36.28,44.86,78.34
europe_lau,União das freguesias de Constantim e Vale de Nogueiras,uniao_das_freguesias_de_constantim_e_vale_de_nogueiras,un,38.09,63.68,-11.99
europe_lau,União das freguesias de Mouçós e Lamares,uniao_das_freguesias_de_moucos_e_lamares,un,43.75,61.67,-12.76
europe_lau,União das freguesias de Nogueira e Ermida,uniao_das_freguesias_de_nogueira_e_ermida,un,65.55,69.87,54.4
europe_lau,"União das freguesias de Pena, Quintã e Vila Cova",uniao_das_freguesias_de_pena_quinta_e_vila_cova,un,54.82,64.18,34.21
europe_lau,União das freguesias de São Tomé do Castelo e Justes,uniao_das_freguesias_de_sao_tome_do_castelo_e_justes,un,48.7,64.53,44.49
europe_lau,União das freguesias de Aricera e Goujoim,uniao_das_freguesias_de_aricera_e_goujoim,un,55.93,69.48,28.51
europe_lau,União das freguesias de São Romão e Santiago,uniao_das_freguesias_de_sao_romao_e_santiago,un,54.14,66.33,69.38
europe_lau,União das freguesias de Vila Seca e Santo Adrião,uniao_das_freguesias_de_vila_seca_e_santo_adriao,un,46.56,57.03,83.48
europe_lau,"União das freguesias de Mamouros, Alva e Ribolhos",uniao_das_freguesias_de_mamouros_alva_e_ribolhos,un,40.11,49.15,77.17
europe_lau,União das freguesias de Mezio e Moura Morta,uniao_das_freguesias_de_mezio_e_moura_morta,un,40.77,64.49,18.62
europe_lau,União das freguesias de Parada de Ester e Ester,uniao_das_freguesias_de_parada_de_ester_e_ester,un,54.98,65.99,45.01
europe_lau,União das freguesias de Picão e Ermida,uniao_das_freguesias_de_picao_e_ermida,un,44.2,52.75,81.26
europe_lau,União das freguesias de Reriz e Gafanhão,uniao_das_freguesias_de_reriz_e_gafanhao,un,40.69,55.25,12.58
europe_lau,União das freguesias de Cepos e Teixeira,uniao_das_freguesias_de_cepos_e_teixeira,un,37.78,60.74,51.55
europe_lau,União das freguesias de Cerdeira e Moura da Serra,uniao_das_freguesias_de_cerdeira_e_moura_da_serra,un,27.16,48.06,37.51
europe_lau,União das freguesias de Côja e Barril de Alva,uniao_das_freguesias_de_coja_e_barril_de_alva,un,39.96,52.41,87.55
europe_lau,União das freguesias de Vila Cova de Alva e Anseriz,uniao_das_freguesias_de_vila_cova_de_alva_e_anseriz,un,45.35,50.23,52.37
europe_lau,União das freguesias de Cantanhede e Pocariça,uniao_das_freguesias_de_cantanhede_e_pocarica,un,45.54,53.86,50.48
europe_lau,União das freguesias de Covões e Camarneira,uniao_das_freguesias_de_covoes_e_camarneira,un,45.5,71.13,96.28
europe_lau,União das freguesias de Portunhos e Outil,uniao_das_freguesias_de_portunhos_e_outil,un,54.5,61.45,27.53
europe_lau,União das freguesias de Sepins e Bolho,uniao_das_freguesias_de_sepins_e_bolho,un,42.55,62.45,74.5
europe_lau,União das freguesias de Vilamar e Corticeiro de Cima,uniao_das_freguesias_de_vilamar_e_corticeiro_de_cima,un,52.14,75.17,74.9
europe_lau,União das freguesias de Antuzede e Vil de Matos,uniao_das_freguesias_de_antuzede_e_vil_de_matos,un,50.9,69.72,91.28
europe_lau,União das freguesias de Assafarge e Antanhol,uniao_das_freguesias_de_assafarge_e_antanhol,un,35.8,50.09,63.33
europe_lau,"União das freguesias de Coimbra (Sé Nova, Santa Cruz, Almedina e São Bartolomeu)",uniao_das_freguesias_de_coimbra_se_nova_santa_cruz_almedina_e_sao_bartolomeu,un,23.52,48.48,78.01
europe_lau,União das freguesias de Eiras e São Paulo de Frades,uniao_das_freguesias_de_eiras_e_sao_paulo_de_frades,un,39.89,57.25,34.33
europe_lau,"União das freguesias de Custóias, Leça do Balio e Guifões",uniao_das_freguesias_de_custoias_leca_do_balio_e_guifoes,un,60.37,68.32,47.82
europe_lau,União das freguesias de Matosinhos e Leça da Palmeira,uniao_das_freguesias_de_matosinhos_e_leca_da_palmeira,un,45.33,68.67,67.18
europe_lau,"União das freguesias de Perafita, Lavra e Santa Cruz do Bispo",uniao_das_freguesias_de_perafita_lavra_e_santa_cruz_do_bispo,un,37.53,60.58,86.9
europe_lau,União das freguesias de São Mamede de Infesta e Senhora da Hora,uniao_das_freguesias_de_sao_mamede_de_infesta_e_senhora_da_hora,un,26.95,53.32,-31.45
europe_lau,"União das freguesias de Esqueiros, Nevogilde e Travassós",uniao_das_freguesias_de_esqueiros_nevogilde_e_travassos,un,29.18,55.61,-41.27
europe_lau,União das freguesias de Marrancos e Arcozelo,uniao_das_freguesias_de_marrancos_e_arcozelo,un,52.91,69.71,21.83
europe_lau,União das freguesias de Oriz (Santa Marinha) e Oriz (São Miguel),uniao_das_freguesias_de_oriz_santa_marinha_e_oriz_sao_miguel,un,27.62,50.09,94.44
europe_lau,"União das freguesias de Pico de Regalados, Gondiães e Mós",uniao_das_freguesias_de_pico_de_regalados_gondiaes_e_mos,un,55.78,67.73,26.42
europe_lau,"União das freguesias de Sande, Vilarinho, Barros e Gomide",uniao_das_freguesias_de_sande_vilarinho_barros_e_gomide,un,47.02,54.39,81.25
europe_lau,"União das freguesias de Valbom (São Pedro), Passô e Valbom (São Martinho)",uniao_das_freguesias_de_valbom_sao_pedro_passo_e_valbom_sao_martinho,un,35.44,44.96,47
europe_lau,União das freguesias do Vade,uniao_das_freguesias_do_vade,un,44.91,52.3,60.73
europe_lau,União das freguesias de Caldas de Vizela (São Miguel e São João),uniao_das_freguesias_de_caldas_de_vizela_sao_miguel_e_sao_joao,un,50.95,67.43,70.26
europe_lau,União das freguesias de Tagilde e Vizela (São Paio),uniao_das_freguesias_de_tagilde_e_vizela_sao_paio,un,35.78,56.48,44.29
europe_lau,"União das freguesias de Agrobom, Saldonha e Vale Pereiro",uniao_das_freguesias_de_agrobom_saldonha_e_vale_pereiro,un,60.92,67.93,80.62
europe_lau,"União das freguesias de Eucisia, Gouveia e Valverde",uniao_das_freguesias_de_eucisia_gouveia_e_valverde,un,46.43,64.68,63.52
europe_lau,União das freguesias de Ferradosa e Sendim da Serra,uniao_das_freguesias_de_ferradosa_e_sendim_da_serra,un,40.62,60.56,71.33
europe_lau,União das freguesias de Gebelim e Soeima,uniao_das_freguesias_de_gebelim_e_soeima,un,58.56,72.54,50.96
europe_lau,União das freguesias de Parada e Sendim da Ribeira,uniao_das_freguesias_de_parada_e_sendim_da_ribeira,un,31.81,50.67,98.05
europe_lau,União das freguesias de Pombal e Vales,uniao_das_freguesias_de_pombal_e_vales,un,57.09,68.11,63.02
europe_lau,União das freguesias de Aveleda e Rio de Onor,uniao_das_freguesias_de_aveleda_e_rio_de_onor,un,51.89,66.97,39.47
europe_lau,União das freguesias de Castrelos e Carrazedo,uniao_das_freguesias_de_castrelos_e_carrazedo,un,46.13,55.38,84.58
europe_lau,"União das freguesias de Izeda, Calvelhe e Paradinha Nova",uniao_das_freguesias_de_izeda_calvelhe_e_paradinha_nova,un,59.29,76.58,78.06
europe_lau,União das freguesias de Parada e Faílde,uniao_das_freguesias_de_parada_e_failde,un,41.64,51.48,59.87
europe_lau,União das freguesias de Rebordainhos e Pombares,uniao_das_freguesias_de_rebordainhos_e_pombares,un,48.19,59.25,76.96
europe_lau,União das freguesias de Rio Frio e Milhão,uniao_das_freguesias_de_rio_frio_e_milhao,un,60.55,73.34,82.76
europe_lau,União das freguesias de São Julião de Palácios e Deilão,uniao_das_freguesias_de_sao_juliao_de_palacios_e_deilao,un,52.92,76.36,87.86
europe_lau,"União das freguesias de Sé, Santa Maria e Meixedo",uniao_das_freguesias_de_se_santa_maria_e_meixedo,un,43.37,57.24,67.51
europe_lau,"União das freguesias de Crato e Mártires, Flor da Rosa e Vale do Peso",uniao_das_freguesias_de_crato_e_martires_flor_da_rosa_e_vale_do_peso,un,42.05,57.78,72.71
europe_lau,União das freguesias de Barbacena e Vila Fernando,uniao_das_freguesias_de_barbacena_e_vila_fernando,un,49.4,60.81,61.37
europe_lau,União das freguesias de Terrugem e Vila Boim,uniao_das_freguesias_de_terrugem_e_vila_boim,un,60.49,64.88,27.71
europe_lau,União das freguesias de Santa Clara e Castelo Viegas,uniao_das_freguesias_de_santa_clara_e_castelo_viegas,un,33.62,54.2,77.73
europe_lau,União das freguesias de São Martinho de Árvore e Lamarosa,uniao_das_freguesias_de_sao_martinho_de_arvore_e_lamarosa,un,24.89,61.8,97.49
europe_lau,União das freguesias de São Martinho do Bispo e Ribeira de Frades,uniao_das_freguesias_de_sao_martinho_do_bispo_e_ribeira_de_frades,un,56.59,71.42,75.03
europe_lau,União das freguesias de Souselas e Botão,uniao_das_freguesias_de_souselas_e_botao,un,52.55,63.27,78.05
europe_lau,"União das freguesias de Taveiro, Ameal e Arzila",uniao_das_freguesias_de_taveiro_ameal_e_arzila,un,48.45,65.55,69.41
europe_lau,União das freguesias de Trouxemil e Torre de Vilela,uniao_das_freguesias_de_trouxemil_e_torre_de_vilela,un,47.97,56.02,64.08
europe_lau,União das freguesias de Condeixa-a-Velha e Condeixa-a-Nova,uniao_das_freguesias_de_condeixa_a_velha_e_condeixa_a_nova,un,56.41,66.22,31.1
europe_lau,União das freguesias de Sebal e Belide,uniao_das_freguesias_de_sebal_e_belide,un,37.61,59.07,-6.36
europe_lau,União das freguesias de Vila Seca e Bem da Fé,uniao_das_freguesias_de_vila_seca_e_bem_da_fe,un,55.83,65.32,83.12
europe_lau,União das freguesias de Foz de Arouce e Casal de Ermio,uniao_das_freguesias_de_foz_de_arouce_e_casal_de_ermio,un,55.81,63.29,39.98
europe_lau,União das freguesias de Lousã e Vilarinho,uniao_das_freguesias_de_lousa_e_vilarinho,un,58.44,71.27,52.53
europe_lau,União das freguesias de Alheira e Igreja Nova,uniao_das_freguesias_de_alheira_e_igreja_nova,un,50.13,70.6,89.46
europe_lau,União das freguesias de Alvito (São Pedro e São Martinho) e Couto,uniao_das_freguesias_de_alvito_sao_pedro_e_sao_martinho_e_couto,un,36.12,59.95,96.12
europe_lau,União das freguesias de Areias de Vilar e Encourados,uniao_das_freguesias_de_areias_de_vilar_e_encourados,un,43.73,48.31,64.69
europe_lau,"União das freguesias de Barcelos, Vila Boa e Vila Frescainha (São Martinho e São Pedro)",uniao_das_freguesias_de_barcelos_vila_boa_e_vila_frescainha_sao_martinho_e_sao_pedro,un,34.99,46.85,68.37
europe_lau,União das freguesias de Campo e Tamel (São Pedro Fins),uniao_das_freguesias_de_campo_e_tamel_sao_pedro_fins,un,44.62,66.19,39.74
europe_lau,União das freguesias de Carreira e Fonte Coberta,uniao_das_freguesias_de_carreira_e_fonte_coberta,un,60.31,83.17,84.6
europe_lau,"União das freguesias de Chorente, Góios, Courel, Pedra Furada e Gueral",uniao_das_freguesias_de_chorente_goios_courel_pedra_furada_e_gueral,un,39.21,58.84,6.58
europe_lau,União das freguesias de Creixomil e Mariz,uniao_das_freguesias_de_creixomil_e_mariz,un,49.23,71.18,63.75
europe_lau,União das freguesias de Durrães e Tregosa,uniao_das_freguesias_de_durraes_e_tregosa,un,40.42,65.18,-34.66
europe_lau,União das freguesias de Gamil e Midões,uniao_das_freguesias_de_gamil_e_midoes,un,60.99,74.54,65.51
europe_lau,"União das freguesias de Milhazes, Vilar de Figos e Faria",uniao_das_freguesias_de_milhazes_vilar_de_figos_e_faria,un,67.52,71.49,71.47
europe_lau,União das freguesias de Negreiros e Chavão,uniao_das_freguesias_de_negreiros_e_chavao,un,24.25,67.39,67.97
europe_lau,União das freguesias de Quintiães e Aguiar,uniao_das_freguesias_de_quintiaes_e_aguiar,un,60.81,68,35.99
europe_lau,União das freguesias de Sequeade e Bastuço (São João e Santo Estevão),uniao_das_freguesias_de_sequeade_e_bastuco_sao_joao_e_santo_estevao,un,46.74,64.98,61.75
europe_lau,União das freguesias de Silveiros e Rio Covo (Santa Eulália),uniao_das_freguesias_de_silveiros_e_rio_covo_santa_eulalia,un,38.84,70.31,93.31
europe_lau,União das freguesias de Tamel (Santa Leocádia) e Vilar do Monte,uniao_das_freguesias_de_tamel_santa_leocadia_e_vilar_do_monte,un,46.55,63.64,61.67
europe_lau,"União das freguesias de Viatodos, Grimancelos, Minhotães e Monte de Fralães",uniao_das_freguesias_de_viatodos_grimancelos_minhotaes_e_monte_de_fralaes,un,58.46,78.88,59.35
europe_lau,União das freguesias de Vila Cova e Feitos,uniao_das_freguesias_de_vila_cova_e_feitos,un,30.65,54.27,83.71
europe_lau,União das freguesias de Arentim e Cunha,uniao_das_freguesias_de_arentim_e_cunha,un,46.38,64.36,88.57
europe_lau,União das freguesias de Gavião e Atalaia,uniao_das_freguesias_de_gaviao_e_atalaia,un,40.42,62.86,-25.76
europe_lau,União das freguesias de Arez e Amieira do Tejo,uniao_das_freguesias_de_arez_e_amieira_do_tejo,un,66.18,74.39,48.47
europe_lau,"União das freguesias de Espírito Santo, Nossa Senhora da Graça e São Simão",uniao_das_freguesias_de_espirito_santo_nossa_senhora_da_graca_e_sao_simao,un,35.5,52.75,98.28
europe_lau,"União das freguesias de Ponte de Sor, Tramaga e Vale de Açor",uniao_das_freguesias_de_ponte_de_sor_tramaga_e_vale_de_acor,un,38.21,57.04,3.97
europe_lau,União das freguesias da Sé e São Lourenço,uniao_das_freguesias_da_se_e_sao_lourenco,un,73.07,74.76,60.64
europe_lau,União das freguesias de Reguengo e São Julião,uniao_das_freguesias_de_reguengo_e_sao_juliao,un,40.82,53.06,-0.4
europe_lau,União das freguesias de Ribeira de Nisa e Carreiras,uniao_das_freguesias_de_ribeira_de_nisa_e_carreiras,un,37.9,66.83,47.83
europe_lau,"União das freguesias de Aboadela, Sanche e Várzea",uniao_das_freguesias_de_aboadela_sanche_e_varzea,un,37.46,65.75,3.37
europe_lau,"União das freguesias de Amarante (São Gonçalo), Madalena, Cepelos e Gatão",uniao_das_freguesias_de_amarante_sao_goncalo_madalena_cepelos_e_gatao,un,37.02,58.68,85.71
europe_lau,"União das freguesias de Bustelo, Carneiro e Carvalho de Rei",uniao_das_freguesias_de_bustelo_carneiro_e_carvalho_de_rei,un,36.5,54.22,20.39
europe_lau,União das freguesias de Figueiró (Santiago e Santa Cristina),uniao_das_freguesias_de_figueiro_santiago_e_santa_cristina,un,54.8,72.55,33.97
europe_lau,União das freguesias de Freixo de Cima e de Baixo,uniao_das_freguesias_de_freixo_de_cima_e_de_baixo,un,39.49,75.83,52.68
europe_lau,"União das freguesias de Braga (Maximinos, Sé e Cividade)",uniao_das_freguesias_de_braga_maximinos_se_e_cividade,un,57.2,67.79,66.93
europe_lau,União das freguesias de Braga (São José de São Lázaro e São João do Souto),uniao_das_freguesias_de_braga_sao_jose_de_sao_lazaro_e_sao_joao_do_souto,un,40.43,61.82,61.52
europe_lau,União das freguesias de Cabreiros e Passos (São Julião),uniao_das_freguesias_de_cabreiros_e_passos_sao_juliao,un,31.12,59.82,84.29
europe_lau,"União das freguesias de Celeirós, Aveleda e Vimieiro",uniao_das_freguesias_de_celeiros_aveleda_e_vimieiro,un,41.62,59.01,98.66
europe_lau,União das freguesias de Crespos e Pousada,uniao_das_freguesias_de_crespos_e_pousada,un,55.68,63.37,67.45
europe_lau,União das freguesias de Escudeiros e Penso (Santo Estêvão e São Vicente),uniao_das_freguesias_de_escudeiros_e_penso_santo_estevao_e_sao_vicente,un,59.12,63.8,47.24
europe_lau,União das freguesias de Este (São Pedro e São Mamede),uniao_das_freguesias_de_este_sao_pedro_e_sao_mamede,un,52.61,68.48,39
europe_lau,União das freguesias de Ferreiros e Gondizalves,uniao_das_freguesias_de_ferreiros_e_gondizalves,un,50.97,70.28,71.28
europe_lau,União das freguesias de Guisande e Oliveira (São Pedro),uniao_das_freguesias_de_guisande_e_oliveira_sao_pedro,un,53.38,83.35,35.31
europe_lau,União das freguesias de Lomar e Arcos,uniao_das_freguesias_de_lomar_e_arcos,un,47.35,68.3,83.97
europe_lau,"União das freguesias de Merelim (São Paio), Panoias e Parada de Tibães",uniao_das_freguesias_de_merelim_sao_paio_panoias_e_parada_de_tibaes,un,30.88,52.3,94.25
europe_lau,União das freguesias de Merelim (São Pedro) e Frossos,uniao_das_freguesias_de_merelim_sao_pedro_e_frossos,un,43.34,68.64,99.12
europe_lau,União das freguesias de Morreira e Trandeiras,uniao_das_freguesias_de_morreira_e_trandeiras,un,51.51,59.79,39.18
europe_lau,"União das freguesias de Nogueira, Fraião e Lamaçães",uniao_das_freguesias_de_nogueira_fraiao_e_lamacaes,un,60.52,66.24,57
europe_lau,União das freguesias de Nogueiró e Tenões,uniao_das_freguesias_de_nogueiro_e_tenoes,un,46.34,62.94,81.21
europe_lau,União das freguesias de Santa Lucrécia de Algeriz e Navarra,uniao_das_freguesias_de_santa_lucrecia_de_algeriz_e_navarra,un,38.32,60.89,58.71
europe_lau,União das freguesias de Vilaça e Fradelos,uniao_das_freguesias_de_vilaca_e_fradelos,un,58.13,63.82,45.52
europe_lau,União das freguesias de Atalaia e Safurdão,uniao_das_freguesias_de_atalaia_e_safurdao,un,37.47,66.62,86.63
europe_lau,"União das freguesias de Aldeia da Ribeira, Vilar Maior e Badamalos",uniao_das_freguesias_de_aldeia_da_ribeira_vilar_maior_e_badamalos,un,42.5,72.63,-4.29
europe_lau,União das freguesias de Lajeosa e Forcalhos,uniao_das_freguesias_de_lajeosa_e_forcalhos,un,63.37,69.22,76.96
europe_lau,"União das freguesias de Pousafoles do Bispo, Pena Lobo e Lomba",uniao_das_freguesias_de_pousafoles_do_bispo_pena_lobo_e_lomba,un,42.09,61.21,61.05
europe_lau,"União das freguesias de Ruvina, Ruivós e Vale das Éguas",uniao_das_freguesias_de_ruvina_ruivos_e_vale_das_eguas,un,56.44,59.99,50.97
europe_lau,União das freguesias do Sabugal e Aldeia de Santo António,uniao_das_freguesias_do_sabugal_e_aldeia_de_santo_antonio,un,38.18,60.39,-30.47
europe_lau,União das freguesias de Santo Estêvão e Moita,uniao_das_freguesias_de_santo_estevao_e_moita,un,57.2,66.24,29.01
europe_lau,União das freguesias de Seixo do Côa e Vale Longo,uniao_das_freguesias_de_seixo_do_coa_e_vale_longo,un,47.06,59.32,14.55
europe_lau,União das freguesias de Carragozela e Várzea de Meruge,uniao_das_freguesias_de_carragozela_e_varzea_de_meruge,un,44.28,61.58,45.43
europe_lau,União das freguesias de Sameice e Santa Eulália,uniao_das_freguesias_de_sameice_e_santa_eulalia,un,48.57,65.9,32.94
europe_lau,União das freguesias de Santa Marinha e São Martinho,uniao_das_freguesias_de_santa_marinha_e_sao_martinho,un,44.56,65.15,46.46
europe_lau,"União das freguesias de Seia, São Romão e Lapa dos Dinheiros",uniao_das_freguesias_de_seia_sao_romao_e_lapa_dos_dinheiros,un,44.77,62.95,71.35
europe_lau,União das freguesias de Torrozelo e Folhadosa,uniao_das_freguesias_de_torrozelo_e_folhadosa,un,48.97,63.83,30.2
europe_lau,União das freguesias de Tourais e Lajes,uniao_das_freguesias_de_tourais_e_lajes,un,28,54.63,-10.16
europe_lau,União das freguesias de Vide e Cabeça,uniao_das_freguesias_de_vide_e_cabeca,un,43.18,68.55,78.24
europe_lau,União das freguesias de Anhões e Luzio,uniao_das_freguesias_de_anhoes_e_luzio,un,65.12,80.46,37.64
europe_lau,União das freguesias de Ceivães e Badim,uniao_das_freguesias_de_ceivaes_e_badim,un,36.86,59.05,3.55
europe_lau,União das freguesias de Mazedo e Cortes,uniao_das_freguesias_de_mazedo_e_cortes,un,50.44,62.11,63.98
europe_lau,"União das freguesias de Messegães, Valadares e Sá",uniao_das_freguesias_de_messegaes_valadares_e_sa,un,57.04,72.07,28.62
europe_lau,União das freguesias de Monção e Troviscoso,uniao_das_freguesias_de_moncao_e_troviscoso,un,47.31,58.49,16.18
europe_lau,"União das freguesias de Sago, Lordelo e Parada",uniao_das_freguesias_de_sago_lordelo_e_parada,un,48.85,60.72,51.23
europe_lau,União das freguesias de Troporiz e Lapela,uniao_das_freguesias_de_troporiz_e_lapela,un,42.39,58.82,-5.53
europe_lau,União das freguesias de Bico e Cristelo,uniao_das_freguesias_de_bico_e_cristelo,un,30.46,47.04,96.22
europe_lau,União das freguesias de Cossourado e Linhares,uniao_das_freguesias_de_cossourado_e_linhares,un,38.62,58.91,94.33
europe_lau,União das freguesias de Formariz e Ferreira,uniao_das_freguesias_de_formariz_e_ferreira,un,37.52,58.05,96.04
europe_lau,União das freguesias de Insalde e Porreiras,uniao_das_freguesias_de_insalde_e_porreiras,un,54.29,73.08,50.99
europe_lau,União das freguesias de Paredes de Coura e Resende,uniao_das_freguesias_de_paredes_de_coura_e_resende,un,48.72,72.78,67.83
europe_lau,"União das freguesias de Crasto, Ruivos e Grovelas",uniao_das_freguesias_de_crasto_ruivos_e_grovelas,un,31.24,58.26,83.8
europe_lau,"União das freguesias de Entre Ambos-os-Rios, Ermida e Germil",uniao_das_freguesias_de_entre_ambos_os_rios_ermida_e_germil,un,52.26,66.52,25.34
europe_lau,"União das freguesias de Ponte da Barca, Vila Nova de Muía e Paço Vedro de Magalhães",uniao_das_freguesias_de_ponte_da_barca_vila_nova_de_muia_e_paco_vedro_de_magalhaes,un,41.78,63.08,7.51
europe_lau,União das freguesias de Touvedo (São Lourenço e Salvador),uniao_das_freguesias_de_touvedo_sao_lourenco_e_salvador,un,53.82,70.11,84.89
europe_lau,União das freguesias de Vila Chã (São João Baptista e Santiago),uniao_das_freguesias_de_vila_cha_sao_joao_baptista_e_santiago,un,49.64,67.38,74.58
europe_lau,"União das freguesias de Alhões, Bustelo, Gralheira e Ramires",uniao_das_freguesias_de_alhoes_bustelo_gralheira_e_ramires,un,35.11,46.65,92.09
europe_lau,"União das freguesias de Bigorne, Magueija e Pretarouca",uniao_das_freguesias_de_bigorne_magueija_e_pretarouca,un,40.74,64.94,91.23
europe_lau,"União das freguesias de Cepões, Meijinhos e Melcões",uniao_das_freguesias_de_cepoes_meijinhos_e_melcoes,un,24.44,56.97,27.29
europe_lau,União das freguesias de Parada do Bispo e Valdigem,uniao_das_freguesias_de_parada_do_bispo_e_valdigem,un,47.29,60.47,66.71
europe_lau,"União das freguesias de Mangualde, Mesquitela e Cunha Alta",uniao_das_freguesias_de_mangualde_mesquitela_e_cunha_alta,un,47.39,56.91,28.02
europe_lau,União das freguesias de Moimenta de Maceira Dão e Lobelhe do Mato,uniao_das_freguesias_de_moimenta_de_maceira_dao_e_lobelhe_do_mato,un,57.54,73.84,50.32
europe_lau,União das freguesias de Santiago de Cassurrães e Póvoa de Cervães,uniao_das_freguesias_de_santiago_de_cassurraes_e_povoa_de_cervaes,un,51.69,68.9,61.58
europe_lau,"União das freguesias de Tavares (Chãs, Várzea e Travanca)",uniao_das_freguesias_de_tavares_chas_varzea_e_travanca,un,61.09,67.14,24.44
europe_lau,União das freguesias de Paradinha e Nagosa,uniao_das_freguesias_de_paradinha_e_nagosa,un,34.62,47.92,89.11
europe_lau,"União das freguesias de Pêra Velha, Aldeia de Nacomba e Ariz",uniao_das_freguesias_de_pera_velha_aldeia_de_nacomba_e_ariz,un,41.89,45.99,49.23
europe_lau,União das freguesias de Peva e Segões,uniao_das_freguesias_de_peva_e_segoes,un,39.5,56.08,87.04
europe_lau,"União das freguesias de Mortágua, Vale de Remígio, Cortegaça e Almaça",uniao_das_freguesias_de_mortagua_vale_de_remigio_cortegaca_e_almaca,un,46.51,54.04,30.04
europe_lau,União das freguesias de Carvalhal Redondo e Aguieira,uniao_das_freguesias_de_carvalhal_redondo_e_aguieira,un,47.13,75.67,29.81
europe_lau,União das freguesias de Santar e Moreira,uniao_das_freguesias_de_santar_e_moreira,un,22.23,44.17,35.6
europe_lau,União das freguesias de Semide e Rio Vide,uniao_das_freguesias_de_semide_e_rio_vide,un,58.76,70.29,79.44
europe_lau,"União das freguesias de Abrunheira, Verride e Vila Nova da Barca",uniao_das_freguesias_de_abrunheira_verride_e_vila_nova_da_barca,un,31.67,66.47,-103.44
europe_lau,União das freguesias de Montemor-o-Velho e Gatões,uniao_das_freguesias_de_montemor_o_velho_e_gatoes,un,42.09,49.13,52.59
europe_lau,União das freguesias de Freches e Torres,uniao_das_freguesias_de_freches_e_torres,un,37.62,57.77,43.39
europe_lau,"União das freguesias de Aldoar, Foz do Douro e Nevogilde",uniao_das_freguesias_de_aldoar_foz_do_douro_e_nevogilde,un,41.27,58.19,85.7
europe_lau,"União das freguesias de Cedofeita, Santo Ildefonso, Sé, Miragaia, São Nicolau e Vitória",uniao_das_freguesias_de_cedofeita_santo_ildefonso_se_miragaia_sao_nicolau_e_vitoria,un,57.09,65.95,61.36
europe_lau,União das freguesias de Lordelo do Ouro e Massarelos,uniao_das_freguesias_de_lordelo_do_ouro_e_massarelos,un,36.05,62.91,11.53
europe_lau,União das freguesias de Amedo e Zedes,uniao_das_freguesias_de_amedo_e_zedes,un,47.01,72.69,65.6
europe_lau,União das freguesias de Belver e Mogo de Malta,uniao_das_freguesias_de_belver_e_mogo_de_malta,un,43.19,66.98,85.91
europe_lau,União das freguesias de Castanheiro do Norte e Ribalonga,uniao_das_freguesias_de_castanheiro_do_norte_e_ribalonga,un,50.4,63.65,77.93
europe_lau,"União das freguesias de Lavandeira, Beira Grande e Selores",uniao_das_freguesias_de_lavandeira_beira_grande_e_selores,un,39.94,65.64,88.19
europe_lau,União das freguesias de Freixo de Espada à Cinta e Mazouco,uniao_das_freguesias_de_freixo_de_espada_a_cinta_e_mazouco,un,44.03,60.51,76.6
europe_lau,União das freguesias de Lagoaça e Fornos,uniao_das_freguesias_de_lagoaca_e_fornos,un,57.9,76.66,64.85
europe_lau,União das freguesias de Ala e Vilarinho do Monte,uniao_das_freguesias_de_ala_e_vilarinho_do_monte,un,43.33,57.14,39.09
europe_lau,União das freguesias de Bornes e Burga,uniao_das_freguesias_de_bornes_e_burga,un,43.64,54.46,72.05
europe_lau,União das freguesias de Castelãos e Vilar do Monte,uniao_das_freguesias_de_castelaos_e_vilar_do_monte,un,47.39,72.26,78.94
europe_lau,"União das freguesias de Espadanedo, Edroso, Murçós e Soutelo Mourisco",uniao_das_freguesias_de_espadanedo_edroso_murcos_e_soutelo_mourisco,un,46.73,51.52,42.31
europe_lau,União das freguesias de Podence e Santa Combinha,uniao_das_freguesias_de_podence_e_santa_combinha,un,53.5,64.27,75.45
europe_lau,União das freguesias de Talhinhas e Bagueixe,uniao_das_freguesias_de_talhinhas_e_bagueixe,un,31.22,56.67,21.92
europe_lau,União das freguesias de Constantim e Cicouro,uniao_das_freguesias_de_constantim_e_cicouro,un,47.89,59.68,60.96
europe_lau,União das freguesias de Ifanes e Paradela,uniao_das_freguesias_de_ifanes_e_paradela,un,58.2,74.15,19.41
europe_lau,União das freguesias de Sendim e Atenor,uniao_das_freguesias_de_sendim_e_atenor,un,27.27,56.91,56.22
europe_lau,União das freguesias de Silva e Águas Vivas,uniao_das_freguesias_de_silva_e_aguas_vivas,un,38.26,57.25,68.79
europe_lau,União das freguesias de Águas Boas e Forles,uniao_das_freguesias_de_aguas_boas_e_forles,un,47.46,60.29,5.42
europe_lau,"União das freguesias de Romãs, Decermilo e Vila Longa",uniao_das_freguesias_de_romas_decermilo_e_vila_longa,un,63.84,69.77,48.08
europe_lau,União das freguesias de Ervedal e Vila Franca da Beira,uniao_das_freguesias_de_ervedal_e_vila_franca_da_beira,un,52.63,75.24,22.91
europe_lau,União das freguesias de Lagos da Beira e Lajeosa,uniao_das_freguesias_de_lagos_da_beira_e_lajeosa,un,49.53,66.96,49.21
europe_lau,União das freguesias de Oliveira do Hospital e São Paio de Gramaços,uniao_das_freguesias_de_oliveira_do_hospital_e_sao_paio_de_gramacos,un,52.02,63.48,50.34
europe_lau,União das freguesias de Penalva de Alva e São Sebastião da Feira,uniao_das_freguesias_de_penalva_de_alva_e_sao_sebastiao_da_feira,un,30.97,54.57,55.23
europe_lau,União das freguesias de Santa Ovaia e Vila Pouca da Beira,uniao_das_freguesias_de_santa_ovaia_e_vila_pouca_da_beira,un,17.48,43,1.73
europe_lau,Unhais-o-Velho,unhais_o_velho,un,56.47,62.02,53.27
europe_lau,União das freguesias de Oliveira do Mondego e Travanca do Mondego,uniao_das_freguesias_de_oliveira_do_mondego_e_travanca_do_mondego,un,50.14,63.34,39.54
europe_lau,União das freguesias de São Pedro de Alva e São Paio de Mondego,uniao_das_freguesias_de_sao_pedro_de_alva_e_sao_paio_de_mondego,un,44.66,54.79,26.7
europe_lau,"União das freguesias de São Miguel, Santa Eufémia e Rabaçal",uniao_das_freguesias_de_sao_miguel_santa_eufemia_e_rabacal,un,44.88,51.63,19.73
europe_lau,União das freguesias de Degracias e Pombalinho,uniao_das_freguesias_de_degracias_e_pombalinho,un,40.27,58.29,72.59
europe_lau,União das freguesias de Gesteira e Brunhós,uniao_das_freguesias_de_gesteira_e_brunhos,un,22.41,53.63,78.7
europe_lau,União das freguesias de Ázere e Covelo,uniao_das_freguesias_de_azere_e_covelo,un,38.57,51.59,79.19
europe_lau,União das freguesias de Covas e Vila Nova de Oliveirinha,uniao_das_freguesias_de_covas_e_vila_nova_de_oliveirinha,un,52.69,68.5,59.76
europe_lau,União das freguesias de Espariz e Sinde,uniao_das_freguesias_de_espariz_e_sinde,un,46.79,61.25,6.75
europe_lau,União das freguesias de Belmonte e Colmeal da Torre,uniao_das_freguesias_de_belmonte_e_colmeal_da_torre,un,28.99,53.5,94.43
europe_lau,União das freguesias de Bensafrim e Barão de São João,uniao_das_freguesias_de_bensafrim_e_barao_de_sao_joao,un,59.4,71.17,46.99
europe_lau,União das freguesias de Silva Escura e Dornelas,uniao_das_freguesias_de_silva_escura_e_dornelas,un,51.92,72.04,85.18
europe_lau,União das freguesias de Idanha-a-Nova e Alcafozes,uniao_das_freguesias_de_idanha_a_nova_e_alcafozes,un,62.86,63.59,59.64
europe_lau,União das freguesias de Cadafaz e Colmeal,uniao_das_freguesias_de_cadafaz_e_colmeal,un,47.94,58.11,48.46
europe_lau,"União das freguesias de Real, Dume e Semelhe",uniao_das_freguesias_de_real_dume_e_semelhe,un,26.19,50.33,60.05
europe_lau,União das freguesias de Friúmes e Paradela,uniao_das_freguesias_de_friumes_e_paradela,un,37.07,57.49,-19.36
europe_lau,"Unkel, Stadt",unkel_stadt,un,12.7,30.22,26.15
europe_lau,Unterreit,unterreit,un,27.04,57.48,-76.87
europe_lau,Unterägeri,unterageri,un,53.7,71.22,78.05
