{
"type": "FeatureCollection",
"name": "vocklamarkt",
"crs": { "type": "name", "properties": { "name": "urn:ogc:def:crs:OGC:1.3:CRS84" } },
"features": [
{ "type": "Feature", "properties": { "name": "Vöcklamarkt", "feature_type": "entity", "metric_roundness": 42.24, "metric_rectangularity": 54.74, "metric_mobile_fit": 72.03, "metric_aspect_ratio": 0.842, "metric_area_km2": 61.26 }, "geometry": { "type": "Polygon", "coordinates": [ [ [ 13.519521443504278, 47.996514425626188 ], [ 13.519524511133987, 47.996510192431451 ], [ 13.519494582216822, 47.996499175243663 ], [ 13.519448145396108, 47.996482067176004 ], [ 13.519472462969262, 47.99642319233822 ], [ 13.519541162378987, 47.99625665047477 ], [ 13.519621018337466, 47.996024237807383 ], [ 13.519712005929701, 47.995606843586692 ], [ 13.519784747571704, 47.995147466050931 ], [ 13.519820737620082, 47.994942562612387 ], [ 13.519862902260993, 47.99470292352585 ], [ 13.520366036540159, 47.994699950901712 ], [ 13.520604201158513, 47.994698575460376 ], [ 13.521247392574123, 47.994694742130491 ], [ 13.521294173296972, 47.994696015466161 ], [ 13.521401407904662, 47.994699169561308 ], [ 13.521436923505572, 47.994661507270401 ], [ 13.521494869902211, 47.994600058245048 ], [ 13.521993218525537, 47.994608241734035 ], [ 13.522334759924158, 47.994544349608361 ], [ 13.522350298331231, 47.994541895188462 ], [ 13.522362890085265, 47.994539985365243 ], [ 13.522457460114023, 47.994525076673035 ], [ 13.52262463288068, 47.994498983530384 ], [ 13.522703932443159, 47.994486528654193 ], [ 13.523100260107091, 47.994377742943193 ], [ 13.523160110638372, 47.994361271372568 ], [ 13.523659220497848, 47.994211651590192 ], [ 13.523771010897981, 47.994178091137847 ], [ 13.523902319328704, 47.994130913989252 ], [ 13.525110451441487, 47.993696463195207 ], [ 13.5255725146364, 47.993498766464796 ], [ 13.525793976944547, 47.993403936692303 ], [ 13.52597527695486, 47.993538848719737 ], [ 13.525986566374568, 47.993547286404308 ], [ 13.526055377504282, 47.993598540435791 ], [ 13.526205404913288, 47.993612594153106 ], [ 13.526268687253925, 47.993618515995941 ], [ 13.526277133857693, 47.993619311554959 ], [ 13.526437613704271, 47.993632897699229 ], [ 13.526515775596055, 47.993639514237181 ], [ 13.526730548835836, 47.993403991906369 ], [ 13.526943550046102, 47.993161005205316 ], [ 13.527135494458163, 47.992950530024984 ], [ 13.527224331361483, 47.992872832934225 ], [ 13.527341104433473, 47.992775117095043 ], [ 13.527428599321448, 47.992733047408457 ], [ 13.527558294459514, 47.992722303768858 ], [ 13.527594335936609, 47.992719364354862 ], [ 13.527631985015342, 47.992716242299977 ], [ 13.527671833549862, 47.992691975248619 ], [ 13.527668742286943, 47.992689641413129 ], [ 13.527450457116537, 47.992520608244021 ], [ 13.527371691484667, 47.992459475823743 ], [ 13.527203112328515, 47.992357471018032 ], [ 13.527250241179004, 47.992308811938976 ], [ 13.527392697028604, 47.99216220304455 ], [ 13.52744049294977, 47.99211282306041 ], [ 13.527516051802548, 47.992032988921174 ], [ 13.527543151398978, 47.992004335153609 ], [ 13.527572529326175, 47.991975677548567 ], [ 13.527596170778418, 47.991990031864319 ], [ 13.527619543529534, 47.992004206701253 ], [ 13.5278067926945, 47.992117244923712 ], [ 13.527930572787538, 47.992030402180085 ], [ 13.527884637621781, 47.992003760558028 ], [ 13.527699017102853, 47.991896117493667 ], [ 13.527744736700768, 47.991865093311183 ], [ 13.528169437216352, 47.99161059234541 ], [ 13.528225843205599, 47.99157028376176 ], [ 13.528293077439832, 47.991522669877426 ], [ 13.52830042866149, 47.991517349656966 ], [ 13.52827323903349, 47.991485998473145 ], [ 13.527845747420479, 47.990993182298567 ], [ 13.527708322428008, 47.990834898871746 ], [ 13.527533628547584, 47.990673259341655 ], [ 13.527385940932843, 47.990601627114138 ], [ 13.527249297451023, 47.990544550160031 ], [ 13.527223525873287, 47.990533797862234 ], [ 13.527171311657435, 47.990512024486556 ], [ 13.527098837417119, 47.990483987664319 ], [ 13.527043810948133, 47.990462758725933 ], [ 13.526825075118991, 47.990385757157213 ], [ 13.52674431784828, 47.990256435672535 ], [ 13.526733983479383, 47.990180254330106 ], [ 13.526739611359986, 47.989927538880472 ], [ 13.526739733507062, 47.989635788687387 ], [ 13.526875101788438, 47.9896029953564 ], [ 13.526967355544329, 47.989580619890788 ], [ 13.526958068349595, 47.989569839898159 ], [ 13.526941243862153, 47.98955034612667 ], [ 13.526937205679213, 47.989545584855691 ], [ 13.526648809183978, 47.989510982279441 ], [ 13.526311563316323, 47.989458018187655 ], [ 13.526244956987787, 47.989457859552068 ], [ 13.526059489023169, 47.989424253088039 ], [ 13.52575869061177, 47.989369697199258 ], [ 13.525921160842559, 47.989091710634419 ], [ 13.525934967795628, 47.98905642211345 ], [ 13.525986082293102, 47.988926430283072 ], [ 13.525947910225405, 47.98878750107729 ], [ 13.525864800942955, 47.988673206667087 ], [ 13.525845798348831, 47.988644360207836 ], [ 13.52574324110191, 47.988489344864824 ], [ 13.525736772268997, 47.988479549669826 ], [ 13.525688620071957, 47.988395784321781 ], [ 13.525619156254148, 47.98827471977124 ], [ 13.525512570931777, 47.988080936843311 ], [ 13.525478166807613, 47.987982034733037 ], [ 13.525466517346979, 47.987948317969753 ], [ 13.525430642708967, 47.987777717739029 ], [ 13.525421231000276, 47.987733021755631 ], [ 13.525336512966623, 47.98776312030288 ], [ 13.525174437239928, 47.987820606094608 ], [ 13.525158377191829, 47.987826390401452 ], [ 13.524723012987309, 47.98780048352679 ], [ 13.52471617712915, 47.987800135000967 ], [ 13.524558874753163, 47.987770977608122 ], [ 13.52430729859163, 47.987724343149594 ], [ 13.524012031052942, 47.987603380837399 ], [ 13.523900473744639, 47.987513691854986 ], [ 13.5238960385784, 47.9875101906132 ], [ 13.523835286739061, 47.987461260962128 ], [ 13.523686342287569, 47.987408518278073 ], [ 13.523583825544316, 47.987372162179071 ], [ 13.523381818205102, 47.987283971083393 ], [ 13.522936470924456, 47.987091192445767 ], [ 13.522437829488966, 47.987204013907458 ], [ 13.522336129334887, 47.987244573778689 ], [ 13.522228273414811, 47.987287572629462 ], [ 13.52170424677082, 47.987496602927131 ], [ 13.521661692869159, 47.987513585371218 ], [ 13.52118444951032, 47.987430516970932 ], [ 13.521024474899399, 47.987402708568126 ], [ 13.520599683663137, 47.987259637120765 ], [ 13.520513007985786, 47.987230359700547 ], [ 13.520496907491834, 47.987224988008506 ], [ 13.5200432457912, 47.986878015047637 ], [ 13.51998841981724, 47.986836090913812 ], [ 13.519978207142387, 47.98682828063145 ], [ 13.519987810820293, 47.986741000942459 ], [ 13.519988976243509, 47.986729663713177 ], [ 13.51999676713625, 47.986622685038839 ], [ 13.520091584194004, 47.986531039323182 ], [ 13.519769026601317, 47.986306472831707 ], [ 13.519700180117443, 47.986091212334692 ], [ 13.519618888055202, 47.986067773151092 ], [ 13.519207196832662, 47.985948965458697 ], [ 13.518924722814015, 47.9858770893903 ], [ 13.518383003823569, 47.985896401040982 ], [ 13.518314239114792, 47.985890933485337 ], [ 13.51815914989769, 47.985878586944217 ], [ 13.51798940401021, 47.985814354930788 ], [ 13.517842470047119, 47.985758722682959 ], [ 13.517667894065294, 47.985692608688211 ], [ 13.517495063136483, 47.985627211351591 ], [ 13.517464207312782, 47.985617454572157 ], [ 13.517413228178748, 47.985601342480422 ], [ 13.517386530989361, 47.985592838535169 ], [ 13.517371724932415, 47.985574329733161 ], [ 13.517015300847151, 47.985127330747886 ], [ 13.516937367482832, 47.985029574813744 ], [ 13.516846444673543, 47.984782230816336 ], [ 13.516829666591438, 47.984736376288552 ], [ 13.516824120157109, 47.984721541187341 ], [ 13.516747382853671, 47.984696743298819 ], [ 13.516589883642078, 47.984645804308407 ], [ 13.516412283764057, 47.984518518284148 ], [ 13.516096716847949, 47.984292311040704 ], [ 13.515989392213548, 47.984333683943099 ], [ 13.515848344396138, 47.984388064734112 ], [ 13.515844865081778, 47.98438941967941 ], [ 13.515501246988517, 47.984149490777149 ], [ 13.515282692526316, 47.983996897997578 ], [ 13.515166838309323, 47.984051598121802 ], [ 13.515153862532827, 47.984058005933235 ], [ 13.514920303032158, 47.984174785690051 ], [ 13.514884505585099, 47.984130939966668 ], [ 13.514855167540006, 47.984094910870873 ], [ 13.514777921059094, 47.984000391052149 ], [ 13.51473377944278, 47.983946122666616 ], [ 13.51468026494835, 47.983855433914108 ], [ 13.514575122853664, 47.983677022150054 ], [ 13.514483069908112, 47.98352458909816 ], [ 13.514481063674694, 47.983487167578645 ], [ 13.514469929566438, 47.983291155352276 ], [ 13.514466169783487, 47.983250407943672 ], [ 13.514454205764912, 47.983123938519668 ], [ 13.514374157809673, 47.983032391583265 ], [ 13.514339447668243, 47.982992592314652 ], [ 13.514310657579399, 47.982959710920923 ], [ 13.514299491012384, 47.982946863688454 ], [ 13.514187761129822, 47.982876957418895 ], [ 13.514102750514656, 47.982822392919246 ], [ 13.514049453472509, 47.982755093927537 ], [ 13.513987546499736, 47.982600724036445 ], [ 13.514017025354235, 47.982484715395437 ], [ 13.514071798827711, 47.982398444967018 ], [ 13.514089041911358, 47.982386182987689 ], [ 13.514140904172748, 47.98234912693615 ], [ 13.514223048498241, 47.982273159339918 ], [ 13.514231311251303, 47.982260191699694 ], [ 13.514268892763393, 47.982201027016671 ], [ 13.514328855391177, 47.982104402561518 ], [ 13.51441151835829, 47.981869559026656 ], [ 13.514415448399744, 47.981843733429258 ], [ 13.514435074448699, 47.981707678309171 ], [ 13.514454614605667, 47.981585477646554 ], [ 13.514511264210947, 47.981499743819342 ], [ 13.514530591304959, 47.981470385492656 ], [ 13.51463696037677, 47.981309904117857 ], [ 13.51468254620513, 47.981240920724275 ], [ 13.514756241530378, 47.981009779447874 ], [ 13.514919883146598, 47.980827796549427 ], [ 13.514975595994738, 47.980704459317955 ], [ 13.51502861689479, 47.980616121984703 ], [ 13.514918341721602, 47.980577971104765 ], [ 13.514868433959284, 47.980560056926024 ], [ 13.514721393221727, 47.980507029752623 ], [ 13.514827544079127, 47.980399986651562 ], [ 13.514847479643111, 47.980391588737326 ], [ 13.514898054693511, 47.980370367871046 ], [ 13.514914243809562, 47.980363505210491 ], [ 13.514920799975176, 47.980360796004334 ], [ 13.515181361352397, 47.980268803412784 ], [ 13.515139853087403, 47.980085343763925 ], [ 13.51524983249141, 47.980039109383178 ], [ 13.515489641434309, 47.979952366642962 ], [ 13.5156211945688, 47.979906637653428 ], [ 13.515684361392058, 47.979884676855718 ], [ 13.515788983125153, 47.979839260087552 ], [ 13.515686475414872, 47.979799658247011 ], [ 13.515686023338983, 47.979785354804058 ], [ 13.515684952109471, 47.979747302040316 ], [ 13.515750279643965, 47.979500789506446 ], [ 13.515778545359316, 47.979422566779363 ], [ 13.515865335104735, 47.97918312734128 ], [ 13.51594044824966, 47.979052921698411 ], [ 13.516024483895116, 47.978907228201685 ], [ 13.516088134286514, 47.978794403497538 ], [ 13.516234601600647, 47.978532648336568 ], [ 13.516249780309868, 47.978505365417824 ], [ 13.516326728115715, 47.978364001138559 ], [ 13.516362831109257, 47.978266873526039 ], [ 13.516411146450642, 47.978137249786862 ], [ 13.516422959491976, 47.978105474012551 ], [ 13.516430526430609, 47.978085490161853 ], [ 13.516451766029775, 47.978029139455309 ], [ 13.51654521478204, 47.977779792868425 ], [ 13.516602823572251, 47.977626134077326 ], [ 13.516773619877307, 47.977197997323415 ], [ 13.51681611500454, 47.977090243703145 ], [ 13.516904690537341, 47.976865734370584 ], [ 13.516956602030868, 47.976730796787564 ], [ 13.517086938543052, 47.976418956423409 ], [ 13.517200920863948, 47.976218966375953 ], [ 13.517280606218547, 47.976095679626631 ], [ 13.517295264280223, 47.97607307547181 ], [ 13.517321001049133, 47.97603866846277 ], [ 13.517514890873015, 47.975778994979912 ], [ 13.517697710120798, 47.975533912890995 ], [ 13.517907425464625, 47.975204221919121 ], [ 13.51801241436527, 47.975038881267615 ], [ 13.51795909154229, 47.975039056500776 ], [ 13.517954402640257, 47.975039153961127 ], [ 13.51793845928866, 47.975039179451066 ], [ 13.517750088172008, 47.975039930266334 ], [ 13.517410859375087, 47.975041281217372 ], [ 13.51706804205241, 47.975050823552557 ], [ 13.516233827539752, 47.975108824875015 ], [ 13.515897573312182, 47.97515622793027 ], [ 13.515350271715841, 47.975233380907788 ], [ 13.514767760175683, 47.975280179001913 ], [ 13.514482664205467, 47.975283505452047 ], [ 13.514412863969506, 47.975284334643625 ], [ 13.514146671655721, 47.975252724829069 ], [ 13.514134608609101, 47.975251304304429 ], [ 13.514106059359735, 47.975247930396065 ], [ 13.513921042613239, 47.975211694777656 ], [ 13.513745277160334, 47.975177333639827 ], [ 13.513700900170711, 47.975168676521626 ], [ 13.513668187078711, 47.975162250254641 ], [ 13.513651944883215, 47.975153369246307 ], [ 13.513646038631682, 47.975150139788155 ], [ 13.513395341486515, 47.975066055397257 ], [ 13.51318636129349, 47.974996119703626 ], [ 13.51310145154676, 47.974966743943057 ], [ 13.513016809850651, 47.974937367702942 ], [ 13.512998969420353, 47.974931187991217 ], [ 13.51275764347751, 47.974844388732407 ], [ 13.512699895634126, 47.974804534712447 ], [ 13.512822991434287, 47.974640430130755 ], [ 13.512855284754171, 47.974602955155014 ], [ 13.512983121532487, 47.974454136796929 ], [ 13.513014488898124, 47.974420171787386 ], [ 13.513041852156761, 47.974390621207512 ], [ 13.512889960675311, 47.974324014709566 ], [ 13.512842863779101, 47.974303396358849 ], [ 13.512567394108929, 47.974182643603307 ], [ 13.512341974580448, 47.974083943601073 ], [ 13.512060505734102, 47.974283378686138 ], [ 13.511888764264805, 47.974405364879672 ], [ 13.511768494391655, 47.97433924778683 ], [ 13.511470797038347, 47.974495524067137 ], [ 13.51124996606463, 47.974602381215405 ], [ 13.511074925611158, 47.974779248930837 ], [ 13.511014041763747, 47.974840787628999 ], [ 13.510902160811813, 47.974798766921261 ], [ 13.510580336110042, 47.97467781084827 ], [ 13.510562752372579, 47.974668211758413 ], [ 13.510555503842754, 47.974664174532322 ], [ 13.510566732167872, 47.974656600372917 ], [ 13.510594804191685, 47.974638024821196 ], [ 13.510641770665, 47.974581185809541 ], [ 13.510659955759056, 47.97449200416478 ], [ 13.510627946219063, 47.974455888039216 ], [ 13.510647605874734, 47.97440628802088 ], [ 13.51073049175208, 47.974353532116602 ], [ 13.510745598237394, 47.974343882822261 ], [ 13.510760299712359, 47.974294020511131 ], [ 13.510767187349751, 47.97427079937075 ], [ 13.510669714314153, 47.974249627798223 ], [ 13.51051988839952, 47.974237802727508 ], [ 13.510216886771238, 47.974213977209473 ], [ 13.510096200547011, 47.974182314997243 ], [ 13.5098634115061, 47.974121496046656 ], [ 13.509555145904656, 47.974046307744658 ], [ 13.509524842536088, 47.974038976993995 ], [ 13.50942682510362, 47.974015016339827 ], [ 13.509268645345919, 47.973988898210067 ], [ 13.509142101471495, 47.973967949572668 ], [ 13.508835528311442, 47.973917316784181 ], [ 13.508845208946029, 47.974006995577263 ], [ 13.508849498360988, 47.974047382621912 ], [ 13.508872871855555, 47.974264338792523 ], [ 13.508858898732207, 47.974292338650663 ], [ 13.508855266006544, 47.974327519858491 ], [ 13.508848649189485, 47.974391583849517 ], [ 13.508827600381808, 47.974387297603094 ], [ 13.508811109494061, 47.974383814095994 ], [ 13.508794214254527, 47.974379611493958 ], [ 13.508777184435258, 47.974375229167144 ], [ 13.508768078609632, 47.974376592454526 ], [ 13.508760177658818, 47.974377684020283 ], [ 13.508533618502186, 47.974336554915325 ], [ 13.508414708589486, 47.974314964155738 ], [ 13.508365632264775, 47.974302803545619 ], [ 13.508015661158774, 47.974215709236297 ], [ 13.507694920768909, 47.974135406944477 ], [ 13.507526219185378, 47.974087711110478 ], [ 13.507429262948763, 47.974060328555929 ], [ 13.507405124236538, 47.974053437771595 ], [ 13.507394259306437, 47.974049585726448 ], [ 13.507378565855527, 47.974044121618249 ], [ 13.507315925157972, 47.974021995073386 ], [ 13.507221092321405, 47.973988491633513 ], [ 13.507296167461982, 47.97392288518455 ], [ 13.507429750844503, 47.9737254840554 ], [ 13.507494143262599, 47.973630565510113 ], [ 13.507321213453018, 47.973599968797586 ], [ 13.507246545403644, 47.973586766714767 ], [ 13.507045476245327, 47.973554682596941 ], [ 13.507039846336466, 47.973553791433616 ], [ 13.506990789054255, 47.973547028014814 ], [ 13.50676145291753, 47.973515345771588 ], [ 13.50675476294572, 47.973397323829566 ], [ 13.506745944432833, 47.973243589604778 ], [ 13.506786439032737, 47.973052896292593 ], [ 13.506795836241636, 47.972937998884881 ], [ 13.506794086167195, 47.972855055237339 ], [ 13.506678737062792, 47.972654340154442 ], [ 13.506400578243221, 47.972281948994876 ], [ 13.506247195841288, 47.9720444054458 ], [ 13.506068814181782, 47.971822462762503 ], [ 13.506021871107846, 47.971765945978625 ], [ 13.505887364382957, 47.971604032951696 ], [ 13.505852295030833, 47.97157286804336 ], [ 13.505782693519214, 47.971510897245544 ], [ 13.505614093552767, 47.971328882996382 ], [ 13.505536839802753, 47.971261885511964 ], [ 13.505361239613322, 47.971109659233427 ], [ 13.505116142370671, 47.970926318791015 ], [ 13.505003276743427, 47.97082545769856 ], [ 13.504940504799961, 47.97076203681064 ], [ 13.504817091499419, 47.970631143407886 ], [ 13.504810751838052, 47.970577354661408 ], [ 13.504809234648713, 47.970564132282703 ], [ 13.504805647813619, 47.970532650390467 ], [ 13.505019155475525, 47.970318759733637 ], [ 13.504991176844866, 47.970121781284917 ], [ 13.504966235811633, 47.969952147206442 ], [ 13.504940198612928, 47.969775047772075 ], [ 13.504565589645471, 47.969680512608875 ], [ 13.504092693620558, 47.969557783155985 ], [ 13.504044425379451, 47.969545259653714 ], [ 13.503379001417635, 47.969374141572843 ], [ 13.503364789265536, 47.969370474003192 ], [ 13.503315981096737, 47.969397624902321 ], [ 13.503301293888931, 47.969412580471904 ], [ 13.503287140176736, 47.969426815545994 ], [ 13.503280197574835, 47.969434022848233 ], [ 13.503201422979549, 47.969432879304541 ], [ 13.503043070018924, 47.969430593237938 ], [ 13.502996718974702, 47.969430751335402 ], [ 13.502957066100393, 47.969430899572117 ], [ 13.502563466455053, 47.969344392582052 ], [ 13.502421765683943, 47.969313292927403 ], [ 13.502389055022872, 47.969306053792273 ], [ 13.502361036875467, 47.969299977302626 ], [ 13.502094176620583, 47.969174598753305 ], [ 13.501852293779304, 47.969026062499289 ], [ 13.501808266779948, 47.968999137708323 ], [ 13.501785984499469, 47.968985405808148 ], [ 13.501478773897398, 47.968809075388691 ], [ 13.501370692652307, 47.968775766343086 ], [ 13.501251615373473, 47.968738964615156 ], [ 13.501003269432696, 47.968703610094877 ], [ 13.500784061756129, 47.968689444168582 ], [ 13.500409988103057, 47.968715176002398 ], [ 13.500139455155304, 47.968570006272152 ], [ 13.499815540412936, 47.968571553465367 ], [ 13.499702880185488, 47.968572075752824 ], [ 13.499558102972335, 47.968541246913766 ], [ 13.499546984198329, 47.968541262924965 ], [ 13.499526755492882, 47.968541112124761 ], [ 13.499328220790714, 47.968540048349844 ], [ 13.499128212653563, 47.968581089281692 ], [ 13.499063818827777, 47.968594226466898 ], [ 13.498913076012968, 47.968625120365751 ], [ 13.498148894203432, 47.968816846749625 ], [ 13.497953865990134, 47.968865885287208 ], [ 13.497657193971357, 47.968925773899933 ], [ 13.497440043533251, 47.968969265322315 ], [ 13.497412464609276, 47.968974792303435 ], [ 13.497235013644088, 47.969033160842656 ], [ 13.497159363674045, 47.969045593239379 ], [ 13.497147447245558, 47.969047589349159 ], [ 13.49700337720115, 47.96907118423767 ], [ 13.496713724482527, 47.969191425982686 ], [ 13.496549966403499, 47.969259400177314 ], [ 13.496413514117394, 47.969320228445611 ], [ 13.496389567967119, 47.969330877968652 ], [ 13.496332311169725, 47.969356328545224 ], [ 13.496301007427768, 47.96937031708908 ], [ 13.496185959157833, 47.969421668696896 ], [ 13.496105999824886, 47.96947000191679 ], [ 13.496067089561635, 47.969493447289999 ], [ 13.495964175099942, 47.969569611490734 ], [ 13.495901090011206, 47.969616391410291 ], [ 13.495796327645319, 47.969701554409447 ], [ 13.495725238632124, 47.969759321041359 ], [ 13.495683005248706, 47.969791227525505 ], [ 13.495561383667653, 47.969883161279178 ], [ 13.495444639026035, 47.969992630930633 ], [ 13.495362222967339, 47.970069935315308 ], [ 13.495286784614509, 47.970151008314708 ], [ 13.495186888273523, 47.970293830501305 ], [ 13.49515850238498, 47.970384823367247 ], [ 13.495155295314795, 47.970473621803507 ], [ 13.495155783635287, 47.970587604825475 ], [ 13.495156134634209, 47.970657415978017 ], [ 13.495128928727157, 47.970783312992332 ], [ 13.4949118300117, 47.970760316565411 ], [ 13.494800700319397, 47.970780713853543 ], [ 13.494751160465018, 47.97078977948879 ], [ 13.494672471289968, 47.970816788577785 ], [ 13.494644462988155, 47.970813858929738 ], [ 13.494572097686143, 47.970806493073333 ], [ 13.494495166931653, 47.970752442513842 ], [ 13.49441944454245, 47.970699199887207 ], [ 13.494144621880075, 47.970637778206566 ], [ 13.493905911553135, 47.970643958160196 ], [ 13.493859562733132, 47.970645192154201 ], [ 13.493647993108228, 47.970677153337967 ], [ 13.493501146866933, 47.970714781999689 ], [ 13.493303765463981, 47.970786486708782 ], [ 13.493283180449584, 47.9708014491694 ], [ 13.493186936980793, 47.970870854355987 ], [ 13.493049359908552, 47.970873383858994 ], [ 13.492905352675551, 47.970876012051718 ], [ 13.492877373720289, 47.970926340295648 ], [ 13.492839801989984, 47.970993954770059 ], [ 13.492816998855215, 47.970984630082043 ], [ 13.492801707550161, 47.97097844373193 ], [ 13.492761332932078, 47.970962036196262 ], [ 13.492723507024523, 47.970946704688281 ], [ 13.492589983624228, 47.970916841206758 ], [ 13.492463823048599, 47.970928980349171 ], [ 13.492454582055963, 47.970929892723625 ], [ 13.492219480491602, 47.97097771729446 ], [ 13.491950385369652, 47.970949029218005 ], [ 13.491823476384491, 47.970935439145762 ], [ 13.491733295305488, 47.970928635757573 ], [ 13.491645124306348, 47.970922009468993 ], [ 13.491281512084358, 47.97095840304403 ], [ 13.490991629380124, 47.970877832277971 ], [ 13.490762056828151, 47.970849447299372 ], [ 13.490319262139117, 47.970794542970367 ], [ 13.49008517175136, 47.970778217895308 ], [ 13.489930539832521, 47.970767092408401 ], [ 13.489538182692497, 47.970778239777069 ], [ 13.489231980140302, 47.970793947572218 ], [ 13.489190188647115, 47.970796073173908 ], [ 13.488938063098818, 47.970796503331655 ], [ 13.488794393280736, 47.970777534727695 ], [ 13.488707681775031, 47.970765956246211 ], [ 13.488610517135697, 47.970753132275533 ], [ 13.488590414057308, 47.970750460417001 ], [ 13.488262147628101, 47.97055487119858 ], [ 13.488081564346093, 47.970421067933735 ], [ 13.487954644422834, 47.970312832084403 ], [ 13.487654306431432, 47.970046582387489 ], [ 13.487603883147925, 47.969983765341745 ], [ 13.48759349608348, 47.969869165775862 ], [ 13.487596071117657, 47.969833986619726 ], [ 13.487597738795154, 47.969809064510983 ], [ 13.487602628386192, 47.969741225522007 ], [ 13.487583092655107, 47.969703826831463 ], [ 13.487519364354137, 47.969581291780258 ], [ 13.487507777907004, 47.969559176245077 ], [ 13.487506025984784, 47.969555670010031 ], [ 13.487492313715961, 47.969539494902094 ], [ 13.487487608731403, 47.969534013414908 ], [ 13.487402108739806, 47.969433098605954 ], [ 13.487093614064177, 47.969214628887542 ], [ 13.486902706132028, 47.969120421424392 ], [ 13.486852933275371, 47.969095837650556 ], [ 13.48675768086661, 47.969048823454365 ], [ 13.486629122611284, 47.969019036450206 ], [ 13.48655633096932, 47.969002130018296 ], [ 13.48640425617139, 47.968992975622356 ], [ 13.486293613326204, 47.96899654093464 ], [ 13.486172933328097, 47.969003538046785 ], [ 13.485973339162872, 47.969007130859062 ], [ 13.48560967551346, 47.96897693373576 ], [ 13.485355005821297, 47.968974750514015 ], [ 13.48522586222971, 47.968973571110148 ], [ 13.484932102572573, 47.968980704639179 ], [ 13.484740802259697, 47.968934174770204 ], [ 13.48444748453257, 47.968862768368403 ], [ 13.484304006348136, 47.968815095583921 ], [ 13.484267408662438, 47.968806147107323 ], [ 13.484226253156672, 47.968796125016937 ], [ 13.484193543519595, 47.968788250994898 ], [ 13.484081130293784, 47.968735499363966 ], [ 13.483863682289542, 47.968633404760915 ], [ 13.483712901694318, 47.968561630551122 ], [ 13.483667157764541, 47.968539829023236 ], [ 13.483493666401772, 47.968443164222116 ], [ 13.483430603055023, 47.968407980574575 ], [ 13.483379915278228, 47.968390503610451 ], [ 13.483250647233215, 47.968345599906534 ], [ 13.483182013772634, 47.968329855474273 ], [ 13.483061637395123, 47.968302302967302 ], [ 13.482912458369148, 47.968227736763083 ], [ 13.482888579037388, 47.968215802567755 ], [ 13.482807880763017, 47.968150413696499 ], [ 13.482669409782423, 47.968072504656114 ], [ 13.482543289566042, 47.968003665793425 ], [ 13.482533226590011, 47.96799810106733 ], [ 13.482502099182945, 47.967981138206433 ], [ 13.48247594970335, 47.967971635874456 ], [ 13.48234640885746, 47.967924392458123 ], [ 13.482247845064489, 47.967888354363978 ], [ 13.482175247152025, 47.967844455871415 ], [ 13.482015827347331, 47.967748040579302 ], [ 13.481760597491611, 47.967641222611135 ], [ 13.481624313371057, 47.96762457465146 ], [ 13.481548599723647, 47.967615225756461 ], [ 13.481245781456721, 47.96759051448997 ], [ 13.480787132811248, 47.967553046918567 ], [ 13.480651746937127, 47.967664234815935 ], [ 13.480632493285626, 47.96762980337062 ], [ 13.480589678507714, 47.967553568958344 ], [ 13.48055407928879, 47.967470847949784 ], [ 13.48052315472704, 47.967383172972035 ], [ 13.480435286167399, 47.967291342305579 ], [ 13.480428837113315, 47.96728460326274 ], [ 13.480414074531692, 47.967274995983942 ], [ 13.480344287809565, 47.967229563373998 ], [ 13.480197719573535, 47.967175771900891 ], [ 13.479975098843381, 47.967086991143148 ], [ 13.479910633802124, 47.967028326868238 ], [ 13.479824567360774, 47.966909864236015 ], [ 13.479785411660043, 47.966895609738287 ], [ 13.4796603018093, 47.966850246915364 ], [ 13.479541502047413, 47.966762143283432 ], [ 13.479411493398548, 47.966641666845568 ], [ 13.479268540052155, 47.966538479629911 ], [ 13.479225549527666, 47.96649409200591 ], [ 13.479166249740876, 47.966461600166781 ], [ 13.479056171970164, 47.966426023712806 ], [ 13.479003345551009, 47.966408997343422 ], [ 13.479001195712312, 47.966406661005408 ], [ 13.478861071095476, 47.966260647061851 ], [ 13.478643568008398, 47.966131463636422 ], [ 13.478486169785384, 47.966035220825141 ], [ 13.478387125805178, 47.966016902852459 ], [ 13.478196315657737, 47.965947960600154 ], [ 13.478115852577039, 47.96591558475086 ], [ 13.47810056475064, 47.965909486411434 ], [ 13.478091173675571, 47.965904370271218 ], [ 13.477965601055756, 47.965835705626148 ], [ 13.477935184410875, 47.965784284595372 ], [ 13.477871435267913, 47.965740822109346 ], [ 13.47781404125754, 47.965718672993539 ], [ 13.47777300740014, 47.965702890782573 ], [ 13.477736155094274, 47.965697539096645 ], [ 13.477657894326857, 47.965686211643835 ], [ 13.477559256153121, 47.965668972016779 ], [ 13.477388649995149, 47.965639227283567 ], [ 13.47736426294148, 47.965636558822091 ], [ 13.477299275461792, 47.965629442844033 ], [ 13.477266446595474, 47.965625795295807 ], [ 13.47720865931497, 47.965606615167481 ], [ 13.477183586851108, 47.965598279818266 ], [ 13.477144003648723, 47.965574128964178 ], [ 13.477125218328693, 47.965562637041053 ], [ 13.477091088009114, 47.965524265129936 ], [ 13.477051179857105, 47.96547942302886 ], [ 13.476990117841011, 47.965438475687137 ], [ 13.476886647814029, 47.965368972670255 ], [ 13.476801938163433, 47.965301875249686 ], [ 13.476713937385009, 47.965158402783892 ], [ 13.476710442226629, 47.965153908948672 ], [ 13.47666795985571, 47.965098274280997 ], [ 13.476559592390229, 47.965049738562684 ], [ 13.476424245835524, 47.964981264291254 ], [ 13.47635446718923, 47.964985129280493 ], [ 13.476308260640838, 47.964987705529261 ], [ 13.476278629799854, 47.96497775628719 ], [ 13.476190542291413, 47.964948357336489 ], [ 13.47608986759756, 47.964920503274442 ], [ 13.47604522781001, 47.964908233489361 ], [ 13.475912055956549, 47.964801971223331 ], [ 13.475845819489551, 47.964729632375274 ], [ 13.47581921730046, 47.964700517030771 ], [ 13.475663059258729, 47.96461344510157 ], [ 13.475564947968472, 47.964542944678541 ], [ 13.475498747455264, 47.964483470375797 ], [ 13.475454656565782, 47.964426757672143 ], [ 13.475349119220345, 47.964334495020879 ], [ 13.475252983049007, 47.964251127103019 ], [ 13.475216655655501, 47.964093915416129 ], [ 13.475210412537546, 47.964064055178618 ], [ 13.475115010076054, 47.963905566628895 ], [ 13.475110165597572, 47.963897385894256 ], [ 13.475106495048438, 47.963877598411777 ], [ 13.475097957728805, 47.963841443533056 ], [ 13.475095653881297, 47.963831640330866 ], [ 13.475088373578664, 47.963814376263855 ], [ 13.475057903862329, 47.963741992993391 ], [ 13.474975908075418, 47.963587446243224 ], [ 13.474962102616535, 47.963485804307375 ], [ 13.474966262623347, 47.963439377974318 ], [ 13.474862106147924, 47.96331202734666 ], [ 13.474808554836418, 47.963273048816617 ], [ 13.474685749563628, 47.963183685541203 ], [ 13.474628083762383, 47.963158566365657 ], [ 13.474579939265238, 47.963137483867754 ], [ 13.474388231507909, 47.963028142722422 ], [ 13.47416588409329, 47.962931163681034 ], [ 13.473932045078875, 47.962844184179133 ], [ 13.47371907481201, 47.962746922956015 ], [ 13.473702579028144, 47.962739386082937 ], [ 13.473689301357318, 47.962733104783226 ], [ 13.473475387590284, 47.962633325275284 ], [ 13.473270854475953, 47.962534883445819 ], [ 13.473217634947684, 47.962518934461656 ], [ 13.473142051591751, 47.962504901794247 ], [ 13.473128516306607, 47.962502399214912 ], [ 13.472997562969388, 47.962469631135349 ], [ 13.472716623760871, 47.962399349455239 ], [ 13.472426056397628, 47.962334746410988 ], [ 13.472259463448756, 47.962297882133363 ], [ 13.472156398393174, 47.962275065476838 ], [ 13.47212610687656, 47.962267634942727 ], [ 13.472106270043772, 47.962262800770368 ], [ 13.472030809074287, 47.962244179083513 ], [ 13.471975989831858, 47.962230840396565 ], [ 13.471278610482164, 47.962056877058643 ], [ 13.471058005077813, 47.962007030896245 ], [ 13.470815809283192, 47.961896754472804 ], [ 13.470424889865477, 47.961768841579115 ], [ 13.470300498575181, 47.961734263371568 ], [ 13.47026149703267, 47.961725223344416 ], [ 13.470212979584188, 47.961713945504684 ], [ 13.470188327317535, 47.961711455772026 ], [ 13.470143444115562, 47.96170692086563 ], [ 13.470067086757474, 47.961703412853844 ], [ 13.470027182884026, 47.961707778401987 ], [ 13.469951526663669, 47.961716234649252 ], [ 13.469884073800364, 47.961737186084562 ], [ 13.469878184995808, 47.961738992328378 ], [ 13.469874840650492, 47.961740615632827 ], [ 13.469746015282164, 47.9618027530056 ], [ 13.46966658598776, 47.961853766335054 ], [ 13.469609755176286, 47.96189026876619 ], [ 13.469546802882812, 47.961942072217752 ], [ 13.469438407009827, 47.962031264174776 ], [ 13.469337244018092, 47.96212053746347 ], [ 13.469223887927948, 47.96220838560712 ], [ 13.469159513602294, 47.962280162444713 ], [ 13.469114245021089, 47.96238475348401 ], [ 13.469053357136644, 47.962458145499618 ], [ 13.469004167166649, 47.962548706776992 ], [ 13.468989503482346, 47.962575713111313 ], [ 13.468916627190012, 47.962623479514107 ], [ 13.46882417564977, 47.962663981810572 ], [ 13.468726372201953, 47.962706829368528 ], [ 13.468530615451103, 47.962786586810644 ], [ 13.468395874502141, 47.962841892352621 ], [ 13.468343690879269, 47.962863364782422 ], [ 13.468331514803342, 47.962868416995533 ], [ 13.468012772824403, 47.962992039738467 ], [ 13.467821998327121, 47.963082765715491 ], [ 13.46769543942875, 47.963143008893645 ], [ 13.467686609586805, 47.963147157504437 ], [ 13.467671754432944, 47.963152212767838 ], [ 13.467663189463169, 47.963155191541439 ], [ 13.467618222833439, 47.963170627674756 ], [ 13.467340392354014, 47.963265862379799 ], [ 13.467029643646523, 47.963374359221625 ], [ 13.466941165018278, 47.963398212129398 ], [ 13.466851481468797, 47.963422336254752 ], [ 13.46683675733393, 47.963426311695486 ], [ 13.466676892913979, 47.963453665615482 ], [ 13.466564258156595, 47.963459913290457 ], [ 13.466429932736222, 47.963469694466099 ], [ 13.466360024643304, 47.96347481307054 ], [ 13.466219940519808, 47.963485050461301 ], [ 13.466209762289688, 47.963485781895386 ], [ 13.465909842034101, 47.963482168603043 ], [ 13.465846760423808, 47.963485389815403 ], [ 13.465697962666361, 47.963492937676122 ], [ 13.465689991593013, 47.963413508966106 ], [ 13.465685045431259, 47.963364754370588 ], [ 13.46562321633203, 47.96322835051393 ], [ 13.46559400746148, 47.963172426647525 ], [ 13.465586470045283, 47.963158131076653 ], [ 13.465582702825039, 47.96315156805278 ], [ 13.465542344643501, 47.963083152013269 ], [ 13.465528755630784, 47.963059417195552 ], [ 13.465401881477678, 47.962838162086086 ], [ 13.465312978335078, 47.962588974659774 ], [ 13.465041834890087, 47.962468913263884 ], [ 13.464918534748895, 47.962388356620757 ], [ 13.464768574934496, 47.962146795328458 ], [ 13.464744001682858, 47.962122533146811 ], [ 13.464611871128296, 47.961992326302735 ], [ 13.464475542936102, 47.961843861457005 ], [ 13.464424543772637, 47.961750897026128 ], [ 13.464379045994002, 47.961661704793016 ], [ 13.464318223018228, 47.961603567403159 ], [ 13.464298780839576, 47.961595492752721 ], [ 13.464253326936602, 47.961576831917078 ], [ 13.4642328120995, 47.96156830865484 ], [ 13.464020695664727, 47.961481734272283 ], [ 13.463826730591144, 47.961422397950663 ], [ 13.463683850688712, 47.961383965110635 ], [ 13.463675808932539, 47.961381905034891 ], [ 13.463659591028557, 47.961377605106293 ], [ 13.463536148381234, 47.96134526764704 ], [ 13.463497681371603, 47.961335145172981 ], [ 13.463385764740774, 47.961305493454297 ], [ 13.463278421383512, 47.961283483385344 ], [ 13.463203509059158, 47.961268183977424 ], [ 13.462957281713011, 47.961198289321267 ], [ 13.4630015215865, 47.961160095001553 ], [ 13.463024643823458, 47.961140097071514 ], [ 13.46297892557825, 47.961122515594589 ], [ 13.462920068260091, 47.961099820934493 ], [ 13.462286585772123, 47.960856099697295 ], [ 13.462266207264513, 47.960848295641952 ], [ 13.462147685369327, 47.960800927264941 ], [ 13.461912787505947, 47.960707087389466 ], [ 13.461886777138968, 47.960696680599384 ], [ 13.461881414381931, 47.960694617412493 ], [ 13.46168460328972, 47.960619626984382 ], [ 13.461606844361208, 47.960590025485367 ], [ 13.461558043998183, 47.960571457272586 ], [ 13.461283639081291, 47.960479009488111 ], [ 13.4612473108874, 47.96046672476318 ], [ 13.461215808769945, 47.960456143985297 ], [ 13.461131364599259, 47.960431137725898 ], [ 13.461116352443289, 47.960426746140278 ], [ 13.460966631960721, 47.960382469877914 ], [ 13.460958991845706, 47.960380229241139 ], [ 13.460834333659033, 47.960342132563284 ], [ 13.46081838264962, 47.960337202194808 ], [ 13.460768913102765, 47.960318634387974 ], [ 13.460618359432292, 47.960262033570928 ], [ 13.460507623171095, 47.960220502554002 ], [ 13.460188819932069, 47.960100212376751 ], [ 13.460124067474961, 47.960075813463966 ], [ 13.460083313475268, 47.960060924291561 ], [ 13.459967486399105, 47.960018588677876 ], [ 13.459837449041549, 47.959970960679321 ], [ 13.459698430351189, 47.959920193646816 ], [ 13.459615716972705, 47.959890236379366 ], [ 13.45938338567594, 47.959801786361695 ], [ 13.459295842594024, 47.959768415523556 ], [ 13.458987378593278, 47.959656567317793 ], [ 13.458883730621357, 47.959609629196159 ], [ 13.458726716881179, 47.959538458823758 ], [ 13.458564091383684, 47.959472782116855 ], [ 13.458493714422403, 47.959448118505144 ], [ 13.458196255056802, 47.95934381318898 ], [ 13.45788446450236, 47.959239072767126 ], [ 13.457635804722738, 47.959153155846849 ], [ 13.457336983437676, 47.959037964174932 ], [ 13.457025047311841, 47.958926834163847 ], [ 13.456727455008375, 47.958820456037586 ], [ 13.456665521404426, 47.958797311658167 ], [ 13.456441112842926, 47.958713345423497 ], [ 13.456231158384446, 47.958624415343408 ], [ 13.45606920176189, 47.958555855565102 ], [ 13.456051268604027, 47.958561902220936 ], [ 13.455708887857092, 47.958715564262874 ], [ 13.455450590786336, 47.958857890799976 ], [ 13.455368861152724, 47.958902959180605 ], [ 13.455284978057787, 47.958943621558731 ], [ 13.455190525840987, 47.958989422976437 ], [ 13.455126714673451, 47.959022237182509 ], [ 13.45506089668736, 47.959056043072252 ], [ 13.455041632921759, 47.959065959414175 ], [ 13.455005761804991, 47.959076253132977 ], [ 13.45499572326408, 47.959079142563652 ], [ 13.454963064303829, 47.959088443279214 ], [ 13.454848098357632, 47.959125359645249 ], [ 13.454843815522201, 47.959126713614097 ], [ 13.454720717023635, 47.959179831888264 ], [ 13.454591002918209, 47.959210466063617 ], [ 13.454550571664038, 47.959218155488841 ], [ 13.454323025214872, 47.959396792480042 ], [ 13.454285318969506, 47.959424450891696 ], [ 13.454187443855396, 47.959496614432673 ], [ 13.45412422526236, 47.959554437362847 ], [ 13.453998433559251, 47.959659826580733 ], [ 13.45390121617468, 47.959784977792253 ], [ 13.45335967506896, 47.959483804593084 ], [ 13.453351494263382, 47.959479224960731 ], [ 13.453335669238667, 47.95947042499057 ], [ 13.453309115487059, 47.959455698578978 ], [ 13.45327411266766, 47.959436212875033 ], [ 13.452980814686139, 47.959273143540344 ], [ 13.452927975680563, 47.959243780231851 ], [ 13.452795878323442, 47.959170326872147 ], [ 13.452787451433872, 47.959175193642409 ], [ 13.452374798148597, 47.959412944639702 ], [ 13.45225286591206, 47.959450315430772 ], [ 13.452052862542814, 47.959552990176654 ], [ 13.451966185273985, 47.959603369090736 ], [ 13.451885527072603, 47.959650233166705 ], [ 13.451659870647813, 47.959781362120616 ], [ 13.452018422552575, 47.959780003994616 ], [ 13.452031949754971, 47.959779720178339 ], [ 13.452139364763456, 47.959777900236702 ], [ 13.452270887717059, 47.95977560551092 ], [ 13.452337478343338, 47.959785612731999 ], [ 13.452361193746645, 47.959789186799362 ], [ 13.452379951563628, 47.959791956307541 ], [ 13.452439574939586, 47.95980089109915 ], [ 13.45242290055147, 47.959830596335543 ], [ 13.452410631921364, 47.959854089525713 ], [ 13.452101577990934, 47.959829578315905 ], [ 13.452088586531694, 47.959829861588489 ], [ 13.451636030847705, 47.959840852572633 ], [ 13.45136276657545, 47.959887463926364 ], [ 13.45131885149674, 47.959894975858433 ], [ 13.451123139498657, 47.95994240689501 ], [ 13.451007580464989, 47.960015215538988 ], [ 13.450837235143005, 47.960086010749684 ], [ 13.450650441551762, 47.960168697648733 ], [ 13.450458964127673, 47.96025345816593 ], [ 13.450300637293989, 47.960368412525092 ], [ 13.449994772675753, 47.960632135994125 ], [ 13.449809086640006, 47.960792189130522 ], [ 13.449253680149463, 47.961175094351809 ], [ 13.449176757361412, 47.961277550278147 ], [ 13.449074205852444, 47.961780999733357 ], [ 13.449073471256789, 47.961812037917454 ], [ 13.44907211618774, 47.96186520777264 ], [ 13.449070888053457, 47.96191522877313 ], [ 13.449050262958103, 47.962036700347035 ], [ 13.449036255013342, 47.962061994178825 ], [ 13.449022247055, 47.962087288008739 ], [ 13.448957143426609, 47.962204935746485 ], [ 13.448944859279736, 47.962222401003771 ], [ 13.448867015509654, 47.962333314190069 ], [ 13.448716029279874, 47.962501157532813 ], [ 13.448691978501781, 47.962527990750125 ], [ 13.448565482586563, 47.962625997634021 ], [ 13.44843124776869, 47.96273777653083 ], [ 13.44803831963287, 47.962952371412861 ], [ 13.44797197058851, 47.962992651124004 ], [ 13.447964612225508, 47.96299661683782 ], [ 13.447852228626694, 47.963056644264022 ], [ 13.447711902200741, 47.963140539651398 ], [ 13.44764032159304, 47.963177585670884 ], [ 13.447537432700203, 47.963230856105419 ], [ 13.447528871902181, 47.96323626239932 ], [ 13.447348020389002, 47.963348535995827 ], [ 13.447138395012725, 47.963472622938234 ], [ 13.446992601958554, 47.963569117734401 ], [ 13.446926926371756, 47.96361182518902 ], [ 13.446843995440849, 47.963665615113442 ], [ 13.4466198302446, 47.963818683679818 ], [ 13.446127881489868, 47.964149422213495 ], [ 13.446131773845968, 47.964153016946987 ], [ 13.446350814728213, 47.964352701415351 ], [ 13.446628576259943, 47.964574548761391 ], [ 13.446700633523038, 47.964632054588797 ], [ 13.446827806820004, 47.964717844638351 ], [ 13.446929492177965, 47.964786476628468 ], [ 13.447305381499946, 47.965040162648947 ], [ 13.447440874080806, 47.965131521529514 ], [ 13.447739496349124, 47.965333013761892 ], [ 13.4479094679795, 47.965447728381434 ], [ 13.447937506061379, 47.965466682815766 ], [ 13.448119848767179, 47.965298989370531 ], [ 13.448217168987075, 47.965209468708359 ], [ 13.448220510054718, 47.965205956802166 ], [ 13.448291874563564, 47.965130676170233 ], [ 13.44833918314885, 47.965080609275141 ], [ 13.448361367513346, 47.965057196629893 ], [ 13.448458123975362, 47.964955441280644 ], [ 13.448493405052924, 47.964918251112167 ], [ 13.448538308495914, 47.964871065366971 ], [ 13.448562037311671, 47.964879768117072 ], [ 13.448661377258691, 47.964916463877003 ], [ 13.44873325157949, 47.964950668065399 ], [ 13.448740761080694, 47.964954349053599 ], [ 13.448792789413478, 47.964979036934032 ], [ 13.448955128865874, 47.965034381749909 ], [ 13.449164774107418, 47.965098765139494 ], [ 13.449187695809009, 47.965105849228308 ], [ 13.449228309068761, 47.965117323743875 ], [ 13.449248817035139, 47.965123240720942 ], [ 13.449271603402494, 47.96512969518453 ], [ 13.449414890022291, 47.965170484419993 ], [ 13.449550436354734, 47.965224146062631 ], [ 13.44970421666569, 47.965284986225889 ], [ 13.449850490117468, 47.965343224828054 ], [ 13.449977246313763, 47.965538587381282 ], [ 13.450137627546976, 47.965674989631943 ], [ 13.450182191207045, 47.965715428058111 ], [ 13.450262325798944, 47.965788307225523 ], [ 13.450345309078124, 47.965876927057856 ], [ 13.450469822640681, 47.965967303917047 ], [ 13.450500138756702, 47.965986075487301 ], [ 13.450564393106777, 47.966025953972213 ], [ 13.450644026398317, 47.966054301448608 ], [ 13.450838775067858, 47.966103763004618 ], [ 13.450924948018477, 47.966121308003558 ], [ 13.451026259584021, 47.966139557195831 ], [ 13.451112830040225, 47.966155122452172 ], [ 13.451130700887955, 47.966179304377079 ], [ 13.451193584179844, 47.966264075693772 ], [ 13.451194105106238, 47.966316613839638 ], [ 13.451203778859497, 47.966329378767064 ], [ 13.451241801489775, 47.966379269630465 ], [ 13.451307868019375, 47.966508929404128 ], [ 13.451340297328095, 47.966632236156066 ], [ 13.451366344053406, 47.966717314949534 ], [ 13.451396040997329, 47.966876070083799 ], [ 13.451369262625269, 47.966999887235289 ], [ 13.451360777553516, 47.96703876013936 ], [ 13.45133672532077, 47.967183356047038 ], [ 13.451334477634949, 47.96719640304952 ], [ 13.451321255738833, 47.967273065449902 ], [ 13.45134784834174, 47.967421477947454 ], [ 13.451318570692287, 47.968038117390904 ], [ 13.451411920414206, 47.968501063639771 ], [ 13.451433044916723, 47.968600811447509 ], [ 13.451432131701395, 47.968611607993736 ], [ 13.451428487824773, 47.968658752559698 ], [ 13.451393230008291, 47.968765395316439 ], [ 13.451382852863437, 47.968797073063719 ], [ 13.451328192383098, 47.968913451705404 ], [ 13.451372613677318, 47.969125629935881 ], [ 13.451487212904718, 47.969329279693646 ], [ 13.451573136161848, 47.969411328213681 ], [ 13.451596362380549, 47.969433525357267 ], [ 13.451700914113504, 47.969518703393646 ], [ 13.451730306867587, 47.969542693448041 ], [ 13.451749920078003, 47.969566603573924 ], [ 13.451796937983818, 47.969623861968358 ], [ 13.451883854717289, 47.969729929456726 ], [ 13.451906424310058, 47.969757794904922 ], [ 13.451987432675711, 47.969857570948939 ], [ 13.452124290543191, 47.969951081943911 ], [ 13.452264359332792, 47.970042520305547 ], [ 13.452926123828959, 47.970381267785896 ], [ 13.453096298013334, 47.970455490902935 ], [ 13.453369731239148, 47.970574857916333 ], [ 13.453464943666113, 47.970616411818774 ], [ 13.453576926211257, 47.970668383909832 ], [ 13.453548081099523, 47.970708087826615 ], [ 13.453544608982451, 47.970712859504346 ], [ 13.453540736003811, 47.970718081416614 ], [ 13.453510715368447, 47.970712894827919 ], [ 13.453413549933593, 47.970695902997576 ], [ 13.453175662654976, 47.970654407438694 ], [ 13.453113767758218, 47.970653482143057 ], [ 13.452851450823124, 47.970649346086503 ], [ 13.452765163991195, 47.97070242390145 ], [ 13.452756080069351, 47.970713678729354 ], [ 13.452469263553088, 47.971067711317446 ], [ 13.452269654959968, 47.971303711296585 ], [ 13.451970773227888, 47.971657125274973 ], [ 13.451439784713468, 47.972217512096897 ], [ 13.451098178930133, 47.972522297302199 ], [ 13.451030300990764, 47.972601714237264 ], [ 13.45096509536404, 47.972678069652112 ], [ 13.451361812760174, 47.973043545075718 ], [ 13.451596851728665, 47.97318337714588 ], [ 13.452202784747495, 47.973405053500642 ], [ 13.452530223969463, 47.973524816541158 ], [ 13.452571259847362, 47.973542137037157 ], [ 13.452949836079483, 47.973701429851474 ], [ 13.453382489825318, 47.973838714106456 ], [ 13.453429813289988, 47.97385179947797 ], [ 13.453610929706496, 47.973901900216305 ], [ 13.453682250438419, 47.973921707702395 ], [ 13.453718983146256, 47.973931835217833 ], [ 13.453726088617618, 47.973933896956488 ], [ 13.453753705199635, 47.973941515004526 ], [ 13.453827170893639, 47.973961859941298 ], [ 13.453894656978104, 47.97400344241511 ], [ 13.454048815741716, 47.974098552279209 ], [ 13.454088250299028, 47.974118212956149 ], [ 13.454361208445123, 47.974254491102855 ], [ 13.455015542326144, 47.974595393167419 ], [ 13.455283220537739, 47.974820468427787 ], [ 13.455322687759107, 47.974853623134244 ], [ 13.455358799258955, 47.974884082479527 ], [ 13.455439210867508, 47.974951739711017 ], [ 13.456144651000075, 47.975481683950591 ], [ 13.456395753756771, 47.975662242430886 ], [ 13.456707814809903, 47.976010336665126 ], [ 13.456739921097968, 47.976046107683821 ], [ 13.456783983738177, 47.976095360381187 ], [ 13.456843618998962, 47.976157551091703 ], [ 13.457019436789924, 47.976341067594184 ], [ 13.457021451858287, 47.976343314513862 ], [ 13.457232505932931, 47.976582120268851 ], [ 13.457252857447555, 47.976688794771079 ], [ 13.457261268313648, 47.976732417889558 ], [ 13.45730007359934, 47.976936412733629 ], [ 13.457307023550017, 47.97692920820873 ], [ 13.457314107052637, 47.976921823613431 ], [ 13.457286206497882, 47.976964586116146 ], [ 13.457177135275456, 47.977185922760327 ], [ 13.456854238947159, 47.977300702145065 ], [ 13.456761198378926, 47.977333728261733 ], [ 13.456490383833918, 47.977433157143984 ], [ 13.456354239899504, 47.977483142021036 ], [ 13.456005109300321, 47.977610811731189 ], [ 13.455764815210314, 47.977699500824876 ], [ 13.455587572892759, 47.977765002073362 ], [ 13.455329740518964, 47.977860186192409 ], [ 13.454689573116509, 47.978096474998104 ], [ 13.454793451556538, 47.9782279817641 ], [ 13.455071494455444, 47.978580344214542 ], [ 13.455101452353082, 47.978613958810861 ], [ 13.455151292662425, 47.978669863263832 ], [ 13.45514958349229, 47.978683809356184 ], [ 13.455146395192022, 47.978695507931825 ], [ 13.455053889321333, 47.978729521687335 ], [ 13.454958705473272, 47.978764347860341 ], [ 13.454812524336312, 47.978821538531108 ], [ 13.454716170598058, 47.978871929358185 ], [ 13.454650195205232, 47.978906544609572 ], [ 13.454375590660577, 47.979052303479556 ], [ 13.454114099378739, 47.979191120798831 ], [ 13.454104723668518, 47.979250326353124 ], [ 13.454248524993149, 47.979378912934777 ], [ 13.454318076190322, 47.97944109448779 ], [ 13.454474061350377, 47.979565259810229 ], [ 13.454811942977878, 47.97983452393246 ], [ 13.455335150083465, 47.980166025587529 ], [ 13.45548638356343, 47.98026185617077 ], [ 13.455450772020473, 47.980331795202581 ], [ 13.455362209078416, 47.980505517695377 ], [ 13.455336091650944, 47.980567349964318 ], [ 13.45527386223578, 47.980714505411683 ], [ 13.455189682173561, 47.980929336244586 ], [ 13.455058880744968, 47.981090868102356 ], [ 13.454931536051493, 47.981241150775624 ], [ 13.454721341197724, 47.98148877058496 ], [ 13.454560335831424, 47.981627932824914 ], [ 13.45437038558768, 47.981766675392421 ], [ 13.454186968335732, 47.981891736413175 ], [ 13.453815192303274, 47.982150049362943 ], [ 13.453653098640398, 47.982284083550176 ], [ 13.453432623494411, 47.982494376989933 ], [ 13.453316403692195, 47.982649504230629 ], [ 13.453217853082062, 47.982854992276678 ], [ 13.453157517270363, 47.98301356980447 ], [ 13.453146843623394, 47.98303364264369 ], [ 13.45314110677055, 47.983044534126968 ], [ 13.453138180775554, 47.983054073245484 ], [ 13.453131798798999, 47.983075760960006 ], [ 13.453122772078398, 47.98311274513275 ], [ 13.453112948605813, 47.983152878837082 ], [ 13.452966364944611, 47.983274301087384 ], [ 13.452956601637146, 47.983282407883081 ], [ 13.45274502223582, 47.983459944180503 ], [ 13.452654477728737, 47.983535516831957 ], [ 13.452547749902564, 47.983624600586054 ], [ 13.452400900956169, 47.983748361411102 ], [ 13.452209113277947, 47.983909862856088 ], [ 13.452054237862441, 47.984040288760383 ], [ 13.452035781656303, 47.984056051276077 ], [ 13.452014129741048, 47.984080723412013 ], [ 13.452002090167461, 47.984089732096514 ], [ 13.451965564491442, 47.984114599449256 ], [ 13.4517935428272, 47.984248191331382 ], [ 13.4517358938449, 47.984294671414872 ], [ 13.451667009079451, 47.984350159292994 ], [ 13.451606020668223, 47.98440141077328 ], [ 13.451537809929665, 47.984458787103662 ], [ 13.451414747792173, 47.984555713297851 ], [ 13.451370204441192, 47.984590754480713 ], [ 13.451357231318159, 47.984601833199925 ], [ 13.451202624415098, 47.984734326804897 ], [ 13.451035420425027, 47.984866833051228 ], [ 13.450864992585567, 47.984996283593851 ], [ 13.450603828998776, 47.985178904300398 ], [ 13.450433521523044, 47.985303226182339 ], [ 13.450281315196223, 47.985432567382382 ], [ 13.450329691507061, 47.985492343681912 ], [ 13.450354551247253, 47.985522905864464 ], [ 13.450334713284025, 47.985580142416438 ], [ 13.450307551547548, 47.985658077866042 ], [ 13.450306132344057, 47.985682459260467 ], [ 13.450298407973255, 47.985822899230321 ], [ 13.45029510069987, 47.985961085641506 ], [ 13.45030188438095, 47.986057698944265 ], [ 13.450257392352555, 47.986176045292851 ], [ 13.450069501449507, 47.986289498903922 ], [ 13.449803938182059, 47.98642651097672 ], [ 13.449527267982447, 47.986571180468509 ], [ 13.449324617143008, 47.986677450687409 ], [ 13.449170167714396, 47.986765409683677 ], [ 13.449051335503173, 47.986900743192685 ], [ 13.449044252279181, 47.986909386736322 ], [ 13.449004695470117, 47.986958726076857 ], [ 13.448955916996209, 47.987019320008507 ], [ 13.448948594534002, 47.987040918442318 ], [ 13.448940872439946, 47.987063596830751 ], [ 13.448804841613603, 47.987179065509736 ], [ 13.44876741953261, 47.987224354297588 ], [ 13.448660246263227, 47.987360665306767 ], [ 13.448642339260791, 47.987383353855144 ], [ 13.44862204420896, 47.987416930296028 ], [ 13.448502944386661, 47.987614247899963 ], [ 13.448454476567987, 47.987694633128235 ], [ 13.448402470365259, 47.987811186937549 ], [ 13.448380734123043, 47.987859788567853 ], [ 13.448367274273378, 47.987893807955466 ], [ 13.448365098377529, 47.988000596046703 ], [ 13.448310926983622, 47.987986705811679 ], [ 13.448266196124237, 47.988060429974141 ], [ 13.448211851492138, 47.988150087118434 ], [ 13.448090637876875, 47.988180525255927 ], [ 13.447995140298151, 47.988204550343404 ], [ 13.447798917421595, 47.988252155654692 ], [ 13.447754984880552, 47.98826281485924 ], [ 13.447712522098298, 47.988271493406877 ], [ 13.447626658407335, 47.988288851384809 ], [ 13.447592098732999, 47.988295902725724 ], [ 13.447554056119881, 47.988303587245191 ], [ 13.447427337591435, 47.988329621956993 ], [ 13.44730668854042, 47.988373463177361 ], [ 13.447279371738558, 47.988383386079043 ], [ 13.447170104624174, 47.988423167583619 ], [ 13.447356755752507, 47.988593462822656 ], [ 13.447364544085261, 47.988600562188296 ], [ 13.447160651880555, 47.98881874353679 ], [ 13.447043797941987, 47.98894399709593 ], [ 13.44698283030152, 47.989009280235969 ], [ 13.446866108737311, 47.989134173625445 ], [ 13.446799286242316, 47.989218804434628 ], [ 13.446693991121577, 47.989360239559922 ], [ 13.44648637249969, 47.989531462733979 ], [ 13.446407352497687, 47.989615655455637 ], [ 13.446311898109778, 47.989784429260283 ], [ 13.44656681479097, 47.989977239480936 ], [ 13.446638226994306, 47.990030157447293 ], [ 13.446715830781137, 47.990033859630607 ], [ 13.446985098242465, 47.990046549285367 ], [ 13.447068733216106, 47.990050425215202 ], [ 13.447247932251383, 47.990058884816129 ], [ 13.447830944437694, 47.990137384901359 ], [ 13.448145817160702, 47.990167569326864 ], [ 13.448219676342996, 47.990174692815479 ], [ 13.448389646151529, 47.990190986604169 ], [ 13.448645169760447, 47.990230135168474 ], [ 13.448680296586012, 47.990236577371576 ], [ 13.448785007029457, 47.990255904587492 ], [ 13.448849764058508, 47.990267894774476 ], [ 13.448867863763898, 47.990271205271995 ], [ 13.449261060502712, 47.990326677702498 ], [ 13.449458932651662, 47.990354547078809 ], [ 13.449767806869257, 47.990398137587277 ], [ 13.449873042815501, 47.990412425371709 ], [ 13.450067025674011, 47.990438768269826 ], [ 13.450114931797739, 47.990406603065708 ], [ 13.450141633612761, 47.990420970079818 ], [ 13.450159345148979, 47.990430398238573 ], [ 13.450210190170296, 47.990453647101567 ], [ 13.450235814027801, 47.990465406264768 ], [ 13.450373684781262, 47.990509977980999 ], [ 13.450577280503914, 47.990579312486219 ], [ 13.450665264056541, 47.990609270608331 ], [ 13.450822990971755, 47.990662997796278 ], [ 13.450982461874199, 47.990717352729767 ], [ 13.451176260779908, 47.99078003892248 ], [ 13.451347260249255, 47.990835371166149 ], [ 13.45221204674308, 47.99105354269188 ], [ 13.452448494534258, 47.991128417735219 ], [ 13.452652064856641, 47.991242819960831 ], [ 13.452779348168963, 47.991343986339828 ], [ 13.452904763619474, 47.991506868973026 ], [ 13.453030557676831, 47.991717431335331 ], [ 13.453035132198577, 47.991725163387066 ], [ 13.45302231404472, 47.99174595808374 ], [ 13.453008858704752, 47.991781057519042 ], [ 13.453006727209202, 47.991786637421257 ], [ 13.452909234014236, 47.991818945174572 ], [ 13.452828346706816, 47.99184574791915 ], [ 13.452541222826161, 47.991940865689457 ], [ 13.452365951366831, 47.992012027267542 ], [ 13.452178404547658, 47.992107311241121 ], [ 13.452092997489521, 47.992150671270259 ], [ 13.451844985071311, 47.992295766321845 ], [ 13.451834020262408, 47.99230675303945 ], [ 13.451778526856213, 47.992362047149427 ], [ 13.45174225840079, 47.992443590622791 ], [ 13.451702389650496, 47.992533234422844 ], [ 13.451677321552861, 47.992589576813096 ], [ 13.451666451728414, 47.992995589766551 ], [ 13.451716479894131, 47.99318841852044 ], [ 13.451604072285798, 47.993676941369557 ], [ 13.451615138922437, 47.993887262821779 ], [ 13.451787721986573, 47.994044700406832 ], [ 13.451953053638277, 47.994195577906737 ], [ 13.452199411618841, 47.994319562835784 ], [ 13.452269616677828, 47.994366990785565 ], [ 13.452454056965029, 47.994491758679359 ], [ 13.4523432375422, 47.994559884826892 ], [ 13.452230945782174, 47.994629001973252 ], [ 13.452220640006578, 47.994635309980339 ], [ 13.451978122489654, 47.994667856220033 ], [ 13.451801392557234, 47.994691518077623 ], [ 13.450959283628215, 47.994866457451678 ], [ 13.450891084280522, 47.994875973041729 ], [ 13.450203059133539, 47.994971582652937 ], [ 13.450089719153075, 47.994993378410136 ], [ 13.449414767792726, 47.995122975983563 ], [ 13.449001128641658, 47.995293330889822 ], [ 13.44845024313299, 47.99558644042115 ], [ 13.448927949694498, 47.996017243658208 ], [ 13.449171170609622, 47.996236508525705 ], [ 13.448822616427384, 47.996386375842256 ], [ 13.448302388084226, 47.996608023546663 ], [ 13.448285783464399, 47.996615057176264 ], [ 13.448223382563835, 47.996641658305393 ], [ 13.448136454754652, 47.996608188784421 ], [ 13.448129076560065, 47.996605317322498 ], [ 13.447992246214524, 47.996552735299758 ], [ 13.447941021581491, 47.996602715448702 ], [ 13.447928300907581, 47.996608395729396 ], [ 13.447817166348292, 47.996659874716869 ], [ 13.447000520702609, 47.997037805458952 ], [ 13.445143039687016, 47.997897413912277 ], [ 13.444611437165815, 47.998142266256515 ], [ 13.444214671900209, 47.998324192746814 ], [ 13.444046006598365, 47.998239969862929 ], [ 13.443862410212571, 47.998193635276657 ], [ 13.443759324310204, 47.998188516173286 ], [ 13.443667096798119, 47.998184016330967 ], [ 13.443334853960875, 47.998201336553507 ], [ 13.44329303883241, 47.998203535521689 ], [ 13.441899599996709, 47.998276195702189 ], [ 13.441189945877582, 47.998313206315643 ], [ 13.440996550605082, 47.998323642720514 ], [ 13.440679950691782, 47.99832267832177 ], [ 13.439839753929157, 47.998300156902545 ], [ 13.439643243537912, 47.998294940439315 ], [ 13.439379845605677, 47.998288435721484 ], [ 13.439199544335878, 47.998278525548429 ], [ 13.439139488668143, 47.998275252041488 ], [ 13.438681804787036, 47.998170504769348 ], [ 13.438682590735239, 47.998095385319345 ], [ 13.438628027737538, 47.998090577166536 ], [ 13.438373579627914, 47.998068318541961 ], [ 13.437925238541764, 47.998075293259731 ], [ 13.437445320082125, 47.998110003216993 ], [ 13.437387447152016, 47.998125618966746 ], [ 13.437184088208218, 47.998180679417437 ], [ 13.437103174688312, 47.998203332848213 ], [ 13.436845827900898, 47.998273465011458 ], [ 13.43645664036907, 47.998370523401611 ], [ 13.436408544486955, 47.998382531415736 ], [ 13.435804883877234, 47.998474561270093 ], [ 13.435362761430344, 47.998510398508898 ], [ 13.435133323816169, 47.998528953626987 ], [ 13.435105697628446, 47.998658524059906 ], [ 13.434364339448662, 47.998664213834111 ], [ 13.434076435831072, 47.998670403233533 ], [ 13.433800863360775, 47.998676401249277 ], [ 13.43338273354833, 47.998713649416501 ], [ 13.432755008498059, 47.998563055287768 ], [ 13.432202773445994, 47.998424448028487 ], [ 13.43229198842316, 47.998747606870502 ], [ 13.432707462389157, 47.999003102982918 ], [ 13.432770535215097, 47.999041822456519 ], [ 13.433180913074054, 47.999293542818435 ], [ 13.43333571147042, 47.999353593600588 ], [ 13.433408684084347, 47.999381868486381 ], [ 13.433740111466332, 47.999491874425047 ], [ 13.43400736000903, 47.999615069983193 ], [ 13.434109928188672, 47.99962874465934 ], [ 13.434138486467116, 47.999632588086975 ], [ 13.434197074695078, 47.999638834233849 ], [ 13.434497523934256, 47.999670867600031 ], [ 13.434550641621087, 47.999689983004494 ], [ 13.43470583699583, 47.99974598328847 ], [ 13.435291286486658, 47.999928091055651 ], [ 13.435454922191296, 48.00004930567799 ], [ 13.435511369460873, 48.000125273986001 ], [ 13.435516342480375, 48.000132106729183 ], [ 13.435583528393584, 48.000215712296459 ], [ 13.435613090228212, 48.000252480740514 ], [ 13.435684576639565, 48.000341570143753 ], [ 13.435936486666892, 48.000498960576671 ], [ 13.436061713635819, 48.000514232686022 ], [ 13.436188549734341, 48.000529773112326 ], [ 13.436234436266911, 48.000551772988238 ], [ 13.43651190383634, 48.000685209336915 ], [ 13.436810660583937, 48.000873233137746 ], [ 13.436987737190341, 48.000942255271106 ], [ 13.437063129145692, 48.000971695180439 ], [ 13.437077098710771, 48.000986166573163 ], [ 13.437121021718713, 48.001031378177672 ], [ 13.437202688941953, 48.001115329602023 ], [ 13.437217464293594, 48.001130519951275 ], [ 13.437409763674236, 48.001236592256625 ], [ 13.437558651298497, 48.001351789684492 ], [ 13.437619063820796, 48.001531120213016 ], [ 13.437623629152597, 48.001534984470617 ], [ 13.437790794171349, 48.001672925561785 ], [ 13.437818536946804, 48.001803795793442 ], [ 13.438152666481482, 48.003373696749804 ], [ 13.438173243542936, 48.003473446348096 ], [ 13.438628963386147, 48.003711071737563 ], [ 13.438639565685531, 48.003717089539009 ], [ 13.438674325749524, 48.003737119413159 ], [ 13.438795381763114, 48.003806639686616 ], [ 13.439221494566665, 48.004116349654893 ], [ 13.439547186735826, 48.004547689695045 ], [ 13.439922517160488, 48.004472134959443 ], [ 13.440299958197256, 48.004380473782476 ], [ 13.440689725963141, 48.004286460878475 ], [ 13.441053977321134, 48.004170789553918 ], [ 13.441298729029786, 48.004092203517573 ], [ 13.441491636354693, 48.004030308621147 ], [ 13.441609867260178, 48.004157224598202 ], [ 13.44177050287996, 48.004112182489074 ], [ 13.441977931411316, 48.004071324330198 ], [ 13.44218998370677, 48.00412609145129 ], [ 13.442251760170214, 48.004179560761187 ], [ 13.442270980527137, 48.004267705746514 ], [ 13.4422425211531, 48.004376497131673 ], [ 13.442241723810113, 48.004379826492311 ], [ 13.442270172419382, 48.004457707049383 ], [ 13.442341686016098, 48.004487686931711 ], [ 13.442465660998298, 48.004539657936363 ], [ 13.44255824170115, 48.004579333689911 ], [ 13.442623853281962, 48.00460742977495 ], [ 13.442637790162276, 48.004605167512096 ], [ 13.442691527241193, 48.004596300274365 ], [ 13.442701175904949, 48.004594761767578 ], [ 13.442784789787778, 48.004704976336654 ], [ 13.442664551356458, 48.005027515453712 ], [ 13.442765759032401, 48.005216520368968 ], [ 13.442989546288805, 48.005366365082637 ], [ 13.443175342886647, 48.00549069622781 ], [ 13.443174317793245, 48.005513097827617 ], [ 13.443170613114219, 48.005599645128783 ], [ 13.443170225588542, 48.005606572598033 ], [ 13.443169077844745, 48.005634372054175 ], [ 13.443168841871552, 48.005649575914397 ], [ 13.443153159526815, 48.005650670391205 ], [ 13.443152772758035, 48.005721381158097 ], [ 13.443002187265513, 48.005766235680042 ], [ 13.443077375062659, 48.005821041209288 ], [ 13.442980277847889, 48.005865754847214 ], [ 13.442976262750859, 48.005932420751606 ], [ 13.442974192251393, 48.005967687953124 ], [ 13.442901930992671, 48.006029290835848 ], [ 13.442903019390091, 48.006036846637812 ], [ 13.442908062054661, 48.00607597546135 ], [ 13.442912012152091, 48.006105569315274 ], [ 13.442807773559061, 48.006133376669105 ], [ 13.442826966189592, 48.006207577373686 ], [ 13.442778869206839, 48.006285440418864 ], [ 13.442761367258317, 48.006313795151463 ], [ 13.442716212513069, 48.006324723411801 ], [ 13.442682446843502, 48.006332852028571 ], [ 13.442676613959746, 48.006427767802464 ], [ 13.442676355498335, 48.006432356125558 ], [ 13.442684682660976, 48.006439725143181 ], [ 13.44272537782515, 48.006475491566256 ], [ 13.442746329640061, 48.006493824010832 ], [ 13.442792934283691, 48.006534712657079 ], [ 13.443028390701416, 48.006494185911514 ], [ 13.445466019895255, 48.005826121357735 ], [ 13.445527518104013, 48.005810318165047 ], [ 13.445750489762757, 48.005764220343409 ], [ 13.445775023348144, 48.005764736211624 ], [ 13.4457849439501, 48.005764906468087 ], [ 13.445829318740618, 48.005765762835125 ], [ 13.445991400784308, 48.005768933300395 ], [ 13.446213491892026, 48.005749734186274 ], [ 13.446298066141484, 48.005742454428507 ], [ 13.44636708076548, 48.0057926757895 ], [ 13.446228219685297, 48.00598803001342 ], [ 13.445852365584324, 48.006255945122135 ], [ 13.445976446679662, 48.006415147332135 ], [ 13.446116660720159, 48.006595114928999 ], [ 13.446143421285923, 48.006633232791138 ], [ 13.446296723784297, 48.006851601267925 ], [ 13.446320391260922, 48.006885134036565 ], [ 13.446427928767358, 48.007079707116851 ], [ 13.446648314623243, 48.007505552342941 ], [ 13.44667716683599, 48.00758028266921 ], [ 13.446768575543578, 48.00781607395907 ], [ 13.446890767814958, 48.008028174790361 ], [ 13.44692144818357, 48.008080322713482 ], [ 13.447025196664622, 48.008256636556567 ], [ 13.447051840237895, 48.008301861324028 ], [ 13.447095711945472, 48.008378106083434 ], [ 13.44743631103465, 48.008413035003322 ], [ 13.447457391049523, 48.008427588044292 ], [ 13.447610594637002, 48.008535121255818 ], [ 13.447630105162176, 48.008567488347069 ], [ 13.447685515191942, 48.008647229976482 ], [ 13.447760427154057, 48.008755290351836 ], [ 13.447820143513935, 48.00884222462237 ], [ 13.448069452775741, 48.009183023897592 ], [ 13.44811745930582, 48.009248648594237 ], [ 13.44812203225219, 48.009255301251507 ], [ 13.448161706143276, 48.009311578143688 ], [ 13.44829102398282, 48.009467983688012 ], [ 13.448410133539264, 48.009433769284783 ], [ 13.448443623422422, 48.009421680943781 ], [ 13.448733377116863, 48.009317035354911 ], [ 13.449144376174017, 48.009175023054041 ], [ 13.449402011272847, 48.009097216759507 ], [ 13.449515220576961, 48.009063097110293 ], [ 13.449589040897882, 48.009040802091711 ], [ 13.449648526037562, 48.009022929625658 ], [ 13.449772318913338, 48.008985560415049 ], [ 13.449807554467911, 48.00897499927413 ], [ 13.450205470858473, 48.00886025495312 ], [ 13.450534922932837, 48.008765280544289 ], [ 13.450423014062737, 48.008602472482032 ], [ 13.450414405374053, 48.008589796536604 ], [ 13.450866000398729, 48.008441079679642 ], [ 13.451181483366978, 48.008336131827527 ], [ 13.451242435323417, 48.008315378246472 ], [ 13.451559389012692, 48.008209348308895 ], [ 13.451593552199016, 48.008199237530881 ], [ 13.452021730649832, 48.008072940742693 ], [ 13.452065807728568, 48.008059940835501 ], [ 13.452190536259131, 48.008023107834859 ], [ 13.452199810249835, 48.008033443946267 ], [ 13.452514032441801, 48.007965558205861 ], [ 13.453035009725326, 48.007853015981496 ], [ 13.453247941066099, 48.007812221943958 ], [ 13.453832864419249, 48.007700329360546 ], [ 13.453829623990476, 48.007690436890876 ], [ 13.453806129771666, 48.007618221690663 ], [ 13.453764272548439, 48.007489619282438 ], [ 13.453759681318237, 48.007475320066746 ], [ 13.453757790910517, 48.007469474489433 ], [ 13.453760037224642, 48.007455348063573 ], [ 13.453771666790706, 48.007382916271254 ], [ 13.453793472843721, 48.00724741027495 ], [ 13.45379505926104, 48.007237782651771 ], [ 13.454015857587862, 48.007179976101789 ], [ 13.454182672805667, 48.007141027791711 ], [ 13.454363422508024, 48.007098825985338 ], [ 13.454415945655155, 48.007086536019102 ], [ 13.454361498868973, 48.006790886975168 ], [ 13.45433393500922, 48.006640678788301 ], [ 13.455254107286535, 48.006464103928245 ], [ 13.455397351808021, 48.006436603969675 ], [ 13.45586139281642, 48.006349568494969 ], [ 13.455906550555861, 48.006341064085774 ], [ 13.455937236556155, 48.006335363865404 ], [ 13.45598748020851, 48.006323345490472 ], [ 13.456115720694228, 48.006300628589287 ], [ 13.456176960024901, 48.006289857906886 ], [ 13.456150575265731, 48.006186879100333 ], [ 13.456299584532994, 48.006160001623726 ], [ 13.456649058808866, 48.006096925006837 ], [ 13.45664645835368, 48.006074437197356 ], [ 13.457062791438208, 48.005996624013633 ], [ 13.45743182189023, 48.005927586547159 ], [ 13.457518410664148, 48.005922365561176 ], [ 13.457540795223796, 48.005921082001649 ], [ 13.457823080031089, 48.005904134846269 ], [ 13.458151616672422, 48.005832259954595 ], [ 13.458155252216228, 48.005727269945346 ], [ 13.458159885447539, 48.005591151874007 ], [ 13.458166528304011, 48.005398715177144 ], [ 13.45817354929488, 48.005196292234558 ], [ 13.459181637308491, 48.005246925857882 ], [ 13.459814190234251, 48.005278620905536 ], [ 13.460079251354644, 48.005291914473794 ], [ 13.460229279637003, 48.005299936212317 ], [ 13.460353967918433, 48.005306546246253 ], [ 13.460518349761767, 48.005044484733858 ], [ 13.460570374565886, 48.00504910544219 ], [ 13.460604834201822, 48.005052126172984 ], [ 13.460678497609313, 48.004915302092826 ], [ 13.460679880089989, 48.004877696286989 ], [ 13.460680130127585, 48.004870319094771 ], [ 13.460684580872451, 48.004826592460269 ], [ 13.460692834109237, 48.00474813614391 ], [ 13.460793683230124, 48.004709790805833 ], [ 13.461180563309417, 48.004600238554119 ], [ 13.461185386151943, 48.004598973738638 ], [ 13.461552847227109, 48.00449771828626 ], [ 13.461861898753895, 48.004412360099693 ], [ 13.461913875206307, 48.004397638340286 ], [ 13.462257482480865, 48.004300635444388 ], [ 13.462317085004162, 48.004279967465997 ], [ 13.462630367072423, 48.004171842000076 ], [ 13.462776583371328, 48.00410366653783 ], [ 13.462814208686533, 48.004086171629375 ], [ 13.462894547406016, 48.004048837041637 ], [ 13.462987765359003, 48.004015626203653 ], [ 13.463006241026507, 48.004006159395523 ], [ 13.463123520637637, 48.003945842724633 ], [ 13.463539961542875, 48.003761130678136 ], [ 13.463766364719508, 48.003649951394543 ], [ 13.463793275873851, 48.003636696505076 ], [ 13.463851377395184, 48.003606043596662 ], [ 13.463923170831588, 48.003582842052246 ], [ 13.463975274274866, 48.003565870157267 ], [ 13.464497116083471, 48.003504373812845 ], [ 13.46471635905988, 48.003478575154283 ], [ 13.464980417428695, 48.003469547956776 ], [ 13.46508738121468, 48.003465917386698 ], [ 13.46560740884599, 48.003482595469769 ], [ 13.465889494135192, 48.003498735025978 ], [ 13.46609891288257, 48.00351063929395 ], [ 13.466154150199767, 48.003513814400627 ], [ 13.466165009946526, 48.003514431642323 ], [ 13.466186059185361, 48.003515666893996 ], [ 13.466191824301761, 48.003516020108847 ], [ 13.46620630641778, 48.003517802689416 ], [ 13.466453041740678, 48.003549275171764 ], [ 13.466821535859495, 48.003596169901257 ], [ 13.466833768945738, 48.003609560159205 ], [ 13.466837263982391, 48.003613334539978 ], [ 13.466842651909246, 48.003623404102541 ], [ 13.466884407950749, 48.00370126327843 ], [ 13.466914849682665, 48.003758084319422 ], [ 13.467352597616845, 48.003784385764881 ], [ 13.467558019561322, 48.003753379950233 ], [ 13.467665499037894, 48.003741649779947 ], [ 13.467877440887252, 48.003588376848676 ], [ 13.467897243455278, 48.003574049738987 ], [ 13.46816058531024, 48.003547203559442 ], [ 13.468220892463783, 48.003541015664489 ], [ 13.468441348860996, 48.003518537143613 ], [ 13.468702023890895, 48.003497360486897 ], [ 13.468727220331662, 48.003495351765437 ], [ 13.468765172238658, 48.003501244771144 ], [ 13.468803258205293, 48.00350713760708 ], [ 13.469003612646343, 48.003538389185103 ], [ 13.469275982468517, 48.003580890906917 ], [ 13.469775129657862, 48.00365973891131 ], [ 13.469804367513266, 48.003665282024869 ], [ 13.469824082996883, 48.003669037140426 ], [ 13.469938486809344, 48.003690942628005 ], [ 13.470416086218599, 48.003782138218376 ], [ 13.47045022456687, 48.003815923557781 ], [ 13.470522263635084, 48.00388681834513 ], [ 13.470462219946043, 48.004043784175245 ], [ 13.470457681380546, 48.004051076523432 ], [ 13.470235819697383, 48.004405881768299 ], [ 13.470224072502601, 48.004424697844811 ], [ 13.470224635480292, 48.004434862931483 ], [ 13.470246980230815, 48.004877001728609 ], [ 13.470264085967759, 48.005213080999845 ], [ 13.470323731157869, 48.00520941174738 ], [ 13.470549845869916, 48.005195199058718 ], [ 13.470598366085047, 48.00519217262304 ], [ 13.470862266559685, 48.005221906009822 ], [ 13.470888020202185, 48.005227542960803 ], [ 13.470903579444332, 48.005230853031165 ], [ 13.470919540616878, 48.005234072658055 ], [ 13.471388719919267, 48.005328872739383 ], [ 13.471407903745304, 48.005334067618264 ], [ 13.471479407326152, 48.005353503925974 ], [ 13.471509055412895, 48.005361655026149 ], [ 13.471851146995308, 48.005454806010206 ], [ 13.471923623589054, 48.005487105498915 ], [ 13.471960532920054, 48.005503524307684 ], [ 13.47199609907303, 48.005518955131379 ], [ 13.472086289763082, 48.005558160346766 ], [ 13.472117570269017, 48.005575125643951 ], [ 13.472147373773073, 48.005591193084442 ], [ 13.472175700752786, 48.005606542593604 ], [ 13.472445142913605, 48.005752317196261 ], [ 13.472500995065738, 48.005783826688663 ], [ 13.472553758916423, 48.005813450667574 ], [ 13.472674674919665, 48.005862064420604 ], [ 13.472752780579157, 48.005893456969964 ], [ 13.472892435759857, 48.005931162416658 ], [ 13.473060190006558, 48.005949041968506 ], [ 13.473102702622233, 48.00595510795597 ], [ 13.473299843676259, 48.005983387220354 ], [ 13.473508921880743, 48.006013810754837 ], [ 13.473534133906284, 48.006017198714538 ], [ 13.473566185051535, 48.006021388024074 ], [ 13.47356528061586, 48.006033983856668 ], [ 13.473902966399466, 48.006081253302582 ], [ 13.473917181862603, 48.006083215167791 ], [ 13.474207884201325, 48.0061069707751 ], [ 13.4743013297534, 48.006109555598975 ], [ 13.474322646640447, 48.006110159308442 ], [ 13.474528844046537, 48.00611602478773 ], [ 13.474832995127263, 48.006106116447022 ], [ 13.474861951595322, 48.006106080958197 ], [ 13.474923073587901, 48.006102947302615 ], [ 13.475000280537065, 48.006099074181925 ], [ 13.475212062989232, 48.00608828855033 ], [ 13.475412117598449, 48.006102886356167 ], [ 13.475928062005677, 48.006232965701834 ], [ 13.476316733659445, 48.006343588615422 ], [ 13.476458008256987, 48.006383806702154 ], [ 13.476682353841147, 48.006456038089134 ], [ 13.47685517553176, 48.00651169005198 ], [ 13.476949009319009, 48.006557454199069 ], [ 13.476917717859434, 48.006925709103925 ], [ 13.476895274225559, 48.007099814184691 ], [ 13.476867322066736, 48.00731818757756 ], [ 13.476865354113645, 48.007333753511183 ], [ 13.476861679869685, 48.007362546031615 ], [ 13.476839238343418, 48.00753755069708 ], [ 13.476415961318123, 48.007570372437648 ], [ 13.476406713056093, 48.007571103595623 ], [ 13.476216653670333, 48.007585822865359 ], [ 13.476054213557841, 48.007552647721305 ], [ 13.476017191864912, 48.007545136636281 ], [ 13.4757512192035, 48.007498414675034 ], [ 13.475747434417809, 48.007536023604118 ], [ 13.475735978733933, 48.007660815504437 ], [ 13.475734419513824, 48.007678899858192 ], [ 13.475730774184795, 48.007718487784011 ], [ 13.475742653921552, 48.007748520555339 ], [ 13.475802321674729, 48.007898953944697 ], [ 13.475847410152841, 48.008012610696788 ], [ 13.475953846497132, 48.008009060717363 ], [ 13.476018100998392, 48.008023015462676 ], [ 13.476028564056872, 48.008025251591782 ], [ 13.476082832308103, 48.008064138207189 ], [ 13.476118470597436, 48.008104757118907 ], [ 13.47612196364296, 48.008107451669567 ], [ 13.476139159761916, 48.008120564904651 ], [ 13.476195793130826, 48.008141905886909 ], [ 13.476225988939373, 48.008153383703295 ], [ 13.47632297360016, 48.008125285364528 ], [ 13.476470774162527, 48.008099373024024 ], [ 13.476641683635057, 48.00804302454906 ], [ 13.476745113213452, 48.008067275934927 ], [ 13.476870065948972, 48.008117949402482 ], [ 13.476935428115322, 48.00814449698828 ], [ 13.476984416268003, 48.008164407694998 ], [ 13.477078638456966, 48.00810707440138 ], [ 13.477227844572917, 48.008056329739986 ], [ 13.477396515645362, 48.008015006648328 ], [ 13.477465338053698, 48.007983973723945 ], [ 13.477576338203471, 48.007885866138281 ], [ 13.477582356532025, 48.007880640804807 ], [ 13.477661235314695, 48.007850314898441 ], [ 13.477744202076506, 48.007843823846407 ], [ 13.477795939081471, 48.007839800791196 ], [ 13.477902665324653, 48.007844255305422 ], [ 13.477928913472239, 48.007785926843091 ], [ 13.477941438498247, 48.007758292719302 ], [ 13.47808333047918, 48.007729506919034 ], [ 13.478196996662978, 48.007722797131549 ], [ 13.478360536836771, 48.007717104154928 ], [ 13.478501222720988, 48.007736629137028 ], [ 13.478630221440785, 48.007747622230923 ], [ 13.478787958985244, 48.007728351637127 ], [ 13.478849423654982, 48.007703354630486 ], [ 13.478901783147419, 48.007682327412347 ], [ 13.4789740956196, 48.007653358320724 ], [ 13.479187740416567, 48.007683226063541 ], [ 13.479257872895133, 48.00768961475152 ], [ 13.479533577777797, 48.007667854991233 ], [ 13.479888227257415, 48.007639787011001 ], [ 13.479939986974509, 48.007643949542349 ], [ 13.47996331928401, 48.007645899090569 ], [ 13.480054416702076, 48.007670433069585 ], [ 13.480127122599555, 48.007686084083836 ], [ 13.480160528364394, 48.007694678001059 ], [ 13.480193665762551, 48.007703182287536 ], [ 13.480233619994348, 48.00770448090514 ], [ 13.480283652252682, 48.007714043221441 ], [ 13.48033038028265, 48.00774034271938 ], [ 13.480447603640791, 48.007806405735437 ], [ 13.480479787957691, 48.007809693337798 ], [ 13.480529673313141, 48.007814667655047 ], [ 13.480569099031714, 48.007818665701073 ], [ 13.480596824666588, 48.007809724076019 ], [ 13.480683618384562, 48.007781904960105 ], [ 13.480767668124566, 48.007779278740209 ], [ 13.48087678515258, 48.007775810774341 ], [ 13.480947755016455, 48.007746482315717 ], [ 13.480961145629777, 48.007740977495118 ], [ 13.480978285631132, 48.007733938519429 ], [ 13.480998029769253, 48.007746957815925 ], [ 13.481013744394202, 48.00775728339152 ], [ 13.481074557385815, 48.007833583643219 ], [ 13.48109187543016, 48.007842017947333 ], [ 13.48119564821681, 48.007892084116421 ], [ 13.481472892209505, 48.007751657428727 ], [ 13.481632463909092, 48.007670756393019 ], [ 13.481717786339683, 48.007597417436259 ], [ 13.481734904370247, 48.007582731575837 ], [ 13.481821181407225, 48.007562109256618 ], [ 13.481895535136225, 48.00754438100747 ], [ 13.48191438176022, 48.007524744966631 ], [ 13.481956258007449, 48.007541873892343 ], [ 13.481994510765885, 48.007557658031992 ], [ 13.482015314465173, 48.007566087711716 ], [ 13.482049943225393, 48.007580347138536 ], [ 13.482061217769383, 48.007585010661764 ], [ 13.482094235757526, 48.007598552450844 ], [ 13.482097725475048, 48.007599987353288 ], [ 13.482157990163426, 48.007624739317315 ], [ 13.482188457940659, 48.007637204817506 ], [ 13.482205986792744, 48.007625577078144 ], [ 13.482238769548657, 48.007603763922326 ], [ 13.482255511269781, 48.007598164668259 ], [ 13.482216321517484, 48.007582921597084 ], [ 13.482245316260688, 48.007549148328565 ], [ 13.482285310880123, 48.007564570276706 ], [ 13.482271812155357, 48.007579071626409 ], [ 13.48227932784374, 48.007581940728876 ], [ 13.482283891087901, 48.007583734090588 ], [ 13.482315216118849, 48.007567860308633 ], [ 13.482339445928558, 48.007555504205072 ], [ 13.482349127480568, 48.007565657459693 ], [ 13.482362170369864, 48.007579224945523 ], [ 13.482476823484223, 48.007636472919273 ], [ 13.482493605443311, 48.007644907706776 ], [ 13.482521787295713, 48.00765494708812 ], [ 13.482850979423764, 48.007772372047064 ], [ 13.48305721761678, 48.007836337973991 ], [ 13.483171055462975, 48.007703225970587 ], [ 13.483276404615937, 48.00760197154635 ], [ 13.483527888710004, 48.007271392910816 ], [ 13.483578236743146, 48.007204575340232 ], [ 13.483647281590196, 48.007112993759087 ], [ 13.483655830504153, 48.007102277108984 ], [ 13.483680408124545, 48.007071298057383 ], [ 13.483705654195372, 48.007039688393171 ], [ 13.483710329390314, 48.00703383475102 ], [ 13.483723019051206, 48.007017894885841 ], [ 13.483748792983949, 48.006983405728036 ], [ 13.483760143322797, 48.006967917414805 ], [ 13.483914088293449, 48.007075581685754 ], [ 13.484018894524805, 48.007158030446831 ], [ 13.484215582121704, 48.007349843314714 ], [ 13.484238437211159, 48.007372124120927 ], [ 13.484371939619978, 48.007502754885046 ], [ 13.484502692516863, 48.00765578971788 ], [ 13.484650358462641, 48.00776975857422 ], [ 13.484681530741844, 48.007793737677645 ], [ 13.484727162114044, 48.007810950642508 ], [ 13.484833053448634, 48.007850755070919 ], [ 13.484837884928512, 48.007852547980093 ], [ 13.484854124537616, 48.007858734078027 ], [ 13.484868757763209, 48.007865731942637 ], [ 13.484912657987978, 48.007886905449276 ], [ 13.484945796545583, 48.007895498337263 ], [ 13.485290870504233, 48.007985996765733 ], [ 13.485317527426924, 48.008070346376563 ], [ 13.485332544326967, 48.008116837149558 ], [ 13.485337009419981, 48.008130865399679 ], [ 13.485390859913004, 48.008162011448235 ], [ 13.485421371771052, 48.008235020699424 ], [ 13.485428545261232, 48.008258311500647 ], [ 13.485427483805543, 48.00826209131705 ], [ 13.485422838422322, 48.008278110732171 ], [ 13.485419520515203, 48.008289630281659 ], [ 13.485430120724628, 48.008292765004505 ], [ 13.48545574181616, 48.008297859114144 ], [ 13.485460034210876, 48.008298663121437 ], [ 13.485564922817726, 48.008315977610749 ], [ 13.48567823358148, 48.008370885155969 ], [ 13.485739776114325, 48.008373322906181 ], [ 13.48575868223412, 48.008374377504154 ], [ 13.485848918590339, 48.008378216721169 ], [ 13.485953858388028, 48.008367192652059 ], [ 13.485972621733159, 48.008365278646394 ], [ 13.486076352001076, 48.008353266478885 ], [ 13.486204984435807, 48.008329796041977 ], [ 13.48632557533605, 48.008307145775554 ], [ 13.486577480289871, 48.008261290863544 ], [ 13.486685992717254, 48.00823442801601 ], [ 13.486780304697486, 48.008211092465565 ], [ 13.486873364465529, 48.008263146952928 ], [ 13.486989924845213, 48.008328484529571 ], [ 13.487023383727724, 48.008354529091889 ], [ 13.487047839381539, 48.008373478601726 ], [ 13.487076631921276, 48.008362914683509 ], [ 13.487251032948652, 48.008312123558433 ], [ 13.487288940387986, 48.008301097627964 ], [ 13.487435914025101, 48.008269234873708 ], [ 13.487451719091894, 48.008264355817673 ], [ 13.487458282324944, 48.008262367887831 ], [ 13.487524985266337, 48.008241857403171 ], [ 13.487569721813186, 48.008228123392605 ], [ 13.48759811758128, 48.008219449083221 ], [ 13.487688527947748, 48.008191619885807 ], [ 13.487791797041478, 48.008159995002885 ], [ 13.487945427385114, 48.008112739134106 ], [ 13.487959764887274, 48.008110290956537 ], [ 13.488055436505276, 48.008093609759747 ], [ 13.488174855380931, 48.008083014089991 ], [ 13.488231413522193, 48.008077450548157 ], [ 13.488294002598051, 48.008071249150781 ], [ 13.488559236218032, 48.008045253718379 ], [ 13.488889694089794, 48.008132252537877 ], [ 13.488907001926112, 48.008136817306465 ], [ 13.4889581202681, 48.008150242794436 ], [ 13.488993541153171, 48.008159641110396 ], [ 13.489035402191144, 48.008170740018699 ], [ 13.489083569057803, 48.008183449731156 ], [ 13.489100206074085, 48.00818783545067 ], [ 13.489211713829128, 48.008221510860587 ], [ 13.489469483490698, 48.008299250014979 ], [ 13.489886071478152, 48.008450002794305 ], [ 13.489950895762968, 48.008473664973458 ], [ 13.490176640051642, 48.008555944088755 ], [ 13.490358901813126, 48.008622898323466 ], [ 13.490801003171182, 48.008785488143815 ], [ 13.491004948478118, 48.008840356841723 ], [ 13.491014609318622, 48.008843042523928 ], [ 13.490818522745395, 48.009169783366325 ], [ 13.491149638877665, 48.00929338948999 ], [ 13.491695641141213, 48.009497036609275 ], [ 13.492118824332035, 48.009607109306991 ], [ 13.492166321570034, 48.009619368842877 ], [ 13.492387975000755, 48.009676369840875 ], [ 13.49261961517008, 48.009754677712891 ], [ 13.492697487346907, 48.009791544815577 ], [ 13.492854306500996, 48.009865907114921 ], [ 13.493167751554296, 48.01003856131554 ], [ 13.493188684099051, 48.010044379899419 ], [ 13.493356144902071, 48.010091018395983 ], [ 13.493520251256266, 48.010136671716445 ], [ 13.493647787383205, 48.01023563325041 ], [ 13.493801530363076, 48.010354979681701 ], [ 13.493859316460624, 48.01039916084607 ], [ 13.493986563094721, 48.010534197284869 ], [ 13.494209781916345, 48.01074862662805 ], [ 13.494452458606096, 48.011011428101341 ], [ 13.494667598224741, 48.011256544939897 ], [ 13.494784827743588, 48.011445751748909 ], [ 13.494876591115039, 48.01159397124875 ], [ 13.494942905340228, 48.011749963030184 ], [ 13.494993654681808, 48.011901838285063 ], [ 13.495001639904892, 48.011925936996128 ], [ 13.495017879917022, 48.011974583850069 ], [ 13.49503672570221, 48.0120851210865 ], [ 13.495049700680838, 48.012161660802775 ], [ 13.495069712831576, 48.012517883291785 ], [ 13.494740768656831, 48.012498911522883 ], [ 13.494684715638538, 48.012495751187181 ], [ 13.494660085501271, 48.012551742101259 ], [ 13.494642246787004, 48.012592789794013 ], [ 13.494611966228193, 48.012772306737119 ], [ 13.494584980442246, 48.012933466767457 ], [ 13.494577954583464, 48.013002567566396 ], [ 13.49457678499973, 48.013014534175234 ], [ 13.49456235051451, 48.013159033656187 ], [ 13.494538514397341, 48.013255056611818 ], [ 13.494650695163356, 48.013284947395718 ], [ 13.494654586719211, 48.013286021508016 ], [ 13.494672299557651, 48.013290764769081 ], [ 13.49492135224469, 48.013357168638443 ], [ 13.494985750810695, 48.013370572875196 ], [ 13.495163262563524, 48.01341170696454 ], [ 13.495251817430244, 48.013432274188858 ], [ 13.495268991545757, 48.013436208453683 ], [ 13.495143193609639, 48.013554685036368 ], [ 13.495130092424182, 48.013567028209245 ], [ 13.494990166542706, 48.013669691057004 ], [ 13.494748911068166, 48.013826472682396 ], [ 13.494640555647766, 48.013863148686703 ], [ 13.49458202481955, 48.013882932122044 ], [ 13.49457344859119, 48.013884473449998 ], [ 13.494083798824992, 48.013972509134753 ], [ 13.493902446995662, 48.013990753785215 ], [ 13.493894672697467, 48.013991484288375 ], [ 13.493658097524305, 48.014015292990273 ], [ 13.493197427645308, 48.014023128382576 ], [ 13.492987203529751, 48.01402674771267 ], [ 13.492946713897849, 48.014027433399235 ], [ 13.492856349720354, 48.014028997614361 ], [ 13.492155155378795, 48.014041029127213 ], [ 13.492190892759234, 48.014196434651161 ], [ 13.492233015345377, 48.014379089914826 ], [ 13.492214073006032, 48.014542487286285 ], [ 13.492213159460755, 48.014550675100821 ], [ 13.492202209261981, 48.014652977153574 ], [ 13.492220013317104, 48.014687498141761 ], [ 13.492192530544804, 48.01468870544646 ], [ 13.492045464294982, 48.014695204944715 ], [ 13.492031790082075, 48.014695853465973 ], [ 13.491910353266672, 48.014664983279403 ], [ 13.491805689428743, 48.014638318179223 ], [ 13.491737792262869, 48.014621048602663 ], [ 13.491562950830703, 48.014576666981291 ], [ 13.491440435097969, 48.014543548724951 ], [ 13.491283433003359, 48.014501211393636 ], [ 13.491277394245667, 48.014499510369014 ], [ 13.491239584211332, 48.014543823449252 ], [ 13.491226090540334, 48.014559765198264 ], [ 13.491034234794872, 48.01478502265887 ], [ 13.490973899251477, 48.014873717743441 ], [ 13.490874273857642, 48.015093901097302 ], [ 13.490846840957632, 48.015155922431831 ], [ 13.49081341629646, 48.015231806098413 ], [ 13.490989996071061, 48.015274117342038 ], [ 13.491324132925264, 48.015319901389582 ], [ 13.491333388638955, 48.015321238162947 ], [ 13.491343454854821, 48.015324552994322 ], [ 13.492363526615859, 48.015667618304548 ], [ 13.49239749097462, 48.015681155827593 ], [ 13.492421447120755, 48.01566654897254 ], [ 13.492518207116682, 48.015607130629327 ], [ 13.492595829265374, 48.015559523630543 ], [ 13.492853388170298, 48.015336511943637 ], [ 13.493050818949378, 48.015225765624606 ], [ 13.49316318582069, 48.015184227623187 ], [ 13.493297413855009, 48.015362616720246 ], [ 13.493356113093828, 48.015440442651041 ], [ 13.49337927037779, 48.015471357552009 ], [ 13.493476516764447, 48.015439736033933 ], [ 13.493488973891894, 48.015435670467973 ], [ 13.493875239673624, 48.015557842706315 ], [ 13.494001131954498, 48.015597610884413 ], [ 13.494125987111097, 48.01560544380586 ], [ 13.494230591732615, 48.015611955365848 ], [ 13.494416515346085, 48.01563940461682 ], [ 13.494560451891397, 48.015660614822799 ], [ 13.494657466174631, 48.015683959511897 ], [ 13.494949311803875, 48.015753272270992 ], [ 13.495066721524829, 48.015781266115027 ], [ 13.4951732787995, 48.015811883945496 ], [ 13.495239172735641, 48.015830863593067 ], [ 13.495250714767764, 48.015834355940754 ], [ 13.495278093684631, 48.015842684044543 ], [ 13.495359658281584, 48.015856153964862 ], [ 13.495356204641853, 48.015866594417297 ], [ 13.495350359370862, 48.015884055270938 ], [ 13.49535229330534, 48.01594531677862 ], [ 13.495353193372907, 48.015975992606869 ], [ 13.495354236493135, 48.016009547022698 ], [ 13.495302088532602, 48.016314321899848 ], [ 13.495280355557554, 48.016353755780116 ], [ 13.495251822912749, 48.01640561395967 ], [ 13.495231289898443, 48.016442887056577 ], [ 13.495196490750258, 48.016506179192191 ], [ 13.495109738756661, 48.016765121727538 ], [ 13.495091063330683, 48.016839276661237 ], [ 13.495067617849822, 48.016931790538912 ], [ 13.495054769897704, 48.016982727079736 ], [ 13.495033397012621, 48.017138121557785 ], [ 13.495026054340284, 48.017191569325341 ], [ 13.495023176777661, 48.01725796538534 ], [ 13.495016053798066, 48.017425214898722 ], [ 13.495012051094864, 48.017517881459803 ], [ 13.495066347920698, 48.017687563931666 ], [ 13.495141011061664, 48.017852269932476 ], [ 13.495285741361124, 48.018169363402947 ], [ 13.495318282304828, 48.018241737254094 ], [ 13.495387800149263, 48.018346895390998 ], [ 13.495457771585583, 48.018468425942807 ], [ 13.495493229544875, 48.018530090159061 ], [ 13.495649698299189, 48.018697289842166 ], [ 13.495800876135744, 48.018844525169555 ], [ 13.495823188269696, 48.018861496620893 ], [ 13.495871172717525, 48.018897953720881 ], [ 13.4960498049343, 48.019033814870483 ], [ 13.496142279995494, 48.019104124883121 ], [ 13.496456047707623, 48.019358454833487 ], [ 13.496738153701315, 48.019393411283083 ], [ 13.496816091873182, 48.019403106893158 ], [ 13.496850030403946, 48.019407287082807 ], [ 13.497319325588334, 48.019440807540526 ], [ 13.497325629327825, 48.019441248403695 ], [ 13.497475955192799, 48.01944382376422 ], [ 13.497833868216711, 48.019450151857605 ], [ 13.497764314641856, 48.019547769717512 ], [ 13.497603870159228, 48.019865384005179 ], [ 13.497569914846016, 48.020195682875809 ], [ 13.497635989384742, 48.020439565929536 ], [ 13.49763653810674, 48.020528357656403 ], [ 13.497706974996913, 48.020709710846418 ], [ 13.497711881598503, 48.020777175370441 ], [ 13.497644175372869, 48.020781050077076 ], [ 13.49749736904187, 48.020790164990537 ], [ 13.497407274241439, 48.020795780644143 ], [ 13.497323614867826, 48.020801027245994 ], [ 13.497282589605554, 48.02080360440182 ], [ 13.49680419814125, 48.020823714016018 ], [ 13.49619280014422, 48.020849316964885 ], [ 13.496157671613068, 48.020850805866324 ], [ 13.49595176092604, 48.020827435852851 ], [ 13.495909773844055, 48.020822636992079 ], [ 13.495881201379905, 48.020819438560572 ], [ 13.495835624375294, 48.020824450581223 ], [ 13.495799296860801, 48.020828459996231 ], [ 13.4957590819755, 48.020832924674728 ], [ 13.495446535554597, 48.020886081357013 ], [ 13.495511043463043, 48.02101751526429 ], [ 13.49556178602646, 48.021120810356209 ], [ 13.495732562996201, 48.021315518071738 ], [ 13.495833337408541, 48.021508704682546 ], [ 13.495851162529151, 48.021591354668729 ], [ 13.495841573025047, 48.021698153020061 ], [ 13.495831221627592, 48.021775714798032 ], [ 13.495832043082551, 48.021781111360966 ], [ 13.495760203448063, 48.022136472172029 ], [ 13.495769097647131, 48.022279229294796 ], [ 13.495780254399323, 48.022459407400611 ], [ 13.495781106492794, 48.022474609772082 ], [ 13.495763532903135, 48.022515477202774 ], [ 13.495706017509928, 48.022648701722503 ], [ 13.495603081604028, 48.022794764599666 ], [ 13.495575844939649, 48.022833216595124 ], [ 13.495633486326735, 48.022826118612386 ], [ 13.495683620309601, 48.022819750845194 ], [ 13.495748231527422, 48.02281156346865 ], [ 13.496012038246842, 48.022778176318994 ], [ 13.496298873252941, 48.022733061038387 ], [ 13.496355703905843, 48.022724074638361 ], [ 13.496439710796672, 48.022956867546498 ], [ 13.496465684527077, 48.023028980351263 ], [ 13.496478207232645, 48.023130799578816 ], [ 13.496489215916192, 48.023220206193336 ], [ 13.496536650954001, 48.023336549937952 ], [ 13.496556111297412, 48.023384202270073 ], [ 13.496575301495096, 48.02343122524637 ], [ 13.496579768196215, 48.023529817201606 ], [ 13.496605932430112, 48.02379057982818 ], [ 13.496615972727941, 48.023827719910123 ], [ 13.49667837940993, 48.024056584761325 ], [ 13.496486295862802, 48.024084654366312 ], [ 13.496418322120821, 48.024090148037857 ], [ 13.496119179685866, 48.024104423990856 ], [ 13.496087535661442, 48.024105907957257 ], [ 13.496012582533593, 48.024109522021114 ], [ 13.495980391675799, 48.024107678137767 ], [ 13.495970868607262, 48.024107151770707 ], [ 13.495940019073149, 48.02410539595013 ], [ 13.495979765008043, 48.024207446766468 ], [ 13.496049795413226, 48.024387721771056 ], [ 13.49622877583476, 48.02467138931442 ], [ 13.496266395962408, 48.024779470457503 ], [ 13.49627913222065, 48.024863836741751 ], [ 13.496284601660038, 48.025196957848863 ], [ 13.496276780861661, 48.025311760220369 ], [ 13.496274992162967, 48.025340100730226 ], [ 13.496277018027492, 48.025430239660778 ], [ 13.496286619389917, 48.025840812032229 ], [ 13.496266464872264, 48.026042624874911 ], [ 13.496225369038237, 48.02615243626105 ], [ 13.49625163455087, 48.026231655612875 ], [ 13.496393620521809, 48.026476601340903 ], [ 13.496580104843162, 48.02666993589618 ], [ 13.496773611904077, 48.026835731890969 ], [ 13.496781140499154, 48.026841568760815 ], [ 13.496813539592317, 48.026866442353892 ], [ 13.49686852398921, 48.026908646608462 ], [ 13.497033569919303, 48.026936750891288 ], [ 13.497004501481452, 48.026947497523068 ], [ 13.49697503154715, 48.026958514601489 ], [ 13.496813692674968, 48.027128410947043 ], [ 13.49670227103338, 48.027392696393036 ], [ 13.496668338576242, 48.027477488378501 ], [ 13.496577716523602, 48.027703330584735 ], [ 13.496564667757713, 48.027733396256828 ], [ 13.496535241063889, 48.027801089087973 ], [ 13.496520994262257, 48.027834035223371 ], [ 13.496513803797905, 48.027850508384986 ], [ 13.496493751925692, 48.027956781570957 ], [ 13.49632850025573, 48.02794954794917 ], [ 13.496318440308412, 48.027949112329431 ], [ 13.496156273586486, 48.027941964072674 ], [ 13.496092694627993, 48.027939174862119 ], [ 13.49604735768661, 48.027937169587943 ], [ 13.495952423781395, 48.027986152473183 ], [ 13.495701661187569, 48.027953309191268 ], [ 13.495682111184056, 48.027963142493824 ], [ 13.49566148966632, 48.027973427107142 ], [ 13.495551686077629, 48.028028008180442 ], [ 13.495326454378052, 48.028140056672626 ], [ 13.495064129047336, 48.028270508844884 ], [ 13.494927586907684, 48.028136926706019 ], [ 13.494766449928646, 48.028159192564623 ], [ 13.494614697194622, 48.028180275598359 ], [ 13.49459807435673, 48.02822590941765 ], [ 13.494592991954734, 48.028230414599072 ], [ 13.494562763800841, 48.0282568155787 ], [ 13.494497091704535, 48.028314392761907 ], [ 13.494481287630398, 48.028321341858941 ], [ 13.494473921075114, 48.028324500793744 ], [ 13.494288421322731, 48.028405275105762 ], [ 13.494081357371098, 48.028495435141117 ], [ 13.494036890892678, 48.02851483876897 ], [ 13.493711514253377, 48.028598055637424 ], [ 13.493487113510788, 48.028590090383418 ], [ 13.493257379954008, 48.028418041820061 ], [ 13.492979660007421, 48.028428951373115 ], [ 13.493077786436132, 48.028763113659849 ], [ 13.493064657722618, 48.028767899781528 ], [ 13.492952260106939, 48.02880898769304 ], [ 13.492838388692231, 48.028850617299568 ], [ 13.49269169528278, 48.028904256975053 ], [ 13.492575813910008, 48.028946608787457 ], [ 13.492247386196668, 48.029130223034208 ], [ 13.492125869947696, 48.029172222294349 ], [ 13.492058496438339, 48.029200922692105 ], [ 13.491978533412198, 48.02923539788668 ], [ 13.491865633101215, 48.029244189161581 ], [ 13.491755414273804, 48.029252706764929 ], [ 13.49174871005844, 48.02925325572658 ], [ 13.491590890531624, 48.029265436890469 ], [ 13.4915762362095, 48.029297843184402 ], [ 13.491557718200232, 48.029338711169672 ], [ 13.491581339022291, 48.029343986565912 ], [ 13.491723733546365, 48.029375278077325 ], [ 13.491940299663154, 48.029407907018197 ], [ 13.492165948676039, 48.029428288274282 ], [ 13.492339919078461, 48.029434526260282 ], [ 13.492397730398295, 48.029436605777036 ], [ 13.492454860121034, 48.029435087734235 ], [ 13.492616325389628, 48.029430817001646 ], [ 13.492927413730335, 48.029409336727397 ], [ 13.49306099935492, 48.02936696010029 ], [ 13.493161490125839, 48.029335154620782 ], [ 13.493225535997617, 48.02931482462828 ], [ 13.493491805483183, 48.029242486497665 ], [ 13.493640685945662, 48.029202157119158 ], [ 13.493891409778843, 48.02913406783275 ], [ 13.494024208676267, 48.029097988504319 ], [ 13.494427684805045, 48.028984614700661 ], [ 13.494500102680641, 48.028939622808238 ], [ 13.494698908968765, 48.028824464202415 ], [ 13.49484617257826, 48.028739244606143 ], [ 13.495273342434052, 48.02856987850047 ], [ 13.49558897412523, 48.028416140896347 ], [ 13.495732857162801, 48.028365830072289 ], [ 13.495745998382267, 48.028408093636415 ], [ 13.495752230902134, 48.028428326275211 ], [ 13.49552693149889, 48.028691061191608 ], [ 13.495187073984441, 48.028990480625097 ], [ 13.495022614304023, 48.029238915319034 ], [ 13.495018742811036, 48.029244678287633 ], [ 13.495153668318318, 48.029331842279142 ], [ 13.495322191228883, 48.029440639799624 ], [ 13.495406484636364, 48.029505204098399 ], [ 13.495498393800416, 48.0296034033369 ], [ 13.495514158576675, 48.029626771264233 ], [ 13.495552021482402, 48.02968303416533 ], [ 13.495762389023911, 48.030048613016561 ], [ 13.495776796277102, 48.030066675071481 ], [ 13.495641732184797, 48.030236802537523 ], [ 13.495627971770041, 48.030254094512905 ], [ 13.495620615962348, 48.030260762010101 ], [ 13.495346320367558, 48.030512769793638 ], [ 13.495226479566528, 48.030619272479207 ], [ 13.495179539879203, 48.030706331194715 ], [ 13.495175006090891, 48.030714793944149 ], [ 13.495153003252609, 48.030755667368332 ], [ 13.495071523766969, 48.030906377314913 ], [ 13.495041325361838, 48.030942764100352 ], [ 13.494963288961326, 48.031036343469502 ], [ 13.494839759539142, 48.03125134468528 ], [ 13.494703033861612, 48.031493082798143 ], [ 13.494704777641354, 48.03179562146515 ], [ 13.49470727843093, 48.031823506089744 ], [ 13.494707974181084, 48.031831601668159 ], [ 13.494530511390174, 48.032172444189996 ], [ 13.4945011958244, 48.032234378695911 ], [ 13.494760436184468, 48.032313003196492 ], [ 13.495075953897974, 48.032416647665656 ], [ 13.495112071963131, 48.03242892185613 ], [ 13.495395108839601, 48.032524964178833 ], [ 13.495562272912954, 48.032581675362231 ], [ 13.495640282264322, 48.032607924591254 ], [ 13.495669418466337, 48.032617779448557 ], [ 13.49564115161469, 48.032628614548571 ], [ 13.495607928551129, 48.032641525718859 ], [ 13.495478480173906, 48.032765314708115 ], [ 13.495276180869794, 48.033012093246377 ], [ 13.495237162828364, 48.033188562669871 ], [ 13.495175253137747, 48.033207001556931 ], [ 13.49502720737078, 48.033303377762692 ], [ 13.49501007344727, 48.033314467013504 ], [ 13.494912493949178, 48.033335654503468 ], [ 13.494876705614532, 48.03334335127267 ], [ 13.494851493264941, 48.033387737591156 ], [ 13.494886123125299, 48.033395695771155 ], [ 13.49486396551425, 48.033430361966552 ], [ 13.494858626110936, 48.033438645898229 ], [ 13.494831461012367, 48.033458925226817 ], [ 13.494767896583285, 48.033506153923405 ], [ 13.494722304508464, 48.033639540712585 ], [ 13.494694031600533, 48.033648666314612 ], [ 13.494700100890874, 48.033659453233611 ], [ 13.494682348069178, 48.033687276158027 ], [ 13.49465978948751, 48.033722482640073 ], [ 13.494705548780194, 48.033772527369436 ], [ 13.494692372012564, 48.033891834857116 ], [ 13.494617434576437, 48.033905073856168 ], [ 13.494606634962627, 48.033969231549769 ], [ 13.494639230622415, 48.033969905751476 ], [ 13.494644760494417, 48.033936522278644 ], [ 13.494664342247352, 48.033936135098195 ], [ 13.494691166979067, 48.033935737801968 ], [ 13.494712278711543, 48.034039344088121 ], [ 13.49476423487836, 48.034054744920603 ], [ 13.494819816207462, 48.034071310165068 ], [ 13.494955953215339, 48.034155953645516 ], [ 13.49503643453976, 48.034243193774557 ], [ 13.495042065482677, 48.03424237624138 ], [ 13.495122505145435, 48.034229938921477 ], [ 13.495181350685581, 48.03421780167352 ], [ 13.495307620111509, 48.034191625871721 ], [ 13.495998097333826, 48.034054544193587 ], [ 13.496027889294695, 48.034059360184472 ], [ 13.496656610404493, 48.03416165935802 ], [ 13.496674324584763, 48.034164513094787 ], [ 13.496682510743829, 48.034165850948845 ], [ 13.496595091449221, 48.03439015877295 ], [ 13.496906108468972, 48.034422375061979 ], [ 13.496929320686341, 48.034424771170102 ], [ 13.497007546243562, 48.034646415733967 ], [ 13.497159068419789, 48.034631627274557 ], [ 13.49716294286973, 48.034669315687459 ], [ 13.49716958329846, 48.034733448884751 ], [ 13.497213968276736, 48.034729427647299 ], [ 13.497367907268742, 48.034715355181135 ], [ 13.497520505433805, 48.034701464338191 ], [ 13.497591574790778, 48.034694976081944 ], [ 13.497899639124114, 48.034556356842607 ], [ 13.497988644441104, 48.034538057833359 ], [ 13.498041591898737, 48.034527186998268 ], [ 13.498395955996395, 48.034777224476016 ], [ 13.498583753883151, 48.034907940185057 ], [ 13.498653282432375, 48.03488085227859 ], [ 13.498995297745582, 48.034747669220906 ], [ 13.499148838074877, 48.034692842358957 ], [ 13.499255735507928, 48.034649057575749 ], [ 13.499324602760201, 48.034625118868128 ], [ 13.499277446763447, 48.034517322631217 ], [ 13.499219021792978, 48.034366810786132 ], [ 13.499163301853173, 48.034223222066899 ], [ 13.499115938988881, 48.034092395875781 ], [ 13.499108631736034, 48.034072254956627 ], [ 13.49907307891281, 48.033985492991675 ], [ 13.498907342798281, 48.033579553840575 ], [ 13.498879765789027, 48.033512122125963 ], [ 13.498870507303401, 48.033468863844995 ], [ 13.498921808713252, 48.033446929679315 ], [ 13.498946187049196, 48.033436549161728 ], [ 13.498932449610287, 48.033334642319659 ], [ 13.498937672853099, 48.033332205871453 ], [ 13.498949458607918, 48.033326701323759 ], [ 13.498978478612205, 48.033299761207054 ], [ 13.49912948922195, 48.033252134894404 ], [ 13.499147140970075, 48.033235466668565 ], [ 13.499153559576104, 48.033229340068523 ], [ 13.499156197364647, 48.033215302268857 ], [ 13.499158163941239, 48.033201085508857 ], [ 13.499158759977451, 48.033177694628279 ], [ 13.499160949758638, 48.033149353570764 ], [ 13.49916283799914, 48.033110577395568 ], [ 13.499170212081738, 48.033025553065201 ], [ 13.499175226547981, 48.032999726878764 ], [ 13.499207795725154, 48.032782062919608 ], [ 13.499208085022888, 48.032746617614698 ], [ 13.499210943850228, 48.032633711639249 ], [ 13.499213664521374, 48.032519546394568 ], [ 13.49921401810531, 48.032504252405431 ], [ 13.499214255071553, 48.032494446244719 ], [ 13.499231825525181, 48.03232628268259 ], [ 13.499232994760566, 48.032314406064778 ], [ 13.499238923028104, 48.032280751892806 ], [ 13.499272381509435, 48.032089805201409 ], [ 13.499301138764146, 48.031980820324186 ], [ 13.499351360033476, 48.031873154029952 ], [ 13.499480506648908, 48.031658499795228 ], [ 13.499495049046407, 48.031634369156833 ], [ 13.499520127200162, 48.031549499229179 ], [ 13.499508637161075, 48.031395591301475 ], [ 13.499495430624608, 48.031250142232068 ], [ 13.499509381921873, 48.031166997564995 ], [ 13.499496635008567, 48.031123384469005 ], [ 13.499566678611059, 48.031133269490041 ], [ 13.49970298198056, 48.031144138643945 ], [ 13.500008591576707, 48.031168527730195 ], [ 13.500629227864305, 48.0312675784429 ], [ 13.500712278850175, 48.031276544324967 ], [ 13.500854720291432, 48.031277417486017 ], [ 13.500861292287954, 48.03127740795982 ], [ 13.501097087217067, 48.030281819488167 ], [ 13.501113180733432, 48.030239963921552 ], [ 13.501158576676163, 48.030093350347578 ], [ 13.50121167022707, 48.029921626241702 ], [ 13.501254712014708, 48.029835290401302 ], [ 13.501480537380987, 48.029369320043905 ], [ 13.501512099758587, 48.029300183487969 ], [ 13.501585746727242, 48.029139404585869 ], [ 13.501730838573225, 48.028842319424534 ], [ 13.501824641535084, 48.028652453317939 ], [ 13.501843839902834, 48.028617160308677 ], [ 13.501996237147544, 48.028299103009452 ], [ 13.502132392121558, 48.028018493306668 ], [ 13.502460783070212, 48.027341590340164 ], [ 13.502487221033228, 48.027347039317213 ], [ 13.502542780392487, 48.027358293171496 ], [ 13.503650083932284, 48.027583550306815 ], [ 13.503822669280442, 48.027618740790771 ], [ 13.503836223537647, 48.027621419649051 ], [ 13.503940505749817, 48.027644565861713 ], [ 13.503996829379258, 48.027643313197899 ], [ 13.504469679296855, 48.027632718168661 ], [ 13.504470500847106, 48.027597092072504 ], [ 13.504466919766093, 48.027568489517137 ], [ 13.504534280238722, 48.027579275131906 ], [ 13.504692887890199, 48.027605218958101 ], [ 13.505146734965621, 48.027566671212675 ], [ 13.505724601034078, 48.027517501191632 ], [ 13.505821001198736, 48.027509260793686 ], [ 13.505899167088625, 48.027502576894193 ], [ 13.506029659588529, 48.027502651862463 ], [ 13.506248264694584, 48.027502774810799 ], [ 13.5062846280704, 48.027508387994828 ], [ 13.506367119628251, 48.027511952954278 ], [ 13.506703975906444, 48.027460799621316 ], [ 13.50686456317138, 48.027436718730144 ], [ 13.506898476512513, 48.027431539980817 ], [ 13.507691054862619, 48.027302511234232 ], [ 13.507802590274002, 48.02728866871746 ], [ 13.507827269614836, 48.02728944111594 ], [ 13.507932291462192, 48.027292880980582 ], [ 13.507988200496193, 48.027288118489892 ], [ 13.508003756289495, 48.027287735133882 ], [ 13.508081670876111, 48.027286267926577 ], [ 13.508117892022636, 48.02728945178108 ], [ 13.508139222497348, 48.027291398681413 ], [ 13.508419849204678, 48.027310045807148 ], [ 13.508992399232115, 48.027396080166334 ], [ 13.509524316874563, 48.027443130208262 ], [ 13.5100556796775, 48.027445017814998 ], [ 13.510367587026378, 48.027433295251164 ], [ 13.510604958195159, 48.027391279090665 ], [ 13.510819792292915, 48.027347587778216 ], [ 13.510847132149218, 48.027341968157053 ], [ 13.510986185652405, 48.027610470518077 ], [ 13.510995708163742, 48.027649859164313 ], [ 13.511003925937688, 48.027660641952167 ], [ 13.511014568507621, 48.027674569675924 ], [ 13.511024120867406, 48.027722684570762 ], [ 13.511062118656143, 48.027853160761872 ], [ 13.511080768682781, 48.027894784407962 ], [ 13.511090498969484, 48.027916450243737 ], [ 13.511132214444901, 48.027996632027502 ], [ 13.511138009639096, 48.028004899600305 ], [ 13.511182886159105, 48.028068163678505 ], [ 13.511226635714319, 48.02811559619245 ], [ 13.511236996975194, 48.028125655968637 ], [ 13.511242648545748, 48.028131134940587 ], [ 13.511368874714334, 48.02829485100915 ], [ 13.511533922917634, 48.028437456021173 ], [ 13.511572033488726, 48.028522051320749 ], [ 13.51165192675828, 48.028549546366328 ], [ 13.511845720822645, 48.028587570954365 ], [ 13.512007842273674, 48.028619346856878 ], [ 13.512308222469585, 48.028685633787561 ], [ 13.512451133732274, 48.028708082785919 ], [ 13.512616589284216, 48.028734185075841 ], [ 13.512786899248168, 48.028767836384418 ], [ 13.512934662416804, 48.028797024388602 ], [ 13.513097992538444, 48.028828886848956 ], [ 13.513219450005298, 48.028852537766866 ], [ 13.513445723020183, 48.028896446605536 ], [ 13.513727021550832, 48.028951064554597 ], [ 13.513874918320298, 48.028979801341769 ], [ 13.513909958001646, 48.028989912289759 ], [ 13.513969163032906, 48.029007002485457 ], [ 13.514019883443252, 48.029013940230911 ], [ 13.514026585856719, 48.028974346561057 ], [ 13.514055759791134, 48.028801664248604 ], [ 13.514062101694078, 48.028774126019734 ], [ 13.514105517493666, 48.028493107388933 ], [ 13.514107494511336, 48.028483118535341 ], [ 13.514128055575283, 48.028379270438407 ], [ 13.51413504169185, 48.028344174400935 ], [ 13.51418923510521, 48.028000165556904 ], [ 13.514237524144216, 48.027693949861408 ], [ 13.514254058436093, 48.027589298359594 ], [ 13.514261221976147, 48.027566706723654 ], [ 13.514296512523964, 48.027456448215382 ], [ 13.514501356316735, 48.026817128245987 ], [ 13.514537127127392, 48.026691035593124 ], [ 13.514557263348381, 48.026619664258128 ], [ 13.51461833595803, 48.026403749942389 ], [ 13.514642618378053, 48.026329223416283 ], [ 13.514780618516685, 48.025906545826743 ], [ 13.514792029440096, 48.025871442773067 ], [ 13.514821354738242, 48.025781794679169 ], [ 13.514890665219617, 48.025506042552529 ], [ 13.514937883514772, 48.025317498167865 ], [ 13.515169883524717, 48.02454849871345 ], [ 13.515155277757085, 48.024360051426591 ], [ 13.515146286258286, 48.024243115043021 ], [ 13.515127882833646, 48.024004025128306 ], [ 13.515101897750009, 48.023897820928845 ], [ 13.51508475521489, 48.023827587598646 ], [ 13.515026496393293, 48.023849449992902 ], [ 13.514397432235212, 48.024085597747927 ], [ 13.514360028854233, 48.024088984930501 ], [ 13.514092172564705, 48.024113334038631 ], [ 13.513862524099366, 48.024134294260833 ], [ 13.513451890810433, 48.024171639411492 ], [ 13.51341010516696, 48.024187537826599 ], [ 13.512991882931766, 48.023581035486586 ], [ 13.512939723681017, 48.023505368584352 ], [ 13.51226112832593, 48.022520977683548 ], [ 13.512154388676098, 48.022366228339607 ], [ 13.511810856924292, 48.021867740156125 ], [ 13.512080735774047, 48.021810646989088 ], [ 13.512610150364717, 48.021691886744925 ], [ 13.512685053263903, 48.021675037592409 ], [ 13.513060455046443, 48.021576125911452 ], [ 13.51323690321464, 48.021530150667807 ], [ 13.513202073423646, 48.021462913287586 ], [ 13.512949497116573, 48.020976611527409 ], [ 13.5128842943792, 48.020850855953704 ], [ 13.512726488324896, 48.020547119268038 ], [ 13.512584206600422, 48.02027286581653 ], [ 13.512554913535633, 48.020216415075517 ], [ 13.512519137548804, 48.020146480068895 ], [ 13.512279910422519, 48.019677968448093 ], [ 13.512263710701042, 48.019646416843123 ], [ 13.512460685270637, 48.019605088988214 ], [ 13.51274942393475, 48.019537889213204 ], [ 13.513033668134584, 48.019450814084095 ], [ 13.513049474505683, 48.019446021514007 ], [ 13.513077334221261, 48.01943689201515 ], [ 13.513315884134411, 48.019359153345725 ], [ 13.513537279678681, 48.019245636020365 ], [ 13.513829257707137, 48.019069574352969 ], [ 13.513906143564087, 48.019007110508419 ], [ 13.514073821370115, 48.018871005612702 ], [ 13.514097756338471, 48.018851626324114 ], [ 13.514133591556153, 48.018822512505821 ], [ 13.51418081282902, 48.018790052260641 ], [ 13.514223084283953, 48.018760928341642 ], [ 13.51435377820655, 48.018671031473986 ], [ 13.514222627223141, 48.018629494415066 ], [ 13.514072817040267, 48.018581958929872 ], [ 13.513947170111614, 48.018542122230279 ], [ 13.513892132810641, 48.018524755584551 ], [ 13.513899493681439, 48.018520695788453 ], [ 13.51407226971175, 48.018424436122807 ], [ 13.515042400972572, 48.017884221576196 ], [ 13.515089778492335, 48.017858507862684 ], [ 13.515789076182605, 48.017521847114928 ], [ 13.515766082640514, 48.017503441174938 ], [ 13.515705438513269, 48.01745477740851 ], [ 13.515836349278494, 48.017313690011868 ], [ 13.515938406016414, 48.017203774963164 ], [ 13.516011955928242, 48.017147432371928 ], [ 13.516051539202619, 48.017117142507267 ], [ 13.516144582202514, 48.017075252915731 ], [ 13.516276047846166, 48.017016299581009 ], [ 13.516659296129232, 48.016758310478423 ], [ 13.517140938942051, 48.016380783802852 ], [ 13.517490309380728, 48.015948768908885 ], [ 13.518391847002125, 48.015145765409073 ], [ 13.518401350738065, 48.015141252078315 ], [ 13.518493711836552, 48.015097652373235 ], [ 13.518989368900552, 48.01486043639445 ], [ 13.519245963177523, 48.014737675235061 ], [ 13.519250116113549, 48.01473667896925 ], [ 13.519787990090183, 48.014608515813194 ], [ 13.520007402362619, 48.014549686134053 ], [ 13.520054419305968, 48.014537105423372 ], [ 13.520076117861111, 48.014530862966694 ], [ 13.520182869791782, 48.014500283172424 ], [ 13.520408160258892, 48.014435775604149 ], [ 13.521054419440498, 48.014099888099764 ], [ 13.521120336869014, 48.013714742485874 ], [ 13.521171545356371, 48.013415084865834 ], [ 13.521190133568661, 48.01340165026987 ], [ 13.521216612454245, 48.013382715142811 ], [ 13.521783624889501, 48.012975702096789 ], [ 13.521908794198961, 48.012885805496531 ], [ 13.522115934307033, 48.01266218085042 ], [ 13.52221715970594, 48.012403283826508 ], [ 13.522402672947745, 48.012095489235918 ], [ 13.522318270578085, 48.01203931087867 ], [ 13.522266123578335, 48.012004490763054 ], [ 13.52213763862188, 48.011918876691666 ], [ 13.521083969924394, 48.01121663809645 ], [ 13.521084319545553, 48.011202063627628 ], [ 13.521090343903742, 48.0109395436886 ], [ 13.521091855015825, 48.01087530810868 ], [ 13.521209861837187, 48.010770759967826 ], [ 13.521262650989014, 48.010724073623763 ], [ 13.521273743655826, 48.010714339647699 ], [ 13.5212841675965, 48.010705056570039 ], [ 13.521299566074692, 48.010699633781556 ], [ 13.521514607505637, 48.010623535476412 ], [ 13.521703393144765, 48.010516622478299 ], [ 13.521800894227331, 48.010414536128692 ], [ 13.521942604588356, 48.010266316804824 ], [ 13.521955826794127, 48.010252351053843 ], [ 13.522138720906661, 48.010000337615629 ], [ 13.522187678476632, 48.009932695858659 ], [ 13.522336352030706, 48.009782845322093 ], [ 13.522406720965169, 48.009667578335225 ], [ 13.522417517979527, 48.009576608680867 ], [ 13.522392270469263, 48.009454121196413 ], [ 13.522224110032452, 48.009369111840059 ], [ 13.522139223992472, 48.00932615857436 ], [ 13.522130359652806, 48.009321764899589 ], [ 13.521947307014756, 48.009270515373601 ], [ 13.521843500083614, 48.009259619390946 ], [ 13.521782610814917, 48.009253241414207 ], [ 13.521701944216671, 48.009227643691219 ], [ 13.521619666958202, 48.009201508761969 ], [ 13.521461958154765, 48.009151476642977 ], [ 13.521215327323953, 48.009202706676334 ], [ 13.521150220194109, 48.009216306880084 ], [ 13.521084308961408, 48.00922999831603 ], [ 13.521030597665607, 48.009243669898069 ], [ 13.520918084709583, 48.009272190762047 ], [ 13.520949245830487, 48.009102291141851 ], [ 13.520983827868543, 48.008914483426985 ], [ 13.521004864515442, 48.008799747177349 ], [ 13.520775180843462, 48.008530952413203 ], [ 13.520500523767932, 48.008206993094227 ], [ 13.520432350646651, 48.008076028227237 ], [ 13.520435789637553, 48.007988489202205 ], [ 13.521260366158112, 48.007604540762358 ], [ 13.521254698739472, 48.007557229726693 ], [ 13.521250278818808, 48.00752125193118 ], [ 13.521311046073535, 48.007494434238716 ], [ 13.521442471312355, 48.007432596071638 ], [ 13.521581568006448, 48.007416176300396 ], [ 13.521952223974154, 48.007372389864116 ], [ 13.522009449344271, 48.007367168576572 ], [ 13.522225618205891, 48.007347203583109 ], [ 13.52240962279765, 48.007330169620154 ], [ 13.522548866060124, 48.007317346944397 ], [ 13.522603088086884, 48.007334171086192 ], [ 13.522491980490479, 48.007268500498064 ], [ 13.522409221041157, 48.007219606401499 ], [ 13.522352524998151, 48.007185963233304 ], [ 13.522134476020952, 48.007057043643862 ], [ 13.52183286343994, 48.006878690665481 ], [ 13.521665381122759, 48.006756254941948 ], [ 13.521603084683472, 48.00658245897754 ], [ 13.521555063939664, 48.006463696762133 ], [ 13.521540035718294, 48.006385813722744 ], [ 13.521562672959075, 48.00626945534102 ], [ 13.521602076143465, 48.006192563171069 ], [ 13.521566843334517, 48.006162303210779 ], [ 13.521672145412163, 48.006069470240227 ], [ 13.52172635679324, 48.006009736722909 ], [ 13.521837449567942, 48.005887296489249 ], [ 13.522124455282706, 48.005551447648649 ], [ 13.522165436832992, 48.005503520619932 ], [ 13.522196673043776, 48.005466854820732 ], [ 13.522340040320683, 48.005299020206991 ], [ 13.522345784772781, 48.005293523095943 ], [ 13.522039846266914, 48.005139557492171 ], [ 13.52192555710991, 48.005045283432409 ], [ 13.521725053682314, 48.004946291883613 ], [ 13.520997234946252, 48.004602829801613 ], [ 13.52084689560516, 48.004510592389146 ], [ 13.52065548527661, 48.004292473801947 ], [ 13.520437759326351, 48.004137011444037 ], [ 13.520322455, 48.004094555857165 ], [ 13.52031091130176, 48.004090346298639 ], [ 13.52020267574644, 48.004000468883604 ], [ 13.519939461576767, 48.003719761285836 ], [ 13.519726110668607, 48.003586871107245 ], [ 13.519633911930168, 48.003557512087802 ], [ 13.519569762459936, 48.003537194005027 ], [ 13.519578017374632, 48.003484012817879 ], [ 13.51960262542517, 48.003318172119279 ], [ 13.519595002537667, 48.003210859050384 ], [ 13.519585407672015, 48.003076920230924 ], [ 13.519298073368605, 48.002946487511295 ], [ 13.519050504282294, 48.002877434611236 ], [ 13.518917259892902, 48.002840224280504 ], [ 13.518808368097071, 48.00267765681145 ], [ 13.518783698061979, 48.002601048281086 ], [ 13.518714704252373, 48.002386958054473 ], [ 13.518560248109207, 48.00203905049225 ], [ 13.518482683453174, 48.001864467421392 ], [ 13.518414962263034, 48.001668367453675 ], [ 13.518366881330126, 48.001529362249876 ], [ 13.518290504296194, 48.001198242136667 ], [ 13.518288306178798, 48.001183221895218 ], [ 13.518262501173149, 48.001013143851665 ], [ 13.518250010936191, 48.000930937987739 ], [ 13.518238190107525, 48.000923939821206 ], [ 13.518076446448653, 48.00074886137849 ], [ 13.517916820130583, 48.000641341271475 ], [ 13.517729175762641, 48.000495001797638 ], [ 13.517599868836067, 48.000394270012052 ], [ 13.517435063491867, 48.000224143479088 ], [ 13.517391604545869, 48.000178061879581 ], [ 13.517380763751765, 48.000144882927273 ], [ 13.517663376628551, 48.000121221980244 ], [ 13.51787443149294, 48.000103522243492 ], [ 13.517949339344451, 48.000097285101688 ], [ 13.517968227081919, 47.999942699048596 ], [ 13.517969231709488, 47.999848056709446 ], [ 13.517971447431258, 47.999641408894838 ], [ 13.518015130375247, 47.999146274392153 ], [ 13.518019744388805, 47.999048927376805 ], [ 13.51802286645157, 47.998984419129528 ], [ 13.518029205826405, 47.998957780034928 ], [ 13.518094051922933, 47.998685269269629 ], [ 13.518149876044149, 47.998514520709328 ], [ 13.518259002377786, 47.998180314495563 ], [ 13.518368200894223, 47.997829105067794 ], [ 13.518604992580803, 47.997475711754383 ], [ 13.518618614863826, 47.997461835643499 ], [ 13.51899629122847, 47.997075648912791 ], [ 13.519038492315103, 47.997032488918833 ], [ 13.519329057328285, 47.996726058094225 ], [ 13.51948036473264, 47.996571348301053 ], [ 13.519521443504278, 47.996514425626188 ] ] ] } },
{ "type": "Feature", "properties": { "name": "Vöcklamarkt", "feature_type": "circle", "metric_roundness": 42.24, "metric_rectangularity": 54.74, "metric_mobile_fit": 72.03, "metric_aspect_ratio": 0.842, "metric_area_km2": 61.26 }, "geometry": { "type": "Polygon", "coordinates": [ [ [ 13.537402730780761, 47.996873703977471 ], [ 13.537319063200981, 47.994735566853983 ], [ 13.537068289788664, 47.9926032019766 ], [ 13.536651097896303, 47.990482455096412 ], [ 13.536068631017875, 47.988379140832421 ], [ 13.535322485654607, 47.986299026714335 ], [ 13.534414706939074, 47.984247817346905 ], [ 13.53334778302964, 47.982231138739436 ], [ 13.532124638290577, 47.980254522843765 ], [ 13.530748625276598, 47.978323392343668 ], [ 13.529223515543723, 47.97644304573776 ], [ 13.527553489311728, 47.974618642757477 ], [ 13.525743124006427, 47.97285519016075 ], [ 13.523797381713289, 47.971157527940875 ], [ 13.52172159557669, 47.969530315989367 ], [ 13.519521455182147, 47.967978021249863 ], [ 13.517202990961549, 47.966504905399312 ], [ 13.514772557664168, 47.965115013090902 ], [ 13.512236816938739, 47.963812160791861 ], [ 13.509602719074334, 47.96259992624752 ], [ 13.506877483950104, 47.961481638601313 ], [ 13.504068581246091, 47.960460369198756 ], [ 13.501183709969368, 47.959538923101121 ], [ 13.49823077735158, 47.958719831333106 ], [ 13.49521787717577, 47.958005343886192 ], [ 13.492153267591904, 47.95739742349771 ], [ 13.489045348481826, 47.95689774022317 ], [ 13.485902638435794, 47.956507666817217 ], [ 13.482733751403591, 47.956228274936393 ], [ 13.479547373084312, 47.956060332174538 ], [ 13.476352237119444, 47.956004299939103 ], [ 13.473157101154573, 47.956060332174538 ], [ 13.469970722835296, 47.956228274936393 ], [ 13.466801835803093, 47.956507666817217 ], [ 13.463659125757061, 47.95689774022317 ], [ 13.460551206646983, 47.95739742349771 ], [ 13.457486597063117, 47.958005343886192 ], [ 13.454473696887309, 47.958719831333106 ], [ 13.451520764269519, 47.959538923101121 ], [ 13.448635892992796, 47.960460369198756 ], [ 13.445826990288785, 47.961481638601313 ], [ 13.443101755164554, 47.96259992624752 ], [ 13.440467657300148, 47.963812160791861 ], [ 13.437931916574719, 47.965115013090902 ], [ 13.435501483277339, 47.966504905399312 ], [ 13.433183019056742, 47.967978021249863 ], [ 13.430982878662196, 47.969530315989367 ], [ 13.428907092525597, 47.971157527940875 ], [ 13.42696135023246, 47.97285519016075 ], [ 13.425150984927159, 47.974618642757477 ], [ 13.423480958695164, 47.97644304573776 ], [ 13.421955848962289, 47.978323392343668 ], [ 13.42057983594831, 47.980254522843765 ], [ 13.419356691209247, 47.982231138739436 ], [ 13.418289767299813, 47.984247817346905 ], [ 13.417381988584282, 47.986299026714335 ], [ 13.416635843221014, 47.988379140832421 ], [ 13.416053376342584, 47.990482455096412 ], [ 13.415636184450223, 47.9926032019766 ], [ 13.415385411037906, 47.994735566853983 ], [ 13.415301743458128, 47.996873703977471 ], [ 13.415385411037906, 47.999011752498589 ], [ 13.415636184450223, 48.001143852539577 ], [ 13.416053376342584, 48.003264161250961 ], [ 13.416635843221014, 48.005366868814413 ], [ 13.417381988584282, 48.007446214347368 ], [ 13.418289767299813, 48.009496501665843 ], [ 13.419356691209247, 48.011512114862725 ], [ 13.42057983594831, 48.013487533659017 ], [ 13.421955848962289, 48.015417348486636 ], [ 13.423480958695164, 48.017296275261735 ], [ 13.425150984927159, 48.01911916980886 ], [ 13.42696135023246, 48.0208810418968 ], [ 13.428907092525597, 48.022577068848626 ], [ 13.430982878662196, 48.024202608689173 ], [ 13.433183019056742, 48.025753212794825 ], [ 13.435501483277339, 48.027224638011539 ], [ 13.437931916574719, 48.028612858209065 ], [ 13.440467657300148, 48.029914075240207 ], [ 13.443101755164554, 48.031124729275945 ], [ 13.445826990288785, 48.0322415084892 ], [ 13.448635892992796, 48.033261358061196 ], [ 13.451520764269519, 48.034181488486617 ], [ 13.454473696887309, 48.034999383155522 ], [ 13.457486597063117, 48.035712805192105 ], [ 13.460551206646983, 48.036319803531882 ], [ 13.463659125757061, 48.036818718221504 ], [ 13.466801835803093, 48.037208184927103 ], [ 13.469970722835296, 48.037487138639257 ], [ 13.473157101154573, 48.037654816564803 ], [ 13.476352237119444, 48.037710760197896 ], [ 13.479547373084312, 48.037654816564803 ], [ 13.482733751403591, 48.037487138639257 ], [ 13.485902638435794, 48.037208184927103 ], [ 13.489045348481826, 48.036818718221504 ], [ 13.492153267591904, 48.036319803531882 ], [ 13.49521787717577, 48.035712805192105 ], [ 13.49823077735158, 48.034999383155522 ], [ 13.501183709969368, 48.034181488486617 ], [ 13.504068581246091, 48.033261358061196 ], [ 13.506877483950104, 48.0322415084892 ], [ 13.509602719074334, 48.031124729275945 ], [ 13.512236816938739, 48.029914075240207 ], [ 13.514772557664168, 48.028612858209065 ], [ 13.517202990961549, 48.027224638011539 ], [ 13.519521455182147, 48.025753212794825 ], [ 13.52172159557669, 48.024202608689173 ], [ 13.523797381713289, 48.022577068848626 ], [ 13.525743124006427, 48.0208810418968 ], [ 13.527553489311728, 48.01911916980886 ], [ 13.529223515543723, 48.017296275261735 ], [ 13.530748625276598, 48.015417348486636 ], [ 13.532124638290577, 48.013487533659017 ], [ 13.53334778302964, 48.011512114862725 ], [ 13.534414706939074, 48.009496501665843 ], [ 13.535322485654607, 48.007446214347368 ], [ 13.536068631017875, 48.005366868814413 ], [ 13.536651097896303, 48.003264161250961 ], [ 13.537068289788664, 48.001143852539577 ], [ 13.537319063200981, 47.999011752498589 ], [ 13.537402730780761, 47.996873703977471 ] ] ] } },
{ "type": "Feature", "properties": { "name": "Vöcklamarkt", "feature_type": "mrr", "metric_roundness": 42.24, "metric_rectangularity": 54.74, "metric_mobile_fit": 72.03, "metric_aspect_ratio": 0.842, "metric_area_km2": 61.26 }, "geometry": { "type": "Polygon", "coordinates": [ [ [ 13.539814982316621, 47.977252195308729 ], [ 13.449629143131931, 47.957117821051156 ], [ 13.419581555485857, 48.017431348174604 ], [ 13.509767394670545, 48.037542203704412 ], [ 13.539814982316621, 47.977252195308729 ] ] ] } }
]
}
