{
"type": "FeatureCollection",
"name": "vorderweissenbach",
"crs": { "type": "name", "properties": { "name": "urn:ogc:def:crs:OGC:1.3:CRS84" } },
"features": [
{ "type": "Feature", "properties": { "name": "Vorderweißenbach", "metric_roundness": 55.91, "metric_rectangularity": 68.52, "metric_mobile_fit": 66.96, "metric_aspect_ratio": 0.893, "metric_area_km2": 144.2 }, "geometry": { "type": "Polygon", "coordinates": [ [ [ 14.259152672615725, 48.532021618441881 ], [ 14.259150325374637, 48.532019118443408 ], [ 14.259113335417011, 48.531980463221586 ], [ 14.259110290125014, 48.531976799407076 ], [ 14.259108075074, 48.531974118462557 ], [ 14.259061570354046, 48.531918448172839 ], [ 14.259011841308325, 48.531849131085998 ], [ 14.258975862109542, 48.531798864351778 ], [ 14.25890047368256, 48.53171095090643 ], [ 14.258744579760657, 48.531461225983428 ], [ 14.258660582532464, 48.53116514770776 ], [ 14.258615278394053, 48.530987586317281 ], [ 14.25859148038043, 48.53090664027448 ], [ 14.258545475723308, 48.530750402387291 ], [ 14.258531502884265, 48.530635827461694 ], [ 14.258500220116474, 48.530371623720825 ], [ 14.258493266612145, 48.530293512697277 ], [ 14.258483462754326, 48.530184841419967 ], [ 14.258477697496922, 48.530120123451333 ], [ 14.258471042377364, 48.530051094948398 ], [ 14.258470473242252, 48.530042014559434 ], [ 14.258469583287807, 48.530030148276502 ], [ 14.25846733271324, 48.530010377208718 ], [ 14.258445798966305, 48.5297988965659 ], [ 14.258431319351507, 48.529739104795183 ], [ 14.258408508766946, 48.52966030964739 ], [ 14.258338072062317, 48.529417823460108 ], [ 14.258257685013827, 48.529141504967221 ], [ 14.258166090250951, 48.528753647736586 ], [ 14.258045532852263, 48.528230735378365 ], [ 14.258001034525575, 48.528037425997169 ], [ 14.257997807382456, 48.528023599293128 ], [ 14.257990618048771, 48.527992713514891 ], [ 14.257924661956494, 48.527705306674292 ], [ 14.257909092254131, 48.527637517899592 ], [ 14.257869885283686, 48.527467373559318 ], [ 14.257879354085855, 48.527187195842778 ], [ 14.257891798420649, 48.526861480084683 ], [ 14.257925250504151, 48.526755884640032 ], [ 14.257932554075326, 48.526732709850727 ], [ 14.257937422044524, 48.526717200032884 ], [ 14.257930329644463, 48.526676598913731 ], [ 14.257931883530659, 48.526589515447597 ], [ 14.257966225097292, 48.526435340172192 ], [ 14.258005708377199, 48.526258277018393 ], [ 14.258023147191761, 48.526090383129841 ], [ 14.258007095834319, 48.525980591666539 ], [ 14.257949229037097, 48.525781720965547 ], [ 14.257935357191457, 48.52555173956425 ], [ 14.25793439490716, 48.525354487664359 ], [ 14.257891111570389, 48.525191031662139 ], [ 14.257827707671172, 48.525038258831721 ], [ 14.25781186320158, 48.525000425364546 ], [ 14.257763240472094, 48.524841239142376 ], [ 14.257716196019251, 48.524686987642937 ], [ 14.257877429117192, 48.524616451603798 ], [ 14.258455585711527, 48.524545045909726 ], [ 14.258687418920545, 48.524567947511514 ], [ 14.258722055557914, 48.524551212594467 ], [ 14.259657350874381, 48.52424904129316 ], [ 14.259593700337684, 48.52356988556614 ], [ 14.259585099993174, 48.523528306977418 ], [ 14.259482883422713, 48.523031514777735 ], [ 14.259257397342168, 48.522622500193911 ], [ 14.25974994999792, 48.522166420899985 ], [ 14.259909647978285, 48.522018537231233 ], [ 14.259949829007967, 48.521971354942124 ], [ 14.260141841434896, 48.521745498187521 ], [ 14.260357135232468, 48.521617231938201 ], [ 14.260408044150045, 48.521586874981118 ], [ 14.260505843840487, 48.521528621507997 ], [ 14.260509192952856, 48.521526616052441 ], [ 14.260702030152276, 48.521188674256919 ], [ 14.260675040680493, 48.521171168215687 ], [ 14.260655151097813, 48.521156933999038 ], [ 14.260693926400613, 48.521129551539261 ], [ 14.260702882468843, 48.521123094060954 ], [ 14.261376659490349, 48.520626351595645 ], [ 14.261685636576415, 48.520392277616992 ], [ 14.262009500451578, 48.520105283928757 ], [ 14.262227992390487, 48.519869498486869 ], [ 14.262248845861494, 48.519847025218382 ], [ 14.262311357658071, 48.519701709137927 ], [ 14.262365417472807, 48.519575799410958 ], [ 14.262664896539377, 48.519085620645384 ], [ 14.262468862580889, 48.519086998878699 ], [ 14.262237783273591, 48.519074623047366 ], [ 14.262215015095016, 48.519073454699701 ], [ 14.261851525330163, 48.519054124523386 ], [ 14.261737889957194, 48.519014549502323 ], [ 14.261409386954215, 48.518900312767521 ], [ 14.261232029306294, 48.518871047638783 ], [ 14.261203396058219, 48.518890074433898 ], [ 14.261183995640934, 48.518903001299321 ], [ 14.261099972332126, 48.518943965694625 ], [ 14.261049907360198, 48.518968379622521 ], [ 14.260938607012031, 48.519020983990139 ], [ 14.260842209165363, 48.519066543875084 ], [ 14.260456501056176, 48.519302663525373 ], [ 14.260367814295114, 48.519385581020046 ], [ 14.260314684299994, 48.519435384801163 ], [ 14.260063799827101, 48.519428558696148 ], [ 14.259695955209438, 48.519031016945377 ], [ 14.259656187428476, 48.51898797618589 ], [ 14.259641135514679, 48.518971634611468 ], [ 14.259605563871119, 48.518905893205762 ], [ 14.259387526360936, 48.518503565418889 ], [ 14.259078941113247, 48.517906672863113 ], [ 14.259000394952688, 48.517754829626291 ], [ 14.258909287377358, 48.517642393919409 ], [ 14.258748391447137, 48.517285037102006 ], [ 14.258665316490367, 48.517099498212659 ], [ 14.258622868655392, 48.517005026896847 ], [ 14.258512293556089, 48.51675817973684 ], [ 14.258491621650817, 48.516466095748406 ], [ 14.258496412282648, 48.51640857977447 ], [ 14.258605000213079, 48.516340797553717 ], [ 14.25889527410213, 48.516159229309714 ], [ 14.258993282719146, 48.516098006874614 ], [ 14.259676204201217, 48.515924840525862 ], [ 14.259807883014481, 48.51589150494933 ], [ 14.25996223274595, 48.515763541954612 ], [ 14.25999886880567, 48.51573032982671 ], [ 14.26028048656458, 48.515474347972187 ], [ 14.260296240600088, 48.515461989841064 ], [ 14.260444567630763, 48.515345587531847 ], [ 14.260499521324453, 48.515209147150919 ], [ 14.260531227619875, 48.515029715071009 ], [ 14.260543148034051, 48.514962247891759 ], [ 14.260598010507564, 48.514632415396491 ], [ 14.260617240296106, 48.51452720111169 ], [ 14.260656679140062, 48.514311007937472 ], [ 14.260837873257927, 48.513726063778705 ], [ 14.260904672229167, 48.513510642788162 ], [ 14.260927833175437, 48.51343589030531 ], [ 14.260974913703739, 48.513283410939636 ], [ 14.261116939644014, 48.513185947137231 ], [ 14.2612544535256, 48.512897824533781 ], [ 14.261265027125884, 48.512883528466425 ], [ 14.261493426462827, 48.512575344728226 ], [ 14.261508232875398, 48.512555528062506 ], [ 14.26151482365932, 48.512530559516328 ], [ 14.261577188521656, 48.512294664536086 ], [ 14.261485935057696, 48.511970668744496 ], [ 14.261348055006525, 48.51153811324491 ], [ 14.261303468148444, 48.51151292133698 ], [ 14.261194412282846, 48.511456038971311 ], [ 14.261020170602915, 48.511365222900189 ], [ 14.260943746827698, 48.51114293260855 ], [ 14.260688230059797, 48.510996632008101 ], [ 14.260512322292396, 48.510956110606884 ], [ 14.260430759469156, 48.510937418223463 ], [ 14.260238295039667, 48.510902154893024 ], [ 14.260231925093393, 48.510901755652974 ], [ 14.260212952229461, 48.510900646794802 ], [ 14.260087188943244, 48.510893278583964 ], [ 14.260014686334623, 48.5108890860241 ], [ 14.259749996482542, 48.510834875245671 ], [ 14.259554837410915, 48.510709771822462 ], [ 14.259483349045315, 48.510664013868379 ], [ 14.259379784911031, 48.510588556546402 ], [ 14.259307221872641, 48.510535700925935 ], [ 14.25870944055076, 48.51010030812192 ], [ 14.258587183821295, 48.510190236768636 ], [ 14.258406671838648, 48.510323082866059 ], [ 14.258189886337178, 48.51047150722485 ], [ 14.257907167254082, 48.510597065630819 ], [ 14.257525349274468, 48.510798155559712 ], [ 14.257442738806786, 48.510773802518891 ], [ 14.257253156892515, 48.510717912898286 ], [ 14.256591581056215, 48.510469030783725 ], [ 14.256348332909759, 48.510326581683564 ], [ 14.256225587575619, 48.510238050372692 ], [ 14.256056078045352, 48.510115886901346 ], [ 14.256038968452375, 48.510067538773427 ], [ 14.256001481791774, 48.509962233074177 ], [ 14.256410391369533, 48.509716678557766 ], [ 14.256578747711051, 48.50961550409091 ], [ 14.256684979784476, 48.509462109265236 ], [ 14.257020631722531, 48.509276318481263 ], [ 14.257287252197612, 48.509091162342315 ], [ 14.257129688166849, 48.509016129862381 ], [ 14.256899613315902, 48.508875736544837 ], [ 14.256753028967571, 48.50878631470168 ], [ 14.256702936040639, 48.50875576752216 ], [ 14.256674036949363, 48.508737016295541 ], [ 14.256482842629687, 48.508613225676186 ], [ 14.256215429837974, 48.508481581230896 ], [ 14.255999096837737, 48.508375078868696 ], [ 14.255808480074004, 48.508306152293947 ], [ 14.255770741555635, 48.508292687726033 ], [ 14.255757934859414, 48.508288111376658 ], [ 14.255503712409626, 48.508197468518524 ], [ 14.255454395216908, 48.508179957484181 ], [ 14.25541940087987, 48.508168540011894 ], [ 14.255139680086312, 48.508082684984416 ], [ 14.254910052208672, 48.508012265601344 ], [ 14.254875853891388, 48.507977184752967 ], [ 14.254598806590568, 48.507692157308476 ], [ 14.254583413992993, 48.507861205369629 ], [ 14.254776115653, 48.508221466612419 ], [ 14.254793159217266, 48.508266217461603 ], [ 14.254818150288795, 48.508331504275183 ], [ 14.2548776429017, 48.50848673923602 ], [ 14.254893630676644, 48.508540583371698 ], [ 14.25490212722088, 48.508569120580731 ], [ 14.254921845789939, 48.508642364562249 ], [ 14.254650993980862, 48.50893207089257 ], [ 14.254367118360515, 48.509235551597484 ], [ 14.254355213046027, 48.50924356103139 ], [ 14.253509746017436, 48.50980971047332 ], [ 14.253276971025617, 48.509965537508158 ], [ 14.25317374049461, 48.510090481222974 ], [ 14.253171489122547, 48.510093287396685 ], [ 14.253130848965904, 48.510137323007584 ], [ 14.253075294695282, 48.510187682520616 ], [ 14.252966581140639, 48.510096159012789 ], [ 14.252961500810548, 48.510092151222899 ], [ 14.252935274209117, 48.510071399158448 ], [ 14.25263455202696, 48.509832877966637 ], [ 14.252331800494595, 48.50967028994436 ], [ 14.252326333407439, 48.509667364570269 ], [ 14.25199794253944, 48.509486447517659 ], [ 14.25173081121847, 48.50930936584701 ], [ 14.25172505908883, 48.509305633132364 ], [ 14.251437666774461, 48.509115757148464 ], [ 14.250877599838418, 48.508596464638742 ], [ 14.250682232493617, 48.508412250825643 ], [ 14.250349604811902, 48.508098775703829 ], [ 14.249896881180948, 48.508149640519989 ], [ 14.249686663288726, 48.508142743511144 ], [ 14.249580612963456, 48.508116769705374 ], [ 14.249536697925851, 48.50810605006324 ], [ 14.249485305029657, 48.508093500062074 ], [ 14.249376807401081, 48.50806691560291 ], [ 14.24921962095862, 48.508027579835797 ], [ 14.249214182952169, 48.508026273193359 ], [ 14.249145809022227, 48.508010348043015 ], [ 14.249018307844041, 48.50801134697651 ], [ 14.248791593953451, 48.508013122868384 ], [ 14.248664365059915, 48.508014209233494 ], [ 14.248560550391367, 48.508015022173261 ], [ 14.248528607415773, 48.508015272290052 ], [ 14.248489084750627, 48.50801558174448 ], [ 14.248335502224284, 48.507958046627358 ], [ 14.248078894623514, 48.507861829485179 ], [ 14.247771187151152, 48.507746582321786 ], [ 14.247671843909478, 48.507709400489901 ], [ 14.24721100740331, 48.507577269641224 ], [ 14.24708976679876, 48.50754952340143 ], [ 14.24677103133553, 48.507476366599761 ], [ 14.246725633349246, 48.507465927347504 ], [ 14.246564319937558, 48.507453245553165 ], [ 14.246293881100163, 48.507431881234538 ], [ 14.2462044132121, 48.50742484430824 ], [ 14.245929266381147, 48.507389843482414 ], [ 14.245907557898395, 48.50738704461871 ], [ 14.245900231504669, 48.507386112367747 ], [ 14.245649941845988, 48.507286962190967 ], [ 14.24561511605236, 48.507269603770226 ], [ 14.245566908374089, 48.507245693464498 ], [ 14.245573913389123, 48.507236104066386 ], [ 14.245549890407649, 48.507209576337445 ], [ 14.245485552419497, 48.507130832289782 ], [ 14.245430721337771, 48.507038521480411 ], [ 14.245403615938448, 48.507006081057796 ], [ 14.24538854341883, 48.506988118673775 ], [ 14.245298693606431, 48.50685983110295 ], [ 14.245293114116505, 48.506858165582074 ], [ 14.245239903573543, 48.506842209797838 ], [ 14.245136474554286, 48.506811084367961 ], [ 14.245130622788881, 48.506809331013201 ], [ 14.245126874629662, 48.506804053187949 ], [ 14.244958428115904, 48.506563670790541 ], [ 14.244956620933506, 48.506560986378098 ], [ 14.24494907350843, 48.506516879666428 ], [ 14.244862511658949, 48.50613778474105 ], [ 14.244894033814504, 48.50604480015928 ], [ 14.24491952089218, 48.506031648537267 ], [ 14.244933469835257, 48.50602434372027 ], [ 14.244937542894343, 48.505948393911105 ], [ 14.245101653328179, 48.505675284011488 ], [ 14.245104459039478, 48.505673193267121 ], [ 14.245123549685584, 48.505658112588456 ], [ 14.2451725540881, 48.505619951156937 ], [ 14.245300333037285, 48.505520098813271 ], [ 14.245268971632356, 48.505415281548828 ], [ 14.245254005840886, 48.505365026141476 ], [ 14.245264266878106, 48.505309896485869 ], [ 14.245283814198315, 48.505205761394748 ], [ 14.245438340767794, 48.504949726285815 ], [ 14.245486096900954, 48.504879282272142 ], [ 14.245595204140361, 48.504718768837193 ], [ 14.245676318267629, 48.504513858425518 ], [ 14.245707802983414, 48.504480151113874 ], [ 14.245735568032336, 48.504450430646948 ], [ 14.246095330523941, 48.5043417499746 ], [ 14.246250136404445, 48.504231970775663 ], [ 14.246361764117937, 48.504152931908393 ], [ 14.246579392865584, 48.504021163318619 ], [ 14.246742113331699, 48.503922745292357 ], [ 14.246926432449964, 48.503622219525525 ], [ 14.247207267375485, 48.503429149119341 ], [ 14.247220396884323, 48.503421490618123 ], [ 14.24736843716045, 48.503335059915706 ], [ 14.247437701949625, 48.503294670148385 ], [ 14.247623536301742, 48.503225213988848 ], [ 14.247691508090051, 48.503203543873745 ], [ 14.247780025306525, 48.503142044819498 ], [ 14.247920153515807, 48.50304461139401 ], [ 14.247921817293467, 48.503039201346844 ], [ 14.247959452018343, 48.502917293810725 ], [ 14.24796712604728, 48.502892047625515 ], [ 14.247941656197945, 48.502753273482931 ], [ 14.247980901913655, 48.502538974176993 ], [ 14.248171024124231, 48.50233743622637 ], [ 14.248205567612485, 48.502300825824626 ], [ 14.248314068958306, 48.502152727456924 ], [ 14.248335083581203, 48.502124138573222 ], [ 14.248449533967426, 48.501968077840161 ], [ 14.248637857753875, 48.501711143606514 ], [ 14.248598173322385, 48.501305147864123 ], [ 14.248666342912156, 48.501134517491387 ], [ 14.24867480624172, 48.501115651540225 ], [ 14.248786407186975, 48.501119634725647 ], [ 14.2488102434325, 48.501120437464124 ], [ 14.249061344832491, 48.501129354221575 ], [ 14.249069787571665, 48.501116964841771 ], [ 14.249162340489885, 48.500978075536302 ], [ 14.24922444017778, 48.500885029748055 ], [ 14.249320534597684, 48.500777955042579 ], [ 14.249645985074443, 48.500415691372439 ], [ 14.24971526902957, 48.500208981351214 ], [ 14.249733008998991, 48.500156131192341 ], [ 14.249745481407691, 48.500119153641855 ], [ 14.249765573803458, 48.499962482025303 ], [ 14.249788516374942, 48.499783390337335 ], [ 14.249791142319914, 48.499763580608189 ], [ 14.249274254201673, 48.499634416064907 ], [ 14.249189420736419, 48.499613222928716 ], [ 14.248768826051432, 48.499426272786351 ], [ 14.24851460303517, 48.499309529111031 ], [ 14.248413757971583, 48.499263094728754 ], [ 14.248399137494319, 48.499255293556359 ], [ 14.248095122372849, 48.499093513780281 ], [ 14.247747098785435, 48.499037409760263 ], [ 14.24757581788506, 48.499025976864218 ], [ 14.247447493383971, 48.499017445938023 ], [ 14.247425133996726, 48.499015911771856 ], [ 14.247309285051575, 48.49897813910993 ], [ 14.247299522403043, 48.498992427660589 ], [ 14.247201769846361, 48.499135853804063 ], [ 14.247145579867274, 48.499104090876912 ], [ 14.247137649623545, 48.499099565406077 ], [ 14.246838389341105, 48.499137345614571 ], [ 14.246831231263544, 48.499138211123686 ], [ 14.246652797104892, 48.499104974793433 ], [ 14.24655692595533, 48.499087104241212 ], [ 14.246519989382776, 48.499080196827379 ], [ 14.246504917034468, 48.499077436185004 ], [ 14.246465399693749, 48.499070009216588 ], [ 14.246411003744633, 48.499101377245623 ], [ 14.246352455504088, 48.499135206355376 ], [ 14.246334100056444, 48.499145784029729 ], [ 14.246040700863189, 48.499354332570185 ], [ 14.245809704859354, 48.499448605625915 ], [ 14.245572259884623, 48.499545627072386 ], [ 14.245402677772436, 48.499645716429853 ], [ 14.244967398768921, 48.499799060344166 ], [ 14.244331799072498, 48.499867971626173 ], [ 14.244193602155324, 48.499882991169116 ], [ 14.244065454443529, 48.499846210675251 ], [ 14.243688040221016, 48.499512736254218 ], [ 14.243262375305816, 48.499512993040028 ], [ 14.243092152566888, 48.499584659632319 ], [ 14.242781755267714, 48.499728118023143 ], [ 14.242741343398594, 48.500023290308526 ], [ 14.242567382190144, 48.500105689302522 ], [ 14.242388589687401, 48.500190464324234 ], [ 14.242137387817674, 48.500260060841846 ], [ 14.241824282487652, 48.5003038725119 ], [ 14.24178342583555, 48.500312645462735 ], [ 14.241741489682813, 48.50032160669123 ], [ 14.241454409976033, 48.500383025256554 ], [ 14.241390816070535, 48.500361121735139 ], [ 14.241243337457179, 48.500310276188543 ], [ 14.240896772681374, 48.500190905284093 ], [ 14.240670224071195, 48.500200130308123 ], [ 14.240485107180886, 48.500048471687755 ], [ 14.24047833346672, 48.500017311450534 ], [ 14.240425808122952, 48.499778001110073 ], [ 14.240245008894723, 48.499740995462602 ], [ 14.240004659965535, 48.499681064431655 ], [ 14.239919230441323, 48.499702775606892 ], [ 14.239728507375665, 48.499817412715721 ], [ 14.239701653544561, 48.499814292822222 ], [ 14.239662814613123, 48.499752977960128 ], [ 14.239639205161021, 48.499641712407517 ], [ 14.239646852283185, 48.499607022164 ], [ 14.239700499544973, 48.499532756747534 ], [ 14.239699791036555, 48.499476992936032 ], [ 14.239686557410648, 48.499432480126075 ], [ 14.239685265221278, 48.499428262474467 ], [ 14.239151099012675, 48.499292351144717 ], [ 14.239129754517366, 48.499286939655484 ], [ 14.238940002871228, 48.499287240895704 ], [ 14.238625630170372, 48.499204583477265 ], [ 14.23845203977551, 48.499169408188578 ], [ 14.238381544020688, 48.499155112336112 ], [ 14.238173079659132, 48.499246047445183 ], [ 14.237887781630702, 48.49937040883713 ], [ 14.237880993493324, 48.499438733788921 ], [ 14.237857678089799, 48.499459872712912 ], [ 14.237552050526299, 48.4997373063864 ], [ 14.237433608852225, 48.499844814037154 ], [ 14.237397357684136, 48.500016090278443 ], [ 14.237264732625055, 48.500063440665556 ], [ 14.237014648866122, 48.500344131135179 ], [ 14.236989534135697, 48.500517659791718 ], [ 14.236938866675453, 48.500545936191209 ], [ 14.236935783949562, 48.500547669084611 ], [ 14.236854171916104, 48.500501525863122 ], [ 14.236841184691855, 48.500494160385884 ], [ 14.236743379067381, 48.50052037246251 ], [ 14.236533216155614, 48.50057659679738 ], [ 14.236496490826873, 48.500643623823308 ], [ 14.236546787306878, 48.500640536599576 ], [ 14.236585591631814, 48.50066911076852 ], [ 14.236602594797683, 48.50068166235738 ], [ 14.236621653145129, 48.500695637265174 ], [ 14.236708572485908, 48.50061967692276 ], [ 14.236714053471667, 48.500623502422023 ], [ 14.23675817834887, 48.500654464067203 ], [ 14.236691036650596, 48.500762293911478 ], [ 14.236676171516287, 48.500972442987667 ], [ 14.236674220331231, 48.501000162789708 ], [ 14.236669958920041, 48.501004153545999 ], [ 14.236559006203739, 48.501106745001252 ], [ 14.236527333557328, 48.501191812992928 ], [ 14.236513376914159, 48.501229610062545 ], [ 14.236479510449422, 48.501320811614796 ], [ 14.236428992989834, 48.501303571726858 ], [ 14.23646138504324, 48.501244134065971 ], [ 14.23645315483471, 48.501230165408437 ], [ 14.236424829103257, 48.501181631194321 ], [ 14.236341910240906, 48.501231025023721 ], [ 14.236302206956218, 48.501251660579925 ], [ 14.236283294773942, 48.501261521342428 ], [ 14.236217775681498, 48.501276509552213 ], [ 14.236358384613135, 48.501375807777727 ], [ 14.236295162838985, 48.501429277034752 ], [ 14.235960377168327, 48.501712328432504 ], [ 14.235897531801902, 48.501655785276711 ], [ 14.23584528918969, 48.501663744559515 ], [ 14.23571056115305, 48.501684034288594 ], [ 14.235570013976584, 48.50168116159707 ], [ 14.23546751331237, 48.501678984506881 ], [ 14.235312642702421, 48.501747192889553 ], [ 14.235230701046344, 48.501713194397723 ], [ 14.235215022758004, 48.501706749014431 ], [ 14.234675614570689, 48.501875879320366 ], [ 14.234652594657431, 48.50188307298275 ], [ 14.234651812991315, 48.501915820928772 ], [ 14.234651905390008, 48.501928863012886 ], [ 14.234652080764018, 48.501954407551615 ], [ 14.234677053263992, 48.501958262720137 ], [ 14.234753870202933, 48.501970083394333 ], [ 14.234742269060026, 48.502018835997575 ], [ 14.234678471805401, 48.502031741190677 ], [ 14.234671457882817, 48.502033144539588 ], [ 14.234611033004928, 48.502045394034283 ], [ 14.234618777768402, 48.502070340495372 ], [ 14.234642465230403, 48.502147874888692 ], [ 14.234575930390776, 48.502182299260298 ], [ 14.234487887803828, 48.502178750505415 ], [ 14.234440210072007, 48.502176869370231 ], [ 14.234370514905903, 48.502216355207494 ], [ 14.234198912935865, 48.502248980797674 ], [ 14.234281579260113, 48.502192664313895 ], [ 14.234265920478627, 48.502133058022956 ], [ 14.234260172954153, 48.502106207187623 ], [ 14.23424439354182, 48.50210947708829 ], [ 14.234140545540832, 48.502130966146019 ], [ 14.233992460880044, 48.502161611160375 ], [ 14.233701831865075, 48.502284473890491 ], [ 14.23363705926052, 48.502280295467706 ], [ 14.23349396314415, 48.502271053434889 ], [ 14.233404392564553, 48.502265266875426 ], [ 14.232799026782475, 48.502238624830085 ], [ 14.232772747939139, 48.502237477823265 ], [ 14.232388112493897, 48.502286581873477 ], [ 14.231937298962949, 48.5023441091328 ], [ 14.231873550911608, 48.502375452211133 ], [ 14.231558833621072, 48.502530067290401 ], [ 14.231402894623153, 48.502630660707993 ], [ 14.231228155503063, 48.502654310989115 ], [ 14.231181702529163, 48.502660604585763 ], [ 14.231071673370829, 48.50274708245319 ], [ 14.230563668234064, 48.502979906900705 ], [ 14.230614873479645, 48.503231374389877 ], [ 14.230452896518415, 48.503335251039751 ], [ 14.230396887353715, 48.503313553207065 ], [ 14.230382169065724, 48.503307819414658 ], [ 14.23020912006205, 48.503374361417322 ], [ 14.230200649918181, 48.50337766462404 ], [ 14.230156064334567, 48.50349925962653 ], [ 14.230099627500906, 48.503499692682141 ], [ 14.23000610903245, 48.503500500165657 ], [ 14.230037663440251, 48.50343909193689 ], [ 14.230040148956887, 48.503434125605985 ], [ 14.23001541118869, 48.50341263740782 ], [ 14.229921003088146, 48.50333105727038 ], [ 14.229886011224075, 48.503358220815336 ], [ 14.229842852641577, 48.503390574156292 ], [ 14.229812568026265, 48.503353657030942 ], [ 14.229805423560101, 48.503339769552767 ], [ 14.22979996409877, 48.503329377206931 ], [ 14.229703694396969, 48.503335422665586 ], [ 14.229521292912921, 48.503346716004771 ], [ 14.229522026236117, 48.503217451951755 ], [ 14.229345900324772, 48.503176975536135 ], [ 14.229327810339708, 48.503109561625365 ], [ 14.229177377371736, 48.503091015728899 ], [ 14.229166854740564, 48.50300726280021 ], [ 14.22923028614089, 48.502973135196719 ], [ 14.229116938930403, 48.502892059389289 ], [ 14.229012910581787, 48.502817568368989 ], [ 14.228970912460632, 48.502713997736478 ], [ 14.228963711449079, 48.502712433817415 ], [ 14.228884240598655, 48.502695862320316 ], [ 14.228830931353103, 48.50258005512881 ], [ 14.228768953547636, 48.502534115695127 ], [ 14.228708920505531, 48.502491039736029 ], [ 14.228695076671313, 48.502481071372479 ], [ 14.228668487320185, 48.502462025728541 ], [ 14.228597214820033, 48.502410850346365 ], [ 14.22855239636977, 48.502378721633498 ], [ 14.228423435449375, 48.502208893926863 ], [ 14.228371751542001, 48.502225750648392 ], [ 14.228351294196628, 48.502232473684593 ], [ 14.228199288105987, 48.502208901379149 ], [ 14.228109170330605, 48.502194929488113 ], [ 14.227991229068753, 48.502176583064411 ], [ 14.227933299296579, 48.502192318051883 ], [ 14.227903254820784, 48.502200373698805 ], [ 14.227828971538187, 48.5021862803871 ], [ 14.227795700257001, 48.502179968668621 ], [ 14.227761575919114, 48.502155673425491 ], [ 14.227711419302453, 48.502120077187605 ], [ 14.227736209271336, 48.502121236725095 ], [ 14.22780516260447, 48.502124576862244 ], [ 14.227847150603548, 48.502063718993973 ], [ 14.227813964536431, 48.501999838484046 ], [ 14.227805581482562, 48.502000352396408 ], [ 14.227690796333784, 48.502007887181371 ], [ 14.227689766441449, 48.50195626363287 ], [ 14.22768500318314, 48.50195477093051 ], [ 14.22760089952151, 48.501928519395726 ], [ 14.227510141554147, 48.501971310537179 ], [ 14.227402343848233, 48.501968087500764 ], [ 14.227399797182462, 48.501961720517386 ], [ 14.227382571084807, 48.501920565146037 ], [ 14.227257433613035, 48.501861795436383 ], [ 14.227248971133951, 48.501857722454993 ], [ 14.227231532874171, 48.501851199520559 ], [ 14.227156321278873, 48.501822540948254 ], [ 14.227192865743332, 48.50178340294795 ], [ 14.227205356771934, 48.501769994776595 ], [ 14.227203354597975, 48.50176380352449 ], [ 14.22719680050626, 48.501744874155037 ], [ 14.227185782250871, 48.501741720219073 ], [ 14.227126067781182, 48.50172472657836 ], [ 14.227059177300704, 48.501699782214189 ], [ 14.227015718745498, 48.501683563704631 ], [ 14.226942449661728, 48.501610724577326 ], [ 14.226943408645727, 48.501564482824655 ], [ 14.226908472973868, 48.50153236786484 ], [ 14.226804298667364, 48.50149601489256 ], [ 14.226807383346745, 48.501494372205435 ], [ 14.226817177166488, 48.5014893500665 ], [ 14.226777491115769, 48.501472113174238 ], [ 14.226766035802866, 48.501467163535516 ], [ 14.226729622730405, 48.501451340809439 ], [ 14.226766151467663, 48.501395652212274 ], [ 14.226773118369739, 48.501360248506799 ], [ 14.226763977562417, 48.501340439383782 ], [ 14.226751181066678, 48.501312742585384 ], [ 14.226733469271375, 48.501306041767478 ], [ 14.226552271308943, 48.501237895272261 ], [ 14.226419186360596, 48.501235944012002 ], [ 14.226369271406096, 48.50124550037107 ], [ 14.226206170336679, 48.501276700018771 ], [ 14.226061264557154, 48.501311268506832 ], [ 14.226050346020996, 48.501313870517663 ], [ 14.226020825989735, 48.501320932227301 ], [ 14.225872573821217, 48.501388987525118 ], [ 14.225616079930242, 48.501443746920387 ], [ 14.225611758479422, 48.501452145285192 ], [ 14.22561031644068, 48.501454854801729 ], [ 14.225581254716804, 48.501511925221784 ], [ 14.225389916740433, 48.50156969470607 ], [ 14.225060554141718, 48.501590378224208 ], [ 14.225023271231423, 48.501610361790682 ], [ 14.224931944774696, 48.501612497770417 ], [ 14.224840261190895, 48.501586122188101 ], [ 14.224830059784995, 48.501583231650685 ], [ 14.224786793665633, 48.50155459772153 ], [ 14.224768386726385, 48.501546822508054 ], [ 14.224530196781847, 48.501446725532375 ], [ 14.224362360551238, 48.501376225017665 ], [ 14.22434238405752, 48.50132456600209 ], [ 14.224339976240515, 48.501318377795037 ], [ 14.224283345859538, 48.501315301479046 ], [ 14.224244464488326, 48.501313259183924 ], [ 14.224187426000755, 48.50132574731871 ], [ 14.22407739501206, 48.501349883114244 ], [ 14.224039266989719, 48.50137580952245 ], [ 14.224019840877036, 48.501379555585558 ], [ 14.224014181652478, 48.501381037919643 ], [ 14.223926042107122, 48.501403117772952 ], [ 14.223785608780801, 48.501461666044364 ], [ 14.223781981115941, 48.501463222838076 ], [ 14.223766659996301, 48.501469546136924 ], [ 14.223722095662275, 48.501475462584104 ], [ 14.223694815406811, 48.501478998580787 ], [ 14.223687782643205, 48.501479322010695 ], [ 14.223679394978408, 48.501479565812232 ], [ 14.223624475355864, 48.501481513353852 ], [ 14.223490021424777, 48.501533629249444 ], [ 14.223478337234678, 48.501538935355988 ], [ 14.223430388637755, 48.501560528800681 ], [ 14.223370497730562, 48.50149397204126 ], [ 14.223136462721543, 48.501446281563879 ], [ 14.223131971634576, 48.501421309605341 ], [ 14.222984241654441, 48.501402105549325 ], [ 14.222875581188788, 48.501388000944878 ], [ 14.222765292116451, 48.501373638783967 ], [ 14.222769934722351, 48.501336723873692 ], [ 14.222770295779901, 48.501334112570326 ], [ 14.222747297146125, 48.501326911687727 ], [ 14.222680479033432, 48.501306012041638 ], [ 14.222652058277147, 48.501337620933128 ], [ 14.222609958344071, 48.501384445537752 ], [ 14.222523821390695, 48.501389238655989 ], [ 14.222555429362641, 48.501338356206631 ], [ 14.222564910037613, 48.501322992537688 ], [ 14.222538199098983, 48.50128100913826 ], [ 14.22253499963649, 48.501275996271438 ], [ 14.222532910740355, 48.501272594057959 ], [ 14.222522760174165, 48.501256930006683 ], [ 14.222449091526517, 48.501325492837367 ], [ 14.222447838341152, 48.50133917479959 ], [ 14.222443965136621, 48.501381480852693 ], [ 14.222405749273959, 48.501339495002057 ], [ 14.222389609929035, 48.501321897595687 ], [ 14.222385883082996, 48.501317698288645 ], [ 14.222361467215467, 48.501291078872065 ], [ 14.222206310956299, 48.501280745447872 ], [ 14.222180425278326, 48.501294524805417 ], [ 14.2221416605308, 48.501314968470233 ], [ 14.22212100640558, 48.501326009521108 ], [ 14.221993838895763, 48.501243232958188 ], [ 14.221819186759568, 48.501311213973089 ], [ 14.221788563993096, 48.501309287975715 ], [ 14.221732195154855, 48.501305668735952 ], [ 14.221659109629989, 48.501345262670299 ], [ 14.221496846635503, 48.5014332079094 ], [ 14.221485041547705, 48.501431498621379 ], [ 14.221440124992125, 48.501424823850542 ], [ 14.221434740151574, 48.501418658209808 ], [ 14.221410024654485, 48.501390331822961 ], [ 14.22138214387293, 48.501358971177339 ], [ 14.22130459471594, 48.501351554866929 ], [ 14.221271106707732, 48.501348301251994 ], [ 14.221203996916467, 48.501341884959849 ], [ 14.221177288029862, 48.501339299416394 ], [ 14.221006662756736, 48.501350310158017 ], [ 14.220923784570727, 48.501355706995732 ], [ 14.220941849822507, 48.501414487147329 ], [ 14.220944425052211, 48.501422563102878 ], [ 14.220798347069682, 48.501365564676796 ], [ 14.22076414455106, 48.501352241924621 ], [ 14.220758011191803, 48.501349769893672 ], [ 14.220676387529201, 48.501317917663037 ], [ 14.220654252782527, 48.501353076337416 ], [ 14.220622235377631, 48.501403871416507 ], [ 14.220536240928618, 48.501353972291305 ], [ 14.220506162747149, 48.501336480446625 ], [ 14.220493311433756, 48.50132902219088 ], [ 14.220414981037777, 48.501354892780398 ], [ 14.220193716270385, 48.501427902557374 ], [ 14.220135762594095, 48.501489598382655 ], [ 14.220120904449393, 48.50148350456687 ], [ 14.220044030053115, 48.501452335461892 ], [ 14.220030026925507, 48.501464495027228 ], [ 14.219993222954871, 48.501496706562797 ], [ 14.22004837041883, 48.501610434883595 ], [ 14.220000255057599, 48.50166180167065 ], [ 14.219967425100174, 48.501696861447599 ], [ 14.21981896743215, 48.501729829996137 ], [ 14.219782630909117, 48.501663182717081 ], [ 14.219649400856504, 48.501771053955906 ], [ 14.219632712454622, 48.501784493137073 ], [ 14.219600482534464, 48.501720513164948 ], [ 14.219429348455831, 48.501780818118455 ], [ 14.219433264014326, 48.50180390561259 ], [ 14.219437007182425, 48.501824835610506 ], [ 14.219515625571717, 48.501831435502424 ], [ 14.219479817549235, 48.501929572752971 ], [ 14.219470605420948, 48.501929102902267 ], [ 14.219425218375019, 48.501926568630587 ], [ 14.219357938424093, 48.502004885576653 ], [ 14.219305546219067, 48.501980636439008 ], [ 14.219298451605903, 48.501977362068381 ], [ 14.219172927994681, 48.501919216355162 ], [ 14.2191134277241, 48.501993426434218 ], [ 14.2190394094187, 48.502018273947201 ], [ 14.218929459889972, 48.50205526710873 ], [ 14.218966422075026, 48.502079543393229 ], [ 14.218978332171277, 48.502087368746949 ], [ 14.218937842001067, 48.502141465742 ], [ 14.218920100999549, 48.502148796186155 ], [ 14.21884711614813, 48.502178672947664 ], [ 14.218727233693587, 48.502149537901097 ], [ 14.218720845091948, 48.502147967198987 ], [ 14.218721400464219, 48.502235574387178 ], [ 14.218611089973175, 48.502235780386364 ], [ 14.21859552467016, 48.502235808341808 ], [ 14.218540339467486, 48.50220654281609 ], [ 14.218486110940242, 48.502177809719164 ], [ 14.218495485354493, 48.502132493819182 ], [ 14.218496855290217, 48.502125557285751 ], [ 14.218436526687718, 48.502080499449391 ], [ 14.218343770114055, 48.502141378518502 ], [ 14.218288053794634, 48.5021284878136 ], [ 14.218280714767442, 48.502126744384164 ], [ 14.218293748068467, 48.502081670645104 ], [ 14.21824442621082, 48.502062794792387 ], [ 14.218182193874352, 48.502119844599896 ], [ 14.218136987627783, 48.502104175744989 ], [ 14.218109224604719, 48.502055902832311 ], [ 14.218103108248394, 48.502054419985598 ], [ 14.217973978914992, 48.502022745622092 ], [ 14.217920340038214, 48.502036284345493 ], [ 14.217865086342519, 48.502050374966473 ], [ 14.217762579065971, 48.501992503298474 ], [ 14.217745632447182, 48.501983006884799 ], [ 14.21769957254932, 48.501957000060848 ], [ 14.217686528857424, 48.501938299194549 ], [ 14.217594409722206, 48.501807309290726 ], [ 14.217626950391564, 48.501763167423292 ], [ 14.21760938905574, 48.501717785549708 ], [ 14.217591146470532, 48.501719542682174 ], [ 14.217512904186577, 48.501726970869605 ], [ 14.21743252920677, 48.501799539010307 ], [ 14.217387453099875, 48.501799340299378 ], [ 14.217346166399283, 48.5017991129073 ], [ 14.217345671046136, 48.501793899548623 ], [ 14.217339636152717, 48.501733948481991 ], [ 14.21732218840388, 48.501726794500193 ], [ 14.217204549636108, 48.501678391607896 ], [ 14.216988601862687, 48.501761879211749 ], [ 14.216960244071833, 48.501821100886467 ], [ 14.216722384185765, 48.501873900779373 ], [ 14.21665752608634, 48.50188833327784 ], [ 14.216538687763682, 48.501943831133012 ], [ 14.216335326250235, 48.502098552792106 ], [ 14.216319825676374, 48.502110273465014 ], [ 14.216222020725921, 48.502184771432994 ], [ 14.216167110757363, 48.50217151382946 ], [ 14.216149163211339, 48.502166792101526 ], [ 14.2161378779437, 48.502163819046707 ], [ 14.21610646426784, 48.502131494411927 ], [ 14.216090619031361, 48.502115153236531 ], [ 14.216080973173392, 48.502105151687879 ], [ 14.216077116061845, 48.50210122301894 ], [ 14.21603233485342, 48.502054967121552 ], [ 14.215849132160558, 48.50201137566188 ], [ 14.215845365805649, 48.502012753353974 ], [ 14.215728894753337, 48.50205635908948 ], [ 14.215581797713909, 48.502050363574071 ], [ 14.21543856817804, 48.502088504162174 ], [ 14.215369971063264, 48.502074270093019 ], [ 14.2153415827195, 48.502068457689951 ], [ 14.21521559287155, 48.502117441800166 ], [ 14.215202302574674, 48.502203084587705 ], [ 14.215197662271173, 48.502232533269051 ], [ 14.215196934767466, 48.502237486011346 ], [ 14.215191451592988, 48.502273057655266 ], [ 14.215190351883798, 48.502279992107042 ], [ 14.215099822031434, 48.50228130483309 ], [ 14.21501389210426, 48.502282492836329 ], [ 14.214975635092523, 48.502348714830006 ], [ 14.214901619990744, 48.502476912269735 ], [ 14.214789370216595, 48.502522104304326 ], [ 14.214726858941223, 48.502547222070454 ], [ 14.214628552334782, 48.502568741883827 ], [ 14.214564433555953, 48.50260277673604 ], [ 14.214578953976647, 48.502692167520735 ], [ 14.214450505388317, 48.502755831167761 ], [ 14.214446614351214, 48.502757839403742 ], [ 14.214494398335686, 48.502861101556263 ], [ 14.2143641372544, 48.50288205251001 ], [ 14.214319998133721, 48.502889221446928 ], [ 14.214245832970967, 48.502921532845292 ], [ 14.214160980655551, 48.502859027484995 ], [ 14.213986977891636, 48.502823189427126 ], [ 14.213862327253079, 48.502879447896866 ], [ 14.213815489278211, 48.502879171126352 ], [ 14.213727362221926, 48.502878575728786 ], [ 14.213566683531333, 48.502862065875668 ], [ 14.21352709098182, 48.502858046468958 ], [ 14.213458480728802, 48.502851007378844 ], [ 14.213429427393438, 48.50288558706977 ], [ 14.213352485842195, 48.502977375751684 ], [ 14.213203334903303, 48.502970133394726 ], [ 14.213057409628325, 48.503064779903752 ], [ 14.212853380958707, 48.503197102789272 ], [ 14.212832158683385, 48.50319879164666 ], [ 14.212742669550765, 48.503205671601201 ], [ 14.21260903473279, 48.503338543733896 ], [ 14.212413575510968, 48.503370147338131 ], [ 14.212462441645478, 48.503545092241943 ], [ 14.212477576210642, 48.50359921821989 ], [ 14.212632199851109, 48.503721016581061 ], [ 14.212544904851963, 48.503769346794513 ], [ 14.212462422708988, 48.503830053830065 ], [ 14.212396917344003, 48.503878220021576 ], [ 14.21237044754441, 48.503897668400327 ], [ 14.212358465494907, 48.503893530873498 ], [ 14.212348253609445, 48.503890009681371 ], [ 14.212268871633531, 48.503862542316341 ], [ 14.212273589493558, 48.503805748422018 ], [ 14.212144081280941, 48.503791610729031 ], [ 14.21220725913394, 48.503710090750879 ], [ 14.212199904771973, 48.503707447556792 ], [ 14.212145837466259, 48.50368806513697 ], [ 14.212061926770145, 48.503720538349292 ], [ 14.211983244214947, 48.503662572501 ], [ 14.211909396463502, 48.503713679537839 ], [ 14.211812271691835, 48.503780972580763 ], [ 14.211765295243184, 48.503732842656234 ], [ 14.211753447725462, 48.503720698511863 ], [ 14.211642252006909, 48.503692930134441 ], [ 14.211587397157261, 48.503659071435997 ], [ 14.211478779581334, 48.50359188545557 ], [ 14.211359872514732, 48.503604112525984 ], [ 14.2112998791271, 48.50361032002111 ], [ 14.211274070343167, 48.503612942547896 ], [ 14.211166029253894, 48.503587578670569 ], [ 14.211152575451614, 48.503584441524573 ], [ 14.211097283130808, 48.503612381490939 ], [ 14.211028972808339, 48.503646895590215 ], [ 14.210895713259221, 48.503627027895398 ], [ 14.210893946933794, 48.503682360366597 ], [ 14.210835372541244, 48.503708345951658 ], [ 14.210810519467609, 48.50371941649302 ], [ 14.210696504363561, 48.503669090955974 ], [ 14.210347427238924, 48.503661816482769 ], [ 14.210292089412093, 48.503679142314034 ], [ 14.21019972376777, 48.503707989676876 ], [ 14.210204187406536, 48.503731702965972 ], [ 14.210132700191066, 48.503754546880309 ], [ 14.21009594608403, 48.50376624625126 ], [ 14.210089851280252, 48.503805869936727 ], [ 14.210165493330919, 48.503804492908323 ], [ 14.210172125055831, 48.503804443153705 ], [ 14.210172283968109, 48.503813796752723 ], [ 14.210173053431257, 48.503851120194533 ], [ 14.210151329808518, 48.503863156563625 ], [ 14.210091789750384, 48.503896075157535 ], [ 14.210050210014717, 48.504038058179354 ], [ 14.210028142896901, 48.504053785046452 ], [ 14.210008216794398, 48.504068056650716 ], [ 14.209741258178234, 48.504066280934509 ], [ 14.209720816951583, 48.50406616436814 ], [ 14.209506362793553, 48.504143240248801 ], [ 14.20956148443431, 48.504264619152288 ], [ 14.209555810736113, 48.504265291338534 ], [ 14.209490294801302, 48.504273158397332 ], [ 14.209364247800197, 48.504359285798571 ], [ 14.209345157795612, 48.504327136879468 ], [ 14.209323003264343, 48.504289883782818 ], [ 14.20926893388671, 48.504278325697136 ], [ 14.209212417682869, 48.504266156274582 ], [ 14.209072219186233, 48.504236264116024 ], [ 14.208973901834309, 48.504273430475664 ], [ 14.208535974597005, 48.504374935966183 ], [ 14.20851711092658, 48.504419962209255 ], [ 14.208314207700937, 48.504459979975003 ], [ 14.208306922046237, 48.504461383767179 ], [ 14.208184222430193, 48.504433698236461 ], [ 14.208170633245619, 48.504430561761758 ], [ 14.20815066007434, 48.504426123822888 ], [ 14.20808584536873, 48.504411497376644 ], [ 14.20801005656797, 48.504340374560691 ], [ 14.207906037413739, 48.504344661035624 ], [ 14.207851856909333, 48.504406412265624 ], [ 14.207906178175223, 48.504448821921393 ], [ 14.207929362071416, 48.504466998203597 ], [ 14.207915802453465, 48.504481581600132 ], [ 14.207844577851784, 48.504464124591102 ], [ 14.207812227518057, 48.504456181212284 ], [ 14.207808608772044, 48.504514225945734 ], [ 14.20772285530731, 48.504542032396515 ], [ 14.207753703046107, 48.504589115227546 ], [ 14.207718547818001, 48.504607368214636 ], [ 14.207712510692494, 48.50461056162559 ], [ 14.207719883779827, 48.504630295431205 ], [ 14.207735618519068, 48.504672184290463 ], [ 14.20768338706695, 48.504689215773887 ], [ 14.207653622081025, 48.504642124826653 ], [ 14.20763645173097, 48.50464333267287 ], [ 14.207600219265418, 48.504645942408644 ], [ 14.207585963733445, 48.504683378230958 ], [ 14.207580392288042, 48.504698081731476 ], [ 14.207472829299702, 48.504708960661794 ], [ 14.207389138998106, 48.504738730326885 ], [ 14.207339496034521, 48.504828691613938 ], [ 14.207302382698153, 48.504763305767469 ], [ 14.207179228113915, 48.504796698525439 ], [ 14.206927876353612, 48.504813509233664 ], [ 14.206904266543502, 48.504778155523127 ], [ 14.206974199310951, 48.504751277492176 ], [ 14.206993699327377, 48.504743755840522 ], [ 14.206877532902075, 48.504638213497678 ], [ 14.206837278283627, 48.504651107340599 ], [ 14.206817491371302, 48.504689663803816 ], [ 14.206784868454294, 48.504753592095177 ], [ 14.206629151462785, 48.504750528089893 ], [ 14.206574743877216, 48.504806973358548 ], [ 14.206507622536641, 48.504824025612649 ], [ 14.206365835441773, 48.504860255205514 ], [ 14.206355470113872, 48.504847649707557 ], [ 14.206308883984478, 48.504790339848917 ], [ 14.206132340570164, 48.5047563980511 ], [ 14.206112784126429, 48.504752586301905 ], [ 14.205590135645338, 48.505031734524025 ], [ 14.205406563808351, 48.50507052352507 ], [ 14.205223754096428, 48.50517847794108 ], [ 14.205153826425018, 48.505173692544084 ], [ 14.205099753881314, 48.505169958190997 ], [ 14.205042954408468, 48.505181085867086 ], [ 14.204886586170801, 48.505211665610751 ], [ 14.204852752407589, 48.505236114400887 ], [ 14.204777462739928, 48.505290555719192 ], [ 14.204815501112597, 48.505346760554396 ], [ 14.204687659381811, 48.505391339378292 ], [ 14.204631433531354, 48.505436463588886 ], [ 14.204773963067137, 48.505572304510395 ], [ 14.204840687270563, 48.505635851223758 ], [ 14.20494675714974, 48.505736793433492 ], [ 14.205125883121525, 48.505907441400048 ], [ 14.205166743596056, 48.505946354706701 ], [ 14.205178439534485, 48.505957601130795 ], [ 14.205189168296309, 48.505967685421638 ], [ 14.20519412435838, 48.50597259568795 ], [ 14.205211045548795, 48.505988660416982 ], [ 14.205654198286844, 48.506419361312915 ], [ 14.205677186070711, 48.506441947026246 ], [ 14.205819242079142, 48.506581478122847 ], [ 14.20582887918291, 48.506591030804529 ], [ 14.205946343564646, 48.506685140799902 ], [ 14.20600905578957, 48.506735404226539 ], [ 14.206217282650274, 48.50687345130337 ], [ 14.206254522133655, 48.506898269158384 ], [ 14.206367121179998, 48.506952747234379 ], [ 14.206451709069237, 48.506999788728955 ], [ 14.206637554772209, 48.507103011803203 ], [ 14.207112728101718, 48.507256962404227 ], [ 14.207264224510899, 48.507306111637362 ], [ 14.207268715448164, 48.507307517253466 ], [ 14.207322617376407, 48.507325014201719 ], [ 14.208299843317798, 48.507604822313986 ], [ 14.20860607951645, 48.507782338944736 ], [ 14.20880376486256, 48.507896803593376 ], [ 14.209320445317237, 48.508206407174491 ], [ 14.209336980263505, 48.50821554807105 ], [ 14.209344222668483, 48.508219541528007 ], [ 14.209357067979436, 48.50822664123131 ], [ 14.209412960185313, 48.508257614760964 ], [ 14.209439198368234, 48.508272169845647 ], [ 14.209515257860209, 48.508318913257831 ], [ 14.209519902624024, 48.508321397031366 ], [ 14.20952878151237, 48.508326097807021 ], [ 14.209546268587491, 48.508335501385638 ], [ 14.209776597250743, 48.508458804596273 ], [ 14.210002097055195, 48.508584662164338 ], [ 14.210024236756354, 48.508596999115419 ], [ 14.210285053085531, 48.508777640458689 ], [ 14.210290532979171, 48.508781467181365 ], [ 14.210356833184154, 48.508827383770765 ], [ 14.210543551750341, 48.508973140312335 ], [ 14.210597330967435, 48.509015102996983 ], [ 14.210742720944612, 48.509134544288187 ], [ 14.21091790894922, 48.509278767687448 ], [ 14.210940423884439, 48.509297218226351 ], [ 14.210961017852988, 48.509314154039743 ], [ 14.211573208705383, 48.509825237365213 ], [ 14.212180740565838, 48.510332304746342 ], [ 14.212262993908857, 48.510352914394979 ], [ 14.212315518131307, 48.510344873708661 ], [ 14.212394506705856, 48.51033276613888 ], [ 14.212421990458667, 48.510380592561518 ], [ 14.212439553358868, 48.510378481580467 ], [ 14.2125198015538, 48.510368793093782 ], [ 14.212606115805986, 48.510341698635351 ], [ 14.212672904156511, 48.510320687684484 ], [ 14.212713376653134, 48.510264794309151 ], [ 14.212778655517688, 48.510250540877728 ], [ 14.212896940007349, 48.510224734800438 ], [ 14.212984529742107, 48.510320141915372 ], [ 14.213205925504765, 48.510283754989459 ], [ 14.21322112478588, 48.510270058174378 ], [ 14.213269391403252, 48.510226698883777 ], [ 14.21340414059277, 48.510285231091679 ], [ 14.213413961544957, 48.510289564681408 ], [ 14.213498833441824, 48.510273184430382 ], [ 14.213571610164093, 48.510166765619552 ], [ 14.213792140382123, 48.510206661426864 ], [ 14.213808353422516, 48.510299997022763 ], [ 14.213859247199737, 48.510323360361724 ], [ 14.213919611464327, 48.5102670468616 ], [ 14.213987655851515, 48.510287942245782 ], [ 14.214047128207547, 48.510306293637818 ], [ 14.214158832303832, 48.510315346391359 ], [ 14.214235155714329, 48.510321607394658 ], [ 14.214382815915197, 48.510279927176278 ], [ 14.214544506306291, 48.510322603758368 ], [ 14.214597416051964, 48.510321305364634 ], [ 14.214603234923832, 48.510321171543865 ], [ 14.214729622725349, 48.510318059785888 ], [ 14.214729116552105, 48.510391462551844 ], [ 14.214728667750425, 48.510444446303353 ], [ 14.214803008467022, 48.510390095796623 ], [ 14.214833748672548, 48.510390673522757 ], [ 14.214893358649428, 48.510393282252622 ], [ 14.214894524637559, 48.510390215169231 ], [ 14.214916227603386, 48.510337251013787 ], [ 14.215036649518174, 48.510389053234313 ], [ 14.215105658811911, 48.510418845712728 ], [ 14.215180428995088, 48.510421339930751 ], [ 14.215380088952411, 48.510428108819703 ], [ 14.21546394323237, 48.510471011670944 ], [ 14.215665057311858, 48.510404460094513 ], [ 14.215641205913768, 48.510529670217835 ], [ 14.215662387946651, 48.510549209310859 ], [ 14.215695606207541, 48.510560112320682 ], [ 14.215794184384889, 48.510577358073988 ], [ 14.215808720087209, 48.510580306623815 ], [ 14.215835208909521, 48.510585593568599 ], [ 14.215838394464239, 48.510581881580158 ], [ 14.215965577864289, 48.510435292709232 ], [ 14.216059147623966, 48.510452576058086 ], [ 14.216147421533099, 48.51046890988345 ], [ 14.216191293586975, 48.510548633762362 ], [ 14.216215606165346, 48.510592885279671 ], [ 14.216309771464335, 48.510597481023169 ], [ 14.216352469009857, 48.510537341923495 ], [ 14.216410865541041, 48.51053231332326 ], [ 14.216426937203348, 48.51061710442427 ], [ 14.216484611027393, 48.510625213904945 ], [ 14.216517153288613, 48.510683615233312 ], [ 14.216579644716973, 48.510688450077339 ], [ 14.216686397822759, 48.510740353894093 ], [ 14.216759955675519, 48.510695722623154 ], [ 14.216912483707716, 48.510756545085314 ], [ 14.216955018427507, 48.510884581775372 ], [ 14.217022652288298, 48.510960437771473 ], [ 14.217123666235732, 48.510961742898864 ], [ 14.217220132797634, 48.510942573793862 ], [ 14.217298384252549, 48.510926960449112 ], [ 14.217487929989881, 48.511038593644464 ], [ 14.217671659572201, 48.510984583187408 ], [ 14.217733160098661, 48.511010563095184 ], [ 14.217773524179135, 48.511027617981007 ], [ 14.217745651516134, 48.511091693163742 ], [ 14.217725459857464, 48.511137900182611 ], [ 14.217693157444122, 48.5112120832299 ], [ 14.217619338452684, 48.511265172323789 ], [ 14.217412540010963, 48.511387179225544 ], [ 14.217391899564305, 48.511407214214138 ], [ 14.217349554221967, 48.511448371625846 ], [ 14.217347859459625, 48.511460077901283 ], [ 14.217346644512542, 48.511468182560755 ], [ 14.217336594332696, 48.511537429869087 ], [ 14.217423292958294, 48.511627623335947 ], [ 14.217423365613479, 48.511639765992243 ], [ 14.217380409887447, 48.511803349522978 ], [ 14.217332815455958, 48.511830514469551 ], [ 14.217281869270138, 48.511859593685436 ], [ 14.217279054393007, 48.511861234065805 ], [ 14.217328234266395, 48.511981934392004 ], [ 14.217373380895035, 48.511985730644973 ], [ 14.217383930450502, 48.512056261338529 ], [ 14.217387144406121, 48.512077914897773 ], [ 14.217381716480237, 48.512092977541087 ], [ 14.217361559767033, 48.512149168616197 ], [ 14.217461563448481, 48.512186191120058 ], [ 14.21747123179367, 48.512307999762903 ], [ 14.217194889059089, 48.512503841125458 ], [ 14.216954122224186, 48.51248461317612 ], [ 14.216932613535551, 48.512501416444998 ], [ 14.216893838141921, 48.51251394269363 ], [ 14.216852235483241, 48.51252738979494 ], [ 14.216765309925243, 48.512692834484895 ], [ 14.216610106775203, 48.512689599814678 ], [ 14.216367351105557, 48.512751969980293 ], [ 14.216320173541806, 48.512764019808337 ], [ 14.216269627226843, 48.512776994558635 ], [ 14.216322524448957, 48.512822289395849 ], [ 14.21636717674118, 48.512860450524393 ], [ 14.216243799314492, 48.512865790004447 ], [ 14.21624013825214, 48.512857542293297 ], [ 14.21621889489071, 48.512810749050772 ], [ 14.216139963618376, 48.512865944594431 ], [ 14.216136556451616, 48.512872536647023 ], [ 14.216131837177651, 48.51288156724798 ], [ 14.216129479078697, 48.512886172486354 ], [ 14.216165855797074, 48.512970810180867 ], [ 14.216144918845542, 48.512981492406894 ], [ 14.21603580382326, 48.513037095723561 ], [ 14.215971800727843, 48.513126089410591 ], [ 14.215787745002766, 48.513114076536716 ], [ 14.215742069883412, 48.513111093202845 ], [ 14.215678083371273, 48.513137751535311 ], [ 14.215665560350088, 48.513173376146803 ], [ 14.215543263491734, 48.513178616774965 ], [ 14.215544672825981, 48.513134350944405 ], [ 14.215412020904733, 48.513104049552027 ], [ 14.215288644838855, 48.512935245613512 ], [ 14.215280187731809, 48.512923615975126 ], [ 14.215176146616487, 48.512975132471816 ], [ 14.215059571123611, 48.513061643857299 ], [ 14.214980520322104, 48.513173327834004 ], [ 14.21489461774094, 48.513129630563185 ], [ 14.214888835429164, 48.513131922909913 ], [ 14.214849026842435, 48.513147424597129 ], [ 14.214826302427017, 48.513291245425599 ], [ 14.214685386310903, 48.51329230797959 ], [ 14.214620322217053, 48.513382748088681 ], [ 14.214586039468147, 48.513491935460024 ], [ 14.214644547617304, 48.51353287115635 ], [ 14.214619441401911, 48.513545203627679 ], [ 14.214605613825324, 48.5135520540911 ], [ 14.214485655377285, 48.513567440274613 ], [ 14.214410300300361, 48.513634031243072 ], [ 14.214184075919363, 48.513634207008373 ], [ 14.214191450021364, 48.513550678263691 ], [ 14.214150126035729, 48.513556746422779 ], [ 14.214097142702126, 48.513720494013725 ], [ 14.213934071817022, 48.513708589946951 ], [ 14.21387815010775, 48.513739863895765 ], [ 14.213769523079224, 48.51380049854486 ], [ 14.213655548098172, 48.513841294518677 ], [ 14.21354819384835, 48.513809901006425 ], [ 14.213527104497599, 48.513803763338892 ], [ 14.213400506008712, 48.51388234296364 ], [ 14.213166087793816, 48.513910192941879 ], [ 14.213033486084171, 48.514017871035414 ], [ 14.212981395897923, 48.514011876612855 ], [ 14.212896749945964, 48.514002169353397 ], [ 14.212824331370207, 48.514050567370198 ], [ 14.21282072654574, 48.514061478382082 ], [ 14.212799757546879, 48.514125950039954 ], [ 14.212686659197294, 48.514170606285113 ], [ 14.212708705087948, 48.514256702011785 ], [ 14.212439888934773, 48.514260253061813 ], [ 14.212427041042087, 48.514308742508668 ], [ 14.212289517470643, 48.514326327347064 ], [ 14.212235750958534, 48.514333207972697 ], [ 14.212113907864374, 48.514317573296154 ], [ 14.212043965994793, 48.514328623158832 ], [ 14.211896115305542, 48.514351951978732 ], [ 14.211814443083092, 48.514373793852783 ], [ 14.211790454580246, 48.514380270587807 ], [ 14.21156882370324, 48.514467567790909 ], [ 14.211365079907846, 48.514547894054161 ], [ 14.211332084256288, 48.514558126275332 ], [ 14.211237221251997, 48.514624321948666 ], [ 14.210785788443694, 48.514700840261874 ], [ 14.210758304512067, 48.514708782210533 ], [ 14.210611720852073, 48.514750989263732 ], [ 14.210591575900938, 48.514760585135228 ], [ 14.210499047457207, 48.514804904958957 ], [ 14.210408630511223, 48.51476636542845 ], [ 14.210246458450651, 48.514727824428462 ], [ 14.210135976353072, 48.514647788613274 ], [ 14.210101651395531, 48.514643548594449 ], [ 14.210096224380322, 48.514642869703152 ], [ 14.21003576048518, 48.514614179563381 ], [ 14.210011302814479, 48.514577123916844 ], [ 14.209981006862323, 48.514531117103125 ], [ 14.209862078225317, 48.51453560690355 ], [ 14.209833935930186, 48.514608407121656 ], [ 14.209915369180354, 48.514668062630392 ], [ 14.209819091882514, 48.514682996559891 ], [ 14.209698199078797, 48.514874775640052 ], [ 14.209616227597866, 48.514926931160915 ], [ 14.209580733187279, 48.514949504684026 ], [ 14.209568678128939, 48.514957150797756 ], [ 14.209528858901271, 48.514972200970433 ], [ 14.209323570474854, 48.515049566865606 ], [ 14.209241814637771, 48.515058634728774 ], [ 14.209050600687444, 48.515079856192799 ], [ 14.209041874368362, 48.515076233637799 ], [ 14.209036147579036, 48.515073847904034 ], [ 14.208897480352871, 48.515016239582138 ], [ 14.208800532448755, 48.515023621935775 ], [ 14.208734683177484, 48.515028612542473 ], [ 14.208598152033334, 48.515152775624728 ], [ 14.208514175595525, 48.51526242303251 ], [ 14.208373604284878, 48.515371954326454 ], [ 14.208422482961934, 48.515539793793984 ], [ 14.20827357108694, 48.515620603580373 ], [ 14.208154432579558, 48.5156527976009 ], [ 14.208069255327782, 48.515675742440948 ], [ 14.208053764926866, 48.515672440275182 ], [ 14.207858358474207, 48.515630186877303 ], [ 14.20760970760665, 48.515657682339715 ], [ 14.207564301701199, 48.515662699282743 ], [ 14.207507219183952, 48.51568174567813 ], [ 14.207423074524446, 48.515709719487432 ], [ 14.207459266504205, 48.515880082802767 ], [ 14.207455184441727, 48.515894865021053 ], [ 14.207434010609589, 48.515971660196861 ], [ 14.207348245283155, 48.516047858914199 ], [ 14.207248872660303, 48.516136032602347 ], [ 14.207071846824517, 48.51615588542635 ], [ 14.206893873902606, 48.516127802061249 ], [ 14.206795858522261, 48.516112253627142 ], [ 14.206771507886902, 48.516105419520244 ], [ 14.206634107693683, 48.516066688436077 ], [ 14.206534436976701, 48.515993314724952 ], [ 14.206524565290719, 48.515986012616388 ], [ 14.206411334510527, 48.516063405229346 ], [ 14.206381487085979, 48.516083776793799 ], [ 14.206222386866214, 48.516138844543185 ], [ 14.206024869079927, 48.516251946340468 ], [ 14.205936742088502, 48.516268705123665 ], [ 14.205810399817022, 48.516339448803791 ], [ 14.205738505469196, 48.516331350222238 ], [ 14.205661593174195, 48.516322749345321 ], [ 14.205599799432594, 48.516423593872425 ], [ 14.2056190588817, 48.516457630902607 ], [ 14.205623944476148, 48.516466319530402 ], [ 14.205576619369685, 48.516502022727181 ], [ 14.205545985025388, 48.516515923591299 ], [ 14.205368091031232, 48.516596675971918 ], [ 14.205330725424549, 48.516644897672371 ], [ 14.205260965999353, 48.516659000346891 ], [ 14.205172316320116, 48.51667693178311 ], [ 14.204955836162808, 48.516757791387171 ], [ 14.204922746563019, 48.516842770324622 ], [ 14.204758063003561, 48.516968307943728 ], [ 14.204695503795957, 48.517104147914182 ], [ 14.204650999309207, 48.517130564917636 ], [ 14.204725153825571, 48.517184251602188 ], [ 14.20473255529236, 48.517189593387528 ], [ 14.204736000253526, 48.517265304988207 ], [ 14.204665043203731, 48.517320792881947 ], [ 14.204626288760201, 48.517326928431167 ], [ 14.204590369629024, 48.517332593090217 ], [ 14.204546753747509, 48.51733948443821 ], [ 14.204543948797109, 48.517341754073222 ], [ 14.204522053730038, 48.517360086991559 ], [ 14.204512172502692, 48.517368256061026 ], [ 14.204518332350929, 48.517388268840484 ], [ 14.20453812599033, 48.517453964185762 ], [ 14.204544722362721, 48.517475772695029 ], [ 14.204546438006382, 48.517481156864385 ], [ 14.204475807411393, 48.517644221496745 ], [ 14.204414428912436, 48.517818011039182 ], [ 14.204511883203235, 48.517808199972166 ], [ 14.204532785213553, 48.517843304307227 ], [ 14.204668168515646, 48.517762420398434 ], [ 14.204712082787808, 48.517821279678301 ], [ 14.204751108541732, 48.517935404209865 ], [ 14.204785229485493, 48.518023659907854 ], [ 14.204765859322148, 48.518039185616587 ], [ 14.204736466367738, 48.518062521665151 ], [ 14.20475165272169, 48.518143992413293 ], [ 14.204760148571856, 48.518190073035605 ], [ 14.204878674527299, 48.518225349055719 ], [ 14.204979659640069, 48.518392441397872 ], [ 14.204883611973059, 48.518589786460247 ], [ 14.204810619081492, 48.518596986849431 ], [ 14.204723570928422, 48.518605731145399 ], [ 14.204706267686317, 48.51862340021264 ], [ 14.204675779581301, 48.518630013848089 ], [ 14.204633017423019, 48.518639417430343 ], [ 14.20462870044036, 48.518640349096586 ], [ 14.204619148347046, 48.518676040170277 ], [ 14.204637048731609, 48.518685711222737 ], [ 14.204687470415202, 48.518712949823055 ], [ 14.20472125934392, 48.518709369854562 ], [ 14.204810864710337, 48.518699707007393 ], [ 14.204879392041951, 48.518748758160633 ], [ 14.204913764220933, 48.518787719759381 ], [ 14.204793880764706, 48.518856525112781 ], [ 14.204760590749277, 48.518921716578276 ], [ 14.204823428213475, 48.519154936153448 ], [ 14.204844567446806, 48.51922808714955 ], [ 14.204880251686124, 48.519456921672472 ], [ 14.204877583537041, 48.519459280241769 ], [ 14.204863450242749, 48.519472248334722 ], [ 14.20482945181241, 48.519503534244095 ], [ 14.204774118711597, 48.519554318244346 ], [ 14.204813578787086, 48.519629941192626 ], [ 14.204697806442736, 48.519637640280983 ], [ 14.20474515762073, 48.519675425787973 ], [ 14.20470751652535, 48.519739570250067 ], [ 14.204675987938185, 48.519780822055729 ], [ 14.20467333950865, 48.519784349811779 ], [ 14.204671086596539, 48.519787244975866 ], [ 14.204497649364685, 48.519860047068654 ], [ 14.204408543737539, 48.519875372727519 ], [ 14.204323577475517, 48.519975489518188 ], [ 14.204258823275604, 48.519965537827325 ], [ 14.204192427243907, 48.51997061983667 ], [ 14.204145232934987, 48.51997420954671 ], [ 14.204107070520854, 48.519999499656599 ], [ 14.204068864387677, 48.520054293394345 ], [ 14.204039513386826, 48.520096248391397 ], [ 14.204061390385291, 48.520108858232767 ], [ 14.204057899235078, 48.520110593267795 ], [ 14.203992391783887, 48.520144272366061 ], [ 14.20406148789302, 48.520186843399777 ], [ 14.203819100307163, 48.520354244743416 ], [ 14.203786710447584, 48.520376613388031 ], [ 14.203699713140601, 48.520436717454587 ], [ 14.203639349315422, 48.520478363522564 ], [ 14.203634288119702, 48.520483348399914 ], [ 14.203334635218463, 48.520779982072462 ], [ 14.2032581656515, 48.520854219402381 ], [ 14.203212337353701, 48.520898725396989 ], [ 14.203130934388314, 48.52096949132946 ], [ 14.203078890224734, 48.521014763104823 ], [ 14.202648378585749, 48.521356533305458 ], [ 14.20258758341904, 48.521404838234972 ], [ 14.2023598975791, 48.521585529475878 ], [ 14.202239647462065, 48.521665308552187 ], [ 14.202233611031934, 48.521668681529512 ], [ 14.202150442695306, 48.521715173615391 ], [ 14.202086790144433, 48.521738583621847 ], [ 14.20203901646766, 48.521756118870826 ], [ 14.201988854838532, 48.521768544747502 ], [ 14.201911091314798, 48.521733952426359 ], [ 14.201894855926545, 48.521726697221389 ], [ 14.201752260515272, 48.521701761220925 ], [ 14.201681271208239, 48.521667388276541 ], [ 14.201659146059567, 48.521656129077414 ], [ 14.201524889452815, 48.521587595537092 ], [ 14.201466992463226, 48.521582898368663 ], [ 14.201424038215318, 48.52159715941567 ], [ 14.201295849244374, 48.52163975756023 ], [ 14.20122190005859, 48.521654788328064 ], [ 14.20118344147304, 48.521662629531605 ], [ 14.201148221606429, 48.521669817039133 ], [ 14.201137560721417, 48.521671964999015 ], [ 14.201013914137024, 48.521646527653743 ], [ 14.200943665717782, 48.521664229249993 ], [ 14.200863437830277, 48.521684343528975 ], [ 14.200513941183727, 48.52177202813828 ], [ 14.200490255732749, 48.521772653562756 ], [ 14.200386850561943, 48.521775309411161 ], [ 14.200274117935901, 48.521730541257561 ], [ 14.20011558070124, 48.521707700357332 ], [ 14.199991860637635, 48.521742348416034 ], [ 14.199937279048049, 48.521757684541868 ], [ 14.199840056663875, 48.52171729845432 ], [ 14.199848874139581, 48.521661824515746 ], [ 14.199897346563361, 48.52164554427231 ], [ 14.199868884063511, 48.521611664559792 ], [ 14.199851337802727, 48.52159083648867 ], [ 14.199781356537136, 48.521559962940053 ], [ 14.19976092501977, 48.521560833949458 ], [ 14.199714787888691, 48.521562974837302 ], [ 14.199696659476883, 48.52156391871732 ], [ 14.199680286578936, 48.521564579738801 ], [ 14.199598148071912, 48.52147092181 ], [ 14.199264514386854, 48.521414656691022 ], [ 14.199216130826459, 48.521379755029628 ], [ 14.199242897976085, 48.52134492641288 ], [ 14.199207382929401, 48.521294188358674 ], [ 14.199017091619348, 48.521355863373778 ], [ 14.199004306335071, 48.52135245003101 ], [ 14.198956704907083, 48.521339939775082 ], [ 14.198846704658381, 48.521352987234202 ], [ 14.198683040713007, 48.521419951460771 ], [ 14.198628206031715, 48.521428272829063 ], [ 14.198511649936535, 48.521446045839504 ], [ 14.19849687537838, 48.52142897491472 ], [ 14.198022296425814, 48.521486365325671 ], [ 14.1979439739205, 48.521515188557203 ], [ 14.197862028258447, 48.521521731178645 ], [ 14.197802229188341, 48.521532787336874 ], [ 14.197789066408522, 48.52153108568384 ], [ 14.197704256008564, 48.521520199273262 ], [ 14.197644657942059, 48.521567503304752 ], [ 14.197500074876951, 48.521545005453937 ], [ 14.197465320997583, 48.521555786364608 ], [ 14.197384094673994, 48.521581032720881 ], [ 14.197303904041899, 48.521571101316333 ], [ 14.197124421727079, 48.521680096450204 ], [ 14.197008497365323, 48.521662873136215 ], [ 14.196910369771635, 48.521697688654882 ], [ 14.196825165246418, 48.521695619517025 ], [ 14.196746918517302, 48.521729028774274 ], [ 14.19669150669818, 48.521694807631228 ], [ 14.196640131421871, 48.521715695370247 ], [ 14.196546662370547, 48.521753804292281 ], [ 14.196364660772314, 48.521679950605929 ], [ 14.196313431279458, 48.521677180548217 ], [ 14.196240787852997, 48.521673219286889 ], [ 14.195609467187134, 48.522009788815602 ], [ 14.195512700663715, 48.522061323607325 ], [ 14.195535240987205, 48.522097496750668 ], [ 14.195723928672615, 48.522401211851225 ], [ 14.195768232339098, 48.522459441795448 ], [ 14.195824719621237, 48.522533682699134 ], [ 14.195972721584377, 48.522728139722133 ], [ 14.195987137538715, 48.522764282766154 ], [ 14.196219674497742, 48.523349663237404 ], [ 14.196221976134849, 48.523390123248781 ], [ 14.196230796101927, 48.52354504007566 ], [ 14.196058887122678, 48.523913120187729 ], [ 14.19605186749892, 48.523954908254666 ], [ 14.196040400789228, 48.524022274608825 ], [ 14.196037312206192, 48.52404001732274 ], [ 14.196031404319292, 48.524075410813978 ], [ 14.196052492603677, 48.52412184871438 ], [ 14.196116024037254, 48.524236604386189 ], [ 14.196120520607982, 48.524254471024705 ], [ 14.196096785694602, 48.524292694531695 ], [ 14.196093489552094, 48.524298025836089 ], [ 14.195970600572149, 48.524496280332244 ], [ 14.195807865311515, 48.524660108365445 ], [ 14.195772839455985, 48.524695266875781 ], [ 14.195729784567284, 48.524728055978564 ], [ 14.195576551805969, 48.524844770342114 ], [ 14.195000677115733, 48.524993023813394 ], [ 14.194964244901316, 48.524927809575502 ], [ 14.194953805812583, 48.524927076965376 ], [ 14.194942418945102, 48.524926351338699 ], [ 14.194894294429384, 48.524923197964206 ], [ 14.194750060819739, 48.524914006537614 ], [ 14.194563090942541, 48.524875626528939 ], [ 14.194485233792891, 48.524859739365219 ], [ 14.194373270505478, 48.524836817471332 ], [ 14.194222176376329, 48.524846565165845 ], [ 14.193911130562562, 48.524952026255839 ], [ 14.193853387632707, 48.524964864183083 ], [ 14.193703632292992, 48.524998077982517 ], [ 14.193672872718192, 48.525004960535227 ], [ 14.193492117592676, 48.525030666568846 ], [ 14.193410385150148, 48.525042241578014 ], [ 14.193004421858211, 48.525091460836386 ], [ 14.192901723135201, 48.525088168198884 ], [ 14.192780461487832, 48.525084202384022 ], [ 14.192020652440403, 48.525059742145174 ], [ 14.192004249380432, 48.525083069390362 ], [ 14.191946846038167, 48.525165164417047 ], [ 14.191913117430911, 48.525213354783411 ], [ 14.191951314212858, 48.525344129612648 ], [ 14.191960427946491, 48.525362861972482 ], [ 14.192013025617609, 48.525472033269843 ], [ 14.192051207979187, 48.525894781728148 ], [ 14.191994952096683, 48.526135357945201 ], [ 14.191992681057759, 48.526145358930002 ], [ 14.191845999439842, 48.526298449346896 ], [ 14.191790013561789, 48.526376306239797 ], [ 14.191774395445732, 48.526398008594342 ], [ 14.191764789790296, 48.526463651715339 ], [ 14.191739157890419, 48.526640409171584 ], [ 14.191686246549853, 48.526854245826023 ], [ 14.191678282859307, 48.52718135764087 ], [ 14.191927158143741, 48.527285579865627 ], [ 14.19196043156041, 48.527299457471429 ], [ 14.192214531184495, 48.527408318053162 ], [ 14.192257214362927, 48.527434269523695 ], [ 14.192427121602412, 48.527537271777149 ], [ 14.192708799409024, 48.527708173127181 ], [ 14.192825638665747, 48.527747071640611 ], [ 14.192875613828516, 48.527763614624774 ], [ 14.193145465069016, 48.527850409927957 ], [ 14.193730233890454, 48.528038328699459 ], [ 14.193826205362555, 48.528084485712583 ], [ 14.193931322690869, 48.528134982817079 ], [ 14.194156847971207, 48.528243329912669 ], [ 14.194312869120381, 48.528422708109801 ], [ 14.194324910652982, 48.528438270506989 ], [ 14.194408929855532, 48.528530928547561 ], [ 14.194519576835923, 48.528652983514469 ], [ 14.194524854423353, 48.528660860124369 ], [ 14.194603481304462, 48.528779283042653 ], [ 14.194723503727593, 48.528959915253722 ], [ 14.194821125264227, 48.529112828302772 ], [ 14.194901795153225, 48.529231865592905 ], [ 14.194975271213705, 48.529390443271559 ], [ 14.195073195361113, 48.529601910397382 ], [ 14.195034400313268, 48.529614339356286 ], [ 14.195002649536889, 48.529626896290146 ], [ 14.193808470062461, 48.530293034232812 ], [ 14.19377479241793, 48.530311901401717 ], [ 14.192877526964853, 48.53081240777388 ], [ 14.190172608809252, 48.532321086172594 ], [ 14.190160233618855, 48.532318028654551 ], [ 14.189747701076497, 48.532211763325549 ], [ 14.189656640741831, 48.532192461642197 ], [ 14.18953309808486, 48.532166291799946 ], [ 14.189448154024086, 48.532148294398411 ], [ 14.189399452921357, 48.532110782654918 ], [ 14.189236895705353, 48.531986044802174 ], [ 14.189108710810629, 48.531990221108956 ], [ 14.187685416768604, 48.532036967671765 ], [ 14.18700775276457, 48.532014752383773 ], [ 14.187003416393621, 48.532350111603286 ], [ 14.186999396776583, 48.532647330350585 ], [ 14.18703764235693, 48.532920584091706 ], [ 14.187055918529447, 48.533051055664323 ], [ 14.187060223809913, 48.53308205641131 ], [ 14.18706239505951, 48.533098681003011 ], [ 14.187072334612621, 48.533175514267782 ], [ 14.187145941797933, 48.533228586069505 ], [ 14.187252035044109, 48.533305077020692 ], [ 14.187262321017899, 48.533312827414861 ], [ 14.18728179324234, 48.53332734679951 ], [ 14.187492028499873, 48.533485109871037 ], [ 14.187641335108628, 48.533652042679577 ], [ 14.187780405149136, 48.533863214710507 ], [ 14.1877866760834, 48.534012842884096 ], [ 14.187790191168572, 48.534094220419369 ], [ 14.187799013396099, 48.534119881173147 ], [ 14.187810966874446, 48.534154693773388 ], [ 14.187862208383075, 48.534304622958473 ], [ 14.187869179306597, 48.534324810386686 ], [ 14.187870460684396, 48.534328578851699 ], [ 14.187871453338262, 48.534331270046948 ], [ 14.187822562890419, 48.534470417513845 ], [ 14.187685360221122, 48.534690983724047 ], [ 14.187660816098346, 48.534787317741532 ], [ 14.187608007929484, 48.53493530863139 ], [ 14.187607643497929, 48.534946015137315 ], [ 14.187604148004176, 48.535053888640711 ], [ 14.18762079726049, 48.535396739711487 ], [ 14.187724320205456, 48.535587573183165 ], [ 14.187725260880777, 48.53559530185926 ], [ 14.187751645937535, 48.535806307545073 ], [ 14.187648220405128, 48.535956647039306 ], [ 14.187648472175056, 48.536061794669592 ], [ 14.187429573006829, 48.536338455192471 ], [ 14.187413208667893, 48.536339923928018 ], [ 14.187388458272466, 48.536342083541932 ], [ 14.187359515591361, 48.536344633558436 ], [ 14.187354241379985, 48.536345121815323 ], [ 14.187347580135304, 48.536343641340459 ], [ 14.187253654548719, 48.536323459220846 ], [ 14.187062516436244, 48.536338167049813 ], [ 14.187042273826457, 48.536342632335874 ], [ 14.186902054740155, 48.536373248805717 ], [ 14.186784054491676, 48.536387872078116 ], [ 14.186553630230671, 48.536393960896582 ], [ 14.186479323857624, 48.536388926209973 ], [ 14.18642251742159, 48.536377377499697 ], [ 14.186407023679781, 48.536374162437681 ], [ 14.186318704465021, 48.536357176808743 ], [ 14.18630729139889, 48.536355011348121 ], [ 14.186267072589748, 48.536347299296565 ], [ 14.186181063163431, 48.536330746458994 ], [ 14.185904296588088, 48.536229054228649 ], [ 14.186074849609428, 48.536009686351647 ], [ 14.186119012695528, 48.535952876845485 ], [ 14.186258505482311, 48.535862001300764 ], [ 14.186312163517909, 48.53574053964725 ], [ 14.186506037168382, 48.535588372185977 ], [ 14.186482399344527, 48.535494009048044 ], [ 14.186339034743993, 48.535350687943279 ], [ 14.186321682704691, 48.535333364552699 ], [ 14.186301851391947, 48.535313540692293 ], [ 14.186284072202268, 48.535303146425584 ], [ 14.18616372541406, 48.535233054975251 ], [ 14.185976373403323, 48.535189806791678 ], [ 14.185789121297699, 48.535152584112915 ], [ 14.185694198848529, 48.535112889249625 ], [ 14.185663512967391, 48.535100070409975 ], [ 14.185491765880981, 48.534976563839571 ], [ 14.18542031384389, 48.53493921627561 ], [ 14.185400368185807, 48.534928837660495 ], [ 14.184704270561165, 48.534866985982134 ], [ 14.184640343688905, 48.534858816335827 ], [ 14.184482628624909, 48.534838556664347 ], [ 14.184059572475434, 48.534784517915604 ], [ 14.184064457211621, 48.534604406018651 ], [ 14.184127142596578, 48.534496281936093 ], [ 14.184268440129014, 48.53425212374556 ], [ 14.184330514552148, 48.534049558299444 ], [ 14.18430648432366, 48.533454995159509 ], [ 14.183980643127043, 48.533472477170811 ], [ 14.183957502683853, 48.533473634928619 ], [ 14.183909311544838, 48.53346687954825 ], [ 14.183456852092757, 48.533403068275945 ], [ 14.182963667227934, 48.533333434677026 ], [ 14.182718660299605, 48.533324960429482 ], [ 14.182033168556476, 48.533354673240424 ], [ 14.182017392595403, 48.533342464822574 ], [ 14.181832318098859, 48.533198271552635 ], [ 14.1817336766997, 48.533121451834688 ], [ 14.181717350330185, 48.533108707679645 ], [ 14.18161157728526, 48.533026452752608 ], [ 14.181327399257514, 48.532719451564347 ], [ 14.181286860497314, 48.532675580922628 ], [ 14.181214563716368, 48.532553505630794 ], [ 14.181209271500315, 48.532544639122243 ], [ 14.180932210477369, 48.532077027611045 ], [ 14.181157493599166, 48.531775776611354 ], [ 14.181208901678009, 48.531615835539206 ], [ 14.18129492108393, 48.531435854813495 ], [ 14.181411566449976, 48.531034648782168 ], [ 14.181519562206656, 48.530815830640051 ], [ 14.181524041014653, 48.53051168268744 ], [ 14.181511160615255, 48.530510786684559 ], [ 14.180376184398993, 48.53043113422607 ], [ 14.180273278146887, 48.530803456310679 ], [ 14.180268789739273, 48.530818780040221 ], [ 14.180219324488027, 48.530989950218817 ], [ 14.180013354935044, 48.531321102414289 ], [ 14.179791628143313, 48.531567007286924 ], [ 14.179161913042261, 48.531577590446311 ], [ 14.179124544467657, 48.531578220532218 ], [ 14.179060197387518, 48.531577156815381 ], [ 14.178886881824765, 48.53154629863733 ], [ 14.178530546995297, 48.531479164805603 ], [ 14.17835189358941, 48.531453111679738 ], [ 14.178194871614126, 48.531226317271781 ], [ 14.178022435833693, 48.530984432717077 ], [ 14.177821878537141, 48.530985251664319 ], [ 14.177737504315981, 48.530985141393259 ], [ 14.177616833460528, 48.530984933342339 ], [ 14.177449034384907, 48.530984795538664 ], [ 14.177361273362745, 48.530984619496422 ], [ 14.17722985470281, 48.531006256114374 ], [ 14.177060886641614, 48.531034010164738 ], [ 14.176948225476828, 48.531051553393816 ], [ 14.176906245942089, 48.531043491054042 ], [ 14.176755217593289, 48.531025421503216 ], [ 14.176580086489288, 48.531131834120494 ], [ 14.176548245171546, 48.531130894405834 ], [ 14.176320472270524, 48.531123811678192 ], [ 14.176015363774969, 48.531058369720917 ], [ 14.17598097463403, 48.531058977334055 ], [ 14.17595687544603, 48.531059420839902 ], [ 14.17576423552603, 48.531047496496015 ], [ 14.175747425165861, 48.531046448274694 ], [ 14.175672089769204, 48.531044202584866 ], [ 14.175450809873288, 48.531036621653065 ], [ 14.174795589484528, 48.530994295547984 ], [ 14.174790708736762, 48.530993970876963 ], [ 14.174742308969462, 48.530990811170312 ], [ 14.174581786529018, 48.530996733376824 ], [ 14.174409488957131, 48.531003099852271 ], [ 14.174178457790582, 48.531070243717856 ], [ 14.173938605538508, 48.531236033825479 ], [ 14.173688664004482, 48.531572347844673 ], [ 14.173656387996843, 48.531594617110983 ], [ 14.173641388555664, 48.531604978998764 ], [ 14.173505992928163, 48.53169859856969 ], [ 14.173500684724891, 48.531705292877824 ], [ 14.173359984613432, 48.531880713318394 ], [ 14.1732156684755, 48.531950560336128 ], [ 14.173212165583287, 48.532018226553085 ], [ 14.173054704060887, 48.532129184160468 ], [ 14.173016934714825, 48.532196736634248 ], [ 14.172990874767107, 48.532243157135667 ], [ 14.172923929910811, 48.53224894475558 ], [ 14.172719423400924, 48.532656528981533 ], [ 14.172477132295368, 48.53260654771519 ], [ 14.172262972542311, 48.532562480608739 ], [ 14.172253324258007, 48.532560481018955 ], [ 14.172219759126392, 48.532553525960083 ], [ 14.171492398227921, 48.532481656080357 ], [ 14.171448527414562, 48.532482240366093 ], [ 14.171410887256386, 48.532482869929041 ], [ 14.171196586425408, 48.532496728509777 ], [ 14.171063752862603, 48.532481669425486 ], [ 14.171029017388092, 48.532477690700027 ], [ 14.170916063565659, 48.532452504788758 ], [ 14.170736779524974, 48.532412592549889 ], [ 14.170576927960939, 48.532351672931846 ], [ 14.170261926608553, 48.532486151652904 ], [ 14.170194227853408, 48.532520636562694 ], [ 14.170008050704242, 48.532615155077664 ], [ 14.169863910767791, 48.532712970499965 ], [ 14.169792910812614, 48.532761060954215 ], [ 14.169666112004135, 48.53278409512577 ], [ 14.169601022747083, 48.532795804140761 ], [ 14.169548549402661, 48.532817137302402 ], [ 14.169475354276676, 48.532846803889235 ], [ 14.169419600485012, 48.532958198522884 ], [ 14.169371922785594, 48.533108303022175 ], [ 14.169338936267314, 48.533212249028033 ], [ 14.169324115220203, 48.533258768209883 ], [ 14.168849666546066, 48.53321574584794 ], [ 14.168605390512292, 48.533193654679899 ], [ 14.168595216595492, 48.533192647972896 ], [ 14.168586807497794, 48.53319189850378 ], [ 14.168435389902738, 48.533166715087766 ], [ 14.168126443833689, 48.533115311917101 ], [ 14.168113290621829, 48.533131056783603 ], [ 14.168100935360952, 48.53314589647124 ], [ 14.167994859942578, 48.533152410324767 ], [ 14.167965492392364, 48.533212345472037 ], [ 14.167932054182724, 48.53319648341904 ], [ 14.167883192847405, 48.533173265735336 ], [ 14.167882428353071, 48.533176239478472 ], [ 14.167871399198575, 48.53322282135435 ], [ 14.167866324385706, 48.533243995372921 ], [ 14.167861256844338, 48.533265619079565 ], [ 14.167858139010976, 48.533290556951115 ], [ 14.167853245983276, 48.5333313383545 ], [ 14.16779096773562, 48.533315951916407 ], [ 14.167764316979193, 48.533376407307891 ], [ 14.167787624756523, 48.533410691106617 ], [ 14.167792620635357, 48.533418121147847 ], [ 14.167784802661998, 48.533420425637679 ], [ 14.167710126348112, 48.533442366132441 ], [ 14.16774717478031, 48.533539065811091 ], [ 14.167618426623708, 48.533634339947533 ], [ 14.167615092957414, 48.533671062544286 ], [ 14.167646487103127, 48.533677764566015 ], [ 14.167662660332976, 48.533681247098585 ], [ 14.167679437077133, 48.533738784112984 ], [ 14.167642649578859, 48.53390940821474 ], [ 14.16761611564116, 48.533918502376387 ], [ 14.167595642187633, 48.533925484490524 ], [ 14.167597442048264, 48.534011641889329 ], [ 14.16759431544925, 48.534027674948639 ], [ 14.167557636048976, 48.53406265656546 ], [ 14.167544032519327, 48.534075706128583 ], [ 14.167532961264138, 48.534086219080486 ], [ 14.167502953954889, 48.534115036615333 ], [ 14.16749711627928, 48.534114178776491 ], [ 14.167454633313806, 48.534108545238631 ], [ 14.167454136715271, 48.534111337170351 ], [ 14.167448414919924, 48.534142769852068 ], [ 14.16744383094384, 48.534144061821294 ], [ 14.167373045765782, 48.534163815576861 ], [ 14.167323395778645, 48.534150497575538 ], [ 14.167290206005037, 48.534141649519277 ], [ 14.167312007272827, 48.534216780555759 ], [ 14.167218948094757, 48.534199184730795 ], [ 14.167218390020844, 48.534214929617761 ], [ 14.167214409337957, 48.534320557001898 ], [ 14.167156197113028, 48.534305411076311 ], [ 14.16708574459566, 48.53428711426276 ], [ 14.167127280113107, 48.534334670475261 ], [ 14.167152944081378, 48.534363900494746 ], [ 14.16713356996963, 48.534363498947414 ], [ 14.167028569716766, 48.534361279276958 ], [ 14.167047141580495, 48.534412597147508 ], [ 14.167006243316543, 48.534437984218798 ], [ 14.166930365052227, 48.534419186303801 ], [ 14.166869232782656, 48.534466395034443 ], [ 14.166807160094386, 48.534455414061668 ], [ 14.166749246114154, 48.534492255767226 ], [ 14.16658944527261, 48.534593866463482 ], [ 14.166586539173814, 48.534623570016144 ], [ 14.166484047092474, 48.534667655209255 ], [ 14.166447946741592, 48.534646324877471 ], [ 14.166430305751772, 48.534635836688395 ], [ 14.166425274437946, 48.534642978424678 ], [ 14.166378169255442, 48.534711764429119 ], [ 14.166383993575375, 48.53472017805182 ], [ 14.166406324026406, 48.534752670102932 ], [ 14.166316387466219, 48.534811057380303 ], [ 14.166288402931352, 48.534914876810369 ], [ 14.166241227889875, 48.534903879370965 ], [ 14.166240094765326, 48.534909194373505 ], [ 14.1662360778177, 48.534928831647399 ], [ 14.166254944592337, 48.534948126037833 ], [ 14.166265411092803, 48.534958845249434 ], [ 14.166181851293214, 48.534967625649436 ], [ 14.16618679190548, 48.534971638122713 ], [ 14.166209296244265, 48.534989737289692 ], [ 14.166163083241695, 48.535055098813679 ], [ 14.166268506365528, 48.535041485411057 ], [ 14.166290806314494, 48.535038538187415 ], [ 14.166334242530336, 48.535145087007109 ], [ 14.16626304527486, 48.535156207996991 ], [ 14.166218169367147, 48.53521211547482 ], [ 14.166204261325412, 48.535281834268773 ], [ 14.166211067417125, 48.535283944547025 ], [ 14.166247277751514, 48.535295289938311 ], [ 14.166258339055442, 48.535326063312702 ], [ 14.166268542798074, 48.535354054406312 ], [ 14.166225394917026, 48.535382785283069 ], [ 14.166092874215655, 48.535530074398011 ], [ 14.166022321385467, 48.535480475766342 ], [ 14.165987439092678, 48.535559788403333 ], [ 14.165881098582499, 48.535550201496982 ], [ 14.165823001574205, 48.535684907396636 ], [ 14.165764056950815, 48.535674803079949 ], [ 14.165706238602628, 48.53562538345853 ], [ 14.165496212277731, 48.535602862072622 ], [ 14.165475435094969, 48.535607867109405 ], [ 14.165432935639961, 48.535618063792406 ], [ 14.165400690793545, 48.535625848850735 ], [ 14.165351559758633, 48.535661547959528 ], [ 14.165329070828054, 48.535677988538637 ], [ 14.165223146520379, 48.535694213135322 ], [ 14.165211305928967, 48.535699064605147 ], [ 14.165143500951912, 48.535727430779076 ], [ 14.165035086057181, 48.535748799952223 ], [ 14.16503327365942, 48.535762394981894 ], [ 14.165032555371315, 48.535768246706859 ], [ 14.165029782836838, 48.53578949414019 ], [ 14.165028089909402, 48.535802098892447 ], [ 14.165114486556504, 48.535859950580821 ], [ 14.165079325592677, 48.535922084846121 ], [ 14.165083228682791, 48.536004539345676 ], [ 14.165303018008752, 48.536136818453073 ], [ 14.165307880323244, 48.536135974330122 ], [ 14.165328006714475, 48.536132593018813 ], [ 14.16533398185431, 48.536175545621148 ], [ 14.165338164134894, 48.536174526439169 ], [ 14.165346799549722, 48.536172486147734 ], [ 14.165368322150998, 48.53627244506859 ], [ 14.165368099486091, 48.536392976873337 ], [ 14.165450788243545, 48.536531537970966 ], [ 14.16556737128399, 48.536663741346054 ], [ 14.16571662043137, 48.536998814469641 ], [ 14.165764116937684, 48.537079969195382 ], [ 14.165785287218776, 48.53711606750587 ], [ 14.165998425898696, 48.53726386365922 ], [ 14.166020890513927, 48.537279444590602 ], [ 14.166290206608046, 48.537458681757528 ], [ 14.16663662980225, 48.53768207300778 ], [ 14.166707393152324, 48.537727712034219 ], [ 14.166716426069319, 48.537733494277781 ], [ 14.166746949851888, 48.537753245189279 ], [ 14.166929659124305, 48.53787004457007 ], [ 14.16707858440512, 48.537974851608617 ], [ 14.167343817378089, 48.538144041288803 ], [ 14.167613806649708, 48.538322461066691 ], [ 14.167764547745701, 48.538422127246569 ], [ 14.168004487155393, 48.538559744294126 ], [ 14.168273237405778, 48.538678086220138 ], [ 14.168552554088519, 48.538754616264228 ], [ 14.169353607065906, 48.538913677209777 ], [ 14.169410949835338, 48.538924960507302 ], [ 14.169911140452866, 48.539023564394043 ], [ 14.170201609708794, 48.539069248573028 ], [ 14.170323826017176, 48.539080067194561 ], [ 14.170364791495503, 48.539083731716133 ], [ 14.170418371377195, 48.53908847525873 ], [ 14.170519005148705, 48.539088114720613 ], [ 14.170567222103443, 48.53907121914834 ], [ 14.170727606570262, 48.539055229483111 ], [ 14.170920731774798, 48.538961829840417 ], [ 14.171444103408273, 48.538853021246872 ], [ 14.17169640644626, 48.53880057223045 ], [ 14.171737212437021, 48.538794433093713 ], [ 14.17183004053757, 48.538780545248358 ], [ 14.17191232815239, 48.538768172074427 ], [ 14.171979346815293, 48.538758067084828 ], [ 14.172068962404685, 48.538746540730763 ], [ 14.172111945486307, 48.538741015484526 ], [ 14.172464362917967, 48.538664730120772 ], [ 14.17261005871592, 48.53864515538536 ], [ 14.172754809297334, 48.5386257671477 ], [ 14.17279159154792, 48.538622085115115 ], [ 14.172897608793676, 48.538611339871977 ], [ 14.173033341532385, 48.538603799202299 ], [ 14.17317759920595, 48.538595747416664 ], [ 14.17325670563017, 48.538629269577477 ], [ 14.173294222139749, 48.53862909008231 ], [ 14.173523793423195, 48.538628160625748 ], [ 14.173742373989995, 48.538667606370062 ], [ 14.173896431346282, 48.538704007502901 ], [ 14.174132750313412, 48.538759695551676 ], [ 14.174166743636411, 48.5387677263681 ], [ 14.174189852415662, 48.538772777203143 ], [ 14.174217989844539, 48.538778871252774 ], [ 14.174305294311303, 48.538758544902578 ], [ 14.174322160461438, 48.538754555859747 ], [ 14.174394485980191, 48.53873766522706 ], [ 14.174493217101368, 48.538736955157027 ], [ 14.174614830635173, 48.538735720611371 ], [ 14.174730229465307, 48.538752070498091 ], [ 14.174796753374661, 48.538761486152339 ], [ 14.175095382948779, 48.538858819559529 ], [ 14.175172868000843, 48.538909082418151 ], [ 14.175183409464893, 48.538915932529427 ], [ 14.175239264112683, 48.538952139269426 ], [ 14.175346334409387, 48.539039067685323 ], [ 14.175708884992465, 48.539077473152297 ], [ 14.175684471559455, 48.539282820218887 ], [ 14.175624770716645, 48.539417542443601 ], [ 14.175614445869815, 48.539440553521096 ], [ 14.175600206296844, 48.539472677529659 ], [ 14.175588706878822, 48.539490120292356 ], [ 14.175556852668743, 48.53953847182369 ], [ 14.175516915988554, 48.539597855191786 ], [ 14.175413428456284, 48.539738739194817 ], [ 14.175239684028153, 48.539981859928446 ], [ 14.175116807087337, 48.540022051629599 ], [ 14.175019238269019, 48.539986235002004 ], [ 14.17500806292005, 48.540023553851093 ], [ 14.174908040198556, 48.540102978026617 ], [ 14.174771542085914, 48.54012194972578 ], [ 14.174710627474846, 48.5400994512555 ], [ 14.174631042124373, 48.540069981178355 ], [ 14.174433226142616, 48.540116467858404 ], [ 14.174384159256517, 48.540097841720034 ], [ 14.174355127800036, 48.54008680700499 ], [ 14.174324459377399, 48.540075064470777 ], [ 14.174317845398999, 48.540093101604413 ], [ 14.174293861558112, 48.540159025955013 ], [ 14.173997804025658, 48.540186609619404 ], [ 14.173989461035895, 48.540148441745771 ], [ 14.173979073871806, 48.540101203829494 ], [ 14.173858323381154, 48.540155590675532 ], [ 14.173737398161954, 48.540099522675341 ], [ 14.17372142890097, 48.540092081804396 ], [ 14.173712968776492, 48.540088274836926 ], [ 14.173709555001668, 48.540086590357198 ], [ 14.173692768729184, 48.540078885509388 ], [ 14.173577574718184, 48.540025384651685 ], [ 14.173533232718318, 48.540097211763715 ], [ 14.173526106654103, 48.540108776283205 ], [ 14.17347423043716, 48.54010060389944 ], [ 14.173426272003844, 48.540050217804193 ], [ 14.173421448199235, 48.540045125425692 ], [ 14.173419755563474, 48.540040999982267 ], [ 14.173387785175755, 48.539965943259794 ], [ 14.173317612205885, 48.539990373405878 ], [ 14.173271952483365, 48.540006262312282 ], [ 14.173242994648158, 48.540016364541685 ], [ 14.173193644634884, 48.540080132179796 ], [ 14.173031531801364, 48.540289615436286 ], [ 14.173027812761653, 48.540294139529998 ], [ 14.173024358739474, 48.540298301929496 ], [ 14.173009878634945, 48.540315765824197 ], [ 14.172987960427916, 48.540342277901786 ], [ 14.17289160322732, 48.540447399080406 ], [ 14.172501353755205, 48.540638460619938 ], [ 14.172238365608328, 48.540742348112957 ], [ 14.172119023154673, 48.540758585150499 ], [ 14.172084153031506, 48.54076333261748 ], [ 14.172071177215905, 48.540765044733469 ], [ 14.172053201857352, 48.540767512283509 ], [ 14.172034144447563, 48.540770077538085 ], [ 14.171973271477334, 48.540775101385073 ], [ 14.171925926313099, 48.540779038778837 ], [ 14.171815609655692, 48.540767237019878 ], [ 14.171682051109807, 48.540750564681531 ], [ 14.171667425162664, 48.540750759468175 ], [ 14.171476352921729, 48.540754107758218 ], [ 14.171195403671366, 48.540769792855272 ], [ 14.170836517287521, 48.540790712682693 ], [ 14.170581608237907, 48.540733352116796 ], [ 14.170443890334493, 48.540702406444304 ], [ 14.170314280018378, 48.540711969045226 ], [ 14.170119321239095, 48.54072622661608 ], [ 14.170076997701248, 48.540739122111752 ], [ 14.169972674216655, 48.540771080314165 ], [ 14.169650186042919, 48.540814672805368 ], [ 14.169450150157159, 48.540841648197862 ], [ 14.169451712895016, 48.54084613441475 ], [ 14.168855884362319, 48.540957160468807 ], [ 14.168817836675119, 48.541041713324354 ], [ 14.168690974792186, 48.541053773021034 ], [ 14.168603604479284, 48.541062042586539 ], [ 14.168580540921845, 48.541243811810567 ], [ 14.168771382705028, 48.541761267324297 ], [ 14.168835615241099, 48.541904994695599 ], [ 14.168881167219149, 48.542208332774337 ], [ 14.168883142180039, 48.542221540978687 ], [ 14.16900113975337, 48.542406260071445 ], [ 14.169143046719771, 48.542628586210022 ], [ 14.169169857440052, 48.542736601689093 ], [ 14.169226248012135, 48.542964665812981 ], [ 14.169319340998122, 48.543225658252631 ], [ 14.169390212220565, 48.543444444088536 ], [ 14.169441686315244, 48.543603103596169 ], [ 14.169440368015312, 48.543739023922491 ], [ 14.169439006126849, 48.543880611252725 ], [ 14.169426456517787, 48.544050701999907 ], [ 14.169045233087239, 48.544349803905114 ], [ 14.169146611513277, 48.544478334234242 ], [ 14.169454547337029, 48.544672039260888 ], [ 14.169766780201725, 48.544796453091038 ], [ 14.169790641439832, 48.544805996795517 ], [ 14.169798277679782, 48.544809090352281 ], [ 14.169810411478082, 48.544813860748896 ], [ 14.16991695273312, 48.544834596249736 ], [ 14.170031219088964, 48.544855546236519 ], [ 14.170192037696745, 48.544823453753033 ], [ 14.170343828004768, 48.544802669105586 ], [ 14.170362074290351, 48.544800109947239 ], [ 14.170422399011887, 48.544802736454407 ], [ 14.170479876377078, 48.544805203414455 ], [ 14.170949829035735, 48.54496509384483 ], [ 14.171058425644819, 48.545062269062136 ], [ 14.171148463593223, 48.545142756909158 ], [ 14.17125137877936, 48.545257062684328 ], [ 14.171289317556285, 48.545299246163708 ], [ 14.171446172205513, 48.54548998057507 ], [ 14.171457641244416, 48.545503840272019 ], [ 14.171478675215697, 48.54552275844221 ], [ 14.17151455724767, 48.545555062348249 ], [ 14.171524729775753, 48.545564164106636 ], [ 14.171558001734944, 48.545594238013088 ], [ 14.171569309146259, 48.545823163540305 ], [ 14.171707232409844, 48.546040837616424 ], [ 14.171709871813393, 48.546044866339322 ], [ 14.171822080205414, 48.546213972991865 ], [ 14.171827082292253, 48.546221672625322 ], [ 14.171849301782752, 48.546255153732858 ], [ 14.171989386060043, 48.546264043658127 ], [ 14.171915752839446, 48.546301180238068 ], [ 14.171872486335712, 48.546322987887514 ], [ 14.171456645776304, 48.546459450441191 ], [ 14.171327797319313, 48.546491765306719 ], [ 14.171221344944499, 48.54651843280044 ], [ 14.171205019294396, 48.546522507437032 ], [ 14.171170614388815, 48.54653111900187 ], [ 14.171114487558222, 48.546545193044587 ], [ 14.171090066783854, 48.546551304491111 ], [ 14.171079272819338, 48.546553990277715 ], [ 14.170984827408045, 48.546577603289286 ], [ 14.170865693095639, 48.546607509437813 ], [ 14.170641137116279, 48.54663583151833 ], [ 14.170334383661457, 48.546674545656337 ], [ 14.170293826122963, 48.546679693033632 ], [ 14.170295420068738, 48.546694433023134 ], [ 14.170304605133719, 48.546784584669766 ], [ 14.170340331520856, 48.547132785709891 ], [ 14.170342397706033, 48.547351883047277 ], [ 14.170343832314387, 48.547507032213645 ], [ 14.170386401341124, 48.547600722725136 ], [ 14.170416883201833, 48.547667515471502 ], [ 14.170567059535339, 48.548005722573492 ], [ 14.170599977548662, 48.548080683045306 ], [ 14.170661071676038, 48.548339024591478 ], [ 14.170548132108008, 48.548792448550216 ], [ 14.170536904455201, 48.548851894217186 ], [ 14.170495699669171, 48.549067613214262 ], [ 14.170485217199767, 48.549298133525866 ], [ 14.170746348714991, 48.549744382407084 ], [ 14.17077519430824, 48.549793736920513 ], [ 14.17110889625425, 48.550528646178726 ], [ 14.171113812872267, 48.550539404651119 ], [ 14.171110037396577, 48.550540511058742 ], [ 14.171062178302693, 48.550555065489334 ], [ 14.171055041046772, 48.550557725075251 ], [ 14.171044807096356, 48.550561576152681 ], [ 14.170758650574079, 48.550668683549681 ], [ 14.17035735620745, 48.550818889390293 ], [ 14.170298569196115, 48.55083631006304 ], [ 14.170279557614291, 48.550841932873688 ], [ 14.169734279928928, 48.551194828508308 ], [ 14.169704113635536, 48.551214382865382 ], [ 14.169141738192858, 48.551524313103158 ], [ 14.169135818451791, 48.551526873922882 ], [ 14.169125190884555, 48.551531537166198 ], [ 14.169058060621868, 48.551560889853697 ], [ 14.168864340021777, 48.55164574474064 ], [ 14.168714262904931, 48.551497594002349 ], [ 14.168756556869578, 48.551348519132858 ], [ 14.168745538366522, 48.551262158461917 ], [ 14.168735675481924, 48.551255482849044 ], [ 14.168657460028628, 48.551202702636978 ], [ 14.168619380744195, 48.551177069719891 ], [ 14.168582281763593, 48.551136678432151 ], [ 14.16853649696208, 48.551086994626367 ], [ 14.168530567026849, 48.551080560757782 ], [ 14.168448924598017, 48.550991825947037 ], [ 14.168334504001333, 48.550970515697884 ], [ 14.168319531390646, 48.550966215153075 ], [ 14.168295304869618, 48.550959372185943 ], [ 14.168174326715869, 48.55093469058842 ], [ 14.168140751635418, 48.550927824359043 ], [ 14.168047367803069, 48.55090879228019 ], [ 14.168047366963988, 48.550825051335572 ], [ 14.168020428918567, 48.550742761859453 ], [ 14.168038984749353, 48.550742449560992 ], [ 14.168076502806063, 48.550741822055251 ], [ 14.168097919530275, 48.550725748551173 ], [ 14.168101266847758, 48.550723296086929 ], [ 14.16811224249407, 48.550715032557342 ], [ 14.16810975170228, 48.550711812228322 ], [ 14.168094942423197, 48.550692489286327 ], [ 14.168100107624227, 48.550685166694123 ], [ 14.168123412190901, 48.550651809826519 ], [ 14.168197390735804, 48.550635451144586 ], [ 14.168213174678476, 48.550614560662616 ], [ 14.168218083487563, 48.550608139367931 ], [ 14.168191299601666, 48.550543748340004 ], [ 14.168007608213408, 48.550511508817678 ], [ 14.16794326922429, 48.550570973323858 ], [ 14.167886278713341, 48.550490157483601 ], [ 14.167822008906104, 48.550478563040024 ], [ 14.167813720822259, 48.550477093059797 ], [ 14.167718605994969, 48.550459872015921 ], [ 14.167691169250556, 48.550363464280117 ], [ 14.167617324915497, 48.550103413519523 ], [ 14.167573998942384, 48.550071611310344 ], [ 14.167559739036292, 48.550061099219178 ], [ 14.167563240715884, 48.550059814984017 ], [ 14.167637598914016, 48.550033469783322 ], [ 14.167635028533642, 48.550000207596909 ], [ 14.167685075746055, 48.549995263326529 ], [ 14.167660200471907, 48.549965038544734 ], [ 14.167654535880393, 48.549958242947987 ], [ 14.167620533156313, 48.549958395514537 ], [ 14.167631946110564, 48.549734345200832 ], [ 14.1676865022642, 48.549756892661108 ], [ 14.167802709723093, 48.549805085049293 ], [ 14.167822077896604, 48.549813132092154 ], [ 14.167867470227883, 48.549754972110762 ], [ 14.167926662328881, 48.549678904074447 ], [ 14.167865085670014, 48.549632750653188 ], [ 14.167933533948256, 48.549584500257325 ], [ 14.167920835599279, 48.549570019382351 ], [ 14.16789999214547, 48.549546152143314 ], [ 14.167907469271258, 48.549497527215905 ], [ 14.167880983208589, 48.549459848334493 ], [ 14.167923940727935, 48.549452166168123 ], [ 14.167930964366127, 48.549450856793015 ], [ 14.167888508288405, 48.549422556433768 ], [ 14.16779417902435, 48.549286329467918 ], [ 14.167789602547588, 48.549279795955776 ], [ 14.167784746416427, 48.549272724754054 ], [ 14.167731752909493, 48.549196017865533 ], [ 14.167792285462038, 48.549169321427868 ], [ 14.167829276738015, 48.549152956957585 ], [ 14.167867475131917, 48.549169324713155 ], [ 14.167879533196217, 48.549253069651691 ], [ 14.167935733570085, 48.549260044370214 ], [ 14.167985619158452, 48.549161465886023 ], [ 14.167940311249206, 48.549141101261966 ], [ 14.167951926194979, 48.549113764330357 ], [ 14.167978330826319, 48.549121311406147 ], [ 14.168013311730331, 48.549131405754558 ], [ 14.168052501224336, 48.549066723776484 ], [ 14.168026249671568, 48.549043524778128 ], [ 14.167987288052995, 48.549030220730998 ], [ 14.167909635797542, 48.549003610664663 ], [ 14.167838940934953, 48.549038564878693 ], [ 14.167844473467536, 48.548995350659602 ], [ 14.167789102271929, 48.548980994296983 ], [ 14.167767878718736, 48.548975479009975 ], [ 14.167759034481366, 48.548973113519807 ], [ 14.16769848696134, 48.548940264875426 ], [ 14.167684175194076, 48.548909784843254 ], [ 14.167735840041402, 48.548870918833117 ], [ 14.167787396484913, 48.548875588114569 ], [ 14.167791196652722, 48.548876010742539 ], [ 14.167824980140589, 48.548879097791676 ], [ 14.167909734922949, 48.548850699377581 ], [ 14.16792346477877, 48.548820109248716 ], [ 14.167942614086609, 48.548831395941178 ], [ 14.167955746376363, 48.548839217613711 ], [ 14.168047624964501, 48.548824080485268 ], [ 14.167924594321097, 48.548747603580033 ], [ 14.167891738494102, 48.548768346004529 ], [ 14.167803339714302, 48.548780849712522 ], [ 14.167793877881723, 48.548782176474376 ], [ 14.167795935448535, 48.548708404922905 ], [ 14.167784682085632, 48.548707855568878 ], [ 14.167695609231675, 48.548703813682167 ], [ 14.16767974586759, 48.548703027358222 ], [ 14.167671561517682, 48.54869957778584 ], [ 14.167620408991791, 48.548677995460928 ], [ 14.167627165978057, 48.548676957846887 ], [ 14.167660410521151, 48.548671863572629 ], [ 14.167704923549651, 48.548626392472272 ], [ 14.167708161718675, 48.548608829629345 ], [ 14.167717997118876, 48.548555240762482 ], [ 14.167725036648797, 48.548554920706529 ], [ 14.167782570565381, 48.548552261609679 ], [ 14.167838619765789, 48.548591798414215 ], [ 14.16786678090404, 48.548582332922699 ], [ 14.167885241344113, 48.548576174741292 ], [ 14.167947359221913, 48.54855540342848 ], [ 14.167862183747477, 48.548474069030199 ], [ 14.167837785250169, 48.5484565234527 ], [ 14.167779809205118, 48.548415111495729 ], [ 14.167753220131774, 48.548396142368489 ], [ 14.167690887346707, 48.548378507564948 ], [ 14.167713657800276, 48.548362424450318 ], [ 14.16766914478206, 48.548324154511775 ], [ 14.16760205345653, 48.548313839343571 ], [ 14.167630704194789, 48.548284402086644 ], [ 14.167735780949144, 48.548281224012712 ], [ 14.167756112176979, 48.548223242786619 ], [ 14.167776914383785, 48.548236226717968 ], [ 14.167795665799318, 48.548248055958929 ], [ 14.167801548742805, 48.548251611888276 ], [ 14.167776067335787, 48.548183883356153 ], [ 14.167766585558137, 48.548158855661775 ], [ 14.167741532447954, 48.548092473275943 ], [ 14.167648806953594, 48.548038446641584 ], [ 14.167695500971188, 48.548018954780289 ], [ 14.167700614908858, 48.548016849511605 ], [ 14.167760137784256, 48.548019932869614 ], [ 14.167773290321476, 48.548020648572013 ], [ 14.167781697458141, 48.548021128282997 ], [ 14.167821649070905, 48.548003573365087 ], [ 14.167834331380813, 48.547983604503926 ], [ 14.167824247811382, 48.547979988596154 ], [ 14.167783916458612, 48.547965704830354 ], [ 14.167772335581473, 48.54796164986228 ], [ 14.167758437367016, 48.547956711949418 ], [ 14.16773077785934, 48.547946925089498 ], [ 14.167727099460485, 48.547887046331738 ], [ 14.167654122514133, 48.547898090722555 ], [ 14.16762987727947, 48.547881623375304 ], [ 14.167596310078741, 48.547875116727681 ], [ 14.16756967305664, 48.547869909856878 ], [ 14.167597789819052, 48.547790735470905 ], [ 14.167585813354762, 48.547753852487524 ], [ 14.167583251440893, 48.547746225226113 ], [ 14.167585799077157, 48.547736222889476 ], [ 14.167593827980879, 48.547704953861526 ], [ 14.167634277973342, 48.547659601686306 ], [ 14.167725817696766, 48.547673880021783 ], [ 14.167753660650352, 48.547678268727317 ], [ 14.167762689820995, 48.5476669608856 ], [ 14.167767473136138, 48.547661170126233 ], [ 14.167774645196063, 48.547652304112674 ], [ 14.167788191119943, 48.547635477252776 ], [ 14.167799522099946, 48.547582237472042 ], [ 14.167854261274972, 48.547582746429399 ], [ 14.16789274124651, 48.547583101524538 ], [ 14.167925125735909, 48.547575134984626 ], [ 14.167931602923717, 48.547573559662979 ], [ 14.167948258617411, 48.547539620577268 ], [ 14.167932690213114, 48.547498445774345 ], [ 14.167965131866243, 48.547443796080152 ], [ 14.167896835359205, 48.547459394553648 ], [ 14.167807347792131, 48.54747982143374 ], [ 14.167776338392768, 48.547480672282738 ], [ 14.167764422567982, 48.547481027128761 ], [ 14.167757110816044, 48.54748125918276 ], [ 14.167670179617604, 48.54748385812384 ], [ 14.167644575767175, 48.547458765512097 ], [ 14.167617458637359, 48.547432244528487 ], [ 14.16761214593444, 48.54738856795327 ], [ 14.16760420308843, 48.547324671955835 ], [ 14.167741164411765, 48.547291134045238 ], [ 14.167761217861386, 48.547282985668232 ], [ 14.167779922564485, 48.547275206699297 ], [ 14.167765940599233, 48.547114390409931 ], [ 14.167806131963383, 48.547086579761441 ], [ 14.167834532728415, 48.547066858542415 ], [ 14.167803723679071, 48.547021474965391 ], [ 14.167755706354946, 48.54695075899992 ], [ 14.167746824737261, 48.546937690024784 ], [ 14.167693610202265, 48.546905778473821 ], [ 14.16767514476029, 48.546894846647348 ], [ 14.167612188658685, 48.546897184590144 ], [ 14.167568153804316, 48.54691350930878 ], [ 14.167468638687376, 48.546950467846877 ], [ 14.167484466667187, 48.546865354601067 ], [ 14.167501538571978, 48.5467733964689 ], [ 14.167329485244053, 48.546747908933071 ], [ 14.167263082036914, 48.546738128356253 ], [ 14.167232799992265, 48.546733666977175 ], [ 14.167150304091916, 48.546717255001674 ], [ 14.167073243880935, 48.546701883593585 ], [ 14.167000005526152, 48.546688283845633 ], [ 14.166934725108391, 48.546689288779348 ], [ 14.166804706083886, 48.546691294676755 ], [ 14.166723423664916, 48.54667451396481 ], [ 14.166630874732515, 48.546673104532815 ], [ 14.166623286367331, 48.546672978697543 ], [ 14.16660193222836, 48.546642548677518 ], [ 14.166619664571856, 48.546616517478391 ], [ 14.166707557635782, 48.546598081695571 ], [ 14.16670374651987, 48.546538293767995 ], [ 14.166551427626567, 48.546535151362598 ], [ 14.166524596058576, 48.546534622911452 ], [ 14.166551987253868, 48.546485946098947 ], [ 14.166426488299258, 48.546373596118798 ], [ 14.166488857896972, 48.546343379262836 ], [ 14.166511438296043, 48.546332334775819 ], [ 14.16653603741211, 48.546320466376955 ], [ 14.16655158819218, 48.546285186130845 ], [ 14.166496473421528, 48.546278113081627 ], [ 14.166527838234799, 48.546257381636906 ], [ 14.166556118110778, 48.546238561056434 ], [ 14.166369678773821, 48.546093904206259 ], [ 14.166322744401295, 48.546073280689917 ], [ 14.166306372360017, 48.546066111534302 ], [ 14.166281541221519, 48.546055224819959 ], [ 14.166206845608148, 48.546051978919955 ], [ 14.166205005546534, 48.546030314672976 ], [ 14.166203647380573, 48.546013324264834 ], [ 14.166202814687514, 48.546003705810648 ], [ 14.166185109219745, 48.545981075161187 ], [ 14.166166159999623, 48.545956924257013 ], [ 14.166151499886091, 48.545938319556655 ], [ 14.166065104686297, 48.545932008705606 ], [ 14.165914318971899, 48.545797171411557 ], [ 14.165831161911639, 48.545672556356493 ], [ 14.165822327040848, 48.545670730339246 ], [ 14.165789431507072, 48.545663768660084 ], [ 14.165742091256526, 48.54561796249417 ], [ 14.165707515363232, 48.545548859013472 ], [ 14.165672102175273, 48.545478232371146 ], [ 14.165590329050259, 48.545447692398916 ], [ 14.165578880007644, 48.545443366433389 ], [ 14.165571918743876, 48.545431722785885 ], [ 14.165500787289991, 48.545313498140722 ], [ 14.165433313311556, 48.545295988664869 ], [ 14.165378256904296, 48.545233686894882 ], [ 14.165318929992335, 48.545200558475393 ], [ 14.165286259805661, 48.545182351611224 ], [ 14.165280380287451, 48.545178975424484 ], [ 14.165248054701909, 48.545123347924118 ], [ 14.165196713775838, 48.545089802851905 ], [ 14.165185898573865, 48.545082773913975 ], [ 14.165120239376987, 48.545093764720832 ], [ 14.16511307935944, 48.545094984956094 ], [ 14.164957067612086, 48.545080983113721 ], [ 14.16491361059564, 48.545049090866726 ], [ 14.16494011295077, 48.54499565350087 ], [ 14.164944394503108, 48.544958744568902 ], [ 14.164854427467681, 48.544924034806712 ], [ 14.164812714372665, 48.544907870942936 ], [ 14.16463162025533, 48.544716040786184 ], [ 14.164615634931014, 48.544707609379842 ], [ 14.164584076445381, 48.54469110342162 ], [ 14.164554431667961, 48.544675663225505 ], [ 14.16453871871721, 48.544667319820547 ], [ 14.164466598742989, 48.544588408631071 ], [ 14.164434469437166, 48.544553287545611 ], [ 14.164366869536112, 48.544561503352085 ], [ 14.164128651567296, 48.544590719598297 ], [ 14.164035737077141, 48.54461683468454 ], [ 14.163872158468349, 48.544662790207617 ], [ 14.163422226126521, 48.544861440185372 ], [ 14.163255377037659, 48.544872608350779 ], [ 14.163136025956588, 48.544880650942531 ], [ 14.162990015787095, 48.544890411621054 ], [ 14.162688883764158, 48.544857197847087 ], [ 14.162671291184884, 48.544858312010732 ], [ 14.162628120263461, 48.544860956740351 ], [ 14.162506724347084, 48.544868203660272 ], [ 14.162489954582561, 48.544869941596225 ], [ 14.161766918326359, 48.544942255692369 ], [ 14.161744737730185, 48.544944481581965 ], [ 14.161694665247653, 48.544930714454182 ], [ 14.161047388322039, 48.544752073703776 ], [ 14.160476396899307, 48.544734795437137 ], [ 14.16017685900437, 48.544648764762954 ], [ 14.159933156655178, 48.544648688335847 ], [ 14.15968511848377, 48.544648552086329 ], [ 14.159410104308046, 48.544630346496291 ], [ 14.159316557759626, 48.544634065358281 ], [ 14.159251137756014, 48.544524701445198 ], [ 14.159218705237883, 48.544470422277868 ], [ 14.159104386007611, 48.544335858457501 ], [ 14.159073339471064, 48.544334278693952 ], [ 14.15905761159048, 48.544333400306101 ], [ 14.158945298304685, 48.544247933498674 ], [ 14.15881905665203, 48.54410472864231 ], [ 14.158754212115713, 48.54407352475431 ], [ 14.158461245538964, 48.54393212561888 ], [ 14.158456352157886, 48.543931080769674 ], [ 14.158438138867179, 48.543927251565201 ], [ 14.158302592917707, 48.544125282654399 ], [ 14.158193519929814, 48.544284629344766 ], [ 14.158184255759888, 48.544298276748229 ], [ 14.158013834105411, 48.544543416030841 ], [ 14.158005131774191, 48.544558318720952 ], [ 14.157869453150029, 48.544790620141171 ], [ 14.157746300329835, 48.545001515538047 ], [ 14.157702757123383, 48.545048685057985 ], [ 14.157483094124464, 48.545332308194382 ], [ 14.157419542051297, 48.545390502218233 ], [ 14.156751563670483, 48.546001811863725 ], [ 14.156638732306185, 48.546163881775087 ], [ 14.156624541284868, 48.546191415612682 ], [ 14.156609040224764, 48.546221747037549 ], [ 14.156589993893178, 48.546259119308047 ], [ 14.156582635347931, 48.546273382785216 ], [ 14.156413561898926, 48.546603869957444 ], [ 14.156315555763724, 48.546795247954421 ], [ 14.156284290600569, 48.546856452231225 ], [ 14.156272203331433, 48.546880013529567 ], [ 14.156196530445818, 48.547027789701787 ], [ 14.156292408510586, 48.547509412759489 ], [ 14.156399500985518, 48.547827792320597 ], [ 14.156462357883482, 48.548090715712348 ], [ 14.156470370674159, 48.548202283917192 ], [ 14.156475207280311, 48.548267641561175 ], [ 14.156477657891559, 48.548302343968899 ], [ 14.156479745701743, 48.548331292302848 ], [ 14.156488617026227, 48.54835236748626 ], [ 14.156498335571625, 48.54837559544157 ], [ 14.156603974585433, 48.548611233438727 ], [ 14.156689152311282, 48.548804110498665 ], [ 14.156714404047692, 48.548858350849919 ], [ 14.156719733939397, 48.548869736635247 ], [ 14.156871618260309, 48.549260927404838 ], [ 14.156917034675914, 48.549330766504411 ], [ 14.15704357242031, 48.549525960515993 ], [ 14.157068991327561, 48.549565178410745 ], [ 14.157354975090177, 48.549844339238582 ], [ 14.157512832510989, 48.549998476044962 ], [ 14.15760443815125, 48.550135449835643 ], [ 14.157578372677454, 48.550216855837817 ], [ 14.157575705088453, 48.550219483103362 ], [ 14.157544117643377, 48.550252086666525 ], [ 14.157374441474895, 48.550426610331861 ], [ 14.157397959907744, 48.550474026725659 ], [ 14.157619449676146, 48.550921932333132 ], [ 14.157727981101898, 48.55099888188839 ], [ 14.157823904696201, 48.55106683554007 ], [ 14.157871728964377, 48.551100678384827 ], [ 14.157959364219664, 48.551099341070611 ], [ 14.158211297181193, 48.551095406109141 ], [ 14.15832564276303, 48.551137684448747 ], [ 14.158485507842972, 48.551196731564659 ], [ 14.158747977142562, 48.551207742309352 ], [ 14.159359818079343, 48.551199555799748 ], [ 14.159381626766818, 48.551199311853267 ], [ 14.15938623119154, 48.551199189391987 ], [ 14.159525129143731, 48.551268637133354 ], [ 14.159643540227812, 48.551327795550598 ], [ 14.159722735338123, 48.551400003391187 ], [ 14.159776906575539, 48.55144936148892 ], [ 14.159866646896301, 48.55152014552236 ], [ 14.159992338522963, 48.551619278641333 ], [ 14.16032388974604, 48.551789723760528 ], [ 14.160346609845593, 48.551812499670532 ], [ 14.16063396568452, 48.552099288198441 ], [ 14.16040079454428, 48.552175143372374 ], [ 14.159624717881892, 48.552427442661923 ], [ 14.159541241071251, 48.552637699033482 ], [ 14.159480838278101, 48.552884400848406 ], [ 14.159485611361328, 48.552987806325213 ], [ 14.159660395750381, 48.553174201526716 ], [ 14.159845947951757, 48.553499758493665 ], [ 14.159859191269559, 48.553522961225319 ], [ 14.159901193937216, 48.553573754409634 ], [ 14.160005919927739, 48.553700109655267 ], [ 14.160232339040158, 48.553819488292675 ], [ 14.160476451379498, 48.554011328691004 ], [ 14.160537584321254, 48.554063695375675 ], [ 14.160597436067157, 48.554112203363509 ], [ 14.160663849866463, 48.554164352743776 ], [ 14.160695682588182, 48.554189222852678 ], [ 14.160715463688119, 48.55420608295104 ], [ 14.161024310505052, 48.554488670676676 ], [ 14.161044112041115, 48.554506789832892 ], [ 14.161058275357577, 48.554519731948254 ], [ 14.160070867978494, 48.554979057693103 ], [ 14.159779722675955, 48.555200495597134 ], [ 14.159426729544494, 48.555308226721451 ], [ 14.158941058124364, 48.555456442860944 ], [ 14.158940888340112, 48.555456839825915 ], [ 14.158829868450365, 48.55560343632304 ], [ 14.158700586245626, 48.555725668978631 ], [ 14.158671898048141, 48.555771114702516 ], [ 14.158578169282077, 48.555919621743826 ], [ 14.158495822478775, 48.555979297743832 ], [ 14.157983012701205, 48.556032429386079 ], [ 14.157446826438569, 48.556065053635336 ], [ 14.156917241501255, 48.556078380305564 ], [ 14.157025780378126, 48.556209460401782 ], [ 14.157036349632412, 48.556222221415503 ], [ 14.157326452501628, 48.556354964013565 ], [ 14.157447115911847, 48.556592599398684 ], [ 14.157464929507114, 48.556681341479297 ], [ 14.1574700767696, 48.556706670253021 ], [ 14.157472427053424, 48.556718076956109 ], [ 14.157480088845615, 48.556756610213213 ], [ 14.157437114320912, 48.556958663871697 ], [ 14.157512177525993, 48.557128044811591 ], [ 14.157694554179574, 48.557280389201196 ], [ 14.157754383336345, 48.557429099576005 ], [ 14.157827262327281, 48.557495686381365 ], [ 14.15794029244527, 48.557598868377191 ], [ 14.15796641984066, 48.557622789988294 ], [ 14.158092081212686, 48.557761681663848 ], [ 14.158134821483545, 48.557993982989252 ], [ 14.158160343629302, 48.558132501135724 ], [ 14.158165388988555, 48.558159899360405 ], [ 14.157734400166929, 48.558441862280816 ], [ 14.157646754736621, 48.558655204116803 ], [ 14.157635534325564, 48.558682267222345 ], [ 14.157619360987105, 48.558721597991344 ], [ 14.157612316498918, 48.558738647573939 ], [ 14.157309311040446, 48.55900846369542 ], [ 14.157263190721627, 48.559039280467594 ], [ 14.157177247403299, 48.559096462218385 ], [ 14.15700858172443, 48.559208913963126 ], [ 14.156931909959802, 48.559354537904774 ], [ 14.156928156980088, 48.559433447664752 ], [ 14.15692519766209, 48.559494182582547 ], [ 14.156447817438227, 48.56028340696195 ], [ 14.156311862901433, 48.560535404703842 ], [ 14.156341731610071, 48.560742701722276 ], [ 14.15631584301261, 48.560759254128484 ], [ 14.1557968596188, 48.561091029087251 ], [ 14.155381273376475, 48.561253515135959 ], [ 14.154784863095069, 48.561693315683229 ], [ 14.154276651148029, 48.561868770657213 ], [ 14.154289576425921, 48.561897552844002 ], [ 14.154414024030666, 48.562172905753378 ], [ 14.154515602139222, 48.562441673012202 ], [ 14.154597939689891, 48.562480851523496 ], [ 14.154628525866256, 48.562495388082155 ], [ 14.154644776033265, 48.56250318932014 ], [ 14.154688744063485, 48.562524108086997 ], [ 14.154708542951759, 48.562533503444186 ], [ 14.154782552444605, 48.56256878263644 ], [ 14.154823611922657, 48.562934397223401 ], [ 14.154588022000784, 48.563176748148656 ], [ 14.15451509077416, 48.563251735800037 ], [ 14.154193998131532, 48.563605320205205 ], [ 14.154022953367825, 48.563969724258115 ], [ 14.154045732977684, 48.564242912050666 ], [ 14.153830731267902, 48.564561841208167 ], [ 14.153981550274501, 48.564603688036975 ], [ 14.153998190331693, 48.564610407267693 ], [ 14.154082889797177, 48.564644532549387 ], [ 14.154349141286266, 48.564642035050035 ], [ 14.154513642188679, 48.564640970646252 ], [ 14.154683427663299, 48.564639868916636 ], [ 14.155019464118173, 48.564619970070623 ], [ 14.155142457608006, 48.564607952935745 ], [ 14.155351101834549, 48.564587688536719 ], [ 14.15537153536725, 48.564585836001854 ], [ 14.156062866967288, 48.564521612402082 ], [ 14.156196829870812, 48.564509157240181 ], [ 14.156295156366889, 48.564556407244893 ], [ 14.156361826633361, 48.564547663235629 ], [ 14.156395094007257, 48.56454329169329 ], [ 14.156398638592918, 48.564544615958781 ], [ 14.15656908008571, 48.564610067332367 ], [ 14.156171079803574, 48.564670342655958 ], [ 14.15605104192572, 48.564782630491031 ], [ 14.155951699294004, 48.564875524142863 ], [ 14.155242269397089, 48.565538828009721 ], [ 14.155022613355339, 48.565744189443024 ], [ 14.155005202724931, 48.565757174050312 ], [ 14.154955113058215, 48.56579449377724 ], [ 14.154926846895364, 48.56581511009977 ], [ 14.154804650368558, 48.56586031163738 ], [ 14.154376949019648, 48.565970979379877 ], [ 14.154488804524478, 48.566161330722409 ], [ 14.154550512994373, 48.566266314917009 ], [ 14.154562215054487, 48.566286290850996 ], [ 14.154595924669033, 48.566343619999635 ], [ 14.154586616274905, 48.566346293777066 ], [ 14.154202021007956, 48.566491917287181 ], [ 14.154272776336864, 48.566867127184857 ], [ 14.154286242022364, 48.566938270285206 ], [ 14.154313394716885, 48.567230585545886 ], [ 14.154280541898592, 48.567490851098796 ], [ 14.154279573847994, 48.567498143548796 ], [ 14.154278896870039, 48.567506693206305 ], [ 14.154273726274525, 48.567573469709473 ], [ 14.154264687629857, 48.567839864386762 ], [ 14.154267555377695, 48.567892283010664 ], [ 14.154270742854807, 48.567947757567055 ], [ 14.154286050978817, 48.567964380199513 ], [ 14.154311149413337, 48.567991547816298 ], [ 14.154348246475614, 48.568031763415789 ], [ 14.154379138153208, 48.568065276564234 ], [ 14.154459912056669, 48.568152920208512 ], [ 14.154691920262419, 48.568404697879863 ], [ 14.154824318025682, 48.56854849220673 ], [ 14.15499207380625, 48.568708318407765 ], [ 14.155017672013809, 48.568732783968329 ], [ 14.155077059646104, 48.568700435993065 ], [ 14.155098690784758, 48.568688591065573 ], [ 14.155115485042248, 48.568679388545739 ], [ 14.155148502089563, 48.568667643542632 ], [ 14.155292299476759, 48.568616803301687 ], [ 14.155354204913587, 48.568589384546605 ], [ 14.155457711609829, 48.568646582865135 ], [ 14.155496407389307, 48.568667988075497 ], [ 14.155517327315009, 48.568679534121237 ], [ 14.155594172649867, 48.56872207848879 ], [ 14.155981663639565, 48.568892951565111 ], [ 14.156230484614021, 48.569002735591603 ], [ 14.156532572124322, 48.569138138890267 ], [ 14.156699058409759, 48.569235009133287 ], [ 14.156750504052381, 48.569273953705753 ], [ 14.156768202336938, 48.569287411070434 ], [ 14.156802223674964, 48.569313076220126 ], [ 14.156847052260492, 48.569353506454597 ], [ 14.157029933808145, 48.569517900499172 ], [ 14.157099502007656, 48.56954592379283 ], [ 14.157188984843808, 48.569581902015805 ], [ 14.15749163082163, 48.569743383349447 ], [ 14.157594017809373, 48.569798069167582 ], [ 14.157400410865403, 48.569971769867138 ], [ 14.157226383196267, 48.570115560146341 ], [ 14.157144252821467, 48.570183508139841 ], [ 14.156933702552404, 48.570314872630668 ], [ 14.156819100542336, 48.570386376923906 ], [ 14.156759363963316, 48.570430870955377 ], [ 14.156627400387318, 48.570535507504232 ], [ 14.156491267570889, 48.570727061333436 ], [ 14.156487967238929, 48.570732571271321 ], [ 14.156473834513603, 48.570755696928408 ], [ 14.156349429297377, 48.570960300228315 ], [ 14.156286036087472, 48.571064454089232 ], [ 14.156229772550452, 48.571156774814732 ], [ 14.156206827770484, 48.57120523729553 ], [ 14.156162116118397, 48.571299545515807 ], [ 14.156158576263149, 48.571307035944002 ], [ 14.156185141845862, 48.57131557394203 ], [ 14.156575302468985, 48.571440103892321 ], [ 14.156681538105238, 48.571472546680759 ], [ 14.156723916130151, 48.571486729866805 ], [ 14.156823751445833, 48.571534238582686 ], [ 14.156877941368517, 48.571549687788881 ], [ 14.156965326330141, 48.571598363354575 ], [ 14.15703362197328, 48.571614432782653 ], [ 14.157215995895621, 48.571653265022249 ], [ 14.157889424975844, 48.571667230902818 ], [ 14.157876541629086, 48.571675236946845 ], [ 14.157432846878875, 48.57187327577963 ], [ 14.157453731902327, 48.57189948295639 ], [ 14.157343873199302, 48.572106773098426 ], [ 14.157286840837505, 48.572456166002077 ], [ 14.157292848732412, 48.572484366814244 ], [ 14.157326758109015, 48.572553746434608 ], [ 14.158124712950265, 48.572243027777191 ], [ 14.158431024927403, 48.572209027590141 ], [ 14.158577685798452, 48.572192702620029 ], [ 14.15866855741363, 48.572196559102174 ], [ 14.158678459146968, 48.57219702894799 ], [ 14.158687139743957, 48.572197417458895 ], [ 14.158867798846275, 48.57220513783065 ], [ 14.158961383823208, 48.5722091548379 ], [ 14.159123055538233, 48.572216109306893 ], [ 14.159154633000982, 48.572292070953928 ], [ 14.159173669194885, 48.572338168992125 ], [ 14.159450561437605, 48.573005504627474 ], [ 14.1594249454437, 48.573242333930061 ], [ 14.159615793313781, 48.573572528326231 ], [ 14.159611874612029, 48.573573275563007 ], [ 14.159300879541805, 48.573636904111495 ], [ 14.158717118508573, 48.573756243674197 ], [ 14.158016281883274, 48.573920119179213 ], [ 14.158298722580037, 48.574299410331662 ], [ 14.15886542363447, 48.574130003320867 ], [ 14.159416434048307, 48.574148871667411 ], [ 14.159734050086216, 48.574159851418216 ], [ 14.15989990916386, 48.574165516037269 ], [ 14.159941068970467, 48.574162706839275 ], [ 14.160027178996579, 48.574156791786805 ], [ 14.160063340605232, 48.57434092599005 ], [ 14.160116796093535, 48.574470880355214 ], [ 14.160201204242171, 48.574831957503072 ], [ 14.160116225988737, 48.574933837210232 ], [ 14.160079787891485, 48.574977538602148 ], [ 14.159889627348003, 48.575155535956775 ], [ 14.159771577261994, 48.57526601394089 ], [ 14.159765784090972, 48.575268213555582 ], [ 14.159752174894589, 48.575273256690828 ], [ 14.159504130638821, 48.575366483127297 ], [ 14.159171743556287, 48.575491515500779 ], [ 14.15888583456854, 48.575514220202237 ], [ 14.158029098040879, 48.575779844715839 ], [ 14.157992006840052, 48.575791349330871 ], [ 14.157921736090369, 48.575813161666481 ], [ 14.157772407877454, 48.575900651840023 ], [ 14.157670080838846, 48.575960647068243 ], [ 14.157504898283376, 48.576099337913838 ], [ 14.157425718881976, 48.576165915864962 ], [ 14.157396695227307, 48.576190315711315 ], [ 14.157285129274245, 48.576350755420563 ], [ 14.15722907856594, 48.57643120197843 ], [ 14.157214765944479, 48.576451630535551 ], [ 14.157199792899405, 48.576473143091917 ], [ 14.157055803649813, 48.576648921714614 ], [ 14.156899051387835, 48.576772531313146 ], [ 14.156869224560252, 48.576814566087513 ], [ 14.156839665877939, 48.576856419074311 ], [ 14.156709628177532, 48.577040194195718 ], [ 14.156492221902466, 48.57711754792534 ], [ 14.156434724387749, 48.577149973073382 ], [ 14.156327392973115, 48.577278810936285 ], [ 14.156742544665128, 48.577352704846028 ], [ 14.156977273631592, 48.577400793365427 ], [ 14.156998112349537, 48.577500306868977 ], [ 14.15736950266567, 48.577516041634176 ], [ 14.157740985582407, 48.577529076190999 ], [ 14.15795533420126, 48.577523248768017 ], [ 14.158152606699831, 48.577517631239637 ], [ 14.158621192900354, 48.577432117399127 ], [ 14.158686067045961, 48.577420236792037 ], [ 14.158867870512486, 48.577430557637022 ], [ 14.159181552263737, 48.577347033497986 ], [ 14.159784301896764, 48.577242848858155 ], [ 14.159855674005097, 48.577230471984329 ], [ 14.160390388010697, 48.577287588156175 ], [ 14.160708070265725, 48.577385902519637 ], [ 14.161390691917962, 48.577596046030585 ], [ 14.161641740493112, 48.577663977791289 ], [ 14.161795246598285, 48.577726842950575 ], [ 14.161930332743218, 48.577782192902113 ], [ 14.162159631514649, 48.577922054465077 ], [ 14.16244569553521, 48.578085169279291 ], [ 14.162559246396333, 48.578149935498089 ], [ 14.1629278086032, 48.578191667113096 ], [ 14.163244562360976, 48.578206421346358 ], [ 14.163367713623229, 48.578219129908092 ], [ 14.163562827368013, 48.578239243156546 ], [ 14.163842211640961, 48.578248234461675 ], [ 14.164008650383916, 48.578246963387798 ], [ 14.164078494298208, 48.578249076107042 ], [ 14.164266324103119, 48.578254578680962 ], [ 14.164305844757573, 48.578284430025242 ], [ 14.164462282520583, 48.5784026776494 ], [ 14.164467126434722, 48.57840884952892 ], [ 14.16449274346939, 48.578442307434557 ], [ 14.164543281088887, 48.578508058875585 ], [ 14.164563077952435, 48.578533642847177 ], [ 14.164578725993781, 48.578554129356611 ], [ 14.165005622308069, 48.578640413168287 ], [ 14.16504247571144, 48.578706531465663 ], [ 14.164541384950981, 48.579340162903819 ], [ 14.164214193847629, 48.57963696916778 ], [ 14.164176461316496, 48.579667638754756 ], [ 14.164157039189778, 48.579707352847691 ], [ 14.1640023257628, 48.580024251215967 ], [ 14.163984410280507, 48.58006494398424 ], [ 14.163966758606625, 48.580105185146856 ], [ 14.163940602505352, 48.580164465251691 ], [ 14.163853106964527, 48.580270053034639 ], [ 14.163689350486248, 48.58060644335923 ], [ 14.163474443693623, 48.580864493493138 ], [ 14.163405143054932, 48.581039390083085 ], [ 14.163498830993866, 48.581250728129142 ], [ 14.16375396617611, 48.581402725808076 ], [ 14.163898234739259, 48.581505589699958 ], [ 14.164137327517269, 48.58177229142597 ], [ 14.164410827112157, 48.581944754923221 ], [ 14.164802079546172, 48.582063493219174 ], [ 14.164836422438757, 48.582066307421904 ], [ 14.16472105278755, 48.582427270158156 ], [ 14.164679326853474, 48.582571839663473 ], [ 14.164738964626656, 48.582705615286272 ], [ 14.164754996242484, 48.58274138980736 ], [ 14.164752637018676, 48.582754808495146 ], [ 14.164740152377066, 48.582829642164434 ], [ 14.164692669721154, 48.582903105378257 ], [ 14.164677534570336, 48.582906091139321 ], [ 14.164647399813298, 48.58291206169293 ], [ 14.164608770383451, 48.582920880886 ], [ 14.164550557290182, 48.582934246480043 ], [ 14.164340287768127, 48.583076684554065 ], [ 14.164329157474299, 48.583084229074359 ], [ 14.164314552757373, 48.583178955757418 ], [ 14.164153571567224, 48.583368355049515 ], [ 14.163985212194175, 48.583663582704176 ], [ 14.163969757168097, 48.58400836461503 ], [ 14.164028580795545, 48.584200970810961 ], [ 14.164034193575473, 48.584204348918817 ], [ 14.16424612422176, 48.584332726435733 ], [ 14.164326752629796, 48.584347354913476 ], [ 14.164579854067757, 48.58437218181043 ], [ 14.164867356814856, 48.584445334506533 ], [ 14.165112755698967, 48.584538843591673 ], [ 14.165338584661336, 48.584704897600446 ], [ 14.16547496806489, 48.584738467331036 ], [ 14.165675286437605, 48.584860988396699 ], [ 14.16581568790351, 48.584916655818219 ], [ 14.165900051993468, 48.584961028696526 ], [ 14.165914831465209, 48.584969558370851 ], [ 14.165934127292532, 48.585022669014137 ], [ 14.165946370332319, 48.585218213936855 ], [ 14.166073357682585, 48.585299431103984 ], [ 14.166182700572666, 48.585429704152027 ], [ 14.166221079462465, 48.585522704818672 ], [ 14.166236116172563, 48.585622617484823 ], [ 14.166238940417097, 48.58570507762235 ], [ 14.166138400837655, 48.585834325372204 ], [ 14.165943930132936, 48.585948140875324 ], [ 14.165784723429351, 48.586046144670377 ], [ 14.165788291865528, 48.586099187259492 ], [ 14.165790437289793, 48.586131282618332 ], [ 14.16592771746499, 48.586211707159045 ], [ 14.165867828829761, 48.58628939645169 ], [ 14.165755753621696, 48.586434826137896 ], [ 14.165587244566286, 48.586653692820107 ], [ 14.165550467218059, 48.586651435803027 ], [ 14.16525176781969, 48.586632961365289 ], [ 14.165191516657305, 48.586679891442706 ], [ 14.165059898987643, 48.586782285365693 ], [ 14.165021951720139, 48.586858738947285 ], [ 14.165051499382923, 48.587127016792095 ], [ 14.165027593591187, 48.587199862717156 ], [ 14.165022422290649, 48.587215460053343 ], [ 14.164980142264234, 48.587317488945324 ], [ 14.164942828726016, 48.587542438209525 ], [ 14.16478456391644, 48.587581609390057 ], [ 14.164742171550907, 48.587592703948282 ], [ 14.164470699040859, 48.587648688981076 ], [ 14.164465579620343, 48.587801992650874 ], [ 14.164382157145441, 48.587900265825937 ], [ 14.164339077372826, 48.587936010208722 ], [ 14.164289978422609, 48.587976834253681 ], [ 14.164263726465931, 48.588131277287459 ], [ 14.164289747368686, 48.588349210636437 ], [ 14.164382382482559, 48.58859509388828 ], [ 14.164238807602935, 48.588704677325161 ], [ 14.164126033172778, 48.588866210421557 ], [ 14.164085063744336, 48.589016080614535 ], [ 14.164017017705925, 48.589092747348211 ], [ 14.163763375352938, 48.589170370938518 ], [ 14.163431337788374, 48.589178932032731 ], [ 14.162772061602737, 48.589098336552368 ], [ 14.162496732966208, 48.589058552232714 ], [ 14.162063767773811, 48.588996227618907 ], [ 14.161788300693816, 48.588964627662257 ], [ 14.161783896434249, 48.588968976214915 ], [ 14.161327913239669, 48.589423098992761 ], [ 14.161260281707955, 48.589483660901472 ], [ 14.161230355424451, 48.589511305914996 ], [ 14.161177849144938, 48.589559708111814 ], [ 14.161136433033432, 48.589597957970192 ], [ 14.16089845649137, 48.58979032488719 ], [ 14.160837968260823, 48.589890501989757 ], [ 14.160742302808027, 48.589936240837126 ], [ 14.160759300855446, 48.589939358736537 ], [ 14.160766099497247, 48.589940569921517 ], [ 14.160771402553625, 48.589941521840373 ], [ 14.160797511133138, 48.58994628430554 ], [ 14.160816878850692, 48.589953432993497 ], [ 14.160858039873542, 48.589958358885866 ], [ 14.161638600871395, 48.590051419029884 ], [ 14.161607241805754, 48.590065852284113 ], [ 14.16181945678588, 48.590084318564124 ], [ 14.161933993060849, 48.590132888020129 ], [ 14.162034484713827, 48.590201794512801 ], [ 14.162201384904117, 48.590344795553406 ], [ 14.162323619573696, 48.590425150817538 ], [ 14.162451063217363, 48.59049215713469 ], [ 14.16254462913316, 48.590535028052528 ], [ 14.162692140506675, 48.590576797184198 ], [ 14.163043155641455, 48.590676847824263 ], [ 14.163072903765654, 48.590705509482696 ], [ 14.163101962482994, 48.59073345645605 ], [ 14.164295383570485, 48.590884375165402 ], [ 14.164362764517064, 48.590892441705904 ], [ 14.164457724405423, 48.590903910240463 ], [ 14.164537341607426, 48.590914048503436 ], [ 14.164635164526594, 48.590926485967465 ], [ 14.16483359304913, 48.590955748215414 ], [ 14.165096382134854, 48.590999124051862 ], [ 14.165357102738461, 48.591048720238966 ], [ 14.165486083308286, 48.591076226287065 ], [ 14.165617950698032, 48.591097775269844 ], [ 14.165751056796514, 48.591128849517396 ], [ 14.165933839967037, 48.591171533079688 ], [ 14.166074976081804, 48.591196073778512 ], [ 14.166214464021561, 48.591210911922055 ], [ 14.166283547058397, 48.591215187542467 ], [ 14.166299669908691, 48.5912144432126 ], [ 14.166367003947515, 48.591211175807771 ], [ 14.166417206179323, 48.591213337057077 ], [ 14.166488710619447, 48.591216426034883 ], [ 14.166546147917778, 48.591213228956981 ], [ 14.166556308519739, 48.591212706915996 ], [ 14.166586341427607, 48.591208535563752 ], [ 14.166622870132199, 48.591203598405158 ], [ 14.1666266559556, 48.591202941840479 ], [ 14.166689130028717, 48.591192603148876 ], [ 14.166754206395435, 48.591175499987273 ], [ 14.166834224943264, 48.591151724389 ], [ 14.167351192550727, 48.591007727732702 ], [ 14.16749281675475, 48.59097865573149 ], [ 14.167535520315925, 48.590969896578009 ], [ 14.167786779151861, 48.590920704682134 ], [ 14.167798944113517, 48.590918369336194 ], [ 14.167895760731561, 48.590910483570347 ], [ 14.168207062073932, 48.590885058076765 ], [ 14.168348148953825, 48.590889808379885 ], [ 14.168458440882228, 48.590893518952413 ], [ 14.168479490824332, 48.590920712230293 ], [ 14.168596307835179, 48.590958915204716 ], [ 14.16879395471002, 48.591023434979171 ], [ 14.169064035797074, 48.591148330483449 ], [ 14.169265270268458, 48.591224966499823 ], [ 14.169426120661297, 48.591286150120929 ], [ 14.169846382136535, 48.591357622916014 ], [ 14.170180004999855, 48.591546013081576 ], [ 14.17029747192483, 48.591624055580873 ], [ 14.170348049081859, 48.591657603450592 ], [ 14.170360112448376, 48.591665702245017 ], [ 14.170411374857528, 48.591699694915597 ], [ 14.170620783264143, 48.591820163573594 ], [ 14.170748948200881, 48.591855584886943 ], [ 14.170777279009725, 48.591863477333845 ], [ 14.170791988172505, 48.59186750961068 ], [ 14.170874662758942, 48.591890393971887 ], [ 14.170980853033747, 48.591916887738876 ], [ 14.171254906171338, 48.591985264012415 ], [ 14.171579220671902, 48.591992656523345 ], [ 14.171606870372575, 48.591992008824057 ], [ 14.171699271572141, 48.591987659418571 ], [ 14.171715254621674, 48.59198664550933 ], [ 14.171727715684215, 48.591985836710428 ], [ 14.171828573102719, 48.591976209806674 ], [ 14.171926179646361, 48.591966785992369 ], [ 14.171956233054084, 48.591963872355251 ], [ 14.171965301841198, 48.591962907939134 ], [ 14.172217226357427, 48.591937897144525 ], [ 14.17255335128772, 48.591904546955384 ], [ 14.172563124289908, 48.591905196464232 ], [ 14.17256706177753, 48.591905528021201 ], [ 14.172695078891492, 48.59191513390919 ], [ 14.172714023999868, 48.5919128393897 ], [ 14.172766529759297, 48.591906526529115 ], [ 14.17280941712524, 48.591900732340555 ], [ 14.172826733877656, 48.591898359533154 ], [ 14.172977314808158, 48.591878121291678 ], [ 14.17300004421619, 48.591875080021026 ], [ 14.173007349049799, 48.591874038229506 ], [ 14.173026559412506, 48.59187138197467 ], [ 14.173335837634053, 48.591829767200245 ], [ 14.173493860018491, 48.591808575443793 ], [ 14.173995720198201, 48.591811359026792 ], [ 14.174170335401403, 48.59180992517458 ], [ 14.174241782416667, 48.591809412018321 ], [ 14.174451782178988, 48.591807723586612 ], [ 14.174632635186873, 48.591806334175359 ], [ 14.174699606812716, 48.591805762954181 ], [ 14.174723858809314, 48.591821239189883 ], [ 14.174728279529214, 48.591851159288275 ], [ 14.174739547196211, 48.591926722517442 ], [ 14.174748373989365, 48.591985663359296 ], [ 14.174543525038107, 48.592427418803702 ], [ 14.174523850166366, 48.592509590483999 ], [ 14.174449930955239, 48.592732466875574 ], [ 14.174444633716762, 48.592748515232749 ], [ 14.174446230765589, 48.592754979835703 ], [ 14.174496641521898, 48.592952497769055 ], [ 14.174508517474044, 48.593032104154489 ], [ 14.174445632561325, 48.593125289752209 ], [ 14.174426864649174, 48.593287956077006 ], [ 14.174463321155072, 48.593394819235151 ], [ 14.174583419746407, 48.593458986929811 ], [ 14.174599150665117, 48.593467418717417 ], [ 14.17463510713597, 48.593485509225623 ], [ 14.174730120772898, 48.593533037217611 ], [ 14.174912032166166, 48.593645870566931 ], [ 14.175070827096418, 48.59372145251406 ], [ 14.175162932704984, 48.593765223352605 ], [ 14.175182940591435, 48.593769846599663 ], [ 14.175340828679602, 48.593806488313788 ], [ 14.175441396916252, 48.593803876155484 ], [ 14.175639798956988, 48.593656287560442 ], [ 14.175758589234125, 48.59359885717668 ], [ 14.175889062364616, 48.593592521577214 ], [ 14.175915482373435, 48.593591252098179 ], [ 14.175993788205121, 48.593612005611227 ], [ 14.176046221268077, 48.593617744514155 ], [ 14.17613831810092, 48.59362778509788 ], [ 14.176260707690767, 48.593641205336745 ], [ 14.176530548999214, 48.593633505761154 ], [ 14.176658897130634, 48.593356538594357 ], [ 14.176722481699453, 48.593331165668005 ], [ 14.176970086164719, 48.593232510442867 ], [ 14.176990798483219, 48.593230472337822 ], [ 14.17709693748216, 48.593220353128082 ], [ 14.177153054296205, 48.593244054090469 ], [ 14.178092012068953, 48.59363960930574 ], [ 14.178125690330718, 48.59367579423634 ], [ 14.178160883594892, 48.593713407353142 ], [ 14.17816847606967, 48.593721627553847 ], [ 14.178190008232935, 48.593744768065164 ], [ 14.17831256391627, 48.593867468758503 ], [ 14.178344132096948, 48.593898991686757 ], [ 14.178373955219209, 48.593915056574872 ], [ 14.178413217372096, 48.593936180219032 ], [ 14.178424952517728, 48.593948957721693 ], [ 14.178487353877843, 48.594016775925162 ], [ 14.178451139468448, 48.594090522808031 ], [ 14.178465756733608, 48.594237658068955 ], [ 14.178467014509842, 48.594355657469464 ], [ 14.178572784442299, 48.594430358198949 ], [ 14.178674440055291, 48.594502210282805 ], [ 14.17884225448009, 48.594565039708762 ], [ 14.178939397280512, 48.594601485633035 ], [ 14.178988443407963, 48.594599062648619 ], [ 14.17904304389492, 48.594596329686915 ], [ 14.179127256035335, 48.594613260741795 ], [ 14.179153848718148, 48.594605962941564 ], [ 14.179158841565673, 48.594604487744533 ], [ 14.179221171605015, 48.594601788805036 ], [ 14.179269679828522, 48.594599639425439 ], [ 14.179321547436775, 48.594579116873263 ], [ 14.179381530616165, 48.594557366362402 ], [ 14.179372166121526, 48.594540344388449 ], [ 14.179362244543263, 48.594522426984241 ], [ 14.179378957221799, 48.594508004885014 ], [ 14.17941745045546, 48.594515282143412 ], [ 14.179428467892807, 48.594517361217797 ], [ 14.179476052078707, 48.594516747502936 ], [ 14.179568034810604, 48.594527955517982 ], [ 14.179640781451305, 48.594540291908046 ], [ 14.179712297624965, 48.59451899753401 ], [ 14.179726467045588, 48.594514847555821 ], [ 14.179841798041394, 48.594502860520876 ], [ 14.179869954359512, 48.594499958580606 ], [ 14.179907453104398, 48.594479719546918 ], [ 14.179908917819242, 48.594445079939341 ], [ 14.179961947988916, 48.594429315804476 ], [ 14.180064550656978, 48.594451419986569 ], [ 14.180098167270758, 48.594483737138354 ], [ 14.180116602135406, 48.594491608960709 ], [ 14.180153777672029, 48.594492959105011 ], [ 14.180175484832043, 48.594485426569939 ], [ 14.180194764851352, 48.594478721096038 ], [ 14.180287934025452, 48.594463116205333 ], [ 14.18037354227994, 48.594432994768766 ], [ 14.180408607653254, 48.594437957918373 ], [ 14.180420978422841, 48.5944481222039 ], [ 14.18042707500887, 48.594472543272133 ], [ 14.180458194753262, 48.594493185471542 ], [ 14.180484722592322, 48.594490205220289 ], [ 14.180592596457634, 48.594478271400547 ], [ 14.180679304499691, 48.594457316222872 ], [ 14.18088573151495, 48.594443859329942 ], [ 14.180912601486069, 48.594445193889221 ], [ 14.180937028061171, 48.59444636624012 ], [ 14.180965067388469, 48.594436359187341 ], [ 14.181041769852937, 48.594408910153369 ], [ 14.181051475362638, 48.594405421952366 ], [ 14.181054289980697, 48.594403422772011 ], [ 14.181083514867362, 48.594383063371993 ], [ 14.181129014312283, 48.594371130944317 ], [ 14.181228113872292, 48.594345138624199 ], [ 14.181306410797108, 48.594340434083719 ], [ 14.181368438397762, 48.594319387301979 ], [ 14.181522370882405, 48.594313055408108 ], [ 14.181536057011311, 48.594312506531324 ], [ 14.181542524848973, 48.594310031145362 ], [ 14.181580394651885, 48.594295905176075 ], [ 14.181611022287438, 48.594294873766998 ], [ 14.181632704638039, 48.594294087053342 ], [ 14.181665574255611, 48.594280986685128 ], [ 14.181653806316174, 48.594274505927544 ], [ 14.181998902264809, 48.594110192981972 ], [ 14.182044768091608, 48.59402998887056 ], [ 14.182053468861485, 48.594014904892802 ], [ 14.182121886487044, 48.593937325577286 ], [ 14.182215066534887, 48.593831953396453 ], [ 14.182321679757669, 48.59378476844865 ], [ 14.182374599691038, 48.593787083063013 ], [ 14.182450861302829, 48.593790577555062 ], [ 14.182867455345628, 48.593752386772742 ], [ 14.182911186241746, 48.593748381684627 ], [ 14.18302907446613, 48.593694278405316 ], [ 14.183216367635735, 48.593663686683129 ], [ 14.183444968120655, 48.593547976051688 ], [ 14.183590714067474, 48.593448337339353 ], [ 14.183688004061034, 48.593386827535809 ], [ 14.183964737154518, 48.59339426156648 ], [ 14.184017370756377, 48.593395678061093 ], [ 14.184223420777224, 48.593310441389313 ], [ 14.184243412960162, 48.59331407380693 ], [ 14.184296317245641, 48.593323673258581 ], [ 14.184345851053052, 48.593342651528438 ], [ 14.184370686501724, 48.593352185130094 ], [ 14.18451177941229, 48.593373196128759 ], [ 14.184677315329219, 48.593314337413403 ], [ 14.184872937608526, 48.593238169972182 ], [ 14.184945825198664, 48.593209846627182 ], [ 14.185183798724752, 48.593226734150349 ], [ 14.185312627493246, 48.59323587064938 ], [ 14.185463854717165, 48.59324655295449 ], [ 14.185506345249921, 48.593249571678314 ], [ 14.185510960806733, 48.59324989786591 ], [ 14.18554072201527, 48.593253908685114 ], [ 14.185916059888372, 48.593304064065549 ], [ 14.186363157058262, 48.593216798183086 ], [ 14.18648351324393, 48.593221947572346 ], [ 14.186502464084885, 48.593236380670227 ], [ 14.186685104848712, 48.593375364796955 ], [ 14.186715159626791, 48.593446202783852 ], [ 14.18690477732677, 48.593621563687186 ], [ 14.187023580491992, 48.593606576029579 ], [ 14.18712917338177, 48.593653567178578 ], [ 14.187141603361095, 48.593659053162327 ], [ 14.187331890431285, 48.593661982727276 ], [ 14.18739188026918, 48.593698153008802 ], [ 14.187410353043198, 48.593691901952319 ], [ 14.187566093892386, 48.593639406794537 ], [ 14.187671516623334, 48.593635219634145 ], [ 14.18775349783335, 48.593632012961912 ], [ 14.187844980913642, 48.593678476819576 ], [ 14.188036822512705, 48.59370154171701 ], [ 14.188186003298851, 48.593719521055242 ], [ 14.188344149005909, 48.593697588817506 ], [ 14.188651559968097, 48.593682391288773 ], [ 14.188817392119384, 48.593674253886334 ], [ 14.188948707294708, 48.593637046219897 ], [ 14.189014594591331, 48.59366085002646 ], [ 14.189095314492228, 48.59363885299188 ], [ 14.189147146222055, 48.593624622501544 ], [ 14.189178448206981, 48.593623404288948 ], [ 14.189319503762913, 48.59361751603555 ], [ 14.189473746818416, 48.593597409711705 ], [ 14.189553340570166, 48.59355662195027 ], [ 14.189617062088944, 48.593531690709519 ], [ 14.18982372045912, 48.593450936963109 ], [ 14.190013217297722, 48.593406376633332 ], [ 14.190180933260065, 48.593356668604024 ], [ 14.190202117110077, 48.593350397261766 ], [ 14.190342105533094, 48.593394525378301 ], [ 14.190436416793249, 48.593398961897385 ], [ 14.190530184265389, 48.593403312376331 ], [ 14.190658646414866, 48.593471809838974 ], [ 14.190874558770636, 48.593458355777045 ], [ 14.191135442167438, 48.593442143304578 ], [ 14.19160043920821, 48.593428661596711 ], [ 14.191792200796296, 48.593341087730295 ], [ 14.191797044095413, 48.593338803575328 ], [ 14.191935638978185, 48.593364321255237 ], [ 14.191928833706806, 48.593338376853595 ], [ 14.191907118309185, 48.593255786052318 ], [ 14.192261117182992, 48.593221168878983 ], [ 14.192474872345921, 48.593208537192027 ], [ 14.192488676522858, 48.593174436413882 ], [ 14.192547530186223, 48.593028472340308 ], [ 14.192557031253488, 48.593004656942448 ], [ 14.192566117837083, 48.593004770148532 ], [ 14.192677996436169, 48.593005657995654 ], [ 14.192708329590413, 48.592913870597371 ], [ 14.192591331051098, 48.592890533924056 ], [ 14.192482478200946, 48.592778360921287 ], [ 14.192521557364778, 48.592690646885586 ], [ 14.193018914729851, 48.592634197775581 ], [ 14.193135303512069, 48.592621020525556 ], [ 14.193301365327855, 48.592529405393265 ], [ 14.193918686583324, 48.592186943107649 ], [ 14.194100588510675, 48.592085945950096 ], [ 14.194154469759168, 48.592016021698853 ], [ 14.194160042118586, 48.592008695118125 ], [ 14.194162885117258, 48.591886707717116 ], [ 14.194253483334927, 48.591863824926527 ], [ 14.194286968636542, 48.591855393619916 ], [ 14.194337526168692, 48.591870582443413 ], [ 14.194381998559464, 48.591829959656387 ], [ 14.194398825201048, 48.591814545115454 ], [ 14.194500689694369, 48.591735632977873 ], [ 14.194565095331882, 48.591654567769631 ], [ 14.194584216331432, 48.59163041157813 ], [ 14.194844236101913, 48.591636143886589 ], [ 14.194883968008181, 48.59162829606101 ], [ 14.195049787127438, 48.591595504711833 ], [ 14.195208972371208, 48.591474165322524 ], [ 14.195232266975953, 48.591456364449336 ], [ 14.195400302071697, 48.591458815048277 ], [ 14.195420624425589, 48.591449760768498 ], [ 14.195510265030547, 48.591410244062743 ], [ 14.195603643248591, 48.59144823307075 ], [ 14.195643888978301, 48.591406291727992 ], [ 14.195649617705321, 48.591400223162097 ], [ 14.195700563482049, 48.591446709692413 ], [ 14.19572644838909, 48.591470264724542 ], [ 14.195731679903137, 48.591474993317753 ], [ 14.195766379940045, 48.591506758423705 ], [ 14.195826500361276, 48.59146952768598 ], [ 14.19604591031565, 48.591333532000377 ], [ 14.196195873308307, 48.591382256844966 ], [ 14.196259075260356, 48.591359034720504 ], [ 14.196332994973647, 48.591465705307016 ], [ 14.196363287804232, 48.591509555468733 ], [ 14.19644104566169, 48.591464908782136 ], [ 14.196459846412687, 48.591454066621409 ], [ 14.196532621304851, 48.591451911048345 ], [ 14.19687874482859, 48.591441803111017 ], [ 14.197046747203546, 48.59136950658305 ], [ 14.197264762119145, 48.591336506887316 ], [ 14.197359735319475, 48.591307832850823 ], [ 14.197754606035909, 48.591188887824259 ], [ 14.197758998507727, 48.591135517487587 ], [ 14.197760251375692, 48.591121296788245 ], [ 14.197763957162609, 48.591075486973629 ], [ 14.197835776679641, 48.591081072986036 ], [ 14.198038299674064, 48.590989541509273 ], [ 14.198163673108342, 48.590930330504079 ], [ 14.198214132718755, 48.590858900490311 ], [ 14.198227905907471, 48.590839370426878 ], [ 14.19836407714644, 48.59084187226172 ], [ 14.198508687749184, 48.590725223195712 ], [ 14.198546145866439, 48.590695084333177 ], [ 14.198769222169705, 48.590681112925708 ], [ 14.198872883329877, 48.59074195954247 ], [ 14.199036211272887, 48.590787164018572 ], [ 14.19935460265722, 48.590724635426049 ], [ 14.199399179403928, 48.59072277659304 ], [ 14.199587783935552, 48.590626218434487 ], [ 14.199619306140534, 48.590638217836158 ], [ 14.199657240959079, 48.590652598317391 ], [ 14.199856370714187, 48.590617574794123 ], [ 14.199870564666959, 48.590615041196386 ], [ 14.200064002819675, 48.59067693121176 ], [ 14.200074023740207, 48.59070842804433 ], [ 14.200118543861135, 48.590695146223595 ], [ 14.200128223776579, 48.590698312608978 ], [ 14.200252306431661, 48.590739848335161 ], [ 14.200305306149582, 48.590771206779166 ], [ 14.200388459932091, 48.590918552015253 ], [ 14.20039866229264, 48.590936645532068 ], [ 14.200403214816092, 48.59094128900341 ], [ 14.200451221231141, 48.590990133869795 ], [ 14.200544129011195, 48.591024164832497 ], [ 14.200765704508385, 48.591098167858689 ], [ 14.201004476168983, 48.591178788967895 ], [ 14.201066228332158, 48.591190384044658 ], [ 14.201247482175988, 48.591204870975602 ], [ 14.201483764191766, 48.591202039754442 ], [ 14.201651026752856, 48.591182810143216 ], [ 14.201896547695114, 48.59111676752179 ], [ 14.201928536950948, 48.591108165221719 ], [ 14.201972316023751, 48.591083105278635 ], [ 14.202105554320539, 48.591024191455197 ], [ 14.202227038522903, 48.590927587415635 ], [ 14.202322433492194, 48.590851774515968 ], [ 14.202367653925736, 48.590815730314119 ], [ 14.202380900895353, 48.590805288197494 ], [ 14.202404715279108, 48.590786312715558 ], [ 14.202410944481143, 48.590689394679721 ], [ 14.202505229328198, 48.590507633510278 ], [ 14.202450320629296, 48.590443549888462 ], [ 14.202530980398313, 48.590362359475598 ], [ 14.202586839268218, 48.590362214581972 ], [ 14.20264500432368, 48.590362142483457 ], [ 14.202985260033522, 48.590157506836469 ], [ 14.203148390172467, 48.589869637044934 ], [ 14.203204238738572, 48.589852851918238 ], [ 14.203311752917218, 48.589820481966065 ], [ 14.203500618245647, 48.589876463883975 ], [ 14.203614690803384, 48.589855108265596 ], [ 14.203686324262707, 48.589841713460608 ], [ 14.203790917281401, 48.589684609654249 ], [ 14.203762256009011, 48.589585162560027 ], [ 14.203932644949605, 48.589470473645463 ], [ 14.203931132896866, 48.589380988584359 ], [ 14.203981151337224, 48.589364246432787 ], [ 14.204020248168497, 48.589351093382426 ], [ 14.204164941383985, 48.589304504474235 ], [ 14.204253942104877, 48.5892758691881 ], [ 14.204430100470645, 48.589310087255747 ], [ 14.204742772735882, 48.5892069307911 ], [ 14.204817733390572, 48.58911777593292 ], [ 14.204837472698497, 48.589114480877669 ], [ 14.204906151278218, 48.589102816283699 ], [ 14.204933989666429, 48.589089386956111 ], [ 14.20496586152745, 48.589073948777617 ], [ 14.205007820123193, 48.589053668345962 ], [ 14.205025705753469, 48.58904499029655 ], [ 14.205147142653832, 48.588986250704671 ], [ 14.205184536643277, 48.588928586633344 ], [ 14.205226313105086, 48.58884948274217 ], [ 14.20526877083983, 48.588842690407162 ], [ 14.205443203252264, 48.588815036903256 ], [ 14.205613782999038, 48.588832115048412 ], [ 14.205661724111025, 48.588836884758948 ], [ 14.205663955381183, 48.588872576728342 ], [ 14.205670024725872, 48.588974800197533 ], [ 14.205932586789515, 48.588923193209617 ], [ 14.206038376083276, 48.588877251709583 ], [ 14.206142002559247, 48.58892774844405 ], [ 14.206295917765681, 48.588977510323254 ], [ 14.206264540133883, 48.589038098117115 ], [ 14.206227381914633, 48.589109612476911 ], [ 14.206452991634727, 48.589109639057213 ], [ 14.206593720659811, 48.588981315692074 ], [ 14.206639537683085, 48.589028735294526 ], [ 14.206730848078974, 48.589056477077577 ], [ 14.20677619637099, 48.589020250260177 ], [ 14.206843632374003, 48.589063281019534 ], [ 14.206918468310535, 48.589110933718231 ], [ 14.206963694227419, 48.589131463724442 ], [ 14.207083992082234, 48.589109608509773 ], [ 14.207454413495542, 48.588966347493162 ], [ 14.207566481757702, 48.58892296615857 ], [ 14.208070493009833, 48.588718441584263 ], [ 14.208215450331616, 48.588775553523689 ], [ 14.208296244494411, 48.588758849351656 ], [ 14.208400794778838, 48.588815723375689 ], [ 14.208552253915627, 48.58878463910019 ], [ 14.2086120688104, 48.588793996033971 ], [ 14.208621134825284, 48.588792938843731 ], [ 14.208916649812631, 48.588757898677635 ], [ 14.209025953869183, 48.588775340189258 ], [ 14.209072583929029, 48.588782726750395 ], [ 14.209124325644595, 48.58881166212489 ], [ 14.209351553934889, 48.588938854833572 ], [ 14.209497753697629, 48.588981204732882 ], [ 14.209740829277903, 48.588812445254767 ], [ 14.209877658590282, 48.588758262675007 ], [ 14.210338654162562, 48.588671699882497 ], [ 14.210391441775803, 48.588562919303314 ], [ 14.21034445029669, 48.588478542060507 ], [ 14.210410084677754, 48.588463389124698 ], [ 14.210473477509245, 48.588507707360961 ], [ 14.210537550256451, 48.588488428530901 ], [ 14.210504728790911, 48.588455934054799 ], [ 14.210574698883311, 48.588432653384388 ], [ 14.210638468214716, 48.588411487901453 ], [ 14.210651879965244, 48.588379006772954 ], [ 14.21067062314944, 48.588333173653972 ], [ 14.210688954814646, 48.588334835194892 ], [ 14.210797315008323, 48.588344636703802 ], [ 14.210809128923428, 48.588345717454899 ], [ 14.210818226978708, 48.588346548722924 ], [ 14.21093802649659, 48.588152356367594 ], [ 14.211155251577443, 48.58813795537796 ], [ 14.211297248912471, 48.58808490164536 ], [ 14.211334269358982, 48.588037582141894 ], [ 14.211452411865691, 48.587984976960406 ], [ 14.211439502134642, 48.587919592960525 ], [ 14.211621764203404, 48.587802824719056 ], [ 14.211702874330825, 48.587884337059407 ], [ 14.211712643996565, 48.587884803433667 ], [ 14.21179065503361, 48.58788790587279 ], [ 14.211784349638933, 48.587852064649852 ], [ 14.211821527125547, 48.587798087784051 ], [ 14.211835594885715, 48.587796183293015 ], [ 14.212124778703462, 48.587756055531642 ], [ 14.212292908771152, 48.587693180146644 ], [ 14.212325855591532, 48.587637615843924 ], [ 14.212475045789603, 48.587608972017847 ], [ 14.212516432986876, 48.587523662014966 ], [ 14.212576016936627, 48.587519526723966 ], [ 14.212634382362159, 48.587515490501268 ], [ 14.212767053552019, 48.587488139673241 ], [ 14.212824513092672, 48.587407206123729 ], [ 14.212918526535306, 48.587370881075323 ], [ 14.212946945596892, 48.587359873994586 ], [ 14.212967127242331, 48.587358732943656 ], [ 14.213131023535823, 48.587349765942477 ], [ 14.21326378756333, 48.587391402621662 ], [ 14.213514556432147, 48.587388438098678 ], [ 14.213758959945272, 48.587314463366539 ], [ 14.214067465172231, 48.587215180703211 ], [ 14.21409780326797, 48.587205418149992 ], [ 14.214105597404046, 48.587177566112004 ], [ 14.214119815844199, 48.587176559673139 ], [ 14.214262137312927, 48.587166584104097 ], [ 14.214293105291979, 48.587209525275718 ], [ 14.214316190508107, 48.587211690153417 ], [ 14.214374581358063, 48.587217097226571 ], [ 14.214523228140562, 48.58725987219924 ], [ 14.214679948428294, 48.587314908841712 ], [ 14.214953929615916, 48.587250243221476 ], [ 14.215164781325681, 48.587140989419254 ], [ 14.21525379931761, 48.587161456212534 ], [ 14.215325524044305, 48.587058736866247 ], [ 14.215353825998999, 48.586985487241009 ], [ 14.215378462436739, 48.586983232853107 ], [ 14.215548070690021, 48.586967473445853 ], [ 14.215658737848395, 48.587025014548736 ], [ 14.215739583865927, 48.587003717536497 ], [ 14.215774781588189, 48.587016494435609 ], [ 14.21581167996626, 48.587041491200935 ], [ 14.215837425525375, 48.587048582770912 ], [ 14.215877882406746, 48.587059700959443 ], [ 14.216010210324599, 48.587059962532209 ], [ 14.216184919100227, 48.58704911079252 ], [ 14.216246366086157, 48.587035065483349 ], [ 14.216358922047325, 48.587012899256955 ], [ 14.216480385126085, 48.587019988223481 ], [ 14.21659684497102, 48.587035749659528 ], [ 14.216681894629662, 48.587022425499399 ], [ 14.216756911157011, 48.587001171769302 ], [ 14.216969639272151, 48.587056952000729 ], [ 14.217008044498771, 48.587067005931189 ], [ 14.21716516986235, 48.587098110491894 ], [ 14.217173439210185, 48.587105963335063 ], [ 14.217201138766885, 48.587132108472751 ], [ 14.217302051777295, 48.587166245691748 ], [ 14.217332597752389, 48.587176538753859 ], [ 14.217529657324631, 48.587172442097383 ], [ 14.217709997658812, 48.587150032419999 ], [ 14.217974445103126, 48.587051521950308 ], [ 14.218336999000751, 48.587036908741489 ], [ 14.218626840744077, 48.587059272571089 ], [ 14.218669891028028, 48.587102930760899 ], [ 14.218688124041483, 48.587106750507616 ], [ 14.21873112322225, 48.587115869668835 ], [ 14.218761647151304, 48.587140643887025 ], [ 14.218780481812672, 48.587132136421097 ], [ 14.218823536221588, 48.58713657792142 ], [ 14.218933955119848, 48.587147885416812 ], [ 14.219247952172463, 48.587124192345577 ], [ 14.219515099375226, 48.587104001210463 ], [ 14.219567905834243, 48.587100003604846 ], [ 14.219963720392688, 48.587135233677792 ], [ 14.219998914266068, 48.587124083615095 ], [ 14.220122432376344, 48.587085100712144 ], [ 14.220433841558242, 48.586793024101794 ], [ 14.220480490180814, 48.58678574472804 ], [ 14.220533087898847, 48.586777520785866 ], [ 14.220613675059209, 48.586764947148609 ], [ 14.221172566884876, 48.586649536052747 ], [ 14.22158363024144, 48.586594248865531 ], [ 14.221673894224125, 48.586584659246306 ], [ 14.22197310203777, 48.586552706037374 ], [ 14.223090948532167, 48.58643618950255 ], [ 14.223638232888488, 48.586379230011048 ], [ 14.223673387795234, 48.586373745751715 ], [ 14.225410042836176, 48.585915559526292 ], [ 14.226420925475285, 48.585471971062937 ], [ 14.227228003041027, 48.585105215346225 ], [ 14.227680021407293, 48.584872039340247 ], [ 14.227925778984687, 48.584745135782079 ], [ 14.228502376121808, 48.584371227404652 ], [ 14.228885650608699, 48.584239582271664 ], [ 14.229211672185004, 48.584136797169158 ], [ 14.230008606844967, 48.583875067079141 ], [ 14.230560588994681, 48.583685007827171 ], [ 14.231137729212094, 48.583522996224303 ], [ 14.231579506700827, 48.583396290203268 ], [ 14.231962202384027, 48.583294501562108 ], [ 14.231973242165685, 48.583290099370835 ], [ 14.231986165523331, 48.583284873198117 ], [ 14.232367191137145, 48.583134075087145 ], [ 14.23257647593239, 48.583046838278598 ], [ 14.232581185616219, 48.583044823270939 ], [ 14.232603417778149, 48.583037007009281 ], [ 14.233103481346953, 48.582786080675781 ], [ 14.233112334877246, 48.582780705765259 ], [ 14.233116357352708, 48.582778156337454 ], [ 14.233698570818914, 48.582457516797746 ], [ 14.234020614536991, 48.582306717084492 ], [ 14.234074071742043, 48.582278242357006 ], [ 14.234253918017119, 48.582182414206279 ], [ 14.234522812989779, 48.582039127910086 ], [ 14.234533036145292, 48.58202681644169 ], [ 14.234630730729304, 48.581605563027139 ], [ 14.235005267364857, 48.581301986380403 ], [ 14.235095959489659, 48.581224563101401 ], [ 14.235225520094854, 48.581114009681244 ], [ 14.235234828900067, 48.581095948591212 ], [ 14.235475822439083, 48.580497653944867 ], [ 14.235622973329912, 48.580129896292483 ], [ 14.235633265367976, 48.580106070979888 ], [ 14.235706220357642, 48.579937128010052 ], [ 14.235889278385081, 48.579243575189402 ], [ 14.235892118480432, 48.579235458066684 ], [ 14.236048156294824, 48.579081344985859 ], [ 14.236122247372517, 48.579008366267622 ], [ 14.23621112613, 48.578920612079855 ], [ 14.236247371630469, 48.578884893391397 ], [ 14.236330119236266, 48.578803122898968 ], [ 14.236490360806926, 48.578641511146657 ], [ 14.236496006086943, 48.578638769177964 ], [ 14.236500979984815, 48.578636392177344 ], [ 14.237009036381686, 48.578481449826526 ], [ 14.237108814720118, 48.578451086880023 ], [ 14.237778187076618, 48.578350752517409 ], [ 14.237966918612853, 48.578461098102842 ], [ 14.238091996413198, 48.578443401195457 ], [ 14.238186570219664, 48.578371432098308 ], [ 14.238222570546316, 48.578360450093442 ], [ 14.238310343631488, 48.578333506964782 ], [ 14.238359840264756, 48.578350034293713 ], [ 14.238485422787265, 48.57839196791754 ], [ 14.238543371128662, 48.578357160022478 ], [ 14.2386264325242, 48.578347522918172 ], [ 14.238692317445139, 48.578347822839078 ], [ 14.238848354629727, 48.57834859461974 ], [ 14.238862453578108, 48.578348665438583 ], [ 14.23900476236315, 48.578447585450505 ], [ 14.239181261294563, 48.578509632262879 ], [ 14.239258163277322, 48.578519740773594 ], [ 14.239316721959707, 48.578527382755425 ], [ 14.23937089578815, 48.578555476619179 ], [ 14.239413439923887, 48.578577454142625 ], [ 14.239566029123823, 48.578597950056647 ], [ 14.239653351110189, 48.578645575478177 ], [ 14.239913499144469, 48.578692761827469 ], [ 14.239981430782331, 48.578724616570966 ], [ 14.240029817668717, 48.578747358136852 ], [ 14.240155878009631, 48.578739275745505 ], [ 14.240159592908538, 48.578742395109472 ], [ 14.240239416940938, 48.578810676049528 ], [ 14.240363543849236, 48.578846772393433 ], [ 14.24041283109784, 48.578851337530921 ], [ 14.240428581966411, 48.578852834512496 ], [ 14.240468445413185, 48.578807192284799 ], [ 14.240480935818677, 48.578792883855684 ], [ 14.240519117571813, 48.578767222877303 ], [ 14.240565070212877, 48.578736374675017 ], [ 14.240698783875214, 48.578731830257944 ], [ 14.240717503226533, 48.578724849169674 ], [ 14.240828344155046, 48.578683873483357 ], [ 14.240894741759261, 48.578720956521835 ], [ 14.241002072245566, 48.578780838490587 ], [ 14.241216173538698, 48.578822622416837 ], [ 14.241224063239635, 48.57882418026638 ], [ 14.241317982272065, 48.578799885622473 ], [ 14.241582147637223, 48.578997968201591 ], [ 14.241638058222012, 48.579039899385975 ], [ 14.241701086641553, 48.579070352035181 ], [ 14.241892224451128, 48.579162773211756 ], [ 14.24195295233152, 48.579224185352601 ], [ 14.241962477339102, 48.579233915635584 ], [ 14.241981277654343, 48.579246901953375 ], [ 14.242002825226596, 48.57926193572191 ], [ 14.242147164224717, 48.579229513550672 ], [ 14.242350618294372, 48.579182420491868 ], [ 14.24246053800681, 48.579204503277886 ], [ 14.242526532978848, 48.579126456346152 ], [ 14.242625927050334, 48.579128202763314 ], [ 14.242790274175629, 48.579131153429479 ], [ 14.242801908888524, 48.579122158273535 ], [ 14.242875855274736, 48.57906455727553 ], [ 14.243264103217525, 48.579111370353694 ], [ 14.243280690452, 48.579060421333615 ], [ 14.24328197913867, 48.57905663354002 ], [ 14.243297971057405, 48.579056419269115 ], [ 14.243517654633763, 48.579053361985331 ], [ 14.24359481310321, 48.579139291011337 ], [ 14.243817134063926, 48.579116694151892 ], [ 14.243982513061738, 48.579224063624402 ], [ 14.244084246761616, 48.579250795877954 ], [ 14.244159423347844, 48.579270538939845 ], [ 14.244187389686108, 48.579257548836189 ], [ 14.244255959622082, 48.579225623703536 ], [ 14.244290781148401, 48.579209342131243 ], [ 14.244360321210195, 48.579101943818912 ], [ 14.244367709439688, 48.579090463039471 ], [ 14.244454113272697, 48.579078187326111 ], [ 14.244461143769968, 48.579077143182261 ], [ 14.244517412633952, 48.579016530588397 ], [ 14.24452805690931, 48.579005204344838 ], [ 14.244555191441744, 48.578975850262118 ], [ 14.244619701000511, 48.578944316305389 ], [ 14.244805165343589, 48.578853644737329 ], [ 14.244914508881021, 48.578743507531115 ], [ 14.245008388524351, 48.578740077938171 ], [ 14.245078290779272, 48.578737554620567 ], [ 14.245127558674895, 48.578756329563895 ], [ 14.24528695965623, 48.57881688137239 ], [ 14.245441759420011, 48.578816574655313 ], [ 14.245537320444543, 48.578900470140844 ], [ 14.245552767225959, 48.578946042866669 ], [ 14.245597239071664, 48.579076749136775 ], [ 14.245682206951548, 48.579144176801215 ], [ 14.245693131176372, 48.579271186839811 ], [ 14.245810053353376, 48.579397730384095 ], [ 14.245865776533298, 48.579436512885984 ], [ 14.246024573546361, 48.579546989011668 ], [ 14.246018768781624, 48.579571319975663 ], [ 14.245983562127428, 48.579718927740863 ], [ 14.246141899344893, 48.579833994584241 ], [ 14.246140838071099, 48.579973060968406 ], [ 14.246184398123951, 48.580036853492039 ], [ 14.246120232097359, 48.580095459664633 ], [ 14.246330483453438, 48.580294311803705 ], [ 14.246417565787057, 48.580343193339083 ], [ 14.246471102743547, 48.580373267739773 ], [ 14.246440335940397, 48.580411825178608 ], [ 14.246366596847631, 48.580503966437796 ], [ 14.246348824606132, 48.580526142080032 ], [ 14.246383640573882, 48.580586045053366 ], [ 14.246453057187589, 48.580594228418001 ], [ 14.246502506092726, 48.58060013894962 ], [ 14.246510112391702, 48.580600979079883 ], [ 14.246585236162433, 48.580609927365316 ], [ 14.246589039313292, 48.580610347427829 ], [ 14.246548620582463, 48.580777424508916 ], [ 14.246559031792874, 48.580783549625693 ], [ 14.246680273380319, 48.580855190883319 ], [ 14.24668394743812, 48.580848326243597 ], [ 14.246699956049126, 48.580818428873869 ], [ 14.246784343308766, 48.580829913212725 ], [ 14.246819538165193, 48.580834675587838 ], [ 14.246961149990735, 48.580885379828892 ], [ 14.246991301102014, 48.580896207968976 ], [ 14.247015572863742, 48.580888912700622 ], [ 14.247078273421309, 48.580869984127276 ], [ 14.247101352361984, 48.580841290766337 ], [ 14.24714326848771, 48.580789333963821 ], [ 14.247401380364554, 48.580842995845728 ], [ 14.24747308778953, 48.58090386966385 ], [ 14.247617726572312, 48.580911195020761 ], [ 14.247714522918818, 48.580873290806181 ], [ 14.247916355771491, 48.580963909662863 ], [ 14.247935456699343, 48.580993712771225 ], [ 14.247947167948448, 48.581011970453211 ], [ 14.247953862374795, 48.581022531891655 ], [ 14.247960805409265, 48.581024186633783 ], [ 14.248095301665362, 48.581055786398615 ], [ 14.24812770147444, 48.581063448529321 ], [ 14.248308902349153, 48.58119830198342 ], [ 14.248624609248715, 48.581250701444006 ], [ 14.248788851077503, 48.581277840311564 ], [ 14.248885396996883, 48.581332672454977 ], [ 14.248975232742147, 48.58138368928747 ], [ 14.249049552510737, 48.581385446529829 ], [ 14.249060537983246, 48.581385720378037 ], [ 14.249252730540054, 48.581582010134895 ], [ 14.249377967454771, 48.58158067033856 ], [ 14.249454953647929, 48.581579887942979 ], [ 14.249475580066333, 48.58157343022004 ], [ 14.249599482008222, 48.581535132417059 ], [ 14.249820298966789, 48.58157235077995 ], [ 14.250003701078668, 48.581525761282478 ], [ 14.250056051214827, 48.581382245612936 ], [ 14.250373738782113, 48.581416275672467 ], [ 14.250496414190891, 48.581461457353306 ], [ 14.250574606168222, 48.58149034728865 ], [ 14.250625624777975, 48.581485360197533 ], [ 14.250777742116147, 48.581569977496791 ], [ 14.250823883413819, 48.581595610532908 ], [ 14.250868245060966, 48.581620268083483 ], [ 14.25111352863963, 48.581600175875245 ], [ 14.251176338093426, 48.581595006150131 ], [ 14.251215272306077, 48.581429108380497 ], [ 14.251516939556154, 48.581499779463016 ], [ 14.251702125738282, 48.581363226258134 ], [ 14.251746194289225, 48.581371425472049 ], [ 14.25176346929883, 48.581374707918094 ], [ 14.251806347529383, 48.581392180994072 ], [ 14.251884321948298, 48.581424040020266 ], [ 14.252048056430271, 48.581491024851985 ], [ 14.252095305948785, 48.581510352401949 ], [ 14.252305082711976, 48.581620150059663 ], [ 14.252384980191534, 48.581706591506439 ], [ 14.252420366219473, 48.58174481100022 ], [ 14.252617748672158, 48.581729679038347 ], [ 14.252742188387151, 48.5816836382293 ], [ 14.25286821822308, 48.581726722311579 ], [ 14.252905502299271, 48.581863688596151 ], [ 14.25294482063299, 48.582008284376833 ], [ 14.252961419226168, 48.582034418506225 ], [ 14.253000613467529, 48.582096084078429 ], [ 14.252981400711484, 48.582204531238013 ], [ 14.253047074097013, 48.582276242715764 ], [ 14.25306546293452, 48.582296336311956 ], [ 14.253157087849054, 48.582257388882709 ], [ 14.253201205774788, 48.582283486622018 ], [ 14.25344998105999, 48.582291785364539 ], [ 14.253492065965066, 48.582317898975575 ], [ 14.253588395896564, 48.582337469733488 ], [ 14.253625878639214, 48.582288063978332 ], [ 14.25364660377199, 48.582294737010642 ], [ 14.253822766010737, 48.582351367701818 ], [ 14.253950946095364, 48.582332550162434 ], [ 14.254087644627905, 48.582312496165741 ], [ 14.254263078339548, 48.582093174424593 ], [ 14.254265121185897, 48.582048184831351 ], [ 14.254455533550958, 48.582029866522056 ], [ 14.254539033463697, 48.582021833768216 ], [ 14.254719431332191, 48.582004493310045 ], [ 14.254735303714233, 48.582020289000504 ], [ 14.254802512581765, 48.582086770502507 ], [ 14.254885080155216, 48.582019019999287 ], [ 14.254904722309609, 48.582003034678664 ], [ 14.254961904300204, 48.581956081848283 ], [ 14.255277205869987, 48.581985170347039 ], [ 14.255314999425471, 48.582006280075959 ], [ 14.255331432255296, 48.582015505137413 ], [ 14.255386891490184, 48.582046549768002 ], [ 14.255470558097167, 48.582093292795236 ], [ 14.255475487640293, 48.582096042320373 ], [ 14.255479812235295, 48.582095288675703 ], [ 14.255501970954507, 48.582091156441066 ], [ 14.255936642247582, 48.582010646661921 ], [ 14.255956369122346, 48.582006983242984 ], [ 14.255965557245561, 48.582005291775644 ], [ 14.255965242389914, 48.582010421240263 ], [ 14.25596485156589, 48.582018879345135 ], [ 14.25596140982314, 48.582099229203095 ], [ 14.256000482476921, 48.582100900064766 ], [ 14.256146871821009, 48.582107301650048 ], [ 14.256094466244065, 48.582224106277515 ], [ 14.25608651678526, 48.582241978460985 ], [ 14.256086962058474, 48.582289556945028 ], [ 14.256087629571024, 48.582349546369635 ], [ 14.256147357861174, 48.582376689265161 ], [ 14.256280893535994, 48.582437430093087 ], [ 14.256284040675167, 48.58237093440534 ], [ 14.256466364331331, 48.582294570807839 ], [ 14.256789811043525, 48.582407331734338 ], [ 14.2569293594184, 48.582251341912283 ], [ 14.257107283597053, 48.582232128407078 ], [ 14.257164652022306, 48.582225919047062 ], [ 14.257516004427474, 48.582367690540423 ], [ 14.257512994362211, 48.582441740745679 ], [ 14.257614573522824, 48.582481774693228 ], [ 14.257692804913967, 48.582512548481915 ], [ 14.257874805934007, 48.582380507991736 ], [ 14.258556532390759, 48.58234085174815 ], [ 14.258685817405382, 48.582413856257944 ], [ 14.258794423620797, 48.582475241046268 ], [ 14.258826333926049, 48.582493248016092 ], [ 14.259075414815269, 48.582442976850814 ], [ 14.259091064766054, 48.582476493295061 ], [ 14.259228335617962, 48.582435561034565 ], [ 14.259290635011924, 48.582417078825607 ], [ 14.259518986155056, 48.582367510367817 ], [ 14.259707770495481, 48.582326529727133 ], [ 14.259901299543914, 48.582097072016644 ], [ 14.260183868853911, 48.581979342871932 ], [ 14.260191001004639, 48.581976408091286 ], [ 14.260196787404919, 48.581974023648769 ], [ 14.260281153233688, 48.581938815902866 ], [ 14.260778771554159, 48.581914006554719 ], [ 14.261095030284075, 48.581898188206168 ], [ 14.261328226103945, 48.581967308012196 ], [ 14.261369113253901, 48.581979396567277 ], [ 14.261381107663745, 48.58198298930656 ], [ 14.261392339112026, 48.581966799721677 ], [ 14.261433841080493, 48.581907645239184 ], [ 14.261510842205322, 48.581885087592021 ], [ 14.26161697359915, 48.581854113695826 ], [ 14.261878592675268, 48.581777742345196 ], [ 14.261940405592677, 48.581792543015553 ], [ 14.261937035037819, 48.581921464031765 ], [ 14.262216510796309, 48.581888124907195 ], [ 14.262357900709771, 48.581737510651358 ], [ 14.262570625068697, 48.581821541804153 ], [ 14.2626929749953, 48.581832983187027 ], [ 14.262779882816679, 48.581841107977809 ], [ 14.262808657574979, 48.58194827641659 ], [ 14.262814668614475, 48.581950837154096 ], [ 14.26282450736919, 48.58195516644053 ], [ 14.263067748011839, 48.582062430584784 ], [ 14.263270130341832, 48.582151669603448 ], [ 14.263419517367657, 48.582143826639339 ], [ 14.263601573541042, 48.582218475255381 ], [ 14.263833860522421, 48.582327084126788 ], [ 14.26409118925443, 48.582125805325688 ], [ 14.26421950474516, 48.582114710891666 ], [ 14.264475273866973, 48.582232396320208 ], [ 14.264647032041465, 48.58205968054358 ], [ 14.264655055240373, 48.582061055864934 ], [ 14.264783671563126, 48.58208161982693 ], [ 14.264774163834595, 48.581983113362277 ], [ 14.26506513713708, 48.5820684062369 ], [ 14.265075631066248, 48.582071470859979 ], [ 14.265138832265063, 48.582058015381151 ], [ 14.265321009937239, 48.582019326911841 ], [ 14.265458822950974, 48.582053668779558 ], [ 14.265498858820056, 48.58206360394653 ], [ 14.265570229747881, 48.581984691559697 ], [ 14.265617412829046, 48.581932596141904 ], [ 14.265669647276111, 48.581874973689949 ], [ 14.265765698707796, 48.581916393855828 ], [ 14.265846147508721, 48.581859715887028 ], [ 14.265903171977682, 48.58181959487392 ], [ 14.266316384238086, 48.581737868162122 ], [ 14.266325583836002, 48.581789244648995 ], [ 14.266554302020799, 48.581752971645841 ], [ 14.266544965028126, 48.581701506322389 ], [ 14.266543903839029, 48.581695308423718 ], [ 14.266556814782646, 48.581697094384253 ], [ 14.266754130606611, 48.581723404766826 ], [ 14.266944440499573, 48.581677273225338 ], [ 14.26711006360325, 48.581615417643185 ], [ 14.267243716127373, 48.581637108046252 ], [ 14.267320943371443, 48.581649624173131 ], [ 14.267372486394958, 48.581643726118401 ], [ 14.267395483315612, 48.581641024090828 ], [ 14.267405559251799, 48.581643462210977 ], [ 14.267573445393444, 48.581684037822548 ], [ 14.267600759754249, 48.581695153172241 ], [ 14.267590493680764, 48.581659795894758 ], [ 14.2676314926068, 48.581573299199285 ], [ 14.267603711556768, 48.581551393911347 ], [ 14.267632694242149, 48.581467601586532 ], [ 14.2675803670699, 48.581377892083218 ], [ 14.267595853605503, 48.58131237682224 ], [ 14.267568412735519, 48.581167151109057 ], [ 14.267470113844873, 48.58108401480834 ], [ 14.267502692330423, 48.581004151479789 ], [ 14.267522942686494, 48.580984561255647 ], [ 14.267494570208518, 48.58093000979688 ], [ 14.267556738531693, 48.580874645799824 ], [ 14.267580038031307, 48.580843787818033 ], [ 14.267593542156664, 48.580825960421514 ], [ 14.267200360995986, 48.580351837605328 ], [ 14.266920309662792, 48.580016049603017 ], [ 14.266653565432811, 48.579658837282928 ], [ 14.266321008861516, 48.579147979180085 ], [ 14.266289872149594, 48.579097856850339 ], [ 14.266223688267567, 48.57899125706858 ], [ 14.265969577147493, 48.57860497934896 ], [ 14.265776921417164, 48.578318592743322 ], [ 14.265533549208026, 48.577948598873107 ], [ 14.264999699218155, 48.577699107838967 ], [ 14.264841040562771, 48.577605745969272 ], [ 14.264567431413644, 48.577444758589579 ], [ 14.264537837671918, 48.577427364348672 ], [ 14.264503722598601, 48.577407307648471 ], [ 14.264236567461309, 48.577348358445498 ], [ 14.264152595824971, 48.577329777527808 ], [ 14.264023985842821, 48.577301387446255 ], [ 14.263891713725934, 48.577317910088198 ], [ 14.263442959189922, 48.577373826381056 ], [ 14.263097031207826, 48.577456627969234 ], [ 14.26284706761933, 48.577516539415029 ], [ 14.262511936660063, 48.577596824930659 ], [ 14.262242262169883, 48.577668764595352 ], [ 14.262195315109874, 48.577681280062045 ], [ 14.261938860527131, 48.577749696107112 ], [ 14.261733859396701, 48.57763439078731 ], [ 14.261441492988023, 48.577470037015324 ], [ 14.261429852778251, 48.577463473211253 ], [ 14.261418761184178, 48.577457264845293 ], [ 14.261120434476412, 48.577285491903368 ], [ 14.260858493458748, 48.577192133805546 ], [ 14.260327795155908, 48.577063395942702 ], [ 14.259867102751139, 48.576870059019953 ], [ 14.259633550215678, 48.57677215599449 ], [ 14.259629964963242, 48.576768766368978 ], [ 14.259316036432711, 48.576482519382971 ], [ 14.259939264670077, 48.576224385213187 ], [ 14.260609459421969, 48.576098368082405 ], [ 14.261115400946036, 48.576064675995212 ], [ 14.261388677718822, 48.575989921880343 ], [ 14.261402887289968, 48.575988639892145 ], [ 14.261842957612878, 48.575947821413401 ], [ 14.261859558660678, 48.575951377558603 ], [ 14.261911130185124, 48.57596239174017 ], [ 14.262418404873705, 48.576070440576139 ], [ 14.262516927708857, 48.576076764306329 ], [ 14.262579759158815, 48.576080762851483 ], [ 14.262742605960314, 48.576091163000619 ], [ 14.262768785247724, 48.576084658793725 ], [ 14.263633248261486, 48.575870462034032 ], [ 14.264362085752056, 48.575689898732627 ], [ 14.264536585890166, 48.575677626867154 ], [ 14.264575148596206, 48.575576309033259 ], [ 14.264594414454434, 48.575524795731368 ], [ 14.264656077746341, 48.5753591614953 ], [ 14.26507064344154, 48.574912690603554 ], [ 14.265125737441302, 48.574871145980239 ], [ 14.265330598579331, 48.574776509095976 ], [ 14.265644859274582, 48.5746377356759 ], [ 14.266067945018076, 48.574086134351674 ], [ 14.266136323270532, 48.574022266302663 ], [ 14.26616538091397, 48.573995140383026 ], [ 14.266241457350235, 48.573937237397892 ], [ 14.266321010030211, 48.573876698168974 ], [ 14.266510615449741, 48.573763291743745 ], [ 14.266662545781507, 48.573657741047789 ], [ 14.266669277984988, 48.573655258775602 ], [ 14.266779817969564, 48.573614350519385 ], [ 14.266924826932184, 48.573560754437096 ], [ 14.267053004365369, 48.573513318944165 ], [ 14.267067949674864, 48.573507802853122 ], [ 14.267154119048818, 48.573475903530728 ], [ 14.267241232087967, 48.573443726770641 ], [ 14.267555978122056, 48.573339933774946 ], [ 14.267629004273923, 48.573315784556534 ], [ 14.267785780826244, 48.573193643299234 ], [ 14.268050412543102, 48.572987348956453 ], [ 14.268285679287946, 48.572918278844021 ], [ 14.26838773882848, 48.572888230497099 ], [ 14.268426432794373, 48.572876857783804 ], [ 14.26849275456418, 48.572916534466749 ], [ 14.268577438692514, 48.572967217886912 ], [ 14.268823403231046, 48.573114205412132 ], [ 14.268826785909187, 48.573210962042062 ], [ 14.268830338402273, 48.573309606210394 ], [ 14.268727194971293, 48.57345173834851 ], [ 14.268603686295997, 48.573621916889635 ], [ 14.268510156168768, 48.57415947160866 ], [ 14.268601055778527, 48.574507741908086 ], [ 14.268930411806853, 48.574790423268269 ], [ 14.26951743808147, 48.575080127625732 ], [ 14.269753800967768, 48.575093347959822 ], [ 14.269856378847191, 48.575099093380928 ], [ 14.269947151169108, 48.575104123658321 ], [ 14.269958006424309, 48.575104756369612 ], [ 14.270325983055681, 48.575125287354645 ], [ 14.270665798154015, 48.575043232632844 ], [ 14.270693329544741, 48.575036625862552 ], [ 14.27090291305508, 48.574986015661267 ], [ 14.2717622213433, 48.574774408127588 ], [ 14.27185681424997, 48.574751072789333 ], [ 14.272843591468359, 48.57414887173362 ], [ 14.27322800074138, 48.57393359875956 ], [ 14.273360565000667, 48.573859406641901 ], [ 14.273371969711405, 48.573853018703197 ], [ 14.273377604303779, 48.573849825277684 ], [ 14.273384984302529, 48.573845718355948 ], [ 14.273406182186321, 48.573833764945761 ], [ 14.27358263493695, 48.573728367981516 ], [ 14.273882574539991, 48.573549120789437 ], [ 14.274392299399464, 48.573368096213514 ], [ 14.274772874696771, 48.573232992239028 ], [ 14.274983005126167, 48.573123904171638 ], [ 14.275068733503037, 48.573068166371684 ], [ 14.275388879422634, 48.572860329106355 ], [ 14.275428662373901, 48.572834463712304 ], [ 14.275449290981339, 48.572821075337458 ], [ 14.275715216564898, 48.572657658041329 ], [ 14.276293756267153, 48.572386392914609 ], [ 14.276295741664345, 48.572339334224971 ], [ 14.276251580320155, 48.572059142859153 ], [ 14.276451744721193, 48.571665087695905 ], [ 14.276823805452302, 48.571487859876299 ], [ 14.277144204710552, 48.571368793992995 ], [ 14.277692632460294, 48.5711344631667 ], [ 14.277825130103395, 48.571094356559833 ], [ 14.278012081133683, 48.571037709596339 ], [ 14.278086115402367, 48.570980264911441 ], [ 14.278247011616349, 48.570855377554594 ], [ 14.278307547883918, 48.570808385709938 ], [ 14.278704222528825, 48.57065847704466 ], [ 14.279054139929048, 48.570471886320497 ], [ 14.279760142975203, 48.57009550356026 ], [ 14.280060269829617, 48.569899238195696 ], [ 14.280155625364248, 48.569836942359601 ], [ 14.280374757159226, 48.569680638666618 ], [ 14.280435815685115, 48.56958848755967 ], [ 14.280493567162114, 48.569508146365237 ], [ 14.28050030642021, 48.56949873723169 ], [ 14.280749001645946, 48.569247658179037 ], [ 14.280859576699422, 48.56913603696534 ], [ 14.280898138160428, 48.568741752470174 ], [ 14.280920040742952, 48.568679870782226 ], [ 14.280995027028629, 48.568468155563139 ], [ 14.281026956161913, 48.568317683784066 ], [ 14.281093043015227, 48.568005298709892 ], [ 14.281064905378003, 48.56757323620652 ], [ 14.280694273484945, 48.566778757527814 ], [ 14.280154496981661, 48.566278157439548 ], [ 14.280129954424263, 48.56625532929484 ], [ 14.280106023835232, 48.566162516557043 ], [ 14.280064723036269, 48.566002023456129 ], [ 14.279993174299337, 48.56581056302997 ], [ 14.280131667277264, 48.565426263472048 ], [ 14.280065860423898, 48.565148946033652 ], [ 14.279977411851057, 48.564775117402114 ], [ 14.280014323146879, 48.564512170083638 ], [ 14.280376576263935, 48.564084863191091 ], [ 14.280395147803938, 48.564063035363503 ], [ 14.28039626819371, 48.564035502140428 ], [ 14.280397547211567, 48.564009226908226 ], [ 14.280434297092844, 48.563826154671467 ], [ 14.280458141412836, 48.563707769698155 ], [ 14.280568014419643, 48.563529052652399 ], [ 14.280674015491796, 48.562984817087589 ], [ 14.280656956297442, 48.562978299026227 ], [ 14.280624341588915, 48.562965970309058 ], [ 14.280600598527316, 48.562957077746063 ], [ 14.280319347395519, 48.562850696744007 ], [ 14.279818505994562, 48.562696889787276 ], [ 14.279211330792613, 48.562360715675105 ], [ 14.278822574118054, 48.562185130374509 ], [ 14.278822176364242, 48.562170831811784 ], [ 14.278813527138164, 48.561891342422022 ], [ 14.27934092914554, 48.56145496796772 ], [ 14.279849807149201, 48.561087731199777 ], [ 14.280084953372501, 48.560919964033268 ], [ 14.280682382138798, 48.560438761915314 ], [ 14.280775614670691, 48.560121838414453 ], [ 14.281090138331399, 48.559746455001715 ], [ 14.28114694359161, 48.559615299795723 ], [ 14.281009894616014, 48.559324976973841 ], [ 14.28091598827301, 48.559125872090462 ], [ 14.280857340441255, 48.558751261991524 ], [ 14.280545065637424, 48.558172003751061 ], [ 14.280535341880237, 48.557657487124651 ], [ 14.280534869328195, 48.557631765676916 ], [ 14.280714391645166, 48.557225273989829 ], [ 14.280778918998529, 48.557079394643246 ], [ 14.280810660453337, 48.557007538563063 ], [ 14.28129942153608, 48.556521904940134 ], [ 14.281445732034371, 48.556019345979465 ], [ 14.28160576284934, 48.555769341135594 ], [ 14.281912032320056, 48.555433148993259 ], [ 14.281914156905147, 48.555430793103163 ], [ 14.281907601585338, 48.555383803120328 ], [ 14.281867114977295, 48.555098004764865 ], [ 14.281865090741393, 48.555083719342441 ], [ 14.28186353083767, 48.555072578357766 ], [ 14.281863477893239, 48.555069700430458 ], [ 14.281859863083005, 48.554821651367646 ], [ 14.281857509221625, 48.554649508722378 ], [ 14.282026845312428, 48.554463740940015 ], [ 14.282173340705048, 48.554303253813877 ], [ 14.282240542420382, 48.554229490543591 ], [ 14.282319432080923, 48.554142949658804 ], [ 14.28251878370868, 48.553924466133239 ], [ 14.282612212531628, 48.553759281846027 ], [ 14.282671124770308, 48.553654823098356 ], [ 14.282802831403535, 48.5534198875947 ], [ 14.282821338774543, 48.553328619326919 ], [ 14.282823570213937, 48.553317357624969 ], [ 14.282035657819417, 48.553197461633651 ], [ 14.281572873402403, 48.553155879398986 ], [ 14.281520217027705, 48.55315117910601 ], [ 14.281483901182707, 48.55314355794755 ], [ 14.280793779918243, 48.552999474370225 ], [ 14.280441104791269, 48.552881618861811 ], [ 14.280351973334126, 48.552772063276116 ], [ 14.280322269424634, 48.552770324851693 ], [ 14.280246580635545, 48.552765630529301 ], [ 14.279716695864082, 48.552899084585356 ], [ 14.279636450154294, 48.552919252573815 ], [ 14.279514826170045, 48.552892172306365 ], [ 14.279265999625133, 48.552836707270259 ], [ 14.279238246899867, 48.552830545307629 ], [ 14.27852561653263, 48.552655328264365 ], [ 14.278311023204344, 48.552937341969546 ], [ 14.278090637640139, 48.553029070601234 ], [ 14.278009053104604, 48.553079740879141 ], [ 14.27791688495504, 48.553136972855349 ], [ 14.277873211246165, 48.553164040227074 ], [ 14.277748223382485, 48.553241775486782 ], [ 14.277330604570837, 48.553550431742444 ], [ 14.277134045217903, 48.553500656937558 ], [ 14.276892568765515, 48.553439640706223 ], [ 14.276636868017025, 48.553297245199381 ], [ 14.276568899040024, 48.553225744353675 ], [ 14.276454558487455, 48.553174585904841 ], [ 14.276434043180329, 48.553467803968616 ], [ 14.276432008802807, 48.553497323521078 ], [ 14.276331330005467, 48.553615338148774 ], [ 14.276325370941251, 48.553615476129949 ], [ 14.276176904961732, 48.553617212421585 ], [ 14.276064550323843, 48.553578360554944 ], [ 14.27605364197191, 48.553574580664808 ], [ 14.275975328478811, 48.553574582054416 ], [ 14.275909210624404, 48.553574665031142 ], [ 14.275882379232899, 48.553574431461222 ], [ 14.275646860712202, 48.553572460915241 ], [ 14.275636360447383, 48.553568767648144 ], [ 14.275552216338639, 48.553538862826642 ], [ 14.275310281528078, 48.5534526614233 ], [ 14.275228992388939, 48.553230423220455 ], [ 14.275211894884977, 48.553184507173484 ], [ 14.275209468688679, 48.553177780559217 ], [ 14.27520355554176, 48.553165595151341 ], [ 14.275112164846384, 48.552976269423354 ], [ 14.275106924218614, 48.552852542278416 ], [ 14.275137339719885, 48.552730057212905 ], [ 14.275155519826701, 48.55265723234276 ], [ 14.275176199210396, 48.552602556974719 ], [ 14.275207221489405, 48.552520723783879 ], [ 14.275057488655913, 48.55240841397746 ], [ 14.274779191553208, 48.552385828038595 ], [ 14.274715791179727, 48.552326882162454 ], [ 14.274700493240188, 48.552312703424064 ], [ 14.274566853554491, 48.552310000864601 ], [ 14.274430773830584, 48.552307227832692 ], [ 14.274239302303709, 48.552023540738531 ], [ 14.273994652024108, 48.551535467765191 ], [ 14.273937425925814, 48.551421243315147 ], [ 14.273924440276234, 48.55141496136627 ], [ 14.273835442567865, 48.551445539859735 ], [ 14.273361509370298, 48.551608648180704 ], [ 14.27319832520816, 48.551664828005286 ], [ 14.272439891180639, 48.551226662309325 ], [ 14.272235253991491, 48.551052455197883 ], [ 14.272052500718596, 48.550896961348222 ], [ 14.272017227236468, 48.550827354255624 ], [ 14.271937407670553, 48.550669954845844 ], [ 14.27194418859222, 48.550662884441323 ], [ 14.272151765590566, 48.550448040344151 ], [ 14.272235643569671, 48.550404191791188 ], [ 14.272922905607111, 48.550045175319234 ], [ 14.273310786928148, 48.549584310039123 ], [ 14.273004527082358, 48.549297675181244 ], [ 14.273002183300685, 48.549295445288784 ], [ 14.273199616164092, 48.549089495573917 ], [ 14.273474510286944, 48.548867002040694 ], [ 14.273796855273961, 48.548668772317782 ], [ 14.273864647235053, 48.548627120670858 ], [ 14.273882357789747, 48.548573098932039 ], [ 14.274026068739879, 48.548133262914504 ], [ 14.274065970866255, 48.548010971397915 ], [ 14.273774273752597, 48.547386013535295 ], [ 14.273754253611191, 48.54734308897828 ], [ 14.273658615624043, 48.547261734493475 ], [ 14.273440644462625, 48.547076302869364 ], [ 14.272232357421311, 48.546466169676108 ], [ 14.272214718737423, 48.546457226414923 ], [ 14.27161243409124, 48.547061568249269 ], [ 14.271240935351065, 48.546903449118091 ], [ 14.27107737211251, 48.546833790809849 ], [ 14.270839400571827, 48.546732437011364 ], [ 14.270804281603608, 48.546708342330533 ], [ 14.2707548973982, 48.546674557534487 ], [ 14.270738024203702, 48.546662999401647 ], [ 14.27070990658914, 48.546643975670065 ], [ 14.270670538040239, 48.546617126588359 ], [ 14.270614293123826, 48.546578539470353 ], [ 14.27055170634276, 48.546533886614988 ], [ 14.270224913716234, 48.546300838460063 ], [ 14.270482377175144, 48.546036215266561 ], [ 14.270546403029057, 48.545921557157001 ], [ 14.270592063811641, 48.545839967453368 ], [ 14.270616593704206, 48.545795785891762 ], [ 14.270276703163402, 48.545721422691066 ], [ 14.269976692646976, 48.545627490115912 ], [ 14.269423679674809, 48.54552901548432 ], [ 14.269408594164833, 48.54552634779261 ], [ 14.269386620229433, 48.545509883093715 ], [ 14.269308883362704, 48.54545140872667 ], [ 14.269294873283584, 48.54544081691246 ], [ 14.269265069450451, 48.54541838826637 ], [ 14.269198741475845, 48.545309271258233 ], [ 14.269166067169378, 48.545255563335544 ], [ 14.26885463070473, 48.544964641264556 ], [ 14.268831066105436, 48.544942612349757 ], [ 14.268695817400857, 48.544909873165281 ], [ 14.268676956111637, 48.544878272024675 ], [ 14.268617291406885, 48.544777916384348 ], [ 14.26831301181897, 48.544709559195027 ], [ 14.268029045320791, 48.544476342436596 ], [ 14.267639242386572, 48.544068929803259 ], [ 14.267609004613576, 48.544037419356371 ], [ 14.26758249894864, 48.543838034375923 ], [ 14.267560703626744, 48.543674321482236 ], [ 14.267535986557286, 48.543648433701904 ], [ 14.267486279974618, 48.543596570352065 ], [ 14.267451484937499, 48.54356023901304 ], [ 14.267620969832114, 48.543449147629929 ], [ 14.26771936597496, 48.543384587823112 ], [ 14.267831935483287, 48.543279887402214 ], [ 14.267890853754507, 48.543197203302221 ], [ 14.267909614084083, 48.543170968203619 ], [ 14.267912058474895, 48.543104026634147 ], [ 14.267915082454239, 48.543024217727037 ], [ 14.267921535417873, 48.542849575185706 ], [ 14.268027845792918, 48.542638784731118 ], [ 14.268076761550802, 48.542639563160584 ], [ 14.268186247605577, 48.542641386604842 ], [ 14.268268498408966, 48.54264279800617 ], [ 14.26835874355729, 48.542644325340738 ], [ 14.268444783668885, 48.542630594893204 ], [ 14.268695746514883, 48.542590629743806 ], [ 14.268701283319997, 48.542589685976004 ], [ 14.268733398925169, 48.542411060244376 ], [ 14.26861800402043, 48.542098330784242 ], [ 14.268413287221239, 48.541782537446295 ], [ 14.268335284009316, 48.54164922690164 ], [ 14.268234167992462, 48.541443961905017 ], [ 14.268210969571994, 48.541397193924588 ], [ 14.268171731272988, 48.541317452887355 ], [ 14.268012196262013, 48.540915756069232 ], [ 14.268001412413261, 48.540888767574494 ], [ 14.267903194931593, 48.54064147285149 ], [ 14.268088887986071, 48.540498499003753 ], [ 14.268095033297726, 48.540493772536678 ], [ 14.268186811419453, 48.540423148546409 ], [ 14.268231698472752, 48.540388609099395 ], [ 14.268349468925079, 48.540287284458756 ], [ 14.268407816748555, 48.540203255266519 ], [ 14.268457531030769, 48.540098786669425 ], [ 14.268459383187068, 48.540088877457784 ], [ 14.268463694554701, 48.540065186368516 ], [ 14.268472679554803, 48.540015372665763 ], [ 14.268588856081641, 48.539915859481731 ], [ 14.268646076899222, 48.539866829373281 ], [ 14.268662350390047, 48.539852937016576 ], [ 14.268666807521791, 48.539747660884984 ], [ 14.268779489644322, 48.539627307234895 ], [ 14.268800485312239, 48.539604921868055 ], [ 14.268836121514628, 48.539448754957704 ], [ 14.268758808627538, 48.53942805538199 ], [ 14.268717702170196, 48.539417050550803 ], [ 14.26835692096615, 48.539368394532055 ], [ 14.26830302588316, 48.539309458948686 ], [ 14.26820145772483, 48.539198554005324 ], [ 14.267983775403524, 48.539003664940836 ], [ 14.267976067320676, 48.538996890403077 ], [ 14.267965530148858, 48.538976016454633 ], [ 14.267906094336336, 48.538857938411326 ], [ 14.267863553242378, 48.538820049945329 ], [ 14.267712391882164, 48.538685614348637 ], [ 14.267638711497693, 48.538476531445781 ], [ 14.267608865234573, 48.538391677946592 ], [ 14.267581448459262, 48.538313821066538 ], [ 14.267541767795555, 48.538187039831612 ], [ 14.267532280422007, 48.538156802737127 ], [ 14.267516360190239, 48.53793592472794 ], [ 14.267603024794193, 48.537785107229055 ], [ 14.267531746327611, 48.537521585715801 ], [ 14.267477587205036, 48.537388083925215 ], [ 14.267471777054, 48.537381384141042 ], [ 14.267307280762676, 48.537190926158587 ], [ 14.266944299286726, 48.537057191466126 ], [ 14.266887983606262, 48.537036412994212 ], [ 14.26683862196713, 48.537018187516367 ], [ 14.266821362802752, 48.537007531369277 ], [ 14.26676780038475, 48.536974227920453 ], [ 14.266757647273726, 48.536959557281499 ], [ 14.266695470826832, 48.536869384684344 ], [ 14.266700135652425, 48.536835256694481 ], [ 14.266722166929526, 48.536675510910072 ], [ 14.266733652609336, 48.536591676492762 ], [ 14.266534379146922, 48.536485057804974 ], [ 14.266521130929966, 48.536471491231488 ], [ 14.266451997198702, 48.536400982943192 ], [ 14.266370584646964, 48.536318069628472 ], [ 14.266339320367727, 48.53623700492421 ], [ 14.266303511103059, 48.536144283062853 ], [ 14.266315923825475, 48.536126643932988 ], [ 14.266350662079327, 48.536077794195343 ], [ 14.266384488731497, 48.53595609280935 ], [ 14.266393767872069, 48.535922467698789 ], [ 14.266471073615884, 48.535703543999979 ], [ 14.266454507109232, 48.535686226022207 ], [ 14.266372085894146, 48.535599902663577 ], [ 14.266215824625018, 48.535549698250868 ], [ 14.266121387740727, 48.53539807742662 ], [ 14.266170284970064, 48.535315833548616 ], [ 14.26606712631582, 48.535161223960685 ], [ 14.266002694065927, 48.535170822712331 ], [ 14.265954920476906, 48.53509798496998 ], [ 14.266003100503591, 48.535058472790155 ], [ 14.266039174706739, 48.535091016584857 ], [ 14.266082022781491, 48.535048758467802 ], [ 14.265823410530881, 48.534895928115596 ], [ 14.265809632455575, 48.534808067547843 ], [ 14.265858997664319, 48.534781678570667 ], [ 14.265896019505204, 48.534761774403442 ], [ 14.26582823594156, 48.534675873612187 ], [ 14.265666049350898, 48.534470013435211 ], [ 14.265520796279098, 48.534219313224924 ], [ 14.265484158383336, 48.534118052461885 ], [ 14.265482986154751, 48.534105648796469 ], [ 14.26548053553487, 48.534082461399755 ], [ 14.265523869810007, 48.534082115982024 ], [ 14.265646426179323, 48.534081228947002 ], [ 14.26565014626512, 48.53405475418203 ], [ 14.265660739733237, 48.534033891428493 ], [ 14.265681491692526, 48.533833228879587 ], [ 14.265791285717778, 48.533418586399776 ], [ 14.2658172823265, 48.533320784035325 ], [ 14.265901723565136, 48.533144529485057 ], [ 14.266093273047291, 48.532869735532024 ], [ 14.266234265657186, 48.532667753820839 ], [ 14.266209979460195, 48.53265787322669 ], [ 14.26619838128156, 48.532653108479643 ], [ 14.266232663067708, 48.532616585387714 ], [ 14.266360483089521, 48.532480101806357 ], [ 14.266370847021305, 48.532469045286376 ], [ 14.266374168960228, 48.532465510754029 ], [ 14.266528981979601, 48.532451142826019 ], [ 14.26661486868406, 48.531853462961806 ], [ 14.2667024966591, 48.531591640290053 ], [ 14.266757623280011, 48.531472197123279 ], [ 14.26679357277991, 48.531438089160389 ], [ 14.266890654783442, 48.531376958065735 ], [ 14.266922668095303, 48.531364829157781 ], [ 14.267078561067786, 48.531305567051959 ], [ 14.267161116976393, 48.531302389234739 ], [ 14.267257612197172, 48.531298650286921 ], [ 14.267359743489846, 48.531314475231341 ], [ 14.267436613232285, 48.531326364201838 ], [ 14.267452579583207, 48.531250769037548 ], [ 14.267333019196567, 48.531192357374074 ], [ 14.266785123601636, 48.530918788260664 ], [ 14.266735141852749, 48.530925843490905 ], [ 14.266712448083458, 48.530929082914334 ], [ 14.266703262896819, 48.53093041552173 ], [ 14.266588306104001, 48.53094671438798 ], [ 14.266532785450817, 48.530954533331858 ], [ 14.26647875267931, 48.530962250426697 ], [ 14.266471322948258, 48.530963299159012 ], [ 14.266395405564321, 48.530974069231277 ], [ 14.266372384837165, 48.53098918453 ], [ 14.2662817539101, 48.531047565255008 ], [ 14.26624266426035, 48.531072793119158 ], [ 14.266187750494778, 48.53110669240592 ], [ 14.266185840833559, 48.531150872835589 ], [ 14.266212072504391, 48.531163526350149 ], [ 14.266224233141747, 48.531169455952842 ], [ 14.266188449163964, 48.531332549971793 ], [ 14.265767068929621, 48.531509513156493 ], [ 14.265743410925804, 48.531609275844197 ], [ 14.265514807294059, 48.531684587083006 ], [ 14.265510786865258, 48.531761885706295 ], [ 14.26543584147614, 48.531781552387415 ], [ 14.265413257191314, 48.531775885686322 ], [ 14.265386863456586, 48.531769259899875 ], [ 14.265150309313034, 48.531831860959102 ], [ 14.265112917257966, 48.531831169462428 ], [ 14.264831392755225, 48.531825946517529 ], [ 14.264793239339157, 48.531858092525923 ], [ 14.264570165389596, 48.531917256897302 ], [ 14.264297173973688, 48.532114710696931 ], [ 14.264139419997116, 48.532228763029636 ], [ 14.264113885213474, 48.532247226003882 ], [ 14.264073243264482, 48.532276603140595 ], [ 14.264065346282958, 48.532281793108915 ], [ 14.263961212038428, 48.532350173866313 ], [ 14.263839076687171, 48.532486789452825 ], [ 14.263665435860302, 48.532681292316298 ], [ 14.263512964016462, 48.532757972736079 ], [ 14.263645653787576, 48.532928630568442 ], [ 14.263320152795705, 48.532918446769585 ], [ 14.263237398659152, 48.532918295301343 ], [ 14.263201100524313, 48.532918224134818 ], [ 14.263161144520065, 48.532918092092096 ], [ 14.263150715820371, 48.532918085062711 ], [ 14.262837712931656, 48.532917515079262 ], [ 14.262659963698676, 48.532914340351326 ], [ 14.262655085460265, 48.532914199219356 ], [ 14.262600623681477, 48.532913282766046 ], [ 14.262343199316623, 48.532870353400668 ], [ 14.262203685688037, 48.532862016958781 ], [ 14.262194736863899, 48.532861458393519 ], [ 14.261970080333029, 48.532855686862504 ], [ 14.26173404077662, 48.532849555524017 ], [ 14.261588332683356, 48.532828134923022 ], [ 14.261345701323608, 48.532771773444352 ], [ 14.261261760065711, 48.532758317498612 ], [ 14.261167901115048, 48.532743141195127 ], [ 14.261015909421291, 48.53271871146179 ], [ 14.260804967801219, 48.532684764706133 ], [ 14.260609853174833, 48.53263468109197 ], [ 14.26052059516884, 48.532611732145618 ], [ 14.260438957705318, 48.532590791551208 ], [ 14.260217396328935, 48.532516000985254 ], [ 14.259943783786865, 48.532423632586429 ], [ 14.259391450634517, 48.532271046244851 ], [ 14.259152672615725, 48.532021618441881 ] ] ] } }
]
}
