{
"type": "FeatureCollection",
"name": "scheibbs",
"crs": { "type": "name", "properties": { "name": "urn:ogc:def:crs:OGC:1.3:CRS84" } },
"features": [
{ "type": "Feature", "properties": { "name": "Scheibbs", "metric_roundness": 53.67, "metric_rectangularity": 66.54, "metric_mobile_fit": 70.87, "metric_aspect_ratio": 0.854, "metric_area_km2": 102.63 }, "geometry": { "type": "Polygon", "coordinates": [ [ [ 15.131051598622809, 48.025258424919734 ], [ 15.13113843465881, 48.025248078082036 ], [ 15.131366755544226, 48.025221136441736 ], [ 15.131940557800082, 48.025153283823769 ], [ 15.132729935971341, 48.024887618959532 ], [ 15.133413388799843, 48.024642942367187 ], [ 15.13339346228258, 48.024617516200898 ], [ 15.133362730841858, 48.024578310199566 ], [ 15.13341416784278, 48.024568421961284 ], [ 15.133729455611116, 48.024507908565468 ], [ 15.133963454241183, 48.024466835645164 ], [ 15.134205608146519, 48.024432744287346 ], [ 15.134466880747183, 48.02439682525111 ], [ 15.135172445940473, 48.024303240336977 ], [ 15.135720724263164, 48.024091248523071 ], [ 15.135897912463061, 48.024001743680593 ], [ 15.136247855753272, 48.023787707650584 ], [ 15.136328174879603, 48.023732555343337 ], [ 15.136348872002779, 48.023718195231488 ], [ 15.136620892370727, 48.023531737310094 ], [ 15.136656034735076, 48.023508423517569 ], [ 15.136680819263169, 48.023492019989227 ], [ 15.136838564997619, 48.023387338862911 ], [ 15.136950637274813, 48.023342759761327 ], [ 15.136973263722522, 48.023333768636391 ], [ 15.137223455983102, 48.023264721039418 ], [ 15.137278159415857, 48.023233003544398 ], [ 15.137291704761534, 48.023198057900736 ], [ 15.137282805072493, 48.023161842215529 ], [ 15.137276622659131, 48.023157619212505 ], [ 15.137244616286894, 48.023135891340075 ], [ 15.136836416354443, 48.023050104817855 ], [ 15.136808149554289, 48.02300852165709 ], [ 15.136786105403649, 48.022976200107792 ], [ 15.136922503061427, 48.022967866415406 ], [ 15.137054348686329, 48.022959783448435 ], [ 15.137421650019771, 48.022949111567485 ], [ 15.137731486967308, 48.022944643264637 ], [ 15.138316480574209, 48.022972329229987 ], [ 15.138469077254584, 48.022997935873363 ], [ 15.138509175046392, 48.023005409450811 ], [ 15.139414907417672, 48.022909667059956 ], [ 15.139425065179925, 48.022908608747031 ], [ 15.139430945333165, 48.022907977104943 ], [ 15.139457942280735, 48.022905126346508 ], [ 15.139519989283764, 48.022949871357902 ], [ 15.139570073430145, 48.022986164299567 ], [ 15.139865335604748, 48.023199683978085 ], [ 15.140094367944908, 48.023363844244258 ], [ 15.140533061310983, 48.023237946084933 ], [ 15.140589091365747, 48.023232932158173 ], [ 15.140819487605151, 48.023212058313888 ], [ 15.140827107509606, 48.023211309455689 ], [ 15.14110016127551, 48.023186619593368 ], [ 15.141163811115716, 48.023180856511814 ], [ 15.141210360531732, 48.023200286564816 ], [ 15.141254730605432, 48.023218760782463 ], [ 15.141325237655559, 48.023248255081803 ], [ 15.141584253683245, 48.023356332840805 ], [ 15.141720607715866, 48.023342864975078 ], [ 15.141730154030427, 48.023331917537185 ], [ 15.141975975879381, 48.023071437339532 ], [ 15.142034840190965, 48.023008967275395 ], [ 15.142121534575976, 48.023029479564194 ], [ 15.142162515359727, 48.023039187744544 ], [ 15.14252603981741, 48.023128353319436 ], [ 15.142576751188527, 48.023078338471805 ], [ 15.14258012758563, 48.023075136195601 ], [ 15.142604262453066, 48.023074849038885 ], [ 15.142679089597165, 48.023074219639469 ], [ 15.142742473286356, 48.023107153893015 ], [ 15.142962129612041, 48.023221242876602 ], [ 15.143039140641221, 48.023287348846956 ], [ 15.143142137220522, 48.023375545127273 ], [ 15.143384002583943, 48.023472458765433 ], [ 15.14347351167191, 48.023508313691195 ], [ 15.14350736122393, 48.023667959857548 ], [ 15.143685477897586, 48.023721416363287 ], [ 15.143721853659299, 48.023760711467965 ], [ 15.143758304169429, 48.023798295655645 ], [ 15.143761640526098, 48.02380166296151 ], [ 15.143713607506115, 48.023847677053041 ], [ 15.143653758619829, 48.023904944166539 ], [ 15.143717042924949, 48.023961995747847 ], [ 15.143510307819168, 48.024135031923883 ], [ 15.143631106688522, 48.024222049598436 ], [ 15.143641561471652, 48.024229534959112 ], [ 15.143682139646964, 48.024258505948083 ], [ 15.143763402076665, 48.024315636350593 ], [ 15.143939739998189, 48.024661395317075 ], [ 15.144149746865324, 48.024891265223296 ], [ 15.144031769610359, 48.02494341250533 ], [ 15.143767803995736, 48.0250600228498 ], [ 15.143503463109285, 48.02517744831168 ], [ 15.143287731195533, 48.02527314654813 ], [ 15.142665845920908, 48.025516649926381 ], [ 15.142638979187536, 48.025527148194023 ], [ 15.142786743797789, 48.025768701398043 ], [ 15.142807130885478, 48.025799517984261 ], [ 15.142814075234924, 48.025810207790833 ], [ 15.142935288251428, 48.025994044733864 ], [ 15.14334897113204, 48.026294611251757 ], [ 15.143378281770852, 48.02631583970863 ], [ 15.14345418328119, 48.0263614459327 ], [ 15.14348117071887, 48.026377581476105 ], [ 15.143395667449074, 48.026399254983112 ], [ 15.143241547490906, 48.026438288476875 ], [ 15.143210035729291, 48.026465686869969 ], [ 15.143064194588451, 48.026565421296915 ], [ 15.142857688248801, 48.026706777296532 ], [ 15.142636501696723, 48.02685808078612 ], [ 15.142615926641534, 48.026872080162455 ], [ 15.142345679630957, 48.026904738183838 ], [ 15.142300095860278, 48.026940274932699 ], [ 15.142282333139722, 48.026954140324982 ], [ 15.142204429273864, 48.027020867189044 ], [ 15.142157791621138, 48.0270608296563 ], [ 15.14215777915029, 48.027060856846909 ], [ 15.142115855364418, 48.027082811443599 ], [ 15.142064159433168, 48.027161780838298 ], [ 15.142003149509021, 48.027429605357405 ], [ 15.141961511235406, 48.027549064266289 ], [ 15.141962387208087, 48.027551498203202 ], [ 15.141894015763469, 48.027681480066832 ], [ 15.141877127172709, 48.027684983345075 ], [ 15.141785687917661, 48.027795825458824 ], [ 15.141805294784051, 48.027850149731613 ], [ 15.141815907781448, 48.027879571368914 ], [ 15.14189381683132, 48.028095445735467 ], [ 15.141930533161595, 48.028154550966811 ], [ 15.142053257784777, 48.028286416206981 ], [ 15.142338512330333, 48.028609275146309 ], [ 15.142402477898136, 48.028673074727408 ], [ 15.142492935453863, 48.028756482250621 ], [ 15.142690161490453, 48.028890377314021 ], [ 15.142753343903344, 48.028906496372954 ], [ 15.143064725930278, 48.028935447007946 ], [ 15.143115923147334, 48.028940207981691 ], [ 15.143183921788713, 48.028957097402966 ], [ 15.142980496273145, 48.029150336124893 ], [ 15.142782877462594, 48.029359006297163 ], [ 15.14269863171716, 48.029500862792297 ], [ 15.142640505739529, 48.029643885851108 ], [ 15.142551025423364, 48.029721565031466 ], [ 15.142370349322579, 48.029811701156291 ], [ 15.141754118039046, 48.030043915779622 ], [ 15.141232458794525, 48.030216123718816 ], [ 15.141178756949081, 48.030224655923853 ], [ 15.140756707572242, 48.030275499285594 ], [ 15.1405504213798, 48.030347999035584 ], [ 15.140464812757944, 48.030408626760867 ], [ 15.140303227171527, 48.030554630802719 ], [ 15.140276527669441, 48.030542962327729 ], [ 15.140926787852599, 48.030921912664297 ], [ 15.140998209410528, 48.030950403126973 ], [ 15.141299289862973, 48.031016971597836 ], [ 15.141380752583439, 48.031044855127703 ], [ 15.141653240460158, 48.03113796502879 ], [ 15.141884617222694, 48.03114434007459 ], [ 15.142040119898843, 48.03114857030134 ], [ 15.142096595643228, 48.031160016247554 ], [ 15.142104163790473, 48.031161607767018 ], [ 15.142408511586256, 48.031225602750908 ], [ 15.142506562914793, 48.0311671098315 ], [ 15.142681513805167, 48.031267770210079 ], [ 15.142992784341004, 48.031507847934883 ], [ 15.143299498917568, 48.031705522706432 ], [ 15.143324118972993, 48.031719085710598 ], [ 15.143337662352447, 48.031726612813443 ], [ 15.143388814113827, 48.031754698765575 ], [ 15.143397564454391, 48.031759421230781 ], [ 15.143651948878508, 48.031898882283294 ], [ 15.143595007994261, 48.031978330127558 ], [ 15.143548942559182, 48.032042580287239 ], [ 15.143563139340356, 48.032528372236918 ], [ 15.14347314249575, 48.03277238099475 ], [ 15.143532264285611, 48.033029806318176 ], [ 15.143429567332207, 48.033174759087821 ], [ 15.1434199599191, 48.033180128437998 ], [ 15.143320464923367, 48.033235765064035 ], [ 15.143031714000033, 48.033397123136965 ], [ 15.142940301911933, 48.033465321112097 ], [ 15.142937736394774, 48.033480298853178 ], [ 15.142934746974886, 48.033498522708769 ], [ 15.142933079242747, 48.033508447212817 ], [ 15.142931314906804, 48.033519453056599 ], [ 15.142936399371647, 48.033542230011648 ], [ 15.143014481709901, 48.033785501402562 ], [ 15.144125003955093, 48.033882964082409 ], [ 15.144220148464671, 48.033891284784751 ], [ 15.144453841647543, 48.033890599768242 ], [ 15.144753302372401, 48.033821216184336 ], [ 15.144833181899592, 48.033764805339381 ], [ 15.145023321109583, 48.033630541486794 ], [ 15.145098221073169, 48.03346568534095 ], [ 15.145155664606573, 48.033338986317027 ], [ 15.145226504161492, 48.033092126422879 ], [ 15.145769646354154, 48.032279782536271 ], [ 15.146079373918477, 48.031626675518091 ], [ 15.146375261327579, 48.031096525029824 ], [ 15.147130040150762, 48.029744002943715 ], [ 15.147298015410222, 48.029474652957589 ], [ 15.14781704435403, 48.028746182260626 ], [ 15.14784812847534, 48.028702681802912 ], [ 15.147942003937448, 48.028570820814487 ], [ 15.148051606741372, 48.028593939350721 ], [ 15.148092150041991, 48.028602482537423 ], [ 15.148108773362983, 48.028606001428535 ], [ 15.148176613727902, 48.02862023582891 ], [ 15.148211753169564, 48.028627693849138 ], [ 15.148231479128425, 48.028631704011055 ], [ 15.148300520008341, 48.028645739551266 ], [ 15.148323354870763, 48.028650420857623 ], [ 15.148395501558706, 48.028665037563613 ], [ 15.148458517045757, 48.028671698607937 ], [ 15.148718502608741, 48.028717835202464 ], [ 15.148871174498316, 48.028744957021971 ], [ 15.148982932064989, 48.028764441457085 ], [ 15.14935869252472, 48.0288298179915 ], [ 15.150551937722868, 48.02904002286369 ], [ 15.150893386961336, 48.029106202888698 ], [ 15.151111118661959, 48.029148498086776 ], [ 15.151175003179773, 48.029160813155642 ], [ 15.151206061373918, 48.029166624611157 ], [ 15.15122469629372, 48.029170111480454 ], [ 15.151234285053873, 48.029171940640978 ], [ 15.151118832043313, 48.029342657208879 ], [ 15.151097142815411, 48.029374672830308 ], [ 15.151063884729005, 48.029490377239803 ], [ 15.15105610874989, 48.029536662220657 ], [ 15.151030129500919, 48.029714882736123 ], [ 15.151050627076749, 48.029879415664148 ], [ 15.151053195408709, 48.029903041713197 ], [ 15.151097145274747, 48.030124527675738 ], [ 15.151144170296602, 48.030361083013283 ], [ 15.151168159252011, 48.030475708751311 ], [ 15.151177358545652, 48.030520197475767 ], [ 15.151199531238563, 48.030655818491347 ], [ 15.151205278621838, 48.030685963615909 ], [ 15.151209852055334, 48.030709378207369 ], [ 15.151215287346393, 48.030738268424258 ], [ 15.151223516751303, 48.030781872506786 ], [ 15.151062157583695, 48.030859723928039 ], [ 15.151013955529743, 48.030931659601492 ], [ 15.151009108186214, 48.030938844594893 ], [ 15.151012605734335, 48.030962186092879 ], [ 15.151032875885621, 48.0310971170911 ], [ 15.151578651761012, 48.03114757971948 ], [ 15.15161014708162, 48.031150504661483 ], [ 15.15166290641548, 48.031155345355877 ], [ 15.151722126984493, 48.031160804455986 ], [ 15.151763850503309, 48.031164648577956 ], [ 15.151817149347822, 48.031169570716635 ], [ 15.151851879473087, 48.031230575855787 ], [ 15.152045425234567, 48.031571283396481 ], [ 15.152055429613435, 48.031627277633277 ], [ 15.152156903270628, 48.03178621918579 ], [ 15.152326185127986, 48.031827653466394 ], [ 15.152387891080256, 48.03184279170295 ], [ 15.152419690532694, 48.031850570906606 ], [ 15.152385964922493, 48.031910581535612 ], [ 15.152310044568399, 48.032045493516094 ], [ 15.152310100448062, 48.032070148843154 ], [ 15.15231018177089, 48.032084005432615 ], [ 15.15231389504676, 48.032171143682099 ], [ 15.152315898808446, 48.032217005141597 ], [ 15.152316750400052, 48.03229518972347 ], [ 15.15231777564558, 48.032382190217312 ], [ 15.152319975052196, 48.032437497145075 ], [ 15.152321621784875, 48.032476975193035 ], [ 15.152323198478658, 48.032549029321494 ], [ 15.15233220537025, 48.032591811230226 ], [ 15.152350938004998, 48.032671064723644 ], [ 15.15251194341697, 48.033255335101607 ], [ 15.152561959268395, 48.033531166708933 ], [ 15.152545458701487, 48.033842417904523 ], [ 15.152542469625415, 48.033898976131475 ], [ 15.152536988224822, 48.034003266140736 ], [ 15.152533062252042, 48.034029153823376 ], [ 15.152467579691253, 48.034455366731805 ], [ 15.152364638581501, 48.034877038697203 ], [ 15.152373069625707, 48.034884105153452 ], [ 15.1524514319365, 48.034949643924826 ], [ 15.152438866985818, 48.03502398981113 ], [ 15.152375609071107, 48.035079784951378 ], [ 15.152297662017499, 48.035145259307242 ], [ 15.152184276515086, 48.035563765532373 ], [ 15.152180247904543, 48.035579036444283 ], [ 15.152175168144598, 48.035606471979875 ], [ 15.152166597076903, 48.035653039386901 ], [ 15.152150099334243, 48.035741574788119 ], [ 15.152136314323569, 48.035815579829105 ], [ 15.152589378268548, 48.035787766778789 ], [ 15.152844294751821, 48.03577215383212 ], [ 15.153076739718827, 48.035723958525118 ], [ 15.153328101149221, 48.03582934163822 ], [ 15.153500336089913, 48.035793609899791 ], [ 15.153872825436361, 48.035779116297768 ], [ 15.153932871828987, 48.035796529512268 ], [ 15.154061909479029, 48.035833914804435 ], [ 15.154245422522578, 48.035882861520172 ], [ 15.154413223358928, 48.035927555715162 ], [ 15.154495023358509, 48.035949305850167 ], [ 15.154962199403631, 48.03612553005177 ], [ 15.155143986225706, 48.036194119491178 ], [ 15.155153988454087, 48.036207730020465 ], [ 15.155246669860494, 48.036333422378235 ], [ 15.155562577204767, 48.036293087643124 ], [ 15.155798607732525, 48.036263007659322 ], [ 15.156025074715272, 48.036297057839334 ], [ 15.156549899771644, 48.036375903297767 ], [ 15.156731504433141, 48.036431535151209 ], [ 15.156787807202928, 48.036449275808927 ], [ 15.156815954816921, 48.036456121498972 ], [ 15.157138248497381, 48.036582876166428 ], [ 15.15730313877232, 48.03664776897206 ], [ 15.157305295123125, 48.036651874373575 ], [ 15.157315097246641, 48.036671246989329 ], [ 15.157349333880434, 48.036737027564662 ], [ 15.157360983257085, 48.03675934062548 ], [ 15.157554752348737, 48.037131620837165 ], [ 15.158328725809953, 48.037171439084538 ], [ 15.159080654311428, 48.037210069945658 ], [ 15.159605738449416, 48.037196391866829 ], [ 15.15993604316993, 48.037187763314755 ], [ 15.160203094825404, 48.037177522006431 ], [ 15.161186209587202, 48.037139693340983 ], [ 15.161412830102138, 48.03712054880252 ], [ 15.161686811565986, 48.037097506617243 ], [ 15.16192372798989, 48.037023846829555 ], [ 15.16212175654627, 48.036962318868028 ], [ 15.162316922620537, 48.036953027804429 ], [ 15.162934587513044, 48.03693562279971 ], [ 15.163993644179795, 48.036985746897948 ], [ 15.164197526145085, 48.036995391990366 ], [ 15.164387733962853, 48.03711224666278 ], [ 15.164396786919998, 48.03711786265626 ], [ 15.164487157206205, 48.037173305180978 ], [ 15.164497986425221, 48.037176013519378 ], [ 15.164802127910088, 48.037251382056567 ], [ 15.165359689625275, 48.037359995642241 ], [ 15.165650965876196, 48.037416668360365 ], [ 15.165875531357667, 48.037442090847343 ], [ 15.165982897334622, 48.037454249827725 ], [ 15.166186314294411, 48.037477306780168 ], [ 15.166703615226583, 48.037535978783609 ], [ 15.167094458568169, 48.03753564007836 ], [ 15.167429705767686, 48.037453932952616 ], [ 15.167433962174583, 48.037452875695237 ], [ 15.16744460477439, 48.037450277519241 ], [ 15.167532814381071, 48.037493783749539 ], [ 15.167557509861714, 48.037520658512427 ], [ 15.167562671123552, 48.03752624591317 ], [ 15.16756657797113, 48.037530503384794 ], [ 15.167570777262803, 48.037539255544552 ], [ 15.168051284946879, 48.037429419810529 ], [ 15.16821700219699, 48.037391609716394 ], [ 15.168268113664015, 48.037379911568713 ], [ 15.168710387166191, 48.037281747152008 ], [ 15.169129156784669, 48.03703448608627 ], [ 15.169181204944543, 48.037003695548371 ], [ 15.169728448887891, 48.038509311439405 ], [ 15.169891974066688, 48.039021980724556 ], [ 15.169972991227308, 48.039276167413632 ], [ 15.170569701332637, 48.039211721551652 ], [ 15.170589619628307, 48.039209605854388 ], [ 15.170852015515552, 48.039181236734287 ], [ 15.171111507908332, 48.039127626895599 ], [ 15.17160331456447, 48.039025966052975 ], [ 15.171771026054904, 48.038991358795577 ], [ 15.172249865554832, 48.039503068852966 ], [ 15.17226869554321, 48.039610753637007 ], [ 15.172393916886142, 48.040090462869479 ], [ 15.172404636588217, 48.040135645827384 ], [ 15.172405440492266, 48.040139412493446 ], [ 15.172406506261646, 48.040142995028511 ], [ 15.172413292935985, 48.040167993484822 ], [ 15.172472154822069, 48.04035675025365 ], [ 15.172474130042204, 48.040363287899361 ], [ 15.172572951036745, 48.040680450645851 ], [ 15.172610941629987, 48.040931719389597 ], [ 15.172630751870045, 48.040979727511591 ], [ 15.172653772441835, 48.041004648121245 ], [ 15.172675174185395, 48.041029324475446 ], [ 15.172679733209259, 48.041033031504753 ], [ 15.172691731092009, 48.041042199557168 ], [ 15.172730543538355, 48.041073528357785 ], [ 15.172779154186665, 48.041112530354418 ], [ 15.17290186022757, 48.041239622063806 ], [ 15.172947361557991, 48.041293161192023 ], [ 15.1730257608444, 48.041385321864524 ], [ 15.173346025140663, 48.041805870278836 ], [ 15.173540758215891, 48.04213707610409 ], [ 15.173598996374277, 48.042239635194186 ], [ 15.17360471043569, 48.042249442913317 ], [ 15.173630005510423, 48.042293134358438 ], [ 15.173638286150736, 48.042307220644688 ], [ 15.173802286666275, 48.042254672308985 ], [ 15.174173805362742, 48.042135565295716 ], [ 15.174454281111794, 48.04204508020625 ], [ 15.1745451148904, 48.041995403554104 ], [ 15.174788047390846, 48.041947538114414 ], [ 15.175226326002289, 48.04167870855693 ], [ 15.17545897029305, 48.041476588457947 ], [ 15.175464306638769, 48.041471914273728 ], [ 15.175471737871826, 48.041465766986576 ], [ 15.175582142812042, 48.04137384449335 ], [ 15.175681986593508, 48.04129063859731 ], [ 15.176106587474521, 48.041056487896398 ], [ 15.176485865955188, 48.041058461607832 ], [ 15.176639268416306, 48.04105925982617 ], [ 15.176646832385439, 48.041090994680893 ], [ 15.176689529112451, 48.041269928284073 ], [ 15.17670386886323, 48.041330081026267 ], [ 15.177447073087816, 48.041313390926256 ], [ 15.177560327047471, 48.041207293230713 ], [ 15.177568904487622, 48.041199417808343 ], [ 15.177754402245828, 48.041189535017992 ], [ 15.178112139736999, 48.04117051963263 ], [ 15.17837272966937, 48.041079621678065 ], [ 15.178530730815176, 48.040952653159295 ], [ 15.178680636253846, 48.040832022469736 ], [ 15.17879528013056, 48.040708443945519 ], [ 15.178803295374102, 48.040699857491148 ], [ 15.178957558830062, 48.040702258664226 ], [ 15.179082822860483, 48.04070422191031 ], [ 15.179339815973378, 48.040572525092124 ], [ 15.179556869361575, 48.040650413309542 ], [ 15.179694548434979, 48.040699780923234 ], [ 15.179863940347257, 48.040708778703852 ], [ 15.180128651644706, 48.040722915399513 ], [ 15.18013229846712, 48.040716018264852 ], [ 15.180135063921865, 48.040710754943341 ], [ 15.180170086849182, 48.040616160437907 ], [ 15.180196653358733, 48.040544197425866 ], [ 15.180201486435811, 48.040434516610617 ], [ 15.180201716564873, 48.040429653661448 ], [ 15.180220307268709, 48.040004080233643 ], [ 15.180256301249081, 48.039887693409298 ], [ 15.180278374949594, 48.039810132837225 ], [ 15.180361929906732, 48.039517603456844 ], [ 15.180412655144149, 48.039339880657778 ], [ 15.180417218572032, 48.039324780101133 ], [ 15.180418179796892, 48.039321615236972 ], [ 15.180415555053072, 48.039175698669375 ], [ 15.18041431579201, 48.039110478073518 ], [ 15.180414213903411, 48.039103820682371 ], [ 15.180413468467517, 48.03906387847374 ], [ 15.180412433150835, 48.039008193213931 ], [ 15.180409123602253, 48.038824043200094 ], [ 15.180401833813995, 48.038387633884746 ], [ 15.18040090073581, 48.038331047114781 ], [ 15.18041625420474, 48.038287248675068 ], [ 15.180418023541408, 48.038276602022762 ], [ 15.180427560023452, 48.038220118236531 ], [ 15.180445853663597, 48.038111662423475 ], [ 15.180454952538636, 48.038057975199024 ], [ 15.180486168834177, 48.037999885817122 ], [ 15.180512601727495, 48.037950691417834 ], [ 15.180518394091555, 48.037939980597308 ], [ 15.180535387999281, 48.03790839416569 ], [ 15.180558618456523, 48.037855921320926 ], [ 15.180553346890783, 48.037779156719289 ], [ 15.180475779013626, 48.037468499807723 ], [ 15.180475827432717, 48.037303373334325 ], [ 15.180529036554995, 48.037067119295337 ], [ 15.180559642277139, 48.036931291030122 ], [ 15.180567047808829, 48.03689796779075 ], [ 15.180580628767107, 48.036531774931248 ], [ 15.180602640946173, 48.035941740348463 ], [ 15.180603302607221, 48.035922562604831 ], [ 15.180603743763955, 48.035908517626247 ], [ 15.180615159390527, 48.035545598697141 ], [ 15.180616527194109, 48.035512281756517 ], [ 15.180618275401731, 48.035466990500559 ], [ 15.1806247312318, 48.035300951821576 ], [ 15.180633299215961, 48.035088536222602 ], [ 15.180606376719984, 48.034719029783268 ], [ 15.180573808763427, 48.034458947373103 ], [ 15.180555416497072, 48.034201338427174 ], [ 15.180549095350397, 48.034113882042661 ], [ 15.180553808165824, 48.034103008445719 ], [ 15.180564207666285, 48.034078456124114 ], [ 15.180578461045066, 48.034045293575446 ], [ 15.180812246108289, 48.034069820065525 ], [ 15.18121660147091, 48.034140937284533 ], [ 15.181291935336615, 48.034154133082737 ], [ 15.181298959175008, 48.034155460790906 ], [ 15.181741580980379, 48.034174403071475 ], [ 15.181793822628899, 48.03417581889272 ], [ 15.181914958900162, 48.034179104534779 ], [ 15.181960486372851, 48.03418035749646 ], [ 15.18200775704657, 48.034181582612739 ], [ 15.182044102375993, 48.034184961832146 ], [ 15.182107234199277, 48.034190792995112 ], [ 15.182598557601997, 48.034236130558945 ], [ 15.182717689073478, 48.03424718625309 ], [ 15.182732123155958, 48.034245605941884 ], [ 15.182742547238398, 48.034244449615557 ], [ 15.182828213064836, 48.034234982693413 ], [ 15.182987920109348, 48.034217404155747 ], [ 15.182991796012161, 48.034216982302269 ], [ 15.182997009644328, 48.034216449095481 ], [ 15.183017455508558, 48.034214142819472 ], [ 15.183025475497676, 48.034213294826898 ], [ 15.183267324061909, 48.034245696435939 ], [ 15.183544496789009, 48.034282932401304 ], [ 15.183590330975562, 48.034289039118924 ], [ 15.183744126031854, 48.034316547464982 ], [ 15.183790305127628, 48.034324808279749 ], [ 15.1838017828576, 48.034326874551894 ], [ 15.183832030432075, 48.034332330361941 ], [ 15.183988619033657, 48.034347825484588 ], [ 15.184095794448824, 48.034358440925075 ], [ 15.184169845727638, 48.034365716226411 ], [ 15.184293711069181, 48.034328731605122 ], [ 15.184605562205784, 48.034235559582257 ], [ 15.185121462387842, 48.034081442396023 ], [ 15.185527524948235, 48.033970203707163 ], [ 15.185788622631716, 48.033898717144396 ], [ 15.186015150159031, 48.03383606185163 ], [ 15.186483743359773, 48.033770432626945 ], [ 15.186953807178959, 48.033704687960281 ], [ 15.187119307170136, 48.033665234084772 ], [ 15.187487161371163, 48.033577636707754 ], [ 15.187424595995616, 48.033410542583141 ], [ 15.187356988666018, 48.033229941095414 ], [ 15.187338472474774, 48.033169586250004 ], [ 15.187285951600304, 48.032998191825627 ], [ 15.187229464236404, 48.032662544455867 ], [ 15.187200530857018, 48.032490412411782 ], [ 15.18726681014115, 48.032399994151127 ], [ 15.187284718231629, 48.03237541093447 ], [ 15.187414833232475, 48.032329504049372 ], [ 15.187549589836872, 48.032282082899002 ], [ 15.188108525620622, 48.031969605314984 ], [ 15.18816298386775, 48.031939127284005 ], [ 15.188921656091745, 48.03152805978435 ], [ 15.188943900038115, 48.031516005012428 ], [ 15.188966013092536, 48.03150404232067 ], [ 15.18931787931955, 48.0313108700418 ], [ 15.189620799396179, 48.031144757529241 ], [ 15.189641552069901, 48.031132276585993 ], [ 15.189664280743745, 48.031118774103192 ], [ 15.189927150327684, 48.030962031530699 ], [ 15.18985193284948, 48.030895567076904 ], [ 15.189669404787281, 48.030882295574415 ], [ 15.18953247207646, 48.030872252360247 ], [ 15.18950355122227, 48.030870106315028 ], [ 15.188754872689893, 48.030815514145381 ], [ 15.188295658510258, 48.030782016963087 ], [ 15.188288805694093, 48.030706357536353 ], [ 15.188317665072914, 48.030672869945469 ], [ 15.188694410575916, 48.030236605436656 ], [ 15.188854501876152, 48.030053165978345 ], [ 15.188958002610303, 48.029889260493981 ], [ 15.189083430964399, 48.029696927472884 ], [ 15.189227777261596, 48.029662848595116 ], [ 15.189359902847862, 48.029628425489946 ], [ 15.189391306724795, 48.02960614521951 ], [ 15.189453983522188, 48.029561676737636 ], [ 15.189475548195142, 48.029489161300482 ], [ 15.189491244618894, 48.02943644712969 ], [ 15.189660611979079, 48.029261226546282 ], [ 15.189706419286864, 48.029213968781534 ], [ 15.189756363218001, 48.029162325289739 ], [ 15.18989417444449, 48.029185852178124 ], [ 15.189910372895277, 48.029188652031543 ], [ 15.189956247187759, 48.029165869625203 ], [ 15.19024546723122, 48.029022291635378 ], [ 15.190269063409689, 48.029010574841223 ], [ 15.190326511906733, 48.028981307562027 ], [ 15.190544328777303, 48.028893316168514 ], [ 15.190625923309977, 48.028860241939896 ], [ 15.190784327199182, 48.028776532551873 ], [ 15.190868728832449, 48.02873189474164 ], [ 15.190874640487264, 48.028728380390696 ], [ 15.190923635022012, 48.028699068443956 ], [ 15.190931385278363, 48.028694444746961 ], [ 15.191074431565108, 48.028601442656566 ], [ 15.191436579642835, 48.02833997794572 ], [ 15.191758378872162, 48.028109575336515 ], [ 15.191848484116205, 48.02805188705188 ], [ 15.19190317469022, 48.028016814037819 ], [ 15.192141882570478, 48.027864053228278 ], [ 15.19218905371263, 48.027787436627371 ], [ 15.19231154933731, 48.027588577705181 ], [ 15.192445086628442, 48.027375863260026 ], [ 15.192646826482418, 48.027303783636434 ], [ 15.19274656780507, 48.027268076768365 ], [ 15.192778512995186, 48.027253525740107 ], [ 15.192855471205442, 48.027218454601837 ], [ 15.192915534295516, 48.027191123700391 ], [ 15.192927283894374, 48.027185805720144 ], [ 15.192931506845635, 48.027183848163901 ], [ 15.193040643482435, 48.027137011680303 ], [ 15.193187824852998, 48.027073636237866 ], [ 15.193206191388624, 48.027065782284602 ], [ 15.193220721922636, 48.027063209214894 ], [ 15.193249112619201, 48.027058073837942 ], [ 15.193314027524231, 48.027046412587552 ], [ 15.193345086827394, 48.027040874370208 ], [ 15.193365641017268, 48.027037934557725 ], [ 15.19339967882067, 48.027033158366216 ], [ 15.19338595148473, 48.026983075910813 ], [ 15.193374693627563, 48.026942042514243 ], [ 15.193296006814109, 48.026887334327036 ], [ 15.193268895175526, 48.026886959938679 ], [ 15.193160324183154, 48.026885734282772 ], [ 15.19312086820047, 48.026885288172949 ], [ 15.192883287655574, 48.026986740237355 ], [ 15.192833076628451, 48.026951821596093 ], [ 15.192821796958933, 48.026943993858751 ], [ 15.192807948292115, 48.026841630602391 ], [ 15.192804812054694, 48.026817654327054 ], [ 15.192811230765471, 48.026813321839803 ], [ 15.192992834458966, 48.026692071840309 ], [ 15.192963274224089, 48.026641883673996 ], [ 15.192922017150128, 48.026572176106917 ], [ 15.192891885454694, 48.026521007238578 ], [ 15.192818649060916, 48.026483668765465 ], [ 15.192701142215782, 48.026423734419339 ], [ 15.192355455227132, 48.02624742046676 ], [ 15.192029228264422, 48.026078802007859 ], [ 15.191851443118072, 48.02598743895927 ], [ 15.191821651093161, 48.025972079364429 ], [ 15.191741509038582, 48.025865200809953 ], [ 15.191773824811623, 48.025800881052248 ], [ 15.191839828231773, 48.025669339884168 ], [ 15.191836482234267, 48.02566579409396 ], [ 15.191819902363243, 48.025648512669228 ], [ 15.191868442605115, 48.025632885618521 ], [ 15.191942418765793, 48.025604521975005 ], [ 15.192157926545754, 48.025497396918958 ], [ 15.192232018994158, 48.025461022334369 ], [ 15.19255804300845, 48.025300739329914 ], [ 15.192609214500349, 48.025276160948785 ], [ 15.192614621463498, 48.025273554475646 ], [ 15.192745984403119, 48.025210613463926 ], [ 15.192797637697426, 48.025169469564851 ], [ 15.1928076817407, 48.025161479352384 ], [ 15.1930112201019, 48.024997222836028 ], [ 15.193066732621556, 48.024974014318651 ], [ 15.19306430014754, 48.024909622352418 ], [ 15.193029763343048, 48.024870312619377 ], [ 15.192897334883314, 48.024719190877732 ], [ 15.192885294213363, 48.024588542453813 ], [ 15.193017469267184, 48.024574721214215 ], [ 15.193142123828618, 48.024402822602589 ], [ 15.1931305675906, 48.024334617726744 ], [ 15.193240961634018, 48.024206681970448 ], [ 15.193262091307847, 48.024182315884225 ], [ 15.193313643771759, 48.02412335581041 ], [ 15.19334481004727, 48.024072012196626 ], [ 15.193359524504372, 48.024052068548286 ], [ 15.193381026584444, 48.024023107091246 ], [ 15.193483924540397, 48.02389565144378 ], [ 15.193582623985224, 48.023857260814061 ], [ 15.194136791441579, 48.023628876218602 ], [ 15.194586084635766, 48.023348722214607 ], [ 15.194620598088834, 48.023327290270771 ], [ 15.19545271669309, 48.022810519625644 ], [ 15.19555777959803, 48.022755107226061 ], [ 15.195575949121769, 48.0227455462596 ], [ 15.195671536087177, 48.022695235483873 ], [ 15.195694617649281, 48.022684245672828 ], [ 15.195750815891921, 48.0226352883018 ], [ 15.19576259858472, 48.02262717985603 ], [ 15.195774384488452, 48.022619161344934 ], [ 15.195782159127418, 48.022615256801373 ], [ 15.195804247548741, 48.022602753153315 ], [ 15.195903002330903, 48.022547261922959 ], [ 15.195968616371143, 48.022510301295256 ], [ 15.196139466807121, 48.022415315241339 ], [ 15.196158800859633, 48.022404565602983 ], [ 15.196279522136379, 48.022325683767512 ], [ 15.196488875433852, 48.022193362672198 ], [ 15.196509332267032, 48.022180255224747 ], [ 15.19662694117002, 48.022104392683254 ], [ 15.196831868710275, 48.021972142156002 ], [ 15.197030608385935, 48.021801926060043 ], [ 15.197080064931274, 48.021759555629636 ], [ 15.197166618517548, 48.021685542228063 ], [ 15.197044156077327, 48.021644409502215 ], [ 15.196842131600599, 48.021576481114614 ], [ 15.196912882357386, 48.021293140914857 ], [ 15.196931062477933, 48.021220138220876 ], [ 15.196962866567739, 48.021093013586253 ], [ 15.196932511226128, 48.020694316726576 ], [ 15.196918636619914, 48.020613911066519 ], [ 15.196851438968514, 48.020227685544526 ], [ 15.19685006097399, 48.020219158890761 ], [ 15.19682523360871, 48.020061270096036 ], [ 15.196693049637926, 48.019995726869105 ], [ 15.196679939146414, 48.019989188799151 ], [ 15.196623404812284, 48.019961122638378 ], [ 15.196554406835849, 48.019922098558048 ], [ 15.196540306543779, 48.019914136598544 ], [ 15.196478253443621, 48.019836755922448 ], [ 15.196471169313853, 48.019758670590299 ], [ 15.196504491211165, 48.019745266092599 ], [ 15.196655232607215, 48.019684618012533 ], [ 15.196658736300137, 48.019681322063555 ], [ 15.196697499977429, 48.019643803198591 ], [ 15.196927924540617, 48.01949341427126 ], [ 15.196996611950283, 48.019448754519068 ], [ 15.197009714966709, 48.019440084742591 ], [ 15.197097929098357, 48.019382602291721 ], [ 15.197220794298694, 48.01930764420824 ], [ 15.197226047057509, 48.019304500057039 ], [ 15.197246600224656, 48.019275373072297 ], [ 15.19727034706669, 48.01924178526447 ], [ 15.197369962667231, 48.019131836131869 ], [ 15.197458604841209, 48.019033851993285 ], [ 15.197497469340451, 48.018995431334261 ], [ 15.19753932046557, 48.018954262935459 ], [ 15.197549018362746, 48.018959146091362 ], [ 15.197560082525689, 48.018964727148308 ], [ 15.197655296411572, 48.019012957164193 ], [ 15.197678174252315, 48.018988831975207 ], [ 15.197785568876112, 48.018875157671665 ], [ 15.198319873423982, 48.018573461385671 ], [ 15.198366943241826, 48.018546966598905 ], [ 15.198392711940743, 48.018532423382325 ], [ 15.198324065567848, 48.018387029078021 ], [ 15.198292719090887, 48.018320673093655 ], [ 15.198217838440057, 48.018255918257367 ], [ 15.198210639294018, 48.018249645089107 ], [ 15.198186414444221, 48.018228618209207 ], [ 15.198136170653573, 48.018185153528407 ], [ 15.198047060898881, 48.018138805324483 ], [ 15.198026282978933, 48.01812789151613 ], [ 15.198014941188633, 48.018122045012433 ], [ 15.197976366669701, 48.018101069240601 ], [ 15.197915750938412, 48.018060111205465 ], [ 15.197671404746494, 48.017892349621377 ], [ 15.197686021455297, 48.017877266244227 ], [ 15.197728055973473, 48.017833755108349 ], [ 15.197970565152131, 48.017582832786701 ], [ 15.197992166093522, 48.017560527835045 ], [ 15.198023447241829, 48.017516379890317 ], [ 15.198353378100487, 48.01705113727121 ], [ 15.198387807039714, 48.017001269264114 ], [ 15.198454642283991, 48.016904985339252 ], [ 15.198461533188633, 48.016895155629811 ], [ 15.198473232543387, 48.016881019020424 ], [ 15.198477861883607, 48.016875455176198 ], [ 15.19848670761572, 48.016860284685976 ], [ 15.198494928172998, 48.016846384097526 ], [ 15.198496517196743, 48.016834570084796 ], [ 15.198497183064029, 48.016830689878191 ], [ 15.198568017959525, 48.016340284489331 ], [ 15.19857126354197, 48.016318545114359 ], [ 15.19861623118106, 48.016229632443839 ], [ 15.198579644990794, 48.01616300097843 ], [ 15.198537464176892, 48.016086201021672 ], [ 15.198461058088506, 48.015843834805807 ], [ 15.198432833971152, 48.015744762910792 ], [ 15.198425412841944, 48.015721035678787 ], [ 15.198419052339247, 48.015700710898827 ], [ 15.198412536200816, 48.015672289714402 ], [ 15.198424251029122, 48.01546746847059 ], [ 15.198430875102261, 48.015420208082396 ], [ 15.198437811168077, 48.015370423004619 ], [ 15.198466007464221, 48.015262613135832 ], [ 15.198534872569546, 48.015121932319786 ], [ 15.198708921333056, 48.015049657192648 ], [ 15.198775260882075, 48.015022041753767 ], [ 15.198851515088196, 48.014990397019851 ], [ 15.199199636136703, 48.014846565032663 ], [ 15.199670795667499, 48.014651794923083 ], [ 15.199772855768227, 48.014554312251995 ], [ 15.199778818731035, 48.01454854686785 ], [ 15.20030466333078, 48.014045943294065 ], [ 15.200718582811371, 48.013657627709371 ], [ 15.200728575084062, 48.013648287738967 ], [ 15.200818106484645, 48.013564324388398 ], [ 15.200842840601572, 48.013502283558651 ], [ 15.200941521297116, 48.013254484243468 ], [ 15.201317563389198, 48.012311100953362 ], [ 15.201547400436334, 48.011775202181184 ], [ 15.201550123507346, 48.011768859065072 ], [ 15.201553190648854, 48.011760890609843 ], [ 15.201677162905668, 48.011436912225662 ], [ 15.201687457662556, 48.011409839613549 ], [ 15.201720272213354, 48.011266498804616 ], [ 15.201724581051113, 48.011207127078421 ], [ 15.201735046119635, 48.011061357362117 ], [ 15.201756236518456, 48.011053906259946 ], [ 15.201892782186981, 48.011005898185893 ], [ 15.2019305800128, 48.010990349995396 ], [ 15.202243405163598, 48.010861745943423 ], [ 15.202291907740788, 48.010841795352228 ], [ 15.202989439154655, 48.010005249201065 ], [ 15.203007693760586, 48.009983267188595 ], [ 15.203072386373858, 48.009887554631412 ], [ 15.203110594626319, 48.009831144754671 ], [ 15.203240099981626, 48.009639357567089 ], [ 15.203482018822683, 48.009478419752149 ], [ 15.203519185571739, 48.009452802523903 ], [ 15.203531879681263, 48.009444048541411 ], [ 15.203562232046632, 48.009415391811189 ], [ 15.203800402313794, 48.009191162128175 ], [ 15.20391624414173, 48.009082114104764 ], [ 15.204127390358554, 48.008923291927701 ], [ 15.20504120371411, 48.008602918558807 ], [ 15.205090575165331, 48.008607249520551 ], [ 15.205227529919393, 48.008619432883528 ], [ 15.20533448075234, 48.008628861764464 ], [ 15.205657107417581, 48.008374285831046 ], [ 15.20600294097196, 48.008101335797292 ], [ 15.206042032004353, 48.008080815914404 ], [ 15.206293703314563, 48.007949140289057 ], [ 15.206936820587545, 48.007612434026399 ], [ 15.207086479001754, 48.007534151169871 ], [ 15.207821988557532, 48.007257316140368 ], [ 15.208220922969094, 48.007040731741299 ], [ 15.208324571199766, 48.006984519758738 ], [ 15.20869646945763, 48.006631589145712 ], [ 15.208594597092549, 48.006483678889239 ], [ 15.208259636413016, 48.006189623811032 ], [ 15.208222090698447, 48.00617475399546 ], [ 15.206978852288062, 48.00568168219165 ], [ 15.20689587293016, 48.005648829838755 ], [ 15.206877505188613, 48.005626540066245 ], [ 15.206805138845386, 48.0055382629522 ], [ 15.206523546077289, 48.005195195338921 ], [ 15.206381628859864, 48.005022284601388 ], [ 15.206293886034432, 48.00498743918704 ], [ 15.206255250227686, 48.004972046460701 ], [ 15.206178959081745, 48.004886442144723 ], [ 15.206164988762554, 48.004870830239035 ], [ 15.206111192125231, 48.004810418602709 ], [ 15.20608224440608, 48.004795948919238 ], [ 15.205920976772109, 48.004715138947404 ], [ 15.205803268200006, 48.004656121161489 ], [ 15.205725911267143, 48.004589341383728 ], [ 15.205683012962314, 48.004552330215972 ], [ 15.205678774394439, 48.00454259004492 ], [ 15.205631086160489, 48.004431955815818 ], [ 15.205637074223098, 48.004385874854492 ], [ 15.20564572131204, 48.004320493350143 ], [ 15.205652755516606, 48.004266206513918 ], [ 15.2056652489615, 48.004225779569765 ], [ 15.205687718710131, 48.004153245333235 ], [ 15.205627395725724, 48.003993231855695 ], [ 15.205591080042367, 48.003896811777906 ], [ 15.205382480657587, 48.00367782458401 ], [ 15.205038372352014, 48.003434212011022 ], [ 15.20493173900403, 48.003358636368922 ], [ 15.204603880843541, 48.003134287253985 ], [ 15.204458592973133, 48.002967997892 ], [ 15.204433234685645, 48.002919004204067 ], [ 15.204330789692479, 48.002720976019901 ], [ 15.204236927268994, 48.002620086523606 ], [ 15.204115172254394, 48.002489231727296 ], [ 15.203992434599183, 48.002357132851714 ], [ 15.20396900763021, 48.002332044776438 ], [ 15.203939264279819, 48.002317767414212 ], [ 15.20350908218693, 48.002111357026209 ], [ 15.203660467623708, 48.001950710940577 ], [ 15.204070648211991, 48.001446625128331 ], [ 15.204098517392476, 48.001412428955653 ], [ 15.204120473975459, 48.001385347453436 ], [ 15.204255832833859, 48.001219110301101 ], [ 15.204496874284798, 48.000922840708071 ], [ 15.204505514495469, 48.000816154612586 ], [ 15.204506270165014, 48.000807323520334 ], [ 15.20450750861947, 48.000793265288337 ], [ 15.204523547187216, 48.000601330427379 ], [ 15.204474613310497, 48.000541739309867 ], [ 15.204444191344747, 48.000504795948011 ], [ 15.204419933560329, 48.000475221965296 ], [ 15.20428285966036, 48.000354513735459 ], [ 15.204181920192083, 48.000265527094847 ], [ 15.204146213121922, 48.000200862641648 ], [ 15.204139041690098, 48.000187840246411 ], [ 15.204120189681982, 48.00015196960851 ], [ 15.204093258987024, 48.000100211602543 ], [ 15.204049050527402, 48.000015347137776 ], [ 15.204099419688717, 48.000014082985203 ], [ 15.204368277437586, 48.000007306878494 ], [ 15.204470757771146, 48.000004750107848 ], [ 15.205040666164338, 48.000021450968084 ], [ 15.205062812251853, 48.000022082666938 ], [ 15.20507021796219, 48.000022952765299 ], [ 15.205078430922647, 48.000023899795728 ], [ 15.205218995779257, 48.000040163923629 ], [ 15.205487330819626, 48.000071098880881 ], [ 15.205789860324776, 48.000139455148172 ], [ 15.205913683534458, 48.00016741786181 ], [ 15.20609108475856, 48.000219980212897 ], [ 15.20610517948443, 48.000224161568376 ], [ 15.206220646533678, 48.000258378404077 ], [ 15.20640590874528, 48.000287146067151 ], [ 15.206503326685363, 48.000292948388974 ], [ 15.20669736183809, 48.000304655738042 ], [ 15.206905622320445, 48.000354017665536 ], [ 15.207052485978499, 48.000388805256208 ], [ 15.207094704328545, 48.000362204997053 ], [ 15.207161572295375, 48.000320087526426 ], [ 15.207184649453591, 48.000305585661096 ], [ 15.207186923644505, 48.000290520741345 ], [ 15.207195089157535, 48.000237925171092 ], [ 15.207196173796337, 48.000230798509037 ], [ 15.207208897347488, 48.000148342904296 ], [ 15.207270758419334, 47.999746891896621 ], [ 15.207273933968459, 47.999275750002333 ], [ 15.207299431432659, 47.99920550594284 ], [ 15.207325301733746, 47.999134445939788 ], [ 15.20766147317201, 47.998232984620685 ], [ 15.207681219335271, 47.998200448855052 ], [ 15.207864320469984, 47.99789710085269 ], [ 15.208908914900803, 47.996958240906068 ], [ 15.209046164121833, 47.996822922975014 ], [ 15.209092130556849, 47.996777633467964 ], [ 15.209103288454019, 47.99676728387648 ], [ 15.209199874131224, 47.996642073682843 ], [ 15.209218401846194, 47.996594349262324 ], [ 15.209223439316808, 47.996581579186412 ], [ 15.209235100839564, 47.996551693853327 ], [ 15.20927007885513, 47.996461857972655 ], [ 15.209284756154966, 47.996433813508332 ], [ 15.20929266055461, 47.996418747232958 ], [ 15.209366095736764, 47.996417736723068 ], [ 15.209547137794111, 47.996415251521761 ], [ 15.209549947039871, 47.996362922491087 ], [ 15.209551259482778, 47.996198221731333 ], [ 15.209549807207475, 47.996005129329092 ], [ 15.209601068023781, 47.995928167680574 ], [ 15.209708374675399, 47.995761928236234 ], [ 15.209710532776413, 47.995758563657013 ], [ 15.209714848977615, 47.9957518344984 ], [ 15.209880952630163, 47.995494562657626 ], [ 15.209780893573107, 47.994822888819662 ], [ 15.210204096839687, 47.994356002434593 ], [ 15.210313356658476, 47.99420691845549 ], [ 15.210423749372763, 47.99402973944904 ], [ 15.210641227006635, 47.993680384106902 ], [ 15.210991646780668, 47.993039376778768 ], [ 15.211420027957921, 47.992173570205445 ], [ 15.209849878966224, 47.992269775632131 ], [ 15.209386261051021, 47.992257675714136 ], [ 15.208497004592719, 47.992234564636902 ], [ 15.20727069928579, 47.992266849524356 ], [ 15.206959438149193, 47.992275129553313 ], [ 15.206783721732013, 47.992291113028969 ], [ 15.206305353089787, 47.992334852689972 ], [ 15.205033401164297, 47.992555839211754 ], [ 15.205012376942687, 47.992560228781585 ], [ 15.204981244170792, 47.992566851595818 ], [ 15.203529813571183, 47.992620825609855 ], [ 15.203237133620524, 47.992616466811597 ], [ 15.203133852676023, 47.992614986175084 ], [ 15.202870722973284, 47.992586031969942 ], [ 15.202076390097883, 47.992488357002877 ], [ 15.202059424275522, 47.992486291292991 ], [ 15.201852459122676, 47.992460837176864 ], [ 15.201798597946691, 47.992454237855483 ], [ 15.201714170911105, 47.992443902587254 ], [ 15.201340123816298, 47.992106724855802 ], [ 15.200867588926833, 47.991680876922395 ], [ 15.200771726041941, 47.99159450514906 ], [ 15.200576343250836, 47.991461865348462 ], [ 15.200350317132003, 47.991308302370292 ], [ 15.199802034740863, 47.991222659735719 ], [ 15.199689864914525, 47.99117875481933 ], [ 15.199659136500193, 47.991162962509122 ], [ 15.19959331507941, 47.991129288533315 ], [ 15.199256940529645, 47.990945107311525 ], [ 15.198929026137003, 47.990794984421683 ], [ 15.198887186321807, 47.990775861506407 ], [ 15.198817956422996, 47.990744311794984 ], [ 15.19864632176801, 47.990559542480149 ], [ 15.198538481128118, 47.990351787343918 ], [ 15.198338053803903, 47.990149034048905 ], [ 15.198231747797831, 47.990074077149956 ], [ 15.198152165953028, 47.990004178758895 ], [ 15.198090443225288, 47.989950100462039 ], [ 15.198013281649969, 47.989854156252584 ], [ 15.197996489301648, 47.989841918448569 ], [ 15.197861886060251, 47.989744110181881 ], [ 15.197674579867343, 47.989626993510456 ], [ 15.197452352676098, 47.989537975685536 ], [ 15.197410282903446, 47.989512376776034 ], [ 15.197327103824957, 47.989461793360071 ], [ 15.197290908622591, 47.989488023217092 ], [ 15.196951831079522, 47.989231438190416 ], [ 15.196901232929493, 47.989150993405424 ], [ 15.196845943731891, 47.989063065106073 ], [ 15.196536300488315, 47.988936038421329 ], [ 15.196426877452913, 47.988912513622395 ], [ 15.196242340921916, 47.988872740328027 ], [ 15.196211406762799, 47.988866129282542 ], [ 15.196096511778224, 47.988786989314633 ], [ 15.195834014486611, 47.988606198460168 ], [ 15.195736518399196, 47.988514989561018 ], [ 15.195641658102511, 47.988426257839507 ], [ 15.195299291213344, 47.988144704232383 ], [ 15.195074455027209, 47.987959796079622 ], [ 15.194133845767633, 47.987460732563683 ], [ 15.194077003086631, 47.987430510683787 ], [ 15.193917288386714, 47.987278478735675 ], [ 15.1939110414587, 47.987272459967095 ], [ 15.193689994832903, 47.98706202149539 ], [ 15.193436046054957, 47.98675213424049 ], [ 15.193383350617559, 47.986687829660013 ], [ 15.193364501826261, 47.986685523013783 ], [ 15.193348476023896, 47.986683440947054 ], [ 15.193314679609514, 47.98667921486804 ], [ 15.192739858889489, 47.986614483653831 ], [ 15.192070341466788, 47.986987985539585 ], [ 15.191439061014844, 47.987404063788745 ], [ 15.191239128101888, 47.987507521685096 ], [ 15.191167526002266, 47.987544576861296 ], [ 15.190921285410919, 47.987789339811592 ], [ 15.190705331811543, 47.988003829792376 ], [ 15.190613696284629, 47.988144602982956 ], [ 15.190522560920973, 47.988284378184986 ], [ 15.190555504442296, 47.988528078144306 ], [ 15.1905571617965, 47.988582134619215 ], [ 15.190558034294753, 47.988614156513641 ], [ 15.190547207280424, 47.988652665396685 ], [ 15.190508448741552, 47.98879141983447 ], [ 15.190458250633528, 47.988970312742822 ], [ 15.190039733641827, 47.9890492001891 ], [ 15.189837731529744, 47.989087267067994 ], [ 15.189777259301204, 47.98907932848703 ], [ 15.189440960428477, 47.989035230176178 ], [ 15.189333109934692, 47.989112280563091 ], [ 15.189148915245326, 47.989243918506844 ], [ 15.189002412769739, 47.989304670684689 ], [ 15.188968993619426, 47.989318614928429 ], [ 15.188877842826209, 47.989356432056169 ], [ 15.188736360430566, 47.989415123633684 ], [ 15.188719712974553, 47.989421959738308 ], [ 15.188692326806645, 47.989251330920439 ], [ 15.188735003718801, 47.98921501116488 ], [ 15.188710660442167, 47.989178866227164 ], [ 15.188699190700882, 47.989161682385394 ], [ 15.188621706882625, 47.988931834591455 ], [ 15.188647719402013, 47.988672070849447 ], [ 15.18868711379656, 47.988279809489029 ], [ 15.188546952280735, 47.987836794161339 ], [ 15.188523843280134, 47.987763734125735 ], [ 15.188475953883653, 47.987559328320046 ], [ 15.188448558319463, 47.987546629261416 ], [ 15.188252157913661, 47.987455650202939 ], [ 15.188203498126621, 47.987433033311291 ], [ 15.187445349739978, 47.987320731175451 ], [ 15.186752838162469, 47.987455920690778 ], [ 15.186221850338342, 47.987749508625953 ], [ 15.1862016396387, 47.98775037221661 ], [ 15.185988562820551, 47.987759633523815 ], [ 15.185866916223747, 47.987720096669108 ], [ 15.185766016832225, 47.987687246611515 ], [ 15.185617327540808, 47.988214709202978 ], [ 15.185613985226064, 47.988226281219667 ], [ 15.185516952696148, 47.98839665271705 ], [ 15.185378572821399, 47.988576684795618 ], [ 15.185296969479163, 47.988705954390952 ], [ 15.185189450813509, 47.988962342258553 ], [ 15.185165835462138, 47.989018333004374 ], [ 15.185133707174703, 47.989095067314466 ], [ 15.185104286712862, 47.989165009151897 ], [ 15.18497259651569, 47.98914470959582 ], [ 15.184616733943553, 47.989089391904983 ], [ 15.18429917438749, 47.989067026024053 ], [ 15.183844777790977, 47.989053057043762 ], [ 15.183278944993353, 47.989022870387174 ], [ 15.18257283322715, 47.989210174948099 ], [ 15.182548331413679, 47.989233693521378 ], [ 15.182480012674416, 47.989299306950606 ], [ 15.182476436661057, 47.989330769995689 ], [ 15.182472375755912, 47.989367460107239 ], [ 15.18246861470889, 47.989401265802449 ], [ 15.182466684737825, 47.989418664375364 ], [ 15.182468875944327, 47.989495569296032 ], [ 15.182473424224208, 47.989657835374366 ], [ 15.182484871829725, 47.989995738178038 ], [ 15.18254288987621, 47.990486326570441 ], [ 15.182514843222851, 47.990561105057324 ], [ 15.182510185786573, 47.990573417885408 ], [ 15.182483437526443, 47.990601651711735 ], [ 15.182310002194262, 47.990784039717347 ], [ 15.182194183462236, 47.990655677490949 ], [ 15.182184645380604, 47.990651330486905 ], [ 15.181926160784926, 47.990533436438611 ], [ 15.181811615228627, 47.990474974323064 ], [ 15.181442727792302, 47.990453240497018 ], [ 15.181283155124008, 47.990436801615594 ], [ 15.18120242958614, 47.990420993091831 ], [ 15.181181369372373, 47.990416830016663 ], [ 15.181161129194111, 47.990405544776536 ], [ 15.180805729646256, 47.9902082965909 ], [ 15.180704375281813, 47.99018534808387 ], [ 15.180372075345355, 47.99011029366492 ], [ 15.180245252621573, 47.990087391359744 ], [ 15.180065269625807, 47.990054808778041 ], [ 15.179608927927543, 47.990008818322217 ], [ 15.179226898374475, 47.989994396262723 ], [ 15.178781238972558, 47.989977478283393 ], [ 15.178655596164194, 47.98997273303182 ], [ 15.17823812993726, 47.989956983116421 ], [ 15.177513838021037, 47.989934333989432 ], [ 15.177375441654723, 47.989838092768977 ], [ 15.177189219157343, 47.989708598046519 ], [ 15.176922639818679, 47.989607739797805 ], [ 15.176857033038456, 47.989572069985904 ], [ 15.176795120060747, 47.989538501000673 ], [ 15.176629059077564, 47.989448368921913 ], [ 15.176543668925856, 47.989383947956114 ], [ 15.176251428259752, 47.989163812854848 ], [ 15.176149379680464, 47.989086968619972 ], [ 15.176139463182826, 47.989079477572815 ], [ 15.17566178094569, 47.988861664458447 ], [ 15.175341057283068, 47.988715410910508 ], [ 15.175404042010435, 47.988506175796225 ], [ 15.175408024604572, 47.988402626112872 ], [ 15.175429141981079, 47.987846883491102 ], [ 15.175437625872434, 47.987624117885275 ], [ 15.175299384569245, 47.987516803265727 ], [ 15.175138399865123, 47.987391762927608 ], [ 15.174977643874007, 47.987083412987211 ], [ 15.175267032134267, 47.986783105393265 ], [ 15.17534526834921, 47.986686922384429 ], [ 15.175551715743925, 47.986433198456481 ], [ 15.175550682630814, 47.986430515262384 ], [ 15.175548903409295, 47.986425684233105 ], [ 15.175522020268343, 47.986355291619311 ], [ 15.175520387731348, 47.986350818206517 ], [ 15.175673502344859, 47.986203859215493 ], [ 15.17569269105487, 47.986185466042507 ], [ 15.175698391853185, 47.986179885987035 ], [ 15.175701559290674, 47.98615571872697 ], [ 15.175726790640615, 47.985959322760117 ], [ 15.175568317530331, 47.985711769150775 ], [ 15.175155242115332, 47.985417065478877 ], [ 15.17499142876469, 47.985204151569931 ], [ 15.174964879804003, 47.985169748762019 ], [ 15.174991359239119, 47.984917540405284 ], [ 15.175242041778578, 47.984595711504006 ], [ 15.175532581798603, 47.984461232657736 ], [ 15.176593390650829, 47.984249332046716 ], [ 15.17704397312489, 47.984205977105617 ], [ 15.17749029046019, 47.984129212755604 ], [ 15.177505479627987, 47.984126630944139 ], [ 15.177582618394267, 47.984113342887284 ], [ 15.177332154962054, 47.983546359742519 ], [ 15.177179081364448, 47.983269565881997 ], [ 15.177154579129754, 47.983239990294159 ], [ 15.177133017313409, 47.983213967369821 ], [ 15.177122512286079, 47.983201176480087 ], [ 15.17709296809163, 47.983165472043588 ], [ 15.177025336155756, 47.983083670674631 ], [ 15.17663755024048, 47.982734306293928 ], [ 15.176534747613456, 47.982662333812456 ], [ 15.176125883993031, 47.982376295372504 ], [ 15.176047728382221, 47.982326606914484 ], [ 15.176013995803705, 47.98230509708241 ], [ 15.176008797303897, 47.982302120282284 ], [ 15.175986360843668, 47.982289249369188 ], [ 15.175972819232999, 47.982281546086902 ], [ 15.175957909434386, 47.982273054700379 ], [ 15.176049059859901, 47.982038083324909 ], [ 15.176083705660583, 47.981948893024835 ], [ 15.176089356055165, 47.981934314909886 ], [ 15.176191202931745, 47.981672086523623 ], [ 15.176205878987135, 47.981609490857089 ], [ 15.176234308719854, 47.981488543656198 ], [ 15.176250730217481, 47.981418451145331 ], [ 15.176235136339946, 47.9813981822264 ], [ 15.176217855535247, 47.981375690470671 ], [ 15.176200113986519, 47.981313611202239 ], [ 15.1761650773798, 47.98119070537939 ], [ 15.176158721991058, 47.981181537822643 ], [ 15.176106663679457, 47.9811344932968 ], [ 15.176363492119588, 47.980949345513615 ], [ 15.177543634719537, 47.980145839846344 ], [ 15.177599318514401, 47.980105897184607 ], [ 15.1776453250529, 47.980072767915139 ], [ 15.177833513406616, 47.979932895219449 ], [ 15.177995843032244, 47.97981224210848 ], [ 15.178268388243911, 47.97954890923539 ], [ 15.178489865891345, 47.979334803970744 ], [ 15.178558734086852, 47.97927737274096 ], [ 15.178685660793438, 47.979171411461031 ], [ 15.178904733953852, 47.979040942937345 ], [ 15.178971938454611, 47.979000905753757 ], [ 15.179255686796813, 47.978902880361453 ], [ 15.179549764366493, 47.9788013598315 ], [ 15.179612632804774, 47.978778939211487 ], [ 15.179619384649468, 47.978776581739936 ], [ 15.180200490812139, 47.978571400835683 ], [ 15.180741423551332, 47.978371087961008 ], [ 15.180794203248135, 47.978351437462521 ], [ 15.180945956561498, 47.978284402049844 ], [ 15.181066020145549, 47.978249728543631 ], [ 15.181126912982842, 47.978232108023398 ], [ 15.181043344111909, 47.978161991981771 ], [ 15.181003938904285, 47.978127885811105 ], [ 15.180959249355064, 47.978088374728969 ], [ 15.180924663074485, 47.978057881093932 ], [ 15.180879281602504, 47.978017751113462 ], [ 15.1808460763133, 47.977988405250294 ], [ 15.18083293389085, 47.977976826650789 ], [ 15.180693785917223, 47.977854864726112 ], [ 15.180619370070293, 47.977816098198538 ], [ 15.180609537901123, 47.977810945886127 ], [ 15.180602496180338, 47.977808898610533 ], [ 15.180590310303327, 47.977805403675909 ], [ 15.18051311931621, 47.977782879330313 ], [ 15.180388122618126, 47.977746360145275 ], [ 15.180385779446077, 47.977725610212282 ], [ 15.180374213652351, 47.97761852857392 ], [ 15.180416216029156, 47.977532998741246 ], [ 15.180441722296877, 47.977481208024258 ], [ 15.180458840219409, 47.977446109131996 ], [ 15.180450180542751, 47.977318913644453 ], [ 15.180447407658516, 47.977278463083792 ], [ 15.180362132088964, 47.977129813834409 ], [ 15.180426132188563, 47.977063730214986 ], [ 15.180461424511652, 47.977042289335081 ], [ 15.1805314764751, 47.976999506035874 ], [ 15.18117036855293, 47.976591372668409 ], [ 15.181283269995046, 47.976498410679241 ], [ 15.181307619609086, 47.976478314188761 ], [ 15.181276899643557, 47.976439659919315 ], [ 15.181249269887939, 47.976405005761976 ], [ 15.181247190828152, 47.976395500185845 ], [ 15.181239193470887, 47.976358912603907 ], [ 15.1811905859478, 47.976201219208292 ], [ 15.18114764430401, 47.975984042816293 ], [ 15.181081022920349, 47.975696153668359 ], [ 15.180969361530147, 47.975650063331926 ], [ 15.180911694020359, 47.975626237565066 ], [ 15.180874315352979, 47.975607667011936 ], [ 15.18072657086134, 47.975534166308229 ], [ 15.180502312567643, 47.975351201320812 ], [ 15.180432066150857, 47.975293830471976 ], [ 15.180193526955849, 47.97509354517198 ], [ 15.180160145636915, 47.974991041211979 ], [ 15.180156839077375, 47.974980925294155 ], [ 15.18013925406933, 47.974927122913797 ], [ 15.180015559311103, 47.974510830770896 ], [ 15.180018595897353, 47.974498183888798 ], [ 15.180057902228162, 47.974336566756826 ], [ 15.180116664551635, 47.974171849322772 ], [ 15.180146294341951, 47.974088946687814 ], [ 15.180110183684166, 47.973992605495134 ], [ 15.180106188402112, 47.973981960638213 ], [ 15.180095085804995, 47.973952261680168 ], [ 15.180108739995639, 47.973777735730508 ], [ 15.180020388331297, 47.973420901608662 ], [ 15.179765266588028, 47.973001757903148 ], [ 15.179750468129496, 47.97297742723616 ], [ 15.179748054325874, 47.972973596256651 ], [ 15.179728412362213, 47.972941153938294 ], [ 15.179344073440676, 47.972392238586188 ], [ 15.179212224357315, 47.972362396820095 ], [ 15.179116176503344, 47.972340712501165 ], [ 15.178532668981784, 47.972483745583972 ], [ 15.178397921815346, 47.972527289842624 ], [ 15.178050117857534, 47.972639563787311 ], [ 15.177354937578329, 47.972785361640412 ], [ 15.177145638680013, 47.972793647547924 ], [ 15.17688508405695, 47.972803919868987 ], [ 15.17685510811714, 47.972805117539885 ], [ 15.176815495235209, 47.972806648771446 ], [ 15.175473532092413, 47.971998874503846 ], [ 15.175421460309344, 47.971981526121453 ], [ 15.175319080203799, 47.971947431124363 ], [ 15.175282059249289, 47.971935062329564 ], [ 15.175256702607939, 47.971926647247869 ], [ 15.175145509129154, 47.971889632838305 ], [ 15.175009364219383, 47.971844286725656 ], [ 15.174962579615046, 47.97182865372676 ], [ 15.174949426230922, 47.971824273739109 ], [ 15.174934917648821, 47.971819465384506 ], [ 15.174925833044837, 47.971816460428521 ], [ 15.174909019039745, 47.971810878880142 ], [ 15.174793486245935, 47.971772403422392 ], [ 15.174236090888773, 47.971653042490374 ], [ 15.173725419214941, 47.971543734100464 ], [ 15.17350418187991, 47.97139202391628 ], [ 15.172980971037402, 47.971033463674019 ], [ 15.172944993117307, 47.97100883912141 ], [ 15.172940870531955, 47.971005935069762 ], [ 15.172924941292219, 47.970995029845675 ], [ 15.172663751842437, 47.97081605708707 ], [ 15.172729681064959, 47.970576629086281 ], [ 15.172455042243655, 47.970521603954808 ], [ 15.172499984689383, 47.970162015160554 ], [ 15.172479993114644, 47.97011949851742 ], [ 15.172445932377412, 47.970046609487646 ], [ 15.17234172989132, 47.969823834987707 ], [ 15.172193918854381, 47.969508165660038 ], [ 15.171832397776644, 47.969280482629962 ], [ 15.171706241213627, 47.969214096638972 ], [ 15.171640430655316, 47.969179417215585 ], [ 15.171202561984556, 47.968948716264947 ], [ 15.170668311515824, 47.968545687054458 ], [ 15.170577495642675, 47.968489627054097 ], [ 15.170409978533431, 47.968386371493047 ], [ 15.170304507165493, 47.968321275251355 ], [ 15.170213146878909, 47.968264953654767 ], [ 15.17015205523229, 47.968227228842551 ], [ 15.169821880920081, 47.968048265589921 ], [ 15.16890138541455, 47.96780650104759 ], [ 15.168378679828894, 47.967654616168026 ], [ 15.168361622169286, 47.967649667478554 ], [ 15.168154129730196, 47.967571609839879 ], [ 15.168019067207387, 47.967526058567735 ], [ 15.16785234371458, 47.967452752970487 ], [ 15.167612671934922, 47.967347398367913 ], [ 15.167170798736176, 47.967119985648893 ], [ 15.166254599641187, 47.966751788544009 ], [ 15.166220620428232, 47.966738108877848 ], [ 15.165979376070883, 47.966595430694362 ], [ 15.165895629155457, 47.966545824259612 ], [ 15.165848693328671, 47.966518041625939 ], [ 15.165298928485209, 47.966110104848305 ], [ 15.165182500764084, 47.96598452541383 ], [ 15.164998811387564, 47.965786490607542 ], [ 15.164947422223333, 47.965731061713861 ], [ 15.164798631936916, 47.965366805178284 ], [ 15.1646228887625, 47.96484540546863 ], [ 15.164734734593898, 47.964653578749385 ], [ 15.164954166042795, 47.964461577838563 ], [ 15.164962922336784, 47.964440021902931 ], [ 15.16496415410481, 47.964436942786456 ], [ 15.165059215828753, 47.964202187049715 ], [ 15.165038483760229, 47.963875047331804 ], [ 15.165025336440102, 47.963851678583374 ], [ 15.165019476556932, 47.963841242742262 ], [ 15.165015764308823, 47.963834732379084 ], [ 15.164996008626293, 47.963798689928311 ], [ 15.164929435411944, 47.963677090007621 ], [ 15.164787728194071, 47.963464801690584 ], [ 15.164595962536492, 47.963177625568228 ], [ 15.164368999754821, 47.962964077080692 ], [ 15.164334160888684, 47.962937272182053 ], [ 15.164134088226429, 47.96278358978973 ], [ 15.16385621524117, 47.962570036390282 ], [ 15.163802679814522, 47.962510591492219 ], [ 15.163568327482206, 47.962250454424336 ], [ 15.163554527854625, 47.962235194801764 ], [ 15.163334456326874, 47.961988689490212 ], [ 15.163328037876802, 47.961981412002295 ], [ 15.163257250980459, 47.961941947333742 ], [ 15.163073728908733, 47.961839744656849 ], [ 15.162722984080098, 47.961588106620823 ], [ 15.162573075496795, 47.961508318489976 ], [ 15.162362829944069, 47.961396638694886 ], [ 15.162200030658814, 47.961419190900244 ], [ 15.162270512274496, 47.961469099689992 ], [ 15.162312611777285, 47.961504339263016 ], [ 15.162340493295829, 47.961527655249583 ], [ 15.162376521272972, 47.96155786148416 ], [ 15.162433338021438, 47.961592508286849 ], [ 15.162271002536281, 47.961601554974457 ], [ 15.162133535781818, 47.961609128294711 ], [ 15.161954885656568, 47.961619062458453 ], [ 15.161884364165873, 47.96162152739732 ], [ 15.161710803919794, 47.96162760118581 ], [ 15.16166142704623, 47.961629371724399 ], [ 15.161173037889622, 47.961620894270467 ], [ 15.16099122405271, 47.961548177570961 ], [ 15.160908416293315, 47.961486764322238 ], [ 15.160894108800886, 47.961476101830804 ], [ 15.160802452476069, 47.961395390843833 ], [ 15.160664279520345, 47.961225966323539 ], [ 15.160613610057641, 47.961148746993871 ], [ 15.160570786245763, 47.961035408296958 ], [ 15.160552911015388, 47.960987906875772 ], [ 15.160552400001524, 47.960372753876904 ], [ 15.160551265664655, 47.960152929978094 ], [ 15.160550782724791, 47.960051160648881 ], [ 15.160569781830345, 47.959943324215786 ], [ 15.160598738771503, 47.959779357591813 ], [ 15.16060924331828, 47.959719709216984 ], [ 15.160619415439214, 47.959662045839288 ], [ 15.160648081767297, 47.959589242115044 ], [ 15.160685116143705, 47.959495248839389 ], [ 15.16067529158529, 47.959348632857932 ], [ 15.160569585533333, 47.959352462932962 ], [ 15.160457863377117, 47.959356657933768 ], [ 15.160362562149899, 47.959363023072569 ], [ 15.160305235209416, 47.959367258374918 ], [ 15.160202684604041, 47.959357899942027 ], [ 15.160210156034749, 47.95973195399344 ], [ 15.160206100064174, 47.959815077428402 ], [ 15.160204746002135, 47.959879710540172 ], [ 15.160200357262761, 47.960106370826118 ], [ 15.160206961974678, 47.96027202522577 ], [ 15.160209980893628, 47.960346757939355 ], [ 15.160184380771778, 47.960530108887546 ], [ 15.160181686101989, 47.960590893659187 ], [ 15.16017187183763, 47.960808010838043 ], [ 15.1600982133497, 47.960805034966683 ], [ 15.160064537165013, 47.960803677182831 ], [ 15.159602940249062, 47.960787210968093 ], [ 15.159577049443344, 47.960786270021728 ], [ 15.159529774169295, 47.960752371057325 ], [ 15.159514767627087, 47.960744689057869 ], [ 15.159478899070812, 47.960726627879183 ], [ 15.159451620775352, 47.960712840471281 ], [ 15.159247766498467, 47.960561459311066 ], [ 15.159121814887884, 47.96046923009083 ], [ 15.159112463920142, 47.960462358631602 ], [ 15.159073412311939, 47.960433728952637 ], [ 15.158991315863602, 47.960373383004637 ], [ 15.158987602900131, 47.960370651981677 ], [ 15.158829134320211, 47.960275696223363 ], [ 15.15871393459596, 47.960211193252213 ], [ 15.158509263861026, 47.960124435401589 ], [ 15.158268558417197, 47.960003330373397 ], [ 15.157869233759262, 47.959851791884233 ], [ 15.157841263020787, 47.959841164626233 ], [ 15.157763461390276, 47.959811616092928 ], [ 15.157742962246902, 47.959803930537902 ], [ 15.157649815935493, 47.959768504807499 ], [ 15.157466979041594, 47.959639376120322 ], [ 15.157445312123734, 47.959640437809632 ], [ 15.157323201366392, 47.959646413432402 ], [ 15.157281695507189, 47.959639509081043 ], [ 15.157221457841322, 47.959629480602075 ], [ 15.157206679649413, 47.959632143374542 ], [ 15.15716128013929, 47.959640328453183 ], [ 15.157132256204468, 47.959645555594669 ], [ 15.157010437213341, 47.95966754421773 ], [ 15.156926429323946, 47.959682727245735 ], [ 15.156785340987419, 47.959743714503183 ], [ 15.156628550566573, 47.9598116083002 ], [ 15.156407351969863, 47.959907333836853 ], [ 15.156281199433058, 47.960023877770645 ], [ 15.156253813324193, 47.960049146270705 ], [ 15.156239994282029, 47.960052423715254 ], [ 15.156256174941932, 47.960082224756981 ], [ 15.156417297694029, 47.960448816953537 ], [ 15.156470851970989, 47.96057044679187 ], [ 15.156494860290829, 47.960624871187356 ], [ 15.156466282548205, 47.961137445361395 ], [ 15.156423594069816, 47.961901849208793 ], [ 15.156459237318755, 47.961917305215245 ], [ 15.156518146547173, 47.961942923044276 ], [ 15.156549739936327, 47.961953673491308 ], [ 15.156560858669881, 47.961957457680363 ], [ 15.156512669935038, 47.962062243892731 ], [ 15.1564792845495, 47.962134400913726 ], [ 15.156674561949981, 47.962442951663661 ], [ 15.156846591500004, 47.962714973467286 ], [ 15.156796308171861, 47.962729174587729 ], [ 15.156064898976021, 47.962936429418249 ], [ 15.155886708663736, 47.96297118363065 ], [ 15.154660452208487, 47.963200445185954 ], [ 15.154376405367383, 47.963139046945876 ], [ 15.15421899394096, 47.963105080317511 ], [ 15.154015411743153, 47.963061131782659 ], [ 15.153844760318329, 47.962985618568212 ], [ 15.153636684654693, 47.962893506437418 ], [ 15.153264936079259, 47.962703093033888 ], [ 15.152588919614601, 47.962539692508635 ], [ 15.152063433365658, 47.962412705719835 ], [ 15.152039733684122, 47.962409298936258 ], [ 15.151485485908445, 47.962329645711989 ], [ 15.151213436349389, 47.962250863464 ], [ 15.151133443901294, 47.962227644106328 ], [ 15.151136559703774, 47.962220936005849 ], [ 15.151143777957673, 47.962205074615227 ], [ 15.151208616118623, 47.962070243013706 ], [ 15.151216219526628, 47.962050056130913 ], [ 15.151222599809154, 47.96203321803663 ], [ 15.151306165410377, 47.961839869628442 ], [ 15.151380174921192, 47.96166835852285 ], [ 15.151131512253388, 47.961303226024604 ], [ 15.150967854200639, 47.961062830392038 ], [ 15.150676332954411, 47.96070179012829 ], [ 15.150490640133768, 47.96042871445816 ], [ 15.150009963708129, 47.96027194834388 ], [ 15.149922011122147, 47.960243183986911 ], [ 15.149811623697476, 47.960143411350856 ], [ 15.149685744804827, 47.960029663807248 ], [ 15.149467449257061, 47.959920517176073 ], [ 15.149393004634078, 47.959883351357853 ], [ 15.149361235519725, 47.959867472426119 ], [ 15.149266374388592, 47.959790312452348 ], [ 15.149041780355356, 47.959607923588486 ], [ 15.148669028380359, 47.959541515299073 ], [ 15.148351515148445, 47.959522472477268 ], [ 15.148122934868391, 47.959637465297675 ], [ 15.148113584250723, 47.959642111449959 ], [ 15.147851577126355, 47.959678168769521 ], [ 15.147724971340558, 47.959682045059694 ], [ 15.147165952562737, 47.959699183718186 ], [ 15.146416589365943, 47.95952456996303 ], [ 15.144722433849303, 47.95912970599511 ], [ 15.144696229119049, 47.959123547344539 ], [ 15.14452388532767, 47.959083412520833 ], [ 15.143956090939463, 47.958917007592945 ], [ 15.143808215273344, 47.958921752588473 ], [ 15.14377743690584, 47.95892277439588 ], [ 15.143782828844978, 47.958904422404068 ], [ 15.143851750133981, 47.958670634219608 ], [ 15.143811336797674, 47.958625643019467 ], [ 15.143625570871372, 47.958418699200472 ], [ 15.143614091466111, 47.95815350411641 ], [ 15.143510720386642, 47.958050826189144 ], [ 15.143426691701034, 47.957968902604527 ], [ 15.143139578303634, 47.957898976465664 ], [ 15.143119580474792, 47.957894070144178 ], [ 15.1426123677156, 47.957928823810953 ], [ 15.142531372168136, 47.957934320518603 ], [ 15.142301951011293, 47.957917032546739 ], [ 15.141994489033859, 47.957893855744665 ], [ 15.141605713958315, 47.957870869861907 ], [ 15.141071018606771, 47.957847104379645 ], [ 15.141016410032593, 47.957844718505783 ], [ 15.140982328329832, 47.957843181566957 ], [ 15.140923497639802, 47.957854269863567 ], [ 15.140783612341691, 47.957880753215399 ], [ 15.140368653120429, 47.958088091756345 ], [ 15.140325061674227, 47.958109830141254 ], [ 15.140316010171963, 47.958161804660726 ], [ 15.140300675187383, 47.958248972676891 ], [ 15.140293865511453, 47.958288313843831 ], [ 15.140218546581382, 47.958361031215034 ], [ 15.140209858795796, 47.95836935587235 ], [ 15.140099579383046, 47.958434520516413 ], [ 15.139887280092235, 47.958354598557143 ], [ 15.13943471735945, 47.9581841217502 ], [ 15.139151014364558, 47.958154537102516 ], [ 15.138941380221274, 47.958290902825702 ], [ 15.138705145416155, 47.958444511195843 ], [ 15.138643563395922, 47.958484527391271 ], [ 15.138353084063763, 47.958673447226509 ], [ 15.137704892182649, 47.958866148753586 ], [ 15.137291344768181, 47.95867318778074 ], [ 15.137016965356828, 47.958545185670452 ], [ 15.13679458632677, 47.958371198023137 ], [ 15.136786060937009, 47.95836098237961 ], [ 15.136470645384955, 47.957987502162823 ], [ 15.136065662343315, 47.957673729647645 ], [ 15.135972891540572, 47.957609844707626 ], [ 15.135740503059731, 47.957471646336764 ], [ 15.135462846309599, 47.957333793069239 ], [ 15.135281188852108, 47.957264093812761 ], [ 15.134686661086661, 47.957035879047631 ], [ 15.134570063982959, 47.956991891548128 ], [ 15.134317325502053, 47.956896571641934 ], [ 15.133887044180021, 47.956734185354257 ], [ 15.133146210182348, 47.956454698175492 ], [ 15.132734843299223, 47.956455971099061 ], [ 15.132677779416394, 47.956456139183686 ], [ 15.131978682975218, 47.95645828691692 ], [ 15.131597186926369, 47.95645945110082 ], [ 15.131531889926015, 47.956360670102335 ], [ 15.131434653104153, 47.956213612364188 ], [ 15.131335153653945, 47.956063080204999 ], [ 15.131331982352142, 47.956052690933134 ], [ 15.131309179514371, 47.95597799568327 ], [ 15.131389098532408, 47.955739185172156 ], [ 15.131459312832517, 47.955529771532227 ], [ 15.130918034180983, 47.955384038467258 ], [ 15.130669234823097, 47.955317085673421 ], [ 15.130622384955348, 47.955283168597056 ], [ 15.130480873694497, 47.955180712301782 ], [ 15.129911805002482, 47.95476850275314 ], [ 15.12972411743417, 47.954647685609707 ], [ 15.129453962166149, 47.954473886595757 ], [ 15.129395326138619, 47.954436102669895 ], [ 15.129367514996114, 47.95441817715556 ], [ 15.129171928118847, 47.954355793926794 ], [ 15.12902361379934, 47.954308514085795 ], [ 15.128905430328269, 47.954369921332507 ], [ 15.128719989620739, 47.954466118217056 ], [ 15.128692483299297, 47.954480403431802 ], [ 15.128644841550038, 47.954505169896699 ], [ 15.128509146910723, 47.954575487435648 ], [ 15.128503711027474, 47.954674468377142 ], [ 15.128501288815533, 47.954716980204111 ], [ 15.128443721662137, 47.955749853344962 ], [ 15.128402481763066, 47.955956835416607 ], [ 15.128411191481197, 47.956128216791988 ], [ 15.128343889816506, 47.956516118729624 ], [ 15.128172250553487, 47.95702154427066 ], [ 15.127983067244609, 47.957402608796627 ], [ 15.127884564949815, 47.957572954377476 ], [ 15.127799263785626, 47.957570138722964 ], [ 15.127145555263635, 47.9575485158147 ], [ 15.126693524886866, 47.957473908432974 ], [ 15.126636938654078, 47.957464617411148 ], [ 15.126125362244988, 47.957345217574407 ], [ 15.125755385052793, 47.957190505233001 ], [ 15.125652084879913, 47.957147292606393 ], [ 15.125545661008006, 47.95709503955576 ], [ 15.125537211130588, 47.957090851116121 ], [ 15.125194506073647, 47.95692266612329 ], [ 15.125032394453349, 47.956895032272186 ], [ 15.124721109106217, 47.956841993126375 ], [ 15.124549641809097, 47.956768159934747 ], [ 15.124466970395192, 47.956732635613484 ], [ 15.124426040748995, 47.956726700509662 ], [ 15.124360472379621, 47.956717187569787 ], [ 15.123912006210022, 47.956652412900439 ], [ 15.12350623729073, 47.956609922321832 ], [ 15.123226988943079, 47.956580769839718 ], [ 15.122903272328564, 47.956532327670914 ], [ 15.122828537918206, 47.956521155976787 ], [ 15.122791145421811, 47.956516785335126 ], [ 15.122623955052504, 47.956497235632554 ], [ 15.122295764696215, 47.956458939610684 ], [ 15.122093245698029, 47.956503016981138 ], [ 15.121618495685865, 47.95669528448957 ], [ 15.12133642406066, 47.956638454963375 ], [ 15.12112436555541, 47.956595750189955 ], [ 15.120194267953881, 47.956537956785176 ], [ 15.119757689161336, 47.956436717461663 ], [ 15.119214357204585, 47.956218521847454 ], [ 15.119174674384119, 47.956354655847058 ], [ 15.119141458233431, 47.956468373064126 ], [ 15.118963783012838, 47.956854823407092 ], [ 15.118793476206498, 47.956959498961623 ], [ 15.118262626042689, 47.957493850888007 ], [ 15.118157987319041, 47.95759931150824 ], [ 15.118153323908377, 47.957603972845718 ], [ 15.118150031840111, 47.957605643432117 ], [ 15.118118945721074, 47.957621151138632 ], [ 15.118019301607232, 47.957672902044472 ], [ 15.117755643834965, 47.957809792385937 ], [ 15.117728920761945, 47.957823612881448 ], [ 15.117721022192775, 47.957827694211325 ], [ 15.117702816323437, 47.957839853483527 ], [ 15.117688933745246, 47.957849156431415 ], [ 15.117671509721157, 47.957860673722074 ], [ 15.117653303828785, 47.957872832986354 ], [ 15.117551218666753, 47.957951167412389 ], [ 15.117545605574382, 47.957955483427384 ], [ 15.117527234346102, 47.958048993804496 ], [ 15.117530979220525, 47.958095819441994 ], [ 15.117516934135361, 47.958135630591805 ], [ 15.117331144527093, 47.958661413580288 ], [ 15.117289648193411, 47.958842658361036 ], [ 15.117267135889437, 47.958940461948991 ], [ 15.117241029184596, 47.959054608685641 ], [ 15.117131185041506, 47.959239157420519 ], [ 15.117040884872141, 47.959305701152559 ], [ 15.117008084070065, 47.959329873763132 ], [ 15.116875422221208, 47.959407419305393 ], [ 15.116812244861453, 47.959444388626828 ], [ 15.116666512198345, 47.959523665290938 ], [ 15.115916670898091, 47.959931710583255 ], [ 15.115908516352361, 47.959936155674569 ], [ 15.115891942521509, 47.959945139923569 ], [ 15.115747407116416, 47.959981113043348 ], [ 15.114995771647624, 47.960136945517363 ], [ 15.114456721036808, 47.960248734720807 ], [ 15.114148878863965, 47.960312507401795 ], [ 15.113873764846067, 47.960369566215569 ], [ 15.11370137326225, 47.960496222800444 ], [ 15.113372138837269, 47.9607380474108 ], [ 15.113466415426272, 47.960984150932852 ], [ 15.113492144749303, 47.961051065274887 ], [ 15.113458696898217, 47.96152752229878 ], [ 15.113457765989031, 47.961539504921205 ], [ 15.113501859914992, 47.96173625799495 ], [ 15.113553578796001, 47.961967988656745 ], [ 15.11354978589365, 47.96198640442374 ], [ 15.113538513457851, 47.962040840202761 ], [ 15.113443812255751, 47.962139664070193 ], [ 15.113376539083449, 47.962209899697399 ], [ 15.113176794630274, 47.962324378137836 ], [ 15.113098600284927, 47.962435815803566 ], [ 15.113013128601629, 47.962557803905703 ], [ 15.112892858060009, 47.962947949096375 ], [ 15.112786950585564, 47.963291799691326 ], [ 15.112781516614577, 47.963309250812785 ], [ 15.11258513061998, 47.963824838837816 ], [ 15.112367200259085, 47.964058468401646 ], [ 15.112349038080026, 47.96408772362453 ], [ 15.112463652767913, 47.964069762787581 ], [ 15.112761323398543, 47.964253076067578 ], [ 15.112812101266757, 47.964284420149617 ], [ 15.112818670335656, 47.964288458477192 ], [ 15.112847080022208, 47.964371079399818 ], [ 15.112873686634865, 47.964392986789726 ], [ 15.112878651802109, 47.964397139780907 ], [ 15.11291739280308, 47.964429118969306 ], [ 15.1130182258715, 47.964462752277207 ], [ 15.113073139701173, 47.964470006053872 ], [ 15.113258465549817, 47.964494240022965 ], [ 15.113421656572852, 47.964478410202318 ], [ 15.113510060270945, 47.964469760498332 ], [ 15.11372316871056, 47.964475748626725 ], [ 15.113824291681963, 47.964478601193491 ], [ 15.114227271225934, 47.964551675030016 ], [ 15.114362765762474, 47.964576224649228 ], [ 15.114749359324101, 47.964597086548736 ], [ 15.1151356737643, 47.964629379825773 ], [ 15.115341448809112, 47.964856036407276 ], [ 15.115570928769205, 47.964941137539618 ], [ 15.11560920781794, 47.964959534916126 ], [ 15.115797609599598, 47.964999195242349 ], [ 15.115844980229006, 47.96500917360261 ], [ 15.115891946051661, 47.965019068196014 ], [ 15.116051132271423, 47.965011485238307 ], [ 15.116137091791737, 47.965037156310544 ], [ 15.116264204903164, 47.965075151031485 ], [ 15.116775120825052, 47.965295210823314 ], [ 15.117516707536831, 47.965607456375764 ], [ 15.11755619055462, 47.965602257913496 ], [ 15.118131790476289, 47.965527325829967 ], [ 15.118191465334966, 47.965556190637749 ], [ 15.118195011839626, 47.965558025635183 ], [ 15.118352429345654, 47.965682747980715 ], [ 15.1183661182584, 47.965687306020698 ], [ 15.118477806204943, 47.965724726544835 ], [ 15.118571391995994, 47.965789152585799 ], [ 15.118670255565418, 47.966019523422169 ], [ 15.118816694235482, 47.966097441330525 ], [ 15.118841852681483, 47.966104341886847 ], [ 15.119040962375237, 47.966159129525735 ], [ 15.119313251742641, 47.96626146984071 ], [ 15.119389002941411, 47.966431095705481 ], [ 15.119422505846465, 47.966548641494406 ], [ 15.119397447160196, 47.966701196798283 ], [ 15.119339802233579, 47.966852995485745 ], [ 15.119318907808339, 47.966908030344946 ], [ 15.119284584126694, 47.966954363845183 ], [ 15.119197626320352, 47.967071880042539 ], [ 15.119289618617705, 47.967477111487547 ], [ 15.119275624983405, 47.967557596111845 ], [ 15.119245761189076, 47.967730292651993 ], [ 15.119279687415196, 47.967778001884497 ], [ 15.119309249571383, 47.967819569384538 ], [ 15.119336695128014, 47.967858020012294 ], [ 15.119397911685795, 47.967943552319426 ], [ 15.119397009444189, 47.968085475968671 ], [ 15.119407072476372, 47.968261965311214 ], [ 15.119447354036593, 47.968338732180761 ], [ 15.119450796147843, 47.968345338071714 ], [ 15.119547075691846, 47.968417820603435 ], [ 15.119614609463698, 47.968625187792433 ], [ 15.119685896091269, 47.968785613683131 ], [ 15.119752633934979, 47.968926672568685 ], [ 15.119681883429761, 47.969024501475012 ], [ 15.119787160455131, 47.969167934672811 ], [ 15.119791098330348, 47.96917336306349 ], [ 15.119837719233274, 47.969184791220137 ], [ 15.119939475563823, 47.969209765632179 ], [ 15.120204982634089, 47.969356122504657 ], [ 15.120399730424854, 47.969384879084735 ], [ 15.120523771647155, 47.969403209567865 ], [ 15.120522120435091, 47.969421502469402 ], [ 15.120525573906376, 47.969440166428868 ], [ 15.120536353192596, 47.96950056120297 ], [ 15.120543940710643, 47.969542107998791 ], [ 15.120553877821294, 47.969597476504461 ], [ 15.120435914609811, 47.969869980483764 ], [ 15.120381533582121, 47.969995812813416 ], [ 15.120367559444825, 47.970076837142798 ], [ 15.120345904897613, 47.970207473037981 ], [ 15.120338004308302, 47.970254568369761 ], [ 15.120118359865444, 47.970320592717016 ], [ 15.119937383057199, 47.970420124463473 ], [ 15.119676563353536, 47.970880297415334 ], [ 15.119485967300925, 47.971023800652247 ], [ 15.119408242408177, 47.971082412635731 ], [ 15.11931124949259, 47.971333624395136 ], [ 15.119273710401078, 47.971430940094798 ], [ 15.119274856177483, 47.971487884197472 ], [ 15.119277146112095, 47.971589984123504 ], [ 15.119278910953826, 47.971672834929592 ], [ 15.119226609597556, 47.97178126696533 ], [ 15.119195333979407, 47.971846270555631 ], [ 15.119131353079972, 47.972141965871913 ], [ 15.119087750948207, 47.972344029970166 ], [ 15.119086022128162, 47.972352245478469 ], [ 15.119079996651077, 47.972379784540514 ], [ 15.119063271658769, 47.972400109852316 ], [ 15.118763756000394, 47.972763871612067 ], [ 15.118659485832762, 47.972994497920062 ], [ 15.118695947266449, 47.973088781411683 ], [ 15.118723876900384, 47.973160879813065 ], [ 15.1187288541557, 47.973161432896248 ], [ 15.118882282374038, 47.97318066144895 ], [ 15.119480999530913, 47.973085750073018 ], [ 15.120318045031487, 47.973113945546807 ], [ 15.120537504787631, 47.97312432289359 ], [ 15.121024785897099, 47.973195441549109 ], [ 15.121318614718559, 47.973252541114491 ], [ 15.121624264558447, 47.973337803105736 ], [ 15.121804934061412, 47.973373704183452 ], [ 15.122572359896829, 47.973524712371344 ], [ 15.122965666937484, 47.973497030939825 ], [ 15.123110693706149, 47.973615009747796 ], [ 15.123118961518065, 47.973621630849557 ], [ 15.12306921098911, 47.973690970789065 ], [ 15.122931974935989, 47.97388206696629 ], [ 15.122907891879068, 47.974121445198428 ], [ 15.123042120460685, 47.974260558138297 ], [ 15.123076724709817, 47.974296557470332 ], [ 15.123073164683055, 47.974462278720715 ], [ 15.123029323372881, 47.974528107672782 ], [ 15.123012884396159, 47.974552838494816 ], [ 15.122789808498494, 47.974839568901679 ], [ 15.122665713468837, 47.975097411685709 ], [ 15.122613204043262, 47.97528170746461 ], [ 15.122464734397768, 47.975524449231791 ], [ 15.12237389035524, 47.975767199409795 ], [ 15.12223173936335, 47.976147343188345 ], [ 15.122116133339013, 47.976219140817157 ], [ 15.122015750086639, 47.976281524266568 ], [ 15.121894022790949, 47.976608619340475 ], [ 15.121801119167825, 47.976857879819711 ], [ 15.12177619525249, 47.976877522368042 ], [ 15.121773584157818, 47.976879542449943 ], [ 15.121610210132639, 47.977004450431103 ], [ 15.12150037557628, 47.977088306397086 ], [ 15.121157026866431, 47.977268368025577 ], [ 15.121084056613052, 47.97739943687472 ], [ 15.120970563680451, 47.977482179009591 ], [ 15.120915646124413, 47.977522171966712 ], [ 15.120855820152478, 47.977645748589239 ], [ 15.120732283083457, 47.977900790603428 ], [ 15.120439016456562, 47.978506163932956 ], [ 15.120390567303803, 47.978605897941321 ], [ 15.12038355602478, 47.978620314162988 ], [ 15.120375915047008, 47.978635909940849 ], [ 15.12036176776258, 47.978665014268685 ], [ 15.120360392910683, 47.978667915086646 ], [ 15.120357221427787, 47.978677052751856 ], [ 15.120353323278175, 47.978688451313786 ], [ 15.120330493159827, 47.978753594522502 ], [ 15.120304272842526, 47.978770647126815 ], [ 15.120228360073677, 47.978819872727911 ], [ 15.120097254900857, 47.978905045632331 ], [ 15.12004152983449, 47.978941091174306 ], [ 15.117489596996474, 47.978996225223 ], [ 15.117225806233009, 47.978963938684636 ], [ 15.117185121976002, 47.979044024367795 ], [ 15.11684883691939, 47.979705752773178 ], [ 15.116804952904694, 47.979762851013184 ], [ 15.116392840114989, 47.980304264720601 ], [ 15.116186077571321, 47.980575971675627 ], [ 15.116065164240595, 47.980736121609986 ], [ 15.116060033460295, 47.980742859690217 ], [ 15.115959944328983, 47.980877042388826 ], [ 15.115938792154893, 47.980889516524478 ], [ 15.115816373054951, 47.981048789495439 ], [ 15.11581187818742, 47.981054527911638 ], [ 15.115768067453599, 47.981109914823136 ], [ 15.115736204484385, 47.981150179849671 ], [ 15.115708782322709, 47.98118704694091 ], [ 15.115693483703604, 47.981206089855746 ], [ 15.11564206794478, 47.981309556770071 ], [ 15.11540226749816, 47.981818795908822 ], [ 15.115360278034558, 47.981907899568711 ], [ 15.115339879044104, 47.982134620145047 ], [ 15.115367843867174, 47.98237247396878 ], [ 15.115385466577102, 47.982535168281288 ], [ 15.115386062096308, 47.982540828264945 ], [ 15.115393873275409, 47.982612517262886 ], [ 15.115412669403462, 47.982684037049246 ], [ 15.115437757200107, 47.982778856433669 ], [ 15.11549747751155, 47.983004612753028 ], [ 15.11544557516334, 47.983191954493996 ], [ 15.11536704236806, 47.983317795617182 ], [ 15.11532752480386, 47.983381214949659 ], [ 15.115300234605428, 47.983425908695835 ], [ 15.11524033488632, 47.983524376751994 ], [ 15.115242933725005, 47.983529825906039 ], [ 15.115269408826762, 47.983582870161285 ], [ 15.115275952855324, 47.983586098871449 ], [ 15.115297220185385, 47.983596569692068 ], [ 15.115306352578671, 47.983601018345261 ], [ 15.115316849210343, 47.983606165877433 ], [ 15.115332662680954, 47.983613931111776 ], [ 15.115359634671805, 47.983630523127275 ], [ 15.11541014659047, 47.983661330368051 ], [ 15.115478781512317, 47.983704726501998 ], [ 15.115595325943499, 47.983883174312489 ], [ 15.115888230245762, 47.984331204268692 ], [ 15.115915966587803, 47.984374060463153 ], [ 15.115931386813783, 47.984397759301871 ], [ 15.1160252094868, 47.984542721824326 ], [ 15.116078652591039, 47.984667069656048 ], [ 15.116109452986064, 47.98472112691227 ], [ 15.116193439972539, 47.984868490523759 ], [ 15.116260325684204, 47.984954746774562 ], [ 15.116327214692371, 47.98504109292351 ], [ 15.116366723909788, 47.985087187068601 ], [ 15.116438069789725, 47.985170584898547 ], [ 15.116521980598462, 47.985268636811377 ], [ 15.116591374509586, 47.985349814970391 ], [ 15.116638147622204, 47.985471115820943 ], [ 15.116772001401948, 47.985818380415651 ], [ 15.116778617616427, 47.985835465861548 ], [ 15.116891731330192, 47.986128878099592 ], [ 15.117465363068865, 47.986718444430899 ], [ 15.117687510783867, 47.986946733994628 ], [ 15.117703563701639, 47.986981041257202 ], [ 15.11807927570784, 47.987787374883169 ], [ 15.118375749437487, 47.98811521156977 ], [ 15.118129774710658, 47.988452046281495 ], [ 15.117703509037888, 47.989035884279232 ], [ 15.117700693855459, 47.989039797113243 ], [ 15.117490039554806, 47.989143740442223 ], [ 15.117447724716179, 47.98916463988067 ], [ 15.117172016769638, 47.989091142510269 ], [ 15.117133350145055, 47.989018849587261 ], [ 15.117075773882279, 47.988911033552306 ], [ 15.117032814345993, 47.988830797980121 ], [ 15.116968647860194, 47.988710575365921 ], [ 15.116684680823791, 47.988387671685281 ], [ 15.116603257940383, 47.988358601192793 ], [ 15.116300495405049, 47.988250334073747 ], [ 15.116079200404826, 47.988239076185941 ], [ 15.115983322670498, 47.98823416438362 ], [ 15.115603891876724, 47.98808289332873 ], [ 15.115576190502635, 47.988068562253858 ], [ 15.115448336883679, 47.988002681802271 ], [ 15.115259075572917, 47.987904991894034 ], [ 15.115109390165577, 47.987827839052393 ], [ 15.115070272116288, 47.98778929734236 ], [ 15.115058344536987, 47.987777602806354 ], [ 15.11476942809511, 47.987493734944138 ], [ 15.114467454282911, 47.987286645866895 ], [ 15.114380234357107, 47.987229047394806 ], [ 15.114187960712654, 47.987101886599156 ], [ 15.114142841997994, 47.987072075646644 ], [ 15.114107733790176, 47.987048859587283 ], [ 15.113973769908277, 47.986929529658482 ], [ 15.113872154497715, 47.986838947361527 ], [ 15.113280989416578, 47.986657362182626 ], [ 15.112898055156432, 47.986662082865394 ], [ 15.112480341884428, 47.986641421003206 ], [ 15.112434689862166, 47.986639153446816 ], [ 15.111920018884859, 47.986829378796791 ], [ 15.111572594979604, 47.986979237151694 ], [ 15.111301165168094, 47.987124957102793 ], [ 15.111220340250458, 47.987168312729672 ], [ 15.110509828877076, 47.98717787864161 ], [ 15.110222879699927, 47.987234117987349 ], [ 15.110036464722629, 47.987270725600652 ], [ 15.109614197864964, 47.987376194107547 ], [ 15.109328628360204, 47.98754777247251 ], [ 15.108700588217888, 47.987664764689697 ], [ 15.107861456064056, 47.987676377743732 ], [ 15.107776482947642, 47.987700357488905 ], [ 15.107442164669123, 47.987794660594552 ], [ 15.10764358983983, 47.988116332278949 ], [ 15.107739555916233, 47.988301132131888 ], [ 15.10779436965792, 47.98846622614289 ], [ 15.10782391357103, 47.988562328285198 ], [ 15.107856007643154, 47.988666400082948 ], [ 15.107939668091786, 47.988938585152567 ], [ 15.107925641122119, 47.989286597060591 ], [ 15.107897606285421, 47.989597209524526 ], [ 15.107956145708711, 47.989930790446003 ], [ 15.108019553426354, 47.990222273090971 ], [ 15.108030832534814, 47.990274022131608 ], [ 15.108029582658958, 47.990485418872332 ], [ 15.108028317779542, 47.990731820454371 ], [ 15.108041190003316, 47.990987903667452 ], [ 15.10804235729846, 47.991010382308097 ], [ 15.108044032066793, 47.991043831478564 ], [ 15.108001115547015, 47.99140560420453 ], [ 15.107971063565211, 47.991865714398813 ], [ 15.107975115709877, 47.992114733904515 ], [ 15.10797513172756, 47.992119142979853 ], [ 15.107975559384663, 47.992143522665479 ], [ 15.107975913570346, 47.992165743810368 ], [ 15.107976706948627, 47.992208745017706 ], [ 15.107977205729068, 47.992239152683169 ], [ 15.107978487780079, 47.992324079934797 ], [ 15.108016690458191, 47.992666611149851 ], [ 15.108056562407965, 47.992975461911676 ], [ 15.10806018820214, 47.993003212013122 ], [ 15.108062634169233, 47.993090820977557 ], [ 15.108067146496223, 47.993254886443445 ], [ 15.108007518309142, 47.993748024939293 ], [ 15.108006519154427, 47.994151897834783 ], [ 15.108006479860926, 47.994170435570695 ], [ 15.108006415660272, 47.9942197489287 ], [ 15.108061669778914, 47.994389695100956 ], [ 15.108081883595538, 47.994451835422701 ], [ 15.108102403628457, 47.994522969651548 ], [ 15.108113050171992, 47.994607303288433 ], [ 15.10811541055199, 47.994625444273723 ], [ 15.10811767061897, 47.99464457664422 ], [ 15.108119583095714, 47.994661374707754 ], [ 15.108130304240349, 47.994720331124086 ], [ 15.108230101261396, 47.995060567555349 ], [ 15.108238441602007, 47.995088965212702 ], [ 15.108387769759062, 47.995364011752613 ], [ 15.108491750185475, 47.995555346828688 ], [ 15.108591857034716, 47.995711646674685 ], [ 15.108669028867242, 47.99583221389031 ], [ 15.108751279076891, 47.99588143418795 ], [ 15.109038816445349, 47.996053574995159 ], [ 15.108799885402718, 47.996249721233973 ], [ 15.108547782660823, 47.996374080172856 ], [ 15.108220080354322, 47.99653829206256 ], [ 15.108109717543835, 47.996557262015337 ], [ 15.10795511939166, 47.996607955402055 ], [ 15.107814658392265, 47.99678252249894 ], [ 15.107558852414668, 47.997290636218317 ], [ 15.107617758652779, 47.997453597548116 ], [ 15.107514281610026, 47.997663141595382 ], [ 15.10755355685156, 47.99791504007829 ], [ 15.107596640054217, 47.998294570220224 ], [ 15.10770353584352, 47.998508447643864 ], [ 15.107719366033283, 47.998540239925006 ], [ 15.107755690310325, 47.998575407396253 ], [ 15.107804905581423, 47.998622975228535 ], [ 15.107830172575401, 47.998853221778475 ], [ 15.107779298650069, 47.998882977312597 ], [ 15.107794626502777, 47.998880312669307 ], [ 15.107798759210333, 47.99887961940032 ], [ 15.107733603360581, 47.998954586868237 ], [ 15.107651288955529, 47.999049344315658 ], [ 15.107591956104596, 47.999090567678621 ], [ 15.107527130250375, 47.99921070289151 ], [ 15.107522207078594, 47.999219686973589 ], [ 15.107519180729986, 47.999225312496755 ], [ 15.107025354274025, 47.999468825166979 ], [ 15.106950980536201, 47.999505419462366 ], [ 15.106798547836489, 47.999560937156147 ], [ 15.106606397430973, 47.999698320485585 ], [ 15.106562810351319, 47.999729493559919 ], [ 15.106442649791552, 47.999736553806095 ], [ 15.106427338785371, 47.999731839164497 ], [ 15.106295083065643, 47.999690762151353 ], [ 15.106034265208418, 47.999748749089278 ], [ 15.105813769519484, 47.99979783917388 ], [ 15.105710382045869, 47.999813190419133 ], [ 15.105436507133257, 47.999853918699642 ], [ 15.105264138411295, 47.999863396884173 ], [ 15.105238442683254, 47.999864780152009 ], [ 15.105226069685154, 47.999875497934859 ], [ 15.10516056857905, 47.999932561958637 ], [ 15.104971485819631, 48.000097251197801 ], [ 15.104755131330011, 48.00013412774161 ], [ 15.10457747844718, 48.000232771727831 ], [ 15.104319111307273, 48.000323562032406 ], [ 15.104157608672471, 48.000313525313189 ], [ 15.104072670214583, 48.000299707333653 ], [ 15.10396120284612, 48.00036143331721 ], [ 15.103823431297375, 48.00040664427295 ], [ 15.103585989954659, 48.000414865765649 ], [ 15.10352559180455, 48.000416959433153 ], [ 15.103448722812855, 48.000419664936757 ], [ 15.103384472568569, 48.000462311048899 ], [ 15.103221222810994, 48.000570631031771 ], [ 15.102852331475006, 48.000636562394263 ], [ 15.102735866964391, 48.000697283734716 ], [ 15.102677764037724, 48.00072750740317 ], [ 15.102239582129943, 48.000798275500181 ], [ 15.102107213839838, 48.0009316777831 ], [ 15.102078536879112, 48.00099537602722 ], [ 15.101917357765416, 48.001070007780434 ], [ 15.101809453960728, 48.001102521783075 ], [ 15.1016007582444, 48.001230970728322 ], [ 15.101344131024231, 48.001298241358079 ], [ 15.101241132742343, 48.001325190748446 ], [ 15.101233521768254, 48.00133007625351 ], [ 15.101149913619619, 48.001383185154907 ], [ 15.101129977816212, 48.001475365061204 ], [ 15.101048597058211, 48.001491365756515 ], [ 15.100899540987122, 48.001520278112061 ], [ 15.100897591793084, 48.001660505569689 ], [ 15.100675496387298, 48.00171023997202 ], [ 15.100557728177744, 48.001736604409082 ], [ 15.100540967816732, 48.001744509115696 ], [ 15.100346717218521, 48.001836470895562 ], [ 15.100022950868116, 48.002003837760377 ], [ 15.100001868507134, 48.002014777887318 ], [ 15.099944467034234, 48.002081613572422 ], [ 15.099823474836178, 48.002222578164975 ], [ 15.099829655059963, 48.002238771233969 ], [ 15.099840793971273, 48.00226280735194 ], [ 15.099855121974992, 48.002293903657005 ], [ 15.099864743993985, 48.002312743759099 ], [ 15.099876093053417, 48.002335066939004 ], [ 15.099891791519934, 48.002359123442012 ], [ 15.099959970575464, 48.00245994648445 ], [ 15.099894780402503, 48.002522491720327 ], [ 15.099864003545033, 48.002552026843752 ], [ 15.099581808132591, 48.00282260121498 ], [ 15.099444183852512, 48.002817052637816 ], [ 15.099646640100305, 48.002935443592207 ], [ 15.09990804962306, 48.003084159376861 ], [ 15.100166314252071, 48.003231032898704 ], [ 15.100213348593295, 48.003257850464713 ], [ 15.100098195222737, 48.003361472081764 ], [ 15.099781557156005, 48.003624743842607 ], [ 15.099463874224318, 48.003888930466061 ], [ 15.099449683911294, 48.003909393758271 ], [ 15.09936915441642, 48.004112910127574 ], [ 15.099233044740284, 48.004456932025384 ], [ 15.099193854828002, 48.004594397976604 ], [ 15.099157189674148, 48.004723276759307 ], [ 15.099137050069478, 48.005015407117249 ], [ 15.100036732985226, 48.005009686336592 ], [ 15.100213604776235, 48.005445036063556 ], [ 15.100316590448742, 48.005698302942854 ], [ 15.100363811116006, 48.005853167042751 ], [ 15.100436956311269, 48.006092401697053 ], [ 15.100445383355369, 48.006404252871768 ], [ 15.100446133591577, 48.006430337220038 ], [ 15.100983880148627, 48.00660524656066 ], [ 15.10099889108017, 48.006608976676766 ], [ 15.101003895741204, 48.00661025002799 ], [ 15.10107013836326, 48.006630025001371 ], [ 15.101087613606309, 48.006635247223514 ], [ 15.10138902804208, 48.006729267526829 ], [ 15.101645239288455, 48.006854482764709 ], [ 15.101797555664934, 48.006948890097611 ], [ 15.101977961764824, 48.00702145145577 ], [ 15.102219004597234, 48.007118461799905 ], [ 15.102400365315274, 48.007191457852684 ], [ 15.10266917880994, 48.007304600170791 ], [ 15.102856330606526, 48.007330894479367 ], [ 15.102974497693383, 48.007347534929764 ], [ 15.103238383847915, 48.007485317345683 ], [ 15.103298726211129, 48.007516879414069 ], [ 15.103291606243671, 48.00753624520177 ], [ 15.103286328696839, 48.007550633609114 ], [ 15.103550500781296, 48.00769677961862 ], [ 15.103583561928652, 48.007750265324582 ], [ 15.103630963323308, 48.007827197899921 ], [ 15.103671825694976, 48.00781820426625 ], [ 15.103727461242478, 48.007805925149093 ], [ 15.103856594575214, 48.007963764318376 ], [ 15.103905073533108, 48.007997397243528 ], [ 15.104023453347606, 48.008079452904752 ], [ 15.104235160955556, 48.008169259137127 ], [ 15.10426400891838, 48.008181595722988 ], [ 15.104272182029689, 48.008185340055135 ], [ 15.104420017275388, 48.008254166701029 ], [ 15.10457446617006, 48.008324241741249 ], [ 15.104583181554226, 48.008328157724968 ], [ 15.104773958917416, 48.008295272987532 ], [ 15.104809976910737, 48.008301560659447 ], [ 15.104987100030492, 48.008332504349873 ], [ 15.105065133076749, 48.008387370969189 ], [ 15.105215021584611, 48.008492879312733 ], [ 15.105313389862665, 48.008562102128117 ], [ 15.10541692707198, 48.008696575266576 ], [ 15.105582922070573, 48.008778800251065 ], [ 15.105821347747455, 48.008896989953513 ], [ 15.106381601086589, 48.009180322694824 ], [ 15.106569493938609, 48.009275438753271 ], [ 15.106664051412789, 48.009323212273621 ], [ 15.106769539052646, 48.009372977911177 ], [ 15.106919863923096, 48.009443832965957 ], [ 15.107541862898538, 48.009724594379982 ], [ 15.107814138560666, 48.009848110296012 ], [ 15.107837283075458, 48.009862243172662 ], [ 15.108019143231346, 48.009973016930623 ], [ 15.108203818857426, 48.010083747240373 ], [ 15.108956565406285, 48.010399390472806 ], [ 15.109451224144875, 48.01053955791582 ], [ 15.109550974049021, 48.01058607964881 ], [ 15.109807435886367, 48.01070569430378 ], [ 15.110106823861102, 48.010798103748868 ], [ 15.110266948009455, 48.0108414485046 ], [ 15.110295822521708, 48.010850543730392 ], [ 15.110438291141074, 48.010895239112479 ], [ 15.110528570641501, 48.01092354834018 ], [ 15.110682554751195, 48.010955918562964 ], [ 15.11095283928509, 48.011012778455601 ], [ 15.111398181572602, 48.011106452575142 ], [ 15.111905322125168, 48.011211143588838 ], [ 15.111944231411155, 48.011219544311665 ], [ 15.112071487823993, 48.01124674427399 ], [ 15.112465924810301, 48.011330128318463 ], [ 15.112616404885911, 48.011361919958553 ], [ 15.112776536056371, 48.011338581779064 ], [ 15.112790146339439, 48.011336572840825 ], [ 15.113127884031204, 48.011287197467162 ], [ 15.113241911553866, 48.011912644587817 ], [ 15.113280494720161, 48.01212351770976 ], [ 15.113311602456198, 48.012410003751185 ], [ 15.113327351513041, 48.012580554414548 ], [ 15.113344319604309, 48.01276323438956 ], [ 15.113355372119642, 48.012882655401299 ], [ 15.113170022648349, 48.013106240211577 ], [ 15.11298592812618, 48.013213453939464 ], [ 15.112923482706957, 48.013234570725778 ], [ 15.112848042465751, 48.013260026580951 ], [ 15.112762200365047, 48.013302919525174 ], [ 15.112621701934499, 48.013343682985024 ], [ 15.112336716936193, 48.013426260513405 ], [ 15.112210842707896, 48.013463289277666 ], [ 15.11204009496959, 48.013513695384312 ], [ 15.111967112664253, 48.01355225078364 ], [ 15.11177042463672, 48.013954718801038 ], [ 15.11176367693564, 48.014208941795331 ], [ 15.111754229793135, 48.014474454435955 ], [ 15.111053209855671, 48.014875399246598 ], [ 15.110981121222764, 48.014916639809677 ], [ 15.110895000619397, 48.015049791062161 ], [ 15.110532613517325, 48.015560893679741 ], [ 15.110503137397169, 48.015597160424413 ], [ 15.10974333536732, 48.016277054295564 ], [ 15.109723479708979, 48.016300485242176 ], [ 15.109626364068284, 48.016488965213092 ], [ 15.109590592023983, 48.01653729636633 ], [ 15.10953749873971, 48.016608659588428 ], [ 15.109188756703709, 48.01709975121711 ], [ 15.109118518627735, 48.017215110133151 ], [ 15.10905894298209, 48.017312758292974 ], [ 15.109048398969463, 48.017330017253926 ], [ 15.108997618766034, 48.017488990511175 ], [ 15.10893532904346, 48.01768413442614 ], [ 15.108639392343209, 48.018020899044053 ], [ 15.108476609173442, 48.018380457183497 ], [ 15.108420502178486, 48.018855630380429 ], [ 15.108575195521444, 48.018896361425284 ], [ 15.108687335141532, 48.018999024867036 ], [ 15.108704788483259, 48.019007395817482 ], [ 15.108711473672335, 48.01901071274424 ], [ 15.109066675298468, 48.019165259175494 ], [ 15.109117322805139, 48.019187338616284 ], [ 15.109295811253276, 48.01926504766719 ], [ 15.109541670273821, 48.019241569129846 ], [ 15.109551614994999, 48.019242136439303 ], [ 15.10978381072051, 48.019254591209723 ], [ 15.109957014590737, 48.019263811474843 ], [ 15.110066364032448, 48.019339610806313 ], [ 15.11009836901035, 48.019361705968102 ], [ 15.110116305047596, 48.019360620835535 ], [ 15.110132766457264, 48.019359558331608 ], [ 15.11045825318482, 48.019338725132542 ], [ 15.11081279405928, 48.019111918246729 ], [ 15.110911863951818, 48.019145851427389 ], [ 15.110926523055397, 48.019150935490785 ], [ 15.110930727892431, 48.019152310695972 ], [ 15.110938028299499, 48.019153998312675 ], [ 15.111018782683217, 48.019091388301732 ], [ 15.111060201569495, 48.019059167423642 ], [ 15.111293608303775, 48.018879121708316 ], [ 15.111448955567361, 48.018856399167227 ], [ 15.111491535178178, 48.018850346064113 ], [ 15.111746881649335, 48.018814119113998 ], [ 15.111756225633245, 48.018812805766871 ], [ 15.112134021803161, 48.018949268697988 ], [ 15.112495393415259, 48.019079953803271 ], [ 15.112561557023442, 48.019104672846979 ], [ 15.112582481130964, 48.019112539955849 ], [ 15.113027906544168, 48.019135838743317 ], [ 15.113235890395709, 48.019138400442365 ], [ 15.113322570634509, 48.019139407404381 ], [ 15.113446689449816, 48.019140918482016 ], [ 15.113692564246914, 48.019011967844122 ], [ 15.113714305524022, 48.019000565286568 ], [ 15.113761874613207, 48.019054184992306 ], [ 15.113778615870675, 48.019073094445623 ], [ 15.1139349395756, 48.01909858577941 ], [ 15.114027196411225, 48.019113634169344 ], [ 15.114083676375339, 48.019121853978532 ], [ 15.114095909299206, 48.019122655658997 ], [ 15.114112980541359, 48.019123742858994 ], [ 15.11422645476063, 48.019127756455141 ], [ 15.114523774761551, 48.019138390061954 ], [ 15.114882600267737, 48.01915122595242 ], [ 15.115334620937976, 48.019167305541458 ], [ 15.115390341274546, 48.018972888959347 ], [ 15.115401601508559, 48.018933481933097 ], [ 15.11557849268714, 48.018917171120883 ], [ 15.115778248808821, 48.018898798282194 ], [ 15.116377879082478, 48.018862119155138 ], [ 15.116455289275329, 48.018858767257854 ], [ 15.11684476232185, 48.018842239636811 ], [ 15.11698234094888, 48.018817713696492 ], [ 15.116991709967262, 48.018844565030854 ], [ 15.117062906092228, 48.019051514813036 ], [ 15.117065969807397, 48.019082242681996 ], [ 15.117079514060887, 48.019215392645478 ], [ 15.117160428148926, 48.019228183705252 ], [ 15.119073514279833, 48.019530468195569 ], [ 15.119139544951041, 48.019664698097039 ], [ 15.119282188255484, 48.019670506469708 ], [ 15.119534080831519, 48.019686147347947 ], [ 15.119538785173916, 48.019686434710323 ], [ 15.119853184221393, 48.019706059718651 ], [ 15.119926329272735, 48.019730846856007 ], [ 15.120196656384163, 48.019822509656812 ], [ 15.120360072693268, 48.019870829269834 ], [ 15.120556337942254, 48.019864020273957 ], [ 15.120677979192045, 48.019859712809868 ], [ 15.120742015655214, 48.019857464388629 ], [ 15.120912752768971, 48.01981028539678 ], [ 15.12097420088039, 48.019818605134397 ], [ 15.121309289453549, 48.019874350947674 ], [ 15.121364870017327, 48.019883660952651 ], [ 15.121507277700266, 48.019906027602545 ], [ 15.121777712671202, 48.019903020152647 ], [ 15.122123497412762, 48.01989911785175 ], [ 15.122883294021557, 48.019944696932292 ], [ 15.123599140642227, 48.019987621198013 ], [ 15.123656710019741, 48.019968913792304 ], [ 15.123761893193228, 48.019934532397777 ], [ 15.123788222992507, 48.019939614341098 ], [ 15.123925667464418, 48.019965834192739 ], [ 15.123979100574108, 48.019975086178754 ], [ 15.124077471740604, 48.019992281702947 ], [ 15.124164869396292, 48.019955565448114 ], [ 15.124257155975808, 48.019916703825643 ], [ 15.124596065979214, 48.019892293746203 ], [ 15.125067567081311, 48.019858271952181 ], [ 15.125226321819792, 48.019802093430307 ], [ 15.125595777499676, 48.01967138433281 ], [ 15.125638987133504, 48.019707069673728 ], [ 15.125655699919983, 48.019721118683421 ], [ 15.12574243701923, 48.019805622312568 ], [ 15.125761452561266, 48.01982422493225 ], [ 15.125727320425904, 48.019896472044692 ], [ 15.125703444683541, 48.019947143740566 ], [ 15.125694691711242, 48.019965636351778 ], [ 15.125730289218339, 48.020010078142668 ], [ 15.125808047001069, 48.020005094886976 ], [ 15.125822589169328, 48.019975534368264 ], [ 15.125859836514996, 48.0199002694645 ], [ 15.125938098316235, 48.01987485153758 ], [ 15.126013716073992, 48.019862252481865 ], [ 15.126032656342696, 48.019859169644697 ], [ 15.126068359404018, 48.019930065529088 ], [ 15.126106935565357, 48.020006496032259 ], [ 15.126179670553757, 48.020038754442105 ], [ 15.126231622994444, 48.020012753888828 ], [ 15.126332014140949, 48.020034055576211 ], [ 15.126394300787265, 48.020047218702508 ], [ 15.126589771590682, 48.020087474366562 ], [ 15.126630279606141, 48.020071909279451 ], [ 15.126701492886781, 48.0200443503687 ], [ 15.126757269602727, 48.020059323871408 ], [ 15.127026274531637, 48.020131644462985 ], [ 15.127121857776814, 48.020157429267243 ], [ 15.127211515604092, 48.02017862654224 ], [ 15.127635601840428, 48.020278957941784 ], [ 15.127701657349474, 48.020296381283472 ], [ 15.127715190197476, 48.020299860960691 ], [ 15.127792312908905, 48.0203192723827 ], [ 15.127800973195772, 48.020321477784421 ], [ 15.12781477417445, 48.020324953294242 ], [ 15.127765360471958, 48.020335077706349 ], [ 15.127732062567501, 48.020341892801973 ], [ 15.127622490895073, 48.020365637523909 ], [ 15.127549263280505, 48.020381440071652 ], [ 15.127561896100296, 48.020421108019114 ], [ 15.127417703162271, 48.020615822228713 ], [ 15.127394562415946, 48.020648845671296 ], [ 15.127362474060122, 48.020694695757982 ], [ 15.127315419002413, 48.020761654456408 ], [ 15.127257376504582, 48.020844530896696 ], [ 15.127180898514256, 48.020929582645579 ], [ 15.126737979443053, 48.021260393223727 ], [ 15.126690640981515, 48.021295771016256 ], [ 15.126495639450425, 48.021440788909104 ], [ 15.126344916861287, 48.02189422181111 ], [ 15.126329724940453, 48.02193998987071 ], [ 15.12663923762187, 48.02257715458893 ], [ 15.12670854035942, 48.022723927723817 ], [ 15.126724462861386, 48.023490539469371 ], [ 15.126798636840721, 48.023587834918843 ], [ 15.126880540822677, 48.023695358937289 ], [ 15.126888861155933, 48.023738333207525 ], [ 15.126915696351606, 48.023878835136081 ], [ 15.126939066115591, 48.024000493738619 ], [ 15.126966206870383, 48.024142070742442 ], [ 15.127007284297052, 48.024220891774078 ], [ 15.127022221292451, 48.024249545787121 ], [ 15.127183622123779, 48.024453022588823 ], [ 15.127314736669589, 48.024618364567289 ], [ 15.127394539559475, 48.024695955543848 ], [ 15.127573581777886, 48.024870183072892 ], [ 15.127634827097911, 48.024923045435195 ], [ 15.127636201298003, 48.024994112840439 ], [ 15.127636405711575, 48.025000048728636 ], [ 15.127523169496742, 48.025092958966532 ], [ 15.127543031890152, 48.02522178064671 ], [ 15.127546459702684, 48.025243414080357 ], [ 15.127563906315721, 48.025356615677858 ], [ 15.127949528223168, 48.025417768778027 ], [ 15.128162638167868, 48.025451539638532 ], [ 15.128581140443291, 48.02542354504785 ], [ 15.129552241615729, 48.025358452239438 ], [ 15.129666489255591, 48.025357219757744 ], [ 15.130054143030772, 48.02535273475592 ], [ 15.130178690753821, 48.025342883276053 ], [ 15.130667773623459, 48.025303887349374 ], [ 15.131051598622809, 48.025258424919734 ] ] ] } }
]
}
