category,name,slug,prefix,roundness,rectangularity,mobile_fit
europe_lau,Častolovice,castolovice,ca,48.55,70.25,58.65
europe_lau,Částkov,castkov,ca,49.12,64.8,68.2
europe_lau,Čáslavice,caslavice,ca,30.91,51.1,-0.29
europe_lau,Čakovičky,cakovicky,ca,45.14,64.17,87.8
europe_lau,Calberlah,calberlah,ca,34.41,54.45,95.58
europe_lau,Cappeln (Oldenburg),cappeln_oldenburg,ca,47.4,65.63,-10.38
europe_lau,Cadenberge,cadenberge,ca,43.62,53.3,20.91
europe_lau,"Castrop-Rauxel, Stadt",castrop_rauxel_stadt,ca,45.18,57.06,78.58
europe_lau,Calden,calden,ca,38.67,54.43,28.49
europe_lau,Callbach,callbach,ca,55.69,67.9,25.81
europe_lau,Caan,caan,ca,39.61,67.47,46.46
europe_lau,Carlsberg,carlsberg,ca,29.75,56.58,35.32
europe_lau,"Calw, Stadt",calw_stadt,ca,47.39,62.97,70.15
europe_lau,Carlow,carlow,ca,56.01,63.95,77.31
europe_lau,Cavertitz,cavertitz,ca,42.1,54.97,23.43
europe_lau,Calvörde,calvorde,ca,36.84,48.75,-5.88
europe_lau,"Calbe (Saale), Stadt",calbe_saale_stadt,ca,65.27,69.31,50.33
europe_lau,"Cadolzburg, M",cadolzburg_m,ca,53.33,58.66,41.66
europe_lau,Caaschwitz,caaschwitz,ca,41.11,64.97,-25.29
europe_lau,"Calau/Kalawa, Stadt",calau_kalawa_stadt,ca,54.3,56.88,58.73
europe_lau,Calahorra de Boedo,calahorra_de_boedo,ca,52.89,66.11,14.32
europe_lau,Calzada de los Molinos,calzada_de_los_molinos,ca,58.04,69.46,74.71
europe_lau,Capillas,capillas,ca,47.23,67.24,44.81
europe_lau,Cardeñosa de Volpejera,cardenosa_de_volpejera,ca,53.58,72.12,71.1
europe_lau,Carrión de los Condes,carrion_de_los_condes,ca,43.3,47.73,71.75
europe_lau,Castil de Vela,castil_de_vela,ca,44.77,67.49,96.41
europe_lau,Castrejón de la Peña,castrejon_de_la_pena,ca,50.36,65.42,77.92
europe_lau,Castrillo de Don Juan,castrillo_de_don_juan,ca,27.93,53.82,98.84
europe_lau,Castrillo de Onielo,castrillo_de_onielo,ca,59.75,71.81,28.13
europe_lau,Castrillo de Villavega,castrillo_de_villavega,ca,53.81,70.1,38.72
europe_lau,Castromocho,castromocho,ca,58.92,66.03,77.11
europe_lau,Calvià,calvia,ca,42.64,54.03,81.86
europe_lau,Campanet,campanet,ca,54.83,59.08,75.56
europe_lau,Campos,campos,ca,60.41,67.01,69.18
europe_lau,Capdepera,capdepera,ca,40.79,58.59,93.61
europe_lau,"Castell, Es",castell_es,ca,54.25,67.83,81.04
europe_lau,Cádiz,cadiz,ca,12.21,39.78,91.87
europe_lau,Castellar de la Frontera,castellar_de_la_frontera,ca,50.38,64.86,18.68
europe_lau,Caballar,caballar,ca,61.15,68.04,70.59
europe_lau,Cabañas de Polendos,cabanas_de_polendos,ca,56.72,72.77,85.08
europe_lau,Cabezuela,cabezuela,ca,26.02,46.98,-29.14
europe_lau,Calabazas de Fuentidueña,calabazas_de_fuentiduena,ca,64.69,70.48,60.46
europe_lau,Campo de San Pedro,campo_de_san_pedro,ca,29.69,54.09,76.6
europe_lau,Cantalejo,cantalejo,ca,31.59,64.09,-1.82
europe_lau,Cantimpalos,cantimpalos,ca,60.34,69.56,66.09
europe_lau,Carbonero el Mayor,carbonero_el_mayor,ca,48.31,59.13,55.03
europe_lau,Carrascal del Río,carrascal_del_rio,ca,41.14,53.86,92.7
europe_lau,Casla,casla,ca,27.51,65.55,99.88
europe_lau,Castillejo de Mesleón,castillejo_de_mesleon,ca,58.69,73.83,25.21
europe_lau,Castro de Fuentidueña,castro_de_fuentiduena,ca,43.18,56.81,38.53
europe_lau,Castrojimeno,castrojimeno,ca,42.27,61.93,49.91
europe_lau,Castroserna de Abajo,castroserna_de_abajo,ca,46.22,58.28,70.75
europe_lau,Castroserracín,castroserracin,ca,58.83,68.1,51.78
europe_lau,Campillo de Altobuey,campillo_de_altobuey,ca,63.32,76.22,40.67
europe_lau,Campillos-Paravientos,campillos_paravientos,ca,72.81,75.78,58.01
europe_lau,Campillos-Sierra,campillos_sierra,ca,52.47,60.63,44.01
europe_lau,Canalejas del Arroyo,canalejas_del_arroyo,ca,49.81,70.63,64.08
europe_lau,Cañada del Hoyo,canada_del_hoyo,ca,58.05,64.57,35.15
europe_lau,Cañada Juncosa,canada_juncosa,ca,15.23,35.87,-31.45
europe_lau,Cañamares,canamares,ca,50.12,61.86,85.72
europe_lau,"Cañavate, El",canavate_el,ca,73.52,77.46,60.86
europe_lau,Cañaveras,canaveras,ca,59.66,70.31,66.59
europe_lau,Cañaveruelas,canaveruelas,ca,33.28,43.55,18.71
europe_lau,Cañete,canete,ca,41.13,65.41,67.97
europe_lau,Cañizares,canizares,ca,52,76.38,26.93
europe_lau,Carboneras de Guadazaón,carboneras_de_guadazaon,ca,34.33,55.8,96.14
europe_lau,Cardenete,cardenete,ca,51.1,74.68,47.09
europe_lau,Carrascosa,carrascosa,ca,49.85,62.23,38.42
europe_lau,Carrascosa de Haro,carrascosa_de_haro,ca,52.33,63.97,44.54
europe_lau,Casas de Benítez,casas_de_benitez,ca,31.68,46.45,76.84
europe_lau,Casas de Fernando Alonso,casas_de_fernando_alonso,ca,60.84,65.17,68.58
europe_lau,Casas de Garcimolina,casas_de_garcimolina,ca,34.15,49.1,90.57
europe_lau,Casas de Guijarro,casas_de_guijarro,ca,69.75,80.24,58.87
europe_lau,Casas de Haro,casas_de_haro,ca,57.21,72.99,60.98
europe_lau,Casas de los Pinos,casas_de_los_pinos,ca,43.53,64.63,83.18
europe_lau,Casasimarro,casasimarro,ca,59.55,77.29,23.58
europe_lau,Castejón,castejon,ca,67.69,74.65,63.49
europe_lau,Castillejo de Iniesta,castillejo_de_iniesta,ca,58.63,83.02,14.59
europe_lau,Castillejo-Sierra,castillejo_sierra,ca,32.73,55.06,-25.81
europe_lau,Castillo-Albaráñez,castillo_albaranez,ca,57.67,72.01,79.86
europe_lau,Castillo de Garcimuñoz,castillo_de_garcimunoz,ca,16.9,34.42,3
europe_lau,Capileira,capileira,ca,51.51,62.23,82.54
europe_lau,Carataunas,carataunas,ca,26.44,49.41,23.37
europe_lau,Cástaras,castaras,ca,27.4,52.9,99.96
europe_lau,Castilléjar,castillejar,ca,50.9,71.89,76.81
europe_lau,Castril,castril,ca,34.11,64.87,97.76
europe_lau,Campezo,campezo,ca,65.75,68.93,58.38
europe_lau,"Calahorra, La",calahorra_la,ca,24.67,36.39,77.77
europe_lau,"Cabanyes, Les",cabanyes_les,ca,48.31,70.58,57.2
europe_lau,Cabrera d'Anoia,cabrera_d_anoia,ca,28.97,68.94,73.14
europe_lau,Cabrera de Mar,cabrera_de_mar,ca,52.56,67.99,54.95
europe_lau,Cabrils,cabrils,ca,45.59,65.44,40.23
europe_lau,Calaf,calaf,ca,19.37,50.26,-68.84
europe_lau,Caldes d'Estrac,caldes_d_estrac,ca,58.29,76.58,47.19
europe_lau,Caldes de Montbui,caldes_de_montbui,ca,43.33,67.68,65.52
europe_lau,Calders,calders,ca,34.28,69.85,-13.72
europe_lau,Calella,calella,ca,49.29,71.56,65.89
europe_lau,Calonge de Segarra,calonge_de_segarra,ca,47.5,58.99,69.23
europe_lau,Calldetenes,calldetenes,ca,66.08,67.65,40.79
europe_lau,Callús,callus,ca,41.2,57.06,86
europe_lau,Canet de Mar,canet_de_mar,ca,49.44,72.19,52.88
europe_lau,Canovelles,canovelles,ca,65.53,85.72,49.32
europe_lau,Cànoves i Samalús,canoves_i_samalus,ca,42.43,59.2,87.51
europe_lau,Canyelles,canyelles,ca,60.45,72.98,19.45
europe_lau,Capellades,capellades,ca,26.79,51.33,85.09
europe_lau,Capolat,capolat,ca,39.28,56.12,-11.66
europe_lau,Cardedeu,cardedeu,ca,39.03,59.13,97.99
europe_lau,Cardona,cardona,ca,42.61,57.06,32.31
europe_lau,Carme,carme,ca,45.78,59.06,19.18
europe_lau,Casserres,casserres,ca,42.99,53.66,69.59
europe_lau,Castellar del Riu,castellar_del_riu,ca,39.27,66.85,-18.02
europe_lau,Castellar del Vallès,castellar_del_valles,ca,64.05,80.79,75.02
europe_lau,Castellar de n'Hug,castellar_de_n_hug,ca,48.99,69.29,4.26
europe_lau,Castellbell i el Vilar,castellbell_i_el_vilar,ca,47.06,62.27,29.41
europe_lau,Castellbisbal,castellbisbal,ca,40.26,57.77,85.26
europe_lau,Castellcir,castellcir,ca,49.68,69.35,85.48
europe_lau,Castelldefels,castelldefels,ca,52.88,67.91,4.04
europe_lau,Castell de l'Areny,castell_de_l_areny,ca,68.35,66.68,51.84
europe_lau,Castellet i la Gornal,castellet_i_la_gornal,ca,52.79,55.67,53.07
europe_lau,Castellfollit del Boix,castellfollit_del_boix,ca,53.83,59.81,60.05
europe_lau,Castellfollit de Riubregós,castellfollit_de_riubregos,ca,46.07,67.81,81
europe_lau,Castellgalí,castellgali,ca,36.43,61.06,13.91
europe_lau,Castellnou de Bages,castellnou_de_bages,ca,47.61,66.76,86.58
europe_lau,Castellolí,castelloli,ca,70.53,74.6,60.66
europe_lau,Castellterçol,castelltercol,ca,47.93,53.59,53.06
europe_lau,Castellví de la Marca,castellvi_de_la_marca,ca,61.17,73.69,33.23
europe_lau,Castellví de Rosanes,castellvi_de_rosanes,ca,54.01,71.77,-1
europe_lau,Cabanes,cabanes,ca,53.98,65.65,45.8
europe_lau,Càlig,calig,ca,34.39,67.61,85.13
europe_lau,Canet lo Roig,canet_lo_roig,ca,39.2,54.02,45.32
europe_lau,Castell de Cabres,castell_de_cabres,ca,39.04,62.75,-5.97
europe_lau,Castellfort,castellfort,ca,62.17,65.04,64.91
europe_lau,Castellnovo,castellnovo,ca,41.25,70.69,82.49
europe_lau,Castelló de la Plana,castello_de_la_plana,ca,44.12,49.65,29.09
europe_lau,Castillo de Villamalefa,castillo_de_villamalefa,ca,22.98,34.56,91.11
europe_lau,Catí,cati,ca,24.15,49.32,92.12
europe_lau,Caudiel,caudiel,ca,27.23,45.52,45.83
europe_lau,Cabanillas del Campo,cabanillas_del_campo,ca,47.16,67.14,60.71
europe_lau,Campillo de Dueñas,campillo_de_duenas,ca,56.95,64.79,34.85
europe_lau,Campillo de Ranas,campillo_de_ranas,ca,43.57,66.12,61.75
europe_lau,Campisábalos,campisabalos,ca,50.7,68.41,12.98
europe_lau,Canredondo,canredondo,ca,48.48,54.97,46.48
europe_lau,Cantalojas,cantalojas,ca,42.59,50.88,40.44
europe_lau,Cañizar,canizar,ca,52.58,59.86,66.1
europe_lau,"Cardoso de la Sierra, El",cardoso_de_la_sierra_el,ca,47.56,65.53,84.3
europe_lau,Casa de Uceda,casa_de_uceda,ca,72.62,77.11,52.03
europe_lau,"Casar, El",casar_el,ca,36.43,67.4,94.67
europe_lau,Casas de San Galindo,casas_de_san_galindo,ca,29.78,57.91,68.74
europe_lau,Caspueñas,caspuenas,ca,48.18,69.6,28.55
europe_lau,Castejón de Henares,castejon_de_henares,ca,51.78,64.22,21.51
europe_lau,Castellar de la Muela,castellar_de_la_muela,ca,64.89,82.12,55.21
europe_lau,Castilforte,castilforte,ca,48.96,71.87,32.49
europe_lau,Castilnuevo,castilnuevo,ca,42.33,62.65,58.37
europe_lau,Carcelén,carcelen,ca,52.96,64.97,66.8
europe_lau,Casas de Juan Núñez,casas_de_juan_nunez,ca,59.6,74.47,61.58
europe_lau,Casas de Lázaro,casas_de_lazaro,ca,28.3,42.58,88.11
europe_lau,Casas de Ves,casas_de_ves,ca,35.14,56.87,92.73
europe_lau,Casas-Ibáñez,casas_ibanez,ca,45.13,55.53,77.73
europe_lau,Caudete,caudete,ca,54.07,71.05,24.11
europe_lau,Чавдар,cavdar,ca,43.37,73.15,80.26
europe_lau,Campos del Paraíso,campos_del_paraiso,ca,44.19,55.78,66.88
europe_lau,Cabañas del Castillo,cabanas_del_castillo,ca,26.78,39.2,78.2
europe_lau,Cabezabellosa,cabezabellosa,ca,46.39,58.14,84.45
europe_lau,Cabezuela del Valle,cabezuela_del_valle,ca,38.86,59.33,32.12
europe_lau,Cabrero,cabrero,ca,41.91,64.48,75.13
europe_lau,Cáceres,caceres,ca,49.75,56.44,43.05
europe_lau,Cachorrilla,cachorrilla,ca,53.81,72.1,61.03
europe_lau,Cadalso,cadalso,ca,75.33,76.83,60.97
europe_lau,Calzadilla,calzadilla,ca,50.91,64.76,57.74
europe_lau,Caminomorisco,caminomorisco,ca,31.19,59.52,-10.32
europe_lau,Campillo de Deleitosa,campillo_de_deleitosa,ca,35.26,52.76,87.44
europe_lau,Campo Lugar,campo_lugar,ca,55.79,63.62,64.86
europe_lau,Cañamero,canamero,ca,38.3,54.63,91.17
europe_lau,Cabezarados,cabezarados,ca,38.15,50.47,48.57
europe_lau,Cabezarrubias del Puerto,cabezarrubias_del_puerto,ca,23.26,47.07,43.1
europe_lau,Calzada de Calatrava,calzada_de_calatrava,ca,41.45,66.73,82.99
europe_lau,Campo de Criptana,campo_de_criptana,ca,28.41,56.49,92.53
europe_lau,Cañada de Calatrava,canada_de_calatrava,ca,36.7,55.66,97.32
europe_lau,Caracuel de Calatrava,caracuel_de_calatrava,ca,27.78,59.58,80.69
europe_lau,Carrión de Calatrava,carrion_de_calatrava,ca,33.17,48.78,95.59
europe_lau,Carrizosa,carrizosa,ca,53.92,76.03,25.84
europe_lau,Castellar de Santiago,castellar_de_santiago,ca,67.65,79.75,70.8
europe_lau,Calp,calp,ca,44.67,52.82,22.1
europe_lau,Callosa d'en Sarrià,callosa_den_sarria,ca,53.83,67.99,37.37
europe_lau,Cabeza del Buey,cabeza_del_buey,ca,46.02,69.5,97.19
europe_lau,Cabeza la Vaca,cabeza_la_vaca,ca,34.81,47.89,95.55
europe_lau,Calamonte,calamonte,ca,44.57,72.04,99.29
europe_lau,Calera de León,calera_de_leon,ca,22.96,56.38,79.8
europe_lau,Calzadilla de los Barros,calzadilla_de_los_barros,ca,65.57,73.55,55.21
europe_lau,Campanario,campanario,ca,51.39,70.12,72.13
europe_lau,Campillo de Llerena,campillo_de_llerena,ca,52.69,61.88,39.95
europe_lau,Capilla,capilla,ca,61.5,68.01,64.43
europe_lau,Carmonita,carmonita,ca,57.78,65.62,55.68
europe_lau,"Carrascalejo, El",carrascalejo_el,ca,69.77,83.68,26.42
europe_lau,Casas de Don Pedro,casas_de_don_pedro,ca,34.22,51.98,82.52
europe_lau,Casas de Reina,casas_de_reina,ca,35.02,56.35,80.85
europe_lau,Castilblanco,castilblanco,ca,43.2,61.79,86.47
europe_lau,Castuera,castuera,ca,44.48,55.18,72.45
europe_lau,Cacín,cacin,ca,18.35,53.89,98.95
europe_lau,Cádiar,cadiar,ca,44.68,58.05,74.91
europe_lau,Cájar,cajar,ca,21.41,52.56,76.99
europe_lau,Calicasas,calicasas,ca,63.81,71.3,70.76
europe_lau,Campotéjar,campotejar,ca,39.21,57,92.89
europe_lau,Caniles,caniles,ca,65.04,68.53,64.57
europe_lau,Cáñar,canar,ca,26.17,60.78,90.76
europe_lau,Callosa de Segura,callosa_de_segura,ca,46.86,70.84,34.71
europe_lau,"Campello, el",campello_el,ca,26.56,49.64,78.61
europe_lau,Campo de Mirra,campo_de_mirra,ca,34.45,70.41,79.21
europe_lau,Cañada,canada,ca,21.11,61.19,87.1
europe_lau,Castalla,castalla,ca,40.77,58.1,10.03
europe_lau,Castell de Castells,castell_de_castells,ca,63.58,71.12,57.38
europe_lau,Catral,catral,ca,50.15,64.41,25.31
europe_lau,"Castell de Guadalest, el",castell_de_guadalest_el,ca,46.38,55.65,75.55
europe_lau,Cabañes de Esgueva,cabanes_de_esgueva,ca,52.32,84.18,90.84
europe_lau,Cabezón de la Sierra,cabezon_de_la_sierra,ca,37.61,66.47,-20.82
europe_lau,Cavia,cavia,ca,52.92,65.27,0.87
europe_lau,Caleruega,caleruega,ca,46.97,63.76,84.01
europe_lau,Campillo de Aranda,campillo_de_aranda,ca,70.78,85.83,47.97
europe_lau,Campolara,campolara,ca,44.92,73.54,94.21
europe_lau,Canicosa de la Sierra,canicosa_de_la_sierra,ca,51.54,73.56,88.53
europe_lau,Cantabrana,cantabrana,ca,55.61,72.91,85.3
europe_lau,Carazo,carazo,ca,54.83,61.56,40.23
europe_lau,Carcedo de Bureba,carcedo_de_bureba,ca,55.1,61.15,60.83
europe_lau,Carcedo de Burgos,carcedo_de_burgos,ca,55.59,66,88.97
europe_lau,Cardeñadijo,cardenadijo,ca,60.06,77.98,57.06
europe_lau,Cardeñajimeno,cardenajimeno,ca,38.53,51.77,36.26
europe_lau,Cardeñuela Riopico,cardenuela_riopico,ca,62.41,72.36,65.57
europe_lau,Carrias,carrias,ca,59.76,72.35,46.67
europe_lau,Cascajares de Bureba,cascajares_de_bureba,ca,48.34,61.56,75.7
europe_lau,Cascajares de la Sierra,cascajares_de_la_sierra,ca,46.7,70.38,28.81
europe_lau,Castellanos de Castro,castellanos_de_castro,ca,68.03,76.23,38.52
europe_lau,Castildelgado,castildelgado,ca,56.64,66.51,49.57
europe_lau,Castil de Peones,castil_de_peones,ca,41.8,70.08,99.04
europe_lau,Castrillo de la Reina,castrillo_de_la_reina,ca,43.43,63.56,97.24
europe_lau,Цар Калоян,car_kaloan,ca,62.09,65.17,69.94
europe_lau,Castrillo de la Vega,castrillo_de_la_vega,ca,64.89,70.03,48.07
europe_lau,Castrillo del Val,castrillo_del_val,ca,45.61,58.4,89.69
europe_lau,Castrillo de Riopisuerga,castrillo_de_riopisuerga,ca,75.25,74.84,56.85
europe_lau,Castrillo Mota de Judíos,castrillo_mota_de_judios,ca,45.88,63.32,92.13
europe_lau,Castrojeriz,castrojeriz,ca,23.22,42.28,90.61
europe_lau,Cayuela,cayuela,ca,57.96,57.25,49.27
europe_lau,Cabanes,cabanes,ca,45.18,67.61,84.31
europe_lau,Cabanelles,cabanelles,ca,24.89,55.12,69.77
europe_lau,Cadaqués,cadaques,ca,37.1,53.59,78.47
europe_lau,Caldes de Malavella,caldes_de_malavella,ca,33.61,55.49,75.46
europe_lau,Calonge i Sant Antoni,calonge_i_sant_antoni,ca,59.53,63.97,61.26
europe_lau,Camós,camos,ca,61.78,70.76,43.58
europe_lau,Campdevànol,campdevanol,ca,56.23,71.37,47.97
europe_lau,Campelles,campelles,ca,50.7,61.18,66.03
europe_lau,Campllong,campllong,ca,57.14,70.71,90.28
europe_lau,Camprodon,camprodon,ca,33.52,45.2,-9.64
europe_lau,Canet d'Adri,canet_d_adri,ca,61.28,76.93,51.02
europe_lau,Cantallops,cantallops,ca,47.67,73.87,91.41
europe_lau,Capmany,capmany,ca,44.19,55.58,29.75
europe_lau,Cassà de la Selva,cassa_de_la_selva,ca,52.85,65.35,2.72
europe_lau,Castellfollit de la Roca,castellfollit_de_la_roca,ca,36.83,68.52,-45.86
europe_lau,Castelló d'Empúries,castello_d_empuries,ca,59.74,62.26,67.97
europe_lau,Castell-Platja d'Aro,castell_platja_d_aro,ca,57.58,74.29,76.12
europe_lau,Cañaveral,canaveral,ca,25.56,44.78,75.25
europe_lau,Carbajo,carbajo,ca,46.21,60.96,91.06
europe_lau,Carcaboso,carcaboso,ca,51.03,68.87,55.74
europe_lau,Carrascalejo,carrascalejo,ca,58.08,74.15,60.57
europe_lau,Casar de Cáceres,casar_de_caceres,ca,41.08,61,2.78
europe_lau,Casar de Palomero,casar_de_palomero,ca,24.9,37.88,-21.96
europe_lau,Casares de las Hurdes,casares_de_las_hurdes,ca,32.58,69.29,-20.84
europe_lau,Casas de Don Antonio,casas_de_don_antonio,ca,26.59,63.23,99.82
europe_lau,Casas de Don Gómez,casas_de_don_gomez,ca,56.95,75.78,56.61
europe_lau,Casas del Castañar,casas_del_castanar,ca,32.48,63.2,16.61
europe_lau,Casas del Monte,casas_del_monte,ca,40.19,61.88,7.27
europe_lau,Casas de Millán,casas_de_millan,ca,47.07,70.03,9.17
europe_lau,Casas de Miravete,casas_de_miravete,ca,17.18,44.22,20.52
europe_lau,Casatejada,casatejada,ca,41.71,58.96,84.34
europe_lau,Casillas de Coria,casillas_de_coria,ca,47.04,57.86,40.89
europe_lau,Castañar de Ibor,castanar_de_ibor,ca,39.66,56.84,72.97
europe_lau,Cabra,cabra,ca,54.81,68.85,45.42
europe_lau,Cañete de las Torres,canete_de_las_torres,ca,25.51,49.55,86.63
europe_lau,Carcabuey,carcabuey,ca,65.31,72.74,71.48
europe_lau,Cardeña,cardena,ca,61.43,68.79,37.77
europe_lau,"Carlota, La",carlota_la,ca,41.5,49.98,55.17
europe_lau,"Carpio, El",carpio_el,ca,44.38,62.06,88.17
europe_lau,Canjáyar,canjayar,ca,18.41,45.03,77.27
europe_lau,Cantoria,cantoria,ca,54.35,70.59,13.61
europe_lau,Carboneras,carboneras,ca,47.71,64.85,49.9
europe_lau,Castro del Río,castro_del_rio,ca,36.13,55.36,83.96
europe_lau,Cabana de Bergantiños,cabana_de_bergantinos,ca,45.01,59.11,34.94
europe_lau,Cabanas,cabanas,ca,45.38,56.19,13.61
europe_lau,Camariñas,camarinas,ca,51.12,64.22,20.57
europe_lau,Cambre,cambre,ca,53.83,64.26,72.93
europe_lau,"Capela, A",capela_a,ca,64.81,73.58,42.56
europe_lau,Carballo,carballo,ca,42.44,55.9,90.56
europe_lau,Carnota,carnota,ca,31.38,51.64,92.55
europe_lau,Carral,carral,ca,30.97,47.42,76.95
europe_lau,Castro de Filabres,castro_de_filabres,ca,33.27,60.03,85.83
europe_lau,Cariño,carino,ca,58.4,63.41,70.23
europe_lau,Cabezas del Pozo,cabezas_del_pozo,ca,52.08,74.82,45.43
europe_lau,Cabezas del Villar,cabezas_del_villar,ca,33.31,51.88,96.75
europe_lau,Cabizuela,cabizuela,ca,57.2,67.79,69.35
europe_lau,Canales,canales,ca,37.18,61.95,2.62
europe_lau,Candeleda,candeleda,ca,47.52,66.57,76.35
europe_lau,Cantiveros,cantiveros,ca,27.39,62.01,8.14
europe_lau,Cardeñosa,cardenosa,ca,62.83,63.73,50.64
europe_lau,"Carrera, La",carrera_la,ca,41.34,58.76,89.44
europe_lau,Casas del Puerto,casas_del_puerto,ca,23.25,37.72,-41.84
europe_lau,Casasola,casasola,ca,40.91,55.17,26.31
europe_lau,Casavieja,casavieja,ca,57.48,70.39,82.76
europe_lau,Casillas,casillas,ca,60.38,66.76,23.56
europe_lau,Castellanos de Zapardiel,castellanos_de_zapardiel,ca,37.67,76.87,37.46
europe_lau,Callenberger Forst-West,callenberger_forst_west,ca,42.85,64.61,32.16
europe_lau,Callenberg,callenberg,ca,52.85,60.9,29.18
europe_lau,Carmzow-Wallmow,carmzow_wallmow,ca,44.8,53.33,77.26
europe_lau,Casekow,casekow,ca,55.84,68.75,44.95
europe_lau,Carpin,carpin,ca,47.57,60.01,45.65
europe_lau,Царево,carevo,ca,44.32,68.68,39.48
europe_lau,Cambs,cambs,ca,56.62,63.09,60.22
europe_lau,Castell,castell,ca,44.66,57.11,4.03
europe_lau,Cammin,cammin,ca,50.26,73.93,61.12
europe_lau,Carinerland,carinerland,ca,47.83,60.39,68.37
europe_lau,Camps-Saint-Mathurin-Léobazel,camps_saint_mathurin_leobazel,ca,39.13,54.62,51.15
europe_lau,Cabris,cabris,ca,57.15,70.61,65.78
europe_lau,Cagnes-sur-Mer,cagnes_sur_mer,ca,54.17,61.37,83.56
europe_lau,Caille,caille,ca,54.3,72.42,38.9
europe_lau,Cannes,cannes,ca,27.5,47.13,-45.58
europe_lau,Cantaron,cantaron,ca,52.99,62.56,53.1
europe_lau,Cap-d'Ail,cap_d_ail,ca,39.72,66.72,-25.67
europe_lau,Carros,carros,ca,58.89,68.72,26.81
europe_lau,Castagniers,castagniers,ca,34.95,51.69,63
europe_lau,Castellar,castellar,ca,39.27,84.91,93.97
europe_lau,Castillon,castillon,ca,52.41,72.3,32.94
europe_lau,Caussols,caussols,ca,50.46,65.51,18.93
europe_lau,Cabannes,cabannes,ca,38.8,68.22,45.5
europe_lau,Cabriès,cabries,ca,68.84,76.98,62.7
europe_lau,Cadolive,cadolive,ca,26.65,66.09,-11.47
europe_lau,Carry-le-Rouet,carry_le_rouet,ca,38.18,54.06,56.78
europe_lau,Cassis,cassis,ca,52.27,58.95,50.79
europe_lau,Capriasca,capriasca,ca,43.88,67.88,58.58
europe_lau,Cademène,cademene,ca,22.54,65.96,98.93
europe_lau,Calanhel,calanhel,ca,50.57,62.8,21.7
europe_lau,Callac,callac,ca,42.81,59.4,63.48
europe_lau,Calorguen,calorguen,ca,37.66,62.26,95.57
europe_lau,Camlez,camlez,ca,52.16,65.96,28.78
europe_lau,Canihuel,canihuel,ca,37.11,49.11,71.38
europe_lau,Caouënnec-Lanvézéac,caouennec_lanvezeac,ca,56.14,76.7,1.43
europe_lau,Carnoët,carnoet,ca,42.1,51.32,60.1
europe_lau,Caulnes,caulnes,ca,41.45,64.44,18.51
europe_lau,Caurel,caurel,ca,44.12,57.5,45.3
europe_lau,Cavan,cavan,ca,40.69,51.23,84.07
europe_lau,Castellane,castellane,ca,52.33,57.31,62.94
europe_lau,Castellet-lès-Sausses,castellet_les_sausses,ca,24,48.96,99.36
europe_lau,Cabanès,cabanes,ca,49.39,58.36,69.18
europe_lau,Calmels-et-le-Viala,calmels_et_le_viala,ca,49.82,69.95,96.1
europe_lau,Calmont,calmont,ca,42.6,56.58,92.08
europe_lau,Camarès,camares,ca,46.12,54.26,76.15
europe_lau,Camboulazet,camboulazet,ca,26.5,56.57,87.27
europe_lau,Camjac,camjac,ca,35.75,58.98,80.49
europe_lau,Campagnac,campagnac,ca,56.41,64.62,71.02
europe_lau,Campouriez,campouriez,ca,41.88,55.75,0.5
europe_lau,Campuac,campuac,ca,33.33,58.67,14.53
europe_lau,Canet-de-Salars,canet_de_salars,ca,61.96,63.83,56.12
europe_lau,Cantoin,cantoin,ca,54.13,61.72,60.64
europe_lau,Cademario,cademario,ca,47.4,74.65,98.7
europe_lau,Cadempino,cadempino,ca,47.27,63.78,67.49
europe_lau,Cabrespine,cabrespine,ca,39.89,59.35,58.36
europe_lau,Cahuzac,cahuzac,ca,66.78,73.91,65.43
europe_lau,Cailhau,cailhau,ca,48.56,59.63,20.08
europe_lau,Cailhavel,cailhavel,ca,43.83,59.29,17.95
europe_lau,Cailla,cailla,ca,44.91,62.87,-3.45
europe_lau,Cambieure,cambieure,ca,41.37,66.46,-30.74
europe_lau,Cazis,cazis,ca,51.75,63.05,64.07
europe_lau,Campagna-de-Sault,campagna_de_sault,ca,42.9,60.17,12.95
europe_lau,Campagne-sur-Aude,campagne_sur_aude,ca,44.43,71.14,46.36
europe_lau,Camplong-d'Aude,camplong_d_aude,ca,48.19,58.94,71.13
europe_lau,Camps-sur-l'Agly,camps_sur_l_agly,ca,59.14,67.69,60.22
europe_lau,Camurac,camurac,ca,40.83,64.84,89.65
europe_lau,Canet,canet,ca,60.41,76.72,36.03
europe_lau,Capendu,capendu,ca,52.01,70.68,32.11
europe_lau,Carcassonne,carcassonne,ca,37.94,58.27,-16.65
europe_lau,Carlipa,carlipa,ca,47.4,72.76,84.19
europe_lau,Cascastel-des-Corbières,cascastel_des_corbieres,ca,38.3,58.54,56.16
europe_lau,Cassaignes,cassaignes,ca,40.47,62.66,-14.6
europe_lau,Canobbio,canobbio,ca,30.82,59.61,87.24
europe_lau,Caslano,caslano,ca,57.23,64.43,62.47
europe_lau,Cabariot,cabariot,ca,53.78,67.19,83.12
europe_lau,Castans,castans,ca,58.15,64.44,73.11
europe_lau,Castelnaudary,castelnaudary,ca,66.42,72.05,60.52
europe_lau,Castelnau-d'Aude,castelnau_d_aude,ca,57.45,73.14,70.68
europe_lau,Castelreng,castelreng,ca,53.64,68.35,19.4
europe_lau,Caudebronde,caudebronde,ca,40.81,67.52,84.25
europe_lau,Capdenac-Gare,capdenac_gare,ca,64.67,67.37,54.96
europe_lau,Cassagnes-Bégonhès,cassagnes_begonhes,ca,47.41,62.83,80.4
europe_lau,Cassuéjouls,cassuejouls,ca,30.17,61.2,33.12
europe_lau,Castanet,castanet,ca,49.85,58.59,40.25
europe_lau,Castelmary,castelmary,ca,48.93,57.98,26.01
europe_lau,Castelnau-de-Mandailles,castelnau_de_mandailles,ca,48.32,59.85,85.99
europe_lau,Castaneda,castaneda,ca,46.66,60.52,56.16
europe_lau,Castelnau-Pégayrols,castelnau_pegayrols,ca,40.68,65.44,13.96
europe_lau,Caillouet-Orgeville,caillouet_orgeville,ca,36.4,55.99,82.57
europe_lau,Cailly-sur-Eure,cailly_sur_eure,ca,34.6,64.71,39.85
europe_lau,Calleville,calleville,ca,51.78,59.03,59.17
europe_lau,Campigny,campigny,ca,55.68,72.74,40.13
europe_lau,Canappeville,canappeville,ca,41.5,54.17,34.26
europe_lau,Caorches-Saint-Nicolas,caorches_saint_nicolas,ca,61.34,71.92,35.22
europe_lau,Capelle-les-Grands,capelle_les_grands,ca,52.1,57.82,50.98
europe_lau,Caugé,cauge,ca,48.91,68.3,48.17
europe_lau,Caumont,caumont,ca,48.67,68.22,97.68
europe_lau,Cauverville-en-Roumois,cauverville_en_roumois,ca,49.33,70.6,77.31
europe_lau,Caunes-Minervois,caunes_minervois,ca,40.94,57.94,82.03
europe_lau,Caunette-sur-Lauquet,caunette_sur_lauquet,ca,20.54,52.76,-135.7
europe_lau,Caunettes-en-Val,caunettes_en_val,ca,68.81,70.86,66.13
europe_lau,Caux-et-Sauzens,caux_et_sauzens,ca,49.27,63.26,87.86
europe_lau,Cavanac,cavanac,ca,35.35,67.47,41.81
europe_lau,Caves,caves,ca,39.62,70.17,-13.4
europe_lau,Cazalrenoux,cazalrenoux,ca,49.13,57.18,32.09
europe_lau,Cazilhac,cazilhac,ca,54.89,75.19,74.88
europe_lau,Calanca,calanca,ca,65.62,73.85,43.75
europe_lau,Calès,cales,ca,31.6,67.12,91.3
europe_lau,Calviac-en-Périgord,calviac_en_perigord,ca,62.92,77.07,31.9
europe_lau,Campagnac-lès-Quercy,campagnac_les_quercy,ca,44.42,57.56,42.65
europe_lau,Campagne,campagne,ca,51.59,62.98,75.05
europe_lau,Campsegret,campsegret,ca,53.34,69.02,64.07
europe_lau,Capdrot,capdrot,ca,72.12,76.56,61.22
europe_lau,Carlux,carlux,ca,55.75,63.6,39.34
europe_lau,Carsac-Aillac,carsac_aillac,ca,42.37,58.89,72.36
europe_lau,Carsac-de-Gurson,carsac_de_gurson,ca,29.08,43.59,49.54
europe_lau,Carves,carves,ca,43.03,67.34,7.97
europe_lau,Castelnaud-la-Chapelle,castelnaud_la_chapelle,ca,37.86,44.96,81.84
europe_lau,Castels et Bézenac,castels_et_bezenac,ca,58.09,66.9,60.63
europe_lau,Cause-de-Clérans,cause_de_clerans,ca,43.98,69.18,67.8
europe_lau,Cazoulès,cazoules,ca,51.87,67.95,85.63
europe_lau,Casti-Wergenstein,casti_wergenstein,ca,36,59.28,-45.64
europe_lau,Castine-en-Plaine,castine_en_plaine,ca,29.19,39.72,98.45
europe_lau,Caillouël-Crépigny,caillouel_crepigny,ca,47.75,74.11,35.38
europe_lau,Camelin,camelin,ca,45.11,57.87,66.12
europe_lau,Castres,castres,ca,52.35,72.11,60.6
europe_lau,Caulaincourt,caulaincourt,ca,46.33,62.44,84.65
europe_lau,Caumont,caumont,ca,48.1,58.42,84.21
europe_lau,Castel San Pietro,castel_san_pietro,ca,20.02,44.01,96.01
europe_lau,Causse-et-Diège,causse_et_diege,ca,50.91,60.98,43.2
europe_lau,Carignan,carignan,ca,56.09,63.34,47.66
europe_lau,Cauroy,cauroy,ca,54.17,67.37,84.14
europe_lau,Carlat,carlat,ca,41.94,50.38,58.24
europe_lau,Cassaniouze,cassaniouze,ca,62.38,63.08,57.51
europe_lau,Cayrols,cayrols,ca,48.86,56.5,81.35
europe_lau,Campo (Vallemaggia),campo_vallemaggia,ca,41.38,60.68,-7.12
europe_lau,Carnoux-en-Provence,carnoux_en_provence,ca,30.4,69.97,33.46
europe_lau,Carballedo,carballedo,ca,34.83,61.72,50.87
europe_lau,Castro de Rei,castro_de_rei,ca,39.27,56.34,83.35
europe_lau,Castroverde,castroverde,ca,53.29,67.65,74.71
europe_lau,Catarroja,catarroja,ca,18.14,45.06,9.62
europe_lau,Caudete de las Fuentes,caudete_de_las_fuentes,ca,50.62,60.49,40.58
europe_lau,Castellanos de Villiquera,castellanos_de_villiquera,ca,31.02,49.04,13.8
europe_lau,Campo,campo,ca,38.52,62.64,97.82
europe_lau,Camporrélls,camporrells,ca,42.63,54.74,59.66
europe_lau,Canal de Berdún,canal_de_berdun,ca,35.91,51.14,88.35
europe_lau,Candasnos,candasnos,ca,52.49,73.21,77.4
europe_lau,Canfranc,canfranc,ca,54.03,63.84,78.83
europe_lau,Capdesaso,capdesaso,ca,70.29,78.7,54.89
europe_lau,Capella,capella,ca,60.36,74.97,41.18
europe_lau,Casbas de Huesca,casbas_de_huesca,ca,30.77,50.9,87.09
europe_lau,Castejón del Puente,castejon_del_puente,ca,48.59,60.09,13.94
europe_lau,Castejón de Monegros,castejon_de_monegros,ca,40.62,53.18,46.06
europe_lau,Castejón de Sos,castejon_de_sos,ca,18.68,30.12,16.49
europe_lau,Castelflorite,castelflorite,ca,60.64,73.61,26.21
europe_lau,Cabañas de Ebro,cabanas_de_ebro,ca,47.86,66.83,41.62
europe_lau,Cabolafuente,cabolafuente,ca,49.87,64.9,85.18
europe_lau,Cadrete,cadrete,ca,32.99,48.64,99.12
europe_lau,Calatayud,calatayud,ca,45.84,65.64,31.21
europe_lau,Calatorao,calatorao,ca,40.53,65.11,-39.51
europe_lau,Calcena,calcena,ca,50.24,60.04,53.79
europe_lau,Calmarza,calmarza,ca,34.2,65.17,85.46
europe_lau,Campillo de Aragón,campillo_de_aragon,ca,63.4,69.99,66.97
europe_lau,Carenas,carenas,ca,65.53,75.2,51.04
europe_lau,Cariñena,carinena,ca,56.18,65.44,74.41
europe_lau,Caspe,caspe,ca,61.43,67.86,65.68
europe_lau,Castejón de Alarba,castejon_de_alarba,ca,63.5,77.43,43.92
europe_lau,Castejón de las Armas,castejon_de_las_armas,ca,55.21,68.11,56.13
europe_lau,Castejón de Valdejasa,castejon_de_valdejasa,ca,51.57,67.32,70.98
europe_lau,Castiliscar,castiliscar,ca,49.04,72.2,47.07
europe_lau,Castiello de Jaca,castiello_de_jaca,ca,37.13,49.98,97.16
europe_lau,Castigaleu,castigaleu,ca,47.58,72.01,81.74
europe_lau,Castillazuelo,castillazuelo,ca,48.13,75.93,57.41
europe_lau,Castillonroy,castillonroy,ca,38.16,57.99,7.87
europe_lau,Cabanillas,cabanillas,ca,67.26,72.88,65.19
europe_lau,Cabredo,cabredo,ca,66.33,75.45,54.17
europe_lau,Cadreita,cadreita,ca,51.84,59.26,66.36
europe_lau,Caparroso,caparroso,ca,44.51,65.11,87.37
europe_lau,Cárcar,carcar,ca,63.79,70.06,54.31
europe_lau,Carcastillo,carcastillo,ca,61.36,76.22,47.58
europe_lau,Cascante,cascante,ca,35.7,51.05,6.33
europe_lau,Cáseda,caseda,ca,27.48,74.94,79.03
europe_lau,Castejón,castejon,ca,36.96,48.74,71.75
europe_lau,Castillonuevo,castillonuevo,ca,63.68,82.32,50.53
europe_lau,Cabourg,cabourg,ca,33.88,57.88,45.5
europe_lau,Caen,caen,ca,59.61,67.67,71.35
europe_lau,Cagny,cagny,ca,57.63,67.35,34.63
europe_lau,Cahagnes,cahagnes,ca,46.34,57.5,60.24
europe_lau,Cahagnolles,cahagnolles,ca,56.02,70.37,51.58
europe_lau,Cairon,cairon,ca,50.27,60.47,51.73
europe_lau,Cambes-en-Plaine,cambes_en_plaine,ca,47.07,71.16,70.25
europe_lau,Cambremer,cambremer,ca,64.97,74.95,54.84
europe_lau,Campagnolles,campagnolles,ca,63.48,75.61,46.58
europe_lau,Campigny,campigny,ca,48.59,61.89,50.98
europe_lau,Canapville,canapville,ca,51.46,73.96,51.88
europe_lau,Canchy,canchy,ca,55.55,62.64,77.39
europe_lau,Canteloup,canteloup,ca,55.06,80.39,65.76
europe_lau,Carcagny,carcagny,ca,34.85,63.03,14.7
europe_lau,Cardonville,cardonville,ca,34.98,67,-58.6
europe_lau,Carpiquet,carpiquet,ca,34.53,59.94,-60.87
europe_lau,Cartigny-l'Épinay,cartigny_l_epinay,ca,49.04,61.29,48.66
europe_lau,Castillon,castillon,ca,57.09,63.9,41.12
europe_lau,Castillon-en-Auge,castillon_en_auge,ca,63.85,68.15,50.92
europe_lau,Caumont-sur-Aure,caumont_sur_aure,ca,36.56,55.44,31.86
europe_lau,Cauvicourt,cauvicourt,ca,49.04,52.88,57.29
europe_lau,Cauville,cauville,ca,36.19,56.4,57.11
europe_lau,Cabañas de Sayago,cabanas_de_sayago,ca,54.2,62.89,67.51
europe_lau,Calzadilla de Tera,calzadilla_de_tera,ca,42.59,54.55,40.04
europe_lau,Camarzana de Tera,camarzana_de_tera,ca,32.65,56.9,-31.56
europe_lau,Cañizal,canizal,ca,56.98,69.81,75.86
europe_lau,Cañizo,canizo,ca,48.81,63.32,55.95
europe_lau,Carbajales de Alba,carbajales_de_alba,ca,46.31,58.07,66.71
europe_lau,Carbellino,carbellino,ca,42.33,64.4,77.43
europe_lau,Casaseca de Campeán,casaseca_de_campean,ca,35.53,53.41,-0.56
europe_lau,Casaseca de las Chanas,casaseca_de_las_chanas,ca,52.28,63.85,82.58
europe_lau,Castrillo de la Guareña,castrillo_de_la_guarena,ca,41.45,65.6,95.82
europe_lau,Castrogonzalo,castrogonzalo,ca,56.14,71.75,59.52
europe_lau,Castronuevo,castronuevo,ca,60.87,65.53,60.74
europe_lau,Castroverde de Campos,castroverde_de_campos,ca,40.63,50.25,44.4
europe_lau,Cazurra,cazurra,ca,38.63,52.32,45.53
europe_lau,Carabias,carabias,ca,43.74,56.84,55.76
europe_lau,Cabanillas de la Sierra,cabanillas_de_la_sierra,ca,53.08,64.22,81.02
europe_lau,"Cabrera, La",cabrera_la,ca,50.97,75.81,29.98
europe_lau,Cadalso de los Vidrios,cadalso_de_los_vidrios,ca,49.73,66.31,29.89
europe_lau,Cabanabona,cabanabona,ca,19.71,50.2,95.5
europe_lau,Cabó,cabo,ca,45.13,67.28,-27.32
europe_lau,Camarasa,camarasa,ca,34.42,52.01,99.27
europe_lau,Canejan,canejan,ca,40.33,63.06,-24.36
europe_lau,Castellar de la Ribera,castellar_de_la_ribera,ca,39.01,52.18,79.47
europe_lau,Castelldans,castelldans,ca,56.5,68.32,49.86
europe_lau,Castellnou de Seana,castellnou_de_seana,ca,57.44,68.81,52.95
europe_lau,Castelló de Farfanya,castello_de_farfanya,ca,60.87,70.39,72.3
europe_lau,Castellserà,castellsera,ca,53.72,61.73,35.11
europe_lau,Cava,cava,ca,63.01,74.97,46.13
europe_lau,Camarma de Esteruelas,camarma_de_esteruelas,ca,48.48,66.36,84.45
europe_lau,Campo Real,campo_real,ca,61.96,68.18,63.38
europe_lau,Canencia,canencia,ca,50.41,67.19,58.07
europe_lau,Carabaña,carabana,ca,58.68,73.72,80.26
europe_lau,Casarrubuelos,casarrubuelos,ca,42.18,70.01,-50.61
europe_lau,Cabañas de la Sagra,cabanas_de_la_sagra,ca,40.75,63.78,96.48
europe_lau,Cabañas de Yepes,cabanas_de_yepes,ca,62.24,69.61,40.21
europe_lau,Cabezamesada,cabezamesada,ca,31.7,65.35,63.42
europe_lau,Calera y Chozas,calera_y_chozas,ca,59.61,67.15,61.22
europe_lau,Caleruela,caleruela,ca,44.97,59.15,24.62
europe_lau,Calzada de Oropesa,calzada_de_oropesa,ca,24.53,50.76,82.74
europe_lau,Camarena,camarena,ca,51.32,65.29,45.49
europe_lau,Camarenilla,camarenilla,ca,49.6,71.17,59.14
europe_lau,"Campillo de la Jara, El",campillo_de_la_jara_el,ca,36.09,55.19,97
europe_lau,Camuñas,camunas,ca,23,50.47,92.09
europe_lau,Cardiel de los Montes,cardiel_de_los_montes,ca,50.92,70.4,37.91
europe_lau,Carmena,carmena,ca,39.03,63.28,98.65
europe_lau,"Carpio de Tajo, El",carpio_de_tajo_el,ca,52.44,66.61,64.67
europe_lau,Carranque,carranque,ca,59.42,78.4,38.98
europe_lau,Carriches,carriches,ca,79.59,81.38,62.81
europe_lau,"Casar de Escalona, El",casar_de_escalona_el,ca,50.74,65.42,42.03
europe_lau,Casarrubios del Monte,casarrubios_del_monte,ca,33.01,45,32.57
europe_lau,Casasbuenas,casasbuenas,ca,38.99,51.63,-1.15
europe_lau,Castillo de Bayuela,castillo_de_bayuela,ca,27.85,52.56,88.99
europe_lau,Cazalegas,cazalegas,ca,33.39,65.87,12.62
europe_lau,Castelló,castello,ca,38.13,67.66,97.46
europe_lau,Cabacés,cabaces,ca,47.63,68.38,32.73
europe_lau,Cabra del Camp,cabra_del_camp,ca,46.1,56.83,27.73
europe_lau,Calafell,calafell,ca,65.24,71.17,57.12
europe_lau,Cambrils,cambrils,ca,34.14,55.15,-1.38
europe_lau,Capafonts,capafonts,ca,49.39,68.87,72.78
europe_lau,Capçanes,capcanes,ca,53.73,62.29,51
europe_lau,Caseres,caseres,ca,35.36,69.91,18.19
europe_lau,Castellvell del Camp,castellvell_del_camp,ca,49.92,71.07,78.89
europe_lau,"Catllar, El",catllar_el,ca,60.91,67.77,70.31
europe_lau,Cabra del Santo Cristo,cabra_del_santo_cristo,ca,30.76,53.18,97.57
europe_lau,Cambil,cambil,ca,51.55,72.74,63.4
europe_lau,Campillo de Arenas,campillo_de_arenas,ca,37.46,45.51,57.54
europe_lau,Canena,canena,ca,43.11,69.41,49.03
europe_lau,Carboneros,carboneros,ca,27.91,82.37,72
europe_lau,"Carolina, La",carolina_la,ca,40.64,60.17,62.36
europe_lau,"Cabezas de San Juan, Las",cabezas_de_san_juan_las,ca,43.98,70.44,50.59
europe_lau,Camas,camas,ca,58.26,66.49,70.64
europe_lau,"Campana, La",campana_la,ca,61.99,77.03,52.25
europe_lau,Cabezón de Pisuerga,cabezon_de_pisuerga,ca,38.74,60.84,2.57
europe_lau,Cabezón de Valderaduey,cabezon_de_valderaduey,ca,50.29,63.59,61.98
europe_lau,Cabreros del Monte,cabreros_del_monte,ca,55.7,68.97,26.39
europe_lau,Campaspero,campaspero,ca,47.92,63.36,46.1
europe_lau,"Campillo, El",campillo_el,ca,38.47,61.91,-10.63
europe_lau,Camporredondo,camporredondo,ca,39.24,58.2,62.55
europe_lau,Canalejas de Peñafiel,canalejas_de_penafiel,ca,44.51,57.25,71.43
europe_lau,Canillas de Esgueva,canillas_de_esgueva,ca,32.19,68.78,84.67
europe_lau,Carpio,carpio,ca,25.4,53.8,94.82
europe_lau,Casasola de Arión,casasola_de_arion,ca,59.47,68.96,51.32
europe_lau,Castrejón de Trabancos,castrejon_de_trabancos,ca,64.17,66.44,32.55
europe_lau,Castrillo de Duero,castrillo_de_duero,ca,38.69,62.65,96.33
europe_lau,Castrillo-Tejeriego,castrillo_tejeriego,ca,57.7,75.07,28.6
europe_lau,Castrobol,castrobol,ca,63.14,68.46,73.38
europe_lau,Castrodeza,castrodeza,ca,43.5,55.48,48.15
europe_lau,Castromembibre,castromembibre,ca,49.38,65.4,83.44
europe_lau,Castromonte,castromonte,ca,37.33,62.03,52.4
europe_lau,Castronuevo de Esgueva,castronuevo_de_esgueva,ca,55.21,71.07,71.06
europe_lau,Castronuño,castronuno,ca,37.7,73.74,89.2
europe_lau,Castroponce,castroponce,ca,46.24,80.72,60.87
europe_lau,Castroverde de Cerrato,castroverde_de_cerrato,ca,22.52,49.41,82.38
europe_lau,Cantillana,cantillana,ca,61.47,71.31,75.69
europe_lau,Carmona,carmona,ca,60.9,67.55,56.08
europe_lau,Carrión de los Céspedes,carrion_de_los_cespedes,ca,65.16,74.82,42.44
europe_lau,Casariche,casariche,ca,64.32,71.32,75.74
europe_lau,Castilblanco de los Arroyos,castilblanco_de_los_arroyos,ca,52.27,69.02,25.34
europe_lau,Castilleja de Guzmán,castilleja_de_guzman,ca,36.22,68.38,60.61
europe_lau,Castilleja de la Cuesta,castilleja_de_la_cuesta,ca,64.25,73.29,63.26
europe_lau,Castilleja del Campo,castilleja_del_campo,ca,67.42,70.49,70.51
europe_lau,"Castillo de las Guardas, El",castillo_de_las_guardas_el,ca,46.76,64.1,-2.99
europe_lau,Cazalla de la Sierra,cazalla_de_la_sierra,ca,59.11,60.75,52.55
europe_lau,Castellar,castellar,ca,18.93,41.73,95.95
europe_lau,Castillo de Locubín,castillo_de_locubin,ca,58.98,65.54,37.19
europe_lau,Cazalilla,cazalilla,ca,39.82,67.41,95.93
europe_lau,Caldas de Reis,caldas_de_reis,ca,45.31,60.14,67.26
europe_lau,Cambados,cambados,ca,46.82,54.59,26.81
europe_lau,Campo Lameiro,campo_lameiro,ca,47.21,54.92,45.36
europe_lau,Cangas,cangas,ca,46.2,60.3,16.05
europe_lau,"Cañiza, A",caniza_a,ca,47.43,58.03,57.12
europe_lau,Catoira,catoira,ca,71.57,72.67,61.03
europe_lau,Cazorla,cazorla,ca,28.49,45.18,7.26
europe_lau,Cárcheles,carcheles,ca,53.26,75.12,89.7
europe_lau,Calvos de Randín,calvos_de_randin,ca,40.16,67.15,95.12
europe_lau,Carballeda de Valdeorras,carballeda_de_valdeorras,ca,57.06,78.6,61.85
europe_lau,Carballeda de Avia,carballeda_de_avia,ca,47.13,59.16,42.48
europe_lau,"Carballiño, O",carballino_o,ca,28.95,52.32,89.72
europe_lau,Cartelle,cartelle,ca,47.71,66.33,6.88
europe_lau,Castrelo do Val,castrelo_do_val,ca,46.23,60.34,49.66
europe_lau,Castrelo de Miño,castrelo_de_mino,ca,41.3,59.07,1.55
europe_lau,Cadarcet,cadarcet,ca,41.38,60.82,99.35
europe_lau,Calzan,calzan,ca,46.06,72.37,96.53
europe_lau,Camarade,camarade,ca,56.52,69.64,40.91
europe_lau,Camon,camon,ca,52.52,60.62,62.5
europe_lau,Campagne-sur-Arize,campagne_sur_arize,ca,43.11,62.27,50.48
europe_lau,Canté,cante,ca,27.46,62.98,66.71
europe_lau,Capoulet-et-Junac,capoulet_et_junac,ca,29.72,69.16,34.32
europe_lau,Carcanières,carcanieres,ca,53.36,70.07,65.71
europe_lau,Carla-Bayle,carla_bayle,ca,65.84,69.47,67.71
europe_lau,Carla-de-Roquefort,carla_de_roquefort,ca,38.28,55.17,2.96
europe_lau,Castelnau-Durban,castelnau_durban,ca,37.08,55.99,47.25
europe_lau,Castex,castex,ca,58.47,70.07,29.02
europe_lau,Castillon-en-Couserans,castillon_en_couserans,ca,25.25,50.2,-52.64
europe_lau,Caumont,caumont,ca,32.06,43.7,48.96
europe_lau,Caussou,caussou,ca,73.53,78.46,65.11
europe_lau,Caychax,caychax,ca,25.48,78.27,91.56
europe_lau,Cazals-des-Baylès,cazals_des_bayles,ca,64.2,67.61,38.79
europe_lau,Cazaux,cazaux,ca,61.52,73.19,66.1
europe_lau,Cazavet,cazavet,ca,49.46,63.58,41.38
europe_lau,Cañada Rosal,canada_rosal,ca,31.58,39.94,42.9
europe_lau,Castell de Mur,castell_de_mur,ca,46.52,51.93,68.24
europe_lau,Cabezón de Cameros,cabezon_de_cameros,ca,37.83,58.57,98.04
europe_lau,Calahorra,calahorra,ca,41.69,56.44,64.98
europe_lau,Camprovín,camprovin,ca,39.75,58.02,8.3
europe_lau,Canales de la Sierra,canales_de_la_sierra,ca,44.94,49.78,68.04
europe_lau,Canillas de Río Tuerto,canillas_de_rio_tuerto,ca,33.59,50.55,22.23
europe_lau,Cañas,canas,ca,49.35,67.32,55.2
europe_lau,Cárdenas,cardenas,ca,59.72,66.39,46.62
europe_lau,Casalarreina,casalarreina,ca,69.77,76.23,50.32
europe_lau,Castañares de Rioja,castanares_de_rioja,ca,53.27,68.74,71.23
europe_lau,Candelaria,candelaria,ca,53.22,68.45,28.3
europe_lau,Cabezón de la Sal,cabezon_de_la_sal,ca,33.05,59.76,44.07
europe_lau,Cabezón de Liébana,cabezon_de_liebana,ca,57.36,72.61,36.14
europe_lau,Cabuérniga,cabuerniga,ca,36.29,45.71,53.81
europe_lau,Camaleño,camaleno,ca,59.62,66.35,37.76
europe_lau,Camargo,camargo,ca,41.2,56.82,33.04
europe_lau,Campoo de Yuso,campoo_de_yuso,ca,35.52,64.28,-11.87
europe_lau,Cartes,cartes,ca,44.49,64.94,59.43
europe_lau,Castañeda,castaneda,ca,57.92,63.56,54.16
europe_lau,Castro-Urdiales,castro_urdiales,ca,33.39,57.36,53.77
europe_lau,Cazenave-Serres-et-Allens,cazenave_serres_et_allens,ca,69.95,76.33,42.22
europe_lau,Camarles,camarles,ca,41.5,56.81,79.4
europe_lau,"Canonja, La",canonja_la,ca,39.52,54.2,79.49
europe_lau,Cabra de Mora,cabra_de_mora,ca,46.07,64.52,72.8
europe_lau,Calaceite,calaceite,ca,54.33,71.98,89.51
europe_lau,Calamocha,calamocha,ca,63.76,74.55,41.79
europe_lau,Calanda,calanda,ca,43.89,66.15,48.52
europe_lau,Cabañas Raras,cabanas_raras,ca,50.33,68.33,83.45
europe_lau,Cabreros del Río,cabreros_del_rio,ca,33.58,55.03,74.83
europe_lau,Cabrillanes,cabrillanes,ca,65.58,69.41,71.09
europe_lau,Cacabelos,cacabelos,ca,51.85,68.95,88.06
europe_lau,Calzada del Coto,calzada_del_coto,ca,42.4,57.23,95.71
europe_lau,Campazas,campazas,ca,61.23,69.31,46.71
europe_lau,Campo de Villavidel,campo_de_villavidel,ca,57.99,67.33,51.78
europe_lau,Camponaraya,camponaraya,ca,62.35,73.87,70.95
europe_lau,Candín,candin,ca,39.82,59.4,48.21
europe_lau,Cármenes,carmenes,ca,46.88,65.98,56.46
europe_lau,Carracedelo,carracedelo,ca,42.7,60.27,89.48
europe_lau,Carrizo,carrizo,ca,40.59,51.47,24.66
europe_lau,Carrocera,carrocera,ca,35.55,60.9,97.81
europe_lau,Carucedo,carucedo,ca,51.5,65.55,73.89
europe_lau,Castilfalé,castilfale,ca,27.51,41.11,89.56
europe_lau,Castrillo de Cabrera,castrillo_de_cabrera,ca,57.25,66,75.17
europe_lau,Castrillo de la Valduerna,castrillo_de_la_valduerna,ca,39.47,54.28,94.83
europe_lau,Castrocalbón,castrocalbon,ca,53.02,61.81,35.71
europe_lau,Castrocontrigo,castrocontrigo,ca,51.09,71.44,7.21
europe_lau,Castropodame,castropodame,ca,33.78,45.97,48.55
europe_lau,Castrotierra de Valmadrigal,castrotierra_de_valmadrigal,ca,37.51,54.62,98.38
europe_lau,Castro Caldelas,castro_caldelas,ca,54.09,69.06,84.23
europe_lau,Cabrejas del Campo,cabrejas_del_campo,ca,35.72,48.87,97.3
europe_lau,Cabrejas del Pinar,cabrejas_del_pinar,ca,54.66,60.24,60.29
europe_lau,Calatañazor,calatanazor,ca,33.55,45.8,57.16
europe_lau,Caltojar,caltojar,ca,53.8,70.82,59.59
europe_lau,Candilichera,candilichera,ca,37.44,66.69,94.02
europe_lau,Cañamaque,canamaque,ca,64.37,78.14,52.76
europe_lau,Carabantes,carabantes,ca,61.13,67.86,76.75
europe_lau,Caracena,caracena,ca,51.95,64.39,52.2
europe_lau,Carrascosa de Abajo,carrascosa_de_abajo,ca,51.89,67.25,61.34
europe_lau,Carrascosa de la Sierra,carrascosa_de_la_sierra,ca,57.85,68.71,74.15
europe_lau,Casarejos,casarejos,ca,18.07,35.92,94.04
europe_lau,Castilfrío de la Sierra,castilfrio_de_la_sierra,ca,53.48,66.31,40.71
europe_lau,Castilruiz,castilruiz,ca,50.26,61.96,19.34
europe_lau,Castillejo de Robledo,castillejo_de_robledo,ca,55.38,69.6,65.32
europe_lau,Cabezas Rubias,cabezas_rubias,ca,42.05,72.06,86.21
europe_lau,Cala,cala,ca,43.62,62.02,14.08
europe_lau,Calañas,calanas,ca,44.65,57.51,89.87
europe_lau,"Campillo, El",campillo_el,ca,19.56,32.67,-4.35
europe_lau,Campofrío,campofrio,ca,55.22,68.92,17.39
europe_lau,Cañaveral de León,canaveral_de_leon,ca,24.44,56.52,15.33
europe_lau,Cartaya,cartaya,ca,30.55,53.37,58.59
europe_lau,Castaño del Robledo,castano_del_robledo,ca,37.53,48.1,36.7
europe_lau,Campillos,campillos,ca,44.54,63.28,66.62
europe_lau,Canillas de Aceituno,canillas_de_aceituno,ca,54.64,68.12,47.18
europe_lau,Canillas de Albaida,canillas_de_albaida,ca,40.24,58.47,33.8
europe_lau,Cañete la Real,canete_la_real,ca,36.46,64.97,46.42
europe_lau,Carratraca,carratraca,ca,62.99,75.11,23.39
europe_lau,Cartajima,cartajima,ca,46.56,59.28,91.87
europe_lau,Cártama,cartama,ca,51.83,54.48,45.5
europe_lau,Casabermeja,casabermeja,ca,64.46,80.23,27.3
europe_lau,Casarabonela,casarabonela,ca,60.51,62.78,55.24
europe_lau,Casares,casares,ca,41.11,56.4,94.22
europe_lau,Cabrales,cabrales,ca,53.68,70.89,70.44
europe_lau,Cabranes,cabranes,ca,43.1,61.04,0.57
europe_lau,Candamo,candamo,ca,51.58,66.29,65.73
europe_lau,Cangas del Narcea,cangas_del_narcea,ca,68.44,71.09,54.99
europe_lau,Cangas de Onís,cangas_de_onis,ca,36.73,59.19,76.98
europe_lau,Castroviejo,castroviejo,ca,45.21,60.04,82.14
europe_lau,Calles,calles,ca,21.69,51.56,65.3
europe_lau,Camporrobles,camporrobles,ca,20.07,48.93,27.53
europe_lau,Canals,canals,ca,37.18,56.95,92.92
europe_lau,Canet d'En Berenguer,canet_d_en_berenguer,ca,48.51,81.29,4.37
europe_lau,Carcaixent,carcaixent,ca,31.97,63.58,6.87
europe_lau,Càrcer,carcer,ca,36.79,50.91,95.81
europe_lau,Campoo de Enmedio,campoo_de_enmedio,ca,32.54,55.92,92.02
europe_lau,Calomarde,calomarde,ca,62.65,70.99,64.83
europe_lau,Camañas,camanas,ca,50.71,67.53,70.15
europe_lau,Camarena de la Sierra,camarena_de_la_sierra,ca,60.05,69.1,72.07
europe_lau,Camarillas,camarillas,ca,60.32,67.64,49.02
europe_lau,Caminreal,caminreal,ca,19.08,41.59,-25.05
europe_lau,Cantavieja,cantavieja,ca,52.16,58.11,39.94
europe_lau,Cañada de Benatanduz,canada_de_benatanduz,ca,37.18,62.37,63.51
europe_lau,"Cañada de Verich, La",canada_de_verich_la,ca,47.16,58.02,87.14
europe_lau,Cañada Vellida,canada_vellida,ca,62.81,67.4,62.99
europe_lau,Cañizar del Olivar,canizar_del_olivar,ca,64.18,71.61,66.77
europe_lau,Cascante del Río,cascante_del_rio,ca,58.35,69.77,76.66
europe_lau,Castejón de Tornos,castejon_de_tornos,ca,44.65,64.57,7.27
europe_lau,Castel de Cabra,castel_de_cabra,ca,37.58,66.67,-6.43
europe_lau,Castelnou,castelnou,ca,29.8,57.83,-13.51
europe_lau,Castelserás,castelseras,ca,43.17,60.3,83.94
europe_lau,"Castellar, El",castellar_el,ca,43.21,62.85,-13.42
europe_lau,Castellote,castellote,ca,47.96,52.32,53.7
europe_lau,Carlet,carlet,ca,45.51,66.92,3.2
europe_lau,Carrícola,carricola,ca,34.43,59.64,77.89
europe_lau,Casas Altas,casas_altas,ca,18.03,37.31,-28.62
europe_lau,Casas Bajas,casas_bajas,ca,32.71,64.32,-62.15
europe_lau,Casinos,casinos,ca,60.09,77.3,37.69
europe_lau,Castelló de Rugat,castello_de_rugat,ca,45.13,54.29,27.44
europe_lau,Castellonet de la Conquesta,castellonet_de_la_conquesta,ca,57.34,66.71,75.39
europe_lau,Castielfabib,castielfabib,ca,41.2,51.22,32
europe_lau,Catadau,catadau,ca,27.17,55.04,-77.1
europe_lau,"Cabaco, El",cabaco_el,ca,27.88,54.58,86.51
europe_lau,Cabezabellosa de la Calzada,cabezabellosa_de_la_calzada,ca,44.46,63.49,33.32
europe_lau,"Cabeza de Béjar, La",cabeza_de_bejar_la,ca,66.8,86.13,52.1
europe_lau,Cabeza del Caballo,cabeza_del_caballo,ca,37.51,60.05,93.27
europe_lau,Cabrerizos,cabrerizos,ca,30.14,42.73,20.82
europe_lau,Cabrillas,cabrillas,ca,52.21,71.78,31.09
europe_lau,Calvarrasa de Abajo,calvarrasa_de_abajo,ca,47.46,57.41,51.7
europe_lau,Calvarrasa de Arriba,calvarrasa_de_arriba,ca,55.27,72.54,27.22
europe_lau,"Calzada de Béjar, La",calzada_de_bejar_la,ca,33.65,58.78,96.96
europe_lau,Calzada de Don Diego,calzada_de_don_diego,ca,61.14,59.44,62.46
europe_lau,Calzada de Valdunciel,calzada_de_valdunciel,ca,55.85,77.34,68.28
europe_lau,Campillo de Azaba,campillo_de_azaba,ca,49.41,59.69,32.44
europe_lau,"Campo de Peñaranda, El",campo_de_penaranda_el,ca,42.13,63.71,45.38
europe_lau,Candelario,candelario,ca,54.43,63.22,73.09
europe_lau,Canillas de Abajo,canillas_de_abajo,ca,41.93,60.44,88.66
europe_lau,Cantagallo,cantagallo,ca,40.09,66.73,34.25
europe_lau,Cantalapiedra,cantalapiedra,ca,42.78,60.32,5.12
europe_lau,Cantalpino,cantalpino,ca,49.64,60.23,89.49
europe_lau,Cantaracillo,cantaracillo,ca,49.93,67.58,83.5
europe_lau,Carbajosa de la Sagrada,carbajosa_de_la_sagrada,ca,35.29,65.98,73.38
europe_lau,Carpio de Azaba,carpio_de_azaba,ca,52.5,63.23,70.59
europe_lau,Carrascal de Barregas,carrascal_de_barregas,ca,31.89,57.09,44.4
europe_lau,Carrascal del Obispo,carrascal_del_obispo,ca,43.98,62.2,4.61
europe_lau,Casafranca,casafranca,ca,46,69.72,77.51
europe_lau,"Casas del Conde, Las",casas_del_conde_las,ca,46.96,78.1,75.96
europe_lau,Casillas de Flores,casillas_de_flores,ca,52.76,61.58,78.7
europe_lau,Castellanos de Moriscos,castellanos_de_moriscos,ca,45.92,55.34,74.55
europe_lau,Castillejo de Martín Viejo,castillejo_de_martin_viejo,ca,50.23,65.27,30.46
europe_lau,Castraz,castraz,ca,59.25,62.87,71.65
europe_lau,Caravia,caravia,ca,65.1,75.07,61.79
europe_lau,Carreño,carreno,ca,48.24,77.27,41.99
europe_lau,Caso,caso,ca,55.82,63.72,55.2
europe_lau,Castrillón,castrillon,ca,45.67,57.5,60.12
europe_lau,Castropol,castropol,ca,35.27,49.55,86.63
europe_lau,Caldearenas,caldearenas,ca,35.6,48.87,14.86
europe_lau,Calasparra,calasparra,ca,61.91,76.02,70.02
europe_lau,Campos del Río,campos_del_rio,ca,26.48,35.33,67.37
europe_lau,Caravaca de la Cruz,caravaca_de_la_cruz,ca,51.37,67.26,17.88
europe_lau,Cartagena,cartagena,ca,31.3,55.19,-62.14
europe_lau,Cans et Cévennes,cans_et_cevennes,ca,25.76,47,-19.39
europe_lau,Candé,cande,ca,42.56,61.8,11.71
europe_lau,Cantenay-Épinard,cantenay_epinard,ca,61.46,64.32,71.86
europe_lau,Carbay,carbay,ca,38.83,66.17,-9.88
europe_lau,Campbon,campbon,ca,41.95,56.28,30.7
europe_lau,Carquefou,carquefou,ca,54.38,66.92,44.4
europe_lau,Casson,casson,ca,55.29,63.95,38.55
europe_lau,Candé-sur-Beuvron,cande_sur_beuvron,ca,36.19,65.56,80.16
europe_lau,Cahuzac,cahuzac,ca,45.49,70.6,7.93
europe_lau,Calignac,calignac,ca,56.62,70.75,81.78
europe_lau,Calonges,calonges,ca,53.9,66.9,41.52
europe_lau,Cambes,cambes,ca,42.4,60.94,68.63
europe_lau,Cancon,cancon,ca,52.85,68.28,43.22
europe_lau,Casseneuil,casseneuil,ca,41.14,62.95,30.66
europe_lau,Cassignas,cassignas,ca,49.71,66.15,31.84
europe_lau,Castelculier,castelculier,ca,59.67,70.78,39.16
europe_lau,Casteljaloux,casteljaloux,ca,57.42,66.66,62.38
europe_lau,Castella,castella,ca,31.91,52.23,27.4
europe_lau,Castelmoron-sur-Lot,castelmoron_sur_lot,ca,40.89,60.27,71.19
europe_lau,Castelnaud-de-Gratecambe,castelnaud_de_gratecambe,ca,58.79,64.42,67.62
europe_lau,Castelnau-sur-Gupie,castelnau_sur_gupie,ca,36.04,59.91,93.02
europe_lau,Cabrerets,cabrerets,ca,37.96,59.92,24.93
europe_lau,Cadrieu,cadrieu,ca,43.03,73.32,97.99
europe_lau,Cahors,cahors,ca,50.03,57.06,70.74
europe_lau,Cahus,cahus,ca,57.75,74.1,42.61
europe_lau,Cappel,cappel,ca,31.44,48.37,-13.14
europe_lau,Carling,carling,ca,47.65,76.26,73.82
europe_lau,Cattenom,cattenom,ca,43.26,62.91,-4.14
europe_lau,Carelles,carelles,ca,48.57,67.6,74.43
europe_lau,Cayres,cayres,ca,49.12,57.54,81.28
europe_lau,Caillac,caillac,ca,53.42,62.89,37.16
europe_lau,Cajarc,cajarc,ca,32.09,48.91,86.51
europe_lau,Calamane,calamane,ca,42.08,70.42,-25.53
europe_lau,Calès,cales,ca,38.71,61.33,58.63
europe_lau,Calvignac,calvignac,ca,54.92,64.03,76.48
europe_lau,Cambayrac,cambayrac,ca,29.03,42.84,34.65
europe_lau,Cambes,cambes,ca,42.4,53.02,38.07
europe_lau,Camboulit,camboulit,ca,61.09,80.1,47.77
europe_lau,Camburat,camburat,ca,53.1,62.3,58.87
europe_lau,Caniac-du-Causse,caniac_du_causse,ca,57.74,66.16,36.72
europe_lau,Capdenac,capdenac,ca,26.79,36.66,19.96
europe_lau,Carayac,carayac,ca,52.99,62.3,85.88
europe_lau,Cardaillac,cardaillac,ca,43.46,60.6,83.97
europe_lau,Carennac,carennac,ca,47.15,62.79,89.43
europe_lau,Carlucet,carlucet,ca,34.55,51.04,52.21
europe_lau,Carnac-Rouffiac,carnac_rouffiac,ca,53.74,75.52,52.31
europe_lau,Cassagnes,cassagnes,ca,51.97,70.39,53.46
europe_lau,Castelfranc,castelfranc,ca,32.62,42.4,33.14
europe_lau,Castelnau Montratier-Sainte Alauzie,castelnau_montratier_sainte_alauzie,ca,52.26,55.88,77.4
europe_lau,Catus,catus,ca,54.86,59.83,62.05
europe_lau,Cavagnac,cavagnac,ca,43.06,74.13,37.75
europe_lau,Cazals,cazals,ca,47.77,63.2,18.17
europe_lau,Cassagnas,cassagnas,ca,48.27,51.77,64.14
europe_lau,Cambernon,cambernon,ca,41.36,67.31,68.42
europe_lau,Cametours,cametours,ca,47.34,63.26,65.98
europe_lau,Camprond,camprond,ca,48.71,60.56,66.81
europe_lau,Canisy,canisy,ca,37.96,45.42,60.96
europe_lau,Canteloup,canteloup,ca,42.51,68.27,46.02
europe_lau,Canville-la-Rocque,canville_la_rocque,ca,41.21,51.27,51.71
europe_lau,Carantilly,carantilly,ca,45.78,69.17,92.4
europe_lau,Carentan-les-Marais,carentan_les_marais,ca,45.65,57.62,60
europe_lau,Carneville,carneville,ca,61.86,72.29,70.32
europe_lau,Carolles,carolles,ca,35.62,63.27,89.48
europe_lau,Catteville,catteville,ca,54.86,63.04,49.89
europe_lau,Cavigny,cavigny,ca,56.5,76.54,20.42
europe_lau,Caurel,caurel,ca,49.1,73.37,70.42
europe_lau,Cauroy-lès-Hermonville,cauroy_les_hermonville,ca,29.79,49.89,5.73
europe_lau,Caloire,caloire,ca,45.95,65.13,85.64
europe_lau,Castillonnès,castillonnes,ca,32.91,60.9,90.6
europe_lau,Caubeyres,caubeyres,ca,65.8,70.21,59.77
europe_lau,Caubon-Saint-Sauveur,caubon_saint_sauveur,ca,50.35,61.98,22.16
europe_lau,Caudecoste,caudecoste,ca,47.44,55.26,81.61
europe_lau,Caumont-sur-Garonne,caumont_sur_garonne,ca,41.67,57.86,74.61
europe_lau,Cauzac,cauzac,ca,52.44,62,61.33
europe_lau,Cavarc,cavarc,ca,40.21,68.97,92.02
europe_lau,Cazideroque,cazideroque,ca,54.48,60.63,68.16
europe_lau,Cadenazzo,cadenazzo,ca,34.66,56.68,24.83
europe_lau,Cachen,cachen,ca,36.73,52.78,37.3
europe_lau,Cagnotte,cagnotte,ca,52.1,72.6,79.58
europe_lau,Callen,callen,ca,35.78,62.28,63.23
europe_lau,Campagne,campagne,ca,43.84,64.12,80.17
europe_lau,Campet-et-Lamolère,campet_et_lamolere,ca,42.12,64.89,-6.52
europe_lau,Candresse,candresse,ca,45.27,54.58,71.01
europe_lau,Canenx-et-Réaut,canenx_et_reaut,ca,51.67,69.27,62.04
europe_lau,Cabanac-et-Villagrains,cabanac_et_villagrains,ca,58.43,69.52,31.28
europe_lau,Cabara,cabara,ca,47.91,62.93,84.27
europe_lau,Cadarsac,cadarsac,ca,53.6,71.66,80.68
europe_lau,Cadaujac,cadaujac,ca,56.58,66.94,53.95
europe_lau,Cadillac,cadillac,ca,61.16,74.14,43.78
europe_lau,Cadillac-en-Fronsadais,cadillac_en_fronsadais,ca,65.05,67.57,54.51
europe_lau,Camarsac,camarsac,ca,62.51,78.22,72.3
europe_lau,Cambes,cambes,ca,66.47,86.23,62.16
europe_lau,Camblanes-et-Meynac,camblanes_et_meynac,ca,33.14,58.49,-19.87
europe_lau,Camiac-et-Saint-Denis,camiac_et_saint_denis,ca,51.01,71.42,21.66
europe_lau,Camiran,camiran,ca,58.63,71.92,67.57
europe_lau,Camps-sur-l'Isle,camps_sur_l_isle,ca,46.17,68.92,88
europe_lau,Campugnan,campugnan,ca,20.43,67.25,88.24
europe_lau,Canéjan,canejan,ca,47.32,63.22,60.89
europe_lau,Capian,capian,ca,59.1,68.71,80.03
europe_lau,Caplong,caplong,ca,66.55,74.8,61.9
europe_lau,Captieux,captieux,ca,51.13,67.64,77.44
europe_lau,Carbon-Blanc,carbon_blanc,ca,28.68,69.55,79.56
europe_lau,Carcans,carcans,ca,43.03,67.82,-35.27
europe_lau,Cardan,cardan,ca,48.27,72.34,14.15
europe_lau,Carignan-de-Bordeaux,carignan_de_bordeaux,ca,59.98,72.01,62.54
europe_lau,Cars,cars,ca,54.23,73.84,24.97
europe_lau,Cartelègue,cartelegue,ca,35.53,54.14,76.64
europe_lau,Casseuil,casseuil,ca,46.24,58.17,70.18
europe_lau,Castelmoron-d'Albret,castelmoron_d_albret,ca,32.3,65.7,79.72
europe_lau,Castelnau-de-Médoc,castelnau_de_medoc,ca,39.89,54.79,90.83
europe_lau,Castelviel,castelviel,ca,57.71,70.48,85
europe_lau,Castets et Castillon,castets_et_castillon,ca,34.25,56.17,-8.51
europe_lau,Castillon-la-Bataille,castillon_la_bataille,ca,28.12,62.75,22.31
europe_lau,Castres-Gironde,castres_gironde,ca,43.93,70.79,66.66
europe_lau,Caudrot,caudrot,ca,35.39,66.95,98.51
europe_lau,Caumont,caumont,ca,64.11,65.71,62.6
europe_lau,Cauvignac,cauvignac,ca,34.13,53.97,23.04
europe_lau,Cavignac,cavignac,ca,40.58,58.05,50.63
europe_lau,Cazalis,cazalis,ca,53.18,65.99,79.64
europe_lau,Cazats,cazats,ca,44.38,56.73,23.88
europe_lau,Cazaugitat,cazaugitat,ca,49.79,60.47,18.09
europe_lau,Calcatoggio,calcatoggio,ca,18.22,38.67,-51.09
europe_lau,Campo,campo,ca,60.91,73.94,33.99
europe_lau,Cannelle,cannelle,ca,22.04,58.94,-73.64
europe_lau,Carbini,carbini,ca,67.39,75.31,46.88
europe_lau,Carbuccia,carbuccia,ca,44.72,58.73,21.64
europe_lau,Cardo-Torgia,cardo_torgia,ca,33.98,59.31,84.61
europe_lau,Cargèse,cargese,ca,50.67,61.23,35.21
europe_lau,Cargiaca,cargiaca,ca,51.64,68.96,85.73
europe_lau,Casaglione,casaglione,ca,40.99,74.98,-43.93
europe_lau,Casalabriva,casalabriva,ca,38.32,57.93,14.2
europe_lau,Cauro,cauro,ca,28.68,68.68,-128.09
europe_lau,Cancale,cancale,ca,40.8,57.37,88.44
europe_lau,Cardroc,cardroc,ca,55.22,74.49,82.27
europe_lau,Cabrerolles,cabrerolles,ca,58.9,76.03,70.63
europe_lau,Cabrières,cabrieres,ca,59.74,69.38,57.83
europe_lau,Cambon-et-Salvergues,cambon_et_salvergues,ca,57.99,72.11,16.19
europe_lau,Campagnan,campagnan,ca,62.5,73.34,41.25
europe_lau,Cartigny,cartigny,ca,50.37,74.46,34.98
europe_lau,Cabanac-Cazaux,cabanac_cazaux,ca,51.34,70.97,22.76
europe_lau,Cabanac-Séguenville,cabanac_seguenville,ca,32.51,59.76,-40.65
europe_lau,Cadours,cadours,ca,37.17,48.63,25.16
europe_lau,Caignac,caignac,ca,49.05,63.06,16.01
europe_lau,Calmont,calmont,ca,48.29,66.2,79.63
europe_lau,Cambernard,cambernard,ca,45.2,69.64,88.34
europe_lau,Cambiac,cambiac,ca,52.57,76.04,60.14
europe_lau,Canens,canens,ca,43,56.14,47.98
europe_lau,Capens,capens,ca,36.23,57.8,-13.71
europe_lau,Caragoudes,caragoudes,ca,55.7,68.13,64.88
europe_lau,Caraman,caraman,ca,31.16,49.89,82.92
europe_lau,Carbonne,carbonne,ca,37.96,46.02,59.35
europe_lau,Cardeilhac,cardeilhac,ca,33.66,60.64,7.33
europe_lau,Cassagnabère-Tournas,cassagnabere_tournas,ca,53.6,71.52,35.34
europe_lau,Cassagne,cassagne,ca,64.9,73.31,42.23
europe_lau,Castagnac,castagnac,ca,54.87,69.37,22.79
europe_lau,Castagnède,castagnede,ca,40.56,49.17,41.84
europe_lau,Castanet-Tolosan,castanet_tolosan,ca,50.83,56.19,51.66
europe_lau,Castelbiague,castelbiague,ca,55.35,66.73,81.64
europe_lau,Castelgaillard,castelgaillard,ca,41.25,44.31,51.51
europe_lau,Castelginest,castelginest,ca,45.32,66.69,33.86
europe_lau,Castelmaurou,castelmaurou,ca,46.35,58.19,56.78
europe_lau,Castelnau-d'Estrétefonds,castelnau_d_estretefonds,ca,50.39,58.82,33.93
europe_lau,Castelnau-Picampeau,castelnau_picampeau,ca,67.74,72.22,42.37
europe_lau,Castéra-Vignoles,castera_vignoles,ca,38.91,70.06,53.77
europe_lau,Casties-Labrande,casties_labrande,ca,45.28,76.32,0.47
europe_lau,Castillon-de-Larboust,castillon_de_larboust,ca,19.59,41.12,83.99
europe_lau,Castillon-de-Saint-Martory,castillon_de_saint_martory,ca,10.64,54.46,-203.26
europe_lau,Cathervielle,cathervielle,ca,41.45,73.59,94.49
europe_lau,Caubiac,caubiac,ca,58.54,67.17,56.11
europe_lau,Caubous,caubous,ca,29.24,64.02,94.7
europe_lau,Caujac,caujac,ca,39.51,72.29,66.08
europe_lau,Cazarilh-Laspènes,cazarilh_laspenes,ca,56.79,70.86,71.6
europe_lau,Cazaril-Tambourès,cazaril_tamboures,ca,22.41,60.95,-23.27
europe_lau,Cazaunous,cazaunous,ca,27.31,50.65,-36.7
europe_lau,Cazaux-Layrisse,cazaux_layrisse,ca,32.34,61.53,-29.18
europe_lau,Cazeaux-de-Larboust,cazeaux_de_larboust,ca,19.78,43.08,80.1
europe_lau,Cazeneuve-Montaut,cazeneuve_montaut,ca,49.6,61.55,80.18
europe_lau,Cazères,cazeres,ca,36.32,49.76,90.61
europe_lau,Campagne,campagne,ca,53.05,74.46,28.09
europe_lau,Camplong,camplong,ca,34.54,54.8,82.83
europe_lau,Candillargues,candillargues,ca,57.62,77.19,88.17
europe_lau,Canet,canet,ca,47.41,64.8,84.62
europe_lau,Capestang,capestang,ca,53.33,63.44,43.57
europe_lau,Carlencas-et-Levas,carlencas_et_levas,ca,55.84,68.67,84.21
europe_lau,Cassagnoles,cassagnoles,ca,52.27,62.75,84.28
europe_lau,Castanet-le-Haut,castanet_le_haut,ca,56.21,67.34,44.6
europe_lau,Castelnau-de-Guers,castelnau_de_guers,ca,51.65,71.57,-9.04
europe_lau,Castelnau-le-Lez,castelnau_le_lez,ca,74.3,76.99,56.19
europe_lau,Castries,castries,ca,42.7,68.41,42.97
europe_lau,Causse-de-la-Selle,causse_de_la_selle,ca,38.69,65.25,73.04
europe_lau,Causses-et-Veyran,causses_et_veyran,ca,55.26,62.08,81.47
europe_lau,Caussiniojouls,caussiniojouls,ca,43.99,74.1,79.99
europe_lau,Caux,caux,ca,66.6,80.41,54.35
europe_lau,Cabrières,cabrieres,ca,57.55,76.1,78.8
europe_lau,Caissargues,caissargues,ca,45.5,63.29,75.05
europe_lau,Calvisson,calvisson,ca,41.59,61.81,65.81
europe_lau,Campestre-et-Luc,campestre_et_luc,ca,60.76,66.52,22.91
europe_lau,Canaules-et-Argentières,canaules_et_argentieres,ca,41.56,69.05,82.81
europe_lau,Cannes-et-Clairan,cannes_et_clairan,ca,41.96,56.73,88.57
europe_lau,Cardet,cardet,ca,66.68,70.79,70.17
europe_lau,Carnas,carnas,ca,31.38,55.55,89.97
europe_lau,Carsan,carsan,ca,68.96,73.26,51.3
europe_lau,Cassagnoles,cassagnoles,ca,50.62,65.42,57.81
europe_lau,Castelnau-Valence,castelnau_valence,ca,46.35,53.81,37.1
europe_lau,Castillon-du-Gard,castillon_du_gard,ca,38.22,60.49,92.23
europe_lau,Causse-Bégon,causse_begon,ca,63.24,70.33,38.13
europe_lau,Caveirac,caveirac,ca,39.11,60.65,50.57
europe_lau,Cavillargues,cavillargues,ca,50.26,64.66,4.23
europe_lau,Candes-Saint-Martin,candes_saint_martin,ca,62.86,70.59,44.03
europe_lau,Cangey,cangey,ca,32.79,65.91,90.99
europe_lau,Cazac,cazac,ca,31.97,52.08,1.29
europe_lau,Cabas-Loumassès,cabas_loumasses,ca,46.43,64.01,28.7
europe_lau,Cadeilhan,cadeilhan,ca,48.54,67,46.07
europe_lau,Cadeillan,cadeillan,ca,56.79,72.5,43.1
europe_lau,Cahuzac-sur-Adour,cahuzac_sur_adour,ca,60.24,67.82,62.25
europe_lau,Caillavet,caillavet,ca,45.86,53.05,40.58
europe_lau,Callian,callian,ca,58.74,77.64,81.31
europe_lau,Campagne-d'Armagnac,campagne_d_armagnac,ca,34.19,60.27,57.15
europe_lau,Cassaigne,cassaigne,ca,53.53,71.89,-3.4
europe_lau,Castelnau-Barbarens,castelnau_barbarens,ca,52.83,59.97,46.83
europe_lau,Castelnau-d'Anglès,castelnau_d_angles,ca,55.23,64.19,70.67
europe_lau,Castelnau-d'Arbieu,castelnau_d_arbieu,ca,37.29,69.85,-7.38
europe_lau,Castelnau d'Auzan Labarrère,castelnau_d_auzan_labarrere,ca,62.32,65.29,74.66
europe_lau,Castelnau-sur-l'Auvignon,castelnau_sur_l_auvignon,ca,32.56,66.9,66
europe_lau,Castelnavet,castelnavet,ca,56.61,74.11,70.54
europe_lau,Cazedarnes,cazedarnes,ca,50.78,66.45,7.81
europe_lau,Cazevieille,cazevieille,ca,50.3,57.39,29.74
europe_lau,Cazilhac,cazilhac,ca,44.59,53.25,52.03
europe_lau,Cazouls-d'Hérault,cazouls_d_herault,ca,32.51,60.94,92.69
europe_lau,Cazouls-lès-Béziers,cazouls_les_beziers,ca,49.98,58.19,26.82
europe_lau,Cagnano,cagnano,ca,45.77,79.36,-39.36
europe_lau,Calacuccia,calacuccia,ca,48.46,72.57,49.67
europe_lau,Calenzana,calenzana,ca,43.59,66.93,-2.73
europe_lau,Calvi,calvi,ca,43.82,56.38,39.79
europe_lau,Campana,campana,ca,44.11,65.44,-1.44
europe_lau,Campi,campi,ca,44.7,74.99,49.08
europe_lau,Campile,campile,ca,51.69,62.06,26.57
europe_lau,Campitello,campitello,ca,32.19,60.42,97.3
europe_lau,Canale-di-Verde,canale_di_verde,ca,19.63,58.1,-35.12
europe_lau,Canari,canari,ca,47.03,55.18,44.61
europe_lau,Canavaggia,canavaggia,ca,56.94,75.79,18.22
europe_lau,Carcheto-Brustico,carcheto_brustico,ca,37.41,56.15,65.26
europe_lau,Carpineto,carpineto,ca,62.33,71.77,54.52
europe_lau,Carticasi,carticasi,ca,49.52,75.94,-24.77
europe_lau,Casabianca,casabianca,ca,56.24,64.19,34.75
europe_lau,Casalta,casalta,ca,46.4,71.91,1.41
europe_lau,Casamaccioli,casamaccioli,ca,40.6,58.13,56.62
europe_lau,Casanova,casanova,ca,33.26,48.57,38.47
europe_lau,Casevecchie,casevecchie,ca,55.69,73.76,25.35
europe_lau,Castellare-di-Casinca,castellare_di_casinca,ca,31.75,74.98,-68.49
europe_lau,Castellare-di-Mercurio,castellare_di_mercurio,ca,26.6,62,92.02
europe_lau,Castello-di-Rostino,castello_di_rostino,ca,33.7,54.72,61.19
europe_lau,Castifao,castifao,ca,47.98,55.54,35.85
europe_lau,Castiglione,castiglione,ca,59.52,79.07,20.11
europe_lau,Castineta,castineta,ca,12.13,48.56,-40.94
europe_lau,Cateri,cateri,ca,29.26,54.83,-39.05
europe_lau,Castéra-Lectourois,castera_lectourois,ca,57.23,64.38,77.46
europe_lau,Castéra-Verduzan,castera_verduzan,ca,54.58,66.89,38.23
europe_lau,Castéron,casteron,ca,54.16,67.64,39.93
europe_lau,Castet-Arrouy,castet_arrouy,ca,19.01,35.55,9.93
europe_lau,Castex,castex,ca,58.38,78.61,80.19
europe_lau,Castex-d'Armagnac,castex_d_armagnac,ca,44.71,65.36,42.06
europe_lau,Castillon-Debats,castillon_debats,ca,35.94,53.68,-0.13
europe_lau,Castillon-Massas,castillon_massas,ca,38.81,55.25,28.25
europe_lau,Castillon-Savès,castillon_saves,ca,36.82,57.32,-1.09
europe_lau,Castin,castin,ca,55.96,69.89,23.65
europe_lau,Catonvielle,catonvielle,ca,39.82,57.47,-2.85
europe_lau,Caumont,caumont,ca,31.32,59.63,95.47
europe_lau,Caupenne-d'Armagnac,caupenne_d_armagnac,ca,60.59,71.03,55.84
europe_lau,Caussens,caussens,ca,61.23,70.63,30.4
europe_lau,Cazaubon,cazaubon,ca,39.71,50.58,66.81
europe_lau,Cazaux-d'Anglès,cazaux_d_angles,ca,48.27,62.46,26.48
europe_lau,Cazaux-Savès,cazaux_saves,ca,44.22,65.58,12.95
europe_lau,Cazaux-Villecomtal,cazaux_villecomtal,ca,40.83,62.38,26.61
europe_lau,Cazeneuve,cazeneuve,ca,42.3,67.92,93.53
europe_lau,Capbreton,capbreton,ca,49.1,74.6,50.79
europe_lau,Carcarès-Sainte-Croix,carcares_sainte_croix,ca,34.69,64.52,11.8
europe_lau,Carcen-Ponson,carcen_ponson,ca,47.8,67.14,3.74
europe_lau,Cassen,cassen,ca,50.14,56.89,66.09
europe_lau,Castaignos-Souslens,castaignos_souslens,ca,55.55,71.19,77.34
europe_lau,Castandet,castandet,ca,45.1,63.39,50.19
europe_lau,Castelnau-Chalosse,castelnau_chalosse,ca,51.43,61.76,58.09
europe_lau,Castelnau-Tursan,castelnau_tursan,ca,33.57,51.25,-28.81
europe_lau,Castelner,castelner,ca,36.06,63.53,43.16
europe_lau,Castel-Sarrazin,castel_sarrazin,ca,40.22,55.91,92.18
europe_lau,Castets,castets,ca,56.35,62.85,55.9
europe_lau,Cauna,cauna,ca,30.09,45.51,58.38
europe_lau,Cauneille,cauneille,ca,51.71,57.42,60.54
europe_lau,Caupenne,caupenne,ca,37.96,55.91,99.74
europe_lau,Cazalis,cazalis,ca,38.26,56.4,25.64
europe_lau,Cazères-sur-l'Adour,cazeres_sur_l_adour,ca,33.26,47.47,19.72
europe_lau,Camaret-sur-Mer,camaret_sur_mer,ca,45.13,57.68,3.28
europe_lau,Carantec,carantec,ca,42.86,49.54,51.48
europe_lau,Carhaix-Plouguer,carhaix_plouguer,ca,50.82,60.64,47.88
europe_lau,Cast,cast,ca,37.53,57.87,-18.69
europe_lau,Cachy,cachy,ca,51.94,68.72,75.02
europe_lau,Cagny,cagny,ca,56.11,74.66,77.48
europe_lau,Cahon,cahon,ca,54.42,59.29,46.57
europe_lau,Caix,caix,ca,69.29,70.74,58.3
europe_lau,Cambron,cambron,ca,50.21,62.85,87.42
europe_lau,Camon,camon,ca,53.72,66.69,78.42
europe_lau,Capesterre-Belle-Eau,capesterre_belle_eau,ca,52.02,61.1,58
europe_lau,Capesterre-de-Marie-Galante,capesterre_de_marie_galante,ca,48.06,62.97,86.57
europe_lau,Caunay,caunay,ca,68.56,73.95,77.4
europe_lau,Cantaous,cantaous,ca,42.02,65.69,-4.3
europe_lau,Cabestany,cabestany,ca,45.74,64.1,-7.99
europe_lau,Caixas,caixas,ca,40.8,57.39,44.89
europe_lau,Calce,calce,ca,50.68,68.58,69.61
europe_lau,Calmeilles,calmeilles,ca,38.22,59.58,69.64
europe_lau,Camélas,camelas,ca,36.08,68.86,74.48
europe_lau,Campôme,campome,ca,20.62,27.65,86.5
europe_lau,Campoussy,campoussy,ca,54.28,64.22,45.15
europe_lau,Canaveilles,canaveilles,ca,22.84,65.82,-67.83
europe_lau,Canet-en-Roussillon,canet_en_roussillon,ca,41.26,51.48,88.41
europe_lau,Canohès,canohes,ca,41.69,63.84,-25.02
europe_lau,Caramany,caramany,ca,49.74,60.08,30.79
europe_lau,Casefabre,casefabre,ca,59.19,72.92,46.7
europe_lau,Cases-de-Pène,cases_de_pene,ca,36.75,46.45,65.99
europe_lau,Cassagnes,cassagnes,ca,44.26,67.03,-31.06
europe_lau,Casteil,casteil,ca,51.73,64.84,62.35
europe_lau,Castelnou,castelnou,ca,42.83,51.99,85.89
europe_lau,Catllar,catllar,ca,50.78,55.19,41.05
europe_lau,Caudiès-de-Fenouillèdes,caudies_de_fenouilledes,ca,46.57,66.05,-1.86
europe_lau,Caudiès-de-Conflent,caudies_de_conflent,ca,57.13,71.47,57.08
europe_lau,Case-Pilote,case_pilote,ca,48.57,60.97,83.29
europe_lau,Camps-en-Amiénois,camps_en_amienois,ca,69.13,74.35,62.79
europe_lau,Čakov,cakov,ca,40.65,62.84,80.42
europe_lau,Canaples,canaples,ca,56.84,66.28,39.85
europe_lau,Canchy,canchy,ca,44.72,62.12,36.61
europe_lau,Candas,candas,ca,39.66,53.55,79.38
europe_lau,Cannessières,cannessieres,ca,54.4,70.55,12.35
europe_lau,Cantigny,cantigny,ca,56.6,70.55,44.09
europe_lau,Caours,caours,ca,43.44,63.15,75.26
europe_lau,Cappy,cappy,ca,76.37,73.61,57.52
europe_lau,Cardonnette,cardonnette,ca,29.51,56.56,14.49
europe_lau,Carrépuis,carrepuis,ca,69.2,76.29,68.26
europe_lau,Cartigny,cartigny,ca,49.23,66.64,8.63
europe_lau,Caulières,caulieres,ca,64.84,71.7,66.79
europe_lau,Cavillon,cavillon,ca,30.7,53.98,35.37
europe_lau,Cayeux-en-Santerre,cayeux_en_santerre,ca,48.56,63.33,64.8
europe_lau,Cayeux-sur-Mer,cayeux_sur_mer,ca,27.41,61.38,73.3
europe_lau,Čáslav,caslav,ca,42.58,59.72,83.6
europe_lau,Cayenne,cayenne,ca,55.51,67.07,43.71
europe_lau,Camopi,camopi,ca,31.82,59.37,63.85
europe_lau,Cabanac,cabanac,ca,56.52,62.02,64.78
europe_lau,Cadéac,cadeac,ca,35.48,78.88,-3.23
europe_lau,Cadeilhan-Trachère,cadeilhan_trachere,ca,31.19,58.15,-28.53
europe_lau,Caharet,caharet,ca,39.81,68.74,12.72
europe_lau,Caixon,caixon,ca,52.68,61.03,65.33
europe_lau,Calavanté,calavante,ca,28.85,68.4,-98.55
europe_lau,Camalès,camales,ca,36.09,48.63,75.64
europe_lau,Campan,campan,ca,38.68,50.16,75.59
europe_lau,Camparan,camparan,ca,40.32,67.62,98.43
europe_lau,Campistrous,campistrous,ca,24.43,69.65,96.7
europe_lau,Campuzan,campuzan,ca,41.79,78.72,76.22
europe_lau,Capvern,capvern,ca,43.83,63.16,22.15
europe_lau,Castelbajac,castelbajac,ca,58.26,71.82,76.76
europe_lau,Castelnau-Magnoac,castelnau_magnoac,ca,36.85,56.28,76.03
europe_lau,Castelnau-Rivière-Basse,castelnau_riviere_basse,ca,62.57,72.22,71.14
europe_lau,Castelvieilh,castelvieilh,ca,54.33,65,32.44
europe_lau,Castéra-Lanusse,castera_lanusse,ca,40.76,56.03,54.59
europe_lau,Castéra-Lou,castera_lou,ca,39.33,67.17,17.81
europe_lau,Casterets,casterets,ca,32.05,60.99,-17.29
europe_lau,Castillon,castillon,ca,47.71,77.25,48.63
europe_lau,Caubous,caubous,ca,28.99,57,29.73
europe_lau,Caussade-Rivière,caussade_riviere,ca,48.73,64.06,44.98
europe_lau,Cauterets,cauterets,ca,42.61,57.57,81.51
europe_lau,Cazarilh,cazarilh,ca,24.74,58.65,77
europe_lau,Cazaux-Debat,cazaux_debat,ca,50.99,72.73,40.22
europe_lau,Cazaux-Fréchet-Anéran-Camors,cazaux_frechet_aneran_camors,ca,55.93,64.49,45.13
europe_lau,Cabasse,cabasse,ca,49.27,67.23,11.06
europe_lau,Callas,callas,ca,36.16,54.02,22.42
europe_lau,Callian,callian,ca,19.19,51.72,75.97
europe_lau,Camps-la-Source,camps_la_source,ca,37.56,64.5,-45.96
europe_lau,Carcès,carces,ca,48.75,64.93,17.97
europe_lau,Carnoules,carnoules,ca,38.69,57.01,32.95
europe_lau,Carqueiranne,carqueiranne,ca,43.81,57.75,10.55
europe_lau,Cavalaire-sur-Mer,cavalaire_sur_mer,ca,41.1,62.82,77.14
europe_lau,Callengeville,callengeville,ca,34.07,63.67,92.36
europe_lau,Cailleville,cailleville,ca,48.88,69.06,90.33
europe_lau,Cailly,cailly,ca,59.27,75.98,51
europe_lau,Cachan,cachan,ca,65.9,78.19,68.24
europe_lau,Capavenir Vosges,capavenir_vosges,ca,42.61,67.03,-13.15
europe_lau,Carrières-sous-Poissy,carrieres_sous_poissy,ca,51.83,70.32,63.14
europe_lau,Carrières-sur-Seine,carrieres_sur_seine,ca,59.36,60.8,56.61
europe_lau,Čabar,cabar,ca,47.33,63.14,90.56
europe_lau,Čačinci,cacinci,ca,26.9,58.71,32.46
europe_lau,Čađavica,cadavica,ca,51.25,58.61,76.38
europe_lau,Čaglin,caglin,ca,62.57,70.56,68.19
europe_lau,Čakovec,cakovec,ca,35.31,50,94.53
europe_lau,Čavle,cavle,ca,42.31,63.33,62.13
europe_lau,Calleville-les-Deux-Églises,calleville_les_deux_eglises,ca,42.58,61.73,78.65
europe_lau,Campneuseville,campneuseville,ca,50.66,73.44,99.1
europe_lau,Canehan,canehan,ca,61.87,78.89,62.46
europe_lau,Canouville,canouville,ca,34.95,60.8,42.84
europe_lau,Canteleu,canteleu,ca,36.78,65.38,90.87
europe_lau,Canville-les-Deux-Églises,canville_les_deux_eglises,ca,64.03,73.49,47.45
europe_lau,Cany-Barville,cany_barville,ca,48.09,51.73,36.88
europe_lau,Carville-la-Folletière,carville_la_folletiere,ca,33.1,68.02,98.63
europe_lau,Carville-Pot-de-Fer,carville_pot_de_fer,ca,55.56,71.35,33.63
europe_lau,Catenay,catenay,ca,51.72,68.23,87.26
europe_lau,Caudebec-lès-Elbeuf,caudebec_les_elbeuf,ca,53.57,71.69,85.47
europe_lau,Cauville-sur-Mer,cauville_sur_mer,ca,52.78,58.51,58.62
europe_lau,Cabrières-d'Aigues,cabrieres_d_aigues,ca,46.67,73.6,99.45
europe_lau,Cabrières-d'Avignon,cabrieres_d_avignon,ca,24.79,60.74,75.98
europe_lau,Cadenet,cadenet,ca,65.9,71.36,46.26
europe_lau,Caderousse,caderousse,ca,51.86,63.3,81.25
europe_lau,Cairanne,cairanne,ca,56.88,62.75,67.84
europe_lau,Cabanès,cabanes,ca,47.98,66.58,82.68
europe_lau,Cadalen,cadalen,ca,48.74,53.67,75.16
europe_lau,Cadix,cadix,ca,48.13,68.27,94.93
europe_lau,Cagnac-les-Mines,cagnac_les_mines,ca,50.74,68.5,9.23
europe_lau,Cahuzac,cahuzac,ca,48.89,67.41,29.99
europe_lau,Cambon-lès-Lavaur,cambon_les_lavaur,ca,49.87,63.21,73.75
europe_lau,Cahuzac-sur-Vère,cahuzac_sur_vere,ca,48.54,55.59,54.69
europe_lau,Cambon,cambon,ca,28.91,44.66,-26.54
europe_lau,Cambounès,cambounes,ca,38.97,50.17,65.19
europe_lau,Cambounet-sur-le-Sor,cambounet_sur_le_sor,ca,35.81,63.89,-51.79
europe_lau,Campagnac,campagnac,ca,43.16,70.56,51.16
europe_lau,Carbes,carbes,ca,58.56,75.7,27.31
europe_lau,Carlus,carlus,ca,35.93,56.42,52.09
europe_lau,Carmaux,carmaux,ca,51.77,60.75,83.64
europe_lau,Castanet,castanet,ca,57.68,67.27,50.94
europe_lau,Castelnau-de-Lévis,castelnau_de_levis,ca,45.31,64.7,5.36
europe_lau,Castelnau-de-Montmiral,castelnau_de_montmiral,ca,41.8,59.06,60.85
europe_lau,Castres,castres,ca,52.1,61.87,43.57
europe_lau,Caucalières,caucalieres,ca,62.54,75.81,74.55
europe_lau,Cailloux-sur-Fontaines,cailloux_sur_fontaines,ca,40.13,56.27,65.53
europe_lau,Caluire-et-Cuire,caluire_et_cuire,ca,57.76,70.17,50.2
europe_lau,Carnoy-Mametz,carnoy_mametz,ca,43.38,58.79,89.48
europe_lau,Camaret-sur-Aigues,camaret_sur_aigues,ca,43.41,55.42,5.96
europe_lau,Caromb,caromb,ca,43.75,66.33,83.15
europe_lau,Carpentras,carpentras,ca,52.06,62.59,79.18
europe_lau,Caseneuve,caseneuve,ca,45.56,63.73,46.14
europe_lau,Castellet-en-Luberon,castellet_en_luberon,ca,50.42,62.41,60.23
europe_lau,Caumont-sur-Durance,caumont_sur_durance,ca,34.75,53.25,62.94
europe_lau,Carisey,carisey,ca,63.16,76.51,37.78
europe_lau,Cavaillon,cavaillon,ca,42.23,61.79,55.32
europe_lau,Carnetin,carnetin,ca,46.53,66.93,51.3
europe_lau,Cabidos,cabidos,ca,38.25,54.63,16.41
europe_lau,Cadillon,cadillon,ca,61.78,76.06,61.47
europe_lau,Cambo-les-Bains,cambo_les_bains,ca,58.19,69.54,70.46
europe_lau,Came,came,ca,52.27,68.16,87.47
europe_lau,Camou-Cihigue,camou_cihigue,ca,36.25,65.2,-20.03
europe_lau,Cardesse,cardesse,ca,36.47,45.24,56.8
europe_lau,Caro,caro,ca,56.07,65.39,59.7
europe_lau,Carrère,carrere,ca,45.55,70.14,98.84
europe_lau,Carresse-Cassaber,carresse_cassaber,ca,58.6,65.12,55.73
europe_lau,Castagnède,castagnede,ca,33.66,56.92,-3.31
europe_lau,Casteide-Cami,casteide_cami,ca,50.62,68.15,49.78
europe_lau,Casteide-Candau,casteide_candau,ca,58.12,70.22,55.01
europe_lau,Casteide-Doat,casteide_doat,ca,34.33,43.17,70.84
europe_lau,Castéra-Loubix,castera_loubix,ca,50.57,64.47,71.8
europe_lau,Castet,castet,ca,41.49,62.41,25.69
europe_lau,Castetbon,castetbon,ca,40.77,60.45,15.47
europe_lau,Castétis,castetis,ca,50.93,63.24,58.09
europe_lau,Castetnau-Camblong,castetnau_camblong,ca,39.34,70.18,46.9
europe_lau,Castetner,castetner,ca,40.61,63.24,47.54
europe_lau,Castetpugon,castetpugon,ca,42.51,60.5,54.51
europe_lau,Castillon (Canton d'Arthez-de-Béarn),castillon_canton_d_arthez_de_bearn,ca,49.44,63.47,73.05
europe_lau,Castillon (Canton de Lembeye),castillon_canton_de_lembeye,ca,37.32,61.19,-20.16
europe_lau,Caubios-Loos,caubios_loos,ca,42.35,67.16,7.25
europe_lau,Caisnes,caisnes,ca,43.05,60.59,79.26
europe_lau,Cambronne-lès-Ribécourt,cambronne_les_ribecourt,ca,35.95,50.31,91
europe_lau,Cambronne-lès-Clermont,cambronne_les_clermont,ca,57.45,70.82,31.05
europe_lau,Campagne,campagne,ca,57.85,68.01,49.9
europe_lau,Campeaux,campeaux,ca,60.89,68.21,39.21
europe_lau,Campremy,campremy,ca,38.08,61.12,-9.47
europe_lau,Candor,candor,ca,46.83,66.6,39.23
europe_lau,Canly,canly,ca,54.84,70.96,30.58
europe_lau,Cannectancourt,cannectancourt,ca,34.4,56.87,41.42
europe_lau,Canny-sur-Matz,canny_sur_matz,ca,47.03,54.58,62.22
europe_lau,Canny-sur-Thérain,canny_sur_therain,ca,29.27,54.35,99.32
europe_lau,Carlepont,carlepont,ca,45.83,65.88,75.12
europe_lau,Catenoy,catenoy,ca,42.02,64.13,69.61
europe_lau,Catheux,catheux,ca,50.59,62.85,44.79
europe_lau,Catigny,catigny,ca,51.4,61.64,10.09
europe_lau,Catillon-Fumechon,catillon_fumechon,ca,51.95,57.17,60.46
europe_lau,Cauffry,cauffry,ca,28.96,62.5,-35.16
europe_lau,Cauvigny,cauvigny,ca,58.98,81.72,37.44
europe_lau,Calmoutier,calmoutier,ca,38.07,45.65,54.27
europe_lau,Čachovice,cachovice,ca,39.27,55.54,66.39
europe_lau,Čakov,cakov,ca,59.4,67.25,43.5
europe_lau,Caffiers,caffiers,ca,43.78,55.64,25.22
europe_lau,Cagnicourt,cagnicourt,ca,60.85,64.31,63.47
europe_lau,Calais,calais,ca,48.91,62.32,26.22
europe_lau,Calonne-Ricouart,calonne_ricouart,ca,39.6,61.87,-28.05
europe_lau,Calonne-sur-la-Lys,calonne_sur_la_lys,ca,55.46,59.86,54.22
europe_lau,Camblain-Châtelain,camblain_chatelain,ca,62.92,84.93,67.36
europe_lau,Cambligneul,cambligneul,ca,62.11,74.73,76.26
europe_lau,Camblain-l'Abbé,camblain_l_abbe,ca,45.26,60.92,72.48
europe_lau,Cambrin,cambrin,ca,47.68,69.74,97.31
europe_lau,Camiers,camiers,ca,60.97,65.59,54.57
europe_lau,Campagne-lès-Boulonnais,campagne_les_boulonnais,ca,71.53,71.33,45.82
europe_lau,Campagne-lès-Guines,campagne_les_guines,ca,38.41,55.91,87.56
europe_lau,Campagne-lès-Hesdin,campagne_les_hesdin,ca,35.32,59.4,22.25
europe_lau,Campagne-lès-Wardrecques,campagne_les_wardrecques,ca,35.8,58.68,80.94
europe_lau,Campigneulles-les-Grandes,campigneulles_les_grandes,ca,66.44,78.64,65
europe_lau,Campigneulles-les-Petites,campigneulles_les_petites,ca,49.41,66.6,78.47
europe_lau,Canettemont,canettemont,ca,67.34,74.96,50.59
europe_lau,Canlers,canlers,ca,63.56,74.86,24.95
europe_lau,Capelle-Fermont,capelle_fermont,ca,27.99,61.01,85.58
europe_lau,Capelle-lès-Hesdin,capelle_les_hesdin,ca,41.99,51.6,80.37
europe_lau,Carency,carency,ca,24.28,45.87,-29.43
europe_lau,Caden,caden,ca,57.29,68.58,60.37
europe_lau,Calan,calan,ca,58.27,67.85,64.53
europe_lau,Camoël,camoel,ca,69.89,77.62,80.77
europe_lau,Camors,camors,ca,55.99,69.93,65.82
europe_lau,Campénéac,campeneac,ca,56.13,75.13,32.87
europe_lau,Carentoir,carentoir,ca,42.43,60.45,25.7
europe_lau,Carnac,carnac,ca,47.31,64.43,87.47
europe_lau,Caro,caro,ca,40.8,57.59,20.11
europe_lau,Caudan,caudan,ca,60.62,68.8,64.67
europe_lau,Cahan,cahan,ca,44.74,50.49,69.75
europe_lau,Caligny,caligny,ca,31.48,54.2,79.55
europe_lau,Camembert,camembert,ca,47.71,66.3,63.82
europe_lau,Canapville,canapville,ca,43.19,63.46,40.4
europe_lau,Carrouges,carrouges,ca,32.88,46.7,14.24
europe_lau,Carly,carly,ca,39.22,56.69,79.51
europe_lau,Carvin,carvin,ca,60.12,72.18,37.12
europe_lau,Cauchy-à-la-Tour,cauchy_a_la_tour,ca,49.4,75.09,64.54
europe_lau,Caucourt,caucourt,ca,48.36,69.78,19.28
europe_lau,Caumont,caumont,ca,51.9,59.47,34.57
europe_lau,Cavron-Saint-Martin,cavron_saint_martin,ca,43.61,56.53,17.2
europe_lau,Carspach,carspach,ca,43.3,58.95,69.67
europe_lau,Caëstre,caestre,ca,39.88,55.45,-11.82
europe_lau,Cagnoncles,cagnoncles,ca,54.93,65.13,37.68
europe_lau,Cambrai,cambrai,ca,45.83,53.3,75.08
europe_lau,Camphin-en-Carembault,camphin_en_carembault,ca,51.84,70.58,61.18
europe_lau,Camphin-en-Pévèle,camphin_en_pevele,ca,62.49,72.05,39.82
europe_lau,Cantaing-sur-Escaut,cantaing_sur_escaut,ca,32.45,61.21,43.96
europe_lau,Cantin,cantin,ca,40.7,63.51,39.09
europe_lau,Capelle,capelle,ca,55.52,69.36,57.37
europe_lau,Capinghem,capinghem,ca,51.36,67.26,84.16
europe_lau,Cappelle-en-Pévèle,cappelle_en_pevele,ca,59.29,71.67,43.04
europe_lau,Cappelle-Brouck,cappelle_brouck,ca,37.34,62.24,92.99
europe_lau,Cappelle-la-Grande,cappelle_la_grande,ca,55.4,81.73,75.36
europe_lau,Carnières,carnieres,ca,41.28,57.88,95.9
europe_lau,Carnin,carnin,ca,44.3,52.87,59.08
europe_lau,Cartignies,cartignies,ca,44.04,65.86,80.83
europe_lau,Cassel,cassel,ca,29.42,40.81,75.43
europe_lau,Catillon-sur-Sambre,catillon_sur_sambre,ca,41.65,52.66,72.73
europe_lau,Cattenières,cattenieres,ca,59.55,68.05,86.02
europe_lau,Caudry,caudry,ca,66.78,65.26,46.98
europe_lau,Caullery,caullery,ca,48.54,62.24,83.55
europe_lau,Cauroir,cauroir,ca,58.02,66.89,40.21
europe_lau,Cannes-Écluse,cannes_ecluse,ca,31.07,46.45,85.39
europe_lau,Calvignano,calvignano,ca,63.96,72.12,72.03
europe_lau,Campospinoso,campospinoso,ca,62.88,73.46,59.27
europe_lau,Candia Lomellina,candia_lomellina,ca,71.37,78.76,62.71
europe_lau,Canneto Pavese,canneto_pavese,ca,62.69,72.83,53.11
europe_lau,Carbonara al Ticino,carbonara_al_ticino,ca,37.93,64.88,63.29
europe_lau,Casanova Lonati,casanova_lonati,ca,45.02,69.32,92.53
europe_lau,Casatisma,casatisma,ca,36.46,56.15,88.56
europe_lau,Casei Gerola,casei_gerola,ca,48.86,61.3,68.78
europe_lau,Casorate Primo,casorate_primo,ca,45.33,58.27,85.23
europe_lau,Cassolnovo,cassolnovo,ca,28.86,54.59,-54.69
europe_lau,Castana,castana,ca,45.03,63.1,73.66
europe_lau,Casteggio,casteggio,ca,43.2,66.22,87.76
europe_lau,Castelletto di Branduzzo,castelletto_di_branduzzo,ca,41.19,52.44,73.49
europe_lau,Castello d'Agogna,castello_d_agogna,ca,45.14,61.65,79.76
europe_lau,Castelnovetto,castelnovetto,ca,38.92,47.37,78.47
europe_lau,Cava Manara,cava_manara,ca,29.43,53.18,64.64
europe_lau,Calalzo di Cadore,calalzo_di_cadore,ca,40.82,51.01,23.37
europe_lau,Caporciano,caporciano,ca,48.15,55.97,66.43
europe_lau,Cappadocia,cappadocia,ca,48.35,60.09,57.67
europe_lau,Carapelle Calvisio,carapelle_calvisio,ca,41.2,64.82,17.11
europe_lau,Carsoli,carsoli,ca,53.14,58.38,43.3
europe_lau,Castel del Monte,castel_del_monte,ca,44.54,55.16,71.67
europe_lau,Castel di Ieri,castel_di_ieri,ca,41.96,59.85,75.12
europe_lau,Castel di Sangro,castel_di_sangro,ca,48.73,66.18,69.35
europe_lau,Castellafiume,castellafiume,ca,51.22,77.22,80.83
europe_lau,Castelvecchio Calvisio,castelvecchio_calvisio,ca,22.2,48.44,46.27
europe_lau,Castelvecchio Subequo,castelvecchio_subequo,ca,24.61,45.74,95.63
europe_lau,Casteldaccia,casteldaccia,ca,26.95,40.33,74.67
europe_lau,Castellana Sicula,castellana_sicula,ca,13.15,38.76,87.65
europe_lau,Castronovo di Sicilia,castronovo_di_sicilia,ca,37.46,59.74,-11.62
europe_lau,Camino al Tagliamento,camino_al_tagliamento,ca,42.24,61.85,93.67
europe_lau,Campoformido,campoformido,ca,43.46,57.13,2.83
europe_lau,Carlino,carlino,ca,52.24,56.8,53.55
europe_lau,Cassacco,cassacco,ca,47.33,57.68,72.94
europe_lau,Castions di Strada,castions_di_strada,ca,29.18,53.73,94.13
europe_lau,Cavazzo Carnico,cavazzo_carnico,ca,41.21,58.57,-9.36
europe_lau,Capurso,capurso,ca,47.82,56.39,72.84
europe_lau,Casamassima,casamassima,ca,41.34,65.43,94.19
europe_lau,Cassano delle Murge,cassano_delle_murge,ca,53.64,65.18,64.57
europe_lau,Castellana Grotte,castellana_grotte,ca,44.87,67.94,66.3
europe_lau,Calasca-Castiglione,calasca_castiglione,ca,41.65,50.71,47.18
europe_lau,Cambiasca,cambiasca,ca,47.81,60.7,26.11
europe_lau,Cannero Riviera,cannero_riviera,ca,36.43,59.88,-8.63
europe_lau,Cannobio,cannobio,ca,35.16,52.26,74.5
europe_lau,Caprezzo,caprezzo,ca,45.68,78.64,71.65
europe_lau,Casale Corte Cerro,casale_corte_cerro,ca,55.23,71.8,86.22
europe_lau,Čachrov,cachrov,ca,37.76,65.08,96.5
europe_lau,Capizzi,capizzi,ca,40.76,58.19,18.98
europe_lau,Capo d'Orlando,capo_d_orlando,ca,28.34,48.35,37.42
europe_lau,Capri Leone,capri_leone,ca,44.12,76.96,83.83
europe_lau,Caronia,caronia,ca,67.99,78.44,59.95
europe_lau,Casalvecchio Siculo,casalvecchio_siculo,ca,33.18,57.84,79.35
europe_lau,Castel di Lucio,castel_di_lucio,ca,38.19,63.86,94.14
europe_lau,Castell'Umberto,castell_umberto,ca,30.39,78.66,23.9
europe_lau,Castelmola,castelmola,ca,63.98,71.53,63.76
europe_lau,Castroreale,castroreale,ca,33.01,51.27,91.29
europe_lau,Carosino,carosino,ca,61.11,69.43,68.17
europe_lau,Castellaneta,castellaneta,ca,30.74,53.49,92.96
europe_lau,Carassai,carassai,ca,38.24,60.15,-18.48
europe_lau,Castel di Lama,castel_di_lama,ca,58.4,67.99,72.37
europe_lau,Castignano,castignano,ca,53.94,61.13,69.09
europe_lau,Castorano,castorano,ca,49.58,58.99,52.71
europe_lau,Carrara,carrara,ca,49.79,58.29,48.75
europe_lau,Casola in Lunigiana,casola_in_lunigiana,ca,28.01,47.37,84.07
europe_lau,Camaiore,camaiore,ca,40.99,50.35,1.98
europe_lau,Camporgiano,camporgiano,ca,39.87,64.96,33.26
europe_lau,Capannori,capannori,ca,39.47,58.14,92.58
europe_lau,Careggine,careggine,ca,38.93,63.42,98.75
europe_lau,Castelnuovo di Garfagnana,castelnuovo_di_garfagnana,ca,40.04,60.58,11.21
europe_lau,Castiglione di Garfagnana,castiglione_di_garfagnana,ca,37.64,51.51,59.05
europe_lau,Canale d'Agordo,canale_d_agordo,ca,25.74,52.3,99.44
europe_lau,Caerano di San Marco,caerano_di_san_marco,ca,36.86,63.2,94.02
europe_lau,Cappella Maggiore,cappella_maggiore,ca,43.62,62.06,64.41
europe_lau,Camerata Nuova,camerata_nuova,ca,32.62,70.19,6.07
europe_lau,Campagnano di Roma,campagnano_di_roma,ca,58.9,62.02,43.49
europe_lau,Canale Monterano,canale_monterano,ca,53.67,68.94,40.17
europe_lau,Canterano,canterano,ca,53.1,68.93,74.7
europe_lau,Capena,capena,ca,26.46,48.79,65.81
europe_lau,Capranica Prenestina,capranica_prenestina,ca,31.19,60.01,86.96
europe_lau,Caderzone Terme,caderzone_terme,ca,52.66,64.72,47.97
europe_lau,Calceranica al Lago,calceranica_al_lago,ca,49.28,66.51,83.93
europe_lau,Caldes,caldes,ca,40.63,46.81,67.38
europe_lau,Caldonazzo,caldonazzo,ca,40.64,54.79,59.21
europe_lau,Calliano,calliano,ca,23.52,51.54,99.93
europe_lau,Campitello di Fassa,campitello_di_fassa,ca,27.3,49.09,-22.03
europe_lau,Campodenno,campodenno,ca,32.7,60.11,27.75
europe_lau,Canal San Bovo,canal_san_bovo,ca,35.26,51.7,80.07
europe_lau,Canazei,canazei,ca,50.22,58.12,62.76
europe_lau,Capriana,capriana,ca,44.33,65.66,87.01
europe_lau,Carisolo,carisolo,ca,62.58,64.82,58.9
europe_lau,Carzano,carzano,ca,14.91,39.62,86.92
europe_lau,Castel Condino,castel_condino,ca,40.7,65.26,19.72
europe_lau,Castello-Molina di Fiemme,castello_molina_di_fiemme,ca,32.62,43.41,79.39
europe_lau,Castello Tesino,castello_tesino,ca,27.64,48.23,99.93
europe_lau,Castelnuovo,castelnuovo,ca,48.16,60.76,84.87
europe_lau,Cavalese,cavalese,ca,41.8,65.44,93.04
europe_lau,Cavareno,cavareno,ca,24.67,43.87,-58.69
europe_lau,Cavedago,cavedago,ca,30.23,57.4,-17.4
europe_lau,Cavedine,cavedine,ca,54.7,62.94,74.24
europe_lau,Cavizzana,cavizzana,ca,63.3,73.83,62.43
europe_lau,Carbonera,carbonera,ca,32.14,45.34,96.83
europe_lau,Casale sul Sile,casale_sul_sile,ca,55.46,64.91,52.58
europe_lau,Casier,casier,ca,47.14,59.53,40.88
europe_lau,Castelcucco,castelcucco,ca,56.17,67.58,29.12
europe_lau,Castelfranco Veneto,castelfranco_veneto,ca,48.66,59.68,61.18
europe_lau,Castello di Godego,castello_di_godego,ca,58.82,73.46,52.69
europe_lau,Cavaso del Tomba,cavaso_del_tomba,ca,55.68,77.29,59.99
europe_lau,Campli,campli,ca,32.97,58.51,4.64
europe_lau,Canzano,canzano,ca,28.88,63.31,93.06
europe_lau,Castel Castagna,castel_castagna,ca,62.96,65.57,36.59
europe_lau,Castellalto,castellalto,ca,41.21,57.12,89.53
europe_lau,Castelli,castelli,ca,49.14,73.72,79.78
europe_lau,Castiglione Messer Raimondo,castiglione_messer_raimondo,ca,51.74,55.19,54.94
europe_lau,Castilenti,castilenti,ca,53.66,64.02,32.13
europe_lau,Cappelle sul Tavo,cappelle_sul_tavo,ca,57.4,65.68,58.9
europe_lau,Caramanico Terme,caramanico_terme,ca,36.92,52.96,51.36
europe_lau,Carpineto della Nora,carpineto_della_nora,ca,54.94,63.95,39.61
europe_lau,Castiglione a Casauria,castiglione_a_casauria,ca,30.65,56.82,70.2
europe_lau,Catignano,catignano,ca,53.22,66.95,41.13
europe_lau,Campolongo Tapogliano,campolongo_tapogliano,ca,40.86,63.84,86.12
europe_lau,Carovigno,carovigno,ca,54.59,62.11,47.15
europe_lau,Calimera,calimera,ca,55.64,67.68,62.33
europe_lau,Camparada,camparada,ca,49.09,68.41,65.36
europe_lau,Carate Brianza,carate_brianza,ca,45.84,72.37,85.96
europe_lau,Carnate,carnate,ca,35.32,65.86,91.58
europe_lau,Cavenago di Brianza,cavenago_di_brianza,ca,38.41,69.68,-16.21
europe_lau,Cairano,cairano,ca,42.9,65.64,29.92
europe_lau,Calabritto,calabritto,ca,49.65,57.94,37.15
europe_lau,Calitri,calitri,ca,57.8,68.42,33.79
europe_lau,Candida,candida,ca,46.52,59.61,62.29
europe_lau,Caposele,caposele,ca,38.3,61.76,-26.68
europe_lau,Capriglia Irpina,capriglia_irpina,ca,48.26,70.82,59.97
europe_lau,Carife,carife,ca,53.3,65.07,25.44
europe_lau,Casalbore,casalbore,ca,61.13,70.68,73.57
europe_lau,Cassano Irpino,cassano_irpino,ca,57.64,68.51,13.09
europe_lau,Castel Baronia,castel_baronia,ca,62.9,70.19,54.21
europe_lau,Castelfranci,castelfranci,ca,37.18,52.4,90.43
europe_lau,Castelvetere sul Calore,castelvetere_sul_calore,ca,30.06,56.78,75.49
europe_lau,Calanna,calanna,ca,51.13,54.98,30.18
europe_lau,Camini,camini,ca,27.2,67.66,-32.23
europe_lau,Campo Calabro,campo_calabro,ca,41.79,69.15,48.52
europe_lau,Candidoni,candidoni,ca,12.08,26.5,-120.84
europe_lau,Canolo,canolo,ca,44.07,73.51,61.52
europe_lau,Caraffa del Bianco,caraffa_del_bianco,ca,25.39,66.23,89.02
europe_lau,Cardeto,cardeto,ca,30.56,61.88,8.32
europe_lau,Calamonaci,calamonaci,ca,33.88,52.18,50.35
europe_lau,Caltabellotta,caltabellotta,ca,43.91,60.59,76.55
europe_lau,Camastra,camastra,ca,34.71,61.52,91.56
europe_lau,Cammarata,cammarata,ca,37.72,59.55,-18.52
europe_lau,Campobello di Licata,campobello_di_licata,ca,48.24,51.78,75.63
europe_lau,Canicattì,canicatti,ca,60.93,64.39,58.12
europe_lau,Casteltermini,casteltermini,ca,55.17,62.75,32.34
europe_lau,Castrofilippo,castrofilippo,ca,39.88,51.52,74.39
europe_lau,Cattolica Eraclea,cattolica_eraclea,ca,20.78,53.37,-68.14
europe_lau,Caltanissetta,caltanissetta,ca,53.15,55.99,68.25
europe_lau,Campofranco,campofranco,ca,41.43,58.08,68.46
europe_lau,Calascibetta,calascibetta,ca,47.69,54.54,39.71
europe_lau,Catenanuova,catenanuova,ca,59.45,70.86,40.17
europe_lau,Campi Salentina,campi_salentina,ca,44.33,55.53,74.22
europe_lau,Cannole,cannole,ca,56.33,72.45,38.07
europe_lau,Caprarica di Lecce,caprarica_di_lecce,ca,59.99,75.49,46.18
europe_lau,Carmiano,carmiano,ca,63.69,73.6,52.43
europe_lau,Carpignano Salentino,carpignano_salentino,ca,54.81,59.88,74.45
europe_lau,Casarano,casarano,ca,49.81,70.95,66.81
europe_lau,Castri di Lecce,castri_di_lecce,ca,49.8,74.75,56.95
europe_lau,Castrignano de' Greci,castrignano_de_greci,ca,31.54,61.03,-48.86
europe_lau,Castrignano del Capo,castrignano_del_capo,ca,41.05,57.81,97.57
europe_lau,Cavallino,cavallino,ca,39.57,60.97,92.65
europe_lau,Calenzano,calenzano,ca,47.47,67.61,79.29
europe_lau,Capraia e Limite,capraia_e_limite,ca,63.88,73.26,51.88
europe_lau,Castelfiorentino,castelfiorentino,ca,51.81,62.73,42.4
europe_lau,Caponago,caponago,ca,36.44,59.26,-13.79
europe_lau,Campofilone,campofilone,ca,54.09,67.52,17.08
europe_lau,Careri,careri,ca,33.4,54.62,-2.84
europe_lau,Casignana,casignana,ca,29.56,58.34,-69.07
europe_lau,Caulonia,caulonia,ca,40.49,56.27,61.65
europe_lau,Carpineto Romano,carpineto_romano,ca,55.61,68.53,43.1
europe_lau,Casape,casape,ca,41.43,65.16,-25.89
europe_lau,Castel Gandolfo,castel_gandolfo,ca,29.13,51.08,-24.99
europe_lau,Castel Madama,castel_madama,ca,48.91,66.3,-4.22
europe_lau,Castelnuovo di Porto,castelnuovo_di_porto,ca,21.26,41.07,-9.08
europe_lau,Castel San Pietro Romano,castel_san_pietro_romano,ca,33.04,51.97,-27.12
europe_lau,Cave,cave,ca,54.21,68.09,69.97
europe_lau,Caino,caino,ca,57.06,71.66,20.29
europe_lau,Calcinato,calcinato,ca,39.57,71.18,40.67
europe_lau,Calvagese della Riviera,calvagese_della_riviera,ca,46.52,64.37,59.91
europe_lau,Calvisano,calvisano,ca,45.16,64.14,73.07
europe_lau,Capo di Ponte,capo_di_ponte,ca,33.42,53.96,52.48
europe_lau,Capovalle,capovalle,ca,68.02,80.47,76.66
europe_lau,Capriano del Colle,capriano_del_colle,ca,33.75,67.28,84.99
europe_lau,Capriolo,capriolo,ca,29.43,47.78,15.47
europe_lau,Carpenedolo,carpenedolo,ca,63.41,74.97,74
europe_lau,Calvatone,calvatone,ca,46.53,66.7,-10.54
europe_lau,Camisano,camisano,ca,45.17,66.98,92.23
europe_lau,Campagnola Cremasca,campagnola_cremasca,ca,47.94,68.63,93.74
europe_lau,Capergnanica,capergnanica,ca,51.04,61.15,74.78
europe_lau,Cappella Cantone,cappella_cantone,ca,35.18,53.04,92.17
europe_lau,Cappella de' Picenardi,cappella_de_picenardi,ca,51.2,65.21,75.33
europe_lau,Capralba,capralba,ca,36.54,60.83,84.11
europe_lau,Casalbuttano ed Uniti,casalbuttano_ed_uniti,ca,43.33,58.79,82.5
europe_lau,Casale Cremasco-Vidolasco,casale_cremasco_vidolasco,ca,40.69,68.7,98.46
europe_lau,Casaletto Ceredano,casaletto_ceredano,ca,46.46,60.63,91.94
europe_lau,Casaletto di Sopra,casaletto_di_sopra,ca,49.91,69.6,40.25
europe_lau,Casaletto Vaprio,casaletto_vaprio,ca,45.21,67.07,17.22
europe_lau,Casalmaggiore,casalmaggiore,ca,28.55,38.4,12.7
europe_lau,Casalmorano,casalmorano,ca,43.27,56.06,66.94
europe_lau,Casteldidone,casteldidone,ca,29.66,72.44,79.93
europe_lau,Castel Gabbiano,castel_gabbiano,ca,67,75.78,43
europe_lau,Castelleone,castelleone,ca,54.45,63.64,79.71
europe_lau,Castelverde,castelverde,ca,53.25,56.98,70.64
europe_lau,Castelvisconti,castelvisconti,ca,57.48,67.61,77.35
europe_lau,Capriva del Friuli,capriva_del_friuli,ca,66.24,68.47,61.66
europe_lau,Campagna Lupia,campagna_lupia,ca,28.43,42.31,93.59
europe_lau,Campolongo Maggiore,campolongo_maggiore,ca,40.65,57.94,-17.19
europe_lau,Camponogara,camponogara,ca,58.3,66.91,69.71
europe_lau,Caorle,caorle,ca,36.84,59.36,50.14
europe_lau,Cavarzere,cavarzere,ca,37.9,52.93,-14.33
europe_lau,Canosa Sannita,canosa_sannita,ca,28.66,54.47,89.84
europe_lau,Carpineto Sinello,carpineto_sinello,ca,40.82,59.78,76.68
europe_lau,Carunchio,carunchio,ca,46.11,58.74,82.89
europe_lau,Casacanditella,casacanditella,ca,46.77,63.88,90.05
europe_lau,Casalanguida,casalanguida,ca,38.54,57.54,79.57
europe_lau,Casalbordino,casalbordino,ca,27.91,48.3,6.35
europe_lau,Casoli,casoli,ca,49.21,54.31,47.25
europe_lau,Castel Frentano,castel_frentano,ca,42.51,59.34,80.23
europe_lau,Castelguidone,castelguidone,ca,39.38,55.8,42.81
europe_lau,Castiglione Messer Marino,castiglione_messer_marino,ca,45.31,66.71,19.07
europe_lau,Cadeo,cadeo,ca,58.77,74.36,78.21
europe_lau,Calendasco,calendasco,ca,31.9,47.35,28.53
europe_lau,Caorso,caorso,ca,58.7,70.23,51.73
europe_lau,Carpaneto Piacentino,carpaneto_piacentino,ca,34.78,64.69,92.35
europe_lau,Castell'Arquato,castell_arquato,ca,64.9,71.37,69.36
europe_lau,Castel San Giovanni,castel_san_giovanni,ca,38.62,62.25,53.45
europe_lau,Castelvetro Piacentino,castelvetro_piacentino,ca,48.12,58.8,77.13
europe_lau,Canosa di Puglia,canosa_di_puglia,ca,30.07,65.47,31.25
europe_lau,Caggiano,caggiano,ca,42.3,61.19,47.34
europe_lau,Calvanico,calvanico,ca,58.6,72.03,52.25
europe_lau,Casola Valsenio,casola_valsenio,ca,41.67,64.17,42.47
europe_lau,Castel Bolognese,castel_bolognese,ca,47.19,64.13,53.71
europe_lau,Castrocaro Terme e Terra del Sole,castrocaro_terme_e_terra_del_sole,ca,57.07,67.79,69.86
europe_lau,Castegnato,castegnato,ca,56.76,66.33,43.78
europe_lau,Castelcovati,castelcovati,ca,65.98,78.64,40.39
europe_lau,Castel Mella,castel_mella,ca,33.88,56.54,98.53
europe_lau,Castenedolo,castenedolo,ca,51.37,65.86,25.72
europe_lau,Casto,casto,ca,33.37,49.48,32.01
europe_lau,Castrezzato,castrezzato,ca,61.04,66.03,53.51
europe_lau,Cazzago San Martino,cazzago_san_martino,ca,25.94,52.19,91.54
europe_lau,Castro,castro,ca,39.29,52.24,69.49
europe_lau,Calvello,calvello,ca,60.37,66.01,56.68
europe_lau,Calvera,calvera,ca,31.59,72.31,-119.87
europe_lau,Campomaggiore,campomaggiore,ca,50.84,71.7,62.43
europe_lau,Cancellara,cancellara,ca,54.42,69.6,36.54
europe_lau,Carbone,carbone,ca,58.09,67.14,20.54
europe_lau,Castelgrande,castelgrande,ca,43.23,61.12,41.89
europe_lau,Castelluccio Inferiore,castelluccio_inferiore,ca,46.75,62.93,36.35
europe_lau,Castelluccio Superiore,castelluccio_superiore,ca,56.18,69.71,44.22
europe_lau,Campiglia Marittima,campiglia_marittima,ca,49.18,58.79,33.85
europe_lau,Campo nell'Elba,campo_nell_elba,ca,30.95,58.99,-73.32
europe_lau,Capoliveri,capoliveri,ca,25.73,51.68,-15.54
europe_lau,Capraia Isola,capraia_isola,ca,40.52,66.39,98.51
europe_lau,Castagneto Carducci,castagneto_carducci,ca,58.92,66.61,77.22
europe_lau,Calci,calci,ca,68.05,68.76,74.15
europe_lau,Calcinaia,calcinaia,ca,41.9,56.91,35.48
europe_lau,Capannoli,capannoli,ca,53.19,62.39,51.3
europe_lau,Casale Marittimo,casale_marittimo,ca,28.03,70.92,-115
europe_lau,Cascina,cascina,ca,44.92,53.28,36.82
europe_lau,Castelfranco di Sotto,castelfranco_di_sotto,ca,27.33,54.46,76.82
europe_lau,Castellina Marittima,castellina_marittima,ca,58.89,76.29,28.03
europe_lau,Castelnuovo di Val di Cecina,castelnuovo_di_val_di_cecina,ca,42.09,60.82,35.13
europe_lau,Casciana Terme Lari,casciana_terme_lari,ca,32.39,52.4,94.26
europe_lau,Capolona,capolona,ca,40.02,60.74,90.29
europe_lau,Caprese Michelangelo,caprese_michelangelo,ca,58.76,70.02,65.98
europe_lau,Castel Focognano,castel_focognano,ca,30.17,44.26,-1.01
europe_lau,Castel San Niccolò,castel_san_niccolo,ca,43.34,61.4,80.9
europe_lau,Castiglion Fibocchi,castiglion_fibocchi,ca,45.44,64.73,76.65
europe_lau,Calasetta,calasetta,ca,35.4,56.33,90.43
europe_lau,Carbonia,carbonia,ca,59.24,64.77,67.65
europe_lau,Carloforte,carloforte,ca,54.97,62.95,78.96
europe_lau,Castiadas,castiadas,ca,36.65,57.1,95.75
europe_lau,Campobello di Mazara,campobello_di_mazara,ca,48.99,59.67,64.99
europe_lau,Castellammare del Golfo,castellammare_del_golfo,ca,45.76,65.19,33.78
europe_lau,Castelvetrano,castelvetrano,ca,52.51,62.41,65.31
europe_lau,Caccamo,caccamo,ca,46.67,58.99,77.77
europe_lau,Caltavuturo,caltavuturo,ca,38.66,58.21,97.82
europe_lau,Campofelice di Fitalia,campofelice_di_fitalia,ca,52.33,65.28,6.46
europe_lau,Campofelice di Roccella,campofelice_di_roccella,ca,24.11,71.65,-15
europe_lau,Campofiorito,campofiorito,ca,55.7,67.14,70.79
europe_lau,Camporeale,camporeale,ca,51.84,56.79,41.7
europe_lau,Capaci,capaci,ca,39.81,54.14,92.28
europe_lau,Carini,carini,ca,44.26,51.21,48.14
europe_lau,Castelbuono,castelbuono,ca,49.84,60.75,76.66
europe_lau,Campodimele,campodimele,ca,65.06,74.67,70.15
europe_lau,Castelforte,castelforte,ca,66.95,71.52,55.1
europe_lau,Cavallino-Treporti,cavallino_treporti,ca,29.28,59.21,8.36
europe_lau,Castiglion Fiorentino,castiglion_fiorentino,ca,35.46,69.24,33.91
europe_lau,Cavriglia,cavriglia,ca,53.89,62.48,73.22
europe_lau,Campoli Appennino,campoli_appennino,ca,36.98,56.68,77.44
europe_lau,Casalattico,casalattico,ca,40.37,57.3,-6.05
europe_lau,Casalvieri,casalvieri,ca,73.58,76.02,41.99
europe_lau,Cassino,cassino,ca,47.32,54.6,80.38
europe_lau,Castelliri,castelliri,ca,30.16,70.6,95.26
europe_lau,Castelnuovo Parano,castelnuovo_parano,ca,56.02,73.72,10.3
europe_lau,Castrocielo,castrocielo,ca,46.44,64.59,51.41
europe_lau,Castro dei Volsci,castro_dei_volsci,ca,54.29,65.37,35
europe_lau,Castel Ivano,castel_ivano,ca,24.91,46.43,89.54
europe_lau,Caldiero,caldiero,ca,37.36,53.39,-6.16
europe_lau,Caprino Veronese,caprino_veronese,ca,52.98,69.8,62.36
europe_lau,Casaleone,casaleone,ca,54.14,60.7,60.51
europe_lau,Castagnaro,castagnaro,ca,54.56,67.61,89.23
europe_lau,Castel d'Azzano,castel_d_azzano,ca,58.98,64.68,59.06
europe_lau,Castelnuovo del Garda,castelnuovo_del_garda,ca,26.64,35.01,3.87
europe_lau,Cavaion Veronese,cavaion_veronese,ca,42.89,65.96,43.18
europe_lau,Cazzano di Tramigna,cazzano_di_tramigna,ca,18.85,54.25,74.02
europe_lau,Camerota,camerota,ca,62.37,66.5,41.66
europe_lau,Campagna,campagna,ca,64.31,71.96,60.64
europe_lau,Campora,campora,ca,40.18,60.74,70.41
europe_lau,Cadoneghe,cadoneghe,ca,47.52,61.21,69.89
europe_lau,Campodarsego,campodarsego,ca,52.41,60.28,36.37
europe_lau,Campodoro,campodoro,ca,45.86,73.45,88.99
europe_lau,Camposampiero,camposampiero,ca,41.01,47.93,52.54
europe_lau,Campo San Martino,campo_san_martino,ca,41.71,53.52,39.61
europe_lau,Candiana,candiana,ca,63.12,69.76,50.5
europe_lau,Carceri,carceri,ca,53.53,68.01,44.33
europe_lau,Carmignano di Brenta,carmignano_di_brenta,ca,52.12,72.94,85.74
europe_lau,Cartura,cartura,ca,38.34,58.47,-6.23
europe_lau,Casale di Scodosia,casale_di_scodosia,ca,41.19,62.41,74.92
europe_lau,Casalserugo,casalserugo,ca,45.52,65.9,99.34
europe_lau,Castelbaldo,castelbaldo,ca,55.86,77.06,33.84
europe_lau,Campobasso,campobasso,ca,58.51,68.85,33.39
europe_lau,Campochiaro,campochiaro,ca,27.42,46.15,49.4
europe_lau,Campodipietra,campodipietra,ca,44.76,65.81,66.94
europe_lau,Campolieto,campolieto,ca,67.68,72.59,55.88
europe_lau,Campomarino,campomarino,ca,39.74,69.44,65.84
europe_lau,Casacalenda,casacalenda,ca,41.66,66.38,88.08
europe_lau,Casalciprano,casalciprano,ca,51.43,71.04,74.52
europe_lau,Castelbottaccio,castelbottaccio,ca,32.09,57.49,-11.06
europe_lau,Castellino del Biferno,castellino_del_biferno,ca,27.55,64.94,97.16
europe_lau,Castelmauro,castelmauro,ca,41.64,47.93,26.58
europe_lau,Castropignano,castropignano,ca,56.8,75.24,59.86
europe_lau,Caiolo,caiolo,ca,24.2,70.89,82.09
europe_lau,Caspoggio,caspoggio,ca,48.16,64.84,49.72
europe_lau,Castello dell'Acqua,castello_dell_acqua,ca,25.86,45.64,85.36
europe_lau,Castione Andevenno,castione_andevenno,ca,41.33,71.59,95.21
europe_lau,Cannalonga,cannalonga,ca,57.16,71.01,45.58
europe_lau,Capaccio Paestum,capaccio_paestum,ca,60.08,64.69,56.01
europe_lau,Casalbuono,casalbuono,ca,50.37,75.56,61.26
europe_lau,Casaletto Spartano,casaletto_spartano,ca,53,64.33,69.14
europe_lau,Casal Velino,casal_velino,ca,43.96,57.82,90.45
europe_lau,Caselle in Pittari,caselle_in_pittari,ca,53.85,63.35,26.94
europe_lau,Castelcivita,castelcivita,ca,41.63,64.79,49.38
europe_lau,Castellabate,castellabate,ca,32.01,62.06,90.94
europe_lau,Castelnuovo Cilento,castelnuovo_cilento,ca,30.05,55.68,66.1
europe_lau,Castelnuovo di Conza,castelnuovo_di_conza,ca,39.42,56.13,17.41
europe_lau,Castel San Giorgio,castel_san_giorgio,ca,45.5,73.42,7.45
europe_lau,Castel San Lorenzo,castel_san_lorenzo,ca,38.38,51.73,81.62
europe_lau,Castiglione del Genovesi,castiglione_del_genovesi,ca,50.6,66.47,85.84
europe_lau,Cava de' Tirreni,cava_de_tirreni,ca,48.5,65.04,72.13
europe_lau,Cagli,cagli,ca,42.66,55.06,30.39
europe_lau,Carpegna,carpegna,ca,64.1,71.19,39.54
europe_lau,Cartoceto,cartoceto,ca,35.79,47.13,6.8
europe_lau,Camerano,camerano,ca,50.58,67.12,76.32
europe_lau,Camerata Picena,camerata_picena,ca,35.74,56.89,2.94
europe_lau,Castelbellino,castelbellino,ca,28.6,52.78,-34.57
europe_lau,Castelgerundo,castelgerundo,ca,59.32,71.15,67.12
europe_lau,Casteldelci,casteldelci,ca,44.85,56.55,82.92
europe_lau,Cantagallo,cantagallo,ca,49.42,54.49,58.83
europe_lau,Carmignano,carmignano,ca,50.04,58.95,57.48
europe_lau,Caccuri,caccuri,ca,50.12,62.29,58.75
europe_lau,Caianello,caianello,ca,35.14,59.64,-36.8
europe_lau,Caiazzo,caiazzo,ca,42.05,58.94,61.33
europe_lau,Calvi Risorta,calvi_risorta,ca,20.25,32.19,93.98
europe_lau,Camigliano,camigliano,ca,43.1,52.85,47.06
europe_lau,Cancello ed Arnone,cancello_ed_arnone,ca,44.14,62.59,72.66
europe_lau,Capodrise,capodrise,ca,28.01,72.79,-124.42
europe_lau,Capriati a Volturno,capriati_a_volturno,ca,37.44,49.07,13.54
europe_lau,Capua,capua,ca,21.94,48.99,-88.3
europe_lau,Carinaro,carinaro,ca,22.5,61.33,87.37
europe_lau,Caldogno,caldogno,ca,37.46,72.59,89.54
europe_lau,Caltrano,caltrano,ca,57.62,71.35,81.54
europe_lau,Calvene,calvene,ca,35.81,76.2,83.64
europe_lau,Camisano Vicentino,camisano_vicentino,ca,61.6,67.54,57.89
europe_lau,Campiglia dei Berici,campiglia_dei_berici,ca,54.47,72.91,83.17
europe_lau,Carrè,carre,ca,46.62,68.34,2.85
europe_lau,Cartigliano,cartigliano,ca,43.07,53.48,75.02
europe_lau,Cassola,cassola,ca,29.62,56.33,51.1
europe_lau,Castegnero,castegnero,ca,27.31,63.92,16.48
europe_lau,Castelgomberto,castelgomberto,ca,53.04,75.58,93.93
europe_lau,Calto,calto,ca,37.38,57.54,57.73
europe_lau,Canaro,canaro,ca,53.21,55.75,39.27
europe_lau,Canda,canda,ca,54.52,68.49,7.56
europe_lau,Castelguglielmo,castelguglielmo,ca,35.94,55.4,49.87
europe_lau,Castelmassa,castelmassa,ca,48.42,56.9,67.95
europe_lau,Castelnovo Bariano,castelnovo_bariano,ca,57.76,63.29,68.48
europe_lau,Cagnano Varano,cagnano_varano,ca,43.76,71.58,54.18
europe_lau,Candela,candela,ca,24.39,47.17,23.85
europe_lau,Carapelle,carapelle,ca,15.22,51.95,-26.82
europe_lau,Carlantino,carlantino,ca,64.83,64.79,42.26
europe_lau,Carpino,carpino,ca,39.66,62.77,18.01
europe_lau,Casalnuovo Monterotaro,casalnuovo_monterotaro,ca,55.61,74.63,82.13
europe_lau,Casalvecchio di Puglia,casalvecchio_di_puglia,ca,31.99,50.67,76.83
europe_lau,Castelluccio dei Sauri,castelluccio_dei_sauri,ca,39.67,51.8,18.59
europe_lau,Calvignasco,calvignasco,ca,40.53,68.05,72.92
europe_lau,Cambiago,cambiago,ca,39.18,83.74,15.52
europe_lau,Canegrate,canegrate,ca,48.63,86.06,59.36
europe_lau,Carpiano,carpiano,ca,58.17,68.49,39.99
europe_lau,Carugate,carugate,ca,54.07,75.06,4.92
europe_lau,Casarile,casarile,ca,50.46,69.12,-12.56
europe_lau,Casorezzo,casorezzo,ca,54.93,80.98,5.47
europe_lau,Cassano d'Adda,cassano_d_adda,ca,48.86,55.6,71.55
europe_lau,Cassina de' Pecchi,cassina_de_pecchi,ca,38.15,62.44,-32.72
europe_lau,Cassinetta di Lugagnano,cassinetta_di_lugagnano,ca,61.96,78.78,46.36
europe_lau,Castano Primo,castano_primo,ca,37,50.35,20.66
europe_lau,Cagnano Amiterno,cagnano_amiterno,ca,35.85,61.53,7.32
europe_lau,Calascio,calascio,ca,20.19,45.5,85.38
europe_lau,Campo di Giove,campo_di_giove,ca,28.06,40.41,80.72
europe_lau,Campotosto,campotosto,ca,45.09,68.52,43.89
europe_lau,Canistro,canistro,ca,33.86,64.71,15.33
europe_lau,Cansano,cansano,ca,30.43,59.48,49.07
europe_lau,Capestrano,capestrano,ca,50.04,64.63,23.75
europe_lau,Capistrello,capistrello,ca,45.37,53.61,80.89
europe_lau,Capitignano,capitignano,ca,55.42,66.29,61.76
europe_lau,Castelluccio Valmaggiore,castelluccio_valmaggiore,ca,51.17,56.58,63.23
europe_lau,Castelnuovo della Daunia,castelnuovo_della_daunia,ca,36.93,56.55,51.39
europe_lau,Castelleone di Suasa,castelleone_di_suasa,ca,55.74,65.33,67.25
europe_lau,Castelplanio,castelplanio,ca,27.29,58.7,57.19
europe_lau,Caldarola,caldarola,ca,65.16,70.4,32.98
europe_lau,Camerino,camerino,ca,63.5,67.02,42.89
europe_lau,Camporotondo di Fiastrone,camporotondo_di_fiastrone,ca,52.35,75.68,54.52
europe_lau,Castelraimondo,castelraimondo,ca,29.5,62.08,-108.1
europe_lau,Castelsantangelo sul Nera,castelsantangelo_sul_nera,ca,64.34,70.22,55.62
europe_lau,Carfizzi,carfizzi,ca,29.22,51.85,21.73
europe_lau,Casabona,casabona,ca,53.38,60.71,53.04
europe_lau,Castelsilano,castelsilano,ca,22.05,35.36,41.3
europe_lau,Capistrano,capistrano,ca,39.01,58.11,-13.53
europe_lau,Calatabiano,calatabiano,ca,42.98,65.01,31.5
europe_lau,Caltagirone,caltagirone,ca,51.38,60.54,66.97
europe_lau,Camporotondo Etneo,camporotondo_etneo,ca,30.4,51.8,93.89
europe_lau,Castel di Iudica,castel_di_iudica,ca,43.77,64.93,12.91
europe_lau,Castiglione di Sicilia,castiglione_di_sicilia,ca,28,38.24,37.06
europe_lau,Catania,catania,ca,42.89,57.02,82.25
europe_lau,Carinola,carinola,ca,38.52,59.43,86.97
europe_lau,Casagiove,casagiove,ca,29.33,57.37,98.88
europe_lau,Casal di Principe,casal_di_principe,ca,53.53,72.94,54
europe_lau,Casaluce,casaluce,ca,29.65,60.73,83.49
europe_lau,Casapulla,casapulla,ca,44.88,75.55,98.94
europe_lau,Caserta,caserta,ca,40.85,49.01,27.74
europe_lau,Castel Campagnano,castel_campagnano,ca,43.94,59.47,71.76
europe_lau,Castel di Sasso,castel_di_sasso,ca,35.37,48.28,91.2
europe_lau,Castello del Matese,castello_del_matese,ca,23.56,45.7,20.67
europe_lau,Castel Morrone,castel_morrone,ca,56.99,70.17,20.35
europe_lau,Castel Volturno,castel_volturno,ca,18.98,42.07,95.93
europe_lau,Carbonara di Nola,carbonara_di_nola,ca,19.6,52.51,63.47
europe_lau,Cardito,cardito,ca,53.3,71.46,93.26
europe_lau,Casalnuovo di Napoli,casalnuovo_di_napoli,ca,43.43,59.04,67.84
europe_lau,Casamarciano,casamarciano,ca,40.8,62.59,-15.75
europe_lau,Casamicciola Terme,casamicciola_terme,ca,55.88,73.76,14.79
europe_lau,Casandrino,casandrino,ca,44.12,86.19,98.38
europe_lau,Casavatore,casavatore,ca,69.88,78.32,73.53
europe_lau,Casola di Napoli,casola_di_napoli,ca,17.22,47.94,-51.49
europe_lau,Casoria,casoria,ca,43,66.22,80.92
europe_lau,Castellammare di Stabia,castellammare_di_stabia,ca,29.98,50.47,96.83
europe_lau,Castello di Cisterna,castello_di_cisterna,ca,22.45,59.13,80.69
europe_lau,Casali del Manco,casali_del_manco,ca,23.24,48.47,-20.03
europe_lau,Caraffa di Catanzaro,caraffa_di_catanzaro,ca,26.96,54.85,-39.09
europe_lau,Cardinale,cardinale,ca,48.79,74.99,90.36
europe_lau,Carlopoli,carlopoli,ca,36.7,61.13,47.83
europe_lau,Catanzaro,catanzaro,ca,49.89,76.22,81.04
europe_lau,Častohostice,castohostice,ca,42.46,69.5,7.15
europe_lau,Cadegliano-Viconago,cadegliano_viconago,ca,38.95,58.04,71.71
europe_lau,Cairate,cairate,ca,45.2,59.73,44.47
europe_lau,Cantello,cantello,ca,51.72,72.11,65.64
europe_lau,Caravate,caravate,ca,58,80.96,64.27
europe_lau,Cardano al Campo,cardano_al_campo,ca,47.97,70.97,-14.94
europe_lau,Carnago,carnago,ca,57.49,67.73,85.53
europe_lau,Caronno Pertusella,caronno_pertusella,ca,70.73,77.5,71.6
europe_lau,Caronno Varesino,caronno_varesino,ca,57.54,74.6,48.39
europe_lau,Casale Litta,casale_litta,ca,43.25,59.72,89.41
europe_lau,Casalzuigno,casalzuigno,ca,50.12,70.87,90.27
europe_lau,Casciago,casciago,ca,47.39,55.24,51.61
europe_lau,Casorate Sempione,casorate_sempione,ca,60.27,70.71,71.74
europe_lau,Cassano Magnago,cassano_magnago,ca,28.58,60.59,89.45
europe_lau,Cassano Valcuvia,cassano_valcuvia,ca,55.38,71.15,38.52
europe_lau,Castellanza,castellanza,ca,21.11,51.3,14.57
europe_lau,Castello Cabiaglio,castello_cabiaglio,ca,53.47,69.52,86.76
europe_lau,Castelseprio,castelseprio,ca,46.07,76.77,97.91
europe_lau,Castelveccana,castelveccana,ca,45.7,67.11,-0.51
europe_lau,Castiglione Olona,castiglione_olona,ca,46.71,72.84,78.33
europe_lau,Castronno,castronno,ca,57.93,76.7,82.29
europe_lau,Cavaria con Premezzo,cavaria_con_premezzo,ca,48.88,70.02,2.92
europe_lau,Cazzago Brabbia,cazzago_brabbia,ca,43.14,64.58,28.23
europe_lau,Carrigaline,carrigaline,ca,35.54,41.39,23.75
europe_lau,Carndonagh,carndonagh,ca,39.63,58.3,9.25
europe_lau,Castleisland,castleisland,ca,64.63,70.23,51.47
europe_lau,Castel di Tora,castel_di_tora,ca,46.73,59.28,76.97
europe_lau,Castelnuovo di Farfa,castelnuovo_di_farfa,ca,46.28,65.99,4.16
europe_lau,Castel Sant'Angelo,castel_sant_angelo,ca,44.81,61.74,86.88
europe_lau,Castlecomer,castlecomer,ca,39.63,54.98,19.31
europe_lau,Callan-Thomastown,callan_thomastown,ca,58.34,70.78,29.65
europe_lau,Carrick-On-Shannon,carrick_on_shannon,ca,38.84,60.76,69.21
europe_lau,Cappamore-Kilmallock,cappamore_kilmallock,ca,48.04,54.95,65.76
europe_lau,Castlebar,castlebar,ca,39.5,56.43,96.48
europe_lau,Camerana,camerana,ca,51.17,64.44,88.86
europe_lau,Canale,canale,ca,49.59,66.12,23.12
europe_lau,Canosio,canosio,ca,34.47,54.47,92.5
europe_lau,Caprauna,caprauna,ca,75.02,75.81,62.35
europe_lau,Caraglio,caraglio,ca,48.63,70.25,56.12
europe_lau,Čáslavsko,caslavsko,ca,33.39,60.68,37.22
europe_lau,Caramagna Piemonte,caramagna_piemonte,ca,45.06,67.8,97.91
europe_lau,Cardè,carde,ca,49.6,67.77,83.1
europe_lau,Carrù,carru,ca,63.17,69.81,25.11
europe_lau,Cartignano,cartignano,ca,20.69,46.74,84.68
europe_lau,Casalgrasso,casalgrasso,ca,45.89,57.72,87.3
europe_lau,Castagnito,castagnito,ca,30.08,64.1,-8.38
europe_lau,Casteldelfino,casteldelfino,ca,48.37,63.14,92.06
europe_lau,Castelletto Stura,castelletto_stura,ca,49.53,64.97,56.54
europe_lau,Castelletto Uzzone,castelletto_uzzone,ca,57.98,68.76,66.88
europe_lau,Castellinaldo d'Alba,castellinaldo_d_alba,ca,64.48,74.6,63.35
europe_lau,Castellino Tanaro,castellino_tanaro,ca,75.99,75,56.13
europe_lau,Castelmagno,castelmagno,ca,49.33,67.84,3.61
europe_lau,Castelnuovo di Ceva,castelnuovo_di_ceva,ca,45.53,66.74,97.08
europe_lau,Castiglione Falletto,castiglione_falletto,ca,41.24,61.81,97.61
europe_lau,Castiglione Tinella,castiglione_tinella,ca,53.68,60.14,41.63
europe_lau,Cavallerleone,cavallerleone,ca,57.69,69.09,50.54
europe_lau,Cavallermaggiore,cavallermaggiore,ca,49.2,67.82,-3.1
europe_lau,Častrov,castrov,ca,51.72,63.41,40.16
europe_lau,Cák,cak,ca,43.24,70.52,23.91
europe_lau,Cassano Spinola,cassano_spinola,ca,47.52,65.55,82.7
europe_lau,Carrickmacross-Castleblayney,carrickmacross_castleblayney,ca,40.02,55.93,95.36
europe_lau,Carrick-On-Suir,carrick_on_suir,ca,38.19,50.72,64.23
europe_lau,Cashel-Tipperary,cashel_tipperary,ca,58.51,64.31,49.63
europe_lau,Cahir,cahir,ca,60.97,69.8,49.33
europe_lau,Campsas,campsas,ca,57.48,67.05,10.04
europe_lau,Canals,canals,ca,52.12,67.77,61.88
europe_lau,Castanet,castanet,ca,40.98,59.7,7.08
europe_lau,Castelferrus,castelferrus,ca,47.8,58.75,80.02
europe_lau,Castelmayran,castelmayran,ca,43.15,55.74,85.03
europe_lau,Castelsagrat,castelsagrat,ca,41.53,53.02,19.46
europe_lau,Castelsarrasin,castelsarrasin,ca,52.77,62.56,57.88
europe_lau,Castéra-Bouzet,castera_bouzet,ca,57.85,61.83,37.93
europe_lau,Caumont,caumont,ca,49.65,65.87,29.53
europe_lau,Caussade,caussade,ca,41.7,46.76,83.02
europe_lau,Caylus,caylus,ca,47.71,59.93,43.6
europe_lau,Cayrac,cayrac,ca,29.23,53.5,-29.3
europe_lau,Cayriech,cayriech,ca,60.66,65.29,62.94
europe_lau,Cazals,cazals,ca,38.11,65.28,-48.45
europe_lau,Cazes-Mondenard,cazes_mondenard,ca,47.7,56.24,85.91
europe_lau,Castleknock,castleknock,ca,31.75,45.52,-15.95
europe_lau,Cabra-Glasnevin,cabra_glasnevin,ca,43.18,66.55,-25.51
europe_lau,Cadrezzate con Osmate,cadrezzate_con_osmate,ca,48.18,67.83,69.38
europe_lau,Cakóháza,cakohaza,ca,53.2,78.57,56.68
europe_lau,Calestano,calestano,ca,34.09,65.11,42.85
europe_lau,Cabiate,cabiate,ca,29.59,67.47,65.28
europe_lau,Cadorago,cadorago,ca,50.28,59.57,59.47
europe_lau,Caglio,caglio,ca,56.71,67.64,35.76
europe_lau,Campione d'Italia,campione_d_italia,ca,51.12,84.91,95.01
europe_lau,Cantù,cantu,ca,49.29,58.98,65.02
europe_lau,Canzo,canzo,ca,38.98,71.51,-28.59
europe_lau,Capiago Intimiano,capiago_intimiano,ca,56.86,71.2,48.54
europe_lau,Carate Urio,carate_urio,ca,35.46,61.71,62.24
europe_lau,Carbonate,carbonate,ca,15.38,35.17,83.6
europe_lau,Carimate,carimate,ca,41.31,66.14,96.96
europe_lau,Carlazzo,carlazzo,ca,47,57.91,59.81
europe_lau,Carugo,carugo,ca,33.5,61.28,90.2
europe_lau,Caslino d'Erba,caslino_d_erba,ca,38.48,64.93,-10.54
europe_lau,Casnate con Bernate,casnate_con_bernate,ca,70.38,71.01,60.34
europe_lau,Castelmarte,castelmarte,ca,37.99,68.98,57.55
europe_lau,Castelnuovo Bozzente,castelnuovo_bozzente,ca,49.13,84.59,88.52
europe_lau,Cavargna,cavargna,ca,46.05,65.25,98.68
europe_lau,Cadelbosco di Sopra,cadelbosco_di_sopra,ca,30.02,52.37,90.98
europe_lau,Campagnola Emilia,campagnola_emilia,ca,25.37,52.74,98.27
europe_lau,Campegine,campegine,ca,48.45,68.7,7.32
europe_lau,Carpineti,carpineti,ca,65.32,71.1,50.3
europe_lau,Casalgrande,casalgrande,ca,41.04,65.07,96.65
europe_lau,Casina,casina,ca,51.03,61.44,34.74
europe_lau,Castellarano,castellarano,ca,51.66,67.68,79.37
europe_lau,Castelnovo di Sotto,castelnovo_di_sotto,ca,46.2,63,75.13
europe_lau,Castelnovo ne' Monti,castelnovo_ne_monti,ca,44.35,59.79,78.32
europe_lau,Cavriago,cavriago,ca,51.99,63.12,64.9
europe_lau,Canossa,canossa,ca,39.86,54.64,80.14
europe_lau,Castelmezzano,castelmezzano,ca,46.56,68.8,91.05
europe_lau,Castelsaraceno,castelsaraceno,ca,74.19,72.87,64.25
europe_lau,Castronuovo di Sant'Andrea,castronuovo_di_sant_andrea,ca,40.68,56.4,61.62
europe_lau,Camporosso,camporosso,ca,41.33,62.19,92.63
europe_lau,Caravonica,caravonica,ca,57.31,70.15,59.42
europe_lau,Castellaro,castellaro,ca,29.2,65.11,87.03
europe_lau,Castel Vittorio,castel_vittorio,ca,45.86,63.88,43.26
europe_lau,Castelfranco Piandiscò,castelfranco_piandisco,ca,45.13,72.94,50.94
europe_lau,Casole d'Elsa,casole_d_elsa,ca,44.65,57.85,36.05
europe_lau,Castellina in Chianti,castellina_in_chianti,ca,41.41,61.17,97.93
europe_lau,Castelnuovo Berardenga,castelnuovo_berardenga,ca,36.68,50.65,-4.82
europe_lau,Castiglione d'Orcia,castiglione_d_orcia,ca,52.66,63.81,42.59
europe_lau,Campagnatico,campagnatico,ca,47.45,57.47,51.29
europe_lau,Castel del Piano,castel_del_piano,ca,25.55,41.61,11.27
europe_lau,Castell'Azzara,castell_azzara,ca,39.95,58.14,9.98
europe_lau,Castiglione della Pescaia,castiglione_della_pescaia,ca,38.47,62.33,-14.02
europe_lau,Campertogno,campertogno,ca,31.57,56.55,-14.9
europe_lau,Caresana,caresana,ca,64.23,65.52,63.47
europe_lau,Caresanablot,caresanablot,ca,41.46,56.12,12.54
europe_lau,Carisio,carisio,ca,77.69,74.62,53.78
europe_lau,Casanova Elvo,casanova_elvo,ca,50,67.5,60.46
europe_lau,Calamandrana,calamandrana,ca,62.69,64.65,57.6
europe_lau,Calliano,calliano,ca,51.36,66.29,32.76
europe_lau,Calosso,calosso,ca,70.96,74.6,62.62
europe_lau,Canneto sull'Oglio,canneto_sull_oglio,ca,37.39,48.8,53.21
europe_lau,Casalmoro,casalmoro,ca,50.48,69.84,92.52
europe_lau,Casaloldo,casaloldo,ca,55.42,65.78,64.44
europe_lau,Casalromano,casalromano,ca,44.77,60.59,-9.94
europe_lau,Castelbelforte,castelbelforte,ca,56.76,57.67,57.71
europe_lau,Castel d'Ario,castel_d_ario,ca,46.74,66.02,90.02
europe_lau,Castel Goffredo,castel_goffredo,ca,52.66,62.72,28.17
europe_lau,Castellucchio,castellucchio,ca,47.45,72.96,58.56
europe_lau,Castiglione delle Stiviere,castiglione_delle_stiviere,ca,48.96,58.05,83.34
europe_lau,Cavriana,cavriana,ca,34.97,49.45,79.19
europe_lau,Campogalliano,campogalliano,ca,44.26,61.12,94.7
europe_lau,Camposanto,camposanto,ca,24.83,38.25,-17.31
europe_lau,Carpi,carpi,ca,43.95,51.65,77.21
europe_lau,Castelfranco Emilia,castelfranco_emilia,ca,41.37,57.12,69.89
europe_lau,Castelnuovo Rangone,castelnuovo_rangone,ca,47.48,50.72,44.72
europe_lau,Castelvetro di Modena,castelvetro_di_modena,ca,46.02,64.78,65.7
europe_lau,Cavezzo,cavezzo,ca,67.45,75.24,52.46
europe_lau,Calderara di Reno,calderara_di_reno,ca,58,62,58.61
europe_lau,Camugnano,camugnano,ca,54.9,66.19,70.94
europe_lau,Casalecchio di Reno,casalecchio_di_reno,ca,56.55,81.31,56.23
europe_lau,Casalfiumanese,casalfiumanese,ca,32.81,45.7,46.11
europe_lau,Castel d'Aiano,castel_d_aiano,ca,50.32,57.78,33.03
europe_lau,Castel del Rio,castel_del_rio,ca,40.06,59.87,51.07
europe_lau,Castel di Casio,castel_di_casio,ca,38.65,57.47,98.66
europe_lau,Castel Guelfo di Bologna,castel_guelfo_di_bologna,ca,26.18,43.44,20.11
europe_lau,Castello d'Argile,castello_d_argile,ca,45.98,64.42,-14.57
europe_lau,Castel Maggiore,castel_maggiore,ca,45.56,55.75,38.53
europe_lau,Castel San Pietro Terme,castel_san_pietro_terme,ca,45.52,65.76,78.89
europe_lau,Castenaso,castenaso,ca,67.02,70.89,53
europe_lau,Castiglione dei Pepoli,castiglione_dei_pepoli,ca,30.48,40.84,85.65
europe_lau,Calciano,calciano,ca,34.71,61.79,16.46
europe_lau,Calopezzati,calopezzati,ca,46.21,59.64,28.69
europe_lau,Caloveto,caloveto,ca,60.55,74.56,85.02
europe_lau,Campana,campana,ca,47.94,56.07,48.56
europe_lau,Canna,canna,ca,43.74,62.93,87.3
europe_lau,Cariati,cariati,ca,30.17,51.7,-16.41
europe_lau,Carolei,carolei,ca,24.52,63.27,90.44
europe_lau,Carpanzano,carpanzano,ca,27.74,66.82,-134.47
europe_lau,Cassano all'Ionio,cassano_all_ionio,ca,38.63,66.6,-4.65
europe_lau,Castiglione Cosentino,castiglione_cosentino,ca,61.06,73.75,33.8
europe_lau,Castrolibero,castrolibero,ca,63.2,73.31,55.33
europe_lau,Castroregio,castroregio,ca,64.96,63.29,52.75
europe_lau,Castrovillari,castrovillari,ca,30.48,60.75,92.56
europe_lau,Cairo Montenotte,cairo_montenotte,ca,36.85,53.71,10.39
europe_lau,Calice Ligure,calice_ligure,ca,26.38,47.54,98.91
europe_lau,Calizzano,calizzano,ca,61.51,65.24,32.21
europe_lau,Carcare,carcare,ca,48.75,59.92,53.44
europe_lau,Casanova Lerrone,casanova_lerrone,ca,41.69,58.41,9.5
europe_lau,Castelbianco,castelbianco,ca,42.98,59.57,48.61
europe_lau,Castelvecchio di Rocca Barbena,castelvecchio_di_rocca_barbena,ca,36.45,58.57,89.27
europe_lau,Camerano Casasco,camerano_casasco,ca,27.62,58,96.85
europe_lau,Canelli,canelli,ca,47.23,65.11,96.08
europe_lau,Cantarana,cantarana,ca,49.68,65.45,20.26
europe_lau,Capriglio,capriglio,ca,34.3,64.27,90.38
europe_lau,Casorzo,casorzo,ca,78.25,75.39,61.89
europe_lau,Cassinasco,cassinasco,ca,49.04,60.14,84.45
europe_lau,Castagnole delle Lanze,castagnole_delle_lanze,ca,54.66,70.42,39.4
europe_lau,Castagnole Monferrato,castagnole_monferrato,ca,35.25,57.52,97.83
europe_lau,Castel Boglione,castel_boglione,ca,48.78,63.09,76.57
europe_lau,Castell'Alfero,castell_alfero,ca,45.07,67.91,36.91
europe_lau,Castelletto Molina,castelletto_molina,ca,41.31,71.43,94.22
europe_lau,Castello di Annone,castello_di_annone,ca,60.92,62.74,36
europe_lau,Castelnuovo Belbo,castelnuovo_belbo,ca,43.03,61.1,90.08
europe_lau,Castelnuovo Calcea,castelnuovo_calcea,ca,64.31,78.95,68.22
europe_lau,Castelnuovo Don Bosco,castelnuovo_don_bosco,ca,33.86,65.72,83.85
europe_lau,Castel Rocchero,castel_rocchero,ca,55.23,80.57,54.96
europe_lau,Campello sul Clitunno,campello_sul_clitunno,ca,45.52,56.65,16.63
europe_lau,Cannara,cannara,ca,47.08,60.5,46.78
europe_lau,Čaková,cakova,ca,63.07,68.71,51.59
europe_lau,Cascia,cascia,ca,50.15,66.87,59.03
europe_lau,Castel Ritaldi,castel_ritaldi,ca,39.89,67.67,-34.23
europe_lau,Castiglione del Lago,castiglione_del_lago,ca,63.93,66.76,55.28
europe_lau,Calvi dell'Umbria,calvi_dell_umbria,ca,46.88,63.93,16.9
europe_lau,Castel Giorgio,castel_giorgio,ca,64.22,70.03,57.04
europe_lau,Castel Viscardo,castel_viscardo,ca,55.06,64.66,40.9
europe_lau,Caltignaga,caltignaga,ca,54.54,71.83,63.56
europe_lau,Cameri,cameri,ca,47.65,69.6,59.51
europe_lau,Carpignano Sesia,carpignano_sesia,ca,56.22,66.39,86.41
europe_lau,Casalbeltrame,casalbeltrame,ca,56.22,70.35,17.77
europe_lau,Casaleggio Novara,casaleggio_novara,ca,49.45,68.53,26.69
europe_lau,Casalino,casalino,ca,53.46,72.61,89.49
europe_lau,Caines/Kuens,caines_kuens,ca,27.43,57.44,89.24
europe_lau,Caldaro sulla strada del vino/Kaltern an der Weinstraße,caldaro_sulla_strada_del_vino_kaltern_an_der_weinstrasse,ca,33.24,54.82,96.72
europe_lau,Campo di Trens/Freienfeld,campo_di_trens_freienfeld,ca,54.16,72.08,42.32
europe_lau,Campo Tures/Sand in Taufers,campo_tures_sand_in_taufers,ca,44.65,70.34,12.08
europe_lau,Castelbello-Ciardes/Kastelbell-Tschars,castelbello_ciardes_kastelbell_tschars,ca,51.78,68.54,88.68
europe_lau,Castelrotto/Kastelruth,castelrotto_kastelruth,ca,55.47,71.31,15.85
europe_lau,Casapesenna,casapesenna,ca,65.31,75.95,42.8
europe_lau,Calvi,calvi,ca,40.12,66.13,49.9
europe_lau,Campolattaro,campolattaro,ca,42.59,58.01,85.19
europe_lau,Campoli del Monte Taburno,campoli_del_monte_taburno,ca,44.19,57.22,88.66
europe_lau,Casalduni,casalduni,ca,49.5,67.41,30.8
europe_lau,Castelfranco in Miscano,castelfranco_in_miscano,ca,61.57,68.29,67.56
europe_lau,Castelpagano,castelpagano,ca,59.94,70.02,40.07
europe_lau,Castelpoto,castelpoto,ca,38.59,52.17,77.97
europe_lau,Castelvenere,castelvenere,ca,59.08,68.5,61.65
europe_lau,Castelvetere in Val Fortore,castelvetere_in_val_fortore,ca,45.04,66.68,11.55
europe_lau,Cautano,cautano,ca,31.28,57.38,-65.59
europe_lau,Camogli,camogli,ca,35.87,53.29,90.67
europe_lau,Campo Ligure,campo_ligure,ca,41.22,60.3,24.93
europe_lau,Campomorone,campomorone,ca,47.54,63.31,64.93
europe_lau,Carasco,carasco,ca,64.13,68.95,58.5
europe_lau,Casarza Ligure,casarza_ligure,ca,46,76.41,71.68
europe_lau,Casella,casella,ca,56.81,64.24,41.67
europe_lau,Castiglione Chiavarese,castiglione_chiavarese,ca,49.73,59.03,30.65
europe_lau,Cabella Ligure,cabella_ligure,ca,52.16,58.17,37.51
europe_lau,Camagna Monferrato,camagna_monferrato,ca,43.72,68.28,93.7
europe_lau,Camino,camino,ca,53.6,69.18,-2.25
europe_lau,Cantalupo Ligure,cantalupo_ligure,ca,31.76,55.36,-53.88
europe_lau,Capriata d'Orba,capriata_d_orba,ca,42.17,60.4,67.45
europe_lau,Carbonara Scrivia,carbonara_scrivia,ca,55.91,71.42,27.08
europe_lau,Carentino,carentino,ca,46.9,70.47,82.71
europe_lau,Carezzano,carezzano,ca,39.72,51.74,52.2
europe_lau,Carpeneto,carpeneto,ca,39.21,70.61,95.57
europe_lau,Carrega Ligure,carrega_ligure,ca,64.65,69.85,79.55
europe_lau,Carrosio,carrosio,ca,51.18,61.63,50.44
europe_lau,Cartosio,cartosio,ca,53.13,63.59,71.4
europe_lau,Casal Cermelli,casal_cermelli,ca,30.1,58.15,95.69
europe_lau,Casaleggio Boiro,casaleggio_boiro,ca,24.52,63.1,86.49
europe_lau,Casale Monferrato,casale_monferrato,ca,34.87,40.96,52.23
europe_lau,Casalnoceto,casalnoceto,ca,34.61,58.64,51.34
europe_lau,Casasco,casasco,ca,64.4,77.7,88.54
europe_lau,Calcata,calcata,ca,17.81,55.65,70.76
europe_lau,Canepina,canepina,ca,51.5,74.24,50.31
europe_lau,Canino,canino,ca,56.55,65.07,61.61
europe_lau,Capodimonte,capodimonte,ca,38.65,52.34,81.91
europe_lau,Capranica,capranica,ca,59.61,64.78,63.93
europe_lau,Caprarola,caprarola,ca,31.59,66.54,4.43
europe_lau,Carbognano,carbognano,ca,22.83,62.25,35.52
europe_lau,Castel Sant'Elia,castel_sant_elia,ca,37.99,51.97,90.45
europe_lau,Castiglione in Teverina,castiglione_in_teverina,ca,43.93,62.92,19.92
europe_lau,Cantalice,cantalice,ca,40.7,51.08,22.18
europe_lau,Cantalupo in Sabina,cantalupo_in_sabina,ca,44.34,53.84,72.32
europe_lau,Casaprota,casaprota,ca,38.03,57.06,6.41
europe_lau,Casperia,casperia,ca,44.71,64.89,36.06
europe_lau,Carlow,carlow,ca,41.4,56.41,68.8
europe_lau,Cavan - Belturbet,cavan_belturbet,ca,24.16,55.49,30.49
europe_lau,Casalvolone,casalvolone,ca,54.5,66.67,18.2
europe_lau,Castellazzo Novarese,castellazzo_novarese,ca,45.58,62.56,10.67
europe_lau,Castelletto sopra Ticino,castelletto_sopra_ticino,ca,43.35,61.89,34.15
europe_lau,Cavaglietto,cavaglietto,ca,52.66,66.89,66.66
europe_lau,Cavaglio d'Agogna,cavaglio_d_agogna,ca,39.07,57.14,94.55
europe_lau,Cavallirio,cavallirio,ca,39.75,62.49,64.05
europe_lau,Cassine,cassine,ca,42.19,68.43,90.86
europe_lau,Cassinelle,cassinelle,ca,38.69,69.42,91.87
europe_lau,Castellania Coppi,castellania_coppi,ca,51.43,72.77,20.74
europe_lau,Castellar Guidobono,castellar_guidobono,ca,42.19,62.15,88.49
europe_lau,Castellazzo Bormida,castellazzo_bormida,ca,37.56,46.67,61.09
europe_lau,Castelletto d'Erro,castelletto_d_erro,ca,34.35,55.22,94.22
europe_lau,Castelletto d'Orba,castelletto_d_orba,ca,47.94,54.25,69.48
europe_lau,Castelletto Merli,castelletto_merli,ca,49.92,58.76,81.04
europe_lau,Castelletto Monferrato,castelletto_monferrato,ca,31.39,52.24,-32.54
europe_lau,Castelnuovo Bormida,castelnuovo_bormida,ca,55.1,62.68,49.38
europe_lau,Castelnuovo Scrivia,castelnuovo_scrivia,ca,50.73,66.63,84.46
europe_lau,Castelspina,castelspina,ca,38.51,72.19,-10.84
europe_lau,Cavatore,cavatore,ca,54.08,72.5,79.07
europe_lau,Caivano,caivano,ca,43.25,65.43,83.2
europe_lau,Calvizzano,calvizzano,ca,25.71,62.66,-114.56
europe_lau,Camposano,camposano,ca,35.24,58.46,16.45
europe_lau,Capri,capri,ca,34.87,49.26,-13.04
europe_lau,Cafasse,cafasse,ca,59.93,75.74,47.26
europe_lau,Caluso,caluso,ca,60.92,76.92,82.01
europe_lau,Cambiano,cambiano,ca,28.44,58.17,94.14
europe_lau,Campiglione Fenile,campiglione_fenile,ca,46.91,61.38,21.64
europe_lau,Candia Canavese,candia_canavese,ca,45.4,66.75,63.49
europe_lau,Candiolo,candiolo,ca,47.48,62.28,68.17
europe_lau,Canischio,canischio,ca,40.84,72,-27.34
europe_lau,Cantalupa,cantalupa,ca,61.36,70.55,69.03
europe_lau,Cantoira,cantoira,ca,49.7,64.87,24.92
europe_lau,Caprie,caprie,ca,32.17,52.85,97.6
europe_lau,Caravino,caravino,ca,34.45,49.77,28.01
europe_lau,Carema,carema,ca,40.09,69.48,26.41
europe_lau,Carignano,carignano,ca,48.35,63.95,73.52
europe_lau,Carmagnola,carmagnola,ca,55.03,65.94,39.15
europe_lau,Casalborgone,casalborgone,ca,45,64.59,20.52
europe_lau,Cascinette d'Ivrea,cascinette_d_ivrea,ca,56.31,65.8,70.3
europe_lau,Caselette,caselette,ca,41.76,65.95,28.54
europe_lau,Caselle Torinese,caselle_torinese,ca,56.5,70.22,7.27
europe_lau,Castagneto Po,castagneto_po,ca,56.5,64.11,44.46
europe_lau,Castagnole Piemonte,castagnole_piemonte,ca,58.53,66.22,37.81
europe_lau,Castellamonte,castellamonte,ca,27.36,47.18,90.17
europe_lau,Castelnuovo Nigra,castelnuovo_nigra,ca,25.41,47.53,95.58
europe_lau,Castiglione Torinese,castiglione_torinese,ca,41.13,56.18,92.17
europe_lau,Cavour,cavour,ca,48.94,58.45,66
europe_lau,Calice al Cornoviglio,calice_al_cornoviglio,ca,41.59,62.3,93.93
europe_lau,Carro,carro,ca,54.68,66.68,44.28
europe_lau,Carrodano,carrodano,ca,37.66,52.21,22.68
europe_lau,Castelnuovo Magra,castelnuovo_magra,ca,44.47,73.64,86.56
europe_lau,Čadca,cadca,ca,30.97,36.34,64.63
europe_lau,Cabov,cabov,ca,49.42,64.32,31.66
europe_lau,Čaklov,caklov,ca,72.52,74.82,39.3
europe_lau,Cabaj-Čápor,cabaj_capor,ca,31.89,56.98,76.87
europe_lau,Căianu Mic,caianu_mic,ca,23.22,49.77,96.75
europe_lau,Čata,cata,ca,46.54,62.99,-9.37
europe_lau,Căianu,caianu,ca,57.13,65.47,64.63
europe_lau,Călăraşi,calarasi,ca,38.31,64.85,40.68
europe_lau,Călăţele,calatele,ca,37.81,53.23,95.06
europe_lau,Cămăraşu,camarasu,ca,51.55,59.72,58.18
europe_lau,Căpuşu Mare,capusu_mare,ca,61.66,63.8,59.32
europe_lau,Căşeiu,caseiu,ca,37.33,49.58,93.39
europe_lau,Cătina,catina,ca,56.42,73.13,75.53
europe_lau,Câţcău,catcau,ca,49.92,61.02,79.85
europe_lau,Castelu,castelu,ca,45.98,49.7,71.1
europe_lau,Čavoj,cavoj,ca,42.23,51.92,58.41
europe_lau,Căpreni,capreni,ca,39.91,57.97,92.54
europe_lau,Cătunele,catunele,ca,40.11,58.04,74.07
europe_lau,Câlnic,calnic,ca,35.13,62.4,88.06
europe_lau,Čabradský Vrbovok,cabradsky_vrbovok,ca,43.68,51.72,63.48
europe_lau,Čab,cab,ca,54.55,70.94,32.89
europe_lau,Cankova,cankova,ca,36.38,56.32,93.72
europe_lau,Čáry,cary,ca,62.3,75.57,44.24
europe_lau,Častkov,castkov,ca,51.85,70.12,66.77
europe_lau,Călăraşi,calarasi,ca,48.01,58.54,70.82
europe_lau,Carvalhal Benfeito,carvalhal_benfeito,ca,49.79,75.49,80.03
europe_lau,Campelo,campelo,ca,37.32,62.27,99.31
europe_lau,Caranguejeira,caranguejeira,ca,52.04,65.26,79.78
europe_lau,Calui,calui,ca,39.09,64.11,0.17
europe_lau,Cacia,cacia,ca,37.44,66.5,44.6
europe_lau,Čachotín,cachotin,ca,65.4,68.27,64.4
europe_lau,Čajetina,cajetina,ca,61.44,64.84,47.58
europe_lau,Čačak,cacak,ca,42.99,60.04,18.18
europe_lau,Carvalhal,carvalhal,ca,32.26,70.92,99.9
europe_lau,Carregueira,carregueira,ca,36.45,55.51,52.3
europe_lau,Cardigos,cardigos,ca,64.99,72.98,65
europe_lau,Carvoeiro,carvoeiro,ca,52.8,69.56,9.55
europe_lau,Candoso (São Martinho),candoso_sao_martinho,ca,41.67,58.98,92.19
europe_lau,Catalina,catalina,ca,40.57,55.21,59.23
europe_lau,Cakov,cakov,ca,30.09,48.24,40.24
europe_lau,Căpâlniţa,capalnita,ca,37.7,64.82,76.7
europe_lau,Cârţa,carta,ca,28.59,45.75,-10.6
europe_lau,Campo do Gerês,campo_do_geres,ca,38.99,58.9,-1.23
europe_lau,Carvalheira,carvalheira,ca,37.57,65.78,2.89
europe_lau,Cantelães,cantelaes,ca,51.85,65.92,24.01
europe_lau,Carnide,carnide,ca,48.48,58.69,71.72
europe_lau,Carriço,carrico,ca,54.12,79.12,33.92
europe_lau,Čakajovce,cakajovce,ca,41.2,61.73,74
europe_lau,Čaradice,caradice,ca,26.53,59.75,84.43
europe_lau,Cândesti,candesti,ca,53.44,67.55,78.61
europe_lau,Caţa,cata,ca,37.86,55.11,9.49
europe_lau,Câlnic,calnic,ca,35.34,66.46,74.35
europe_lau,Calvaria de Cima,calvaria_de_cima,ca,49.11,70.06,40.19
europe_lau,Carnota,carnota,ca,61.01,63.63,56.09
europe_lau,Cardosas,cardosas,ca,63.78,79.04,54.44
europe_lau,Călugăreni,calugareni,ca,47.9,53.01,53.86
europe_lau,Cărbuneşti,carbunesti,ca,28.84,46.9,34.23
europe_lau,Čakanovce (okres Lučenec),cakanovce_okres_lucenec,ca,57.68,77.21,25.3
europe_lau,Čamovce,camovce,ca,46.29,66.12,93.18
europe_lau,Cândeşti,candesti,ca,48.65,67.72,24.21
europe_lau,Camin,camin,ca,28.04,53.78,-4.19
europe_lau,Carregueiros,carregueiros,ca,59.06,70.1,66.95
europe_lau,Caxarias,caxarias,ca,44.2,57.06,43.59
europe_lau,Cârjiţi,carjiti,ca,63.69,69.54,46.21
europe_lau,Čachtice,cachtice,ca,31.82,48.06,90.69
europe_lau,Častkovce,castkovce,ca,16.37,42.88,-41.19
europe_lau,Castelões,casteloes,ca,63.49,80.36,26.07
europe_lau,Cabanelas,cabanelas,ca,44.2,60.75,93.75
europe_lau,Campolide,campolide,ca,59.29,74.7,57.78
europe_lau,Carnide,carnide,ca,42.93,58.6,92.02
europe_lau,Čabalovce,cabalovce,ca,59.23,77.77,78.12
europe_lau,Čabiny,cabiny,ca,60.68,70,62.33
europe_lau,Čankovice,cankovice,ca,61.1,75.33,50.37
europe_lau,Čalovec,calovec,ca,25.7,55.28,81.22
europe_lau,Čakany,cakany,ca,65.27,77.89,36.38
europe_lau,Cazasu,cazasu,ca,59.36,64.9,48.95
europe_lau,Campo de Ourique,campo_de_ourique,ca,52.71,77.72,21.71
europe_lau,Carvoeira,carvoeira,ca,61.47,72.77,67.45
europe_lau,Căpleni,capleni,ca,36.32,58.61,54.31
europe_lau,Călineşti-Oaş,calinesti_oas,ca,39.32,55.91,32.98
europe_lau,Cămărzana,camarzana,ca,52.36,58.06,61.86
europe_lau,Căuaş,cauas,ca,46.67,54.03,55.74
europe_lau,Caşin,casin,ca,21.34,28.59,36.62
europe_lau,Căiuţi,caiuti,ca,36.89,64.26,57.8
europe_lau,Calvini,calvini,ca,58.63,72.97,71.39
europe_lau,Căneşti,canesti,ca,64.41,65.15,56.17
europe_lau,Cătina,catina,ca,40.69,61.36,72.72
europe_lau,Čavisov,cavisov,ca,28.68,48.74,96.48
europe_lau,Carvalhal,carvalhal,ca,8.04,29.6,93.76
europe_lau,Canha,canha,ca,46.9,59,28.12
europe_lau,Calopăr,calopar,ca,39.72,70.92,-0.33
europe_lau,Caraula,caraula,ca,48.3,62.06,56.72
europe_lau,Carpen,carpen,ca,38.28,57.26,-10.7
europe_lau,Castranova,castranova,ca,51.55,66.72,49.86
europe_lau,Călăraşi,calarasi,ca,44.53,65.19,99.69
europe_lau,Cabana Maior,cabana_maior,ca,34.92,58,46.39
europe_lau,Cabreiro,cabreiro,ca,30.52,48.89,1.11
europe_lau,Čajkov,cajkov,ca,35.64,61.71,90.83
europe_lau,Čaka,caka,ca,35.5,50.16,14.12
europe_lau,Častá,casta,ca,40.2,63.65,15.73
europe_lau,Čataj,cataj,ca,44.64,73.36,62.89
europe_lau,Căbeşti,cabesti,ca,26.41,59.59,-54.66
europe_lau,Căpâlna,capalna,ca,47.34,57.08,27.4
europe_lau,Cărpinet,carpinet,ca,36.42,54.49,-5.99
europe_lau,Câmpani,campani,ca,48.73,58.76,25.1
europe_lau,Caraşova,carasova,ca,57.8,67.28,65.15
europe_lau,Cărbunari,carbunari,ca,48.45,61.35,25.1
europe_lau,Catane,catane,ca,37.06,66.62,91.06
europe_lau,Cârcea,carcea,ca,52.16,60.37,39.79
europe_lau,Cârna,carna,ca,54.2,80.41,78.58
europe_lau,Cavadineşti,cavadinesti,ca,54.69,63.09,56.46
europe_lau,Čakanovce (okres Košice - okolie),cakanovce_okres_kosice_okolie,ca,42.94,57.89,31.03
europe_lau,Čaňa,cana,ca,57.07,73.89,19.1
europe_lau,Câmpuri,campuri,ca,37.34,54.51,34.87
europe_lau,Cârligele,carligele,ca,31.54,56.75,-32.07
europe_lau,Canelas,canelas,ca,61.87,70.62,80.88
europe_lau,Canidelo,canidelo,ca,64.13,77.85,78.12
europe_lau,Cavez,cavez,ca,48.48,63.51,70.65
europe_lau,Capelle aan den IJssel,capelle_aan_den_i_jssel,ca,38.48,53.04,71.16
europe_lau,Campo de Besteiros,campo_de_besteiros,ca,45.14,68.46,-3.24
europe_lau,Canas de Santa Maria,canas_de_santa_maria,ca,44.28,55.52,24.86
europe_lau,Castelões,casteloes,ca,69,73.99,44.29
europe_lau,Calde,calde,ca,39.12,61.3,-32.99
europe_lau,Campo,campo,ca,34.15,53.76,25.85
europe_lau,Cavernães,cavernaes,ca,72.71,74.94,66.16
europe_lau,Cacica,cacica,ca,48.33,66.49,20.13
europe_lau,Calafindeşti,calafindesti,ca,58.11,67.97,45.35
europe_lau,Cârlibaba,carlibaba,ca,36.79,52.55,87.78
europe_lau,Castelo de Penalva,castelo_de_penalva,ca,57.02,64.67,64.93
europe_lau,Castainço,castainco,ca,46.56,69.96,98.15
europe_lau,Cárquere,carquere,ca,50.16,68.9,86.83
europe_lau,Castanheiro do Sul,castanheiro_do_sul,ca,55.9,63.89,27.27
europe_lau,Capelins (Santo António),capelins_santo_antonio,ca,29.66,56.19,89.66
europe_lau,Caldelas,caldelas,ca,43.7,70.81,98.16
europe_lau,Castelo Melhor,castelo_melhor,ca,54.75,62.01,74.02
europe_lau,Carvalhal,carvalhal,ca,51.73,62.38,73.22
europe_lau,Căldăraru,caldararu,ca,38.54,69.27,-53.18
europe_lau,Cabaços e Fojo Lobal,cabacos_e_fojo_lobal,ca,53.73,65.35,24.89
europe_lau,Cabração e Moreira do Lima,cabracao_e_moreira_do_lima,ca,38.86,57.89,93.83
europe_lau,Carreço,carreco,ca,43.91,58.05,24.1
europe_lau,Castelo do Neiva,castelo_do_neiva,ca,55.41,78.42,49.57
europe_lau,Canaviais,canaviais,ca,55.46,68.28,73.49
europe_lau,Cabrela,cabrela,ca,66.3,73.13,33.7
europe_lau,Cabeção,cabecao,ca,63.95,65.06,50.88
europe_lau,Călineşti,calinesti,ca,44.25,68.06,85.94
europe_lau,Câmpulung la Tisa,campulung_la_tisa,ca,50.38,59.41,66.26
europe_lau,Calcinate,calcinate,ca,33.23,57.35,48.71
europe_lau,Calcio,calcio,ca,44.43,76.92,90.19
europe_lau,Calusco d'Adda,calusco_d_adda,ca,48.11,59.74,23.28
europe_lau,Calvenzano,calvenzano,ca,68.13,90.92,73.45
europe_lau,Camerata Cornello,camerata_cornello,ca,62.08,71.31,73.66
europe_lau,Canonica d'Adda,canonica_d_adda,ca,20.65,45.74,90.07
europe_lau,Capizzone,capizzone,ca,36.02,54.28,-15.23
europe_lau,Capriate San Gervasio,capriate_san_gervasio,ca,22.27,54.18,84.4
europe_lau,Caprino Bergamasco,caprino_bergamasco,ca,33.25,60.38,95.98
europe_lau,Caravaggio,caravaggio,ca,35.61,51.28,96.4
europe_lau,Carobbio degli Angeli,carobbio_degli_angeli,ca,33.58,49.42,22.15
europe_lau,Carona,carona,ca,41.7,72.97,-54.06
europe_lau,Carvico,carvico,ca,31.98,45.25,68.4
europe_lau,Casazza,casazza,ca,46.4,65.34,9.28
europe_lau,Casirate d'Adda,casirate_d_adda,ca,39.43,58.38,5.2
europe_lau,Casnigo,casnigo,ca,32.96,47.25,93.49
europe_lau,Cassiglio,cassiglio,ca,53.56,64.25,82.21
europe_lau,Castelli Calepio,castelli_calepio,ca,25.89,57.31,86.42
europe_lau,Castel Rozzone,castel_rozzone,ca,52.93,66.43,77.74
europe_lau,Castione della Presolana,castione_della_presolana,ca,59.34,67.5,56.05
europe_lau,Castro,castro,ca,51.18,64.6,72.76
europe_lau,Cavernago,cavernago,ca,59.54,66.08,78.49
europe_lau,Cazzano Sant'Andrea,cazzano_sant_andrea,ca,13.15,37.78,97.06
europe_lau,Callabiana,callabiana,ca,26.38,51.01,81.52
europe_lau,Camandona,camandona,ca,25.2,61.37,56.48
europe_lau,Camburzano,camburzano,ca,63.16,82.32,41.18
europe_lau,Candelo,candelo,ca,45.07,66.32,-14.59
europe_lau,Castelo Branco,castelo_branco,ca,41.74,62.02,53.84
europe_lau,Castro Vicente,castro_vicente,ca,45.15,69.54,84.24
europe_lau,Cabeça Boa,cabeca_boa,ca,54.98,67.76,47.48
europe_lau,Carviçais,carvicais,ca,45.9,53.89,30.36
europe_lau,Castedo,castedo,ca,58.45,77.16,79.05
europe_lau,Carção,carcao,ca,38,48.19,56.78
europe_lau,Carcaliu,carcaliu,ca,53.69,64.74,25.61
europe_lau,Casimcea,casimcea,ca,41.74,51.85,51.04
europe_lau,Carnikavas novads,carnikavas_novads,ca,27.97,65.9,67.97
europe_lau,Candedo,candedo,ca,64.97,71.32,77.45
europe_lau,Campia,campia,ca,50.9,68.25,80.97
europe_lau,Calheta,calheta,ca,22.35,41.48,3.51
europe_lau,Câmara de Lobos,camara_de_lobos,ca,32.73,50.16,60.26
europe_lau,Caniçal,canical,ca,23.5,39.3,-49.58
europe_lau,Canhas,canhas,ca,19.78,44.99,96.19
europe_lau,Campanário,campanario,ca,27.45,55.77,85.12
europe_lau,Camacha,camacha,ca,43.34,63.43,62.01
europe_lau,Caniço,canico,ca,52.68,69.91,12.89
europe_lau,Călineşti,calinesti,ca,29.18,63.38,81.45
europe_lau,Capu Câmpului,capu_campului,ca,50.38,58,64.37
europe_lau,Casal Comba,casal_comba,ca,33.23,61.6,88.36
europe_lau,Carregosa,carregosa,ca,44.07,60.72,77.29
europe_lau,Částkov,castkov,ca,31.9,49.5,44.32
europe_lau,Căteasca,cateasca,ca,33.27,47.31,79.25
europe_lau,Călineşti,calinesti,ca,68.08,73.66,43.85
europe_lau,Călmăţuiu,calmatuiu,ca,36.6,63.69,74.49
europe_lau,Călmăţuiu de Sus,calmatuiu_de_sus,ca,37.28,61.78,-14.89
europe_lau,Castro Marim,castro_marim,ca,63.16,65.86,60.89
europe_lau,Cachopo,cachopo,ca,57.89,65.13,29.28
europe_lau,Carapito,carapito,ca,70.66,76.71,52.4
europe_lau,Căzăneşti,cazanesti,ca,36.06,72.45,11.61
europe_lau,Canicattini Bagni,canicattini_bagni,ca,45.16,55.5,21.44
europe_lau,Carlentini,carlentini,ca,27.54,54.06,87.84
europe_lau,Cassaro,cassaro,ca,37.66,70.3,-57.45
europe_lau,Calangianus,calangianus,ca,52.57,59.88,76.69
europe_lau,Cargeghe,cargeghe,ca,30.75,63.49,56.87
europe_lau,Caprile,caprile,ca,28.95,40.85,9.96
europe_lau,Casapinta,casapinta,ca,57.26,72.94,33.72
europe_lau,Castelletto Cervo,castelletto_cervo,ca,61.08,76.76,77.73
europe_lau,Cavaglià,cavaglia,ca,39.92,61.24,-12.06
europe_lau,Campiglia Cervo,campiglia_cervo,ca,45.61,55.19,43.97
europe_lau,Calco,calco,ca,38.9,57.15,-14.66
europe_lau,Calolziocorte,calolziocorte,ca,39.43,59.98,43.35
europe_lau,Carenno,carenno,ca,53.13,71.33,82.64
europe_lau,Casargo,casargo,ca,32.89,51.82,14.64
europe_lau,Casatenovo,casatenovo,ca,47.06,61.7,64.74
europe_lau,Cassago Brianza,cassago_brianza,ca,43.69,64.44,85.42
europe_lau,Cassina Valsassina,cassina_valsassina,ca,14.6,46.51,75.12
europe_lau,Cabril,cabril,ca,37,55.72,81.36
europe_lau,Caria,caria,ca,51.33,59.91,75.33
europe_lau,Castelo Branco,castelo_branco,ca,46.17,61.46,80.31
europe_lau,Câineni,caineni,ca,36.83,63.24,-16.04
europe_lau,Castelsardo,castelsardo,ca,26.82,56.63,-87.41
europe_lau,Чашка,caska,ca,53.12,68.52,54.69
europe_lau,Capinha,capinha,ca,47.17,65.44,69.35
europe_lau,Castelejo,castelejo,ca,41.9,61.4,68.56
europe_lau,Cabouco,cabouco,ca,57.09,71.52,31.98
europe_lau,Candelária,candelaria,ca,33.48,59.36,3.68
europe_lau,Capelas,capelas,ca,41.92,52.61,21.12
europe_lau,Calhetas,calhetas,ca,30.04,53.12,53.01
europe_lau,Câmpineanca,campineanca,ca,40.46,59.02,82.48
europe_lau,Calvão,calvao,ca,55.46,75.43,76.16
europe_lau,Cabeça Gorda,cabeca_gorda,ca,49.44,67,91.05
europe_lau,Cărpiniş,carpinis,ca,44.03,65.27,27.58
europe_lau,Candedo,candedo,ca,45.92,60.26,55.81
europe_lau,Castelo Bom,castelo_bom,ca,49.82,73.56,51.09
europe_lau,Carrapichana,carrapichana,ca,46.62,69.51,-4.16
europe_lau,Casas do Soeiro,casas_do_soeiro,ca,60.07,70.64,79.4
europe_lau,Castelo Rodrigo,castelo_rodrigo,ca,41.36,59.55,-17.35
europe_lau,Casal Vasco,casal_vasco,ca,29.5,56.93,90.8
europe_lau,Cativelos,cativelos,ca,45.86,69.22,22.35
europe_lau,Castello di Brianza,castello_di_brianza,ca,41.86,57.34,50.26
europe_lau,Casaletto Lodigiano,casaletto_lodigiano,ca,45.12,53.24,68.51
europe_lau,Casalmaiocco,casalmaiocco,ca,54.02,67.55,50.64
europe_lau,Casalpusterlengo,casalpusterlengo,ca,55.94,64.09,68
europe_lau,Caselle Landi,caselle_landi,ca,41.56,56.27,83.19
europe_lau,Caselle Lurani,caselle_lurani,ca,64.48,75.89,47.39
europe_lau,Castiglione d'Adda,castiglione_d_adda,ca,45.66,59.69,57.35
europe_lau,Castiraga Vidardo,castiraga_vidardo,ca,43.85,58.44,85.2
europe_lau,Cavenago d'Adda,cavenago_d_adda,ca,32.17,47.06,22.32
europe_lau,Canedo,canedo,ca,48.53,70.82,82
europe_lau,Canaveses,canaveses,ca,62.93,78.87,55.14
europe_lau,Carrazedo de Montenegro e Curros,carrazedo_de_montenegro_e_curros,ca,44.88,77.16,72.33
europe_lau,Castelo Novo,castelo_novo,ca,29.67,53.26,65.86
europe_lau,Cambas,cambas,ca,64.21,65.39,51.05
europe_lau,Чаир,cair,ca,45.67,66.66,79.28
europe_lau,Casal de Cambra,casal_de_cambra,ca,67.13,80.1,52.12
europe_lau,Cabeçudo,cabecudo,ca,45.96,65.03,77.04
europe_lau,Carvalhal,carvalhal,ca,31.36,59.26,-74.05
europe_lau,Castelo,castelo,ca,38.9,59.76,4.27
europe_lau,Cabo da Praia,cabo_da_praia,ca,65.51,72.3,68.51
europe_lau,Calheta,calheta,ca,47.86,70.37,14.57
europe_lau,Calheta de Nesquim,calheta_de_nesquim,ca,36.02,58.9,35.86
europe_lau,Candelária,candelaria,ca,22.61,41.95,-18.67
europe_lau,Capelo,capelo,ca,33.07,64.27,-14.7
europe_lau,Castelo Branco,castelo_branco,ca,60.63,73.4,78.63
europe_lau,Caíde de Rei,caide_de_rei,ca,51.51,69.55,83.75
europe_lau,Castêlo da Maia,castelo_da_maia,ca,65.46,70.87,49.34
europe_lau,Caires,caires,ca,53.59,67.64,45.46
europe_lau,Carrazedo,carrazedo,ca,57.25,71.06,87.54
europe_lau,Cambeses,cambeses,ca,64.51,75.68,65.93
europe_lau,Carapeços,carapecos,ca,33.82,56.09,12.57
europe_lau,Carvalhal,carvalhal,ca,52.15,83.38,91.47
europe_lau,Carvalhas,carvalhas,ca,37.11,50.07,88.41
europe_lau,Camăr,camar,ca,49.41,65.4,96.09
europe_lau,Carastelec,carastelec,ca,42.58,48.93,82.81
europe_lau,Caveira,caveira,ca,33.13,70,-70.08
europe_lau,Capeludos,capeludos,ca,48.87,67.14,-13.48
europe_lau,Casal de Cinza,casal_de_cinza,ca,48.62,65.63,29.29
europe_lau,Castanheira,castanheira,ca,55.77,69.84,73.97
europe_lau,Cavadoude,cavadoude,ca,55.65,71.92,81.78
europe_lau,Cardedu,cardedu,ca,39.29,57.69,90.24
europe_lau,Cambeses,cambeses,ca,34.46,53.76,92.89
europe_lau,Campeã,campea,ca,54.5,73.09,80.97
europe_lau,Cabanas de Viriato,cabanas_de_viriato,ca,46.82,64.21,-0.46
europe_lau,Carregal do Sal,carregal_do_sal,ca,56.08,59.89,71.29
europe_lau,Cabril,cabril,ca,30.04,60.72,48.82
europe_lau,Castro Daire,castro_daire,ca,49.23,61.9,16.09
europe_lau,Cadima,cadima,ca,19.94,47.78,60.69
europe_lau,Cândeşti,candesti,ca,60.83,69.74,36.54
europe_lau,Carvalhosa,carvalhosa,ca,59.12,72.02,77.38
europe_lau,Cagliari,cagliari,ca,37.81,45.57,50.1
europe_lau,Capoterra,capoterra,ca,44.69,64.17,41.42
europe_lau,Caneva,caneva,ca,30.93,49.56,98.51
europe_lau,Casarsa della Delizia,casarsa_della_delizia,ca,45.49,62.31,57.61
europe_lau,Castelnovo del Friuli,castelnovo_del_friuli,ca,27.19,58.32,76.96
europe_lau,Cavasso Nuovo,cavasso_nuovo,ca,40.09,70.56,88.76
europe_lau,Carragosa,carragosa,ca,17.18,43.73,77.44
europe_lau,Castro de Avelãs,castro_de_avelas,ca,37.7,59.01,-28.83
europe_lau,Carrazeda de Ansiães,carrazeda_de_ansiaes,ca,49.95,59.89,86.36
europe_lau,"Caia, São Pedro e Alcáçova",caia_sao_pedro_e_alcacova,ca,42.09,50.26,66.15
europe_lau,Cabeço de Vide,cabeco_de_vide,ca,41.74,51.77,72.11
europe_lau,Calugăreni,calugareni,ca,41.02,50.63,75.21
europe_lau,Căscioarele,cascioarele,ca,63.14,80.42,30.59
europe_lau,Cabeça Santa,cabeca_santa,ca,41.78,57.9,87.97
europe_lau,Canelas,canelas,ca,72.35,81.67,54.63
europe_lau,Capela,capela,ca,49.42,61.23,49.02
europe_lau,Castelões,casteloes,ca,64.91,75.78,49.42
europe_lau,Cano,cano,ca,57.78,63.75,70.6
europe_lau,Casa Branca,casa_branca,ca,49.09,64.51,44.45
europe_lau,Candemil,candemil,ca,31.8,70.4,75.14
europe_lau,Cârţa,carta,ca,38.15,53.13,86.57
europe_lau,Cârţişoara,cartisoara,ca,27.27,71.39,80.5
europe_lau,Cabeceiras de Basto,cabeceiras_de_basto,ca,31.7,52.51,71.87
europe_lau,Casteleiro,casteleiro,ca,42.29,63.12,5
europe_lau,Castanheira,castanheira,ca,46.5,55.24,52.92
europe_lau,Castanheira,castanheira,ca,42.85,63.56,99.33
europe_lau,Calheiros,calheiros,ca,36.13,51.02,28.45
europe_lau,Calvelo,calvelo,ca,55.74,68.4,72.53
europe_lau,Cambres,cambres,ca,54.59,67.73,64.7
europe_lau,Cabaços,cabacos,ca,52.57,66.84,33.07
europe_lau,Caria,caria,ca,34.32,51.73,45.02
europe_lau,Castelo,castelo,ca,39.05,67.04,94.51
europe_lau,Canas de Senhorim,canas_de_senhorim,ca,61.35,69.62,62.8
europe_lau,Carapelhos,carapelhos,ca,53.42,71.85,88.65
europe_lau,Carapinheira,carapinheira,ca,26.99,44.29,37.72
europe_lau,Cârlogani,carlogani,ca,49.36,73.55,85.7
europe_lau,Campanhã,campanha,ca,52.83,64.72,80.5
europe_lau,Cantalupo nel Sannio,cantalupo_nel_sannio,ca,56.39,69.91,19.45
europe_lau,Capracotta,capracotta,ca,43.45,56.85,51.18
europe_lau,Carovilli,carovilli,ca,48.65,57.94,80.55
europe_lau,Carpinone,carpinone,ca,46.85,65.62,8.29
europe_lau,Castel del Giudice,castel_del_giudice,ca,45.51,65.12,42.58
europe_lau,Castelpetroso,castelpetroso,ca,72.17,73.37,51.04
europe_lau,Castelpizzuto,castelpizzuto,ca,62.08,68.55,40.22
europe_lau,Castel San Vincenzo,castel_san_vincenzo,ca,37.02,59.54,8.61
europe_lau,Castelverrino,castelverrino,ca,52.31,66.98,42.61
europe_lau,Castricum,castricum,ca,43.47,62.36,-12.99
europe_lau,Carrapatas,carrapatas,ca,31.69,62.21,75.84
europe_lau,Cabanelas,cabanelas,ca,25.25,48.37,85.87
europe_lau,Caravelas,caravelas,ca,71.96,77.33,60.93
europe_lau,Carvalhais,carvalhais,ca,46.92,62.44,-0.16
europe_lau,Carregal,carregal,ca,72.3,78.09,28.52
europe_lau,Cabril,cabril,ca,41.24,72.99,90.62
europe_lau,Carvalho,carvalho,ca,37.15,63.92,34.9
europe_lau,Candosa,candosa,ca,45.3,69.61,98.47
europe_lau,Carapinha,carapinha,ca,42.45,68.31,97.85
europe_lau,Cărand,carand,ca,42.57,56.31,20.33
europe_lau,Carcoforo,carcoforo,ca,59.08,77.11,17.98
europe_lau,Capalbio,capalbio,ca,59.26,71.67,41.76
europe_lau,Castellero,castellero,ca,51.71,70.64,32.99
europe_lau,Cavagnolo,cavagnolo,ca,40.55,53.63,87.15
europe_lau,Cabras,cabras,ca,41.19,45.31,56.47
europe_lau,Castelnuovo Bocca d'Adda,castelnuovo_bocca_d_adda,ca,46.45,61.12,87.06
europe_lau,Campins,campins,ca,50.58,77.51,83.92
europe_lau,Cabezas de Alambre,cabezas_de_alambre,ca,68.05,73.33,57.51
europe_lau,Cama,cama,ca,26.67,50.05,63.33
europe_lau,Castéras,casteras,ca,45.14,57.72,83.84
europe_lau,Carouge (GE),carouge_ge,ca,54.36,63.56,69.89
europe_lau,Cambia,cambia,ca,52.9,66.5,22.3
europe_lau,Castirla,castirla,ca,42.59,62.42,54.83
europe_lau,Čazma,cazma,ca,61.26,64.52,57.78
europe_lau,Campi Bisenzio,campi_bisenzio,ca,42.44,49.85,52.19
europe_lau,Calatafimi-Segesta,calatafimi_segesta,ca,55.06,70.25,72.74
europe_lau,Casalincontrada,casalincontrada,ca,42.51,51.03,51.51
europe_lau,Cantiano,cantiano,ca,49.07,66.64,32.56
europe_lau,Castelfidardo,castelfidardo,ca,46.43,66.81,20.04
europe_lau,Campodolcino,campodolcino,ca,42.51,73.02,-40.79
europe_lau,Cattolica,cattolica,ca,51.64,60.71,52.98
europe_lau,Castino,castino,ca,45.54,61.29,56.09
europe_lau,Cassina Rizzardi,cassina_rizzardi,ca,54.25,65.68,53.09
europe_lau,Časy,casy,ca,39.47,61.07,80.99
