{
"type": "FeatureCollection",
"name": "st_johann_in_tirol",
"crs": { "type": "name", "properties": { "name": "urn:ogc:def:crs:OGC:1.3:CRS84" } },
"features": [
{ "type": "Feature", "properties": { "name": "St. Johann in Tirol", "feature_type": "entity", "metric_roundness": 37.41, "metric_rectangularity": 53.29, "metric_mobile_fit": 32.22, "metric_aspect_ratio": 1.24, "metric_area_km2": 129.49 }, "geometry": { "type": "Polygon", "coordinates": [ [ [ 12.454258507576434, 47.534943094119924 ], [ 12.454252479800836, 47.53489032038307 ], [ 12.454247048675377, 47.534841600260592 ], [ 12.454716979585982, 47.534754949515879 ], [ 12.454858488011606, 47.534794363551093 ], [ 12.454942497925142, 47.534776110913867 ], [ 12.455288526595588, 47.534900769572452 ], [ 12.455326563519709, 47.534914467363009 ], [ 12.455449524290309, 47.534958687621142 ], [ 12.455642246123293, 47.535297401830256 ], [ 12.455732993959261, 47.535456818219892 ], [ 12.455867667360561, 47.535452089133713 ], [ 12.455929886314465, 47.535449865370509 ], [ 12.456008734748936, 47.535557992658148 ], [ 12.456101382163398, 47.535499854614912 ], [ 12.456118702774912, 47.535489009572252 ], [ 12.456230083188856, 47.535518653895522 ], [ 12.456929586342248, 47.53570485400094 ], [ 12.456937195843587, 47.535710670738602 ], [ 12.457097070607475, 47.535604816544513 ], [ 12.457541930206876, 47.5353960416438 ], [ 12.457592145663323, 47.535372580392306 ], [ 12.45760246906598, 47.535374998598691 ], [ 12.457705970341657, 47.535399092670936 ], [ 12.457875197778677, 47.535281971428148 ], [ 12.457919473629909, 47.535256125287454 ], [ 12.458004671046851, 47.535206386909202 ], [ 12.458039285855092, 47.535186225690133 ], [ 12.45805055742194, 47.535179563233633 ], [ 12.458198393592205, 47.535094310836271 ], [ 12.458353207727322, 47.535004882440674 ], [ 12.458356427511978, 47.535003017430363 ], [ 12.458356361464999, 47.534863099984321 ], [ 12.458230162562527, 47.534717812039574 ], [ 12.458224427896841, 47.534711109892491 ], [ 12.458204927836562, 47.534701243521496 ], [ 12.458149066720152, 47.534672744254635 ], [ 12.458105330763351, 47.53464217792321 ], [ 12.45802114430585, 47.534583229752315 ], [ 12.457946282535728, 47.534530831100604 ], [ 12.457952102109722, 47.534500462663424 ], [ 12.457956463045804, 47.534477911253539 ], [ 12.458053815721275, 47.534464167061671 ], [ 12.458209232098914, 47.534442317497152 ], [ 12.458754189245747, 47.53436558005226 ], [ 12.458781027806063, 47.534349588364385 ], [ 12.45878827630696, 47.534345144653265 ], [ 12.45882491285224, 47.534323199029203 ], [ 12.458977768300029, 47.534231505412507 ], [ 12.459260050854638, 47.534122711509966 ], [ 12.459297901905657, 47.534115621477468 ], [ 12.45950235532244, 47.534077047595048 ], [ 12.459682273474272, 47.53405979152874 ], [ 12.459786471756299, 47.534049787106255 ], [ 12.460362259596133, 47.533996311248238 ], [ 12.460611520093529, 47.533971752926298 ], [ 12.460868364545794, 47.533946531879621 ], [ 12.460901867249293, 47.533945256886156 ], [ 12.46092845596174, 47.53394428924927 ], [ 12.461175999763931, 47.533935103018493 ], [ 12.461383129796831, 47.533927318858396 ], [ 12.461479989161051, 47.533903130494032 ], [ 12.461528953920569, 47.53389081539855 ], [ 12.461712358876074, 47.533823374517596 ], [ 12.461782929166272, 47.533838216989288 ], [ 12.462242892367156, 47.533935106427457 ], [ 12.462442673267713, 47.533729041493757 ], [ 12.462590913600051, 47.533739163994646 ], [ 12.462612247527844, 47.533670312161803 ], [ 12.462766602421816, 47.533174080647242 ], [ 12.462787946035442, 47.533072476599628 ], [ 12.462838847768195, 47.532830459980744 ], [ 12.462936598538915, 47.532366461177418 ], [ 12.462979133681808, 47.532164331585179 ], [ 12.462952073948706, 47.532057231666471 ], [ 12.46292663119738, 47.531956802426464 ], [ 12.462601620521294, 47.531501294388875 ], [ 12.462582923008744, 47.531475058710342 ], [ 12.462572536832512, 47.531460403360917 ], [ 12.462576119531585, 47.530970676217713 ], [ 12.462577653096501, 47.53074943009748 ], [ 12.462618297661287, 47.530468824758543 ], [ 12.462644533301871, 47.530199897307924 ], [ 12.462640485931992, 47.530179531404201 ], [ 12.462638150985574, 47.530168086388322 ], [ 12.462903241106277, 47.530028650440869 ], [ 12.463060846187453, 47.529945805399677 ], [ 12.463710501205011, 47.529688261435716 ], [ 12.463820426371019, 47.52964464474892 ], [ 12.464005907142571, 47.529571097454287 ], [ 12.463988056068775, 47.529316592296389 ], [ 12.463992068099975, 47.529298896869044 ], [ 12.464005264038795, 47.529247978861122 ], [ 12.464079281308406, 47.528965196336173 ], [ 12.464216562701218, 47.528906040176345 ], [ 12.464484169698714, 47.52879055403352 ], [ 12.465218334008602, 47.528498459659531 ], [ 12.465336951871787, 47.528451128179775 ], [ 12.465439251215198, 47.528410511567344 ], [ 12.465470408867985, 47.528398150146145 ], [ 12.465502510976712, 47.528425206552861 ], [ 12.465712158394236, 47.528601890213281 ], [ 12.465733380874308, 47.528620046390891 ], [ 12.465919888654712, 47.528903089565766 ], [ 12.465944253754461, 47.528940164988114 ], [ 12.466026037231098, 47.529064323834305 ], [ 12.466118500653165, 47.529104703130876 ], [ 12.466403147319218, 47.529228954652218 ], [ 12.466464706695637, 47.529266310891806 ], [ 12.466538235653903, 47.529310955791985 ], [ 12.466594370178584, 47.529338913203247 ], [ 12.466858632158218, 47.529402273995245 ], [ 12.466981810996515, 47.529449182970659 ], [ 12.46710287948798, 47.529495176097434 ], [ 12.467209689262583, 47.529535752751585 ], [ 12.467414067024666, 47.529613416842153 ], [ 12.467427799090805, 47.529618559249926 ], [ 12.467744533185789, 47.529738910439626 ], [ 12.467749682734665, 47.529740838827834 ], [ 12.467784802692062, 47.529754150591657 ], [ 12.467908777239755, 47.529801244514346 ], [ 12.468197656494166, 47.529910946872555 ], [ 12.46831172963088, 47.529954276593536 ], [ 12.468335890938022, 47.529963456553652 ], [ 12.468339323999663, 47.529964742128101 ], [ 12.468355166855105, 47.529970800117674 ], [ 12.468407979355595, 47.529990813465261 ], [ 12.468415767953916, 47.529993841454555 ], [ 12.468439400905888, 47.530002837453658 ], [ 12.468449171715044, 47.530006510228311 ], [ 12.468460130667763, 47.530010641848563 ], [ 12.468485084614377, 47.530020097685608 ], [ 12.468745314942272, 47.53011896528335 ], [ 12.468944545716687, 47.530227180585825 ], [ 12.469272298831724, 47.530405106847596 ], [ 12.470914317987651, 47.530927815320922 ], [ 12.471272377057087, 47.531016254767628 ], [ 12.471299370243891, 47.531022935961552 ], [ 12.471449026977083, 47.531059781359609 ], [ 12.471629110181272, 47.531137075439581 ], [ 12.472227282579395, 47.531393684745311 ], [ 12.472280583728116, 47.531416489286435 ], [ 12.47229325107347, 47.531421803073002 ], [ 12.473119254086598, 47.531769465289656 ], [ 12.473164777153738, 47.531788611976324 ], [ 12.473330110558267, 47.53185823460052 ], [ 12.473394356440538, 47.532032554595602 ], [ 12.474374236327685, 47.532037642167637 ], [ 12.474849962970119, 47.532040031521312 ], [ 12.474938571591744, 47.532040514257872 ], [ 12.47500871516109, 47.5320408588479 ], [ 12.475876311781047, 47.53185128006487 ], [ 12.476716124822151, 47.531605160836286 ], [ 12.476749099041513, 47.531595419300288 ], [ 12.477673761436794, 47.530689483688569 ], [ 12.478075801928259, 47.530295584706138 ], [ 12.478282356104609, 47.530093142236993 ], [ 12.478349587287317, 47.530027238884557 ], [ 12.479114399085997, 47.529946823980801 ], [ 12.479287402298974, 47.529928676041301 ], [ 12.479530007441474, 47.529903127503765 ], [ 12.47959322017511, 47.529896489406504 ], [ 12.479729705880853, 47.52986088326783 ], [ 12.479894342429919, 47.529817928092235 ], [ 12.480015218781654, 47.52978634456332 ], [ 12.480511796063654, 47.52965668712654 ], [ 12.480534210182023, 47.529650825104646 ], [ 12.48058861673959, 47.528957494732637 ], [ 12.480636974817459, 47.528826215383496 ], [ 12.480646284133798, 47.528801000570702 ], [ 12.480686723641872, 47.52869107726638 ], [ 12.481346876190074, 47.528476251934947 ], [ 12.481503445255125, 47.528340376730156 ], [ 12.481570682195034, 47.528281939778317 ], [ 12.481740587752459, 47.528298856826936 ], [ 12.481840196773655, 47.528308773668485 ], [ 12.48287946999158, 47.528144440230015 ], [ 12.483214172723645, 47.528091493055804 ], [ 12.483568186268455, 47.528035538636836 ], [ 12.483882109208915, 47.527985944833354 ], [ 12.48406231276555, 47.527957405528348 ], [ 12.484268753652774, 47.527924741072688 ], [ 12.484389500381949, 47.527834845933903 ], [ 12.484574783158289, 47.527697199450465 ], [ 12.484588228722735, 47.527687221286577 ], [ 12.485424846609671, 47.526840858549917 ], [ 12.485582848227098, 47.526681054146621 ], [ 12.485687371133636, 47.526575381557222 ], [ 12.486891032045751, 47.526363097782223 ], [ 12.488229767431379, 47.526127052049937 ], [ 12.48955573731552, 47.526628810471522 ], [ 12.48971524592177, 47.526689188880056 ], [ 12.491017525851751, 47.526771906310593 ], [ 12.490967773506346, 47.526875826195315 ], [ 12.49096268753545, 47.526886496303028 ], [ 12.491008815735889, 47.526892863410197 ], [ 12.491052821554922, 47.526899034966156 ], [ 12.491531857419078, 47.526965714363421 ], [ 12.491560621034871, 47.526969704423351 ], [ 12.492271300290307, 47.526764454997725 ], [ 12.492594955406986, 47.526977915745903 ], [ 12.492851489348515, 47.527210319382846 ], [ 12.492912827491137, 47.527204290100848 ], [ 12.49297802200406, 47.527198019086988 ], [ 12.493108100649689, 47.527138325981518 ], [ 12.493311064475456, 47.526964983582111 ], [ 12.493401628560706, 47.52681736194468 ], [ 12.493583147343816, 47.526647461263451 ], [ 12.493466547506499, 47.526028816147324 ], [ 12.493454993246578, 47.525912029557887 ], [ 12.493404421080314, 47.525401481674649 ], [ 12.493401432601413, 47.525372306785677 ], [ 12.493397435266305, 47.525331427314484 ], [ 12.493407015068012, 47.525155589549684 ], [ 12.493438027091218, 47.525068537405701 ], [ 12.49351878668752, 47.524869106287071 ], [ 12.493727230898067, 47.524851286029161 ], [ 12.494893429576262, 47.524751297691644 ], [ 12.495638824091982, 47.524882890565173 ], [ 12.495811492345055, 47.524951184679281 ], [ 12.496336753690702, 47.52515935758273 ], [ 12.496687107088112, 47.525314875451471 ], [ 12.49702994291966, 47.525467098229164 ], [ 12.497178739055199, 47.52553314679308 ], [ 12.497412505791761, 47.525635715455003 ], [ 12.497433480928969, 47.525644956043244 ], [ 12.498119880131503, 47.525946072107786 ], [ 12.498268294775496, 47.526011216672984 ], [ 12.498443886799453, 47.52608825593493 ], [ 12.499228609903557, 47.526330154872966 ], [ 12.499261130286305, 47.526340198853589 ], [ 12.499280034932534, 47.52634600487405 ], [ 12.499590481028044, 47.526791223935433 ], [ 12.499747786456679, 47.52701668256541 ], [ 12.499825280233212, 47.527357903370209 ], [ 12.500032548121657, 47.528271068826683 ], [ 12.500067572288675, 47.528425186031981 ], [ 12.49980464698687, 47.528661269558881 ], [ 12.499757209976089, 47.528703844708744 ], [ 12.49973659149763, 47.528722320474351 ], [ 12.499336332236243, 47.529081935421011 ], [ 12.499445434351385, 47.529163798591831 ], [ 12.499543598311925, 47.529131039805769 ], [ 12.499798556658149, 47.529045972600159 ], [ 12.499811912798688, 47.52904148070067 ], [ 12.499820726910169, 47.529038575424991 ], [ 12.499834482976151, 47.529033996448852 ], [ 12.500082613463656, 47.529187231568983 ], [ 12.500146949220326, 47.529226929150816 ], [ 12.500088646017963, 47.529343297742031 ], [ 12.500048036579001, 47.529424523266684 ], [ 12.500343194822506, 47.529418477706265 ], [ 12.501774603617275, 47.529388816764509 ], [ 12.502453916128337, 47.529554347544249 ], [ 12.502603677077293, 47.529585664263017 ], [ 12.503681270702344, 47.529811115875354 ], [ 12.506026849609631, 47.530305200830796 ], [ 12.506986994725162, 47.530507459964063 ], [ 12.508071884222989, 47.530735981811247 ], [ 12.508562888462933, 47.530839386784216 ], [ 12.50879528102316, 47.530888384937704 ], [ 12.512856078215918, 47.530575567053525 ], [ 12.516373959261802, 47.530615595899853 ], [ 12.518901194631718, 47.530644263054697 ], [ 12.518901859236548, 47.530592710347264 ], [ 12.51891199591414, 47.52979998560582 ], [ 12.51866024581696, 47.526614324212069 ], [ 12.518626708894638, 47.526188939526911 ], [ 12.519684005406802, 47.526541325938339 ], [ 12.519787255439248, 47.526556544327526 ], [ 12.519874069466935, 47.526569396680991 ], [ 12.51994444885594, 47.526579793067782 ], [ 12.520142339046497, 47.526522619586054 ], [ 12.52032488402868, 47.526469835971753 ], [ 12.521555712664435, 47.526114316792253 ], [ 12.522110806852233, 47.525954031590906 ], [ 12.52235728719425, 47.525863995832772 ], [ 12.522742572473367, 47.525774849985211 ], [ 12.523059998323934, 47.52570141984615 ], [ 12.523679788012752, 47.525497224638414 ], [ 12.523999056548369, 47.525416066803189 ], [ 12.524158823964425, 47.52537544350421 ], [ 12.524349264155306, 47.52532702814301 ], [ 12.524499694516919, 47.525288857943956 ], [ 12.524607437115074, 47.52528826752647 ], [ 12.524755962813268, 47.525287604426133 ], [ 12.524792231213729, 47.52528741004663 ], [ 12.525194634315044, 47.525285475369081 ], [ 12.525828511583054, 47.525253225911889 ], [ 12.526519819844742, 47.525218047511828 ], [ 12.527045611707376, 47.525191329934486 ], [ 12.526989426028102, 47.524930718701683 ], [ 12.52660992561432, 47.523169160593078 ], [ 12.526286162266093, 47.521689983862096 ], [ 12.526277470398924, 47.52165042234882 ], [ 12.526145264459045, 47.521046369250925 ], [ 12.525929527027634, 47.520406726758772 ], [ 12.525824692282587, 47.519785229962054 ], [ 12.525751155681494, 47.519348948323589 ], [ 12.525644857002993, 47.518719252900375 ], [ 12.525473970989871, 47.518706802756618 ], [ 12.525225070470857, 47.518688764231982 ], [ 12.524857810378341, 47.51865432514083 ], [ 12.524645466004916, 47.518634383417208 ], [ 12.524251016744479, 47.518597411338853 ], [ 12.524055630581625, 47.518545735804743 ], [ 12.522636076151624, 47.518291515230231 ], [ 12.522095033922716, 47.518062296289138 ], [ 12.521951460939265, 47.518001445719008 ], [ 12.521923220330855, 47.517989548869188 ], [ 12.521824513882098, 47.517947730842288 ], [ 12.521463339065914, 47.517794732556119 ], [ 12.521205319711802, 47.517705178034724 ], [ 12.520433380704734, 47.517437245779412 ], [ 12.520364285607926, 47.517413271972941 ], [ 12.520147621491807, 47.517338044621624 ], [ 12.520059452640687, 47.517310696246049 ], [ 12.519727397123052, 47.517207836713261 ], [ 12.519583710390343, 47.517163268392927 ], [ 12.519394417437962, 47.517104699718189 ], [ 12.519157540402452, 47.51703121664486 ], [ 12.518715509745688, 47.516894281853361 ], [ 12.518144435537854, 47.516959779610772 ], [ 12.517563247217831, 47.517026462329589 ], [ 12.517464052634951, 47.517016489349828 ], [ 12.517504518464339, 47.516796420216913 ], [ 12.517523515799862, 47.516693260198011 ], [ 12.517533947349312, 47.516637187904287 ], [ 12.517560921894605, 47.516490625072507 ], [ 12.517630424419592, 47.516350932965153 ], [ 12.517719235692004, 47.51628516026225 ], [ 12.517940513172539, 47.515795991189442 ], [ 12.518061260842913, 47.515528893756226 ], [ 12.518113657415435, 47.515413014043382 ], [ 12.518120397231511, 47.515398035548436 ], [ 12.518147350887121, 47.515338481437858 ], [ 12.518285095527865, 47.515286012796587 ], [ 12.518549761736733, 47.515185227152195 ], [ 12.518912356545096, 47.515047165147884 ], [ 12.518985569177122, 47.515019341585635 ], [ 12.519037043813629, 47.514945744718055 ], [ 12.519092726896936, 47.514866239122391 ], [ 12.51916104378331, 47.514802839279902 ], [ 12.519173440745913, 47.514791320038995 ], [ 12.519198619184111, 47.514751998208382 ], [ 12.519288180224368, 47.514611637610301 ], [ 12.519365094268577, 47.514404423326241 ], [ 12.519383663736596, 47.514354437132475 ], [ 12.519821060059458, 47.513964693677174 ], [ 12.519881660943694, 47.51391059644935 ], [ 12.519854025664689, 47.51388547654237 ], [ 12.519815255528417, 47.513850380071119 ], [ 12.519733137012654, 47.5137756557099 ], [ 12.51964695624288, 47.513697393326481 ], [ 12.519468048808431, 47.513534793380344 ], [ 12.519448010438044, 47.513516565606977 ], [ 12.519393527777472, 47.51346696100498 ], [ 12.519112211124517, 47.51284996324943 ], [ 12.51853856817808, 47.512655137126934 ], [ 12.518198517281762, 47.512599004819712 ], [ 12.517986698039378, 47.512564027901895 ], [ 12.517884912553525, 47.512567533561544 ], [ 12.517811031856334, 47.512570067747156 ], [ 12.517681739922484, 47.512574547441737 ], [ 12.516954604019814, 47.512515209269559 ], [ 12.516655234816232, 47.512490764257862 ], [ 12.516577242897979, 47.51248436052785 ], [ 12.516533604056127, 47.51248081066791 ], [ 12.51649554141577, 47.51253731606235 ], [ 12.5160831118656, 47.512583957357123 ], [ 12.515429210808636, 47.512657849210932 ], [ 12.5149104783958, 47.512716505436593 ], [ 12.514715867427302, 47.512574211006701 ], [ 12.514654807796862, 47.512529416016875 ], [ 12.514589293430843, 47.512480720135571 ], [ 12.51412950562127, 47.512122473573541 ], [ 12.513557667112678, 47.511676865353714 ], [ 12.51349468906097, 47.51162746711865 ], [ 12.513143808216233, 47.511355024179025 ], [ 12.512964308710576, 47.511215174132687 ], [ 12.512945152557382, 47.511200190724857 ], [ 12.512900670620125, 47.511165590883465 ], [ 12.511429030089088, 47.510018540566868 ], [ 12.511403968179533, 47.509999105641285 ], [ 12.511399769533208, 47.509995836338476 ], [ 12.511335353112873, 47.509945256849932 ], [ 12.511162175185749, 47.50980940822204 ], [ 12.511142890079118, 47.509794243621137 ], [ 12.511004480123278, 47.509685637431048 ], [ 12.510979865305698, 47.509654598389268 ], [ 12.510687993476589, 47.509253361465746 ], [ 12.510630324041681, 47.509170527658689 ], [ 12.510614075827016, 47.509148006503615 ], [ 12.510582501825255, 47.509137432565495 ], [ 12.510558588607223, 47.5091295229319 ], [ 12.510270188195873, 47.509033426871483 ], [ 12.51002729209341, 47.508965819888758 ], [ 12.509949237779407, 47.508929808227201 ], [ 12.509695188803597, 47.508819650635992 ], [ 12.508965320374561, 47.50871813177038 ], [ 12.508858415045658, 47.508684341475956 ], [ 12.508769612492369, 47.508656349830716 ], [ 12.508419673699503, 47.508547029832457 ], [ 12.508286200807833, 47.508505309823661 ], [ 12.508194620277902, 47.508476667901554 ], [ 12.508101618975171, 47.508411574377817 ], [ 12.507863383893314, 47.508131646921825 ], [ 12.50782756502158, 47.508027643940636 ], [ 12.507728236382063, 47.507739357761849 ], [ 12.507671031727623, 47.507576444827642 ], [ 12.507609365415224, 47.507249198890939 ], [ 12.507601868062155, 47.507210724084253 ], [ 12.507317719147931, 47.506776781511292 ], [ 12.507279849622069, 47.506659716662021 ], [ 12.507273769720472, 47.506640957341908 ], [ 12.507255904390743, 47.506586211710498 ], [ 12.506988161595878, 47.506418902932232 ], [ 12.506615393486435, 47.506267752729578 ], [ 12.506516811642689, 47.506245537429351 ], [ 12.506483598856041, 47.506238009800697 ], [ 12.506437046145296, 47.506217429098044 ], [ 12.506337609891748, 47.506173522642413 ], [ 12.506284746127797, 47.506157395314212 ], [ 12.506263866186021, 47.506150946290468 ], [ 12.506196151185186, 47.50613345215686 ], [ 12.506039693107002, 47.506093003400061 ], [ 12.506032028767333, 47.506090608688801 ], [ 12.506005991768596, 47.506082772750702 ], [ 12.505886910701877, 47.506046822307283 ], [ 12.505843994175782, 47.506031486344689 ], [ 12.505672461311404, 47.505953227314336 ], [ 12.505579642410916, 47.505910807587746 ], [ 12.505504249787414, 47.505874902009793 ], [ 12.505478978939019, 47.505843677039501 ], [ 12.505461656188226, 47.50582213712908 ], [ 12.505370084827337, 47.505708823082379 ], [ 12.505285420870003, 47.505603836845651 ], [ 12.505262884830245, 47.50557605075074 ], [ 12.505260540123102, 47.505573154511211 ], [ 12.505256112018282, 47.505567633853978 ], [ 12.505245432308797, 47.505554329911462 ], [ 12.505241392633991, 47.505549441907611 ], [ 12.505176006549005, 47.505468349086406 ], [ 12.50515633793546, 47.505444002855477 ], [ 12.505095768606466, 47.505369063302638 ], [ 12.504858005471087, 47.505035685339429 ], [ 12.50475415285692, 47.504622743190346 ], [ 12.504713850600984, 47.50420495119473 ], [ 12.504644682582123, 47.504136517706989 ], [ 12.504117915299213, 47.503841270564052 ], [ 12.503951935299556, 47.503748292495565 ], [ 12.503427111144754, 47.503498765317978 ], [ 12.503326679910257, 47.503451069873243 ], [ 12.503261043635339, 47.50341991224667 ], [ 12.503145940814207, 47.503384797476201 ], [ 12.502823360502852, 47.503286545363231 ], [ 12.502344900827095, 47.503154051151014 ], [ 12.500745803764405, 47.502799187964492 ], [ 12.500508072651193, 47.502785405210908 ], [ 12.500215401767202, 47.502702389265657 ], [ 12.500091142944276, 47.502667114926112 ], [ 12.49969763962264, 47.502587324287347 ], [ 12.499460473219768, 47.502487613760501 ], [ 12.499403886054958, 47.502463807949944 ], [ 12.499112662576367, 47.502398615473133 ], [ 12.499087462345225, 47.502396812599301 ], [ 12.498863441338916, 47.502381056608364 ], [ 12.498562786442045, 47.502232383815567 ], [ 12.498496444709831, 47.502187361561809 ], [ 12.498477922722357, 47.502174719722944 ], [ 12.49838662062483, 47.502112779703843 ], [ 12.498288559755796, 47.501916002226586 ], [ 12.498111854730661, 47.501696517316645 ], [ 12.498093754027273, 47.501674070794152 ], [ 12.497922280211608, 47.501334142078342 ], [ 12.497912238429468, 47.50131427361837 ], [ 12.497901954025954, 47.501301331756338 ], [ 12.497898958930429, 47.501297620814285 ], [ 12.497586803969963, 47.501204828421244 ], [ 12.497423260707684, 47.501093412817411 ], [ 12.496917055676473, 47.500937568933473 ], [ 12.496590367998605, 47.500823702770305 ], [ 12.496456042488623, 47.500595076529116 ], [ 12.49628213344648, 47.500367510965937 ], [ 12.496125373194076, 47.500213942885679 ], [ 12.496009854339155, 47.500214089507352 ], [ 12.495760648319958, 47.500121121667604 ], [ 12.49558850734852, 47.500041493101463 ], [ 12.495269031851267, 47.49960834088273 ], [ 12.49516102669353, 47.499428403896793 ], [ 12.494680833225232, 47.499258073436202 ], [ 12.494318580822751, 47.499127294547961 ], [ 12.494129525420671, 47.499084611311559 ], [ 12.494066948119105, 47.499070476702833 ], [ 12.49397063478459, 47.49904871694401 ], [ 12.493635408839456, 47.498971851008918 ], [ 12.493537298717269, 47.498929562548291 ], [ 12.493448946925369, 47.498891484479216 ], [ 12.493240517949165, 47.498806547799774 ], [ 12.493041061249645, 47.498725185637177 ], [ 12.49277973489618, 47.498618715564596 ], [ 12.492662762148804, 47.49860202208356 ], [ 12.492616792724819, 47.498595566614412 ], [ 12.492168348223291, 47.498441834337456 ], [ 12.492093043977702, 47.498518034101011 ], [ 12.492004219759833, 47.49855121472293 ], [ 12.49198603335806, 47.498550991355451 ], [ 12.491850494683586, 47.498549547258591 ], [ 12.491598963640673, 47.498603038827589 ], [ 12.491313147397586, 47.4986583476989 ], [ 12.491190869459203, 47.498649621893286 ], [ 12.49099392496313, 47.498635578804631 ], [ 12.490865725988609, 47.498648404109296 ], [ 12.490616241354497, 47.498673475226646 ], [ 12.490435205848575, 47.498685821894924 ], [ 12.490127900127947, 47.498706597968877 ], [ 12.489911947738809, 47.498677296838558 ], [ 12.489884655721296, 47.498673586988119 ], [ 12.489828586117191, 47.498692610145909 ], [ 12.489753688145761, 47.498776369613879 ], [ 12.489706457227342, 47.498807244950825 ], [ 12.489700419699615, 47.498811159620409 ], [ 12.489693247855907, 47.498811286832662 ], [ 12.489420279139168, 47.498818636749533 ], [ 12.489157804041275, 47.498825703326837 ], [ 12.489016137364491, 47.498684653469134 ], [ 12.488802025283272, 47.498449491987785 ], [ 12.488760545395897, 47.498403207352709 ], [ 12.488547370924083, 47.498242194919634 ], [ 12.488337372296142, 47.498214374311161 ], [ 12.488213228648474, 47.498197893385033 ], [ 12.487884976417275, 47.498249911761967 ], [ 12.487585037520848, 47.498357744954639 ], [ 12.487339159137605, 47.498439342316388 ], [ 12.487091933585521, 47.498464242474348 ], [ 12.487023068717336, 47.498453206878565 ], [ 12.487008898341561, 47.498450942835014 ], [ 12.486958699952531, 47.498401983820912 ], [ 12.486938568965547, 47.498382309848857 ], [ 12.486870747469633, 47.498322873177869 ], [ 12.486979049102017, 47.498193202817788 ], [ 12.4873196524533, 47.497785501309991 ], [ 12.487438277482296, 47.49768254043304 ], [ 12.487585913745743, 47.4975588282432 ], [ 12.487761198753336, 47.497408236016533 ], [ 12.487891650309043, 47.497296273981149 ], [ 12.487927999387891, 47.497265049248398 ], [ 12.488365122904383, 47.496914652773178 ], [ 12.488650421114979, 47.496700804532836 ], [ 12.48875449194226, 47.496635796236355 ], [ 12.488913009603589, 47.496536906694921 ], [ 12.489148305226507, 47.496435612716084 ], [ 12.489191119174727, 47.496423420728171 ], [ 12.489409990763036, 47.49636105621633 ], [ 12.490130465284293, 47.496190445905249 ], [ 12.490221383100721, 47.496192193964383 ], [ 12.490427774988918, 47.496196050279032 ], [ 12.490496073506453, 47.496209149204951 ], [ 12.490781974713272, 47.496263977291605 ], [ 12.490917720317674, 47.496310233728579 ], [ 12.491297713558021, 47.496467337734046 ], [ 12.491322245947954, 47.496477505482957 ], [ 12.491343391480923, 47.496483599313308 ], [ 12.491531714517583, 47.496538159091912 ], [ 12.491671739645581, 47.496557632309944 ], [ 12.491922113885957, 47.496592581433035 ], [ 12.491932991011303, 47.496593201094477 ], [ 12.492017230266953, 47.496597508123003 ], [ 12.492133571349637, 47.49660358015727 ], [ 12.492206932070157, 47.496607357372334 ], [ 12.492372016904719, 47.496579054726453 ], [ 12.492875125721735, 47.496492763256825 ], [ 12.492855537255695, 47.496422346194777 ], [ 12.492849511039585, 47.496400617119775 ], [ 12.492837918568602, 47.496369939345136 ], [ 12.492757792037057, 47.496157811751473 ], [ 12.492654124240664, 47.495890084535915 ], [ 12.492629541906105, 47.495833127662408 ], [ 12.49259915664833, 47.495657266082738 ], [ 12.492587005760651, 47.495586723516631 ], [ 12.492642148864995, 47.495459087668891 ], [ 12.492714835392942, 47.495355244825319 ], [ 12.492917401069215, 47.495066097231401 ], [ 12.493313755159102, 47.494896331048011 ], [ 12.49357528251619, 47.494847497936988 ], [ 12.493686869996573, 47.494826719900324 ], [ 12.493715899517149, 47.494821263728525 ], [ 12.493907244328364, 47.494760938675107 ], [ 12.494170642486255, 47.494677925913088 ], [ 12.494203330187684, 47.494651171376681 ], [ 12.494220369449328, 47.49459829844352 ], [ 12.494255425821155, 47.494489500438753 ], [ 12.494258780842774, 47.494478907468384 ], [ 12.49428611935627, 47.494437897106636 ], [ 12.494471652151889, 47.494158789829889 ], [ 12.494517708135682, 47.494134562404767 ], [ 12.494714807024243, 47.494112879062136 ], [ 12.494922772372485, 47.49409244453792 ], [ 12.495024711588778, 47.494068805339857 ], [ 12.495479112607736, 47.493754319978628 ], [ 12.495646640537398, 47.493638481035909 ], [ 12.495744438698358, 47.493541208201471 ], [ 12.495806758177833, 47.493479307879397 ], [ 12.495846028491169, 47.493414179945731 ], [ 12.495841379400016, 47.493372575736032 ], [ 12.495647132616215, 47.493190029654819 ], [ 12.495426070986309, 47.492982363174207 ], [ 12.49539273560795, 47.49293308112086 ], [ 12.495377819202895, 47.492911017284513 ], [ 12.495376589394796, 47.492896521690646 ], [ 12.495372577581181, 47.492848263669529 ], [ 12.495379483769232, 47.492831398084292 ], [ 12.495426453743161, 47.492716208268902 ], [ 12.495655874464312, 47.492414745001128 ], [ 12.495692119141351, 47.492022161631205 ], [ 12.495705914942954, 47.491872537412007 ], [ 12.495699871463245, 47.491835152011198 ], [ 12.49569142633961, 47.491781822795538 ], [ 12.49567305768363, 47.491667955246761 ], [ 12.495660849802375, 47.491542345444593 ], [ 12.495660159207702, 47.491535681958069 ], [ 12.495662943030819, 47.491519236140796 ], [ 12.495670132443827, 47.491476188728285 ], [ 12.495754847060216, 47.491366583184472 ], [ 12.495806876434228, 47.491241982356748 ], [ 12.495807198999106, 47.491104766798301 ], [ 12.495803801091631, 47.491042926439142 ], [ 12.495778103154704, 47.491022673472244 ], [ 12.495724740570285, 47.490980623515235 ], [ 12.495586539958547, 47.490922387523511 ], [ 12.495522054149113, 47.49089528270963 ], [ 12.49542267960444, 47.490866573293005 ], [ 12.494649764180492, 47.490642724969533 ], [ 12.494309935274565, 47.490416371752019 ], [ 12.494305599349888, 47.490413550683904 ], [ 12.494128527780527, 47.490295552423888 ], [ 12.494087680725055, 47.490267989900332 ], [ 12.494045389368985, 47.490239427023702 ], [ 12.493961919503597, 47.490212452330944 ], [ 12.493890996660951, 47.490189528486944 ], [ 12.493654731838136, 47.490112396579839 ], [ 12.493486878180153, 47.490057540074403 ], [ 12.493418467707366, 47.490035264184783 ], [ 12.493327741261968, 47.490038828745135 ], [ 12.493207659950027, 47.490043437915126 ], [ 12.493054234486749, 47.490049512270424 ], [ 12.492825674598011, 47.489938872916262 ], [ 12.49280723360754, 47.48992982984759 ], [ 12.49279195102306, 47.489922519524534 ], [ 12.4926876177243, 47.489871996443725 ], [ 12.492658500409593, 47.489741673355667 ], [ 12.492579449667572, 47.489387926216075 ], [ 12.492540906892312, 47.489216053654673 ], [ 12.49250026581776, 47.489034267996139 ], [ 12.492384542942133, 47.488932283084281 ], [ 12.492331000133097, 47.488885191349674 ], [ 12.492142883231624, 47.488719599991846 ], [ 12.492102303316717, 47.488683760624241 ], [ 12.491906465816296, 47.488511273823661 ], [ 12.491856328931084, 47.488467086175589 ], [ 12.491841011873637, 47.488453656891501 ], [ 12.491664256916284, 47.488383075982135 ], [ 12.491596851813568, 47.488356217424013 ], [ 12.491584754495468, 47.488357298363667 ], [ 12.491380835594615, 47.488375057030829 ], [ 12.491242770769905, 47.488450255633921 ], [ 12.491226834695624, 47.48845895656985 ], [ 12.49100968226705, 47.488415971522961 ], [ 12.490973747958686, 47.48838853391932 ], [ 12.490860313110561, 47.488160323600013 ], [ 12.490650130805639, 47.488088325820129 ], [ 12.490334501679769, 47.488143682816158 ], [ 12.490179374306376, 47.488223253682882 ], [ 12.489953846180207, 47.488338748178705 ], [ 12.489906197498383, 47.48836314201769 ], [ 12.489772885700029, 47.488431535410434 ], [ 12.489739022085283, 47.488448922226567 ], [ 12.489686722830582, 47.488456995554259 ], [ 12.489636017391405, 47.488448434453623 ], [ 12.489452410708092, 47.488366552321594 ], [ 12.489405294927485, 47.488357657614685 ], [ 12.489356195385335, 47.488348298394413 ], [ 12.488700656513059, 47.48846611392441 ], [ 12.488539835336962, 47.488486614376093 ], [ 12.488418630349431, 47.488478703136941 ], [ 12.488383003213912, 47.488465303713575 ], [ 12.488344606029052, 47.488450804120703 ], [ 12.488108145959297, 47.488188212277954 ], [ 12.48808845127901, 47.488166382164984 ], [ 12.488080885617295, 47.488158048327875 ], [ 12.488109159313645, 47.48807538595139 ], [ 12.488128554020221, 47.488066261039059 ], [ 12.488217106215805, 47.48802426351579 ], [ 12.488333922804674, 47.487991202151854 ], [ 12.488388064168692, 47.487975854707038 ], [ 12.488470464228364, 47.487944969072679 ], [ 12.488484617378244, 47.487931576469563 ], [ 12.488492975091114, 47.48792362989753 ], [ 12.488521041742406, 47.487853832908222 ], [ 12.488446615588838, 47.487735142072957 ], [ 12.488339829569394, 47.487564924671645 ], [ 12.488328556172501, 47.487547745578539 ], [ 12.488308990051173, 47.487517908306451 ], [ 12.488306022424807, 47.487479465360323 ], [ 12.488263065317723, 47.486855413604125 ], [ 12.487925159161595, 47.486322136288557 ], [ 12.4878579520395, 47.486283219744678 ], [ 12.487568472757703, 47.486115793560735 ], [ 12.48753396149835, 47.486082606673214 ], [ 12.487530489870167, 47.486025984189112 ], [ 12.487711471920084, 47.485708252793003 ], [ 12.487747670666751, 47.485644544534139 ], [ 12.487895275017626, 47.485396570510268 ], [ 12.487922146383555, 47.485351599074811 ], [ 12.487916419726528, 47.485270035750098 ], [ 12.487862014749494, 47.485219246341238 ], [ 12.48761552543569, 47.485127719628089 ], [ 12.487576371846638, 47.485127430878599 ], [ 12.487504968936401, 47.48514328046906 ], [ 12.487126099574009, 47.485318734175344 ], [ 12.486914482566286, 47.485345335964368 ], [ 12.486897058073659, 47.485347546816172 ], [ 12.486751470784531, 47.485345752331462 ], [ 12.486744703277171, 47.48534561239353 ], [ 12.486725038876003, 47.485330260747055 ], [ 12.486609029117494, 47.485239065180942 ], [ 12.486603343261844, 47.485163350721116 ], [ 12.486600378458672, 47.485124817747071 ], [ 12.486604620121234, 47.485116930898485 ], [ 12.486633767817713, 47.485062528750355 ], [ 12.486848549393953, 47.484822340301193 ], [ 12.486876007795932, 47.484649962930277 ], [ 12.486856264841576, 47.484614725326125 ], [ 12.486738128535666, 47.4845237841105 ], [ 12.486647918433771, 47.484454463999896 ], [ 12.486643906586771, 47.484406745415711 ], [ 12.48674146030927, 47.48412637067851 ], [ 12.486718075937052, 47.484061682970449 ], [ 12.486696435921012, 47.484037138850383 ], [ 12.486490951361013, 47.483963278350892 ], [ 12.486461898458288, 47.483962253990562 ], [ 12.486201468497638, 47.484053099002963 ], [ 12.48607497823116, 47.484044336346244 ], [ 12.486025239948003, 47.484033711230616 ], [ 12.486024085962312, 47.484031183286859 ], [ 12.486005110128172, 47.483989562671866 ], [ 12.486008192868955, 47.483863884517007 ], [ 12.486008555606663, 47.483849580505328 ], [ 12.485862734250253, 47.483639751226171 ], [ 12.485753497373995, 47.483482650026694 ], [ 12.485265298992887, 47.483111295625442 ], [ 12.484933623186372, 47.482573645848461 ], [ 12.484721477690782, 47.482229795119338 ], [ 12.484640953196701, 47.482169362995066 ], [ 12.484304037010201, 47.481916546732073 ], [ 12.484213259062441, 47.481882942175098 ], [ 12.48402695185165, 47.481814078025778 ], [ 12.483961112483614, 47.481789655893515 ], [ 12.483909258358581, 47.481770466135821 ], [ 12.483898569310968, 47.481766607828327 ], [ 12.483764116170558, 47.481675812488234 ], [ 12.483770108581288, 47.481427604113662 ], [ 12.483740006336859, 47.481236535079141 ], [ 12.483706651755925, 47.481024926658968 ], [ 12.483681967957683, 47.480868269820554 ], [ 12.48361540141242, 47.480444514075408 ], [ 12.483642791072365, 47.480005258237412 ], [ 12.483579596437814, 47.47985812371455 ], [ 12.483459219256989, 47.479577935874751 ], [ 12.483366979894852, 47.479199069214189 ], [ 12.483358273584072, 47.479162833000309 ], [ 12.483325527472442, 47.479028881022217 ], [ 12.48301968950762, 47.478439138555437 ], [ 12.483076026397072, 47.478311875671189 ], [ 12.483159778840244, 47.478122370388746 ], [ 12.483153409312525, 47.478089390731888 ], [ 12.48308816782971, 47.477978862270589 ], [ 12.483029726478581, 47.477923991416304 ], [ 12.482595931007641, 47.477516676550266 ], [ 12.482521277864082, 47.477446658591525 ], [ 12.482490420941746, 47.477409628076103 ], [ 12.482331050141429, 47.477218948877521 ], [ 12.481926511790657, 47.476734736182223 ], [ 12.481842041508756, 47.476681021102522 ], [ 12.481502196292686, 47.476464615902763 ], [ 12.481409188507364, 47.476405438306259 ], [ 12.481300538463143, 47.476353342745419 ], [ 12.481091274165104, 47.476252900191511 ], [ 12.480921288822747, 47.47611180865097 ], [ 12.480772914775608, 47.47598851350191 ], [ 12.480751568337171, 47.475970808797037 ], [ 12.480648125491596, 47.475908673631452 ], [ 12.480418105121393, 47.475770644034839 ], [ 12.48000548514657, 47.475557831951036 ], [ 12.47992533091586, 47.475516474718532 ], [ 12.479818853988654, 47.475461514554809 ], [ 12.479759815078884, 47.475402948360589 ], [ 12.479736564698484, 47.475379920502036 ], [ 12.479727527731477, 47.475356098661884 ], [ 12.479693417155017, 47.475266135245256 ], [ 12.47953965633531, 47.474861252767752 ], [ 12.479493389785107, 47.474841742617897 ], [ 12.479340009616076, 47.474782113681727 ], [ 12.479253626153398, 47.474748537773294 ], [ 12.479207388968337, 47.474727228136516 ], [ 12.479175643577996, 47.47471250495984 ], [ 12.479168894940937, 47.474703096824584 ], [ 12.479060680846464, 47.474550765256048 ], [ 12.478902756911147, 47.474452230755709 ], [ 12.478394718934146, 47.474420280087486 ], [ 12.478199321761757, 47.47434935879911 ], [ 12.47800392511547, 47.474278437176764 ], [ 12.477878191088474, 47.474232779346281 ], [ 12.477684246201711, 47.47416240787954 ], [ 12.477645061827173, 47.474148168632311 ], [ 12.477631203675456, 47.474127099994746 ], [ 12.477605950200617, 47.474088580273381 ], [ 12.477584407866617, 47.474050358183284 ], [ 12.477571375155884, 47.47402749610962 ], [ 12.477392162715971, 47.473711950107251 ], [ 12.477028055806279, 47.473308462780089 ], [ 12.476778412008143, 47.47303180069315 ], [ 12.476473439215294, 47.472877096629851 ], [ 12.476290426083002, 47.472608219714722 ], [ 12.476013206650917, 47.472289509272429 ], [ 12.475824260984119, 47.472222411207895 ], [ 12.475389502009662, 47.472068083084331 ], [ 12.475221004246183, 47.471878135035084 ], [ 12.475210318444438, 47.47186608778015 ], [ 12.475204532798882, 47.471862805213497 ], [ 12.475112232343246, 47.471810016188108 ], [ 12.474716205492836, 47.471583811811534 ], [ 12.474405778271146, 47.471406386411132 ], [ 12.473762873523198, 47.47126479917258 ], [ 12.472851281915416, 47.471064054982875 ], [ 12.472787415254281, 47.471049988704209 ], [ 12.472735237932362, 47.471027102160058 ], [ 12.472446945409709, 47.470900675966327 ], [ 12.472329577503746, 47.470822952043775 ], [ 12.472039180215925, 47.470663036597877 ], [ 12.471821957640325, 47.470621633515023 ], [ 12.471502608428898, 47.470560656615483 ], [ 12.47131875355373, 47.470580599536611 ], [ 12.471271603512347, 47.470566838053109 ], [ 12.471243868724747, 47.470558711300129 ], [ 12.471208446434705, 47.470533790529586 ], [ 12.471128290095056, 47.470477220435946 ], [ 12.470726722224009, 47.470193913286309 ], [ 12.470643752856706, 47.47015522761648 ], [ 12.470179175031415, 47.469887010806289 ], [ 12.469738405232466, 47.469494259663676 ], [ 12.469200623460065, 47.469361446532353 ], [ 12.468948057335915, 47.469298986231948 ], [ 12.468119252247265, 47.469142918130345 ], [ 12.468111208771317, 47.46913979811788 ], [ 12.468028938652065, 47.469107234414295 ], [ 12.467740526188786, 47.468819731697955 ], [ 12.467638550945358, 47.468775051630061 ], [ 12.467590199304425, 47.468753811223493 ], [ 12.467496261777997, 47.468712610951684 ], [ 12.467275581405207, 47.468615835544291 ], [ 12.466842223906905, 47.468476421703308 ], [ 12.466751292243062, 47.468430024709029 ], [ 12.466627770615059, 47.468315806526498 ], [ 12.466532334323738, 47.468139894544471 ], [ 12.466334537846514, 47.468071993826101 ], [ 12.466247580793601, 47.468042182740923 ], [ 12.465675574518208, 47.467716627430825 ], [ 12.465532989032514, 47.467511294261875 ], [ 12.465336036812264, 47.46723923422816 ], [ 12.465012970731367, 47.466793367621982 ], [ 12.464884640880822, 47.466230472154948 ], [ 12.464667367719381, 47.466008375617051 ], [ 12.464192925420889, 47.46495021687322 ], [ 12.464169796506019, 47.464960749100356 ], [ 12.464161107503596, 47.464964642328283 ], [ 12.464152018998018, 47.464968622506163 ], [ 12.464132770215732, 47.464977204591456 ], [ 12.463734976475735, 47.465153607296791 ], [ 12.463437965809185, 47.465285333688819 ], [ 12.461639696373704, 47.466082841187578 ], [ 12.461276773358218, 47.466243844125394 ], [ 12.461241483447003, 47.466259502083467 ], [ 12.461056077276226, 47.46634177265107 ], [ 12.460850084978958, 47.466433154162438 ], [ 12.460843400526509, 47.466436162600154 ], [ 12.460562950959524, 47.466560539344755 ], [ 12.460557202659983, 47.466563104994314 ], [ 12.460392514232456, 47.466636174333914 ], [ 12.460337305925432, 47.466660678317531 ], [ 12.459809817583942, 47.466894746625059 ], [ 12.459457041487136, 47.467051322191665 ], [ 12.459443005892558, 47.46705751378331 ], [ 12.459326971720154, 47.467109087404637 ], [ 12.45931427182675, 47.46711474928545 ], [ 12.459143136789706, 47.467192266688329 ], [ 12.458723587269022, 47.467382253191232 ], [ 12.458144930478111, 47.467644267163294 ], [ 12.458036166288338, 47.467681408246342 ], [ 12.45770052543137, 47.467796358670334 ], [ 12.457665427376153, 47.467808327832905 ], [ 12.457585694794531, 47.467863146326131 ], [ 12.45713199921836, 47.468174788841473 ], [ 12.456816250264941, 47.468250297625815 ], [ 12.456154107178966, 47.468408636426759 ], [ 12.454310610486761, 47.468849453976731 ], [ 12.454139809356016, 47.468890254775879 ], [ 12.453090877708025, 47.469141077637474 ], [ 12.452637405544028, 47.469246470503442 ], [ 12.451360775206107, 47.469543037556697 ], [ 12.451310150506018, 47.469554885338219 ], [ 12.45099468795909, 47.469628130899352 ], [ 12.450762352569171, 47.469682130027778 ], [ 12.450713728413337, 47.469693363089625 ], [ 12.44953326130439, 47.469967615383965 ], [ 12.448833180876854, 47.47013029865758 ], [ 12.448744455988907, 47.470150849344179 ], [ 12.448624423063544, 47.470178716672045 ], [ 12.448533164902562, 47.470199967485868 ], [ 12.448494663176213, 47.470208938258125 ], [ 12.448192648464142, 47.470279040673795 ], [ 12.448157343170854, 47.470287316173312 ], [ 12.447873979179843, 47.470353062762769 ], [ 12.447815893778266, 47.470366561005712 ], [ 12.447542785087203, 47.470430046516668 ], [ 12.447506282390227, 47.470438492525098 ], [ 12.445661520010033, 47.470867014826283 ], [ 12.444093639501581, 47.471416159130854 ], [ 12.444089768762135, 47.4714174788067 ], [ 12.444074816557116, 47.471422761625583 ], [ 12.443889525744535, 47.471487639464179 ], [ 12.443653238996379, 47.471570387203613 ], [ 12.443590362773117, 47.471592394235984 ], [ 12.442911870499101, 47.471802358623776 ], [ 12.44266613964205, 47.471878372482237 ], [ 12.442250982218507, 47.472006877099211 ], [ 12.442151728352098, 47.472037598596977 ], [ 12.441709888775286, 47.472174261995377 ], [ 12.441025376907893, 47.472386148054611 ], [ 12.4408324697007, 47.47244583285984 ], [ 12.439927426438373, 47.472725909861389 ], [ 12.437453585210246, 47.473491321096368 ], [ 12.434330238063112, 47.474517389301148 ], [ 12.434291399378548, 47.474530221836794 ], [ 12.433592589789196, 47.474759767817758 ], [ 12.433426043358281, 47.474805790207775 ], [ 12.43149999864594, 47.475400361278851 ], [ 12.429692124303132, 47.475958399971262 ], [ 12.42741975187603, 47.476659768712182 ], [ 12.427280877967288, 47.476701231943714 ], [ 12.427270605804297, 47.476704300071852 ], [ 12.427218578369294, 47.476719815390851 ], [ 12.427182160538791, 47.476730595129041 ], [ 12.42711439225263, 47.476750754941236 ], [ 12.427073036565421, 47.476763115258585 ], [ 12.426943496116328, 47.476802042435082 ], [ 12.426986736455744, 47.476811292278917 ], [ 12.427216557190372, 47.476860528243492 ], [ 12.427247235787139, 47.476867069292155 ], [ 12.427277970983564, 47.476885758088621 ], [ 12.427324204201254, 47.476913927268157 ], [ 12.427357434501998, 47.47693416541982 ], [ 12.427383440438676, 47.476950027436423 ], [ 12.427367340176607, 47.476991021109818 ], [ 12.427341672009259, 47.477055873874882 ], [ 12.427331263051327, 47.47708233574398 ], [ 12.427448753103743, 47.477234880466959 ], [ 12.427593377357299, 47.477422641650186 ], [ 12.42749790136541, 47.477518166058125 ], [ 12.427469543364035, 47.477546465695028 ], [ 12.427454687687854, 47.477561374995155 ], [ 12.427444572962852, 47.477640207587676 ], [ 12.427432164526968, 47.47773665814627 ], [ 12.42712897305905, 47.477963621436182 ], [ 12.427231171560232, 47.478102458505262 ], [ 12.427287845866546, 47.47817956936111 ], [ 12.427189241572027, 47.478348852432269 ], [ 12.427074360345747, 47.478546170523458 ], [ 12.427032578414336, 47.478837915493806 ], [ 12.426926140957212, 47.47890689865816 ], [ 12.426627903500322, 47.479099977335004 ], [ 12.426484822379681, 47.47919269499566 ], [ 12.426320932560547, 47.479584431512656 ], [ 12.426212952850182, 47.479951055785172 ], [ 12.42595645636958, 47.480101362521644 ], [ 12.425942739198103, 47.48010404335318 ], [ 12.425896124867938, 47.480113302326508 ], [ 12.425883339760247, 47.480115810567121 ], [ 12.425683168158919, 47.480155347114916 ], [ 12.425568219512115, 47.480278969528825 ], [ 12.425474095293952, 47.480380261699374 ], [ 12.42544656230387, 47.480422154360738 ], [ 12.425415076795696, 47.48047004438196 ], [ 12.425096849891622, 47.48070543143843 ], [ 12.425048118068464, 47.480968417001328 ], [ 12.425046135898544, 47.481106520651352 ], [ 12.425042974793325, 47.481336124649786 ], [ 12.424961272108098, 47.481579053379065 ], [ 12.424951902610832, 47.481606693003414 ], [ 12.424932547870581, 47.481643791406526 ], [ 12.424846486887958, 47.481808402901976 ], [ 12.424388763920408, 47.482689189207633 ], [ 12.423899240046502, 47.483227437505001 ], [ 12.423744328817788, 47.483397080878149 ], [ 12.42364977942761, 47.483507096258649 ], [ 12.423563046083125, 47.483617983392797 ], [ 12.423681567814601, 47.483641778570394 ], [ 12.423562562408383, 47.483968901601635 ], [ 12.423557681108221, 47.483982539836397 ], [ 12.423418883250479, 47.484364213527371 ], [ 12.423274975993294, 47.484672692751992 ], [ 12.42326464117914, 47.484694655834495 ], [ 12.423125190508163, 47.484798825653705 ], [ 12.423089688776832, 47.484825357899751 ], [ 12.422989908075426, 47.484899879095373 ], [ 12.422755380866494, 47.485075097709412 ], [ 12.422702033573579, 47.485066575891132 ], [ 12.422620489466686, 47.485053601060365 ], [ 12.422472227415708, 47.485030018489176 ], [ 12.421763637176806, 47.48535344488041 ], [ 12.421616134238308, 47.485784626219413 ], [ 12.421611182619564, 47.485809961214414 ], [ 12.42157958548122, 47.485971314092858 ], [ 12.421575072478085, 47.485994313092903 ], [ 12.421573915715751, 47.485999792676189 ], [ 12.421734462530011, 47.486050018143466 ], [ 12.421932109359386, 47.486111875723218 ], [ 12.421932123615505, 47.48614174919603 ], [ 12.421931991592501, 47.48618007962596 ], [ 12.421932051630039, 47.486191957462829 ], [ 12.421931666752705, 47.486390720215411 ], [ 12.421931559274013, 47.486527398971475 ], [ 12.421931117063846, 47.486760173693163 ], [ 12.421510994458798, 47.486575164403511 ], [ 12.421136191425989, 47.486410219667349 ], [ 12.420978894305451, 47.486340943461734 ], [ 12.42089919032637, 47.4863059369589 ], [ 12.420656004147833, 47.486351871149189 ], [ 12.420324119645818, 47.486414554809173 ], [ 12.42013869777432, 47.486390313472128 ], [ 12.420089693662701, 47.486383894573045 ], [ 12.419872352149502, 47.486355529463061 ], [ 12.419835399634648, 47.486350736111305 ], [ 12.419727988320513, 47.48633665337951 ], [ 12.41928199176696, 47.486450073410346 ], [ 12.419227877119408, 47.486462779154721 ], [ 12.418956500887605, 47.486526661013684 ], [ 12.418866993598479, 47.486704737622333 ], [ 12.418527645199733, 47.487380570501266 ], [ 12.418561329826703, 47.487435996955867 ], [ 12.418597987626919, 47.487496036096005 ], [ 12.418677627594766, 47.487626512481171 ], [ 12.418738292397091, 47.487725974330459 ], [ 12.418746165565292, 47.487738904262542 ], [ 12.41877386681354, 47.487886692405482 ], [ 12.4187835903947, 47.487938328497165 ], [ 12.418797441104337, 47.488012222562929 ], [ 12.418870530071588, 47.488053656320638 ], [ 12.418963600541515, 47.488106406868823 ], [ 12.419089402594283, 47.48817777420291 ], [ 12.41928395664039, 47.488288110852764 ], [ 12.419234354809443, 47.488339004100631 ], [ 12.419215838225552, 47.488358022248491 ], [ 12.419180560177532, 47.488394362905822 ], [ 12.419148934501848, 47.488426773547232 ], [ 12.419039483152195, 47.488476469767328 ], [ 12.418597662500408, 47.488677021188394 ], [ 12.418635538545258, 47.488926927818532 ], [ 12.418146687858268, 47.489358530981285 ], [ 12.418093837472769, 47.489405258739438 ], [ 12.418132390948669, 47.489654271126099 ], [ 12.418145889678877, 47.489740759643247 ], [ 12.418147496261609, 47.489762907542541 ], [ 12.418157356033372, 47.489890757814138 ], [ 12.418158334990585, 47.489903182865099 ], [ 12.41816201192046, 47.489951351502299 ], [ 12.418235090783298, 47.490536174688053 ], [ 12.418248988849111, 47.49069905936598 ], [ 12.418284139556398, 47.491113517654128 ], [ 12.418290524261359, 47.491189241751123 ], [ 12.417902113305312, 47.491240759983697 ], [ 12.417802746773603, 47.491420196695096 ], [ 12.418056468757824, 47.491686313025191 ], [ 12.418104190172603, 47.491736272817569 ], [ 12.417942644740545, 47.491834411420037 ], [ 12.41757863318375, 47.492055285673402 ], [ 12.417441505732157, 47.492138591890793 ], [ 12.417342083063836, 47.492198894276264 ], [ 12.417360017107498, 47.492198227688355 ], [ 12.417440520405615, 47.492195271401748 ], [ 12.41755915148824, 47.492190819907385 ], [ 12.417846096044345, 47.4921801536209 ], [ 12.41802336041941, 47.492101936191624 ], [ 12.418104299679445, 47.492066230214263 ], [ 12.418311161190561, 47.492309476970142 ], [ 12.418248085191358, 47.492516737431153 ], [ 12.418152051416028, 47.492832880549123 ], [ 12.41827571088581, 47.492829458206167 ], [ 12.418297760137412, 47.492828824302798 ], [ 12.418290220170256, 47.492850179374024 ], [ 12.418199880643947, 47.493105991405585 ], [ 12.418193693042904, 47.49325584861721 ], [ 12.418185293440095, 47.493456616820033 ], [ 12.418191917939021, 47.493472686106358 ], [ 12.418252669238733, 47.493621007862053 ], [ 12.418349331377428, 47.493857346500029 ], [ 12.41837352789017, 47.493916566361214 ], [ 12.418235336877341, 47.493961533596135 ], [ 12.417921302714019, 47.494063674273455 ], [ 12.41793628666762, 47.49419462468348 ], [ 12.417953211609113, 47.494343766524416 ], [ 12.418257696285771, 47.494501051659483 ], [ 12.418326908320669, 47.494536875963142 ], [ 12.418655211530501, 47.49470649732212 ], [ 12.418676922635983, 47.494717737991493 ], [ 12.418700871704745, 47.494730076262101 ], [ 12.418813113104447, 47.494788108510015 ], [ 12.41880672083221, 47.495186938462879 ], [ 12.418804042386473, 47.495364177511782 ], [ 12.418731747455816, 47.495421728066148 ], [ 12.418723940262403, 47.49542787442401 ], [ 12.418689473534428, 47.495623665776733 ], [ 12.418684168174627, 47.495653946694965 ], [ 12.418679311040613, 47.49568135183052 ], [ 12.418633983355328, 47.495913858326766 ], [ 12.418442050909952, 47.495849791509549 ], [ 12.418415913337062, 47.495841124909553 ], [ 12.418353344684371, 47.495820200361486 ], [ 12.418173555151757, 47.496173016848132 ], [ 12.418148260071083, 47.496222843842943 ], [ 12.418090755382508, 47.49623903127835 ], [ 12.417990824895892, 47.496267027404848 ], [ 12.417560414320315, 47.49638767403961 ], [ 12.417458806586115, 47.496389922062868 ], [ 12.417367558118801, 47.496391982783926 ], [ 12.417242042660737, 47.496394759529622 ], [ 12.417108290364302, 47.496397830261536 ], [ 12.416768233347373, 47.496323489350154 ], [ 12.416594517030239, 47.496250297071647 ], [ 12.416512252984113, 47.496232003477381 ], [ 12.416441243044595, 47.496215509406895 ], [ 12.416357586679652, 47.496216190333769 ], [ 12.416256137034081, 47.496216998874125 ], [ 12.416218823152922, 47.496217330383473 ], [ 12.416127892913231, 47.496262133123849 ], [ 12.416062941752157, 47.496294186446789 ], [ 12.416001874752215, 47.496324291239631 ], [ 12.415648102204541, 47.496465789120812 ], [ 12.415637808269148, 47.496469845837325 ], [ 12.415363700277618, 47.496374883096422 ], [ 12.415192927158152, 47.496315749105761 ], [ 12.415072831963816, 47.496175138844421 ], [ 12.415001049018889, 47.496164936284764 ], [ 12.414937872920998, 47.496156062314718 ], [ 12.41484959721349, 47.496277008333976 ], [ 12.414795582429972, 47.496389950506341 ], [ 12.414784588228665, 47.49644178088608 ], [ 12.414773273401169, 47.496458696480993 ], [ 12.414765363625905, 47.496470690447595 ], [ 12.414663493720818, 47.496624999991468 ], [ 12.414612630156975, 47.496656175553859 ], [ 12.4145546117701, 47.49670933886663 ], [ 12.414506308321632, 47.49675358198067 ], [ 12.41446178461822, 47.496794256157159 ], [ 12.414399311346742, 47.496851612761027 ], [ 12.414380578802298, 47.496875127404834 ], [ 12.414362118023318, 47.496898284303235 ], [ 12.414356145091762, 47.496905794762995 ], [ 12.41429247953619, 47.496985816700956 ], [ 12.414283654430491, 47.496996993481183 ], [ 12.414270213712154, 47.497013981973062 ], [ 12.414068127523729, 47.497212297954832 ], [ 12.413952424074536, 47.497352639096228 ], [ 12.413871986575012, 47.497450252415383 ], [ 12.413778655634376, 47.497617136842955 ], [ 12.413645314254511, 47.497855054481818 ], [ 12.413606530507224, 47.497924297992533 ], [ 12.413481704203962, 47.498054667721107 ], [ 12.413406151580631, 47.498092933136668 ], [ 12.413363553615262, 47.498114456612363 ], [ 12.413359534818907, 47.498116493918104 ], [ 12.413336352892959, 47.498128635235794 ], [ 12.413311966730374, 47.498141306769369 ], [ 12.413280345768898, 47.498157699423565 ], [ 12.413201828229772, 47.498198460362119 ], [ 12.413130543807002, 47.498235590098112 ], [ 12.412982234723955, 47.498311602979356 ], [ 12.412963344823675, 47.49832125922255 ], [ 12.412774949466751, 47.498571331294599 ], [ 12.412657101106181, 47.498727670361404 ], [ 12.412313943448, 47.499179494102862 ], [ 12.412189948518421, 47.499269558113497 ], [ 12.411855934834827, 47.499517019533961 ], [ 12.411822755783616, 47.49955409465975 ], [ 12.411640482686209, 47.499757244554253 ], [ 12.411594709542973, 47.499808345266736 ], [ 12.411476255817076, 47.499892694328928 ], [ 12.411125333307009, 47.50014235724035 ], [ 12.410959346199444, 47.500218945259078 ], [ 12.410820704589902, 47.500303491238832 ], [ 12.41068940614994, 47.50040087326834 ], [ 12.41062120119183, 47.500451433247768 ], [ 12.410579345118864, 47.500483489324751 ], [ 12.410272362655213, 47.500718116557991 ], [ 12.410201548945803, 47.50076595590081 ], [ 12.409834046065011, 47.501013951825676 ], [ 12.409681554460892, 47.501168749252827 ], [ 12.409572747627019, 47.501126662265555 ], [ 12.409400106713445, 47.501059946410543 ], [ 12.409316754640955, 47.501027692054535 ], [ 12.409300663343826, 47.501021533776814 ], [ 12.409123804714124, 47.500953073904292 ], [ 12.409065868665694, 47.500902578247917 ], [ 12.408994727404936, 47.500840368738636 ], [ 12.408921360935624, 47.500776341651708 ], [ 12.40877892838297, 47.500804257252199 ], [ 12.408765604809224, 47.500806849261473 ], [ 12.4087033822812, 47.500819034894732 ], [ 12.40846262346996, 47.50085839475809 ], [ 12.408293906694816, 47.500885917872466 ], [ 12.40808855209697, 47.50091287528349 ], [ 12.408015088742012, 47.500922450436832 ], [ 12.407764831828853, 47.500920431420035 ], [ 12.407337984325068, 47.50086506800578 ], [ 12.406951812381983, 47.500867618682364 ], [ 12.406840661995421, 47.500868340621196 ], [ 12.406786565594519, 47.500894087849105 ], [ 12.406518633777088, 47.501021224575673 ], [ 12.406735133292045, 47.501221289494133 ], [ 12.406807024905122, 47.501421895675271 ], [ 12.406795374782313, 47.501427470313104 ], [ 12.406541589220708, 47.501550402326295 ], [ 12.406493769868494, 47.501574040615374 ], [ 12.406169023154574, 47.501662296025344 ], [ 12.406126999752857, 47.501673473793147 ], [ 12.406029877068606, 47.501699412758889 ], [ 12.405915021901967, 47.501736995656536 ], [ 12.405853320452445, 47.501757192186375 ], [ 12.405798031559199, 47.501767632717041 ], [ 12.405757798886532, 47.501775135651158 ], [ 12.405615935210916, 47.501778037518562 ], [ 12.405469472806196, 47.501868632495601 ], [ 12.405452113206229, 47.501881719134296 ], [ 12.405334087276602, 47.50197110427731 ], [ 12.405316445020802, 47.501977620070427 ], [ 12.405271270902301, 47.501994260816943 ], [ 12.405182019576818, 47.502055714867154 ], [ 12.405154334670183, 47.502089593272721 ], [ 12.40510983569459, 47.502128194535182 ], [ 12.404976387220932, 47.50221862425758 ], [ 12.404920214147641, 47.502256591088766 ], [ 12.404726967863288, 47.502326920900771 ], [ 12.404665437040194, 47.50232984202264 ], [ 12.404626100302464, 47.502331683077799 ], [ 12.40454284517995, 47.502354223848599 ], [ 12.404509584029052, 47.502380498632832 ], [ 12.404498001173243, 47.502389762764132 ], [ 12.404346236714215, 47.502509736850584 ], [ 12.40425453862993, 47.502566761354913 ], [ 12.404093385660053, 47.502737137844797 ], [ 12.40397052383711, 47.502867063405745 ], [ 12.403907296660853, 47.502928457374431 ], [ 12.403886894793359, 47.502948357609604 ], [ 12.403869466180707, 47.502965312592607 ], [ 12.403774084410832, 47.503057938946426 ], [ 12.403654516073464, 47.503174213904181 ], [ 12.403522612787278, 47.503267083942347 ], [ 12.403369597556786, 47.503374899320022 ], [ 12.403192679258012, 47.503475232305576 ], [ 12.403086470794662, 47.503541676112746 ], [ 12.402999328185521, 47.503596217130408 ], [ 12.402726705608456, 47.503679396844547 ], [ 12.402682363301478, 47.503716468790749 ], [ 12.402458617945637, 47.503904151244498 ], [ 12.402451124013579, 47.50390741969305 ], [ 12.402238898908465, 47.50399918655625 ], [ 12.402140947876358, 47.504041581883385 ], [ 12.40208227531274, 47.504062970736264 ], [ 12.40192817801706, 47.504119036936871 ], [ 12.401645066302644, 47.50424693898195 ], [ 12.401196034282906, 47.504333451149201 ], [ 12.400879843424287, 47.504416992328451 ], [ 12.400638365045397, 47.504480714652956 ], [ 12.400658312126176, 47.504516598893304 ], [ 12.40074851911546, 47.504679206295165 ], [ 12.400776360506443, 47.504734230449301 ], [ 12.400814084533238, 47.504808590651102 ], [ 12.400804304233008, 47.504850981707754 ], [ 12.400642015455681, 47.504896991833434 ], [ 12.400627324489214, 47.504901731309481 ], [ 12.400441937243565, 47.50496231007029 ], [ 12.400211003206261, 47.505037814661272 ], [ 12.400190030412539, 47.505044842464685 ], [ 12.400157033169602, 47.505056001511335 ], [ 12.400118026078584, 47.505069091219198 ], [ 12.400079553246771, 47.505082005300288 ], [ 12.400005142961007, 47.505107134211649 ], [ 12.399968941558081, 47.505119256915975 ], [ 12.399295515065562, 47.50534610419534 ], [ 12.399061196127926, 47.505425088153345 ], [ 12.399041424371179, 47.505431765609998 ], [ 12.399029534121683, 47.505435807852876 ], [ 12.39896201367741, 47.505446775364526 ], [ 12.398997121707669, 47.505481343697866 ], [ 12.399145772247101, 47.50562796200434 ], [ 12.399158298349093, 47.50564048124901 ], [ 12.399164425437018, 47.505646919723681 ], [ 12.399268043895512, 47.505756999186545 ], [ 12.398842141823756, 47.505945997848869 ], [ 12.398499963970298, 47.506101304871471 ], [ 12.398401700542385, 47.506145944000046 ], [ 12.398379346611968, 47.506155929561046 ], [ 12.398335041842955, 47.506175634015428 ], [ 12.398091558592792, 47.506284324715359 ], [ 12.397973095159649, 47.506337256922087 ], [ 12.39767445600334, 47.50647087138853 ], [ 12.397543942769769, 47.506529283639324 ], [ 12.397253186417512, 47.506660081962011 ], [ 12.397184915510518, 47.506690747941938 ], [ 12.397137092086504, 47.506714112406705 ], [ 12.396784494809339, 47.506872298682573 ], [ 12.396768431979837, 47.506879455931099 ], [ 12.396755312639341, 47.506885377487613 ], [ 12.396751162953437, 47.506887233190184 ], [ 12.396732822105946, 47.506895541576299 ], [ 12.396366021545717, 47.507060719044077 ], [ 12.396312168011667, 47.507087093239875 ], [ 12.396230514190034, 47.507123498050454 ], [ 12.396171483792285, 47.507149739913629 ], [ 12.396138556323656, 47.507164317628607 ], [ 12.396127042982011, 47.507169532393775 ], [ 12.39590189649596, 47.507269640236082 ], [ 12.395896012628587, 47.507271931637597 ], [ 12.395849204428021, 47.507268039918394 ], [ 12.395742076869658, 47.507250878056766 ], [ 12.395725922797556, 47.507248226591621 ], [ 12.395676131209671, 47.507240351297099 ], [ 12.395662359139124, 47.507238169191943 ], [ 12.395630978690935, 47.507240432142368 ], [ 12.395424214169692, 47.507255298248573 ], [ 12.395377384787968, 47.507267512589948 ], [ 12.395415693982748, 47.507316145076082 ], [ 12.395366588292458, 47.5073219522206 ], [ 12.395205298997656, 47.507340968893445 ], [ 12.395191856348267, 47.507342658567325 ], [ 12.395179518961925, 47.507349396160294 ], [ 12.395120922744097, 47.507381039840915 ], [ 12.395361837136665, 47.507730422726986 ], [ 12.395542944950208, 47.507993115333122 ], [ 12.395518575567738, 47.508004343589327 ], [ 12.395485637771849, 47.508019460916231 ], [ 12.395456185879327, 47.508032717150996 ], [ 12.395327270890203, 47.508090510120404 ], [ 12.395294740939883, 47.508105090847629 ], [ 12.395186287037799, 47.508147394434459 ], [ 12.395147372341526, 47.50816255276942 ], [ 12.394723667932059, 47.508345525645929 ], [ 12.394694766028698, 47.5083577064268 ], [ 12.39428810936618, 47.508530289527577 ], [ 12.393847181913186, 47.508718067129308 ], [ 12.393538323464377, 47.508849967637687 ], [ 12.393403832336158, 47.508907442851878 ], [ 12.393155875911042, 47.509012487357026 ], [ 12.392953282001281, 47.509098287518263 ], [ 12.392772206851344, 47.50917634550202 ], [ 12.392487681515242, 47.509298814837521 ], [ 12.392364948565076, 47.509352156211271 ], [ 12.392250781019269, 47.509401788554285 ], [ 12.392014415554941, 47.50950449623717 ], [ 12.391553531821222, 47.509708207810412 ], [ 12.391451568383523, 47.509751101064694 ], [ 12.391405712170522, 47.509790405790127 ], [ 12.390139872670272, 47.510492288250788 ], [ 12.389702168977875, 47.510720747598327 ], [ 12.389338463108892, 47.510910582868071 ], [ 12.389204644344638, 47.510974447334661 ], [ 12.389101634119241, 47.511023628516405 ], [ 12.388830828540501, 47.511165007639278 ], [ 12.388076065913102, 47.511528609755125 ], [ 12.387889000939488, 47.511599142427585 ], [ 12.387227560195955, 47.511860930727302 ], [ 12.386967663646642, 47.511963794010285 ], [ 12.38685406945239, 47.511995699699689 ], [ 12.386781719014165, 47.512016158160677 ], [ 12.386696556005301, 47.512040110065556 ], [ 12.386405110957419, 47.512183832678915 ], [ 12.386091060887615, 47.512336365942595 ], [ 12.385823582782903, 47.512461749070148 ], [ 12.385812196814662, 47.512467143824914 ], [ 12.385639807149818, 47.512570546817749 ], [ 12.385453423476045, 47.512654488223248 ], [ 12.385248367323971, 47.512772287508035 ], [ 12.384984279660635, 47.513063170110563 ], [ 12.384958940370439, 47.513091124430872 ], [ 12.384967695588422, 47.51321707894634 ], [ 12.384975192696182, 47.513324397180746 ], [ 12.384337283745072, 47.51316273724256 ], [ 12.38417215374875, 47.513120970222857 ], [ 12.384106209536178, 47.513110076954113 ], [ 12.383887774978268, 47.513070927828167 ], [ 12.383718190244908, 47.513040550758802 ], [ 12.383620982857593, 47.512995745887643 ], [ 12.383615451011838, 47.512993180654263 ], [ 12.383570622403441, 47.512989750248678 ], [ 12.383557757783317, 47.512988743953699 ], [ 12.383455872889092, 47.513011835205695 ], [ 12.383394263208217, 47.513025721942029 ], [ 12.38329318939835, 47.513092190181553 ], [ 12.383232708885672, 47.513131820494998 ], [ 12.383220208226589, 47.513140085128242 ], [ 12.383132031107738, 47.513205760223713 ], [ 12.383125300566146, 47.513210743369143 ], [ 12.382931668356619, 47.513298579812748 ], [ 12.382808981715481, 47.513407159254712 ], [ 12.382606546325501, 47.513408721272036 ], [ 12.382445224028219, 47.51342825977774 ], [ 12.382260027803186, 47.513504827519291 ], [ 12.382056765757239, 47.513588893491907 ], [ 12.381913246194172, 47.513740399741089 ], [ 12.381905935531044, 47.513748077409197 ], [ 12.381902704587201, 47.513750480080269 ], [ 12.381895303387413, 47.513755817513712 ], [ 12.381849009405215, 47.513789356119759 ], [ 12.381818458738296, 47.513811597794088 ], [ 12.381764058103379, 47.513816005556187 ], [ 12.381772758222624, 47.513856388807078 ], [ 12.381790670172434, 47.51393823931096 ], [ 12.381722037971034, 47.514031969268032 ], [ 12.381573876050606, 47.514234455324178 ], [ 12.381512181509672, 47.514319064733833 ], [ 12.381477317499419, 47.514366824890786 ], [ 12.381468333436963, 47.514400942804187 ], [ 12.381457199687063, 47.514443770954138 ], [ 12.381486558904692, 47.514531565175005 ], [ 12.38148819744311, 47.51453643769451 ], [ 12.381608046562635, 47.514754193982846 ], [ 12.381698189485983, 47.51491807560565 ], [ 12.381704406719635, 47.514963567125811 ], [ 12.381718134538986, 47.515063828841498 ], [ 12.381709688206691, 47.515097591308646 ], [ 12.381683351276614, 47.515202649593135 ], [ 12.381650517825468, 47.515248267117983 ], [ 12.38159833433809, 47.515320988101529 ], [ 12.381513393445347, 47.515391007863016 ], [ 12.381496810464245, 47.515404637252836 ], [ 12.38148779371433, 47.515440554493715 ], [ 12.381487725416093, 47.515444333091445 ], [ 12.381486353514447, 47.515468796298471 ], [ 12.381479374729832, 47.515605058257954 ], [ 12.381503696949052, 47.515662937271749 ], [ 12.381558164610407, 47.515721066342749 ], [ 12.381566242054529, 47.515729771435055 ], [ 12.381545041381044, 47.515771076397755 ], [ 12.381286613488482, 47.515923248264336 ], [ 12.381275131767358, 47.515977950874557 ], [ 12.381247308087564, 47.516025589415342 ], [ 12.381237461845719, 47.516041254230153 ], [ 12.381165654835851, 47.516156102828816 ], [ 12.38111914928411, 47.516230580335318 ], [ 12.381058582789501, 47.516267329447082 ], [ 12.381018293613117, 47.516291829571841 ], [ 12.380926972317404, 47.516347309155172 ], [ 12.380843592484153, 47.516389627516737 ], [ 12.380746269405702, 47.516439118449469 ], [ 12.380584960202086, 47.516472061554367 ], [ 12.380403519696438, 47.516509156289182 ], [ 12.380054134846514, 47.516681535345093 ], [ 12.379816678042349, 47.51675334598049 ], [ 12.37958226199645, 47.516825901244957 ], [ 12.379566767364805, 47.516830721356087 ], [ 12.379631961953974, 47.517081227985997 ], [ 12.3796753281931, 47.517143584714454 ], [ 12.379733454447686, 47.517227029456258 ], [ 12.379755719810602, 47.517259067451427 ], [ 12.379758436988697, 47.51726304915703 ], [ 12.379767242765352, 47.51727553959109 ], [ 12.379801352011158, 47.517291659547027 ], [ 12.379892222109678, 47.51733461532185 ], [ 12.380045029144496, 47.517375296230981 ], [ 12.380127514015557, 47.51739721678976 ], [ 12.38035391006075, 47.517444987152707 ], [ 12.380381836446221, 47.517457816299178 ], [ 12.380419905681833, 47.517475318657361 ], [ 12.380445723523334, 47.517487230476171 ], [ 12.380471411828887, 47.517498961253168 ], [ 12.380470812240851, 47.51750273543756 ], [ 12.380450392454474, 47.517610901884815 ], [ 12.380486900641927, 47.517714682153759 ], [ 12.380489298569138, 47.51772163053262 ], [ 12.380500472279502, 47.517735400291947 ], [ 12.380516709778679, 47.517755600684907 ], [ 12.380565939870889, 47.517824304353653 ], [ 12.380681742711786, 47.518089717292753 ], [ 12.380610547091115, 47.518258648633811 ], [ 12.38064342042972, 47.518394521538866 ], [ 12.380615994061348, 47.518684389556256 ], [ 12.380566933783683, 47.518980646469785 ], [ 12.38044864891326, 47.519123902299008 ], [ 12.380662981455698, 47.519427745005224 ], [ 12.380763900566668, 47.519473482867717 ], [ 12.380956384743627, 47.519560741603044 ], [ 12.380853046452572, 47.519824965085277 ], [ 12.380837481285573, 47.519943789498377 ], [ 12.380813707467061, 47.520009727485615 ], [ 12.380798771302732, 47.52006440134474 ], [ 12.380806293779651, 47.520184587139084 ], [ 12.380783139954975, 47.520289671580386 ], [ 12.38078899390473, 47.520487406308568 ], [ 12.380805403295403, 47.520534872019091 ], [ 12.380824839070719, 47.520591270870796 ], [ 12.380830898293629, 47.520608777292296 ], [ 12.380837333170975, 47.520627546551957 ], [ 12.38082464035536, 47.520697715595638 ], [ 12.380805447913115, 47.520804092635892 ], [ 12.380698317258146, 47.521204334261292 ], [ 12.380693617034536, 47.521221841345465 ], [ 12.380908388179265, 47.521303706339552 ], [ 12.3810560103221, 47.521359999259289 ], [ 12.38135353480132, 47.521383253286928 ], [ 12.381402984257196, 47.521609063425906 ], [ 12.381645623090936, 47.521714642964938 ], [ 12.381677472055895, 47.521929509391299 ], [ 12.381664274615622, 47.521932099343097 ], [ 12.381553225246595, 47.521954123235474 ], [ 12.381345258287048, 47.521995318597334 ], [ 12.381237080614568, 47.522034822129221 ], [ 12.381048137386136, 47.52210379865349 ], [ 12.380993218147367, 47.522202500853744 ], [ 12.380926084297448, 47.522322876812574 ], [ 12.380969736760939, 47.522479894278149 ], [ 12.381164168615904, 47.522658408400119 ], [ 12.38112634306591, 47.522722700172984 ], [ 12.381121685748283, 47.522730489786845 ], [ 12.381070424156627, 47.522700371019994 ], [ 12.380296607789061, 47.522482584060697 ], [ 12.37966581016455, 47.522348312191703 ], [ 12.37935268298108, 47.522298829914469 ], [ 12.37932036236357, 47.522293792278198 ], [ 12.378123488675206, 47.522104775458999 ], [ 12.377547494261131, 47.521988854051045 ], [ 12.376195268399096, 47.521716641072373 ], [ 12.376099728275614, 47.521696498424397 ], [ 12.376012125985659, 47.521678131539389 ], [ 12.375932297928399, 47.521670537079018 ], [ 12.375766937428891, 47.521654940469695 ], [ 12.375434505358729, 47.521637499203777 ], [ 12.374734077272169, 47.521600697050573 ], [ 12.374667276865287, 47.521599869062605 ], [ 12.373855880116562, 47.521624310682036 ], [ 12.373533918137763, 47.521630076334596 ], [ 12.373507212722306, 47.521630392844791 ], [ 12.373355744294109, 47.521632455073153 ], [ 12.373115142783774, 47.521656446281618 ], [ 12.373106226207357, 47.521657361450764 ], [ 12.373069246611644, 47.521652912919471 ], [ 12.372985077182562, 47.521643030571617 ], [ 12.372962517722083, 47.521700069130496 ], [ 12.372947765014958, 47.521736927493642 ], [ 12.372936903384423, 47.521764370507576 ], [ 12.372933838709503, 47.521772173129051 ], [ 12.372906682934572, 47.521840870624338 ], [ 12.372888710981877, 47.521908565217714 ], [ 12.372799589587432, 47.521980793142532 ], [ 12.372791904265762, 47.521987027421041 ], [ 12.372765844175261, 47.522017492502719 ], [ 12.372647631377893, 47.522155252259431 ], [ 12.372513726685723, 47.522264806712549 ], [ 12.372413036083971, 47.52233765731426 ], [ 12.372381133534567, 47.522360695016332 ], [ 12.372352524837401, 47.522589004947086 ], [ 12.372350189418821, 47.52260779123435 ], [ 12.3723726300761, 47.522622825876091 ], [ 12.372429326986341, 47.522660552415275 ], [ 12.372443101820332, 47.523718203960399 ], [ 12.372527869606612, 47.524030334823969 ], [ 12.372523009804153, 47.52408554191166 ], [ 12.371849883998927, 47.5248070333122 ], [ 12.371663860807134, 47.524947643147719 ], [ 12.37164657721384, 47.524955686499915 ], [ 12.371209780975054, 47.525159789334339 ], [ 12.371038412686943, 47.525239784471097 ], [ 12.370955657219559, 47.525275802390389 ], [ 12.370533933994045, 47.525418122778063 ], [ 12.370347594182247, 47.525626572849056 ], [ 12.37032996342125, 47.525646310504989 ], [ 12.370060776921141, 47.526454682010041 ], [ 12.370043793606703, 47.526591489150405 ], [ 12.369999771587514, 47.52669585645225 ], [ 12.370145599041269, 47.527155438978376 ], [ 12.370408652172006, 47.527575963762104 ], [ 12.370257346528186, 47.527684379845908 ], [ 12.370058573418149, 47.527686040888177 ], [ 12.36989820105291, 47.527687304120484 ], [ 12.36955703759768, 47.527803753176322 ], [ 12.369371482865535, 47.527867070408519 ], [ 12.36901424272483, 47.527802162949236 ], [ 12.368754794284348, 47.52776552025788 ], [ 12.368662303699724, 47.527752505563406 ], [ 12.368580598697227, 47.527738141780198 ], [ 12.368472275884294, 47.527719145133787 ], [ 12.367948078778936, 47.527710417821751 ], [ 12.367910276095415, 47.527699932074 ], [ 12.36709185087374, 47.527472233218681 ], [ 12.367049386687563, 47.527498599784124 ], [ 12.367027888095871, 47.527511825807203 ], [ 12.366351571206577, 47.527930385563188 ], [ 12.36630265609578, 47.52796074660769 ], [ 12.366208372883575, 47.527951314032919 ], [ 12.36611475385307, 47.527941886977906 ], [ 12.365707032065123, 47.528050565295644 ], [ 12.365594587920519, 47.528089568363022 ], [ 12.365418903153316, 47.528150443030043 ], [ 12.365351554873067, 47.528243994220325 ], [ 12.365413532433626, 47.528276369911417 ], [ 12.365437420287101, 47.528299426327287 ], [ 12.365445089489972, 47.528344751008866 ], [ 12.365387218675362, 47.52846474632284 ], [ 12.365343416280938, 47.528563804918477 ], [ 12.365331586212017, 47.528614723867115 ], [ 12.365339300530445, 47.528664817880475 ], [ 12.365342388577753, 47.528684729532905 ], [ 12.36534661487091, 47.528693313290461 ], [ 12.365359160927131, 47.528719063441841 ], [ 12.365373502127742, 47.528748337956735 ], [ 12.365381697342983, 47.528765053397741 ], [ 12.365390146648242, 47.528782400841898 ], [ 12.365391546595937, 47.528785741913389 ], [ 12.365395874309611, 47.528796036146446 ], [ 12.365415089994569, 47.528841998087799 ], [ 12.365439158431647, 47.528949187429191 ], [ 12.36550790136284, 47.529256779291117 ], [ 12.365540944049004, 47.529309426353457 ], [ 12.365563016820888, 47.529344524762827 ], [ 12.365599159966804, 47.529401966896366 ], [ 12.365626915421309, 47.529445931258849 ], [ 12.365698811837733, 47.529560362280911 ], [ 12.365777684840012, 47.529685559700482 ], [ 12.36582338206672, 47.529758108976544 ], [ 12.365834352220153, 47.529775657593284 ], [ 12.365945497153152, 47.529952145643946 ], [ 12.365977509444578, 47.530003074259746 ], [ 12.36600242251205, 47.530042695519469 ], [ 12.366808468833169, 47.531322884288443 ], [ 12.366953697138648, 47.53155373628465 ], [ 12.367696009162504, 47.53273287375422 ], [ 12.367752427325597, 47.5328224286175 ], [ 12.367852117472992, 47.532870776688455 ], [ 12.368117350377297, 47.532999069475842 ], [ 12.36811783950307, 47.533088333757597 ], [ 12.368118559998392, 47.533222949906566 ], [ 12.368080586773441, 47.533920065548394 ], [ 12.368073802692406, 47.534044405837456 ], [ 12.368083954351208, 47.534164650490403 ], [ 12.368101305489327, 47.534369779817595 ], [ 12.368681375282438, 47.53482500618496 ], [ 12.36888738384078, 47.535162362629784 ], [ 12.369165221276701, 47.535335928668758 ], [ 12.369238261084625, 47.535381532157544 ], [ 12.369487464297022, 47.535537130828132 ], [ 12.369954605991074, 47.535828988346701 ], [ 12.37038521838857, 47.53602614851448 ], [ 12.370775381194981, 47.536204791892317 ], [ 12.370873812883906, 47.536249797420687 ], [ 12.371527782026863, 47.536549153433207 ], [ 12.371958642733718, 47.53648599781711 ], [ 12.372015796943609, 47.536477658466637 ], [ 12.372033517092143, 47.536475017494325 ], [ 12.372087340140348, 47.536467190089816 ], [ 12.372153687326895, 47.536457487977508 ], [ 12.372212626044286, 47.536504231167129 ], [ 12.37244380769228, 47.536687026251933 ], [ 12.372609759889677, 47.536818346303782 ], [ 12.372655340591175, 47.536854449806242 ], [ 12.372671853390715, 47.536867005229787 ], [ 12.372695572921169, 47.536885109736765 ], [ 12.372707106308107, 47.536893844327324 ], [ 12.372735032810471, 47.53691441349013 ], [ 12.372594923841909, 47.537019687081035 ], [ 12.371024158947654, 47.537416207749175 ], [ 12.370917500647584, 47.537443117320862 ], [ 12.370814788587598, 47.537588473427419 ], [ 12.370406668793848, 47.538223817785486 ], [ 12.369619794448626, 47.538324470258601 ], [ 12.36959339890552, 47.538343684308479 ], [ 12.369475702988202, 47.538428986822602 ], [ 12.369162344569123, 47.538655803937573 ], [ 12.36904761131022, 47.538738881406644 ], [ 12.368963702159562, 47.538785865846449 ], [ 12.368775345227597, 47.538891179391157 ], [ 12.368386172030187, 47.538788300814637 ], [ 12.368072866280185, 47.538903180429735 ], [ 12.367843883927632, 47.53893400738837 ], [ 12.366885849881877, 47.539063434746346 ], [ 12.366827289383773, 47.539061322055822 ], [ 12.366815868580403, 47.539060955954788 ], [ 12.366708041027074, 47.539057168650835 ], [ 12.366307270037309, 47.539043265476032 ], [ 12.365912464775937, 47.539073501348646 ], [ 12.365873343436663, 47.539076500894687 ], [ 12.365713189293499, 47.53906399347526 ], [ 12.365280493162748, 47.53903029194602 ], [ 12.364728560734894, 47.539186790125179 ], [ 12.364600060949966, 47.539223227406879 ], [ 12.364474365911287, 47.53925887839911 ], [ 12.364216924992853, 47.539254635702541 ], [ 12.363809110312689, 47.539247952721063 ], [ 12.363674523363937, 47.539333466622871 ], [ 12.363588607562859, 47.539388078522101 ], [ 12.363567149398218, 47.539391586421097 ], [ 12.363468520856046, 47.5394077593647 ], [ 12.363197777288718, 47.539361021424298 ], [ 12.362839944371784, 47.539331632553115 ], [ 12.36279228836797, 47.539343466913202 ], [ 12.362648788794395, 47.539378965380685 ], [ 12.362490700030301, 47.539448982576445 ], [ 12.36199925798528, 47.539739959504779 ], [ 12.361672819431561, 47.539751773555324 ], [ 12.361618968232994, 47.539753657193629 ], [ 12.361295467987684, 47.539901364836858 ], [ 12.360485807679511, 47.540340986653739 ], [ 12.360281878828197, 47.540927997319471 ], [ 12.359866637462986, 47.541508986790816 ], [ 12.359801291779185, 47.541600572144361 ], [ 12.359591008519525, 47.541711533547208 ], [ 12.359561218058245, 47.541727207305918 ], [ 12.359442051041649, 47.541790172160432 ], [ 12.359329862714064, 47.542179733476608 ], [ 12.359245780876636, 47.542278357945634 ], [ 12.359141594963944, 47.542400566463286 ], [ 12.359155749645419, 47.54258352590417 ], [ 12.359170870435808, 47.542778910771339 ], [ 12.359162276689094, 47.542790895162042 ], [ 12.359128036195328, 47.542838743879834 ], [ 12.358627344700103, 47.543296361014214 ], [ 12.358597064053509, 47.543324087682798 ], [ 12.35857705798356, 47.543342363707993 ], [ 12.358431283955971, 47.543542950934352 ], [ 12.358421327898435, 47.543556723300775 ], [ 12.358429867477174, 47.543619421882788 ], [ 12.358435719368943, 47.543662212065229 ], [ 12.35854425819922, 47.543778758005722 ], [ 12.358658530484611, 47.543901471152857 ], [ 12.358972511188149, 47.544104611828736 ], [ 12.359027403089563, 47.544140079909411 ], [ 12.359064769224142, 47.544246483393422 ], [ 12.358905816680066, 47.544642035885886 ], [ 12.358950481437319, 47.544993066834841 ], [ 12.358952098474607, 47.545006217630963 ], [ 12.358961726173737, 47.545017366878099 ], [ 12.359060610883411, 47.545131580830407 ], [ 12.35923560996526, 47.545333811058306 ], [ 12.359354738693554, 47.545682684196755 ], [ 12.359412219432668, 47.545851254335183 ], [ 12.35955093911225, 47.546010525769077 ], [ 12.359573711187682, 47.546036723117012 ], [ 12.359576849673944, 47.546053845921165 ], [ 12.359624745822922, 47.546316723563621 ], [ 12.359600960761975, 47.546323720223818 ], [ 12.359596301784469, 47.546324130607729 ], [ 12.359582328180641, 47.546325181826788 ], [ 12.359565427978215, 47.546326388180916 ], [ 12.359539182404879, 47.546308349543153 ], [ 12.359313217454408, 47.54615256699978 ], [ 12.359293927866123, 47.546139266274878 ], [ 12.358886517628747, 47.546093518398678 ], [ 12.35878970527612, 47.546082618877136 ], [ 12.358674989800466, 47.546069677704338 ], [ 12.358622205446988, 47.546063830773143 ], [ 12.35840046647332, 47.546038823116675 ], [ 12.358388469216628, 47.545990581969861 ], [ 12.35838611958472, 47.545981114123215 ], [ 12.358360394897748, 47.545877598694751 ], [ 12.357857609185389, 47.545843994237536 ], [ 12.35721917153924, 47.545801406025063 ], [ 12.356835712827593, 47.545775740043112 ], [ 12.356136884184055, 47.545729122887643 ], [ 12.355820985974262, 47.54570798767174 ], [ 12.355710023456005, 47.545700564254787 ], [ 12.35558737974147, 47.545692411386085 ], [ 12.354230833637306, 47.545896982065315 ], [ 12.353277820818276, 47.546040646651264 ], [ 12.353215183594431, 47.546050099697368 ], [ 12.353548952373741, 47.546439142850417 ], [ 12.353960394459403, 47.546839465231614 ], [ 12.353826140913917, 47.547290739231357 ], [ 12.353645241966213, 47.547898810038774 ], [ 12.353585699211772, 47.548098867283798 ], [ 12.353738867802587, 47.548280944027873 ], [ 12.353864730179781, 47.548430664754868 ], [ 12.353908420494605, 47.548482506014508 ], [ 12.353912711811304, 47.548487581500545 ], [ 12.353928704595347, 47.548506613721656 ], [ 12.353938537775253, 47.548720939876006 ], [ 12.354174874505379, 47.548933328830032 ], [ 12.354372180435162, 47.549300689848017 ], [ 12.354722740040767, 47.549953333482264 ], [ 12.354386163185289, 47.551535460319016 ], [ 12.354354410092961, 47.551684826151579 ], [ 12.354331538020629, 47.551792607006924 ], [ 12.355034083544748, 47.553845547188025 ], [ 12.354410024342751, 47.556290109455958 ], [ 12.353573162553063, 47.55950883786678 ], [ 12.353546677937747, 47.559610469001754 ], [ 12.353678690651106, 47.559509828159669 ], [ 12.354646735857317, 47.558771160483616 ], [ 12.354651996213718, 47.558767066246624 ], [ 12.354703773844138, 47.558727646480847 ], [ 12.357859602467814, 47.556319465937207 ], [ 12.358199208611483, 47.556061769039196 ], [ 12.359238904456008, 47.55527274314349 ], [ 12.359247284755613, 47.555143153394027 ], [ 12.359318430362174, 47.554035476031672 ], [ 12.359808164317446, 47.553492822166525 ], [ 12.359896407313714, 47.553112685867504 ], [ 12.359685570693234, 47.552899085779416 ], [ 12.359928368947664, 47.552642272523194 ], [ 12.360184994245845, 47.552370729286153 ], [ 12.360680748238089, 47.551846208697725 ], [ 12.360801535655281, 47.5517182908035 ], [ 12.361457371853975, 47.551024341072349 ], [ 12.361539113040228, 47.550937842523531 ], [ 12.362411274710851, 47.550014830010802 ], [ 12.362399316025838, 47.5499642502092 ], [ 12.362310303533961, 47.549587831710951 ], [ 12.362220310597282, 47.549206995802002 ], [ 12.362188007081434, 47.54907058308865 ], [ 12.362369642352379, 47.548892879511683 ], [ 12.362447404804916, 47.548870502290235 ], [ 12.363042238215051, 47.548699710312199 ], [ 12.363334640807174, 47.548677166707115 ], [ 12.363928760221452, 47.548631436074722 ], [ 12.364755832073804, 47.549049174231044 ], [ 12.365178152669605, 47.548986691082781 ], [ 12.365187080636266, 47.548985416671222 ], [ 12.365201340460516, 47.548983287421336 ], [ 12.365372312061572, 47.549052393782446 ], [ 12.365921767036777, 47.549274775886055 ], [ 12.36595580290113, 47.549288559633418 ], [ 12.366031791472818, 47.549319253109545 ], [ 12.366627062606565, 47.549334074554217 ], [ 12.366820614543638, 47.549338943344395 ], [ 12.36686073383223, 47.549339910927188 ], [ 12.367405185719514, 47.549415396780674 ], [ 12.36759555351348, 47.549521374702415 ], [ 12.367627389538983, 47.549539188532975 ], [ 12.367738257982973, 47.550276605118633 ], [ 12.367805962944695, 47.550244601839061 ], [ 12.367966579593325, 47.550168569861476 ], [ 12.368267773097127, 47.550101817534753 ], [ 12.36835958605019, 47.550081443992781 ], [ 12.368576623250883, 47.549958106120997 ], [ 12.368605364150254, 47.549941791352516 ], [ 12.368752206663268, 47.549913781699352 ], [ 12.368829827756516, 47.549899047256282 ], [ 12.369342503562162, 47.549801495854609 ], [ 12.369482276034089, 47.549774865587331 ], [ 12.369707804587712, 47.549731948765327 ], [ 12.369628173911865, 47.549624204546525 ], [ 12.369366833853315, 47.549271359689179 ], [ 12.3695730024955, 47.54892837818997 ], [ 12.369583358024727, 47.548921716637331 ], [ 12.369713945421502, 47.548837691919786 ], [ 12.370096419353093, 47.548591927522992 ], [ 12.370515005081998, 47.548435184717171 ], [ 12.37066113520857, 47.548380442707597 ], [ 12.370754139328257, 47.548345590530012 ], [ 12.370842982876079, 47.5483129528915 ], [ 12.370939187417113, 47.548277497537569 ], [ 12.370998596224513, 47.548255590565624 ], [ 12.371127580076751, 47.54820817256428 ], [ 12.371255763122713, 47.548160927668349 ], [ 12.371439719136598, 47.548050714221574 ], [ 12.371482852248011, 47.548024891492844 ], [ 12.371503411497576, 47.548012556551839 ], [ 12.371508924018908, 47.548001805168035 ], [ 12.371566649459098, 47.547890174031188 ], [ 12.37165436123075, 47.547650303012894 ], [ 12.37166262634058, 47.547641644211588 ], [ 12.37184380707791, 47.547443136782213 ], [ 12.372081528935755, 47.547183106460977 ], [ 12.373042765902644, 47.5463683761052 ], [ 12.372795118160395, 47.546320774665418 ], [ 12.372362465685953, 47.546237521959085 ], [ 12.371649069978913, 47.54584526531135 ], [ 12.37160513533528, 47.545653240415433 ], [ 12.371957625870811, 47.545577550419168 ], [ 12.37204474768177, 47.54555884432132 ], [ 12.372814789438404, 47.545585175021891 ], [ 12.373279496626006, 47.545601119359958 ], [ 12.373702680053515, 47.545671422401448 ], [ 12.374240204297532, 47.545760855045309 ], [ 12.374553950282527, 47.545812964518909 ], [ 12.374861657389259, 47.545817243492408 ], [ 12.374994253433837, 47.545819070254602 ], [ 12.375824508619766, 47.545830406825665 ], [ 12.376052500770372, 47.545833477853627 ], [ 12.377086965692209, 47.545847587622049 ], [ 12.377734247423959, 47.545638105756815 ], [ 12.377858035631379, 47.545598015357349 ], [ 12.377873153334875, 47.545592472456313 ], [ 12.378811569721105, 47.545245398817045 ], [ 12.378929211198079, 47.54522172244377 ], [ 12.378992167287182, 47.545209018791994 ], [ 12.379143594045468, 47.545117688409157 ], [ 12.379274864272171, 47.545038607515153 ], [ 12.379324360748148, 47.545027951340067 ], [ 12.3797418156361, 47.544937840762522 ], [ 12.379954486732798, 47.544891467963431 ], [ 12.380093910606369, 47.54486104286174 ], [ 12.380248086274058, 47.544881938475108 ], [ 12.380302970111369, 47.544889322533187 ], [ 12.380699081759909, 47.544942998724935 ], [ 12.380974211394134, 47.54505820583546 ], [ 12.381168225679756, 47.545139537066724 ], [ 12.381529569009718, 47.545197960857791 ], [ 12.38184466873661, 47.54524889186127 ], [ 12.382370228572519, 47.545265483675159 ], [ 12.382458646447935, 47.545263066749122 ], [ 12.382680954213091, 47.545256989605484 ], [ 12.3828305345553, 47.545252829350041 ], [ 12.383146969310021, 47.545193092919853 ], [ 12.383307142881566, 47.545249935902199 ], [ 12.383953515272122, 47.54547951202639 ], [ 12.384624378107555, 47.545471380866481 ], [ 12.384934090179112, 47.545467551251036 ], [ 12.384983670097624, 47.545466971042345 ], [ 12.385000543503159, 47.545467200403728 ], [ 12.385470599079991, 47.545474051599228 ], [ 12.385716358377248, 47.54551621127149 ], [ 12.385990603492509, 47.545563194431452 ], [ 12.387148400090386, 47.54555456654564 ], [ 12.388674096274217, 47.545543196087465 ], [ 12.3888112615046, 47.545542165139949 ], [ 12.390627210231298, 47.545812002710562 ], [ 12.391033451562778, 47.545872384736711 ], [ 12.391146890919169, 47.545927303440862 ], [ 12.39146587127119, 47.546081446197043 ], [ 12.391593543017077, 47.546143139690486 ], [ 12.391903828557721, 47.546293160804467 ], [ 12.391926752732392, 47.546304326275127 ], [ 12.392185259836801, 47.54636241292566 ], [ 12.392365011440091, 47.546402757438464 ], [ 12.392721600220279, 47.546482971836923 ], [ 12.393803914533212, 47.546222075738989 ], [ 12.395585325973672, 47.545792591787219 ], [ 12.396690486844584, 47.545672583050006 ], [ 12.396812587749507, 47.545659272417105 ], [ 12.397299256978387, 47.545606374367836 ], [ 12.397404668318609, 47.545604894291522 ], [ 12.397926139391288, 47.545597716886626 ], [ 12.398419829896499, 47.545590850764569 ], [ 12.398919502833801, 47.545583851252495 ], [ 12.399905753352245, 47.545603841408365 ], [ 12.402080848069948, 47.545647869231367 ], [ 12.406862934345419, 47.545744506044315 ], [ 12.40820532561106, 47.545773236884592 ], [ 12.409295181902799, 47.545796500527373 ], [ 12.409532972311869, 47.545801653410919 ], [ 12.409584118355728, 47.545802694801679 ], [ 12.409796535896785, 47.545807283067063 ], [ 12.409861364980948, 47.545808614361192 ], [ 12.410844681673268, 47.545829566593 ], [ 12.411950278758091, 47.5458191892873 ], [ 12.412778347629072, 47.545811345278828 ], [ 12.412889067675572, 47.545810253463159 ], [ 12.412974133274705, 47.545809495758903 ], [ 12.413067041681838, 47.545808620899294 ], [ 12.413958461978284, 47.546023614651325 ], [ 12.415368920269248, 47.546363864505885 ], [ 12.415761701625977, 47.546237614371307 ], [ 12.415891103519474, 47.546178812385591 ], [ 12.41623657819825, 47.546021679680599 ], [ 12.416414799059995, 47.546036420091241 ], [ 12.416422097852832, 47.546037018257579 ], [ 12.416467088409826, 47.546032878607683 ], [ 12.416503426328685, 47.54602956963398 ], [ 12.416562791018249, 47.546024195047117 ], [ 12.416746745670064, 47.546007308079652 ], [ 12.417080845316757, 47.545953737976163 ], [ 12.417258230613946, 47.545627089672109 ], [ 12.417595863353332, 47.545171699571547 ], [ 12.417896706185099, 47.544989821584309 ], [ 12.418089054428451, 47.544971469777494 ], [ 12.418767929508894, 47.544906696117316 ], [ 12.418993625057569, 47.544827602614646 ], [ 12.419037079255329, 47.544812382300883 ], [ 12.419156211596349, 47.544770590918304 ], [ 12.419409686851354, 47.544645198612642 ], [ 12.419633845218113, 47.544463155539219 ], [ 12.41974759823991, 47.544118721024383 ], [ 12.419795702153959, 47.543766655660185 ], [ 12.419811942429439, 47.543619579067389 ], [ 12.420067784589742, 47.543541173266405 ], [ 12.420228770193635, 47.543491885545329 ], [ 12.420813570927233, 47.543685851380999 ], [ 12.421108210547965, 47.543799407111329 ], [ 12.42166937745043, 47.544015585517414 ], [ 12.421628120773679, 47.544203224181729 ], [ 12.421620186344073, 47.544239332759602 ], [ 12.421710978118597, 47.544375832159915 ], [ 12.421732994528035, 47.544409029300532 ], [ 12.421926547636517, 47.544681582974448 ], [ 12.421950286986387, 47.544715063684407 ], [ 12.422036815092129, 47.544836952346941 ], [ 12.422191010352384, 47.54488064631358 ], [ 12.422199148833458, 47.544886469562712 ], [ 12.422481232919663, 47.545088731342915 ], [ 12.422741390385131, 47.545083686737172 ], [ 12.42289506591071, 47.545080676499744 ], [ 12.423065363386128, 47.545138533700829 ], [ 12.423343203406063, 47.545232964783025 ], [ 12.423363122785352, 47.545241490717537 ], [ 12.423674450276275, 47.545374517472467 ], [ 12.423686981640824, 47.545379925524735 ], [ 12.424038957369564, 47.545506344947292 ], [ 12.423856854813463, 47.545623944770369 ], [ 12.423683052638777, 47.545914819688598 ], [ 12.423901987107449, 47.546142221505733 ], [ 12.423942972144657, 47.546154513359447 ], [ 12.42410784262321, 47.546203687993859 ], [ 12.424253723001593, 47.546329014219552 ], [ 12.424258045790802, 47.546332647608125 ], [ 12.424358886474751, 47.546357290467405 ], [ 12.42455673332273, 47.546405465817514 ], [ 12.42472215755822, 47.546445736018995 ], [ 12.424799195952755, 47.546425020657075 ], [ 12.425075707968574, 47.546350546368039 ], [ 12.425190664843781, 47.546319603169501 ], [ 12.425380391296047, 47.546268466037574 ], [ 12.425430004329812, 47.546242854455691 ], [ 12.425583273075434, 47.546163445215697 ], [ 12.425955644534366, 47.546009285491365 ], [ 12.426178822618372, 47.545890837209399 ], [ 12.426266964639449, 47.545834936843008 ], [ 12.42644687296896, 47.545721005043021 ], [ 12.426466488296663, 47.545708652906505 ], [ 12.426479119674232, 47.545700564592963 ], [ 12.426629149028663, 47.545608441348769 ], [ 12.42668999405908, 47.545571040707699 ], [ 12.426748288028733, 47.545535149533016 ], [ 12.426944535617643, 47.545274860198859 ], [ 12.427040733333429, 47.545183211208489 ], [ 12.427079237661477, 47.545146623772489 ], [ 12.427222053325261, 47.545025649545856 ], [ 12.427296897978199, 47.544962355151668 ], [ 12.426925990535864, 47.544916417452875 ], [ 12.426772560955005, 47.544897480150091 ], [ 12.426523611908705, 47.544830549237844 ], [ 12.426447683578839, 47.54481015410547 ], [ 12.426333922517388, 47.544779652329062 ], [ 12.426075268457826, 47.544643629862684 ], [ 12.425561038619666, 47.544501537181645 ], [ 12.425548606006846, 47.544498109652224 ], [ 12.425138784364311, 47.544505036030991 ], [ 12.424833540161726, 47.544435406591454 ], [ 12.424817258970448, 47.544431678589817 ], [ 12.424590019021764, 47.544316056618882 ], [ 12.424576187057138, 47.544309018745189 ], [ 12.424552653767387, 47.544286607640061 ], [ 12.424439960620655, 47.54417900038419 ], [ 12.424620136803869, 47.544057155391485 ], [ 12.42465267689987, 47.544035098150381 ], [ 12.424788096273918, 47.543911638931284 ], [ 12.424844127591243, 47.543860524353299 ], [ 12.425075071145125, 47.543715235941661 ], [ 12.425238131304939, 47.543522351097721 ], [ 12.425253190325932, 47.543504474405971 ], [ 12.42529172477018, 47.543458439997366 ], [ 12.425326053266447, 47.543417411136311 ], [ 12.425328100636229, 47.543414278063118 ], [ 12.425349401027493, 47.543381244265596 ], [ 12.425354265646174, 47.543368865632637 ], [ 12.425421581118991, 47.543249006057259 ], [ 12.425586435528679, 47.543075210469588 ], [ 12.425478919320552, 47.542937142244071 ], [ 12.425460719625816, 47.54291369374701 ], [ 12.425201665185059, 47.54250116037705 ], [ 12.425186055442195, 47.542473953199703 ], [ 12.425136925921869, 47.542240698740265 ], [ 12.425065930335267, 47.542127213343207 ], [ 12.424979338166846, 47.541947289918156 ], [ 12.424973307718007, 47.541934825090721 ], [ 12.424967932286751, 47.541922905320206 ], [ 12.424960975082163, 47.541871742159309 ], [ 12.424971621390732, 47.541816939166978 ], [ 12.424984742920611, 47.541795807930825 ], [ 12.425001694911659, 47.541768318487094 ], [ 12.425100020293367, 47.54159939590015 ], [ 12.425113790243097, 47.541563783148554 ], [ 12.425130702366648, 47.541530894625922 ], [ 12.425155221925637, 47.541496086744047 ], [ 12.425196009657018, 47.541442601924075 ], [ 12.425285471057574, 47.541325257045862 ], [ 12.425310643327977, 47.541337333391439 ], [ 12.425516003461629, 47.541141453480321 ], [ 12.425516440818756, 47.541077571795959 ], [ 12.425642756053815, 47.541011446230968 ], [ 12.425726162129697, 47.540967745996866 ], [ 12.425771585604018, 47.540930493859022 ], [ 12.425889391245008, 47.540833797844975 ], [ 12.425953280408974, 47.540781395158454 ], [ 12.426001265180826, 47.540742003678119 ], [ 12.425991784306362, 47.540713855271839 ], [ 12.425951570188463, 47.540595394891056 ], [ 12.426054595994632, 47.540500381467218 ], [ 12.426103275759171, 47.540459195856002 ], [ 12.426128086833511, 47.540438246850179 ], [ 12.4261556782089, 47.540425597885424 ], [ 12.426247420692201, 47.540383852716971 ], [ 12.426288258387117, 47.540365909643484 ], [ 12.426329230466568, 47.540347877638325 ], [ 12.426365247865784, 47.540332055950486 ], [ 12.426424992194679, 47.540311922746213 ], [ 12.426620671471625, 47.540261010673404 ], [ 12.42688395990684, 47.540149896268488 ], [ 12.42700387345695, 47.540123489425532 ], [ 12.427039754185603, 47.540115584607307 ], [ 12.427087938363639, 47.540110836195268 ], [ 12.427130000059737, 47.540106669285635 ], [ 12.42729083877507, 47.5400571906439 ], [ 12.427441392675751, 47.540010779885598 ], [ 12.427487623768055, 47.540011414638201 ], [ 12.427602936555074, 47.540012954358232 ], [ 12.428953732097966, 47.539490298239947 ], [ 12.42896202506561, 47.539487124327529 ], [ 12.428945638679039, 47.539466390028174 ], [ 12.428877893388702, 47.539380016269831 ], [ 12.428848111605108, 47.53934235032974 ], [ 12.428838746680395, 47.539330579263854 ], [ 12.428890307199936, 47.539314879259038 ], [ 12.428918091935056, 47.539306370197501 ], [ 12.430174385157775, 47.538922872720342 ], [ 12.430525023092333, 47.538815766475551 ], [ 12.430611171711901, 47.538782161954465 ], [ 12.430700372475256, 47.538927009810067 ], [ 12.430703864009676, 47.538932615964818 ], [ 12.430846069037051, 47.539163540503317 ], [ 12.430852209869199, 47.53916187917936 ], [ 12.431689239484692, 47.538934781095065 ], [ 12.433123787414329, 47.538545543154065 ], [ 12.433237257993186, 47.538514760323906 ], [ 12.433512791106667, 47.538439988404264 ], [ 12.43412152281353, 47.538274878061557 ], [ 12.434138877220535, 47.53827015513734 ], [ 12.434144031673009, 47.538279553329772 ], [ 12.434301224919148, 47.538567277682844 ], [ 12.434470651968025, 47.538885690443138 ], [ 12.434508501860629, 47.538956890254461 ], [ 12.434693381542335, 47.53930430688704 ], [ 12.434697515551248, 47.539303439459133 ], [ 12.43472645821743, 47.539297097558602 ], [ 12.434741129605287, 47.539293883182118 ], [ 12.434775406611276, 47.53928641329869 ], [ 12.434983650305684, 47.539230456594325 ], [ 12.435146692349738, 47.539191421816405 ], [ 12.435202062325903, 47.539178178229541 ], [ 12.435260234599685, 47.53916423670762 ], [ 12.435286790258489, 47.539157606055511 ], [ 12.435345751101741, 47.539136382362571 ], [ 12.435391608820401, 47.539119915010161 ], [ 12.435398138873374, 47.539118796362494 ], [ 12.435407069600066, 47.539117156618772 ], [ 12.435422968856896, 47.539112062201681 ], [ 12.435469328809807, 47.539097308347444 ], [ 12.435485496842025, 47.53909203606603 ], [ 12.435655573186891, 47.539037849141529 ], [ 12.435875220528938, 47.538967583370962 ], [ 12.436338692687073, 47.538819501312666 ], [ 12.436453057231224, 47.538782963645723 ], [ 12.436470292533885, 47.538777429628425 ], [ 12.436490733294727, 47.538770930883075 ], [ 12.436513179187994, 47.538763727967414 ], [ 12.43669661585791, 47.538705144941098 ], [ 12.436735360804974, 47.538692760531887 ], [ 12.436750458058897, 47.538687929605295 ], [ 12.43684892458532, 47.53865639617738 ], [ 12.436857659341744, 47.538580432167123 ], [ 12.436873953612549, 47.538497508831114 ], [ 12.437333467819569, 47.53826148244071 ], [ 12.437467112976455, 47.538192791817551 ], [ 12.437446357383822, 47.5381787730742 ], [ 12.437368061308284, 47.538126064172957 ], [ 12.437383471889229, 47.538110618091999 ], [ 12.437561802165625, 47.538078627618702 ], [ 12.437601477108222, 47.538050593838321 ], [ 12.437612237289612, 47.53804293960944 ], [ 12.437637280800109, 47.538023609585622 ], [ 12.437852707067149, 47.537857389560415 ], [ 12.438012795875267, 47.53771818112692 ], [ 12.438199713704233, 47.537556147072316 ], [ 12.438402587164287, 47.537377770961193 ], [ 12.438608378988127, 47.537199597201152 ], [ 12.438622944404147, 47.537186933716335 ], [ 12.438693066894816, 47.537126384534005 ], [ 12.438721250840638, 47.537102039930446 ], [ 12.439007500545127, 47.536857008257961 ], [ 12.439102847819854, 47.536774160610932 ], [ 12.439255913177385, 47.536641284258955 ], [ 12.439292721431269, 47.536609808372944 ], [ 12.439484533353442, 47.536652062617492 ], [ 12.439743196669777, 47.536708963665973 ], [ 12.440363306608619, 47.536857665635317 ], [ 12.440660072664157, 47.536963539607733 ], [ 12.440697118935924, 47.536957169253164 ], [ 12.440744831644134, 47.536948632354161 ], [ 12.440755760745391, 47.536946647820926 ], [ 12.440853913348494, 47.536925456127072 ], [ 12.440949027013234, 47.53690325095662 ], [ 12.441009724044651, 47.536889056236319 ], [ 12.441084944604249, 47.536864626797041 ], [ 12.441154686076619, 47.536842044281663 ], [ 12.441161644780749, 47.536839129061541 ], [ 12.441430095625108, 47.536726312108208 ], [ 12.441447089937036, 47.536719245836245 ], [ 12.441471578899998, 47.536708998550367 ], [ 12.441510116514227, 47.536693011776308 ], [ 12.441569933215893, 47.536668012450711 ], [ 12.441679793507086, 47.536622346760161 ], [ 12.441769449584784, 47.536584982061598 ], [ 12.441955383876245, 47.536503645438998 ], [ 12.442163542390562, 47.536428059752915 ], [ 12.442257616149885, 47.53640440577076 ], [ 12.442349820754023, 47.536381277077368 ], [ 12.442398790772517, 47.536369060118965 ], [ 12.442407998700258, 47.536366702154943 ], [ 12.442434552046446, 47.536360069845244 ], [ 12.442438081563113, 47.536339941958786 ], [ 12.442443215574412, 47.536311368505672 ], [ 12.442449377767817, 47.536292700714121 ], [ 12.44249989213886, 47.536142108106972 ], [ 12.442526478693976, 47.536070691204827 ], [ 12.442541151661981, 47.536035893247472 ], [ 12.442574827239431, 47.535977398333678 ], [ 12.442622889429263, 47.535901019259128 ], [ 12.442669812984381, 47.535836958443277 ], [ 12.44271859633804, 47.535772912038212 ], [ 12.442796989830372, 47.535678592477424 ], [ 12.442858990972974, 47.535618607631008 ], [ 12.442883468042474, 47.535601161640891 ], [ 12.442897187709356, 47.535591280407345 ], [ 12.442936978012279, 47.535579711845642 ], [ 12.442950731604283, 47.535575679499594 ], [ 12.443174260158324, 47.535494452576629 ], [ 12.443306210793992, 47.535446527223534 ], [ 12.443382814521629, 47.535418687820993 ], [ 12.443407012467915, 47.535409877533816 ], [ 12.443465673742669, 47.535382348864495 ], [ 12.44357536436525, 47.535330741457123 ], [ 12.443579795547869, 47.535327986458121 ], [ 12.443598460866184, 47.535316343898664 ], [ 12.443607457596441, 47.535310744961301 ], [ 12.443662811860099, 47.535250888123791 ], [ 12.443673459973134, 47.535234054614499 ], [ 12.443695166890452, 47.535199670944486 ], [ 12.443759657256455, 47.535102363654943 ], [ 12.443812486147797, 47.535011084527902 ], [ 12.443877226562426, 47.53491467889944 ], [ 12.443890989945446, 47.534902188498364 ], [ 12.443907316054132, 47.534895296646923 ], [ 12.444076571550303, 47.534841180990199 ], [ 12.44411344139778, 47.534829409442366 ], [ 12.444142177954566, 47.534811456310969 ], [ 12.444153208297603, 47.534803443653757 ], [ 12.444175267454034, 47.534787508303282 ], [ 12.444184879001726, 47.534776965242656 ], [ 12.444190313854367, 47.534761980860523 ], [ 12.444123597858454, 47.534534897097643 ], [ 12.444102730227383, 47.534480298183638 ], [ 12.444101332729819, 47.534476508242015 ], [ 12.444037118681996, 47.534345181385561 ], [ 12.444028001121731, 47.534326485106263 ], [ 12.443949857656603, 47.534186052379503 ], [ 12.443890926574996, 47.534080230404214 ], [ 12.44368963557956, 47.533671515701386 ], [ 12.443547246649286, 47.533456891937526 ], [ 12.443352322634333, 47.533104102853429 ], [ 12.443339305859414, 47.533064591136373 ], [ 12.443342709092622, 47.533059758660009 ], [ 12.443346288753975, 47.533044489990999 ], [ 12.443378641742212, 47.533001191021889 ], [ 12.443408051884887, 47.53297478527363 ], [ 12.44353486154103, 47.532892627818491 ], [ 12.443654208377925, 47.53282750838445 ], [ 12.44366024258988, 47.532824225934171 ], [ 12.443799436907874, 47.532748192774548 ], [ 12.443859772409494, 47.532731474365967 ], [ 12.443882732410838, 47.532725083823237 ], [ 12.443979170197025, 47.532702616516517 ], [ 12.444090146815569, 47.532692498906343 ], [ 12.444156280795596, 47.532686442783223 ], [ 12.444313831443001, 47.532672006838311 ], [ 12.444586367947997, 47.532543737894912 ], [ 12.4445963076677, 47.532537336372563 ], [ 12.444745511719098, 47.532442753936913 ], [ 12.444786939680593, 47.532420579909363 ], [ 12.444943245187291, 47.53234602752309 ], [ 12.444950477880662, 47.532342574323913 ], [ 12.445021576556842, 47.532317840508256 ], [ 12.445112187001977, 47.532286329261829 ], [ 12.445136725584193, 47.532280850475637 ], [ 12.445190606298262, 47.532268670351144 ], [ 12.445394350246067, 47.532248741725482 ], [ 12.445394057385281, 47.532266105398286 ], [ 12.445450760561398, 47.532275631914779 ], [ 12.445472621857737, 47.532279220221213 ], [ 12.445676385475668, 47.532313278618105 ], [ 12.446079879271524, 47.532329085374165 ], [ 12.446312742440623, 47.532292014271214 ], [ 12.446381883070222, 47.532280941285208 ], [ 12.44663587780321, 47.532227656652474 ], [ 12.446745110216979, 47.53217901202509 ], [ 12.44681686039438, 47.53214708382167 ], [ 12.446948221596982, 47.532117685449897 ], [ 12.447060779274643, 47.532092460727696 ], [ 12.447063118930499, 47.532095538077151 ], [ 12.447071691107968, 47.532107211549473 ], [ 12.447121629243046, 47.532187138509173 ], [ 12.447206757176817, 47.532323393996499 ], [ 12.447281816249136, 47.532497452815754 ], [ 12.447303684429528, 47.532548009823856 ], [ 12.447340149444985, 47.532615415580665 ], [ 12.447608939558949, 47.533112104155968 ], [ 12.447504514931891, 47.533206585976671 ], [ 12.447489404724285, 47.53322023613665 ], [ 12.447515001425391, 47.533317700881369 ], [ 12.447438782360592, 47.533709870578122 ], [ 12.447456981814646, 47.533939007345978 ], [ 12.447490428563754, 47.53420164394177 ], [ 12.4475251553114, 47.534475087857395 ], [ 12.447475354458371, 47.534560543390043 ], [ 12.44742281926565, 47.534650566720821 ], [ 12.447310715056116, 47.53491693874809 ], [ 12.447467942616024, 47.535087852437961 ], [ 12.447589238263449, 47.535128019265663 ], [ 12.447622107712151, 47.535132861819115 ], [ 12.447805272754955, 47.535160008962109 ], [ 12.447833557055437, 47.535247866583425 ], [ 12.447817666202024, 47.535363186889768 ], [ 12.447710463690624, 47.535575159866426 ], [ 12.44774314491689, 47.535575412008008 ], [ 12.44781129874459, 47.535575847818343 ], [ 12.447932173324821, 47.535609532542502 ], [ 12.447967482533373, 47.535619432629311 ], [ 12.448092776752542, 47.535635245477444 ], [ 12.448280782379006, 47.535659099956007 ], [ 12.44868491731518, 47.535725290439636 ], [ 12.448889337609447, 47.535776534011582 ], [ 12.448942261890295, 47.535789808757571 ], [ 12.448987643911845, 47.535801225795403 ], [ 12.449368097999541, 47.535916809755079 ], [ 12.4498811442182, 47.53607273373845 ], [ 12.449963765959826, 47.536097843835186 ], [ 12.450024178855724, 47.536116214520469 ], [ 12.45026411904551, 47.536220456532469 ], [ 12.450388375508682, 47.536274499872427 ], [ 12.450411063142793, 47.53628439209362 ], [ 12.450760356854913, 47.536436173116911 ], [ 12.450653353179598, 47.536565549704086 ], [ 12.450560185170392, 47.53667802659804 ], [ 12.45031706344677, 47.536897954436959 ], [ 12.450894377471373, 47.537445505967092 ], [ 12.451089326947294, 47.537562897122051 ], [ 12.45110880394725, 47.537566196070159 ], [ 12.451369828582838, 47.537610041991009 ], [ 12.451460144407392, 47.537596429236295 ], [ 12.451493712962312, 47.53759137836807 ], [ 12.451576970796696, 47.537578701068412 ], [ 12.452005906245251, 47.537513881122571 ], [ 12.452247678613972, 47.537469577985242 ], [ 12.452458395934292, 47.537430974638639 ], [ 12.453115019563446, 47.537281877837401 ], [ 12.453133554092972, 47.53727797091333 ], [ 12.453143820025012, 47.53727589013954 ], [ 12.45356130440331, 47.537188391934848 ], [ 12.454472566173786, 47.537115111256504 ], [ 12.45474505318402, 47.537093172809165 ], [ 12.454881428707726, 47.537082249343094 ], [ 12.45489007593028, 47.536802931487692 ], [ 12.454896918577678, 47.536583975556091 ], [ 12.454894859745455, 47.536571992625817 ], [ 12.454888350752558, 47.536532082224646 ], [ 12.454872429580144, 47.536435143237988 ], [ 12.45481523795269, 47.536303246575542 ], [ 12.4546931861464, 47.536188489272199 ], [ 12.454600424088381, 47.536038414440213 ], [ 12.454534336371134, 47.535985810796745 ], [ 12.454480314922039, 47.535942657289468 ], [ 12.454411476619569, 47.535887693065028 ], [ 12.454468441581776, 47.535786363227317 ], [ 12.454498163947534, 47.535733053416536 ], [ 12.4545309114801, 47.535538320116153 ], [ 12.454472433962438, 47.535300508372522 ], [ 12.454341171018463, 47.53508508383765 ], [ 12.454345209077291, 47.535081965501732 ], [ 12.454304705839574, 47.535017050565621 ], [ 12.454258507576434, 47.534943094119924 ] ] ] } },
{ "type": "Feature", "properties": { "name": "St. Johann in Tirol", "feature_type": "circle", "metric_roundness": 37.41, "metric_rectangularity": 53.29, "metric_mobile_fit": 32.22, "metric_aspect_ratio": 1.24, "metric_area_km2": 129.49 }, "geometry": { "type": "Polygon", "coordinates": [ [ [ 12.52704593602914, 47.52502431017809 ], [ 12.526916681058204, 47.52169104823259 ], [ 12.526529270424287, 47.518366711598567 ], [ 12.525884765993007, 47.515060414649959 ], [ 12.524984934306215, 47.51178122401722 ], [ 12.523832241740015, 47.508538133689257 ], [ 12.522429847744608, 47.505340040296261 ], [ 12.520781596184456, 47.502195718642064 ], [ 12.518892004802519, 47.499113797553811 ], [ 12.516766252837428, 47.496102736116406 ], [ 12.514410166827563, 47.493170800357944 ], [ 12.511830204640908, 47.490326040451592 ], [ 12.50903343777448, 47.487576268497882 ], [ 12.506027531971867, 47.484929036950028 ], [ 12.502820726211928, 47.482391617743104 ], [ 12.499421810126355, 47.479970982186238 ], [ 12.49584009990788, 47.477673781674859 ], [ 12.492085412775252, 47.475506329277763 ], [ 12.488168040064913, 47.473474582251463 ], [ 12.484098719023171, 47.471584125531919 ], [ 12.479888603376146, 47.469840156250577 ], [ 12.475549232758187, 47.468247469319373 ], [ 12.471092501082529, 47.466810444125827 ], [ 12.466530623940912, 47.46553303237669 ], [ 12.461876105121489, 47.464418747124995 ], [ 12.457141702336813, 47.463470653012202 ], [ 12.452340392255833, 47.462691357753499 ], [ 12.447485334935743, 47.462083004891134 ], [ 12.442589837751193, 47.461647267836263 ], [ 12.437667318919676, 47.461385345217039 ], [ 12.432731270723155, 47.461297957546073 ], [ 12.427795222526633, 47.461385345217039 ], [ 12.422872703695116, 47.461647267836263 ], [ 12.417977206510566, 47.462083004891134 ], [ 12.413122149190476, 47.462691357753499 ], [ 12.408320839109496, 47.463470653012202 ], [ 12.40358643632482, 47.464418747124995 ], [ 12.398931917505397, 47.46553303237669 ], [ 12.394370040363782, 47.466810444125827 ], [ 12.389913308688122, 47.468247469319373 ], [ 12.385573938070163, 47.469840156250577 ], [ 12.381363822423138, 47.471584125531919 ], [ 12.377294501381396, 47.473474582251463 ], [ 12.373377128671057, 47.475506329277763 ], [ 12.369622441538429, 47.477673781674859 ], [ 12.366040731319954, 47.479970982186238 ], [ 12.36264181523438, 47.482391617743104 ], [ 12.359435009474442, 47.484929036950028 ], [ 12.356429103671829, 47.487576268497882 ], [ 12.353632336805402, 47.490326040451592 ], [ 12.351052374618746, 47.493170800357944 ], [ 12.348696288608881, 47.496102736116406 ], [ 12.346570536643791, 47.499113797553811 ], [ 12.344680945261855, 47.502195718642064 ], [ 12.343032693701703, 47.505340040296261 ], [ 12.341630299706296, 47.508538133689257 ], [ 12.340477607140095, 47.51178122401722 ], [ 12.339577775453302, 47.515060414649959 ], [ 12.338933271022022, 47.518366711598567 ], [ 12.338545860388106, 47.52169104823259 ], [ 12.338416605417169, 47.52502431017809 ], [ 12.338545860388106, 47.528357360327945 ], [ 12.338933271022022, 47.531681063895505 ], [ 12.339577775453302, 47.534986313442879 ], [ 12.340477607140095, 47.538264053815148 ], [ 12.341630299706296, 47.541505306912775 ], [ 12.343032693701703, 47.544701196234691 ], [ 12.344680945261855, 47.547842971125327 ], [ 12.346570536643791, 47.550922030660459 ], [ 12.348696288608881, 47.553929947106973 ], [ 12.351052374618746, 47.55685848889398 ], [ 12.353632336805402, 47.559699643033397 ], [ 12.356429103671829, 47.562445636930249 ], [ 12.359435009474442, 47.56508895952453 ], [ 12.36264181523438, 47.567622381708489 ], [ 12.366040731319954, 47.570038975965225 ], [ 12.369622441538429, 47.572332135176623 ], [ 12.373377128671057, 47.574495590551237 ], [ 12.377294501381396, 47.57652342862476 ], [ 12.381363822423138, 47.578410107288519 ], [ 12.385573938070163, 47.580150470804206 ], [ 12.389913308688122, 47.581739763765405 ], [ 12.394370040363782, 47.583173643969609 ], [ 12.398931917505397, 47.584448194167209 ], [ 12.40358643632482, 47.585559932656878 ], [ 12.408320839109496, 47.586505822700047 ], [ 12.413122149190476, 47.587283280729693 ], [ 12.417977206510566, 47.587890183332654 ], [ 12.422872703695116, 47.588324872987073 ], [ 12.427795222526633, 47.588586162540331 ], [ 12.432731270723155, 47.588673338415816 ], [ 12.437667318919676, 47.588586162540331 ], [ 12.442589837751193, 47.588324872987073 ], [ 12.447485334935743, 47.587890183332654 ], [ 12.452340392255833, 47.587283280729693 ], [ 12.457141702336813, 47.586505822700047 ], [ 12.461876105121489, 47.585559932656878 ], [ 12.466530623940912, 47.584448194167209 ], [ 12.471092501082529, 47.583173643969609 ], [ 12.475549232758187, 47.581739763765405 ], [ 12.479888603376146, 47.580150470804206 ], [ 12.484098719023171, 47.578410107288519 ], [ 12.488168040064913, 47.57652342862476 ], [ 12.492085412775252, 47.574495590551237 ], [ 12.49584009990788, 47.572332135176623 ], [ 12.499421810126355, 47.570038975965225 ], [ 12.502820726211928, 47.567622381708489 ], [ 12.506027531971867, 47.56508895952453 ], [ 12.50903343777448, 47.562445636930249 ], [ 12.511830204640908, 47.559699643033397 ], [ 12.514410166827563, 47.55685848889398 ], [ 12.516766252837428, 47.553929947106973 ], [ 12.518892004802519, 47.550922030660459 ], [ 12.520781596184456, 47.547842971125327 ], [ 12.522429847744608, 47.544701196234691 ], [ 12.523832241740015, 47.541505306912775 ], [ 12.524984934306215, 47.538264053815148 ], [ 12.525884765993007, 47.534986313442879 ], [ 12.526529270424287, 47.531681063895505 ], [ 12.526916681058204, 47.528357360327945 ], [ 12.52704593602914, 47.52502431017809 ] ] ] } },
{ "type": "Feature", "properties": { "name": "St. Johann in Tirol", "feature_type": "mrr", "metric_roundness": 37.41, "metric_rectangularity": 53.29, "metric_mobile_fit": 32.22, "metric_aspect_ratio": 1.24, "metric_area_km2": 129.49 }, "geometry": { "type": "Polygon", "coordinates": [ [ [ 12.353546677937747, 47.559610469001754 ], [ 12.529513108092182, 47.52878476067351 ], [ 12.502419069173014, 47.45824323631102 ], [ 12.326452638848634, 47.489110391523027 ], [ 12.353546677937747, 47.559610469001754 ] ] ] } }
]
}
