{
"type": "FeatureCollection",
"name": "stadl_predlitz",
"crs": { "type": "name", "properties": { "name": "urn:ogc:def:crs:OGC:1.3:CRS84" } },
"features": [
{ "type": "Feature", "properties": { "name": "Stadl-Predlitz", "feature_type": "entity", "metric_roundness": 45.81, "metric_rectangularity": 56.62, "metric_mobile_fit": 67.57, "metric_aspect_ratio": 0.887, "metric_area_km2": 551.39 }, "geometry": { "type": "Polygon", "coordinates": [ [ [ 13.94686396316785, 46.958626096720145 ], [ 13.947018723962509, 46.957448669664657 ], [ 13.947877231260629, 46.9561704315906 ], [ 13.947988640025853, 46.956144903115828 ], [ 13.94806671114544, 46.955850242498407 ], [ 13.94816769853273, 46.955469075943896 ], [ 13.948000528735779, 46.955331771527511 ], [ 13.947868118808941, 46.955222892428665 ], [ 13.947501839550752, 46.953934910977999 ], [ 13.948004146341573, 46.952905237733717 ], [ 13.948371524843406, 46.952152085438257 ], [ 13.948314309724083, 46.951874804737841 ], [ 13.948272133095262, 46.9516706868936 ], [ 13.948086440509345, 46.95077134509571 ], [ 13.947635159899232, 46.949982858886365 ], [ 13.94713869786426, 46.949115252408212 ], [ 13.947194115344594, 46.948588834272833 ], [ 13.947342728596386, 46.947178029388084 ], [ 13.947417923095497, 46.946464433784136 ], [ 13.947933859893519, 46.946108463410326 ], [ 13.94806890503949, 46.945606177905816 ], [ 13.947852400211374, 46.944869418360021 ], [ 13.948786304280963, 46.944085658278787 ], [ 13.94880726012599, 46.943807503587074 ], [ 13.948843373857164, 46.943329239091923 ], [ 13.948332771279221, 46.943018876422762 ], [ 13.94773181756217, 46.942927564689398 ], [ 13.947210098146947, 46.942848328143995 ], [ 13.946902471419074, 46.942729418986559 ], [ 13.946783433589696, 46.942683453035436 ], [ 13.946041363478088, 46.942396737555825 ], [ 13.945471784223805, 46.94217666170951 ], [ 13.945268817436514, 46.942098304287413 ], [ 13.944689899618339, 46.941773897168879 ], [ 13.943915683091756, 46.941339952634991 ], [ 13.943710673979249, 46.941403683200598 ], [ 13.941831397813177, 46.941987592862851 ], [ 13.941714097110307, 46.942024034734857 ], [ 13.938906659108911, 46.942074517339009 ], [ 13.937638653192135, 46.942637184364692 ], [ 13.93752822208992, 46.942688882003253 ], [ 13.937433735745518, 46.942733206132935 ], [ 13.937340408115967, 46.942775454452175 ], [ 13.937270216255477, 46.942807231666215 ], [ 13.936451433677576, 46.943177721988079 ], [ 13.935467447026923, 46.943625747446525 ], [ 13.935324709226009, 46.943690661699847 ], [ 13.934914619069168, 46.944001022468413 ], [ 13.934746309083259, 46.944128428331695 ], [ 13.934027986831635, 46.944672210845411 ], [ 13.932814888821948, 46.94614117836997 ], [ 13.931620259800754, 46.94632637003243 ], [ 13.929555370048952, 46.94545318649805 ], [ 13.929088564812282, 46.945255793109084 ], [ 13.927181246213706, 46.944449134262712 ], [ 13.926393280286611, 46.9441159210959 ], [ 13.925636044005284, 46.94360357040825 ], [ 13.925625611076759, 46.943598765954846 ], [ 13.924780867197208, 46.943202671876485 ], [ 13.923225230439034, 46.942807303229266 ], [ 13.922756450267197, 46.942688267453228 ], [ 13.922699710400661, 46.942654279795697 ], [ 13.922412975587685, 46.942483007150187 ], [ 13.922252680349501, 46.942387290678731 ], [ 13.922080482321467, 46.942284437343638 ], [ 13.920842936414964, 46.941933993945526 ], [ 13.919817327493639, 46.941643537804538 ], [ 13.919106627352862, 46.941434857832981 ], [ 13.917363904745136, 46.940922951108767 ], [ 13.916286823771014, 46.94060753383269 ], [ 13.915924768253561, 46.940501508240196 ], [ 13.913914808960815, 46.938790940883614 ], [ 13.913442737561683, 46.938389074828507 ], [ 13.913417064244536, 46.938359872535017 ], [ 13.913399904273001, 46.938340344576545 ], [ 13.913293883101504, 46.938219503230485 ], [ 13.913064112793251, 46.938122959586707 ], [ 13.912730797417327, 46.937903491408505 ], [ 13.912590101476633, 46.937843383554608 ], [ 13.912510645467334, 46.937809326971298 ], [ 13.912383148051335, 46.937754820205868 ], [ 13.912163581263226, 46.937605673989282 ], [ 13.911793196258586, 46.937443799960626 ], [ 13.911619136297427, 46.937263017270276 ], [ 13.91147497022428, 46.937076773011199 ], [ 13.911471240265021, 46.937072023064466 ], [ 13.911203891867272, 46.93688946596577 ], [ 13.910803214721694, 46.936671325354453 ], [ 13.910699896802337, 46.936496119608201 ], [ 13.9105233341034, 46.936338293057446 ], [ 13.910461219332088, 46.936098181286823 ], [ 13.910270713901383, 46.936047502186305 ], [ 13.910216243058905, 46.935966976871939 ], [ 13.910197952186936, 46.935939895828255 ], [ 13.910165002461182, 46.935905690931584 ], [ 13.910014202194391, 46.935748902256229 ], [ 13.909896760537325, 46.935615518622448 ], [ 13.909747397464562, 46.93543361771961 ], [ 13.909651369086616, 46.935288067558993 ], [ 13.909626913667745, 46.935213328080479 ], [ 13.909612237719639, 46.935168232459212 ], [ 13.909608976942831, 46.935158261196214 ], [ 13.909552631241047, 46.935134882746695 ], [ 13.909467386908593, 46.935099503777366 ], [ 13.909472950297634, 46.935031000311199 ], [ 13.909481851255132, 46.934918929300238 ], [ 13.909450238818103, 46.93489893432956 ], [ 13.909398520925413, 46.934866174308979 ], [ 13.90938873236311, 46.934859925415424 ], [ 13.909242707927582, 46.934767627515797 ], [ 13.909170712535172, 46.93463338238589 ], [ 13.909130497504869, 46.934486108569104 ], [ 13.909201293185046, 46.934424652150426 ], [ 13.909091803996342, 46.934297345983957 ], [ 13.909059509845093, 46.934080836879886 ], [ 13.909050590762105, 46.93402140504547 ], [ 13.909064100738364, 46.934019536817893 ], [ 13.909068036486495, 46.934019066925345 ], [ 13.909081192198393, 46.934008742324707 ], [ 13.909114929411489, 46.933982386626006 ], [ 13.90900401078911, 46.933929231602164 ], [ 13.908911711587191, 46.9338850699625 ], [ 13.908658053763281, 46.933763624232846 ], [ 13.908415170877658, 46.933703130076715 ], [ 13.908282021567764, 46.933707764654358 ], [ 13.908010470694816, 46.933717239929379 ], [ 13.90765900295723, 46.933758612678275 ], [ 13.907516864329667, 46.933745835680995 ], [ 13.907011554451977, 46.933700254586256 ], [ 13.906999493881965, 46.933714712506699 ], [ 13.906964349373393, 46.933756821284092 ], [ 13.906514152447146, 46.93387643322496 ], [ 13.906304657030899, 46.933854367368191 ], [ 13.906113837241779, 46.933834366290398 ], [ 13.905647579702022, 46.933804508331129 ], [ 13.905297032680902, 46.93373627284771 ], [ 13.905201970851808, 46.933752499063871 ], [ 13.905089075859015, 46.933771694528346 ], [ 13.904613878884645, 46.933765542287112 ], [ 13.904461479997927, 46.933763610834013 ], [ 13.904338770863145, 46.933774126890192 ], [ 13.904181938763475, 46.933787514077238 ], [ 13.904160854619128, 46.933781321620827 ], [ 13.903895468144585, 46.933704284744174 ], [ 13.903588808183803, 46.933661467521574 ], [ 13.903502243758799, 46.933649395689066 ], [ 13.903269374122017, 46.933750445132972 ], [ 13.903082435876177, 46.933761552694747 ], [ 13.902969406151586, 46.933768239435679 ], [ 13.902761587472083, 46.933743099282552 ], [ 13.902380676082359, 46.933697142536801 ], [ 13.90198840942044, 46.933621098022563 ], [ 13.901749409968684, 46.933677364807878 ], [ 13.901313863337515, 46.933779876279992 ], [ 13.901250183129498, 46.933794952143586 ], [ 13.9011687494872, 46.933783572669462 ], [ 13.901034168424861, 46.933764900966835 ], [ 13.900931790741438, 46.933785029397292 ], [ 13.900658999890316, 46.933838493721233 ], [ 13.900225942654542, 46.933928391275273 ], [ 13.900052142352173, 46.933964442699185 ], [ 13.900023306806361, 46.933970435591306 ], [ 13.900008433117758, 46.93397995789708 ], [ 13.899765622971858, 46.934135128056035 ], [ 13.899625970745205, 46.934195392880689 ], [ 13.899571836174188, 46.934218788290877 ], [ 13.899024051529294, 46.934304575291243 ], [ 13.898720033179373, 46.934423696531475 ], [ 13.89850416421328, 46.934259119038181 ], [ 13.898294520887223, 46.934099279075291 ], [ 13.897939560923575, 46.934183829676257 ], [ 13.897866576982018, 46.934201199485237 ], [ 13.897452497329603, 46.934384301610365 ], [ 13.897378336157511, 46.934389799544107 ], [ 13.896988757735789, 46.934418461598518 ], [ 13.896997659127987, 46.93440312066199 ], [ 13.897168795935245, 46.934115501889451 ], [ 13.897169528737372, 46.934110279379176 ], [ 13.897195739623115, 46.933943415253395 ], [ 13.897222438554692, 46.933773039455808 ], [ 13.897278230128565, 46.933720033362562 ], [ 13.897315552622345, 46.933684395379323 ], [ 13.89718679263251, 46.933495987057469 ], [ 13.896931331666506, 46.933350409462768 ], [ 13.89624843154831, 46.932845053546757 ], [ 13.896279687453939, 46.932683023531972 ], [ 13.896118236907267, 46.932520510780989 ], [ 13.895763610357307, 46.932163878939534 ], [ 13.895612136650282, 46.931764397528184 ], [ 13.895370908981613, 46.931547481381585 ], [ 13.895294771357385, 46.931365558559072 ], [ 13.895299668604515, 46.93119502138461 ], [ 13.895002336625607, 46.930528390558926 ], [ 13.894577351627509, 46.929788247302355 ], [ 13.894573339163593, 46.929781428659467 ], [ 13.894572757774906, 46.929776122693923 ], [ 13.894533026371869, 46.929458868527355 ], [ 13.894516666372562, 46.929327488147287 ], [ 13.894383844128425, 46.929001066905826 ], [ 13.894197221943037, 46.928542460593178 ], [ 13.894253235857184, 46.928336398196429 ], [ 13.894270814647463, 46.928272065184423 ], [ 13.894201376071418, 46.928064464097517 ], [ 13.894170744577002, 46.92806182628253 ], [ 13.892678904368928, 46.927936027543907 ], [ 13.89263775737971, 46.927932631387179 ], [ 13.892566373075994, 46.927926595022996 ], [ 13.892318829514865, 46.927855741876229 ], [ 13.891973798267978, 46.927757024922727 ], [ 13.891683704721501, 46.927636530981097 ], [ 13.891657715837427, 46.927625681402397 ], [ 13.891634760967262, 46.927616076597829 ], [ 13.891618403241006, 46.927609318664842 ], [ 13.891606398570012, 46.927604338895428 ], [ 13.891590172189259, 46.927597580311442 ], [ 13.891413502829232, 46.927546531690126 ], [ 13.891265290597248, 46.927503710888054 ], [ 13.891183214086212, 46.927480000155427 ], [ 13.890743452855322, 46.927352862001996 ], [ 13.890617970053379, 46.927373274758232 ], [ 13.890483153838964, 46.927317699836692 ], [ 13.890358945354709, 46.92728420779541 ], [ 13.890339714484067, 46.927278993466516 ], [ 13.890328387422574, 46.927275989800918 ], [ 13.890307839414248, 46.927270422018189 ], [ 13.89028637016354, 46.927264678798089 ], [ 13.89023104921573, 46.927249743954533 ], [ 13.889916915934339, 46.926914850434528 ], [ 13.889727091050693, 46.926823732563825 ], [ 13.889489877233611, 46.926709901938281 ], [ 13.888882146717998, 46.926570893515205 ], [ 13.888620676044138, 46.92651107822396 ], [ 13.888566434268027, 46.926498746717762 ], [ 13.887901200640563, 46.926298648153541 ], [ 13.887887131833951, 46.926297187327748 ], [ 13.887846635589266, 46.926293066413635 ], [ 13.887327548172836, 46.92624026704555 ], [ 13.887235248874259, 46.926230910320001 ], [ 13.887119074940069, 46.926211772341716 ], [ 13.886747397525658, 46.926150511631675 ], [ 13.886315106523558, 46.926019720723055 ], [ 13.886150960086379, 46.925934140380875 ], [ 13.88596493093851, 46.925904004419273 ], [ 13.885832053505222, 46.925882517106665 ], [ 13.885772567549758, 46.925883616906418 ], [ 13.885541057208867, 46.925887804486287 ], [ 13.885158632459483, 46.925625754846791 ], [ 13.884877404138576, 46.92543294625662 ], [ 13.884748702495791, 46.925307330116951 ], [ 13.884702808204681, 46.925200476810751 ], [ 13.884686791678961, 46.925163122913474 ], [ 13.884701612505328, 46.925009094463256 ], [ 13.884712998617074, 46.924891164834207 ], [ 13.884736485927334, 46.924648283626915 ], [ 13.884611151054267, 46.92454316647656 ], [ 13.884605715992176, 46.924525646749913 ], [ 13.884557185261887, 46.924367067524123 ], [ 13.884467809878181, 46.924271943089295 ], [ 13.884395911665486, 46.924139661709397 ], [ 13.884382817734895, 46.924130817324894 ], [ 13.884378189500618, 46.924127780497763 ], [ 13.884310867325274, 46.92408221785189 ], [ 13.883966194942369, 46.923849404302288 ], [ 13.883358898660159, 46.92365889566122 ], [ 13.883065724416426, 46.923617487533313 ], [ 13.882991806186388, 46.923607048432665 ], [ 13.882399808128788, 46.923472968122773 ], [ 13.882320689101523, 46.923467592681178 ], [ 13.881927593151573, 46.923441062469664 ], [ 13.881722783445143, 46.923358911917283 ], [ 13.881424340442322, 46.923239242191165 ], [ 13.881371325499192, 46.923192528858841 ], [ 13.88134919172772, 46.92317302018683 ], [ 13.881339118146361, 46.923164070868765 ], [ 13.881289683484354, 46.923120669457354 ], [ 13.881261849871203, 46.923096059450913 ], [ 13.881095898865519, 46.922871820956438 ], [ 13.880025649283107, 46.920800153806383 ], [ 13.880062032057445, 46.920608950119941 ], [ 13.880076360922585, 46.920533657463515 ], [ 13.880092179595161, 46.920449989449807 ], [ 13.880002260500806, 46.920211075683298 ], [ 13.879892343897932, 46.920147539909394 ], [ 13.879829855164866, 46.920111399265004 ], [ 13.879570911789418, 46.919462270216222 ], [ 13.879528991871611, 46.919357285320132 ], [ 13.879430857220937, 46.919161961180087 ], [ 13.879420131070956, 46.91914050758173 ], [ 13.879411150847817, 46.919122824740917 ], [ 13.879402705136268, 46.919106039126504 ], [ 13.879395195276167, 46.91909086864699 ], [ 13.879324143540869, 46.918949582040177 ], [ 13.8792276175837, 46.91875730931033 ], [ 13.879060825088903, 46.918525693616914 ], [ 13.878374589339575, 46.917967159546954 ], [ 13.878314336976969, 46.917918230128691 ], [ 13.878282157489926, 46.91789202066694 ], [ 13.878271430694081, 46.917883254185746 ], [ 13.878231967210727, 46.917851051060126 ], [ 13.878140065627901, 46.917776359417779 ], [ 13.878065378849245, 46.917715621871018 ], [ 13.877082927799181, 46.918379625904834 ], [ 13.87704509451873, 46.918404102113968 ], [ 13.876594744494794, 46.918695368663691 ], [ 13.876538775356517, 46.918731449120465 ], [ 13.876203513625498, 46.918925073637375 ], [ 13.876161502255014, 46.91892626467633 ], [ 13.876132225887064, 46.918927124758099 ], [ 13.872655285773, 46.918705008687304 ], [ 13.871357239483226, 46.918622098798927 ], [ 13.871233585232046, 46.918614227700012 ], [ 13.871206882792775, 46.918635859723466 ], [ 13.871057347458644, 46.918756872972246 ], [ 13.871014181536649, 46.918760766989735 ], [ 13.870880747866066, 46.918772827535463 ], [ 13.870846110236684, 46.918775961190512 ], [ 13.870463949713212, 46.918787941077717 ], [ 13.870378747803747, 46.918790594416521 ], [ 13.870369561075535, 46.918791177836525 ], [ 13.870305385289214, 46.918795261133454 ], [ 13.870062722966528, 46.918810537670922 ], [ 13.869881903310482, 46.918681552546538 ], [ 13.869865235826584, 46.918669574117331 ], [ 13.869633125007429, 46.918598148837248 ], [ 13.869313314086932, 46.918659318860151 ], [ 13.868956608355992, 46.918577773816722 ], [ 13.868857834027891, 46.918575811197229 ], [ 13.868779155630826, 46.918574203436002 ], [ 13.868513925078098, 46.918513010151095 ], [ 13.868137011426152, 46.918589563203312 ], [ 13.86804804605338, 46.918518268833381 ], [ 13.867822241739011, 46.918433762974018 ], [ 13.867763780819919, 46.91843151926404 ], [ 13.867720952832592, 46.918429831662351 ], [ 13.867708078444869, 46.918429352495323 ], [ 13.867680490342845, 46.918428312850224 ], [ 13.86766525136477, 46.918427754848551 ], [ 13.867645019669355, 46.918426950446367 ], [ 13.867594253409042, 46.918445545770879 ], [ 13.867566235812994, 46.918454046023214 ], [ 13.86753965816705, 46.918462089579251 ], [ 13.867480873555207, 46.91858455979375 ], [ 13.867419167971612, 46.918638478838865 ], [ 13.867299081060308, 46.918776624485922 ], [ 13.867258091316097, 46.918866527878528 ], [ 13.867205391745575, 46.918980421155581 ], [ 13.867183548147601, 46.919028393526538 ], [ 13.867032309636194, 46.919294817426241 ], [ 13.866846694296632, 46.919354898446322 ], [ 13.866569574190587, 46.919260643875667 ], [ 13.866454915432021, 46.91922006242558 ], [ 13.866421045003563, 46.919208074446331 ], [ 13.866336654158552, 46.919278655965869 ], [ 13.865938276541169, 46.919874938159424 ], [ 13.865703693372675, 46.919989505482718 ], [ 13.865663986057587, 46.920063565746339 ], [ 13.865575326580563, 46.920114641042659 ], [ 13.865354030921642, 46.920205480437907 ], [ 13.865212419039681, 46.920240697591304 ], [ 13.865124003484555, 46.920342520203739 ], [ 13.864995251403363, 46.920429325351847 ], [ 13.864744768690683, 46.920517151175311 ], [ 13.864573052189696, 46.920575723579837 ], [ 13.864359344310333, 46.920545592101888 ], [ 13.864217086381515, 46.920608344963114 ], [ 13.864131313030091, 46.920646178514545 ], [ 13.864044375979089, 46.92071218124179 ], [ 13.863957117123118, 46.920759109613648 ], [ 13.863907478691761, 46.920785796204846 ], [ 13.863782237614313, 46.920843070029562 ], [ 13.863692331049615, 46.920861576858542 ], [ 13.863572997005075, 46.920865914469864 ], [ 13.863553086666458, 46.920857909417158 ], [ 13.863517354026365, 46.92084358979789 ], [ 13.863427036670465, 46.920794523238648 ], [ 13.863390812459556, 46.920796762228584 ], [ 13.8633142733298, 46.920799279742035 ], [ 13.863225007622514, 46.920803026457087 ], [ 13.863173347525951, 46.920785002040496 ], [ 13.863156874944323, 46.920779320328947 ], [ 13.863096466618527, 46.920740011482394 ], [ 13.863063599309864, 46.920670520490035 ], [ 13.862968630706238, 46.920642260727973 ], [ 13.862893655441674, 46.920656738009811 ], [ 13.86284648404461, 46.920614667767687 ], [ 13.862818526259915, 46.920589783921507 ], [ 13.862576479178767, 46.920483118410608 ], [ 13.862508965566636, 46.920468766940992 ], [ 13.862493830529495, 46.920465508351974 ], [ 13.862443945263085, 46.920401405480519 ], [ 13.862400711164415, 46.920345819648858 ], [ 13.862289211205113, 46.920305849103926 ], [ 13.862286988907522, 46.92026725799299 ], [ 13.862331458764809, 46.9200641451663 ], [ 13.862237133009796, 46.919968306705286 ], [ 13.862176240922141, 46.919906594576943 ], [ 13.862006700359697, 46.919748120820458 ], [ 13.861883935034799, 46.919671220601394 ], [ 13.861608236223047, 46.919587115067444 ], [ 13.861526040411544, 46.919562033848557 ], [ 13.861497473655097, 46.919541831488232 ], [ 13.861330834079236, 46.919423924259 ], [ 13.861289115196055, 46.919375259423582 ], [ 13.861272243104134, 46.919355722360855 ], [ 13.861163417917853, 46.919187966460974 ], [ 13.860575992425083, 46.918948114748289 ], [ 13.860068822071387, 46.918868591501017 ], [ 13.857053321100684, 46.918395776343402 ], [ 13.856464090136972, 46.918303389193177 ], [ 13.854942762700162, 46.918186409909879 ], [ 13.854032150867349, 46.918116364483687 ], [ 13.853592278006042, 46.918054679060695 ], [ 13.853517059252068, 46.91804413680395 ], [ 13.853478528480734, 46.91803864493626 ], [ 13.853304683583271, 46.918014248394854 ], [ 13.852461983835065, 46.91668064848858 ], [ 13.852263509359508, 46.916325146572163 ], [ 13.852174631761899, 46.916166018916151 ], [ 13.852125984498876, 46.916079050976279 ], [ 13.851976295064471, 46.915810785824583 ], [ 13.851894636176558, 46.915664582044279 ], [ 13.851825741493057, 46.915601911280952 ], [ 13.850700112011406, 46.914575975103773 ], [ 13.850313157345076, 46.914132430054558 ], [ 13.849993452742389, 46.913987670767149 ], [ 13.849729274630599, 46.913867941922334 ], [ 13.849680074660588, 46.913831634248837 ], [ 13.848491226801828, 46.912954161727335 ], [ 13.848327141304413, 46.912633768918759 ], [ 13.848077865141171, 46.91247887632381 ], [ 13.847917891288226, 46.912379545208964 ], [ 13.847934193947605, 46.912110160916839 ], [ 13.847747534810487, 46.911898925626886 ], [ 13.847651488644546, 46.911688808392569 ], [ 13.847061689486534, 46.91039946104214 ], [ 13.846842607481241, 46.91022895231476 ], [ 13.846661382124134, 46.910198730469844 ], [ 13.845510645945433, 46.910006882299427 ], [ 13.84539031230811, 46.909986820816002 ], [ 13.844360985779845, 46.91021326914759 ], [ 13.844294189919294, 46.910244433562411 ], [ 13.84390321545443, 46.910426696090127 ], [ 13.843828575795513, 46.910461494776847 ], [ 13.843154852774278, 46.910775499394106 ], [ 13.841803421633172, 46.911359964084063 ], [ 13.841406090024627, 46.911662009818521 ], [ 13.841333609796344, 46.911717042660726 ], [ 13.841320183002447, 46.911727270601489 ], [ 13.841220457614657, 46.911803030942508 ], [ 13.840874967734925, 46.912116989677365 ], [ 13.840256438653483, 46.913321711373783 ], [ 13.839854380982384, 46.914646935007831 ], [ 13.839641968920692, 46.914541977972462 ], [ 13.839165032419956, 46.914306111214223 ], [ 13.838497145779158, 46.91441301786557 ], [ 13.838456106678258, 46.914419499431325 ], [ 13.837827251653655, 46.914613148748138 ], [ 13.837175988707811, 46.914673543911803 ], [ 13.836920329392969, 46.914452250070582 ], [ 13.836592913681171, 46.914168828326737 ], [ 13.836313181559923, 46.914150814785962 ], [ 13.835984933869023, 46.913889979969383 ], [ 13.83576678592436, 46.913593653828961 ], [ 13.835346855850901, 46.913356978433185 ], [ 13.835029964124693, 46.913547429948416 ], [ 13.834512123988333, 46.914235278917126 ], [ 13.833882254867849, 46.91439219897628 ], [ 13.833138122255011, 46.91479877403934 ], [ 13.83311891811876, 46.914809296423719 ], [ 13.83311120986254, 46.914813469501908 ], [ 13.83310206483039, 46.914818458736463 ], [ 13.833082468447905, 46.914829162804615 ], [ 13.833024463718052, 46.914860911609388 ], [ 13.832987360818803, 46.914881140759988 ], [ 13.832936278949338, 46.914908989852862 ], [ 13.832835815293281, 46.914963960634537 ], [ 13.83238801913569, 46.91540998480388 ], [ 13.832067325288897, 46.915729565867977 ], [ 13.832057798449021, 46.915721869529541 ], [ 13.831662170191263, 46.915402022053136 ], [ 13.831534087429615, 46.915298388576595 ], [ 13.831061374408483, 46.915117806936536 ], [ 13.831045296724021, 46.915111668949876 ], [ 13.8309686750409, 46.91509059028899 ], [ 13.830522509604549, 46.914968196794156 ], [ 13.830296791234396, 46.914856712186349 ], [ 13.82996962811834, 46.914695283100784 ], [ 13.829511766033971, 46.9145712273058 ], [ 13.828869604186321, 46.914397227226402 ], [ 13.828746688049124, 46.914354034526347 ], [ 13.828133822351257, 46.914138601430423 ], [ 13.827530113798945, 46.914046127601587 ], [ 13.826723373924576, 46.913922412089015 ], [ 13.826640660755698, 46.913923762034841 ], [ 13.826588668856104, 46.913924528277306 ], [ 13.826229981064934, 46.913930228363036 ], [ 13.825991686873218, 46.913933964189589 ], [ 13.824586724891542, 46.91523469495673 ], [ 13.823473594246334, 46.915578559921002 ], [ 13.823411417883346, 46.915600064123034 ], [ 13.823388379523708, 46.915607992018714 ], [ 13.823346885357443, 46.915622388299546 ], [ 13.823225543384135, 46.915664393733259 ], [ 13.823100144699254, 46.915707946229752 ], [ 13.82266616464042, 46.915852439413428 ], [ 13.822102969805188, 46.916040048880149 ], [ 13.821917986573293, 46.916101673093699 ], [ 13.821827772964312, 46.916144622543804 ], [ 13.821499079282766, 46.91630098448735 ], [ 13.819514456135499, 46.917245128106778 ], [ 13.818975672580089, 46.917692928804826 ], [ 13.818874404824889, 46.917777044040889 ], [ 13.817564007707956, 46.918344665741344 ], [ 13.816248872365158, 46.918914181951465 ], [ 13.813920316427447, 46.91849928778376 ], [ 13.813837055579802, 46.918484434320433 ], [ 13.813803120608602, 46.918478459600308 ], [ 13.813799042477239, 46.918477667075372 ], [ 13.812548725751164, 46.919220796221254 ], [ 13.812459653440472, 46.919348134365983 ], [ 13.811666028320904, 46.920483342988653 ], [ 13.81107933562256, 46.920842587940591 ], [ 13.81063917978136, 46.921112042710149 ], [ 13.809293867169878, 46.922493132165179 ], [ 13.808980298093427, 46.922807218455112 ], [ 13.8083464671396, 46.923907810110379 ], [ 13.808157274453748, 46.925312287050794 ], [ 13.808129132488467, 46.925352445952441 ], [ 13.807534641069036, 46.926200924766938 ], [ 13.807371628844345, 46.926228330770314 ], [ 13.80579081505579, 46.927101077384165 ], [ 13.80552026177021, 46.927250491623482 ], [ 13.804746275490102, 46.927756520660004 ], [ 13.804227498616791, 46.927938367015194 ], [ 13.804074562429355, 46.927992000458474 ], [ 13.803617671765172, 46.928577955747066 ], [ 13.801929542623284, 46.929524786658483 ], [ 13.801648534651385, 46.929876779096695 ], [ 13.801588514003225, 46.929952070178459 ], [ 13.800496251101602, 46.93028590366746 ], [ 13.79843726208585, 46.930263239588946 ], [ 13.797612280814532, 46.930327088696416 ], [ 13.796227114940542, 46.931375169327367 ], [ 13.795672380479784, 46.931794849404554 ], [ 13.794504160120992, 46.932678620406307 ], [ 13.792235077070963, 46.934395194590273 ], [ 13.792229447256677, 46.934412583454737 ], [ 13.791734410253696, 46.93594361062614 ], [ 13.791348708640745, 46.9362163685459 ], [ 13.789639477001625, 46.936961995494237 ], [ 13.789461796126307, 46.936953532774751 ], [ 13.788893796008216, 46.936926483869684 ], [ 13.787513889896477, 46.937292390187359 ], [ 13.786290437302291, 46.937382136989413 ], [ 13.784760051283124, 46.937991735797397 ], [ 13.781990668468532, 46.938274200487555 ], [ 13.781269420055883, 46.938816930573026 ], [ 13.781086788276674, 46.938954331144018 ], [ 13.780969036342448, 46.939042886239775 ], [ 13.780903863211456, 46.939369139543331 ], [ 13.780654056447684, 46.940454289339741 ], [ 13.781246936352696, 46.941387825350105 ], [ 13.781292176614805, 46.941549249850389 ], [ 13.781563358164099, 46.94251743760362 ], [ 13.781981384717929, 46.943448421946314 ], [ 13.782012983861714, 46.943518660889268 ], [ 13.782000127727942, 46.944112576875952 ], [ 13.781858253483076, 46.944566725299318 ], [ 13.784592615169688, 46.944918130741208 ], [ 13.784955901774909, 46.944964823027988 ], [ 13.787980405132501, 46.945484782176983 ], [ 13.789103863134351, 46.9466753798905 ], [ 13.789548382981488, 46.947152823218623 ], [ 13.789721709442352, 46.947338833242611 ], [ 13.790129504591686, 46.947776741170763 ], [ 13.790197471600486, 46.947811559327945 ], [ 13.79039490645002, 46.947912710382155 ], [ 13.791482263430941, 46.948469793997575 ], [ 13.793725075994487, 46.950080701222682 ], [ 13.795597941288152, 46.950990602551357 ], [ 13.796627605976875, 46.951277123760377 ], [ 13.797468258268985, 46.951510961701722 ], [ 13.797550285842405, 46.951544728153429 ], [ 13.797628463995471, 46.951543958120283 ], [ 13.797719899378937, 46.951526487493517 ], [ 13.797790325782724, 46.951525839079991 ], [ 13.797795852377172, 46.951526716235648 ], [ 13.797867434538437, 46.951538030334774 ], [ 13.797915327967141, 46.951560239023095 ], [ 13.797978205652742, 46.951567899555336 ], [ 13.798049639205415, 46.951577234596293 ], [ 13.798228849539967, 46.951679706550692 ], [ 13.798324422957863, 46.951714676614735 ], [ 13.798354157008715, 46.951763953497021 ], [ 13.79835210363153, 46.951844673681109 ], [ 13.798714892205846, 46.95185767180044 ], [ 13.798826455045079, 46.95187278028164 ], [ 13.798902705225032, 46.951876876190646 ], [ 13.798976808105028, 46.951875852026447 ], [ 13.799087217132172, 46.951864241027835 ], [ 13.799159939770002, 46.951855664121616 ], [ 13.79922323791587, 46.951851264962265 ], [ 13.799317349397764, 46.951839270811533 ], [ 13.799362303361649, 46.951825859023131 ], [ 13.799401408239781, 46.951819759615567 ], [ 13.799457814398856, 46.951808640181461 ], [ 13.799501775496077, 46.951801890915611 ], [ 13.79955852411346, 46.951799857970393 ], [ 13.799592555682855, 46.951799628038515 ], [ 13.799652569539168, 46.951795332125748 ], [ 13.799730312353105, 46.951774856887219 ], [ 13.799816648149228, 46.951760284897972 ], [ 13.799920350489703, 46.951718197570735 ], [ 13.799958059098655, 46.951702745830467 ], [ 13.800000646027746, 46.95168916357089 ], [ 13.800066137396945, 46.951680165948886 ], [ 13.800129819974485, 46.951674684943896 ], [ 13.800184309368165, 46.951669781637264 ], [ 13.800227044997079, 46.951658178233011 ], [ 13.800261835043209, 46.95163958912152 ], [ 13.800329678836187, 46.951629141983645 ], [ 13.800440257194113, 46.951621937972121 ], [ 13.800522886366238, 46.951619258033283 ], [ 13.80061325618435, 46.951615196435519 ], [ 13.800661015669535, 46.951607081368579 ], [ 13.800732672274046, 46.95159688821181 ], [ 13.800789336090979, 46.951555353918003 ], [ 13.80081333063222, 46.951534469675387 ], [ 13.800842802692596, 46.951523820524706 ], [ 13.800919783145146, 46.951521343548485 ], [ 13.800973541698314, 46.951523011393213 ], [ 13.801055775716806, 46.951535179343793 ], [ 13.801138954107079, 46.951550132708547 ], [ 13.801234427772592, 46.951558646711995 ], [ 13.801382749005731, 46.951569821823355 ], [ 13.801465683632339, 46.951571998839633 ], [ 13.801605159244827, 46.951578441261141 ], [ 13.801701805316911, 46.951585780293449 ], [ 13.801825851526525, 46.951615770884132 ], [ 13.801940370548786, 46.951638242424501 ], [ 13.802155444114623, 46.951679103840092 ], [ 13.802314839827337, 46.951724154285046 ], [ 13.802466254106641, 46.951639036913207 ], [ 13.802594191459116, 46.951618531954821 ], [ 13.80269954770557, 46.951615216481748 ], [ 13.802767872583306, 46.951614663659157 ], [ 13.802853149465264, 46.951614220552358 ], [ 13.802964968062875, 46.95161357746089 ], [ 13.803112268634026, 46.951643020420924 ], [ 13.803162956512441, 46.951654057841722 ], [ 13.803208866959876, 46.951674652888308 ], [ 13.803387312658751, 46.951689479676638 ], [ 13.804253180987294, 46.95157647113502 ], [ 13.80429006250723, 46.951571638990686 ], [ 13.80431398101198, 46.951571989529477 ], [ 13.804399785798363, 46.951571813006126 ], [ 13.804524876329387, 46.951571203211707 ], [ 13.804641029369833, 46.951570360494451 ], [ 13.804781915910782, 46.951543230714648 ], [ 13.804858776729402, 46.951497651280413 ], [ 13.804992520842529, 46.951450485466758 ], [ 13.805093059691076, 46.951422623348407 ], [ 13.805196840258084, 46.951389888743918 ], [ 13.805303900037758, 46.951326907208063 ], [ 13.805362506246825, 46.951312176484116 ], [ 13.805430144154528, 46.951308295667424 ], [ 13.805537891144146, 46.951307936931258 ], [ 13.805628572105441, 46.951324205456125 ], [ 13.80567206718586, 46.951324294194862 ], [ 13.805725899520301, 46.951319480940732 ], [ 13.805768988671998, 46.951303464963857 ], [ 13.805877941217702, 46.951216990288472 ], [ 13.805981278695938, 46.951237974703311 ], [ 13.806003427095279, 46.951246160500581 ], [ 13.806112982613643, 46.951286644471772 ], [ 13.806304592643722, 46.951378074497988 ], [ 13.806461301205243, 46.951445715250422 ], [ 13.806538789958411, 46.951470856115179 ], [ 13.806589057685953, 46.951508437780539 ], [ 13.806672508361478, 46.951568555781336 ], [ 13.806736223805636, 46.951640633452428 ], [ 13.8068541911274, 46.951725441594995 ], [ 13.806914297403356, 46.951761092452031 ], [ 13.807007395488982, 46.95182728853257 ], [ 13.807070118740191, 46.951861668658189 ], [ 13.807155543786486, 46.951907291321909 ], [ 13.807198377537633, 46.951906842363115 ], [ 13.807577739298713, 46.951862425798112 ], [ 13.807686150280837, 46.95187744878362 ], [ 13.807814490832031, 46.95185810598322 ], [ 13.807894178616477, 46.951849764263294 ], [ 13.808017995498428, 46.951868321635466 ], [ 13.808112747530068, 46.951884121238677 ], [ 13.808202465065817, 46.951910019580289 ], [ 13.808286245235335, 46.951947910029205 ], [ 13.808381184827939, 46.951984673902373 ], [ 13.808440909479193, 46.952021585271574 ], [ 13.808542830082612, 46.952074876028078 ], [ 13.808652328365312, 46.952093852644708 ], [ 13.808714074709824, 46.952107000744249 ], [ 13.808786978798741, 46.952118842303626 ], [ 13.808874283775639, 46.952124684751965 ], [ 13.808954755982704, 46.952130555797289 ], [ 13.809088348205185, 46.952154739721159 ], [ 13.809150451882259, 46.952163747016364 ], [ 13.809248113295251, 46.952181513019411 ], [ 13.80938506168283, 46.952213600724562 ], [ 13.809457421932379, 46.952223374603818 ], [ 13.809478862659885, 46.952240470693326 ], [ 13.809699256150733, 46.952331504201837 ], [ 13.809841965157482, 46.952390471099037 ], [ 13.809960021810673, 46.952425876782563 ], [ 13.810010855571976, 46.952467593634701 ], [ 13.810085730774016, 46.95249400279512 ], [ 13.810188595370928, 46.952535050868477 ], [ 13.810209166050132, 46.952572305944898 ], [ 13.810245843379509, 46.952603284665145 ], [ 13.810270956475856, 46.952619555341407 ], [ 13.810318590023464, 46.952641399994391 ], [ 13.810341294739809, 46.952682155279717 ], [ 13.810361313537683, 46.952731110018817 ], [ 13.810401642900727, 46.952817590830655 ], [ 13.810507307618355, 46.952877702543901 ], [ 13.810582269267444, 46.952913648870094 ], [ 13.810654097333051, 46.952981101253179 ], [ 13.810683142871593, 46.953025518946831 ], [ 13.810700383574948, 46.95308699250991 ], [ 13.810763252604657, 46.953122539733151 ], [ 13.810818752353104, 46.953142281520357 ], [ 13.810903512826705, 46.95315722108662 ], [ 13.810998088049653, 46.953196863673661 ], [ 13.811081278291839, 46.953271016402638 ], [ 13.811235924974302, 46.953414962131625 ], [ 13.811298928347966, 46.953494598576107 ], [ 13.811337464528366, 46.95355679208842 ], [ 13.811392185911387, 46.953592193357387 ], [ 13.811456412925533, 46.953632503402289 ], [ 13.81151584285362, 46.953680032023811 ], [ 13.811554729114668, 46.95373727510065 ], [ 13.811577270653649, 46.953774341662424 ], [ 13.811610149705439, 46.953835749128189 ], [ 13.811624959533212, 46.953875187769107 ], [ 13.811674192172772, 46.953928518030253 ], [ 13.811737864002477, 46.95398007773067 ], [ 13.811756264580939, 46.954038846852526 ], [ 13.811759146719449, 46.954081665057018 ], [ 13.811763354026873, 46.954140314107569 ], [ 13.811777588819659, 46.954188843111545 ], [ 13.811789203040103, 46.954223616268976 ], [ 13.811792731500924, 46.954279838729654 ], [ 13.81181294965214, 46.954306927297104 ], [ 13.811833306317912, 46.954349401815556 ], [ 13.811836182865868, 46.954391590183619 ], [ 13.811837319972225, 46.954459520104074 ], [ 13.81183867959586, 46.954508373376186 ], [ 13.811873299456687, 46.954558705911204 ], [ 13.811889534269982, 46.954581222309706 ], [ 13.811917128325229, 46.954610169302313 ], [ 13.811940442081438, 46.954630766238502 ], [ 13.811962362238173, 46.954657127757571 ], [ 13.811966212380794, 46.954690673955724 ], [ 13.811962156284977, 46.95472182407547 ], [ 13.81194220732095, 46.954753851100598 ], [ 13.811923830348292, 46.954785331608164 ], [ 13.811920200842042, 46.954820079116068 ], [ 13.811924098763866, 46.954858933919745 ], [ 13.811944102995021, 46.954891422153537 ], [ 13.811966140895215, 46.954916253519343 ], [ 13.811998685525385, 46.954954987388646 ], [ 13.812026739021137, 46.954976554075557 ], [ 13.812060331884346, 46.955000346861475 ], [ 13.812164198883822, 46.955049847035383 ], [ 13.812306767190801, 46.955077498510327 ], [ 13.812616014493138, 46.955416585170269 ], [ 13.81263070298645, 46.955427860530641 ], [ 13.812612178542581, 46.955442965456314 ], [ 13.81258740816299, 46.955479511963567 ], [ 13.812572924898426, 46.955534730776613 ], [ 13.812561545112024, 46.95556978100327 ], [ 13.812554409312208, 46.955609132320319 ], [ 13.812472434684466, 46.955699638480482 ], [ 13.812482660176931, 46.955726049320177 ], [ 13.812494826801286, 46.955749122704518 ], [ 13.812531765593359, 46.955794136438371 ], [ 13.812556271706327, 46.955830294711092 ], [ 13.812579530276482, 46.955859259870422 ], [ 13.812610705851023, 46.955877214029073 ], [ 13.812642823215011, 46.955897593651713 ], [ 13.812664108290823, 46.95592629719718 ], [ 13.812692427044572, 46.95596261928285 ], [ 13.812731381830403, 46.955983419872915 ], [ 13.812804039111066, 46.956010916400238 ], [ 13.812813272662641, 46.956014746484172 ], [ 13.812832795176204, 46.956037428807605 ], [ 13.812845184260331, 46.956056002226219 ], [ 13.812852634906303, 46.956066138430629 ], [ 13.812862476981099, 46.956093720595575 ], [ 13.812876653874183, 46.956106527744765 ], [ 13.812899227280555, 46.956132346445678 ], [ 13.812956734687235, 46.956170254625043 ], [ 13.812975640051583, 46.956197348543533 ], [ 13.813004092075628, 46.956219273226267 ], [ 13.81302425312027, 46.956239883281491 ], [ 13.813039112312085, 46.95625547689697 ], [ 13.813057639623752, 46.956269795274451 ], [ 13.813079149726326, 46.956294268742404 ], [ 13.813104408358502, 46.956326374625633 ], [ 13.813120415520656, 46.956352670965693 ], [ 13.813122678070572, 46.956370387406224 ], [ 13.813119488796401, 46.956395595236614 ], [ 13.813118947216729, 46.95642295137786 ], [ 13.813118166215277, 46.956438341222984 ], [ 13.813251973241508, 46.956659575083812 ], [ 13.813261241007829, 46.956725401048082 ], [ 13.813263145322317, 46.956761654834779 ], [ 13.813263614484651, 46.95678450771031 ], [ 13.813270419010244, 46.956810393082442 ], [ 13.813272030065708, 46.95681416541359 ], [ 13.81328853080506, 46.956851437173476 ], [ 13.813317425683268, 46.956893245434074 ], [ 13.81332716355204, 46.95692379733368 ], [ 13.813351807609552, 46.956946007990496 ], [ 13.813382628037104, 46.956968192493356 ], [ 13.813420822066467, 46.957035605592552 ], [ 13.81346908290462, 46.957097217347069 ], [ 13.813517643806492, 46.957148390157379 ], [ 13.813565961222135, 46.957230786959009 ], [ 13.813577888616708, 46.95730002086615 ], [ 13.813612370245417, 46.957363760455465 ], [ 13.813666452189876, 46.957400513054615 ], [ 13.813824284822445, 46.957444114389034 ], [ 13.814043358171535, 46.957647529911313 ], [ 13.814030790855893, 46.957783722587159 ], [ 13.814036534397804, 46.957823019399363 ], [ 13.81407101446209, 46.957857425453106 ], [ 13.814118815785116, 46.957882597076789 ], [ 13.814125764874969, 46.957895344739647 ], [ 13.814127636452957, 46.957927909482194 ], [ 13.814100828827737, 46.957957176595009 ], [ 13.814088748910999, 46.957972884293206 ], [ 13.814083128229537, 46.958005300842473 ], [ 13.814089889783821, 46.958040904165294 ], [ 13.814092481868803, 46.958051420808793 ], [ 13.814205368758039, 46.958719401873417 ], [ 13.814280915648061, 46.958760742104637 ], [ 13.814880147726573, 46.959089054548429 ], [ 13.814901708252071, 46.95908986278269 ], [ 13.814949986359617, 46.959094966546715 ], [ 13.815044659412505, 46.959114899829515 ], [ 13.815101077949613, 46.959133645873855 ], [ 13.815187315150258, 46.959150825505731 ], [ 13.815270527440243, 46.959153261244495 ], [ 13.815323135061412, 46.959157536630968 ], [ 13.815403655338862, 46.959167452036816 ], [ 13.815488285488318, 46.959181309020735 ], [ 13.815575821553141, 46.959196773219503 ], [ 13.815639971936813, 46.95921305666036 ], [ 13.815714103584884, 46.959243064511789 ], [ 13.815782765603837, 46.959278584353569 ], [ 13.815846367527945, 46.959277863832469 ], [ 13.81589183394834, 46.959291707200478 ], [ 13.815927052282987, 46.959305864105318 ], [ 13.815951420172395, 46.959326365765826 ], [ 13.815996642047653, 46.959371163179561 ], [ 13.816011771539921, 46.959387385120763 ], [ 13.816086821408794, 46.959446092374158 ], [ 13.816150055758973, 46.959477226093426 ], [ 13.816225935100194, 46.959525941967698 ], [ 13.816280631540646, 46.959557561872579 ], [ 13.816332596666372, 46.959577855931968 ], [ 13.816394646917951, 46.959608814600251 ], [ 13.816452169892143, 46.959618827232603 ], [ 13.816495724933462, 46.959624760282487 ], [ 13.81653923581541, 46.959625834595208 ], [ 13.81658745321438, 46.959624189439801 ], [ 13.81663309921681, 46.959614367062507 ], [ 13.816681135982266, 46.959563953590198 ], [ 13.816719492234476, 46.959532927019737 ], [ 13.816804184344319, 46.959539044500019 ], [ 13.816864241094947, 46.959553095211042 ], [ 13.816931698660518, 46.959557216550749 ], [ 13.817011814944809, 46.959565962805051 ], [ 13.817083031255075, 46.959564309315233 ], [ 13.817133133043745, 46.959553118030421 ], [ 13.817213632961035, 46.959560692768278 ], [ 13.817283219466839, 46.959567684167922 ], [ 13.817339703178241, 46.95959344725069 ], [ 13.817409114076801, 46.959595580413925 ], [ 13.817533678799737, 46.959592889068361 ], [ 13.817578226267003, 46.959592338920089 ], [ 13.817623708416264, 46.959593404398838 ], [ 13.81768217718602, 46.959591804975261 ], [ 13.817735881281145, 46.959586536703839 ], [ 13.81776400065711, 46.959585966679832 ], [ 13.817846495143369, 46.959581655114818 ], [ 13.817897440893317, 46.959590975280328 ], [ 13.817924843126297, 46.959598236523647 ], [ 13.817978737532023, 46.959613842637729 ], [ 13.818024942290425, 46.959636500019563 ], [ 13.818066241123478, 46.959654409425013 ], [ 13.8180950488051, 46.959657255609237 ], [ 13.818131284963782, 46.959653231562399 ], [ 13.818201405397787, 46.959689913452124 ], [ 13.818255855201739, 46.959708756333377 ], [ 13.818282623437254, 46.959718539636476 ], [ 13.818346752290452, 46.959732302211066 ], [ 13.81836505722487, 46.959736362986476 ], [ 13.818414240579498, 46.959739751792377 ], [ 13.818451638156397, 46.959747779968751 ], [ 13.818509590417335, 46.959761568875805 ], [ 13.818543658207799, 46.959764752359469 ], [ 13.818598481118512, 46.959795650774545 ], [ 13.818639430373244, 46.959818420378234 ], [ 13.818680774708143, 46.959826881487182 ], [ 13.818715829033646, 46.959837349061125 ], [ 13.818759104466906, 46.959855789634155 ], [ 13.818805496246057, 46.959884474546925 ], [ 13.818844423496657, 46.959916070755035 ], [ 13.818860535585683, 46.959939036599195 ], [ 13.818907009593818, 46.959962322330476 ], [ 13.818987085708368, 46.959966568376032 ], [ 13.819027819032804, 46.959965674076081 ], [ 13.819071799870464, 46.959946230010054 ], [ 13.819103622030806, 46.959933766458917 ], [ 13.819145671984785, 46.9599331364157 ], [ 13.819199494712313, 46.959940824036877 ], [ 13.819258088210308, 46.959967206989276 ], [ 13.819312817344397, 46.960002154555205 ], [ 13.819334712105581, 46.96002509555008 ], [ 13.819420877939988, 46.96007727442916 ], [ 13.819448284163222, 46.960099291978466 ], [ 13.81952034914333, 46.960118508640086 ], [ 13.819584237629504, 46.960105907464509 ], [ 13.819630638547292, 46.960106788241632 ], [ 13.819711548735894, 46.960115979089949 ], [ 13.819812234643855, 46.960175023839255 ], [ 13.819874571869594, 46.96020831886041 ], [ 13.819924266978161, 46.960224481952075 ], [ 13.819968648870772, 46.960248855986819 ], [ 13.82002839950416, 46.960272354224649 ], [ 13.820074952178651, 46.960289790455427 ], [ 13.820105225705646, 46.960294789354911 ], [ 13.820151099899864, 46.960309888991894 ], [ 13.820207054339257, 46.960335023070257 ], [ 13.820264029693995, 46.96035682348414 ], [ 13.820313391800735, 46.960379646342886 ], [ 13.820405652143741, 46.960408313575378 ], [ 13.820468793378295, 46.960443224456128 ], [ 13.820555944735183, 46.960488019902144 ], [ 13.820599145730363, 46.960526885517154 ], [ 13.820659946155002, 46.960578812536951 ], [ 13.820715645459984, 46.960619064072873 ], [ 13.820731073652091, 46.960624666489863 ], [ 13.820784502600008, 46.960660968638649 ], [ 13.820838681976404, 46.960707435256133 ], [ 13.820877306302821, 46.9607201363144 ], [ 13.820932753808405, 46.960761558565338 ], [ 13.820990449927713, 46.960775887193272 ], [ 13.821012977908502, 46.96081043254253 ], [ 13.821011494479066, 46.960863616996811 ], [ 13.82104131703778, 46.960876715771739 ], [ 13.821120806819906, 46.960902827936984 ], [ 13.82120780906248, 46.960945553993341 ], [ 13.82123778863895, 46.960975748207915 ], [ 13.821278959643275, 46.961022450546672 ], [ 13.821356456955519, 46.9610462316463 ], [ 13.821412358263354, 46.96105111990417 ], [ 13.82147436034289, 46.961062010521218 ], [ 13.821566438979669, 46.961113622455365 ], [ 13.82163877722836, 46.961176656779529 ], [ 13.821688682100703, 46.961215493117592 ], [ 13.821756843155212, 46.961252991086035 ], [ 13.821808439258289, 46.961275623718841 ], [ 13.821813717647174, 46.961277940457094 ], [ 13.821916003270569, 46.961324649231472 ], [ 13.821965949014528, 46.961367894284521 ], [ 13.82202910658687, 46.961418640685594 ], [ 13.822094804076217, 46.961445441470254 ], [ 13.822131119067878, 46.961464180707338 ], [ 13.822154128115946, 46.961479468077215 ], [ 13.822517716668086, 46.961557262414566 ], [ 13.824016235343798, 46.962152483393233 ], [ 13.824128229224996, 46.962196898685242 ], [ 13.824746643172629, 46.962442564911434 ], [ 13.824771730804263, 46.962782040138705 ], [ 13.824989664197073, 46.963111051603484 ], [ 13.825211478346985, 46.963276822380145 ], [ 13.825331650402886, 46.963366640851063 ], [ 13.826641656774035, 46.964345599483444 ], [ 13.827602830565914, 46.964839093019407 ], [ 13.82856654260773, 46.965744135343733 ], [ 13.829007172764362, 46.966158007361472 ], [ 13.829220290508918, 46.967192204200046 ], [ 13.829202996621772, 46.967212345326963 ], [ 13.829178554279549, 46.967241155772712 ], [ 13.829157281857492, 46.967285698832896 ], [ 13.829134063024021, 46.96733294979412 ], [ 13.829116008972901, 46.967356153546284 ], [ 13.829109068318909, 46.967373010123524 ], [ 13.829107214265838, 46.967385615410791 ], [ 13.829104670963879, 46.967422968176479 ], [ 13.829103955696313, 46.967444926392538 ], [ 13.829102945994659, 46.967477593500725 ], [ 13.82910361694689, 46.967493157086025 ], [ 13.829110071991677, 46.967508785366682 ], [ 13.829111513946, 46.967522456004197 ], [ 13.829111312679865, 46.967543152255132 ], [ 13.829105285852432, 46.967545248137881 ], [ 13.829083932014838, 46.967552899790803 ], [ 13.829064682338776, 46.967574759062501 ], [ 13.829053670426081, 46.967591993351064 ], [ 13.8290606713614, 46.967609778765421 ], [ 13.82906729696478, 46.967615508516829 ], [ 13.829125596790496, 46.967651245621447 ], [ 13.829078548220265, 46.967666207985687 ], [ 13.829047603998378, 46.967730768832077 ], [ 13.829060385196062, 46.967762295902411 ], [ 13.829016241362915, 46.96780684892218 ], [ 13.829001609531801, 46.967830577577232 ], [ 13.828998313810743, 46.967843639062558 ], [ 13.828998591568615, 46.967873421186638 ], [ 13.828990254189675, 46.96788146583274 ], [ 13.828960730036078, 46.967886903671662 ], [ 13.828947214525185, 46.967889392191083 ], [ 13.828921094340039, 46.967893375466453 ], [ 13.828908986339535, 46.967905845596761 ], [ 13.828896954680259, 46.967926503560548 ], [ 13.828883697554357, 46.967956704744026 ], [ 13.828875790535566, 46.96796861663568 ], [ 13.82884403659164, 46.968002767765718 ], [ 13.828739533762988, 46.96811506927331 ], [ 13.828750245990298, 46.968136167750409 ], [ 13.828774239701945, 46.968171964907356 ], [ 13.828797581027883, 46.968194177948803 ], [ 13.828819781362023, 46.968220894963835 ], [ 13.82884033649596, 46.968240330792895 ], [ 13.828856132980468, 46.968256908053583 ], [ 13.828879465988347, 46.968278221316098 ], [ 13.82895117383932, 46.968342153607814 ], [ 13.828970716149735, 46.968365732913753 ], [ 13.828991566773595, 46.968416840339692 ], [ 13.828999692322355, 46.968442449092024 ], [ 13.829014597681477, 46.968476216381305 ], [ 13.829030602937854, 46.968501070854067 ], [ 13.8290543693712, 46.968540648101197 ], [ 13.829073653116369, 46.968564678419362 ], [ 13.829085115091516, 46.968595671374629 ], [ 13.829089858008398, 46.968639110921394 ], [ 13.829093377681431, 46.968678236781138 ], [ 13.829095576745294, 46.968702611714214 ], [ 13.829101724903765, 46.968727599243991 ], [ 13.829105948125374, 46.968743507220694 ], [ 13.829116660963745, 46.968778732501676 ], [ 13.829122138008387, 46.968816320146317 ], [ 13.829131660349695, 46.968850740811227 ], [ 13.829135811746228, 46.968873037671855 ], [ 13.829142366017997, 46.968899283142441 ], [ 13.829142055981599, 46.968922409325181 ], [ 13.829142358661862, 46.968940763896114 ], [ 13.829146783025216, 46.968964139321564 ], [ 13.829155955225508, 46.968989203608437 ], [ 13.829155656597026, 46.968999462619486 ], [ 13.829153917500046, 46.969024394647114 ], [ 13.829151560299154, 46.969039431590787 ], [ 13.829139842564214, 46.969065576979204 ], [ 13.829138627199754, 46.969076199917239 ], [ 13.829135943659191, 46.969098526656857 ], [ 13.829125138781423, 46.969137985074219 ], [ 13.829130064920585, 46.969172875730571 ], [ 13.829148033527941, 46.969224985506465 ], [ 13.829170764786653, 46.969266276873576 ], [ 13.829212119233757, 46.969317114660591 ], [ 13.829238709516259, 46.96933526431468 ], [ 13.82924929372918, 46.969342596385431 ], [ 13.829262118338244, 46.969350548517966 ], [ 13.829277306390628, 46.969358220374779 ], [ 13.82928628979719, 46.96936304000554 ], [ 13.829295567997317, 46.9693712775817 ], [ 13.829324717876903, 46.96939607453367 ], [ 13.829355066719987, 46.969422575852306 ], [ 13.829404300459746, 46.969444405591297 ], [ 13.829453376759297, 46.96946344662166 ], [ 13.829462271595025, 46.969472855599705 ], [ 13.829481529418805, 46.969508133448329 ], [ 13.829508204778655, 46.969563534336174 ], [ 13.829550830906943, 46.969595650624669 ], [ 13.82955528445274, 46.969608048362588 ], [ 13.829560390173736, 46.969619903367651 ], [ 13.829582167751859, 46.969643472791397 ], [ 13.82958953153585, 46.969657837351754 ], [ 13.829595571652726, 46.969671217924763 ], [ 13.829606186327188, 46.969709952806035 ], [ 13.829662500970409, 46.969786189276071 ], [ 13.82970361105291, 46.969838917534283 ], [ 13.829701699218049, 46.969873478173788 ], [ 13.829694469483224, 46.969887546674649 ], [ 13.829656631186715, 46.969931802401732 ], [ 13.829640701787948, 46.969943299552355 ], [ 13.829618255657254, 46.969960763887819 ], [ 13.829604825351222, 46.969972430057801 ], [ 13.829596271898382, 46.9699855145656 ], [ 13.82958228946935, 46.970036594333962 ], [ 13.829583198739728, 46.970063584318076 ], [ 13.829589561906616, 46.970097478889564 ], [ 13.82960011784767, 46.970129915437255 ], [ 13.829600664256379, 46.97014619940385 ], [ 13.829600325845085, 46.970166266396689 ], [ 13.829609324541313, 46.970172705573425 ], [ 13.829625768137092, 46.970188110160308 ], [ 13.829630697951806, 46.970195196998766 ], [ 13.829647304935683, 46.970214020102866 ], [ 13.82965711548202, 46.970237012020348 ], [ 13.829664909834884, 46.970255243826621 ], [ 13.829604108059451, 46.970331992777218 ], [ 13.82958912263128, 46.970360132066418 ], [ 13.829588556988451, 46.970369942347652 ], [ 13.829588304645844, 46.970385150050561 ], [ 13.829588916123523, 46.97039432532236 ], [ 13.829594844203669, 46.970409775922953 ], [ 13.829603092549807, 46.97043439431814 ], [ 13.829604320552884, 46.970453284718673 ], [ 13.829602306125722, 46.970476868259979 ], [ 13.829583153528219, 46.97052329169609 ], [ 13.829580822427671, 46.97054111791055 ], [ 13.829580328196217, 46.970558576168607 ], [ 13.829579985573757, 46.970578193280325 ], [ 13.829577542514409, 46.970654416922983 ], [ 13.829575123812937, 46.970733249875252 ], [ 13.829588045229157, 46.970821913496152 ], [ 13.829620204380362, 46.970901404972793 ], [ 13.829676017209881, 46.970980073092953 ], [ 13.829705146103921, 46.971044731127741 ], [ 13.8296924779652, 46.971095805156352 ], [ 13.829672264274366, 46.971113079770724 ], [ 13.829644440957891, 46.971131917337949 ], [ 13.829633241228075, 46.971157250690055 ], [ 13.829632877614442, 46.971174618396837 ], [ 13.829632783616081, 46.971192704762835 ], [ 13.829638840361371, 46.971221921719163 ], [ 13.829648647728741, 46.971244553732284 ], [ 13.829659453865425, 46.97128967634255 ], [ 13.829648938354808, 46.97134604975848 ], [ 13.829635457629774, 46.971436808460091 ], [ 13.82962369507062, 46.971458185159207 ], [ 13.829626961670993, 46.971498301889447 ], [ 13.829637182390389, 46.971537038492372 ], [ 13.829646942397888, 46.971568668700392 ], [ 13.829640268097121, 46.971600010901689 ], [ 13.829639965345919, 46.971609820032683 ], [ 13.829633715152838, 46.971630272813059 ], [ 13.829630339525297, 46.971634786577361 ], [ 13.829620835427519, 46.971644635969831 ], [ 13.829614856049673, 46.971651860522783 ], [ 13.829610190308108, 46.971658989347731 ], [ 13.829601796600979, 46.971675132471219 ], [ 13.829574932589452, 46.971698194876545 ], [ 13.829575277905072, 46.971735175093528 ], [ 13.829569507333673, 46.971778840578963 ], [ 13.829570555177398, 46.97179251293521 ], [ 13.829575378890871, 46.971802299636927 ], [ 13.829582080689706, 46.97181612721571 ], [ 13.829587011489695, 46.971823304032135 ], [ 13.829589255816451, 46.971838410831261 ], [ 13.829581463022953, 46.971848522672396 ], [ 13.829577061836636, 46.971855830298125 ], [ 13.82957583893405, 46.971865643454684 ], [ 13.829579560278598, 46.971884073047065 ], [ 13.829589220330396, 46.971904996092476 ], [ 13.829579315277622, 46.971970454796853 ], [ 13.82963291911574, 46.973473424002847 ], [ 13.829641994579735, 46.973727307489007 ], [ 13.829564231797265, 46.974437678874388 ], [ 13.829797843571184, 46.974733950112899 ], [ 13.82984693321754, 46.974796091293676 ], [ 13.83085977146564, 46.975617218655209 ], [ 13.831060859582925, 46.975780279812135 ], [ 13.831646536601177, 46.975823148239968 ], [ 13.832348530897665, 46.975708936994955 ], [ 13.832802416237637, 46.976318262708389 ], [ 13.833260121881098, 46.976829491726505 ], [ 13.8352650685979, 46.978411752523229 ], [ 13.836858538861202, 46.978972463944707 ], [ 13.837502257004884, 46.979197793917756 ], [ 13.838085565337373, 46.979401973850983 ], [ 13.839120745086248, 46.980600034896646 ], [ 13.839183626707625, 46.980672908206373 ], [ 13.839286635971268, 46.981149072542621 ], [ 13.839499197767156, 46.982166607205968 ], [ 13.839852311330393, 46.983486476488821 ], [ 13.839906926861808, 46.983684818347662 ], [ 13.840162437755646, 46.984612450049944 ], [ 13.841552592665046, 46.98503444578926 ], [ 13.840871874514729, 46.985432235056017 ], [ 13.84017309284526, 46.986115337276495 ], [ 13.840005041621415, 46.98658326368934 ], [ 13.83984718481196, 46.987251889544631 ], [ 13.840547882443641, 46.987910651607578 ], [ 13.840832623565003, 46.988178238368064 ], [ 13.841109273614649, 46.988438212342317 ], [ 13.842154721607169, 46.98976298241552 ], [ 13.844198252340144, 46.990492985233779 ], [ 13.847437699325779, 46.991275576374122 ], [ 13.848472412852837, 46.991525526883912 ], [ 13.848628629500423, 46.991538224579308 ], [ 13.848751000127667, 46.991586437942793 ], [ 13.848811748857665, 46.991612976018551 ], [ 13.848883326680623, 46.991644233799406 ], [ 13.848945091714899, 46.99166707800714 ], [ 13.848994710158445, 46.991684938503298 ], [ 13.849064722923208, 46.991703966004444 ], [ 13.849126558450942, 46.99172051119433 ], [ 13.849306318708127, 46.991774221792951 ], [ 13.849376506025896, 46.991797657328803 ], [ 13.849535535132283, 46.99184255382832 ], [ 13.849600131541589, 46.99185899622168 ], [ 13.849667870815088, 46.991874074577126 ], [ 13.849737012869564, 46.991884647508464 ], [ 13.849802028665451, 46.991890110319304 ], [ 13.849847986067374, 46.991896559648893 ], [ 13.849916097203931, 46.99190929668417 ], [ 13.849988192680923, 46.991926064636957 ], [ 13.85006267441652, 46.991944801237324 ], [ 13.850186615129806, 46.991964932153948 ], [ 13.850245512832673, 46.991976811159255 ], [ 13.850435575971073, 46.992007978043532 ], [ 13.850534758466768, 46.992037939246885 ], [ 13.850643601762423, 46.992074154920878 ], [ 13.850726826781152, 46.992099419766689 ], [ 13.850829432946902, 46.992129815003025 ], [ 13.850925906152369, 46.992151600042433 ], [ 13.851010744458334, 46.992166959521739 ], [ 13.851085457442759, 46.992182365139172 ], [ 13.851204588038417, 46.992208095657332 ], [ 13.851348059999088, 46.992235154610356 ], [ 13.851431754561339, 46.992254568098048 ], [ 13.851528493870049, 46.992276621352666 ], [ 13.851642384259733, 46.992304354904476 ], [ 13.851864885888514, 46.992344369229649 ], [ 13.851946896800294, 46.992366399453502 ], [ 13.85200698437321, 46.992392308992606 ], [ 13.852082243287644, 46.992409691021798 ], [ 13.852172153677953, 46.992419177747955 ], [ 13.852284213928217, 46.992434501785191 ], [ 13.852341130466128, 46.992445398988565 ], [ 13.852413990053979, 46.992459462512471 ], [ 13.852487932447643, 46.992476670336323 ], [ 13.852629973798818, 46.992518670904062 ], [ 13.852699784900445, 46.992543725758821 ], [ 13.852782034419157, 46.992576641872503 ], [ 13.852850541234034, 46.992602782366191 ], [ 13.852902407032181, 46.992621620655498 ], [ 13.852960343843151, 46.992642680620477 ], [ 13.853027397294662, 46.992668107823569 ], [ 13.853147234639435, 46.992712099020146 ], [ 13.853258948259985, 46.992759096654964 ], [ 13.85331377692475, 46.992785029603525 ], [ 13.85339873206515, 46.992825581177293 ], [ 13.853498945738206, 46.992866512642621 ], [ 13.853613562009597, 46.99290098940201 ], [ 13.853726625279579, 46.992924585585648 ], [ 13.85385619860488, 46.992942077261119 ], [ 13.85396600642145, 46.992955520397793 ], [ 13.854074253930396, 46.992970770189558 ], [ 13.854192732884119, 46.992996770517976 ], [ 13.854411017195986, 46.993075580627078 ], [ 13.85461768953323, 46.993163711607814 ], [ 13.854781902491853, 46.993213345925639 ], [ 13.855639334920793, 46.994484869510913 ], [ 13.855685630587475, 46.99452541736833 ], [ 13.857008609404632, 46.995684831253641 ], [ 13.85934110601794, 46.995935525456282 ], [ 13.859678409303662, 46.996065332357595 ], [ 13.861847927585824, 46.996976042070578 ], [ 13.861890912725386, 46.99699511560295 ], [ 13.862002866349309, 46.997039431183559 ], [ 13.861893890003065, 46.99830414093578 ], [ 13.861872525084658, 46.998552018583183 ], [ 13.861816728467883, 46.99910664568737 ], [ 13.861570506776214, 46.99952452573973 ], [ 13.861228995400982, 46.99987917862321 ], [ 13.860654401149523, 47.000475844327426 ], [ 13.860313039189503, 47.000995265185985 ], [ 13.860216281575463, 47.001583275218735 ], [ 13.86031398711685, 47.002574266856705 ], [ 13.860314026574034, 47.002574266673506 ], [ 13.860750754702007, 47.003905085622407 ], [ 13.860928054305093, 47.004394292977416 ], [ 13.861485708197089, 47.005963111144219 ], [ 13.861474324769228, 47.006075009328008 ], [ 13.86144675362692, 47.006344807854653 ], [ 13.861423901362949, 47.006586510638172 ], [ 13.861373974068618, 47.006909861308571 ], [ 13.861157829672077, 47.007436980032047 ], [ 13.861046384363918, 47.007685573233331 ], [ 13.860935029549852, 47.008075794498616 ], [ 13.860660049340366, 47.008785755199227 ], [ 13.860555812369999, 47.009018927810885 ], [ 13.86041655508571, 47.009911996625213 ], [ 13.860415535909308, 47.010127413579546 ], [ 13.860319633977275, 47.010577849044097 ], [ 13.860299776806798, 47.010671340513198 ], [ 13.860496490805053, 47.011219395343197 ], [ 13.860569723475638, 47.011652489074223 ], [ 13.860662272163943, 47.011990474105922 ], [ 13.860738706791857, 47.012586776647552 ], [ 13.86091503291472, 47.013160479832948 ], [ 13.861020731005883, 47.013669455522439 ], [ 13.860981481273406, 47.014393077471887 ], [ 13.8610552686179, 47.014563426607616 ], [ 13.861208322535646, 47.015071372150324 ], [ 13.861257846343237, 47.015235895300151 ], [ 13.861521842044141, 47.01568078832355 ], [ 13.861690969185895, 47.016018326238999 ], [ 13.862006450727694, 47.016427256450889 ], [ 13.861834939557797, 47.016643647211652 ], [ 13.861650466181262, 47.017197073263887 ], [ 13.861518078309757, 47.017537723834323 ], [ 13.861495492728263, 47.017806689251337 ], [ 13.861440000836639, 47.018312365242004 ], [ 13.861213188463802, 47.018922404932624 ], [ 13.861120476323881, 47.01935051104828 ], [ 13.861057920033463, 47.019569543289535 ], [ 13.861001851369446, 47.019766230293612 ], [ 13.86093835185342, 47.020300916764867 ], [ 13.861105873311976, 47.020555231500651 ], [ 13.861135747547207, 47.02066180892885 ], [ 13.861476080748476, 47.02076253352984 ], [ 13.861542081935436, 47.020955953474861 ], [ 13.861519233663209, 47.021185418856327 ], [ 13.861666658381299, 47.021521978040177 ], [ 13.861791781628769, 47.021746075833072 ], [ 13.861999836096283, 47.021828428739511 ], [ 13.862550956159041, 47.022324170568879 ], [ 13.862996451098342, 47.022650790205901 ], [ 13.863175863000576, 47.023053243596962 ], [ 13.863639423172529, 47.023422247024385 ], [ 13.863874415566707, 47.023710704960848 ], [ 13.863909293412018, 47.024053905799086 ], [ 13.863911487360387, 47.0240759406555 ], [ 13.864199144229357, 47.024459170740741 ], [ 13.864256224416291, 47.024535386877815 ], [ 13.864652819372923, 47.024719430458248 ], [ 13.86467825280365, 47.024933553914742 ], [ 13.865466406153089, 47.025808877908986 ], [ 13.865553943395236, 47.025913096421256 ], [ 13.865572068284413, 47.025920182871964 ], [ 13.866592078769674, 47.026993888896229 ], [ 13.867740482394286, 47.028007046014089 ], [ 13.86790480811171, 47.028122598732317 ], [ 13.868129450023263, 47.028280562692878 ], [ 13.868111553642677, 47.028451735061481 ], [ 13.868303336070014, 47.028882403033009 ], [ 13.868498973676008, 47.029293121937741 ], [ 13.868648774844631, 47.029369330788569 ], [ 13.868936449817637, 47.029654200824559 ], [ 13.869269694593903, 47.030195316252588 ], [ 13.869515332899665, 47.030420393534122 ], [ 13.869628404910229, 47.030662904725922 ], [ 13.86973487064343, 47.030811543819773 ], [ 13.869927228559288, 47.030940260300092 ], [ 13.86993777529287, 47.030947318887527 ], [ 13.870325350669859, 47.031146295271476 ], [ 13.87057412472055, 47.031300631136837 ], [ 13.870614518133117, 47.031349236218944 ], [ 13.870717993105011, 47.031473728909688 ], [ 13.870862022346202, 47.031647023698646 ], [ 13.870821949489093, 47.031765303221874 ], [ 13.870817949961802, 47.031777118539445 ], [ 13.870873729183504, 47.031920687657433 ], [ 13.871184794062611, 47.031848796366447 ], [ 13.871474348497872, 47.031834755370198 ], [ 13.871743393100207, 47.031861643839093 ], [ 13.872138307795096, 47.031988865176693 ], [ 13.87297302018888, 47.032652454881138 ], [ 13.8736156723067, 47.033159397316552 ], [ 13.874024075089032, 47.033472428863661 ], [ 13.87413188920169, 47.033648312460024 ], [ 13.874561741642284, 47.03410501014875 ], [ 13.874929554758237, 47.0344785545864 ], [ 13.875155343876399, 47.034754535273557 ], [ 13.875379266622321, 47.035155551774075 ], [ 13.875498752935846, 47.03545677465403 ], [ 13.87569651515628, 47.035588425039869 ], [ 13.87576721729671, 47.035709515507435 ], [ 13.876164127594786, 47.036095055358807 ], [ 13.876177097072455, 47.036284788392521 ], [ 13.876371813858151, 47.036578857263727 ], [ 13.876450867838662, 47.036717120573911 ], [ 13.876591827382383, 47.036994916800985 ], [ 13.876868261709861, 47.037412901429249 ], [ 13.877153499929696, 47.037791791879627 ], [ 13.87729783003039, 47.038007412857269 ], [ 13.877774457422806, 47.038207539259574 ], [ 13.878586315712511, 47.038882436476513 ], [ 13.87904710323272, 47.039437929120965 ], [ 13.879249753087766, 47.039722561121309 ], [ 13.87964044424294, 47.040190324773832 ], [ 13.87981393623139, 47.040518808375978 ], [ 13.880010150492495, 47.041073653312431 ], [ 13.880090598882541, 47.041298432316786 ], [ 13.880250689578302, 47.041615912227122 ], [ 13.880343054199614, 47.041975000986191 ], [ 13.880345577198559, 47.042093366676774 ], [ 13.880469991825031, 47.042319355354245 ], [ 13.880750411062454, 47.042601171631262 ], [ 13.880878763307864, 47.042723708747438 ], [ 13.881026271557973, 47.043076169532149 ], [ 13.881153179877032, 47.043552182209091 ], [ 13.881384178301101, 47.044263305500849 ], [ 13.881406239373074, 47.044555148544852 ], [ 13.881407799001375, 47.044938177378476 ], [ 13.881405483386763, 47.045264618414997 ], [ 13.881625293938871, 47.045611672674816 ], [ 13.881883851976461, 47.045959079286476 ], [ 13.882228980299494, 47.046237889092367 ], [ 13.882716147360473, 47.046452781953597 ], [ 13.882801413730787, 47.046493841369845 ], [ 13.883147715239728, 47.046552173444269 ], [ 13.883456979842954, 47.046579298774468 ], [ 13.883733394722277, 47.046687078664569 ], [ 13.883879906366719, 47.04716392020363 ], [ 13.883920752533648, 47.047399749105502 ], [ 13.884375771333232, 47.047692695545933 ], [ 13.884742510318519, 47.047942059463303 ], [ 13.884955907652753, 47.048268002205887 ], [ 13.884909096548389, 47.048347924917117 ], [ 13.88513796073779, 47.048770970769645 ], [ 13.885315569653169, 47.049172876961251 ], [ 13.885560503910478, 47.049570847415033 ], [ 13.885882697085012, 47.050018551527906 ], [ 13.886074903382262, 47.050349760150723 ], [ 13.886138719427315, 47.050494407625052 ], [ 13.886228625319312, 47.050738554095631 ], [ 13.886713243784108, 47.051251438701982 ], [ 13.88675199972001, 47.05170318415135 ], [ 13.886777310192491, 47.052074984748494 ], [ 13.88691246042087, 47.052353453640848 ], [ 13.887116671365547, 47.052589664005339 ], [ 13.887229251867822, 47.052680768929292 ], [ 13.887259206110235, 47.052705007497345 ], [ 13.887341861669366, 47.052835174628299 ], [ 13.887436350580401, 47.052983981857814 ], [ 13.887462042832224, 47.053202706237307 ], [ 13.887537058004558, 47.053405452484554 ], [ 13.887496952772178, 47.053997726422686 ], [ 13.887483720324578, 47.054099765455973 ], [ 13.887589101711605, 47.054365961506861 ], [ 13.887716458235586, 47.054574202002492 ], [ 13.887985281993718, 47.054806181399691 ], [ 13.888299996234453, 47.055053700533442 ], [ 13.888328488840299, 47.055085297343709 ], [ 13.888341826399449, 47.055086590888109 ], [ 13.888363309003058, 47.055123935673649 ], [ 13.888489268092179, 47.055342862790809 ], [ 13.888577426406032, 47.055379170865812 ], [ 13.889394129323831, 47.055715499425389 ], [ 13.889799791001735, 47.055876017386332 ], [ 13.889937892198352, 47.05590368463848 ], [ 13.890150380226878, 47.055914790749455 ], [ 13.890239986245239, 47.055919480422041 ], [ 13.890668117923102, 47.056081648769386 ], [ 13.890976789938684, 47.056298542978539 ], [ 13.891113256920228, 47.056484968824762 ], [ 13.891179646810475, 47.056494207759329 ], [ 13.891299926640382, 47.056510947298207 ], [ 13.891522923189044, 47.056541983842273 ], [ 13.891614705241441, 47.056570677451319 ], [ 13.891808467319381, 47.056584931818335 ], [ 13.892061205622442, 47.056625799909298 ], [ 13.892245341938525, 47.056651168430641 ], [ 13.892358398952014, 47.056625876656298 ], [ 13.892485478783289, 47.05665437788555 ], [ 13.892953586088435, 47.056759356496265 ], [ 13.892958887982697, 47.056762704637599 ], [ 13.892963299536722, 47.056761531161591 ], [ 13.893467010479721, 47.056987454604553 ], [ 13.893470852826523, 47.056990980880286 ], [ 13.893692831744328, 47.057194645170789 ], [ 13.893693735860886, 47.057195477527287 ], [ 13.893698200960038, 47.057203112818051 ], [ 13.893979341955163, 47.057683677684309 ], [ 13.894952939526759, 47.058283275163959 ], [ 13.895097895608082, 47.058436469653238 ], [ 13.895333012258824, 47.058840091784589 ], [ 13.895618418395699, 47.059040019378976 ], [ 13.895729132317333, 47.059117565225954 ], [ 13.895868327868843, 47.059215071531305 ], [ 13.896078212388485, 47.059334389699828 ], [ 13.896286648340769, 47.059377897353599 ], [ 13.896635791975511, 47.059559402592548 ], [ 13.896848288426627, 47.059764430535068 ], [ 13.897124437555005, 47.059913741454906 ], [ 13.897461301662577, 47.060202912435415 ], [ 13.897548991861623, 47.06028053484863 ], [ 13.897682698576697, 47.060316960662625 ], [ 13.897769372641234, 47.060579992155475 ], [ 13.897815419573982, 47.060625833265611 ], [ 13.898158453760942, 47.060924842388815 ], [ 13.898079943095105, 47.061255819890476 ], [ 13.897722946308706, 47.061587821015259 ], [ 13.897699475461271, 47.061609532841395 ], [ 13.897809716003984, 47.061735857311234 ], [ 13.898091572354703, 47.06186591781217 ], [ 13.89818797598533, 47.062139518296263 ], [ 13.898338533909486, 47.062304963178633 ], [ 13.8991808381883, 47.062844252181193 ], [ 13.899255359965547, 47.062917484859582 ], [ 13.899370071504046, 47.063030288543843 ], [ 13.900029241627054, 47.063336534931885 ], [ 13.900444954365245, 47.063447026168959 ], [ 13.900665038873226, 47.063549764711162 ], [ 13.900766394526302, 47.06361998306685 ], [ 13.900973931777923, 47.063891406594493 ], [ 13.90112359027481, 47.064352977222782 ], [ 13.901140067179419, 47.064403733711366 ], [ 13.901147851751798, 47.064995764609506 ], [ 13.901227009035408, 47.065243174543774 ], [ 13.901230554030704, 47.065254494333971 ], [ 13.901225923653081, 47.065277102507558 ], [ 13.901187381233623, 47.065465533718346 ], [ 13.901181497585315, 47.065494086846414 ], [ 13.901134693456621, 47.06572269049353 ], [ 13.901122801100451, 47.065780427228965 ], [ 13.901040933225303, 47.065919675719876 ], [ 13.901045846724514, 47.066132724301532 ], [ 13.900969781849723, 47.066223624374139 ], [ 13.901163724866755, 47.066355826128223 ], [ 13.901337239584025, 47.066474092754312 ], [ 13.901344525339214, 47.066514997331126 ], [ 13.90135195531075, 47.066557070929299 ], [ 13.901504017786134, 47.066614977833119 ], [ 13.901668790606182, 47.066875906299011 ], [ 13.901647211754812, 47.067098895194277 ], [ 13.90163465748825, 47.067193167255482 ], [ 13.901906606585925, 47.067292224835725 ], [ 13.901897871072848, 47.0674847362083 ], [ 13.902037282776128, 47.067652121641409 ], [ 13.902431155520155, 47.067871501158571 ], [ 13.902783188296738, 47.06809414832005 ], [ 13.902774404203834, 47.06815915805057 ], [ 13.902663471301755, 47.068228368771528 ], [ 13.902375358548657, 47.068341837187234 ], [ 13.902337640360956, 47.068361371794765 ], [ 13.90228048755254, 47.068386132563212 ], [ 13.902258858670811, 47.068395508808258 ], [ 13.902237022370084, 47.068410104939545 ], [ 13.902174547984352, 47.068503547192442 ], [ 13.902108273333909, 47.068537351553431 ], [ 13.902064919380869, 47.068559433721788 ], [ 13.902093927051629, 47.068636401581919 ], [ 13.9022362694328, 47.068806561499919 ], [ 13.902266837888831, 47.068844830015003 ], [ 13.902383634772333, 47.068990643023369 ], [ 13.902668841168827, 47.069366861462505 ], [ 13.902798355538724, 47.069531686143797 ], [ 13.902903843919432, 47.069666577709008 ], [ 13.902993915449205, 47.069800646656844 ], [ 13.903243009257503, 47.070136733566294 ], [ 13.903383572912436, 47.070299972519827 ], [ 13.903559181096259, 47.070525571716004 ], [ 13.903705676184646, 47.070652338531673 ], [ 13.903862810390777, 47.070727403109402 ], [ 13.903967588488577, 47.070820276512869 ], [ 13.903877840462245, 47.070900359602206 ], [ 13.903850055054399, 47.070925153668981 ], [ 13.903814610049119, 47.070960243922606 ], [ 13.903774566499363, 47.070984109720726 ], [ 13.903663466350769, 47.071050442858414 ], [ 13.903612355309432, 47.071098388855418 ], [ 13.903591368394746, 47.07111855975203 ], [ 13.90350413052316, 47.07117496515 ], [ 13.903426264560087, 47.071257867628688 ], [ 13.903379791591938, 47.071296252350585 ], [ 13.903270847381297, 47.071330451350875 ], [ 13.903215062151684, 47.071347917317041 ], [ 13.903196396659842, 47.071388052103956 ], [ 13.90318634804936, 47.071396650609657 ], [ 13.903167555193866, 47.07141267133558 ], [ 13.903130623086891, 47.071444259599829 ], [ 13.903055522968348, 47.071515000624309 ], [ 13.902977768472374, 47.071583865318459 ], [ 13.90279293315926, 47.071701136027762 ], [ 13.902669062276956, 47.071780399336468 ], [ 13.902561029190139, 47.07186282247001 ], [ 13.902442940174621, 47.071953214112931 ], [ 13.902379100431942, 47.071993395006714 ], [ 13.902254979835865, 47.072086336096611 ], [ 13.902179924426921, 47.072124593457183 ], [ 13.902021383332034, 47.072188732946032 ], [ 13.90192906482682, 47.072226086738532 ], [ 13.90179320917788, 47.072281024407729 ], [ 13.901329083065693, 47.072772657202933 ], [ 13.900903108282542, 47.073014852438106 ], [ 13.900208696397923, 47.073341706936361 ], [ 13.900192612825995, 47.0733525847781 ], [ 13.899822942642725, 47.07360187344279 ], [ 13.89971536814603, 47.073752676466036 ], [ 13.899580669170428, 47.073941226236634 ], [ 13.899540339379492, 47.074099072408508 ], [ 13.899212474406106, 47.074304780327019 ], [ 13.899047612339578, 47.074407008692347 ], [ 13.899003648502871, 47.07443422156247 ], [ 13.89890718818007, 47.074565442784831 ], [ 13.898883427291022, 47.07459750397836 ], [ 13.898715150620054, 47.074824371355746 ], [ 13.898457305570684, 47.074902496781085 ], [ 13.898365911816018, 47.075014976467173 ], [ 13.898350175103626, 47.075033770571892 ], [ 13.898369787429766, 47.075119154211819 ], [ 13.898295535778168, 47.075258272718031 ], [ 13.897991096011367, 47.075327180761398 ], [ 13.89794364282676, 47.075385543679559 ], [ 13.897928042347326, 47.07540478694817 ], [ 13.897901320523093, 47.075529992087375 ], [ 13.897826683293044, 47.075583541076341 ], [ 13.897744333746498, 47.075642617103377 ], [ 13.897662945535071, 47.075655888405045 ], [ 13.897624738584915, 47.075679652902167 ], [ 13.897596737566062, 47.075697068107999 ], [ 13.89753013140886, 47.075799886143557 ], [ 13.897461298181939, 47.075928629471967 ], [ 13.897413704567054, 47.076023434814353 ], [ 13.897352149014457, 47.076081057645794 ], [ 13.897336348485613, 47.07609391323367 ], [ 13.897272622340353, 47.076145608103339 ], [ 13.897073535820867, 47.076337443612239 ], [ 13.89701912683139, 47.076435521871254 ], [ 13.896897854903703, 47.076500908950116 ], [ 13.896838156366877, 47.076671447351394 ], [ 13.896503955391694, 47.076965179283377 ], [ 13.896451622021097, 47.077122453897076 ], [ 13.896282242333125, 47.077110605757909 ], [ 13.896164839442907, 47.077292587115188 ], [ 13.895987064313788, 47.077482695495263 ], [ 13.895762481654318, 47.07760626997262 ], [ 13.895406651483039, 47.077873651482577 ], [ 13.895365227350132, 47.077904809484153 ], [ 13.894735100176538, 47.07819172086603 ], [ 13.894478557927782, 47.078631640706355 ], [ 13.89418162998564, 47.079238852261241 ], [ 13.893784803887236, 47.079704567024116 ], [ 13.893765807421874, 47.079726795792141 ], [ 13.893494270341213, 47.080045494079599 ], [ 13.893380283083918, 47.080278024434378 ], [ 13.893126279566223, 47.080448798143003 ], [ 13.893072268885501, 47.080435927035893 ], [ 13.892648961257134, 47.080628138705251 ], [ 13.892510655213055, 47.080678488185626 ], [ 13.892458165221543, 47.080747401194827 ], [ 13.892414894250056, 47.080803671623876 ], [ 13.892376302425607, 47.080853980337672 ], [ 13.892221520952202, 47.081003478551779 ], [ 13.89210328016201, 47.081058047911988 ], [ 13.891973766513239, 47.081330514300717 ], [ 13.891820459131528, 47.081370049065825 ], [ 13.891765360884481, 47.081366540606268 ], [ 13.891586851210143, 47.081427074242924 ], [ 13.89142338136423, 47.081527394923533 ], [ 13.891372387552998, 47.081663605159164 ], [ 13.891285273043854, 47.081784696067082 ], [ 13.891283721630817, 47.081875133644282 ], [ 13.891071402836401, 47.082303400948589 ], [ 13.891055226189293, 47.082393550358567 ], [ 13.890953538359504, 47.082594614791631 ], [ 13.890912099856727, 47.0827503036002 ], [ 13.89094956859164, 47.082805907435308 ], [ 13.890876233636956, 47.082934848657246 ], [ 13.890757203284986, 47.083040169207607 ], [ 13.890628064395731, 47.083086152356628 ], [ 13.890294759619778, 47.083146183013362 ], [ 13.890196733769162, 47.083207129866395 ], [ 13.890105208259653, 47.083222244951251 ], [ 13.88991867702738, 47.083309989188272 ], [ 13.889754793428013, 47.083321499142279 ], [ 13.889592873187835, 47.08335693394293 ], [ 13.889475681864496, 47.083374153674654 ], [ 13.889465159999411, 47.083375734813522 ], [ 13.889248668883388, 47.083596435051945 ], [ 13.889208219132231, 47.083595643084976 ], [ 13.889130208429135, 47.083731444498227 ], [ 13.888893560540536, 47.083901943758633 ], [ 13.888930462431375, 47.084104758353384 ], [ 13.888906880696478, 47.084154902508899 ], [ 13.888949197950833, 47.084321338696014 ], [ 13.888846941694771, 47.084318329239878 ], [ 13.888665523036137, 47.084542636087178 ], [ 13.888562177504468, 47.084599198472723 ], [ 13.888501180969499, 47.08473725580847 ], [ 13.888415872567411, 47.084843218979692 ], [ 13.888325358095795, 47.084867145720473 ], [ 13.888323027947013, 47.084934012254799 ], [ 13.888037393737111, 47.085119685521967 ], [ 13.88794269625145, 47.085134184464671 ], [ 13.8878327895645, 47.085243776418622 ], [ 13.887655897387431, 47.085359903550078 ], [ 13.887466388595341, 47.085365506466722 ], [ 13.887193753143711, 47.085446647426238 ], [ 13.886922994134347, 47.085619288259686 ], [ 13.886762072924531, 47.08568818668148 ], [ 13.886637252786214, 47.085833392167096 ], [ 13.886375897320564, 47.086137536670336 ], [ 13.886058933859189, 47.086554335964372 ], [ 13.886030409155623, 47.086661460871376 ], [ 13.885996688660686, 47.086788316649603 ], [ 13.885914442603887, 47.086885534946589 ], [ 13.885904209624677, 47.086914918166279 ], [ 13.885839476441593, 47.087099871752926 ], [ 13.885816402866338, 47.087490047163307 ], [ 13.885723387515831, 47.087666500042019 ], [ 13.88529146337082, 47.088038865655264 ], [ 13.88494485133689, 47.088342970762938 ], [ 13.884925216535864, 47.088367810529128 ], [ 13.884909613135012, 47.08838759185285 ], [ 13.884672691510266, 47.08868711474409 ], [ 13.884684090984226, 47.088833186941116 ], [ 13.884602535889353, 47.089136814965478 ], [ 13.884632826505092, 47.089465274943841 ], [ 13.884620634211553, 47.089673817666622 ], [ 13.884631981882965, 47.08970084660978 ], [ 13.88470221996292, 47.089867238866674 ], [ 13.884665784454453, 47.089974221799316 ], [ 13.884575788181994, 47.090239109347827 ], [ 13.884388735623942, 47.090609563908522 ], [ 13.884232962250129, 47.090744568968482 ], [ 13.884092801049006, 47.09092403825948 ], [ 13.884008805343262, 47.091031341343076 ], [ 13.883816558434685, 47.091422425486357 ], [ 13.883667789708324, 47.09172493850992 ], [ 13.883353062604156, 47.092070454939275 ], [ 13.882686623662712, 47.092575585301887 ], [ 13.882599480885924, 47.092621266255534 ], [ 13.882266502377282, 47.09279581591516 ], [ 13.882002174460911, 47.092843881431747 ], [ 13.881945843747085, 47.092887883517903 ], [ 13.881415405320618, 47.092939211024543 ], [ 13.881343654293081, 47.092957282946664 ], [ 13.881324073169235, 47.092962146265883 ], [ 13.881162409416707, 47.093102304282361 ], [ 13.881019733307765, 47.093243990234996 ], [ 13.88072227022171, 47.093388220957607 ], [ 13.88032317559785, 47.093451328116622 ], [ 13.879742988526408, 47.09345753725048 ], [ 13.879330285379426, 47.093491552829406 ], [ 13.879070130438196, 47.093574413687797 ], [ 13.878704550768115, 47.093770704492449 ], [ 13.878239600921523, 47.093887838200047 ], [ 13.878099289856879, 47.093914424809583 ], [ 13.877664285322654, 47.093996860383754 ], [ 13.877307084178479, 47.09422720892011 ], [ 13.877103936087304, 47.09439635313386 ], [ 13.87687936111668, 47.094583325454671 ], [ 13.876483796323472, 47.094876570744432 ], [ 13.876297831803575, 47.094948633085274 ], [ 13.875928769394037, 47.094961012625369 ], [ 13.875538503447022, 47.094935700541079 ], [ 13.87551264859083, 47.095061615704061 ], [ 13.87527920540218, 47.095348594746838 ], [ 13.875184608312013, 47.095426608267907 ], [ 13.875078725281652, 47.095663849872693 ], [ 13.875024829405159, 47.095895444905132 ], [ 13.875024585499055, 47.095961851208592 ], [ 13.875024244459459, 47.096044544330326 ], [ 13.875023732436379, 47.096187884695595 ], [ 13.875006892727383, 47.096409675310781 ], [ 13.875003636486849, 47.096452071339947 ], [ 13.87498040022653, 47.096718432453109 ], [ 13.875038929595448, 47.097314270192015 ], [ 13.874887232303328, 47.09741397067787 ], [ 13.874780929408098, 47.097713839936112 ], [ 13.874654393261283, 47.098071212562253 ], [ 13.874694664765451, 47.098169638745134 ], [ 13.874805184861124, 47.098282577071458 ], [ 13.874959306951091, 47.098484477634607 ], [ 13.875107693827864, 47.098589227077177 ], [ 13.875276097765527, 47.098757226740517 ], [ 13.875454576311705, 47.098827909899541 ], [ 13.875485869053804, 47.098911441961548 ], [ 13.875518379042697, 47.098998027525823 ], [ 13.875622139927044, 47.099506188827 ], [ 13.875598154999981, 47.099802246955072 ], [ 13.875732907363453, 47.100119413075355 ], [ 13.875753222539451, 47.100276151048703 ], [ 13.875748341668649, 47.100455954075976 ], [ 13.875735488130889, 47.100925530248595 ], [ 13.875630568269864, 47.101051642553209 ], [ 13.875611432150734, 47.101074588697472 ], [ 13.875856074379918, 47.101197233992067 ], [ 13.875985588494883, 47.101233867637902 ], [ 13.876102943251153, 47.101266959984834 ], [ 13.876516936184212, 47.101854351124366 ], [ 13.876536112599942, 47.102002546311979 ], [ 13.876697373625687, 47.102256418815152 ], [ 13.876727777143767, 47.102304232788221 ], [ 13.876978378349905, 47.102698766335664 ], [ 13.877009854082354, 47.102748284725664 ], [ 13.877859307509381, 47.103467658187313 ], [ 13.878082375672186, 47.103656537258942 ], [ 13.878305707122943, 47.1038452346775 ], [ 13.878620899211372, 47.104111503742907 ], [ 13.878899669297937, 47.104346993621739 ], [ 13.879487925276225, 47.104690322376641 ], [ 13.879758171903729, 47.10480140896388 ], [ 13.879871669854028, 47.104842884127052 ], [ 13.879946542424408, 47.104870328030906 ], [ 13.880009918817141, 47.104933099259753 ], [ 13.880078487578841, 47.105000974341522 ], [ 13.880130722597261, 47.105210106330873 ], [ 13.880298944394582, 47.105637871423497 ], [ 13.879533715278427, 47.106845120016523 ], [ 13.878520099612057, 47.108444156722406 ], [ 13.878367975186237, 47.108684232256287 ], [ 13.879294296367958, 47.109434000008321 ], [ 13.880133722321785, 47.110113364005336 ], [ 13.880354878392492, 47.1102922601589 ], [ 13.881522193109053, 47.110341887119645 ], [ 13.884061731515063, 47.110449650940907 ], [ 13.884284641759971, 47.110466207341858 ], [ 13.884505914065283, 47.110528031121724 ], [ 13.88660567708105, 47.112594931231754 ], [ 13.886878280304774, 47.112863274501827 ], [ 13.887090531452705, 47.113069644909913 ], [ 13.887510512397535, 47.113478087551599 ], [ 13.888097657472692, 47.113889132662244 ], [ 13.888849592647501, 47.114415444092863 ], [ 13.889231740840421, 47.114682976774077 ], [ 13.889459331891562, 47.114842298345224 ], [ 13.889624913682393, 47.114958192537728 ], [ 13.889635403493539, 47.114965519583606 ], [ 13.889805308314415, 47.115003469783247 ], [ 13.889968210841273, 47.115039834361262 ], [ 13.890524204778901, 47.115104686907365 ], [ 13.890919327141138, 47.115150799856977 ], [ 13.891545471128536, 47.115192988491252 ], [ 13.892743869478775, 47.115254045760743 ], [ 13.894002277149029, 47.115318213872051 ], [ 13.894484097151278, 47.114924964955776 ], [ 13.89510432174022, 47.114557844466773 ], [ 13.895273555763872, 47.114457670617405 ], [ 13.895582069306082, 47.114701611247327 ], [ 13.896050761729207, 47.115072350262743 ], [ 13.896095157260051, 47.115107312772096 ], [ 13.896195915840464, 47.115187076311464 ], [ 13.896791694284799, 47.115658140843209 ], [ 13.89734158324282, 47.116039719841069 ], [ 13.897598006397454, 47.116217688115277 ], [ 13.897714200166567, 47.11629827355403 ], [ 13.898021565690401, 47.116444765058418 ], [ 13.898056012552297, 47.116461240331603 ], [ 13.89829554608432, 47.116575315154947 ], [ 13.898378614415263, 47.116614853629457 ], [ 13.8987028094236, 47.116769357901809 ], [ 13.898815276499121, 47.11687101606293 ], [ 13.899529488708994, 47.11751684853072 ], [ 13.900094421970005, 47.118327831869692 ], [ 13.900171358489837, 47.118761187919667 ], [ 13.900488895739356, 47.11889417915075 ], [ 13.900488974922768, 47.118894187753952 ], [ 13.901309859838131, 47.119590019047109 ], [ 13.901784775986824, 47.119992466616836 ], [ 13.901972154012164, 47.120133158555312 ], [ 13.902230498004403, 47.120327123361356 ], [ 13.902331231293257, 47.120402742589157 ], [ 13.902397278853574, 47.120452261101811 ], [ 13.902571372219562, 47.120583120726607 ], [ 13.903002552469959, 47.120814910161364 ], [ 13.90319947454644, 47.121266433126721 ], [ 13.903249590479396, 47.121317560621314 ], [ 13.90401587509602, 47.122099784038362 ], [ 13.90413223873921, 47.122218513670497 ], [ 13.904425421590389, 47.122353001939551 ], [ 13.904784366775813, 47.122754489654959 ], [ 13.904826666451186, 47.122801786590053 ], [ 13.904848284484672, 47.122826062559476 ], [ 13.904940089856877, 47.122928718357691 ], [ 13.90509274419146, 47.123099453055197 ], [ 13.905110090763516, 47.123118801545203 ], [ 13.905126637677229, 47.123137344232113 ], [ 13.905600251758607, 47.123425778009732 ], [ 13.906021767943001, 47.123723650077721 ], [ 13.906253204667104, 47.124023107893329 ], [ 13.906307086779195, 47.124092840951775 ], [ 13.906330578204185, 47.124278081404981 ], [ 13.90630167722059, 47.12477527640722 ], [ 13.90638071031931, 47.12475688233139 ], [ 13.906562316810625, 47.124714756562319 ], [ 13.906795208647727, 47.124660674592761 ], [ 13.907045444858824, 47.124625670414723 ], [ 13.907347188965241, 47.124526250066673 ], [ 13.907355087792665, 47.124525220431181 ], [ 13.907591128717657, 47.124494245793805 ], [ 13.907991331528823, 47.124441746138423 ], [ 13.908488933014784, 47.124423394990337 ], [ 13.908569943225082, 47.124429373973335 ], [ 13.908634725236702, 47.124434175246606 ], [ 13.908894778133989, 47.124453555252444 ], [ 13.909006662994027, 47.124461897156287 ], [ 13.909368017496172, 47.124401311069889 ], [ 13.909629991916759, 47.124451902732098 ], [ 13.909642014462278, 47.124454271288251 ], [ 13.909670052215471, 47.124450350087983 ], [ 13.910015196598694, 47.124402441267172 ], [ 13.910284871621375, 47.124348975486754 ], [ 13.9105056981566, 47.124337507637783 ], [ 13.911080844630062, 47.124466948805157 ], [ 13.911202359340752, 47.124596712683598 ], [ 13.911215083300256, 47.124735937131398 ], [ 13.911264633816518, 47.124818826964017 ], [ 13.91148595031474, 47.124997122611752 ], [ 13.911737501404232, 47.125106879297846 ], [ 13.911882063667823, 47.125222128475585 ], [ 13.912172367128653, 47.1255000397652 ], [ 13.91225115098408, 47.125615803103827 ], [ 13.912283640234994, 47.125777961745555 ], [ 13.912377608132179, 47.125968151190747 ], [ 13.912584412134256, 47.12616883364602 ], [ 13.912723249507584, 47.126230302862446 ], [ 13.913031262967568, 47.126366673190404 ], [ 13.913107959179714, 47.126447984231056 ], [ 13.913174519342173, 47.126518639257938 ], [ 13.913327665957633, 47.126779160628089 ], [ 13.913372400904462, 47.126855235627048 ], [ 13.913405458252033, 47.126948466356396 ], [ 13.913357182672824, 47.127078913596002 ], [ 13.913352954327701, 47.127090092677157 ], [ 13.91369405682307, 47.12718949070463 ], [ 13.913810661363975, 47.127230916495868 ], [ 13.913867602624604, 47.127253750822732 ], [ 13.913991020618591, 47.127303329846377 ], [ 13.914323237989148, 47.127409789791294 ], [ 13.914399150412386, 47.127419299906357 ], [ 13.914646820284503, 47.127450067584526 ], [ 13.914660022334495, 47.127451709747838 ], [ 13.914787909579125, 47.127487948030399 ], [ 13.914899000868198, 47.127519413106178 ], [ 13.915161208714018, 47.127553344634983 ], [ 13.915370350920032, 47.127605273121958 ], [ 13.915446367586949, 47.127624229912726 ], [ 13.915450946780698, 47.127633024527462 ], [ 13.915518062749062, 47.127765851571532 ], [ 13.915655779745107, 47.128036616567798 ], [ 13.915814908612345, 47.128084211241983 ], [ 13.915961735595495, 47.128128089532225 ], [ 13.915991325910905, 47.128133336797873 ], [ 13.916265957469992, 47.128181688962222 ], [ 13.916456707056321, 47.128215263796065 ], [ 13.916483021400108, 47.128222327326043 ], [ 13.916694857724215, 47.128279098511925 ], [ 13.916784644132012, 47.128303202654145 ], [ 13.91698167680036, 47.128392442045666 ], [ 13.917223560986544, 47.128495847734833 ], [ 13.917250938234583, 47.128527560169402 ], [ 13.917377808352159, 47.128674476255071 ], [ 13.917235687544931, 47.128890438029039 ], [ 13.917378722754171, 47.129008657493955 ], [ 13.91744776269117, 47.129195821500502 ], [ 13.917695307940516, 47.129142631840999 ], [ 13.917730821611027, 47.129134981086075 ], [ 13.918021942768503, 47.12925522839555 ], [ 13.918305847888812, 47.129330791977011 ], [ 13.918310701311743, 47.129340484869722 ], [ 13.918444474552933, 47.129610636977645 ], [ 13.918607513789386, 47.129677373424862 ], [ 13.918627372375511, 47.129696706961575 ], [ 13.918817437833541, 47.129882527661593 ], [ 13.918873807985769, 47.129960610205153 ], [ 13.918973423671845, 47.130098306873997 ], [ 13.919051242223269, 47.130112842981958 ], [ 13.919211581291316, 47.129994773417813 ], [ 13.919403307217422, 47.129829752314464 ], [ 13.919431173419863, 47.129798205724711 ], [ 13.919502014877592, 47.129718388370236 ], [ 13.91952245873286, 47.129695248143591 ], [ 13.919970534229718, 47.12954609121612 ], [ 13.919989844705933, 47.12953969304197 ], [ 13.920227697937142, 47.129682884377864 ], [ 13.920538908986044, 47.129711601898478 ], [ 13.920828042808065, 47.129853897454737 ], [ 13.921242934898178, 47.129982045515305 ], [ 13.921513438913356, 47.129989825399385 ], [ 13.921900373871768, 47.129974777317656 ], [ 13.922171938389898, 47.129959335287523 ], [ 13.922388898102531, 47.129989525296651 ], [ 13.922465355025246, 47.130000107000619 ], [ 13.922550130074496, 47.130023602710189 ], [ 13.922746924376641, 47.130078101115146 ], [ 13.922913073049246, 47.130080029650991 ], [ 13.923138823158661, 47.130082548793212 ], [ 13.923179174028451, 47.130083059452062 ], [ 13.923673513804177, 47.130205477962761 ], [ 13.923867695249109, 47.130309297094726 ], [ 13.924065650214134, 47.13031393822807 ], [ 13.924145042953167, 47.130315775494665 ], [ 13.924263198656986, 47.130317591347584 ], [ 13.924468651503716, 47.130320663176335 ], [ 13.924501876838395, 47.130332457902284 ], [ 13.924770851243164, 47.130427428736752 ], [ 13.925654544306481, 47.131434388186989 ], [ 13.925840541105089, 47.131689863093996 ], [ 13.92600190101192, 47.131911543531551 ], [ 13.926786789717763, 47.132262603988309 ], [ 13.928024995310874, 47.133212357952047 ], [ 13.928031777072921, 47.133217451374129 ], [ 13.92805957548828, 47.133238901311032 ], [ 13.928063697086291, 47.133241939092485 ], [ 13.928250164140742, 47.133385022491183 ], [ 13.928370708689936, 47.133422813679253 ], [ 13.928415299986993, 47.133436707359657 ], [ 13.929447675077657, 47.133760180850409 ], [ 13.929490943394159, 47.133773631142589 ], [ 13.930181141007116, 47.133989834368116 ], [ 13.931200855299062, 47.134556574815669 ], [ 13.931273569275305, 47.134596953741024 ], [ 13.931375343470361, 47.134653556276788 ], [ 13.931387182778346, 47.134662762006613 ], [ 13.931421238181677, 47.134689307114215 ], [ 13.9314269585436, 47.134693776054227 ], [ 13.9323245226235, 47.135393869259701 ], [ 13.932530061091125, 47.135554301486266 ], [ 13.932596045238837, 47.13560569259392 ], [ 13.93265285023238, 47.13564993359762 ], [ 13.932850541084303, 47.135804197955146 ], [ 13.933301632978178, 47.135978361497109 ], [ 13.933736040779337, 47.1361461327269 ], [ 13.934160650206373, 47.136310084901822 ], [ 13.934279980952287, 47.136356154468487 ], [ 13.935461115896674, 47.136812228752312 ], [ 13.935600448148588, 47.136866019382119 ], [ 13.935656908220126, 47.136879577490177 ], [ 13.936675180492857, 47.137124327958169 ], [ 13.936880804941515, 47.137140063828149 ], [ 13.936920265990542, 47.137143003830651 ], [ 13.936924357650623, 47.137143342048184 ], [ 13.936960388377939, 47.137146120271737 ], [ 13.937291259987129, 47.137171268728913 ], [ 13.93808592046947, 47.137151931628097 ], [ 13.939469337375604, 47.137211606344856 ], [ 13.940586919007982, 47.137259906000999 ], [ 13.940601430499008, 47.137260458422091 ], [ 13.940964635112525, 47.137276155704569 ], [ 13.941397883161136, 47.136730810785451 ], [ 13.941504081854896, 47.136597162494276 ], [ 13.941576743756221, 47.136505714133413 ], [ 13.941893777044509, 47.136106846333519 ], [ 13.941895579600343, 47.136103057523506 ], [ 13.941902021431238, 47.136089885957816 ], [ 13.941913744232485, 47.136065798539668 ], [ 13.942259609908962, 47.135353644234534 ], [ 13.942275196957914, 47.135321617836077 ], [ 13.942311906206706, 47.135245837977742 ], [ 13.942362979971501, 47.135215241288329 ], [ 13.942413267737544, 47.135185098684033 ], [ 13.943370419839111, 47.134610756238239 ], [ 13.943679061452672, 47.13421813691442 ], [ 13.943773147024988, 47.13409840836178 ], [ 13.944200226690338, 47.133628938837489 ], [ 13.944229132843867, 47.133597200575323 ], [ 13.944564540531278, 47.133228459788775 ], [ 13.945300723490519, 47.131587491441685 ], [ 13.945939684999137, 47.130162814196623 ], [ 13.946979762822656, 47.129544443544169 ], [ 13.94761621536191, 47.129245783702075 ], [ 13.9490713290829, 47.128562975735306 ], [ 13.950271973778786, 47.127063337658932 ], [ 13.951111047592425, 47.126015372263055 ], [ 13.952687842640767, 47.125611065570361 ], [ 13.953698849206237, 47.125100317298191 ], [ 13.954469738975638, 47.124710905007262 ], [ 13.954999482465521, 47.124657622527316 ], [ 13.95579916463763, 47.124577126568902 ], [ 13.957115547749542, 47.124444663806571 ], [ 13.960434955838686, 47.125434016645244 ], [ 13.963058749149459, 47.126642898821629 ], [ 13.964062141129425, 47.126795076533256 ], [ 13.965290073298393, 47.126981360791021 ], [ 13.965348848670969, 47.126990302302239 ], [ 13.965474192541162, 47.127009401662065 ], [ 13.965927354885375, 47.127078057538576 ], [ 13.967103128678623, 47.127256424074361 ], [ 13.969752808115052, 47.127658243488312 ], [ 13.972071082334134, 47.127546453752103 ], [ 13.97230750579684, 47.127483489546044 ], [ 13.974385626151825, 47.126930836462762 ], [ 13.974869240051463, 47.126802227729407 ], [ 13.975849635643689, 47.126131018906939 ], [ 13.978952785306966, 47.125834602177292 ], [ 13.980522848595376, 47.125684592207833 ], [ 13.981198348886466, 47.125822197283782 ], [ 13.984456688552031, 47.126486100147481 ], [ 13.984592361769714, 47.126873230375686 ], [ 13.984876557709621, 47.127684128892938 ], [ 13.985012729848393, 47.127811121606818 ], [ 13.98511651858183, 47.127524028585128 ], [ 13.985277876649326, 47.12753345190135 ], [ 13.985484043106542, 47.127423573708931 ], [ 13.985337632786147, 47.127246700941072 ], [ 13.985194036561989, 47.126869784785058 ], [ 13.985161070111896, 47.126783502208703 ], [ 13.985108837423809, 47.126642171827363 ], [ 13.985168255633367, 47.12643514577266 ], [ 13.985185635565912, 47.126218912566351 ], [ 13.985131175710809, 47.12606796701882 ], [ 13.984952222374885, 47.125045281667973 ], [ 13.984903535333805, 47.12462382095746 ], [ 13.984647324134393, 47.124190051337173 ], [ 13.984747265502273, 47.123772688524362 ], [ 13.984633083561578, 47.123728531849849 ], [ 13.984524199037899, 47.123686324316232 ], [ 13.984424282150577, 47.123150701154316 ], [ 13.984350059613426, 47.123129080629184 ], [ 13.983326025437229, 47.122830171235663 ], [ 13.982971119883452, 47.122634960695656 ], [ 13.982769931652546, 47.122386142984624 ], [ 13.982749853361041, 47.122361332947527 ], [ 13.982730977998276, 47.122337865750858 ], [ 13.982594073733846, 47.121880465447155 ], [ 13.982265576484759, 47.121160424603836 ], [ 13.98233960165736, 47.121047796396468 ], [ 13.981860914473504, 47.120474379852439 ], [ 13.981747064898604, 47.120338078202899 ], [ 13.981560827160889, 47.120264995465007 ], [ 13.981522013480589, 47.120217166932676 ], [ 13.981061340623791, 47.119649493192853 ], [ 13.980784025218014, 47.119458333191943 ], [ 13.980504388920076, 47.119487188510242 ], [ 13.98044698355303, 47.119428037835597 ], [ 13.980200811203032, 47.119174522617229 ], [ 13.979531990411202, 47.118485562485809 ], [ 13.979531149475724, 47.118330080641428 ], [ 13.979530619690003, 47.118221746906983 ], [ 13.979820451900968, 47.117905347701409 ], [ 13.979929723267762, 47.117786042121367 ], [ 13.979955519527037, 47.117750353118439 ], [ 13.980135487741068, 47.117591413870713 ], [ 13.980153092923223, 47.117575837089184 ], [ 13.980180993457475, 47.117539776145485 ], [ 13.98010989557419, 47.11751417598515 ], [ 13.980421077502855, 47.117295192882686 ], [ 13.980427364689914, 47.11729191781329 ], [ 13.980431686855967, 47.117289643709242 ], [ 13.980523905372154, 47.117209756109446 ], [ 13.980607253062191, 47.117137477287812 ], [ 13.980579264931954, 47.117090756593804 ], [ 13.980555315629156, 47.117050941427671 ], [ 13.980551405361497, 47.117043765219485 ], [ 13.980542907122741, 47.117027886986648 ], [ 13.980538591552905, 47.117019903257699 ], [ 13.980529556210415, 47.117003218253458 ], [ 13.980500965199166, 47.116950292302292 ], [ 13.98046886600803, 47.116890727729952 ], [ 13.980415636232982, 47.116849459451721 ], [ 13.980149352403364, 47.116642758537395 ], [ 13.980119543690297, 47.116619623027837 ], [ 13.979936926199306, 47.116420634124701 ], [ 13.979857410623701, 47.116320757606246 ], [ 13.979772939590866, 47.116214430584321 ], [ 13.979699564711154, 47.116099222342662 ], [ 13.979747935241196, 47.116044779101131 ], [ 13.97973475610573, 47.11603414628955 ], [ 13.979720912471285, 47.116023067348927 ], [ 13.979724708446625, 47.116020886241898 ], [ 13.979803895545148, 47.115974995986136 ], [ 13.979536950883819, 47.115886532058816 ], [ 13.97937022289303, 47.115779592231036 ], [ 13.979340802738466, 47.115755824449451 ], [ 13.97931457658261, 47.115734557981654 ], [ 13.979293544486877, 47.115717671066648 ], [ 13.979281430911124, 47.115707931959335 ], [ 13.979264657094411, 47.115694350143791 ], [ 13.979208224531488, 47.115649680230639 ], [ 13.979116627863242, 47.115574976413548 ], [ 13.979056778551625, 47.115531135650023 ], [ 13.979045363530163, 47.115524631857532 ], [ 13.978962541272805, 47.115477682144139 ], [ 13.978907591581592, 47.115446500771611 ], [ 13.978862721376158, 47.115420391072426 ], [ 13.978823028749636, 47.115397311318887 ], [ 13.978482070287054, 47.11520542719839 ], [ 13.97842021929989, 47.115170325584181 ], [ 13.978354254082523, 47.115132907768611 ], [ 13.978087017855017, 47.114933225998385 ], [ 13.977981401688844, 47.114854371652498 ], [ 13.977843234169033, 47.114667544866904 ], [ 13.977441738412255, 47.114124806049546 ], [ 13.977399927324992, 47.11406826498812 ], [ 13.977448709309405, 47.113971709429435 ], [ 13.977677683497594, 47.113518259631768 ], [ 13.977503820525031, 47.113441501067818 ], [ 13.977455888452845, 47.113434394089985 ], [ 13.97737032311635, 47.113421651434031 ], [ 13.977017632726898, 47.113369299495972 ], [ 13.976752223577478, 47.113329859908418 ], [ 13.975925609188192, 47.11329242178175 ], [ 13.975584835432313, 47.1132769801508 ], [ 13.975414143012671, 47.113080796163047 ], [ 13.97529170355577, 47.112939947658042 ], [ 13.975203886821582, 47.112839125010893 ], [ 13.975183836380872, 47.112816023141889 ], [ 13.975212932000249, 47.112508484981603 ], [ 13.975290503778657, 47.111687153506772 ], [ 13.97530300177921, 47.111554631410911 ], [ 13.975305540660353, 47.111546608800985 ], [ 13.975328044211107, 47.111478456394032 ], [ 13.975331608004771, 47.111467998520176 ], [ 13.975333259198262, 47.111462860301607 ], [ 13.975550789322478, 47.110803963473536 ], [ 13.975881334978025, 47.109802861069483 ], [ 13.976191507826943, 47.10922037296281 ], [ 13.976346008481126, 47.108929941709036 ], [ 13.976420360661468, 47.108790321188366 ], [ 13.976467280328491, 47.108105932591485 ], [ 13.976560996507507, 47.107607179438638 ], [ 13.976563597232134, 47.107604285347421 ], [ 13.976592063576481, 47.107571641314493 ], [ 13.976601552714046, 47.107560789960075 ], [ 13.976609288279802, 47.107546619236771 ], [ 13.976615863998715, 47.107534614610067 ], [ 13.976648612949663, 47.107474772165183 ], [ 13.976651449933717, 47.107469627217725 ], [ 13.976667047331276, 47.107440835145511 ], [ 13.976669240684917, 47.107436953568239 ], [ 13.976683422304085, 47.10741095890404 ], [ 13.976750722190133, 47.107287754520776 ], [ 13.976947461231163, 47.106927438334587 ], [ 13.976943525601721, 47.106907214945082 ], [ 13.976936508387844, 47.10687198221423 ], [ 13.976934398419635, 47.10686101650694 ], [ 13.976931029244177, 47.106844029217257 ], [ 13.976929066350339, 47.1068343224076 ], [ 13.976869118708397, 47.106531696553233 ], [ 13.977337758579315, 47.105945608843797 ], [ 13.977568138202352, 47.105664823935903 ], [ 13.97762748493961, 47.105592413181022 ], [ 13.977766789317041, 47.105376030086894 ], [ 13.978060389114564, 47.105103434068447 ], [ 13.978540462635591, 47.104657646355911 ], [ 13.978569392681514, 47.104630847924959 ], [ 13.978797828558378, 47.104418726776032 ], [ 13.979054801223459, 47.104180168753729 ], [ 13.979078256502124, 47.104158350215663 ], [ 13.979082035217603, 47.104154819510718 ], [ 13.979120606414167, 47.104118968117213 ], [ 13.97919117824825, 47.104016349225873 ], [ 13.979219924574473, 47.103974524882481 ], [ 13.979366917650671, 47.103892527330579 ], [ 13.979436693072671, 47.10382194595438 ], [ 13.979460385267547, 47.103797966451239 ], [ 13.979501872884203, 47.103741942666055 ], [ 13.979613247694868, 47.103592121706249 ], [ 13.979754260111724, 47.103495310804227 ], [ 13.979824179185032, 47.103447403518274 ], [ 13.980057273934296, 47.103099472312486 ], [ 13.980141844359997, 47.102805114167836 ], [ 13.980137655795835, 47.102688612896721 ], [ 13.980134236895731, 47.102591992997127 ], [ 13.980177394368441, 47.102489349417169 ], [ 13.98023976717232, 47.10234151615019 ], [ 13.980255262315097, 47.102304625871 ], [ 13.980270247923086, 47.102269178180435 ], [ 13.980273577323606, 47.102261240932592 ], [ 13.980328545074986, 47.102208559413228 ], [ 13.980440693971005, 47.102101024159339 ], [ 13.980528717849266, 47.102057512439806 ], [ 13.980570765281563, 47.102036757523443 ], [ 13.980870349404205, 47.101738925342559 ], [ 13.980866286302232, 47.101708355013024 ], [ 13.980836226069329, 47.101480514877039 ], [ 13.980832767069574, 47.101467037454711 ], [ 13.980797489767207, 47.101329927638631 ], [ 13.980792783357376, 47.101311418393443 ], [ 13.980704644542485, 47.101140326821657 ], [ 13.98073865768316, 47.101098382109576 ], [ 13.980768644235424, 47.101061229292633 ], [ 13.980595965703142, 47.100830241806527 ], [ 13.980641460694651, 47.100422729832609 ], [ 13.980670432446326, 47.100162160528029 ], [ 13.980895576981473, 47.099909382380581 ], [ 13.980954334143298, 47.099843541761196 ], [ 13.981165566421728, 47.099606318985728 ], [ 13.98119832324795, 47.099569510187408 ], [ 13.981644235777511, 47.099364422106937 ], [ 13.981978371723406, 47.099210629083082 ], [ 13.982042367725763, 47.099185429327363 ], [ 13.982136656418991, 47.099148269220827 ], [ 13.98231905339731, 47.099031963006695 ], [ 13.982331212506693, 47.099024155263976 ], [ 13.98265942776564, 47.098989798538568 ], [ 13.982904124083477, 47.098849830594993 ], [ 13.982957770134728, 47.098840346101262 ], [ 13.983021803233438, 47.098829002622416 ], [ 13.983074397360241, 47.098819704044949 ], [ 13.983145531163078, 47.098807150173919 ], [ 13.983564908801526, 47.098717381555389 ], [ 13.98355736998611, 47.098532424097094 ], [ 13.983641753236377, 47.098525822866705 ], [ 13.983658208913434, 47.098524559009086 ], [ 13.983694156483441, 47.098490250692009 ], [ 13.983754979912248, 47.098432135126103 ], [ 13.983840026860193, 47.098350755887019 ], [ 13.983936795017451, 47.098258151899564 ], [ 13.984062200588276, 47.098083231459164 ], [ 13.984158325770403, 47.098056406941957 ], [ 13.984221226285623, 47.098038770604923 ], [ 13.984237094348293, 47.0980218533618 ], [ 13.984299916540403, 47.097954907934401 ], [ 13.984309697617622, 47.097882237411298 ], [ 13.984185911598448, 47.097759582262093 ], [ 13.984110186926015, 47.097666345611771 ], [ 13.984083295016884, 47.097633206602794 ], [ 13.984176990343059, 47.097462156698107 ], [ 13.984329409136514, 47.097319744367702 ], [ 13.984289183064581, 47.09706982793449 ], [ 13.984305459023073, 47.09706469583346 ], [ 13.984800169152262, 47.096908805267219 ], [ 13.985099160028334, 47.097006520757503 ], [ 13.985225309247102, 47.097031982061701 ], [ 13.985245387108742, 47.097036006075946 ], [ 13.985315724578616, 47.097087521756755 ], [ 13.98535752408254, 47.097143520114699 ], [ 13.985386593243186, 47.097182225154008 ], [ 13.985628096691158, 47.097212423340551 ], [ 13.985684842916642, 47.097219476240177 ], [ 13.986467431468199, 47.096440878657347 ], [ 13.986542634329403, 47.096405984013245 ], [ 13.987061591509267, 47.096165812138494 ], [ 13.987552034612531, 47.0957614968519 ], [ 13.987607650439339, 47.095741111123196 ], [ 13.987740914335442, 47.095691934548007 ], [ 13.987747464569242, 47.095635478842631 ], [ 13.98775008554713, 47.095612968539896 ], [ 13.987757706058847, 47.095547148663002 ], [ 13.988031940644497, 47.095454149475145 ], [ 13.988090206106117, 47.095370941598297 ], [ 13.988108722284807, 47.095344560560605 ], [ 13.988129660888031, 47.095343630159022 ], [ 13.988179310361396, 47.09534163460345 ], [ 13.988313859414617, 47.095055260341475 ], [ 13.988330421942749, 47.095020072392856 ], [ 13.988363417404633, 47.094949877196143 ], [ 13.988381871667487, 47.094907839794686 ], [ 13.98839388950352, 47.094878076870096 ], [ 13.98838948068753, 47.094851827850604 ], [ 13.988384800594211, 47.09482495052756 ], [ 13.988380533540576, 47.094799510518996 ], [ 13.988371449103614, 47.094746744073142 ], [ 13.98836065587084, 47.094683639668524 ], [ 13.988377286046747, 47.094653940155872 ], [ 13.988378704183209, 47.094651412521507 ], [ 13.988706628624104, 47.094062937525017 ], [ 13.988884898586759, 47.093871150390271 ], [ 13.988924565287935, 47.093839788302503 ], [ 13.988944138461086, 47.093824378696148 ], [ 13.988947643388672, 47.093820129385144 ], [ 13.988909753120936, 47.093803341460877 ], [ 13.988874645163239, 47.093787797215938 ], [ 13.988880276368604, 47.093774357597326 ], [ 13.988961690058325, 47.093581509040341 ], [ 13.98899574270421, 47.093501049727251 ], [ 13.989098666130705, 47.093332281891328 ], [ 13.989136542770055, 47.093347990059343 ], [ 13.989152043776357, 47.093333593691845 ], [ 13.989161684025778, 47.093324719960968 ], [ 13.989225909840922, 47.09326568195344 ], [ 13.989261995350009, 47.093232450802056 ], [ 13.989343988539794, 47.093182488281805 ], [ 13.989408943152252, 47.093150440234155 ], [ 13.989456611765748, 47.093126950102814 ], [ 13.989608504495324, 47.093061287263339 ], [ 13.989687786868279, 47.093026546910664 ], [ 13.989766395270467, 47.09301187613508 ], [ 13.989770601131781, 47.093011042025687 ], [ 13.989871688489607, 47.093013517733247 ], [ 13.989925595047316, 47.093015006076968 ], [ 13.989980556693373, 47.093016578282914 ], [ 13.990168412580223, 47.093014323498295 ], [ 13.99033441505536, 47.093024162139322 ], [ 13.990609411089519, 47.093025902129021 ], [ 13.99067698473576, 47.093024521704073 ], [ 13.990920802721744, 47.093019512652049 ], [ 13.991243414979822, 47.093036092514296 ], [ 13.991258295629878, 47.093035466526118 ], [ 13.991376162915008, 47.093031095233961 ], [ 13.991454176886457, 47.093021645623274 ], [ 13.991508549045719, 47.093007563822738 ], [ 13.991555040964798, 47.092995507194502 ], [ 13.991605851532306, 47.093002321539146 ], [ 13.991894946199352, 47.092961685763036 ], [ 13.991938706434258, 47.093111610467695 ], [ 13.992026924379443, 47.093414515138456 ], [ 13.992237570780897, 47.0935709412555 ], [ 13.992445559977835, 47.093725492791883 ], [ 13.992503275483028, 47.093768349067261 ], [ 13.992888368720648, 47.094041007723334 ], [ 13.993666686607666, 47.094222571010739 ], [ 13.99476200005517, 47.094264974576312 ], [ 13.995092145083682, 47.09422985069083 ], [ 13.995304784718725, 47.094207197494313 ], [ 13.995471203784508, 47.094186702659748 ], [ 13.995719450461761, 47.094156102971688 ], [ 13.996601780774391, 47.09393023633298 ], [ 13.996658255973591, 47.093915779878358 ], [ 13.996932093759771, 47.093845616574193 ], [ 13.997138366606722, 47.093819757778654 ], [ 13.997210588292679, 47.093810697960542 ], [ 13.99873539281638, 47.093619303697118 ], [ 13.999308975155202, 47.093559707558917 ], [ 13.999581620501171, 47.093531385994837 ], [ 14.000119608295394, 47.093617043696824 ], [ 14.000710915114404, 47.094107480439469 ], [ 14.000802519846028, 47.09418333662898 ], [ 14.001082504521557, 47.094015677792925 ], [ 14.001109191248828, 47.093989966463482 ], [ 14.001151758663324, 47.093948865086801 ], [ 14.001210859767541, 47.093891919903925 ], [ 14.002075610222491, 47.093057752191314 ], [ 14.003086775448709, 47.09208252490987 ], [ 14.003908946270581, 47.092095135382785 ], [ 14.004810975953715, 47.09210897797761 ], [ 14.00649511658645, 47.092134742289382 ], [ 14.006547565537751, 47.092135601517228 ], [ 14.006556789900703, 47.092135726863653 ], [ 14.00661213722158, 47.092136568900891 ], [ 14.006687647085526, 47.092137741415748 ], [ 14.00720560535404, 47.092202608604076 ], [ 14.00749355142745, 47.09223869376941 ], [ 14.009076291554223, 47.092071471721894 ], [ 14.009266238299183, 47.092047487508275 ], [ 14.009286917339448, 47.09203665682476 ], [ 14.009891081650554, 47.091722268789439 ], [ 14.009924849782545, 47.091704701502387 ], [ 14.010678213433499, 47.091312757406847 ], [ 14.010905377635076, 47.091232130553436 ], [ 14.011057913682974, 47.091178042616285 ], [ 14.01183163753311, 47.090988516953736 ], [ 14.012442626995794, 47.090838829934292 ], [ 14.012470021385477, 47.090827778593393 ], [ 14.012606728529358, 47.090772433389731 ], [ 14.012701623432068, 47.090733984368562 ], [ 14.01271145324994, 47.09072996646438 ], [ 14.012962715157412, 47.090628225870887 ], [ 14.013023532401897, 47.090603657400898 ], [ 14.013031134121094, 47.090600552599547 ], [ 14.01305092539608, 47.090592515945765 ], [ 14.013214238728573, 47.090608635942125 ], [ 14.013387227894652, 47.090526528396047 ], [ 14.013422061872335, 47.090510033457448 ], [ 14.014637422814895, 47.089933176642667 ], [ 14.014832762231467, 47.089786236479995 ], [ 14.015059287483774, 47.089615893849597 ], [ 14.015612396224805, 47.089352080618845 ], [ 14.015764864428107, 47.089303745507657 ], [ 14.015991598848565, 47.089231929128765 ], [ 14.016218893857063, 47.089183234092239 ], [ 14.016930501836251, 47.088869782478852 ], [ 14.017391372175217, 47.088779638858838 ], [ 14.017456948025329, 47.088766826899018 ], [ 14.017537597926125, 47.088645946746716 ], [ 14.017872435805447, 47.088416818710009 ], [ 14.018187420331618, 47.08820121645747 ], [ 14.018479519372526, 47.088039739957559 ], [ 14.01878330432395, 47.087926332196425 ], [ 14.018994005706734, 47.08767491392792 ], [ 14.019138453242716, 47.087465376259985 ], [ 14.019177896258704, 47.087408270199468 ], [ 14.019473541184492, 47.087246499762905 ], [ 14.019772192001939, 47.087083000754163 ], [ 14.020112103928096, 47.086809744548979 ], [ 14.020217908782005, 47.086688980420021 ], [ 14.020540487028677, 47.086644110035863 ], [ 14.020964454774408, 47.08658521835634 ], [ 14.021203329079144, 47.086587462594068 ], [ 14.021376852488412, 47.086589112042908 ], [ 14.021418092146412, 47.086589492331953 ], [ 14.021656974236178, 47.086572029675565 ], [ 14.022194226083341, 47.086532603300142 ], [ 14.022406654520385, 47.086517188951177 ], [ 14.023226619543571, 47.08645750772655 ], [ 14.023904439058262, 47.086408222076052 ], [ 14.024504354074191, 47.086173504673852 ], [ 14.024534500470414, 47.086161713815173 ], [ 14.024555341006375, 47.08615357877747 ], [ 14.024984467155535, 47.08598576334019 ], [ 14.025913177517895, 47.085881130273357 ], [ 14.027476751237195, 47.085365269803653 ], [ 14.028056701366866, 47.085328254375582 ], [ 14.028153973189346, 47.085321991119145 ], [ 14.028408850745096, 47.085369652942319 ], [ 14.028706939871995, 47.08547769732705 ], [ 14.028902709467591, 47.085578718564065 ], [ 14.029080734160273, 47.085652583716566 ], [ 14.029423655549168, 47.085773579133416 ], [ 14.029560771615138, 47.085821959338404 ], [ 14.029866039732072, 47.085884426191683 ], [ 14.030988424172, 47.086122563632429 ], [ 14.031338246978907, 47.086196810647529 ], [ 14.032460342156851, 47.086551911196331 ], [ 14.032885001882427, 47.086686340716689 ], [ 14.033026431442787, 47.086761684647136 ], [ 14.033069160682512, 47.086755122981216 ], [ 14.033177891448917, 47.086738527040502 ], [ 14.033320865680746, 47.086671330602783 ], [ 14.033339326805331, 47.086662668710282 ], [ 14.033407528412633, 47.086649651386352 ], [ 14.0336221183688, 47.086608558075618 ], [ 14.033778272655343, 47.086521933878224 ], [ 14.034209714955118, 47.086292072040692 ], [ 14.034345972853165, 47.086165438003938 ], [ 14.034498204312651, 47.086101152373175 ], [ 14.034833974253894, 47.085959160064235 ], [ 14.034890799721712, 47.085882955114144 ], [ 14.035031248815908, 47.085694927062562 ], [ 14.035201877897569, 47.085507882278371 ], [ 14.035235170642894, 47.085375674029656 ], [ 14.035257318233436, 47.085287265540195 ], [ 14.035215259202518, 47.085115390781887 ], [ 14.035203091066341, 47.085071914903949 ], [ 14.035166311420943, 47.084940589147635 ], [ 14.035164695347595, 47.084918013792119 ], [ 14.035164524335368, 47.084915045461564 ], [ 14.035227534754858, 47.084898189874394 ], [ 14.035323234052584, 47.084872764146994 ], [ 14.035579558065281, 47.084641278677417 ], [ 14.035589062011724, 47.084632761720435 ], [ 14.035593237898825, 47.084629766539791 ], [ 14.035754952117458, 47.084516020817183 ], [ 14.035836461554517, 47.084413928178172 ], [ 14.03585315800964, 47.084361635789122 ], [ 14.035871108513589, 47.084304566633136 ], [ 14.035811377262792, 47.08420091721166 ], [ 14.035541409497913, 47.083978711256087 ], [ 14.035529065836556, 47.083961781010601 ], [ 14.03549109497231, 47.083909646350044 ], [ 14.035389659305206, 47.083770261714328 ], [ 14.035378120367257, 47.083754406260439 ], [ 14.035373810975862, 47.083717450512545 ], [ 14.03535957706508, 47.083597503208338 ], [ 14.035332495143425, 47.083402590741066 ], [ 14.035323175462395, 47.083335432174785 ], [ 14.0351777660594, 47.083128112966023 ], [ 14.035129834505344, 47.083059843026817 ], [ 14.035076922999243, 47.082883986042013 ], [ 14.035048150764579, 47.082790223047304 ], [ 14.035021308408457, 47.082702926795491 ], [ 14.034867314594031, 47.082543530295375 ], [ 14.034774891453608, 47.082447820477938 ], [ 14.034638692132065, 47.08225924988696 ], [ 14.03459025183307, 47.082192242604776 ], [ 14.034527652615548, 47.082050638066178 ], [ 14.034484882795617, 47.081954171845368 ], [ 14.034454192806795, 47.081884625532197 ], [ 14.034439031061918, 47.081803915734177 ], [ 14.034424585032236, 47.081727520627851 ], [ 14.034407582621563, 47.081637104184999 ], [ 14.034393448782282, 47.081604258150733 ], [ 14.034324423469538, 47.081444786832002 ], [ 14.034306428327509, 47.0814088152474 ], [ 14.034218078756194, 47.081232366550971 ], [ 14.034096202010392, 47.080970912069354 ], [ 14.0340959773644, 47.080953906968205 ], [ 14.034092384358532, 47.080741752957259 ], [ 14.03422157703703, 47.080649715363045 ], [ 14.03436825680207, 47.08052535643791 ], [ 14.034499713482266, 47.08046515797966 ], [ 14.034737222084859, 47.080356165026835 ], [ 14.03494650044404, 47.080254094412389 ], [ 14.03508340089201, 47.080187293028999 ], [ 14.035453478826188, 47.080132368804733 ], [ 14.035788518023073, 47.080037708134263 ], [ 14.035895477331755, 47.079987917299157 ], [ 14.035988559450706, 47.079944600819232 ], [ 14.036010291562622, 47.079934478552524 ], [ 14.036049829395182, 47.079916147887694 ], [ 14.036190603359898, 47.079893322133429 ], [ 14.036356089183441, 47.079866564163019 ], [ 14.03685239838288, 47.079655996591647 ], [ 14.036959543727887, 47.079610432720649 ], [ 14.036982112768701, 47.079593916403454 ], [ 14.037023986645217, 47.079563063515863 ], [ 14.037064557673874, 47.079533298455097 ], [ 14.037110869083161, 47.079499358695109 ], [ 14.037160831364559, 47.079462606887283 ], [ 14.037568572630336, 47.079268601164401 ], [ 14.037615564426773, 47.079246264587319 ], [ 14.03806455485897, 47.078974707430497 ], [ 14.038785205232916, 47.078538956422442 ], [ 14.039292060278552, 47.077835754025045 ], [ 14.039498775233705, 47.077641459812668 ], [ 14.039566163659305, 47.0775782340963 ], [ 14.039759605452385, 47.077396259338492 ], [ 14.039741745728618, 47.077222256158613 ], [ 14.039726467769444, 47.077073971635691 ], [ 14.039649324899576, 47.076325355143936 ], [ 14.039639035754302, 47.076225269683739 ], [ 14.03930581613926, 47.075682321821212 ], [ 14.039329055521293, 47.075449125443384 ], [ 14.039211784763575, 47.075217971453434 ], [ 14.039102492455315, 47.075002334605813 ], [ 14.039067677355755, 47.074850572038955 ], [ 14.039030074060376, 47.074687219160168 ], [ 14.039041192044778, 47.074166517259471 ], [ 14.039046689893377, 47.07390652660925 ], [ 14.039049765767112, 47.073880322899448 ], [ 14.039062575676763, 47.073773975229415 ], [ 14.039144921814536, 47.073696889687028 ], [ 14.039065151545767, 47.07364087661464 ], [ 14.03901290132109, 47.073604128638941 ], [ 14.039012710377174, 47.073263009998456 ], [ 14.039043796391566, 47.072837474492651 ], [ 14.039051831518485, 47.072728636980713 ], [ 14.039065533902507, 47.072709205884159 ], [ 14.039157325846123, 47.072579962385433 ], [ 14.039462048668485, 47.072151107529365 ], [ 14.03987041593482, 47.071494674246836 ], [ 14.039902593989972, 47.071359411978833 ], [ 14.039938880442445, 47.07120630782066 ], [ 14.039855327826301, 47.070836373347667 ], [ 14.039816835362943, 47.070299602966351 ], [ 14.039895707292727, 47.07015991129137 ], [ 14.039978183403576, 47.070013988425934 ], [ 14.039914473774713, 47.069818674715272 ], [ 14.039765080329964, 47.069360157747809 ], [ 14.039549621617093, 47.068430008092548 ], [ 14.039588595642552, 47.068241434603955 ], [ 14.039621999334367, 47.068079620225156 ], [ 14.039752764256123, 47.067445967511112 ], [ 14.039882620531982, 47.0669816654869 ], [ 14.039884629184755, 47.066974274514664 ], [ 14.040039872155191, 47.066418933117852 ], [ 14.040087988234728, 47.065799740956926 ], [ 14.040041274220551, 47.065416800109503 ], [ 14.039986585242444, 47.064968942162544 ], [ 14.039982434601178, 47.064934145117768 ], [ 14.039949025026013, 47.064660179119741 ], [ 14.039927020911907, 47.064461456742336 ], [ 14.039820652829938, 47.063860681459232 ], [ 14.039814951055073, 47.063828053607502 ], [ 14.039809685035353, 47.063798482418825 ], [ 14.039800285458023, 47.06374527178216 ], [ 14.039824697196968, 47.063580903724677 ], [ 14.0399265569579, 47.062893801301961 ], [ 14.041523812997415, 47.061588034550113 ], [ 14.04201311632627, 47.061093954842519 ], [ 14.042723669143907, 47.060376507481514 ], [ 14.043896562358064, 47.059122124749976 ], [ 14.043905801898898, 47.059113968631529 ], [ 14.043970489448895, 47.059057685547721 ], [ 14.044715355171267, 47.058409026650246 ], [ 14.044790192242926, 47.05834386135119 ], [ 14.045511091792086, 47.057716132900218 ], [ 14.045946434029538, 47.057337010505421 ], [ 14.045998884074823, 47.057291420811524 ], [ 14.046002476225757, 47.057284379716009 ], [ 14.046074875879725, 47.057145803829528 ], [ 14.046114798738699, 47.057069428956751 ], [ 14.046121732959017, 47.057056338124376 ], [ 14.046252541566776, 47.056806178424907 ], [ 14.046415822312795, 47.056493637485936 ], [ 14.046664388210754, 47.055924023295773 ], [ 14.046716374757441, 47.055804921168516 ], [ 14.047183455748485, 47.055281354015897 ], [ 14.047641061138339, 47.054768552260292 ], [ 14.047610039150037, 47.054537494432743 ], [ 14.047403872663493, 47.053002263574122 ], [ 14.047216435628695, 47.05160575634627 ], [ 14.047592012540374, 47.051319683777713 ], [ 14.04815497721583, 47.050890710038431 ], [ 14.049149526887412, 47.050132921581955 ], [ 14.049187636475066, 47.050030192339847 ], [ 14.049320643982815, 47.049672126949098 ], [ 14.049523645631018, 47.049125648443315 ], [ 14.050026506916188, 47.048469930213081 ], [ 14.049966834490018, 47.048262448901561 ], [ 14.05028206684362, 47.048150862377661 ], [ 14.050394743530399, 47.048111009242305 ], [ 14.05123155872176, 47.047814993748915 ], [ 14.051683895086654, 47.047416574982897 ], [ 14.053048145654088, 47.046214693052057 ], [ 14.053578146345142, 47.045885960278696 ], [ 14.053844188706634, 47.045720956467505 ], [ 14.053979068255138, 47.045629939260849 ], [ 14.054001111818446, 47.045614952442072 ], [ 14.0541508237835, 47.045501435482002 ], [ 14.054456630735974, 47.045269591407681 ], [ 14.0549547500434, 47.044891924412333 ], [ 14.055257233920752, 47.043854852415009 ], [ 14.055312047146371, 47.042939299499224 ], [ 14.055338654965489, 47.042495430276645 ], [ 14.054927858766298, 47.04196471844476 ], [ 14.05488595612775, 47.041854936900286 ], [ 14.054771434405055, 47.041554405286384 ], [ 14.054654458071067, 47.041247500442779 ], [ 14.054560685401961, 47.041001365825501 ], [ 14.054452172331944, 47.040716542565178 ], [ 14.054362356464681, 47.040480550613573 ], [ 14.054363958780904, 47.040181800970068 ], [ 14.054364354742075, 47.040114042184264 ], [ 14.054376939915267, 47.037920116689875 ], [ 14.054543341944173, 47.037525390017365 ], [ 14.054632856729583, 47.037313274468389 ], [ 14.054785028386092, 47.037140442869152 ], [ 14.055087556823869, 47.036797040114166 ], [ 14.055054888684625, 47.036736959887847 ], [ 14.054982539143561, 47.036604336496431 ], [ 14.054926521414961, 47.036501573245715 ], [ 14.054866184937339, 47.036390919004759 ], [ 14.054841887110745, 47.036346262416743 ], [ 14.054804633701586, 47.036278022904064 ], [ 14.054854396221005, 47.036201402264084 ], [ 14.054879921998225, 47.036162098041672 ], [ 14.054803141045953, 47.035906677551942 ], [ 14.054755172832602, 47.035747264549016 ], [ 14.054938449821481, 47.035665206729988 ], [ 14.054893328708607, 47.035599086810748 ], [ 14.054858548997323, 47.03554819808793 ], [ 14.054872997674844, 47.035400806117281 ], [ 14.054875415282137, 47.035375325913364 ], [ 14.054930221764282, 47.035301912535026 ], [ 14.055509031309182, 47.034525830208636 ], [ 14.056336966372696, 47.034088380509353 ], [ 14.056726755263146, 47.033882449800608 ], [ 14.057154020349511, 47.03365504320923 ], [ 14.056975631175582, 47.03346730804401 ], [ 14.057023621582253, 47.033270751936783 ], [ 14.0571424151836, 47.032784453072829 ], [ 14.057386025913694, 47.03249531845767 ], [ 14.057193533867672, 47.032189977324784 ], [ 14.057172010179737, 47.032155741440114 ], [ 14.057271036421884, 47.032024906604825 ], [ 14.057298184151632, 47.031989010781068 ], [ 14.057318352134512, 47.031962427569717 ], [ 14.057490938972503, 47.031734663096564 ], [ 14.058291342134828, 47.031299623822129 ], [ 14.059397803875203, 47.030698315826037 ], [ 14.05960195470575, 47.030498870517057 ], [ 14.059853248180703, 47.030253592458244 ], [ 14.061576458223589, 47.029266972841292 ], [ 14.061802871529913, 47.029137296652912 ], [ 14.061866309887201, 47.028993998505527 ], [ 14.06254610962019, 47.027458143968694 ], [ 14.062579675473469, 47.027382163687058 ], [ 14.062600353004701, 47.027335510271797 ], [ 14.064671073781946, 47.02547873501188 ], [ 14.064829524988877, 47.025336712833983 ], [ 14.064845725525142, 47.025318702078891 ], [ 14.065691104943042, 47.024377801354291 ], [ 14.065841994570464, 47.024212701126473 ], [ 14.065896827747945, 47.024152689399919 ], [ 14.066038663797311, 47.02413260821212 ], [ 14.066102884521635, 47.024123555576772 ], [ 14.066191950438142, 47.024112722898515 ], [ 14.066489887916564, 47.024076516697335 ], [ 14.066848568023104, 47.024065292294928 ], [ 14.069720497449033, 47.023595446229479 ], [ 14.069986222223987, 47.023551971198266 ], [ 14.070191292242029, 47.023518427214434 ], [ 14.071203751329154, 47.023521751279056 ], [ 14.071712944514003, 47.023301225086406 ], [ 14.072118436780455, 47.023203026947911 ], [ 14.072163024824309, 47.023192208971722 ], [ 14.075034569355807, 47.022880418907611 ], [ 14.076338288515309, 47.022738812970552 ], [ 14.074563157870889, 47.021724528183967 ], [ 14.072309224600204, 47.020015702333218 ], [ 14.072051442029579, 47.019607151581134 ], [ 14.071764531991295, 47.018503948540179 ], [ 14.07172538437594, 47.018404233090067 ], [ 14.071440989115683, 47.017679837224222 ], [ 14.071373336817381, 47.017507601474925 ], [ 14.071103131483405, 47.016970545113857 ], [ 14.070834714450443, 47.016561880856159 ], [ 14.070600540278443, 47.016051223993642 ], [ 14.070447637079312, 47.015717753574791 ], [ 14.070397569820859, 47.015570328129115 ], [ 14.070060144487202, 47.014577226990767 ], [ 14.070056302570386, 47.014565824203899 ], [ 14.070012928349966, 47.014407557328994 ], [ 14.069774871378705, 47.013919239578797 ], [ 14.069732352447465, 47.013832052841764 ], [ 14.069704592831446, 47.013775094305366 ], [ 14.069582044111684, 47.013523579483454 ], [ 14.069539931680993, 47.013437199879746 ], [ 14.069526660872658, 47.013409931398236 ], [ 14.069509467945947, 47.013374949893134 ], [ 14.069508834508929, 47.013367215547667 ], [ 14.06937911413633, 47.013300570055421 ], [ 14.069230976859897, 47.013224505693586 ], [ 14.069187621229204, 47.013190773493584 ], [ 14.069143866026135, 47.01315668393881 ], [ 14.068913521676542, 47.012977312664837 ], [ 14.068904743644795, 47.012970440920192 ], [ 14.068654389061969, 47.012875511899232 ], [ 14.06862701319759, 47.012865161298521 ], [ 14.068592098092465, 47.01285189010845 ], [ 14.068509440682536, 47.012820571726806 ], [ 14.068275433671342, 47.012689993138068 ], [ 14.067845730463221, 47.012715989173984 ], [ 14.067651347270926, 47.012596580680466 ], [ 14.067520873375861, 47.012589326076956 ], [ 14.067342436502951, 47.012548008289848 ], [ 14.067102627330298, 47.012492329830117 ], [ 14.066658731043569, 47.012271592544181 ], [ 14.066281725914216, 47.011978706110781 ], [ 14.065885488522913, 47.011702769170377 ], [ 14.065341036853086, 47.011248632470036 ], [ 14.065178277227828, 47.011112999127072 ], [ 14.064836243511678, 47.010951076261065 ], [ 14.064620271753759, 47.010848808344704 ], [ 14.064590487612602, 47.010844950995555 ], [ 14.064303977580385, 47.010807653850684 ], [ 14.063778467593595, 47.010638720606927 ], [ 14.06312293897073, 47.010427969342381 ], [ 14.062723323640032, 47.010287196128481 ], [ 14.062483133047525, 47.010202626259726 ], [ 14.061992530510073, 47.009777282071511 ], [ 14.061596878798673, 47.009474062122941 ], [ 14.061556197607068, 47.0094429193785 ], [ 14.061545295530868, 47.009434531005951 ], [ 14.061513961878713, 47.009423124313471 ], [ 14.061305599825969, 47.009347256050319 ], [ 14.060698629028447, 47.009126191592031 ], [ 14.060289813757702, 47.009042517393603 ], [ 14.060110140595016, 47.009005695367591 ], [ 14.059726073704915, 47.009057823384765 ], [ 14.059324280487594, 47.009112402983909 ], [ 14.058979716544659, 47.009071144583928 ], [ 14.058779736853555, 47.009069273244741 ], [ 14.05851544323515, 47.009029840021739 ], [ 14.058392902070846, 47.008947659390103 ], [ 14.057969279696074, 47.008809992320579 ], [ 14.056514962977925, 47.008651539408405 ], [ 14.056000411599666, 47.008356436061234 ], [ 14.055984766775257, 47.008347447478712 ], [ 14.055518079651996, 47.008244058598052 ], [ 14.055467677827561, 47.008232951510564 ], [ 14.054959973898876, 47.008092568754186 ], [ 14.05368326607217, 47.007739579685087 ], [ 14.053451892858163, 47.007566032869462 ], [ 14.053245652855308, 47.007412392165882 ], [ 14.053205120642028, 47.007382055362363 ], [ 14.053058675268447, 47.007272576162933 ], [ 14.052968575667981, 47.007205211046738 ], [ 14.05184462499316, 47.006784196629745 ], [ 14.05108174217319, 47.006633353895374 ], [ 14.050630487064705, 47.006492235117875 ], [ 14.050444093907217, 47.006433934704276 ], [ 14.049815449015473, 47.006189734181092 ], [ 14.049769186230964, 47.006153673500627 ], [ 14.049582539165199, 47.006008090935964 ], [ 14.048694555966032, 47.005865310032036 ], [ 14.048587117117547, 47.005847990647588 ], [ 14.048580363079447, 47.005844613893309 ], [ 14.048489904638032, 47.005798843165465 ], [ 14.048357065128085, 47.005731653700828 ], [ 14.048257893163548, 47.005703034213518 ], [ 14.048246405327571, 47.005699777233218 ], [ 14.048081075941834, 47.005652138137336 ], [ 14.047687294683902, 47.005411305995473 ], [ 14.04730933846283, 47.00515363636903 ], [ 14.047182689380946, 47.005067240495478 ], [ 14.047137952327708, 47.005036838017872 ], [ 14.046449130025206, 47.00479524697549 ], [ 14.046178334693327, 47.004700307325251 ], [ 14.045599331317689, 47.00470223203736 ], [ 14.045337725613313, 47.004743195181938 ], [ 14.045100009179949, 47.004780408668232 ], [ 14.044806875502417, 47.00478521562998 ], [ 14.044661031439402, 47.004787569307183 ], [ 14.044601326653467, 47.004788573280742 ], [ 14.044536367787552, 47.004799958041843 ], [ 14.043726933569564, 47.0049414386027 ], [ 14.043290675332123, 47.004975031550117 ], [ 14.043230886877078, 47.004979634594768 ], [ 14.042676834520231, 47.004978688904082 ], [ 14.042346282661528, 47.004988852272191 ], [ 14.041942758130217, 47.005001359824043 ], [ 14.041676948456823, 47.004954248643187 ], [ 14.041207036293976, 47.004870977350478 ], [ 14.040771682804744, 47.004883679217102 ], [ 14.039992430352767, 47.004684364239672 ], [ 14.039881990001987, 47.004707997014705 ], [ 14.039678293569674, 47.004751736012459 ], [ 14.039359507223875, 47.004914696395517 ], [ 14.038517962591936, 47.004957089636925 ], [ 14.03810010107221, 47.005068832413571 ], [ 14.03803099795344, 47.005105074117694 ], [ 14.038015583898295, 47.005113178172572 ], [ 14.037994420805688, 47.005124197325898 ], [ 14.037963200471705, 47.005140587821444 ], [ 14.037654663136241, 47.005194152010397 ], [ 14.037440353699383, 47.005231384155358 ], [ 14.037164754992355, 47.005279163837017 ], [ 14.03703404248704, 47.00530183973369 ], [ 14.036944001172678, 47.005316524978127 ], [ 14.036817600321964, 47.005337014340228 ], [ 14.036647354641506, 47.0053642538901 ], [ 14.036608762699103, 47.005370341788122 ], [ 14.036596293698848, 47.005372398631508 ], [ 14.036352670980502, 47.005411250014795 ], [ 14.036011389320722, 47.005465732350444 ], [ 14.035877775421286, 47.00540834118965 ], [ 14.035787190298946, 47.005411781171667 ], [ 14.035751691855104, 47.005413080607276 ], [ 14.03572493192655, 47.005428633047934 ], [ 14.035698303511005, 47.005444184668498 ], [ 14.035678526468962, 47.005460593710417 ], [ 14.035651335544001, 47.005483347332834 ], [ 14.035466157538664, 47.005515446514444 ], [ 14.03532974472939, 47.005524928394692 ], [ 14.035261331001623, 47.005504025783125 ], [ 14.035219727041143, 47.00549123568392 ], [ 14.035149383971726, 47.005433812382243 ], [ 14.035140289475375, 47.005432428900249 ], [ 14.035032474407792, 47.00541608885213 ], [ 14.034897841756605, 47.005430868128713 ], [ 14.034774890481394, 47.005453673415353 ], [ 14.034718787971112, 47.005448621159452 ], [ 14.03469416121778, 47.005446433790269 ], [ 14.034641262924795, 47.005444960965605 ], [ 14.034563628966573, 47.005482872913632 ], [ 14.034418259058487, 47.005491419229479 ], [ 14.0344122122955, 47.005491726518152 ], [ 14.034282956529136, 47.005505302095585 ], [ 14.03422238248965, 47.005470403298226 ], [ 14.034197656269278, 47.005470645940008 ], [ 14.033903178782978, 47.005473633396868 ], [ 14.033836798788329, 47.005507156273524 ], [ 14.033829350288435, 47.005510891483276 ], [ 14.033822532143427, 47.005512553225046 ], [ 14.033604210260439, 47.005565009763608 ], [ 14.033418551229936, 47.005640569695558 ], [ 14.033291736082241, 47.005689671835896 ], [ 14.033170347872787, 47.00576132576721 ], [ 14.033062044748876, 47.005827769959637 ], [ 14.032959961176342, 47.00589705512855 ], [ 14.03285782877326, 47.005952663297009 ], [ 14.032808038079949, 47.005987433063424 ], [ 14.03274169462582, 47.006033822439292 ], [ 14.032628730222257, 47.006056023968704 ], [ 14.032531510278138, 47.006075159019765 ], [ 14.032210292509893, 47.006125547113626 ], [ 14.032123919636019, 47.006129318159623 ], [ 14.032108800738495, 47.00612995111387 ], [ 14.031894112897348, 47.006098969007887 ], [ 14.031698883250801, 47.006027195104231 ], [ 14.031514723376219, 47.006067019972825 ], [ 14.031305020323027, 47.006105021997371 ], [ 14.031225094130457, 47.006128908604275 ], [ 14.031098864357213, 47.006222815520047 ], [ 14.031060044027301, 47.006251668276377 ], [ 14.030950675063272, 47.006267277373858 ], [ 14.030913519199306, 47.006272634650813 ], [ 14.030830978889083, 47.006377970396805 ], [ 14.030724253025616, 47.006484714402525 ], [ 14.030500491955816, 47.006594336663845 ], [ 14.030325713809518, 47.00661754535605 ], [ 14.030137037733002, 47.006694378137375 ], [ 14.029880562609829, 47.006817247289987 ], [ 14.029833550180507, 47.006813306601437 ], [ 14.02972675139155, 47.006804333766375 ], [ 14.029662265828426, 47.006812107818568 ], [ 14.029534741499711, 47.006827646940067 ], [ 14.029360352064961, 47.006920767452606 ], [ 14.029354082128631, 47.006924135213268 ], [ 14.029348602565085, 47.00692758810937 ], [ 14.029259615304394, 47.006982932448473 ], [ 14.029140469812829, 47.007126013652915 ], [ 14.02908073564519, 47.007165161824069 ], [ 14.028954462665547, 47.007246199214009 ], [ 14.028792785978968, 47.0073057677915 ], [ 14.028757344211149, 47.007321551720331 ], [ 14.028722686911646, 47.007336970906394 ], [ 14.0286608680595, 47.0073877392472 ], [ 14.028612976432299, 47.007407108666044 ], [ 14.028591386435153, 47.00741587912426 ], [ 14.028560808569484, 47.007421375302307 ], [ 14.028465664477274, 47.007438604522712 ], [ 14.028404561013547, 47.007433489779523 ], [ 14.028380462089901, 47.007431477768989 ], [ 14.028351885136088, 47.00742904326102 ], [ 14.028204410873267, 47.007377756718697 ], [ 14.028139829965065, 47.007368254021493 ], [ 14.028088956809906, 47.00736082695618 ], [ 14.027908934432938, 47.007466127198654 ], [ 14.027841984390028, 47.007496770609272 ], [ 14.027777395583929, 47.007506793755446 ], [ 14.027751139381401, 47.007510823573185 ], [ 14.027695839860737, 47.007506932688351 ], [ 14.027628822071565, 47.007502213628548 ], [ 14.027589266824627, 47.00750524496403 ], [ 14.027544060318663, 47.007508670770072 ], [ 14.027401891381896, 47.007541213570192 ], [ 14.027390088591053, 47.007543985177051 ], [ 14.027302267607368, 47.007568007246782 ], [ 14.027140211681223, 47.007558469928881 ], [ 14.027136277411916, 47.007559393788917 ], [ 14.027041437979864, 47.007579859286487 ], [ 14.0269446338366, 47.007631200385347 ], [ 14.026907531873848, 47.007650863082965 ], [ 14.02688910062936, 47.007649715944744 ], [ 14.026814065015335, 47.007645495294575 ], [ 14.026564876846676, 47.007662404071802 ], [ 14.026424599056224, 47.00765849156258 ], [ 14.026369987671538, 47.007656935351285 ], [ 14.0262516174511, 47.007648389808537 ], [ 14.026226994721739, 47.007646560501335 ], [ 14.026207858877621, 47.007641818290907 ], [ 14.026056874447475, 47.007603687700673 ], [ 14.026051727014814, 47.007602369386795 ], [ 14.025914682492754, 47.007604285320824 ], [ 14.025861770099645, 47.007632142468708 ], [ 14.025661751466167, 47.00761662589133 ], [ 14.025543458092384, 47.007593772076675 ], [ 14.025297183964312, 47.007592034123221 ], [ 14.025211276929653, 47.007591387960012 ], [ 14.025019503967558, 47.007582748578905 ], [ 14.02482811067757, 47.007532535088586 ], [ 14.024592331114613, 47.007478002500932 ], [ 14.024453224135666, 47.007462922720961 ], [ 14.024439655078909, 47.007461385659319 ], [ 14.02431784465775, 47.007451239381439 ], [ 14.024200117211274, 47.007451595965527 ], [ 14.024018615564241, 47.007504439760737 ], [ 14.023932140833525, 47.007470232972636 ], [ 14.023922752799846, 47.007466510858002 ], [ 14.023898311423727, 47.007458381236439 ], [ 14.023813625144321, 47.007430192242587 ], [ 14.02372026774027, 47.0074331895296 ], [ 14.023685949117231, 47.007434298046299 ], [ 14.023539811641792, 47.007374179156358 ], [ 14.023395158845496, 47.007296684620364 ], [ 14.023355657012269, 47.007232947861866 ], [ 14.023266500545155, 47.007184629772404 ], [ 14.023133711982661, 47.00714953408422 ], [ 14.02302107873763, 47.00709640946998 ], [ 14.022997403973664, 47.007096643280825 ], [ 14.022797223654747, 47.007098849019094 ], [ 14.022604203653639, 47.007024346673276 ], [ 14.022294295892179, 47.006984386498495 ], [ 14.022199942829017, 47.006951126031204 ], [ 14.022193864325761, 47.00694900335963 ], [ 14.022180763709414, 47.006882136604979 ], [ 14.022055136545562, 47.006770241975723 ], [ 14.02200851013553, 47.006643830866729 ], [ 14.021935541549103, 47.00660612134142 ], [ 14.021858840535655, 47.006584901024915 ], [ 14.021848543743747, 47.006582084067524 ], [ 14.021627199952974, 47.006564980104343 ], [ 14.021476696079803, 47.006553295114536 ], [ 14.021339548606379, 47.006506436190165 ], [ 14.021212178973826, 47.006462937150822 ], [ 14.020973383141376, 47.006469422839714 ], [ 14.020661582544264, 47.006435318500337 ], [ 14.020379405155298, 47.00629134657845 ], [ 14.020170341225263, 47.006216667288648 ], [ 14.020140078743248, 47.00620587263964 ], [ 14.02011364811478, 47.006196404523109 ], [ 14.020060064094787, 47.006172433680199 ], [ 14.019991133011773, 47.006141627068594 ], [ 14.019868486630768, 47.006086850277306 ], [ 14.019766190207781, 47.00604940671505 ], [ 14.019664687760843, 47.006012318187182 ], [ 14.019573452764917, 47.005985965281312 ], [ 14.019481160969139, 47.005959258764356 ], [ 14.019398838104131, 47.005909996552703 ], [ 14.019316381537937, 47.0058605551272 ], [ 14.019149407466593, 47.0058057754798 ], [ 14.019017835838754, 47.0057625693305 ], [ 14.018986264359174, 47.005752232191021 ], [ 14.018894949924878, 47.005760432115409 ], [ 14.018834511278058, 47.00576583606037 ], [ 14.018682890809858, 47.005779528907347 ], [ 14.01857475009923, 47.005747788397329 ], [ 14.018463572732161, 47.005715166297669 ], [ 14.01827291279778, 47.005639202709133 ], [ 14.018084501003523, 47.005564125057703 ], [ 14.018050991201411, 47.005566666703423 ], [ 14.018039953182489, 47.00556754311463 ], [ 14.018022476028525, 47.005568908269893 ], [ 14.017927007481749, 47.005601787397268 ], [ 14.017859695900455, 47.005625048604351 ], [ 14.017831147706779, 47.005634938747093 ], [ 14.017731839518079, 47.00563526756725 ], [ 14.017720922576258, 47.00563533338407 ], [ 14.017699220221951, 47.005635464221662 ], [ 14.017608462602931, 47.005635831366824 ], [ 14.017583203158862, 47.005635533716401 ], [ 14.017432567206383, 47.005633742147367 ], [ 14.017254040076903, 47.005631578529545 ], [ 14.017109683780056, 47.005576029762459 ], [ 14.017033804977199, 47.005546882886293 ], [ 14.016962684464922, 47.005519506934178 ], [ 14.016912404669462, 47.005496594497686 ], [ 14.016779826506575, 47.005436295354016 ], [ 14.016597631393626, 47.005353439418968 ], [ 14.016550387880926, 47.005341576268691 ], [ 14.016501561416607, 47.005329362699442 ], [ 14.016466194865835, 47.005320487406486 ], [ 14.016404567355368, 47.005305021515291 ], [ 14.016382680024007, 47.005290756181324 ], [ 14.016370875642489, 47.005283178784403 ], [ 14.01632842903776, 47.005255629905186 ], [ 14.016257520620298, 47.005234460960608 ], [ 14.016146430807057, 47.005228920500265 ], [ 14.016045488363783, 47.005224848589158 ], [ 14.01597351168577, 47.005202426152429 ], [ 14.015871027171897, 47.005170469108265 ], [ 14.015699817556481, 47.005113190409453 ], [ 14.015584700698311, 47.005070601249358 ], [ 14.015483287194851, 47.005029819238956 ], [ 14.015434735514395, 47.004997987606302 ], [ 14.015373820279004, 47.004966230237045 ], [ 14.015260643706455, 47.004859562300915 ], [ 14.015251768132797, 47.004793209307358 ], [ 14.015201392482062, 47.004742222484815 ], [ 14.015075092400627, 47.004699340063567 ], [ 14.014885602762044, 47.004621654162854 ], [ 14.014576404742998, 47.004573930383266 ], [ 14.014329137911979, 47.004524394548483 ], [ 14.014199320363357, 47.004443020205272 ], [ 14.014181032410873, 47.004442679986894 ], [ 14.014069988282747, 47.004440556527648 ], [ 14.013859242852877, 47.00450030806811 ], [ 14.013681716769717, 47.0045554510329 ], [ 14.013542057031785, 47.004629892794739 ], [ 14.013354415749751, 47.004716949281509 ], [ 14.012995126240947, 47.00479441548682 ], [ 14.012877350823183, 47.004780273648414 ], [ 14.012831769843759, 47.004774877669725 ], [ 14.012025863595419, 47.004581109873719 ], [ 14.011931016611378, 47.004580417165613 ], [ 14.011732771104475, 47.004578902655233 ], [ 14.011513711594651, 47.004647067782606 ], [ 14.010947607122288, 47.00458764141861 ], [ 14.010512953459505, 47.004542005135988 ], [ 14.010488455838798, 47.00452919395147 ], [ 14.010324972803009, 47.004396366709685 ], [ 14.010074787974084, 47.004406496712669 ], [ 14.0100352156922, 47.004408082342586 ], [ 14.010019833968871, 47.004408713924938 ], [ 14.009764708771787, 47.00459901544982 ], [ 14.009729580312841, 47.004577719217465 ], [ 14.009701346268193, 47.004560701002376 ], [ 14.009588657288051, 47.004491366860627 ], [ 14.009470728073506, 47.004144651184284 ], [ 14.009442925037042, 47.004027121122355 ], [ 14.009379246607745, 47.003757196274435 ], [ 14.009494514535959, 47.003460920843096 ], [ 14.00953934635111, 47.00341791262403 ], [ 14.009702427181086, 47.003261273209112 ], [ 14.009938848286971, 47.003121022947937 ], [ 14.009994444875716, 47.003076420696217 ], [ 14.010113057783284, 47.002981143118149 ], [ 14.010488047824936, 47.002877137784452 ], [ 14.010505059756589, 47.002870287693746 ], [ 14.010994468056344, 47.00288896256167 ], [ 14.011586800918002, 47.002809750469403 ], [ 14.011655047131054, 47.002725839911662 ], [ 14.011769602168126, 47.002652990202954 ], [ 14.011808297455529, 47.002582843359747 ], [ 14.011788538267639, 47.002487851099069 ], [ 14.011833342409037, 47.002391393158632 ], [ 14.011828630854945, 47.002228464966436 ], [ 14.011836938798188, 47.00217865558043 ], [ 14.011844270405, 47.002134790803581 ], [ 14.011846223046522, 47.002122901583952 ], [ 14.011839693369485, 47.002095676243961 ], [ 14.011833032178464, 47.00206845168973 ], [ 14.011828725207168, 47.002050481149638 ], [ 14.011813179017675, 47.001986687263894 ], [ 14.011747225285832, 47.001714437756718 ], [ 14.011724454218308, 47.001620453282271 ], [ 14.011705986670394, 47.001544169424498 ], [ 14.0117649356266, 47.001309145560086 ], [ 14.011659324067827, 47.001453836994337 ], [ 14.011716007582759, 47.001257698668262 ], [ 14.011723068473941, 47.001161736272216 ], [ 14.011725869277102, 47.001123567409778 ], [ 14.011710389647964, 47.001095855663806 ], [ 14.011672710923035, 47.00102922464432 ], [ 14.011672954976094, 47.001017435619438 ], [ 14.011677361643534, 47.0007857071204 ], [ 14.01168196636662, 47.000538590612713 ], [ 14.01176029238329, 47.000121598475118 ], [ 14.011832389792334, 47.000071767725473 ], [ 14.01187358792277, 47.000043267283779 ], [ 14.01189705503249, 47.000027020320196 ], [ 14.011912722899927, 46.999904731875539 ], [ 14.011997023758346, 46.999718866123104 ], [ 14.01201178327325, 46.999525497764196 ], [ 14.011898353190791, 46.999222488613718 ], [ 14.011905859301747, 46.998903999462719 ], [ 14.011989251759889, 46.998647143784709 ], [ 14.012201487736267, 46.998551304110016 ], [ 14.012489570672479, 46.998514038045258 ], [ 14.012622202403294, 46.998456825995461 ], [ 14.012730505011394, 46.998410107283931 ], [ 14.012817378538452, 46.997983615115231 ], [ 14.012753876489784, 46.997522570428721 ], [ 14.012811871466763, 46.997326783564972 ], [ 14.012819813613438, 46.997299921549114 ], [ 14.01285436023104, 46.997183458703439 ], [ 14.012796922285442, 46.996785184777949 ], [ 14.012783932496406, 46.99669501115357 ], [ 14.012759405041884, 46.996525362999598 ], [ 14.012757337408752, 46.996363678724421 ], [ 14.012792584967404, 46.996281494626331 ], [ 14.012914544857923, 46.995997052953904 ], [ 14.0131020230702, 46.995313690919971 ], [ 14.013172015117064, 46.994914923817397 ], [ 14.012836451351092, 46.994199601248745 ], [ 14.012690980135886, 46.993889496229173 ], [ 14.012385743535228, 46.993714509386933 ], [ 14.012173773227298, 46.993592862799503 ], [ 14.012066615255003, 46.993357842303439 ], [ 14.01205202056569, 46.993121278394241 ], [ 14.012077977950218, 46.992888431148636 ], [ 14.01222182068976, 46.992402570810896 ], [ 14.012227289456009, 46.991996901743278 ], [ 14.012227836743852, 46.991957396614907 ], [ 14.012232754694949, 46.991940900591054 ], [ 14.012278919564983, 46.991787026092709 ], [ 14.01234009622177, 46.991583302018327 ], [ 14.012360657146944, 46.991514883081116 ], [ 14.012429470073593, 46.991373650370541 ], [ 14.012501227639801, 46.991226191273498 ], [ 14.01258638875759, 46.99111914355813 ], [ 14.012834655636727, 46.990676028372668 ], [ 14.013110613520858, 46.990537244001622 ], [ 14.013472089550508, 46.990381299890906 ], [ 14.013568264575683, 46.990230904325863 ], [ 14.013625887191012, 46.989780921550746 ], [ 14.013464710170053, 46.989075353180027 ], [ 14.013443737857305, 46.988782679189462 ], [ 14.013477079170862, 46.988726690860332 ], [ 14.013520717132629, 46.988653274383168 ], [ 14.01359859926214, 46.988584151691654 ], [ 14.013549842466462, 46.988350132217441 ], [ 14.013365872646281, 46.988257204164306 ], [ 14.013327452107337, 46.988255364817071 ], [ 14.013076140255912, 46.988243373207055 ], [ 14.012812415700798, 46.988196452577057 ], [ 14.012754513725829, 46.988182762147467 ], [ 14.012513936313033, 46.988125804281708 ], [ 14.012492041758122, 46.988120626411735 ], [ 14.012269248290542, 46.988024959553549 ], [ 14.01172290898462, 46.987790135975061 ], [ 14.011718246118082, 46.987785394833011 ], [ 14.011480030497665, 46.987542339046378 ], [ 14.011245883322959, 46.9874015673686 ], [ 14.011122383866525, 46.987327350529831 ], [ 14.011067170998471, 46.987307884374133 ], [ 14.011035602842494, 46.98729682522427 ], [ 14.010966916700696, 46.987272580484394 ], [ 14.010640957020323, 46.98711894855554 ], [ 14.010357405172192, 46.986887858629458 ], [ 14.010195710648771, 46.986550493009744 ], [ 14.010195864507414, 46.986345784329416 ], [ 14.01018494142378, 46.986200529465918 ], [ 14.010152260605006, 46.986153664101145 ], [ 14.010079406717558, 46.98604981012447 ], [ 14.009952925240828, 46.985957883482278 ], [ 14.009773914721061, 46.985912520298861 ], [ 14.009753599113193, 46.985907332495465 ], [ 14.009441240099511, 46.985860604033888 ], [ 14.009273414601839, 46.98584684688521 ], [ 14.008903907151213, 46.985835010216505 ], [ 14.008649984960938, 46.98580286858666 ], [ 14.008424730659796, 46.985677785001926 ], [ 14.007785120062653, 46.985187500451516 ], [ 14.00761530757624, 46.984934042200052 ], [ 14.007568028712257, 46.984834893671085 ], [ 14.007477396222846, 46.984645391415199 ], [ 14.007287465135676, 46.984536742317097 ], [ 14.007124818753187, 46.98444367764106 ], [ 14.006573274165543, 46.984239544191318 ], [ 14.006539444425607, 46.984215809847875 ], [ 14.006377192203162, 46.984101776109497 ], [ 14.006315209410847, 46.983921101160242 ], [ 14.006305974894158, 46.983742182925596 ], [ 14.006179798241185, 46.983444912789722 ], [ 14.005839338893095, 46.9830568617502 ], [ 14.00556431669642, 46.982831468347008 ], [ 14.005241599890176, 46.982566944876396 ], [ 14.004811016786169, 46.982121206502882 ], [ 14.004770243253006, 46.981901533276258 ], [ 14.00488199247026, 46.981505403750923 ], [ 14.004774866267377, 46.98115394055548 ], [ 14.004766311290576, 46.981142833487802 ], [ 14.004658575340875, 46.981003189982339 ], [ 14.004451870425406, 46.980866201370432 ], [ 14.004393532412927, 46.980827584471413 ], [ 14.003573734473445, 46.979626139662116 ], [ 14.003523102264049, 46.979552024144418 ], [ 14.00344742532889, 46.979504061141434 ], [ 14.003441726954945, 46.979500495541181 ], [ 14.003398888526958, 46.979491840381257 ], [ 14.003309390155893, 46.979473832727663 ], [ 14.0032536353196, 46.979462644322041 ], [ 14.003111082728594, 46.979397349605122 ], [ 14.003028424943478, 46.979306596401315 ], [ 14.002915096645754, 46.979233750472439 ], [ 14.002843073028021, 46.978964321357687 ], [ 14.002840172877193, 46.978953270762169 ], [ 14.002868807740043, 46.978752893238145 ], [ 14.002902507507807, 46.978704104427997 ], [ 14.003001453011597, 46.9785224779489 ], [ 14.003164252226057, 46.978348032859387 ], [ 14.003228462946669, 46.978279177933182 ], [ 14.003355773680809, 46.978178546855403 ], [ 14.003382199511449, 46.978157695080164 ], [ 14.003412530600551, 46.978133760867742 ], [ 14.003503914684693, 46.978061685928274 ], [ 14.003648256545302, 46.977758315846252 ], [ 14.003666382452739, 46.97737128881532 ], [ 14.003897858636067, 46.976972023282315 ], [ 14.004032064535007, 46.976834728241073 ], [ 14.004210270716385, 46.976777526247091 ], [ 14.004993980901689, 46.976727808715019 ], [ 14.005302796035805, 46.976623581277899 ], [ 14.005326359477857, 46.976615613333792 ], [ 14.005757200989649, 46.976388737028458 ], [ 14.006314692203599, 46.975812879830798 ], [ 14.006399864748991, 46.975769993333209 ], [ 14.006405091074626, 46.975767442848458 ], [ 14.00647416358267, 46.975595168554811 ], [ 14.006471223277314, 46.97522806183639 ], [ 14.006441993294651, 46.975120707471149 ], [ 14.006428620114232, 46.975071656961255 ], [ 14.006375553359643, 46.974753347603198 ], [ 14.006481871479599, 46.974407998036611 ], [ 14.006502578427476, 46.974340659056359 ], [ 14.006481485039782, 46.974294443784842 ], [ 14.006369525549717, 46.974048918880328 ], [ 14.006219286173534, 46.973832504952995 ], [ 14.00616759963099, 46.973758036946883 ], [ 14.005827297533123, 46.973408677254916 ], [ 14.005802916095906, 46.973393434957501 ], [ 14.005483840702457, 46.973194127404327 ], [ 14.005266166836083, 46.973112723939614 ], [ 14.005190629711741, 46.973106422700418 ], [ 14.005065086212372, 46.973096008422552 ], [ 14.004784657289632, 46.973000218648892 ], [ 14.00433770528077, 46.972365614847604 ], [ 14.004229174262127, 46.972171896912947 ], [ 14.00411204071006, 46.971963112869666 ], [ 14.004092401839307, 46.97195899986238 ], [ 14.003834065588162, 46.971904918504322 ], [ 14.003740077929102, 46.971832229110937 ], [ 14.003708881725494, 46.97180811848532 ], [ 14.003685965144271, 46.971762993263425 ], [ 14.003501938099738, 46.97139893606375 ], [ 14.003296068960152, 46.971262480517474 ], [ 14.00327446090877, 46.971248121121839 ], [ 14.002999025385968, 46.971213754807643 ], [ 14.002967637350638, 46.971216099641204 ], [ 14.002469228976546, 46.97125269356706 ], [ 14.001378182461666, 46.971191907632246 ], [ 14.000989059387255, 46.971085770874744 ], [ 14.000536215516776, 46.970961291452916 ], [ 13.9997434475364, 46.970848255636731 ], [ 13.999568038663172, 46.970823281312306 ], [ 13.999559479041066, 46.970822071842491 ], [ 13.999524318196103, 46.970817059410656 ], [ 13.999469272168383, 46.970809194350636 ], [ 13.999091517177977, 46.970791526016214 ], [ 13.998799956079695, 46.970718192275058 ], [ 13.998191651277123, 46.970691435310137 ], [ 13.998117075667059, 46.970688093137916 ], [ 13.997990645224347, 46.970690273661965 ], [ 13.99757087266566, 46.97069732136864 ], [ 13.997487652091916, 46.970685931081782 ], [ 13.997442618672519, 46.970679806048466 ], [ 13.997302091950274, 46.970605854142299 ], [ 13.996828907865606, 46.970356764939645 ], [ 13.996692262387095, 46.970235549393806 ], [ 13.996503806587539, 46.970039052269819 ], [ 13.996322646527517, 46.970016356108708 ], [ 13.996249971791354, 46.970007242802382 ], [ 13.9957650588213, 46.969870964348061 ], [ 13.995717338901382, 46.969870703108413 ], [ 13.99544890325395, 46.96986966073753 ], [ 13.995440829297753, 46.969865208796783 ], [ 13.995271678696156, 46.969772345430478 ], [ 13.995217269924185, 46.969477704172533 ], [ 13.995164049640577, 46.969426275431147 ], [ 13.995159823389328, 46.969424680424382 ], [ 13.995097731730807, 46.969399757913514 ], [ 13.995059684314688, 46.969384503076817 ], [ 13.994947393556151, 46.969339627505605 ], [ 13.994626715452991, 46.969376050166026 ], [ 13.994572365434092, 46.969402821487918 ], [ 13.994338766895716, 46.969518099217439 ], [ 13.994258535130736, 46.969567156594707 ], [ 13.993639308705413, 46.969654625215313 ], [ 13.993422236076917, 46.96958723280877 ], [ 13.993319096427399, 46.96949587203806 ], [ 13.993222336630309, 46.969410142884605 ], [ 13.99275586096047, 46.969063638100046 ], [ 13.992732377432887, 46.96904613827644 ], [ 13.992328842043396, 46.968856283225762 ], [ 13.992229681390249, 46.968852360171567 ], [ 13.992049500698256, 46.968918822981777 ], [ 13.991899147952447, 46.968931393519775 ], [ 13.991872754343891, 46.968933616314025 ], [ 13.991783750412097, 46.968826425384663 ], [ 13.991766003804573, 46.968805112849971 ], [ 13.991653765859091, 46.968477602556383 ], [ 13.99161493549464, 46.968069942783643 ], [ 13.991331270310438, 46.967942195494878 ], [ 13.991127783624773, 46.967622862375883 ], [ 13.990992817844404, 46.967497671165376 ], [ 13.990418260043064, 46.967305291559711 ], [ 13.990232904744106, 46.967186780006244 ], [ 13.990106274127681, 46.967001881914626 ], [ 13.990042406225417, 46.966992353747571 ], [ 13.989930208623241, 46.966975546879119 ], [ 13.989711511239006, 46.966828523457508 ], [ 13.989661859578153, 46.966820622459281 ], [ 13.98953405032813, 46.966848806176351 ], [ 13.989456315462476, 46.966865902369094 ], [ 13.989403357389721, 46.966930905198069 ], [ 13.989338367035257, 46.966947567672598 ], [ 13.98923100636134, 46.9668966292476 ], [ 13.989137528595384, 46.966852269073058 ], [ 13.989097461223283, 46.966854120373675 ], [ 13.988979231709376, 46.966859752770254 ], [ 13.988865226095442, 46.96693077700121 ], [ 13.988846606828956, 46.966934483850082 ], [ 13.988809368288189, 46.966941897538618 ], [ 13.988728466430111, 46.966958021737376 ], [ 13.98857713349147, 46.966997317996181 ], [ 13.988448781606216, 46.966970885004748 ], [ 13.988324710757615, 46.966918512551395 ], [ 13.988317179102781, 46.966915316715856 ], [ 13.988066747473988, 46.966944746637012 ], [ 13.987782131448691, 46.966877373459788 ], [ 13.987712526057754, 46.966860858550518 ], [ 13.987656493815249, 46.966879178024818 ], [ 13.987574015944055, 46.966906108238547 ], [ 13.987554792147346, 46.966935463013826 ], [ 13.987538406731959, 46.966960482316665 ], [ 13.987522044997483, 46.966966065533711 ], [ 13.987168237940235, 46.967086790683709 ], [ 13.98716014101189, 46.967091066472136 ], [ 13.987105290389486, 46.967119996646197 ], [ 13.987069800826832, 46.967120021220794 ], [ 13.987037334260604, 46.967120028363226 ], [ 13.98681744496883, 46.966982364325141 ], [ 13.986808039027336, 46.966976389769485 ], [ 13.986416600996582, 46.966848081355536 ], [ 13.986339283654416, 46.966856444825254 ], [ 13.986255402323399, 46.966865475893243 ], [ 13.985828698833359, 46.967097923189755 ], [ 13.98573734190785, 46.967076223296765 ], [ 13.985595098989833, 46.96704239853679 ], [ 13.985550316269805, 46.967045625415906 ], [ 13.985473751789126, 46.967051104565961 ], [ 13.985383799440815, 46.967090313596522 ], [ 13.984914389572754, 46.967066916380844 ], [ 13.984735933641952, 46.96711347181116 ], [ 13.984179819486361, 46.96704035992088 ], [ 13.983846243025559, 46.966988914538327 ], [ 13.983449398097965, 46.967170252232656 ], [ 13.983364956620134, 46.967208798200957 ], [ 13.983106062168298, 46.967417238239562 ], [ 13.982848937475055, 46.967447954693888 ], [ 13.982771437024203, 46.967484480885425 ], [ 13.982606017418041, 46.967479399091452 ], [ 13.982560652362713, 46.96747803908054 ], [ 13.982384324562934, 46.967408502885597 ], [ 13.98167052916892, 46.967587508267648 ], [ 13.981386559435098, 46.967508057909797 ], [ 13.981342445114912, 46.967436774894018 ], [ 13.981250603176521, 46.967418313490064 ], [ 13.981196302314649, 46.967460284918154 ], [ 13.981164983612972, 46.967554494111639 ], [ 13.980934857289315, 46.967578843326322 ], [ 13.980681737982851, 46.967550054440729 ], [ 13.980578147932146, 46.967538318142978 ], [ 13.980558435522658, 46.967398329941631 ], [ 13.980473569821806, 46.967337446976757 ], [ 13.980202909625435, 46.96732531363498 ], [ 13.97989447019429, 46.967362704668837 ], [ 13.979764663377203, 46.967378471334122 ], [ 13.979650273985214, 46.967310917435661 ], [ 13.979605525092868, 46.967284537972297 ], [ 13.979433554259593, 46.967227029870735 ], [ 13.979253747895264, 46.967227783935591 ], [ 13.979112583418484, 46.967228317732925 ], [ 13.978795618882861, 46.967202317602208 ], [ 13.978790637464973, 46.967203425721351 ], [ 13.978610693888459, 46.967247010575342 ], [ 13.978608232665104, 46.967249993954127 ], [ 13.978541757688244, 46.967328745662421 ], [ 13.978532968998795, 46.967330235350367 ], [ 13.978277698118179, 46.967373078347308 ], [ 13.978224710265344, 46.967339276751794 ], [ 13.97799315548081, 46.967191674158272 ], [ 13.977881207716759, 46.967151818807295 ], [ 13.977829986276884, 46.967133573730393 ], [ 13.977595786954177, 46.966930287037819 ], [ 13.977407234338127, 46.966935946840323 ], [ 13.976972255242892, 46.966878938303097 ], [ 13.976864165873707, 46.966831951554163 ], [ 13.976818014357843, 46.96684157141194 ], [ 13.976709321212786, 46.9668641433557 ], [ 13.976465131437889, 46.9667689783602 ], [ 13.976453211228428, 46.966772375245917 ], [ 13.976368333741437, 46.966796971381399 ], [ 13.976166622566977, 46.966681859067371 ], [ 13.97610586082107, 46.966668076359106 ], [ 13.975601712754752, 46.966782328668572 ], [ 13.975398581628175, 46.966701865769757 ], [ 13.975376657124565, 46.966693171718674 ], [ 13.975178532136947, 46.966678906195476 ], [ 13.975003762295517, 46.966639403481174 ], [ 13.974896385302269, 46.966662146203817 ], [ 13.974820132165066, 46.966639002409828 ], [ 13.974739920888425, 46.966614621211008 ], [ 13.974626464857131, 46.966689137190748 ], [ 13.974575292528534, 46.966696624973721 ], [ 13.974534616437534, 46.966702523722617 ], [ 13.974296981717291, 46.966649158249481 ], [ 13.974166277350733, 46.966688588615746 ], [ 13.974066080001766, 46.966761769388683 ], [ 13.974046925140192, 46.966775644694543 ], [ 13.973840308390756, 46.966700237650628 ], [ 13.973771788567714, 46.966675249865141 ], [ 13.973716664794622, 46.966583870339264 ], [ 13.973700304741252, 46.966556968369083 ], [ 13.973661276176729, 46.966492312320447 ], [ 13.973557189402396, 46.966428113457894 ], [ 13.973420767994012, 46.966440310960408 ], [ 13.9733539963091, 46.966385799260564 ], [ 13.97334364270584, 46.966377399455766 ], [ 13.973338158956103, 46.966293118107082 ], [ 13.973294289668337, 46.966263041989876 ], [ 13.973200319759545, 46.966198425802055 ], [ 13.973184193403116, 46.966147227544894 ], [ 13.973176399599232, 46.966122166782583 ], [ 13.973197188179572, 46.966014702066126 ], [ 13.973054733668413, 46.965831314263497 ], [ 13.972596964488398, 46.965725197908021 ], [ 13.972293807096335, 46.965654921159647 ], [ 13.972176269905521, 46.965729007767401 ], [ 13.972011159984298, 46.965683507317507 ], [ 13.97194560765668, 46.965511472637857 ], [ 13.971857005357293, 46.965466710953791 ], [ 13.971837699085299, 46.965467989386802 ], [ 13.971774659866732, 46.965472303392119 ], [ 13.971687961553098, 46.96543283974448 ], [ 13.971390789875395, 46.965455837294684 ], [ 13.971167694274673, 46.965266062197621 ], [ 13.971047124401306, 46.965087407837693 ], [ 13.970977802721709, 46.965039117793339 ], [ 13.970902648625973, 46.964986721361541 ], [ 13.970580154749541, 46.964903681465827 ], [ 13.970367783190484, 46.964906404069175 ], [ 13.9702058761884, 46.964908483013716 ], [ 13.970003688195936, 46.964905478949184 ], [ 13.969760432915226, 46.964842687584323 ], [ 13.969644551199428, 46.964813643972079 ], [ 13.969580312632697, 46.964783590723634 ], [ 13.96957026694697, 46.964778878076018 ], [ 13.969512983182655, 46.964791796727248 ], [ 13.969495679761719, 46.964795672980401 ], [ 13.969427117976737, 46.964788769025922 ], [ 13.969396136232282, 46.964791912140818 ], [ 13.969262266955086, 46.964698542567014 ], [ 13.969236691898841, 46.964626251196435 ], [ 13.969236239136299, 46.964555438639401 ], [ 13.969164172980904, 46.964486287280401 ], [ 13.969106237868901, 46.964323836292152 ], [ 13.968866881136735, 46.96411408211231 ], [ 13.968588166066798, 46.963998218156156 ], [ 13.96857623199805, 46.964000444539309 ], [ 13.968435127006144, 46.964027239239748 ], [ 13.968373961211556, 46.964122241776778 ], [ 13.968367638420391, 46.964132085111117 ], [ 13.968194176001708, 46.964156901118443 ], [ 13.968050104868562, 46.964177503246198 ], [ 13.967942597457471, 46.964167127105846 ], [ 13.967854828925667, 46.964158710007261 ], [ 13.967485871646282, 46.964091308047315 ], [ 13.967205712948113, 46.963909222737556 ], [ 13.96714932918138, 46.963898380173212 ], [ 13.966997040340779, 46.963869087408298 ], [ 13.966835833031382, 46.963819328574893 ], [ 13.966675375119591, 46.963799349053261 ], [ 13.966653261131105, 46.963796593138163 ], [ 13.966476836965967, 46.963848597332742 ], [ 13.966305541795149, 46.963779458156331 ], [ 13.966267109164653, 46.963763925944129 ], [ 13.966256279690294, 46.963759577303705 ], [ 13.966251128342613, 46.963757446503905 ], [ 13.966217953135137, 46.963752952605439 ], [ 13.966094861493591, 46.96373618304289 ], [ 13.96602403513886, 46.96372659024518 ], [ 13.965845688686821, 46.963793810973328 ], [ 13.965795159574329, 46.96377789615223 ], [ 13.965764551912317, 46.963768258885864 ], [ 13.965626100133564, 46.963786127174146 ], [ 13.965377770615405, 46.963759977037284 ], [ 13.965363558353907, 46.96375852655504 ], [ 13.965353819946944, 46.963757501047191 ], [ 13.965086013668401, 46.963828818266485 ], [ 13.964942329520746, 46.963937325750337 ], [ 13.9649358639378, 46.963935202209377 ], [ 13.964795591579204, 46.963888383264937 ], [ 13.964125560469782, 46.964045799079202 ], [ 13.964115075107449, 46.964048286878473 ], [ 13.964053531874573, 46.964045659743995 ], [ 13.963448358674816, 46.964019959439824 ], [ 13.963335085926264, 46.964044253657768 ], [ 13.963043645518077, 46.964106879165996 ], [ 13.962857495505503, 46.964092705687172 ], [ 13.962654638328095, 46.964077274887032 ], [ 13.962513147567389, 46.963971792280056 ], [ 13.96243411526849, 46.963912933176253 ], [ 13.962210170917565, 46.963870354300973 ], [ 13.962143251706742, 46.963857678067619 ], [ 13.962115983544873, 46.963852520356745 ], [ 13.961670862561094, 46.963767885470133 ], [ 13.961625414635488, 46.963748071468707 ], [ 13.961468986855193, 46.963679652502464 ], [ 13.961146487388095, 46.963538548222871 ], [ 13.961139242677387, 46.963526080965941 ], [ 13.961072956090531, 46.96341109222309 ], [ 13.960901258858577, 46.963329439805527 ], [ 13.960892931246722, 46.963325436737435 ], [ 13.96088707947961, 46.963319620350603 ], [ 13.960650893241189, 46.963085806583713 ], [ 13.960500351657245, 46.96293673078543 ], [ 13.96044328132322, 46.962923189269887 ], [ 13.960317542484017, 46.962893380856755 ], [ 13.960183632126602, 46.96286163788546 ], [ 13.959980213383474, 46.962586250399248 ], [ 13.959982826552704, 46.962529188022671 ], [ 13.959983244065322, 46.962520007656352 ], [ 13.959984086514384, 46.962502276749511 ], [ 13.959986292770029, 46.962455294490304 ], [ 13.959848057154312, 46.962391001914142 ], [ 13.959842067694439, 46.962362331067496 ], [ 13.959823110470678, 46.962270475224429 ], [ 13.959771688036788, 46.962022321778207 ], [ 13.959420158071866, 46.961758548981948 ], [ 13.959399654432842, 46.961658063435848 ], [ 13.959139514264326, 46.961487185535177 ], [ 13.958966390422026, 46.961183015177468 ], [ 13.95867223372988, 46.960913254818337 ], [ 13.958222030031235, 46.960706710390788 ], [ 13.958117358253505, 46.960612537095329 ], [ 13.957814370174832, 46.960339943811334 ], [ 13.957763153673238, 46.960164313030283 ], [ 13.957755481462762, 46.960137720907113 ], [ 13.957710105726546, 46.96012366374616 ], [ 13.957430732028019, 46.960037379997019 ], [ 13.957237227636289, 46.959977527531585 ], [ 13.957097410023644, 46.959934385883685 ], [ 13.956483689993991, 46.959904016716102 ], [ 13.956381643794831, 46.959898908554393 ], [ 13.956245864082693, 46.959818941473955 ], [ 13.956143302293917, 46.959758587631732 ], [ 13.9560870706412, 46.959580644162536 ], [ 13.955707356626149, 46.959421122750747 ], [ 13.955468115387777, 46.959248502212006 ], [ 13.955346176106238, 46.959160539825909 ], [ 13.955272414129583, 46.959079061695519 ], [ 13.954933967726324, 46.95870551672018 ], [ 13.954233987922963, 46.958332241003006 ], [ 13.953865025806635, 46.958135582499615 ], [ 13.953842543846612, 46.958123558083216 ], [ 13.953792819694693, 46.958097015814175 ], [ 13.952997103882936, 46.957435147595483 ], [ 13.952509286936602, 46.957154102136478 ], [ 13.952482429335683, 46.957138682069328 ], [ 13.95229380847295, 46.957079244504961 ], [ 13.952114947988028, 46.957022812726002 ], [ 13.950992211044968, 46.957042970080352 ], [ 13.950962385103136, 46.957043492441485 ], [ 13.950465875510115, 46.95749546996867 ], [ 13.94896298340114, 46.958518892446683 ], [ 13.948653891369169, 46.958769816887362 ], [ 13.94842582602821, 46.958799847913248 ], [ 13.94827623192902, 46.95881955512408 ], [ 13.947452150331824, 46.958928128325454 ], [ 13.947351809031543, 46.958922462942311 ], [ 13.947017775195937, 46.958903485345608 ], [ 13.94686396316785, 46.958626096720145 ] ] ] } },
{ "type": "Feature", "properties": { "name": "Stadl-Predlitz", "feature_type": "circle", "metric_roundness": 45.81, "metric_rectangularity": 56.62, "metric_mobile_fit": 67.57, "metric_aspect_ratio": 0.887, "metric_area_km2": 551.39 }, "geometry": { "type": "Polygon", "coordinates": [ [ [ 14.079930572967266, 47.021478203200864 ], [ 14.079689547647492, 47.015202982468814 ], [ 14.07896713232182, 47.008944227210741 ], [ 14.077765307080442, 47.002719101283525 ], [ 14.076087366042808, 46.996544682295294 ], [ 14.073937908328666, 46.990437914632906 ], [ 14.07132282545221, 46.984415562791604 ], [ 14.068249285173827, 46.978494165136979 ], [ 14.064725711853784, 46.972689988229206 ], [ 14.060761763361626, 46.967018981838621 ], [ 14.056368304604646, 46.961496734780155 ], [ 14.051557377747903, 46.956138431692679 ], [ 14.046342169207518, 46.950958810887165 ], [ 14.04073697350759, 46.945972123384841 ], [ 14.034757154099916, 46.941192093264114 ], [ 14.028419101253846, 46.936631879431047 ], [ 14.02174018713168, 46.932304038925267 ], [ 14.014738718172776, 46.928220491868458 ], [ 14.007433884916887, 46.924392488158688 ], [ 13.999845709404214, 46.920830576008562 ], [ 13.991994990296391, 46.917544572420496 ], [ 13.983903245868792, 46.914543535686697 ], [ 13.975592655030447, 46.911835739995695 ], [ 13.96708599653318, 46.909428652221173 ], [ 13.958406586536642, 46.907328910962796 ], [ 13.949578214700333, 46.905542307901456 ], [ 13.940625078977808, 46.904073771525454 ], [ 13.931571719291753, 46.902927353276226 ], [ 13.92244295027178, 46.902106216155481 ], [ 13.913263793239235, 46.901612625828342 ], [ 13.904059407625514, 46.901447944248972 ], [ 13.894855022011791, 46.901612625828342 ], [ 13.88567586497925, 46.902106216155481 ], [ 13.876547095959273, 46.902927353276226 ], [ 13.86749373627322, 46.904073771525454 ], [ 13.858540600550693, 46.905542307901456 ], [ 13.849712228714386, 46.907328910962796 ], [ 13.841032818717848, 46.909428652221173 ], [ 13.83252616022058, 46.911835739995695 ], [ 13.824215569382234, 46.914543535686697 ], [ 13.816123824954637, 46.917544572420496 ], [ 13.808273105846814, 46.920830576008562 ], [ 13.800684930334139, 46.924392488158688 ], [ 13.79338009707825, 46.928220491868458 ], [ 13.786378628119348, 46.932304038925267 ], [ 13.77969971399718, 46.936631879431047 ], [ 13.77336166115111, 46.941192093264114 ], [ 13.767381841743438, 46.945972123384841 ], [ 13.76177664604351, 46.950958810887165 ], [ 13.756561437503121, 46.956138431692679 ], [ 13.751750510646382, 46.961496734780155 ], [ 13.7473570518894, 46.967018981838621 ], [ 13.743393103397244, 46.972689988229206 ], [ 13.7398695300772, 46.978494165136979 ], [ 13.736795989798816, 46.984415562791604 ], [ 13.73418090692236, 46.990437914632906 ], [ 13.73203144920822, 46.996544682295294 ], [ 13.730353508170584, 47.002719101283525 ], [ 13.729151682929205, 47.008944227210741 ], [ 13.728429267603534, 47.015202982468814 ], [ 13.72818824228376, 47.021478203200864 ], [ 13.728429267603534, 47.027752686445041 ], [ 13.729151682929205, 47.034009237319623 ], [ 13.730353508170584, 47.04023071611951 ], [ 13.73203144920822, 47.04640008519543 ], [ 13.73418090692236, 47.052500455488612 ], [ 13.736795989798816, 47.058515132595026 ], [ 13.7398695300772, 47.064427662235367 ], [ 13.743393103397244, 47.070221875009587 ], [ 13.7473570518894, 47.075881930316818 ], [ 13.751750510646382, 47.081392359324802 ], [ 13.756561437503121, 47.086738106875984 ], [ 13.76177664604351, 47.091904572220756 ], [ 13.767381841743438, 47.096877648472066 ], [ 13.77336166115111, 47.101643760679423 ], [ 13.77969971399718, 47.10618990242439 ], [ 13.786378628119348, 47.110503670844153 ], [ 13.79338009707825, 47.114573299993673 ], [ 13.800684930334139, 47.118387692462321 ], [ 13.808273105846814, 47.121936449164927 ], [ 13.816123824954637, 47.125209897232693 ], [ 13.824215569382234, 47.128199115934045 ], [ 13.83252616022058, 47.130895960561027 ], [ 13.841032818717848, 47.133293084221748 ], [ 13.849712228714386, 47.135383957485182 ], [ 13.858540600550693, 47.137162885829682 ], [ 13.86749373627322, 47.138625024852466 ], [ 13.876547095959273, 47.139766393202613 ], [ 13.885675864979248, 47.140583883205906 ], [ 13.894855022011791, 47.141075269155657 ], [ 13.904059407625514, 47.141239213249229 ], [ 13.913263793239235, 47.141075269155657 ], [ 13.922442950271778, 47.140583883205906 ], [ 13.931571719291753, 47.139766393202613 ], [ 13.940625078977808, 47.138625024852466 ], [ 13.949578214700333, 47.137162885829682 ], [ 13.958406586536642, 47.135383957485182 ], [ 13.96708599653318, 47.133293084221748 ], [ 13.975592655030447, 47.130895960561027 ], [ 13.983903245868792, 47.128199115934045 ], [ 13.991994990296391, 47.125209897232693 ], [ 13.999845709404214, 47.121936449164927 ], [ 14.007433884916887, 47.118387692462321 ], [ 14.014738718172776, 47.114573299993673 ], [ 14.02174018713168, 47.110503670844153 ], [ 14.028419101253846, 47.10618990242439 ], [ 14.034757154099916, 47.101643760679423 ], [ 14.04073697350759, 47.096877648472066 ], [ 14.046342169207518, 47.091904572220756 ], [ 14.051557377747903, 47.086738106875984 ], [ 14.056368304604646, 47.081392359324802 ], [ 14.060761763361626, 47.075881930316818 ], [ 14.064725711853784, 47.070221875009587 ], [ 14.068249285173827, 47.064427662235367 ], [ 14.07132282545221, 47.058515132595026 ], [ 14.073937908328666, 47.052500455488612 ], [ 14.076087366042808, 47.04640008519543 ], [ 14.077765307080442, 47.04023071611951 ], [ 14.07896713232182, 47.034009237319623 ], [ 14.079689547647492, 47.027752686445041 ], [ 14.079930572967266, 47.021478203200864 ] ] ] } },
{ "type": "Feature", "properties": { "name": "Stadl-Predlitz", "feature_type": "mrr", "metric_roundness": 45.81, "metric_rectangularity": 56.62, "metric_mobile_fit": 67.57, "metric_aspect_ratio": 0.887, "metric_area_km2": 551.39 }, "geometry": { "type": "Polygon", "coordinates": [ [ [ 13.697760759756543, 47.008260160301738 ], [ 13.955544921763257, 47.152251095576545 ], [ 14.105030432355669, 47.028172041178642 ], [ 13.847246270348958, 46.883845659357974 ], [ 13.697760759756543, 47.008260160301738 ] ] ] } }
]
}
