{
"type": "FeatureCollection",
"name": "strasswalchen",
"crs": { "type": "name", "properties": { "name": "urn:ogc:def:crs:OGC:1.3:CRS84" } },
"features": [
{ "type": "Feature", "properties": { "name": "Straßwalchen", "feature_type": "entity", "metric_roundness": 37.62, "metric_rectangularity": 52.05, "metric_mobile_fit": 2.0, "metric_aspect_ratio": 1.542, "metric_area_km2": 99.34 }, "geometry": { "type": "Polygon", "coordinates": [ [ [ 13.32755029978334, 47.956683265512396 ], [ 13.327320334443293, 47.956737232770067 ], [ 13.326983626228575, 47.956783907070353 ], [ 13.326890542501451, 47.95679685700911 ], [ 13.326407177820226, 47.956849909292458 ], [ 13.326395927422233, 47.956851168148063 ], [ 13.326272976712206, 47.956864115897147 ], [ 13.326225296439066, 47.956869331032664 ], [ 13.325859524199412, 47.956908893241128 ], [ 13.325830863208305, 47.956906192574763 ], [ 13.325644968695851, 47.956888188277354 ], [ 13.325421038275818, 47.956866672633943 ], [ 13.325270769501245, 47.956850739207887 ], [ 13.325001035959303, 47.956822022614851 ], [ 13.32489603380176, 47.956821835437161 ], [ 13.32479384418945, 47.956821738325836 ], [ 13.324482989565954, 47.95682135617345 ], [ 13.324362318433048, 47.956815139800554 ], [ 13.324226111430304, 47.956808112460159 ], [ 13.324108253737727, 47.956797037996729 ], [ 13.324032449837446, 47.956789925058445 ], [ 13.323784547130733, 47.956766605125701 ], [ 13.323684499156712, 47.956774244078012 ], [ 13.323543065812624, 47.956785118282234 ], [ 13.32331402349944, 47.956892785948746 ], [ 13.3232887082434, 47.956904659042074 ], [ 13.323049324181005, 47.957159865695481 ], [ 13.322993311427824, 47.957312529193139 ], [ 13.322916157328638, 47.95735894377318 ], [ 13.322898610081365, 47.95736964792475 ], [ 13.322695170714832, 47.957346689365941 ], [ 13.322612000355992, 47.957337325754779 ], [ 13.322392328369803, 47.957448141141242 ], [ 13.322179900138352, 47.957499310892075 ], [ 13.322109715687731, 47.957516217507951 ], [ 13.322012743387724, 47.957538699299931 ], [ 13.321943496533203, 47.957554796230589 ], [ 13.321852685308111, 47.957575929018994 ], [ 13.321661151099208, 47.957620352543017 ], [ 13.321390060252117, 47.957663868199852 ], [ 13.321318939010917, 47.957675286460258 ], [ 13.321172812238931, 47.957698662236609 ], [ 13.320575855877186, 47.957758875623476 ], [ 13.319763134414048, 47.957803947671081 ], [ 13.319401376935833, 47.957811912673463 ], [ 13.319020466677038, 47.9578203240603 ], [ 13.318583040972227, 47.957811274251263 ], [ 13.318052264074625, 47.957800231615145 ], [ 13.31744245869224, 47.957815265437503 ], [ 13.31611461525573, 47.957885521490759 ], [ 13.315928979389097, 47.95789539034655 ], [ 13.315904735964704, 47.957899525106505 ], [ 13.315877411875015, 47.957904199188839 ], [ 13.3158162006712, 47.957914266072045 ], [ 13.315808432047145, 47.957915614376432 ], [ 13.31567676732827, 47.957938085712996 ], [ 13.314675978547054, 47.958030234744122 ], [ 13.31442578078366, 47.95805331563048 ], [ 13.313597750113729, 47.958181378328284 ], [ 13.313021645310362, 47.958315056481723 ], [ 13.312867606078814, 47.958350835379164 ], [ 13.312754026075819, 47.958358282599292 ], [ 13.311071216507319, 47.958468991868642 ], [ 13.310935137426926, 47.958470225559054 ], [ 13.310719500218827, 47.958472343473787 ], [ 13.310424438875586, 47.958475165266826 ], [ 13.310330281762136, 47.958476046541698 ], [ 13.310246236051118, 47.958632656726905 ], [ 13.310192081920526, 47.958733585255281 ], [ 13.309799136059301, 47.959285613909202 ], [ 13.309775280701068, 47.959318175953726 ], [ 13.309761074270554, 47.959338504878879 ], [ 13.309369893734816, 47.95981694212508 ], [ 13.309301144997207, 47.959900864111049 ], [ 13.30927380699138, 47.959932615662332 ], [ 13.309230789827284, 47.959982446672065 ], [ 13.309197689307492, 47.960020854327539 ], [ 13.308937665700672, 47.960414121365254 ], [ 13.308845587111245, 47.960547158322441 ], [ 13.308799879601638, 47.960619929307427 ], [ 13.308763415496678, 47.960689283589666 ], [ 13.308716628701534, 47.960778247751108 ], [ 13.308558971503961, 47.961082201440988 ], [ 13.308519296640304, 47.961141928861622 ], [ 13.308332585045619, 47.961417177708114 ], [ 13.308328161825253, 47.961423744104813 ], [ 13.308261008492252, 47.961524848803634 ], [ 13.307998512009513, 47.96173683653727 ], [ 13.307911947800759, 47.961812747053663 ], [ 13.307870676710168, 47.961846654364493 ], [ 13.307820294017548, 47.961887486873067 ], [ 13.3077712501701, 47.961929399212558 ], [ 13.307638460233091, 47.962034537596438 ], [ 13.307580707895031, 47.962080136452556 ], [ 13.307471494910992, 47.962178352614934 ], [ 13.307467340988527, 47.96218168035022 ], [ 13.307412937188699, 47.962226830040159 ], [ 13.307233645464517, 47.962375050198411 ], [ 13.307122827108241, 47.962466698330829 ], [ 13.307019511934019, 47.962553130152877 ], [ 13.306737303117547, 47.9627889508658 ], [ 13.306717872625518, 47.962805319818955 ], [ 13.306617235729375, 47.962890402427526 ], [ 13.306511505279474, 47.962981871190372 ], [ 13.306466480097605, 47.963019195743065 ], [ 13.306185068473342, 47.963257894089111 ], [ 13.3061701937542, 47.963270575498811 ], [ 13.306107745636247, 47.963325798607784 ], [ 13.306088582411627, 47.963342617331939 ], [ 13.305999064227391, 47.963421764379447 ], [ 13.305991425691287, 47.963428509861032 ], [ 13.305986199338017, 47.963433096780719 ], [ 13.305919328715392, 47.963491827330301 ], [ 13.305845355022791, 47.963557573327606 ], [ 13.305735061557765, 47.963660645580703 ], [ 13.305727690615898, 47.963667840924629 ], [ 13.305520900483085, 47.963871379421057 ], [ 13.305387801733342, 47.964036070893663 ], [ 13.305379893608441, 47.964045695099927 ], [ 13.305376006876175, 47.964049832493011 ], [ 13.305294654304767, 47.964134738584185 ], [ 13.30499149120654, 47.964448278332291 ], [ 13.304867918005225, 47.964579235188651 ], [ 13.304847277744798, 47.964601091294966 ], [ 13.304824627033446, 47.964625106031505 ], [ 13.304795945090788, 47.96465541673723 ], [ 13.3047813360341, 47.964670886894083 ], [ 13.304733219929503, 47.964721794479537 ], [ 13.304712326200782, 47.964716751432078 ], [ 13.304682057081878, 47.964709457005782 ], [ 13.30464977889288, 47.964701802226614 ], [ 13.304309988511765, 47.96462012181555 ], [ 13.303876579812016, 47.964516016030949 ], [ 13.303832383576557, 47.964502330478524 ], [ 13.303694303977899, 47.96445956302653 ], [ 13.3036418042953, 47.964443356325688 ], [ 13.303590644305745, 47.964426880050389 ], [ 13.303338058943938, 47.964345758643823 ], [ 13.303138371542214, 47.964287860889414 ], [ 13.303130737596318, 47.96428569980025 ], [ 13.303103543689744, 47.964289111402387 ], [ 13.302851009723268, 47.964586015337439 ], [ 13.302776191186549, 47.964713564012499 ], [ 13.302761576052974, 47.964738480073329 ], [ 13.30274856993945, 47.96476060768552 ], [ 13.302667583159197, 47.964898410505008 ], [ 13.302355517523349, 47.964825458061469 ], [ 13.301987602636592, 47.964739445150073 ], [ 13.301347002426848, 47.964589572856084 ], [ 13.301334948500189, 47.964586780697644 ], [ 13.301296375987194, 47.96457777381147 ], [ 13.30117288618362, 47.964555968821649 ], [ 13.300978008238415, 47.964521549120697 ], [ 13.300738395794291, 47.964479199867206 ], [ 13.300595083891906, 47.964453880167405 ], [ 13.300577538216181, 47.964450816504318 ], [ 13.300560260444348, 47.964447752913514 ], [ 13.300024755028677, 47.96439947137663 ], [ 13.299924699476541, 47.964390446526323 ], [ 13.299807498777348, 47.964380607010305 ], [ 13.299720033636131, 47.964373204929487 ], [ 13.299240382168326, 47.964332672639273 ], [ 13.2990803262916, 47.964309325379709 ], [ 13.298977060243544, 47.964294181255426 ], [ 13.298654279020766, 47.964233900513236 ], [ 13.298493826192619, 47.964203984991755 ], [ 13.297933850082687, 47.964099369361712 ], [ 13.297622338277899, 47.964016598280551 ], [ 13.297262346501416, 47.963920946644834 ], [ 13.29672651317429, 47.963778278056374 ], [ 13.296583883725051, 47.963740268745973 ], [ 13.296281089896492, 47.96364751083668 ], [ 13.296273188556949, 47.963645169282849 ], [ 13.296160160131326, 47.963610497473383 ], [ 13.295784128769959, 47.963474442524735 ], [ 13.295581517233256, 47.963401147014565 ], [ 13.295503975405421, 47.963381329987186 ], [ 13.295459378867271, 47.963369890187884 ], [ 13.295323044681206, 47.963335120041926 ], [ 13.295195680051068, 47.963307459776047 ], [ 13.29513461417026, 47.963287557910441 ], [ 13.295100339869697, 47.963264965872987 ], [ 13.295065528306022, 47.963244442809412 ], [ 13.294957344750378, 47.963180803164306 ], [ 13.294648830518405, 47.96304278745302 ], [ 13.294445031126477, 47.962949967471154 ], [ 13.29426252273884, 47.962866960267213 ], [ 13.294141207882735, 47.962811772028964 ], [ 13.294123666750963, 47.962803849358075 ], [ 13.294105322346107, 47.962795386633921 ], [ 13.293914664485333, 47.962685387092009 ], [ 13.293627076728416, 47.962513909266242 ], [ 13.293561197448955, 47.962484558761247 ], [ 13.29353120369441, 47.962471143987059 ], [ 13.293522901837992, 47.962467452655439 ], [ 13.293382975696689, 47.962405060192211 ], [ 13.293307723779321, 47.962371388088705 ], [ 13.293285228508358, 47.96236139443176 ], [ 13.292942576960735, 47.962211037425774 ], [ 13.293033934170698, 47.96220243247425 ], [ 13.293103322839086, 47.962195799086047 ], [ 13.293134270682646, 47.962187263203745 ], [ 13.293226578303948, 47.962161745286622 ], [ 13.293229312373221, 47.962089235632753 ], [ 13.293232046982432, 47.962016006269252 ], [ 13.293170495498364, 47.96193321869201 ], [ 13.293081357946832, 47.961842234899244 ], [ 13.29305685949006, 47.961824773533692 ], [ 13.292907191388515, 47.961718474922911 ], [ 13.292507926277313, 47.961517447527214 ], [ 13.292437499489724, 47.961482067226619 ], [ 13.292119936269451, 47.961289793511192 ], [ 13.291988514150157, 47.960979192920128 ], [ 13.291984774503726, 47.960965517137247 ], [ 13.291977963372997, 47.960940145005551 ], [ 13.29195291560031, 47.960940945806826 ], [ 13.291878307903778, 47.960943528295353 ], [ 13.29169051621732, 47.960949938870719 ], [ 13.291658503241432, 47.960951007015396 ], [ 13.291578805579544, 47.96095376742165 ], [ 13.291561526569657, 47.960954390988114 ], [ 13.291509287783077, 47.960956171564597 ], [ 13.291423702383984, 47.960951732671617 ], [ 13.291411782052586, 47.960951098648785 ], [ 13.29122038686431, 47.960941223765275 ], [ 13.291103862161499, 47.960935244094813 ], [ 13.29108283414973, 47.960934156926655 ], [ 13.291032197758003, 47.960942055388735 ], [ 13.291020141396308, 47.96094403021916 ], [ 13.290988795010703, 47.960948966852648 ], [ 13.290932800188317, 47.960957762963616 ], [ 13.290903061307151, 47.960962430266868 ], [ 13.290655370911178, 47.961001474151111 ], [ 13.290237419928099, 47.961064565019655 ], [ 13.290204064041504, 47.961069770589333 ], [ 13.290179549516177, 47.961073540000626 ], [ 13.28989729706776, 47.961117247586394 ], [ 13.289720738390136, 47.961144530684891 ], [ 13.289586513054827, 47.961162563139304 ], [ 13.289424558449314, 47.961184273517233 ], [ 13.289250547520655, 47.961207598460113 ], [ 13.289143113407961, 47.961222041971823 ], [ 13.28838645968777, 47.961392503870343 ], [ 13.288294351138322, 47.961184112804183 ], [ 13.28827655102361, 47.961167462678517 ], [ 13.288206020004386, 47.961101312224038 ], [ 13.288113510443875, 47.961049367452283 ], [ 13.288105343911777, 47.961044776146991 ], [ 13.288090617384656, 47.961036493792918 ], [ 13.28808097818893, 47.961031092243083 ], [ 13.288068259873178, 47.961023890227324 ], [ 13.287963211283071, 47.960912474563301 ], [ 13.287955985014577, 47.96090482485203 ], [ 13.28794648383159, 47.960894745239706 ], [ 13.287922128618002, 47.960869006189711 ], [ 13.287914367215595, 47.960860636559048 ], [ 13.287887603336284, 47.960832287621031 ], [ 13.287315644612363, 47.961017298439863 ], [ 13.287245275940988, 47.961073317959723 ], [ 13.287193404178574, 47.961114500765859 ], [ 13.287180134578772, 47.961125111216766 ], [ 13.287168345440454, 47.961127625532704 ], [ 13.287088098698822, 47.961144956722507 ], [ 13.287056942546524, 47.961085298539686 ], [ 13.287013751780981, 47.961002784829297 ], [ 13.287004257808816, 47.96098469838676 ], [ 13.286987676957859, 47.960952934669109 ], [ 13.286985938564161, 47.9609496952908 ], [ 13.286958392891236, 47.960897055668816 ], [ 13.286934190185256, 47.96085080478106 ], [ 13.286927926332334, 47.960815176722583 ], [ 13.286910201277724, 47.96071405063477 ], [ 13.286831467224422, 47.960687480034132 ], [ 13.28681713980305, 47.960682616291201 ], [ 13.286735593955923, 47.960655054904876 ], [ 13.286691808345662, 47.96064019342311 ], [ 13.28644971561639, 47.960558319519315 ], [ 13.286414894023681, 47.960554886906344 ], [ 13.286310429433765, 47.960544409077478 ], [ 13.286297438293218, 47.960543144351007 ], [ 13.286289000821615, 47.960542241313519 ], [ 13.286271456094459, 47.960540524930124 ], [ 13.286234491712959, 47.960536821507787 ], [ 13.2862141344729, 47.960534834089565 ], [ 13.2862014121855, 47.960532489898114 ], [ 13.285973215337997, 47.960489754757575 ], [ 13.285732188716414, 47.960415886537902 ], [ 13.285589850956235, 47.960370576697265 ], [ 13.285324324046176, 47.960286081893599 ], [ 13.285304508528911, 47.960277707124526 ], [ 13.285275990192458, 47.960265730224123 ], [ 13.285263671148099, 47.960261946678301 ], [ 13.28512898272392, 47.960201435576153 ], [ 13.284949928878671, 47.959883969940584 ], [ 13.284857677995031, 47.959702475087091 ], [ 13.284762858180917, 47.95954778823031 ], [ 13.284741058965038, 47.959512333495155 ], [ 13.284733299853189, 47.959502254339952 ], [ 13.284574638783278, 47.959297520939359 ], [ 13.284443742598436, 47.959195357457531 ], [ 13.284271758080129, 47.959061149503299 ], [ 13.28402410474442, 47.958922051283615 ], [ 13.283871769666499, 47.958831663308501 ], [ 13.283776593952453, 47.958775215716898 ], [ 13.283762273528263, 47.958763784251481 ], [ 13.283719178611607, 47.958729219896611 ], [ 13.283562323991871, 47.958603743773772 ], [ 13.283429061477042, 47.958458575498327 ], [ 13.283364036226439, 47.958387566352123 ], [ 13.283348523145687, 47.958362909669873 ], [ 13.283288076649251, 47.958265902952647 ], [ 13.28321244614804, 47.958080365460155 ], [ 13.283158654560784, 47.95760650382843 ], [ 13.282688011024865, 47.957469015822099 ], [ 13.282351837726619, 47.957332214518757 ], [ 13.282274860427249, 47.957297184970159 ], [ 13.282099084713368, 47.957217310091586 ], [ 13.281408411429009, 47.95692966056005 ], [ 13.281256198892494, 47.956861220270106 ], [ 13.280959673277509, 47.956728031144742 ], [ 13.279988241257318, 47.956492965310467 ], [ 13.279954630550487, 47.956487192245739 ], [ 13.279827151080312, 47.95646518265027 ], [ 13.27957433497939, 47.956421523880572 ], [ 13.279550241972142, 47.956407388465642 ], [ 13.279378111137449, 47.956306459606509 ], [ 13.279217833773515, 47.95627057974017 ], [ 13.278824572932777, 47.956182321996636 ], [ 13.278329592447703, 47.956031490172073 ], [ 13.277871098903782, 47.955701196008512 ], [ 13.277641452857335, 47.955535733167629 ], [ 13.277483672335467, 47.955422123434225 ], [ 13.277021308283897, 47.955214354567616 ], [ 13.27682104991348, 47.955124293872551 ], [ 13.276232852774994, 47.955237991071044 ], [ 13.276176457463919, 47.955248938986379 ], [ 13.276019595551755, 47.955279179684013 ], [ 13.275872521865162, 47.955298719315309 ], [ 13.275489021142471, 47.955358985113463 ], [ 13.27527228866952, 47.955392973524475 ], [ 13.275139275396921, 47.955413778723354 ], [ 13.27508288205971, 47.955422566976964 ], [ 13.274987375007779, 47.95543745314793 ], [ 13.274663849354885, 47.955517988073808 ], [ 13.274392703253756, 47.955585503876314 ], [ 13.27429073885131, 47.955625576042365 ], [ 13.274059208137217, 47.95571650170298 ], [ 13.273929249402302, 47.955758988317136 ], [ 13.273604083628275, 47.955865339019397 ], [ 13.273556655104182, 47.955880878403732 ], [ 13.27322475821291, 47.956016192892683 ], [ 13.272824791246276, 47.956179359817995 ], [ 13.272791427001307, 47.956193016957315 ], [ 13.272658238122114, 47.956247285702858 ], [ 13.272511227411364, 47.956324667744163 ], [ 13.272230203886886, 47.956472600842879 ], [ 13.272129946794063, 47.956538761460159 ], [ 13.272018562169045, 47.956614362316849 ], [ 13.271929025321212, 47.956675130581253 ], [ 13.271920580941199, 47.956680883803209 ], [ 13.271587764862751, 47.956906606578144 ], [ 13.271234437807884, 47.957146261811651 ], [ 13.271214869139396, 47.957158576395173 ], [ 13.271199857455626, 47.957168104533665 ], [ 13.2711812269351, 47.957179879830086 ], [ 13.27111474657098, 47.957222037281518 ], [ 13.270996529632358, 47.957296643887688 ], [ 13.270940840733324, 47.957273853248438 ], [ 13.27064646644617, 47.957153683577339 ], [ 13.270652985276287, 47.957302666922764 ], [ 13.270302261941373, 47.957487352888123 ], [ 13.269698178366147, 47.957856325048006 ], [ 13.269436728061281, 47.95797547362902 ], [ 13.269297760996624, 47.958038731672325 ], [ 13.268489003712052, 47.958304756247252 ], [ 13.268472255044342, 47.958310234697301 ], [ 13.268119459386183, 47.958426360548728 ], [ 13.267672074132633, 47.95813750565037 ], [ 13.2675385153051, 47.958051245049184 ], [ 13.267505727864529, 47.958030085051455 ], [ 13.267479238298799, 47.958006589553129 ], [ 13.266985841793863, 47.957568366238213 ], [ 13.266667273582213, 47.957310798130948 ], [ 13.266505616290551, 47.957311245192123 ], [ 13.266144934512795, 47.957312117067673 ], [ 13.265972562607176, 47.957312557197014 ], [ 13.26570120583893, 47.957319686855541 ], [ 13.264866241128464, 47.957341419573602 ], [ 13.264447820924842, 47.95735232809929 ], [ 13.264229276184965, 47.957632075472823 ], [ 13.263534922139176, 47.958369362948538 ], [ 13.263463791730427, 47.958377416981264 ], [ 13.262811292461228, 47.958451783072668 ], [ 13.262728105696624, 47.958461268762193 ], [ 13.26258088789338, 47.958478002522369 ], [ 13.262408486092005, 47.958497689544238 ], [ 13.261732068957382, 47.958528312633746 ], [ 13.261655319020552, 47.958531773949652 ], [ 13.261587007514466, 47.958534880564912 ], [ 13.261578303416115, 47.958533615705207 ], [ 13.261077751131095, 47.958461155018782 ], [ 13.260578410610648, 47.958578336282393 ], [ 13.26053942256218, 47.958587488180683 ], [ 13.260463857894623, 47.958605343630374 ], [ 13.260396198145582, 47.958621224787656 ], [ 13.260377976857596, 47.958625531615091 ], [ 13.260019714042832, 47.95870987217203 ], [ 13.259411052341495, 47.958654069321199 ], [ 13.259211087933249, 47.958557680959359 ], [ 13.25908955688084, 47.958499217038252 ], [ 13.25901594250154, 47.958463724346338 ], [ 13.25886258097953, 47.958467404720736 ], [ 13.258728238920586, 47.958470647275796 ], [ 13.258634626723996, 47.95837036768436 ], [ 13.25856455142722, 47.95829538293404 ], [ 13.258556803577504, 47.958281073732152 ], [ 13.258496155917642, 47.95816965971953 ], [ 13.258482529992802, 47.958144820981822 ], [ 13.25846235899906, 47.958107563044308 ], [ 13.258163404633613, 47.958209478944781 ], [ 13.25815536454637, 47.958212262620933 ], [ 13.257815002569528, 47.958328365100584 ], [ 13.257728169935255, 47.958357906721922 ], [ 13.25771557950435, 47.958358258390447 ], [ 13.257705667907729, 47.958358521836104 ], [ 13.257643385685796, 47.958360100661551 ], [ 13.257407918417112, 47.958366244621217 ], [ 13.257144457706413, 47.95837299950999 ], [ 13.25673017488697, 47.958387121525412 ], [ 13.256407374301567, 47.958398153885241 ], [ 13.255987598273776, 47.958413259207518 ], [ 13.255390481757646, 47.958434811611717 ], [ 13.255218226192797, 47.958444502052608 ], [ 13.255082270031254, 47.958452237471818 ], [ 13.254765753423195, 47.958470106717485 ], [ 13.254767807862637, 47.958439790355449 ], [ 13.254770134886089, 47.958406325449417 ], [ 13.254488614532464, 47.958398308046654 ], [ 13.254443078412718, 47.958397017667103 ], [ 13.254429953291494, 47.958396648906039 ], [ 13.254385890463242, 47.958395359503832 ], [ 13.254089688037222, 47.95835377471689 ], [ 13.25378866537414, 47.958311556127263 ], [ 13.253656046793045, 47.958326489246453 ], [ 13.253446000307278, 47.958350095509971 ], [ 13.25333680483171, 47.958375120285162 ], [ 13.25329835538747, 47.958381661168978 ], [ 13.253148041071199, 47.958407017306129 ], [ 13.252950870030247, 47.958418756347818 ], [ 13.252814650976973, 47.958423070301627 ], [ 13.252689695339072, 47.958419025288997 ], [ 13.25258139992386, 47.958381075417165 ], [ 13.252475741763464, 47.958370116374553 ], [ 13.252455386794704, 47.958368033051173 ], [ 13.252417731696825, 47.958380511796264 ], [ 13.252340411583278, 47.958406007631247 ], [ 13.252299071566489, 47.9583762008523 ], [ 13.252293633319098, 47.958341830944683 ], [ 13.252272939227403, 47.958212538739375 ], [ 13.252272276366027, 47.958208130057784 ], [ 13.251602446912123, 47.958221335528251 ], [ 13.251150669917665, 47.958230373230492 ], [ 13.250933956327106, 47.958234628033139 ], [ 13.250745235807708, 47.958238452503743 ], [ 13.250266670816158, 47.95824791753639 ], [ 13.250036563013945, 47.958252520939922 ], [ 13.249926866710593, 47.958254691369135 ], [ 13.24959750987585, 47.958261201839633 ], [ 13.24892942007506, 47.958274483050182 ], [ 13.248532691346636, 47.958282380963496 ], [ 13.248282224530195, 47.958287325876171 ], [ 13.247920418669485, 47.957987211641914 ], [ 13.247559419246119, 47.957687906513215 ], [ 13.247359460222183, 47.957522135621268 ], [ 13.24718906167816, 47.957380676485954 ], [ 13.24701830221183, 47.957377670947132 ], [ 13.246988837906194, 47.957377109277481 ], [ 13.246969150391889, 47.957376734793677 ], [ 13.246730623089395, 47.957372418957242 ], [ 13.246369550859193, 47.957365941824904 ], [ 13.246076380627784, 47.957360684098582 ], [ 13.245805844471372, 47.957355802534252 ], [ 13.245783344388094, 47.957355425730164 ], [ 13.245779058693756, 47.957355332537567 ], [ 13.245725487139962, 47.957354392525559 ], [ 13.245715442492637, 47.957354205025119 ], [ 13.245698701363798, 47.957353922510272 ], [ 13.245060531582039, 47.957342014098316 ], [ 13.244391290649867, 47.957329538604647 ], [ 13.244303832373822, 47.957329651555654 ], [ 13.244053109983792, 47.957329819038293 ], [ 13.243722317902803, 47.957317059445764 ], [ 13.243619460790999, 47.957315180801153 ], [ 13.243497318173054, 47.957312837337462 ], [ 13.243284076437959, 47.957013093145676 ], [ 13.243046840353031, 47.95664900583197 ], [ 13.24304779747756, 47.956559852531917 ], [ 13.24304796595831, 47.956539790753531 ], [ 13.243051642829894, 47.956193433273469 ], [ 13.24301601862639, 47.956192775840819 ], [ 13.242930038425946, 47.956191179589865 ], [ 13.242837763692719, 47.956189488408747 ], [ 13.242716962729537, 47.956187325090625 ], [ 13.241921578926071, 47.956172757639898 ], [ 13.24181604554223, 47.95617087528359 ], [ 13.24173019934417, 47.9561692782463 ], [ 13.241546955153039, 47.956185417057014 ], [ 13.241498647690191, 47.956161898348327 ], [ 13.241412229673225, 47.956180902317563 ], [ 13.241355750520077, 47.956158546611896 ], [ 13.241315331901649, 47.956142501061457 ], [ 13.241272460235461, 47.956150563833347 ], [ 13.241230124590412, 47.956158447086828 ], [ 13.24120868874585, 47.956162478458957 ], [ 13.241183233745312, 47.956167226349109 ], [ 13.241050507468252, 47.956168290525405 ], [ 13.240714606819864, 47.956170992025186 ], [ 13.240677370894513, 47.956172941535591 ], [ 13.240577449862881, 47.956178259623904 ], [ 13.24057276184887, 47.956178525772017 ], [ 13.240460481494377, 47.956205155294747 ], [ 13.240349735532478, 47.956197239863492 ], [ 13.240332728540626, 47.956196056721538 ], [ 13.240250616720957, 47.956203278021441 ], [ 13.240116799697661, 47.956215135900393 ], [ 13.240017006051593, 47.956224052156124 ], [ 13.239978350012491, 47.956271342021473 ], [ 13.240001358555173, 47.956286744306666 ], [ 13.24003145723092, 47.956306740431991 ], [ 13.240015593117896, 47.956340644015768 ], [ 13.239937600959834, 47.956365771184466 ], [ 13.239910714682892, 47.956346857183235 ], [ 13.23944359666927, 47.956329747339559 ], [ 13.239378243022951, 47.956327355444117 ], [ 13.238836397151696, 47.956307573737156 ], [ 13.238399546042897, 47.956291563858699 ], [ 13.238306336868947, 47.956288158988379 ], [ 13.237765027694374, 47.956268282737405 ], [ 13.237710253837921, 47.95626634842192 ], [ 13.237392593192872, 47.956254661092146 ], [ 13.237269385855795, 47.956250151040464 ], [ 13.237218234905132, 47.956244530974978 ], [ 13.237192421538296, 47.95629839788969 ], [ 13.237181665884293, 47.956320879920362 ], [ 13.237176288218871, 47.956332030971652 ], [ 13.236626121715124, 47.956321858142175 ], [ 13.236410501448741, 47.956317899944409 ], [ 13.236049572061788, 47.956311210782744 ], [ 13.235916851836025, 47.95630876048849 ], [ 13.235475433214226, 47.956300652544421 ], [ 13.235048210960842, 47.956292734857321 ], [ 13.234899285819683, 47.956289999790286 ], [ 13.234781431411013, 47.956287830682314 ], [ 13.234617640590292, 47.956284812746631 ], [ 13.234323540449964, 47.95627934450907 ], [ 13.234168722641821, 47.956276513514162 ], [ 13.234144348260488, 47.956276042881562 ], [ 13.233747795315381, 47.956268686362215 ], [ 13.233172719893043, 47.956258115890869 ], [ 13.232897369534976, 47.956253020050887 ], [ 13.232892682164858, 47.956252926033379 ], [ 13.232887191216044, 47.956252831320647 ], [ 13.232798666561399, 47.956251225338384 ], [ 13.232651080954408, 47.956248488536311 ], [ 13.23262550123189, 47.956248016538723 ], [ 13.232607019614846, 47.956247640655718 ], [ 13.232587484720936, 47.956237817663194 ], [ 13.23257530904977, 47.956231599602084 ], [ 13.232557781210277, 47.956222767946926 ], [ 13.232427704470858, 47.956308300482355 ], [ 13.232290809357769, 47.956387349548308 ], [ 13.232199098879313, 47.956440258360779 ], [ 13.2320340460226, 47.956535655995616 ], [ 13.232024660276938, 47.956541135596176 ], [ 13.231869126667496, 47.956630963545543 ], [ 13.231626171209241, 47.9567713643332 ], [ 13.231296999101216, 47.956961708715745 ], [ 13.231233175786123, 47.956998537747516 ], [ 13.23120676125801, 47.957013898317861 ], [ 13.230864713642946, 47.957211877051044 ], [ 13.230778454939589, 47.957215039601031 ], [ 13.230582228667572, 47.957222782952229 ], [ 13.23046543036706, 47.957227447626337 ], [ 13.230006046433459, 47.956953460104906 ], [ 13.229565802333275, 47.956688124354969 ], [ 13.229341611810813, 47.956548030190163 ], [ 13.229113944781012, 47.956405683369923 ], [ 13.228714141811412, 47.956147757642441 ], [ 13.228667995438197, 47.956118028018672 ], [ 13.228341655984622, 47.955893993545168 ], [ 13.228309557060962, 47.955872013359773 ], [ 13.228272108591398, 47.955846249847234 ], [ 13.22802758908546, 47.956028834702742 ], [ 13.227869314490611, 47.956146993389424 ], [ 13.227515071734874, 47.956411524372697 ], [ 13.227192346893284, 47.956652512568589 ], [ 13.226961233052489, 47.956825211373818 ], [ 13.226731861906162, 47.95699638192594 ], [ 13.226287600956237, 47.957328389166214 ], [ 13.225595833176417, 47.957851787976381 ], [ 13.22556087569534, 47.957852115388839 ], [ 13.225469262703188, 47.95785310988159 ], [ 13.225200049300259, 47.957855918236405 ], [ 13.225167636557718, 47.95785624789999 ], [ 13.225101069930902, 47.957856905576882 ], [ 13.225060888835827, 47.957857317932493 ], [ 13.225050305269475, 47.957858657518202 ], [ 13.225027128754702, 47.957861514739754 ], [ 13.224986403918923, 47.957865795001759 ], [ 13.224390247557134, 47.958066395998578 ], [ 13.224203812086088, 47.958129915214137 ], [ 13.224180831762945, 47.958102814537519 ], [ 13.223949560704924, 47.957829826921724 ], [ 13.223892600381873, 47.957784071677963 ], [ 13.223686878461598, 47.957847751811592 ], [ 13.223643859319608, 47.957860306095725 ], [ 13.223613052075281, 47.957861446513945 ], [ 13.223511254018073, 47.957865308669057 ], [ 13.223332907137033, 47.957903644297595 ], [ 13.222919482002156, 47.958016516163838 ], [ 13.222665660049371, 47.958150860196213 ], [ 13.222323433413292, 47.958288087972242 ], [ 13.221821443239307, 47.958351391153258 ], [ 13.221499201865742, 47.958410727118086 ], [ 13.221377014608837, 47.958428512126105 ], [ 13.221161356744698, 47.958438559814923 ], [ 13.220970498846503, 47.958438375246011 ], [ 13.220650426416327, 47.958360426340057 ], [ 13.220452893877004, 47.958474398373575 ], [ 13.220355966754083, 47.958516856915352 ], [ 13.220348593311554, 47.958520088432522 ], [ 13.220342019211902, 47.958525299928553 ], [ 13.22018571819153, 47.958648307994068 ], [ 13.220153784486685, 47.95867463622767 ], [ 13.220090314344235, 47.958853242221814 ], [ 13.220069302170307, 47.958907829681579 ], [ 13.220068897139788, 47.958971253685149 ], [ 13.220069744319492, 47.959074982639152 ], [ 13.220077363164128, 47.959206067154717 ], [ 13.220078526580792, 47.959225500444226 ], [ 13.220081755380365, 47.959280831255676 ], [ 13.220078496623806, 47.959363234803234 ], [ 13.220073110504821, 47.959500334185201 ], [ 13.220091751419828, 47.959799211668951 ], [ 13.220094909934085, 47.9598251242844 ], [ 13.220086467240897, 47.960013050131721 ], [ 13.22008185232937, 47.960227069160162 ], [ 13.220081396040294, 47.960252258536933 ], [ 13.220090438992806, 47.960282315216908 ], [ 13.220156132998198, 47.960500990937007 ], [ 13.220101192293155, 47.960636422605909 ], [ 13.22002484057329, 47.960824552037458 ], [ 13.219977016924199, 47.961136949034611 ], [ 13.219922742871061, 47.961396980856115 ], [ 13.219873488896839, 47.961627149619048 ], [ 13.21986000838757, 47.961666900359546 ], [ 13.219856103554443, 47.961676342721873 ], [ 13.219761301729958, 47.961909345723413 ], [ 13.21963963030284, 47.961993972346185 ], [ 13.219172123270027, 47.962319451679029 ], [ 13.21889930164474, 47.962491643282355 ], [ 13.218771928202406, 47.962548644538224 ], [ 13.218668554266097, 47.962594963693064 ], [ 13.218447132540451, 47.96265987841997 ], [ 13.218355990268616, 47.962686597337147 ], [ 13.218039531755913, 47.962721459247156 ], [ 13.217875644758092, 47.962753323405849 ], [ 13.217627573580662, 47.962754155985195 ], [ 13.217502064777186, 47.962754480641927 ], [ 13.217392886980354, 47.963062047095555 ], [ 13.217420635292074, 47.963294540672763 ], [ 13.217452962742325, 47.964000157130798 ], [ 13.217561294765041, 47.964257650913915 ], [ 13.217563693141473, 47.964263410972208 ], [ 13.217568883394003, 47.964278709949689 ], [ 13.217579130355482, 47.964309127843471 ], [ 13.217641680007278, 47.964493435515664 ], [ 13.217755836845333, 47.96472241644129 ], [ 13.217802647201466, 47.964816115063627 ], [ 13.217822912611123, 47.964859317720013 ], [ 13.217894634416558, 47.965015565729935 ], [ 13.217949434462831, 47.965131043398628 ], [ 13.218065569282182, 47.965375499659245 ], [ 13.218081964737706, 47.965412221047394 ], [ 13.218094229439982, 47.965439042346965 ], [ 13.218200510635151, 47.965718214576427 ], [ 13.218292184630387, 47.965939705611945 ], [ 13.218426197953985, 47.966279360524219 ], [ 13.21849497806148, 47.966495970669683 ], [ 13.218563219636739, 47.966775194800583 ], [ 13.218659276426086, 47.967137842467885 ], [ 13.218708160492181, 47.967326274213043 ], [ 13.218723570473596, 47.967385305449405 ], [ 13.218753861202515, 47.967500398596556 ], [ 13.218782691899344, 47.967609372776835 ], [ 13.218796722951366, 47.967625220185184 ], [ 13.218854168415143, 47.967880862971342 ], [ 13.218892747599403, 47.967881440784147 ], [ 13.219090733409752, 47.967884604553682 ], [ 13.21952085048726, 47.967774281975267 ], [ 13.219807729789085, 47.96767938150883 ], [ 13.220080584689576, 47.967626839431702 ], [ 13.2204045623221, 47.967534942455991 ], [ 13.220437130968767, 47.967527237271412 ], [ 13.22067770913627, 47.967470614042369 ], [ 13.220859954785523, 47.967441912454326 ], [ 13.220898279850594, 47.96743592202116 ], [ 13.220950133358324, 47.967430574414117 ], [ 13.221301986377366, 47.967394389272471 ], [ 13.221394951552394, 47.967395378566174 ], [ 13.221528103278565, 47.967396856304461 ], [ 13.221683229170949, 47.967396015971232 ], [ 13.221688051671887, 47.967396020608177 ], [ 13.22193293080714, 47.967394726422796 ], [ 13.222187736786225, 47.967386873890014 ], [ 13.222258873433473, 47.967384692873019 ], [ 13.222313136856318, 47.967379886741114 ], [ 13.222490262886042, 47.967364402316804 ], [ 13.22264527410241, 47.967354384313047 ], [ 13.222667252190989, 47.967350176979288 ], [ 13.222817346364343, 47.967321441662264 ], [ 13.222986992947202, 47.967295243708826 ], [ 13.223061505286477, 47.967280290596953 ], [ 13.223144326387775, 47.967263725979713 ], [ 13.223299227415035, 47.967242191674217 ], [ 13.223591076470866, 47.967200185037107 ], [ 13.223745325972121, 47.967169743137241 ], [ 13.223874112612171, 47.967144404949309 ], [ 13.224008222316783, 47.967135894794374 ], [ 13.224058051952378, 47.967137201184329 ], [ 13.224406993429131, 47.967146345438728 ], [ 13.224445571196593, 47.967147371216512 ], [ 13.225142230741122, 47.967109607968212 ], [ 13.225379138112768, 47.967075732295136 ], [ 13.225665221989313, 47.967034884591698 ], [ 13.226606416157987, 47.967031255206578 ], [ 13.226758727226278, 47.967030675372882 ], [ 13.226632466192413, 47.967132218129677 ], [ 13.226502984355095, 47.96723636672295 ], [ 13.226720904726394, 47.967645810648236 ], [ 13.226732383822148, 47.967666152920472 ], [ 13.226804052336584, 47.967797745213105 ], [ 13.226826873965225, 47.967839779063901 ], [ 13.226883329126769, 47.967943018869533 ], [ 13.227042286460584, 47.968233296477479 ], [ 13.227185621684596, 47.968499089515859 ], [ 13.227110204401177, 47.968959993014309 ], [ 13.227107627186683, 47.96897573425062 ], [ 13.227061095977986, 47.969262584923861 ], [ 13.227049044007979, 47.969326267969876 ], [ 13.227121156893407, 47.969636617627003 ], [ 13.227143070372808, 47.969730649387657 ], [ 13.227240303342136, 47.970139981589888 ], [ 13.227285090305054, 47.970317520192665 ], [ 13.227517422816101, 47.970565311233216 ], [ 13.227603512195167, 47.970657062281717 ], [ 13.227583487231474, 47.970821407073586 ], [ 13.227576677158332, 47.970876728325258 ], [ 13.227553791645676, 47.971064370998896 ], [ 13.227561539503148, 47.971141746518725 ], [ 13.227566266066153, 47.971189431386946 ], [ 13.227543340256634, 47.971197957023769 ], [ 13.227587548211114, 47.971265109922705 ], [ 13.227694529854855, 47.971427321182198 ], [ 13.22771497028703, 47.971455498290567 ], [ 13.227838282465008, 47.971624921320689 ], [ 13.227664002512824, 47.971750621570628 ], [ 13.227396471999054, 47.971945778175218 ], [ 13.227259231145091, 47.972039214755661 ], [ 13.227239644511437, 47.972052511435024 ], [ 13.227093285797833, 47.972149538019053 ], [ 13.226951762829087, 47.972240001523978 ], [ 13.226944921546149, 47.972244313495992 ], [ 13.226879458757917, 47.972286086448193 ], [ 13.226621211502101, 47.97245920873393 ], [ 13.22646059792004, 47.972581501093885 ], [ 13.226234523567472, 47.972743676581977 ], [ 13.226065875202266, 47.972863352040221 ], [ 13.225850435173083, 47.973065030465463 ], [ 13.225637544153871, 47.973264191870257 ], [ 13.225398469853117, 47.973490857301798 ], [ 13.225301419201475, 47.973581629966311 ], [ 13.225131482148651, 47.97373908740564 ], [ 13.225121550736263, 47.973747444735871 ], [ 13.224946813703147, 47.973893202201324 ], [ 13.224897962214822, 47.973933999919119 ], [ 13.224806199975115, 47.97399337991969 ], [ 13.224593294794689, 47.974131094440608 ], [ 13.224559755846101, 47.974152744176962 ], [ 13.224525405538158, 47.974177991673216 ], [ 13.224279849364718, 47.974360476711908 ], [ 13.223799362927425, 47.974574946729234 ], [ 13.223339286228823, 47.974766043632101 ], [ 13.22267884598949, 47.974860147529441 ], [ 13.222551796659014, 47.974878288942527 ], [ 13.222379721419808, 47.975280170324076 ], [ 13.222373038653977, 47.975335761208271 ], [ 13.222210160551167, 47.975632394115664 ], [ 13.222057864463972, 47.975929306796857 ], [ 13.221902486228384, 47.976225676514844 ], [ 13.221592948031233, 47.976182286733113 ], [ 13.221545800577058, 47.976175764009994 ], [ 13.221222462566177, 47.97613253987825 ], [ 13.221006278946566, 47.976103722683469 ], [ 13.220963825980995, 47.976094865220347 ], [ 13.220931416944977, 47.976088176580134 ], [ 13.220757051478209, 47.976052022404083 ], [ 13.220746069906701, 47.976049762678159 ], [ 13.220418465834571, 47.975935191341193 ], [ 13.220348031421832, 47.975916950268022 ], [ 13.220292326721276, 47.975902501945384 ], [ 13.220165442225762, 47.97590480737211 ], [ 13.22015486186741, 47.975964892481407 ], [ 13.220136552598518, 47.976067522649181 ], [ 13.220061939563694, 47.976494415216742 ], [ 13.220053534792443, 47.976539658501935 ], [ 13.220027532388071, 47.976544221257292 ], [ 13.219881167878031, 47.976570077720375 ], [ 13.219768981895729, 47.976589849930406 ], [ 13.219594641269696, 47.976603533639199 ], [ 13.219517454146812, 47.976609665474484 ], [ 13.219189776736618, 47.976651266702014 ], [ 13.219148636575085, 47.976654734821452 ], [ 13.218921225855711, 47.976674212928174 ], [ 13.218837898583558, 47.976669722604676 ], [ 13.218599839685327, 47.976656982760296 ], [ 13.218508092509527, 47.97664294778216 ], [ 13.218363439855692, 47.976620943603123 ], [ 13.218202313079788, 47.976596403941556 ], [ 13.21820691911042, 47.976573377931778 ], [ 13.2182367390831, 47.976295061372447 ], [ 13.218282833946907, 47.975865892608596 ], [ 13.218299658224334, 47.975709013435548 ], [ 13.218304854011761, 47.975661428042123 ], [ 13.218179894008991, 47.975641782173227 ], [ 13.218016361288971, 47.975616070334283 ], [ 13.217975109888918, 47.97560955200936 ], [ 13.217711804659913, 47.975564758339729 ], [ 13.217695197383801, 47.97556195294267 ], [ 13.217484125213476, 47.975525937191136 ], [ 13.217401351553439, 47.97551433928755 ], [ 13.217215044162874, 47.975488153757887 ], [ 13.217208407948631, 47.975520263991498 ], [ 13.216531325016565, 47.97549808367436 ], [ 13.216419994773689, 47.975495092808892 ], [ 13.216099937143913, 47.975486493490926 ], [ 13.216014991997486, 47.976025557250765 ], [ 13.215988226399768, 47.976191242430566 ], [ 13.215984557290609, 47.976214269302645 ], [ 13.215940128809006, 47.976489241894129 ], [ 13.215929394554582, 47.976555983731593 ], [ 13.215918683874635, 47.976552464337026 ], [ 13.215872622981619, 47.976539553014852 ], [ 13.215805144616255, 47.976517893568243 ], [ 13.215651385524332, 47.976494617294421 ], [ 13.215406995978269, 47.976437962423091 ], [ 13.21535530606147, 47.976425944809264 ], [ 13.215140143565637, 47.976539169582828 ], [ 13.214941872054382, 47.976647913017295 ], [ 13.214742022498355, 47.976743160018906 ], [ 13.214480336795157, 47.976868930877316 ], [ 13.214419039688572, 47.976898376041923 ], [ 13.214281050329797, 47.976951492845174 ], [ 13.214147217850284, 47.977002994413013 ], [ 13.214063697244187, 47.977024499814121 ], [ 13.213870782086115, 47.977074051129371 ], [ 13.213634350372724, 47.977111142349827 ], [ 13.213342438836966, 47.977211149991597 ], [ 13.213107755837827, 47.97741980171989 ], [ 13.212610958061342, 47.977645093798948 ], [ 13.212600630453339, 47.977649761145116 ], [ 13.212556523344949, 47.977661050631596 ], [ 13.212271234348657, 47.977734073498027 ], [ 13.21200862639733, 47.97779056614074 ], [ 13.211691852145208, 47.977804718763004 ], [ 13.211653930400169, 47.977806388326741 ], [ 13.211556513004082, 47.977810694385816 ], [ 13.211441939425727, 47.977817591284577 ], [ 13.211362608931809, 47.977822365983357 ], [ 13.211265045802051, 47.977946592541258 ], [ 13.211216801684348, 47.978007986647711 ], [ 13.211195276664043, 47.978045388680421 ], [ 13.211168504960954, 47.978091871467207 ], [ 13.210952159541803, 47.978360363567958 ], [ 13.210946381715493, 47.978367374603359 ], [ 13.210916295728735, 47.978398560098327 ], [ 13.210837856815926, 47.978479983980151 ], [ 13.210821717967995, 47.978505786374889 ], [ 13.210786077911717, 47.978562785396861 ], [ 13.210361527000282, 47.978539395902217 ], [ 13.210199568111149, 47.978525909701204 ], [ 13.209485959300688, 47.978466224806688 ], [ 13.209414988495316, 47.978448336373908 ], [ 13.209271573604319, 47.97841237787673 ], [ 13.208766477957347, 47.978341305921255 ], [ 13.208756561462737, 47.978341925022967 ], [ 13.208709659357501, 47.978344753506491 ], [ 13.208678703776714, 47.978346699462584 ], [ 13.208591867697535, 47.978352003982181 ], [ 13.20853531704743, 47.978355451769737 ], [ 13.208051751030984, 47.978302662354288 ], [ 13.207914986346161, 47.978287760728236 ], [ 13.20772156045375, 47.978266590189627 ], [ 13.207703513874302, 47.978305074894031 ], [ 13.207596176501866, 47.97853400488308 ], [ 13.20756021801445, 47.978610524573561 ], [ 13.207497996924104, 47.978743152791402 ], [ 13.207435371173519, 47.978876770126313 ], [ 13.207333418923321, 47.979094100427673 ], [ 13.207112810392722, 47.979564727808274 ], [ 13.207072675316542, 47.979650149131672 ], [ 13.207447252333377, 47.979674845944636 ], [ 13.207748344946291, 47.979723752119853 ], [ 13.207841699720287, 47.979738966870066 ], [ 13.207864447397405, 47.979751766218776 ], [ 13.207899372012148, 47.979771325953479 ], [ 13.207916901001026, 47.979781240833546 ], [ 13.208076002104292, 47.979870476078716 ], [ 13.2088719160477, 47.980317369119618 ], [ 13.209430636134487, 47.98072450993174 ], [ 13.209723308918299, 47.980937764507971 ], [ 13.209611473394668, 47.980973720584544 ], [ 13.209530910714705, 47.98098748902293 ], [ 13.20928077700151, 47.981030404313387 ], [ 13.209006587096665, 47.981159567894707 ], [ 13.208994916610116, 47.981165043144628 ], [ 13.208842284967885, 47.981170277371575 ], [ 13.208764972056079, 47.981225881589943 ], [ 13.208921857988607, 47.981685761073251 ], [ 13.208922251633245, 47.981689270054353 ], [ 13.208954622550847, 47.981994729306436 ], [ 13.208968842738569, 47.982326078434745 ], [ 13.20893853537947, 47.982618065983843 ], [ 13.208927288616895, 47.982726999163802 ], [ 13.20880294835848, 47.982948084950635 ], [ 13.208800315050055, 47.982984787039413 ], [ 13.208799065607726, 47.983003048192671 ], [ 13.208795317489569, 47.98305774168896 ], [ 13.208850269774146, 47.983108719686953 ], [ 13.208869389649507, 47.983126372935942 ], [ 13.208987940468568, 47.983142513374908 ], [ 13.209277017244775, 47.983181866547483 ], [ 13.209413449175754, 47.983173105898523 ], [ 13.209461026216811, 47.983170007960545 ], [ 13.209541289815279, 47.983170813266426 ], [ 13.209596362060259, 47.983171411747314 ], [ 13.209901470411177, 47.983174705274116 ], [ 13.210063617067155, 47.98317145893585 ], [ 13.210106632600551, 47.983170694928098 ], [ 13.210132236543517, 47.983166403873447 ], [ 13.210252078673497, 47.983146469218369 ], [ 13.210420777426341, 47.983149076920931 ], [ 13.210490235672463, 47.98312917863678 ], [ 13.210555536951897, 47.983110535397628 ], [ 13.210621642809258, 47.983091623082828 ], [ 13.210666134362162, 47.983089960796903 ], [ 13.210787548075043, 47.983085410923223 ], [ 13.210865692409547, 47.982961074517469 ], [ 13.210912905940148, 47.982884115960054 ], [ 13.210915596002552, 47.98287980057119 ], [ 13.211261396607862, 47.982900946087355 ], [ 13.211318263834988, 47.9828786950292 ], [ 13.211500824546388, 47.982797560151354 ], [ 13.211538626589203, 47.982733726062087 ], [ 13.211672475043788, 47.982740433680746 ], [ 13.211720172802615, 47.982742822685154 ], [ 13.211735312875319, 47.982743558245204 ], [ 13.211759154812418, 47.982690055210945 ], [ 13.211770873617104, 47.982663798276654 ], [ 13.211849151957674, 47.98248044558585 ], [ 13.21166666243529, 47.982416380762331 ], [ 13.211787570727898, 47.982282552429737 ], [ 13.211808939262982, 47.982255405958561 ], [ 13.211953565705729, 47.982236485068377 ], [ 13.212155869369726, 47.982307947091918 ], [ 13.212166580352662, 47.982311736716731 ], [ 13.21212158974364, 47.982239899257578 ], [ 13.212199917584407, 47.982208044118046 ], [ 13.212237741193425, 47.982192250075094 ], [ 13.212287502100299, 47.982171430534244 ], [ 13.21254592818382, 47.982194550254569 ], [ 13.212611573108456, 47.982200376155546 ], [ 13.212630113151596, 47.982179344078432 ], [ 13.212636024755195, 47.982172513032438 ], [ 13.21265887277703, 47.982142759013584 ], [ 13.212730581060109, 47.982134017136033 ], [ 13.21278178231249, 47.98212768292786 ], [ 13.212806415099562, 47.982021102295242 ], [ 13.212988839522465, 47.982055207569729 ], [ 13.213121809609097, 47.982035283544853 ], [ 13.213189454424805, 47.982045429414804 ], [ 13.213324207944858, 47.982065810444929 ], [ 13.213465525316884, 47.982087097724147 ], [ 13.213463848345235, 47.982117233611056 ], [ 13.21345784276939, 47.982223653684045 ], [ 13.213588440120724, 47.982420987398015 ], [ 13.213612172303135, 47.982590322285148 ], [ 13.213693022731531, 47.982685766418044 ], [ 13.213829328434782, 47.982790083950462 ], [ 13.213890860086121, 47.982837197915678 ], [ 13.214013942714642, 47.982864313356274 ], [ 13.214108364215676, 47.982885101831549 ], [ 13.214261313930034, 47.982918725006293 ], [ 13.214388147055102, 47.982946653560575 ], [ 13.214418013749729, 47.982953251448741 ], [ 13.214441311674094, 47.98296110208625 ], [ 13.214449479236729, 47.982963899301524 ], [ 13.214572261390536, 47.983005587846847 ], [ 13.214600513426591, 47.983015152815753 ], [ 13.214728829105383, 47.983039483990872 ], [ 13.214768073959215, 47.983046901033418 ], [ 13.214842947571869, 47.983060921721801 ], [ 13.215160249477666, 47.983064213826957 ], [ 13.215386166415577, 47.983066512651916 ], [ 13.215490281289139, 47.983067517980693 ], [ 13.215611677128781, 47.983070699847225 ], [ 13.21579582398965, 47.983115957839033 ], [ 13.216026175362419, 47.98317259755715 ], [ 13.216206624449841, 47.983253836358422 ], [ 13.216308023577804, 47.983330946909746 ], [ 13.216320062797674, 47.983340225229767 ], [ 13.216342266465974, 47.983358240199379 ], [ 13.216478163769203, 47.98346858169181 ], [ 13.2165713608802, 47.983498543144904 ], [ 13.216575645860464, 47.983499896897897 ], [ 13.216698414545439, 47.983428679607286 ], [ 13.216729811113426, 47.983410448647099 ], [ 13.217262676592398, 47.983373287946954 ], [ 13.217547737839208, 47.983353420787324 ], [ 13.217689933382944, 47.983343486610586 ], [ 13.217857967711947, 47.983344013661039 ], [ 13.217869089455569, 47.983344114681863 ], [ 13.21798138027628, 47.983344496156313 ], [ 13.218167958964221, 47.983321200980363 ], [ 13.218397696876901, 47.983292640406901 ], [ 13.218421401696409, 47.983298601421389 ], [ 13.218522247837862, 47.983323890796576 ], [ 13.21880180098359, 47.983616366606469 ], [ 13.218915960430076, 47.983681702291378 ], [ 13.218927068484934, 47.983688100605825 ], [ 13.218976753469065, 47.983701464059202 ], [ 13.219048669558846, 47.983720786925673 ], [ 13.219165995134306, 47.98374780124675 ], [ 13.219263501623143, 47.983830393106537 ], [ 13.219570834186483, 47.983860472289848 ], [ 13.219661821586969, 47.983921826162479 ], [ 13.219757224596622, 47.983986243021292 ], [ 13.21978381195234, 47.984022614058574 ], [ 13.219845938138976, 47.984107689787315 ], [ 13.219857561732848, 47.984123624589934 ], [ 13.219955847919724, 47.984218271654072 ], [ 13.220281357942048, 47.984395366168819 ], [ 13.220561574926633, 47.984511330941636 ], [ 13.220580184583659, 47.984519085822917 ], [ 13.220884102318342, 47.984706323472246 ], [ 13.220912714007278, 47.984736578719904 ], [ 13.220935309309816, 47.984760440768937 ], [ 13.220975419059037, 47.984802942087398 ], [ 13.221096021913269, 47.984928017220426 ], [ 13.221228085512154, 47.985083060943168 ], [ 13.221348686221003, 47.985272369333977 ], [ 13.221417188613438, 47.985448222925008 ], [ 13.221510944145232, 47.985721620586624 ], [ 13.221551783375821, 47.985862361899926 ], [ 13.221569077365425, 47.985921754065721 ], [ 13.221570939043955, 47.985928503075584 ], [ 13.221579181733071, 47.985959278322852 ], [ 13.221387716069088, 47.986321554515598 ], [ 13.221381857768243, 47.986366440358168 ], [ 13.221355840988716, 47.986563434030508 ], [ 13.221332138527991, 47.986743426929785 ], [ 13.221190385145897, 47.98704340635441 ], [ 13.221178672989868, 47.987068314765018 ], [ 13.22117707770817, 47.987187424078805 ], [ 13.221176270234544, 47.987251566831226 ], [ 13.221284339308287, 47.987412614710294 ], [ 13.221391373134654, 47.987556748462701 ], [ 13.221437073068712, 47.987618327095369 ], [ 13.221460992275317, 47.987650466877206 ], [ 13.221477138904943, 47.987682599169418 ], [ 13.221499290467349, 47.987726702301252 ], [ 13.221547597507175, 47.987822649209349 ], [ 13.221617229186661, 47.987910789836185 ], [ 13.221646892882772, 47.987951481572239 ], [ 13.221679362418685, 47.987996134362696 ], [ 13.221702623977084, 47.988022605798449 ], [ 13.221693761770361, 47.988030783901316 ], [ 13.221658447886689, 47.988063046621136 ], [ 13.221600172673705, 47.988116518479238 ], [ 13.221685107868616, 47.988318296851446 ], [ 13.221704574836776, 47.98836464642536 ], [ 13.221755509787195, 47.988485605421189 ], [ 13.221790896014186, 47.988545284767909 ], [ 13.221936921208505, 47.98863124943913 ], [ 13.222060002185673, 47.988667532463047 ], [ 13.222134734614077, 47.988689644919113 ], [ 13.22221653065402, 47.988730206464325 ], [ 13.222302744679139, 47.988772931281829 ], [ 13.222470391344295, 47.988838224485313 ], [ 13.222684770763758, 47.988921734457293 ], [ 13.222741166750755, 47.988933033513547 ], [ 13.222829846391338, 47.988950840579697 ], [ 13.222974639119764, 47.988859935841219 ], [ 13.223017445915202, 47.988833167576544 ], [ 13.223051664441442, 47.988811788912862 ], [ 13.223106951252593, 47.988777025769807 ], [ 13.223523476635496, 47.988516078209692 ], [ 13.22369872732013, 47.98840630914529 ], [ 13.223975289594147, 47.988232851570949 ], [ 13.224152454098865, 47.988296891828739 ], [ 13.224280473288749, 47.98834325297382 ], [ 13.224308043822846, 47.988360551716831 ], [ 13.224316073877052, 47.988365687134426 ], [ 13.224342599680954, 47.988369850314086 ], [ 13.224415612763222, 47.988381254108212 ], [ 13.224455859098178, 47.988360780306728 ], [ 13.224490896230899, 47.988396438422612 ], [ 13.224555147376023, 47.988367980381611 ], [ 13.22459230277053, 47.98835164192905 ], [ 13.224598338924196, 47.988348948693691 ], [ 13.224892095413228, 47.988218957074295 ], [ 13.225418232886406, 47.988086032095836 ], [ 13.225702966714525, 47.98804086499527 ], [ 13.225905390178385, 47.988008755687936 ], [ 13.226040374775534, 47.987991697523547 ], [ 13.226064101035666, 47.987988660695926 ], [ 13.226194923817673, 47.987975197022493 ], [ 13.226295989795815, 47.987964764526559 ], [ 13.226417778046665, 47.987978551020241 ], [ 13.226494950707586, 47.987987348409519 ], [ 13.226661757325264, 47.988005854104074 ], [ 13.226934543270854, 47.988036151831587 ], [ 13.226951157025923, 47.988037966302073 ], [ 13.227541480853473, 47.98810300868508 ], [ 13.227559166379908, 47.988105003969793 ], [ 13.227594269777081, 47.988108814361823 ], [ 13.227766570561061, 47.98812786323991 ], [ 13.227956959243476, 47.988148817487286 ], [ 13.228665498767457, 47.988206584336702 ], [ 13.228742379502167, 47.988227704871996 ], [ 13.228759209120469, 47.988255698462439 ], [ 13.228767367500343, 47.98826389242295 ], [ 13.228796523557225, 47.988293246542717 ], [ 13.228841839555429, 47.98828330143008 ], [ 13.228894931641193, 47.988271653995604 ], [ 13.228903642061532, 47.988271841750326 ], [ 13.229278187692552, 47.988281174060866 ], [ 13.229436180180363, 47.988285183843701 ], [ 13.22948844237175, 47.988286490043173 ], [ 13.229573401896786, 47.988288635087606 ], [ 13.229585998493119, 47.98828891622405 ], [ 13.229756134859873, 47.988251103694701 ], [ 13.229932970749619, 47.988281578668392 ], [ 13.230157364831452, 47.988320372190799 ], [ 13.230318771381963, 47.988360189006954 ], [ 13.230553179754786, 47.988417972795112 ], [ 13.23061748857377, 47.988426756054274 ], [ 13.23076606884324, 47.98844703897251 ], [ 13.23083466507623, 47.988456365672178 ], [ 13.231101789864748, 47.988505810658147 ], [ 13.231087811600526, 47.988664042965034 ], [ 13.231075614777776, 47.988802125159054 ], [ 13.231071914899418, 47.988843864649724 ], [ 13.231060265117247, 47.988976279658523 ], [ 13.231084103588682, 47.988984487252964 ], [ 13.231124816925245, 47.98899828738066 ], [ 13.231206645178432, 47.989026157834246 ], [ 13.231226198231356, 47.989032832265075 ], [ 13.231285409780654, 47.989044489481479 ], [ 13.231375700695418, 47.98906229141194 ], [ 13.231433974563313, 47.989073767803831 ], [ 13.231687835677738, 47.989123199792559 ], [ 13.231704313136651, 47.989126452865371 ], [ 13.231787265233914, 47.989335239086202 ], [ 13.231803935618684, 47.989377266279746 ], [ 13.231811185002799, 47.989578159536819 ], [ 13.231796049955317, 47.989781012405174 ], [ 13.231783382040627, 47.989955529138115 ], [ 13.231775807007589, 47.990060778971682 ], [ 13.231813699762814, 47.990147446236286 ], [ 13.231839750322466, 47.990259292720495 ], [ 13.231848922009037, 47.990298254611076 ], [ 13.232081542048075, 47.990246638966845 ], [ 13.232397860157523, 47.990157761029892 ], [ 13.233056239110422, 47.989902296930964 ], [ 13.233282864700511, 47.989759991209269 ], [ 13.233359335524705, 47.989787405705854 ], [ 13.233443574207165, 47.989817525712084 ], [ 13.23370433520528, 47.989624329559859 ], [ 13.233856120484301, 47.989511916132045 ], [ 13.233881755823917, 47.989491696444034 ], [ 13.233888869388192, 47.989486034875327 ], [ 13.234345154230741, 47.989789419082079 ], [ 13.234351177294753, 47.989793472537265 ], [ 13.234809978968874, 47.990115389352013 ], [ 13.235246147783975, 47.990431707520038 ], [ 13.235264482751186, 47.990445307369555 ], [ 13.235390820381971, 47.990538975174587 ], [ 13.235633860441094, 47.990719465093179 ], [ 13.235660759696858, 47.990740089172036 ], [ 13.235823106538586, 47.990856997139844 ], [ 13.23592174609208, 47.990928150423684 ], [ 13.235991209063998, 47.990978137944552 ], [ 13.236113538901296, 47.991066313858617 ], [ 13.236119295547686, 47.991069647295056 ], [ 13.23631609261877, 47.991183794521156 ], [ 13.236376202748957, 47.991218750221805 ], [ 13.236444077778962, 47.991258210500654 ], [ 13.23675641192041, 47.991439475458023 ], [ 13.236989807800541, 47.991549063827136 ], [ 13.237047654843115, 47.991576190541196 ], [ 13.237106439263389, 47.99160376781569 ], [ 13.237242219261844, 47.991667573752139 ], [ 13.237286415087707, 47.9916845232718 ], [ 13.237301816590163, 47.991690473536828 ], [ 13.237315610671091, 47.99169597265837 ], [ 13.237496007472689, 47.991766742271345 ], [ 13.237644797298939, 47.991825700470343 ], [ 13.237659261228893, 47.99183138002752 ], [ 13.237702518852183, 47.991848508540407 ], [ 13.237737205384009, 47.991862211405142 ], [ 13.237801221424268, 47.991887543558164 ], [ 13.23791720044891, 47.991933429840202 ], [ 13.238076304997348, 47.991995634604649 ], [ 13.238421569071569, 47.992130321314953 ], [ 13.238436167192518, 47.992136000883903 ], [ 13.238443533183663, 47.992138885703667 ], [ 13.238477814453036, 47.992154567193651 ], [ 13.238504328980625, 47.992166643829464 ], [ 13.238545975313054, 47.99218574988997 ], [ 13.238705354138892, 47.992245345088676 ], [ 13.238936386820757, 47.992331897122611 ], [ 13.239402604193108, 47.992507791996609 ], [ 13.239611807430567, 47.992586498278548 ], [ 13.239764491232451, 47.992644017469729 ], [ 13.239803599675644, 47.992658802822213 ], [ 13.239888378958458, 47.992691077643109 ], [ 13.240059855839666, 47.992506431977716 ], [ 13.240154075777893, 47.99243012920472 ], [ 13.240312131528588, 47.992330577109833 ], [ 13.240324743854696, 47.992322580520515 ], [ 13.240451382573609, 47.992254130188712 ], [ 13.240542187824746, 47.992213449597251 ], [ 13.240566599132089, 47.992202583591755 ], [ 13.240698960889976, 47.992156358341859 ], [ 13.240795761958411, 47.992135384160598 ], [ 13.240809839823694, 47.992132246670693 ], [ 13.240856363381019, 47.992122117901559 ], [ 13.240927690490034, 47.992106611068813 ], [ 13.241051568376482, 47.99208304927344 ], [ 13.241079588281757, 47.99207776371162 ], [ 13.241183490146144, 47.992057964355482 ], [ 13.241444648453975, 47.992010310901769 ], [ 13.241560753415706, 47.991986292603841 ], [ 13.241618135591327, 47.991974372845078 ], [ 13.241673506631198, 47.991962901285845 ], [ 13.24172904688616, 47.992084574641616 ], [ 13.241684064902174, 47.992132939126506 ], [ 13.241681648100222, 47.99213545617706 ], [ 13.241636665870924, 47.992183910605299 ], [ 13.241521323326527, 47.992307968104413 ], [ 13.241640576008034, 47.992323625764676 ], [ 13.241771447204718, 47.99213300797728 ], [ 13.241819952492834, 47.992062425443358 ], [ 13.241937888358901, 47.991987579278657 ], [ 13.241980286080311, 47.991960713750245 ], [ 13.24198766557652, 47.991955951524808 ], [ 13.242044016993864, 47.99192019062685 ], [ 13.242152560398427, 47.991851274404219 ], [ 13.242380631215665, 47.991716239087118 ], [ 13.242542315075083, 47.991530142630729 ], [ 13.242567176181744, 47.991491298146215 ], [ 13.242662856626353, 47.991342304568512 ], [ 13.242666753790909, 47.991336190142277 ], [ 13.242819626230041, 47.991129215051856 ], [ 13.242822981998478, 47.991126158931387 ], [ 13.242832780485724, 47.991117440173809 ], [ 13.242918282769981, 47.991041038372984 ], [ 13.242981503371857, 47.990984500958966 ], [ 13.243097430895039, 47.990906143482526 ], [ 13.243194842145074, 47.990840186392816 ], [ 13.243242009427551, 47.990844451199457 ], [ 13.2433234800799, 47.990851891244169 ], [ 13.243567361817238, 47.990714436796146 ], [ 13.243634577083943, 47.990750653693212 ], [ 13.243653322411273, 47.99076074398036 ], [ 13.243671799862936, 47.990770744095137 ], [ 13.243721742271306, 47.990797951345471 ], [ 13.244000643902222, 47.990950023067072 ], [ 13.244063139831029, 47.991003418968432 ], [ 13.244103923402339, 47.991057607839274 ], [ 13.244142243725497, 47.991220469782782 ], [ 13.244217032195809, 47.991138481118377 ], [ 13.244438038705804, 47.990896650541345 ], [ 13.244641988445485, 47.990675138095924 ], [ 13.244882458196985, 47.990412809974636 ], [ 13.244891833501265, 47.990416325653321 ], [ 13.244900405308918, 47.990419480869107 ], [ 13.245331670422381, 47.990581381156154 ], [ 13.245498166924301, 47.990474001561516 ], [ 13.245535660068057, 47.990493012016742 ], [ 13.245519231182515, 47.990619937044961 ], [ 13.245534116095575, 47.990934547984004 ], [ 13.245529606631093, 47.991146316849125 ], [ 13.245478481787471, 47.99142390320155 ], [ 13.245412732158416, 47.991631127608116 ], [ 13.245370379269827, 47.9917123319076 ], [ 13.245323454270409, 47.991802618962872 ], [ 13.24594862539605, 47.991664727797726 ], [ 13.246018878050005, 47.991649306982524 ], [ 13.246303642618754, 47.991586546551837 ], [ 13.246544699765371, 47.991533468781611 ], [ 13.246696142825433, 47.991776750919108 ], [ 13.246778212843523, 47.991909327100004 ], [ 13.246833951246456, 47.991999331276048 ], [ 13.246839834683572, 47.992007522257985 ], [ 13.246900540861722, 47.992092222294467 ], [ 13.246932632230758, 47.992137047565535 ], [ 13.246983845077155, 47.992208426022046 ], [ 13.24709245517808, 47.992339672223686 ], [ 13.247218186149558, 47.99249198226547 ], [ 13.247357078999794, 47.99262792868555 ], [ 13.24742639182052, 47.992695811769288 ], [ 13.247488345463417, 47.992756402400929 ], [ 13.247713139450788, 47.992980305289578 ], [ 13.247839918984807, 47.993231304439156 ], [ 13.247846598795466, 47.993244443898426 ], [ 13.247870318544816, 47.993246080659198 ], [ 13.247983154978833, 47.993253810348129 ], [ 13.248033140821571, 47.993257175639087 ], [ 13.248279919076818, 47.993316191954506 ], [ 13.248807321144378, 47.993391155491267 ], [ 13.248901932632718, 47.993397611560283 ], [ 13.249103484555169, 47.993411432022015 ], [ 13.249401550485542, 47.993415515889318 ], [ 13.249428224534523, 47.993413645918864 ], [ 13.249664269271495, 47.99339735279122 ], [ 13.249684915183458, 47.993393589209319 ], [ 13.249693763286951, 47.993392066207079 ], [ 13.249699528092858, 47.993390990800478 ], [ 13.249707840094757, 47.993389467411674 ], [ 13.249724598265802, 47.993386330766057 ], [ 13.249734116779766, 47.993384628317322 ], [ 13.249784927378036, 47.993375218746849 ], [ 13.250173044375662, 47.993303526755483 ], [ 13.250341015262283, 47.993279896582699 ], [ 13.250352812159935, 47.993278195708662 ], [ 13.250843656285767, 47.993164832032377 ], [ 13.251099618230386, 47.993095562091376 ], [ 13.251286393688767, 47.993044955038648 ], [ 13.251304043218679, 47.993071596435286 ], [ 13.251669138331939, 47.992977662408052 ], [ 13.251930946241609, 47.992853697426533 ], [ 13.251988481968091, 47.992828278238235 ], [ 13.252329000578063, 47.992678188227011 ], [ 13.252697519033756, 47.992533964194003 ], [ 13.252796208608876, 47.992502365695962 ], [ 13.252962881156442, 47.992448953168982 ], [ 13.253560720077374, 47.992209254246724 ], [ 13.253673383039859, 47.992153824466513 ], [ 13.253697659201462, 47.992141876048905 ], [ 13.253712412687815, 47.992134599169191 ], [ 13.253873761659062, 47.992055182464412 ], [ 13.253959746162181, 47.992004682126833 ], [ 13.254011658817017, 47.991974130217244 ], [ 13.254100839306819, 47.991937036394312 ], [ 13.254172049395761, 47.991907487142612 ], [ 13.254215096200918, 47.991979126729774 ], [ 13.254312820917979, 47.992141755729563 ], [ 13.254391705036927, 47.992267217266914 ], [ 13.254539312738354, 47.992502119926975 ], [ 13.254750547446605, 47.992850148447822 ], [ 13.254762472463916, 47.992852225642913 ], [ 13.254839248170489, 47.992865591939896 ], [ 13.255315257762888, 47.992984932706783 ], [ 13.255448562341803, 47.993018308200746 ], [ 13.255833439095753, 47.993136866089223 ], [ 13.255888364838389, 47.993153365826338 ], [ 13.256184428641133, 47.993242265681715 ], [ 13.256210819883625, 47.993250199890362 ], [ 13.256526000946213, 47.993372847532058 ], [ 13.256570607480059, 47.993389160206696 ], [ 13.256924111559334, 47.993518669193733 ], [ 13.257368176872006, 47.993584722622302 ], [ 13.25738921447582, 47.993587795083499 ], [ 13.257432227480223, 47.993594210494003 ], [ 13.257488238258826, 47.993602523576143 ], [ 13.25771388934273, 47.993636136528778 ], [ 13.258050624563966, 47.993686284117551 ], [ 13.258104357485587, 47.993694325539721 ], [ 13.258500052619988, 47.993753146331535 ], [ 13.259021572807887, 47.993830758405963 ], [ 13.259087231953142, 47.993840516275782 ], [ 13.25916361107026, 47.993851810305195 ], [ 13.259649757545288, 47.993924179164893 ], [ 13.260018656229839, 47.993979109398836 ], [ 13.260218850875011, 47.99400883303182 ], [ 13.260787812025102, 47.99409348401521 ], [ 13.261356908925828, 47.994178222245324 ], [ 13.261925873893302, 47.994262777668091 ], [ 13.261984834098417, 47.99427154019417 ], [ 13.262428598684048, 47.994272081217261 ], [ 13.262463445826409, 47.994272102436433 ], [ 13.262664218856768, 47.99427231444978 ], [ 13.262632006816917, 47.994405439562847 ], [ 13.262628367570825, 47.994420641034331 ], [ 13.262639349124459, 47.994427125011562 ], [ 13.262762556478723, 47.994500249404638 ], [ 13.263017409381884, 47.994651450831775 ], [ 13.263609106784589, 47.994882200918497 ], [ 13.263888547252103, 47.994991222671608 ], [ 13.263947489808606, 47.995014198274788 ], [ 13.264245686245895, 47.995130517306144 ], [ 13.264605506451607, 47.995270802002558 ], [ 13.264610864942558, 47.995272874304824 ], [ 13.264613852410664, 47.995345565837134 ], [ 13.264554716252517, 47.995571966737927 ], [ 13.264464726043517, 47.99571630348094 ], [ 13.264462576820069, 47.995719900712693 ], [ 13.264722511443356, 47.995785726846343 ], [ 13.26471458911854, 47.995796787574236 ], [ 13.264710023695525, 47.995803172226239 ], [ 13.264587428897373, 47.995974118753573 ], [ 13.264352845468609, 47.996300814003547 ], [ 13.264263178426479, 47.996503716369659 ], [ 13.264259922181132, 47.99653367196737 ], [ 13.264247846061112, 47.996645398288258 ], [ 13.264232244359446, 47.996787979663985 ], [ 13.26431332471256, 47.996795764532443 ], [ 13.264320561599472, 47.996796488522293 ], [ 13.265029051417443, 47.996807431893544 ], [ 13.265514781296311, 47.996814912797205 ], [ 13.265526391361094, 47.996750596340803 ], [ 13.265769288726773, 47.996728966586033 ], [ 13.265824924557457, 47.996719822672425 ], [ 13.266165576574441, 47.996663613134373 ], [ 13.266244534227173, 47.99665439250532 ], [ 13.266310354607867, 47.996646693625706 ], [ 13.266379660415708, 47.996638546899831 ], [ 13.266406337454717, 47.99663514365708 ], [ 13.266904547023787, 47.996524145228825 ], [ 13.267098962628101, 47.996577063971891 ], [ 13.267356754770811, 47.996647291114414 ], [ 13.267495834331598, 47.996685064121571 ], [ 13.267647605970936, 47.99675586037214 ], [ 13.267957537073244, 47.996827644927571 ], [ 13.268199549965818, 47.99687015286748 ], [ 13.268319866381717, 47.996907554537415 ], [ 13.268450499610539, 47.996948200480155 ], [ 13.268518942608484, 47.996987552211422 ], [ 13.268617388259925, 47.997044103417956 ], [ 13.268815182300138, 47.997077589238486 ], [ 13.269030380060203, 47.997128267171924 ], [ 13.268808582194742, 47.997430958379951 ], [ 13.268667473645936, 47.997623309954058 ], [ 13.268758177886735, 47.997654397339481 ], [ 13.269021850492031, 47.997744775607586 ], [ 13.269156902748671, 47.997791000855862 ], [ 13.269249485074056, 47.997821279226464 ], [ 13.26977108298053, 47.997992133898542 ], [ 13.269823875393897, 47.998007186428197 ], [ 13.270056082147617, 47.998073255295786 ], [ 13.270372447074804, 47.998154302980971 ], [ 13.270705562541089, 47.99823967700388 ], [ 13.271132068544738, 47.998354607656275 ], [ 13.271212465669628, 47.998376331508219 ], [ 13.271385185905087, 47.998422844109783 ], [ 13.271949659602242, 47.998504378966814 ], [ 13.272258853655286, 47.998532429802339 ], [ 13.272489357170496, 47.998453653282972 ], [ 13.272627739347429, 47.998406405184475 ], [ 13.272919546663346, 47.998284567691705 ], [ 13.272932419570816, 47.998279986277382 ], [ 13.273208516913355, 47.998180990381961 ], [ 13.27333645986373, 47.99811880227243 ], [ 13.273553720564037, 47.998013387907456 ], [ 13.273707411781762, 47.997938887726797 ], [ 13.27377299195909, 47.997907074534126 ], [ 13.274139875091976, 47.997647899543637 ], [ 13.274648139498558, 47.997289026208847 ], [ 13.274990331981428, 47.997047468696465 ], [ 13.275087046682675, 47.996979235507595 ], [ 13.275285122146736, 47.997004163973415 ], [ 13.275636244132457, 47.997048419932447 ], [ 13.276221225537933, 47.997122027449379 ], [ 13.27636393572784, 47.997156103108203 ], [ 13.276396361348304, 47.997166104788796 ], [ 13.276502212436036, 47.997199892381637 ], [ 13.276496572061408, 47.997209965434159 ], [ 13.276389293038072, 47.997504180470386 ], [ 13.276467234465112, 47.997566472570952 ], [ 13.276481831724569, 47.997578174816276 ], [ 13.276906810839051, 47.997623992266213 ], [ 13.276990710010031, 47.997630959953767 ], [ 13.277099269541786, 47.9976400985772 ], [ 13.277180214486576, 47.997652192565305 ], [ 13.277243603511517, 47.997661669139887 ], [ 13.277418345635294, 47.997700346984622 ], [ 13.27778791653866, 47.997796243726498 ], [ 13.277858370738675, 47.997842697916859 ], [ 13.277875131021071, 47.997837308139374 ], [ 13.278032811258624, 47.997786914063113 ], [ 13.278209802628005, 47.997726812951406 ], [ 13.278476471427968, 47.997659466825581 ], [ 13.278720184869112, 47.997625305501025 ], [ 13.278735601265758, 47.997623153619507 ], [ 13.279041201448431, 47.997625365428554 ], [ 13.279076717580381, 47.997628710569849 ], [ 13.279389513086969, 47.997672487483534 ], [ 13.279475564994087, 47.997671897515424 ], [ 13.279507599837752, 47.997671732379175 ], [ 13.279515776139998, 47.997671646189801 ], [ 13.279618448536764, 47.997671063783599 ], [ 13.279572761890421, 47.997782776160655 ], [ 13.27950732260641, 47.997942339449338 ], [ 13.27935480767229, 47.998315073521077 ], [ 13.279024604967164, 47.998509778961392 ], [ 13.278874765841694, 47.998623781510219 ], [ 13.278870204889319, 47.998627287916896 ], [ 13.278724754989618, 47.998773408919838 ], [ 13.278485203613084, 47.999052629962527 ], [ 13.278497740339567, 47.999113000670839 ], [ 13.278516546281672, 47.99920279204796 ], [ 13.278678966365652, 47.999238043601643 ], [ 13.278696521709385, 47.999241830250902 ], [ 13.278879847669693, 47.99928158943753 ], [ 13.279305312414817, 47.999392081281457 ], [ 13.279462497545962, 47.99943560585367 ], [ 13.279322616385405, 47.999640475619366 ], [ 13.279272635272305, 47.999754884692095 ], [ 13.279105215424565, 47.999886511982261 ], [ 13.278984567755982, 48.000025627712688 ], [ 13.27896605148697, 48.000043431644613 ], [ 13.278885008894335, 48.000121571191691 ], [ 13.278632755827067, 48.000364531632023 ], [ 13.2786279255893, 48.000369027487594 ], [ 13.278328327423981, 48.000636074955906 ], [ 13.278229310576583, 48.000724191378694 ], [ 13.277798713235036, 48.00114950930724 ], [ 13.277776975270758, 48.001170910004653 ], [ 13.277725313189356, 48.001222523798617 ], [ 13.277582939046201, 48.001365675956272 ], [ 13.277402580026818, 48.001554870463934 ], [ 13.277363260483028, 48.00159614433489 ], [ 13.277666131058105, 48.001792677205849 ], [ 13.277777173562091, 48.001870547622993 ], [ 13.27795904144986, 48.002029957498884 ], [ 13.277991424055648, 48.002083950296814 ], [ 13.278050975142309, 48.002179068771646 ], [ 13.2782197818445, 48.002268301381001 ], [ 13.278355765470168, 48.002340155535862 ], [ 13.278588501954031, 48.002441292754305 ], [ 13.278733384016421, 48.002593756913342 ], [ 13.278754341452775, 48.00267869118926 ], [ 13.278758613265559, 48.002695786036135 ], [ 13.278765628342018, 48.002781973255232 ], [ 13.278938583788596, 48.002880832710183 ], [ 13.278959483144407, 48.002892807447978 ], [ 13.279019627534192, 48.002935297700716 ], [ 13.279062894006698, 48.00296590503951 ], [ 13.279144059072197, 48.003032964726351 ], [ 13.279227635211287, 48.003102004644745 ], [ 13.27934882869328, 48.003220721130404 ], [ 13.279380826847596, 48.003259599666741 ], [ 13.279405586219811, 48.003298564809548 ], [ 13.279501702241287, 48.003427795123386 ], [ 13.279524057985878, 48.003457852858261 ], [ 13.279618317834917, 48.003567560386358 ], [ 13.279669866324591, 48.003627588986852 ], [ 13.279696406325149, 48.003629760289506 ], [ 13.279795328206548, 48.003637812381136 ], [ 13.279716921360187, 48.003887421819798 ], [ 13.279672841416337, 48.00399589610781 ], [ 13.279579536676842, 48.004130976546641 ], [ 13.279500892847603, 48.004217663948303 ], [ 13.279328573302699, 48.004407674652327 ], [ 13.279225234668637, 48.004521609001067 ], [ 13.279049011687178, 48.004725021842575 ], [ 13.278913051888541, 48.00488203265332 ], [ 13.278703957476619, 48.00510989934709 ], [ 13.278619406647621, 48.005201981093776 ], [ 13.278600483155421, 48.005222753502423 ], [ 13.278479962708058, 48.005355301284723 ], [ 13.278213555887039, 48.005646473529772 ], [ 13.278187787525097, 48.005674529576801 ], [ 13.278132809865278, 48.005688177833392 ], [ 13.278221615256697, 48.005759020137049 ], [ 13.278282828584896, 48.005807448746204 ], [ 13.278580924406306, 48.005852930049109 ], [ 13.278847395431448, 48.005886610758445 ], [ 13.279226950699179, 48.005849003289768 ], [ 13.279283787363292, 48.005852538168291 ], [ 13.279398265058306, 48.005859608213548 ], [ 13.279422926334892, 48.005864747462788 ], [ 13.279499188799679, 48.005880526079622 ], [ 13.279528005044511, 48.005886476884285 ], [ 13.279555412847234, 48.005958729219124 ], [ 13.279574531887095, 48.006008757048264 ], [ 13.279541656738054, 48.006169954256812 ], [ 13.279505232258201, 48.006393223761386 ], [ 13.279542742727802, 48.006549505484827 ], [ 13.279643886333675, 48.006750167875872 ], [ 13.279692496860831, 48.006802188411228 ], [ 13.279747267263094, 48.006861048884794 ], [ 13.279870224250544, 48.006969149941277 ], [ 13.279986886481199, 48.007071760288966 ], [ 13.280166641484952, 48.007224058433366 ], [ 13.280563118859169, 48.00756528520791 ], [ 13.280852904903199, 48.007754966291841 ], [ 13.281144748584806, 48.007899756419718 ], [ 13.281410224034831, 48.008003511311585 ], [ 13.281657473539173, 48.008101589902594 ], [ 13.281745912666221, 48.008144900849771 ], [ 13.281982421168768, 48.008260606582368 ], [ 13.282065364755894, 48.008303375091536 ], [ 13.282314196071642, 48.008431950145464 ], [ 13.282488922606305, 48.008527926087716 ], [ 13.282531551437751, 48.0085316331012 ], [ 13.282901135311894, 48.008564089813135 ], [ 13.283247363906108, 48.008626492730997 ], [ 13.283854427752667, 48.008890070924778 ], [ 13.283912859486694, 48.008912046447065 ], [ 13.284287306017246, 48.009053085123803 ], [ 13.284488729802652, 48.009135664877455 ], [ 13.284493467905202, 48.009230666902589 ], [ 13.284496360523462, 48.009291842381124 ], [ 13.284634497065007, 48.009529040324885 ], [ 13.284673450107517, 48.009594279125814 ], [ 13.284703033117513, 48.00964377063378 ], [ 13.28474104819384, 48.009708649170172 ], [ 13.284794189135484, 48.009799353117444 ], [ 13.284904475271507, 48.010146202958722 ], [ 13.284944713489914, 48.010272616436488 ], [ 13.285213515989245, 48.010278305179703 ], [ 13.285543799721477, 48.010346002383493 ], [ 13.286122321624436, 48.010329594715721 ], [ 13.286174341682012, 48.010328086378159 ], [ 13.28690559161892, 48.010284387885065 ], [ 13.286921140249195, 48.01028817247412 ], [ 13.287192974059129, 48.010353772602897 ], [ 13.287241233244199, 48.010360178967403 ], [ 13.287592363104842, 48.010356268698757 ], [ 13.287871388293086, 48.010324081219629 ], [ 13.287914562785849, 48.010319060134691 ], [ 13.28812686544782, 48.010235567666399 ], [ 13.288209104023332, 48.010171996235194 ], [ 13.28824063106774, 48.010147538708836 ], [ 13.288331589644455, 48.010077133432254 ], [ 13.288404818053088, 48.009888331093919 ], [ 13.288435782374183, 48.009737476487928 ], [ 13.288459342295571, 48.009622423956856 ], [ 13.288496299731795, 48.009517992092761 ], [ 13.288543739707114, 48.009383606835655 ], [ 13.288674710689396, 48.009081743971294 ], [ 13.288909525357651, 48.009162619509063 ], [ 13.289042896801949, 48.009191188146033 ], [ 13.289081634872483, 48.009199479342179 ], [ 13.289290769580667, 48.009209184308816 ], [ 13.289515455414749, 48.00921961442733 ], [ 13.289542398922636, 48.009224122635317 ], [ 13.289644408835636, 48.009241343590176 ], [ 13.289982842292055, 48.009342407161824 ], [ 13.290048250635333, 48.009361863231071 ], [ 13.290200261608931, 48.009386569062372 ], [ 13.290236454736663, 48.00939242995414 ], [ 13.29043364547092, 48.009418141713674 ], [ 13.290478018971461, 48.009421216705491 ], [ 13.290816518291567, 48.009444190712664 ], [ 13.290955547431668, 48.009441542335402 ], [ 13.291072857424652, 48.009439335751871 ], [ 13.291236802300935, 48.00929482572834 ], [ 13.291329013697416, 48.009159555815557 ], [ 13.291486388666051, 48.008845284460399 ], [ 13.291691910691791, 48.00867532934641 ], [ 13.291834404375956, 48.008526762501475 ], [ 13.292025194226628, 48.0083348507765 ], [ 13.292198531759173, 48.008171990373306 ], [ 13.292403800055569, 48.007977114343653 ], [ 13.292420284878769, 48.007983417466328 ], [ 13.292469739372271, 48.008002326820225 ], [ 13.292557657677946, 48.008037082917696 ], [ 13.292584866039554, 48.008045368923945 ], [ 13.292539671119997, 48.008238681906015 ], [ 13.29252729650036, 48.008291305465647 ], [ 13.292467608203363, 48.008502695743005 ], [ 13.292434085854838, 48.008683418030031 ], [ 13.292403809577062, 48.008827166982584 ], [ 13.292296218897068, 48.009089728826503 ], [ 13.292186606296132, 48.009364884537909 ], [ 13.292092162195182, 48.009614406261477 ], [ 13.292091221682822, 48.00961701483191 ], [ 13.292088912380036, 48.009655517814707 ], [ 13.292076414299654, 48.009864675380342 ], [ 13.292112658101537, 48.010148968502286 ], [ 13.292115322845687, 48.010170200503893 ], [ 13.29217067719261, 48.010362019254259 ], [ 13.292206113571302, 48.010651259932217 ], [ 13.292198943875388, 48.010904770635193 ], [ 13.292198391638301, 48.010925191838915 ], [ 13.292245660817839, 48.010999067345985 ], [ 13.292263351878658, 48.011007080188271 ], [ 13.292317229307022, 48.011031388867096 ], [ 13.292349394973435, 48.01104588404381 ], [ 13.292366147921561, 48.011053446730926 ], [ 13.292690661291395, 48.011146400855999 ], [ 13.292864382103394, 48.011192071885091 ], [ 13.293070675210584, 48.011247289852925 ], [ 13.293083678736343, 48.011249093570719 ], [ 13.293116388730123, 48.011253512965958 ], [ 13.293236370088996, 48.011269747338623 ], [ 13.293357161276838, 48.011278964820349 ], [ 13.293439610310632, 48.01128529031773 ], [ 13.293648346830357, 48.011301824387935 ], [ 13.293843811365319, 48.011317094132771 ], [ 13.293912715878974, 48.011328002786705 ], [ 13.294035376735849, 48.011347385907158 ], [ 13.294176957140646, 48.011346083950585 ], [ 13.294212352257444, 48.01134573594387 ], [ 13.294222944298744, 48.011345199712842 ], [ 13.294266250961506, 48.011343055092482 ], [ 13.294331280316065, 48.011336689481496 ], [ 13.294363727984974, 48.011333461658936 ], [ 13.29438142666945, 48.011331758273194 ], [ 13.294677611699461, 48.011302708789422 ], [ 13.294842271618228, 48.011274874824856 ], [ 13.295007601847812, 48.011246860921325 ], [ 13.295189011114777, 48.011231716603504 ], [ 13.295353533093246, 48.011208559895458 ], [ 13.295363185625162, 48.01120937268665 ], [ 13.295392411364823, 48.011211811142296 ], [ 13.295509579845271, 48.011225253422793 ], [ 13.295720590660514, 48.011249251346719 ], [ 13.29593268630701, 48.011256246396933 ], [ 13.296090484577824, 48.011261244628706 ], [ 13.296129364395345, 48.011262426500359 ], [ 13.296169724707232, 48.011255512240666 ], [ 13.296247495354136, 48.011242222516998 ], [ 13.296446480843237, 48.011208099794807 ], [ 13.296485768376996, 48.011201365011026 ], [ 13.296538735916837, 48.011187797395301 ], [ 13.296704184963426, 48.01118002257796 ], [ 13.296976626181527, 48.011167062996805 ], [ 13.29720991412051, 48.011160567972624 ], [ 13.297245847653345, 48.011156890607317 ], [ 13.29736410636446, 48.01114496203661 ], [ 13.297550092173122, 48.011101567327216 ], [ 13.297575703717779, 48.01109563765241 ], [ 13.297595016797716, 48.011085477831244 ], [ 13.297782916190508, 48.010987206450487 ], [ 13.298159924101324, 48.010783736046342 ], [ 13.298544941310736, 48.010628666396926 ], [ 13.298771182444254, 48.010528335651152 ], [ 13.299247617164962, 48.010394611611218 ], [ 13.299505640133846, 48.010278815180669 ], [ 13.2996742393922, 48.010161373201001 ], [ 13.299687250390827, 48.010151391141832 ], [ 13.299727758852523, 48.010120275870918 ], [ 13.299807271590687, 48.009893144272432 ], [ 13.299823254552859, 48.009847628005019 ], [ 13.29981152102077, 48.009746237323519 ], [ 13.300134962410278, 48.009633336950984 ], [ 13.300293604054731, 48.009568878926039 ], [ 13.300343623693365, 48.009548561571769 ], [ 13.30045250671459, 48.009515216212833 ], [ 13.300662629099474, 48.009450862072477 ], [ 13.300941308452146, 48.009305740504352 ], [ 13.301157072717729, 48.009220785689038 ], [ 13.301354058687402, 48.009149679520945 ], [ 13.301450536768913, 48.009009274870628 ], [ 13.301417057073731, 48.008948631267913 ], [ 13.301394826515571, 48.008908502091508 ], [ 13.301313235354044, 48.00881860763878 ], [ 13.301273042760602, 48.008774335270964 ], [ 13.30122120406419, 48.008701361768431 ], [ 13.301188386336593, 48.008655202183668 ], [ 13.301172445048548, 48.008634866361895 ], [ 13.301126898814998, 48.008576378449092 ], [ 13.301059845851233, 48.008391127896189 ], [ 13.301001166891671, 48.008105301883006 ], [ 13.30096436765573, 48.007775580306387 ], [ 13.300669447853496, 48.007747880105278 ], [ 13.300643173175859, 48.007745443801284 ], [ 13.300489949099221, 48.007731007016126 ], [ 13.300026523812825, 48.007687424490349 ], [ 13.300102101186727, 48.007315002429358 ], [ 13.300174450260291, 48.006958142824296 ], [ 13.300246663663948, 48.006602272678855 ], [ 13.300271137789377, 48.006482000083956 ], [ 13.300319010421559, 48.006245952673567 ], [ 13.300391490977715, 48.005888463110217 ], [ 13.300424839909255, 48.005723751595824 ], [ 13.300433311180084, 48.005682551261401 ], [ 13.300438824779272, 48.005654844434225 ], [ 13.30045133028198, 48.005593493684032 ], [ 13.300455230084156, 48.005573972968037 ], [ 13.300465584091256, 48.005523147195582 ], [ 13.300480510383128, 48.00544920240177 ], [ 13.300511303804212, 48.005297174802266 ], [ 13.300581764591607, 48.004949850181333 ], [ 13.300940566845194, 48.00505241691873 ], [ 13.301078883035675, 48.00509959528884 ], [ 13.30125472724542, 48.005159558409893 ], [ 13.301342104340325, 48.005204293533254 ], [ 13.301348268119206, 48.005208883290685 ], [ 13.301404143583511, 48.00525145067369 ], [ 13.301415558007092, 48.005218887440584 ], [ 13.30150001243174, 48.004997603212303 ], [ 13.301514679845068, 48.004683189026132 ], [ 13.301529682379361, 48.004479788364961 ], [ 13.30153670983791, 48.004385689713864 ], [ 13.301539953663422, 48.00434160906962 ], [ 13.301542112274936, 48.004318759232071 ], [ 13.301545079753422, 48.004288352780769 ], [ 13.301074584310621, 48.004236675868711 ], [ 13.300923103780889, 48.004237443745531 ], [ 13.300630062751292, 48.004238801748365 ], [ 13.30061102698355, 48.004239156284633 ], [ 13.300327233127225, 48.00424447444346 ], [ 13.300281118281687, 48.0042453610696 ], [ 13.300276024205713, 48.004245449595082 ], [ 13.30011369184562, 48.004235867687129 ], [ 13.300027096707272, 48.004230805217951 ], [ 13.299893856979418, 48.004216463265202 ], [ 13.299757936435846, 48.004201850503947 ], [ 13.299312276860919, 48.004098175332309 ], [ 13.299140836662954, 48.004077614013468 ], [ 13.299030653870668, 48.004064447304089 ], [ 13.298994730972483, 48.004059488852306 ], [ 13.298914574578346, 48.004048579888199 ], [ 13.298338602548707, 48.003969782157633 ], [ 13.298296379855401, 48.003964011945598 ], [ 13.298199742261158, 48.003942661926537 ], [ 13.298050161846255, 48.00390969074904 ], [ 13.298042924287115, 48.003907799359609 ], [ 13.297898173637677, 48.003869341739829 ], [ 13.297691234102855, 48.003814491883951 ], [ 13.297685336907838, 48.003812870767064 ], [ 13.297389683309422, 48.003717150436863 ], [ 13.297197084740199, 48.003667701835639 ], [ 13.29695608586319, 48.003629932983856 ], [ 13.296720443770775, 48.003600261914237 ], [ 13.296685459397136, 48.00359584281253 ], [ 13.296644045004554, 48.003585034360299 ], [ 13.296555721105264, 48.003562066249906 ], [ 13.29638682713815, 48.003546629501109 ], [ 13.296252944711371, 48.003497017921752 ], [ 13.296194379603998, 48.003475318432145 ], [ 13.29587458294867, 48.003405675631441 ], [ 13.295753038027287, 48.003350489755803 ], [ 13.295594775388698, 48.003278648884567 ], [ 13.295473518678881, 48.003196294182111 ], [ 13.295484923239993, 48.003181993860991 ], [ 13.295740995778369, 48.002943316371812 ], [ 13.295793163064413, 48.002912565999218 ], [ 13.295873879793048, 48.002886142937534 ], [ 13.29588715377643, 48.002881828993551 ], [ 13.295885687603759, 48.002870043457804 ], [ 13.295890667443174, 48.002841886838638 ], [ 13.296253562498343, 48.002618805806712 ], [ 13.296388876224361, 48.002535633426533 ], [ 13.296528063045278, 48.002472343783865 ], [ 13.296963479169893, 48.002240017161078 ], [ 13.29702221381287, 48.00220863853189 ], [ 13.297113547098359, 48.002140745244979 ], [ 13.297197259164689, 48.002044061576008 ], [ 13.297368775666177, 48.001941827183785 ], [ 13.297397741576685, 48.001924653266457 ], [ 13.297415047512047, 48.001904327082173 ], [ 13.29742484073271, 48.001892904865613 ], [ 13.297429822097916, 48.001861149677225 ], [ 13.297387654443785, 48.001777291808594 ], [ 13.29735728290207, 48.001693617472661 ], [ 13.297320623013743, 48.001592758378195 ], [ 13.297198242205392, 48.001196436370115 ], [ 13.297189020028169, 48.001157119958954 ], [ 13.297171644435283, 48.001083795244156 ], [ 13.297154673371393, 48.001007052079046 ], [ 13.297148391539277, 48.000980421268622 ], [ 13.297147456559951, 48.000975563010265 ], [ 13.297114590933466, 48.000816319402567 ], [ 13.297086523877319, 48.000696660720955 ], [ 13.297049934735577, 48.000494773745586 ], [ 13.297029849826693, 48.000268691975286 ], [ 13.297028307968572, 47.999977213255647 ], [ 13.297029522338653, 47.999965608479485 ], [ 13.297043019802604, 47.999830129250121 ], [ 13.297078143458711, 47.999628354399825 ], [ 13.297117373663385, 47.999497111348845 ], [ 13.297199543146114, 47.999298049859263 ], [ 13.297343422921378, 47.999021999429004 ], [ 13.29738890911274, 47.998953462014917 ], [ 13.297492761861127, 47.998797319031468 ], [ 13.297507386917733, 47.998775552592896 ], [ 13.297525500703088, 47.998748299509408 ], [ 13.297738173193125, 47.998421440766464 ], [ 13.297815332931444, 47.998291108578648 ], [ 13.297853065104382, 47.998190721897302 ], [ 13.297861038849181, 47.998093294950088 ], [ 13.297840729650073, 47.99799747875344 ], [ 13.297783859211771, 47.997856040474467 ], [ 13.29777011815553, 47.997760046327201 ], [ 13.297790322145707, 47.997613863414735 ], [ 13.297872086102862, 47.997411652517179 ], [ 13.297928870353195, 47.9972817638509 ], [ 13.298097450416272, 47.996934829313027 ], [ 13.298191725151494, 47.996660741856942 ], [ 13.298200991448606, 47.996633755881277 ], [ 13.298203005726901, 47.996628088846762 ], [ 13.298215893072918, 47.996597865305191 ], [ 13.298326642101964, 47.996339616054726 ], [ 13.29836765608716, 47.996339718271585 ], [ 13.298392586133307, 47.996339815675661 ], [ 13.298438985293915, 47.99630384449928 ], [ 13.298347307712516, 47.996100501817082 ], [ 13.298368236534074, 47.996070640505963 ], [ 13.29842439903474, 47.996066069173196 ], [ 13.298622016332336, 47.996187847229038 ], [ 13.298710588984314, 47.996222598987011 ], [ 13.29877410413739, 47.996247447406553 ], [ 13.298800635818676, 47.996257800924113 ], [ 13.298866035448945, 47.996270504906818 ], [ 13.299051647229792, 47.996306634358859 ], [ 13.299183399202837, 47.996310091423609 ], [ 13.29922253606828, 47.996311182378108 ], [ 13.29959385016287, 47.996243458168941 ], [ 13.299816384751416, 47.996179738612462 ], [ 13.300161648525611, 47.996185774402406 ], [ 13.300442704727727, 47.996201597074545 ], [ 13.300537600948234, 47.996199644495682 ], [ 13.300639332984392, 47.996197423858689 ], [ 13.30085806997949, 47.996203961978608 ], [ 13.301255067025622, 47.996215856395452 ], [ 13.301528353192586, 47.996226096628 ], [ 13.301815578531368, 47.996236879738532 ], [ 13.301888491336181, 47.996238428679298 ], [ 13.30193030896282, 47.996239339512293 ], [ 13.302122107127319, 47.996243528999628 ], [ 13.302663187471987, 47.996259505163088 ], [ 13.30265720013835, 47.996183485258179 ], [ 13.302655736907168, 47.996164322855975 ], [ 13.303514899126471, 47.996138545224071 ], [ 13.303760711822575, 47.996143195524454 ], [ 13.303882545903354, 47.996145565191092 ], [ 13.304128760712677, 47.99615030477343 ], [ 13.304136695198657, 47.996102176792128 ], [ 13.304166146913538, 47.995923338592007 ], [ 13.304167894983548, 47.995913083296912 ], [ 13.304183898472706, 47.995815657840694 ], [ 13.304185243399777, 47.995807291658238 ], [ 13.304244487921206, 47.995558919766225 ], [ 13.30433577121017, 47.995299400386813 ], [ 13.304343825596163, 47.995276461924206 ], [ 13.304566809644685, 47.995353794620542 ], [ 13.30463301109141, 47.995371353523446 ], [ 13.30465498894544, 47.995377116498304 ], [ 13.304917785068888, 47.99544681141812 ], [ 13.305297994613355, 47.995513115254226 ], [ 13.305631171825855, 47.99555736593156 ], [ 13.305683574210176, 47.995564395358585 ], [ 13.305697814995263, 47.995243592242822 ], [ 13.30570283329509, 47.995130240597568 ], [ 13.305726751300876, 47.994500058411404 ], [ 13.305741972546869, 47.994097119564977 ], [ 13.305740787083986, 47.994057265858018 ], [ 13.305733686544187, 47.993794753331784 ], [ 13.30573101000704, 47.993787105881729 ], [ 13.305708526327592, 47.99372439666206 ], [ 13.305798118026734, 47.993604767436032 ], [ 13.305822373657238, 47.993610620689232 ], [ 13.305897150876085, 47.993628360813091 ], [ 13.306114132597051, 47.99364037631851 ], [ 13.306156081547416, 47.993642635095782 ], [ 13.306574088644085, 47.993681684851261 ], [ 13.306850839424282, 47.993707566812219 ], [ 13.307555010243547, 47.9937121315158 ], [ 13.307640652647125, 47.99371269003742 ], [ 13.308295922356043, 47.993678555618864 ], [ 13.308878701408391, 47.993604908865038 ], [ 13.309041954319035, 47.993584251278378 ], [ 13.309074926588584, 47.993580029837091 ], [ 13.309648597013092, 47.99349000413293 ], [ 13.309794693002662, 47.993471591096501 ], [ 13.309980462629651, 47.993448147843814 ], [ 13.30999641268142, 47.99344581197785 ], [ 13.310035684571874, 47.993440242071848 ], [ 13.310400123028604, 47.993386066140658 ], [ 13.310434167614124, 47.993381034857265 ], [ 13.310547292092169, 47.993364323746192 ], [ 13.310613504770579, 47.993354440646151 ], [ 13.310633609814488, 47.993351475755219 ], [ 13.310854765260901, 47.993318591836555 ], [ 13.311597851526381, 47.993193413276131 ], [ 13.311645969716531, 47.993185325500541 ], [ 13.311734430608853, 47.993174096409319 ], [ 13.312071921934175, 47.993131335524843 ], [ 13.312341850904929, 47.993122657488144 ], [ 13.312357531992372, 47.993122120501155 ], [ 13.312529621718475, 47.993116573283743 ], [ 13.312671688792866, 47.993113899362484 ], [ 13.312820189099956, 47.993111046459731 ], [ 13.313008226902506, 47.993107480478734 ], [ 13.313203904145077, 47.993103735569555 ], [ 13.313344228831266, 47.993101060525859 ], [ 13.313393285106528, 47.993092252481588 ], [ 13.313524101781889, 47.993068704286678 ], [ 13.313587764988085, 47.993064396739484 ], [ 13.313603714294095, 47.993063319852787 ], [ 13.313648606684811, 47.993078980837197 ], [ 13.313669511808191, 47.993086271290636 ], [ 13.31382457637895, 47.993091065014369 ], [ 13.313835030190146, 47.993091336627678 ], [ 13.313883681572351, 47.99308999520612 ], [ 13.314357328973632, 47.993076397876251 ], [ 13.314442167598981, 47.993073172807271 ], [ 13.314446456444911, 47.993072993567147 ], [ 13.315544259408023, 47.993046894626268 ], [ 13.316103277399076, 47.993039780256147 ], [ 13.316497846721997, 47.993034709090729 ], [ 13.316617530939634, 47.993033196660278 ], [ 13.316895631943449, 47.993031616203695 ], [ 13.317143577292246, 47.993030570744594 ], [ 13.317190753939121, 47.993030307283362 ], [ 13.31759215377271, 47.993040706887392 ], [ 13.317979476226686, 47.993068466066816 ], [ 13.318190156273806, 47.993090983750967 ], [ 13.318213877897342, 47.993093505723664 ], [ 13.318384620034646, 47.993111699761783 ], [ 13.318482857082474, 47.993122327657964 ], [ 13.318553395287665, 47.992972638646371 ], [ 13.318589871221489, 47.992895005430057 ], [ 13.318595237721844, 47.992874854467381 ], [ 13.318617374467298, 47.99279182170504 ], [ 13.31864836583688, 47.99267541389414 ], [ 13.318690272504108, 47.992340937984892 ], [ 13.318672360693993, 47.99216829746981 ], [ 13.318667013715125, 47.99211746791643 ], [ 13.318612373979068, 47.991967313508901 ], [ 13.31854929898808, 47.991788999709215 ], [ 13.318475093702503, 47.991635963982326 ], [ 13.318363240468221, 47.991442350304922 ], [ 13.318336591489787, 47.991367138157763 ], [ 13.318330571621223, 47.991327733749742 ], [ 13.318337553928908, 47.991280324303816 ], [ 13.318355255437044, 47.99124137269861 ], [ 13.318381800106044, 47.991209979066902 ], [ 13.318390246129248, 47.991199994271966 ], [ 13.318865663388383, 47.991016079368052 ], [ 13.318993883410256, 47.99115193852311 ], [ 13.319614761729454, 47.991810088528439 ], [ 13.319927879902361, 47.992168445371092 ], [ 13.319944895848941, 47.99218796917571 ], [ 13.320213945918573, 47.992460405930615 ], [ 13.320323823090943, 47.992549660887619 ], [ 13.320446038584445, 47.992606350597406 ], [ 13.320810947906589, 47.992761125117745 ], [ 13.321080822015167, 47.99297895258303 ], [ 13.321105079028463, 47.992984982560344 ], [ 13.321257590087276, 47.993022962272924 ], [ 13.321331575172351, 47.993006506554309 ], [ 13.321382238838705, 47.992995266294848 ], [ 13.321451398755997, 47.992979799606601 ], [ 13.321500319977398, 47.992968918972942 ], [ 13.321536508255061, 47.99296091586919 ], [ 13.321565592909028, 47.992954441421084 ], [ 13.321961121902405, 47.992841576506621 ], [ 13.322263229295443, 47.992755420560897 ], [ 13.322565866936511, 47.992693643744282 ], [ 13.322992748323546, 47.992606417450183 ], [ 13.323110832191682, 47.992556588235658 ], [ 13.32319916039604, 47.99251926120678 ], [ 13.32341616038433, 47.992427697295014 ], [ 13.323762098862616, 47.992281805830537 ], [ 13.323803799617394, 47.992168816050125 ], [ 13.323811442482532, 47.992148215207472 ], [ 13.323935738939786, 47.991812124483197 ], [ 13.32447923053202, 47.991592566621762 ], [ 13.324554823088574, 47.991561984815434 ], [ 13.325282061236221, 47.991271905594353 ], [ 13.325215471751585, 47.991147842648672 ], [ 13.325159333168887, 47.991043302263044 ], [ 13.325522139937078, 47.990925744850685 ], [ 13.325594513450326, 47.990902359167087 ], [ 13.326017224735065, 47.990783454541592 ], [ 13.326031297208097, 47.990779497023837 ], [ 13.326037998861485, 47.990774009699749 ], [ 13.32633447844079, 47.990532477174476 ], [ 13.326574388234015, 47.99038720086056 ], [ 13.326638049956696, 47.990359135981201 ], [ 13.326864685136311, 47.99025919953484 ], [ 13.327326796744408, 47.990070930919003 ], [ 13.327423501509719, 47.989326314176765 ], [ 13.327467359831763, 47.988987966428894 ], [ 13.327818833509214, 47.988079808558524 ], [ 13.328156679620283, 47.988048965775498 ], [ 13.328295382697293, 47.988036196707803 ], [ 13.328373780442153, 47.988024594628328 ], [ 13.328635374036637, 47.987985830693418 ], [ 13.329030443590401, 47.987932136928997 ], [ 13.329295924615643, 47.987863863843614 ], [ 13.329420289039307, 47.987831840942945 ], [ 13.329425113519337, 47.987830581610645 ], [ 13.329435834578508, 47.987827883052333 ], [ 13.329507127692317, 47.987838860644295 ], [ 13.32973360774103, 47.987815026999108 ], [ 13.329756523759123, 47.987812598636175 ], [ 13.329768718830191, 47.987811339491813 ], [ 13.32977568744197, 47.987810619980181 ], [ 13.330158022751428, 47.987770416431289 ], [ 13.330410768445214, 47.987743883205006 ], [ 13.330633227332033, 47.987720407562136 ], [ 13.330665658068501, 47.98771698961761 ], [ 13.330710552135175, 47.987705565217645 ], [ 13.331509117465759, 47.987857614901039 ], [ 13.331765747999594, 47.987885146388003 ], [ 13.331978422997937, 47.987920143859839 ], [ 13.33224148641742, 47.987963507791143 ], [ 13.332668714135957, 47.988033860449036 ], [ 13.33281572471313, 47.988049514216435 ], [ 13.332995567901822, 47.987788262392186 ], [ 13.333080262450787, 47.987672480231232 ], [ 13.333214942090377, 47.987488326183779 ], [ 13.333345600657537, 47.987325493162622 ], [ 13.33347585629002, 47.987153843634111 ], [ 13.333585474460515, 47.987042469137833 ], [ 13.333681557190086, 47.986924257449274 ], [ 13.333814223554652, 47.986793720501439 ], [ 13.333900791575564, 47.986720759982212 ], [ 13.334217714970334, 47.986483794882268 ], [ 13.334265553961949, 47.98641740179027 ], [ 13.334324649015514, 47.986335265050613 ], [ 13.334496575089187, 47.986165413067837 ], [ 13.334710042935603, 47.986023538628658 ], [ 13.334764716416156, 47.985992050790585 ], [ 13.334953795025537, 47.985883102670641 ], [ 13.335053359134136, 47.985825704609766 ], [ 13.3353180131641, 47.985661967118396 ], [ 13.335564172903769, 47.985499398951433 ], [ 13.335756193968212, 47.98534987619589 ], [ 13.335807783531857, 47.98530975150058 ], [ 13.335819707948389, 47.985273856030268 ], [ 13.335847576140996, 47.985189200296865 ], [ 13.335865663640364, 47.985134592393237 ], [ 13.335994170059736, 47.985075483479001 ], [ 13.336059294155437, 47.985045434148802 ], [ 13.336097618179695, 47.985027800389972 ], [ 13.33615269190109, 47.984998111132221 ], [ 13.336367492215865, 47.984882322773451 ], [ 13.336684672295265, 47.984799187258425 ], [ 13.336760918374779, 47.984775524532878 ], [ 13.336766814373673, 47.984773635117918 ], [ 13.336790130598009, 47.984769316126787 ], [ 13.337116691264189, 47.98470795012399 ], [ 13.337275348307253, 47.984678436467178 ], [ 13.337390050485171, 47.984628232834318 ], [ 13.337510112342049, 47.984575689840867 ], [ 13.33764491329597, 47.984512800393894 ], [ 13.337703469868565, 47.984485449286012 ], [ 13.337831168246943, 47.984422649875462 ], [ 13.337869491095617, 47.984403756046298 ], [ 13.337961143867625, 47.984354812303259 ], [ 13.337986871581235, 47.984347794079682 ], [ 13.338108140170704, 47.984315042239928 ], [ 13.338129311886888, 47.984309103742504 ], [ 13.338572844722586, 47.984183674749062 ], [ 13.338691829772607, 47.984107740226875 ], [ 13.338707105853951, 47.984107019763236 ], [ 13.338716887907045, 47.984106569460721 ], [ 13.33875320196786, 47.984103688829315 ], [ 13.339090882994773, 47.984082440126926 ], [ 13.339280488467585, 47.984029531717255 ], [ 13.339290136215103, 47.984026742338806 ], [ 13.339326315261863, 47.984016304653117 ], [ 13.339601815957332, 47.98397148760106 ], [ 13.339771993085677, 47.983939270964264 ], [ 13.339899025809666, 47.983937734023037 ], [ 13.339909745863627, 47.983937553451916 ], [ 13.340237912840058, 47.983927457371891 ], [ 13.34025734301548, 47.98392772603313 ], [ 13.340446016649931, 47.983929783091398 ], [ 13.340571173844301, 47.98393184404938 ], [ 13.340651842608395, 47.983933098180295 ], [ 13.340696331128861, 47.9839344446493 ], [ 13.340726615481632, 47.98393534224369 ], [ 13.341017265073964, 47.983944948344067 ], [ 13.341081852471179, 47.983938016674735 ], [ 13.341104498185304, 47.983935136266581 ], [ 13.341260338081485, 47.983914883515212 ], [ 13.341347034875708, 47.983903721850176 ], [ 13.341397016141624, 47.983897150916896 ], [ 13.341685791804835, 47.983919710130557 ], [ 13.341991454871517, 47.983959720102504 ], [ 13.342138457382832, 47.983978870601803 ], [ 13.34215172333087, 47.983977969917532 ], [ 13.342692298467789, 47.984057002985004 ], [ 13.342706905837423, 47.98406356904291 ], [ 13.342713338439257, 47.98406644731179 ], [ 13.34294022614587, 47.984188957360857 ], [ 13.343107722645334, 47.984160604456846 ], [ 13.343220676017559, 47.984110215264778 ], [ 13.343275875828899, 47.984065948611097 ], [ 13.343348342236196, 47.983924160615778 ], [ 13.343372319027987, 47.983877287794407 ], [ 13.343383572898807, 47.983866311307331 ], [ 13.343411573572483, 47.983838960059693 ], [ 13.343425223738747, 47.983749895566461 ], [ 13.34342146514326, 47.983717149415938 ], [ 13.343432975312618, 47.983648236799645 ], [ 13.343437793507698, 47.983619358274716 ], [ 13.34348428106647, 47.983567445458931 ], [ 13.343534117762385, 47.983511753875426 ], [ 13.343536529230107, 47.983509144730668 ], [ 13.343540012422235, 47.983505186044269 ], [ 13.343554879173974, 47.983469649337856 ], [ 13.343603383081293, 47.983450032966466 ], [ 13.343757067830408, 47.983387674412768 ], [ 13.343799676094067, 47.983370397544988 ], [ 13.343802087691882, 47.983368508097755 ], [ 13.343814145622039, 47.983358790972083 ], [ 13.34384978350084, 47.983330179415319 ], [ 13.343898685063408, 47.98329104093245 ], [ 13.34396393892553, 47.983273042153321 ], [ 13.343981223821483, 47.983268272471399 ], [ 13.343999975875626, 47.983231295927808 ], [ 13.344084924556229, 47.983199530871651 ], [ 13.344120297497001, 47.983186392875034 ], [ 13.34413704496311, 47.983175145892559 ], [ 13.344327697549337, 47.98304684018148 ], [ 13.344342168640308, 47.983043330202896 ], [ 13.3444880853306, 47.983007780382323 ], [ 13.344584553364632, 47.982958740928126 ], [ 13.344613761726249, 47.982943984067518 ], [ 13.344628901833984, 47.982936335691555 ], [ 13.344713852596279, 47.98291761479264 ], [ 13.344800550861045, 47.982923453526979 ], [ 13.34492570728094, 47.982931897143267 ], [ 13.344981049488558, 47.982935669839385 ], [ 13.344990964351558, 47.98293126062449 ], [ 13.345037591011996, 47.982910654252045 ], [ 13.345165813985371, 47.982853334399167 ], [ 13.345180547324969, 47.982825804189851 ], [ 13.345217112821828, 47.982757878314864 ], [ 13.345263601923826, 47.982723237649793 ], [ 13.345273515999212, 47.982715769671273 ], [ 13.345309823736715, 47.982691835659246 ], [ 13.345400793866649, 47.982631730668132 ], [ 13.345368222754995, 47.982591070931363 ], [ 13.345412155588296, 47.982514327831574 ], [ 13.345425683674573, 47.982490756086584 ], [ 13.345455956497357, 47.982446760945834 ], [ 13.345517439577648, 47.982357151204077 ], [ 13.345486745973551, 47.982322608772165 ], [ 13.345519833185806, 47.982281132269129 ], [ 13.345596446168178, 47.982144560183563 ], [ 13.345611447269663, 47.982117839550241 ], [ 13.345617477453018, 47.982119278296608 ], [ 13.345626857719447, 47.982121436378868 ], [ 13.34565044236332, 47.982126741603523 ], [ 13.345656068322473, 47.982119004173008 ], [ 13.345658345491763, 47.982115855220002 ], [ 13.345687145152137, 47.982076808136839 ], [ 13.345707371838362, 47.98204927724823 ], [ 13.345759478927416, 47.981978470654852 ], [ 13.345764033285212, 47.981972352670333 ], [ 13.345773945640893, 47.98195876716747 ], [ 13.345776355330589, 47.981949680643297 ], [ 13.345798041479817, 47.981863763627089 ], [ 13.345921174858253, 47.981829114144929 ], [ 13.345958808948557, 47.981754350710062 ], [ 13.346060770459328, 47.981718713866094 ], [ 13.346191270267497, 47.981673087779761 ], [ 13.346460318456089, 47.981618719032681 ], [ 13.346494618234518, 47.981607379687979 ], [ 13.346501183427526, 47.981605219807882 ], [ 13.346537090986919, 47.981593340484388 ], [ 13.346634764850087, 47.98156112222869 ], [ 13.346922162765214, 47.981482460235341 ], [ 13.346920554105761, 47.981479761541117 ], [ 13.346832210409231, 47.981325035898813 ], [ 13.346870523709585, 47.981291115257136 ], [ 13.346949025666053, 47.981221744337205 ], [ 13.346956792724217, 47.981204650433995 ], [ 13.346988396469154, 47.981134745379592 ], [ 13.347093295772845, 47.981069059631736 ], [ 13.347138455389288, 47.981082908395415 ], [ 13.347271790284758, 47.981123735142241 ], [ 13.347322676228021, 47.981008846121618 ], [ 13.347330962573972, 47.980931836790795 ], [ 13.347401313720981, 47.980948741057432 ], [ 13.347410559857435, 47.980950899012697 ], [ 13.347500470894728, 47.980956375474072 ], [ 13.347529681915654, 47.980958081090812 ], [ 13.347557405749965, 47.980912466366426 ], [ 13.347571468550319, 47.980889344105684 ], [ 13.347585799172819, 47.98086568203135 ], [ 13.347626112396176, 47.980799284248278 ], [ 13.347622359252425, 47.980794516687013 ], [ 13.347513785864376, 47.980654458061608 ], [ 13.347621100619961, 47.980607303894402 ], [ 13.347741946693061, 47.980554120377057 ], [ 13.347723314345677, 47.980527943531918 ], [ 13.347687658247898, 47.980477838701553 ], [ 13.347724099709387, 47.980462360418002 ], [ 13.347816543034034, 47.980423124708437 ], [ 13.347751671235025, 47.980353771569952 ], [ 13.347881632039034, 47.980314620961146 ], [ 13.347891385063411, 47.98021566041421 ], [ 13.347932251047991, 47.980210797124769 ], [ 13.347941630135526, 47.980209716353222 ], [ 13.348034081075795, 47.98019890877066 ], [ 13.348033801403783, 47.980158515424314 ], [ 13.34809180109303, 47.980094724082072 ], [ 13.348138013238826, 47.980043978892624 ], [ 13.348233424175106, 47.980075903183689 ], [ 13.348252059944699, 47.980113415287107 ], [ 13.348302715091437, 47.980135449505575 ], [ 13.348336485204177, 47.980150108984425 ], [ 13.348459250280502, 47.980247882353595 ], [ 13.348482429468854, 47.980243381092855 ], [ 13.348559599538492, 47.980213233099505 ], [ 13.348572597352033, 47.980215390455875 ], [ 13.348638792385945, 47.980226267015226 ], [ 13.348661835930752, 47.98021636795751 ], [ 13.348697874946453, 47.980200889420686 ], [ 13.348750527939133, 47.980182349861806 ], [ 13.348744218843443, 47.980144386341394 ], [ 13.348857408761969, 47.980037314863097 ], [ 13.348791474795565, 47.98000304801355 ], [ 13.348783832151312, 47.979986046054051 ], [ 13.348813171377801, 47.979970388471372 ], [ 13.348838358217298, 47.979959139638666 ], [ 13.348897440075461, 47.979932772347155 ], [ 13.34895371304254, 47.979922598753767 ], [ 13.349089834739774, 47.979881196854691 ], [ 13.349172901015514, 47.979855905627645 ], [ 13.349196480874101, 47.979847985573066 ], [ 13.349258645921498, 47.979827105405995 ], [ 13.349391277704648, 47.979767711042676 ], [ 13.349526553256785, 47.979595952352447 ], [ 13.349567534239108, 47.979533512142417 ], [ 13.349626862734052, 47.979443090775277 ], [ 13.349728682827402, 47.979406191210799 ], [ 13.349783478073602, 47.979386391384033 ], [ 13.349845641782062, 47.979363801601401 ], [ 13.349850598829203, 47.979362091579723 ], [ 13.349908599860083, 47.97931197368861 ], [ 13.349934988295164, 47.979289209172457 ], [ 13.349943830867483, 47.979287048760895 ], [ 13.350315352591995, 47.979197390399918 ], [ 13.350490486846644, 47.979229750654383 ], [ 13.350597952628487, 47.97924952616782 ], [ 13.35060902476817, 47.979105043867229 ], [ 13.350617961968922, 47.978986921051749 ], [ 13.350742555695087, 47.978941920435474 ], [ 13.350932695417548, 47.978972478453031 ], [ 13.351008533435122, 47.978974445821578 ], [ 13.351102862021985, 47.978976950017497 ], [ 13.351176024628113, 47.978991332593793 ], [ 13.351244899333137, 47.979004816171972 ], [ 13.351424522142487, 47.97884816198485 ], [ 13.351439658084916, 47.978834935000414 ], [ 13.351623186917976, 47.97873846514134 ], [ 13.351703705838949, 47.978717220835911 ], [ 13.351709466106426, 47.978713891269408 ], [ 13.351715092418001, 47.978710651687344 ], [ 13.351746840849563, 47.978692294072346 ], [ 13.351772695045147, 47.978677356003359 ], [ 13.3517863589058, 47.978669437031478 ], [ 13.351806988708947, 47.97865764851182 ], [ 13.351818107319765, 47.978651169359708 ], [ 13.351838874942032, 47.978649996450024 ], [ 13.351886975434907, 47.978647289692404 ], [ 13.351933196987575, 47.978636036734848 ], [ 13.352060607617743, 47.978605068465541 ], [ 13.352133088245573, 47.978587423709982 ], [ 13.352135369140422, 47.978595879857124 ], [ 13.352186979028714, 47.978663073671711 ], [ 13.352197971245253, 47.978677286002245 ], [ 13.35224421922578, 47.978737553528369 ], [ 13.352119514035452, 47.978838962603504 ], [ 13.352160805539178, 47.978902019835239 ], [ 13.352729052628357, 47.978911999903794 ], [ 13.352853528363143, 47.978914137660801 ], [ 13.353006566478525, 47.978975825858193 ], [ 13.353231264979746, 47.978976416412905 ], [ 13.35329584586637, 47.97897271658546 ], [ 13.353516251553296, 47.978960172740038 ], [ 13.353744282295596, 47.978917129637551 ], [ 13.353818908000372, 47.978902992000307 ], [ 13.353948192255446, 47.978867703091879 ], [ 13.353978198117815, 47.978849255218876 ], [ 13.353986771201892, 47.978843945840957 ], [ 13.353992263325587, 47.978840526246685 ], [ 13.354019724005983, 47.978823608197324 ], [ 13.354054692973842, 47.97881901370679 ], [ 13.354076933786045, 47.978816130829102 ], [ 13.354093547363192, 47.978813878717204 ], [ 13.354107481365348, 47.978812076908362 ], [ 13.354184909242816, 47.978770139944878 ], [ 13.354297181872688, 47.978747988370138 ], [ 13.354312452151163, 47.978737459875653 ], [ 13.354305474514661, 47.978712361477712 ], [ 13.354356253136611, 47.978705874751832 ], [ 13.354364816440752, 47.978676905069221 ], [ 13.354370703757647, 47.978657112111051 ], [ 13.354372576846059, 47.978650454499444 ], [ 13.354388509064515, 47.978620583819016 ], [ 13.354405110608607, 47.978589273603319 ], [ 13.354410601493143, 47.978582975171896 ], [ 13.354421583184138, 47.978570198382158 ], [ 13.354435115593205, 47.978569476164715 ], [ 13.354477320478535, 47.978566859388465 ], [ 13.354509473308799, 47.97855695746496 ], [ 13.354624821398087, 47.978521220578365 ], [ 13.354661268163163, 47.978526701487574 ], [ 13.354716479625305, 47.978547742461146 ], [ 13.354738725059837, 47.978556284761112 ], [ 13.354865879317574, 47.978557340292618 ], [ 13.354871907491169, 47.978554370369892 ], [ 13.35500626862485, 47.978488221989828 ], [ 13.355009885511889, 47.978486422039182 ], [ 13.355197188162743, 47.978460296879909 ], [ 13.355391731761925, 47.978447754431883 ], [ 13.355432462645323, 47.978445137593205 ], [ 13.355496234790273, 47.978432170500867 ], [ 13.355683656986562, 47.978373927723574 ], [ 13.355712868007213, 47.978378330167381 ], [ 13.355807870802435, 47.978392525591687 ], [ 13.355835606686805, 47.97839395951555 ], [ 13.355844182035105, 47.978394407633623 ], [ 13.355909050271167, 47.978436767368528 ], [ 13.355978220220402, 47.978510883163693 ], [ 13.355958968287871, 47.978606517706254 ], [ 13.355962724021293, 47.978615783151973 ], [ 13.355966882194577, 47.978626128073863 ], [ 13.355976277596337, 47.978663011048937 ], [ 13.356073951953373, 47.978657413853746 ], [ 13.356166397336233, 47.978644080804635 ], [ 13.35621049367, 47.978676548601008 ], [ 13.356316110738906, 47.978754525263561 ], [ 13.356351217079668, 47.978758026724236 ], [ 13.356419151903717, 47.978764850149858 ], [ 13.356440445124029, 47.978740825697102 ], [ 13.356534475340005, 47.978676482991212 ], [ 13.356595420743858, 47.97863481766165 ], [ 13.356606272331437, 47.9786317566994 ], [ 13.356619267470062, 47.97862815551926 ], [ 13.356627040614478, 47.978632292227999 ], [ 13.356633071515919, 47.978635529662618 ], [ 13.356654260125984, 47.978676458503855 ], [ 13.356667000146404, 47.978701105764031 ], [ 13.356750480653858, 47.978714852960209 ], [ 13.356824696824955, 47.978686589271206 ], [ 13.356873468805059, 47.978687748712993 ], [ 13.356924665095498, 47.978716166431539 ], [ 13.356954954069941, 47.978733073199805 ], [ 13.356951477349277, 47.978748187711155 ], [ 13.356946128069795, 47.97877040969049 ], [ 13.3570294723228, 47.978778848894464 ], [ 13.357073958326611, 47.97878333777615 ], [ 13.357110264624724, 47.978773884079459 ], [ 13.357250789218345, 47.978712679776983 ], [ 13.357294189213782, 47.97868703118526 ], [ 13.35731321043431, 47.978676321578881 ], [ 13.357360227649298, 47.978649862532734 ], [ 13.357364381637415, 47.978650671323308 ], [ 13.357428299450397, 47.978663072712926 ], [ 13.357472787378343, 47.978671789703782 ], [ 13.357478012634742, 47.978671248817598 ], [ 13.357505076869534, 47.978668634147041 ], [ 13.357544740757358, 47.978676272577822 ], [ 13.357574086686576, 47.978681934005287 ], [ 13.357597294457218, 47.978741034776668 ], [ 13.357608013977456, 47.978742112048295 ], [ 13.357680236677702, 47.97874920370861 ], [ 13.357707445010963, 47.978767820236094 ], [ 13.357762793742523, 47.97879263817304 ], [ 13.357804867569699, 47.97879613769787 ], [ 13.357830859392795, 47.9787923536622 ], [ 13.357868775347434, 47.978786947717815 ], [ 13.357963353084001, 47.978750222385386 ], [ 13.357967639868548, 47.9787485121606 ], [ 13.358116376222842, 47.978769351318235 ], [ 13.358129246165882, 47.978784102454888 ], [ 13.358181664404832, 47.978844096375084 ], [ 13.358193720048119, 47.978837346517203 ], [ 13.358206177564689, 47.978830416644186 ], [ 13.358219037826187, 47.978825106016458 ], [ 13.358248107425519, 47.978813224541732 ], [ 13.358258155201103, 47.97881052345268 ], [ 13.358383953465248, 47.978777119573593 ], [ 13.35840900328194, 47.978765059016055 ], [ 13.358452414543216, 47.978763520081166 ], [ 13.358703369022422, 47.978754468174401 ], [ 13.358710068360759, 47.978754376719543 ], [ 13.35872065325214, 47.978754104472607 ], [ 13.358820607372921, 47.978752732714042 ], [ 13.358861607325897, 47.978752183758331 ], [ 13.358913992599737, 47.978744345227113 ], [ 13.358948422755676, 47.978734981337738 ], [ 13.358960881942576, 47.978731649904297 ], [ 13.358980303677217, 47.978718690858003 ], [ 13.359008565656952, 47.978699882219736 ], [ 13.359048347971962, 47.978675943082557 ], [ 13.359160059639317, 47.978608535507092 ], [ 13.359232235934064, 47.978523504056234 ], [ 13.359301599906489, 47.978441711868321 ], [ 13.359354759113099, 47.978375396981008 ], [ 13.359366415225207, 47.978373954910808 ], [ 13.359435548101491, 47.978365572538102 ], [ 13.359459807918682, 47.978381760328851 ], [ 13.359571972697076, 47.978416820155239 ], [ 13.359590460667683, 47.97841249767243 ], [ 13.359599972579401, 47.978410246405147 ], [ 13.35969120663653, 47.978388904107014 ], [ 13.359810574944778, 47.978361977497947 ], [ 13.359862689668066, 47.978350180224972 ], [ 13.360028458207969, 47.978402320103577 ], [ 13.360076969367556, 47.978417602454513 ], [ 13.360149297833201, 47.978370804685404 ], [ 13.360281925303042, 47.978333888573083 ], [ 13.360372364774214, 47.978331078312983 ], [ 13.36042649444672, 47.978329356169596 ], [ 13.360476087520338, 47.978363530336487 ], [ 13.360472096409444, 47.978417509113839 ], [ 13.360517671892802, 47.978455282739603 ], [ 13.360785215035511, 47.978401510728759 ], [ 13.361196634539047, 47.978302091788009 ], [ 13.361211102739963, 47.97829777002768 ], [ 13.361259062183816, 47.978283544138328 ], [ 13.361558071067778, 47.978194407152991 ], [ 13.361611924724956, 47.978178380397956 ], [ 13.361724184637708, 47.978141197785945 ], [ 13.361797997480188, 47.978116799413243 ], [ 13.361785880038196, 47.978010646028551 ], [ 13.361782926930069, 47.978000840791424 ], [ 13.361753665371483, 47.977905487238885 ], [ 13.361938151766225, 47.97788456972215 ], [ 13.361992144483386, 47.977878438690404 ], [ 13.362056206779359, 47.977909369881274 ], [ 13.36216891906661, 47.977963769116073 ], [ 13.362273942649219, 47.97792613798039 ], [ 13.362296042869668, 47.977912997768883 ], [ 13.362336492901967, 47.977888877399302 ], [ 13.362351229118312, 47.977885005242996 ], [ 13.362419551718332, 47.977867355096706 ], [ 13.362481563410116, 47.977825776346641 ], [ 13.362541178686735, 47.977811367021161 ], [ 13.362607358386345, 47.977795516572982 ], [ 13.362618343636523, 47.977792814864024 ], [ 13.362642993529507, 47.977786870976828 ], [ 13.362778858194993, 47.977793313361424 ], [ 13.362863807124262, 47.977797339762148 ], [ 13.362666528371003, 47.97770517846957 ], [ 13.362582765483669, 47.977665976060862 ], [ 13.362523783116865, 47.977614802169917 ], [ 13.362513567229323, 47.977556508711956 ], [ 13.362511685223584, 47.977545533698297 ], [ 13.362533651085315, 47.977532123584837 ], [ 13.362569278651803, 47.977510433367101 ], [ 13.362699134225664, 47.977553582317434 ], [ 13.362786906626026, 47.977575420736599 ], [ 13.362803657124699, 47.977579644679004 ], [ 13.362900113662459, 47.977558028607582 ], [ 13.362913377670708, 47.977557215504838 ], [ 13.362918602914158, 47.977556944261991 ], [ 13.362999928753412, 47.977552065157553 ], [ 13.363144895156266, 47.977543570878069 ], [ 13.363159363506588, 47.977540148503678 ], [ 13.363171822399941, 47.977537266430915 ], [ 13.363205061418702, 47.977555970060664 ], [ 13.363212164898199, 47.977559926577612 ], [ 13.363242993842473, 47.977581419682025 ], [ 13.363261357163349, 47.977594189627496 ], [ 13.363291920167699, 47.977619101384981 ], [ 13.363382908508944, 47.977640848545029 ], [ 13.363448795144071, 47.9775828949751 ], [ 13.363471566425849, 47.977572453252698 ], [ 13.363479737275497, 47.977568672647486 ], [ 13.363496489988608, 47.977576584974962 ], [ 13.363621607238729, 47.97753507889108 ], [ 13.363692739124502, 47.977511489683195 ], [ 13.363763348244058, 47.977510301375851 ], [ 13.363843604187805, 47.977509020486302 ], [ 13.363887548366824, 47.977504420624882 ], [ 13.363995514120294, 47.977461209423261 ], [ 13.364016809858024, 47.977448159059954 ], [ 13.364051625494733, 47.977414143661818 ], [ 13.36407438589757, 47.977385799170953 ], [ 13.364167066947772, 47.977325678860495 ], [ 13.364207388901198, 47.977313612919261 ], [ 13.364295569321076, 47.977345166098061 ], [ 13.364317136096879, 47.977337423427173 ], [ 13.364353839807084, 47.977324278859065 ], [ 13.364432699834646, 47.977230605856882 ], [ 13.364443009248351, 47.977218458034578 ], [ 13.364451578010645, 47.977208199910066 ], [ 13.36455274806492, 47.977228593933681 ], [ 13.364585444134216, 47.977235242264406 ], [ 13.364610490630055, 47.9772212911342 ], [ 13.364624238935752, 47.977135642515726 ], [ 13.364650890878123, 47.977117912487188 ], [ 13.36469562327842, 47.977088212401497 ], [ 13.3647546884389, 47.977052930646956 ], [ 13.364798886769432, 47.977026469338682 ], [ 13.364848067688149, 47.977041299696495 ], [ 13.364915473725924, 47.977061612746716 ], [ 13.364966314481771, 47.97716109785798 ], [ 13.364996599631034, 47.977169006223086 ], [ 13.365028626852956, 47.977177363912567 ], [ 13.365088787984782, 47.977181395551973 ], [ 13.365167841594682, 47.977186681382889 ], [ 13.365199324742514, 47.977181814603462 ], [ 13.365276491775219, 47.977169648048012 ], [ 13.365283195639453, 47.977177203073346 ], [ 13.365297273794143, 47.977193122603062 ], [ 13.3653116396868, 47.97724088898142 ], [ 13.365353856702345, 47.977260399151582 ], [ 13.365433189969576, 47.977284217117365 ], [ 13.365461465783048, 47.977292575740158 ], [ 13.3654940299892, 47.977302372558881 ], [ 13.365518146533361, 47.977301466140688 ], [ 13.36556276210972, 47.977299744272237 ], [ 13.365586338211926, 47.977291640945822 ], [ 13.365612069430071, 47.977301709548186 ], [ 13.365637532633867, 47.977311688257494 ], [ 13.365656292022454, 47.977314291884312 ], [ 13.365672773459812, 47.977316536300151 ], [ 13.365701180601318, 47.977320576599368 ], [ 13.365772064405425, 47.977330542410293 ], [ 13.365843215013069, 47.977338618877219 ], [ 13.365873361870769, 47.977339330005528 ], [ 13.366180055870316, 47.977346439355678 ], [ 13.366294495376811, 47.97737321542192 ], [ 13.366353313245776, 47.977371399190936 ], [ 13.366435704282095, 47.977357071240739 ], [ 13.366451922595028, 47.977366782557262 ], [ 13.366461185879709, 47.977395388132869 ], [ 13.366467893702726, 47.977408790687932 ], [ 13.366482248290126, 47.977437214859989 ], [ 13.366513486483313, 47.977468063135539 ], [ 13.36648832380758, 47.977509093595728 ], [ 13.366474270128894, 47.977531948290164 ], [ 13.36653928546982, 47.977582938492326 ], [ 13.366563180542883, 47.977654002377569 ], [ 13.366530097413127, 47.977671284895351 ], [ 13.366504247015731, 47.977684786856926 ], [ 13.366478262851356, 47.977698648703722 ], [ 13.366471439623242, 47.977714214292014 ], [ 13.366465017710148, 47.977728790169792 ], [ 13.366472795664759, 47.977739403558047 ], [ 13.366486608157357, 47.977758111872468 ], [ 13.366646196956836, 47.977777497518161 ], [ 13.366753509258672, 47.977762352414089 ], [ 13.366942602346223, 47.977823831740473 ], [ 13.366972882780258, 47.977823462986279 ], [ 13.367035185396594, 47.97782263497789 ], [ 13.367050189451266, 47.977819121996369 ], [ 13.367071489809533, 47.97781407778379 ], [ 13.36725744089822, 47.977782985527362 ], [ 13.367278474258104, 47.977779470727931 ], [ 13.367329942464464, 47.977806624289116 ], [ 13.367365460835572, 47.977825236082275 ], [ 13.367517783296673, 47.977796852299392 ], [ 13.367567503805102, 47.977814920007432 ], [ 13.367584393592228, 47.977826430224319 ], [ 13.367835255953922, 47.977889059101017 ], [ 13.367935206306345, 47.977884890615421 ], [ 13.367997899812812, 47.977867508766685 ], [ 13.368033662347838, 47.977850314980742 ], [ 13.368050008921058, 47.977850849800419 ], [ 13.368116199311281, 47.977853258700712 ], [ 13.368175550621897, 47.97784703319158 ], [ 13.368184393045151, 47.977846130868016 ], [ 13.368373369334282, 47.97773271969038 ], [ 13.36843321975352, 47.977672606017258 ], [ 13.368517586292949, 47.977608166549317 ], [ 13.368486198931366, 47.977556897243872 ], [ 13.368495967358079, 47.977538631738646 ], [ 13.368518339706288, 47.977534126708264 ], [ 13.368526913487862, 47.977532324810269 ], [ 13.368533613634089, 47.977533672195591 ], [ 13.368583596742047, 47.977543732674249 ], [ 13.368597801070974, 47.977546607116331 ], [ 13.368730316478564, 47.977553403398652 ], [ 13.368743716169863, 47.977555198514807 ], [ 13.368761921083216, 47.977530453035016 ], [ 13.368617304717574, 47.977265736374363 ], [ 13.368619444951653, 47.977260607818778 ], [ 13.368715492635786, 47.977037919526218 ], [ 13.368829768755502, 47.976826290946185 ], [ 13.368828633148459, 47.97673362930928 ], [ 13.36877656347523, 47.976610665890568 ], [ 13.368785075191475, 47.976323770911776 ], [ 13.368785205155014, 47.976317923269399 ], [ 13.368796266375076, 47.976231735182274 ], [ 13.368807460178811, 47.976143567862117 ], [ 13.368820559559882, 47.976098852132679 ], [ 13.368831519869037, 47.976060884298406 ], [ 13.36887175277125, 47.975922508535042 ], [ 13.368992225508645, 47.975569995534272 ], [ 13.368992057460497, 47.975520695790507 ], [ 13.368991810955917, 47.975357862593583 ], [ 13.369052302238178, 47.975260773503898 ], [ 13.369104763445206, 47.975176461655828 ], [ 13.369120367613389, 47.975073628904411 ], [ 13.369123836009111, 47.975051946701797 ], [ 13.369135307635034, 47.974979162928044 ], [ 13.369141445650495, 47.974943175748457 ], [ 13.369151317176323, 47.974881457938764 ], [ 13.36909582010019, 47.974644422382703 ], [ 13.369083054569675, 47.974589998660242 ], [ 13.369079560512343, 47.974574616051399 ], [ 13.369064107818435, 47.974509127696116 ], [ 13.369122323002175, 47.974415817706792 ], [ 13.369258692752553, 47.974196984559953 ], [ 13.369271406120664, 47.974176379002614 ], [ 13.369296297863993, 47.974136517499041 ], [ 13.369318914429108, 47.974100165268695 ], [ 13.369321858632153, 47.974095486257958 ], [ 13.369350229519668, 47.974049686078182 ], [ 13.369415669918482, 47.973944318587712 ], [ 13.369526761279303, 47.973790086623048 ], [ 13.369658544078359, 47.973530770975799 ], [ 13.369530186060503, 47.973324526038638 ], [ 13.36941055875849, 47.973148955645662 ], [ 13.369271524811516, 47.973000110286797 ], [ 13.369142833258943, 47.972888326360206 ], [ 13.369007858371546, 47.972795076666927 ], [ 13.3689520992983, 47.972756589781063 ], [ 13.368852912648121, 47.972688068642505 ], [ 13.368770507900235, 47.972670731290663 ], [ 13.368551298102171, 47.972624557875591 ], [ 13.368521149759976, 47.972617729946514 ], [ 13.368515388232561, 47.972616652159608 ], [ 13.368498103713046, 47.972613508760332 ], [ 13.368323647310085, 47.972576677325279 ], [ 13.367907973793708, 47.972437990453933 ], [ 13.367658987826266, 47.972337306628575 ], [ 13.367546143701874, 47.972276435333093 ], [ 13.367503659513561, 47.97225323752042 ], [ 13.367368970200568, 47.972179777722751 ], [ 13.367013593181323, 47.972047367090845 ], [ 13.367084695916775, 47.971993008337677 ], [ 13.367367632481834, 47.971776742839133 ], [ 13.367526981935722, 47.971462183816463 ], [ 13.367655190439285, 47.971261167517881 ], [ 13.367700225351355, 47.971092382929093 ], [ 13.367734792565031, 47.970896702446574 ], [ 13.368068101940867, 47.97009817766164 ], [ 13.368080540669427, 47.970068396036353 ], [ 13.368008923538929, 47.969949936115114 ], [ 13.367998458730167, 47.969926818720914 ], [ 13.36793889017177, 47.969795490348361 ], [ 13.367955695696535, 47.969685190261806 ], [ 13.367956496041224, 47.969680062111586 ], [ 13.367957295963112, 47.969674304218401 ], [ 13.367960897239788, 47.969650822707386 ], [ 13.367984736112826, 47.969640739599392 ], [ 13.36813205509835, 47.969578890094482 ], [ 13.368149207237012, 47.96958590201335 ], [ 13.368231484078455, 47.969619703145952 ], [ 13.368321871047735, 47.969562368916435 ], [ 13.368451584852277, 47.969419287521468 ], [ 13.368516766029659, 47.969332542868173 ], [ 13.368574697369422, 47.969222949727872 ], [ 13.368620557532553, 47.969092488789087 ], [ 13.368623900143234, 47.969083041610048 ], [ 13.368637807963472, 47.969047501809733 ], [ 13.368679129792909, 47.968941422300347 ], [ 13.36878671835556, 47.968770728593022 ], [ 13.368861379599805, 47.968640618465763 ], [ 13.36887876146649, 47.968592482686631 ], [ 13.368901312799016, 47.968464547821796 ], [ 13.368930296564217, 47.968340119516697 ], [ 13.36901845382093, 47.968162234536699 ], [ 13.369040136554293, 47.968134968880207 ], [ 13.369207441769417, 47.967925931701757 ], [ 13.369333283705112, 47.967810739095384 ], [ 13.369549678005304, 47.967690479780629 ], [ 13.369666444870075, 47.967625669154863 ], [ 13.369772365028178, 47.967566889408708 ], [ 13.369884673118738, 47.967449001596016 ], [ 13.370026567649822, 47.967306004409863 ], [ 13.370333691919667, 47.966873451614063 ], [ 13.37042386296249, 47.966711848200241 ], [ 13.370627871230166, 47.966515481810902 ], [ 13.370542355100651, 47.966443269035345 ], [ 13.370468768525509, 47.966381128225791 ], [ 13.370129789824075, 47.966094614309377 ], [ 13.369938923324524, 47.965933371127228 ], [ 13.369928602624475, 47.965924647977189 ], [ 13.369691361936701, 47.965724734929722 ], [ 13.369090758361121, 47.965212762430795 ], [ 13.369090067904503, 47.965182894789173 ], [ 13.369089793766349, 47.965173898532186 ], [ 13.369089519067368, 47.965164092604503 ], [ 13.369083343718431, 47.965144572470351 ], [ 13.369074617915945, 47.965117316277592 ], [ 13.369036533297733, 47.96505651288917 ], [ 13.368979561987825, 47.964996435079911 ], [ 13.368877563486516, 47.964908212683291 ], [ 13.368716999988113, 47.964778625140319 ], [ 13.368586736983653, 47.964688072169871 ], [ 13.368341363694105, 47.964528912226193 ], [ 13.368287759537557, 47.964493932837627 ], [ 13.368145709164617, 47.9644016736586 ], [ 13.368133648253218, 47.964393760545022 ], [ 13.367997762628432, 47.964305187807447 ], [ 13.367706434609962, 47.964125888602716 ], [ 13.367617723777624, 47.964071937155595 ], [ 13.367497009489705, 47.964033648845962 ], [ 13.367453330769534, 47.964016928682376 ], [ 13.367383525280943, 47.963990230340329 ], [ 13.367244850213554, 47.963933864457502 ], [ 13.367100824770567, 47.963888655456934 ], [ 13.366999139086099, 47.963861066657209 ], [ 13.366981186695687, 47.963856213914404 ], [ 13.366959081994921, 47.963851542316938 ], [ 13.366907504453261, 47.963840761857576 ], [ 13.366809172309551, 47.963820279019416 ], [ 13.366736158866336, 47.963803207315138 ], [ 13.366683374828213, 47.963790807765854 ], [ 13.366627775849185, 47.963775260290952 ], [ 13.366574052539342, 47.963760252024734 ], [ 13.366474640991218, 47.963727174330408 ], [ 13.366354187769018, 47.963675660119357 ], [ 13.366245924183245, 47.963624232236661 ], [ 13.365841005706637, 47.963425798727798 ], [ 13.36555118198708, 47.963276181570208 ], [ 13.36536721464751, 47.96318474042743 ], [ 13.365274497323078, 47.963143563106335 ], [ 13.3651241668653, 47.963076672197666 ], [ 13.365342396272133, 47.962907749812288 ], [ 13.365420048162736, 47.962847722387828 ], [ 13.365505866634583, 47.96278130520335 ], [ 13.365479731163298, 47.96275585288965 ], [ 13.365464318111053, 47.96274110321135 ], [ 13.365395177748958, 47.962702618254937 ], [ 13.365328047354007, 47.96266521225597 ], [ 13.365166720451644, 47.962575383779331 ], [ 13.364947149586303, 47.962739718084208 ], [ 13.36482937182193, 47.962676326349083 ], [ 13.364724674857245, 47.962756962454371 ], [ 13.364780548860756, 47.962786904931356 ], [ 13.364840576652055, 47.962819095322963 ], [ 13.364778990354358, 47.962866972867054 ], [ 13.364588704619376, 47.962733159409225 ], [ 13.364542339400831, 47.962700605300455 ], [ 13.364445727628611, 47.962640356112153 ], [ 13.364336794984505, 47.962583348872798 ], [ 13.364236713427204, 47.96254370209077 ], [ 13.364388403907201, 47.96242688832799 ], [ 13.364278268314058, 47.962373299969961 ], [ 13.364171699149066, 47.96245942386318 ], [ 13.364120690359664, 47.962500550943382 ], [ 13.36392146635743, 47.962422426190564 ], [ 13.363799273171272, 47.962363802649172 ], [ 13.36379203808921, 47.962360385965937 ], [ 13.363689534533124, 47.962300677492422 ], [ 13.363668630519964, 47.962286198922989 ], [ 13.363545618699806, 47.962201036094122 ], [ 13.363537042728462, 47.962195100771339 ], [ 13.363524312403856, 47.962185657969542 ], [ 13.363331750278945, 47.962043206521997 ], [ 13.363233792901172, 47.961967842793108 ], [ 13.362977845285316, 47.961770709510205 ], [ 13.362958413927464, 47.961754251230282 ], [ 13.36283365165497, 47.961648846292462 ], [ 13.362754176913093, 47.961568169522636 ], [ 13.362709547850805, 47.961522839399791 ], [ 13.362626178392038, 47.961423271200125 ], [ 13.36254240716749, 47.961323253222524 ], [ 13.362537849945177, 47.961317676649685 ], [ 13.362523642461698, 47.961300857103595 ], [ 13.362486247193967, 47.961256334712438 ], [ 13.362479277486841, 47.961248059847371 ], [ 13.362474452239702, 47.961242213449751 ], [ 13.362442418268619, 47.961203897158612 ], [ 13.362389195334062, 47.961119344996511 ], [ 13.362299503759543, 47.960969848393184 ], [ 13.362257933977135, 47.960884843388563 ], [ 13.362234992307613, 47.960817826359822 ], [ 13.362220100458821, 47.960774467700837 ], [ 13.362322946300838, 47.960736746895158 ], [ 13.36238988983645, 47.960688599372034 ], [ 13.362449179322049, 47.960606357576211 ], [ 13.362502174929753, 47.960526816263119 ], [ 13.362547421775618, 47.960482452657885 ], [ 13.362575129679058, 47.960451048281314 ], [ 13.362631750236156, 47.960387159635388 ], [ 13.362678854277149, 47.960311668108183 ], [ 13.362695982990212, 47.960284224817066 ], [ 13.362700664228587, 47.960272528349719 ], [ 13.362704409371718, 47.96026344106636 ], [ 13.362722466034963, 47.960219174345823 ], [ 13.362726077333123, 47.960210267023164 ], [ 13.362728351232642, 47.960204868623798 ], [ 13.362734905202494, 47.960188943384971 ], [ 13.362776107540261, 47.960099419017077 ], [ 13.362902017064403, 47.959876816599774 ], [ 13.362939085017453, 47.959819050377796 ], [ 13.362968798984323, 47.959783417091941 ], [ 13.362985797576467, 47.959763170873138 ], [ 13.363028896127057, 47.95971152057696 ], [ 13.363037463901433, 47.959704051370984 ], [ 13.363041346153118, 47.959700631744774 ], [ 13.363057277957372, 47.959688662441785 ], [ 13.363111633509606, 47.959647894775102 ], [ 13.363232391555719, 47.959553851271259 ], [ 13.363256087983775, 47.959535492492236 ], [ 13.363489436184343, 47.959353884582995 ], [ 13.363688373523058, 47.959193786643574 ], [ 13.363971509221027, 47.958954947647264 ], [ 13.364295610375303, 47.958688747905271 ], [ 13.364353575967822, 47.958640961501615 ], [ 13.364252569264256, 47.95860941166255 ], [ 13.364204209336815, 47.95859431085762 ], [ 13.364097567196708, 47.958545489392627 ], [ 13.364019059403452, 47.958509525069132 ], [ 13.363952609182482, 47.958479045240146 ], [ 13.363751346549767, 47.958324361609698 ], [ 13.363468918669184, 47.958166370419093 ], [ 13.363461549834884, 47.958162234037189 ], [ 13.363231620878217, 47.958226168651635 ], [ 13.362980800742559, 47.95829577594327 ], [ 13.36256789354238, 47.95832197189484 ], [ 13.361752170880699, 47.95846099182198 ], [ 13.361688557438535, 47.95847180328385 ], [ 13.36157149122247, 47.958459957124248 ], [ 13.36153934313969, 47.958453487697454 ], [ 13.36153559255027, 47.958452768915869 ], [ 13.361449730582866, 47.958435786988424 ], [ 13.361003503746218, 47.958272792081011 ], [ 13.360968938736553, 47.958254627811506 ], [ 13.360702869300047, 47.958114708589321 ], [ 13.360655550084113, 47.958038880603731 ], [ 13.360437538246845, 47.957848299714158 ], [ 13.360328622768, 47.957796596468938 ], [ 13.360220790590997, 47.95776711388185 ], [ 13.36020779713435, 47.957763518400562 ], [ 13.360011698357265, 47.957725509848387 ], [ 13.359893289144125, 47.957702596775782 ], [ 13.359889940153408, 47.957701338065299 ], [ 13.359714856155447, 47.957637504547932 ], [ 13.359641438625042, 47.95759451890239 ], [ 13.359282306195649, 47.957216034251594 ], [ 13.358904602392464, 47.956917710229995 ], [ 13.358486031279073, 47.956572972731742 ], [ 13.358409266500193, 47.956526928265149 ], [ 13.35840216659845, 47.956523691136447 ], [ 13.358124869804207, 47.956398432461995 ], [ 13.358053046643175, 47.956322518741963 ], [ 13.358020083113656, 47.956287709953855 ], [ 13.358007219353448, 47.956274218191787 ], [ 13.358002255866186, 47.956257396060693 ], [ 13.35798280477441, 47.956192266574341 ], [ 13.3579594639079, 47.956114902864897 ], [ 13.357995814778773, 47.955952510555385 ], [ 13.358122278561344, 47.955746826107884 ], [ 13.358193605820979, 47.955629677833208 ], [ 13.358218764338277, 47.955588379003053 ], [ 13.358224116496945, 47.955578121972295 ], [ 13.358237898319816, 47.95555175959683 ], [ 13.358265194373477, 47.955499664644769 ], [ 13.358235579942169, 47.955465934740161 ], [ 13.3580976925698, 47.955309158091588 ], [ 13.358041966798778, 47.955284340218569 ], [ 13.357989456071081, 47.955261051005117 ], [ 13.357871755771583, 47.955026451097915 ], [ 13.358006270847314, 47.954578312766323 ], [ 13.35798513858242, 47.954078478879318 ], [ 13.357985002715328, 47.954074430540743 ], [ 13.358091750395213, 47.95381729101377 ], [ 13.358169001505166, 47.953770043223429 ], [ 13.358276924777471, 47.95373070547474 ], [ 13.358482999590692, 47.953662557590519 ], [ 13.358575800092234, 47.953645623873363 ], [ 13.358582361710326, 47.953644362926283 ], [ 13.358901881295155, 47.953601738789871 ], [ 13.358910131925544, 47.953496029532616 ], [ 13.35890717385119, 47.953472369730399 ], [ 13.358847538834766, 47.953393035075358 ], [ 13.358785357692895, 47.953310102406462 ], [ 13.358769937433307, 47.953271331472635 ], [ 13.358747262624135, 47.953186500711112 ], [ 13.358750797365397, 47.953022406021944 ], [ 13.358756684412763, 47.952740548224682 ], [ 13.358757991089126, 47.952674784415464 ], [ 13.358734631704998, 47.952559096213484 ], [ 13.358619610818673, 47.952320987685532 ], [ 13.358592933715549, 47.95226593577032 ], [ 13.358485297018586, 47.952063271182766 ], [ 13.358463823973311, 47.951695413964949 ], [ 13.358456531913115, 47.951571715346148 ], [ 13.358427513214618, 47.95138243789625 ], [ 13.358362719761431, 47.95115385411075 ], [ 13.358394669848611, 47.951038963288326 ], [ 13.358397477268484, 47.951029066650293 ], [ 13.358439620349289, 47.950945930795811 ], [ 13.358502366453562, 47.95082212672304 ], [ 13.358511196355876, 47.95080467178893 ], [ 13.358712853262299, 47.950492002715563 ], [ 13.359151503776571, 47.950114955638874 ], [ 13.359342881175039, 47.949878037292002 ], [ 13.35940250694907, 47.949681452642039 ], [ 13.35941008405527, 47.94957115521742 ], [ 13.359484384348624, 47.949265980759094 ], [ 13.35958102701184, 47.948921756756164 ], [ 13.359717881168715, 47.948393907030955 ], [ 13.359694292720173, 47.948354238413621 ], [ 13.359701477759826, 47.948264362819693 ], [ 13.359829486085433, 47.947726888762624 ], [ 13.359830393037296, 47.947667872225217 ], [ 13.359905677894156, 47.947464086424546 ], [ 13.360067701567845, 47.947198295101877 ], [ 13.360100882097694, 47.947143859137462 ], [ 13.360121737408674, 47.947078360497002 ], [ 13.360165814963741, 47.946864505859907 ], [ 13.360148748337023, 47.946748276469819 ], [ 13.36012798042492, 47.946724171018758 ], [ 13.36008203705677, 47.946697642449173 ], [ 13.360052961084524, 47.946662023549536 ], [ 13.360023885198633, 47.946626494606122 ], [ 13.359962797974974, 47.946575409377793 ], [ 13.359916714686261, 47.94653682560552 ], [ 13.35976710265944, 47.9464586817423 ], [ 13.35970092381744, 47.946400400438343 ], [ 13.359628990221161, 47.946347968080602 ], [ 13.359340177358561, 47.946121055324696 ], [ 13.359318878182112, 47.946104326889547 ], [ 13.359227759131878, 47.945976418891071 ], [ 13.358961570696852, 47.94573150722583 ], [ 13.358879451737767, 47.945658115078402 ], [ 13.358784217243752, 47.945598220398644 ], [ 13.35890391718088, 47.945580200789898 ], [ 13.358994414846951, 47.945539246827792 ], [ 13.359234511877817, 47.945559074518691 ], [ 13.359491481447778, 47.945580157333751 ], [ 13.359599478055289, 47.945457331662958 ], [ 13.359710035453887, 47.945367971893397 ], [ 13.360079556688474, 47.945017655975271 ], [ 13.360317514495037, 47.944792060158314 ], [ 13.360320994161711, 47.94478873066668 ], [ 13.360272910463191, 47.944763102304179 ], [ 13.360199646592836, 47.944724165189001 ], [ 13.359941956115717, 47.94459611691866 ], [ 13.359333932353071, 47.944363250537926 ], [ 13.359119384289846, 47.944281072209655 ], [ 13.359105590058759, 47.94427585741947 ], [ 13.359057511030306, 47.944257425667431 ], [ 13.358435598975827, 47.944084473710028 ], [ 13.358344267687947, 47.944059033996105 ], [ 13.358100666740118, 47.943977399934298 ], [ 13.358090889339238, 47.943971554400413 ], [ 13.358075352577757, 47.943962111557163 ], [ 13.358071468399091, 47.943959773337028 ], [ 13.357987221899542, 47.943908871983567 ], [ 13.357978917792906, 47.943903835797116 ], [ 13.357936861605001, 47.943878475043526 ], [ 13.35785020451665, 47.943826134685793 ], [ 13.357783383284941, 47.943813284207025 ], [ 13.35747646149836, 47.94375460323738 ], [ 13.357312689791526, 47.943723240430074 ], [ 13.357048223037188, 47.943682812062612 ], [ 13.356881642687295, 47.943657386855406 ], [ 13.356871776296098, 47.94374906223635 ], [ 13.356867015316199, 47.943878521445008 ], [ 13.356547020221484, 47.943630016629456 ], [ 13.3565343026011, 47.943635866886758 ], [ 13.356489188429082, 47.943656477844996 ], [ 13.356295478321224, 47.943745221659746 ], [ 13.356133627276323, 47.943514586481058 ], [ 13.356063133536923, 47.943370568189323 ], [ 13.356054020185651, 47.943351677564863 ], [ 13.355997311104671, 47.943191552907116 ], [ 13.355972897263545, 47.943090258266864 ], [ 13.35596820375512, 47.943074065674693 ], [ 13.355964985169619, 47.943062550918647 ], [ 13.355963639661725, 47.943047707120009 ], [ 13.355958258113843, 47.942989411493066 ], [ 13.355954854669609, 47.942862292977395 ], [ 13.355956658676376, 47.942702336542304 ], [ 13.355957046993261, 47.94267201858019 ], [ 13.355975997123952, 47.942529331819394 ], [ 13.356091316829017, 47.942309436630772 ], [ 13.356165589601119, 47.942222966272297 ], [ 13.356131416279185, 47.942154600443196 ], [ 13.356102211079788, 47.942117721030606 ], [ 13.356070472109781, 47.942103782954021 ], [ 13.356105400252961, 47.942063022239296 ], [ 13.356234406093503, 47.941911766720494 ], [ 13.356290722613029, 47.941794442209648 ], [ 13.356350662812956, 47.941696819066436 ], [ 13.356378893540137, 47.941650931667262 ], [ 13.356377818765241, 47.941642835118039 ], [ 13.356368412096659, 47.941566637448709 ], [ 13.356311224732385, 47.941532282743097 ], [ 13.356096327661366, 47.941531876160511 ], [ 13.356049195440857, 47.941526937565705 ], [ 13.356032725954153, 47.941525231538684 ], [ 13.355964571733434, 47.941518137968103 ], [ 13.355954797174153, 47.94151715030921 ], [ 13.355948503928552, 47.941516431849081 ], [ 13.35591127670139, 47.941504563992225 ], [ 13.355836688405843, 47.941480828268986 ], [ 13.355763020036092, 47.941417328190603 ], [ 13.355736633482778, 47.94139475241068 ], [ 13.355746708713813, 47.941164622284795 ], [ 13.355736761555931, 47.941074840081512 ], [ 13.35568820023123, 47.940861904627596 ], [ 13.355740647248055, 47.940468301334448 ], [ 13.355704094930907, 47.940467139003388 ], [ 13.35568026226491, 47.940466334016264 ], [ 13.355621348584261, 47.940460947741705 ], [ 13.355557335737867, 47.940429292914082 ], [ 13.355472967419132, 47.940387476074754 ], [ 13.355422078675751, 47.940362296029321 ], [ 13.354984003579602, 47.940386400800463 ], [ 13.35490169510825, 47.940465764810831 ], [ 13.354855789590015, 47.940509945899514 ], [ 13.354707901067204, 47.940652387019668 ], [ 13.354563357651889, 47.940791588611077 ], [ 13.354525611059728, 47.940816875576786 ], [ 13.3542759738644, 47.940983805316137 ], [ 13.354196865949971, 47.941036628811354 ], [ 13.354176787810786, 47.941050127115204 ], [ 13.354132516163638, 47.941164029780076 ], [ 13.35411379095693, 47.941212253963378 ], [ 13.354111918412464, 47.941217022403052 ], [ 13.35410576553987, 47.941232137496655 ], [ 13.354060554776636, 47.941342171843715 ], [ 13.354057879600616, 47.941348739710683 ], [ 13.35394470401887, 47.94158923432007 ], [ 13.35389998569555, 47.941593470747009 ], [ 13.353687238713611, 47.941613301215682 ], [ 13.353680142705516, 47.941614022201421 ], [ 13.353424149901912, 47.941637908318782 ], [ 13.353043771214235, 47.94166298509694 ], [ 13.352959463847775, 47.941780042987673 ], [ 13.352759732694551, 47.941877148632415 ], [ 13.352734564355258, 47.941886509207428 ], [ 13.352701631299018, 47.941898749954582 ], [ 13.352682219559489, 47.941906040360458 ], [ 13.352466146161476, 47.941986414966841 ], [ 13.352403225033049, 47.942009816233522 ], [ 13.352167454404421, 47.942052138793422 ], [ 13.351997822451205, 47.942082484768569 ], [ 13.351875045986914, 47.942093300628557 ], [ 13.35154099191057, 47.942122503210726 ], [ 13.35113972707788, 47.942163950539388 ], [ 13.351002356973906, 47.942178096439129 ], [ 13.350396458056641, 47.942089934760716 ], [ 13.350244207294899, 47.942048394249731 ], [ 13.350108694923913, 47.942011349256774 ], [ 13.349841292195823, 47.941956780466775 ], [ 13.349762959528125, 47.941940868251059 ], [ 13.349537072689911, 47.941912472252582 ], [ 13.349516854573224, 47.941911665476546 ], [ 13.349471999812323, 47.941909872617636 ], [ 13.349378942774097, 47.941905657575184 ], [ 13.349370373502923, 47.941905298936994 ], [ 13.349329535545124, 47.941903505451954 ], [ 13.349288965348119, 47.941901621950528 ], [ 13.349168595971003, 47.941903258262272 ], [ 13.348931873986972, 47.941906529954345 ], [ 13.348894785984768, 47.941907794575364 ], [ 13.348814584840014, 47.941910504537297 ], [ 13.348610419057451, 47.941981154183672 ], [ 13.348603055682625, 47.941983674175368 ], [ 13.348476010843884, 47.942050534618303 ], [ 13.348208840494555, 47.942327479592244 ], [ 13.348040540280401, 47.942343965119065 ], [ 13.347999034267206, 47.942348108879379 ], [ 13.347681593744293, 47.942428487692759 ], [ 13.347492215645735, 47.942244265295699 ], [ 13.346818631750693, 47.942382083090131 ], [ 13.346662303836343, 47.942612769581459 ], [ 13.346634601352426, 47.942665221906545 ], [ 13.346614125522576, 47.942703818906459 ], [ 13.346610512121064, 47.942710566637274 ], [ 13.346568088215703, 47.942790459718289 ], [ 13.346496245523886, 47.94301807718886 ], [ 13.346491027833109, 47.943034451255414 ], [ 13.346484873684, 47.943053974172692 ], [ 13.346344459600264, 47.943220873822391 ], [ 13.345725028173661, 47.943659878465915 ], [ 13.345648046849856, 47.943700100870068 ], [ 13.345607748753171, 47.943721156872968 ], [ 13.345597038285909, 47.943726735815176 ], [ 13.345472796737257, 47.943791613406738 ], [ 13.345312540770589, 47.943875387166322 ], [ 13.344798419603453, 47.944085417045798 ], [ 13.344764276988153, 47.944092257807455 ], [ 13.344740444097411, 47.944097028334959 ], [ 13.344175549789171, 47.944210259334469 ], [ 13.344137658494311, 47.944220159051262 ], [ 13.344127081068795, 47.944222948959414 ], [ 13.344102847305926, 47.944232127630329 ], [ 13.343963871179339, 47.944284679943905 ], [ 13.343883027549776, 47.944434837541223 ], [ 13.343797769117446, 47.944605957100293 ], [ 13.343577684999893, 47.944839074259789 ], [ 13.343497391530528, 47.945070918806451 ], [ 13.34347611367966, 47.945132546073744 ], [ 13.343315874450978, 47.945337318575852 ], [ 13.34328855759022, 47.945332912789624 ], [ 13.343044714699504, 47.945293889995455 ], [ 13.342788680651246, 47.94522059145114 ], [ 13.34277515628488, 47.945218973250959 ], [ 13.342742349634468, 47.945214927658405 ], [ 13.342645670534312, 47.945203330462647 ], [ 13.342393919253716, 47.945113027490748 ], [ 13.342300054073384, 47.945111055921373 ], [ 13.342290279245148, 47.945110876784433 ], [ 13.342210875461967, 47.945109173864005 ], [ 13.341850113549842, 47.94492306675474 ], [ 13.341737769537639, 47.944915878240678 ], [ 13.341557938841984, 47.944904376397027 ], [ 13.341530753561328, 47.944883596739956 ], [ 13.341509728501794, 47.944867494747093 ], [ 13.341230913430033, 47.944654570319216 ], [ 13.340949318498913, 47.944635517807214 ], [ 13.340888379607552, 47.944541329712273 ], [ 13.340823556909465, 47.94444093433161 ], [ 13.340556934656474, 47.944248069391783 ], [ 13.339989313063272, 47.944075644405125 ], [ 13.33997659218103, 47.944071866691928 ], [ 13.339968691954656, 47.94407033778451 ], [ 13.339722580079913, 47.944022941456403 ], [ 13.339580378312533, 47.944010894536511 ], [ 13.339529764147873, 47.944006669124953 ], [ 13.339061516498038, 47.943967020745959 ], [ 13.339059911595857, 47.943983034424797 ], [ 13.338780202162313, 47.944022093278122 ], [ 13.338765473555883, 47.944024163193689 ], [ 13.338700936352966, 47.944041259590456 ], [ 13.338457381663432, 47.944105685704336 ], [ 13.33817364597064, 47.944063145927139 ], [ 13.338159318844463, 47.944063416467152 ], [ 13.338125174756771, 47.944064047752285 ], [ 13.338106830680076, 47.944064408429981 ], [ 13.338071213714988, 47.944065129729054 ], [ 13.338061840828344, 47.944065310072865 ], [ 13.338046576595492, 47.944067469884615 ], [ 13.337625069158289, 47.944128483339803 ], [ 13.337581151674124, 47.94414332917308 ], [ 13.337497333480252, 47.944171671171013 ], [ 13.337474571330972, 47.944179319006921 ], [ 13.337387941226876, 47.944208650639624 ], [ 13.337345496451686, 47.944222956542305 ], [ 13.337202501660606, 47.944337755972349 ], [ 13.337133681859687, 47.944393176314357 ], [ 13.337024962314239, 47.944480355322938 ], [ 13.336888256171063, 47.944552331271787 ], [ 13.336795868843824, 47.94460091494868 ], [ 13.33678730045788, 47.944617378644978 ], [ 13.336660782389178, 47.944862354731058 ], [ 13.336609511267536, 47.945044803328649 ], [ 13.336595724387601, 47.94511524556173 ], [ 13.33654499370861, 47.945374523331864 ], [ 13.336529484324242, 47.945712248545789 ], [ 13.336458528496497, 47.945900275403851 ], [ 13.336347006335572, 47.946195990259227 ], [ 13.336338037281918, 47.946234675021039 ], [ 13.336249416878951, 47.946615584925205 ], [ 13.336098114733796, 47.946792278328175 ], [ 13.336054196766881, 47.946843828853247 ], [ 13.336032639423021, 47.946868839405028 ], [ 13.335970646554022, 47.946963932920703 ], [ 13.335959403524264, 47.947051648043008 ], [ 13.335957797382992, 47.947064332998345 ], [ 13.335956592783043, 47.947073959169721 ], [ 13.33594695637732, 47.947158075688989 ], [ 13.335942004331256, 47.947201438427825 ], [ 13.335931698627972, 47.947290502975392 ], [ 13.335917779282726, 47.947412584369708 ], [ 13.335891400731976, 47.947433276747091 ], [ 13.335758972068421, 47.947537368302243 ], [ 13.335585973894258, 47.94774159046753 ], [ 13.335528129010461, 47.947810054309841 ], [ 13.335454884685252, 47.947882206978129 ], [ 13.335449662507976, 47.947887424998058 ], [ 13.335402662835731, 47.947933757418916 ], [ 13.33533357213175, 47.948066815477475 ], [ 13.335143030002074, 47.948308822142948 ], [ 13.335101118535515, 47.948362171521325 ], [ 13.335096699751489, 47.948367839328924 ], [ 13.335086925023951, 47.948384302902589 ], [ 13.335107146662565, 47.948414890246418 ], [ 13.335127100493807, 47.948445207699848 ], [ 13.335133528576478, 47.948454923677545 ], [ 13.335160178362344, 47.948495226988676 ], [ 13.335189774409635, 47.948540118393851 ], [ 13.335291680804167, 47.948557839248139 ], [ 13.335322748203243, 47.948563146480296 ], [ 13.335476076644152, 47.948589772523761 ], [ 13.335540090338215, 47.948681984077915 ], [ 13.335636513061417, 47.948820796129702 ], [ 13.33566946097663, 47.948932530487227 ], [ 13.335745804245114, 47.949191354708425 ], [ 13.335885342781983, 47.949234893744887 ], [ 13.335895922010318, 47.949238222137588 ], [ 13.335990197715875, 47.949267727833771 ], [ 13.335891784907419, 47.949488411739281 ], [ 13.335830198948278, 47.949737523207077 ], [ 13.335748390890734, 47.949976919021211 ], [ 13.335745846935351, 47.94998447604587 ], [ 13.335741160681758, 47.949998060699912 ], [ 13.335974311818232, 47.950120405634209 ], [ 13.336040874547937, 47.950244643926318 ], [ 13.336197572779128, 47.950537291958746 ], [ 13.336368052024689, 47.950615645518873 ], [ 13.336577234631006, 47.950711630523259 ], [ 13.336599465353965, 47.950721885697071 ], [ 13.33671276448694, 47.950810946236238 ], [ 13.336800618449887, 47.950879945583537 ], [ 13.337043294543939, 47.951135344490567 ], [ 13.337050393912492, 47.95115792515476 ], [ 13.33721863776857, 47.951698151684546 ], [ 13.337239668513051, 47.951765893641202 ], [ 13.33724542853364, 47.951784425968164 ], [ 13.337246500163412, 47.951787844552356 ], [ 13.337255341125541, 47.951816182817197 ], [ 13.337475923010423, 47.952024170650503 ], [ 13.337496682176544, 47.952043781939238 ], [ 13.337877970924302, 47.952266336675443 ], [ 13.338074710229671, 47.952381211846948 ], [ 13.338087567283244, 47.95238867826847 ], [ 13.338126138474964, 47.952411167488201 ], [ 13.338129888459923, 47.952413416414252 ], [ 13.338139933046476, 47.952419263608185 ], [ 13.338151986553306, 47.952426280239749 ], [ 13.338293950343601, 47.952509130386801 ], [ 13.338126155890933, 47.952586326953686 ], [ 13.338106202637698, 47.952595414188089 ], [ 13.338066162216348, 47.952613858543778 ], [ 13.337914303918001, 47.952693753005946 ], [ 13.337877477546636, 47.9527131867588 ], [ 13.337825920568855, 47.95274026804362 ], [ 13.337592251910388, 47.953001352525163 ], [ 13.337457535139686, 47.953097349199069 ], [ 13.337306214348844, 47.953226902821655 ], [ 13.337213546741177, 47.953306344278296 ], [ 13.336825588051342, 47.953498610503338 ], [ 13.336787287289592, 47.953514445403997 ], [ 13.336524404161363, 47.953623130059512 ], [ 13.336455166322628, 47.953629519612349 ], [ 13.336367045410302, 47.953637618996424 ], [ 13.33635030511174, 47.953639148875347 ], [ 13.336343876839603, 47.953639778811095 ], [ 13.336291781023554, 47.953644548412449 ], [ 13.336128261701649, 47.95365948702166 ], [ 13.335875419007523, 47.95373749228515 ], [ 13.335477007671802, 47.953961691351218 ], [ 13.335292068320859, 47.954177068433182 ], [ 13.335221495597331, 47.954303288954158 ], [ 13.335072440243367, 47.954377961691897 ], [ 13.334777810080213, 47.954520559251833 ], [ 13.334686610849561, 47.954639942517339 ], [ 13.334478364338187, 47.95491226562914 ], [ 13.33430024129151, 47.954879521077991 ], [ 13.334247206200587, 47.954869715647284 ], [ 13.334035868499958, 47.954778584613614 ], [ 13.333864978322506, 47.954753126382393 ], [ 13.333709489834758, 47.954730006853012 ], [ 13.33359364363552, 47.954712824500817 ], [ 13.333454226244562, 47.954664514696205 ], [ 13.333409360951729, 47.9546488612025 ], [ 13.333304764658793, 47.954612606206737 ], [ 13.332642770374024, 47.954540905341815 ], [ 13.332435855680407, 47.954518593630489 ], [ 13.331958678471084, 47.954563122622083 ], [ 13.331711986770978, 47.954597756304729 ], [ 13.331520606284412, 47.954624653271573 ], [ 13.330929050440947, 47.95477893228508 ], [ 13.330906952026575, 47.954794495621194 ], [ 13.330513196216771, 47.955072565855325 ], [ 13.330424666629275, 47.955154161042827 ], [ 13.330412746584219, 47.955165226318329 ], [ 13.330313100195262, 47.955257167000049 ], [ 13.330277874545565, 47.955311324340279 ], [ 13.330141391202373, 47.955521206415135 ], [ 13.329950664737584, 47.955747820172924 ], [ 13.329898696842944, 47.955809623868944 ], [ 13.329857713633753, 47.955826715884776 ], [ 13.329758469869455, 47.955868096493568 ], [ 13.329752576843701, 47.955870615314538 ], [ 13.329591188184894, 47.955937903591256 ], [ 13.329499040195557, 47.956010411612588 ], [ 13.329301349744672, 47.956166042723126 ], [ 13.32925915985596, 47.956195009691477 ], [ 13.329057183509521, 47.95633336721577 ], [ 13.329025173728962, 47.956339843521896 ], [ 13.328791194040681, 47.956387246226015 ], [ 13.328785970675339, 47.956388325602703 ], [ 13.328522257501055, 47.956441754256979 ], [ 13.32840841466942, 47.95646487051836 ], [ 13.328189163997131, 47.956536742694077 ], [ 13.328073176536799, 47.956574702540586 ], [ 13.327883794799879, 47.956612839015378 ], [ 13.327677671085823, 47.956654303075176 ], [ 13.327650616491585, 47.956659699661571 ], [ 13.32755029978334, 47.956683265512396 ] ] ] } },
{ "type": "Feature", "properties": { "name": "Straßwalchen", "feature_type": "circle", "metric_roundness": 37.62, "metric_rectangularity": 52.05, "metric_mobile_fit": 2.0, "metric_aspect_ratio": 1.542, "metric_area_km2": 99.34 }, "geometry": { "type": "Polygon", "coordinates": [ [ [ 13.37103542237695, 47.971995084026808 ], [ 13.370922523289272, 47.969108519698814 ], [ 13.370584135474783, 47.966229706560632 ], [ 13.370021186430964, 47.963366537218285 ], [ 13.369235219162015, 47.960526862695858 ], [ 13.368228387949587, 47.957718470880472 ], [ 13.367003452448051, 47.95494906512657 ], [ 13.36556377012047, 47.952226243078627 ], [ 13.363913287036032, 47.949557475770938 ], [ 13.362056527054156, 47.946950087062774 ], [ 13.359998579424881, 47.94441123346612 ], [ 13.357745084839614, 47.941947884422355 ], [ 13.355302219970378, 47.939566803083068 ], [ 13.352676680539979, 47.937274527649251 ], [ 13.349875662969492, 47.935077353320885 ], [ 13.346906844653384, 47.93298131490824 ], [ 13.3437783629163, 47.930992170153864 ], [ 13.340498792709221, 47.929115383812395 ], [ 13.337077123106127, 47.927356112533452 ], [ 13.333522732665562, 47.925719190590591 ], [ 13.329845363724662, 47.92420911649684 ], [ 13.326055095696081, 47.922830040544973 ], [ 13.322162317441029, 47.92158575330825 ], [ 13.318177698794116, 47.920479675134281 ], [ 13.314112161318089, 47.919514846662238 ], [ 13.309976848368578, 47.918693920390538 ], [ 13.305783094550934, 47.918019153319179 ], [ 13.301542394652868, 47.917492400687856 ], [ 13.297266372138031, 47.917115110827872 ], [ 13.292966747286915, 47.91688832114265 ], [ 13.288655305072375, 47.916812655228277 ], [ 13.284343862857833, 47.91688832114265 ], [ 13.280044238006719, 47.917115110827872 ], [ 13.27576821549188, 47.917492400687856 ], [ 13.271527515593814, 47.918019153319179 ], [ 13.26733376177617, 47.918693920390538 ], [ 13.263198448826659, 47.919514846662238 ], [ 13.259132911350632, 47.920479675134281 ], [ 13.255148292703721, 47.92158575330825 ], [ 13.251255514448667, 47.922830040544973 ], [ 13.247465246420086, 47.92420911649684 ], [ 13.243787877479186, 47.925719190590591 ], [ 13.240233487038621, 47.927356112533452 ], [ 13.236811817435528, 47.929115383812395 ], [ 13.23353224722845, 47.930992170153864 ], [ 13.230403765491365, 47.93298131490824 ], [ 13.227434947175256, 47.935077353320885 ], [ 13.224633929604771, 47.937274527649251 ], [ 13.222008390174372, 47.939566803083068 ], [ 13.219565525305136, 47.941947884422355 ], [ 13.217312030719869, 47.94441123346612 ], [ 13.215254083090592, 47.946950087062774 ], [ 13.213397323108715, 47.949557475770938 ], [ 13.211746840024279, 47.952226243078627 ], [ 13.210307157696697, 47.95494906512657 ], [ 13.209082222195162, 47.957718470880472 ], [ 13.208075390982733, 47.960526862695858 ], [ 13.207289423713785, 47.963366537218285 ], [ 13.206726474669967, 47.966229706560632 ], [ 13.206388086855478, 47.969108519698814 ], [ 13.206275187767798, 47.971995084026808 ], [ 13.206388086855478, 47.97488148701138 ], [ 13.206726474669967, 47.977759817887005 ], [ 13.207289423713785, 47.98062218933142 ], [ 13.208075390982733, 47.98346075906251 ], [ 13.20908222219516, 47.986267751297476 ], [ 13.210307157696697, 47.989035478015964 ], [ 13.211746840024279, 47.991756359969408 ], [ 13.213397323108715, 47.994422947379604 ], [ 13.215254083090592, 47.997027940270684 ], [ 13.217312030719869, 47.99956420837978 ], [ 13.219565525305136, 48.002024810592658 ], [ 13.222008390174372, 48.004403013852574 ], [ 13.224633929604771, 48.006692311491413 ], [ 13.227434947175256, 48.008886440934546 ], [ 13.230403765491365, 48.010979400732083 ], [ 13.23353224722845, 48.012965466871464 ], [ 13.236811817435528, 48.01483920832797 ], [ 13.240233487038621, 48.016595501812375 ], [ 13.243787877479186, 48.018229545676476 ], [ 13.247465246420086, 48.019736872940058 ], [ 13.251255514448667, 48.021113363405185 ], [ 13.255148292703721, 48.022355254825705 ], [ 13.259132911350632, 48.023459153103069 ], [ 13.263198448826659, 48.024422041481486 ], [ 13.26733376177617, 48.025241288718604 ], [ 13.271527515593814, 48.025914656210269 ], [ 13.27576821549188, 48.026440304050851 ], [ 13.280044238006719, 48.026816796013357 ], [ 13.284343862857833, 48.027043103436306 ], [ 13.288655305072375, 48.027118608007342 ], [ 13.292966747286915, 48.027043103436306 ], [ 13.297266372138031, 48.026816796013357 ], [ 13.301542394652868, 48.026440304050851 ], [ 13.305783094550934, 48.025914656210269 ], [ 13.309976848368578, 48.025241288718604 ], [ 13.314112161318089, 48.024422041481486 ], [ 13.318177698794116, 48.023459153103069 ], [ 13.322162317441029, 48.022355254825705 ], [ 13.326055095696081, 48.021113363405185 ], [ 13.329845363724662, 48.019736872940058 ], [ 13.333522732665562, 48.018229545676476 ], [ 13.337077123106127, 48.016595501812375 ], [ 13.340498792709221, 48.01483920832797 ], [ 13.3437783629163, 48.012965466871464 ], [ 13.346906844653384, 48.010979400732083 ], [ 13.349875662969492, 48.008886440934546 ], [ 13.352676680539979, 48.006692311491413 ], [ 13.355302219970378, 48.004403013852574 ], [ 13.357745084839614, 48.002024810592658 ], [ 13.359998579424881, 47.99956420837978 ], [ 13.362056527054156, 47.997027940270684 ], [ 13.363913287036032, 47.994422947379604 ], [ 13.36556377012047, 47.991756359969408 ], [ 13.367003452448051, 47.989035478015964 ], [ 13.368228387949587, 47.986267751297476 ], [ 13.369235219162015, 47.98346075906251 ], [ 13.370021186430964, 47.98062218933142 ], [ 13.370584135474783, 47.977759817887005 ], [ 13.370922523289272, 47.97488148701138 ], [ 13.37103542237695, 47.971995084026808 ] ] ] } },
{ "type": "Feature", "properties": { "name": "Straßwalchen", "feature_type": "mrr", "metric_roundness": 37.62, "metric_rectangularity": 52.05, "metric_mobile_fit": 2.0, "metric_aspect_ratio": 1.542, "metric_area_km2": 99.34 }, "geometry": { "type": "Polygon", "coordinates": [ [ [ 13.363247092528553, 47.939378080310298 ], [ 13.201485472096662, 47.959113840348621 ], [ 13.218269992370347, 48.020782393961412 ], [ 13.380031612802238, 48.001070199477553 ], [ 13.363247092528553, 47.939378080310298 ] ] ] } }
]
}
